/*--------------------------------*- C++ -*----------------------------------*\
| =========                 |                                                 |
| \\      /  F ield         | OpenFOAM: The Open Source CFD Toolbox           |
|  \\    /   O peration     | Version:  2406                                  |
|   \\  /    A nd           | Website:  www.openfoam.com                      |
|    \\/     M anipulation  |                                                 |
\*---------------------------------------------------------------------------*/
FoamFile
{
    version     2.0;
    format      ascii;
    arch        "LSB;label=32;scalar=64";
    class       volScalarField;
    location    "2";
    object      k;
}
// * * * * * * * * * * * * * * * * * * * * * * * * * * * * * * * * * * * * * //

dimensions      [0 2 -2 0 0 0 0];

internalField   nonuniform List<scalar> 
20000
(
0.0256309
0.0256309
0.0256308
0.0256308
0.0256308
0.0256308
0.0256308
0.0256308
0.0256309
0.0256309
0.0256309
0.0256308
0.0256308
0.0256308
0.0256308
0.0256308
0.0256308
0.0256308
0.0256308
0.0256309
0.0256308
0.0256308
0.0256308
0.0256308
0.0256308
0.0256308
0.0256308
0.0256308
0.0256308
0.0256308
0.0256308
0.0256308
0.0256308
0.0256309
0.0256309
0.0256309
0.0256309
0.0256308
0.0256308
0.0256308
0.0256308
0.0256308
0.0256308
0.0256309
0.0256309
0.0256309
0.0256309
0.0256308
0.0256308
0.0256308
0.0256308
0.0256308
0.0256308
0.0256309
0.0256309
0.0256309
0.0256309
0.0256308
0.0256308
0.0256308
0.0256308
0.0256308
0.0256308
0.0256309
0.0256309
0.0256309
0.0256309
0.0256308
0.0256308
0.0256308
0.0256308
0.0256308
0.0256308
0.0256308
0.0256308
0.0256308
0.0256308
0.0256308
0.0256308
0.0256308
0.0256309
0.0256308
0.0256308
0.0256308
0.0256308
0.0256308
0.0256308
0.0256308
0.0256308
0.0256308
0.0256309
0.0256309
0.0256308
0.0256308
0.0256308
0.0256308
0.0256308
0.0256308
0.0256309
0.0256309
0.024895
0.0248949
0.0248948
0.0248948
0.0248948
0.0248948
0.0248948
0.0248949
0.0248949
0.024895
0.0248949
0.0248948
0.0248948
0.0248948
0.0248949
0.0248949
0.0248948
0.0248948
0.0248948
0.0248949
0.0248948
0.0248948
0.0248949
0.024895
0.024895
0.024895
0.024895
0.0248949
0.0248948
0.0248948
0.0248948
0.0248948
0.024895
0.0248951
0.0248953
0.0248953
0.0248951
0.024895
0.0248948
0.0248948
0.0248948
0.0248949
0.024895
0.0248953
0.0248954
0.0248954
0.0248952
0.024895
0.0248949
0.0248948
0.0248948
0.0248949
0.024895
0.0248953
0.0248954
0.0248954
0.0248953
0.024895
0.0248949
0.0248948
0.0248948
0.0248948
0.024895
0.0248951
0.0248953
0.0248953
0.0248951
0.024895
0.0248948
0.0248948
0.0248948
0.0248948
0.0248949
0.024895
0.024895
0.024895
0.024895
0.0248949
0.0248948
0.0248948
0.0248949
0.0248948
0.0248948
0.0248948
0.0248949
0.0248949
0.0248948
0.0248948
0.0248948
0.0248949
0.024895
0.0248949
0.0248948
0.0248948
0.0248948
0.0248948
0.0248948
0.0248948
0.0248949
0.024895
0.0241972
0.024197
0.0241969
0.0241969
0.0241969
0.0241969
0.0241969
0.0241969
0.024197
0.0241972
0.024197
0.0241969
0.0241969
0.024197
0.024197
0.024197
0.024197
0.0241969
0.0241969
0.024197
0.0241969
0.0241969
0.024197
0.0241973
0.0241974
0.0241974
0.0241973
0.024197
0.0241969
0.0241969
0.0241969
0.0241969
0.0241972
0.0241976
0.0241979
0.0241979
0.0241976
0.0241972
0.0241969
0.0241969
0.0241969
0.024197
0.0241974
0.0241979
0.0241983
0.0241983
0.0241979
0.0241974
0.024197
0.0241969
0.0241969
0.024197
0.0241974
0.0241979
0.0241983
0.0241983
0.0241979
0.0241974
0.024197
0.0241968
0.0241969
0.024197
0.0241972
0.0241976
0.0241979
0.0241979
0.0241976
0.0241972
0.0241969
0.0241968
0.0241969
0.0241969
0.024197
0.0241972
0.0241974
0.0241974
0.0241972
0.024197
0.0241969
0.0241969
0.024197
0.0241969
0.0241969
0.0241969
0.024197
0.024197
0.024197
0.0241969
0.0241969
0.024197
0.0241972
0.024197
0.0241969
0.0241968
0.0241968
0.0241969
0.0241969
0.0241969
0.024197
0.0241972
0.0235363
0.023536
0.0235359
0.0235359
0.0235358
0.0235358
0.0235358
0.0235358
0.023536
0.0235363
0.023536
0.0235358
0.0235359
0.023536
0.0235361
0.0235361
0.023536
0.0235359
0.0235358
0.023536
0.0235359
0.0235359
0.0235362
0.0235365
0.0235368
0.0235368
0.0235365
0.0235362
0.0235359
0.0235359
0.0235359
0.023536
0.0235365
0.0235372
0.0235376
0.0235376
0.0235372
0.0235365
0.023536
0.0235358
0.0235359
0.0235361
0.0235368
0.0235376
0.0235382
0.0235382
0.0235376
0.0235368
0.0235361
0.0235358
0.0235359
0.0235361
0.0235368
0.0235376
0.0235382
0.0235382
0.0235376
0.0235368
0.0235361
0.0235358
0.0235359
0.023536
0.0235365
0.0235372
0.0235376
0.0235376
0.0235372
0.0235365
0.023536
0.0235358
0.0235359
0.0235359
0.0235361
0.0235365
0.0235368
0.0235368
0.0235365
0.0235362
0.0235359
0.0235359
0.023536
0.0235358
0.0235359
0.023536
0.0235361
0.0235362
0.023536
0.0235359
0.0235359
0.023536
0.0235363
0.023536
0.0235358
0.0235358
0.0235358
0.0235358
0.0235358
0.0235359
0.023536
0.0235363
0.0229104
0.0229098
0.0229096
0.0229095
0.0229096
0.0229096
0.0229095
0.0229095
0.0229097
0.0229104
0.0229097
0.0229095
0.0229096
0.0229098
0.02291
0.02291
0.0229098
0.0229096
0.0229095
0.0229098
0.0229096
0.0229096
0.02291
0.0229105
0.0229109
0.0229109
0.0229105
0.02291
0.0229096
0.0229096
0.0229095
0.0229099
0.0229106
0.0229115
0.0229121
0.0229121
0.0229115
0.0229106
0.0229098
0.0229095
0.0229096
0.02291
0.0229109
0.0229121
0.0229129
0.0229129
0.0229121
0.022911
0.02291
0.0229095
0.0229096
0.02291
0.0229109
0.0229121
0.0229129
0.0229129
0.0229121
0.0229109
0.02291
0.0229096
0.0229096
0.0229098
0.0229105
0.0229114
0.022912
0.0229121
0.0229115
0.0229105
0.0229098
0.0229096
0.0229096
0.0229096
0.02291
0.0229105
0.0229109
0.022911
0.0229106
0.02291
0.0229097
0.0229096
0.0229097
0.0229095
0.0229096
0.0229098
0.02291
0.02291
0.0229099
0.0229096
0.0229096
0.0229098
0.0229104
0.0229097
0.0229096
0.0229096
0.0229096
0.0229096
0.0229095
0.0229096
0.0229098
0.0229104
0.0223169
0.0223159
0.0223156
0.0223155
0.0223155
0.0223156
0.0223155
0.0223155
0.0223159
0.022317
0.0223159
0.0223155
0.0223156
0.0223159
0.0223161
0.0223161
0.0223159
0.0223156
0.0223155
0.0223159
0.0223156
0.0223156
0.0223161
0.0223168
0.0223173
0.0223173
0.0223168
0.0223161
0.0223156
0.0223156
0.0223155
0.0223159
0.0223168
0.022318
0.0223187
0.0223187
0.022318
0.0223169
0.0223159
0.0223155
0.0223155
0.0223161
0.0223173
0.0223188
0.0223197
0.0223197
0.0223188
0.0223173
0.0223161
0.0223155
0.0223156
0.0223161
0.0223173
0.0223187
0.0223197
0.0223197
0.0223187
0.0223173
0.0223161
0.0223156
0.0223155
0.0223159
0.0223168
0.0223179
0.0223187
0.0223187
0.022318
0.0223168
0.0223159
0.0223156
0.0223156
0.0223156
0.0223162
0.0223168
0.0223173
0.0223173
0.0223168
0.0223161
0.0223157
0.0223156
0.0223159
0.0223155
0.0223157
0.022316
0.0223161
0.0223161
0.0223159
0.0223156
0.0223156
0.0223159
0.022317
0.0223159
0.0223156
0.0223156
0.0223156
0.0223155
0.0223155
0.0223156
0.0223159
0.022317
0.0217534
0.021752
0.0217515
0.0217513
0.0217514
0.0217514
0.0217514
0.0217515
0.021752
0.0217536
0.021752
0.0217514
0.0217514
0.0217517
0.021752
0.021752
0.0217517
0.0217514
0.0217514
0.021752
0.0217515
0.0217514
0.021752
0.0217529
0.0217534
0.0217535
0.0217529
0.021752
0.0217514
0.0217515
0.0217513
0.0217517
0.0217529
0.0217542
0.0217551
0.0217551
0.0217542
0.0217529
0.0217518
0.0217514
0.0217514
0.021752
0.0217535
0.0217551
0.0217563
0.0217563
0.0217551
0.0217535
0.0217521
0.0217514
0.0217514
0.021752
0.0217535
0.0217551
0.0217563
0.0217563
0.0217551
0.0217534
0.0217521
0.0217514
0.0217513
0.0217518
0.0217529
0.0217542
0.0217552
0.0217551
0.0217542
0.0217529
0.0217518
0.0217514
0.0217514
0.0217514
0.0217521
0.0217529
0.0217535
0.0217534
0.0217528
0.021752
0.0217515
0.0217515
0.021752
0.0217514
0.0217515
0.0217518
0.0217521
0.021752
0.0217517
0.0217514
0.0217514
0.021752
0.0217535
0.021752
0.0217515
0.0217514
0.0217514
0.0217514
0.0217513
0.0217515
0.021752
0.0217536
0.0212172
0.0212157
0.021215
0.0212148
0.0212148
0.0212148
0.0212148
0.0212151
0.0212158
0.0212175
0.0212157
0.0212149
0.0212148
0.0212151
0.0212154
0.0212154
0.0212151
0.0212148
0.0212149
0.0212158
0.021215
0.0212148
0.0212155
0.0212164
0.021217
0.021217
0.0212164
0.0212154
0.0212148
0.021215
0.0212148
0.0212151
0.0212164
0.0212179
0.0212189
0.0212189
0.0212179
0.0212164
0.0212152
0.0212148
0.0212148
0.0212154
0.021217
0.0212189
0.0212202
0.0212202
0.0212189
0.021217
0.0212155
0.0212148
0.0212148
0.0212154
0.0212171
0.021219
0.0212203
0.0212202
0.0212189
0.021217
0.0212155
0.0212148
0.0212147
0.0212151
0.0212164
0.021218
0.021219
0.0212189
0.0212179
0.0212164
0.0212152
0.0212148
0.021215
0.0212148
0.0212155
0.0212164
0.0212171
0.021217
0.0212163
0.0212155
0.0212148
0.021215
0.0212158
0.0212149
0.0212148
0.0212152
0.0212155
0.0212154
0.0212151
0.0212148
0.0212148
0.0212158
0.0212175
0.0212157
0.021215
0.0212148
0.0212148
0.0212148
0.0212148
0.021215
0.0212158
0.0212178
0.0207058
0.0207047
0.0207041
0.0207038
0.0207038
0.0207038
0.0207039
0.0207043
0.020705
0.0207062
0.0207048
0.0207038
0.0207037
0.020704
0.0207043
0.0207043
0.0207041
0.0207038
0.0207039
0.0207049
0.0207041
0.0207037
0.0207044
0.0207053
0.020706
0.020706
0.0207054
0.0207043
0.0207037
0.020704
0.0207038
0.020704
0.0207053
0.020707
0.0207081
0.0207081
0.0207069
0.0207053
0.020704
0.0207038
0.0207038
0.0207043
0.020706
0.0207081
0.0207095
0.0207095
0.020708
0.020706
0.0207044
0.0207038
0.0207038
0.0207043
0.0207061
0.0207081
0.0207095
0.0207095
0.0207081
0.020706
0.0207043
0.0207037
0.0207038
0.020704
0.0207054
0.020707
0.0207081
0.0207081
0.020707
0.0207053
0.020704
0.0207037
0.0207041
0.0207037
0.0207043
0.0207053
0.0207061
0.020706
0.0207053
0.0207044
0.0207037
0.0207041
0.020705
0.0207039
0.0207037
0.020704
0.0207043
0.0207043
0.020704
0.0207037
0.0207039
0.0207051
0.0207062
0.0207049
0.0207041
0.0207038
0.0207038
0.0207038
0.0207038
0.0207041
0.020705
0.0207067
0.0202165
0.020217
0.0202167
0.0202165
0.0202165
0.0202165
0.0202166
0.0202169
0.0202173
0.0202169
0.020217
0.0202163
0.0202163
0.0202166
0.0202169
0.0202169
0.0202167
0.0202164
0.0202164
0.0202171
0.0202167
0.0202163
0.0202169
0.0202179
0.0202186
0.0202186
0.0202179
0.0202169
0.0202163
0.0202166
0.0202165
0.0202166
0.0202179
0.0202196
0.0202208
0.0202208
0.0202196
0.0202179
0.0202165
0.0202164
0.0202165
0.0202169
0.0202186
0.0202207
0.0202222
0.0202222
0.0202207
0.0202186
0.0202168
0.0202164
0.0202164
0.0202169
0.0202186
0.0202208
0.0202222
0.0202222
0.0202207
0.0202186
0.0202168
0.0202163
0.0202165
0.0202166
0.0202179
0.0202196
0.0202207
0.0202208
0.0202196
0.0202179
0.0202165
0.0202164
0.0202168
0.0202163
0.0202168
0.0202178
0.0202186
0.0202186
0.0202179
0.0202169
0.0202163
0.0202168
0.0202173
0.0202165
0.0202162
0.0202165
0.0202168
0.0202169
0.0202166
0.0202163
0.0202165
0.0202175
0.0202171
0.0202173
0.0202167
0.0202164
0.0202164
0.0202164
0.0202165
0.0202168
0.0202175
0.0202176
0.019747
0.0197503
0.0197509
0.019751
0.0197511
0.0197511
0.0197511
0.0197511
0.0197506
0.0197472
0.0197503
0.0197505
0.0197507
0.0197511
0.0197515
0.0197515
0.0197512
0.0197508
0.0197506
0.0197503
0.0197508
0.0197507
0.0197514
0.0197524
0.0197532
0.0197532
0.0197524
0.0197514
0.0197507
0.0197507
0.0197509
0.0197511
0.0197524
0.0197541
0.0197553
0.0197553
0.0197541
0.0197524
0.019751
0.0197508
0.019751
0.0197514
0.0197531
0.0197553
0.0197568
0.0197568
0.0197553
0.0197531
0.0197513
0.0197508
0.019751
0.0197514
0.0197531
0.0197553
0.0197568
0.0197568
0.0197553
0.0197531
0.0197513
0.0197508
0.0197511
0.0197512
0.0197524
0.0197541
0.0197552
0.0197553
0.0197541
0.0197523
0.019751
0.0197509
0.0197511
0.0197508
0.0197513
0.0197523
0.0197531
0.0197532
0.0197524
0.0197513
0.0197508
0.0197511
0.0197506
0.0197507
0.0197507
0.019751
0.0197514
0.0197514
0.0197511
0.0197508
0.0197508
0.0197509
0.0197476
0.0197507
0.019751
0.019751
0.019751
0.019751
0.019751
0.0197511
0.0197509
0.0197481
0.019295
0.0193026
0.0193048
0.0193056
0.0193058
0.0193058
0.0193057
0.019305
0.0193028
0.019295
0.0193026
0.0193045
0.0193053
0.019306
0.0193064
0.0193064
0.019306
0.0193054
0.0193046
0.0193024
0.0193047
0.0193054
0.0193062
0.0193073
0.0193081
0.0193081
0.0193073
0.0193063
0.0193054
0.0193047
0.0193054
0.019306
0.0193074
0.0193091
0.0193103
0.0193103
0.0193091
0.0193074
0.0193059
0.0193053
0.0193057
0.0193064
0.0193082
0.0193103
0.0193118
0.0193118
0.0193103
0.0193081
0.0193063
0.0193056
0.0193058
0.0193065
0.0193081
0.0193103
0.0193117
0.0193117
0.0193103
0.019308
0.0193063
0.0193056
0.0193057
0.0193061
0.0193074
0.019309
0.0193102
0.0193103
0.019309
0.0193073
0.019306
0.0193056
0.0193051
0.0193056
0.0193063
0.0193073
0.0193081
0.0193082
0.0193073
0.0193062
0.0193055
0.0193051
0.019303
0.0193049
0.0193055
0.019306
0.0193064
0.0193064
0.019306
0.0193055
0.0193049
0.0193031
0.0192957
0.0193031
0.0193051
0.0193056
0.0193057
0.0193057
0.0193055
0.019305
0.0193031
0.0192959
0.0188587
0.0188722
0.0188769
0.0188786
0.0188792
0.0188792
0.0188787
0.018877
0.0188722
0.0188584
0.0188721
0.0188769
0.0188788
0.0188798
0.0188804
0.0188804
0.0188798
0.0188788
0.0188768
0.0188718
0.0188768
0.0188788
0.0188801
0.0188813
0.0188822
0.0188822
0.0188813
0.0188801
0.0188788
0.0188767
0.0188785
0.0188798
0.0188814
0.0188832
0.0188844
0.0188843
0.0188831
0.0188814
0.0188798
0.0188784
0.0188791
0.0188804
0.0188823
0.0188844
0.0188859
0.0188858
0.0188844
0.0188822
0.0188802
0.0188789
0.0188792
0.0188805
0.0188823
0.0188844
0.0188858
0.0188858
0.0188843
0.0188821
0.0188803
0.0188791
0.0188787
0.01888
0.0188814
0.0188831
0.0188843
0.0188843
0.0188831
0.0188813
0.0188798
0.0188786
0.0188771
0.018879
0.0188803
0.0188814
0.0188822
0.0188822
0.0188813
0.0188801
0.0188789
0.018877
0.0188725
0.0188771
0.018879
0.01888
0.0188803
0.0188803
0.0188798
0.0188788
0.018877
0.0188724
0.0188594
0.0188725
0.0188771
0.0188787
0.0188791
0.018879
0.0188785
0.0188769
0.0188724
0.0188592
0.0184366
0.0184574
0.0184655
0.0184686
0.0184697
0.0184697
0.0184686
0.0184654
0.0184572
0.0184361
0.0184573
0.018466
0.0184696
0.0184712
0.0184719
0.018472
0.0184711
0.0184694
0.0184657
0.0184568
0.0184654
0.0184695
0.0184716
0.0184732
0.0184741
0.0184741
0.0184731
0.0184716
0.0184694
0.0184651
0.0184685
0.0184712
0.0184732
0.0184751
0.0184763
0.0184763
0.0184751
0.0184732
0.0184711
0.0184684
0.0184697
0.018472
0.0184741
0.0184764
0.0184778
0.0184778
0.0184763
0.0184741
0.0184719
0.0184695
0.0184698
0.018472
0.0184742
0.0184764
0.0184778
0.0184778
0.0184763
0.0184741
0.0184719
0.0184696
0.0184687
0.0184713
0.0184733
0.0184751
0.0184764
0.0184763
0.018475
0.0184732
0.0184712
0.0184686
0.0184655
0.0184696
0.0184718
0.0184733
0.0184742
0.0184741
0.0184731
0.0184716
0.0184695
0.0184654
0.0184576
0.018466
0.0184697
0.0184713
0.018472
0.0184719
0.0184711
0.0184694
0.0184658
0.0184573
0.0184374
0.0184577
0.0184656
0.0184687
0.0184697
0.0184696
0.0184684
0.0184652
0.0184572
0.0184368
0.0180275
0.0180569
0.0180693
0.0180744
0.0180762
0.0180761
0.0180742
0.018069
0.0180565
0.0180269
0.0180568
0.0180704
0.0180763
0.0180789
0.01808
0.0180799
0.0180788
0.018076
0.01807
0.0180562
0.0180692
0.0180762
0.0180796
0.0180816
0.0180827
0.0180827
0.0180815
0.0180795
0.018076
0.0180687
0.0180743
0.0180789
0.0180816
0.0180838
0.018085
0.018085
0.0180837
0.0180815
0.0180788
0.018074
0.0180762
0.01808
0.0180827
0.0180851
0.0180866
0.0180866
0.018085
0.0180827
0.01808
0.018076
0.0180762
0.0180801
0.0180828
0.0180851
0.0180867
0.0180866
0.018085
0.0180827
0.01808
0.018076
0.0180743
0.018079
0.0180817
0.0180839
0.0180852
0.0180851
0.0180837
0.0180816
0.0180789
0.0180741
0.0180691
0.0180763
0.0180797
0.0180817
0.0180828
0.0180826
0.0180815
0.0180796
0.0180761
0.0180689
0.018057
0.0180704
0.0180763
0.018079
0.0180801
0.0180799
0.0180788
0.0180761
0.01807
0.0180566
0.0180285
0.0180571
0.0180692
0.0180743
0.0180762
0.0180761
0.0180741
0.0180688
0.0180564
0.0180276
0.0176306
0.0176693
0.0176868
0.0176944
0.0176972
0.0176971
0.0176942
0.0176865
0.0176688
0.0176297
0.0176693
0.0176888
0.0176978
0.0177018
0.0177033
0.0177032
0.0177016
0.0176975
0.0176883
0.0176686
0.0176868
0.0176978
0.0177029
0.0177056
0.0177068
0.0177068
0.0177055
0.0177027
0.0176974
0.0176862
0.0176945
0.0177018
0.0177056
0.0177081
0.0177095
0.0177095
0.017708
0.0177054
0.0177016
0.0176941
0.0176974
0.0177034
0.0177069
0.0177095
0.0177111
0.017711
0.0177094
0.0177068
0.0177033
0.0176971
0.0176973
0.0177034
0.017707
0.0177096
0.0177111
0.0177111
0.0177094
0.0177068
0.0177033
0.0176971
0.0176944
0.0177018
0.0177057
0.0177082
0.0177096
0.0177095
0.017708
0.0177055
0.0177017
0.0176941
0.0176867
0.0176978
0.0177029
0.0177056
0.0177069
0.0177068
0.0177055
0.0177028
0.0176975
0.0176864
0.0176696
0.017689
0.0176978
0.0177018
0.0177034
0.0177033
0.0177016
0.0176975
0.0176885
0.0176691
0.0176315
0.0176698
0.0176869
0.0176944
0.0176973
0.0176973
0.0176942
0.0176864
0.0176689
0.0176306
0.0172449
0.0172938
0.0173171
0.0173277
0.0173318
0.0173317
0.0173274
0.0173167
0.0172932
0.0172439
0.0172937
0.0173202
0.0173329
0.0173387
0.0173409
0.0173408
0.0173385
0.0173326
0.0173197
0.0172931
0.0173171
0.0173329
0.0173404
0.017344
0.0173456
0.0173456
0.017344
0.0173402
0.0173325
0.0173165
0.0173278
0.0173387
0.0173441
0.0173471
0.0173487
0.0173486
0.017347
0.0173439
0.0173385
0.0173275
0.017332
0.017341
0.0173457
0.0173487
0.0173503
0.0173503
0.0173486
0.0173455
0.0173409
0.0173317
0.0173319
0.017341
0.0173457
0.0173487
0.0173503
0.0173503
0.0173486
0.0173456
0.0173409
0.0173317
0.0173278
0.0173387
0.017344
0.0173471
0.0173487
0.0173486
0.017347
0.0173439
0.0173385
0.0173275
0.0173172
0.017333
0.0173403
0.017344
0.0173456
0.0173456
0.0173439
0.0173402
0.0173327
0.0173169
0.0172943
0.0173205
0.0173329
0.0173387
0.017341
0.017341
0.0173386
0.0173327
0.0173201
0.0172938
0.0172459
0.0172944
0.0173174
0.0173278
0.017332
0.0173319
0.0173276
0.0173168
0.0172937
0.0172451
0.0168702
0.0169295
0.0169591
0.0169733
0.0169788
0.0169787
0.016973
0.0169588
0.016929
0.0168691
0.0169295
0.0169635
0.0169806
0.0169886
0.0169918
0.0169917
0.0169886
0.0169805
0.0169633
0.0169289
0.0169591
0.0169806
0.016991
0.016996
0.0169981
0.0169981
0.016996
0.016991
0.0169805
0.0169588
0.0169733
0.0169887
0.016996
0.0169998
0.0170017
0.0170017
0.0169998
0.016996
0.0169886
0.0169732
0.016979
0.0169919
0.0169981
0.0170016
0.0170035
0.0170035
0.0170016
0.016998
0.0169918
0.016979
0.016979
0.0169919
0.0169981
0.0170016
0.0170034
0.0170034
0.0170016
0.016998
0.0169917
0.016979
0.0169735
0.0169887
0.016996
0.0169998
0.0170016
0.0170016
0.0169998
0.0169958
0.0169886
0.0169734
0.0169595
0.0169809
0.016991
0.0169959
0.016998
0.0169981
0.0169959
0.0169908
0.0169807
0.0169594
0.0169301
0.0169641
0.0169808
0.0169887
0.0169919
0.0169919
0.0169886
0.0169805
0.0169637
0.0169297
0.016871
0.0169303
0.0169597
0.0169736
0.0169791
0.016979
0.0169732
0.016959
0.0169295
0.01687
0.0165059
0.0165759
0.0166122
0.0166301
0.0166374
0.0166374
0.01663
0.016612
0.0165754
0.0165049
0.0165759
0.0166182
0.01664
0.0166507
0.0166549
0.0166549
0.0166507
0.0166401
0.016618
0.0165754
0.0166121
0.0166401
0.0166538
0.0166605
0.0166633
0.0166633
0.0166605
0.016654
0.0166402
0.0166121
0.0166302
0.0166508
0.0166605
0.0166654
0.0166677
0.0166677
0.0166655
0.0166606
0.0166508
0.0166303
0.0166376
0.016655
0.0166633
0.0166676
0.0166697
0.0166697
0.0166676
0.0166633
0.016655
0.0166378
0.0166378
0.0166551
0.0166633
0.0166676
0.0166697
0.0166697
0.0166676
0.0166632
0.016655
0.0166379
0.0166306
0.016651
0.0166606
0.0166654
0.0166676
0.0166677
0.0166654
0.0166604
0.0166508
0.0166307
0.0166128
0.0166406
0.0166541
0.0166606
0.0166633
0.0166634
0.0166605
0.0166538
0.0166404
0.0166127
0.0165766
0.016619
0.0166406
0.016651
0.0166551
0.0166551
0.0166507
0.0166401
0.0166184
0.016576
0.0165065
0.0165767
0.016613
0.0166307
0.0166377
0.0166376
0.0166301
0.0166121
0.0165757
0.0165052
0.0161518
0.0162325
0.0162758
0.0162977
0.0163068
0.0163068
0.0162977
0.0162756
0.0162321
0.016151
0.0162325
0.0162834
0.0163105
0.016324
0.0163295
0.0163296
0.016324
0.0163106
0.0162833
0.0162321
0.0162756
0.0163106
0.0163282
0.0163368
0.0163404
0.0163404
0.0163368
0.0163283
0.0163108
0.0162759
0.0162977
0.0163241
0.0163369
0.0163431
0.0163458
0.0163459
0.0163432
0.016337
0.0163243
0.0162981
0.0163071
0.0163297
0.0163405
0.0163459
0.0163483
0.0163483
0.0163459
0.0163405
0.0163297
0.0163073
0.0163073
0.0163299
0.0163406
0.0163459
0.0163483
0.0163483
0.0163459
0.0163404
0.0163297
0.0163074
0.0162983
0.0163245
0.0163372
0.0163433
0.0163459
0.0163459
0.0163432
0.0163369
0.0163243
0.0162984
0.0162765
0.0163112
0.0163287
0.0163371
0.0163406
0.0163406
0.0163369
0.0163282
0.0163108
0.0162762
0.0162332
0.0162842
0.0163113
0.0163245
0.0163297
0.0163296
0.016324
0.0163104
0.0162833
0.0162322
0.0161524
0.0162332
0.0162765
0.0162983
0.0163071
0.0163069
0.0162975
0.0162754
0.0162318
0.0161505
0.0158078
0.015899
0.0159494
0.0159754
0.0159864
0.0159864
0.0159753
0.015949
0.0158984
0.0158071
0.0158988
0.0159587
0.0159914
0.0160079
0.0160149
0.0160149
0.0160079
0.0159912
0.0159584
0.0158986
0.0159491
0.0159914
0.0160133
0.0160241
0.0160288
0.0160288
0.0160241
0.0160133
0.0159914
0.0159493
0.0159753
0.016008
0.0160242
0.0160322
0.0160356
0.0160356
0.0160322
0.0160243
0.0160081
0.0159756
0.0159867
0.016015
0.0160289
0.0160357
0.0160385
0.0160385
0.0160356
0.0160288
0.016015
0.0159867
0.0159868
0.0160152
0.016029
0.0160357
0.0160386
0.0160386
0.0160356
0.0160288
0.016015
0.0159869
0.0159759
0.0160084
0.0160246
0.0160324
0.0160358
0.0160357
0.0160322
0.0160243
0.0160081
0.0159757
0.0159499
0.0159919
0.0160139
0.0160246
0.016029
0.0160288
0.0160242
0.0160133
0.0159913
0.0159491
0.0158996
0.0159592
0.015992
0.0160084
0.016015
0.0160148
0.0160078
0.0159911
0.0159581
0.0158981
0.0158088
0.0158995
0.0159497
0.0159758
0.0159866
0.0159863
0.0159751
0.0159486
0.0158979
0.0158062
0.0154739
0.0155751
0.0156326
0.015663
0.0156758
0.0156757
0.0156624
0.0156316
0.015574
0.015473
0.0155748
0.0156436
0.0156821
0.0157019
0.0157103
0.0157102
0.0157016
0.0156815
0.0156428
0.0155743
0.0156321
0.0156819
0.0157085
0.0157219
0.0157276
0.0157276
0.0157218
0.0157083
0.0156817
0.015632
0.0156626
0.0157018
0.0157219
0.0157319
0.0157361
0.0157361
0.0157318
0.0157219
0.0157018
0.0156625
0.0156758
0.0157103
0.0157276
0.0157361
0.0157396
0.0157396
0.015736
0.0157275
0.0157102
0.0156756
0.0156759
0.0157104
0.0157277
0.0157361
0.0157397
0.0157397
0.015736
0.0157276
0.0157103
0.0156757
0.015663
0.0157021
0.0157222
0.015732
0.0157362
0.015736
0.0157318
0.0157219
0.0157017
0.0156624
0.0156327
0.0156823
0.0157089
0.0157222
0.0157277
0.0157274
0.0157217
0.0157083
0.0156814
0.0156315
0.0155757
0.0156438
0.0156822
0.0157021
0.0157102
0.01571
0.0157015
0.0156814
0.0156425
0.0155737
0.0154755
0.0155755
0.0156324
0.0156627
0.0156756
0.0156755
0.0156622
0.0156313
0.0155736
0.0154723
0.0151501
0.0152604
0.0153248
0.0153596
0.0153744
0.0153741
0.0153586
0.0153233
0.0152587
0.0151488
0.01526
0.0153375
0.0153819
0.0154052
0.0154151
0.015415
0.0154047
0.0153809
0.0153363
0.0152591
0.0153241
0.0153816
0.0154132
0.0154294
0.0154362
0.0154361
0.0154291
0.0154127
0.0153811
0.0153235
0.0153588
0.0154049
0.0154293
0.0154415
0.0154466
0.0154466
0.0154414
0.0154291
0.0154048
0.0153584
0.0153739
0.015415
0.0154361
0.0154466
0.0154509
0.0154509
0.0154464
0.0154359
0.0154148
0.0153736
0.015374
0.0154151
0.0154362
0.0154466
0.015451
0.0154509
0.0154464
0.0154359
0.0154148
0.0153736
0.015359
0.0154051
0.0154294
0.0154415
0.0154466
0.0154465
0.0154412
0.015429
0.0154046
0.0153582
0.0153246
0.0153818
0.0154133
0.0154293
0.015436
0.0154359
0.0154289
0.0154127
0.0153808
0.0153231
0.0152611
0.0153377
0.0153817
0.015405
0.0154149
0.0154147
0.0154045
0.0153809
0.0153362
0.0152588
0.0151523
0.0152611
0.0153244
0.0153588
0.0153738
0.0153738
0.0153584
0.0153232
0.0152589
0.0151489
0.0148364
0.0149546
0.0150255
0.0150646
0.0150815
0.0150811
0.0150634
0.0150239
0.0149528
0.0148349
0.014954
0.0150399
0.0150903
0.0151173
0.0151288
0.0151286
0.0151167
0.0150893
0.0150386
0.014953
0.0150245
0.01509
0.0151268
0.0151459
0.0151539
0.0151538
0.0151456
0.0151262
0.0150892
0.0150238
0.0150635
0.0151169
0.0151457
0.0151604
0.0151665
0.0151664
0.0151602
0.0151454
0.0151166
0.0150631
0.0150807
0.0151286
0.0151538
0.0151664
0.0151717
0.0151717
0.0151663
0.0151536
0.0151283
0.0150804
0.0150807
0.0151286
0.0151538
0.0151664
0.0151717
0.0151716
0.0151662
0.0151535
0.0151282
0.0150802
0.0150637
0.015117
0.0151457
0.0151603
0.0151664
0.0151663
0.01516
0.0151453
0.0151163
0.0150629
0.0150251
0.0150902
0.0151266
0.0151456
0.0151536
0.0151535
0.0151452
0.015126
0.0150891
0.0150237
0.0149555
0.0150404
0.0150901
0.0151169
0.0151285
0.0151283
0.0151165
0.0150892
0.0150389
0.0149532
0.0148389
0.0149556
0.0150253
0.0150636
0.0150807
0.0150807
0.0150632
0.015024
0.0149535
0.0148356
0.0145329
0.0146577
0.0147345
0.0147776
0.0147966
0.0147962
0.0147767
0.0147332
0.0146564
0.0145319
0.014657
0.0147505
0.0148069
0.0148377
0.0148509
0.0148507
0.0148372
0.0148062
0.0147498
0.0146563
0.0147333
0.0148065
0.0148487
0.0148709
0.0148803
0.0148803
0.0148707
0.0148484
0.0148061
0.0147329
0.0147764
0.0148372
0.0148708
0.0148879
0.0148953
0.0148953
0.0148879
0.0148706
0.014837
0.0147762
0.0147957
0.0148506
0.0148801
0.0148951
0.0149014
0.0149014
0.014895
0.01488
0.0148504
0.0147955
0.0147957
0.0148505
0.0148801
0.0148951
0.0149013
0.0149013
0.0148949
0.0148799
0.0148502
0.0147954
0.0147767
0.0148371
0.0148705
0.0148878
0.014895
0.0148949
0.0148875
0.0148702
0.0148366
0.014776
0.0147341
0.0148067
0.0148484
0.0148705
0.0148799
0.0148799
0.0148702
0.0148479
0.0148059
0.0147329
0.0146584
0.0147513
0.0148068
0.0148372
0.0148505
0.0148504
0.0148368
0.014806
0.01475
0.0146564
0.0145351
0.0146587
0.0147344
0.0147768
0.0147958
0.0147955
0.0147761
0.0147331
0.0146567
0.0145321
0.0142399
0.0143696
0.0144516
0.0144985
0.0145194
0.0145192
0.014498
0.0144512
0.0143696
0.0142404
0.014369
0.0144694
0.0145313
0.0145658
0.0145809
0.0145808
0.0145657
0.0145314
0.0144697
0.0143693
0.0144504
0.014531
0.0145784
0.0146039
0.0146149
0.0146149
0.014604
0.0145787
0.0145314
0.0144507
0.0144973
0.0145653
0.0146037
0.0146237
0.0146324
0.0146324
0.0146239
0.014604
0.0145656
0.0144977
0.0145185
0.0145804
0.0146146
0.0146321
0.0146396
0.0146396
0.0146322
0.0146147
0.0145806
0.0145188
0.0145185
0.0145804
0.0146145
0.0146321
0.0146395
0.0146395
0.0146321
0.0146145
0.0145803
0.0145186
0.0144976
0.0145653
0.0146036
0.0146236
0.0146321
0.0146321
0.0146235
0.0146033
0.014565
0.0144974
0.014451
0.0145312
0.0145783
0.0146036
0.0146146
0.0146146
0.0146033
0.0145778
0.0145307
0.0144503
0.0143696
0.01447
0.0145314
0.0145655
0.0145805
0.0145804
0.0145649
0.0145305
0.014469
0.0143682
0.0142409
0.0143701
0.0144515
0.0144979
0.0145187
0.0145182
0.0144969
0.0144501
0.0143682
0.0142383
0.0139573
0.0140902
0.0141765
0.0142267
0.0142495
0.0142496
0.0142271
0.0141773
0.0140919
0.0139599
0.0140899
0.0141963
0.0142632
0.0143013
0.0143182
0.0143183
0.0143017
0.0142642
0.0141977
0.0140915
0.0141757
0.0142631
0.0143155
0.0143443
0.014357
0.0143571
0.0143448
0.0143165
0.0142643
0.014177
0.0142261
0.014301
0.0143443
0.0143673
0.0143772
0.0143773
0.0143676
0.014345
0.0143019
0.0142271
0.0142491
0.0143179
0.0143568
0.0143771
0.0143858
0.0143859
0.0143773
0.0143571
0.0143184
0.0142498
0.0142491
0.0143179
0.0143568
0.0143772
0.0143858
0.0143858
0.0143773
0.0143569
0.0143181
0.0142496
0.0142262
0.0143011
0.0143444
0.0143674
0.0143772
0.0143773
0.0143673
0.0143442
0.0143011
0.0142265
0.0141757
0.0142633
0.0143158
0.0143445
0.014357
0.0143571
0.0143443
0.0143153
0.0142631
0.0141756
0.0140893
0.0141966
0.0142637
0.0143014
0.0143182
0.014318
0.0143007
0.0142627
0.0141957
0.0140884
0.0139567
0.0140901
0.0141764
0.0142266
0.0142492
0.0142487
0.0142254
0.0141749
0.0140883
0.0139546
0.0136853
0.0138196
0.0139092
0.0139624
0.0139871
0.0139874
0.0139634
0.0139108
0.0138223
0.0136892
0.0138195
0.0139311
0.0140025
0.0140439
0.0140627
0.0140629
0.0140447
0.0140041
0.0139332
0.0138222
0.0139091
0.0140027
0.0140599
0.014092
0.0141063
0.0141065
0.0140926
0.0140611
0.0140042
0.013911
0.0139625
0.014044
0.0140921
0.0141182
0.0141296
0.0141297
0.0141186
0.0140929
0.0140451
0.0139639
0.0139873
0.0140626
0.0141063
0.0141296
0.0141396
0.0141397
0.0141299
0.0141068
0.0140633
0.0139882
0.0139872
0.0140627
0.0141064
0.0141297
0.0141396
0.0141397
0.0141298
0.0141067
0.0140631
0.013988
0.0139622
0.0140442
0.0140925
0.0141185
0.0141298
0.0141299
0.0141186
0.0140924
0.0140444
0.013963
0.0139084
0.0140027
0.0140606
0.0140925
0.0141067
0.0141067
0.0140924
0.0140602
0.0140027
0.0139088
0.013818
0.0139308
0.0140031
0.0140444
0.0140629
0.0140627
0.0140439
0.0140023
0.0139303
0.0138177
0.0136834
0.0138188
0.0139092
0.0139629
0.0139873
0.0139869
0.0139618
0.0139079
0.0138174
0.0136821
0.013424
0.0135577
0.0136499
0.0137058
0.013732
0.0137324
0.0137068
0.0136515
0.0135601
0.0134276
0.0135579
0.0136736
0.0137492
0.0137936
0.0138141
0.0138143
0.0137943
0.0137504
0.0136753
0.0135604
0.0136504
0.0137495
0.0138114
0.0138467
0.0138627
0.0138629
0.0138472
0.0138124
0.0137507
0.0136522
0.0137065
0.0137939
0.0138468
0.0138761
0.0138891
0.0138892
0.0138765
0.0138476
0.0137949
0.0137077
0.0137326
0.0138143
0.0138627
0.0138891
0.0139005
0.0139006
0.0138894
0.0138632
0.0138151
0.0137336
0.0137324
0.0138144
0.0138629
0.0138892
0.0139006
0.0139006
0.0138894
0.0138633
0.013815
0.0137335
0.0137059
0.0137941
0.0138473
0.0138765
0.0138894
0.0138894
0.0138766
0.0138475
0.0137945
0.013707
0.0136493
0.0137494
0.0138121
0.0138474
0.0138632
0.0138632
0.0138474
0.0138121
0.0137496
0.0136501
0.0135562
0.0136732
0.0137497
0.0137944
0.0138146
0.0138145
0.0137941
0.0137494
0.013673
0.0135567
0.013422
0.013557
0.0136501
0.0137067
0.0137327
0.0137325
0.013706
0.0136494
0.0135563
0.0134219
0.0131738
0.0133049
0.0133988
0.0134569
0.0134843
0.0134844
0.0134573
0.0133993
0.0133056
0.0131753
0.0133052
0.0134239
0.0135031
0.0135503
0.0135722
0.0135723
0.0135506
0.0135035
0.0134243
0.0133063
0.0133995
0.0135034
0.0135698
0.0136082
0.0136256
0.0136257
0.0136084
0.0135701
0.0135038
0.0134003
0.0134577
0.0135507
0.0136083
0.0136407
0.0136552
0.0136552
0.0136408
0.0136087
0.0135514
0.0134585
0.0134851
0.0135726
0.0136258
0.0136552
0.013668
0.0136681
0.0136554
0.0136261
0.0135733
0.013486
0.0134848
0.0135727
0.0136259
0.0136552
0.0136682
0.0136682
0.0136554
0.0136262
0.0135734
0.0134861
0.0134571
0.0135508
0.0136086
0.013641
0.0136555
0.0136554
0.0136412
0.013609
0.0135515
0.0134585
0.0133985
0.0135034
0.0135703
0.0136088
0.0136262
0.0136261
0.0136089
0.0135706
0.0135039
0.0133999
0.0133042
0.0134238
0.0135036
0.0135511
0.0135729
0.013573
0.0135512
0.0135038
0.0134241
0.0133056
0.0131731
0.013305
0.0133994
0.0134579
0.0134854
0.0134855
0.0134579
0.0133993
0.0133051
0.0131745
0.0129352
0.0130613
0.0131559
0.0132157
0.0132439
0.0132436
0.013215
0.0131548
0.0130597
0.0129339
0.0130617
0.0131821
0.0132643
0.013314
0.0133371
0.013337
0.0133137
0.0132636
0.0131809
0.0130607
0.0131565
0.0132646
0.013335
0.0133762
0.013395
0.0133949
0.013376
0.0133346
0.013264
0.0131561
0.0132163
0.0133144
0.0133763
0.0134117
0.0134275
0.0134275
0.0134116
0.0133763
0.0133144
0.0132165
0.0132446
0.0133376
0.0133953
0.0134276
0.0134419
0.0134419
0.0134276
0.0133954
0.013338
0.0132453
0.0132444
0.0133376
0.0133953
0.0134277
0.0134421
0.013442
0.0134277
0.0133955
0.0133381
0.0132456
0.0132158
0.0133144
0.0133765
0.0134118
0.0134278
0.0134278
0.013412
0.0133769
0.0133151
0.0132173
0.0131561
0.0132646
0.0133352
0.0133765
0.0133954
0.0133955
0.0133768
0.0133357
0.0132655
0.0131579
0.0130619
0.0131826
0.0132649
0.0133145
0.0133377
0.013338
0.0133149
0.0132653
0.0131835
0.0130641
0.0129366
0.0130626
0.0131569
0.0132164
0.013245
0.0132453
0.0132169
0.0131572
0.0130636
0.0129394
0.0127088
0.0128274
0.0129214
0.0129821
0.013011
0.0130103
0.0129803
0.0129189
0.012824
0.0127056
0.0128277
0.0129483
0.0130327
0.0130846
0.0131087
0.0131084
0.0130836
0.0130312
0.0129461
0.0128253
0.0129218
0.0130329
0.0131069
0.0131507
0.0131707
0.0131706
0.0131502
0.0131059
0.0130316
0.0129204
0.0129825
0.0130849
0.0131509
0.013189
0.0132062
0.0132061
0.0131887
0.0131504
0.0130844
0.012982
0.0130116
0.0131094
0.0131711
0.0132062
0.013222
0.0132219
0.0132061
0.0131709
0.0131092
0.0130118
0.0130114
0.0131093
0.013171
0.0132062
0.013222
0.0132219
0.0132062
0.0131711
0.0131094
0.0130121
0.0129821
0.0130847
0.0131507
0.0131889
0.0132062
0.0132062
0.013189
0.013151
0.0130852
0.0129833
0.0129219
0.0130331
0.013107
0.0131507
0.0131708
0.013171
0.013151
0.0131074
0.013034
0.0129235
0.0128294
0.0129496
0.0130334
0.0130847
0.013109
0.0131092
0.0130852
0.0130339
0.0129506
0.0128316
0.0127128
0.01283
0.0129226
0.0129823
0.0130115
0.0130118
0.012983
0.0129232
0.0128312
0.0127159
0.0124958
0.012604
0.0126957
0.0127565
0.0127858
0.0127851
0.0127544
0.0126927
0.0126004
0.0124928
0.0126039
0.0127231
0.0128088
0.0128623
0.0128875
0.0128871
0.0128611
0.012807
0.0127208
0.0126016
0.0126957
0.0128089
0.0128857
0.0129319
0.0129532
0.012953
0.0129313
0.0128847
0.0128075
0.0126942
0.0127567
0.0128624
0.0129319
0.0129726
0.0129912
0.0129911
0.0129723
0.0129314
0.0128617
0.0127558
0.0127863
0.0128878
0.0129531
0.012991
0.0130081
0.0130081
0.0129909
0.0129529
0.0128874
0.012786
0.0127859
0.0128874
0.0129528
0.0129906
0.0130077
0.0130077
0.0129907
0.0129527
0.0128873
0.012786
0.0127558
0.0128615
0.012931
0.0129717
0.0129902
0.0129903
0.0129718
0.012931
0.0128617
0.0127562
0.0126953
0.012808
0.0128845
0.0129304
0.0129517
0.0129518
0.0129306
0.0128847
0.0128084
0.012696
0.0126053
0.012723
0.0128074
0.0128601
0.0128853
0.0128854
0.0128605
0.0128078
0.0127236
0.0126065
0.0125001
0.0126044
0.0126938
0.0127534
0.0127828
0.0127829
0.0127539
0.0126944
0.0126054
0.0125019
0.0122967
0.0123913
0.0124795
0.0125396
0.012569
0.0125685
0.0125379
0.0124771
0.0123894
0.0122963
0.012391
0.012507
0.012593
0.0126478
0.0126738
0.0126734
0.0126468
0.0125917
0.0125057
0.0123901
0.0124792
0.0125929
0.0126719
0.0127203
0.0127428
0.0127426
0.0127199
0.0126713
0.012592
0.0124781
0.0125394
0.0126474
0.0127199
0.0127631
0.012783
0.0127829
0.0127629
0.0127196
0.0126467
0.0125383
0.012569
0.0126731
0.0127418
0.0127823
0.0128007
0.0128007
0.0127823
0.0127417
0.0126727
0.012568
0.0125683
0.0126723
0.0127411
0.0127814
0.0127997
0.0127999
0.0127816
0.0127409
0.0126721
0.0125676
0.0125378
0.0126455
0.0127178
0.0127608
0.0127806
0.0127807
0.0127609
0.0127176
0.0126452
0.0125372
0.012478
0.0125907
0.0126691
0.012717
0.0127395
0.0127395
0.0127169
0.0126689
0.0125904
0.0124774
0.012393
0.0125059
0.0125901
0.012644
0.0126699
0.0126699
0.0126439
0.0125901
0.0125057
0.0123926
0.0123059
0.0123926
0.0124771
0.0125358
0.0125651
0.012565
0.0125358
0.0124771
0.0123923
0.012305
0.012114
0.0121926
0.0122758
0.0123348
0.0123639
0.0123636
0.0123337
0.0122747
0.0121929
0.0121165
0.0121918
0.0123028
0.0123883
0.0124439
0.0124705
0.0124702
0.0124433
0.0123879
0.0123028
0.0121924
0.0122747
0.0123876
0.0124681
0.0125183
0.012542
0.0125418
0.0125181
0.012468
0.0123872
0.0122741
0.0123331
0.0124422
0.0125171
0.0125626
0.0125838
0.0125838
0.0125626
0.012517
0.0124414
0.0123316
0.0123616
0.0124677
0.0125391
0.012582
0.0126018
0.0126019
0.0125821
0.0125388
0.0124665
0.0123596
0.0123598
0.0124655
0.0125371
0.0125798
0.0125995
0.0125997
0.0125799
0.0125367
0.0124645
0.0123579
0.012328
0.0124362
0.0125108
0.0125558
0.0125769
0.012577
0.0125559
0.0125103
0.0124354
0.0123263
0.012267
0.0123776
0.0124569
0.0125064
0.0125299
0.0125298
0.0125062
0.0124566
0.012377
0.0122655
0.0121839
0.0122884
0.0123709
0.0124252
0.0124514
0.0124512
0.0124246
0.0123705
0.0122878
0.0121822
0.0121098
0.0121727
0.01225
0.0123069
0.0123357
0.0123353
0.0123061
0.012249
0.012171
0.0121063
0.0119464
0.0120082
0.0120858
0.0121435
0.0121723
0.012172
0.0121426
0.0120855
0.0120095
0.01195
0.012007
0.0121123
0.0121968
0.0122529
0.0122801
0.0122801
0.0122526
0.0121968
0.0121126
0.0120079
0.0120843
0.0121957
0.0122774
0.012329
0.0123536
0.0123537
0.0123289
0.0122771
0.012195
0.0120836
0.0121409
0.0122506
0.0123275
0.0123749
0.0123973
0.0123974
0.0123748
0.0123268
0.0122489
0.0121388
0.0121686
0.012276
0.0123499
0.0123949
0.012416
0.012416
0.0123947
0.0123488
0.0122737
0.0121656
0.0121666
0.0122734
0.0123469
0.0123918
0.0124129
0.0124128
0.0123916
0.0123459
0.0122711
0.0121635
0.0121365
0.0122438
0.0123194
0.0123664
0.0123889
0.0123889
0.0123664
0.0123188
0.012242
0.0121336
0.0120827
0.0121887
0.012268
0.0123193
0.0123442
0.0123442
0.0123193
0.0122677
0.0121877
0.0120798
0.0120229
0.0121156
0.0121963
0.0122524
0.0122801
0.0122795
0.0122509
0.0121951
0.0121141
0.0120191
0.0120096
0.0120411
0.0121122
0.0121692
0.0121987
0.0121973
0.0121657
0.0121079
0.0120361
0.0120015
0.0118148
0.0118615
0.0119336
0.0119903
0.0120196
0.012019
0.0119889
0.0119328
0.0118612
0.011816
0.0118568
0.0119575
0.0120414
0.0120985
0.0121267
0.0121268
0.0120981
0.0120411
0.011957
0.0118565
0.0119271
0.0120377
0.0121214
0.0121746
0.0122
0.0122002
0.0121744
0.0121205
0.0120367
0.0119261
0.0119809
0.0120916
0.0121715
0.0122208
0.0122439
0.012244
0.0122203
0.0121701
0.0120899
0.0119793
0.0120072
0.0121167
0.0121936
0.0122409
0.0122632
0.0122629
0.01224
0.0121917
0.0121143
0.0120049
0.0120039
0.0121129
0.0121891
0.0122368
0.0122597
0.0122592
0.0122357
0.012187
0.0121098
0.0120005
0.0119698
0.0120777
0.0121555
0.0122059
0.012231
0.0122306
0.0122056
0.0121544
0.0120749
0.011966
0.0119045
0.0120054
0.0120849
0.0121386
0.012166
0.0121663
0.0121397
0.0120857
0.0120046
0.0119018
0.0118142
0.0118866
0.0119601
0.0120125
0.0120393
0.0120398
0.0120143
0.0119626
0.0118885
0.0118134
0.0117288
0.011704
0.0117514
0.0117927
0.011813
0.0118132
0.0117935
0.0117535
0.0117064
0.0117292
0.0117002
0.0117405
0.01181
0.0118673
0.0118979
0.0118971
0.0118654
0.0118079
0.0117366
0.0116962
0.0117333
0.011834
0.0119198
0.0119791
0.0120088
0.0120085
0.0119784
0.011919
0.0118332
0.0117313
0.0118024
0.0119143
0.012002
0.0120582
0.0120849
0.0120849
0.0120579
0.0120018
0.0119153
0.0118018
0.011857
0.0119691
0.0120537
0.0121061
0.0121304
0.0121305
0.0121058
0.0120535
0.0119704
0.011857
0.0118852
0.0119952
0.0120759
0.0121259
0.0121493
0.0121491
0.0121252
0.0120753
0.0119957
0.011885
0.0118863
0.0119922
0.0120693
0.0121182
0.0121416
0.012141
0.0121169
0.0120678
0.0119913
0.0118852
0.0118668
0.0119632
0.0120361
0.0120841
0.0121079
0.0121073
0.0120831
0.0120345
0.0119612
0.011865
0.0118519
0.0119267
0.0119938
0.0120421
0.0120675
0.0120675
0.0120424
0.0119928
0.0119247
0.0118498
0.0119143
0.011941
0.0120047
0.0120642
0.0120975
0.0120973
0.0120634
0.0120017
0.0119364
0.0119081
0.0122592
0.0121455
0.0122181
0.0123124
0.0123715
0.0123689
0.0123039
0.0122043
0.0121273
0.0122336
0.0117139
0.0117458
0.0118123
0.0118695
0.011901
0.0119004
0.011868
0.0118094
0.0117393
0.0117063
0.0117341
0.0118346
0.0119224
0.0119838
0.0120149
0.0120145
0.0119834
0.0119221
0.011834
0.0117306
0.0118006
0.0119142
0.0120059
0.0120651
0.0120932
0.0120931
0.0120655
0.0120075
0.0119177
0.0117996
0.0118561
0.0119707
0.0120596
0.0121152
0.0121409
0.0121411
0.012116
0.0120621
0.0119754
0.0118565
0.0118875
0.0120018
0.0120877
0.0121415
0.0121666
0.0121666
0.0121417
0.0120895
0.0120059
0.0118887
0.0118909
0.0120077
0.0120957
0.0121526
0.0121798
0.0121791
0.0121511
0.012095
0.0120102
0.011893
0.0118562
0.0119811
0.012081
0.0121515
0.0121876
0.0121865
0.0121492
0.0120791
0.011982
0.0118599
0.0117468
0.0118808
0.012006
0.0121018
0.0121559
0.0121562
0.0121042
0.0120095
0.0118857
0.0117545
0.0114829
0.0115839
0.0117226
0.011823
0.0118811
0.0118847
0.0118364
0.0117417
0.0116019
0.011499
0.011016
0.0108402
0.0108503
0.0108095
0.0107795
0.0107838
0.0108309
0.0108862
0.0108744
0.0110432
0.011883
0.0119477
0.0120271
0.0120873
0.01212
0.0121198
0.012087
0.0120249
0.0119416
0.0118749
0.0119106
0.0120255
0.0121197
0.0121836
0.0122158
0.0122152
0.0121837
0.0121205
0.0120257
0.0119065
0.0119681
0.0120871
0.0121821
0.0122443
0.0122742
0.0122741
0.0122456
0.012186
0.0120924
0.0119671
0.0120026
0.012118
0.0122109
0.0122708
0.012299
0.0122994
0.0122728
0.0122165
0.0121264
0.012005
0.0120079
0.0121167
0.0122063
0.0122646
0.0122918
0.012292
0.0122653
0.0122106
0.0121255
0.0120147
0.0119874
0.0120795
0.0121615
0.0122158
0.0122407
0.0122402
0.0122141
0.0121623
0.0120864
0.0119977
0.0119696
0.0120081
0.012062
0.0120957
0.0121095
0.0121095
0.0120948
0.0120612
0.0120112
0.0119786
0.0120933
0.0119711
0.011937
0.0118989
0.01187
0.0118709
0.0119004
0.0119343
0.0119647
0.0120901
0.0128318
0.0122872
0.0120524
0.0118547
0.0117225
0.0117194
0.0118442
0.0120266
0.012248
0.012791
0.015406
0.0139037
0.0133871
0.0130348
0.0128103
0.0127955
0.0129808
0.013295
0.013786
0.0152785
0.0356582
0.0346404
0.0339608
0.0335393
0.0333386
0.0333326
0.0335395
0.0339626
0.0346449
0.0356567
0.0262749
0.026168
0.0260822
0.0260318
0.0260077
0.0260145
0.0260327
0.0260825
0.0261597
0.0262822
0.0257122
0.0256917
0.0256748
0.0256657
0.0256615
0.0256641
0.025666
0.0256745
0.0256886
0.0257148
0.025642
0.0256372
0.0256343
0.0256328
0.0256321
0.0256326
0.0256328
0.025634
0.0256368
0.0256422
0.0256317
0.0256309
0.0256306
0.0256305
0.0256305
0.0256306
0.0256305
0.0256305
0.0256309
0.0256316
0.0256307
0.0256307
0.0256308
0.0256308
0.0256308
0.0256308
0.0256308
0.0256307
0.0256307
0.0256307
0.0256308
0.0256309
0.0256309
0.0256309
0.0256309
0.0256309
0.0256309
0.0256309
0.0256309
0.0256308
0.0256309
0.0256309
0.0256309
0.0256309
0.0256309
0.0256309
0.0256309
0.0256309
0.0256309
0.0256309
0.0256309
0.0256309
0.0256309
0.0256309
0.0256309
0.0256309
0.0256309
0.0256309
0.0256309
0.0256309
0.0256309
0.0256309
0.0256309
0.0256308
0.0256308
0.0256308
0.0256308
0.0256309
0.0256309
0.0256309
0.0566421
0.0533614
0.0511409
0.0497496
0.0490836
0.0490767
0.0497441
0.0511221
0.0533776
0.0566227
0.0277229
0.0273125
0.0270259
0.0268656
0.0267959
0.0267984
0.0268748
0.0270655
0.0272869
0.027769
0.0253349
0.0252608
0.0252014
0.0251704
0.0251582
0.0251602
0.0251746
0.0252148
0.0252511
0.0253521
0.0249983
0.0249728
0.0249546
0.0249453
0.0249415
0.0249421
0.0249465
0.0249578
0.0249707
0.0250029
0.0249209
0.0249118
0.0249064
0.0249039
0.0249028
0.024903
0.0249041
0.024907
0.0249114
0.0249219
0.0249013
0.0248984
0.0248971
0.0248965
0.0248963
0.0248963
0.0248966
0.0248972
0.0248983
0.0249015
0.0248966
0.0248957
0.0248954
0.0248953
0.0248953
0.0248953
0.0248954
0.0248955
0.0248957
0.0248966
0.0248955
0.0248952
0.0248951
0.0248951
0.0248951
0.0248951
0.0248951
0.0248951
0.0248952
0.0248954
0.0248952
0.0248951
0.024895
0.024895
0.024895
0.024895
0.024895
0.024895
0.0248951
0.0248952
0.0248951
0.024895
0.0248949
0.0248949
0.0248949
0.0248949
0.0248949
0.0248949
0.024895
0.0248951
0.0759012
0.0711461
0.0677943
0.0656274
0.064556
0.0645786
0.0656147
0.0677332
0.0711825
0.0758273
0.0299648
0.0291572
0.0286018
0.0282983
0.0281937
0.0281537
0.0283195
0.0286976
0.0291066
0.0300697
0.0250097
0.0249102
0.0248269
0.0247876
0.0247787
0.0247683
0.024794
0.0248579
0.0248939
0.0250474
0.0244117
0.0243756
0.024347
0.0243329
0.0243288
0.0243263
0.0243354
0.0243565
0.024372
0.0244253
0.024265
0.0242477
0.0242363
0.0242306
0.0242285
0.0242279
0.0242313
0.0242388
0.0242472
0.0242696
0.0242189
0.0242112
0.024207
0.024205
0.0242043
0.0242041
0.0242052
0.0242076
0.0242112
0.0242204
0.024204
0.0242009
0.0241995
0.0241989
0.0241987
0.0241987
0.024199
0.0241997
0.0242009
0.0242044
0.0241993
0.0241981
0.0241977
0.0241975
0.0241974
0.0241974
0.0241975
0.0241978
0.0241981
0.0241994
0.0241979
0.0241974
0.0241972
0.0241971
0.0241971
0.0241971
0.0241971
0.0241972
0.0241974
0.0241979
0.0241973
0.0241971
0.024197
0.0241969
0.0241969
0.0241969
0.0241969
0.024197
0.0241971
0.0241973
0.0899382
0.0851333
0.0814987
0.079084
0.0778062
0.0778776
0.0790659
0.0814163
0.0851909
0.0898013
0.0330464
0.0317031
0.0308122
0.0302748
0.0301402
0.0300423
0.0303017
0.0309257
0.0316148
0.0332286
0.0246839
0.0245734
0.0244802
0.0244266
0.0244293
0.0244035
0.0244325
0.0245171
0.0245518
0.0247446
0.0238353
0.0238059
0.0237772
0.0237603
0.0237597
0.0237521
0.0237625
0.0237906
0.0238023
0.0238601
0.0236438
0.0236256
0.0236113
0.023603
0.023601
0.0235988
0.0236039
0.0236159
0.0236261
0.0236543
0.0235774
0.0235664
0.0235595
0.0235556
0.0235543
0.0235538
0.0235559
0.0235608
0.023567
0.0235817
0.0235518
0.023546
0.023543
0.0235415
0.0235409
0.0235408
0.0235415
0.0235434
0.0235463
0.0235533
0.023542
0.0235392
0.023538
0.0235374
0.0235372
0.0235372
0.0235375
0.0235381
0.0235393
0.0235425
0.0235382
0.023537
0.0235365
0.0235363
0.0235362
0.0235362
0.0235363
0.0235365
0.023537
0.0235384
0.0235368
0.0235362
0.023536
0.0235359
0.0235359
0.0235359
0.0235359
0.023536
0.0235362
0.0235369
0.0977001
0.0940124
0.0909057
0.0887742
0.0875592
0.0876558
0.0887888
0.0908401
0.0940644
0.0975543
0.0373595
0.0351308
0.0337225
0.0328408
0.0326054
0.0324839
0.0327953
0.0338
0.035033
0.0375506
0.0243969
0.0242528
0.0241603
0.0240905
0.0240988
0.0240634
0.0240832
0.0241914
0.0242359
0.0244692
0.0232266
0.0232266
0.0232176
0.0232051
0.0232101
0.0231981
0.0232036
0.023231
0.0232263
0.0232605
0.0230304
0.0230252
0.0230168
0.0230092
0.0230086
0.0230048
0.0230093
0.0230226
0.0230279
0.0230474
0.0229641
0.0229559
0.0229488
0.0229439
0.0229423
0.0229414
0.0229441
0.0229508
0.0229575
0.022972
0.0229345
0.0229278
0.0229235
0.0229209
0.0229198
0.0229196
0.0229209
0.022924
0.0229284
0.0229377
0.0229206
0.0229164
0.0229142
0.0229131
0.0229126
0.0229125
0.022913
0.0229143
0.0229166
0.0229218
0.0229143
0.022912
0.0229109
0.0229105
0.0229103
0.0229103
0.0229105
0.022911
0.0229121
0.0229148
0.0229116
0.0229103
0.0229098
0.0229097
0.0229096
0.0229096
0.0229097
0.0229098
0.0229103
0.0229117
0.100473
0.0983021
0.0961063
0.0944931
0.0935565
0.0936269
0.0945624
0.0960754
0.0983059
0.100352
0.0423096
0.039233
0.037389
0.0362683
0.0358313
0.0357556
0.0361341
0.0373974
0.0391946
0.0425063
0.0241356
0.0239438
0.0238724
0.0238151
0.0238196
0.0237877
0.0237906
0.0238947
0.023944
0.0242153
0.0225574
0.0226068
0.0226392
0.0226459
0.0226595
0.0226465
0.0226401
0.0226512
0.0226125
0.0225976
0.0224018
0.0224252
0.0224346
0.0224344
0.0224374
0.0224332
0.0224336
0.0224409
0.022431
0.0224238
0.0223638
0.0223676
0.0223659
0.0223626
0.0223618
0.0223607
0.0223627
0.0223685
0.0223707
0.0223747
0.0223434
0.0223401
0.0223364
0.0223335
0.0223323
0.022332
0.0223334
0.0223371
0.0223413
0.0223482
0.0223305
0.0223263
0.0223235
0.0223219
0.0223211
0.022321
0.0223217
0.0223237
0.0223268
0.0223325
0.0223229
0.0223198
0.0223182
0.0223175
0.0223171
0.022317
0.0223174
0.0223182
0.02232
0.0223237
0.022319
0.022317
0.0223162
0.0223159
0.0223157
0.0223157
0.0223159
0.0223162
0.0223171
0.0223193
0.100065
0.0993051
0.0980969
0.0970524
0.0964805
0.0964984
0.0971633
0.0980887
0.0992305
0.0999785
0.0479101
0.0438068
0.0414439
0.040111
0.0394243
0.0394322
0.0399174
0.0414051
0.0439047
0.0481289
0.024017
0.0236878
0.0236025
0.0235632
0.0235555
0.0235379
0.0235283
0.0236203
0.0237166
0.0241026
0.0218444
0.0219429
0.0220236
0.0220606
0.0220853
0.022075
0.022052
0.0220356
0.0219555
0.0218865
0.0217497
0.0218124
0.0218494
0.0218641
0.0218731
0.0218698
0.0218624
0.021856
0.0218208
0.0217732
0.021765
0.0217901
0.0218006
0.0218032
0.0218046
0.0218038
0.021803
0.0218037
0.0217946
0.0217769
0.0217696
0.0217756
0.0217759
0.0217746
0.0217738
0.0217736
0.0217745
0.0217769
0.0217775
0.0217751
0.0217656
0.0217645
0.0217624
0.0217608
0.0217599
0.0217598
0.0217606
0.0217626
0.0217653
0.0217681
0.0217601
0.0217575
0.0217556
0.0217546
0.0217541
0.021754
0.0217545
0.0217557
0.0217578
0.0217613
0.0217561
0.0217538
0.0217526
0.0217521
0.0217519
0.0217519
0.0217521
0.0217526
0.0217539
0.0217566
0.0980081
0.0982932
0.0979717
0.0974386
0.0971945
0.0971917
0.0975379
0.0979475
0.0981485
0.097951
0.0540529
0.0489344
0.0459096
0.0442948
0.0433572
0.0433927
0.0441221
0.0459047
0.0492179
0.0543005
0.0241886
0.0235946
0.0234186
0.0233699
0.0233382
0.0233316
0.0233401
0.023444
0.0236629
0.0242785
0.021133
0.0212586
0.0213789
0.0214493
0.0214844
0.0214789
0.0214393
0.021392
0.021278
0.0211701
0.0210806
0.0211846
0.021254
0.0212897
0.0213063
0.0213047
0.0212868
0.0212605
0.0211947
0.0211005
0.0211629
0.0212156
0.0212446
0.0212576
0.021263
0.0212625
0.0212569
0.0212479
0.0212215
0.0211732
0.0212058
0.0212271
0.0212358
0.0212387
0.0212395
0.0212393
0.0212386
0.0212372
0.0212301
0.021211
0.0212199
0.0212259
0.0212267
0.0212262
0.0212257
0.0212256
0.0212262
0.0212272
0.0212272
0.0212226
0.0212215
0.0212216
0.0212203
0.0212193
0.0212188
0.0212187
0.0212193
0.0212204
0.0212221
0.0212228
0.0212196
0.0212179
0.0212167
0.021216
0.0212158
0.0212157
0.021216
0.0212168
0.0212182
0.0212202
0.0954287
0.0962525
0.0966077
0.0965147
0.0965073
0.0965251
0.096569
0.0965602
0.0960872
0.0953907
0.0604073
0.054551
0.0508156
0.0488051
0.0476628
0.047651
0.0487251
0.050903
0.054971
0.0606641
0.0247179
0.0237792
0.0234238
0.0233049
0.0232369
0.0232281
0.0232973
0.0234712
0.0238859
0.0248169
0.0204726
0.0205903
0.0207311
0.0208302
0.0208733
0.020872
0.0208199
0.0207461
0.0206168
0.0204987
0.020409
0.0205482
0.0206499
0.0207097
0.0207349
0.0207348
0.0207056
0.020656
0.0205598
0.0204214
0.0205586
0.0206417
0.020693
0.0207201
0.020731
0.0207307
0.0207188
0.0206964
0.0206484
0.0205658
0.0206484
0.0206899
0.020711
0.0207206
0.0207242
0.0207241
0.0207207
0.020713
0.0206937
0.0206527
0.0206888
0.0207062
0.0207125
0.0207145
0.0207151
0.0207152
0.0207149
0.0207136
0.0207081
0.0206913
0.020703
0.0207086
0.0207092
0.0207088
0.0207086
0.0207086
0.020709
0.0207097
0.0207094
0.0207044
0.0207062
0.0207068
0.020706
0.0207054
0.0207051
0.0207051
0.0207054
0.0207062
0.0207073
0.020707
0.093011
0.0939453
0.0946817
0.0949091
0.0950424
0.0950978
0.094948
0.0946456
0.0938017
0.09297
0.0666379
0.0603888
0.056019
0.0535647
0.0522737
0.0521844
0.0535429
0.0561583
0.0608454
0.0668695
0.0256061
0.0242921
0.0236933
0.0234355
0.0233185
0.0232977
0.0234493
0.02376
0.0244219
0.0257067
0.0199097
0.0199738
0.0201121
0.0202284
0.0202764
0.0202765
0.0202215
0.0201309
0.020007
0.0199261
0.0197534
0.0199146
0.0200442
0.020128
0.0201622
0.0201629
0.0201245
0.020051
0.0199279
0.0197593
0.0199579
0.0200697
0.0201446
0.0201877
0.0202052
0.0202051
0.0201868
0.0201485
0.0200771
0.0199624
0.020097
0.0201613
0.0201977
0.0202163
0.0202238
0.0202239
0.0202169
0.0202005
0.0201659
0.0201005
0.0201693
0.0202016
0.0202162
0.0202224
0.0202247
0.0202249
0.0202232
0.020218
0.0202041
0.0201716
0.0202012
0.0202152
0.0202195
0.0202207
0.020221
0.0202211
0.0202211
0.0202204
0.0202164
0.0202026
0.0202129
0.0202179
0.0202183
0.0202181
0.0202179
0.020218
0.0202182
0.0202187
0.0202184
0.0202137
0.0910798
0.0918689
0.0926967
0.0930852
0.0932716
0.0933511
0.093148
0.092708
0.0917493
0.0910273
0.0724583
0.066091
0.0612734
0.0584467
0.0570523
0.0568819
0.0583874
0.0613687
0.0665123
0.0726373
0.026852
0.0251222
0.0242418
0.0238009
0.0236206
0.0235793
0.0238102
0.0243001
0.0252519
0.0269187
0.0194731
0.0194451
0.019552
0.0196658
0.0197155
0.019714
0.0196661
0.0195749
0.0194824
0.0194843
0.0191253
0.0192986
0.0194473
0.0195501
0.0195937
0.0195948
0.0195505
0.0194565
0.0193136
0.0191293
0.019367
0.0195045
0.0196011
0.0196599
0.0196849
0.0196851
0.0196609
0.0196061
0.0195124
0.0193705
0.0195533
0.0196412
0.0196941
0.0197229
0.0197351
0.0197353
0.0197244
0.0196978
0.0196461
0.0195564
0.0196602
0.0197099
0.0197349
0.0197467
0.0197515
0.0197518
0.0197479
0.0197373
0.0197129
0.0196624
0.0197137
0.0197388
0.0197485
0.0197522
0.0197535
0.0197537
0.0197529
0.0197497
0.0197402
0.019715
0.0197371
0.0197484
0.0197513
0.019752
0.0197521
0.0197522
0.0197522
0.0197518
0.0197491
0.0197378
0.0897242
0.0902588
0.0909462
0.0913417
0.0915135
0.0915929
0.091444
0.0910095
0.0901345
0.0896632
0.0776444
0.0713348
0.0663399
0.0632993
0.0618463
0.0616245
0.063125
0.0663273
0.0717163
0.0777813
0.0284515
0.0262328
0.0250484
0.0244118
0.0241527
0.0240894
0.0243833
0.0250652
0.0263323
0.0284532
0.0191631
0.0190293
0.0190788
0.019165
0.0192095
0.0192042
0.0191713
0.0191023
0.0190644
0.0191686
0.0185305
0.0187106
0.018871
0.0189849
0.0190368
0.0190373
0.0189906
0.0188832
0.0187268
0.0185355
0.0187908
0.0189511
0.0190663
0.0191387
0.0191712
0.0191716
0.0191424
0.019073
0.0189594
0.0187946
0.0190198
0.0191306
0.0192
0.0192392
0.0192564
0.0192568
0.0192416
0.0192042
0.0191355
0.0190228
0.0191616
0.0192299
0.0192667
0.0192851
0.0192928
0.0192931
0.0192864
0.0192692
0.0192328
0.0191637
0.0192389
0.0192771
0.019294
0.0193012
0.0193039
0.0193041
0.0193018
0.0192952
0.0192786
0.0192401
0.0192765
0.0192963
0.0193029
0.0193051
0.0193058
0.0193059
0.0193054
0.0193033
0.0192969
0.0192771
0.0888838
0.0891513
0.0895814
0.0898573
0.0899608
0.0900191
0.0899687
0.0896402
0.0889976
0.0888364
0.0820737
0.0759301
0.0709996
0.0679364
0.0665001
0.0662872
0.0676625
0.0709286
0.0763205
0.0821725
0.0303692
0.0276018
0.0260855
0.0252573
0.0249082
0.024848
0.0251701
0.0260462
0.027657
0.0303181
0.0189928
0.0187227
0.0187072
0.01875
0.0187803
0.018768
0.0187556
0.0187253
0.0187462
0.0189893
0.0179749
0.0181555
0.0183234
0.0184417
0.0184993
0.018497
0.0184503
0.0183371
0.0181702
0.0179808
0.0182323
0.0184131
0.0185449
0.0186281
0.0186669
0.0186668
0.018633
0.0185524
0.0184209
0.0182365
0.0184984
0.018631
0.0187164
0.0187656
0.0187875
0.0187877
0.0187679
0.0187203
0.0186352
0.0185011
0.018674
0.0187611
0.0188106
0.0188363
0.018847
0.0188471
0.0188371
0.0188125
0.0187635
0.0186756
0.0187761
0.0188286
0.0188541
0.0188657
0.0188702
0.0188703
0.0188661
0.018855
0.0188298
0.0187769
0.0188297
0.0188597
0.0188712
0.0188757
0.0188772
0.0188773
0.0188759
0.0188716
0.0188601
0.01883
0.0884245
0.0884662
0.0886281
0.0886972
0.0887178
0.0887314
0.0887469
0.088612
0.088286
0.088433
0.0857364
0.0798342
0.0751119
0.0722173
0.0708615
0.0707065
0.0719853
0.0751276
0.0802564
0.0857346
0.0325639
0.0292053
0.0273277
0.0263327
0.0258897
0.0258565
0.0262072
0.0272594
0.0292273
0.0325
0.0189898
0.0185284
0.0184317
0.018426
0.0184361
0.0184172
0.0184208
0.0184386
0.0185333
0.0189767
0.0174683
0.0176365
0.0178087
0.0179266
0.0179857
0.017979
0.0179311
0.0178195
0.0176456
0.0174726
0.0176945
0.0178928
0.0180401
0.0181318
0.018175
0.0181734
0.0181344
0.0180459
0.0178984
0.017698
0.0179904
0.0181436
0.0182447
0.0183032
0.0183291
0.0183286
0.0183038
0.0182468
0.0181462
0.0179921
0.0181977
0.0183034
0.0183661
0.0183994
0.0184131
0.0184129
0.0183991
0.0183666
0.0183047
0.0181983
0.0183246
0.0183924
0.0184275
0.0184443
0.0184508
0.0184507
0.0184441
0.0184277
0.018393
0.0183247
0.0183954
0.018437
0.0184547
0.0184622
0.0184648
0.0184648
0.0184621
0.0184548
0.0184372
0.0183953
0.0882218
0.0880802
0.088003
0.087847
0.0878094
0.087765
0.0878072
0.0879126
0.0878991
0.0883054
0.0886668
0.0831132
0.0786972
0.0760865
0.0748094
0.0747493
0.0760384
0.0788751
0.083516
0.0884709
0.0349938
0.0310255
0.0287605
0.0276257
0.0271019
0.0270981
0.027538
0.0287213
0.0310447
0.0349168
0.0191862
0.0184596
0.018252
0.0181911
0.0181733
0.0181516
0.0181695
0.0182467
0.0184493
0.0191662
0.0170234
0.0171567
0.017328
0.0174424
0.0174978
0.0174876
0.0174347
0.0173305
0.017158
0.0170251
0.0171811
0.0173908
0.017553
0.0176521
0.0176975
0.0176942
0.0176486
0.0175541
0.0173927
0.0171829
0.0174971
0.0176687
0.0177852
0.0178527
0.0178821
0.0178808
0.0178503
0.0177845
0.017669
0.0174972
0.017733
0.0178568
0.0179328
0.0179738
0.0179908
0.0179901
0.0179722
0.0179315
0.0178564
0.0177323
0.0178842
0.0179676
0.0180131
0.0180357
0.0180444
0.0180441
0.0180348
0.0180123
0.0179672
0.0178833
0.0179729
0.018027
0.0180519
0.0180631
0.0180672
0.018067
0.0180627
0.0180516
0.0180267
0.0179722
0.0882048
0.0878827
0.0875788
0.0872778
0.0872104
0.0871074
0.0871936
0.0874944
0.0877202
0.0883034
0.0908829
0.0858563
0.0818795
0.0795265
0.0782815
0.078351
0.0796604
0.0821181
0.0861717
0.0905048
0.0375783
0.0330446
0.0304108
0.0291211
0.0285292
0.0285423
0.0291588
0.0304367
0.0330931
0.0374771
0.0196046
0.0185334
0.0181765
0.0180494
0.0179985
0.0179776
0.0180214
0.0181655
0.0185211
0.0195852
0.0166561
0.0167213
0.0168797
0.0169887
0.0170379
0.0170268
0.0169676
0.0168726
0.0167159
0.0166568
0.0166977
0.0169085
0.0170824
0.0171884
0.0172354
0.0172311
0.0171784
0.0170776
0.016906
0.0166976
0.0170204
0.0172066
0.0173375
0.0174138
0.0174469
0.0174451
0.0174089
0.0173337
0.0172044
0.0170187
0.0172806
0.0174211
0.01751
0.0175591
0.0175796
0.0175787
0.0175565
0.0175073
0.017419
0.0172785
0.017455
0.0175537
0.0176098
0.0176386
0.0176501
0.0176497
0.0176374
0.0176083
0.0175522
0.0174531
0.0175616
0.0176289
0.0176616
0.017677
0.0176829
0.0176826
0.0176765
0.0176609
0.017628
0.0175603
0.0883117
0.0877958
0.0872809
0.0869575
0.0868596
0.086725
0.0869019
0.0872592
0.0876552
0.0883273
0.0924182
0.0881225
0.0847265
0.0825165
0.0812817
0.0814692
0.0826769
0.0848604
0.0883302
0.09202
0.0402173
0.0352335
0.0323026
0.0308152
0.0301558
0.0301586
0.0309966
0.0323846
0.0353102
0.0401128
0.0202497
0.0187702
0.0182226
0.0180109
0.0179259
0.0179064
0.0179996
0.0182174
0.0187683
0.0202444
0.0163887
0.0163385
0.0164647
0.0165642
0.0166091
0.0166009
0.0165402
0.0164522
0.0163317
0.0163919
0.0162524
0.016448
0.0166268
0.0167389
0.0167891
0.0167853
0.016727
0.0166181
0.0164422
0.0162509
0.0165636
0.0167583
0.0169008
0.0169857
0.0170236
0.0170219
0.0169804
0.0168954
0.0167539
0.0165604
0.0168419
0.0169964
0.0170972
0.0171544
0.0171792
0.0171785
0.0171522
0.0170941
0.016993
0.0168386
0.0170372
0.0171505
0.0172169
0.0172522
0.0172669
0.0172666
0.0172512
0.0172152
0.0171481
0.0170345
0.0171614
0.0172418
0.0172828
0.0173028
0.0173108
0.0173107
0.0173023
0.0172819
0.0172406
0.0171596
0.0884417
0.0877634
0.0871138
0.0868364
0.0866855
0.0865649
0.0868556
0.0871181
0.0876492
0.0883477
0.0934151
0.08995
0.0871722
0.0850295
0.0838358
0.0840724
0.0850273
0.0871564
0.090074
0.0931485
0.0428414
0.0375575
0.0344171
0.0327043
0.0319522
0.0319535
0.0329284
0.0345145
0.0376378
0.0427589
0.0211221
0.0191935
0.0184176
0.0180945
0.0179701
0.0179544
0.0181132
0.0184272
0.0192047
0.0211431
0.0162378
0.016022
0.01609
0.0161717
0.0162159
0.0162127
0.0161621
0.0160823
0.0160196
0.0162486
0.0158521
0.0160139
0.0161874
0.0163032
0.0163589
0.0163573
0.0162974
0.0161806
0.0160075
0.0158504
0.0161304
0.0163252
0.0164753
0.016568
0.0166116
0.0166109
0.0165656
0.0164712
0.0163201
0.0161262
0.0164184
0.0165833
0.0166945
0.0167596
0.0167893
0.0167891
0.0167589
0.0166924
0.0165797
0.0164146
0.0166314
0.0167576
0.0168342
0.0168761
0.0168944
0.0168943
0.0168758
0.0168329
0.0167552
0.0166285
0.0167721
0.0168654
0.0169148
0.0169399
0.0169502
0.0169502
0.0169395
0.016914
0.016864
0.0167702
0.0884845
0.0877425
0.0871043
0.0868474
0.0866216
0.0865587
0.086932
0.0870459
0.0876811
0.0883551
0.0941148
0.0913677
0.0890667
0.0870353
0.0859727
0.0861478
0.0868247
0.0890199
0.0914413
0.0939695
0.0454309
0.0399875
0.0366962
0.0347584
0.033858
0.0339062
0.0348618
0.0367653
0.0400347
0.0453795
0.0222359
0.0198296
0.0187935
0.0183269
0.0181419
0.0181394
0.0183564
0.0188142
0.0198384
0.0222876
0.0162046
0.0157965
0.0157728
0.0158234
0.0158656
0.0158678
0.0158379
0.0157781
0.0157989
0.0162265
0.0155007
0.0156127
0.0157699
0.0158851
0.0159469
0.0159482
0.015891
0.0157704
0.0156085
0.0155004
0.015723
0.0159099
0.0160631
0.016162
0.0162115
0.0162121
0.0161646
0.016063
0.015906
0.015719
0.0160115
0.0161825
0.0163026
0.016375
0.0164096
0.01641
0.0163764
0.0163026
0.01618
0.0160082
0.0162381
0.0163752
0.0164616
0.0165102
0.0165321
0.0165323
0.0165106
0.0164612
0.0163736
0.0162358
0.0163937
0.016499
0.0165571
0.0165875
0.0166004
0.0166004
0.0165874
0.0165566
0.016498
0.0163921
0.0883852
0.0877248
0.087236
0.0869334
0.0866071
0.0866224
0.0870259
0.0870615
0.0877412
0.0883279
0.0947129
0.0923864
0.0903097
0.088527
0.0877502
0.0877402
0.0882502
0.0904224
0.0924287
0.0945611
0.0480035
0.0424844
0.0390445
0.0369051
0.0358401
0.0359195
0.0367921
0.039052
0.0424469
0.0479987
0.0236072
0.0207107
0.0193726
0.0187297
0.0184501
0.0184667
0.0187249
0.0193822
0.0206781
0.0236854
0.0163035
0.0156806
0.0155417
0.0155399
0.015568
0.0155747
0.0155681
0.015556
0.0156778
0.0163336
0.0152023
0.0152508
0.0153843
0.0154932
0.0155573
0.0155607
0.0155082
0.0153921
0.0152492
0.0152042
0.0153429
0.015515
0.0156683
0.0157712
0.0158248
0.0158264
0.0157777
0.015672
0.0155133
0.0153402
0.0156221
0.0157954
0.015923
0.016002
0.0160407
0.0160413
0.0160047
0.0159248
0.0157946
0.01562
0.0158578
0.0160038
0.0160994
0.0161546
0.01618
0.0161802
0.0161554
0.0160999
0.0160032
0.0158564
0.0160262
0.0161428
0.0162095
0.0162454
0.0162608
0.0162609
0.0162455
0.0162094
0.0161422
0.0160252
0.0881755
0.0877249
0.0874312
0.0870454
0.0866225
0.0866692
0.0870817
0.0871565
0.0877948
0.0882569
0.0952682
0.0930291
0.0909911
0.0895747
0.089195
0.0890135
0.0894349
0.0913814
0.0930585
0.0949929
0.0505911
0.0449929
0.0413607
0.0390545
0.0378742
0.0379342
0.0387621
0.0413117
0.044829
0.0506413
0.025257
0.0218481
0.0201542
0.0192997
0.0189029
0.0189318
0.0192289
0.0201255
0.0217389
0.0253442
0.0165625
0.0156811
0.0154164
0.0153446
0.0153367
0.0153451
0.0153604
0.0154217
0.0156569
0.0165894
0.014964
0.0149332
0.0150398
0.015137
0.0151955
0.015199
0.0151501
0.0150469
0.0149302
0.0149667
0.0149913
0.0151429
0.0152949
0.0153996
0.0154541
0.0154555
0.0154054
0.0152988
0.0151426
0.0149903
0.015251
0.0154235
0.0155574
0.015642
0.0156832
0.0156836
0.015644
0.0155591
0.0154236
0.01525
0.0154909
0.0156441
0.0157483
0.0158098
0.015838
0.015838
0.0158102
0.0157487
0.015644
0.0154903
0.01567
0.0157969
0.015872
0.0159134
0.0159313
0.0159313
0.0159132
0.0158717
0.0157963
0.0156693
0.0879189
0.087761
0.0875995
0.0871421
0.0866813
0.0866606
0.0870613
0.0872836
0.0877893
0.0881733
0.0957572
0.0933772
0.0913459
0.0903221
0.0902925
0.0901339
0.0904657
0.091989
0.0934317
0.0952878
0.0531942
0.0474482
0.0435693
0.0411288
0.0399472
0.0399786
0.0408352
0.0435349
0.0471964
0.0532717
0.0271892
0.0232072
0.0211124
0.0200154
0.0195101
0.0195406
0.0199051
0.0210436
0.0230403
0.0272603
0.0170136
0.0158018
0.0153905
0.0152402
0.0151842
0.0151897
0.0152251
0.0153681
0.0157509
0.0170233
0.0147978
0.0146638
0.0147388
0.0148205
0.0148656
0.0148663
0.0148193
0.0147337
0.0146542
0.0147982
0.0146716
0.0147957
0.0149448
0.0150495
0.0151012
0.0151011
0.015049
0.0149433
0.0147939
0.0146716
0.0148991
0.015068
0.0152071
0.0152961
0.015338
0.0153376
0.015295
0.0152057
0.0150671
0.0148986
0.0151383
0.0152968
0.0154089
0.015476
0.0155063
0.0155058
0.0154747
0.0154075
0.0152958
0.0151376
0.0153252
0.0154612
0.0155446
0.0155914
0.0156115
0.0156112
0.0155904
0.0155434
0.0154601
0.0153244
0.0876793
0.0878201
0.0876887
0.0871965
0.0867946
0.0866211
0.0869636
0.0873816
0.0877155
0.0880835
0.0961398
0.0935428
0.0916275
0.0909372
0.0910381
0.091132
0.0913873
0.0923901
0.0936743
0.0954397
0.0557794
0.0498038
0.0456599
0.0431231
0.0420333
0.0420909
0.0430413
0.0457135
0.0495988
0.0558081
0.0293753
0.0247351
0.0222081
0.020859
0.0202826
0.0203198
0.0207968
0.0221283
0.0246008
0.029408
0.0176797
0.0160435
0.0154493
0.0152093
0.0151071
0.0151089
0.015172
0.015398
0.0159865
0.0176692
0.0147256
0.0144463
0.0144771
0.0145388
0.0145673
0.014564
0.0145201
0.0144543
0.0144288
0.0147225
0.0143897
0.0144748
0.0146167
0.0147194
0.0147665
0.0147642
0.0147104
0.0146065
0.014469
0.0143902
0.0145687
0.0147293
0.0148715
0.0149637
0.0150054
0.0150039
0.0149584
0.0148654
0.0147259
0.0145679
0.0148007
0.0149618
0.0150805
0.0151526
0.0151846
0.0151835
0.0151493
0.0150766
0.0149592
0.0147992
0.0149924
0.0151358
0.0152267
0.0152786
0.0153009
0.0153003
0.0152766
0.0152244
0.0151337
0.0149908
0.0875144
0.0878722
0.0876873
0.0871986
0.0869326
0.0865924
0.0868366
0.0874065
0.0876094
0.0879455
0.0964052
0.0936327
0.0919829
0.0915198
0.0914918
0.0919414
0.0921844
0.0927312
0.093861
0.0955403
0.0582699
0.0520387
0.0476921
0.0450893
0.0440804
0.0442591
0.045345
0.0478714
0.052022
0.0581681
0.0317389
0.0263987
0.0234248
0.0218317
0.0212141
0.0212858
0.0219124
0.0233849
0.026401
0.0317282
0.0185672
0.016413
0.0155845
0.0152395
0.0151022
0.0151059
0.0152151
0.0155285
0.0163912
0.0185548
0.0147601
0.014285
0.0142491
0.0142842
0.0142988
0.0142929
0.0142578
0.0142161
0.0142671
0.0147592
0.0141524
0.0141811
0.0143077
0.0144055
0.0144487
0.0144448
0.0143912
0.0142913
0.0141722
0.0141539
0.0142622
0.0144075
0.0145489
0.0146427
0.0146847
0.0146824
0.0146348
0.0145397
0.0144019
0.0142616
0.0144791
0.0146392
0.0147623
0.0148383
0.0148722
0.0148708
0.0148339
0.0147569
0.0146351
0.0144771
0.0146719
0.0148205
0.0149176
0.014974
0.0149988
0.014998
0.0149717
0.0149147
0.0148176
0.0146697
0.0874401
0.0878951
0.0876099
0.0871429
0.087014
0.0866106
0.0867521
0.0873547
0.0874985
0.0877367
0.0965789
0.0936929
0.0924044
0.092087
0.091813
0.0925014
0.0927698
0.0930589
0.0940512
0.0957562
0.0605534
0.0541547
0.0497209
0.0471064
0.0460883
0.0464131
0.0476456
0.0500451
0.0543891
0.0603087
0.0341685
0.0281902
0.0247776
0.0229671
0.0223034
0.0224189
0.0232144
0.0248351
0.0283854
0.0341221
0.0196623
0.0169234
0.015807
0.0153391
0.0151752
0.0151862
0.015362
0.0157863
0.0169791
0.0196728
0.0149031
0.0141895
0.0140551
0.0140537
0.0140597
0.0140543
0.0140362
0.0140298
0.0141873
0.0149133
0.0139643
0.0139174
0.0140163
0.014105
0.0141466
0.0141425
0.0140922
0.0140011
0.0139096
0.0139688
0.0139821
0.0141033
0.0142384
0.0143318
0.014375
0.0143727
0.0143246
0.0142298
0.0140978
0.0139832
0.0141745
0.0143292
0.0144537
0.0145325
0.0145686
0.0145674
0.0145287
0.0144489
0.0143252
0.0141736
0.014364
0.0145152
0.0146172
0.0146775
0.0147047
0.014704
0.0146756
0.0146147
0.0145127
0.0143625
0.0874345
0.0878647
0.087472
0.0870156
0.0869526
0.0866673
0.0867685
0.0872605
0.0873897
0.0875143
0.0966756
0.0937483
0.0928377
0.0926363
0.0921895
0.0928381
0.0930974
0.0933417
0.0942949
0.0961453
0.0625387
0.0561794
0.0518026
0.0492288
0.0481139
0.0484891
0.0498395
0.0521965
0.0566286
0.0622391
0.0365786
0.0301205
0.0263166
0.0243143
0.0235595
0.0236815
0.0246364
0.0264752
0.0304759
0.0365079
0.0209444
0.0175962
0.0161525
0.0155396
0.0153394
0.0153529
0.0156071
0.0161916
0.0177411
0.0209816
0.0151624
0.0141752
0.0139063
0.0138543
0.0138532
0.0138502
0.0138559
0.0139051
0.0142007
0.0151869
0.0138303
0.0136877
0.0137454
0.013819
0.0138602
0.0138575
0.0138137
0.0137389
0.0136862
0.0138392
0.0137305
0.013818
0.0139413
0.0140314
0.0140761
0.0140746
0.0140276
0.0139367
0.0138153
0.0137347
0.013888
0.0140321
0.0141556
0.0142358
0.0142738
0.014273
0.0142336
0.014153
0.0140303
0.0138896
0.0140693
0.0142202
0.0143257
0.0143892
0.0144183
0.0144179
0.0143881
0.0143243
0.0142193
0.0140698
0.0874634
0.0877638
0.0872786
0.0868429
0.0867645
0.0867179
0.0868423
0.0871597
0.0873032
0.0873405
0.0967091
0.0938632
0.0932609
0.0931342
0.092698
0.0930366
0.0932474
0.0935714
0.094612
0.0966249
0.0642041
0.0581659
0.053958
0.0514276
0.050172
0.05048
0.0518739
0.0542844
0.0586773
0.0640249
0.0389227
0.0322204
0.0280955
0.0259065
0.024984
0.0250539
0.0261235
0.028271
0.0325777
0.0388808
0.0223995
0.0184742
0.0166715
0.0158862
0.0156104
0.0156103
0.01594
0.0167412
0.0186484
0.0224539
0.0155496
0.0142505
0.0138277
0.0137036
0.0136859
0.0136838
0.0137165
0.0138495
0.0142958
0.0155829
0.0137555
0.0134952
0.013502
0.0135533
0.0135917
0.0135906
0.0135559
0.0135061
0.0135011
0.0137681
0.0135092
0.0135529
0.0136597
0.0137436
0.0137886
0.0137881
0.013744
0.0136601
0.0135539
0.0135163
0.0136203
0.0137484
0.0138685
0.0139487
0.0139881
0.0139879
0.0139487
0.0138687
0.0137495
0.0136245
0.013788
0.0139354
0.014043
0.0141091
0.0141399
0.0141399
0.0141092
0.0140434
0.0139368
0.0137909
0.0875039
0.0876183
0.0870409
0.0866829
0.0865694
0.0867227
0.0868562
0.0870509
0.0872508
0.0872436
0.0967324
0.0940804
0.0936766
0.0935117
0.0932252
0.0931803
0.0934095
0.0938245
0.0949755
0.097087
0.0656354
0.0600962
0.0561505
0.0536568
0.0522722
0.0524011
0.0537548
0.0563241
0.060506
0.0657225
0.0411907
0.0344724
0.0301281
0.0277418
0.0265794
0.026547
0.0276759
0.0301861
0.03464
0.0412612
0.0240095
0.0195854
0.0174103
0.0164141
0.0160053
0.0159727
0.0163672
0.0174236
0.0196705
0.0240822
0.0160733
0.014431
0.013843
0.0136267
0.0135678
0.0135617
0.0136256
0.0138578
0.0144633
0.0161069
0.0137528
0.0133443
0.0132941
0.0133162
0.0133449
0.0133444
0.0133206
0.0133014
0.0133519
0.0137659
0.0133219
0.0133091
0.0133961
0.0134712
0.0135141
0.0135145
0.0134741
0.0133995
0.0133123
0.0133293
0.0133722
0.0134787
0.013593
0.0136721
0.0137121
0.0137125
0.0136739
0.0135954
0.0134818
0.0133776
0.0135204
0.0136611
0.0137692
0.0138373
0.0138697
0.0138701
0.0138385
0.0137711
0.0136641
0.0135248
0.0875456
0.0874683
0.0867818
0.0866017
0.0865142
0.0866722
0.0867317
0.0868834
0.0872405
0.0872375
0.0968431
0.0944202
0.0941251
0.0937195
0.0935489
0.0933399
0.093734
0.0942164
0.0953336
0.0974672
0.0669645
0.0618896
0.0583066
0.0558387
0.0543836
0.0542939
0.0555958
0.0583207
0.062168
0.067301
0.0433926
0.0367844
0.0323575
0.0297513
0.0283325
0.028201
0.029373
0.0322079
0.0367066
0.0436031
0.0257559
0.0209155
0.0183831
0.0171264
0.0165333
0.0164681
0.0169356
0.0182521
0.0208299
0.0258507
0.0167528
0.014734
0.0139592
0.0136369
0.0135136
0.0134999
0.0135986
0.0139271
0.0147139
0.0167799
0.0138299
0.013241
0.0131253
0.0131138
0.0131249
0.0131234
0.0131116
0.0131228
0.0132398
0.0138384
0.0131711
0.013088
0.0131517
0.0132165
0.0132546
0.0132551
0.0132188
0.0131538
0.0130897
0.0131758
0.0131445
0.0132234
0.01333
0.013407
0.0134465
0.0134472
0.0134092
0.0133326
0.0132263
0.0131489
0.0132669
0.0133975
0.013505
0.0135744
0.013608
0.0136085
0.0135759
0.0135072
0.0134004
0.0132709
0.0875789
0.0873461
0.0865764
0.0866226
0.086631
0.0866042
0.0865112
0.086621
0.0872557
0.0873216
0.0971054
0.0948756
0.0946031
0.0937803
0.0935557
0.0935052
0.0941707
0.094781
0.0956203
0.0977016
0.0682311
0.0635003
0.0603266
0.0578455
0.0563805
0.0562094
0.0574763
0.0602444
0.0637104
0.0686769
0.045516
0.0390622
0.0346621
0.0318096
0.0301893
0.0300642
0.0313117
0.0343634
0.0388407
0.0458137
0.027616
0.0224266
0.0195482
0.0179871
0.0171994
0.0171436
0.0177274
0.0192854
0.0221879
0.0277272
0.017608
0.0151726
0.0141711
0.0137225
0.0135257
0.0135102
0.0136541
0.0140802
0.0150835
0.017629
0.0139933
0.0131937
0.012995
0.0129451
0.0129338
0.0129308
0.0129325
0.0129747
0.0131742
0.0139963
0.0130591
0.0128918
0.0129271
0.0129801
0.0130114
0.0130113
0.0129788
0.0129238
0.0128881
0.0130599
0.0129386
0.0129832
0.0130801
0.0131541
0.013192
0.0131923
0.0131546
0.0130804
0.0129835
0.0129404
0.0130282
0.013145
0.0132507
0.0133209
0.0133549
0.0133551
0.0133214
0.0132515
0.013146
0.0130301
0.0875863
0.0872731
0.0865295
0.0866921
0.0868266
0.0865926
0.0863322
0.0863332
0.0872552
0.0874782
0.0974646
0.0953567
0.0950096
0.0938314
0.0933849
0.0935941
0.0945271
0.0953784
0.0958259
0.0977556
0.0694195
0.0649643
0.062132
0.0596004
0.0580825
0.0580968
0.0593626
0.0620409
0.0651123
0.0697846
0.0475232
0.0412817
0.0369097
0.0338023
0.0320534
0.0321127
0.0335023
0.0366525
0.0410325
0.0478026
0.0295584
0.0240921
0.0208298
0.0189367
0.0179944
0.0180265
0.0187926
0.0205826
0.0237861
0.0296687
0.0186432
0.0157531
0.0144648
0.0138657
0.0136021
0.0136016
0.0138155
0.0143594
0.0156186
0.0186696
0.0142571
0.0132173
0.0129014
0.0128052
0.0127715
0.012769
0.012789
0.0128701
0.0131813
0.0142608
0.0129921
0.0127254
0.0127223
0.012761
0.0127849
0.0127837
0.0127556
0.0127134
0.0127157
0.0129914
0.0127569
0.0127598
0.0128436
0.0129134
0.0129489
0.0129483
0.0129109
0.0128403
0.0127562
0.0127563
0.0128056
0.0129044
0.0130066
0.0130766
0.0131105
0.0131101
0.0130752
0.0130048
0.0129023
0.0128046
0.0875752
0.0872653
0.0866836
0.0867573
0.0869851
0.086683
0.0863165
0.0861801
0.0872077
0.0876745
0.0978272
0.0957476
0.0952406
0.0940306
0.0932771
0.0935932
0.0946433
0.0957895
0.0960011
0.0976921
0.0705009
0.066304
0.0636615
0.0611068
0.0595092
0.0598165
0.061131
0.0636499
0.0663576
0.0705804
0.0493981
0.0434281
0.0389935
0.0356749
0.0338831
0.0342023
0.0358041
0.0389943
0.0432291
0.0495346
0.0315473
0.0258741
0.022158
0.0199396
0.0189155
0.0190791
0.0200838
0.022137
0.0256238
0.0316276
0.0198442
0.0164813
0.0148285
0.0140586
0.0137472
0.0137774
0.0140905
0.0147991
0.0163675
0.0198883
0.0146317
0.0133132
0.0128449
0.0126912
0.0126387
0.0126402
0.0126866
0.0128273
0.013283
0.0146488
0.0129808
0.0125916
0.0125375
0.0125578
0.0125747
0.0125732
0.0125515
0.0125289
0.0125822
0.0129853
0.0126035
0.0125545
0.0126205
0.0126841
0.0127172
0.0127158
0.0126794
0.0126151
0.0125488
0.0126031
0.0126006
0.0126763
0.0127727
0.0128413
0.0128749
0.0128739
0.0128383
0.0127688
0.0126717
0.0125979
0.0876005
0.0873362
0.0869834
0.0868191
0.0870481
0.0868606
0.0865085
0.0862848
0.0871609
0.0878807
0.098103
0.096023
0.0952865
0.094395
0.0933931
0.0935815
0.0945209
0.0958619
0.0961517
0.0976146
0.0714362
0.0674691
0.0648319
0.0624442
0.060828
0.0612092
0.0626348
0.0650251
0.0674763
0.0711723
0.0511066
0.0454166
0.0408486
0.0374559
0.0357188
0.0361354
0.0379801
0.0412354
0.0453642
0.0510274
0.0335111
0.027685
0.0234967
0.0210153
0.0199755
0.020204
0.0214541
0.0238419
0.027631
0.0335403
0.0211624
0.0173355
0.0152624
0.0143162
0.0139719
0.0140264
0.0144529
0.0153904
0.0173339
0.021235
0.0151126
0.0134809
0.0128361
0.0126078
0.0125393
0.0125463
0.0126269
0.0128612
0.0134894
0.015159
0.0130353
0.0124938
0.0123767
0.0123717
0.0123821
0.0123813
0.0123693
0.0123769
0.0124951
0.013053
0.0124842
0.0123695
0.0124122
0.0124668
0.0124976
0.012496
0.0124624
0.0124076
0.0123659
0.012488
0.0124154
0.0124618
0.0125497
0.0126156
0.0126486
0.0126474
0.0126122
0.0125453
0.0124572
0.0124139
0.0877613
0.0875284
0.0873621
0.0869918
0.0871006
0.0871197
0.0868866
0.0866858
0.0872628
0.088131
0.0982321
0.0961732
0.0951667
0.0946931
0.0936911
0.093615
0.0943269
0.0956237
0.0962523
0.0975686
0.072182
0.0683986
0.0656816
0.0636215
0.0621196
0.0622979
0.0637686
0.0660954
0.068468
0.0716937
0.0525848
0.0471392
0.0424947
0.0391994
0.0375691
0.0378225
0.0398233
0.0432108
0.0473213
0.0523412
0.0353446
0.0294115
0.0248597
0.0222101
0.0211616
0.0213168
0.022735
0.0255205
0.02964
0.035346
0.0225195
0.0182696
0.0157894
0.0146652
0.0142846
0.0143295
0.0148493
0.0160754
0.0184347
0.0226331
0.0156863
0.0137193
0.0128829
0.0125701
0.0124797
0.0124871
0.012608
0.0129559
0.0137862
0.0157719
0.0131486
0.0124343
0.0122441
0.0122075
0.0122093
0.0122092
0.0122107
0.0122561
0.0124534
0.0131844
0.0123972
0.0122061
0.0122204
0.0122632
0.0122908
0.0122897
0.0122607
0.0122188
0.0122085
0.0124084
0.0122502
0.0122616
0.0123384
0.0124002
0.0124323
0.0124314
0.0123977
0.0123351
0.0122598
0.0122526
0.0881065
0.0878798
0.0877652
0.0873388
0.0872763
0.0874617
0.0874118
0.087312
0.087631
0.0884736
0.098183
0.0961889
0.0949741
0.0947181
0.0939923
0.0937155
0.0941913
0.0952746
0.0962517
0.0975328
0.0727214
0.069083
0.0663226
0.0645736
0.0633341
0.0632215
0.0645372
0.0668165
0.069275
0.0721976
0.0538066
0.048543
0.0439954
0.0408987
0.0393762
0.0393099
0.0412456
0.0448026
0.0489384
0.0535294
0.0369341
0.0309713
0.0262756
0.0235316
0.0224234
0.0223924
0.0238457
0.0270075
0.0314235
0.0369482
0.0238181
0.0192353
0.0164345
0.0151254
0.0146729
0.0146667
0.0152428
0.0167671
0.0195241
0.0239617
0.0163139
0.0140186
0.0129914
0.0125901
0.0124653
0.0124625
0.0126153
0.0130785
0.0141277
0.0164262
0.0133037
0.0124126
0.0121427
0.0120715
0.0120607
0.0120592
0.0120737
0.0121576
0.012444
0.0133511
0.0123376
0.012066
0.0120482
0.0120775
0.0121003
0.0120995
0.0120759
0.0120482
0.0120733
0.0123534
0.0121057
0.0120786
0.0121421
0.012199
0.0122293
0.0122288
0.0121973
0.0121403
0.01208
0.0121112
0.0888777
0.0886709
0.0884739
0.0881181
0.0879523
0.0881942
0.0883326
0.0883448
0.0885405
0.089191
0.0979081
0.095987
0.094676
0.0943538
0.0939987
0.0936927
0.0940255
0.0948625
0.0960533
0.0974364
0.0729879
0.0694678
0.0667564
0.0651742
0.0642257
0.0638858
0.0649226
0.0671587
0.0697396
0.0726037
0.0547323
0.0495966
0.0453166
0.0424172
0.0409275
0.0405516
0.0422403
0.0458917
0.0500624
0.0545068
0.0382381
0.0323015
0.0276849
0.0248744
0.0236111
0.0233717
0.0247633
0.0281654
0.0327903
0.0382465
0.0249793
0.020167
0.017164
0.0156645
0.0150809
0.0150022
0.0156116
0.0173664
0.020453
0.0250945
0.0169369
0.0143475
0.0131468
0.0126506
0.0124762
0.0124558
0.0126305
0.0131887
0.0144444
0.0170298
0.0134752
0.0124204
0.0120649
0.0119574
0.01193
0.011925
0.0119497
0.0120675
0.0124453
0.0135137
0.0122945
0.0119455
0.0118921
0.0119076
0.0119245
0.0119233
0.0119045
0.0118904
0.0119515
0.0123073
0.0119772
0.0119117
0.0119601
0.0120119
0.0120402
0.0120397
0.0120102
0.011959
0.0119138
0.0119821
0.0898075
0.0896252
0.0892978
0.0890326
0.0888941
0.0890985
0.0893618
0.089482
0.0896709
0.0900548
0.0976173
0.0957074
0.0943931
0.0938686
0.0937538
0.0935648
0.0938568
0.0945347
0.0957944
0.0974065
0.073161
0.0697337
0.067145
0.0655746
0.0647448
0.0643177
0.0651409
0.0672982
0.0699661
0.0729606
0.0554777
0.0504586
0.0464805
0.0436939
0.0420883
0.0415514
0.0430073
0.0465647
0.0507689
0.0552829
0.0392935
0.0334701
0.0290074
0.0261121
0.0245974
0.024231
0.0255671
0.0289947
0.0337472
0.039225
0.0259699
0.0210597
0.0179156
0.0162216
0.015458
0.0153231
0.0159745
0.0178482
0.0211845
0.0259786
0.017517
0.014705
0.0133357
0.0127388
0.012501
0.0124657
0.0126627
0.0132856
0.0147249
0.0175378
0.0136552
0.0124653
0.0120202
0.0118764
0.0118299
0.0118215
0.0118552
0.0119984
0.0124624
0.0136638
0.0122815
0.0118634
0.0117727
0.011775
0.0117859
0.0117836
0.0117686
0.0117653
0.0118602
0.0122823
0.011885
0.0117839
0.0118164
0.0118634
0.0118905
0.0118893
0.0118607
0.0118139
0.0117824
0.0118842
0.0927067
0.0925719
0.0921579
0.0919279
0.0918937
0.0919907
0.0923026
0.0925387
0.0927586
0.0929152
0.0969457
0.0948245
0.09346
0.0927287
0.0925995
0.0925836
0.0928838
0.0935765
0.0949277
0.0969132
0.0725905
0.0692029
0.0666938
0.0650124
0.0640493
0.0637273
0.0644757
0.0665174
0.0692703
0.0724662
0.0553826
0.0505729
0.0467785
0.0439838
0.0421598
0.0416874
0.0430468
0.0463413
0.050558
0.0551559
0.0396889
0.0340705
0.0296856
0.0266909
0.0249288
0.0245788
0.0259194
0.0291771
0.033974
0.0394988
0.0264969
0.0216389
0.0183691
0.0165152
0.0155919
0.0154489
0.0161539
0.0180301
0.0215079
0.0263671
0.0178604
0.0149519
0.0134298
0.0127471
0.0124548
0.0124156
0.0126366
0.0132896
0.0148608
0.01779
0.0137484
0.0124805
0.0119547
0.0117802
0.0117185
0.0117091
0.011751
0.0119095
0.0124396
0.0137191
0.0122467
0.0117829
0.0116593
0.0116525
0.0116602
0.0116574
0.0116441
0.0116452
0.0117656
0.0122315
0.0117962
0.0116725
0.0116927
0.0117375
0.011765
0.0117637
0.011734
0.0116874
0.0116638
0.0117867
0.0934365
0.093235
0.092764
0.0925109
0.0925911
0.0925545
0.0928694
0.0932053
0.0935096
0.0936464
0.0972216
0.0949949
0.093746
0.0929948
0.0926796
0.0928443
0.0931069
0.0938301
0.0951109
0.0971889
0.0729965
0.0697456
0.0673227
0.0655603
0.0643272
0.0642286
0.0649723
0.0668303
0.0695885
0.0728425
0.0559423
0.051396
0.0475829
0.0447178
0.0426813
0.0424294
0.0437926
0.0467175
0.0509969
0.0556468
0.040322
0.0350038
0.0305217
0.0273752
0.0254097
0.0251937
0.0266088
0.0296461
0.0345283
0.0400035
0.0271163
0.0223752
0.0188802
0.0168447
0.0157861
0.0156865
0.0164764
0.0183496
0.0219962
0.0268568
0.0182634
0.0153036
0.013584
0.012811
0.0124761
0.0124474
0.0126997
0.0133846
0.0151061
0.0181133
0.0139091
0.0125921
0.0119877
0.011791
0.0117219
0.0117151
0.0117633
0.0119279
0.0125173
0.0138479
0.0123102
0.0118275
0.0116758
0.0116574
0.0116616
0.0116594
0.0116492
0.0116568
0.0117978
0.0122827
0.0118376
0.0116945
0.0116977
0.0117383
0.0117655
0.0117646
0.011735
0.0116901
0.0116804
0.0118218
0.106201
0.106187
0.105761
0.105368
0.105238
0.105156
0.105466
0.105956
0.106365
0.106379
0.0941829
0.091056
0.0891225
0.0880105
0.0873855
0.0875763
0.0880499
0.0890928
0.0910656
0.0939737
0.0686503
0.0651818
0.0622163
0.0600356
0.0586393
0.0587572
0.0597859
0.0617719
0.0648723
0.0683893
0.0518986
0.0474865
0.0432636
0.0400866
0.0381075
0.0381395
0.0396846
0.0425765
0.0469926
0.0515722
0.0371227
0.0322119
0.0276328
0.024472
0.0227158
0.0226949
0.0241124
0.0269901
0.0317141
0.0368002
0.0250024
0.0208944
0.0175652
0.015671
0.0147947
0.0147733
0.0154868
0.0171922
0.0205411
0.0247573
0.0172408
0.0148176
0.0132632
0.0125951
0.0123448
0.0123373
0.0125401
0.0131308
0.0146522
0.0171052
0.0136326
0.0125974
0.0120747
0.0119073
0.0118622
0.0118607
0.0118939
0.0120352
0.0125386
0.0135794
0.0123693
0.0119939
0.0118615
0.0118588
0.0118749
0.0118747
0.0118552
0.011848
0.0119705
0.0123468
0.0119825
0.0118938
0.0119122
0.0119615
0.0119941
0.0119941
0.0119603
0.0119061
0.0118817
0.0119697
0.0356605
0.0346423
0.0339653
0.033538
0.0333344
0.0333336
0.0335371
0.0339636
0.0346475
0.0356548
0.0262763
0.0261633
0.0260762
0.0260318
0.0260107
0.0260129
0.0260348
0.0260777
0.0261545
0.0262861
0.0257125
0.0256898
0.0256725
0.025666
0.0256629
0.0256637
0.025667
0.0256731
0.0256868
0.0257164
0.0256418
0.025637
0.0256339
0.025633
0.0256326
0.0256327
0.0256331
0.0256341
0.0256366
0.0256424
0.0256316
0.0256309
0.0256306
0.0256306
0.0256306
0.0256306
0.0256306
0.0256306
0.0256309
0.0256316
0.0256307
0.0256307
0.0256308
0.0256308
0.0256308
0.0256308
0.0256308
0.0256308
0.0256307
0.0256306
0.0256308
0.0256309
0.0256309
0.0256309
0.0256309
0.0256309
0.0256309
0.0256309
0.0256309
0.0256308
0.0256309
0.0256309
0.0256309
0.0256309
0.0256309
0.0256309
0.0256309
0.0256309
0.0256309
0.0256309
0.0256309
0.0256309
0.0256309
0.0256309
0.0256309
0.0256309
0.0256309
0.0256309
0.0256309
0.0256309
0.0256309
0.0256309
0.0256309
0.0256308
0.0256308
0.0256308
0.0256308
0.0256309
0.0256309
0.0256309
0.0566452
0.0533652
0.0511465
0.0497574
0.0490873
0.0490788
0.0497439
0.0511465
0.0533898
0.0566079
0.027738
0.0273041
0.0270163
0.0268462
0.0267728
0.0267889
0.0268711
0.027014
0.0272568
0.0277982
0.0253409
0.0252573
0.0251974
0.0251642
0.0251508
0.0251566
0.0251726
0.0251958
0.0252405
0.025363
0.0249996
0.0249719
0.0249536
0.0249437
0.0249401
0.0249415
0.024946
0.0249533
0.0249679
0.025006
0.024921
0.0249116
0.0249062
0.0249035
0.0249026
0.0249029
0.024904
0.0249063
0.0249108
0.0249226
0.0249013
0.0248984
0.024897
0.0248964
0.0248962
0.0248963
0.0248965
0.0248971
0.0248982
0.0249016
0.0248965
0.0248957
0.0248954
0.0248953
0.0248953
0.0248953
0.0248953
0.0248954
0.0248957
0.0248966
0.0248954
0.0248952
0.0248951
0.0248951
0.0248951
0.0248951
0.0248951
0.0248951
0.0248952
0.0248955
0.0248952
0.0248951
0.024895
0.024895
0.024895
0.024895
0.024895
0.024895
0.0248951
0.0248952
0.0248951
0.024895
0.0248949
0.0248949
0.0248949
0.0248949
0.0248949
0.0248949
0.024895
0.024895
0.0758533
0.0711708
0.0677881
0.0656479
0.0646057
0.0645883
0.0656299
0.0678051
0.0712058
0.0757856
0.0300483
0.0291198
0.0286057
0.0282652
0.0281037
0.0281293
0.0282929
0.0285755
0.0290457
0.0301471
0.0250371
0.0248994
0.0248273
0.0247746
0.0247495
0.0247576
0.0247832
0.0248175
0.024875
0.0250708
0.024421
0.0243728
0.0243465
0.0243283
0.02432
0.0243225
0.0243312
0.0243436
0.0243656
0.0244331
0.0242681
0.0242472
0.0242361
0.0242292
0.0242263
0.0242269
0.0242301
0.0242354
0.0242453
0.0242719
0.0242199
0.0242111
0.024207
0.0242047
0.0242037
0.0242039
0.0242049
0.0242068
0.0242107
0.0242209
0.0242043
0.0242009
0.0241995
0.0241989
0.0241986
0.0241986
0.0241989
0.0241995
0.0242008
0.0242046
0.0241994
0.0241981
0.0241977
0.0241975
0.0241974
0.0241974
0.0241975
0.0241977
0.0241981
0.0241994
0.0241979
0.0241973
0.0241972
0.0241971
0.0241971
0.0241971
0.0241971
0.0241972
0.0241974
0.0241979
0.0241973
0.0241971
0.024197
0.0241969
0.0241969
0.0241969
0.0241969
0.024197
0.0241971
0.0241974
0.0898144
0.0851764
0.0815018
0.0790898
0.077903
0.0778918
0.0791017
0.0815397
0.0852124
0.0897219
0.0332433
0.0316314
0.0308057
0.0302826
0.0299979
0.0300099
0.0302503
0.0307318
0.0315387
0.0333836
0.0247393
0.0245572
0.0244749
0.0244172
0.0243836
0.0243872
0.0244112
0.0244582
0.0245322
0.0247801
0.0238561
0.0238019
0.0237746
0.0237544
0.023743
0.0237445
0.0237532
0.0237687
0.023794
0.023872
0.0236526
0.0236253
0.0236108
0.0236009
0.0235957
0.0235962
0.0236005
0.0236085
0.0236229
0.0236584
0.0235811
0.0235667
0.0235595
0.0235551
0.0235529
0.023553
0.0235549
0.0235587
0.023566
0.0235828
0.0235532
0.0235461
0.023543
0.0235413
0.0235406
0.0235406
0.0235413
0.0235428
0.023546
0.0235536
0.0235424
0.0235392
0.023538
0.0235374
0.0235372
0.0235371
0.0235374
0.0235379
0.0235392
0.0235425
0.0235384
0.023537
0.0235365
0.0235363
0.0235362
0.0235362
0.0235363
0.0235365
0.023537
0.0235384
0.0235369
0.0235362
0.023536
0.0235359
0.0235359
0.0235359
0.0235359
0.023536
0.0235362
0.0235369
0.097567
0.094043
0.0909615
0.0887645
0.0876588
0.087675
0.0888192
0.0909775
0.094063
0.09745
0.0375739
0.0350678
0.0336236
0.0328751
0.032484
0.0324409
0.0327416
0.0335671
0.0349909
0.0377412
0.0244639
0.0242394
0.0241332
0.0240834
0.0240529
0.0240461
0.0240601
0.024124
0.0242271
0.0245127
0.0232558
0.0232239
0.0232096
0.0231989
0.0231904
0.0231886
0.0231918
0.0232046
0.0232202
0.0232751
0.0230453
0.023026
0.0230151
0.0230066
0.0230013
0.0230008
0.0230041
0.023012
0.0230248
0.0230529
0.0229713
0.0229568
0.0229486
0.0229431
0.0229402
0.02294
0.0229422
0.0229473
0.0229564
0.0229737
0.0229375
0.0229282
0.0229234
0.0229207
0.0229194
0.0229192
0.0229203
0.022923
0.0229281
0.0229381
0.0229217
0.0229165
0.0229141
0.022913
0.0229125
0.0229124
0.0229129
0.0229141
0.0229165
0.0229218
0.0229147
0.022912
0.022911
0.0229105
0.0229103
0.0229103
0.0229105
0.0229109
0.022912
0.0229147
0.0229117
0.0229104
0.0229099
0.0229097
0.0229096
0.0229096
0.0229097
0.0229099
0.0229103
0.0229117
0.100392
0.0983003
0.0962131
0.0945194
0.0936143
0.0936684
0.0945731
0.0961687
0.0982919
0.10023
0.042472
0.0392222
0.037196
0.0362314
0.0357843
0.0356606
0.0360747
0.0372196
0.0392012
0.0427355
0.0242002
0.0239416
0.0238268
0.0237992
0.0237847
0.0237641
0.0237724
0.0238365
0.0239492
0.0242701
0.0225905
0.0226067
0.0226258
0.0226391
0.0226426
0.0226368
0.0226296
0.0226266
0.0226117
0.0226154
0.0224206
0.022427
0.0224311
0.0224315
0.0224302
0.0224282
0.0224277
0.0224298
0.0224292
0.0224312
0.0223734
0.0223689
0.022365
0.0223615
0.0223593
0.0223587
0.0223601
0.0223642
0.0223701
0.0223776
0.0223476
0.0223407
0.0223361
0.0223331
0.0223316
0.0223314
0.0223327
0.0223359
0.0223413
0.0223492
0.0223322
0.0223266
0.0223234
0.0223217
0.022321
0.0223209
0.0223216
0.0223234
0.0223268
0.0223328
0.0223236
0.02232
0.0223182
0.0223174
0.0223171
0.022317
0.0223174
0.0223182
0.02232
0.0223238
0.0223193
0.0223171
0.0223163
0.0223159
0.0223158
0.0223158
0.0223159
0.0223162
0.022317
0.0223193
0.100065
0.0993092
0.0982286
0.0971689
0.0965161
0.0965695
0.0971522
0.0981363
0.0992707
0.0998604
0.0479583
0.0437992
0.0411769
0.0398832
0.0394031
0.0392755
0.0398364
0.0413035
0.04387
0.0483907
0.0240641
0.0236931
0.023546
0.0235232
0.0235252
0.0235024
0.023513
0.0235785
0.0237222
0.0241715
0.0218755
0.0219439
0.0220067
0.0220516
0.0220724
0.0220648
0.022046
0.0220156
0.021959
0.02191
0.0217684
0.0218138
0.0218435
0.0218603
0.021867
0.0218641
0.0218575
0.0218468
0.0218213
0.0217838
0.0217745
0.0217908
0.0217982
0.0218012
0.0218019
0.021801
0.0218003
0.0217998
0.0217949
0.021782
0.0217738
0.021776
0.021775
0.0217738
0.0217729
0.0217726
0.0217736
0.0217757
0.021778
0.0217775
0.0217675
0.0217647
0.0217621
0.0217605
0.0217596
0.0217596
0.0217604
0.0217625
0.0217655
0.0217691
0.021761
0.0217577
0.0217556
0.0217545
0.021754
0.021754
0.0217545
0.0217557
0.0217579
0.0217617
0.0217565
0.0217538
0.0217526
0.0217521
0.0217519
0.0217519
0.0217521
0.0217526
0.0217539
0.0217568
0.0980764
0.0983824
0.0980732
0.0976327
0.0972593
0.0972639
0.0975163
0.0980002
0.0983214
0.0978622
0.0539734
0.0487885
0.0456151
0.0438399
0.0432434
0.0432133
0.0440364
0.0458076
0.0489681
0.0545565
0.024202
0.0235821
0.0233548
0.0232917
0.023295
0.0232873
0.0233205
0.0234084
0.0236405
0.0243583
0.0211553
0.0212577
0.0213598
0.0214349
0.0214721
0.0214667
0.0214376
0.0213759
0.0212815
0.0212029
0.0210943
0.0211841
0.0212452
0.0212834
0.0213007
0.0212982
0.0212841
0.0212543
0.0211972
0.0211163
0.0211698
0.0212151
0.0212402
0.021254
0.0212597
0.0212589
0.0212547
0.0212452
0.0212226
0.0211818
0.0212091
0.021227
0.0212341
0.021237
0.0212379
0.0212379
0.0212376
0.0212364
0.0212308
0.0212155
0.0212216
0.021226
0.0212262
0.0212256
0.0212252
0.0212252
0.021226
0.0212271
0.0212277
0.0212249
0.0212224
0.0212217
0.0212201
0.0212191
0.0212186
0.0212186
0.0212192
0.0212205
0.0212224
0.0212241
0.02122
0.021218
0.0212166
0.0212159
0.0212157
0.0212156
0.0212159
0.0212167
0.0212183
0.0212209
0.0955191
0.0964818
0.0966617
0.0967158
0.0966216
0.0965543
0.0965536
0.0966953
0.0963914
0.0953392
0.0602575
0.0541328
0.0505331
0.0482331
0.0473738
0.0475167
0.0486599
0.0506601
0.0544163
0.0608831
0.0247007
0.0237055
0.0233484
0.0231894
0.0231638
0.0231866
0.0232702
0.0234134
0.0238109
0.024891
0.0204796
0.0205841
0.0207104
0.0208068
0.0208565
0.0208564
0.020819
0.0207306
0.0206152
0.0205425
0.0204138
0.0205456
0.0206384
0.0206991
0.0207277
0.0207271
0.0207044
0.0206522
0.0205629
0.020444
0.0205613
0.0206398
0.0206868
0.0207143
0.0207266
0.0207264
0.0207173
0.0206949
0.0206502
0.0205781
0.0206501
0.0206891
0.0207084
0.0207179
0.0207218
0.0207221
0.0207196
0.0207122
0.0206947
0.0206594
0.02069
0.0207061
0.0207117
0.0207135
0.0207141
0.0207144
0.0207144
0.0207132
0.0207088
0.020695
0.0207037
0.0207086
0.0207089
0.0207085
0.0207082
0.0207083
0.0207088
0.0207096
0.0207099
0.0207065
0.0207066
0.0207069
0.0207058
0.0207052
0.0207049
0.0207049
0.0207053
0.0207062
0.0207076
0.0207081
0.0930958
0.0942925
0.0947123
0.0950351
0.0951787
0.0950649
0.0949398
0.0948612
0.0941427
0.0929427
0.0664744
0.0596572
0.0557433
0.05308
0.0518546
0.0521324
0.0535209
0.0556975
0.0600686
0.0670649
0.0255728
0.0241208
0.0236016
0.0233143
0.0232157
0.0232707
0.0234254
0.0236534
0.0242894
0.0257718
0.0199014
0.0199586
0.0200911
0.0201949
0.0202509
0.0202577
0.0202154
0.020112
0.0199973
0.0199762
0.0197496
0.0199099
0.020032
0.0201122
0.0201515
0.0201537
0.0201219
0.0200472
0.0199303
0.0197864
0.0199568
0.0200669
0.0201378
0.0201798
0.0201993
0.0202004
0.0201849
0.0201472
0.020079
0.0199769
0.0200973
0.02016
0.0201947
0.0202126
0.0202203
0.0202211
0.0202153
0.0201994
0.0201669
0.0201086
0.0201699
0.0202011
0.020215
0.0202208
0.020223
0.0202236
0.0202222
0.0202171
0.0202048
0.0201762
0.0202017
0.020215
0.020219
0.02022
0.0202203
0.0202205
0.0202206
0.02022
0.0202169
0.0202051
0.0202133
0.0202178
0.020218
0.0202177
0.0202176
0.0202177
0.020218
0.0202185
0.0202188
0.0202151
0.0911753
0.0922258
0.092734
0.0931001
0.0933688
0.0932756
0.093166
0.0929355
0.0920062
0.0909846
0.0722808
0.0651875
0.0609818
0.0581828
0.0566319
0.0569194
0.0583719
0.0607493
0.0657382
0.0728809
0.0268001
0.0248749
0.0241388
0.0237159
0.0235051
0.0235728
0.0238005
0.0241441
0.0250865
0.0270133
0.0194573
0.0194167
0.0195316
0.0196272
0.0196817
0.0196942
0.0196515
0.0195499
0.0194638
0.0195314
0.0191174
0.0192905
0.0194363
0.0195309
0.0195788
0.0195841
0.0195437
0.0194502
0.0193131
0.0191544
0.0193638
0.0195003
0.0195948
0.0196507
0.0196773
0.0196799
0.0196574
0.0196036
0.0195134
0.0193841
0.0195526
0.019639
0.0196908
0.0197185
0.0197308
0.0197321
0.0197219
0.0196959
0.0196468
0.0195642
0.0196603
0.0197087
0.0197332
0.0197445
0.0197492
0.0197498
0.0197462
0.0197358
0.0197133
0.0196669
0.0197138
0.0197381
0.0197476
0.0197512
0.0197526
0.0197529
0.019752
0.019749
0.0197406
0.0197174
0.0197372
0.0197481
0.0197508
0.0197515
0.0197517
0.0197518
0.0197519
0.0197515
0.0197493
0.0197391
0.0898764
0.0905246
0.0910155
0.0912831
0.0915291
0.0915221
0.0914989
0.0911763
0.0902532
0.0895927
0.0773964
0.0704955
0.0660239
0.0632481
0.061555
0.0617081
0.0630456
0.0656888
0.0711843
0.0781302
0.028371
0.0259976
0.0249507
0.0243864
0.0240499
0.0240972
0.0243816
0.0248847
0.0262036
0.0286291
0.0191445
0.0189866
0.0190589
0.0191298
0.0191737
0.019188
0.0191511
0.0190715
0.0190389
0.0192077
0.0185222
0.0186959
0.0188614
0.0189657
0.0190193
0.0190266
0.0189793
0.0188731
0.0187201
0.0185519
0.0187867
0.0189438
0.0190606
0.0191294
0.0191625
0.0191662
0.0191368
0.0190682
0.018958
0.018804
0.0190181
0.0191265
0.0191963
0.0192345
0.0192518
0.0192534
0.0192381
0.0192014
0.0191354
0.0190286
0.0191609
0.0192276
0.0192642
0.0192825
0.0192903
0.0192909
0.0192843
0.0192674
0.0192329
0.019167
0.0192384
0.0192758
0.0192926
0.0192999
0.0193028
0.019303
0.0193008
0.0192943
0.0192786
0.0192419
0.0192762
0.0192957
0.0193023
0.0193046
0.0193053
0.0193055
0.019305
0.0193031
0.019297
0.0192781
0.089151
0.0893173
0.0896458
0.0897748
0.089902
0.0899887
0.0900352
0.0897057
0.0890239
0.0887745
0.0816225
0.0752687
0.0707263
0.0680344
0.0664112
0.0663502
0.0675
0.070423
0.0761075
0.0825833
0.03025
0.0274525
0.0260118
0.0252897
0.0248525
0.0248487
0.0251624
0.0258849
0.0276364
0.0305739
0.018973
0.0186702
0.0186858
0.0187244
0.0187489
0.0187605
0.0187363
0.0186927
0.0187208
0.0190234
0.0179675
0.018131
0.0183126
0.0184249
0.0184817
0.0184894
0.0184374
0.0183229
0.0181556
0.017986
0.0182276
0.0184009
0.0185381
0.0186193
0.0186583
0.0186622
0.0186262
0.018545
0.0184162
0.0182404
0.0184954
0.0186243
0.0187115
0.0187608
0.0187832
0.0187847
0.0187641
0.0187167
0.018634
0.018504
0.0186721
0.0187574
0.0188072
0.0188334
0.0188447
0.018845
0.018835
0.0188107
0.0187631
0.0186774
0.0187748
0.0188266
0.0188523
0.0188643
0.018869
0.0188692
0.018865
0.0188542
0.0188296
0.0187779
0.0188289
0.0188587
0.0188704
0.0188751
0.0188768
0.0188769
0.0188755
0.0188712
0.0188601
0.0188307
0.0888376
0.0886004
0.0886237
0.0886235
0.0886203
0.0887417
0.0887944
0.0885609
0.0883204
0.0884323
0.0849342
0.0792794
0.0750063
0.072395
0.0709635
0.0707333
0.0717648
0.0748746
0.0802374
0.086071
0.0323821
0.0291334
0.0273065
0.0264039
0.0259041
0.0258361
0.026172
0.027179
0.0293318
0.03275
0.0189698
0.0184732
0.0184038
0.0184091
0.0184139
0.0184185
0.0184086
0.0184077
0.0185181
0.0190109
0.0174627
0.017603
0.0177917
0.017912
0.0179703
0.0179766
0.0179213
0.0178007
0.0176255
0.0174707
0.0176895
0.0178758
0.01803
0.0181234
0.0181675
0.0181704
0.0181284
0.0180363
0.0178906
0.017698
0.0179863
0.0181344
0.0182379
0.0182983
0.0183257
0.0183266
0.0183005
0.0182427
0.0181439
0.017993
0.0181946
0.0182985
0.0183618
0.0183964
0.0184113
0.0184114
0.0183974
0.0183652
0.018304
0.0181992
0.0183225
0.0183898
0.0184253
0.0184427
0.0184497
0.0184497
0.0184433
0.0184271
0.0183926
0.0183255
0.0183941
0.0184357
0.0184538
0.0184615
0.0184643
0.0184644
0.0184618
0.0184545
0.018437
0.0183959
0.0887383
0.0882599
0.0879222
0.0878132
0.0877173
0.0877958
0.0877893
0.0877406
0.0880152
0.0884039
0.0874987
0.0825164
0.0787867
0.076263
0.0750243
0.0747673
0.0758518
0.0789474
0.0834863
0.0885926
0.034709
0.0309441
0.0287997
0.0277153
0.027184
0.0270681
0.027459
0.0287741
0.0312061
0.0350516
0.0191601
0.0184065
0.0182165
0.0181802
0.0181631
0.0181583
0.0181647
0.0182205
0.0184464
0.0191958
0.0170218
0.0171218
0.0173025
0.0174286
0.0174864
0.0174892
0.0174309
0.0173077
0.0171387
0.0170241
0.0171773
0.0173725
0.0175389
0.0176436
0.0176919
0.017693
0.0176451
0.0175435
0.0173844
0.0171829
0.0174927
0.0176586
0.0177769
0.0178477
0.0178797
0.0178798
0.0178484
0.0177806
0.0176664
0.0174982
0.0177293
0.0178513
0.0179281
0.017971
0.0179896
0.0179895
0.0179715
0.0179307
0.0178558
0.0177336
0.0178816
0.0179648
0.0180107
0.0180341
0.0180436
0.0180436
0.0180345
0.0180122
0.0179672
0.0178846
0.0179713
0.0180256
0.0180508
0.0180623
0.0180666
0.0180666
0.0180625
0.0180514
0.0180268
0.0179732
0.0887089
0.0881277
0.0874986
0.0872942
0.0871552
0.0871474
0.0870775
0.0872458
0.0879238
0.0884987
0.0895468
0.085137
0.0820134
0.0796198
0.0785171
0.0783712
0.0796529
0.0825006
0.0859918
0.0903654
0.0371647
0.0328504
0.0304626
0.0292023
0.0286598
0.0285346
0.0290405
0.0306258
0.0332154
0.0374185
0.0195569
0.0184803
0.0181409
0.0180446
0.0180025
0.0179872
0.018016
0.0181499
0.0185231
0.0195903
0.0166586
0.0166958
0.0168518
0.0169768
0.0170322
0.0170299
0.0169685
0.0168487
0.0167049
0.0166635
0.0166963
0.016894
0.0170671
0.0171806
0.0172324
0.0172311
0.0171776
0.0170682
0.0169014
0.0167025
0.0170166
0.0171981
0.0173293
0.0174094
0.0174457
0.017445
0.0174085
0.0173311
0.0172033
0.0170223
0.0172769
0.0174162
0.0175058
0.0175567
0.0175791
0.017579
0.0175568
0.0175071
0.0174193
0.0172814
0.0174522
0.0175511
0.0176077
0.0176373
0.0176497
0.0176497
0.0176376
0.0176086
0.0175529
0.0174555
0.0175599
0.0176275
0.0176605
0.0176763
0.0176825
0.0176825
0.0176764
0.0176611
0.0176287
0.017562
0.0886543
0.0880529
0.0872816
0.0870031
0.086849
0.0867752
0.0867135
0.0870552
0.0878859
0.0885496
0.0912551
0.0873445
0.0846967
0.0824851
0.0814621
0.0814742
0.0829348
0.0853814
0.0880014
0.0917359
0.0397122
0.0348853
0.0323037
0.0308563
0.0302927
0.0301964
0.0308649
0.0326381
0.0353491
0.0398868
0.0201727
0.0187097
0.0181983
0.0180139
0.0179423
0.0179204
0.0179837
0.0182165
0.0187673
0.0202022
0.0163928
0.0163286
0.016446
0.0165589
0.0166107
0.0166037
0.0165406
0.0164326
0.0163319
0.0164062
0.0162537
0.0164407
0.016616
0.0167347
0.0167896
0.0167862
0.0167273
0.0166123
0.0164445
0.0162635
0.016561
0.0167528
0.0168952
0.0169834
0.0170238
0.0170225
0.016981
0.0168947
0.016756
0.0165679
0.0168386
0.0169928
0.0170946
0.0171533
0.0171794
0.0171794
0.017153
0.0170947
0.0169948
0.0168435
0.0170345
0.0171481
0.0172155
0.0172516
0.017267
0.0172672
0.0172519
0.017216
0.0171497
0.0170379
0.0171596
0.0172405
0.0172819
0.0173024
0.0173108
0.0173108
0.0173026
0.0172825
0.0172417
0.0171618
0.0885369
0.0879721
0.0872098
0.0868822
0.0867108
0.0866243
0.0866723
0.0870936
0.0877977
0.08846
0.0926964
0.0892444
0.08689
0.084898
0.0839297
0.0840496
0.0855023
0.0875221
0.0897292
0.093
0.0423739
0.0371132
0.0343232
0.0326754
0.0320421
0.0320085
0.0328588
0.0347109
0.0375839
0.0425045
0.021044
0.0191214
0.0184083
0.0181025
0.017992
0.0179745
0.0180891
0.0184326
0.0191945
0.0210549
0.0162451
0.0160246
0.0160904
0.0161788
0.016226
0.0162168
0.0161559
0.0160702
0.0160286
0.0162614
0.0158552
0.0160129
0.0161859
0.0163064
0.016364
0.0163596
0.0162964
0.0161788
0.0160166
0.0158677
0.0161286
0.0163225
0.0164742
0.0165694
0.0166138
0.0166124
0.0165664
0.0164723
0.0163252
0.0161361
0.0164157
0.0165807
0.0166939
0.0167603
0.0167903
0.0167904
0.0167599
0.0166935
0.0165826
0.0164203
0.0166291
0.0167557
0.0168336
0.0168765
0.0168951
0.0168953
0.0168767
0.0168339
0.0167571
0.0166319
0.0167705
0.0168641
0.0169143
0.01694
0.0169507
0.0169507
0.0169402
0.0169148
0.0168652
0.0167722
0.0884002
0.0878959
0.0872425
0.0868811
0.086675
0.0866188
0.0868165
0.0872229
0.0876297
0.0882347
0.0938386
0.0908108
0.0886213
0.086868
0.08598
0.0861166
0.0873489
0.0890247
0.091296
0.0942558
0.0451608
0.039561
0.0364891
0.0346289
0.0338731
0.033929
0.0349451
0.0368017
0.0399314
0.045262
0.0222216
0.0197555
0.0187856
0.0183241
0.0181577
0.0181605
0.0183455
0.0188055
0.0198254
0.0221899
0.016223
0.0158008
0.015791
0.0158432
0.0158827
0.0158755
0.0158237
0.0157725
0.01581
0.0162251
0.0155044
0.0156135
0.0157778
0.0158968
0.0159566
0.0159526
0.0158877
0.0157716
0.0156197
0.0155139
0.0157215
0.0159085
0.0160663
0.0161676
0.0162159
0.0162149
0.0161652
0.0160649
0.015912
0.0157268
0.0160095
0.0161811
0.0163038
0.0163777
0.0164116
0.0164117
0.0163775
0.0163037
0.0161828
0.0160121
0.0162364
0.016374
0.0164617
0.0165115
0.0165334
0.0165336
0.0165117
0.0164621
0.016375
0.0162376
0.0163924
0.0164982
0.016557
0.0165881
0.0166013
0.0166014
0.0165883
0.0165575
0.0164988
0.016393
0.0883183
0.0878456
0.0873395
0.0869493
0.086701
0.086673
0.0869747
0.087315
0.0874198
0.0879344
0.0945934
0.0919755
0.0899155
0.0884085
0.0876505
0.087748
0.0886578
0.0901136
0.0926954
0.0954232
0.047997
0.0421913
0.0387665
0.0366731
0.0357578
0.0359028
0.0370401
0.0389085
0.0424106
0.048095
0.0237071
0.0206586
0.0193421
0.0186922
0.0184462
0.0184786
0.0187505
0.0193431
0.0206919
0.0236255
0.0163425
0.0156791
0.0155605
0.0155611
0.0155863
0.015585
0.0155538
0.0155534
0.0156868
0.0163142
0.015207
0.0152494
0.015395
0.0155086
0.0155688
0.0155667
0.0155044
0.0153948
0.015256
0.0152049
0.0153414
0.015514
0.015673
0.0157789
0.0158305
0.0158301
0.0157782
0.0156739
0.015517
0.0153412
0.0156207
0.015795
0.0159249
0.0160055
0.0160434
0.0160434
0.0160058
0.0159256
0.015796
0.0156199
0.0158567
0.0160034
0.0161
0.0161562
0.0161816
0.0161817
0.0161564
0.0161004
0.0160036
0.0158557
0.0160254
0.0161424
0.0162097
0.0162462
0.0162619
0.016262
0.0162463
0.0162099
0.0161423
0.0160245
0.0883323
0.087841
0.0874301
0.0870157
0.0867455
0.0867093
0.0870477
0.0873468
0.0872435
0.0876564
0.0949092
0.0927017
0.0908494
0.0895927
0.0889858
0.0890747
0.0896691
0.0909756
0.0938216
0.0963272
0.0507512
0.0448871
0.0411045
0.0387801
0.037703
0.0378988
0.0390965
0.0410657
0.044984
0.0509079
0.025438
0.0218479
0.0200913
0.0192193
0.0188719
0.0189263
0.0192922
0.0200635
0.0218165
0.025346
0.0166167
0.0156756
0.015415
0.0153489
0.0153469
0.0153523
0.0153567
0.0154228
0.0156654
0.0165597
0.0149704
0.014929
0.0150435
0.0151467
0.0152038
0.0152041
0.0151491
0.0150513
0.0149286
0.0149513
0.0149904
0.0151419
0.0152972
0.015405
0.0154588
0.015459
0.0154066
0.0153005
0.0151419
0.0149828
0.01525
0.0154234
0.0155584
0.0156443
0.0156856
0.0156857
0.0156451
0.0155596
0.0154231
0.0152458
0.0154902
0.015644
0.0157486
0.0158106
0.0158393
0.0158392
0.0158108
0.0157489
0.0156434
0.0154875
0.0156693
0.0157965
0.015872
0.0159137
0.015932
0.0159321
0.0159138
0.0158719
0.0157958
0.0156675
0.0883956
0.0878732
0.0874411
0.0870232
0.0867724
0.0867067
0.0870431
0.0873627
0.0871718
0.0874854
0.0949102
0.0930536
0.0915713
0.0905474
0.0900654
0.0901915
0.0905286
0.0916608
0.0945585
0.0968202
0.053277
0.0474732
0.0434549
0.0409464
0.0397461
0.0399215
0.0411008
0.043297
0.0475676
0.053586
0.0273148
0.0232606
0.0210462
0.0199274
0.0194613
0.0195117
0.0199701
0.0209925
0.0231865
0.0272975
0.0170473
0.0158011
0.0153624
0.0152203
0.0151807
0.0151877
0.015235
0.0153796
0.0157623
0.0169882
0.0148024
0.01466
0.0147298
0.0148168
0.0148666
0.014868
0.014824
0.0147411
0.0146444
0.0147697
0.0146718
0.0147949
0.0149417
0.0150482
0.0151025
0.0151032
0.0150514
0.0149452
0.014789
0.0146578
0.0148987
0.0150676
0.0152054
0.0152952
0.0153389
0.0153389
0.0152961
0.0152064
0.0150652
0.0148921
0.0151375
0.0152962
0.0154077
0.0154751
0.0155065
0.0155064
0.0154753
0.0154078
0.0152949
0.0151342
0.0153243
0.0154605
0.0155438
0.0155906
0.0156114
0.0156114
0.0155905
0.0155435
0.0154597
0.0153226
0.0883843
0.0879122
0.0873711
0.0869732
0.0867772
0.0867147
0.0870285
0.0873839
0.0872086
0.0874371
0.094886
0.0931989
0.0921882
0.0913475
0.0909317
0.0910778
0.0912484
0.0921817
0.094866
0.0969152
0.0555427
0.0498212
0.0457534
0.0431579
0.0418965
0.0419829
0.0430879
0.0455943
0.0500564
0.0560559
0.0292796
0.0247857
0.022189
0.0208362
0.0202503
0.020264
0.0208076
0.0221439
0.0247593
0.0294158
0.0176375
0.0160466
0.0154118
0.0151795
0.0150956
0.0150967
0.0151892
0.0154299
0.0159966
0.0176176
0.0147187
0.0144462
0.0144594
0.0145223
0.0145609
0.0145622
0.0145299
0.0144651
0.0144138
0.0146842
0.0143908
0.0144751
0.0146088
0.0147106
0.0147632
0.014764
0.0147135
0.0146088
0.0144615
0.0143733
0.014569
0.0147287
0.014867
0.014959
0.0150039
0.0150039
0.0149594
0.0148666
0.0147234
0.0145614
0.0147997
0.0149605
0.0150777
0.0151498
0.0151835
0.0151834
0.0151498
0.0150774
0.0149586
0.0147967
0.014991
0.0151343
0.0152248
0.0152766
0.0152998
0.0152997
0.0152765
0.0152246
0.0151339
0.0149901
0.0881838
0.0879049
0.0872736
0.0869035
0.0867839
0.0867967
0.0870666
0.0873913
0.0872739
0.0874672
0.0951165
0.0933586
0.0927036
0.0919996
0.091568
0.0916256
0.0917402
0.0925872
0.0948713
0.0967572
0.0576772
0.0519257
0.0479406
0.0453714
0.0441134
0.0440798
0.0451292
0.047932
0.0523958
0.0583231
0.0313622
0.0263491
0.0234777
0.0219358
0.0212508
0.0212114
0.0218438
0.0235135
0.0264928
0.0316672
0.018422
0.016396
0.0155666
0.0152298
0.015098
0.0150906
0.0152292
0.0155857
0.0163838
0.0184714
0.0147361
0.0142863
0.0142342
0.0142643
0.0142888
0.0142896
0.0142683
0.0142276
0.0142488
0.0147111
0.0141536
0.0141828
0.0142989
0.0143928
0.0144417
0.0144423
0.0143933
0.0142928
0.0141636
0.014135
0.0142633
0.014407
0.0145434
0.0146358
0.0146809
0.0146809
0.0146353
0.0145405
0.0143991
0.0142549
0.014478
0.0146373
0.0147586
0.0148344
0.0148699
0.0148699
0.0148342
0.0147576
0.0146349
0.0144753
0.0146701
0.0148184
0.014915
0.0149714
0.014997
0.0149969
0.0149713
0.0149149
0.0148182
0.0146698
0.0878307
0.0878082
0.0872022
0.0868625
0.0868055
0.0869412
0.0871554
0.087353
0.0872786
0.0875254
0.0956635
0.0936724
0.093102
0.0924956
0.0919996
0.0918344
0.0919773
0.0929312
0.0948133
0.0965253
0.0597867
0.0538902
0.0500227
0.0475465
0.0463263
0.0461821
0.0472411
0.050256
0.0546039
0.0604188
0.0336298
0.0279827
0.0248849
0.023194
0.0224337
0.0223583
0.0231033
0.0250716
0.028372
0.0340342
0.0194599
0.0168594
0.0158244
0.015371
0.0151904
0.0151807
0.0153716
0.01586
0.0169354
0.0195705
0.0148694
0.014184
0.0140525
0.0140426
0.0140517
0.014053
0.0140429
0.0140369
0.0141634
0.0148592
0.0139656
0.013918
0.0140109
0.0140946
0.014139
0.0141391
0.014092
0.0139997
0.0138998
0.0139471
0.0139844
0.0141022
0.0142341
0.0143256
0.0143702
0.01437
0.0143238
0.0142289
0.0140936
0.0139743
0.0141745
0.014327
0.0144504
0.0145289
0.0145658
0.0145657
0.0145281
0.0144486
0.0143239
0.0141704
0.014363
0.0145132
0.0146147
0.0146752
0.0147028
0.0147027
0.0146749
0.0146143
0.0145125
0.0143617
0.087501
0.0876399
0.0871843
0.0868735
0.0868206
0.08704
0.0872141
0.0872755
0.0872143
0.0875969
0.0963122
0.0941102
0.0933805
0.0928317
0.0923117
0.0919205
0.0920972
0.0932362
0.0948673
0.0963422
0.0618932
0.055887
0.0520641
0.0496624
0.0484683
0.0482645
0.0494112
0.0524942
0.0567053
0.062344
0.0361055
0.0298163
0.0264269
0.0245794
0.0237462
0.0236787
0.0245815
0.0267726
0.0303838
0.0364722
0.0207894
0.0174941
0.0161909
0.0156022
0.0153697
0.0153707
0.0156312
0.016264
0.0176593
0.0209058
0.0151447
0.0141595
0.013915
0.0138582
0.0138513
0.0138546
0.01386
0.0139026
0.0141686
0.0151416
0.0138355
0.0136847
0.0137447
0.0138159
0.0138558
0.0138556
0.0138118
0.013733
0.0136738
0.0138154
0.0137351
0.0138163
0.0139392
0.0140285
0.0140725
0.0140721
0.0140258
0.0139331
0.0138082
0.0137215
0.0138901
0.0140307
0.0141537
0.0142338
0.0142718
0.0142715
0.0142324
0.0141508
0.0140262
0.0138826
0.0140701
0.0142192
0.0143242
0.0143879
0.0144172
0.014417
0.0143872
0.0143229
0.0142171
0.014066
0.0873409
0.0874711
0.0872151
0.0869166
0.0867932
0.0869581
0.0871307
0.0871919
0.0871776
0.0876907
0.0967548
0.094492
0.0935339
0.0930393
0.0926146
0.0921855
0.0923522
0.0934769
0.0949829
0.0962496
0.0639218
0.0580056
0.0541358
0.0517246
0.0505158
0.0503488
0.0516391
0.0545862
0.0586906
0.0640628
0.0387381
0.0319818
0.0281521
0.0260793
0.0251525
0.0251389
0.0262362
0.0285626
0.0324993
0.0388882
0.022409
0.0184047
0.0166928
0.0159322
0.0156361
0.0156574
0.0160116
0.0168
0.0185677
0.0224275
0.0155864
0.0142399
0.0138355
0.0137148
0.013689
0.0136961
0.013726
0.0138387
0.0142624
0.0155633
0.0137727
0.0134914
0.0135032
0.0135571
0.0135921
0.0135924
0.0135549
0.0134968
0.013486
0.0137466
0.0135176
0.0135526
0.0136599
0.0137451
0.0137885
0.013788
0.0137426
0.0136546
0.0135436
0.0134995
0.013625
0.0137494
0.0138688
0.0139495
0.0139884
0.013988
0.0139477
0.0138649
0.0137424
0.0136137
0.0137911
0.0139365
0.0140433
0.0141095
0.0141403
0.0141399
0.0141083
0.0140408
0.013932
0.0137837
0.0873723
0.0873823
0.0872701
0.0869438
0.0867073
0.086671
0.0868518
0.0871075
0.087251
0.0878102
0.0968763
0.0946596
0.0935876
0.0932023
0.0929921
0.0928231
0.0929566
0.0936958
0.0950166
0.0961994
0.0657394
0.0601649
0.0562132
0.0537235
0.052463
0.0523927
0.0538237
0.0564982
0.0605283
0.0655536
0.0413888
0.0344854
0.0300984
0.0277026
0.0266424
0.0266902
0.0279711
0.0303936
0.0346795
0.0411998
0.0242502
0.0196581
0.0173824
0.0163821
0.0160007
0.0160359
0.0164947
0.01747
0.0196635
0.0240648
0.0161949
0.0144588
0.0138349
0.0136253
0.0135691
0.0135791
0.0136479
0.0138485
0.0144479
0.0161127
0.0137917
0.0133491
0.0132927
0.0133205
0.0133486
0.0133503
0.0133236
0.0132929
0.0133377
0.0137539
0.0133351
0.0133124
0.0133979
0.0134755
0.0135178
0.0135178
0.0134748
0.013394
0.0133008
0.0133145
0.0133792
0.0134822
0.0135956
0.0136755
0.0137152
0.0137148
0.0136738
0.0135913
0.0134734
0.0133663
0.0135253
0.0136641
0.0137714
0.0138394
0.0138716
0.0138712
0.013838
0.0137682
0.0136579
0.0135161
0.0875088
0.0874032
0.0873023
0.0868977
0.0865847
0.086345
0.0864981
0.0869909
0.0874013
0.0879265
0.0968013
0.0945976
0.0935964
0.0934074
0.0934292
0.0936791
0.0938579
0.0940159
0.0949679
0.0961581
0.0672706
0.0621502
0.0581919
0.0556463
0.0543115
0.0543159
0.0558058
0.0582727
0.0621648
0.0668131
0.0438858
0.0371344
0.0322504
0.0294679
0.0282246
0.0282822
0.0296772
0.0322528
0.0368628
0.0433724
0.02619
0.0212027
0.0183111
0.0169859
0.0164821
0.0165052
0.0170607
0.0182819
0.0209318
0.0257796
0.0169544
0.0148336
0.0139335
0.0136066
0.0135061
0.0135127
0.0136251
0.0139298
0.0147338
0.0167906
0.0138894
0.0132639
0.0131197
0.0131112
0.0131284
0.0131313
0.0131186
0.0131205
0.0132332
0.0138406
0.0131886
0.0130959
0.0131537
0.0132199
0.0132601
0.0132613
0.013222
0.013151
0.013082
0.013171
0.0131526
0.0132282
0.0133334
0.013411
0.0134511
0.0134512
0.0134105
0.0133302
0.0132204
0.013143
0.0132722
0.0134011
0.013508
0.0135773
0.0136108
0.0136106
0.0135764
0.0135054
0.0133958
0.013265
0.0876293
0.0874811
0.0872504
0.0867564
0.0864718
0.0861921
0.0862696
0.0868313
0.0875328
0.0880045
0.096785
0.0944773
0.0936673
0.0937152
0.0938419
0.0943616
0.0946873
0.0945092
0.0949543
0.0961576
0.0685317
0.0637874
0.0600158
0.0574882
0.0560925
0.0561227
0.0575744
0.0599962
0.063584
0.0678737
0.0460935
0.0396445
0.0345171
0.0313776
0.0299272
0.029925
0.0313453
0.0341794
0.039002
0.0453897
0.0281013
0.0228824
0.0194806
0.0177797
0.0171114
0.0170922
0.0177226
0.0192529
0.0223492
0.0275618
0.017832
0.0153396
0.0141472
0.0136707
0.0135111
0.0135053
0.0136582
0.0140883
0.0151331
0.0176125
0.0140611
0.0132372
0.0129895
0.0129348
0.0129357
0.0129379
0.01294
0.0129801
0.013181
0.0140091
0.0130791
0.0129041
0.0129283
0.0129805
0.0130165
0.0130186
0.0129841
0.0129262
0.0128901
0.01307
0.0129466
0.0129883
0.0130827
0.0131568
0.0131966
0.0131973
0.0131579
0.0130819
0.0129843
0.0129445
0.0130323
0.0131478
0.0132531
0.0133232
0.0133578
0.013358
0.0133234
0.0132526
0.0131462
0.0130308
0.0876764
0.0875184
0.0870849
0.08657
0.0864174
0.0862801
0.0862647
0.0866309
0.0875499
0.0880257
0.097007
0.0945569
0.0939361
0.0941106
0.0941332
0.0945848
0.0951097
0.095118
0.0950724
0.0962599
0.0695917
0.0651187
0.0616664
0.0592258
0.0578507
0.0578808
0.0592495
0.0617196
0.0648722
0.0687586
0.047963
0.0418448
0.0367703
0.0334022
0.0317785
0.0316936
0.0330943
0.0362407
0.0410961
0.0471985
0.0299219
0.0245332
0.0208278
0.0187722
0.0179149
0.0178457
0.0185417
0.020418
0.0238979
0.029376
0.018808
0.015924
0.0144726
0.0138266
0.0135924
0.0135705
0.0137639
0.0143416
0.0156586
0.0185847
0.0143128
0.0132687
0.0129045
0.012796
0.0127742
0.0127725
0.01279
0.012877
0.0131973
0.0142675
0.0130114
0.0127407
0.0127243
0.0127599
0.0127891
0.0127903
0.0127615
0.0127206
0.012729
0.0130125
0.0127635
0.0127643
0.0128451
0.0129147
0.0129529
0.0129536
0.0129163
0.0128463
0.0127656
0.01277
0.0128073
0.0129054
0.0130074
0.0130779
0.013113
0.0131134
0.0130791
0.0130095
0.0129086
0.0128132
0.0876803
0.0874412
0.0868731
0.0864547
0.0864659
0.0865032
0.0863942
0.0864297
0.0874051
0.0879875
0.0974235
0.0950248
0.0944502
0.0944753
0.0942412
0.0944076
0.0951082
0.0957183
0.0954069
0.0965194
0.0705298
0.0663006
0.0631617
0.0608725
0.0596013
0.0595977
0.0609077
0.0634188
0.0661034
0.0695843
0.0495972
0.0437349
0.0389013
0.0354908
0.033781
0.0336516
0.0350726
0.0384621
0.0431377
0.0488381
0.0316918
0.0260886
0.0222512
0.0199327
0.0189019
0.0188083
0.0196069
0.0218145
0.0255689
0.0312168
0.0198985
0.0165648
0.0148855
0.0140735
0.0137567
0.0137255
0.013973
0.0147193
0.0163359
0.0197179
0.0146586
0.0133493
0.0128643
0.0126964
0.0126465
0.0126394
0.0126754
0.0128219
0.0132911
0.0146317
0.012995
0.0126057
0.0125437
0.0125595
0.0125789
0.0125776
0.0125559
0.0125368
0.0126016
0.0130056
0.0126079
0.012558
0.0126221
0.0126853
0.0127204
0.0127204
0.0126857
0.0126239
0.0125645
0.0126215
0.0126002
0.0126757
0.0127723
0.0128417
0.0128767
0.0128771
0.0128432
0.0127759
0.0126828
0.0126119
0.0877191
0.0873166
0.086773
0.0865048
0.0865994
0.0866931
0.0865173
0.086303
0.0871296
0.0878045
0.0978658
0.0958305
0.0950694
0.0947013
0.0942171
0.0941444
0.0949289
0.0961387
0.0959656
0.0970297
0.0714062
0.0674371
0.0645655
0.0624437
0.0612753
0.0612417
0.0625506
0.0649973
0.0672608
0.0705532
0.0511195
0.0454191
0.0408675
0.0375785
0.0358814
0.0357918
0.0373375
0.0407811
0.0451181
0.0504819
0.0334719
0.0275963
0.0236653
0.0212019
0.0200552
0.0199903
0.0209784
0.0234437
0.0273725
0.0331595
0.0211282
0.017281
0.0153585
0.0144001
0.014006
0.0139839
0.0143191
0.0152477
0.0171997
0.02105
0.0151156
0.0134826
0.0128711
0.0126341
0.0125535
0.012544
0.0126063
0.0128351
0.0134749
0.015127
0.0130433
0.0125011
0.0123882
0.012379
0.0123866
0.0123824
0.01237
0.0123804
0.0125112
0.0130642
0.0124869
0.0123714
0.0124149
0.0124687
0.0124993
0.0124981
0.0124665
0.0124153
0.0123808
0.0125026
0.0124147
0.0124606
0.012549
0.0126154
0.0126493
0.0126491
0.0126156
0.0125511
0.0124674
0.0124262
0.0878977
0.0873249
0.0868957
0.0867247
0.086774
0.0867619
0.0865761
0.0862905
0.0868137
0.0873419
0.0981306
0.0966172
0.0955592
0.0947891
0.0941929
0.0940851
0.0948226
0.0962854
0.0966209
0.0978925
0.0721918
0.0685527
0.0658842
0.0638743
0.0627675
0.0627773
0.0641212
0.0663431
0.0683889
0.0716845
0.0525593
0.0470134
0.0426927
0.039585
0.0379781
0.0380191
0.0397726
0.0430576
0.0470681
0.0522953
0.0352671
0.0291433
0.025056
0.0225179
0.0213317
0.0213644
0.0226246
0.0252568
0.0293424
0.0352733
0.0224954
0.0181221
0.0158955
0.0147904
0.014339
0.0143516
0.0148154
0.0159547
0.0182991
0.0226331
0.0157034
0.0136896
0.012923
0.01261
0.0124967
0.012493
0.0126004
0.0129314
0.0137829
0.0158169
0.0131604
0.0124323
0.0122572
0.0122188
0.0122131
0.0122087
0.012211
0.0122591
0.0124723
0.0132174
0.0124023
0.0122063
0.0122237
0.0122654
0.0122907
0.0122888
0.0122622
0.0122244
0.012222
0.0124289
0.012252
0.0122611
0.0123382
0.0123996
0.0124314
0.0124307
0.0123981
0.012338
0.0122673
0.0122659
0.0882751
0.0875924
0.0872423
0.0870761
0.0869493
0.0867535
0.0866496
0.0864318
0.0865631
0.0865567
0.0980508
0.0969667
0.0957572
0.0947886
0.094277
0.0943136
0.0948585
0.0961808
0.0972274
0.0991148
0.0727817
0.0695208
0.0669851
0.0650527
0.0640466
0.0641645
0.0655001
0.0673834
0.0695084
0.0728731
0.0538497
0.0485401
0.0443898
0.0414318
0.0399744
0.0401947
0.0421264
0.0451404
0.0490087
0.0542144
0.0369795
0.0307551
0.0264591
0.0238452
0.0226859
0.0228704
0.0244139
0.0271775
0.0315022
0.0375543
0.0239194
0.0191123
0.0165188
0.0152425
0.0147506
0.01482
0.0154506
0.0168514
0.0196747
0.024465
0.016402
0.0139909
0.0130246
0.0126261
0.0124835
0.0124953
0.0126639
0.0131177
0.0142453
0.0167165
0.0133436
0.0124082
0.012153
0.012081
0.0120625
0.0120618
0.0120833
0.0121733
0.0124923
0.0134594
0.0123536
0.0120657
0.0120507
0.0120785
0.012098
0.0120962
0.0120747
0.0120499
0.0120842
0.0123831
0.0121126
0.0120787
0.0121418
0.0121969
0.0122256
0.0122237
0.0121915
0.0121345
0.0120761
0.0121131
0.0890913
0.0883559
0.0879545
0.0876646
0.0872432
0.0869095
0.0869419
0.0867782
0.086423
0.0853493
0.0975528
0.0966499
0.0955564
0.0946982
0.0944843
0.0946921
0.0949258
0.0959578
0.0978371
0.100823
0.0730121
0.0700279
0.0676705
0.0658966
0.0650901
0.065329
0.0665453
0.0682192
0.0707295
0.0741543
0.0548569
0.0498381
0.0458499
0.0430454
0.0417814
0.0421626
0.044143
0.0470226
0.0511272
0.0562406
0.0384579
0.0323274
0.0278632
0.025173
0.0240773
0.0244163
0.0261834
0.0291891
0.033987
0.0401619
0.025254
0.0201845
0.0172262
0.0157649
0.0152422
0.0153833
0.0162116
0.0179835
0.0214757
0.0267786
0.0171373
0.014367
0.013175
0.0126816
0.0125181
0.0125563
0.0128055
0.0134432
0.0150042
0.0180798
0.0135673
0.012429
0.0120762
0.0119674
0.0119398
0.0119492
0.0119987
0.0121568
0.0126755
0.0139933
0.012331
0.0119481
0.0118966
0.0119104
0.0119261
0.011927
0.0119156
0.0119181
0.0120387
0.0125167
0.011991
0.0119118
0.0119605
0.01201
0.0120366
0.012035
0.012007
0.0119633
0.011946
0.0120764
0.0900757
0.0894005
0.0888927
0.0884128
0.0877556
0.0874873
0.0877076
0.0875551
0.0865048
0.0835751
0.0969332
0.0959027
0.0950852
0.0945599
0.0947267
0.0949198
0.0947818
0.0955042
0.0980224
0.103037
0.0730374
0.0700859
0.0679534
0.0664545
0.0659058
0.0661667
0.0671305
0.0687749
0.0715137
0.0749372
0.0556173
0.0508004
0.047002
0.0443957
0.043322
0.0437814
0.0457017
0.0486825
0.0529471
0.0573499
0.0396396
0.0337211
0.029201
0.0264673
0.0254252
0.0258765
0.0278347
0.031289
0.0364932
0.042157
0.0263885
0.0212211
0.0179826
0.0163522
0.0157895
0.0159996
0.0170673
0.0193707
0.0235377
0.0288491
0.0178282
0.014777
0.0133699
0.0127799
0.0125924
0.0126549
0.0130027
0.0139004
0.0159737
0.019384
0.0138035
0.0124863
0.0120344
0.0118879
0.0118506
0.0118655
0.0119389
0.0121754
0.012904
0.0144107
0.0123393
0.0118637
0.0117754
0.0117754
0.0117862
0.0117863
0.0117769
0.0117948
0.0119706
0.0124891
0.0119019
0.0117769
0.0118114
0.0118555
0.01188
0.0118768
0.0118464
0.0117998
0.0117815
0.0118864
0.0928868
0.0920411
0.0912097
0.0903246
0.0893963
0.089094
0.0891414
0.0886234
0.0866867
0.0814589
0.0960159
0.0947196
0.094206
0.0941581
0.0946714
0.0947607
0.0944643
0.0954304
0.0999022
0.109333
0.072391
0.069431
0.0676044
0.0665467
0.0663213
0.0665964
0.0675212
0.0697167
0.0737251
0.0794362
0.055607
0.0510404
0.0475832
0.0453213
0.0444912
0.0450219
0.0470093
0.0506389
0.0560173
0.0616771
0.0401844
0.0345576
0.0302253
0.0276136
0.026688
0.0272787
0.0295356
0.0337808
0.0401542
0.0472387
0.0270612
0.0219488
0.0186491
0.0169693
0.016429
0.0167811
0.0182227
0.0213551
0.0268262
0.0337912
0.0182808
0.0150828
0.0135572
0.0129197
0.0127433
0.0128849
0.0134451
0.0148743
0.0180929
0.0232532
0.0139568
0.012519
0.0120063
0.0118415
0.0118121
0.0118629
0.0120346
0.0125475
0.0139627
0.0168167
0.0123288
0.0117845
0.0116751
0.0116704
0.0116863
0.0117047
0.0117473
0.0119119
0.0124694
0.0138053
0.0118174
0.0116602
0.0116896
0.0117342
0.011763
0.0117712
0.011772
0.0118101
0.0120109
0.012594
0.0936935
0.092996
0.0922294
0.091343
0.0906542
0.0907477
0.0911743
0.0907034
0.086156
0.0731059
0.0960348
0.0944446
0.0939422
0.0941339
0.0945593
0.0942015
0.0936064
0.0943282
0.0980836
0.105766
0.0725971
0.0694814
0.0676865
0.0668276
0.0666427
0.0668504
0.0678397
0.0696545
0.0708869
0.0723781
0.0560987
0.0515736
0.0482409
0.0461299
0.045319
0.0459407
0.0484075
0.0523804
0.0551202
0.0538067
0.0408305
0.0353623
0.0311943
0.0285952
0.0276022
0.0283135
0.0312316
0.0363207
0.0414306
0.0421656
0.0277216
0.0226163
0.0193119
0.0175422
0.0169057
0.0173124
0.0192565
0.0233144
0.0286174
0.0315165
0.018746
0.0153991
0.0137912
0.0130967
0.0128673
0.0129746
0.0136638
0.0156033
0.0190989
0.0220943
0.0141672
0.0126104
0.012062
0.0118806
0.011831
0.0118399
0.0119719
0.0125416
0.013958
0.0156604
0.0124086
0.0118108
0.0116941
0.0116808
0.011687
0.0116817
0.011669
0.0117334
0.0120469
0.0125131
0.0118489
0.0116675
0.011689
0.0117311
0.0117599
0.0117625
0.0117277
0.0116487
0.0115486
0.0114241
0.105777
0.103372
0.101273
0.099335
0.0977941
0.0965616
0.0942496
0.0881299
0.0748339
0.0538095
0.0935668
0.0923278
0.092062
0.0925428
0.0930679
0.0933014
0.0947281
0.100916
0.119787
0.163489
0.0693239
0.066865
0.0657417
0.065625
0.0661288
0.0669374
0.0682237
0.0713578
0.0837562
0.126763
0.0531327
0.0493763
0.0470348
0.0459757
0.0462717
0.0480046
0.0510766
0.0551901
0.0638819
0.0930121
0.0386275
0.0338869
0.0307788
0.0291971
0.029355
0.0315396
0.0358689
0.0419141
0.0506291
0.0707787
0.0263285
0.0218596
0.0193249
0.0181613
0.0182803
0.0199676
0.0237593
0.0299048
0.0388158
0.0542984
0.0180775
0.015163
0.0139259
0.0134597
0.0135399
0.014359
0.0165542
0.020994
0.0285133
0.0406699
0.0139952
0.0126619
0.0122555
0.012124
0.0121636
0.0124781
0.0134611
0.015909
0.020971
0.0297236
0.012471
0.0119589
0.0118686
0.0118542
0.0118779
0.011989
0.0123931
0.0135844
0.0164272
0.0218886
0.011987
0.0118313
0.0118547
0.0118841
0.0119072
0.0119419
0.0120802
0.0125987
0.0140566
0.0170947
0.0356567
0.0346431
0.0339608
0.0335395
0.0333365
0.0333378
0.0335344
0.0339584
0.0346423
0.0356597
0.0262783
0.0261635
0.0260831
0.0260319
0.0260081
0.0260084
0.0260386
0.0260885
0.0261659
0.0262767
0.0257134
0.02569
0.0256751
0.0256658
0.0256618
0.0256618
0.0256684
0.025677
0.0256908
0.0257127
0.0256422
0.0256371
0.0256343
0.0256328
0.0256323
0.0256322
0.0256332
0.0256346
0.0256371
0.0256419
0.0256317
0.0256309
0.0256306
0.0256305
0.0256305
0.0256305
0.0256306
0.0256307
0.0256309
0.0256316
0.0256307
0.0256307
0.0256307
0.0256308
0.0256308
0.0256308
0.0256308
0.0256307
0.0256307
0.0256307
0.0256308
0.0256309
0.0256309
0.0256309
0.0256309
0.0256309
0.0256309
0.0256309
0.0256309
0.0256308
0.0256309
0.0256309
0.0256309
0.0256309
0.0256309
0.0256309
0.0256309
0.0256309
0.0256309
0.0256309
0.0256309
0.0256309
0.0256309
0.0256309
0.0256309
0.0256309
0.0256309
0.0256309
0.0256309
0.0256309
0.0256309
0.0256309
0.0256309
0.0256308
0.0256308
0.0256308
0.0256308
0.0256309
0.0256309
0.0256309
0.0566365
0.0533691
0.0511327
0.0497452
0.0490925
0.0490835
0.0497366
0.0511249
0.053363
0.0566337
0.0277467
0.027301
0.0270312
0.0268677
0.0267775
0.026792
0.026883
0.0270494
0.0273126
0.027747
0.0253445
0.0252558
0.0252037
0.0251714
0.0251521
0.0251571
0.0251782
0.0252111
0.0252607
0.025344
0.0250009
0.0249718
0.0249554
0.0249457
0.0249402
0.0249415
0.0249473
0.0249572
0.0249731
0.0250009
0.0249216
0.0249116
0.0249067
0.024904
0.0249026
0.0249029
0.0249043
0.024907
0.0249119
0.0249216
0.0249015
0.0248984
0.0248971
0.0248965
0.0248963
0.0248963
0.0248966
0.0248972
0.0248985
0.0249015
0.0248966
0.0248957
0.0248955
0.0248953
0.0248953
0.0248953
0.0248953
0.0248955
0.0248957
0.0248966
0.0248954
0.0248952
0.0248951
0.0248951
0.0248951
0.0248951
0.0248951
0.0248951
0.0248952
0.0248955
0.0248952
0.0248951
0.024895
0.024895
0.024895
0.024895
0.024895
0.024895
0.0248951
0.0248952
0.0248951
0.024895
0.0248949
0.0248949
0.0248949
0.0248949
0.0248949
0.0248949
0.024895
0.0248951
0.0758821
0.0711629
0.0677836
0.0656227
0.0645977
0.0645699
0.0656204
0.0677702
0.0711569
0.0758559
0.0300153
0.0291216
0.0286017
0.0283003
0.0281358
0.0281671
0.0283115
0.0286226
0.0291331
0.0300289
0.0250291
0.0248993
0.0248282
0.0247859
0.0247595
0.0247706
0.0247925
0.0248375
0.0249046
0.0250312
0.024419
0.0243727
0.0243477
0.0243327
0.0243233
0.0243265
0.0243347
0.0243505
0.0243746
0.0244198
0.0242677
0.0242472
0.0242366
0.0242306
0.0242271
0.0242279
0.024231
0.0242373
0.0242477
0.0242679
0.0242198
0.0242111
0.0242072
0.0242051
0.024204
0.0242041
0.0242051
0.0242073
0.0242113
0.0242199
0.0242043
0.0242009
0.0241996
0.0241989
0.0241987
0.0241987
0.024199
0.0241996
0.024201
0.0242043
0.0241994
0.0241981
0.0241977
0.0241975
0.0241975
0.0241974
0.0241975
0.0241977
0.0241982
0.0241994
0.0241978
0.0241974
0.0241972
0.0241971
0.0241971
0.0241971
0.0241971
0.0241972
0.0241974
0.0241979
0.0241973
0.0241971
0.024197
0.024197
0.0241969
0.0241969
0.0241969
0.024197
0.0241971
0.0241973
0.0898722
0.0851589
0.0815184
0.079093
0.0778745
0.0778446
0.0790915
0.0815034
0.0851644
0.0898615
0.0331778
0.0316378
0.030781
0.0302621
0.0300367
0.0300787
0.0302785
0.0307887
0.031621
0.0331403
0.0247233
0.0245589
0.0244704
0.0244167
0.0243974
0.0244106
0.0244238
0.0244767
0.024557
0.024714
0.0238507
0.0238022
0.0237738
0.0237563
0.023749
0.0237531
0.0237587
0.0237765
0.023802
0.0238482
0.0236505
0.0236251
0.0236106
0.0236016
0.0235976
0.0235987
0.0236022
0.0236111
0.0236251
0.0236496
0.0235802
0.0235665
0.0235594
0.0235552
0.0235534
0.0235537
0.0235553
0.0235594
0.0235665
0.0235798
0.0235528
0.0235461
0.023543
0.0235414
0.0235407
0.0235408
0.0235414
0.023543
0.0235461
0.0235526
0.0235423
0.0235392
0.023538
0.0235374
0.0235372
0.0235373
0.0235374
0.023538
0.0235392
0.0235422
0.0235383
0.023537
0.0235365
0.0235363
0.0235362
0.0235362
0.0235363
0.0235365
0.023537
0.0235383
0.0235368
0.0235362
0.023536
0.0235359
0.0235359
0.0235359
0.0235359
0.023536
0.0235362
0.0235369
0.097579
0.0940275
0.0909832
0.0888409
0.087639
0.0876182
0.0888086
0.0909641
0.0940512
0.0976399
0.0375692
0.0350848
0.0336079
0.0327141
0.0324545
0.0325164
0.0327843
0.0336167
0.0350097
0.0374294
0.0244583
0.0242446
0.0241288
0.0240562
0.024055
0.0240692
0.0240725
0.0241336
0.0242312
0.0244267
0.0232527
0.0232255
0.0232067
0.0231923
0.0231943
0.0231986
0.0231972
0.023209
0.0232214
0.0232415
0.0230431
0.0230258
0.0230132
0.0230041
0.0230029
0.0230041
0.0230058
0.0230139
0.0230243
0.0230384
0.02297
0.0229563
0.0229475
0.0229421
0.0229404
0.0229408
0.0229427
0.0229478
0.0229558
0.0229678
0.0229369
0.0229279
0.0229229
0.0229204
0.0229193
0.0229195
0.0229205
0.0229231
0.0229277
0.0229359
0.0229214
0.0229163
0.022914
0.0229129
0.0229125
0.0229125
0.0229129
0.0229141
0.0229163
0.0229211
0.0229145
0.0229119
0.0229109
0.0229104
0.0229103
0.0229103
0.0229104
0.0229109
0.0229119
0.0229145
0.0229116
0.0229103
0.0229099
0.0229097
0.0229096
0.0229096
0.0229097
0.0229099
0.0229103
0.0229116
0.10028
0.0982972
0.0962134
0.0946301
0.093627
0.0936279
0.0945579
0.0961867
0.0983232
0.100453
0.0426558
0.0392471
0.0372069
0.0359807
0.0356688
0.035721
0.036128
0.037248
0.0391455
0.0423344
0.0242282
0.0239466
0.023824
0.0237493
0.0237669
0.0237779
0.0237805
0.0238342
0.0239292
0.0241623
0.0225967
0.0226096
0.0226214
0.022623
0.0226394
0.0226433
0.0226323
0.0226247
0.0226029
0.0225732
0.0224217
0.0224271
0.0224272
0.0224247
0.0224296
0.0224309
0.0224286
0.0224293
0.0224245
0.0224109
0.0223733
0.0223682
0.0223626
0.0223588
0.0223589
0.0223594
0.0223604
0.0223638
0.0223673
0.0223684
0.0223475
0.0223402
0.022335
0.0223322
0.0223312
0.0223315
0.0223327
0.0223355
0.0223399
0.0223453
0.0223321
0.0223262
0.022323
0.0223214
0.0223207
0.0223209
0.0223215
0.0223232
0.0223262
0.0223312
0.0223235
0.0223197
0.0223181
0.0223172
0.022317
0.022317
0.0223173
0.0223181
0.0223198
0.0223232
0.0223192
0.0223169
0.0223162
0.0223158
0.0223157
0.0223157
0.0223158
0.0223162
0.022317
0.0223191
0.0998322
0.0992856
0.0982008
0.0972256
0.0965341
0.0965577
0.0971337
0.0981585
0.0993149
0.10008
0.0484083
0.0438896
0.04122
0.039712
0.0393105
0.0393067
0.0398882
0.0413183
0.0437787
0.0478893
0.0241473
0.0237029
0.0235449
0.0234731
0.0235005
0.0235048
0.0235154
0.0235675
0.0236862
0.0240392
0.0218956
0.0219485
0.0220016
0.0220303
0.0220613
0.0220649
0.0220445
0.022008
0.021941
0.0218615
0.021776
0.0218149
0.0218387
0.0218508
0.0218635
0.0218653
0.0218574
0.021843
0.021812
0.0217594
0.0217778
0.0217907
0.0217955
0.0217974
0.0218008
0.0218016
0.0218004
0.0217979
0.0217897
0.02177
0.0217754
0.0217757
0.0217738
0.0217724
0.0217723
0.0217726
0.0217733
0.0217747
0.0217752
0.0217718
0.0217682
0.0217646
0.0217616
0.02176
0.0217593
0.0217594
0.0217602
0.0217619
0.0217643
0.0217666
0.0217614
0.0217575
0.0217554
0.0217543
0.0217538
0.0217539
0.0217543
0.0217554
0.0217575
0.0217606
0.0217566
0.0217537
0.0217525
0.0217519
0.0217518
0.0217518
0.021752
0.0217525
0.0217538
0.0217564
0.0977887
0.0982963
0.0980212
0.0975875
0.0972299
0.0972627
0.0974824
0.0979792
0.0983272
0.0980477
0.0546407
0.0490362
0.0457138
0.0439067
0.0433165
0.0432297
0.0440918
0.0458416
0.0489124
0.0540197
0.0243518
0.0236203
0.0233661
0.0232739
0.0232893
0.0232828
0.0233225
0.0233971
0.0236015
0.0242086
0.0211914
0.0212655
0.0213573
0.0214151
0.0214572
0.0214612
0.0214336
0.021367
0.0212584
0.0211517
0.0211106
0.0211873
0.0212423
0.0212744
0.0212948
0.0212975
0.0212831
0.0212483
0.0211844
0.0210905
0.0211781
0.0212168
0.0212389
0.0212506
0.0212582
0.0212592
0.0212546
0.0212421
0.0212155
0.0211681
0.0212133
0.0212278
0.0212336
0.0212358
0.0212375
0.0212377
0.0212372
0.0212347
0.0212271
0.0212086
0.0212238
0.0212266
0.021226
0.0212252
0.0212249
0.0212249
0.0212256
0.0212263
0.0212261
0.0212214
0.0212236
0.021222
0.02122
0.0212189
0.0212184
0.0212184
0.021219
0.0212201
0.0212217
0.0212223
0.0212207
0.0212182
0.0212166
0.0212158
0.0212156
0.0212156
0.0212159
0.0212166
0.021218
0.0212201
0.0952631
0.0963326
0.0965767
0.0966001
0.0965335
0.0965416
0.0964766
0.0965514
0.0963331
0.0954935
0.0609913
0.0545672
0.0507407
0.0485487
0.0476594
0.0475544
0.0487773
0.050822
0.0544413
0.0603902
0.0248969
0.0238062
0.0233965
0.0232301
0.023197
0.0231834
0.023285
0.0234187
0.0237777
0.0247495
0.0205317
0.0205988
0.0207154
0.0207956
0.0208445
0.0208491
0.0208165
0.0207264
0.0205923
0.0204927
0.020439
0.020552
0.0206403
0.0206938
0.0207216
0.0207249
0.0207034
0.0206465
0.0205492
0.020419
0.020575
0.0206442
0.0206885
0.0207127
0.020725
0.0207263
0.020717
0.0206915
0.0206424
0.0205643
0.0206575
0.0206919
0.0207096
0.0207175
0.0207216
0.0207218
0.0207191
0.0207104
0.0206907
0.020652
0.020694
0.0207077
0.0207122
0.0207135
0.020714
0.020714
0.0207139
0.0207123
0.0207069
0.0206911
0.0207061
0.0207096
0.0207092
0.0207085
0.0207082
0.0207081
0.0207086
0.0207092
0.0207089
0.0207043
0.020708
0.0207074
0.020706
0.0207053
0.020705
0.0207049
0.0207053
0.020706
0.0207071
0.0207069
0.0929359
0.0941274
0.0946215
0.0949332
0.0950817
0.0950252
0.0947955
0.0945648
0.094032
0.0931147
0.067116
0.0602216
0.056073
0.0534549
0.0522239
0.052235
0.0537859
0.0561166
0.0601779
0.0666017
0.0257776
0.024302
0.023702
0.0233981
0.0232776
0.0232765
0.0234702
0.0237058
0.0242672
0.0256569
0.0199641
0.019984
0.0201057
0.0201979
0.0202498
0.0202546
0.0202182
0.0201166
0.0199796
0.0199329
0.0197802
0.0199203
0.0200393
0.020113
0.0201485
0.0201516
0.0201219
0.0200443
0.0199184
0.0197642
0.0199742
0.0200744
0.0201429
0.020181
0.0201983
0.0201997
0.0201846
0.0201448
0.0200724
0.0199645
0.0201071
0.0201649
0.0201976
0.0202133
0.0202205
0.0202208
0.0202149
0.0201981
0.0201635
0.0201016
0.0201755
0.020204
0.0202164
0.0202213
0.0202233
0.0202234
0.0202219
0.0202165
0.020203
0.0201724
0.0202048
0.0202166
0.0202197
0.0202204
0.0202205
0.0202205
0.0202205
0.0202197
0.0202159
0.0202029
0.020215
0.0202187
0.0202185
0.020218
0.0202178
0.0202178
0.020218
0.0202184
0.0202182
0.0202138
0.0911305
0.0921344
0.0926825
0.0930721
0.0933137
0.0932103
0.0929554
0.0925234
0.0918856
0.0912281
0.0727173
0.0656914
0.0613466
0.058415
0.0569041
0.057096
0.0588339
0.0614983
0.0658939
0.0723371
0.0269843
0.025087
0.0242687
0.023785
0.0235571
0.0235941
0.0238875
0.0242798
0.0250809
0.0268983
0.0195185
0.0194528
0.0195539
0.0196453
0.019696
0.0196998
0.0196615
0.019565
0.0194549
0.0195015
0.0191471
0.0193056
0.0194481
0.0195389
0.0195829
0.0195844
0.0195454
0.019452
0.0193061
0.0191385
0.0193816
0.0195107
0.0196024
0.019655
0.0196784
0.0196794
0.0196575
0.0196035
0.0195095
0.0193749
0.0195633
0.0196458
0.0196951
0.0197207
0.0197315
0.0197321
0.0197221
0.0196958
0.0196447
0.0195588
0.0196664
0.0197126
0.0197354
0.0197457
0.0197499
0.0197502
0.0197464
0.0197358
0.019712
0.0196639
0.0197171
0.0197402
0.0197488
0.0197519
0.019753
0.0197532
0.0197522
0.0197489
0.0197398
0.0197157
0.0197389
0.0197492
0.0197515
0.019752
0.019752
0.019752
0.019752
0.0197515
0.0197489
0.0197381
0.0898797
0.0905401
0.0910241
0.0913134
0.0915278
0.0914487
0.0912602
0.090724
0.0901739
0.0898981
0.077625
0.0707405
0.0662791
0.0632887
0.0616445
0.0619363
0.0636625
0.0667206
0.071312
0.0774189
0.028509
0.0261196
0.0250443
0.0243902
0.0240592
0.0241436
0.024511
0.0251198
0.0262118
0.02846
0.0191933
0.0190262
0.0190827
0.0191566
0.0192006
0.0192023
0.019168
0.0190969
0.0190407
0.0191948
0.0185469
0.0187167
0.0188757
0.01898
0.0190318
0.0190311
0.0189835
0.0188794
0.0187199
0.0185466
0.0188022
0.0189569
0.0190695
0.0191365
0.0191668
0.0191671
0.0191379
0.0190709
0.0189576
0.0187999
0.0190279
0.0191346
0.0192013
0.0192381
0.0192535
0.0192542
0.0192393
0.0192028
0.0191349
0.0190256
0.0191666
0.019232
0.0192671
0.0192843
0.0192914
0.0192919
0.0192852
0.0192681
0.0192324
0.0191653
0.0192415
0.019278
0.0192942
0.0193008
0.0193034
0.0193037
0.0193013
0.0192946
0.0192783
0.019241
0.0192778
0.0192968
0.019303
0.019305
0.0193056
0.0193058
0.0193052
0.0193032
0.0192969
0.0192776
0.0890763
0.0893621
0.0897189
0.0898198
0.0899163
0.0899261
0.0898269
0.0893133
0.0889944
0.0890316
0.08182
0.0752728
0.0707471
0.0679645
0.0663818
0.0665958
0.0681391
0.0715522
0.0761622
0.0818316
0.0303153
0.0273956
0.0259978
0.0252228
0.0248248
0.0249223
0.0253171
0.0261951
0.0276497
0.0303337
0.0190007
0.0186977
0.0187034
0.0187498
0.0187798
0.0187805
0.018759
0.0187231
0.0187301
0.0190212
0.0179865
0.0181567
0.0183283
0.0184427
0.0185
0.0184978
0.0184445
0.0183318
0.0181613
0.0179922
0.0182401
0.0184159
0.0185474
0.0186281
0.0186656
0.0186655
0.0186294
0.0185499
0.0184187
0.0182418
0.0185035
0.0186328
0.0187169
0.0187653
0.0187862
0.0187868
0.0187665
0.0187193
0.0186348
0.0185039
0.0186768
0.0187619
0.0188104
0.0188356
0.0188462
0.0188467
0.0188367
0.0188121
0.0187634
0.0186772
0.0187774
0.0188288
0.0188539
0.0188652
0.0188697
0.01887
0.0188659
0.0188548
0.01883
0.0187781
0.0188303
0.0188597
0.0188711
0.0188754
0.018877
0.0188772
0.0188758
0.0188715
0.0188604
0.0188309
0.0885849
0.0885341
0.0887457
0.0886707
0.0886135
0.0887192
0.0886719
0.0883298
0.0882855
0.0885026
0.085362
0.0792942
0.0747748
0.0722985
0.0709535
0.0709524
0.0722809
0.0758136
0.0802687
0.0856167
0.0323863
0.0289257
0.0271578
0.0263021
0.0258876
0.025939
0.0263277
0.0274859
0.0293413
0.0325183
0.0189691
0.0184715
0.0184112
0.0184254
0.0184403
0.0184415
0.0184356
0.0184362
0.0185263
0.0190085
0.0174756
0.0176278
0.0178083
0.0179285
0.0179882
0.0179872
0.0179319
0.0178106
0.017633
0.0174824
0.0176995
0.0178903
0.0180391
0.0181317
0.0181758
0.018176
0.0181343
0.0180427
0.0178943
0.0177028
0.0179927
0.018142
0.0182431
0.0183026
0.0183294
0.01833
0.0183042
0.0182462
0.0181454
0.0179949
0.0181986
0.0183025
0.0183649
0.0183987
0.018413
0.0184134
0.0183998
0.018367
0.0183049
0.0182003
0.0183249
0.0183918
0.0184268
0.0184436
0.0184505
0.0184507
0.0184444
0.018428
0.0183936
0.0183265
0.0183955
0.0184366
0.0184542
0.0184617
0.0184646
0.0184647
0.0184622
0.0184549
0.0184377
0.0183968
0.0883077
0.0879991
0.0880622
0.0878765
0.0876866
0.0878302
0.087789
0.0877152
0.0879064
0.0882224
0.0883008
0.0828158
0.0783919
0.0761678
0.075117
0.0749143
0.0761467
0.0794302
0.0836158
0.0887527
0.0347187
0.0307261
0.0285718
0.0276352
0.0272246
0.0271946
0.0275937
0.0289601
0.0312106
0.0349877
0.0191369
0.0183743
0.0182151
0.0181836
0.0181808
0.0181822
0.0181945
0.0182434
0.0184471
0.0191943
0.0170276
0.0171369
0.0173178
0.017438
0.0174972
0.0174995
0.0174449
0.0173186
0.0171428
0.0170301
0.0171848
0.0173828
0.0175465
0.0176488
0.0176982
0.0176996
0.0176533
0.0175505
0.0173873
0.0171865
0.0174977
0.0176639
0.0177808
0.0178505
0.017883
0.0178837
0.0178529
0.0177842
0.017668
0.0175004
0.0177327
0.0178543
0.0179303
0.0179727
0.0179911
0.0179914
0.0179737
0.0179325
0.0178571
0.0177351
0.017884
0.0179664
0.0180118
0.0180348
0.0180442
0.0180444
0.0180355
0.0180132
0.0179684
0.017886
0.0179728
0.0180264
0.0180511
0.0180625
0.018067
0.018067
0.0180629
0.018052
0.0180278
0.0179744
0.0881945
0.0877338
0.0876163
0.0873868
0.0871207
0.0872327
0.0871748
0.0873589
0.0877149
0.0881226
0.0906392
0.0857634
0.0816044
0.0795003
0.0786891
0.0783992
0.0797104
0.0824716
0.0863191
0.0911736
0.0372656
0.0328002
0.0302762
0.0291924
0.028759
0.0286534
0.0291395
0.0306056
0.033222
0.0376491
0.0195375
0.0184451
0.0181391
0.0180399
0.0180096
0.0180096
0.0180453
0.0181639
0.0185165
0.0196112
0.0166602
0.0166955
0.0168616
0.0169751
0.017031
0.0170374
0.0169834
0.0168619
0.0167027
0.0166564
0.016702
0.0168964
0.0170708
0.0171806
0.0172337
0.0172367
0.0171864
0.0170753
0.0169018
0.0167003
0.0170208
0.0171996
0.0173307
0.0174096
0.017447
0.0174481
0.0174127
0.0173344
0.0172044
0.017023
0.0172801
0.0174174
0.0175064
0.0175572
0.0175797
0.01758
0.0175584
0.0175087
0.0174206
0.0172826
0.0174547
0.0175521
0.017608
0.0176377
0.01765
0.0176501
0.0176383
0.0176095
0.0175541
0.0174566
0.0175617
0.0176282
0.0176607
0.0176765
0.0176828
0.0176828
0.0176769
0.0176617
0.0176295
0.0175631
0.0881903
0.0876971
0.0873622
0.087105
0.0868467
0.0868692
0.0868104
0.0871578
0.0876137
0.0881418
0.092381
0.0880451
0.0844016
0.0823124
0.0816056
0.0813611
0.0828424
0.0850724
0.0885311
0.0928743
0.0399599
0.0351035
0.0322698
0.0309183
0.0304103
0.030246
0.0309325
0.0324601
0.0353834
0.0403762
0.0201911
0.0187161
0.0182106
0.0180131
0.0179387
0.0179354
0.0180073
0.0182222
0.0187636
0.0202739
0.0163961
0.0163165
0.0164467
0.0165477
0.0165977
0.016607
0.0165523
0.0164483
0.0163254
0.016391
0.0162577
0.0164347
0.0166138
0.0167293
0.0167848
0.016789
0.0167345
0.0166189
0.016442
0.0162543
0.0165643
0.0167503
0.0168933
0.0169806
0.0170221
0.0170237
0.016984
0.0168975
0.0167561
0.0165659
0.0168413
0.016992
0.0170933
0.0171521
0.0171787
0.0171793
0.0171537
0.0170959
0.0169959
0.0168439
0.0170368
0.0171484
0.017215
0.0172514
0.0172669
0.0172671
0.0172521
0.0172167
0.0171506
0.0170387
0.0171614
0.0172411
0.017282
0.0173026
0.0173109
0.0173111
0.017303
0.017283
0.0172423
0.0171626
0.0882357
0.0878103
0.0872703
0.0869489
0.0867598
0.0866616
0.0866483
0.0870427
0.0875636
0.0882274
0.093594
0.0896892
0.0867204
0.0846856
0.0839175
0.0838469
0.0854302
0.0873289
0.0903473
0.0939276
0.0427467
0.0375536
0.0344785
0.032771
0.0321043
0.0319207
0.0328869
0.0345528
0.037716
0.0430597
0.0211089
0.0192002
0.018447
0.0181147
0.0179753
0.0179695
0.0180996
0.0184425
0.0192193
0.0211852
0.0162505
0.0160131
0.0160825
0.0161649
0.0162064
0.0162168
0.0161623
0.0160864
0.0160239
0.0162529
0.0158559
0.0160023
0.016178
0.0162977
0.0163551
0.0163596
0.0163004
0.0161839
0.016012
0.0158559
0.0161298
0.0163174
0.0164694
0.0165647
0.0166099
0.0166117
0.0165678
0.0164743
0.0163244
0.0161324
0.0164171
0.0165787
0.0166912
0.0167579
0.0167887
0.0167895
0.0167598
0.0166944
0.0165833
0.0164202
0.0166303
0.0167551
0.0168325
0.0168755
0.0168945
0.0168949
0.0168765
0.0168344
0.0167578
0.0166326
0.0167714
0.0168644
0.0169141
0.0169398
0.0169505
0.0169507
0.0169404
0.0169152
0.0168657
0.0167729
0.0882704
0.0879764
0.0873054
0.0868685
0.0867485
0.0865459
0.0866265
0.0869881
0.087572
0.0883275
0.094413
0.0908053
0.0885141
0.0866925
0.0857855
0.0859619
0.0874493
0.0892594
0.0917668
0.0945074
0.0455225
0.040053
0.0367773
0.0347181
0.0338129
0.0336949
0.0349101
0.0368551
0.0402196
0.0456713
0.0222894
0.0198858
0.0188492
0.0183489
0.018126
0.0181222
0.0183344
0.0188421
0.0199066
0.0223527
0.0162203
0.0158013
0.0157798
0.0158342
0.0158654
0.0158737
0.0158258
0.0157858
0.0158141
0.0162387
0.0154986
0.0156042
0.0157676
0.0158886
0.0159483
0.0159515
0.0158886
0.0157738
0.0156147
0.0155072
0.0157187
0.0159032
0.0160606
0.016163
0.0162121
0.0162134
0.0161652
0.0160657
0.0159106
0.0157246
0.0160082
0.0161782
0.0163007
0.0163751
0.01641
0.0164108
0.0163771
0.0163043
0.0161833
0.0160127
0.0162356
0.0163726
0.0164603
0.0165101
0.0165326
0.0165331
0.0165114
0.0164625
0.0163758
0.0162389
0.0163919
0.0164977
0.0165565
0.0165875
0.0166008
0.0166011
0.0165883
0.0165578
0.0164995
0.0163942
0.0882593
0.0881158
0.0874174
0.08685
0.0867397
0.0864776
0.0866739
0.0870081
0.087653
0.0884096
0.0949674
0.0915539
0.0897879
0.0883728
0.0873844
0.0877941
0.0889768
0.0907901
0.0927328
0.0948045
0.0482004
0.0424798
0.0390583
0.0367523
0.0355951
0.0356041
0.0369482
0.0392715
0.0427986
0.0482515
0.0237065
0.0207498
0.0194097
0.0187216
0.0184067
0.0184105
0.0187161
0.0194244
0.0208299
0.0237719
0.0163147
0.0156858
0.0155535
0.0155621
0.0155796
0.015583
0.0155532
0.01556
0.0157018
0.0163517
0.0151909
0.0152454
0.0153875
0.0155047
0.0155661
0.0155669
0.0155034
0.0153926
0.0152528
0.0152098
0.0153336
0.0155102
0.0156688
0.0157763
0.015829
0.0158295
0.0157775
0.0156733
0.0155162
0.0153437
0.0156164
0.0157921
0.0159225
0.0160039
0.0160426
0.0160431
0.0160057
0.0159262
0.0157968
0.0156228
0.015854
0.0160014
0.0160986
0.016155
0.0161809
0.0161814
0.0161564
0.016101
0.0160048
0.0158585
0.0160236
0.0161412
0.0162089
0.0162454
0.0162613
0.0162616
0.0162463
0.0162103
0.0161435
0.0160268
0.0882137
0.0881794
0.087546
0.086901
0.0867053
0.08645
0.0867201
0.0871165
0.0877923
0.0884381
0.0953107
0.0920869
0.0906206
0.0896979
0.0888209
0.0893825
0.0901957
0.0918167
0.0932357
0.0949722
0.0507342
0.0447802
0.0412595
0.0388655
0.0375475
0.0376799
0.0390103
0.0416316
0.0453139
0.0508141
0.0253232
0.0217869
0.0201254
0.0192438
0.0188452
0.0188574
0.0192496
0.0201765
0.0219665
0.0254275
0.0165529
0.0156657
0.0154142
0.0153596
0.0153549
0.0153523
0.0153546
0.015418
0.0156878
0.0166077
0.0149435
0.014929
0.0150425
0.015149
0.0152087
0.0152069
0.0151477
0.0150443
0.0149298
0.014969
0.014979
0.0151405
0.0152962
0.0154055
0.0154604
0.0154599
0.0154058
0.0152988
0.0151431
0.0149918
0.0152442
0.0154216
0.0155574
0.0156443
0.015686
0.0156862
0.0156456
0.0155604
0.015425
0.0152518
0.0154868
0.0156423
0.0157476
0.0158101
0.0158391
0.0158394
0.0158114
0.01575
0.0156455
0.0154921
0.0156671
0.0157952
0.0158711
0.015913
0.0159316
0.0159318
0.015914
0.0158727
0.0157977
0.015671
0.0881525
0.0881465
0.0876268
0.0869958
0.0866599
0.0864668
0.0867362
0.0872881
0.0879459
0.0883792
0.0954838
0.0925205
0.091164
0.0906539
0.090106
0.0906978
0.0912293
0.0923264
0.093363
0.0951324
0.0531349
0.0470363
0.043374
0.0410281
0.0397031
0.0399236
0.0411431
0.0438162
0.0476505
0.0533338
0.0271237
0.0230268
0.0210066
0.0199363
0.0194674
0.0194914
0.0199557
0.0210827
0.0232656
0.0273109
0.0169586
0.0157539
0.0153633
0.0152333
0.015201
0.0151917
0.0152304
0.0153594
0.015781
0.0170362
0.0147706
0.0146576
0.0147354
0.0148236
0.014876
0.0148711
0.014821
0.0147315
0.0146526
0.0147969
0.0146603
0.0147949
0.014944
0.0150512
0.0151057
0.0151041
0.0150505
0.0149439
0.0147943
0.0146726
0.0148937
0.015067
0.0152059
0.0152963
0.0153399
0.0153396
0.0152968
0.0152077
0.0150692
0.0149013
0.015135
0.0152953
0.0154074
0.0154751
0.0155066
0.0155066
0.0154761
0.0154094
0.0152983
0.0151406
0.0153229
0.0154596
0.015543
0.0155902
0.0156113
0.0156114
0.015591
0.0155447
0.0154623
0.0153273
0.0880861
0.0880278
0.0876134
0.0870761
0.0866211
0.0865267
0.0867413
0.0874215
0.0880518
0.0882599
0.0955637
0.0929234
0.0916002
0.0913035
0.0911787
0.0916817
0.0920617
0.0925059
0.0933147
0.0953152
0.0554979
0.0493503
0.0454506
0.0432153
0.0419914
0.0422803
0.0433425
0.0458223
0.0497925
0.0557752
0.0291426
0.0245072
0.0220688
0.0208218
0.0202942
0.0203366
0.0208556
0.0221328
0.0246933
0.0294111
0.0175649
0.0159758
0.0154074
0.0151837
0.0151178
0.015102
0.0151776
0.0153897
0.0159976
0.0176718
0.0146923
0.0144372
0.0144675
0.014529
0.0145677
0.0145593
0.0145218
0.0144563
0.0144309
0.0147191
0.0143822
0.0144744
0.0146125
0.014714
0.0147651
0.0147624
0.0147115
0.0146097
0.0144728
0.0143928
0.0145659
0.0147285
0.0148682
0.01496
0.015004
0.0150034
0.0149596
0.0148686
0.0147302
0.0145731
0.0147988
0.0149606
0.0150778
0.0151497
0.0151832
0.015183
0.0151503
0.0150793
0.0149633
0.0148043
0.014991
0.0151344
0.0152245
0.0152764
0.0152999
0.0152999
0.0152771
0.0152262
0.0151371
0.0149954
0.0880286
0.0878706
0.087491
0.0870668
0.0866
0.0866253
0.0867594
0.0873929
0.0880535
0.0881614
0.0956035
0.0932935
0.0920894
0.0917908
0.0919989
0.0923013
0.092655
0.0926977
0.0932915
0.0954342
0.0578497
0.0517194
0.0475711
0.0453856
0.0443173
0.0445855
0.0455637
0.0477575
0.0518367
0.0580785
0.0314072
0.0262387
0.023336
0.0219014
0.0213193
0.0213666
0.021949
0.0233449
0.0262757
0.0316801
0.0184169
0.0163608
0.0155579
0.0152182
0.0151071
0.015088
0.0152053
0.015523
0.016363
0.0185424
0.0147261
0.0142771
0.0142398
0.0142658
0.0142856
0.0142749
0.014252
0.0142222
0.014274
0.0147555
0.0141488
0.0141809
0.0143016
0.0143941
0.0144395
0.0144361
0.0143893
0.0142969
0.0141807
0.0141587
0.0142618
0.0144065
0.0145441
0.0146355
0.0146791
0.0146782
0.0146344
0.0145435
0.0144086
0.0142689
0.0144784
0.0146378
0.0147587
0.0148339
0.0148687
0.0148686
0.0148341
0.0147597
0.0146404
0.0144837
0.0146712
0.0148192
0.0149152
0.0149714
0.0149969
0.014997
0.014972
0.0149167
0.0148217
0.0146752
0.0879979
0.0877308
0.0872684
0.0869318
0.0866053
0.0867504
0.0867906
0.0871795
0.0879247
0.0881273
0.0955941
0.0935823
0.0927127
0.0923011
0.092568
0.0925875
0.0930146
0.0931394
0.0934421
0.0954362
0.0601037
0.0540656
0.0498016
0.0475219
0.046558
0.0467141
0.047726
0.0497919
0.0539054
0.0601736
0.0338837
0.028199
0.0248279
0.0231616
0.0224958
0.0225261
0.0231998
0.0247692
0.0280632
0.0340285
0.0195488
0.0169332
0.0158293
0.0153486
0.0151762
0.0151587
0.0153286
0.0157822
0.0169017
0.0196442
0.0148813
0.0141914
0.0140547
0.0140367
0.0140352
0.0140247
0.0140186
0.0140346
0.0141919
0.01491
0.013963
0.0139171
0.014011
0.0140921
0.0141312
0.0141278
0.0140857
0.014006
0.0139197
0.0139736
0.0139819
0.0141015
0.0142335
0.0143233
0.0143661
0.0143653
0.0143219
0.0142329
0.0141044
0.0139894
0.0141737
0.014327
0.0144499
0.0145275
0.0145636
0.0145637
0.0145277
0.0144509
0.0143299
0.0141791
0.0143631
0.0145136
0.0146147
0.0146747
0.0147021
0.0147024
0.0146754
0.0146161
0.0145161
0.014367
0.087989
0.087616
0.0869774
0.0867086
0.0866423
0.0868765
0.0867908
0.0868888
0.0876856
0.0881141
0.0955439
0.0938126
0.0934586
0.0929236
0.0928978
0.092626
0.0932534
0.0937981
0.0938516
0.0954374
0.0621391
0.0563202
0.0521183
0.0496292
0.0486302
0.0486505
0.049759
0.0519885
0.0560732
0.0620144
0.036455
0.0303368
0.0265391
0.0245791
0.0237697
0.0237682
0.0245582
0.0264212
0.0300712
0.0363529
0.0209388
0.017703
0.0162379
0.0155884
0.0153343
0.0153206
0.0155585
0.016187
0.0176255
0.0209257
0.0151708
0.0141957
0.0139188
0.0138472
0.0138246
0.013817
0.0138305
0.0139018
0.014195
0.0151812
0.0138306
0.0136872
0.0137424
0.0138092
0.0138435
0.0138412
0.0138036
0.0137388
0.0136922
0.0138403
0.0137281
0.0138146
0.0139367
0.0140241
0.0140666
0.0140664
0.0140234
0.0139369
0.0138185
0.0137358
0.0138853
0.0140286
0.0141516
0.0142309
0.0142686
0.014269
0.0142316
0.014153
0.014032
0.0138909
0.014067
0.0142176
0.0143228
0.0143863
0.0144157
0.0144163
0.0143874
0.0143245
0.0142203
0.0140709
0.0879649
0.0875019
0.0866973
0.0864756
0.086704
0.0869652
0.0867364
0.0866548
0.0874033
0.0880763
0.0955541
0.0940772
0.0942139
0.0935971
0.0930212
0.0925628
0.0935245
0.0944665
0.0944659
0.0955907
0.0639014
0.0584588
0.0544345
0.0517285
0.0505409
0.0504369
0.051731
0.0542296
0.0582734
0.0636335
0.0389716
0.0325897
0.0284338
0.0261359
0.025118
0.0250743
0.0260321
0.0282375
0.032255
0.0385845
0.0225154
0.0186735
0.0167953
0.0159492
0.0155921
0.0155805
0.0159049
0.0167354
0.0185401
0.0223224
0.0155994
0.014292
0.0138487
0.0137056
0.0136615
0.0136587
0.013695
0.0138373
0.0142802
0.0155619
0.0137597
0.0134941
0.0135001
0.0135481
0.0135791
0.0135789
0.0135459
0.0134991
0.0134989
0.0137624
0.0135043
0.0135473
0.013655
0.0137388
0.0137819
0.0137824
0.0137396
0.0136566
0.0135515
0.0135103
0.0136154
0.0137435
0.0138642
0.0139449
0.0139844
0.0139851
0.0139464
0.0138665
0.0137471
0.0136201
0.013784
0.0139318
0.0140399
0.0141066
0.0141381
0.0141387
0.0141081
0.0140419
0.0139346
0.0137874
0.0879137
0.0873863
0.0865136
0.0862946
0.0867569
0.0869783
0.0866675
0.0865472
0.0871641
0.0879908
0.0957256
0.0944467
0.0947996
0.0942076
0.0930434
0.0925619
0.0938157
0.0949485
0.0951087
0.0959496
0.0654222
0.0604581
0.0566509
0.0538037
0.052361
0.0521706
0.0537312
0.0563868
0.0603664
0.0651007
0.0413337
0.0348799
0.0304462
0.0278111
0.0265653
0.0264844
0.0276605
0.0301608
0.0345226
0.0407135
0.0241956
0.0198263
0.0175124
0.0164347
0.015966
0.0159534
0.0163777
0.0174262
0.0196319
0.0238078
0.016157
0.0144866
0.0138555
0.0136261
0.0135527
0.0135543
0.013621
0.0138465
0.0144502
0.0160508
0.0137659
0.0133429
0.0132895
0.0133132
0.0133396
0.0133414
0.013315
0.0132908
0.0133432
0.0137514
0.013318
0.0133018
0.0133906
0.0134688
0.0135121
0.0135133
0.0134712
0.0133935
0.0133054
0.0133184
0.0133671
0.013473
0.0135889
0.0136701
0.0137112
0.013712
0.0136722
0.0135918
0.0134762
0.0133692
0.013516
0.0136572
0.0137666
0.0138359
0.0138694
0.0138699
0.0138375
0.0137687
0.0136595
0.013518
0.0878601
0.0872857
0.086445
0.0862007
0.0867491
0.0869022
0.086622
0.0865752
0.0870303
0.0878723
0.096024
0.0948929
0.0951249
0.094652
0.0930944
0.0927092
0.0940434
0.0951312
0.0956222
0.0964513
0.0667341
0.0622769
0.0586836
0.0558386
0.05418
0.0539676
0.0557365
0.0583964
0.0622407
0.0664841
0.043498
0.0371336
0.0325162
0.0296044
0.0281648
0.0280609
0.0294488
0.0321832
0.0367958
0.0428039
0.0259196
0.0211315
0.0183988
0.0170567
0.0164752
0.0164543
0.0169899
0.0182769
0.0208944
0.0254208
0.0168421
0.0147908
0.0139463
0.0136184
0.0135087
0.0135124
0.0136151
0.0139309
0.0147219
0.0166769
0.0138534
0.0132415
0.013115
0.0131086
0.0131266
0.0131301
0.0131131
0.0131166
0.0132327
0.0138181
0.013174
0.0130818
0.0131455
0.0132153
0.013257
0.0132586
0.0132185
0.0131488
0.0130832
0.0131658
0.0131432
0.0132189
0.0133269
0.0134069
0.0134484
0.0134492
0.0134089
0.0133295
0.0132208
0.0131408
0.0132645
0.0133946
0.0135035
0.0135745
0.0136091
0.0136095
0.0135756
0.0135051
0.0133961
0.0132643
0.0878246
0.087199
0.0864419
0.086182
0.086654
0.086729
0.0865747
0.0866742
0.087025
0.0877492
0.0963905
0.0953318
0.0952509
0.0948713
0.093297
0.0930645
0.0942231
0.0950566
0.095873
0.0969484
0.0679002
0.063914
0.0605144
0.0578192
0.0560691
0.0558818
0.0576523
0.0602166
0.0638511
0.0678364
0.0454878
0.0393352
0.0346307
0.0315419
0.0299671
0.0298437
0.0313734
0.0343119
0.0390457
0.0449566
0.0276776
0.0225721
0.0194652
0.0178442
0.0171454
0.0171082
0.0177633
0.0193185
0.0223381
0.0272432
0.0176658
0.0152155
0.0141312
0.0136849
0.0135311
0.0135331
0.0136785
0.0141025
0.0151242
0.0174979
0.0140248
0.0131987
0.0129801
0.0129357
0.0129409
0.0129454
0.0129411
0.0129797
0.0131794
0.0139777
0.0130733
0.0128905
0.0129213
0.0129787
0.0130164
0.0130183
0.0129819
0.0129239
0.0128883
0.0130575
0.0129445
0.0129824
0.0130786
0.0131551
0.0131956
0.0131962
0.0131564
0.0130803
0.0129822
0.0129376
0.0130304
0.0131448
0.0132508
0.013322
0.0133571
0.0133572
0.0133225
0.0132515
0.0131449
0.0130276
0.0877967
0.087082
0.0864218
0.0861618
0.0864659
0.0864446
0.0864933
0.0867631
0.0870884
0.0875962
0.0967545
0.0957495
0.0953516
0.0949612
0.093707
0.093674
0.0943986
0.09488
0.0958648
0.0973491
0.0690254
0.0653967
0.0621735
0.059681
0.0580123
0.0578608
0.0594364
0.0618302
0.0652172
0.0691862
0.0473596
0.0415087
0.0367926
0.0336208
0.0319805
0.0318389
0.0334236
0.0365247
0.0412613
0.0471906
0.0295025
0.0241531
0.0207157
0.0188169
0.0180024
0.0179471
0.0187248
0.0205753
0.0239707
0.0293092
0.0186544
0.0157699
0.0144201
0.0138301
0.0136204
0.0136177
0.0138194
0.0143813
0.0156844
0.0185617
0.0142917
0.0132273
0.0128876
0.0127953
0.0127817
0.0127855
0.0127998
0.0128845
0.0132027
0.0142536
0.0130173
0.012731
0.0127184
0.012759
0.0127903
0.012792
0.0127615
0.0127199
0.0127257
0.0129998
0.0127703
0.0127636
0.0128437
0.0129141
0.0129524
0.0129527
0.0129148
0.0128442
0.0127614
0.0127611
0.0128129
0.0129073
0.0130079
0.013078
0.0131127
0.0131125
0.0130778
0.0130078
0.0129061
0.0128082
0.0877208
0.0868781
0.0862857
0.0860343
0.0861524
0.0860343
0.0863162
0.0867727
0.0870714
0.0873101
0.0971074
0.0962183
0.0956092
0.0950847
0.094304
0.094473
0.0946094
0.0947738
0.0958316
0.0977676
0.070099
0.066718
0.0636862
0.0613595
0.0599038
0.0598007
0.0610756
0.0632826
0.0664018
0.0704936
0.0491903
0.0436531
0.0389861
0.0357972
0.0341511
0.0340126
0.035582
0.0387814
0.0434362
0.0494134
0.0314574
0.0258958
0.0221493
0.0199872
0.019062
0.0189998
0.0198969
0.0220538
0.0257983
0.0315845
0.0198511
0.0164851
0.0148257
0.014067
0.0137893
0.0137817
0.014055
0.0147937
0.0164408
0.0198912
0.0146765
0.0133309
0.0128436
0.012691
0.0126513
0.0126531
0.0126934
0.0128397
0.0133138
0.01467
0.0130154
0.012605
0.0125385
0.0125576
0.0125799
0.012581
0.0125588
0.0125392
0.0125993
0.0130054
0.0126228
0.0125627
0.0126227
0.0126847
0.0127196
0.0127198
0.0126847
0.0126222
0.0125596
0.0126155
0.012612
0.0126817
0.0127749
0.0128424
0.0128763
0.012876
0.0128418
0.0127742
0.0126798
0.0126073
0.0874564
0.0865347
0.0859135
0.0856575
0.0856102
0.085419
0.085923
0.0865238
0.0867799
0.0868047
0.0975552
0.0967842
0.0961907
0.0956101
0.095332
0.09566
0.0951706
0.0950102
0.0960954
0.0984113
0.0710516
0.0678419
0.0650674
0.0629115
0.0617561
0.0617308
0.0626777
0.0646282
0.0674825
0.0716668
0.0509968
0.0457044
0.0411723
0.0380182
0.0364348
0.0363382
0.037827
0.0410223
0.0455667
0.0515543
0.0335748
0.0278038
0.0237638
0.0213668
0.0203441
0.0202966
0.0212876
0.0237296
0.0278199
0.0339839
0.0212933
0.0173997
0.0153666
0.0144172
0.0140609
0.0140521
0.0144051
0.0153594
0.0174244
0.0214702
0.0152104
0.0135194
0.0128596
0.0126241
0.012551
0.0125505
0.0126245
0.012859
0.0135227
0.015247
0.0130831
0.0125114
0.0123812
0.0123716
0.0123821
0.0123823
0.0123719
0.0123815
0.0125083
0.0130869
0.0125053
0.0123767
0.0124125
0.0124637
0.0124947
0.0124948
0.0124636
0.0124117
0.012374
0.012504
0.012426
0.0124648
0.0125486
0.0126124
0.0126452
0.0126451
0.0126119
0.0125476
0.0124631
0.012424
0.0867951
0.0858203
0.0849964
0.0846148
0.0843069
0.0840823
0.0848017
0.0855951
0.0859631
0.0859684
0.0983151
0.0977116
0.0973948
0.0966184
0.0963497
0.0967657
0.096313
0.0961392
0.0970777
0.0994502
0.0719114
0.0688281
0.066382
0.064228
0.0631444
0.0632254
0.0641484
0.0659757
0.0686047
0.0727026
0.0527869
0.0476651
0.043364
0.0402487
0.0387023
0.0386908
0.0401569
0.0432707
0.0476839
0.0535641
0.0358239
0.029902
0.0256107
0.023016
0.0218909
0.0218866
0.0229584
0.0256222
0.0300472
0.0364082
0.0230086
0.0185858
0.0161243
0.0149553
0.014516
0.0145143
0.0149422
0.0161438
0.0186835
0.0232831
0.0159703
0.013853
0.012975
0.0126373
0.0125246
0.0125229
0.0126376
0.0129801
0.0138794
0.0160471
0.0132601
0.0124798
0.012269
0.0122212
0.0122163
0.012216
0.012222
0.0122688
0.0124807
0.0132793
0.0124396
0.0122224
0.012228
0.0122648
0.0122902
0.0122904
0.0122651
0.0122273
0.0122215
0.0124468
0.0122689
0.0122673
0.0123391
0.0123979
0.0124292
0.0124294
0.012398
0.0123389
0.0122673
0.0122718
0.0855101
0.0842227
0.0828031
0.0818251
0.0812424
0.0810432
0.0818004
0.0831496
0.0841354
0.0846217
0.0997336
0.0993655
0.0993642
0.0991927
0.100568
0.100912
0.0991065
0.0984693
0.0990948
0.101025
0.0727582
0.0696536
0.0673492
0.0652925
0.0649708
0.0651327
0.0653497
0.0670689
0.0696939
0.0736587
0.0544791
0.0495148
0.0454975
0.042459
0.0411936
0.0412685
0.042505
0.0454866
0.0497381
0.0553191
0.038142
0.0322216
0.0278138
0.025051
0.0238413
0.0238951
0.0250554
0.0278636
0.0324685
0.0387738
0.0249733
0.020079
0.0171776
0.0157261
0.0151389
0.0151574
0.0157309
0.0172201
0.020225
0.0252886
0.0169686
0.0143199
0.0131618
0.0126981
0.0125323
0.0125348
0.0127052
0.0131747
0.0143593
0.0170715
0.0135303
0.0124638
0.012143
0.0120584
0.0120423
0.0120426
0.0120609
0.0121418
0.0124664
0.013562
0.012392
0.0120503
0.0120171
0.0120422
0.0120644
0.0120644
0.012042
0.0120155
0.0120504
0.0124063
0.012109
0.0120522
0.0121089
0.0121632
0.0121932
0.0121934
0.0121633
0.0121096
0.0120541
0.0121163
0.082846
0.0799215
0.0761193
0.071851
0.0671816
0.0671684
0.0715428
0.0761015
0.0795829
0.0819695
0.102203
0.103339
0.107608
0.113051
0.114292
0.114521
0.113315
0.107355
0.103649
0.103504
0.0737314
0.0710771
0.0710595
0.072595
0.0728015
0.0730275
0.0729342
0.0711056
0.0714597
0.0746623
0.0561508
0.0514024
0.0483138
0.0467279
0.0458438
0.0459838
0.0469498
0.0484832
0.0518359
0.0569315
0.0408304
0.0350949
0.0310323
0.0286944
0.0277727
0.0278562
0.0288074
0.0311392
0.0354265
0.0414239
0.0275941
0.0224347
0.019228
0.0175363
0.0169345
0.016968
0.0175931
0.0192965
0.0226238
0.0279351
0.0186582
0.0154717
0.0139335
0.0131934
0.0129184
0.0129262
0.0132172
0.0139605
0.0155369
0.0188102
0.0142624
0.0128595
0.0123594
0.0121445
0.0120564
0.0120581
0.0121499
0.0123621
0.0128761
0.0143281
0.0126256
0.0121233
0.0120355
0.0120216
0.0120194
0.0120201
0.0120227
0.0120362
0.0121323
0.0126588
0.0121236
0.01199
0.0120306
0.0120776
0.0121049
0.0121061
0.0120806
0.0120351
0.0119979
0.0121409
0.0781746
0.0701446
0.0563638
0.0412
0.0325609
0.0326576
0.0412779
0.0563797
0.0699004
0.0775297
0.108632
0.115509
0.118422
0.110165
0.112143
0.111853
0.111806
0.119454
0.116286
0.109756
0.0766447
0.078058
0.0794594
0.0751513
0.076473
0.0764883
0.0765978
0.0807124
0.0790652
0.0776074
0.0575379
0.0544032
0.0520477
0.0480398
0.046266
0.0464957
0.0489219
0.0529213
0.0552433
0.0582788
0.0429029
0.0379006
0.0346298
0.0320974
0.0305276
0.0307414
0.0325669
0.0351009
0.0384451
0.0434364
0.029801
0.0245395
0.0214941
0.0201207
0.0196422
0.0197448
0.0203533
0.0216656
0.0247885
0.0301288
0.0200735
0.0160317
0.0141564
0.0136443
0.0136897
0.0137134
0.013697
0.0141779
0.0160844
0.0202357
0.0146407
0.0124399
0.0116311
0.0114993
0.0115946
0.0115938
0.0114978
0.0116149
0.012428
0.0147036
0.0124517
0.011515
0.0112623
0.0112351
0.0112621
0.0112589
0.0112289
0.0112515
0.0115037
0.0124704
0.0117931
0.0114912
0.0114688
0.0114858
0.0114967
0.0114955
0.0114837
0.0114656
0.0114872
0.0117964
0.0690008
0.0494608
0.0331279
0.0366285
0.0597291
0.059416
0.0353865
0.0330741
0.0497508
0.0688393
0.117494
0.122494
0.147485
0.232003
0.291976
0.290456
0.226635
0.146654
0.122953
0.118165
0.0839563
0.0865058
0.101945
0.151053
0.191449
0.190324
0.149096
0.102167
0.0873458
0.0847623
0.0635594
0.0602414
0.0599844
0.0696267
0.0816019
0.0812062
0.069717
0.0607235
0.0611623
0.0643163
0.0502968
0.0459886
0.0413297
0.0365075
0.0342984
0.0343583
0.0372124
0.0421239
0.04679
0.0509475
0.0378297
0.0343383
0.0314493
0.0266484
0.0238306
0.024019
0.0269566
0.0319964
0.0349307
0.0383742
0.0268384
0.0242057
0.0225
0.0201692
0.0184197
0.0185355
0.02028
0.0227576
0.0245521
0.0272629
0.0191713
0.0174721
0.0169758
0.0162347
0.0155983
0.0156397
0.0163134
0.0170735
0.017654
0.0194489
0.0149938
0.0141054
0.0141342
0.0141707
0.0141751
0.0141842
0.0141969
0.0141825
0.0141978
0.0151449
0.0131361
0.012705
0.0128194
0.0129693
0.0130756
0.0130798
0.0129861
0.0128495
0.0127508
0.0132091
0.0530097
0.0464875
0.0697469
0.113632
0.126456
0.125783
0.110163
0.0678838
0.0466357
0.0537036
0.125319
0.19388
0.331848
0.449255
0.521517
0.523202
0.448352
0.321175
0.188128
0.124883
0.0871935
0.13661
0.238745
0.35794
0.447876
0.445586
0.354071
0.232824
0.133386
0.086884
0.0534736
0.0667471
0.110254
0.180842
0.244292
0.241881
0.177619
0.107843
0.0657355
0.0535083
0.0362994
0.0285672
0.03354
0.0566528
0.0859732
0.084723
0.0547454
0.0325595
0.0282719
0.0363566
0.0266812
0.0126259
0.00119765
0.00815891
0.00178903
0.00134273
0.00400644
0.000885578
0.0123629
0.026673
0.0194509
0.00802899
0.000899368
0.00358597
0.00285224
0.00278228
0.00298919
0.00094247
0.00782828
0.0194321
0.014413
0.00741523
0.00265191
0.000224276
0.000111554
0.000129303
0.000381763
0.00266507
0.00731145
0.0144013
0.0116696
0.00833915
0.00597576
0.00438304
0.0036212
0.00363852
0.0043293
0.00593264
0.00827371
0.0116543
0.0107507
0.00961473
0.00897938
0.00837016
0.00798291
0.00798516
0.00834774
0.00893477
0.00956921
0.0107245
0.0288851
0.0202795
0.0168515
0.0160701
0.0159605
0.0154221
0.0159007
0.0163115
0.0193025
0.028501
0.239832
0.306774
0.21725
0.0599638
0.0730735
0.0526261
0.0487971
0.214283
0.298222
0.233361
0.231307
0.375154
0.516904
0.593341
0.560998
0.559817
0.584553
0.502892
0.363125
0.225132
0.17149
0.292234
0.467783
0.637858
0.678155
0.677304
0.626457
0.454803
0.28456
0.16808
0.121008
0.19543
0.311574
0.435543
0.492584
0.49107
0.42784
0.304894
0.192071
0.119628
0.0852374
0.122275
0.181635
0.248544
0.286049
0.284939
0.245473
0.179151
0.121136
0.0849078
0.0597401
0.0739065
0.099904
0.130036
0.149551
0.149
0.129463
0.0992899
0.0737108
0.0598913
0.0414731
0.044096
0.0533905
0.065117
0.0737162
0.0735149
0.0650428
0.0534146
0.0442494
0.0417744
0.0287455
0.026959
0.0290661
0.0324363
0.0351465
0.0351106
0.0325104
0.029256
0.0271985
0.0290396
0.0205092
0.0179699
0.017782
0.0180657
0.0183966
0.0184116
0.0181677
0.0179562
0.0181794
0.0207397
0.0356569
0.0346443
0.0339593
0.0335378
0.033337
0.033333
0.03354
0.0339629
0.03464
0.0356605
0.0262784
0.026163
0.0260844
0.0260325
0.0260089
0.0260131
0.0260293
0.026078
0.0261661
0.0262686
0.0257135
0.0256897
0.0256756
0.0256662
0.0256621
0.0256638
0.0256651
0.0256734
0.0256911
0.02571
0.0256421
0.0256369
0.0256345
0.025633
0.0256323
0.0256326
0.0256329
0.0256342
0.0256373
0.0256417
0.0256317
0.0256309
0.0256307
0.0256306
0.0256305
0.0256306
0.0256306
0.0256307
0.025631
0.0256317
0.0256307
0.0256307
0.0256308
0.0256308
0.0256308
0.0256308
0.0256308
0.0256308
0.0256307
0.0256307
0.0256308
0.0256309
0.0256309
0.0256309
0.0256309
0.0256309
0.0256309
0.0256309
0.0256309
0.0256308
0.0256309
0.0256309
0.0256309
0.0256309
0.0256309
0.0256309
0.0256309
0.0256309
0.0256309
0.0256309
0.0256309
0.0256309
0.0256309
0.0256309
0.0256309
0.0256309
0.0256309
0.0256309
0.0256309
0.0256309
0.0256309
0.0256309
0.0256309
0.0256308
0.0256308
0.0256308
0.0256308
0.0256309
0.0256309
0.0256309
0.0566383
0.0533668
0.0511325
0.0497562
0.0490841
0.0490803
0.0497602
0.0511536
0.0533605
0.0566743
0.0277327
0.0273058
0.0270271
0.0268535
0.0267867
0.0267836
0.0268376
0.0269973
0.027303
0.02767
0.0253392
0.0252575
0.0252023
0.025167
0.0251555
0.025155
0.0251604
0.025191
0.0252568
0.0253162
0.0249995
0.024972
0.024955
0.0249445
0.024941
0.024941
0.0249431
0.0249522
0.0249717
0.0249928
0.0249212
0.0249116
0.0249066
0.0249037
0.0249027
0.0249028
0.0249035
0.024906
0.0249115
0.0249195
0.0249014
0.0248984
0.0248971
0.0248965
0.0248963
0.0248963
0.0248964
0.024897
0.0248984
0.024901
0.0248966
0.0248957
0.0248954
0.0248953
0.0248953
0.0248953
0.0248953
0.0248954
0.0248957
0.0248965
0.0248955
0.0248952
0.0248951
0.0248951
0.0248951
0.0248951
0.0248951
0.0248951
0.0248952
0.0248954
0.0248952
0.0248951
0.024895
0.024895
0.024895
0.024895
0.024895
0.024895
0.0248951
0.0248952
0.024895
0.024895
0.0248949
0.0248949
0.0248949
0.0248949
0.0248949
0.0248949
0.024895
0.0248951
0.0758839
0.0711419
0.0678
0.0656457
0.0645812
0.0645925
0.0656583
0.0678265
0.0711647
0.0759507
0.0299911
0.0291425
0.0285711
0.0282804
0.0281505
0.0281195
0.028234
0.0285345
0.0291041
0.0298866
0.0250196
0.0249061
0.02482
0.0247792
0.0247631
0.0247554
0.0247639
0.0248044
0.0248939
0.0249842
0.0244157
0.0243746
0.024345
0.0243298
0.0243242
0.024322
0.0243254
0.0243397
0.0243699
0.0244023
0.0242667
0.0242476
0.0242358
0.0242297
0.0242273
0.0242267
0.0242285
0.0242343
0.0242459
0.0242618
0.0242196
0.0242113
0.0242069
0.0242048
0.0242039
0.0242038
0.0242045
0.0242065
0.0242107
0.0242179
0.0242043
0.024201
0.0241995
0.0241989
0.0241986
0.0241986
0.0241988
0.0241994
0.0242008
0.0242037
0.0241994
0.0241982
0.0241977
0.0241975
0.0241974
0.0241974
0.0241975
0.0241977
0.0241981
0.0241993
0.0241979
0.0241974
0.0241972
0.0241971
0.0241971
0.0241971
0.0241971
0.0241972
0.0241974
0.0241979
0.0241973
0.0241971
0.024197
0.0241969
0.0241969
0.0241969
0.0241969
0.024197
0.0241971
0.0241974
0.0899074
0.0851174
0.0815516
0.0790832
0.0778764
0.0779001
0.0791092
0.0815728
0.0852002
0.0899767
0.033093
0.031669
0.0307181
0.0302921
0.0300343
0.0299952
0.0302162
0.0306766
0.031553
0.0329737
0.0247002
0.0245697
0.0244581
0.0244206
0.0243926
0.0243836
0.0243993
0.024437
0.024534
0.0246612
0.0238431
0.0238058
0.0237698
0.0237556
0.0237472
0.0237439
0.0237486
0.0237614
0.023792
0.0238253
0.0236479
0.0236263
0.0236092
0.0236013
0.0235973
0.0235961
0.023599
0.0236062
0.0236206
0.0236395
0.0235794
0.0235669
0.023559
0.0235552
0.0235534
0.023553
0.0235545
0.023558
0.0235647
0.0235758
0.0235526
0.0235462
0.0235429
0.0235413
0.0235406
0.0235406
0.0235412
0.0235426
0.0235455
0.0235513
0.0235422
0.0235393
0.0235379
0.0235374
0.0235372
0.0235372
0.0235373
0.0235379
0.0235391
0.0235418
0.0235383
0.023537
0.0235365
0.0235363
0.0235362
0.0235362
0.0235362
0.0235365
0.023537
0.0235382
0.0235369
0.0235362
0.0235361
0.0235359
0.0235359
0.0235359
0.0235359
0.023536
0.0235362
0.0235369
0.0976639
0.0939737
0.0909982
0.0887422
0.0876884
0.0876823
0.0887713
0.0910308
0.0941234
0.0977218
0.0374142
0.0351277
0.0335744
0.0328781
0.0324003
0.0324278
0.0328123
0.033481
0.0348586
0.0373026
0.0244202
0.0242598
0.0241264
0.0240876
0.0240358
0.0240399
0.0240687
0.0240923
0.0241899
0.0243773
0.0232391
0.0232306
0.0232058
0.0231997
0.0231877
0.0231871
0.0231924
0.0231924
0.023205
0.0232169
0.0230374
0.0230277
0.0230131
0.0230067
0.0230014
0.0230007
0.0230039
0.0230079
0.0230166
0.0230256
0.0229675
0.0229569
0.0229477
0.0229432
0.0229404
0.0229401
0.0229422
0.022946
0.0229525
0.0229619
0.0229359
0.022928
0.022923
0.0229207
0.0229194
0.0229193
0.0229204
0.0229226
0.0229266
0.0229336
0.0229211
0.0229165
0.0229141
0.022913
0.0229124
0.0229124
0.0229129
0.0229139
0.022916
0.0229203
0.0229145
0.022912
0.022911
0.0229105
0.0229103
0.0229103
0.0229105
0.0229109
0.0229119
0.0229142
0.0229117
0.0229103
0.0229099
0.0229097
0.0229097
0.0229096
0.0229097
0.0229098
0.0229103
0.0229116
0.100436
0.0982312
0.0961799
0.0944794
0.093727
0.0936658
0.0944958
0.0962438
0.0984211
0.100503
0.0423749
0.0393145
0.0372708
0.0362433
0.0355158
0.0356655
0.0362286
0.037112
0.0389263
0.0422358
0.0241665
0.02397
0.0238431
0.0238068
0.0237337
0.0237569
0.0237948
0.0237967
0.023871
0.024115
0.0225754
0.022617
0.0226279
0.0226403
0.0226293
0.0226333
0.0226344
0.0226089
0.0225804
0.0225481
0.0224118
0.0224302
0.0224307
0.0224315
0.022427
0.0224276
0.0224289
0.0224228
0.0224139
0.0223969
0.0223686
0.0223695
0.0223645
0.0223615
0.0223587
0.0223587
0.0223604
0.0223617
0.0223628
0.0223613
0.0223454
0.0223406
0.0223358
0.0223332
0.0223315
0.0223314
0.0223328
0.022335
0.0223383
0.0223424
0.0223313
0.0223264
0.0223233
0.0223217
0.0223209
0.0223208
0.0223216
0.0223231
0.0223257
0.0223301
0.0223233
0.0223199
0.0223182
0.0223174
0.022317
0.0223171
0.0223174
0.0223181
0.0223196
0.0223228
0.0223191
0.022317
0.0223162
0.0223159
0.0223158
0.0223158
0.0223159
0.0223162
0.0223169
0.0223189
0.100034
0.0992137
0.0980971
0.0971016
0.096635
0.096555
0.097103
0.0982095
0.0994322
0.10014
0.0479805
0.0440119
0.0414331
0.0399658
0.0391106
0.0393069
0.0400012
0.0411691
0.0434813
0.0477692
0.0240535
0.0237376
0.0235949
0.0235429
0.0234671
0.0234978
0.0235348
0.0235347
0.023614
0.0239895
0.0218674
0.0219588
0.0220182
0.0220557
0.0220535
0.0220599
0.0220501
0.0219944
0.0219139
0.0218357
0.0217622
0.0218197
0.021847
0.0218613
0.021861
0.0218627
0.0218587
0.0218368
0.0217997
0.0217453
0.021771
0.021793
0.0217996
0.0218016
0.0218003
0.0218007
0.0218004
0.0217955
0.0217845
0.0217627
0.0217721
0.0217765
0.0217755
0.021774
0.0217725
0.0217725
0.0217734
0.0217741
0.0217734
0.0217685
0.0217668
0.0217648
0.0217623
0.0217605
0.0217595
0.0217595
0.0217604
0.0217618
0.0217637
0.0217651
0.0217608
0.0217577
0.0217556
0.0217544
0.0217539
0.0217539
0.0217545
0.0217555
0.0217572
0.0217599
0.0217564
0.0217538
0.0217526
0.021752
0.0217518
0.0217519
0.0217521
0.0217526
0.0217537
0.021756
0.0979909
0.0982567
0.0979013
0.09753
0.0972913
0.097246
0.0975426
0.0980254
0.0984537
0.0981533
0.0541362
0.0491771
0.0460335
0.0440662
0.0431004
0.043249
0.0440855
0.0456803
0.0485763
0.0538188
0.0242322
0.0236595
0.0234403
0.0233368
0.0232604
0.0232852
0.0233257
0.0233678
0.0235246
0.0241491
0.0211597
0.0212773
0.0213817
0.0214445
0.0214568
0.0214621
0.0214373
0.0213558
0.0212289
0.0211255
0.0210947
0.0211932
0.0212544
0.021287
0.0212944
0.0212961
0.0212836
0.0212428
0.0211717
0.0210774
0.02117
0.0212197
0.0212446
0.0212556
0.0212576
0.0212582
0.0212539
0.0212392
0.0212101
0.0211612
0.0212093
0.021229
0.0212361
0.0212377
0.0212375
0.0212375
0.0212368
0.0212336
0.0212248
0.0212048
0.0212218
0.0212268
0.021227
0.021226
0.0212251
0.021225
0.0212255
0.0212259
0.021225
0.0212194
0.0212226
0.021222
0.0212204
0.0212192
0.0212185
0.0212185
0.0212191
0.02122
0.0212212
0.0212212
0.0212201
0.0212181
0.0212166
0.0212159
0.0212156
0.0212157
0.021216
0.0212166
0.0212178
0.0212194
0.0954441
0.0963685
0.0965502
0.0965804
0.0965089
0.0965472
0.0966389
0.0965991
0.0964637
0.095646
0.0605252
0.0546182
0.0509721
0.0486051
0.0475211
0.0475227
0.0485319
0.0506663
0.0541284
0.0600715
0.0247836
0.0238289
0.0234632
0.0232672
0.0231754
0.0231829
0.0232479
0.0233889
0.0237112
0.024666
0.0205004
0.020608
0.0207406
0.0208236
0.0208525
0.0208537
0.0208134
0.0207172
0.0205635
0.0204655
0.020423
0.0205569
0.0206533
0.0207068
0.0207249
0.0207251
0.0207016
0.0206419
0.0205368
0.0204067
0.0205666
0.0206467
0.0206946
0.020718
0.0207252
0.0207253
0.0207152
0.0206883
0.0206368
0.0205574
0.0206532
0.020693
0.0207122
0.0207196
0.0207215
0.0207215
0.0207181
0.0207087
0.0206876
0.0206475
0.0206917
0.0207079
0.0207133
0.0207144
0.0207143
0.0207141
0.0207136
0.0207116
0.0207051
0.0206881
0.0207046
0.0207093
0.0207095
0.0207089
0.0207083
0.0207082
0.0207085
0.0207088
0.0207082
0.0207027
0.0207071
0.0207072
0.0207061
0.0207053
0.020705
0.020705
0.0207053
0.0207059
0.0207068
0.0207061
0.0931206
0.0942362
0.0947119
0.0949067
0.0949537
0.0950534
0.0949921
0.0946396
0.0941872
0.0932796
0.0667091
0.0600852
0.0560368
0.053489
0.0522968
0.05213
0.0533193
0.0559521
0.0598785
0.0661883
0.0256983
0.0242836
0.0237164
0.02341
0.0232811
0.0232614
0.0233805
0.0236647
0.0242076
0.0255347
0.0199363
0.0199866
0.0201243
0.0202192
0.0202626
0.0202583
0.0202067
0.0201081
0.019953
0.0199006
0.0197654
0.0199225
0.02005
0.0201246
0.020155
0.020153
0.0201176
0.0200406
0.0199062
0.0197508
0.0199661
0.0200751
0.0201478
0.0201861
0.0202004
0.0201993
0.0201822
0.0201415
0.0200658
0.0199565
0.0201028
0.0201653
0.0201998
0.0202155
0.020221
0.0202206
0.0202135
0.0201958
0.0201593
0.0200959
0.020173
0.020204
0.0202173
0.0202223
0.0202236
0.0202234
0.0202211
0.0202152
0.0202006
0.0201685
0.0202032
0.0202163
0.02022
0.0202208
0.0202207
0.0202205
0.0202202
0.0202191
0.0202148
0.0202009
0.020214
0.0202184
0.0202185
0.0202181
0.0202178
0.0202177
0.0202179
0.0202182
0.0202178
0.0202129
0.0913413
0.0922454
0.0928033
0.0930312
0.0931463
0.0932299
0.0930828
0.0926736
0.0921178
0.0913473
0.0722988
0.0654167
0.0610772
0.0585004
0.0572185
0.0569744
0.0583104
0.0612325
0.0654974
0.071927
0.0269246
0.0250352
0.024215
0.0237988
0.0236147
0.0235661
0.0237586
0.0242054
0.0249943
0.0267454
0.0194974
0.0194491
0.0195609
0.0196564
0.0197082
0.019699
0.0196437
0.0195549
0.0194292
0.0194598
0.0191354
0.0193045
0.0194539
0.0195466
0.0195897
0.0195859
0.0195393
0.0194479
0.0192936
0.0191214
0.0193746
0.0195092
0.0196051
0.0196592
0.0196821
0.0196799
0.0196549
0.0196
0.0195015
0.0193647
0.0195592
0.0196449
0.0196965
0.0197227
0.019733
0.0197321
0.0197205
0.0196929
0.0196395
0.0195519
0.019664
0.0197123
0.019736
0.0197466
0.0197504
0.0197501
0.0197455
0.0197341
0.0197091
0.0196594
0.0197158
0.0197399
0.019749
0.0197523
0.0197532
0.019753
0.0197516
0.0197481
0.0197384
0.0197133
0.0197382
0.019749
0.0197516
0.0197521
0.0197521
0.0197519
0.0197517
0.0197511
0.0197483
0.019737
0.0901214
0.090586
0.0910444
0.0913061
0.0914356
0.0914189
0.09126
0.0909795
0.0904895
0.0899291
0.0771149
0.0705057
0.066026
0.0633874
0.0620577
0.0619022
0.0633107
0.0662442
0.0707123
0.0771347
0.0284198
0.0260845
0.0249655
0.0244291
0.0241821
0.0241207
0.0243864
0.0249924
0.0260564
0.0283201
0.019182
0.019023
0.0190786
0.0191589
0.0192078
0.019197
0.0191488
0.0190834
0.019013
0.0191442
0.0185416
0.0187139
0.0188756
0.0189818
0.0190351
0.019031
0.0189767
0.018874
0.0187078
0.0185245
0.018798
0.0189542
0.0190697
0.0191388
0.0191706
0.0191681
0.0191355
0.0190669
0.0189488
0.0187873
0.0190249
0.019133
0.0192016
0.0192396
0.0192556
0.0192545
0.0192379
0.0191997
0.0191292
0.0190181
0.0191648
0.0192315
0.0192673
0.019285
0.019292
0.0192917
0.0192843
0.0192662
0.0192293
0.0191609
0.0192407
0.019278
0.0192943
0.0193012
0.0193036
0.0193035
0.0193007
0.0192936
0.0192767
0.0192386
0.0192776
0.0192968
0.0193032
0.0193052
0.0193058
0.0193057
0.0193049
0.0193026
0.0192961
0.0192764
0.0893022
0.0893463
0.0895912
0.089905
0.0900008
0.0898582
0.0897476
0.0896392
0.0893421
0.0890029
0.0812574
0.0752198
0.0707675
0.0679429
0.0666161
0.0666916
0.0680914
0.070846
0.0753606
0.0816826
0.0301711
0.027417
0.0259652
0.0252752
0.0249701
0.0249358
0.0252592
0.0260148
0.0274078
0.0302563
0.0190006
0.018706
0.0186946
0.0187475
0.0187812
0.0187744
0.0187435
0.0187075
0.0187007
0.0189713
0.0179909
0.0181558
0.0183236
0.018439
0.0184978
0.018495
0.0184372
0.0183257
0.0181518
0.0179667
0.0182406
0.0184142
0.0185456
0.0186278
0.0186673
0.0186657
0.0186266
0.0185456
0.0184106
0.0182279
0.0185029
0.0186315
0.0187163
0.0187657
0.0187878
0.018787
0.0187652
0.0187164
0.0186297
0.0184964
0.0186765
0.0187616
0.0188103
0.018836
0.0188466
0.0188464
0.0188359
0.0188103
0.0187606
0.0186733
0.0187775
0.018829
0.018854
0.0188655
0.0188699
0.0188699
0.0188654
0.0188538
0.0188282
0.0187757
0.0188306
0.01886
0.0188713
0.0188757
0.0188772
0.0188773
0.0188755
0.018871
0.0188594
0.0188294
0.0887317
0.0885421
0.0885594
0.0888475
0.08887
0.088678
0.0886259
0.0886178
0.0885906
0.0884975
0.0849182
0.0794109
0.0750841
0.0720698
0.0707881
0.0710851
0.0724496
0.0750257
0.0793948
0.0854669
0.0322231
0.0290072
0.027207
0.0263203
0.0259587
0.0260002
0.026382
0.0272837
0.0290412
0.0324923
0.0189809
0.0184983
0.018406
0.0184223
0.0184354
0.0184382
0.0184262
0.0184219
0.0184974
0.018972
0.01749
0.0176324
0.0178019
0.0179232
0.0179825
0.0179818
0.0179236
0.0178049
0.0176277
0.0174591
0.0177051
0.0178915
0.0180368
0.0181299
0.0181747
0.0181746
0.0181304
0.0180383
0.0178885
0.0176897
0.017995
0.0181424
0.0182424
0.0183021
0.0183294
0.0183295
0.0183027
0.0182437
0.0181415
0.0179882
0.0181998
0.0183028
0.0183647
0.0183985
0.018413
0.018413
0.018399
0.0183654
0.0183025
0.0181968
0.0183258
0.0183922
0.0184269
0.0184437
0.0184504
0.0184505
0.018444
0.0184271
0.0183918
0.0183241
0.0183963
0.0184371
0.0184546
0.018462
0.0184647
0.0184648
0.0184621
0.0184545
0.0184366
0.0183951
0.0883475
0.0881396
0.0879685
0.0880659
0.088006
0.0878961
0.0878683
0.0878633
0.0881149
0.088321
0.0881576
0.082925
0.0787661
0.0757841
0.0745508
0.0748954
0.0762725
0.0788208
0.0828485
0.0884294
0.0346267
0.0308256
0.0286831
0.0275696
0.027133
0.0272628
0.0277333
0.0288035
0.0309209
0.0349351
0.0191635
0.0184147
0.0182182
0.0181797
0.0181691
0.0181835
0.0181928
0.0182314
0.0184218
0.0191739
0.017047
0.0171477
0.0173135
0.0174357
0.0174928
0.0174946
0.0174367
0.0173137
0.0171407
0.0170158
0.0171929
0.0173874
0.0175455
0.0176476
0.0176957
0.0176969
0.0176486
0.0175464
0.0173837
0.0171767
0.0175018
0.0176664
0.0177809
0.0178499
0.0178816
0.0178825
0.0178508
0.017782
0.0176652
0.0174948
0.0177351
0.0178554
0.0179306
0.0179724
0.0179906
0.0179909
0.0179729
0.0179312
0.0178551
0.0177318
0.0178856
0.0179672
0.0180122
0.0180349
0.0180442
0.0180442
0.0180352
0.0180124
0.0179667
0.0178835
0.017974
0.0180271
0.0180516
0.0180628
0.0180671
0.0180671
0.018063
0.0180517
0.0180266
0.0179725
0.0881622
0.0880573
0.0877357
0.0874796
0.0873499
0.0874183
0.0873938
0.0873504
0.087815
0.0883444
0.0908251
0.0856375
0.0817373
0.0791486
0.0779389
0.0781008
0.0795386
0.0822173
0.0857733
0.0906049
0.0373551
0.0328578
0.0303918
0.0290446
0.0284812
0.0286463
0.0292581
0.0305582
0.0330001
0.03749
0.0195921
0.018486
0.0181509
0.0180305
0.017991
0.0180121
0.0180494
0.018152
0.0184969
0.0195903
0.0166761
0.01671
0.0168631
0.0169784
0.0170337
0.0170376
0.0169791
0.0168561
0.0166997
0.0166509
0.0167077
0.0169034
0.0170728
0.0171819
0.017233
0.0172348
0.0171825
0.0170713
0.0168984
0.0166943
0.0170247
0.0172038
0.0173323
0.0174098
0.0174457
0.0174469
0.0174106
0.0173322
0.0172016
0.0170181
0.017283
0.0174197
0.0175077
0.0175575
0.0175795
0.0175797
0.0175576
0.0175075
0.0174184
0.0172791
0.0174566
0.0175534
0.017609
0.0176381
0.0176503
0.0176501
0.017638
0.0176087
0.0175524
0.0174541
0.0175629
0.0176291
0.0176614
0.0176768
0.017683
0.0176829
0.0176769
0.0176613
0.0176284
0.0175612
0.0881746
0.0881668
0.0877158
0.0870619
0.0868584
0.0870969
0.087106
0.0870814
0.0876348
0.0884272
0.0927077
0.0875597
0.0840677
0.082168
0.0810105
0.0808605
0.0823104
0.0851176
0.0881996
0.0921514
0.040245
0.0350935
0.0323142
0.0307445
0.0300099
0.0301097
0.0309029
0.0325034
0.0352318
0.0400869
0.020287
0.0187496
0.0182287
0.0179964
0.0179152
0.0179288
0.0180078
0.0182061
0.0187448
0.0202212
0.0164051
0.0163324
0.0164564
0.0165563
0.016611
0.016615
0.0165556
0.0164397
0.0163165
0.0163835
0.0162579
0.0164431
0.0166196
0.0167337
0.0167885
0.0167904
0.0167337
0.0166145
0.0164364
0.0162496
0.0165667
0.0167559
0.0168969
0.0169825
0.0170227
0.0170236
0.0169826
0.0168948
0.0167521
0.0165615
0.0168442
0.0169957
0.0170958
0.0171535
0.0171795
0.0171796
0.0171529
0.0170944
0.0169931
0.0168403
0.0170388
0.0171504
0.0172166
0.0172524
0.0172676
0.0172673
0.0172517
0.0172157
0.0171489
0.0170363
0.0171626
0.0172421
0.0172828
0.017303
0.0173112
0.0173111
0.0173028
0.0172824
0.0172413
0.0171611
0.0883251
0.0883109
0.0877793
0.0868279
0.0865108
0.0868143
0.0869452
0.0870603
0.0875707
0.0884636
0.0937512
0.0889019
0.0859323
0.0847734
0.0837881
0.083394
0.0846757
0.0873714
0.0901015
0.0932594
0.0430803
0.0374563
0.0343947
0.032641
0.0317406
0.0316832
0.0326435
0.0345726
0.0375745
0.0426928
0.0212364
0.0192253
0.0184677
0.0180971
0.0179549
0.0179452
0.0180841
0.018415
0.019183
0.0210773
0.016258
0.0160325
0.016101
0.0161767
0.0162283
0.0162292
0.0161725
0.016075
0.0160063
0.0162307
0.0158533
0.0160131
0.0161881
0.0163049
0.0163636
0.0163646
0.0163035
0.0161792
0.0160031
0.0158494
0.0161314
0.0163245
0.0164753
0.0165686
0.0166131
0.0166132
0.0165676
0.0164709
0.016319
0.0161284
0.0164199
0.0165836
0.0166949
0.0167604
0.0167904
0.0167902
0.0167592
0.0166923
0.01658
0.016417
0.0166326
0.016758
0.0168346
0.0168771
0.0168955
0.0168952
0.016876
0.0168331
0.0167561
0.0166306
0.016773
0.0168658
0.0169152
0.0169404
0.0169509
0.0169507
0.0169399
0.0169144
0.0168648
0.0167718
0.088487
0.088371
0.0878523
0.0867743
0.0862859
0.0865276
0.0868886
0.0872373
0.087625
0.0884037
0.0941844
0.0899303
0.0874605
0.0868663
0.0862553
0.085821
0.0866694
0.0888857
0.0914194
0.0941018
0.0457334
0.039856
0.0365464
0.034672
0.0336608
0.0334563
0.0345042
0.0366936
0.0399803
0.0453122
0.0224121
0.019908
0.0188654
0.0183422
0.0181204
0.0180857
0.0182996
0.018792
0.0198272
0.0221951
0.0162359
0.0158298
0.0158062
0.0158466
0.0158861
0.0158819
0.0158378
0.0157745
0.0157911
0.0161987
0.0155009
0.0156203
0.0157821
0.0158973
0.0159576
0.0159569
0.0158936
0.0157696
0.0156056
0.0154988
0.0157226
0.0159123
0.0160686
0.0161682
0.0162162
0.0162153
0.0161656
0.0160621
0.0159053
0.0157216
0.0160122
0.0161842
0.0163054
0.0163782
0.016412
0.0164113
0.0163764
0.0163018
0.0161802
0.0160105
0.0162389
0.0163764
0.0164629
0.016512
0.0165336
0.0165333
0.0165106
0.016461
0.0163741
0.0162375
0.0163944
0.0164998
0.016558
0.0165885
0.0166013
0.0166011
0.0165876
0.0165568
0.0164986
0.0163935
0.0885407
0.0882976
0.0878906
0.086838
0.0861578
0.086288
0.0869199
0.0874921
0.0877638
0.0882704
0.0943849
0.0908606
0.0887243
0.0884714
0.0883947
0.0880691
0.0882747
0.0897754
0.0921969
0.0947662
0.0481906
0.0422664
0.0387007
0.0367708
0.035721
0.0355044
0.0365243
0.0388107
0.0424191
0.0479599
0.0237713
0.020786
0.0194065
0.0187303
0.0184217
0.0183862
0.0186802
0.0193406
0.0206989
0.0236034
0.0163416
0.0157265
0.0155849
0.0155714
0.015585
0.0155789
0.0155618
0.0155543
0.0156831
0.0163077
0.0152061
0.0152678
0.0154056
0.0155123
0.0155693
0.0155671
0.0155068
0.015391
0.0152497
0.0152036
0.0153438
0.0155219
0.0156786
0.0157815
0.0158312
0.0158296
0.0157774
0.0156705
0.0155136
0.0153427
0.0156234
0.0157992
0.015928
0.016007
0.0160437
0.0160427
0.0160045
0.0159237
0.0157947
0.0156218
0.0158589
0.0160059
0.0161017
0.0161569
0.0161816
0.0161813
0.0161556
0.0160995
0.0160034
0.0158576
0.0160271
0.0161439
0.0162107
0.0162465
0.0162618
0.0162617
0.0162457
0.0162094
0.0161425
0.016026
0.0884183
0.0880754
0.08786
0.0869225
0.0861074
0.0861789
0.0870119
0.0876902
0.0879163
0.0881349
0.0946919
0.091843
0.0897913
0.0897208
0.0901572
0.0899196
0.0894999
0.0903401
0.0926048
0.0952424
0.0505485
0.0446544
0.0408532
0.0389003
0.0378725
0.0378016
0.0387215
0.0409261
0.0448585
0.0506169
0.025304
0.0218416
0.0200947
0.0192596
0.0188707
0.0188794
0.0192474
0.0200646
0.0218073
0.0253011
0.0165845
0.0157141
0.0154465
0.0153616
0.015335
0.0153351
0.0153612
0.0154254
0.015684
0.0165839
0.0149728
0.0149549
0.0150622
0.0151524
0.0152002
0.0151982
0.0151475
0.0150482
0.0149379
0.0149711
0.0149966
0.0151543
0.0153067
0.0154088
0.0154582
0.0154566
0.0154046
0.0152985
0.0151451
0.0149932
0.0152547
0.0154294
0.0155632
0.0156465
0.0156853
0.0156845
0.0156441
0.0155588
0.0154245
0.0152516
0.0154934
0.0156471
0.0157508
0.0158116
0.015839
0.0158387
0.0158105
0.0157487
0.0156443
0.0154911
0.0156715
0.0157982
0.0158731
0.0159141
0.0159319
0.0159319
0.0159136
0.0158719
0.0157966
0.0156698
0.0881339
0.0877402
0.0877259
0.0869607
0.0861469
0.0862437
0.0871395
0.0877561
0.0879888
0.0880395
0.0952702
0.0929258
0.0907517
0.0907402
0.0914614
0.0911858
0.090379
0.0908446
0.0928879
0.0955295
0.0529588
0.0470117
0.0430525
0.0410546
0.0400558
0.0401935
0.041042
0.043099
0.047259
0.0532365
0.0270672
0.0230752
0.0209677
0.0199463
0.0194762
0.0195634
0.0200079
0.0209824
0.0231303
0.0272525
0.0169903
0.0157988
0.0153927
0.0152257
0.0151549
0.0151714
0.0152442
0.0153855
0.0157959
0.0170445
0.0148065
0.0146819
0.0147537
0.0148214
0.0148561
0.0148561
0.0148199
0.014743
0.0146708
0.0148085
0.0146816
0.0148087
0.0149538
0.0150518
0.0150992
0.0150984
0.015049
0.0149468
0.0147998
0.0146749
0.0149058
0.0150748
0.0152111
0.0152971
0.0153374
0.0153371
0.0152957
0.0152075
0.0150698
0.0149003
0.0151423
0.0153
0.0154103
0.0154758
0.0155057
0.0155056
0.0154754
0.0154086
0.0152971
0.0151386
0.0153278
0.0154628
0.015545
0.015591
0.0156113
0.0156113
0.0155908
0.0155441
0.0154609
0.0153252
0.0878048
0.0873986
0.0874771
0.0869441
0.0862794
0.0864635
0.0872796
0.087679
0.0878932
0.0879604
0.0959854
0.0939711
0.0916989
0.0915898
0.0922566
0.091843
0.0909511
0.0914426
0.0932782
0.0957062
0.0555078
0.0493822
0.0453427
0.0432545
0.0422102
0.0424781
0.043342
0.0453614
0.0495921
0.0557734
0.0291395
0.0245195
0.0220635
0.0208182
0.020246
0.0204057
0.0209445
0.0221031
0.0246251
0.0293922
0.0176047
0.0160055
0.0154344
0.0151688
0.0150523
0.0150893
0.0152069
0.015435
0.0160204
0.017687
0.0147261
0.0144535
0.0144821
0.0145228
0.0145432
0.0145467
0.0145259
0.0144749
0.0144488
0.0147293
0.0144014
0.0144849
0.0146199
0.0147125
0.0147571
0.0147572
0.0147116
0.0146151
0.0144775
0.0143914
0.0145771
0.0147351
0.0148721
0.0149598
0.0150012
0.0150013
0.0149593
0.0148697
0.0147302
0.0145691
0.0148058
0.0149647
0.0150802
0.0151501
0.0151822
0.0151822
0.0151499
0.0150789
0.0149615
0.0148005
0.0149958
0.0151373
0.0152263
0.0152771
0.0152997
0.0152997
0.015277
0.0152255
0.0151352
0.0149922
0.0875885
0.087161
0.0871748
0.0869068
0.0864615
0.0867329
0.0873991
0.0875048
0.087651
0.0877929
0.0965269
0.094773
0.0926361
0.0922466
0.0926102
0.0920523
0.0913058
0.0921533
0.0938677
0.0959904
0.0581096
0.0517858
0.0477218
0.0454791
0.0443066
0.0445617
0.0455103
0.0476671
0.0518617
0.058177
0.0315237
0.0262078
0.0234038
0.0218891
0.0211794
0.0213652
0.022026
0.0234107
0.0262581
0.031642
0.0184806
0.0163705
0.015588
0.0152009
0.0150337
0.0150855
0.0152475
0.0155793
0.0163633
0.0185102
0.0147536
0.0142818
0.0142503
0.014259
0.0142656
0.0142732
0.0142659
0.0142436
0.0142751
0.0147428
0.0141618
0.0141851
0.0143055
0.0143919
0.0144341
0.0144351
0.014393
0.0143028
0.0141788
0.0141483
0.0142699
0.0144106
0.0145465
0.0146353
0.0146777
0.014678
0.0146355
0.0145449
0.014406
0.0142609
0.0144841
0.014641
0.0147607
0.0148344
0.0148686
0.0148685
0.014834
0.0147592
0.0146377
0.0144782
0.0146753
0.0148217
0.0149167
0.014972
0.014997
0.0149967
0.0149716
0.0149157
0.0148194
0.0146713
0.0875823
0.0870906
0.0869281
0.0868741
0.0865911
0.0869045
0.0874685
0.0873389
0.0873827
0.0875115
0.0966664
0.0951966
0.09345
0.0926949
0.0927431
0.0921213
0.0915521
0.0928098
0.0945249
0.0965103
0.0605389
0.0542125
0.0501416
0.0476885
0.046367
0.0464795
0.0475232
0.0499636
0.0540859
0.0604252
0.0340982
0.0281526
0.024981
0.0231586
0.0222851
0.0224242
0.0232234
0.0248818
0.0280291
0.0339659
0.0196379
0.0169264
0.0158688
0.015334
0.015109
0.015159
0.0153703
0.0158284
0.0168452
0.0195388
0.0149014
0.0141862
0.0140628
0.0140324
0.0140259
0.0140365
0.0140412
0.0140525
0.0141632
0.0148608
0.0139681
0.0139145
0.014012
0.0140908
0.0141308
0.0141331
0.0140938
0.0140104
0.013908
0.0139528
0.0139863
0.0141027
0.0142346
0.0143238
0.0143671
0.0143679
0.0143246
0.0142334
0.0140988
0.0139788
0.0141777
0.0143292
0.0144515
0.0145287
0.0145649
0.0145648
0.0145281
0.0144501
0.0143266
0.0141731
0.0143665
0.0145156
0.0146161
0.0146756
0.0147027
0.0147024
0.0146749
0.0146149
0.0145137
0.0143632
0.0877436
0.0871926
0.086825
0.0868297
0.0865829
0.0868955
0.0874692
0.0872793
0.0872087
0.0872273
0.0964344
0.0952228
0.0939906
0.0930116
0.0929347
0.0923222
0.0917583
0.0932095
0.0950029
0.0971256
0.0625805
0.0565862
0.0525111
0.0498417
0.0484416
0.0483391
0.0494158
0.0521994
0.0562776
0.06251
0.0366554
0.0303136
0.0267523
0.0246123
0.0235823
0.0236035
0.0245275
0.0265042
0.0299811
0.0363714
0.0210127
0.0176892
0.0162894
0.0155825
0.0152913
0.0153163
0.0155861
0.0162002
0.0175128
0.0208115
0.0151758
0.0141849
0.0139257
0.0138474
0.0138268
0.0138374
0.0138556
0.01391
0.0141398
0.0151116
0.0138272
0.0136793
0.0137415
0.0138098
0.0138476
0.0138514
0.0138148
0.013741
0.0136729
0.0138148
0.0137286
0.0138128
0.0139368
0.0140254
0.0140696
0.0140709
0.0140273
0.0139368
0.0138116
0.013726
0.0138877
0.0140297
0.0141529
0.0142327
0.0142708
0.0142709
0.0142326
0.0141523
0.014029
0.0138861
0.0140698
0.0142193
0.0143243
0.0143877
0.0144168
0.0144166
0.0143871
0.0143235
0.0142186
0.0140683
0.0879447
0.087388
0.0868787
0.0867454
0.0864532
0.0867607
0.0873932
0.0873234
0.087169
0.0870652
0.0960669
0.0949518
0.0941933
0.0933058
0.0933031
0.0927023
0.0919874
0.0933144
0.0951618
0.0975516
0.0641484
0.0587534
0.0547608
0.0519145
0.0505372
0.0502254
0.0512625
0.0542932
0.0584176
0.0643795
0.0390062
0.0325833
0.0286583
0.0262227
0.0250742
0.0249426
0.0259571
0.0282733
0.0321702
0.0388525
0.0224926
0.0186522
0.0168534
0.0159623
0.0155942
0.0155728
0.0159142
0.0167203
0.0184354
0.0223465
0.0155683
0.0142777
0.0138538
0.0137103
0.0136714
0.0136773
0.0137159
0.0138353
0.0142261
0.0155254
0.0137454
0.0134834
0.0134977
0.0135502
0.0135844
0.013589
0.0135573
0.0135005
0.0134815
0.0137455
0.0135009
0.0135431
0.0136542
0.0137405
0.0137849
0.0137867
0.0137439
0.0136572
0.0135469
0.0135054
0.013616
0.0137435
0.0138651
0.0139466
0.0139864
0.0139869
0.0139477
0.0138665
0.0137457
0.0136185
0.0137858
0.0139331
0.0140412
0.0141079
0.0141392
0.0141393
0.014108
0.0140416
0.0139342
0.0137871
0.0880714
0.0875509
0.0870038
0.0866473
0.0863303
0.086636
0.087237
0.0873858
0.0872023
0.0870499
0.0958171
0.0946433
0.0941621
0.0936205
0.0937183
0.0931105
0.0923188
0.0932594
0.0950709
0.0976348
0.0653309
0.0606053
0.0568475
0.0538928
0.0525799
0.052137
0.053123
0.0562179
0.0604521
0.0660001
0.0410861
0.0348422
0.0306444
0.0279455
0.0267121
0.0264511
0.0275414
0.0302092
0.0345964
0.0413549
0.0239956
0.0197798
0.0175699
0.0164778
0.0160204
0.0159485
0.0163784
0.0174304
0.0196531
0.0241182
0.0160642
0.0144663
0.0138557
0.013634
0.0135631
0.0135609
0.0136353
0.0138466
0.0144445
0.0161161
0.0137354
0.0133321
0.0132853
0.0133149
0.0133419
0.0133461
0.013324
0.0132943
0.0133407
0.013762
0.0133096
0.0132966
0.0133889
0.0134697
0.0135132
0.0135155
0.013475
0.013396
0.013306
0.0133223
0.0133653
0.0134719
0.013589
0.0136709
0.0137119
0.0137129
0.0136735
0.0135929
0.0134772
0.0133715
0.0135162
0.0136575
0.0137672
0.0138366
0.0138698
0.0138702
0.0138378
0.0137692
0.0136606
0.01352
0.0880662
0.0875839
0.0870804
0.0865883
0.0863445
0.0866207
0.0870379
0.0873677
0.0872012
0.0871153
0.0958675
0.0945353
0.0941063
0.0938981
0.0939342
0.0933554
0.0927686
0.0932474
0.0949555
0.0974913
0.0663713
0.0622057
0.0587452
0.055781
0.0544674
0.0540172
0.0550256
0.0580613
0.0623131
0.0673772
0.0429968
0.0370336
0.0326669
0.0297344
0.0284089
0.0281028
0.0293023
0.0323261
0.0371526
0.0437848
0.0255407
0.0210441
0.0184454
0.0171226
0.0165554
0.016458
0.0170052
0.0183709
0.0211461
0.0260588
0.0166801
0.0147586
0.0139386
0.0136258
0.0135113
0.0135027
0.013628
0.0139555
0.0148088
0.0168876
0.0138043
0.0132312
0.0131084
0.0131074
0.0131231
0.0131263
0.0131193
0.0131253
0.0132548
0.0138665
0.0131597
0.0130765
0.0131429
0.0132142
0.0132552
0.0132576
0.0132214
0.0131534
0.0130896
0.0131784
0.0131383
0.0132165
0.0133255
0.013406
0.0134473
0.0134487
0.0134098
0.0133315
0.0132237
0.0131461
0.0132627
0.0133938
0.0135031
0.013574
0.0136085
0.0136093
0.013576
0.013506
0.0133978
0.0132672
0.0879307
0.0874311
0.0870214
0.0866053
0.0865136
0.0867133
0.0868704
0.0872367
0.087134
0.0871939
0.0962423
0.0947639
0.0942313
0.0940775
0.0938437
0.0933857
0.0932314
0.0934537
0.0950387
0.0973842
0.0675081
0.0636723
0.0604635
0.0576001
0.056176
0.0558379
0.0569667
0.0598726
0.063966
0.0685599
0.0449312
0.0391617
0.0346849
0.0315703
0.0301112
0.029878
0.0312469
0.0345646
0.0396577
0.0460407
0.0272305
0.0224338
0.019469
0.01789
0.0171939
0.0171198
0.0178196
0.0195361
0.0228178
0.0280641
0.0174651
0.0151617
0.0141115
0.0136843
0.013518
0.0135129
0.0137002
0.0141704
0.015308
0.0178177
0.0139615
0.0131855
0.0129717
0.0129302
0.0129302
0.0129336
0.0129461
0.0129964
0.0132264
0.0140536
0.0130535
0.0128851
0.0129176
0.0129753
0.0130118
0.0130144
0.0129838
0.0129299
0.0128987
0.0130732
0.0129361
0.0129788
0.0130757
0.0131524
0.013193
0.0131945
0.0131569
0.0130824
0.0129852
0.0129422
0.0130264
0.0131428
0.0132492
0.0133204
0.0133556
0.0133564
0.0133225
0.0132521
0.0131459
0.0130294
0.0876978
0.0871252
0.0867999
0.0866833
0.0867397
0.0868438
0.0868088
0.0870456
0.087055
0.0872777
0.0968771
0.0953761
0.0946466
0.0941543
0.0935846
0.0932841
0.093563
0.0939018
0.0953791
0.0974828
0.0688473
0.0650517
0.0620191
0.0593693
0.0577537
0.0575756
0.0588829
0.0616126
0.065411
0.0696245
0.0469748
0.041247
0.0366805
0.0334702
0.0318265
0.0317491
0.033329
0.0367953
0.0419309
0.0480127
0.0291421
0.0239541
0.0206288
0.0187803
0.0179413
0.0179389
0.0188172
0.0208561
0.0245198
0.0300079
0.0184703
0.015684
0.014382
0.0138121
0.0135867
0.0135975
0.0138559
0.0144867
0.0159034
0.0188592
0.0142261
0.0132052
0.0128783
0.0127857
0.0127659
0.0127719
0.0128069
0.0129098
0.0132579
0.0143218
0.0129943
0.0127249
0.0127144
0.0127541
0.0127843
0.0127872
0.0127636
0.0127266
0.0127358
0.0130083
0.0127597
0.0127594
0.0128404
0.012911
0.0129496
0.0129511
0.0129153
0.0128459
0.0127627
0.0127611
0.0128072
0.0129044
0.0130057
0.0130759
0.0131111
0.0131118
0.0130777
0.0130078
0.0129055
0.012807
0.0873923
0.0868088
0.0865001
0.0867575
0.0869058
0.0869394
0.0868615
0.0869135
0.0870495
0.087406
0.0976739
0.0961833
0.0952714
0.0942107
0.0934166
0.0932316
0.0937446
0.0944585
0.0958482
0.09774
0.0702612
0.0663729
0.0634522
0.0610585
0.0592646
0.0591983
0.060656
0.06319
0.0666354
0.070596
0.0490949
0.0433161
0.0386807
0.035455
0.0336019
0.0336727
0.0354356
0.0388864
0.0438708
0.049713
0.0312974
0.0256349
0.0219362
0.0198114
0.018817
0.0189005
0.0199529
0.0222357
0.0261386
0.0318407
0.019738
0.016362
0.0147591
0.0140187
0.0137267
0.0137592
0.0140938
0.0148874
0.0165662
0.0199804
0.0146233
0.0132976
0.0128312
0.0126771
0.0126341
0.0126446
0.0127041
0.0128675
0.0133407
0.0146724
0.0129932
0.0125975
0.0125342
0.0125518
0.0125738
0.0125776
0.0125622
0.0125455
0.0126009
0.0129917
0.0126125
0.0125589
0.0126198
0.012682
0.0127176
0.0127191
0.0126858
0.0126231
0.0125573
0.0126065
0.0126063
0.0126788
0.0127728
0.0128407
0.0128753
0.0128759
0.012842
0.0127735
0.0126772
0.0126017
0.087006
0.0866243
0.0862853
0.0867579
0.0869472
0.0869808
0.0869821
0.0869306
0.0871652
0.0876106
0.098515
0.0968747
0.0958772
0.0943539
0.0935249
0.0933573
0.0938612
0.0949041
0.0962611
0.0979767
0.0715471
0.0676303
0.0648061
0.0626467
0.0608034
0.0607337
0.0621718
0.0645576
0.0676481
0.0714301
0.0512046
0.0453638
0.0407253
0.0375241
0.0355101
0.0356341
0.0374515
0.0407963
0.0455115
0.0511928
0.0336208
0.0274989
0.0234186
0.0210146
0.0198624
0.0199919
0.0211714
0.0236203
0.0276575
0.0335728
0.0212598
0.0172463
0.0152545
0.0143216
0.0139536
0.0139987
0.0144074
0.0153559
0.0172947
0.0211732
0.0151737
0.0134788
0.0128412
0.0126092
0.0125393
0.0125527
0.0126385
0.0128745
0.013477
0.015112
0.0130665
0.0125063
0.0123797
0.0123698
0.0123817
0.0123865
0.0123805
0.0123893
0.0124971
0.0130347
0.0124992
0.0123768
0.0124135
0.0124656
0.0124974
0.0124992
0.0124693
0.0124154
0.0123709
0.0124841
0.0124233
0.012465
0.0125499
0.0126148
0.0126486
0.0126493
0.0126162
0.0125503
0.0124622
0.0124156
0.0864991
0.0865925
0.0862811
0.0866868
0.0868801
0.0870151
0.0871596
0.0871169
0.0874257
0.0879235
0.0993353
0.0972703
0.0962195
0.0946319
0.0939074
0.0936227
0.0939669
0.095129
0.0964599
0.0980019
0.072653
0.0688093
0.0660764
0.0640853
0.0623804
0.0622021
0.0634205
0.0656915
0.0684692
0.0720602
0.0532427
0.0473725
0.0428147
0.0396266
0.0375786
0.0376225
0.0393267
0.0425468
0.0469605
0.0524874
0.0360213
0.0295535
0.0250933
0.0224084
0.0211143
0.0212074
0.0224335
0.0250051
0.0291396
0.0352322
0.0230198
0.0183871
0.0159045
0.0147416
0.0142863
0.014319
0.0147874
0.0158986
0.0181188
0.0224406
0.0159296
0.0137901
0.012922
0.012594
0.0124868
0.012497
0.0126131
0.0129289
0.0136823
0.0156565
0.0132412
0.0124672
0.0122564
0.0122123
0.0122106
0.0122152
0.0122205
0.012259
0.012429
0.0131397
0.012435
0.0122207
0.0122245
0.0122634
0.0122904
0.0122924
0.0122668
0.0122242
0.0122053
0.0123952
0.0122683
0.0122676
0.012339
0.0123992
0.0124319
0.0124328
0.0124009
0.012339
0.0122613
0.01225
0.0858671
0.086653
0.0865238
0.0866637
0.086811
0.087097
0.0873973
0.0874623
0.0878433
0.0883635
0.100149
0.0973646
0.0961915
0.0949564
0.0944007
0.0939602
0.0940875
0.0951386
0.0963426
0.0977427
0.0736159
0.0698518
0.0671883
0.0652853
0.063879
0.063558
0.0644642
0.0665612
0.0690767
0.0724634
0.0550678
0.0493276
0.0448367
0.04167
0.0397167
0.0395842
0.0410636
0.0441486
0.04827
0.0536246
0.0383499
0.0317714
0.0269265
0.0239768
0.0225517
0.0225254
0.0237238
0.0263988
0.030632
0.0367882
0.0249261
0.0198028
0.0167451
0.0152954
0.0147279
0.0147203
0.0152332
0.016523
0.0190575
0.0237384
0.0168771
0.0142609
0.0130874
0.0126406
0.0124859
0.0124847
0.0126302
0.0130311
0.0139695
0.0162938
0.013504
0.0124892
0.0121653
0.0120822
0.0120653
0.0120677
0.0120852
0.0121566
0.0124023
0.0133025
0.0123994
0.0120858
0.0120502
0.0120762
0.012099
0.0121015
0.0120814
0.0120522
0.0120637
0.0123393
0.012121
0.0120792
0.0121372
0.0121942
0.0122263
0.012228
0.0121986
0.0121422
0.0120775
0.0121066
0.0849039
0.0867425
0.0869791
0.0869026
0.086971
0.087386
0.0878531
0.0881479
0.088645
0.0891695
0.101264
0.0974003
0.0959322
0.0951507
0.0947925
0.0942874
0.0941932
0.0949174
0.0958741
0.0972356
0.0746182
0.0708877
0.06809
0.0662216
0.0651353
0.0647083
0.0653025
0.0671059
0.069372
0.0726075
0.0568296
0.0513777
0.0467322
0.0435592
0.0417408
0.0414043
0.0426394
0.0455274
0.0493762
0.0545477
0.0407873
0.0342238
0.0289121
0.0256674
0.0240864
0.0238913
0.025034
0.0277705
0.0320748
0.0381701
0.0271928
0.0216048
0.0178402
0.0160061
0.0152756
0.0152021
0.015751
0.0172128
0.0200605
0.0249852
0.0182651
0.0150331
0.0133963
0.0127647
0.0125439
0.01252
0.0126875
0.0131754
0.0143188
0.0169743
0.0140643
0.012682
0.0121459
0.0119944
0.0119537
0.0119477
0.0119742
0.0120795
0.0124146
0.013503
0.0125493
0.0120463
0.0119193
0.0119173
0.0119309
0.0119312
0.0119152
0.0118993
0.0119444
0.0123081
0.0120926
0.0119531
0.0119677
0.0120107
0.0120385
0.0120396
0.0120122
0.0119614
0.0119102
0.0119821
0.0832847
0.0868413
0.0878227
0.0876544
0.0875575
0.0879401
0.088495
0.0890546
0.0896673
0.0901327
0.103101
0.0972433
0.095353
0.0949916
0.0948949
0.0945091
0.09428
0.094574
0.0952527
0.0967394
0.075184
0.0714435
0.068633
0.0668565
0.0660193
0.0655864
0.0659695
0.0674073
0.0694567
0.0726797
0.057665
0.0530201
0.0484443
0.0452105
0.0434591
0.0429605
0.0440154
0.0466456
0.0502763
0.0552988
0.0425086
0.0365878
0.0310297
0.0274058
0.0255895
0.0252108
0.02631
0.0290508
0.033378
0.0393359
0.029124
0.0235987
0.0192108
0.0168678
0.0158931
0.0157343
0.0163238
0.0179316
0.0210359
0.0261068
0.0195444
0.0159979
0.0138444
0.0129526
0.0126399
0.0125935
0.0127855
0.0133577
0.014699
0.0176456
0.0144804
0.0129141
0.0121646
0.0119337
0.0118706
0.01186
0.0118966
0.0120351
0.0124617
0.0137273
0.0125123
0.011976
0.0117964
0.0117809
0.011793
0.0117937
0.0117819
0.011779
0.0118588
0.0123122
0.0118917
0.0117839
0.0118029
0.0118505
0.0118812
0.011884
0.0118589
0.0118137
0.0117765
0.0118927
0.0812219
0.0867938
0.0888319
0.089109
0.0891545
0.089602
0.0903472
0.091334
0.0922696
0.0929306
0.109418
0.0993422
0.0952117
0.094586
0.0946216
0.0943726
0.0940693
0.0939108
0.0943131
0.0959713
0.079715
0.0736079
0.0695796
0.0673674
0.066451
0.0660159
0.0662212
0.0671985
0.0689807
0.0721792
0.0619979
0.0560236
0.050465
0.0467224
0.0447978
0.044148
0.0449988
0.0472475
0.0505777
0.0553486
0.0475897
0.0401842
0.0335823
0.0292812
0.0270741
0.0264511
0.0274261
0.030016
0.0341879
0.0399246
0.0341268
0.0268712
0.0212191
0.0180766
0.0166927
0.0163531
0.0169117
0.018556
0.0217364
0.0268325
0.0235384
0.0181639
0.0148332
0.0133987
0.0128677
0.0127392
0.0129198
0.013533
0.0149912
0.0181279
0.0170023
0.0140213
0.0125525
0.0120333
0.0118677
0.0118203
0.0118502
0.012005
0.0124902
0.0138902
0.0138939
0.0124969
0.0119212
0.0117566
0.0117153
0.0116957
0.0116782
0.0116795
0.0117804
0.0123067
0.0126324
0.0120197
0.0118124
0.0117761
0.0117775
0.0117692
0.0117396
0.0116939
0.0116623
0.0118121
0.0731122
0.0858833
0.0906536
0.0911697
0.0908036
0.0908276
0.0913321
0.0923199
0.0932166
0.0937135
0.106468
0.0981431
0.0941307
0.0935453
0.0940123
0.0942402
0.0941846
0.0938687
0.0942044
0.0961253
0.0727819
0.0708218
0.0693931
0.067718
0.0667162
0.0663697
0.0666646
0.0674327
0.0691731
0.0725406
0.0540078
0.055004
0.0521583
0.0482972
0.0458349
0.045029
0.0458535
0.047916
0.0511824
0.0559497
0.0422813
0.0413405
0.0361456
0.0311505
0.0282327
0.0273738
0.02835
0.0309075
0.0350081
0.0406682
0.0316235
0.0285922
0.023205
0.0191913
0.0172671
0.0168122
0.0174324
0.0191631
0.0224064
0.0275928
0.022195
0.0191264
0.0155736
0.013636
0.0129607
0.0128529
0.0130808
0.0137516
0.0153104
0.0186591
0.0157176
0.0139853
0.0125501
0.0119791
0.0118472
0.0118372
0.0118866
0.0120593
0.0125846
0.0141283
0.0125119
0.0120414
0.0117336
0.0116786
0.0116942
0.0116978
0.0116899
0.0117005
0.0118095
0.0123983
0.0114014
0.0115293
0.0116381
0.0117274
0.0117687
0.011768
0.0117389
0.0116956
0.0116719
0.0118495
0.0534942
0.0741812
0.0875591
0.0940601
0.0966218
0.0979404
0.0993383
0.101307
0.103508
0.105711
0.162282
0.120879
0.101771
0.0948507
0.0930479
0.0927309
0.0925708
0.0921007
0.0921763
0.0937485
0.125873
0.084422
0.0716478
0.0681788
0.0667322
0.0658554
0.0655544
0.0656429
0.0666957
0.0694121
0.09262
0.0642025
0.0552671
0.0510663
0.0479578
0.0461024
0.0458174
0.0468288
0.0491475
0.0531754
0.0707341
0.050819
0.0419734
0.0359489
0.0316136
0.0292899
0.0290486
0.0305772
0.0336841
0.0386571
0.0544938
0.0390208
0.0299975
0.0238489
0.0200531
0.0182886
0.018104
0.0192217
0.0217491
0.0263504
0.0409855
0.0287384
0.0211018
0.0166221
0.014407
0.0135605
0.0134582
0.0139023
0.0151218
0.0180914
0.0300272
0.0211537
0.0159891
0.0134991
0.0125018
0.0121783
0.0121329
0.0122575
0.012652
0.0140021
0.0221079
0.0165275
0.0136146
0.0124041
0.0119989
0.0118879
0.0118632
0.0118754
0.0119607
0.0124761
0.0172374
0.0141076
0.0126033
0.0120731
0.0119384
0.0119103
0.0118907
0.0118614
0.0118362
0.0119931
)
;

boundaryField
{
    inlet
    {
        type            fixedValue;
        value           uniform 0.0260152;
    }
    outlet
    {
        type            inletOutlet;
        inletValue      uniform 0.0260152;
        value           nonuniform List<scalar> 
500
(
0.011883
0.0119106
0.0119681
0.0120026
0.0120079
0.0119874
0.0119696
0.0120933
0.0128318
0.015406
0.0119477
0.0120255
0.0120871
0.012118
0.0121167
0.0120795
0.0120081
0.0119711
0.0122872
0.0139037
0.0120271
0.0121197
0.0121821
0.0122109
0.0122063
0.0121615
0.012062
0.011937
0.0120524
0.0133871
0.0120873
0.0121836
0.0122443
0.0122708
0.0122646
0.0122158
0.0120957
0.0118989
0.0118547
0.0130348
0.01212
0.0122158
0.0122742
0.012299
0.0122918
0.0122407
0.0121095
0.01187
0.0117225
0.0128103
0.0121198
0.0122152
0.0122741
0.0122994
0.012292
0.0122402
0.0121095
0.0118709
0.0117194
0.0127955
0.012087
0.0121837
0.0122456
0.0122728
0.0122653
0.0122141
0.0120948
0.0119004
0.0118442
0.0129808
0.0120249
0.0121205
0.012186
0.0122165
0.0122106
0.0121623
0.0120612
0.0119343
0.0120266
0.013295
0.0119416
0.0120257
0.0120924
0.0121264
0.0121255
0.0120864
0.0120112
0.0119647
0.012248
0.013786
0.0118749
0.0119065
0.0119671
0.012005
0.0120147
0.0119977
0.0119786
0.0120901
0.012791
0.0152785
0.106201
0.0941829
0.0686503
0.0518986
0.0371227
0.0250024
0.0172408
0.0136326
0.0123693
0.0119825
0.106187
0.091056
0.0651818
0.0474865
0.0322119
0.0208944
0.0148176
0.0125974
0.0119939
0.0118938
0.105761
0.0891225
0.0622163
0.0432636
0.0276328
0.0175652
0.0132632
0.0120747
0.0118615
0.0119122
0.105368
0.0880105
0.0600356
0.0400866
0.024472
0.015671
0.0125951
0.0119073
0.0118588
0.0119615
0.105238
0.0873855
0.0586393
0.0381075
0.0227158
0.0147947
0.0123448
0.0118622
0.0118749
0.0119941
0.105156
0.0875763
0.0587572
0.0381395
0.0226949
0.0147733
0.0123373
0.0118607
0.0118747
0.0119941
0.105466
0.0880499
0.0597859
0.0396846
0.0241124
0.0154868
0.0125401
0.0118939
0.0118552
0.0119603
0.105956
0.0890928
0.0617719
0.0425765
0.0269901
0.0171922
0.0131308
0.0120352
0.011848
0.0119061
0.106365
0.0910656
0.0648723
0.0469926
0.0317141
0.0205411
0.0146522
0.0125386
0.0119705
0.0118817
0.106379
0.0939737
0.0683893
0.0515722
0.0368002
0.0247573
0.0171052
0.0135794
0.0123468
0.0119697
0.105777
0.0935668
0.0693239
0.0531327
0.0386275
0.0263285
0.0180775
0.0139952
0.012471
0.011987
0.103372
0.0923278
0.066865
0.0493763
0.0338869
0.0218596
0.015163
0.0126619
0.0119589
0.0118313
0.101273
0.092062
0.0657417
0.0470348
0.0307788
0.0193249
0.0139259
0.0122555
0.0118686
0.0118547
0.099335
0.0925428
0.065625
0.0459757
0.0291971
0.0181613
0.0134597
0.012124
0.0118542
0.0118841
0.0977941
0.0930679
0.0661288
0.0462717
0.029355
0.0182803
0.0135399
0.0121636
0.0118779
0.0119072
0.0965616
0.0933014
0.0669374
0.0480046
0.0315396
0.0199676
0.014359
0.0124781
0.011989
0.0119419
0.0942496
0.0947281
0.0682237
0.0510766
0.0358689
0.0237593
0.0165542
0.0134611
0.0123931
0.0120802
0.0881299
0.100916
0.0713578
0.0551901
0.0419141
0.0299048
0.020994
0.015909
0.0135844
0.0125987
0.0748339
0.119787
0.0837562
0.0638819
0.0506291
0.0388158
0.0285133
0.020971
0.0164272
0.0140566
0.0538095
0.163489
0.126763
0.0930121
0.0707787
0.0542984
0.0406699
0.0297236
0.0218886
0.0170947
0.0288851
0.239832
0.231307
0.17149
0.121008
0.0852374
0.0597401
0.0414731
0.0287455
0.0205092
0.0260152
0.306774
0.375154
0.292234
0.19543
0.122275
0.0739065
0.044096
0.026959
0.0179699
0.0260152
0.0260152
0.516904
0.467783
0.311574
0.181635
0.099904
0.0533905
0.0290661
0.017782
0.0260152
0.0260152
0.593341
0.637858
0.435543
0.248544
0.130036
0.065117
0.0324363
0.0180657
0.0260152
0.0260152
0.560998
0.678155
0.492584
0.286049
0.149551
0.0737162
0.0351465
0.0183966
0.0260152
0.0260152
0.559817
0.677304
0.49107
0.284939
0.149
0.0735149
0.0351106
0.0184116
0.0260152
0.0260152
0.584553
0.626457
0.42784
0.245473
0.129463
0.0650428
0.0325104
0.0181677
0.0260152
0.0260152
0.502892
0.454803
0.304894
0.179151
0.0992899
0.0534146
0.029256
0.0179562
0.0260152
0.298222
0.363125
0.28456
0.192071
0.121136
0.0737108
0.0442494
0.0271985
0.0181794
0.028501
0.233361
0.225132
0.16808
0.119628
0.0849078
0.0598913
0.0417744
0.0290396
0.0207397
0.0534942
0.162282
0.125873
0.09262
0.0707341
0.0544938
0.0409855
0.0300272
0.0221079
0.0172374
0.0741812
0.120879
0.084422
0.0642025
0.050819
0.0390208
0.0287384
0.0211537
0.0165275
0.0141076
0.0875591
0.101771
0.0716478
0.0552671
0.0419734
0.0299975
0.0211018
0.0159891
0.0136146
0.0126033
0.0940601
0.0948507
0.0681788
0.0510663
0.0359489
0.0238489
0.0166221
0.0134991
0.0124041
0.0120731
0.0966218
0.0930479
0.0667322
0.0479578
0.0316136
0.0200531
0.014407
0.0125018
0.0119989
0.0119384
0.0979404
0.0927309
0.0658554
0.0461024
0.0292899
0.0182886
0.0135605
0.0121783
0.0118879
0.0119103
0.0993383
0.0925708
0.0655544
0.0458174
0.0290486
0.018104
0.0134582
0.0121329
0.0118632
0.0118907
0.101307
0.0921007
0.0656429
0.0468288
0.0305772
0.0192217
0.0139023
0.0122575
0.0118754
0.0118614
0.103508
0.0921763
0.0666957
0.0491475
0.0336841
0.0217491
0.0151218
0.012652
0.0119607
0.0118362
0.105711
0.0937485
0.0694121
0.0531754
0.0386571
0.0263504
0.0180914
0.0140021
0.0124761
0.0119931
)
;
    }
    walls
    {
        type            kqRWallFunction;
        value           nonuniform List<scalar> 
1600
(
0.0356582
0.0566421
0.0759012
0.0899382
0.0977001
0.100473
0.100065
0.0980081
0.0954287
0.093011
0.0910798
0.0897242
0.0888838
0.0884245
0.0882218
0.0882048
0.0883117
0.0884417
0.0884845
0.0883852
0.0881755
0.0879189
0.0876793
0.0875144
0.0874401
0.0874345
0.0874634
0.0875039
0.0875456
0.0875789
0.0875863
0.0875752
0.0876005
0.0877613
0.0881065
0.0888777
0.0898075
0.0927067
0.0934365
0.106201
0.0346404
0.0533614
0.0711461
0.0851333
0.0940124
0.0983021
0.0993051
0.0982932
0.0962525
0.0939453
0.0918689
0.0902588
0.0891513
0.0884662
0.0880802
0.0878827
0.0877958
0.0877634
0.0877425
0.0877248
0.0877249
0.087761
0.0878201
0.0878722
0.0878951
0.0878647
0.0877638
0.0876183
0.0874683
0.0873461
0.0872731
0.0872653
0.0873362
0.0875284
0.0878798
0.0886709
0.0896252
0.0925719
0.093235
0.106187
0.0339608
0.0511409
0.0677943
0.0814987
0.0909057
0.0961063
0.0980969
0.0979717
0.0966077
0.0946817
0.0926967
0.0909462
0.0895814
0.0886281
0.088003
0.0875788
0.0872809
0.0871138
0.0871043
0.087236
0.0874312
0.0875995
0.0876887
0.0876873
0.0876099
0.087472
0.0872786
0.0870409
0.0867818
0.0865764
0.0865295
0.0866836
0.0869834
0.0873621
0.0877652
0.0884739
0.0892978
0.0921579
0.092764
0.105761
0.0335393
0.0497496
0.0656274
0.079084
0.0887742
0.0944931
0.0970524
0.0974386
0.0965147
0.0949091
0.0930852
0.0913417
0.0898573
0.0886972
0.087847
0.0872778
0.0869575
0.0868364
0.0868474
0.0869334
0.0870454
0.0871421
0.0871965
0.0871986
0.0871429
0.0870156
0.0868429
0.0866829
0.0866017
0.0866226
0.0866921
0.0867573
0.0868191
0.0869918
0.0873388
0.0881181
0.0890326
0.0919279
0.0925109
0.105368
0.0333386
0.0490836
0.064556
0.0778062
0.0875592
0.0935565
0.0964805
0.0971945
0.0965073
0.0950424
0.0932716
0.0915135
0.0899608
0.0887178
0.0878094
0.0872104
0.0868596
0.0866855
0.0866216
0.0866071
0.0866225
0.0866813
0.0867946
0.0869326
0.087014
0.0869526
0.0867645
0.0865694
0.0865142
0.086631
0.0868266
0.0869851
0.0870481
0.0871006
0.0872763
0.0879523
0.0888941
0.0918937
0.0925911
0.105238
0.0333326
0.0490767
0.0645786
0.0778776
0.0876558
0.0936269
0.0964984
0.0971917
0.0965251
0.0950978
0.0933511
0.0915929
0.0900191
0.0887314
0.087765
0.0871074
0.086725
0.0865649
0.0865587
0.0866224
0.0866692
0.0866606
0.0866211
0.0865924
0.0866106
0.0866673
0.0867179
0.0867227
0.0866722
0.0866042
0.0865926
0.086683
0.0868606
0.0871197
0.0874617
0.0881942
0.0890985
0.0919907
0.0925545
0.105156
0.0335395
0.0497441
0.0656147
0.0790659
0.0887888
0.0945624
0.0971633
0.0975379
0.096569
0.094948
0.093148
0.091444
0.0899687
0.0887469
0.0878072
0.0871936
0.0869019
0.0868556
0.086932
0.0870259
0.0870817
0.0870613
0.0869636
0.0868366
0.0867521
0.0867685
0.0868423
0.0868562
0.0867317
0.0865112
0.0863322
0.0863165
0.0865085
0.0868866
0.0874118
0.0883326
0.0893618
0.0923026
0.0928694
0.105466
0.0339626
0.0511221
0.0677332
0.0814163
0.0908401
0.0960754
0.0980887
0.0979475
0.0965602
0.0946456
0.092708
0.0910095
0.0896402
0.088612
0.0879126
0.0874944
0.0872592
0.0871181
0.0870459
0.0870615
0.0871565
0.0872836
0.0873816
0.0874065
0.0873547
0.0872605
0.0871597
0.0870509
0.0868834
0.086621
0.0863332
0.0861801
0.0862848
0.0866858
0.087312
0.0883448
0.089482
0.0925387
0.0932053
0.105956
0.0346449
0.0533776
0.0711825
0.0851909
0.0940644
0.0983059
0.0992305
0.0981485
0.0960872
0.0938017
0.0917493
0.0901345
0.0889976
0.088286
0.0878991
0.0877202
0.0876552
0.0876492
0.0876811
0.0877412
0.0877948
0.0877893
0.0877155
0.0876094
0.0874985
0.0873897
0.0873032
0.0872508
0.0872405
0.0872557
0.0872552
0.0872077
0.0871609
0.0872628
0.087631
0.0885405
0.0896709
0.0927586
0.0935096
0.106365
0.0356567
0.0566227
0.0758273
0.0898013
0.0975543
0.100352
0.0999785
0.097951
0.0953907
0.09297
0.0910273
0.0896632
0.0888364
0.088433
0.0883054
0.0883034
0.0883273
0.0883477
0.0883551
0.0883279
0.0882569
0.0881733
0.0880835
0.0879455
0.0877367
0.0875143
0.0873405
0.0872436
0.0872375
0.0873216
0.0874782
0.0876745
0.0878807
0.088131
0.0884736
0.089191
0.0900548
0.0929152
0.0936464
0.106379
0.0356605
0.0566452
0.0758533
0.0898144
0.097567
0.100392
0.100065
0.0980764
0.0955191
0.0930958
0.0911753
0.0898764
0.089151
0.0888376
0.0887383
0.0887089
0.0886543
0.0885369
0.0884002
0.0883183
0.0883323
0.0883956
0.0883843
0.0881838
0.0878307
0.087501
0.0873409
0.0873723
0.0875088
0.0876293
0.0876764
0.0876803
0.0877191
0.0878977
0.0882751
0.0890913
0.0900757
0.0928868
0.0936935
0.105777
0.0346423
0.0533652
0.0711708
0.0851764
0.094043
0.0983003
0.0993092
0.0983824
0.0964818
0.0942925
0.0922258
0.0905246
0.0893173
0.0886004
0.0882599
0.0881277
0.0880529
0.0879721
0.0878959
0.0878456
0.087841
0.0878732
0.0879122
0.0879049
0.0878082
0.0876399
0.0874711
0.0873823
0.0874032
0.0874811
0.0875184
0.0874412
0.0873166
0.0873249
0.0875924
0.0883559
0.0894005
0.0920411
0.092996
0.103372
0.0339653
0.0511465
0.0677881
0.0815018
0.0909615
0.0962131
0.0982286
0.0980732
0.0966617
0.0947123
0.092734
0.0910155
0.0896458
0.0886237
0.0879222
0.0874986
0.0872816
0.0872098
0.0872425
0.0873395
0.0874301
0.0874411
0.0873711
0.0872736
0.0872022
0.0871843
0.0872151
0.0872701
0.0873023
0.0872504
0.0870849
0.0868731
0.086773
0.0868957
0.0872423
0.0879545
0.0888927
0.0912097
0.0922294
0.101273
0.033538
0.0497574
0.0656479
0.0790898
0.0887645
0.0945194
0.0971689
0.0976327
0.0967158
0.0950351
0.0931001
0.0912831
0.0897748
0.0886235
0.0878132
0.0872942
0.0870031
0.0868822
0.0868811
0.0869493
0.0870157
0.0870232
0.0869732
0.0869035
0.0868625
0.0868735
0.0869166
0.0869438
0.0868977
0.0867564
0.08657
0.0864547
0.0865048
0.0867247
0.0870761
0.0876646
0.0884128
0.0903246
0.091343
0.099335
0.0333344
0.0490873
0.0646057
0.077903
0.0876588
0.0936143
0.0965161
0.0972593
0.0966216
0.0951787
0.0933688
0.0915291
0.089902
0.0886203
0.0877173
0.0871552
0.086849
0.0867108
0.086675
0.086701
0.0867455
0.0867724
0.0867772
0.0867839
0.0868055
0.0868206
0.0867932
0.0867073
0.0865847
0.0864718
0.0864174
0.0864659
0.0865994
0.086774
0.0869493
0.0872432
0.0877556
0.0893963
0.0906542
0.0977941
0.0333336
0.0490788
0.0645883
0.0778918
0.087675
0.0936684
0.0965695
0.0972639
0.0965543
0.0950649
0.0932756
0.0915221
0.0899887
0.0887417
0.0877958
0.0871474
0.0867752
0.0866243
0.0866188
0.086673
0.0867093
0.0867067
0.0867147
0.0867967
0.0869412
0.08704
0.0869581
0.086671
0.086345
0.0861921
0.0862801
0.0865032
0.0866931
0.0867619
0.0867535
0.0869095
0.0874873
0.089094
0.0907477
0.0965616
0.0335371
0.0497439
0.0656299
0.0791017
0.0888192
0.0945731
0.0971522
0.0975163
0.0965536
0.0949398
0.093166
0.0914989
0.0900352
0.0887944
0.0877893
0.0870775
0.0867135
0.0866723
0.0868165
0.0869747
0.0870477
0.0870431
0.0870285
0.0870666
0.0871554
0.0872141
0.0871307
0.0868518
0.0864981
0.0862696
0.0862647
0.0863942
0.0865173
0.0865761
0.0866496
0.0869419
0.0877076
0.0891414
0.0911743
0.0942496
0.0339636
0.0511465
0.0678051
0.0815397
0.0909775
0.0961687
0.0981363
0.0980002
0.0966953
0.0948612
0.0929355
0.0911763
0.0897057
0.0885609
0.0877406
0.0872458
0.0870552
0.0870936
0.0872229
0.087315
0.0873468
0.0873627
0.0873839
0.0873913
0.087353
0.0872755
0.0871919
0.0871075
0.0869909
0.0868313
0.0866309
0.0864297
0.086303
0.0862905
0.0864318
0.0867782
0.0875551
0.0886234
0.0907034
0.0881299
0.0346475
0.0533898
0.0712058
0.0852124
0.094063
0.0982919
0.0992707
0.0983214
0.0963914
0.0941427
0.0920062
0.0902532
0.0890239
0.0883204
0.0880152
0.0879238
0.0878859
0.0877977
0.0876297
0.0874198
0.0872435
0.0871718
0.0872086
0.0872739
0.0872786
0.0872143
0.0871776
0.087251
0.0874013
0.0875328
0.0875499
0.0874051
0.0871296
0.0868137
0.0865631
0.086423
0.0865048
0.0866867
0.086156
0.0748339
0.0356548
0.0566079
0.0757856
0.0897219
0.09745
0.10023
0.0998604
0.0978622
0.0953392
0.0929427
0.0909846
0.0895927
0.0887745
0.0884323
0.0884039
0.0884987
0.0885496
0.08846
0.0882347
0.0879344
0.0876564
0.0874854
0.0874371
0.0874672
0.0875254
0.0875969
0.0876907
0.0878102
0.0879265
0.0880045
0.0880257
0.0879875
0.0878045
0.0873419
0.0865567
0.0853493
0.0835751
0.0814589
0.0731059
0.0538095
0.0356567
0.0566365
0.0758821
0.0898722
0.097579
0.10028
0.0998322
0.0977887
0.0952631
0.0929359
0.0911305
0.0898797
0.0890763
0.0885849
0.0883077
0.0881945
0.0881903
0.0882357
0.0882704
0.0882593
0.0882137
0.0881525
0.0880861
0.0880286
0.0879979
0.087989
0.0879649
0.0879137
0.0878601
0.0878246
0.0877967
0.0877208
0.0874564
0.0867951
0.0855101
0.082846
0.0781746
0.0690008
0.0530097
0.0288851
0.0346431
0.0533691
0.0711629
0.0851589
0.0940275
0.0982972
0.0992856
0.0982963
0.0963326
0.0941274
0.0921344
0.0905401
0.0893621
0.0885341
0.0879991
0.0877338
0.0876971
0.0878103
0.0879764
0.0881158
0.0881794
0.0881465
0.0880278
0.0878706
0.0877308
0.087616
0.0875019
0.0873863
0.0872857
0.087199
0.087082
0.0868781
0.0865347
0.0858203
0.0842227
0.0799215
0.0701446
0.0494608
0.0464875
0.0202795
0.0339608
0.0511327
0.0677836
0.0815184
0.0909832
0.0962134
0.0982008
0.0980212
0.0965767
0.0946215
0.0926825
0.0910241
0.0897189
0.0887457
0.0880622
0.0876163
0.0873622
0.0872703
0.0873054
0.0874174
0.087546
0.0876268
0.0876134
0.087491
0.0872684
0.0869774
0.0866973
0.0865136
0.086445
0.0864419
0.0864218
0.0862857
0.0859135
0.0849964
0.0828031
0.0761193
0.0563638
0.0331279
0.0697469
0.0168515
0.0335395
0.0497452
0.0656227
0.079093
0.0888409
0.0946301
0.0972256
0.0975875
0.0966001
0.0949332
0.0930721
0.0913134
0.0898198
0.0886707
0.0878765
0.0873868
0.087105
0.0869489
0.0868685
0.08685
0.086901
0.0869958
0.0870761
0.0870668
0.0869318
0.0867086
0.0864756
0.0862946
0.0862007
0.086182
0.0861618
0.0860343
0.0856575
0.0846148
0.0818251
0.071851
0.0412
0.0366285
0.113632
0.0160701
0.0333365
0.0490925
0.0645977
0.0778745
0.087639
0.093627
0.0965341
0.0972299
0.0965335
0.0950817
0.0933137
0.0915278
0.0899163
0.0886135
0.0876866
0.0871207
0.0868467
0.0867598
0.0867485
0.0867397
0.0867053
0.0866599
0.0866211
0.0866
0.0866053
0.0866423
0.086704
0.0867569
0.0867491
0.086654
0.0864659
0.0861524
0.0856102
0.0843069
0.0812424
0.0671816
0.0325609
0.0597291
0.126456
0.0159605
0.0333378
0.0490835
0.0645699
0.0778446
0.0876182
0.0936279
0.0965577
0.0972627
0.0965416
0.0950252
0.0932103
0.0914487
0.0899261
0.0887192
0.0878302
0.0872327
0.0868692
0.0866616
0.0865459
0.0864776
0.08645
0.0864668
0.0865267
0.0866253
0.0867504
0.0868765
0.0869652
0.0869783
0.0869022
0.086729
0.0864446
0.0860343
0.085419
0.0840823
0.0810432
0.0671684
0.0326576
0.059416
0.125783
0.0154221
0.0335344
0.0497366
0.0656204
0.0790915
0.0888086
0.0945579
0.0971337
0.0974824
0.0964766
0.0947955
0.0929554
0.0912602
0.0898269
0.0886719
0.087789
0.0871748
0.0868104
0.0866483
0.0866265
0.0866739
0.0867201
0.0867362
0.0867413
0.0867594
0.0867906
0.0867908
0.0867364
0.0866675
0.086622
0.0865747
0.0864933
0.0863162
0.085923
0.0848017
0.0818004
0.0715428
0.0412779
0.0353865
0.110163
0.0159007
0.0339584
0.0511249
0.0677702
0.0815034
0.0909641
0.0961867
0.0981585
0.0979792
0.0965514
0.0945648
0.0925234
0.090724
0.0893133
0.0883298
0.0877152
0.0873589
0.0871578
0.0870427
0.0869881
0.0870081
0.0871165
0.0872881
0.0874215
0.0873929
0.0871795
0.0868888
0.0866548
0.0865472
0.0865752
0.0866742
0.0867631
0.0867727
0.0865238
0.0855951
0.0831496
0.0761015
0.0563797
0.0330741
0.0678838
0.0163115
0.0346423
0.053363
0.0711569
0.0851644
0.0940512
0.0983232
0.0993149
0.0983272
0.0963331
0.094032
0.0918856
0.0901739
0.0889944
0.0882855
0.0879064
0.0877149
0.0876137
0.0875636
0.087572
0.087653
0.0877923
0.0879459
0.0880518
0.0880535
0.0879247
0.0876856
0.0874033
0.0871641
0.0870303
0.087025
0.0870884
0.0870714
0.0867799
0.0859631
0.0841354
0.0795829
0.0699004
0.0497508
0.0466357
0.0193025
0.0356597
0.0566337
0.0758559
0.0898615
0.0976399
0.100453
0.10008
0.0980477
0.0954935
0.0931147
0.0912281
0.0898981
0.0890316
0.0885026
0.0882224
0.0881226
0.0881418
0.0882274
0.0883275
0.0884096
0.0884381
0.0883792
0.0882599
0.0881614
0.0881273
0.0881141
0.0880763
0.0879908
0.0878723
0.0877492
0.0875962
0.0873101
0.0868047
0.0859684
0.0846217
0.0819695
0.0775297
0.0688393
0.0537036
0.028501
0.0356569
0.0566383
0.0758839
0.0899074
0.0976639
0.100436
0.100034
0.0979909
0.0954441
0.0931206
0.0913413
0.0901214
0.0893022
0.0887317
0.0883475
0.0881622
0.0881746
0.0883251
0.088487
0.0885407
0.0884183
0.0881339
0.0878048
0.0875885
0.0875823
0.0877436
0.0879447
0.0880714
0.0880662
0.0879307
0.0876978
0.0873923
0.087006
0.0864991
0.0858671
0.0849039
0.0832847
0.0812219
0.0731122
0.0534942
0.0346443
0.0533668
0.0711419
0.0851174
0.0939737
0.0982312
0.0992137
0.0982567
0.0963685
0.0942362
0.0922454
0.090586
0.0893463
0.0885421
0.0881396
0.0880573
0.0881668
0.0883109
0.088371
0.0882976
0.0880754
0.0877402
0.0873986
0.087161
0.0870906
0.0871926
0.087388
0.0875509
0.0875839
0.0874311
0.0871252
0.0868088
0.0866243
0.0865925
0.086653
0.0867425
0.0868413
0.0867938
0.0858833
0.0741812
0.0339593
0.0511325
0.0678
0.0815516
0.0909982
0.0961799
0.0980971
0.0979013
0.0965502
0.0947119
0.0928033
0.0910444
0.0895912
0.0885594
0.0879685
0.0877357
0.0877158
0.0877793
0.0878523
0.0878906
0.08786
0.0877259
0.0874771
0.0871748
0.0869281
0.086825
0.0868787
0.0870038
0.0870804
0.0870214
0.0867999
0.0865001
0.0862853
0.0862811
0.0865238
0.0869791
0.0878227
0.0888319
0.0906536
0.0875591
0.0335378
0.0497562
0.0656457
0.0790832
0.0887422
0.0944794
0.0971016
0.09753
0.0965804
0.0949067
0.0930312
0.0913061
0.089905
0.0888475
0.0880659
0.0874796
0.0870619
0.0868279
0.0867743
0.086838
0.0869225
0.0869607
0.0869441
0.0869068
0.0868741
0.0868297
0.0867454
0.0866473
0.0865883
0.0866053
0.0866833
0.0867575
0.0867579
0.0866868
0.0866637
0.0869026
0.0876544
0.089109
0.0911697
0.0940601
0.033337
0.0490841
0.0645812
0.0778764
0.0876884
0.093727
0.096635
0.0972913
0.0965089
0.0949537
0.0931463
0.0914356
0.0900008
0.08887
0.088006
0.0873499
0.0868584
0.0865108
0.0862859
0.0861578
0.0861074
0.0861469
0.0862794
0.0864615
0.0865911
0.0865829
0.0864532
0.0863303
0.0863445
0.0865136
0.0867397
0.0869058
0.0869472
0.0868801
0.086811
0.086971
0.0875575
0.0891545
0.0908036
0.0966218
0.033333
0.0490803
0.0645925
0.0779001
0.0876823
0.0936658
0.096555
0.097246
0.0965472
0.0950534
0.0932299
0.0914189
0.0898582
0.088678
0.0878961
0.0874183
0.0870969
0.0868143
0.0865276
0.086288
0.0861789
0.0862437
0.0864635
0.0867329
0.0869045
0.0868955
0.0867607
0.086636
0.0866207
0.0867133
0.0868438
0.0869394
0.0869808
0.0870151
0.087097
0.087386
0.0879401
0.089602
0.0908276
0.0979404
0.03354
0.0497602
0.0656583
0.0791092
0.0887713
0.0944958
0.097103
0.0975426
0.0966389
0.0949921
0.0930828
0.09126
0.0897476
0.0886259
0.0878683
0.0873938
0.087106
0.0869452
0.0868886
0.0869199
0.0870119
0.0871395
0.0872796
0.0873991
0.0874685
0.0874692
0.0873932
0.087237
0.0870379
0.0868704
0.0868088
0.0868615
0.0869821
0.0871596
0.0873973
0.0878531
0.088495
0.0903472
0.0913321
0.0993383
0.0339629
0.0511536
0.0678265
0.0815728
0.0910308
0.0962438
0.0982095
0.0980254
0.0965991
0.0946396
0.0926736
0.0909795
0.0896392
0.0886178
0.0878633
0.0873504
0.0870814
0.0870603
0.0872373
0.0874921
0.0876902
0.0877561
0.087679
0.0875048
0.0873389
0.0872793
0.0873234
0.0873858
0.0873677
0.0872367
0.0870456
0.0869135
0.0869306
0.0871169
0.0874623
0.0881479
0.0890546
0.091334
0.0923199
0.101307
0.03464
0.0533605
0.0711647
0.0852002
0.0941234
0.0984211
0.0994322
0.0984537
0.0964637
0.0941872
0.0921178
0.0904895
0.0893421
0.0885906
0.0881149
0.087815
0.0876348
0.0875707
0.087625
0.0877638
0.0879163
0.0879888
0.0878932
0.087651
0.0873827
0.0872087
0.087169
0.0872023
0.0872012
0.087134
0.087055
0.0870495
0.0871652
0.0874257
0.0878433
0.088645
0.0896673
0.0922696
0.0932166
0.103508
0.0356605
0.0566743
0.0759507
0.0899767
0.0977218
0.100503
0.10014
0.0981533
0.095646
0.0932796
0.0913473
0.0899291
0.0890029
0.0884975
0.088321
0.0883444
0.0884272
0.0884636
0.0884037
0.0882704
0.0881349
0.0880395
0.0879604
0.0877929
0.0875115
0.0872273
0.0870652
0.0870499
0.0871153
0.0871939
0.0872777
0.087406
0.0876106
0.0879235
0.0883635
0.0891695
0.0901327
0.0929306
0.0937135
0.105711
)
;
    }
}


// ************************************************************************* //
