/*--------------------------------*- C++ -*----------------------------------*\
| =========                 |                                                 |
| \\      /  F ield         | OpenFOAM: The Open Source CFD Toolbox           |
|  \\    /   O peration     | Version:  2406                                  |
|   \\  /    A nd           | Website:  www.openfoam.com                      |
|    \\/     M anipulation  |                                                 |
\*---------------------------------------------------------------------------*/
FoamFile
{
    version     2.0;
    format      ascii;
    arch        "LSB;label=32;scalar=64";
    class       volScalarField;
    location    "0.9";
    object      omega;
}
// * * * * * * * * * * * * * * * * * * * * * * * * * * * * * * * * * * * * * //

dimensions      [0 0 -1 0 0 0 0];

internalField   nonuniform List<scalar> 
20000
(
10.0272
10.0272
10.0272
10.0271
10.027
10.027
10.0271
10.0272
10.0272
10.0272
10.0272
10.0271
10.0269
10.0266
10.0263
10.0263
10.0266
10.0269
10.0271
10.0272
10.0272
10.0269
10.0262
10.0255
10.0249
10.0249
10.0255
10.0262
10.0269
10.0272
10.0271
10.0266
10.0255
10.024
10.0232
10.0232
10.024
10.0255
10.0266
10.0271
10.027
10.0263
10.0249
10.0232
10.0216
10.0216
10.0232
10.0249
10.0263
10.027
10.027
10.0263
10.0249
10.0232
10.0216
10.0216
10.0232
10.0249
10.0263
10.027
10.0271
10.0266
10.0255
10.024
10.0232
10.0232
10.024
10.0255
10.0266
10.0271
10.0272
10.0269
10.0262
10.0255
10.0249
10.0249
10.0255
10.0262
10.0269
10.0272
10.0272
10.0271
10.0269
10.0266
10.0263
10.0263
10.0266
10.0269
10.0271
10.0272
10.0272
10.0272
10.0272
10.0271
10.027
10.027
10.0271
10.0272
10.0272
10.0272
9.7746
9.77452
9.77436
9.77412
9.77392
9.77392
9.77412
9.77437
9.77452
9.7746
9.77453
9.77428
9.77362
9.77274
9.77205
9.77205
9.77274
9.77362
9.77428
9.77453
9.77435
9.7736
9.77182
9.7698
9.76838
9.76838
9.7698
9.77182
9.7736
9.77435
9.7741
9.77271
9.76979
9.76597
9.76372
9.76372
9.76597
9.76979
9.77271
9.7741
9.7739
9.77201
9.76836
9.76371
9.75981
9.75981
9.76371
9.76836
9.77202
9.7739
9.77389
9.77201
9.76836
9.76371
9.75981
9.7598
9.76371
9.76836
9.77202
9.7739
9.77409
9.77271
9.76978
9.76595
9.7637
9.7637
9.76596
9.76978
9.77271
9.7741
9.77434
9.77359
9.77178
9.76976
9.76835
9.76835
9.76976
9.77179
9.7736
9.77434
9.77449
9.77423
9.77356
9.77268
9.77199
9.77199
9.77268
9.77356
9.77423
9.77449
9.77458
9.77447
9.77431
9.77407
9.77386
9.77386
9.77407
9.77431
9.77448
9.77461
9.53445
9.53429
9.53397
9.53357
9.53327
9.53327
9.53357
9.53397
9.53429
9.53445
9.53427
9.53382
9.53279
9.53145
9.53044
9.53044
9.53145
9.53279
9.53382
9.53427
9.53398
9.53276
9.53015
9.52712
9.52501
9.52501
9.52712
9.53015
9.53276
9.53398
9.53357
9.53143
9.52711
9.52159
9.51818
9.51818
9.52159
9.52711
9.53141
9.53357
9.53321
9.5304
9.525
9.51817
9.51269
9.51269
9.51817
9.52499
9.53038
9.5332
9.53319
9.53039
9.52501
9.51818
9.51269
9.51269
9.51816
9.52499
9.53037
9.53318
9.53353
9.53142
9.52714
9.52158
9.51817
9.51816
9.52157
9.52711
9.5314
9.53352
9.53391
9.53274
9.53015
9.52706
9.52495
9.52495
9.52706
9.53013
9.53272
9.5339
9.53419
9.53374
9.53271
9.53135
9.53033
9.53034
9.53135
9.53271
9.53372
9.53419
9.53439
9.53419
9.53385
9.53348
9.53315
9.53315
9.53347
9.53386
9.53419
9.5344
9.30647
9.30609
9.30562
9.30506
9.30464
9.30464
9.30506
9.30562
9.30609
9.30648
9.30614
9.30539
9.30405
9.30234
9.30106
9.30106
9.30234
9.30405
9.3054
9.30614
9.30578
9.30408
9.30083
9.29703
9.29438
9.29438
9.29702
9.30083
9.30407
9.30577
9.30518
9.30242
9.29706
9.29033
9.28606
9.28606
9.29033
9.29705
9.30239
9.30517
9.30468
9.30115
9.29443
9.28607
9.27954
9.27954
9.28607
9.29442
9.30112
9.30466
9.30463
9.30112
9.29444
9.28609
9.27955
9.27955
9.28607
9.29441
9.30109
9.30461
9.30506
9.30237
9.29711
9.29038
9.2861
9.2861
9.29035
9.29706
9.30234
9.30506
9.30566
9.30402
9.30094
9.2971
9.29445
9.29444
9.29706
9.30086
9.30399
9.30569
9.30612
9.30537
9.30419
9.3024
9.30113
9.30112
9.30238
9.30412
9.30536
9.30616
9.3064
9.30613
9.30568
9.30509
9.3047
9.3047
9.30508
9.30566
9.30611
9.3065
9.0901
9.08935
9.08867
9.08798
9.0875
9.0875
9.08798
9.08867
9.08934
9.09011
9.08948
9.08845
9.08676
9.08478
9.08334
9.08333
9.08478
9.08675
9.08844
9.08947
9.08893
9.08691
9.08314
9.07878
9.07576
9.07576
9.07878
9.08313
9.08689
9.08892
9.08823
9.08498
9.07889
9.07134
9.06646
9.06646
9.07134
9.07889
9.08496
9.08823
9.08771
9.08355
9.07592
9.06653
9.0593
9.0593
9.06653
9.07592
9.08353
9.08772
9.08776
9.08359
9.07596
9.06657
9.05934
9.05933
9.06656
9.07594
9.08357
9.08778
9.08843
9.0851
9.07902
9.07149
9.0666
9.0666
9.07147
9.07899
9.08509
9.08847
9.08926
9.08714
9.08343
9.0791
9.07604
9.07603
9.07907
9.08338
9.08714
9.08929
9.08977
9.08879
9.08727
9.08517
9.0837
9.08368
9.08515
9.08718
9.0888
9.08981
9.0905
9.0897
9.0893
9.08835
9.0879
9.08789
9.08833
9.08921
9.08975
9.09077
8.8853
8.88372
8.88271
8.88182
8.88127
8.88127
8.88182
8.8827
8.8837
8.88528
8.88379
8.88251
8.88049
8.87823
8.87665
8.87665
8.87823
8.88049
8.8825
8.88378
8.8829
8.88063
8.8765
8.87173
8.86844
8.86844
8.87174
8.87651
8.88062
8.88289
8.88214
8.87856
8.87192
8.86378
8.85846
8.85847
8.86379
8.87192
8.87853
8.88213
8.88162
8.87694
8.86873
8.85862
8.85089
8.85089
8.85862
8.86873
8.87692
8.88165
8.88188
8.87703
8.8688
8.85872
8.85098
8.85099
8.85873
8.86881
8.87704
8.88196
8.8828
8.87898
8.87227
8.86417
8.85879
8.85879
8.86415
8.87225
8.87899
8.88287
8.88362
8.88144
8.87719
8.87239
8.86898
8.86897
8.87233
8.87711
8.88139
8.88359
8.88411
8.88314
8.8812
8.87888
8.8772
8.87718
8.87882
8.88112
8.88306
8.88413
8.88583
8.88434
8.88344
8.88239
8.88177
8.88175
8.88232
8.88338
8.88431
8.88607
8.6917
8.68848
8.68717
8.68609
8.68545
8.68545
8.6861
8.68717
8.68849
8.6917
8.68895
8.68697
8.68468
8.68215
8.68042
8.68042
8.68216
8.68469
8.68698
8.68895
8.68754
8.6847
8.68021
8.67515
8.67167
8.67168
8.67516
8.68022
8.68469
8.68752
8.68631
8.68228
8.67519
8.6667
8.66113
8.66113
8.66671
8.6752
8.68226
8.6863
8.68553
8.68043
8.67178
8.66122
8.65322
8.65323
8.66123
8.67178
8.68041
8.68556
8.68577
8.68043
8.67181
8.66132
8.65332
8.65333
8.66134
8.67183
8.68045
8.68583
8.68655
8.6825
8.67546
8.66708
8.66143
8.66143
8.66707
8.67545
8.68252
8.68658
8.68752
8.68512
8.68061
8.67568
8.67204
8.67202
8.67559
8.6805
8.68508
8.68751
8.68847
8.68701
8.68489
8.68235
8.68045
8.68043
8.68226
8.68475
8.68693
8.68849
8.69133
8.68861
8.68735
8.68608
8.68523
8.68523
8.68601
8.68724
8.68847
8.69142
8.50925
8.50313
8.50108
8.4998
8.49921
8.49921
8.4998
8.50109
8.50313
8.50924
8.50472
8.50124
8.49827
8.49559
8.49388
8.49388
8.4956
8.49828
8.50124
8.5047
8.50214
8.49824
8.49343
8.48823
8.48469
8.4847
8.48824
8.49343
8.49824
8.50212
8.50007
8.49522
8.48798
8.47934
8.47365
8.47366
8.47935
8.48798
8.49521
8.50005
8.49884
8.4932
8.48437
8.47351
8.46542
8.46542
8.47352
8.48437
8.49319
8.49885
8.49902
8.4932
8.48438
8.47346
8.46536
8.46537
8.47348
8.48441
8.49322
8.49905
8.50024
8.49527
8.48803
8.47912
8.47335
8.47336
8.47913
8.48806
8.49529
8.50024
8.50186
8.49824
8.49315
8.48761
8.48392
8.48391
8.48758
8.49312
8.4982
8.5018
8.50278
8.5004
8.49736
8.4945
8.49253
8.49253
8.49447
8.49726
8.50035
8.50275
8.50854
8.5024
8.50036
8.49876
8.49773
8.49773
8.49872
8.5002
8.5024
8.50861
8.33734
8.32711
8.32368
8.32172
8.32089
8.32089
8.32172
8.32368
8.3271
8.33732
8.32814
8.32398
8.3204
8.31725
8.31542
8.31542
8.31726
8.32041
8.32397
8.32812
8.32441
8.32018
8.31542
8.31004
8.30633
8.30633
8.31004
8.31542
8.32017
8.3244
8.32243
8.31705
8.30986
8.30113
8.29524
8.29524
8.30113
8.30986
8.31706
8.32243
8.32097
8.31478
8.30596
8.29509
8.28686
8.28686
8.2951
8.30597
8.31479
8.32098
8.32097
8.31461
8.30596
8.2951
8.28694
8.28693
8.29511
8.306
8.31463
8.32102
8.32296
8.31706
8.31009
8.30118
8.29529
8.29529
8.30117
8.31012
8.31709
8.32295
8.32421
8.32006
8.31571
8.30987
8.30575
8.30575
8.30983
8.31566
8.32002
8.32406
8.32571
8.32209
8.31934
8.31607
8.3137
8.31371
8.31606
8.3193
8.32208
8.32573
8.33689
8.3265
8.32194
8.32012
8.31886
8.31886
8.32008
8.32185
8.3267
8.33743
8.17568
8.159
8.1536
8.15102
8.14983
8.14982
8.15102
8.1536
8.159
8.17569
8.16057
8.15367
8.14959
8.14609
8.14399
8.14398
8.14609
8.1496
8.15367
8.16058
8.15605
8.14987
8.14466
8.13908
8.13523
8.13523
8.13909
8.14467
8.14988
8.15607
8.15319
8.14736
8.13951
8.13065
8.12464
8.12464
8.13065
8.13952
8.1474
8.1532
8.15098
8.14505
8.13561
8.12479
8.11661
8.11661
8.1248
8.13563
8.14507
8.151
8.15058
8.14417
8.13526
8.12497
8.11699
8.11699
8.12497
8.13528
8.14417
8.15063
8.15223
8.14618
8.13952
8.13184
8.12603
8.12602
8.13182
8.13946
8.14619
8.15222
8.15487
8.1491
8.14569
8.14127
8.13698
8.13697
8.14121
8.14554
8.14908
8.15484
8.15987
8.15272
8.15041
8.14675
8.14425
8.14427
8.14675
8.1504
8.15277
8.15994
8.17547
8.15985
8.15354
8.15036
8.14904
8.14904
8.15033
8.15363
8.16012
8.17582
8.02757
8.0004
7.99146
7.98774
7.98623
7.98623
7.98774
7.99145
8.0004
8.02757
8.00813
7.9923
7.98569
7.98183
7.97967
7.97967
7.98184
7.9857
7.9923
8.0081
7.99836
7.98747
7.98069
7.97497
7.97123
7.97123
7.97498
7.9807
7.98747
7.99834
7.99141
7.98429
7.97613
7.96725
7.96138
7.96139
7.96727
7.97615
7.9843
7.99139
7.989
7.98255
7.9732
7.96216
7.95393
7.95394
7.96216
7.97319
7.98258
7.98901
7.98992
7.98248
7.97315
7.96252
7.95438
7.95437
7.96248
7.9731
7.98254
7.99001
7.99583
7.98561
7.97712
7.96904
7.96312
7.9631
7.96897
7.97707
7.98569
7.99601
8.00248
7.99089
7.98346
7.97836
7.9743
7.97428
7.97829
7.98337
7.99091
8.00251
8.00631
7.9954
7.98941
7.9853
7.98349
7.98349
7.98532
7.98943
7.99549
8.00627
8.0319
8.00517
7.99623
7.99164
7.99129
7.99129
7.9917
7.99643
8.00537
8.0321
7.8898
7.85286
7.84014
7.83355
7.83085
7.83086
7.83354
7.84015
7.85288
7.88977
7.86198
7.84113
7.83107
7.82589
7.82322
7.82322
7.82588
7.83108
7.84112
7.86189
7.84563
7.83301
7.82523
7.81918
7.81533
7.81532
7.81918
7.82524
7.83297
7.84555
7.83788
7.82848
7.82053
7.81196
7.80611
7.80611
7.81198
7.82053
7.82846
7.83785
7.83625
7.82707
7.81838
7.80779
7.79907
7.79907
7.80778
7.81833
7.82709
7.83628
7.84044
7.82964
7.82048
7.80965
7.8007
7.80068
7.8096
7.82038
7.82981
7.84065
7.85288
7.83789
7.82677
7.81784
7.81107
7.81106
7.81778
7.82676
7.83822
7.85312
7.8587
7.84478
7.8345
7.82808
7.82239
7.82238
7.82797
7.83437
7.84485
7.85854
7.86285
7.8472
7.83896
7.83378
7.83072
7.8307
7.83376
7.8389
7.84724
7.8628
7.90758
7.86545
7.84725
7.84279
7.84123
7.84121
7.84289
7.84738
7.8657
7.90795
7.75712
7.7138
7.69872
7.68996
7.68591
7.68591
7.68996
7.69875
7.71386
7.7571
7.7163
7.69646
7.68645
7.67991
7.67633
7.67632
7.67989
7.68647
7.69648
7.71627
7.69948
7.68673
7.67879
7.67228
7.66809
7.66808
7.67226
7.67879
7.68671
7.69946
7.6936
7.68301
7.67375
7.66505
7.6591
7.6591
7.66506
7.67376
7.68302
7.69362
7.69347
7.68178
7.67144
7.66092
7.65234
7.65235
7.66093
7.67144
7.68181
7.69359
7.69952
7.68461
7.67416
7.66349
7.65437
7.65437
7.66348
7.67413
7.68475
7.69976
7.71175
7.69503
7.68303
7.67453
7.66626
7.66624
7.67447
7.68297
7.69527
7.71179
7.71704
7.70101
7.6926
7.68812
7.67911
7.67911
7.68795
7.69228
7.70103
7.71691
7.72772
7.70509
7.69754
7.69081
7.68516
7.68517
7.69073
7.69739
7.70513
7.72777
7.77887
7.72657
7.70387
7.69579
7.69256
7.69255
7.6958
7.70399
7.72682
7.77909
7.64719
7.58741
7.56684
7.55741
7.55344
7.55345
7.55741
7.56687
7.58746
7.64724
7.60409
7.56638
7.55224
7.54494
7.54115
7.54115
7.54491
7.55224
7.5664
7.60415
7.57638
7.55357
7.54211
7.53493
7.5307
7.53069
7.53491
7.54211
7.55359
7.57644
7.56084
7.54797
7.53666
7.52688
7.52085
7.52085
7.52691
7.53673
7.54803
7.5609
7.56006
7.54608
7.535
7.5226
7.51405
7.51405
7.52262
7.53508
7.54617
7.5602
7.56353
7.54661
7.53562
7.5238
7.51521
7.51519
7.52377
7.53563
7.54674
7.56374
7.57556
7.55385
7.54127
7.53191
7.52447
7.52443
7.53178
7.54117
7.55401
7.57596
7.58882
7.56165
7.5487
7.54298
7.53515
7.53509
7.54273
7.54844
7.56168
7.58919
7.6008
7.56824
7.55553
7.54872
7.54337
7.54334
7.54859
7.55544
7.56836
7.60106
7.66838
7.59717
7.56824
7.55927
7.55743
7.55752
7.55943
7.56847
7.59756
7.66913
7.56547
7.47889
7.44606
7.4337
7.4306
7.43062
7.43371
7.44608
7.47897
7.56556
7.52839
7.45735
7.42858
7.41919
7.41603
7.41604
7.41918
7.42859
7.45745
7.52841
7.47492
7.43417
7.41649
7.40776
7.4035
7.4035
7.40775
7.4165
7.43422
7.47492
7.44346
7.4208
7.40902
7.39832
7.39184
7.39185
7.39839
7.40913
7.42087
7.44351
7.43393
7.41545
7.40758
7.39381
7.38385
7.38385
7.39388
7.40773
7.4156
7.43408
7.43362
7.41532
7.40921
7.39635
7.38616
7.3861
7.39634
7.40925
7.41563
7.43417
7.45289
7.42404
7.41493
7.40655
7.39755
7.39748
7.40646
7.41511
7.42467
7.4541
7.46961
7.43554
7.42511
7.41748
7.40724
7.40727
7.41742
7.42527
7.43604
7.47045
7.47919
7.44211
7.42937
7.41995
7.4132
7.41321
7.41994
7.42948
7.44246
7.47977
7.57748
7.49532
7.45592
7.44416
7.43631
7.43641
7.44444
7.45636
7.49615
7.57855
7.47135
7.36976
7.32857
7.31259
7.30938
7.30939
7.31259
7.32856
7.36979
7.47132
7.4179
7.34688
7.30749
7.29535
7.29293
7.29294
7.29537
7.30751
7.34688
7.4177
7.36501
7.32088
7.29671
7.286
7.28127
7.28129
7.28604
7.29673
7.32078
7.36486
7.33641
7.30613
7.28834
7.27652
7.26947
7.26948
7.27654
7.28834
7.30604
7.33642
7.31858
7.29596
7.28311
7.27026
7.26013
7.26015
7.2702
7.28292
7.29595
7.31888
7.31401
7.29247
7.28463
7.27344
7.26216
7.26214
7.2733
7.28464
7.29291
7.31476
7.33114
7.30516
7.30029
7.29188
7.27748
7.27749
7.29174
7.30041
7.30627
7.33227
7.34831
7.32232
7.33174
7.32057
7.29631
7.29649
7.32055
7.33139
7.32327
7.34929
7.38212
7.34347
7.34625
7.32943
7.314
7.31419
7.32952
7.34617
7.34399
7.38292
7.49827
7.41053
7.37105
7.34971
7.34688
7.34697
7.34987
7.37153
7.41142
7.49931
7.36396
7.25751
7.20818
7.18813
7.18227
7.18225
7.18813
7.20821
7.2575
7.36385
7.27789
7.2151
7.17929
7.16568
7.16333
7.16334
7.16573
7.17933
7.21504
7.27771
7.23129
7.19339
7.16868
7.15957
7.15634
7.15643
7.15977
7.16875
7.19323
7.23111
7.21704
7.19108
7.17121
7.15646
7.14807
7.14818
7.15672
7.17143
7.19105
7.21716
7.21168
7.18938
7.17305
7.15274
7.14015
7.14021
7.15289
7.17321
7.18956
7.21211
7.21206
7.18607
7.17407
7.15525
7.14195
7.142
7.15538
7.17433
7.18663
7.21294
7.26461
7.21377
7.18743
7.16922
7.15272
7.15277
7.16935
7.18781
7.21482
7.26667
7.30588
7.24632
7.21652
7.19866
7.17302
7.17317
7.19887
7.21659
7.24692
7.30724
7.32807
7.25001
7.23153
7.22228
7.20358
7.20391
7.22292
7.23164
7.25037
7.32862
7.45406
7.27836
7.1984
7.21107
7.22561
7.22607
7.21183
7.19842
7.27856
7.45387
7.31029
7.18074
7.09929
7.06003
7.0476
7.04758
7.06005
7.09946
7.18085
7.31029
7.2536
7.10246
7.04947
7.02961
7.0258
7.02578
7.02966
7.04952
7.10251
7.25374
7.12289
7.0466
7.02563
7.02008
7.02071
7.0207
7.02025
7.02577
7.04675
7.12298
7.08655
7.04105
7.04064
7.02856
7.01756
7.01764
7.0288
7.0409
7.04151
7.08684
7.10172
7.06515
7.07709
7.03558
7.0084
7.00851
7.03563
7.07742
7.06609
7.10231
7.15197
7.10217
7.08446
7.03796
7.00902
7.00914
7.03819
7.08552
7.10399
7.1551
7.32908
7.17451
7.08942
7.04923
7.01415
7.01412
7.04876
7.08985
7.17604
7.33238
7.31479
7.16158
7.07722
7.04038
7.0115
7.01168
7.04019
7.07715
7.16195
7.31451
7.1982
7.05391
7.00841
6.99732
6.96753
6.96812
6.99879
7.00834
7.05388
7.19808
7.22322
6.94118
6.8433
6.87133
6.83981
6.84078
6.87393
6.84349
6.94106
7.22199
7.24434
7.11957
6.99698
6.93068
6.9068
6.90683
6.93081
6.99738
7.12044
7.2452
7.34786
7.07537
6.94194
6.90293
6.89209
6.89206
6.90295
6.942
7.07536
7.34853
7.12818
6.99141
6.91748
6.89531
6.88909
6.88897
6.89519
6.91736
6.9913
7.12893
7.03296
6.93783
6.93215
6.91058
6.89121
6.89106
6.90995
6.93163
6.9385
7.03455
7.04059
6.94475
6.96748
6.91995
6.88277
6.88281
6.91933
6.96724
6.94657
7.0438
7.14784
7.01791
6.96778
6.90773
6.87675
6.8769
6.90755
6.96831
7.02033
7.15275
7.27378
7.0557
6.9654
6.91064
6.87681
6.87694
6.90926
6.96448
7.05622
7.27249
7.09481
6.93074
6.90838
6.87849
6.84759
6.84805
6.87848
6.90783
6.93011
7.09294
6.95029
6.82428
6.83478
6.82858
6.75673
6.75719
6.8308
6.83447
6.82323
6.95081
7.13349
6.93131
6.93558
6.86933
6.69364
6.69476
6.87362
6.93604
6.92957
7.1337
7.08518
6.98044
6.88456
6.80194
6.76472
6.76489
6.80232
6.88534
6.98164
7.08584
7.27082
7.06626
6.87118
6.79656
6.77053
6.77054
6.79656
6.8711
7.06558
7.27254
7.27986
7.15364
6.92619
6.84132
6.80963
6.80956
6.84102
6.92535
7.15101
7.28129
7.25254
7.16791
6.98965
6.88678
6.84282
6.8426
6.88565
6.98765
7.16544
7.25662
7.22847
7.09252
6.98593
6.89118
6.84554
6.8455
6.8903
6.98471
7.0935
7.23543
7.194
6.97441
6.88372
6.84171
6.83384
6.83423
6.84201
6.88374
6.977
7.19742
7.04256
6.86311
6.84819
6.82541
6.84429
6.84484
6.82497
6.8465
6.86374
7.0399
6.89299
6.77329
6.87899
6.91885
6.92888
6.92918
6.91907
6.87809
6.77369
6.89589
7.263
7.1745
7.25739
7.38913
7.33152
7.3314
7.38942
7.25797
7.17538
7.27165
8.80166
8.87705
8.94628
8.8519
8.56798
8.56883
8.85275
8.95255
8.88524
8.81795
7.57538
7.16986
7.05943
6.9835
6.91868
6.91893
6.98405
7.06022
7.16978
7.57005
7.34189
7.13835
6.91464
6.7844
6.7306
6.73062
6.78428
6.91381
7.13608
7.33972
7.47377
7.43836
7.05394
6.87301
6.81036
6.81034
6.87254
7.05165
7.43348
7.47337
7.70686
7.68041
7.26161
7.00268
6.92522
6.92509
7.00155
7.25699
7.67195
7.71043
7.83524
7.63229
7.26735
7.0479
6.97101
6.97098
7.04718
7.2639
7.62611
7.84456
7.63441
7.26082
7.01783
6.98232
6.98088
6.98137
6.98347
7.01881
7.26293
7.63932
7.29893
7.01033
6.94835
6.99432
7.07184
7.07207
6.9947
6.94766
7.01363
7.30338
7.81594
7.37833
7.33844
7.46718
7.57017
7.56915
7.46563
7.33872
7.38618
7.83317
9.79297
9.04798
8.80816
9.09104
9.21995
9.21745
9.08606
8.81763
9.06842
9.82609
13.786
13.447
12.9349
13.0029
13.0815
13.0761
12.9923
12.9708
13.4988
13.8388
10.0104
9.06084
8.75839
8.66116
8.59111
8.59152
8.66179
8.75917
9.06027
9.99968
8.78665
8.1827
7.68566
7.48369
7.3982
7.39837
7.48365
7.68431
8.179
8.77644
8.20754
8.10443
7.51389
7.23168
7.12401
7.12408
7.23158
7.51133
8.09953
8.20328
8.30608
8.17227
7.65742
7.32159
7.21302
7.21313
7.32125
7.65259
8.1639
8.30596
8.7845
8.18835
7.72127
7.42928
7.37465
7.37541
7.42942
7.71707
8.18006
8.79478
8.70095
7.98459
7.55028
7.46024
7.5138
7.51497
7.46242
7.5513
7.98543
8.71404
8.66208
7.98161
7.60683
7.63778
7.74066
7.74054
7.63911
7.61079
7.99265
8.67842
11.1887
9.46586
8.61033
8.61782
8.76788
8.76591
8.61634
8.6218
9.49394
11.2299
16.1545
12.9994
11.4503
11.4758
11.8375
11.8335
11.4716
11.4815
13.057
16.2209
21.645
19.716
17.6053
17.5162
18.4752
18.4653
17.5071
17.6822
19.8025
21.6943
14.5555
13.8241
13.4747
13.2144
13.1481
13.1496
13.2165
13.4771
13.8275
14.5481
12.0029
11.2657
10.5955
10.2982
10.1951
10.1963
10.2995
10.596
11.2658
11.9948
10.1141
9.84064
9.27956
8.93562
8.73752
8.73886
8.93704
9.27977
9.83989
10.1105
9.38191
8.97858
8.6724
8.51193
8.24007
8.24167
8.51618
8.67191
8.97546
9.38023
9.65645
8.66123
8.44075
8.37449
8.43177
8.43685
8.38131
8.43988
8.65745
9.66482
9.58352
8.59508
8.44948
8.49536
8.85816
8.86347
8.50154
8.45088
8.59431
9.60031
10.7952
9.54404
9.04683
9.071
9.20066
9.2015
9.07605
9.05465
9.55854
10.8212
16.9819
12.8773
11.0649
10.7167
10.7284
10.7287
10.7232
11.0905
12.9247
17.0461
26.2778
19.2222
15.3368
14.4668
14.6488
14.6479
14.476
15.3961
19.3145
26.3659
31.5059
27.2894
22.629
21.5019
22.6807
22.676
21.5137
22.7192
27.3655
31.5021
20.0567
20.4122
20.7108
20.3621
20.1736
20.1775
20.3684
20.7148
20.416
20.0521
16.4036
16.2512
16.1821
15.8953
15.722
15.7255
15.9005
16.1846
16.2528
16.3995
13.1663
13.0111
13.1654
12.9359
12.6843
12.6879
12.9404
13.1696
13.0141
13.165
11.2161
10.7877
11.0394
11.3551
10.8079
10.8132
11.3655
11.0452
10.7892
11.2158
10.736
10.0511
9.98351
10.63
10.3893
10.4002
10.6497
9.98959
10.0534
10.7444
10.6009
9.77966
10.0113
10.6352
11.0668
11.0762
10.6493
10.0164
9.78434
10.6182
13.3381
11.2658
11.4094
11.6245
11.7037
11.7064
11.634
11.4176
11.2762
13.365
23.0938
16.4821
14.726
14.012
13.7045
13.7093
14.03
14.7611
16.5277
23.1632
35.815
25.8265
20.4886
18.4183
17.8918
17.8982
18.4485
20.5639
25.9229
35.9048
42.2998
35.2688
28.1259
25.3549
25.5139
25.5174
25.3875
28.2134
35.3278
42.2788
25.2942
26.5268
27.644
27.7379
27.2983
27.3031
27.7463
27.6457
26.5238
25.2864
21.3206
21.6769
22.7876
22.9083
22.4564
22.4608
22.9148
22.7884
21.6753
21.3134
17.1789
17.092
18.4335
18.6302
18.1157
18.1213
18.6369
18.4393
17.0955
17.1764
14.1299
13.7963
14.7542
15.4966
14.5422
14.5507
15.5101
14.7642
13.7997
14.129
12.895
12.9222
12.7113
14.0297
13.1294
13.1422
14.0547
12.7223
12.9264
12.9011
12.8669
12.8698
12.7268
14.056
14.0048
14.0139
14.0724
12.7334
12.8819
12.8841
16.5921
13.8521
15.0928
15.4815
15.2434
15.2477
15.4942
15.0985
13.8603
16.6216
27.4749
20.0429
19.9636
18.6318
17.7417
17.7508
18.6602
20.0025
20.0689
27.5381
40.8986
31.3174
26.5944
23.3904
21.9303
21.9437
23.4365
26.6724
31.3944
40.9806
50.3382
42.03
34.0919
29.8054
28.5604
28.5707
29.8519
34.1781
42.0882
50.3447
30.1693
31.0702
32.1723
32.6392
32.0501
32.0532
32.6434
32.1692
31.0618
30.1587
26.0619
26.4545
28.0527
28.7706
27.9227
27.9257
28.7738
28.0505
26.45
26.0505
21.9336
21.3504
23.2357
23.9465
22.9501
22.9552
23.9515
23.2395
21.3516
21.9271
18.5469
17.7741
18.7987
19.6903
18.3153
18.3231
19.7022
18.8075
17.7763
18.5426
17.1582
16.9508
16.4329
18.0522
16.7252
16.7347
18.0715
16.4427
16.954
17.1575
17.1789
17.4252
16.8404
18.5663
17.9519
17.9572
18.5762
16.8434
17.4366
17.1915
20.7886
17.8896
20.2859
20.6671
19.9147
19.9197
20.6791
20.2869
17.8945
20.8195
31.1869
24.6458
26.573
24.6945
23.0359
23.0472
24.7242
26.6036
24.6494
31.23
43.1425
36.8471
33.6595
29.5763
27.0622
27.0784
29.6242
33.7239
36.8982
43.2094
53.8887
47.8063
40.6852
35.2833
32.742
32.7559
35.3335
40.7644
47.8637
53.9267
34.1816
33.7577
34.0479
34.2222
33.6633
33.6639
34.2219
34.0433
33.7499
34.1732
30.181
30.1109
31.1321
32.0083
30.9804
30.9811
32.0076
31.1286
30.1059
30.1712
26.7732
25.7531
26.7797
27.5976
26.3796
26.3822
27.5988
26.7798
25.7513
26.7659
24.2813
22.5458
22.7343
23.6512
22.2392
22.2444
23.6591
22.7387
22.5464
24.2737
23.5556
21.5756
21.1739
23.0375
21.514
21.5187
23.0478
21.179
21.5787
23.5491
23.1561
22.2847
22.1784
23.946
23.0266
23.0289
23.948
22.1772
22.292
23.1627
25.6093
22.9092
26.3625
26.8859
25.8114
25.8165
26.894
26.3612
22.912
25.6354
36.3851
30.3998
33.5514
31.7637
29.7758
29.7872
31.7848
33.5663
30.3919
36.4096
46.5338
43.3804
41.1651
36.609
33.1087
33.1227
36.6437
41.2047
43.4041
46.5826
54.6837
52.3993
46.759
40.4923
36.7156
36.7283
40.5331
46.8183
52.4382
54.7301
35.4688
34.2029
33.3878
32.8551
32.3323
32.332
32.8536
33.3848
34.1985
35.4653
33.1571
32.475
32.386
32.6679
31.6869
31.6864
32.6657
32.3823
32.4713
33.153
30.8775
29.9966
29.6543
29.9264
28.868
28.8688
29.9245
29.6511
29.9943
30.8729
30.639
27.5671
26.7738
28.0118
27.0137
27.0172
28.0166
26.775
27.5683
30.6301
30.4688
26.3321
26.6268
28.8321
26.9579
26.9594
28.8354
26.6287
26.3362
30.4604
28.9138
26.5649
27.452
29.1179
28.1947
28.1959
29.1171
27.4522
26.5699
28.9135
29.366
27.3595
31.324
32.4907
31.8215
31.8265
32.4956
31.3271
27.3631
29.3813
40.8658
35.8223
38.7547
37.9074
36.7126
36.7217
37.917
38.761
35.8182
40.8798
50.9131
49.1049
46.8503
42.3408
38.5072
38.5146
42.3549
46.8642
49.1147
50.9465
53.4124
53.5118
49.0364
42.5688
38.0986
38.1069
42.5913
49.0669
53.524
53.4416
32.8825
31.5734
30.1637
29.2391
28.7885
28.7884
29.2384
30.1622
31.5714
32.8813
33.6766
32.4984
31.5825
31.2337
30.4549
30.4545
31.2318
31.58
32.4963
33.6756
33.1254
32.1736
31.2404
30.9737
30.0987
30.0985
30.9709
31.2364
32.1724
33.1231
35.0808
31.3571
29.897
31.5153
31.1429
31.1452
31.518
29.8971
31.359
35.0725
35.1659
29.957
30.5664
33.0544
30.956
30.9561
33.0547
30.5677
29.9614
35.1593
32.325
29.2012
30.3515
31.7443
30.8542
30.8547
31.7438
30.355
29.2058
32.3214
30.7861
29.4171
32.7999
34.4987
34.5036
34.5063
34.5013
32.8084
29.4223
30.7909
41.2632
37.2291
39.5692
39.7115
39.6795
39.6823
39.7121
39.5755
37.2365
41.271
51.5156
49.3772
46.9991
42.7518
39.6895
39.6893
42.7492
46.9968
49.3854
51.5404
48.8269
49.2651
44.9881
39.139
34.9928
34.9958
39.144
44.9903
49.2551
48.8323
27.0624
26.1086
24.9216
24.1684
23.8636
23.8636
24.1681
24.9211
26.1076
27.0613
30.5784
29.3476
28.2128
27.6635
27.2045
27.2042
27.6626
28.2118
29.3464
30.5774
31.6897
30.5761
29.8514
29.5038
28.7638
28.7632
29.5016
29.849
30.5758
31.6886
34.3789
31.5444
29.8353
30.9608
31.042
31.0429
30.961
29.8341
31.5443
34.3732
35.0605
30.3991
30.1958
32.5003
30.9791
30.9785
32.4991
30.1959
30.4009
35.0559
31.7549
28.754
29.1948
30.0202
29.0155
29.015
30.0199
29.1985
28.7563
31.7496
29.2535
28.0286
29.9353
31.0007
30.972
30.9716
31.0007
29.9432
28.0332
29.2523
35.8852
32.7782
34.6382
34.7227
34.7734
34.7705
34.7178
34.6436
32.7913
35.8924
44.4166
41.7494
39.7864
36.3613
34.4046
34.4005
36.3505
39.7772
41.7589
44.4355
40.9082
40.7384
36.4362
31.7752
28.4599
28.4597
31.7702
36.4213
40.7151
40.8973
20.5855
19.9986
19.3164
18.8881
18.7059
18.7059
18.8879
19.3161
19.9979
20.5845
24.9398
23.9292
22.9654
22.4967
22.3051
22.3049
22.4964
22.965
23.9281
24.9382
26.9943
25.8817
25.2993
25.1011
24.7455
24.745
25.0998
25.2984
25.8813
26.9934
28.7851
27.225
25.8968
25.8936
25.8305
25.8301
25.8921
25.8948
27.2228
28.7826
29.5706
26.7451
25.512
26.5994
26.1415
26.1404
26.597
25.5107
26.7434
29.5683
26.9808
24.9336
24.3813
24.6418
23.9473
23.9468
24.6414
24.3826
24.9326
26.9761
24.6678
23.6656
24.0521
24.034
23.7033
23.7024
24.0331
24.0555
23.6666
24.664
27.2124
25.26
26.0028
25.4975
25.1207
25.1179
25.4925
26.0046
25.2674
27.2157
32.2981
29.9163
28.4826
26.3224
25.1703
25.1672
26.3137
28.4739
29.923
32.311
30.4675
29.6468
26.3752
23.3577
21.3365
21.3357
23.3521
26.3588
29.6238
30.4546
15.6786
15.2076
14.7768
14.4986
14.3538
14.3538
14.4985
14.7765
15.2072
15.678
19.4577
18.542
17.786
17.4108
17.2951
17.295
17.4106
17.7858
18.5412
19.4565
21.7158
20.5696
19.9206
19.7836
19.8105
19.8102
19.783
19.92
20.569
21.715
22.3868
21.3169
20.4223
19.9858
19.7964
19.796
19.9846
20.4205
21.315
22.3859
22.2497
20.9459
19.757
19.6014
19.4513
19.4503
19.5995
19.7554
20.9438
22.2492
20.4693
19.4999
18.6543
18.4833
18.2447
18.2443
18.4826
18.6539
19.4981
20.4671
18.7832
18.2039
17.8426
17.5196
17.2762
17.2759
17.5194
17.8429
18.2027
18.7802
19.0629
18.1069
17.9719
17.3994
17.0503
17.0493
17.3974
17.9714
18.1086
19.0623
20.9053
19.4686
18.5654
17.4374
16.8369
16.8356
17.4336
18.5608
19.4705
20.9099
20.2446
19.4179
17.6481
16.1158
15.2273
15.2268
16.1127
17.6393
19.4052
20.2359
12.8762
12.3155
11.8657
11.5464
11.3488
11.3488
11.5462
11.8656
12.3152
12.8759
16.0178
14.9901
14.2115
13.7626
13.5509
13.5509
13.7626
14.2114
14.9897
16.0172
18.0595
16.7726
15.987
15.7255
15.7396
15.7395
15.7252
15.9866
16.7721
18.0589
18.0999
17.0174
16.229
15.7612
15.5394
15.5394
15.7606
16.228
17.0165
18.0992
16.9991
16.253
15.4489
14.9619
14.7421
14.7418
14.9611
15.4478
16.2519
16.9987
15.3579
14.9277
14.334
14.0024
13.8512
13.851
14.0019
14.3334
14.9266
15.3571
13.9523
13.7058
13.3431
13.1011
12.9781
12.978
13.101
13.3428
13.7048
13.9511
13.3665
13.0223
12.7543
12.4732
12.3082
12.308
12.4727
12.7538
13.0221
13.3654
13.5318
12.9729
12.5178
12.0437
11.795
11.7946
12.0426
12.5165
12.9728
13.5322
13.2021
12.7632
12.0301
11.3831
11.0579
11.0576
11.3818
12.027
12.7589
13.1984
11.688
10.9771
10.4048
9.95197
9.64551
9.64551
9.95196
10.4048
10.977
11.688
14.6191
13.3855
12.436
11.8086
11.4271
11.4271
11.8087
12.436
13.3854
14.6188
16.4543
15.0277
14.0389
13.5038
13.2306
13.2306
13.5038
14.0388
15.0275
16.4539
16.0491
14.9099
13.9958
13.3854
13.0387
13.0388
13.3853
13.9954
14.9095
16.0483
14.2365
13.6376
12.9935
12.4667
12.1651
12.165
12.4665
12.993
13.6371
14.236
12.391
12.1764
11.8042
11.4738
11.2889
11.2888
11.4736
11.8039
12.1759
12.3906
11.0158
10.9505
10.754
10.5778
10.4755
10.4754
10.5777
10.7538
10.9501
11.0154
10.1853
10.1118
9.97732
9.85992
9.78183
9.78176
9.85982
9.97718
10.1115
10.1849
9.80563
9.65397
9.48319
9.32789
9.236
9.23591
9.32769
9.48295
9.6538
9.8054
9.53483
9.36036
9.10382
8.87845
8.76751
8.76742
8.8781
9.10305
9.35923
9.53369
11.3961
10.5722
9.88513
9.30432
8.89035
8.89038
9.30437
9.88517
10.5723
11.3962
14.4138
12.9879
11.855
11.0514
10.5126
10.5127
11.0515
11.8551
12.988
14.4137
16.1568
14.6672
13.4682
12.6262
12.0657
12.0657
12.6263
13.4683
14.6671
16.1565
15.3139
14.2064
13.1369
12.3146
11.8019
11.802
12.3146
13.1369
14.2063
15.3133
12.9709
12.481
11.8565
11.2702
10.8942
10.8942
11.2701
11.8563
12.4809
12.9705
10.9259
10.8325
10.5436
10.2065
9.98353
9.98352
10.2064
10.5434
10.8323
10.9256
9.53697
9.56047
9.4469
9.28317
9.16715
9.16714
9.28315
9.44685
9.56037
9.53686
8.66663
8.68727
8.6342
8.55582
8.49336
8.49333
8.55579
8.63418
8.68718
8.66653
8.16447
8.14322
8.09002
8.0315
7.98731
7.98728
8.03146
8.09002
8.14318
8.16439
7.89468
7.82843
7.74276
7.66771
7.62481
7.62478
7.66764
7.74262
7.8282
7.89444
11.4618
10.5684
9.80468
9.13997
8.65433
8.65436
9.14004
9.80475
10.5684
11.4618
14.6327
13.0843
11.8156
10.8898
10.2521
10.2522
10.8899
11.8158
13.0844
14.6326
16.3383
14.8568
13.4982
12.4227
11.6879
11.688
12.4228
13.4983
14.8568
16.3381
15.1156
14.0918
12.9305
11.9458
11.3099
11.3099
11.9458
12.9305
14.0918
15.1152
12.4284
12.0482
11.4205
10.7696
10.3345
10.3345
10.7696
11.4205
12.0482
12.4283
10.2688
10.2546
9.98752
9.62671
9.37505
9.37505
9.62672
9.9875
10.2546
10.2687
8.8702
8.93532
8.84187
8.66713
8.53549
8.53549
8.66713
8.84188
8.93532
8.87018
8.00578
8.05375
8.01928
7.93728
7.86957
7.86957
7.93728
8.01929
8.05375
8.0058
7.4899
7.50083
7.47562
7.43079
7.39364
7.39363
7.43078
7.47563
7.50084
7.48992
7.22068
7.18602
7.14532
7.10677
7.08058
7.08058
7.10677
7.14532
7.18601
7.22068
11.6712
10.7208
9.89528
9.17606
8.64813
8.64816
9.17613
9.89534
10.7209
11.6713
14.9477
13.3284
11.961
10.9542
10.2641
10.2642
10.9543
11.9611
13.3285
14.9477
16.5877
15.1389
13.6788
12.475
11.6655
11.6656
12.475
13.6789
15.1389
16.5876
15.0433
14.1031
12.9173
11.8544
11.1582
11.1582
11.8544
12.9173
14.103
15.043
12.1433
11.858
11.2491
10.5685
10.1035
10.1035
10.5685
11.2491
11.858
12.1433
9.95316
9.99259
9.73822
9.36393
9.09835
9.09836
9.36395
9.73825
9.99261
9.95313
8.56208
8.64797
8.55711
8.3735
8.23405
8.23405
8.37352
8.55714
8.648
8.5621
7.71022
7.76411
7.72886
7.63969
7.56707
7.56707
7.63971
7.72889
7.76415
7.71026
7.2039
7.21848
7.19372
7.14553
7.1068
7.1068
7.14554
7.19374
7.21851
7.20394
6.94171
6.91157
6.87683
6.84225
6.81822
6.81823
6.84226
6.87686
6.91161
6.94175
11.8869
10.9078
10.0493
9.30326
8.75344
8.75347
9.30331
10.0493
10.9078
11.8869
15.1835
13.5286
12.1287
11.0956
10.3906
10.3906
11.0957
12.1287
13.5286
15.1834
16.6872
15.2556
13.7504
12.4886
11.6557
11.6557
12.4886
13.7504
15.2556
16.6871
14.858
13.9884
12.804
11.7161
11.0134
11.0134
11.7161
12.804
13.9884
14.8578
11.9067
11.6828
11.0922
10.4113
9.9454
9.94542
10.4113
11.0922
11.6828
11.9067
9.76769
9.82459
9.57373
9.19973
8.9351
8.93512
9.19976
9.57377
9.82463
9.76771
8.4107
8.49757
8.40382
8.2183
8.07869
8.0787
8.21832
8.40386
8.49761
8.41074
7.58868
7.63688
7.59652
7.50407
7.43032
7.43032
7.50409
7.59655
7.63693
7.58873
7.10762
7.11525
7.0855
7.03396
6.99405
6.99406
7.03398
7.08553
7.11528
7.10766
6.86658
6.82868
6.79086
6.75452
6.73006
6.73007
6.75454
6.79089
6.82872
6.86662
12.2965
11.1441
10.1437
9.34322
8.77673
8.77674
9.34326
10.1437
11.1441
12.2965
15.714
14.0327
12.4403
11.2878
10.5475
10.5475
11.2878
12.4403
14.0327
15.714
16.9481
15.5349
13.8914
12.5692
11.7323
11.7323
12.5692
13.8914
15.5348
16.9481
14.5284
13.7298
12.5933
11.5338
10.8485
10.8485
11.5338
12.5933
13.7299
14.5283
11.4911
11.3542
10.827
10.1806
9.73018
9.73019
10.1806
10.827
11.3542
11.4911
9.45759
9.53432
9.30409
8.94336
8.69149
8.6915
8.94339
9.30413
9.53436
9.45763
8.14475
8.22784
8.13947
7.96198
7.83058
7.83058
7.96201
8.13951
8.22789
8.1448
7.36555
7.40504
7.36117
7.27073
7.20019
7.2002
7.27076
7.36121
7.40508
7.3656
6.91556
6.91706
6.88157
6.82906
6.79007
6.79008
6.82908
6.8816
6.91711
6.9156
6.68753
6.65358
6.61047
6.57301
6.5487
6.5487
6.57303
6.6105
6.65362
6.68757
14.8355
13.502
12.2621
11.2471
10.5538
10.5538
11.2472
12.2621
13.502
14.8355
16.0783
14.6782
13.2026
11.9813
11.1802
11.1802
11.9813
13.2026
14.6782
16.0782
14.8302
13.8314
12.5831
11.4713
10.7637
10.7638
11.4713
12.5831
13.8314
14.8302
12.2999
11.8768
11.1224
10.3483
9.84235
9.84237
10.3483
11.1224
11.8768
12.2999
10.0521
10.0205
9.68746
9.24982
8.94244
8.94245
9.24985
9.6875
10.0206
10.0522
8.6939
8.73323
8.58694
8.3535
8.18831
8.18832
8.35353
8.58698
8.73328
8.69395
7.89472
7.90735
7.83797
7.72177
7.63687
7.63688
7.72179
7.83801
7.9074
7.89477
7.47164
7.44281
7.39541
7.33316
7.28709
7.2871
7.33319
7.39545
7.44285
7.47168
7.29508
7.21569
7.17057
7.13027
7.10311
7.10312
7.13029
7.1706
7.21574
7.29513
7.31991
7.15227
7.10225
7.06597
7.045
7.04501
7.06599
7.10228
7.15231
7.31996
160.739
145.465
135.024
128.547
125.467
125.467
128.549
135.024
145.465
160.738
18.9084
17.0232
16.0141
15.5414
15.2548
15.256
15.542
16.0135
17.0158
18.9093
10.566
10.3277
10.2552
10.214
10.1932
10.1927
10.2134
10.2555
10.3297
10.566
10.0398
10.0184
10.019
10.0184
10.0189
10.0188
10.0183
10.019
10.019
10.0398
10.0185
10.0203
10.0227
10.0237
10.0242
10.0242
10.0237
10.0227
10.0204
10.0185
10.0245
10.0259
10.0265
10.0268
10.0269
10.0269
10.0268
10.0265
10.0259
10.0245
10.0267
10.0271
10.0272
10.0272
10.0272
10.0272
10.0272
10.0272
10.0271
10.0267
10.0272
10.0272
10.0272
10.0272
10.0272
10.0272
10.0272
10.0272
10.0272
10.0272
10.0272
10.0272
10.0272
10.0272
10.0272
10.0272
10.0272
10.0272
10.0272
10.0272
10.0273
10.0272
10.0272
10.0272
10.0272
10.0272
10.0272
10.0272
10.0272
10.0272
201.726
179.904
165.236
156.116
151.839
151.839
156.117
165.235
179.904
201.721
42.2726
35.8848
31.9285
29.78
28.7717
28.7728
29.7841
31.9285
35.8721
42.2613
13.9796
12.807
12.1764
11.813
11.6413
11.641
11.8122
12.1767
12.8079
13.9807
10.3905
10.1453
10.0347
9.9722
9.94651
9.94634
9.97183
10.0347
10.1463
10.3914
9.85908
9.8122
9.79588
9.78783
9.78505
9.78502
9.78775
9.79589
9.81245
9.85936
9.78249
9.77607
9.77478
9.77429
9.7742
9.7742
9.77427
9.77478
9.77611
9.78255
9.77444
9.77421
9.77432
9.77438
9.77441
9.77441
9.77437
9.77432
9.77422
9.77445
9.77441
9.77452
9.77458
9.77459
9.7746
9.7746
9.7746
9.77458
9.77452
9.77439
9.77464
9.7746
9.7746
9.7746
9.77459
9.77459
9.7746
9.7746
9.77461
9.77462
9.77467
9.7746
9.77456
9.77451
9.77447
9.77447
9.77451
9.77456
9.7746
9.77467
232.464
207.057
189.805
178.575
173.461
173.461
178.575
189.802
207.058
232.458
65.0507
54.8498
48.7797
44.9261
43.2618
43.2597
44.9282
48.7791
54.8722
65.0255
18.5607
16.4205
15.1738
14.4516
14.1042
14.1041
14.4515
15.1742
16.4251
18.5572
11.257
10.7163
10.4036
10.2472
10.1702
10.1702
10.2469
10.4037
10.7153
11.2583
9.88975
9.73962
9.66574
9.63282
9.61761
9.61763
9.63275
9.66568
9.73915
9.89028
9.60178
9.56473
9.55069
9.54521
9.54287
9.54288
9.5452
9.55067
9.56455
9.60186
9.54523
9.53776
9.53585
9.53519
9.53496
9.53496
9.53519
9.53584
9.53769
9.54522
9.53587
9.53462
9.53451
9.53445
9.53446
9.53445
9.53446
9.5345
9.5346
9.53586
9.53466
9.53442
9.53441
9.5344
9.53441
9.53441
9.5344
9.53441
9.53443
9.53467
9.53449
9.5344
9.53432
9.53424
9.53418
9.53418
9.53424
9.53432
9.53441
9.53449
251.205
225.388
207.217
195.063
189.635
189.634
195.06
207.214
225.389
251.2
84.4228
72.0102
64.5725
59.0921
56.5319
56.5256
59.0871
64.567
72.0503
84.4116
23.7807
20.2145
18.5083
17.4578
16.9597
16.9586
17.4568
18.5076
20.228
23.7857
12.4339
11.4708
10.9878
10.762
10.643
10.6433
10.7622
10.9878
11.4692
12.4355
10.0862
9.78333
9.64071
9.57813
9.54707
9.54717
9.57823
9.6407
9.78224
10.0862
9.49815
9.40336
9.36656
9.35149
9.34468
9.34471
9.35153
9.36659
9.40315
9.49823
9.34951
9.32304
9.31545
9.31267
9.31152
9.31153
9.31269
9.31545
9.32301
9.34959
9.31505
9.30867
9.30747
9.30707
9.30694
9.30694
9.30708
9.30748
9.30867
9.31506
9.30802
9.30658
9.30641
9.30633
9.30632
9.30631
9.30634
9.30641
9.3066
9.30803
9.30666
9.30626
9.30613
9.30599
9.30589
9.30589
9.306
9.30614
9.30627
9.30668
259.48
235.11
217.35
205.6
200.191
200.191
205.597
217.349
235.11
259.475
97.8435
85.5506
77.1489
70.5376
67.4558
67.451
70.5257
77.142
85.5672
97.8679
31.1666
26.0996
23.0033
20.8953
19.8801
19.8784
20.8909
23.0002
26.1043
31.1894
14.2991
12.758
11.933
11.4913
11.2676
11.2678
11.4916
11.9327
12.7563
14.3032
10.4972
9.9778
9.73591
9.61996
9.56387
9.56398
9.62017
9.73592
9.9768
10.4965
9.48773
9.30555
9.23203
9.19967
9.1854
9.18543
9.19975
9.23207
9.30545
9.48762
9.19719
9.13753
9.11751
9.10984
9.10678
9.10679
9.10986
9.11752
9.13748
9.19726
9.11688
9.09896
9.09445
9.09292
9.09239
9.0924
9.09293
9.09446
9.09891
9.11683
9.09606
9.09113
9.09033
9.09
9.08989
9.0899
9.09001
9.09033
9.09111
9.09604
9.09107
9.08968
9.08942
9.08919
9.08906
9.08907
9.0892
9.08942
9.08968
9.09108
260.949
238.659
222.034
211.104
205.909
205.909
211.102
222.034
238.657
260.943
106.105
94.535
85.3671
78.756
75.6833
75.6837
78.7461
85.3624
94.5218
106.117
38.2766
32.3426
28.1791
25.4207
24.0778
24.0779
25.4171
28.1761
32.3319
38.2892
16.4804
14.4379
13.2367
12.5446
12.2046
12.2047
12.5446
13.2363
14.4344
16.4824
11.0887
10.3316
9.95714
9.7628
9.6713
9.67136
9.76296
9.95716
10.3311
11.0879
9.57414
9.27997
9.15327
9.09317
9.067
9.06702
9.09322
9.15328
9.27996
9.57378
9.09534
8.98631
8.94619
8.92922
8.92241
8.92242
8.92924
8.94621
8.98626
9.09524
8.94567
8.90778
8.89686
8.89261
8.89105
8.89106
8.89262
8.89689
8.90777
8.94558
8.90138
8.88875
8.88619
8.88516
8.88478
8.88479
8.88516
8.88619
8.88875
8.90133
8.8889
8.88457
8.88385
8.88339
8.88316
8.88317
8.88339
8.88385
8.88456
8.88887
259.181
238.782
223.44
213.102
208.073
208.071
213.1
223.44
238.781
259.174
112.329
99.3779
89.6487
84.1553
81.3741
81.379
84.1545
89.6472
99.3601
112.338
44.3432
37.3139
32.5665
29.9011
28.5292
28.5323
29.9018
32.5651
37.3019
44.3491
18.6098
16.0733
14.6065
13.775
13.3646
13.3652
13.7755
14.6066
16.0693
18.6109
11.7667
10.7752
10.2694
9.99456
9.86725
9.86732
9.99468
10.2696
10.7753
11.7661
9.73634
9.31767
9.12796
9.03295
8.99158
8.99159
9.03296
9.12798
9.31785
9.73611
9.04384
8.87058
8.80337
8.77291
8.76046
8.76046
8.77293
8.8034
8.87059
9.04373
8.80421
8.73688
8.71584
8.70709
8.70376
8.70377
8.7071
8.71586
8.7369
8.80411
8.72536
8.70024
8.69422
8.69186
8.69107
8.69107
8.69186
8.69423
8.70026
8.72531
8.70051
8.69083
8.68906
8.68822
8.6879
8.6879
8.68822
8.68906
8.69083
8.7005
256.631
237.471
222.672
212.854
208.082
208.079
212.851
222.671
237.472
256.623
116.434
100.807
91.8035
87.1988
84.4577
84.4682
87.2056
91.8113
100.799
116.446
49.0249
40.8055
36.0445
33.5401
32.1569
32.1626
33.5444
36.0475
40.802
49.03
20.4166
17.476
15.8553
14.9659
14.5273
14.5285
14.9673
15.8562
17.475
20.4168
12.4384
11.2425
10.6185
10.2804
10.1277
10.1279
10.2807
10.6188
11.2429
12.4382
9.94316
9.40358
9.14499
9.01453
8.95855
8.95858
9.01459
9.14508
9.40379
9.9431
9.03414
8.79082
8.68869
8.64162
8.62255
8.62256
8.64164
8.68872
8.79087
9.03409
8.69177
8.58809
8.55205
8.53679
8.53097
8.53097
8.5368
8.55204
8.5881
8.6917
8.56775
8.52592
8.51439
8.50976
8.50815
8.50815
8.50976
8.51437
8.52593
8.56772
8.52499
8.50804
8.50439
8.50282
8.50233
8.50233
8.50282
8.50438
8.50804
8.525
254.574
235.563
220.562
211.256
206.745
206.743
211.255
220.559
235.565
254.569
117.461
100.629
94.7386
89.1426
86.4345
86.4421
89.155
94.7569
100.624
117.479
52.2781
43.5274
39.3713
36.3682
34.9462
34.9511
36.3737
39.3793
43.5279
52.2847
21.7741
18.7353
17.0406
15.9871
15.5219
15.5232
15.9886
17.0428
18.7361
21.7736
13.0385
11.716
10.9801
10.5805
10.4058
10.4061
10.5809
10.9805
11.7165
13.0385
10.163
9.52697
9.19432
9.02786
8.95733
8.95742
9.02797
9.19447
9.52718
10.1631
9.05237
8.74427
8.60076
8.53438
8.50735
8.50737
8.53441
8.6008
8.74433
9.05239
8.60406
8.46199
8.40605
8.3819
8.37235
8.37235
8.38188
8.40603
8.46199
8.60404
8.4285
8.36617
8.34632
8.33824
8.33518
8.33517
8.3382
8.34629
8.36616
8.42849
8.36286
8.33574
8.329
8.32617
8.32513
8.32512
8.32615
8.32898
8.33574
8.36287
252.433
232.57
217.673
208.843
204.39
204.391
208.842
217.672
232.573
252.434
118.175
103.404
99.4332
92.9463
91.3109
91.3099
92.9579
99.4531
103.398
118.189
55.4216
46.91
43.0577
39.3918
38.2097
38.2112
39.3964
43.068
46.9119
55.4282
22.8867
19.926
18.2378
16.9659
16.5171
16.518
16.9672
18.2412
19.9284
22.8878
13.5137
12.1462
11.3531
10.8891
10.688
10.6883
10.8894
11.3538
12.1472
13.5142
10.3593
9.65969
9.26875
9.06503
8.9765
8.97662
9.06516
9.26896
9.66005
10.3595
9.08346
8.72014
8.53621
8.4483
8.41127
8.41132
8.44835
8.53628
8.72027
9.08359
8.53799
8.35591
8.27654
8.24168
8.2277
8.2277
8.24166
8.27655
8.35595
8.53805
8.30863
8.22119
8.18947
8.17689
8.17238
8.17235
8.17685
8.18946
8.2212
8.30865
8.2154
8.17398
8.16207
8.15769
8.15608
8.15607
8.15766
8.16207
8.17398
8.21541
248.98
228.391
214.662
205.919
201.347
201.349
205.921
214.663
228.395
248.987
122.956
112.663
106.505
100.511
99.5615
99.557
100.518
106.514
112.655
122.952
59.8466
52.2108
47.5805
43.9133
42.9369
42.9365
43.9172
47.5866
52.2118
59.847
25.4143
21.6213
19.5019
18.179
17.7154
17.716
18.1809
19.5043
21.6242
25.4146
14.2449
12.6157
11.723
11.2063
10.9774
10.9776
11.2067
11.7236
12.6168
14.2455
10.5768
9.78697
9.35728
9.121
9.01505
9.01515
9.12114
9.35748
9.78739
10.5771
9.12703
8.70468
8.49167
8.3831
8.33486
8.33491
8.38317
8.49175
8.70485
9.12724
8.48856
8.26378
8.16396
8.11718
8.0976
8.09761
8.11721
8.16398
8.26384
8.48868
8.20413
8.08958
8.04586
8.02701
8.01986
8.01985
8.02702
8.04586
8.0896
8.20418
8.08108
8.02361
8.00535
7.99799
7.99532
7.99531
7.99799
8.00534
8.02362
8.0811
244.549
224.354
211.878
202.842
198.63
198.629
202.844
211.878
224.358
244.56
134.071
125.172
114.813
111.082
108.128
108.132
111.082
114.815
125.158
134.039
66.6031
58.847
52.6777
50.2156
48.4185
48.4203
50.2185
52.6785
58.8426
66.5897
29.8896
24.8806
21.8496
20.9287
19.9647
19.9668
20.9313
21.8495
24.8789
29.8809
15.512
13.4336
12.34
11.8403
11.508
11.5085
11.8409
12.3401
13.4334
15.5099
10.8851
9.95316
9.48638
9.23227
9.10084
9.10097
9.23245
9.48645
9.95325
10.8849
9.19402
8.70163
8.47065
8.34651
8.28334
8.28341
8.34661
8.47069
8.70169
9.19399
8.45074
8.18395
8.07184
8.01288
7.98446
7.98449
8.01296
8.07186
8.18397
8.45075
8.11019
7.96979
7.91849
7.89135
7.87951
7.87952
7.89143
7.9185
7.9698
8.11019
7.95774
7.88452
7.86186
7.84926
7.84418
7.84418
7.84929
7.86187
7.88454
7.95774
241.82
222.502
209.666
198.843
194.66
194.654
198.844
209.662
222.504
241.829
145.814
134.189
122.479
121.069
115.664
115.677
121.066
122.485
134.175
145.77
74.2894
65.1293
58.3446
56.5676
53.1187
53.1221
56.5685
58.3457
65.1196
74.2629
35.1174
28.7553
25.3623
24.5503
22.7517
22.7536
24.552
25.3611
28.7485
35.0973
17.1238
14.4959
13.2724
12.7987
12.2873
12.2878
12.7991
13.2718
14.4939
17.1165
11.2888
10.1859
9.67759
9.41284
9.25228
9.25238
9.41298
9.67746
10.1856
11.287
9.29204
8.7235
8.47164
8.33336
8.25843
8.25847
8.33347
8.47165
8.72347
9.29145
8.42903
8.12102
7.99475
7.92466
7.88935
7.88937
7.92475
7.99477
8.12107
8.4288
8.03207
7.86435
7.80211
7.76811
7.75363
7.75365
7.76818
7.80214
7.86443
8.03204
7.8493
7.75673
7.72751
7.71144
7.70505
7.70506
7.71147
7.72753
7.7568
7.84936
243.527
223.112
206.918
191.257
180.731
180.717
191.25
206.907
223.109
243.533
147.778
135.247
126.402
129.651
131.24
131.261
129.65
126.423
135.252
147.749
78.1261
68.7943
62.9973
61.5258
58.7334
58.7363
61.5173
63.0024
68.7914
78.1054
38.5136
32.0584
28.792
27.351
25.024
25.023
27.3437
28.7917
32.0539
38.4954
18.4389
15.6093
14.2849
13.6991
13.0493
13.0491
13.6972
14.284
15.607
18.4308
11.7152
10.4837
9.90786
9.63104
9.45644
9.45646
9.63077
9.90751
10.4831
11.7127
9.41347
8.7769
8.48537
8.33824
8.26594
8.26596
8.33822
8.48526
8.77679
9.4126
8.42978
8.07904
7.92652
7.84856
7.81399
7.81401
7.8486
7.92649
8.07905
8.42939
7.97572
7.77707
7.69632
7.6563
7.64191
7.64194
7.65633
7.69632
7.77712
7.97562
7.76176
7.64559
7.60346
7.58435
7.57823
7.57825
7.58437
7.60348
7.64565
7.76182
247.796
224.847
204.27
182.279
161.142
161.121
182.265
204.25
224.842
247.798
136.637
127.675
125.897
139.927
166.451
166.501
139.946
125.944
127.698
136.63
75.2548
68.4597
64.9693
64.3753
71.5605
71.5739
64.3655
64.9845
68.4677
75.2507
38.3725
33.6132
30.6359
27.6371
27.7964
27.7943
27.6228
30.6412
33.6168
38.3686
18.9085
16.4608
14.9928
13.9462
13.319
13.3165
13.9422
14.9933
16.4608
18.9069
12.0445
10.7954
10.118
9.77449
9.54709
9.54672
9.77412
10.1179
10.7951
12.0437
9.53216
8.85962
8.5108
8.35627
8.27979
8.2798
8.35635
8.51072
8.85949
9.53176
8.4432
8.06137
7.87989
7.79334
7.75852
7.75854
7.79335
7.87981
8.0613
8.44299
7.92964
7.71039
7.61387
7.56205
7.54405
7.54406
7.56202
7.61379
7.71034
7.92955
7.68385
7.55158
7.49685
7.4692
7.4614
7.46141
7.46919
7.49681
7.55158
7.6839
252.297
227.6
204.484
183.169
161.017
161.002
183.155
204.461
227.594
252.294
121.126
116.849
123.312
150.989
201.907
201.972
151.06
123.383
116.871
121.13
69.0142
65.1402
63.9992
68.3828
91.8913
91.9268
68.4084
64.0367
65.1532
69.0208
36.664
33.0733
30.0064
27.1008
35.4523
35.4654
27.1047
30.0248
33.0841
36.6727
18.7258
16.6644
14.9933
13.3124
13.5807
13.5801
13.3089
14.9978
16.6679
18.73
12.176
10.9814
10.1853
9.63669
9.36867
9.36771
9.63621
10.1864
10.9821
12.1772
9.60204
8.9275
8.52303
8.32123
8.18572
8.18542
8.32134
8.52326
8.92753
9.60247
8.44479
8.0524
7.84414
7.74379
7.68599
7.68589
7.74364
7.8439
8.05231
8.44493
7.88129
7.65005
7.5381
7.47876
7.4524
7.45234
7.47855
7.53776
7.64997
7.88135
7.60668
7.45802
7.39389
7.36102
7.35001
7.34999
7.36095
7.39372
7.45797
7.60674
257.212
231.405
207.029
186.358
171.571
171.562
186.336
207.011
231.4
257.208
109.572
108.353
122.235
164.124
209.829
209.855
164.223
122.313
108.38
109.572
64.0474
60.9884
62.6305
79.6498
109.741
109.784
79.7312
62.6815
61.0091
64.052
35.276
31.3196
28.3835
32.8575
50.3292
50.3724
32.9221
28.4144
31.3361
35.2831
18.3269
16.2409
14.2689
13.7825
18.7174
18.7392
13.8028
14.2781
16.2463
18.3298
12.1065
10.9366
9.96241
9.3105
9.59373
9.59577
9.31319
9.96496
10.9376
12.1077
9.59305
8.91324
8.42546
8.08916
7.92269
7.92215
8.08915
8.42595
8.91315
9.59355
8.41672
8.0118
7.75776
7.60272
7.50478
7.50447
7.60241
7.75761
8.01159
8.41687
7.8311
7.5759
7.43607
7.3629
7.32373
7.3236
7.36268
7.43592
7.57576
7.8312
7.53089
7.36317
7.28112
7.24352
7.22855
7.22851
7.24345
7.28111
7.36316
7.53092
262.844
235.529
205.666
181.757
175.199
175.198
181.745
205.654
235.526
262.84
103.222
103.549
131.267
175.182
190.041
189.998
175.208
131.318
103.586
103.222
61.3361
57.9002
66.8611
95.0908
116.833
116.864
95.1696
66.9069
57.9334
61.3381
34.7452
29.6257
30.5703
47.486
66.4763
66.5337
47.592
30.6129
29.6532
34.7479
18.1053
15.4634
14.6568
21.0059
30.2264
30.2744
21.0729
14.68
15.4742
18.106
11.9026
10.6368
9.79402
10.5782
12.9649
12.9818
10.5972
9.80102
10.6402
11.9034
9.47465
8.73063
8.15942
7.92906
8.17651
8.17874
7.93191
8.16107
8.73136
9.47535
8.32574
7.86623
7.55774
7.33793
7.28385
7.28394
7.33823
7.55837
7.86651
8.32606
7.74468
7.46889
7.30965
7.17774
7.1282
7.12821
7.17798
7.31027
7.4693
7.74484
7.44823
7.28174
7.18041
7.10675
7.08144
7.08145
7.10693
7.18099
7.28215
7.44842
268.271
236.254
196.915
172.035
171.111
171.13
172.047
196.902
236.252
268.272
100.35
107.718
154.224
175.685
158.222
158.143
175.611
154.238
107.752
100.38
59.324
58.2127
79.7634
106.306
114.709
114.706
106.342
79.7914
58.2479
59.3367
34.4864
29.9712
40.3744
63.6821
77.607
77.6474
63.773
40.4215
30.0107
34.5056
17.9263
15.4529
20.7866
34.4441
43.6962
43.7467
34.5302
20.8317
15.4765
17.9394
11.5835
10.5156
12.0396
17.1032
20.7939
20.822
17.1461
12.0632
10.5266
11.5891
9.25081
8.54389
8.62763
9.63277
10.5963
10.6051
9.64472
8.63595
8.54809
9.25306
8.16806
7.66577
7.48007
7.47652
7.62762
7.62959
7.47881
7.48246
7.66789
8.16867
7.5805
7.30375
7.18181
7.0289
6.99426
6.99469
7.02962
7.18308
7.30537
7.58096
7.29913
7.15841
7.07565
6.96092
6.91848
6.91865
6.96143
7.07676
7.15968
7.29984
273.02
230.572
183.819
163.883
165.053
165.086
163.91
183.801
230.57
273.021
98.0315
129.777
178.451
162.47
128.307
128.231
162.358
178.449
129.786
98.0771
56.4525
65.7632
96.9745
108.26
101.279
101.252
108.239
96.9868
65.7789
56.4718
33.3515
35.3758
55.3404
74.7476
80.8227
80.836
74.7932
55.3804
35.4089
33.3883
17.8037
19.7821
32.5534
48.2975
54.9995
55.0333
48.3641
32.607
19.8181
17.832
11.5942
12.808
19.5352
28.0536
31.4519
31.4801
28.1015
19.577
12.8324
11.6088
9.30691
9.63032
12.2899
15.5636
16.7333
16.7454
15.5828
12.3113
9.64294
9.31338
8.23511
8.09609
8.85076
9.6809
9.95143
9.95531
9.68552
8.85807
8.10152
8.23698
7.62922
7.36368
7.49306
7.57061
7.54996
7.55079
7.57115
7.49533
7.36607
7.62865
7.27013
7.03796
7.03313
6.94751
6.89052
6.89079
6.94801
7.03478
7.03958
7.26869
274.844
219.402
173.128
160.592
161.657
161.684
160.62
173.11
219.4
274.848
98.8738
162.191
186.661
142.474
105.327
105.274
142.378
186.654
162.183
98.8806
55.332
82.8371
110.903
98.0392
82.9547
82.9259
97.9951
110.913
82.8346
55.3415
33.0483
47.073
69.6542
75.8658
74.125
74.1214
75.869
69.6813
47.0902
33.0752
19.542
29.3564
46.1178
57.7454
61.3568
61.3719
57.7774
46.159
29.3882
19.5699
13.4943
19.7849
30.8152
39.8466
42.7365
42.7562
39.8821
30.8584
19.8172
13.5154
10.8451
14.2128
20.4032
25.1586
26.3112
26.3241
25.1801
20.4331
14.2369
10.861
9.52883
10.8589
13.7735
15.5162
15.7696
15.7749
15.5243
13.7873
10.8711
9.53519
8.83278
8.87261
9.90764
10.3625
10.2901
10.2915
10.3644
9.91309
8.87715
8.83035
8.3553
7.73736
7.89895
7.94183
7.84553
7.84579
7.94267
7.90177
7.73869
8.3468
267.52
205.928
168.498
162.129
161.96
161.972
162.146
168.49
205.927
267.536
122.575
187.851
176.108
122.209
89.6581
89.6343
122.15
176.097
187.845
122.516
62.9656
103.715
112.119
83.0532
66.7403
66.7212
83.0153
112.119
103.728
62.9434
38.2694
62.8692
76.0413
67.2916
61.6059
61.5985
67.2788
76.0509
62.8861
38.2714
25.7191
42.1934
55.7705
58.4941
58.6578
58.6615
58.5008
55.7896
42.2169
25.7346
19.1823
30.2693
41.8316
48.259
50.1686
50.1788
48.2767
41.8593
30.2984
19.1996
15.4717
22.4679
30.8804
35.8899
36.9492
36.9592
35.9071
30.9082
22.4972
15.4891
13.4622
17.1431
22.1068
24.5952
24.8187
24.8245
24.6057
22.1252
17.1647
13.4738
12.4415
13.4503
15.6212
16.4329
16.3681
16.3707
16.4375
15.6305
13.462
12.4429
11.5781
10.9032
11.3807
11.5031
11.3858
11.3867
11.5049
11.3851
10.9075
11.573
253.048
194.689
170.127
166.531
164.564
164.565
166.533
170.128
194.691
253.075
164.534
193.711
155.273
104.211
79.8707
79.8721
104.192
155.255
193.705
164.467
82.8785
118.527
101.066
68.7888
54.6556
54.6506
68.7687
101.053
118.547
82.8402
51.711
76.0772
70.9284
55.5953
49.0273
49.0232
55.5842
70.9228
76.096
51.7007
37.7897
53.8886
56.1875
51.6181
49.4142
49.4143
51.6163
56.1891
53.9052
37.7939
30.2076
41.2921
47.5328
49.0288
48.8104
48.8149
49.0343
47.5416
41.3107
30.2134
24.9914
32.7471
39.6905
42.866
42.9878
42.9931
42.8749
39.7065
32.7688
24.9959
20.8147
26.1653
31.4603
33.5459
33.6958
33.6986
33.5528
31.4776
26.1869
20.8217
18.5028
21.1798
23.9267
24.6262
24.7333
24.7353
24.6299
23.9384
21.1973
18.5076
16.8874
17.3591
18.0225
17.9611
17.9458
17.9477
17.9634
18.028
17.3695
16.8896
236.813
190.452
175.976
171.558
168.157
168.154
171.552
175.973
190.455
236.847
192.984
181.66
131.263
89.9677
74.4124
74.4282
89.981
131.247
181.655
192.941
107.877
116.812
84.0574
56.7041
46.0881
46.0937
56.7043
84.0391
116.822
107.852
69.3603
77.3287
59.7439
44.8832
38.9566
38.9571
44.8804
59.732
77.3358
69.3476
52.4795
57.5794
49.7587
42.4091
39.2229
39.2233
42.408
49.7541
57.5834
52.475
43.9807
47.9023
46.0781
43.313
41.5016
41.5042
43.315
46.078
47.9061
43.9801
38.4439
42.3451
43.2914
42.5525
41.5049
41.5073
42.5562
43.2966
42.3529
38.4434
30.4399
36.4849
38.6242
38.0335
37.7335
37.7327
38.0348
38.6345
36.4981
30.4382
25.3914
30.2555
32.4792
31.9038
31.9818
31.9819
31.9052
32.4907
30.2693
25.3889
23.1536
25.3522
26.4566
25.9591
25.892
25.8949
25.9641
26.4648
25.3619
23.1542
225.842
193.733
182.769
176.327
172.325
172.322
176.321
182.761
193.732
225.874
194.01
158.93
110.303
81.4511
72.5428
72.5617
81.482
110.31
158.931
193.983
117.577
101.733
67.9546
47.6824
40.439
40.4488
47.6988
67.9479
101.73
117.561
77.8879
68.7746
48.641
36.4485
31.7328
31.7359
36.4538
48.6337
68.7687
77.8738
60.5237
53.7564
41.6352
34.088
30.8963
30.8977
34.0894
41.6312
53.7488
60.5157
52.1024
47.8574
40.3654
35.6506
33.2913
33.2935
35.6524
40.3636
47.8516
52.1025
48.7081
47.182
41.4924
37.6086
35.8659
35.8681
37.6109
41.4937
47.1852
48.7141
39.499
44.0516
41.5176
37.7439
36.5673
36.5669
37.7442
41.5246
44.0627
39.5021
31.5586
37.182
37.9063
35.8641
35.2023
35.2028
35.8663
37.9144
37.1882
31.5517
29.0438
31.9042
33.024
32.4761
31.9719
31.9757
32.4841
33.0302
31.9054
29.0387
223.618
200.369
188.76
180.99
176.9
176.897
180.985
188.751
200.362
223.638
175.346
134.847
97.0771
79.0507
73.8457
73.8617
79.0844
97.1091
134.858
175.326
106.832
83.6447
56.8352
42.3981
37.6391
37.6495
42.4215
56.846
83.6406
106.814
72.6382
57.8073
40.1405
30.4603
26.9599
26.9639
30.4695
40.142
57.7983
72.6258
57.2761
46.4529
34.1978
27.5617
24.8754
24.8771
27.5646
34.1961
46.4422
57.2728
50.4182
42.3538
33.4992
28.7124
26.4896
26.4915
28.7141
33.4971
42.3461
50.4212
49.9111
44.4637
36.2024
31.5726
29.6429
29.645
31.5746
36.2026
44.466
49.9203
44.2258
44.5819
39.1177
34.3979
32.6715
32.6728
34.3996
39.123
44.5941
44.2387
36.6425
39.5281
38.1837
35.6244
34.4569
34.4583
35.6271
38.1879
39.5323
36.641
34.4273
35.5481
35.6682
35.1132
34.3733
34.376
35.1179
35.6691
35.5446
34.4213
226.669
206.592
193.744
185.489
181.442
181.44
185.485
193.737
206.584
226.674
151.528
117.263
92.4263
81.3546
77.716
77.7269
81.3811
92.4589
117.284
151.521
89.6645
69.9105
51.216
41.2527
38.0933
38.1022
41.2749
51.2379
69.9128
89.6498
60.981
47.8228
34.0968
26.6833
24.1658
24.1698
26.693
34.1052
47.8188
60.9739
47.7519
37.8502
27.9332
22.7047
20.686
20.6876
22.7079
27.9341
37.8436
47.7522
42.4443
34.4825
27.0969
23.1413
21.4069
21.408
23.1426
27.0958
34.4776
42.4475
42.9952
36.7032
29.6692
25.8227
24.223
24.2242
25.8241
29.6695
36.7047
43.0027
42.1077
38.6534
33.11
29.4144
27.9508
27.9518
29.4161
33.1133
38.6618
42.1209
39.2495
37.489
34.4896
32.3138
31.3393
31.3401
32.3152
34.4915
37.4932
39.257
38.1337
36.4033
34.9697
34.1331
33.5126
33.5133
34.1335
34.9681
36.4014
38.1333
230.285
210.934
197.559
189.218
185.223
185.222
189.215
197.554
210.926
230.282
134.502
109.315
94.0582
86.4461
83.3088
83.3149
86.4611
94.0802
109.335
134.512
76.9759
62.5258
50.701
44.2451
41.8876
41.8936
44.26
50.7216
62.5334
76.9713
50.3139
40.1749
30.3578
24.9207
23.0253
23.0286
24.9285
30.3681
40.1765
50.3123
37.825
30.0598
23.0061
19.2136
17.7817
17.783
19.2162
23.0086
30.0581
37.8262
33.1143
26.9229
21.6411
18.7647
17.582
17.5826
18.7654
21.6412
26.9211
33.1158
33.2393
28.1162
23.3399
20.7355
19.6942
19.6945
20.7358
23.3402
28.1168
33.2432
34.9058
30.4806
26.3405
24.041
23.1641
23.1643
24.0414
26.3416
30.4836
34.9131
36.4287
32.4524
29.2342
27.6116
27.0004
27.0003
27.6114
29.2348
32.4551
36.4371
37.243
34.1146
31.894
30.7987
30.3198
30.3197
30.7978
31.8929
34.1147
37.2466
232.298
213.223
199.836
191.542
187.603
187.602
191.541
199.833
213.218
232.295
127.579
109.199
98.774
92.7174
89.736
89.7389
92.7227
98.7841
109.211
127.594
71.3639
61.1884
53.8429
49.1215
46.9513
46.9546
49.1286
53.8552
61.1964
71.3659
44.2116
36.381
29.3785
25.1539
23.4643
23.4665
25.1591
29.3871
36.3857
44.2132
30.5806
24.613
19.7275
17.008
15.9443
15.9452
17.0099
19.7304
24.6141
30.5818
25.473
20.8667
17.3336
15.4039
14.6361
14.6364
15.4044
17.3343
20.8667
25.4735
24.8448
21.0178
18.0429
16.46
15.8557
15.8557
16.4599
18.043
21.0179
24.8458
26.6243
23.0777
20.4319
19.0931
18.6193
18.6192
19.0928
20.4319
23.0782
26.6267
29.2425
25.9334
23.6324
22.5104
22.124
22.1239
22.5098
23.6322
25.9343
29.2461
31.4353
28.8036
26.9322
25.9556
25.5987
25.5985
25.9549
26.9316
28.8038
31.4378
232.62
213.849
200.593
192.369
188.481
188.481
192.369
200.591
213.846
232.62
126.992
112.453
103.966
98.4859
95.5709
95.572
98.4864
103.969
112.459
126.999
70.9337
63.1463
57.542
53.491
51.3737
51.3752
53.4935
57.5475
63.1518
70.936
43.2389
36.5846
31.0095
27.3575
25.657
25.6582
27.3602
31.0149
36.5894
43.2405
26.7446
21.8136
18.1857
16.0862
15.1911
15.1916
16.0874
18.188
21.8157
26.7452
20.3343
16.7696
14.3776
13.0648
12.5269
12.5271
13.0651
14.3783
16.7703
20.3343
18.8433
15.9693
14.1083
13.1353
12.7591
12.7591
13.1352
14.1083
15.9694
18.8433
19.8024
17.265
15.6541
14.8536
14.5669
14.5668
14.8532
15.6538
17.2649
19.8027
21.8564
19.7586
18.3504
17.6281
17.3695
17.3694
17.6277
18.35
19.7586
21.8572
23.9458
22.4647
21.3371
20.696
20.4555
20.4554
20.6956
21.3367
22.4645
23.9462
231.931
213.475
200.349
192.188
188.328
188.327
192.187
200.348
213.471
231.932
128.083
115.418
107.66
102.416
99.5752
99.5758
102.415
107.661
115.423
128.082
72.2998
65.4262
60.3882
56.6387
54.5882
54.5889
56.6394
60.3906
65.4299
72.3
44.5443
38.2825
33.2633
29.877
28.179
28.1797
29.8784
33.2663
38.2862
44.5447
25.524
20.8151
17.745
15.9398
15.1163
15.1167
15.9406
17.7465
20.8171
25.5238
17.4609
14.4337
12.6443
11.6535
11.2234
11.2235
11.6538
12.6448
14.4344
17.4607
15.0123
12.7943
11.5294
10.8591
10.5818
10.5818
10.8591
11.5294
12.7945
15.0121
14.9847
13.1704
12.1479
11.6234
11.4156
11.4156
11.6233
12.1477
13.1704
14.9847
16.2014
14.779
13.9276
13.4733
13.2894
13.2893
13.4731
13.9274
14.7789
16.2014
17.7942
16.942
16.3085
15.9365
15.7763
15.7763
15.9363
16.3082
16.9418
17.794
230.918
212.729
199.7
191.592
187.749
187.748
191.592
199.699
212.725
230.918
128.472
116.529
109.1
104.038
101.309
101.31
104.038
109.102
116.536
128.469
73.3009
66.7223
61.8987
58.3169
56.3496
56.3502
58.3174
61.9006
66.7258
73.3001
45.5099
39.4906
34.8367
31.6054
29.9413
29.9418
31.6064
34.8388
39.4935
45.5095
25.7872
20.9227
17.7899
16.0712
15.275
15.2753
16.0719
17.7912
20.9245
25.7866
16.2284
13.3769
11.7576
10.9019
10.522
10.5221
10.9021
11.758
13.3775
16.228
12.8892
11.0393
10.0395
9.50143
9.26626
9.26627
9.50147
10.0396
11.0394
12.889
12.133
10.7207
9.96189
9.55226
9.37324
9.37321
9.55221
9.96187
10.7207
12.133
12.5986
11.4896
10.881
10.5362
10.3762
10.3761
10.5361
10.8809
11.4895
12.5985
13.6329
12.9609
12.5149
12.2413
12.0987
12.0986
12.2411
12.5147
12.9607
13.6327
230.003
212.013
199.048
190.977
187.145
187.145
190.977
199.046
212.01
230.004
127.991
116.154
108.896
103.948
101.31
101.311
103.948
108.898
116.161
127.99
73.5265
67.0006
62.282
58.7986
56.8979
56.8984
58.7993
62.2839
67.0043
73.526
45.8577
39.9205
35.4464
32.3658
30.7553
30.7558
32.3668
35.4484
39.9232
45.8574
26.1379
21.246
17.9758
16.187
15.3942
15.3944
16.1876
17.977
21.2477
26.1374
15.7447
12.9769
11.3712
10.5328
10.1701
10.1701
10.5331
11.3716
12.9774
15.7445
11.8619
10.1813
9.27438
8.78253
8.56285
8.56287
8.7826
9.27451
10.1814
11.8617
10.7065
9.46427
8.79419
8.4171
8.24286
8.24285
8.4171
8.79421
9.46429
10.7064
10.7142
9.7132
9.15896
8.82585
8.65864
8.65862
8.8258
9.15891
9.71315
10.7141
11.3082
10.6285
10.1795
9.88228
9.70941
9.70937
9.8822
10.1794
10.6284
11.3082
229.355
211.498
198.572
190.524
186.7
186.7
190.524
198.571
211.496
229.355
127.224
115.237
108.042
103.141
100.55
100.55
103.142
108.045
115.244
127.224
73.3218
66.751
62.0753
58.6353
56.771
56.7715
58.636
62.0771
66.7544
73.3219
45.8126
39.882
35.4604
32.459
30.8963
30.8967
32.4599
35.4621
39.8844
45.8126
26.209
21.3413
18.0271
16.1906
15.3904
15.3906
16.1911
18.0282
21.3427
26.2088
15.5216
12.8025
11.1937
10.3503
9.99023
9.99029
10.3505
11.1941
12.803
15.5214
11.4177
9.79991
8.91589
8.43471
8.219
8.21903
8.43477
8.91601
9.80004
11.4176
10.0978
8.90343
8.247
7.86843
7.68913
7.68913
7.86844
8.24703
8.90345
10.0978
9.91372
8.92462
8.35351
7.99373
7.80516
7.80515
7.99372
8.35349
8.9246
9.91369
10.2981
9.56388
9.04914
8.67801
8.44821
8.44821
8.67799
9.04911
9.56384
10.2981
228.914
211.145
198.236
190.199
186.378
186.378
190.199
198.235
211.143
228.914
126.552
114.349
107.154
102.264
99.6859
99.6864
102.265
107.157
114.355
126.553
73.0416
66.3839
61.7068
58.2736
56.4207
56.4211
58.2742
61.7084
66.3867
73.0422
45.6159
39.6581
35.2373
32.2578
30.7173
30.7176
32.2585
35.2388
39.66
45.6162
26.0908
21.2405
17.9248
16.0831
15.2869
15.287
16.0836
17.9257
21.2416
26.0909
15.3817
12.6902
11.0842
10.241
9.88292
9.88297
10.2411
11.0845
12.6905
15.3817
11.2443
9.64153
8.75751
8.27512
8.05899
8.05901
8.27517
8.7576
9.64163
11.2442
9.89176
8.69196
8.02329
7.63243
7.445
7.445
7.63245
8.02332
8.69198
9.89174
9.67254
8.64932
8.04304
7.64946
7.43758
7.43759
7.64947
8.04304
8.64931
9.67253
10.0163
9.2172
8.63196
8.18751
7.90255
7.90256
8.18753
8.63197
9.2172
10.0163
228.89
211.185
198.293
190.264
186.446
186.446
190.264
198.292
211.184
228.889
125.937
113.548
106.327
101.427
98.847
98.8475
101.428
106.329
113.553
125.938
72.758
66.0237
61.3344
57.8981
56.0475
56.0478
57.8985
61.3359
66.0261
72.7587
45.3818
39.401
34.9753
31.9952
30.4605
30.4607
31.9958
34.9766
39.4026
45.3823
25.91
21.0688
17.7651
15.9387
15.1542
15.1543
15.9391
17.7658
21.0697
25.9102
15.2791
12.6021
11.0046
10.1681
9.81446
9.8145
10.1682
11.0048
12.6024
15.2791
11.1842
9.57884
8.69076
8.20547
7.98748
7.98749
8.20551
8.69084
9.57892
11.1842
9.85312
8.63255
7.94756
7.54387
7.34815
7.34816
7.54389
7.94759
8.63258
9.85311
9.66034
8.59402
7.9554
7.53418
7.30382
7.30383
7.53419
7.95541
8.59403
9.66035
10.0337
9.17738
8.54032
8.04377
7.71962
7.71964
8.04381
8.54036
9.1774
10.0338
228.588
210.896
197.959
189.9
186.066
186.066
189.9
197.958
210.894
228.588
125.332
112.784
105.656
100.848
98.3155
98.3159
100.848
105.658
112.787
125.334
72.5993
65.7855
61.0495
57.5895
55.7281
55.7284
57.5898
61.0509
65.7875
72.6
45.1476
39.1508
34.6833
31.6827
30.1433
30.1436
31.6831
34.6844
39.1522
45.1481
25.6435
20.8284
17.5324
15.737
14.9723
14.9724
15.7372
17.533
20.8291
25.6438
15.1435
12.5026
10.9194
10.0897
9.73892
9.73895
10.0898
10.9196
12.5028
15.1436
11.1451
9.54278
8.64972
8.15917
7.93801
7.93803
8.15921
8.64979
9.54284
11.1451
9.86882
8.62588
7.92323
7.50773
7.30553
7.30554
7.50775
7.92326
8.62591
9.86882
9.73465
8.62195
7.95231
7.50889
7.26435
7.26435
7.50891
7.95233
8.62197
9.73467
10.1666
9.25754
8.57631
8.04116
7.68931
7.68932
8.0412
8.57635
9.25757
10.1667
231.094
213.492
200.547
192.441
188.566
188.566
192.441
200.546
213.491
231.093
123.035
110.561
103.417
98.6289
96.1254
96.1258
98.629
103.419
110.564
123.036
71.5882
64.7369
59.9641
56.4806
54.6093
54.6096
56.4809
59.9653
64.7386
71.5887
44.3569
38.4266
33.9747
30.9665
29.4293
29.4295
30.9669
33.9757
38.4278
44.3573
25.0906
20.3415
17.1176
15.4056
14.6771
14.6772
15.4058
17.1181
20.3421
25.0908
14.9679
12.345
10.7889
9.98058
9.63654
9.63657
9.98065
10.7891
12.3452
14.968
11.1513
9.52699
8.62539
8.12814
7.90233
7.90234
8.12817
8.62545
9.52704
11.1513
9.95257
8.67146
7.94705
7.5153
7.30292
7.30293
7.51531
7.94707
8.67148
9.95257
9.87334
8.71636
8.01896
7.55215
7.29137
7.29138
7.55217
8.01898
8.71637
9.87335
10.3425
9.39715
8.68874
8.1263
7.75287
7.75288
8.12633
8.68877
9.39717
10.3426
227.862
210.175
197.112
188.949
185.078
185.078
188.949
197.112
210.174
227.862
124.78
112.124
105.143
100.59
98.1761
98.1765
100.59
105.144
112.127
124.78
72.6797
65.4964
60.5193
56.9746
55.0701
55.0703
56.975
60.5206
65.498
72.6799
44.4213
38.4665
33.7593
30.6837
29.1277
29.1279
30.6841
33.7602
38.4676
44.4215
24.4588
19.9896
16.6684
14.9843
14.2823
14.2823
14.9845
16.6689
19.9901
24.4589
14.3828
12.0699
10.529
9.74613
9.41576
9.41578
9.74619
10.5291
12.07
14.3828
10.756
9.32947
8.4535
7.97538
7.76137
7.76138
7.97541
8.45355
9.32952
10.756
9.71244
8.52045
7.80942
7.39499
7.19596
7.19596
7.39501
7.80944
8.52047
9.71245
9.79377
8.63644
7.91832
7.45093
7.19521
7.19522
7.45095
7.91834
8.63645
9.79377
10.4389
9.4273
8.66228
8.0661
7.68017
7.68018
8.06612
8.6623
9.42731
10.4389
248.579
230.103
216.582
207.664
203.276
203.276
207.664
216.581
230.102
248.579
106.121
93.9318
85.1149
79.7942
77.1338
77.1341
79.7945
85.1161
93.9329
106.12
60.0818
53.6747
48.1383
44.3653
42.4275
42.4277
44.3657
48.1394
53.6757
60.0812
33.9106
29.4428
25.2422
22.5415
21.2445
21.2446
22.5418
25.2429
29.4434
33.9104
18.4739
15.754
13.4451
12.1995
11.6805
11.6806
12.1996
13.4454
15.7542
18.4739
12.7987
10.9278
9.68767
9.03483
8.75606
8.75608
9.03487
9.68775
10.9279
12.7987
11.2639
9.53887
8.57611
8.04504
7.79106
7.79106
8.04506
8.57614
9.53889
11.2639
11.2913
9.50961
8.52113
7.91273
7.58335
7.58336
7.91274
8.52114
9.50962
11.2913
12.025
10.2462
9.17559
8.41828
7.96072
7.96072
8.41829
9.17559
10.2462
12.025
13.1275
11.5475
10.4406
9.54455
8.95217
8.95217
9.54456
10.4406
11.5475
13.1275
160.721
145.476
135.145
128.641
125.497
125.491
128.6
135.082
145.48
160.687
18.9723
17.0771
16.0473
15.4384
15.1883
15.1687
15.3905
15.9405
17.0976
19.1147
10.5529
10.3155
10.2368
10.2122
10.1858
10.1847
10.2116
10.253
10.3494
10.5655
10.0362
10.0157
10.0148
10.0191
10.0179
10.0172
10.0186
10.0189
10.0221
10.0381
10.0178
10.0198
10.022
10.0238
10.0241
10.024
10.0237
10.0227
10.0208
10.0181
10.0244
10.0258
10.0264
10.0268
10.0269
10.0268
10.0268
10.0266
10.026
10.0244
10.0267
10.0271
10.0272
10.0272
10.0272
10.0272
10.0272
10.0272
10.0271
10.0267
10.0272
10.0272
10.0272
10.0272
10.0272
10.0272
10.0273
10.0273
10.0273
10.0272
10.0273
10.0272
10.0272
10.0272
10.0272
10.0272
10.0272
10.0272
10.0273
10.0272
10.0272
10.0272
10.0272
10.0272
10.0272
10.0272
10.0272
10.0272
10.0272
10.0272
201.617
179.778
165.227
156.274
152.033
152.021
156.332
165.345
179.5
201.037
42.2487
36.0713
32.339
29.9199
28.7688
28.7275
29.7338
31.8787
35.7092
42.3344
13.9718
12.7742
12.1387
11.8071
11.6546
11.655
11.8071
12.1811
12.8422
14.0039
10.3858
10.1336
10.0182
9.96995
9.94965
9.95205
9.9755
10.0344
10.153
10.3939
9.85796
9.80996
9.79318
9.78795
9.7858
9.78606
9.7887
9.79577
9.81321
9.85927
9.78228
9.77544
9.77432
9.77446
9.77445
9.77446
9.77446
9.77475
9.77608
9.78229
9.77444
9.77409
9.77437
9.77453
9.77453
9.77447
9.77441
9.77435
9.7742
9.77442
9.77444
9.77455
9.77465
9.77464
9.77464
9.7746
9.77459
9.7746
9.77454
9.77432
9.77458
9.77464
9.77463
9.7746
9.77457
9.77459
9.77464
9.77465
9.77467
9.77464
9.77463
9.77462
9.77456
9.77451
9.77445
9.77443
9.77448
9.77454
9.77463
9.77468
232.444
206.955
189.203
178.501
173.634
173.758
178.891
189.626
205.977
230.805
64.283
54.3202
48.8293
45.4117
43.3382
43.1438
44.8235
48.1003
54.0282
64.648
18.4955
16.3554
15.1624
14.4671
14.1307
14.1106
14.4189
15.1594
16.4599
18.5878
11.2732
10.7203
10.4128
10.2366
10.1782
10.1864
10.2467
10.4104
10.7259
11.274
9.89688
9.74489
9.67114
9.63105
9.61841
9.62083
9.63301
9.66709
9.7416
9.89579
9.60424
9.56657
9.55214
9.54538
9.54332
9.5433
9.54513
9.55074
9.56495
9.60286
9.54585
9.53808
9.53627
9.53545
9.53532
9.53531
9.53523
9.53576
9.53766
9.54539
9.53614
9.53481
9.53477
9.53491
9.53491
9.53481
9.53459
9.53453
9.53461
9.53577
9.53488
9.53472
9.53459
9.53463
9.53467
9.53458
9.53447
9.53442
9.53438
9.53453
9.53459
9.53457
9.5344
9.53427
9.53416
9.53413
9.5342
9.5343
9.53437
9.5344
251.476
225.894
206.731
194.748
189.296
189.66
195.367
206.99
224.035
249.265
83.0098
69.4275
62.3907
59.2787
57.0563
56.6485
58.5381
62.3222
69.9536
82.9394
23.1596
19.8944
18.3708
17.5612
17.0173
16.9361
17.4232
18.3966
20.1499
24.0809
12.39
11.5242
11.0877
10.776
10.6434
10.6394
10.757
11.026
11.5006
12.5712
10.0928
9.80846
9.67313
9.58157
9.54566
9.54613
9.57657
9.65076
9.79384
10.1206
9.50281
9.41183
9.37465
9.35236
9.34416
9.34427
9.35131
9.36853
9.40657
9.50603
9.35164
9.3261
9.31771
9.31314
9.31193
9.31187
9.31261
9.31601
9.32428
9.35144
9.31577
9.30942
9.30815
9.30769
9.30753
9.30787
9.30775
9.30776
9.30898
9.3156
9.30856
9.30709
9.30688
9.30701
9.30701
9.30672
9.30664
9.30679
9.30686
9.30843
9.30686
9.30648
9.30634
9.30616
9.30606
9.30606
9.30613
9.30631
9.30643
9.30699
259.851
236.252
218.185
205.774
199.319
199.738
205.839
217.46
234.11
258.051
96.7397
81.6567
72.454
69.489
68.3057
68.1924
69.7084
73.5794
82.1881
95.7084
30.4502
23.7334
21.0598
20.4095
20.5818
20.4158
20.5105
21.575
25.1259
31.1653
14.2037
12.492
11.8046
11.4665
11.3711
11.3181
11.4112
11.7724
12.6748
14.4551
10.4906
9.9678
9.75365
9.63507
9.57955
9.5661
9.60887
9.7295
9.98438
10.5491
9.48999
9.31066
9.24042
9.20439
9.18844
9.18646
9.19932
9.23394
9.31076
9.50364
9.1996
9.14146
9.12145
9.11187
9.1079
9.10709
9.10997
9.11922
9.14012
9.20244
9.11754
9.10005
9.09551
9.09379
9.09299
9.09308
9.09357
9.09497
9.09986
9.11845
9.09637
9.09155
9.09082
9.09072
9.09044
9.09033
9.09062
9.09109
9.09218
9.09786
9.09124
9.08986
9.08967
9.08956
9.08951
9.08964
9.08986
9.09006
9.09039
9.09263
261.045
239.547
224.096
212.434
205.363
205.236
211.164
222.043
237.808
259.939
105.607
90.7677
79.9994
75.6061
76.0967
76.62
77.5528
81.6724
90.8595
104.827
37.9865
29.8911
24.1351
22.7271
24.4873
24.8664
24.7223
26.2521
31.1594
38.3496
16.4449
14.031
12.6258
12.177
12.2893
12.3137
12.4012
12.9326
14.3107
16.6562
11.0795
10.273
9.89404
9.74722
9.69563
9.68449
9.74187
9.92602
10.3338
11.1506
9.57533
9.27546
9.14915
9.10014
9.07853
9.07195
9.09172
9.1527
9.28827
9.59731
9.09715
8.98721
8.9482
8.93208
8.92628
8.92579
8.93128
8.9485
8.99037
9.10449
8.9469
8.90873
8.89826
8.89579
8.8946
8.8939
8.89406
8.89782
8.90939
8.94856
8.90212
8.88994
8.88719
8.8873
8.88697
8.88623
8.88603
8.88692
8.88992
8.90319
8.88903
8.88527
8.88425
8.88419
8.88403
8.88403
8.88438
8.88471
8.88534
8.89021
258.418
238.068
224.893
215.145
208.855
207.836
212.782
222.481
237.191
258.281
114.369
97.9327
85.3567
79.4974
80.2712
81.6614
82.9094
87.8788
98.8796
114.482
45.1592
36.7086
29.2505
25.5878
27.5729
28.8587
29.2078
31.6213
37.3542
45.2421
18.8002
16.0002
13.9568
13.0294
13.1866
13.4156
13.6457
14.4408
16.1728
18.8756
11.7882
10.7383
10.155
9.90909
9.85306
9.8763
9.9752
10.2475
10.8123
11.8373
9.74389
9.31342
9.11144
9.03032
8.99951
8.99606
9.03117
9.12855
9.33632
9.76456
9.04767
8.87294
8.80414
8.77498
8.76676
8.76688
8.77626
8.80642
8.87914
9.05539
8.80762
8.73875
8.71795
8.71155
8.70927
8.70996
8.71092
8.71767
8.73994
8.80842
8.72795
8.70269
8.69641
8.69601
8.69504
8.69322
8.69315
8.69553
8.70145
8.72642
8.70072
8.6923
8.6898
8.6892
8.68871
8.6885
8.68867
8.68955
8.69122
8.70049
255.001
234.246
221.64
214.533
210.133
208.786
212.166
220.679
235.209
256.018
122.459
108.494
92.2659
82.4886
81.7662
83.7525
87.5355
95.9132
107.897
121.215
51.5947
44.1937
35.87
29.924
29.9867
31.8245
33.5809
37.3992
43.2953
50.8092
21.017
18.2523
15.8208
14.2348
14.082
14.4862
15.0154
16.1512
17.995
20.7703
12.5182
11.3275
10.5796
10.1638
10.0571
10.1246
10.2957
10.6712
11.3421
12.498
9.96077
9.41589
9.13571
9.00009
8.9516
8.95903
9.01871
9.16007
9.43167
9.96046
9.04407
8.80154
8.69334
8.64418
8.6271
8.62661
8.64488
8.69591
8.80352
9.04195
8.69741
8.59213
8.5551
8.54002
8.5349
8.53602
8.54059
8.55473
8.59322
8.6953
8.57092
8.52888
8.5176
8.51349
8.51097
8.50962
8.51136
8.51626
8.5283
8.57025
8.52544
8.50953
8.50565
8.50379
8.50281
8.50295
8.5036
8.50512
8.50869
8.52589
252.803
231.277
216.442
210.972
209.257
208.271
210.77
219.296
234.095
254.002
125.774
117.387
106.499
90.8952
82.2016
84.1046
92.8728
103.174
111.572
122.408
56.1234
50.8058
44.1134
36.2466
32.5206
34.0342
37.7529
42.5761
47.3749
54.39
22.7845
20.3781
18.0312
15.9334
15.095
15.4665
16.3766
17.7819
19.4323
22.2145
13.1738
11.9307
11.1058
10.5471
10.334
10.4179
10.6667
11.1227
11.827
13.0692
10.1879
9.55398
9.21127
9.02683
8.95222
8.96388
9.04914
9.22941
9.54115
10.1506
9.06774
8.75899
8.61293
8.53955
8.51172
8.51368
8.54348
8.61317
8.74847
9.04518
8.61015
8.46654
8.41208
8.38841
8.38006
8.37921
8.38591
8.41012
8.46543
8.60108
8.43133
8.36837
8.35009
8.34206
8.33978
8.33869
8.34011
8.34734
8.36776
8.42934
8.36501
8.33764
8.33078
8.32795
8.32647
8.32636
8.32771
8.32979
8.33625
8.36374
251.804
230.979
213.754
206.97
206.029
206.449
209.966
219.089
233.269
251.45
124.291
118.901
118.726
105.81
86.857
85.4551
95.5574
103.669
108.835
120.576
58.5245
54.167
51.0628
44.2415
36.3958
36.2478
40.8786
45.351
49.0408
56.5682
24.0803
21.8258
20.0035
17.9717
16.3068
16.3576
17.508
18.8826
20.3351
23.2182
13.7325
12.4548
11.624
11.0047
10.6625
10.7183
11.0171
11.4963
12.1913
13.5056
10.3945
9.70213
9.30936
9.0945
8.98891
8.99774
9.10243
9.29873
9.63898
10.3258
9.09502
8.72934
8.5504
8.45601
8.42467
8.43094
8.46598
8.5422
8.70568
9.06365
8.54428
8.35843
8.28482
8.25337
8.24119
8.24364
8.25333
8.28023
8.351
8.52876
8.31693
8.22468
8.19493
8.18437
8.18141
8.17874
8.18169
8.19204
8.21919
8.30475
8.21999
8.17948
8.16563
8.16074
8.15881
8.15831
8.15999
8.16405
8.1746
8.21433
250.64
231.892
215.318
205.694
201.923
203.873
209.537
218.687
231.411
246.156
121.782
113.554
118.848
114.574
98.1369
90.9093
94.5556
98.6553
104.703
123.968
59.7014
53.8952
52.9951
49.8652
42.131
39.7661
42.6178
45.5348
49.7137
60.1503
25.1638
22.0881
20.7984
19.7557
17.6478
17.2616
18.2518
19.3034
20.8292
25.5051
14.2506
12.8102
11.9827
11.4759
11.0058
10.986
11.2794
11.717
12.4581
14.2515
10.5912
9.84041
9.39148
9.17239
9.03601
9.03659
9.15094
9.35241
9.75099
10.5667
9.13356
8.7172
8.49545
8.39056
8.35309
8.35678
8.39612
8.48994
8.70185
9.12922
8.4978
8.26578
8.16771
8.12623
8.10783
8.11399
8.13083
8.16429
8.26387
8.49298
8.21424
8.09417
8.05051
8.03551
8.02941
8.02693
8.03598
8.05281
8.09382
8.21299
8.08578
8.03322
8.01074
8.0019
7.99972
8.00109
8.00668
8.0161
8.03196
8.08996
248.142
231.514
217.948
207.053
200.076
201.625
208.319
216.547
226.128
236.721
123.952
108.381
106.604
108.384
107.14
99.1899
92.8279
94.4857
109.634
143.935
61.9668
52.4322
49.5135
49.5385
47.5202
44.7872
43.6616
45.4138
53.3844
70.121
27.0694
21.7534
20.1366
19.9611
19.2934
18.5685
18.6001
19.3704
22.8495
31.0923
14.9798
13.0147
12.1152
11.7672
11.4326
11.2862
11.4067
11.8706
13.079
15.8357
10.8323
9.95838
9.45707
9.25067
9.102
9.07117
9.16995
9.43035
9.94203
10.9861
9.19383
8.72093
8.4595
8.34874
8.28991
8.28644
8.33999
8.47484
8.73979
9.25137
8.45795
8.18748
8.06201
8.01287
7.99278
7.99514
8.01469
8.07493
8.20598
8.48348
8.11566
7.97558
7.92109
7.89764
7.88847
7.88763
7.89766
7.92436
7.99035
8.1479
7.96437
7.89415
7.86542
7.85467
7.85144
7.85421
7.86379
7.87629
7.90252
7.98783
244.367
227.226
215.28
207.676
201.399
201.443
206.047
210.458
216.16
228.519
133.922
112.125
96.8509
93.6235
105.694
103.612
93.8631
103.134
134.136
171.433
67.5218
54.3635
45.4747
44.6433
49.8616
49.0946
45.6135
49.5159
64.5521
85.4326
30.9303
23.0612
19.0902
18.9445
20.7252
20.6759
19.1587
21.0843
28.5669
39.3302
16.1509
13.5017
12.155
11.798
11.7986
11.7495
11.5785
12.3849
14.6701
18.1363
11.1638
10.1161
9.53708
9.34632
9.19402
9.11965
9.19131
9.55902
10.3038
11.5779
9.27902
8.73955
8.45323
8.32664
8.26008
8.25036
8.30706
8.47742
8.81339
9.40874
8.42978
8.13139
7.98369
7.93379
7.91064
7.91165
7.93675
8.01548
8.1763
8.49709
8.03905
7.87527
7.8074
7.77719
7.76761
7.76607
7.78094
7.8187
7.89963
8.08731
7.85474
7.76402
7.72921
7.71894
7.71364
7.71582
7.72882
7.74577
7.78027
7.88523
243.458
221.917
202.477
203.778
202.775
203.646
202.744
200.748
209.411
232.193
142.905
123.436
111.972
87.929
97.0701
100.662
104.696
131.641
161.792
178.655
74.0907
60.9281
51.2055
42.1042
48.744
50.7903
50.6725
61.5253
79.2899
94.4748
35.4659
27.026
21.8869
18.298
20.9655
22.3832
21.8901
26.8192
36.0583
45.8899
17.5509
14.4761
12.7304
11.7664
11.9777
12.2227
12.2656
13.8271
16.7598
20.102
11.5854
10.3603
9.67608
9.41622
9.26762
9.20834
9.33201
9.84641
10.7863
12.1364
9.40168
8.789
8.46471
8.32483
8.27612
8.24853
8.29628
8.51432
8.94398
9.60331
8.43945
8.10445
7.94226
7.87805
7.84104
7.85169
7.88673
7.9691
8.17453
8.53593
7.99196
7.79712
7.71294
7.67747
7.66147
7.65697
7.69014
7.74022
7.82766
8.02896
7.76269
7.66202
7.61201
7.59236
7.58507
7.58792
7.60637
7.63454
7.6747
7.78959
246.772
223.544
187.898
192.848
202.909
206.207
198.34
196.262
215.985
242.999
139.267
127.129
149.212
109.961
87.2108
95.5191
125.701
157.896
164.131
163.203
75.3656
66.4116
72.3032
51.4703
45.6687
50.8494
60.6993
76.1964
85.2515
91.5119
37.7094
31.1931
32.2035
23.0736
20.7617
23.5734
27.4535
34.3154
40.3239
46.8144
18.4893
15.6403
14.7652
12.6101
12.2063
12.8125
13.8195
15.7948
17.8281
20.616
12.0611
10.7696
9.96943
9.46806
9.33237
9.3936
9.69467
10.2964
11.0891
12.4349
9.57524
8.94201
8.53684
8.34224
8.27532
8.24986
8.33867
8.60129
9.03586
9.76125
8.48682
8.11156
7.91969
7.81827
7.77313
7.77939
7.8136
7.92105
8.15377
8.56451
7.94904
7.73677
7.64614
7.59248
7.56116
7.55382
7.58792
7.64909
7.76965
8.00598
7.69372
7.58499
7.5207
7.48435
7.46855
7.46916
7.48927
7.52482
7.5809
7.7235
251.243
230.503
188.208
178.154
204.083
206.151
196.223
204.584
227.698
252.524
126.302
119.994
171.559
154.351
81.6475
91.9972
141.364
156.739
145.208
140.374
70.5146
66.9188
94.7354
78.5482
45.0987
50.1716
69.7564
81.0196
79.8725
81.4342
36.82
34.1963
45.9852
36.6195
22.4563
24.4165
32.8371
38.071
38.8912
43.302
18.4664
16.8655
19.3689
16.351
13.0868
13.5472
15.55
16.7138
17.1843
20.0477
12.333
11.2677
10.8627
10.0088
9.62683
9.69828
10.1174
10.5055
10.9973
12.6194
9.69705
9.14003
8.76011
8.38923
8.29212
8.33805
8.46884
8.6288
9.02544
9.87582
8.49586
8.10615
7.9036
7.78436
7.73726
7.74595
7.79672
7.89395
8.12437
8.60172
7.89759
7.67671
7.58996
7.51212
7.47278
7.46803
7.49717
7.54847
7.70952
8.03082
7.63216
7.49714
7.43046
7.39188
7.36338
7.35676
7.37661
7.41001
7.49699
7.69462
255.681
236.748
199.945
170.868
203.177
205.02
202.275
216.381
236.514
258.333
112.405
109.9
167.855
188.449
95.586
90.0135
133.695
136.01
122.764
121.623
63.4711
64.761
102.34
109.651
50.7169
47.8656
68.2988
74.3983
70.1597
71.2394
34.1275
35.7304
54.7024
54.415
27.143
23.7286
32.9161
35.9246
35.2264
39.4503
17.8068
17.5674
23.353
23.1049
14.9764
13.8144
15.8311
15.9858
16.3524
19.9545
12.1531
11.4448
11.7828
11.2811
10.2226
9.9682
10.2829
10.311
10.9465
12.9392
9.65667
9.19306
8.94873
8.48679
8.40882
8.52675
8.60583
8.57583
9.09564
10.1107
8.4363
8.06897
7.91317
7.77915
7.70716
7.77084
7.87348
7.87321
8.14515
8.6485
7.8443
7.60665
7.51478
7.42751
7.40126
7.40137
7.4606
7.49059
7.61783
7.91023
7.55488
7.39242
7.31866
7.29101
7.26092
7.26154
7.3072
7.34842
7.41128
7.61163
260.106
240.506
211.372
176.361
201.102
207.83
210.831
224.736
241.955
261.422
101.839
102.201
154.013
196.431
123.796
88.3669
110.417
112.672
105.198
110.559
57.6975
62.351
97.9378
124.046
61.4656
44.2555
57.1618
63.2781
61.7285
64.2595
32.0976
35.8622
55.3278
64.0819
31.854
21.3335
27.3391
31.3333
33.262
37.4984
17.4201
17.7755
24.4204
27.0636
16.4078
13.2978
14.55
15.2671
16.9809
20.674
11.8407
11.3133
12.2087
12.3966
10.6784
9.91694
10.1455
10.4006
11.3297
13.3507
9.49201
9.03009
8.91485
8.64933
8.5532
8.54552
8.52127
8.56978
9.15977
10.2977
8.34853
8.00476
7.89372
7.72766
7.62293
7.73528
7.85431
7.84884
8.18103
8.70548
7.77526
7.51846
7.40153
7.32951
7.32517
7.33851
7.45562
7.55442
7.72707
7.99072
7.46581
7.31632
7.20994
7.17841
7.17012
7.22181
7.36786
7.46516
7.44234
7.51165
264.687
243.237
219.899
188.534
202.893
212.438
216.208
229.234
245.387
262.2
94.0354
97.5113
139.476
188.691
143.666
87.386
90.776
94.933
92.202
106.279
53.7329
59.9822
87.685
115.544
70.2998
42.7635
46.0087
53.9053
54.9341
60.2738
31.5049
35.8876
50.3392
58.8387
32.9902
19.1634
21.2353
28.1281
32.192
37.2326
17.3723
18.2342
23.318
25.0372
15.9683
12.2249
12.9732
15.596
18.1609
22.1495
11.7176
11.4397
12.36
12.5875
10.5899
9.60884
9.86476
10.8499
11.9637
14.2593
9.33031
8.88753
8.87778
8.93982
8.62826
8.38374
8.34061
8.71197
9.55549
10.5154
8.23588
7.87444
7.76471
7.64523
7.58737
7.61409
7.70546
7.90687
8.25839
9.99427
7.63465
7.37899
7.28346
7.24646
7.24181
7.27092
7.3822
7.61741
8.94497
9.91844
7.32456
7.24559
7.11874
7.10017
7.13054
7.23036
7.44734
7.65885
7.91853
7.88405
269.966
247.092
226.723
203.103
209.176
216.979
219.494
230.541
245.723
260.042
91.462
94.8728
125.891
168.738
144.694
87.5873
80.5252
82.5967
83.7461
106.113
50.9952
57.1318
74.5349
93.8436
71.094
44.2444
41.1998
47.7402
48.8048
59.4424
30.8966
36.033
42.9595
45.4142
30.4905
18.8185
19.4034
27.1899
30.2555
38.6666
16.7846
18.5987
21.5253
20.7792
14.555
11.468
12.1784
16.3026
18.3009
24.5472
11.5052
11.8465
12.4411
12.0458
10.4705
9.40363
9.64743
11.3503
12.3918
15.5243
9.30666
8.9997
9.33562
9.52018
8.89415
8.50942
8.35332
9.07651
10.4898
12.0855
8.31458
7.91295
7.74068
7.80358
7.8005
7.56312
7.63828
8.15047
8.96237
13.9528
7.63279
7.39561
7.35606
7.2764
7.28082
7.23621
7.25102
7.76513
11.5538
13.0517
7.26507
7.23204
7.12909
7.13608
7.17531
7.20221
7.34728
7.83565
8.95495
9.86662
277.545
254.065
234.363
218.327
217.995
222.315
223.029
229.953
241.204
251.936
96.7404
97.1294
115.02
136.213
127.236
86.857
75.4067
75.5616
82.0273
108.2
48.1292
53.5966
61.3353
70.2636
64.2697
46.8998
41.4789
43.715
46.735
64.6285
28.6864
34.3646
34.9271
32.3865
27.1707
21.0581
21.7473
27.5997
29.5329
42.3903
16.0097
18.2973
19.8038
17.4912
13.4015
11.7357
12.9056
17.0237
18.6811
27.3509
11.4902
12.029
12.4464
11.636
10.6922
9.47186
10.3019
12.7966
14.2308
18.1014
9.78276
9.45073
10.2582
9.93287
9.4059
8.94777
8.89517
10.7569
13.1707
17.0126
9.28
8.50977
8.21659
8.35352
8.25947
7.72241
7.95087
9.4119
13.4248
20.2865
8.9698
8.3717
7.81044
7.61236
7.68935
7.43434
7.5112
9.52458
15.6732
17.363
8.16055
8.01871
7.93295
7.73745
7.49875
7.3663
7.53532
9.2176
12.1268
14.7759
286.234
263.633
244.756
230.306
226.191
228.995
228.285
229.718
233.965
234.634
100.532
104.353
109.766
107.216
104.407
85.0591
74.2751
74.2591
85.6911
110.572
45.3457
49.3868
50.7838
51.9069
55.223
48.4656
43.4845
43.828
51.4361
71.1671
26.4352
29.623
27.7595
23.7769
24.5198
24.0859
24.3156
28.0617
32.2017
47.2429
16.8481
17.4927
18.061
14.9402
12.843
12.9976
15.2
19.1075
22.1027
32.0199
12.9742
12.1247
12.462
11.5698
10.6886
10.0453
12.2747
16.5822
20.5502
24.6966
11.2935
10.0817
10.7327
9.86475
9.8638
9.55078
10.5999
15.1521
20.6267
26.1763
11.255
9.51898
9.41489
9.20186
8.73746
8.28423
9.6376
14.6845
23.3406
27.8202
12.613
10.1839
8.72338
8.45537
8.49637
8.10479
9.20519
15.0316
22.8866
23.7495
11.3421
10.5926
10.0934
9.69501
8.51202
8.1123
9.06063
13.8244
19.4853
22.0807
287.436
271.447
254.876
240.121
232.73
235.638
234.634
229.344
226.634
214.731
103.498
104.998
108.748
96.5325
91.2048
83.3368
75.004
73.4156
87.2364
108.086
47.9365
45.5673
44.9771
40.0708
47.3327
47.1928
43.9245
44.4998
55.7804
71.7513
29.7956
25.8851
23.5961
20.0493
22.637
25.0372
24.8801
28.4643
36.6724
50.1225
21.9179
17.8866
16.3781
13.4934
13.1369
14.7927
18.751
24.2017
29.4893
38.5529
17.7256
13.4346
12.9423
11.7423
10.8551
11.5272
15.7565
23.2804
30.8616
34.8448
14.964
11.4099
11.1917
10.2237
10.4753
10.6769
14.377
23.2147
32.7391
37.7181
13.9076
11.0979
11.2159
10.4127
9.21944
9.16046
13.6796
25.2408
35.3713
35.8335
16.5757
11.8623
10.2013
9.80304
9.37723
9.02363
12.964
25.2121
33.0725
31.2036
16.1723
13.833
12.4231
12.1059
10.1524
9.18265
12.1925
22.2172
30.5669
30.7818
276.183
271.058
258.766
248.71
240.693
241.188
239.391
225.695
217.009
200.198
132.155
100.795
105.616
96.2482
88.8672
83.4455
76.1241
69.2503
81.6187
99.4915
61.4691
45.842
44.6857
36.235
40.8025
43.6955
41.4792
41.4924
53.5002
65.3198
41.4619
27.5467
24.4422
20.3438
21.8836
24.758
25.8566
30.7098
39.9118
49.0632
32.1699
20.5362
16.1685
14.0258
14.7325
17.3742
23.0197
30.6564
37.9616
43.5786
26.2225
17.4228
13.9135
12.3711
12.1088
14.2024
20.7065
31.2576
41.0894
43.8973
22.3764
14.8093
12.3169
11.5483
11.7829
12.6269
19.7925
32.9477
44.3414
46.22
18.546
14.1682
13.4242
12.2167
10.1062
10.5184
19.3886
36.7106
44.7783
41.4749
19.3778
13.8706
12.0217
11.3861
10.3505
10.5595
18.3147
35.7901
42.7334
38.8686
20.4232
16.3561
14.4316
13.8271
11.9955
10.6453
16.6629
30.9799
41.3062
40.5949
258.74
260.684
252.759
249.861
249.57
245.487
239.974
216.039
202.549
189.015
163.623
116.454
110.344
100.927
91.8364
84.8087
77.2079
66.1689
73.9786
89.9635
82.603
55.0524
51.0604
42.5328
39.2738
40.5555
39.4116
39.0143
49.0156
57.8498
55.6662
36.045
30.5527
24.8086
23.3514
25.0776
27.7975
33.9493
41.6973
46.351
42.3023
24.6053
18.6843
16.8318
17.5383
20.5171
26.9686
35.7189
43.2178
44.4331
35.176
23.8101
15.4957
13.8001
14.5363
17.6234
25.9544
37.619
46.9793
46.3009
31.5047
21.1771
14.2917
13.3276
13.8417
15.2939
25.3774
39.9533
49.3747
46.7866
26.5721
19.6414
15.8488
14.3144
11.8887
13.0866
24.8523
42.7541
48.9276
44.452
23.3828
16.7842
14.0391
13.1151
12.3108
14.0113
23.776
40.6015
48.2587
46.0223
24.1416
19.0227
16.9137
15.7971
14.7501
14.064
21.7458
35.8491
46.7781
48.7053
244.286
247.689
241.676
239.634
251.6
246.787
236.637
208.035
188.86
180.299
172.887
137.105
125.351
118.369
100.196
88.4222
78.2644
67.404
70.4957
82.9971
94.3087
68.4065
62.9868
57.4354
44.784
40.1325
39.4222
40.0564
46.9572
52.2713
63.1683
46.9004
39.6643
32.8205
27.2552
26.7852
29.9809
36.2851
42.268
43.3666
47.0051
30.8856
24.0776
21.0609
21.0483
23.5357
29.6045
38.1617
44.4676
42.3376
40.6651
30.8632
18.2157
15.9043
17.4892
20.9477
29.6352
41.0789
47.9556
43.5919
37.2789
28.878
17.8843
15.1212
16.2113
18.1999
29.7668
43.292
48.962
44.0551
34.6196
27.2496
19.0723
16.4403
15.3454
18.2228
29.7702
43.744
48.7926
45.9879
29.1019
21.4712
16.6389
15.5745
16.4729
20.2302
29.3418
41.3414
48.7907
49.9522
28.885
22.4668
19.8926
19.0648
19.7397
21.1254
27.5848
37.8709
47.3615
52.1229
236.579
238.129
234.15
226.637
243.46
242.94
232.786
206.698
181.936
175.745
163.796
142.346
134.714
138.506
113.68
102.573
81.441
72.5354
71.4429
78.8366
90.6876
75.513
71.6109
71.5589
54.1958
44.0889
41.5591
43.3911
47.14
48.6131
60.3766
52.69
47.3342
41.3045
32.214
30.0759
32.5546
38.3325
42.5704
40.9074
45.7006
37.9889
30.9941
25.3043
24.3472
26.3909
31.5467
39.0277
44.0149
40.2311
40.2462
35.9253
22.7977
18.4807
20.31
24.1086
31.3971
41.5978
46.844
41.1563
37.4005
34.5734
23.1853
17.5097
19.2728
22.5181
33.0803
44.1087
47.1825
41.7557
38.2741
34.1602
23.4466
19.2819
21.131
26.3738
34.9076
43.7551
46.7628
44.6973
34.6146
27.4324
20.3561
19.4624
22.6808
28.1737
35.8664
42.9684
47.385
48.7837
34.2441
27.0161
23.1132
23.3775
25.7941
28.9757
34.0928
40.938
47.4704
51.2741
233.604
231.91
230.269
219.184
228.925
233.006
226.098
206.728
182.767
175.791
150.406
134.567
130.164
150.221
115.278
112.136
88.3471
79.6504
75.7645
78.4052
81.812
73.4118
72.2988
77.3424
58.6643
48.8016
44.4898
46.5362
47.9544
46.677
52.8616
51.176
50.7868
45.7532
35.1216
33.5002
35.7901
40.2112
42.7852
39.3756
39.9889
40.3298
37.6058
28.8539
26.4496
29.1333
33.9319
40.1476
43.4612
39.0072
35.1032
37.3006
29.3801
21.892
22.9097
27.6558
33.2023
40.093
44.4696
39.8766
33.4971
36.6946
28.5905
21.2045
24.0148
29.5514
36.8184
43.0156
44.7724
39.7556
36.1109
37.3139
27.87
23.2016
27.2879
33.2538
39.263
44.1071
44.1381
40.6469
36.3742
32.7861
24.8583
23.6307
28.3483
34.8335
41.4821
45.8391
45.9887
43.8311
36.57
31.9868
26.8154
27.444
30.8325
33.1118
38.1303
45.9977
48.9148
47.6662
232.389
227.523
225.911
209.703
214.678
215.902
210.155
199.101
184.271
178.882
141.485
123.668
116.327
152.639
107.247
103.189
92.1653
87.4108
82.5746
81.5046
75.828
66.981
66.6165
76.8855
55.7177
48.9285
45.706
47.3384
47.2736
44.9072
46.5022
45.3669
49.2873
47.292
34.3707
35.1568
38.1781
40.0928
40.6134
36.9949
33.3207
36.6429
40.3971
32.3752
27.0834
30.7672
35.8129
40.8049
41.8184
36.838
28.5363
34.322
34.7368
26.1313
25.3324
30.7943
35.4933
38.3
40.2303
37.2256
27.7259
34.8099
32.6982
25.2978
28.6754
34.5897
39.1391
40.9669
40.454
36.7358
30.0755
36.2262
31.3397
26.2051
29.945
34.9678
40.354
42.8694
39.9537
35.7135
32.4552
35.0667
29.2744
26.4163
30.24
35.4854
41.9488
46.6653
42.8959
37.2219
33.5701
34.4278
30.3812
30.0643
32.9617
33.0413
37.4659
48.3119
48.6416
41.9544
231.337
224.214
221.004
193.534
199.564
195.414
189.319
183.925
180.673
182.255
137.797
115.679
101.97
152.055
99.1276
85.3946
85.4755
86.9728
83.9919
82.1791
74.6126
61.7429
58.4418
76.7192
49.764
43.9891
43.1986
44.5979
43.8327
41.9521
44.0968
39.1997
44.2566
50.2888
31.8319
33.3766
36.4049
36.4922
35.35
32.4905
28.4214
30.5584
38.3953
36.9321
26.8037
29.865
34.3349
37.3878
36.436
31.7717
22.8079
28.5016
35.2197
30.4498
26.8714
30.6091
34.6099
35.0182
34.1166
31.531
21.8135
29.4473
33.7341
28.1102
29.9072
33.177
36.4092
36.4938
33.7261
30.9088
23.2085
31.3698
32.5351
27.1599
28.561
31.4126
35.7806
37.3883
33.2597
29.6283
25.2779
31.9324
31.1685
27.335
28.3123
30.71
36.2995
41.5687
36.2919
29.9514
26.9192
31.7575
31.1128
30.0909
31.2567
30.0281
32.7904
43.0736
42.8492
34.4613
230.135
221.771
216.691
176.473
182.655
177.194
172.522
171.56
176.183
184.821
136.829
111.295
92.4133
153.657
88.6147
68.5784
72.8887
77.0407
76.9361
78.2426
75.649
59.8692
52.0163
81.4612
43.9523
36.9752
37.3901
38.2599
37.7091
37.8249
44.5042
35.1479
38.8489
55.3122
29.4296
28.457
30.2855
29.9468
28.6102
27.1302
25.5963
25.2793
33.9542
42.0112
26.2292
26.172
28.5894
29.4749
27.9383
24.9293
18.79
22.7523
31.8023
34.1359
27.0431
26.5442
28.5634
28.2156
26.2571
24.0357
17.1472
23.1577
31.0224
29.566
27.6656
27.1169
28.693
28.4738
25.5036
23.2732
17.5844
24.6369
30.2587
26.7782
25.2932
25.2815
27.3583
28.3025
25.1043
22.4456
18.8188
25.4471
28.8802
26.0558
24.6551
24.514
27.4064
30.9912
27.2519
22.6875
20.1952
25.6809
27.8725
26.9774
26.4985
24.9695
25.8052
31.8531
32.0904
26.1231
229
220.18
213.33
164.992
169.887
164.029
163.029
166.181
174.353
186.952
136.31
108.827
87.9544
155.133
73.2285
56.5254
62.6199
65.8488
68.7502
74.4494
76.5094
59.6721
48.9611
89.5273
38.3035
29.7204
30.6208
31.1777
31.8828
34.6244
45.0063
33.5838
35.7178
60.3487
27.3711
22.7205
23.2045
22.9345
22.4118
22.6442
24.3885
22.0647
30.4464
45.9314
25.5266
21.0827
21.2343
21.0239
20.0055
18.8819
16.4988
18.8136
28.1733
36.8228
25.9002
21.0104
20.702
20.1263
18.6554
17.3456
14.1998
18.4931
27.1409
30.3999
24.6018
20.6698
20.1892
19.7509
17.9202
16.4911
13.9724
19.2123
26.1712
25.9149
22.2081
19.5987
19.3106
19.4106
17.6885
16.0363
14.5723
19.7996
24.6623
23.5173
21.0066
19.1287
19.2364
20.4082
18.8042
16.406
15.4895
20.0389
23.1517
22.589
21.2104
19.4923
18.8835
20.7193
21.0043
18.3193
228.129
219.258
210.869
158.678
164.665
156.95
159.397
164.737
174.438
188.55
135.498
107.16
86.9031
153.575
60.0585
50.3403
57.5683
59.6356
65.6146
74.3738
76.649
59.4318
48.5731
95.5162
33.3625
23.9325
25.7006
26.4247
29.2228
34.4816
44.9998
33.3043
35.4957
64.2453
25.3764
17.8254
17.7536
17.6898
18.2903
20.0155
24.111
20.6264
29.6627
48.289
23.8757
16.3362
15.3597
14.9804
14.7285
14.9182
15.4342
16.8353
26.6673
38.3023
23.5916
16.0787
14.5385
13.9693
13.2912
12.9046
12.6679
16.0758
24.8367
30.7458
21.7336
15.7422
14.0517
13.474
12.6291
11.9886
12.0905
16.3825
23.2516
24.9351
19.4909
15.2652
13.7192
13.265
12.4687
11.6621
12.3626
16.8059
21.5097
21.1711
17.9189
15.0132
13.7216
13.5125
12.8938
11.8993
12.9724
16.7983
19.7254
19.1613
17.206
15.116
13.8105
13.6403
13.5413
12.6357
227.555
218.795
209.155
155.06
162.763
154.102
158.368
164.523
174.827
189.43
134.679
106.019
87.6448
151.514
54.3576
47.8237
55.8815
58.0011
66.4429
76.6613
76.413
59.0819
49.7004
98.0008
30.1673
20.6155
23.827
25.1831
30.1794
36.7146
44.7942
33.2786
37.0628
65.9833
23.7732
14.5908
14.6436
14.947
16.525
19.0713
24.0209
20.1919
30.876
48.9782
21.671
13.0123
11.8354
11.6477
12.0043
12.8835
14.9918
16.1881
27.1991
38.3805
20.5605
12.5711
10.8854
10.4705
10.3518
10.556
12.0161
15.2855
24.5842
30.284
18.7093
12.3298
10.5159
9.99117
9.6781
9.5675
11.3157
15.5394
22.3278
23.8536
16.8272
12.1759
10.444
9.85894
9.48334
9.20524
11.4842
16.0018
20.1925
19.5108
15.4338
12.1638
10.5732
9.94645
9.58144
9.2187
11.9744
15.7144
18.1996
17.1924
14.6689
12.2969
10.8136
10.0911
9.75405
9.40975
227.209
218.587
207.996
152.693
161.998
153.107
158.129
164.534
175.035
189.792
134.028
105.283
89.1595
150.879
53.4173
47.1462
55.6127
58.5396
68.4064
79.0447
76.083
58.7667
51.6276
98.3053
28.6165
19.518
23.965
26.0558
32.177
38.8021
44.5551
33.2739
38.925
65.9681
22.7568
12.9181
13.2897
13.9716
16.1321
19.0104
23.9141
20.1985
32.5132
48.3697
19.9643
11.1108
10.0892
10.1467
10.8719
12.0505
14.8217
16.1945
28.4285
37.4196
17.8164
10.479
9.05538
8.82583
9.01867
9.50674
11.8104
15.3179
25.2884
29.1394
15.9771
10.2407
8.73372
8.33657
8.28066
8.43882
11.1084
15.6843
22.5019
22.6766
14.5495
10.2388
8.7482
8.22192
8.02348
7.99767
11.2959
16.2723
19.9921
18.3841
13.6317
10.4318
8.95781
8.30153
8.00132
7.86574
11.7767
15.7813
17.8561
16.2158
13.1969
10.7251
9.27578
8.48479
8.07973
7.87411
227.193
218.576
207.352
151.341
161.688
152.778
158.045
164.477
175.001
189.755
133.433
104.811
90.7504
151.061
53.5004
47.1874
55.9211
59.4968
69.9288
80.5689
75.7551
58.5279
53.5565
97.7863
27.9464
19.4505
24.5259
27.1004
33.6246
40.0339
44.3384
33.2727
40.3301
65.3064
22.2048
12.2063
12.8274
13.7675
16.2101
19.3084
23.7969
20.3293
33.7322
47.3685
18.8831
10.1647
9.34717
9.57926
10.4898
11.8137
14.7624
16.3877
29.4038
36.1653
16.1186
9.39998
8.24382
8.15369
8.49571
9.10357
11.7882
15.5871
25.9754
27.8759
14.2064
9.14474
7.92124
7.63461
7.69616
7.96777
11.1284
16.0948
22.8739
21.6403
13.0575
9.21433
7.9587
7.51186
7.39177
7.46663
11.3682
16.7764
20.1394
17.6299
12.5161
9.52045
8.20168
7.59562
7.32752
7.26739
11.8818
16.163
17.9389
15.739
12.4019
9.94216
8.56043
7.79713
7.39085
7.22187
227.188
218.645
206.689
150.368
161.567
152.736
158.136
164.605
175.146
189.951
132.603
104.252
92.4085
150.705
53.3612
47.4536
56.1986
60.0548
70.6802
81.2182
75.4188
58.1401
55.2893
96.657
27.4168
19.6302
24.9154
27.7039
34.3171
40.5262
44.059
33.1226
41.5663
64.2502
21.7101
11.9127
12.6927
13.7698
16.3201
19.4943
23.604
20.458
34.7049
46.2491
18.0896
9.69306
9.0518
9.38462
10.3744
11.7481
14.699
16.6545
30.1513
34.9819
15.0907
8.86107
7.90047
7.89513
8.30245
8.9522
11.8168
15.9757
26.4949
26.7839
13.1634
8.5949
7.5631
7.34851
7.46313
7.77684
11.2354
16.6004
23.1791
20.8111
12.1832
8.69837
7.59967
7.21137
7.13032
7.24258
11.5548
17.3013
20.2974
17.0876
11.8302
9.0574
7.85218
7.29091
7.04735
7.01472
12.1167
16.5744
18.0802
15.4488
11.9383
9.54399
8.22429
7.49479
7.10412
6.95145
229.311
219.65
206.633
151.281
161.509
152.658
157.765
163.927
174.178
188.578
130.254
103.297
93.6403
148.291
52.7485
47.9226
57.0159
61.445
72.2574
82.9588
74.3834
57.6341
56.4658
94.05
26.6621
19.9297
25.4147
28.5758
35.529
41.8959
43.4664
32.9799
42.4266
62.3056
20.9294
11.841
12.7871
14.0421
16.8444
20.4052
23.3391
20.6834
35.254
44.6849
17.2931
9.49096
9.00787
9.43842
10.5426
12.0805
14.7058
16.9703
30.4879
33.6395
14.3374
8.61958
7.80733
7.87022
8.33554
9.04987
11.9334
16.3516
26.6694
25.6866
12.5026
8.3467
7.44571
7.28658
7.43976
7.78824
11.4133
17.031
23.2344
19.9791
11.6443
8.4588
7.4671
7.12671
7.0761
7.21273
11.7959
17.6979
20.2718
16.5413
11.3926
8.82575
7.70949
7.19059
6.97362
6.9611
12.3745
16.8858
18.0606
15.1119
11.6084
9.33072
8.07459
7.38272
7.01778
6.88402
228.392
219.792
204.238
152.013
161.33
153.083
158.865
165.705
176.37
191.037
128.748
101.397
97.324
141.523
51.3312
47.9452
55.7418
59.3678
70.783
82.802
74.0256
56.3091
59.1442
89.2689
25.1345
19.9189
24.9847
27.672
33.8116
39.1737
42.6163
32.1031
44.7937
59.3462
19.3676
11.5216
12.5504
13.6728
16.1144
18.8939
22.3599
20.6684
37.1468
42.6843
15.9251
9.12433
8.81767
9.2307
10.2183
11.4442
14.089
17.5155
31.9241
32.0397
13.1991
8.2687
7.62306
7.70885
8.15943
8.77725
11.6572
17.2847
27.6498
24.3006
11.5914
8.01808
7.2536
7.12753
7.29308
7.61589
11.4786
18.0452
23.7396
18.9328
10.9479
8.14592
7.26029
6.9571
6.92761
7.05921
12.1495
18.4514
20.4305
15.8805
10.8326
8.5083
7.48186
7.00446
6.81558
6.80569
12.852
17.4256
18.1261
14.6959
11.1241
9.00496
7.82377
7.17737
6.84702
6.72432
248.035
227.123
200.057
156.037
160.548
152.938
155.755
158.424
163.199
171.079
106.746
93.2369
101.697
101.734
48.9945
54.9591
68.3228
84.9002
111.598
138.75
60.8617
52.4689
62.5698
60.7403
20.3447
23.759
30.3938
38.0146
50.6907
64.6949
34.6952
33.6549
46.5776
40.5902
14.0546
12.6201
14.9186
18.1996
24.1578
31.0534
20.2081
25.7926
37.4545
29.307
11.5642
9.29167
9.91474
11.2519
13.6565
16.7053
15.5274
22.8796
30.8288
22.0452
10.0955
8.21465
8.26275
8.82084
9.82439
11.1884
14.5776
21.4992
25.4203
17.1762
9.43256
7.86856
7.66625
7.87264
8.34657
9.01366
14.9087
20.4841
20.8926
14.1599
9.2906
7.88064
7.49805
7.48408
7.68889
8.04524
15.5151
19.2479
17.483
12.6645
9.4304
8.09963
7.55482
7.36561
7.38906
7.57019
15.729
17.495
15.5025
12.2637
9.75203
8.42242
7.73563
7.40542
7.29806
7.35944
160.688
145.423
134.992
128.604
125.37
125.369
128.61
134.99
145.42
160.687
19.1434
17.2663
16.2723
15.6363
15.4743
15.4723
15.6144
16.277
17.2632
19.1456
10.5582
10.3378
10.2575
10.2109
10.1968
10.197
10.2092
10.2575
10.3397
10.5573
10.037
10.0193
10.018
10.0176
10.0179
10.0179
10.0174
10.018
10.0197
10.0369
10.0179
10.0205
10.0225
10.0235
10.024
10.024
10.0235
10.0225
10.0205
10.018
10.0244
10.0259
10.0265
10.0267
10.0268
10.0268
10.0267
10.0265
10.0259
10.0244
10.0267
10.0271
10.0272
10.0272
10.0272
10.0272
10.0272
10.0272
10.0271
10.0267
10.0272
10.0272
10.0273
10.0272
10.0272
10.0272
10.0272
10.0273
10.0272
10.0272
10.0272
10.0272
10.0272
10.0272
10.0272
10.0272
10.0272
10.0272
10.0272
10.0272
10.0272
10.0272
10.0272
10.0272
10.0272
10.0272
10.0272
10.0272
10.0272
10.0272
201.055
179.522
164.932
156.095
151.624
151.624
156.148
164.925
179.523
201.049
42.4047
36.1367
32.2535
29.9918
28.8367
28.8353
29.9668
32.2915
36.1064
42.4171
13.9918
12.8116
12.1788
11.8212
11.6599
11.6595
11.8235
12.1762
12.8131
13.9927
10.3868
10.1376
10.0305
9.97585
9.95224
9.95226
9.97711
10.0302
10.1387
10.3865
9.85743
9.80965
9.79504
9.78865
9.78637
9.78639
9.7889
9.79515
9.80995
9.85721
9.78181
9.7754
9.77461
9.77445
9.77446
9.77447
9.7745
9.77467
9.77546
9.78175
9.77422
9.77402
9.77429
9.7744
9.77445
9.77446
9.7744
9.77431
9.77403
9.7742
9.77431
9.77449
9.77458
9.77456
9.77458
9.77459
9.77457
9.77458
9.77448
9.7743
9.77466
9.7746
9.77459
9.77455
9.77456
9.77456
9.77456
9.77458
9.77459
9.7746
9.77475
9.77457
9.77452
9.77447
9.77443
9.77443
9.77447
9.77451
9.77456
9.77467
230.839
205.98
188.849
178.376
173.164
173.168
178.423
188.84
205.987
230.838
64.8233
55.0043
48.7535
45.0306
43.1253
43.1284
45.0363
48.7977
54.9842
64.8434
18.5929
16.4946
15.2269
14.472
14.1238
14.1237
14.471
15.2267
16.4928
18.6009
11.2703
10.7178
10.4233
10.2588
10.1865
10.1863
10.2598
10.4219
10.718
11.2708
9.89506
9.73915
9.67017
9.63583
9.62168
9.62166
9.63617
9.66987
9.73909
9.89478
9.60265
9.56431
9.55133
9.54577
9.54366
9.54367
9.54586
9.55131
9.56423
9.60249
9.54526
9.53756
9.53588
9.53528
9.53508
9.53508
9.5353
9.5359
9.53752
9.54521
9.53579
9.53461
9.53447
9.53444
9.53441
9.53441
9.53445
9.5345
9.5346
9.53579
9.53468
9.53446
9.53436
9.53436
9.53431
9.53431
9.53438
9.53439
9.53447
9.53469
9.53457
9.5344
9.53424
9.53415
9.53407
9.53407
9.53418
9.53424
9.53441
9.5346
249.329
223.882
205.855
194.769
189.211
189.215
194.785
205.857
223.88
249.329
83.2074
71.3564
63.6621
58.7394
56.5043
56.5107
58.7801
63.7222
71.3805
83.1786
24.1723
20.3559
18.5339
17.4693
17.0119
17.0128
17.4715
18.5528
20.3649
24.1491
12.5827
11.5449
11.0465
10.7854
10.6571
10.6565
10.7846
11.0451
11.5438
12.5818
10.1233
9.80476
9.65704
9.58498
9.54998
9.54974
9.58459
9.65578
9.80376
10.1238
9.50666
9.40863
9.37003
9.35284
9.34516
9.3451
9.3527
9.36961
9.40827
9.50674
9.35141
9.32435
9.31621
9.31291
9.31156
9.31154
9.31286
9.31609
9.32421
9.35136
9.31554
9.30908
9.30773
9.30718
9.30695
9.30693
9.30715
9.30771
9.30901
9.3155
9.3082
9.30682
9.30651
9.30642
9.30633
9.30633
9.30642
9.30652
9.30677
9.30816
9.3068
9.30643
9.30618
9.30604
9.30593
9.30594
9.30607
9.30619
9.30648
9.30674
258.299
233.928
216.265
205.36
199.87
199.869
205.356
216.317
233.894
258.284
96.187
83.7055
75.5784
70.0104
67.578
67.5844
70.0736
75.6591
83.7768
96.0873
31.2558
25.8258
22.8599
20.7373
20.0419
20.0465
20.7669
22.8689
25.8813
31.1953
14.4505
12.8191
11.9841
11.4849
11.279
11.2783
11.4848
11.9793
12.8265
14.4444
10.5462
10.013
9.75745
9.62537
9.56377
9.56328
9.62401
9.75511
10.0132
10.5472
9.50285
9.31649
9.23825
9.20173
9.1854
9.18522
9.20119
9.23748
9.31634
9.50329
9.20164
9.14029
9.11933
9.11038
9.10672
9.10665
9.11015
9.11898
9.14013
9.20164
9.11829
9.10021
9.09518
9.09323
9.09247
9.09245
9.0932
9.09494
9.09991
9.11819
9.09731
9.0921
9.09073
9.09037
9.09021
9.09021
9.09041
9.09068
9.09178
9.097
9.09224
9.09032
9.08989
9.08957
9.08945
9.08946
9.08959
9.08995
9.09019
9.09186
260.871
238.214
221.622
211.182
205.962
205.961
211.178
221.723
238.173
260.797
104.816
92.232
84.0847
78.1573
75.3408
75.3426
78.1947
84.0656
92.3991
104.735
38.1144
31.663
27.8426
25.0184
23.834
23.8392
25.0509
27.782
31.7491
38.0687
16.57
14.3934
13.2165
12.476
12.1581
12.1575
12.4775
13.2057
14.4085
16.559
11.1229
10.3482
9.96632
9.75753
9.66553
9.66491
9.75593
9.96428
10.3509
11.123
9.5881
9.28928
9.15855
9.09416
9.0667
9.06644
9.09344
9.15802
9.28976
9.58847
9.10092
8.98923
8.94803
8.92978
8.9225
8.92238
8.92948
8.94774
8.98916
9.1009
8.94788
8.9094
8.89749
8.89303
8.89124
8.89121
8.89301
8.89741
8.90897
8.94787
8.90292
8.89018
8.88673
8.88573
8.88523
8.88527
8.88586
8.88694
8.88975
8.90269
8.89015
8.88568
8.8845
8.88394
8.88368
8.88371
8.88406
8.88464
8.88551
8.88983
259.946
238.96
223.525
213.364
208.352
208.352
213.377
223.61
238.94
259.867
111.254
97.2829
89.0465
83.6095
80.5517
80.5459
83.5855
88.9142
97.4118
111.326
43.9976
36.7192
32.3067
29.4117
27.8338
27.8359
29.4052
32.1861
36.7644
44.0215
18.5924
16.0143
14.5495
13.6571
13.2126
13.2123
13.6554
14.5272
16.0203
18.5904
11.7632
10.7667
10.2583
9.97028
9.8437
9.84314
9.96892
10.2561
10.7693
11.764
9.73945
9.31877
9.12764
9.02866
8.98715
8.98688
9.0281
9.12729
9.31941
9.73987
9.04624
8.87176
8.80369
8.77199
8.75936
8.75927
8.77181
8.80363
8.87174
9.04623
8.80524
8.73715
8.71568
8.70659
8.70328
8.70328
8.70659
8.71597
8.73695
8.80517
8.72503
8.70005
8.69418
8.69162
8.69081
8.69085
8.69172
8.69446
8.69989
8.72489
8.69983
8.69092
8.68899
8.6881
8.68767
8.6877
8.68823
8.68911
8.69096
8.69969
257.357
237.388
222.651
212.464
207.558
207.556
212.489
222.697
237.381
257.312
116.281
100.636
91.6701
87.1614
85.1653
85.1638
87.0945
91.5196
100.659
116.426
48.9676
40.8003
35.8922
33.3027
31.9487
31.9488
33.2726
35.7655
40.7935
49.0317
20.3795
17.5026
15.8417
14.8965
14.4024
14.401
14.8909
15.8095
17.4938
20.391
12.3974
11.2255
10.6066
10.2494
10.086
10.0856
10.2472
10.6026
11.2257
12.4
9.92821
9.39539
9.14109
9.00457
8.94639
8.94622
9.00417
9.14037
9.39562
9.92889
9.02811
8.78795
8.68777
8.63856
8.61864
8.61858
8.63851
8.68767
8.78782
9.02823
8.68958
8.58742
8.55146
8.53496
8.52905
8.52908
8.53501
8.55162
8.58728
8.68953
8.56757
8.52582
8.51329
8.50836
8.50681
8.50687
8.50848
8.5134
8.5257
8.56753
8.52567
8.50782
8.5033
8.50172
8.50108
8.50111
8.50183
8.50343
8.50773
8.52558
254.005
233.492
218.552
209.161
204.612
204.61
209.184
218.571
233.496
253.982
119.551
105.377
97.1897
93.561
93.0044
92.997
93.3914
97.0806
105.355
119.68
53.1437
44.7578
39.7702
37.5665
36.8711
36.8679
37.4747
39.6809
44.7361
53.2098
21.8715
18.8299
17.0769
16.1937
15.8138
15.8119
16.1657
17.046
18.8174
21.8883
12.9639
11.6732
10.9705
10.5755
10.4026
10.4017
10.5717
10.965
11.6717
12.9671
10.1245
9.50104
9.1871
9.01894
8.94779
8.94761
9.0181
9.18581
9.50072
10.1251
9.03513
8.73376
8.59834
8.53081
8.50314
8.50309
8.53053
8.59787
8.73349
9.03506
8.5981
8.46014
8.40489
8.37943
8.36995
8.36998
8.37944
8.40472
8.45999
8.59807
8.42997
8.36845
8.34504
8.33654
8.33324
8.33331
8.33673
8.34504
8.36825
8.42987
8.36675
8.33854
8.32769
8.32495
8.32334
8.32339
8.32514
8.32781
8.33834
8.36623
248.56
226.866
211.728
204.096
200.092
200.092
204.108
211.736
226.871
248.547
124.263
116.321
110.936
106.255
103.969
103.961
106.122
110.882
116.3
124.349
57.5924
50.7191
46.3689
43.9742
42.9607
42.9535
43.8822
46.3175
50.7025
57.6412
23.4918
20.3696
18.554
17.6991
17.3765
17.3721
17.6648
18.5307
20.3611
23.5141
13.528
12.1023
11.3248
10.9109
10.7505
10.7496
10.9062
11.3201
12.1011
13.5331
10.3264
9.62016
9.25206
9.05929
8.979
8.9788
9.05842
9.25086
9.6199
10.3274
9.06513
8.70418
8.53187
8.44791
8.41272
8.41267
8.44759
8.53136
8.70394
9.06522
8.53071
8.35164
8.27527
8.24165
8.22823
8.22824
8.24158
8.27509
8.3515
8.5307
8.30653
8.22167
8.18932
8.17672
8.17174
8.17177
8.17681
8.18937
8.22151
8.3064
8.21599
8.17676
8.16204
8.15741
8.15522
8.15526
8.15754
8.16208
8.17653
8.2156
240.219
218.845
204.675
196.99
192.47
192.47
196.991
204.683
218.847
240.216
138.38
134.708
129.619
121.563
116.656
116.647
121.527
129.589
134.703
138.426
65.1495
60.1256
56.1441
51.8423
49.3703
49.3614
51.8025
56.1129
60.1216
65.1829
27.5865
24.5743
22.4722
20.5601
19.5323
19.5267
20.54
22.4547
24.5743
27.6085
14.6907
13.1406
12.2159
11.6049
11.3094
11.3086
11.6014
12.2118
13.1414
14.6973
10.6344
9.84004
9.40861
9.17787
9.07149
9.07161
9.17741
9.40774
9.84028
10.6363
9.13552
8.71209
8.5015
8.39913
8.35341
8.35345
8.39902
8.50124
8.71216
9.13622
8.49451
8.27017
8.16981
8.1255
8.10611
8.10613
8.12547
8.16977
8.27025
8.49494
8.21214
8.09773
8.05009
8.03329
8.0253
8.02535
8.03331
8.05011
8.0978
8.21228
8.09067
8.03081
8.00969
8.00323
8.00107
8.00111
8.00321
8.00956
8.03073
8.09056
231.798
213.742
200.057
189.564
183.258
183.258
189.561
200.058
213.739
231.801
160.908
151.31
142.094
133.273
128.804
128.798
133.29
142.082
151.314
160.914
77.6872
71.2658
65.4727
58.6475
54.915
54.9094
58.6521
65.4551
71.2677
77.6964
34.4226
30.5475
27.4015
23.9079
21.7498
21.7468
23.908
27.3911
30.5508
34.4318
16.6142
14.7638
13.5343
12.6113
12.0912
12.0913
12.6104
13.5315
14.766
16.619
11.125
10.2086
9.69167
9.40655
9.25694
9.2573
9.40627
9.69086
10.2092
11.1267
9.26343
8.76931
8.51827
8.39094
8.32729
8.32741
8.39084
8.518
8.76957
9.26432
8.48737
8.21764
8.08993
8.02789
7.99843
7.99847
8.02784
8.08988
8.21783
8.48803
8.14751
7.99667
7.92877
7.90174
7.88807
7.88814
7.90172
7.9286
7.99678
8.14766
7.99287
7.90621
7.87017
7.86106
7.85504
7.8551
7.86097
7.86994
7.90613
7.99256
231.238
214.81
199.633
186.76
173.845
173.835
186.757
199.623
214.793
231.234
173.611
153.898
143.091
137.261
137.475
137.479
137.275
143.105
153.927
173.607
88.9373
77.2398
69.3817
62.5874
60.7535
60.7546
62.6043
69.3906
77.2537
88.9206
41.7257
34.9238
30.3606
25.942
23.7949
23.794
25.9511
30.3664
34.9313
41.7102
18.8446
16.2432
14.6655
13.4696
12.7049
12.7041
13.4712
14.6666
16.2451
18.8398
11.7557
10.642
10.0364
9.6626
9.43549
9.43555
9.66264
10.0357
10.6418
11.7544
9.44598
8.86399
8.56859
8.40139
8.31753
8.31769
8.40143
8.56803
8.86368
9.44555
8.50387
8.17862
8.02123
7.93796
7.90133
7.90141
7.93797
8.02102
8.17847
8.50373
8.0812
7.89348
7.81219
7.7714
7.75477
7.75482
7.77139
7.81205
7.89345
8.0811
7.88348
7.77621
7.73297
7.71649
7.7088
7.70884
7.7165
7.73285
7.77608
7.88328
238.434
220.193
203.705
186.519
157.298
157.266
186.504
203.69
220.17
238.415
166.248
143.858
134.641
132.042
144.918
144.946
132.046
134.676
143.915
166.272
90.9127
75.6855
67.8261
64.774
72.4779
72.5001
64.7934
67.86
75.7212
90.907
45.2785
35.3934
30.1404
27.0752
29.9487
29.9612
27.0908
30.1656
35.4149
45.266
20.1531
16.7697
15.0109
13.6964
13.2363
13.237
13.6992
15.0169
16.774
20.148
12.2975
10.979
10.2687
9.77702
9.48898
9.48838
9.77758
10.2688
10.9782
12.2952
9.65429
8.98129
8.62538
8.42084
8.32702
8.32687
8.42108
8.62486
8.98026
9.65258
8.53939
8.15767
7.97273
7.88107
7.84496
7.84492
7.88109
7.97246
8.15716
8.53836
8.02919
7.80953
7.71037
7.66788
7.65154
7.65143
7.66767
7.71017
7.80915
8.02845
7.79671
7.66355
7.60714
7.58965
7.58433
7.58415
7.58934
7.60688
7.66312
7.79592
246.907
225.468
206.194
176.476
142.72
142.682
176.462
206.202
225.473
246.892
147.21
129.674
122.373
126.287
155.422
155.495
126.291
122.393
129.717
147.254
84.5481
70.7832
65.3274
70.7166
89.3687
89.4179
70.7439
65.3641
70.8239
84.5686
43.832
33.5558
29.4364
32.6849
43.8456
43.8834
32.7138
29.4722
33.5907
43.844
19.9917
16.3025
14.5402
14.3853
17.695
17.7137
14.395
14.5529
16.3144
19.9969
12.4626
10.9844
10.1564
9.66391
9.77492
9.77795
9.6657
10.1593
10.9872
12.4651
9.76652
9.01841
8.60929
8.35078
8.21308
8.21324
8.35123
8.60964
9.0188
9.76732
8.55952
8.15825
7.95813
7.84354
7.77688
7.77679
7.84344
7.95772
8.15783
8.55938
8.01004
7.77768
7.66477
7.61392
7.57981
7.57957
7.61334
7.66406
7.77662
8.00931
7.75187
7.60024
7.52824
7.50531
7.48744
7.48714
7.50459
7.52747
7.5988
7.75049
252.004
224.091
197.777
156.954
140.73
140.745
157.009
197.886
224.162
252.013
130.126
121.803
115.448
133.607
165.755
165.793
133.539
115.387
121.765
130.147
76.4948
69.1882
67.8106
80.9629
103.025
103.076
80.9593
67.8033
69.1973
76.5152
41.0991
34.5349
34.3853
45.1134
60.6815
60.7256
45.1388
34.3955
34.5542
41.1152
19.4311
16.2283
15.8554
20.6601
28.8532
28.8836
20.6824
15.8651
16.2388
19.437
12.3677
10.6775
9.98448
10.5559
12.3524
12.3627
10.5636
9.99025
10.6837
12.3732
9.73655
8.84864
8.35129
8.11192
8.16072
8.16345
8.11486
8.35317
8.85054
9.73936
8.53992
8.07804
7.79628
7.58816
7.4815
7.4823
7.58934
7.79653
8.0781
8.54073
7.97831
7.71173
7.56061
7.45472
7.40383
7.40402
7.45483
7.56002
7.71087
7.978
7.68995
7.52634
7.44427
7.39813
7.38388
7.38384
7.39782
7.44344
7.52494
7.68858
252.706
211.988
173.728
145.013
142.59
142.686
145.148
173.93
212.124
252.749
122.303
126.914
127.36
149.851
169.137
169.073
149.666
127.167
126.765
122.268
72.7263
74.087
76.6433
94.0861
112.003
111.976
94.0138
76.5595
74.0286
72.722
41.752
41.7203
46.1835
60.1984
74.1038
74.1061
60.1923
46.1436
41.6842
41.7528
21.1776
21.0615
24.1585
33.427
43.4899
43.4993
33.4486
24.1385
21.0342
21.1716
12.8642
11.8392
12.4884
16.1433
20.5985
20.6001
16.16
12.4825
11.83
12.8647
9.77802
8.77725
8.45381
9.09813
10.0075
10.0069
9.10105
8.45349
8.77458
9.77763
8.45869
7.77987
7.37913
7.27136
7.3095
7.31012
7.2725
7.37947
7.77936
8.4577
7.83004
7.40481
7.1425
7.00996
6.9866
6.98732
7.01133
7.14261
7.40474
7.82983
7.54924
7.28343
7.13725
7.1088
7.12557
7.12563
7.10914
7.13741
7.2829
7.54949
246.979
189.66
154.018
141.509
139.375
139.463
141.64
154.166
189.815
247.074
127.571
144.273
149.209
157.336
159.779
159.717
157.155
149.005
144.09
127.433
74.6595
83.2685
91.3133
106.233
116.941
116.871
106.122
91.1771
83.1661
74.6079
46.6529
52.9269
60.2548
72.5384
82.6053
82.5713
72.5035
60.1786
52.852
46.6263
27.2261
31.6462
37.5205
47.3671
56.1417
56.1261
47.3653
37.471
31.5815
27.1994
15.8831
17.9659
20.7952
26.6915
32.5905
32.5765
26.6847
20.7676
17.924
15.8614
10.8122
10.8762
11.7053
14.1822
16.5398
16.5255
14.1587
11.6913
10.856
10.7993
8.63275
8.01354
7.99577
8.64735
9.18499
9.1773
8.6321
7.98868
8.00611
8.62627
7.6491
7.08602
6.85234
6.89478
6.9588
6.95648
6.88975
6.84964
7.08367
7.64664
7.25201
6.8458
6.66672
6.65608
6.65242
6.65144
6.65418
6.66634
6.84484
7.25246
233.246
169.857
145.127
136.991
129.008
129.007
137.03
145.207
169.984
233.365
142.862
158.361
152.075
143.022
133.184
133.192
142.98
151.967
158.246
142.653
80.3754
95.2375
103.104
110.573
114.87
114.839
110.506
102.985
95.1471
80.2983
53.8361
64.0608
71.1885
80.6821
89.0395
89.0194
80.6454
71.1064
63.9901
53.7978
35.8002
43.6709
49.4331
57.1365
64.8995
64.8886
57.1169
49.377
43.6029
35.7623
22.7398
27.9094
31.8501
37.455
43.5356
43.5242
37.4276
31.8131
27.8485
22.7009
14.6849
17.2822
19.3792
22.6987
25.9594
25.9429
22.6551
19.3572
17.2414
14.6553
10.5379
11.3103
12.366
13.8075
14.8051
14.7915
13.7762
12.3528
11.2888
10.5183
8.64304
8.60994
8.86093
9.17704
9.17965
9.17339
9.16285
8.85708
8.59933
8.63019
7.69829
7.4423
7.39333
7.30761
7.10405
7.10158
7.30023
7.39155
7.43904
7.69201
214.018
158.174
137.597
126.493
116
115.933
126.44
137.647
158.3
214.079
152.868
150.381
127.34
108.119
94.294
94.3375
108.181
127.343
150.32
152.709
89.3778
102.285
101.705
99.7254
97.3881
97.3805
99.7172
101.641
102.213
89.3017
61.4004
72.4743
78.0046
84.4908
90.1566
90.157
84.4684
77.9312
72.3976
61.3518
44.4336
52.4161
56.8398
62.6213
70.2904
70.294
62.6035
56.7832
52.3386
44.3782
31.0788
37.1634
40.704
44.7941
50.2411
50.2397
44.7745
40.6662
37.0923
31.0211
21.3927
25.9624
28.962
31.7154
34.1816
34.174
31.6892
28.9402
25.9137
21.3508
15.6809
18.8093
20.9859
22.3319
22.6687
22.6589
22.3111
20.9748
18.7811
15.6481
12.8843
14.51
15.533
15.7315
15.1241
15.1174
15.7213
15.5251
14.4902
12.8553
11.1362
11.6399
11.8068
11.4894
10.8263
10.8242
11.4852
11.7966
11.621
11.1114
195.121
150.19
129.265
114.874
106.414
106.354
114.817
129.29
150.301
195.086
147.88
126.896
95.4217
73.5102
62.0909
62.1421
73.591
95.4789
126.85
147.791
93.5958
95.9644
85.2609
73.7432
66.416
66.4087
73.7525
85.2549
95.8954
93.5058
66.5436
74.2867
76.4243
76.7524
76.4365
76.4371
76.7542
76.3794
74.1923
66.458
49.5858
56.1245
60.6148
65.6294
71.5109
71.5203
65.6154
60.567
56.0365
49.5069
36.8058
43.0369
47.3312
51.0494
54.668
54.6718
51.0486
47.3161
42.9913
36.7358
27.8425
34.4189
38.9013
41.0884
41.0807
41.0819
41.0935
38.9013
34.3936
27.8013
22.8994
28.5183
32.5747
33.9733
32.7751
32.7728
33.9634
32.5524
28.4843
22.8668
20.2288
23.7228
26.2404
26.954
26.0549
26.0428
26.935
26.1957
23.6763
20.1864
17.9501
19.186
19.6772
19.5386
18.9727
18.9719
19.5436
19.6287
19.13
17.8984
181.241
144.82
124.192
109.978
104.109
104.088
109.967
124.195
144.857
181.162
132.675
104.444
74.2671
54.7198
46.4171
46.4713
54.7741
74.3106
104.388
132.566
88.9679
79.8288
65.0184
49.4295
41.1395
41.1404
49.4519
65.0292
79.7493
88.8429
65.8401
67.0751
65.4961
56.8996
50.7517
50.7527
56.9345
65.4857
66.9925
65.7433
50.1643
54.6551
60.1364
61.1407
60.8715
60.8916
61.166
60.1268
54.6127
50.1136
39.1862
46.3517
52.6361
56.3625
57.4608
57.474
56.396
52.6715
46.3741
39.1345
33.3446
42.248
48.6107
51.1411
49.4691
49.4775
51.1822
48.6432
42.246
33.3236
30.8206
37.8606
44.6845
47.8478
45.5158
45.5268
47.8409
44.6117
37.7862
30.773
27.9511
32.2736
37.0758
40.7908
41.1228
41.1076
40.7203
36.9478
32.1753
27.8854
25.0529
26.4469
27.2033
28.2311
29.4763
29.469
28.2209
27.1033
26.3649
24.989
173.075
141.59
122.359
110.946
107.041
107.044
110.964
122.348
141.532
172.994
115.604
88.0882
62.9335
47.9787
41.77
41.8007
47.9574
62.9271
88.0496
115.499
77.5783
63.1869
49.5101
36.2153
29.4063
29.415
36.2372
49.5034
63.1093
77.4423
59.6281
55.5196
50.8205
39.5504
32.342
32.3539
39.6081
50.8285
55.4664
59.5643
48.4727
50.1711
53.3835
48.547
42.8019
42.8305
48.6446
53.4315
50.1766
48.4754
42.0457
48.0043
53.8325
55.0921
52.6622
52.6882
55.1856
53.9319
48.053
42.0364
40.0866
48.1527
54.8101
57.3975
55.1162
55.1282
57.4557
54.8622
48.1614
40.0754
38.3953
44.5285
52.6972
57.8727
55.7285
55.7428
57.8395
52.5707
44.4356
38.3195
34.013
37.7147
43.2974
49.9156
52.81
52.8035
49.788
43.1236
37.6044
33.9452
31.3639
32.3541
31.9824
33.6878
37.1564
37.1463
33.6474
31.876
32.2961
31.3332
168.162
139.272
122.676
114.265
111.565
111.573
114.291
122.671
139.195
168.062
102.62
78.4296
57.3108
44.926
39.4559
39.4459
44.8208
57.2529
78.4289
102.609
65.7503
51.7051
39.5708
29.9162
25.1967
25.2031
29.9243
39.5497
51.6527
65.6776
51.6401
44.7217
37.773
29.4176
24.473
24.488
29.4688
37.7798
44.6814
51.6052
45.5183
42.8035
41.3702
35.9815
30.9299
30.9534
36.0891
41.4333
42.8016
45.5163
43.6718
44.2992
47.1742
46.8737
42.8721
42.8915
47.0019
47.2915
44.3286
43.6606
43.6754
47.6855
53.2569
55.4061
52.511
52.5087
55.4625
53.3204
47.711
43.6516
42.9824
47.5032
54.099
58.0107
57.0746
57.0698
57.9408
54
47.4571
42.9302
39.6231
42.5133
45.6806
50.0972
53.9958
54
49.9857
45.539
42.4441
39.5837
39.4656
39.0815
35.8436
35.8459
38.8852
38.8871
35.803
35.7541
39.0519
39.4735
164.332
139.024
125.111
118.351
116.022
116.028
118.373
125.116
138.977
164.233
93.6626
73.1748
54.9172
43.2829
37.6186
37.5938
43.1459
54.8212
73.1774
93.7414
57.1401
45.154
34.0668
26.6372
23.2811
23.2813
26.6342
34.042
45.1276
57.141
44.711
36.5849
29.1282
23.6786
20.914
20.9232
23.7087
29.128
36.5565
44.6991
40.5345
34.3473
30.1638
26.891
24.3941
24.4076
26.9554
30.2011
34.3355
40.5156
40.0644
35.8233
35.4217
35.6185
33.2694
33.2771
35.7047
35.4991
35.8353
40.0327
41.0038
40.4307
43.9616
45.9474
43.563
43.5529
45.9852
44.0289
40.4591
40.9711
43.5905
45.884
50.2003
50.9746
49.918
49.8997
50.9274
50.177
45.8814
43.5698
46.5763
47.9567
47.7804
47.1465
48.4325
48.4305
47.0854
47.6943
47.9146
46.5523
49.7407
46.7349
40.8981
38.0161
38.6036
38.6055
37.9775
40.8151
46.6917
49.7428
161.833
140.679
128.878
122.685
120.207
120.21
122.7
128.889
140.658
161.761
85.8836
68.3598
53.2581
43.0062
37.3061
37.2847
42.8826
53.1518
68.3447
85.9843
50.3823
40.5454
31.029
24.9699
22.0644
22.06
24.9603
31.0051
40.532
50.4108
38.998
30.9891
24.328
20.3441
18.5167
18.5195
20.3549
24.3236
30.9725
38.9979
35.1944
27.832
23.1053
20.8434
19.7572
19.7634
20.8695
23.1191
27.8225
35.1783
34.6982
28.3717
25.884
25.5874
24.7915
24.7949
25.6215
25.9181
28.3757
34.6735
36.8885
32.8822
33.0356
33.6746
32.4392
32.4333
33.6917
33.0741
32.8955
36.8676
43.1817
41.5206
42.1396
41.1475
39.4936
39.4799
41.1319
42.151
41.5219
43.1728
51.9122
50.287
47.671
44.0747
42.543
42.5328
44.0374
47.6251
50.2519
51.8979
57.027
52.8007
46.3154
41.2591
39.5116
39.5052
41.218
46.2416
52.7447
57.0108
161.718
143.699
133.326
127.244
124.457
124.458
127.252
133.334
143.691
161.673
79.1481
63.7388
51.4563
43.2647
37.9893
37.9726
43.1686
51.3576
63.7253
79.2339
44.9871
36.6779
29.1219
24.1654
21.3339
21.3279
24.152
29.1003
36.6691
45.0122
34.8303
27.2825
21.7406
18.4148
16.7301
16.7292
18.4136
21.7334
27.2733
34.8317
31.6118
23.9467
19.397
17.2243
16.37
16.3716
17.2307
19.3994
23.942
31.6045
31.2554
24.021
20.4246
19.1878
18.7572
18.7587
19.1986
20.4375
24.0238
31.2481
34.1659
28.1752
25.4712
24.4682
23.7356
23.7336
24.4747
25.4874
28.1815
34.1651
41.74
36.8515
33.8505
31.8035
30.3743
30.3675
31.7971
33.8542
36.8497
41.7455
51.5964
47.7582
43.0415
38.8949
36.8007
36.7905
38.8704
43.0118
47.7305
51.5986
57.6187
54.5116
48.4609
42.3975
39.5274
39.5172
42.3613
48.4048
54.4685
57.6045
164.391
148.103
138.348
132.195
129.149
129.148
132.197
138.351
148.1
164.363
75.2086
61.0227
50.2276
43.6437
39.1015
39.0856
43.5722
50.1497
61.0204
75.2834
41.559
34.0179
27.8815
23.7236
20.9653
20.958
23.7062
27.8604
34.0141
41.5794
32.4304
25.1257
20.2385
17.2579
15.5456
15.5428
17.2506
20.2294
25.1214
32.4321
30.07
22.0247
17.4587
15.1821
14.1818
14.1813
15.181
17.4572
22.0233
30.0677
29.8919
21.7189
17.4823
15.6589
15.0796
15.0802
15.6625
17.4873
21.7226
29.8939
31.7633
24.7145
20.7162
18.8898
18.2671
18.2671
18.894
20.7239
24.7215
31.773
37.1879
31.5377
27.1439
24.7725
23.7451
23.7424
24.7703
27.1455
31.5412
37.2005
45.1549
41.2209
35.7474
31.9531
30.3239
30.3177
31.9398
35.7331
41.2112
45.165
51.9737
50.3564
44.8722
38.884
36.0418
36.0338
38.862
44.8424
50.339
51.9712
169.323
153.696
143.907
137.565
134.354
134.354
137.563
143.906
153.694
169.307
73.9672
60.1698
50.0779
44.3251
40.4422
40.426
44.2755
50.0266
60.1742
74.0374
39.4073
32.3905
26.9288
23.2675
20.7657
20.7576
23.2447
26.9057
32.3916
39.4282
30.5332
23.7491
19.1435
16.3928
14.7819
14.7784
16.3826
19.1337
23.7484
30.5367
28.7111
20.8718
16.2111
13.901
12.844
12.8429
13.8977
16.2087
20.8727
28.711
28.6981
20.2513
15.6631
13.6406
12.9217
12.922
13.642
15.6661
20.2562
28.7002
29.0579
21.7336
17.4795
15.4766
14.8105
14.811
15.4799
17.4852
21.7415
29.0657
31.0535
25.9798
21.8871
19.5443
18.6608
18.6603
19.5454
21.8914
25.9872
31.0646
36.0669
32.9262
28.3216
25.1261
23.8665
23.8644
25.1235
28.3222
32.931
36.0787
42.6367
41.808
37.207
32.0587
29.6233
29.6198
32.0524
37.2033
41.8125
42.6471
175.188
159.79
149.634
143.043
139.734
139.733
143.041
149.632
159.79
175.18
73.2353
60.1354
50.6852
45.4095
42.1331
42.1182
45.3716
50.6491
60.1405
73.2942
37.1977
30.9311
25.871
22.6336
20.5836
20.5759
22.6126
25.8518
30.935
37.2193
27.6894
22.0845
17.9281
15.4907
14.1472
14.1438
15.4814
17.9201
22.0863
27.6953
25.5718
19.1577
14.9364
12.8291
11.8889
11.8878
12.826
14.9348
19.1602
25.5735
25.3314
18.3375
14.1153
12.2121
11.5029
11.503
12.2128
14.1179
18.3423
25.3318
24.9759
18.7655
14.9835
13.133
12.4641
12.4646
13.1354
14.9881
18.7718
24.9777
25.1095
20.9443
17.7146
15.6726
14.8175
14.8178
15.675
17.7199
20.9514
25.1161
27.9334
25.4898
22.2332
19.6366
18.4542
18.4541
19.6387
22.2396
25.5004
27.9473
33.5383
32.4462
28.851
24.9016
22.8856
22.8852
24.904
28.8605
32.4649
33.5581
180.73
165.445
154.881
148.084
144.727
144.726
148.082
154.881
165.445
180.727
72.1007
60.5119
51.953
47.1444
44.4234
44.4116
47.1168
51.9287
60.514
72.14
34.7435
29.3835
24.8192
22.0333
20.454
20.4478
22.0175
24.8058
29.3872
34.7621
24.0911
19.8694
16.4818
14.5235
13.5204
13.5178
14.5168
16.4767
19.872
24.0984
21.0183
16.5887
13.4024
11.7663
11.051
11.0501
11.7642
13.4018
16.5916
21.0216
20.1111
15.5045
12.4274
10.957
10.3849
10.3849
10.9573
12.4293
15.5082
20.112
19.5096
15.4316
12.728
11.3356
10.7831
10.7834
11.3369
12.731
15.4354
19.5097
19.3695
16.5315
14.2933
12.7892
12.0866
12.0867
12.7908
14.2972
16.5368
19.3739
21.1734
19.3483
17.2491
15.3417
14.3225
14.3226
15.3438
17.2549
19.3585
21.1873
25.1677
23.9044
21.3838
18.8433
17.3572
17.3575
18.8467
21.394
23.9235
25.1873
185.219
169.902
159.068
152.161
148.791
148.791
152.161
159.068
169.903
185.219
71.8855
61.7268
54.153
49.7884
47.5056
47.4976
49.7705
54.1388
61.7264
71.9074
33.3038
28.554
24.4936
22.0819
20.8375
20.8331
22.0713
24.4854
28.5559
33.3175
21.014
17.8343
15.2408
13.7645
13.0516
13.0499
13.7602
15.2378
17.8364
21.0209
16.7995
14.0019
11.9056
10.7959
10.3091
10.3085
10.7945
11.9053
14.004
16.8031
15.2199
12.6141
10.7601
9.80951
9.41741
9.41726
9.80945
10.761
12.6162
15.2215
14.5023
12.288
10.7016
9.81974
9.44248
9.44244
9.82008
10.7028
12.29
14.5031
14.4461
12.817
11.4793
10.5518
10.1018
10.1017
10.5522
11.4811
12.8203
14.4492
15.5204
14.37
13.1
11.9588
11.335
11.3349
11.9597
13.1035
14.3766
15.5295
17.632
16.8091
15.3192
13.9185
13.0818
13.082
13.9206
15.3256
16.821
17.6448
188.279
172.846
161.911
154.979
151.614
151.614
154.979
161.911
172.847
188.28
73.2359
63.8691
57.1088
53.0688
51.0705
51.0658
53.0587
57.1014
63.8678
73.2472
34.1978
29.4464
25.701
23.4504
22.35
22.3472
23.4438
25.6962
29.4464
34.2063
19.3654
16.7032
14.6773
13.5241
12.983
12.9819
13.5214
14.6755
16.7041
19.3706
14.0207
12.1748
10.8298
10.0959
9.76867
9.76825
10.0949
10.8294
12.1759
14.0236
11.9586
10.5056
9.46262
8.89292
8.64566
8.6455
8.89266
9.46281
10.5065
11.96
11.1169
9.97698
9.1291
8.62644
8.40071
8.40059
8.62635
9.12942
9.97778
11.1177
10.9752
10.128
9.40654
8.90026
8.65289
8.65276
8.90026
9.40717
10.1294
10.9769
11.4261
10.8258
10.1392
9.5599
9.25553
9.25545
9.56026
10.1408
10.829
11.4299
12.232
11.8299
11.1111
10.4549
10.1019
10.102
10.4558
11.114
11.835
12.2368
189.92
174.425
163.493
156.574
153.219
153.219
156.575
163.494
174.426
189.92
75.405
66.3742
60.1466
56.2937
54.4462
54.4439
56.2885
60.1427
66.3723
75.4097
36.4927
31.4253
27.834
25.6234
24.5714
24.5698
25.6197
27.8311
31.4242
36.4966
18.9728
16.4384
14.7324
13.7418
13.2828
13.2822
13.7402
14.7312
16.4384
18.9756
12.6457
11.2099
10.2647
9.73209
9.49095
9.49069
9.73146
10.2643
11.2101
12.6473
10.2449
9.29731
8.66401
8.30283
8.14063
8.1405
8.30257
8.6639
9.29752
10.2457
9.25193
8.58577
8.11464
7.82728
7.6951
7.695
7.82712
8.11461
8.58596
9.25237
8.92655
8.45758
8.07838
7.81615
7.68929
7.68919
7.81606
8.07852
8.45802
8.92713
8.97925
8.66359
8.33243
8.067
7.93377
7.93373
8.06711
8.33301
8.66467
8.98029
9.20075
9.00324
8.70906
8.44673
8.31543
8.31547
8.44707
8.71005
9.00482
9.2021
190.624
175.14
164.237
157.336
153.988
153.988
157.337
164.237
175.141
190.624
77.3523
68.4767
62.5429
58.8025
57.0321
57.031
58.7999
62.5403
68.4743
77.3529
38.4714
33.216
29.7221
27.5384
26.5109
26.5101
27.5364
29.72
33.2143
38.4722
19.2032
16.5984
15.0438
14.1237
13.6992
13.6988
14.1228
15.0428
16.5977
19.204
12.1423
10.8296
10.0595
9.61555
9.41275
9.41258
9.61513
10.0591
10.8294
12.1428
9.49004
8.7251
8.26363
7.99593
7.87361
7.87352
7.99572
8.26342
8.72499
9.49025
8.36326
7.87328
7.562
7.37394
7.28654
7.28648
7.3738
7.56187
7.87321
8.36334
7.89336
7.57096
7.34515
7.19687
7.12551
7.12545
7.19677
7.34511
7.57099
7.89344
7.7485
7.5432
7.37303
7.24725
7.18458
7.18456
7.24726
7.37316
7.54343
7.74868
7.75665
7.63909
7.51631
7.41423
7.36165
7.36165
7.41431
7.51655
7.63946
7.75693
190.676
175.229
164.356
157.474
154.132
154.132
157.474
164.357
175.23
190.677
78.6498
69.8723
64.0873
60.4233
58.6954
58.6949
60.4219
64.0853
69.8699
78.6488
39.6913
34.4224
30.9991
28.8465
27.8365
27.836
28.8453
30.9974
34.4205
39.6906
19.639
16.8857
15.3839
14.4939
14.0831
14.0828
14.4932
15.383
16.8848
19.6386
12.0568
10.7488
10.0425
9.63323
9.44532
9.44521
9.63294
10.0421
10.7484
12.0567
9.2132
8.50284
8.10391
7.87258
7.76609
7.76603
7.87241
8.10369
8.50263
9.21312
7.99108
7.55769
7.30464
7.15525
7.08559
7.08554
7.15514
7.30449
7.55754
7.99101
7.43706
7.16162
6.99181
6.88688
6.83643
6.83639
6.88681
6.99173
7.16154
7.43699
7.20592
7.03437
6.91974
6.84294
6.80399
6.80397
6.84291
6.91973
7.03436
7.20589
7.14113
7.04702
6.97595
6.92262
6.89288
6.89288
6.92262
6.97597
7.04704
7.14114
191.017
175.581
164.71
157.827
154.483
154.483
157.827
164.71
175.581
191.017
79.1149
70.4601
64.8105
61.2199
59.5264
59.526
61.2188
64.8085
70.4575
79.1132
40.2327
34.9884
31.6026
29.4678
28.4641
28.4638
29.4669
31.6012
34.9866
40.2316
19.8898
17.031
15.5372
14.657
14.25
14.2498
14.6566
15.5364
17.03
19.889
12.0537
10.7281
10.0403
9.64285
9.45967
9.45959
9.64262
10.04
10.7277
12.0534
9.11371
8.41675
8.03835
7.81975
7.71877
7.71872
7.81962
8.03814
8.41652
9.11354
7.84159
7.42423
7.18975
7.05341
6.98979
6.98976
7.05332
7.18962
7.42408
7.84148
7.24489
6.98185
6.8286
6.73716
6.69329
6.69327
6.7371
6.82851
6.98175
7.24481
6.97607
6.81176
6.71126
6.6477
6.6153
6.61528
6.64766
6.71122
6.8117
6.97601
6.88415
6.79326
6.73224
6.68891
6.66412
6.66411
6.68889
6.73221
6.79322
6.8841
189.256
173.896
163.091
156.259
152.939
152.939
156.259
163.091
173.896
189.256
82.3609
73.897
68.3891
64.8748
63.2299
63.2296
64.8737
68.3869
73.894
82.3589
41.787
36.5724
33.2426
31.1338
30.1435
30.1433
31.1331
33.2414
36.5707
41.7858
21.0711
18.0609
16.5281
15.635
15.2237
15.2235
15.6345
16.5274
18.0599
21.0702
12.5489
11.1413
10.4404
10.0376
9.85241
9.85235
10.0374
10.44
11.1408
12.5485
9.29501
8.56275
8.18258
7.96289
7.86143
7.86139
7.96278
8.18239
8.56252
9.29481
7.89752
7.46143
7.22837
7.09355
7.03087
7.03084
7.09348
7.22826
7.46129
7.8974
7.2424
6.96767
6.81717
6.72874
6.68664
6.68662
6.72869
6.8171
6.96758
7.24232
6.94147
6.76779
6.66936
6.60833
6.57752
6.57751
6.6083
6.6693
6.76772
6.9414
6.82957
6.72916
6.66787
6.62504
6.60083
6.60083
6.62502
6.66783
6.72911
6.82951
191.546
176.173
165.342
158.485
155.148
155.148
158.485
165.342
176.174
191.546
85.9974
77.3555
71.7121
68.0449
66.283
66.2826
68.0436
71.7093
77.3516
85.9945
38.8208
33.6529
30.2974
28.1723
27.1694
27.1691
28.1716
30.296
33.6511
38.8195
18.9328
15.9691
14.3973
13.4775
13.0507
13.0506
13.4771
14.3967
15.9683
18.9321
11.5614
10.2009
9.50281
9.10876
8.92673
8.92667
9.1086
9.50253
10.2005
11.5611
8.88058
8.20863
7.84175
7.6352
7.53938
7.53935
7.6351
7.84159
8.20844
8.88044
7.69212
7.29675
7.06878
6.93948
6.87895
6.87893
6.93941
7.06868
7.29663
7.69203
7.08131
6.82967
6.67738
6.58965
6.54774
6.54772
6.58961
6.67731
6.82959
7.08124
6.77626
6.61845
6.51623
6.45484
6.424
6.42399
6.45481
6.51618
6.61839
6.7762
6.6562
6.56892
6.50239
6.45877
6.43449
6.43448
6.45875
6.50235
6.56887
6.65615
166.944
153.366
143.666
137.642
134.765
134.765
137.643
143.667
153.368
166.946
151.038
138.882
131.493
126.508
124.005
124.005
126.507
131.49
138.877
151.033
74.6417
68.1374
64.7313
62.4259
61.2856
61.2852
62.4248
64.7291
68.1339
74.6382
36.1445
32.2088
30.4059
29.2368
28.677
28.6768
29.2362
30.4047
32.2071
36.1426
19.2359
16.8527
15.9024
15.31
15.0352
15.0351
15.3097
15.9018
16.8518
19.2349
12.3105
10.9583
10.4654
10.1656
10.0292
10.0291
10.1654
10.4651
10.9579
12.3099
9.53311
8.75895
8.49684
8.33769
8.2656
8.26557
8.33761
8.4967
8.75876
9.53287
8.35758
7.86121
7.71062
7.6161
7.57283
7.57282
7.61605
7.71054
7.8611
8.35746
7.79347
7.43373
7.341
7.27813
7.24847
7.24846
7.2781
7.34094
7.43366
7.79339
7.5084
7.2135
7.15815
7.11413
7.09188
7.09188
7.11411
7.15811
7.21345
7.50834
160.688
145.476
135.082
128.605
125.492
125.499
128.642
135.145
145.473
160.721
19.1165
17.1012
15.938
15.3857
15.1678
15.1866
15.4377
16.0479
17.0764
18.9676
10.5658
10.3494
10.253
10.2112
10.1844
10.1856
10.212
10.2368
10.3162
10.5535
10.0382
10.0221
10.0189
10.0185
10.0172
10.0179
10.0191
10.0148
10.0159
10.0364
10.0181
10.0209
10.0227
10.0237
10.024
10.0241
10.0238
10.022
10.0198
10.0178
10.0245
10.026
10.0265
10.0268
10.0268
10.0269
10.0268
10.0264
10.0258
10.0244
10.0267
10.0271
10.0272
10.0272
10.0272
10.0272
10.0272
10.0272
10.0271
10.0267
10.0272
10.0273
10.0273
10.0273
10.0272
10.0272
10.0272
10.0272
10.0272
10.0272
10.0272
10.0272
10.0272
10.0272
10.0272
10.0272
10.0272
10.0272
10.0272
10.0273
10.0272
10.0272
10.0272
10.0272
10.0272
10.0272
10.0272
10.0272
10.0272
10.0272
201.032
179.497
165.346
156.337
152.023
152.035
156.275
165.227
179.78
201.62
42.3344
35.715
31.8764
29.7298
28.7296
28.7691
29.9201
32.3373
36.0676
42.2392
14.0034
12.8414
12.1796
11.8068
11.656
11.655
11.807
12.139
12.7749
13.972
10.3939
10.1521
10.034
9.9755
9.95225
9.94973
9.96999
10.0184
10.134
10.3864
9.85919
9.81301
9.79571
9.78872
9.78607
9.7858
9.78796
9.79324
9.81007
9.85813
9.78226
9.77605
9.77473
9.77446
9.77446
9.77445
9.77445
9.77433
9.77547
9.78233
9.77438
9.7742
9.77435
9.77441
9.77447
9.77453
9.77452
9.77436
9.77408
9.77443
9.77431
9.77451
9.77459
9.7746
9.7746
9.77463
9.77464
9.77464
9.77454
9.77442
9.77461
9.77464
9.77463
9.77463
9.77458
9.77456
9.7746
9.77463
9.77464
9.77458
9.77462
9.77459
9.77453
9.77447
9.77443
9.77445
9.77451
9.77456
9.77462
9.77463
230.786
205.971
189.629
178.896
173.762
173.636
178.502
189.204
206.96
232.451
64.6717
54.0285
48.0942
44.8197
43.1422
43.3392
45.4116
48.8243
54.3163
64.2849
18.5948
16.4593
15.1574
14.418
14.1114
14.1312
14.4671
15.1623
16.3556
18.4962
11.2747
10.725
10.4099
10.2468
10.1869
10.1784
10.2367
10.4129
10.7204
11.2734
9.89567
9.7414
9.66709
9.63312
9.62092
9.61843
9.63108
9.67119
9.74493
9.89685
9.60277
9.56487
9.55074
9.54516
9.54334
9.54337
9.5454
9.55213
9.56662
9.60428
9.54536
9.53766
9.53575
9.53522
9.53534
9.53533
9.53545
9.53626
9.53808
9.54582
9.53576
9.53461
9.53452
9.53455
9.53476
9.53488
9.5349
9.53475
9.53479
9.53609
9.53455
9.53437
9.5344
9.53447
9.53459
9.53467
9.53462
9.53457
9.53469
9.53485
9.5344
9.53438
9.53431
9.53421
9.53414
9.53416
9.53427
9.53439
9.53455
9.5346
249.252
224.023
206.99
195.368
189.664
189.299
194.748
206.731
225.9
251.479
82.9561
69.951
62.3224
58.5374
56.6406
57.0548
59.2764
62.3826
69.4341
83.0365
24.0921
20.1477
18.3953
17.4217
16.9347
17.0168
17.5608
18.3707
19.8977
23.1683
12.5728
11.5001
11.0246
10.7567
10.6402
10.6438
10.7762
11.0877
11.524
12.3901
10.1209
9.79374
9.65048
9.57653
9.54631
9.5458
9.58162
9.67296
9.80789
10.0925
9.50592
9.4064
9.36842
9.35125
9.34429
9.34422
9.35238
9.37456
9.41159
9.50259
9.35121
9.32398
9.3158
9.31254
9.31191
9.31196
9.31315
9.3177
9.32598
9.35145
9.31547
9.30887
9.30766
9.30759
9.30773
9.30749
9.3077
9.30816
9.30939
9.3157
9.30817
9.30669
9.30662
9.30655
9.30673
9.30704
9.30703
9.30688
9.30707
9.30854
9.30673
9.30633
9.30625
9.30613
9.30609
9.30608
9.30617
9.30635
9.30648
9.30685
258.076
234.098
217.455
205.834
199.742
199.321
205.773
218.185
236.255
259.852
95.6863
82.1861
73.5872
69.716
68.1866
68.3031
69.4874
72.4525
81.6713
96.7601
31.1335
25.1284
21.5829
20.5167
20.4118
20.579
20.4086
21.0606
23.7405
30.4572
14.4483
12.6739
11.7718
11.4115
11.3185
11.3715
11.4666
11.8042
12.4916
14.2044
10.5477
9.98371
9.72887
9.6087
9.5663
9.57977
9.63508
9.75319
9.96676
10.49
9.50313
9.31029
9.23358
9.19916
9.18649
9.18852
9.20441
9.24028
9.31028
9.48969
9.20176
9.13946
9.11879
9.10984
9.1071
9.10794
9.11186
9.12135
9.14119
9.19926
9.1181
9.09949
9.09477
9.09344
9.09301
9.09299
9.0938
9.09551
9.1
9.11745
9.0974
9.09186
9.09087
9.09049
9.09031
9.09048
9.09075
9.09084
9.09153
9.09636
9.09209
9.09016
9.08994
9.08981
9.08964
9.08953
9.08958
9.08968
9.08987
9.09122
260.01
237.802
222.035
211.159
205.239
205.363
212.431
224.093
239.547
261.045
104.674
90.87
81.6847
77.5683
76.6219
76.0967
75.6075
79.9995
90.7692
105.606
38.2603
31.1731
26.2684
24.7379
24.8662
24.4858
22.7291
24.1386
29.8924
37.9837
16.6326
14.3117
12.9357
12.4034
12.3139
12.2895
12.1775
12.6261
14.0302
16.4434
11.1458
10.332
9.92511
9.74174
9.68455
9.69582
9.74729
9.89377
10.2722
11.0789
9.59588
9.28713
9.15208
9.09155
9.07201
9.07868
9.1002
9.14908
9.27529
9.57532
9.10347
8.98953
8.94801
8.9311
8.92579
8.92632
8.93206
8.9481
8.98705
9.09698
8.94808
8.909
8.89759
8.89402
8.89389
8.89457
8.89575
8.89821
8.90868
8.94684
8.90287
8.88968
8.88676
8.88593
8.88619
8.88695
8.88728
8.88717
8.8899
8.90212
8.88982
8.8852
8.88463
8.88429
8.88398
8.88401
8.88419
8.88425
8.88525
8.88904
258.34
237.191
222.475
212.779
207.837
208.853
215.141
224.887
238.067
258.418
114.276
98.9033
87.9017
82.9219
81.6711
80.2747
79.5011
85.3583
97.9311
114.359
45.1406
37.3826
31.6433
29.2215
28.8647
27.5764
25.596
29.2573
36.7083
45.1534
18.8448
16.1805
14.4476
13.6491
13.4165
13.1871
13.0308
13.9583
15.9996
18.7979
11.8301
10.8106
10.2474
9.97541
9.8763
9.85313
9.90924
10.1551
10.7381
11.7878
9.76257
9.33487
9.12798
9.03106
8.99607
8.9996
9.03037
9.11145
9.31338
9.744
9.05459
8.87849
8.80603
8.7761
8.76691
8.76683
8.77499
8.80411
8.87291
9.04764
8.808
8.73963
8.71749
8.71085
8.70992
8.70922
8.7115
8.71792
8.73873
8.80762
8.72615
8.70126
8.69537
8.69306
8.69316
8.69499
8.69598
8.6964
8.70268
8.728
8.70027
8.69112
8.68947
8.6886
8.68846
8.68869
8.68919
8.68981
8.6923
8.70074
256.041
235.215
220.679
212.165
208.785
210.13
214.529
221.631
234.244
254.998
121.124
107.912
95.936
87.539
83.7629
81.7704
82.4948
92.2846
108.501
122.45
50.7543
43.3214
37.4181
33.5869
31.8321
29.9937
29.935
35.8818
44.1977
51.5893
20.752
18.005
16.1591
15.018
14.4877
14.0835
14.2373
15.8236
18.2528
21.0147
12.4927
11.3419
10.6722
10.2963
10.1245
10.057
10.1641
10.58
11.3275
12.5178
9.95865
9.43083
9.15991
9.01876
8.95905
8.95163
9.00014
9.13579
9.41591
9.96087
9.04134
8.80312
8.6957
8.64481
8.62664
8.62714
8.64417
8.69335
8.80154
9.04408
8.69496
8.59298
8.5546
8.54051
8.53598
8.53488
8.54
8.5551
8.59214
8.69746
8.57009
8.52816
8.51616
8.51129
8.50958
8.51094
8.51349
8.51763
8.52891
8.571
8.52575
8.50862
8.50512
8.5036
8.50295
8.50281
8.50379
8.50566
8.50955
8.52545
254.002
234.101
219.3
210.77
208.269
209.255
210.969
216.434
231.278
252.797
122.411
111.574
103.179
92.8727
84.1092
82.206
90.9127
106.522
117.394
125.773
54.3855
47.3903
42.5842
37.7536
34.0386
32.5275
36.2572
44.1254
50.8124
56.1208
22.2139
19.4406
17.7871
16.3775
15.4678
15.0973
15.9363
18.0343
20.3799
22.782
13.0677
11.8278
11.1238
10.6673
10.4179
10.334
10.5475
11.1063
11.9309
13.1733
10.1502
9.54107
9.22954
9.04929
8.96394
8.95224
9.02692
9.2114
9.55405
10.1879
9.04513
8.74839
8.613
8.54346
8.51371
8.51175
8.53953
8.61291
8.75898
9.06769
8.60101
8.46528
8.40996
8.38592
8.37931
8.38008
8.38837
8.41205
8.46654
8.61016
8.42951
8.36778
8.34732
8.34009
8.33869
8.33976
8.34205
8.3501
8.36838
8.43134
8.36349
8.33622
8.32987
8.32777
8.32636
8.32645
8.32794
8.33079
8.33764
8.365
251.442
233.271
219.093
209.967
206.446
206.028
206.97
213.751
230.981
251.801
120.615
108.834
103.655
95.5496
85.4609
86.8656
105.819
118.733
118.902
124.306
56.5893
49.0486
45.3487
40.8756
36.2499
36.4011
44.2463
51.0678
54.1709
58.5307
23.2284
20.3409
18.8842
17.5076
16.3581
16.3086
17.9732
20.0051
21.8278
24.0837
13.5071
12.1925
11.4967
11.0173
10.7184
10.6627
11.005
11.6244
12.4554
13.7334
10.3263
9.63922
9.29883
9.10251
8.99779
8.98892
9.09456
9.30951
9.70232
10.3947
9.06407
8.70584
8.5421
8.46596
8.43099
8.42473
8.45599
8.5504
8.72937
9.09501
8.52906
8.35101
8.28008
8.25339
8.24385
8.24123
8.25329
8.2848
8.35842
8.54422
8.30494
8.2192
8.19206
8.18175
8.17874
8.18135
8.18433
8.19492
8.22465
8.31686
8.21421
8.17461
8.16413
8.16005
8.15827
8.15876
8.16071
8.16561
8.17942
8.21996
246.146
231.41
218.687
209.537
203.87
201.923
205.696
215.318
231.894
250.644
124.011
104.705
98.6421
94.553
90.9191
98.14
114.566
118.842
113.548
121.794
60.1753
49.7184
45.5297
42.6162
39.7685
42.1324
49.8616
52.9934
53.8945
59.7101
25.5208
20.8328
19.3033
18.2518
17.2616
17.6483
19.754
20.7978
22.0886
25.1716
14.2552
12.4585
11.7169
11.2795
10.9861
11.0059
11.4757
11.9827
12.8108
14.253
10.5679
9.75086
9.35214
9.15093
9.03662
9.03599
9.17235
9.39157
9.84072
10.5919
9.12984
8.70186
8.48972
8.39607
8.35681
8.35309
8.39055
8.4955
8.71736
9.13372
8.49342
8.26387
8.16418
8.13089
8.11411
8.10785
8.12617
8.16769
8.26578
8.49769
8.21321
8.09384
8.05283
8.03603
8.02693
8.02934
8.03545
8.05048
8.09408
8.21411
8.08986
8.03199
8.01618
8.0067
8.00104
7.99967
8.00187
8.0107
8.03317
8.08574
236.721
226.131
216.546
208.318
201.621
200.076
207.054
217.949
231.517
248.154
143.949
109.629
94.4792
92.8326
99.2066
107.134
108.371
106.598
108.37
123.937
70.1314
53.3856
45.4107
43.6647
44.7934
47.5177
49.5313
49.511
52.4263
61.9662
31.0999
22.8481
19.3696
18.6018
18.571
19.2922
19.9579
20.1351
21.7515
27.073
15.8396
13.0777
11.8701
11.4073
11.2867
11.4324
11.7666
12.1149
13.0146
14.9815
10.9877
9.94173
9.42991
9.17005
9.07138
9.10202
9.25059
9.45702
9.95854
10.8331
9.25234
8.73978
8.4746
8.33994
8.28647
8.28986
8.34868
8.4595
8.72115
9.19418
8.48407
8.20599
8.07477
8.01472
7.99521
7.99276
8.01283
8.06198
8.18748
8.45797
8.14808
7.99039
7.9244
7.89771
7.88763
7.88841
7.89757
7.92105
7.97555
8.11561
7.98763
7.90258
7.87646
7.86382
7.85413
7.85137
7.85462
7.86542
7.89417
7.96433
228.529
216.174
210.464
206.049
201.44
201.399
207.676
215.28
227.229
244.379
171.416
134.104
103.12
93.8688
103.633
105.686
93.6191
96.8542
112.106
133.885
85.4206
64.5378
49.5116
45.6188
49.1041
49.8585
44.6405
45.4762
54.3537
67.5078
39.3248
28.5565
21.0802
19.1622
20.6819
20.7241
18.9425
19.0894
23.0554
30.9255
18.1368
14.6664
12.3834
11.5798
11.751
11.7986
11.7976
12.1545
13.5004
16.151
11.5788
10.3035
9.55884
9.19171
9.12032
9.19439
9.34637
9.53694
10.1159
11.1642
9.40922
8.81348
8.47762
8.30729
8.25053
8.26017
8.32656
8.45314
8.73965
9.27935
8.49709
8.17607
8.01545
7.93664
7.91151
7.9105
7.93368
7.98363
8.13139
8.42986
8.08736
7.8996
7.81855
7.78083
7.76603
7.76752
7.77708
7.80731
7.87524
8.03889
7.88507
7.78022
7.7458
7.72884
7.71575
7.71354
7.71888
7.72922
7.76399
7.85465
232.195
209.426
200.762
202.751
203.644
202.775
203.778
202.479
221.917
243.462
178.638
161.749
131.605
104.683
100.677
97.0687
87.9391
111.977
123.422
142.873
94.4567
79.2618
61.5085
50.6711
50.7966
48.7437
42.1113
51.2092
60.9175
74.0716
45.8754
36.0403
26.8082
21.89
22.387
20.9659
18.3009
21.8872
27.0177
35.4547
20.0975
16.7545
13.8233
12.266
12.2238
11.9781
11.7666
12.7299
14.4739
17.5485
12.1363
10.7858
9.84553
9.33222
9.20896
9.26812
9.41634
9.67592
10.3598
11.5852
9.60235
8.94329
8.51403
8.29658
8.24877
8.27631
8.32486
8.46462
8.78889
9.40169
8.53487
8.17376
7.96909
7.8866
7.85132
7.84086
7.87786
7.94214
8.10439
8.43941
8.02832
7.82704
7.73982
7.6897
7.65677
7.66142
7.67738
7.71284
7.79703
7.99178
7.78899
7.67418
7.63399
7.60598
7.5877
7.58497
7.5923
7.61196
7.6619
7.76258
242.99
215.985
196.271
198.354
206.204
202.91
192.85
187.904
223.539
246.772
163.199
164.109
157.864
125.66
95.5184
87.2185
109.973
149.209
127.134
139.255
91.4942
85.2276
76.1763
60.6834
50.8459
45.6725
51.4831
72.2988
66.4109
75.3556
46.7922
40.307
34.304
27.4455
23.5681
20.7632
23.0811
32.2015
31.1916
37.702
20.6052
17.8253
15.7912
13.8184
12.8118
12.2072
12.6119
14.7647
15.6394
18.4861
12.4314
11.0889
10.2955
9.69456
9.39364
9.33282
9.46853
9.96926
10.7688
12.0604
9.76006
9.0357
8.60076
8.33877
8.24987
8.27531
8.34234
8.53683
8.94194
9.57512
8.56267
8.1526
7.92063
7.81342
7.77902
7.77299
7.81816
7.91955
8.11143
8.48676
8.00378
7.76795
7.64829
7.58715
7.55342
7.56114
7.59249
7.64612
7.7367
7.94898
7.72165
7.5792
7.52344
7.48817
7.46858
7.46837
7.48432
7.52071
7.58498
7.69362
252.513
227.687
204.579
196.234
206.149
204.084
178.166
188.207
230.494
251.245
140.375
145.208
156.735
141.319
91.9808
81.6578
154.344
171.558
120.016
126.314
81.4192
79.8655
81.0166
69.7344
50.1584
45.104
78.5498
94.7231
66.9276
70.5284
43.2771
38.8871
38.0766
32.8261
24.4039
22.4567
36.6219
45.9797
34.2023
36.8314
20.0329
17.1851
16.7202
15.5476
13.5438
13.0871
16.352
19.3685
16.8674
18.467
12.6131
10.9953
10.5073
10.1172
9.69746
9.62706
10.0093
10.8622
11.2669
12.3321
9.87507
9.02551
8.62952
8.46915
8.33793
8.29197
8.38901
8.75969
9.14003
9.69698
8.60032
8.12323
7.8938
7.79663
7.74562
7.73687
7.78416
7.90348
8.10596
8.49575
8.02657
7.70741
7.54794
7.49672
7.46749
7.47247
7.51201
7.58997
7.67667
7.89741
7.69085
7.49458
7.40892
7.37576
7.3561
7.36295
7.39171
7.43054
7.49724
7.63205
258.331
236.503
216.37
202.275
205.018
203.174
170.886
199.932
236.74
255.686
121.627
122.777
136.028
133.673
89.9952
95.5858
188.428
167.871
109.929
112.434
71.2348
70.1695
74.412
68.2861
47.8523
50.7196
109.627
102.335
64.7732
63.5015
39.4392
35.2348
35.9444
32.9107
23.7162
27.1388
54.3992
54.6997
35.7401
34.1492
19.9412
16.3516
15.9967
15.8302
13.8099
14.974
23.0982
23.3546
17.5705
17.8102
12.9335
10.9399
10.3127
10.2823
9.96661
10.2221
11.2807
11.7827
11.4442
12.1518
10.1086
9.09129
8.5763
8.60616
8.52626
8.40853
8.48624
8.94787
9.19301
9.65636
8.6462
8.14268
7.87395
7.87347
7.77014
7.70633
7.77831
7.9128
8.06884
8.43604
7.90854
7.61657
7.49057
7.46024
7.40081
7.40062
7.42707
7.51462
7.60655
7.84395
7.61117
7.41154
7.34807
7.30639
7.26107
7.26044
7.29069
7.31869
7.39242
7.55487
261.435
241.95
224.725
210.826
207.828
201.091
176.375
211.357
240.502
260.115
110.562
105.228
112.684
110.416
88.3641
123.789
196.409
154.036
102.234
101.879
64.2732
61.7525
63.2832
57.1638
44.2569
61.4625
123.998
97.9386
62.3694
57.7351
37.5177
33.2743
31.3341
27.3396
21.3289
31.8455
64.0487
55.3311
35.8796
32.1261
20.6803
16.9854
15.2654
14.5473
13.2938
16.4021
27.0489
24.4261
17.785
17.4298
13.3536
11.3302
10.3986
10.1433
9.91507
10.6763
12.3946
12.2106
11.3159
11.8434
10.2981
9.15839
8.56975
8.52224
8.5445
8.55208
8.64905
8.91429
9.03065
9.49257
8.70287
8.17813
7.84855
7.85379
7.73411
7.62211
7.72638
7.89309
8.0051
8.34849
7.98303
7.72481
7.55301
7.45436
7.33782
7.32482
7.32887
7.40119
7.51846
7.77527
7.50886
7.43809
7.46108
7.36401
7.21975
7.16905
7.17777
7.20976
7.31613
7.46579
262.215
245.387
229.225
216.202
212.433
202.873
188.546
219.89
243.238
264.694
106.279
92.2502
94.9314
90.772
87.3962
143.666
188.649
139.485
97.547
94.0747
60.3008
54.9719
53.8924
46.0115
42.7752
70.2984
115.486
87.6823
60.0067
53.7686
37.2791
32.215
28.0976
21.2339
19.1662
32.9823
58.8024
50.3435
35.9186
31.541
22.1812
18.1887
15.5817
12.9674
12.2227
15.9625
25.0231
23.3255
18.2575
17.3889
14.2876
11.9795
10.851
9.8642
9.60869
10.5874
12.584
12.3643
11.45
11.7255
10.5255
9.56991
8.71615
8.34307
8.38471
8.62694
8.94014
8.88037
8.89109
9.33271
9.97896
8.25663
7.90774
7.70477
7.61349
7.58655
7.64419
7.76425
7.87516
8.23714
9.87593
8.91574
7.6142
7.37969
7.26901
7.24068
7.24541
7.28265
7.37856
7.63483
7.87348
7.89425
7.64596
7.43956
7.22468
7.12705
7.09823
7.11746
7.24461
7.32357
260.037
245.727
230.535
219.487
216.97
209.15
203.11
226.724
247.094
269.965
106.116
83.7979
82.595
80.5077
87.6131
144.716
168.674
125.867
94.8988
91.4788
59.4722
48.85
47.725
41.1915
44.2617
71.1049
93.7944
74.5222
57.1504
51.0158
38.7076
30.2998
27.1615
19.4029
18.8266
30.4914
45.3861
42.9509
36.0689
30.9326
24.5821
18.3434
16.2902
12.1776
11.4697
14.5521
20.7678
21.5301
18.6334
16.8002
15.5624
12.4087
11.3525
9.64964
9.4054
10.4692
12.0423
12.4437
11.8654
11.5111
12.0854
10.498
9.07918
8.35414
8.5129
8.89548
9.52162
9.346
9.00782
9.30784
13.9031
8.94128
8.14895
7.63613
7.56299
7.79964
7.80402
7.74136
7.91319
8.31883
12.987
11.4779
7.75207
7.24703
7.23348
7.27808
7.27484
7.35553
7.3973
7.63648
9.83993
8.91459
7.81322
7.33721
7.19529
7.16982
7.13299
7.12806
7.23068
7.26465
251.888
241.205
229.945
223.021
222.303
217.973
218.326
234.37
254.062
277.53
108.209
82.0826
75.5573
75.3779
86.891
127.28
136.174
114.987
97.1341
96.7303
64.66
46.8033
43.7086
41.4549
46.9179
64.2919
70.239
61.3208
53.6013
48.1182
42.4398
29.6191
27.5988
21.7538
21.0706
27.1821
32.3712
34.9082
34.3876
28.7053
27.3654
18.7149
17.0172
12.9075
11.7402
13.4035
17.4844
19.8036
18.3269
16.0156
18.0893
14.2205
12.7795
10.2929
9.4705
10.6923
11.6357
12.447
12.0437
11.4882
16.9979
13.1415
10.7351
8.8851
8.94742
9.41276
9.93482
10.2717
9.4642
9.77572
20.1917
13.371
9.39808
7.94641
7.72141
8.25898
8.35976
8.22586
8.51154
9.28295
17.2931
15.5782
9.48335
7.50416
7.43377
7.69193
7.61425
7.81175
8.38187
8.99426
14.7237
12.0707
9.18182
7.52209
7.36144
7.49448
7.73685
7.93988
8.02787
8.17275
234.546
233.95
229.706
228.277
228.984
226.177
230.308
244.761
263.625
286.221
110.586
85.7343
74.2406
74.2414
85.0891
104.445
107.212
109.758
104.34
100.498
71.1804
51.5114
43.8256
43.45
48.4767
55.2459
51.9067
50.7783
49.3845
45.3025
47.3556
32.3355
28.0876
24.3342
24.1101
24.5386
23.7758
27.7487
29.6337
26.432
32.051
22.1212
19.0745
15.1807
12.9996
12.8489
14.9408
18.0596
17.5059
16.8454
24.6373
20.5046
16.5362
12.2447
10.0331
10.6866
11.5733
12.4628
12.1329
12.9676
26.1657
20.5825
15.1166
10.5813
9.54215
9.87097
9.86871
10.7444
10.0933
11.2822
27.6985
23.2617
14.669
9.63576
8.28139
8.73737
9.21704
9.43729
9.52921
11.2561
23.6792
22.8004
14.9814
9.19389
8.10331
8.50858
8.46551
8.7297
10.1984
12.6705
22.0271
19.4211
13.7762
9.04016
8.1065
8.51138
9.70887
10.1138
10.6249
11.3776
214.65
226.608
229.339
234.629
235.63
232.725
240.122
254.877
271.441
287.43
108.074
87.2294
73.3853
74.9876
83.3586
91.2239
96.5432
108.748
104.987
103.445
71.7375
55.8087
44.4852
43.9032
47.2033
47.3609
40.0831
44.9767
45.569
47.8906
50.2461
36.7866
28.4749
24.8865
25.0625
22.6526
20.0506
23.5905
25.8846
29.774
38.6149
29.4897
24.1379
18.6968
14.7789
13.1377
13.4965
16.3793
17.881
21.9053
34.7904
30.8097
23.2251
15.713
11.5005
10.8457
11.7421
12.9386
13.4301
17.7166
37.6913
32.7036
23.2063
14.3711
10.6622
10.4752
10.2258
11.1974
11.4137
14.9504
35.7066
35.272
25.2419
13.6961
9.15869
9.21944
10.4276
11.2381
11.1116
13.9137
31.1488
33.0063
25.1717
12.9545
9.02142
9.39121
9.81953
10.2126
11.8782
16.635
30.7695
30.5207
22.1671
12.1677
9.17526
10.1511
12.1237
12.4468
13.8685
16.2122
200.147
216.989
225.706
239.393
241.181
240.691
248.705
258.764
271.053
276.163
99.46
81.5555
69.2337
76.141
83.4582
88.8829
96.253
105.602
100.81
132.143
65.2958
53.4837
41.4697
41.478
43.7143
40.8345
36.2409
44.6821
45.8547
61.4407
49.1191
39.9557
30.6923
25.8378
24.7673
21.8911
20.3339
24.4309
27.5366
41.4332
43.6112
37.955
30.6053
22.9588
17.3425
14.7224
14.0196
16.1663
20.5145
32.1389
43.8539
41.0602
31.2281
20.6707
14.1662
12.0891
12.363
13.9032
17.3976
26.2037
46.1352
44.3016
32.9714
19.8082
12.6128
11.7754
11.5427
12.3118
14.7952
22.3591
41.3722
44.6768
36.7099
19.4157
10.5209
10.1055
12.226
13.4351
14.1693
18.5438
38.8407
42.7112
35.7415
18.2865
10.5542
10.3584
11.4006
12.0339
13.8849
19.412
40.6154
41.2763
30.9158
16.6254
10.635
11.9879
13.8396
14.4495
16.3792
20.4517
188.973
202.536
216.079
239.985
245.481
249.572
249.862
252.757
260.68
258.704
89.9605
73.9056
66.1772
77.2398
84.8123
91.8526
100.906
110.318
116.489
163.659
57.8413
48.9929
38.9987
39.4163
40.5714
39.2985
42.5211
51.0514
55.0657
82.5982
46.3611
41.7099
33.9322
27.7736
25.0739
23.3494
24.7858
30.533
36.0317
55.6471
44.4278
43.2234
35.7037
26.9271
20.4821
17.5201
16.8123
18.6758
24.582
42.265
46.2494
46.9702
37.6269
25.9376
17.5893
14.5123
13.7866
15.482
23.773
35.146
46.696
49.3282
39.9875
25.401
15.2849
13.8304
13.3162
14.2767
21.1465
31.4835
44.3901
48.8686
42.7477
24.8625
13.0856
11.8881
14.3208
15.8493
19.6228
26.5503
46.0108
48.2591
40.5512
23.7403
14.0066
12.3142
13.1237
14.0464
16.7891
23.3954
48.7141
46.7454
35.779
21.7065
14.0534
14.747
15.8089
16.9269
19.0394
24.1631
180.253
188.856
208.082
236.658
246.793
251.614
239.646
241.675
247.688
244.243
83.0424
70.4473
67.4178
78.2855
88.4044
100.185
118.335
125.337
137.13
172.946
52.2832
46.9464
40.052
39.4262
40.1388
44.7881
57.416
62.9708
68.4069
94.3377
43.3684
42.278
36.2813
29.967
26.7807
27.2488
32.7978
39.6396
46.8868
63.1683
42.3255
44.4819
38.1703
29.5853
23.5104
21.0321
21.0422
24.0704
30.8775
46.9833
43.5546
47.9536
41.0995
29.6303
20.9256
17.4693
15.8907
18.1988
30.8247
40.637
44.0065
48.9353
43.3108
29.7727
18.19
16.198
15.1101
17.8645
28.8465
37.2584
45.9625
48.7723
43.7321
29.7578
18.2156
15.3429
16.4395
19.0631
27.2245
34.5947
49.9417
48.78
41.3012
29.3175
20.2233
16.4716
15.5769
16.6397
21.4652
29.1
52.1024
47.3178
37.8119
27.5489
21.1119
19.7389
19.0759
19.9029
22.4812
28.8998
175.701
181.93
206.732
232.811
242.959
243.487
226.643
234.149
238.129
236.541
78.9087
71.4244
72.5396
81.4493
102.529
113.625
138.486
134.713
142.351
163.868
48.6336
47.1379
43.3935
41.5627
44.0799
54.1752
71.5493
71.5992
75.5035
90.7366
40.9101
42.5786
38.3367
32.5508
30.0723
32.2046
41.2922
47.3163
52.6741
60.3923
40.2241
44.0256
39.041
31.5415
26.3777
24.3374
25.2964
30.994
37.9922
45.6971
41.1424
46.8398
41.6097
31.3946
24.0952
20.2967
18.4698
22.7784
35.9007
40.2348
41.7459
47.1714
44.1039
33.0675
22.5101
19.2612
17.5
23.1664
34.5589
37.3904
44.6941
46.757
43.7444
34.8893
26.3553
21.1187
19.2709
23.4312
34.1432
38.2613
48.7733
47.3687
42.9459
35.8528
28.1634
22.6727
19.4574
20.3527
27.4275
34.6094
51.2434
47.4314
40.8988
34.0578
28.9525
25.7889
23.384
23.1209
27.0265
34.2516
175.757
182.76
206.753
226.126
233.036
228.945
219.179
230.271
231.908
233.579
78.4939
75.7698
79.6501
88.3532
112.076
115.212
150.224
130.168
134.569
150.47
46.6944
47.9536
46.5396
44.4919
48.7852
58.6364
77.3455
72.2956
73.406
81.8592
39.3768
42.7885
40.2163
35.7928
33.4959
35.1111
45.751
50.7816
51.1688
52.8826
39.0037
43.4678
40.154
33.9314
29.1292
26.4445
28.8506
37.6105
40.3362
39.9954
39.8695
44.4635
40.0965
33.2003
27.6483
22.9043
21.8832
29.3662
37.2972
35.1056
39.7568
44.7621
43.001
36.8046
29.5453
24.0093
21.1948
28.5741
36.6944
33.4959
40.6537
44.1398
44.1051
39.2514
33.2281
27.267
23.1885
27.8588
37.3043
36.1047
43.8296
45.9829
45.8295
41.4715
34.8223
28.3352
23.6203
24.8569
32.787
36.368
47.6512
48.8944
45.9747
38.0981
33.0892
30.8287
27.4476
26.8208
31.9916
36.5698
178.86
184.269
199.121
210.188
215.929
214.685
209.701
225.914
227.521
232.377
81.5933
82.5962
87.4174
92.1574
103.136
107.202
152.651
116.33
123.677
141.519
44.9212
47.274
47.341
45.7047
48.9126
55.6984
76.8931
66.6189
66.9856
75.8575
36.9934
40.6116
40.0958
38.1841
35.1529
34.3629
47.293
49.2911
45.3698
46.5191
36.8351
41.8182
40.7998
35.8108
30.7675
27.081
32.369
40.4049
36.6503
33.3287
37.218
40.226
38.3024
35.4972
30.7946
25.337
26.1235
34.7335
34.3287
28.5416
36.7297
40.4449
40.9629
39.1299
34.5764
28.6732
25.2897
32.6896
34.8144
27.7277
35.7176
39.9585
42.8733
40.3504
34.9511
29.9262
26.1946
31.3387
36.2218
30.0727
37.228
42.9028
46.6647
41.9438
35.4712
30.2239
26.4083
29.2777
35.0674
32.45
41.9573
48.6372
48.2966
37.4426
33.029
32.9642
30.0702
30.3866
34.4281
33.5672
182.243
180.674
183.939
189.344
195.429
199.564
193.538
221.006
224.212
231.332
82.2542
84.0206
86.9888
85.4493
85.3533
99.1142
152.061
101.971
115.691
137.806
41.968
43.8364
44.6008
43.1919
43.9738
49.7563
76.7247
58.4464
61.7523
74.6243
32.49
35.3472
36.4923
36.4073
33.3723
31.8262
50.2907
44.2641
39.2068
44.1058
31.7686
36.4301
37.377
34.3305
29.864
26.8005
36.926
38.4054
30.5652
28.4266
31.5236
34.113
35.0232
34.6183
30.6113
26.878
30.4449
35.2239
28.5077
22.8114
30.8991
33.7221
36.4967
36.3972
33.1542
29.9018
28.1058
33.7332
29.4512
21.8152
29.6258
33.2617
37.3881
35.7782
31.4069
28.5533
27.1556
32.5388
31.3669
23.2076
29.9573
36.3015
41.5731
36.3046
30.6983
28.3016
27.3335
31.1715
31.9308
25.2758
34.4754
42.8507
43.0673
32.783
30.0254
31.2618
30.0978
31.1165
31.7567
26.9179
184.816
176.183
171.567
172.535
177.199
182.655
176.476
216.692
221.77
230.131
78.2954
76.9578
77.0558
72.8627
68.5502
88.6193
153.659
92.4131
111.302
136.831
37.8388
37.7131
38.2617
37.3822
36.9623
43.9513
81.4644
52.0201
59.8764
75.6531
27.1324
28.6091
29.9454
30.2843
28.4524
29.4257
55.3153
38.8557
35.1542
44.508
24.9283
27.9332
29.4676
28.5863
26.1682
26.2242
42.0105
33.9627
25.2839
25.5987
24.0313
26.2541
28.2182
28.5665
26.5419
27.0429
34.1353
31.8077
22.7558
18.7917
23.2672
25.5017
28.4709
28.6778
27.0996
27.6584
29.5654
31.0247
23.1598
17.1483
22.4429
25.1024
28.2982
27.3561
25.2804
25.2921
26.7801
30.2611
24.6356
17.5845
22.6916
27.2543
30.9949
27.4161
24.5101
24.6527
26.0582
28.882
25.4462
18.8185
26.137
32.0897
31.8543
25.8085
24.9696
26.5008
26.9818
27.8745
25.6809
20.1951
186.95
174.353
166.184
163.034
164.031
169.889
164.993
213.33
220.18
228.996
74.4783
68.7611
65.8564
62.6093
56.5062
73.2312
155.134
87.9537
108.83
136.315
34.6342
31.8855
31.1785
30.6168
29.7115
38.3033
89.5303
48.9631
59.676
76.5128
22.6476
22.4121
22.9339
23.2038
22.717
27.3689
60.3522
35.7222
33.5877
45.0089
18.8828
20.0034
21.0212
21.2335
21.0793
25.5219
45.9342
30.4516
22.0672
24.3901
17.3441
18.6535
20.1257
20.7003
21.0064
25.8976
36.8249
28.1769
18.8153
16.4997
16.4889
17.9184
19.7459
20.1798
20.6643
24.5995
30.4024
27.143
18.4942
14.2004
16.0354
17.6857
19.4072
19.3098
19.5993
22.2099
25.9184
26.1726
19.2123
13.9727
16.4087
18.8021
20.4101
19.242
19.1291
21.0078
23.5202
24.6636
19.7997
14.5724
18.3256
21.0024
20.722
18.8871
19.4923
21.211
22.5913
23.153
20.0394
15.4898
188.55
174.439
164.738
159.399
156.95
164.668
158.678
210.869
219.258
228.125
74.3861
65.6196
59.6399
57.5684
50.3279
60.0569
153.575
86.9024
107.161
135.505
34.4877
29.2248
26.426
25.7006
23.9272
33.3611
95.5185
48.5739
59.4337
76.6532
20.0186
18.2911
17.6899
17.7538
17.8233
25.3749
64.2479
35.498
33.3063
45.003
14.9194
14.728
14.9798
15.3597
16.3343
23.873
48.2916
29.6654
20.6277
24.113
12.9046
13.2904
13.9684
14.5371
16.0769
23.5909
38.3049
26.6695
16.8362
15.4351
11.9881
12.6278
13.4716
14.0488
15.7418
21.7351
30.7489
24.8382
16.0764
12.6683
11.6619
12.4669
13.2636
13.7193
15.2665
19.4937
24.9384
23.2527
16.3829
12.0908
11.9
12.8921
13.5129
13.7232
15.0141
17.9208
21.1737
21.5109
16.8063
12.3628
12.6376
13.5405
13.6416
13.8117
15.1162
17.2069
19.1629
19.7265
16.7988
12.9725
189.43
174.827
164.524
158.369
154.102
162.765
155.06
209.155
218.795
227.551
76.6663
66.4458
58.0046
55.8849
47.8179
54.3555
151.514
87.6443
106.019
134.688
36.718
30.1811
25.1852
23.8289
20.6134
30.1647
98.0017
49.7005
59.083
76.4176
19.0734
16.5258
14.9477
14.6442
14.59
23.7716
65.9846
37.0638
33.2798
44.798
12.8844
12.0044
11.6477
11.8356
13.0115
21.6697
48.9798
30.8774
20.1926
24.0234
10.5562
10.3516
10.4702
10.885
12.5707
20.5606
38.3826
27.2007
16.1886
14.9928
9.56739
9.67761
9.99045
10.5153
12.3303
18.7109
30.2869
24.5854
15.2859
12.0165
9.20508
9.48262
9.85851
10.4441
12.1766
16.8294
23.8567
22.3288
15.5397
11.3159
9.21878
9.58078
9.94643
10.5735
12.1645
15.4355
19.5132
20.1935
16.002
11.4843
9.41024
9.75388
10.0914
10.8139
12.2973
14.67
17.1939
18.2005
15.7146
11.9745
189.792
175.035
164.534
158.13
153.107
161.999
152.693
207.996
218.587
227.206
79.047
68.4085
58.5425
55.6162
47.1449
53.4156
150.879
89.1592
105.284
134.035
38.8038
32.1785
26.0579
23.9671
19.5177
28.6138
98.3054
51.6277
58.7675
76.0871
19.0116
16.1329
13.9725
13.2904
12.9179
22.7553
65.9685
38.9255
33.2748
44.5587
12.051
10.8721
10.147
10.0894
11.1106
19.9635
48.3705
32.5141
20.199
23.9164
9.50688
9.0187
8.82584
9.05532
10.4789
17.8163
37.4212
28.4295
16.1949
14.8225
8.4388
8.28053
8.33642
8.73366
10.241
15.978
29.1417
25.2894
15.3181
11.8107
7.99759
8.02326
8.2218
8.74827
10.2392
14.5509
22.679
22.5027
15.6844
11.1085
7.8657
8.00111
8.30149
8.95792
10.4323
13.6329
18.386
19.9929
16.2722
11.2959
7.87419
8.07967
8.48483
9.27588
10.7255
13.1978
16.2171
17.8568
15.7814
11.7767
189.755
175
164.477
158.045
152.778
161.688
151.341
207.352
218.575
227.19
80.5702
69.9306
59.4991
55.9237
47.1877
53.4992
151.061
90.7504
104.811
133.438
40.0348
33.6259
27.1021
24.5276
19.4509
27.9439
97.786
53.5566
58.5287
75.7584
19.309
16.2107
13.7682
12.8279
12.2064
22.2035
65.3064
40.3305
33.2736
44.3414
11.8139
10.4901
9.57955
9.34735
10.1646
18.8824
47.3688
33.7328
20.3297
23.7987
9.10361
8.4958
8.15378
8.24386
9.39994
16.1185
36.1662
29.4045
16.3879
14.7631
7.96775
7.69615
7.63461
7.92126
9.14482
14.2068
27.8774
25.976
15.5872
11.7884
7.46658
7.3917
7.51183
7.95874
9.21451
13.0582
21.6419
22.8745
16.0949
11.1284
7.26733
7.32745
7.59559
8.20172
9.52068
12.5169
17.6311
20.1399
16.7764
11.3682
7.22183
7.39081
7.79711
8.56047
9.94238
12.4024
15.7399
17.9394
16.163
11.8818
189.95
175.145
164.605
158.136
152.737
161.567
150.368
206.689
218.645
227.186
81.2191
70.6816
60.0566
56.2004
47.4542
53.3604
150.705
92.4087
104.252
132.607
40.5267
34.3182
27.7052
24.9166
19.6308
27.4149
96.6564
55.2896
58.141
75.4215
19.4946
16.3206
13.7704
12.6931
11.9128
21.709
64.2498
41.5666
33.1235
44.0612
11.7482
10.3746
9.38486
9.05196
9.69304
18.089
46.249
34.7052
20.4584
23.6053
8.95219
8.30253
7.89523
7.90053
8.86104
15.0905
34.9822
30.1516
16.6547
14.6994
7.77681
7.46314
7.34854
7.56313
8.59491
13.1635
26.7847
26.4953
15.9758
11.817
7.24253
7.13029
7.21137
7.59969
8.69844
12.1835
20.8119
23.1794
16.6004
11.2354
7.01466
7.04731
7.29089
7.85219
9.05751
11.8306
17.0883
20.2978
17.3013
11.5547
6.95139
7.10407
7.49475
8.2243
9.54409
11.9386
15.4493
18.0805
16.5745
12.1167
188.578
174.178
163.927
157.765
152.658
161.509
151.281
206.633
219.65
229.309
82.9595
72.2586
61.4464
57.0173
47.9231
52.7481
148.29
93.6405
103.298
130.257
41.8962
35.5299
28.5768
25.4157
19.9301
26.6608
94.0493
56.4662
57.635
74.3857
20.4053
16.8448
14.0426
12.7875
11.8411
20.9286
62.305
42.4268
32.9807
43.4681
12.0805
10.5428
9.43862
9.00801
9.49096
17.2926
44.6845
35.2542
20.6838
23.34
9.04984
8.3356
7.87031
7.80738
8.61955
14.3372
33.6395
30.488
16.9704
14.7061
7.7882
7.43977
7.28661
7.44573
8.3467
12.5026
25.6869
26.6695
16.3516
11.9335
7.21268
7.07609
7.12671
7.4671
8.45883
11.6444
19.9795
23.2345
17.031
11.4133
6.96105
6.97359
7.19057
7.70948
8.82579
11.3927
16.5417
20.272
17.6978
11.7959
6.88397
7.01773
7.38268
8.07457
9.33074
11.6085
15.1122
18.0608
16.8858
12.3745
191.037
176.37
165.705
158.865
153.083
161.33
152.013
204.238
219.792
228.39
82.8025
70.7844
59.3692
55.7434
47.9455
51.331
141.523
97.324
101.397
128.751
39.1741
33.8126
27.673
24.9856
19.9192
25.1335
89.2682
59.1444
56.31
74.028
18.8941
16.1149
13.6732
12.5507
11.5217
19.367
59.3455
44.7938
32.1039
42.6178
11.4443
10.2185
9.23088
8.8178
9.12433
15.9248
42.6838
37.1468
20.6687
22.3607
8.77725
8.1595
7.70894
7.62312
8.26868
13.199
32.0395
31.9241
17.5156
14.0893
7.61586
7.29311
7.12757
7.25362
8.01807
11.5914
24.3007
27.6499
17.2847
11.6573
7.05918
6.9276
6.9571
7.26029
8.14592
10.9479
18.9329
23.7397
18.0452
11.4786
6.80565
6.81556
7.00444
7.48185
8.50829
10.8326
15.8807
20.4306
18.4514
12.1494
6.72428
6.84698
7.17733
7.82374
9.00495
11.1241
14.696
18.1262
17.4256
12.852
171.08
163.199
158.424
155.754
152.938
160.548
156.037
200.057
227.124
248.034
138.748
111.598
84.9017
68.3252
54.96
48.9946
101.733
101.697
93.2367
106.748
64.6937
50.6911
38.0155
30.3948
23.7596
20.3444
60.7398
62.5696
52.4691
60.8634
31.0528
24.158
18.2001
14.919
12.6203
14.0544
40.5897
46.5774
33.6552
34.6962
16.7049
13.6566
11.2521
9.91492
9.29175
11.5641
29.3067
37.4543
25.7927
20.2085
11.1882
9.82439
8.82092
8.26283
8.21468
10.0954
22.045
30.8287
22.8796
15.5275
9.01354
8.34655
7.87267
7.66628
7.86857
9.43253
17.1761
25.4203
21.4992
14.5777
8.04516
7.68887
7.48408
7.49805
7.88063
9.29059
14.16
20.8927
20.4841
14.9087
7.57013
7.38903
7.36559
7.5548
8.09961
9.43038
12.6646
17.4831
19.2479
15.5151
7.35939
7.29801
7.40539
7.73559
8.42239
9.752
12.2638
15.5026
17.495
15.729
)
;

boundaryField
{
    inlet
    {
        type            fixedValue;
        value           uniform 10.1589;
    }
    outlet
    {
        type            inletOutlet;
        inletValue      uniform 10.1589;
        value           nonuniform List<scalar> 
500
(
14.8355
16.0783
14.8302
12.2999
10.0521
8.6939
7.89472
7.47164
7.29508
7.31991
13.502
14.6782
13.8314
11.8768
10.0205
8.73323
7.90735
7.44281
7.21569
7.15227
12.2621
13.2026
12.5831
11.1224
9.68746
8.58694
7.83797
7.39541
7.17057
7.10225
11.2471
11.9813
11.4713
10.3483
9.24982
8.3535
7.72177
7.33316
7.13027
7.06597
10.5538
11.1802
10.7637
9.84235
8.94244
8.18831
7.63687
7.28709
7.10311
7.045
10.5538
11.1802
10.7638
9.84237
8.94245
8.18832
7.63688
7.2871
7.10312
7.04501
11.2472
11.9813
11.4713
10.3483
9.24985
8.35353
7.72179
7.33319
7.13029
7.06599
12.2621
13.2026
12.5831
11.1224
9.6875
8.58698
7.83801
7.39545
7.1706
7.10228
13.502
14.6782
13.8314
11.8768
10.0206
8.73328
7.9074
7.44285
7.21574
7.15231
14.8355
16.0782
14.8302
12.2999
10.0522
8.69395
7.89477
7.47168
7.29513
7.31996
248.579
106.121
60.0818
33.9106
18.4739
12.7987
11.2639
11.2913
12.025
13.1275
230.103
93.9318
53.6747
29.4428
15.754
10.9278
9.53887
9.50961
10.2462
11.5475
216.582
85.1149
48.1383
25.2422
13.4451
9.68767
8.57611
8.52113
9.17559
10.4406
207.664
79.7942
44.3653
22.5415
12.1995
9.03483
8.04504
7.91273
8.41828
9.54455
203.276
77.1338
42.4275
21.2445
11.6805
8.75606
7.79106
7.58335
7.96072
8.95217
203.276
77.1341
42.4277
21.2446
11.6806
8.75608
7.79106
7.58336
7.96072
8.95217
207.664
79.7945
44.3657
22.5418
12.1996
9.03487
8.04506
7.91274
8.41829
9.54456
216.581
85.1161
48.1394
25.2429
13.4454
9.68775
8.57614
8.52114
9.17559
10.4406
230.102
93.9329
53.6757
29.4434
15.7542
10.9279
9.53889
9.50962
10.2462
11.5475
248.579
106.12
60.0812
33.9104
18.4739
12.7987
11.2639
11.2913
12.025
13.1275
248.035
106.746
60.8617
34.6952
20.2081
15.5274
14.5776
14.9087
15.5151
15.729
227.123
93.2369
52.4689
33.6549
25.7926
22.8796
21.4992
20.4841
19.2479
17.495
200.057
101.697
62.5698
46.5776
37.4545
30.8288
25.4203
20.8926
17.483
15.5025
156.037
101.734
60.7403
40.5902
29.307
22.0452
17.1762
14.1599
12.6645
12.2637
160.548
48.9945
20.3447
14.0546
11.5642
10.0955
9.43256
9.2906
9.4304
9.75203
152.938
54.9591
23.759
12.6201
9.29167
8.21465
7.86856
7.88064
8.09963
8.42242
155.755
68.3228
30.3938
14.9186
9.91474
8.26275
7.66625
7.49805
7.55482
7.73563
158.424
84.9002
38.0146
18.1996
11.2519
8.82084
7.87264
7.48408
7.36561
7.40542
163.199
111.598
50.6907
24.1578
13.6565
9.82439
8.34657
7.68889
7.38906
7.29806
171.079
138.75
64.6949
31.0534
16.7053
11.1884
9.01366
8.04524
7.57019
7.35944
166.944
151.038
74.6417
36.1445
19.2359
12.3105
9.53311
8.35758
7.79347
7.5084
153.366
138.882
68.1374
32.2088
16.8527
10.9583
8.75895
7.86121
7.43373
7.2135
143.666
131.493
64.7313
30.4059
15.9024
10.4654
8.49684
7.71062
7.341
7.15815
137.642
126.508
62.4259
29.2368
15.31
10.1656
8.33769
7.6161
7.27813
7.11413
134.765
124.005
61.2856
28.677
15.0352
10.0292
8.2656
7.57283
7.24847
7.09188
134.765
124.005
61.2852
28.6768
15.0351
10.0291
8.26557
7.57282
7.24846
7.09188
137.643
126.507
62.4248
29.2362
15.3097
10.1654
8.33761
7.61605
7.2781
7.11411
143.667
131.49
64.7291
30.4047
15.9018
10.4651
8.4967
7.71054
7.34094
7.15811
153.368
138.877
68.1339
32.2071
16.8518
10.9579
8.75876
7.8611
7.43366
7.21345
166.946
151.033
74.6382
36.1426
19.2349
12.3099
9.53287
8.35746
7.79339
7.50834
171.08
138.748
64.6937
31.0528
16.7049
11.1882
9.01354
8.04516
7.57013
7.35939
163.199
111.598
50.6911
24.158
13.6566
9.82439
8.34655
7.68887
7.38903
7.29801
158.424
84.9017
38.0155
18.2001
11.2521
8.82092
7.87267
7.48408
7.36559
7.40539
155.754
68.3252
30.3948
14.919
9.91492
8.26283
7.66628
7.49805
7.5548
7.73559
152.938
54.96
23.7596
12.6203
9.29175
8.21468
7.86857
7.88063
8.09961
8.42239
160.548
48.9946
20.3444
14.0544
11.5641
10.0954
9.43253
9.29059
9.43038
9.752
156.037
101.733
60.7398
40.5897
29.3067
22.045
17.1761
14.16
12.6646
12.2638
200.057
101.697
62.5696
46.5774
37.4543
30.8287
25.4203
20.8927
17.4831
15.5026
227.124
93.2367
52.4691
33.6552
25.7927
22.8796
21.4992
20.4841
19.2479
17.495
248.034
106.748
60.8634
34.6962
20.2085
15.5275
14.5777
14.9087
15.5151
15.729
)
;
    }
    walls
    {
        type            omegaWallFunction;
        blending        binomial;
        n               2;
        value           nonuniform List<scalar> 
1600
(
160.739
201.726
232.464
251.205
259.48
260.949
259.181
256.631
254.574
252.433
248.98
244.549
241.82
243.527
247.796
252.297
257.212
262.844
268.271
273.02
274.844
267.52
253.048
236.813
225.842
223.618
226.669
230.285
232.298
232.62
231.931
230.918
230.003
229.355
228.914
228.89
228.588
231.094
227.862
248.579
145.465
179.904
207.057
225.388
235.11
238.659
238.782
237.471
235.563
232.57
228.391
224.354
222.502
223.112
224.847
227.6
231.405
235.529
236.254
230.572
219.402
205.928
194.689
190.452
193.733
200.369
206.592
210.934
213.223
213.849
213.475
212.729
212.013
211.498
211.145
211.185
210.896
213.492
210.175
230.103
135.024
165.236
189.805
207.217
217.35
222.034
223.44
222.672
220.562
217.673
214.662
211.878
209.666
206.918
204.27
204.484
207.029
205.666
196.915
183.819
173.128
168.498
170.127
175.976
182.769
188.76
193.744
197.559
199.836
200.593
200.349
199.7
199.048
198.572
198.236
198.293
197.959
200.547
197.112
216.582
128.547
156.116
178.575
195.063
205.6
211.104
213.102
212.854
211.256
208.843
205.919
202.842
198.843
191.257
182.279
183.169
186.358
181.757
172.035
163.883
160.592
162.129
166.531
171.558
176.327
180.99
185.489
189.218
191.542
192.369
192.188
191.592
190.977
190.524
190.199
190.264
189.9
192.441
188.949
207.664
125.467
151.839
173.461
189.635
200.191
205.909
208.073
208.082
206.745
204.39
201.347
198.63
194.66
180.731
161.142
161.017
171.571
175.199
171.111
165.053
161.657
161.96
164.564
168.157
172.325
176.9
181.442
185.223
187.603
188.481
188.328
187.749
187.145
186.7
186.378
186.446
186.066
188.566
185.078
203.276
125.467
151.839
173.461
189.634
200.191
205.909
208.071
208.079
206.743
204.391
201.349
198.629
194.654
180.717
161.121
161.002
171.562
175.198
171.13
165.086
161.684
161.972
164.565
168.154
172.322
176.897
181.44
185.222
187.602
188.481
188.327
187.748
187.145
186.7
186.378
186.446
186.066
188.566
185.078
203.276
128.549
156.117
178.575
195.06
205.597
211.102
213.1
212.851
211.255
208.842
205.921
202.844
198.844
191.25
182.265
183.155
186.336
181.745
172.047
163.91
160.62
162.146
166.533
171.552
176.321
180.985
185.485
189.215
191.541
192.369
192.187
191.592
190.977
190.524
190.199
190.264
189.9
192.441
188.949
207.664
135.024
165.235
189.802
207.214
217.349
222.034
223.44
222.671
220.559
217.672
214.663
211.878
209.662
206.907
204.25
204.461
207.011
205.654
196.902
183.801
173.11
168.49
170.128
175.973
182.761
188.751
193.737
197.554
199.833
200.591
200.348
199.699
199.046
198.571
198.235
198.292
197.958
200.546
197.112
216.581
145.465
179.904
207.058
225.389
235.11
238.657
238.781
237.472
235.565
232.573
228.395
224.358
222.504
223.109
224.842
227.594
231.4
235.526
236.252
230.57
219.4
205.927
194.691
190.455
193.732
200.362
206.584
210.926
213.218
213.846
213.471
212.725
212.01
211.496
211.143
211.184
210.894
213.491
210.174
230.102
160.738
201.721
232.458
251.2
259.475
260.943
259.174
256.623
254.569
252.434
248.987
244.56
241.829
243.533
247.798
252.294
257.208
262.84
268.272
273.021
274.848
267.536
253.075
236.847
225.874
223.638
226.674
230.282
232.295
232.62
231.932
230.918
230.004
229.355
228.914
228.889
228.588
231.093
227.862
248.579
160.721
201.617
232.444
251.476
259.851
261.045
258.418
255.001
252.803
251.804
250.64
248.142
244.367
243.458
246.772
251.243
255.681
260.106
264.687
269.966
277.545
286.234
287.436
276.183
258.74
244.286
236.579
233.604
232.389
231.337
230.135
229
228.129
227.555
227.209
227.193
227.188
229.311
228.392
248.035
145.476
179.778
206.955
225.894
236.252
239.547
238.068
234.246
231.277
230.979
231.892
231.514
227.226
221.917
223.544
230.503
236.748
240.506
243.237
247.092
254.065
263.633
271.447
271.058
260.684
247.689
238.129
231.91
227.523
224.214
221.771
220.18
219.258
218.795
218.587
218.576
218.645
219.65
219.792
227.123
135.145
165.227
189.203
206.731
218.185
224.096
224.893
221.64
216.442
213.754
215.318
217.948
215.28
202.477
187.898
188.208
199.945
211.372
219.899
226.723
234.363
244.756
254.876
258.766
252.759
241.676
234.15
230.269
225.911
221.004
216.691
213.33
210.869
209.155
207.996
207.352
206.689
206.633
204.238
200.057
128.641
156.274
178.501
194.748
205.774
212.434
215.145
214.533
210.972
206.97
205.694
207.053
207.676
203.778
192.848
178.154
170.868
176.361
188.534
203.103
218.327
230.306
240.121
248.71
249.861
239.634
226.637
219.184
209.703
193.534
176.473
164.992
158.678
155.06
152.693
151.341
150.368
151.281
152.013
156.037
125.497
152.033
173.634
189.296
199.319
205.363
208.855
210.133
209.257
206.029
201.923
200.076
201.399
202.775
202.909
204.083
203.177
201.102
202.893
209.176
217.995
226.191
232.73
240.693
249.57
251.6
243.46
228.925
214.678
199.564
182.655
169.887
164.665
162.763
161.998
161.688
161.567
161.509
161.33
160.548
125.491
152.021
173.758
189.66
199.738
205.236
207.836
208.786
208.271
206.449
203.873
201.625
201.443
203.646
206.207
206.151
205.02
207.83
212.438
216.979
222.315
228.995
235.638
241.188
245.487
246.787
242.94
233.006
215.902
195.414
177.194
164.029
156.95
154.102
153.107
152.778
152.736
152.658
153.083
152.938
128.6
156.332
178.891
195.367
205.839
211.164
212.782
212.166
210.77
209.966
209.537
208.319
206.047
202.744
198.34
196.223
202.275
210.831
216.208
219.494
223.029
228.285
234.634
239.391
239.974
236.637
232.786
226.098
210.155
189.319
172.522
163.029
159.397
158.368
158.129
158.045
158.136
157.765
158.865
155.755
135.082
165.345
189.626
206.99
217.46
222.043
222.481
220.679
219.296
219.089
218.687
216.547
210.458
200.748
196.262
204.584
216.381
224.736
229.234
230.541
229.953
229.718
229.344
225.695
216.039
208.035
206.698
206.728
199.101
183.925
171.56
166.181
164.737
164.523
164.534
164.477
164.605
163.927
165.705
158.424
145.48
179.5
205.977
224.035
234.11
237.808
237.191
235.209
234.095
233.269
231.411
226.128
216.16
209.411
215.985
227.698
236.514
241.955
245.387
245.723
241.204
233.965
226.634
217.009
202.549
188.86
181.936
182.767
184.271
180.673
176.183
174.353
174.438
174.827
175.035
175.001
175.146
174.178
176.37
163.199
160.687
201.037
230.805
249.265
258.051
259.939
258.281
256.018
254.002
251.45
246.156
236.721
228.519
232.193
242.999
252.524
258.333
261.422
262.2
260.042
251.936
234.634
214.731
200.198
189.015
180.299
175.745
175.791
178.882
182.255
184.821
186.952
188.55
189.43
189.792
189.755
189.951
188.578
191.037
171.079
160.688
201.055
230.839
249.329
258.299
260.871
259.946
257.357
254.005
248.56
240.219
231.798
231.238
238.434
246.907
252.004
252.706
246.979
233.246
214.018
195.121
181.241
173.075
168.162
164.332
161.833
161.718
164.391
169.323
175.188
180.73
185.219
188.279
189.92
190.624
190.676
191.017
189.256
191.546
166.944
145.423
179.522
205.98
223.882
233.928
238.214
238.96
237.388
233.492
226.866
218.845
213.742
214.81
220.193
225.468
224.091
211.988
189.66
169.857
158.174
150.19
144.82
141.59
139.272
139.024
140.679
143.699
148.103
153.696
159.79
165.445
169.902
172.846
174.425
175.14
175.229
175.581
173.896
176.173
153.366
134.992
164.932
188.849
205.855
216.265
221.622
223.525
222.651
218.552
211.728
204.675
200.057
199.633
203.705
206.194
197.777
173.728
154.018
145.127
137.597
129.265
124.192
122.359
122.676
125.111
128.878
133.326
138.348
143.907
149.634
154.881
159.068
161.911
163.493
164.237
164.356
164.71
163.091
165.342
143.666
128.604
156.095
178.376
194.769
205.36
211.182
213.364
212.464
209.161
204.096
196.99
189.564
186.76
186.519
176.476
156.954
145.013
141.509
136.991
126.493
114.874
109.978
110.946
114.265
118.351
122.685
127.244
132.195
137.565
143.043
148.084
152.161
154.979
156.574
157.336
157.474
157.827
156.259
158.485
137.642
125.37
151.624
173.164
189.211
199.87
205.962
208.352
207.558
204.612
200.092
192.47
183.258
173.845
157.298
142.72
140.73
142.59
139.375
129.008
116
106.414
104.109
107.041
111.565
116.022
120.207
124.457
129.149
134.354
139.734
144.727
148.791
151.614
153.219
153.988
154.132
154.483
152.939
155.148
134.765
125.369
151.624
173.168
189.215
199.869
205.961
208.352
207.556
204.61
200.092
192.47
183.258
173.835
157.266
142.682
140.745
142.686
139.463
129.007
115.933
106.354
104.088
107.044
111.573
116.028
120.21
124.458
129.148
134.354
139.733
144.726
148.791
151.614
153.219
153.988
154.132
154.483
152.939
155.148
134.765
128.61
156.148
178.423
194.785
205.356
211.178
213.377
212.489
209.184
204.108
196.991
189.561
186.757
186.504
176.462
157.009
145.148
141.64
137.03
126.44
114.817
109.967
110.964
114.291
118.373
122.7
127.252
132.197
137.563
143.041
148.082
152.161
154.979
156.575
157.337
157.474
157.827
156.259
158.485
137.643
134.99
164.925
188.84
205.857
216.317
221.723
223.61
222.697
218.571
211.736
204.683
200.058
199.623
203.69
206.202
197.886
173.93
154.166
145.207
137.647
129.29
124.195
122.348
122.671
125.116
128.889
133.334
138.351
143.906
149.632
154.881
159.068
161.911
163.494
164.237
164.357
164.71
163.091
165.342
143.667
145.42
179.523
205.987
223.88
233.894
238.173
238.94
237.381
233.496
226.871
218.847
213.739
214.793
220.17
225.473
224.162
212.124
189.815
169.984
158.3
150.301
144.857
141.532
139.195
138.977
140.658
143.691
148.1
153.694
159.79
165.445
169.903
172.847
174.426
175.141
175.23
175.581
173.896
176.174
153.368
160.687
201.049
230.838
249.329
258.284
260.797
259.867
257.312
253.982
248.547
240.216
231.801
231.234
238.415
246.892
252.013
252.749
247.074
233.365
214.079
195.086
181.162
172.994
168.062
164.233
161.761
161.673
164.363
169.307
175.18
180.727
185.219
188.28
189.92
190.624
190.677
191.017
189.256
191.546
166.946
160.688
201.032
230.786
249.252
258.076
260.01
258.34
256.041
254.002
251.442
246.146
236.721
228.529
232.195
242.99
252.513
258.331
261.435
262.215
260.037
251.888
234.546
214.65
200.147
188.973
180.253
175.701
175.757
178.86
182.243
184.816
186.95
188.55
189.43
189.792
189.755
189.95
188.578
191.037
171.08
145.476
179.497
205.971
224.023
234.098
237.802
237.191
235.215
234.101
233.271
231.41
226.131
216.174
209.426
215.985
227.687
236.503
241.95
245.387
245.727
241.205
233.95
226.608
216.989
202.536
188.856
181.93
182.76
184.269
180.674
176.183
174.353
174.439
174.827
175.035
175
175.145
174.178
176.37
163.199
135.082
165.346
189.629
206.99
217.455
222.035
222.475
220.679
219.3
219.093
218.687
216.546
210.464
200.762
196.271
204.579
216.37
224.725
229.225
230.535
229.945
229.706
229.339
225.706
216.079
208.082
206.732
206.753
199.121
183.939
171.567
166.184
164.738
164.524
164.534
164.477
164.605
163.927
165.705
158.424
128.605
156.337
178.896
195.368
205.834
211.159
212.779
212.165
210.77
209.967
209.537
208.318
206.049
202.751
198.354
196.234
202.275
210.826
216.202
219.487
223.021
228.277
234.629
239.393
239.985
236.658
232.811
226.126
210.188
189.344
172.535
163.034
159.399
158.369
158.13
158.045
158.136
157.765
158.865
155.754
125.492
152.023
173.762
189.664
199.742
205.239
207.837
208.785
208.269
206.446
203.87
201.621
201.44
203.644
206.204
206.149
205.018
207.828
212.433
216.97
222.303
228.984
235.63
241.181
245.481
246.793
242.959
233.036
215.929
195.429
177.199
164.031
156.95
154.102
153.107
152.778
152.737
152.658
153.083
152.938
125.499
152.035
173.636
189.299
199.321
205.363
208.853
210.13
209.255
206.028
201.923
200.076
201.399
202.775
202.91
204.084
203.174
201.091
202.873
209.15
217.973
226.177
232.725
240.691
249.572
251.614
243.487
228.945
214.685
199.564
182.655
169.889
164.668
162.765
161.999
161.688
161.567
161.509
161.33
160.548
128.642
156.275
178.502
194.748
205.773
212.431
215.141
214.529
210.969
206.97
205.696
207.054
207.676
203.778
192.85
178.166
170.886
176.375
188.546
203.11
218.326
230.308
240.122
248.705
249.862
239.646
226.643
219.179
209.701
193.538
176.476
164.993
158.678
155.06
152.693
151.341
150.368
151.281
152.013
156.037
135.145
165.227
189.204
206.731
218.185
224.093
224.887
221.631
216.434
213.751
215.318
217.949
215.28
202.479
187.904
188.207
199.932
211.357
219.89
226.724
234.37
244.761
254.877
258.764
252.757
241.675
234.149
230.271
225.914
221.006
216.692
213.33
210.869
209.155
207.996
207.352
206.689
206.633
204.238
200.057
145.473
179.78
206.96
225.9
236.255
239.547
238.067
234.244
231.278
230.981
231.894
231.517
227.229
221.917
223.539
230.494
236.74
240.502
243.238
247.094
254.062
263.625
271.441
271.053
260.68
247.688
238.129
231.908
227.521
224.212
221.77
220.18
219.258
218.795
218.587
218.575
218.645
219.65
219.792
227.124
160.721
201.62
232.451
251.479
259.852
261.045
258.418
254.998
252.797
251.801
250.644
248.154
244.379
243.462
246.772
251.245
255.686
260.115
264.694
269.965
277.53
286.221
287.43
276.163
258.704
244.243
236.541
233.579
232.377
231.332
230.131
228.996
228.125
227.551
227.206
227.19
227.186
229.309
228.39
248.034
)
;
    }
}


// ************************************************************************* //
