{
  "Vm_peak_mps": 5.0,
  "Vm_bulk_mps": 4.0,
  "Vsl_inlet_mps": 1.0811780865510625,
  "erosional_limit_mps": 5.6967103153710354,
  "dP_total_bar": 120.83236797843264,
  "arrival_T_C": 46.69304023610022,
  "monitor_T_C": 47.82092352777626,
  "monitor_km": 29.02857142857143,
  "max_subcooling_C": 6.604710374692274,
  "dT_design_C": 6.6407160074061675,
  "MEG_wt_pct": 30.522949789439874,
  "MEG_Lph": 28038.00227336779,
  "MEG_injected_wt": 25.0,
  "under_inhibited_km": 5.485714285714287,
  "U_eff_WmK": 2.383424079998305,
  "cooldown_to_hydrate_h": 17.29730794624248,
  "cooldown_source": "lumped",
  "slurry_rel_viscosity": 1.0,
  "slurry_transportable": 1.0,
  "V_surge_P90_m3": 0.3910029970546531,
  "P_plug": 0.25,
  "time_to_plug_P50_h": 3.9263492063494443,
  "time_to_plug_P10_h": 3.0201904761905594,
  "time_to_plug_P90_h": 5.601523809523865,
  "coupled_hotspot_km": 31.314285714285713,
  "max_Phi_SH": 3814.5893417267453,
  "Phi_SH_saturated": 0.0,
  "peak_deposit_mm": 0.0,
  "deposit_full_bore": 0.0,
  "deposit_from_phi_mm": 0.0,
  "mass_conservation_err": 1.3264212025788098e-13,
  "mass_conservation_warning": 0.0,
  "gas_mass_conservation_err": 3.689774875017932e-17,
  "hydrate_mass_formed_kg": 56758.02388534962,
  "water_to_hydrate_m3": 47.62136638186773,
  "clip_activations": 255705.0,
  "clip_warning": 0.0,
  "clip_frac_velocity": 0.00016814688838498362,
  "clip_frac_pressure": 9.063995968757874e-05,
  "slug_length_mean_m": 98.39728688493707,
  "slug_length_max_m": 5000.0,
  "slug_body_holdup": 0.9131869839202146,
  "slug_film_holdup": 0.2245886001362113,
  "slug_fraction": 0.7969920873237822,
  "sound_speed_min_mps": 138.73367430543917,
  "scaling_tendency_max": 0.7521902766357349,
  "scaling_risk": 1.0,
  "wax_risk": 0.0,
  "wax_under_km": 0.0,
  "wax_onset_km": NaN,
  "wax_appearance_C": 32.0,
  "gas_water_content_gpSm3": 2.02467575604152,
  "free_water": 1.0,
  "dew_point_bar": 1.0000000000000004,
  "droplet_entrained_peak": 0.0,
  "gas_holdup_consistency": 0.1576823723115241,
  "water_frac_peak": 0.35,
  "water_accum_km": 0.2285714285714286,
  "fallbacks": 0.0
}