time_h,bc_rate_frac,P_bar,T_C,subcooling_C,holdup,v_m_mps,f_slug_Hz,phi_hydrate,deposit_mm,Phi_SH
0,1,124.37,14.205,-8.7816,0.35096,1.5238,0.13502,0,0,0.043612
0.0045579,1,125.15,14.255,-8.7492,0.35081,1.5618,0.1354,0,0,0.046462
0.011575,1,125.15,14.324,-8.7993,0.35392,1.9789,0.13539,0,0,0.04688
0.018926,1,125.38,14.382,-8.8497,0.35788,1.8993,0.13549,0,0,0.048281
0.025483,1,125.4,14.439,-8.9062,0.36268,2.0117,0.13549,0,0,0.04903
0.031444,1,125.09,14.507,-8.9888,0.3701,2.2535,0.13532,0,0,0.048789
0.037707,1,124.94,14.573,-9.0682,0.3776,2.251,0.13523,0,0,0.049221
0.043868,1,124.83,14.642,-9.1432,0.38561,2.2655,0.13516,0,0,0.04981
0.050233,1,124.75,14.708,-9.2183,0.39342,2.2646,0.13511,0,0,0.050499
0.056374,1,124.68,14.776,-9.2904,0.4014,2.2657,0.13506,0,0,0.051238
0.062612,1,124.63,14.843,-9.3625,0.4092,2.2597,0.13502,0,0,0.052019
0.068732,1,124.58,14.91,-9.4335,0.41698,2.259,0.13498,0,0,0.052787
0.074873,1,124.53,14.977,-9.5049,0.42459,2.2572,0.13494,0,0,0.053537
0.080946,1,124.48,15.044,-9.5761,0.43211,2.2579,0.1349,0,0,0.054251
0.08701,1,124.43,15.111,-9.6478,0.43945,2.2586,0.13486,0,0,0.054927
0.09303,1,124.37,15.179,-9.7196,0.44662,2.2602,0.13481,0,0,0.055559
0.099034,1,124.31,15.246,-9.7917,0.45358,2.2615,0.13477,0,0,0.056149
0.10501,1,124.25,15.313,-9.8639,0.46032,2.263,0.13472,0,0,0.056696
0.11097,1,124.19,15.381,-9.9363,0.46678,2.2639,0.13468,0,0,0.0572
0.11691,1,124.13,15.448,-10.009,0.47295,2.2645,0.13464,0,0,0.057661
0.12283,1,124.07,15.516,-10.081,0.47878,2.2646,0.13459,0,0,0.05808
0.12875,1,124.01,15.583,-10.153,0.48425,2.2643,0.13455,0,0,0.058456
0.13466,1,123.95,15.651,-10.226,0.4893,2.2634,0.13451,0,0,0.058788
0.14057,1,123.9,15.718,-10.297,0.49393,2.2621,0.13447,0,0,0.059075
0.14647,1,123.85,15.786,-10.369,0.49808,2.2603,0.13443,0,0,0.059318
0.15237,1,123.8,15.853,-10.44,0.50174,2.2583,0.13439,0,0,0.059513
0.15828,1,123.76,15.92,-10.511,0.50488,2.2561,0.13435,0,0,0.05966
0.16418,1,123.72,15.987,-10.582,0.50748,2.2539,0.13432,0,0,0.059756
0.17009,1,123.68,16.053,-10.652,0.50952,2.2516,0.13428,0,0,0.0598
0.176,1,123.64,16.12,-10.721,0.511,2.2494,0.13425,0,0,0.059792
0.18191,1,123.61,16.185,-10.79,0.51191,2.2471,0.13422,0,0,0.059733
0.18782,1,123.58,16.251,-10.858,0.51224,2.2449,0.13419,0,0,0.059622
0.19374,1,123.56,16.315,-10.926,0.51201,2.2424,0.13417,0,0,0.059468
0.19958,1,123.54,16.377,-10.991,0.51124,2.2389,0.13414,0,0,0.059283
0.20528,1,123.52,16.437,-11.055,0.51,2.2352,0.13412,0,0,0.059069
0.21084,1,123.51,16.496,-11.116,0.50832,2.2319,0.13411,0,0,0.058825
0.21626,1,123.51,16.552,-11.174,0.50627,2.229,0.13409,0,0,0.058553
0.22154,1,123.5,16.606,-11.231,0.50388,2.2244,0.13408,0,0,0.058275
0.2267,1,123.51,16.66,-11.284,0.5011,2.2166,0.13407,0,0,0.058004
0.23187,1,123.53,16.712,-11.337,0.49805,2.2085,0.13407,0,0,0.057742
0.23691,1,123.55,16.763,-11.387,0.49468,2.2006,0.13407,0,0,0.057468
0.24193,1,123.58,16.812,-11.436,0.49117,2.1925,0.13407,0,0,0.057206
0.24682,1,123.61,16.86,-11.483,0.48777,2.1857,0.13407,0,0,0.056965
0.25165,1,123.64,16.907,-11.528,0.48453,2.1792,0.13408,0,0,0.056755
0.25636,1,123.67,16.952,-11.572,0.48139,2.1746,0.13409,0,0,0.056551
0.261,1,123.71,16.996,-11.614,0.47839,2.1705,0.13409,0,0,0.056362
0.26554,1,123.74,17.039,-11.656,0.47548,2.1679,0.1341,0,0,0.056174
0.27001,1,123.77,17.081,-11.696,0.47269,2.1657,0.1341,0,0,0.055992
0.2744,1,123.79,17.121,-11.736,0.46998,2.1646,0.13411,0,0,0.05581
0.27871,1,123.82,17.161,-11.775,0.46736,2.164,0.13411,0,0,0.055629
0.28296,1,123.84,17.2,-11.813,0.46482,2.1641,0.13412,0,0,0.055446
0.28714,1,123.86,17.239,-11.85,0.46236,2.1646,0.13412,0,0,0.055263
0.29126,1,123.88,17.276,-11.887,0.45997,2.1656,0.13412,0,0,0.055076
0.29533,1,123.9,17.313,-11.923,0.45764,2.167,0.13412,0,0,0.054888
0.29934,1,123.92,17.35,-11.958,0.45538,2.1688,0.13412,0,0,0.054696
0.3033,1,123.93,17.386,-11.994,0.45318,2.1708,0.13412,0,0,0.054502
0.30721,1,123.94,17.421,-12.028,0.45103,2.1732,0.13412,0,0,0.054304
0.31108,1,123.96,17.456,-12.063,0.44894,2.1757,0.13412,0,0,0.054104
0.3149,1,123.96,17.49,-12.097,0.44691,2.1784,0.13411,0,0,0.0539
0.31868,1,123.97,17.524,-12.131,0.44492,2.1812,0.13411,0,0,0.053694
0.32243,1,123.97,17.558,-12.165,0.44298,2.1842,0.13411,0,0,0.053486
0.32614,1,123.98,17.591,-12.198,0.44109,2.1872,0.1341,0,0,0.053275
0.32981,1,123.98,17.624,-12.231,0.43924,2.1903,0.13409,0,0,0.053062
0.33346,1,123.98,17.657,-12.264,0.43744,2.1935,0.13409,0,0,0.052847
0.33707,1,123.98,17.689,-12.297,0.43568,2.1966,0.13408,0,0,0.052631
0.34065,1,123.98,17.721,-12.329,0.43397,2.1998,0.13407,0,0,0.052413
0.34421,1,123.97,17.753,-12.362,0.4323,2.203,0.13406,0,0,0.052194
0.34774,1,123.97,17.785,-12.394,0.43066,2.2062,0.13405,0,0,0.051975
0.35124,1,123.96,17.816,-12.426,0.42907,2.2093,0.13404,0,0,0.051754
0.35472,1,123.95,17.847,-12.459,0.42752,2.2124,0.13403,0,0,0.051533
0.35818,1,123.94,17.879,-12.491,0.426,2.2155,0.13402,0,0,0.051313
0.36162,1,123.93,17.909,-12.522,0.42453,2.2186,0.13401,0,0,0.051091
0.36503,1,123.92,17.94,-12.554,0.42309,2.2217,0.134,0,0,0.050869
0.36843,1,123.91,17.971,-12.586,0.42169,2.2248,0.13398,0,0,0.050647
0.37181,1,123.89,18.001,-12.618,0.42033,2.228,0.13397,0,0,0.050425
0.37516,1,123.88,18.032,-12.65,0.419,2.2311,0.13396,0,0,0.050203
0.37851,1,123.86,18.062,-12.681,0.41771,2.2342,0.13394,0,0,0.049982
0.38183,1,123.85,18.092,-12.713,0.41645,2.2373,0.13393,0,0,0.049761
0.38514,1,123.83,18.122,-12.744,0.41523,2.2403,0.13391,0,0,0.049541
0.38844,1,123.81,18.152,-12.776,0.41404,2.2434,0.1339,0,0,0.049322
0.39171,1,123.79,18.182,-12.808,0.41288,2.2464,0.13388,0,0,0.049104
0.39498,1,123.77,18.212,-12.839,0.41176,2.2494,0.13387,0,0,0.048887
0.39823,1,123.75,18.242,-12.871,0.41067,2.2524,0.13385,0,0,0.048671
0.40147,1,123.73,18.271,-12.902,0.40962,2.2554,0.13383,0,0,0.048457
0.4047,1,123.71,18.301,-12.934,0.40859,2.2584,0.13382,0,0,0.048245
0.40792,1,123.68,18.331,-12.965,0.4076,2.2613,0.1338,0,0,0.048034
0.41112,1,123.66,18.36,-12.997,0.40664,2.2641,0.13378,0,0,0.047826
0.41431,1,123.64,18.39,-13.028,0.40571,2.2669,0.13376,0,0,0.04762
0.4175,1,123.61,18.419,-13.06,0.40481,2.2697,0.13375,0,0,0.047417
0.42067,1,123.59,18.449,-13.091,0.40394,2.2724,0.13373,0,0,0.047216
0.42383,1,123.57,18.478,-13.123,0.4031,2.275,0.13371,0,0,0.047018
0.42699,1,123.54,18.507,-13.154,0.40229,2.2775,0.13369,0,0,0.046823
0.43013,1,123.52,18.537,-13.185,0.40152,2.2799,0.13367,0,0,0.046632
0.43327,1,123.49,18.566,-13.217,0.40087,2.2823,0.13366,0,0,0.046457
0.4364,1,123.47,18.595,-13.248,0.40042,2.2845,0.13364,0,0,0.046304
0.43952,1,123.44,18.625,-13.279,0.40017,2.2866,0.13362,0,0,0.046174
0.44264,1,123.42,18.654,-13.311,0.40011,2.2885,0.1336,0,0,0.046068
0.44575,1,123.39,18.683,-13.342,0.40026,2.2903,0.13358,0,0,0.045986
0.44885,1,123.37,18.712,-13.373,0.40062,2.2919,0.13357,0,0,0.045928
0.45195,1,123.35,18.742,-13.404,0.40118,2.2934,0.13355,0,0,0.045894
0.45504,1,123.32,18.771,-13.436,0.40195,2.2947,0.13353,0,0,0.045885
0.45812,1,123.3,18.8,-13.467,0.40292,2.2959,0.13351,0,0,0.045901
0.4612,1,123.28,18.829,-13.498,0.40409,2.2969,0.1335,0,0,0.04594
0.46427,1,123.25,18.858,-13.529,0.40546,2.2977,0.13348,0,0,0.046003
0.46734,1,123.23,18.888,-13.56,0.40703,2.2984,0.13346,0,0,0.046089
0.47041,1,123.21,18.917,-13.591,0.40878,2.299,0.13345,0,0,0.046197
0.47347,1,123.19,18.946,-13.622,0.41071,2.2994,0.13343,0,0,0.046327
0.47652,1,123.17,18.975,-13.652,0.41281,2.2996,0.13341,0,0,0.046478
0.47958,1,123.15,19.004,-13.683,0.41507,2.2998,0.1334,0,0,0.046647
0.48262,1,123.13,19.033,-13.714,0.41749,2.2998,0.13338,0,0,0.046835
0.48567,1,123.11,19.062,-13.744,0.42005,2.2997,0.13337,0,0,0.04704
0.48871,1,123.09,19.091,-13.775,0.42273,2.2996,0.13335,0,0,0.047261
0.49175,1,123.07,19.12,-13.806,0.42554,2.2993,0.13334,0,0,0.047495
0.49478,1,123.05,19.149,-13.836,0.42845,2.299,0.13332,0,0,0.047742
0.49781,1,123.03,19.177,-13.866,0.43145,2.2987,0.13331,0,0,0.047999
0.50084,1,123.02,19.206,-13.897,0.43453,2.2984,0.13329,0,0,0.048265
0.50387,1,123,19.235,-13.927,0.43768,2.2981,0.13328,0,0,0.048539
0.50689,1,122.98,19.264,-13.957,0.44088,2.2978,0.13326,0,0,0.048818
0.50991,1,122.97,19.292,-13.987,0.44411,2.2941,0.13325,0,0,0.049126
0.51292,1,122.97,19.321,-14.016,0.44735,2.2861,0.13324,0,0,0.049478
0.51595,1,122.97,19.35,-14.044,0.45059,2.2796,0.13324,0,0,0.049839
0.51898,1,122.97,19.378,-14.073,0.45383,2.2751,0.13323,0,0,0.050198
0.52202,1,122.97,19.407,-14.101,0.45704,2.2721,0.13323,0,0,0.050548
0.52506,1,122.96,19.435,-14.13,0.46023,2.2705,0.13322,0,0,0.050885
0.52811,1,122.96,19.463,-14.159,0.46338,2.2697,0.13321,0,0,0.051209
0.53115,1,122.95,19.492,-14.188,0.46649,2.2694,0.1332,0,0,0.05152
0.53419,1,122.95,19.52,-14.217,0.46952,2.2673,0.13319,0,0,0.051835
0.53723,1,122.95,19.548,-14.245,0.47248,2.2626,0.13319,0,0,0.052164
0.54026,1,122.95,19.576,-14.273,0.47535,2.2578,0.13318,0,0,0.052495
0.5433,1,122.94,19.604,-14.301,0.47813,2.2591,0.13317,0,0,0.052775
0.54634,1,122.94,19.632,-14.33,0.48083,2.2585,0.13317,0,0,0.053049
0.54937,1,122.95,19.659,-14.356,0.48338,2.2449,0.13317,0,0,0.053416
0.55241,1,122.96,19.687,-14.383,0.48581,2.2408,0.13317,0,0,0.05373
0.55545,1,122.94,19.714,-14.412,0.48817,2.2526,0.13315,0,0,0.053901
0.55848,1,122.93,19.742,-14.441,0.49041,2.2567,0.13314,0,0,0.054077
0.56151,1,122.9,19.77,-14.471,0.49256,2.2677,0.13312,0,0,0.05417
0.56453,1,122.88,19.797,-14.5,0.4946,2.2728,0.1331,0,0,0.054269
0.56754,1,122.85,19.825,-14.53,0.49652,2.2794,0.13308,0,0,0.054333
0.57053,1,122.84,19.852,-14.559,0.4983,2.2744,0.13307,0,0,0.054467
0.57352,1,122.84,19.879,-14.586,0.49992,2.2611,0.13307,0,0,0.05468
0.57652,1,122.85,19.906,-14.612,0.50139,2.2507,0.13307,0,0,0.054897
0.57956,1,122.86,19.934,-14.639,0.50272,2.2452,0.13307,0,0,0.055082
0.5826,1,122.86,19.961,-14.666,0.5039,2.2432,0.13306,0,0,0.055229
0.58565,1,122.86,19.988,-14.693,0.50495,2.2439,0.13305,0,0,0.055333
0.58871,1,122.85,20.015,-14.721,0.50587,2.2462,0.13305,0,0,0.055399
0.59178,1,122.85,20.042,-14.748,0.50665,2.2444,0.13304,0,0,0.055472
0.59483,1,122.83,20.069,-14.777,0.50731,2.2534,0.13302,0,0,0.055441
0.59788,1,122.77,20.096,-14.809,0.50791,2.282,0.13299,0,0,0.055197
0.60095,1,122.75,20.124,-14.838,0.50837,2.2763,0.13297,0,0,0.055146
0.60402,1,122.78,20.151,-14.863,0.50864,2.245,0.13298,0,0,0.055339
0.60709,1,122.83,20.177,-14.885,0.50873,2.2157,0.133,0,0,0.055609
0.61015,1,122.86,20.203,-14.909,0.50867,2.208,0.13301,0,0,0.055758
0.61321,1,122.86,20.229,-14.935,0.5085,2.2166,0.13301,0,0,0.055752
0.61627,1,122.88,20.256,-14.96,0.50822,2.2103,0.13301,0,0,0.05581
0.61935,1,122.91,20.281,-14.983,0.5078,2.1941,0.13302,0,0,0.055952
0.62239,1,122.95,20.307,-15.006,0.50725,2.1818,0.13303,0,0,0.056086
0.62545,1,122.99,20.332,-15.028,0.50659,2.1692,0.13305,0,0,0.056232
0.62847,1,123.03,20.357,-15.05,0.50581,2.1633,0.13306,0,0,0.056329
0.63151,1,123.06,20.382,-15.073,0.50496,2.1602,0.13307,0,0,0.05639
0.6345,1,123.08,20.406,-15.096,0.50402,2.1616,0.13307,0,0,0.056394
0.6375,1,123.09,20.431,-15.119,0.50302,2.1636,0.13308,0,0,0.056364
0.64047,1,123.1,20.455,-15.143,0.50195,2.1675,0.13308,0,0,0.056294
0.64344,1,123.11,20.479,-15.167,0.50083,2.1704,0.13307,0,0,0.056206
0.64639,1,123.11,20.503,-15.191,0.49966,2.1737,0.13307,0,0,0.056096
0.64933,1,123.11,20.527,-15.215,0.49845,2.1758,0.13307,0,0,0.055978
0.65225,1,123.12,20.551,-15.238,0.4972,2.1775,0.13306,0,0,0.055851
0.65517,1,123.12,20.575,-15.262,0.4959,2.1776,0.13306,0,0,0.055727
0.65807,1,123.13,20.599,-15.286,0.49457,2.1764,0.13306,0,0,0.055608
0.66097,1,123.14,20.623,-15.308,0.49321,2.171,0.13306,0,0,0.055521
0.66385,1,123.15,20.646,-15.331,0.49181,2.1676,0.13306,0,0,0.055428
0.66673,1,123.13,20.67,-15.356,0.49024,2.1827,0.13305,0,0,0.055173
0.66961,1,123.12,20.693,-15.381,0.48851,2.1941,0.13303,0,0,0.054883
0.67248,1,123.09,20.717,-15.406,0.48664,2.2044,0.13302,0,0,0.054556
0.67534,1,123.07,20.741,-15.432,0.48467,2.2098,0.133,0,0,0.054235
0.6782,1,123.05,20.765,-15.457,0.48262,2.2148,0.13299,0,0,0.053905
0.68105,1,123.03,20.789,-15.483,0.48051,2.219,0.13297,0,0,0.053571
0.68391,1,123.01,20.813,-15.509,0.47835,2.2237,0.13296,0,0,0.053226
0.68676,1,122.99,20.837,-15.534,0.47618,2.2281,0.13294,0,0,0.052877
0.68961,1,122.96,20.861,-15.56,0.474,2.2326,0.13293,0,0,0.052524
0.69245,1,122.94,20.885,-15.586,0.47183,2.2371,0.13291,0,0,0.05217
0.6953,1,122.91,20.909,-15.612,0.4697,2.2418,0.13289,0,0,0.051814
0.69814,1,122.89,20.933,-15.639,0.46761,2.2467,0.13288,0,0,0.051458
0.70098,1,122.86,20.957,-15.665,0.4656,2.2522,0.13286,0,0,0.051102
0.70382,1,122.83,20.982,-15.692,0.46366,2.2583,0.13284,0,0,0.050745
0.70666,1,122.8,21.006,-15.719,0.46182,2.2652,0.13282,0,0,0.050386
0.7095,1,122.76,21.031,-15.746,0.46008,2.2732,0.13279,0,0,0.050023
0.71234,1,122.72,21.055,-15.774,0.45848,2.2802,0.13277,0,0,0.049672
0.71517,1,122.69,21.08,-15.802,0.45705,2.2829,0.13275,0,0,0.049365
0.71801,1,122.66,21.105,-15.829,0.45583,2.2849,0.13273,0,0,0.04909
0.72085,1,122.63,21.129,-15.856,0.45482,2.2853,0.13271,0,0,0.048855
0.72368,1,122.61,21.154,-15.883,0.45406,2.2839,0.13269,0,0,0.048666
0.7265,1,122.59,21.179,-15.909,0.45347,2.2815,0.13268,0,0,0.048512
0.72932,1,122.57,21.204,-15.935,0.45292,2.2784,0.13267,0,0,0.048379
0.73214,1,122.56,21.228,-15.961,0.45243,2.2753,0.13265,0,0,0.048262
0.73496,1,122.54,21.253,-15.986,0.45198,2.2722,0.13264,0,0,0.04816
0.73778,1,122.53,21.277,-16.012,0.45158,2.2694,0.13263,0,0,0.048069
0.74059,1,122.52,21.302,-16.037,0.45123,2.267,0.13262,0,0,0.047987
0.7434,1,122.51,21.326,-16.063,0.45093,2.2648,0.13261,0,0,0.047914
0.74621,1,122.5,21.351,-16.088,0.45069,2.263,0.13261,0,0,0.047849
0.74901,1,122.5,21.375,-16.113,0.45049,2.2614,0.1326,0,0,0.04779
0.75182,1,122.49,21.399,-16.138,0.45035,2.2601,0.13259,0,0,0.047737
0.75462,1,122.48,21.424,-16.163,0.45026,2.259,0.13258,0,0,0.04769
0.75742,1,122.47,21.448,-16.188,0.45022,2.2581,0.13257,0,0,0.047649
0.76021,1,122.46,21.472,-16.213,0.45023,2.2574,0.13256,0,0,0.047613
0.76301,1,122.45,21.497,-16.238,0.4503,2.2569,0.13255,0,0,0.047583
0.7658,1,122.45,21.521,-16.263,0.45042,2.2565,0.13254,0,0,0.047557
0.76858,1,122.44,21.545,-16.288,0.45059,2.2563,0.13253,0,0,0.047535
0.77137,1,122.43,21.57,-16.313,0.4508,2.2562,0.13252,0,0,0.047518
0.77415,1,122.42,21.594,-16.338,0.45107,2.2563,0.13252,0,0,0.047505
0.77693,1,122.41,21.618,-16.363,0.45139,2.2566,0.13251,0,0,0.047496
0.77971,1,122.4,21.642,-16.388,0.45176,2.2569,0.1325,0,0,0.047491
0.78248,1,122.39,21.667,-16.414,0.45217,2.2574,0.13249,0,0,0.047489
0.78526,1,122.38,21.691,-16.439,0.45263,2.258,0.13248,0,0,0.04749
0.78803,1,122.37,21.715,-16.464,0.45314,2.2588,0.13247,0,0,0.047494
0.79079,1,122.36,21.739,-16.489,0.45368,2.2596,0.13246,0,0,0.0475
0.79356,1,122.34,21.764,-16.514,0.45427,2.2607,0.13245,0,0,0.047509
0.79632,1,122.33,21.788,-16.539,0.45491,2.2618,0.13243,0,0,0.047519
0.79908,1,122.32,21.812,-16.565,0.45558,2.2631,0.13242,0,0,0.047532
0.80184,1,122.31,21.836,-16.59,0.45629,2.2645,0.13241,0,0,0.047546
0.80459,1,122.29,21.861,-16.615,0.45704,2.266,0.1324,0,0,0.047561
0.80735,1,122.28,21.885,-16.641,0.45782,2.2676,0.13239,0,0,0.047578
0.8101,1,122.26,21.909,-16.666,0.45863,2.2692,0.13238,0,0,0.047596
0.81285,1,122.25,21.933,-16.692,0.45948,2.2709,0.13237,0,0,0.047615
0.8156,1,122.23,21.958,-16.717,0.46036,2.2727,0.13235,0,0,0.047635
0.81834,1,122.22,21.982,-16.743,0.46126,2.2744,0.13234,0,0,0.047656
0.82108,1,122.2,22.006,-16.768,0.46219,2.2762,0.13233,0,0,0.047678
0.82383,1,122.19,22.03,-16.794,0.46314,2.278,0.13232,0,0,0.0477
0.82657,1,122.17,22.055,-16.82,0.46411,2.2798,0.1323,0,0,0.047724
0.8293,1,122.15,22.079,-16.845,0.4651,2.2816,0.13229,0,0,0.047748
0.83204,1,122.14,22.103,-16.871,0.46611,2.2831,0.13228,0,0,0.047773
0.83478,1,122.14,22.127,-16.895,0.46711,2.2728,0.13227,0,0,0.047903
0.83751,1,122.17,22.151,-16.917,0.46806,2.2492,0.13228,0,0,0.04816
0.84025,1,122.21,22.175,-16.937,0.46899,2.229,0.1323,0,0,0.048446
0.84305,1,122.25,22.199,-16.958,0.46988,2.2154,0.13231,0,0,0.048722
0.84587,1,122.28,22.224,-16.98,0.47076,2.2086,0.13232,0,0,0.04896
0.84871,1,122.3,22.248,-17.002,0.47162,2.2052,0.13233,0,0,0.049171
0.85156,1,122.32,22.272,-17.024,0.47248,2.2051,0.13233,0,0,0.049348
0.85443,1,122.34,22.296,-17.047,0.47334,2.2059,0.13234,0,0,0.049504
0.8573,1,122.35,22.32,-17.071,0.47419,2.2078,0.13233,0,0,0.04964
0.86019,1,122.35,22.345,-17.095,0.47504,2.2093,0.13233,0,0,0.049766
0.86308,1,122.36,22.369,-17.118,0.47589,2.2108,0.13233,0,0,0.049883
0.86598,1,122.36,22.394,-17.142,0.47673,2.2117,0.13233,0,0,0.049996
0.86888,1,122.37,22.418,-17.167,0.47756,2.2123,0.13233,0,0,0.050107
0.87179,1,122.37,22.443,-17.191,0.47837,2.2124,0.13232,0,0,0.050217
0.87472,1,122.38,22.467,-17.215,0.47918,2.2123,0.13232,0,0,0.050325
0.87765,1,122.38,22.492,-17.239,0.47997,2.2121,0.13232,0,0,0.050431
0.88059,1,122.38,22.516,-17.263,0.48074,2.212,0.13231,0,0,0.050533
0.88354,1,122.39,22.541,-17.288,0.4815,2.212,0.13231,0,0,0.050632
0.8865,1,122.39,22.566,-17.312,0.48224,2.2122,0.13231,0,0,0.050724
0.88946,1,122.39,22.591,-17.337,0.48296,2.2125,0.1323,0,0,0.050811
0.89244,1,122.39,22.615,-17.361,0.48366,2.2131,0.1323,0,0,0.050892
0.89542,1,122.39,22.64,-17.386,0.48434,2.2138,0.13229,0,0,0.050965
0.89842,1,122.39,22.665,-17.411,0.485,2.2145,0.13229,0,0,0.051033
0.90142,1,122.39,22.69,-17.436,0.48564,2.2153,0.13228,0,0,0.051094
0.90442,1,122.39,22.715,-17.461,0.48626,2.216,0.13228,0,0,0.05115
0.90744,1,122.39,22.74,-17.486,0.48685,2.2168,0.13227,0,0,0.0512
0.91046,1,122.38,22.765,-17.511,0.48742,2.2174,0.13226,0,0,0.051245
0.91349,1,122.38,22.79,-17.537,0.48797,2.218,0.13226,0,0,0.051285
0.91653,1,122.38,22.815,-17.562,0.48849,2.2184,0.13225,0,0,0.051321
0.91957,1,122.37,22.84,-17.587,0.48898,2.2187,0.13224,0,0,0.051352
0.92262,1,122.37,22.865,-17.613,0.48944,2.219,0.13224,0,0,0.051379
0.92568,1,122.36,22.89,-17.638,0.48987,2.2192,0.13223,0,0,0.051401
0.92874,1,122.36,22.915,-17.663,0.49027,2.2193,0.13222,0,0,0.051418
0.93181,1,122.35,22.94,-17.689,0.49064,2.2194,0.13221,0,0,0.05143
0.93489,1,122.34,22.965,-17.714,0.49098,2.2194,0.13221,0,0,0.051437
0.93797,1,122.34,22.99,-17.74,0.49129,2.2194,0.1322,0,0,0.051439
0.94107,1,122.33,23.015,-17.766,0.49156,2.2194,0.13219,0,0,0.051435
0.94416,1,122.32,23.04,-17.791,0.4918,2.2193,0.13218,0,0,0.051426
0.94727,1,122.32,23.065,-17.817,0.49201,2.2192,0.13217,0,0,0.051411
0.95038,1,122.31,23.09,-17.842,0.49217,2.2191,0.13216,0,0,0.05139
0.9535,1,122.3,23.114,-17.868,0.49231,2.2189,0.13216,0,0,0.051364
0.95662,1,122.29,23.139,-17.894,0.4924,2.2186,0.13215,0,0,0.051333
0.95976,1,122.28,23.164,-17.919,0.49246,2.2184,0.13214,0,0,0.051295
0.96289,1,122.27,23.189,-17.945,0.49248,2.218,0.13213,0,0,0.051252
0.96604,1,122.26,23.214,-17.971,0.49246,2.2177,0.13212,0,0,0.051203
0.96919,1,122.25,23.239,-17.996,0.4924,2.2173,0.13211,0,0,0.051149
0.97235,1,122.24,23.264,-18.022,0.4923,2.2169,0.1321,0,0,0.051088
0.97552,1,122.23,23.289,-18.048,0.49215,2.2165,0.13209,0,0,0.051021
0.97869,1,122.22,23.313,-18.074,0.49197,2.216,0.13208,0,0,0.050948
0.98187,1,122.21,23.338,-18.1,0.49175,2.2168,0.13207,0,0,0.050857
0.98506,1,122.19,23.363,-18.126,0.49149,2.2194,0.13205,0,0,0.05074
0.98826,1,122.17,23.388,-18.152,0.49119,2.2227,0.13204,0,0,0.050605
0.99146,1,122.15,23.412,-18.179,0.49087,2.2259,0.13202,0,0,0.050456
0.99466,1,122.12,23.437,-18.206,0.4905,2.2289,0.13201,0,0,0.050296
0.99785,1,122.09,23.462,-18.233,0.49011,2.2317,0.13199,0,0,0.050126
1.0011,1,122.07,23.486,-18.259,0.48968,2.234,0.13197,0,0,0.049952
1.0043,1,122.04,23.511,-18.286,0.4892,2.2344,0.13195,0,0,0.049785
1.0075,1,122.02,23.535,-18.312,0.48869,2.233,0.13194,0,0,0.049629
1.0107,1,122.01,23.559,-18.338,0.48812,2.2294,0.13193,0,0,0.049496
1.0139,1,122,23.584,-18.363,0.48749,2.2221,0.13192,0,0,0.049398
1.0171,1,122,23.608,-18.387,0.48679,2.2114,0.13191,0,0,0.049339
1.0204,1,122.01,23.632,-18.411,0.486,2.1987,0.13191,0,0,0.049311
1.0237,1,122.02,23.657,-18.434,0.48511,2.1868,0.13192,0,0,0.04929
1.0271,1,122.03,23.682,-18.457,0.48411,2.1785,0.13192,0,0,0.04924
1.0306,1,122,23.709,-18.486,0.48305,2.1987,0.1319,0,0,0.048925
1.0343,1,121.86,23.738,-18.524,0.48204,2.2672,0.13182,0,0,0.048092
1.0382,1,121.56,23.77,-18.578,0.48124,2.4013,0.13167,0,0,0.046467
1.0421,1,121.15,23.804,-18.645,0.48073,2.5432,0.13147,0,0,0.044508
1.0461,1,120.88,23.839,-18.702,0.48026,2.5589,0.13134,0,0,0.043175
1.05,1,120.61,23.88,-18.759,0.47968,2.5685,0.1312,0,0,0.041853
1.0548,1,120.38,23.922,-18.819,0.47905,2.5681,0.13109,0,0,0.040768
1.0595,1,120.18,23.965,-18.878,0.47832,2.5652,0.13098,0,0,0.039749
1.0645,1,120.01,24.009,-18.936,0.47748,2.5528,0.13089,0,0,0.038899
1.0695,1,119.85,24.053,-18.993,0.47651,2.5453,0.13081,0,0,0.038075
1.0746,1,119.71,24.097,-19.049,0.47539,2.5321,0.13073,0,0,0.03735
1.0799,1,119.57,24.143,-19.105,0.47411,2.5221,0.13066,0,0,0.03665
1.0852,1,119.46,24.188,-19.159,0.47266,2.5084,0.1306,0,0,0.036018
1.0907,1,119.35,24.233,-19.214,0.47102,2.4961,0.13054,0,0,0.035419
1.0962,1,119.26,24.278,-19.267,0.46918,2.482,0.13049,0,0,0.034871
1.1019,1,119.17,24.324,-19.319,0.46714,2.4699,0.13044,0,0,0.034342
1.1076,1,119.11,24.369,-19.37,0.4649,2.4522,0.1304,0,0,0.0339
1.1133,1,119.08,24.413,-19.418,0.4624,2.4225,0.13038,0,0,0.03361
1.1192,1,119.09,24.457,-19.462,0.45964,2.3909,0.13037,0,0,0.03343
1.1251,1,119.1,24.501,-19.505,0.45668,2.3662,0.13037,0,0,0.033278
1.1311,1,119.12,24.543,-19.547,0.45351,2.3473,0.13037,0,0,0.033123
1.137,1,119.14,24.585,-19.587,0.45018,2.3305,0.13037,0,0,0.032971
1.143,1,119.16,24.626,-19.628,0.44681,2.3181,0.13037,0,0,0.032808
1.149,1,119.17,24.667,-19.667,0.44359,2.3096,0.13037,0,0,0.032636
1.155,1,119.2,24.706,-19.706,0.44055,2.2966,0.13038,0,0,0.032525
1.1609,1,119.25,24.745,-19.741,0.43771,2.2728,0.13039,0,0,0.032548
1.1667,1,119.32,24.783,-19.773,0.43505,2.2501,0.13042,0,0,0.032648
1.1726,1,119.4,24.82,-19.805,0.43255,2.2309,0.13045,0,0,0.032783
1.1785,1,119.46,24.856,-19.836,0.43018,2.2246,0.13047,0,0,0.032854
1.1843,1,119.5,24.893,-19.87,0.4279,2.2262,0.13048,0,0,0.03284
1.1901,1,119.51,24.929,-19.905,0.42567,2.2386,0.13048,0,0,0.032698
1.1959,1,119.48,24.965,-19.944,0.42346,2.262,0.13046,0,0,0.032395
1.2015,1,119.4,25.001,-19.987,0.42124,2.2971,0.13042,0,0,0.031905
1.2071,1,119.28,25.038,-20.033,0.41899,2.3372,0.13035,0,0,0.031263
1.2126,1,119.15,25.076,-20.082,0.41674,2.3742,0.13028,0,0,0.030546
1.218,1,119,25.114,-20.131,0.41464,2.4038,0.13021,0,0,0.029828
1.2234,1,118.87,25.152,-20.181,0.41287,2.4246,0.13014,0,0,0.029172
1.2287,1,118.75,25.192,-20.23,0.41142,2.4357,0.13007,0,0,0.028614
1.2341,1,118.65,25.231,-20.277,0.4103,2.4384,0.13002,0,0,0.028164
1.2395,1,118.57,25.272,-20.324,0.40952,2.4363,0.12998,0,0,0.027818
1.2449,1,118.51,25.312,-20.369,0.40908,2.4315,0.12994,0,0,0.027562
1.2504,1,118.46,25.353,-20.414,0.409,2.4253,0.12991,0,0,0.027383
1.2559,1,118.43,25.394,-20.458,0.40929,2.4188,0.12989,0,0,0.027271
1.2614,1,118.4,25.435,-20.501,0.40997,2.4124,0.12987,0,0,0.027215
1.2669,1,118.38,25.477,-20.544,0.41103,2.4063,0.12985,0,0,0.027206
1.2725,1,118.36,25.519,-20.587,0.41248,2.4008,0.12983,0,0,0.027239
1.2781,1,118.35,25.561,-20.63,0.41433,2.3958,0.12982,0,0,0.027308
1.2837,1,118.34,25.603,-20.673,0.41653,2.3913,0.12981,0,0,0.027409
1.2893,1,118.33,25.645,-20.716,0.41912,2.3873,0.12979,0,0,0.027538
1.2949,1,118.32,25.687,-20.759,0.42205,2.3836,0.12978,0,0,0.027693
1.3006,1,118.31,25.73,-20.802,0.42531,2.3801,0.12977,0,0,0.02787
1.3062,1,118.3,25.772,-20.846,0.42886,2.3768,0.12976,0,0,0.028067
1.3119,1,118.29,25.815,-20.889,0.43267,2.3735,0.12974,0,0,0.028282
1.3175,1,118.28,25.857,-20.932,0.43671,2.3699,0.12973,0,0,0.028514
1.3232,1,118.27,25.9,-20.975,0.44092,2.3658,0.12972,0,0,0.028763
1.3289,1,118.27,25.942,-21.018,0.44527,2.3615,0.12971,0,0,0.029025
1.3346,1,118.26,25.984,-21.061,0.4497,2.3571,0.1297,0,0,0.029296
1.3403,1,118.26,26.027,-21.104,0.45417,2.3526,0.12969,0,0,0.029574
1.346,1,118.25,26.069,-21.146,0.45865,2.348,0.12968,0,0,0.029854
1.3518,1,118.25,26.11,-21.188,0.46307,2.3435,0.12967,0,0,0.030133
1.3575,1,118.25,26.152,-21.23,0.46741,2.3389,0.12966,0,0,0.030409
1.3633,1,118.25,26.193,-21.272,0.47162,2.3344,0.12966,0,0,0.030678
1.369,1,118.25,26.235,-21.314,0.47567,2.3304,0.12965,0,0,0.030934
1.3748,1,118.24,26.275,-21.355,0.47953,2.3266,0.12964,0,0,0.031175
1.3805,1,118.24,26.316,-21.396,0.48316,2.3229,0.12963,0,0,0.031401
1.3863,1,118.24,26.356,-21.437,0.48583,2.3192,0.12962,0,0,0.031562
1.3921,1,118.24,26.396,-21.477,0.48708,2.3154,0.12961,0,0,0.031635
1.3979,1,118.24,26.435,-21.517,0.48692,2.3115,0.1296,0,0,0.031623
1.4036,1,118.24,26.474,-21.556,0.48543,2.3078,0.1296,0,0,0.031529
1.4095,1,118.24,26.513,-21.595,0.48271,2.304,0.12959,0,0,0.031362
1.4153,1,118.24,26.55,-21.633,0.47896,2.3,0.12959,0,0,0.031134
1.4211,1,118.25,26.588,-21.671,0.47437,2.2958,0.12958,0,0,0.03086
1.427,1,118.25,26.625,-21.708,0.46918,2.2913,0.12958,0,0,0.030554
1.4328,1,118.26,26.661,-21.744,0.46364,2.2864,0.12957,0,0,0.030234
1.4387,1,118.27,26.698,-21.779,0.45803,2.2811,0.12957,0,0,0.029915
1.4447,1,118.28,26.733,-21.814,0.45259,2.2756,0.12957,0,0,0.029613
1.4506,1,118.3,26.768,-21.849,0.44759,2.2697,0.12957,0,0,0.029344
1.4566,1,118.31,26.803,-21.883,0.44328,2.2636,0.12957,0,0,0.029124
1.4626,1,118.33,26.836,-21.916,0.4401,2.2564,0.12957,0,0,0.028987
1.4685,1,118.35,26.868,-21.947,0.43834,2.2446,0.12958,0,0,0.028975
1.4742,1,118.38,26.898,-21.976,0.43805,2.2318,0.12959,0,0,0.029083
1.4796,1,118.42,26.926,-22.003,0.43925,2.2197,0.1296,0,0,0.029301
1.4847,1,118.45,26.952,-22.028,0.44077,2.2088,0.12961,0,0,0.029543
1.4897,1,118.5,26.977,-22.05,0.44207,2.1877,0.12963,0,0,0.029846
1.4944,1,118.56,27.002,-22.071,0.44321,2.1711,0.12965,0,0,0.030156
1.4992,1,118.62,27.025,-22.09,0.44418,2.1565,0.12967,0,0,0.030464
1.5038,1,118.67,27.049,-22.109,0.44501,2.1476,0.12969,0,0,0.030741
1.5084,1,118.72,27.071,-22.128,0.4457,2.1394,0.12971,0,0,0.031001
1.5129,1,118.76,27.093,-22.147,0.44628,2.135,0.12973,0,0,0.031228
1.5173,1,118.81,27.114,-22.165,0.44675,2.1309,0.12974,0,0,0.031436
1.5216,1,118.84,27.134,-22.183,0.44713,2.1291,0.12975,0,0,0.031615
1.5259,1,118.88,27.155,-22.201,0.44742,2.1275,0.12977,0,0,0.031777
1.53,1,118.9,27.174,-22.219,0.44763,2.1274,0.12978,0,0,0.031914
1.5342,1,118.93,27.194,-22.236,0.44777,2.1275,0.12978,0,0,0.032035
1.5382,1,118.95,27.213,-22.254,0.44785,2.1286,0.12979,0,0,0.032135
1.5422,1,118.97,27.232,-22.271,0.44786,2.1298,0.1298,0,0,0.032223
1.5462,1,118.99,27.25,-22.289,0.44783,2.1312,0.1298,0,0,0.032303
1.5501,1,119.01,27.269,-22.306,0.44773,2.1319,0.12981,0,0,0.032375
1.5539,1,119.02,27.286,-22.322,0.44759,2.1326,0.12981,0,0,0.032439
1.5577,1,119.04,27.304,-22.339,0.4474,2.1333,0.12981,0,0,0.032495
1.5614,1,119.05,27.321,-22.355,0.44717,2.1342,0.12982,0,0,0.032542
1.5652,1,119.07,27.339,-22.372,0.44691,2.1354,0.12982,0,0,0.03258
1.5688,1,119.08,27.356,-22.388,0.4466,2.1369,0.12982,0,0,0.032609
1.5724,1,119.09,27.372,-22.404,0.44626,2.1386,0.12983,0,0,0.032629
1.576,1,119.1,27.389,-22.42,0.44589,2.1407,0.12983,0,0,0.032641
1.5796,1,119.11,27.405,-22.436,0.44549,2.1436,0.12983,0,0,0.032644
1.5831,1,119.11,27.421,-22.451,0.44507,2.1469,0.12982,0,0,0.032639
1.5866,1,119.12,27.438,-22.467,0.44464,2.1505,0.12982,0,0,0.032626
1.5901,1,119.14,27.454,-22.483,0.44419,2.1465,0.12982,0,0,0.032605
1.5935,1,119.14,27.469,-22.499,0.44373,2.1515,0.12982,0,0,0.032577
1.5969,1,119.16,27.485,-22.515,0.44321,2.1568,0.12981,0,0,0.032541
1.6003,1,119.17,27.501,-22.53,0.44269,2.1623,0.12981,0,0,0.032507
1.6036,1,119.17,27.516,-22.546,0.44218,2.1665,0.12981,0,0,0.03247
1.607,1,119.17,27.532,-22.561,0.44167,2.1686,0.12981,0,0,0.032433
1.6103,1,119.17,27.547,-22.576,0.44116,2.1735,0.12981,0,0,0.032395
1.6136,1,119.16,27.562,-22.592,0.44066,2.1763,0.12981,0,0,0.032355
1.6168,1,119.16,27.577,-22.607,0.44016,2.1803,0.1298,0,0,0.032312
1.6201,1,119.14,27.593,-22.622,0.43968,2.1843,0.1298,0,0,0.032266
1.6233,1,119.12,27.608,-22.638,0.43922,2.1882,0.12979,0,0,0.032217
1.6265,1,119.12,27.623,-22.653,0.43877,2.1922,0.12979,0,0,0.032164
1.6297,1,119.11,27.638,-22.669,0.43836,2.1962,0.12978,0,0,0.032108
1.6329,1,119.09,27.653,-22.684,0.43801,2.2003,0.12977,0,0,0.032047
1.6361,1,119.08,27.668,-22.7,0.43768,2.2042,0.12976,0,0,0.031984
1.6392,1,119.06,27.683,-22.716,0.4373,2.2074,0.12976,0,0,0.031918
1.6424,1,119.04,27.697,-22.732,0.43684,2.2103,0.12975,0,0,0.03185
1.6455,1,119.02,27.712,-22.748,0.4365,2.2129,0.12974,0,0,0.031779
1.6487,1,119.01,27.727,-22.764,0.43618,2.2153,0.12974,0,0,0.031706
1.6518,1,119,27.742,-22.78,0.43589,2.2177,0.12973,0,0,0.031632
1.6549,1,118.99,27.757,-22.796,0.43569,2.2222,0.12972,0,0,0.031557
1.658,1,118.98,27.772,-22.812,0.43552,2.2265,0.12972,0,0,0.031482
1.6611,1,118.97,27.787,-22.828,0.43539,2.2308,0.12971,0,0,0.031406
1.6641,1,118.97,27.802,-22.845,0.43522,2.2351,0.1297,0,0,0.031331
1.6672,1,118.96,27.817,-22.861,0.43506,2.2392,0.12969,0,0,0.031257
1.6703,1,118.94,27.832,-22.877,0.43492,2.2432,0.12968,0,0,0.031183
1.6733,1,118.93,27.847,-22.894,0.43482,2.2471,0.12966,0,0,0.031111
1.6764,1,118.92,27.862,-22.91,0.43474,2.2508,0.12965,0,0,0.03104
1.6794,1,118.9,27.877,-22.927,0.4347,2.2543,0.12964,0,0,0.030972
1.6824,1,118.88,27.893,-22.943,0.4347,2.2577,0.12963,0,0,0.030907
1.6855,1,118.86,27.908,-22.96,0.43472,2.2609,0.12962,0,0,0.030844
1.6885,1,118.85,27.923,-22.977,0.43482,2.2639,0.12961,0,0,0.030784
1.6915,1,118.83,27.938,-22.993,0.43499,2.2668,0.1296,0,0,0.030727
1.6945,1,118.81,27.953,-23.01,0.43519,2.2694,0.12959,0,0,0.030673
1.6975,1,118.8,27.969,-23.027,0.43543,2.272,0.12958,0,0,0.030623
1.7005,1,118.78,27.984,-23.043,0.4357,2.2743,0.12957,0,0,0.030576
1.7035,1,118.76,27.999,-23.06,0.43601,2.2765,0.12956,0,0,0.030533
1.7065,1,118.75,28.014,-23.076,0.43635,2.2785,0.12955,0,0,0.030493
1.7095,1,118.73,28.03,-23.093,0.43673,2.2803,0.12954,0,0,0.030457
1.7125,1,118.72,28.045,-23.11,0.43714,2.282,0.12953,0,0,0.030425
1.7155,1,118.7,28.06,-23.126,0.43759,2.2836,0.12952,0,0,0.030395
1.7185,1,118.69,28.076,-23.143,0.43806,2.285,0.12951,0,0,0.03037
1.7214,1,118.68,28.091,-23.159,0.43857,2.2863,0.1295,0,0,0.030347
1.7244,1,118.66,28.106,-23.176,0.43911,2.2876,0.12949,0,0,0.030328
1.7274,1,118.65,28.122,-23.192,0.43968,2.2887,0.12948,0,0,0.030311
1.7303,1,118.63,28.137,-23.209,0.44027,2.2897,0.12947,0,0,0.030297
1.7333,1,118.62,28.152,-23.225,0.44089,2.2907,0.12946,0,0,0.030286
1.7363,1,118.61,28.168,-23.242,0.44154,2.2916,0.12946,0,0,0.030278
1.7392,1,118.6,28.183,-23.258,0.44222,2.2924,0.12945,0,0,0.030271
1.7421,1,118.58,28.198,-23.274,0.44293,2.2931,0.12944,0,0,0.030267
1.7451,1,118.57,28.213,-23.291,0.44365,2.2938,0.12943,0,0,0.030264
1.748,1,118.56,28.229,-23.307,0.4444,2.2945,0.12942,0,0,0.030264
1.7509,1,118.55,28.244,-23.323,0.44517,2.2951,0.12941,0,0,0.030264
1.7539,1,118.54,28.259,-23.339,0.44595,2.2956,0.12941,0,0,0.030267
1.7568,1,118.52,28.274,-23.355,0.44675,2.2961,0.1294,0,0,0.03027
1.7597,1,118.51,28.289,-23.371,0.44755,2.2965,0.12939,0,0,0.030275
1.7626,1,118.5,28.304,-23.388,0.44837,2.2968,0.12938,0,0,0.03028
1.7655,1,118.49,28.319,-23.404,0.4492,2.2971,0.12937,0,0,0.030286
1.7684,1,118.48,28.334,-23.42,0.45003,2.2974,0.12937,0,0,0.030293
1.7713,1,118.47,28.349,-23.435,0.45086,2.2976,0.12936,0,0,0.0303
1.7742,1,118.45,28.364,-23.451,0.4517,2.2978,0.12935,0,0,0.030307
1.7771,1,118.44,28.379,-23.467,0.45254,2.2953,0.12934,0,0,0.030314
1.78,1,118.43,28.394,-23.483,0.45337,2.291,0.12933,0,0,0.030321
1.7829,1,118.43,28.408,-23.499,0.4542,2.2915,0.12933,0,0,0.030327
1.7858,1,118.43,28.423,-23.515,0.455,2.2901,0.12932,0,0,0.030333
1.7886,1,118.43,28.438,-23.53,0.45568,2.2819,0.12931,0,0,0.030368
1.7915,1,118.43,28.452,-23.546,0.4563,2.2734,0.1293,0,0,0.030418
1.7944,1,118.43,28.467,-23.56,0.45689,2.2671,0.1293,0,0,0.030468
1.7973,1,118.43,28.481,-23.575,0.45756,2.2631,0.1293,0,0,0.030516
1.8001,1,118.42,28.495,-23.589,0.45817,2.2605,0.1293,0,0,0.030557
1.803,1,118.42,28.51,-23.603,0.45871,2.259,0.12929,0,0,0.030592
1.8059,1,118.42,28.524,-23.618,0.45923,2.258,0.12929,0,0,0.03062
1.8087,1,118.41,28.538,-23.632,0.45982,2.2572,0.12929,0,0,0.030644
1.8116,1,118.41,28.552,-23.646,0.4604,2.2564,0.12928,0,0,0.030663
1.8144,1,118.41,28.566,-23.661,0.46086,2.2553,0.12928,0,0,0.030679
1.8173,1,118.42,28.579,-23.675,0.46129,2.2538,0.12927,0,0,0.030692
1.8201,1,118.42,28.593,-23.689,0.4617,2.2524,0.12927,0,0,0.030705
1.823,1,118.42,28.607,-23.704,0.46215,2.2518,0.12926,0,0,0.030716
1.8258,1,118.43,28.62,-23.718,0.46263,2.2498,0.12926,0,0,0.030727
1.8287,1,118.43,28.634,-23.732,0.46307,2.2473,0.12925,0,0,0.030737
1.8315,1,118.43,28.647,-23.746,0.46348,2.2448,0.12925,0,0,0.030746
1.8343,1,118.43,28.661,-23.759,0.46385,2.2423,0.12924,0,0,0.030751
1.8372,1,118.42,28.674,-23.773,0.46419,2.24,0.12924,0,0,0.030754
1.84,1,118.42,28.687,-23.787,0.46449,2.2386,0.12924,0,0,0.030751
1.8428,1,118.42,28.7,-23.8,0.46475,2.2384,0.12923,0,0,0.030744
1.8457,1,118.43,28.713,-23.814,0.46498,2.239,0.12922,0,0,0.030732
1.8485,1,118.43,28.726,-23.827,0.46517,2.2395,0.12921,0,0,0.030714
1.8513,1,118.43,28.739,-23.841,0.46532,2.2398,0.12921,0,0,0.03069
1.8542,1,118.42,28.751,-23.854,0.46544,2.2399,0.1292,0,0,0.030662
1.857,1,118.42,28.764,-23.866,0.46552,2.2397,0.1292,0,0,0.030629
1.8598,1,118.42,28.776,-23.878,0.46556,2.239,0.12919,0,0,0.030616
1.8626,1,118.41,28.789,-23.89,0.46552,2.2379,0.1292,0,0,0.030625
1.8654,1,118.41,28.801,-23.902,0.46542,2.2371,0.1292,0,0,0.030636
1.8682,1,118.41,28.813,-23.915,0.46528,2.2364,0.1292,0,0,0.030644
1.8711,1,118.4,28.825,-23.927,0.4651,2.2354,0.1292,0,0,0.030645
1.8739,1,118.4,28.837,-23.939,0.46489,2.2344,0.1292,0,0,0.030639
1.8767,1,118.39,28.849,-23.951,0.46463,2.2333,0.1292,0,0,0.030627
1.8795,1,118.39,28.861,-23.963,0.46434,2.2319,0.1292,0,0,0.030609
1.8823,1,118.39,28.872,-23.974,0.464,2.2305,0.12919,0,0,0.030586
1.8851,1,118.39,28.884,-23.986,0.46363,2.2291,0.12918,0,0,0.030559
1.8879,1,118.38,28.895,-23.998,0.46322,2.2279,0.12917,0,0,0.030529
1.8907,1,118.38,28.906,-24.009,0.46278,2.2276,0.12916,0,0,0.030495
1.8935,1,118.38,28.918,-24.02,0.46229,2.2277,0.12915,0,0,0.030459
1.8963,1,118.37,28.929,-24.032,0.46177,2.2274,0.12914,0,0,0.030419
1.8991,1,118.37,28.94,-24.043,0.46122,2.2266,0.12913,0,0,0.030377
1.9019,1,118.36,28.951,-24.054,0.46062,2.2256,0.12912,0,0,0.030331
1.9047,1,118.36,28.962,-24.065,0.46,2.2256,0.12911,0,0,0.030281
1.9075,1,118.35,28.972,-24.076,0.45933,2.2251,0.12911,0,0,0.030228
1.9103,1,118.34,28.983,-24.087,0.45863,2.2245,0.12911,0,0,0.030171
1.9131,1,118.34,28.994,-24.099,0.45789,2.2246,0.1291,0,0,0.030105
1.916,1,118.33,29.005,-24.11,0.45715,2.2246,0.1291,0,0,0.030033
1.9188,1,118.32,29.015,-24.121,0.45637,2.2249,0.12909,0,0,0.029953
1.9217,1,118.31,29.026,-24.133,0.45556,2.2249,0.12908,0,0,0.029869
1.9245,1,118.3,29.037,-24.144,0.45473,2.2248,0.12908,0,0,0.029779
1.9274,1,118.29,29.047,-24.155,0.45386,2.2246,0.12907,0,0,0.029688
1.9302,1,118.28,29.058,-24.167,0.45297,2.224,0.12906,0,0,0.029595
1.9331,1,118.27,29.068,-24.178,0.45205,2.223,0.12906,0,0,0.029502
1.936,1,118.26,29.078,-24.189,0.45113,2.2218,0.12905,0,0,0.02941
1.9389,1,118.25,29.089,-24.2,0.45017,2.2203,0.12904,0,0,0.029318
1.9418,1,118.24,29.099,-24.21,0.44922,2.219,0.12904,0,0,0.029226
1.9447,1,118.24,29.109,-24.221,0.44827,2.2177,0.12903,0,0,0.029133
1.9476,1,118.23,29.119,-24.232,0.44729,2.2168,0.12903,0,0,0.029038
1.9505,1,118.22,29.129,-24.242,0.44628,2.2161,0.12902,0,0,0.028939
1.9534,1,118.21,29.139,-24.253,0.44525,2.2158,0.12902,0,0,0.028837
1.9564,1,118.2,29.149,-24.264,0.44419,2.2157,0.12901,0,0,0.028732
1.9593,1,118.19,29.159,-24.274,0.44311,2.2159,0.129,0,0,0.028623
1.9623,1,118.18,29.169,-24.285,0.44198,2.2163,0.129,0,0,0.028511
1.9652,1,118.17,29.179,-24.296,0.4408,2.2167,0.12899,0,0,0.028397
1.9682,1,118.15,29.189,-24.307,0.43962,2.217,0.12898,0,0,0.02828
1.9712,1,118.14,29.199,-24.317,0.43843,2.2177,0.12897,0,0,0.028162
1.9742,1,118.12,29.208,-24.328,0.43725,2.2196,0.12896,0,0,0.02804
1.9772,1,118.1,29.218,-24.339,0.43607,2.2221,0.12895,0,0,0.027913
1.9802,1,118.09,29.228,-24.35,0.4349,2.2224,0.12894,0,0,0.027783
1.9832,1,118.07,29.238,-24.361,0.43374,2.2216,0.12893,0,0,0.027651
1.9862,1,118.05,29.247,-24.372,0.4326,2.2221,0.12892,0,0,0.027518
1.9892,1,118.03,29.257,-24.383,0.43146,2.2228,0.12891,0,0,0.027383
1.9922,1,118,29.267,-24.394,0.43034,2.2236,0.12889,0,0,0.027245
1.9953,1,117.98,29.277,-24.405,0.42922,2.2245,0.12888,0,0,0.027111
1.9983,1,117.96,29.286,-24.416,0.42812,2.2216,0.12887,0,0,0.026981
2.0014,1,117.95,29.296,-24.428,0.42704,2.2167,0.12886,0,0,0.026861
2.0045,1,117.95,29.306,-24.439,0.42598,2.211,0.12886,0,0,0.026755
2.0075,1,117.95,29.315,-24.449,0.42494,2.2089,0.12885,0,0,0.026665
2.0106,1,117.95,29.325,-24.459,0.42392,2.2064,0.12886,0,0,0.02659
2.0137,1,117.96,29.335,-24.469,0.42292,2.2009,0.12886,0,0,0.026522
2.0168,1,117.96,29.344,-24.479,0.42193,2.2015,0.12886,0,0,0.026447
2.0199,1,117.95,29.354,-24.489,0.42094,2.2038,0.12885,0,0,0.026354
2.023,1,117.92,29.364,-24.5,0.41996,2.2085,0.12884,0,0,0.026241
2.0262,1,117.86,29.373,-24.511,0.41888,2.2141,0.12881,0,0,0.026045
2.0293,1,117.74,29.383,-24.524,0.41784,2.2304,0.12878,0,0,0.025734
2.0324,1,117.52,29.394,-24.54,0.4169,2.2624,0.12877,0,0,0.02526
2.0356,1,117.36,29.404,-24.561,0.41602,2.3102,0.12873,0,0,0.024629
2.0387,1,117.3,29.416,-24.585,0.41519,2.3647,0.12866,0,0,0.024064
2.0419,1,117.19,29.427,-24.607,0.41444,2.3816,0.12861,0,0,0.023388
2.0451,1,117.1,29.439,-24.627,0.41383,2.3876,0.12857,0,0,0.022959
2.0482,1,117.02,29.45,-24.647,0.41328,2.3915,0.12853,0,0,0.022639
2.0513,1,116.95,29.462,-24.665,0.41279,2.3938,0.12849,0,0,0.022322
2.0544,1,116.88,29.473,-24.684,0.41237,2.3967,0.12846,0,0,0.022004
2.0574,1,116.82,29.485,-24.702,0.41201,2.4011,0.12843,0,0,0.021677
2.0604,1,116.76,29.496,-24.719,0.41174,2.4067,0.1284,0,0,0.021335
2.0634,1,116.69,29.507,-24.737,0.4115,2.413,0.12837,0,0,0.021186
2.0663,1,116.62,29.519,-24.754,0.41125,2.4174,0.12833,0,0,0.021158
2.0692,1,116.55,29.53,-24.771,0.41115,2.4041,0.1283,0,0,0.021133
2.072,1,116.5,29.541,-24.787,0.41108,2.3923,0.12827,0,0,0.021112
2.0748,1,116.46,29.552,-24.802,0.41071,2.3858,0.12825,0,0,0.021093
2.0775,1,116.43,29.562,-24.817,0.41019,2.3787,0.12824,0,0,0.021077
2.0802,1,116.41,29.573,-24.831,0.40986,2.3738,0.12823,0,0,0.021059
2.0829,1,116.4,29.583,-24.845,0.40955,2.3809,0.12822,0,0,0.021084
2.0855,1,116.4,29.594,-24.861,0.40926,2.3957,0.1282,0,0,0.021173
2.088,1,116.34,29.605,-24.879,0.40897,2.4232,0.12816,0,0,0.021177
2.0906,1,116.23,29.616,-24.9,0.4087,2.4488,0.1281,0,0,0.021269
2.0932,1,116.12,29.627,-24.921,0.40842,2.4429,0.12805,0,0,0.021225
2.0958,1,116.03,29.638,-24.94,0.40817,2.4381,0.12801,0,0,0.021321
2.0983,1,115.96,29.65,-24.958,0.40791,2.4296,0.12797,0,0,0.020981
2.1009,1,115.9,29.661,-24.975,0.40768,2.4216,0.12794,0,0,0.020772
2.1034,1,115.84,29.673,-24.992,0.40744,2.4151,0.12791,0,0,0.02047
2.106,1,115.79,29.684,-25.008,0.40724,2.4083,0.12788,0,0,0.020358
2.1084,1,115.73,29.696,-25.024,0.40701,2.4092,0.12785,0,0,0.020241
2.1111,1,115.68,29.707,-25.04,0.40684,2.4029,0.12783,0,0,0.020334
2.1135,1,115.62,29.719,-25.057,0.40663,2.3987,0.1278,0,0,0.020239
2.1161,1,115.58,29.73,-25.073,0.40659,2.3931,0.12778,0,0,0.020347
2.1185,1,115.51,29.743,-25.09,0.40692,2.39,0.12775,0,0,0.020059
2.1212,1,115.46,29.754,-25.107,0.40727,2.3849,0.12772,0,0,0.01988
2.1236,1,115.39,29.767,-25.124,0.40772,2.3827,0.12769,0,0,0.019658
2.1262,1,115.36,29.778,-25.141,0.40817,2.3779,0.12766,0,0,0.01952
2.1286,1,115.35,29.79,-25.156,0.40871,2.3765,0.12764,0,0,0.019317
2.1312,1,115.34,29.801,-25.171,0.40924,2.3718,0.12763,0,0,0.019189
2.1336,1,115.34,29.814,-25.185,0.40985,2.371,0.12761,0,0,0.018985
2.1362,1,115.34,29.825,-25.199,0.41043,2.3664,0.1276,0,0,0.018853
2.1386,1,115.34,29.838,-25.212,0.41111,2.3661,0.12759,0,0,0.018637
2.1412,1,115.35,29.849,-25.225,0.41174,2.3615,0.12758,0,0,0.018494
2.1435,1,115.34,29.861,-25.237,0.41248,2.3616,0.12757,0,0,0.01827
2.1462,1,115.33,29.872,-25.25,0.41316,2.357,0.12756,0,0,0.018141
2.1485,1,115.33,29.884,-25.262,0.41397,2.3573,0.12755,0,0,0.017995
2.1512,1,115.33,29.895,-25.274,0.41463,2.3527,0.12755,0,0,0.017988
2.1535,1,115.33,29.907,-25.286,0.41524,2.3531,0.12755,0,0,0.018
2.1561,1,115.34,29.918,-25.298,0.41603,2.3484,0.12755,0,0,0.018049
2.1584,1,115.33,29.931,-25.309,0.4167,2.3489,0.12755,0,0,0.018067
2.161,1,115.34,29.941,-25.321,0.41733,2.3442,0.12754,0,0,0.01812
2.1633,1,115.34,29.954,-25.333,0.41807,2.3446,0.12753,0,0,0.018144
2.1659,1,115.34,29.965,-25.344,0.41877,2.34,0.12753,0,0,0.018202
2.1682,1,115.34,29.977,-25.356,0.4196,2.3402,0.12753,0,0,0.018233
2.1708,1,115.35,29.988,-25.367,0.42038,2.3356,0.12753,0,0,0.018295
2.1732,1,115.35,30,-25.379,0.42139,2.3359,0.12753,0,0,0.018333
2.1757,1,115.36,30.011,-25.39,0.42245,2.3319,0.12753,0,0,0.018401
2.178,1,115.36,30.023,-25.402,0.42343,2.3322,0.12753,0,0,0.018445
2.1806,1,115.36,30.034,-25.413,0.42438,2.3277,0.12753,0,0,0.018516
2.1829,1,115.37,30.046,-25.424,0.42543,2.3276,0.12753,0,0,0.018565
2.1855,1,115.37,30.057,-25.436,0.42645,2.3236,0.12753,0,0,0.018639
2.1878,1,115.37,30.069,-25.447,0.42758,2.3235,0.12753,0,0,0.018693
2.1903,1,115.38,30.081,-25.459,0.42868,2.3198,0.12753,0,0,0.018769
2.1927,1,115.38,30.093,-25.47,0.42987,2.3195,0.12753,0,0,0.018829
2.1952,1,115.39,30.104,-25.482,0.43105,2.316,0.12753,0,0,0.018908
2.1975,1,115.39,30.116,-25.493,0.43231,2.3155,0.12753,0,0,0.018973
2.2,1,115.4,30.127,-25.505,0.43356,2.3121,0.12753,0,0,0.019055
2.2024,1,115.4,30.139,-25.516,0.43489,2.3114,0.12753,0,0,0.019125
2.2048,1,115.41,30.151,-25.528,0.4362,2.3082,0.12753,0,0,0.019209
2.2072,1,115.41,30.163,-25.539,0.43759,2.3072,0.12753,0,0,0.019284
2.2097,1,115.42,30.174,-25.551,0.43897,2.3042,0.12753,0,0,0.019372
2.212,1,115.42,30.186,-25.562,0.44042,2.303,0.12753,0,0,0.019451
2.2145,1,115.43,30.198,-25.574,0.44185,2.3001,0.12753,0,0,0.019541
2.2169,1,115.43,30.21,-25.586,0.44335,2.2987,0.12753,0,0,0.019625
2.2193,1,115.44,30.222,-25.597,0.44484,2.2959,0.12753,0,0,0.019718
2.2217,1,115.44,30.234,-25.609,0.4464,2.2944,0.12753,0,0,0.019805
2.2241,1,115.45,30.245,-25.62,0.44796,2.2917,0.12753,0,0,0.0199
2.2265,1,115.45,30.257,-25.632,0.44954,2.2901,0.12753,0,0,0.01999
2.2289,1,115.45,30.269,-25.643,0.45112,2.2875,0.12753,0,0,0.020087
2.2313,1,115.46,30.28,-25.655,0.45273,2.2858,0.12753,0,0,0.02018
2.2337,1,115.46,30.292,-25.666,0.45434,2.2834,0.12753,0,0,0.020278
2.2361,1,115.47,30.304,-25.677,0.45598,2.2816,0.12753,0,0,0.020373
2.2385,1,115.47,30.315,-25.689,0.45762,2.2793,0.12753,0,0,0.020471
2.2409,1,115.48,30.327,-25.7,0.4593,2.2775,0.12753,0,0,0.020568
2.2433,1,115.48,30.339,-25.712,0.46097,2.2753,0.12753,0,0,0.020667
2.2457,1,115.49,30.351,-25.723,0.46265,2.2736,0.12753,0,0,0.020765
2.2481,1,115.49,30.362,-25.735,0.46433,2.2714,0.12753,0,0,0.020864
2.2505,1,115.5,30.374,-25.746,0.46604,2.2697,0.12753,0,0,0.020961
2.2529,1,115.5,30.386,-25.757,0.46775,2.2677,0.12753,0,0,0.02106
2.2552,1,115.51,30.398,-25.769,0.46946,2.2661,0.12753,0,0,0.021156
2.2576,1,115.51,30.409,-25.78,0.47116,2.2643,0.12753,0,0,0.021254
2.26,1,115.52,30.421,-25.792,0.47287,2.263,0.12753,0,0,0.021353
2.2624,1,115.52,30.433,-25.803,0.47457,2.2612,0.12753,0,0,0.021454
2.2648,1,115.53,30.445,-25.815,0.47626,2.2588,0.12753,0,0,0.021562
2.2672,1,115.53,30.456,-25.826,0.47794,2.256,0.12754,0,0,0.021676
2.2696,1,115.54,30.468,-25.838,0.4796,2.2522,0.12754,0,0,0.021799
2.272,1,115.55,30.48,-25.849,0.48124,2.2475,0.12754,0,0,0.02193
2.2743,1,115.57,30.492,-25.86,0.48287,2.2423,0.12754,0,0,0.022068
2.2767,1,115.58,30.503,-25.871,0.48447,2.2367,0.12755,0,0,0.022195
2.2791,1,115.6,30.515,-25.882,0.48604,2.2311,0.12755,0,0,0.022288
2.2815,1,115.62,30.527,-25.893,0.48759,2.2255,0.12756,0,0,0.022385
2.2839,1,115.64,30.538,-25.904,0.48897,2.2202,0.12757,0,0,0.022481
2.2863,1,115.65,30.55,-25.915,0.49032,2.2152,0.12757,0,0,0.022578
2.2887,1,115.67,30.562,-25.925,0.49179,2.2108,0.12758,0,0,0.022673
2.291,1,115.69,30.573,-25.936,0.49323,2.2067,0.12759,0,0,0.022767
2.2934,1,115.71,30.585,-25.946,0.49465,2.2032,0.12759,0,0,0.022859
2.2958,1,115.73,30.596,-25.957,0.49604,2.2,0.1276,0,0,0.02295
2.2982,1,115.75,30.608,-25.967,0.4974,2.1987,0.12761,0,0,0.023037
2.3006,1,115.77,30.619,-25.977,0.49874,2.1982,0.1276,0,0,0.023122
2.3029,1,115.78,30.63,-25.988,0.50005,2.1968,0.12759,0,0,0.023204
2.3053,1,115.8,30.642,-25.998,0.50133,2.1956,0.12759,0,0,0.023283
2.3077,1,115.82,30.653,-26.008,0.50258,2.1945,0.12759,0,0,0.023359
2.3101,1,115.83,30.664,-26.019,0.50381,2.1936,0.1276,0,0,0.023431
2.3125,1,115.85,30.676,-26.029,0.50501,2.1928,0.1276,0,0,0.0235
2.3149,1,115.86,30.687,-26.039,0.50619,2.1923,0.1276,0,0,0.023565
2.3172,1,115.87,30.698,-26.049,0.50734,2.1922,0.12761,0,0,0.023627
2.3196,1,115.88,30.709,-26.06,0.50846,2.1922,0.12761,0,0,0.023685
2.322,1,115.89,30.721,-26.07,0.50956,2.1924,0.12761,0,0,0.02374
2.3244,1,115.9,30.732,-26.081,0.51063,2.1926,0.12761,0,0,0.023791
2.3268,1,115.91,30.743,-26.091,0.51167,2.1929,0.12761,0,0,0.023838
2.3291,1,115.92,30.754,-26.101,0.51269,2.1933,0.12761,0,0,0.023881
2.3315,1,115.92,30.765,-26.111,0.51368,2.1937,0.12761,0,0,0.023921
2.3339,1,115.93,30.776,-26.122,0.51465,2.1942,0.12761,0,0,0.023957
2.3363,1,115.93,30.787,-26.132,0.51559,2.1948,0.12761,0,0,0.023989
2.3387,1,115.94,30.798,-26.142,0.5165,2.1955,0.12761,0,0,0.02397
2.3411,1,115.94,30.809,-26.152,0.5174,2.1962,0.12761,0,0,0.023873
2.3434,1,115.94,30.82,-26.162,0.51826,2.197,0.12761,0,0,0.02378
2.3458,1,115.94,30.831,-26.172,0.51911,2.1978,0.12761,0,0,0.023692
2.3482,1,115.94,30.842,-26.181,0.51993,2.1987,0.1276,0,0,0.023609
2.3506,1,115.94,30.853,-26.191,0.52073,2.1977,0.1276,0,0,0.02353
2.353,1,115.94,30.864,-26.201,0.5215,2.1981,0.12759,0,0,0.023455
2.3554,1,115.93,30.875,-26.211,0.52225,2.1995,0.12759,0,0,0.023384
2.3578,1,115.93,30.886,-26.221,0.52298,2.2014,0.12759,0,0,0.023317
2.3602,1,115.92,30.897,-26.23,0.52369,2.2033,0.12759,0,0,0.023253
2.3625,1,115.92,30.908,-26.24,0.52438,2.2053,0.12759,0,0,0.023192
2.3649,1,115.91,30.919,-26.25,0.52505,2.2057,0.12759,0,0,0.023134
2.3673,1,115.91,30.93,-26.26,0.52569,2.2069,0.12759,0,0,0.023079
2.3697,1,115.9,30.941,-26.27,0.52632,2.209,0.1276,0,0,0.023026
2.3721,1,115.89,30.952,-26.281,0.52693,2.2111,0.1276,0,0,0.022975
2.3745,1,115.88,30.963,-26.291,0.52752,2.2133,0.1276,0,0,0.022926
2.3769,1,115.87,30.973,-26.301,0.52809,2.2155,0.1276,0,0,0.022878
2.3793,1,115.85,30.984,-26.311,0.52865,2.2177,0.1276,0,0,0.022832
2.3817,1,115.84,30.995,-26.322,0.52919,2.22,0.12759,0,0,0.022787
2.3841,1,115.83,31.006,-26.332,0.52972,2.2223,0.12758,0,0,0.022743
2.3865,1,115.81,31.017,-26.343,0.53023,2.2247,0.12759,0,0,0.0227
2.3889,1,115.8,31.028,-26.353,0.53072,2.227,0.12759,0,0,0.022659
2.3913,1,115.79,31.039,-26.364,0.53121,2.2293,0.12759,0,0,0.022619
2.3937,1,115.77,31.05,-26.375,0.53168,2.2317,0.12759,0,0,0.022617
2.3961,1,115.76,31.062,-26.386,0.53214,2.234,0.12758,0,0,0.022656
2.3985,1,115.75,31.073,-26.397,0.53259,2.2364,0.12757,0,0,0.02269
2.4009,1,115.74,31.084,-26.408,0.53303,2.2387,0.12757,0,0,0.022722
2.4033,1,115.72,31.095,-26.419,0.53346,2.2411,0.12756,0,0,0.022751
2.4057,1,115.7,31.106,-26.43,0.53389,2.2434,0.12755,0,0,0.022807
2.4081,1,115.69,31.117,-26.442,0.53431,2.2456,0.12754,0,0,0.022927
2.4105,1,115.68,31.129,-26.453,0.53473,2.2479,0.12753,0,0,0.023049
2.4129,1,115.67,31.14,-26.465,0.53514,2.2501,0.12752,0,0,0.023166
2.4154,1,115.65,31.152,-26.477,0.53554,2.2523,0.12751,0,0,0.023278
2.4178,1,115.63,31.163,-26.489,0.53595,2.2545,0.1275,0,0,0.023385
2.4202,1,115.61,31.174,-26.5,0.53636,2.2566,0.12749,0,0,0.023485
2.4226,1,115.6,31.186,-26.513,0.53576,2.2587,0.12748,0,0,0.02358
2.425,1,115.58,31.198,-26.525,0.53618,2.2608,0.12747,0,0,0.023669
2.4274,1,115.56,31.209,-26.537,0.53661,2.2628,0.12746,0,0,0.023703
2.4299,1,115.55,31.221,-26.549,0.53705,2.2648,0.12745,0,0,0.023705
2.4323,1,115.53,31.233,-26.562,0.53751,2.2667,0.12744,0,0,0.023705
2.4347,1,115.51,31.245,-26.574,0.53797,2.2686,0.12743,0,0,0.023702
2.4371,1,115.49,31.257,-26.587,0.53844,2.2705,0.12742,0,0,0.023697
2.4396,1,115.48,31.269,-26.6,0.53893,2.2723,0.12741,0,0,0.02369
2.442,1,115.46,31.281,-26.613,0.53943,2.274,0.1274,0,0,0.02368
2.4444,1,115.44,31.293,-26.626,0.53993,2.2758,0.12739,0,0,0.023667
2.4469,1,115.42,31.305,-26.639,0.54046,2.2775,0.12738,0,0,0.023653
2.4493,1,115.41,31.317,-26.653,0.541,2.2791,0.12737,0,0,0.023636
2.4517,1,115.39,31.33,-26.666,0.54156,2.2807,0.12736,0,0,0.023617
2.4542,1,115.37,31.342,-26.68,0.54215,2.2823,0.12735,0,0,0.023597
2.4566,1,115.36,31.355,-26.694,0.54277,2.2838,0.12734,0,0,0.023575
2.4591,1,115.34,31.368,-26.708,0.54341,2.2853,0.12733,0,0,0.023551
2.4615,1,115.32,31.38,-26.722,0.54408,2.2867,0.12732,0,0,0.023526
2.464,1,115.31,31.393,-26.736,0.54477,2.2836,0.12731,0,0,0.023499
2.4664,1,115.3,31.406,-26.75,0.54548,2.2682,0.1273,0,0,0.023472
2.4689,1,115.34,31.419,-26.764,0.54621,2.2531,0.1273,0,0,0.023443
2.4713,1,115.37,31.432,-26.777,0.54696,2.2436,0.12731,0,0,0.023414
2.4738,1,115.4,31.445,-26.789,0.54768,2.2415,0.12732,0,0,0.023384
2.4762,1,115.44,31.459,-26.802,0.54834,2.2372,0.12734,0,0,0.023354
2.4787,1,115.47,31.472,-26.814,0.54902,2.2301,0.12735,0,0,0.023356
2.4811,1,115.49,31.485,-26.827,0.54973,2.2224,0.12736,0,0,0.023446
2.4836,1,115.52,31.499,-26.839,0.55048,2.2182,0.12737,0,0,0.02358
2.4862,1,115.55,31.513,-26.853,0.55127,2.2158,0.12739,0,0,0.023826
2.4887,1,115.57,31.527,-26.866,0.55211,2.2147,0.12739,0,0,0.024098
2.4913,1,115.58,31.541,-26.88,0.553,2.2145,0.1274,0,0,0.024357
2.4938,1,115.6,31.555,-26.894,0.55414,2.2147,0.12741,0,0,0.024589
2.4964,1,115.62,31.57,-26.909,0.55516,2.2147,0.12742,0,0,0.024707
2.499,1,115.63,31.585,-26.923,0.5563,2.2146,0.12742,0,0,0.024829
2.5016,1,115.65,31.599,-26.938,0.55741,2.214,0.12743,0,0,0.024957
2.5043,1,115.67,31.614,-26.953,0.55859,2.2131,0.12743,0,0,0.025088
2.5069,1,115.69,31.63,-26.968,0.5599,2.2117,0.12743,0,0,0.025225
2.5096,1,115.71,31.645,-26.982,0.56136,2.2101,0.12743,0,0,0.025366
2.5122,1,115.74,31.661,-26.996,0.56274,2.2084,0.12744,0,0,0.025513
2.5149,1,115.76,31.676,-27.009,0.5642,2.2067,0.12744,0,0,0.025664
2.5176,1,115.78,31.692,-27.022,0.56574,2.2053,0.12745,0,0,0.025792
2.5203,1,115.81,31.708,-27.036,0.56737,2.2041,0.12746,0,0,0.025896
2.5231,1,115.83,31.724,-27.049,0.569,2.2038,0.12747,0,0,0.026016
2.5258,1,115.85,31.741,-27.063,0.57066,2.2057,0.12748,0,0,0.026204
2.5286,1,115.86,31.757,-27.077,0.57255,2.2097,0.12748,0,0,0.026381
2.5313,1,115.87,31.774,-27.092,0.57459,2.2149,0.12748,0,0,0.026546
2.5341,1,115.87,31.791,-27.108,0.57676,2.218,0.12748,0,0,0.026702
2.537,1,115.87,31.808,-27.124,0.57906,2.2205,0.12749,0,0,0.026864
2.5398,1,115.88,31.826,-27.14,0.58148,2.2198,0.12749,0,0,0.027102
2.5426,1,115.89,31.844,-27.156,0.58401,2.2173,0.1275,0,0,0.027362
2.5455,1,115.91,31.862,-27.173,0.58665,2.2126,0.1275,0,0,0.027618
2.5484,1,115.94,31.88,-27.189,0.5894,2.2063,0.12751,0,0,0.027871
2.5513,1,115.97,31.899,-27.205,0.59226,2.2019,0.12752,0,0,0.02812
2.5542,1,115.99,31.917,-27.221,0.59527,2.205,0.12753,0,0,0.028367
2.5572,1,115.99,31.937,-27.238,0.59843,2.2104,0.12753,0,0,0.028614
2.5602,1,115.96,31.956,-27.257,0.60181,2.218,0.12752,0,0,0.028863
2.5632,1,115.93,31.976,-27.276,0.60538,2.2256,0.1275,0,0,0.029117
2.5662,1,115.89,31.996,-27.297,0.60918,2.2323,0.12748,0,0,0.029341
2.5692,1,115.81,32.017,-27.32,0.61327,2.2451,0.12744,0,0,0.029552
2.5722,1,115.68,32.038,-27.346,0.61774,2.267,0.12737,0,0,0.029354
2.5753,1,115.42,32.06,-27.377,0.6227,2.3032,0.12732,0,0,0.028928
2.5784,1,115.19,32.084,-27.41,0.62803,2.3316,0.12727,0,0,0.029069
2.5815,1,115.09,32.108,-27.442,0.63318,2.341,0.12723,0,0,0.029357
2.5847,1,115.03,32.133,-27.473,0.63843,2.3452,0.1272,0,0,0.029198
2.5879,1,114.99,32.158,-27.504,0.64364,2.3636,0.12718,0,0,0.028961
2.5912,1,114.95,32.183,-27.534,0.64901,2.4113,0.12716,0,0,0.028556
2.5945,1,114.91,32.209,-27.565,0.65454,2.4753,0.12713,0,0,0.02719
2.5977,1,114.86,32.236,-27.597,0.66045,2.5277,0.12711,0,0,0.025173
2.601,1,114.69,32.262,-27.631,0.66654,2.552,0.12703,0,0,0.023488
2.6043,1,114.45,32.29,-27.666,0.67277,2.5587,0.12691,0,0,0.022883
2.6076,1,114.26,32.317,-27.701,0.67886,2.5487,0.12682,0,0,0.022533
2.6109,1,114.12,32.345,-27.736,0.68465,2.5325,0.12676,0,0,0.022398
2.6142,1,114.01,32.374,-27.771,0.69026,2.5154,0.1267,0,0,0.022199
2.6175,1,113.94,32.403,-27.811,0.69642,2.4977,0.12666,0,0,0.021843
2.6209,1,113.89,32.434,-27.855,0.70222,2.4804,0.12663,0,0,0.021297
2.6243,1,113.85,32.466,-27.897,0.70766,2.4639,0.12661,0,0,0.020949
2.6278,1,113.83,32.499,-27.938,0.71134,2.4532,0.1266,0,0,0.020671
2.6315,1,113.82,32.535,-27.98,0.71235,2.4401,0.12658,0,0,0.02076
2.6353,1,113.82,32.572,-28.023,0.71377,2.4255,0.12658,0,0,0.020881
2.6393,1,113.82,32.611,-28.068,0.71685,2.403,0.12657,0,0,0.021011
2.6436,1,113.84,32.653,-28.115,0.71782,2.3831,0.12653,0,0,0.021221
2.6481,1,113.77,32.695,-28.165,0.71649,2.3662,0.12648,0,0,0.020876
2.6525,1,113.85,32.738,-28.21,0.71413,2.3462,0.12645,0,0,0.020083
2.6572,1,113.93,32.781,-28.252,0.71151,2.3249,0.12645,0,0,0.020036
2.662,1,114.04,32.824,-28.289,0.70893,2.3034,0.12647,0,0,0.020366
2.6667,1,114.16,32.866,-28.324,0.70687,2.2808,0.12652,0,0,0.020766
2.6715,1,114.28,32.908,-28.357,0.70559,2.2588,0.12657,0,0,0.021221
2.6763,1,114.41,32.949,-28.389,0.70543,2.2366,0.12661,0,0,0.021326
2.6812,1,114.55,32.99,-28.419,0.7065,2.217,0.12666,0,0,0.021249
2.6861,1,114.71,33.031,-28.447,0.70873,2.1912,0.12667,0,0,0.021447
2.691,1,114.85,33.072,-28.476,0.71439,2.1776,0.12669,0,0,0.021918
2.6961,1,115,33.113,-28.504,0.72247,2.1628,0.12674,0,0,0.022409
2.7013,1,115.13,33.156,-28.533,0.73264,2.1633,0.12679,0,0,0.022959
2.7066,1,115.26,33.199,-28.563,0.74483,2.1636,0.12684,0,0,0.023892
2.7122,1,115.36,33.243,-28.595,0.75708,2.168,0.12689,0,0,0.024893
2.718,1,115.44,33.289,-28.631,0.76924,2.172,0.12693,0,0,0.025941
2.7239,1,115.5,33.335,-28.67,0.78094,2.1719,0.12697,0,0,0.02708
2.7299,1,115.53,33.381,-28.712,0.7922,2.1778,0.127,0,0,0.028118
2.7358,1,115.53,33.428,-28.757,0.80304,2.1913,0.127,0,0,0.028966
2.7418,1,115.48,33.474,-28.805,0.81353,2.2057,0.12699,0,0,0.029603
2.7478,1,115.38,33.522,-28.857,0.82375,2.226,0.12696,0,0,0.030066
2.7537,1,115.3,33.569,-28.91,0.83352,2.2386,0.12691,0,0,0.030403
2.7597,1,115.22,33.617,-28.963,0.84273,2.2461,0.12687,0,0,0.03061
2.7657,1,115.15,33.665,-29.016,0.85136,2.2521,0.12683,0,0,0.030719
2.7718,1,115.08,33.713,-29.069,0.85937,2.257,0.12679,0,0,0.030756
2.7778,1,115.01,33.761,-29.122,0.86643,2.2606,0.12675,0,0,0.030728
2.7838,1,114.95,33.809,-29.176,0.87313,2.2648,0.12671,0,0,0.030629
2.7899,1,114.88,33.857,-29.229,0.87911,2.2688,0.12668,0,0,0.030494
2.7959,1,114.83,33.902,-29.281,0.8842,2.2707,0.12664,0,0,0.030341
2.8017,1,114.78,33.947,-29.33,0.88689,2.2696,0.12662,0,0,0.0302
2.8074,1,114.75,33.99,-29.378,0.88683,2.2673,0.12659,0,0,0.030056
2.813,1,114.71,34.032,-29.424,0.88366,2.268,0.12657,0,0,0.029906
2.8185,1,114.69,34.073,-29.465,0.8778,2.2663,0.12655,0,0,0.029969
2.8239,1,114.71,34.113,-29.503,0.86967,2.2527,0.12655,0,0,0.030028
2.8293,1,114.75,34.153,-29.54,0.85977,2.2386,0.12657,0,0,0.029996
2.8347,1,114.79,34.192,-29.577,0.84759,2.2322,0.12658,0,0,0.029829
2.8403,1,114.82,34.233,-29.615,0.83307,2.2317,0.12658,0,0,0.029501
2.8461,1,114.84,34.274,-29.656,0.81741,2.2388,0.12659,0,0,0.02894
2.852,1,114.82,34.316,-29.705,0.8003,2.2663,0.12657,0,0,0.027805
2.858,1,114.68,34.356,-29.76,0.78297,2.3038,0.12651,0,0,0.02627
2.8637,1,114.53,34.397,-29.816,0.76573,2.332,0.12642,0,0,0.024443
2.8694,1,114.34,34.436,-29.872,0.74954,2.3738,0.12634,0,0,0.022833
2.875,1,114.18,34.475,-29.924,0.73476,2.3945,0.12626,0,0,0.02155
2.8805,1,114.03,34.513,-29.975,0.7215,2.4065,0.12619,0,0,0.020524
2.8858,1,113.89,34.551,-30.029,0.70982,2.4183,0.12612,0,0,0.019217
2.8912,1,113.68,34.59,-30.089,0.69925,2.4567,0.12603,0,0,0.017578
2.8966,1,113.42,34.63,-30.15,0.68893,2.5012,0.12591,0,0,0.015824
2.9021,1,113.18,34.671,-30.206,0.67937,2.5327,0.12584,0,0,0.015286
2.9077,1,113.02,34.711,-30.254,0.67156,2.5031,0.1258,0,0,0.015187
2.9134,1,112.97,34.751,-30.293,0.66603,2.4545,0.12579,0,0,0.015176
2.9192,1,113.02,34.788,-30.328,0.66259,2.4131,0.12581,0,0,0.015365
2.9249,1,113.07,34.824,-30.36,0.66099,2.3956,0.12583,0,0,0.015586
2.9305,1,113.13,34.858,-30.39,0.66064,2.371,0.12586,0,0,0.015816
2.936,1,113.18,34.892,-30.419,0.66164,2.3522,0.12588,0,0,0.016047
2.9414,1,113.24,34.924,-30.446,0.66445,2.3337,0.12591,0,0,0.016365
2.9467,1,113.3,34.956,-30.473,0.66947,2.3172,0.12593,0,0,0.016722
2.952,1,113.37,34.988,-30.498,0.67662,2.3018,0.12592,0,0,0.017057
2.9574,1,113.45,35.021,-30.523,0.68328,2.2878,0.12591,0,0,0.017539
2.9631,1,113.53,35.054,-30.549,0.68999,2.2748,0.12592,0,0,0.018099
2.9688,1,113.6,35.088,-30.577,0.69637,2.2659,0.12594,0,0,0.018619
2.9747,1,113.66,35.121,-30.606,0.70262,2.2605,0.12597,0,0,0.019076
2.9806,1,113.7,35.155,-30.637,0.70837,2.2612,0.12598,0,0,0.019416
2.9865,1,113.73,35.188,-30.668,0.71369,2.2655,0.12598,0,0,0.019684
2.9923,1,113.74,35.22,-30.7,0.71869,2.2677,0.12598,0,0,0.019906
2.998,1,113.75,35.251,-30.732,0.72329,2.2699,0.12594,0,0,0.020089
3.0035,1,113.76,35.282,-30.762,0.72765,2.2718,0.12594,0,0,0.020251
3.0089,1,113.77,35.311,-30.792,0.73174,2.2732,0.12594,0,0,0.020407
3.0141,1,113.78,35.34,-30.821,0.73562,2.2733,0.12594,0,0,0.020604
3.0192,1,113.8,35.368,-30.847,0.73922,2.2672,0.12595,0,0,0.020867
3.0242,1,113.83,35.395,-30.871,0.74219,2.2609,0.12596,0,0,0.021168
3.029,1,113.86,35.421,-30.895,0.74551,2.2559,0.12597,0,0,0.021473
3.0338,1,113.9,35.451,-30.919,0.74912,2.2523,0.12598,0,0,0.021788
3.0391,1,113.93,35.48,-30.946,0.7526,2.253,0.12599,0,0,0.022073
3.0444,1,113.96,35.512,-30.973,0.75632,2.2527,0.126,0,0,0.022361
3.0501,1,113.99,35.543,-31.003,0.75996,2.2554,0.126,0,0,0.022642
3.0558,1,114.02,35.576,-31.032,0.76369,2.2559,0.12601,0,0,0.022967
3.0617,1,114.04,35.608,-31.062,0.76745,2.2558,0.12601,0,0,0.023363
3.0675,1,114.06,35.64,-31.09,0.77121,2.2626,0.12603,0,0,0.023258
3.0733,1,114.02,35.671,-31.125,0.77403,2.2713,0.12603,0,0,0.022875
3.0789,1,113.94,35.703,-31.167,0.77353,2.3255,0.12599,0,0,0.021727
3.0844,1,113.78,35.734,-31.212,0.77054,2.3551,0.1259,0,0,0.020393
3.0898,1,113.58,35.766,-31.259,0.7666,2.3722,0.12582,0,0,0.019275
3.0951,1,113.41,35.797,-31.305,0.76067,2.4034,0.12574,0,0,0.018382
3.1002,1,113.3,35.828,-31.347,0.75449,2.4174,0.12568,0,0,0.017675
3.1053,1,113.27,35.859,-31.383,0.74854,2.4111,0.12565,0,0,0.016679
3.1104,1,113.19,35.889,-31.42,0.74245,2.4023,0.12561,0,0,0.015088
3.1155,1,113.04,35.919,-31.468,0.73662,2.4224,0.12556,0,0,0.013794
3.1203,1,112.81,35.95,-31.52,0.72925,2.4408,0.12548,0,0,0.01332
3.1252,1,112.62,35.98,-31.559,0.72203,2.4202,0.12545,0,0,0.013205
3.1301,1,112.62,36.013,-31.599,0.7152,2.4638,0.1254,0,0,0.013322
3.1352,1,112.57,36.046,-31.634,0.7115,2.4718,0.12539,0,0,0.013421
3.1406,1,112.58,36.079,-31.667,0.7056,2.4384,0.1254,0,0,0.013388
3.146,1,112.6,36.113,-31.694,0.69911,2.4061,0.12543,0,0,0.013717
3.1518,1,112.68,36.146,-31.721,0.6937,2.3821,0.12545,0,0,0.014101
3.1576,1,112.77,36.18,-31.746,0.68946,2.3631,0.12549,0,0,0.01448
3.1636,1,112.85,36.212,-31.772,0.68629,2.3505,0.12552,0,0,0.01494
3.1696,1,112.93,36.245,-31.798,0.68387,2.3401,0.12555,0,0,0.015447
3.1756,1,112.99,36.277,-31.825,0.68286,2.3335,0.12557,0,0,0.015939
3.1817,1,113.07,36.309,-31.85,0.68288,2.3189,0.1256,0,0,0.016386
3.1878,1,113.15,36.34,-31.877,0.68469,2.3035,0.12562,0,0,0.016722
3.1939,1,113.23,36.371,-31.901,0.68857,2.2927,0.12564,0,0,0.01703
3.1999,1,113.29,36.401,-31.926,0.69308,2.2843,0.12567,0,0,0.017419
3.206,1,113.33,36.432,-31.95,0.69887,2.2739,0.1257,0,0,0.017875
3.2121,1,113.4,36.462,-31.974,0.70645,2.2622,0.12572,0,0,0.018363
3.2183,1,113.48,36.491,-31.997,0.71591,2.255,0.12575,0,0,0.018839
3.2245,1,113.56,36.521,-32.021,0.72648,2.2483,0.12577,0,0,0.019314
3.2306,1,113.64,36.549,-32.043,0.73644,2.2391,0.1258,0,0,0.019979
3.2367,1,113.72,36.577,-32.066,0.74578,2.2333,0.12583,0,0,0.020632
3.2429,1,113.79,36.605,-32.088,0.75443,2.2281,0.12585,0,0,0.021258
3.2489,1,113.86,36.632,-32.11,0.76248,2.2296,0.12588,0,0,0.021773
3.255,1,113.9,36.659,-32.133,0.76995,2.2268,0.12589,0,0,0.022214
3.261,1,113.93,36.686,-32.156,0.77694,2.2257,0.12591,0,0,0.022607
3.267,1,113.95,36.712,-32.18,0.78346,2.2295,0.12591,0,0,0.022899
3.273,1,113.96,36.738,-32.206,0.78954,2.2366,0.12591,0,0,0.023106
3.279,1,114,36.764,-32.232,0.79518,2.2421,0.12591,0,0,0.023261
3.285,1,113.96,36.79,-32.258,0.79987,2.2526,0.1259,0,0,0.023387
3.2909,1,113.96,36.815,-32.284,0.8013,2.2558,0.1259,0,0,0.023504
3.2968,1,113.95,36.839,-32.309,0.80576,2.2556,0.12586,0,0,0.023663
3.3024,1,113.96,36.862,-32.332,0.80984,2.255,0.12579,0,0,0.023832
3.308,1,113.97,36.885,-32.355,0.81353,2.2537,0.12577,0,0,0.024004
3.3135,1,113.99,36.907,-32.376,0.81687,2.252,0.12577,0,0,0.024177
3.3189,1,114.01,36.929,-32.397,0.81961,2.2484,0.12578,0,0,0.024352
3.3244,1,114.02,36.951,-32.417,0.82115,2.2493,0.12578,0,0,0.024468
3.3298,1,114.03,36.973,-32.437,0.82153,2.2532,0.12579,0,0,0.024516
3.3354,1,114.03,36.995,-32.458,0.8225,2.2572,0.12579,0,0,0.024494
3.3411,1,114.02,37.016,-32.48,0.81973,2.2626,0.12578,0,0,0.024447
3.3467,1,114.03,37.036,-32.499,0.81399,2.2577,0.12578,0,0,0.024394
3.3522,1,114.05,37.056,-32.518,0.80687,2.2614,0.12577,0,0,0.024278
3.3576,1,114.08,37.075,-32.536,0.79872,2.2628,0.12576,0,0,0.02388
3.3628,1,114.08,37.094,-32.555,0.78951,2.2642,0.12577,0,0,0.023052
3.368,1,114.09,37.112,-32.575,0.77914,2.2714,0.12578,0,0,0.021948
3.3732,1,114.04,37.13,-32.597,0.76743,2.2925,0.12576,0,0,0.020803
3.3785,1,113.92,37.149,-32.619,0.75387,2.3051,0.12572,0,0,0.019718
3.384,1,113.78,37.168,-32.648,0.74042,2.3204,0.12567,0,0,0.018854
3.3895,1,113.64,37.186,-32.677,0.72747,2.3602,0.12563,0,0,0.018236
3.3948,1,113.53,37.205,-32.703,0.71557,2.3877,0.1256,0,0,0.017575
3.4002,1,113.45,37.223,-32.728,0.70607,2.4019,0.12554,0,0,0.016551
3.4056,1,113.41,37.242,-32.76,0.70589,2.4036,0.12549,0,0,0.015874
3.411,1,113.4,37.26,-32.797,0.69849,2.4094,0.12543,0,0,0.01637
3.4164,1,113.31,37.279,-32.833,0.69045,2.4046,0.12537,0,0,0.016834
3.4218,1,113.13,37.297,-32.863,0.68343,2.4266,0.12535,0,0,0.016903
3.4272,1,113.04,37.316,-32.886,0.67724,2.4567,0.12532,0,0,0.016433
3.4326,1,112.95,37.335,-32.907,0.6754,2.4807,0.12528,0,0,0.015997
3.4381,1,112.82,37.354,-32.934,0.67159,2.4554,0.12527,0,0,0.015725
3.4437,1,112.76,37.372,-32.957,0.66855,2.4332,0.12528,0,0,0.015667
3.4494,1,112.76,37.391,-32.973,0.66673,2.4028,0.12529,0,0,0.015803
3.4553,1,112.85,37.409,-32.988,0.66605,2.3707,0.12531,0,0,0.01604
3.4611,1,112.94,37.426,-33.001,0.66819,2.3494,0.12532,0,0,0.016373
3.467,1,113.03,37.444,-33.012,0.67229,2.3331,0.12536,0,0,0.016918
3.4729,1,113.12,37.461,-33.021,0.67796,2.3193,0.12539,0,0,0.01753
3.479,1,113.21,37.477,-33.03,0.68548,2.3046,0.12543,0,0,0.018168
3.485,1,113.3,37.493,-33.039,0.69423,2.2906,0.12546,0,0,0.018799
3.491,1,113.39,37.509,-33.047,0.70294,2.2775,0.1255,0,0,0.019392
3.497,1,113.48,37.524,-33.055,0.7111,2.2665,0.12553,0,0,0.019853
3.503,1,113.56,37.539,-33.063,0.71877,2.2606,0.12557,0,0,0.020259
3.5089,1,113.65,37.554,-33.07,0.72596,2.2601,0.1256,0,0,0.020422
3.5148,1,113.72,37.568,-33.078,0.73273,2.2577,0.12563,0,0,0.02069
3.5207,1,113.78,37.582,-33.086,0.73911,2.2523,0.12566,0,0,0.020896
3.5266,1,113.82,37.596,-33.095,0.74517,2.247,0.12569,0,0,0.021045
3.5324,1,113.85,37.61,-33.104,0.75094,2.2461,0.1257,0,0,0.021174
3.5383,1,113.85,37.623,-33.114,0.75636,2.2491,0.12572,0,0,0.021481
3.544,1,113.87,37.636,-33.125,0.75802,2.2516,0.12573,0,0,0.021726
3.5496,1,113.9,37.648,-33.136,0.76002,2.2539,0.1257,0,0,0.02194
3.5551,1,113.91,37.66,-33.148,0.76472,2.2537,0.12567,0,0,0.022141
3.5604,1,113.92,37.672,-33.159,0.76911,2.2549,0.12564,0,0,0.022374
3.5656,1,113.94,37.683,-33.169,0.77326,2.2549,0.12563,0,0,0.02262
3.5707,1,113.95,37.694,-33.178,0.77728,2.2559,0.12565,0,0,0.022867
3.576,1,113.97,37.705,-33.187,0.78088,2.2534,0.12563,0,0,0.023101
3.5809,1,114,37.716,-33.195,0.78459,2.2468,0.12564,0,0,0.023385
3.5863,1,114.04,37.728,-33.204,0.78809,2.2485,0.12566,0,0,0.023669
3.5918,1,114.05,37.739,-33.212,0.78855,2.243,0.12567,0,0,0.023959
3.5975,1,114.1,37.75,-33.22,0.79178,2.2388,0.12569,0,0,0.024207
3.6031,1,114.14,37.761,-33.229,0.79475,2.2387,0.1257,0,0,0.0244
3.6086,1,114.17,37.771,-33.237,0.79621,2.2378,0.12571,0,0,0.024552
3.6139,1,114.2,37.781,-33.245,0.79736,2.2386,0.1257,0,0,0.024681
3.6192,1,114.21,37.79,-33.252,0.79799,2.2395,0.12571,0,0,0.024831
3.6245,1,114.23,37.8,-33.258,0.79557,2.2351,0.12572,0,0,0.02438
3.6298,1,114.26,37.809,-33.267,0.79025,2.2403,0.12575,0,0,0.022918
3.6352,1,114.21,37.818,-33.28,0.78217,2.2766,0.12574,0,0,0.021328
3.6408,1,114.07,37.827,-33.293,0.77216,2.3123,0.12567,0,0,0.020417
3.6462,1,113.91,37.836,-33.314,0.76086,2.3263,0.12561,0,0,0.019933
3.6515,1,113.74,37.845,-33.336,0.74889,2.3584,0.12554,0,0,0.019164
3.6568,1,113.61,37.854,-33.356,0.73676,2.3852,0.12552,0,0,0.018449
3.6621,1,113.52,37.863,-33.375,0.72529,2.3859,0.12548,0,0,0.017691
3.6674,1,113.46,37.872,-33.394,0.71482,2.4019,0.12545,0,0,0.01649
3.6726,1,113.35,37.88,-33.413,0.71295,2.4085,0.1254,0,0,0.015993
3.6779,1,113.31,37.889,-33.436,0.70969,2.412,0.12532,0,0,0.015793
3.6833,1,113.19,37.897,-33.461,0.69939,2.4289,0.12529,0,0,0.016203
3.6886,1,113.1,37.905,-33.476,0.68981,2.45,0.12524,0,0,0.016091
3.6939,1,112.87,37.914,-33.498,0.68117,2.4672,0.12521,0,0,0.015831
3.6994,1,112.78,37.922,-33.512,0.67618,2.4342,0.12522,0,0,0.015928
3.705,1,112.82,37.93,-33.521,0.67225,2.4079,0.12522,0,0,0.015867
3.7108,1,112.87,37.937,-33.526,0.66595,2.3871,0.12523,0,0,0.016049
3.7167,1,112.92,37.944,-33.528,0.66267,2.368,0.12525,0,0,0.016323
3.7227,1,113.01,37.951,-33.528,0.65977,2.3426,0.12528,0,0,0.016659
3.7287,1,113.1,37.957,-33.528,0.66035,2.3233,0.12531,0,0,0.017009
3.7347,1,113.17,37.963,-33.527,0.6629,2.3108,0.12535,0,0,0.017542
3.7407,1,113.24,37.968,-33.525,0.66701,2.3022,0.12538,0,0,0.018083
3.7469,1,113.31,37.973,-33.523,0.67294,2.2939,0.12542,0,0,0.018641
3.753,1,113.38,37.978,-33.522,0.68046,2.2844,0.12545,0,0,0.019189
3.7592,1,113.45,37.983,-33.521,0.68807,2.2742,0.12548,0,0,0.019653
3.7653,1,113.52,37.988,-33.52,0.69512,2.2644,0.12551,0,0,0.020014
3.7714,1,113.59,37.992,-33.518,0.70168,2.2573,0.12554,0,0,0.020364
3.7775,1,113.67,37.997,-33.516,0.70773,2.25,0.12557,0,0,0.020721
3.7835,1,113.74,38.001,-33.514,0.71335,2.2429,0.1256,0,0,0.021039
3.7896,1,113.8,38.005,-33.512,0.71855,2.2396,0.12562,0,0,0.021338
3.7955,1,113.85,38.009,-33.511,0.72341,2.2379,0.12565,0,0,0.021629
3.8015,1,113.89,38.013,-33.512,0.72798,2.2384,0.12566,0,0,0.021949
3.8075,1,113.91,38.017,-33.512,0.7323,2.2411,0.12568,0,0,0.022382
3.8134,1,113.93,38.02,-33.514,0.73639,2.2459,0.12569,0,0,0.022677
3.8193,1,113.94,38.024,-33.517,0.74026,2.2512,0.12569,0,0,0.021771
3.8252,1,113.96,38.028,-33.519,0.74384,2.2536,0.1257,0,0,0.02169
3.8309,1,113.96,38.031,-33.522,0.74719,2.2547,0.1257,0,0,0.021844
3.8364,1,113.97,38.035,-33.524,0.75015,2.2563,0.12569,0,0,0.022008
3.8418,1,113.99,38.038,-33.526,0.74967,2.2545,0.12567,0,0,0.022245
3.8472,1,114.02,38.041,-33.526,0.7527,2.2481,0.12562,0,0,0.022556
3.8525,1,114.06,38.045,-33.526,0.75559,2.2437,0.12561,0,0,0.022913
3.8578,1,114.11,38.048,-33.525,0.75839,2.2371,0.12563,0,0,0.023277
3.8631,1,114.15,38.051,-33.525,0.7606,2.2325,0.12565,0,0,0.023633
3.8685,1,114.2,38.054,-33.524,0.76248,2.2296,0.12567,0,0,0.023978
3.874,1,114.24,38.057,-33.523,0.76502,2.2279,0.12569,0,0,0.024314
3.8794,1,114.28,38.06,-33.522,0.76742,2.226,0.1257,0,0,0.024664
3.8847,1,114.33,38.063,-33.521,0.76969,2.2225,0.12571,0,0,0.025083
3.8899,1,114.37,38.066,-33.517,0.77184,2.2172,0.12575,0,0,0.025194
3.8951,1,114.43,38.068,-33.517,0.7729,2.222,0.12577,0,0,0.024847
3.9003,1,114.33,38.071,-33.522,0.77418,2.2803,0.12573,0,0,0.023659
3.9055,1,114.18,38.075,-33.534,0.77054,2.3185,0.12567,0,0,0.021788
3.9109,1,114,38.078,-33.553,0.76435,2.3376,0.12559,0,0,0.020831
3.9163,1,113.82,38.082,-33.572,0.75671,2.375,0.12552,0,0,0.020264
3.9215,1,113.67,38.087,-33.591,0.74818,2.3999,0.12551,0,0,0.019443
3.9268,1,113.55,38.091,-33.607,0.73912,2.4092,0.12546,0,0,0.018433
3.9321,1,113.45,38.095,-33.623,0.72993,2.4185,0.12541,0,0,0.017128
3.9373,1,113.37,38.099,-33.637,0.72084,2.4291,0.12536,0,0,0.016068
3.9426,1,113.28,38.104,-33.657,0.71085,2.4377,0.1253,0,0,0.015705
3.9478,1,113.04,38.109,-33.681,0.70081,2.4897,0.12524,0,0,0.016145
3.9532,1,112.89,38.114,-33.699,0.69901,2.496,0.1252,0,0,0.015742
3.9586,1,112.83,38.118,-33.709,0.68965,2.4611,0.1252,0,0,0.016023
3.9642,1,112.86,38.123,-33.712,0.68117,2.4267,0.12521,0,0,0.016277
3.97,1,112.93,38.127,-33.712,0.676,2.3995,0.12523,0,0,0.016437
3.9759,1,113.01,38.131,-33.71,0.66953,2.3761,0.12526,0,0,0.016679
3.9818,1,113.08,38.134,-33.706,0.66453,2.3599,0.12529,0,0,0.017038
3.9878,1,113.15,38.137,-33.703,0.66125,2.3481,0.12532,0,0,0.017463
3.9939,1,113.21,38.14,-33.7,0.6593,2.3393,0.12535,0,0,0.017892
3.9999,1,113.32,38.143,-33.695,0.66072,2.313,0.12539,0,0,0.01835
4.006,1,113.41,38.146,-33.689,0.66377,2.3015,0.12543,0,0,0.018938
4.0121,1,113.49,38.148,-33.684,0.66802,2.2909,0.12547,0,0,0.019555
4.0183,1,113.57,38.151,-33.68,0.67393,2.2853,0.1255,0,0,0.019993
4.0245,1,113.65,38.154,-33.676,0.68186,2.2758,0.12554,0,0,0.020404
4.0306,1,113.72,38.156,-33.671,0.69141,2.266,0.12557,0,0,0.020632
4.0368,1,113.8,38.159,-33.667,0.70038,2.2554,0.1256,0,0,0.02096
4.0429,1,113.88,38.161,-33.663,0.70888,2.2475,0.12563,0,0,0.021332
4.049,1,113.95,38.164,-33.659,0.71686,2.2409,0.12567,0,0,0.021753
4.055,1,114.02,38.167,-33.655,0.72439,2.235,0.1257,0,0,0.02221
4.061,1,114.09,38.169,-33.652,0.73144,2.2309,0.12572,0,0,0.022633
4.067,1,114.14,38.172,-33.649,0.73808,2.2295,0.12575,0,0,0.02296
4.073,1,114.19,38.174,-33.647,0.74433,2.2288,0.12577,0,0,0.023222
4.079,1,114.2,38.177,-33.647,0.75027,2.2341,0.12578,0,0,0.023463
4.0849,1,114.22,38.179,-33.649,0.75591,2.2406,0.12579,0,0,0.023748
4.0908,1,114.22,38.182,-33.651,0.76126,2.2444,0.12579,0,0,0.023903
4.0967,1,114.23,38.184,-33.653,0.76631,2.2492,0.12579,0,0,0.023877
4.1026,1,114.23,38.187,-33.655,0.77096,2.2523,0.12579,0,0,0.024019
4.1083,1,114.22,38.189,-33.658,0.77275,2.2547,0.12579,0,0,0.024157
4.1138,1,114.23,38.192,-33.66,0.77694,2.2563,0.12576,0,0,0.024363
4.1193,1,114.24,38.194,-33.662,0.78082,2.2547,0.12574,0,0,0.024588
4.1247,1,114.27,38.196,-33.662,0.78439,2.2478,0.12571,0,0,0.024865
4.13,1,114.3,38.198,-33.661,0.78768,2.2422,0.12569,0,0,0.025159
4.1353,1,114.34,38.2,-33.66,0.79074,2.239,0.1257,0,0,0.025444
4.1406,1,114.36,38.202,-33.659,0.79362,2.2373,0.12572,0,0,0.025697
4.146,1,114.39,38.204,-33.658,0.79551,2.2373,0.12573,0,0,0.025913
4.1516,1,114.41,38.206,-33.658,0.79809,2.2396,0.12574,0,0,0.026063
4.1573,1,114.42,38.208,-33.659,0.7996,2.2427,0.12574,0,0,0.026153
4.1632,1,114.43,38.209,-33.66,0.79956,2.2459,0.12575,0,0,0.026171
4.1689,1,114.44,38.211,-33.66,0.79668,2.2483,0.12576,0,0,0.026154
4.1746,1,114.45,38.212,-33.66,0.79214,2.2492,0.12576,0,0,0.02618
4.1801,1,114.47,38.213,-33.657,0.78634,2.2491,0.12578,0,0,0.025576
4.1856,1,114.51,38.214,-33.657,0.77906,2.2479,0.12577,0,0,0.024459
4.1909,1,114.43,38.215,-33.664,0.76977,2.2968,0.12573,0,0,0.023224
4.1963,1,114.29,38.216,-33.677,0.75872,2.3177,0.12567,0,0,0.022078
4.2017,1,114.13,38.217,-33.69,0.74665,2.35,0.12564,0,0,0.021139
4.207,1,113.98,38.219,-33.705,0.73446,2.384,0.12563,0,0,0.020448
4.2123,1,113.86,38.22,-33.717,0.72267,2.3988,0.12557,0,0,0.019794
4.2176,1,113.8,38.221,-33.726,0.71228,2.4029,0.12553,0,0,0.019137
4.2228,1,113.74,38.222,-33.732,0.70311,2.3952,0.12548,0,0,0.018319
4.228,1,113.73,38.223,-33.74,0.69655,2.3987,0.12547,0,0,0.017876
4.2333,1,113.57,38.224,-33.755,0.68876,2.4257,0.1254,0,0,0.018141
4.2386,1,113.34,38.225,-33.777,0.6813,2.4744,0.12535,0,0,0.017928
4.244,1,113.18,38.227,-33.793,0.67462,2.4973,0.1253,0,0,0.01745
4.2495,1,113.1,38.228,-33.799,0.66984,2.463,0.1253,0,0,0.017304
4.2552,1,113.09,38.229,-33.8,0.6668,2.4335,0.1253,0,0,0.017251
4.2611,1,113.12,38.23,-33.799,0.66358,2.41,0.12531,0,0,0.017414
4.2669,1,113.17,38.231,-33.796,0.66145,2.3899,0.12533,0,0,0.017725
4.2729,1,113.22,38.232,-33.792,0.66072,2.3734,0.12535,0,0,0.01809
4.2789,1,113.32,38.232,-33.785,0.66162,2.3426,0.12539,0,0,0.018471
4.2848,1,113.4,38.232,-33.777,0.66417,2.3271,0.12542,0,0,0.019012
4.2908,1,113.48,38.232,-33.77,0.6681,2.3146,0.12546,0,0,0.019579
4.2969,1,113.55,38.233,-33.764,0.67359,2.3065,0.12549,0,0,0.020186
4.303,1,113.62,38.233,-33.758,0.68086,2.2967,0.12552,0,0,0.020789
4.3091,1,113.69,38.233,-33.752,0.68936,2.2864,0.12555,0,0,0.021423
4.3152,1,113.76,38.234,-33.746,0.69737,2.2755,0.12558,0,0,0.021913
4.3213,1,113.84,38.234,-33.739,0.70486,2.2654,0.12561,0,0,0.022408
4.3273,1,113.91,38.234,-33.733,0.71189,2.256,0.12565,0,0,0.022735
4.3334,1,113.99,38.235,-33.727,0.71843,2.2495,0.12568,0,0,0.023002
4.3393,1,114.06,38.235,-33.72,0.72455,2.2422,0.12571,0,0,0.023227
4.3453,1,114.13,38.235,-33.715,0.73029,2.2388,0.12574,0,0,0.023432
4.3513,1,114.19,38.235,-33.71,0.73569,2.2358,0.12577,0,0,0.02361
4.3572,1,114.22,38.236,-33.706,0.74081,2.2364,0.12578,0,0,0.02384
4.3631,1,114.24,38.236,-33.704,0.74569,2.2411,0.12579,0,0,0.024151
4.369,1,114.27,38.237,-33.703,0.75032,2.2445,0.1258,0,0,0.023868
4.3749,1,114.28,38.237,-33.702,0.75466,2.2468,0.12581,0,0,0.023981
4.3806,1,114.29,38.238,-33.702,0.75869,2.2488,0.12581,0,0,0.024189
4.3862,1,114.3,38.238,-33.701,0.7617,2.2504,0.12581,0,0,0.02437
4.3917,1,114.31,38.239,-33.701,0.76533,2.2514,0.12578,0,0,0.024544
4.397,1,114.33,38.239,-33.7,0.76874,2.2499,0.12577,0,0,0.024763
4.4023,1,114.36,38.24,-33.697,0.77192,2.243,0.12574,0,0,0.025061
4.4075,1,114.4,38.24,-33.694,0.77491,2.2355,0.12573,0,0,0.025426
4.4128,1,114.45,38.241,-33.69,0.77773,2.2294,0.12575,0,0,0.025814
4.4181,1,114.5,38.241,-33.687,0.78045,2.2258,0.12577,0,0,0.026206
4.4235,1,114.55,38.242,-33.683,0.78305,2.2229,0.12579,0,0,0.026588
4.4291,1,114.58,38.242,-33.68,0.78479,2.22,0.12581,0,0,0.026969
4.4349,1,114.64,38.243,-33.676,0.78705,2.2165,0.12583,0,0,0.027359
4.4405,1,114.69,38.243,-33.672,0.78885,2.2121,0.12586,0,0,0.027789
4.4461,1,114.76,38.243,-33.665,0.79027,2.2025,0.12589,0,0,0.028115
4.4515,1,114.83,38.243,-33.66,0.79098,2.2123,0.12589,0,0,0.027877
4.4568,1,114.69,38.243,-33.668,0.78771,2.2759,0.12583,0,0,0.026634
4.4621,1,114.53,38.244,-33.683,0.78178,2.3176,0.12576,0,0,0.025311
4.4674,1,114.34,38.245,-33.699,0.7734,2.3425,0.12568,0,0,0.023992
4.4728,1,114.16,38.246,-33.717,0.76353,2.379,0.12562,0,0,0.022818
4.4781,1,114,38.247,-33.732,0.7528,2.4008,0.12562,0,0,0.021719
4.4834,1,113.87,38.248,-33.745,0.74159,2.4118,0.12557,0,0,0.020724
4.4888,1,113.76,38.249,-33.756,0.73045,2.4249,0.12551,0,0,0.01931
4.4941,1,113.64,38.25,-33.768,0.71922,2.432,0.12546,0,0,0.018192
4.4994,1,113.42,38.252,-33.79,0.707,2.4842,0.12539,0,0,0.017473
4.5048,1,113.26,38.253,-33.81,0.70078,2.5119,0.12534,0,0,0.017184
4.5102,1,113.17,38.254,-33.819,0.68992,2.4752,0.12532,0,0,0.017217
4.5159,1,113.17,38.255,-33.82,0.68013,2.4398,0.12532,0,0,0.017533
4.5216,1,113.22,38.255,-33.817,0.67181,2.4107,0.12534,0,0,0.017871
4.5275,1,113.28,38.256,-33.812,0.66661,2.3843,0.12536,0,0,0.018123
4.5335,1,113.35,38.255,-33.806,0.66076,2.3653,0.12539,0,0,0.018439
4.5395,1,113.43,38.255,-33.8,0.65657,2.3483,0.12542,0,0,0.018816
4.5455,1,113.54,38.254,-33.79,0.65431,2.318,0.12547,0,0,0.019305
4.5516,1,113.64,38.253,-33.781,0.65429,2.3038,0.12551,0,0,0.019848
4.5577,1,113.73,38.253,-33.771,0.65633,2.2928,0.12555,0,0,0.02038
4.5639,1,113.81,38.252,-33.763,0.66045,2.2862,0.12559,0,0,0.020799
4.5701,1,113.88,38.251,-33.756,0.66679,2.2771,0.12562,0,0,0.021225
4.5763,1,113.96,38.25,-33.748,0.67548,2.268,0.12565,0,0,0.021639
4.5825,1,114.04,38.249,-33.741,0.68362,2.2576,0.12568,0,0,0.021929
4.5887,1,114.11,38.249,-33.734,0.69123,2.2496,0.12572,0,0,0.022185
4.5948,1,114.19,38.248,-33.727,0.69837,2.2424,0.12575,0,0,0.022557
4.6009,1,114.26,38.248,-33.72,0.70506,2.2365,0.12578,0,0,0.022952
4.607,1,114.32,38.247,-33.714,0.71134,2.2329,0.12581,0,0,0.023344
4.613,1,114.35,38.247,-33.708,0.71722,2.2313,0.12583,0,0,0.02373
4.619,1,114.39,38.247,-33.704,0.72278,2.2337,0.12585,0,0,0.024048
4.625,1,114.41,38.246,-33.702,0.72808,2.2413,0.12586,0,0,0.024327
4.631,1,114.41,38.246,-33.701,0.73314,2.2464,0.12586,0,0,0.024622
4.6369,1,114.42,38.246,-33.7,0.73808,2.2498,0.12586,0,0,0.024986
4.6428,1,114.42,38.246,-33.7,0.74278,2.2537,0.12586,0,0,0.025425
4.6488,1,114.41,38.246,-33.701,0.74724,2.2578,0.12586,0,0,0.024895
4.6546,1,114.41,38.247,-33.701,0.75138,2.2599,0.12586,0,0,0.024608
4.6604,1,114.41,38.247,-33.701,0.75521,2.2581,0.12586,0,0,0.024808
4.6659,1,114.44,38.247,-33.699,0.75804,2.2495,0.12586,0,0,0.0251
4.6714,1,114.47,38.248,-33.696,0.76092,2.2429,0.12583,0,0,0.025427
4.6768,1,114.51,38.248,-33.692,0.76391,2.238,0.12581,0,0,0.02575
4.6821,1,114.55,38.248,-33.69,0.76673,2.2366,0.1258,0,0,0.026039
4.6874,1,114.58,38.248,-33.687,0.76943,2.2371,0.1258,0,0,0.026287
4.6927,1,114.6,38.249,-33.685,0.77203,2.2387,0.12581,0,0,0.026499
4.6981,1,114.61,38.249,-33.684,0.77456,2.2412,0.12581,0,0,0.026691
4.7036,1,114.63,38.249,-33.682,0.7763,2.2425,0.12582,0,0,0.026886
4.7093,1,114.65,38.25,-33.681,0.77824,2.2417,0.12583,0,0,0.027087
4.7149,1,114.69,38.25,-33.678,0.77878,2.2373,0.12584,0,0,0.027366
4.7204,1,114.71,38.25,-33.672,0.77779,2.2373,0.12586,0,0,0.027431
4.7258,1,114.68,38.25,-33.674,0.77461,2.257,0.12585,0,0,0.026605
4.7311,1,114.56,38.251,-33.688,0.76899,2.3101,0.12581,0,0,0.025279
4.7364,1,114.41,38.252,-33.702,0.76152,2.3403,0.12576,0,0,0.023931
4.7416,1,114.24,38.253,-33.719,0.75217,2.3769,0.1257,0,0,0.022764
4.7469,1,114.09,38.254,-33.734,0.74203,2.3993,0.12567,0,0,0.021891
4.7522,1,113.97,38.255,-33.746,0.73182,2.4045,0.12561,0,0,0.021309
4.7574,1,113.91,38.256,-33.753,0.72225,2.4,0.12558,0,0,0.020697
4.7626,1,113.88,38.257,-33.757,0.71372,2.3897,0.12556,0,0,0.019686
4.7678,1,113.81,38.258,-33.767,0.70557,2.4076,0.12553,0,0,0.01865
4.773,1,113.63,38.259,-33.785,0.69948,2.4519,0.12545,0,0,0.01867
4.778,1,113.32,38.261,-33.812,0.69079,2.497,0.12539,0,0,0.018578
4.783,1,113.22,38.262,-33.822,0.68254,2.498,0.12534,0,0,0.018047
4.7886,1,113.2,38.264,-33.825,0.67593,2.4683,0.12533,0,0,0.018119
4.7941,1,113.23,38.265,-33.824,0.67041,2.4289,0.12535,0,0,0.018041
4.7999,1,113.28,38.265,-33.82,0.66619,2.4043,0.12537,0,0,0.018202
4.8057,1,113.35,38.266,-33.814,0.66325,2.3789,0.1254,0,0,0.018419
4.8117,1,113.41,38.266,-33.809,0.66136,2.364,0.12543,0,0,0.018733
4.8176,1,113.47,38.267,-33.804,0.66082,2.3513,0.12546,0,0,0.019134
4.8236,1,113.53,38.267,-33.798,0.66131,2.3392,0.12548,0,0,0.019538
4.8296,1,113.62,38.267,-33.791,0.66341,2.3168,0.12552,0,0,0.019929
4.8357,1,113.7,38.267,-33.783,0.66696,2.3061,0.12556,0,0,0.020361
4.8417,1,113.78,38.267,-33.777,0.67107,2.2972,0.12559,0,0,0.020914
4.8477,1,113.84,38.267,-33.771,0.67665,2.2915,0.12562,0,0,0.021483
4.8538,1,113.91,38.268,-33.766,0.68427,2.2832,0.12564,0,0,0.022068
4.8599,1,113.97,38.268,-33.76,0.69266,2.2746,0.12567,0,0,0.022664
4.866,1,114.04,38.269,-33.755,0.70058,2.2651,0.1257,0,0,0.023299
4.8721,1,114.11,38.269,-33.749,0.70802,2.2566,0.12573,0,0,0.023952
4.8781,1,114.18,38.27,-33.744,0.71502,2.249,0.12576,0,0,0.024476
4.8842,1,114.25,38.271,-33.738,0.72158,2.243,0.12579,0,0,0.024894
4.8902,1,114.32,38.271,-33.733,0.72774,2.2369,0.12582,0,0,0.025258
4.8961,1,114.38,38.272,-33.728,0.73352,2.2336,0.12585,0,0,0.025481
4.9021,1,114.44,38.273,-33.724,0.73891,2.2327,0.12587,0,0,0.025455
4.908,1,114.47,38.273,-33.722,0.74394,2.2356,0.12588,0,0,0.02537
4.914,1,114.49,38.274,-33.721,0.74875,2.2404,0.12589,0,0,0.025263
4.9199,1,114.5,38.275,-33.72,0.75345,2.2434,0.1259,0,0,0.025296
4.9258,1,114.52,38.276,-33.721,0.75799,2.2454,0.1259,0,0,0.025355
4.9317,1,114.53,38.277,-33.721,0.76175,2.2483,0.1259,0,0,0.025545
4.9376,1,114.53,38.279,-33.722,0.76538,2.2503,0.12591,0,0,0.025719
4.9433,1,114.54,38.28,-33.722,0.76914,2.2513,0.12591,0,0,0.025905
4.9489,1,114.55,38.281,-33.722,0.77263,2.2497,0.12589,0,0,0.026162
4.9544,1,114.58,38.282,-33.719,0.77584,2.242,0.12589,0,0,0.026459
4.9597,1,114.63,38.283,-33.716,0.77881,2.2349,0.12589,0,0,0.026827
4.9649,1,114.67,38.284,-33.713,0.78101,2.2284,0.12589,0,0,0.027197
4.9702,1,114.72,38.285,-33.71,0.78366,2.2252,0.12585,0,0,0.027562
4.9753,1,114.76,38.286,-33.708,0.78638,2.2234,0.12587,0,0,0.027908
4.9808,1,114.79,38.288,-33.706,0.78878,2.2233,0.12588,0,0,0.02825
4.9863,1,114.82,38.289,-33.703,0.79085,2.2228,0.1259,0,0,0.028595
4.9921,1,114.86,38.29,-33.7,0.7925,2.2212,0.12592,0,0,0.028972
4.9976,1,114.89,38.29,-33.695,0.79315,2.219,0.12594,0,0,0.029496
5.0031,1,114.95,38.291,-33.689,0.79256,2.2151,0.12596,0,0,0.029062
5.0085,1,114.91,38.292,-33.698,0.78909,2.2538,0.12597,0,0,0.027919
5.0138,1,114.78,38.293,-33.713,0.78323,2.3037,0.12591,0,0,0.026518
5.019,1,114.61,38.295,-33.73,0.7752,2.338,0.12586,0,0,0.025128
5.0243,1,114.42,38.297,-33.747,0.76525,2.3567,0.1258,0,0,0.023933
5.0297,1,114.27,38.299,-33.763,0.7544,2.3878,0.12575,0,0,0.022859
5.035,1,114.14,38.3,-33.776,0.74308,2.4039,0.12571,0,0,0.021904
5.0403,1,114.02,38.302,-33.789,0.7317,2.4116,0.12564,0,0,0.020704
5.0457,1,113.96,38.304,-33.8,0.72063,2.4238,0.12559,0,0,0.01939
5.051,1,113.89,38.306,-33.82,0.71031,2.4305,0.12554,0,0,0.018845
5.0563,1,113.63,38.308,-33.842,0.70246,2.4624,0.12549,0,0,0.01935
5.0617,1,113.45,38.31,-33.852,0.69198,2.4803,0.12544,0,0,0.019146
5.0671,1,113.42,38.312,-33.855,0.68298,2.4557,0.12541,0,0,0.019092
5.0725,1,113.43,38.313,-33.853,0.67521,2.428,0.12543,0,0,0.019479
5.078,1,113.47,38.314,-33.85,0.66859,2.4001,0.12545,0,0,0.019481
5.0837,1,113.54,38.315,-33.845,0.66318,2.378,0.12548,0,0,0.019426
5.0895,1,113.61,38.315,-33.839,0.65964,2.3621,0.12551,0,0,0.019672
5.0954,1,113.7,38.316,-33.832,0.65825,2.339,0.12555,0,0,0.020006
5.1014,1,113.8,38.316,-33.823,0.65777,2.3158,0.12559,0,0,0.020413
5.1074,1,113.9,38.316,-33.815,0.65832,2.3019,0.12563,0,0,0.020873
5.1135,1,113.98,38.316,-33.807,0.66158,2.2925,0.12567,0,0,0.021501
5.1196,1,114.06,38.316,-33.801,0.66678,2.2848,0.1257,0,0,0.022161
5.1257,1,114.14,38.316,-33.794,0.67422,2.2756,0.12574,0,0,0.022842
5.1319,1,114.22,38.317,-33.787,0.68296,2.2656,0.12577,0,0,0.023511
5.138,1,114.29,38.317,-33.781,0.69116,2.2562,0.1258,0,0,0.024086
5.1442,1,114.37,38.317,-33.774,0.69886,2.2482,0.12584,0,0,0.024564
5.1502,1,114.44,38.318,-33.768,0.7061,2.2409,0.12587,0,0,0.024945
5.1563,1,114.49,38.318,-33.763,0.71289,2.237,0.1259,0,0,0.025309
5.1623,1,114.54,38.318,-33.758,0.71926,2.2338,0.12592,0,0,0.025629
5.1683,1,114.59,38.319,-33.754,0.72526,2.2326,0.12594,0,0,0.02592
5.1743,1,114.62,38.319,-33.752,0.73096,2.2359,0.12595,0,0,0.026202
5.1803,1,114.64,38.32,-33.752,0.73639,2.2429,0.12596,0,0,0.026486
5.1862,1,114.65,38.321,-33.752,0.74154,2.2473,0.12596,0,0,0.026894
5.1921,1,114.65,38.322,-33.752,0.74645,2.2511,0.12596,0,0,0.027028
5.198,1,114.65,38.322,-33.753,0.7511,2.2549,0.12596,0,0,0.026254
5.2039,1,114.66,38.323,-33.754,0.7554,2.2578,0.12596,0,0,0.026197
5.2096,1,114.65,38.324,-33.755,0.75852,2.2584,0.12596,0,0,0.026341
5.2151,1,114.66,38.325,-33.755,0.7595,2.2564,0.12595,0,0,0.026564
5.2205,1,114.68,38.326,-33.753,0.76301,2.2492,0.12593,0,0,0.026844
5.2259,1,114.72,38.327,-33.75,0.76628,2.2426,0.12589,0,0,0.027177
5.2312,1,114.76,38.328,-33.748,0.76934,2.2388,0.12587,0,0,0.027505
5.2365,1,114.8,38.328,-33.746,0.77226,2.2371,0.12588,0,0,0.027811
5.2418,1,114.82,38.329,-33.745,0.77506,2.2371,0.12589,0,0,0.028078
5.2472,1,114.84,38.33,-33.744,0.77779,2.239,0.1259,0,0,0.028314
5.2528,1,114.86,38.331,-33.744,0.78046,2.2408,0.12591,0,0,0.02853
5.2586,1,114.88,38.331,-33.743,0.78298,2.2418,0.12592,0,0,0.028711
5.2644,1,114.91,38.332,-33.742,0.78368,2.2426,0.12593,0,0,0.028894
5.2703,1,114.94,38.333,-33.739,0.78278,2.2363,0.12595,0,0,0.029145
5.2761,1,114.96,38.333,-33.737,0.77976,2.2369,0.12598,0,0,0.029308
5.2817,1,114.88,38.333,-33.745,0.77377,2.2785,0.12596,0,0,0.028306
5.2872,1,114.75,38.334,-33.757,0.76586,2.3197,0.1259,0,0,0.027027
5.2926,1,114.58,38.335,-33.773,0.75622,2.3436,0.12583,0,0,0.025608
5.2979,1,114.41,38.336,-33.788,0.74547,2.3821,0.12579,0,0,0.024346
5.3033,1,114.28,38.337,-33.8,0.73415,2.3995,0.12577,0,0,0.023393
5.3086,1,114.2,38.337,-33.809,0.72352,2.4037,0.12573,0,0,0.022691
5.3138,1,114.15,38.338,-33.814,0.71387,2.3957,0.12567,0,0,0.022113
5.319,1,114.11,38.338,-33.817,0.70538,2.4039,0.12564,0,0,0.021444
5.3242,1,114.01,38.339,-33.828,0.69751,2.4222,0.12561,0,0,0.020273
5.3293,1,113.78,38.34,-33.848,0.69294,2.4609,0.12553,0,0,0.019359
5.3343,1,113.55,38.341,-33.871,0.68544,2.5045,0.12544,0,0,0.018993
5.3396,1,113.48,38.342,-33.878,0.67792,2.4739,0.12543,0,0,0.019105
5.3451,1,113.46,38.342,-33.88,0.6719,2.4373,0.12544,0,0,0.019295
5.3508,1,113.5,38.343,-33.877,0.66641,2.4102,0.12546,0,0,0.019245
5.3566,1,113.57,38.343,-33.873,0.6625,2.3845,0.12548,0,0,0.01937
5.3625,1,113.62,38.342,-33.868,0.6601,2.3697,0.1255,0,0,0.019569
5.3684,1,113.67,38.342,-33.863,0.65788,2.3584,0.12553,0,0,0.01981
5.3744,1,113.74,38.341,-33.857,0.65759,2.3362,0.12555,0,0,0.020189
5.3804,1,113.82,38.341,-33.851,0.65893,2.3202,0.12558,0,0,0.020557
5.3864,1,113.89,38.34,-33.843,0.66179,2.309,0.12561,0,0,0.021087
5.3924,1,113.96,38.339,-33.837,0.66638,2.3001,0.12564,0,0,0.021598
5.3985,1,114.03,38.338,-33.83,0.67164,2.2935,0.12567,0,0,0.021977
5.4045,1,114.09,38.337,-33.824,0.67813,2.2857,0.12569,0,0,0.022316
5.4106,1,114.15,38.336,-33.817,0.68513,2.2759,0.12572,0,0,0.022723
5.4167,1,114.21,38.335,-33.811,0.69201,2.2666,0.12575,0,0,0.023178
5.4228,1,114.28,38.334,-33.804,0.6985,2.2576,0.12578,0,0,0.023648
5.4288,1,114.35,38.333,-33.798,0.70455,2.2494,0.1258,0,0,0.024112
5.4348,1,114.41,38.332,-33.791,0.71015,2.2428,0.12583,0,0,0.024564
5.4408,1,114.48,38.331,-33.784,0.71526,2.2372,0.12586,0,0,0.024994
5.4468,1,114.54,38.33,-33.778,0.71994,2.2335,0.12589,0,0,0.025411
5.4527,1,114.59,38.329,-33.772,0.72431,2.2325,0.12591,0,0,0.025836
5.4586,1,114.63,38.328,-33.767,0.72842,2.2326,0.12593,0,0,0.02631
5.4645,1,114.66,38.327,-33.763,0.73229,2.2409,0.12594,0,0,0.025564
5.4703,1,114.67,38.326,-33.761,0.73584,2.2431,0.12595,0,0,0.025502
5.4759,1,114.67,38.326,-33.758,0.73917,2.2452,0.12596,0,0,0.02568
5.4814,1,114.68,38.325,-33.757,0.74214,2.2476,0.12596,0,0,0.025828
5.4868,1,114.68,38.324,-33.755,0.7445,2.25,0.12593,0,0,0.025953
5.4921,1,114.68,38.323,-33.754,0.74727,2.2512,0.1259,0,0,0.026074
5.4973,1,114.69,38.323,-33.752,0.74991,2.2484,0.12587,0,0,0.026255
5.5026,1,114.71,38.322,-33.75,0.75243,2.2463,0.12585,0,0,0.026538
5.5078,1,114.75,38.321,-33.747,0.75483,2.2413,0.12586,0,0,0.026877
5.5131,1,114.79,38.32,-33.742,0.75704,2.2339,0.12588,0,0,0.027243
5.5186,1,114.84,38.32,-33.738,0.75914,2.2281,0.1259,0,0,0.02761
5.5243,1,114.87,38.319,-33.733,0.76117,2.2244,0.12592,0,0,0.02797
5.53,1,114.92,38.318,-33.728,0.76308,2.2226,0.12594,0,0,0.028329
5.5359,1,114.96,38.317,-33.723,0.76434,2.22,0.12596,0,0,0.028716
5.5418,1,115.01,38.316,-33.717,0.76585,2.2149,0.12598,0,0,0.029197
5.5476,1,115.07,38.315,-33.71,0.76719,2.2061,0.12601,0,0,0.029676
5.5534,1,115.13,38.314,-33.704,0.76828,2.2174,0.12606,0,0,0.029635
5.559,1,114.98,38.313,-33.705,0.7671,2.2881,0.12604,0,0,0.02885
5.5645,1,114.81,38.312,-33.716,0.7624,2.3215,0.12597,0,0,0.027453
5.5699,1,114.62,38.312,-33.731,0.75585,2.335,0.12589,0,0,0.026028
5.5751,1,114.44,38.312,-33.746,0.74811,2.3757,0.12583,0,0,0.024775
5.5802,1,114.3,38.312,-33.761,0.7393,2.3905,0.1258,0,0,0.023623
5.5855,1,114.18,38.312,-33.774,0.73061,2.4094,0.12574,0,0,0.022636
5.5905,1,114.14,38.312,-33.785,0.72104,2.4152,0.12569,0,0,0.021531
5.5958,1,114.07,38.312,-33.796,0.71144,2.4221,0.12561,0,0,0.019854
5.601,1,113.93,38.312,-33.812,0.70067,2.4475,0.12554,0,0,0.019237
5.6063,1,113.65,38.313,-33.833,0.69039,2.4946,0.12547,0,0,0.01901
5.6116,1,113.5,38.313,-33.845,0.68848,2.4841,0.12546,0,0,0.019001
5.6171,1,113.5,38.314,-33.849,0.67889,2.4495,0.12546,0,0,0.019195
5.6228,1,113.51,38.313,-33.848,0.67012,2.4184,0.12547,0,0,0.019391
5.6285,1,113.57,38.313,-33.843,0.66291,2.3913,0.12549,0,0,0.019465
5.6344,1,113.64,38.312,-33.837,0.6574,2.3701,0.12551,0,0,0.01964
5.6403,1,113.69,38.31,-33.83,0.65224,2.3548,0.12554,0,0,0.019869
5.6463,1,113.75,38.309,-33.823,0.64862,2.3469,0.12557,0,0,0.020134
5.6523,1,113.81,38.307,-33.816,0.64703,2.3354,0.12559,0,0,0.020527
5.6583,1,113.89,38.306,-33.807,0.6479,2.3154,0.12563,0,0,0.020907
5.6643,1,113.98,38.304,-33.798,0.65038,2.3031,0.12567,0,0,0.021425
5.6703,1,114.06,38.302,-33.789,0.65455,2.2925,0.1257,0,0,0.021959
5.6764,1,114.13,38.3,-33.781,0.66059,2.2863,0.12573,0,0,0.022473
5.6825,1,114.19,38.299,-33.773,0.66822,2.2784,0.12576,0,0,0.022838
5.6887,1,114.26,38.297,-33.766,0.67546,2.2704,0.12579,0,0,0.023202
5.6949,1,114.32,38.295,-33.758,0.68224,2.2613,0.12582,0,0,0.023565
5.701,1,114.39,38.294,-33.751,0.6886,2.2534,0.12585,0,0,0.023901
5.707,1,114.45,38.293,-33.744,0.69459,2.2465,0.12588,0,0,0.024238
5.7131,1,114.52,38.291,-33.736,0.70018,2.2388,0.12591,0,0,0.024599
5.7191,1,114.58,38.29,-33.73,0.70543,2.2335,0.12593,0,0,0.024996
5.7252,1,114.64,38.288,-33.723,0.71036,2.2305,0.12596,0,0,0.025356
5.7311,1,114.68,38.287,-33.718,0.715,2.23,0.12598,0,0,0.025634
5.7371,1,114.72,38.286,-33.714,0.71941,2.2315,0.12599,0,0,0.025886
5.7431,1,114.73,38.285,-33.711,0.72364,2.2381,0.126,0,0,0.026167
5.749,1,114.74,38.284,-33.71,0.72767,2.2424,0.126,0,0,0.026666
5.7549,1,114.74,38.283,-33.708,0.73154,2.2458,0.126,0,0,0.026732
5.7608,1,114.74,38.282,-33.707,0.73519,2.25,0.126,0,0,0.026135
5.7666,1,114.74,38.281,-33.707,0.73857,2.2525,0.126,0,0,0.026098
5.7721,1,114.74,38.281,-33.706,0.74179,2.2526,0.126,0,0,0.026265
5.7776,1,114.74,38.28,-33.705,0.74302,2.2527,0.12599,0,0,0.026476
5.783,1,114.77,38.28,-33.702,0.74528,2.2459,0.12597,0,0,0.026757
5.7883,1,114.8,38.279,-33.698,0.74801,2.2381,0.12595,0,0,0.027074
5.7935,1,114.85,38.279,-33.694,0.75059,2.2311,0.12592,0,0,0.027395
5.7988,1,114.89,38.278,-33.69,0.75302,2.2292,0.12593,0,0,0.027699
5.8041,1,114.92,38.277,-33.686,0.75534,2.2262,0.12595,0,0,0.027981
5.8094,1,114.96,38.277,-33.683,0.75759,2.2253,0.12596,0,0,0.028252
5.8149,1,114.99,38.276,-33.68,0.75975,2.2247,0.12598,0,0,0.028529
5.8205,1,115.03,38.275,-33.676,0.76182,2.2222,0.126,0,0,0.028851
5.8263,1,115.09,38.274,-33.671,0.76374,2.213,0.12602,0,0,0.029296
5.8322,1,115.14,38.273,-33.664,0.76546,2.2075,0.12606,0,0,0.029723
5.8381,1,115.12,38.273,-33.664,0.76564,2.2437,0.12607,0,0,0.029289
5.8439,1,114.97,38.272,-33.673,0.76283,2.305,0.126,0,0,0.028062
5.8496,1,114.78,38.272,-33.69,0.75791,2.3356,0.12592,0,0,0.026643
5.8551,1,114.57,38.272,-33.706,0.75108,2.3671,0.12584,0,0,0.025223
5.8606,1,114.41,38.272,-33.722,0.74309,2.394,0.1258,0,0,0.024079
5.8659,1,114.26,38.273,-33.735,0.73438,2.4062,0.12578,0,0,0.023157
5.8712,1,114.16,38.273,-33.745,0.72529,2.4123,0.12574,0,0,0.0223
5.8764,1,114.1,38.273,-33.754,0.71589,2.4174,0.12569,0,0,0.021474
5.8816,1,113.98,38.273,-33.769,0.70504,2.4429,0.12561,0,0,0.020184
5.8868,1,113.71,38.274,-33.781,0.69478,2.511,0.12552,0,0,0.019098
5.892,1,113.56,38.274,-33.795,0.68519,2.4932,0.12547,0,0,0.018759
5.8973,1,113.51,38.274,-33.806,0.67995,2.4627,0.12547,0,0,0.018763
5.9029,1,113.52,38.274,-33.807,0.67111,2.4283,0.12548,0,0,0.018934
5.9085,1,113.57,38.274,-33.804,0.66324,2.4007,0.12549,0,0,0.019185
5.9144,1,113.63,38.273,-33.799,0.65675,2.3769,0.12551,0,0,0.019494
5.9203,1,113.7,38.272,-33.793,0.65158,2.3599,0.12554,0,0,0.019796
5.9262,1,113.76,38.27,-33.786,0.64831,2.3475,0.12557,0,0,0.020053
5.9323,1,113.82,38.269,-33.779,0.64623,2.3392,0.12559,0,0,0.020311
5.9383,1,113.88,38.267,-33.771,0.64586,2.3293,0.12563,0,0,0.02056
5.9443,1,113.97,38.266,-33.764,0.64786,2.3068,0.12566,0,0,0.021071
5.9504,1,114.05,38.264,-33.756,0.65122,2.2963,0.12568,0,0,0.021588
5.9564,1,114.12,38.263,-33.748,0.657,2.2868,0.12572,0,0,0.021943
5.9625,1,114.19,38.261,-33.741,0.66437,2.2816,0.12574,0,0,0.022277
5.9686,1,114.25,38.259,-33.733,0.67135,2.2732,0.12577,0,0,0.02261
5.9747,1,114.31,38.258,-33.726,0.67797,2.2652,0.1258,0,0,0.022933
5.9809,1,114.38,38.257,-33.719,0.68423,2.2564,0.12583,0,0,0.023257
5.9871,1,114.45,38.255,-33.713,0.69009,2.251,0.12585,0,0,0.02358
5.9932,1,114.51,38.254,-33.706,0.69556,2.2436,0.12588,0,0,0.02394
5.9993,1,114.57,38.253,-33.699,0.70071,2.2374,0.12591,0,0,0.024367
6.0054,1,114.63,38.251,-33.693,0.70554,2.2323,0.12593,0,0,0.024759
6.0114,1,114.68,38.25,-33.686,0.71013,2.2297,0.12596,0,0,0.025109
6.0174,1,114.73,38.249,-33.681,0.71451,2.2285,0.12597,0,0,0.025465
6.0234,1,114.75,38.248,-33.677,0.71871,2.2312,0.12599,0,0,0.025781
6.0294,1,114.76,38.247,-33.674,0.72285,2.2374,0.126,0,0,0.026049
6.0354,1,114.77,38.246,-33.671,0.72682,2.2409,0.12601,0,0,0.026352
6.0413,1,114.77,38.245,-33.67,0.73063,2.2442,0.12601,0,0,0.026823
6.0472,1,114.76,38.244,-33.668,0.7343,2.2473,0.12601,0,0,0.027212
6.0531,1,114.76,38.244,-33.668,0.7378,2.2524,0.12601,0,0,0.02668
6.059,1,114.76,38.243,-33.666,0.74105,2.2514,0.12602,0,0,0.026353
6.0646,1,114.78,38.242,-33.664,0.74406,2.2487,0.12603,0,0,0.026543
6.0702,1,114.8,38.242,-33.662,0.74604,2.2415,0.12604,0,0,0.026853
6.0756,1,114.84,38.241,-33.659,0.74848,2.234,0.12602,0,0,0.027202
6.0809,1,114.89,38.241,-33.655,0.75099,2.2286,0.126,0,0,0.027565
6.0862,1,114.93,38.24,-33.652,0.75339,2.2265,0.12598,0,0,0.027903
6.0915,1,114.97,38.24,-33.648,0.75565,2.2246,0.12597,0,0,0.028219
6.0968,1,115,38.239,-33.644,0.75781,2.2242,0.12599,0,0,0.028515
6.1021,1,115.03,38.239,-33.641,0.75988,2.2233,0.126,0,0,0.028819
6.1075,1,115.07,38.238,-33.636,0.76187,2.219,0.12602,0,0,0.029165
6.1131,1,115.13,38.237,-33.631,0.76375,2.2098,0.12604,0,0,0.029638
6.1189,1,115.19,38.237,-33.625,0.76536,2.2005,0.12609,0,0,0.030367
6.1247,1,115.17,38.236,-33.627,0.76514,2.244,0.12607,0,0,0.029749
6.1305,1,114.98,38.235,-33.631,0.76208,2.3057,0.126,0,0,0.028475
6.136,1,114.79,38.235,-33.644,0.75705,2.3437,0.12592,0,0,0.027127
6.1415,1,114.6,38.235,-33.659,0.75014,2.3735,0.12583,0,0,0.025682
6.1468,1,114.43,38.236,-33.673,0.7421,2.3968,0.1258,0,0,0.024438
6.1521,1,114.29,38.236,-33.687,0.73338,2.4073,0.12579,0,0,0.023359
6.1573,1,114.17,38.236,-33.698,0.72425,2.4115,0.12576,0,0,0.022415
6.1625,1,114.1,38.237,-33.709,0.71484,2.421,0.12571,0,0,0.021501
6.1677,1,113.95,38.237,-33.724,0.70448,2.4513,0.12562,0,0,0.020074
6.173,1,113.7,38.238,-33.741,0.69384,2.5078,0.12553,0,0,0.018789
6.1784,1,113.57,38.238,-33.757,0.68404,2.4929,0.12549,0,0,0.018959
6.1838,1,113.54,38.239,-33.766,0.67591,2.4592,0.12549,0,0,0.018954
6.1893,1,113.56,38.239,-33.768,0.66883,2.4258,0.1255,0,0,0.019089
6.195,1,113.61,38.239,-33.765,0.66163,2.3985,0.12551,0,0,0.019313
6.2008,1,113.68,38.238,-33.76,0.65568,2.3745,0.12554,0,0,0.019596
6.2067,1,113.74,38.237,-33.754,0.65099,2.3569,0.12556,0,0,0.019902
6.2127,1,113.8,38.236,-33.747,0.64782,2.3439,0.12559,0,0,0.020211
6.2187,1,113.86,38.235,-33.741,0.64656,2.3364,0.12562,0,0,0.020527
6.2247,1,113.92,38.233,-33.734,0.64597,2.3233,0.12564,0,0,0.020894
6.2308,1,114.01,38.232,-33.726,0.64744,2.304,0.12568,0,0,0.021378
6.2368,1,114.08,38.23,-33.717,0.65069,2.294,0.12571,0,0,0.021816
6.243,1,114.15,38.228,-33.709,0.65612,2.2858,0.12575,0,0,0.022208
6.2491,1,114.21,38.227,-33.702,0.66331,2.2802,0.12577,0,0,0.022591
6.2552,1,114.27,38.226,-33.695,0.67065,2.2716,0.1258,0,0,0.022975
6.2614,1,114.34,38.224,-33.688,0.67763,2.2632,0.12583,0,0,0.023351
6.2676,1,114.4,38.223,-33.681,0.68422,2.255,0.12586,0,0,0.023712
6.2739,1,114.47,38.222,-33.673,0.69038,2.2498,0.12589,0,0,0.023839
6.28,1,114.53,38.221,-33.667,0.69615,2.2434,0.12591,0,0,0.024166
6.2861,1,114.59,38.22,-33.66,0.70155,2.2365,0.12594,0,0,0.024571
6.2922,1,114.65,38.219,-33.654,0.70664,2.2319,0.12597,0,0,0.024971
6.2983,1,114.71,38.218,-33.648,0.71144,2.2287,0.12599,0,0,0.025337
6.3043,1,114.75,38.217,-33.643,0.71601,2.228,0.12601,0,0,0.025614
6.3103,1,114.77,38.216,-33.639,0.72038,2.2318,0.12602,0,0,0.025844
6.3163,1,114.78,38.215,-33.637,0.72456,2.2382,0.12603,0,0,0.02605
6.3223,1,114.78,38.215,-33.636,0.72858,2.2416,0.12603,0,0,0.026251
6.3282,1,114.78,38.214,-33.635,0.73244,2.2449,0.12603,0,0,0.026475
6.3342,1,114.78,38.214,-33.635,0.73615,2.2479,0.12603,0,0,0.02688
6.3401,1,114.78,38.213,-33.635,0.73974,2.2508,0.12603,0,0,0.027149
6.346,1,114.78,38.213,-33.635,0.74311,2.2524,0.12603,0,0,0.026687
6.3518,1,114.8,38.213,-33.634,0.74621,2.2473,0.12603,0,0,0.026832
6.3574,1,114.83,38.213,-33.63,0.74899,2.2377,0.12605,0,0,0.027174
6.3629,1,114.87,38.213,-33.627,0.75133,2.231,0.12604,0,0,0.027519
6.3683,1,114.92,38.212,-33.623,0.75384,2.2278,0.12602,0,0,0.027848
6.3736,1,114.96,38.212,-33.619,0.7562,2.2251,0.126,0,0,0.028141
6.3789,1,114.98,38.212,-33.616,0.75845,2.2241,0.12599,0,0,0.028409
6.3841,1,115.01,38.212,-33.613,0.76059,2.2239,0.126,0,0,0.028665
6.3894,1,115.04,38.212,-33.61,0.76264,2.2228,0.12602,0,0,0.028938
6.3947,1,115.08,38.211,-33.606,0.7646,2.22,0.12604,0,0,0.029278
6.4002,1,115.14,38.211,-33.601,0.7662,2.2096,0.12607,0,0,0.029793
6.4059,1,115.22,38.211,-33.595,0.76756,2.1999,0.12611,0,0,0.030077
6.4117,1,115.13,38.21,-33.598,0.76644,2.261,0.12605,0,0,0.029037
6.4175,1,114.96,38.21,-33.61,0.76243,2.3121,0.12597,0,0,0.027768
6.4232,1,114.76,38.211,-33.627,0.75646,2.3552,0.12589,0,0,0.026323
6.4287,1,114.57,38.212,-33.644,0.74866,2.3847,0.1258,0,0,0.024949
6.4342,1,114.41,38.212,-33.66,0.73989,2.4023,0.1258,0,0,0.023809
6.4395,1,114.27,38.213,-33.673,0.73068,2.4068,0.12578,0,0,0.022872
6.4448,1,114.16,38.214,-33.684,0.72138,2.4123,0.12577,0,0,0.022086
6.45,1,114.05,38.214,-33.695,0.71188,2.42,0.12571,0,0,0.021118
6.4552,1,113.9,38.215,-33.711,0.70151,2.4642,0.12562,0,0,0.019573
6.4605,1,113.65,38.216,-33.725,0.69118,2.5086,0.12553,0,0,0.018358
6.4658,1,113.56,38.217,-33.74,0.68141,2.4819,0.1255,0,0,0.018566
6.4712,1,113.55,38.218,-33.746,0.67275,2.449,0.1255,0,0,0.018577
6.4768,1,113.58,38.218,-33.746,0.66507,2.4183,0.12551,0,0,0.018753
6.4826,1,113.64,38.218,-33.743,0.65819,2.3922,0.12553,0,0,0.019016
6.4885,1,113.71,38.218,-33.737,0.65299,2.3706,0.12555,0,0,0.019344
6.4944,1,113.77,38.217,-33.731,0.64977,2.3548,0.12558,0,0,0.019694
6.5004,1,113.83,38.216,-33.724,0.64748,2.3434,0.12561,0,0,0.020043
6.5065,1,113.9,38.215,-33.717,0.64626,2.33,0.12564,0,0,0.020387
6.5125,1,113.99,38.214,-33.71,0.64673,2.3057,0.12567,0,0,0.020748
6.5186,1,114.08,38.213,-33.702,0.64879,2.2942,0.1257,0,0,0.021205
6.5247,1,114.15,38.211,-33.694,0.65276,2.2853,0.12574,0,0,0.021644
6.5307,1,114.22,38.21,-33.687,0.65901,2.2794,0.12577,0,0,0.022061
6.5369,1,114.28,38.209,-33.68,0.66652,2.2707,0.12579,0,0,0.022428
6.543,1,114.35,38.208,-33.674,0.67367,2.2622,0.12582,0,0,0.02278
6.5492,1,114.41,38.207,-33.667,0.68045,2.2535,0.12585,0,0,0.023123
6.5554,1,114.48,38.206,-33.661,0.68688,2.2492,0.12587,0,0,0.023463
6.5616,1,114.54,38.206,-33.655,0.69295,2.2479,0.1259,0,0,0.023781
6.5678,1,114.6,38.205,-33.648,0.69862,2.2417,0.12592,0,0,0.023981
6.574,1,114.66,38.204,-33.643,0.70393,2.2354,0.12595,0,0,0.024325
6.5801,1,114.71,38.203,-33.637,0.70892,2.2309,0.12597,0,0,0.02476
6.5862,1,114.75,38.203,-33.632,0.71367,2.2295,0.12599,0,0,0.025183
6.5922,1,114.77,38.202,-33.629,0.71822,2.2298,0.12601,0,0,0.025517
6.5983,1,114.78,38.202,-33.626,0.72258,2.2346,0.12602,0,0,0.025753
6.6043,1,114.78,38.201,-33.624,0.72676,2.2393,0.12602,0,0,0.025944
6.6103,1,114.78,38.201,-33.623,0.73078,2.2427,0.12603,0,0,0.02617
6.6162,1,114.78,38.201,-33.623,0.73464,2.2459,0.12603,0,0,0.026395
6.6222,1,114.77,38.201,-33.623,0.73835,2.2489,0.12603,0,0,0.026651
6.6281,1,114.77,38.2,-33.622,0.74192,2.2517,0.12603,0,0,0.027053
6.634,1,114.79,38.2,-33.621,0.74526,2.2471,0.12603,0,0,0.027024
6.6399,1,114.83,38.201,-33.619,0.74836,2.2436,0.12604,0,0,0.026949
6.6457,1,114.86,38.201,-33.616,0.75119,2.2349,0.12606,0,0,0.027306
6.6513,1,114.88,38.2,-33.613,0.75376,2.2281,0.12607,0,0,0.027661
6.6568,1,114.93,38.2,-33.609,0.75615,2.2263,0.12605,0,0,0.027996
6.6622,1,114.97,38.2,-33.606,0.75847,2.2251,0.12602,0,0,0.028295
6.6675,1,115,38.2,-33.603,0.76067,2.225,0.126,0,0,0.028571
6.6727,1,115.03,38.2,-33.6,0.76275,2.2238,0.126,0,0,0.028841
6.678,1,115.07,38.2,-33.597,0.76472,2.2199,0.12602,0,0,0.02914
6.6833,1,115.12,38.2,-33.592,0.76654,2.2111,0.12604,0,0,0.02953
6.6886,1,115.19,38.2,-33.587,0.76789,2.2013,0.12607,0,0,0.030044
6.6941,1,115.14,38.2,-33.587,0.7672,2.2362,0.12607,0,0,0.029958
6.6998,1,114.96,38.2,-33.594,0.7629,2.3021,0.12601,0,0,0.028846
6.7055,1,114.79,38.2,-33.609,0.75669,2.3391,0.12593,0,0,0.027567
6.711,1,114.6,38.201,-33.625,0.7485,2.374,0.12584,0,0,0.026135
6.7165,1,114.43,38.201,-33.641,0.73935,2.3894,0.12577,0,0,0.024818
6.7219,1,114.31,38.202,-33.655,0.72978,2.4037,0.12576,0,0,0.023715
6.7272,1,114.22,38.203,-33.667,0.72033,2.4104,0.12575,0,0,0.022756
6.7324,1,114.14,38.204,-33.679,0.71114,2.4207,0.12574,0,0,0.02185
6.7377,1,114.01,38.205,-33.692,0.70183,2.4355,0.12569,0,0,0.020768
6.743,1,113.77,38.206,-33.712,0.69139,2.5058,0.12558,0,0,0.019089
6.7483,1,113.59,38.207,-33.729,0.68172,2.5046,0.12552,0,0,0.018269
6.7538,1,113.54,38.208,-33.737,0.67309,2.4724,0.1255,0,0,0.018186
6.7594,1,113.55,38.208,-33.738,0.66731,2.4378,0.1255,0,0,0.018456
6.7651,1,113.6,38.208,-33.735,0.66173,2.409,0.12552,0,0,0.018661
6.7709,1,113.66,38.208,-33.729,0.65537,2.3825,0.12554,0,0,0.018935
6.7769,1,113.73,38.208,-33.723,0.6505,2.3632,0.12557,0,0,0.019249
6.7829,1,113.8,38.207,-33.717,0.64746,2.3485,0.1256,0,0,0.019583
6.7889,1,113.85,38.206,-33.71,0.64609,2.3388,0.12563,0,0,0.019919
6.795,1,113.92,38.205,-33.704,0.64669,2.3209,0.12566,0,0,0.020331
6.801,1,114.01,38.204,-33.695,0.64899,2.303,0.12569,0,0,0.020799
6.8071,1,114.09,38.203,-33.687,0.65281,2.2925,0.12573,0,0,0.021268
6.8132,1,114.16,38.201,-33.68,0.65819,2.2845,0.12576,0,0,0.021735
6.8194,1,114.22,38.2,-33.673,0.66533,2.2782,0.12578,0,0,0.022212
6.8255,1,114.29,38.199,-33.667,0.67269,2.2697,0.12581,0,0,0.022658
6.8317,1,114.35,38.199,-33.661,0.67968,2.2611,0.12584,0,0,0.023056
6.838,1,114.42,38.198,-33.654,0.68627,2.2526,0.12586,0,0,0.02335
6.8442,1,114.48,38.197,-33.648,0.69249,2.2487,0.12589,0,0,0.023478
6.8505,1,114.54,38.196,-33.642,0.6983,2.2434,0.12592,0,0,0.023751
6.8567,1,114.61,38.196,-33.635,0.7037,2.2369,0.12594,0,0,0.024056
6.8629,1,114.66,38.195,-33.63,0.70874,2.2319,0.12597,0,0,0.02453
6.869,1,114.71,38.194,-33.624,0.71345,2.229,0.12599,0,0,0.02498
6.8751,1,114.75,38.194,-33.62,0.71791,2.23,0.12601,0,0,0.025338
6.8812,1,114.76,38.193,-33.618,0.72216,2.2344,0.12602,0,0,0.025577
6.8872,1,114.77,38.193,-33.616,0.72623,2.2395,0.12602,0,0,0.025774
6.8932,1,114.77,38.193,-33.615,0.73013,2.243,0.12603,0,0,0.025939
6.8992,1,114.77,38.193,-33.615,0.73387,2.2463,0.12603,0,0,0.026079
6.9052,1,114.76,38.193,-33.615,0.73747,2.2493,0.12603,0,0,0.026194
6.9111,1,114.76,38.193,-33.615,0.74094,2.252,0.12603,0,0,0.026403
6.9171,1,114.76,38.193,-33.616,0.74428,2.2514,0.12603,0,0,0.026744
6.923,1,114.79,38.193,-33.614,0.74745,2.2423,0.12604,0,0,0.027024
6.9289,1,114.83,38.193,-33.61,0.7504,2.2354,0.12605,0,0,0.027138
6.9347,1,114.88,38.193,-33.606,0.75314,2.229,0.12607,0,0,0.027522
6.9404,1,114.92,38.193,-33.602,0.75534,2.2255,0.12609,0,0,0.027873
6.9459,1,114.95,38.194,-33.599,0.75722,2.2236,0.12606,0,0,0.02819
6.9513,1,114.99,38.194,-33.596,0.75946,2.2232,0.12604,0,0,0.028476
6.9567,1,115.02,38.194,-33.593,0.76156,2.2222,0.12602,0,0,0.028757
6.9619,1,115.05,38.194,-33.589,0.76354,2.22,0.12603,0,0,0.029067
6.9672,1,115.09,38.193,-33.585,0.76549,2.2144,0.12605,0,0,0.029474
6.9725,1,115.17,38.193,-33.577,0.76725,2.1974,0.12609,0,0,0.030097
6.9778,1,115.17,38.193,-33.577,0.76806,2.2231,0.12608,0,0,0.029805
6.9832,1,115.03,38.193,-33.589,0.76577,2.2866,0.12602,0,0,0.028722
6.9887,1,114.85,38.194,-33.604,0.76084,2.324,0.12594,0,0,0.027482
6.9943,1,114.65,38.195,-33.623,0.75381,2.3675,0.12586,0,0,0.026023
6.9999,1,114.47,38.196,-33.64,0.74538,2.392,0.12578,0,0,0.0247
7.0053,1,114.33,38.197,-33.654,0.73611,2.4043,0.12571,0,0,0.023562
7.0106,1,114.23,38.198,-33.667,0.72651,2.4107,0.12573,0,0,0.022598
7.0159,1,114.13,38.199,-33.678,0.71688,2.4181,0.12572,0,0,0.021725
7.0211,1,114,38.2,-33.693,0.7067,2.4279,0.12567,0,0,0.020503
7.0264,1,113.79,38.201,-33.713,0.69587,2.4936,0.12558,0,0,0.019077
7.0317,1,113.59,38.202,-33.728,0.68553,2.5058,0.12552,0,0,0.018057
7.0372,1,113.53,38.203,-33.734,0.67601,2.474,0.12549,0,0,0.017716
7.0429,1,113.54,38.204,-33.734,0.66746,2.44,0.1255,0,0,0.017873
7.0487,1,113.58,38.204,-33.731,0.66109,2.4107,0.12552,0,0,0.018121
7.0545,1,113.65,38.204,-33.725,0.65501,2.3839,0.12554,0,0,0.018411
7.0605,1,113.72,38.203,-33.719,0.65043,2.364,0.12557,0,0,0.018761
7.0665,1,113.78,38.203,-33.713,0.64709,2.3489,0.1256,0,0,0.019127
7.0726,1,113.84,38.202,-33.707,0.64534,2.339,0.12563,0,0,0.019499
7.0786,1,113.92,38.201,-33.699,0.64541,2.3206,0.12566,0,0,0.019861
7.0847,1,114.01,38.2,-33.691,0.64704,2.3015,0.1257,0,0,0.020325
7.0908,1,114.09,38.199,-33.683,0.65053,2.2908,0.12573,0,0,0.020805
7.0969,1,114.16,38.197,-33.675,0.65592,2.284,0.12576,0,0,0.02129
7.103,1,114.22,38.197,-33.669,0.6627,2.2775,0.12579,0,0,0.021763
7.1092,1,114.29,38.196,-33.662,0.6703,2.2695,0.12582,0,0,0.02224
7.1154,1,114.35,38.195,-33.656,0.67754,2.2611,0.12584,0,0,0.022657
7.1216,1,114.41,38.194,-33.649,0.68439,2.253,0.12587,0,0,0.023037
7.1278,1,114.48,38.194,-33.643,0.69087,2.2476,0.1259,0,0,0.02338
7.1341,1,114.54,38.193,-33.637,0.6969,2.2438,0.12593,0,0,0.0237
7.1403,1,114.6,38.192,-33.631,0.70253,2.2376,0.12595,0,0,0.02405
7.1466,1,114.65,38.192,-33.625,0.7078,2.2328,0.12598,0,0,0.024542
7.1527,1,114.7,38.191,-33.62,0.71273,2.2298,0.126,0,0,0.024978
7.1588,1,114.74,38.191,-33.617,0.7174,2.231,0.12601,0,0,0.025323
7.1649,1,114.75,38.191,-33.615,0.72188,2.2365,0.12602,0,0,0.02559
7.171,1,114.76,38.19,-33.614,0.72615,2.2393,0.12602,0,0,0.025784
7.177,1,114.76,38.19,-33.614,0.73027,2.2428,0.12602,0,0,0.025947
7.1831,1,114.76,38.19,-33.614,0.73421,2.2462,0.12602,0,0,0.026082
7.189,1,114.76,38.191,-33.614,0.73802,2.2493,0.12602,0,0,0.026195
7.195,1,114.75,38.191,-33.614,0.74168,2.2522,0.12602,0,0,0.026311
7.201,1,114.76,38.191,-33.614,0.7452,2.2517,0.12602,0,0,0.026515
7.2069,1,114.79,38.191,-33.612,0.74853,2.2428,0.12604,0,0,0.026769
7.2128,1,114.83,38.192,-33.609,0.75166,2.2355,0.12605,0,0,0.027119
7.2187,1,114.88,38.192,-33.605,0.75459,2.2299,0.12607,0,0,0.027472
7.2246,1,114.91,38.192,-33.602,0.75729,2.2263,0.12609,0,0,0.027816
7.2303,1,114.94,38.192,-33.599,0.75961,2.2243,0.1261,0,0,0.028116
7.2359,1,114.97,38.192,-33.596,0.76175,2.2239,0.12607,0,0,0.028389
7.2413,1,115,38.192,-33.594,0.76387,2.2231,0.12604,0,0,0.028647
7.2467,1,115.03,38.193,-33.591,0.76584,2.2211,0.12602,0,0,0.028925
7.252,1,115.07,38.193,-33.587,0.76767,2.2148,0.12602,0,0,0.029282
7.2572,1,115.14,38.193,-33.582,0.76934,2.2017,0.12605,0,0,0.029686
7.2625,1,115.14,38.193,-33.581,0.76939,2.2223,0.12605,0,0,0.029699
7.2677,1,115,38.193,-33.592,0.7664,2.2836,0.12599,0,0,0.028859
7.273,1,114.85,38.194,-33.607,0.76121,2.3188,0.12593,0,0,0.027664
7.2786,1,114.66,38.194,-33.624,0.75378,2.3618,0.12585,0,0,0.02629
7.2841,1,114.48,38.195,-33.64,0.74498,2.3902,0.12577,0,0,0.024928
7.2895,1,114.34,38.196,-33.654,0.73546,2.4032,0.1257,0,0,0.023791
7.2948,1,114.23,38.197,-33.665,0.72583,2.4072,0.12569,0,0,0.022866
7.3001,1,114.13,38.198,-33.675,0.71614,2.4156,0.1257,0,0,0.022003
7.3053,1,114.03,38.199,-33.685,0.7066,2.4243,0.12569,0,0,0.021107
7.3106,1,113.8,38.2,-33.706,0.6962,2.4815,0.12561,0,0,0.019546
7.3159,1,113.61,38.201,-33.726,0.68565,2.5137,0.12552,0,0,0.018224
7.3214,1,113.53,38.202,-33.735,0.67621,2.4812,0.12549,0,0,0.01759
7.327,1,113.51,38.203,-33.736,0.6677,2.4472,0.12548,0,0,0.017491
7.3328,1,113.55,38.203,-33.733,0.66096,2.4158,0.1255,0,0,0.017641
7.3386,1,113.61,38.203,-33.728,0.65578,2.3885,0.12552,0,0,0.017921
7.3446,1,113.68,38.202,-33.722,0.65072,2.367,0.12555,0,0,0.018326
7.3506,1,113.75,38.202,-33.716,0.64729,2.3514,0.12558,0,0,0.018673
7.3567,1,113.8,38.201,-33.71,0.6454,2.341,0.12561,0,0,0.01903
7.3627,1,113.86,38.2,-33.703,0.64523,2.3266,0.12564,0,0,0.019393
7.3688,1,113.96,38.199,-33.694,0.64716,2.3056,0.12568,0,0,0.019892
7.3748,1,114.04,38.198,-33.686,0.65051,2.295,0.12571,0,0,0.020375
7.381,1,114.12,38.197,-33.679,0.65529,2.2863,0.12574,0,0,0.020868
7.3871,1,114.18,38.196,-33.672,0.66189,2.281,0.12577,0,0,0.021359
7.3933,1,114.24,38.195,-33.666,0.66946,2.2726,0.12579,0,0,0.02187
7.3994,1,114.3,38.194,-33.66,0.67667,2.2644,0.12582,0,0,0.02236
7.4057,1,114.37,38.193,-33.653,0.68349,2.2557,0.12585,0,0,0.022712
7.4119,1,114.43,38.193,-33.647,0.68994,2.2488,0.12588,0,0,0.022952
7.4182,1,114.49,38.192,-33.641,0.69603,2.243,0.1259,0,0,0.023309
7.4245,1,114.56,38.191,-33.634,0.70176,2.2379,0.12593,0,0,0.023744
7.4307,1,114.61,38.191,-33.629,0.70711,2.2333,0.12596,0,0,0.024251
7.437,1,114.67,38.19,-33.623,0.71212,2.2305,0.12598,0,0,0.024719
7.4432,1,114.71,38.19,-33.619,0.71681,2.2299,0.126,0,0,0.025128
7.4494,1,114.73,38.189,-33.616,0.72126,2.2363,0.12601,0,0,0.025396
7.4555,1,114.74,38.189,-33.615,0.72551,2.2404,0.12601,0,0,0.025604
7.4616,1,114.74,38.189,-33.614,0.7296,2.2435,0.12601,0,0,0.025781
7.4677,1,114.74,38.189,-33.614,0.73353,2.2469,0.12601,0,0,0.025929
7.4737,1,114.74,38.189,-33.614,0.73734,2.2499,0.12601,0,0,0.026052
7.4797,1,114.73,38.189,-33.615,0.74101,2.2527,0.12601,0,0,0.026158
7.4857,1,114.73,38.189,-33.615,0.74453,2.2522,0.12601,0,0,0.026288
7.4917,1,114.76,38.19,-33.612,0.74785,2.2427,0.12603,0,0,0.026597
7.4976,1,114.81,38.19,-33.609,0.75098,2.2351,0.12604,0,0,0.026962
7.5036,1,114.85,38.19,-33.605,0.75391,2.2283,0.12606,0,0,0.027361
7.5095,1,114.9,38.19,-33.601,0.75668,2.2244,0.12608,0,0,0.027734
7.5154,1,114.94,38.19,-33.597,0.75927,2.2229,0.1261,0,0,0.028076
7.5212,1,114.97,38.19,-33.594,0.7613,2.2221,0.12612,0,0,0.028384
7.5268,1,115.01,38.19,-33.591,0.76331,2.2201,0.1261,0,0,0.028684
7.5323,1,115.04,38.191,-33.588,0.76542,2.2164,0.12607,0,0,0.029013
7.5377,1,115.1,38.191,-33.582,0.76735,2.2082,0.12605,0,0,0.029447
7.5431,1,115.18,38.19,-33.574,0.76901,2.1918,0.12608,0,0,0.030085
7.5483,1,115.12,38.19,-33.58,0.76866,2.2384,0.12606,0,0,0.029655
7.5536,1,114.96,38.191,-33.594,0.76587,2.294,0.126,0,0,0.028564
7.5589,1,114.79,38.192,-33.61,0.7609,2.334,0.12593,0,0,0.027323
7.5642,1,114.6,38.193,-33.628,0.75367,2.371,0.12585,0,0,0.025908
7.5697,1,114.43,38.194,-33.644,0.74517,2.3949,0.12577,0,0,0.024601
7.5751,1,114.29,38.195,-33.658,0.73594,2.4077,0.12571,0,0,0.023477
7.5804,1,114.17,38.196,-33.67,0.72644,2.4124,0.12566,0,0,0.0225
7.5856,1,114.07,38.197,-33.68,0.71698,2.4196,0.12568,0,0,0.021694
7.5909,1,113.91,38.198,-33.695,0.70685,2.4408,0.12566,0,0,0.020553
7.5961,1,113.67,38.2,-33.719,0.6958,2.5126,0.12555,0,0,0.018906
7.6014,1,113.53,38.201,-33.732,0.68528,2.5011,0.12549,0,0,0.017906
7.607,1,113.5,38.202,-33.736,0.67568,2.4671,0.12548,0,0,0.01746
7.6126,1,113.51,38.202,-33.735,0.66706,2.4321,0.12549,0,0,0.017323
7.6184,1,113.56,38.202,-33.731,0.65971,2.4026,0.12551,0,0,0.017369
7.6243,1,113.63,38.202,-33.725,0.65399,2.3766,0.12554,0,0,0.017613
7.6303,1,113.71,38.201,-33.718,0.64977,2.3577,0.12557,0,0,0.017921
7.6363,1,113.77,38.201,-33.711,0.64696,2.344,0.1256,0,0,0.018292
7.6424,1,113.83,38.2,-33.705,0.64517,2.3358,0.12562,0,0,0.018763
7.6484,1,113.91,38.199,-33.697,0.64552,2.316,0.12565,0,0,0.019237
7.6545,1,114,38.198,-33.688,0.64739,2.2996,0.12569,0,0,0.019723
7.6606,1,114.07,38.197,-33.68,0.651,2.2896,0.12573,0,0,0.020201
7.6667,1,114.14,38.195,-33.673,0.65668,2.2832,0.12576,0,0,0.020665
7.6728,1,114.2,38.195,-33.667,0.66406,2.2765,0.12578,0,0,0.021125
7.679,1,114.26,38.194,-33.661,0.67156,2.2687,0.12581,0,0,0.021567
7.6851,1,114.33,38.193,-33.654,0.67867,2.2604,0.12584,0,0,0.022041
7.6913,1,114.39,38.192,-33.648,0.6854,2.2526,0.12587,0,0,0.022504
7.6976,1,114.45,38.192,-33.642,0.69177,2.2463,0.12589,0,0,0.022921
7.7038,1,114.51,38.191,-33.635,0.69776,2.2408,0.12592,0,0,0.023461
7.7101,1,114.57,38.19,-33.63,0.70338,2.236,0.12595,0,0,0.023981
7.7164,1,114.63,38.19,-33.624,0.70865,2.232,0.12597,0,0,0.02447
7.7227,1,114.68,38.189,-33.619,0.7136,2.2296,0.12599,0,0,0.024914
7.7289,1,114.71,38.189,-33.616,0.71831,2.2326,0.126,0,0,0.025245
7.7351,1,114.72,38.188,-33.615,0.7228,2.2393,0.12601,0,0,0.025472
7.7412,1,114.73,38.188,-33.614,0.72708,2.2428,0.12601,0,0,0.025658
7.7473,1,114.73,38.188,-33.614,0.73121,2.2457,0.12601,0,0,0.025813
7.7534,1,114.73,38.188,-33.614,0.73516,2.2491,0.12601,0,0,0.02594
7.7594,1,114.73,38.188,-33.614,0.73895,2.2522,0.12601,0,0,0.026045
7.7655,1,114.73,38.188,-33.614,0.74257,2.2544,0.12601,0,0,0.026153
7.7715,1,114.74,38.189,-33.613,0.74603,2.2503,0.12602,0,0,0.026362
7.7774,1,114.77,38.189,-33.61,0.74931,2.2403,0.12603,0,0,0.026699
7.7834,1,114.82,38.189,-33.606,0.75238,2.233,0.12605,0,0,0.02707
7.7893,1,114.86,38.189,-33.603,0.75527,2.2277,0.12607,0,0,0.027442
7.7952,1,114.9,38.189,-33.599,0.75799,2.2252,0.12609,0,0,0.027776
7.8011,1,114.94,38.19,-33.597,0.76056,2.2247,0.1261,0,0,0.028075
7.807,1,114.96,38.19,-33.594,0.7629,2.2247,0.12612,0,0,0.028347
7.8127,1,114.99,38.19,-33.591,0.76496,2.2231,0.12611,0,0,0.028618
7.8182,1,115.03,38.19,-33.588,0.76698,2.2189,0.12607,0,0,0.028938
7.8237,1,115.08,38.19,-33.582,0.7688,2.2078,0.12606,0,0,0.029408
7.829,1,115.15,38.19,-33.579,0.77001,2.2014,0.12604,0,0,0.029735
7.8343,1,115.05,38.19,-33.59,0.76898,2.2606,0.12603,0,0,0.02902
7.8396,1,114.89,38.191,-33.604,0.76537,2.3073,0.12597,0,0,0.02791
7.8448,1,114.72,38.192,-33.621,0.75955,2.3482,0.1259,0,0,0.026622
7.8501,1,114.53,38.193,-33.637,0.75175,2.3802,0.12583,0,0,0.02527
7.8554,1,114.37,38.194,-33.652,0.74252,2.3979,0.12575,0,0,0.024066
7.8608,1,114.25,38.195,-33.663,0.73284,2.4059,0.12569,0,0,0.023069
7.8661,1,114.14,38.195,-33.673,0.72301,2.4103,0.12564,0,0,0.022214
7.8713,1,114.04,38.196,-33.683,0.71331,2.4199,0.12565,0,0,0.021425
7.8766,1,113.88,38.197,-33.7,0.70329,2.4381,0.12561,0,0,0.020277
7.8818,1,113.63,38.199,-33.723,0.69237,2.5122,0.12552,0,0,0.018607
7.8871,1,113.52,38.2,-33.734,0.68216,2.5004,0.12548,0,0,0.017676
7.8927,1,113.48,38.2,-33.736,0.67286,2.4652,0.12547,0,0,0.017274
7.8983,1,113.5,38.201,-33.734,0.66472,2.4299,0.12548,0,0,0.017175
7.9041,1,113.55,38.201,-33.73,0.6579,2.4009,0.12551,0,0,0.017244
7.91,1,113.62,38.2,-33.724,0.65257,2.3752,0.12554,0,0,0.017426
7.916,1,113.69,38.2,-33.717,0.64914,2.3568,0.12557,0,0,0.017685
7.922,1,113.75,38.199,-33.711,0.64662,2.3433,0.12559,0,0,0.018018
7.9281,1,113.81,38.198,-33.705,0.64529,2.3351,0.12562,0,0,0.018382
7.9341,1,113.89,38.197,-33.697,0.64597,2.3151,0.12565,0,0,0.018818
7.9402,1,113.97,38.196,-33.688,0.64817,2.3003,0.12569,0,0,0.019313
7.9463,1,114.05,38.194,-33.681,0.65206,2.2906,0.12572,0,0,0.019811
7.9524,1,114.11,38.193,-33.674,0.65812,2.2845,0.12575,0,0,0.020306
7.9585,1,114.18,38.193,-33.668,0.66579,2.2779,0.12577,0,0,0.020815
7.9647,1,114.24,38.192,-33.661,0.67306,2.2702,0.1258,0,0,0.021322
7.9709,1,114.3,38.191,-33.655,0.67997,2.2619,0.12583,0,0,0.02182
7.9771,1,114.36,38.19,-33.649,0.6865,2.2538,0.12586,0,0,0.022306
7.9833,1,114.43,38.189,-33.642,0.69268,2.2473,0.12588,0,0,0.022745
7.9896,1,114.49,38.189,-33.636,0.69856,2.2415,0.12591,0,0,0.023261
7.9959,1,114.55,38.188,-33.63,0.7041,2.2364,0.12593,0,0,0.023783
8.0022,1,114.6,38.187,-33.625,0.70931,2.2324,0.12596,0,0,0.024279
8.0085,1,114.65,38.187,-33.62,0.7142,2.2302,0.12598,0,0,0.024734
8.0148,1,114.69,38.186,-33.616,0.71884,2.2325,0.12599,0,0,0.025097
8.021,1,114.7,38.186,-33.615,0.72327,2.2392,0.126,0,0,0.025333
8.0272,1,114.7,38.186,-33.614,0.7275,2.2427,0.126,0,0,0.025534
8.0333,1,114.71,38.186,-33.613,0.73154,2.2458,0.126,0,0,0.025701
8.0394,1,114.71,38.186,-33.613,0.73547,2.2487,0.126,0,0,0.025841
8.0455,1,114.71,38.186,-33.613,0.73925,2.2518,0.126,0,0,0.025955
8.0515,1,114.71,38.186,-33.613,0.74289,2.2535,0.126,0,0,0.026064
8.0575,1,114.72,38.186,-33.612,0.74633,2.2492,0.12601,0,0,0.026251
8.0635,1,114.76,38.186,-33.609,0.74958,2.2391,0.12603,0,0,0.026589
8.0695,1,114.8,38.186,-33.605,0.75263,2.2317,0.12604,0,0,0.026965
8.0754,1,114.85,38.187,-33.601,0.75552,2.2266,0.12606,0,0,0.027357
8.0814,1,114.89,38.187,-33.598,0.75826,2.2237,0.12608,0,0,0.027711
8.0873,1,114.93,38.187,-33.595,0.76088,2.2222,0.1261,0,0,0.028035
8.0932,1,114.96,38.187,-33.592,0.76336,2.2217,0.12611,0,0,0.028336
8.099,1,114.99,38.187,-33.589,0.76553,2.2207,0.12613,0,0,0.028646
8.1048,1,115.03,38.187,-33.585,0.76733,2.2149,0.12612,0,0,0.029009
8.1104,1,115.1,38.187,-33.578,0.76921,2.2017,0.1261,0,0,0.02955
8.1159,1,115.14,38.187,-33.577,0.7702,2.2103,0.12607,0,0,0.029814
8.1212,1,114.99,38.188,-33.59,0.76825,2.2768,0.12603,0,0,0.028944
8.1265,1,114.83,38.188,-33.604,0.76422,2.3167,0.12596,0,0,0.027805
8.1318,1,114.65,38.189,-33.621,0.75805,2.3568,0.1259,0,0,0.026473
8.137,1,114.47,38.19,-33.638,0.75013,2.3852,0.12583,0,0,0.025127
8.1423,1,114.32,38.191,-33.652,0.741,2.4,0.12574,0,0,0.023933
8.1477,1,114.21,38.192,-33.663,0.7315,2.4073,0.12567,0,0,0.022929
8.1529,1,114.1,38.193,-33.674,0.72172,2.4158,0.12563,0,0,0.02202
8.1582,1,114,38.194,-33.684,0.71202,2.4242,0.12563,0,0,0.021174
8.1634,1,113.77,38.196,-33.705,0.7013,2.4668,0.12559,0,0,0.019822
8.1687,1,113.56,38.197,-33.725,0.6906,2.5145,0.12551,0,0,0.018317
8.1741,1,113.49,38.198,-33.733,0.68062,2.4846,0.12547,0,0,0.017551
8.1796,1,113.47,38.199,-33.735,0.67147,2.4502,0.12547,0,0,0.017229
8.1854,1,113.51,38.199,-33.732,0.66357,2.4181,0.12548,0,0,0.017175
8.1912,1,113.57,38.199,-33.727,0.65698,2.3908,0.12551,0,0,0.017273
8.1971,1,113.64,38.199,-33.721,0.65218,2.3687,0.12554,0,0,0.017468
8.2031,1,113.7,38.198,-33.715,0.64869,2.3527,0.12557,0,0,0.017699
8.2091,1,113.77,38.197,-33.709,0.64634,2.3416,0.12559,0,0,0.017943
8.2152,1,113.82,38.196,-33.703,0.6455,2.3347,0.12562,0,0,0.018207
8.2213,1,113.91,38.195,-33.694,0.64661,2.3075,0.12566,0,0,0.018678
8.2273,1,113.99,38.194,-33.686,0.64906,2.297,0.12569,0,0,0.019159
8.2334,1,114.07,38.193,-33.678,0.65354,2.2872,0.12573,0,0,0.019663
8.2396,1,114.13,38.192,-33.671,0.65997,2.2822,0.12575,0,0,0.020173
8.2457,1,114.19,38.191,-33.665,0.66762,2.2737,0.12578,0,0,0.020733
8.2519,1,114.26,38.19,-33.658,0.67489,2.2658,0.12581,0,0,0.021288
8.2581,1,114.32,38.19,-33.651,0.68178,2.2568,0.12583,0,0,0.021855
8.2643,1,114.39,38.189,-33.645,0.68829,2.2498,0.12586,0,0,0.022413
8.2706,1,114.45,38.188,-33.639,0.69445,2.244,0.12589,0,0,0.022955
8.2769,1,114.52,38.188,-33.632,0.70026,2.2379,0.12592,0,0,0.02349
8.2832,1,114.57,38.187,-33.627,0.70574,2.2348,0.12594,0,0,0.024004
8.2896,1,114.63,38.186,-33.621,0.71091,2.2315,0.12597,0,0,0.024483
8.2959,1,114.67,38.186,-33.617,0.71577,2.2298,0.12599,0,0,0.024906
8.3022,1,114.69,38.185,-33.614,0.72043,2.2359,0.126,0,0,0.025194
8.3085,1,114.7,38.185,-33.613,0.72487,2.2414,0.126,0,0,0.025404
8.3147,1,114.7,38.185,-33.613,0.72912,2.2449,0.126,0,0,0.025586
8.3208,1,114.7,38.185,-33.612,0.73319,2.2483,0.126,0,0,0.025736
8.327,1,114.71,38.185,-33.613,0.7371,2.2509,0.126,0,0,0.02586
8.333,1,114.7,38.185,-33.613,0.74089,2.2538,0.126,0,0,0.025965
8.3391,1,114.7,38.186,-33.613,0.74452,2.2538,0.126,0,0,0.026102
8.3451,1,114.73,38.186,-33.611,0.74794,2.245,0.12601,0,0,0.026391
8.3511,1,114.77,38.186,-33.608,0.75117,2.237,0.12603,0,0,0.026749
8.3571,1,114.82,38.186,-33.604,0.75421,2.2302,0.12605,0,0,0.027135
8.3631,1,114.86,38.187,-33.6,0.75709,2.2268,0.12607,0,0,0.027494
8.369,1,114.9,38.187,-33.597,0.75983,2.2251,0.12609,0,0,0.027819
8.375,1,114.93,38.187,-33.595,0.76244,2.2243,0.1261,0,0,0.028109
8.3809,1,114.96,38.187,-33.592,0.76492,2.2234,0.12611,0,0,0.028392
8.3867,1,114.99,38.187,-33.589,0.76718,2.2224,0.12613,0,0,0.028702
8.3926,1,115.04,38.188,-33.585,0.7691,2.2145,0.12615,0,0,0.029108
8.3982,1,115.13,38.188,-33.577,0.77079,2.1956,0.12612,0,0,0.02974
8.4037,1,115.08,38.188,-33.583,0.76989,2.2362,0.12605,0,0,0.029366
8.4092,1,114.91,38.188,-33.598,0.76643,2.2988,0.12599,0,0,0.028177
8.4145,1,114.74,38.189,-33.614,0.76128,2.337,0.12594,0,0,0.026932
8.4198,1,114.55,38.19,-33.632,0.75421,2.3762,0.12588,0,0,0.025523
8.425,1,114.38,38.191,-33.647,0.74575,2.3968,0.12582,0,0,0.024268
8.4303,1,114.25,38.193,-33.659,0.73636,2.4043,0.12573,0,0,0.023224
8.4356,1,114.16,38.194,-33.669,0.72677,2.406,0.12567,0,0,0.022392
8.4408,1,114.08,38.194,-33.677,0.71723,2.4081,0.12563,0,0,0.021679
8.4461,1,113.96,38.195,-33.688,0.70762,2.4284,0.12562,0,0,0.020739
8.4514,1,113.69,38.197,-33.714,0.69693,2.5006,0.12556,0,0,0.018999
8.4567,1,113.51,38.198,-33.731,0.68648,2.5147,0.12548,0,0,0.01776
8.4622,1,113.45,38.199,-33.737,0.67706,2.4791,0.12546,0,0,0.017236
8.4678,1,113.45,38.2,-33.737,0.66853,2.4434,0.12546,0,0,0.017058
8.4736,1,113.5,38.2,-33.734,0.66134,2.4127,0.12548,0,0,0.017087
8.4794,1,113.56,38.2,-33.729,0.65544,2.3856,0.12551,0,0,0.017243
8.4854,1,113.63,38.199,-33.722,0.6513,2.3649,0.12554,0,0,0.017463
8.4914,1,113.7,38.199,-33.716,0.64825,2.3499,0.12557,0,0,0.017706
8.4975,1,113.76,38.198,-33.71,0.6469,2.3399,0.12559,0,0,0.017949
8.5036,1,113.83,38.197,-33.703,0.64688,2.3233,0.12562,0,0,0.018302
8.5096,1,113.92,38.196,-33.694,0.64859,2.3039,0.12566,0,0,0.01879
8.5157,1,114,38.195,-33.686,0.65173,2.2935,0.1257,0,0,0.019281
8.5218,1,114.07,38.194,-33.679,0.65671,2.286,0.12573,0,0,0.019786
8.5279,1,114.13,38.193,-33.672,0.66387,2.2799,0.12575,0,0,0.02032
8.5341,1,114.19,38.192,-33.666,0.6714,2.2716,0.12578,0,0,0.020876
8.5403,1,114.26,38.191,-33.659,0.67856,2.2632,0.12581,0,0,0.021437
8.5466,1,114.32,38.19,-33.652,0.68531,2.2548,0.12584,0,0,0.022005
8.5528,1,114.39,38.19,-33.646,0.6917,2.2481,0.12587,0,0,0.022559
8.5591,1,114.45,38.189,-33.64,0.69772,2.2423,0.12589,0,0,0.023099
8.5654,1,114.52,38.188,-33.633,0.7034,2.2367,0.12592,0,0,0.02363
8.5717,1,114.57,38.188,-33.628,0.70875,2.2328,0.12595,0,0,0.024135
8.578,1,114.63,38.187,-33.622,0.71377,2.2304,0.12597,0,0,0.024599
8.5844,1,114.66,38.187,-33.619,0.71852,2.2319,0.12598,0,0,0.024977
8.5906,1,114.68,38.186,-33.617,0.72305,2.2387,0.12599,0,0,0.025221
8.5969,1,114.69,38.186,-33.616,0.72738,2.2427,0.12599,0,0,0.025424
8.6031,1,114.69,38.186,-33.615,0.73152,2.2461,0.126,0,0,0.025593
8.6092,1,114.69,38.186,-33.615,0.73548,2.2488,0.126,0,0,0.025734
8.6153,1,114.69,38.186,-33.615,0.73928,2.2516,0.12599,0,0,0.02585
8.6214,1,114.69,38.186,-33.616,0.74295,2.254,0.12599,0,0,0.025956
8.6274,1,114.69,38.186,-33.615,0.74646,2.2514,0.126,0,0,0.026136
8.6335,1,114.73,38.187,-33.612,0.74976,2.2413,0.12601,0,0,0.02647
8.6395,1,114.78,38.187,-33.608,0.75288,2.234,0.12603,0,0,0.026842
8.6454,1,114.82,38.187,-33.604,0.75583,2.2281,0.12605,0,0,0.027229
8.6514,1,114.86,38.187,-33.601,0.75863,2.2253,0.12607,0,0,0.027575
8.6573,1,114.9,38.188,-33.598,0.7613,2.2239,0.12609,0,0,0.027888
8.6632,1,114.93,38.188,-33.596,0.76386,2.2236,0.1261,0,0,0.028171
8.6691,1,114.97,38.188,-33.593,0.76628,2.2225,0.12611,0,0,0.028459
8.675,1,115.01,38.188,-33.59,0.7683,2.2182,0.12613,0,0,0.028793
8.6808,1,115.07,38.189,-33.584,0.77017,2.2057,0.12613,0,0,0.029271
8.6864,1,115.12,38.189,-33.58,0.77137,2.203,0.1261,0,0,0.029673
8.6919,1,115,38.189,-33.592,0.76937,2.2678,0.12604,0,0,0.02886
8.6973,1,114.83,38.19,-33.607,0.76528,2.315,0.12597,0,0,0.027666
8.7026,1,114.65,38.191,-33.625,0.75904,2.3559,0.12591,0,0,0.026325
8.7079,1,114.46,38.192,-33.642,0.75104,2.3865,0.12586,0,0,0.024952
8.7131,1,114.31,38.193,-33.656,0.7419,2.4019,0.1258,0,0,0.023763
8.7184,1,114.2,38.195,-33.667,0.73214,2.4073,0.12571,0,0,0.022792
8.7237,1,114.1,38.196,-33.677,0.72234,2.4153,0.12565,0,0,0.021955
8.729,1,113.99,38.197,-33.687,0.71262,2.4232,0.12562,0,0,0.021129
8.7342,1,113.82,38.198,-33.705,0.70263,2.4634,0.12559,0,0,0.019963
8.7395,1,113.56,38.199,-33.728,0.69156,2.5189,0.1255,0,0,0.018285
8.745,1,113.46,38.201,-33.738,0.68147,2.4958,0.12546,0,0,0.017423
8.7505,1,113.44,38.202,-33.741,0.67217,2.46,0.12545,0,0,0.017062
8.7563,1,113.47,38.202,-33.739,0.66427,2.4261,0.12547,0,0,0.017002
8.7622,1,113.53,38.202,-33.734,0.65766,2.3967,0.12549,0,0,0.017102
8.7682,1,113.6,38.202,-33.728,0.65261,2.3721,0.12552,0,0,0.017311
8.7742,1,113.67,38.201,-33.721,0.6492,2.3542,0.12555,0,0,0.017558
8.7802,1,113.74,38.201,-33.715,0.64683,2.3415,0.12558,0,0,0.017819
8.7863,1,113.8,38.2,-33.709,0.64626,2.3326,0.12561,0,0,0.018078
8.7923,1,113.89,38.199,-33.7,0.64736,2.3061,0.12565,0,0,0.018565
8.7984,1,113.98,38.198,-33.692,0.64992,2.2956,0.12568,0,0,0.019048
8.8046,1,114.05,38.197,-33.684,0.65435,2.2866,0.12572,0,0,0.019555
8.8107,1,114.12,38.196,-33.677,0.66057,2.2816,0.12574,0,0,0.02006
8.8169,1,114.18,38.195,-33.671,0.66833,2.2733,0.12577,0,0,0.020618
8.823,1,114.24,38.194,-33.664,0.67572,2.2655,0.1258,0,0,0.021168
8.8293,1,114.31,38.194,-33.658,0.68269,2.2567,0.12582,0,0,0.021733
8.8355,1,114.38,38.193,-33.651,0.68927,2.2497,0.12585,0,0,0.022291
8.8418,1,114.44,38.192,-33.645,0.69544,2.2438,0.12588,0,0,0.022836
8.8481,1,114.5,38.192,-33.639,0.70125,2.2379,0.12591,0,0,0.023378
8.8544,1,114.56,38.191,-33.633,0.70672,2.2338,0.12593,0,0,0.023897
8.8607,1,114.62,38.191,-33.628,0.7119,2.2316,0.12596,0,0,0.024381
8.8671,1,114.66,38.19,-33.623,0.71679,2.2309,0.12598,0,0,0.024818
8.8734,1,114.68,38.19,-33.621,0.72148,2.2376,0.12599,0,0,0.025113
8.8797,1,114.68,38.189,-33.619,0.72594,2.2423,0.12599,0,0,0.02533
8.886,1,114.69,38.189,-33.619,0.73018,2.2458,0.12599,0,0,0.025519
8.8922,1,114.69,38.189,-33.618,0.7342,2.2491,0.12599,0,0,0.025676
8.8984,1,114.69,38.189,-33.618,0.73806,2.2519,0.12599,0,0,0.025806
8.9045,1,114.69,38.189,-33.619,0.74179,2.2539,0.12599,0,0,0.025916
8.9105,1,114.69,38.19,-33.619,0.74538,2.2535,0.12599,0,0,0.026051
8.9166,1,114.72,38.19,-33.616,0.74876,2.2431,0.12601,0,0,0.026357
8.9226,1,114.77,38.19,-33.613,0.75195,2.2357,0.12603,0,0,0.026725
8.9286,1,114.81,38.191,-33.609,0.75496,2.229,0.12605,0,0,0.027122
8.9346,1,114.86,38.191,-33.605,0.75782,2.2264,0.12607,0,0,0.027492
8.9406,1,114.9,38.191,-33.602,0.76055,2.2253,0.12608,0,0,0.027828
8.9465,1,114.93,38.191,-33.599,0.76315,2.2243,0.1261,0,0,0.028135
8.9525,1,114.96,38.191,-33.597,0.76562,2.2216,0.12611,0,0,0.02844
8.9584,1,115,38.192,-33.593,0.76794,2.2182,0.12613,0,0,0.028787
8.9643,1,115.04,38.192,-33.588,0.7699,2.2096,0.12616,0,0,0.029278
8.9701,1,115.12,38.192,-33.582,0.77102,2.2009,0.12616,0,0,0.029796
8.9758,1,115.01,38.192,-33.593,0.76899,2.2596,0.12608,0,0,0.028982
8.9813,1,114.83,38.193,-33.609,0.76463,2.3146,0.126,0,0,0.027728
8.9868,1,114.64,38.194,-33.627,0.75821,2.354,0.12593,0,0,0.026354
8.9921,1,114.45,38.195,-33.644,0.75011,2.3882,0.12587,0,0,0.024946
8.9974,1,114.3,38.196,-33.659,0.74108,2.4034,0.12582,0,0,0.023746
9.0027,1,114.19,38.198,-33.671,0.73153,2.4085,0.12577,0,0,0.022758
9.0079,1,114.09,38.199,-33.68,0.72191,2.4127,0.1257,0,0,0.021878
9.0132,1,113.99,38.2,-33.69,0.71242,2.4219,0.12563,0,0,0.021039
9.0184,1,113.81,38.201,-33.709,0.70262,2.4645,0.12556,0,0,0.019698
9.0237,1,113.56,38.202,-33.731,0.69187,2.5196,0.1255,0,0,0.018152
9.029,1,113.45,38.204,-33.742,0.68191,2.496,0.12546,0,0,0.017385
9.0346,1,113.43,38.205,-33.745,0.67289,2.4608,0.12545,0,0,0.017061
9.0404,1,113.46,38.205,-33.743,0.66507,2.4258,0.12546,0,0,0.017015
9.0462,1,113.52,38.205,-33.738,0.65857,2.3972,0.12549,0,0,0.017119
9.0521,1,113.59,38.205,-33.732,0.6535,2.3723,0.12552,0,0,0.017322
9.0581,1,113.66,38.204,-33.726,0.64999,2.3549,0.12555,0,0,0.017559
9.0641,1,113.72,38.204,-33.72,0.64772,2.3422,0.12557,0,0,0.017809
9.0702,1,113.78,38.203,-33.713,0.64691,2.3345,0.1256,0,0,0.018073
9.0763,1,113.87,38.202,-33.704,0.64791,2.3102,0.12564,0,0,0.018551
9.0823,1,113.95,38.201,-33.696,0.65037,2.2982,0.12568,0,0,0.019032
9.0884,1,114.03,38.2,-33.688,0.65452,2.2887,0.12571,0,0,0.019534
9.0945,1,114.09,38.199,-33.681,0.66058,2.2837,0.12574,0,0,0.020041
9.1007,1,114.16,38.198,-33.674,0.66818,2.2761,0.12577,0,0,0.020605
9.1069,1,114.22,38.197,-33.668,0.67557,2.2685,0.12579,0,0,0.021162
9.1131,1,114.28,38.196,-33.661,0.68256,2.2598,0.12582,0,0,0.021733
9.1193,1,114.35,38.196,-33.654,0.68915,2.2523,0.12585,0,0,0.022294
9.1256,1,114.41,38.195,-33.648,0.69538,2.2461,0.12588,0,0,0.022839
9.1318,1,114.47,38.194,-33.642,0.70124,2.24,0.12591,0,0,0.023379
9.1382,1,114.53,38.193,-33.636,0.70676,2.2352,0.12593,0,0,0.023895
9.1445,1,114.59,38.193,-33.63,0.71193,2.2323,0.12596,0,0,0.024376
9.1508,1,114.64,38.192,-33.626,0.71682,2.2307,0.12597,0,0,0.024804
9.1572,1,114.66,38.192,-33.624,0.72143,2.236,0.12598,0,0,0.025086
9.1635,1,114.67,38.191,-33.622,0.72584,2.2416,0.12599,0,0,0.025298
9.1698,1,114.67,38.191,-33.621,0.73006,2.2449,0.12599,0,0,0.02548
9.176,1,114.68,38.191,-33.621,0.7341,2.2482,0.12599,0,0,0.02563
9.1823,1,114.68,38.191,-33.621,0.73797,2.2513,0.12599,0,0,0.025755
9.1884,1,114.68,38.191,-33.622,0.74168,2.2534,0.12599,0,0,0.025861
9.1945,1,114.68,38.192,-33.621,0.74526,2.2537,0.12599,0,0,0.026003
9.2006,1,114.71,38.192,-33.619,0.74865,2.2446,0.126,0,0,0.026319
9.2067,1,114.75,38.192,-33.615,0.75185,2.2366,0.12602,0,0,0.026684
9.2127,1,114.8,38.192,-33.612,0.75487,2.2301,0.12604,0,0,0.027075
9.2187,1,114.84,38.193,-33.608,0.75772,2.2263,0.12606,0,0,0.02743
9.2247,1,114.88,38.193,-33.605,0.76043,2.2243,0.12607,0,0,0.027749
9.2307,1,114.91,38.193,-33.603,0.763,2.2237,0.12609,0,0,0.028033
9.2366,1,114.94,38.193,-33.601,0.76546,2.2223,0.1261,0,0,0.028312
9.2425,1,114.98,38.194,-33.598,0.76778,2.2189,0.12611,0,0,0.028627
9.2484,1,115.04,38.194,-33.593,0.76989,2.2132,0.12614,0,0,0.02906
9.2543,1,115.11,38.194,-33.586,0.77088,2.1967,0.12617,0,0,0.029609
9.2602,1,115.04,38.194,-33.594,0.76941,2.2487,0.12612,0,0,0.028929
9.2658,1,114.85,38.195,-33.61,0.76522,2.3115,0.12604,0,0,0.027626
9.2713,1,114.67,38.196,-33.627,0.75894,2.3481,0.12596,0,0,0.026275
9.2767,1,114.47,38.197,-33.645,0.75099,2.3854,0.12589,0,0,0.024848
9.2821,1,114.31,38.198,-33.66,0.74209,2.4023,0.12583,0,0,0.023646
9.2874,1,114.2,38.199,-33.671,0.73269,2.4066,0.12578,0,0,0.022684
9.2926,1,114.1,38.2,-33.68,0.72306,2.412,0.12574,0,0,0.021861
9.2979,1,114.01,38.201,-33.689,0.71355,2.4188,0.12569,0,0,0.021084
9.3031,1,113.85,38.202,-33.704,0.70322,2.4519,0.12562,0,0,0.019853
9.3084,1,113.57,38.204,-33.729,0.69246,2.5199,0.12552,0,0,0.018223
9.3137,1,113.45,38.205,-33.742,0.68258,2.5027,0.12546,0,0,0.017391
9.3193,1,113.42,38.206,-33.746,0.67362,2.4671,0.12545,0,0,0.017038
9.325,1,113.45,38.207,-33.745,0.66604,2.4314,0.12546,0,0,0.016976
9.3308,1,113.5,38.207,-33.741,0.65976,2.402,0.12548,0,0,0.017067
9.3367,1,113.57,38.207,-33.736,0.65464,2.376,0.12551,0,0,0.017263
9.3427,1,113.64,38.206,-33.73,0.65081,2.3575,0.12554,0,0,0.017495
9.3488,1,113.71,38.206,-33.723,0.64875,2.3439,0.12556,0,0,0.017742
9.3548,1,113.76,38.205,-33.718,0.64751,2.3361,0.12559,0,0,0.017978
9.3609,1,113.85,38.204,-33.71,0.64792,2.3147,0.12562,0,0,0.018419
9.3669,1,113.94,38.203,-33.702,0.65015,2.2999,0.12566,0,0,0.018895
9.373,1,114.02,38.202,-33.694,0.65427,2.2898,0.12569,0,0,0.019391
9.3791,1,114.08,38.201,-33.688,0.66026,2.284,0.12572,0,0,0.01989
9.3853,1,114.15,38.201,-33.681,0.66803,2.2768,0.12575,0,0,0.020444
9.3915,1,114.21,38.2,-33.675,0.67541,2.2691,0.12577,0,0,0.020995
9.3977,1,114.28,38.199,-33.668,0.68238,2.2604,0.1258,0,0,0.02156
9.4039,1,114.34,38.198,-33.662,0.68896,2.2526,0.12583,0,0,0.022122
9.4101,1,114.41,38.198,-33.655,0.69517,2.2463,0.12586,0,0,0.02267
9.4164,1,114.47,38.197,-33.649,0.70101,2.2403,0.12589,0,0,0.023212
9.4227,1,114.53,38.196,-33.643,0.70651,2.2355,0.12591,0,0,0.023737
9.4291,1,114.59,38.196,-33.637,0.71166,2.2323,0.12594,0,0,0.024232
9.4354,1,114.64,38.195,-33.632,0.71652,2.2308,0.12596,0,0,0.024684
9.4417,1,114.66,38.195,-33.628,0.72113,2.2357,0.12597,0,0,0.025014
9.4481,1,114.67,38.194,-33.626,0.72556,2.2418,0.12598,0,0,0.025241
9.4544,1,114.68,38.194,-33.625,0.72978,2.2452,0.12598,0,0,0.025436
9.4606,1,114.68,38.194,-33.624,0.73381,2.2485,0.12599,0,0,0.025599
9.4669,1,114.68,38.194,-33.624,0.73768,2.2515,0.12599,0,0,0.025734
9.473,1,114.67,38.194,-33.624,0.74138,2.254,0.12599,0,0,0.025846
9.4791,1,114.68,38.194,-33.624,0.74494,2.2543,0.12599,0,0,0.025968
9.4852,1,114.7,38.194,-33.623,0.74832,2.2467,0.12599,0,0,0.026223
9.4913,1,114.74,38.194,-33.62,0.75151,2.2385,0.12601,0,0,0.026575
9.4973,1,114.79,38.195,-33.616,0.75452,2.2315,0.12603,0,0,0.026959
9.5033,1,114.83,38.195,-33.612,0.75738,2.2273,0.12605,0,0,0.027329
9.5093,1,114.87,38.195,-33.609,0.76009,2.2259,0.12607,0,0,0.027661
9.5153,1,114.9,38.195,-33.606,0.76268,2.2257,0.12608,0,0,0.027957
9.5212,1,114.93,38.195,-33.603,0.76514,2.2248,0.1261,0,0,0.028235
9.5271,1,114.97,38.196,-33.6,0.76749,2.2201,0.12611,0,0,0.028531
9.533,1,115.02,38.196,-33.596,0.76968,2.2136,0.12614,0,0,0.028905
9.5389,1,115.1,38.196,-33.588,0.77102,2.1967,0.12617,0,0,0.029539
9.5448,1,115.06,38.196,-33.59,0.76979,2.2271,0.12616,0,0,0.029407
9.5505,1,114.88,38.197,-33.606,0.7657,2.3016,0.12609,0,0,0.028122
9.5561,1,114.71,38.198,-33.622,0.7597,2.3372,0.12601,0,0,0.026893
9.5615,1,114.51,38.199,-33.64,0.75181,2.3779,0.12593,0,0,0.025452
9.5669,1,114.34,38.2,-33.656,0.74294,2.3999,0.12585,0,0,0.024174
9.5721,1,114.22,38.201,-33.669,0.73358,2.4058,0.1258,0,0,0.023122
9.5774,1,114.13,38.202,-33.679,0.72401,2.4089,0.12575,0,0,0.022299
9.5826,1,114.05,38.203,-33.689,0.71457,2.4131,0.12571,0,0,0.021583
9.5879,1,113.94,38.204,-33.702,0.70537,2.4305,0.12564,0,0,0.020679
9.5931,1,113.68,38.206,-33.727,0.6953,2.5026,0.12554,0,0,0.018996
9.5985,1,113.48,38.207,-33.742,0.6851,2.5119,0.12547,0,0,0.017712
9.604,1,113.42,38.208,-33.748,0.67619,2.4788,0.12545,0,0,0.017174
9.6096,1,113.44,38.209,-33.748,0.66825,2.4436,0.12546,0,0,0.016989
9.6155,1,113.49,38.209,-33.745,0.66165,2.4124,0.12547,0,0,0.017022
9.6214,1,113.55,38.209,-33.739,0.65634,2.3855,0.1255,0,0,0.017179
9.6273,1,113.62,38.209,-33.733,0.65227,2.3651,0.12553,0,0,0.017402
9.6334,1,113.69,38.208,-33.726,0.64935,2.3503,0.12556,0,0,0.017646
9.6394,1,113.75,38.208,-33.721,0.64799,2.3402,0.12559,0,0,0.01789
9.6455,1,113.83,38.207,-33.713,0.64835,2.319,0.12562,0,0,0.018246
9.6515,1,113.92,38.206,-33.704,0.65046,2.3023,0.12566,0,0,0.01873
9.6576,1,114,38.205,-33.696,0.65404,2.2921,0.12569,0,0,0.019216
9.6637,1,114.07,38.204,-33.689,0.65931,2.2851,0.12572,0,0,0.019715
9.6699,1,114.13,38.203,-33.682,0.66616,2.2784,0.12575,0,0,0.020243
9.6761,1,114.2,38.202,-33.676,0.67367,2.2701,0.12578,0,0,0.020798
9.6822,1,114.26,38.201,-33.669,0.6808,2.2615,0.12581,0,0,0.021359
9.6885,1,114.33,38.2,-33.662,0.68751,2.2533,0.12583,0,0,0.021927
9.6947,1,114.4,38.199,-33.656,0.69383,2.2469,0.12586,0,0,0.022483
9.701,1,114.46,38.199,-33.649,0.69977,2.241,0.12589,0,0,0.023027
9.7073,1,114.52,38.198,-33.643,0.70535,2.236,0.12592,0,0,0.023562
9.7136,1,114.58,38.197,-33.637,0.71059,2.2322,0.12594,0,0,0.02407
9.72,1,114.63,38.197,-33.632,0.71551,2.2308,0.12597,0,0,0.024538
9.7263,1,114.65,38.196,-33.629,0.72015,2.2342,0.12598,0,0,0.024914
9.7327,1,114.66,38.196,-33.627,0.72459,2.2412,0.12598,0,0,0.025158
9.739,1,114.66,38.195,-33.626,0.72882,2.2448,0.12599,0,0,0.025363
9.7453,1,114.67,38.195,-33.625,0.73287,2.2483,0.12599,0,0,0.025534
9.7516,1,114.67,38.195,-33.625,0.73675,2.2514,0.12599,0,0,0.025677
9.7578,1,114.67,38.195,-33.626,0.74049,2.2536,0.12599,0,0,0.025794
9.764,1,114.67,38.195,-33.626,0.7441,2.2544,0.12599,0,0,0.025907
9.7701,1,114.7,38.195,-33.624,0.74754,2.2486,0.126,0,0,0.026112
9.7762,1,114.74,38.195,-33.62,0.75079,2.24,0.12601,0,0,0.026455
9.7822,1,114.78,38.196,-33.617,0.75385,2.2334,0.12603,0,0,0.026831
9.7883,1,114.82,38.196,-33.613,0.75675,2.2272,0.12605,0,0,0.027212
9.7943,1,114.86,38.196,-33.61,0.7595,2.2253,0.12607,0,0,0.02755
9.8003,1,114.89,38.196,-33.607,0.76213,2.2248,0.12608,0,0,0.027852
9.8062,1,114.92,38.196,-33.605,0.76464,2.2241,0.12609,0,0,0.028128
9.8122,1,114.96,38.197,-33.603,0.76703,2.2216,0.12611,0,0,0.028411
9.8181,1,115,38.197,-33.599,0.76927,2.2154,0.12612,0,0,0.028753
9.824,1,115.08,38.197,-33.592,0.7708,2.2072,0.12616,0,0,0.029266
9.8299,1,115.08,38.197,-33.592,0.76988,2.2196,0.12616,0,0,0.029487
9.8357,1,114.9,38.197,-33.609,0.76631,2.293,0.12608,0,0,0.028305
9.8413,1,114.73,38.198,-33.625,0.76056,2.3347,0.126,0,0,0.027019
9.8469,1,114.53,38.199,-33.643,0.75287,2.3747,0.12592,0,0,0.025576
9.8523,1,114.36,38.201,-33.659,0.74389,2.3988,0.12584,0,0,0.024222
9.8576,1,114.22,38.202,-33.672,0.73435,2.408,0.12579,0,0,0.023116
9.8629,1,114.12,38.203,-33.681,0.72478,2.41,0.12575,0,0,0.022245
9.8681,1,114.03,38.204,-33.689,0.71544,2.4151,0.12571,0,0,0.021488
9.8734,1,113.92,38.205,-33.701,0.70624,2.4317,0.12565,0,0,0.020631
9.8786,1,113.66,38.206,-33.724,0.69628,2.5023,0.12555,0,0,0.019111
9.8839,1,113.47,38.208,-33.743,0.68601,2.5126,0.12547,0,0,0.017719
9.8894,1,113.42,38.209,-33.75,0.67688,2.4801,0.12544,0,0,0.017115
9.8951,1,113.43,38.209,-33.75,0.66873,2.4454,0.12545,0,0,0.016888
9.9009,1,113.47,38.21,-33.747,0.66189,2.4147,0.12546,0,0,0.016904
9.9068,1,113.53,38.21,-33.742,0.6565,2.3874,0.12549,0,0,0.01705
9.9128,1,113.6,38.209,-33.735,0.65198,2.3666,0.12552,0,0,0.017274
9.9188,1,113.67,38.209,-33.729,0.64919,2.3511,0.12555,0,0,0.017522
9.9248,1,113.73,38.208,-33.723,0.64833,2.3407,0.12557,0,0,0.017775
9.9309,1,113.81,38.207,-33.717,0.64878,2.3184,0.1256,0,0,0.018124
9.937,1,113.9,38.207,-33.708,0.65056,2.3021,0.12564,0,0,0.018621
9.943,1,113.98,38.206,-33.701,0.65382,2.2924,0.12568,0,0,0.019115
9.9492,1,114.05,38.205,-33.693,0.65887,2.2861,0.12571,0,0,0.019623
9.9553,1,114.12,38.204,-33.687,0.66576,2.2799,0.12573,0,0,0.020157
9.9614,1,114.18,38.203,-33.681,0.67331,2.2718,0.12576,0,0,0.020721
9.9676,1,114.24,38.202,-33.674,0.68047,2.2633,0.12579,0,0,0.021286
9.9739,1,114.31,38.201,-33.668,0.68718,2.255,0.12581,0,0,0.021859
9.9801,1,114.38,38.201,-33.661,0.69351,2.2484,0.12584,0,0,0.022418
9.9864,1,114.44,38.2,-33.655,0.69946,2.2425,0.12587,0,0,0.022964
9.9927,1,114.5,38.199,-33.648,0.70505,2.237,0.1259,0,0,0.023501
9.999,1,114.56,38.199,-33.642,0.7103,2.2331,0.12592,0,0,0.024012
10.005,1,114.61,38.198,-33.637,0.71524,2.2316,0.12595,0,0,0.024484
10.012,1,114.65,38.197,-33.633,0.7199,2.2339,0.12597,0,0,0.024867
10.018,1,114.66,38.197,-33.63,0.72436,2.2406,0.12598,0,0,0.025119
10.024,1,114.67,38.197,-33.629,0.7286,2.244,0.12598,0,0,0.025325
10.031,1,114.67,38.196,-33.628,0.73265,2.2474,0.12598,0,0,0.025499
10.037,1,114.67,38.196,-33.627,0.73651,2.2506,0.12599,0,0,0.025643
10.043,1,114.67,38.196,-33.627,0.74022,2.2536,0.12599,0,0,0.025763
10.049,1,114.67,38.196,-33.627,0.74378,2.2537,0.12599,0,0,0.025877
10.055,1,114.69,38.196,-33.626,0.74722,2.249,0.12599,0,0,0.026071
10.061,1,114.73,38.197,-33.623,0.75047,2.2406,0.126,0,0,0.026399
10.068,1,114.77,38.197,-33.62,0.75354,2.2341,0.12602,0,0,0.02677
10.074,1,114.81,38.197,-33.616,0.75643,2.2279,0.12604,0,0,0.027148
10.08,1,114.85,38.197,-33.612,0.75917,2.2259,0.12606,0,0,0.027489
10.086,1,114.89,38.197,-33.609,0.76178,2.2256,0.12608,0,0,0.027792
10.091,1,114.92,38.197,-33.606,0.7643,2.2244,0.12609,0,0,0.028067
10.097,1,114.95,38.198,-33.604,0.76671,2.2208,0.1261,0,0,0.028345
10.103,1,115,38.198,-33.6,0.76893,2.2152,0.12612,0,0,0.028672
10.109,1,115.07,38.198,-33.594,0.77052,2.2051,0.12615,0,0,0.029137
10.115,1,115.09,38.198,-33.59,0.77048,2.215,0.12618,0,0,0.029501
10.121,1,114.93,38.198,-33.602,0.7667,2.2792,0.12611,0,0,0.028542
10.127,1,114.75,38.199,-33.618,0.76097,2.3261,0.12604,0,0,0.02725
10.132,1,114.56,38.2,-33.636,0.75326,2.3658,0.12596,0,0,0.025846
10.138,1,114.38,38.201,-33.653,0.74446,2.3954,0.12588,0,0,0.02446
10.143,1,114.24,38.202,-33.667,0.73512,2.4067,0.12581,0,0,0.023313
10.148,1,114.13,38.203,-33.678,0.72566,2.4097,0.12576,0,0,0.022412
10.153,1,114.05,38.204,-33.688,0.71634,2.4176,0.12572,0,0,0.02164
10.159,1,113.94,38.205,-33.698,0.70688,2.4292,0.12566,0,0,0.020811
10.164,1,113.69,38.207,-33.719,0.69696,2.4976,0.12558,0,0,0.019458
10.169,1,113.49,38.208,-33.74,0.6868,2.5166,0.12549,0,0,0.017929
10.175,1,113.42,38.21,-33.749,0.67792,2.4838,0.12545,0,0,0.017219
10.18,1,113.43,38.21,-33.751,0.66992,2.4488,0.12545,0,0,0.016937
10.186,1,113.46,38.211,-33.749,0.66329,2.4178,0.12546,0,0,0.016921
10.192,1,113.52,38.211,-33.744,0.65747,2.3901,0.12549,0,0,0.017048
10.198,1,113.59,38.21,-33.738,0.65269,2.3685,0.12552,0,0,0.017267
10.204,1,113.66,38.21,-33.731,0.64984,2.3524,0.12555,0,0,0.017515
10.21,1,113.72,38.209,-33.725,0.64854,2.3415,0.12557,0,0,0.017772
10.216,1,113.79,38.208,-33.719,0.64873,2.3241,0.1256,0,0,0.018069
10.222,1,113.89,38.207,-33.709,0.65038,2.3036,0.12564,0,0,0.018546
10.228,1,113.97,38.206,-33.701,0.65371,2.2929,0.12567,0,0,0.019029
10.234,1,114.04,38.205,-33.693,0.65867,2.2859,0.1257,0,0,0.01953
10.24,1,114.11,38.204,-33.687,0.66482,2.2797,0.12573,0,0,0.020043
10.246,1,114.18,38.203,-33.68,0.67242,2.2716,0.12576,0,0,0.020597
10.253,1,114.25,38.203,-33.673,0.67963,2.2631,0.12578,0,0,0.021149
10.259,1,114.31,38.202,-33.667,0.68643,2.2548,0.12581,0,0,0.021713
10.265,1,114.38,38.201,-33.66,0.69283,2.2481,0.12584,0,0,0.022268
10.271,1,114.44,38.2,-33.654,0.69885,2.2422,0.12587,0,0,0.022813
10.277,1,114.5,38.199,-33.647,0.70449,2.2368,0.12589,0,0,0.023347
10.284,1,114.56,38.199,-33.641,0.70978,2.2328,0.12592,0,0,0.023865
10.29,1,114.61,38.198,-33.636,0.71475,2.2307,0.12595,0,0,0.02435
10.296,1,114.65,38.197,-33.631,0.71942,2.2332,0.12597,0,0,0.024764
10.303,1,114.66,38.197,-33.629,0.72383,2.2402,0.12598,0,0,0.025061
10.309,1,114.67,38.196,-33.628,0.72805,2.2439,0.12598,0,0,0.025278
10.315,1,114.67,38.196,-33.627,0.73208,2.2472,0.12599,0,0,0.025465
10.322,1,114.67,38.196,-33.626,0.73593,2.2503,0.12599,0,0,0.02562
10.328,1,114.67,38.196,-33.627,0.73963,2.2533,0.12599,0,0,0.02575
10.334,1,114.67,38.196,-33.627,0.74319,2.255,0.12599,0,0,0.025865
10.34,1,114.68,38.196,-33.626,0.74661,2.2516,0.12599,0,0,0.026028
10.346,1,114.72,38.196,-33.623,0.74989,2.2419,0.126,0,0,0.026315
10.352,1,114.76,38.197,-33.619,0.75297,2.2353,0.12602,0,0,0.026676
10.358,1,114.81,38.197,-33.615,0.75589,2.2295,0.12604,0,0,0.027056
10.364,1,114.85,38.197,-33.612,0.75868,2.2269,0.12606,0,0,0.027411
10.37,1,114.88,38.197,-33.609,0.76134,2.2265,0.12608,0,0,0.027728
10.376,1,114.91,38.197,-33.607,0.76389,2.2266,0.12609,0,0,0.028013
10.382,1,114.94,38.197,-33.604,0.76632,2.225,0.1261,0,0,0.02829
10.388,1,114.98,38.198,-33.601,0.76861,2.2199,0.12612,0,0,0.028599
10.394,1,115.04,38.198,-33.596,0.77045,2.2086,0.12615,0,0,0.029005
10.4,1,115.09,38.198,-33.591,0.7703,2.2089,0.12617,0,0,0.029615
10.406,1,114.97,38.198,-33.602,0.76684,2.2646,0.12612,0,0,0.029054
10.412,1,114.78,38.199,-33.619,0.76137,2.3218,0.12604,0,0,0.027713
10.417,1,114.59,38.2,-33.637,0.75406,2.3594,0.12595,0,0,0.026369
10.423,1,114.41,38.201,-33.654,0.74524,2.3924,0.12587,0,0,0.024924
10.428,1,114.26,38.202,-33.668,0.73574,2.4057,0.12581,0,0,0.023707
10.433,1,114.16,38.204,-33.679,0.7262,2.4077,0.12576,0,0,0.022735
10.439,1,114.07,38.205,-33.688,0.717,2.4093,0.12572,0,0,0.021919
10.444,1,113.97,38.206,-33.698,0.70805,2.4234,0.12568,0,0,0.021128
10.449,1,113.78,38.207,-33.718,0.69878,2.4704,0.12559,0,0,0.019953
10.454,1,113.53,38.208,-33.74,0.68854,2.5196,0.12549,0,0,0.018276
10.46,1,113.43,38.21,-33.749,0.67941,2.4933,0.12545,0,0,0.017417
10.465,1,113.42,38.211,-33.752,0.67117,2.4579,0.12544,0,0,0.017051
10.471,1,113.45,38.211,-33.749,0.66418,2.4244,0.12546,0,0,0.016983
10.477,1,113.51,38.211,-33.745,0.65848,2.3958,0.12548,0,0,0.017073
10.483,1,113.57,38.211,-33.739,0.65421,2.372,0.12551,0,0,0.017272
10.489,1,113.64,38.21,-33.732,0.65064,2.3548,0.12554,0,0,0.017507
10.495,1,113.7,38.21,-33.726,0.6489,2.3427,0.12557,0,0,0.017758
10.501,1,113.76,38.209,-33.721,0.6489,2.3355,0.12559,0,0,0.018005
10.507,1,113.86,38.208,-33.712,0.65065,2.3088,0.12563,0,0,0.018448
10.513,1,113.94,38.207,-33.704,0.65365,2.298,0.12567,0,0,0.018921
10.519,1,114.02,38.206,-33.696,0.65796,2.2883,0.1257,0,0,0.019414
10.525,1,114.08,38.205,-33.69,0.6638,2.2833,0.12573,0,0,0.019909
10.532,1,114.15,38.204,-33.683,0.67146,2.2752,0.12575,0,0,0.02046
10.538,1,114.21,38.204,-33.677,0.67872,2.2674,0.12578,0,0,0.021007
10.544,1,114.28,38.203,-33.67,0.68556,2.2584,0.12581,0,0,0.021567
10.55,1,114.34,38.202,-33.664,0.692,2.2512,0.12584,0,0,0.022126
10.556,1,114.41,38.201,-33.657,0.69806,2.2451,0.12587,0,0,0.022673
10.563,1,114.47,38.201,-33.651,0.70375,2.2389,0.12589,0,0,0.023213
10.569,1,114.53,38.2,-33.645,0.70909,2.2345,0.12592,0,0,0.023737
10.575,1,114.59,38.199,-33.639,0.7141,2.2318,0.12594,0,0,0.02423
10.582,1,114.64,38.198,-33.634,0.71879,2.2309,0.12597,0,0,0.024672
10.588,1,114.65,38.198,-33.631,0.72322,2.2368,0.12598,0,0,0.024999
10.594,1,114.66,38.197,-33.629,0.72746,2.2422,0.12598,0,0,0.02523
10.601,1,114.67,38.197,-33.628,0.73152,2.2457,0.12599,0,0,0.025424
10.607,1,114.68,38.197,-33.627,0.73541,2.2491,0.12599,0,0,0.025587
10.613,1,114.67,38.197,-33.627,0.73914,2.2522,0.12599,0,0,0.025722
10.619,1,114.67,38.197,-33.627,0.74273,2.2545,0.12599,0,0,0.025837
10.626,1,114.68,38.197,-33.627,0.74617,2.2527,0.12599,0,0,0.025976
10.632,1,114.71,38.197,-33.625,0.74945,2.2435,0.126,0,0,0.026241
10.638,1,114.75,38.197,-33.621,0.75254,2.2362,0.12602,0,0,0.026599
10.644,1,114.8,38.197,-33.617,0.75546,2.2298,0.12604,0,0,0.026984
10.65,1,114.84,38.197,-33.613,0.75823,2.2271,0.12606,0,0,0.027353
10.656,1,114.87,38.198,-33.61,0.76087,2.226,0.12608,0,0,0.027684
10.662,1,114.9,38.198,-33.607,0.76339,2.2261,0.12609,0,0,0.027982
10.668,1,114.94,38.198,-33.604,0.7658,2.2252,0.1261,0,0,0.028268
10.674,1,114.97,38.198,-33.601,0.76807,2.2215,0.12612,0,0,0.028582
10.68,1,115.03,38.198,-33.596,0.77013,2.211,0.12614,0,0,0.028996
10.686,1,115.1,38.198,-33.589,0.77066,2.2005,0.12618,0,0,0.029557
10.691,1,114.99,38.198,-33.598,0.7682,2.263,0.12614,0,0,0.029181
10.697,1,114.8,38.199,-33.615,0.7633,2.3212,0.12605,0,0,0.027878
10.703,1,114.61,38.2,-33.632,0.75646,2.3595,0.12597,0,0,0.026557
10.708,1,114.42,38.201,-33.65,0.74813,2.3926,0.12589,0,0,0.025121
10.714,1,114.27,38.202,-33.665,0.739,2.4059,0.12582,0,0,0.023877
10.719,1,114.16,38.203,-33.677,0.72962,2.4071,0.12577,0,0,0.022877
10.724,1,114.08,38.204,-33.686,0.72022,2.4109,0.12573,0,0,0.022044
10.73,1,113.97,38.205,-33.697,0.71082,2.421,0.12568,0,0,0.021244
10.735,1,113.79,38.207,-33.715,0.70055,2.4658,0.1256,0,0,0.019984
10.74,1,113.53,38.208,-33.738,0.6902,2.5205,0.12549,0,0,0.018397
10.745,1,113.43,38.21,-33.748,0.68071,2.4953,0.12545,0,0,0.017476
10.751,1,113.42,38.21,-33.751,0.67207,2.4595,0.12544,0,0,0.017074
10.757,1,113.45,38.211,-33.749,0.66468,2.4248,0.12546,0,0,0.016985
10.763,1,113.5,38.211,-33.745,0.6586,2.3963,0.12548,0,0,0.017063
10.769,1,113.57,38.211,-33.739,0.65413,2.372,0.12551,0,0,0.017257
10.775,1,113.64,38.21,-33.732,0.65105,2.355,0.12554,0,0,0.017493
10.781,1,113.7,38.21,-33.726,0.64919,2.3431,0.12557,0,0,0.017746
10.787,1,113.75,38.209,-33.72,0.64864,2.3363,0.12559,0,0,0.017989
10.793,1,113.85,38.208,-33.711,0.64928,2.3107,0.12563,0,0,0.018422
10.799,1,113.93,38.207,-33.703,0.65176,2.2994,0.12566,0,0,0.018897
10.805,1,114.01,38.206,-33.695,0.65618,2.2898,0.1257,0,0,0.01939
10.811,1,114.07,38.205,-33.688,0.66253,2.2844,0.12572,0,0,0.019884
10.817,1,114.13,38.204,-33.682,0.67026,2.2765,0.12575,0,0,0.020432
10.823,1,114.2,38.203,-33.675,0.67759,2.2688,0.12577,0,0,0.02098
10.83,1,114.26,38.202,-33.668,0.68445,2.2599,0.1258,0,0,0.021542
10.836,1,114.33,38.201,-33.662,0.6909,2.2523,0.12583,0,0,0.022103
10.842,1,114.4,38.201,-33.655,0.69699,2.2461,0.12586,0,0,0.022652
10.848,1,114.46,38.2,-33.649,0.7027,2.2399,0.12589,0,0,0.023195
10.855,1,114.52,38.199,-33.643,0.70807,2.2352,0.12591,0,0,0.023722
10.861,1,114.58,38.198,-33.637,0.71313,2.2319,0.12594,0,0,0.024221
10.867,1,114.63,38.198,-33.632,0.71791,2.2304,0.12596,0,0,0.024679
10.874,1,114.65,38.197,-33.63,0.72249,2.2361,0.12598,0,0,0.025008
10.88,1,114.66,38.197,-33.628,0.72684,2.2415,0.12598,0,0,0.025234
10.886,1,114.67,38.197,-33.627,0.73098,2.2449,0.12599,0,0,0.025432
10.893,1,114.67,38.196,-33.627,0.73495,2.2482,0.12599,0,0,0.025596
10.899,1,114.67,38.196,-33.627,0.73875,2.2513,0.12599,0,0,0.025733
10.905,1,114.67,38.196,-33.627,0.7424,2.2541,0.12599,0,0,0.025846
10.911,1,114.68,38.196,-33.626,0.74588,2.2539,0.12599,0,0,0.025972
10.917,1,114.71,38.197,-33.624,0.74917,2.2443,0.126,0,0,0.026238
10.923,1,114.75,38.197,-33.62,0.75227,2.2366,0.12602,0,0,0.026594
10.929,1,114.79,38.197,-33.617,0.75521,2.2302,0.12604,0,0,0.026981
10.935,1,114.84,38.197,-33.613,0.75797,2.2266,0.12606,0,0,0.027351
10.941,1,114.87,38.197,-33.61,0.76061,2.2254,0.12607,0,0,0.027682
10.947,1,114.9,38.197,-33.608,0.76313,2.2248,0.12608,0,0,0.027978
10.953,1,114.94,38.198,-33.606,0.76553,2.2236,0.12609,0,0,0.028259
10.959,1,114.97,38.198,-33.603,0.76781,2.2202,0.12611,0,0,0.028563
10.965,1,115.03,38.198,-33.599,0.76983,2.2127,0.12613,0,0,0.028959
10.971,1,115.12,38.198,-33.592,0.771,2.1951,0.12617,0,0,0.029646
10.977,1,115.02,38.198,-33.597,0.76923,2.2555,0.12614,0,0,0.029341
10.983,1,114.84,38.199,-33.614,0.76472,2.3165,0.12606,0,0,0.02797
10.988,1,114.64,38.2,-33.63,0.7581,2.3554,0.12598,0,0,0.026677
10.994,1,114.44,38.201,-33.648,0.74976,2.3901,0.1259,0,0,0.025207
10.999,1,114.29,38.202,-33.663,0.74059,2.4047,0.12583,0,0,0.02395
11.005,1,114.17,38.203,-33.675,0.7311,2.4078,0.12578,0,0,0.022932
11.01,1,114.09,38.204,-33.683,0.72167,2.4112,0.12575,0,0,0.022115
11.015,1,113.99,38.205,-33.692,0.71231,2.4193,0.12571,0,0,0.02133
11.02,1,113.83,38.206,-33.705,0.70196,2.4549,0.12564,0,0,0.02029
11.026,1,113.55,38.208,-33.732,0.69148,2.5194,0.12552,0,0,0.018509
11.031,1,113.44,38.209,-33.746,0.68185,2.5005,0.12546,0,0,0.017524
11.037,1,113.42,38.21,-33.751,0.67309,2.4647,0.12545,0,0,0.017094
11.042,1,113.44,38.211,-33.75,0.66549,2.4288,0.12545,0,0,0.01699
11.048,1,113.49,38.211,-33.746,0.65944,2.4002,0.12548,0,0,0.017056
11.054,1,113.56,38.211,-33.74,0.6549,2.3748,0.1255,0,0,0.017245
11.06,1,113.63,38.21,-33.734,0.65141,2.3572,0.12553,0,0,0.017477
11.066,1,113.7,38.21,-33.728,0.64909,2.3442,0.12556,0,0,0.01773
11.072,1,113.75,38.209,-33.723,0.64791,2.3361,0.12558,0,0,0.017974
11.078,1,113.84,38.208,-33.715,0.6489,2.315,0.12562,0,0,0.018365
11.084,1,113.92,38.207,-33.707,0.65139,2.3008,0.12565,0,0,0.01884
11.09,1,114,38.206,-33.699,0.65553,2.2911,0.12569,0,0,0.019325
11.097,1,114.07,38.206,-33.693,0.66151,2.2848,0.12571,0,0,0.019817
11.103,1,114.13,38.205,-33.686,0.66923,2.2777,0.12574,0,0,0.020352
11.109,1,114.19,38.204,-33.68,0.67655,2.2698,0.12577,0,0,0.020896
11.115,1,114.26,38.203,-33.674,0.68341,2.2611,0.12579,0,0,0.021451
11.121,1,114.32,38.203,-33.667,0.68987,2.2532,0.12582,0,0,0.022011
11.128,1,114.39,38.202,-33.661,0.69596,2.2468,0.12585,0,0,0.022561
11.134,1,114.45,38.201,-33.655,0.70172,2.2408,0.12588,0,0,0.023101
11.14,1,114.52,38.2,-33.648,0.70712,2.2358,0.1259,0,0,0.023632
11.146,1,114.57,38.2,-33.642,0.71221,2.2322,0.12593,0,0,0.024136
11.153,1,114.63,38.199,-33.637,0.71699,2.2309,0.12595,0,0,0.024599
11.159,1,114.65,38.198,-33.633,0.72155,2.235,0.12597,0,0,0.024958
11.165,1,114.66,38.198,-33.631,0.72591,2.2415,0.12598,0,0,0.025196
11.172,1,114.67,38.198,-33.629,0.73007,2.2448,0.12598,0,0,0.0254
11.178,1,114.68,38.197,-33.628,0.73406,2.2482,0.12599,0,0,0.02557
11.184,1,114.68,38.197,-33.628,0.73789,2.2513,0.12599,0,0,0.025712
11.191,1,114.67,38.197,-33.628,0.74157,2.2543,0.12599,0,0,0.025829
11.197,1,114.67,38.197,-33.628,0.74509,2.2541,0.12599,0,0,0.02595
11.203,1,114.7,38.197,-33.626,0.74841,2.2472,0.12599,0,0,0.026185
11.209,1,114.74,38.197,-33.623,0.75155,2.2383,0.12601,0,0,0.026536
11.215,1,114.79,38.198,-33.619,0.75452,2.2314,0.12603,0,0,0.026919
11.221,1,114.83,38.198,-33.615,0.75734,2.2274,0.12605,0,0,0.027298
11.227,1,114.87,38.198,-33.611,0.76003,2.2263,0.12607,0,0,0.027636
11.233,1,114.9,38.198,-33.608,0.76261,2.2265,0.12608,0,0,0.02794
11.239,1,114.93,38.198,-33.605,0.76508,2.2257,0.1261,0,0,0.028224
11.245,1,114.96,38.198,-33.602,0.76742,2.2229,0.12612,0,0,0.028525
11.251,1,115.01,38.198,-33.598,0.76928,2.216,0.12614,0,0,0.028905
11.257,1,115.1,38.198,-33.59,0.77055,2.198,0.12618,0,0,0.02954
11.263,1,115.07,38.198,-33.591,0.76966,2.2299,0.12616,0,0,0.029444
11.268,1,114.88,38.199,-33.607,0.76545,2.3055,0.12608,0,0,0.028087
11.274,1,114.7,38.2,-33.623,0.75942,2.3396,0.126,0,0,0.026803
11.28,1,114.5,38.201,-33.642,0.75142,2.3802,0.12592,0,0,0.02533
11.285,1,114.34,38.202,-33.658,0.74245,2.4,0.12585,0,0,0.024041
11.291,1,114.21,38.203,-33.671,0.73305,2.407,0.12579,0,0,0.022993
11.296,1,114.12,38.204,-33.682,0.72376,2.4078,0.12575,0,0,0.022145
11.301,1,114.02,38.205,-33.69,0.71458,2.4144,0.12571,0,0,0.02136
11.306,1,113.88,38.206,-33.704,0.70524,2.4438,0.12565,0,0,0.020362
11.312,1,113.6,38.208,-33.729,0.69475,2.52,0.12554,0,0,0.018601
11.317,1,113.46,38.209,-33.744,0.68488,2.5047,0.12547,0,0,0.017569
11.322,1,113.42,38.21,-33.75,0.676,2.4699,0.12545,0,0,0.017108
11.328,1,113.44,38.211,-33.75,0.66805,2.4339,0.12546,0,0,0.016981
11.334,1,113.49,38.211,-33.746,0.66141,2.405,0.12548,0,0,0.017028
11.34,1,113.55,38.211,-33.741,0.65608,2.3785,0.1255,0,0,0.017202
11.346,1,113.62,38.211,-33.734,0.65212,2.36,0.12553,0,0,0.017425
11.352,1,113.69,38.21,-33.728,0.64967,2.3461,0.12556,0,0,0.017673
11.358,1,113.75,38.209,-33.722,0.64882,2.3378,0.12559,0,0,0.017914
11.364,1,113.82,38.208,-33.714,0.64924,2.3192,0.12562,0,0,0.018309
11.37,1,113.91,38.207,-33.706,0.65121,2.3033,0.12566,0,0,0.018791
11.376,1,113.98,38.206,-33.698,0.65469,2.2933,0.12569,0,0,0.019283
11.382,1,114.05,38.205,-33.691,0.6599,2.2867,0.12572,0,0,0.019783
11.388,1,114.11,38.204,-33.684,0.66705,2.2804,0.12574,0,0,0.020325
11.394,1,114.17,38.204,-33.678,0.6745,2.2723,0.12577,0,0,0.020881
11.401,1,114.23,38.203,-33.671,0.68156,2.2637,0.1258,0,0,0.021445
11.407,1,114.3,38.202,-33.664,0.6882,2.2554,0.12583,0,0,0.022014
11.413,1,114.36,38.201,-33.658,0.69446,2.2486,0.12586,0,0,0.022568
11.419,1,114.43,38.2,-33.651,0.70034,2.2425,0.12588,0,0,0.023111
11.426,1,114.49,38.2,-33.645,0.70586,2.2369,0.12591,0,0,0.023642
11.432,1,114.55,38.199,-33.639,0.71104,2.2329,0.12594,0,0,0.024146
11.438,1,114.6,38.198,-33.634,0.71591,2.2307,0.12596,0,0,0.024609
11.445,1,114.64,38.198,-33.63,0.72052,2.2333,0.12598,0,0,0.024963
11.451,1,114.66,38.197,-33.628,0.72492,2.24,0.12598,0,0,0.025194
11.457,1,114.67,38.197,-33.627,0.72913,2.2435,0.12599,0,0,0.025395
11.464,1,114.67,38.196,-33.626,0.73314,2.2468,0.12599,0,0,0.025561
11.47,1,114.68,38.196,-33.626,0.73699,2.2499,0.12599,0,0,0.0257
11.476,1,114.68,38.196,-33.626,0.74069,2.2528,0.12599,0,0,0.025813
11.482,1,114.67,38.196,-33.626,0.74424,2.2543,0.12599,0,0,0.025929
11.488,1,114.69,38.196,-33.625,0.74761,2.249,0.126,0,0,0.026159
11.495,1,114.73,38.197,-33.621,0.7508,2.2395,0.12601,0,0,0.026505
11.501,1,114.78,38.197,-33.617,0.7538,2.2324,0.12603,0,0,0.026881
11.507,1,114.82,38.197,-33.613,0.75664,2.2275,0.12605,0,0,0.027252
11.513,1,114.86,38.197,-33.61,0.75934,2.2254,0.12607,0,0,0.027579
11.519,1,114.9,38.197,-33.608,0.76193,2.2251,0.12608,0,0,0.027868
11.525,1,114.93,38.197,-33.605,0.76441,2.2246,0.1261,0,0,0.028131
11.531,1,114.97,38.197,-33.602,0.76678,2.2222,0.12611,0,0,0.028403
11.536,1,115.02,38.198,-33.598,0.76901,2.214,0.12613,0,0,0.028736
11.542,1,115.1,38.198,-33.592,0.77062,2.1992,0.12616,0,0,0.029238
11.548,1,115.09,38.198,-33.594,0.77027,2.2171,0.12616,0,0,0.029389
11.554,1,114.91,38.198,-33.609,0.76641,2.2969,0.12608,0,0,0.02821
11.56,1,114.73,38.199,-33.626,0.76065,2.3349,0.126,0,0,0.026913
11.565,1,114.53,38.2,-33.644,0.75281,2.3756,0.12592,0,0,0.02547
11.571,1,114.36,38.202,-33.66,0.74392,2.3994,0.12584,0,0,0.024132
11.576,1,114.22,38.203,-33.673,0.73447,2.4077,0.12579,0,0,0.023043
11.582,1,114.12,38.204,-33.683,0.72498,2.4104,0.12574,0,0,0.022198
11.587,1,114.04,38.205,-33.693,0.71567,2.4164,0.1257,0,0,0.021497
11.592,1,113.91,38.206,-33.707,0.70608,2.4394,0.12564,0,0,0.020612
11.597,1,113.63,38.207,-33.729,0.69584,2.5144,0.12553,0,0,0.019085
11.603,1,113.46,38.209,-33.745,0.68566,2.5081,0.12547,0,0,0.01773
11.608,1,113.42,38.21,-33.75,0.67665,2.4745,0.12545,0,0,0.017132
11.614,1,113.44,38.211,-33.75,0.66854,2.4393,0.12545,0,0,0.016917
11.62,1,113.48,38.211,-33.746,0.66165,2.4101,0.12547,0,0,0.016935
11.625,1,113.55,38.211,-33.741,0.65608,2.3833,0.1255,0,0,0.017087
11.631,1,113.62,38.21,-33.735,0.65208,2.3638,0.12553,0,0,0.017313
11.637,1,113.68,38.21,-33.729,0.6494,2.349,0.12555,0,0,0.017564
11.644,1,113.74,38.209,-33.723,0.6482,2.3395,0.12558,0,0,0.017817
11.65,1,113.83,38.208,-33.716,0.64856,2.3175,0.12561,0,0,0.018152
11.656,1,113.91,38.207,-33.708,0.65052,2.302,0.12565,0,0,0.018647
11.662,1,113.99,38.206,-33.7,0.65406,2.2919,0.12568,0,0,0.019134
11.668,1,114.05,38.205,-33.693,0.65926,2.2858,0.12571,0,0,0.019638
11.674,1,114.12,38.205,-33.686,0.66634,2.2789,0.12574,0,0,0.020164
11.68,1,114.18,38.204,-33.68,0.6738,2.2709,0.12577,0,0,0.020718
11.686,1,114.24,38.203,-33.674,0.68086,2.2623,0.12579,0,0,0.021274
11.693,1,114.31,38.202,-33.667,0.68751,2.2542,0.12582,0,0,0.021838
11.699,1,114.37,38.202,-33.66,0.69377,2.2476,0.12585,0,0,0.022393
11.705,1,114.44,38.201,-33.654,0.69966,2.2416,0.12588,0,0,0.022937
11.711,1,114.5,38.2,-33.648,0.70519,2.2363,0.12591,0,0,0.023473
11.718,1,114.56,38.199,-33.642,0.71038,2.2325,0.12593,0,0,0.023986
11.724,1,114.61,38.199,-33.636,0.71527,2.2306,0.12596,0,0,0.024462
11.73,1,114.64,38.198,-33.632,0.71991,2.2337,0.12597,0,0,0.024859
11.737,1,114.66,38.198,-33.63,0.72435,2.2406,0.12598,0,0,0.025131
11.743,1,114.67,38.197,-33.628,0.72859,2.2441,0.12598,0,0,0.025342
11.749,1,114.67,38.197,-33.628,0.73264,2.2474,0.12599,0,0,0.025524
11.756,1,114.68,38.197,-33.627,0.73652,2.2504,0.12599,0,0,0.025675
11.762,1,114.67,38.197,-33.627,0.74025,2.2533,0.12599,0,0,0.0258
11.768,1,114.67,38.197,-33.627,0.74384,2.255,0.12599,0,0,0.025917
11.774,1,114.69,38.197,-33.626,0.74723,2.2487,0.12599,0,0,0.026102
11.78,1,114.73,38.197,-33.623,0.75042,2.2397,0.12601,0,0,0.026419
11.786,1,114.78,38.197,-33.619,0.75343,2.233,0.12603,0,0,0.026789
11.792,1,114.82,38.197,-33.615,0.75628,2.2285,0.12605,0,0,0.027171
11.798,1,114.86,38.197,-33.612,0.75899,2.2268,0.12607,0,0,0.027521
11.804,1,114.89,38.198,-33.609,0.76158,2.2265,0.12608,0,0,0.027834
11.81,1,114.93,38.198,-33.606,0.76406,2.2264,0.12609,0,0,0.02812
11.816,1,114.96,38.198,-33.604,0.76641,2.2247,0.12611,0,0,0.028407
11.822,1,115.01,38.198,-33.6,0.7686,2.218,0.12612,0,0,0.028742
11.828,1,115.09,38.198,-33.594,0.77017,2.2008,0.12615,0,0,0.029215
11.834,1,115.08,38.198,-33.591,0.7699,2.2207,0.12617,0,0,0.029622
11.84,1,114.9,38.199,-33.604,0.7662,2.2943,0.12611,0,0,0.028656
11.846,1,114.73,38.199,-33.62,0.76042,2.3347,0.12603,0,0,0.027331
11.851,1,114.53,38.2,-33.638,0.75263,2.375,0.12595,0,0,0.025905
11.857,1,114.36,38.202,-33.655,0.74365,2.3982,0.12587,0,0,0.024506
11.862,1,114.22,38.203,-33.669,0.7341,2.4069,0.12581,0,0,0.023351
11.867,1,114.13,38.204,-33.68,0.7246,2.4082,0.12576,0,0,0.02243
11.873,1,114.05,38.205,-33.689,0.71532,2.4112,0.12572,0,0,0.021639
11.878,1,113.93,38.206,-33.7,0.70606,2.4331,0.12567,0,0,0.020778
11.883,1,113.66,38.207,-33.722,0.69581,2.5072,0.12557,0,0,0.019336
11.888,1,113.49,38.209,-33.741,0.68582,2.5115,0.12548,0,0,0.017893
11.894,1,113.42,38.21,-33.749,0.67678,2.479,0.12545,0,0,0.017229
11.9,1,113.43,38.211,-33.75,0.66879,2.4442,0.12545,0,0,0.016969
11.905,1,113.47,38.211,-33.748,0.66228,2.4143,0.12546,0,0,0.016962
11.911,1,113.54,38.211,-33.743,0.65692,2.387,0.12549,0,0,0.017094
11.917,1,113.6,38.211,-33.737,0.65283,2.3666,0.12552,0,0,0.01731
11.923,1,113.67,38.21,-33.73,0.64998,2.3511,0.12555,0,0,0.017555
11.929,1,113.73,38.209,-33.724,0.64867,2.3409,0.12558,0,0,0.017807
11.935,1,113.81,38.209,-33.718,0.64895,2.3241,0.1256,0,0,0.018137
11.941,1,113.89,38.208,-33.709,0.65082,2.3049,0.12564,0,0,0.018634
11.947,1,113.97,38.207,-33.701,0.65402,2.2953,0.12567,0,0,0.019122
11.954,1,114.04,38.206,-33.693,0.65919,2.2881,0.1257,0,0,0.019628
11.96,1,114.1,38.205,-33.687,0.6664,2.2826,0.12573,0,0,0.020154
11.966,1,114.16,38.204,-33.68,0.67384,2.2746,0.12576,0,0,0.020718
11.972,1,114.23,38.203,-33.674,0.6809,2.2663,0.12578,0,0,0.02128
11.978,1,114.29,38.202,-33.667,0.68753,2.2577,0.12581,0,0,0.021851
11.984,1,114.36,38.201,-33.66,0.69378,2.2506,0.12584,0,0,0.022409
11.991,1,114.42,38.201,-33.654,0.69966,2.2445,0.12587,0,0,0.022956
11.997,1,114.48,38.2,-33.648,0.70518,2.2383,0.1259,0,0,0.023491
12.003,1,114.55,38.199,-33.642,0.71037,2.2339,0.12592,0,0,0.024003
12.01,1,114.6,38.198,-33.636,0.71526,2.2313,0.12595,0,0,0.024478
12.016,1,114.64,38.198,-33.632,0.7199,2.2314,0.12597,0,0,0.024864
12.022,1,114.66,38.197,-33.629,0.72433,2.238,0.12598,0,0,0.025128
12.029,1,114.67,38.197,-33.628,0.72857,2.2423,0.12599,0,0,0.025335
12.035,1,114.67,38.197,-33.627,0.73262,2.2456,0.12599,0,0,0.025511
12.041,1,114.68,38.196,-33.627,0.7365,2.2487,0.12599,0,0,0.025658
12.048,1,114.68,38.196,-33.627,0.74023,2.2517,0.12599,0,0,0.025778
12.054,1,114.67,38.197,-33.627,0.7438,2.254,0.12599,0,0,0.025893
12.06,1,114.69,38.197,-33.626,0.74719,2.2516,0.12599,0,0,0.026087
12.066,1,114.72,38.197,-33.623,0.75038,2.2413,0.12601,0,0,0.026403
12.072,1,114.77,38.197,-33.619,0.7534,2.2342,0.12603,0,0,0.026771
12.078,1,114.82,38.197,-33.615,0.75626,2.2279,0.12605,0,0,0.027144
12.084,1,114.85,38.197,-33.611,0.75896,2.2251,0.12607,0,0,0.027484
12.09,1,114.89,38.197,-33.608,0.76155,2.2237,0.12608,0,0,0.027784
12.096,1,114.92,38.197,-33.606,0.76401,2.2234,0.12609,0,0,0.028056
12.102,1,114.96,38.198,-33.603,0.76636,2.2215,0.12611,0,0,0.028326
12.108,1,115,38.198,-33.6,0.76858,2.2161,0.12613,0,0,0.028642
12.114,1,115.08,38.198,-33.594,0.77017,2.2023,0.12616,0,0,0.029079
12.12,1,115.13,38.198,-33.59,0.7705,2.2067,0.12618,0,0,0.029496
12.126,1,114.95,38.198,-33.604,0.76739,2.2812,0.12611,0,0,0.028633
12.131,1,114.77,38.199,-33.621,0.76209,2.3276,0.12603,0,0,0.027296
12.137,1,114.57,38.2,-33.639,0.75458,2.3689,0.12594,0,0,0.025885
12.143,1,114.39,38.201,-33.656,0.7458,2.397,0.12586,0,0,0.024479
12.148,1,114.25,38.203,-33.67,0.7364,2.4073,0.1258,0,0,0.023323
12.153,1,114.14,38.204,-33.681,0.72686,2.4104,0.12575,0,0,0.022422
12.159,1,114.05,38.205,-33.69,0.71753,2.4139,0.12571,0,0,0.021702
12.164,1,113.92,38.206,-33.701,0.70807,2.4347,0.12567,0,0,0.020864
12.169,1,113.65,38.207,-33.725,0.69748,2.5091,0.12557,0,0,0.019467
12.174,1,113.48,38.209,-33.743,0.68737,2.5137,0.12547,0,0,0.017967
12.18,1,113.42,38.21,-33.75,0.67818,2.4804,0.12545,0,0,0.017254
12.185,1,113.42,38.211,-33.751,0.67008,2.4455,0.12545,0,0,0.016967
12.191,1,113.46,38.211,-33.749,0.66294,2.4156,0.12546,0,0,0.016949
12.197,1,113.52,38.211,-33.744,0.65704,2.3883,0.12549,0,0,0.017072
12.203,1,113.59,38.211,-33.738,0.65273,2.3678,0.12552,0,0,0.017288
12.209,1,113.66,38.21,-33.731,0.64981,2.3522,0.12555,0,0,0.017533
12.215,1,113.72,38.21,-33.726,0.64833,2.3416,0.12557,0,0,0.017787
12.221,1,113.8,38.209,-33.719,0.64797,2.3221,0.1256,0,0,0.018108
12.227,1,113.89,38.208,-33.71,0.64963,2.3036,0.12564,0,0,0.018551
12.233,1,113.98,38.207,-33.702,0.65289,2.293,0.12568,0,0,0.019037
12.239,1,114.05,38.206,-33.694,0.65785,2.2861,0.12571,0,0,0.019532
12.245,1,114.12,38.205,-33.687,0.66468,2.2794,0.12574,0,0,0.02005
12.251,1,114.18,38.204,-33.681,0.67219,2.2713,0.12577,0,0,0.020603
12.258,1,114.25,38.203,-33.674,0.67929,2.2626,0.12579,0,0,0.021156
12.264,1,114.32,38.203,-33.667,0.68598,2.2544,0.12582,0,0,0.021716
12.27,1,114.39,38.202,-33.66,0.69229,2.2478,0.12585,0,0,0.022271
12.276,1,114.45,38.201,-33.654,0.69823,2.242,0.12588,0,0,0.022817
12.283,1,114.51,38.2,-33.647,0.70381,2.2366,0.12591,0,0,0.023349
12.289,1,114.57,38.2,-33.641,0.70905,2.2328,0.12594,0,0,0.023867
12.295,1,114.63,38.199,-33.636,0.71399,2.2307,0.12596,0,0,0.024353
12.301,1,114.66,38.198,-33.631,0.71868,2.2332,0.12598,0,0,0.024757
12.308,1,114.67,38.198,-33.629,0.72316,2.2402,0.12598,0,0,0.025069
12.314,1,114.68,38.197,-33.628,0.72743,2.2441,0.12599,0,0,0.025297
12.321,1,114.68,38.197,-33.627,0.73152,2.2476,0.12599,0,0,0.025484
12.327,1,114.68,38.197,-33.627,0.73545,2.2508,0.12599,0,0,0.025641
12.333,1,114.68,38.197,-33.627,0.73923,2.2539,0.12599,0,0,0.025771
12.339,1,114.67,38.197,-33.627,0.74284,2.2556,0.12599,0,0,0.025891
12.345,1,114.69,38.197,-33.626,0.74628,2.251,0.12599,0,0,0.026066
12.352,1,114.72,38.197,-33.623,0.74953,2.242,0.12601,0,0,0.026322
12.358,1,114.77,38.197,-33.62,0.7526,2.2356,0.12602,0,0,0.026677
12.364,1,114.81,38.197,-33.616,0.7555,2.2302,0.12604,0,0,0.027044
12.37,1,114.84,38.197,-33.613,0.75826,2.2278,0.12606,0,0,0.0274
12.376,1,114.87,38.198,-33.61,0.76089,2.2277,0.12607,0,0,0.027714
12.382,1,114.91,38.198,-33.608,0.76338,2.2281,0.12608,0,0,0.028
12.388,1,114.94,38.198,-33.606,0.76575,2.227,0.12609,0,0,0.028272
12.394,1,114.97,38.198,-33.603,0.76802,2.2228,0.12611,0,0,0.028574
12.399,1,115.03,38.198,-33.599,0.76977,2.2124,0.12612,0,0,0.028957
12.405,1,115.1,38.198,-33.592,0.76978,2.2102,0.12615,0,0,0.029506
12.411,1,114.97,38.198,-33.599,0.76638,2.2583,0.12612,0,0,0.029137
12.417,1,114.78,38.199,-33.616,0.76051,2.3205,0.12604,0,0,0.027812
12.423,1,114.6,38.2,-33.632,0.75276,2.3567,0.12597,0,0,0.026486
12.428,1,114.41,38.201,-33.65,0.74363,2.3908,0.12588,0,0,0.025041
12.434,1,114.27,38.202,-33.665,0.734,2.4044,0.12582,0,0,0.023808
12.439,1,114.17,38.203,-33.675,0.72443,2.4073,0.12578,0,0,0.02283
12.444,1,114.09,38.204,-33.683,0.71526,2.4105,0.12574,0,0,0.022034
12.45,1,113.99,38.205,-33.693,0.70632,2.4233,0.1257,0,0,0.021232
12.455,1,113.82,38.206,-33.707,0.6973,2.4603,0.12564,0,0,0.020128
12.46,1,113.55,38.208,-33.733,0.68739,2.5213,0.12552,0,0,0.018393
12.465,1,113.44,38.209,-33.746,0.67871,2.4978,0.12546,0,0,0.017482
12.471,1,113.42,38.21,-33.75,0.67097,2.4614,0.12545,0,0,0.017091
12.477,1,113.45,38.21,-33.749,0.66452,2.4267,0.12546,0,0,0.017012
12.483,1,113.51,38.21,-33.745,0.65904,2.3976,0.12548,0,0,0.017099
12.489,1,113.58,38.21,-33.739,0.65426,2.373,0.12551,0,0,0.0173
12.495,1,113.64,38.21,-33.733,0.65096,2.3555,0.12553,0,0,0.017539
12.501,1,113.71,38.209,-33.727,0.64907,2.3431,0.12556,0,0,0.017794
12.507,1,113.76,38.209,-33.722,0.64911,2.3352,0.12558,0,0,0.018033
12.513,1,113.85,38.208,-33.714,0.65078,2.3104,0.12561,0,0,0.018464
12.519,1,113.93,38.207,-33.706,0.65388,2.2992,0.12565,0,0,0.018932
12.525,1,114.01,38.206,-33.698,0.65864,2.2899,0.12568,0,0,0.019418
12.531,1,114.07,38.205,-33.692,0.66474,2.2849,0.12571,0,0,0.019905
12.537,1,114.13,38.204,-33.686,0.6722,2.2773,0.12573,0,0,0.020445
12.543,1,114.19,38.203,-33.68,0.67941,2.2699,0.12576,0,0,0.020981
12.549,1,114.26,38.203,-33.673,0.68621,2.2611,0.12578,0,0,0.021531
12.556,1,114.32,38.202,-33.667,0.69261,2.2536,0.12581,0,0,0.022083
12.562,1,114.39,38.201,-33.66,0.69858,2.2472,0.12584,0,0,0.022628
12.568,1,114.45,38.201,-33.654,0.70413,2.2409,0.12587,0,0,0.023167
12.574,1,114.51,38.2,-33.648,0.70933,2.2359,0.1259,0,0,0.023694
12.581,1,114.57,38.199,-33.642,0.71423,2.2325,0.12592,0,0,0.02419
12.587,1,114.62,38.198,-33.636,0.71886,2.231,0.12595,0,0,0.024643
12.593,1,114.65,38.198,-33.632,0.72328,2.2353,0.12597,0,0,0.02499
12.6,1,114.66,38.197,-33.63,0.7275,2.241,0.12598,0,0,0.025234
12.606,1,114.67,38.197,-33.629,0.73151,2.2443,0.12598,0,0,0.025435
12.612,1,114.67,38.197,-33.628,0.73534,2.2475,0.12599,0,0,0.025605
12.619,1,114.67,38.197,-33.627,0.73898,2.2505,0.12599,0,0,0.025746
12.625,1,114.67,38.197,-33.627,0.7425,2.2533,0.12599,0,0,0.025866
12.631,1,114.68,38.197,-33.627,0.74588,2.2532,0.12599,0,0,0.026001
12.637,1,114.71,38.197,-33.625,0.74911,2.245,0.12599,0,0,0.026248
12.643,1,114.75,38.197,-33.622,0.75218,2.237,0.12601,0,0,0.026608
12.649,1,114.8,38.197,-33.618,0.75506,2.2301,0.12603,0,0,0.026997
12.655,1,114.84,38.197,-33.614,0.7578,2.2258,0.12605,0,0,0.02738
12.661,1,114.88,38.197,-33.61,0.7604,2.2242,0.12607,0,0,0.027727
12.667,1,114.91,38.197,-33.607,0.76288,2.2237,0.12609,0,0,0.028044
12.673,1,114.95,38.197,-33.604,0.76525,2.2224,0.12611,0,0,0.028353
12.679,1,114.99,38.198,-33.6,0.76749,2.2185,0.12612,0,0,0.028694
12.685,1,115.04,38.198,-33.595,0.76957,2.2096,0.12615,0,0,0.029156
12.691,1,115.13,38.197,-33.588,0.77092,2.1944,0.12619,0,0,0.02966
12.697,1,115.06,38.198,-33.592,0.76933,2.2408,0.12616,0,0,0.029153
12.703,1,114.87,38.198,-33.608,0.76468,2.3113,0.12608,0,0,0.027874
12.709,1,114.69,38.199,-33.625,0.7582,2.3468,0.126,0,0,0.026506
12.714,1,114.49,38.2,-33.643,0.74989,2.3852,0.12592,0,0,0.025082
12.719,1,114.33,38.201,-33.659,0.7408,2.4024,0.12585,0,0,0.023851
12.725,1,114.21,38.203,-33.672,0.73141,2.4073,0.12579,0,0,0.022841
12.73,1,114.1,38.204,-33.684,0.72191,2.4141,0.12574,0,0,0.02198
12.735,1,113.99,38.205,-33.693,0.71256,2.4218,0.1257,0,0,0.02112
12.741,1,113.8,38.206,-33.711,0.7029,2.4654,0.12562,0,0,0.019781
12.746,1,113.55,38.208,-33.734,0.69228,2.5199,0.12551,0,0,0.018228
12.751,1,113.45,38.209,-33.746,0.68261,2.4958,0.12546,0,0,0.017426
12.757,1,113.43,38.21,-33.749,0.67377,2.46,0.12545,0,0,0.017088
12.763,1,113.45,38.211,-33.748,0.66621,2.4258,0.12546,0,0,0.017027
12.768,1,113.51,38.211,-33.744,0.65987,2.3969,0.12549,0,0,0.017123
12.774,1,113.58,38.211,-33.738,0.65489,2.3725,0.12551,0,0,0.017318
12.78,1,113.65,38.21,-33.732,0.6513,2.3551,0.12554,0,0,0.01755
12.786,1,113.71,38.209,-33.725,0.64869,2.3428,0.12557,0,0,0.017795
12.792,1,113.77,38.209,-33.72,0.64755,2.3356,0.1256,0,0,0.018055
12.799,1,113.86,38.208,-33.711,0.64855,2.3111,0.12564,0,0,0.01854
12.805,1,113.95,38.207,-33.702,0.65111,2.2985,0.12567,0,0,0.019019
12.811,1,114.02,38.206,-33.694,0.65537,2.2884,0.12571,0,0,0.019522
12.817,1,114.09,38.205,-33.687,0.66132,2.2832,0.12573,0,0,0.020027
12.823,1,114.15,38.204,-33.681,0.66887,2.2753,0.12576,0,0,0.020595
12.829,1,114.22,38.203,-33.674,0.67621,2.2675,0.12579,0,0,0.02116
12.835,1,114.29,38.202,-33.667,0.68314,2.2586,0.12582,0,0,0.021738
12.842,1,114.35,38.201,-33.66,0.68968,2.2512,0.12585,0,0,0.022307
12.848,1,114.42,38.2,-33.654,0.69582,2.245,0.12588,0,0,0.022857
12.854,1,114.48,38.199,-33.647,0.7016,2.2389,0.12591,0,0,0.023403
12.86,1,114.54,38.199,-33.641,0.70702,2.2345,0.12593,0,0,0.023922
12.867,1,114.6,38.198,-33.635,0.7121,2.2318,0.12596,0,0,0.024404
12.873,1,114.65,38.197,-33.63,0.71689,2.2305,0.12598,0,0,0.024833
12.879,1,114.67,38.196,-33.628,0.72144,2.2372,0.12599,0,0,0.025109
12.886,1,114.68,38.196,-33.626,0.72579,2.2425,0.12599,0,0,0.025317
12.892,1,114.68,38.196,-33.625,0.72995,2.246,0.12599,0,0,0.025496
12.898,1,114.68,38.195,-33.625,0.73392,2.2494,0.12599,0,0,0.025643
12.905,1,114.68,38.195,-33.625,0.73773,2.2526,0.12599,0,0,0.025764
12.911,1,114.68,38.195,-33.625,0.7414,2.2555,0.12599,0,0,0.025865
12.917,1,114.68,38.195,-33.625,0.74491,2.2552,0.12599,0,0,0.025998
12.923,1,114.71,38.196,-33.622,0.74823,2.2442,0.126,0,0,0.026333
12.929,1,114.76,38.196,-33.619,0.75136,2.2367,0.12602,0,0,0.026697
12.935,1,114.8,38.196,-33.615,0.75432,2.2302,0.12604,0,0,0.027086
12.941,1,114.84,38.196,-33.611,0.75713,2.2279,0.12606,0,0,0.027431
12.947,1,114.88,38.196,-33.608,0.75979,2.2271,0.12608,0,0,0.02774
12.953,1,114.91,38.196,-33.606,0.76235,2.2274,0.12609,0,0,0.028009
12.959,1,114.94,38.196,-33.604,0.76478,2.2266,0.1261,0,0,0.028275
12.965,1,114.97,38.197,-33.601,0.76708,2.2233,0.12611,0,0,0.028572
12.971,1,115.03,38.197,-33.597,0.76911,2.2142,0.12613,0,0,0.028982
12.977,1,115.11,38.197,-33.589,0.77001,2.1996,0.12617,0,0,0.029523
12.983,1,115.02,38.197,-33.596,0.76778,2.2495,0.12614,0,0,0.028891
12.989,1,114.83,38.198,-33.613,0.76287,2.3147,0.12605,0,0,0.027511
12.995,1,114.64,38.198,-33.63,0.75599,2.3527,0.12597,0,0,0.026128
13,1,114.45,38.2,-33.648,0.74744,2.3887,0.12589,0,0,0.02468
13.006,1,114.29,38.201,-33.663,0.73825,2.4043,0.12582,0,0,0.02349
13.011,1,114.18,38.202,-33.674,0.72884,2.4076,0.12577,0,0,0.022564
13.016,1,114.08,38.203,-33.682,0.71959,2.4099,0.12574,0,0,0.021798
13.021,1,113.98,38.204,-33.692,0.71046,2.4214,0.12569,0,0,0.020968
13.027,1,113.8,38.205,-33.707,0.70087,2.465,0.12561,0,0,0.019741
13.032,1,113.53,38.206,-33.733,0.6905,2.5228,0.1255,0,0,0.018091
13.037,1,113.44,38.208,-33.746,0.68113,2.4971,0.12546,0,0,0.017304
13.043,1,113.42,38.209,-33.75,0.67255,2.4609,0.12544,0,0,0.016981
13.049,1,113.45,38.209,-33.748,0.66525,2.4257,0.12546,0,0,0.016949
13.055,1,113.5,38.21,-33.744,0.65915,2.3967,0.12548,0,0,0.017065
13.06,1,113.57,38.21,-33.738,0.65451,2.3719,0.12551,0,0,0.017283
13.066,1,113.64,38.209,-33.732,0.65127,2.3545,0.12554,0,0,0.017532
13.072,1,113.71,38.209,-33.725,0.64922,2.3426,0.12557,0,0,0.017792
13.079,1,113.76,38.208,-33.72,0.64868,2.3354,0.12559,0,0,0.018037
13.085,1,113.84,38.207,-33.713,0.64977,2.3153,0.12562,0,0,0.018464
13.091,1,113.92,38.206,-33.705,0.65228,2.3011,0.12566,0,0,0.018933
13.097,1,114,38.205,-33.697,0.65629,2.2911,0.12569,0,0,0.01942
13.103,1,114.06,38.204,-33.691,0.66214,2.2857,0.12572,0,0,0.019909
13.109,1,114.12,38.204,-33.685,0.6698,2.2786,0.12574,0,0,0.020447
13.115,1,114.18,38.203,-33.679,0.67713,2.2709,0.12577,0,0,0.02098
13.121,1,114.25,38.202,-33.672,0.68405,2.2623,0.12579,0,0,0.021528
13.128,1,114.31,38.201,-33.666,0.69057,2.2545,0.12582,0,0,0.022079
13.134,1,114.38,38.201,-33.66,0.6967,2.2479,0.12585,0,0,0.022622
13.14,1,114.44,38.2,-33.653,0.70245,2.2417,0.12588,0,0,0.023159
13.146,1,114.5,38.199,-33.647,0.70783,2.2363,0.1259,0,0,0.023687
13.153,1,114.56,38.199,-33.641,0.71287,2.2323,0.12593,0,0,0.024189
13.159,1,114.61,38.198,-33.636,0.71761,2.2306,0.12595,0,0,0.024649
13.166,1,114.65,38.198,-33.632,0.72214,2.2336,0.12597,0,0,0.025003
13.172,1,114.66,38.197,-33.63,0.72647,2.2402,0.12598,0,0,0.025236
13.178,1,114.67,38.197,-33.628,0.73061,2.2435,0.12598,0,0,0.025442
13.185,1,114.68,38.196,-33.627,0.73456,2.2468,0.12599,0,0,0.025614
13.191,1,114.68,38.196,-33.627,0.73833,2.2498,0.12599,0,0,0.025758
13.197,1,114.68,38.196,-33.627,0.74196,2.2527,0.12599,0,0,0.025878
13.203,1,114.68,38.196,-33.627,0.74542,2.254,0.12599,0,0,0.026002
13.209,1,114.7,38.197,-33.625,0.7487,2.2477,0.126,0,0,0.026244
13.215,1,114.74,38.197,-33.622,0.7518,2.2383,0.12601,0,0,0.026599
13.221,1,114.78,38.197,-33.618,0.75473,2.2312,0.12603,0,0,0.026986
13.227,1,114.83,38.197,-33.614,0.7575,2.2271,0.12605,0,0,0.027367
13.234,1,114.87,38.197,-33.61,0.76014,2.2256,0.12607,0,0,0.027709
13.24,1,114.9,38.197,-33.607,0.76266,2.2253,0.12609,0,0,0.028018
13.245,1,114.94,38.197,-33.604,0.76505,2.2251,0.1261,0,0,0.02831
13.251,1,114.97,38.197,-33.601,0.76733,2.2233,0.12612,0,0,0.028623
13.257,1,115.02,38.197,-33.596,0.76941,2.2157,0.12614,0,0,0.029025
13.263,1,115.12,38.197,-33.588,0.7711,2.1964,0.12618,0,0,0.029688
13.269,1,115.09,38.197,-33.589,0.77036,2.2269,0.12618,0,0,0.02943
13.275,1,114.89,38.198,-33.606,0.7661,2.3044,0.12609,0,0,0.028035
13.281,1,114.71,38.199,-33.622,0.76004,2.3411,0.12602,0,0,0.026716
13.286,1,114.5,38.2,-33.641,0.75197,2.3817,0.12593,0,0,0.025231
13.292,1,114.34,38.201,-33.657,0.74288,2.4009,0.12586,0,0,0.023956
13.297,1,114.21,38.202,-33.67,0.73332,2.4073,0.1258,0,0,0.02291
13.302,1,114.12,38.203,-33.681,0.7238,2.4091,0.12575,0,0,0.022002
13.308,1,114.03,38.204,-33.691,0.71446,2.417,0.12571,0,0,0.021208
13.313,1,113.88,38.205,-33.705,0.70474,2.4454,0.12565,0,0,0.020023
13.318,1,113.61,38.207,-33.73,0.6941,2.5191,0.12553,0,0,0.018389
13.324,1,113.47,38.208,-33.744,0.68409,2.5044,0.12547,0,0,0.017504
13.329,1,113.43,38.209,-33.749,0.67499,2.4696,0.12545,0,0,0.017116
13.335,1,113.45,38.21,-33.748,0.66709,2.4343,0.12546,0,0,0.017025
13.341,1,113.5,38.21,-33.744,0.66058,2.4048,0.12548,0,0,0.017096
13.347,1,113.56,38.21,-33.739,0.65533,2.3786,0.12551,0,0,0.017278
13.353,1,113.63,38.21,-33.732,0.6515,2.3597,0.12554,0,0,0.017501
13.359,1,113.7,38.209,-33.726,0.64902,2.3457,0.12557,0,0,0.017742
13.365,1,113.75,38.208,-33.72,0.64793,2.3369,0.12559,0,0,0.017974
13.371,1,113.84,38.207,-33.712,0.64854,2.3156,0.12563,0,0,0.018437
13.377,1,113.92,38.206,-33.703,0.65065,2.3016,0.12566,0,0,0.018912
13.383,1,114,38.205,-33.695,0.65449,2.292,0.1257,0,0,0.019412
13.389,1,114.07,38.204,-33.689,0.66017,2.2858,0.12573,0,0,0.019912
13.395,1,114.13,38.203,-33.682,0.66769,2.2783,0.12575,0,0,0.020476
13.401,1,114.19,38.202,-33.676,0.67511,2.2703,0.12578,0,0,0.021034
13.408,1,114.25,38.202,-33.669,0.6821,2.2615,0.12581,0,0,0.021607
13.414,1,114.31,38.201,-33.662,0.6887,2.2537,0.12584,0,0,0.022174
13.42,1,114.38,38.2,-33.656,0.6949,2.2471,0.12587,0,0,0.022726
13.426,1,114.44,38.199,-33.649,0.70073,2.241,0.12589,0,0,0.023272
13.433,1,114.51,38.199,-33.643,0.70618,2.2359,0.12592,0,0,0.023795
13.439,1,114.56,38.198,-33.637,0.7113,2.2324,0.12595,0,0,0.024286
13.445,1,114.62,38.197,-33.632,0.71613,2.2304,0.12597,0,0,0.024731
13.452,1,114.65,38.197,-33.629,0.72072,2.2343,0.12598,0,0,0.025036
13.458,1,114.66,38.196,-33.627,0.72512,2.2411,0.12599,0,0,0.025251
13.464,1,114.67,38.196,-33.626,0.72929,2.2444,0.12599,0,0,0.02544
13.471,1,114.68,38.195,-33.625,0.73329,2.2478,0.12599,0,0,0.025595
13.477,1,114.68,38.195,-33.625,0.73713,2.2509,0.12599,0,0,0.025724
13.483,1,114.68,38.195,-33.625,0.74081,2.2539,0.12599,0,0,0.025831
13.489,1,114.67,38.196,-33.625,0.74435,2.2549,0.12599,0,0,0.025958
13.495,1,114.7,38.196,-33.623,0.7477,2.2472,0.126,0,0,0.02625
13.502,1,114.74,38.196,-33.62,0.75088,2.2382,0.12602,0,0,0.026607
13.508,1,114.79,38.196,-33.616,0.75385,2.2313,0.12604,0,0,0.026992
13.514,1,114.83,38.196,-33.612,0.75668,2.2277,0.12606,0,0,0.027347
13.52,1,114.87,38.196,-33.609,0.75935,2.2262,0.12607,0,0,0.027663
13.526,1,114.91,38.196,-33.606,0.76194,2.2258,0.12609,0,0,0.02794
13.532,1,114.94,38.196,-33.604,0.7644,2.2256,0.1261,0,0,0.028203
13.538,1,114.97,38.197,-33.601,0.76673,2.2233,0.12612,0,0,0.028487
13.543,1,115.02,38.197,-33.596,0.76892,2.2157,0.12614,0,0,0.028861
13.549,1,115.11,38.197,-33.588,0.77046,2.1973,0.12618,0,0,0.029407
13.555,1,115.08,38.197,-33.593,0.76985,2.2301,0.12616,0,0,0.029139
13.561,1,114.88,38.198,-33.611,0.76569,2.3063,0.12607,0,0,0.027769
13.567,1,114.71,38.198,-33.627,0.75967,2.3411,0.12599,0,0,0.026434
13.572,1,114.51,38.2,-33.646,0.75164,2.3817,0.1259,0,0,0.024971
13.578,1,114.34,38.201,-33.661,0.74255,2.4011,0.12583,0,0,0.02372
13.583,1,114.21,38.202,-33.673,0.733,2.4083,0.12578,0,0,0.022732
13.589,1,114.11,38.203,-33.682,0.72352,2.4093,0.12574,0,0,0.021949
13.594,1,114.02,38.204,-33.692,0.71429,2.4173,0.1257,0,0,0.021191
13.599,1,113.87,38.205,-33.707,0.70489,2.4487,0.12563,0,0,0.020149
13.604,1,113.59,38.207,-33.733,0.6944,2.5213,0.12551,0,0,0.018477
13.61,1,113.46,38.208,-33.746,0.68442,2.5039,0.12546,0,0,0.017435
13.615,1,113.42,38.209,-33.75,0.67547,2.4685,0.12545,0,0,0.017012
13.621,1,113.45,38.21,-33.749,0.66767,2.4321,0.12546,0,0,0.016909
13.627,1,113.5,38.21,-33.745,0.66112,2.4032,0.12548,0,0,0.016988
13.633,1,113.56,38.21,-33.739,0.65579,2.3768,0.12551,0,0,0.01718
13.639,1,113.63,38.21,-33.732,0.65189,2.3584,0.12554,0,0,0.017421
13.645,1,113.7,38.209,-33.726,0.64949,2.3446,0.12556,0,0,0.017678
13.651,1,113.75,38.208,-33.721,0.64833,2.3367,0.12559,0,0,0.017927
13.657,1,113.83,38.208,-33.713,0.64891,2.3189,0.12562,0,0,0.018326
13.663,1,113.91,38.207,-33.705,0.65094,2.3028,0.12566,0,0,0.018806
13.669,1,113.99,38.206,-33.697,0.65455,2.2927,0.12569,0,0,0.019298
13.675,1,114.06,38.205,-33.691,0.66006,2.2859,0.12572,0,0,0.019795
13.681,1,114.12,38.204,-33.685,0.66744,2.2792,0.12574,0,0,0.020334
13.687,1,114.18,38.203,-33.678,0.67486,2.2713,0.12577,0,0,0.020879
13.693,1,114.24,38.202,-33.672,0.68188,2.2627,0.1258,0,0,0.021435
13.7,1,114.31,38.202,-33.666,0.68849,2.2547,0.12583,0,0,0.021996
13.706,1,114.37,38.201,-33.659,0.69472,2.2481,0.12585,0,0,0.022547
13.712,1,114.44,38.2,-33.653,0.70057,2.242,0.12588,0,0,0.023087
13.719,1,114.5,38.199,-33.646,0.70605,2.2366,0.12591,0,0,0.023619
13.725,1,114.56,38.199,-33.641,0.7112,2.2327,0.12593,0,0,0.024125
13.731,1,114.61,38.198,-33.635,0.71603,2.2305,0.12596,0,0,0.02459
13.738,1,114.65,38.197,-33.631,0.72062,2.2332,0.12597,0,0,0.024959
13.744,1,114.66,38.197,-33.629,0.72499,2.2401,0.12598,0,0,0.025199
13.75,1,114.67,38.197,-33.628,0.72917,2.2437,0.12598,0,0,0.025405
13.757,1,114.68,38.196,-33.627,0.73317,2.2471,0.12599,0,0,0.025576
13.763,1,114.68,38.196,-33.626,0.737,2.2502,0.12599,0,0,0.025719
13.769,1,114.67,38.196,-33.626,0.74068,2.2532,0.12599,0,0,0.025837
13.775,1,114.68,38.196,-33.626,0.74421,2.2548,0.12599,0,0,0.025953
13.781,1,114.7,38.196,-33.625,0.74755,2.249,0.126,0,0,0.026169
13.788,1,114.74,38.196,-33.622,0.75071,2.2394,0.12601,0,0,0.026515
13.794,1,114.78,38.197,-33.618,0.75369,2.2324,0.12603,0,0,0.026894
13.8,1,114.83,38.197,-33.614,0.75651,2.2276,0.12605,0,0,0.027275
13.806,1,114.86,38.197,-33.61,0.7592,2.2258,0.12607,0,0,0.027613
13.812,1,114.89,38.197,-33.607,0.76176,2.2256,0.12608,0,0,0.027917
13.818,1,114.93,38.197,-33.605,0.76421,2.225,0.1261,0,0,0.028196
13.824,1,114.96,38.197,-33.602,0.76654,2.2226,0.12611,0,0,0.028487
13.829,1,115,38.197,-33.598,0.76873,2.2174,0.12613,0,0,0.028844
13.835,1,115.08,38.197,-33.591,0.77034,2.2003,0.12616,0,0,0.029406
13.841,1,115.09,38.197,-33.59,0.76992,2.218,0.12617,0,0,0.029494
13.847,1,114.92,38.198,-33.607,0.76633,2.2959,0.12609,0,0,0.028352
13.853,1,114.74,38.199,-33.623,0.76063,2.3342,0.12601,0,0,0.027032
13.858,1,114.54,38.2,-33.641,0.75287,2.3752,0.12593,0,0,0.02558
13.864,1,114.37,38.201,-33.658,0.74397,2.3986,0.12585,0,0,0.024238
13.869,1,114.23,38.202,-33.671,0.7345,2.4079,0.12579,0,0,0.023134
13.875,1,114.13,38.203,-33.681,0.72498,2.4108,0.12575,0,0,0.022248
13.88,1,114.04,38.204,-33.689,0.71556,2.4134,0.12571,0,0,0.021455
13.885,1,113.92,38.205,-33.701,0.70611,2.4313,0.12566,0,0,0.020491
13.89,1,113.64,38.206,-33.727,0.69571,2.5121,0.12554,0,0,0.018977
13.896,1,113.47,38.208,-33.743,0.68553,2.5122,0.12547,0,0,0.01772
13.901,1,113.42,38.209,-33.749,0.67646,2.4768,0.12545,0,0,0.017161
13.907,1,113.43,38.21,-33.749,0.66834,2.4414,0.12545,0,0,0.016975
13.913,1,113.47,38.21,-33.746,0.66154,2.4118,0.12547,0,0,0.017008
13.919,1,113.53,38.21,-33.741,0.65603,2.3848,0.1255,0,0,0.01717
13.925,1,113.6,38.21,-33.735,0.65208,2.3651,0.12553,0,0,0.0174
13.931,1,113.67,38.209,-33.728,0.64935,2.3502,0.12556,0,0,0.017652
13.937,1,113.72,38.208,-33.723,0.64844,2.3407,0.12558,0,0,0.017904
13.943,1,113.8,38.207,-33.715,0.64881,2.322,0.12561,0,0,0.018254
13.949,1,113.9,38.207,-33.706,0.65058,2.3036,0.12565,0,0,0.018739
13.955,1,113.98,38.205,-33.698,0.65388,2.2931,0.12568,0,0,0.019222
13.961,1,114.05,38.204,-33.691,0.65904,2.2864,0.12571,0,0,0.019718
13.967,1,114.11,38.204,-33.684,0.6664,2.2799,0.12574,0,0,0.02024
13.973,1,114.18,38.203,-33.678,0.67384,2.2721,0.12577,0,0,0.020786
13.979,1,114.24,38.202,-33.671,0.68088,2.2636,0.12579,0,0,0.021336
13.986,1,114.31,38.201,-33.664,0.68751,2.2553,0.12582,0,0,0.021895
13.992,1,114.37,38.2,-33.657,0.69377,2.2486,0.12585,0,0,0.022446
13.998,1,114.44,38.2,-33.651,0.69964,2.2425,0.12588,0,0,0.022988
14.005,1,114.5,38.199,-33.645,0.70516,2.237,0.12591,0,0,0.023524
14.011,1,114.56,38.198,-33.639,0.71035,2.2329,0.12593,0,0,0.024033
14.017,1,114.61,38.198,-33.633,0.71524,2.2308,0.12596,0,0,0.024503
14.024,1,114.65,38.197,-33.63,0.7199,2.2329,0.12597,0,0,0.02489
14.03,1,114.66,38.196,-33.628,0.72435,2.2399,0.12598,0,0,0.025147
14.036,1,114.67,38.196,-33.627,0.72859,2.2438,0.12599,0,0,0.025357
14.043,1,114.68,38.196,-33.626,0.73266,2.2472,0.12599,0,0,0.025535
14.049,1,114.68,38.196,-33.626,0.73656,2.2503,0.12599,0,0,0.025684
14.055,1,114.67,38.196,-33.626,0.7403,2.2533,0.12599,0,0,0.025808
14.061,1,114.67,38.196,-33.626,0.74389,2.2546,0.12599,0,0,0.025929
14.067,1,114.69,38.196,-33.625,0.74727,2.25,0.126,0,0,0.026137
14.074,1,114.73,38.196,-33.621,0.75047,2.2402,0.12601,0,0,0.02648
14.08,1,114.77,38.196,-33.618,0.75348,2.2334,0.12603,0,0,0.026861
14.086,1,114.82,38.196,-33.614,0.75634,2.2276,0.12605,0,0,0.027247
14.092,1,114.85,38.197,-33.611,0.75907,2.2259,0.12607,0,0,0.027598
14.098,1,114.89,38.197,-33.608,0.76168,2.2256,0.12608,0,0,0.027915
14.104,1,114.92,38.197,-33.606,0.76418,2.2253,0.12609,0,0,0.028212
14.11,1,114.96,38.197,-33.604,0.76656,2.2233,0.1261,0,0,0.028524
14.116,1,115,38.197,-33.601,0.76876,2.2175,0.12612,0,0,0.02891
14.121,1,115.08,38.198,-33.595,0.77034,2.202,0.12615,0,0,0.029542
14.127,1,115.1,38.198,-33.592,0.77017,2.2116,0.12616,0,0,0.029528
14.133,1,114.93,38.198,-33.606,0.76648,2.287,0.1261,0,0,0.028205
14.139,1,114.74,38.199,-33.622,0.76084,2.3314,0.12602,0,0,0.026906
14.145,1,114.55,38.2,-33.64,0.75315,2.3708,0.12593,0,0,0.025428
14.15,1,114.37,38.201,-33.657,0.74419,2.3977,0.12586,0,0,0.024123
14.155,1,114.23,38.202,-33.671,0.73466,2.4072,0.1258,0,0,0.023056
14.161,1,114.13,38.203,-33.68,0.72514,2.4091,0.12575,0,0,0.022175
14.166,1,114.04,38.204,-33.688,0.71577,2.4124,0.12572,0,0,0.021358
14.171,1,113.91,38.205,-33.698,0.70642,2.4331,0.12566,0,0,0.02031
14.176,1,113.64,38.206,-33.719,0.69599,2.5095,0.12555,0,0,0.018564
14.182,1,113.48,38.208,-33.741,0.68581,2.514,0.12547,0,0,0.017571
14.187,1,113.42,38.209,-33.749,0.67682,2.4795,0.12545,0,0,0.017127
14.193,1,113.43,38.21,-33.751,0.66874,2.444,0.12544,0,0,0.017007
14.199,1,113.47,38.21,-33.749,0.66203,2.4143,0.12546,0,0,0.017057
14.205,1,113.53,38.21,-33.744,0.65642,2.387,0.12548,0,0,0.017232
14.211,1,113.6,38.21,-33.738,0.65239,2.3667,0.12551,0,0,0.017454
14.217,1,113.66,38.21,-33.731,0.64981,2.3513,0.12554,0,0,0.017699
14.223,1,113.72,38.209,-33.726,0.64864,2.3411,0.12557,0,0,0.017938
14.229,1,113.8,38.208,-33.719,0.64886,2.3216,0.1256,0,0,0.018332
14.235,1,113.89,38.207,-33.711,0.6506,2.304,0.12563,0,0,0.018812
14.241,1,113.97,38.206,-33.703,0.65373,2.294,0.12567,0,0,0.019302
14.247,1,114.04,38.205,-33.695,0.65881,2.2869,0.1257,0,0,0.0198
14.253,1,114.1,38.205,-33.689,0.66587,2.2805,0.12573,0,0,0.020341
14.259,1,114.17,38.204,-33.682,0.67335,2.2724,0.12575,0,0,0.020898
14.265,1,114.23,38.203,-33.676,0.68043,2.2639,0.12578,0,0,0.021464
14.272,1,114.3,38.202,-33.669,0.68709,2.2555,0.12581,0,0,0.022032
14.278,1,114.36,38.201,-33.663,0.69335,2.2487,0.12584,0,0,0.022585
14.284,1,114.43,38.201,-33.656,0.69924,2.2427,0.12587,0,0,0.023128
14.29,1,114.49,38.2,-33.65,0.70474,2.2371,0.12589,0,0,0.023657
14.297,1,114.55,38.199,-33.644,0.70992,2.233,0.12592,0,0,0.024158
14.303,1,114.6,38.199,-33.638,0.71479,2.2309,0.12595,0,0,0.02462
14.309,1,114.65,38.198,-33.633,0.71942,2.2324,0.12597,0,0,0.024967
14.316,1,114.66,38.197,-33.631,0.72385,2.2392,0.12598,0,0,0.025197
14.322,1,114.67,38.197,-33.629,0.72806,2.2433,0.12598,0,0,0.025394
14.328,1,114.68,38.197,-33.628,0.73208,2.2467,0.12598,0,0,0.025557
14.335,1,114.68,38.196,-33.627,0.73592,2.2499,0.12599,0,0,0.025693
14.341,1,114.67,38.196,-33.627,0.73962,2.253,0.12599,0,0,0.025804
14.347,1,114.67,38.196,-33.627,0.74317,2.255,0.12599,0,0,0.025919
14.353,1,114.68,38.196,-33.627,0.74656,2.2504,0.12599,0,0,0.026151
14.359,1,114.72,38.197,-33.624,0.74978,2.2409,0.126,0,0,0.026495
14.365,1,114.77,38.197,-33.62,0.7528,2.2345,0.12602,0,0,0.026869
14.371,1,114.81,38.197,-33.616,0.75568,2.229,0.12604,0,0,0.027235
14.377,1,114.85,38.197,-33.612,0.75841,2.2267,0.12606,0,0,0.027558
14.383,1,114.88,38.197,-33.609,0.76102,2.2262,0.12608,0,0,0.027841
14.389,1,114.92,38.197,-33.606,0.76354,2.2263,0.12609,0,0,0.028098
14.395,1,114.95,38.197,-33.604,0.76596,2.2249,0.1261,0,0,0.028363
14.401,1,114.99,38.198,-33.6,0.76821,2.2199,0.12611,0,0,0.028684
14.407,1,115.06,38.198,-33.595,0.76994,2.2066,0.12614,0,0,0.029168
14.413,1,115.11,38.197,-33.588,0.77025,2.2109,0.12616,0,0,0.029323
14.419,1,114.94,38.198,-33.598,0.76665,2.2689,0.12611,0,0,0.028218
14.425,1,114.76,38.199,-33.615,0.76098,2.3257,0.12603,0,0,0.026914
14.43,1,114.57,38.2,-33.633,0.75328,2.3632,0.12595,0,0,0.025473
14.436,1,114.39,38.201,-33.651,0.74432,2.3943,0.12587,0,0,0.02413
14.441,1,114.25,38.202,-33.665,0.73485,2.4065,0.12581,0,0,0.02304
14.447,1,114.16,38.203,-33.677,0.72532,2.4097,0.12577,0,0,0.022197
14.452,1,114.06,38.204,-33.687,0.71605,2.4104,0.12573,0,0,0.021517
14.457,1,113.96,38.205,-33.697,0.70671,2.4283,0.12568,0,0,0.020611
14.462,1,113.73,38.206,-33.717,0.69631,2.489,0.12559,0,0,0.019168
14.468,1,113.51,38.208,-33.739,0.68623,2.5188,0.12549,0,0,0.017782
14.473,1,113.43,38.209,-33.748,0.67744,2.487,0.12545,0,0,0.017165
14.479,1,113.42,38.21,-33.75,0.66966,2.4521,0.12545,0,0,0.016943
14.485,1,113.46,38.211,-33.748,0.66322,2.4201,0.12546,0,0,0.016961
14.49,1,113.52,38.211,-33.743,0.65777,2.392,0.12549,0,0,0.017112
14.496,1,113.59,38.21,-33.737,0.65332,2.3696,0.12552,0,0,0.017341
14.502,1,113.66,38.21,-33.731,0.64993,2.3532,0.12554,0,0,0.017595
14.508,1,113.72,38.209,-33.725,0.64839,2.3421,0.12557,0,0,0.017851
14.514,1,113.78,38.208,-33.719,0.64861,2.3286,0.12559,0,0,0.018178
14.521,1,113.88,38.207,-33.709,0.65039,2.3059,0.12563,0,0,0.018637
14.527,1,113.96,38.206,-33.701,0.65363,2.2951,0.12566,0,0,0.019118
14.533,1,114.03,38.205,-33.694,0.65875,2.2867,0.1257,0,0,0.019611
14.539,1,114.1,38.204,-33.687,0.66552,2.2808,0.12572,0,0,0.020126
14.545,1,114.16,38.203,-33.68,0.67307,2.2723,0.12575,0,0,0.020667
14.551,1,114.23,38.203,-33.674,0.68018,2.2639,0.12577,0,0,0.02121
14.557,1,114.3,38.202,-33.667,0.68687,2.2552,0.1258,0,0,0.021763
14.564,1,114.37,38.201,-33.66,0.69317,2.2484,0.12583,0,0,0.022312
14.57,1,114.43,38.2,-33.654,0.69909,2.2426,0.12586,0,0,0.022853
14.576,1,114.49,38.199,-33.647,0.70464,2.237,0.12588,0,0,0.023384
14.582,1,114.55,38.199,-33.641,0.70986,2.2331,0.12591,0,0,0.023901
14.589,1,114.61,38.198,-33.636,0.71476,2.2307,0.12594,0,0,0.024385
14.595,1,114.65,38.197,-33.631,0.71938,2.2317,0.12596,0,0,0.024794
14.601,1,114.67,38.197,-33.629,0.72379,2.2388,0.12598,0,0,0.025101
14.608,1,114.67,38.196,-33.627,0.72799,2.2435,0.12598,0,0,0.025326
14.614,1,114.68,38.196,-33.626,0.73201,2.247,0.12599,0,0,0.025515
14.62,1,114.68,38.196,-33.626,0.73586,2.2504,0.12599,0,0,0.025674
14.627,1,114.68,38.196,-33.626,0.73956,2.2535,0.12599,0,0,0.025805
14.633,1,114.67,38.196,-33.626,0.74307,2.2556,0.12599,0,0,0.025925
14.639,1,114.68,38.196,-33.625,0.74644,2.2522,0.12599,0,0,0.026098
14.645,1,114.72,38.196,-33.622,0.74967,2.2435,0.126,0,0,0.02637
14.651,1,114.76,38.196,-33.619,0.75271,2.2362,0.12602,0,0,0.026731
14.657,1,114.8,38.196,-33.615,0.75558,2.2298,0.12604,0,0,0.027107
14.663,1,114.84,38.196,-33.612,0.7583,2.2282,0.12606,0,0,0.027467
14.669,1,114.87,38.196,-33.609,0.76088,2.228,0.12607,0,0,0.027788
14.675,1,114.91,38.196,-33.606,0.76335,2.2287,0.12609,0,0,0.028081
14.681,1,114.94,38.197,-33.604,0.7657,2.2282,0.1261,0,0,0.028366
14.687,1,114.98,38.197,-33.601,0.76792,2.2247,0.12611,0,0,0.028689
14.693,1,115.03,38.197,-33.597,0.76979,2.2136,0.12614,0,0,0.029119
14.699,1,115.09,38.197,-33.59,0.76994,2.2029,0.12617,0,0,0.029628
14.705,1,115.01,38.197,-33.598,0.76729,2.2519,0.12613,0,0,0.029044
14.711,1,114.81,38.198,-33.615,0.76195,2.3164,0.12605,0,0,0.027697
14.716,1,114.63,38.199,-33.632,0.75478,2.3533,0.12597,0,0,0.026313
14.722,1,114.44,38.2,-33.65,0.74599,2.3892,0.12589,0,0,0.024871
14.727,1,114.29,38.201,-33.664,0.73654,2.4043,0.12582,0,0,0.023661
14.733,1,114.18,38.202,-33.675,0.72702,2.4065,0.12577,0,0,0.022696
14.738,1,114.09,38.203,-33.684,0.71782,2.4075,0.12573,0,0,0.021842
14.743,1,113.98,38.204,-33.693,0.70876,2.4216,0.12569,0,0,0.020989
14.748,1,113.8,38.205,-33.711,0.69963,2.4642,0.1256,0,0,0.019693
14.754,1,113.54,38.207,-33.735,0.68943,2.5227,0.1255,0,0,0.018129
14.759,1,113.44,38.208,-33.746,0.68036,2.4954,0.12546,0,0,0.017364
14.765,1,113.42,38.209,-33.749,0.67218,2.4593,0.12545,0,0,0.017047
14.77,1,113.45,38.209,-33.748,0.66501,2.4252,0.12546,0,0,0.017007
14.776,1,113.51,38.21,-33.743,0.65904,2.3965,0.12548,0,0,0.017116
14.782,1,113.58,38.209,-33.738,0.65433,2.3724,0.12551,0,0,0.017323
14.788,1,113.65,38.209,-33.731,0.65112,2.3554,0.12554,0,0,0.017563
14.794,1,113.71,38.208,-33.726,0.6495,2.3433,0.12557,0,0,0.017813
14.8,1,113.76,38.208,-33.72,0.64941,2.336,0.12559,0,0,0.018055
14.806,1,113.85,38.207,-33.712,0.65071,2.3104,0.12563,0,0,0.018551
14.812,1,113.93,38.206,-33.704,0.65335,2.3,0.12566,0,0,0.019021
14.819,1,114,38.205,-33.696,0.65753,2.2907,0.12569,0,0,0.019518
14.825,1,114.06,38.204,-33.69,0.66338,2.2858,0.12572,0,0,0.020013
14.831,1,114.12,38.203,-33.683,0.67084,2.2778,0.12575,0,0,0.020566
14.837,1,114.19,38.202,-33.677,0.67815,2.2701,0.12577,0,0,0.021112
14.843,1,114.25,38.202,-33.67,0.68504,2.2612,0.1258,0,0,0.021674
14.849,1,114.32,38.201,-33.664,0.69153,2.2536,0.12583,0,0,0.02223
14.856,1,114.38,38.2,-33.657,0.69763,2.2471,0.12586,0,0,0.022774
14.862,1,114.45,38.199,-33.651,0.70333,2.2407,0.12589,0,0,0.023317
14.868,1,114.51,38.199,-33.645,0.70867,2.2356,0.12591,0,0,0.023837
14.874,1,114.57,38.198,-33.639,0.71367,2.2322,0.12594,0,0,0.024322
14.881,1,114.62,38.197,-33.634,0.71838,2.2307,0.12596,0,0,0.024765
14.887,1,114.65,38.197,-33.63,0.72284,2.2345,0.12597,0,0,0.025063
14.894,1,114.66,38.196,-33.628,0.7271,2.2405,0.12598,0,0,0.025281
14.9,1,114.67,38.196,-33.627,0.73115,2.2437,0.12599,0,0,0.025471
14.906,1,114.68,38.196,-33.626,0.73502,2.2469,0.12599,0,0,0.025629
14.912,1,114.68,38.196,-33.626,0.73873,2.2498,0.12599,0,0,0.02576
14.919,1,114.68,38.196,-33.626,0.74229,2.2527,0.12599,0,0,0.025871
14.925,1,114.68,38.196,-33.626,0.74572,2.2534,0.12599,0,0,0.026008
14.931,1,114.71,38.196,-33.624,0.749,2.2453,0.126,0,0,0.026321
14.937,1,114.75,38.196,-33.621,0.75209,2.2368,0.12601,0,0,0.026688
14.943,1,114.8,38.196,-33.617,0.755,2.2299,0.12603,0,0,0.027084
14.949,1,114.84,38.196,-33.613,0.75776,2.2258,0.12605,0,0,0.027448
14.955,1,114.88,38.196,-33.61,0.76037,2.2238,0.12607,0,0,0.027778
14.961,1,114.91,38.196,-33.607,0.76286,2.2232,0.12608,0,0,0.028075
14.967,1,114.94,38.196,-33.604,0.76524,2.2221,0.1261,0,0,0.028371
14.973,1,114.98,38.197,-33.601,0.7675,2.2191,0.12611,0,0,0.028706
14.979,1,115.04,38.197,-33.597,0.76959,2.2102,0.12613,0,0,0.029181
14.985,1,115.12,38.197,-33.59,0.77132,2.1951,0.12617,0,0,0.029702
14.991,1,115.06,38.197,-33.592,0.76988,2.2442,0.12613,0,0,0.028877
14.997,1,114.86,38.197,-33.608,0.76547,2.3109,0.12605,0,0,0.027521
15.002,1,114.67,38.198,-33.624,0.75913,2.3491,0.12597,0,0,0.026091
15.008,1,114.47,38.199,-33.642,0.75098,2.3866,0.12588,0,0,0.024656
15.013,1,114.31,38.2,-33.657,0.74197,2.4032,0.12582,0,0,0.023473
15.019,1,114.19,38.201,-33.67,0.73255,2.4093,0.12577,0,0,0.022523
15.024,1,114.09,38.202,-33.679,0.72301,2.4132,0.12574,0,0,0.02167
15.029,1,113.98,38.203,-33.688,0.71355,2.4254,0.1257,0,0,0.020803
15.034,1,113.78,38.204,-33.701,0.70329,2.4757,0.12561,0,0,0.019295
15.04,1,113.54,38.206,-33.728,0.69263,2.5197,0.1255,0,0,0.017885
15.045,1,113.45,38.207,-33.743,0.68281,2.4919,0.12546,0,0,0.017255
15.051,1,113.43,38.208,-33.748,0.67376,2.4569,0.12545,0,0,0.017004
15.056,1,113.45,38.209,-33.748,0.666,2.4236,0.12546,0,0,0.016997
15.062,1,113.51,38.209,-33.744,0.65962,2.3952,0.12548,0,0,0.017125
15.068,1,113.58,38.209,-33.738,0.65445,2.3716,0.1255,0,0,0.017334
15.074,1,113.65,38.209,-33.732,0.65069,2.3546,0.12553,0,0,0.01757
15.08,1,113.71,38.208,-33.726,0.64846,2.3426,0.12556,0,0,0.017814
15.086,1,113.76,38.207,-33.721,0.64761,2.3353,0.12559,0,0,0.018078
15.092,1,113.86,38.207,-33.713,0.64856,2.31,0.12562,0,0,0.018574
15.098,1,113.94,38.206,-33.704,0.65096,2.2987,0.12566,0,0,0.019052
15.104,1,114.02,38.205,-33.696,0.65509,2.2887,0.12569,0,0,0.019555
15.111,1,114.08,38.204,-33.69,0.66109,2.2835,0.12572,0,0,0.020063
15.117,1,114.14,38.203,-33.683,0.6688,2.2753,0.12575,0,0,0.02063
15.123,1,114.21,38.202,-33.677,0.67611,2.2675,0.12577,0,0,0.021193
15.129,1,114.28,38.201,-33.67,0.683,2.2586,0.1258,0,0,0.02177
15.135,1,114.34,38.2,-33.663,0.6895,2.2513,0.12583,0,0,0.022336
15.142,1,114.41,38.2,-33.657,0.69563,2.2451,0.12586,0,0,0.022883
15.148,1,114.47,38.199,-33.65,0.70137,2.239,0.12589,0,0,0.023428
15.154,1,114.53,38.198,-33.644,0.70678,2.2346,0.12591,0,0,0.023944
15.16,1,114.59,38.197,-33.638,0.71186,2.2317,0.12594,0,0,0.024423
15.167,1,114.64,38.197,-33.633,0.71666,2.2304,0.12596,0,0,0.024846
15.173,1,114.66,38.196,-33.629,0.72124,2.2369,0.12598,0,0,0.025118
15.179,1,114.67,38.196,-33.627,0.72562,2.2425,0.12598,0,0,0.025325
15.186,1,114.68,38.195,-33.626,0.7298,2.246,0.12599,0,0,0.025502
15.192,1,114.68,38.195,-33.625,0.73379,2.2494,0.12599,0,0,0.025649
15.198,1,114.68,38.195,-33.625,0.73762,2.2526,0.12599,0,0,0.025769
15.205,1,114.67,38.195,-33.625,0.7413,2.2554,0.12599,0,0,0.02587
15.211,1,114.68,38.195,-33.625,0.74482,2.2553,0.12599,0,0,0.026002
15.217,1,114.71,38.195,-33.623,0.74812,2.2448,0.126,0,0,0.026338
15.223,1,114.75,38.195,-33.62,0.75124,2.237,0.12602,0,0,0.026701
15.229,1,114.8,38.195,-33.616,0.75419,2.2303,0.12604,0,0,0.02709
15.235,1,114.84,38.195,-33.612,0.75699,2.2276,0.12605,0,0,0.027433
15.241,1,114.87,38.196,-33.609,0.75967,2.2267,0.12607,0,0,0.027739
15.247,1,114.9,38.196,-33.606,0.76222,2.2272,0.12609,0,0,0.028005
15.253,1,114.93,38.196,-33.603,0.76466,2.2267,0.1261,0,0,0.028265
15.259,1,114.97,38.196,-33.6,0.76698,2.2242,0.12611,0,0,0.028554
15.265,1,115.02,38.196,-33.596,0.76906,2.2162,0.12614,0,0,0.028944
15.271,1,115.1,38.196,-33.588,0.77007,2.1986,0.12617,0,0,0.029515
15.277,1,115.03,38.196,-33.591,0.76813,2.2438,0.12616,0,0,0.028959
15.283,1,114.84,38.197,-33.608,0.76332,2.3134,0.12608,0,0,0.027566
15.288,1,114.65,38.198,-33.624,0.75682,2.3496,0.126,0,0,0.026198
15.294,1,114.46,38.199,-33.642,0.74846,2.3871,0.12592,0,0,0.02474
15.299,1,114.3,38.2,-33.658,0.73924,2.4034,0.12585,0,0,0.023538
15.305,1,114.19,38.201,-33.671,0.72977,2.4067,0.12579,0,0,0.022602
15.31,1,114.1,38.202,-33.681,0.72053,2.4074,0.12575,0,0,0.021845
15.315,1,114,38.204,-33.69,0.71136,2.4177,0.12571,0,0,0.021015
15.32,1,113.84,38.205,-33.704,0.70196,2.4526,0.12564,0,0,0.019856
15.326,1,113.56,38.206,-33.73,0.69153,2.5233,0.12552,0,0,0.018162
15.331,1,113.44,38.208,-33.744,0.68202,2.502,0.12546,0,0,0.017331
15.337,1,113.42,38.209,-33.749,0.67337,2.4654,0.12545,0,0,0.01699
15.342,1,113.44,38.21,-33.748,0.66599,2.4297,0.12546,0,0,0.016947
15.348,1,113.49,38.21,-33.744,0.65974,2.4002,0.12548,0,0,0.017057
15.354,1,113.56,38.21,-33.739,0.65495,2.3745,0.12551,0,0,0.017274
15.36,1,113.63,38.209,-33.732,0.65165,2.3564,0.12554,0,0,0.017525
15.366,1,113.7,38.209,-33.726,0.64946,2.3434,0.12557,0,0,0.017788
15.372,1,113.75,38.208,-33.72,0.64879,2.3358,0.12559,0,0,0.018036
15.378,1,113.84,38.207,-33.712,0.64965,2.3157,0.12562,0,0,0.018461
15.384,1,113.92,38.206,-33.704,0.65215,2.3019,0.12566,0,0,0.018929
15.39,1,113.99,38.205,-33.696,0.65622,2.2925,0.12569,0,0,0.019413
15.397,1,114.05,38.204,-33.69,0.66177,2.2867,0.12572,0,0,0.019899
15.403,1,114.11,38.203,-33.683,0.66932,2.2798,0.12575,0,0,0.020433
15.409,1,114.17,38.203,-33.677,0.67669,2.2721,0.12578,0,0,0.020961
15.415,1,114.24,38.202,-33.67,0.68365,2.2634,0.1258,0,0,0.021504
15.421,1,114.3,38.201,-33.664,0.69021,2.2554,0.12583,0,0,0.022052
15.428,1,114.37,38.2,-33.657,0.69638,2.2486,0.12586,0,0,0.022594
15.434,1,114.43,38.2,-33.651,0.70216,2.2424,0.12589,0,0,0.02313
15.44,1,114.5,38.199,-33.645,0.70759,2.2368,0.12591,0,0,0.023659
15.447,1,114.56,38.198,-33.639,0.71268,2.2328,0.12594,0,0,0.024163
15.453,1,114.61,38.198,-33.634,0.71747,2.2306,0.12596,0,0,0.024623
15.459,1,114.64,38.197,-33.63,0.722,2.2336,0.12598,0,0,0.024981
15.466,1,114.66,38.197,-33.628,0.72634,2.2403,0.12598,0,0,0.025216
15.472,1,114.67,38.196,-33.627,0.73047,2.2436,0.12599,0,0,0.025425
15.478,1,114.67,38.196,-33.626,0.73442,2.2468,0.12599,0,0,0.025599
15.485,1,114.67,38.196,-33.626,0.73821,2.2498,0.12599,0,0,0.025745
15.491,1,114.67,38.196,-33.626,0.74184,2.2527,0.12599,0,0,0.025867
15.497,1,114.67,38.196,-33.626,0.74532,2.2541,0.12599,0,0,0.025993
15.503,1,114.69,38.196,-33.624,0.74863,2.2473,0.126,0,0,0.026237
15.509,1,114.73,38.196,-33.621,0.75175,2.2381,0.12602,0,0,0.026595
15.515,1,114.78,38.196,-33.617,0.75468,2.231,0.12604,0,0,0.026984
15.521,1,114.83,38.196,-33.613,0.75746,2.2267,0.12605,0,0,0.027368
15.527,1,114.87,38.196,-33.61,0.76009,2.2252,0.12607,0,0,0.027714
15.533,1,114.9,38.197,-33.607,0.76261,2.2247,0.12609,0,0,0.028028
15.539,1,114.94,38.197,-33.604,0.76501,2.2241,0.1261,0,0,0.028326
15.545,1,114.97,38.197,-33.602,0.76729,2.2212,0.12611,0,0,0.028649
15.551,1,115.03,38.197,-33.597,0.76942,2.2137,0.12613,0,0,0.029066
15.557,1,115.13,38.197,-33.589,0.77114,2.1916,0.12617,0,0,0.029818
15.563,1,115.09,38.197,-33.591,0.77032,2.2308,0.12616,0,0,0.029473
15.569,1,114.89,38.198,-33.609,0.76622,2.3059,0.12608,0,0,0.028056
15.575,1,114.71,38.199,-33.624,0.76022,2.3416,0.126,0,0,0.026722
15.58,1,114.51,38.2,-33.643,0.75223,2.3822,0.12592,0,0,0.025218
15.586,1,114.34,38.201,-33.659,0.74322,2.4008,0.12584,0,0,0.023953
15.591,1,114.21,38.202,-33.671,0.73371,2.4079,0.12579,0,0,0.022917
15.596,1,114.12,38.203,-33.681,0.72421,2.4114,0.12575,0,0,0.02203
15.602,1,114.02,38.204,-33.69,0.71481,2.4189,0.12571,0,0,0.021167
15.607,1,113.86,38.205,-33.703,0.70512,2.4514,0.12565,0,0,0.019963
15.612,1,113.58,38.206,-33.729,0.69439,2.5213,0.12552,0,0,0.018301
15.617,1,113.46,38.208,-33.744,0.68442,2.5026,0.12547,0,0,0.017454
15.623,1,113.42,38.209,-33.749,0.67533,2.467,0.12545,0,0,0.017092
15.629,1,113.44,38.21,-33.748,0.66739,2.4312,0.12546,0,0,0.017032
15.634,1,113.49,38.21,-33.745,0.66085,2.4019,0.12548,0,0,0.017126
15.64,1,113.56,38.21,-33.739,0.65546,2.3759,0.1255,0,0,0.017329
15.646,1,113.64,38.209,-33.733,0.65163,2.3575,0.12553,0,0,0.017568
15.652,1,113.7,38.209,-33.727,0.64915,2.3439,0.12556,0,0,0.017822
15.658,1,113.76,38.208,-33.721,0.64812,2.3357,0.12559,0,0,0.018062
15.664,1,113.84,38.207,-33.714,0.64871,2.315,0.12562,0,0,0.018499
15.671,1,113.93,38.206,-33.705,0.65083,2.3008,0.12565,0,0,0.018965
15.677,1,114,38.205,-33.698,0.65461,2.2911,0.12569,0,0,0.01945
15.683,1,114.07,38.204,-33.691,0.66017,2.2857,0.12572,0,0,0.019936
15.689,1,114.13,38.203,-33.684,0.66783,2.2791,0.12574,0,0,0.020478
15.695,1,114.19,38.203,-33.678,0.67521,2.2712,0.12577,0,0,0.021017
15.701,1,114.25,38.202,-33.672,0.68218,2.2626,0.1258,0,0,0.02157
15.708,1,114.32,38.201,-33.665,0.68874,2.2544,0.12583,0,0,0.022124
15.714,1,114.38,38.2,-33.658,0.69492,2.2477,0.12585,0,0,0.022668
15.72,1,114.45,38.2,-33.652,0.70073,2.2417,0.12588,0,0,0.023207
15.726,1,114.51,38.199,-33.646,0.70618,2.2364,0.12591,0,0,0.023731
15.733,1,114.57,38.198,-33.64,0.7113,2.2327,0.12594,0,0,0.024225
15.739,1,114.62,38.198,-33.634,0.71611,2.2307,0.12596,0,0,0.024678
15.745,1,114.65,38.197,-33.631,0.72069,2.2349,0.12597,0,0,0.025
15.752,1,114.66,38.196,-33.629,0.72507,2.2412,0.12598,0,0,0.025222
15.758,1,114.67,38.196,-33.627,0.72925,2.2444,0.12599,0,0,0.025419
15.764,1,114.68,38.196,-33.626,0.73325,2.2477,0.12599,0,0,0.025582
15.771,1,114.68,38.196,-33.626,0.73708,2.2508,0.12599,0,0,0.025718
15.777,1,114.67,38.196,-33.626,0.74077,2.2538,0.12599,0,0,0.025832
15.783,1,114.67,38.196,-33.626,0.7443,2.2546,0.12599,0,0,0.025963
15.789,1,114.7,38.196,-33.625,0.74761,2.2468,0.126,0,0,0.026253
15.795,1,114.74,38.196,-33.621,0.75077,2.238,0.12601,0,0,0.026616
15.801,1,114.79,38.196,-33.617,0.75375,2.2311,0.12603,0,0,0.027009
15.807,1,114.83,38.196,-33.614,0.75658,2.227,0.12605,0,0,0.027377
15.814,1,114.87,38.197,-33.61,0.75928,2.2255,0.12607,0,0,0.027708
15.82,1,114.9,38.197,-33.607,0.76186,2.2252,0.12608,0,0,0.028006
15.825,1,114.93,38.197,-33.605,0.76432,2.2244,0.1261,0,0,0.028296
15.831,1,114.97,38.197,-33.602,0.76666,2.2219,0.12611,0,0,0.028617
15.837,1,115.02,38.197,-33.598,0.76888,2.2134,0.12613,0,0,0.029055
15.843,1,115.12,38.197,-33.591,0.77044,2.1922,0.12617,0,0,0.029692
15.849,1,115.07,38.197,-33.591,0.76952,2.2364,0.12617,0,0,0.029086
15.855,1,114.87,38.198,-33.607,0.76508,2.309,0.12609,0,0,0.027705
15.861,1,114.68,38.199,-33.623,0.75886,2.3453,0.12601,0,0,0.02631
15.866,1,114.48,38.2,-33.642,0.75073,2.3848,0.12592,0,0,0.024842
15.872,1,114.32,38.201,-33.658,0.74173,2.4022,0.12585,0,0,0.023627
15.877,1,114.2,38.202,-33.671,0.73233,2.4083,0.12579,0,0,0.022655
15.882,1,114.11,38.203,-33.681,0.72301,2.4116,0.12575,0,0,0.021786
15.888,1,114.01,38.204,-33.691,0.71369,2.4214,0.1257,0,0,0.020928
15.893,1,113.84,38.205,-33.703,0.70407,2.4581,0.12563,0,0,0.019553
15.898,1,113.57,38.207,-33.728,0.69355,2.5231,0.12553,0,0,0.018027
15.904,1,113.45,38.208,-33.744,0.68388,2.5005,0.12547,0,0,0.017327
15.909,1,113.42,38.21,-33.75,0.67518,2.4655,0.12545,0,0,0.017037
15.915,1,113.44,38.21,-33.75,0.66739,2.429,0.12545,0,0,0.017016
15.921,1,113.5,38.211,-33.747,0.66092,2.4008,0.12547,0,0,0.017129
15.926,1,113.57,38.211,-33.741,0.65574,2.3748,0.1255,0,0,0.017335
15.932,1,113.64,38.21,-33.735,0.6519,2.357,0.12553,0,0,0.017571
15.938,1,113.7,38.21,-33.729,0.64939,2.3436,0.12556,0,0,0.017816
15.944,1,113.76,38.209,-33.723,0.64838,2.3358,0.12558,0,0,0.018049
15.951,1,113.84,38.208,-33.716,0.64898,2.3162,0.12561,0,0,0.018487
15.957,1,113.92,38.207,-33.707,0.65117,2.3012,0.12565,0,0,0.018956
15.963,1,114,38.206,-33.699,0.65496,2.2916,0.12569,0,0,0.019445
15.969,1,114.06,38.205,-33.692,0.66041,2.2857,0.12572,0,0,0.019938
15.975,1,114.12,38.204,-33.685,0.66781,2.2791,0.12574,0,0,0.02049
15.981,1,114.18,38.204,-33.679,0.67521,2.2715,0.12577,0,0,0.021038
15.987,1,114.25,38.203,-33.672,0.6822,2.263,0.1258,0,0,0.021599
15.993,1,114.31,38.202,-33.666,0.68878,2.255,0.12583,0,0,0.02216
16,1,114.38,38.201,-33.659,0.69498,2.2484,0.12586,0,0,0.022706
16.006,1,114.44,38.2,-33.653,0.70079,2.2423,0.12588,0,0,0.023247
16.012,1,114.51,38.2,-33.646,0.70626,2.2368,0.12591,0,0,0.02377
16.019,1,114.56,38.199,-33.641,0.71139,2.2328,0.12594,0,0,0.024266
16.025,1,114.62,38.198,-33.635,0.71621,2.2307,0.12596,0,0,0.024721
16.031,1,114.65,38.198,-33.631,0.72078,2.234,0.12597,0,0,0.025047
16.038,1,114.66,38.197,-33.629,0.72516,2.2408,0.12598,0,0,0.025265
16.044,1,114.67,38.197,-33.628,0.72933,2.2443,0.12599,0,0,0.02546
16.05,1,114.68,38.197,-33.627,0.73332,2.2477,0.12599,0,0,0.025621
16.057,1,114.68,38.196,-33.627,0.73714,2.2508,0.12599,0,0,0.025755
16.063,1,114.67,38.196,-33.627,0.74083,2.2537,0.12599,0,0,0.025865
16.069,1,114.67,38.197,-33.627,0.74437,2.2547,0.12599,0,0,0.025986
16.075,1,114.69,38.197,-33.626,0.74771,2.2483,0.12599,0,0,0.026249
16.081,1,114.73,38.197,-33.622,0.75085,2.2391,0.12601,0,0,0.026601
16.087,1,114.78,38.197,-33.619,0.75383,2.2322,0.12603,0,0,0.026981
16.093,1,114.82,38.197,-33.615,0.75664,2.2279,0.12605,0,0,0.027342
16.099,1,114.86,38.197,-33.612,0.75933,2.2263,0.12607,0,0,0.027662
16.105,1,114.89,38.197,-33.609,0.76191,2.2259,0.12608,0,0,0.027944
16.111,1,114.93,38.198,-33.607,0.76436,2.2259,0.12609,0,0,0.028205
16.117,1,114.96,38.198,-33.604,0.76669,2.2238,0.1261,0,0,0.028481
16.123,1,115.01,38.198,-33.601,0.76887,2.2173,0.12612,0,0,0.028833
16.129,1,115.09,38.198,-33.595,0.77044,2.2,0.12615,0,0,0.029399
16.135,1,115.09,38.198,-33.592,0.76976,2.2229,0.12616,0,0,0.029319
16.141,1,114.9,38.198,-33.605,0.76565,2.3011,0.1261,0,0,0.027925
16.147,1,114.72,38.199,-33.621,0.75967,2.336,0.12602,0,0,0.026646
16.152,1,114.52,38.2,-33.639,0.75166,2.3772,0.12594,0,0,0.025165
16.158,1,114.35,38.201,-33.656,0.74264,2.3988,0.12586,0,0,0.023883
16.163,1,114.22,38.203,-33.67,0.73315,2.407,0.1258,0,0,0.022852
16.169,1,114.13,38.204,-33.68,0.72373,2.4079,0.12576,0,0,0.02205
16.174,1,114.04,38.205,-33.688,0.71451,2.412,0.12572,0,0,0.021345
16.179,1,113.91,38.205,-33.699,0.7052,2.4355,0.12567,0,0,0.020399
16.184,1,113.63,38.207,-33.72,0.69467,2.5161,0.12558,0,0,0.018606
16.19,1,113.47,38.208,-33.74,0.68489,2.5089,0.12548,0,0,0.017533
16.195,1,113.42,38.21,-33.749,0.67611,2.4744,0.12545,0,0,0.017065
16.201,1,113.43,38.21,-33.751,0.66822,2.4389,0.12545,0,0,0.016927
16.207,1,113.48,38.211,-33.748,0.66155,2.4104,0.12546,0,0,0.016967
16.212,1,113.54,38.211,-33.743,0.65628,2.3835,0.12549,0,0,0.017136
16.218,1,113.61,38.21,-33.737,0.65231,2.3644,0.12552,0,0,0.017356
16.224,1,113.67,38.21,-33.731,0.64986,2.3497,0.12555,0,0,0.017603
16.23,1,113.73,38.209,-33.725,0.64872,2.3404,0.12557,0,0,0.017845
16.236,1,113.81,38.208,-33.718,0.64923,2.3216,0.1256,0,0,0.018236
16.243,1,113.89,38.208,-33.709,0.65111,2.3041,0.12564,0,0,0.018721
16.249,1,113.98,38.207,-33.702,0.6545,2.2938,0.12567,0,0,0.019216
16.255,1,114.04,38.206,-33.694,0.65975,2.287,0.12571,0,0,0.019719
16.261,1,114.11,38.205,-33.688,0.66698,2.2806,0.12573,0,0,0.020261
16.267,1,114.17,38.204,-33.681,0.67439,2.2725,0.12576,0,0,0.020815
16.273,1,114.23,38.203,-33.675,0.68142,2.264,0.12579,0,0,0.021377
16.279,1,114.3,38.202,-33.668,0.68803,2.2556,0.12581,0,0,0.021945
16.286,1,114.37,38.202,-33.662,0.69425,2.2487,0.12584,0,0,0.0225
16.292,1,114.43,38.201,-33.656,0.7001,2.2427,0.12587,0,0,0.023044
16.298,1,114.5,38.2,-33.649,0.70559,2.237,0.1259,0,0,0.023577
16.305,1,114.55,38.199,-33.643,0.71075,2.233,0.12592,0,0,0.024083
16.311,1,114.61,38.199,-33.638,0.71561,2.2307,0.12595,0,0,0.024549
16.317,1,114.65,38.198,-33.633,0.72021,2.2324,0.12597,0,0,0.024924
16.324,1,114.66,38.198,-33.63,0.72462,2.2393,0.12598,0,0,0.025167
16.33,1,114.67,38.197,-33.629,0.72882,2.2433,0.12598,0,0,0.02537
16.336,1,114.68,38.197,-33.628,0.73284,2.2467,0.12599,0,0,0.025541
16.342,1,114.68,38.197,-33.627,0.73669,2.2499,0.12599,0,0,0.025683
16.349,1,114.67,38.197,-33.627,0.74038,2.2529,0.12599,0,0,0.025801
16.355,1,114.67,38.197,-33.627,0.74394,2.2548,0.12599,0,0,0.025913
16.361,1,114.69,38.197,-33.626,0.74731,2.2506,0.12599,0,0,0.026115
16.367,1,114.73,38.197,-33.623,0.75049,2.2408,0.12601,0,0,0.026457
16.373,1,114.77,38.197,-33.62,0.75349,2.2338,0.12602,0,0,0.02683
16.379,1,114.81,38.197,-33.616,0.75634,2.2286,0.12604,0,0,0.027209
16.385,1,114.85,38.197,-33.612,0.75905,2.2269,0.12606,0,0,0.027544
16.391,1,114.88,38.197,-33.609,0.76163,2.2264,0.12608,0,0,0.027842
16.397,1,114.91,38.197,-33.607,0.76411,2.2267,0.12609,0,0,0.02811
16.403,1,114.94,38.198,-33.604,0.76647,2.2255,0.1261,0,0,0.028383
16.409,1,114.98,38.198,-33.601,0.76872,2.2213,0.12612,0,0,0.028705
16.415,1,115.05,38.198,-33.595,0.77026,2.2084,0.12615,0,0,0.029169
16.421,1,115.1,38.198,-33.589,0.77044,2.2094,0.12618,0,0,0.029503
16.427,1,114.95,38.198,-33.599,0.76693,2.2758,0.12613,0,0,0.028501
16.433,1,114.77,38.199,-33.616,0.76117,2.3267,0.12605,0,0,0.02715
16.438,1,114.58,38.2,-33.634,0.75342,2.3671,0.12596,0,0,0.025697
16.444,1,114.39,38.201,-33.652,0.74438,2.3963,0.12588,0,0,0.024303
16.449,1,114.25,38.202,-33.666,0.73481,2.4076,0.12582,0,0,0.023169
16.455,1,114.15,38.203,-33.677,0.72521,2.4089,0.12577,0,0,0.022291
16.46,1,114.05,38.204,-33.687,0.71593,2.4125,0.12572,0,0,0.02147
16.465,1,113.94,38.205,-33.698,0.70666,2.4268,0.12568,0,0,0.020637
16.47,1,113.71,38.207,-33.718,0.69652,2.4916,0.12558,0,0,0.019135
16.476,1,113.5,38.208,-33.74,0.68645,2.5186,0.12549,0,0,0.017765
16.481,1,113.42,38.209,-33.748,0.67757,2.4853,0.12545,0,0,0.017166
16.487,1,113.42,38.21,-33.75,0.66952,2.4499,0.12545,0,0,0.01694
16.492,1,113.45,38.211,-33.748,0.66267,2.4184,0.12546,0,0,0.016947
16.498,1,113.51,38.211,-33.743,0.65708,2.3909,0.12549,0,0,0.017085
16.504,1,113.58,38.21,-33.737,0.65287,2.3693,0.12552,0,0,0.0173
16.51,1,113.65,38.21,-33.731,0.65003,2.3535,0.12555,0,0,0.01754
16.516,1,113.71,38.209,-33.725,0.64861,2.3427,0.12557,0,0,0.017786
16.522,1,113.77,38.209,-33.719,0.64862,2.3298,0.1256,0,0,0.018085
16.528,1,113.86,38.208,-33.71,0.65037,2.307,0.12564,0,0,0.01858
16.534,1,113.95,38.207,-33.702,0.65355,2.2963,0.12567,0,0,0.019065
16.54,1,114.02,38.206,-33.694,0.65866,2.2879,0.12571,0,0,0.01957
16.547,1,114.08,38.205,-33.688,0.66535,2.282,0.12573,0,0,0.020086
16.553,1,114.15,38.204,-33.681,0.67287,2.2735,0.12576,0,0,0.020645
16.559,1,114.22,38.203,-33.675,0.67999,2.265,0.12579,0,0,0.021204
16.565,1,114.28,38.202,-33.668,0.6867,2.2562,0.12582,0,0,0.021775
16.571,1,114.35,38.201,-33.661,0.69298,2.2491,0.12585,0,0,0.022336
16.578,1,114.42,38.201,-33.655,0.69887,2.2433,0.12587,0,0,0.02288
16.584,1,114.48,38.2,-33.648,0.7044,2.2374,0.1259,0,0,0.023421
16.59,1,114.54,38.199,-33.642,0.7096,2.2332,0.12593,0,0,0.023935
16.596,1,114.59,38.198,-33.636,0.71449,2.2307,0.12595,0,0,0.024412
16.603,1,114.64,38.198,-33.632,0.71912,2.2309,0.12597,0,0,0.024833
16.609,1,114.65,38.197,-33.629,0.72354,2.2374,0.12598,0,0,0.025106
16.615,1,114.66,38.197,-33.628,0.72776,2.2423,0.12599,0,0,0.025315
16.622,1,114.67,38.196,-33.627,0.7318,2.2458,0.12599,0,0,0.025494
16.628,1,114.67,38.196,-33.626,0.73567,2.2491,0.12599,0,0,0.025643
16.634,1,114.67,38.196,-33.626,0.73936,2.2522,0.12599,0,0,0.025765
16.641,1,114.67,38.196,-33.626,0.74291,2.255,0.12599,0,0,0.025869
16.647,1,114.67,38.196,-33.626,0.74634,2.2536,0.12599,0,0,0.026004
16.653,1,114.71,38.196,-33.623,0.74955,2.2434,0.126,0,0,0.026333
16.659,1,114.75,38.196,-33.62,0.7526,2.2361,0.12602,0,0,0.026697
16.665,1,114.8,38.197,-33.616,0.75547,2.2299,0.12604,0,0,0.027089
16.671,1,114.84,38.197,-33.612,0.75821,2.2273,0.12606,0,0,0.027438
16.677,1,114.87,38.197,-33.609,0.76083,2.2264,0.12607,0,0,0.027752
16.683,1,114.9,38.197,-33.607,0.76333,2.2269,0.12609,0,0,0.028028
16.689,1,114.93,38.197,-33.605,0.76571,2.2263,0.1261,0,0,0.028299
16.695,1,114.97,38.197,-33.602,0.76797,2.2234,0.12611,0,0,0.028602
16.701,1,115.02,38.197,-33.598,0.76978,2.2145,0.12613,0,0,0.029014
16.707,1,115.11,38.197,-33.59,0.77054,2.1979,0.12617,0,0,0.02959
16.713,1,115.03,38.198,-33.596,0.76826,2.2483,0.12614,0,0,0.028987
16.718,1,114.83,38.198,-33.613,0.76305,2.3146,0.12606,0,0,0.027602
16.724,1,114.65,38.199,-33.63,0.75599,2.352,0.12598,0,0,0.026216
16.73,1,114.45,38.2,-33.648,0.74726,2.3887,0.1259,0,0,0.024754
16.735,1,114.3,38.201,-33.663,0.73785,2.4041,0.12583,0,0,0.023547
16.74,1,114.18,38.203,-33.675,0.72828,2.4067,0.12578,0,0,0.022597
16.746,1,114.1,38.203,-33.684,0.71894,2.4098,0.12574,0,0,0.021784
16.751,1,113.99,38.204,-33.692,0.7097,2.4207,0.1257,0,0,0.020931
16.756,1,113.82,38.205,-33.709,0.70033,2.4597,0.12563,0,0,0.01969
16.761,1,113.56,38.207,-33.733,0.68998,2.5218,0.12551,0,0,0.018094
16.767,1,113.44,38.208,-33.745,0.68078,2.4978,0.12546,0,0,0.017323
16.772,1,113.42,38.209,-33.749,0.6724,2.4615,0.12545,0,0,0.017006
16.778,1,113.45,38.21,-33.748,0.66508,2.427,0.12546,0,0,0.01697
16.784,1,113.5,38.21,-33.744,0.65895,2.398,0.12548,0,0,0.017084
16.79,1,113.57,38.21,-33.738,0.65432,2.3735,0.12551,0,0,0.017298
16.796,1,113.64,38.209,-33.732,0.65139,2.356,0.12554,0,0,0.017544
16.802,1,113.7,38.209,-33.726,0.64928,2.3435,0.12556,0,0,0.0178
16.808,1,113.76,38.208,-33.721,0.64884,2.336,0.12559,0,0,0.018044
16.814,1,113.85,38.207,-33.713,0.65005,2.312,0.12562,0,0,0.01851
16.82,1,113.93,38.206,-33.705,0.65268,2.3003,0.12566,0,0,0.01898
16.826,1,114,38.205,-33.698,0.6569,2.2909,0.12569,0,0,0.019472
16.832,1,114.06,38.204,-33.691,0.66282,2.286,0.12572,0,0,0.019962
16.838,1,114.12,38.204,-33.685,0.6704,2.2787,0.12574,0,0,0.020505
16.845,1,114.18,38.203,-33.678,0.6777,2.2712,0.12577,0,0,0.021041
16.851,1,114.25,38.202,-33.672,0.68458,2.2624,0.1258,0,0,0.021594
16.857,1,114.31,38.201,-33.665,0.69104,2.2548,0.12583,0,0,0.022146
16.863,1,114.37,38.201,-33.659,0.6971,2.2481,0.12585,0,0,0.022688
16.87,1,114.44,38.2,-33.652,0.70278,2.2417,0.12588,0,0,0.023227
16.876,1,114.5,38.199,-33.646,0.70812,2.2364,0.12591,0,0,0.023751
16.882,1,114.56,38.198,-33.64,0.71312,2.2326,0.12593,0,0,0.024245
16.889,1,114.61,38.198,-33.635,0.71783,2.2308,0.12596,0,0,0.024698
16.895,1,114.64,38.197,-33.631,0.72231,2.2346,0.12597,0,0,0.025025
16.901,1,114.66,38.197,-33.629,0.72659,2.2408,0.12598,0,0,0.025249
16.908,1,114.67,38.196,-33.627,0.73067,2.2439,0.12598,0,0,0.025448
16.914,1,114.68,38.196,-33.627,0.73456,2.2471,0.12599,0,0,0.025614
16.92,1,114.68,38.196,-33.626,0.7383,2.2501,0.12599,0,0,0.025752
16.926,1,114.67,38.196,-33.626,0.74192,2.2529,0.12599,0,0,0.025867
16.933,1,114.67,38.196,-33.626,0.74538,2.2537,0.12599,0,0,0.025996
16.939,1,114.7,38.196,-33.624,0.74865,2.2459,0.126,0,0,0.026272
16.945,1,114.74,38.196,-33.621,0.75174,2.2372,0.12601,0,0,0.026632
16.951,1,114.79,38.196,-33.617,0.75465,2.2304,0.12603,0,0,0.027022
16.957,1,114.84,38.196,-33.613,0.75742,2.2261,0.12605,0,0,0.027395
16.963,1,114.87,38.196,-33.61,0.76005,2.2242,0.12607,0,0,0.02773
16.969,1,114.91,38.197,-33.607,0.76257,2.2236,0.12608,0,0,0.028032
16.975,1,114.94,38.197,-33.604,0.76497,2.2227,0.1261,0,0,0.028324
16.981,1,114.98,38.197,-33.601,0.76724,2.2196,0.12611,0,0,0.028644
16.987,1,115.03,38.197,-33.597,0.76935,2.2117,0.12613,0,0,0.029071
16.993,1,115.13,38.197,-33.59,0.77101,2.1908,0.12617,0,0,0.029771
16.998,1,115.07,38.197,-33.591,0.76968,2.2412,0.12617,0,0,0.029257
17.004,1,114.87,38.198,-33.607,0.76533,2.31,0.12609,0,0,0.027867
17.01,1,114.68,38.198,-33.623,0.75906,2.3481,0.12601,0,0,0.026493
17.016,1,114.48,38.199,-33.642,0.75096,2.3863,0.12592,0,0,0.025009
17.021,1,114.32,38.201,-33.658,0.74198,2.4032,0.12585,0,0,0.023771
17.026,1,114.19,38.202,-33.671,0.73262,2.4088,0.12579,0,0,0.022768
17.032,1,114.09,38.203,-33.681,0.72315,2.4147,0.12575,0,0,0.02188
17.037,1,113.98,38.204,-33.691,0.7137,2.4222,0.12571,0,0,0.021016
17.042,1,113.81,38.205,-33.704,0.70351,2.4619,0.12564,0,0,0.019715
17.047,1,113.54,38.206,-33.729,0.69284,2.5211,0.12553,0,0,0.018136
17.053,1,113.44,38.208,-33.744,0.68305,2.4984,0.12547,0,0,0.017372
17.058,1,113.42,38.209,-33.749,0.67404,2.4622,0.12545,0,0,0.017054
17.064,1,113.45,38.21,-33.749,0.66626,2.4268,0.12545,0,0,0.017016
17.07,1,113.51,38.21,-33.745,0.65978,2.3978,0.12547,0,0,0.017123
17.076,1,113.58,38.21,-33.739,0.65479,2.3727,0.1255,0,0,0.01733
17.082,1,113.65,38.209,-33.733,0.65134,2.3551,0.12553,0,0,0.017568
17.088,1,113.71,38.209,-33.727,0.64886,2.3425,0.12556,0,0,0.017817
17.094,1,113.76,38.208,-33.721,0.64781,2.3351,0.12559,0,0,0.018053
17.1,1,113.85,38.207,-33.713,0.64858,2.3117,0.12562,0,0,0.018516
17.106,1,113.93,38.206,-33.704,0.65087,2.2992,0.12566,0,0,0.018983
17.112,1,114.01,38.205,-33.696,0.6549,2.2894,0.12569,0,0,0.019475
17.118,1,114.07,38.204,-33.689,0.66076,2.2845,0.12572,0,0,0.019965
17.124,1,114.14,38.203,-33.682,0.6685,2.2772,0.12575,0,0,0.020519
17.131,1,114.2,38.202,-33.676,0.67585,2.2697,0.12578,0,0,0.021063
17.137,1,114.27,38.201,-33.669,0.68278,2.2609,0.12581,0,0,0.021624
17.143,1,114.33,38.201,-33.663,0.68931,2.2533,0.12584,0,0,0.022181
17.149,1,114.39,38.2,-33.656,0.69546,2.2469,0.12586,0,0,0.022727
17.156,1,114.46,38.199,-33.649,0.70123,2.2406,0.12589,0,0,0.023269
17.162,1,114.52,38.198,-33.643,0.70666,2.2357,0.12592,0,0,0.023791
17.168,1,114.58,38.198,-33.637,0.71176,2.2324,0.12594,0,0,0.024281
17.175,1,114.63,38.197,-33.632,0.71656,2.2303,0.12597,0,0,0.02473
17.181,1,114.65,38.196,-33.629,0.72114,2.2363,0.12598,0,0,0.025034
17.187,1,114.66,38.196,-33.627,0.72551,2.2419,0.12598,0,0,0.025254
17.194,1,114.67,38.195,-33.626,0.72969,2.2453,0.12599,0,0,0.025446
17.2,1,114.68,38.195,-33.626,0.73368,2.2486,0.12599,0,0,0.025605
17.206,1,114.68,38.195,-33.625,0.7375,2.2517,0.12599,0,0,0.025737
17.212,1,114.67,38.195,-33.626,0.74118,2.2545,0.12599,0,0,0.025848
17.219,1,114.67,38.195,-33.626,0.7447,2.2547,0.12599,0,0,0.025981
17.225,1,114.7,38.195,-33.623,0.74801,2.245,0.126,0,0,0.026285
17.231,1,114.75,38.195,-33.62,0.75114,2.2369,0.12602,0,0,0.02665
17.237,1,114.79,38.196,-33.616,0.75409,2.2301,0.12604,0,0,0.027043
17.243,1,114.84,38.196,-33.612,0.75689,2.2266,0.12605,0,0,0.027406
17.249,1,114.88,38.196,-33.609,0.75957,2.2253,0.12607,0,0,0.027733
17.255,1,114.91,38.196,-33.607,0.76213,2.2249,0.12608,0,0,0.028026
17.261,1,114.94,38.196,-33.604,0.76457,2.2241,0.1261,0,0,0.028313
17.267,1,114.98,38.196,-33.602,0.76688,2.2206,0.12611,0,0,0.028633
17.273,1,115.04,38.196,-33.598,0.76901,2.212,0.12613,0,0,0.029075
17.279,1,115.12,38.196,-33.59,0.77018,2.1969,0.12617,0,0,0.029673
17.285,1,115.04,38.197,-33.592,0.76833,2.2494,0.12615,0,0,0.029021
17.29,1,114.84,38.197,-33.61,0.76362,2.314,0.12607,0,0,0.027649
17.296,1,114.66,38.198,-33.626,0.75697,2.3529,0.12599,0,0,0.02625
17.302,1,114.46,38.199,-33.644,0.7486,2.3889,0.1259,0,0,0.024792
17.307,1,114.3,38.2,-33.66,0.73946,2.4047,0.12583,0,0,0.023585
17.312,1,114.18,38.202,-33.672,0.73003,2.4089,0.12578,0,0,0.022622
17.318,1,114.08,38.203,-33.681,0.72061,2.4135,0.12574,0,0,0.021762
17.323,1,113.97,38.203,-33.69,0.71132,2.4251,0.1257,0,0,0.020904
17.328,1,113.78,38.204,-33.702,0.70174,2.474,0.12564,0,0,0.01954
17.333,1,113.53,38.206,-33.728,0.6916,2.5218,0.12553,0,0,0.018019
17.339,1,113.44,38.207,-33.744,0.68199,2.4927,0.12546,0,0,0.017315
17.344,1,113.42,38.209,-33.75,0.67328,2.4581,0.12544,0,0,0.017022
17.35,1,113.45,38.209,-33.749,0.6657,2.4238,0.12545,0,0,0.016998
17.356,1,113.51,38.21,-33.746,0.65938,2.3956,0.12547,0,0,0.017114
17.362,1,113.58,38.209,-33.74,0.65445,2.3717,0.1255,0,0,0.017323
17.368,1,113.64,38.209,-33.734,0.65092,2.3548,0.12553,0,0,0.017562
17.374,1,113.71,38.209,-33.728,0.6488,2.3426,0.12556,0,0,0.017811
17.38,1,113.76,38.208,-33.722,0.64796,2.3357,0.12558,0,0,0.018046
17.386,1,113.85,38.207,-33.715,0.64896,2.3121,0.12561,0,0,0.018509
17.392,1,113.93,38.206,-33.707,0.65152,2.2998,0.12565,0,0,0.018979
17.398,1,114.01,38.205,-33.699,0.65562,2.2903,0.12568,0,0,0.019473
17.404,1,114.07,38.204,-33.692,0.6615,2.285,0.12571,0,0,0.019967
17.41,1,114.13,38.203,-33.685,0.66911,2.2777,0.12574,0,0,0.020522
17.417,1,114.2,38.203,-33.679,0.67644,2.2698,0.12577,0,0,0.021069
17.423,1,114.26,38.202,-33.673,0.68337,2.261,0.12579,0,0,0.021632
17.429,1,114.33,38.201,-33.666,0.6899,2.2533,0.12582,0,0,0.022192
17.435,1,114.39,38.2,-33.659,0.69605,2.2468,0.12585,0,0,0.022738
17.442,1,114.46,38.2,-33.653,0.70181,2.2407,0.12588,0,0,0.02328
17.448,1,114.52,38.199,-33.647,0.70723,2.2357,0.12591,0,0,0.023803
17.454,1,114.58,38.198,-33.641,0.71232,2.2321,0.12593,0,0,0.024295
17.461,1,114.63,38.198,-33.635,0.71711,2.2303,0.12596,0,0,0.024749
17.467,1,114.65,38.197,-33.631,0.72167,2.2352,0.12597,0,0,0.025059
17.473,1,114.67,38.197,-33.629,0.72603,2.2414,0.12598,0,0,0.025278
17.48,1,114.67,38.196,-33.628,0.73019,2.2448,0.12598,0,0,0.02547
17.486,1,114.68,38.196,-33.627,0.73416,2.2482,0.12599,0,0,0.02563
17.492,1,114.68,38.196,-33.626,0.73798,2.2513,0.12599,0,0,0.025762
17.498,1,114.67,38.196,-33.626,0.74164,2.2542,0.12599,0,0,0.025872
17.505,1,114.67,38.196,-33.626,0.74516,2.2549,0.12599,0,0,0.025999
17.511,1,114.7,38.196,-33.625,0.74846,2.2465,0.12599,0,0,0.026283
17.517,1,114.74,38.196,-33.622,0.75158,2.2379,0.12601,0,0,0.026641
17.523,1,114.79,38.196,-33.618,0.75452,2.2311,0.12603,0,0,0.027027
17.529,1,114.83,38.196,-33.614,0.75732,2.2277,0.12605,0,0,0.027388
17.535,1,114.87,38.197,-33.611,0.75999,2.2264,0.12607,0,0,0.027711
17.541,1,114.9,38.197,-33.608,0.76253,2.2266,0.12608,0,0,0.027997
17.547,1,114.93,38.197,-33.605,0.76497,2.2262,0.12609,0,0,0.02827
17.553,1,114.96,38.197,-33.603,0.76727,2.2239,0.12611,0,0,0.028566
17.559,1,115,38.197,-33.599,0.76939,2.2182,0.12613,0,0,0.028956
17.565,1,115.1,38.197,-33.592,0.77072,2.1974,0.12616,0,0,0.029638
17.57,1,115.07,38.197,-33.59,0.76963,2.232,0.12617,0,0,0.029282
17.576,1,114.87,38.198,-33.603,0.76503,2.3079,0.12611,0,0,0.027857
17.582,1,114.7,38.198,-33.619,0.75876,2.3423,0.12603,0,0,0.026535
17.588,1,114.49,38.199,-33.637,0.75053,2.383,0.12595,0,0,0.025042
17.593,1,114.33,38.201,-33.654,0.74144,2.4015,0.12587,0,0,0.023799
17.599,1,114.21,38.202,-33.668,0.73194,2.4072,0.12581,0,0,0.022805
17.604,1,114.12,38.203,-33.678,0.72255,2.4077,0.12576,0,0,0.022007
17.609,1,114.03,38.204,-33.688,0.71333,2.4126,0.12572,0,0,0.021187
17.614,1,113.9,38.205,-33.7,0.70392,2.4392,0.12566,0,0,0.020088
17.62,1,113.61,38.206,-33.721,0.69342,2.5219,0.12557,0,0,0.018344
17.625,1,113.46,38.208,-33.74,0.68385,2.5066,0.12548,0,0,0.017441
17.63,1,113.42,38.209,-33.748,0.67521,2.4708,0.12545,0,0,0.017059
17.636,1,113.44,38.21,-33.749,0.66746,2.4344,0.12545,0,0,0.016989
17.642,1,113.49,38.21,-33.746,0.66106,2.4063,0.12547,0,0,0.017072
17.648,1,113.55,38.21,-33.741,0.656,2.3798,0.1255,0,0,0.017272
17.654,1,113.62,38.21,-33.735,0.65224,2.3617,0.12553,0,0,0.01751
17.66,1,113.68,38.209,-33.728,0.64995,2.3478,0.12556,0,0,0.017766
17.666,1,113.74,38.208,-33.722,0.64895,2.3393,0.12558,0,0,0.018009
17.672,1,113.81,38.208,-33.716,0.64956,2.3217,0.12561,0,0,0.018394
17.678,1,113.89,38.207,-33.707,0.65164,2.3041,0.12565,0,0,0.018864
17.684,1,113.97,38.206,-33.699,0.65526,2.294,0.12568,0,0,0.019343
17.69,1,114.04,38.205,-33.692,0.6606,2.2872,0.12571,0,0,0.019829
17.696,1,114.1,38.204,-33.686,0.66789,2.2813,0.12574,0,0,0.020353
17.702,1,114.16,38.203,-33.68,0.6753,2.2737,0.12576,0,0,0.020887
17.709,1,114.22,38.202,-33.674,0.68231,2.2652,0.12579,0,0,0.021432
17.715,1,114.29,38.201,-33.667,0.68891,2.2569,0.12582,0,0,0.021986
17.721,1,114.36,38.201,-33.661,0.69512,2.2498,0.12585,0,0,0.022532
17.727,1,114.42,38.2,-33.654,0.70096,2.2437,0.12587,0,0,0.023069
17.734,1,114.48,38.199,-33.648,0.70641,2.2377,0.1259,0,0,0.0236
17.74,1,114.54,38.199,-33.642,0.71153,2.2335,0.12593,0,0,0.024106
17.746,1,114.6,38.198,-33.636,0.71634,2.2312,0.12595,0,0,0.02457
17.753,1,114.64,38.197,-33.632,0.7209,2.2324,0.12597,0,0,0.024943
17.759,1,114.65,38.197,-33.629,0.72526,2.2392,0.12598,0,0,0.025186
17.765,1,114.66,38.196,-33.628,0.72942,2.2431,0.12598,0,0,0.025394
17.772,1,114.67,38.196,-33.627,0.7334,2.2464,0.12599,0,0,0.025568
17.778,1,114.68,38.196,-33.626,0.73722,2.2495,0.12599,0,0,0.025714
17.784,1,114.67,38.196,-33.626,0.74089,2.2525,0.12599,0,0,0.025835
17.79,1,114.67,38.196,-33.626,0.74442,2.2542,0.12599,0,0,0.025955
17.797,1,114.68,38.196,-33.625,0.74777,2.2502,0.12599,0,0,0.026179
17.803,1,114.72,38.196,-33.622,0.75093,2.24,0.12601,0,0,0.026531
17.809,1,114.77,38.196,-33.618,0.75391,2.2327,0.12603,0,0,0.026914
17.815,1,114.82,38.196,-33.614,0.75674,2.2274,0.12605,0,0,0.027297
17.821,1,114.86,38.197,-33.61,0.75943,2.2255,0.12607,0,0,0.02764
17.827,1,114.9,38.197,-33.607,0.762,2.2249,0.12608,0,0,0.027948
17.833,1,114.93,38.197,-33.604,0.76447,2.2247,0.1261,0,0,0.028235
17.839,1,114.96,38.197,-33.601,0.7668,2.2228,0.12612,0,0,0.028538
17.845,1,115.01,38.197,-33.597,0.769,2.2167,0.12614,0,0,0.028916
17.851,1,115.09,38.197,-33.589,0.77068,2.1991,0.12618,0,0,0.029529
17.857,1,115.1,38.197,-33.589,0.77036,2.2147,0.12618,0,0,0.029481
17.862,1,114.93,38.198,-33.606,0.76669,2.2918,0.12609,0,0,0.028127
17.868,1,114.75,38.199,-33.622,0.761,2.3315,0.12602,0,0,0.02685
17.874,1,114.55,38.2,-33.64,0.75321,2.3734,0.12593,0,0,0.025366
17.879,1,114.38,38.201,-33.657,0.74424,2.3969,0.12586,0,0,0.024066
17.885,1,114.24,38.202,-33.67,0.73474,2.4066,0.1258,0,0,0.023002
17.89,1,114.13,38.203,-33.681,0.72518,2.4103,0.12575,0,0,0.022129
17.895,1,114.04,38.204,-33.691,0.71588,2.4124,0.12571,0,0,0.021343
17.901,1,113.91,38.205,-33.705,0.70645,2.438,0.12564,0,0,0.020314
17.906,1,113.63,38.207,-33.731,0.69622,2.5159,0.12553,0,0,0.018563
17.911,1,113.47,38.209,-33.745,0.68606,2.5082,0.12547,0,0,0.017561
17.917,1,113.42,38.21,-33.75,0.67708,2.4739,0.12545,0,0,0.017119
17.922,1,113.44,38.21,-33.749,0.66901,2.4383,0.12546,0,0,0.017
17.928,1,113.48,38.211,-33.745,0.66209,2.4095,0.12548,0,0,0.01705
17.934,1,113.55,38.211,-33.74,0.65646,2.3826,0.12551,0,0,0.017225
17.94,1,113.61,38.21,-33.733,0.65227,2.3634,0.12554,0,0,0.017448
17.946,1,113.68,38.21,-33.727,0.64951,2.3487,0.12556,0,0,0.017695
17.952,1,113.74,38.209,-33.721,0.64826,2.3395,0.12559,0,0,0.017935
17.958,1,113.82,38.208,-33.713,0.64866,2.3182,0.12562,0,0,0.018346
17.964,1,113.91,38.207,-33.705,0.65051,2.3022,0.12566,0,0,0.018826
17.97,1,113.98,38.206,-33.697,0.65386,2.2918,0.1257,0,0,0.019318
17.976,1,114.05,38.205,-33.69,0.65904,2.2855,0.12573,0,0,0.019816
17.983,1,114.12,38.204,-33.683,0.66625,2.2786,0.12575,0,0,0.02036
17.989,1,114.18,38.203,-33.677,0.67367,2.2705,0.12578,0,0,0.020913
17.995,1,114.25,38.202,-33.67,0.6807,2.2619,0.12581,0,0,0.021475
18.001,1,114.31,38.201,-33.663,0.6873,2.2538,0.12584,0,0,0.022041
18.007,1,114.38,38.201,-33.657,0.69353,2.2472,0.12587,0,0,0.022593
18.014,1,114.44,38.2,-33.65,0.69937,2.2413,0.12589,0,0,0.023135
18.02,1,114.51,38.199,-33.644,0.70485,2.2361,0.12592,0,0,0.023663
18.026,1,114.57,38.198,-33.638,0.71001,2.2324,0.12594,0,0,0.024165
18.033,1,114.62,38.198,-33.633,0.71487,2.2304,0.12597,0,0,0.024624
18.039,1,114.65,38.197,-33.629,0.7195,2.2339,0.12598,0,0,0.02497
18.045,1,114.66,38.197,-33.628,0.72393,2.2408,0.12599,0,0,0.025195
18.052,1,114.67,38.196,-33.627,0.72815,2.2443,0.12599,0,0,0.025394
18.058,1,114.67,38.196,-33.626,0.73221,2.2478,0.12599,0,0,0.025558
18.064,1,114.68,38.196,-33.626,0.7361,2.2509,0.12599,0,0,0.025694
18.07,1,114.67,38.196,-33.626,0.73984,2.254,0.12599,0,0,0.025806
18.077,1,114.67,38.196,-33.626,0.74342,2.2554,0.12599,0,0,0.025923
18.083,1,114.69,38.196,-33.624,0.7468,2.2493,0.126,0,0,0.02616
18.089,1,114.73,38.196,-33.621,0.74998,2.2402,0.12601,0,0,0.026506
18.095,1,114.78,38.196,-33.617,0.75298,2.2335,0.12603,0,0,0.026881
18.101,1,114.82,38.196,-33.613,0.75583,2.2291,0.12605,0,0,0.027247
18.107,1,114.86,38.196,-33.61,0.75854,2.2279,0.12607,0,0,0.027569
18.113,1,114.89,38.196,-33.608,0.76114,2.2281,0.12608,0,0,0.027852
18.119,1,114.92,38.197,-33.606,0.76363,2.2285,0.12609,0,0,0.02811
18.125,1,114.95,38.197,-33.603,0.766,2.2275,0.1261,0,0,0.028376
18.131,1,114.99,38.197,-33.6,0.76824,2.223,0.12612,0,0,0.028703
18.137,1,115.06,38.197,-33.595,0.76973,2.209,0.12615,0,0,0.029192
18.143,1,115.08,38.197,-33.592,0.76955,2.2129,0.12616,0,0,0.02937
18.148,1,114.93,38.198,-33.606,0.76579,2.2832,0.12609,0,0,0.028172
18.154,1,114.74,38.198,-33.623,0.7598,2.3312,0.12601,0,0,0.026836
18.16,1,114.55,38.2,-33.641,0.75188,2.3714,0.12592,0,0,0.025361
18.165,1,114.37,38.201,-33.658,0.74272,2.3987,0.12585,0,0,0.024013
18.171,1,114.23,38.202,-33.671,0.73311,2.4084,0.12579,0,0,0.022934
18.176,1,114.13,38.203,-33.68,0.72362,2.4073,0.12575,0,0,0.022113
18.181,1,114.05,38.204,-33.688,0.7143,2.411,0.12572,0,0,0.021394
18.187,1,113.94,38.205,-33.699,0.7052,2.4252,0.12567,0,0,0.020536
18.192,1,113.7,38.206,-33.721,0.6954,2.4936,0.12556,0,0,0.018944
18.197,1,113.48,38.208,-33.742,0.68528,2.5205,0.12547,0,0,0.017606
18.203,1,113.41,38.209,-33.75,0.67644,2.4841,0.12544,0,0,0.017058
18.208,1,113.41,38.21,-33.751,0.66852,2.4488,0.12544,0,0,0.016866
18.214,1,113.45,38.21,-33.748,0.66195,2.4162,0.12546,0,0,0.016901
18.22,1,113.52,38.21,-33.743,0.65662,2.3893,0.12549,0,0,0.017058
18.226,1,113.59,38.21,-33.737,0.65265,2.3679,0.12552,0,0,0.017286
18.232,1,113.65,38.209,-33.731,0.65014,2.3525,0.12554,0,0,0.017536
18.238,1,113.71,38.209,-33.725,0.649,2.3422,0.12557,0,0,0.017787
18.244,1,113.78,38.208,-33.719,0.64924,2.3295,0.1256,0,0,0.018127
18.25,1,113.87,38.207,-33.711,0.65113,2.3073,0.12563,0,0,0.018623
18.256,1,113.95,38.206,-33.703,0.65441,2.2969,0.12567,0,0,0.019114
18.262,1,114.02,38.205,-33.695,0.65938,2.2885,0.1257,0,0,0.019623
18.269,1,114.08,38.205,-33.689,0.666,2.2828,0.12573,0,0,0.020153
18.275,1,114.14,38.204,-33.683,0.67352,2.2742,0.12575,0,0,0.020713
18.281,1,114.21,38.203,-33.676,0.68066,2.2658,0.12578,0,0,0.021276
18.287,1,114.28,38.202,-33.669,0.68737,2.2568,0.12581,0,0,0.02185
18.293,1,114.35,38.202,-33.663,0.6937,2.2497,0.12584,0,0,0.02241
18.3,1,114.41,38.201,-33.656,0.69963,2.2438,0.12587,0,0,0.022957
18.306,1,114.48,38.2,-33.65,0.70519,2.2376,0.1259,0,0,0.023497
18.312,1,114.54,38.2,-33.644,0.71041,2.2333,0.12592,0,0,0.024009
18.319,1,114.59,38.199,-33.638,0.71531,2.2306,0.12595,0,0,0.024484
18.325,1,114.64,38.198,-33.633,0.71991,2.2302,0.12597,0,0,0.024888
18.331,1,114.66,38.198,-33.631,0.7243,2.2368,0.12598,0,0,0.02515
18.338,1,114.67,38.197,-33.629,0.72848,2.2417,0.12598,0,0,0.025357
18.344,1,114.67,38.197,-33.628,0.73248,2.2452,0.12599,0,0,0.025533
18.35,1,114.68,38.197,-33.627,0.73633,2.2484,0.12599,0,0,0.025679
18.356,1,114.67,38.197,-33.627,0.74002,2.2515,0.12599,0,0,0.0258
18.363,1,114.67,38.197,-33.627,0.74357,2.2543,0.12599,0,0,0.025906
18.369,1,114.68,38.197,-33.627,0.74698,2.2537,0.12599,0,0,0.026067
18.375,1,114.71,38.197,-33.624,0.75018,2.2428,0.126,0,0,0.026392
18.381,1,114.76,38.197,-33.621,0.75321,2.2357,0.12602,0,0,0.026756
18.387,1,114.8,38.197,-33.617,0.75607,2.2292,0.12604,0,0,0.027139
18.393,1,114.84,38.198,-33.613,0.75878,2.2265,0.12606,0,0,0.02748
18.399,1,114.88,38.198,-33.61,0.76137,2.2255,0.12608,0,0,0.027785
18.405,1,114.91,38.198,-33.607,0.76385,2.2258,0.12609,0,0,0.028054
18.411,1,114.94,38.198,-33.605,0.76622,2.2251,0.1261,0,0,0.028319
18.417,1,114.97,38.198,-33.602,0.76845,2.2221,0.12612,0,0,0.028617
18.423,1,115.03,38.198,-33.597,0.77025,2.2131,0.12614,0,0,0.02902
18.429,1,115.12,38.198,-33.589,0.77118,2.1957,0.12618,0,0,0.029561
18.435,1,115.04,38.198,-33.596,0.76893,2.2485,0.12614,0,0,0.028929
18.44,1,114.84,38.199,-33.613,0.76385,2.3137,0.12606,0,0,0.027547
18.446,1,114.66,38.2,-33.63,0.75683,2.3515,0.12598,0,0,0.026158
18.452,1,114.46,38.201,-33.649,0.74815,2.3883,0.12589,0,0,0.024702
18.457,1,114.3,38.202,-33.664,0.73875,2.404,0.12583,0,0,0.023501
18.462,1,114.18,38.203,-33.676,0.72918,2.4085,0.12578,0,0,0.022561
18.468,1,114.09,38.204,-33.686,0.71972,2.4122,0.12573,0,0,0.021761
18.473,1,113.98,38.205,-33.696,0.71038,2.4235,0.12569,0,0,0.020915
18.478,1,113.81,38.206,-33.713,0.70061,2.4633,0.12561,0,0,0.019699
18.483,1,113.55,38.208,-33.736,0.69008,2.5206,0.1255,0,0,0.018092
18.489,1,113.44,38.209,-33.747,0.68057,2.4964,0.12546,0,0,0.017308
18.494,1,113.42,38.21,-33.75,0.67183,2.46,0.12545,0,0,0.016988
18.5,1,113.45,38.211,-33.748,0.66467,2.4266,0.12546,0,0,0.016949
18.506,1,113.51,38.211,-33.744,0.65857,2.3974,0.12548,0,0,0.017063
18.512,1,113.58,38.21,-33.738,0.65391,2.3732,0.12551,0,0,0.017278
18.518,1,113.65,38.21,-33.732,0.65065,2.3557,0.12554,0,0,0.017526
18.524,1,113.71,38.209,-33.725,0.64878,2.3434,0.12557,0,0,0.017785
18.53,1,113.76,38.209,-33.72,0.64834,2.3358,0.12559,0,0,0.018027
18.536,1,113.86,38.208,-33.711,0.64959,2.3096,0.12564,0,0,0.018519
18.542,1,113.94,38.207,-33.703,0.65225,2.2992,0.12567,0,0,0.018988
18.548,1,114.01,38.206,-33.695,0.65658,2.2898,0.1257,0,0,0.019483
18.554,1,114.07,38.205,-33.689,0.6627,2.2851,0.12573,0,0,0.019973
18.561,1,114.13,38.204,-33.682,0.67033,2.2775,0.12576,0,0,0.020516
18.567,1,114.2,38.203,-33.676,0.67757,2.27,0.12578,0,0,0.02105
18.573,1,114.26,38.202,-33.669,0.68439,2.2613,0.12581,0,0,0.021602
18.579,1,114.33,38.201,-33.663,0.69083,2.2538,0.12584,0,0,0.022152
18.585,1,114.39,38.201,-33.656,0.69688,2.2473,0.12587,0,0,0.022693
18.592,1,114.46,38.2,-33.65,0.70257,2.2409,0.12589,0,0,0.023233
18.598,1,114.52,38.199,-33.644,0.70791,2.2359,0.12592,0,0,0.023756
18.604,1,114.57,38.198,-33.638,0.71293,2.2325,0.12595,0,0,0.024247
18.611,1,114.62,38.198,-33.633,0.71766,2.2306,0.12597,0,0,0.0247
18.617,1,114.65,38.197,-33.63,0.72217,2.2358,0.12598,0,0,0.025019
18.623,1,114.66,38.197,-33.628,0.72647,2.2414,0.12598,0,0,0.025245
18.63,1,114.67,38.196,-33.627,0.73059,2.2446,0.12599,0,0,0.025444
18.636,1,114.67,38.196,-33.626,0.73452,2.2478,0.12599,0,0,0.02561
18.642,1,114.68,38.196,-33.626,0.7383,2.2508,0.12599,0,0,0.025749
18.648,1,114.67,38.196,-33.626,0.74194,2.2535,0.12599,0,0,0.025866
18.655,1,114.68,38.196,-33.626,0.74542,2.2538,0.12599,0,0,0.026001
18.661,1,114.71,38.196,-33.623,0.74869,2.2442,0.126,0,0,0.026293
18.667,1,114.75,38.196,-33.619,0.75179,2.2362,0.12602,0,0,0.026659
18.673,1,114.8,38.196,-33.615,0.75471,2.2292,0.12604,0,0,0.027057
18.679,1,114.84,38.197,-33.611,0.75749,2.2254,0.12606,0,0,0.027432
18.685,1,114.88,38.197,-33.608,0.76013,2.2236,0.12608,0,0,0.027774
18.691,1,114.92,38.197,-33.605,0.76266,2.223,0.12609,0,0,0.028085
18.697,1,114.95,38.197,-33.602,0.76506,2.2214,0.12611,0,0,0.028392
18.703,1,115,38.197,-33.599,0.76737,2.2175,0.12613,0,0,0.028737
18.709,1,115.06,38.197,-33.593,0.76941,2.2067,0.12616,0,0,0.029215
18.715,1,115.14,38.197,-33.587,0.77058,2.1965,0.12619,0,0,0.029801
18.72,1,115.01,38.197,-33.599,0.7685,2.2605,0.12612,0,0,0.029016
18.726,1,114.82,38.198,-33.616,0.76386,2.3177,0.12604,0,0,0.027663
18.732,1,114.63,38.199,-33.635,0.75719,2.3585,0.12596,0,0,0.026237
18.738,1,114.44,38.201,-33.653,0.74887,2.3916,0.12587,0,0,0.024789
18.743,1,114.28,38.202,-33.667,0.73978,2.4062,0.12581,0,0,0.023584
18.748,1,114.17,38.203,-33.679,0.73035,2.4115,0.12576,0,0,0.022597
18.754,1,114.06,38.204,-33.688,0.72096,2.4163,0.12572,0,0,0.021685
18.759,1,113.95,38.205,-33.7,0.71157,2.4293,0.12567,0,0,0.020819
18.764,1,113.71,38.207,-33.723,0.70112,2.4937,0.12556,0,0,0.019266
18.769,1,113.5,38.208,-33.742,0.69062,2.5182,0.12547,0,0,0.017907
18.775,1,113.43,38.209,-33.75,0.68101,2.4861,0.12544,0,0,0.017284
18.78,1,113.43,38.21,-33.751,0.67246,2.4513,0.12544,0,0,0.017035
18.786,1,113.46,38.211,-33.749,0.66486,2.4192,0.12546,0,0,0.017023
18.792,1,113.52,38.211,-33.744,0.65851,2.3916,0.12549,0,0,0.017146
18.798,1,113.59,38.211,-33.737,0.65359,2.3694,0.12552,0,0,0.017348
18.804,1,113.66,38.21,-33.731,0.65006,2.3533,0.12555,0,0,0.017578
18.81,1,113.72,38.209,-33.725,0.648,2.3421,0.12557,0,0,0.017815
18.816,1,113.78,38.209,-33.718,0.64741,2.3293,0.1256,0,0,0.018104
18.822,1,113.88,38.208,-33.709,0.64864,2.3059,0.12564,0,0,0.018596
18.828,1,113.96,38.207,-33.701,0.65139,2.2949,0.12568,0,0,0.019079
18.834,1,114.04,38.205,-33.693,0.65591,2.2863,0.12571,0,0,0.019583
18.84,1,114.1,38.204,-33.686,0.66239,2.2806,0.12574,0,0,0.0201
18.846,1,114.17,38.204,-33.679,0.67003,2.272,0.12577,0,0,0.020674
18.853,1,114.24,38.203,-33.672,0.67726,2.2636,0.1258,0,0,0.021245
18.859,1,114.3,38.202,-33.665,0.68408,2.2548,0.12583,0,0,0.021827
18.865,1,114.37,38.201,-33.658,0.6905,2.2479,0.12586,0,0,0.022395
18.871,1,114.43,38.2,-33.652,0.69655,2.2423,0.12589,0,0,0.022942
18.878,1,114.5,38.199,-33.645,0.70223,2.2368,0.12591,0,0,0.023482
18.884,1,114.56,38.199,-33.639,0.70757,2.2329,0.12594,0,0,0.023994
18.89,1,114.61,38.198,-33.634,0.7126,2.2306,0.12596,0,0,0.024467
18.897,1,114.65,38.197,-33.63,0.71737,2.2317,0.12598,0,0,0.024868
18.903,1,114.67,38.197,-33.628,0.72192,2.2387,0.12599,0,0,0.025123
18.909,1,114.68,38.196,-33.627,0.72626,2.2436,0.12599,0,0,0.025323
18.916,1,114.68,38.196,-33.626,0.73042,2.2472,0.12599,0,0,0.025492
18.922,1,114.68,38.196,-33.626,0.73439,2.2507,0.12599,0,0,0.025631
18.928,1,114.68,38.196,-33.626,0.73818,2.2539,0.12599,0,0,0.025743
18.934,1,114.67,38.196,-33.626,0.74178,2.2565,0.12599,0,0,0.025842
18.94,1,114.68,38.196,-33.625,0.74523,2.2538,0.12599,0,0,0.025997
18.947,1,114.72,38.196,-33.622,0.74851,2.2435,0.12601,0,0,0.026325
18.953,1,114.76,38.196,-33.619,0.7516,2.2367,0.12602,0,0,0.026683
18.959,1,114.8,38.196,-33.615,0.75452,2.2313,0.12604,0,0,0.027057
18.965,1,114.84,38.196,-33.612,0.7573,2.2299,0.12606,0,0,0.027383
18.971,1,114.87,38.196,-33.61,0.75996,2.2297,0.12607,0,0,0.027669
18.977,1,114.89,38.197,-33.608,0.76252,2.2308,0.12608,0,0,0.027913
18.983,1,114.91,38.197,-33.606,0.76497,2.2311,0.12609,0,0,0.028147
18.989,1,114.94,38.197,-33.604,0.7673,2.2294,0.1261,0,0,0.028403
18.994,1,114.98,38.197,-33.6,0.76877,2.2225,0.12612,0,0,0.028734
19,1,115.07,38.197,-33.593,0.76931,2.2033,0.12616,0,0,0.029311
19.006,1,115.02,38.197,-33.598,0.76712,2.2442,0.12613,0,0,0.028929
19.012,1,114.82,38.198,-33.615,0.76179,2.3147,0.12605,0,0,0.027518
19.018,1,114.65,38.199,-33.631,0.75475,2.348,0.12597,0,0,0.026242
19.023,1,114.45,38.2,-33.649,0.74607,2.3861,0.12589,0,0,0.024791
19.029,1,114.3,38.201,-33.663,0.73673,2.4023,0.12583,0,0,0.023587
19.034,1,114.19,38.202,-33.674,0.72726,2.4048,0.12578,0,0,0.022654
19.039,1,114.13,38.203,-33.681,0.7181,2.3988,0.12575,0,0,0.021984
19.045,1,114.05,38.204,-33.688,0.70916,2.4043,0.12572,0,0,0.021299
19.05,1,113.92,38.205,-33.7,0.70014,2.4313,0.12566,0,0,0.020364
19.055,1,113.62,38.206,-33.728,0.69005,2.5209,0.12553,0,0,0.018539
19.06,1,113.47,38.207,-33.743,0.68098,2.5073,0.12547,0,0,0.01749
19.066,1,113.42,38.208,-33.749,0.6728,2.4717,0.12545,0,0,0.017042
19.072,1,113.44,38.209,-33.748,0.66585,2.437,0.12545,0,0,0.016926
19.078,1,113.48,38.209,-33.745,0.66009,2.4078,0.12547,0,0,0.016991
19.084,1,113.55,38.209,-33.74,0.65579,2.3817,0.1255,0,0,0.017179
19.09,1,113.61,38.209,-33.734,0.65267,2.3632,0.12553,0,0,0.017413
19.096,1,113.67,38.209,-33.728,0.65087,2.3492,0.12555,0,0,0.017668
19.102,1,113.72,38.208,-33.723,0.65034,2.3404,0.12558,0,0,0.017913
19.108,1,113.79,38.207,-33.717,0.65119,2.3253,0.1256,0,0,0.018257
19.114,1,113.87,38.207,-33.709,0.65352,2.307,0.12564,0,0,0.018733
19.12,1,113.95,38.206,-33.701,0.65731,2.2971,0.12567,0,0,0.019211
19.126,1,114.01,38.205,-33.694,0.6628,2.2898,0.1257,0,0,0.019702
19.132,1,114.07,38.204,-33.688,0.67026,2.2839,0.12573,0,0,0.020218
19.138,1,114.13,38.203,-33.682,0.67756,2.2758,0.12575,0,0,0.020752
19.144,1,114.19,38.203,-33.676,0.68444,2.2673,0.12578,0,0,0.021295
19.151,1,114.26,38.202,-33.67,0.69092,2.2586,0.12581,0,0,0.02185
19.157,1,114.33,38.201,-33.663,0.69701,2.2513,0.12584,0,0,0.0224
19.163,1,114.39,38.201,-33.657,0.70272,2.2449,0.12586,0,0,0.022939
19.169,1,114.46,38.2,-33.65,0.70808,2.2384,0.12589,0,0,0.023479
19.176,1,114.52,38.199,-33.644,0.71311,2.2338,0.12592,0,0,0.023994
19.182,1,114.58,38.199,-33.639,0.71784,2.231,0.12594,0,0,0.02447
19.188,1,114.62,38.198,-33.634,0.7223,2.2305,0.12596,0,0,0.024889
19.195,1,114.65,38.198,-33.631,0.72655,2.2367,0.12597,0,0,0.025164
19.201,1,114.66,38.197,-33.63,0.7306,2.2411,0.12598,0,0,0.02538
19.207,1,114.67,38.197,-33.628,0.73449,2.2444,0.12598,0,0,0.025566
19.214,1,114.67,38.197,-33.628,0.73821,2.2475,0.12599,0,0,0.025722
19.22,1,114.67,38.197,-33.627,0.7418,2.2504,0.12599,0,0,0.025851
19.226,1,114.67,38.197,-33.628,0.74527,2.253,0.12599,0,0,0.025962
19.232,1,114.68,38.197,-33.627,0.74858,2.2518,0.12599,0,0,0.026111
19.238,1,114.72,38.197,-33.624,0.7517,2.2405,0.12601,0,0,0.026451
19.244,1,114.76,38.197,-33.62,0.75464,2.2332,0.12602,0,0,0.026827
19.25,1,114.81,38.197,-33.616,0.75742,2.2269,0.12605,0,0,0.02723
19.256,1,114.86,38.198,-33.612,0.76006,2.224,0.12607,0,0,0.027594
19.262,1,114.9,38.198,-33.608,0.76259,2.2225,0.12608,0,0,0.027928
19.268,1,114.93,38.198,-33.605,0.76499,2.222,0.1261,0,0,0.028232
19.274,1,114.96,38.198,-33.602,0.76728,2.2202,0.12611,0,0,0.028543
19.28,1,115.01,38.198,-33.598,0.76942,2.2149,0.12613,0,0,0.028908
19.286,1,115.09,38.198,-33.592,0.77127,2.2012,0.12617,0,0,0.029451
19.292,1,115.13,38.198,-33.588,0.77171,2.2046,0.12619,0,0,0.029771
19.298,1,114.95,38.199,-33.604,0.76837,2.2856,0.12611,0,0,0.028593
19.304,1,114.78,38.199,-33.62,0.76301,2.3274,0.12603,0,0,0.027279
19.309,1,114.57,38.2,-33.639,0.75559,2.3693,0.12594,0,0,0.025803
19.315,1,114.39,38.202,-33.656,0.74684,2.3963,0.12586,0,0,0.024417
19.32,1,114.25,38.203,-33.67,0.73746,2.4078,0.1258,0,0,0.023272
19.326,1,114.13,38.204,-33.681,0.72787,2.414,0.12575,0,0,0.022311
19.331,1,114.04,38.205,-33.691,0.71835,2.4169,0.12571,0,0,0.021492
19.336,1,113.91,38.206,-33.703,0.70857,2.4352,0.12565,0,0,0.020539
19.341,1,113.64,38.208,-33.729,0.69755,2.5115,0.12554,0,0,0.018846
19.347,1,113.48,38.209,-33.744,0.68706,2.511,0.12547,0,0,0.017682
19.352,1,113.43,38.21,-33.75,0.67746,2.4772,0.12545,0,0,0.017158
19.358,1,113.43,38.211,-33.75,0.66892,2.4423,0.12545,0,0,0.016978
19.364,1,113.48,38.211,-33.747,0.66168,2.4118,0.12547,0,0,0.016999
19.37,1,113.54,38.211,-33.741,0.65585,2.3851,0.1255,0,0,0.017151
19.376,1,113.61,38.21,-33.735,0.65176,2.3652,0.12553,0,0,0.017364
19.382,1,113.67,38.21,-33.729,0.64865,2.3504,0.12556,0,0,0.017605
19.388,1,113.73,38.209,-33.723,0.64711,2.3406,0.12558,0,0,0.017847
19.394,1,113.83,38.208,-33.714,0.64737,2.3153,0.12562,0,0,0.018314
19.4,1,113.92,38.207,-33.705,0.64921,2.3004,0.12566,0,0,0.018804
19.406,1,114,38.206,-33.696,0.65278,2.2894,0.1257,0,0,0.019315
19.412,1,114.07,38.205,-33.689,0.65824,2.2833,0.12573,0,0,0.019826
19.418,1,114.14,38.204,-33.682,0.66592,2.2751,0.12576,0,0,0.020403
19.424,1,114.21,38.203,-33.675,0.67337,2.2669,0.12579,0,0,0.020979
19.431,1,114.28,38.202,-33.668,0.6804,2.2578,0.12582,0,0,0.021568
19.437,1,114.34,38.201,-33.661,0.68702,2.2502,0.12585,0,0,0.022148
19.443,1,114.41,38.2,-33.654,0.69327,2.2442,0.12588,0,0,0.022709
19.449,1,114.48,38.199,-33.647,0.69913,2.2382,0.1259,0,0,0.023263
19.456,1,114.54,38.198,-33.641,0.70465,2.234,0.12593,0,0,0.023788
19.462,1,114.59,38.198,-33.636,0.70984,2.2311,0.12595,0,0,0.024279
19.468,1,114.64,38.197,-33.631,0.71473,2.2301,0.12597,0,0,0.024727
19.475,1,114.66,38.196,-33.628,0.7194,2.2366,0.12598,0,0,0.025016
19.481,1,114.67,38.196,-33.627,0.72386,2.2425,0.12599,0,0,0.025227
19.488,1,114.68,38.195,-33.626,0.72812,2.2462,0.12599,0,0,0.025408
19.494,1,114.68,38.195,-33.625,0.73219,2.2498,0.12599,0,0,0.025558
19.5,1,114.68,38.195,-33.625,0.7361,2.2531,0.12599,0,0,0.02568
19.506,1,114.67,38.195,-33.626,0.73985,2.2561,0.12599,0,0,0.025782
19.513,1,114.67,38.195,-33.626,0.74344,2.2564,0.12599,0,0,0.025906
19.519,1,114.7,38.195,-33.623,0.7468,2.2466,0.126,0,0,0.026207
19.525,1,114.74,38.195,-33.619,0.74998,2.2391,0.12602,0,0,0.02656
19.531,1,114.79,38.196,-33.615,0.75298,2.2326,0.12604,0,0,0.026939
19.537,1,114.83,38.196,-33.612,0.75584,2.2298,0.12605,0,0,0.027282
19.543,1,114.86,38.196,-33.609,0.75857,2.2291,0.12607,0,0,0.027584
19.549,1,114.89,38.196,-33.607,0.7612,2.23,0.12608,0,0,0.027844
19.555,1,114.91,38.196,-33.605,0.7637,2.2303,0.12609,0,0,0.028087
19.561,1,114.94,38.196,-33.603,0.7661,2.229,0.1261,0,0,0.028346
19.567,1,114.98,38.197,-33.6,0.76823,2.2227,0.12612,0,0,0.028681
19.573,1,115.06,38.197,-33.592,0.76941,2.2059,0.12616,0,0,0.029246
19.578,1,115.05,38.197,-33.595,0.76811,2.2309,0.12614,0,0,0.029091
19.584,1,114.85,38.198,-33.613,0.76334,2.3111,0.12606,0,0,0.027659
19.59,1,114.67,38.199,-33.629,0.7569,2.3437,0.12598,0,0,0.026374
19.596,1,114.47,38.2,-33.647,0.74849,2.3843,0.1259,0,0,0.024893
19.601,1,114.31,38.201,-33.663,0.73923,2.4024,0.12583,0,0,0.023644
19.607,1,114.2,38.202,-33.674,0.72968,2.407,0.12578,0,0,0.022663
19.612,1,114.12,38.203,-33.681,0.72046,2.4036,0.12575,0,0,0.021949
19.617,1,114.04,38.204,-33.689,0.71151,2.4052,0.12571,0,0,0.021272
19.622,1,113.92,38.205,-33.701,0.70258,2.4277,0.12566,0,0,0.020357
19.628,1,113.65,38.206,-33.728,0.69254,2.5091,0.12553,0,0,0.01861
19.633,1,113.46,38.208,-33.744,0.68309,2.5181,0.12546,0,0,0.017468
19.638,1,113.41,38.209,-33.75,0.67479,2.4797,0.12544,0,0,0.017
19.644,1,113.42,38.21,-33.75,0.66743,2.4434,0.12545,0,0,0.016866
19.65,1,113.46,38.21,-33.747,0.66121,2.4128,0.12547,0,0,0.016921
19.656,1,113.52,38.21,-33.741,0.65635,2.386,0.12549,0,0,0.017098
19.662,1,113.59,38.21,-33.736,0.65286,2.366,0.12552,0,0,0.017329
19.668,1,113.65,38.209,-33.73,0.65053,2.3514,0.12555,0,0,0.017582
19.674,1,113.71,38.209,-33.724,0.64956,2.3416,0.12557,0,0,0.01783
19.68,1,113.77,38.208,-33.718,0.65013,2.3285,0.1256,0,0,0.018159
19.686,1,113.86,38.207,-33.71,0.65223,2.3073,0.12564,0,0,0.018646
19.692,1,113.94,38.206,-33.702,0.65576,2.2972,0.12567,0,0,0.019131
19.698,1,114.01,38.206,-33.695,0.66096,2.289,0.1257,0,0,0.019632
19.704,1,114.07,38.205,-33.689,0.66802,2.2835,0.12573,0,0,0.020153
19.71,1,114.14,38.204,-33.683,0.67544,2.275,0.12575,0,0,0.020703
19.716,1,114.2,38.203,-33.677,0.68246,2.2666,0.12578,0,0,0.021257
19.723,1,114.27,38.203,-33.67,0.68906,2.2577,0.12581,0,0,0.021824
19.729,1,114.33,38.202,-33.663,0.69527,2.2504,0.12584,0,0,0.022381
19.735,1,114.4,38.201,-33.657,0.7011,2.2443,0.12587,0,0,0.022924
19.741,1,114.46,38.201,-33.651,0.70656,2.2379,0.12589,0,0,0.023466
19.748,1,114.53,38.2,-33.644,0.71169,2.2335,0.12592,0,0,0.02398
19.754,1,114.58,38.199,-33.639,0.71651,2.2307,0.12595,0,0,0.024458
19.76,1,114.63,38.199,-33.634,0.72107,2.2302,0.12597,0,0,0.024877
19.767,1,114.65,38.198,-33.631,0.72541,2.2366,0.12598,0,0,0.025151
19.773,1,114.66,38.198,-33.63,0.72957,2.2414,0.12598,0,0,0.025363
19.779,1,114.67,38.197,-33.628,0.73355,2.2448,0.12599,0,0,0.025544
19.786,1,114.67,38.197,-33.628,0.73736,2.2481,0.12599,0,0,0.025696
19.792,1,114.67,38.197,-33.628,0.74102,2.2511,0.12599,0,0,0.025821
19.798,1,114.67,38.197,-33.628,0.74455,2.2539,0.12599,0,0,0.025927
19.804,1,114.68,38.197,-33.628,0.74793,2.2534,0.12599,0,0,0.026064
19.811,1,114.71,38.197,-33.624,0.7511,2.242,0.126,0,0,0.0264
19.817,1,114.76,38.198,-33.621,0.7541,2.2346,0.12602,0,0,0.026769
19.823,1,114.8,38.198,-33.616,0.75693,2.228,0.12604,0,0,0.027166
19.829,1,114.85,38.198,-33.613,0.75963,2.2253,0.12606,0,0,0.02752
19.835,1,114.88,38.198,-33.61,0.76219,2.224,0.12608,0,0,0.027841
19.841,1,114.92,38.198,-33.607,0.76464,2.224,0.12609,0,0,0.028126
19.847,1,114.95,38.198,-33.604,0.76695,2.2227,0.12611,0,0,0.02841
19.853,1,114.99,38.198,-33.601,0.76913,2.2188,0.12612,0,0,0.028733
19.859,1,115.05,38.198,-33.595,0.77086,2.2083,0.12615,0,0,0.029183
19.864,1,115.13,38.198,-33.588,0.7715,2.1975,0.12618,0,0,0.029682
19.87,1,115.01,38.198,-33.599,0.7688,2.2618,0.12613,0,0,0.028875
19.876,1,114.82,38.199,-33.616,0.76351,2.3194,0.12605,0,0,0.027504
19.882,1,114.62,38.2,-33.634,0.75634,2.3593,0.12597,0,0,0.02608
19.887,1,114.43,38.201,-33.651,0.74754,2.392,0.12588,0,0,0.024641
19.893,1,114.28,38.202,-33.666,0.73806,2.4058,0.12582,0,0,0.023453
19.898,1,114.17,38.203,-33.677,0.72837,2.4099,0.12577,0,0,0.022501
19.903,1,114.06,38.204,-33.688,0.71876,2.4161,0.12572,0,0,0.021661
19.909,1,113.96,38.205,-33.698,0.7093,2.4267,0.12567,0,0,0.020792
19.914,1,113.73,38.207,-33.72,0.69889,2.487,0.12557,0,0,0.019368
19.919,1,113.51,38.208,-33.74,0.68836,2.518,0.12548,0,0,0.017908
19.925,1,113.43,38.209,-33.748,0.67891,2.486,0.12545,0,0,0.017233
19.93,1,113.43,38.21,-33.75,0.67032,2.4505,0.12545,0,0,0.016972
19.936,1,113.46,38.21,-33.747,0.6631,2.4186,0.12547,0,0,0.016961
19.942,1,113.52,38.21,-33.742,0.65722,2.3911,0.12549,0,0,0.017091
19.948,1,113.59,38.21,-33.736,0.65282,2.3692,0.12552,0,0,0.017305
19.954,1,113.66,38.209,-33.73,0.64982,2.3533,0.12555,0,0,0.017549
19.96,1,113.72,38.209,-33.724,0.64798,2.3424,0.12557,0,0,0.0178
19.966,1,113.78,38.208,-33.718,0.64792,2.3296,0.1256,0,0,0.018127
19.972,1,113.88,38.207,-33.709,0.64948,2.3069,0.12564,0,0,0.01862
19.978,1,113.96,38.206,-33.7,0.65259,2.2963,0.12568,0,0,0.019106
19.984,1,114.03,38.205,-33.693,0.65736,2.2876,0.12571,0,0,0.019609
19.991,1,114.09,38.204,-33.686,0.66416,2.2823,0.12574,0,0,0.02013
19.997,1,114.16,38.203,-33.679,0.67171,2.2736,0.12576,0,0,0.020688
20.003,1,114.22,38.202,-33.673,0.67886,2.2653,0.12579,0,0,0.021246
20.009,1,114.29,38.201,-33.666,0.68559,2.2563,0.12582,0,0,0.021813
20.015,1,114.36,38.2,-33.659,0.69193,2.2493,0.12585,0,0,0.02237
20.022,1,114.42,38.2,-33.653,0.69789,2.2435,0.12588,0,0,0.022916
20.028,1,114.49,38.199,-33.646,0.70349,2.2376,0.12591,0,0,0.023456
20.034,1,114.55,38.198,-33.64,0.70876,2.2335,0.12593,0,0,0.023968
20.041,1,114.6,38.197,-33.635,0.71371,2.2311,0.12596,0,0,0.024441
20.047,1,114.64,38.197,-33.63,0.7184,2.2316,0.12597,0,0,0.024837
20.053,1,114.66,38.196,-33.628,0.72289,2.2386,0.12598,0,0,0.025095
20.06,1,114.67,38.196,-33.627,0.72718,2.2433,0.12599,0,0,0.025305
20.066,1,114.67,38.195,-33.626,0.73127,2.2469,0.12599,0,0,0.025482
20.072,1,114.68,38.195,-33.626,0.7352,2.2502,0.12599,0,0,0.02563
20.078,1,114.67,38.195,-33.626,0.73897,2.2534,0.12599,0,0,0.025751
20.085,1,114.67,38.195,-33.626,0.74258,2.2558,0.12599,0,0,0.025864
20.091,1,114.68,38.196,-33.625,0.74602,2.2531,0.12599,0,0,0.026047
20.097,1,114.72,38.196,-33.622,0.74927,2.2419,0.12601,0,0,0.026389
20.103,1,114.76,38.196,-33.618,0.75233,2.2347,0.12602,0,0,0.026763
20.109,1,114.81,38.196,-33.615,0.75523,2.23,0.12604,0,0,0.027149
20.115,1,114.85,38.196,-33.611,0.758,2.2284,0.12606,0,0,0.027493
20.121,1,114.88,38.196,-33.609,0.76064,2.2281,0.12607,0,0,0.027801
20.127,1,114.9,38.197,-33.607,0.76316,2.2289,0.12609,0,0,0.028081
20.133,1,114.93,38.197,-33.605,0.76554,2.2285,0.1261,0,0,0.028365
20.139,1,114.96,38.197,-33.602,0.76782,2.2254,0.12611,0,0,0.028701
20.145,1,115.02,38.197,-33.597,0.76936,2.2158,0.12613,0,0,0.029191
20.151,1,115.09,38.197,-33.591,0.7697,2.2091,0.12617,0,0,0.029472
20.157,1,114.97,38.198,-33.599,0.76711,2.2664,0.12612,0,0,0.028454
20.162,1,114.79,38.198,-33.616,0.76221,2.3242,0.12604,0,0,0.027152
20.168,1,114.59,38.199,-33.633,0.7552,2.3616,0.12595,0,0,0.025724
20.174,1,114.41,38.201,-33.651,0.74666,2.3936,0.12588,0,0,0.024352
20.179,1,114.26,38.202,-33.666,0.73733,2.4059,0.12581,0,0,0.023221
20.184,1,114.16,38.203,-33.676,0.72778,2.4064,0.12576,0,0,0.022312
20.19,1,114.09,38.204,-33.685,0.71849,2.4057,0.12573,0,0,0.021564
20.195,1,113.99,38.205,-33.694,0.70919,2.4191,0.12568,0,0,0.020631
20.2,1,113.82,38.206,-33.71,0.69885,2.4586,0.12558,0,0,0.01919
20.205,1,113.55,38.208,-33.735,0.6886,2.5223,0.12549,0,0,0.017838
20.211,1,113.44,38.209,-33.747,0.6793,2.4983,0.12545,0,0,0.017213
20.216,1,113.41,38.21,-33.751,0.67073,2.4612,0.12544,0,0,0.016984
20.222,1,113.44,38.21,-33.749,0.66359,2.4267,0.12546,0,0,0.016991
20.228,1,113.5,38.211,-33.745,0.65809,2.3975,0.12548,0,0,0.017135
20.234,1,113.57,38.21,-33.738,0.65404,2.3728,0.12551,0,0,0.017357
20.24,1,113.64,38.21,-33.732,0.65114,2.3552,0.12554,0,0,0.017606
20.246,1,113.7,38.209,-33.726,0.64958,2.3426,0.12557,0,0,0.017859
20.252,1,113.76,38.209,-33.721,0.64928,2.3352,0.12559,0,0,0.018185
20.258,1,113.84,38.208,-33.712,0.65046,2.3126,0.12563,0,0,0.018652
20.264,1,113.92,38.207,-33.705,0.65305,2.3008,0.12566,0,0,0.019134
20.27,1,114,38.206,-33.697,0.65732,2.2916,0.12569,0,0,0.01963
20.276,1,114.06,38.205,-33.691,0.66408,2.2866,0.12572,0,0,0.020147
20.283,1,114.12,38.204,-33.685,0.67167,2.2795,0.12575,0,0,0.020696
20.289,1,114.17,38.204,-33.679,0.67886,2.2722,0.12577,0,0,0.021245
20.295,1,114.24,38.203,-33.673,0.68563,2.2635,0.1258,0,0,0.021804
20.301,1,114.3,38.202,-33.666,0.69199,2.2558,0.12583,0,0,0.022355
20.307,1,114.37,38.202,-33.66,0.69795,2.2488,0.12585,0,0,0.022898
20.314,1,114.43,38.201,-33.654,0.70355,2.2425,0.12588,0,0,0.023429
20.32,1,114.49,38.2,-33.647,0.70883,2.2368,0.12591,0,0,0.023942
20.326,1,114.55,38.199,-33.641,0.71379,2.2328,0.12593,0,0,0.024422
20.333,1,114.6,38.199,-33.636,0.71852,2.2309,0.12596,0,0,0.02482
20.339,1,114.64,38.198,-33.632,0.72304,2.2336,0.12597,0,0,0.025109
20.345,1,114.65,38.198,-33.63,0.72733,2.24,0.12598,0,0,0.025323
20.352,1,114.66,38.197,-33.629,0.7314,2.243,0.12598,0,0,0.025506
20.358,1,114.67,38.197,-33.628,0.73529,2.2462,0.12599,0,0,0.025657
20.364,1,114.68,38.197,-33.627,0.73902,2.2491,0.12599,0,0,0.025782
20.37,1,114.67,38.197,-33.627,0.74262,2.252,0.12599,0,0,0.025898
20.376,1,114.68,38.197,-33.627,0.74602,2.2523,0.12599,0,0,0.026075
20.383,1,114.7,38.197,-33.625,0.74924,2.2469,0.126,0,0,0.026359
20.389,1,114.74,38.197,-33.622,0.75228,2.2376,0.12601,0,0,0.026717
20.395,1,114.79,38.197,-33.618,0.75517,2.2309,0.12603,0,0,0.027086
20.401,1,114.83,38.197,-33.614,0.75791,2.226,0.12606,0,0,0.027431
20.407,1,114.87,38.197,-33.61,0.7605,2.224,0.12607,0,0,0.027735
20.413,1,114.91,38.197,-33.607,0.763,2.2231,0.12609,0,0,0.028009
20.419,1,114.94,38.198,-33.604,0.76539,2.2224,0.1261,0,0,0.028272
20.425,1,114.98,38.198,-33.601,0.76765,2.2195,0.12612,0,0,0.028567
20.43,1,115.03,38.198,-33.596,0.76946,2.2114,0.12614,0,0,0.02895
20.436,1,115.14,38.198,-33.587,0.77119,2.1907,0.12617,0,0,0.029486
20.442,1,115.09,38.198,-33.591,0.77043,2.2309,0.12615,0,0,0.029031
20.448,1,114.9,38.198,-33.608,0.76641,2.3034,0.12607,0,0,0.027676
20.454,1,114.71,38.199,-33.625,0.76048,2.341,0.12599,0,0,0.026334
20.459,1,114.51,38.2,-33.644,0.75263,2.3811,0.1259,0,0,0.024887
20.465,1,114.34,38.201,-33.659,0.74379,2.4006,0.12584,0,0,0.02367
20.47,1,114.21,38.203,-33.672,0.73448,2.4083,0.12579,0,0,0.022716
20.475,1,114.11,38.204,-33.683,0.72505,2.414,0.12574,0,0,0.021947
20.481,1,114.01,38.205,-33.693,0.71566,2.4199,0.1257,0,0,0.02114
20.486,1,113.85,38.206,-33.709,0.70578,2.4545,0.12563,0,0,0.020042
20.491,1,113.58,38.207,-33.733,0.69487,2.5188,0.12551,0,0,0.018314
20.497,1,113.46,38.209,-33.746,0.68476,2.5013,0.12546,0,0,0.017418
20.502,1,113.42,38.21,-33.75,0.67542,2.4655,0.12545,0,0,0.017039
20.508,1,113.45,38.21,-33.748,0.66737,2.4311,0.12546,0,0,0.016971
20.514,1,113.5,38.211,-33.744,0.66055,2.4012,0.12548,0,0,0.017066
20.52,1,113.57,38.21,-33.738,0.65546,2.3756,0.12551,0,0,0.017273
20.526,1,113.64,38.21,-33.732,0.65143,2.357,0.12554,0,0,0.017519
20.532,1,113.71,38.209,-33.725,0.6488,2.3436,0.12557,0,0,0.017779
20.538,1,113.77,38.209,-33.72,0.64768,2.3361,0.12559,0,0,0.018028
20.544,1,113.86,38.208,-33.711,0.64836,2.3125,0.12563,0,0,0.01846
20.55,1,113.94,38.206,-33.702,0.6505,2.2994,0.12567,0,0,0.018931
20.556,1,114.02,38.205,-33.695,0.65432,2.2895,0.1257,0,0,0.019419
20.562,1,114.08,38.204,-33.688,0.65996,2.2843,0.12573,0,0,0.019907
20.568,1,114.15,38.204,-33.681,0.66767,2.277,0.12575,0,0,0.020445
20.574,1,114.21,38.203,-33.675,0.67505,2.2695,0.12578,0,0,0.020978
20.58,1,114.27,38.202,-33.668,0.68203,2.2608,0.1258,0,0,0.021526
20.587,1,114.34,38.201,-33.662,0.68862,2.2532,0.12583,0,0,0.022078
20.593,1,114.4,38.2,-33.655,0.69482,2.2468,0.12586,0,0,0.022623
20.599,1,114.47,38.2,-33.649,0.70066,2.2406,0.12589,0,0,0.023162
20.605,1,114.53,38.199,-33.643,0.70615,2.2357,0.12592,0,0,0.023691
20.612,1,114.58,38.198,-33.637,0.71131,2.2324,0.12594,0,0,0.024192
20.618,1,114.63,38.198,-33.632,0.71618,2.2305,0.12596,0,0,0.024653
20.625,1,114.66,38.197,-33.629,0.72081,2.2359,0.12598,0,0,0.025007
20.631,1,114.67,38.197,-33.627,0.72524,2.2419,0.12599,0,0,0.025248
20.637,1,114.68,38.196,-33.626,0.72946,2.2453,0.12599,0,0,0.025453
20.643,1,114.68,38.196,-33.626,0.7335,2.2486,0.12599,0,0,0.025625
20.65,1,114.68,38.196,-33.626,0.73737,2.2517,0.12599,0,0,0.025768
20.656,1,114.68,38.196,-33.626,0.74108,2.2546,0.12599,0,0,0.025888
20.662,1,114.68,38.196,-33.626,0.74464,2.2549,0.12599,0,0,0.026012
20.668,1,114.71,38.196,-33.623,0.74797,2.2459,0.126,0,0,0.026252
20.674,1,114.75,38.196,-33.62,0.75113,2.2377,0.12602,0,0,0.026606
20.68,1,114.8,38.196,-33.616,0.7541,2.231,0.12604,0,0,0.026992
20.686,1,114.84,38.197,-33.612,0.75692,2.2271,0.12606,0,0,0.027373
20.692,1,114.88,38.197,-33.609,0.75961,2.2259,0.12608,0,0,0.027716
20.698,1,114.91,38.197,-33.606,0.76217,2.2258,0.12609,0,0,0.028027
20.704,1,114.94,38.197,-33.604,0.76462,2.225,0.1261,0,0,0.028322
20.71,1,114.98,38.197,-33.601,0.76694,2.2215,0.12612,0,0,0.028639
20.716,1,115.03,38.197,-33.597,0.76909,2.2136,0.12614,0,0,0.029047
20.722,1,115.12,38.197,-33.588,0.77051,2.1957,0.12618,0,0,0.029714
20.728,1,115.06,38.197,-33.594,0.76897,2.2404,0.12615,0,0,0.029463
20.734,1,114.86,38.198,-33.612,0.76447,2.311,0.12607,0,0,0.02813
20.74,1,114.68,38.199,-33.629,0.75815,2.3472,0.12599,0,0,0.026815
20.745,1,114.48,38.2,-33.647,0.74994,2.3857,0.1259,0,0,0.025343
20.751,1,114.32,38.201,-33.662,0.74081,2.4031,0.12583,0,0,0.024065
20.756,1,114.2,38.203,-33.674,0.73138,2.4081,0.12578,0,0,0.023018
20.761,1,114.11,38.204,-33.683,0.72202,2.4114,0.12574,0,0,0.022136
20.766,1,114.01,38.205,-33.693,0.71273,2.4189,0.1257,0,0,0.021303
20.772,1,113.85,38.206,-33.709,0.70338,2.4531,0.12562,0,0,0.020185
20.777,1,113.57,38.207,-33.735,0.69291,2.5241,0.12551,0,0,0.018464
20.782,1,113.45,38.209,-33.747,0.68317,2.5023,0.12546,0,0,0.017532
20.788,1,113.42,38.21,-33.75,0.67434,2.4666,0.12544,0,0,0.017125
20.794,1,113.44,38.21,-33.749,0.66666,2.4305,0.12546,0,0,0.017032
20.799,1,113.5,38.21,-33.745,0.66025,2.4012,0.12548,0,0,0.017107
20.805,1,113.57,38.21,-33.739,0.65521,2.3752,0.12551,0,0,0.017298
20.811,1,113.64,38.21,-33.732,0.65153,2.3568,0.12554,0,0,0.017531
20.817,1,113.7,38.209,-33.726,0.64893,2.3434,0.12557,0,0,0.017783
20.823,1,113.76,38.208,-33.72,0.6481,2.3358,0.12559,0,0,0.018025
20.829,1,113.84,38.208,-33.712,0.6491,2.3132,0.12563,0,0,0.018457
20.835,1,113.93,38.207,-33.704,0.65137,2.3002,0.12566,0,0,0.018928
20.842,1,114,38.206,-33.697,0.65522,2.2907,0.12569,0,0,0.019416
20.848,1,114.07,38.205,-33.69,0.66068,2.2852,0.12572,0,0,0.019906
20.854,1,114.14,38.204,-33.684,0.66818,2.2777,0.12575,0,0,0.02045
20.86,1,114.2,38.203,-33.678,0.67558,2.2698,0.12577,0,0,0.020994
20.866,1,114.26,38.202,-33.671,0.68256,2.261,0.1258,0,0,0.021551
20.872,1,114.33,38.201,-33.665,0.68914,2.2533,0.12583,0,0,0.022109
20.879,1,114.39,38.201,-33.659,0.69533,2.2468,0.12586,0,0,0.022657
20.885,1,114.46,38.2,-33.652,0.70115,2.2406,0.12588,0,0,0.023198
20.891,1,114.52,38.199,-33.646,0.7066,2.2357,0.12591,0,0,0.023724
20.898,1,114.58,38.199,-33.64,0.71171,2.2322,0.12594,0,0,0.024219
20.904,1,114.63,38.198,-33.635,0.71652,2.2304,0.12596,0,0,0.024671
20.91,1,114.66,38.197,-33.631,0.72108,2.2349,0.12597,0,0,0.024997
20.917,1,114.67,38.197,-33.629,0.72544,2.2412,0.12598,0,0,0.025222
20.923,1,114.68,38.196,-33.628,0.72959,2.2445,0.12598,0,0,0.025418
20.929,1,114.68,38.196,-33.627,0.73356,2.2478,0.12599,0,0,0.025581
20.936,1,114.68,38.196,-33.626,0.73737,2.251,0.12599,0,0,0.025716
20.942,1,114.68,38.196,-33.626,0.74103,2.2539,0.12599,0,0,0.025828
20.948,1,114.68,38.196,-33.626,0.74454,2.2547,0.12599,0,0,0.025957
20.954,1,114.7,38.196,-33.625,0.74787,2.2469,0.126,0,0,0.026237
20.96,1,114.74,38.196,-33.621,0.75103,2.2384,0.12601,0,0,0.026596
20.966,1,114.79,38.196,-33.617,0.754,2.2316,0.12603,0,0,0.026984
20.972,1,114.83,38.197,-33.613,0.75682,2.2277,0.12605,0,0,0.027351
20.978,1,114.87,38.197,-33.61,0.7595,2.2262,0.12607,0,0,0.02768
20.984,1,114.9,38.197,-33.607,0.76206,2.2262,0.12609,0,0,0.027974
20.99,1,114.93,38.197,-33.604,0.7645,2.2257,0.1261,0,0,0.028257
20.996,1,114.97,38.197,-33.601,0.76682,2.2233,0.12611,0,0,0.028566
21.002,1,115.01,38.197,-33.597,0.769,2.2162,0.12614,0,0,0.028979
21.008,1,115.1,38.197,-33.589,0.77066,2.1987,0.12618,0,0,0.029571
21.014,1,115.08,38.197,-33.591,0.76974,2.2295,0.12616,0,0,0.029171
21.02,1,114.88,38.198,-33.608,0.76535,2.3051,0.12608,0,0,0.027827
21.026,1,114.71,38.199,-33.624,0.75908,2.3396,0.126,0,0,0.026488
21.031,1,114.51,38.2,-33.642,0.75085,2.38,0.12591,0,0,0.025032
21.037,1,114.34,38.201,-33.658,0.74182,2.4009,0.12584,0,0,0.023794
21.042,1,114.21,38.202,-33.671,0.7324,2.4073,0.12579,0,0,0.0228
21.047,1,114.12,38.203,-33.681,0.72308,2.4087,0.12575,0,0,0.021969
21.052,1,114.04,38.204,-33.69,0.71399,2.4118,0.12571,0,0,0.021159
21.058,1,113.9,38.205,-33.703,0.70476,2.4384,0.12564,0,0,0.019995
21.063,1,113.62,38.207,-33.729,0.69435,2.518,0.12552,0,0,0.018332
21.068,1,113.47,38.208,-33.744,0.68459,2.5075,0.12547,0,0,0.017462
21.074,1,113.42,38.209,-33.749,0.67578,2.4735,0.12545,0,0,0.017081
21.079,1,113.44,38.21,-33.749,0.66792,2.4379,0.12546,0,0,0.017001
21.085,1,113.48,38.21,-33.746,0.66144,2.4092,0.12547,0,0,0.017077
21.091,1,113.55,38.21,-33.74,0.65614,2.3824,0.1255,0,0,0.017267
21.097,1,113.61,38.21,-33.734,0.65231,2.3633,0.12553,0,0,0.017496
21.103,1,113.68,38.209,-33.728,0.64967,2.3486,0.12556,0,0,0.017745
21.109,1,113.74,38.209,-33.722,0.64854,2.3395,0.12558,0,0,0.017984
21.115,1,113.81,38.208,-33.715,0.64914,2.3215,0.12562,0,0,0.018385
21.121,1,113.9,38.207,-33.706,0.65117,2.3038,0.12566,0,0,0.018861
21.127,1,113.98,38.206,-33.698,0.65472,2.2934,0.12569,0,0,0.01935
21.133,1,114.05,38.205,-33.691,0.65998,2.2866,0.12572,0,0,0.019847
21.139,1,114.11,38.204,-33.684,0.66722,2.2803,0.12575,0,0,0.020387
21.146,1,114.17,38.203,-33.678,0.67459,2.2723,0.12577,0,0,0.020936
21.152,1,114.24,38.202,-33.671,0.68158,2.2639,0.1258,0,0,0.021495
21.158,1,114.3,38.202,-33.665,0.68815,2.2556,0.12583,0,0,0.022058
21.164,1,114.37,38.201,-33.658,0.69437,2.2488,0.12586,0,0,0.022609
21.17,1,114.43,38.2,-33.652,0.70022,2.2428,0.12589,0,0,0.023149
21.177,1,114.5,38.199,-33.645,0.70572,2.2371,0.12591,0,0,0.023678
21.183,1,114.56,38.199,-33.639,0.71088,2.233,0.12594,0,0,0.024181
21.189,1,114.61,38.198,-33.634,0.71574,2.2307,0.12596,0,0,0.024642
21.196,1,114.65,38.197,-33.63,0.72033,2.2327,0.12598,0,0,0.025002
21.202,1,114.66,38.197,-33.628,0.72473,2.2395,0.12598,0,0,0.025235
21.208,1,114.67,38.196,-33.627,0.72893,2.2433,0.12599,0,0,0.025435
21.215,1,114.68,38.196,-33.626,0.73296,2.2467,0.12599,0,0,0.025602
21.221,1,114.68,38.196,-33.626,0.73682,2.2499,0.12599,0,0,0.02574
21.227,1,114.68,38.196,-33.626,0.7405,2.2529,0.12599,0,0,0.025854
21.233,1,114.67,38.196,-33.626,0.74403,2.2548,0.12599,0,0,0.025968
21.24,1,114.69,38.196,-33.625,0.7474,2.2507,0.12599,0,0,0.026187
21.246,1,114.73,38.196,-33.622,0.75059,2.2407,0.12601,0,0,0.026531
21.252,1,114.77,38.197,-33.618,0.75362,2.2338,0.12603,0,0,0.026904
21.258,1,114.82,38.197,-33.614,0.75648,2.2287,0.12605,0,0,0.027275
21.264,1,114.86,38.197,-33.611,0.7592,2.2268,0.12607,0,0,0.0276
21.27,1,114.89,38.197,-33.608,0.76182,2.2264,0.12608,0,0,0.027887
21.276,1,114.92,38.197,-33.606,0.76432,2.2267,0.12609,0,0,0.028146
21.282,1,114.95,38.197,-33.604,0.76668,2.2257,0.1261,0,0,0.02841
21.288,1,114.99,38.198,-33.601,0.76889,2.221,0.12612,0,0,0.028727
21.294,1,115.05,38.198,-33.596,0.77052,2.2095,0.12615,0,0,0.029186
21.3,1,115.1,38.198,-33.592,0.77036,2.2093,0.12617,0,0,0.029454
21.305,1,114.95,38.198,-33.604,0.76686,2.2795,0.12611,0,0,0.028389
21.311,1,114.76,38.199,-33.621,0.7611,2.3283,0.12603,0,0,0.027039
21.317,1,114.56,38.2,-33.639,0.75342,2.369,0.12594,0,0,0.025583
21.322,1,114.38,38.201,-33.656,0.74434,2.3968,0.12586,0,0,0.024205
21.328,1,114.24,38.202,-33.67,0.73471,2.4077,0.1258,0,0,0.023091
21.333,1,114.14,38.203,-33.679,0.72509,2.4083,0.12576,0,0,0.02224
21.338,1,114.06,38.204,-33.688,0.7157,2.4118,0.12572,0,0,0.021477
21.344,1,113.95,38.205,-33.698,0.70647,2.4252,0.12568,0,0,0.020631
21.349,1,113.72,38.207,-33.718,0.69633,2.4885,0.12558,0,0,0.019137
21.354,1,113.49,38.208,-33.741,0.68639,2.5214,0.12548,0,0,0.017729
21.36,1,113.43,38.209,-33.749,0.67737,2.4859,0.12545,0,0,0.017137
21.365,1,113.43,38.21,-33.751,0.66936,2.4506,0.12544,0,0,0.016917
21.371,1,113.46,38.211,-33.749,0.66266,2.4184,0.12546,0,0,0.016932
21.377,1,113.52,38.211,-33.744,0.65706,2.3913,0.12548,0,0,0.017074
21.383,1,113.58,38.211,-33.738,0.65293,2.3695,0.12551,0,0,0.017295
21.389,1,113.65,38.21,-33.732,0.65026,2.3539,0.12554,0,0,0.017539
21.395,1,113.71,38.209,-33.726,0.64879,2.3429,0.12557,0,0,0.017788
21.401,1,113.77,38.209,-33.72,0.6489,2.331,0.12559,0,0,0.01809
21.407,1,113.87,38.208,-33.711,0.65056,2.3077,0.12563,0,0,0.018585
21.413,1,113.95,38.207,-33.703,0.65376,2.2972,0.12567,0,0,0.019068
21.419,1,114.02,38.206,-33.696,0.65852,2.2886,0.1257,0,0,0.019573
21.425,1,114.08,38.205,-33.69,0.66518,2.2831,0.12573,0,0,0.02009
21.431,1,114.14,38.204,-33.683,0.6727,2.2747,0.12575,0,0,0.020646
21.438,1,114.21,38.204,-33.677,0.67983,2.2665,0.12578,0,0,0.021202
21.444,1,114.27,38.203,-33.67,0.68653,2.2575,0.12581,0,0,0.021771
21.45,1,114.34,38.202,-33.663,0.69285,2.2504,0.12584,0,0,0.02233
21.456,1,114.41,38.201,-33.657,0.69878,2.2442,0.12587,0,0,0.022876
21.463,1,114.47,38.201,-33.65,0.70432,2.238,0.12589,0,0,0.023419
21.469,1,114.53,38.2,-33.644,0.7095,2.2337,0.12592,0,0,0.023936
21.475,1,114.59,38.199,-33.639,0.71438,2.231,0.12595,0,0,0.024415
21.482,1,114.64,38.199,-33.634,0.71901,2.2306,0.12597,0,0,0.024838
21.488,1,114.66,38.198,-33.631,0.72343,2.2372,0.12598,0,0,0.025114
21.494,1,114.67,38.198,-33.629,0.72766,2.2423,0.12598,0,0,0.025327
21.501,1,114.67,38.197,-33.628,0.7317,2.2458,0.12599,0,0,0.02551
21.507,1,114.68,38.197,-33.628,0.7356,2.2492,0.12599,0,0,0.025662
21.513,1,114.68,38.197,-33.628,0.73932,2.2523,0.12599,0,0,0.025788
21.519,1,114.67,38.197,-33.628,0.74289,2.2551,0.12599,0,0,0.025897
21.525,1,114.68,38.197,-33.627,0.7463,2.2532,0.12599,0,0,0.026047
21.532,1,114.71,38.197,-33.625,0.74952,2.2428,0.126,0,0,0.026365
21.538,1,114.76,38.197,-33.621,0.75257,2.2354,0.12602,0,0,0.026731
21.544,1,114.8,38.197,-33.617,0.75545,2.2294,0.12604,0,0,0.027121
21.55,1,114.84,38.198,-33.613,0.75819,2.2276,0.12606,0,0,0.027473
21.556,1,114.88,38.198,-33.61,0.76081,2.227,0.12607,0,0,0.027791
21.562,1,114.91,38.198,-33.608,0.76331,2.2275,0.12609,0,0,0.028074
21.568,1,114.94,38.198,-33.605,0.76572,2.227,0.1261,0,0,0.028353
21.574,1,114.97,38.198,-33.602,0.76801,2.2243,0.12612,0,0,0.028668
21.579,1,115.03,38.198,-33.597,0.76975,2.2139,0.12614,0,0,0.029098
21.585,1,115.1,38.198,-33.589,0.77037,2.199,0.12618,0,0,0.029648
21.591,1,115.01,38.198,-33.597,0.76807,2.2558,0.12614,0,0,0.028957
21.597,1,114.82,38.199,-33.614,0.76293,2.3164,0.12606,0,0,0.027589
21.603,1,114.63,38.2,-33.631,0.75593,2.3556,0.12598,0,0,0.026189
21.608,1,114.44,38.201,-33.65,0.74734,2.3902,0.12589,0,0,0.024738
21.614,1,114.29,38.202,-33.665,0.73803,2.4048,0.12583,0,0,0.023537
21.619,1,114.18,38.204,-33.676,0.72854,2.4074,0.12577,0,0,0.02258
21.624,1,114.07,38.205,-33.686,0.71918,2.408,0.12573,0,0,0.02172
21.63,1,113.97,38.205,-33.696,0.70991,2.4216,0.12569,0,0,0.020886
21.635,1,113.77,38.207,-33.714,0.69998,2.4731,0.1256,0,0,0.019544
21.64,1,113.53,38.208,-33.737,0.68947,2.5216,0.1255,0,0,0.018032
21.646,1,113.44,38.21,-33.748,0.68002,2.4915,0.12546,0,0,0.017303
21.651,1,113.42,38.21,-33.751,0.67125,2.4557,0.12545,0,0,0.017011
21.657,1,113.45,38.211,-33.749,0.66411,2.422,0.12546,0,0,0.016984
21.663,1,113.51,38.211,-33.744,0.6582,2.394,0.12549,0,0,0.017102
21.669,1,113.58,38.211,-33.738,0.65372,2.3709,0.12551,0,0,0.017313
21.675,1,113.64,38.21,-33.732,0.65073,2.3545,0.12554,0,0,0.017555
21.681,1,113.71,38.21,-33.726,0.64916,2.3429,0.12557,0,0,0.017805
21.687,1,113.76,38.209,-33.72,0.64864,2.3353,0.1256,0,0,0.018065
21.693,1,113.85,38.208,-33.711,0.64973,2.31,0.12563,0,0,0.018554
21.699,1,113.93,38.207,-33.703,0.65234,2.2997,0.12567,0,0,0.019028
21.705,1,114,38.206,-33.695,0.65681,2.2905,0.1257,0,0,0.019526
21.711,1,114.06,38.205,-33.689,0.66315,2.2858,0.12573,0,0,0.020025
21.717,1,114.13,38.204,-33.682,0.67073,2.2778,0.12576,0,0,0.020577
21.723,1,114.19,38.203,-33.676,0.67794,2.2701,0.12578,0,0,0.021124
21.73,1,114.25,38.202,-33.669,0.68475,2.2612,0.12581,0,0,0.021686
21.736,1,114.31,38.202,-33.663,0.69116,2.2537,0.12584,0,0,0.022241
21.742,1,114.38,38.201,-33.656,0.69719,2.2471,0.12587,0,0,0.022784
21.748,1,114.44,38.2,-33.65,0.70285,2.2406,0.12589,0,0,0.023323
21.755,1,114.51,38.199,-33.644,0.70817,2.2354,0.12592,0,0,0.02384
21.761,1,114.56,38.199,-33.638,0.71317,2.2319,0.12595,0,0,0.024324
21.767,1,114.62,38.198,-33.633,0.71787,2.231,0.12597,0,0,0.024757
21.774,1,114.65,38.197,-33.63,0.72235,2.2349,0.12598,0,0,0.025053
21.78,1,114.66,38.197,-33.629,0.7266,2.2407,0.12598,0,0,0.025268
21.786,1,114.67,38.196,-33.627,0.73065,2.2438,0.12599,0,0,0.025456
21.793,1,114.68,38.196,-33.627,0.73452,2.247,0.12599,0,0,0.025611
21.799,1,114.68,38.196,-33.626,0.73827,2.2499,0.12599,0,0,0.02574
21.805,1,114.67,38.196,-33.627,0.74189,2.2527,0.12599,0,0,0.025848
21.811,1,114.67,38.196,-33.626,0.74534,2.2533,0.12599,0,0,0.025984
21.817,1,114.71,38.196,-33.624,0.7486,2.245,0.126,0,0,0.026291
21.823,1,114.75,38.196,-33.62,0.75168,2.2371,0.12602,0,0,0.026653
21.829,1,114.8,38.197,-33.616,0.7546,2.2307,0.12604,0,0,0.027043
21.836,1,114.84,38.197,-33.613,0.75738,2.2266,0.12606,0,0,0.027401
21.842,1,114.87,38.197,-33.61,0.76001,2.2248,0.12607,0,0,0.027723
21.847,1,114.9,38.197,-33.607,0.76252,2.2243,0.12609,0,0,0.02801
21.853,1,114.93,38.197,-33.604,0.76493,2.2239,0.1261,0,0,0.028289
21.859,1,114.96,38.197,-33.602,0.76723,2.2218,0.12612,0,0,0.0286
21.865,1,115.01,38.197,-33.597,0.76919,2.2155,0.12614,0,0,0.029017
21.871,1,115.1,38.197,-33.589,0.77067,2.1971,0.12618,0,0,0.02963
21.877,1,115.05,38.198,-33.594,0.76933,2.2418,0.12615,0,0,0.029051
21.883,1,114.86,38.198,-33.612,0.76488,2.3125,0.12607,0,0,0.027673
21.889,1,114.67,38.199,-33.629,0.75845,2.3482,0.12598,0,0,0.0263
21.894,1,114.47,38.2,-33.647,0.75027,2.3861,0.1259,0,0,0.024836
21.9,1,114.31,38.202,-33.662,0.74124,2.403,0.12583,0,0,0.023623
21.905,1,114.2,38.203,-33.674,0.73185,2.4064,0.12578,0,0,0.022649
21.91,1,114.12,38.204,-33.684,0.72237,2.4102,0.12574,0,0,0.021828
21.916,1,114.03,38.205,-33.694,0.71297,2.4133,0.1257,0,0,0.021009
21.921,1,113.89,38.206,-33.711,0.70249,2.442,0.12562,0,0,0.019721
21.926,1,113.6,38.208,-33.735,0.69197,2.5188,0.12551,0,0,0.01815
21.931,1,113.46,38.209,-33.746,0.68224,2.5045,0.12546,0,0,0.017367
21.937,1,113.42,38.21,-33.75,0.67325,2.4681,0.12545,0,0,0.017042
21.943,1,113.45,38.211,-33.748,0.66594,2.4331,0.12546,0,0,0.016994
21.949,1,113.5,38.211,-33.744,0.65976,2.4038,0.12548,0,0,0.017097
21.955,1,113.56,38.211,-33.738,0.65525,2.3781,0.12551,0,0,0.017299
21.961,1,113.63,38.21,-33.732,0.65165,2.3599,0.12554,0,0,0.017536
21.967,1,113.7,38.21,-33.726,0.64899,2.3465,0.12557,0,0,0.017785
21.973,1,113.75,38.209,-33.721,0.64786,2.3378,0.12559,0,0,0.018054
21.979,1,113.83,38.208,-33.713,0.64855,2.3166,0.12563,0,0,0.018497
21.985,1,113.91,38.207,-33.705,0.65109,2.3018,0.12566,0,0,0.018976
21.991,1,113.99,38.206,-33.697,0.6554,2.2914,0.1257,0,0,0.019471
21.997,1,114.05,38.205,-33.69,0.66162,2.2854,0.12572,0,0,0.019974
22.003,1,114.12,38.204,-33.684,0.66931,2.2779,0.12575,0,0,0.020527
22.009,1,114.18,38.204,-33.677,0.67659,2.27,0.12578,0,0,0.02108
22.015,1,114.25,38.203,-33.671,0.68346,2.2611,0.12581,0,0,0.021646
22.022,1,114.32,38.202,-33.664,0.68993,2.2533,0.12583,0,0,0.022207
22.028,1,114.38,38.201,-33.658,0.69603,2.2468,0.12586,0,0,0.022756
22.034,1,114.45,38.201,-33.651,0.70176,2.2407,0.12589,0,0,0.023294
22.04,1,114.51,38.2,-33.645,0.70715,2.2357,0.12592,0,0,0.023817
22.047,1,114.57,38.199,-33.639,0.71222,2.2321,0.12594,0,0,0.024308
22.053,1,114.62,38.198,-33.634,0.71701,2.2309,0.12596,0,0,0.024741
22.06,1,114.65,38.198,-33.631,0.72159,2.2348,0.12598,0,0,0.025061
22.066,1,114.66,38.197,-33.629,0.72597,2.2413,0.12598,0,0,0.025285
22.072,1,114.67,38.197,-33.628,0.73015,2.2447,0.12599,0,0,0.025473
22.078,1,114.68,38.197,-33.627,0.73415,2.2481,0.12599,0,0,0.02563
22.085,1,114.68,38.197,-33.627,0.73799,2.2512,0.12599,0,0,0.02576
22.091,1,114.67,38.197,-33.627,0.74167,2.2542,0.12599,0,0,0.025869
22.097,1,114.67,38.197,-33.627,0.74518,2.2549,0.12599,0,0,0.026005
22.103,1,114.69,38.197,-33.625,0.74847,2.2478,0.126,0,0,0.026266
22.109,1,114.73,38.197,-33.622,0.75159,2.2389,0.12601,0,0,0.026616
22.115,1,114.78,38.197,-33.618,0.75453,2.232,0.12603,0,0,0.02699
22.121,1,114.83,38.197,-33.614,0.75731,2.2283,0.12605,0,0,0.027344
22.127,1,114.87,38.197,-33.611,0.75997,2.2273,0.12607,0,0,0.027657
22.133,1,114.9,38.197,-33.608,0.76251,2.2276,0.12608,0,0,0.027933
22.139,1,114.92,38.197,-33.606,0.76493,2.2273,0.12609,0,0,0.02819
22.145,1,114.96,38.198,-33.603,0.76724,2.225,0.12611,0,0,0.028462
22.151,1,115,38.198,-33.599,0.76902,2.2172,0.12613,0,0,0.028797
22.157,1,115.09,38.198,-33.592,0.7702,2.1997,0.12616,0,0,0.029364
22.163,1,115.07,38.198,-33.592,0.76951,2.2225,0.12616,0,0,0.029241
22.169,1,114.9,38.198,-33.609,0.76549,2.3006,0.12608,0,0,0.027808
22.175,1,114.72,38.199,-33.625,0.75946,2.3358,0.126,0,0,0.026551
22.18,1,114.52,38.2,-33.643,0.75149,2.3767,0.12592,0,0,0.025084
22.186,1,114.35,38.201,-33.659,0.74243,2.3991,0.12585,0,0,0.023825
22.191,1,114.22,38.202,-33.672,0.73292,2.4066,0.12579,0,0,0.022819
22.196,1,114.13,38.203,-33.681,0.72351,2.4065,0.12575,0,0,0.022039
22.202,1,114.04,38.204,-33.689,0.71426,2.4131,0.12571,0,0,0.021309
22.207,1,113.92,38.205,-33.701,0.70501,2.4362,0.12566,0,0,0.020362
22.212,1,113.64,38.206,-33.727,0.69494,2.516,0.12554,0,0,0.018561
22.217,1,113.48,38.208,-33.743,0.68489,2.5077,0.12547,0,0,0.017534
22.223,1,113.42,38.209,-33.749,0.67602,2.4741,0.12545,0,0,0.017073
22.229,1,113.43,38.21,-33.749,0.66811,2.4387,0.12545,0,0,0.016943
22.234,1,113.48,38.21,-33.746,0.66137,2.4101,0.12547,0,0,0.016986
22.24,1,113.55,38.21,-33.741,0.65598,2.3834,0.1255,0,0,0.017158
22.246,1,113.61,38.209,-33.735,0.65222,2.3644,0.12552,0,0,0.017378
22.252,1,113.68,38.209,-33.729,0.64995,2.3496,0.12555,0,0,0.017624
22.258,1,113.73,38.208,-33.723,0.64889,2.34,0.12558,0,0,0.017866
22.264,1,113.81,38.207,-33.716,0.64923,2.3206,0.12561,0,0,0.018261
22.27,1,113.9,38.206,-33.707,0.65115,2.3036,0.12565,0,0,0.018743
22.277,1,113.97,38.205,-33.699,0.65452,2.294,0.12568,0,0,0.019237
22.283,1,114.04,38.204,-33.692,0.65957,2.2875,0.12571,0,0,0.019738
22.289,1,114.1,38.203,-33.685,0.66676,2.2816,0.12574,0,0,0.020281
22.295,1,114.16,38.203,-33.679,0.67417,2.2738,0.12577,0,0,0.020833
22.301,1,114.22,38.202,-33.672,0.68119,2.2655,0.12579,0,0,0.021394
22.307,1,114.28,38.201,-33.665,0.6878,2.2571,0.12582,0,0,0.02196
22.314,1,114.35,38.2,-33.659,0.69402,2.25,0.12585,0,0,0.022515
22.32,1,114.41,38.199,-33.652,0.69987,2.2438,0.12588,0,0,0.023059
22.326,1,114.48,38.199,-33.646,0.70537,2.2377,0.12591,0,0,0.023593
22.333,1,114.54,38.198,-33.64,0.71055,2.2333,0.12593,0,0,0.024099
22.339,1,114.59,38.197,-33.634,0.71542,2.2308,0.12596,0,0,0.024566
22.345,1,114.63,38.197,-33.63,0.72001,2.2321,0.12597,0,0,0.024935
22.352,1,114.65,38.196,-33.628,0.72441,2.2387,0.12598,0,0,0.025181
22.358,1,114.67,38.196,-33.627,0.72861,2.2426,0.12598,0,0,0.025384
22.364,1,114.67,38.195,-33.626,0.73264,2.2459,0.12599,0,0,0.025556
22.37,1,114.67,38.195,-33.626,0.7365,2.249,0.12599,0,0,0.025698
22.377,1,114.67,38.195,-33.626,0.74022,2.2519,0.12599,0,0,0.025816
22.383,1,114.67,38.195,-33.626,0.74378,2.254,0.12599,0,0,0.025931
22.389,1,114.68,38.196,-33.625,0.74715,2.2503,0.12599,0,0,0.026134
22.395,1,114.72,38.196,-33.621,0.75033,2.2401,0.12601,0,0,0.026477
22.401,1,114.77,38.196,-33.618,0.75334,2.2335,0.12603,0,0,0.026851
22.407,1,114.82,38.196,-33.614,0.75619,2.228,0.12605,0,0,0.027229
22.413,1,114.86,38.196,-33.611,0.75891,2.2255,0.12606,0,0,0.027567
22.419,1,114.89,38.196,-33.608,0.76152,2.2246,0.12608,0,0,0.027867
22.425,1,114.92,38.196,-33.605,0.76402,2.2245,0.12609,0,0,0.028141
22.431,1,114.96,38.197,-33.603,0.7664,2.223,0.1261,0,0,0.02842
22.437,1,115,38.197,-33.6,0.76865,2.2187,0.12612,0,0,0.028753
22.443,1,115.07,38.197,-33.594,0.77013,2.2034,0.12615,0,0,0.029241
22.449,1,115.1,38.197,-33.59,0.77071,2.212,0.12617,0,0,0.029529
22.455,1,114.93,38.197,-33.604,0.76728,2.2878,0.1261,0,0,0.028428
22.461,1,114.76,38.198,-33.62,0.76174,2.3295,0.12602,0,0,0.027093
22.466,1,114.55,38.199,-33.639,0.75419,2.3712,0.12594,0,0,0.025636
22.472,1,114.38,38.201,-33.656,0.74536,2.3963,0.12586,0,0,0.024261
22.477,1,114.24,38.202,-33.669,0.73592,2.4076,0.1258,0,0,0.023142
22.482,1,114.14,38.203,-33.679,0.72641,2.4105,0.12576,0,0,0.022268
22.488,1,114.04,38.204,-33.688,0.71697,2.4145,0.12572,0,0,0.021478
22.493,1,113.93,38.205,-33.698,0.70752,2.4311,0.12567,0,0,0.02063
22.498,1,113.68,38.206,-33.72,0.69705,2.5004,0.12557,0,0,0.019063
22.503,1,113.49,38.208,-33.741,0.68666,2.5146,0.12548,0,0,0.017715
22.509,1,113.42,38.209,-33.749,0.67737,2.4821,0.12545,0,0,0.017137
22.515,1,113.42,38.21,-33.751,0.66898,2.4472,0.12544,0,0,0.016924
22.52,1,113.46,38.21,-33.748,0.66191,2.4157,0.12546,0,0,0.016945
22.526,1,113.52,38.21,-33.743,0.65648,2.3886,0.12549,0,0,0.017092
22.532,1,113.59,38.21,-33.737,0.65221,2.3674,0.12552,0,0,0.017312
22.538,1,113.66,38.209,-33.731,0.64943,2.3519,0.12555,0,0,0.017556
22.544,1,113.72,38.209,-33.725,0.64804,2.3413,0.12557,0,0,0.017804
22.55,1,113.81,38.208,-33.718,0.64822,2.3213,0.1256,0,0,0.01816
22.556,1,113.9,38.207,-33.709,0.65,2.3034,0.12564,0,0,0.018654
22.563,1,113.98,38.206,-33.701,0.65332,2.2928,0.12568,0,0,0.019147
22.569,1,114.05,38.205,-33.693,0.65854,2.2861,0.12571,0,0,0.019655
22.575,1,114.11,38.204,-33.687,0.66599,2.2793,0.12574,0,0,0.020191
22.581,1,114.18,38.203,-33.68,0.67342,2.2712,0.12576,0,0,0.020755
22.587,1,114.24,38.203,-33.674,0.68047,2.2625,0.12579,0,0,0.021323
22.593,1,114.31,38.202,-33.667,0.6871,2.2543,0.12582,0,0,0.021897
22.6,1,114.38,38.201,-33.66,0.69336,2.2476,0.12585,0,0,0.022457
22.606,1,114.44,38.2,-33.654,0.69923,2.2416,0.12588,0,0,0.023004
22.612,1,114.5,38.199,-33.647,0.70476,2.2363,0.12591,0,0,0.023541
22.619,1,114.56,38.199,-33.641,0.70995,2.2324,0.12593,0,0,0.024049
22.625,1,114.62,38.198,-33.636,0.71485,2.2303,0.12595,0,0,0.02452
22.631,1,114.65,38.197,-33.632,0.71952,2.2331,0.12597,0,0,0.024897
22.638,1,114.66,38.197,-33.629,0.72398,2.2398,0.12598,0,0,0.025147
22.644,1,114.67,38.196,-33.628,0.72824,2.2438,0.12598,0,0,0.025348
22.65,1,114.67,38.196,-33.627,0.73231,2.2472,0.12599,0,0,0.025518
22.656,1,114.68,38.196,-33.626,0.73621,2.2504,0.12599,0,0,0.025659
22.663,1,114.67,38.196,-33.626,0.73996,2.2535,0.12599,0,0,0.025774
22.669,1,114.67,38.196,-33.626,0.74353,2.2552,0.12599,0,0,0.025886
22.675,1,114.69,38.196,-33.625,0.74689,2.2508,0.12599,0,0,0.026078
22.681,1,114.73,38.196,-33.622,0.75008,2.2413,0.12601,0,0,0.026399
22.687,1,114.77,38.196,-33.619,0.75308,2.2346,0.12603,0,0,0.026763
22.693,1,114.81,38.196,-33.615,0.75593,2.2294,0.12604,0,0,0.027131
22.699,1,114.85,38.196,-33.612,0.75864,2.2275,0.12606,0,0,0.027461
22.705,1,114.88,38.197,-33.609,0.76123,2.2274,0.12608,0,0,0.02775
22.711,1,114.91,38.197,-33.606,0.76371,2.2278,0.12609,0,0,0.028008
22.717,1,114.93,38.197,-33.604,0.76608,2.2268,0.1261,0,0,0.028262
22.723,1,114.97,38.197,-33.601,0.76829,2.2226,0.12612,0,0,0.028553
22.729,1,115.03,38.197,-33.596,0.76999,2.2126,0.12614,0,0,0.028947
22.735,1,115.08,38.197,-33.59,0.77001,2.2076,0.12617,0,0,0.029429
22.741,1,114.98,38.198,-33.601,0.76655,2.2651,0.12612,0,0,0.028766
22.747,1,114.79,38.198,-33.617,0.76084,2.3227,0.12604,0,0,0.027398
22.752,1,114.6,38.199,-33.635,0.75327,2.3611,0.12596,0,0,0.026023
22.758,1,114.41,38.201,-33.653,0.74426,2.3932,0.12587,0,0,0.024597
22.763,1,114.27,38.202,-33.667,0.73468,2.4059,0.12581,0,0,0.023421
22.768,1,114.16,38.203,-33.677,0.72515,2.4073,0.12577,0,0,0.022519
22.774,1,114.08,38.204,-33.687,0.71593,2.4079,0.12573,0,0,0.02179
22.779,1,113.98,38.205,-33.697,0.70688,2.4216,0.12568,0,0,0.020976
22.784,1,113.79,38.206,-33.716,0.69753,2.4662,0.12559,0,0,0.019825
22.789,1,113.54,38.207,-33.739,0.68727,2.5208,0.12549,0,0,0.018126
22.795,1,113.43,38.209,-33.748,0.67828,2.4946,0.12545,0,0,0.017291
22.801,1,113.41,38.21,-33.75,0.67016,2.4585,0.12545,0,0,0.016954
22.806,1,113.45,38.21,-33.748,0.66341,2.4244,0.12546,0,0,0.016919
22.812,1,113.5,38.21,-33.743,0.65808,2.3958,0.12549,0,0,0.017037
22.818,1,113.57,38.21,-33.737,0.65373,2.372,0.12551,0,0,0.017263
22.824,1,113.64,38.209,-33.731,0.65061,2.3549,0.12554,0,0,0.01752
22.83,1,113.7,38.209,-33.725,0.64898,2.3429,0.12557,0,0,0.017789
22.836,1,113.76,38.208,-33.72,0.64906,2.3351,0.12559,0,0,0.018041
22.842,1,113.85,38.207,-33.711,0.65081,2.3095,0.12563,0,0,0.018501
22.848,1,113.93,38.206,-33.703,0.65398,2.2988,0.12567,0,0,0.018969
22.854,1,114.01,38.205,-33.695,0.65858,2.2896,0.1257,0,0,0.019459
22.861,1,114.07,38.204,-33.689,0.6648,2.2849,0.12573,0,0,0.019946
22.867,1,114.13,38.203,-33.682,0.67238,2.2776,0.12575,0,0,0.020479
22.873,1,114.19,38.203,-33.676,0.67956,2.2704,0.12578,0,0,0.021004
22.879,1,114.26,38.202,-33.669,0.68633,2.2617,0.12581,0,0,0.021547
22.885,1,114.32,38.201,-33.663,0.69271,2.2542,0.12584,0,0,0.022092
22.892,1,114.39,38.2,-33.656,0.6987,2.2476,0.12587,0,0,0.022633
22.898,1,114.45,38.2,-33.65,0.70432,2.2412,0.12589,0,0,0.023169
22.904,1,114.51,38.199,-33.644,0.70959,2.236,0.12592,0,0,0.023696
22.91,1,114.57,38.198,-33.638,0.71454,2.2322,0.12595,0,0,0.024193
22.917,1,114.62,38.198,-33.633,0.7192,2.2306,0.12597,0,0,0.02465
22.923,1,114.64,38.197,-33.63,0.72362,2.2357,0.12598,0,0,0.024998
22.929,1,114.66,38.197,-33.628,0.72785,2.2413,0.12598,0,0,0.025237
22.936,1,114.67,38.196,-33.627,0.73189,2.2445,0.12599,0,0,0.025443
22.942,1,114.67,38.196,-33.627,0.73575,2.2477,0.12599,0,0,0.025615
22.948,1,114.67,38.196,-33.626,0.73946,2.2507,0.12599,0,0,0.02576
22.955,1,114.67,38.196,-33.627,0.74303,2.2534,0.12599,0,0,0.025881
22.961,1,114.68,38.196,-33.626,0.74645,2.2536,0.12599,0,0,0.02601
22.967,1,114.7,38.196,-33.624,0.74969,2.2442,0.126,0,0,0.026265
22.973,1,114.75,38.196,-33.621,0.75275,2.2361,0.12602,0,0,0.026625
22.979,1,114.79,38.197,-33.617,0.75563,2.2293,0.12604,0,0,0.027018
22.985,1,114.84,38.197,-33.613,0.75837,2.2255,0.12606,0,0,0.027403
22.991,1,114.87,38.197,-33.61,0.76097,2.2238,0.12607,0,0,0.027753
22.997,1,114.91,38.197,-33.608,0.76345,2.2232,0.12608,0,0,0.028074
23.003,1,114.94,38.197,-33.605,0.76582,2.2217,0.1261,0,0,0.028385
23.009,1,114.98,38.198,-33.603,0.76804,2.2174,0.12611,0,0,0.028729
23.015,1,115.04,38.198,-33.599,0.77004,2.2098,0.12613,0,0,0.029189
23.021,1,115.13,38.198,-33.591,0.77082,2.1959,0.12617,0,0,0.029777
23.027,1,115.02,38.198,-33.594,0.76854,2.2469,0.12616,0,0,0.02924
23.033,1,114.83,38.198,-33.61,0.76386,2.3149,0.12607,0,0,0.027917
23.038,1,114.64,38.199,-33.626,0.75715,2.3505,0.126,0,0,0.026538
23.044,1,114.45,38.2,-33.644,0.74879,2.3873,0.12591,0,0,0.025086
23.049,1,114.3,38.201,-33.66,0.73967,2.4032,0.12584,0,0,0.023841
23.055,1,114.19,38.203,-33.672,0.7302,2.4073,0.12579,0,0,0.022808
23.06,1,114.09,38.203,-33.681,0.7208,2.4148,0.12575,0,0,0.021923
23.065,1,113.99,38.204,-33.689,0.71138,2.4207,0.12572,0,0,0.021045
23.07,1,113.82,38.205,-33.701,0.7009,2.4568,0.12565,0,0,0.019677
23.076,1,113.56,38.207,-33.728,0.69046,2.5191,0.12553,0,0,0.018172
23.081,1,113.44,38.208,-33.743,0.681,2.4996,0.12547,0,0,0.017399
23.087,1,113.42,38.209,-33.749,0.67244,2.4631,0.12545,0,0,0.017074
23.092,1,113.45,38.21,-33.749,0.66519,2.4287,0.12546,0,0,0.017019
23.098,1,113.5,38.21,-33.745,0.65915,2.3993,0.12547,0,0,0.017119
23.104,1,113.57,38.21,-33.74,0.65447,2.3744,0.1255,0,0,0.017314
23.11,1,113.64,38.21,-33.734,0.65114,2.3564,0.12553,0,0,0.017547
23.116,1,113.71,38.209,-33.728,0.64847,2.3435,0.12556,0,0,0.017792
23.122,1,113.76,38.208,-33.722,0.64755,2.3358,0.12558,0,0,0.01809
23.128,1,113.86,38.208,-33.715,0.64877,2.3097,0.12562,0,0,0.018579
23.134,1,113.94,38.207,-33.706,0.6516,2.2982,0.12565,0,0,0.019064
23.14,1,114.02,38.206,-33.698,0.65606,2.2883,0.12569,0,0,0.019567
23.146,1,114.09,38.205,-33.692,0.66262,2.2834,0.12571,0,0,0.020083
23.153,1,114.15,38.204,-33.685,0.67025,2.2755,0.12574,0,0,0.020654
23.159,1,114.22,38.203,-33.679,0.67747,2.2679,0.12577,0,0,0.02122
23.165,1,114.28,38.202,-33.672,0.68428,2.2591,0.1258,0,0,0.021796
23.171,1,114.35,38.202,-33.666,0.6907,2.2517,0.12583,0,0,0.02236
23.177,1,114.41,38.201,-33.659,0.69674,2.2454,0.12585,0,0,0.02291
23.184,1,114.48,38.2,-33.653,0.70242,2.2392,0.12588,0,0,0.02345
23.19,1,114.54,38.199,-33.646,0.70776,2.2348,0.12591,0,0,0.023965
23.196,1,114.59,38.199,-33.64,0.7128,2.2319,0.12593,0,0,0.024441
23.203,1,114.64,38.198,-33.635,0.71757,2.231,0.12596,0,0,0.024846
23.209,1,114.66,38.197,-33.631,0.72213,2.2376,0.12597,0,0,0.025108
23.215,1,114.67,38.197,-33.629,0.72646,2.2428,0.12598,0,0,0.025313
23.222,1,114.68,38.197,-33.628,0.7306,2.2463,0.12598,0,0,0.025487
23.228,1,114.68,38.196,-33.627,0.73453,2.2497,0.12599,0,0,0.02563
23.234,1,114.68,38.196,-33.627,0.7383,2.2529,0.12599,0,0,0.025748
23.241,1,114.67,38.196,-33.627,0.74192,2.2557,0.12599,0,0,0.025853
23.247,1,114.68,38.196,-33.627,0.74539,2.2535,0.12599,0,0,0.026018
23.253,1,114.71,38.197,-33.625,0.74867,2.2439,0.12599,0,0,0.026348
23.259,1,114.76,38.197,-33.622,0.75178,2.2366,0.12601,0,0,0.026711
23.265,1,114.8,38.197,-33.618,0.75472,2.2316,0.12603,0,0,0.027089
23.271,1,114.84,38.197,-33.614,0.75751,2.2284,0.12605,0,0,0.027422
23.277,1,114.87,38.197,-33.611,0.76017,2.2274,0.12607,0,0,0.027717
23.283,1,114.9,38.197,-33.608,0.76269,2.2277,0.12608,0,0,0.027976
23.289,1,114.93,38.197,-33.605,0.76509,2.2273,0.1261,0,0,0.02823
23.295,1,114.96,38.198,-33.603,0.76736,2.2251,0.12611,0,0,0.028517
23.301,1,115.01,38.198,-33.599,0.76903,2.2184,0.12613,0,0,0.028905
23.307,1,115.09,38.198,-33.591,0.76963,2.2014,0.12617,0,0,0.029404
23.312,1,115.01,38.198,-33.591,0.76741,2.2461,0.12616,0,0,0.028763
23.318,1,114.82,38.198,-33.607,0.76259,2.3152,0.12608,0,0,0.027393
23.324,1,114.65,38.199,-33.623,0.75581,2.349,0.126,0,0,0.026029
23.33,1,114.45,38.2,-33.642,0.74738,2.3866,0.12591,0,0,0.024597
23.335,1,114.3,38.201,-33.658,0.73822,2.4025,0.12584,0,0,0.023419
23.34,1,114.19,38.203,-33.671,0.72885,2.4066,0.12579,0,0,0.022505
23.346,1,114.13,38.204,-33.681,0.71962,2.4056,0.12574,0,0,0.02177
23.351,1,114.04,38.205,-33.69,0.71047,2.4087,0.1257,0,0,0.021014
23.356,1,113.92,38.206,-33.702,0.70065,2.4336,0.12562,0,0,0.01979
23.361,1,113.62,38.207,-33.727,0.69033,2.5191,0.12552,0,0,0.018148
23.367,1,113.47,38.209,-33.744,0.68099,2.5072,0.12546,0,0,0.017344
23.372,1,113.42,38.21,-33.75,0.67271,2.4719,0.12545,0,0,0.017004
23.378,1,113.44,38.21,-33.75,0.6657,2.4368,0.12545,0,0,0.016952
23.384,1,113.49,38.211,-33.747,0.66012,2.408,0.12547,0,0,0.017049
23.39,1,113.55,38.211,-33.742,0.65583,2.3817,0.1255,0,0,0.01725
23.396,1,113.62,38.21,-33.736,0.65221,2.3629,0.12553,0,0,0.017484
23.402,1,113.68,38.21,-33.729,0.64985,2.3487,0.12555,0,0,0.017732
23.408,1,113.74,38.209,-33.724,0.64889,2.3396,0.12558,0,0,0.017969
23.414,1,113.81,38.208,-33.715,0.64967,2.3224,0.12562,0,0,0.018388
23.42,1,113.9,38.207,-33.707,0.65215,2.3045,0.12565,0,0,0.018862
23.426,1,113.97,38.206,-33.699,0.65629,2.2943,0.12569,0,0,0.019351
23.432,1,114.04,38.205,-33.691,0.66221,2.2873,0.12572,0,0,0.019847
23.438,1,114.1,38.204,-33.685,0.66992,2.281,0.12575,0,0,0.020387
23.444,1,114.17,38.203,-33.678,0.67724,2.273,0.12577,0,0,0.020932
23.451,1,114.23,38.202,-33.671,0.68415,2.2644,0.1258,0,0,0.021489
23.457,1,114.3,38.202,-33.664,0.69066,2.256,0.12583,0,0,0.022048
23.463,1,114.36,38.201,-33.658,0.69678,2.2491,0.12586,0,0,0.022596
23.469,1,114.43,38.2,-33.651,0.70253,2.2431,0.12589,0,0,0.023138
23.476,1,114.49,38.199,-33.645,0.70792,2.2373,0.12592,0,0,0.023669
23.482,1,114.55,38.199,-33.639,0.71296,2.2331,0.12594,0,0,0.02417
23.488,1,114.6,38.198,-33.634,0.71769,2.2308,0.12596,0,0,0.024634
23.495,1,114.64,38.197,-33.63,0.72218,2.232,0.12598,0,0,0.024993
23.501,1,114.66,38.197,-33.628,0.72647,2.2388,0.12598,0,0,0.02524
23.507,1,114.67,38.196,-33.627,0.73057,2.2429,0.12599,0,0,0.025442
23.514,1,114.67,38.196,-33.626,0.73446,2.2463,0.12599,0,0,0.025612
23.52,1,114.68,38.196,-33.626,0.73816,2.2494,0.12599,0,0,0.025754
23.526,1,114.67,38.196,-33.626,0.74172,2.2524,0.12599,0,0,0.025872
23.532,1,114.67,38.196,-33.627,0.74515,2.2542,0.12599,0,0,0.02599
23.538,1,114.69,38.196,-33.625,0.74845,2.2514,0.12599,0,0,0.026205
23.544,1,114.73,38.196,-33.622,0.75158,2.2405,0.12601,0,0,0.026545
23.551,1,114.77,38.196,-33.618,0.75453,2.2333,0.12603,0,0,0.02692
23.557,1,114.82,38.197,-33.614,0.75733,2.2282,0.12605,0,0,0.027296
23.563,1,114.86,38.197,-33.611,0.75998,2.2262,0.12606,0,0,0.027634
23.569,1,114.89,38.197,-33.609,0.76251,2.2256,0.12608,0,0,0.027937
23.575,1,114.92,38.197,-33.607,0.76493,2.2258,0.12609,0,0,0.028216
23.581,1,114.95,38.197,-33.604,0.76723,2.2244,0.1261,0,0,0.028504
23.586,1,114.99,38.197,-33.601,0.76939,2.2198,0.12612,0,0,0.028852
23.592,1,115.07,38.198,-33.596,0.77066,2.2034,0.12614,0,0,0.029388
23.598,1,115.11,38.198,-33.592,0.77054,2.2061,0.12616,0,0,0.029535
23.604,1,114.96,38.198,-33.605,0.76744,2.2859,0.12608,0,0,0.028263
23.61,1,114.78,38.199,-33.622,0.762,2.3273,0.126,0,0,0.026958
23.616,1,114.58,38.2,-33.64,0.75458,2.3687,0.12592,0,0,0.025483
23.621,1,114.4,38.201,-33.657,0.74577,2.396,0.12584,0,0,0.024147
23.626,1,114.25,38.202,-33.67,0.73629,2.4072,0.12579,0,0,0.023059
23.632,1,114.13,38.203,-33.68,0.72679,2.4104,0.12575,0,0,0.022186
23.637,1,114.04,38.204,-33.688,0.71726,2.4151,0.12572,0,0,0.021421
23.642,1,113.92,38.205,-33.698,0.70792,2.4314,0.12567,0,0,0.020497
23.647,1,113.65,38.206,-33.719,0.69772,2.507,0.12556,0,0,0.018767
23.653,1,113.48,38.208,-33.741,0.68723,2.5125,0.12548,0,0,0.017621
23.658,1,113.42,38.209,-33.749,0.67777,2.4796,0.12545,0,0,0.017112
23.664,1,113.42,38.21,-33.751,0.66922,2.4449,0.12544,0,0,0.016942
23.67,1,113.47,38.21,-33.748,0.66195,2.4145,0.12546,0,0,0.016968
23.676,1,113.53,38.21,-33.743,0.65624,2.3875,0.12549,0,0,0.017124
23.682,1,113.59,38.21,-33.737,0.65213,2.367,0.12552,0,0,0.01734
23.688,1,113.66,38.21,-33.731,0.64951,2.3517,0.12554,0,0,0.017582
23.694,1,113.72,38.209,-33.725,0.64796,2.3414,0.12557,0,0,0.017825
23.7,1,113.79,38.208,-33.72,0.64823,2.3221,0.12559,0,0,0.018262
23.706,1,113.88,38.207,-33.711,0.65002,2.304,0.12563,0,0,0.018752
23.712,1,113.96,38.207,-33.703,0.65313,2.2932,0.12567,0,0,0.019258
23.718,1,114.03,38.206,-33.696,0.6581,2.2862,0.1257,0,0,0.019767
23.724,1,114.1,38.205,-33.689,0.66563,2.2792,0.12573,0,0,0.020331
23.73,1,114.16,38.204,-33.683,0.67305,2.2709,0.12575,0,0,0.020899
23.736,1,114.23,38.203,-33.677,0.68006,2.2621,0.12578,0,0,0.021478
23.743,1,114.3,38.203,-33.67,0.68667,2.2539,0.12581,0,0,0.022054
23.749,1,114.36,38.202,-33.663,0.69291,2.2473,0.12584,0,0,0.022614
23.755,1,114.43,38.201,-33.657,0.69877,2.2413,0.12587,0,0,0.023164
23.762,1,114.49,38.2,-33.65,0.70429,2.2361,0.12589,0,0,0.023693
23.768,1,114.55,38.2,-33.644,0.70952,2.2323,0.12592,0,0,0.024192
23.774,1,114.61,38.199,-33.639,0.71444,2.2302,0.12595,0,0,0.024648
23.781,1,114.64,38.198,-33.634,0.71911,2.2333,0.12597,0,0,0.024979
23.787,1,114.66,38.198,-33.631,0.72357,2.2401,0.12598,0,0,0.025204
23.793,1,114.67,38.197,-33.629,0.72783,2.2438,0.12598,0,0,0.025396
23.8,1,114.67,38.197,-33.628,0.73191,2.2473,0.12599,0,0,0.025554
23.806,1,114.67,38.197,-33.628,0.73581,2.2504,0.12599,0,0,0.025685
23.812,1,114.67,38.197,-33.627,0.73957,2.2535,0.12599,0,0,0.025793
23.818,1,114.67,38.197,-33.627,0.74318,2.2552,0.12599,0,0,0.025909
23.824,1,114.68,38.197,-33.627,0.74656,2.2507,0.12599,0,0,0.026155
23.83,1,114.72,38.197,-33.624,0.74978,2.2408,0.126,0,0,0.026499
23.837,1,114.77,38.197,-33.621,0.75282,2.2337,0.12602,0,0,0.026871
23.843,1,114.81,38.197,-33.617,0.7557,2.2293,0.12604,0,0,0.027228
23.849,1,114.85,38.198,-33.613,0.75844,2.2277,0.12606,0,0,0.027542
23.855,1,114.88,38.198,-33.61,0.76106,2.2277,0.12608,0,0,0.027814
23.861,1,114.91,38.198,-33.607,0.76359,2.228,0.12609,0,0,0.028061
23.866,1,114.94,38.198,-33.604,0.766,2.2266,0.1261,0,0,0.028313
23.872,1,114.98,38.198,-33.601,0.7682,2.2212,0.12612,0,0,0.028616
23.878,1,115.04,38.198,-33.596,0.7701,2.2102,0.12615,0,0,0.02906
23.884,1,115.08,38.198,-33.588,0.77028,2.2083,0.12618,0,0,0.02929
23.89,1,114.97,38.198,-33.596,0.76687,2.2715,0.12614,0,0,0.028243
23.896,1,114.79,38.199,-33.614,0.76113,2.3237,0.12606,0,0,0.026905
23.901,1,114.59,38.2,-33.631,0.75351,2.3635,0.12598,0,0,0.025469
23.907,1,114.4,38.201,-33.649,0.74462,2.3944,0.12589,0,0,0.024111
23.912,1,114.26,38.202,-33.664,0.73509,2.4066,0.12583,0,0,0.023016
23.918,1,114.15,38.203,-33.676,0.72559,2.4075,0.12578,0,0,0.022205
23.923,1,114.06,38.204,-33.686,0.71629,2.4113,0.12573,0,0,0.021497
23.928,1,113.96,38.205,-33.696,0.70727,2.4242,0.12569,0,0,0.020676
23.933,1,113.74,38.207,-33.714,0.6979,2.4782,0.1256,0,0,0.019301
23.939,1,113.51,38.208,-33.737,0.68774,2.5195,0.1255,0,0,0.017786
23.944,1,113.43,38.209,-33.747,0.67865,2.4893,0.12546,0,0,0.017143
23.95,1,113.42,38.21,-33.75,0.67018,2.4538,0.12545,0,0,0.016892
23.955,1,113.45,38.211,-33.749,0.66308,2.4207,0.12546,0,0,0.0169
23.961,1,113.51,38.211,-33.744,0.6574,2.3929,0.12549,0,0,0.01704
23.967,1,113.58,38.211,-33.738,0.65343,2.3704,0.12552,0,0,0.017266
23.973,1,113.65,38.21,-33.731,0.65062,2.3542,0.12555,0,0,0.017516
23.979,1,113.71,38.209,-33.725,0.64908,2.3429,0.12557,0,0,0.017773
23.985,1,113.77,38.209,-33.72,0.64905,2.3343,0.1256,0,0,0.018043
23.991,1,113.86,38.208,-33.71,0.65068,2.3081,0.12564,0,0,0.018529
23.997,1,113.94,38.207,-33.702,0.6537,2.2978,0.12567,0,0,0.019005
24.003,1,114.01,38.205,-33.694,0.65817,2.2891,0.12571,0,0,0.019504
24.01,1,114.08,38.204,-33.688,0.66432,2.284,0.12573,0,0,0.020006
24.016,1,114.14,38.204,-33.681,0.67187,2.2759,0.12576,0,0,0.020552
24.022,1,114.2,38.203,-33.675,0.67906,2.2683,0.12579,0,0,0.021095
24.028,1,114.27,38.202,-33.668,0.68584,2.2596,0.12581,0,0,0.021653
24.034,1,114.34,38.201,-33.662,0.69221,2.2523,0.12584,0,0,0.022208
24.041,1,114.4,38.2,-33.655,0.69821,2.2459,0.12587,0,0,0.022752
24.047,1,114.47,38.2,-33.649,0.70383,2.2395,0.1259,0,0,0.023292
24.053,1,114.53,38.199,-33.643,0.7091,2.2349,0.12592,0,0,0.023813
24.059,1,114.58,38.198,-33.637,0.71405,2.2315,0.12595,0,0,0.024303
24.066,1,114.63,38.197,-33.632,0.71872,2.2303,0.12597,0,0,0.024745
24.072,1,114.65,38.197,-33.629,0.72314,2.2364,0.12598,0,0,0.025061
24.078,1,114.66,38.196,-33.628,0.72737,2.2415,0.12599,0,0,0.025285
24.085,1,114.67,38.196,-33.627,0.73141,2.2448,0.12599,0,0,0.025478
24.091,1,114.67,38.196,-33.626,0.73529,2.2481,0.12599,0,0,0.025639
24.097,1,114.68,38.196,-33.626,0.73903,2.2511,0.12599,0,0,0.025773
24.104,1,114.67,38.196,-33.626,0.74263,2.2538,0.12599,0,0,0.025886
24.11,1,114.68,38.196,-33.626,0.74607,2.2535,0.12599,0,0,0.026013
24.116,1,114.71,38.196,-33.623,0.74934,2.2438,0.126,0,0,0.026289
24.122,1,114.75,38.196,-33.619,0.75243,2.2362,0.12602,0,0,0.026646
24.128,1,114.8,38.196,-33.615,0.75535,2.2299,0.12604,0,0,0.027034
24.134,1,114.83,38.196,-33.611,0.75813,2.2263,0.12606,0,0,0.027402
24.14,1,114.87,38.197,-33.608,0.76077,2.2247,0.12608,0,0,0.027732
24.146,1,114.91,38.197,-33.605,0.76326,2.2245,0.12609,0,0,0.028028
24.152,1,114.94,38.197,-33.603,0.76563,2.2237,0.12611,0,0,0.028311
24.158,1,114.97,38.197,-33.599,0.76787,2.2214,0.12613,0,0,0.028619
24.164,1,115.02,38.197,-33.593,0.76979,2.2138,0.12615,0,0,0.029025
24.17,1,115.11,38.197,-33.588,0.77102,2.1996,0.12618,0,0,0.029565
24.176,1,115.04,38.197,-33.599,0.76872,2.2482,0.12613,0,0,0.029225
24.181,1,114.84,38.198,-33.616,0.76376,2.3154,0.12604,0,0,0.02787
24.187,1,114.66,38.199,-33.635,0.75684,2.3515,0.12596,0,0,0.026533
24.193,1,114.46,38.201,-33.653,0.74829,2.388,0.12588,0,0,0.025083
24.198,1,114.3,38.202,-33.667,0.73901,2.4036,0.12581,0,0,0.023829
24.204,1,114.18,38.203,-33.678,0.72947,2.408,0.12576,0,0,0.022814
24.209,1,114.09,38.204,-33.688,0.71996,2.4123,0.12572,0,0,0.021938
24.214,1,113.99,38.205,-33.699,0.71066,2.4202,0.12567,0,0,0.021114
24.219,1,113.82,38.207,-33.721,0.70074,2.4591,0.12559,0,0,0.019956
24.225,1,113.55,38.208,-33.742,0.69035,2.5202,0.12548,0,0,0.018332
24.23,1,113.44,38.209,-33.75,0.68088,2.4986,0.12545,0,0,0.017454
24.236,1,113.42,38.21,-33.751,0.67228,2.4624,0.12545,0,0,0.017071
24.241,1,113.45,38.211,-33.748,0.66505,2.4275,0.12546,0,0,0.016984
24.247,1,113.5,38.211,-33.744,0.65923,2.3986,0.12549,0,0,0.017059
24.253,1,113.57,38.211,-33.737,0.65452,2.3737,0.12552,0,0,0.017245
24.259,1,113.64,38.21,-33.731,0.65098,2.3561,0.12555,0,0,0.017473
24.265,1,113.71,38.209,-33.725,0.64849,2.3436,0.12557,0,0,0.017719
24.271,1,113.76,38.209,-33.719,0.64774,2.3357,0.1256,0,0,0.017959
24.277,1,113.85,38.208,-33.71,0.64901,2.312,0.12564,0,0,0.018451
24.283,1,113.93,38.207,-33.702,0.65174,2.2996,0.12568,0,0,0.01893
24.289,1,114.01,38.206,-33.694,0.65623,2.2893,0.12571,0,0,0.019437
24.295,1,114.07,38.205,-33.687,0.66227,2.2841,0.12574,0,0,0.019941
24.302,1,114.14,38.204,-33.68,0.66995,2.2758,0.12577,0,0,0.020509
24.308,1,114.2,38.203,-33.674,0.67724,2.2678,0.12579,0,0,0.021067
24.314,1,114.27,38.202,-33.667,0.68411,2.2587,0.12582,0,0,0.021641
24.32,1,114.34,38.201,-33.66,0.69058,2.2512,0.12585,0,0,0.022208
24.326,1,114.4,38.201,-33.653,0.69667,2.245,0.12588,0,0,0.022759
24.333,1,114.47,38.2,-33.647,0.70238,2.2388,0.12591,0,0,0.023307
24.339,1,114.53,38.199,-33.641,0.70775,2.2344,0.12594,0,0,0.023829
24.345,1,114.59,38.198,-33.635,0.71277,2.2315,0.12596,0,0,0.024317
24.352,1,114.63,38.198,-33.631,0.71752,2.2303,0.12598,0,0,0.024765
24.358,1,114.66,38.197,-33.629,0.72205,2.2363,0.12598,0,0,0.025056
24.364,1,114.67,38.197,-33.627,0.72637,2.242,0.12599,0,0,0.025271
24.371,1,114.68,38.196,-33.626,0.7305,2.2455,0.12599,0,0,0.025458
24.377,1,114.68,38.196,-33.626,0.73444,2.249,0.12599,0,0,0.025612
24.383,1,114.68,38.196,-33.626,0.73823,2.2522,0.12599,0,0,0.02574
24.39,1,114.67,38.196,-33.626,0.74187,2.2551,0.12599,0,0,0.025847
24.396,1,114.67,38.196,-33.626,0.74535,2.255,0.12599,0,0,0.025977
24.402,1,114.71,38.196,-33.623,0.74864,2.2456,0.126,0,0,0.026282
24.408,1,114.75,38.196,-33.619,0.75175,2.2375,0.12602,0,0,0.026642
24.414,1,114.8,38.197,-33.616,0.75467,2.2313,0.12604,0,0,0.02703
24.42,1,114.84,38.197,-33.612,0.75744,2.2285,0.12606,0,0,0.027386
24.426,1,114.87,38.197,-33.61,0.76008,2.2275,0.12607,0,0,0.027704
24.432,1,114.9,38.197,-33.608,0.7626,2.2279,0.12608,0,0,0.027985
24.438,1,114.93,38.197,-33.606,0.76501,2.2277,0.12609,0,0,0.028256
24.444,1,114.96,38.197,-33.604,0.7673,2.2257,0.12611,0,0,0.028553
24.45,1,115.01,38.198,-33.6,0.76936,2.2185,0.12612,0,0,0.028955
24.456,1,115.1,38.198,-33.592,0.77023,2.1972,0.12616,0,0,0.029597
24.462,1,115.05,38.198,-33.597,0.76893,2.2376,0.12614,0,0,0.029128
24.467,1,114.85,38.198,-33.614,0.76416,2.3112,0.12606,0,0,0.02772
24.473,1,114.67,38.199,-33.63,0.75759,2.3453,0.12598,0,0,0.026376
24.479,1,114.47,38.2,-33.648,0.74918,2.3851,0.1259,0,0,0.024899
24.484,1,114.31,38.202,-33.663,0.73998,2.4023,0.12583,0,0,0.023677
24.49,1,114.2,38.203,-33.674,0.73049,2.4068,0.12578,0,0,0.022707
24.495,1,114.12,38.203,-33.681,0.72117,2.4056,0.12574,0,0,0.02191
24.5,1,114.03,38.204,-33.69,0.71193,2.4123,0.1257,0,0,0.021092
24.505,1,113.89,38.205,-33.703,0.70244,2.4395,0.12563,0,0,0.019925
24.511,1,113.6,38.207,-33.73,0.69224,2.5217,0.12552,0,0,0.018247
24.516,1,113.46,38.208,-33.744,0.68254,2.5058,0.12546,0,0,0.0174
24.522,1,113.42,38.209,-33.749,0.67383,2.4703,0.12545,0,0,0.017039
24.527,1,113.44,38.21,-33.749,0.66632,2.4349,0.12545,0,0,0.016978
24.533,1,113.49,38.21,-33.745,0.66016,2.4055,0.12547,0,0,0.017073
24.539,1,113.55,38.21,-33.74,0.65544,2.3793,0.1255,0,0,0.017277
24.545,1,113.62,38.209,-33.734,0.65193,2.3607,0.12553,0,0,0.017516
24.551,1,113.69,38.209,-33.728,0.64974,2.3467,0.12556,0,0,0.01777
24.557,1,113.74,38.208,-33.722,0.64907,2.3381,0.12558,0,0,0.018012
24.563,1,113.82,38.208,-33.715,0.64981,2.3191,0.12561,0,0,0.018428
24.569,1,113.91,38.207,-33.707,0.65196,2.3034,0.12565,0,0,0.018899
24.575,1,113.98,38.206,-33.7,0.65579,2.2934,0.12568,0,0,0.019385
24.581,1,114.05,38.205,-33.693,0.66137,2.2871,0.12571,0,0,0.019875
24.588,1,114.11,38.204,-33.687,0.66878,2.2807,0.12573,0,0,0.020411
24.594,1,114.17,38.203,-33.681,0.67614,2.273,0.12576,0,0,0.020949
24.6,1,114.23,38.203,-33.675,0.68309,2.2645,0.12579,0,0,0.021501
24.606,1,114.3,38.202,-33.668,0.68963,2.2563,0.12581,0,0,0.022056
24.612,1,114.36,38.201,-33.662,0.69578,2.2494,0.12584,0,0,0.022603
24.619,1,114.42,38.201,-33.656,0.70156,2.2432,0.12587,0,0,0.023141
24.625,1,114.49,38.2,-33.649,0.70697,2.2373,0.1259,0,0,0.02367
24.631,1,114.55,38.199,-33.643,0.71206,2.233,0.12592,0,0,0.024169
24.638,1,114.6,38.199,-33.638,0.71684,2.2306,0.12595,0,0,0.024629
24.644,1,114.64,38.198,-33.633,0.72137,2.2327,0.12597,0,0,0.02498
24.65,1,114.66,38.198,-33.631,0.7257,2.2394,0.12598,0,0,0.025216
24.657,1,114.67,38.197,-33.629,0.72983,2.243,0.12598,0,0,0.025417
24.663,1,114.67,38.197,-33.628,0.73378,2.2463,0.12598,0,0,0.025586
24.669,1,114.67,38.197,-33.628,0.73758,2.2494,0.12599,0,0,0.025726
24.676,1,114.67,38.197,-33.627,0.74123,2.2523,0.12599,0,0,0.025842
24.682,1,114.67,38.197,-33.627,0.74473,2.2541,0.12599,0,0,0.025964
24.688,1,114.69,38.197,-33.626,0.74806,2.2495,0.12599,0,0,0.026204
24.694,1,114.73,38.197,-33.623,0.75119,2.2394,0.12601,0,0,0.026556
24.7,1,114.77,38.197,-33.619,0.75416,2.2324,0.12603,0,0,0.026938
24.706,1,114.82,38.197,-33.615,0.75695,2.2273,0.12605,0,0,0.027314
24.712,1,114.86,38.197,-33.611,0.7596,2.2257,0.12607,0,0,0.02765
24.718,1,114.9,38.198,-33.608,0.76214,2.2251,0.12608,0,0,0.027952
24.724,1,114.93,38.198,-33.605,0.76456,2.2249,0.1261,0,0,0.028234
24.73,1,114.96,38.198,-33.602,0.76687,2.2226,0.12611,0,0,0.028534
24.736,1,115.01,38.198,-33.598,0.76904,2.217,0.12613,0,0,0.028915
24.742,1,115.1,38.198,-33.591,0.7707,2.1991,0.12617,0,0,0.02952
24.748,1,115.1,38.198,-33.589,0.77042,2.2161,0.12617,0,0,0.029403
24.754,1,114.93,38.199,-33.606,0.7668,2.2947,0.12609,0,0,0.028074
24.759,1,114.75,38.199,-33.622,0.76118,2.3327,0.12601,0,0,0.026734
24.765,1,114.55,38.2,-33.64,0.75356,2.3737,0.12593,0,0,0.025254
24.77,1,114.37,38.202,-33.657,0.74473,2.3982,0.12585,0,0,0.023958
24.776,1,114.23,38.203,-33.67,0.73529,2.4076,0.1258,0,0,0.022911
24.781,1,114.13,38.204,-33.681,0.72579,2.4105,0.12575,0,0,0.022048
24.786,1,114.04,38.205,-33.69,0.71637,2.4144,0.12571,0,0,0.021239
24.792,1,113.91,38.206,-33.703,0.70691,2.4353,0.12564,0,0,0.020177
24.797,1,113.63,38.207,-33.728,0.69618,2.5139,0.12553,0,0,0.018523
24.802,1,113.48,38.209,-33.744,0.68606,2.5089,0.12547,0,0,0.017497
24.808,1,113.42,38.21,-33.75,0.67685,2.4746,0.12545,0,0,0.017061
24.813,1,113.43,38.211,-33.75,0.66856,2.4396,0.12545,0,0,0.016947
24.819,1,113.48,38.211,-33.747,0.6616,2.4108,0.12547,0,0,0.01701
24.825,1,113.54,38.211,-33.741,0.65608,2.3839,0.1255,0,0,0.017192
24.831,1,113.61,38.211,-33.735,0.65206,2.3645,0.12553,0,0,0.017423
24.837,1,113.68,38.21,-33.729,0.64939,2.3496,0.12556,0,0,0.017674
24.843,1,113.73,38.209,-33.723,0.64824,2.3403,0.12558,0,0,0.01792
24.849,1,113.82,38.208,-33.714,0.64867,2.3181,0.12562,0,0,0.018349
24.855,1,113.9,38.207,-33.706,0.65054,2.3021,0.12566,0,0,0.018831
24.861,1,113.98,38.206,-33.697,0.65387,2.2917,0.12569,0,0,0.019328
24.867,1,114.05,38.205,-33.69,0.65908,2.2859,0.12572,0,0,0.019829
24.874,1,114.12,38.204,-33.683,0.66655,2.2791,0.12575,0,0,0.020381
24.88,1,114.18,38.203,-33.676,0.67398,2.2715,0.12578,0,0,0.020935
24.886,1,114.24,38.202,-33.669,0.68101,2.2629,0.12581,0,0,0.021501
24.892,1,114.31,38.201,-33.662,0.68762,2.255,0.12584,0,0,0.022067
24.898,1,114.37,38.201,-33.656,0.69386,2.2482,0.12587,0,0,0.022621
24.905,1,114.44,38.2,-33.649,0.69971,2.2421,0.1259,0,0,0.023165
24.911,1,114.5,38.199,-33.643,0.70524,2.2367,0.12592,0,0,0.023694
24.917,1,114.56,38.198,-33.637,0.71044,2.2327,0.12595,0,0,0.024195
24.924,1,114.61,38.197,-33.632,0.71533,2.2305,0.12597,0,0,0.024653
24.93,1,114.65,38.197,-33.629,0.71998,2.2342,0.12598,0,0,0.02499
24.936,1,114.66,38.196,-33.627,0.72443,2.2411,0.12599,0,0,0.025212
24.943,1,114.67,38.196,-33.626,0.72866,2.2443,0.12599,0,0,0.025409
24.949,1,114.68,38.196,-33.626,0.73271,2.2476,0.12599,0,0,0.025572
24.955,1,114.68,38.196,-33.626,0.73659,2.2506,0.12599,0,0,0.025708
24.962,1,114.67,38.196,-33.626,0.74033,2.2535,0.12599,0,0,0.025819
24.968,1,114.67,38.196,-33.626,0.7439,2.2549,0.12599,0,0,0.025938
24.974,1,114.69,38.196,-33.624,0.74728,2.249,0.126,0,0,0.026185
24.98,1,114.73,38.196,-33.62,0.75048,2.2402,0.12602,0,0,0.026532
24.986,1,114.78,38.196,-33.616,0.7535,2.2335,0.12604,0,0,0.026908
24.992,1,114.82,38.196,-33.613,0.75636,2.2287,0.12605,0,0,0.027271
24.998,1,114.86,38.196,-33.61,0.75909,2.2272,0.12607,0,0,0.02759
25.004,1,114.89,38.196,-33.608,0.76171,2.2269,0.12608,0,0,0.02787
25.01,1,114.92,38.197,-33.606,0.76421,2.2273,0.12609,0,0,0.028127
25.016,1,114.95,38.197,-33.604,0.76657,2.2263,0.1261,0,0,0.028392
25.022,1,114.99,38.197,-33.601,0.7688,2.2221,0.12612,0,0,0.028722
25.028,1,115.06,38.197,-33.595,0.77015,2.2072,0.12615,0,0,0.029229
25.034,1,115.08,38.197,-33.594,0.76974,2.214,0.12615,0,0,0.029317
25.04,1,114.93,38.198,-33.61,0.76583,2.2845,0.12608,0,0,0.028233
25.045,1,114.75,38.199,-33.626,0.75979,2.3311,0.126,0,0,0.026913
25.051,1,114.55,38.2,-33.644,0.75184,2.3714,0.12591,0,0,0.025473
25.057,1,114.37,38.201,-33.661,0.74271,2.3979,0.12584,0,0,0.024137
25.062,1,114.23,38.202,-33.673,0.73311,2.4077,0.12578,0,0,0.02305
25.067,1,114.13,38.203,-33.682,0.72362,2.4079,0.12575,0,0,0.022212
25.073,1,114.05,38.204,-33.689,0.71438,2.409,0.12572,0,0,0.021491
25.078,1,113.94,38.205,-33.7,0.70518,2.427,0.12566,0,0,0.020583
25.083,1,113.69,38.206,-33.723,0.6954,2.4982,0.12555,0,0,0.019122
25.088,1,113.48,38.208,-33.743,0.68536,2.5197,0.12547,0,0,0.017774
25.094,1,113.42,38.209,-33.75,0.67654,2.4837,0.12544,0,0,0.017154
25.099,1,113.42,38.21,-33.751,0.66863,2.4483,0.12544,0,0,0.01694
25.105,1,113.46,38.21,-33.748,0.66204,2.417,0.12546,0,0,0.016958
25.111,1,113.52,38.21,-33.743,0.65662,2.3894,0.12549,0,0,0.017113
25.117,1,113.59,38.21,-33.737,0.65239,2.368,0.12552,0,0,0.017343
25.123,1,113.65,38.21,-33.731,0.64993,2.3524,0.12554,0,0,0.017599
25.129,1,113.71,38.209,-33.726,0.64884,2.3421,0.12557,0,0,0.017856
25.135,1,113.78,38.208,-33.72,0.6492,2.3264,0.12559,0,0,0.018177
25.141,1,113.87,38.207,-33.711,0.65119,2.3063,0.12563,0,0,0.018652
25.147,1,113.95,38.207,-33.703,0.65454,2.2957,0.12567,0,0,0.01913
25.153,1,114.02,38.206,-33.696,0.65945,2.2879,0.1257,0,0,0.019623
25.16,1,114.08,38.205,-33.69,0.66602,2.2817,0.12572,0,0,0.020133
25.166,1,114.15,38.204,-33.683,0.67352,2.2732,0.12575,0,0,0.02067
25.172,1,114.22,38.203,-33.677,0.68063,2.2646,0.12578,0,0,0.021208
25.178,1,114.28,38.203,-33.67,0.68731,2.256,0.12581,0,0,0.021758
25.184,1,114.35,38.202,-33.663,0.6936,2.249,0.12584,0,0,0.022305
25.191,1,114.42,38.201,-33.657,0.69948,2.243,0.12587,0,0,0.022844
25.197,1,114.48,38.2,-33.65,0.705,2.2371,0.12589,0,0,0.023377
25.203,1,114.54,38.2,-33.644,0.71017,2.233,0.12592,0,0,0.023893
25.209,1,114.6,38.199,-33.638,0.71504,2.2307,0.12595,0,0,0.024375
25.216,1,114.64,38.198,-33.634,0.71962,2.2309,0.12597,0,0,0.024788
25.222,1,114.65,38.198,-33.631,0.72399,2.2376,0.12598,0,0,0.025084
25.229,1,114.66,38.197,-33.629,0.72816,2.2424,0.12598,0,0,0.025303
25.235,1,114.67,38.197,-33.628,0.73215,2.2459,0.12599,0,0,0.025493
25.241,1,114.67,38.197,-33.628,0.73599,2.2491,0.12599,0,0,0.025652
25.247,1,114.67,38.197,-33.627,0.7397,2.2523,0.12599,0,0,0.025784
25.254,1,114.67,38.197,-33.628,0.74328,2.2548,0.12599,0,0,0.025903
25.26,1,114.68,38.197,-33.627,0.7467,2.2526,0.12599,0,0,0.026073
25.266,1,114.72,38.197,-33.625,0.74992,2.2423,0.126,0,0,0.026369
25.272,1,114.76,38.197,-33.621,0.75296,2.2352,0.12602,0,0,0.026735
25.278,1,114.81,38.197,-33.617,0.75584,2.2292,0.12604,0,0,0.02712
25.284,1,114.85,38.197,-33.613,0.75858,2.2269,0.12606,0,0,0.02748
25.29,1,114.88,38.198,-33.61,0.76118,2.2263,0.12607,0,0,0.027804
25.296,1,114.91,38.198,-33.608,0.76368,2.2267,0.12609,0,0,0.0281
25.302,1,114.94,38.198,-33.605,0.76606,2.2258,0.1261,0,0,0.028393
25.308,1,114.98,38.198,-33.602,0.76831,2.2222,0.12612,0,0,0.028728
25.314,1,115.03,38.198,-33.597,0.77,2.2127,0.12614,0,0,0.029191
25.32,1,115.11,38.198,-33.589,0.77054,2.2,0.12618,0,0,0.02971
25.326,1,115.01,38.198,-33.596,0.76803,2.254,0.12613,0,0,0.028896
25.331,1,114.82,38.199,-33.613,0.7629,2.3167,0.12605,0,0,0.027537
25.337,1,114.63,38.2,-33.63,0.7558,2.3549,0.12596,0,0,0.026108
25.343,1,114.44,38.201,-33.648,0.74711,2.3897,0.12588,0,0,0.024673
25.348,1,114.29,38.202,-33.663,0.73773,2.4046,0.12582,0,0,0.023487
25.353,1,114.18,38.203,-33.675,0.72815,2.408,0.12577,0,0,0.022531
25.359,1,114.09,38.204,-33.684,0.71877,2.4123,0.12573,0,0,0.021624
25.364,1,113.98,38.205,-33.694,0.70935,2.4242,0.12568,0,0,0.020778
25.369,1,113.8,38.206,-33.71,0.6992,2.4672,0.12559,0,0,0.019236
25.374,1,113.55,38.208,-33.735,0.68872,2.5199,0.12549,0,0,0.017879
25.38,1,113.44,38.209,-33.747,0.67939,2.4943,0.12546,0,0,0.017264
25.385,1,113.42,38.21,-33.75,0.67102,2.4581,0.12545,0,0,0.017023
25.391,1,113.45,38.21,-33.748,0.66397,2.4247,0.12546,0,0,0.017016
25.397,1,113.51,38.21,-33.744,0.65819,2.396,0.12548,0,0,0.017143
25.403,1,113.58,38.21,-33.738,0.65369,2.3722,0.12551,0,0,0.017348
25.409,1,113.65,38.21,-33.731,0.65049,2.3551,0.12554,0,0,0.017581
25.415,1,113.71,38.209,-33.725,0.64874,2.3429,0.12557,0,0,0.017819
25.421,1,113.76,38.208,-33.72,0.64863,2.3341,0.12559,0,0,0.018117
25.427,1,113.86,38.207,-33.711,0.64997,2.3087,0.12563,0,0,0.018608
25.433,1,113.94,38.206,-33.703,0.65275,2.2985,0.12567,0,0,0.019091
25.439,1,114.01,38.205,-33.695,0.65724,2.2895,0.1257,0,0,0.019595
25.445,1,114.07,38.204,-33.688,0.66372,2.2846,0.12573,0,0,0.020112
25.452,1,114.13,38.203,-33.682,0.67131,2.2768,0.12575,0,0,0.02068
25.458,1,114.2,38.202,-33.676,0.6785,2.2691,0.12578,0,0,0.021246
25.464,1,114.26,38.202,-33.669,0.68528,2.2603,0.12581,0,0,0.021825
25.47,1,114.33,38.201,-33.663,0.69167,2.2529,0.12584,0,0,0.02239
25.476,1,114.39,38.2,-33.656,0.69768,2.2465,0.12586,0,0,0.022936
25.483,1,114.46,38.199,-33.65,0.7033,2.2399,0.12589,0,0,0.023476
25.489,1,114.52,38.199,-33.644,0.70857,2.2352,0.12592,0,0,0.023988
25.495,1,114.58,38.198,-33.638,0.71353,2.2321,0.12594,0,0,0.024463
25.502,1,114.63,38.197,-33.633,0.71823,2.2308,0.12596,0,0,0.024868
25.508,1,114.65,38.197,-33.63,0.72269,2.2364,0.12598,0,0,0.025128
25.514,1,114.66,38.196,-33.628,0.72694,2.2416,0.12598,0,0,0.02533
25.521,1,114.67,38.196,-33.627,0.731,2.2448,0.12599,0,0,0.025502
25.527,1,114.67,38.196,-33.626,0.73488,2.248,0.12599,0,0,0.025645
25.533,1,114.68,38.196,-33.626,0.73861,2.251,0.12599,0,0,0.025761
25.539,1,114.67,38.196,-33.626,0.74219,2.2537,0.12599,0,0,0.025863
25.546,1,114.68,38.196,-33.626,0.74563,2.2535,0.12599,0,0,0.026017
25.552,1,114.71,38.196,-33.623,0.74888,2.2439,0.126,0,0,0.02634
25.558,1,114.75,38.196,-33.619,0.75195,2.2364,0.12602,0,0,0.026698
25.564,1,114.8,38.196,-33.615,0.75487,2.2298,0.12604,0,0,0.027074
25.57,1,114.83,38.196,-33.611,0.75764,2.2259,0.12606,0,0,0.027406
25.576,1,114.87,38.196,-33.608,0.7603,2.224,0.12608,0,0,0.027698
25.582,1,114.91,38.196,-33.605,0.76284,2.2235,0.12609,0,0,0.02795
25.588,1,114.94,38.197,-33.602,0.76527,2.222,0.12611,0,0,0.028192
25.594,1,114.98,38.197,-33.598,0.76757,2.2188,0.12613,0,0,0.028457
25.6,1,115.03,38.197,-33.592,0.76938,2.2122,0.12615,0,0,0.028799
25.606,1,115.12,38.197,-33.586,0.77056,2.1959,0.12619,0,0,0.02939
25.611,1,115.02,38.197,-33.598,0.76847,2.2486,0.12613,0,0,0.028965
25.617,1,114.83,38.198,-33.615,0.7637,2.3157,0.12605,0,0,0.02751
25.623,1,114.64,38.199,-33.634,0.75697,2.3516,0.12596,0,0,0.026217
25.628,1,114.45,38.2,-33.652,0.74849,2.3879,0.12588,0,0,0.02476
25.634,1,114.29,38.202,-33.667,0.73926,2.4036,0.12581,0,0,0.023557
25.639,1,114.18,38.203,-33.678,0.72974,2.4071,0.12576,0,0,0.02262
25.645,1,114.1,38.204,-33.689,0.72041,2.4128,0.12572,0,0,0.021917
25.65,1,113.99,38.205,-33.7,0.71112,2.4201,0.12567,0,0,0.021173
25.655,1,113.83,38.207,-33.724,0.70134,2.4557,0.12559,0,0,0.020162
25.66,1,113.56,38.208,-33.742,0.69088,2.5183,0.12548,0,0,0.018396
25.666,1,113.45,38.209,-33.75,0.68137,2.5003,0.12545,0,0,0.01743
25.671,1,113.42,38.21,-33.751,0.67275,2.464,0.12545,0,0,0.017024
25.677,1,113.45,38.211,-33.748,0.66563,2.4293,0.12546,0,0,0.016937
25.683,1,113.5,38.211,-33.743,0.6595,2.3998,0.12549,0,0,0.01702
25.689,1,113.57,38.211,-33.737,0.65464,2.3747,0.12552,0,0,0.017221
25.695,1,113.64,38.21,-33.731,0.65134,2.3565,0.12555,0,0,0.017462
25.701,1,113.7,38.21,-33.725,0.64894,2.3435,0.12557,0,0,0.017719
25.707,1,113.76,38.209,-33.718,0.64766,2.3356,0.12561,0,0,0.017967
25.713,1,113.85,38.208,-33.709,0.64884,2.3128,0.12564,0,0,0.018347
25.719,1,113.94,38.207,-33.7,0.65179,2.3,0.12568,0,0,0.018821
25.725,1,114.02,38.206,-33.693,0.65639,2.2898,0.12571,0,0,0.019303
25.731,1,114.08,38.205,-33.686,0.66242,2.2841,0.12574,0,0,0.019793
25.737,1,114.15,38.204,-33.679,0.67011,2.2764,0.12577,0,0,0.020318
25.743,1,114.21,38.203,-33.672,0.67738,2.2686,0.1258,0,0,0.020851
25.75,1,114.28,38.202,-33.665,0.68426,2.2597,0.12583,0,0,0.021395
25.756,1,114.35,38.201,-33.658,0.69073,2.2521,0.12585,0,0,0.021947
25.762,1,114.41,38.2,-33.651,0.69682,2.2458,0.12588,0,0,0.022495
25.768,1,114.48,38.199,-33.645,0.70251,2.2397,0.12591,0,0,0.023033
25.775,1,114.54,38.199,-33.639,0.70786,2.2351,0.12593,0,0,0.023569
25.781,1,114.6,38.198,-33.633,0.71289,2.2319,0.12596,0,0,0.024077
25.787,1,114.65,38.197,-33.629,0.71764,2.2309,0.12598,0,0,0.024547
25.794,1,114.67,38.197,-33.627,0.72215,2.2362,0.12599,0,0,0.024938
25.8,1,114.68,38.196,-33.626,0.72643,2.2421,0.12599,0,0,0.025198
25.806,1,114.68,38.196,-33.626,0.73052,2.2456,0.12599,0,0,0.02541
25.813,1,114.68,38.196,-33.625,0.73443,2.2491,0.12599,0,0,0.02559
25.819,1,114.68,38.196,-33.626,0.73821,2.2523,0.12599,0,0,0.025741
25.825,1,114.67,38.196,-33.626,0.74184,2.2553,0.12599,0,0,0.025866
25.831,1,114.68,38.196,-33.625,0.74531,2.2538,0.12599,0,0,0.025985
25.837,1,114.71,38.196,-33.622,0.74859,2.2463,0.12601,0,0,0.026179
25.843,1,114.75,38.196,-33.619,0.75168,2.2381,0.12602,0,0,0.026504
25.849,1,114.79,38.196,-33.615,0.75461,2.232,0.12604,0,0,0.026878
25.855,1,114.83,38.196,-33.612,0.75738,2.229,0.12606,0,0,0.027263
25.861,1,114.87,38.196,-33.61,0.76003,2.2281,0.12607,0,0,0.027616
25.867,1,114.89,38.197,-33.608,0.7626,2.2285,0.12608,0,0,0.027935
25.873,1,114.92,38.197,-33.607,0.76505,2.2286,0.12609,0,0,0.028232
25.879,1,114.96,38.197,-33.605,0.76738,2.2268,0.1261,0,0,0.028536
25.885,1,115,38.197,-33.602,0.76903,2.2205,0.12611,0,0,0.028904
25.891,1,115.07,38.197,-33.595,0.7698,2.2042,0.12615,0,0,0.029483
25.897,1,115.07,38.197,-33.598,0.76876,2.2321,0.12614,0,0,0.029664
25.903,1,114.87,38.198,-33.616,0.76419,2.309,0.12607,0,0,0.028524
25.909,1,114.69,38.199,-33.631,0.75791,2.3432,0.12599,0,0,0.027172
25.914,1,114.49,38.2,-33.649,0.74965,2.3838,0.12591,0,0,0.025639
25.92,1,114.33,38.201,-33.664,0.7405,2.4016,0.12583,0,0,0.024348
25.925,1,114.21,38.202,-33.674,0.73101,2.4074,0.12578,0,0,0.023329
25.93,1,114.12,38.203,-33.681,0.7218,2.4054,0.12575,0,0,0.022414
25.936,1,114.04,38.203,-33.688,0.71278,2.4086,0.12572,0,0,0.021522
25.941,1,113.92,38.204,-33.699,0.70369,2.4291,0.12566,0,0,0.020546
25.946,1,113.64,38.206,-33.726,0.69332,2.5106,0.12553,0,0,0.019016
25.951,1,113.47,38.207,-33.743,0.68368,2.5126,0.12547,0,0,0.017807
25.957,1,113.42,38.208,-33.749,0.67504,2.4775,0.12545,0,0,0.017238
25.963,1,113.43,38.209,-33.749,0.66737,2.4421,0.12545,0,0,0.017044
25.968,1,113.47,38.209,-33.746,0.66088,2.4119,0.12547,0,0,0.017063
25.974,1,113.53,38.209,-33.74,0.65602,2.3854,0.12549,0,0,0.017216
25.98,1,113.6,38.209,-33.735,0.65245,2.3657,0.12552,0,0,0.017435
25.986,1,113.66,38.208,-33.729,0.65002,2.3516,0.12555,0,0,0.017679
25.992,1,113.72,38.208,-33.724,0.64907,2.3419,0.12557,0,0,0.017925
25.998,1,113.8,38.207,-33.719,0.6496,2.326,0.1256,0,0,0.018287
26.004,1,113.89,38.207,-33.71,0.65166,2.3059,0.12563,0,0,0.018768
26.01,1,113.96,38.206,-33.703,0.6552,2.2957,0.12566,0,0,0.019252
26.017,1,114.03,38.205,-33.696,0.66043,2.2879,0.12569,0,0,0.019747
26.023,1,114.09,38.204,-33.69,0.66767,2.2822,0.12572,0,0,0.020269
26.029,1,114.16,38.204,-33.684,0.67505,2.2739,0.12574,0,0,0.02082
26.035,1,114.22,38.203,-33.678,0.68205,2.2655,0.12577,0,0,0.021375
26.041,1,114.29,38.202,-33.671,0.68863,2.2568,0.1258,0,0,0.021939
26.047,1,114.35,38.202,-33.665,0.69484,2.2497,0.12583,0,0,0.022492
26.054,1,114.42,38.201,-33.658,0.70067,2.2437,0.12586,0,0,0.023034
26.06,1,114.48,38.2,-33.652,0.70614,2.2377,0.12589,0,0,0.023567
26.066,1,114.54,38.2,-33.646,0.71127,2.2333,0.12591,0,0,0.024073
26.073,1,114.6,38.199,-33.64,0.71611,2.2307,0.12594,0,0,0.024538
26.079,1,114.64,38.198,-33.635,0.72068,2.2312,0.12596,0,0,0.024912
26.085,1,114.66,38.198,-33.632,0.72505,2.2378,0.12597,0,0,0.025153
26.092,1,114.67,38.197,-33.63,0.72922,2.2422,0.12598,0,0,0.025357
26.098,1,114.68,38.197,-33.629,0.73321,2.2456,0.12598,0,0,0.025527
26.104,1,114.67,38.197,-33.628,0.73703,2.2488,0.12599,0,0,0.025669
26.11,1,114.68,38.197,-33.627,0.74071,2.2519,0.12599,0,0,0.025785
26.117,1,114.67,38.197,-33.628,0.74423,2.2543,0.12599,0,0,0.0259
26.123,1,114.69,38.197,-33.627,0.74758,2.2525,0.12599,0,0,0.026111
26.129,1,114.72,38.197,-33.625,0.75075,2.242,0.126,0,0,0.026453
26.135,1,114.77,38.197,-33.621,0.75374,2.2348,0.12602,0,0,0.026826
26.141,1,114.81,38.198,-33.617,0.75658,2.2286,0.12604,0,0,0.027201
26.147,1,114.85,38.198,-33.614,0.75928,2.2262,0.12606,0,0,0.027532
26.153,1,114.88,38.198,-33.61,0.76186,2.2255,0.12608,0,0,0.027826
26.159,1,114.91,38.198,-33.607,0.76434,2.2256,0.12609,0,0,0.028092
26.165,1,114.95,38.198,-33.605,0.76669,2.2242,0.1261,0,0,0.028363
26.171,1,114.98,38.198,-33.601,0.76891,2.22,0.12612,0,0,0.028687
26.177,1,115.04,38.199,-33.597,0.77054,2.2106,0.12615,0,0,0.029168
26.183,1,115.12,38.198,-33.589,0.77102,2.2006,0.12618,0,0,0.029434
26.188,1,115,38.199,-33.594,0.76823,2.2632,0.12613,0,0,0.02837
26.194,1,114.82,38.199,-33.611,0.76295,2.32,0.12606,0,0,0.027037
26.2,1,114.62,38.2,-33.628,0.75571,2.3592,0.12597,0,0,0.025589
26.205,1,114.43,38.201,-33.646,0.74694,2.3919,0.12589,0,0,0.024219
26.211,1,114.28,38.202,-33.661,0.73748,2.4057,0.12583,0,0,0.023107
26.216,1,114.17,38.203,-33.674,0.72791,2.4084,0.12578,0,0,0.022244
26.221,1,114.08,38.204,-33.684,0.71845,2.4114,0.12574,0,0,0.021521
26.227,1,113.97,38.205,-33.694,0.70909,2.4246,0.12569,0,0,0.020641
26.232,1,113.78,38.207,-33.71,0.69921,2.4719,0.1256,0,0,0.019159
26.237,1,113.53,38.208,-33.734,0.68882,2.5179,0.1255,0,0,0.017765
26.243,1,113.44,38.209,-33.746,0.67952,2.4923,0.12546,0,0,0.017146
26.248,1,113.42,38.21,-33.749,0.67111,2.4569,0.12545,0,0,0.016914
26.254,1,113.46,38.211,-33.748,0.66404,2.4229,0.12546,0,0,0.016922
26.26,1,113.51,38.211,-33.744,0.65799,2.395,0.12548,0,0,0.017064
26.266,1,113.58,38.21,-33.738,0.6535,2.3714,0.12551,0,0,0.017285
26.272,1,113.65,38.21,-33.732,0.65035,2.3548,0.12554,0,0,0.017534
26.278,1,113.71,38.209,-33.726,0.64855,2.3432,0.12557,0,0,0.017788
26.284,1,113.77,38.208,-33.72,0.64837,2.3334,0.1256,0,0,0.018113
26.29,1,113.86,38.207,-33.71,0.6497,2.3083,0.12564,0,0,0.018594
26.296,1,113.95,38.206,-33.702,0.65261,2.2979,0.12567,0,0,0.019082
26.302,1,114.02,38.205,-33.694,0.65723,2.2886,0.12571,0,0,0.019586
26.308,1,114.09,38.204,-33.687,0.66351,2.2835,0.12573,0,0,0.020109
26.314,1,114.15,38.203,-33.681,0.67114,2.2753,0.12576,0,0,0.020665
26.32,1,114.21,38.202,-33.674,0.67838,2.2674,0.12579,0,0,0.02122
26.327,1,114.28,38.201,-33.667,0.6852,2.2586,0.12582,0,0,0.021785
26.333,1,114.35,38.201,-33.661,0.69163,2.2513,0.12585,0,0,0.022342
26.339,1,114.41,38.2,-33.654,0.69767,2.2451,0.12587,0,0,0.022887
26.345,1,114.48,38.199,-33.647,0.70331,2.2388,0.1259,0,0,0.023422
26.352,1,114.54,38.198,-33.641,0.7086,2.2345,0.12593,0,0,0.023937
26.358,1,114.59,38.197,-33.636,0.71358,2.2319,0.12595,0,0,0.024417
26.364,1,114.64,38.197,-33.631,0.71829,2.2311,0.12597,0,0,0.024827
26.371,1,114.65,38.196,-33.628,0.72278,2.2378,0.12598,0,0,0.025112
26.377,1,114.67,38.196,-33.627,0.72706,2.2428,0.12599,0,0,0.025322
26.383,1,114.67,38.195,-33.626,0.73116,2.2462,0.12599,0,0,0.025504
26.39,1,114.68,38.195,-33.625,0.73507,2.2495,0.12599,0,0,0.025654
26.396,1,114.68,38.195,-33.625,0.73881,2.2527,0.12599,0,0,0.025779
26.402,1,114.67,38.195,-33.625,0.7424,2.2553,0.12599,0,0,0.025889
26.408,1,114.68,38.195,-33.625,0.74584,2.2531,0.12599,0,0,0.026049
26.414,1,114.71,38.195,-33.622,0.74909,2.2431,0.126,0,0,0.026343
26.42,1,114.76,38.195,-33.618,0.75217,2.2359,0.12602,0,0,0.026701
26.427,1,114.8,38.195,-33.614,0.75507,2.2299,0.12604,0,0,0.027076
26.433,1,114.84,38.196,-33.611,0.75781,2.2271,0.12606,0,0,0.027422
26.439,1,114.88,38.196,-33.608,0.76043,2.2261,0.12608,0,0,0.027727
26.445,1,114.9,38.196,-33.605,0.76293,2.2262,0.12609,0,0,0.027998
26.45,1,114.93,38.196,-33.603,0.76535,2.2251,0.1261,0,0,0.028258
26.456,1,114.97,38.196,-33.6,0.76765,2.2221,0.12612,0,0,0.028544
26.462,1,115.02,38.196,-33.595,0.76952,2.2137,0.12614,0,0,0.028915
26.468,1,115.1,38.196,-33.588,0.77003,2.2014,0.12617,0,0,0.029478
26.474,1,115.01,38.197,-33.598,0.76738,2.2568,0.12613,0,0,0.029097
26.48,1,114.82,38.198,-33.616,0.76249,2.3185,0.12604,0,0,0.027734
26.486,1,114.63,38.199,-33.633,0.75568,2.3563,0.12596,0,0,0.026416
26.491,1,114.44,38.2,-33.651,0.74722,2.3905,0.12588,0,0,0.024966
26.497,1,114.29,38.201,-33.666,0.73803,2.4048,0.12581,0,0,0.023734
26.502,1,114.18,38.202,-33.677,0.72859,2.4066,0.12577,0,0,0.022757
26.507,1,114.09,38.203,-33.687,0.71932,2.4113,0.12572,0,0,0.02198
26.512,1,113.99,38.205,-33.697,0.70999,2.4185,0.12568,0,0,0.021204
26.518,1,113.83,38.206,-33.717,0.6999,2.4548,0.12559,0,0,0.019859
26.523,1,113.56,38.208,-33.739,0.68955,2.5216,0.12549,0,0,0.018411
26.528,1,113.44,38.209,-33.748,0.68023,2.4994,0.12545,0,0,0.017455
26.534,1,113.42,38.21,-33.751,0.67179,2.463,0.12544,0,0,0.017043
26.54,1,113.45,38.21,-33.749,0.66462,2.4284,0.12546,0,0,0.016948
26.545,1,113.49,38.211,-33.744,0.65872,2.3995,0.12548,0,0,0.017024
26.551,1,113.56,38.21,-33.738,0.65434,2.3747,0.12551,0,0,0.017219
26.557,1,113.63,38.21,-33.732,0.65121,2.3571,0.12554,0,0,0.017456
26.563,1,113.69,38.209,-33.726,0.64894,2.3444,0.12557,0,0,0.017712
26.569,1,113.75,38.209,-33.72,0.64823,2.3367,0.12559,0,0,0.01796
26.576,1,113.83,38.208,-33.711,0.64947,2.3123,0.12563,0,0,0.01839
26.582,1,113.92,38.207,-33.703,0.65213,2.3001,0.12567,0,0,0.018865
26.588,1,114,38.206,-33.696,0.65659,2.2901,0.1257,0,0,0.019356
26.594,1,114.07,38.205,-33.689,0.66285,2.285,0.12573,0,0,0.019849
26.6,1,114.13,38.204,-33.683,0.67052,2.2773,0.12575,0,0,0.020389
26.606,1,114.19,38.203,-33.676,0.67779,2.2697,0.12578,0,0,0.020926
26.612,1,114.26,38.203,-33.67,0.68465,2.2609,0.12581,0,0,0.021477
26.618,1,114.33,38.202,-33.663,0.6911,2.2533,0.12584,0,0,0.022032
26.625,1,114.39,38.201,-33.657,0.69716,2.2468,0.12587,0,0,0.022579
26.631,1,114.46,38.201,-33.65,0.70283,2.2406,0.12589,0,0,0.023118
26.637,1,114.52,38.2,-33.644,0.70816,2.2356,0.12592,0,0,0.023647
26.644,1,114.58,38.199,-33.638,0.71317,2.232,0.12595,0,0,0.02415
26.65,1,114.63,38.198,-33.633,0.71791,2.2305,0.12597,0,0,0.02461
26.656,1,114.66,38.198,-33.63,0.72242,2.2347,0.12598,0,0,0.024966
26.663,1,114.67,38.197,-33.629,0.72669,2.2411,0.12598,0,0,0.025199
26.669,1,114.68,38.197,-33.628,0.73081,2.2444,0.12599,0,0,0.025404
26.675,1,114.68,38.197,-33.627,0.73475,2.2477,0.12599,0,0,0.025574
26.682,1,114.68,38.197,-33.627,0.73853,2.2508,0.12599,0,0,0.025717
26.688,1,114.67,38.197,-33.627,0.74214,2.2538,0.12599,0,0,0.025835
26.694,1,114.68,38.197,-33.627,0.74559,2.2538,0.12599,0,0,0.025956
26.7,1,114.7,38.197,-33.625,0.74885,2.2463,0.126,0,0,0.026187
26.706,1,114.74,38.197,-33.621,0.75194,2.2381,0.12602,0,0,0.026536
26.712,1,114.79,38.197,-33.617,0.75485,2.2317,0.12604,0,0,0.026917
26.718,1,114.83,38.197,-33.614,0.75761,2.2279,0.12606,0,0,0.027295
26.724,1,114.87,38.197,-33.61,0.76025,2.2266,0.12607,0,0,0.027632
26.73,1,114.9,38.197,-33.608,0.76277,2.2266,0.12608,0,0,0.027934
26.736,1,114.93,38.198,-33.606,0.76517,2.2265,0.1261,0,0,0.028215
26.742,1,114.96,38.198,-33.603,0.76746,2.2246,0.12611,0,0,0.028509
26.748,1,115,38.198,-33.599,0.76936,2.2179,0.12613,0,0,0.028875
26.754,1,115.09,38.198,-33.592,0.77074,2.1982,0.12616,0,0,0.029451
26.76,1,115.08,38.198,-33.593,0.76995,2.2291,0.12616,0,0,0.029497
26.766,1,114.88,38.198,-33.61,0.76555,2.3073,0.12608,0,0,0.028214
26.771,1,114.7,38.199,-33.626,0.75927,2.3416,0.126,0,0,0.02691
26.777,1,114.5,38.2,-33.644,0.75104,2.3823,0.12591,0,0,0.025433
26.782,1,114.33,38.201,-33.66,0.74194,2.401,0.12584,0,0,0.02411
26.788,1,114.21,38.202,-33.672,0.73248,2.4072,0.12579,0,0,0.023028
26.793,1,114.12,38.203,-33.682,0.72314,2.409,0.12575,0,0,0.022154
26.798,1,114.04,38.204,-33.689,0.71385,2.4119,0.12571,0,0,0.021385
26.804,1,113.91,38.205,-33.701,0.70423,2.4368,0.12566,0,0,0.020443
26.809,1,113.62,38.207,-33.726,0.69361,2.5156,0.12554,0,0,0.01879
26.814,1,113.47,38.208,-33.743,0.68375,2.5068,0.12547,0,0,0.017624
26.82,1,113.42,38.209,-33.749,0.67479,2.4732,0.12545,0,0,0.017116
26.825,1,113.44,38.21,-33.749,0.6671,2.438,0.12545,0,0,0.016952
26.831,1,113.48,38.21,-33.746,0.66074,2.4092,0.12547,0,0,0.016992
26.837,1,113.55,38.21,-33.741,0.6558,2.3828,0.1255,0,0,0.017157
26.843,1,113.61,38.209,-33.735,0.6518,2.3636,0.12553,0,0,0.017383
26.849,1,113.68,38.209,-33.729,0.64945,2.349,0.12555,0,0,0.017631
26.855,1,113.73,38.208,-33.723,0.64847,2.3395,0.12558,0,0,0.017879
26.861,1,113.81,38.207,-33.715,0.64909,2.3203,0.12561,0,0,0.018294
26.867,1,113.89,38.206,-33.707,0.65121,2.3035,0.12565,0,0,0.01878
26.873,1,113.97,38.205,-33.699,0.65499,2.2932,0.12568,0,0,0.019279
26.879,1,114.04,38.204,-33.692,0.66056,2.2866,0.12571,0,0,0.019783
26.886,1,114.11,38.204,-33.685,0.66798,2.28,0.12574,0,0,0.020333
26.892,1,114.17,38.203,-33.679,0.67539,2.2719,0.12577,0,0,0.020891
26.898,1,114.24,38.202,-33.672,0.68239,2.2632,0.1258,0,0,0.021459
26.904,1,114.3,38.201,-33.666,0.68898,2.255,0.12582,0,0,0.022028
26.91,1,114.37,38.201,-33.659,0.69516,2.2482,0.12585,0,0,0.022584
26.917,1,114.43,38.2,-33.653,0.70094,2.2422,0.12588,0,0,0.023128
26.923,1,114.5,38.199,-33.646,0.70638,2.2366,0.12591,0,0,0.023658
26.929,1,114.56,38.198,-33.64,0.71149,2.2326,0.12593,0,0,0.02416
26.936,1,114.61,38.198,-33.635,0.7163,2.2304,0.12596,0,0,0.024621
26.942,1,114.65,38.197,-33.631,0.72087,2.2328,0.12597,0,0,0.024968
26.948,1,114.66,38.197,-33.629,0.72523,2.2396,0.12598,0,0,0.025198
26.955,1,114.67,38.196,-33.628,0.72938,2.2434,0.12598,0,0,0.025395
26.961,1,114.67,38.196,-33.627,0.73336,2.2469,0.12599,0,0,0.025558
26.967,1,114.68,38.196,-33.626,0.73717,2.25,0.12599,0,0,0.025693
26.973,1,114.67,38.196,-33.627,0.74083,2.2531,0.12599,0,0,0.025804
26.98,1,114.67,38.196,-33.627,0.74434,2.2548,0.12599,0,0,0.025918
26.986,1,114.69,38.196,-33.625,0.74767,2.2502,0.12599,0,0,0.026146
26.992,1,114.73,38.197,-33.622,0.75083,2.2405,0.12601,0,0,0.026488
26.998,1,114.77,38.197,-33.618,0.75381,2.2336,0.12603,0,0,0.02686
27.004,1,114.81,38.197,-33.615,0.75665,2.2285,0.12605,0,0,0.027225
27.01,1,114.86,38.197,-33.611,0.75935,2.2265,0.12606,0,0,0.027546
27.016,1,114.89,38.197,-33.609,0.76192,2.2263,0.12608,0,0,0.027828
27.022,1,114.91,38.197,-33.606,0.76437,2.2262,0.12609,0,0,0.028082
27.028,1,114.94,38.198,-33.604,0.7667,2.2253,0.1261,0,0,0.028342
27.034,1,114.98,38.198,-33.601,0.76888,2.2216,0.12612,0,0,0.028656
27.04,1,115.05,38.198,-33.596,0.77045,2.2078,0.12615,0,0,0.029118
27.046,1,115.1,38.198,-33.591,0.77035,2.2075,0.12617,0,0,0.02935
27.051,1,114.95,38.198,-33.603,0.76701,2.2781,0.1261,0,0,0.028316
27.057,1,114.77,38.199,-33.62,0.76144,2.3273,0.12602,0,0,0.02699
27.063,1,114.57,38.2,-33.638,0.75388,2.3672,0.12594,0,0,0.025564
27.068,1,114.39,38.201,-33.655,0.74501,2.3965,0.12586,0,0,0.024207
27.074,1,114.24,38.203,-33.669,0.73552,2.4073,0.1258,0,0,0.023102
27.079,1,114.14,38.204,-33.679,0.72599,2.4083,0.12576,0,0,0.022256
27.084,1,114.05,38.205,-33.689,0.71655,2.4123,0.12572,0,0,0.021559
27.089,1,113.94,38.206,-33.699,0.70712,2.4254,0.12568,0,0,0.020709
27.095,1,113.7,38.207,-33.719,0.69691,2.4919,0.12558,0,0,0.019311
27.1,1,113.49,38.208,-33.741,0.68663,2.5194,0.12548,0,0,0.017823
27.105,1,113.42,38.21,-33.749,0.67751,2.4844,0.12545,0,0,0.017144
27.111,1,113.42,38.21,-33.751,0.66929,2.449,0.12545,0,0,0.016891
27.117,1,113.46,38.211,-33.748,0.66242,2.4174,0.12546,0,0,0.016892
27.123,1,113.52,38.211,-33.744,0.65676,2.3901,0.12549,0,0,0.017033
27.129,1,113.58,38.211,-33.738,0.65264,2.3687,0.12552,0,0,0.01726
27.135,1,113.65,38.21,-33.731,0.64999,2.3531,0.12555,0,0,0.017514
27.141,1,113.71,38.209,-33.726,0.64852,2.3424,0.12557,0,0,0.017775
27.147,1,113.78,38.209,-33.719,0.64861,2.3295,0.1256,0,0,0.018089
27.153,1,113.87,38.208,-33.711,0.65035,2.3074,0.12564,0,0,0.018577
27.159,1,113.95,38.207,-33.703,0.65344,2.297,0.12567,0,0,0.019062
27.165,1,114.02,38.206,-33.695,0.65821,2.2884,0.1257,0,0,0.019564
27.171,1,114.08,38.205,-33.689,0.66492,2.2831,0.12573,0,0,0.020079
27.177,1,114.15,38.204,-33.682,0.67243,2.2745,0.12576,0,0,0.020628
27.184,1,114.21,38.203,-33.676,0.67955,2.266,0.12578,0,0,0.021176
27.19,1,114.28,38.202,-33.669,0.68624,2.2572,0.12581,0,0,0.021736
27.196,1,114.34,38.202,-33.662,0.69256,2.2501,0.12584,0,0,0.022291
27.202,1,114.41,38.201,-33.656,0.69851,2.244,0.12587,0,0,0.022835
27.209,1,114.47,38.2,-33.649,0.70409,2.2378,0.1259,0,0,0.023374
27.215,1,114.53,38.199,-33.643,0.70934,2.2335,0.12593,0,0,0.023892
27.221,1,114.59,38.199,-33.637,0.71428,2.2309,0.12595,0,0,0.024375
27.228,1,114.63,38.198,-33.633,0.71894,2.2311,0.12597,0,0,0.024798
27.234,1,114.65,38.197,-33.63,0.7234,2.2378,0.12598,0,0,0.025091
27.24,1,114.66,38.197,-33.629,0.72766,2.2424,0.12598,0,0,0.025308
27.247,1,114.67,38.197,-33.627,0.73173,2.2459,0.12599,0,0,0.025496
27.253,1,114.67,38.196,-33.627,0.73564,2.2491,0.12599,0,0,0.025653
27.259,1,114.67,38.196,-33.627,0.73939,2.2522,0.12599,0,0,0.025783
27.265,1,114.67,38.196,-33.627,0.743,2.2547,0.12599,0,0,0.025896
27.271,1,114.68,38.196,-33.627,0.74645,2.253,0.12599,0,0,0.026048
27.278,1,114.71,38.197,-33.624,0.74969,2.2423,0.126,0,0,0.026354
27.284,1,114.76,38.197,-33.62,0.75275,2.2351,0.12602,0,0,0.026719
27.29,1,114.81,38.197,-33.616,0.75565,2.2292,0.12604,0,0,0.027108
27.296,1,114.85,38.197,-33.612,0.75841,2.2262,0.12606,0,0,0.027467
27.302,1,114.88,38.197,-33.609,0.76105,2.225,0.12608,0,0,0.02779
27.308,1,114.92,38.197,-33.607,0.76358,2.2251,0.12609,0,0,0.02808
27.314,1,114.95,38.197,-33.604,0.766,2.2243,0.1261,0,0,0.028365
27.32,1,114.98,38.198,-33.601,0.76828,2.2215,0.12612,0,0,0.028687
27.325,1,115.04,38.198,-33.596,0.76985,2.213,0.12615,0,0,0.029121
27.331,1,115.11,38.198,-33.589,0.77059,2.2015,0.12618,0,0,0.02969
27.337,1,115,38.198,-33.599,0.7678,2.2579,0.12613,0,0,0.028995
27.343,1,114.81,38.199,-33.616,0.76271,2.3195,0.12605,0,0,0.027636
27.349,1,114.62,38.2,-33.633,0.75555,2.3568,0.12597,0,0,0.02624
27.354,1,114.43,38.201,-33.651,0.74681,2.3907,0.12588,0,0,0.024793
27.36,1,114.28,38.202,-33.666,0.73739,2.4051,0.12582,0,0,0.023585
27.365,1,114.18,38.203,-33.677,0.72779,2.4079,0.12577,0,0,0.022613
27.37,1,114.09,38.204,-33.687,0.71838,2.4113,0.12573,0,0,0.021753
27.376,1,113.99,38.205,-33.697,0.70913,2.4213,0.12568,0,0,0.020902
27.381,1,113.83,38.206,-33.716,0.69914,2.4585,0.12558,0,0,0.019399
27.386,1,113.56,38.208,-33.738,0.68869,2.5203,0.12549,0,0,0.018037
27.391,1,113.44,38.209,-33.748,0.67932,2.4987,0.12545,0,0,0.017306
27.397,1,113.42,38.21,-33.751,0.67081,2.4619,0.12545,0,0,0.017011
27.403,1,113.46,38.211,-33.749,0.66377,2.4274,0.12546,0,0,0.016982
27.409,1,113.51,38.211,-33.744,0.65818,2.3982,0.12549,0,0,0.0171
27.415,1,113.58,38.211,-33.738,0.65377,2.3734,0.12552,0,0,0.01731
27.421,1,113.65,38.21,-33.732,0.65067,2.3556,0.12554,0,0,0.017552
27.427,1,113.72,38.21,-33.725,0.6487,2.3428,0.12557,0,0,0.017804
27.433,1,113.77,38.209,-33.719,0.64836,2.3348,0.1256,0,0,0.018084
27.439,1,113.87,38.208,-33.711,0.64965,2.3092,0.12564,0,0,0.01858
27.445,1,113.95,38.207,-33.702,0.65253,2.2989,0.12567,0,0,0.019057
27.451,1,114.02,38.206,-33.695,0.65723,2.2896,0.1257,0,0,0.019558
27.457,1,114.09,38.205,-33.688,0.66372,2.285,0.12573,0,0,0.020065
27.463,1,114.15,38.204,-33.682,0.67132,2.2776,0.12576,0,0,0.020621
27.469,1,114.21,38.203,-33.675,0.67852,2.2703,0.12579,0,0,0.021173
27.476,1,114.27,38.203,-33.669,0.6853,2.2616,0.12581,0,0,0.021738
27.482,1,114.33,38.202,-33.662,0.69169,2.2541,0.12584,0,0,0.022295
27.488,1,114.4,38.201,-33.656,0.6977,2.2475,0.12587,0,0,0.02284
27.494,1,114.46,38.2,-33.649,0.70333,2.241,0.1259,0,0,0.023378
27.501,1,114.52,38.2,-33.643,0.7086,2.236,0.12592,0,0,0.023894
27.507,1,114.58,38.199,-33.638,0.71356,2.2327,0.12595,0,0,0.024374
27.513,1,114.63,38.198,-33.633,0.71826,2.2309,0.12597,0,0,0.024792
27.52,1,114.66,38.198,-33.63,0.72274,2.2363,0.12598,0,0,0.025074
27.526,1,114.67,38.197,-33.629,0.72702,2.2416,0.12598,0,0,0.025286
27.532,1,114.67,38.197,-33.627,0.73112,2.2448,0.12599,0,0,0.025469
27.539,1,114.68,38.197,-33.627,0.73503,2.248,0.12599,0,0,0.025621
27.545,1,114.68,38.197,-33.627,0.7388,2.251,0.12599,0,0,0.025746
27.551,1,114.67,38.197,-33.627,0.74241,2.2537,0.12599,0,0,0.025856
27.557,1,114.68,38.197,-33.627,0.74584,2.2532,0.12599,0,0,0.026013
27.563,1,114.72,38.197,-33.624,0.74908,2.2439,0.126,0,0,0.026325
27.569,1,114.76,38.197,-33.62,0.75215,2.2364,0.12602,0,0,0.026688
27.576,1,114.8,38.197,-33.616,0.75505,2.2305,0.12604,0,0,0.027072
27.582,1,114.84,38.197,-33.613,0.7578,2.2259,0.12606,0,0,0.02742
27.588,1,114.87,38.197,-33.61,0.76041,2.224,0.12607,0,0,0.027731
27.594,1,114.9,38.197,-33.607,0.7629,2.2233,0.12609,0,0,0.028008
27.599,1,114.94,38.198,-33.605,0.76528,2.2222,0.1261,0,0,0.028279
27.605,1,114.97,38.198,-33.602,0.76753,2.2194,0.12612,0,0,0.028585
27.611,1,115.03,38.198,-33.597,0.76937,2.2126,0.12614,0,0,0.028996
27.617,1,115.12,38.198,-33.589,0.77017,2.1984,0.12618,0,0,0.02953
27.623,1,115.02,38.198,-33.596,0.76803,2.25,0.12614,0,0,0.028861
27.629,1,114.83,38.199,-33.613,0.76317,2.3154,0.12606,0,0,0.0275
27.635,1,114.65,38.199,-33.63,0.75644,2.3519,0.12598,0,0,0.026143
27.64,1,114.45,38.201,-33.648,0.74814,2.3877,0.12589,0,0,0.024712
27.646,1,114.3,38.202,-33.663,0.73908,2.4031,0.12583,0,0,0.023519
27.651,1,114.18,38.203,-33.675,0.72969,2.4067,0.12578,0,0,0.022561
27.656,1,114.11,38.204,-33.684,0.72041,2.4121,0.12574,0,0,0.021816
27.661,1,114.02,38.205,-33.693,0.71096,2.4181,0.1257,0,0,0.021024
27.667,1,113.86,38.206,-33.71,0.70111,2.4528,0.12561,0,0,0.01975
27.672,1,113.59,38.207,-33.734,0.69078,2.5188,0.12551,0,0,0.018218
27.677,1,113.46,38.209,-33.746,0.68133,2.5009,0.12546,0,0,0.017377
27.683,1,113.42,38.21,-33.749,0.6727,2.4657,0.12545,0,0,0.017034
27.689,1,113.45,38.21,-33.748,0.66524,2.4313,0.12546,0,0,0.016968
27.694,1,113.5,38.21,-33.744,0.65943,2.4024,0.12548,0,0,0.017065
27.7,1,113.56,38.21,-33.738,0.65524,2.3772,0.12551,0,0,0.017258
27.706,1,113.63,38.21,-33.732,0.65145,2.3588,0.12554,0,0,0.01749
27.712,1,113.7,38.209,-33.726,0.64893,2.3455,0.12556,0,0,0.017735
27.718,1,113.75,38.208,-33.721,0.64765,2.3374,0.12559,0,0,0.018046
27.724,1,113.84,38.207,-33.713,0.64867,2.3122,0.12562,0,0,0.01845
27.73,1,113.93,38.206,-33.704,0.65155,2.3002,0.12566,0,0,0.018938
27.737,1,114.01,38.205,-33.697,0.65628,2.2902,0.12569,0,0,0.01943
27.743,1,114.07,38.204,-33.69,0.66254,2.2844,0.12572,0,0,0.019949
27.749,1,114.14,38.203,-33.683,0.66993,2.2769,0.12575,0,0,0.020494
27.755,1,114.2,38.203,-33.677,0.67723,2.2691,0.12578,0,0,0.021055
27.761,1,114.27,38.202,-33.67,0.68409,2.2603,0.1258,0,0,0.021619
27.767,1,114.34,38.201,-33.664,0.69052,2.2525,0.12583,0,0,0.02218
27.774,1,114.4,38.2,-33.657,0.69657,2.2462,0.12586,0,0,0.02273
27.78,1,114.47,38.2,-33.651,0.70226,2.2401,0.12589,0,0,0.023266
27.786,1,114.53,38.199,-33.644,0.7076,2.2353,0.12592,0,0,0.023789
27.793,1,114.58,38.198,-33.639,0.71264,2.2319,0.12594,0,0,0.02428
27.799,1,114.63,38.197,-33.634,0.71739,2.2309,0.12596,0,0,0.024694
27.805,1,114.66,38.197,-33.63,0.72192,2.2356,0.12598,0,0,0.025024
27.812,1,114.67,38.196,-33.628,0.72628,2.2418,0.12598,0,0,0.025263
27.818,1,114.68,38.196,-33.627,0.73041,2.2452,0.12599,0,0,0.025451
27.824,1,114.68,38.196,-33.626,0.73434,2.2487,0.12599,0,0,0.025609
27.83,1,114.68,38.196,-33.626,0.73811,2.2519,0.12599,0,0,0.02574
27.837,1,114.67,38.196,-33.626,0.74173,2.2548,0.12599,0,0,0.025858
27.843,1,114.68,38.196,-33.626,0.74518,2.2534,0.12599,0,0,0.026018
27.849,1,114.7,38.196,-33.624,0.74847,2.2466,0.126,0,0,0.02625
27.855,1,114.74,38.196,-33.621,0.75159,2.2383,0.12601,0,0,0.02658
27.861,1,114.79,38.196,-33.617,0.75453,2.2325,0.12603,0,0,0.026937
27.867,1,114.83,38.196,-33.614,0.75733,2.2284,0.12605,0,0,0.027284
27.873,1,114.86,38.197,-33.61,0.76,2.2274,0.12607,0,0,0.027595
27.879,1,114.89,38.197,-33.608,0.76255,2.2276,0.12608,0,0,0.02787
27.885,1,114.93,38.197,-33.605,0.76501,2.2273,0.12609,0,0,0.028124
27.891,1,114.96,38.197,-33.603,0.76737,2.2249,0.12611,0,0,0.028388
27.897,1,115,38.197,-33.599,0.76897,2.2188,0.12612,0,0,0.028695
27.903,1,115.08,38.197,-33.593,0.76994,2.2027,0.12616,0,0,0.029182
27.909,1,115.07,38.197,-33.592,0.76912,2.2284,0.12616,0,0,0.029272
27.914,1,114.88,38.198,-33.608,0.76487,2.3058,0.12608,0,0,0.028129
27.92,1,114.7,38.199,-33.624,0.75876,2.3393,0.126,0,0,0.02685
27.926,1,114.5,38.2,-33.643,0.75066,2.38,0.12592,0,0,0.025427
27.931,1,114.34,38.201,-33.659,0.74154,2.4006,0.12585,0,0,0.024124
27.937,1,114.21,38.202,-33.671,0.73199,2.407,0.12579,0,0,0.023078
27.942,1,114.13,38.203,-33.681,0.72264,2.409,0.12575,0,0,0.022292
27.947,1,114.04,38.204,-33.689,0.71347,2.4138,0.12571,0,0,0.021485
27.952,1,113.93,38.205,-33.701,0.70438,2.4303,0.12566,0,0,0.020627
27.958,1,113.64,38.207,-33.726,0.69412,2.5139,0.12555,0,0,0.018953
27.963,1,113.48,38.208,-33.743,0.68424,2.5106,0.12547,0,0,0.017742
27.968,1,113.42,38.209,-33.749,0.67535,2.4755,0.12545,0,0,0.017194
27.974,1,113.44,38.21,-33.75,0.66752,2.4405,0.12545,0,0,0.017009
27.98,1,113.48,38.21,-33.747,0.66098,2.4109,0.12547,0,0,0.017032
27.986,1,113.54,38.21,-33.742,0.65609,2.3843,0.12549,0,0,0.017186
27.992,1,113.6,38.21,-33.736,0.65216,2.3651,0.12552,0,0,0.0174
27.998,1,113.67,38.21,-33.73,0.64956,2.351,0.12555,0,0,0.017639
28.004,1,113.72,38.209,-33.724,0.64859,2.3412,0.12558,0,0,0.017877
28.01,1,113.81,38.208,-33.716,0.6492,2.3244,0.12561,0,0,0.01818
28.016,1,113.9,38.207,-33.708,0.65121,2.3047,0.12565,0,0,0.018662
28.022,1,113.98,38.206,-33.7,0.65479,2.294,0.12568,0,0,0.019138
28.028,1,114.05,38.205,-33.693,0.66014,2.2866,0.12571,0,0,0.019635
28.034,1,114.11,38.204,-33.686,0.66748,2.2802,0.12574,0,0,0.020148
28.04,1,114.17,38.203,-33.679,0.67486,2.2722,0.12576,0,0,0.020698
28.047,1,114.24,38.203,-33.673,0.68185,2.2636,0.12579,0,0,0.021251
28.053,1,114.3,38.202,-33.666,0.68842,2.2555,0.12582,0,0,0.021816
28.059,1,114.37,38.201,-33.659,0.69462,2.2487,0.12585,0,0,0.022372
28.065,1,114.43,38.2,-33.653,0.70043,2.2426,0.12588,0,0,0.022916
28.072,1,114.5,38.2,-33.646,0.7059,2.237,0.12591,0,0,0.023454
28.078,1,114.56,38.199,-33.64,0.71103,2.2329,0.12593,0,0,0.02397
28.084,1,114.61,38.198,-33.635,0.71586,2.2306,0.12596,0,0,0.024451
28.091,1,114.64,38.198,-33.631,0.72044,2.2323,0.12597,0,0,0.024863
28.097,1,114.66,38.197,-33.629,0.72482,2.2393,0.12598,0,0,0.025149
28.103,1,114.67,38.197,-33.628,0.729,2.2432,0.12599,0,0,0.025361
28.11,1,114.68,38.196,-33.627,0.733,2.2466,0.12599,0,0,0.025544
28.116,1,114.68,38.196,-33.627,0.73683,2.2497,0.12599,0,0,0.025696
28.122,1,114.67,38.196,-33.627,0.74052,2.2527,0.12599,0,0,0.025822
28.128,1,114.67,38.196,-33.627,0.74406,2.2546,0.12599,0,0,0.025934
28.134,1,114.69,38.196,-33.626,0.74741,2.2519,0.12599,0,0,0.026096
28.14,1,114.73,38.197,-33.622,0.75059,2.2416,0.12601,0,0,0.026378
28.146,1,114.77,38.197,-33.619,0.75358,2.2346,0.12603,0,0,0.026732
28.153,1,114.81,38.197,-33.615,0.75643,2.229,0.12605,0,0,0.027104
28.159,1,114.85,38.197,-33.612,0.75913,2.2267,0.12606,0,0,0.027451
28.165,1,114.88,38.197,-33.609,0.76173,2.2262,0.12608,0,0,0.027758
28.171,1,114.91,38.197,-33.607,0.7642,2.2265,0.12609,0,0,0.02803
28.176,1,114.94,38.197,-33.605,0.76657,2.2253,0.1261,0,0,0.028289
28.182,1,114.98,38.198,-33.602,0.7688,2.2215,0.12611,0,0,0.028573
28.188,1,115.04,38.198,-33.597,0.77052,2.212,0.12614,0,0,0.028934
28.194,1,115.11,38.198,-33.592,0.7706,2.2036,0.12617,0,0,0.029483
28.2,1,115,38.198,-33.601,0.76738,2.2615,0.12612,0,0,0.028885
28.206,1,114.81,38.199,-33.618,0.76194,2.3192,0.12604,0,0,0.027507
28.212,1,114.63,38.2,-33.636,0.75466,2.3586,0.12596,0,0,0.026075
28.217,1,114.43,38.201,-33.653,0.74581,2.3918,0.12587,0,0,0.024682
28.222,1,114.28,38.202,-33.667,0.73631,2.4058,0.12581,0,0,0.023563
28.228,1,114.17,38.203,-33.678,0.72676,2.4084,0.12577,0,0,0.022748
28.233,1,114.07,38.204,-33.686,0.71745,2.4095,0.12573,0,0,0.022095
28.238,1,113.97,38.205,-33.696,0.70833,2.4223,0.12569,0,0,0.021319
28.243,1,113.76,38.206,-33.714,0.69888,2.4758,0.1256,0,0,0.020007
28.249,1,113.53,38.208,-33.737,0.68866,2.52,0.1255,0,0,0.018351
28.254,1,113.44,38.209,-33.747,0.67932,2.4905,0.12545,0,0,0.017556
28.26,1,113.42,38.21,-33.75,0.67084,2.4555,0.12545,0,0,0.017102
28.265,1,113.45,38.21,-33.748,0.6637,2.4218,0.12546,0,0,0.016978
28.271,1,113.5,38.21,-33.744,0.65807,2.3942,0.12548,0,0,0.017032
28.277,1,113.57,38.21,-33.738,0.65372,2.3711,0.12551,0,0,0.017212
28.283,1,113.64,38.21,-33.732,0.65063,2.3549,0.12554,0,0,0.017439
28.289,1,113.7,38.209,-33.726,0.64873,2.3434,0.12557,0,0,0.017689
28.295,1,113.76,38.208,-33.72,0.64867,2.3354,0.12559,0,0,0.017932
28.301,1,113.85,38.207,-33.712,0.65035,2.3101,0.12563,0,0,0.018372
28.307,1,113.94,38.207,-33.704,0.65326,2.2994,0.12566,0,0,0.018848
28.314,1,114.01,38.206,-33.696,0.65753,2.2896,0.1257,0,0,0.019344
28.32,1,114.08,38.205,-33.69,0.66356,2.2846,0.12572,0,0,0.01984
28.326,1,114.14,38.204,-33.684,0.67113,2.2765,0.12575,0,0,0.020391
28.332,1,114.2,38.203,-33.677,0.67833,2.2687,0.12578,0,0,0.020934
28.338,1,114.27,38.202,-33.671,0.68515,2.2598,0.1258,0,0,0.021493
28.344,1,114.34,38.202,-33.664,0.69156,2.2523,0.12583,0,0,0.022052
28.351,1,114.4,38.201,-33.658,0.6976,2.2459,0.12586,0,0,0.022602
28.357,1,114.47,38.2,-33.651,0.70326,2.2395,0.12589,0,0,0.023144
28.363,1,114.53,38.2,-33.645,0.70857,2.2348,0.12592,0,0,0.023674
28.37,1,114.59,38.199,-33.639,0.71355,2.2316,0.12594,0,0,0.024172
28.376,1,114.63,38.198,-33.634,0.71824,2.2308,0.12596,0,0,0.024629
28.382,1,114.65,38.198,-33.631,0.72269,2.2366,0.12597,0,0,0.024972
28.389,1,114.66,38.197,-33.629,0.72694,2.2419,0.12598,0,0,0.02521
28.395,1,114.67,38.197,-33.628,0.731,2.2453,0.12598,0,0,0.02541
28.401,1,114.67,38.197,-33.627,0.73488,2.2486,0.12599,0,0,0.025578
28.407,1,114.67,38.197,-33.627,0.73861,2.2516,0.12599,0,0,0.025717
28.414,1,114.67,38.197,-33.627,0.74223,2.2545,0.12599,0,0,0.025834
28.42,1,114.67,38.197,-33.627,0.74569,2.2531,0.12599,0,0,0.025957
28.426,1,114.71,38.197,-33.625,0.74896,2.2442,0.126,0,0,0.026203
28.432,1,114.75,38.197,-33.621,0.75204,2.2367,0.12602,0,0,0.026554
28.438,1,114.8,38.197,-33.617,0.75496,2.2304,0.12604,0,0,0.026938
28.444,1,114.84,38.197,-33.614,0.75774,2.2276,0.12605,0,0,0.027315
28.45,1,114.87,38.197,-33.61,0.76039,2.2263,0.12607,0,0,0.027653
28.456,1,114.9,38.198,-33.608,0.76293,2.2264,0.12609,0,0,0.027959
28.462,1,114.93,38.198,-33.605,0.76535,2.2262,0.1261,0,0,0.028247
28.468,1,114.97,38.198,-33.602,0.76764,2.224,0.12611,0,0,0.028556
28.474,1,115.01,38.198,-33.598,0.76963,2.2158,0.12614,0,0,0.028951
28.48,1,115.09,38.198,-33.59,0.77044,2.2009,0.12617,0,0,0.029531
28.486,1,115.03,38.198,-33.593,0.76849,2.2483,0.12616,0,0,0.02937
28.491,1,114.83,38.199,-33.609,0.76378,2.3141,0.12608,0,0,0.028064
28.497,1,114.65,38.2,-33.626,0.75712,2.3521,0.126,0,0,0.026733
28.503,1,114.45,38.201,-33.644,0.74873,2.3883,0.12592,0,0,0.025274
28.508,1,114.3,38.202,-33.66,0.73956,2.4039,0.12585,0,0,0.023988
28.514,1,114.18,38.203,-33.672,0.73013,2.4072,0.12579,0,0,0.022947
28.519,1,114.11,38.204,-33.682,0.72079,2.4099,0.12575,0,0,0.022069
28.524,1,114.01,38.205,-33.691,0.71149,2.4165,0.12571,0,0,0.021231
28.529,1,113.86,38.206,-33.704,0.70142,2.4467,0.12564,0,0,0.020146
28.535,1,113.58,38.207,-33.73,0.69102,2.5212,0.12552,0,0,0.018472
28.54,1,113.45,38.209,-33.744,0.68156,2.5032,0.12547,0,0,0.017519
28.545,1,113.42,38.21,-33.749,0.67313,2.4673,0.12545,0,0,0.017097
28.551,1,113.45,38.21,-33.749,0.6658,2.4316,0.12546,0,0,0.016992
28.557,1,113.5,38.211,-33.745,0.65971,2.4029,0.12548,0,0,0.017055
28.563,1,113.56,38.21,-33.739,0.65501,2.3771,0.12551,0,0,0.017237
28.569,1,113.63,38.21,-33.733,0.65159,2.3592,0.12554,0,0,0.017464
28.575,1,113.69,38.209,-33.727,0.64919,2.3458,0.12556,0,0,0.017713
28.581,1,113.75,38.209,-33.722,0.64822,2.3377,0.12559,0,0,0.017955
28.587,1,113.83,38.208,-33.713,0.64907,2.3147,0.12562,0,0,0.018401
28.593,1,113.92,38.207,-33.705,0.65159,2.301,0.12566,0,0,0.018882
28.599,1,113.99,38.206,-33.697,0.65577,2.2915,0.12569,0,0,0.019382
28.605,1,114.06,38.205,-33.69,0.66179,2.2861,0.12572,0,0,0.019884
28.611,1,114.12,38.204,-33.684,0.66944,2.2792,0.12575,0,0,0.020445
28.617,1,114.18,38.203,-33.677,0.67673,2.2717,0.12578,0,0,0.021002
28.624,1,114.25,38.202,-33.671,0.68361,2.2631,0.1258,0,0,0.021573
28.63,1,114.31,38.201,-33.664,0.69008,2.2552,0.12583,0,0,0.022141
28.636,1,114.38,38.201,-33.658,0.69618,2.2485,0.12586,0,0,0.022694
28.642,1,114.44,38.2,-33.651,0.70191,2.2423,0.12589,0,0,0.023239
28.649,1,114.5,38.199,-33.645,0.70729,2.2367,0.12591,0,0,0.023764
28.655,1,114.56,38.198,-33.639,0.71234,2.2327,0.12594,0,0,0.02426
28.661,1,114.61,38.198,-33.634,0.71711,2.2307,0.12596,0,0,0.024713
28.668,1,114.65,38.197,-33.63,0.72165,2.2336,0.12598,0,0,0.025034
28.674,1,114.66,38.196,-33.628,0.72599,2.2403,0.12598,0,0,0.025252
28.68,1,114.67,38.196,-33.627,0.73013,2.2435,0.12599,0,0,0.025443
28.687,1,114.68,38.196,-33.626,0.7341,2.2468,0.12599,0,0,0.0256
28.693,1,114.68,38.196,-33.626,0.7379,2.2499,0.12599,0,0,0.02573
28.699,1,114.68,38.196,-33.626,0.74152,2.2528,0.12599,0,0,0.025837
28.705,1,114.68,38.196,-33.626,0.74499,2.2544,0.12599,0,0,0.025956
28.711,1,114.7,38.196,-33.624,0.74828,2.2481,0.126,0,0,0.026215
28.718,1,114.74,38.196,-33.621,0.75139,2.2388,0.12601,0,0,0.026562
28.724,1,114.78,38.196,-33.617,0.75432,2.2321,0.12603,0,0,0.026936
28.73,1,114.82,38.196,-33.613,0.7571,2.2279,0.12605,0,0,0.027291
28.736,1,114.86,38.196,-33.61,0.75976,2.2262,0.12607,0,0,0.027604
28.742,1,114.89,38.197,-33.607,0.76231,2.2256,0.12608,0,0,0.027876
28.748,1,114.92,38.197,-33.605,0.76474,2.2256,0.1261,0,0,0.028126
28.754,1,114.96,38.197,-33.602,0.76705,2.2241,0.12611,0,0,0.028385
28.759,1,115,38.197,-33.598,0.76909,2.2192,0.12613,0,0,0.028705
28.765,1,115.09,38.197,-33.59,0.77037,2.2008,0.12617,0,0,0.029192
28.771,1,115.09,38.197,-33.592,0.77027,2.2209,0.12616,0,0,0.029296
28.777,1,114.9,38.198,-33.609,0.7661,2.2981,0.12608,0,0,0.028044
28.783,1,114.73,38.199,-33.625,0.76013,2.3365,0.126,0,0,0.026722
28.788,1,114.53,38.2,-33.643,0.75214,2.3764,0.12592,0,0,0.025254
28.794,1,114.35,38.201,-33.659,0.74308,2.4001,0.12585,0,0,0.023928
28.799,1,114.22,38.202,-33.672,0.73352,2.4076,0.12579,0,0,0.022867
28.805,1,114.12,38.203,-33.681,0.72404,2.4107,0.12575,0,0,0.022069
28.81,1,114.03,38.204,-33.69,0.71472,2.4118,0.12571,0,0,0.021395
28.815,1,113.91,38.205,-33.703,0.70534,2.4332,0.12565,0,0,0.020533
28.82,1,113.63,38.207,-33.729,0.69486,2.514,0.12553,0,0,0.018987
28.826,1,113.47,38.209,-33.744,0.68472,2.5079,0.12547,0,0,0.017614
28.831,1,113.42,38.21,-33.75,0.67568,2.4746,0.12545,0,0,0.01705
28.837,1,113.44,38.21,-33.749,0.66766,2.4395,0.12545,0,0,0.016849
28.843,1,113.48,38.211,-33.746,0.66129,2.4106,0.12547,0,0,0.016884
28.849,1,113.55,38.211,-33.74,0.65606,2.3839,0.1255,0,0,0.017043
28.855,1,113.61,38.21,-33.734,0.65197,2.3647,0.12553,0,0,0.017275
28.861,1,113.68,38.21,-33.728,0.64931,2.3502,0.12556,0,0,0.017528
28.867,1,113.73,38.209,-33.723,0.64808,2.3408,0.12558,0,0,0.017784
28.873,1,113.8,38.208,-33.715,0.64856,2.3211,0.12562,0,0,0.018135
28.879,1,113.89,38.207,-33.707,0.65058,2.3034,0.12565,0,0,0.01863
28.885,1,113.97,38.206,-33.699,0.65422,2.2926,0.12569,0,0,0.019121
28.891,1,114.04,38.205,-33.692,0.65967,2.2854,0.12572,0,0,0.019627
28.897,1,114.1,38.204,-33.685,0.66719,2.2786,0.12574,0,0,0.020159
28.903,1,114.17,38.204,-33.679,0.67458,2.2704,0.12577,0,0,0.020712
28.909,1,114.24,38.203,-33.672,0.68157,2.2618,0.1258,0,0,0.021269
28.916,1,114.31,38.202,-33.666,0.68815,2.2537,0.12583,0,0,0.021835
28.922,1,114.37,38.201,-33.659,0.69436,2.2471,0.12586,0,0,0.02239
28.928,1,114.44,38.201,-33.653,0.70019,2.2412,0.12588,0,0,0.022936
28.934,1,114.5,38.2,-33.646,0.70567,2.2361,0.12591,0,0,0.023473
28.941,1,114.56,38.199,-33.64,0.71081,2.2324,0.12594,0,0,0.023986
28.947,1,114.61,38.198,-33.635,0.71566,2.2302,0.12596,0,0,0.024463
28.953,1,114.65,38.198,-33.631,0.72028,2.2328,0.12598,0,0,0.024862
28.96,1,114.66,38.197,-33.629,0.72469,2.2398,0.12598,0,0,0.025134
28.966,1,114.67,38.197,-33.628,0.7289,2.2439,0.12599,0,0,0.025344
28.972,1,114.67,38.197,-33.627,0.73291,2.2474,0.12599,0,0,0.025525
28.979,1,114.68,38.197,-33.627,0.73673,2.2507,0.12599,0,0,0.025675
28.985,1,114.68,38.196,-33.627,0.74044,2.2538,0.12599,0,0,0.025799
28.991,1,114.67,38.197,-33.627,0.74398,2.2554,0.12599,0,0,0.025914
28.997,1,114.68,38.197,-33.626,0.74734,2.2507,0.12599,0,0,0.026091
29.003,1,114.72,38.197,-33.622,0.7505,2.2409,0.12601,0,0,0.026397
29.009,1,114.77,38.197,-33.619,0.75348,2.2341,0.12603,0,0,0.026761
29.015,1,114.81,38.197,-33.615,0.75631,2.2291,0.12605,0,0,0.027138
29.021,1,114.85,38.197,-33.612,0.75901,2.2276,0.12607,0,0,0.027485
29.027,1,114.88,38.197,-33.609,0.76159,2.2278,0.12608,0,0,0.027794
29.033,1,114.91,38.197,-33.607,0.76409,2.2279,0.12609,0,0,0.028071
29.039,1,114.94,38.198,-33.604,0.76647,2.227,0.1261,0,0,0.028344
29.045,1,114.97,38.198,-33.601,0.76872,2.223,0.12612,0,0,0.028655
29.051,1,115.04,38.198,-33.596,0.77019,2.2113,0.12615,0,0,0.029071
29.057,1,115.08,38.198,-33.591,0.76992,2.2056,0.12617,0,0,0.029615
29.063,1,114.98,38.198,-33.603,0.76696,2.27,0.12611,0,0,0.028945
29.069,1,114.79,38.199,-33.62,0.76147,2.3229,0.12603,0,0,0.027589
29.074,1,114.6,38.2,-33.638,0.7541,2.3622,0.12595,0,0,0.026213
29.08,1,114.41,38.201,-33.655,0.74525,2.3937,0.12587,0,0,0.024777
29.085,1,114.26,38.202,-33.669,0.73572,2.4069,0.1258,0,0,0.023577
29.09,1,114.16,38.203,-33.679,0.72616,2.4068,0.12576,0,0,0.022627
29.096,1,114.07,38.204,-33.688,0.71688,2.4083,0.12572,0,0,0.021807
29.101,1,113.97,38.205,-33.698,0.70775,2.4231,0.12568,0,0,0.020976
29.106,1,113.77,38.206,-33.717,0.69792,2.4732,0.12559,0,0,0.019754
29.111,1,113.52,38.208,-33.739,0.68767,2.521,0.12549,0,0,0.018133
29.117,1,113.43,38.209,-33.748,0.67849,2.4911,0.12545,0,0,0.017338
29.122,1,113.42,38.21,-33.75,0.67013,2.4554,0.12545,0,0,0.017011
29.128,1,113.45,38.21,-33.748,0.66317,2.4225,0.12546,0,0,0.016969
29.134,1,113.51,38.21,-33.743,0.65734,2.3943,0.12549,0,0,0.017081
29.14,1,113.58,38.21,-33.737,0.65329,2.3712,0.12551,0,0,0.017294
29.146,1,113.64,38.209,-33.731,0.6505,2.3546,0.12554,0,0,0.017542
29.152,1,113.7,38.209,-33.725,0.64917,2.3431,0.12557,0,0,0.0178
29.158,1,113.76,38.208,-33.72,0.64931,2.3342,0.12559,0,0,0.018055
29.164,1,113.85,38.207,-33.711,0.65084,2.3085,0.12563,0,0,0.018542
29.17,1,113.93,38.206,-33.703,0.65355,2.2982,0.12567,0,0,0.019014
29.176,1,114,38.205,-33.695,0.65781,2.2891,0.1257,0,0,0.01951
29.182,1,114.06,38.204,-33.689,0.66413,2.2843,0.12573,0,0,0.020003
29.189,1,114.13,38.203,-33.682,0.6717,2.2762,0.12575,0,0,0.020549
29.195,1,114.19,38.203,-33.676,0.67888,2.2685,0.12578,0,0,0.021087
29.201,1,114.26,38.202,-33.669,0.68563,2.2597,0.12581,0,0,0.021643
29.207,1,114.33,38.201,-33.663,0.692,2.2524,0.12584,0,0,0.022195
29.213,1,114.39,38.2,-33.656,0.69798,2.246,0.12587,0,0,0.022738
29.22,1,114.46,38.2,-33.65,0.70359,2.2395,0.1259,0,0,0.023279
29.226,1,114.52,38.199,-33.643,0.70886,2.2349,0.12592,0,0,0.0238
29.232,1,114.57,38.198,-33.638,0.71382,2.2318,0.12595,0,0,0.024288
29.239,1,114.62,38.198,-33.633,0.7185,2.2306,0.12597,0,0,0.024727
29.245,1,114.65,38.197,-33.63,0.72294,2.236,0.12598,0,0,0.025036
29.251,1,114.66,38.197,-33.628,0.72719,2.2413,0.12598,0,0,0.025257
29.258,1,114.67,38.196,-33.627,0.73124,2.2446,0.12599,0,0,0.025451
29.264,1,114.67,38.196,-33.627,0.73512,2.2478,0.12599,0,0,0.025612
29.27,1,114.68,38.196,-33.627,0.73888,2.2509,0.12599,0,0,0.025747
29.276,1,114.67,38.196,-33.627,0.74252,2.2536,0.12599,0,0,0.025861
29.283,1,114.68,38.196,-33.626,0.746,2.2532,0.12599,0,0,0.026001
29.289,1,114.7,38.197,-33.624,0.74927,2.2437,0.126,0,0,0.0263
29.295,1,114.75,38.197,-33.62,0.75236,2.2361,0.12602,0,0,0.026664
29.301,1,114.8,38.197,-33.616,0.75526,2.2296,0.12604,0,0,0.027058
29.307,1,114.84,38.197,-33.613,0.75802,2.2264,0.12606,0,0,0.027424
29.313,1,114.87,38.197,-33.61,0.76065,2.2248,0.12607,0,0,0.027755
29.319,1,114.91,38.197,-33.607,0.7632,2.2245,0.12609,0,0,0.028054
29.325,1,114.94,38.198,-33.605,0.76563,2.2236,0.1261,0,0,0.028349
29.331,1,114.98,38.198,-33.602,0.76793,2.2212,0.12612,0,0,0.028679
29.337,1,115.04,38.198,-33.598,0.76989,2.211,0.12614,0,0,0.029134
29.343,1,115.11,38.198,-33.589,0.77124,2.1989,0.12618,0,0,0.029729
29.348,1,115.03,38.198,-33.595,0.76921,2.2483,0.12615,0,0,0.029033
29.354,1,114.84,38.199,-33.612,0.76435,2.3136,0.12607,0,0,0.027671
29.36,1,114.66,38.2,-33.629,0.75759,2.3515,0.12599,0,0,0.026265
29.366,1,114.46,38.201,-33.647,0.74909,2.3878,0.1259,0,0,0.024812
29.371,1,114.31,38.202,-33.662,0.73981,2.4036,0.12583,0,0,0.023604
29.376,1,114.19,38.203,-33.674,0.73024,2.4087,0.12578,0,0,0.022631
29.382,1,114.08,38.204,-33.684,0.72078,2.4142,0.12574,0,0,0.02172
29.387,1,113.98,38.205,-33.693,0.7114,2.4242,0.1257,0,0,0.020876
29.392,1,113.79,38.206,-33.709,0.70138,2.4707,0.12562,0,0,0.019428
29.397,1,113.54,38.208,-33.734,0.69089,2.52,0.12551,0,0,0.017982
29.403,1,113.44,38.209,-33.746,0.6813,2.4943,0.12546,0,0,0.017317
29.408,1,113.42,38.21,-33.75,0.67259,2.4591,0.12545,0,0,0.017045
29.414,1,113.45,38.211,-33.749,0.66524,2.4247,0.12546,0,0,0.017027
29.42,1,113.51,38.211,-33.745,0.65922,2.3963,0.12548,0,0,0.017145
29.426,1,113.58,38.211,-33.739,0.65455,2.3723,0.12551,0,0,0.017349
29.432,1,113.65,38.21,-33.732,0.65083,2.3551,0.12554,0,0,0.017582
29.438,1,113.71,38.21,-33.726,0.64858,2.3429,0.12557,0,0,0.017823
29.444,1,113.76,38.209,-33.721,0.64795,2.3353,0.12559,0,0,0.018063
29.45,1,113.85,38.208,-33.712,0.64898,2.31,0.12563,0,0,0.018552
29.456,1,113.94,38.207,-33.704,0.65156,2.2989,0.12566,0,0,0.019024
29.462,1,114.01,38.206,-33.696,0.65598,2.2893,0.1257,0,0,0.019525
29.468,1,114.08,38.205,-33.69,0.66216,2.2841,0.12572,0,0,0.020025
29.474,1,114.14,38.204,-33.684,0.6698,2.2758,0.12575,0,0,0.020589
29.48,1,114.2,38.203,-33.677,0.67703,2.2679,0.12578,0,0,0.021147
29.487,1,114.27,38.202,-33.671,0.68386,2.2589,0.1258,0,0,0.02172
29.493,1,114.33,38.202,-33.664,0.69029,2.2514,0.12583,0,0,0.022284
29.499,1,114.4,38.201,-33.658,0.69635,2.2452,0.12586,0,0,0.022831
29.505,1,114.46,38.2,-33.652,0.70204,2.239,0.12589,0,0,0.023374
29.512,1,114.52,38.199,-33.645,0.70738,2.2345,0.12591,0,0,0.023892
29.518,1,114.58,38.199,-33.639,0.7124,2.2315,0.12594,0,0,0.024376
29.524,1,114.63,38.198,-33.634,0.71715,2.2309,0.12596,0,0,0.02481
29.531,1,114.66,38.197,-33.631,0.72167,2.2362,0.12598,0,0,0.025097
29.537,1,114.67,38.197,-33.629,0.72599,2.2419,0.12598,0,0,0.025307
29.543,1,114.67,38.196,-33.628,0.73012,2.2453,0.12599,0,0,0.025489
29.55,1,114.68,38.196,-33.627,0.73407,2.2487,0.12599,0,0,0.025638
29.556,1,114.68,38.196,-33.626,0.73787,2.2518,0.12599,0,0,0.025761
29.562,1,114.67,38.196,-33.626,0.74152,2.2547,0.12599,0,0,0.025864
29.568,1,114.67,38.196,-33.626,0.74501,2.2546,0.12599,0,0,0.025991
29.574,1,114.71,38.196,-33.624,0.74829,2.2453,0.126,0,0,0.026294
29.581,1,114.75,38.196,-33.621,0.75141,2.2377,0.12602,0,0,0.026648
29.587,1,114.79,38.196,-33.617,0.75435,2.2315,0.12604,0,0,0.027029
29.593,1,114.83,38.197,-33.613,0.75716,2.2282,0.12606,0,0,0.027374
29.599,1,114.87,38.197,-33.609,0.75984,2.2271,0.12607,0,0,0.02768
29.605,1,114.9,38.197,-33.606,0.76241,2.2274,0.12609,0,0,0.027945
29.611,1,114.93,38.197,-33.604,0.76486,2.2273,0.1261,0,0,0.028196
29.616,1,114.96,38.197,-33.601,0.76719,2.2253,0.12611,0,0,0.028465
29.622,1,115.01,38.197,-33.596,0.76904,2.2188,0.12613,0,0,0.02881
29.628,1,115.1,38.197,-33.588,0.77006,2.1997,0.12617,0,0,0.029409
29.634,1,115.05,38.197,-33.593,0.76881,2.2374,0.12616,0,0,0.029162
29.64,1,114.85,38.198,-33.61,0.76419,2.3105,0.12607,0,0,0.027722
29.646,1,114.67,38.199,-33.627,0.75777,2.3459,0.12599,0,0,0.026459
29.651,1,114.47,38.2,-33.645,0.74944,2.3856,0.12591,0,0,0.024989
29.657,1,114.31,38.201,-33.661,0.74024,2.4027,0.12584,0,0,0.02375
29.662,1,114.19,38.202,-33.673,0.7307,2.4068,0.12578,0,0,0.022764
29.667,1,114.12,38.203,-33.684,0.72137,2.4062,0.12574,0,0,0.022018
29.673,1,114.04,38.204,-33.693,0.71223,2.4113,0.1257,0,0,0.021312
29.678,1,113.91,38.206,-33.71,0.70295,2.4367,0.12562,0,0,0.020366
29.683,1,113.62,38.207,-33.734,0.69254,2.5195,0.12551,0,0,0.018553
29.689,1,113.46,38.209,-33.746,0.6828,2.5072,0.12546,0,0,0.017516
29.694,1,113.42,38.21,-33.75,0.67394,2.473,0.12545,0,0,0.01706
29.7,1,113.44,38.21,-33.748,0.66636,2.4379,0.12546,0,0,0.016936
29.706,1,113.49,38.21,-33.744,0.66023,2.4087,0.12548,0,0,0.016989
29.712,1,113.55,38.21,-33.739,0.6555,2.3823,0.1255,0,0,0.01717
29.718,1,113.62,38.21,-33.732,0.65199,2.3633,0.12553,0,0,0.017399
29.724,1,113.69,38.209,-33.726,0.64963,2.3488,0.12556,0,0,0.01765
29.73,1,113.74,38.209,-33.721,0.64878,2.3394,0.12558,0,0,0.017895
29.736,1,113.82,38.208,-33.712,0.64947,2.3196,0.12562,0,0,0.018279
29.742,1,113.9,38.207,-33.704,0.65158,2.304,0.12565,0,0,0.018759
29.748,1,113.98,38.206,-33.696,0.65542,2.294,0.12569,0,0,0.019249
29.754,1,114.05,38.205,-33.689,0.66106,2.287,0.12572,0,0,0.019746
29.76,1,114.11,38.204,-33.683,0.66878,2.2805,0.12574,0,0,0.020282
29.766,1,114.17,38.203,-33.676,0.6761,2.2727,0.12577,0,0,0.020826
29.772,1,114.23,38.202,-33.669,0.68302,2.2641,0.1258,0,0,0.02138
29.779,1,114.3,38.201,-33.663,0.68953,2.2557,0.12583,0,0,0.021941
29.785,1,114.36,38.201,-33.656,0.69567,2.2488,0.12586,0,0,0.022494
29.791,1,114.43,38.2,-33.65,0.70143,2.2428,0.12589,0,0,0.023035
29.797,1,114.49,38.199,-33.644,0.70686,2.237,0.12591,0,0,0.02357
29.804,1,114.55,38.198,-33.638,0.71197,2.2329,0.12594,0,0,0.024079
29.81,1,114.6,38.198,-33.632,0.71677,2.2306,0.12596,0,0,0.024548
29.817,1,114.64,38.197,-33.629,0.72133,2.2325,0.12598,0,0,0.024932
29.823,1,114.66,38.197,-33.628,0.72568,2.2393,0.12598,0,0,0.025182
29.829,1,114.67,38.196,-33.627,0.72984,2.2431,0.12599,0,0,0.02539
29.836,1,114.67,38.196,-33.626,0.73381,2.2465,0.12599,0,0,0.025565
29.842,1,114.68,38.196,-33.626,0.73759,2.2496,0.12599,0,0,0.025711
29.848,1,114.68,38.196,-33.626,0.74123,2.2525,0.12599,0,0,0.025831
29.854,1,114.67,38.196,-33.626,0.74473,2.2545,0.12599,0,0,0.025944
29.86,1,114.69,38.196,-33.624,0.74805,2.2497,0.126,0,0,0.026134
29.866,1,114.73,38.196,-33.621,0.7512,2.24,0.12601,0,0,0.026474
29.872,1,114.78,38.196,-33.617,0.75417,2.2333,0.12603,0,0,0.026848
29.879,1,114.82,38.196,-33.613,0.75698,2.2282,0.12605,0,0,0.027233
29.885,1,114.86,38.197,-33.61,0.75966,2.2268,0.12607,0,0,0.027575
29.891,1,114.89,38.197,-33.608,0.76221,2.2262,0.12608,0,0,0.027883
29.896,1,114.92,38.197,-33.606,0.76466,2.2266,0.12609,0,0,0.028161
29.902,1,114.95,38.197,-33.604,0.76699,2.2252,0.1261,0,0,0.028444
29.908,1,114.99,38.197,-33.6,0.76919,2.2196,0.12612,0,0,0.028778
29.914,1,115.07,38.197,-33.594,0.77053,2.2057,0.12615,0,0,0.029262
29.92,1,115.1,38.197,-33.593,0.77049,2.2118,0.12616,0,0,0.029601
29.926,1,114.94,38.198,-33.609,0.76711,2.2846,0.12608,0,0,0.028555
29.932,1,114.76,38.199,-33.625,0.7615,2.3296,0.12601,0,0,0.027221
29.937,1,114.57,38.2,-33.643,0.75386,2.3703,0.12592,0,0,0.025775
29.943,1,114.39,38.201,-33.659,0.74501,2.3968,0.12585,0,0,0.024385
29.948,1,114.25,38.202,-33.672,0.73557,2.4069,0.12579,0,0,0.023244
29.954,1,114.14,38.203,-33.681,0.72606,2.4094,0.12575,0,0,0.022341
29.959,1,114.05,38.204,-33.689,0.7166,2.4145,0.12572,0,0,0.021488
29.964,1,113.94,38.205,-33.699,0.70714,2.4278,0.12567,0,0,0.020659
29.969,1,113.7,38.206,-33.722,0.69661,2.4946,0.12556,0,0,0.01912
29.975,1,113.49,38.208,-33.742,0.68643,2.5168,0.12547,0,0,0.017772
29.98,1,113.42,38.209,-33.749,0.67729,2.4839,0.12545,0,0,0.017179
29.986,1,113.42,38.21,-33.75,0.66902,2.4485,0.12545,0,0,0.016959
29.992,1,113.46,38.21,-33.748,0.66211,2.4172,0.12546,0,0,0.016967
29.997,1,113.53,38.21,-33.743,0.65655,2.3898,0.12549,0,0,0.017106
30.003,1,113.59,38.21,-33.736,0.65236,2.3684,0.12552,0,0,0.017321
30.009,1,113.66,38.209,-33.73,0.64972,2.3528,0.12555,0,0,0.017562
30.015,1,113.72,38.209,-33.725,0.64837,2.342,0.12557,0,0,0.017807
30.021,1,113.79,38.208,-33.718,0.64853,2.3255,0.1256,0,0,0.01815
30.028,1,113.88,38.207,-33.709,0.65015,2.305,0.12564,0,0,0.018644
30.034,1,113.96,38.206,-33.702,0.6535,2.2943,0.12567,0,0,0.019137
30.04,1,114.03,38.205,-33.694,0.65866,2.2872,0.1257,0,0,0.019646
30.046,1,114.1,38.204,-33.688,0.66582,2.2808,0.12573,0,0,0.020179
30.052,1,114.16,38.203,-33.682,0.67328,2.2723,0.12576,0,0,0.020743
30.058,1,114.22,38.203,-33.675,0.68035,2.2638,0.12579,0,0,0.021311
30.064,1,114.29,38.202,-33.668,0.68699,2.2552,0.12581,0,0,0.021887
30.071,1,114.36,38.201,-33.662,0.69326,2.2483,0.12584,0,0,0.022449
30.077,1,114.42,38.201,-33.655,0.69914,2.2424,0.12587,0,0,0.022995
30.083,1,114.49,38.2,-33.649,0.70467,2.2368,0.1259,0,0,0.023532
30.09,1,114.55,38.199,-33.643,0.70987,2.2328,0.12593,0,0,0.024042
30.096,1,114.6,38.198,-33.637,0.71476,2.2305,0.12595,0,0,0.024512
30.102,1,114.64,38.198,-33.632,0.71941,2.2322,0.12597,0,0,0.0249
30.109,1,114.66,38.197,-33.63,0.72385,2.2389,0.12598,0,0,0.025149
30.115,1,114.67,38.197,-33.629,0.72809,2.2429,0.12598,0,0,0.025351
30.121,1,114.67,38.197,-33.628,0.73215,2.2464,0.12599,0,0,0.025521
30.128,1,114.68,38.197,-33.627,0.73604,2.2496,0.12599,0,0,0.025661
30.134,1,114.67,38.197,-33.627,0.73978,2.2527,0.12599,0,0,0.025776
30.14,1,114.67,38.197,-33.627,0.74338,2.255,0.12599,0,0,0.025881
30.146,1,114.68,38.197,-33.627,0.74678,2.2522,0.12599,0,0,0.026058
30.152,1,114.72,38.197,-33.624,0.75,2.2422,0.126,0,0,0.02639
30.158,1,114.77,38.197,-33.62,0.75304,2.2349,0.12602,0,0,0.026754
30.164,1,114.81,38.197,-33.616,0.75592,2.2289,0.12604,0,0,0.02713
30.17,1,114.85,38.197,-33.612,0.75866,2.2275,0.12606,0,0,0.027459
30.176,1,114.88,38.197,-33.609,0.76129,2.2271,0.12608,0,0,0.02775
30.182,1,114.91,38.198,-33.607,0.76382,2.2277,0.12609,0,0,0.028004
30.188,1,114.94,38.198,-33.604,0.76622,2.2271,0.1261,0,0,0.028254
30.194,1,114.97,38.198,-33.601,0.76849,2.2232,0.12612,0,0,0.028535
30.2,1,115.04,38.198,-33.596,0.77,2.2118,0.12614,0,0,0.02891
30.206,1,115.1,38.198,-33.59,0.77061,2.204,0.12618,0,0,0.029423
30.212,1,114.99,38.198,-33.599,0.76739,2.2641,0.12613,0,0,0.028833
30.218,1,114.8,38.199,-33.616,0.76186,2.321,0.12605,0,0,0.027461
30.223,1,114.62,38.2,-33.633,0.75446,2.3602,0.12597,0,0,0.026104
30.229,1,114.43,38.201,-33.651,0.7455,2.3926,0.12588,0,0,0.024667
30.234,1,114.28,38.202,-33.666,0.73592,2.4059,0.12582,0,0,0.023475
30.24,1,114.17,38.203,-33.677,0.72631,2.4074,0.12577,0,0,0.022554
30.245,1,114.07,38.204,-33.687,0.71702,2.4114,0.12573,0,0,0.021822
30.25,1,113.96,38.205,-33.698,0.70798,2.4239,0.12568,0,0,0.021024
30.255,1,113.76,38.207,-33.716,0.69883,2.4764,0.12559,0,0,0.019722
30.261,1,113.53,38.208,-33.739,0.68851,2.5212,0.12549,0,0,0.018204
30.266,1,113.44,38.209,-33.748,0.67934,2.4902,0.12545,0,0,0.017324
30.272,1,113.42,38.21,-33.75,0.67079,2.4546,0.12545,0,0,0.016966
30.278,1,113.45,38.211,-33.748,0.6634,2.4219,0.12546,0,0,0.016913
30.283,1,113.51,38.211,-33.743,0.65768,2.3937,0.12549,0,0,0.017021
30.289,1,113.58,38.21,-33.737,0.65323,2.3707,0.12552,0,0,0.017239
30.295,1,113.65,38.21,-33.731,0.6503,2.3542,0.12555,0,0,0.017493
30.301,1,113.71,38.209,-33.725,0.64898,2.3429,0.12557,0,0,0.01776
30.307,1,113.76,38.208,-33.719,0.64885,2.3326,0.1256,0,0,0.018013
30.314,1,113.86,38.208,-33.71,0.65034,2.3086,0.12564,0,0,0.018468
30.32,1,113.93,38.206,-33.702,0.65351,2.2982,0.12567,0,0,0.018939
30.326,1,114.01,38.205,-33.694,0.65795,2.2894,0.1257,0,0,0.01943
30.332,1,114.07,38.204,-33.688,0.66391,2.2843,0.12573,0,0,0.019919
30.338,1,114.13,38.204,-33.681,0.67153,2.276,0.12576,0,0,0.020453
30.344,1,114.19,38.203,-33.675,0.67876,2.2681,0.12578,0,0,0.02098
30.35,1,114.26,38.202,-33.668,0.68557,2.2594,0.12581,0,0,0.021524
30.357,1,114.32,38.201,-33.662,0.69199,2.252,0.12584,0,0,0.022071
30.363,1,114.39,38.2,-33.655,0.69801,2.2457,0.12587,0,0,0.022613
30.369,1,114.46,38.2,-33.649,0.70367,2.2391,0.1259,0,0,0.023149
30.375,1,114.52,38.199,-33.642,0.70896,2.2346,0.12592,0,0,0.023677
30.382,1,114.57,38.198,-33.637,0.71393,2.2316,0.12595,0,0,0.024177
30.388,1,114.62,38.197,-33.632,0.7186,2.2308,0.12597,0,0,0.024634
30.394,1,114.65,38.197,-33.629,0.72301,2.2363,0.12598,0,0,0.024986
30.401,1,114.66,38.196,-33.628,0.72723,2.2414,0.12598,0,0,0.02522
30.407,1,114.67,38.196,-33.627,0.73126,2.2447,0.12599,0,0,0.025427
30.413,1,114.67,38.196,-33.626,0.7351,2.2479,0.12599,0,0,0.0256
30.42,1,114.68,38.196,-33.626,0.7388,2.251,0.12599,0,0,0.025745
30.426,1,114.67,38.196,-33.626,0.74237,2.2537,0.12599,0,0,0.025865
30.432,1,114.68,38.196,-33.626,0.74579,2.2532,0.12599,0,0,0.025992
30.438,1,114.71,38.196,-33.623,0.74903,2.244,0.126,0,0,0.026236
30.444,1,114.75,38.196,-33.619,0.7521,2.2366,0.12602,0,0,0.02659
30.45,1,114.8,38.196,-33.615,0.755,2.2299,0.12604,0,0,0.026979
30.456,1,114.84,38.196,-33.612,0.75775,2.2262,0.12606,0,0,0.027362
30.462,1,114.88,38.197,-33.609,0.76036,2.2243,0.12608,0,0,0.027709
30.468,1,114.91,38.197,-33.606,0.76288,2.224,0.12609,0,0,0.028024
30.474,1,114.94,38.197,-33.603,0.76528,2.2229,0.1261,0,0,0.028325
30.48,1,114.97,38.197,-33.6,0.76756,2.2203,0.12612,0,0,0.028651
30.486,1,115.03,38.197,-33.595,0.76958,2.2134,0.12614,0,0,0.029072
30.492,1,115.11,38.197,-33.589,0.7709,2.1965,0.12618,0,0,0.029734
30.498,1,115.05,38.198,-33.598,0.76902,2.2438,0.12613,0,0,0.02942
30.504,1,114.86,38.198,-33.615,0.76413,2.3113,0.12605,0,0,0.028047
30.509,1,114.68,38.199,-33.633,0.75744,2.3488,0.12597,0,0,0.026638
30.515,1,114.48,38.201,-33.651,0.74894,2.3864,0.12588,0,0,0.025175
30.52,1,114.32,38.202,-33.666,0.73965,2.4032,0.12582,0,0,0.023969
30.526,1,114.19,38.203,-33.677,0.73015,2.4073,0.12577,0,0,0.022974
30.531,1,114.11,38.204,-33.687,0.72079,2.4114,0.12573,0,0,0.022026
30.536,1,114,38.205,-33.697,0.71158,2.42,0.12568,0,0,0.021221
30.541,1,113.84,38.206,-33.717,0.70218,2.4542,0.12559,0,0,0.019992
30.547,1,113.58,38.208,-33.739,0.69165,2.5197,0.12549,0,0,0.018408
30.552,1,113.45,38.209,-33.748,0.68204,2.5009,0.12545,0,0,0.017535
30.557,1,113.43,38.21,-33.751,0.67331,2.465,0.12545,0,0,0.017149
30.563,1,113.45,38.211,-33.749,0.66587,2.4301,0.12546,0,0,0.017054
30.569,1,113.5,38.211,-33.744,0.65955,2.4009,0.12548,0,0,0.017123
30.575,1,113.57,38.21,-33.738,0.65478,2.3756,0.12551,0,0,0.017301
30.581,1,113.64,38.21,-33.732,0.65123,2.3573,0.12554,0,0,0.017521
30.587,1,113.7,38.209,-33.726,0.64887,2.3441,0.12557,0,0,0.017759
30.593,1,113.76,38.209,-33.719,0.64777,2.3362,0.12559,0,0,0.018001
30.599,1,113.84,38.208,-33.711,0.649,2.3123,0.12563,0,0,0.018467
30.605,1,113.93,38.207,-33.702,0.65172,2.3002,0.12567,0,0,0.018944
30.611,1,114,38.206,-33.695,0.65602,2.2906,0.1257,0,0,0.019445
30.617,1,114.07,38.205,-33.688,0.66175,2.2848,0.12573,0,0,0.019948
30.623,1,114.13,38.204,-33.682,0.66944,2.2772,0.12575,0,0,0.020514
30.63,1,114.2,38.203,-33.675,0.67673,2.2695,0.12578,0,0,0.021077
30.636,1,114.26,38.202,-33.668,0.68362,2.2605,0.12581,0,0,0.021653
30.642,1,114.33,38.202,-33.662,0.6901,2.2529,0.12584,0,0,0.022222
30.648,1,114.4,38.201,-33.655,0.69621,2.2464,0.12587,0,0,0.022774
30.655,1,114.46,38.2,-33.649,0.70194,2.2403,0.12589,0,0,0.023319
30.661,1,114.52,38.199,-33.643,0.70731,2.2354,0.12592,0,0,0.02384
30.667,1,114.58,38.199,-33.637,0.71236,2.232,0.12595,0,0,0.024328
30.674,1,114.63,38.198,-33.632,0.71711,2.2307,0.12597,0,0,0.024767
30.68,1,114.66,38.197,-33.63,0.72162,2.2352,0.12598,0,0,0.025062
30.686,1,114.67,38.197,-33.628,0.72593,2.2417,0.12598,0,0,0.025272
30.693,1,114.68,38.196,-33.627,0.73003,2.2451,0.12599,0,0,0.025455
30.699,1,114.68,38.196,-33.627,0.73399,2.2485,0.12599,0,0,0.025605
30.705,1,114.68,38.196,-33.626,0.7378,2.2516,0.12599,0,0,0.025729
30.711,1,114.68,38.196,-33.627,0.74146,2.2545,0.12599,0,0,0.025831
30.718,1,114.68,38.196,-33.626,0.74497,2.254,0.12599,0,0,0.025955
30.724,1,114.7,38.196,-33.624,0.74828,2.2465,0.126,0,0,0.026248
30.73,1,114.74,38.197,-33.62,0.75141,2.238,0.12602,0,0,0.0266
30.736,1,114.79,38.197,-33.616,0.75436,2.2315,0.12604,0,0,0.026977
30.742,1,114.83,38.197,-33.613,0.75717,2.2276,0.12606,0,0,0.027321
30.748,1,114.87,38.197,-33.61,0.75984,2.2263,0.12607,0,0,0.027624
30.754,1,114.9,38.197,-33.608,0.7624,2.2263,0.12608,0,0,0.027885
30.76,1,114.93,38.197,-33.606,0.76485,2.2259,0.12609,0,0,0.028127
30.766,1,114.96,38.197,-33.603,0.76717,2.2236,0.12611,0,0,0.028382
30.772,1,115.01,38.198,-33.6,0.76906,2.2163,0.12613,0,0,0.028702
30.778,1,115.1,38.197,-33.592,0.77007,2.1978,0.12616,0,0,0.029224
30.783,1,115.07,38.198,-33.594,0.76929,2.2279,0.12615,0,0,0.029155
30.789,1,114.88,38.198,-33.611,0.76517,2.3035,0.12607,0,0,0.027794
30.795,1,114.71,38.199,-33.627,0.7591,2.3395,0.126,0,0,0.02651
30.801,1,114.51,38.2,-33.645,0.75104,2.3799,0.12591,0,0,0.025049
30.806,1,114.34,38.201,-33.66,0.7419,2.4012,0.12584,0,0,0.023775
30.811,1,114.21,38.202,-33.672,0.73229,2.4069,0.12579,0,0,0.022765
30.817,1,114.12,38.203,-33.68,0.72285,2.4081,0.12575,0,0,0.02202
30.822,1,114.05,38.204,-33.688,0.71364,2.411,0.12572,0,0,0.021324
30.827,1,113.93,38.205,-33.7,0.70449,2.4334,0.12567,0,0,0.020461
30.832,1,113.63,38.206,-33.727,0.69415,2.5167,0.12554,0,0,0.018794
30.838,1,113.47,38.208,-33.743,0.68412,2.5077,0.12547,0,0,0.017553
30.843,1,113.42,38.209,-33.749,0.67521,2.473,0.12545,0,0,0.01704
30.849,1,113.44,38.209,-33.749,0.66739,2.4382,0.12545,0,0,0.016874
30.855,1,113.48,38.21,-33.745,0.66086,2.4091,0.12547,0,0,0.016922
30.861,1,113.55,38.21,-33.74,0.65586,2.3828,0.1255,0,0,0.017092
30.867,1,113.62,38.209,-33.734,0.65195,2.3642,0.12553,0,0,0.017325
30.873,1,113.68,38.209,-33.728,0.64946,2.3498,0.12555,0,0,0.017578
30.879,1,113.74,38.208,-33.723,0.64855,2.3403,0.12558,0,0,0.017829
30.885,1,113.82,38.207,-33.716,0.64907,2.3188,0.12561,0,0,0.018171
30.891,1,113.91,38.206,-33.708,0.65123,2.3028,0.12565,0,0,0.01866
30.897,1,113.98,38.205,-33.7,0.65481,2.293,0.12568,0,0,0.019149
30.903,1,114.05,38.205,-33.693,0.66019,2.2868,0.12571,0,0,0.019652
30.909,1,114.11,38.204,-33.687,0.66759,2.2802,0.12573,0,0,0.020178
30.915,1,114.17,38.203,-33.68,0.67498,2.2721,0.12576,0,0,0.020727
30.922,1,114.23,38.202,-33.674,0.68196,2.2636,0.12579,0,0,0.021282
30.928,1,114.3,38.202,-33.667,0.68854,2.2553,0.12582,0,0,0.021848
30.934,1,114.36,38.201,-33.661,0.69474,2.2484,0.12585,0,0,0.022405
30.94,1,114.43,38.2,-33.654,0.70057,2.2424,0.12587,0,0,0.022948
30.947,1,114.49,38.199,-33.648,0.70604,2.2368,0.1259,0,0,0.023489
30.953,1,114.55,38.199,-33.642,0.71117,2.2327,0.12593,0,0,0.024003
30.959,1,114.6,38.198,-33.636,0.716,2.2306,0.12595,0,0,0.024478
30.966,1,114.64,38.197,-33.632,0.72059,2.2333,0.12597,0,0,0.02489
30.972,1,114.65,38.197,-33.63,0.72498,2.2399,0.12598,0,0,0.025159
30.978,1,114.66,38.196,-33.628,0.72916,2.2434,0.12598,0,0,0.02537
30.985,1,114.67,38.196,-33.627,0.73316,2.2467,0.12599,0,0,0.025549
30.991,1,114.68,38.196,-33.627,0.737,2.2498,0.12599,0,0,0.025699
30.997,1,114.67,38.196,-33.627,0.74068,2.2528,0.12599,0,0,0.025823
31.003,1,114.67,38.196,-33.627,0.74422,2.2547,0.12599,0,0,0.025929
31.009,1,114.69,38.196,-33.626,0.74758,2.2494,0.12599,0,0,0.026076
31.015,1,114.72,38.196,-33.623,0.75075,2.2404,0.12601,0,0,0.026407
31.022,1,114.77,38.197,-33.619,0.75374,2.2336,0.12603,0,0,0.026774
31.028,1,114.82,38.197,-33.615,0.75658,2.2287,0.12605,0,0,0.027167
31.034,1,114.86,38.197,-33.611,0.75928,2.2269,0.12606,0,0,0.027518
31.04,1,114.89,38.197,-33.608,0.76186,2.2265,0.12608,0,0,0.027836
31.046,1,114.92,38.197,-33.606,0.76432,2.2268,0.12609,0,0,0.028118
31.051,1,114.95,38.197,-33.603,0.76668,2.2257,0.12611,0,0,0.028399
31.057,1,114.99,38.198,-33.6,0.76892,2.2217,0.12612,0,0,0.028717
31.063,1,115.06,38.198,-33.594,0.77039,2.2063,0.12615,0,0,0.029157
31.069,1,115.1,38.198,-33.589,0.77026,2.2115,0.12618,0,0,0.029678
31.075,1,114.95,38.198,-33.602,0.76663,2.2778,0.12611,0,0,0.028797
31.081,1,114.77,38.199,-33.618,0.76094,2.3278,0.12603,0,0,0.027456
31.086,1,114.58,38.2,-33.636,0.75326,2.3668,0.12595,0,0,0.025974
31.092,1,114.39,38.201,-33.654,0.74437,2.3961,0.12587,0,0,0.024635
31.097,1,114.25,38.202,-33.668,0.73491,2.407,0.12581,0,0,0.023551
31.103,1,114.14,38.203,-33.679,0.72547,2.4086,0.12576,0,0,0.02259
31.108,1,114.05,38.204,-33.688,0.71613,2.4102,0.12572,0,0,0.021721
31.113,1,113.94,38.205,-33.699,0.70676,2.4271,0.12567,0,0,0.020907
31.118,1,113.69,38.206,-33.719,0.69649,2.4935,0.12558,0,0,0.01926
31.124,1,113.5,38.208,-33.74,0.68635,2.5177,0.12548,0,0,0.01806
31.129,1,113.43,38.209,-33.749,0.6773,2.4842,0.12545,0,0,0.017307
31.135,1,113.42,38.21,-33.75,0.66911,2.4489,0.12545,0,0,0.017007
31.141,1,113.46,38.21,-33.748,0.66238,2.4175,0.12546,0,0,0.016975
31.146,1,113.52,38.21,-33.743,0.65677,2.3901,0.12549,0,0,0.017093
31.152,1,113.59,38.21,-33.737,0.65252,2.3686,0.12552,0,0,0.017304
31.158,1,113.65,38.21,-33.731,0.64987,2.353,0.12555,0,0,0.017548
31.164,1,113.71,38.209,-33.725,0.64848,2.3423,0.12557,0,0,0.017801
31.17,1,113.79,38.208,-33.718,0.64855,2.3279,0.1256,0,0,0.018086
31.177,1,113.87,38.207,-33.709,0.65033,2.3064,0.12564,0,0,0.018583
31.183,1,113.95,38.206,-33.701,0.65368,2.2957,0.12567,0,0,0.019062
31.189,1,114.02,38.205,-33.693,0.65869,2.2878,0.12571,0,0,0.019565
31.195,1,114.08,38.204,-33.687,0.66533,2.2816,0.12573,0,0,0.020073
31.201,1,114.15,38.203,-33.68,0.67286,2.2731,0.12576,0,0,0.020627
31.207,1,114.21,38.202,-33.673,0.68001,2.2646,0.12578,0,0,0.021176
31.213,1,114.28,38.202,-33.666,0.68672,2.2559,0.12581,0,0,0.02174
31.22,1,114.35,38.201,-33.66,0.69306,2.2489,0.12584,0,0,0.022296
31.226,1,114.41,38.2,-33.653,0.699,2.243,0.12587,0,0,0.02284
31.232,1,114.48,38.199,-33.647,0.70458,2.2372,0.1259,0,0,0.02338
31.238,1,114.54,38.199,-33.641,0.70981,2.2331,0.12592,0,0,0.023897
31.245,1,114.59,38.198,-33.635,0.71473,2.2307,0.12595,0,0,0.024377
31.251,1,114.63,38.197,-33.631,0.71935,2.2311,0.12597,0,0,0.024799
31.258,1,114.65,38.197,-33.629,0.72375,2.2378,0.12598,0,0,0.02508
31.264,1,114.66,38.196,-33.627,0.72796,2.2424,0.12599,0,0,0.025295
31.27,1,114.67,38.196,-33.626,0.73198,2.2458,0.12599,0,0,0.025479
31.276,1,114.68,38.196,-33.626,0.73582,2.2491,0.12599,0,0,0.025632
31.283,1,114.68,38.196,-33.626,0.73952,2.2522,0.12599,0,0,0.025759
31.289,1,114.67,38.196,-33.626,0.74307,2.2547,0.12599,0,0,0.02587
31.295,1,114.68,38.196,-33.625,0.74649,2.2529,0.12599,0,0,0.026024
31.301,1,114.71,38.196,-33.622,0.74972,2.2424,0.12601,0,0,0.026345
31.307,1,114.76,38.196,-33.619,0.75276,2.2354,0.12602,0,0,0.026712
31.313,1,114.8,38.196,-33.615,0.75565,2.2293,0.12604,0,0,0.027102
31.319,1,114.85,38.196,-33.612,0.75838,2.227,0.12606,0,0,0.027455
31.325,1,114.88,38.197,-33.609,0.76099,2.2263,0.12607,0,0,0.027774
31.331,1,114.91,38.197,-33.607,0.7635,2.2268,0.12609,0,0,0.028059
31.337,1,114.94,38.197,-33.604,0.7659,2.2262,0.1261,0,0,0.028342
31.343,1,114.97,38.197,-33.602,0.76814,2.2232,0.12611,0,0,0.028665
31.349,1,115.03,38.197,-33.597,0.76991,2.2137,0.12614,0,0,0.029111
31.355,1,115.11,38.197,-33.591,0.77066,2.199,0.12617,0,0,0.029608
31.361,1,115.01,38.198,-33.599,0.76831,2.2583,0.12613,0,0,0.028808
31.367,1,114.82,38.198,-33.616,0.76314,2.3186,0.12605,0,0,0.027458
31.372,1,114.62,38.199,-33.633,0.75593,2.3572,0.12596,0,0,0.026049
31.378,1,114.43,38.201,-33.651,0.74709,2.3911,0.12588,0,0,0.024619
31.383,1,114.28,38.202,-33.666,0.73759,2.4053,0.12582,0,0,0.023437
31.389,1,114.17,38.203,-33.676,0.72797,2.408,0.12577,0,0,0.022482
31.394,1,114.08,38.204,-33.685,0.71856,2.4107,0.12572,0,0,0.021713
31.399,1,113.97,38.205,-33.695,0.70936,2.4225,0.12567,0,0,0.02084
31.404,1,113.79,38.206,-33.712,0.69991,2.4684,0.12556,0,0,0.019438
31.41,1,113.53,38.207,-33.736,0.68941,2.5206,0.12548,0,0,0.017993
31.415,1,113.43,38.209,-33.747,0.67993,2.4932,0.12545,0,0,0.017273
31.421,1,113.42,38.21,-33.75,0.67108,2.4571,0.12545,0,0,0.016989
31.426,1,113.45,38.21,-33.748,0.66375,2.4236,0.12546,0,0,0.016958
31.432,1,113.51,38.21,-33.744,0.65783,2.3952,0.12548,0,0,0.017077
31.438,1,113.58,38.21,-33.738,0.6536,2.3715,0.12551,0,0,0.017284
31.444,1,113.65,38.21,-33.732,0.65056,2.3549,0.12554,0,0,0.017525
31.45,1,113.71,38.209,-33.726,0.64892,2.3429,0.12557,0,0,0.017775
31.456,1,113.76,38.208,-33.72,0.64864,2.3342,0.12559,0,0,0.018107
31.462,1,113.86,38.207,-33.712,0.65006,2.3091,0.12563,0,0,0.018571
31.468,1,113.94,38.207,-33.704,0.65286,2.2988,0.12566,0,0,0.019061
31.475,1,114.01,38.206,-33.696,0.65718,2.2898,0.1257,0,0,0.019563
31.481,1,114.07,38.205,-33.69,0.66334,2.285,0.12572,0,0,0.020089
31.487,1,114.13,38.204,-33.684,0.67091,2.2773,0.12575,0,0,0.02065
31.493,1,114.19,38.203,-33.677,0.67811,2.2696,0.12578,0,0,0.021211
31.499,1,114.26,38.202,-33.671,0.68489,2.2608,0.1258,0,0,0.021777
31.505,1,114.32,38.202,-33.664,0.69129,2.2533,0.12583,0,0,0.022335
31.512,1,114.39,38.201,-33.658,0.6973,2.2467,0.12586,0,0,0.022882
31.518,1,114.45,38.2,-33.651,0.70296,2.2402,0.12589,0,0,0.023414
31.524,1,114.51,38.2,-33.645,0.70827,2.2353,0.12592,0,0,0.023928
31.531,1,114.57,38.199,-33.639,0.71326,2.232,0.12594,0,0,0.024409
31.537,1,114.62,38.198,-33.634,0.71798,2.2308,0.12596,0,0,0.024801
31.543,1,114.65,38.198,-33.631,0.72248,2.2361,0.12597,0,0,0.025087
31.55,1,114.66,38.197,-33.629,0.72677,2.2414,0.12598,0,0,0.025297
31.556,1,114.67,38.197,-33.628,0.73092,2.2446,0.12598,0,0,0.025477
31.562,1,114.67,38.197,-33.627,0.7349,2.2478,0.12599,0,0,0.025625
31.569,1,114.67,38.196,-33.627,0.73867,2.2507,0.12599,0,0,0.025747
31.575,1,114.67,38.196,-33.627,0.74229,2.2535,0.12599,0,0,0.02586
31.581,1,114.68,38.197,-33.627,0.74574,2.2531,0.12599,0,0,0.026036
31.587,1,114.7,38.197,-33.625,0.74901,2.2444,0.126,0,0,0.026314
31.593,1,114.75,38.197,-33.621,0.7521,2.2367,0.12602,0,0,0.026666
31.599,1,114.79,38.197,-33.617,0.75503,2.2309,0.12603,0,0,0.027027
31.605,1,114.83,38.197,-33.614,0.75783,2.2262,0.12605,0,0,0.027364
31.611,1,114.87,38.197,-33.61,0.7605,2.2243,0.12607,0,0,0.027658
31.617,1,114.9,38.197,-33.608,0.76302,2.2237,0.12608,0,0,0.027916
31.623,1,114.94,38.197,-33.605,0.7654,2.2229,0.12609,0,0,0.028161
31.629,1,114.97,38.198,-33.602,0.76764,2.2206,0.12611,0,0,0.028425
31.635,1,115.02,38.198,-33.598,0.76937,2.2142,0.12612,0,0,0.028751
31.641,1,115.11,38.198,-33.591,0.77049,2.1975,0.12616,0,0,0.029291
31.647,1,115.04,38.198,-33.592,0.76842,2.2413,0.12614,0,0,0.029057
31.652,1,114.84,38.198,-33.609,0.76366,2.314,0.12605,0,0,0.027727
31.658,1,114.66,38.199,-33.625,0.75701,2.3476,0.12598,0,0,0.026462
31.664,1,114.46,38.2,-33.643,0.74861,2.386,0.1259,0,0,0.025027
31.669,1,114.31,38.201,-33.658,0.73945,2.4025,0.12583,0,0,0.02379
31.674,1,114.19,38.202,-33.671,0.73001,2.406,0.12578,0,0,0.022815
31.68,1,114.12,38.203,-33.681,0.72069,2.4112,0.12575,0,0,0.022089
31.685,1,114.04,38.204,-33.69,0.71149,2.4134,0.12571,0,0,0.021385
31.69,1,113.9,38.205,-33.703,0.70177,2.4385,0.12566,0,0,0.020453
31.695,1,113.62,38.207,-33.728,0.69136,2.5181,0.12554,0,0,0.018641
31.701,1,113.47,38.208,-33.743,0.68181,2.5064,0.12547,0,0,0.017583
31.706,1,113.42,38.209,-33.749,0.67307,2.4707,0.12545,0,0,0.017117
31.712,1,113.45,38.21,-33.749,0.66584,2.436,0.12546,0,0,0.016987
31.718,1,113.49,38.21,-33.745,0.65994,2.4068,0.12548,0,0,0.017037
31.724,1,113.55,38.21,-33.74,0.65543,2.381,0.1255,0,0,0.017214
31.73,1,113.62,38.21,-33.734,0.65184,2.3622,0.12553,0,0,0.017437
31.736,1,113.69,38.209,-33.727,0.64915,2.348,0.12556,0,0,0.017682
31.742,1,113.74,38.208,-33.722,0.64787,2.3389,0.12558,0,0,0.017921
31.748,1,113.83,38.207,-33.714,0.64878,2.3165,0.12561,0,0,0.01827
31.754,1,113.92,38.206,-33.705,0.65157,2.3015,0.12564,0,0,0.018746
31.76,1,114,38.205,-33.697,0.6561,2.291,0.12568,0,0,0.019225
31.766,1,114.07,38.204,-33.69,0.66209,2.2849,0.1257,0,0,0.019718
31.772,1,114.13,38.204,-33.684,0.66965,2.2775,0.12573,0,0,0.02024
31.778,1,114.2,38.203,-33.678,0.67691,2.2696,0.12576,0,0,0.020782
31.785,1,114.27,38.202,-33.671,0.68378,2.2608,0.12578,0,0,0.021331
31.791,1,114.33,38.201,-33.664,0.69024,2.2529,0.12581,0,0,0.021889
31.797,1,114.4,38.2,-33.658,0.69633,2.2465,0.12584,0,0,0.02244
31.803,1,114.46,38.2,-33.651,0.70205,2.2405,0.12587,0,0,0.022982
31.81,1,114.53,38.199,-33.645,0.70743,2.2356,0.12589,0,0,0.023516
31.816,1,114.58,38.198,-33.639,0.71247,2.232,0.12592,0,0,0.024029
31.822,1,114.63,38.198,-33.634,0.71724,2.2309,0.12595,0,0,0.024506
31.829,1,114.66,38.197,-33.63,0.72176,2.2349,0.12597,0,0,0.0249
31.835,1,114.67,38.196,-33.628,0.72607,2.2416,0.12598,0,0,0.025179
31.841,1,114.68,38.196,-33.627,0.7302,2.245,0.12598,0,0,0.02539
31.848,1,114.68,38.196,-33.626,0.73414,2.2485,0.12599,0,0,0.025573
31.854,1,114.68,38.196,-33.626,0.73791,2.2516,0.12599,0,0,0.025725
31.86,1,114.67,38.196,-33.626,0.74149,2.2547,0.12599,0,0,0.025851
31.866,1,114.67,38.196,-33.626,0.74493,2.2542,0.12599,0,0,0.025969
31.872,1,114.7,38.196,-33.625,0.74822,2.2487,0.12599,0,0,0.026151
31.878,1,114.74,38.196,-33.621,0.75134,2.2398,0.12601,0,0,0.026439
31.884,1,114.78,38.196,-33.617,0.75429,2.2331,0.12603,0,0,0.026799
31.89,1,114.82,38.196,-33.614,0.75707,2.2296,0.12605,0,0,0.02717
31.896,1,114.86,38.196,-33.61,0.75973,2.2278,0.12607,0,0,0.027518
31.902,1,114.89,38.197,-33.608,0.76226,2.2282,0.12608,0,0,0.027827
31.908,1,114.92,38.197,-33.605,0.76468,2.2283,0.12609,0,0,0.028107
31.914,1,114.94,38.197,-33.603,0.76698,2.2261,0.12611,0,0,0.02838
31.92,1,114.98,38.197,-33.6,0.76903,2.2198,0.12612,0,0,0.028689
31.926,1,115.06,38.197,-33.594,0.77015,2.2083,0.12615,0,0,0.029101
31.932,1,115.08,38.197,-33.591,0.76951,2.2148,0.12617,0,0,0.029582
31.938,1,114.92,38.198,-33.606,0.76571,2.2907,0.12609,0,0,0.029
31.944,1,114.74,38.199,-33.623,0.75973,2.3327,0.12601,0,0,0.027659
31.949,1,114.54,38.2,-33.641,0.75181,2.3731,0.12593,0,0,0.026183
31.955,1,114.36,38.201,-33.658,0.74268,2.3993,0.12585,0,0,0.024791
31.96,1,114.23,38.202,-33.671,0.73304,2.4073,0.12579,0,0,0.023651
31.965,1,114.13,38.203,-33.681,0.72357,2.4068,0.12575,0,0,0.02275
31.971,1,114.05,38.204,-33.689,0.71429,2.4109,0.12571,0,0,0.02194
31.976,1,113.94,38.205,-33.7,0.70518,2.4261,0.12567,0,0,0.021085
31.981,1,113.68,38.207,-33.723,0.69544,2.4971,0.12557,0,0,0.01955
31.986,1,113.48,38.208,-33.743,0.68556,2.5158,0.12547,0,0,0.018179
31.992,1,113.42,38.209,-33.75,0.67683,2.4833,0.12544,0,0,0.017431
31.997,1,113.43,38.21,-33.751,0.66897,2.4481,0.12544,0,0,0.017058
32.003,1,113.46,38.21,-33.748,0.66224,2.4168,0.12546,0,0,0.016983
32.009,1,113.52,38.21,-33.743,0.6568,2.3897,0.12549,0,0,0.017071
32.015,1,113.59,38.21,-33.737,0.65336,2.3685,0.12552,0,0,0.017269
32.021,1,113.65,38.21,-33.731,0.65071,2.3531,0.12554,0,0,0.017507
32.027,1,113.71,38.209,-33.726,0.6492,2.343,0.12557,0,0,0.017761
32.033,1,113.77,38.208,-33.719,0.64939,2.3316,0.1256,0,0,0.018003
32.039,1,113.86,38.207,-33.71,0.65111,2.3091,0.12564,0,0,0.018503
32.045,1,113.94,38.206,-33.702,0.65418,2.2987,0.12567,0,0,0.018977
32.051,1,114.01,38.205,-33.694,0.65889,2.2896,0.12571,0,0,0.019478
32.057,1,114.08,38.205,-33.687,0.66554,2.2842,0.12573,0,0,0.019974
32.063,1,114.14,38.204,-33.681,0.67302,2.2757,0.12576,0,0,0.02053
32.07,1,114.21,38.203,-33.674,0.68011,2.2675,0.12579,0,0,0.021075
32.076,1,114.27,38.202,-33.667,0.68677,2.2586,0.12582,0,0,0.021639
32.082,1,114.34,38.201,-33.66,0.69306,2.2512,0.12585,0,0,0.022197
32.088,1,114.4,38.201,-33.654,0.69899,2.245,0.12588,0,0,0.022745
32.095,1,114.47,38.2,-33.647,0.70456,2.2384,0.12591,0,0,0.023291
32.101,1,114.53,38.199,-33.641,0.70978,2.2339,0.12593,0,0,0.023814
32.107,1,114.59,38.198,-33.636,0.71469,2.2311,0.12596,0,0,0.024302
32.114,1,114.63,38.198,-33.632,0.71931,2.2305,0.12597,0,0,0.024743
32.12,1,114.65,38.197,-33.629,0.72371,2.237,0.12598,0,0,0.025047
32.126,1,114.67,38.197,-33.628,0.72794,2.242,0.12599,0,0,0.025267
32.133,1,114.68,38.197,-33.627,0.732,2.2453,0.12599,0,0,0.025459
32.139,1,114.68,38.196,-33.627,0.73589,2.2484,0.12599,0,0,0.025617
32.145,1,114.68,38.196,-33.627,0.73964,2.2514,0.12599,0,0,0.02575
32.151,1,114.67,38.196,-33.627,0.74323,2.2538,0.12599,0,0,0.025861
32.158,1,114.68,38.197,-33.626,0.74666,2.2531,0.12599,0,0,0.025997
32.164,1,114.71,38.197,-33.623,0.74989,2.2434,0.12601,0,0,0.026298
32.17,1,114.76,38.197,-33.62,0.75295,2.2361,0.12602,0,0,0.026661
32.176,1,114.8,38.197,-33.616,0.75586,2.23,0.12604,0,0,0.027052
32.182,1,114.84,38.197,-33.613,0.75864,2.2269,0.12606,0,0,0.027415
32.188,1,114.88,38.197,-33.61,0.76131,2.2257,0.12607,0,0,0.027742
32.194,1,114.91,38.198,-33.608,0.76387,2.2259,0.12608,0,0,0.028035
32.2,1,114.94,38.198,-33.606,0.76631,2.2255,0.12609,0,0,0.028321
32.206,1,114.97,38.198,-33.604,0.76858,2.2232,0.12611,0,0,0.02864
32.212,1,115.02,38.198,-33.6,0.77028,2.2148,0.12613,0,0,0.029075
32.218,1,115.11,38.198,-33.593,0.77111,2.1982,0.12616,0,0,0.029694
32.223,1,115.03,38.198,-33.598,0.76853,2.2527,0.12613,0,0,0.029094
32.229,1,114.83,38.199,-33.615,0.76364,2.316,0.12605,0,0,0.027728
32.235,1,114.65,38.2,-33.631,0.75678,2.3536,0.12597,0,0,0.026353
32.24,1,114.46,38.201,-33.649,0.74826,2.3888,0.12588,0,0,0.024897
32.246,1,114.3,38.202,-33.664,0.73897,2.4041,0.12582,0,0,0.023679
32.251,1,114.19,38.203,-33.675,0.72948,2.407,0.12577,0,0,0.022704
32.256,1,114.1,38.204,-33.683,0.72023,2.4078,0.12574,0,0,0.021851
32.262,1,114,38.205,-33.692,0.71102,2.4191,0.1257,0,0,0.020994
32.267,1,113.84,38.206,-33.705,0.70124,2.455,0.12563,0,0,0.019716
32.272,1,113.57,38.207,-33.732,0.69066,2.519,0.12551,0,0,0.018121
32.278,1,113.45,38.209,-33.745,0.68105,2.501,0.12546,0,0,0.017351
32.283,1,113.42,38.21,-33.75,0.67222,2.464,0.12545,0,0,0.017031
32.289,1,113.45,38.21,-33.749,0.66475,2.4289,0.12546,0,0,0.016995
32.295,1,113.5,38.211,-33.745,0.6586,2.3992,0.12548,0,0,0.017108
32.301,1,113.57,38.21,-33.74,0.65448,2.3738,0.1255,0,0,0.01732
32.307,1,113.64,38.21,-33.734,0.65109,2.3558,0.12553,0,0,0.017565
32.313,1,113.71,38.209,-33.728,0.64914,2.343,0.12556,0,0,0.017821
32.319,1,113.76,38.209,-33.722,0.64842,2.335,0.12558,0,0,0.018065
32.325,1,113.85,38.208,-33.714,0.64946,2.3131,0.12562,0,0,0.018536
32.331,1,113.93,38.207,-33.706,0.652,2.3006,0.12565,0,0,0.019006
32.337,1,114,38.206,-33.699,0.65608,2.2912,0.12569,0,0,0.0195
32.343,1,114.06,38.205,-33.692,0.66215,2.286,0.12571,0,0,0.019992
32.349,1,114.12,38.204,-33.686,0.66979,2.2789,0.12574,0,0,0.020541
32.355,1,114.18,38.204,-33.68,0.67703,2.2714,0.12577,0,0,0.021082
32.362,1,114.25,38.203,-33.674,0.68386,2.2627,0.12579,0,0,0.021639
32.368,1,114.31,38.202,-33.667,0.69035,2.2549,0.12582,0,0,0.022193
32.374,1,114.38,38.201,-33.661,0.69648,2.2481,0.12585,0,0,0.022737
32.38,1,114.44,38.201,-33.654,0.70223,2.2419,0.12588,0,0,0.023277
32.387,1,114.5,38.2,-33.648,0.70762,2.2365,0.1259,0,0,0.023798
32.393,1,114.56,38.199,-33.642,0.71269,2.2327,0.12593,0,0,0.024287
32.399,1,114.61,38.199,-33.636,0.71745,2.2309,0.12595,0,0,0.024732
32.406,1,114.65,38.198,-33.633,0.72196,2.2343,0.12597,0,0,0.025042
32.412,1,114.66,38.198,-33.63,0.72627,2.2409,0.12598,0,0,0.025261
32.418,1,114.67,38.197,-33.629,0.73037,2.244,0.12598,0,0,0.025454
32.425,1,114.67,38.197,-33.628,0.7343,2.2473,0.12598,0,0,0.025613
32.431,1,114.67,38.197,-33.628,0.73806,2.2503,0.12599,0,0,0.025745
32.437,1,114.67,38.197,-33.627,0.74167,2.2532,0.12599,0,0,0.025856
32.443,1,114.68,38.197,-33.627,0.74514,2.2539,0.12599,0,0,0.025985
32.449,1,114.7,38.197,-33.626,0.74843,2.2475,0.12599,0,0,0.026274
32.455,1,114.74,38.197,-33.623,0.75153,2.2384,0.12601,0,0,0.026632
32.462,1,114.79,38.197,-33.619,0.75446,2.2314,0.12603,0,0,0.02702
32.468,1,114.83,38.197,-33.615,0.75724,2.2271,0.12605,0,0,0.027383
32.474,1,114.87,38.197,-33.611,0.75988,2.2258,0.12607,0,0,0.027709
32.48,1,114.9,38.198,-33.608,0.7624,2.2255,0.12608,0,0,0.028
32.485,1,114.93,38.198,-33.605,0.7648,2.225,0.1261,0,0,0.02828
32.491,1,114.97,38.198,-33.602,0.76711,2.2223,0.12611,0,0,0.028588
32.497,1,115.02,38.198,-33.598,0.76919,2.2154,0.12613,0,0,0.029003
32.503,1,115.1,38.198,-33.591,0.77066,2.1984,0.12617,0,0,0.029554
32.509,1,115.09,38.198,-33.591,0.77008,2.2238,0.12617,0,0,0.029129
32.515,1,114.9,38.199,-33.607,0.76608,2.3009,0.12609,0,0,0.027798
32.521,1,114.73,38.199,-33.622,0.76021,2.336,0.12602,0,0,0.026462
32.526,1,114.53,38.201,-33.64,0.75235,2.3769,0.12593,0,0,0.025015
32.532,1,114.36,38.202,-33.657,0.74342,2.3989,0.12586,0,0,0.023777
32.537,1,114.23,38.203,-33.67,0.73399,2.4065,0.1258,0,0,0.022779
32.542,1,114.13,38.204,-33.681,0.72453,2.4098,0.12575,0,0,0.021924
32.548,1,114.04,38.205,-33.689,0.71525,2.4131,0.12572,0,0,0.021148
32.553,1,113.91,38.206,-33.701,0.70583,2.438,0.12566,0,0,0.019958
32.558,1,113.63,38.207,-33.726,0.6952,2.5153,0.12555,0,0,0.018368
32.563,1,113.48,38.209,-33.743,0.68502,2.5066,0.12547,0,0,0.017451
32.569,1,113.43,38.21,-33.749,0.6758,2.4716,0.12545,0,0,0.017068
32.575,1,113.45,38.211,-33.749,0.66776,2.437,0.12546,0,0,0.016981
32.581,1,113.49,38.211,-33.746,0.66094,2.4074,0.12547,0,0,0.017064
32.586,1,113.56,38.211,-33.741,0.65563,2.3812,0.1255,0,0,0.017252
32.592,1,113.62,38.21,-33.735,0.65176,2.3621,0.12553,0,0,0.017483
32.598,1,113.69,38.21,-33.728,0.64904,2.3479,0.12556,0,0,0.017729
32.605,1,113.74,38.209,-33.723,0.64796,2.3389,0.12558,0,0,0.017967
32.611,1,113.83,38.208,-33.714,0.64873,2.3166,0.12562,0,0,0.018413
32.617,1,113.91,38.207,-33.706,0.6507,2.3016,0.12566,0,0,0.01889
32.623,1,113.99,38.206,-33.698,0.65428,2.2916,0.12569,0,0,0.019389
32.629,1,114.06,38.205,-33.69,0.65966,2.2854,0.12572,0,0,0.019888
32.635,1,114.12,38.204,-33.684,0.66717,2.2782,0.12575,0,0,0.020442
32.641,1,114.19,38.203,-33.677,0.67459,2.2702,0.12578,0,0,0.020996
32.647,1,114.26,38.202,-33.67,0.68161,2.2614,0.12581,0,0,0.021563
32.654,1,114.32,38.202,-33.664,0.68822,2.2535,0.12584,0,0,0.022128
32.66,1,114.39,38.201,-33.657,0.69445,2.247,0.12586,0,0,0.02268
32.666,1,114.45,38.2,-33.65,0.70031,2.2409,0.12589,0,0,0.023225
32.672,1,114.52,38.199,-33.644,0.70581,2.2357,0.12592,0,0,0.023751
32.679,1,114.58,38.198,-33.638,0.71098,2.232,0.12594,0,0,0.024248
32.685,1,114.63,38.198,-33.633,0.71585,2.23,0.12597,0,0,0.024706
32.692,1,114.66,38.197,-33.63,0.72047,2.2341,0.12598,0,0,0.025033
32.698,1,114.67,38.197,-33.628,0.7249,2.241,0.12598,0,0,0.025256
32.704,1,114.68,38.196,-33.627,0.72912,2.2445,0.12599,0,0,0.02545
32.71,1,114.68,38.196,-33.626,0.73316,2.248,0.12599,0,0,0.025611
32.717,1,114.68,38.196,-33.626,0.73704,2.2512,0.12599,0,0,0.025745
32.723,1,114.68,38.196,-33.626,0.74076,2.2542,0.12599,0,0,0.025855
32.729,1,114.68,38.196,-33.626,0.74433,2.2552,0.12599,0,0,0.025975
32.735,1,114.7,38.196,-33.624,0.7477,2.2482,0.126,0,0,0.02623
32.741,1,114.74,38.196,-33.621,0.75089,2.2391,0.12601,0,0,0.026579
32.747,1,114.78,38.196,-33.617,0.75389,2.2322,0.12603,0,0,0.026957
32.754,1,114.82,38.196,-33.613,0.75674,2.2289,0.12605,0,0,0.027318
32.76,1,114.86,38.196,-33.61,0.75946,2.2278,0.12607,0,0,0.027638
32.766,1,114.89,38.197,-33.608,0.76206,2.2278,0.12608,0,0,0.027918
32.771,1,114.92,38.197,-33.606,0.76456,2.2284,0.12609,0,0,0.028176
32.777,1,114.95,38.197,-33.603,0.76694,2.2271,0.1261,0,0,0.028445
32.783,1,115,38.197,-33.6,0.76917,2.2204,0.12612,0,0,0.028782
32.789,1,115.09,38.197,-33.594,0.77034,2.2012,0.12615,0,0,0.029307
32.795,1,115.08,38.197,-33.593,0.76976,2.2186,0.12616,0,0,0.029353
32.801,1,114.91,38.198,-33.607,0.76614,2.2966,0.12609,0,0,0.028147
32.807,1,114.73,38.199,-33.624,0.76008,2.3339,0.12601,0,0,0.026838
32.812,1,114.53,38.2,-33.642,0.75206,2.375,0.12593,0,0,0.02538
32.818,1,114.36,38.201,-33.658,0.74293,2.3983,0.12585,0,0,0.02406
32.823,1,114.23,38.202,-33.671,0.73331,2.4074,0.12579,0,0,0.022992
32.829,1,114.13,38.203,-33.68,0.72381,2.4069,0.12576,0,0,0.022171
32.834,1,114.05,38.204,-33.688,0.71445,2.4085,0.12572,0,0,0.021424
32.839,1,113.93,38.205,-33.699,0.70507,2.432,0.12567,0,0,0.020538
32.844,1,113.64,38.206,-33.722,0.69495,2.5121,0.12556,0,0,0.018926
32.85,1,113.48,38.208,-33.741,0.68485,2.5122,0.12548,0,0,0.017675
32.855,1,113.42,38.209,-33.749,0.67594,2.4763,0.12545,0,0,0.017124
32.861,1,113.43,38.21,-33.75,0.66807,2.4409,0.12545,0,0,0.016937
32.867,1,113.47,38.21,-33.747,0.66141,2.4114,0.12547,0,0,0.016964
32.873,1,113.53,38.21,-33.742,0.65617,2.3847,0.12549,0,0,0.017122
32.878,1,113.6,38.21,-33.736,0.65235,2.3652,0.12552,0,0,0.017346
32.885,1,113.67,38.209,-33.73,0.64995,2.3505,0.12555,0,0,0.017595
32.891,1,113.73,38.209,-33.724,0.64895,2.3412,0.12557,0,0,0.017844
32.897,1,113.8,38.208,-33.718,0.64921,2.3243,0.1256,0,0,0.01819
32.903,1,113.88,38.207,-33.709,0.65103,2.3057,0.12564,0,0,0.018677
32.909,1,113.96,38.206,-33.702,0.65445,2.2955,0.12567,0,0,0.019164
32.915,1,114.02,38.205,-33.694,0.65963,2.2883,0.1257,0,0,0.019664
32.921,1,114.08,38.204,-33.688,0.66696,2.282,0.12573,0,0,0.020188
32.927,1,114.15,38.204,-33.682,0.67437,2.2738,0.12576,0,0,0.020736
32.933,1,114.21,38.203,-33.676,0.68138,2.2652,0.12578,0,0,0.021289
32.94,1,114.28,38.202,-33.669,0.68794,2.2567,0.12581,0,0,0.021852
32.946,1,114.34,38.201,-33.662,0.69414,2.2496,0.12584,0,0,0.022407
32.952,1,114.41,38.201,-33.656,0.69995,2.2435,0.12587,0,0,0.02295
32.958,1,114.47,38.2,-33.65,0.70542,2.2375,0.1259,0,0,0.023489
32.965,1,114.53,38.199,-33.644,0.71056,2.2332,0.12592,0,0,0.024001
32.971,1,114.59,38.199,-33.638,0.7154,2.2308,0.12595,0,0,0.024473
32.977,1,114.63,38.198,-33.633,0.72001,2.2313,0.12597,0,0,0.024875
32.984,1,114.65,38.198,-33.63,0.72443,2.2379,0.12598,0,0,0.025136
32.99,1,114.67,38.197,-33.629,0.72864,2.2422,0.12598,0,0,0.025347
32.996,1,114.67,38.197,-33.628,0.73268,2.2456,0.12599,0,0,0.025525
33.003,1,114.68,38.197,-33.627,0.73655,2.2488,0.12599,0,0,0.025674
33.009,1,114.67,38.197,-33.627,0.74028,2.2518,0.12599,0,0,0.025797
33.015,1,114.67,38.197,-33.627,0.74385,2.2541,0.12599,0,0,0.025908
33.021,1,114.68,38.197,-33.627,0.74721,2.2519,0.12599,0,0,0.026079
33.027,1,114.72,38.197,-33.624,0.75039,2.2412,0.126,0,0,0.026417
33.033,1,114.76,38.197,-33.62,0.7534,2.2342,0.12602,0,0,0.02679
33.039,1,114.81,38.197,-33.616,0.75626,2.2281,0.12604,0,0,0.02718
33.045,1,114.85,38.197,-33.612,0.75899,2.2261,0.12606,0,0,0.027528
33.051,1,114.89,38.197,-33.609,0.76161,2.2253,0.12608,0,0,0.027841
33.057,1,114.92,38.198,-33.606,0.76412,2.2255,0.12609,0,0,0.028124
33.063,1,114.95,38.198,-33.603,0.7665,2.2244,0.12611,0,0,0.02841
33.069,1,114.99,38.198,-33.6,0.76872,2.2194,0.12613,0,0,0.028743
33.075,1,115.06,38.198,-33.594,0.77026,2.2077,0.12616,0,0,0.029222
33.081,1,115.12,38.198,-33.588,0.77102,2.2013,0.12618,0,0,0.029622
33.087,1,114.98,38.198,-33.6,0.76824,2.2702,0.12613,0,0,0.028657
33.093,1,114.8,38.199,-33.616,0.76283,2.3226,0.12605,0,0,0.027314
33.098,1,114.6,38.2,-33.634,0.75544,2.3629,0.12596,0,0,0.025872
33.104,1,114.41,38.201,-33.652,0.74659,2.3941,0.12588,0,0,0.024466
33.109,1,114.26,38.202,-33.667,0.73706,2.4069,0.12581,0,0,0.023309
33.115,1,114.15,38.203,-33.678,0.72744,2.4097,0.12576,0,0,0.022389
33.12,1,114.05,38.204,-33.689,0.71782,2.4167,0.12572,0,0,0.021522
33.125,1,113.94,38.205,-33.699,0.70841,2.4267,0.12567,0,0,0.02069
33.13,1,113.7,38.207,-33.721,0.69818,2.494,0.12557,0,0,0.019158
33.136,1,113.5,38.208,-33.741,0.68756,2.5172,0.12548,0,0,0.017797
33.141,1,113.43,38.209,-33.749,0.67809,2.4838,0.12545,0,0,0.017191
33.147,1,113.42,38.21,-33.75,0.66961,2.4489,0.12545,0,0,0.016963
33.153,1,113.46,38.21,-33.748,0.66254,2.417,0.12546,0,0,0.016971
33.159,1,113.52,38.21,-33.743,0.65685,2.3897,0.12549,0,0,0.01711
33.165,1,113.59,38.21,-33.736,0.65241,2.3683,0.12552,0,0,0.017326
33.171,1,113.66,38.209,-33.73,0.64954,2.3526,0.12555,0,0,0.017567
33.177,1,113.72,38.209,-33.724,0.6481,2.342,0.12558,0,0,0.017813
33.183,1,113.79,38.208,-33.717,0.64808,2.3274,0.12561,0,0,0.018144
33.189,1,113.88,38.207,-33.708,0.64971,2.3058,0.12565,0,0,0.018638
33.195,1,113.96,38.206,-33.699,0.65283,2.2951,0.12568,0,0,0.019128
33.201,1,114.03,38.205,-33.692,0.65768,2.2871,0.12571,0,0,0.019636
33.207,1,114.09,38.204,-33.685,0.66462,2.281,0.12574,0,0,0.020164
33.213,1,114.16,38.203,-33.678,0.67212,2.2725,0.12577,0,0,0.020729
33.219,1,114.22,38.202,-33.671,0.67923,2.2641,0.1258,0,0,0.021296
33.226,1,114.29,38.201,-33.664,0.68591,2.2553,0.12583,0,0,0.021872
33.232,1,114.36,38.2,-33.658,0.69222,2.2485,0.12586,0,0,0.022435
33.238,1,114.42,38.2,-33.651,0.69815,2.2426,0.12588,0,0,0.022981
33.245,1,114.49,38.199,-33.645,0.70371,2.237,0.12591,0,0,0.023519
33.251,1,114.55,38.198,-33.639,0.70895,2.2329,0.12594,0,0,0.02403
33.257,1,114.6,38.197,-33.633,0.71389,2.2306,0.12596,0,0,0.024501
33.264,1,114.64,38.197,-33.63,0.71855,2.2316,0.12598,0,0,0.024894
33.27,1,114.66,38.196,-33.628,0.723,2.2386,0.12598,0,0,0.025146
33.276,1,114.67,38.196,-33.626,0.72728,2.2431,0.12599,0,0,0.025349
33.283,1,114.68,38.195,-33.626,0.73138,2.2466,0.12599,0,0,0.025519
33.289,1,114.68,38.195,-33.626,0.73532,2.2498,0.12599,0,0,0.025659
33.295,1,114.67,38.195,-33.626,0.73912,2.2529,0.12599,0,0,0.025774
33.301,1,114.67,38.195,-33.626,0.74275,2.2553,0.12599,0,0,0.025878
33.307,1,114.68,38.196,-33.625,0.74619,2.2528,0.12599,0,0,0.026047
33.313,1,114.72,38.196,-33.622,0.74943,2.2422,0.12601,0,0,0.026377
33.32,1,114.76,38.196,-33.618,0.75249,2.2351,0.12603,0,0,0.026739
33.326,1,114.8,38.196,-33.614,0.7554,2.2297,0.12605,0,0,0.027115
33.332,1,114.84,38.196,-33.611,0.75816,2.2279,0.12606,0,0,0.027445
33.338,1,114.87,38.196,-33.609,0.76081,2.2274,0.12607,0,0,0.027737
33.344,1,114.9,38.197,-33.607,0.76335,2.228,0.12608,0,0,0.027989
33.349,1,114.93,38.197,-33.605,0.76579,2.2275,0.12609,0,0,0.028237
33.355,1,114.96,38.197,-33.603,0.76802,2.2247,0.12611,0,0,0.028513
33.361,1,115.02,38.197,-33.598,0.76964,2.2156,0.12613,0,0,0.028878
33.367,1,115.09,38.197,-33.592,0.77022,2.2015,0.12616,0,0,0.029422
33.373,1,115,38.198,-33.6,0.76755,2.262,0.12612,0,0,0.028888
33.379,1,114.81,38.198,-33.617,0.76219,2.3205,0.12604,0,0,0.027502
33.385,1,114.61,38.199,-33.634,0.75501,2.3596,0.12596,0,0,0.026151
33.39,1,114.42,38.201,-33.652,0.74619,2.3926,0.12588,0,0,0.0247
33.396,1,114.27,38.202,-33.666,0.73671,2.4053,0.12582,0,0,0.023501
33.401,1,114.17,38.203,-33.676,0.72712,2.4073,0.12577,0,0,0.022572
33.406,1,114.09,38.204,-33.684,0.71787,2.4086,0.12574,0,0,0.021839
33.411,1,113.99,38.205,-33.693,0.70878,2.4209,0.1257,0,0,0.021046
33.417,1,113.82,38.206,-33.709,0.69913,2.4585,0.12563,0,0,0.019968
33.422,1,113.55,38.207,-33.734,0.68875,2.5215,0.12551,0,0,0.018241
33.427,1,113.44,38.209,-33.747,0.67939,2.4983,0.12546,0,0,0.017348
33.433,1,113.42,38.209,-33.75,0.67081,2.4614,0.12544,0,0,0.016979
33.439,1,113.45,38.21,-33.749,0.66368,2.4269,0.12546,0,0,0.016917
33.445,1,113.5,38.21,-33.744,0.65838,2.3977,0.12548,0,0,0.017019
33.451,1,113.57,38.21,-33.739,0.65398,2.373,0.12551,0,0,0.017232
33.457,1,113.64,38.21,-33.732,0.65093,2.3555,0.12554,0,0,0.017483
33.463,1,113.7,38.209,-33.726,0.64929,2.3432,0.12557,0,0,0.017747
33.469,1,113.76,38.209,-33.721,0.6491,2.3354,0.12559,0,0,0.017999
33.475,1,113.85,38.208,-33.713,0.65057,2.3116,0.12562,0,0,0.018437
33.481,1,113.93,38.207,-33.705,0.65326,2.3002,0.12566,0,0,0.018907
33.487,1,114,38.206,-33.698,0.65747,2.291,0.12569,0,0,0.019396
33.493,1,114.06,38.205,-33.692,0.66359,2.2861,0.12572,0,0,0.019884
33.499,1,114.12,38.204,-33.686,0.67119,2.2789,0.12574,0,0,0.020416
33.505,1,114.18,38.204,-33.68,0.67839,2.2716,0.12577,0,0,0.020942
33.511,1,114.25,38.203,-33.673,0.68519,2.263,0.12579,0,0,0.021483
33.518,1,114.31,38.202,-33.667,0.6916,2.2553,0.12582,0,0,0.022029
33.524,1,114.37,38.202,-33.661,0.69763,2.2485,0.12585,0,0,0.022572
33.53,1,114.44,38.201,-33.654,0.70328,2.2421,0.12588,0,0,0.023107
33.537,1,114.5,38.2,-33.648,0.70859,2.2366,0.1259,0,0,0.023636
33.543,1,114.56,38.2,-33.642,0.71358,2.2327,0.12593,0,0,0.024138
33.549,1,114.61,38.199,-33.637,0.71828,2.2308,0.12595,0,0,0.024598
33.556,1,114.64,38.198,-33.633,0.72274,2.2343,0.12597,0,0,0.024962
33.562,1,114.66,38.198,-33.631,0.72702,2.2406,0.12598,0,0,0.025202
33.568,1,114.66,38.197,-33.629,0.73113,2.2436,0.12598,0,0,0.025412
33.574,1,114.67,38.197,-33.628,0.73506,2.2468,0.12599,0,0,0.025587
33.581,1,114.67,38.197,-33.628,0.73883,2.2498,0.12599,0,0,0.025734
33.587,1,114.67,38.197,-33.627,0.74245,2.2526,0.12599,0,0,0.025856
33.593,1,114.67,38.197,-33.627,0.74592,2.2534,0.12599,0,0,0.02598
33.599,1,114.7,38.197,-33.626,0.74916,2.2462,0.126,0,0,0.026209
33.605,1,114.74,38.197,-33.622,0.75224,2.2373,0.12601,0,0,0.026561
33.611,1,114.79,38.197,-33.618,0.75514,2.2309,0.12603,0,0,0.026947
33.617,1,114.83,38.197,-33.614,0.75791,2.2257,0.12605,0,0,0.027333
33.623,1,114.87,38.197,-33.611,0.76054,2.2241,0.12607,0,0,0.027682
33.629,1,114.91,38.198,-33.607,0.76307,2.2232,0.12609,0,0,0.027999
33.635,1,114.94,38.198,-33.604,0.76548,2.2223,0.1261,0,0,0.028298
33.641,1,114.98,38.198,-33.601,0.76774,2.2192,0.12612,0,0,0.028618
33.647,1,115.03,38.198,-33.597,0.76965,2.2115,0.12614,0,0,0.029024
33.653,1,115.12,38.198,-33.588,0.77121,2.1938,0.12618,0,0,0.029696
33.659,1,115.08,38.198,-33.59,0.76998,2.237,0.12617,0,0,0.029512
33.665,1,114.88,38.198,-33.607,0.76574,2.308,0.12609,0,0,0.028184
33.671,1,114.7,38.199,-33.623,0.75961,2.3454,0.12601,0,0,0.026883
33.676,1,114.49,38.2,-33.642,0.75157,2.3844,0.12593,0,0,0.025412
33.682,1,114.33,38.201,-33.658,0.74263,2.4018,0.12585,0,0,0.024121
33.687,1,114.21,38.202,-33.671,0.73323,2.4065,0.1258,0,0,0.023052
33.692,1,114.13,38.204,-33.682,0.72379,2.4136,0.12575,0,0,0.022134
33.697,1,114.04,38.205,-33.692,0.71438,2.4175,0.1257,0,0,0.021302
33.703,1,113.9,38.206,-33.707,0.70442,2.4429,0.12564,0,0,0.020188
33.708,1,113.62,38.207,-33.731,0.69366,2.5189,0.12552,0,0,0.018514
33.713,1,113.47,38.209,-33.745,0.68374,2.5056,0.12547,0,0,0.017572
33.719,1,113.43,38.21,-33.749,0.67457,2.4704,0.12545,0,0,0.017149
33.725,1,113.45,38.21,-33.748,0.66671,2.436,0.12546,0,0,0.017039
33.73,1,113.5,38.21,-33.744,0.66025,2.4063,0.12548,0,0,0.017101
33.736,1,113.56,38.21,-33.738,0.65546,2.3803,0.12551,0,0,0.017281
33.742,1,113.63,38.21,-33.732,0.65159,2.3613,0.12554,0,0,0.017506
33.748,1,113.7,38.209,-33.726,0.64887,2.3471,0.12557,0,0,0.017751
33.754,1,113.76,38.208,-33.72,0.64773,2.3379,0.12559,0,0,0.01799
33.76,1,113.85,38.207,-33.711,0.64859,2.3127,0.12563,0,0,0.018447
33.767,1,113.94,38.206,-33.703,0.65085,2.2995,0.12567,0,0,0.018923
33.773,1,114.02,38.205,-33.695,0.65477,2.2894,0.1257,0,0,0.01942
33.779,1,114.08,38.204,-33.688,0.66052,2.2843,0.12573,0,0,0.019917
33.785,1,114.15,38.203,-33.681,0.66827,2.2767,0.12576,0,0,0.020476
33.791,1,114.21,38.202,-33.675,0.67561,2.2689,0.12579,0,0,0.021031
33.797,1,114.27,38.202,-33.668,0.68256,2.26,0.12581,0,0,0.0216
33.803,1,114.34,38.201,-33.661,0.6891,2.2524,0.12584,0,0,0.022165
33.81,1,114.4,38.2,-33.655,0.69527,2.2461,0.12587,0,0,0.022716
33.816,1,114.47,38.199,-33.648,0.70106,2.24,0.1259,0,0,0.023261
33.822,1,114.53,38.199,-33.642,0.7065,2.2352,0.12593,0,0,0.023784
33.829,1,114.58,38.198,-33.636,0.71162,2.232,0.12595,0,0,0.024276
33.835,1,114.64,38.197,-33.631,0.71644,2.2306,0.12597,0,0,0.024729
33.841,1,114.66,38.196,-33.628,0.72104,2.2361,0.12598,0,0,0.025034
33.848,1,114.67,38.196,-33.627,0.72543,2.2419,0.12599,0,0,0.025251
33.854,1,114.67,38.196,-33.626,0.72961,2.2454,0.12599,0,0,0.02544
33.86,1,114.68,38.195,-33.625,0.73362,2.2488,0.12599,0,0,0.025596
33.867,1,114.68,38.195,-33.625,0.73746,2.2519,0.12599,0,0,0.025725
33.873,1,114.68,38.195,-33.625,0.74115,2.2549,0.12599,0,0,0.025831
33.879,1,114.68,38.196,-33.625,0.74468,2.2549,0.12599,0,0,0.025956
33.885,1,114.71,38.196,-33.623,0.748,2.2458,0.126,0,0,0.02624
33.891,1,114.75,38.196,-33.619,0.75114,2.2381,0.12602,0,0,0.026594
33.897,1,114.79,38.196,-33.615,0.7541,2.2315,0.12604,0,0,0.026975
33.903,1,114.83,38.196,-33.612,0.75691,2.2285,0.12606,0,0,0.027329
33.909,1,114.87,38.196,-33.609,0.75959,2.2276,0.12607,0,0,0.027643
33.915,1,114.9,38.196,-33.606,0.76215,2.2279,0.12609,0,0,0.027918
33.921,1,114.93,38.197,-33.604,0.7646,2.2278,0.1261,0,0,0.028177
33.927,1,114.96,38.197,-33.601,0.76691,2.2256,0.12611,0,0,0.028454
33.933,1,115.01,38.197,-33.597,0.76897,2.2184,0.12613,0,0,0.028816
33.939,1,115.1,38.197,-33.589,0.77005,2.199,0.12617,0,0,0.029381
33.945,1,115.06,38.197,-33.593,0.76891,2.2377,0.12615,0,0,0.029186
33.951,1,114.86,38.198,-33.611,0.76439,2.3111,0.12607,0,0,0.027873
33.956,1,114.68,38.199,-33.628,0.75795,2.345,0.12599,0,0,0.026529
33.962,1,114.48,38.2,-33.646,0.74964,2.3851,0.1259,0,0,0.025059
33.967,1,114.32,38.201,-33.662,0.74051,2.4015,0.12583,0,0,0.023785
33.973,1,114.2,38.202,-33.673,0.73107,2.4068,0.12578,0,0,0.022771
33.978,1,114.12,38.203,-33.682,0.72176,2.4058,0.12574,0,0,0.021975
33.983,1,114.03,38.204,-33.691,0.7125,2.4131,0.1257,0,0,0.021191
33.989,1,113.89,38.205,-33.706,0.70314,2.4388,0.12564,0,0,0.020185
33.994,1,113.61,38.207,-33.732,0.69275,2.5214,0.12552,0,0,0.018582
33.999,1,113.46,38.208,-33.745,0.68315,2.507,0.12546,0,0,0.01748
34.005,1,113.42,38.209,-33.75,0.67447,2.472,0.12544,0,0,0.017032
34.01,1,113.44,38.21,-33.749,0.66695,2.4365,0.12545,0,0,0.01691
34.016,1,113.48,38.21,-33.745,0.66076,2.4072,0.12547,0,0,0.016984
34.022,1,113.55,38.21,-33.739,0.65595,2.3807,0.1255,0,0,0.017169
34.028,1,113.61,38.21,-33.733,0.65222,2.3617,0.12553,0,0,0.017409
34.034,1,113.68,38.209,-33.727,0.65,2.3474,0.12556,0,0,0.017663
34.04,1,113.74,38.208,-33.721,0.64903,2.3386,0.12559,0,0,0.017913
34.046,1,113.82,38.208,-33.714,0.64952,2.3216,0.12561,0,0,0.018268
34.052,1,113.9,38.207,-33.706,0.65167,2.3042,0.12565,0,0,0.01875
34.058,1,113.98,38.206,-33.698,0.65547,2.2946,0.12568,0,0,0.019233
34.065,1,114.04,38.205,-33.691,0.66093,2.2879,0.12571,0,0,0.019729
34.071,1,114.1,38.204,-33.685,0.6682,2.2821,0.12574,0,0,0.020254
34.077,1,114.16,38.203,-33.679,0.6756,2.2742,0.12577,0,0,0.020796
34.083,1,114.22,38.202,-33.673,0.6826,2.2659,0.12579,0,0,0.021346
34.089,1,114.29,38.202,-33.667,0.68919,2.2574,0.12582,0,0,0.021906
34.095,1,114.35,38.201,-33.66,0.69539,2.2502,0.12585,0,0,0.022458
34.102,1,114.42,38.2,-33.654,0.70121,2.2441,0.12588,0,0,0.022998
34.108,1,114.48,38.2,-33.647,0.70667,2.2379,0.1259,0,0,0.023535
34.114,1,114.54,38.199,-33.641,0.71178,2.2335,0.12593,0,0,0.024045
34.121,1,114.59,38.198,-33.636,0.71659,2.2309,0.12595,0,0,0.024515
34.127,1,114.64,38.198,-33.632,0.72112,2.2318,0.12597,0,0,0.024909
34.133,1,114.66,38.197,-33.63,0.72546,2.2384,0.12598,0,0,0.025166
34.14,1,114.67,38.197,-33.628,0.72959,2.2425,0.12598,0,0,0.025376
34.146,1,114.67,38.196,-33.627,0.73355,2.2458,0.12599,0,0,0.025553
34.152,1,114.67,38.196,-33.627,0.73734,2.2489,0.12599,0,0,0.025701
34.159,1,114.67,38.196,-33.627,0.74098,2.2519,0.12599,0,0,0.025823
34.165,1,114.67,38.196,-33.627,0.74448,2.254,0.12599,0,0,0.025938
34.171,1,114.69,38.196,-33.626,0.74783,2.2508,0.12599,0,0,0.026123
34.177,1,114.73,38.197,-33.622,0.75098,2.2407,0.12601,0,0,0.026452
34.183,1,114.77,38.197,-33.618,0.75395,2.2335,0.12603,0,0,0.026823
34.189,1,114.82,38.197,-33.614,0.75677,2.2274,0.12605,0,0,0.027205
34.195,1,114.85,38.197,-33.611,0.75944,2.2258,0.12607,0,0,0.02755
34.201,1,114.89,38.197,-33.608,0.76199,2.2251,0.12608,0,0,0.027859
34.207,1,114.92,38.197,-33.605,0.76443,2.2251,0.1261,0,0,0.02814
34.213,1,114.95,38.197,-33.602,0.76675,2.2231,0.12611,0,0,0.028423
34.219,1,115,38.197,-33.598,0.76894,2.2173,0.12613,0,0,0.028757
34.225,1,115.07,38.197,-33.592,0.77073,2.2042,0.12616,0,0,0.02925
34.231,1,115.11,38.197,-33.589,0.77083,2.2075,0.12618,0,0,0.029561
34.237,1,114.95,38.198,-33.605,0.7674,2.2817,0.1261,0,0,0.02866
34.242,1,114.77,38.199,-33.621,0.76181,2.328,0.12602,0,0,0.027332
34.248,1,114.57,38.2,-33.639,0.75418,2.369,0.12594,0,0,0.025923
34.254,1,114.39,38.201,-33.656,0.74524,2.3969,0.12586,0,0,0.024537
34.259,1,114.24,38.202,-33.67,0.7357,2.4077,0.1258,0,0,0.023387
34.264,1,114.13,38.203,-33.68,0.7261,2.4096,0.12575,0,0,0.022459
34.27,1,114.04,38.204,-33.689,0.71666,2.4135,0.12571,0,0,0.02167
34.275,1,113.93,38.205,-33.701,0.70722,2.4308,0.12566,0,0,0.020768
34.28,1,113.68,38.207,-33.726,0.69675,2.4995,0.12555,0,0,0.019267
34.285,1,113.48,38.208,-33.743,0.6866,2.5165,0.12547,0,0,0.017955
34.291,1,113.42,38.209,-33.749,0.67754,2.4832,0.12545,0,0,0.017268
34.296,1,113.42,38.21,-33.75,0.66919,2.448,0.12545,0,0,0.01701
34.302,1,113.46,38.21,-33.747,0.66221,2.417,0.12547,0,0,0.016993
34.308,1,113.52,38.21,-33.742,0.65668,2.3898,0.12549,0,0,0.017123
34.314,1,113.59,38.21,-33.736,0.65242,2.3686,0.12552,0,0,0.017335
34.32,1,113.65,38.209,-33.729,0.6497,2.3528,0.12555,0,0,0.01758
34.326,1,113.71,38.209,-33.724,0.64837,2.3421,0.12558,0,0,0.017831
34.332,1,113.8,38.208,-33.716,0.64814,2.321,0.12561,0,0,0.018154
34.338,1,113.89,38.207,-33.707,0.64978,2.3036,0.12565,0,0,0.018635
34.344,1,113.97,38.206,-33.699,0.65311,2.293,0.12568,0,0,0.019117
34.35,1,114.05,38.205,-33.691,0.65827,2.2863,0.12571,0,0,0.019615
34.356,1,114.11,38.204,-33.685,0.66539,2.2795,0.12574,0,0,0.02013
34.363,1,114.18,38.203,-33.678,0.6729,2.2714,0.12577,0,0,0.020679
34.369,1,114.24,38.202,-33.671,0.68001,2.2627,0.12579,0,0,0.021227
34.375,1,114.31,38.201,-33.664,0.68671,2.2545,0.12582,0,0,0.021785
34.381,1,114.38,38.201,-33.658,0.69295,2.2478,0.12585,0,0,0.022337
34.387,1,114.44,38.2,-33.651,0.69882,2.2418,0.12588,0,0,0.02288
34.394,1,114.5,38.199,-33.645,0.70434,2.2364,0.1259,0,0,0.023415
34.4,1,114.56,38.198,-33.639,0.70953,2.2326,0.12593,0,0,0.023929
34.406,1,114.62,38.198,-33.633,0.71443,2.2305,0.12595,0,0,0.024406
34.413,1,114.65,38.197,-33.63,0.71911,2.2331,0.12597,0,0,0.024813
34.419,1,114.66,38.196,-33.628,0.72359,2.24,0.12598,0,0,0.025091
34.425,1,114.67,38.196,-33.627,0.72787,2.2439,0.12599,0,0,0.025304
34.432,1,114.67,38.196,-33.626,0.73194,2.2474,0.12599,0,0,0.025487
34.438,1,114.68,38.196,-33.626,0.7358,2.2506,0.12599,0,0,0.025639
34.444,1,114.67,38.196,-33.626,0.73957,2.2537,0.12599,0,0,0.025765
34.45,1,114.67,38.196,-33.626,0.74319,2.2554,0.12599,0,0,0.025879
34.457,1,114.68,38.196,-33.625,0.74661,2.2508,0.12599,0,0,0.026052
34.463,1,114.72,38.196,-33.622,0.74984,2.2417,0.12601,0,0,0.026369
34.469,1,114.76,38.196,-33.618,0.7529,2.2352,0.12603,0,0,0.026737
34.475,1,114.81,38.196,-33.614,0.7558,2.2305,0.12605,0,0,0.027121
34.481,1,114.84,38.197,-33.611,0.75858,2.2282,0.12606,0,0,0.02747
34.487,1,114.87,38.197,-33.609,0.76122,2.2282,0.12607,0,0,0.027783
34.493,1,114.9,38.197,-33.607,0.76373,2.2288,0.12608,0,0,0.028066
34.499,1,114.93,38.197,-33.605,0.76611,2.2283,0.1261,0,0,0.028347
34.505,1,114.96,38.197,-33.603,0.76836,2.2252,0.12611,0,0,0.02867
34.511,1,115.01,38.198,-33.598,0.76971,2.2162,0.12613,0,0,0.029117
34.516,1,115.09,38.198,-33.593,0.76994,2.2074,0.12616,0,0,0.029597
34.522,1,114.97,38.198,-33.602,0.76671,2.2573,0.12612,0,0,0.028781
34.528,1,114.79,38.199,-33.618,0.76087,2.3199,0.12604,0,0,0.027426
34.534,1,114.61,38.2,-33.636,0.75318,2.3564,0.12596,0,0,0.026
34.539,1,114.42,38.201,-33.653,0.74406,2.3909,0.12587,0,0,0.024567
34.545,1,114.27,38.202,-33.667,0.73442,2.4047,0.12581,0,0,0.023392
34.55,1,114.17,38.203,-33.677,0.72484,2.4065,0.12577,0,0,0.022462
34.555,1,114.1,38.204,-33.685,0.71557,2.4057,0.12573,0,0,0.021634
34.561,1,114.01,38.205,-33.694,0.70645,2.416,0.12568,0,0,0.020783
34.566,1,113.86,38.206,-33.711,0.69718,2.4473,0.12559,0,0,0.019364
34.571,1,113.57,38.207,-33.736,0.68726,2.5232,0.12549,0,0,0.017906
34.577,1,113.44,38.209,-33.747,0.67852,2.5025,0.12545,0,0,0.017245
34.582,1,113.42,38.21,-33.75,0.6707,2.4659,0.12544,0,0,0.016981
34.588,1,113.45,38.21,-33.749,0.66415,2.4308,0.12546,0,0,0.01697
34.594,1,113.5,38.21,-33.745,0.65871,2.4016,0.12548,0,0,0.017096
34.6,1,113.56,38.21,-33.739,0.65466,2.3762,0.12551,0,0,0.017308
34.606,1,113.63,38.21,-33.733,0.6515,2.3583,0.12554,0,0,0.017549
34.612,1,113.7,38.209,-33.727,0.64963,2.3452,0.12556,0,0,0.017797
34.618,1,113.75,38.209,-33.722,0.6494,2.3371,0.12559,0,0,0.018068
34.624,1,113.83,38.208,-33.713,0.65098,2.3139,0.12562,0,0,0.018565
34.63,1,113.91,38.207,-33.706,0.65391,2.3014,0.12566,0,0,0.019043
34.636,1,113.99,38.206,-33.698,0.65847,2.2919,0.12569,0,0,0.019545
34.642,1,114.05,38.205,-33.692,0.66471,2.2868,0.12571,0,0,0.020052
34.648,1,114.11,38.204,-33.686,0.6723,2.2794,0.12574,0,0,0.020612
34.654,1,114.17,38.204,-33.68,0.67946,2.2718,0.12577,0,0,0.021167
34.661,1,114.23,38.203,-33.673,0.6862,2.263,0.12579,0,0,0.021738
34.667,1,114.3,38.202,-33.667,0.69254,2.2552,0.12582,0,0,0.022299
34.673,1,114.36,38.201,-33.66,0.69849,2.2483,0.12585,0,0,0.022844
34.679,1,114.43,38.201,-33.654,0.70408,2.2419,0.12588,0,0,0.023386
34.686,1,114.49,38.2,-33.648,0.70932,2.2364,0.12591,0,0,0.023903
34.692,1,114.55,38.199,-33.642,0.71424,2.2326,0.12593,0,0,0.024385
34.698,1,114.6,38.199,-33.636,0.71886,2.2307,0.12595,0,0,0.024811
34.705,1,114.64,38.198,-33.633,0.72324,2.2337,0.12597,0,0,0.025096
34.711,1,114.65,38.198,-33.631,0.72743,2.2403,0.12598,0,0,0.025307
34.717,1,114.66,38.197,-33.629,0.73143,2.2435,0.12598,0,0,0.025489
34.724,1,114.67,38.197,-33.628,0.73527,2.2467,0.12598,0,0,0.02564
34.73,1,114.67,38.197,-33.628,0.73895,2.2497,0.12599,0,0,0.025764
34.736,1,114.67,38.197,-33.628,0.74249,2.2525,0.12599,0,0,0.02587
34.742,1,114.68,38.197,-33.627,0.74587,2.2535,0.12599,0,0,0.026012
34.748,1,114.69,38.197,-33.626,0.74911,2.2472,0.126,0,0,0.026316
34.755,1,114.73,38.197,-33.622,0.75217,2.2382,0.12601,0,0,0.026675
34.761,1,114.78,38.197,-33.618,0.75506,2.2315,0.12603,0,0,0.027056
34.767,1,114.83,38.197,-33.614,0.7578,2.2261,0.12605,0,0,0.027403
34.773,1,114.86,38.197,-33.611,0.76041,2.2244,0.12607,0,0,0.027711
34.779,1,114.9,38.198,-33.607,0.7629,2.2239,0.12609,0,0,0.027981
34.785,1,114.94,38.198,-33.605,0.7653,2.2232,0.1261,0,0,0.02824
34.791,1,114.97,38.198,-33.601,0.76759,2.2205,0.12611,0,0,0.028524
34.796,1,115.02,38.198,-33.597,0.76966,2.2134,0.12613,0,0,0.028894
34.802,1,115.12,38.198,-33.589,0.77135,2.1939,0.12618,0,0,0.029506
34.808,1,115.09,38.198,-33.591,0.77027,2.2233,0.12615,0,0,0.029066
34.814,1,114.89,38.199,-33.608,0.76621,2.2996,0.12606,0,0,0.027611
34.82,1,114.72,38.199,-33.625,0.76034,2.3359,0.12599,0,0,0.026268
34.825,1,114.52,38.2,-33.643,0.75246,2.3769,0.1259,0,0,0.024785
34.831,1,114.35,38.202,-33.659,0.7435,2.3985,0.12583,0,0,0.023565
34.836,1,114.22,38.203,-33.672,0.73403,2.407,0.12578,0,0,0.022601
34.842,1,114.12,38.204,-33.683,0.72459,2.4127,0.12574,0,0,0.021818
34.847,1,114.03,38.205,-33.693,0.71528,2.4163,0.1257,0,0,0.021053
34.852,1,113.89,38.206,-33.709,0.70573,2.4425,0.12563,0,0,0.019886
34.857,1,113.61,38.208,-33.733,0.69491,2.5165,0.12552,0,0,0.018227
34.863,1,113.46,38.209,-33.745,0.6848,2.5057,0.12546,0,0,0.017374
34.868,1,113.43,38.21,-33.75,0.67553,2.4703,0.12545,0,0,0.017011
34.874,1,113.45,38.211,-33.748,0.66753,2.436,0.12546,0,0,0.016942
34.88,1,113.5,38.211,-33.744,0.66076,2.4061,0.12548,0,0,0.017031
34.886,1,113.56,38.211,-33.739,0.6555,2.38,0.12551,0,0,0.017226
34.892,1,113.63,38.21,-33.732,0.65154,2.3608,0.12554,0,0,0.017458
34.898,1,113.7,38.209,-33.726,0.64898,2.3468,0.12556,0,0,0.017707
34.904,1,113.75,38.209,-33.721,0.64786,2.3377,0.12559,0,0,0.017953
34.91,1,113.84,38.208,-33.711,0.64866,2.3132,0.12562,0,0,0.018384
34.916,1,113.93,38.207,-33.703,0.65074,2.3,0.12566,0,0,0.01886
34.922,1,114.01,38.205,-33.695,0.65446,2.2901,0.12569,0,0,0.019354
34.928,1,114.08,38.204,-33.688,0.66001,2.2847,0.12572,0,0,0.019853
34.934,1,114.14,38.204,-33.682,0.66767,2.2771,0.12575,0,0,0.020401
34.94,1,114.2,38.203,-33.675,0.67504,2.2693,0.12577,0,0,0.02095
34.947,1,114.27,38.202,-33.668,0.682,2.2604,0.1258,0,0,0.021512
34.953,1,114.33,38.201,-33.662,0.68856,2.2527,0.12583,0,0,0.022074
34.959,1,114.4,38.2,-33.655,0.69474,2.2463,0.12586,0,0,0.022625
34.965,1,114.46,38.199,-33.649,0.70054,2.2401,0.12589,0,0,0.023169
34.972,1,114.52,38.199,-33.642,0.70599,2.2353,0.12591,0,0,0.023697
34.978,1,114.58,38.198,-33.637,0.71111,2.232,0.12594,0,0,0.024195
34.984,1,114.63,38.197,-33.631,0.71593,2.2304,0.12596,0,0,0.024647
34.991,1,114.66,38.197,-33.629,0.72052,2.236,0.12598,0,0,0.024989
34.997,1,114.67,38.196,-33.627,0.72491,2.2418,0.12598,0,0,0.025228
35.003,1,114.68,38.196,-33.626,0.72909,2.2452,0.12599,0,0,0.025424
35.01,1,114.68,38.195,-33.625,0.7331,2.2486,0.12599,0,0,0.025589
35.016,1,114.68,38.195,-33.625,0.73694,2.2517,0.12599,0,0,0.025726
35.022,1,114.68,38.195,-33.626,0.74063,2.2546,0.12599,0,0,0.02584
35.028,1,114.68,38.195,-33.625,0.74417,2.2552,0.12599,0,0,0.025961
35.035,1,114.71,38.196,-33.623,0.74751,2.2461,0.126,0,0,0.026201
35.041,1,114.75,38.196,-33.619,0.75067,2.2381,0.12602,0,0,0.026551
35.047,1,114.79,38.196,-33.615,0.75364,2.2316,0.12604,0,0,0.02693
35.053,1,114.84,38.196,-33.612,0.75648,2.2281,0.12606,0,0,0.027301
35.059,1,114.87,38.196,-33.609,0.75918,2.227,0.12607,0,0,0.027632
35.065,1,114.9,38.196,-33.606,0.76177,2.2273,0.12609,0,0,0.027927
35.071,1,114.93,38.196,-33.604,0.76424,2.2269,0.1261,0,0,0.028202
35.077,1,114.96,38.197,-33.601,0.7666,2.2246,0.12612,0,0,0.028492
35.083,1,115.01,38.197,-33.596,0.76881,2.218,0.12614,0,0,0.028853
35.088,1,115.1,38.197,-33.588,0.77011,2.1981,0.12617,0,0,0.029392
35.094,1,115.06,38.197,-33.595,0.76889,2.2351,0.12614,0,0,0.029368
35.1,1,114.86,38.198,-33.613,0.76435,2.3104,0.12606,0,0,0.028202
35.106,1,114.69,38.199,-33.63,0.75806,2.3433,0.12598,0,0,0.026862
35.112,1,114.49,38.2,-33.648,0.74984,2.3837,0.12589,0,0,0.025417
35.117,1,114.33,38.201,-33.663,0.74077,2.4014,0.12583,0,0,0.024103
35.122,1,114.21,38.202,-33.675,0.73137,2.407,0.12578,0,0,0.023041
35.128,1,114.12,38.203,-33.684,0.72215,2.4063,0.12574,0,0,0.022186
35.133,1,114.03,38.204,-33.694,0.71302,2.413,0.12569,0,0,0.021308
35.138,1,113.9,38.205,-33.71,0.70377,2.4385,0.12562,0,0,0.020342
35.143,1,113.6,38.207,-33.735,0.69337,2.5216,0.1255,0,0,0.018716
35.149,1,113.46,38.208,-33.746,0.68379,2.5072,0.12546,0,0,0.017612
35.154,1,113.42,38.209,-33.75,0.67518,2.4724,0.12544,0,0,0.017122
35.16,1,113.44,38.21,-33.749,0.66756,2.4358,0.12546,0,0,0.016977
35.166,1,113.48,38.21,-33.744,0.66126,2.4073,0.12548,0,0,0.017022
35.172,1,113.55,38.21,-33.739,0.65613,2.3804,0.12551,0,0,0.017193
35.178,1,113.62,38.21,-33.732,0.65236,2.3618,0.12554,0,0,0.017419
35.184,1,113.68,38.209,-33.726,0.65001,2.3475,0.12556,0,0,0.017667
35.19,1,113.74,38.208,-33.721,0.64902,2.3389,0.12559,0,0,0.017911
35.196,1,113.81,38.208,-33.713,0.64949,2.3225,0.12562,0,0,0.018285
35.202,1,113.9,38.207,-33.705,0.65169,2.3045,0.12566,0,0,0.018766
35.208,1,113.98,38.206,-33.698,0.65538,2.2941,0.12569,0,0,0.019253
35.214,1,114.04,38.205,-33.691,0.66065,2.2874,0.12572,0,0,0.01975
35.22,1,114.1,38.204,-33.685,0.66782,2.2812,0.12574,0,0,0.02028
35.226,1,114.17,38.203,-33.678,0.67523,2.2731,0.12577,0,0,0.020828
35.232,1,114.23,38.202,-33.672,0.68225,2.2646,0.1258,0,0,0.021383
35.239,1,114.3,38.202,-33.665,0.68885,2.2561,0.12583,0,0,0.021947
35.245,1,114.36,38.201,-33.659,0.69507,2.2492,0.12586,0,0,0.0225
35.251,1,114.43,38.2,-33.652,0.70091,2.2431,0.12588,0,0,0.023041
35.257,1,114.49,38.2,-33.646,0.70638,2.2373,0.12591,0,0,0.023574
35.264,1,114.55,38.199,-33.64,0.71151,2.2331,0.12594,0,0,0.024081
35.27,1,114.6,38.198,-33.635,0.71634,2.2308,0.12596,0,0,0.024546
35.276,1,114.64,38.198,-33.631,0.72089,2.2325,0.12597,0,0,0.024923
35.283,1,114.66,38.197,-33.629,0.72525,2.2392,0.12598,0,0,0.025166
35.289,1,114.67,38.197,-33.628,0.7294,2.243,0.12599,0,0,0.02537
35.295,1,114.67,38.196,-33.627,0.73338,2.2464,0.12599,0,0,0.025541
35.302,1,114.68,38.196,-33.627,0.73719,2.2496,0.12599,0,0,0.025683
35.308,1,114.67,38.196,-33.627,0.74086,2.2526,0.12599,0,0,0.0258
35.314,1,114.67,38.196,-33.627,0.74439,2.2544,0.12599,0,0,0.025913
35.32,1,114.69,38.197,-33.625,0.74776,2.2512,0.126,0,0,0.026117
35.326,1,114.73,38.197,-33.622,0.75094,2.241,0.12601,0,0,0.026458
35.332,1,114.77,38.197,-33.618,0.75394,2.2339,0.12603,0,0,0.026831
35.339,1,114.82,38.197,-33.614,0.75678,2.2282,0.12605,0,0,0.027208
35.345,1,114.86,38.197,-33.611,0.7595,2.2264,0.12607,0,0,0.027541
35.351,1,114.89,38.197,-33.608,0.76209,2.2259,0.12608,0,0,0.027838
35.357,1,114.92,38.197,-33.606,0.76457,2.2261,0.12609,0,0,0.028105
35.362,1,114.95,38.197,-33.603,0.76692,2.2247,0.1261,0,0,0.028377
35.368,1,114.99,38.198,-33.6,0.76912,2.2199,0.12612,0,0,0.028701
35.374,1,115.06,38.198,-33.593,0.77064,2.2051,0.12615,0,0,0.029179
35.38,1,115.11,38.198,-33.591,0.77064,2.206,0.12616,0,0,0.029432
35.386,1,114.97,38.198,-33.607,0.76708,2.2752,0.12609,0,0,0.028501
35.392,1,114.79,38.199,-33.623,0.76147,2.3262,0.12601,0,0,0.027185
35.398,1,114.59,38.2,-33.641,0.75402,2.3664,0.12593,0,0,0.025777
35.403,1,114.4,38.201,-33.658,0.74509,2.3959,0.12585,0,0,0.024405
35.408,1,114.26,38.202,-33.671,0.73554,2.4072,0.12579,0,0,0.02327
35.414,1,114.14,38.203,-33.681,0.72595,2.41,0.12575,0,0,0.02237
35.419,1,114.05,38.204,-33.69,0.71657,2.4118,0.12571,0,0,0.021648
35.424,1,113.93,38.205,-33.701,0.70733,2.4297,0.12566,0,0,0.020769
35.43,1,113.69,38.207,-33.726,0.69718,2.4966,0.12555,0,0,0.019371
35.435,1,113.49,38.208,-33.743,0.68694,2.5178,0.12547,0,0,0.017952
35.44,1,113.42,38.209,-33.75,0.67784,2.4843,0.12544,0,0,0.017257
35.446,1,113.42,38.21,-33.75,0.66944,2.4489,0.12545,0,0,0.016995
35.452,1,113.46,38.21,-33.747,0.66245,2.4178,0.12546,0,0,0.016977
35.458,1,113.52,38.21,-33.742,0.65684,2.3904,0.12549,0,0,0.017107
35.463,1,113.58,38.21,-33.736,0.65251,2.3688,0.12552,0,0,0.01732
35.469,1,113.65,38.209,-33.73,0.64971,2.3529,0.12555,0,0,0.017565
35.476,1,113.71,38.208,-33.725,0.64833,2.3422,0.12557,0,0,0.017816
35.482,1,113.79,38.208,-33.717,0.64867,2.3227,0.1256,0,0,0.018147
35.488,1,113.88,38.207,-33.708,0.65036,2.3044,0.12564,0,0,0.018601
35.494,1,113.96,38.206,-33.7,0.6535,2.2935,0.12567,0,0,0.019084
35.5,1,114.03,38.205,-33.692,0.6581,2.2863,0.1257,0,0,0.019579
35.506,1,114.1,38.204,-33.685,0.66509,2.2794,0.12573,0,0,0.020097
35.512,1,114.16,38.203,-33.679,0.67256,2.2711,0.12576,0,0,0.020643
35.518,1,114.23,38.202,-33.672,0.67965,2.2624,0.12578,0,0,0.021191
35.524,1,114.3,38.201,-33.665,0.6863,2.2541,0.12581,0,0,0.021748
35.531,1,114.37,38.2,-33.658,0.69258,2.2474,0.12584,0,0,0.0223
35.537,1,114.43,38.2,-33.652,0.69848,2.2415,0.12587,0,0,0.022845
35.543,1,114.49,38.199,-33.645,0.70403,2.2362,0.1259,0,0,0.023378
35.55,1,114.55,38.198,-33.639,0.70924,2.2323,0.12592,0,0,0.023895
35.556,1,114.61,38.197,-33.634,0.71415,2.2303,0.12595,0,0,0.024377
35.562,1,114.64,38.197,-33.63,0.71881,2.2327,0.12597,0,0,0.024781
35.569,1,114.66,38.196,-33.628,0.72327,2.2397,0.12598,0,0,0.025079
35.575,1,114.67,38.196,-33.627,0.72752,2.2438,0.12598,0,0,0.025299
35.581,1,114.67,38.195,-33.626,0.73158,2.2473,0.12599,0,0,0.025484
35.588,1,114.67,38.195,-33.626,0.73548,2.2506,0.12599,0,0,0.025639
35.594,1,114.67,38.195,-33.626,0.73922,2.2537,0.12599,0,0,0.025768
35.6,1,114.67,38.195,-33.626,0.74281,2.2556,0.12599,0,0,0.025886
35.606,1,114.68,38.196,-33.625,0.74626,2.2514,0.12599,0,0,0.026063
35.612,1,114.72,38.196,-33.622,0.7495,2.2422,0.126,0,0,0.02634
35.618,1,114.76,38.196,-33.618,0.75258,2.2353,0.12602,0,0,0.026699
35.624,1,114.8,38.196,-33.614,0.75549,2.2301,0.12604,0,0,0.02707
35.63,1,114.84,38.196,-33.611,0.75827,2.2284,0.12606,0,0,0.027421
35.636,1,114.88,38.196,-33.609,0.76093,2.2283,0.12607,0,0,0.027732
35.642,1,114.9,38.197,-33.607,0.76348,2.229,0.12608,0,0,0.028012
35.648,1,114.93,38.197,-33.605,0.76592,2.2285,0.1261,0,0,0.028284
35.654,1,114.97,38.197,-33.602,0.76823,2.2253,0.12611,0,0,0.028588
35.66,1,115.02,38.197,-33.598,0.76967,2.2155,0.12613,0,0,0.02899
35.666,1,115.09,38.197,-33.592,0.77006,2.2056,0.12616,0,0,0.029432
35.672,1,114.98,38.198,-33.601,0.76703,2.2596,0.12612,0,0,0.028979
35.678,1,114.79,38.199,-33.618,0.7613,2.3202,0.12604,0,0,0.027672
35.683,1,114.61,38.2,-33.635,0.75379,2.3581,0.12596,0,0,0.026306
35.689,1,114.42,38.201,-33.653,0.74473,2.3917,0.12587,0,0,0.024876
35.694,1,114.27,38.202,-33.667,0.7351,2.4052,0.12581,0,0,0.023692
35.7,1,114.17,38.203,-33.677,0.72547,2.406,0.12577,0,0,0.022727
35.705,1,114.1,38.204,-33.685,0.71623,2.4069,0.12573,0,0,0.021914
35.71,1,114,38.205,-33.695,0.70719,2.4176,0.12569,0,0,0.021089
35.716,1,113.83,38.206,-33.712,0.69792,2.4539,0.1256,0,0,0.019503
35.721,1,113.56,38.208,-33.736,0.68799,2.5224,0.1255,0,0,0.018152
35.726,1,113.44,38.209,-33.747,0.6792,2.5001,0.12545,0,0,0.017436
35.732,1,113.42,38.21,-33.751,0.67124,2.4635,0.12544,0,0,0.01705
35.737,1,113.45,38.21,-33.749,0.6642,2.4284,0.12546,0,0,0.016966
35.743,1,113.5,38.21,-33.745,0.65862,2.3994,0.12548,0,0,0.017046
35.749,1,113.57,38.21,-33.739,0.65455,2.3744,0.12551,0,0,0.017236
35.755,1,113.64,38.21,-33.733,0.65141,2.3567,0.12554,0,0,0.017467
35.761,1,113.7,38.209,-33.727,0.64972,2.3439,0.12556,0,0,0.017716
35.767,1,113.75,38.209,-33.721,0.64953,2.3363,0.12559,0,0,0.017959
35.773,1,113.84,38.208,-33.713,0.65108,2.3138,0.12563,0,0,0.018429
35.779,1,113.92,38.207,-33.705,0.65386,2.3013,0.12566,0,0,0.018907
35.786,1,114,38.206,-33.698,0.6582,2.2913,0.12569,0,0,0.019408
35.792,1,114.06,38.205,-33.691,0.66426,2.2861,0.12572,0,0,0.019909
35.798,1,114.12,38.204,-33.685,0.67179,2.2786,0.12574,0,0,0.020462
35.804,1,114.18,38.204,-33.679,0.67902,2.271,0.12577,0,0,0.021014
35.81,1,114.24,38.203,-33.673,0.68578,2.2623,0.1258,0,0,0.02158
35.816,1,114.31,38.202,-33.666,0.69214,2.2546,0.12583,0,0,0.022143
35.823,1,114.37,38.202,-33.66,0.69812,2.2479,0.12585,0,0,0.022693
35.829,1,114.44,38.201,-33.653,0.70372,2.2415,0.12588,0,0,0.023238
35.835,1,114.5,38.2,-33.647,0.70897,2.2361,0.12591,0,0,0.023763
35.842,1,114.56,38.199,-33.641,0.7139,2.2324,0.12593,0,0,0.024257
35.848,1,114.61,38.199,-33.636,0.71853,2.2308,0.12596,0,0,0.024712
35.854,1,114.65,38.198,-33.632,0.72293,2.2341,0.12597,0,0,0.025032
35.861,1,114.66,38.198,-33.63,0.72713,2.2404,0.12598,0,0,0.025251
35.867,1,114.67,38.197,-33.629,0.73114,2.2435,0.12598,0,0,0.025445
35.873,1,114.67,38.197,-33.628,0.73498,2.2467,0.12599,0,0,0.025606
35.879,1,114.68,38.197,-33.627,0.73872,2.2497,0.12599,0,0,0.025739
35.886,1,114.67,38.197,-33.627,0.74226,2.2525,0.12599,0,0,0.025849
35.892,1,114.68,38.197,-33.627,0.74566,2.2532,0.12599,0,0,0.025971
35.898,1,114.7,38.197,-33.625,0.74888,2.2473,0.126,0,0,0.026233
35.904,1,114.74,38.197,-33.622,0.75193,2.238,0.12601,0,0,0.026583
35.91,1,114.78,38.197,-33.618,0.75482,2.2314,0.12603,0,0,0.026962
35.916,1,114.83,38.197,-33.614,0.75756,2.2263,0.12605,0,0,0.027324
35.922,1,114.86,38.197,-33.61,0.76018,2.2244,0.12607,0,0,0.027646
35.928,1,114.9,38.197,-33.607,0.76271,2.2239,0.12609,0,0,0.027929
35.934,1,114.93,38.198,-33.604,0.76513,2.2229,0.1261,0,0,0.028193
35.94,1,114.97,38.198,-33.601,0.76742,2.2204,0.12612,0,0,0.028472
35.946,1,115.02,38.198,-33.596,0.7694,2.2142,0.12614,0,0,0.028825
35.952,1,115.11,38.198,-33.588,0.77111,2.196,0.12617,0,0,0.029394
35.958,1,115.09,38.198,-33.593,0.77033,2.226,0.12616,0,0,0.029356
35.963,1,114.9,38.198,-33.609,0.7661,2.3013,0.12608,0,0,0.028081
35.969,1,114.72,38.199,-33.626,0.76006,2.3379,0.126,0,0,0.026769
35.975,1,114.52,38.2,-33.644,0.75205,2.3787,0.12591,0,0,0.025301
35.98,1,114.35,38.202,-33.66,0.74307,2.3998,0.12584,0,0,0.023994
35.986,1,114.22,38.203,-33.673,0.73363,2.4075,0.12579,0,0,0.022936
35.991,1,114.13,38.204,-33.684,0.72426,2.4128,0.12574,0,0,0.022108
35.996,1,114.03,38.205,-33.694,0.71496,2.4163,0.12569,0,0,0.021335
36.001,1,113.9,38.206,-33.711,0.70541,2.4401,0.12562,0,0,0.020414
36.007,1,113.63,38.208,-33.734,0.69494,2.5156,0.12551,0,0,0.018812
36.012,1,113.48,38.209,-33.746,0.68481,2.5067,0.12546,0,0,0.017613
36.017,1,113.43,38.21,-33.749,0.6758,2.4731,0.12545,0,0,0.0171
36.023,1,113.44,38.21,-33.748,0.66785,2.4384,0.12546,0,0,0.016936
36.029,1,113.49,38.211,-33.744,0.66121,2.409,0.12548,0,0,0.016982
36.035,1,113.56,38.21,-33.739,0.65601,2.3826,0.12551,0,0,0.01715
36.041,1,113.62,38.21,-33.732,0.65179,2.3631,0.12554,0,0,0.017379
36.047,1,113.69,38.209,-33.726,0.6492,2.3485,0.12556,0,0,0.01763
36.053,1,113.75,38.209,-33.721,0.64802,2.339,0.12559,0,0,0.017879
36.059,1,113.83,38.208,-33.712,0.64872,2.3156,0.12562,0,0,0.018239
36.065,1,113.92,38.207,-33.703,0.65085,2.3008,0.12566,0,0,0.018724
36.071,1,114,38.205,-33.695,0.65436,2.2908,0.12569,0,0,0.01921
36.077,1,114.06,38.204,-33.689,0.65959,2.2849,0.12572,0,0,0.019709
36.083,1,114.13,38.204,-33.682,0.66708,2.2779,0.12575,0,0,0.020235
36.089,1,114.19,38.203,-33.675,0.67446,2.2704,0.12577,0,0,0.020782
36.096,1,114.26,38.202,-33.668,0.68145,2.2618,0.1258,0,0,0.021334
36.102,1,114.33,38.201,-33.661,0.68803,2.254,0.12583,0,0,0.021895
36.108,1,114.39,38.2,-33.655,0.69424,2.2474,0.12586,0,0,0.022448
36.114,1,114.46,38.199,-33.648,0.70007,2.2414,0.12589,0,0,0.022989
36.12,1,114.52,38.199,-33.642,0.70556,2.2362,0.12592,0,0,0.023525
36.127,1,114.57,38.198,-33.636,0.71071,2.2325,0.12594,0,0,0.024034
36.133,1,114.63,38.197,-33.631,0.71557,2.2306,0.12596,0,0,0.024504
36.139,1,114.66,38.197,-33.628,0.7202,2.2348,0.12598,0,0,0.024896
36.146,1,114.67,38.196,-33.627,0.72462,2.2415,0.12599,0,0,0.025153
36.152,1,114.68,38.196,-33.626,0.72883,2.2448,0.12599,0,0,0.025362
36.158,1,114.68,38.195,-33.625,0.73287,2.2482,0.12599,0,0,0.025539
36.165,1,114.68,38.195,-33.625,0.73673,2.2513,0.12599,0,0,0.025686
36.171,1,114.68,38.195,-33.626,0.74045,2.2543,0.12599,0,0,0.025807
36.177,1,114.67,38.196,-33.626,0.74401,2.2553,0.12599,0,0,0.025922
36.183,1,114.7,38.196,-33.623,0.74736,2.2486,0.126,0,0,0.026109
36.189,1,114.74,38.196,-33.62,0.75054,2.2398,0.12601,0,0,0.026433
36.195,1,114.78,38.196,-33.616,0.75353,2.2333,0.12603,0,0,0.026802
36.201,1,114.82,38.196,-33.613,0.75638,2.2294,0.12605,0,0,0.02718
36.208,1,114.86,38.196,-33.61,0.75909,2.2274,0.12607,0,0,0.027524
36.214,1,114.89,38.196,-33.608,0.76169,2.2276,0.12608,0,0,0.02783
36.219,1,114.92,38.197,-33.606,0.76417,2.2277,0.12609,0,0,0.028107
36.225,1,114.94,38.197,-33.604,0.76654,2.2262,0.1261,0,0,0.028384
36.231,1,114.98,38.197,-33.601,0.76876,2.2211,0.12612,0,0,0.028708
36.237,1,115.06,38.197,-33.594,0.77016,2.208,0.12615,0,0,0.029173
36.243,1,115.08,38.197,-33.594,0.76949,2.2171,0.12615,0,0,0.029572
36.249,1,114.9,38.198,-33.61,0.76537,2.2923,0.12607,0,0,0.028669
36.255,1,114.72,38.199,-33.626,0.75924,2.3348,0.126,0,0,0.027317
36.26,1,114.52,38.2,-33.645,0.75117,2.375,0.12591,0,0,0.025898
36.266,1,114.35,38.201,-33.661,0.74192,2.3994,0.12584,0,0,0.024498
36.271,1,114.22,38.202,-33.673,0.73225,2.4076,0.12578,0,0,0.023344
36.277,1,114.13,38.203,-33.682,0.72274,2.4068,0.12575,0,0,0.022432
36.282,1,114.05,38.204,-33.689,0.71363,2.4083,0.12571,0,0,0.021659
36.287,1,113.94,38.205,-33.7,0.70458,2.4264,0.12567,0,0,0.020795
36.292,1,113.7,38.206,-33.724,0.69472,2.4934,0.12555,0,0,0.019392
36.298,1,113.48,38.208,-33.743,0.68499,2.5208,0.12547,0,0,0.01792
36.303,1,113.42,38.209,-33.75,0.67629,2.4847,0.12544,0,0,0.017228
36.309,1,113.42,38.21,-33.751,0.66876,2.45,0.12544,0,0,0.016957
36.314,1,113.45,38.21,-33.748,0.66221,2.4171,0.12546,0,0,0.016943
36.32,1,113.51,38.21,-33.743,0.65707,2.3907,0.12549,0,0,0.017069
36.326,1,113.58,38.21,-33.737,0.65309,2.369,0.12551,0,0,0.017284
36.332,1,113.65,38.21,-33.732,0.65072,2.3539,0.12554,0,0,0.017529
36.338,1,113.7,38.209,-33.726,0.64911,2.3431,0.12557,0,0,0.017783
36.344,1,113.77,38.208,-33.72,0.64944,2.3302,0.12559,0,0,0.018094
36.35,1,113.86,38.207,-33.711,0.65133,2.3079,0.12563,0,0,0.018579
36.356,1,113.94,38.207,-33.703,0.65463,2.2973,0.12567,0,0,0.019064
36.362,1,114.01,38.206,-33.696,0.65951,2.289,0.1257,0,0,0.019567
36.368,1,114.08,38.205,-33.69,0.66624,2.2831,0.12572,0,0,0.020083
36.375,1,114.14,38.204,-33.683,0.67373,2.2746,0.12575,0,0,0.02064
36.381,1,114.2,38.203,-33.676,0.68083,2.2663,0.12578,0,0,0.021194
36.387,1,114.27,38.203,-33.67,0.6875,2.2574,0.12581,0,0,0.021759
36.393,1,114.34,38.202,-33.663,0.69376,2.2501,0.12584,0,0,0.022316
36.4,1,114.41,38.201,-33.656,0.69963,2.244,0.12587,0,0,0.022862
36.406,1,114.47,38.2,-33.65,0.70515,2.2378,0.1259,0,0,0.023401
36.412,1,114.53,38.2,-33.644,0.71032,2.2335,0.12592,0,0,0.023917
36.418,1,114.59,38.199,-33.638,0.71519,2.2307,0.12595,0,0,0.024397
36.425,1,114.63,38.198,-33.633,0.71979,2.2307,0.12597,0,0,0.024815
36.431,1,114.65,38.198,-33.631,0.72418,2.2371,0.12598,0,0,0.025094
36.437,1,114.67,38.197,-33.629,0.72838,2.2422,0.12598,0,0,0.025306
36.444,1,114.67,38.197,-33.628,0.73239,2.2456,0.12599,0,0,0.025489
36.45,1,114.68,38.197,-33.627,0.73624,2.2489,0.12599,0,0,0.02564
36.456,1,114.67,38.197,-33.627,0.73994,2.252,0.12599,0,0,0.025765
36.463,1,114.67,38.197,-33.627,0.74347,2.2545,0.12599,0,0,0.025874
36.469,1,114.68,38.197,-33.627,0.74685,2.2531,0.12599,0,0,0.026028
36.475,1,114.71,38.197,-33.624,0.75006,2.2439,0.126,0,0,0.026343
36.481,1,114.75,38.197,-33.621,0.7531,2.2364,0.12602,0,0,0.026707
36.487,1,114.8,38.197,-33.617,0.75597,2.2303,0.12604,0,0,0.027091
36.493,1,114.84,38.197,-33.613,0.75871,2.2271,0.12606,0,0,0.02744
36.499,1,114.87,38.198,-33.61,0.76132,2.2261,0.12607,0,0,0.027751
36.505,1,114.9,38.198,-33.608,0.76382,2.2266,0.12609,0,0,0.028027
36.511,1,114.93,38.198,-33.606,0.76625,2.2261,0.1261,0,0,0.028298
36.517,1,114.96,38.198,-33.603,0.76854,2.2241,0.12611,0,0,0.028602
36.523,1,115.01,38.198,-33.599,0.7703,2.2169,0.12613,0,0,0.029011
36.529,1,115.1,38.198,-33.591,0.77072,2.1987,0.12617,0,0,0.029572
36.534,1,115.03,38.198,-33.596,0.76865,2.2471,0.12614,0,0,0.028939
36.54,1,114.83,38.199,-33.613,0.7637,2.3148,0.12606,0,0,0.027566
36.546,1,114.65,38.2,-33.629,0.75686,2.3503,0.12598,0,0,0.026182
36.552,1,114.46,38.201,-33.648,0.74829,2.3876,0.12589,0,0,0.024728
36.557,1,114.3,38.202,-33.663,0.73898,2.4033,0.12583,0,0,0.023525
36.562,1,114.19,38.203,-33.674,0.72946,2.4062,0.12578,0,0,0.022574
36.568,1,114.12,38.204,-33.684,0.71998,2.4063,0.12573,0,0,0.021759
36.573,1,114.03,38.205,-33.693,0.71062,2.4137,0.12569,0,0,0.020947
36.578,1,113.88,38.206,-33.707,0.70061,2.4422,0.1256,0,0,0.01966
36.583,1,113.6,38.208,-33.733,0.69025,2.5211,0.1255,0,0,0.018088
36.589,1,113.46,38.209,-33.746,0.68089,2.5046,0.12546,0,0,0.01732
36.594,1,113.42,38.21,-33.75,0.6724,2.4685,0.12545,0,0,0.017003
36.6,1,113.44,38.21,-33.749,0.66515,2.4336,0.12546,0,0,0.016962
36.606,1,113.49,38.211,-33.745,0.6594,2.4044,0.12548,0,0,0.017069
36.612,1,113.56,38.21,-33.74,0.65502,2.3787,0.12551,0,0,0.017274
36.618,1,113.62,38.21,-33.733,0.65163,2.3605,0.12554,0,0,0.017512
36.624,1,113.69,38.209,-33.727,0.6495,2.3469,0.12556,0,0,0.017762
36.63,1,113.74,38.209,-33.722,0.64878,2.3383,0.12559,0,0,0.018014
36.636,1,113.83,38.208,-33.713,0.64998,2.3154,0.12562,0,0,0.018478
36.642,1,113.91,38.207,-33.705,0.65241,2.3021,0.12566,0,0,0.018952
36.648,1,113.99,38.206,-33.697,0.65641,2.2923,0.12569,0,0,0.019448
36.654,1,114.05,38.205,-33.691,0.66245,2.2868,0.12572,0,0,0.019945
36.66,1,114.12,38.204,-33.684,0.67008,2.2794,0.12575,0,0,0.020497
36.667,1,114.18,38.203,-33.678,0.67731,2.2718,0.12577,0,0,0.021043
36.673,1,114.24,38.202,-33.671,0.68413,2.2629,0.1258,0,0,0.021605
36.679,1,114.31,38.201,-33.665,0.69055,2.255,0.12583,0,0,0.022163
36.685,1,114.37,38.201,-33.658,0.69659,2.2482,0.12586,0,0,0.022709
36.692,1,114.44,38.2,-33.652,0.70226,2.2419,0.12589,0,0,0.023249
36.698,1,114.5,38.199,-33.645,0.70759,2.2364,0.12591,0,0,0.023772
36.704,1,114.56,38.198,-33.639,0.7126,2.2325,0.12594,0,0,0.024263
36.711,1,114.61,38.198,-33.634,0.71732,2.2305,0.12596,0,0,0.024706
36.717,1,114.65,38.197,-33.631,0.72183,2.2341,0.12597,0,0,0.025023
36.723,1,114.66,38.197,-33.629,0.72614,2.2408,0.12598,0,0,0.025245
36.73,1,114.67,38.196,-33.628,0.73025,2.2441,0.12598,0,0,0.025437
36.736,1,114.67,38.196,-33.627,0.7342,2.2474,0.12599,0,0,0.025596
36.742,1,114.67,38.196,-33.627,0.73799,2.2504,0.12599,0,0,0.025729
36.748,1,114.67,38.196,-33.627,0.74163,2.2534,0.12599,0,0,0.025839
36.755,1,114.67,38.196,-33.626,0.74513,2.2538,0.12599,0,0,0.025965
36.761,1,114.7,38.196,-33.624,0.7484,2.2476,0.126,0,0,0.026243
36.767,1,114.74,38.196,-33.621,0.7515,2.2383,0.12602,0,0,0.026598
36.773,1,114.78,38.196,-33.617,0.75443,2.2315,0.12604,0,0,0.026982
36.779,1,114.83,38.196,-33.613,0.75723,2.2273,0.12606,0,0,0.027343
36.785,1,114.87,38.197,-33.609,0.75989,2.2252,0.12607,0,0,0.027665
36.791,1,114.9,38.197,-33.607,0.76242,2.2243,0.12609,0,0,0.027949
36.797,1,114.93,38.197,-33.604,0.76484,2.2241,0.1261,0,0,0.028218
36.803,1,114.96,38.197,-33.601,0.76712,2.2225,0.12612,0,0,0.028506
36.809,1,115.01,38.197,-33.596,0.76913,2.2163,0.12614,0,0,0.028871
36.815,1,115.1,38.197,-33.59,0.77049,2.1971,0.12617,0,0,0.029499
36.82,1,115.09,38.198,-33.595,0.76999,2.2231,0.12614,0,0,0.029291
36.826,1,114.9,38.198,-33.612,0.76602,2.2996,0.12606,0,0,0.027921
36.832,1,114.72,38.199,-33.63,0.76017,2.3362,0.12598,0,0,0.026654
36.838,1,114.52,38.2,-33.648,0.75229,2.3768,0.12589,0,0,0.025191
36.843,1,114.35,38.202,-33.663,0.74331,2.4003,0.12583,0,0,0.023931
36.848,1,114.22,38.203,-33.676,0.73378,2.4072,0.12577,0,0,0.022915
36.854,1,114.13,38.204,-33.685,0.7243,2.4101,0.12573,0,0,0.022123
36.859,1,114.04,38.205,-33.695,0.71501,2.4147,0.12569,0,0,0.021393
36.864,1,113.91,38.206,-33.712,0.70566,2.4373,0.12563,0,0,0.020421
36.869,1,113.62,38.208,-33.734,0.69518,2.517,0.12551,0,0,0.018599
36.875,1,113.47,38.209,-33.747,0.68508,2.508,0.12546,0,0,0.017569
36.88,1,113.42,38.21,-33.751,0.67602,2.4728,0.12544,0,0,0.017114
36.886,1,113.44,38.211,-33.75,0.66797,2.4371,0.12545,0,0,0.016989
36.892,1,113.48,38.211,-33.747,0.66125,2.4084,0.12547,0,0,0.017035
36.898,1,113.55,38.211,-33.741,0.65597,2.3817,0.1255,0,0,0.017212
36.904,1,113.61,38.211,-33.735,0.65204,2.3626,0.12553,0,0,0.017434
36.91,1,113.68,38.21,-33.729,0.64942,2.348,0.12556,0,0,0.017682
36.916,1,113.74,38.21,-33.722,0.64817,2.3389,0.12559,0,0,0.017923
36.922,1,113.82,38.209,-33.714,0.64869,2.3183,0.12563,0,0,0.018313
36.928,1,113.91,38.208,-33.705,0.65067,2.3023,0.12566,0,0,0.018791
36.934,1,113.99,38.207,-33.697,0.65428,2.2917,0.1257,0,0,0.01928
36.94,1,114.05,38.206,-33.69,0.65969,2.2854,0.12573,0,0,0.019776
36.946,1,114.12,38.205,-33.683,0.66716,2.2782,0.12576,0,0,0.020313
36.952,1,114.18,38.204,-33.676,0.67456,2.2701,0.12578,0,0,0.020862
36.959,1,114.25,38.203,-33.669,0.68156,2.2612,0.12581,0,0,0.021421
36.965,1,114.32,38.202,-33.662,0.68814,2.2532,0.12584,0,0,0.021985
36.971,1,114.39,38.201,-33.656,0.69435,2.2467,0.12587,0,0,0.02254
36.977,1,114.45,38.201,-33.649,0.70017,2.2407,0.1259,0,0,0.023083
36.984,1,114.51,38.2,-33.643,0.70564,2.2356,0.12592,0,0,0.023617
36.99,1,114.57,38.199,-33.637,0.71078,2.232,0.12595,0,0,0.024124
36.996,1,114.62,38.198,-33.633,0.71562,2.2306,0.12597,0,0,0.024589
37.003,1,114.66,38.198,-33.63,0.72021,2.2341,0.12598,0,0,0.024955
37.009,1,114.67,38.197,-33.628,0.7246,2.2409,0.12599,0,0,0.025196
37.015,1,114.68,38.197,-33.627,0.72879,2.2444,0.12599,0,0,0.025398
37.022,1,114.68,38.197,-33.627,0.7328,2.2479,0.12599,0,0,0.025568
37.028,1,114.68,38.196,-33.627,0.73664,2.2511,0.12599,0,0,0.025709
37.034,1,114.67,38.196,-33.627,0.74034,2.2541,0.12599,0,0,0.025824
37.04,1,114.67,38.197,-33.627,0.74388,2.2551,0.12599,0,0,0.025938
37.046,1,114.69,38.197,-33.624,0.74724,2.2493,0.126,0,0,0.026145
37.053,1,114.73,38.197,-33.621,0.75041,2.2402,0.12602,0,0,0.026484
37.059,1,114.78,38.197,-33.617,0.75341,2.2335,0.12603,0,0,0.026856
37.065,1,114.82,38.197,-33.614,0.75626,2.2295,0.12605,0,0,0.027231
37.071,1,114.85,38.197,-33.612,0.75898,2.2285,0.12606,0,0,0.027563
37.077,1,114.88,38.197,-33.61,0.76158,2.2288,0.12608,0,0,0.027858
37.083,1,114.91,38.197,-33.608,0.76407,2.2294,0.12608,0,0,0.028125
37.088,1,114.94,38.198,-33.606,0.76645,2.2284,0.12609,0,0,0.028398
37.094,1,114.98,38.198,-33.603,0.76869,2.2237,0.12611,0,0,0.028722
37.1,1,115.05,38.198,-33.597,0.76988,2.208,0.12614,0,0,0.029192
37.106,1,115.08,38.198,-33.596,0.76958,2.2113,0.12614,0,0,0.029501
37.112,1,114.94,38.199,-33.61,0.766,2.2813,0.12608,0,0,0.028462
37.118,1,114.75,38.199,-33.626,0.76016,2.3301,0.126,0,0,0.027124
37.123,1,114.56,38.2,-33.643,0.75242,2.3697,0.12592,0,0,0.025679
37.129,1,114.38,38.201,-33.659,0.74338,2.3979,0.12585,0,0,0.024298
37.134,1,114.24,38.202,-33.672,0.7338,2.407,0.12579,0,0,0.02317
37.14,1,114.14,38.203,-33.68,0.72435,2.4075,0.12576,0,0,0.022293
37.145,1,114.05,38.204,-33.687,0.71506,2.4089,0.12572,0,0,0.021473
37.15,1,113.94,38.205,-33.698,0.70595,2.4253,0.12567,0,0,0.020656
37.155,1,113.71,38.206,-33.719,0.69607,2.4895,0.12556,0,0,0.019173
37.161,1,113.5,38.208,-33.739,0.68591,2.5195,0.12548,0,0,0.017777
37.166,1,113.42,38.209,-33.748,0.67693,2.4851,0.12545,0,0,0.017167
37.172,1,113.42,38.209,-33.75,0.66881,2.4498,0.12545,0,0,0.016936
37.177,1,113.45,38.21,-33.748,0.66214,2.4185,0.12546,0,0,0.016943
37.183,1,113.51,38.21,-33.743,0.65677,2.3909,0.12548,0,0,0.017083
37.189,1,113.58,38.21,-33.737,0.65273,2.3692,0.12551,0,0,0.017301
37.195,1,113.65,38.209,-33.731,0.65011,2.3534,0.12554,0,0,0.017544
37.201,1,113.71,38.209,-33.726,0.64898,2.3425,0.12557,0,0,0.017793
37.207,1,113.76,38.208,-33.72,0.64923,2.3302,0.12559,0,0,0.018103
37.213,1,113.86,38.207,-33.712,0.65098,2.3079,0.12563,0,0,0.018598
37.22,1,113.94,38.206,-33.704,0.65402,2.2976,0.12566,0,0,0.019084
37.226,1,114.01,38.205,-33.697,0.65869,2.2893,0.12569,0,0,0.01959
37.232,1,114.07,38.204,-33.691,0.66528,2.2838,0.12572,0,0,0.02011
37.238,1,114.13,38.204,-33.685,0.67279,2.2756,0.12574,0,0,0.020669
37.244,1,114.2,38.203,-33.679,0.67991,2.2673,0.12577,0,0,0.021228
37.25,1,114.26,38.202,-33.672,0.68661,2.2585,0.1258,0,0,0.021799
37.257,1,114.33,38.202,-33.666,0.69293,2.2511,0.12583,0,0,0.02236
37.263,1,114.39,38.201,-33.659,0.69886,2.2448,0.12585,0,0,0.022905
37.269,1,114.46,38.2,-33.653,0.70446,2.2382,0.12588,0,0,0.023447
37.275,1,114.52,38.2,-33.646,0.70971,2.2337,0.12591,0,0,0.023961
37.282,1,114.58,38.199,-33.641,0.71464,2.2308,0.12594,0,0,0.024438
37.288,1,114.63,38.198,-33.635,0.71928,2.2303,0.12596,0,0,0.024854
37.294,1,114.65,38.198,-33.632,0.7237,2.2364,0.12597,0,0,0.025123
37.301,1,114.66,38.197,-33.63,0.72792,2.2413,0.12598,0,0,0.025333
37.307,1,114.67,38.197,-33.629,0.73198,2.2447,0.12598,0,0,0.025512
37.313,1,114.67,38.197,-33.628,0.73588,2.2479,0.12598,0,0,0.02566
37.32,1,114.67,38.197,-33.627,0.73962,2.2509,0.12599,0,0,0.025783
37.326,1,114.67,38.197,-33.627,0.74323,2.2536,0.12599,0,0,0.025891
37.332,1,114.68,38.197,-33.627,0.74668,2.2531,0.12599,0,0,0.02605
37.338,1,114.71,38.197,-33.625,0.74993,2.2433,0.126,0,0,0.026366
37.344,1,114.75,38.197,-33.622,0.75301,2.2358,0.12602,0,0,0.026729
37.35,1,114.8,38.197,-33.617,0.75591,2.2296,0.12604,0,0,0.02711
37.356,1,114.84,38.198,-33.613,0.75868,2.2259,0.12606,0,0,0.027455
37.362,1,114.88,38.198,-33.61,0.76132,2.2245,0.12607,0,0,0.027761
37.368,1,114.91,38.198,-33.607,0.76384,2.2243,0.12609,0,0,0.028031
37.374,1,114.94,38.198,-33.604,0.76624,2.2233,0.1261,0,0,0.028294
37.38,1,114.98,38.198,-33.601,0.76851,2.2201,0.12612,0,0,0.028588
37.386,1,115.04,38.198,-33.596,0.77029,2.2112,0.12614,0,0,0.028981
37.392,1,115.12,38.198,-33.587,0.77167,2.1951,0.12618,0,0,0.029558
37.398,1,115.03,38.198,-33.594,0.76937,2.2458,0.12615,0,0,0.028992
37.404,1,114.84,38.199,-33.611,0.76413,2.3137,0.12606,0,0,0.027601
37.409,1,114.65,38.2,-33.629,0.75704,2.3505,0.12598,0,0,0.026228
37.415,1,114.46,38.201,-33.647,0.74827,2.3875,0.1259,0,0,0.024767
37.421,1,114.3,38.202,-33.663,0.73883,2.4034,0.12583,0,0,0.023559
37.426,1,114.19,38.203,-33.675,0.72923,2.4091,0.12578,0,0,0.022611
37.431,1,114.09,38.205,-33.687,0.71974,2.4156,0.12573,0,0,0.021822
37.436,1,113.99,38.206,-33.697,0.71032,2.4252,0.12568,0,0,0.020988
37.442,1,113.8,38.207,-33.717,0.70021,2.4679,0.12559,0,0,0.019794
37.447,1,113.55,38.209,-33.738,0.68959,2.52,0.1255,0,0,0.018136
37.452,1,113.44,38.21,-33.748,0.68007,2.4948,0.12546,0,0,0.017322
37.458,1,113.43,38.211,-33.75,0.67153,2.4588,0.12545,0,0,0.016991
37.464,1,113.46,38.211,-33.748,0.66435,2.4249,0.12546,0,0,0.016952
37.47,1,113.52,38.211,-33.743,0.65834,2.3961,0.12549,0,0,0.017065
37.476,1,113.59,38.211,-33.737,0.65374,2.372,0.12552,0,0,0.017281
37.482,1,113.65,38.21,-33.731,0.65049,2.3547,0.12555,0,0,0.017531
37.488,1,113.72,38.21,-33.725,0.64828,2.3426,0.12557,0,0,0.017791
37.494,1,113.78,38.209,-33.718,0.64791,2.3333,0.1256,0,0,0.018049
37.5,1,113.87,38.208,-33.709,0.64926,2.3078,0.12564,0,0,0.018516
37.506,1,113.95,38.207,-33.701,0.65215,2.2976,0.12567,0,0,0.018986
37.512,1,114.03,38.206,-33.693,0.65671,2.2885,0.1257,0,0,0.019478
37.518,1,114.09,38.205,-33.687,0.66314,2.2838,0.12573,0,0,0.019969
37.524,1,114.15,38.204,-33.68,0.67075,2.2759,0.12576,0,0,0.020509
37.53,1,114.22,38.203,-33.673,0.67797,2.2682,0.12578,0,0,0.021043
37.537,1,114.28,38.202,-33.666,0.68477,2.2594,0.12581,0,0,0.021593
37.543,1,114.35,38.201,-33.66,0.69118,2.2522,0.12584,0,0,0.022142
37.549,1,114.41,38.2,-33.653,0.6972,2.2458,0.12587,0,0,0.022684
37.555,1,114.48,38.199,-33.647,0.70286,2.2393,0.1259,0,0,0.023224
37.562,1,114.54,38.199,-33.641,0.70818,2.2349,0.12592,0,0,0.023747
37.568,1,114.59,38.198,-33.635,0.71317,2.2322,0.12595,0,0,0.024238
37.574,1,114.64,38.197,-33.631,0.71788,2.2312,0.12597,0,0,0.024683
37.581,1,114.66,38.196,-33.628,0.72236,2.2377,0.12598,0,0,0.025004
37.587,1,114.67,38.196,-33.627,0.72663,2.2426,0.12598,0,0,0.025232
37.593,1,114.68,38.196,-33.626,0.73071,2.246,0.12599,0,0,0.02543
37.6,1,114.68,38.195,-33.626,0.73461,2.2493,0.12599,0,0,0.025594
37.606,1,114.67,38.195,-33.626,0.73834,2.2524,0.12599,0,0,0.025732
37.612,1,114.67,38.195,-33.626,0.74192,2.2551,0.12599,0,0,0.025848
37.618,1,114.68,38.196,-33.625,0.74537,2.2534,0.12599,0,0,0.025982
37.624,1,114.71,38.196,-33.622,0.74861,2.2432,0.126,0,0,0.026269
37.631,1,114.76,38.196,-33.619,0.75168,2.2358,0.12602,0,0,0.026633
37.637,1,114.8,38.196,-33.615,0.75458,2.23,0.12604,0,0,0.027027
37.643,1,114.84,38.196,-33.612,0.75733,2.2264,0.12606,0,0,0.027399
37.649,1,114.88,38.196,-33.609,0.75996,2.2251,0.12607,0,0,0.027738
37.655,1,114.91,38.196,-33.607,0.76247,2.225,0.12608,0,0,0.028044
37.661,1,114.94,38.197,-33.605,0.76486,2.2235,0.1261,0,0,0.028344
37.667,1,114.98,38.197,-33.602,0.76713,2.2192,0.12611,0,0,0.02868
37.672,1,115.04,38.197,-33.598,0.76916,2.2109,0.12613,0,0,0.029141
37.678,1,115.13,38.197,-33.591,0.7699,2.202,0.12617,0,0,0.02969
37.684,1,115.01,38.197,-33.599,0.76735,2.26,0.12613,0,0,0.029065
37.69,1,114.82,38.198,-33.616,0.76232,2.3183,0.12605,0,0,0.027727
37.696,1,114.63,38.199,-33.633,0.75531,2.3582,0.12597,0,0,0.026348
37.701,1,114.43,38.2,-33.651,0.74676,2.3915,0.12588,0,0,0.02491
37.707,1,114.28,38.201,-33.665,0.7375,2.4058,0.12582,0,0,0.023693
37.712,1,114.17,38.202,-33.676,0.72803,2.4088,0.12577,0,0,0.022697
37.717,1,114.08,38.203,-33.684,0.71872,2.4135,0.12574,0,0,0.02185
37.723,1,113.98,38.204,-33.693,0.7095,2.424,0.1257,0,0,0.02099
37.728,1,113.79,38.206,-33.709,0.69982,2.4688,0.12562,0,0,0.01964
37.733,1,113.53,38.207,-33.735,0.68947,2.5209,0.12551,0,0,0.018117
37.739,1,113.43,38.209,-33.747,0.68021,2.4948,0.12545,0,0,0.017348
37.744,1,113.42,38.21,-33.751,0.67181,2.4587,0.12544,0,0,0.017031
37.75,1,113.45,38.21,-33.749,0.66453,2.4243,0.12546,0,0,0.016986
37.756,1,113.51,38.21,-33.745,0.65847,2.3957,0.12548,0,0,0.017093
37.762,1,113.58,38.21,-33.739,0.65398,2.3716,0.12551,0,0,0.017297
37.768,1,113.65,38.21,-33.733,0.65084,2.3545,0.12554,0,0,0.017536
37.774,1,113.71,38.209,-33.726,0.64874,2.3421,0.12557,0,0,0.017787
37.78,1,113.77,38.209,-33.721,0.64788,2.3347,0.12559,0,0,0.018083
37.786,1,113.86,38.208,-33.713,0.64935,2.3103,0.12562,0,0,0.018561
37.792,1,113.94,38.207,-33.705,0.65235,2.2988,0.12566,0,0,0.019046
37.798,1,114.02,38.206,-33.698,0.65711,2.2892,0.12569,0,0,0.019549
37.804,1,114.08,38.205,-33.691,0.66315,2.2842,0.12572,0,0,0.020064
37.81,1,114.14,38.204,-33.685,0.67079,2.2768,0.12574,0,0,0.020629
37.816,1,114.2,38.204,-33.679,0.67808,2.2693,0.12577,0,0,0.02119
37.823,1,114.27,38.203,-33.673,0.68495,2.2606,0.1258,0,0,0.021763
37.829,1,114.33,38.202,-33.667,0.69143,2.253,0.12582,0,0,0.022327
37.835,1,114.4,38.202,-33.66,0.69751,2.2466,0.12585,0,0,0.022875
37.841,1,114.46,38.201,-33.654,0.70321,2.2404,0.12588,0,0,0.023416
37.848,1,114.52,38.2,-33.648,0.70855,2.2355,0.12591,0,0,0.023932
37.854,1,114.58,38.2,-33.642,0.71356,2.2321,0.12593,0,0,0.024412
37.86,1,114.63,38.199,-33.636,0.71827,2.2308,0.12596,0,0,0.02483
37.867,1,114.66,38.198,-33.632,0.72271,2.2362,0.12597,0,0,0.025104
37.873,1,114.67,38.198,-33.63,0.72696,2.2418,0.12598,0,0,0.025312
37.879,1,114.68,38.197,-33.629,0.73101,2.2452,0.12598,0,0,0.02549
37.886,1,114.68,38.197,-33.628,0.73491,2.2485,0.12599,0,0,0.025637
37.892,1,114.68,38.197,-33.628,0.73864,2.2516,0.12599,0,0,0.025757
37.898,1,114.68,38.197,-33.627,0.74223,2.2544,0.12599,0,0,0.025862
37.904,1,114.68,38.197,-33.627,0.74565,2.2534,0.12599,0,0,0.026013
37.91,1,114.71,38.197,-33.626,0.74891,2.2452,0.12599,0,0,0.026324
37.916,1,114.75,38.197,-33.623,0.75198,2.2373,0.12601,0,0,0.026682
37.923,1,114.79,38.197,-33.619,0.75488,2.2313,0.12603,0,0,0.027059
37.929,1,114.83,38.197,-33.615,0.75763,2.2274,0.12605,0,0,0.027397
37.935,1,114.87,38.198,-33.611,0.76027,2.2261,0.12607,0,0,0.027697
37.941,1,114.9,38.198,-33.608,0.76281,2.2261,0.12608,0,0,0.027957
37.946,1,114.93,38.198,-33.605,0.76526,2.2256,0.1261,0,0,0.028208
37.952,1,114.96,38.198,-33.602,0.76757,2.2232,0.12611,0,0,0.028483
37.958,1,115.01,38.198,-33.598,0.76934,2.2158,0.12613,0,0,0.028842
37.964,1,115.09,38.198,-33.591,0.77028,2.1993,0.12617,0,0,0.029453
37.97,1,115.05,38.198,-33.59,0.7688,2.2401,0.12617,0,0,0.029034
37.976,1,114.85,38.198,-33.607,0.76419,2.3118,0.12608,0,0,0.027633
37.982,1,114.67,38.199,-33.622,0.75771,2.3453,0.12601,0,0,0.026315
37.987,1,114.48,38.2,-33.641,0.74941,2.3849,0.12592,0,0,0.024846
37.993,1,114.32,38.201,-33.657,0.74028,2.4014,0.12585,0,0,0.023629
37.998,1,114.2,38.202,-33.67,0.73086,2.407,0.12579,0,0,0.022675
38.003,1,114.13,38.203,-33.681,0.72159,2.4095,0.12575,0,0,0.021937
38.009,1,114.04,38.204,-33.69,0.71235,2.4125,0.12571,0,0,0.021171
38.014,1,113.91,38.205,-33.702,0.70269,2.435,0.12565,0,0,0.020126
38.019,1,113.63,38.207,-33.727,0.69212,2.518,0.12553,0,0,0.01836
38.024,1,113.47,38.208,-33.743,0.68244,2.5069,0.12547,0,0,0.017428
38.03,1,113.43,38.209,-33.749,0.67355,2.4715,0.12545,0,0,0.017027
38.036,1,113.44,38.21,-33.749,0.66614,2.4372,0.12546,0,0,0.016945
38.042,1,113.49,38.21,-33.745,0.66025,2.4081,0.12547,0,0,0.017029
38.048,1,113.55,38.21,-33.74,0.65556,2.3822,0.1255,0,0,0.017231
38.053,1,113.62,38.21,-33.734,0.65165,2.3637,0.12553,0,0,0.017472
38.06,1,113.68,38.209,-33.728,0.64925,2.3493,0.12556,0,0,0.017731
38.066,1,113.74,38.208,-33.722,0.64839,2.3401,0.12558,0,0,0.017979
38.072,1,113.82,38.207,-33.713,0.64919,2.3176,0.12562,0,0,0.018367
38.078,1,113.91,38.206,-33.705,0.65155,2.3024,0.12566,0,0,0.018839
38.084,1,113.99,38.205,-33.697,0.65549,2.2923,0.12569,0,0,0.01932
38.09,1,114.06,38.204,-33.69,0.66118,2.2864,0.12572,0,0,0.019808
38.096,1,114.12,38.203,-33.683,0.66884,2.28,0.12575,0,0,0.020333
38.102,1,114.18,38.203,-33.676,0.67619,2.2724,0.12578,0,0,0.020863
38.108,1,114.24,38.202,-33.669,0.68315,2.264,0.12581,0,0,0.021405
38.114,1,114.31,38.201,-33.663,0.6897,2.2559,0.12583,0,0,0.021956
38.121,1,114.37,38.2,-33.656,0.69588,2.2491,0.12586,0,0,0.022502
38.127,1,114.43,38.199,-33.65,0.70167,2.243,0.12589,0,0,0.023038
38.133,1,114.5,38.199,-33.643,0.70712,2.2373,0.12592,0,0,0.023572
38.14,1,114.55,38.198,-33.637,0.71223,2.2332,0.12594,0,0,0.02408
38.146,1,114.61,38.197,-33.632,0.71704,2.2308,0.12597,0,0,0.024548
38.152,1,114.64,38.197,-33.629,0.72161,2.2336,0.12598,0,0,0.024937
38.159,1,114.66,38.196,-33.627,0.72597,2.2403,0.12599,0,0,0.025191
38.165,1,114.67,38.196,-33.626,0.73014,2.2437,0.12599,0,0,0.025403
38.171,1,114.67,38.196,-33.626,0.73412,2.247,0.12599,0,0,0.025581
38.178,1,114.68,38.196,-33.626,0.73793,2.2501,0.12599,0,0,0.025731
38.184,1,114.68,38.196,-33.626,0.74156,2.2531,0.12599,0,0,0.025855
38.19,1,114.67,38.196,-33.626,0.74505,2.2543,0.12599,0,0,0.025972
38.196,1,114.69,38.196,-33.624,0.74837,2.249,0.126,0,0,0.026164
38.202,1,114.73,38.196,-33.621,0.7515,2.2399,0.12602,0,0,0.02651
38.208,1,114.78,38.196,-33.617,0.75445,2.2331,0.12603,0,0,0.026888
38.214,1,114.82,38.196,-33.613,0.75725,2.2279,0.12605,0,0,0.027279
38.22,1,114.86,38.197,-33.61,0.75991,2.2259,0.12607,0,0,0.027628
38.226,1,114.89,38.197,-33.608,0.76245,2.2256,0.12608,0,0,0.027946
38.232,1,114.92,38.197,-33.606,0.76488,2.2254,0.12609,0,0,0.028237
38.238,1,114.95,38.197,-33.604,0.76718,2.2234,0.1261,0,0,0.02854
38.244,1,115,38.197,-33.601,0.76934,2.2175,0.12612,0,0,0.028906
38.25,1,115.07,38.198,-33.595,0.77087,2.204,0.12615,0,0,0.029472
38.256,1,115.1,38.198,-33.593,0.77025,2.2138,0.12616,0,0,0.029627
38.262,1,114.92,38.198,-33.608,0.76624,2.2881,0.12609,0,0,0.02839
38.268,1,114.74,38.199,-33.624,0.76029,2.3322,0.12601,0,0,0.027091
38.273,1,114.54,38.2,-33.643,0.75234,2.3731,0.12592,0,0,0.025612
38.279,1,114.37,38.201,-33.659,0.74324,2.398,0.12585,0,0,0.024262
38.284,1,114.23,38.203,-33.672,0.73366,2.4079,0.12579,0,0,0.023152
38.29,1,114.13,38.204,-33.681,0.72413,2.4095,0.12575,0,0,0.02224
38.295,1,114.05,38.204,-33.689,0.71484,2.4116,0.12572,0,0,0.021452
38.3,1,113.93,38.205,-33.7,0.70547,2.431,0.12567,0,0,0.020491
38.305,1,113.67,38.207,-33.722,0.69508,2.504,0.12556,0,0,0.018749
38.311,1,113.48,38.208,-33.743,0.68502,2.514,0.12547,0,0,0.017639
38.316,1,113.42,38.209,-33.75,0.67601,2.4807,0.12544,0,0,0.01714
38.322,1,113.43,38.21,-33.751,0.66807,2.4462,0.12544,0,0,0.016977
38.328,1,113.47,38.211,-33.748,0.66143,2.4146,0.12546,0,0,0.017004
38.334,1,113.53,38.211,-33.743,0.65606,2.3879,0.12549,0,0,0.017162
38.34,1,113.6,38.21,-33.737,0.65193,2.3671,0.12552,0,0,0.017377
38.346,1,113.66,38.21,-33.731,0.64935,2.3519,0.12554,0,0,0.017618
38.352,1,113.72,38.209,-33.726,0.64819,2.3416,0.12557,0,0,0.017858
38.358,1,113.8,38.208,-33.719,0.6487,2.3212,0.1256,0,0,0.018301
38.364,1,113.89,38.208,-33.711,0.65069,2.3037,0.12564,0,0,0.018787
38.37,1,113.97,38.207,-33.703,0.65426,2.2929,0.12567,0,0,0.019291
38.376,1,114.04,38.206,-33.696,0.65953,2.286,0.1257,0,0,0.019798
38.382,1,114.11,38.205,-33.689,0.66667,2.279,0.12573,0,0,0.020361
38.388,1,114.17,38.204,-33.683,0.67411,2.2708,0.12575,0,0,0.020928
38.394,1,114.24,38.203,-33.676,0.68115,2.2621,0.12578,0,0,0.021506
38.401,1,114.31,38.203,-33.669,0.68777,2.254,0.12581,0,0,0.022081
38.407,1,114.37,38.202,-33.663,0.694,2.2473,0.12584,0,0,0.022639
38.413,1,114.44,38.201,-33.656,0.69984,2.2413,0.12587,0,0,0.023189
38.42,1,114.5,38.2,-33.65,0.70533,2.2361,0.1259,0,0,0.023717
38.426,1,114.56,38.2,-33.643,0.71047,2.2323,0.12592,0,0,0.024214
38.432,1,114.61,38.199,-33.638,0.71531,2.2303,0.12595,0,0,0.024668
38.439,1,114.65,38.198,-33.633,0.71988,2.2339,0.12597,0,0,0.024986
38.445,1,114.66,38.198,-33.631,0.72425,2.2407,0.12598,0,0,0.025203
38.451,1,114.67,38.197,-33.629,0.72842,2.2442,0.12598,0,0,0.025392
38.458,1,114.67,38.197,-33.628,0.7324,2.2476,0.12598,0,0,0.025548
38.464,1,114.67,38.197,-33.628,0.73622,2.2507,0.12599,0,0,0.025677
38.47,1,114.67,38.197,-33.627,0.7399,2.2538,0.12599,0,0,0.025783
38.476,1,114.67,38.197,-33.628,0.74343,2.2554,0.12598,0,0,0.025902
38.482,1,114.68,38.197,-33.627,0.7468,2.2506,0.12599,0,0,0.026164
38.488,1,114.72,38.197,-33.624,0.74999,2.2411,0.126,0,0,0.02651
38.494,1,114.77,38.197,-33.621,0.75301,2.2343,0.12602,0,0,0.026883
38.5,1,114.81,38.197,-33.616,0.75586,2.2295,0.12604,0,0,0.027234
38.507,1,114.85,38.197,-33.613,0.75858,2.2283,0.12606,0,0,0.027543
38.512,1,114.88,38.197,-33.61,0.76119,2.2284,0.12607,0,0,0.027808
38.518,1,114.9,38.198,-33.607,0.76368,2.229,0.12609,0,0,0.028051
38.524,1,114.93,38.198,-33.605,0.76607,2.2284,0.1261,0,0,0.0283
38.53,1,114.97,38.198,-33.602,0.76833,2.2248,0.12612,0,0,0.028606
38.536,1,115.03,38.198,-33.597,0.76991,2.2129,0.12614,0,0,0.029059
38.542,1,115.08,38.198,-33.59,0.76979,2.21,0.12618,0,0,0.029233
38.548,1,114.97,38.198,-33.597,0.76614,2.2621,0.12613,0,0,0.02812
38.554,1,114.78,38.199,-33.614,0.76038,2.3211,0.12605,0,0,0.026784
38.559,1,114.6,38.2,-33.631,0.75296,2.3589,0.12597,0,0,0.025334
38.565,1,114.41,38.201,-33.649,0.74407,2.392,0.12588,0,0,0.02399
38.57,1,114.27,38.202,-33.664,0.73455,2.4058,0.12582,0,0,0.022915
38.576,1,114.16,38.203,-33.675,0.7251,2.4074,0.12577,0,0,0.022125
38.581,1,114.08,38.204,-33.685,0.71599,2.4079,0.12573,0,0,0.021421
38.586,1,113.98,38.205,-33.695,0.70718,2.4211,0.12569,0,0,0.020607
38.591,1,113.8,38.206,-33.71,0.69813,2.4623,0.12561,0,0,0.019165
38.597,1,113.54,38.208,-33.735,0.68798,2.5214,0.1255,0,0,0.017706
38.602,1,113.44,38.209,-33.747,0.67889,2.4965,0.12546,0,0,0.017103
38.608,1,113.42,38.21,-33.751,0.67059,2.4601,0.12545,0,0,0.016874
38.613,1,113.45,38.211,-33.749,0.66369,2.4266,0.12546,0,0,0.016893
38.619,1,113.5,38.211,-33.745,0.658,2.3975,0.12548,0,0,0.017039
38.625,1,113.57,38.211,-33.739,0.65373,2.3733,0.12551,0,0,0.017265
38.631,1,113.64,38.21,-33.732,0.65092,2.3556,0.12554,0,0,0.017514
38.637,1,113.7,38.21,-33.726,0.64937,2.3433,0.12557,0,0,0.017768
38.643,1,113.75,38.209,-33.72,0.64928,2.3356,0.12559,0,0,0.018024
38.649,1,113.85,38.208,-33.711,0.65084,2.3104,0.12563,0,0,0.018521
38.655,1,113.93,38.207,-33.703,0.65392,2.2992,0.12567,0,0,0.018997
38.661,1,114,38.206,-33.696,0.65839,2.2899,0.1257,0,0,0.019499
38.667,1,114.06,38.205,-33.689,0.66424,2.2851,0.12573,0,0,0.020002
38.674,1,114.12,38.204,-33.683,0.67187,2.2774,0.12575,0,0,0.020551
38.68,1,114.18,38.203,-33.677,0.6791,2.2697,0.12578,0,0,0.021097
38.686,1,114.25,38.203,-33.67,0.68592,2.2609,0.12581,0,0,0.02166
38.692,1,114.32,38.202,-33.664,0.69233,2.2534,0.12584,0,0,0.022217
38.698,1,114.38,38.201,-33.657,0.69836,2.2468,0.12586,0,0,0.022762
38.705,1,114.45,38.2,-33.651,0.70401,2.2404,0.12589,0,0,0.023306
38.711,1,114.51,38.2,-33.645,0.70932,2.2354,0.12592,0,0,0.023828
38.717,1,114.57,38.199,-33.639,0.7143,2.2321,0.12594,0,0,0.024319
38.724,1,114.62,38.198,-33.634,0.71897,2.2301,0.12597,0,0,0.024771
38.73,1,114.65,38.198,-33.631,0.7234,2.2351,0.12598,0,0,0.025085
38.736,1,114.66,38.197,-33.629,0.72764,2.2406,0.12598,0,0,0.025305
38.743,1,114.67,38.197,-33.628,0.73169,2.2439,0.12599,0,0,0.0255
38.749,1,114.68,38.197,-33.627,0.73556,2.2472,0.12599,0,0,0.025662
38.755,1,114.68,38.197,-33.627,0.73929,2.2502,0.12599,0,0,0.025796
38.762,1,114.67,38.197,-33.627,0.74287,2.2531,0.12599,0,0,0.025909
38.768,1,114.68,38.197,-33.627,0.74631,2.2536,0.12599,0,0,0.026034
38.774,1,114.7,38.197,-33.624,0.74956,2.2447,0.126,0,0,0.026305
38.78,1,114.75,38.197,-33.62,0.75264,2.2365,0.12602,0,0,0.026661
38.786,1,114.79,38.197,-33.616,0.75554,2.2299,0.12604,0,0,0.027047
38.792,1,114.84,38.197,-33.612,0.75829,2.2261,0.12606,0,0,0.027415
38.798,1,114.88,38.197,-33.609,0.76091,2.2243,0.12608,0,0,0.027744
38.804,1,114.91,38.198,-33.606,0.7634,2.2238,0.12609,0,0,0.028038
38.81,1,114.94,38.198,-33.603,0.76578,2.2227,0.12611,0,0,0.028318
38.816,1,114.98,38.198,-33.6,0.76804,2.22,0.12613,0,0,0.02862
38.822,1,115.03,38.198,-33.594,0.77013,2.2129,0.12615,0,0,0.029015
38.828,1,115.12,38.198,-33.587,0.77155,2.1956,0.12619,0,0,0.029582
38.834,1,115.06,38.198,-33.598,0.76988,2.2374,0.12614,0,0,0.029293
38.84,1,114.86,38.199,-33.615,0.76504,2.3094,0.12605,0,0,0.027932
38.845,1,114.69,38.2,-33.633,0.75837,2.3453,0.12597,0,0,0.026571
38.851,1,114.48,38.201,-33.651,0.74988,2.3843,0.12588,0,0,0.025098
38.856,1,114.32,38.202,-33.666,0.74058,2.4019,0.12582,0,0,0.023822
38.862,1,114.2,38.203,-33.678,0.73094,2.4092,0.12577,0,0,0.022791
38.867,1,114.1,38.204,-33.688,0.72135,2.4141,0.12572,0,0,0.021907
38.872,1,114,38.206,-33.699,0.71194,2.4213,0.12567,0,0,0.021105
38.878,1,113.84,38.207,-33.722,0.70209,2.4564,0.12558,0,0,0.019852
38.883,1,113.57,38.209,-33.742,0.69161,2.5202,0.12548,0,0,0.01838
38.888,1,113.45,38.21,-33.75,0.68206,2.4998,0.12545,0,0,0.017432
38.894,1,113.42,38.211,-33.751,0.67347,2.4641,0.12545,0,0,0.017041
38.899,1,113.45,38.211,-33.749,0.66606,2.4292,0.12546,0,0,0.016946
38.905,1,113.5,38.211,-33.744,0.65977,2.4005,0.12549,0,0,0.017024
38.911,1,113.57,38.211,-33.738,0.65474,2.3753,0.12552,0,0,0.017207
38.917,1,113.64,38.21,-33.731,0.65097,2.3575,0.12555,0,0,0.017436
38.923,1,113.7,38.21,-33.725,0.64847,2.3444,0.12557,0,0,0.017681
38.929,1,113.76,38.209,-33.719,0.64765,2.3367,0.1256,0,0,0.017934
38.935,1,113.85,38.208,-33.71,0.64874,2.3112,0.12564,0,0,0.018414
38.941,1,113.93,38.207,-33.701,0.65128,2.2993,0.12568,0,0,0.018897
38.948,1,114.01,38.206,-33.694,0.65562,2.2891,0.12571,0,0,0.019404
38.954,1,114.08,38.205,-33.687,0.66164,2.2838,0.12574,0,0,0.019911
38.96,1,114.14,38.204,-33.68,0.66931,2.2754,0.12577,0,0,0.02048
38.966,1,114.21,38.203,-33.673,0.67659,2.2673,0.12579,0,0,0.021041
38.972,1,114.28,38.202,-33.666,0.68344,2.2582,0.12582,0,0,0.021617
38.978,1,114.35,38.201,-33.659,0.6899,2.2507,0.12585,0,0,0.022185
38.985,1,114.41,38.2,-33.653,0.69598,2.2446,0.12588,0,0,0.022737
38.991,1,114.48,38.2,-33.646,0.70168,2.2385,0.12591,0,0,0.023285
38.997,1,114.54,38.199,-33.64,0.70704,2.2342,0.12593,0,0,0.023807
39.004,1,114.59,38.198,-33.635,0.71208,2.2313,0.12596,0,0,0.024295
39.01,1,114.64,38.197,-33.63,0.71683,2.2306,0.12598,0,0,0.024734
39.016,1,114.66,38.197,-33.628,0.72136,2.2369,0.12598,0,0,0.025029
39.023,1,114.67,38.196,-33.627,0.72568,2.2424,0.12599,0,0,0.025242
39.029,1,114.68,38.196,-33.626,0.72982,2.2459,0.12599,0,0,0.025428
39.035,1,114.68,38.196,-33.626,0.73378,2.2494,0.12599,0,0,0.025581
39.042,1,114.67,38.196,-33.626,0.73755,2.2527,0.12599,0,0,0.025707
39.048,1,114.67,38.196,-33.626,0.74117,2.2556,0.12599,0,0,0.025813
39.054,1,114.67,38.196,-33.626,0.74465,2.2551,0.12599,0,0,0.025941
39.06,1,114.71,38.196,-33.623,0.74796,2.2452,0.126,0,0,0.026242
39.066,1,114.75,38.196,-33.619,0.75109,2.2379,0.12602,0,0,0.026599
39.072,1,114.79,38.196,-33.615,0.75405,2.2315,0.12604,0,0,0.026983
39.078,1,114.83,38.196,-33.612,0.75686,2.2288,0.12606,0,0,0.027334
39.084,1,114.87,38.197,-33.61,0.75954,2.228,0.12607,0,0,0.027646
39.09,1,114.89,38.197,-33.608,0.76211,2.2288,0.12608,0,0,0.027918
39.096,1,114.92,38.197,-33.606,0.76457,2.2287,0.12609,0,0,0.028177
39.102,1,114.95,38.197,-33.604,0.76691,2.2271,0.1261,0,0,0.028457
39.108,1,114.99,38.197,-33.6,0.76894,2.2209,0.12612,0,0,0.02882
39.114,1,115.08,38.197,-33.593,0.76997,2.2014,0.12616,0,0,0.029382
39.12,1,115.04,38.198,-33.597,0.76832,2.2342,0.12614,0,0,0.02913
39.126,1,114.84,38.198,-33.614,0.76338,2.3122,0.12605,0,0,0.027752
39.131,1,114.67,38.199,-33.63,0.7568,2.3431,0.12598,0,0,0.026429
39.137,1,114.47,38.2,-33.648,0.74833,2.3834,0.1259,0,0,0.024964
39.142,1,114.31,38.201,-33.663,0.73911,2.402,0.12583,0,0,0.023711
39.148,1,114.2,38.202,-33.674,0.7296,2.4068,0.12578,0,0,0.02272
39.153,1,114.12,38.203,-33.681,0.72027,2.4061,0.12575,0,0,0.021942
39.158,1,114.04,38.204,-33.689,0.71121,2.4057,0.12571,0,0,0.021191
39.164,1,113.92,38.205,-33.701,0.70221,2.4308,0.12565,0,0,0.020186
39.169,1,113.62,38.206,-33.729,0.69208,2.5194,0.12553,0,0,0.018509
39.174,1,113.46,38.208,-33.743,0.68253,2.5078,0.12547,0,0,0.017442
39.18,1,113.42,38.209,-33.749,0.67406,2.4732,0.12545,0,0,0.017002
39.185,1,113.43,38.209,-33.749,0.66669,2.438,0.12545,0,0,0.016888
39.191,1,113.48,38.21,-33.745,0.66057,2.4093,0.12547,0,0,0.016962
39.197,1,113.54,38.21,-33.74,0.65574,2.3827,0.1255,0,0,0.017153
39.203,1,113.61,38.209,-33.734,0.6521,2.3638,0.12553,0,0,0.017394
39.209,1,113.67,38.209,-33.728,0.64973,2.3495,0.12555,0,0,0.017653
39.215,1,113.72,38.208,-33.723,0.64901,2.3406,0.12558,0,0,0.017905
39.221,1,113.8,38.208,-33.717,0.64968,2.323,0.12561,0,0,0.018312
39.227,1,113.88,38.207,-33.708,0.65193,2.3048,0.12564,0,0,0.018793
39.233,1,113.96,38.206,-33.701,0.65588,2.2944,0.12567,0,0,0.019286
39.239,1,114.03,38.205,-33.694,0.66157,2.2875,0.1257,0,0,0.019784
39.246,1,114.09,38.204,-33.688,0.66885,2.2811,0.12573,0,0,0.020324
39.252,1,114.16,38.203,-33.682,0.67622,2.2732,0.12575,0,0,0.020867
39.258,1,114.22,38.203,-33.676,0.68317,2.2646,0.12578,0,0,0.021421
39.264,1,114.29,38.202,-33.669,0.68972,2.256,0.12581,0,0,0.02198
39.27,1,114.35,38.201,-33.663,0.69587,2.249,0.12584,0,0,0.02253
39.277,1,114.42,38.201,-33.656,0.70165,2.243,0.12587,0,0,0.02307
39.283,1,114.48,38.2,-33.65,0.70706,2.2371,0.1259,0,0,0.023601
39.289,1,114.54,38.199,-33.643,0.71214,2.2329,0.12592,0,0,0.024106
39.296,1,114.59,38.199,-33.638,0.71691,2.2305,0.12595,0,0,0.024569
39.302,1,114.64,38.198,-33.633,0.72141,2.2318,0.12597,0,0,0.024938
39.308,1,114.66,38.197,-33.631,0.72572,2.2385,0.12598,0,0,0.025177
39.315,1,114.67,38.197,-33.629,0.72983,2.2426,0.12598,0,0,0.025382
39.321,1,114.67,38.197,-33.628,0.73376,2.2459,0.12598,0,0,0.025552
39.327,1,114.67,38.197,-33.627,0.73754,2.249,0.12599,0,0,0.025695
39.334,1,114.67,38.197,-33.627,0.74117,2.252,0.12599,0,0,0.025812
39.34,1,114.67,38.197,-33.627,0.74466,2.2543,0.12599,0,0,0.025927
39.346,1,114.68,38.197,-33.627,0.748,2.2515,0.12599,0,0,0.026139
39.352,1,114.72,38.197,-33.623,0.75114,2.2409,0.12601,0,0,0.026483
39.358,1,114.76,38.197,-33.62,0.75411,2.2337,0.12602,0,0,0.026859
39.364,1,114.81,38.197,-33.615,0.75693,2.2284,0.12605,0,0,0.027237
39.37,1,114.85,38.197,-33.612,0.75961,2.2266,0.12606,0,0,0.027573
39.376,1,114.89,38.197,-33.608,0.76216,2.2258,0.12608,0,0,0.027873
39.382,1,114.92,38.198,-33.606,0.76461,2.2262,0.1261,0,0,0.028146
39.388,1,114.95,38.198,-33.603,0.76694,2.2254,0.12611,0,0,0.028428
39.394,1,114.99,38.198,-33.599,0.76915,2.221,0.12613,0,0,0.02877
39.4,1,115.06,38.198,-33.593,0.7706,2.2074,0.12616,0,0,0.029288
39.406,1,115.1,38.198,-33.588,0.77075,2.2034,0.12618,0,0,0.029465
39.412,1,114.97,38.198,-33.602,0.76762,2.2743,0.12611,0,0,0.02843
39.417,1,114.79,38.199,-33.619,0.76217,2.3244,0.12603,0,0,0.027107
39.423,1,114.59,38.2,-33.637,0.75476,2.365,0.12594,0,0,0.025669
39.429,1,114.4,38.201,-33.655,0.74589,2.395,0.12587,0,0,0.02431
39.434,1,114.26,38.202,-33.669,0.73639,2.407,0.12581,0,0,0.02319
39.439,1,114.14,38.204,-33.68,0.72679,2.4084,0.12576,0,0,0.022297
39.445,1,114.05,38.205,-33.69,0.71727,2.4122,0.12571,0,0,0.021523
39.45,1,113.94,38.206,-33.701,0.70791,2.4271,0.12566,0,0,0.020587
39.455,1,113.7,38.207,-33.725,0.6978,2.4946,0.12555,0,0,0.019115
39.46,1,113.49,38.209,-33.743,0.68736,2.5189,0.12547,0,0,0.017798
39.466,1,113.42,38.21,-33.75,0.67804,2.484,0.12545,0,0,0.017187
39.472,1,113.42,38.21,-33.75,0.6696,2.4486,0.12545,0,0,0.016975
39.477,1,113.46,38.211,-33.748,0.66246,2.4171,0.12547,0,0,0.01699
39.483,1,113.52,38.211,-33.742,0.65669,2.3897,0.12549,0,0,0.017143
39.489,1,113.59,38.21,-33.736,0.6524,2.3684,0.12552,0,0,0.017369
39.495,1,113.66,38.21,-33.73,0.64983,2.3528,0.12555,0,0,0.017622
39.501,1,113.72,38.209,-33.724,0.64857,2.3422,0.12558,0,0,0.017876
39.507,1,113.79,38.208,-33.716,0.64858,2.3261,0.12561,0,0,0.018215
39.513,1,113.88,38.207,-33.707,0.65028,2.3056,0.12565,0,0,0.018704
39.519,1,113.96,38.206,-33.698,0.6533,2.295,0.12569,0,0,0.019185
39.526,1,114.03,38.205,-33.691,0.65815,2.2876,0.12572,0,0,0.019682
39.532,1,114.1,38.204,-33.684,0.66512,2.2812,0.12575,0,0,0.020201
39.538,1,114.16,38.203,-33.677,0.6726,2.2729,0.12578,0,0,0.020746
39.544,1,114.22,38.202,-33.67,0.67968,2.2643,0.12581,0,0,0.021293
39.55,1,114.29,38.201,-33.663,0.68637,2.2558,0.12584,0,0,0.02185
39.557,1,114.36,38.201,-33.656,0.69269,2.2488,0.12586,0,0,0.0224
39.563,1,114.42,38.2,-33.65,0.69866,2.2428,0.12589,0,0,0.022942
39.569,1,114.49,38.199,-33.643,0.70423,2.237,0.12592,0,0,0.023477
39.575,1,114.55,38.198,-33.638,0.70946,2.2329,0.12595,0,0,0.023989
39.582,1,114.6,38.197,-33.632,0.71439,2.2305,0.12597,0,0,0.024464
39.588,1,114.64,38.197,-33.629,0.71905,2.2317,0.12598,0,0,0.024857
39.594,1,114.66,38.196,-33.628,0.72351,2.2383,0.12599,0,0,0.025127
39.601,1,114.67,38.196,-33.626,0.72775,2.2426,0.12599,0,0,0.025339
39.607,1,114.68,38.196,-33.626,0.73182,2.2461,0.12599,0,0,0.025521
39.613,1,114.68,38.196,-33.626,0.73571,2.2493,0.12599,0,0,0.025672
39.62,1,114.67,38.196,-33.626,0.73945,2.2524,0.12599,0,0,0.025797
39.626,1,114.67,38.196,-33.626,0.74305,2.2547,0.12599,0,0,0.025915
39.632,1,114.68,38.196,-33.624,0.74645,2.2521,0.126,0,0,0.026107
39.638,1,114.72,38.196,-33.621,0.74967,2.242,0.12601,0,0,0.026425
39.644,1,114.77,38.196,-33.617,0.7527,2.2349,0.12603,0,0,0.026795
39.65,1,114.81,38.196,-33.614,0.75559,2.2289,0.12605,0,0,0.027174
39.656,1,114.85,38.196,-33.611,0.75835,2.227,0.12606,0,0,0.027522
39.662,1,114.88,38.196,-33.609,0.76097,2.2264,0.12607,0,0,0.027833
39.668,1,114.91,38.197,-33.607,0.76348,2.2269,0.12608,0,0,0.028118
39.674,1,114.94,38.197,-33.605,0.76589,2.2261,0.12609,0,0,0.028406
39.68,1,114.98,38.197,-33.603,0.76811,2.2224,0.12611,0,0,0.028745
39.686,1,115.05,38.197,-33.598,0.76986,2.2094,0.12613,0,0,0.029231
39.692,1,115.11,38.197,-33.594,0.77053,2.2039,0.12615,0,0,0.0296
39.698,1,114.97,38.198,-33.605,0.76747,2.2654,0.1261,0,0,0.028577
39.703,1,114.79,38.199,-33.621,0.76208,2.3221,0.12602,0,0,0.02724
39.709,1,114.6,38.2,-33.639,0.75469,2.3607,0.12594,0,0,0.025782
39.715,1,114.41,38.201,-33.656,0.74591,2.3931,0.12586,0,0,0.024385
39.72,1,114.26,38.202,-33.669,0.7365,2.4064,0.1258,0,0,0.023244
39.725,1,114.16,38.203,-33.678,0.727,2.4084,0.12576,0,0,0.022336
39.731,1,114.06,38.204,-33.685,0.71771,2.4123,0.12573,0,0,0.021524
39.736,1,113.95,38.205,-33.695,0.70845,2.4257,0.12569,0,0,0.020656
39.741,1,113.72,38.206,-33.712,0.69853,2.4897,0.12561,0,0,0.019077
39.746,1,113.5,38.207,-33.737,0.68823,2.5199,0.1255,0,0,0.017745
39.752,1,113.43,38.208,-33.748,0.67887,2.4859,0.12545,0,0,0.017164
39.757,1,113.42,38.209,-33.751,0.67029,2.4507,0.12544,0,0,0.016945
39.763,1,113.45,38.21,-33.749,0.66346,2.4189,0.12545,0,0,0.016953
39.769,1,113.51,38.21,-33.745,0.65763,2.3914,0.12548,0,0,0.017092
39.775,1,113.58,38.21,-33.739,0.65295,2.3693,0.12551,0,0,0.017305
39.781,1,113.65,38.209,-33.733,0.65009,2.3535,0.12554,0,0,0.017545
39.787,1,113.71,38.209,-33.727,0.64874,2.3428,0.12556,0,0,0.017789
39.793,1,113.77,38.208,-33.722,0.64855,2.3299,0.12558,0,0,0.018133
39.799,1,113.86,38.207,-33.714,0.65001,2.3074,0.12562,0,0,0.018627
39.805,1,113.94,38.207,-33.706,0.65289,2.2968,0.12565,0,0,0.01912
39.811,1,114.01,38.206,-33.698,0.65755,2.2884,0.12569,0,0,0.019628
39.817,1,114.08,38.205,-33.692,0.6642,2.2828,0.12571,0,0,0.020161
39.824,1,114.14,38.204,-33.686,0.67172,2.2742,0.12574,0,0,0.020729
39.83,1,114.21,38.203,-33.68,0.67883,2.2658,0.12576,0,0,0.021299
39.836,1,114.27,38.203,-33.673,0.68556,2.2569,0.12579,0,0,0.021878
39.842,1,114.34,38.202,-33.667,0.69192,2.2498,0.12582,0,0,0.022442
39.848,1,114.41,38.201,-33.66,0.6979,2.2438,0.12585,0,0,0.022989
39.855,1,114.47,38.201,-33.654,0.70352,2.2377,0.12588,0,0,0.023527
39.861,1,114.53,38.2,-33.648,0.70879,2.2334,0.12591,0,0,0.024036
39.867,1,114.59,38.199,-33.642,0.71375,2.2308,0.12593,0,0,0.024506
39.874,1,114.63,38.199,-33.636,0.71844,2.2308,0.12595,0,0,0.024893
39.88,1,114.65,38.198,-33.632,0.7229,2.2371,0.12597,0,0,0.025143
39.886,1,114.67,38.197,-33.63,0.7272,2.242,0.12598,0,0,0.025343
39.893,1,114.67,38.197,-33.629,0.73133,2.2455,0.12598,0,0,0.025511
39.899,1,114.67,38.197,-33.628,0.73528,2.2488,0.12598,0,0,0.025651
39.905,1,114.67,38.197,-33.628,0.73905,2.2519,0.12599,0,0,0.025764
39.912,1,114.67,38.197,-33.627,0.74266,2.2547,0.12599,0,0,0.025868
39.918,1,114.68,38.197,-33.627,0.74608,2.2525,0.12599,0,0,0.026038
39.924,1,114.71,38.197,-33.626,0.74931,2.2431,0.12599,0,0,0.026369
39.93,1,114.75,38.197,-33.622,0.75236,2.2364,0.12601,0,0,0.02673
39.936,1,114.8,38.197,-33.618,0.75525,2.2316,0.12603,0,0,0.027102
39.942,1,114.83,38.197,-33.614,0.75799,2.227,0.12605,0,0,0.027428
39.948,1,114.87,38.197,-33.611,0.7606,2.2261,0.12607,0,0,0.027713
39.954,1,114.9,38.197,-33.608,0.76311,2.2266,0.12608,0,0,0.02796
39.96,1,114.93,38.198,-33.605,0.7655,2.226,0.1261,0,0,0.0282
39.966,1,114.96,38.198,-33.602,0.76778,2.2233,0.12611,0,0,0.028466
39.972,1,115.01,38.198,-33.598,0.76937,2.2158,0.12613,0,0,0.028811
39.978,1,115.1,38.198,-33.591,0.77071,2.1977,0.12617,0,0,0.029364
39.983,1,115.04,38.198,-33.59,0.76869,2.2487,0.12616,0,0,0.028882
39.989,1,114.84,38.198,-33.607,0.76355,2.3144,0.12608,0,0,0.027488
39.995,1,114.65,38.199,-33.622,0.75659,2.3507,0.12601,0,0,0.026156
40.001,1,114.46,38.2,-33.641,0.7479,2.3876,0.12592,0,0,0.024704
40.006,1,114.3,38.201,-33.657,0.73849,2.403,0.12585,0,0,0.023505
40.011,1,114.19,38.203,-33.67,0.72889,2.4064,0.1258,0,0,0.022581
40.017,1,114.12,38.204,-33.681,0.71953,2.4098,0.12575,0,0,0.02188
40.022,1,114.04,38.204,-33.69,0.71026,2.414,0.12571,0,0,0.02112
40.027,1,113.91,38.205,-33.702,0.70065,2.4366,0.12565,0,0,0.020079
40.032,1,113.61,38.207,-33.727,0.69022,2.5216,0.12553,0,0,0.018304
40.038,1,113.47,38.208,-33.743,0.68077,2.5061,0.12547,0,0,0.017389
40.043,1,113.43,38.209,-33.749,0.6722,2.4703,0.12545,0,0,0.017002
40.049,1,113.44,38.21,-33.749,0.66524,2.4354,0.12546,0,0,0.01693
40.055,1,113.49,38.21,-33.745,0.65962,2.4064,0.12548,0,0,0.01702
40.061,1,113.55,38.21,-33.74,0.65555,2.3805,0.1255,0,0,0.017226
40.067,1,113.62,38.21,-33.734,0.65166,2.3624,0.12553,0,0,0.01747
40.073,1,113.69,38.209,-33.728,0.64924,2.3486,0.12556,0,0,0.017731
40.079,1,113.74,38.208,-33.722,0.64875,2.3394,0.12558,0,0,0.017979
40.085,1,113.83,38.207,-33.713,0.64994,2.3147,0.12562,0,0,0.018385
40.091,1,113.92,38.206,-33.704,0.65253,2.3008,0.12566,0,0,0.018855
40.097,1,114,38.205,-33.696,0.65673,2.291,0.1257,0,0,0.019338
40.103,1,114.06,38.204,-33.689,0.66269,2.2858,0.12572,0,0,0.019825
40.109,1,114.12,38.203,-33.682,0.67034,2.2785,0.12575,0,0,0.02035
40.116,1,114.18,38.203,-33.676,0.67759,2.2711,0.12578,0,0,0.020878
40.122,1,114.25,38.202,-33.669,0.68443,2.2624,0.12581,0,0,0.021419
40.128,1,114.31,38.201,-33.662,0.69087,2.2548,0.12584,0,0,0.021967
40.134,1,114.38,38.2,-33.656,0.69693,2.2481,0.12587,0,0,0.022512
40.14,1,114.44,38.199,-33.649,0.70262,2.2417,0.12589,0,0,0.023049
40.147,1,114.51,38.199,-33.643,0.70796,2.2364,0.12592,0,0,0.023582
40.153,1,114.56,38.198,-33.637,0.71297,2.2327,0.12595,0,0,0.024089
40.159,1,114.62,38.197,-33.632,0.71769,2.2309,0.12597,0,0,0.024555
40.166,1,114.65,38.196,-33.629,0.72218,2.2349,0.12598,0,0,0.024937
40.172,1,114.66,38.196,-33.627,0.72646,2.241,0.12599,0,0,0.025191
40.178,1,114.67,38.196,-33.626,0.73056,2.2441,0.12599,0,0,0.025403
40.185,1,114.68,38.195,-33.626,0.73447,2.2474,0.12599,0,0,0.025583
40.191,1,114.68,38.195,-33.625,0.73823,2.2504,0.12599,0,0,0.025733
40.197,1,114.68,38.195,-33.626,0.74184,2.2532,0.12599,0,0,0.025858
40.203,1,114.67,38.195,-33.626,0.74533,2.2539,0.12599,0,0,0.025979
40.21,1,114.7,38.196,-33.623,0.74861,2.2471,0.126,0,0,0.026182
40.216,1,114.74,38.196,-33.62,0.75171,2.239,0.12602,0,0,0.026528
40.222,1,114.79,38.196,-33.616,0.75464,2.2325,0.12604,0,0,0.02691
40.228,1,114.83,38.196,-33.613,0.75743,2.2268,0.12605,0,0,0.027301
40.234,1,114.86,38.196,-33.61,0.76009,2.2248,0.12607,0,0,0.027656
40.24,1,114.9,38.196,-33.607,0.76264,2.2243,0.12608,0,0,0.02798
40.246,1,114.93,38.197,-33.605,0.76507,2.2235,0.12609,0,0,0.028284
40.252,1,114.96,38.197,-33.603,0.76739,2.2211,0.12611,0,0,0.028605
40.257,1,115.01,38.197,-33.599,0.76938,2.2151,0.12612,0,0,0.029004
40.263,1,115.09,38.197,-33.592,0.77101,2.2007,0.12616,0,0,0.029627
40.269,1,115.07,38.197,-33.593,0.76972,2.2252,0.12616,0,0,0.029572
40.275,1,114.88,38.198,-33.61,0.76527,2.3022,0.12607,0,0,0.028339
40.281,1,114.7,38.199,-33.626,0.75898,2.339,0.126,0,0,0.026984
40.286,1,114.5,38.2,-33.644,0.75084,2.3794,0.12591,0,0,0.025512
40.292,1,114.33,38.201,-33.66,0.74175,2.4001,0.12584,0,0,0.024187
40.297,1,114.21,38.202,-33.672,0.73231,2.4075,0.12579,0,0,0.023093
40.303,1,114.12,38.203,-33.681,0.72289,2.4128,0.12574,0,0,0.022133
40.308,1,114.04,38.204,-33.689,0.71359,2.4184,0.1257,0,0,0.021268
40.313,1,113.92,38.205,-33.7,0.70398,2.4338,0.12563,0,0,0.020115
40.318,1,113.64,38.206,-33.725,0.69376,2.5123,0.12553,0,0,0.018569
40.324,1,113.47,38.208,-33.743,0.68388,2.5099,0.12547,0,0,0.017588
40.329,1,113.42,38.209,-33.75,0.67509,2.4761,0.12544,0,0,0.017149
40.335,1,113.43,38.21,-33.75,0.66741,2.4415,0.12545,0,0,0.017023
40.341,1,113.47,38.21,-33.747,0.66102,2.4115,0.12547,0,0,0.017077
40.347,1,113.54,38.21,-33.742,0.65591,2.3851,0.12549,0,0,0.017245
40.353,1,113.61,38.21,-33.736,0.65173,2.3655,0.12552,0,0,0.017464
40.359,1,113.67,38.209,-33.73,0.64903,2.3506,0.12555,0,0,0.017703
40.365,1,113.73,38.209,-33.724,0.64812,2.3406,0.12557,0,0,0.017938
40.371,1,113.83,38.208,-33.717,0.64892,2.315,0.1256,0,0,0.018412
40.377,1,113.91,38.207,-33.709,0.65112,2.3006,0.12564,0,0,0.018892
40.383,1,114,38.206,-33.701,0.65487,2.2904,0.12568,0,0,0.019397
40.389,1,114.07,38.205,-33.694,0.66032,2.2847,0.12571,0,0,0.0199
40.395,1,114.13,38.204,-33.687,0.6675,2.2773,0.12573,0,0,0.02047
40.401,1,114.2,38.204,-33.681,0.67493,2.2696,0.12576,0,0,0.021037
40.408,1,114.27,38.203,-33.674,0.68195,2.2609,0.12579,0,0,0.021618
40.414,1,114.33,38.202,-33.668,0.68855,2.2533,0.12582,0,0,0.022192
40.42,1,114.4,38.201,-33.661,0.69477,2.2469,0.12585,0,0,0.022748
40.426,1,114.46,38.201,-33.655,0.7006,2.2406,0.12587,0,0,0.023297
40.433,1,114.52,38.2,-33.648,0.70607,2.2357,0.1259,0,0,0.02382
40.439,1,114.58,38.199,-33.642,0.71121,2.2323,0.12593,0,0,0.024309
40.445,1,114.63,38.198,-33.637,0.71603,2.2304,0.12595,0,0,0.024757
40.452,1,114.66,38.198,-33.632,0.72058,2.2355,0.12597,0,0,0.025046
40.458,1,114.67,38.197,-33.63,0.72494,2.2418,0.12598,0,0,0.025257
40.464,1,114.67,38.197,-33.628,0.72909,2.2451,0.12598,0,0,0.025439
40.471,1,114.68,38.197,-33.628,0.73307,2.2485,0.12599,0,0,0.025589
40.477,1,114.67,38.196,-33.627,0.73688,2.2516,0.12599,0,0,0.025712
40.483,1,114.67,38.196,-33.627,0.74054,2.2545,0.12599,0,0,0.025813
40.489,1,114.67,38.196,-33.627,0.74406,2.2551,0.12598,0,0,0.025938
40.495,1,114.7,38.197,-33.626,0.74742,2.2473,0.12599,0,0,0.026236
40.501,1,114.74,38.197,-33.623,0.75059,2.2395,0.126,0,0,0.026589
40.508,1,114.78,38.197,-33.62,0.75358,2.2333,0.12602,0,0,0.026967
40.514,1,114.82,38.197,-33.616,0.75642,2.2287,0.12604,0,0,0.02731
40.52,1,114.85,38.197,-33.612,0.75912,2.2274,0.12606,0,0,0.027612
40.526,1,114.88,38.197,-33.609,0.7617,2.2275,0.12608,0,0,0.027871
40.532,1,114.91,38.197,-33.607,0.76416,2.2277,0.12609,0,0,0.028115
40.537,1,114.94,38.197,-33.604,0.76651,2.2263,0.1261,0,0,0.028373
40.543,1,114.97,38.198,-33.601,0.76872,2.2222,0.12612,0,0,0.028706
40.549,1,115.04,38.198,-33.596,0.77017,2.2111,0.12614,0,0,0.029262
40.555,1,115.07,38.198,-33.59,0.7692,2.2235,0.12617,0,0,0.029125
40.561,1,114.89,38.198,-33.599,0.76472,2.2953,0.1261,0,0,0.027777
40.567,1,114.71,38.199,-33.616,0.75851,2.3372,0.12603,0,0,0.026473
40.572,1,114.52,38.2,-33.633,0.75033,2.3761,0.12594,0,0,0.024999
40.578,1,114.35,38.201,-33.651,0.74117,2.4,0.12587,0,0,0.023732
40.583,1,114.22,38.202,-33.665,0.7316,2.4072,0.12581,0,0,0.022733
40.589,1,114.13,38.203,-33.676,0.72224,2.4062,0.12577,0,0,0.022004
40.594,1,114.07,38.204,-33.686,0.71314,2.4106,0.12573,0,0,0.021309
40.599,1,113.96,38.205,-33.696,0.70405,2.4218,0.12568,0,0,0.020402
40.604,1,113.74,38.206,-33.713,0.69403,2.483,0.12558,0,0,0.018716
40.61,1,113.49,38.207,-33.736,0.68428,2.5198,0.12549,0,0,0.017521
40.615,1,113.42,38.209,-33.747,0.6757,2.4875,0.12545,0,0,0.017039
40.621,1,113.42,38.21,-33.75,0.66809,2.4524,0.12545,0,0,0.016891
40.627,1,113.45,38.21,-33.748,0.66178,2.4184,0.12546,0,0,0.016945
40.632,1,113.51,38.21,-33.744,0.65682,2.3915,0.12548,0,0,0.017118
40.638,1,113.58,38.21,-33.737,0.65315,2.3691,0.12551,0,0,0.01735
40.644,1,113.65,38.209,-33.731,0.65047,2.3539,0.12554,0,0,0.017601
40.65,1,113.71,38.209,-33.725,0.64923,2.3428,0.12557,0,0,0.017848
40.656,1,113.77,38.208,-33.719,0.64962,2.3335,0.1256,0,0,0.018151
40.663,1,113.86,38.207,-33.71,0.65159,2.3083,0.12564,0,0,0.018637
40.669,1,113.94,38.206,-33.702,0.65499,2.2982,0.12567,0,0,0.019113
40.675,1,114.01,38.205,-33.695,0.66008,2.2892,0.1257,0,0,0.01961
40.681,1,114.08,38.204,-33.688,0.66702,2.2845,0.12573,0,0,0.020119
40.687,1,114.14,38.203,-33.682,0.67444,2.2763,0.12576,0,0,0.020663
40.693,1,114.2,38.203,-33.676,0.68148,2.2684,0.12578,0,0,0.021209
40.699,1,114.26,38.202,-33.669,0.68809,2.2596,0.12581,0,0,0.02177
40.706,1,114.33,38.201,-33.663,0.69432,2.2523,0.12584,0,0,0.022324
40.712,1,114.39,38.2,-33.656,0.70017,2.2459,0.12587,0,0,0.022866
40.718,1,114.46,38.2,-33.65,0.70566,2.2393,0.12589,0,0,0.023408
40.724,1,114.52,38.199,-33.643,0.71081,2.2347,0.12592,0,0,0.023926
40.731,1,114.58,38.198,-33.638,0.71566,2.2314,0.12595,0,0,0.024407
40.737,1,114.63,38.198,-33.633,0.72023,2.2304,0.12597,0,0,0.024839
40.743,1,114.65,38.197,-33.63,0.7246,2.2364,0.12598,0,0,0.025128
40.75,1,114.66,38.197,-33.628,0.72877,2.2415,0.12598,0,0,0.025345
40.756,1,114.67,38.196,-33.627,0.73277,2.2447,0.12599,0,0,0.025533
40.762,1,114.68,38.196,-33.627,0.73657,2.2479,0.12599,0,0,0.02569
40.769,1,114.68,38.196,-33.626,0.74024,2.2509,0.12599,0,0,0.02582
40.775,1,114.67,38.196,-33.626,0.74379,2.2536,0.12599,0,0,0.025932
40.781,1,114.68,38.196,-33.626,0.74718,2.253,0.12599,0,0,0.026076
40.787,1,114.71,38.197,-33.623,0.75038,2.2429,0.126,0,0,0.026379
40.793,1,114.75,38.197,-33.62,0.75341,2.2352,0.12602,0,0,0.026743
40.799,1,114.8,38.197,-33.615,0.75628,2.2295,0.12604,0,0,0.027134
40.805,1,114.85,38.197,-33.612,0.759,2.2258,0.12606,0,0,0.027494
40.811,1,114.88,38.197,-33.608,0.76159,2.2243,0.12608,0,0,0.02782
40.817,1,114.92,38.197,-33.605,0.76406,2.2239,0.1261,0,0,0.028112
40.823,1,114.95,38.197,-33.602,0.76642,2.2229,0.12611,0,0,0.028399
40.829,1,114.98,38.197,-33.599,0.76867,2.2202,0.12613,0,0,0.02872
40.835,1,115.04,38.197,-33.593,0.77043,2.2121,0.12616,0,0,0.029165
40.841,1,115.12,38.197,-33.587,0.77122,2.2004,0.12619,0,0,0.029656
40.847,1,115,38.198,-33.6,0.76848,2.2662,0.12612,0,0,0.029022
40.853,1,114.81,38.199,-33.617,0.76352,2.3206,0.12604,0,0,0.027679
40.858,1,114.61,38.2,-33.636,0.75654,2.3613,0.12595,0,0,0.026306
40.864,1,114.42,38.201,-33.653,0.74798,2.3931,0.12587,0,0,0.024875
40.869,1,114.27,38.202,-33.668,0.73872,2.4064,0.12581,0,0,0.02366
40.875,1,114.16,38.203,-33.679,0.72919,2.408,0.12576,0,0,0.022669
40.88,1,114.07,38.204,-33.689,0.71973,2.4116,0.12572,0,0,0.021843
40.885,1,113.97,38.205,-33.701,0.71017,2.4217,0.12567,0,0,0.021032
40.89,1,113.76,38.207,-33.725,0.69961,2.474,0.12558,0,0,0.019586
40.896,1,113.52,38.209,-33.743,0.68927,2.5167,0.12548,0,0,0.018185
40.901,1,113.43,38.21,-33.75,0.67979,2.4914,0.12545,0,0,0.017378
40.907,1,113.42,38.211,-33.751,0.67119,2.4561,0.12545,0,0,0.017043
40.912,1,113.45,38.211,-33.748,0.66383,2.4221,0.12546,0,0,0.016978
40.918,1,113.51,38.211,-33.743,0.65782,2.3945,0.12549,0,0,0.017068
40.924,1,113.58,38.211,-33.737,0.65354,2.3712,0.12552,0,0,0.017258
40.93,1,113.64,38.21,-33.731,0.65079,2.355,0.12555,0,0,0.017487
40.936,1,113.71,38.209,-33.725,0.64863,2.3434,0.12557,0,0,0.017731
40.942,1,113.76,38.209,-33.718,0.64778,2.335,0.12561,0,0,0.018053
40.948,1,113.86,38.208,-33.708,0.64884,2.3102,0.12565,0,0,0.018524
40.954,1,113.94,38.206,-33.7,0.65164,2.2997,0.12568,0,0,0.019015
40.96,1,114.01,38.205,-33.692,0.65632,2.2899,0.12571,0,0,0.019521
40.967,1,114.08,38.204,-33.685,0.6629,2.2844,0.12574,0,0,0.020048
40.973,1,114.14,38.203,-33.678,0.67048,2.2759,0.12577,0,0,0.020616
40.979,1,114.21,38.203,-33.671,0.67768,2.2678,0.1258,0,0,0.021183
40.985,1,114.27,38.202,-33.664,0.68445,2.2587,0.12583,0,0,0.021758
40.991,1,114.34,38.201,-33.658,0.69084,2.2513,0.12586,0,0,0.022323
40.998,1,114.41,38.2,-33.651,0.69685,2.245,0.12589,0,0,0.022875
41.004,1,114.47,38.199,-33.645,0.7025,2.2387,0.12592,0,0,0.023414
41.01,1,114.53,38.198,-33.639,0.7078,2.2343,0.12594,0,0,0.02393
41.017,1,114.59,38.198,-33.633,0.7128,2.2313,0.12597,0,0,0.024409
41.023,1,114.64,38.197,-33.629,0.71753,2.2302,0.12598,0,0,0.024809
41.029,1,114.66,38.196,-33.628,0.72204,2.2364,0.12599,0,0,0.025081
41.036,1,114.67,38.196,-33.626,0.72636,2.2419,0.12599,0,0,0.025288
41.042,1,114.68,38.196,-33.626,0.73048,2.2454,0.12599,0,0,0.025465
41.048,1,114.68,38.195,-33.626,0.73444,2.2489,0.12599,0,0,0.025611
41.055,1,114.67,38.195,-33.626,0.73823,2.2521,0.12599,0,0,0.025731
41.061,1,114.67,38.196,-33.626,0.74188,2.255,0.12599,0,0,0.02584
41.067,1,114.68,38.196,-33.625,0.74536,2.2542,0.12599,0,0,0.026014
41.073,1,114.71,38.196,-33.622,0.74863,2.2448,0.12601,0,0,0.026314
41.079,1,114.75,38.196,-33.618,0.75173,2.2368,0.12603,0,0,0.026672
41.085,1,114.8,38.196,-33.615,0.75466,2.2312,0.12604,0,0,0.027039
41.091,1,114.84,38.196,-33.612,0.75746,2.2287,0.12606,0,0,0.027373
41.097,1,114.87,38.196,-33.61,0.76013,2.2276,0.12607,0,0,0.027665
41.103,1,114.89,38.197,-33.608,0.76271,2.228,0.12608,0,0,0.027921
41.109,1,114.92,38.197,-33.606,0.76517,2.2281,0.12609,0,0,0.028166
41.115,1,114.95,38.197,-33.604,0.76751,2.2264,0.1261,0,0,0.028436
41.121,1,114.99,38.197,-33.601,0.76899,2.2203,0.12612,0,0,0.028782
41.127,1,115.08,38.197,-33.594,0.77007,2.201,0.12615,0,0,0.029287
41.133,1,115.05,38.198,-33.599,0.76881,2.2407,0.12612,0,0,0.028944
41.138,1,114.85,38.198,-33.616,0.76423,2.3111,0.12604,0,0,0.027569
41.144,1,114.67,38.199,-33.632,0.75768,2.3469,0.12597,0,0,0.026265
41.15,1,114.47,38.2,-33.65,0.74928,2.3858,0.12588,0,0,0.02482
41.155,1,114.31,38.201,-33.664,0.74008,2.4023,0.12582,0,0,0.023602
41.161,1,114.2,38.202,-33.674,0.73061,2.4068,0.12578,0,0,0.022654
41.166,1,114.11,38.203,-33.681,0.72134,2.4057,0.12575,0,0,0.021928
41.171,1,114.04,38.204,-33.689,0.71214,2.4081,0.12572,0,0,0.021197
41.176,1,113.91,38.205,-33.701,0.70265,2.4348,0.12566,0,0,0.020207
41.182,1,113.61,38.206,-33.729,0.69217,2.5214,0.12553,0,0,0.018458
41.187,1,113.46,38.208,-33.743,0.68247,2.5059,0.12547,0,0,0.017449
41.193,1,113.42,38.209,-33.749,0.67369,2.4712,0.12545,0,0,0.017021
41.198,1,113.44,38.209,-33.748,0.66626,2.4359,0.12545,0,0,0.016917
41.204,1,113.48,38.21,-33.745,0.66013,2.4072,0.12547,0,0,0.016989
41.21,1,113.55,38.21,-33.74,0.65559,2.3811,0.1255,0,0,0.01718
41.216,1,113.61,38.209,-33.734,0.652,2.3626,0.12553,0,0,0.017417
41.222,1,113.68,38.209,-33.728,0.64976,2.3487,0.12555,0,0,0.017673
41.228,1,113.73,38.208,-33.723,0.64887,2.34,0.12558,0,0,0.01792
41.234,1,113.81,38.208,-33.717,0.6495,2.3214,0.1256,0,0,0.018314
41.24,1,113.89,38.207,-33.709,0.6518,2.3044,0.12564,0,0,0.018791
41.246,1,113.96,38.206,-33.702,0.65567,2.2942,0.12567,0,0,0.019279
41.252,1,114.03,38.205,-33.695,0.66127,2.2875,0.1257,0,0,0.019773
41.258,1,114.09,38.205,-33.689,0.66885,2.2814,0.12572,0,0,0.020306
41.265,1,114.15,38.204,-33.683,0.67616,2.2735,0.12575,0,0,0.020843
41.271,1,114.22,38.203,-33.677,0.68307,2.2651,0.12578,0,0,0.021391
41.277,1,114.28,38.203,-33.671,0.68958,2.2567,0.12581,0,0,0.021947
41.283,1,114.35,38.202,-33.664,0.69571,2.2497,0.12583,0,0,0.022495
41.289,1,114.41,38.201,-33.658,0.70147,2.2436,0.12586,0,0,0.023033
41.296,1,114.48,38.201,-33.651,0.70688,2.2377,0.12589,0,0,0.023567
41.302,1,114.54,38.2,-33.645,0.71197,2.2334,0.12592,0,0,0.024074
41.308,1,114.59,38.199,-33.639,0.71675,2.2309,0.12594,0,0,0.024541
41.315,1,114.63,38.199,-33.634,0.72129,2.2319,0.12596,0,0,0.024928
41.321,1,114.65,38.198,-33.632,0.72563,2.2387,0.12597,0,0,0.02518
41.327,1,114.66,38.198,-33.63,0.72977,2.2427,0.12598,0,0,0.025389
41.334,1,114.67,38.198,-33.629,0.73373,2.2461,0.12598,0,0,0.025565
41.34,1,114.67,38.197,-33.628,0.73753,2.2492,0.12599,0,0,0.025712
41.346,1,114.67,38.197,-33.628,0.74118,2.2523,0.12599,0,0,0.025833
41.352,1,114.67,38.197,-33.628,0.74469,2.2542,0.12599,0,0,0.025946
41.359,1,114.68,38.198,-33.627,0.74801,2.2512,0.12599,0,0,0.026133
41.365,1,114.72,38.198,-33.625,0.75115,2.2407,0.126,0,0,0.026473
41.371,1,114.76,38.198,-33.621,0.75411,2.2334,0.12602,0,0,0.026848
41.377,1,114.81,38.198,-33.617,0.75692,2.2276,0.12604,0,0,0.027236
41.383,1,114.85,38.198,-33.613,0.75959,2.2257,0.12606,0,0,0.027582
41.389,1,114.89,38.198,-33.609,0.76215,2.2252,0.12608,0,0,0.027894
41.395,1,114.92,38.198,-33.607,0.7646,2.2249,0.1261,0,0,0.028177
41.401,1,114.96,38.199,-33.604,0.76694,2.2228,0.12611,0,0,0.028468
41.407,1,115,38.199,-33.6,0.76911,2.2167,0.12613,0,0,0.028814
41.413,1,115.07,38.199,-33.594,0.77074,2.2033,0.12616,0,0,0.029326
41.418,1,115.11,38.199,-33.588,0.77065,2.2043,0.12619,0,0,0.029591
41.424,1,114.96,38.199,-33.599,0.76765,2.2789,0.12613,0,0,0.028564
41.43,1,114.78,38.2,-33.616,0.76233,2.3259,0.12605,0,0,0.027265
41.436,1,114.58,38.201,-33.634,0.75506,2.3665,0.12597,0,0,0.025839
41.441,1,114.4,38.202,-33.652,0.74634,2.3949,0.12588,0,0,0.024465
41.447,1,114.25,38.203,-33.666,0.73692,2.4073,0.12582,0,0,0.023323
41.452,1,114.14,38.204,-33.678,0.72738,2.4107,0.12577,0,0,0.022397
41.457,1,114.05,38.205,-33.689,0.71785,2.4155,0.12572,0,0,0.021609
41.462,1,113.93,38.206,-33.7,0.7085,2.43,0.12567,0,0,0.020697
41.468,1,113.68,38.208,-33.722,0.69808,2.4993,0.12557,0,0,0.019212
41.473,1,113.49,38.209,-33.741,0.68764,2.5155,0.12548,0,0,0.017868
41.478,1,113.43,38.21,-33.749,0.67825,2.4827,0.12545,0,0,0.017241
41.484,1,113.43,38.211,-33.75,0.66972,2.4474,0.12545,0,0,0.017012
41.49,1,113.47,38.211,-33.748,0.66253,2.4165,0.12547,0,0,0.017014
41.496,1,113.53,38.211,-33.743,0.65664,2.3891,0.12549,0,0,0.017155
41.502,1,113.6,38.211,-33.737,0.65216,2.3679,0.12552,0,0,0.017373
41.508,1,113.67,38.21,-33.731,0.64942,2.3523,0.12555,0,0,0.017619
41.514,1,113.73,38.21,-33.725,0.64799,2.3417,0.12558,0,0,0.017869
41.52,1,113.81,38.209,-33.717,0.64817,2.3198,0.12561,0,0,0.018223
41.526,1,113.9,38.208,-33.708,0.64986,2.3027,0.12565,0,0,0.018713
41.532,1,113.98,38.207,-33.699,0.65306,2.2923,0.12569,0,0,0.019201
41.538,1,114.05,38.205,-33.692,0.65793,2.2856,0.12572,0,0,0.019701
41.544,1,114.12,38.204,-33.685,0.66514,2.2788,0.12575,0,0,0.02023
41.55,1,114.18,38.204,-33.678,0.6726,2.2704,0.12578,0,0,0.020785
41.557,1,114.25,38.203,-33.671,0.67967,2.2617,0.12581,0,0,0.021343
41.563,1,114.32,38.202,-33.664,0.68632,2.2533,0.12584,0,0,0.021907
41.569,1,114.38,38.201,-33.657,0.6926,2.2468,0.12586,0,0,0.022461
41.575,1,114.45,38.2,-33.65,0.69849,2.241,0.12589,0,0,0.023007
41.582,1,114.51,38.199,-33.644,0.70403,2.2359,0.12592,0,0,0.023541
41.588,1,114.57,38.198,-33.638,0.70927,2.2322,0.12595,0,0,0.02405
41.594,1,114.62,38.198,-33.633,0.71422,2.2302,0.12597,0,0,0.024521
41.601,1,114.65,38.197,-33.629,0.71889,2.2336,0.12598,0,0,0.024897
41.607,1,114.67,38.197,-33.628,0.72335,2.2405,0.12599,0,0,0.025156
41.613,1,114.67,38.196,-33.627,0.7276,2.2441,0.12599,0,0,0.025362
41.62,1,114.68,38.196,-33.626,0.73169,2.2476,0.12599,0,0,0.025536
41.626,1,114.68,38.196,-33.626,0.73561,2.2509,0.12599,0,0,0.025681
41.632,1,114.68,38.196,-33.626,0.73938,2.254,0.12599,0,0,0.025801
41.638,1,114.67,38.196,-33.626,0.74299,2.2557,0.12599,0,0,0.02592
41.644,1,114.69,38.196,-33.625,0.7464,2.2502,0.12599,0,0,0.026129
41.65,1,114.73,38.196,-33.622,0.74963,2.2411,0.12601,0,0,0.026455
41.657,1,114.77,38.196,-33.618,0.75267,2.2346,0.12603,0,0,0.026826
41.663,1,114.81,38.196,-33.615,0.75557,2.23,0.12605,0,0,0.027199
41.669,1,114.85,38.197,-33.612,0.75833,2.2289,0.12606,0,0,0.027538
41.675,1,114.88,38.197,-33.61,0.76099,2.2292,0.12607,0,0,0.02784
41.681,1,114.91,38.197,-33.608,0.76353,2.2301,0.12608,0,0,0.028117
41.686,1,114.94,38.197,-33.606,0.76597,2.2297,0.12609,0,0,0.028399
41.692,1,114.97,38.198,-33.604,0.76825,2.2256,0.1261,0,0,0.028738
41.698,1,115.03,38.198,-33.6,0.76976,2.2126,0.12612,0,0,0.029237
41.704,1,115.08,38.198,-33.595,0.76994,2.2101,0.12615,0,0,0.029512
41.71,1,114.97,38.198,-33.602,0.76613,2.2682,0.1261,0,0,0.02838
41.716,1,114.79,38.199,-33.618,0.76026,2.3222,0.12602,0,0,0.027053
41.722,1,114.6,38.2,-33.635,0.75269,2.3614,0.12594,0,0,0.025584
41.727,1,114.41,38.201,-33.652,0.74364,2.3931,0.12586,0,0,0.024216
41.732,1,114.26,38.202,-33.667,0.73397,2.407,0.1258,0,0,0.023109
41.738,1,114.15,38.203,-33.677,0.72438,2.406,0.12576,0,0,0.022241
41.743,1,114.07,38.204,-33.683,0.71519,2.404,0.12574,0,0,0.021497
41.748,1,113.97,38.205,-33.691,0.70619,2.4218,0.1257,0,0,0.02061
41.753,1,113.76,38.206,-33.705,0.69706,2.4755,0.12561,0,0,0.018994
41.759,1,113.52,38.207,-33.732,0.68699,2.5219,0.1255,0,0,0.017679
41.764,1,113.43,38.209,-33.746,0.6781,2.4908,0.12546,0,0,0.017126
41.77,1,113.42,38.21,-33.75,0.67005,2.4552,0.12545,0,0,0.016919
41.776,1,113.45,38.21,-33.749,0.66341,2.4222,0.12545,0,0,0.016935
41.781,1,113.51,38.21,-33.746,0.65769,2.3941,0.12547,0,0,0.017079
41.787,1,113.58,38.21,-33.74,0.65335,2.3711,0.1255,0,0,0.017295
41.793,1,113.64,38.21,-33.734,0.65082,2.3547,0.12553,0,0,0.017536
41.799,1,113.7,38.209,-33.728,0.64965,2.3431,0.12556,0,0,0.017782
41.805,1,113.76,38.209,-33.723,0.64955,2.3347,0.12558,0,0,0.018127
41.811,1,113.85,38.208,-33.716,0.65103,2.3103,0.12561,0,0,0.018621
41.818,1,113.93,38.207,-33.708,0.65403,2.2995,0.12565,0,0,0.019115
41.824,1,114,38.206,-33.7,0.6586,2.2905,0.12568,0,0,0.019623
41.83,1,114.06,38.206,-33.694,0.66468,2.2853,0.12571,0,0,0.020157
41.836,1,114.12,38.205,-33.688,0.67224,2.2772,0.12573,0,0,0.020724
41.842,1,114.18,38.204,-33.682,0.67941,2.2692,0.12576,0,0,0.021295
41.848,1,114.25,38.203,-33.676,0.68616,2.2603,0.12578,0,0,0.021873
41.854,1,114.32,38.203,-33.669,0.69252,2.2528,0.12581,0,0,0.022437
41.861,1,114.38,38.202,-33.663,0.6985,2.2463,0.12584,0,0,0.022984
41.867,1,114.45,38.201,-33.656,0.7041,2.24,0.12587,0,0,0.023523
41.873,1,114.51,38.201,-33.65,0.70935,2.2351,0.1259,0,0,0.024033
41.88,1,114.57,38.2,-33.644,0.71427,2.2318,0.12592,0,0,0.024505
41.886,1,114.62,38.199,-33.638,0.7189,2.2307,0.12595,0,0,0.024895
41.892,1,114.65,38.199,-33.634,0.72329,2.2348,0.12597,0,0,0.025149
41.899,1,114.66,38.198,-33.632,0.72748,2.2406,0.12598,0,0,0.02535
41.905,1,114.67,38.198,-33.63,0.73149,2.2438,0.12598,0,0,0.025521
41.911,1,114.67,38.198,-33.629,0.73532,2.247,0.12598,0,0,0.025661
41.917,1,114.67,38.197,-33.628,0.73899,2.2499,0.12599,0,0,0.025777
41.924,1,114.67,38.197,-33.628,0.74253,2.2528,0.12599,0,0,0.025883
41.93,1,114.68,38.198,-33.628,0.74594,2.2526,0.12599,0,0,0.026056
41.936,1,114.7,38.198,-33.627,0.74919,2.2456,0.12599,0,0,0.026372
41.942,1,114.75,38.198,-33.624,0.75225,2.2373,0.12601,0,0,0.02673
41.948,1,114.79,38.198,-33.62,0.75515,2.2312,0.12603,0,0,0.027097
41.954,1,114.83,38.198,-33.616,0.7579,2.2267,0.12605,0,0,0.027424
41.96,1,114.87,38.198,-33.612,0.76052,2.2251,0.12607,0,0,0.02771
41.966,1,114.9,38.198,-33.609,0.76302,2.2249,0.12608,0,0,0.027958
41.972,1,114.93,38.198,-33.606,0.76544,2.2246,0.1261,0,0,0.028196
41.978,1,114.96,38.198,-33.603,0.76778,2.2225,0.12611,0,0,0.028458
41.984,1,115.01,38.198,-33.599,0.76977,2.216,0.12614,0,0,0.028791
41.99,1,115.09,38.198,-33.592,0.77146,2.1988,0.12617,0,0,0.029357
41.996,1,115.08,38.198,-33.589,0.77032,2.2326,0.12618,0,0,0.028969
42.002,1,114.89,38.199,-33.603,0.76577,2.3071,0.1261,0,0,0.027564
42.007,1,114.71,38.2,-33.62,0.75941,2.3421,0.12602,0,0,0.026267
42.013,1,114.5,38.201,-33.638,0.75115,2.3828,0.12594,0,0,0.024807
42.018,1,114.34,38.202,-33.655,0.74201,2.401,0.12586,0,0,0.023595
42.024,1,114.21,38.203,-33.669,0.73251,2.4066,0.1258,0,0,0.022657
42.029,1,114.13,38.204,-33.68,0.7231,2.4089,0.12576,0,0,0.021963
42.034,1,114.04,38.205,-33.69,0.7138,2.4145,0.12572,0,0,0.021238
42.039,1,113.9,38.206,-33.702,0.70415,2.4397,0.12566,0,0,0.020264
42.045,1,113.62,38.207,-33.726,0.69348,2.5184,0.12555,0,0,0.018451
42.05,1,113.47,38.209,-33.743,0.68365,2.5064,0.12548,0,0,0.017472
42.056,1,113.43,38.21,-33.749,0.67471,2.4714,0.12545,0,0,0.017047
42.061,1,113.44,38.211,-33.75,0.66694,2.436,0.12545,0,0,0.016948
42.067,1,113.49,38.211,-33.746,0.66043,2.4078,0.12547,0,0,0.017016
42.073,1,113.55,38.211,-33.741,0.65556,2.3817,0.1255,0,0,0.017207
42.079,1,113.62,38.21,-33.735,0.65177,2.3625,0.12553,0,0,0.017438
42.085,1,113.68,38.21,-33.729,0.64941,2.3481,0.12556,0,0,0.017691
42.091,1,113.74,38.209,-33.723,0.6484,2.3387,0.12558,0,0,0.017934
42.097,1,113.82,38.208,-33.714,0.64913,2.3158,0.12562,0,0,0.018317
42.103,1,113.91,38.207,-33.705,0.65136,2.3018,0.12566,0,0,0.01879
42.109,1,113.99,38.206,-33.697,0.65521,2.2918,0.1257,0,0,0.019273
42.115,1,114.06,38.205,-33.689,0.66084,2.2859,0.12573,0,0,0.019763
42.121,1,114.12,38.204,-33.682,0.6685,2.2787,0.12575,0,0,0.020289
42.128,1,114.18,38.203,-33.676,0.6758,2.2709,0.12578,0,0,0.020823
42.134,1,114.25,38.202,-33.669,0.6827,2.2622,0.12581,0,0,0.021367
42.14,1,114.31,38.201,-33.662,0.6892,2.2543,0.12584,0,0,0.021921
42.146,1,114.38,38.2,-33.655,0.69533,2.2477,0.12587,0,0,0.022468
42.152,1,114.44,38.199,-33.648,0.70108,2.2415,0.1259,0,0,0.023007
42.159,1,114.5,38.199,-33.642,0.70648,2.2363,0.12592,0,0,0.023543
42.165,1,114.56,38.198,-33.636,0.71156,2.2325,0.12595,0,0,0.024052
42.171,1,114.62,38.197,-33.631,0.71634,2.2305,0.12597,0,0,0.024522
42.178,1,114.65,38.196,-33.628,0.72089,2.2345,0.12598,0,0,0.024915
42.184,1,114.66,38.196,-33.627,0.72524,2.2411,0.12599,0,0,0.025174
42.19,1,114.67,38.196,-33.626,0.7294,2.2444,0.12599,0,0,0.025387
42.197,1,114.67,38.195,-33.625,0.73338,2.2478,0.12599,0,0,0.025567
42.203,1,114.67,38.195,-33.625,0.73719,2.2509,0.12599,0,0,0.025717
42.209,1,114.67,38.195,-33.626,0.74087,2.2539,0.12599,0,0,0.025842
42.215,1,114.67,38.195,-33.626,0.74439,2.2549,0.12599,0,0,0.02596
42.222,1,114.69,38.196,-33.623,0.74771,2.2479,0.126,0,0,0.026148
42.228,1,114.73,38.196,-33.62,0.75085,2.2392,0.12602,0,0,0.026479
42.234,1,114.78,38.196,-33.616,0.75381,2.2325,0.12604,0,0,0.026853
42.24,1,114.82,38.196,-33.613,0.75664,2.2281,0.12605,0,0,0.02724
42.246,1,114.86,38.196,-33.61,0.75933,2.2267,0.12607,0,0,0.027592
42.252,1,114.89,38.196,-33.608,0.7619,2.2266,0.12608,0,0,0.027909
42.258,1,114.92,38.197,-33.606,0.76437,2.2264,0.12609,0,0,0.028201
42.264,1,114.95,38.197,-33.604,0.76671,2.2242,0.1261,0,0,0.028499
42.27,1,115,38.197,-33.601,0.7689,2.2184,0.12612,0,0,0.028854
42.276,1,115.07,38.197,-33.594,0.77034,2.204,0.12615,0,0,0.029383
42.281,1,115.07,38.197,-33.594,0.76967,2.2195,0.12615,0,0,0.029658
42.287,1,114.89,38.198,-33.61,0.76553,2.2958,0.12607,0,0,0.028511
42.293,1,114.72,38.199,-33.626,0.7595,2.3361,0.126,0,0,0.027207
42.299,1,114.52,38.2,-33.644,0.75148,2.3762,0.12591,0,0,0.025755
42.304,1,114.34,38.201,-33.661,0.74238,2.4005,0.12584,0,0,0.024386
42.309,1,114.21,38.202,-33.673,0.73281,2.4081,0.12578,0,0,0.023257
42.315,1,114.12,38.203,-33.681,0.72333,2.4094,0.12575,0,0,0.022335
42.32,1,114.04,38.204,-33.689,0.71413,2.4109,0.12572,0,0,0.021523
42.325,1,113.93,38.205,-33.699,0.70491,2.4292,0.12567,0,0,0.020623
42.33,1,113.66,38.206,-33.722,0.6947,2.5065,0.12556,0,0,0.018976
42.336,1,113.47,38.208,-33.743,0.68466,2.5162,0.12547,0,0,0.017736
42.341,1,113.42,38.209,-33.75,0.6758,2.4799,0.12544,0,0,0.017179
42.347,1,113.42,38.21,-33.751,0.66797,2.4447,0.12544,0,0,0.016977
42.353,1,113.47,38.21,-33.748,0.66144,2.4141,0.12546,0,0,0.016989
42.359,1,113.53,38.21,-33.743,0.65608,2.3871,0.12549,0,0,0.017133
42.365,1,113.59,38.21,-33.737,0.65231,2.3666,0.12552,0,0,0.017345
42.371,1,113.66,38.21,-33.731,0.64974,2.3515,0.12554,0,0,0.017584
42.377,1,113.72,38.209,-33.725,0.64852,2.3415,0.12557,0,0,0.017827
42.383,1,113.8,38.208,-33.719,0.64894,2.3224,0.1256,0,0,0.018242
42.389,1,113.89,38.207,-33.711,0.65092,2.304,0.12563,0,0,0.018733
42.395,1,113.97,38.206,-33.703,0.65441,2.2936,0.12567,0,0,0.019237
42.401,1,114.04,38.205,-33.696,0.65964,2.2866,0.1257,0,0,0.019747
42.407,1,114.11,38.205,-33.689,0.66673,2.2808,0.12573,0,0,0.020304
42.413,1,114.17,38.204,-33.683,0.67417,2.2726,0.12575,0,0,0.020876
42.419,1,114.24,38.203,-33.676,0.68124,2.2641,0.12578,0,0,0.021455
42.426,1,114.31,38.202,-33.67,0.68787,2.2554,0.12581,0,0,0.022034
42.432,1,114.38,38.202,-33.663,0.69409,2.2485,0.12584,0,0,0.022596
42.438,1,114.44,38.201,-33.657,0.69993,2.2426,0.12587,0,0,0.023145
42.445,1,114.5,38.2,-33.65,0.70541,2.2369,0.12589,0,0,0.023675
42.451,1,114.56,38.199,-33.644,0.71055,2.2327,0.12592,0,0,0.024176
42.457,1,114.61,38.199,-33.638,0.71539,2.2303,0.12595,0,0,0.024636
42.464,1,114.65,38.198,-33.633,0.71997,2.2331,0.12597,0,0,0.02497
42.47,1,114.66,38.197,-33.631,0.72435,2.24,0.12598,0,0,0.025187
42.476,1,114.67,38.197,-33.629,0.72853,2.2438,0.12598,0,0,0.025378
42.483,1,114.67,38.197,-33.628,0.73253,2.2472,0.12598,0,0,0.025535
42.489,1,114.67,38.197,-33.627,0.73635,2.2504,0.12599,0,0,0.025665
42.495,1,114.67,38.196,-33.627,0.74006,2.2534,0.12599,0,0,0.02577
42.501,1,114.67,38.196,-33.627,0.74362,2.2551,0.12599,0,0,0.025881
42.507,1,114.68,38.197,-33.627,0.747,2.2511,0.12599,0,0,0.026117
42.514,1,114.72,38.197,-33.624,0.75019,2.2416,0.126,0,0,0.026455
42.52,1,114.76,38.197,-33.62,0.75321,2.2349,0.12602,0,0,0.026821
42.526,1,114.81,38.197,-33.616,0.75607,2.2291,0.12604,0,0,0.027173
42.532,1,114.84,38.197,-33.613,0.7588,2.2275,0.12606,0,0,0.027478
42.538,1,114.88,38.197,-33.609,0.76141,2.2274,0.12608,0,0,0.027739
42.544,1,114.91,38.197,-33.607,0.76391,2.2278,0.12609,0,0,0.027969
42.55,1,114.93,38.197,-33.604,0.7663,2.2269,0.1261,0,0,0.028197
42.555,1,114.97,38.198,-33.601,0.76857,2.2234,0.12612,0,0,0.028466
42.561,1,115.02,38.198,-33.596,0.7701,2.2135,0.12614,0,0,0.028824
42.567,1,115.08,38.198,-33.588,0.76998,2.2079,0.12618,0,0,0.02919
42.573,1,114.97,38.198,-33.596,0.76641,2.2597,0.12614,0,0,0.028477
42.579,1,114.79,38.199,-33.613,0.76077,2.3208,0.12606,0,0,0.027124
42.585,1,114.6,38.199,-33.63,0.75332,2.3574,0.12598,0,0,0.025756
42.59,1,114.42,38.201,-33.648,0.74436,2.3912,0.12589,0,0,0.024357
42.596,1,114.27,38.202,-33.663,0.7348,2.405,0.12583,0,0,0.023212
42.601,1,114.17,38.203,-33.675,0.72525,2.4068,0.12578,0,0,0.022363
42.606,1,114.09,38.204,-33.685,0.71607,2.4079,0.12573,0,0,0.021722
42.611,1,113.99,38.205,-33.695,0.70708,2.4214,0.12569,0,0,0.020953
42.617,1,113.82,38.206,-33.713,0.69795,2.4584,0.12561,0,0,0.019872
42.622,1,113.55,38.208,-33.736,0.6877,2.5208,0.1255,0,0,0.018122
42.627,1,113.44,38.209,-33.747,0.67868,2.499,0.12546,0,0,0.017265
42.633,1,113.42,38.21,-33.75,0.67055,2.462,0.12545,0,0,0.016918
42.639,1,113.45,38.21,-33.748,0.66376,2.4276,0.12546,0,0,0.016878
42.645,1,113.5,38.21,-33.743,0.65804,2.3983,0.12549,0,0,0.016994
42.651,1,113.57,38.21,-33.737,0.65373,2.3735,0.12552,0,0,0.017219
42.656,1,113.64,38.21,-33.731,0.65063,2.3557,0.12555,0,0,0.017477
42.663,1,113.7,38.209,-33.725,0.64899,2.3432,0.12557,0,0,0.017746
42.669,1,113.76,38.208,-33.719,0.64908,2.3354,0.1256,0,0,0.018
42.675,1,113.85,38.207,-33.71,0.65066,2.3094,0.12564,0,0,0.018432
42.681,1,113.93,38.206,-33.702,0.65376,2.2993,0.12567,0,0,0.018902
42.687,1,114,38.205,-33.694,0.65826,2.2901,0.1257,0,0,0.019389
42.693,1,114.07,38.204,-33.688,0.66425,2.2852,0.12573,0,0,0.019876
42.699,1,114.13,38.203,-33.681,0.67186,2.2777,0.12576,0,0,0.020402
42.705,1,114.19,38.202,-33.675,0.67908,2.2703,0.12578,0,0,0.020924
42.711,1,114.25,38.202,-33.668,0.68588,2.2616,0.12581,0,0,0.021461
42.718,1,114.32,38.201,-33.662,0.69228,2.2542,0.12584,0,0,0.022005
42.724,1,114.38,38.2,-33.655,0.69829,2.2475,0.12587,0,0,0.022546
42.73,1,114.45,38.199,-33.649,0.70394,2.241,0.1259,0,0,0.023081
42.736,1,114.51,38.199,-33.643,0.70923,2.2359,0.12592,0,0,0.023613
42.743,1,114.57,38.198,-33.637,0.71418,2.2325,0.12595,0,0,0.024119
42.749,1,114.62,38.197,-33.632,0.71885,2.2308,0.12597,0,0,0.024583
42.755,1,114.65,38.197,-33.629,0.72325,2.2353,0.12598,0,0,0.024964
42.762,1,114.66,38.196,-33.628,0.72745,2.241,0.12598,0,0,0.025214
42.768,1,114.67,38.196,-33.627,0.73145,2.2441,0.12599,0,0,0.025428
42.774,1,114.67,38.196,-33.626,0.73529,2.2473,0.12599,0,0,0.025608
42.781,1,114.67,38.196,-33.626,0.73897,2.2502,0.12599,0,0,0.025759
42.787,1,114.67,38.196,-33.626,0.74252,2.2529,0.12599,0,0,0.025885
42.793,1,114.68,38.196,-33.626,0.74595,2.253,0.12599,0,0,0.026006
42.799,1,114.71,38.196,-33.623,0.74919,2.2444,0.126,0,0,0.026209
42.805,1,114.75,38.196,-33.619,0.75226,2.2361,0.12602,0,0,0.026557
42.811,1,114.8,38.196,-33.615,0.75516,2.2298,0.12604,0,0,0.026941
42.817,1,114.84,38.197,-33.612,0.75791,2.2255,0.12606,0,0,0.027337
42.823,1,114.88,38.197,-33.608,0.76053,2.2235,0.12608,0,0,0.027694
42.829,1,114.91,38.197,-33.606,0.76303,2.2227,0.12609,0,0,0.028023
42.835,1,114.94,38.197,-33.603,0.76542,2.2214,0.12611,0,0,0.028331
42.841,1,114.98,38.197,-33.6,0.76767,2.2184,0.12612,0,0,0.028658
42.847,1,115.04,38.197,-33.594,0.76974,2.2111,0.12615,0,0,0.029063
42.853,1,115.14,38.197,-33.588,0.77087,2.1956,0.12618,0,0,0.029732
42.859,1,115.02,38.198,-33.599,0.76896,2.2538,0.12613,0,0,0.029667
42.865,1,114.83,38.198,-33.616,0.76442,2.3155,0.12605,0,0,0.028372
42.87,1,114.63,38.199,-33.634,0.75786,2.3546,0.12597,0,0,0.027087
42.876,1,114.44,38.201,-33.652,0.74961,2.3896,0.12588,0,0,0.025616
42.881,1,114.28,38.202,-33.666,0.74055,2.4048,0.12581,0,0,0.024301
42.887,1,114.17,38.203,-33.678,0.73114,2.4087,0.12576,0,0,0.023201
42.892,1,114.09,38.204,-33.688,0.72168,2.4141,0.12572,0,0,0.022257
42.897,1,113.99,38.205,-33.698,0.71217,2.4217,0.12567,0,0,0.021412
42.903,1,113.82,38.207,-33.72,0.70155,2.4617,0.12558,0,0,0.020174
42.908,1,113.55,38.208,-33.741,0.69104,2.5198,0.12548,0,0,0.018616
42.913,1,113.44,38.209,-33.749,0.68136,2.4974,0.12545,0,0,0.017627
42.919,1,113.42,38.21,-33.751,0.67244,2.461,0.12545,0,0,0.017186
42.925,1,113.45,38.211,-33.749,0.66482,2.4265,0.12546,0,0,0.017065
42.93,1,113.51,38.211,-33.744,0.6586,2.3978,0.12549,0,0,0.017123
42.936,1,113.58,38.211,-33.738,0.65404,2.3732,0.12552,0,0,0.017302
42.942,1,113.65,38.21,-33.731,0.65121,2.3556,0.12555,0,0,0.017529
42.948,1,113.71,38.209,-33.725,0.64867,2.3427,0.12557,0,0,0.017776
42.954,1,113.77,38.209,-33.719,0.64749,2.3351,0.1256,0,0,0.018017
42.96,1,113.86,38.208,-33.71,0.64851,2.3094,0.12564,0,0,0.018491
42.967,1,113.94,38.207,-33.702,0.65124,2.2986,0.12568,0,0,0.018965
42.973,1,114.02,38.206,-33.694,0.65575,2.2889,0.12571,0,0,0.019465
42.979,1,114.09,38.205,-33.687,0.66227,2.2839,0.12574,0,0,0.019959
42.985,1,114.15,38.204,-33.68,0.66991,2.2762,0.12576,0,0,0.020523
42.991,1,114.22,38.203,-33.674,0.67716,2.2685,0.12579,0,0,0.021078
42.997,1,114.28,38.202,-33.667,0.68398,2.2596,0.12582,0,0,0.021649
43.004,1,114.35,38.201,-33.66,0.69041,2.2521,0.12584,0,0,0.022214
43.01,1,114.41,38.2,-33.654,0.69647,2.2457,0.12587,0,0,0.022765
43.016,1,114.48,38.2,-33.647,0.70216,2.2395,0.1259,0,0,0.023312
43.022,1,114.54,38.199,-33.641,0.70751,2.2348,0.12593,0,0,0.023835
43.029,1,114.59,38.198,-33.636,0.71254,2.2316,0.12595,0,0,0.024321
43.035,1,114.64,38.197,-33.631,0.7173,2.2307,0.12597,0,0,0.024765
43.041,1,114.66,38.197,-33.629,0.72185,2.237,0.12598,0,0,0.025053
43.048,1,114.67,38.196,-33.627,0.72619,2.2422,0.12599,0,0,0.025269
43.054,1,114.68,38.196,-33.627,0.73034,2.2456,0.12599,0,0,0.025454
43.06,1,114.68,38.196,-33.626,0.73431,2.249,0.12599,0,0,0.025606
43.067,1,114.68,38.196,-33.626,0.73813,2.2522,0.12599,0,0,0.025732
43.073,1,114.68,38.196,-33.626,0.74179,2.255,0.12599,0,0,0.025838
43.079,1,114.68,38.196,-33.626,0.74527,2.2538,0.12599,0,0,0.02597
43.085,1,114.71,38.196,-33.623,0.74854,2.2444,0.126,0,0,0.026288
43.091,1,114.75,38.196,-33.619,0.75164,2.2367,0.12602,0,0,0.026651
43.097,1,114.8,38.196,-33.615,0.75457,2.2309,0.12604,0,0,0.02704
43.103,1,114.84,38.196,-33.612,0.75738,2.2279,0.12606,0,0,0.027392
43.109,1,114.87,38.197,-33.609,0.76006,2.2268,0.12607,0,0,0.027708
43.115,1,114.9,38.197,-33.607,0.76261,2.227,0.12608,0,0,0.027987
43.121,1,114.93,38.197,-33.605,0.76502,2.2267,0.12609,0,0,0.028261
43.127,1,114.97,38.197,-33.603,0.7673,2.2245,0.12611,0,0,0.028566
43.133,1,115.01,38.197,-33.599,0.76875,2.2173,0.12613,0,0,0.028991
43.139,1,115.11,38.197,-33.591,0.76964,2.2004,0.12617,0,0,0.029535
43.145,1,115.03,38.197,-33.597,0.76781,2.246,0.12614,0,0,0.028906
43.151,1,114.83,38.198,-33.614,0.76307,2.3144,0.12606,0,0,0.027528
43.156,1,114.65,38.199,-33.63,0.75647,2.3487,0.12598,0,0,0.026172
43.162,1,114.46,38.2,-33.648,0.74811,2.3863,0.12589,0,0,0.024733
43.167,1,114.3,38.201,-33.663,0.73898,2.4028,0.12583,0,0,0.023539
43.173,1,114.19,38.202,-33.674,0.72956,2.4074,0.12578,0,0,0.022587
43.178,1,114.11,38.203,-33.682,0.72036,2.408,0.12573,0,0,0.021826
43.183,1,114.02,38.204,-33.691,0.71126,2.4136,0.12569,0,0,0.021036
43.188,1,113.88,38.205,-33.705,0.70139,2.4443,0.1256,0,0,0.019778
43.194,1,113.59,38.207,-33.731,0.69101,2.5204,0.1255,0,0,0.01818
43.199,1,113.46,38.208,-33.745,0.68164,2.5036,0.12546,0,0,0.017361
43.205,1,113.42,38.209,-33.749,0.67313,2.4679,0.12545,0,0,0.017013
43.21,1,113.44,38.21,-33.748,0.66599,2.433,0.12546,0,0,0.016952
43.216,1,113.49,38.21,-33.745,0.65989,2.4038,0.12548,0,0,0.017045
43.222,1,113.56,38.21,-33.739,0.65513,2.3781,0.1255,0,0,0.017242
43.228,1,113.63,38.209,-33.733,0.6515,2.3598,0.12553,0,0,0.017476
43.234,1,113.69,38.209,-33.727,0.64929,2.3462,0.12556,0,0,0.017725
43.24,1,113.75,38.208,-33.722,0.64845,2.3379,0.12558,0,0,0.017997
43.246,1,113.82,38.207,-33.714,0.64918,2.3185,0.12562,0,0,0.018411
43.252,1,113.91,38.206,-33.706,0.65167,2.3026,0.12565,0,0,0.018894
43.258,1,113.98,38.206,-33.699,0.6559,2.2928,0.12568,0,0,0.019387
43.264,1,114.05,38.205,-33.692,0.6617,2.2866,0.12571,0,0,0.019893
43.271,1,114.11,38.204,-33.686,0.66939,2.2802,0.12574,0,0,0.020436
43.277,1,114.17,38.203,-33.68,0.67665,2.2724,0.12576,0,0,0.020991
43.283,1,114.23,38.202,-33.674,0.68353,2.264,0.12579,0,0,0.021554
43.289,1,114.3,38.202,-33.667,0.68999,2.2558,0.12582,0,0,0.022118
43.295,1,114.36,38.201,-33.661,0.69609,2.249,0.12585,0,0,0.022667
43.302,1,114.43,38.2,-33.654,0.70182,2.2429,0.12587,0,0,0.023208
43.308,1,114.49,38.2,-33.648,0.70721,2.2372,0.1259,0,0,0.023734
43.314,1,114.55,38.199,-33.642,0.71228,2.2331,0.12593,0,0,0.024229
43.321,1,114.6,38.198,-33.637,0.71706,2.2309,0.12595,0,0,0.024673
43.327,1,114.64,38.198,-33.632,0.72162,2.2329,0.12597,0,0,0.025014
43.333,1,114.66,38.197,-33.63,0.72598,2.2395,0.12598,0,0,0.025251
43.34,1,114.67,38.197,-33.629,0.73014,2.2432,0.12598,0,0,0.025444
43.346,1,114.68,38.197,-33.628,0.73408,2.2466,0.12599,0,0,0.025606
43.352,1,114.68,38.197,-33.627,0.73785,2.2497,0.12599,0,0,0.02574
43.358,1,114.67,38.197,-33.627,0.74146,2.2526,0.12599,0,0,0.025851
43.365,1,114.67,38.197,-33.627,0.74494,2.2543,0.12599,0,0,0.025973
43.371,1,114.69,38.197,-33.626,0.74825,2.2497,0.12599,0,0,0.026207
43.377,1,114.73,38.197,-33.623,0.75139,2.24,0.12601,0,0,0.026553
43.383,1,114.77,38.197,-33.619,0.75436,2.2329,0.12603,0,0,0.026927
43.389,1,114.82,38.197,-33.615,0.75718,2.228,0.12605,0,0,0.027292
43.395,1,114.86,38.197,-33.611,0.75986,2.2261,0.12607,0,0,0.027616
43.401,1,114.89,38.197,-33.608,0.76242,2.2255,0.12608,0,0,0.027902
43.407,1,114.92,38.198,-33.605,0.76486,2.2255,0.1261,0,0,0.028165
43.413,1,114.96,38.198,-33.602,0.7672,2.2232,0.12611,0,0,0.028438
43.419,1,115,38.198,-33.599,0.76925,2.2183,0.12613,0,0,0.028765
43.425,1,115.07,38.198,-33.592,0.77058,2.2038,0.12617,0,0,0.029296
43.431,1,115.1,38.198,-33.589,0.77042,2.2126,0.12616,0,0,0.029373
43.436,1,114.95,38.198,-33.604,0.76697,2.2847,0.12607,0,0,0.028154
43.442,1,114.77,38.199,-33.62,0.7614,2.3282,0.126,0,0,0.026857
43.448,1,114.57,38.2,-33.639,0.75383,2.369,0.12591,0,0,0.025407
43.453,1,114.39,38.201,-33.655,0.74503,2.3957,0.12584,0,0,0.024094
43.459,1,114.25,38.203,-33.669,0.73561,2.4062,0.12579,0,0,0.023032
43.464,1,114.14,38.204,-33.68,0.72615,2.4088,0.12575,0,0,0.022212
43.469,1,114.05,38.205,-33.69,0.71677,2.4127,0.12572,0,0,0.021393
43.474,1,113.93,38.206,-33.701,0.70736,2.4296,0.12566,0,0,0.020511
43.48,1,113.67,38.207,-33.726,0.69704,2.5034,0.12554,0,0,0.018843
43.485,1,113.49,38.209,-33.743,0.68697,2.5161,0.12547,0,0,0.017668
43.49,1,113.43,38.21,-33.749,0.67786,2.4813,0.12545,0,0,0.017145
43.496,1,113.43,38.211,-33.75,0.66965,2.4459,0.12545,0,0,0.016973
43.502,1,113.47,38.211,-33.747,0.6627,2.4154,0.12547,0,0,0.016997
43.508,1,113.53,38.211,-33.742,0.65692,2.3884,0.1255,0,0,0.017152
43.514,1,113.6,38.21,-33.736,0.65276,2.368,0.12553,0,0,0.017367
43.52,1,113.66,38.21,-33.73,0.64997,2.3529,0.12555,0,0,0.017609
43.526,1,113.72,38.209,-33.724,0.64864,2.3423,0.12558,0,0,0.01785
43.532,1,113.79,38.208,-33.716,0.64864,2.325,0.12561,0,0,0.018183
43.538,1,113.88,38.207,-33.707,0.6503,2.3059,0.12565,0,0,0.01867
43.544,1,113.96,38.206,-33.699,0.65345,2.2953,0.12568,0,0,0.019156
43.55,1,114.04,38.205,-33.691,0.65833,2.2874,0.12571,0,0,0.019657
43.556,1,114.1,38.204,-33.685,0.66527,2.2812,0.12574,0,0,0.020182
43.562,1,114.16,38.203,-33.678,0.67275,2.2728,0.12577,0,0,0.020738
43.568,1,114.23,38.202,-33.671,0.67983,2.2643,0.1258,0,0,0.021298
43.575,1,114.3,38.202,-33.664,0.68653,2.2559,0.12582,0,0,0.021869
43.581,1,114.37,38.201,-33.657,0.69287,2.249,0.12585,0,0,0.02243
43.587,1,114.43,38.2,-33.651,0.69882,2.243,0.12588,0,0,0.022975
43.593,1,114.5,38.199,-33.644,0.70441,2.2373,0.12591,0,0,0.023516
43.6,1,114.56,38.198,-33.639,0.70965,2.2331,0.12594,0,0,0.024029
43.606,1,114.61,38.198,-33.633,0.71458,2.2306,0.12596,0,0,0.024503
43.612,1,114.65,38.197,-33.63,0.71924,2.2318,0.12598,0,0,0.024904
43.619,1,114.66,38.197,-33.628,0.72369,2.2387,0.12598,0,0,0.025163
43.625,1,114.67,38.196,-33.627,0.72794,2.2431,0.12599,0,0,0.02537
43.631,1,114.68,38.196,-33.626,0.732,2.2467,0.12599,0,0,0.025545
43.638,1,114.68,38.196,-33.626,0.73589,2.2499,0.12599,0,0,0.025691
43.644,1,114.67,38.196,-33.626,0.73963,2.253,0.12599,0,0,0.02581
43.65,1,114.67,38.196,-33.626,0.74322,2.255,0.12599,0,0,0.025917
43.656,1,114.69,38.196,-33.625,0.74664,2.252,0.12599,0,0,0.026081
43.662,1,114.72,38.196,-33.622,0.74986,2.2419,0.12601,0,0,0.026414
43.669,1,114.77,38.196,-33.618,0.75292,2.235,0.12603,0,0,0.02678
43.675,1,114.81,38.196,-33.614,0.75581,2.2292,0.12605,0,0,0.027165
43.681,1,114.85,38.197,-33.611,0.75857,2.2273,0.12606,0,0,0.027503
43.687,1,114.88,38.197,-33.609,0.76121,2.2266,0.12607,0,0,0.027807
43.693,1,114.91,38.197,-33.607,0.76374,2.227,0.12608,0,0,0.028073
43.698,1,114.94,38.197,-33.606,0.76615,2.2261,0.12609,0,0,0.028337
43.704,1,114.97,38.198,-33.603,0.76844,2.2227,0.12611,0,0,0.028636
43.71,1,115.03,38.198,-33.599,0.76996,2.213,0.12613,0,0,0.029042
43.716,1,115.1,38.198,-33.594,0.7702,2.2019,0.12616,0,0,0.029541
43.722,1,114.99,38.198,-33.603,0.76766,2.2634,0.12611,0,0,0.028848
43.728,1,114.8,38.199,-33.62,0.76249,2.3206,0.12603,0,0,0.027477
43.734,1,114.61,38.2,-33.637,0.75522,2.3601,0.12595,0,0,0.026099
43.739,1,114.42,38.201,-33.654,0.7463,2.3926,0.12587,0,0,0.024665
43.745,1,114.27,38.202,-33.668,0.73674,2.4058,0.12581,0,0,0.023476
43.75,1,114.17,38.203,-33.678,0.72707,2.4074,0.12577,0,0,0.022538
43.755,1,114.08,38.204,-33.685,0.71758,2.4097,0.12573,0,0,0.021741
43.76,1,113.97,38.205,-33.694,0.70827,2.4235,0.12568,0,0,0.020957
43.766,1,113.78,38.206,-33.711,0.69843,2.47,0.12559,0,0,0.019696
43.771,1,113.54,38.207,-33.736,0.68812,2.5205,0.12549,0,0,0.018126
43.776,1,113.44,38.209,-33.747,0.67901,2.4928,0.12545,0,0,0.017334
43.782,1,113.42,38.21,-33.751,0.6707,2.4569,0.12544,0,0,0.017009
43.788,1,113.45,38.21,-33.749,0.66363,2.4238,0.12546,0,0,0.016956
43.793,1,113.5,38.21,-33.745,0.65798,2.3954,0.12548,0,0,0.017057
43.799,1,113.57,38.21,-33.739,0.65351,2.3719,0.12551,0,0,0.017257
43.805,1,113.64,38.21,-33.733,0.6505,2.3551,0.12554,0,0,0.017492
43.811,1,113.7,38.209,-33.727,0.64901,2.3433,0.12556,0,0,0.01774
43.818,1,113.76,38.208,-33.722,0.64871,2.3349,0.12559,0,0,0.018033
43.824,1,113.85,38.208,-33.713,0.65043,2.3097,0.12562,0,0,0.01848
43.83,1,113.93,38.207,-33.706,0.65318,2.2991,0.12566,0,0,0.018963
43.836,1,114,38.206,-33.698,0.65763,2.2899,0.12569,0,0,0.01946
43.842,1,114.06,38.205,-33.692,0.66407,2.285,0.12571,0,0,0.019971
43.848,1,114.13,38.204,-33.686,0.67159,2.2771,0.12574,0,0,0.020522
43.854,1,114.19,38.204,-33.68,0.67869,2.2693,0.12577,0,0,0.021072
43.86,1,114.25,38.203,-33.673,0.68538,2.2605,0.12579,0,0,0.021633
43.867,1,114.32,38.202,-33.667,0.69175,2.2531,0.12582,0,0,0.02219
43.873,1,114.38,38.201,-33.66,0.69773,2.2466,0.12585,0,0,0.022736
43.879,1,114.45,38.201,-33.654,0.70332,2.2401,0.12588,0,0,0.023272
43.885,1,114.51,38.2,-33.648,0.70857,2.2352,0.12591,0,0,0.023792
43.892,1,114.57,38.199,-33.642,0.7135,2.232,0.12593,0,0,0.02428
43.898,1,114.62,38.199,-33.636,0.71815,2.2307,0.12595,0,0,0.024707
43.904,1,114.65,38.198,-33.633,0.72259,2.2356,0.12597,0,0,0.025022
43.911,1,114.66,38.198,-33.63,0.72683,2.2412,0.12598,0,0,0.025246
43.917,1,114.67,38.197,-33.629,0.73088,2.2445,0.12598,0,0,0.025436
43.923,1,114.67,38.197,-33.628,0.73477,2.2477,0.12599,0,0,0.025593
43.93,1,114.67,38.197,-33.627,0.73849,2.2508,0.12599,0,0,0.025724
43.936,1,114.67,38.197,-33.627,0.74206,2.2536,0.12599,0,0,0.025837
43.942,1,114.67,38.197,-33.627,0.7455,2.2534,0.12599,0,0,0.025983
43.948,1,114.7,38.197,-33.626,0.74876,2.2445,0.126,0,0,0.026246
43.954,1,114.75,38.197,-33.622,0.75185,2.2365,0.12601,0,0,0.026599
43.96,1,114.79,38.197,-33.618,0.75477,2.2308,0.12603,0,0,0.026975
43.966,1,114.83,38.197,-33.614,0.75754,2.2267,0.12605,0,0,0.027333
43.972,1,114.87,38.197,-33.61,0.76019,2.2245,0.12607,0,0,0.027651
43.978,1,114.9,38.197,-33.607,0.76273,2.2238,0.12609,0,0,0.027933
43.984,1,114.93,38.198,-33.604,0.76514,2.223,0.1261,0,0,0.028199
43.99,1,114.97,38.198,-33.601,0.76742,2.2211,0.12612,0,0,0.028484
43.996,1,115.01,38.198,-33.596,0.76946,2.2151,0.12614,0,0,0.028842
44.002,1,115.09,38.198,-33.588,0.77074,2.1992,0.12618,0,0,0.02939
44.008,1,115.04,38.198,-33.592,0.76899,2.2447,0.12615,0,0,0.029238
44.014,1,114.84,38.198,-33.608,0.76445,2.3134,0.12606,0,0,0.027908
44.019,1,114.66,38.199,-33.624,0.75792,2.349,0.12598,0,0,0.0266
44.025,1,114.46,38.2,-33.643,0.74966,2.3865,0.1259,0,0,0.025148
44.03,1,114.3,38.202,-33.659,0.74058,2.4027,0.12583,0,0,0.023877
44.036,1,114.19,38.203,-33.672,0.73115,2.4077,0.12578,0,0,0.022864
44.041,1,114.12,38.204,-33.683,0.72164,2.4129,0.12574,0,0,0.022061
44.046,1,114.03,38.205,-33.693,0.71223,2.4161,0.1257,0,0,0.021284
44.052,1,113.89,38.206,-33.71,0.70184,2.4394,0.12563,0,0,0.020308
44.057,1,113.6,38.208,-33.733,0.69135,2.519,0.12551,0,0,0.018566
44.062,1,113.46,38.209,-33.745,0.68171,2.5058,0.12546,0,0,0.017515
44.068,1,113.42,38.21,-33.749,0.67287,2.4696,0.12545,0,0,0.01706
44.073,1,113.44,38.211,-33.748,0.66555,2.4344,0.12546,0,0,0.016937
44.079,1,113.49,38.211,-33.744,0.65976,2.4052,0.12548,0,0,0.016996
44.085,1,113.55,38.211,-33.738,0.65535,2.3792,0.12551,0,0,0.017178
44.091,1,113.62,38.21,-33.732,0.65136,2.3608,0.12554,0,0,0.01741
44.097,1,113.69,38.209,-33.726,0.64867,2.3472,0.12557,0,0,0.017663
44.103,1,113.74,38.209,-33.72,0.64763,2.3387,0.12559,0,0,0.017911
44.109,1,113.84,38.208,-33.711,0.64884,2.3137,0.12563,0,0,0.018348
44.115,1,113.92,38.207,-33.703,0.65125,2.2998,0.12567,0,0,0.01883
44.122,1,114,38.206,-33.695,0.65557,2.2895,0.1257,0,0,0.019331
44.128,1,114.07,38.204,-33.688,0.66177,2.2836,0.12573,0,0,0.019831
44.134,1,114.14,38.204,-33.681,0.66946,2.2755,0.12576,0,0,0.020387
44.14,1,114.2,38.203,-33.674,0.67674,2.2675,0.12578,0,0,0.020939
44.146,1,114.27,38.202,-33.667,0.68361,2.2584,0.12581,0,0,0.021505
44.152,1,114.34,38.201,-33.66,0.69008,2.2508,0.12584,0,0,0.02207
44.159,1,114.41,38.2,-33.654,0.69617,2.2447,0.12587,0,0,0.022623
44.165,1,114.47,38.199,-33.647,0.70189,2.2387,0.1259,0,0,0.023168
44.171,1,114.54,38.199,-33.641,0.70727,2.2342,0.12592,0,0,0.023698
44.178,1,114.59,38.198,-33.635,0.71233,2.2313,0.12595,0,0,0.024198
44.184,1,114.64,38.197,-33.63,0.7171,2.2305,0.12597,0,0,0.024658
44.19,1,114.66,38.196,-33.628,0.72167,2.236,0.12598,0,0,0.024998
44.197,1,114.67,38.196,-33.627,0.72602,2.242,0.12599,0,0,0.025229
44.203,1,114.68,38.196,-33.626,0.73018,2.2457,0.12599,0,0,0.025426
44.209,1,114.68,38.196,-33.625,0.73416,2.2493,0.12599,0,0,0.025589
44.215,1,114.68,38.195,-33.625,0.73798,2.2525,0.12599,0,0,0.025725
44.222,1,114.68,38.195,-33.626,0.74165,2.2555,0.12599,0,0,0.025837
44.228,1,114.68,38.196,-33.626,0.74516,2.255,0.12599,0,0,0.025954
44.234,1,114.7,38.196,-33.623,0.74844,2.2468,0.126,0,0,0.026189
44.24,1,114.74,38.196,-33.619,0.75156,2.2389,0.12602,0,0,0.026532
44.246,1,114.79,38.196,-33.615,0.75449,2.2323,0.12604,0,0,0.026907
44.252,1,114.83,38.196,-33.612,0.75729,2.2293,0.12606,0,0,0.027274
44.258,1,114.86,38.196,-33.609,0.75996,2.2287,0.12607,0,0,0.027598
44.264,1,114.89,38.196,-33.607,0.76251,2.2295,0.12608,0,0,0.027885
44.27,1,114.92,38.197,-33.605,0.76495,2.2297,0.12609,0,0,0.028147
44.276,1,114.94,38.197,-33.603,0.76726,2.2281,0.12611,0,0,0.028419
44.282,1,114.98,38.197,-33.599,0.76898,2.222,0.12612,0,0,0.028751
44.288,1,115.06,38.197,-33.592,0.76979,2.2038,0.12616,0,0,0.02925
44.294,1,115.06,38.197,-33.595,0.7687,2.2229,0.12615,0,0,0.029414
44.3,1,114.88,38.198,-33.613,0.76433,2.2965,0.12606,0,0,0.028194
44.305,1,114.7,38.199,-33.628,0.758,2.3389,0.12599,0,0,0.026877
44.311,1,114.5,38.2,-33.647,0.74972,2.3783,0.1259,0,0,0.025413
44.316,1,114.34,38.201,-33.662,0.74044,2.4012,0.12583,0,0,0.02407
44.322,1,114.21,38.202,-33.673,0.73085,2.4079,0.12578,0,0,0.022981
44.327,1,114.12,38.203,-33.681,0.72155,2.4049,0.12575,0,0,0.022135
44.332,1,114.04,38.204,-33.689,0.71248,2.4069,0.12571,0,0,0.021395
44.337,1,113.92,38.205,-33.701,0.70338,2.4299,0.12566,0,0,0.020524
44.343,1,113.64,38.206,-33.729,0.69307,2.5141,0.12553,0,0,0.01894
44.348,1,113.48,38.208,-33.744,0.68338,2.5105,0.12547,0,0,0.017648
44.354,1,113.42,38.209,-33.749,0.67475,2.4763,0.12545,0,0,0.017089
44.359,1,113.42,38.21,-33.749,0.66725,2.4412,0.12545,0,0,0.016892
44.365,1,113.46,38.21,-33.746,0.66103,2.412,0.12547,0,0,0.016917
44.371,1,113.52,38.21,-33.74,0.65608,2.3853,0.1255,0,0,0.017071
44.377,1,113.59,38.21,-33.735,0.65241,2.3658,0.12553,0,0,0.017295
44.383,1,113.66,38.209,-33.729,0.65031,2.3512,0.12555,0,0,0.017543
44.389,1,113.72,38.208,-33.723,0.64939,2.3415,0.12558,0,0,0.017795
44.395,1,113.78,38.208,-33.717,0.64987,2.3258,0.12561,0,0,0.018169
44.401,1,113.87,38.207,-33.708,0.6519,2.3067,0.12564,0,0,0.018663
44.407,1,113.95,38.206,-33.701,0.65541,2.2965,0.12568,0,0,0.01916
44.413,1,114.02,38.205,-33.694,0.66055,2.289,0.1257,0,0,0.019667
44.419,1,114.08,38.204,-33.688,0.66732,2.2828,0.12573,0,0,0.020209
44.426,1,114.14,38.203,-33.681,0.67475,2.2746,0.12576,0,0,0.020768
44.432,1,114.2,38.203,-33.675,0.68179,2.2661,0.12578,0,0,0.021333
44.438,1,114.27,38.202,-33.668,0.68841,2.2574,0.12581,0,0,0.021903
44.444,1,114.34,38.201,-33.662,0.69464,2.2502,0.12584,0,0,0.022461
44.45,1,114.4,38.201,-33.656,0.70049,2.2441,0.12587,0,0,0.023008
44.457,1,114.47,38.2,-33.649,0.70597,2.2379,0.1259,0,0,0.023544
44.463,1,114.53,38.199,-33.643,0.7111,2.2335,0.12592,0,0,0.024053
44.469,1,114.58,38.198,-33.637,0.71593,2.231,0.12595,0,0,0.024524
44.476,1,114.63,38.198,-33.633,0.72046,2.2307,0.12597,0,0,0.024901
44.482,1,114.65,38.197,-33.63,0.72479,2.2372,0.12598,0,0,0.025156
44.488,1,114.66,38.197,-33.629,0.72894,2.2417,0.12598,0,0,0.02536
44.495,1,114.67,38.197,-33.628,0.7329,2.2451,0.12599,0,0,0.025533
44.501,1,114.67,38.196,-33.627,0.73671,2.2482,0.12599,0,0,0.025677
44.507,1,114.67,38.196,-33.627,0.74036,2.2512,0.12599,0,0,0.025796
44.514,1,114.67,38.196,-33.627,0.74388,2.2538,0.12599,0,0,0.025911
44.52,1,114.68,38.197,-33.627,0.74726,2.2524,0.12599,0,0,0.026112
44.526,1,114.71,38.197,-33.623,0.75046,2.2415,0.12601,0,0,0.026431
44.532,1,114.76,38.197,-33.62,0.75349,2.2344,0.12602,0,0,0.026799
44.538,1,114.8,38.197,-33.615,0.75634,2.2289,0.12605,0,0,0.027169
44.544,1,114.84,38.197,-33.612,0.75905,2.2256,0.12606,0,0,0.027505
44.55,1,114.88,38.197,-33.609,0.76163,2.2242,0.12608,0,0,0.027801
44.556,1,114.91,38.197,-33.606,0.7641,2.2243,0.12609,0,0,0.028069
44.562,1,114.95,38.198,-33.603,0.76646,2.2231,0.12611,0,0,0.028336
44.568,1,114.99,38.198,-33.6,0.76867,2.2197,0.12612,0,0,0.028646
44.574,1,115.05,38.198,-33.594,0.7707,2.2089,0.12615,0,0,0.029079
44.58,1,115.12,38.198,-33.588,0.77132,2.1982,0.12617,0,0,0.029502
44.585,1,115,38.198,-33.6,0.76852,2.262,0.12611,0,0,0.028676
44.591,1,114.81,38.199,-33.617,0.76345,2.3189,0.12603,0,0,0.027321
44.597,1,114.62,38.2,-33.635,0.75641,2.3585,0.12595,0,0,0.025911
44.602,1,114.43,38.201,-33.652,0.74769,2.3915,0.12587,0,0,0.024502
44.608,1,114.28,38.202,-33.667,0.73826,2.4057,0.12581,0,0,0.023344
44.613,1,114.16,38.203,-33.678,0.72866,2.4092,0.12576,0,0,0.022448
44.618,1,114.07,38.204,-33.689,0.71898,2.4121,0.12572,0,0,0.021665
44.624,1,113.96,38.205,-33.699,0.70952,2.4259,0.12567,0,0,0.020823
44.629,1,113.75,38.207,-33.72,0.6992,2.4778,0.12557,0,0,0.019504
44.634,1,113.52,38.208,-33.74,0.68866,2.5183,0.12548,0,0,0.017944
44.64,1,113.43,38.209,-33.748,0.67919,2.4893,0.12545,0,0,0.017235
44.645,1,113.43,38.21,-33.75,0.67058,2.4537,0.12545,0,0,0.01695
44.651,1,113.46,38.21,-33.747,0.66333,2.4207,0.12547,0,0,0.016938
44.657,1,113.52,38.21,-33.743,0.65736,2.3929,0.12549,0,0,0.017065
44.663,1,113.59,38.21,-33.737,0.65324,2.3702,0.12552,0,0,0.017285
44.669,1,113.66,38.21,-33.73,0.64995,2.3541,0.12555,0,0,0.017533
44.675,1,113.72,38.209,-33.725,0.6484,2.3428,0.12557,0,0,0.017789
44.681,1,113.78,38.208,-33.718,0.64783,2.3311,0.1256,0,0,0.018057
44.687,1,113.87,38.207,-33.709,0.64937,2.3071,0.12564,0,0,0.018553
44.693,1,113.95,38.206,-33.7,0.65225,2.2966,0.12568,0,0,0.019028
44.699,1,114.03,38.205,-33.693,0.65699,2.2878,0.12571,0,0,0.019527
44.705,1,114.09,38.204,-33.686,0.66364,2.2826,0.12573,0,0,0.020027
44.711,1,114.15,38.203,-33.679,0.67119,2.2743,0.12576,0,0,0.020576
44.718,1,114.22,38.202,-33.673,0.67836,2.2662,0.12579,0,0,0.02112
44.724,1,114.29,38.202,-33.666,0.6851,2.2573,0.12582,0,0,0.02168
44.73,1,114.35,38.201,-33.659,0.69146,2.2502,0.12585,0,0,0.022234
44.736,1,114.42,38.2,-33.652,0.69744,2.2442,0.12588,0,0,0.022778
44.743,1,114.48,38.199,-33.646,0.70306,2.2381,0.1259,0,0,0.023321
44.749,1,114.54,38.198,-33.64,0.70835,2.2339,0.12593,0,0,0.02384
44.755,1,114.6,38.198,-33.634,0.71337,2.2314,0.12595,0,0,0.024324
44.762,1,114.64,38.197,-33.63,0.71809,2.2314,0.12597,0,0,0.02476
44.768,1,114.66,38.197,-33.628,0.7226,2.2382,0.12598,0,0,0.025057
44.774,1,114.67,38.196,-33.627,0.72691,2.2429,0.12599,0,0,0.025276
44.781,1,114.68,38.196,-33.626,0.73103,2.2464,0.12599,0,0,0.025466
44.787,1,114.68,38.196,-33.626,0.73497,2.2497,0.12599,0,0,0.025624
44.793,1,114.68,38.196,-33.626,0.73875,2.2528,0.12599,0,0,0.025755
44.799,1,114.67,38.196,-33.626,0.74238,2.2553,0.12599,0,0,0.025868
44.805,1,114.68,38.196,-33.625,0.74585,2.2531,0.12599,0,0,0.026012
44.812,1,114.72,38.196,-33.622,0.74912,2.2433,0.12601,0,0,0.026315
44.818,1,114.76,38.196,-33.619,0.75221,2.2357,0.12602,0,0,0.02668
44.824,1,114.8,38.196,-33.615,0.75512,2.2297,0.12604,0,0,0.027072
44.83,1,114.84,38.197,-33.612,0.7579,2.2275,0.12606,0,0,0.027434
44.836,1,114.88,38.197,-33.609,0.76054,2.2269,0.12607,0,0,0.027762
44.842,1,114.91,38.197,-33.607,0.76307,2.2273,0.12608,0,0,0.028056
44.848,1,114.94,38.197,-33.606,0.76548,2.2266,0.12609,0,0,0.028347
44.854,1,114.98,38.197,-33.603,0.7678,2.2233,0.12611,0,0,0.028673
44.859,1,115.03,38.198,-33.599,0.76945,2.2126,0.12613,0,0,0.029123
44.865,1,115.11,38.198,-33.592,0.77007,2.2008,0.12616,0,0,0.029707
44.871,1,115,38.198,-33.598,0.76769,2.2541,0.12613,0,0,0.029021
44.877,1,114.81,38.199,-33.616,0.76262,2.3178,0.12605,0,0,0.027651
44.883,1,114.62,38.2,-33.632,0.75556,2.3552,0.12597,0,0,0.026248
44.888,1,114.43,38.201,-33.65,0.74686,2.39,0.12589,0,0,0.024796
44.894,1,114.28,38.202,-33.665,0.73748,2.4048,0.12582,0,0,0.02359
44.899,1,114.18,38.203,-33.675,0.72793,2.4079,0.12578,0,0,0.022621
44.904,1,114.09,38.204,-33.683,0.71859,2.4113,0.12574,0,0,0.02173
44.91,1,113.98,38.205,-33.692,0.70941,2.4222,0.1257,0,0,0.020884
44.915,1,113.8,38.206,-33.706,0.69963,2.4639,0.12563,0,0,0.019484
44.92,1,113.54,38.207,-33.732,0.6894,2.5213,0.12551,0,0,0.018006
44.926,1,113.44,38.208,-33.746,0.68002,2.4958,0.12546,0,0,0.017315
44.931,1,113.42,38.209,-33.75,0.6714,2.4597,0.12545,0,0,0.017032
44.937,1,113.45,38.21,-33.749,0.66421,2.4261,0.12545,0,0,0.017009
44.943,1,113.51,38.21,-33.745,0.65845,2.397,0.12548,0,0,0.017127
44.949,1,113.58,38.21,-33.739,0.65409,2.3727,0.12551,0,0,0.017335
44.955,1,113.65,38.21,-33.733,0.65098,2.3554,0.12553,0,0,0.017572
44.961,1,113.71,38.209,-33.727,0.64905,2.3427,0.12556,0,0,0.017818
44.967,1,113.76,38.209,-33.722,0.64868,2.3351,0.12558,0,0,0.018063
44.973,1,113.86,38.208,-33.714,0.64999,2.3095,0.12562,0,0,0.01856
44.979,1,113.94,38.207,-33.706,0.65266,2.2991,0.12565,0,0,0.019033
44.985,1,114.01,38.206,-33.699,0.65696,2.2897,0.12569,0,0,0.019533
44.991,1,114.08,38.205,-33.692,0.66315,2.2848,0.12571,0,0,0.020034
44.997,1,114.14,38.204,-33.686,0.67077,2.2772,0.12574,0,0,0.020594
45.003,1,114.2,38.203,-33.68,0.67799,2.2697,0.12576,0,0,0.021148
45.01,1,114.26,38.203,-33.674,0.68479,2.2609,0.12579,0,0,0.021718
45.016,1,114.33,38.202,-33.667,0.69122,2.2534,0.12582,0,0,0.02228
45.022,1,114.39,38.201,-33.661,0.69727,2.2468,0.12585,0,0,0.022826
45.028,1,114.46,38.201,-33.655,0.70296,2.2404,0.12587,0,0,0.023372
45.035,1,114.52,38.2,-33.648,0.70829,2.2355,0.1259,0,0,0.023889
45.041,1,114.58,38.199,-33.642,0.71329,2.2322,0.12593,0,0,0.024371
45.047,1,114.63,38.199,-33.637,0.718,2.2308,0.12595,0,0,0.024809
45.054,1,114.65,38.198,-33.633,0.7225,2.2355,0.12597,0,0,0.025092
45.06,1,114.67,38.197,-33.631,0.72679,2.2412,0.12598,0,0,0.025304
45.066,1,114.67,38.197,-33.629,0.73088,2.2445,0.12598,0,0,0.025487
45.073,1,114.68,38.197,-33.628,0.7348,2.2477,0.12598,0,0,0.025638
45.079,1,114.68,38.197,-33.628,0.73859,2.2508,0.12599,0,0,0.025762
45.085,1,114.67,38.197,-33.627,0.74219,2.2536,0.12599,0,0,0.025867
45.091,1,114.68,38.197,-33.627,0.7456,2.2534,0.12599,0,0,0.025997
45.097,1,114.71,38.197,-33.626,0.74886,2.2453,0.12599,0,0,0.02631
45.103,1,114.75,38.197,-33.623,0.75195,2.2369,0.12601,0,0,0.026669
45.11,1,114.8,38.197,-33.619,0.75486,2.2313,0.12603,0,0,0.027055
45.116,1,114.83,38.197,-33.614,0.75764,2.2266,0.12605,0,0,0.027405
45.122,1,114.87,38.197,-33.611,0.76029,2.2249,0.12607,0,0,0.027717
45.128,1,114.9,38.197,-33.608,0.7628,2.2245,0.12608,0,0,0.027991
45.133,1,114.93,38.197,-33.605,0.76517,2.2236,0.1261,0,0,0.028255
45.139,1,114.97,38.198,-33.602,0.76743,2.221,0.12611,0,0,0.028546
45.145,1,115.02,38.198,-33.598,0.76933,2.2142,0.12614,0,0,0.028937
45.151,1,115.1,38.198,-33.59,0.77084,2.1994,0.12617,0,0,0.02949
45.157,1,115.06,38.198,-33.59,0.76931,2.2394,0.12616,0,0,0.029054
45.163,1,114.87,38.198,-33.606,0.76473,2.311,0.12608,0,0,0.027673
45.169,1,114.68,38.199,-33.622,0.75829,2.3454,0.126,0,0,0.026344
45.174,1,114.48,38.2,-33.64,0.75002,2.3846,0.12592,0,0,0.024891
45.18,1,114.32,38.201,-33.657,0.74089,2.4017,0.12585,0,0,0.023666
45.185,1,114.21,38.202,-33.67,0.73137,2.407,0.12579,0,0,0.022694
45.19,1,114.12,38.203,-33.681,0.72193,2.4112,0.12575,0,0,0.021899
45.196,1,114.04,38.204,-33.69,0.71268,2.4148,0.1257,0,0,0.021136
45.201,1,113.91,38.205,-33.702,0.70289,2.4373,0.12563,0,0,0.020023
45.206,1,113.62,38.207,-33.728,0.69249,2.5175,0.12552,0,0,0.018376
45.211,1,113.47,38.209,-33.743,0.68274,2.5074,0.12547,0,0,0.017423
45.217,1,113.43,38.21,-33.749,0.67393,2.4726,0.12545,0,0,0.017032
45.223,1,113.44,38.21,-33.749,0.66635,2.4375,0.12546,0,0,0.016945
45.229,1,113.49,38.211,-33.746,0.66036,2.4085,0.12548,0,0,0.017028
45.234,1,113.55,38.21,-33.74,0.65578,2.382,0.1255,0,0,0.017221
45.24,1,113.62,38.21,-33.734,0.65173,2.3632,0.12553,0,0,0.017458
45.246,1,113.68,38.209,-33.728,0.6491,2.3488,0.12556,0,0,0.017711
45.252,1,113.74,38.209,-33.722,0.64808,2.3393,0.12558,0,0,0.017955
45.259,1,113.83,38.208,-33.714,0.64891,2.3167,0.12562,0,0,0.018379
45.265,1,113.91,38.207,-33.705,0.65137,2.3017,0.12566,0,0,0.018855
45.271,1,113.99,38.206,-33.697,0.65545,2.2912,0.1257,0,0,0.019347
45.277,1,114.06,38.205,-33.69,0.66127,2.2853,0.12572,0,0,0.019842
45.283,1,114.12,38.204,-33.683,0.6688,2.2782,0.12575,0,0,0.020384
45.289,1,114.19,38.203,-33.676,0.67609,2.2706,0.12578,0,0,0.020926
45.295,1,114.25,38.202,-33.669,0.68299,2.2619,0.12581,0,0,0.021481
45.301,1,114.32,38.201,-33.663,0.68948,2.2541,0.12584,0,0,0.02204
45.308,1,114.38,38.2,-33.656,0.69559,2.2475,0.12587,0,0,0.022589
45.314,1,114.45,38.2,-33.65,0.70134,2.2414,0.1259,0,0,0.023129
45.32,1,114.51,38.199,-33.643,0.70674,2.2361,0.12592,0,0,0.023658
45.327,1,114.57,38.198,-33.637,0.71181,2.2324,0.12595,0,0,0.02416
45.333,1,114.62,38.197,-33.632,0.7166,2.2306,0.12597,0,0,0.024621
45.339,1,114.65,38.197,-33.629,0.72116,2.2345,0.12598,0,0,0.024979
45.346,1,114.66,38.196,-33.627,0.72551,2.2413,0.12599,0,0,0.025213
45.352,1,114.67,38.196,-33.626,0.72967,2.2446,0.12599,0,0,0.025416
45.358,1,114.67,38.196,-33.626,0.73365,2.248,0.12599,0,0,0.025586
45.365,1,114.68,38.196,-33.626,0.73747,2.2511,0.12599,0,0,0.025727
45.371,1,114.67,38.196,-33.626,0.74115,2.2541,0.12599,0,0,0.025843
45.377,1,114.67,38.196,-33.626,0.74467,2.255,0.12599,0,0,0.025961
45.383,1,114.69,38.196,-33.624,0.74799,2.2487,0.126,0,0,0.026183
45.389,1,114.73,38.196,-33.621,0.75114,2.2399,0.12601,0,0,0.026528
45.395,1,114.78,38.196,-33.617,0.75411,2.2334,0.12603,0,0,0.026904
45.401,1,114.82,38.196,-33.614,0.75694,2.2285,0.12605,0,0,0.027279
45.407,1,114.85,38.197,-33.611,0.75963,2.2271,0.12607,0,0,0.027612
45.413,1,114.89,38.197,-33.608,0.76222,2.2271,0.12608,0,0,0.027908
45.419,1,114.92,38.197,-33.606,0.7647,2.2272,0.12609,0,0,0.028179
45.425,1,114.95,38.197,-33.604,0.76706,2.2261,0.1261,0,0,0.028459
45.431,1,114.99,38.197,-33.601,0.76904,2.2212,0.12612,0,0,0.028799
45.437,1,115.06,38.197,-33.596,0.77037,2.2071,0.12614,0,0,0.029309
45.443,1,115.08,38.197,-33.593,0.7697,2.214,0.12616,0,0,0.02949
45.449,1,114.92,38.198,-33.606,0.76585,2.2847,0.12609,0,0,0.02831
45.454,1,114.74,38.199,-33.623,0.7599,2.332,0.12601,0,0,0.027001
45.46,1,114.54,38.2,-33.641,0.75196,2.3713,0.12593,0,0,0.025546
45.466,1,114.36,38.201,-33.658,0.74284,2.3988,0.12585,0,0,0.024199
45.471,1,114.23,38.202,-33.671,0.73319,2.4076,0.12579,0,0,0.023097
45.476,1,114.14,38.203,-33.68,0.7237,2.4086,0.12575,0,0,0.022226
45.481,1,114.05,38.204,-33.688,0.71437,2.4101,0.12572,0,0,0.021437
45.487,1,113.94,38.205,-33.698,0.70525,2.4273,0.12567,0,0,0.020566
45.492,1,113.71,38.206,-33.717,0.69541,2.491,0.12557,0,0,0.018957
45.497,1,113.49,38.208,-33.74,0.68531,2.5161,0.12548,0,0,0.017706
45.503,1,113.42,38.209,-33.749,0.67647,2.4848,0.12545,0,0,0.017152
45.508,1,113.42,38.21,-33.751,0.6685,2.4496,0.12544,0,0,0.016957
45.514,1,113.47,38.21,-33.748,0.66194,2.4182,0.12546,0,0,0.016972
45.52,1,113.53,38.21,-33.744,0.6567,2.3906,0.12548,0,0,0.01712
45.526,1,113.59,38.21,-33.738,0.65278,2.369,0.12551,0,0,0.017336
45.532,1,113.66,38.209,-33.732,0.64989,2.3533,0.12554,0,0,0.017579
45.538,1,113.71,38.209,-33.726,0.6488,2.3425,0.12557,0,0,0.017824
45.544,1,113.78,38.208,-33.72,0.64911,2.328,0.12559,0,0,0.018189
45.55,1,113.87,38.207,-33.711,0.65099,2.3063,0.12563,0,0,0.018682
45.556,1,113.95,38.206,-33.704,0.65437,2.2958,0.12566,0,0,0.019177
45.562,1,114.02,38.206,-33.696,0.65909,2.288,0.1257,0,0,0.019685
45.568,1,114.09,38.205,-33.69,0.66582,2.2819,0.12572,0,0,0.020223
45.575,1,114.15,38.204,-33.684,0.67331,2.2735,0.12575,0,0,0.020785
45.581,1,114.21,38.203,-33.678,0.68041,2.2652,0.12578,0,0,0.021352
45.587,1,114.28,38.203,-33.671,0.68709,2.2566,0.1258,0,0,0.021925
45.593,1,114.35,38.202,-33.664,0.69338,2.2495,0.12583,0,0,0.022486
45.599,1,114.41,38.201,-33.658,0.69929,2.2436,0.12586,0,0,0.023032
45.606,1,114.48,38.2,-33.651,0.70483,2.2376,0.12589,0,0,0.023568
45.612,1,114.54,38.2,-33.645,0.71003,2.2333,0.12592,0,0,0.024076
45.618,1,114.59,38.199,-33.64,0.71492,2.2307,0.12594,0,0,0.024544
45.625,1,114.64,38.198,-33.634,0.71953,2.2311,0.12596,0,0,0.024927
45.631,1,114.66,38.198,-33.631,0.72394,2.2378,0.12597,0,0,0.025174
45.637,1,114.67,38.197,-33.63,0.72814,2.2424,0.12598,0,0,0.025375
45.644,1,114.67,38.197,-33.628,0.73216,2.2459,0.12598,0,0,0.025545
45.65,1,114.67,38.197,-33.627,0.73602,2.2491,0.12599,0,0,0.025685
45.656,1,114.67,38.197,-33.627,0.73972,2.2522,0.12599,0,0,0.025801
45.662,1,114.67,38.197,-33.627,0.74328,2.2546,0.12599,0,0,0.025907
45.669,1,114.68,38.197,-33.627,0.7467,2.2528,0.12599,0,0,0.026087
45.675,1,114.71,38.197,-33.625,0.74991,2.243,0.126,0,0,0.026423
45.681,1,114.76,38.197,-33.621,0.75296,2.2358,0.12602,0,0,0.026789
45.687,1,114.8,38.197,-33.617,0.75584,2.2296,0.12604,0,0,0.027164
45.693,1,114.84,38.197,-33.613,0.75857,2.2267,0.12606,0,0,0.027493
45.699,1,114.88,38.198,-33.61,0.76118,2.226,0.12608,0,0,0.027784
45.705,1,114.91,38.198,-33.607,0.76368,2.2262,0.12609,0,0,0.028039
45.711,1,114.94,38.198,-33.604,0.76605,2.2255,0.1261,0,0,0.028291
45.717,1,114.97,38.198,-33.601,0.7683,2.2225,0.12612,0,0,0.028578
45.723,1,115.03,38.198,-33.595,0.77018,2.2141,0.12614,0,0,0.028964
45.728,1,115.11,38.198,-33.587,0.77071,2.1998,0.12618,0,0,0.029444
45.734,1,115.02,38.198,-33.595,0.76823,2.2486,0.12614,0,0,0.028785
45.74,1,114.83,38.199,-33.612,0.76291,2.3152,0.12606,0,0,0.027411
45.746,1,114.65,38.2,-33.63,0.75573,2.3509,0.12598,0,0,0.026035
45.751,1,114.45,38.201,-33.648,0.74694,2.3874,0.12589,0,0,0.024604
45.757,1,114.3,38.202,-33.663,0.73746,2.4034,0.12583,0,0,0.023422
45.762,1,114.18,38.203,-33.675,0.72783,2.4073,0.12578,0,0,0.022513
45.767,1,114.1,38.204,-33.686,0.7184,2.4097,0.12573,0,0,0.021775
45.773,1,114,38.205,-33.697,0.70924,2.4193,0.12568,0,0,0.020954
45.778,1,113.84,38.207,-33.716,0.70014,2.4538,0.12559,0,0,0.019805
45.783,1,113.56,38.208,-33.738,0.68984,2.5208,0.1255,0,0,0.018126
45.789,1,113.44,38.209,-33.748,0.6806,2.5012,0.12546,0,0,0.0173
45.794,1,113.42,38.21,-33.75,0.67225,2.4645,0.12545,0,0,0.016963
45.8,1,113.45,38.211,-33.748,0.66498,2.4298,0.12546,0,0,0.016922
45.806,1,113.5,38.211,-33.743,0.65892,2.4002,0.12549,0,0,0.017034
45.812,1,113.57,38.21,-33.737,0.65434,2.3749,0.12552,0,0,0.017253
45.818,1,113.64,38.21,-33.731,0.65111,2.3566,0.12555,0,0,0.017505
45.824,1,113.7,38.209,-33.725,0.64911,2.3439,0.12557,0,0,0.01777
45.83,1,113.76,38.208,-33.719,0.64862,2.3362,0.1256,0,0,0.01802
45.836,1,113.85,38.207,-33.709,0.65,2.3116,0.12564,0,0,0.018485
45.842,1,113.93,38.206,-33.701,0.65276,2.2998,0.12567,0,0,0.018955
45.848,1,114,38.205,-33.693,0.65716,2.2904,0.1257,0,0,0.019446
45.854,1,114.07,38.204,-33.687,0.66296,2.2856,0.12573,0,0,0.019935
45.86,1,114.13,38.203,-33.68,0.67048,2.2784,0.12576,0,0,0.020469
45.866,1,114.19,38.202,-33.673,0.67775,2.2711,0.12578,0,0,0.020997
45.873,1,114.25,38.201,-33.667,0.6846,2.2624,0.12581,0,0,0.021541
45.879,1,114.32,38.201,-33.66,0.69106,2.2548,0.12584,0,0,0.022088
45.885,1,114.38,38.2,-33.653,0.69713,2.2481,0.12587,0,0,0.022629
45.891,1,114.45,38.199,-33.647,0.70282,2.2416,0.12589,0,0,0.023166
45.898,1,114.51,38.198,-33.641,0.70816,2.2363,0.12592,0,0,0.023692
45.904,1,114.57,38.197,-33.635,0.71317,2.2327,0.12595,0,0,0.02419
45.91,1,114.62,38.197,-33.63,0.71787,2.2308,0.12597,0,0,0.024646
45.917,1,114.65,38.196,-33.628,0.72233,2.2356,0.12598,0,0,0.024991
45.923,1,114.66,38.196,-33.627,0.72658,2.2413,0.12599,0,0,0.02522
45.929,1,114.67,38.195,-33.626,0.73064,2.2444,0.12599,0,0,0.025427
45.936,1,114.67,38.195,-33.625,0.73453,2.2476,0.12599,0,0,0.025598
45.942,1,114.68,38.195,-33.625,0.73826,2.2506,0.12599,0,0,0.025742
45.948,1,114.67,38.195,-33.626,0.74184,2.2534,0.12599,0,0,0.025861
45.954,1,114.68,38.195,-33.625,0.74528,2.2536,0.12599,0,0,0.025989
45.96,1,114.7,38.195,-33.622,0.74857,2.2457,0.126,0,0,0.026242
45.966,1,114.74,38.196,-33.619,0.75167,2.2371,0.12602,0,0,0.026599
45.972,1,114.79,38.196,-33.615,0.75461,2.2309,0.12604,0,0,0.026988
45.978,1,114.83,38.196,-33.611,0.75739,2.2266,0.12606,0,0,0.027369
45.984,1,114.87,38.196,-33.609,0.76003,2.2244,0.12607,0,0,0.027713
45.99,1,114.91,38.196,-33.606,0.76256,2.2238,0.12609,0,0,0.028025
45.996,1,114.94,38.197,-33.604,0.76497,2.2228,0.1261,0,0,0.028323
46.002,1,114.97,38.197,-33.601,0.76727,2.2204,0.12611,0,0,0.028647
46.008,1,115.03,38.197,-33.597,0.76941,2.2126,0.12614,0,0,0.029068
46.014,1,115.11,38.197,-33.59,0.77064,2.1977,0.12617,0,0,0.029795
46.02,1,115.06,38.197,-33.597,0.76917,2.2399,0.12613,0,0,0.02943
46.026,1,114.86,38.198,-33.615,0.76476,2.311,0.12605,0,0,0.028046
46.032,1,114.68,38.199,-33.632,0.75846,2.3459,0.12597,0,0,0.026711
46.037,1,114.48,38.2,-33.65,0.75029,2.385,0.12589,0,0,0.025224
46.043,1,114.32,38.201,-33.664,0.74127,2.4023,0.12582,0,0,0.02396
46.048,1,114.2,38.203,-33.675,0.73186,2.4079,0.12577,0,0,0.022921
46.053,1,114.12,38.204,-33.684,0.72248,2.4134,0.12573,0,0,0.02202
46.058,1,114.02,38.204,-33.693,0.71317,2.4185,0.12569,0,0,0.02117
46.064,1,113.87,38.206,-33.71,0.70333,2.449,0.1256,0,0,0.019965
46.069,1,113.59,38.207,-33.734,0.69273,2.52,0.1255,0,0,0.018328
46.074,1,113.46,38.209,-33.746,0.683,2.5034,0.12546,0,0,0.017475
46.08,1,113.42,38.21,-33.75,0.67412,2.4677,0.12545,0,0,0.017108
46.086,1,113.45,38.21,-33.749,0.66664,2.432,0.12546,0,0,0.017039
46.091,1,113.5,38.21,-33.745,0.66032,2.403,0.12548,0,0,0.017127
46.097,1,113.57,38.21,-33.739,0.65518,2.377,0.12551,0,0,0.017323
46.103,1,113.64,38.21,-33.733,0.65158,2.3584,0.12554,0,0,0.017557
46.109,1,113.7,38.209,-33.727,0.64885,2.3447,0.12556,0,0,0.017807
46.115,1,113.76,38.209,-33.722,0.64782,2.3362,0.12559,0,0,0.018046
46.121,1,113.84,38.208,-33.714,0.64874,2.3144,0.12562,0,0,0.018503
46.127,1,113.93,38.207,-33.706,0.65114,2.3001,0.12566,0,0,0.018973
46.134,1,114,38.206,-33.699,0.65506,2.2895,0.12569,0,0,0.019465
46.14,1,114.07,38.205,-33.692,0.66074,2.2838,0.12572,0,0,0.019956
46.146,1,114.14,38.205,-33.685,0.66832,2.2759,0.12574,0,0,0.020508
46.152,1,114.2,38.204,-33.679,0.67567,2.2681,0.12577,0,0,0.021054
46.158,1,114.27,38.203,-33.673,0.68262,2.2592,0.1258,0,0,0.021616
46.164,1,114.34,38.202,-33.666,0.68917,2.2517,0.12583,0,0,0.022175
46.171,1,114.41,38.202,-33.659,0.69533,2.2454,0.12586,0,0,0.022722
46.177,1,114.47,38.201,-33.653,0.70112,2.2393,0.12588,0,0,0.023264
46.183,1,114.53,38.2,-33.647,0.70656,2.2347,0.12591,0,0,0.023787
46.19,1,114.59,38.199,-33.641,0.71167,2.2316,0.12594,0,0,0.024278
46.196,1,114.64,38.199,-33.635,0.71648,2.2301,0.12596,0,0,0.024729
46.202,1,114.66,38.198,-33.632,0.72105,2.2359,0.12597,0,0,0.025039
46.209,1,114.67,38.198,-33.63,0.72541,2.2421,0.12598,0,0,0.025257
46.215,1,114.68,38.197,-33.628,0.72957,2.2456,0.12599,0,0,0.025448
46.221,1,114.68,38.197,-33.628,0.73356,2.2491,0.12599,0,0,0.025606
46.227,1,114.68,38.197,-33.627,0.73738,2.2523,0.12599,0,0,0.025737
46.234,1,114.68,38.197,-33.627,0.74104,2.2551,0.12599,0,0,0.025846
46.24,1,114.68,38.197,-33.627,0.74456,2.2551,0.12599,0,0,0.025972
46.246,1,114.7,38.197,-33.626,0.74788,2.2468,0.12599,0,0,0.026257
46.252,1,114.74,38.197,-33.622,0.75102,2.2389,0.12601,0,0,0.026613
46.258,1,114.79,38.197,-33.619,0.75398,2.2322,0.12603,0,0,0.026997
46.264,1,114.83,38.197,-33.615,0.7568,2.2284,0.12605,0,0,0.027355
46.27,1,114.87,38.197,-33.611,0.75948,2.2274,0.12607,0,0,0.027674
46.276,1,114.89,38.197,-33.609,0.76204,2.2277,0.12608,0,0,0.027956
46.282,1,114.92,38.198,-33.606,0.76449,2.2277,0.12609,0,0,0.028224
46.288,1,114.95,38.198,-33.604,0.76682,2.2258,0.12611,0,0,0.028514
46.294,1,115,38.198,-33.6,0.76888,2.2193,0.12612,0,0,0.028897
46.3,1,115.08,38.198,-33.594,0.77011,2.2035,0.12616,0,0,0.029494
46.306,1,115.06,38.198,-33.591,0.76873,2.227,0.12615,0,0,0.029184
46.312,1,114.87,38.198,-33.606,0.76456,2.3073,0.12607,0,0,0.027787
46.317,1,114.69,38.199,-33.622,0.75818,2.3405,0.12599,0,0,0.026472
46.323,1,114.49,38.2,-33.64,0.74988,2.381,0.1259,0,0,0.025004
46.328,1,114.33,38.201,-33.656,0.74064,2.4015,0.12583,0,0,0.02376
46.334,1,114.2,38.202,-33.67,0.73104,2.4076,0.12578,0,0,0.022765
46.339,1,114.12,38.203,-33.68,0.72171,2.4063,0.12575,0,0,0.021953
46.344,1,114.04,38.204,-33.689,0.71255,2.4096,0.12571,0,0,0.021175
46.349,1,113.92,38.205,-33.7,0.7034,2.4301,0.12564,0,0,0.020091
46.355,1,113.64,38.206,-33.723,0.69336,2.5118,0.12553,0,0,0.018392
46.36,1,113.47,38.208,-33.741,0.68358,2.5126,0.12547,0,0,0.017458
46.366,1,113.42,38.209,-33.749,0.67502,2.4766,0.12545,0,0,0.017054
46.371,1,113.43,38.21,-33.75,0.66737,2.4409,0.12545,0,0,0.016963
46.377,1,113.47,38.21,-33.747,0.66104,2.4118,0.12547,0,0,0.017033
46.383,1,113.53,38.21,-33.742,0.65597,2.3851,0.12549,0,0,0.017221
46.389,1,113.59,38.21,-33.736,0.6523,2.3658,0.12552,0,0,0.017453
46.395,1,113.66,38.209,-33.73,0.64996,2.3511,0.12555,0,0,0.017704
46.401,1,113.72,38.208,-33.724,0.64904,2.3415,0.12557,0,0,0.017948
46.407,1,113.8,38.208,-33.717,0.64964,2.3234,0.12561,0,0,0.018347
46.413,1,113.88,38.207,-33.708,0.65173,2.3054,0.12564,0,0,0.018825
46.419,1,113.96,38.205,-33.7,0.65522,2.2947,0.12568,0,0,0.019315
46.425,1,114.03,38.204,-33.693,0.66035,2.2875,0.12571,0,0,0.019812
46.431,1,114.1,38.204,-33.686,0.66744,2.2811,0.12574,0,0,0.020351
46.437,1,114.16,38.203,-33.679,0.67484,2.2731,0.12576,0,0,0.020897
46.444,1,114.22,38.202,-33.673,0.68185,2.2646,0.12579,0,0,0.021453
46.45,1,114.29,38.201,-33.666,0.68844,2.2561,0.12582,0,0,0.022015
46.456,1,114.35,38.2,-33.659,0.69465,2.2491,0.12585,0,0,0.022566
46.462,1,114.42,38.2,-33.653,0.70049,2.243,0.12588,0,0,0.023106
46.469,1,114.48,38.199,-33.646,0.70596,2.2372,0.12591,0,0,0.023637
46.475,1,114.54,38.198,-33.64,0.7111,2.233,0.12593,0,0,0.024141
46.481,1,114.6,38.197,-33.635,0.71594,2.2307,0.12596,0,0,0.024604
46.488,1,114.64,38.197,-33.63,0.72051,2.2319,0.12597,0,0,0.024972
46.494,1,114.65,38.196,-33.628,0.72489,2.2387,0.12598,0,0,0.02521
46.5,1,114.67,38.196,-33.627,0.72907,2.2429,0.12599,0,0,0.025413
46.507,1,114.67,38.196,-33.626,0.73307,2.2462,0.12599,0,0,0.025582
46.513,1,114.68,38.195,-33.626,0.7369,2.2494,0.12599,0,0,0.025723
46.519,1,114.67,38.195,-33.626,0.74059,2.2524,0.12599,0,0,0.025839
46.525,1,114.67,38.196,-33.626,0.74413,2.2544,0.12599,0,0,0.025952
46.532,1,114.68,38.196,-33.625,0.74752,2.2517,0.12599,0,0,0.026161
46.538,1,114.72,38.196,-33.622,0.7507,2.2414,0.12601,0,0,0.026503
46.544,1,114.76,38.196,-33.619,0.75371,2.2346,0.12603,0,0,0.026876
46.55,1,114.81,38.196,-33.615,0.75656,2.2292,0.12604,0,0,0.02725
46.556,1,114.85,38.196,-33.612,0.75928,2.2263,0.12606,0,0,0.02758
46.562,1,114.88,38.197,-33.609,0.76187,2.2257,0.12608,0,0,0.027872
46.568,1,114.91,38.197,-33.607,0.76436,2.226,0.12609,0,0,0.028136
46.574,1,114.94,38.197,-33.605,0.76673,2.2247,0.1261,0,0,0.028404
46.58,1,114.98,38.197,-33.602,0.76897,2.2211,0.12611,0,0,0.028723
46.586,1,115.03,38.198,-33.597,0.77061,2.2125,0.12614,0,0,0.029184
46.591,1,115.1,38.198,-33.591,0.77085,2.2034,0.12617,0,0,0.029472
46.597,1,115,38.198,-33.599,0.76769,2.2605,0.12611,0,0,0.028445
46.603,1,114.81,38.199,-33.616,0.76218,2.3201,0.12603,0,0,0.027098
46.609,1,114.62,38.2,-33.633,0.75485,2.3584,0.12595,0,0,0.025649
46.614,1,114.43,38.201,-33.651,0.74596,2.3917,0.12587,0,0,0.024266
46.62,1,114.28,38.202,-33.666,0.73644,2.4054,0.12581,0,0,0.02314
46.625,1,114.17,38.203,-33.676,0.72682,2.4081,0.12576,0,0,0.02226
46.63,1,114.09,38.204,-33.685,0.71745,2.4103,0.12572,0,0,0.021528
46.636,1,113.99,38.205,-33.694,0.70809,2.4223,0.12567,0,0,0.020637
46.641,1,113.81,38.206,-33.711,0.69801,2.4616,0.12557,0,0,0.019159
46.646,1,113.55,38.208,-33.735,0.68769,2.5198,0.12548,0,0,0.017782
46.652,1,113.44,38.209,-33.747,0.67852,2.4969,0.12545,0,0,0.017152
46.657,1,113.42,38.21,-33.75,0.67022,2.4602,0.12545,0,0,0.016919
46.663,1,113.45,38.21,-33.749,0.6633,2.4262,0.12546,0,0,0.016921
46.669,1,113.51,38.21,-33.744,0.65781,2.3973,0.12548,0,0,0.017062
46.675,1,113.58,38.21,-33.738,0.65366,2.3729,0.12551,0,0,0.017281
46.681,1,113.64,38.21,-33.732,0.65066,2.3555,0.12554,0,0,0.01753
46.687,1,113.71,38.209,-33.726,0.6487,2.3431,0.12557,0,0,0.017784
46.693,1,113.77,38.209,-33.721,0.64851,2.3345,0.12559,0,0,0.018125
46.699,1,113.86,38.208,-33.712,0.65023,2.3086,0.12563,0,0,0.018621
46.705,1,113.94,38.207,-33.704,0.65336,2.2983,0.12566,0,0,0.01911
46.711,1,114.01,38.206,-33.697,0.65785,2.2893,0.12569,0,0,0.019614
46.717,1,114.08,38.205,-33.69,0.6644,2.2846,0.12572,0,0,0.020142
46.723,1,114.14,38.204,-33.684,0.67194,2.277,0.12575,0,0,0.020695
46.729,1,114.2,38.203,-33.678,0.6791,2.2695,0.12577,0,0,0.021249
46.736,1,114.27,38.203,-33.671,0.68584,2.2608,0.1258,0,0,0.021812
46.742,1,114.33,38.202,-33.665,0.69219,2.2534,0.12583,0,0,0.022366
46.748,1,114.4,38.201,-33.658,0.69814,2.2468,0.12586,0,0,0.022911
46.754,1,114.46,38.201,-33.652,0.70371,2.2403,0.12589,0,0,0.023445
46.761,1,114.52,38.2,-33.646,0.70898,2.2355,0.12591,0,0,0.023957
46.767,1,114.58,38.199,-33.64,0.71393,2.2325,0.12594,0,0,0.024434
46.773,1,114.63,38.199,-33.635,0.7186,2.2307,0.12596,0,0,0.024829
46.78,1,114.65,38.198,-33.632,0.72305,2.2366,0.12597,0,0,0.025103
46.786,1,114.66,38.198,-33.63,0.72729,2.2418,0.12598,0,0,0.025313
46.792,1,114.67,38.197,-33.629,0.73135,2.2451,0.12598,0,0,0.025494
46.799,1,114.67,38.197,-33.628,0.73521,2.2484,0.12599,0,0,0.025644
46.805,1,114.67,38.197,-33.627,0.73892,2.2514,0.12599,0,0,0.025769
46.811,1,114.67,38.197,-33.627,0.74248,2.2542,0.12599,0,0,0.025884
46.817,1,114.68,38.197,-33.627,0.7459,2.2531,0.12599,0,0,0.026065
46.823,1,114.71,38.197,-33.625,0.74915,2.2432,0.126,0,0,0.026376
46.83,1,114.75,38.197,-33.622,0.75222,2.2358,0.12602,0,0,0.026742
46.836,1,114.8,38.197,-33.618,0.75512,2.2301,0.12604,0,0,0.027118
46.842,1,114.84,38.197,-33.614,0.75787,2.2263,0.12606,0,0,0.027463
46.848,1,114.88,38.197,-33.61,0.76048,2.2247,0.12607,0,0,0.02777
46.854,1,114.91,38.198,-33.608,0.76298,2.224,0.12609,0,0,0.028045
46.86,1,114.95,38.198,-33.605,0.76536,2.2231,0.1261,0,0,0.028318
46.865,1,114.99,38.198,-33.602,0.76762,2.2196,0.12612,0,0,0.028629
46.871,1,115.04,38.198,-33.597,0.76954,2.2102,0.12614,0,0,0.029049
46.877,1,115.13,38.198,-33.59,0.77038,2.1998,0.12617,0,0,0.029554
46.883,1,115,38.198,-33.595,0.76783,2.2558,0.12613,0,0,0.028827
46.889,1,114.81,38.199,-33.612,0.76296,2.3184,0.12604,0,0,0.027472
46.895,1,114.62,38.2,-33.628,0.75609,2.3553,0.12596,0,0,0.026077
46.9,1,114.43,38.201,-33.646,0.74765,2.3898,0.12588,0,0,0.024646
46.906,1,114.28,38.202,-33.662,0.73852,2.4047,0.12582,0,0,0.023461
46.911,1,114.17,38.203,-33.674,0.72907,2.4088,0.12577,0,0,0.022529
46.916,1,114.08,38.204,-33.684,0.71974,2.4153,0.12573,0,0,0.021714
46.921,1,113.98,38.205,-33.694,0.71025,2.4237,0.12569,0,0,0.020887
46.927,1,113.79,38.206,-33.71,0.69993,2.4661,0.12561,0,0,0.019557
46.932,1,113.53,38.208,-33.733,0.68956,2.5205,0.1255,0,0,0.018011
46.937,1,113.44,38.209,-33.746,0.68014,2.4959,0.12546,0,0,0.017285
46.943,1,113.42,38.21,-33.75,0.6715,2.4597,0.12545,0,0,0.016994
46.949,1,113.46,38.211,-33.749,0.6644,2.4253,0.12546,0,0,0.016971
46.955,1,113.51,38.211,-33.745,0.65878,2.3966,0.12548,0,0,0.017091
46.96,1,113.58,38.211,-33.739,0.65416,2.3722,0.12551,0,0,0.017305
46.966,1,113.65,38.21,-33.733,0.65084,2.3551,0.12554,0,0,0.017548
46.973,1,113.71,38.21,-33.727,0.64855,2.3428,0.12556,0,0,0.017801
46.979,1,113.77,38.209,-33.721,0.64764,2.3349,0.12559,0,0,0.018066
46.985,1,113.86,38.208,-33.712,0.64873,2.3097,0.12563,0,0,0.018538
46.991,1,113.95,38.207,-33.704,0.65167,2.2983,0.12567,0,0,0.019011
46.997,1,114.02,38.206,-33.696,0.65632,2.2888,0.1257,0,0,0.019507
47.003,1,114.09,38.205,-33.689,0.66268,2.2839,0.12573,0,0,0.020005
47.009,1,114.15,38.204,-33.682,0.67032,2.276,0.12575,0,0,0.020555
47.015,1,114.21,38.203,-33.676,0.67756,2.2682,0.12578,0,0,0.0211
47.021,1,114.28,38.202,-33.669,0.68438,2.2592,0.12581,0,0,0.021661
47.028,1,114.34,38.201,-33.662,0.69081,2.2517,0.12584,0,0,0.022216
47.034,1,114.41,38.201,-33.656,0.69686,2.2454,0.12586,0,0,0.02276
47.04,1,114.47,38.2,-33.649,0.70254,2.2393,0.12589,0,0,0.023298
47.047,1,114.53,38.199,-33.643,0.70788,2.2347,0.12592,0,0,0.023819
47.053,1,114.59,38.198,-33.637,0.7129,2.2316,0.12594,0,0,0.024307
47.059,1,114.64,38.198,-33.632,0.71764,2.2306,0.12597,0,0,0.024739
47.066,1,114.66,38.197,-33.629,0.72217,2.2365,0.12598,0,0,0.025049
47.072,1,114.67,38.196,-33.628,0.72649,2.242,0.12598,0,0,0.025268
47.078,1,114.68,38.196,-33.627,0.73062,2.2454,0.12599,0,0,0.025457
47.085,1,114.68,38.196,-33.626,0.73457,2.2488,0.12599,0,0,0.025614
47.091,1,114.68,38.196,-33.626,0.73836,2.2519,0.12599,0,0,0.025744
47.097,1,114.67,38.196,-33.626,0.742,2.2547,0.12599,0,0,0.025854
47.103,1,114.68,38.196,-33.626,0.74546,2.2548,0.12599,0,0,0.02599
47.109,1,114.71,38.196,-33.624,0.74872,2.2449,0.126,0,0,0.026266
47.115,1,114.75,38.196,-33.62,0.7518,2.2373,0.12602,0,0,0.026618
47.121,1,114.8,38.196,-33.616,0.75471,2.2313,0.12604,0,0,0.026998
47.127,1,114.84,38.196,-33.613,0.75748,2.2276,0.12606,0,0,0.027354
47.133,1,114.87,38.197,-33.61,0.76011,2.2265,0.12607,0,0,0.02767
47.139,1,114.9,38.197,-33.607,0.76263,2.2267,0.12608,0,0,0.02795
47.145,1,114.93,38.197,-33.605,0.76504,2.2263,0.1261,0,0,0.028215
47.151,1,114.96,38.197,-33.603,0.76733,2.2238,0.12611,0,0,0.028499
47.157,1,115.01,38.197,-33.599,0.76921,2.2159,0.12613,0,0,0.028858
47.163,1,115.1,38.197,-33.592,0.76999,2.1973,0.12616,0,0,0.029481
47.169,1,115.05,38.197,-33.594,0.7687,2.2386,0.12615,0,0,0.029256
47.175,1,114.86,38.198,-33.611,0.76401,2.3124,0.12607,0,0,0.027839
47.181,1,114.67,38.199,-33.627,0.75747,2.3465,0.12599,0,0,0.026556
47.186,1,114.48,38.2,-33.646,0.74911,2.3855,0.12591,0,0,0.02508
47.192,1,114.32,38.201,-33.662,0.73996,2.4026,0.12583,0,0,0.023827
47.197,1,114.2,38.202,-33.674,0.7305,2.4069,0.12578,0,0,0.022819
47.202,1,114.12,38.203,-33.683,0.72122,2.4082,0.12574,0,0,0.022026
47.207,1,114.04,38.204,-33.691,0.71199,2.4144,0.12571,0,0,0.021277
47.213,1,113.91,38.205,-33.704,0.70238,2.4365,0.12564,0,0,0.020279
47.218,1,113.62,38.207,-33.728,0.69198,2.5205,0.12552,0,0,0.018541
47.223,1,113.47,38.208,-33.745,0.68234,2.5061,0.12546,0,0,0.017518
47.229,1,113.42,38.209,-33.75,0.67364,2.4717,0.12544,0,0,0.017076
47.234,1,113.44,38.21,-33.75,0.6663,2.4361,0.12545,0,0,0.01696
47.24,1,113.49,38.21,-33.747,0.66021,2.4079,0.12547,0,0,0.017022
47.246,1,113.55,38.21,-33.741,0.65568,2.3818,0.1255,0,0,0.017205
47.252,1,113.62,38.21,-33.735,0.65179,2.3636,0.12553,0,0,0.017436
47.258,1,113.68,38.209,-33.729,0.64951,2.3492,0.12556,0,0,0.017687
47.264,1,113.73,38.209,-33.723,0.64872,2.3396,0.12558,0,0,0.017933
47.27,1,113.82,38.208,-33.716,0.64938,2.3169,0.12561,0,0,0.018335
47.276,1,113.91,38.207,-33.707,0.65162,2.3021,0.12565,0,0,0.018814
47.282,1,113.99,38.206,-33.7,0.65558,2.2925,0.12568,0,0,0.019304
47.289,1,114.06,38.205,-33.693,0.66136,2.2867,0.12571,0,0,0.0198
47.295,1,114.12,38.204,-33.686,0.66903,2.2805,0.12574,0,0,0.020339
47.301,1,114.17,38.204,-33.68,0.67637,2.2729,0.12577,0,0,0.020885
47.307,1,114.24,38.203,-33.674,0.6833,2.2644,0.12579,0,0,0.021441
47.313,1,114.3,38.202,-33.667,0.68983,2.2561,0.12582,0,0,0.022003
47.319,1,114.37,38.201,-33.661,0.69598,2.2491,0.12585,0,0,0.022555
47.326,1,114.43,38.201,-33.654,0.70176,2.2431,0.12588,0,0,0.023097
47.332,1,114.49,38.2,-33.648,0.70718,2.2372,0.12591,0,0,0.023629
47.338,1,114.55,38.199,-33.642,0.71227,2.233,0.12593,0,0,0.024133
47.345,1,114.6,38.199,-33.636,0.71706,2.2305,0.12595,0,0,0.024598
47.351,1,114.64,38.198,-33.632,0.7216,2.2333,0.12597,0,0,0.024963
47.357,1,114.66,38.198,-33.63,0.72595,2.2399,0.12598,0,0,0.025208
47.364,1,114.67,38.197,-33.629,0.7301,2.2434,0.12598,0,0,0.025411
47.37,1,114.67,38.197,-33.628,0.73407,2.2467,0.12599,0,0,0.025581
47.376,1,114.68,38.197,-33.627,0.73787,2.2497,0.12599,0,0,0.025723
47.383,1,114.68,38.197,-33.627,0.74153,2.2527,0.12599,0,0,0.02584
47.389,1,114.67,38.197,-33.627,0.74505,2.2543,0.12599,0,0,0.025957
47.395,1,114.69,38.197,-33.626,0.74837,2.2489,0.12599,0,0,0.026167
47.401,1,114.73,38.197,-33.623,0.75151,2.2397,0.12601,0,0,0.026512
47.407,1,114.77,38.197,-33.619,0.75447,2.233,0.12603,0,0,0.026888
47.413,1,114.82,38.197,-33.615,0.75727,2.2281,0.12605,0,0,0.027265
47.419,1,114.86,38.198,-33.612,0.75995,2.2263,0.12606,0,0,0.027601
47.425,1,114.89,38.198,-33.609,0.7625,2.2256,0.12608,0,0,0.027902
47.431,1,114.92,38.198,-33.607,0.76493,2.2258,0.12609,0,0,0.028178
47.437,1,114.95,38.198,-33.604,0.76725,2.2243,0.12611,0,0,0.028463
47.443,1,115,38.198,-33.601,0.76942,2.2189,0.12612,0,0,0.028812
47.449,1,115.07,38.198,-33.595,0.7708,2.2055,0.12615,0,0,0.02936
47.455,1,115.1,38.198,-33.591,0.7705,2.2163,0.12617,0,0,0.029488
47.461,1,114.91,38.199,-33.603,0.76642,2.2903,0.12608,0,0,0.028393
47.466,1,114.73,38.199,-33.62,0.76052,2.3329,0.12601,0,0,0.027072
47.472,1,114.54,38.2,-33.637,0.75259,2.3729,0.12592,0,0,0.025624
47.477,1,114.36,38.201,-33.654,0.74356,2.3983,0.12585,0,0,0.024281
47.483,1,114.23,38.203,-33.668,0.73403,2.4074,0.12579,0,0,0.023183
47.488,1,114.13,38.204,-33.679,0.7245,2.4096,0.12575,0,0,0.022316
47.493,1,114.05,38.205,-33.688,0.71517,2.4109,0.12572,0,0,0.021482
47.499,1,113.94,38.205,-33.699,0.70572,2.4286,0.12566,0,0,0.020551
47.504,1,113.68,38.207,-33.719,0.69508,2.5009,0.12554,0,0,0.018962
47.509,1,113.48,38.208,-33.74,0.68513,2.5172,0.12547,0,0,0.017741
47.515,1,113.42,38.209,-33.748,0.67614,2.4823,0.12545,0,0,0.017181
47.52,1,113.43,38.21,-33.75,0.66822,2.4468,0.12545,0,0,0.016993
47.526,1,113.47,38.21,-33.748,0.66167,2.4154,0.12546,0,0,0.017014
47.532,1,113.53,38.21,-33.743,0.65628,2.3885,0.12549,0,0,0.017168
47.538,1,113.59,38.21,-33.737,0.65236,2.3677,0.12552,0,0,0.017388
47.544,1,113.66,38.21,-33.73,0.64953,2.3527,0.12555,0,0,0.017633
47.55,1,113.72,38.209,-33.724,0.64825,2.3422,0.12557,0,0,0.017879
47.556,1,113.8,38.208,-33.718,0.64847,2.3237,0.1256,0,0,0.018215
47.562,1,113.89,38.207,-33.709,0.65042,2.3045,0.12564,0,0,0.018699
47.568,1,113.97,38.206,-33.701,0.65399,2.2942,0.12568,0,0,0.019181
47.574,1,114.04,38.205,-33.693,0.65936,2.287,0.12571,0,0,0.019678
47.581,1,114.1,38.204,-33.687,0.66654,2.2803,0.12574,0,0,0.020196
47.587,1,114.16,38.203,-33.68,0.67397,2.2719,0.12576,0,0,0.020745
47.593,1,114.23,38.202,-33.674,0.68102,2.2632,0.12579,0,0,0.021298
47.599,1,114.3,38.202,-33.667,0.68764,2.2548,0.12582,0,0,0.021863
47.605,1,114.36,38.201,-33.661,0.69388,2.2479,0.12585,0,0,0.022419
47.612,1,114.43,38.2,-33.654,0.69974,2.242,0.12587,0,0,0.022962
47.618,1,114.49,38.199,-33.648,0.70524,2.2364,0.1259,0,0,0.0235
47.624,1,114.55,38.199,-33.642,0.71038,2.2325,0.12593,0,0,0.024011
47.631,1,114.61,38.198,-33.636,0.71522,2.2303,0.12595,0,0,0.024482
47.637,1,114.65,38.197,-33.632,0.71982,2.2323,0.12597,0,0,0.024879
47.643,1,114.66,38.197,-33.629,0.7242,2.2392,0.12598,0,0,0.025135
47.65,1,114.67,38.196,-33.628,0.72838,2.2434,0.12598,0,0,0.025343
47.656,1,114.67,38.196,-33.627,0.73237,2.2469,0.12599,0,0,0.025519
47.662,1,114.67,38.196,-33.626,0.7362,2.2501,0.12599,0,0,0.025665
47.668,1,114.67,38.196,-33.626,0.73988,2.2532,0.12599,0,0,0.025785
47.675,1,114.67,38.196,-33.626,0.74341,2.2554,0.12599,0,0,0.025895
47.681,1,114.68,38.196,-33.625,0.74679,2.2515,0.12599,0,0,0.026073
47.687,1,114.72,38.196,-33.622,0.74999,2.2419,0.12601,0,0,0.026409
47.693,1,114.76,38.196,-33.619,0.753,2.2349,0.12603,0,0,0.026779
47.699,1,114.81,38.196,-33.615,0.75587,2.2296,0.12605,0,0,0.027164
47.705,1,114.85,38.196,-33.611,0.7586,2.2279,0.12606,0,0,0.027504
47.711,1,114.88,38.197,-33.608,0.7612,2.2275,0.12608,0,0,0.02781
47.717,1,114.91,38.197,-33.605,0.7637,2.2281,0.12609,0,0,0.028083
47.723,1,114.94,38.197,-33.603,0.76609,2.2276,0.12611,0,0,0.028357
47.729,1,114.97,38.197,-33.599,0.76834,2.2248,0.12612,0,0,0.028675
47.735,1,115.03,38.197,-33.593,0.76974,2.2135,0.12615,0,0,0.029125
47.74,1,115.1,38.197,-33.589,0.77021,2.2042,0.12617,0,0,0.029553
47.746,1,114.98,38.198,-33.603,0.76756,2.2598,0.12611,0,0,0.028694
47.752,1,114.8,38.199,-33.619,0.76218,2.3199,0.12603,0,0,0.027345
47.758,1,114.62,38.2,-33.637,0.75477,2.3577,0.12595,0,0,0.025924
47.763,1,114.43,38.201,-33.654,0.74589,2.3915,0.12587,0,0,0.024508
47.769,1,114.28,38.202,-33.669,0.73638,2.4057,0.1258,0,0,0.023343
47.774,1,114.17,38.203,-33.68,0.72683,2.4074,0.12576,0,0,0.022429
47.779,1,114.08,38.204,-33.688,0.71737,2.407,0.12572,0,0,0.021592
47.785,1,113.98,38.205,-33.7,0.70813,2.4213,0.12567,0,0,0.020767
47.79,1,113.8,38.207,-33.721,0.6987,2.4649,0.12557,0,0,0.019384
47.795,1,113.54,38.208,-33.741,0.68853,2.5216,0.12548,0,0,0.017918
47.8,1,113.44,38.21,-33.749,0.67948,2.4951,0.12545,0,0,0.017244
47.806,1,113.42,38.21,-33.75,0.671,2.4589,0.12545,0,0,0.016977
47.812,1,113.45,38.211,-33.748,0.66398,2.4255,0.12547,0,0,0.016962
47.818,1,113.51,38.211,-33.743,0.65814,2.3967,0.12549,0,0,0.017089
47.824,1,113.58,38.211,-33.737,0.65376,2.3726,0.12552,0,0,0.017302
47.83,1,113.65,38.21,-33.73,0.65093,2.3555,0.12555,0,0,0.017545
47.836,1,113.71,38.209,-33.725,0.64935,2.3434,0.12557,0,0,0.017796
47.842,1,113.76,38.209,-33.718,0.64902,2.336,0.1256,0,0,0.018061
47.848,1,113.85,38.208,-33.709,0.65035,2.3104,0.12564,0,0,0.018554
47.854,1,113.93,38.207,-33.701,0.6531,2.3,0.12567,0,0,0.019032
47.86,1,114,38.206,-33.693,0.65765,2.2906,0.1257,0,0,0.019534
47.866,1,114.06,38.205,-33.687,0.66391,2.2858,0.12573,0,0,0.020039
47.872,1,114.13,38.204,-33.68,0.67141,2.2776,0.12576,0,0,0.020594
47.878,1,114.19,38.203,-33.673,0.67862,2.2698,0.12578,0,0,0.021145
47.884,1,114.25,38.202,-33.667,0.68541,2.2609,0.12581,0,0,0.02171
47.891,1,114.32,38.202,-33.66,0.69181,2.2534,0.12584,0,0,0.022269
47.897,1,114.38,38.201,-33.654,0.69782,2.2469,0.12587,0,0,0.022814
47.903,1,114.45,38.2,-33.647,0.70346,2.2405,0.1259,0,0,0.023356
47.91,1,114.51,38.199,-33.641,0.70875,2.2354,0.12593,0,0,0.023874
47.916,1,114.57,38.199,-33.636,0.71371,2.232,0.12595,0,0,0.024358
47.922,1,114.62,38.198,-33.632,0.71838,2.2305,0.12597,0,0,0.024794
47.929,1,114.65,38.197,-33.629,0.72283,2.2346,0.12598,0,0,0.025087
47.935,1,114.66,38.197,-33.628,0.72712,2.2407,0.12599,0,0,0.025301
47.941,1,114.67,38.197,-33.627,0.73115,2.2437,0.12599,0,0,0.025487
47.948,1,114.68,38.197,-33.626,0.73502,2.2469,0.12599,0,0,0.025641
47.954,1,114.68,38.196,-33.627,0.73875,2.2498,0.12599,0,0,0.025769
47.96,1,114.68,38.197,-33.627,0.74234,2.2527,0.12599,0,0,0.025876
47.966,1,114.68,38.197,-33.626,0.74577,2.2534,0.12599,0,0,0.026005
47.972,1,114.71,38.197,-33.623,0.74902,2.2457,0.12601,0,0,0.026308
47.978,1,114.75,38.197,-33.62,0.7521,2.2373,0.12602,0,0,0.026667
47.984,1,114.79,38.197,-33.616,0.755,2.2305,0.12604,0,0,0.027054
47.99,1,114.83,38.197,-33.613,0.75775,2.2265,0.12606,0,0,0.027409
47.996,1,114.86,38.197,-33.611,0.75945,2.2259,0.12607,0,0,0.027626
