/*--------------------------------*- C++ -*----------------------------------*\
| =========                 |                                                 |
| \\      /  F ield         | OpenFOAM: The Open Source CFD Toolbox           |
|  \\    /   O peration     | Version:  2406                                  |
|   \\  /    A nd           | Website:  www.openfoam.com                      |
|    \\/     M anipulation  |                                                 |
\*---------------------------------------------------------------------------*/
FoamFile
{
    version     2.0;
    format      ascii;
    arch        "LSB;label=32;scalar=64";
    class       volVectorField;
    location    "1.7";
    object      U;
}
// * * * * * * * * * * * * * * * * * * * * * * * * * * * * * * * * * * * * * //

dimensions      [0 1 -1 0 0 0 0];

internalField   nonuniform List<vector> 
20000
(
(0.00165652 0.00165831 3.77551)
(0.00128041 0.00154652 3.77546)
(0.000892417 0.00150962 3.77541)
(0.000525413 0.00149114 3.77539)
(0.000174635 0.00148944 3.77538)
(-0.000171453 0.00149142 3.77538)
(-0.000523862 0.00149328 3.77539)
(-0.000891946 0.00151854 3.77541)
(-0.001275 0.00152454 3.77545)
(-0.00164935 0.00165289 3.7755)
(0.00152882 0.00125632 3.77546)
(0.00121541 0.00120749 3.7754)
(0.000869355 0.00117813 3.77536)
(0.000517044 0.00115505 3.77533)
(0.000172382 0.00114682 3.77533)
(-0.000168887 0.00114913 3.77533)
(-0.000512539 0.00115715 3.77533)
(-0.000860311 0.00118576 3.77535)
(-0.0012115 0.00118936 3.7754)
(-0.00153931 0.00126178 3.77546)
(0.00150714 0.00086244 3.77542)
(0.00117366 0.000844453 3.77536)
(0.000842112 0.000840622 3.77532)
(0.000506349 0.000826173 3.77529)
(0.000169881 0.000816157 3.77529)
(-0.000164704 0.000818306 3.77529)
(-0.000497355 0.00082464 3.77529)
(-0.000826247 0.000843701 3.77532)
(-0.00116544 0.000844879 3.77536)
(-0.0015135 0.000877058 3.77542)
(0.0015022 0.000504901 3.77538)
(0.00115437 0.000495488 3.77534)
(0.000819806 0.000498879 3.7753)
(0.00049255 0.000496872 3.77528)
(0.000165649 0.000489008 3.77526)
(-0.000159679 0.000490759 3.77526)
(-0.000485341 0.000491911 3.77528)
(-0.000811159 0.000499482 3.7753)
(-0.00114692 0.000507833 3.77533)
(-0.00149789 0.000523825 3.77538)
(0.00149427 0.000157271 3.77537)
(0.00115559 0.000156334 3.77533)
(0.000819014 0.000164328 3.77529)
(0.000487175 0.000166791 3.77527)
(0.000162288 0.000162936 3.77525)
(-0.000161615 0.000164802 3.77525)
(-0.000484935 0.000160697 3.77527)
(-0.000810495 0.00016121 3.77529)
(-0.00114605 0.000173206 3.77532)
(-0.00149262 0.000181275 3.77537)
(0.00149211 -0.000199482 3.77538)
(0.00115918 -0.000187361 3.77533)
(0.000822269 -0.00015808 3.77529)
(0.000486132 -0.000158616 3.77526)
(0.000159405 -0.000161142 3.77525)
(-0.000164437 -0.000158666 3.77525)
(-0.000485764 -0.000171478 3.77526)
(-0.000812033 -0.000170135 3.77529)
(-0.00114945 -0.000161443 3.77532)
(-0.00149185 -0.000165902 3.77537)
(0.00150287 -0.000560507 3.77539)
(0.00116025 -0.000528438 3.77534)
(0.000819025 -0.000479953 3.77529)
(0.000484411 -0.000480776 3.77527)
(0.00015669 -0.000487172 3.77526)
(-0.000163501 -0.000486856 3.77526)
(-0.000485142 -0.000503183 3.77527)
(-0.000819474 -0.000496191 3.7753)
(-0.00115901 -0.000500338 3.77534)
(-0.00149234 -0.00052695 3.77539)
(0.00151547 -0.000923405 3.77541)
(0.00116929 -0.000864905 3.77536)
(0.000826456 -0.000813376 3.77532)
(0.00049347 -0.000808763 3.77529)
(0.000162106 -0.000817963 3.77529)
(-0.000165266 -0.000822628 3.77529)
(-0.000496257 -0.000832304 3.7753)
(-0.000837443 -0.000824801 3.77532)
(-0.00117612 -0.000850337 3.77536)
(-0.00150236 -0.000906216 3.77542)
(0.00153912 -0.00130078 3.77545)
(0.00119777 -0.00120385 3.7754)
(0.000847776 -0.00116016 3.77536)
(0.000513004 -0.00114986 3.77534)
(0.000173571 -0.00114992 3.77533)
(-0.000169008 -0.00115947 3.77532)
(-0.000512848 -0.00116204 3.77534)
(-0.000863385 -0.00116123 3.77537)
(-0.00121365 -0.0012057 3.7754)
(-0.00154014 -0.0013024 3.77546)
(0.00165886 -0.00167304 3.7755)
(0.00127019 -0.00152751 3.77544)
(0.000889712 -0.00150923 3.77541)
(0.000534148 -0.0015009 3.77539)
(0.000181579 -0.00148466 3.77537)
(-0.000175615 -0.00149597 3.77537)
(-0.000531459 -0.00150039 3.77539)
(-0.000894127 -0.00149887 3.77541)
(-0.00127972 -0.00153626 3.77545)
(-0.00167374 -0.0016825 3.77551)
(0.00278154 0.0027314 3.78421)
(0.00217385 0.00261631 3.784)
(0.00152187 0.00264085 3.78382)
(0.000888542 0.0026302 3.78371)
(0.000282738 0.0025707 3.78368)
(-0.000295992 0.00256881 3.78368)
(-0.000901128 0.00259563 3.78372)
(-0.00154923 0.00267302 3.78379)
(-0.00220103 0.00265612 3.78395)
(-0.00280492 0.00273412 3.78419)
(0.00264575 0.00211943 3.784)
(0.00208401 0.00207391 3.78378)
(0.00148094 0.0020809 3.78361)
(0.000885381 0.00206991 3.78351)
(0.000292601 0.00198579 3.78349)
(-0.000302655 0.00198327 3.78349)
(-0.000912579 0.0020569 3.78351)
(-0.00151916 0.00212052 3.7836)
(-0.00209895 0.00208442 3.78377)
(-0.00264055 0.00212308 3.78398)
(0.00260506 0.00149886 3.78382)
(0.0020258 0.00147917 3.78362)
(0.00146248 0.00148421 3.78347)
(0.000902295 0.00148176 3.78337)
(0.000308866 0.00142704 3.78335)
(-0.000316373 0.00142783 3.78335)
(-0.000915916 0.00148545 3.78337)
(-0.00147159 0.00151398 3.78346)
(-0.0020241 0.00146842 3.78362)
(-0.00258675 0.0014909 3.78382)
(0.00260555 0.000916238 3.7837)
(0.00202148 0.000875726 3.78352)
(0.0014607 0.000873903 3.7834)
(0.00089918 0.000880419 3.78331)
(0.000308218 0.00088256 3.78324)
(-0.000308467 0.000882509 3.78324)
(-0.000899381 0.00088742 3.78331)
(-0.00145317 0.000888759 3.7834)
(-0.00200875 0.000862334 3.78353)
(-0.00259102 0.000892913 3.78372)
(0.00261004 0.00031839 3.78367)
(0.00204535 0.00026955 3.7835)
(0.00146754 0.000285729 3.78336)
(0.000876024 0.000294381 3.78326)
(0.000292111 0.000320731 3.7832)
(-0.000289632 0.000319391 3.7832)
(-0.000874801 0.000301458 3.78326)
(-0.00145918 0.000287201 3.78336)
(-0.00203708 0.000263287 3.7835)
(-0.0026121 0.000297472 3.78366)
(0.00261705 -0.000300811 3.78368)
(0.00204753 -0.000328231 3.78349)
(0.00145693 -0.000281237 3.78333)
(0.000860439 -0.000276042 3.78324)
(0.000285227 -0.00026621 3.78319)
(-0.000281643 -0.000263286 3.78319)
(-0.000861862 -0.000270883 3.78324)
(-0.00145518 -0.000285053 3.78334)
(-0.00204607 -0.000329131 3.78349)
(-0.00261678 -0.000316536 3.78368)
(0.00261086 -0.000906646 3.7837)
(0.00203065 -0.000913425 3.78351)
(0.00144484 -0.000852068 3.78337)
(0.000857233 -0.000849832 3.78328)
(0.000288247 -0.000867498 3.78324)
(-0.00027575 -0.000853074 3.78324)
(-0.000853296 -0.000847782 3.78328)
(-0.00143929 -0.000854145 3.78338)
(-0.00202783 -0.000917515 3.78354)
(-0.00259908 -0.000935262 3.78374)
(0.00261161 -0.00150912 3.7838)
(0.00203435 -0.00149754 3.78363)
(0.00144735 -0.00143828 3.78347)
(0.000872664 -0.00143611 3.78338)
(0.000302169 -0.00146873 3.78335)
(-0.000276643 -0.00143596 3.78334)
(-0.000862029 -0.00143096 3.78338)
(-0.00143688 -0.00144382 3.78347)
(-0.00202047 -0.00150403 3.78364)
(-0.0025947 -0.00155246 3.78384)
(0.00265791 -0.00213129 3.78396)
(0.0020713 -0.00206941 3.78378)
(0.00146675 -0.00203745 3.78364)
(0.000894378 -0.00203195 3.78354)
(0.000309457 -0.002053 3.7835)
(-0.00028777 -0.0020063 3.78347)
(-0.000878146 -0.00201326 3.78352)
(-0.00146321 -0.00204135 3.78364)
(-0.00206431 -0.00208465 3.78377)
(-0.00264371 -0.00217465 3.78397)
(0.00275456 -0.00273778 3.78416)
(0.00216634 -0.00261053 3.78395)
(0.00153086 -0.00261696 3.78383)
(0.000916453 -0.00261598 3.78374)
(0.000305213 -0.0026241 3.78368)
(-0.00029797 -0.00258085 3.78366)
(-0.000891079 -0.00259302 3.78372)
(-0.00150883 -0.00260288 3.78383)
(-0.00216493 -0.00261699 3.78398)
(-0.00279537 -0.00275866 3.78417)
(0.00308236 0.00298786 3.79573)
(0.00240505 0.00289618 3.79546)
(0.00169881 0.00295914 3.79522)
(0.000994832 0.0029422 3.79509)
(0.000308009 0.00285822 3.79505)
(-0.000346077 0.00284146 3.79506)
(-0.00102199 0.00291754 3.7951)
(-0.00172192 0.00296906 3.7952)
(-0.00243203 0.00304076 3.7954)
(-0.00311711 0.00304209 3.79572)
(0.0030214 0.00239276 3.79544)
(0.00230348 0.00231751 3.7952)
(0.00161496 0.00232087 3.795)
(0.000969398 0.0023149 3.79487)
(0.000313255 0.00221783 3.79484)
(-0.00035219 0.00220031 3.79484)
(-0.00102514 0.00230037 3.79487)
(-0.00168571 0.00233028 3.79499)
(-0.00232474 0.00241278 3.79515)
(-0.00295937 0.00241662 3.79541)
(0.00292424 0.00176708 3.79522)
(0.0022489 0.00171175 3.79498)
(0.00159749 0.00164932 3.79483)
(0.000982917 0.00164408 3.79472)
(0.00033074 0.0015952 3.79468)
(-0.000370993 0.0015876 3.79468)
(-0.00104175 0.00164707 3.79472)
(-0.00167454 0.00165771 3.79483)
(-0.00227775 0.0017087 3.79498)
(-0.00285811 0.00172518 3.79522)
(0.00287704 0.00110763 3.79509)
(0.00224589 0.00105687 3.79487)
(0.00162213 0.000976825 3.79472)
(0.000994628 0.000966485 3.79461)
(0.000334588 0.000990903 3.79454)
(-0.000362372 0.00098633 3.79454)
(-0.00102911 0.00098096 3.79462)
(-0.00166189 0.000981229 3.79474)
(-0.00226345 0.000985583 3.79491)
(-0.00285478 0.00101689 3.79513)
(0.00287442 0.000432789 3.79507)
(0.00224243 0.000374872 3.79485)
(0.00161725 0.000319371 3.79467)
(0.0009729 0.000315072 3.79455)
(0.000322225 0.00036644 3.79447)
(-0.000320953 0.000354117 3.79447)
(-0.000977707 0.000342724 3.79456)
(-0.00164686 0.000328702 3.79468)
(-0.00227717 0.000280812 3.79486)
(-0.00288754 0.000318883 3.79507)
(0.00288069 -0.000222381 3.79504)
(0.00222729 -0.000289175 3.79482)
(0.00159739 -0.000346386 3.79465)
(0.000962466 -0.000331678 3.79454)
(0.000328016 -0.000294519 3.79448)
(-0.000297057 -0.000312219 3.7945)
(-0.000955893 -0.000271801 3.79453)
(-0.00163362 -0.000301475 3.79465)
(-0.0022803 -0.000398494 3.79486)
(-0.00290562 -0.000372725 3.79509)
(0.00286709 -0.000866613 3.79507)
(0.00223647 -0.000955346 3.79485)
(0.00161606 -0.00102477 3.79472)
(0.000978934 -0.000992374 3.79461)
(0.000351113 -0.00097241 3.79455)
(-0.000296566 -0.000961856 3.79456)
(-0.000967672 -0.000899812 3.79459)
(-0.00161159 -0.000949154 3.79471)
(-0.00225279 -0.00105851 3.79492)
(-0.00290818 -0.00104188 3.79515)
(0.00288245 -0.00154276 3.79518)
(0.0022754 -0.00164828 3.795)
(0.00164093 -0.00169058 3.79485)
(0.000990839 -0.00165686 3.79473)
(0.000359336 -0.0016461 3.79467)
(-0.000302016 -0.00157567 3.79464)
(-0.000974373 -0.00154973 3.79469)
(-0.0015939 -0.0016327 3.79483)
(-0.00223959 -0.00169505 3.79503)
(-0.00292399 -0.0016826 3.79524)
(0.00298128 -0.00224546 3.79539)
(0.00234764 -0.00232186 3.79518)
(0.00167034 -0.00232962 3.79503)
(0.000995755 -0.00230572 3.79492)
(0.000339995 -0.00230165 3.79484)
(-0.000320838 -0.00218809 3.79479)
(-0.000974643 -0.00220963 3.79486)
(-0.00161119 -0.00231117 3.79501)
(-0.00228005 -0.00232084 3.79515)
(-0.00296222 -0.002319 3.79538)
(0.00303341 -0.00294971 3.79565)
(0.00243005 -0.00295322 3.79543)
(0.00171949 -0.0029335 3.79525)
(0.00100129 -0.00291831 3.79513)
(0.00031191 -0.0029477 3.79507)
(-0.000331778 -0.00284428 3.79503)
(-0.000973342 -0.00286053 3.79512)
(-0.00166206 -0.00293634 3.79525)
(-0.00237781 -0.00292664 3.79542)
(-0.00303047 -0.00295183 3.79563)
(0.00338896 0.0033485 3.80763)
(0.00264296 0.00328422 3.80733)
(0.00189444 0.00324001 3.80711)
(0.00114719 0.00321554 3.80698)
(0.000381859 0.00320165 3.80692)
(-0.000397877 0.0031865 3.80692)
(-0.00114962 0.00321415 3.80697)
(-0.00187158 0.0032175 3.80713)
(-0.0026371 0.00337714 3.80733)
(-0.003392 0.00339185 3.80765)
(0.00336025 0.00272101 3.8073)
(0.00255644 0.00261328 3.8071)
(0.00180094 0.00251928 3.80693)
(0.00108669 0.00249151 3.80679)
(0.000355303 0.0025179 3.8067)
(-0.000387168 0.00250029 3.80671)
(-0.00111582 0.0024714 3.8068)
(-0.00183307 0.00248683 3.80694)
(-0.00256334 0.0026988 3.80705)
(-0.00330362 0.00272073 3.80729)
(0.00326407 0.00201626 3.8071)
(0.00253386 0.00194387 3.80687)
(0.00177593 0.00180186 3.80675)
(0.00104419 0.00176691 3.80664)
(0.000332204 0.00179579 3.80655)
(-0.000372669 0.00178258 3.80656)
(-0.00110324 0.00175542 3.80664)
(-0.0018709 0.00177702 3.80676)
(-0.00258731 0.00194407 3.80687)
(-0.0032365 0.00196591 3.80709)
(0.00317356 0.00122622 3.807)
(0.00249924 0.00122108 3.80675)
(0.00178333 0.00109769 3.80658)
(0.00105618 0.00105289 3.80648)
(0.00034035 0.00106043 3.80642)
(-0.000375401 0.00105601 3.80643)
(-0.00110534 0.00106077 3.80648)
(-0.00186072 0.00109332 3.8066)
(-0.00256409 0.00114931 3.8068)
(-0.00319582 0.00114935 3.80704)
(0.00314978 0.000465931 3.80697)
(0.00242956 0.000476348 3.8067)
(0.00174764 0.000360209 3.80652)
(0.00106877 0.000327516 3.80641)
(0.000359519 0.000333105 3.80635)
(-0.000361227 0.000335189 3.80635)
(-0.00108683 0.000355366 3.80642)
(-0.00181291 0.000388872 3.80653)
(-0.0025022 0.000371597 3.80672)
(-0.00317418 0.000353193 3.80699)
(0.00315236 -0.000231402 3.80689)
(0.00241737 -0.000251008 3.80667)
(0.00174717 -0.000426827 3.80656)
(0.0010849 -0.000426446 3.80646)
(0.000378222 -0.000393523 3.80641)
(-0.000348228 -0.000385194 3.80641)
(-0.00108667 -0.000354311 3.80644)
(-0.0018079 -0.000346597 3.80654)
(-0.00248719 -0.000392015 3.80673)
(-0.0031828 -0.0003947 3.80697)
(0.00316202 -0.000950889 3.80696)
(0.00248211 -0.00100849 3.80675)
(0.00181592 -0.00121579 3.80666)
(0.00112607 -0.00118663 3.80655)
(0.00040103 -0.00110273 3.80648)
(-0.000358911 -0.00108285 3.80647)
(-0.00111918 -0.00105784 3.8065)
(-0.00182667 -0.00110597 3.80662)
(-0.00250835 -0.00114597 3.80679)
(-0.00324285 -0.00110478 3.80701)
(0.0032199 -0.00173463 3.80709)
(0.00257058 -0.0018074 3.80689)
(0.00187977 -0.00196225 3.80678)
(0.00113379 -0.00191521 3.80665)
(0.000388458 -0.0017924 3.80653)
(-0.000366509 -0.001762 3.80651)
(-0.00111706 -0.00176473 3.80658)
(-0.00183063 -0.00186014 3.80673)
(-0.00254631 -0.00187211 3.80689)
(-0.0033038 -0.00179997 3.8071)
(0.00332299 -0.0025371 3.80729)
(0.00266498 -0.00259831 3.80707)
(0.00192648 -0.00264064 3.80692)
(0.001115 -0.00258395 3.80678)
(0.000350887 -0.00248895 3.80669)
(-0.000378119 -0.00245708 3.80668)
(-0.00111111 -0.00248179 3.80674)
(-0.00184694 -0.00257752 3.80687)
(-0.00257959 -0.00259414 3.80702)
(-0.0033072 -0.00250903 3.80727)
(0.00336545 -0.00330843 3.80762)
(0.00269145 -0.00334625 3.80739)
(0.00192112 -0.00328261 3.80714)
(0.00110217 -0.00321544 3.80699)
(0.000332661 -0.00321062 3.80693)
(-0.000376255 -0.00318857 3.80692)
(-0.0011122 -0.00318381 3.807)
(-0.00188227 -0.00327395 3.80713)
(-0.00262559 -0.00333402 3.80732)
(-0.00327696 -0.00323715 3.80754)
(0.0035173 0.00363227 3.8202)
(0.00276653 0.00352475 3.81988)
(0.00201381 0.00336023 3.81971)
(0.00126225 0.00334095 3.81958)
(0.000460569 0.00345346 3.81948)
(-0.00040836 0.00345912 3.81947)
(-0.00120419 0.00341836 3.81956)
(-0.0019235 0.00330123 3.81977)
(-0.00269644 0.00345799 3.81998)
(-0.00347147 0.003616 3.82026)
(0.00348921 0.00287816 3.81987)
(0.00275 0.00272701 3.81967)
(0.00198687 0.00258903 3.81952)
(0.00120267 0.00255969 3.81938)
(0.000413815 0.00273651 3.81923)
(-0.000375327 0.00274178 3.81923)
(-0.00112729 0.00258064 3.8194)
(-0.00188538 0.00252136 3.81955)
(-0.00270849 0.00273876 3.81968)
(-0.00352023 0.00289156 3.81989)
(0.00346807 0.00203243 3.81971)
(0.00275328 0.00194399 3.81947)
(0.00194262 0.00186005 3.81932)
(0.00110748 0.00182855 3.81919)
(0.000353511 0.00193851 3.81906)
(-0.000320699 0.00194053 3.81906)
(-0.0010683 0.0018175 3.81921)
(-0.00192252 0.00181603 3.81935)
(-0.00276846 0.00201607 3.81947)
(-0.00353516 0.00209649 3.81969)
(0.00341484 0.00114997 3.81962)
(0.00268725 0.00117765 3.81933)
(0.00188752 0.00114404 3.81911)
(0.00108265 0.00110737 3.81899)
(0.000345819 0.00108076 3.81897)
(-0.000327569 0.00109007 3.81897)
(-0.00107646 0.00110664 3.81899)
(-0.00191796 0.00114208 3.81911)
(-0.0027344 0.00126541 3.81932)
(-0.00345845 0.0012449 3.8196)
(0.00337811 0.000346789 3.81952)
(0.0025897 0.00043183 3.81922)
(0.00184134 0.000359336 3.81903)
(0.00113028 0.000330555 3.81892)
(0.00038638 0.000258869 3.81891)
(-0.000376899 0.000278819 3.8189)
(-0.0011305 0.000349842 3.81892)
(-0.00187567 0.000399528 3.81903)
(-0.00262358 0.000498728 3.81922)
(-0.00337653 0.000421481 3.81955)
(0.00336653 -0.000410009 3.81947)
(0.00260474 -0.000331365 3.81923)
(0.00188158 -0.000476589 3.81913)
(0.00117413 -0.000487971 3.81902)
(0.000400386 -0.000494642 3.81896)
(-0.000409126 -0.000477684 3.81894)
(-0.00117331 -0.00045474 3.81899)
(-0.00189456 -0.000416524 3.81909)
(-0.00260684 -0.00029111 3.81923)
(-0.00336691 -0.000338945 3.81948)
(0.00340879 -0.00122792 3.81961)
(0.00268856 -0.00113783 3.81937)
(0.00195341 -0.00129091 3.81922)
(0.00120237 -0.00128098 3.8191)
(0.000386701 -0.00119488 3.81902)
(-0.000439674 -0.00121554 3.81899)
(-0.00121267 -0.00124653 3.81907)
(-0.0019647 -0.0012312 3.81918)
(-0.00269314 -0.00109746 3.8193)
(-0.00344328 -0.00110235 3.81953)
(0.00348681 -0.00207085 3.81976)
(0.00275835 -0.00195524 3.81946)
(0.00200487 -0.00205708 3.81932)
(0.00119009 -0.00201864 3.81919)
(0.000351195 -0.00188012 3.81905)
(-0.000447678 -0.00197444 3.81907)
(-0.00121707 -0.00201077 3.81916)
(-0.00202024 -0.00198884 3.81929)
(-0.00278602 -0.00190339 3.81942)
(-0.00351577 -0.00191416 3.81967)
(0.00348662 -0.00288955 3.81994)
(0.00279707 -0.00279911 3.81965)
(0.00204489 -0.00277193 3.81944)
(0.00118395 -0.00270618 3.81929)
(0.000355995 -0.00259687 3.81921)
(-0.000420325 -0.00275082 3.81926)
(-0.00121722 -0.00274877 3.81933)
(-0.00204242 -0.00270907 3.81941)
(-0.00280936 -0.00271545 3.81963)
(-0.00351165 -0.00275416 3.81991)
(0.00360326 -0.00363452 3.82031)
(0.00280175 -0.00360547 3.82001)
(0.00200692 -0.0034861 3.8197)
(0.00118784 -0.00340665 3.81953)
(0.000389449 -0.0033471 3.81946)
(-0.000408991 -0.00350066 3.81952)
(-0.00124145 -0.00347099 3.81956)
(-0.00204353 -0.00346882 3.81969)
(-0.00278121 -0.00354588 3.81992)
(-0.00347164 -0.00356043 3.82023)
(0.00350903 0.00373534 3.8335)
(0.00276303 0.00366261 3.83317)
(0.00200775 0.00342081 3.83305)
(0.00127964 0.00342356 3.83291)
(0.000497053 0.0035691 3.83278)
(-0.000378308 0.00360298 3.83276)
(-0.00119069 0.00342854 3.8329)
(-0.00193807 0.00331734 3.83311)
(-0.00270241 0.00336884 3.83333)
(-0.00343535 0.00359977 3.83357)
(0.00342274 0.00286254 3.8332)
(0.00280547 0.00278839 3.83293)
(0.00207339 0.00263515 3.83277)
(0.00125784 0.00261967 3.83264)
(0.000453005 0.00282144 3.83249)
(-0.000340251 0.00285597 3.83248)
(-0.0011165 0.00261334 3.83265)
(-0.00192016 0.0025437 3.83282)
(-0.00276494 0.00259492 3.83302)
(-0.00354967 0.00278164 3.83326)
(0.00348745 0.00192299 3.83305)
(0.0028234 0.00189132 3.83278)
(0.00204418 0.00190424 3.83255)
(0.00117295 0.00189805 3.8324)
(0.000393796 0.00200771 3.83227)
(-0.000274283 0.0020219 3.83227)
(-0.00102676 0.00187215 3.83241)
(-0.00189116 0.00184513 3.83257)
(-0.00278968 0.00189516 3.83278)
(-0.00366012 0.00197554 3.83304)
(0.00351554 0.00103988 3.83292)
(0.00276788 0.00107114 3.83263)
(0.00195949 0.00117611 3.83237)
(0.00112623 0.00118105 3.83222)
(0.000371739 0.00112491 3.83221)
(-0.000291548 0.00113333 3.8322)
(-0.001035 0.00114766 3.83221)
(-0.00187299 0.00115815 3.83233)
(-0.00275061 0.00122509 3.83253)
(-0.00359644 0.0011937 3.83284)
(0.00349682 0.000208475 3.83278)
(0.00272989 0.000305822 3.83248)
(0.00193661 0.000397 3.83229)
(0.00117006 0.00040165 3.83217)
(0.000399769 0.000287561 3.83217)
(-0.000389077 0.000308264 3.83215)
(-0.001146 0.000348842 3.83215)
(-0.00187398 0.000387446 3.83226)
(-0.00266561 0.000518598 3.83244)
(-0.00348542 0.000415219 3.83278)
(0.00348826 -0.000638999 3.83283)
(0.00275 -0.000486663 3.83254)
(0.00196962 -0.000388933 3.83235)
(0.00118988 -0.000397006 3.83222)
(0.000386893 -0.000464933 3.83215)
(-0.00044685 -0.000434147 3.83212)
(-0.00120412 -0.000510245 3.83222)
(-0.00190973 -0.000456001 3.83233)
(-0.00265516 -0.000249231 3.83244)
(-0.00344593 -0.00034721 3.83271)
(0.00353808 -0.00150511 3.83299)
(0.00276935 -0.00128548 3.83268)
(0.00196052 -0.00113936 3.83241)
(0.0011623 -0.00116419 3.83226)
(0.000333806 -0.00117757 3.83219)
(-0.000461448 -0.00120462 3.83217)
(-0.00119757 -0.00134059 3.83229)
(-0.00198179 -0.00126525 3.83241)
(-0.00274933 -0.00106204 3.83252)
(-0.00347258 -0.00115993 3.8328)
(0.00355576 -0.00233457 3.83314)
(0.00276316 -0.0020461 3.83273)
(0.00196797 -0.00188474 3.8325)
(0.00116025 -0.00190586 3.83238)
(0.000319075 -0.00189295 3.83229)
(-0.000455452 -0.00204408 3.83235)
(-0.00120429 -0.00211868 3.83244)
(-0.00206046 -0.00198957 3.83253)
(-0.00284287 -0.00191628 3.83269)
(-0.00350473 -0.00205559 3.83301)
(0.00345747 -0.00312977 3.83332)
(0.00272472 -0.00286461 3.83295)
(0.00199466 -0.00266265 3.83266)
(0.00119884 -0.00264425 3.83251)
(0.000379128 -0.00263613 3.83248)
(-0.000415727 -0.00286816 3.83257)
(-0.00123331 -0.00285408 3.83264)
(-0.00208878 -0.00270106 3.83271)
(-0.00285473 -0.00278948 3.83299)
(-0.00351651 -0.00297235 3.83332)
(0.0036266 -0.0038238 3.83369)
(0.00274422 -0.00367384 3.8333)
(0.00197448 -0.00348085 3.83298)
(0.00123679 -0.00344269 3.83281)
(0.000456622 -0.00339239 3.83275)
(-0.000407708 -0.00359644 3.83283)
(-0.00128735 -0.00358558 3.83285)
(-0.00207661 -0.00349339 3.83297)
(-0.00281938 -0.00362617 3.83324)
(-0.00359432 -0.00379108 3.83368)
(0.00346939 0.00361225 3.847)
(0.00274552 0.00361265 3.84663)
(0.00194393 0.00348209 3.84648)
(0.00117339 0.00349893 3.84633)
(0.000426509 0.0035545 3.84622)
(-0.000345427 0.00357078 3.8462)
(-0.00113584 0.00348361 3.84633)
(-0.00195339 0.00341673 3.8465)
(-0.00272553 0.00327968 3.84674)
(-0.00343388 0.00347426 3.84701)
(0.00335366 0.00268421 3.84668)
(0.00277633 0.00275208 3.84631)
(0.00205627 0.0027415 3.84609)
(0.00123826 0.00273412 3.84596)
(0.000445388 0.0027582 3.84589)
(-0.000334742 0.00278783 3.84588)
(-0.00112525 0.00274588 3.84596)
(-0.00194494 0.00269227 3.84612)
(-0.00276069 0.00247847 3.84644)
(-0.00348657 0.00261538 3.84675)
(0.00343757 0.00177639 3.84647)
(0.00275421 0.00183379 3.84616)
(0.00204693 0.00197729 3.84586)
(0.00125052 0.00199992 3.8457)
(0.000447669 0.0019978 3.84563)
(-0.00032478 0.0020144 3.84563)
(-0.00108804 0.00199639 3.84569)
(-0.00184214 0.00195202 3.84585)
(-0.0026727 0.00177122 3.84618)
(-0.00355547 0.00180885 3.8465)
(0.00353617 0.000990145 3.84628)
(0.00275729 0.0010134 3.84602)
(0.0019893 0.00118459 3.84576)
(0.00120093 0.00124749 3.8456)
(0.000417195 0.00122153 3.84554)
(-0.000329722 0.00121781 3.84553)
(-0.00107697 0.0012082 3.84558)
(-0.00181535 0.00115901 3.84571)
(-0.00263942 0.00112521 3.8459)
(-0.00354875 0.00111173 3.8462)
(0.0035433 0.000177418 3.84616)
(0.00282583 0.000228169 3.84588)
(0.0020241 0.000427984 3.84569)
(0.00118677 0.000493587 3.84554)
(0.00038725 0.00044929 3.84549)
(-0.000391936 0.000430818 3.84548)
(-0.00114438 0.000398462 3.84552)
(-0.00187802 0.000347963 3.84565)
(-0.00268012 0.000435554 3.84582)
(-0.00351748 0.000397939 3.84611)
(0.00352256 -0.000719041 3.84629)
(0.00282869 -0.000599802 3.84597)
(0.00201708 -0.000263617 3.84564)
(0.0011581 -0.000224304 3.84547)
(0.000350601 -0.000297499 3.84539)
(-0.000428104 -0.000331874 3.84539)
(-0.00116586 -0.000419282 3.84552)
(-0.00190898 -0.000447064 3.84567)
(-0.00270413 -0.000309281 3.84582)
(-0.00347945 -0.000388932 3.84612)
(0.00352836 -0.00157471 3.8464)
(0.00272924 -0.00137239 3.84604)
(0.00189455 -0.000950803 3.84566)
(0.00107919 -0.000935304 3.84549)
(0.000305749 -0.00107286 3.84544)
(-0.000408854 -0.00113807 3.84545)
(-0.00111187 -0.00123243 3.84558)
(-0.00190875 -0.00118589 3.84573)
(-0.00272232 -0.00108587 3.8459)
(-0.00341766 -0.0012569 3.84624)
(0.00347336 -0.00232895 3.84652)
(0.00263605 -0.00206751 3.84612)
(0.00183115 -0.00169722 3.84579)
(0.00108261 -0.00169022 3.84566)
(0.000330947 -0.00188999 3.84567)
(-0.000391374 -0.00198599 3.84573)
(-0.0011217 -0.00202761 3.8458)
(-0.00194455 -0.00189058 3.84588)
(-0.00272867 -0.00190904 3.8461)
(-0.00337848 -0.002168 3.84649)
(0.00338822 -0.00307874 3.84676)
(0.00259075 -0.00278761 3.84638)
(0.00183209 -0.00253101 3.84606)
(0.00115814 -0.00252218 3.84591)
(0.000421949 -0.00268967 3.84591)
(-0.000369854 -0.00278983 3.84597)
(-0.00117076 -0.00278176 3.84604)
(-0.00198598 -0.00262725 3.84614)
(-0.00275512 -0.00275058 3.84644)
(-0.00344045 -0.00306004 3.8468)
(0.00355596 -0.00377963 3.84711)
(0.00267823 -0.00350124 3.84664)
(0.0018995 -0.00339286 3.8464)
(0.00123254 -0.00342511 3.84625)
(0.00048859 -0.00343662 3.8462)
(-0.000387138 -0.00350556 3.84623)
(-0.00123127 -0.00354058 3.84627)
(-0.00199977 -0.00340162 3.8464)
(-0.00279253 -0.00350322 3.84668)
(-0.00366344 -0.00382804 3.8472)
(0.0034345 0.00338546 3.86024)
(0.0026933 0.00341164 3.85981)
(0.00186535 0.00350283 3.85951)
(0.00103417 0.00350224 3.85934)
(0.000288567 0.00337913 3.85929)
(-0.000367133 0.00338414 3.85929)
(-0.00112886 0.00342033 3.85936)
(-0.00200103 0.00348569 3.85949)
(-0.00277676 0.00330088 3.85977)
(-0.00347043 0.003338 3.86018)
(0.00334437 0.0025515 3.85984)
(0.00266168 0.00268057 3.85936)
(0.00190593 0.00279586 3.85906)
(0.00113147 0.00280485 3.85892)
(0.000369483 0.00257619 3.85896)
(-0.000386712 0.0025844 3.85894)
(-0.00118174 0.00278417 3.8589)
(-0.00199316 0.00280222 3.85904)
(-0.00272183 0.00249468 3.85942)
(-0.00336798 0.00248529 3.85984)
(0.00335833 0.00177909 3.85951)
(0.00260682 0.00187895 3.85914)
(0.00193656 0.00201321 3.85883)
(0.00124404 0.00204357 3.85868)
(0.000443909 0.0018957 3.85869)
(-0.000446919 0.00190039 3.85868)
(-0.00122907 0.00204353 3.85865)
(-0.0018723 0.00201318 3.85879)
(-0.00254994 0.00170274 3.85916)
(-0.00331689 0.00168892 3.85955)
(0.00342937 0.00110796 3.85928)
(0.00266052 0.00107552 3.85901)
(0.00196892 0.00119661 3.8588)
(0.00124881 0.00125651 3.85864)
(0.000437572 0.001276 3.85852)
(-0.000439098 0.00126092 3.85851)
(-0.00120631 0.00121156 3.85863)
(-0.00184545 0.00113746 3.85878)
(-0.00254334 0.000959463 3.85897)
(-0.0033792 0.00101894 3.85925)
(0.0034584 0.000333282 3.85923)
(0.00277922 0.000266045 3.85896)
(0.00201656 0.000460737 3.85874)
(0.00117714 0.000535154 3.85857)
(0.000374792 0.000609051 3.85844)
(-0.000391599 0.000567596 3.85845)
(-0.00115288 0.000429625 3.85857)
(-0.00191514 0.000333225 3.85873)
(-0.00269665 0.00022518 3.85892)
(-0.0034717 0.000306958 3.85914)
(0.00345524 -0.000531938 3.85934)
(0.00275089 -0.000524897 3.85899)
(0.00195023 -0.000197315 3.8586)
(0.00110114 -0.000129867 3.85841)
(0.000340587 -0.000139413 3.85834)
(-0.000359417 -0.000195282 3.85837)
(-0.00110147 -0.000287979 3.85847)
(-0.00190441 -0.000367491 3.85866)
(-0.00272954 -0.000496895 3.85892)
(-0.00347186 -0.000513527 3.85925)
(0.00338969 -0.00128472 3.85935)
(0.00259186 -0.0012582 3.85897)
(0.00181641 -0.000880655 3.85862)
(0.00103941 -0.00083264 3.85845)
(0.000343462 -0.000968888 3.85841)
(-0.000317142 -0.00100204 3.85846)
(-0.00103581 -0.00102114 3.85853)
(-0.00181468 -0.00104923 3.8587)
(-0.00261856 -0.00121775 3.85899)
(-0.00334438 -0.00134503 3.85937)
(0.00331475 -0.00195774 3.85946)
(0.00251168 -0.00195889 3.85916)
(0.00174301 -0.00164452 3.85882)
(0.00106371 -0.00162254 3.85866)
(0.000402527 -0.00182871 3.85872)
(-0.00030332 -0.00179237 3.85872)
(-0.00104027 -0.00178685 3.85877)
(-0.0017716 -0.00178961 3.85888)
(-0.00252749 -0.00196347 3.85919)
(-0.0032443 -0.00213545 3.85957)
(0.00337296 -0.00268598 3.8598)
(0.00253839 -0.00261284 3.85944)
(0.00174231 -0.00247979 3.85918)
(0.00112368 -0.00249256 3.85903)
(0.00045113 -0.00263545 3.859)
(-0.000326882 -0.00252098 3.85895)
(-0.00107824 -0.0025624 3.85903)
(-0.00178934 -0.00257745 3.85922)
(-0.00257296 -0.00268604 3.85948)
(-0.00335204 -0.00290886 3.85985)
(0.00344552 -0.00341756 3.86018)
(0.00266638 -0.00324832 3.85966)
(0.00186483 -0.00328738 3.85949)
(0.00117243 -0.00336811 3.85937)
(0.000451978 -0.00338528 3.85929)
(-0.000348038 -0.00323359 3.85924)
(-0.00109838 -0.00335227 3.85934)
(-0.00184171 -0.00331728 3.8595)
(-0.00269219 -0.00330213 3.85976)
(-0.00359925 -0.00360237 3.8603)
(0.00336616 0.00311459 3.87299)
(0.00261986 0.00316811 3.87245)
(0.00178435 0.00342196 3.87198)
(0.000917094 0.00336998 3.87178)
(0.000176844 0.00313073 3.87178)
(-0.000401748 0.00311556 3.87179)
(-0.0011177 0.00333236 3.8718)
(-0.00197343 0.00352653 3.87191)
(-0.00276065 0.00345962 3.87224)
(-0.00349316 0.00324629 3.87287)
(0.00334186 0.0024607 3.87243)
(0.00248854 0.0025749 3.87191)
(0.00170504 0.00275117 3.87155)
(0.000993134 0.00271702 3.87139)
(0.000270975 0.00235763 3.87146)
(-0.000457904 0.00234031 3.87146)
(-0.00121846 0.00272169 3.87136)
(-0.00195608 0.0028522 3.87148)
(-0.00260736 0.00272251 3.87182)
(-0.00325568 0.00252305 3.87234)
(0.00323373 0.00186723 3.87199)
(0.00240288 0.0019414 3.87158)
(0.00172327 0.00196419 3.87133)
(0.00112309 0.00194356 3.87119)
(0.000366179 0.00172625 3.87122)
(-0.000551993 0.00172244 3.87122)
(-0.00132756 0.00198069 3.87115)
(-0.00191352 0.00202707 3.87127)
(-0.00245639 0.00187937 3.87158)
(-0.00305288 0.00176315 3.87201)
(0.00321387 0.00124637 3.87176)
(0.00246488 0.00122731 3.87145)
(0.00181123 0.00114632 3.87129)
(0.00116892 0.00114503 3.87114)
(0.000388831 0.00118702 3.87099)
(-0.000525833 0.00117817 3.87099)
(-0.00129653 0.00116657 3.87115)
(-0.00189742 0.00113712 3.87132)
(-0.00245964 0.00100381 3.87154)
(-0.00312728 0.00105126 3.87182)
(0.00324519 0.000529912 3.87176)
(0.00255146 0.000455033 3.87147)
(0.00184989 0.000423123 3.87123)
(0.00108487 0.00042951 3.87106)
(0.000333067 0.000572851 3.87089)
(-0.000385866 0.000531512 3.8709)
(-0.00113406 0.000448488 3.87109)
(-0.00190827 0.000365986 3.87127)
(-0.00260792 0.000178823 3.8715)
(-0.00329256 0.000338135 3.87171)
(0.00324455 -0.000194404 3.87175)
(0.00251274 -0.000286333 3.8714)
(0.0017909 -0.000253893 3.8711)
(0.0010346 -0.000248463 3.87095)
(0.000340881 -0.000180042 3.87088)
(-0.000295678 -0.000242445 3.87092)
(-0.00103933 -0.000171491 3.87096)
(-0.00186548 -0.000270764 3.87114)
(-0.00264002 -0.000564954 3.8715)
(-0.00334176 -0.000439115 3.87184)
(0.00315435 -0.000841025 3.87172)
(0.00241949 -0.001014 3.87138)
(0.00176283 -0.00100302 3.87117)
(0.00106556 -0.000969568 3.87104)
(0.000420073 -0.00101748 3.87099)
(-0.000252801 -0.000989717 3.87103)
(-0.00102595 -0.000825414 3.87104)
(-0.00175011 -0.000938077 3.87119)
(-0.0024895 -0.00125621 3.87156)
(-0.00327175 -0.00115445 3.87193)
(0.00316208 -0.00150334 3.87188)
(0.00244254 -0.00176567 3.87168)
(0.00174677 -0.00180346 3.87143)
(0.00109009 -0.00174086 3.87123)
(0.00046931 -0.00185901 3.87124)
(-0.000251503 -0.00163825 3.87116)
(-0.00102463 -0.00154258 3.87119)
(-0.0016592 -0.00172725 3.87139)
(-0.00238226 -0.00190031 3.87171)
(-0.00323003 -0.00176042 3.87201)
(0.00336373 -0.0022233 3.87229)
(0.00255027 -0.00240803 3.87195)
(0.0017349 -0.00256139 3.87176)
(0.0010746 -0.00254941 3.87161)
(0.000427103 -0.00263594 3.8715)
(-0.000302723 -0.00227804 3.87136)
(-0.000999288 -0.00230091 3.87145)
(-0.00165089 -0.00252162 3.87172)
(-0.00243048 -0.00250486 3.8719)
(-0.00328064 -0.00236489 3.87227)
(0.00325006 -0.00299978 3.87278)
(0.00262834 -0.00302576 3.87223)
(0.00183445 -0.00324373 3.87207)
(0.00106247 -0.00330383 3.87192)
(0.000340068 -0.00338273 3.87181)
(-0.000319171 -0.00303716 3.8717)
(-0.00095074 -0.00307375 3.87186)
(-0.00170129 -0.00319027 3.87207)
(-0.00254902 -0.0030964 3.87233)
(-0.00331978 -0.00302912 3.87281)
(0.00322443 0.00291474 3.88511)
(0.00249073 0.00287795 3.88444)
(0.00173645 0.003098 3.88389)
(0.000919347 0.00304392 3.88365)
(0.000170078 0.00288398 3.88363)
(-0.000450268 0.00287196 3.88365)
(-0.00112213 0.00314377 3.88364)
(-0.00184536 0.00335341 3.88379)
(-0.00258173 0.00346767 3.88418)
(-0.00332334 0.00319006 3.885)
(0.0032902 0.00242883 3.88438)
(0.0023368 0.00235394 3.88391)
(0.0015439 0.00242739 3.88355)
(0.000883843 0.00240812 3.88333)
(0.000204167 0.00219294 3.88333)
(-0.000486775 0.00216592 3.88334)
(-0.00117331 0.00246424 3.88331)
(-0.00182301 0.0026518 3.88343)
(-0.002445 0.0028077 3.88368)
(-0.00316033 0.0026245 3.88423)
(0.0031018 0.00192343 3.8839)
(0.00226066 0.00186468 3.88349)
(0.0015163 0.00171107 3.88331)
(0.000924676 0.0016521 3.88317)
(0.000258358 0.00155179 3.88314)
(-0.000546226 0.00155003 3.88314)
(-0.00126878 0.00172552 3.88315)
(-0.00187964 0.00187192 3.88325)
(-0.00240428 0.00199232 3.88344)
(-0.00290607 0.001938 3.88387)
(0.00296274 0.00128363 3.88371)
(0.00225603 0.00123879 3.88331)
(0.00159472 0.000994302 3.88315)
(0.000984348 0.00087964 3.88303)
(0.000297822 0.000962774 3.8829)
(-0.000508003 0.000986619 3.88291)
(-0.00124525 0.000996359 3.88305)
(-0.0018898 0.00108704 3.88322)
(-0.00241913 0.00108892 3.88347)
(-0.00292905 0.00115003 3.88381)
(0.00299077 0.000635513 3.88368)
(0.00223358 0.000560555 3.88333)
(0.00158411 0.000275378 3.88309)
(0.000960998 0.000158344 3.88295)
(0.0003092 0.00031054 3.8828)
(-0.000353401 0.000348365 3.88282)
(-0.00107364 0.000352587 3.88297)
(-0.00182416 0.000397624 3.88314)
(-0.00245092 0.000252707 3.88341)
(-0.0030477 0.000395569 3.88372)
(0.00302135 8.13126e-05 3.88354)
(0.00223748 -6.62396e-05 3.8832)
(0.00159966 -0.000484899 3.88308)
(0.000986415 -0.000563467 3.88298)
(0.00034883 -0.000437229 3.88292)
(-0.000285557 -0.000376815 3.88293)
(-0.00101122 -0.000244747 3.88291)
(-0.00176505 -0.000225191 3.88305)
(-0.00243855 -0.000485992 3.88341)
(-0.00311908 -0.00030478 3.88375)
(0.00297783 -0.000497232 3.88355)
(0.00232818 -0.000772912 3.88326)
(0.00175364 -0.00127692 3.88321)
(0.00110554 -0.00128589 3.88311)
(0.000427098 -0.00116813 3.88303)
(-0.000305496 -0.00103793 3.88302)
(-0.00108295 -0.000874123 3.88301)
(-0.00172143 -0.000937248 3.88313)
(-0.00235174 -0.00115847 3.88348)
(-0.00316107 -0.000891423 3.8838)
(0.00307326 -0.00120497 3.88383)
(0.00245285 -0.00156677 3.88359)
(0.0018047 -0.00202098 3.88344)
(0.00111789 -0.00199088 3.88323)
(0.000438531 -0.00183205 3.88311)
(-0.000316019 -0.00160783 3.883)
(-0.00108262 -0.00152984 3.88306)
(-0.00166797 -0.00175965 3.88331)
(-0.0023269 -0.00175556 3.88358)
(-0.00320557 -0.00139681 3.88383)
(0.00326388 -0.00194728 3.88424)
(0.00255457 -0.00224483 3.88384)
(0.00178948 -0.00265242 3.88366)
(0.00103873 -0.00266144 3.88351)
(0.000341585 -0.00247904 3.88331)
(-0.000346069 -0.00221381 3.88318)
(-0.00100089 -0.00222992 3.88327)
(-0.00163593 -0.00251481 3.88356)
(-0.00237545 -0.00231608 3.88372)
(-0.00321014 -0.00193645 3.88413)
(0.00303681 -0.00274043 3.88488)
(0.00253586 -0.00293112 3.8843)
(0.0018149 -0.00322666 3.88402)
(0.000967876 -0.00323385 3.88381)
(0.000234765 -0.00319178 3.88366)
(-0.000319233 -0.00297697 3.88358)
(-0.000896061 -0.00294931 3.88375)
(-0.00163448 -0.00314186 3.88401)
(-0.00241038 -0.00294649 3.88432)
(-0.003031 -0.00259094 3.88476)
(0.00295448 0.00280919 3.89653)
(0.00227017 0.00274845 3.89579)
(0.00166864 0.00277101 3.89528)
(0.0010317 0.00270896 3.89502)
(0.000318739 0.00274093 3.8949)
(-0.000427749 0.00275089 3.8949)
(-0.00108311 0.00286855 3.89496)
(-0.00163801 0.0029821 3.8952)
(-0.00230727 0.00326685 3.89563)
(-0.00304105 0.00303159 3.89652)
(0.0030749 0.00237028 3.89571)
(0.00220929 0.0021689 3.8953)
(0.00149737 0.0020626 3.89498)
(0.000882776 0.0020243 3.89474)
(0.000237016 0.00215716 3.89457)
(-0.000422763 0.0021513 3.89457)
(-0.00104285 0.00211706 3.89472)
(-0.0016277 0.00225189 3.8949)
(-0.00226867 0.00267788 3.89508)
(-0.00303152 0.00255064 3.89561)
(0.00296365 0.00181749 3.89526)
(0.00222795 0.00168345 3.89486)
(0.00145203 0.00143978 3.8947)
(0.000769145 0.00136504 3.89454)
(0.000169273 0.00146903 3.89439)
(-0.000386844 0.00146551 3.8944)
(-0.00102145 0.00145207 3.89454)
(-0.00175477 0.0016004 3.89468)
(-0.00239708 0.00198774 3.8948)
(-0.00294437 0.00193832 3.8952)
(0.00280357 0.00110669 3.89509)
(0.00214837 0.00111519 3.89462)
(0.00145165 0.0008558 3.89439)
(0.000800163 0.000729573 3.89427)
(0.000203837 0.000738435 3.89422)
(-0.000382331 0.000756948 3.89423)
(-0.00103077 0.00086119 3.89429)
(-0.00176083 0.00103118 3.89444)
(-0.00238258 0.00121195 3.89473)
(-0.00287579 0.00115904 3.89516)
(0.00278417 0.000519142 3.89497)
(0.00200435 0.000519988 3.89455)
(0.00138609 0.000179826 3.89431)
(0.000862831 3.54457e-05 3.89419)
(0.000280365 3.30875e-05 3.89414)
(-0.000357669 8.29061e-05 3.89414)
(-0.00100526 0.000238087 3.89419)
(-0.00164767 0.000425773 3.89432)
(-0.00222609 0.000471782 3.89462)
(-0.00282824 0.000452406 3.89508)
(0.00281449 5.85256e-05 3.89478)
(0.0020524 -4.98844e-05 3.89445)
(0.00146444 -0.000594501 3.89445)
(0.000947044 -0.000720539 3.89438)
(0.000337682 -0.000641524 3.89431)
(-0.000342849 -0.00055526 3.89428)
(-0.00102924 -0.000417526 3.89427)
(-0.00164582 -0.0002625 3.89436)
(-0.00219359 -0.000234034 3.89461)
(-0.0028521 -0.000127155 3.89496)
(0.00285486 -0.00055857 3.89492)
(0.00227211 -0.000717263 3.89463)
(0.00168608 -0.0013437 3.89461)
(0.00107448 -0.0014397 3.8945)
(0.000386393 -0.00123221 3.89439)
(-0.000378156 -0.001122 3.89433)
(-0.00112707 -0.00103992 3.89436)
(-0.00173301 -0.00101072 3.89447)
(-0.00227839 -0.000923117 3.89469)
(-0.00300119 -0.000661151 3.89501)
(0.00297459 -0.00133354 3.89531)
(0.00241062 -0.00147125 3.89488)
(0.00178614 -0.00197983 3.89474)
(0.00105828 -0.00206951 3.89455)
(0.00033703 -0.00176588 3.89432)
(-0.000389569 -0.0016612 3.89426)
(-0.00111297 -0.00163194 3.89436)
(-0.00174937 -0.00173995 3.89461)
(-0.00236055 -0.00156474 3.89481)
(-0.00312394 -0.00120859 3.89514)
(0.00298651 -0.00202378 3.89568)
(0.00239328 -0.00223894 3.89514)
(0.00178362 -0.00251233 3.89486)
(0.000963751 -0.00258429 3.89469)
(0.000225977 -0.00235325 3.89449)
(-0.000388717 -0.00227884 3.89445)
(-0.00104235 -0.00223815 3.89455)
(-0.00171984 -0.00238671 3.89477)
(-0.00233908 -0.00221754 3.89503)
(-0.00303647 -0.00177488 3.89554)
(0.00277507 -0.00269112 3.89647)
(0.00224324 -0.00303243 3.89584)
(0.00165725 -0.00310266 3.89533)
(0.000879656 -0.00303525 3.89505)
(0.000165628 -0.00304681 3.8949)
(-0.000352291 -0.00301615 3.89491)
(-0.000948392 -0.00285621 3.89502)
(-0.00164716 -0.00303017 3.89531)
(-0.00226188 -0.00299163 3.89573)
(-0.00273379 -0.00242881 3.89624)
(0.0026599 0.00279274 3.90733)
(0.00207175 0.00271178 3.90655)
(0.00158818 0.00241762 3.9062)
(0.00111273 0.00246977 3.90591)
(0.000480875 0.00272286 3.90568)
(-0.000325544 0.00274504 3.90565)
(-0.00094328 0.00267919 3.90583)
(-0.00139386 0.00253882 3.90616)
(-0.00199267 0.00271397 3.90664)
(-0.0026297 0.00271566 3.90746)
(0.0027646 0.00222931 3.9065)
(0.00216879 0.00198124 3.90607)
(0.00158098 0.00173407 3.90581)
(0.000956324 0.00176258 3.90557)
(0.000336914 0.00218769 3.90526)
(-0.000291898 0.00220514 3.90526)
(-0.000853441 0.00188258 3.90558)
(-0.00140432 0.00183036 3.90583)
(-0.00207483 0.00213226 3.90605)
(-0.00285782 0.00222589 3.90657)
(0.00282964 0.00155075 3.90612)
(0.0022507 0.00135435 3.9057)
(0.00151928 0.00121573 3.90547)
(0.000759222 0.00120368 3.90527)
(0.000194914 0.00147448 3.90504)
(-0.0001878 0.00148891 3.90505)
(-0.000737438 0.00125692 3.90531)
(-0.00150065 0.00129038 3.90552)
(-0.0022795 0.00161447 3.90569)
(-0.00299915 0.00171072 3.90608)
(0.00277735 0.000814724 3.90593)
(0.00215061 0.000805721 3.90542)
(0.00141991 0.000737396 3.90507)
(0.000717317 0.000681998 3.90493)
(0.000183704 0.000642778 3.90495)
(-0.000202479 0.000671326 3.90495)
(-0.000757745 0.000744065 3.90493)
(-0.00151358 0.000854191 3.90508)
(-0.00226749 0.00110069 3.90539)
(-0.00287716 0.00103037 3.90591)
(0.00271655 0.000243775 3.90571)
(0.00197253 0.000302514 3.90522)
(0.00134494 0.000122066 3.90496)
(0.000829936 4.72602e-05 3.90485)
(0.000281373 -0.000105633 3.90489)
(-0.000322637 -3.93916e-05 3.90488)
(-0.000907223 0.000135549 3.90483)
(-0.00145792 0.00029088 3.90494)
(-0.00205838 0.000557071 3.90522)
(-0.00270482 0.000377937 3.90582)
(0.00269724 -0.000258932 3.90559)
(0.00203832 -0.000252742 3.90524)
(0.0014504 -0.000581008 3.90517)
(0.000921331 -0.000659335 3.90505)
(0.000301185 -0.000696689 3.90498)
(-0.000411176 -0.000599862 3.90492)
(-0.00101921 -0.000578714 3.90499)
(-0.00152048 -0.000424703 3.90508)
(-0.00204047 -5.75622e-05 3.90521)
(-0.00267944 -0.000154286 3.90561)
(0.00276694 -0.000957674 3.90588)
(0.0022237 -0.000897549 3.90549)
(0.00157946 -0.00119432 3.9053)
(0.000939182 -0.00129782 3.90513)
(0.000232631 -0.00116721 3.905)
(-0.000479907 -0.00114347 3.90494)
(-0.00108523 -0.00125148 3.90506)
(-0.00168199 -0.00111942 3.9052)
(-0.0022455 -0.000719024 3.90532)
(-0.0028184 -0.000760258 3.90572)
(0.00283713 -0.00172134 3.90627)
(0.00225557 -0.00155096 3.9056)
(0.00162941 -0.00171484 3.90533)
(0.000903054 -0.00183504 3.9052)
(0.000155379 -0.00161748 3.90495)
(-0.000478134 -0.00177724 3.905)
(-0.00107297 -0.00185141 3.90514)
(-0.00177483 -0.00168834 3.90532)
(-0.00237263 -0.00140514 3.90552)
(-0.00292381 -0.00147814 3.90608)
(0.00266912 -0.00235794 3.90662)
(0.00213155 -0.00228493 3.90593)
(0.0016276 -0.00224654 3.90549)
(0.000879726 -0.0022926 3.90528)
(0.000163163 -0.00216363 3.90515)
(-0.000396183 -0.00247636 3.90527)
(-0.00103264 -0.00240094 3.90536)
(-0.00175472 -0.00221993 3.90549)
(-0.00227729 -0.00216427 3.90592)
(-0.0028102 -0.00212965 3.90657)
(0.00256141 -0.0029188 3.90752)
(0.00193926 -0.00307675 3.90679)
(0.00144902 -0.0029052 3.90609)
(0.000835398 -0.00280127 3.90575)
(0.000208775 -0.00281301 3.90564)
(-0.000361417 -0.00314591 3.90576)
(-0.00103116 -0.00294409 3.90579)
(-0.0016649 -0.00288247 3.90607)
(-0.00212953 -0.00302167 3.90662)
(-0.00261322 -0.00273153 3.90731)
(0.00253901 0.00272865 3.91764)
(0.00197841 0.00272544 3.91686)
(0.00151089 0.00235327 3.91661)
(0.00111747 0.00243499 3.91632)
(0.000554505 0.0027412 3.91604)
(-0.00021488 0.00277636 3.91601)
(-0.000809122 0.00242981 3.91628)
(-0.00124666 0.00214952 3.91668)
(-0.00175015 0.00215787 3.91717)
(-0.00226343 0.00238678 3.91785)
(0.00253911 0.00201864 3.91687)
(0.00217591 0.00195488 3.91631)
(0.0016831 0.00169944 3.91604)
(0.001055 0.0017642 3.91581)
(0.000444467 0.00221379 3.9155)
(-0.000148215 0.00224328 3.9155)
(-0.000708155 0.00171865 3.91586)
(-0.00129875 0.00149185 3.91618)
(-0.00196773 0.00152773 3.91656)
(-0.00260974 0.00173745 3.91711)
(0.00272717 0.00123118 3.91651)
(0.00230045 0.00119419 3.91601)
(0.00168972 0.00122038 3.91563)
(0.000904093 0.00129442 3.9154)
(0.00032143 0.00154308 3.91517)
(-2.33326e-05 0.00153887 3.91519)
(-0.000547972 0.00119371 3.91546)
(-0.00130778 0.00104661 3.91575)
(-0.00214183 0.00110946 3.91609)
(-0.00297754 0.00119882 3.91655)
(0.00279996 0.000539758 3.91623)
(0.00223494 0.000565371 3.91572)
(0.00157162 0.000779817 3.91529)
(0.00084147 0.000861241 3.91509)
(0.000283844 0.000757996 3.91513)
(-7.23116e-05 0.00073376 3.91512)
(-0.000588772 0.000726785 3.91509)
(-0.00131139 0.000679468 3.91526)
(-0.00213218 0.000782401 3.91557)
(-0.00289758 0.000681297 3.91616)
(0.00270895 -4.75931e-05 3.91598)
(0.00213 -4.48166e-06 3.91546)
(0.00153287 0.000231277 3.91516)
(0.000938986 0.000321235 3.915)
(0.00033442 9.22522e-05 3.91507)
(-0.000287504 6.82409e-05 3.91505)
(-0.000837746 0.00012873 3.91499)
(-0.00134572 0.000151148 3.91512)
(-0.00199239 0.000380798 3.9154)
(-0.00268453 0.000135504 3.91603)
(0.00266903 -0.000696084 3.91604)
(0.00214371 -0.000627234 3.9156)
(0.00153715 -0.00035209 3.91529)
(0.000941563 -0.000265269 3.91507)
(0.000295096 -0.000393806 3.91498)
(-0.000401693 -0.000435167 3.91495)
(-0.000956219 -0.000566713 3.91511)
(-0.00143771 -0.000530799 3.91528)
(-0.00199643 -0.00015301 3.91539)
(-0.00260602 -0.000407571 3.91589)
(0.00275628 -0.00144238 3.91636)
(0.00216344 -0.00119349 3.91582)
(0.00144062 -0.00084417 3.91535)
(0.000812235 -0.000834766 3.91511)
(0.000168318 -0.000835406 3.915)
(-0.000429986 -0.0010106 3.91499)
(-0.000912909 -0.00121805 3.91517)
(-0.00155006 -0.00111546 3.91539)
(-0.00217884 -0.000777144 3.91553)
(-0.0026338 -0.00109324 3.91607)
(0.00271402 -0.00212532 3.91667)
(0.00207711 -0.00167649 3.91584)
(0.00142451 -0.00131302 3.91541)
(0.000779377 -0.00138333 3.91531)
(0.000113386 -0.0013279 3.91515)
(-0.000427804 -0.00172847 3.91529)
(-0.000914691 -0.00182569 3.91544)
(-0.00163737 -0.00153925 3.91553)
(-0.0022429 -0.00148226 3.91585)
(-0.00262577 -0.00190224 3.91662)
(0.0024233 -0.00270215 3.91711)
(0.0018988 -0.00232937 3.9163)
(0.00144375 -0.0019003 3.91575)
(0.000836539 -0.00190539 3.91547)
(0.0002064 -0.00190629 3.91544)
(-0.000343726 -0.00243097 3.91565)
(-0.00096846 -0.00237962 3.91575)
(-0.00164306 -0.00202711 3.91583)
(-0.00212601 -0.00225918 3.91642)
(-0.00256021 -0.00263166 3.91718)
(0.00255657 -0.00313558 3.918)
(0.00179534 -0.00304079 3.91717)
(0.00131297 -0.00262172 3.91643)
(0.000862385 -0.0025353 3.91606)
(0.000323137 -0.00251951 3.91599)
(-0.00035507 -0.0029745 3.91615)
(-0.0010767 -0.00292276 3.91615)
(-0.0016005 -0.00273431 3.9164)
(-0.00202114 -0.00300658 3.91701)
(-0.00266034 -0.00317343 3.91795)
(0.00247087 0.00255655 3.9276)
(0.00196367 0.00268389 3.92681)
(0.00140935 0.00249853 3.92652)
(0.000947705 0.0025772 3.92624)
(0.000473786 0.00272828 3.92601)
(-0.00010265 0.0027059 3.926)
(-0.000665513 0.00241287 3.92627)
(-0.00123042 0.00208186 3.92666)
(-0.00173363 0.0018613 3.92718)
(-0.00218898 0.00211996 3.92777)
(0.00240921 0.00174021 3.92689)
(0.00214509 0.00194233 3.92612)
(0.001698 0.00194363 3.92574)
(0.00107008 0.00197784 3.92554)
(0.000483581 0.00211836 3.92537)
(-7.57108e-05 0.00212699 3.92537)
(-0.000661752 0.00185686 3.92559)
(-0.00129149 0.00153924 3.92593)
(-0.00191335 0.00119611 3.92651)
(-0.00241198 0.00138494 3.92715)
(0.00262038 0.000999755 3.92646)
(0.00219308 0.0011213 3.92583)
(0.00174147 0.0014046 3.92531)
(0.00108978 0.00151276 3.92506)
(0.000470672 0.00153645 3.92495)
(-2.67257e-05 0.00152814 3.92495)
(-0.00058149 0.00136694 3.92511)
(-0.00120218 0.00107102 3.92543)
(-0.00193563 0.000772689 3.92597)
(-0.0027578 0.000806388 3.92657)
(0.00279982 0.00044296 3.92608)
(0.00222972 0.000474596 3.92559)
(0.00166686 0.000833104 3.92515)
(0.00102908 0.00104053 3.92488)
(0.000429492 0.000926472 3.92485)
(-6.09302e-05 0.000886846 3.92485)
(-0.000602428 0.000851061 3.92488)
(-0.00119608 0.000578873 3.92509)
(-0.00192737 0.000483756 3.92543)
(-0.00276408 0.000412783 3.92601)
(0.00275233 -0.00018223 3.92589)
(0.00231153 -0.000126107 3.92537)
(0.00170463 0.000310096 3.92502)
(0.00102659 0.000529908 3.9248)
(0.000392223 0.000378919 3.92477)
(-0.000218164 0.00030836 3.92476)
(-0.000777314 0.000275303 3.92478)
(-0.00131402 1.09299e-05 3.925)
(-0.00197332 9.9719e-05 3.92529)
(-0.00265388 -5.99262e-05 3.92585)
(0.00270397 -0.000960085 3.92611)
(0.00226488 -0.00079106 3.92556)
(0.00162844 -0.000128572 3.92497)
(0.000948735 3.49439e-05 3.92467)
(0.000319385 -8.98211e-05 3.92456)
(-0.000294121 -0.00020607 3.92457)
(-0.000814025 -0.000336175 3.92478)
(-0.00136079 -0.000570222 3.92507)
(-0.00200953 -0.00039547 3.92532)
(-0.00257843 -0.000670823 3.92591)
(0.00274804 -0.00163561 3.92636)
(0.0020746 -0.00130962 3.92566)
(0.00136156 -0.000557094 3.925)
(0.000768378 -0.000495994 3.92471)
(0.000218604 -0.000620927 3.92462)
(-0.000269562 -0.000819104 3.92467)
(-0.000690721 -0.000965664 3.92485)
(-0.00133179 -0.00102669 3.92515)
(-0.00203896 -0.000944512 3.92547)
(-0.00248127 -0.00140364 3.92615)
(0.00259226 -0.00213844 3.92655)
(0.00191738 -0.00171886 3.92573)
(0.00131584 -0.00109084 3.9252)
(0.00076787 -0.00105287 3.92507)
(0.000203238 -0.00125066 3.92503)
(-0.00026426 -0.00153465 3.92517)
(-0.000705642 -0.00160696 3.92527)
(-0.00137085 -0.00140002 3.92537)
(-0.00200656 -0.00157449 3.92584)
(-0.00238468 -0.00217003 3.92669)
(0.0024058 -0.00265218 3.92713)
(0.00184202 -0.00228104 3.92634)
(0.00135859 -0.00177398 3.92575)
(0.000870432 -0.00161829 3.9254)
(0.000316303 -0.00188849 3.92545)
(-0.000241355 -0.00219295 3.9256)
(-0.000822512 -0.00219658 3.9257)
(-0.00142401 -0.00189161 3.92585)
(-0.00194094 -0.00226599 3.92649)
(-0.00237564 -0.002864 3.92728)
(0.00271243 -0.00306525 3.92795)
(0.00191036 -0.00282433 3.92705)
(0.00130852 -0.00246309 3.92643)
(0.000920824 -0.0023528 3.92606)
(0.00043814 -0.00244485 3.926)
(-0.000303243 -0.00267854 3.9261)
(-0.000990595 -0.00278048 3.92616)
(-0.00145741 -0.00254972 3.92639)
(-0.00193171 -0.00286561 3.92698)
(-0.00267464 -0.00336925 3.9281)
(0.00258121 0.00242395 3.93731)
(0.00204158 0.00256127 3.93649)
(0.00136165 0.00266534 3.93599)
(0.000716442 0.00271037 3.93571)
(0.000242199 0.00259786 3.93561)
(-0.000120231 0.00255614 3.93563)
(-0.000651677 0.00246198 3.93582)
(-0.00134769 0.00231465 3.93614)
(-0.00189428 0.00198305 3.9367)
(-0.00235519 0.00218335 3.93733)
(0.0024751 0.00167581 3.93659)
(0.00207686 0.0019839 3.93565)
(0.00156355 0.00220114 3.93512)
(0.000967891 0.00222063 3.93491)
(0.000406541 0.00192503 3.93495)
(-0.000129719 0.00190232 3.93495)
(-0.000729555 0.00204228 3.93495)
(-0.00137977 0.00185342 3.93524)
(-0.00192996 0.00135185 3.93592)
(-0.00233018 0.00143605 3.9367)
(0.00252276 0.00107017 3.93604)
(0.00201841 0.00127495 3.93529)
(0.00164283 0.00159039 3.93471)
(0.00117368 0.00167017 3.93446)
(0.000544872 0.00145754 3.93449)
(-0.000202751 0.00143986 3.93448)
(-0.000821478 0.00152283 3.93447)
(-0.00126914 0.00130111 3.93476)
(-0.00176811 0.000793156 3.93539)
(-0.00240379 0.000816987 3.93614)
(0.00266482 0.000615522 3.9356)
(0.00212266 0.000591043 3.9351)
(0.00168486 0.000912687 3.93471)
(0.00117961 0.00106995 3.93443)
(0.000534847 0.00108892 3.93428)
(-0.000202369 0.00106215 3.93427)
(-0.00081679 0.000905074 3.93442)
(-0.00126753 0.000632932 3.93468)
(-0.00178569 0.000295809 3.93504)
(-0.00247861 0.000413625 3.93558)
(0.00273744 -2.62709e-05 3.93552)
(0.00234304 -6.64141e-05 3.93501)
(0.0017683 0.000364418 3.93461)
(0.00107462 0.000566803 3.93434)
(0.000426694 0.000669679 3.93417)
(-0.000173937 0.000621502 3.93417)
(-0.000778045 0.000357185 3.93434)
(-0.00139403 4.30471e-05 3.93463)
(-0.00201679 -0.000229015 3.93497)
(-0.00257354 -0.000109401 3.93543)
(0.00275082 -0.000834092 3.93578)
(0.00230021 -0.000679444 3.9351)
(0.00164731 -4.54562e-05 3.9344)
(0.000946043 0.000149672 3.93408)
(0.000355144 0.00015333 3.93397)
(-0.000144138 7.14879e-05 3.93402)
(-0.000684365 -0.000117492 3.9342)
(-0.00134862 -0.000401838 3.93455)
(-0.00204954 -0.000749981 3.93504)
(-0.00257533 -0.000808098 3.93569)
(0.00268539 -0.001415 3.93588)
(0.00200251 -0.00115089 3.93509)
(0.001382 -0.000504866 3.93444)
(0.000815274 -0.000338453 3.93416)
(0.000329222 -0.000496531 3.9341)
(-8.50282e-05 -0.000580679 3.93418)
(-0.000542491 -0.000652345 3.93431)
(-0.00115252 -0.000807357 3.93463)
(-0.00184191 -0.00124301 3.93517)
(-0.00239748 -0.00146041 3.93591)
(0.0025266 -0.00179343 3.93602)
(0.00186185 -0.00158592 3.93536)
(0.00130486 -0.00111101 3.93483)
(0.000842414 -0.000925882 3.9346)
(0.000367713 -0.0012054 3.93465)
(-9.11435e-05 -0.00125253 3.93467)
(-0.000550486 -0.00126554 3.93474)
(-0.00107796 -0.00129822 3.93493)
(-0.00170973 -0.00173946 3.93552)
(-0.0022455 -0.00202083 3.93625)
(0.00258108 -0.0022774 3.9367)
(0.00194374 -0.00203566 3.93601)
(0.00133307 -0.00180336 3.9355)
(0.000940597 -0.00160337 3.93512)
(0.000457126 -0.00182064 3.93513)
(-0.000149173 -0.00183702 3.93513)
(-0.00065714 -0.00190154 3.93525)
(-0.00113133 -0.00188319 3.93554)
(-0.00178291 -0.00218852 3.93608)
(-0.00234384 -0.00263391 3.93683)
(0.00288192 -0.00274503 3.93746)
(0.00216731 -0.00240755 3.93652)
(0.00146226 -0.00238766 3.9361)
(0.00101652 -0.00238141 3.93579)
(0.000521174 -0.00230506 3.93567)
(-0.000211218 -0.00230315 3.93565)
(-0.000793346 -0.00256416 3.93582)
(-0.00126126 -0.00244867 3.93608)
(-0.00190737 -0.00251823 3.93659)
(-0.00269865 -0.00317406 3.93772)
(0.00267335 0.00238365 3.94683)
(0.00205986 0.0024654 3.94594)
(0.00131132 0.00287493 3.94519)
(0.00056097 0.00280817 3.94487)
(4.95169e-05 0.00242561 3.94489)
(-0.000221422 0.00238663 3.94492)
(-0.000753596 0.00256101 3.945)
(-0.00150061 0.00275756 3.94525)
(-0.00210203 0.00259996 3.94584)
(-0.00269183 0.0025983 3.94665)
(0.00259221 0.0018511 3.94603)
(0.00192881 0.00210111 3.94503)
(0.00131592 0.00241635 3.94436)
(0.000794991 0.00235055 3.94411)
(0.000261649 0.00175494 3.94427)
(-0.000273466 0.00172545 3.94427)
(-0.000878129 0.00220263 3.94411)
(-0.00148276 0.00230125 3.94433)
(-0.00198146 0.00208062 3.94496)
(-0.00237426 0.00197726 3.94585)
(0.00246389 0.00142374 3.94534)
(0.00181123 0.00162113 3.94452)
(0.00139429 0.00173843 3.944)
(0.00105605 0.00171199 3.94377)
(0.000450411 0.00134759 3.94385)
(-0.000411974 0.00132773 3.94384)
(-0.00106326 0.00166288 3.94373)
(-0.00144055 0.00165127 3.94393)
(-0.00174684 0.00140416 3.9445)
(-0.00210582 0.00128923 3.94535)
(0.00247195 0.0010066 3.94492)
(0.00193244 0.00100692 3.94434)
(0.00154174 0.000995367 3.94404)
(0.00113308 0.00103466 3.94378)
(0.000483295 0.00109804 3.94352)
(-0.000387389 0.00107563 3.94352)
(-0.001041 0.00100806 3.94377)
(-0.00143189 0.000882238 3.94404)
(-0.00174543 0.000634132 3.94443)
(-0.002207 0.000756064 3.94497)
(0.00259001 0.000372618 3.94491)
(0.00217743 0.000334284 3.94438)
(0.00164414 0.000425782 3.94397)
(0.0010009 0.00050388 3.94368)
(0.000376808 0.000741069 3.9434)
(-0.00020033 0.000681097 3.94341)
(-0.000815232 0.000485119 3.9437)
(-0.00146357 0.000274811 3.94401)
(-0.00198403 -8.61701e-05 3.94442)
(-0.00243739 0.000199321 3.94483)
(0.00265717 -0.000331382 3.94508)
(0.0021433 -0.000248627 3.94432)
(0.00156047 -2.37133e-05 3.94372)
(0.000924179 6.54281e-05 3.94346)
(0.000384177 0.000171801 3.94335)
(-5.95722e-05 8.82453e-05 3.94342)
(-0.000651211 9.42516e-05 3.9435)
(-0.00135992 -0.000131868 3.94382)
(-0.00199147 -0.000680264 3.94448)
(-0.00248736 -0.000476824 3.94514)
(0.00254975 -0.000771243 3.94505)
(0.00190447 -0.000772145 3.94429)
(0.00144989 -0.000604275 3.94383)
(0.000962593 -0.000457992 3.94359)
(0.00051951 -0.000542351 3.94353)
(4.44519e-05 -0.000488597 3.94359)
(-0.000575873 -0.000352772 3.94365)
(-0.00112357 -0.000600575 3.94392)
(-0.00169497 -0.00118059 3.9446)
(-0.0023478 -0.00100518 3.9453)
(0.00252065 -0.00109214 3.94525)
(0.00190496 -0.00132974 3.94476)
(0.00141283 -0.00130744 3.94433)
(0.00100614 -0.00109422 3.94398)
(0.000602402 -0.00126841 3.94401)
(4.75896e-05 -0.000943112 3.94388)
(-0.000562331 -0.000885862 3.94395)
(-0.000983516 -0.00126003 3.94429)
(-0.00156147 -0.00159255 3.94487)
(-0.00229206 -0.00136664 3.94541)
(0.00274518 -0.00156978 3.94593)
(0.00210704 -0.00177076 3.94534)
(0.00142949 -0.00194295 3.94494)
(0.00101489 -0.00181006 3.9446)
(0.000553632 -0.00185511 3.94448)
(-8.06297e-05 -0.0013709 3.9443)
(-0.000579404 -0.00149852 3.94443)
(-0.000997822 -0.00190645 3.94489)
(-0.00169892 -0.00191223 3.94527)
(-0.00236372 -0.00186885 3.94596)
(0.00288653 -0.00217085 3.94669)
(0.00236255 -0.00210749 3.94578)
(0.00163649 -0.00241705 3.94547)
(0.00106646 -0.00248364 3.94522)
(0.00048683 -0.00230685 3.945)
(-0.000150863 -0.0018759 3.94485)
(-0.000597829 -0.00216851 3.94515)
(-0.00112242 -0.00237007 3.94549)
(-0.00185737 -0.00219143 3.94595)
(-0.00246922 -0.00248541 3.94692)
(0.00260202 0.0024923 3.95617)
(0.00201394 0.00246825 3.95523)
(0.00131681 0.00290221 3.95431)
(0.000548922 0.00276541 3.95395)
(-1.00886e-05 0.00234982 3.95397)
(-0.000350554 0.00231725 3.954)
(-0.0008911 0.00274789 3.95401)
(-0.00160478 0.00314486 3.95424)
(-0.00226947 0.0032178 3.95484)
(-0.00292159 0.00294725 3.95588)
(0.00260575 0.00212795 3.95526)
(0.00176396 0.00214399 3.95435)
(0.00109863 0.00241664 3.95363)
(0.000633445 0.00227301 3.95331)
(0.000129524 0.00173745 3.95342)
(-0.000425928 0.00171072 3.95342)
(-0.000986553 0.00230452 3.95328)
(-0.00151316 0.00268135 3.95346)
(-0.00199475 0.00276543 3.95395)
(-0.0025492 0.00254305 3.95487)
(0.00233794 0.00179822 3.9545)
(0.00159667 0.00181954 3.9537)
(0.00107632 0.00173042 3.95329)
(0.000793572 0.0015598 3.95307)
(0.000264184 0.00130491 3.95307)
(-0.000559027 0.00131376 3.95306)
(-0.00117432 0.00167221 3.953)
(-0.00152638 0.00198451 3.95314)
(-0.0017847 0.00203312 3.95355)
(-0.00203518 0.00196008 3.95439)
(0.00222958 0.0013266 3.95416)
(0.00167429 0.0013199 3.95346)
(0.00123294 0.00100008 3.95319)
(0.000868592 0.000833169 3.95297)
(0.000302319 0.000987795 3.95269)
(-0.000499757 0.00103103 3.95269)
(-0.00113043 0.00100819 3.95296)
(-0.00152357 0.00118637 3.95321)
(-0.00176571 0.00115745 3.95362)
(-0.00205181 0.00128226 3.95423)
(0.00240476 0.00075849 3.95413)
(0.0018201 0.000752528 3.95353)
(0.00129226 0.000401559 3.95313)
(0.000773305 0.00024527 3.95287)
(0.000260694 0.000531238 3.95258)
(-0.000245232 0.000593893 3.95258)
(-0.000833043 0.000488587 3.95287)
(-0.00144666 0.000566227 3.95314)
(-0.00188325 0.000378369 3.95358)
(-0.00228392 0.000646237 3.95409)
(0.00249998 0.000298561 3.9541)
(0.00183782 0.000282793 3.95334)
(0.00131572 -0.000147878 3.95299)
(0.000794333 -0.000288374 3.95282)
(0.000319479 -0.000124076 3.95272)
(-0.000111061 -1.77784e-05 3.95275)
(-0.000704663 6.5666e-05 3.95276)
(-0.00134646 0.000122544 3.95296)
(-0.00185918 -0.000251872 3.95357)
(-0.00235106 4.95556e-05 3.95423)
(0.00239333 -2.87742e-05 3.95404)
(0.00182268 -0.000277096 3.95339)
(0.00146019 -0.00080433 3.95317)
(0.000975781 -0.000836808 3.95298)
(0.000488925 -0.000807912 3.95289)
(-6.04528e-05 -0.000536767 3.95289)
(-0.000763891 -0.00038179 3.95291)
(-0.00122545 -0.000474886 3.9531)
(-0.00163178 -0.00079595 3.95371)
(-0.00230342 -0.000383475 3.95432)
(0.00248174 -0.000409167 3.95435)
(0.00196119 -0.000958611 3.95395)
(0.0015002 -0.00146823 3.95361)
(0.00102556 -0.00142084 3.95318)
(0.000574388 -0.00141964 3.95311)
(-3.58936e-05 -0.000902045 3.95291)
(-0.000727845 -0.000846246 3.953)
(-0.00110388 -0.00127608 3.95347)
(-0.00158086 -0.00122765 3.95393)
(-0.00237558 -0.000690041 3.95435)
(0.0027684 -0.000938347 3.95497)
(0.00216719 -0.00144468 3.95439)
(0.00147997 -0.00196782 3.95404)
(0.000969772 -0.00205469 3.95378)
(0.000491288 -0.00194288 3.9535)
(-0.000101486 -0.00130366 3.95324)
(-0.000591298 -0.00139958 3.9534)
(-0.00104316 -0.00193222 3.95393)
(-0.00168525 -0.00158618 3.95423)
(-0.00236332 -0.0011134 3.9549)
(0.00258669 -0.00165832 3.9558)
(0.00226557 -0.0018732 3.95491)
(0.00164221 -0.00238058 3.95456)
(0.000974439 -0.00258274 3.95435)
(0.000369854 -0.00245129 3.95405)
(-8.51534e-05 -0.00189576 3.95387)
(-0.000457263 -0.00203063 3.9542)
(-0.00104104 -0.00234081 3.95466)
(-0.0017336 -0.00203119 3.95514)
(-0.00210213 -0.00177296 3.95589)
(0.00254086 0.00263191 3.96537)
(0.00195473 0.00252614 3.96441)
(0.00138994 0.00272614 3.96351)
(0.000741552 0.00261982 3.96309)
(0.000103607 0.00243391 3.963)
(-0.000469602 0.00244672 3.96301)
(-0.00102226 0.00273933 3.96305)
(-0.00154927 0.00311041 3.96335)
(-0.00220395 0.00351103 3.96394)
(-0.0028987 0.00319456 3.96511)
(0.00257005 0.0023457 3.96436)
(0.00171522 0.00215017 3.96362)
(0.00104808 0.00215565 3.96297)
(0.00059483 0.00207962 3.96258)
(8.66051e-05 0.0019491 3.96246)
(-0.000473375 0.00193932 3.96245)
(-0.000980085 0.00214289 3.96254)
(-0.00145983 0.00257066 3.96276)
(-0.00201477 0.00312471 3.96313)
(-0.00271414 0.0029092 3.96396)
(0.00232371 0.00193728 3.96362)
(0.00164506 0.00187666 3.96291)
(0.000967834 0.00157471 3.96257)
(0.000536069 0.00141232 3.96232)
(8.33451e-05 0.00142227 3.96215)
(-0.000490483 0.0014247 3.96215)
(-0.00101285 0.00151961 3.96227)
(-0.00151917 0.0019779 3.96242)
(-0.00196542 0.00251586 3.96269)
(-0.00229129 0.00240483 3.96343)
(0.00215738 0.00135652 3.96336)
(0.00158768 0.00143472 3.96256)
(0.00103866 0.00103795 3.9622)
(0.000588557 0.000762459 3.96201)
(0.000115044 0.000902329 3.9618)
(-0.000458018 0.000932223 3.9618)
(-0.000992148 0.00093193 3.962)
(-0.00149916 0.0014007 3.96221)
(-0.00190051 0.00175776 3.96262)
(-0.00219168 0.00167239 3.96337)
(0.00225426 0.000925784 3.96322)
(0.00149653 0.00095217 3.96251)
(0.000999943 0.000451006 3.9621)
(0.000594517 0.000162821 3.9619)
(0.000147044 0.000320801 3.96169)
(-0.000324314 0.000387596 3.9617)
(-0.000838814 0.000383169 3.96187)
(-0.00135189 0.000852553 3.96205)
(-0.00176512 0.00107367 3.96248)
(-0.00223855 0.00107209 3.96321)
(0.00232 0.000700252 3.96298)
(0.00155735 0.000554476 3.96229)
(0.00108919 -0.000219757 3.96216)
(0.000678626 -0.000445147 3.96204)
(0.000213127 -0.000322476 3.96195)
(-0.000264173 -0.000206497 3.96192)
(-0.000849868 -0.000130279 3.96192)
(-0.00136363 0.000269738 3.962)
(-0.00172338 0.000448492 3.9624)
(-0.00226097 0.00064508 3.96306)
(0.00226662 0.000365587 3.963)
(0.00177805 -1.27857e-05 3.96245)
(0.00140016 -0.00089656 3.96236)
(0.000893169 -0.00100752 3.96219)
(0.000342083 -0.000882501 3.96207)
(-0.000278128 -0.000683802 3.96202)
(-0.000999127 -0.000577907 3.96206)
(-0.00147026 -0.000439654 3.96219)
(-0.00175402 -0.000211851 3.96257)
(-0.0023144 0.000265817 3.96312)
(0.00244065 -0.000184703 3.96345)
(0.00197874 -0.000708464 3.96297)
(0.00144815 -0.00143734 3.96262)
(0.000902783 -0.00156712 3.9622)
(0.000406124 -0.00134229 3.96202)
(-0.000224738 -0.00105078 3.96189)
(-0.000928771 -0.000982013 3.96204)
(-0.00140795 -0.00118017 3.96249)
(-0.00180998 -0.000809859 3.96284)
(-0.00245256 -0.000168604 3.96334)
(0.0026051 -0.000779793 3.96407)
(0.00201435 -0.00120111 3.96332)
(0.00134384 -0.0018106 3.96291)
(0.000768003 -0.00217214 3.96271)
(0.000308615 -0.00183797 3.96235)
(-0.000184515 -0.00150431 3.96218)
(-0.000718465 -0.001441 3.96236)
(-0.00126035 -0.0017686 3.96281)
(-0.0017758 -0.0013394 3.96316)
(-0.00236448 -0.000676125 3.96393)
(0.00212925 -0.00147986 3.96492)
(0.00184308 -0.00174345 3.96405)
(0.00140821 -0.00228124 3.96355)
(0.000742112 -0.0026216 3.96333)
(0.000165473 -0.00248039 3.96302)
(-0.000106538 -0.00219296 3.9629)
(-0.000474985 -0.00196669 3.96315)
(-0.00107681 -0.00225987 3.96366)
(-0.00162465 -0.00198293 3.96426)
(-0.00184642 -0.00136539 3.96485)
(0.00228336 0.00259902 3.97446)
(0.00175649 0.0025109 3.97351)
(0.0013535 0.00244455 3.97281)
(0.000919137 0.00244994 3.97235)
(0.000294528 0.00260862 3.97208)
(-0.000496087 0.00263724 3.97206)
(-0.00107271 0.00271681 3.97222)
(-0.00146427 0.00277467 3.97264)
(-0.0020137 0.00321054 3.97322)
(-0.00261119 0.00307481 3.97436)
(0.00245717 0.00231231 3.97341)
(0.00172876 0.00195658 3.97281)
(0.00115216 0.00180306 3.97228)
(0.000659487 0.00182361 3.97184)
(0.00013262 0.00221076 3.97146)
(-0.000441491 0.00223367 3.97145)
(-0.00092034 0.00200264 3.97182)
(-0.00136281 0.00217313 3.97216)
(-0.00197098 0.00272649 3.97253)
(-0.00272238 0.00276945 3.97323)
(0.00239203 0.0018441 3.97276)
(0.00178649 0.00157904 3.97214)
(0.00103903 0.00133884 3.97176)
(0.00040644 0.00128318 3.97141)
(-2.57277e-05 0.00157933 3.9711)
(-0.000302263 0.00159533 3.97111)
(-0.000731065 0.00142331 3.97143)
(-0.00139376 0.00169236 3.97169)
(-0.00212486 0.00230881 3.97196)
(-0.00267833 0.00230748 3.9726)
(0.00224462 0.0011849 3.97254)
(0.00165119 0.00122233 3.97168)
(0.000951823 0.000945804 3.97117)
(0.000369508 0.000792383 3.97093)
(-2.96063e-05 0.000807154 3.97085)
(-0.000286442 0.00081767 3.97085)
(-0.00070148 0.000957165 3.97092)
(-0.00134917 0.00132798 3.97113)
(-0.00202259 0.00187131 3.97159)
(-0.00251811 0.00161572 3.97249)
(0.00218512 0.000766759 3.97227)
(0.00139408 0.000863448 3.97144)
(0.000857167 0.000408454 3.97101)
(0.000474478 0.0001975 3.9708)
(6.76821e-05 8.8124e-05 3.97075)
(-0.000359015 0.000104882 3.97075)
(-0.000782781 0.000391894 3.97076)
(-0.00120498 0.000835701 3.97091)
(-0.00168844 0.00140464 3.97135)
(-0.00232635 0.00110904 3.97227)
(0.00216145 0.00057094 3.97194)
(0.00146811 0.000432438 3.97132)
(0.00101968 -0.000251374 3.97123)
(0.000611979 -0.000465788 3.97108)
(0.000122071 -0.000507754 3.97098)
(-0.000424541 -0.000474826 3.97093)
(-0.000915584 -0.000272543 3.97097)
(-0.00129831 0.000159344 3.97104)
(-0.00167648 0.000877484 3.97123)
(-0.0022744 0.000791431 3.97189)
(0.0022117 0.000101195 3.9721)
(0.00181822 -0.000200474 3.97159)
(0.00134443 -0.000829181 3.97142)
(0.000762671 -0.00101556 3.9712)
(0.000147545 -0.000951083 3.97105)
(-0.000496518 -0.000938842 3.97099)
(-0.0010855 -0.000871158 3.97109)
(-0.00158235 -0.000505221 3.97122)
(-0.00196858 0.000245724 3.97139)
(-0.0024054 0.000302575 3.97199)
(0.00236679 -0.000690712 3.97268)
(0.00197809 -0.000860391 3.97196)
(0.00139136 -0.00125308 3.9715)
(0.00075677 -0.00148959 3.97116)
(0.000180281 -0.00133261 3.97091)
(-0.000438881 -0.00135556 3.97094)
(-0.00107654 -0.0013577 3.97114)
(-0.00167962 -0.00103563 3.97141)
(-0.00209218 -0.000442644 3.97175)
(-0.00251833 -0.000389779 3.97252)
(0.00233712 -0.00134139 3.97334)
(0.00176572 -0.00141537 3.97233)
(0.00124003 -0.00163363 3.97178)
(0.000632187 -0.00197608 3.97157)
(0.000130552 -0.00183691 3.97125)
(-0.000314641 -0.00185035 3.97125)
(-0.000923125 -0.00177757 3.97144)
(-0.00155608 -0.00152425 3.97173)
(-0.0018821 -0.00121151 3.97224)
(-0.00235566 -0.000945456 3.97317)
(0.00179282 -0.0018702 3.97413)
(0.00137379 -0.00209747 3.9733)
(0.00106543 -0.00223251 3.9726)
(0.000501013 -0.00241726 3.97228)
(3.19596e-06 -0.00254795 3.97205)
(-0.000235767 -0.00253518 3.97205)
(-0.000704819 -0.0022138 3.9722)
(-0.00127596 -0.00213375 3.97266)
(-0.00159055 -0.00213184 3.97338)
(-0.00180309 -0.00146626 3.97396)
(0.00205255 0.00237828 3.98344)
(0.00159875 0.0025143 3.98256)
(0.00132057 0.00215532 3.98213)
(0.000998669 0.00230218 3.98168)
(0.000391488 0.00274221 3.98128)
(-0.000455537 0.00281966 3.98124)
(-0.00100777 0.00262727 3.98153)
(-0.00130937 0.00227813 3.98206)
(-0.00172925 0.00244644 3.98265)
(-0.00208154 0.00235819 3.9836)
(0.0021742 0.00194572 3.98245)
(0.0017503 0.00172168 3.98189)
(0.00134461 0.00147998 3.98148)
(0.00077951 0.00170501 3.98104)
(0.000207156 0.00234448 3.98052)
(-0.000340291 0.00239791 3.98052)
(-0.000793505 0.00186525 3.98105)
(-0.00125646 0.00161155 3.98152)
(-0.00181224 0.00178526 3.98202)
(-0.00249569 0.00187653 3.98265)
(0.00240621 0.00137105 3.98193)
(0.00193591 0.00109227 3.98133)
(0.00125107 0.00107642 3.98085)
(0.00048759 0.00129951 3.98038)
(3.56707e-05 0.00165787 3.98004)
(-0.000116937 0.00169508 3.98005)
(-0.000511222 0.00131993 3.98047)
(-0.00123824 0.00121864 3.98091)
(-0.00208586 0.00138684 3.98134)
(-0.00286092 0.00151167 3.98192)
(0.00239662 0.000708138 3.98169)
(0.00180562 0.000676028 3.98085)
(0.00105307 0.000783948 3.98018)
(0.000393023 0.00087645 3.97986)
(2.70681e-05 0.000782342 3.97987)
(-0.000106839 0.000812242 3.97988)
(-0.000475108 0.000898052 3.97986)
(-0.00117529 0.000976023 3.98015)
(-0.00203002 0.00115521 3.98072)
(-0.00273405 0.000965667 3.98164)
(0.00221177 0.00027837 3.98137)
(0.00148449 0.000332113 3.98045)
(0.000918918 0.000293826 3.97995)
(0.000524753 0.000268141 3.97972)
(0.000131496 1.35663e-05 3.97977)
(-0.000304934 6.61207e-05 3.97976)
(-0.000693436 0.000308777 3.97968)
(-0.0010823 0.000526528 3.97989)
(-0.00169866 0.000880408 3.98043)
(-0.00247739 0.000531924 3.98137)
(0.00212086 -4.35304e-05 3.98107)
(0.0015287 -0.000135645 3.9805)
(0.00103414 -0.00034031 3.98022)
(0.00060583 -0.000415972 3.97997)
(0.00011147 -0.000532525 3.97984)
(-0.000463027 -0.000474023 3.97978)
(-0.000865174 -0.000440975 3.97991)
(-0.00120231 -0.000141077 3.9801)
(-0.00172598 0.000491617 3.98029)
(-0.00242064 0.00024929 3.98095)
(0.00225821 -0.000668698 3.98139)
(0.00184185 -0.000699235 3.9808)
(0.00120008 -0.000821654 3.98037)
(0.000588593 -0.000976035 3.98007)
(-2.98773e-05 -0.00092375 3.9799)
(-0.000581931 -0.00103042 3.97985)
(-0.000953617 -0.00113334 3.98003)
(-0.00150202 -0.000684134 3.98025)
(-0.00209524 -2.10756e-05 3.98041)
(-0.00252793 -0.000301506 3.98112)
(0.00233538 -0.00151057 3.98197)
(0.00190992 -0.00122107 3.98099)
(0.00126826 -0.00116159 3.98039)
(0.000569219 -0.00140624 3.98016)
(-8.64376e-05 -0.00129389 3.97989)
(-0.000587794 -0.00168402 3.98007)
(-0.00102804 -0.001717 3.98027)
(-0.00168001 -0.00103965 3.98038)
(-0.00220045 -0.000673136 3.98083)
(-0.00253187 -0.0010943 3.98186)
(0.00214083 -0.00214865 3.98259)
(0.00162914 -0.00180709 3.98149)
(0.00119596 -0.00158149 3.98081)
(0.000538033 -0.00178056 3.98049)
(-2.52405e-05 -0.00181957 3.9803)
(-0.000444385 -0.00231886 3.98051)
(-0.00103362 -0.00219971 3.98069)
(-0.00164992 -0.00150542 3.98082)
(-0.00193213 -0.00146333 3.98151)
(-0.00235852 -0.0016756 3.98252)
(0.00177617 -0.00256507 3.98337)
(0.00120114 -0.00254387 3.9826)
(0.000889344 -0.0022386 3.98178)
(0.000420056 -0.00224117 3.98133)
(-6.41833e-06 -0.00254398 3.98122)
(-0.000367448 -0.00292289 3.98133)
(-0.000967947 -0.00266954 3.9814)
(-0.00146109 -0.00223638 3.98176)
(-0.00168363 -0.00238593 3.9825)
(-0.00206416 -0.0020824 3.98319)
(0.00193898 0.00230035 3.99229)
(0.00151548 0.00245499 3.99155)
(0.001221 0.00203798 3.99131)
(0.000957069 0.00227127 3.99092)
(0.000420367 0.00269088 3.99053)
(-0.000332726 0.00276968 3.99049)
(-0.000874709 0.00237812 3.99085)
(-0.00117003 0.00198198 3.99138)
(-0.00140546 0.00167647 3.99199)
(-0.00161929 0.0017779 3.99265)
(0.00204956 0.00164563 3.99146)
(0.00183903 0.0016331 3.99084)
(0.00150434 0.00136064 3.99048)
(0.000899922 0.00169947 3.9901)
(0.000296515 0.00223524 3.98964)
(-0.000222728 0.00229579 3.98964)
(-0.000754699 0.00174148 3.99011)
(-0.00125534 0.00120477 3.99062)
(-0.00166205 0.000851005 3.99129)
(-0.00207481 0.00104338 3.99197)
(0.00240783 0.000895224 3.99107)
(0.00209193 0.00085943 3.99039)
(0.00153205 0.000968132 3.9898)
(0.000710131 0.00137739 3.98928)
(0.000170594 0.00159605 3.98902)
(-4.96785e-05 0.00161496 3.98903)
(-0.000506662 0.00133104 3.98935)
(-0.00122608 0.000749357 3.98994)
(-0.00191119 0.000335704 3.9906)
(-0.00266126 0.000562295 3.99123)
(0.0025306 0.000242736 3.99075)
(0.00201348 0.00031173 3.98997)
(0.00132861 0.0006898 3.98923)
(0.000623919 0.00101932 3.98883)
(0.000168553 0.000819326 3.98886)
(-7.05698e-05 0.000808221 3.98885)
(-0.000470337 0.000915832 3.98884)
(-0.00114017 0.000476401 3.98925)
(-0.00193412 -1.61724e-06 3.98996)
(-0.00269536 0.000195508 3.99071)
(0.00231709 -0.000248522 3.99045)
(0.0017677 -0.000159768 3.98955)
(0.00123117 0.000235831 3.98897)
(0.000747664 0.000469813 3.98866)
(0.000255421 0.000178704 3.98872)
(-0.000272761 0.000150282 3.98871)
(-0.000695702 0.00031632 3.98866)
(-0.00110621 3.42399e-05 3.98899)
(-0.00178576 -0.000297136 3.98961)
(-0.0025452 -0.000195372 3.99045)
(0.00218614 -0.000758091 3.99033)
(0.00171185 -0.000750142 3.98971)
(0.00119896 -0.000336376 3.98913)
(0.00072704 -0.000139442 3.98875)
(0.000195977 -0.000270238 3.98857)
(-0.000390755 -0.000348369 3.98855)
(-0.000776077 -0.00039239 3.98877)
(-0.00114219 -0.000589826 3.98915)
(-0.00182339 -0.0005803 3.98955)
(-0.00256384 -0.000611086 3.99022)
(0.00231734 -0.00141818 3.99071)
(0.00178349 -0.00126105 3.98997)
(0.00109252 -0.000800213 3.98925)
(0.000549583 -0.000711423 3.98885)
(8.06331e-06 -0.000693082 3.98868)
(-0.00045245 -0.000962007 3.98867)
(-0.000702064 -0.00109523 3.9889)
(-0.00126431 -0.00103072 3.98927)
(-0.00208404 -0.000898116 3.98968)
(-0.00263463 -0.00121309 3.9905)
(0.00230484 -0.00207884 3.99119)
(0.00172309 -0.00165885 3.9901)
(0.00111198 -0.00123917 3.98946)
(0.000523721 -0.00121945 3.98924)
(-8.37253e-05 -0.00117381 3.989)
(-0.000494262 -0.00174044 3.98923)
(-0.00078679 -0.00177682 3.98941)
(-0.00143802 -0.0012806 3.98948)
(-0.00211316 -0.00137353 3.99006)
(-0.0024948 -0.00195054 3.99117)
(0.00206273 -0.00260119 3.99165)
(0.00158983 -0.00223211 3.99073)
(0.00117671 -0.00181574 3.99005)
(0.000586443 -0.001649 3.9896)
(1.63617e-05 -0.00175547 3.98953)
(-0.000405567 -0.00245625 3.98983)
(-0.000948734 -0.00234736 3.98999)
(-0.00154636 -0.00169726 3.99009)
(-0.00196994 -0.00203001 3.99084)
(-0.0023968 -0.00252448 3.99175)
(0.00220086 -0.00301579 3.9925)
(0.00151622 -0.00286359 3.99183)
(0.00101284 -0.00244197 3.99107)
(0.000548621 -0.00218291 3.99051)
(0.000131097 -0.00241558 3.99049)
(-0.000426103 -0.0029796 3.99066)
(-0.00112016 -0.00284002 3.9907)
(-0.00158493 -0.00239223 3.99095)
(-0.00192743 -0.00270328 3.99157)
(-0.00256936 -0.00290258 3.99239)
(0.00199372 0.00237254 4.00109)
(0.00158757 0.00240604 4.00048)
(0.00112492 0.00214174 4.00025)
(0.000731121 0.0022082 3.99994)
(0.000339638 0.00240878 3.99968)
(-0.000113759 0.00243687 3.99968)
(-0.000623689 0.0022434 3.99997)
(-0.00111109 0.00201441 4.00036)
(-0.00139784 0.00144333 4.001)
(-0.00164266 0.00156687 4.00141)
(0.00204853 0.00159705 4.00045)
(0.00184996 0.00169098 3.99968)
(0.00148908 0.001601 3.99927)
(0.000896401 0.00165195 3.99899)
(0.000342183 0.0017862 3.99877)
(-0.000142537 0.00184344 3.99876)
(-0.000707416 0.00176103 3.99896)
(-0.0012391 0.0013387 3.9994)
(-0.00155339 0.000631434 4.00016)
(-0.00177227 0.000696956 4.00098)
(0.00227972 0.000861387 4.0001)
(0.00198778 0.000872058 3.99927)
(0.00162329 0.00110241 3.99861)
(0.000964392 0.00126933 3.99821)
(0.000329982 0.00124455 3.99807)
(-0.000160947 0.00129261 3.99806)
(-0.000707593 0.00130926 3.9982)
(-0.00121661 0.000745643 3.99875)
(-0.00163525 -2.5728e-05 3.99958)
(-0.00226722 0.000113673 4.00033)
(0.00242277 0.000278789 3.99966)
(0.0020209 0.000182483 3.99894)
(0.00155824 0.000587383 3.99828)
(0.000930603 0.000882622 3.99787)
(0.000326306 0.000712206 3.9978)
(-0.000172389 0.000724947 3.99779)
(-0.000671903 0.000796171 3.99788)
(-0.00117232 0.000165796 3.99834)
(-0.00175218 -0.00046 3.99901)
(-0.00247452 -0.000215975 3.99963)
(0.00232368 -0.000373701 3.99945)
(0.0020365 -0.000479255 3.99868)
(0.00154772 8.10894e-05 3.99805)
(0.000947678 0.00042036 3.99766)
(0.000343401 0.000243527 3.9976)
(-0.000253938 0.000208547 3.9976)
(-0.000769584 0.000235031 3.99768)
(-0.00129511 -0.000362458 3.99811)
(-0.00193166 -0.0008632 3.99866)
(-0.00248054 -0.000716748 3.99941)
(0.00224872 -0.00118829 3.9996)
(0.00191597 -0.00118397 3.99887)
(0.00140749 -0.000409621 3.99801)
(0.00086805 -8.0609e-05 3.99753)
(0.000298174 -0.00016962 3.99732)
(-0.000287518 -0.000259228 3.99733)
(-0.000733561 -0.000336634 3.99759)
(-0.0012628 -0.000807015 3.99812)
(-0.00195902 -0.00132453 3.99881)
(-0.00250898 -0.00136522 3.99957)
(0.00232998 -0.00186813 3.99994)
(0.0016972 -0.00168131 3.99907)
(0.0011079 -0.000948084 3.99815)
(0.00067116 -0.000631095 3.99769)
(0.000169431 -0.000667648 3.9975)
(-0.000263113 -0.00086109 3.99753)
(-0.000544967 -0.000984825 3.99776)
(-0.00104022 -0.00118168 3.99825)
(-0.00185283 -0.00168787 3.999)
(-0.00256158 -0.00192888 3.99989)
(0.00226705 -0.00228938 4.00024)
(0.00158112 -0.00206848 3.99926)
(0.00110387 -0.00160053 3.99868)
(0.000641869 -0.0011749 3.99836)
(8.60733e-05 -0.00127016 3.99817)
(-0.000317013 -0.00160066 3.9983)
(-0.000599223 -0.00171196 3.99845)
(-0.00109858 -0.00158221 3.99866)
(-0.00182034 -0.00200861 3.99928)
(-0.00245486 -0.00234761 4.00021)
(0.00218386 -0.00269593 4.00055)
(0.0017398 -0.00266357 3.99997)
(0.00130008 -0.00228275 3.99939)
(0.000744913 -0.00164824 3.99883)
(0.000165439 -0.00186216 3.9988)
(-0.000352648 -0.00226113 3.99901)
(-0.00084106 -0.00236664 3.99916)
(-0.00136798 -0.00207166 3.99935)
(-0.00200225 -0.00241135 4)
(-0.00251989 -0.00279139 4.00065)
(0.00272992 -0.00317292 4.00145)
(0.00205153 -0.00318933 4.0009)
(0.00129979 -0.00275314 4.00027)
(0.000794068 -0.00224481 3.99967)
(0.000324913 -0.00234934 3.99965)
(-0.000419603 -0.00267877 3.99977)
(-0.00111028 -0.00292381 3.99988)
(-0.00163002 -0.00258181 4.00008)
(-0.00223892 -0.00276493 4.00051)
(-0.00301428 -0.00321617 4.00136)
(0.00218804 0.00229207 4.00982)
(0.00174559 0.00241312 4.00931)
(0.00109142 0.00237178 4.00895)
(0.000564769 0.00231073 4.00872)
(0.000257806 0.00203456 4.00865)
(3.79038e-05 0.00197451 4.00868)
(-0.000463786 0.0020386 4.00883)
(-0.00114059 0.00233002 4.00899)
(-0.00163824 0.00176577 4.0096)
(-0.0021174 0.00175778 4.00992)
(0.00202727 0.00149129 4.00939)
(0.00172763 0.00190133 4.0085)
(0.00126978 0.00191459 4.00798)
(0.00082036 0.00168715 4.00777)
(0.000389051 0.00131282 4.00781)
(-9.9024e-05 0.00131458 4.00779)
(-0.000691152 0.00168341 4.0077)
(-0.00122948 0.0017836 4.00798)
(-0.00160441 0.00121718 4.00869)
(-0.00184432 0.000986089 4.0096)
(0.00209011 0.000825763 4.00901)
(0.00170217 0.00119452 4.00804)
(0.00145709 0.00125333 4.00742)
(0.001082 0.00105756 4.00722)
(0.000476436 0.000878414 4.00716)
(-0.000307913 0.000907199 4.00712)
(-0.000930854 0.00116696 4.0071)
(-0.00123806 0.00107202 4.00744)
(-0.0015072 0.000591693 4.00823)
(-0.0020282 0.000324372 4.0091)
(0.00221758 0.000355095 4.00848)
(0.00187096 0.00038999 4.00778)
(0.00164963 0.000509007 4.00731)
(0.0011609 0.000512947 4.00695)
(0.000448267 0.000603299 4.00672)
(-0.000357998 0.000634398 4.0067)
(-0.000992559 0.000521773 4.00693)
(-0.00133753 0.000258959 4.00731)
(-0.00167989 3.75138e-05 4.00775)
(-0.0022503 -5.7988e-05 4.00839)
(0.0022551 -0.000319355 4.00836)
(0.00210457 -0.000474199 4.0077)
(0.00173313 -8.66057e-05 4.00713)
(0.00107209 0.000115817 4.00672)
(0.000374395 0.000295515 4.00647)
(-0.00029509 0.00031732 4.00646)
(-0.000960081 2.477e-05 4.00672)
(-0.0015957 -0.00035787 4.00714)
(-0.00204703 -0.000599893 4.00755)
(-0.00236313 -0.000647178 4.00826)
(0.00226569 -0.00123524 4.00871)
(0.00199441 -0.00124662 4.00785)
(0.0015169 -0.000560568 4.00691)
(0.000923833 -0.000259506 4.00642)
(0.00033561 -0.000130525 4.0062)
(-0.000210203 -0.000112191 4.00623)
(-0.000822263 -0.000322326 4.00647)
(-0.00151417 -0.000735219 4.007)
(-0.00203206 -0.00136506 4.00788)
(-0.00238869 -0.00139831 4.00873)
(0.00220525 -0.00187473 4.00894)
(0.00157779 -0.00178559 4.00798)
(0.00113852 -0.00116259 4.00709)
(0.000771283 -0.000788635 4.00661)
(0.000319073 -0.000717794 4.00642)
(-0.000111079 -0.000672936 4.00645)
(-0.000583779 -0.000762872 4.00667)
(-0.00106619 -0.00120301 4.00718)
(-0.00161605 -0.00194256 4.00813)
(-0.0023218 -0.00186508 4.00902)
(0.00214774 -0.00215399 4.00905)
(0.00148844 -0.00226211 4.00833)
(0.00110466 -0.00191717 4.00781)
(0.00073417 -0.00140966 4.00737)
(0.000272154 -0.0013905 4.00724)
(-0.000138959 -0.00133194 4.00718)
(-0.000513517 -0.00137171 4.00732)
(-0.000910338 -0.0018263 4.00778)
(-0.00154011 -0.00230641 4.00838)
(-0.00229251 -0.00207052 4.00899)
(0.00230891 -0.00257267 4.00933)
(0.00190707 -0.00283526 4.00901)
(0.00136161 -0.00257866 4.00852)
(0.000834998 -0.00197455 4.00798)
(0.0002803 -0.00197656 4.0079)
(-0.000263252 -0.00194179 4.00789)
(-0.000675978 -0.0020283 4.00804)
(-0.00115888 -0.002363 4.00843)
(-0.00198334 -0.00254186 4.00894)
(-0.00261004 -0.00246717 4.00932)
(0.00301891 -0.00322428 4.01017)
(0.0024324 -0.00319632 4.00964)
(0.00155489 -0.0029337 4.00917)
(0.000960856 -0.00253908 4.00868)
(0.00040525 -0.0023775 4.00857)
(-0.000337069 -0.00237877 4.00858)
(-0.000922523 -0.00260046 4.00876)
(-0.00152638 -0.00269941 4.00901)
(-0.00237219 -0.00264975 4.00929)
(-0.00310236 -0.00305543 4.01009)
(0.00237382 0.00229102 4.01848)
(0.00188693 0.00232736 4.01809)
(0.00113752 0.00255242 4.01756)
(0.000497213 0.00232252 4.01735)
(0.000193295 0.00186454 4.01736)
(1.98694e-05 0.00168048 4.0174)
(-0.000492245 0.00187464 4.01744)
(-0.00128736 0.00246874 4.0175)
(-0.00204093 0.00244347 4.01794)
(-0.00280286 0.00247538 4.01827)
(0.00219688 0.00155196 4.01823)
(0.00166285 0.0019951 4.01735)
(0.00104328 0.00212464 4.01671)
(0.000674921 0.00169142 4.0165)
(0.000316354 0.00113549 4.01665)
(-0.000201988 0.00105923 4.0166)
(-0.000777142 0.0015222 4.0164)
(-0.00130529 0.00213651 4.01656)
(-0.00186363 0.0021672 4.01709)
(-0.00229599 0.00195876 4.01795)
(0.00205671 0.00100198 4.0178)
(0.00147387 0.00155096 4.0168)
(0.00114219 0.00141603 4.01625)
(0.000936803 0.000925563 4.01617)
(0.000395451 0.000733717 4.01611)
(-0.000476847 0.000720876 4.01606)
(-0.00111609 0.000938491 4.01603)
(-0.00137244 0.00144023 4.01611)
(-0.00163578 0.0016288 4.01668)
(-0.0020073 0.00125934 4.01761)
(0.00210224 0.00059599 4.0172)
(0.00165148 0.000916223 4.0165)
(0.00142836 0.000564736 4.01621)
(0.00105889 0.000283519 4.01592)
(0.000359932 0.000527065 4.01557)
(-0.000530733 0.000529781 4.01556)
(-0.00125574 0.000322377 4.01588)
(-0.0016097 0.000564577 4.01614)
(-0.00179271 0.000929688 4.01637)
(-0.00215078 0.000711529 4.01705)
(0.00223007 -5.51498e-05 4.01712)
(0.0020207 0.00014454 4.01646)
(0.00164687 -6.70791e-05 4.01608)
(0.000966855 -0.00010826 4.0157)
(0.000261254 0.000252557 4.01532)
(-0.000386539 0.000243945 4.01532)
(-0.00113003 -5.73534e-05 4.0157)
(-0.00185061 -7.40906e-05 4.01607)
(-0.00218407 7.23329e-05 4.01641)
(-0.00233086 5.63347e-06 4.01705)
(0.00225042 -0.000896851 4.0175)
(0.00198741 -0.000615511 4.01657)
(0.00155036 -0.000486648 4.01582)
(0.000880021 -0.000417752 4.01541)
(0.000278359 -0.000217594 4.01521)
(-0.000240442 -0.000190261 4.01525)
(-0.000977745 -0.000279799 4.01544)
(-0.00175402 -0.000460945 4.01587)
(-0.00214261 -0.000805605 4.01669)
(-0.00236209 -0.000854573 4.01756)
(0.00206765 -0.00147633 4.0176)
(0.00159477 -0.0013077 4.01666)
(0.00129827 -0.00106033 4.016)
(0.000848731 -0.000877033 4.01561)
(0.000412464 -0.000865179 4.01544)
(-8.68611e-05 -0.000635316 4.01546)
(-0.000819883 -0.000576943 4.01562)
(-0.00134139 -0.00100903 4.01606)
(-0.00164216 -0.00152424 4.01694)
(-0.00218489 -0.00136621 4.01782)
(0.00203218 -0.00179445 4.01764)
(0.00153642 -0.00198805 4.01718)
(0.00120112 -0.00178646 4.01663)
(0.000856861 -0.00150281 4.01618)
(0.000468381 -0.00156 4.0161)
(-3.15839e-05 -0.00105571 4.0159)
(-0.000633858 -0.001016 4.01605)
(-0.00104044 -0.00175964 4.01668)
(-0.00145319 -0.0020861 4.01729)
(-0.00211681 -0.00157432 4.01772)
(0.00238314 -0.00234594 4.01803)
(0.00198206 -0.00252451 4.01774)
(0.0013559 -0.00240623 4.01726)
(0.000902816 -0.00215405 4.0169)
(0.000387014 -0.00210034 4.01673)
(-0.00016539 -0.00156103 4.01651)
(-0.000555556 -0.00158169 4.01666)
(-0.00101834 -0.00234447 4.01725)
(-0.00182121 -0.00241207 4.01773)
(-0.00241415 -0.00204741 4.01802)
(0.00300966 -0.00312324 4.01863)
(0.00256473 -0.00277501 4.01807)
(0.00172672 -0.00274029 4.01773)
(0.00103807 -0.00264511 4.01746)
(0.00035512 -0.00245186 4.01726)
(-0.000266658 -0.00209719 4.01718)
(-0.00069038 -0.00216573 4.01739)
(-0.00129492 -0.00262765 4.01771)
(-0.00218097 -0.0025088 4.01799)
(-0.00283644 -0.00274903 4.01869)
(0.00245966 0.00221784 4.0271)
(0.00199838 0.00210566 4.02682)
(0.00132117 0.00246087 4.02622)
(0.00055805 0.00204871 4.02597)
(8.81271e-05 0.00185435 4.02593)
(-0.000201985 0.00180235 4.02593)
(-0.000710148 0.00199975 4.02595)
(-0.00146667 0.0022767 4.02611)
(-0.00233663 0.00283902 4.02629)
(-0.00321267 0.0029131 4.02663)
(0.00237114 0.00160911 4.02692)
(0.00167849 0.00176229 4.02623)
(0.000959273 0.00205884 4.02553)
(0.000514813 0.00157319 4.02524)
(0.000114536 0.00118395 4.02531)
(-0.000361318 0.0012087 4.02523)
(-0.000812738 0.00151105 4.02517)
(-0.00138174 0.00209799 4.02532)
(-0.00213451 0.00265051 4.02567)
(-0.00277931 0.00261368 4.02631)
(0.00219858 0.00121715 4.02645)
(0.00137126 0.00152299 4.02563)
(0.000839578 0.00140771 4.02509)
(0.000643507 0.000848803 4.02498)
(0.000162431 0.000725034 4.02488)
(-0.000571513 0.000745095 4.02487)
(-0.00109022 0.000838694 4.02492)
(-0.00142297 0.00157951 4.0249)
(-0.00183743 0.00216754 4.02525)
(-0.00220082 0.00203215 4.02609)
(0.00214998 0.000937582 4.02588)
(0.00144864 0.00117543 4.02522)
(0.00105158 0.000588882 4.02496)
(0.000761157 0.000154072 4.02472)
(0.000173366 0.000417979 4.02439)
(-0.000595887 0.000409782 4.02441)
(-0.00125815 0.00022721 4.0247)
(-0.00166281 0.000807494 4.0249)
(-0.00188689 0.00144289 4.02513)
(-0.00215721 0.00139669 4.02583)
(0.0022953 0.00044026 4.02577)
(0.00181308 0.000672608 4.02512)
(0.00131605 -4.57109e-05 4.02485)
(0.000717913 -0.000329948 4.02455)
(0.000127193 2.04487e-05 4.02417)
(-0.000426687 3.28406e-05 4.02419)
(-0.00110733 -0.000180161 4.02456)
(-0.00176958 0.000175333 4.02489)
(-0.0021356 0.000618469 4.02529)
(-0.00233918 0.000646888 4.02588)
(0.00234621 -0.000191763 4.02598)
(0.00196748 9.87287e-05 4.02512)
(0.00147897 -0.00045737 4.02471)
(0.000765805 -0.00069705 4.02444)
(0.000188468 -0.000525919 4.02429)
(-0.000304007 -0.000456654 4.02432)
(-0.0010175 -0.000476772 4.02444)
(-0.00176944 -0.000247953 4.02473)
(-0.0022113 -0.000104919 4.02529)
(-0.00238479 -0.000259611 4.02611)
(0.00221316 -0.000750769 4.02599)
(0.00193137 -0.000652301 4.02522)
(0.00157162 -0.000869859 4.02484)
(0.000906254 -0.0010986 4.02458)
(0.000378426 -0.00110875 4.02445)
(-0.000214803 -0.000853747 4.02446)
(-0.00107991 -0.000745533 4.02459)
(-0.00173523 -0.000748897 4.02489)
(-0.0019887 -0.000828696 4.02549)
(-0.00222126 -0.0010446 4.02636)
(0.0022205 -0.00134179 4.02615)
(0.00194668 -0.00145644 4.02576)
(0.00149293 -0.00130383 4.02513)
(0.000950158 -0.00160728 4.02478)
(0.000521534 -0.00166447 4.02471)
(-0.000101045 -0.00109682 4.02451)
(-0.000916229 -0.00100072 4.02468)
(-0.00145516 -0.00140088 4.0253)
(-0.00172154 -0.00161667 4.02597)
(-0.00215019 -0.00156444 4.02651)
(0.00249613 -0.00207736 4.02667)
(0.00204346 -0.00196743 4.02615)
(0.00141587 -0.00173575 4.02562)
(0.000970069 -0.00220062 4.02544)
(0.000473274 -0.0021322 4.02524)
(-0.000111497 -0.0014355 4.02496)
(-0.000599828 -0.00142098 4.02513)
(-0.00105583 -0.00197386 4.02578)
(-0.0016288 -0.00220268 4.02634)
(-0.00215596 -0.00209581 4.0268)
(0.00269764 -0.00267429 4.02687)
(0.00223448 -0.00228077 4.02634)
(0.00170078 -0.00218517 4.02603)
(0.00109057 -0.00263523 4.02597)
(0.000378631 -0.00250268 4.02573)
(-0.000123113 -0.00198312 4.02563)
(-0.000481171 -0.00199261 4.02586)
(-0.000984868 -0.00238975 4.02621)
(-0.00164934 -0.00249477 4.02665)
(-0.00227993 -0.00268262 4.02716)
(0.00242661 0.00199779 4.03572)
(0.00197324 0.00174967 4.03557)
(0.00148319 0.00192458 4.03507)
(0.000727062 0.00185726 4.03472)
(8.1027e-06 0.00188563 4.0346)
(-0.000549879 0.00195207 4.03455)
(-0.00103289 0.00202469 4.03463)
(-0.0015735 0.00182171 4.035)
(-0.00231754 0.00262864 4.03498)
(-0.00307092 0.00260163 4.0353)
(0.00245145 0.00154087 4.03553)
(0.00178591 0.00124959 4.03511)
(0.00113563 0.00147368 4.0345)
(0.00052502 0.00152477 4.03408)
(-2.70081e-05 0.00140181 4.03397)
(-0.000500458 0.00139418 4.03396)
(-0.000891673 0.00138017 4.03413)
(-0.00150164 0.00155044 4.03438)
(-0.00231566 0.00230251 4.03461)
(-0.00306164 0.00235043 4.03495)
(0.00237736 0.00118991 4.03503)
(0.00159147 0.000917221 4.03454)
(0.000873986 0.00103127 4.03401)
(0.000419895 0.000960163 4.0337)
(-1.00547e-05 0.000845066 4.03356)
(-0.00045939 0.000757185 4.03362)
(-0.000893703 0.000776606 4.03376)
(-0.00149962 0.00123385 4.03389)
(-0.00214032 0.00184491 4.03411)
(-0.00251112 0.00183901 4.03476)
(0.00232325 0.000821131 4.03468)
(0.00153257 0.000651274 4.03409)
(0.000870658 0.000519354 4.03366)
(0.000494668 0.000299108 4.03338)
(7.061e-05 0.000295783 4.03322)
(-0.000482674 0.000206729 4.03327)
(-0.00102712 0.000249898 4.03343)
(-0.00155176 0.000759766 4.03366)
(-0.00199075 0.00117108 4.03411)
(-0.00229647 0.00111494 4.03482)
(0.00247273 0.000438678 4.03452)
(0.00163964 0.000402617 4.03393)
(0.000988671 -3.3901e-05 4.03353)
(0.000556736 -0.00032751 4.03327)
(9.92803e-05 -0.000251796 4.03305)
(-0.000427396 -0.000272489 4.03307)
(-0.000984139 -0.000257257 4.03331)
(-0.00146007 0.00016571 4.03362)
(-0.00190442 0.000529918 4.03418)
(-0.00236902 0.000464538 4.0348)
(0.00259679 8.95409e-05 4.03437)
(0.00191949 0.000148255 4.0337)
(0.00128577 -0.000537914 4.03355)
(0.000683796 -0.000851194 4.03337)
(0.000153877 -0.0008112 4.03327)
(-0.000362573 -0.000779367 4.03328)
(-0.000989747 -0.000739026 4.03338)
(-0.00157174 -0.000419533 4.03358)
(-0.0020743 3.72346e-05 4.03388)
(-0.00246329 -0.000166218 4.03461)
(0.00258602 -0.000435418 4.03437)
(0.00227115 -0.000359968 4.03377)
(0.00170889 -0.000909161 4.03361)
(0.000926016 -0.00124173 4.03343)
(0.00030221 -0.00128516 4.03332)
(-0.000353904 -0.00117871 4.03333)
(-0.00114659 -0.0010888 4.03345)
(-0.0018962 -0.000884513 4.03367)
(-0.00232779 -0.000586632 4.03397)
(-0.00248585 -0.000946696 4.03474)
(0.00260136 -0.00123969 4.0347)
(0.00235385 -0.00102368 4.03415)
(0.00172241 -0.00115492 4.03354)
(0.00100487 -0.00160781 4.03328)
(0.000443658 -0.00166618 4.03318)
(-0.000227072 -0.00143139 4.03313)
(-0.00104602 -0.00131839 4.03333)
(-0.00176052 -0.0012671 4.03377)
(-0.00217251 -0.00134394 4.03444)
(-0.00247116 -0.00172682 4.03515)
(0.00265672 -0.00196005 4.03521)
(0.00204554 -0.00145886 4.0344)
(0.00145423 -0.00146151 4.03385)
(0.000974242 -0.00209057 4.03373)
(0.000489989 -0.00207537 4.03356)
(-7.73127e-05 -0.00176045 4.03342)
(-0.000665021 -0.00164819 4.03363)
(-0.00118126 -0.00172137 4.03414)
(-0.00154848 -0.00201891 4.03476)
(-0.002053 -0.0023243 4.03547)
(0.00201116 -0.00235897 4.03506)
(0.00161203 -0.00195207 4.03466)
(0.00141108 -0.00207747 4.03438)
(0.00100343 -0.00258784 4.03435)
(0.000446623 -0.00257954 4.03415)
(4.1912e-05 -0.0023151 4.03411)
(-0.000340882 -0.00219195 4.03431)
(-0.000683389 -0.0023457 4.03468)
(-0.00105019 -0.00255162 4.03523)
(-0.00166567 -0.00270313 4.03548)
(0.00240564 0.00170383 4.04447)
(0.00197484 0.00122888 4.04449)
(0.0015655 0.0011515 4.04418)
(0.000897017 0.00147001 4.0438)
(7.97503e-05 0.00158826 4.04366)
(-0.000649384 0.00172539 4.04358)
(-0.00113997 0.00177505 4.04374)
(-0.00154062 0.00118262 4.04419)
(-0.00206529 0.00182904 4.04418)
(-0.00257918 0.00187341 4.04436)
(0.00256434 0.00130721 4.04419)
(0.00200354 0.000601755 4.04404)
(0.00144352 0.000661106 4.04365)
(0.000727614 0.00111853 4.04318)
(3.12821e-05 0.00125439 4.0429)
(-0.000501766 0.00118087 4.04305)
(-0.000949389 0.00109392 4.04336)
(-0.00156215 0.000691419 4.04372)
(-0.00226364 0.00127401 4.04394)
(-0.00300696 0.00152409 4.044)
(0.00256253 0.000813389 4.04375)
(0.00198786 0.000107763 4.04352)
(0.00122049 0.000331886 4.04305)
(0.000452594 0.000721605 4.04253)
(9.13688e-06 0.000636444 4.04236)
(-0.000262531 0.00049851 4.04247)
(-0.00072619 0.000596513 4.04268)
(-0.00152695 0.000400515 4.04312)
(-0.00231124 0.000794255 4.04336)
(-0.00274771 0.00104201 4.0438)
(0.0024526 0.000209125 4.0437)
(0.00179535 -0.000264969 4.04315)
(0.000975569 8.29409e-05 4.04246)
(0.000379949 0.000222089 4.04211)
(3.96602e-05 -0.000167728 4.04213)
(-0.000240826 -0.000223913 4.04213)
(-0.000648746 0.000145622 4.0422)
(-0.00133098 0.000175834 4.04257)
(-0.00202046 0.000205441 4.0433)
(-0.00241043 0.000277226 4.04399)
(0.0025498 -0.000217752 4.04347)
(0.00157921 -0.000463625 4.0429)
(0.000830941 -0.000363449 4.04225)
(0.00049737 -0.00045544 4.04198)
(0.000133388 -0.000883694 4.04198)
(-0.000323624 -0.000903533 4.04199)
(-0.000680003 -0.000499441 4.04204)
(-0.00101642 -0.000283458 4.04239)
(-0.00163076 -0.000246149 4.04313)
(-0.00233604 -0.000277532 4.04382)
(0.00272643 -0.000433178 4.04301)
(0.00181015 -0.000544755 4.04253)
(0.00107832 -0.000972008 4.04236)
(0.000678723 -0.00117149 4.04218)
(0.000191076 -0.00143322 4.04212)
(-0.00038414 -0.00150235 4.04213)
(-0.000787261 -0.00126733 4.04223)
(-0.00109801 -0.000978493 4.04246)
(-0.00168438 -0.000499926 4.0427)
(-0.00239999 -0.000640048 4.04335)
(0.00290651 -0.000927705 4.04304)
(0.00237386 -0.000789477 4.04256)
(0.0016012 -0.00140301 4.04239)
(0.000902724 -0.00168181 4.0422)
(0.000234205 -0.00180418 4.04211)
(-0.000440369 -0.00198512 4.04213)
(-0.00098465 -0.00190741 4.04227)
(-0.00156078 -0.00153441 4.04248)
(-0.00215209 -0.000925614 4.04264)
(-0.0025458 -0.00120081 4.04321)
(0.00292734 -0.00172793 4.04345)
(0.00246141 -0.0011973 4.04266)
(0.00173968 -0.00165669 4.04221)
(0.000990613 -0.00201762 4.04197)
(0.00032615 -0.00210502 4.04183)
(-0.000351215 -0.00236127 4.04196)
(-0.00103437 -0.00232764 4.04217)
(-0.0017485 -0.00188976 4.04241)
(-0.00226085 -0.00153917 4.04287)
(-0.00254715 -0.00199453 4.04357)
(0.00256743 -0.00226141 4.04367)
(0.00189137 -0.00163937 4.04281)
(0.00143569 -0.00203465 4.04237)
(0.000948402 -0.00243515 4.04219)
(0.000462677 -0.00253066 4.04208)
(-0.00010877 -0.00273186 4.04217)
(-0.000801074 -0.00266851 4.04237)
(-0.00139172 -0.00232832 4.04266)
(-0.00167851 -0.0022705 4.04317)
(-0.0021245 -0.00264628 4.04396)
(0.00164414 -0.00251043 4.04334)
(0.0012282 -0.00231765 4.04318)
(0.00110806 -0.00276685 4.04306)
(0.000897047 -0.00309076 4.04289)
(0.000542 -0.00313449 4.04275)
(9.38425e-05 -0.00322165 4.04279)
(-0.000407065 -0.0031535 4.04294)
(-0.000780997 -0.00298434 4.04329)
(-0.000992596 -0.0030515 4.04373)
(-0.00146261 -0.00294957 4.0437)
(0.00255419 0.000986384 4.05353)
(0.00202594 0.000584775 4.05368)
(0.00155018 0.000353881 4.05357)
(0.00101373 0.000756315 4.05328)
(0.000239764 0.000893872 4.05313)
(-0.00054898 0.000865051 4.05312)
(-0.00110221 0.000837024 4.0533)
(-0.00149719 0.000459403 4.05362)
(-0.00177185 0.000376142 4.0538)
(-0.00196095 0.000678837 4.05374)
(0.00277741 0.000597597 4.05317)
(0.00222982 2.43789e-05 4.05314)
(0.00169945 -0.000221479 4.05301)
(0.000995741 0.000265717 4.05262)
(0.000278771 0.000567859 4.05228)
(-0.000345346 0.000355901 4.05251)
(-0.000952983 0.000230859 4.05286)
(-0.00153005 -0.000313601 4.05328)
(-0.0020087 -0.000444631 4.05357)
(-0.00259311 4.0397e-05 4.05351)
(0.00266067 -6.69572e-05 4.05285)
(0.00235195 -0.000627857 4.05264)
(0.00168441 -0.000594241 4.05232)
(0.000781085 -8.95434e-05 4.05176)
(0.000288182 -9.72705e-05 4.05157)
(-2.0039e-05 -0.000203639 4.05164)
(-0.000615659 -0.000198349 4.05195)
(-0.00143493 -0.000769168 4.0526)
(-0.00219585 -0.00101063 4.05299)
(-0.00270727 -0.000523036 4.05323)
(0.00246402 -0.000946111 4.05295)
(0.00209918 -0.00131303 4.05237)
(0.0013804 -0.000804191 4.0516)
(0.000618851 -0.000519907 4.0512)
(0.000251457 -0.00100374 4.05124)
(5.31399e-05 -0.000923116 4.05119)
(-0.000334014 -0.000647191 4.0513)
(-0.00107089 -0.000991813 4.05179)
(-0.00190332 -0.00151154 4.05266)
(-0.0024349 -0.00127519 4.0533)
(0.00236346 -0.00153953 4.0527)
(0.00164284 -0.00182782 4.05208)
(0.00101908 -0.00124319 4.05128)
(0.000652689 -0.00118478 4.05094)
(0.000301081 -0.00180518 4.05105)
(-7.1457e-05 -0.00173174 4.05105)
(-0.000340693 -0.0013327 4.05101)
(-0.000675556 -0.00140945 4.0514)
(-0.00136622 -0.00184546 4.05221)
(-0.00219071 -0.00175843 4.05293)
(0.00245724 -0.0018744 4.05219)
(0.00160738 -0.00215232 4.05177)
(0.000975197 -0.00194758 4.05132)
(0.00073157 -0.00199019 4.05104)
(0.000324838 -0.00241651 4.05099)
(-0.000190824 -0.00245408 4.05098)
(-0.000436418 -0.00221389 4.05111)
(-0.000590801 -0.00213845 4.05141)
(-0.00116944 -0.00208339 4.05184)
(-0.00211161 -0.0018868 4.05237)
(0.00277333 -0.00236976 4.0522)
(0.00196951 -0.0023566 4.05173)
(0.00120068 -0.00260203 4.05135)
(0.000815061 -0.00269293 4.05106)
(0.000265289 -0.00288452 4.05096)
(-0.000287256 -0.00310591 4.05098)
(-0.0005699 -0.00306654 4.05114)
(-0.000881664 -0.00286859 4.05141)
(-0.00149582 -0.00239014 4.05164)
(-0.00225709 -0.00211419 4.05193)
(0.00287373 -0.00293388 4.05243)
(0.00205329 -0.00255422 4.05156)
(0.00137187 -0.003138 4.05128)
(0.00086411 -0.00323444 4.05102)
(0.000251207 -0.00329819 4.05086)
(-0.000323958 -0.003733 4.05102)
(-0.000746636 -0.00375239 4.05122)
(-0.00128426 -0.00339774 4.05138)
(-0.0019155 -0.00279188 4.05157)
(-0.00234825 -0.00277475 4.05206)
(0.00243572 -0.00321192 4.05221)
(0.00165885 -0.00296201 4.05162)
(0.00131948 -0.00376602 4.05138)
(0.000922487 -0.00375198 4.05114)
(0.000382811 -0.00377191 4.05106)
(-0.000198526 -0.00426173 4.05124)
(-0.000827676 -0.00425373 4.0514)
(-0.00143093 -0.00386894 4.05152)
(-0.00182849 -0.00337704 4.05176)
(-0.00230234 -0.00348217 4.05239)
(0.00166226 -0.00338041 4.05176)
(0.00122829 -0.00373013 4.05195)
(0.00106711 -0.00460096 4.05202)
(0.000844151 -0.0044621 4.0517)
(0.000498497 -0.00435138 4.05159)
(-7.11369e-05 -0.00471835 4.05165)
(-0.000662268 -0.00473514 4.05173)
(-0.00113415 -0.0044472 4.05196)
(-0.00140081 -0.00418525 4.05212)
(-0.00170021 -0.00382513 4.05186)
(0.00261277 -0.000331306 4.06303)
(0.00193532 -0.000203392 4.06326)
(0.00143065 -0.00053701 4.06329)
(0.001052 -0.000449865 4.06318)
(0.000367266 -0.000243544 4.06299)
(-0.000446765 -0.000355645 4.06311)
(-0.00106075 -0.000559668 4.06329)
(-0.00142117 -0.000470206 4.0634)
(-0.00161377 -0.00119811 4.06379)
(-0.00162254 -0.00110486 4.06354)
(0.0027075 -0.00076701 4.06273)
(0.00214856 -0.000755915 4.06267)
(0.00169615 -0.00134621 4.06272)
(0.00112017 -0.00110706 4.0625)
(0.000466619 -0.000726976 4.06221)
(-0.000221568 -0.000802715 4.06231)
(-0.000951056 -0.00120998 4.06266)
(-0.00138733 -0.0015354 4.06306)
(-0.00164948 -0.00216367 4.06346)
(-0.00206809 -0.00206881 4.06347)
(0.00265833 -0.00152168 4.06248)
(0.00244682 -0.00154982 4.06218)
(0.00192912 -0.00193593 4.06205)
(0.00111031 -0.00159978 4.0616)
(0.00050932 -0.00138671 4.0614)
(4.6477e-05 -0.00132861 4.06137)
(-0.000596873 -0.00171063 4.06175)
(-0.00129235 -0.0022824 4.06237)
(-0.00190923 -0.00284158 4.06288)
(-0.0025235 -0.00271558 4.06307)
(0.00241669 -0.00258133 4.06251)
(0.00232841 -0.00249231 4.0619)
(0.00180468 -0.00233685 4.06131)
(0.000988765 -0.00208401 4.06092)
(0.000476209 -0.00216429 4.06078)
(0.000187837 -0.00209347 4.06075)
(-0.000267994 -0.00221747 4.06096)
(-0.000999605 -0.00269674 4.06146)
(-0.00179427 -0.00332136 4.06218)
(-0.00251775 -0.00334096 4.06276)
(0.00210805 -0.00350789 4.06227)
(0.00185703 -0.00342398 4.06159)
(0.00142811 -0.00284165 4.06084)
(0.00087496 -0.00269735 4.06044)
(0.000457731 -0.00296739 4.06039)
(0.000140141 -0.00294538 4.06039)
(-0.000215073 -0.00286238 4.06044)
(-0.00071569 -0.00316116 4.06085)
(-0.00133894 -0.00374792 4.06152)
(-0.00217052 -0.00366942 4.06219)
(0.0019647 -0.00419324 4.06193)
(0.00143502 -0.00421737 4.06143)
(0.00100679 -0.00357855 4.06065)
(0.00073749 -0.00346602 4.06023)
(0.00040891 -0.00376141 4.06009)
(5.20943e-05 -0.00374087 4.06006)
(-0.00021355 -0.00367285 4.06023)
(-0.000460179 -0.00385611 4.06063)
(-0.000956445 -0.00423916 4.06128)
(-0.0018773 -0.00371722 4.06164)
(0.00209346 -0.00475599 4.06181)
(0.00126023 -0.00470653 4.0613)
(0.000712433 -0.00444518 4.06063)
(0.000575026 -0.00433985 4.06021)
(0.00028148 -0.00454442 4.06006)
(-2.90042e-05 -0.00457701 4.06003)
(-0.000174135 -0.0045967 4.06021)
(-0.000331424 -0.00467768 4.06058)
(-0.000939487 -0.00463895 4.06103)
(-0.0018304 -0.00391211 4.06118)
(0.00217516 -0.00516249 4.06164)
(0.00124781 -0.00502445 4.06097)
(0.000742421 -0.00532357 4.06073)
(0.000560847 -0.00522529 4.06043)
(0.000206582 -0.00531836 4.06025)
(-0.000138366 -0.00548684 4.06032)
(-0.000320467 -0.00554055 4.06047)
(-0.000591819 -0.0054455 4.06064)
(-0.00126422 -0.00491823 4.06077)
(-0.00193745 -0.00454786 4.06108)
(0.00198707 -0.00542048 4.0611)
(0.00129333 -0.00555066 4.06088)
(0.000978964 -0.00615877 4.06077)
(0.000656748 -0.00602254 4.06052)
(0.000216859 -0.00603495 4.0604)
(-0.000220705 -0.00629545 4.06051)
(-0.000596151 -0.00634427 4.06061)
(-0.00105725 -0.00607451 4.06065)
(-0.00157744 -0.00532882 4.06064)
(-0.00213332 -0.00523619 4.06097)
(0.00177218 -0.00576881 4.06045)
(0.00127593 -0.00631733 4.06087)
(0.000970389 -0.00697606 4.06091)
(0.000681419 -0.00678166 4.06065)
(0.000265029 -0.00664908 4.06054)
(-0.000308404 -0.00690403 4.06058)
(-0.000825344 -0.00698462 4.0606)
(-0.00133256 -0.00666802 4.06059)
(-0.00164419 -0.00612812 4.0605)
(-0.00174098 -0.00580529 4.0601)
(0.00250983 -0.00239087 4.07337)
(0.0016718 -0.00202546 4.07372)
(0.00109513 -0.00214974 4.07384)
(0.000781164 -0.00246598 4.07386)
(0.000317173 -0.00221767 4.07369)
(-0.000332495 -0.00215996 4.07382)
(-0.000912045 -0.00225861 4.07395)
(-0.00128237 -0.0021155 4.07399)
(-0.00152369 -0.00297197 4.07441)
(-0.00163261 -0.00333925 4.07406)
(0.00228874 -0.00296605 4.07332)
(0.00166589 -0.00268955 4.07323)
(0.00124651 -0.00321042 4.07327)
(0.000899842 -0.00343817 4.07319)
(0.000394718 -0.00307945 4.07303)
(-0.000227686 -0.00284656 4.07291)
(-0.000809273 -0.00318475 4.07317)
(-0.00105983 -0.00333619 4.07351)
(-0.00128328 -0.00405343 4.07394)
(-0.0017003 -0.00434116 4.07413)
(0.00233224 -0.0037791 4.07308)
(0.00196095 -0.00354599 4.07274)
(0.00159929 -0.00423527 4.07267)
(0.00110533 -0.0042771 4.07242)
(0.00043559 -0.00383636 4.07221)
(-0.000175354 -0.00361445 4.07212)
(-0.000642515 -0.00410695 4.07242)
(-0.000995873 -0.00443346 4.07285)
(-0.00143771 -0.00484005 4.07338)
(-0.00219609 -0.00500752 4.07362)
(0.00223917 -0.00483252 4.0728)
(0.0021377 -0.00460474 4.07227)
(0.00178086 -0.00510726 4.072)
(0.00112153 -0.00503493 4.07165)
(0.000476957 -0.00452225 4.07131)
(-2.82368e-05 -0.0045088 4.07135)
(-0.000504815 -0.00497477 4.07162)
(-0.00103378 -0.00532292 4.07201)
(-0.0016016 -0.00545834 4.07239)
(-0.0024223 -0.00550887 4.07285)
(0.001838 -0.00602669 4.07249)
(0.00193481 -0.00586933 4.07185)
(0.0016457 -0.00586132 4.07135)
(0.000932452 -0.00572889 4.07092)
(0.000418995 -0.00535899 4.0706)
(8.26114e-05 -0.00541633 4.07059)
(-0.000405163 -0.00575237 4.07085)
(-0.0010604 -0.0060469 4.07123)
(-0.00154862 -0.00623756 4.07163)
(-0.00215753 -0.00597895 4.07213)
(0.00141353 -0.00718424 4.07233)
(0.00134109 -0.00717762 4.07169)
(0.00110016 -0.00664558 4.07082)
(0.000622066 -0.00649755 4.07032)
(0.000290613 -0.00636113 4.07006)
(9.51937e-05 -0.0063681 4.07001)
(-0.000238326 -0.00653605 4.07024)
(-0.000761821 -0.00673192 4.07067)
(-0.00122545 -0.00718387 4.07137)
(-0.00176508 -0.00654468 4.07167)
(0.00113567 -0.00805729 4.07195)
(0.00065025 -0.00823706 4.07144)
(0.000396429 -0.00763756 4.07061)
(0.000276053 -0.00750659 4.07012)
(0.000147366 -0.00749236 4.06989)
(8.03304e-05 -0.00747759 4.06984)
(-1.46561e-05 -0.00751046 4.07002)
(-0.000228129 -0.00755429 4.07045)
(-0.000752003 -0.00794047 4.07114)
(-0.0014046 -0.00728115 4.07142)
(0.00104834 -0.00870261 4.07135)
(0.000444806 -0.00904971 4.07104)
(0.000160388 -0.00876027 4.07068)
(9.53002e-05 -0.00868558 4.07033)
(2.55678e-05 -0.00870242 4.07014)
(-1.90424e-07 -0.00871396 4.07011)
(2.33956e-05 -0.00870325 4.0702)
(-7.25331e-06 -0.00855544 4.07041)
(-0.000502874 -0.00849812 4.07076)
(-0.00125425 -0.00804505 4.07103)
(0.00112265 -0.00939307 4.07068)
(0.000702805 -0.00987695 4.0707)
(0.000337325 -0.00974535 4.07055)
(8.60822e-05 -0.00981224 4.0703)
(-4.39136e-05 -0.00986429 4.07015)
(-0.000166909 -0.00991655 4.07014)
(-0.000223682 -0.00991126 4.0702)
(-0.0003389 -0.00956366 4.07021)
(-0.000743632 -0.00907372 4.07016)
(-0.00127411 -0.0087342 4.07019)
(0.00127142 -0.0102594 4.06962)
(0.000849892 -0.010706 4.07012)
(0.000413625 -0.0105616 4.07001)
(0.00013212 -0.0108048 4.06994)
(-6.54615e-05 -0.0108816 4.06986)
(-0.000319142 -0.0109075 4.06986)
(-0.000606472 -0.0109376 4.06987)
(-0.000862844 -0.0105473 4.0697)
(-0.00104721 -0.00999048 4.06945)
(-0.00105243 -0.00968373 4.06891)
(0.00217651 -0.00583923 4.08547)
(0.00144541 -0.00536463 4.08599)
(0.000836946 -0.00519933 4.08616)
(0.000469964 -0.00533002 4.08625)
(0.000193679 -0.00529506 4.08619)
(-0.000216259 -0.00500777 4.08617)
(-0.000722341 -0.00494277 4.08622)
(-0.00118556 -0.00483794 4.08629)
(-0.00164748 -0.00551269 4.08648)
(-0.00201917 -0.00602237 4.08601)
(0.00189983 -0.00677093 4.08579)
(0.00120584 -0.0064027 4.08572)
(0.000734044 -0.00644836 4.0856)
(0.000498877 -0.0067246 4.08556)
(0.000179214 -0.00664531 4.08551)
(-0.000218963 -0.00626129 4.08529)
(-0.000533975 -0.00619815 4.0854)
(-0.000769062 -0.0061496 4.08562)
(-0.00107991 -0.00668161 4.08596)
(-0.00153459 -0.00715686 4.08624)
(0.00184609 -0.00769244 4.08552)
(0.00122497 -0.00742897 4.08523)
(0.00086598 -0.00782237 4.08504)
(0.000702119 -0.00808952 4.08492)
(0.000208273 -0.00777007 4.08474)
(-0.000339977 -0.00756287 4.08465)
(-0.000587961 -0.00762625 4.08475)
(-0.000656407 -0.00757702 4.08497)
(-0.000911946 -0.00778943 4.08543)
(-0.00165428 -0.0079785 4.08571)
(0.00191836 -0.00871162 4.08485)
(0.00148059 -0.00854393 4.08449)
(0.00118757 -0.00924376 4.08442)
(0.000857155 -0.00936322 4.08416)
(0.000291624 -0.00873701 4.08378)
(-0.000334357 -0.00875448 4.08384)
(-0.000717483 -0.00906548 4.08406)
(-0.000871474 -0.00906751 4.08431)
(-0.00117968 -0.00880034 4.08444)
(-0.00191286 -0.00868004 4.08468)
(0.00162126 -0.0100002 4.08434)
(0.0016049 -0.00991691 4.08385)
(0.00134889 -0.0104776 4.08365)
(0.000745017 -0.0104703 4.08327)
(0.000251294 -0.00980594 4.08282)
(-0.000158373 -0.00985274 4.08282)
(-0.000651357 -0.010307 4.08317)
(-0.00118147 -0.0103682 4.08349)
(-0.00151581 -0.00998351 4.08364)
(-0.00184779 -0.00970499 4.08395)
(0.00103727 -0.0114655 4.08406)
(0.00114474 -0.0115522 4.08343)
(0.00101738 -0.011571 4.0828)
(0.000432716 -0.0115121 4.08234)
(0.000108906 -0.0111123 4.08198)
(-1.57694e-05 -0.0110777 4.08196)
(-0.00040752 -0.0113575 4.08225)
(-0.00105364 -0.0113976 4.08265)
(-0.00140342 -0.0114236 4.08318)
(-0.00148394 -0.0111475 4.08358)
(0.000336625 -0.0127494 4.08341)
(0.000289668 -0.0132066 4.08298)
(0.00029209 -0.0128097 4.08222)
(4.63909e-05 -0.0127457 4.08176)
(-1.66019e-05 -0.012621 4.0815)
(7.36509e-05 -0.0125137 4.08145)
(-5.96358e-05 -0.0125047 4.08165)
(-0.000412279 -0.0124315 4.08207)
(-0.000694816 -0.0128468 4.08283)
(-0.000942294 -0.0125868 4.0834)
(-0.000176547 -0.0139742 4.08251)
(-0.000239141 -0.014701 4.08249)
(-0.000295773 -0.0142592 4.08197)
(-0.000282273 -0.014234 4.08159)
(-0.000139627 -0.0142743 4.08141)
(8.52159e-05 -0.0141242 4.08134)
(0.000235469 -0.0139694 4.08143)
(0.000281734 -0.0137255 4.08169)
(0.000117052 -0.0140993 4.08228)
(-0.000388309 -0.0136661 4.08255)
(-0.000274748 -0.0154292 4.08168)
(-0.000281306 -0.0160386 4.08186)
(-0.000484045 -0.015688 4.08158)
(-0.000495634 -0.0158112 4.08133)
(-0.000284255 -0.0159798 4.08117)
(-7.82519e-06 -0.015833 4.0811)
(0.000247208 -0.0156581 4.08115)
(0.000513277 -0.0152756 4.0812)
(0.000453326 -0.0152424 4.08135)
(6.2463e-05 -0.0145961 4.08111)
(-8.55455e-05 -0.0170236 4.0802)
(-0.000314804 -0.0172291 4.08076)
(-0.000587929 -0.0169492 4.08064)
(-0.000618495 -0.0173257 4.08066)
(-0.000372486 -0.017656 4.08059)
(-7.07368e-05 -0.0174948 4.08053)
(0.00010469 -0.0173002 4.08059)
(0.000272971 -0.0169509 4.08051)
(0.000367584 -0.0165603 4.08021)
(0.000418716 -0.0159591 4.07943)
(0.00183375 -0.010116 4.1005)
(0.00144862 -0.00979439 4.10119)
(0.000904891 -0.00953545 4.10145)
(0.000421956 -0.00950321 4.10157)
(0.000121439 -0.00955592 4.10163)
(-0.000163112 -0.00917512 4.10151)
(-0.000573627 -0.00896235 4.10147)
(-0.00108443 -0.00891482 4.10149)
(-0.0016583 -0.00900821 4.1013)
(-0.0023394 -0.00943127 4.10063)
(0.00151616 -0.0117276 4.10112)
(0.00101292 -0.0114767 4.10115)
(0.000562632 -0.0110977 4.10086)
(0.000293323 -0.0112648 4.10078)
(3.27368e-05 -0.011353 4.10076)
(-0.000215227 -0.0110349 4.10061)
(-0.00039444 -0.0106721 4.10057)
(-0.000691064 -0.0104984 4.10064)
(-0.00109961 -0.0104477 4.10079)
(-0.0015609 -0.0107817 4.10095)
(0.00138423 -0.0130529 4.1008)
(0.000609398 -0.0129537 4.1006)
(0.000238684 -0.0128824 4.10021)
(0.000216741 -0.0131449 4.10008)
(-2.82934e-05 -0.0130802 4.09994)
(-0.000351195 -0.0129298 4.09989)
(-0.000465646 -0.0125765 4.09983)
(-0.000489256 -0.0122949 4.09992)
(-0.000634686 -0.0120982 4.10023)
(-0.0011283 -0.0121067 4.1005)
(0.00143623 -0.0142261 4.09988)
(0.000639482 -0.014306 4.09966)
(0.000319709 -0.0148445 4.09954)
(0.00031109 -0.0150478 4.09932)
(7.63562e-06 -0.0147392 4.09909)
(-0.000437858 -0.0146873 4.09909)
(-0.000628513 -0.0145889 4.09919)
(-0.000577692 -0.0143064 4.09935)
(-0.000682367 -0.0137843 4.0995)
(-0.00112458 -0.0134386 4.09958)
(0.00128169 -0.0156252 4.09902)
(0.000861502 -0.0158243 4.0987)
(0.000628644 -0.016725 4.09868)
(0.000396799 -0.0168524 4.0984)
(5.92633e-05 -0.0163467 4.09804)
(-0.000368607 -0.0163263 4.09804)
(-0.000662599 -0.0165094 4.09833)
(-0.000833016 -0.0162672 4.09857)
(-0.00102622 -0.0155429 4.09866)
(-0.00115476 -0.0152415 4.09889)
(0.000740841 -0.0173711 4.09833)
(0.000758829 -0.0177099 4.09786)
(0.000684547 -0.018428 4.09762)
(0.00027257 -0.0185463 4.09728)
(1.21097e-05 -0.0180529 4.09691)
(-0.000157779 -0.0180156 4.09693)
(-0.000454771 -0.0182369 4.09724)
(-0.000857403 -0.0180042 4.09756)
(-0.00101422 -0.0174813 4.09787)
(-0.000874345 -0.0175019 4.09843)
(-0.000188387 -0.0192821 4.09741)
(0.000121086 -0.0199124 4.09707)
(0.000281257 -0.0201347 4.0966)
(-3.34994e-05 -0.0202492 4.09623)
(-6.55221e-05 -0.0199886 4.09595)
(6.56377e-05 -0.0198834 4.09594)
(-6.00143e-05 -0.0199129 4.09619)
(-0.000384042 -0.0196659 4.09656)
(-0.000329065 -0.0195921 4.09715)
(-0.000243199 -0.0196302 4.09785)
(-0.00112633 -0.0213409 4.0963)
(-0.000714746 -0.0222249 4.09635)
(-0.000476531 -0.0220287 4.09581)
(-0.000431391 -0.0221624 4.09544)
(-0.00016669 -0.0221417 4.09525)
(0.000207432 -0.0219602 4.0952)
(0.000386286 -0.0217801 4.09533)
(0.000450691 -0.0215125 4.09566)
(0.000667563 -0.0217339 4.09628)
(0.000552745 -0.0212836 4.0965)
(-0.00173371 -0.0236277 4.09512)
(-0.001353 -0.0243799 4.09543)
(-0.00122981 -0.0240943 4.09504)
(-0.000929572 -0.0243267 4.09475)
(-0.000374769 -0.024507 4.09457)
(0.000277396 -0.0242581 4.09449)
(0.000782905 -0.0239553 4.09459)
(0.00123512 -0.0236686 4.09478)
(0.00150037 -0.0237353 4.09513)
(0.00141248 -0.0228147 4.09475)
(-0.00200306 -0.0260547 4.09322)
(-0.00188836 -0.026245 4.09393)
(-0.00184337 -0.0261333 4.09387)
(-0.00147799 -0.0265932 4.09381)
(-0.000684559 -0.0271216 4.09367)
(0.000372889 -0.0268616 4.09359)
(0.00121409 -0.0263731 4.0937)
(0.00179093 -0.0260056 4.09388)
(0.00204862 -0.0257068 4.09366)
(0.00229951 -0.0249348 4.09269)
(0.00140271 -0.0152539 4.11977)
(0.00142699 -0.0151472 4.12066)
(0.00102061 -0.0150614 4.12104)
(0.000456551 -0.0150848 4.1212)
(0.0001279 -0.0152072 4.12129)
(-9.62481e-05 -0.0150536 4.1212)
(-0.000447869 -0.0146823 4.12109)
(-0.000927767 -0.0143512 4.12095)
(-0.001493 -0.0138471 4.12036)
(-0.00215241 -0.0139081 4.11942)
(0.00106161 -0.0178135 4.12054)
(0.000916264 -0.0176973 4.12069)
(0.000626517 -0.0172024 4.1204)
(0.000289159 -0.0173598 4.1203)
(3.3662e-05 -0.0176059 4.12028)
(-0.000174449 -0.017499 4.12024)
(-0.000421419 -0.0169585 4.12013)
(-0.000815771 -0.0164836 4.12007)
(-0.00121869 -0.0159473 4.11995)
(-0.00155993 -0.0158892 4.11984)
(0.000712482 -0.019968 4.12019)
(0.00020229 -0.0200487 4.12011)
(-6.82843e-05 -0.0196137 4.11962)
(-9.19586e-05 -0.0198443 4.11942)
(-0.000146525 -0.0201238 4.11933)
(-0.000250592 -0.0200075 4.11928)
(-0.000350359 -0.0194002 4.1192)
(-0.000478813 -0.0188222 4.11925)
(-0.000574675 -0.0184147 4.11941)
(-0.000598971 -0.018217 4.11957)
(0.000607847 -0.0218257 4.11926)
(-0.000220841 -0.022125 4.11914)
(-0.000465481 -0.0222653 4.11882)
(-0.000245021 -0.0225375 4.1186)
(-0.000220843 -0.022729 4.11853)
(-0.000332557 -0.0225816 4.11848)
(-0.000308747 -0.022058 4.11847)
(-0.000146131 -0.0214781 4.11862)
(-0.000112388 -0.0210166 4.11894)
(-0.000143997 -0.0207041 4.11904)
(0.000434442 -0.0237126 4.11819)
(-0.000270585 -0.0241682 4.118)
(-0.000415104 -0.0250198 4.11793)
(-0.000171993 -0.0253261 4.11773)
(-0.000155611 -0.0252824 4.11757)
(-0.00030742 -0.0251731 4.11757)
(-0.000228231 -0.0248718 4.1177)
(5.73925e-05 -0.0243088 4.11791)
(8.5038e-05 -0.0235537 4.11812)
(-5.36425e-06 -0.0233619 4.11838)
(-2.86052e-05 -0.0259486 4.11709)
(-0.000262109 -0.0265326 4.11682)
(-0.000199415 -0.0277545 4.11684)
(-0.000111697 -0.0280969 4.11663)
(-6.84513e-05 -0.0278439 4.11638)
(-0.000123132 -0.0277999 4.11641)
(-3.78112e-05 -0.0277076 4.11665)
(0.000160283 -0.0271703 4.11689)
(0.000335296 -0.02616 4.11705)
(0.000382811 -0.026125 4.1176)
(-0.000972081 -0.0286165 4.11594)
(-0.000617053 -0.0293962 4.1157)
(-0.000277148 -0.0304535 4.11559)
(-0.000260805 -0.0308384 4.11535)
(-8.0981e-05 -0.0305787 4.11508)
(0.000165409 -0.0305533 4.11511)
(0.000322195 -0.0305063 4.11537)
(0.000449492 -0.030016 4.11565)
(0.000895218 -0.0291091 4.1159)
(0.0011875 -0.0288346 4.11639)
(-0.0022654 -0.031634 4.11467)
(-0.00153165 -0.0326701 4.1147)
(-0.000957446 -0.0332734 4.1144)
(-0.00071988 -0.0336821 4.1141)
(-0.000220261 -0.0336265 4.11384)
(0.000432316 -0.0335543 4.11383)
(0.000875473 -0.0333733 4.11404)
(0.00116336 -0.0329318 4.11438)
(0.00179513 -0.0323564 4.11473)
(0.00222024 -0.0315045 4.11483)
(-0.00363596 -0.0350038 4.11316)
(-0.00277265 -0.0360636 4.11358)
(-0.00215491 -0.0363777 4.11327)
(-0.00147701 -0.0368832 4.11296)
(-0.000509407 -0.0370643 4.11273)
(0.000649861 -0.0369638 4.11267)
(0.00160052 -0.0365389 4.11284)
(0.00231989 -0.0360916 4.11317)
(0.00295538 -0.0356048 4.11351)
(0.00338963 -0.0343486 4.11307)
(-0.00475945 -0.0387063 4.11096)
(-0.00405013 -0.0392175 4.11185)
(-0.00350849 -0.0396458 4.11182)
(-0.00255252 -0.0404497 4.11168)
(-0.00102279 -0.041081 4.1115)
(0.000913643 -0.0410199 4.11145)
(0.0026005 -0.0402486 4.11157)
(0.0037503 -0.0394663 4.11187)
(0.00426234 -0.0387166 4.11179)
(0.00481297 -0.0377294 4.11075)
(0.00108841 -0.020724 4.14483)
(0.00127952 -0.0206725 4.14597)
(0.00100167 -0.0210063 4.14648)
(0.000476402 -0.021208 4.14667)
(0.000169429 -0.0213794 4.14675)
(-2.39128e-05 -0.0214284 4.14672)
(-0.000319641 -0.0210706 4.14659)
(-0.000718471 -0.0205287 4.14628)
(-0.00124568 -0.0194558 4.14542)
(-0.00184812 -0.0192547 4.14417)
(0.000860355 -0.0240267 4.14553)
(0.000909615 -0.0240083 4.14589)
(0.00072438 -0.0238443 4.14583)
(0.000326829 -0.0240985 4.14579)
(8.07348e-05 -0.0244457 4.1458)
(-0.000101853 -0.0244799 4.1458)
(-0.000388198 -0.0239863 4.1457)
(-0.000830234 -0.023304 4.14554)
(-0.00116339 -0.0223221 4.1452)
(-0.00131117 -0.0220569 4.14474)
(0.000179711 -0.0269894 4.14522)
(3.06238e-05 -0.0272711 4.14531)
(-4.11182e-05 -0.0269086 4.14492)
(-0.000112136 -0.0272209 4.14473)
(-0.000104104 -0.0276727 4.14467)
(-0.0001049 -0.0276345 4.14466)
(-0.000231258 -0.0270186 4.14462)
(-0.000456846 -0.026281 4.14463)
(-0.000493286 -0.0256436 4.14466)
(-0.000280818 -0.0253183 4.14463)
(-0.000383491 -0.0297672 4.14447)
(-0.000809716 -0.030347 4.14444)
(-0.000858228 -0.0302514 4.144)
(-0.000565807 -0.0306276 4.14379)
(-0.000302629 -0.0311375 4.14377)
(-8.11601e-05 -0.0310075 4.14373)
(9.45398e-05 -0.0303085 4.14371)
(0.000245942 -0.02956 4.14386)
(0.000407075 -0.0291547 4.14423)
(0.000624233 -0.0287443 4.14433)
(-0.000789737 -0.0324911 4.14339)
(-0.00136248 -0.0332337 4.14334)
(-0.00132482 -0.0338352 4.14312)
(-0.000726914 -0.0343017 4.14295)
(-0.000305005 -0.0347166 4.14295)
(-3.19879e-05 -0.0345822 4.14294)
(0.000386282 -0.033918 4.14295)
(0.000960352 -0.0331676 4.14314)
(0.00123201 -0.0325149 4.1435)
(0.00121004 -0.0320703 4.14371)
(-0.00127531 -0.0353864 4.14216)
(-0.0016273 -0.0362174 4.14208)
(-0.00136432 -0.0376052 4.14217)
(-0.000679321 -0.0381619 4.14205)
(-0.000193809 -0.0383251 4.14195)
(0.000100743 -0.0382491 4.14198)
(0.000635649 -0.0377952 4.1421)
(0.00139717 -0.037055 4.14227)
(0.00187076 -0.0358297 4.14237)
(0.00185016 -0.0352516 4.14264)
(-0.00211572 -0.0386452 4.14083)
(-0.00190949 -0.0396497 4.14079)
(-0.00133757 -0.0414683 4.14097)
(-0.000702012 -0.0420873 4.14088)
(-0.000130935 -0.0419992 4.14069)
(0.000340316 -0.0419883 4.14073)
(0.000925278 -0.0417538 4.14093)
(0.00164965 -0.0410942 4.14109)
(0.00239326 -0.0394473 4.14103)
(0.00274683 -0.0385258 4.14106)
(-0.00347572 -0.0424022 4.13944)
(-0.00265398 -0.0436351 4.13959)
(-0.00177229 -0.0454017 4.13971)
(-0.00111332 -0.0460504 4.13956)
(-0.000284945 -0.0459442 4.1393)
(0.000647988 -0.0459682 4.13932)
(0.00149265 -0.0457297 4.13953)
(0.00221139 -0.0451428 4.13979)
(0.00313317 -0.0435131 4.13973)
(0.0039467 -0.0422009 4.13955)
(-0.00527208 -0.0467455 4.13776)
(-0.00399869 -0.048016 4.13833)
(-0.00298005 -0.0494348 4.13841)
(-0.00207731 -0.0502307 4.13818)
(-0.000699838 -0.0504317 4.13796)
(0.0010009 -0.0504623 4.13796)
(0.00249179 -0.0499965 4.13811)
(0.00354486 -0.0492277 4.13843)
(0.00450245 -0.0478042 4.13849)
(0.00542191 -0.0463266 4.13798)
(-0.00740982 -0.0516119 4.13539)
(-0.00603343 -0.0524751 4.13654)
(-0.00493844 -0.0537101 4.13666)
(-0.00343377 -0.0549245 4.13662)
(-0.00123758 -0.0557066 4.13656)
(0.00139878 -0.0557908 4.13658)
(0.00382694 -0.0549536 4.13665)
(0.00555958 -0.0535951 4.13676)
(0.00657432 -0.05207 4.13659)
(0.00743944 -0.0508232 4.13538)
(0.00127267 -0.0265705 4.17492)
(0.00126937 -0.026887 4.17635)
(0.00094949 -0.0274819 4.17698)
(0.000581484 -0.0278421 4.1772)
(0.000290729 -0.0280324 4.17725)
(6.26005e-05 -0.0281537 4.17725)
(-0.000193327 -0.0279511 4.17713)
(-0.000531165 -0.0273952 4.1767)
(-0.00103459 -0.0262689 4.17578)
(-0.00155322 -0.0257901 4.17427)
(0.00115697 -0.0302859 4.17541)
(0.00102848 -0.0306304 4.17604)
(0.000815066 -0.031049 4.17631)
(0.000420231 -0.0314296 4.17637)
(0.000180403 -0.0317574 4.17639)
(2.4217e-05 -0.0318723 4.17641)
(-0.000235496 -0.0315637 4.17633)
(-0.000621974 -0.0308717 4.17613)
(-0.00094767 -0.0297985 4.17568)
(-0.0011376 -0.029291 4.1749)
(9.43014e-05 -0.0339403 4.17507)
(0.000261623 -0.0345576 4.17534)
(0.000265244 -0.034716 4.17523)
(7.73085e-05 -0.0351332 4.17512)
(4.60692e-05 -0.035596 4.1751)
(7.47948e-05 -0.0356593 4.17512)
(-4.6152e-05 -0.035222 4.17513)
(-0.000305183 -0.0344989 4.1751)
(-0.000395213 -0.0336641 4.17497)
(-0.00024282 -0.0331134 4.17471)
(-0.000916539 -0.0376992 4.17439)
(-0.000835281 -0.03856 4.17448)
(-0.00069734 -0.0385715 4.1741)
(-0.000476376 -0.039074 4.17391)
(-0.000154829 -0.0396688 4.17389)
(0.000186963 -0.0396401 4.17387)
(0.000359622 -0.039031 4.17389)
(0.000414681 -0.0382986 4.17402)
(0.000618473 -0.0377641 4.17426)
(0.000958422 -0.0371552 4.17425)
(-0.00168686 -0.0413155 4.17333)
(-0.00190198 -0.0423335 4.1734)
(-0.00165541 -0.0427335 4.17308)
(-0.000941256 -0.0433393 4.17291)
(-0.000299239 -0.0439662 4.17294)
(0.000265983 -0.0438669 4.17292)
(0.000831886 -0.0431516 4.1729)
(0.00140642 -0.0423877 4.17307)
(0.00181423 -0.0418279 4.17345)
(0.00196949 -0.0410079 4.17348)
(-0.00235223 -0.0448289 4.17199)
(-0.00259343 -0.0459516 4.17212)
(-0.00217554 -0.0471556 4.17214)
(-0.00114771 -0.0478824 4.17206)
(-0.000303908 -0.0483601 4.17204)
(0.00038222 -0.0482725 4.17204)
(0.00122334 -0.0476217 4.17206)
(0.00220711 -0.0468061 4.17219)
(0.00281023 -0.0457457 4.17229)
(0.00280475 -0.0445361 4.17222)
(-0.00307594 -0.048531 4.17046)
(-0.0029852 -0.0497353 4.17066)
(-0.00229792 -0.051716 4.17098)
(-0.00120928 -0.0525439 4.17098)
(-0.000250776 -0.0527866 4.17089)
(0.000575545 -0.0527593 4.17091)
(0.00155795 -0.0522593 4.171)
(0.00264785 -0.051424 4.17108)
(0.00342839 -0.0497111 4.1709)
(0.0036835 -0.0481232 4.17053)
(-0.00421119 -0.0526095 4.16875)
(-0.00350541 -0.0539128 4.16912)
(-0.00250851 -0.0562822 4.16959)
(-0.00142701 -0.0571991 4.16959)
(-0.000282671 -0.0573221 4.16945)
(0.00087954 -0.0573487 4.16949)
(0.00204422 -0.0568757 4.16961)
(0.00315274 -0.0560426 4.16971)
(0.0041091 -0.053922 4.16939)
(0.00489995 -0.0523115 4.1689)
(-0.00602268 -0.0572449 4.16673)
(-0.00460725 -0.0585391 4.16745)
(-0.00334568 -0.060783 4.16791)
(-0.00215226 -0.0619042 4.16789)
(-0.000554595 -0.0621918 4.16783)
(0.00125259 -0.0622631 4.16786)
(0.00299365 -0.0616452 4.1679)
(0.0043523 -0.0605843 4.16802)
(0.00546154 -0.0583455 4.16772)
(0.00649333 -0.0569407 4.16706)
(-0.0085523 -0.0626056 4.16379)
(-0.00674681 -0.0634907 4.16527)
(-0.00517178 -0.0654889 4.1657)
(-0.00332366 -0.0669739 4.1659)
(-0.00094959 -0.0676643 4.16602)
(0.00169116 -0.0677772 4.16608)
(0.00428928 -0.0670394 4.16603)
(0.00640064 -0.0653739 4.16583)
(0.00781008 -0.0629485 4.16529)
(0.00889415 -0.0618116 4.16377)
(0.00171702 -0.035016 4.21297)
(0.00133714 -0.0355435 4.21469)
(0.000982478 -0.0361728 4.21541)
(0.000718783 -0.0365961 4.21567)
(0.000406398 -0.036773 4.21571)
(7.12684e-05 -0.0369433 4.21572)
(-0.000227793 -0.0368526 4.21561)
(-0.000549185 -0.036292 4.21514)
(-0.00100821 -0.0356548 4.2143)
(-0.00143704 -0.0351118 4.21255)
(0.0015283 -0.0390595 4.21275)
(0.00108689 -0.0397564 4.21366)
(0.000753671 -0.0406128 4.21416)
(0.000451288 -0.0410729 4.21429)
(0.000263422 -0.0413038 4.21431)
(0.000124503 -0.0414502 4.21431)
(-0.000102293 -0.0413108 4.21427)
(-0.00035655 -0.0406975 4.21406)
(-0.000703632 -0.0399226 4.21358)
(-0.001172 -0.0392269 4.21259)
(0.000270604 -0.0433804 4.21166)
(0.000452887 -0.0442794 4.21211)
(0.000422239 -0.0450179 4.21229)
(0.000195783 -0.0455396 4.21228)
(0.000160235 -0.045901 4.21227)
(0.000205694 -0.0460037 4.21229)
(0.000126606 -0.0457702 4.21231)
(-5.40171e-05 -0.0451753 4.21226)
(-0.000186547 -0.0443106 4.21201)
(-0.000246154 -0.0434849 4.21148)
(-0.00109651 -0.0480618 4.21013)
(-0.000671813 -0.0491153 4.21033)
(-0.000420283 -0.0495327 4.21016)
(-0.000307472 -0.0501226 4.21003)
(-3.05408e-05 -0.0506382 4.20996)
(0.000327317 -0.0507021 4.20996)
(0.00052141 -0.050297 4.21002)
(0.000549707 -0.0496798 4.2101)
(0.000749191 -0.0490136 4.21013)
(0.00108115 -0.048008 4.20992)
(-0.00239241 -0.0526723 4.20819)
(-0.00209872 -0.0539069 4.20833)
(-0.00164085 -0.0543087 4.208)
(-0.000996227 -0.0549856 4.20783)
(-0.000296239 -0.0556188 4.20779)
(0.000466305 -0.055645 4.20777)
(0.00107192 -0.055015 4.20779)
(0.00153871 -0.0543482 4.20794)
(0.00201186 -0.0538316 4.20821)
(0.00239709 -0.0525342 4.208)
(-0.00342117 -0.0571363 4.20576)
(-0.0032825 -0.0584896 4.20601)
(-0.00267465 -0.0593838 4.20589)
(-0.00154941 -0.0601752 4.20576)
(-0.000466379 -0.0608207 4.20572)
(0.000561091 -0.0608279 4.20572)
(0.00159779 -0.0600624 4.20569)
(0.00259065 -0.0593175 4.20584)
(0.00325201 -0.0585213 4.20599)
(0.00354393 -0.0569011 4.20569)
(-0.00421708 -0.0616323 4.20291)
(-0.00395323 -0.0629734 4.20329)
(-0.00317772 -0.0645912 4.20354)
(-0.0018621 -0.0655481 4.20352)
(-0.000545481 -0.0661572 4.20348)
(0.000723928 -0.0661612 4.20349)
(0.0020672 -0.0654074 4.20346)
(0.00336274 -0.0644797 4.20355)
(0.00419466 -0.0631587 4.20342)
(0.00459901 -0.0613537 4.20291)
(-0.00518879 -0.0664595 4.19964)
(-0.00441935 -0.0676459 4.20016)
(-0.00339363 -0.0697681 4.20069)
(-0.00207969 -0.0709309 4.2008)
(-0.000571737 -0.0716292 4.20079)
(0.00101377 -0.071634 4.20083)
(0.00261577 -0.0708823 4.20082)
(0.00404038 -0.0696705 4.2008)
(0.00501549 -0.0678784 4.20047)
(0.00578421 -0.0662218 4.19982)
(-0.00688607 -0.0717188 4.19595)
(-0.00550176 -0.072685 4.19673)
(-0.00402058 -0.0749354 4.19728)
(-0.00241546 -0.0763583 4.19747)
(-0.000546685 -0.0772634 4.19767)
(0.00136115 -0.0772576 4.19772)
(0.00330904 -0.0764587 4.19764)
(0.00505497 -0.0748816 4.19744)
(0.00634687 -0.0727396 4.19697)
(0.00745579 -0.0714607 4.19616)
(-0.00949871 -0.077479 4.19084)
(-0.0075548 -0.0782901 4.19273)
(-0.00541867 -0.0805074 4.19347)
(-0.00302988 -0.0822209 4.19383)
(-0.000611371 -0.083092 4.19408)
(0.00165767 -0.0831124 4.1941)
(0.00413226 -0.0824929 4.19401)
(0.00658405 -0.0804946 4.19353)
(0.00846291 -0.0779077 4.19267)
(0.00984805 -0.0770121 4.19076)
(0.00241542 -0.0534208 4.2546)
(0.00175696 -0.0540369 4.2566)
(0.0012524 -0.0544674 4.25742)
(0.000925732 -0.0548763 4.25774)
(0.000476057 -0.0551163 4.25785)
(-5.11576e-05 -0.0552788 4.25786)
(-0.000525144 -0.0552098 4.25772)
(-0.000955399 -0.054796 4.25726)
(-0.0014652 -0.0543816 4.25644)
(-0.00178256 -0.0538581 4.2545)
(0.00206941 -0.0589162 4.25393)
(0.00118421 -0.0599123 4.25509)
(0.000671413 -0.0608668 4.25568)
(0.000449203 -0.061348 4.25587)
(0.000284376 -0.061561 4.2559)
(0.000105996 -0.0616878 4.25591)
(-0.000119997 -0.0616211 4.25587)
(-0.000351842 -0.0611565 4.25567)
(-0.000765524 -0.0605409 4.25516)
(-0.00150588 -0.0596916 4.25402)
(0.000596532 -0.0647568 4.25219)
(0.000430626 -0.0659762 4.25282)
(0.000267463 -0.0671799 4.25321)
(0.000138992 -0.0678158 4.2533)
(0.000162103 -0.0680806 4.25329)
(0.000230194 -0.0681845 4.25329)
(0.000229183 -0.06808 4.25331)
(0.00016303 -0.0675585 4.25324)
(-2.697e-05 -0.066609 4.25291)
(-0.000388012 -0.0653743 4.25214)
(-0.00128943 -0.0711981 4.2499)
(-0.000773841 -0.0725365 4.25024)
(-0.000465332 -0.073558 4.25034)
(-0.00034941 -0.0742929 4.25029)
(-4.71708e-05 -0.0746808 4.25021)
(0.000372934 -0.0747771 4.25019)
(0.000654172 -0.0745516 4.25027)
(0.000760253 -0.0739534 4.25029)
(0.000925135 -0.0729542 4.25011)
(0.00108662 -0.0714363 4.24965)
(-0.00321146 -0.0778255 4.24726)
(-0.00244674 -0.0793634 4.24752)
(-0.00176226 -0.0801387 4.24735)
(-0.00114619 -0.0809364 4.24719)
(-0.000382723 -0.0814964 4.24709)
(0.000529816 -0.0815956 4.24706)
(0.00124174 -0.0811102 4.24712)
(0.00170775 -0.0804527 4.24723)
(0.00229194 -0.0795689 4.24727)
(0.00289493 -0.0777513 4.24688)
(-0.0049133 -0.0844001 4.24427)
(-0.00418246 -0.0860888 4.24461)
(-0.0032354 -0.0870033 4.24445)
(-0.00204277 -0.0878621 4.24429)
(-0.0007424 -0.0885905 4.24422)
(0.000706066 -0.0886824 4.24421)
(0.00194347 -0.0878504 4.24419)
(0.00296137 -0.0871559 4.24432)
(0.00386426 -0.0862557 4.24445)
(0.00465369 -0.0842457 4.244)
(-0.00627785 -0.0909402 4.24095)
(-0.00542706 -0.092559 4.24146)
(-0.00431734 -0.0938963 4.24156)
(-0.00274078 -0.0949389 4.24152)
(-0.000978853 -0.0958543 4.24154)
(0.000862301 -0.0959296 4.24154)
(0.00265474 -0.0948696 4.24142)
(0.00420489 -0.0939636 4.24154)
(0.00529868 -0.0928278 4.2415)
(0.00624252 -0.090856 4.24095)
(-0.0075646 -0.0975969 4.23715)
(-0.00632481 -0.0989264 4.23777)
(-0.00490988 -0.100639 4.23817)
(-0.00312516 -0.101941 4.23834)
(-0.00104929 -0.103139 4.2385)
(0.00108155 -0.103201 4.23854)
(0.0033093 -0.102111 4.23839)
(0.00526156 -0.100652 4.23833)
(0.00655435 -0.0991922 4.2381)
(0.00778543 -0.0975819 4.23737)
(-0.0093898 -0.104381 4.23234)
(-0.00755804 -0.105336 4.23336)
(-0.00548336 -0.107314 4.23389)
(-0.00319592 -0.108922 4.2342)
(-0.000844425 -0.110262 4.23462)
(0.0013743 -0.110232 4.23468)
(0.00379144 -0.10938 4.23453)
(0.00620959 -0.107258 4.23411)
(0.00799983 -0.105443 4.23365)
(0.00966192 -0.104378 4.23262)
(-0.0119787 -0.111521 4.22507)
(-0.00934493 -0.112122 4.22781)
(-0.00639202 -0.114486 4.22891)
(-0.00327933 -0.116134 4.22952)
(-0.000640042 -0.117146 4.22988)
(0.0015788 -0.117072 4.22987)
(0.004127 -0.116702 4.22976)
(0.00715362 -0.114292 4.22894)
(0.00983849 -0.111784 4.22777)
(0.0120902 -0.111447 4.22515)
(0.00325461 -0.0788446 4.33572)
(0.00248397 -0.079655 4.33783)
(0.00174582 -0.0801434 4.3388)
(0.00124818 -0.0806616 4.33924)
(0.000547581 -0.0809683 4.33941)
(-0.000265026 -0.0811145 4.33942)
(-0.00102171 -0.0809694 4.33926)
(-0.00167484 -0.0804904 4.33883)
(-0.00226312 -0.0800423 4.33791)
(-0.00251419 -0.0793347 4.33585)
(0.00249361 -0.0862569 4.33193)
(0.00136658 -0.0874625 4.3332)
(0.000720544 -0.088603 4.33383)
(0.00051963 -0.0891839 4.33409)
(0.000290094 -0.0893997 4.33416)
(-3.20821e-06 -0.0894987 4.33418)
(-0.00030402 -0.0893928 4.33412)
(-0.000566191 -0.08892 4.33392)
(-0.00106241 -0.0882679 4.33338)
(-0.00192822 -0.0871825 4.33213)
(0.000646329 -0.0938671 4.32682)
(0.000270624 -0.0952947 4.32761)
(5.14733e-05 -0.096911 4.32803)
(3.06526e-05 -0.0976296 4.32816)
(0.000113716 -0.0978622 4.32817)
(0.000213294 -0.0979273 4.32818)
(0.000263746 -0.0978195 4.32819)
(0.000282268 -0.0972862 4.3281)
(7.04996e-05 -0.096139 4.32773)
(-0.000456583 -0.0945867 4.32683)
(-0.00161112 -0.102017 4.3208)
(-0.00109448 -0.103559 4.32134)
(-0.000724319 -0.105134 4.32158)
(-0.000496841 -0.105949 4.32158)
(-0.000115784 -0.106285 4.32153)
(0.000363541 -0.106326 4.32151)
(0.000748295 -0.10614 4.32156)
(0.00099767 -0.105539 4.32154)
(0.00120737 -0.10417 4.32125)
(0.00130276 -0.102349 4.32063)
(-0.00396913 -0.110468 4.31405)
(-0.00286038 -0.112133 4.31447)
(-0.00199557 -0.113345 4.3145)
(-0.00137745 -0.114206 4.31438)
(-0.00053244 -0.114723 4.31428)
(0.000526675 -0.1148 4.31422)
(0.00139189 -0.114393 4.31429)
(0.00195243 -0.113696 4.31437)
(0.00267286 -0.11244 4.3142)
(0.00349595 -0.110418 4.31372)
(-0.00630459 -0.118831 4.30621)
(-0.00497759 -0.120606 4.30661)
(-0.00373949 -0.12157 4.3065)
(-0.00253258 -0.122514 4.30635)
(-0.00104101 -0.123316 4.30625)
(0.000754734 -0.123417 4.3062)
(0.0022716 -0.122628 4.30626)
(0.00338066 -0.121816 4.30639)
(0.00452436 -0.120809 4.30642)
(0.00581445 -0.118813 4.30595)
(-0.00849647 -0.127145 4.2966)
(-0.00700954 -0.128787 4.2971)
(-0.0054303 -0.129786 4.29705)
(-0.00359395 -0.130934 4.29697)
(-0.00139572 -0.13216 4.29696)
(0.00103268 -0.132239 4.29694)
(0.00323199 -0.131031 4.29694)
(0.00504339 -0.129962 4.29708)
(0.00656538 -0.129057 4.29717)
(0.00812864 -0.127252 4.29666)
(-0.0105217 -0.13548 4.28465)
(-0.00866865 -0.136969 4.28534)
(-0.00656067 -0.138242 4.28554)
(-0.00410018 -0.139636 4.28565)
(-0.00142223 -0.141201 4.28585)
(0.00125223 -0.141284 4.2859)
(0.00403317 -0.139903 4.28579)
(0.00656751 -0.138316 4.2858)
(0.00846795 -0.137174 4.28573)
(0.0103271 -0.135803 4.28499)
(-0.012711 -0.144465 4.27061)
(-0.0100403 -0.14569 4.27224)
(-0.00717149 -0.147402 4.273)
(-0.00405528 -0.149126 4.2735)
(-0.0011501 -0.150538 4.27403)
(0.00143279 -0.150608 4.2741)
(0.00445683 -0.149508 4.27379)
(0.00763803 -0.14732 4.27315)
(0.0101936 -0.145636 4.27245)
(0.0126247 -0.144759 4.27095)
(-0.0153753 -0.155414 4.25564)
(-0.0115341 -0.155598 4.26032)
(-0.00788266 -0.157778 4.26287)
(-0.00414529 -0.159412 4.26444)
(-0.00101287 -0.160173 4.26521)
(0.00169565 -0.160264 4.26528)
(0.00481841 -0.159866 4.26444)
(0.00858446 -0.157517 4.26247)
(0.0120913 -0.155044 4.2598)
(0.0155427 -0.155255 4.25523)
(0.00515706 -0.127479 4.38451)
(0.00383123 -0.127942 4.38694)
(0.00261495 -0.128655 4.38824)
(0.00170028 -0.129139 4.3889)
(0.000662201 -0.129419 4.38919)
(-0.000437431 -0.129494 4.38921)
(-0.00154144 -0.129302 4.38897)
(-0.00258413 -0.128742 4.38839)
(-0.00356916 -0.128382 4.38717)
(-0.00447601 -0.127867 4.38474)
(0.004038 -0.139874 4.38144)
(0.00235946 -0.141116 4.38296)
(0.0013753 -0.142492 4.38378)
(0.000896759 -0.143172 4.38417)
(0.000423964 -0.143389 4.38433)
(-0.000101153 -0.143456 4.38435)
(-0.000622723 -0.143231 4.38423)
(-0.00111036 -0.142629 4.3839)
(-0.00201573 -0.141791 4.38315)
(-0.0036272 -0.140522 4.38166)
(0.0014686 -0.152617 4.37679)
(0.000697937 -0.154501 4.37787)
(0.000319689 -0.156396 4.37834)
(0.000173485 -0.157285 4.37855)
(0.000193279 -0.157595 4.37864)
(0.000229185 -0.157587 4.37864)
(0.000199802 -0.157346 4.37857)
(0.000157952 -0.156584 4.37837)
(-0.000315511 -0.154995 4.37788)
(-0.00136325 -0.15301 4.37682)
(-0.00152352 -0.166346 4.37104)
(-0.00121179 -0.168668 4.37182)
(-0.00089258 -0.170591 4.3721)
(-0.000657931 -0.171651 4.37216)
(-0.000128655 -0.17211 4.37214)
(0.000478573 -0.172004 4.37213)
(0.000906592 -0.17172 4.37212)
(0.00122872 -0.170846 4.37202)
(0.00141018 -0.168853 4.37163)
(0.00132833 -0.166436 4.37088)
(-0.00468734 -0.180947 4.36451)
(-0.003539 -0.183467 4.36503)
(-0.00260729 -0.185131 4.36514)
(-0.00182663 -0.186324 4.36507)
(-0.000680854 -0.187136 4.365)
(0.000682957 -0.186962 4.36494)
(0.00178896 -0.186436 4.36498)
(0.00253431 -0.185383 4.36501)
(0.00345687 -0.18348 4.36479)
(0.0044153 -0.180736 4.36424)
(-0.00796643 -0.196106 4.35768)
(-0.0063461 -0.198641 4.35798)
(-0.00482117 -0.200332 4.35794)
(-0.00323267 -0.201729 4.35784)
(-0.00129918 -0.202818 4.35777)
(0.000930944 -0.202676 4.35773)
(0.00294405 -0.201796 4.35781)
(0.00440486 -0.200488 4.35792)
(0.00595568 -0.198807 4.35793)
(0.00765903 -0.196071 4.35753)
(-0.0112039 -0.211736 4.35173)
(-0.00917814 -0.21416 4.352)
(-0.00694716 -0.215966 4.35206)
(-0.00441264 -0.217685 4.35212)
(-0.00172305 -0.219142 4.35218)
(0.00127496 -0.219129 4.35215)
(0.0042006 -0.21772 4.35215)
(0.0065759 -0.215988 4.35216)
(0.00862573 -0.214436 4.35221)
(0.0107353 -0.211826 4.3519)
(-0.0141284 -0.227895 4.34913)
(-0.0112445 -0.2301 4.34993)
(-0.00835074 -0.232329 4.3505)
(-0.00497089 -0.234253 4.35106)
(-0.0017367 -0.235687 4.35136)
(0.00159276 -0.236019 4.35144)
(0.00515478 -0.234374 4.35107)
(0.00846655 -0.232028 4.35053)
(0.0109491 -0.2301 4.35006)
(0.0136456 -0.228188 4.34933)
(-0.0172019 -0.24588 4.35172)
(-0.0125458 -0.246336 4.35471)
(-0.0091551 -0.249459 4.35673)
(-0.00499925 -0.251562 4.35828)
(-0.00150833 -0.252501 4.35907)
(0.00174035 -0.253196 4.35915)
(0.00558623 -0.251654 4.35811)
(0.00975139 -0.248804 4.35632)
(0.0127699 -0.245831 4.35416)
(0.0169716 -0.245698 4.35134)
(-0.0212596 -0.264412 4.35368)
(-0.0148097 -0.260869 4.36271)
(-0.0106571 -0.264916 4.36698)
(-0.0057335 -0.266714 4.36959)
(-0.00170354 -0.267197 4.3707)
(0.00202709 -0.268017 4.37052)
(0.0060759 -0.266972 4.36917)
(0.011187 -0.264561 4.36622)
(0.0155047 -0.260008 4.3615)
(0.0217737 -0.263912 4.35243)
(0.00867456 -0.242747 4.65979)
(0.00724586 -0.244268 4.66121)
(0.00537947 -0.246297 4.66199)
(0.00338708 -0.247707 4.66227)
(0.00122958 -0.248485 4.66231)
(-0.00100613 -0.248509 4.66228)
(-0.00318557 -0.247644 4.66228)
(-0.00516045 -0.246085 4.66206)
(-0.00700234 -0.244292 4.66081)
(-0.00844723 -0.242723 4.65955)
(0.00607573 -0.26091 4.64168)
(0.00445421 -0.263503 4.64259)
(0.00306721 -0.265663 4.64276)
(0.0019356 -0.267166 4.64295)
(0.000781817 -0.267827 4.6431)
(-0.000452592 -0.26786 4.64305)
(-0.00163625 -0.267084 4.64299)
(-0.00265162 -0.265573 4.64283)
(-0.00409286 -0.263252 4.64224)
(-0.00594412 -0.260945 4.64153)
(0.00174966 -0.2787 4.62289)
(0.00125347 -0.282031 4.62345)
(0.000771832 -0.284378 4.62323)
(0.00044476 -0.285995 4.62326)
(0.000257176 -0.2867 4.62343)
(3.73118e-05 -0.286646 4.62333)
(-0.000233844 -0.28594 4.62327)
(-0.000442498 -0.284415 4.62326)
(-0.000902915 -0.281533 4.62339)
(-0.00151972 -0.278463 4.62278)
(-0.0023671 -0.296781 4.6037)
(-0.00184971 -0.300123 4.60393)
(-0.00146103 -0.302521 4.60389)
(-0.00102058 -0.304243 4.60383)
(-0.000311343 -0.30504 4.60382)
(0.00043039 -0.304873 4.60389)
(0.000990581 -0.304193 4.60387)
(0.00144379 -0.302672 4.60389)
(0.00203009 -0.299812 4.60428)
(0.00263105 -0.296296 4.60382)
(-0.00653339 -0.314696 4.58389)
(-0.00511541 -0.317676 4.58425)
(-0.00378162 -0.320027 4.58459)
(-0.00245712 -0.321864 4.58464)
(-0.000885876 -0.322948 4.58458)
(0.000786065 -0.322671 4.58478)
(0.00225191 -0.321802 4.58472)
(0.00346747 -0.320196 4.58459)
(0.00495811 -0.317825 4.58462)
(0.00664186 -0.314208 4.58414)
(-0.0109522 -0.332379 4.56319)
(-0.00865216 -0.334862 4.56425)
(-0.00625589 -0.337335 4.56514)
(-0.00384444 -0.339234 4.56539)
(-0.00143142 -0.340388 4.56531)
(0.00117629 -0.340181 4.5655)
(0.00373343 -0.339111 4.56546)
(0.00592967 -0.337323 4.56512)
(0.00818845 -0.335235 4.56433)
(0.0106346 -0.332374 4.56355)
(-0.0157093 -0.350158 4.53992)
(-0.0122685 -0.351829 4.54242)
(-0.00880374 -0.354217 4.54383)
(-0.00521708 -0.356129 4.54452)
(-0.00188419 -0.357361 4.54469)
(0.00165823 -0.357353 4.54471)
(0.00533281 -0.355993 4.54453)
(0.00876106 -0.353915 4.54381)
(0.0118403 -0.351859 4.54222)
(0.0150291 -0.350341 4.54007)
(-0.0210576 -0.368189 4.50797)
(-0.0160875 -0.368165 4.51301)
(-0.0116029 -0.370509 4.5157)
(-0.00674574 -0.372308 4.5171)
(-0.00232853 -0.373314 4.51759)
(0.00223657 -0.373685 4.51762)
(0.0070094 -0.372263 4.51716)
(0.0118605 -0.369937 4.51574)
(0.0160875 -0.367629 4.51284)
(0.0205978 -0.368182 4.50805)
(-0.0281762 -0.385634 4.45392)
(-0.0211404 -0.382775 4.46362)
(-0.0153545 -0.385247 4.46819)
(-0.00895689 -0.386976 4.47026)
(-0.0029892 -0.38776 4.47104)
(0.00296413 -0.388286 4.47122)
(0.0090044 -0.387027 4.47062)
(0.0156172 -0.384757 4.46856)
(0.021524 -0.381995 4.46404)
(0.0282561 -0.385049 4.4543)
(-0.0386422 -0.398905 4.35612)
(-0.0292442 -0.393276 4.37357)
(-0.0213393 -0.396095 4.37936)
(-0.0126112 -0.397643 4.38142)
(-0.00427143 -0.398545 4.38179)
(0.00403391 -0.398942 4.3822)
(0.012228 -0.397912 4.38237)
(0.0212011 -0.396181 4.38065)
(0.0296312 -0.392929 4.37503)
(0.0394221 -0.398422 4.35762)
(0.00388678 0.00476109 3.72018)
(0.00315138 0.00515581 3.7228)
(0.00226635 0.00531303 3.72824)
(0.00136755 0.00544883 3.73074)
(0.000488187 0.00554617 3.73167)
(-0.000409433 0.00540416 3.73389)
(-0.00138962 0.00538784 3.73112)
(-0.00230032 0.00530871 3.7271)
(-0.00312234 0.00510834 3.72354)
(-0.00382918 0.00465028 3.72204)
(0.00515755 0.00592967 3.79385)
(0.00419725 0.0065697 3.79471)
(0.00303532 0.0069089 3.79242)
(0.00183382 0.00716335 3.7917)
(0.000617543 0.00731154 3.79148)
(-0.000604948 0.00716904 3.78978)
(-0.00183103 0.00710875 3.79142)
(-0.00304722 0.00689708 3.79337)
(-0.00418075 0.0064986 3.79416)
(-0.00508612 0.00582134 3.79241)
(0.00407433 0.00464566 3.77961)
(0.00322795 0.00495677 3.77941)
(0.00229933 0.00513009 3.77878)
(0.00137982 0.00526078 3.77848)
(0.000452306 0.00532547 3.77837)
(-0.000479159 0.00527732 3.7781)
(-0.00138624 0.00523295 3.77843)
(-0.00231358 0.00511266 3.7789)
(-0.00322072 0.00489763 3.7793)
(-0.00402079 0.00459824 3.7793)
(0.00331398 0.00380346 3.77681)
(0.00261975 0.00399003 3.77663)
(0.0018933 0.00411024 3.77644)
(0.00114176 0.00421363 3.77634)
(0.00037605 0.00426312 3.77631)
(-0.000396083 0.00425184 3.77626)
(-0.00115025 0.00418675 3.77635)
(-0.00189739 0.00410539 3.77646)
(-0.00263376 0.00393169 3.77662)
(-0.00334099 0.00373466 3.77674)
(0.00290939 0.00335991 3.77615)
(0.002286 0.00348443 3.77607)
(0.00167212 0.00357965 3.77598)
(0.00101215 0.00367764 3.77593)
(0.000340988 0.00370721 3.77592)
(-0.000333708 0.00371124 3.77592)
(-0.00101674 0.00364175 3.77595)
(-0.00166519 0.003577 3.776)
(-0.00228997 0.00346275 3.77606)
(-0.00293725 0.00330044 3.77615)
(0.00265918 0.0030476 3.77595)
(0.00205091 0.00310233 3.7759)
(0.00149884 0.0031794 3.77584)
(0.000910938 0.00327214 3.7758)
(0.000306965 0.00327334 3.77578)
(-0.000286492 0.00329115 3.77577)
(-0.000906347 0.00324145 3.7758)
(-0.00149556 0.00316332 3.77584)
(-0.00204005 0.00310851 3.77588)
(-0.00264048 0.00302537 3.77594)
(0.00243869 0.00277444 3.77583)
(0.00184248 0.00275123 3.77577)
(0.00133106 0.00280399 3.77574)
(0.000814964 0.00288417 3.77569)
(0.000276305 0.002865 3.77568)
(-0.000258209 0.00288948 3.77567)
(-0.000808438 0.00287439 3.77568)
(-0.00133208 0.00278037 3.77572)
(-0.00182948 0.0027509 3.77577)
(-0.00239701 0.00276763 3.77582)
(0.00222394 0.00252143 3.77573)
(0.00164986 0.0024256 3.77567)
(0.00118427 0.00244911 3.77563)
(0.000728578 0.00250578 3.7756)
(0.000247844 0.00248538 3.77559)
(-0.000240155 0.00251029 3.77558)
(-0.000719377 0.00251399 3.77558)
(-0.00117406 0.00242812 3.77563)
(-0.00163724 0.00240953 3.77568)
(-0.00220407 0.00250357 3.77574)
(0.00201549 0.00228059 3.77565)
(0.00148197 0.00211644 3.77559)
(0.00106481 0.0021194 3.77554)
(0.000652973 0.00214655 3.77551)
(0.00021959 0.00214086 3.77549)
(-0.000219231 0.00215783 3.77549)
(-0.00063394 0.00215889 3.77551)
(-0.0010438 0.00210517 3.77555)
(-0.00147432 0.00209764 3.77559)
(-0.00201335 0.00225915 3.77564)
(0.0018443 0.00201477 3.77558)
(0.00138422 0.00182701 3.77552)
(0.000966928 0.00181435 3.77547)
(0.000575973 0.00181581 3.77545)
(0.000191911 0.00181936 3.77543)
(-0.000190958 0.00182475 3.77543)
(-0.000566586 0.00182113 3.77545)
(-0.00096204 0.00181305 3.77547)
(-0.00138165 0.00181122 3.77551)
(-0.00184099 0.0020017 3.77557)
(0.00669162 0.00808957 3.6023)
(0.00524088 0.00865461 3.6184)
(0.00372182 0.00903777 3.63258)
(0.00224231 0.00925364 3.64185)
(0.000731428 0.00940653 3.64514)
(-0.00080498 0.00930431 3.64814)
(-0.00229182 0.00912589 3.64351)
(-0.00373165 0.00894392 3.63297)
(-0.00525674 0.00860758 3.61951)
(-0.00673099 0.00792722 3.60531)
(0.00710599 0.00828492 3.83255)
(0.00565734 0.00892219 3.83104)
(0.00418615 0.00946274 3.82797)
(0.00253237 0.00988866 3.82583)
(0.000859745 0.0100905 3.82545)
(-0.000860882 0.0100676 3.82375)
(-0.00260154 0.00973052 3.82498)
(-0.00421961 0.00935281 3.82793)
(-0.00571043 0.00887525 3.83055)
(-0.00710702 0.00821971 3.83094)
(0.00544544 0.00629038 3.79957)
(0.00432272 0.00655736 3.79849)
(0.00316633 0.0068446 3.79701)
(0.00190793 0.00713488 3.79594)
(0.000644225 0.00719657 3.79562)
(-0.000619062 0.00723656 3.79505)
(-0.00189463 0.00701127 3.79565)
(-0.00314218 0.00680825 3.7969)
(-0.00429342 0.00654251 3.79818)
(-0.0053737 0.00628685 3.79887)
(0.00486243 0.00552368 3.79039)
(0.00383751 0.00576381 3.78965)
(0.00278957 0.00604838 3.78893)
(0.0017159 0.00631669 3.78839)
(0.000577171 0.00635692 3.78823)
(-0.000551782 0.00641918 3.78804)
(-0.00166102 0.00622077 3.78832)
(-0.00278297 0.00602212 3.78886)
(-0.00384591 0.00574918 3.78953)
(-0.00487574 0.00547025 3.79014)
(0.00450658 0.00504597 3.78734)
(0.00350197 0.00528796 3.78688)
(0.00252677 0.00553646 3.78647)
(0.00157285 0.00574647 3.7862)
(0.000554642 0.00581687 3.78609)
(-0.000484915 0.00585621 3.78607)
(-0.00152398 0.00571188 3.78618)
(-0.00253643 0.00550521 3.78646)
(-0.00350313 0.00529904 3.7868)
(-0.00449662 0.00502242 3.78725)
(0.00418521 0.00466861 3.7861)
(0.00319718 0.00487523 3.7858)
(0.00229619 0.00503546 3.78557)
(0.00142516 0.00518705 3.7854)
(0.000518817 0.0052827 3.78527)
(-0.000410962 0.00531438 3.78526)
(-0.00137382 0.00522665 3.78532)
(-0.00228949 0.00501361 3.78552)
(-0.00315434 0.00488332 3.78573)
(-0.00407232 0.00470732 3.78603)
(0.00384354 0.00435651 3.78545)
(0.00292179 0.00446617 3.7852)
(0.00208407 0.00452255 3.78506)
(0.00126383 0.0046454 3.78493)
(0.000430855 0.00472423 3.78483)
(-0.000393654 0.00476389 3.7848)
(-0.00125273 0.00472296 3.78484)
(-0.00207975 0.00451921 3.785)
(-0.00287675 0.00442526 3.78518)
(-0.00373946 0.00436399 3.78541)
(0.00350663 0.00403849 3.78502)
(0.00269795 0.00402381 3.7848)
(0.00191914 0.00402537 3.78467)
(0.00114134 0.00412368 3.78455)
(0.000365682 0.00417064 3.78448)
(-0.000403974 0.00420991 3.78448)
(-0.00116238 0.00419673 3.78451)
(-0.00190106 0.00403286 3.78465)
(-0.00265935 0.00396479 3.78482)
(-0.00349293 0.00399619 3.78502)
(0.00320674 0.00366549 3.78471)
(0.00249349 0.00355527 3.78448)
(0.00178585 0.00356023 3.78432)
(0.00105277 0.00361533 3.78423)
(0.000331948 0.0036407 3.78416)
(-0.000384159 0.00366912 3.78416)
(-0.00105225 0.00364814 3.78423)
(-0.00173682 0.00356864 3.78435)
(-0.00247424 0.00352598 3.78451)
(-0.00325573 0.00363293 3.78469)
(0.00294045 0.00326172 3.78445)
(0.00229895 0.00308963 3.78424)
(0.00164126 0.00311669 3.78405)
(0.000957301 0.00312836 3.78395)
(0.000298577 0.00312033 3.7839)
(-0.000330007 0.00313213 3.78389)
(-0.000944021 0.00311011 3.78397)
(-0.00162022 0.00312948 3.78405)
(-0.00232825 0.00310676 3.7842)
(-0.00300587 0.00325616 3.78442)
(0.00762322 0.00925274 3.47401)
(0.00598602 0.0098225 3.5063)
(0.00430675 0.0103339 3.53014)
(0.00262118 0.0107165 3.5449)
(0.000874702 0.0108626 3.55216)
(-0.00104528 0.0108737 3.5542)
(-0.00276885 0.0105966 3.54717)
(-0.00424704 0.0103147 3.53102)
(-0.00602191 0.00986612 3.50703)
(-0.00781812 0.00901679 3.47742)
(0.00735853 0.00857464 3.86048)
(0.00580904 0.00902409 3.85795)
(0.0043552 0.009596 3.85505)
(0.00269928 0.0101476 3.8533)
(0.000975847 0.0103323 3.85234)
(-0.000881105 0.0104924 3.8516)
(-0.00282181 0.0100469 3.85249)
(-0.00442905 0.00949966 3.85489)
(-0.0058661 0.00913879 3.858)
(-0.00740124 0.00855812 3.85923)
(0.00605402 0.00695251 3.8204)
(0.00474343 0.00714347 3.81851)
(0.00351286 0.0074644 3.81657)
(0.00217512 0.00781747 3.8151)
(0.000796098 0.00792668 3.81445)
(-0.00058377 0.00809065 3.81393)
(-0.00207743 0.00783275 3.81462)
(-0.0034327 0.0073925 3.81624)
(-0.00464831 0.00727509 3.818)
(-0.00591924 0.00708278 3.81953)
(0.00562729 0.00624413 3.80623)
(0.00437642 0.0064413 3.80504)
(0.0031513 0.00676848 3.80395)
(0.00196568 0.00707387 3.8031)
(0.000697873 0.00719443 3.80272)
(-0.000548913 0.00733513 3.80245)
(-0.00181532 0.007193 3.80281)
(-0.00311033 0.0067005 3.80372)
(-0.00432971 0.00651747 3.80471)
(-0.00548103 0.00638835 3.80579)
(0.00523647 0.00566472 3.80095)
(0.0040322 0.00588734 3.80013)
(0.00282505 0.00615447 3.7995)
(0.00176074 0.00635031 3.79905)
(0.000611906 0.00653502 3.79879)
(-0.000549731 0.00659764 3.79874)
(-0.00163787 0.00656382 3.79883)
(-0.00280447 0.00613519 3.79937)
(-0.00400608 0.00590217 3.79997)
(-0.00515468 0.00575569 3.80076)
(0.00474177 0.00521535 3.79861)
(0.00362504 0.00543829 3.79801)
(0.00252595 0.00556819 3.79768)
(0.00155339 0.00565272 3.79746)
(0.000545452 0.0059059 3.79725)
(-0.000522989 0.00590129 3.79724)
(-0.00148769 0.00589875 3.79729)
(-0.00248729 0.00562074 3.79756)
(-0.00356968 0.00540662 3.79795)
(-0.00465081 0.00530154 3.79846)
(0.004263 0.00484608 3.79742)
(0.00328173 0.00498964 3.79701)
(0.00231455 0.00500267 3.79681)
(0.00136434 0.00503572 3.79668)
(0.000442754 0.00530412 3.7965)
(-0.000491126 0.00526556 3.79648)
(-0.00136624 0.00523299 3.79657)
(-0.00227622 0.0051061 3.79671)
(-0.00322929 0.00493064 3.79698)
(-0.00423699 0.00488065 3.79733)
(0.00387972 0.00445545 3.79674)
(0.00302906 0.00448189 3.79646)
(0.00215398 0.00446623 3.79629)
(0.0012138 0.00448931 3.79617)
(0.000364901 0.00469827 3.79604)
(-0.000457977 0.00465074 3.79607)
(-0.00128329 0.00460263 3.79615)
(-0.00213716 0.00457299 3.79624)
(-0.00299039 0.00445203 3.79646)
(-0.003917 0.00446532 3.79672)
(0.00356741 0.00400849 3.79631)
(0.00282714 0.00395021 3.79604)
(0.00202275 0.00396732 3.79586)
(0.00112322 0.00397943 3.79576)
(0.000341626 0.00407783 3.79569)
(-0.00040377 0.00405224 3.7957)
(-0.00118997 0.00402128 3.79579)
(-0.00199533 0.00403611 3.79589)
(-0.00280722 0.00398519 3.79608)
(-0.00363923 0.0040299 3.79631)
(0.00326831 0.00355974 3.79602)
(0.00258344 0.00343797 3.79574)
(0.0018607 0.00348872 3.79551)
(0.00106101 0.00347822 3.79539)
(0.000322606 0.003465 3.79536)
(-0.000363784 0.00345726 3.79535)
(-0.00107736 0.00347323 3.79541)
(-0.00183626 0.00351377 3.79552)
(-0.00262185 0.00353571 3.79572)
(-0.00335306 0.00360063 3.796)
(0.00758743 0.00940209 3.34346)
(0.00601291 0.0101179 3.39096)
(0.00441251 0.0107738 3.42386)
(0.00273632 0.0113106 3.44326)
(0.00100248 0.0115022 3.45406)
(-0.000995559 0.0115566 3.4553)
(-0.00287874 0.0112818 3.44465)
(-0.00440865 0.0108338 3.42403)
(-0.00619255 0.0101284 3.39104)
(-0.0079407 0.00901527 3.34733)
(0.0075054 0.00853728 3.87557)
(0.005934 0.00903573 3.87512)
(0.00443099 0.00967009 3.87391)
(0.00283893 0.0102709 3.87337)
(0.00110931 0.0105691 3.87248)
(-0.000800061 0.0107483 3.87227)
(-0.00279719 0.0104023 3.87309)
(-0.00442919 0.0097335 3.87407)
(-0.00584278 0.00928885 3.87551)
(-0.00742206 0.00857974 3.87471)
(0.00677728 0.00755999 3.83987)
(0.00526669 0.00788514 3.83745)
(0.00387089 0.00824088 3.83532)
(0.00244811 0.008581 3.83384)
(0.00092747 0.00887676 3.83285)
(-0.000601512 0.00900551 3.83249)
(-0.00223417 0.00886768 3.83325)
(-0.00370133 0.00828762 3.83495)
(-0.00502312 0.00815408 3.83683)
(-0.00649287 0.00781812 3.83886)
(0.00631216 0.00693287 3.82223)
(0.00489263 0.00717961 3.82064)
(0.0035054 0.00750205 3.8193)
(0.00214298 0.00778098 3.81832)
(0.000753804 0.00807381 3.81767)
(-0.000600907 0.00813863 3.81746)
(-0.00197217 0.00813782 3.81782)
(-0.00337705 0.00753117 3.81896)
(-0.00473767 0.00736187 3.82014)
(-0.00597871 0.00722615 3.82165)
(0.00578583 0.00635748 3.81507)
(0.00449568 0.00654368 3.81386)
(0.00315501 0.00680131 3.81307)
(0.00188082 0.00699276 3.81249)
(0.000612947 0.0072545 3.81211)
(-0.000661509 0.00725649 3.81203)
(-0.00180279 0.00731908 3.81215)
(-0.00308947 0.00688275 3.81284)
(-0.00447893 0.00658968 3.81369)
(-0.00565153 0.00647045 3.81485)
(0.00519374 0.00584445 3.81164)
(0.00406526 0.00597959 3.81072)
(0.00284976 0.00617088 3.81022)
(0.00168086 0.00625408 3.80994)
(0.000540389 0.00650712 3.80973)
(-0.000689006 0.00646912 3.80974)
(-0.00168818 0.00646052 3.80984)
(-0.00279072 0.00632415 3.81012)
(-0.00405845 0.00600484 3.81072)
(-0.00523911 0.00584926 3.81153)
(0.00469737 0.00533624 3.80988)
(0.00367528 0.00543696 3.80928)
(0.00263116 0.00558404 3.80889)
(0.00154198 0.00557912 3.80874)
(0.000496797 0.00584492 3.80857)
(-0.000610601 0.00578302 3.80861)
(-0.0015676 0.00565548 3.80877)
(-0.00258412 0.00573982 3.80887)
(-0.00365198 0.00551467 3.80923)
(-0.00475492 0.00539056 3.80978)
(0.00432841 0.00483428 3.8089)
(0.00336352 0.00489581 3.80852)
(0.0024258 0.00500072 3.80823)
(0.00139335 0.00497076 3.80811)
(0.00043871 0.00519669 3.80796)
(-0.000496426 0.00512206 3.80802)
(-0.00144755 0.00497118 3.80817)
(-0.00244345 0.0051074 3.80821)
(-0.00337026 0.00500305 3.80847)
(-0.00434098 0.00493762 3.80885)
(0.00403547 0.00435138 3.80832)
(0.00313554 0.00438336 3.80801)
(0.00224137 0.0044207 3.80779)
(0.00127543 0.00440987 3.80767)
(0.000402789 0.00451697 3.80762)
(-0.000412995 0.00446481 3.80763)
(-0.00134586 0.00440111 3.80771)
(-0.00228253 0.00447929 3.8078)
(-0.00312717 0.00447982 3.80802)
(-0.00399793 0.00445526 3.80835)
(0.00366776 0.00393997 3.80796)
(0.00288103 0.00388299 3.80763)
(0.00205877 0.00385573 3.80742)
(0.00120584 0.00384553 3.80729)
(0.000393275 0.00384297 3.80727)
(-0.000391797 0.00382134 3.80727)
(-0.00123088 0.00385322 3.80729)
(-0.00204661 0.00386903 3.80745)
(-0.00285759 0.00395673 3.80766)
(-0.00363344 0.00400526 3.80799)
(0.00687107 0.00872415 3.22153)
(0.00547694 0.00967515 3.2809)
(0.0041327 0.0104387 3.32008)
(0.00263834 0.0110404 3.34336)
(0.0010421 0.0113603 3.35589)
(-0.000728322 0.0114173 3.35743)
(-0.00264048 0.0111705 3.3434)
(-0.00434522 0.0104658 3.31993)
(-0.0059265 0.00951562 3.28035)
(-0.00727858 0.00825031 3.22667)
(0.00741353 0.0081169 3.87752)
(0.00591277 0.00877977 3.88205)
(0.00437354 0.00951448 3.88468)
(0.00281793 0.0101207 3.88595)
(0.00107684 0.0105922 3.88599)
(-0.000707618 0.0106395 3.88561)
(-0.00248754 0.0105455 3.88567)
(-0.0042166 0.00978959 3.8845)
(-0.00568968 0.00906595 3.88245)
(-0.00717814 0.00817924 3.87652)
(0.00722728 0.00778342 3.85773)
(0.00561513 0.00832017 3.85526)
(0.00405245 0.00878361 3.85336)
(0.00250621 0.00913498 3.85218)
(0.000851387 0.00955721 3.85114)
(-0.000742452 0.00945341 3.85092)
(-0.00226406 0.00954871 3.85161)
(-0.00376996 0.00906727 3.85298)
(-0.00520293 0.00864937 3.85467)
(-0.00675512 0.00811057 3.85648)
(0.0065786 0.00729998 3.8384)
(0.00511763 0.00768854 3.83651)
(0.00366907 0.00803652 3.83509)
(0.00213677 0.00833652 3.83418)
(0.000689017 0.00867313 3.8334)
(-0.000739714 0.00850176 3.83337)
(-0.00213221 0.00860817 3.83373)
(-0.00349561 0.00824268 3.83477)
(-0.00490206 0.00787164 3.836)
(-0.00620896 0.00755969 3.83777)
(0.00591421 0.00679953 3.82991)
(0.00464803 0.0070434 3.82838)
(0.00332221 0.00731331 3.82743)
(0.00187358 0.0075806 3.82679)
(0.00055419 0.00775127 3.8264)
(-0.000748553 0.00760421 3.82633)
(-0.00198419 0.00764355 3.82662)
(-0.00327791 0.00748612 3.82724)
(-0.00465822 0.0070907 3.82828)
(-0.00586728 0.00680552 3.82977)
(0.0053035 0.00626073 3.82559)
(0.00423229 0.00638079 3.82438)
(0.00303881 0.00665293 3.82364)
(0.00172864 0.00686904 3.82326)
(0.000494535 0.00690437 3.82316)
(-0.000752776 0.00678965 3.82317)
(-0.00187477 0.00673555 3.8234)
(-0.00306085 0.00678714 3.82369)
(-0.00429955 0.00645765 3.82448)
(-0.00552204 0.00615797 3.82559)
(0.00488199 0.00563185 3.82328)
(0.0038696 0.00573366 3.82245)
(0.00281216 0.00604339 3.82182)
(0.00167635 0.00616771 3.82157)
(0.000548074 0.00616894 3.82151)
(-0.000641962 0.00606319 3.82158)
(-0.00174631 0.0059488 3.82179)
(-0.00284828 0.00608622 3.82196)
(-0.0039213 0.00589789 3.82244)
(-0.00506152 0.00568128 3.82321)
(0.00458108 0.00504866 3.82196)
(0.00350365 0.00518216 3.8214)
(0.00254604 0.00542502 3.82092)
(0.0015718 0.00547532 3.82073)
(0.00056325 0.00547808 3.82065)
(-0.0004743 0.00539001 3.82069)
(-0.00156017 0.00528975 3.82087)
(-0.00262625 0.00539387 3.82099)
(-0.00358209 0.00533353 3.82131)
(-0.00457235 0.00521226 3.8219)
(0.00424003 0.00461378 3.82115)
(0.00318777 0.0047007 3.82074)
(0.00229019 0.00476275 3.82044)
(0.00143737 0.0047939 3.82025)
(0.000529835 0.00478278 3.8202)
(-0.000395801 0.00472758 3.82022)
(-0.00143578 0.00472089 3.82026)
(-0.00240103 0.00471954 3.82042)
(-0.00324064 0.00476102 3.82069)
(-0.00412864 0.00470642 3.82118)
(0.00383625 0.00424841 3.82062)
(0.0029337 0.00418875 3.82023)
(0.00209053 0.00408201 3.82005)
(0.00132517 0.00409193 3.81989)
(0.000499892 0.00410706 3.81985)
(-0.000398409 0.00408813 3.81985)
(-0.0013216 0.00413876 3.81986)
(-0.00211394 0.0040443 3.82008)
(-0.00287671 0.00415474 3.82032)
(-0.00368667 0.0042566 3.82069)
(0.00587721 0.00748258 3.11338)
(0.0047521 0.00868108 3.18038)
(0.00373048 0.00950603 3.22463)
(0.00239256 0.0101417 3.25118)
(0.000979083 0.0105401 3.26378)
(-0.000515427 0.0106215 3.26567)
(-0.00235816 0.0102811 3.24978)
(-0.00409003 0.00944658 3.22394)
(-0.00535558 0.00839106 3.17912)
(-0.00619309 0.00713096 3.11828)
(0.0069603 0.00749867 3.86838)
(0.00573502 0.00823721 3.87965)
(0.00424149 0.0091984 3.88604)
(0.00256719 0.00979488 3.8896)
(0.000894615 0.0102771 3.89103)
(-0.000763597 0.0102586 3.8908)
(-0.00222589 0.01015 3.88953)
(-0.00396971 0.00950779 3.88587)
(-0.0055254 0.00849188 3.87995)
(-0.00676526 0.00750053 3.86792)
(0.00720821 0.00769022 3.87317)
(0.00571171 0.00838367 3.87136)
(0.00409624 0.00921133 3.87001)
(0.00233843 0.00954167 3.86933)
(0.000612351 0.00986593 3.8686)
(-0.00098816 0.00965799 3.86847)
(-0.00228097 0.0096315 3.86896)
(-0.0037756 0.00947535 3.86976)
(-0.00530815 0.00869368 3.87105)
(-0.00676049 0.00795071 3.87192)
(0.00640383 0.00730284 3.85434)
(0.00502625 0.00792344 3.85223)
(0.00365796 0.00852741 3.85086)
(0.00200225 0.008788 3.85012)
(0.000513099 0.00892953 3.84952)
(-0.000899193 0.00869077 3.84962)
(-0.00225383 0.00854555 3.85005)
(-0.00354253 0.00860569 3.85075)
(-0.00493129 0.00802376 3.85197)
(-0.00628782 0.00738785 3.8538)
(0.00565479 0.00687249 3.84517)
(0.00448699 0.00733197 3.84338)
(0.00333208 0.00779642 3.84229)
(0.00181634 0.00806055 3.84164)
(0.000483789 0.0079588 3.84138)
(-0.000755161 0.00782808 3.84134)
(-0.00211866 0.00758503 3.84184)
(-0.00339233 0.00770785 3.84232)
(-0.00461467 0.00734502 3.84341)
(-0.00581441 0.00678133 3.84512)
(0.00514666 0.00631415 3.84024)
(0.00412314 0.00662168 3.83885)
(0.00308678 0.0070771 3.8379)
(0.00176902 0.00734143 3.83739)
(0.000499032 0.00705495 3.83737)
(-0.000668193 0.00701326 3.83737)
(-0.00197096 0.00679431 3.83773)
(-0.00323424 0.00685453 3.83813)
(-0.00433192 0.00665713 3.839)
(-0.00547832 0.00618264 3.84035)
(0.00485639 0.00566212 3.83747)
(0.00383683 0.00592082 3.83644)
(0.0028681 0.00638547 3.83564)
(0.00177985 0.00660313 3.83524)
(0.00059834 0.0062645 3.83528)
(-0.000565438 0.00625636 3.83533)
(-0.00179215 0.00613604 3.83553)
(-0.00294961 0.00608748 3.83589)
(-0.00398262 0.00601318 3.83649)
(-0.00504194 0.00567895 3.83746)
(0.00455842 0.00511513 3.83582)
(0.00347138 0.00536127 3.83505)
(0.00256674 0.005697 3.83444)
(0.00171461 0.00584183 3.83414)
(0.000645421 0.00556684 3.83413)
(-0.000466994 0.00555651 3.83411)
(-0.0015786 0.00551847 3.83426)
(-0.00261907 0.00539514 3.83457)
(-0.00360948 0.00540555 3.83499)
(-0.0045672 0.00517743 3.83578)
(0.00418361 0.00470696 3.83476)
(0.00310233 0.00488568 3.83422)
(0.0022356 0.00496418 3.83385)
(0.00153488 0.00505797 3.83355)
(0.000604259 0.00491448 3.8335)
(-0.000420165 0.0048866 3.8335)
(-0.00141465 0.00488306 3.83355)
(-0.00231976 0.00474155 3.83379)
(-0.00317943 0.00480753 3.83413)
(-0.00405375 0.00470932 3.83476)
(0.00373872 0.00436473 3.83403)
(0.00283342 0.00435553 3.8336)
(0.00200897 0.00420659 3.83341)
(0.00134479 0.0042516 3.83322)
(0.000548812 0.0042578 3.83311)
(-0.000391942 0.00424805 3.83312)
(-0.00127913 0.00419836 3.83319)
(-0.00203815 0.00406989 3.83342)
(-0.00277549 0.0041465 3.83369)
(-0.00356436 0.00428102 3.83409)
(0.00471386 0.00600823 3.02157)
(0.00400582 0.00741698 3.0905)
(0.00334565 0.00821942 3.13725)
(0.00209208 0.00894671 3.16634)
(0.000834781 0.00933898 3.17884)
(-0.000587733 0.00942198 3.18144)
(-0.00229752 0.00890064 3.16614)
(-0.0035554 0.00814828 3.13661)
(-0.00446268 0.0071484 3.0888)
(-0.00499271 0.0058137 3.0246)
(0.00610086 0.00686473 3.84966)
(0.00531972 0.00762839 3.86897)
(0.00403019 0.00870261 3.87987)
(0.00221939 0.0094239 3.88595)
(0.000726981 0.00968714 3.88892)
(-0.000832804 0.0097612 3.88871)
(-0.00219714 0.00932735 3.88564)
(-0.0037464 0.00885734 3.87982)
(-0.00522047 0.00778524 3.86929)
(-0.00606226 0.00686448 3.8501)
(0.00670376 0.00741789 3.88521)
(0.00550098 0.00825043 3.88491)
(0.00392583 0.00933591 3.88447)
(0.00212392 0.0097901 3.88442)
(0.000424374 0.0098039 3.88427)
(-0.00111193 0.00979699 3.88406)
(-0.00228077 0.00935366 3.88431)
(-0.00374743 0.00935716 3.88449)
(-0.00524643 0.00840022 3.88508)
(-0.0064912 0.00757965 3.88432)
(0.00595034 0.00704574 3.86936)
(0.00474449 0.00792088 3.86722)
(0.00348415 0.00868599 3.866)
(0.00196447 0.00901752 3.86542)
(0.00041809 0.0088911 3.8652)
(-0.000963491 0.00881406 3.86532)
(-0.00224477 0.00830811 3.86579)
(-0.00355149 0.00850001 3.86618)
(-0.00486735 0.00779811 3.86736)
(-0.00621 0.00698078 3.86898)
(0.00535638 0.00660394 3.86019)
(0.00423167 0.00736141 3.85827)
(0.00320805 0.00791264 3.85706)
(0.00188186 0.00825108 3.85641)
(0.00053209 0.00798637 3.85627)
(-0.000683135 0.00795271 3.85629)
(-0.00212678 0.00747559 3.85689)
(-0.00341168 0.00757689 3.85732)
(-0.00448847 0.00721828 3.85839)
(-0.00569495 0.00647464 3.86016)
(0.00502601 0.00608655 3.85494)
(0.00394699 0.00665848 3.85346)
(0.00301827 0.00711658 3.8524)
(0.00184694 0.0074954 3.85176)
(0.00058404 0.00710397 3.85169)
(-0.000490982 0.00716132 3.85166)
(-0.00191284 0.0068484 3.85207)
(-0.00322213 0.00670104 3.85266)
(-0.00419417 0.00656113 3.85353)
(-0.00526338 0.00597613 3.85502)
(0.00476697 0.00555731 3.85176)
(0.00371517 0.00597531 3.8506)
(0.00277152 0.00635853 3.84979)
(0.00179424 0.00673482 3.84925)
(0.000632808 0.00628422 3.84925)
(-0.000448205 0.00639575 3.84922)
(-0.00171365 0.00629876 3.84937)
(-0.00288814 0.0059581 3.84995)
(-0.00388329 0.00588402 3.85066)
(-0.00484685 0.00547134 3.85181)
(0.00441214 0.00509664 3.84979)
(0.00339592 0.00540357 3.84886)
(0.00248445 0.00563757 3.84826)
(0.00170502 0.00593992 3.84785)
(0.000642066 0.00556575 3.84784)
(-0.000473128 0.00568025 3.84775)
(-0.00152576 0.00567684 3.84785)
(-0.00250818 0.00533017 3.84834)
(-0.00351046 0.00526761 3.84886)
(-0.00442279 0.00496775 3.8498)
(0.0039531 0.00469493 3.84852)
(0.00300967 0.00486668 3.84784)
(0.00216972 0.00492205 3.84744)
(0.00150895 0.00511881 3.84709)
(0.000569118 0.00493605 3.84697)
(-0.000479091 0.00499564 3.84695)
(-0.00135259 0.00495505 3.84705)
(-0.00220799 0.00473036 3.84734)
(-0.00308546 0.00468263 3.84776)
(-0.00392923 0.00453378 3.84848)
(0.00357275 0.00428934 3.84764)
(0.00273884 0.00428264 3.84715)
(0.0019185 0.0042067 3.84689)
(0.00125441 0.0042993 3.84669)
(0.00047342 0.00429825 3.84651)
(-0.000408408 0.00430562 3.84651)
(-0.00120475 0.00421403 3.84666)
(-0.00198724 0.00410377 3.84685)
(-0.00272437 0.00404217 3.84716)
(-0.00350148 0.00413775 3.84762)
(0.00374 0.00429557 2.94691)
(0.00342091 0.00592463 3.01194)
(0.00290556 0.00678535 3.06029)
(0.00164238 0.00758961 3.09044)
(0.000422504 0.00793665 3.10375)
(-0.000937555 0.00791801 3.10686)
(-0.00215851 0.00731152 3.09206)
(-0.00269326 0.00684234 3.05937)
(-0.00346332 0.00584181 3.01116)
(-0.003963 0.00424681 2.94795)
(0.00498 0.00618897 3.8232)
(0.00459217 0.00714254 3.85075)
(0.00354024 0.00813881 3.86623)
(0.00181574 0.0088743 3.87562)
(0.000534402 0.00892269 3.87981)
(-0.000858068 0.0090316 3.87971)
(-0.00218308 0.00828152 3.87546)
(-0.00339233 0.00807508 3.86677)
(-0.00455452 0.00715117 3.85128)
(-0.0050814 0.00629022 3.82394)
(0.00583614 0.00712384 3.89317)
(0.00493758 0.00812854 3.89536)
(0.00350816 0.00916128 3.89623)
(0.00188365 0.00966667 3.89689)
(0.00037348 0.00943829 3.8974)
(-0.000928765 0.00961431 3.89702)
(-0.00215649 0.00888248 3.89706)
(-0.0036693 0.00885006 3.89655)
(-0.0049339 0.00797265 3.896)
(-0.00585679 0.00725037 3.89275)
(0.00543472 0.00672622 3.88293)
(0.00439685 0.00775636 3.88121)
(0.00321737 0.00848694 3.88023)
(0.0019936 0.00881597 3.87978)
(0.000508581 0.00854937 3.87993)
(-0.000808457 0.00866217 3.87997)
(-0.00210394 0.00804926 3.88033)
(-0.00350083 0.00805411 3.8806)
(-0.00469234 0.00736924 3.88164)
(-0.0059541 0.00651722 3.88273)
(0.00515146 0.00619724 3.87444)
(0.00406426 0.00715717 3.87264)
(0.00304496 0.00768015 3.87143)
(0.00201476 0.00791909 3.87079)
(0.000718395 0.0077694 3.87063)
(-0.000556283 0.00784046 3.87072)
(-0.00200339 0.00738263 3.87116)
(-0.00328592 0.00721349 3.87173)
(-0.00430821 0.00687241 3.87273)
(-0.00551557 0.00604611 3.87437)
(0.00499843 0.00569635 3.86916)
(0.00385798 0.00653659 3.86767)
(0.00288302 0.0068505 3.86665)
(0.00190354 0.00706429 3.86596)
(0.000745667 0.00700568 3.86565)
(-0.000359845 0.00709507 3.86561)
(-0.00175778 0.00685133 3.86593)
(-0.00300381 0.00643568 3.86671)
(-0.00397259 0.00629658 3.86757)
(-0.00500437 0.00567553 3.86908)
(0.00467453 0.00534919 3.86566)
(0.0036238 0.00594944 3.86441)
(0.00264658 0.00605542 3.86371)
(0.00169715 0.0062835 3.86313)
(0.000628754 0.00622353 3.8629)
(-0.000376005 0.00634379 3.8628)
(-0.0015592 0.00630626 3.86292)
(-0.00268108 0.0057809 3.86363)
(-0.00369852 0.00565144 3.86442)
(-0.00463545 0.00521442 3.8657)
(0.00420716 0.00500796 3.86339)
(0.00337138 0.00534633 3.86236)
(0.00242671 0.00533826 3.86187)
(0.00152674 0.00554361 3.86142)
(0.000523307 0.00548743 3.86128)
(-0.000505193 0.00560922 3.86117)
(-0.00143452 0.00562975 3.86124)
(-0.00234825 0.00522336 3.86179)
(-0.00335536 0.0050697 3.86242)
(-0.00426207 0.00476868 3.86343)
(0.00374534 0.00455799 3.86193)
(0.00304828 0.00470345 3.86114)
(0.00219876 0.00470997 3.86071)
(0.00134015 0.00481811 3.86041)
(0.000427409 0.00483266 3.86019)
(-0.000538284 0.00490511 3.86015)
(-0.00129505 0.00483098 3.86033)
(-0.0021128 0.00466916 3.86064)
(-0.00303982 0.00452221 3.86111)
(-0.00389531 0.0043621 3.86186)
(0.00341175 0.00406548 3.86097)
(0.00273675 0.00406157 3.86039)
(0.00195765 0.00412226 3.86001)
(0.00111279 0.0041422 3.8598)
(0.000312212 0.00416147 3.8596)
(-0.000440465 0.00418339 3.8596)
(-0.00116225 0.00406794 3.8598)
(-0.00200588 0.00409164 3.85994)
(-0.00280193 0.00396913 3.86029)
(-0.0035665 0.00397271 3.86085)
(0.00296202 0.00261185 2.88955)
(0.00280017 0.00433845 2.94687)
(0.00210034 0.00544879 2.9949)
(0.00087332 0.00616036 3.02609)
(-0.000150901 0.00644007 3.03975)
(-0.00108836 0.00630141 3.04285)
(-0.00157149 0.00585775 3.02823)
(-0.00175452 0.00555636 2.99336)
(-0.0026259 0.00440302 2.9483)
(-0.00320994 0.00252182 2.88886)
(0.00381704 0.00557834 3.7905)
(0.00352411 0.00674653 3.82589)
(0.00267234 0.00756336 3.84649)
(0.00128718 0.00801274 3.85899)
(0.000339139 0.00798661 3.8645)
(-0.000695981 0.00806169 3.86463)
(-0.00198848 0.00737993 3.85925)
(-0.00285441 0.00727418 3.84759)
(-0.00358532 0.00659723 3.82662)
(-0.00405355 0.00565673 3.79114)
(0.00490108 0.00692151 3.89674)
(0.00414124 0.00794716 3.90256)
(0.00300222 0.00868134 3.9051)
(0.00176629 0.00900858 3.90647)
(0.000533993 0.00879826 3.90762)
(-0.000533123 0.00904051 3.90713)
(-0.00197651 0.0085151 3.90688)
(-0.00347645 0.00816637 3.90568)
(-0.00438866 0.00756306 3.90321)
(-0.00510871 0.00696262 3.89672)
(0.00507275 0.00646835 3.89476)
(0.00407321 0.00739845 3.89408)
(0.0029744 0.00790641 3.89347)
(0.00210534 0.00806913 3.89315)
(0.000756744 0.00801132 3.89345)
(-0.000523928 0.00820755 3.89335)
(-0.00189695 0.00796688 3.89343)
(-0.0033688 0.00748296 3.89382)
(-0.00444904 0.00691101 3.89444)
(-0.00559112 0.00617965 3.8947)
(0.00516866 0.00581003 3.88764)
(0.00405238 0.00671413 3.88625)
(0.00297703 0.0070258 3.88522)
(0.00216254 0.00711317 3.88462)
(0.000939809 0.00738104 3.8843)
(-0.000455201 0.00747597 3.88436)
(-0.00182022 0.00741378 3.88448)
(-0.0030554 0.00685361 3.88529)
(-0.00417428 0.00642835 3.88616)
(-0.00532506 0.00568907 3.88746)
(0.00507504 0.00536254 3.88259)
(0.00388952 0.00616974 3.8812)
(0.00278933 0.00623813 3.88031)
(0.00189602 0.00627526 3.87964)
(0.000848072 0.0067442 3.87905)
(-0.000378201 0.00682132 3.87899)
(-0.00160406 0.00682769 3.87918)
(-0.0026736 0.00629123 3.88002)
(-0.0037622 0.00599221 3.88087)
(-0.00479052 0.00539585 3.88229)
(0.00466448 0.00511838 3.87894)
(0.0036112 0.00567499 3.87766)
(0.00253391 0.00551098 3.87707)
(0.00152657 0.00554967 3.87652)
(0.000570683 0.00602511 3.87599)
(-0.000422099 0.00613725 3.87587)
(-0.00142183 0.00614379 3.87603)
(-0.00239944 0.00573298 3.87669)
(-0.00345753 0.00547702 3.87753)
(-0.00439023 0.00502686 3.87887)
(0.00413211 0.00482976 3.87644)
(0.00337428 0.0050767 3.87537)
(0.00236792 0.00487673 3.87493)
(0.00127268 0.00491029 3.87452)
(0.000362039 0.00529392 3.87419)
(-0.000534747 0.00541293 3.87412)
(-0.00136425 0.00538332 3.87424)
(-0.00223041 0.00517299 3.87469)
(-0.00320203 0.00495551 3.87541)
(-0.00408368 0.00463362 3.87644)
(0.00370894 0.00432562 3.87481)
(0.00314373 0.00439718 3.87393)
(0.00226144 0.00436005 3.87346)
(0.00113856 0.00434544 3.87324)
(0.000242872 0.00459804 3.87297)
(-0.000555645 0.00469255 3.87293)
(-0.00127148 0.00460589 3.87315)
(-0.00210814 0.00460755 3.87343)
(-0.00303306 0.00444447 3.87395)
(-0.00385875 0.00422802 3.87472)
(0.0034154 0.00378488 3.87378)
(0.00282482 0.0037636 3.87309)
(0.00203605 0.00391374 3.87258)
(0.000990663 0.00386364 3.87236)
(0.000157687 0.00389897 3.87221)
(-0.000459054 0.0039366 3.8722)
(-0.00113487 0.00391295 3.87237)
(-0.00202748 0.00406357 3.87251)
(-0.0029135 0.00397828 3.87292)
(-0.00365888 0.00383904 3.87363)
(0.00201384 0.00147324 2.84571)
(0.00185361 0.0029381 2.89745)
(0.000906737 0.00416352 2.94325)
(0.000167225 0.00470004 2.97396)
(-0.000390932 0.0049536 2.98628)
(-0.000733281 0.00482883 2.98824)
(-0.000657379 0.00463758 2.97366)
(-0.000996226 0.00423656 2.94079)
(-0.00190057 0.0029704 2.90026)
(-0.00255028 0.000998452 2.84618)
(0.00307068 0.00483507 3.75407)
(0.00256498 0.00610739 3.79592)
(0.0016995 0.00666694 3.82181)
(0.000844889 0.00685811 3.83728)
(0.00030501 0.00697486 3.84439)
(-0.000348916 0.0070791 3.84488)
(-0.00158627 0.00671466 3.83803)
(-0.00219268 0.00646645 3.82292)
(-0.00258749 0.00603598 3.79694)
(-0.00331448 0.0048494 3.75387)
(0.00429129 0.00661055 3.89611)
(0.00347124 0.00750658 3.90627)
(0.0025814 0.00779289 3.91086)
(0.00173309 0.00793842 3.91319)
(0.000831863 0.00800152 3.91485)
(-0.000106348 0.00835796 3.9144)
(-0.00177683 0.00822627 3.9136)
(-0.00308265 0.00749292 3.91151)
(-0.00369497 0.00725057 3.90641)
(-0.00446635 0.00670668 3.89608)
(0.00495214 0.00623304 3.90466)
(0.00390792 0.00677827 3.90559)
(0.00288174 0.00698266 3.90554)
(0.00212757 0.00704254 3.9054)
(0.00093619 0.00734493 3.90558)
(-0.000309913 0.00769399 3.90532)
(-0.00163674 0.00792108 3.9051)
(-0.00304184 0.00698665 3.90562)
(-0.00414644 0.00657631 3.90549)
(-0.00517116 0.00609541 3.90468)
(0.00525038 0.00552837 3.8996)
(0.0040563 0.00606941 3.89883)
(0.00287853 0.00619232 3.89811)
(0.00208645 0.00619755 3.89758)
(0.000915906 0.00682118 3.89713)
(-0.000500421 0.00701787 3.89707)
(-0.00156935 0.00735529 3.89691)
(-0.00270034 0.00659352 3.89782)
(-0.0039551 0.00609552 3.89851)
(-0.00505335 0.00562432 3.8993)
(0.00509398 0.00511693 3.89504)
(0.00390224 0.00562669 3.89381)
(0.002672 0.00553553 3.89306)
(0.00175196 0.00547035 3.89249)
(0.00072702 0.006298 3.89176)
(-0.000568612 0.00638068 3.8917)
(-0.00143881 0.00661988 3.8918)
(-0.00233599 0.00619714 3.89251)
(-0.00357036 0.00572716 3.89338)
(-0.00459718 0.00535468 3.89458)
(0.00458109 0.00487519 3.89147)
(0.00356495 0.00521838 3.8902)
(0.00241472 0.00493869 3.88958)
(0.00133304 0.00484396 3.88909)
(0.000420379 0.00568724 3.88842)
(-0.000567288 0.00569676 3.88834)
(-0.0013441 0.00577986 3.88862)
(-0.00221627 0.00568261 3.88907)
(-0.00328454 0.00529385 3.88994)
(-0.00426061 0.00498714 3.89124)
(0.0040869 0.00452537 3.88885)
(0.00331806 0.00467167 3.88776)
(0.00227406 0.00440582 3.88723)
(0.00104674 0.00432301 3.88687)
(0.000210359 0.00498882 3.88642)
(-0.000535658 0.00497699 3.88645)
(-0.00132232 0.00498647 3.88665)
(-0.00219604 0.00510137 3.88694)
(-0.0030728 0.00481407 3.88772)
(-0.00398968 0.00461836 3.88875)
(0.00370775 0.00402823 3.88708)
(0.00312283 0.00404282 3.88612)
(0.00222229 0.00397088 3.88555)
(0.000979053 0.00388554 3.88538)
(0.000160107 0.00425347 3.88515)
(-0.000485073 0.00427438 3.88514)
(-0.00128385 0.00431741 3.88534)
(-0.00214428 0.00449723 3.88561)
(-0.00299077 0.00433436 3.88618)
(-0.00381796 0.00418039 3.88701)
(0.0034069 0.00351818 3.88597)
(0.00280037 0.00346384 3.88513)
(0.00203825 0.00357906 3.88454)
(0.000985616 0.00349207 3.8843)
(0.000159592 0.00355077 3.88424)
(-0.000460519 0.00358345 3.88422)
(-0.00118829 0.00373097 3.88431)
(-0.00201985 0.00392633 3.88452)
(-0.00287725 0.00392607 3.885)
(-0.00361157 0.00374899 3.88588)
(0.00114244 0.000763825 2.8131)
(0.000793277 0.00182906 2.86315)
(-0.000173282 0.00291164 2.9052)
(3.28926e-05 0.00324269 2.9324)
(0.000110745 0.00356521 2.9421)
(1.82492e-05 0.00360783 2.94219)
(0.000223877 0.00355628 2.92858)
(-0.000420447 0.00292879 2.90147)
(-0.00112079 0.00178336 2.86535)
(-0.00156697 0.000118686 2.81697)
(0.00265801 0.00408236 3.71565)
(0.0018967 0.00517766 3.76291)
(0.00102088 0.00551193 3.79361)
(0.000735353 0.00558211 3.81207)
(0.000511601 0.00606309 3.82073)
(-2.05636e-05 0.00623143 3.82145)
(-0.00108711 0.00613892 3.81288)
(-0.00163974 0.0056144 3.79424)
(-0.0019175 0.00524437 3.76376)
(-0.00283172 0.00385279 3.71464)
(0.00414346 0.00603855 3.89126)
(0.00327574 0.00664345 3.90628)
(0.00253828 0.00671459 3.91346)
(0.00175688 0.00681304 3.91716)
(0.00101366 0.00738462 3.91918)
(7.24168e-05 0.00778838 3.91898)
(-0.00154576 0.00787259 3.91721)
(-0.0025499 0.00694132 3.91387)
(-0.00305617 0.00686169 3.90568)
(-0.00408458 0.006214 3.89085)
(0.00504822 0.00584134 3.91261)
(0.00386785 0.00603691 3.91532)
(0.0028471 0.00614086 3.91604)
(0.00186536 0.00623019 3.91623)
(0.000828831 0.0068848 3.91625)
(-0.000246575 0.00730498 3.91587)
(-0.00134784 0.00766438 3.91545)
(-0.00255393 0.0066166 3.9158)
(-0.00365646 0.00637027 3.91465)
(-0.00462019 0.00619337 3.91249)
(0.00514063 0.005348 3.91021)
(0.00398023 0.00543266 3.91011)
(0.00278143 0.005594 3.90976)
(0.00172477 0.0056357 3.90937)
(0.000590333 0.00638189 3.90895)
(-0.000626903 0.00660756 3.90876)
(-0.00129815 0.00701666 3.90853)
(-0.00233569 0.0063306 3.90922)
(-0.00364586 0.00582477 3.90967)
(-0.0046279 0.00574774 3.90987)
(0.00479231 0.00497434 3.9064)
(0.00374603 0.00504628 3.90537)
(0.00254843 0.00517141 3.90471)
(0.00144235 0.00508701 3.90426)
(0.000428529 0.00589919 3.90368)
(-0.000774507 0.00591246 3.90369)
(-0.00134432 0.00614968 3.90379)
(-0.00213476 0.00598818 3.90419)
(-0.00338626 0.00542868 3.90507)
(-0.00443276 0.00534747 3.90601)
(0.00434154 0.00457571 3.90316)
(0.00340369 0.0046482 3.90196)
(0.00234285 0.00475369 3.90112)
(0.00117357 0.00456004 3.9007)
(0.000287043 0.00533644 3.90015)
(-0.000666908 0.00523634 3.90018)
(-0.00133941 0.00523926 3.90056)
(-0.00214183 0.00544938 3.90081)
(-0.00313277 0.00504341 3.90166)
(-0.00414812 0.00494137 3.90285)
(0.00397907 0.0041186 3.90059)
(0.00309072 0.00420467 3.89948)
(0.00216894 0.00432376 3.89869)
(0.000988389 0.00409701 3.89834)
(0.000187856 0.00468069 3.89794)
(-0.000491732 0.00455843 3.89805)
(-0.00130721 0.00452242 3.89835)
(-0.00219475 0.00480884 3.89856)
(-0.00297695 0.00458689 3.89935)
(-0.00385916 0.00452212 3.90042)
(0.00369467 0.00366242 3.89873)
(0.00288515 0.00377697 3.89769)
(0.00205568 0.00386625 3.89699)
(0.000968624 0.00368636 3.89675)
(0.000216852 0.00396158 3.89663)
(-0.000367966 0.0038998 3.89666)
(-0.00124222 0.00401174 3.89679)
(-0.00208985 0.00418443 3.89713)
(-0.00285825 0.00412461 3.89776)
(-0.00365917 0.00402302 3.89871)
(0.00327433 0.00331451 3.89749)
(0.00259261 0.00334506 3.89653)
(0.00192236 0.00337755 3.89594)
(0.00106516 0.00325508 3.89566)
(0.000306759 0.00329004 3.89566)
(-0.000376091 0.00329688 3.89564)
(-0.00114195 0.00350886 3.89566)
(-0.00185475 0.00361078 3.89599)
(-0.00265761 0.00372301 3.89654)
(-0.00335427 0.00358556 3.89753)
(0.000471866 0.000345354 2.78985)
(-0.000179719 0.00106355 2.84082)
(-0.000557168 0.00166297 2.87814)
(0.000517553 0.00195072 2.89878)
(0.001007 0.00234047 2.90669)
(0.000779666 0.00258231 2.90502)
(0.000720611 0.00249363 2.89383)
(0.000106924 0.00177924 2.87323)
(-0.00022263 0.00104177 2.84007)
(-0.00035309 -9.11138e-05 2.79781)
(0.00258942 0.0032764 3.67655)
(0.00176783 0.0039782 3.72848)
(0.00100488 0.00425498 3.76297)
(0.00103172 0.00456122 3.78442)
(0.000864949 0.00526851 3.79449)
(0.000286777 0.00547673 3.7949)
(-0.000532583 0.00549834 3.78463)
(-0.00118274 0.00474685 3.76322)
(-0.00162352 0.00435342 3.72901)
(-0.00253553 0.00285141 3.67544)
(0.004294 0.0052573 3.88238)
(0.00335105 0.00561563 3.90248)
(0.00266388 0.00576664 3.91276)
(0.0017821 0.00610598 3.91837)
(0.000955428 0.006989 3.92068)
(-8.28903e-05 0.00725437 3.92095)
(-0.00133165 0.00736549 3.91784)
(-0.00205737 0.00647418 3.91284)
(-0.00268449 0.00641485 3.90137)
(-0.00382116 0.00552927 3.88149)
(0.00511227 0.00538939 3.91871)
(0.00387745 0.00535546 3.9231)
(0.00285642 0.00557452 3.92474)
(0.00151909 0.00596098 3.92547)
(0.000553574 0.00670918 3.92541)
(-0.000359448 0.00693198 3.92513)
(-0.00120096 0.00713064 3.92458)
(-0.00211841 0.00634279 3.92426)
(-0.00322156 0.00620183 3.92204)
(-0.00401774 0.00616439 3.91824)
(0.00483176 0.00517117 3.91966)
(0.00374553 0.00499427 3.92006)
(0.00262747 0.00529648 3.92008)
(0.00125722 0.0056892 3.91988)
(0.000183158 0.00614072 3.91966)
(-0.000681815 0.00625786 3.91945)
(-0.0011667 0.00639536 3.9194)
(-0.00210664 0.00604605 3.91955)
(-0.00333865 0.00559652 3.9197)
(-0.00411217 0.00567896 3.9194)
(0.00425952 0.00487995 3.9168)
(0.00341606 0.00463217 3.91598)
(0.00238754 0.00505142 3.91533)
(0.00115625 0.00535095 3.91497)
(0.000118276 0.00556874 3.9148)
(-0.000818371 0.00555059 3.91486)
(-0.00133401 0.00552866 3.91507)
(-0.00216832 0.00563986 3.91517)
(-0.00326315 0.00513646 3.91599)
(-0.00416482 0.00508086 3.91671)
(0.00395473 0.00430328 3.91407)
(0.00310695 0.0041972 3.91295)
(0.00220228 0.00474862 3.91188)
(0.00115309 0.00489278 3.91144)
(0.000237097 0.00499717 3.91123)
(-0.000663804 0.00488817 3.91136)
(-0.00139956 0.00474367 3.91178)
(-0.00220577 0.00504077 3.91198)
(-0.00302179 0.00474333 3.91277)
(-0.00390397 0.00462602 3.91384)
(0.00376158 0.00375206 3.9117)
(0.00273847 0.00386899 3.91055)
(0.00194962 0.0043519 3.90949)
(0.00110075 0.00438805 3.90906)
(0.000312573 0.00439301 3.90884)
(-0.000393105 0.00428142 3.90897)
(-0.00129125 0.00419664 3.90932)
(-0.00217129 0.00436622 3.90963)
(-0.00284638 0.00426203 3.9104)
(-0.00359995 0.00415931 3.91156)
(0.00347894 0.00342731 3.9098)
(0.00244781 0.00361171 3.90871)
(0.00174151 0.00381683 3.9079)
(0.00110592 0.00385327 3.90748)
(0.000410034 0.00374886 3.90746)
(-0.000250383 0.00370176 3.90751)
(-0.00116258 0.00382077 3.90759)
(-0.00194451 0.00375972 3.90806)
(-0.00256719 0.00377503 3.90876)
(-0.00322856 0.00368111 3.90988)
(0.00306134 0.00323108 3.90841)
(0.00220592 0.00328805 3.9074)
(0.00159414 0.00316579 3.90687)
(0.00116458 0.00321564 3.90652)
(0.000522249 0.0031808 3.90649)
(-0.000267761 0.00318576 3.90649)
(-0.00103753 0.00336866 3.9065)
(-0.00159249 0.00319617 3.90696)
(-0.00221461 0.0032849 3.90756)
(-0.00283857 0.00327207 3.90858)
(-0.000258725 0.000275936 2.77443)
(-0.00115953 0.000736438 2.82568)
(-0.000496504 0.000662625 2.85729)
(0.000987501 0.000971808 2.87077)
(0.00133922 0.00137314 2.87953)
(0.000789532 0.00161887 2.87706)
(0.000447938 0.00139147 2.86861)
(0.000446954 0.000852968 2.85251)
(0.000655449 0.000646088 2.82178)
(0.000901252 0.00023103 2.78475)
(0.00253051 0.00250153 3.63825)
(0.00187453 0.00279426 3.6941)
(0.001453 0.00319764 3.7314)
(0.00142541 0.00393042 3.75537)
(0.00107562 0.00459296 3.7665)
(0.000333874 0.0047702 3.76626)
(-0.000277854 0.00465823 3.75458)
(-0.000887296 0.00387907 3.73141)
(-0.00157638 0.00340629 3.6939)
(-0.00227795 0.00200133 3.63785)
(0.00449574 0.00435262 3.87009)
(0.00359872 0.00455769 3.89506)
(0.00287054 0.00514117 3.90878)
(0.00179907 0.00590163 3.91672)
(0.000754476 0.00670001 3.91964)
(-0.000440262 0.0067839 3.92012)
(-0.00117407 0.0066148 3.91579)
(-0.00174353 0.0059915 3.90862)
(-0.00264405 0.00581032 3.89394)
(-0.00350936 0.00473889 3.86885)
(0.00500461 0.00481955 3.92309)
(0.00388993 0.00480289 3.92902)
(0.00285245 0.00544369 3.93167)
(0.00127567 0.00619361 3.9331)
(0.000253861 0.00667181 3.93322)
(-0.000628107 0.00663803 3.93321)
(-0.00120144 0.00629621 3.9326)
(-0.00184617 0.00607358 3.93112)
(-0.00296288 0.00595538 3.92795)
(-0.00348696 0.00570909 3.92225)
(0.00426548 0.00486881 3.92823)
(0.00334029 0.0047754 3.92896)
(0.00235693 0.00547016 3.92921)
(0.000884044 0.00612481 3.92926)
(-9.43037e-05 0.00606938 3.92935)
(-0.000652216 0.00602296 3.92926)
(-0.00120486 0.00556963 3.9295)
(-0.00208645 0.00561425 3.929)
(-0.00306524 0.00540629 3.92878)
(-0.00359675 0.00518669 3.92812)
(0.00365715 0.00458398 3.92649)
(0.00296304 0.00448748 3.92585)
(0.00216227 0.00528503 3.92521)
(0.000988117 0.00582861 3.92491)
(1.04688e-05 0.00540494 3.92517)
(-0.000623451 0.00533465 3.92524)
(-0.00134859 0.00494584 3.92557)
(-0.00231632 0.00503235 3.92557)
(-0.00312682 0.00484775 3.9262)
(-0.00379834 0.00454238 3.92674)
(0.0034426 0.00399448 3.92432)
(0.00270435 0.00407771 3.92323)
(0.00203063 0.0049501 3.92209)
(0.00121553 0.00533177 3.92162)
(0.000310195 0.00480182 3.92178)
(-0.000490431 0.00470035 3.92192)
(-0.00137703 0.0044611 3.92225)
(-0.00226277 0.00443048 3.92264)
(-0.00295566 0.00435081 3.92336)
(-0.00362535 0.00407418 3.92428)
(0.00332979 0.00348715 3.92221)
(0.00236698 0.00378773 3.92103)
(0.00176976 0.00447606 3.91986)
(0.00128993 0.00472375 3.91932)
(0.000498468 0.00425171 3.9193)
(-0.000300941 0.00415573 3.91934)
(-0.00118748 0.0040658 3.91965)
(-0.0019926 0.00386485 3.92022)
(-0.00266392 0.00386529 3.92096)
(-0.00326884 0.00362509 3.92219)
(0.00307929 0.00325165 3.92036)
(0.00205005 0.00357838 3.91926)
(0.00146899 0.00384736 3.91841)
(0.00121213 0.00403238 3.9178)
(0.000576415 0.00372355 3.91776)
(-0.000196281 0.00364888 3.9178)
(-0.00100065 0.00365316 3.91791)
(-0.00164643 0.00335489 3.91849)
(-0.00220303 0.00339458 3.91925)
(-0.00277538 0.00323449 3.92047)
(0.00272433 0.00312552 3.91885)
(0.00190574 0.00326727 3.91786)
(0.00134646 0.00312454 3.91737)
(0.00112748 0.00324798 3.91696)
(0.000611256 0.00321663 3.91681)
(-0.000191016 0.00319613 3.91682)
(-0.000872061 0.00312655 3.91694)
(-0.00131466 0.00282021 3.91746)
(-0.00176232 0.00285539 3.91809)
(-0.00229607 0.00292076 3.91906)
(-0.00091589 0.000333293 2.76572)
(-0.00180595 0.000600377 2.81448)
(-0.000386521 6.03273e-05 2.83949)
(0.000652677 0.000415386 2.84867)
(0.000510987 0.000636215 2.86024)
(-3.34548e-05 0.00073419 2.85748)
(-0.000402422 0.000359637 2.85008)
(0.000512362 0.000204843 2.83583)
(0.00108789 0.000364115 2.80826)
(0.0015913 0.000519281 2.77443)
(0.00201089 0.00205163 3.60171)
(0.00179015 0.00200646 3.66048)
(0.00180611 0.00259384 3.69972)
(0.00144013 0.00364389 3.72534)
(0.0008133 0.00391651 3.73729)
(1.11877e-05 0.0040702 3.73655)
(-0.000387859 0.00373269 3.72411)
(-0.000743719 0.00313168 3.69964)
(-0.00145237 0.0026574 3.65962)
(-0.00166311 0.00170769 3.60258)
(0.00432962 0.0035348 3.85483)
(0.00379119 0.00373387 3.88443)
(0.00297368 0.00489559 3.90169)
(0.00172406 0.00603497 3.91203)
(0.000417009 0.00633754 3.9161)
(-0.000841415 0.00625748 3.91651)
(-0.00114801 0.00576749 3.91138)
(-0.00177574 0.00545871 3.90145)
(-0.00289417 0.00494006 3.88395)
(-0.00320962 0.00399646 3.85384)
(0.00445582 0.00422166 3.92574)
(0.00370411 0.00458645 3.93317)
(0.00263331 0.00570859 3.93693)
(0.00115832 0.0066533 3.93921)
(8.69855e-05 0.00657507 3.93987)
(-0.000839238 0.00629839 3.94022)
(-0.00137007 0.00549742 3.93948)
(-0.00191517 0.00576622 3.93662)
(-0.00282518 0.00546987 3.93263)
(-0.00313011 0.00499158 3.92469)
(0.00365256 0.00431274 3.93603)
(0.00294566 0.00481879 3.9371)
(0.00210048 0.00581956 3.93753)
(0.000846664 0.00654911 3.93786)
(7.94538e-06 0.00600518 3.93823)
(-0.000487473 0.00582356 3.93832)
(-0.00142034 0.00494773 3.93873)
(-0.00227058 0.00512572 3.93776)
(-0.00289096 0.00500335 3.93714)
(-0.00332934 0.00441903 3.936)
(0.00311332 0.00411014 3.93567)
(0.00252381 0.00461878 3.93521)
(0.00193215 0.00554717 3.93466)
(0.00101874 0.00615596 3.93443)
(0.000176355 0.00530095 3.93488)
(-0.000293869 0.00528887 3.93488)
(-0.00138936 0.00467432 3.93524)
(-0.0024482 0.0044429 3.93539)
(-0.0029628 0.00443941 3.93573)
(-0.0035147 0.00383272 3.93607)
(0.00299724 0.0036876 3.93398)
(0.00235814 0.00422342 3.93297)
(0.00188598 0.00506861 3.93203)
(0.0013277 0.00557885 3.93154)
(0.000469551 0.00466227 3.93185)
(-0.00025672 0.00475563 3.9319)
(-0.00125725 0.00445994 3.93205)
(-0.00214858 0.00392323 3.93274)
(-0.00278938 0.00393634 3.93338)
(-0.00334409 0.00344667 3.93415)
(0.00285668 0.00337681 3.93215)
(0.00211848 0.00386225 3.93103)
(0.00170118 0.00447699 3.93001)
(0.00143915 0.00488763 3.92936)
(0.000634944 0.00416372 3.92942)
(-0.000262262 0.00425907 3.92934)
(-0.00105728 0.0041093 3.92955)
(-0.00174001 0.00349956 3.93036)
(-0.00247905 0.00350407 3.93106)
(-0.00301166 0.00305848 3.93226)
(0.00267913 0.00317815 3.93043)
(0.00185418 0.0035352 3.92938)
(0.00138315 0.0038091 3.92859)
(0.00125405 0.00412166 3.92788)
(0.000606213 0.0037525 3.92769)
(-0.000241017 0.00377037 3.92769)
(-0.000845181 0.00359832 3.92791)
(-0.00138897 0.00309386 3.9285)
(-0.0019629 0.00309189 3.92927)
(-0.00246584 0.0028055 3.93048)
(0.00244865 0.00302673 3.92889)
(0.00176731 0.00316808 3.92797)
(0.00122257 0.00313735 3.92746)
(0.000995706 0.00332955 3.92701)
(0.000525214 0.00330456 3.9267)
(-0.000152732 0.00325647 3.92671)
(-0.000684729 0.00301786 3.92699)
(-0.00114799 0.00263415 3.92746)
(-0.00156728 0.00255401 3.9281)
(-0.00206861 0.00260438 3.92899)
(-0.00168861 0.000636844 2.76124)
(-0.00220079 0.00054409 2.80596)
(-0.00063837 -0.000128922 2.82474)
(-0.00058614 0.000212497 2.83338)
(-0.000969154 8.23755e-05 2.84662)
(-0.000955057 2.86613e-05 2.84379)
(-0.00111041 -0.000323256 2.83549)
(9.93733e-05 -0.000215328 2.82103)
(0.000673323 -0.000205356 2.79816)
(0.00133127 0.000386163 2.76521)
(0.00132105 0.00174969 3.56778)
(0.00153984 0.00158182 3.62801)
(0.00181384 0.00233881 3.66835)
(0.00103527 0.00344434 3.6948)
(0.00010748 0.00324522 3.70761)
(-0.000590705 0.00339834 3.70705)
(-0.000741457 0.00296175 3.69427)
(-0.000834902 0.00272755 3.66867)
(-0.00133038 0.00196989 3.62691)
(-0.000927514 0.00180128 3.56968)
(0.00357301 0.00313476 3.83705)
(0.00338707 0.00346561 3.87097)
(0.00255661 0.00493856 3.89168)
(0.00143832 0.00613876 3.90428)
(1.64528e-05 0.00588704 3.91004)
(-0.00115754 0.00565742 3.91024)
(-0.0012584 0.00502883 3.90472)
(-0.00199253 0.00512084 3.89177)
(-0.00298077 0.00403833 3.87165)
(-0.00284038 0.0034236 3.83679)
(0.00366312 0.0039405 3.92649)
(0.00317839 0.00466311 3.93577)
(0.00221359 0.00594943 3.94087)
(0.0012221 0.0068213 3.94406)
(0.000146042 0.00634473 3.94554)
(-0.0009137 0.00589354 3.94612)
(-0.00167709 0.00502034 3.9451)
(-0.00232086 0.00554728 3.94112)
(-0.00286195 0.00481167 3.93618)
(-0.00311991 0.00412048 3.92559)
(0.00331857 0.00386214 3.94303)
(0.00267667 0.00483073 3.94478)
(0.00193221 0.00586089 3.94544)
(0.00113354 0.00650225 3.94607)
(0.000383814 0.00586479 3.94658)
(-0.000314365 0.00561359 3.9468)
(-0.00164997 0.00476345 3.94705)
(-0.00245887 0.00484031 3.94605)
(-0.0028343 0.00455103 3.94496)
(-0.00347329 0.00354265 3.94301)
(0.00314657 0.00366011 3.9444)
(0.00235015 0.00468983 3.94428)
(0.00179509 0.00541733 3.94396)
(0.00124713 0.00596162 3.94379)
(0.000503911 0.00523215 3.94407)
(-4.2202e-05 0.00524465 3.944)
(-0.00135043 0.00473539 3.94422)
(-0.00238752 0.00420139 3.94464)
(-0.00283672 0.00416582 3.94463)
(-0.00342451 0.00323411 3.94471)
(0.00291819 0.00356177 3.94316)
(0.00221485 0.00438421 3.94238)
(0.00174053 0.00479246 3.94185)
(0.00138135 0.00531801 3.94137)
(0.000606427 0.00463469 3.9415)
(-0.000116287 0.00476701 3.94145)
(-0.00110366 0.00462025 3.94142)
(-0.00197351 0.00381933 3.94228)
(-0.00266147 0.0037561 3.94284)
(-0.00322777 0.00301622 3.94347)
(0.00269507 0.00342775 3.9416)
(0.00213612 0.00395374 3.94062)
(0.00165536 0.00413066 3.93996)
(0.00138137 0.00461223 3.93931)
(0.000640258 0.0041533 3.93925)
(-0.000289824 0.00427607 3.9391)
(-0.00092264 0.00419456 3.93923)
(-0.00150887 0.0035391 3.94008)
(-0.0023227 0.00341235 3.94074)
(-0.0029602 0.00283344 3.94177)
(0.00243833 0.00321761 3.94003)
(0.00195087 0.00346076 3.9391)
(0.0014516 0.00354832 3.93844)
(0.0011278 0.0038941 3.93778)
(0.000497684 0.00376152 3.9374)
(-0.000339757 0.00379481 3.93736)
(-0.000787795 0.00354495 3.93769)
(-0.00130499 0.00318879 3.93819)
(-0.00194406 0.00304943 3.93892)
(-0.00252135 0.00276362 3.93998)
(0.00238948 0.00292688 3.9386)
(0.00186322 0.0029809 3.93774)
(0.00125574 0.00307233 3.93713)
(0.000764212 0.00325079 3.93668)
(0.00028015 0.00328253 3.93628)
(-0.000220439 0.00324068 3.93629)
(-0.000673253 0.00293434 3.93667)
(-0.00125404 0.00276609 3.93702)
(-0.00169873 0.00257525 3.93768)
(-0.00224699 0.00260393 3.93851)
(-0.00239335 0.00115008 2.75814)
(-0.00233422 0.000450642 2.79918)
(-0.000881553 -0.000218137 2.81353)
(-0.0017046 8.4058e-05 2.82444)
(-0.00210506 -0.000209705 2.83584)
(-0.00148318 -0.000445414 2.83353)
(-0.00153049 -0.000653148 2.82319)
(-0.00071061 -0.000647173 2.80894)
(-0.000288933 -0.000854251 2.79025)
(0.0003255 -0.000257373 2.75635)
(0.000577527 0.00174958 3.5372)
(0.00103997 0.00140703 3.59713)
(0.00135391 0.00224709 3.63767)
(0.000212333 0.00324303 3.66462)
(-0.00072598 0.00276994 3.67843)
(-0.00112317 0.00283086 3.67837)
(-0.00128046 0.00243218 3.66541)
(-0.00116017 0.00232682 3.63872)
(-0.00122868 0.00154573 3.59648)
(-0.0003727 0.001948 3.53878)
(0.00262595 0.00308628 3.81749)
(0.00253195 0.00350274 3.85544)
(0.00171935 0.00510284 3.87932)
(0.000927432 0.00604896 3.89401)
(-0.000247108 0.00532124 3.90171)
(-0.00116091 0.0051932 3.90149)
(-0.00147477 0.00463675 3.89567)
(-0.00224866 0.00466408 3.88007)
(-0.0029062 0.00333103 3.85734)
(-0.00254493 0.00309991 3.81775)
(0.003103 0.00382117 3.92519)
(0.00259484 0.00476682 3.93714)
(0.00173529 0.00602229 3.94388)
(0.00139153 0.00651818 3.948)
(0.000349623 0.0058649 3.95038)
(-0.00083025 0.00567869 3.95088)
(-0.0018935 0.00511334 3.94936)
(-0.0027651 0.00518257 3.94483)
(-0.00311952 0.00418561 3.93851)
(-0.00361245 0.00337417 3.92483)
(0.00337975 0.00361537 3.94912)
(0.00253381 0.00480239 3.95202)
(0.00180057 0.00564025 3.95321)
(0.00154393 0.00587829 3.95414)
(0.000804393 0.00560585 3.95465)
(-0.000283686 0.00551766 3.95489)
(-0.00170522 0.00514191 3.95463)
(-0.0025365 0.00469526 3.95393)
(-0.00304711 0.00417483 3.95228)
(-0.0039653 0.00303218 3.94908)
(0.00361136 0.00342415 3.95264)
(0.00252627 0.0046544 3.95308)
(0.00181245 0.00504937 3.95316)
(0.00146588 0.00518644 3.9531)
(0.00079888 0.00518725 3.95296)
(-3.19292e-05 0.00522644 3.95286)
(-0.00121746 0.0051229 3.95284)
(-0.002085 0.00434657 3.95335)
(-0.00275682 0.00408848 3.95302)
(-0.00357644 0.00310435 3.95262)
(0.00330494 0.00358498 3.95196)
(0.00240772 0.0044672 3.95156)
(0.00173435 0.00441276 3.95147)
(0.00126934 0.00456455 3.95108)
(0.000609673 0.00467556 3.95083)
(-0.000132729 0.00477945 3.95069)
(-0.000917059 0.00484473 3.95062)
(-0.00168218 0.00413912 3.95131)
(-0.00252759 0.00386361 3.95176)
(-0.00331956 0.00311387 3.9522)
(0.00287836 0.00362493 3.95063)
(0.00237882 0.00402437 3.94989)
(0.00174252 0.00380787 3.94961)
(0.00113552 0.0039809 3.9491)
(0.000456602 0.00417314 3.94881)
(-0.00035501 0.00426314 3.94867)
(-0.000853263 0.00425926 3.94878)
(-0.00139982 0.00390572 3.94937)
(-0.00223568 0.00364592 3.95001)
(-0.0030326 0.00313719 3.95073)
(0.0025621 0.00334967 3.94926)
(0.00228517 0.00343495 3.94843)
(0.00167828 0.00337312 3.94789)
(0.000903411 0.00347981 3.94742)
(0.000249855 0.00371373 3.94695)
(-0.00042272 0.00373246 3.9469)
(-0.000809804 0.00352313 3.94727)
(-0.00137753 0.00354199 3.94761)
(-0.00211508 0.0033605 3.94827)
(-0.00284685 0.00306731 3.94909)
(0.00243718 0.00292326 3.94802)
(0.00210764 0.00288619 3.94715)
(0.00149105 0.00310665 3.94641)
(0.000600619 0.0031161 3.946)
(3.13577e-05 0.00315227 3.94565)
(-0.000315259 0.00312363 3.94566)
(-0.000760061 0.00292831 3.94603)
(-0.00149889 0.00313604 3.94627)
(-0.00209168 0.00301338 3.94691)
(-0.0027108 0.00294756 3.94776)
(-0.00283814 0.00161801 2.75554)
(-0.00205883 0.000236137 2.79261)
(-0.00076695 -0.000397053 2.80593)
(-0.00170495 -0.000256771 2.81993)
(-0.00187313 -0.000389915 2.82641)
(-0.0012681 -0.000606091 2.82534)
(-0.00159107 -0.000762674 2.81349)
(-0.00158619 -0.00107839 2.79979)
(-0.0010036 -0.00128064 2.78399)
(-0.000754436 -0.00100201 2.74845)
(-8.79195e-05 0.00191152 3.51013)
(0.000517924 0.0012826 3.56848)
(0.000713355 0.00216239 3.60837)
(-0.000568534 0.00282551 3.63571)
(-0.00119515 0.00248743 3.65038)
(-0.00124932 0.00251783 3.6509)
(-0.00163197 0.00220794 3.63754)
(-0.00157509 0.0018594 3.61005)
(-0.000992968 0.00129577 3.56837)
(-0.000122115 0.00208325 3.51013)
(0.00215351 0.00290252 3.79697)
(0.001866 0.00344539 3.8388)
(0.00106772 0.00506605 3.86546)
(0.000472678 0.00553668 3.88217)
(-0.000283315 0.00479761 3.8914)
(-0.000804752 0.00494801 3.89074)
(-0.00157873 0.00467509 3.88418)
(-0.00238468 0.00416813 3.86667)
(-0.00258845 0.00279632 3.84128)
(-0.00238863 0.0030411 3.79693)
(0.00289755 0.00381503 3.92187)
(0.00206659 0.0048428 3.93733)
(0.0013374 0.00580491 3.94619)
(0.00147259 0.00582215 3.9513)
(0.000521137 0.00535854 3.95435)
(-0.000557671 0.00564697 3.95445)
(-0.00176684 0.00570242 3.9522)
(-0.00290296 0.0049525 3.94749)
(-0.00337832 0.00365628 3.93928)
(-0.0043755 0.00300525 3.92207)
(0.00383371 0.00355227 3.95424)
(0.00266478 0.00469688 3.95857)
(0.00187082 0.00511421 3.96079)
(0.00188879 0.00502353 3.96208)
(0.00101768 0.00527347 3.96252)
(-0.000374542 0.00550712 3.96265)
(-0.00148501 0.00581318 3.96172)
(-0.00235091 0.00495362 3.96123)
(-0.00325456 0.00396429 3.95897)
(-0.0045287 0.00313583 3.95405)
(0.00412191 0.00352325 3.96031)
(0.00283312 0.00452741 3.96145)
(0.00194319 0.00448697 3.96207)
(0.0015862 0.00436476 3.9622)
(0.000860021 0.00505825 3.96168)
(-0.000298225 0.00522301 3.96161)
(-0.00106357 0.00550336 3.96135)
(-0.00170464 0.00496231 3.96156)
(-0.00269761 0.00419253 3.96099)
(-0.00380728 0.00350959 3.95985)
(0.00386817 0.00373453 3.96043)
(0.00279832 0.00433782 3.96052)
(0.00186528 0.00396329 3.96072)
(0.00112192 0.0038799 3.96049)
(0.00045824 0.00465241 3.95987)
(-0.000320869 0.00477106 3.95973)
(-0.000849011 0.00491819 3.95977)
(-0.0014703 0.00478096 3.95998)
(-0.00235679 0.00419829 3.96026)
(-0.00338752 0.00366431 3.96039)
(0.00335955 0.00379507 3.95941)
(0.00271449 0.00396511 3.95894)
(0.0018324 0.00355116 3.95887)
(0.0008292 0.00350007 3.95855)
(0.000181149 0.00412567 3.95807)
(-0.000404661 0.00419167 3.95804)
(-0.000883714 0.00422941 3.95817)
(-0.00150149 0.00441895 3.95836)
(-0.00221848 0.00402879 3.95895)
(-0.00317121 0.0037032 3.95931)
(0.00295729 0.00351504 3.95824)
(0.00259976 0.00342515 3.95749)
(0.00185426 0.0032838 3.95699)
(0.000725479 0.00320799 3.95674)
(4.33919e-05 0.00356202 3.95635)
(-0.000453894 0.00358993 3.95634)
(-0.000967521 0.00360017 3.95663)
(-0.00163449 0.00394611 3.95685)
(-0.00233615 0.00374711 3.95744)
(-0.00317371 0.00358239 3.95801)
(0.00269267 0.00305642 3.95722)
(0.00232398 0.00291422 3.9563)
(0.00168196 0.00311858 3.95548)
(0.00063791 0.00300214 3.95511)
(-3.9364e-05 0.00298318 3.95493)
(-0.000407902 0.00297748 3.95493)
(-0.000946718 0.00310834 3.95516)
(-0.00172372 0.00349828 3.95539)
(-0.00246656 0.00347518 3.95601)
(-0.00314759 0.00334066 3.95691)
(-0.00267877 0.00164702 2.75274)
(-0.0012402 -7.42117e-05 2.78486)
(-0.000188331 -0.000743033 2.80058)
(-0.00029939 -0.00077829 2.81681)
(-0.000345379 -0.000564901 2.81923)
(-0.000286282 -0.000618231 2.8194)
(-0.000907622 -0.000652815 2.8077)
(-0.00198699 -0.00125394 2.79313)
(-0.000919626 -0.00121631 2.77822)
(-0.00101419 -0.00112174 2.74349)
(-0.00021199 0.00166744 3.48608)
(0.000557181 0.00105086 3.54245)
(0.000414325 0.00181248 3.58117)
(-0.000571172 0.00218798 3.60901)
(-0.00082117 0.00230993 3.62391)
(-0.000863004 0.00227282 3.62461)
(-0.00158211 0.00218113 3.61079)
(-0.00203031 0.00150509 3.58298)
(-0.000900702 0.000984692 3.54225)
(-0.00030501 0.00187009 3.48416)
(0.00210366 0.00242493 3.77629)
(0.00174516 0.00326387 3.82149)
(0.00083638 0.00465867 3.85083)
(0.000315517 0.00467056 3.86949)
(1.87965e-05 0.00448312 3.87928)
(-0.000275156 0.00480547 3.87841)
(-0.00144285 0.00491123 3.87045)
(-0.00225518 0.00397274 3.85157)
(-0.00204785 0.0025491 3.82339)
(-0.00237753 0.00295257 3.77509)
(0.00318759 0.00351882 3.91688)
(0.00198936 0.00490781 3.93615)
(0.00126043 0.00533275 3.94778)
(0.00141927 0.00496183 3.954)
(0.000629451 0.00509171 3.95729)
(-0.000222768 0.00567514 3.95681)
(-0.00141341 0.00628608 3.95372)
(-0.00255775 0.00512971 3.94853)
(-0.00325185 0.00356615 3.93806)
(-0.00480928 0.00312256 3.91703)
(0.00399868 0.00376125 3.95836)
(0.0027669 0.00479064 3.96429)
(0.00194951 0.00456119 3.96794)
(0.00183774 0.00430658 3.96963)
(0.000826202 0.00505624 3.9701)
(-0.000548453 0.00544983 3.97003)
(-0.00114447 0.0062842 3.96857)
(-0.0019422 0.00548123 3.96782)
(-0.00315877 0.00417983 3.96472)
(-0.00474762 0.00376104 3.95793)
(0.00430696 0.00385737 3.96744)
(0.00311536 0.00444051 3.96938)
(0.00214509 0.00400951 3.9705)
(0.00151934 0.00382703 3.97087)
(0.000629413 0.00496114 3.97032)
(-0.000667291 0.00505099 3.97033)
(-0.000980638 0.0056112 3.96989)
(-0.00142105 0.00556743 3.96947)
(-0.00260604 0.00455316 3.96857)
(-0.00389169 0.00429913 3.96663)
(0.00400932 0.00401953 3.96861)
(0.00298586 0.00416042 3.96925)
(0.00196571 0.00368795 3.96952)
(0.000971196 0.00349421 3.96946)
(0.000239359 0.00467784 3.96874)
(-0.000587798 0.00456148 3.96868)
(-0.000966925 0.00476562 3.96887)
(-0.00152727 0.00525222 3.96851)
(-0.00232937 0.00458012 3.96852)
(-0.00343688 0.00440905 3.96825)
(0.00365987 0.00389899 3.96806)
(0.00287191 0.0038141 3.96786)
(0.00184684 0.0034556 3.96774)
(0.000598703 0.00326311 3.96758)
(-2.95879e-05 0.00415898 3.96708)
(-0.000482639 0.00398368 3.96719)
(-0.00105847 0.00407525 3.96737)
(-0.00173221 0.00471895 3.96721)
(-0.00225793 0.00433738 3.96771)
(-0.00325155 0.00435328 3.96778)
(0.00322058 0.0035609 3.96713)
(0.00270897 0.00342544 3.96644)
(0.00185284 0.00328746 3.9659)
(0.000604453 0.0030989 3.96577)
(-3.27812e-05 0.00350473 3.96558)
(-0.000426092 0.00340945 3.96562)
(-0.00115613 0.00359889 3.96577)
(-0.00184496 0.00411024 3.966)
(-0.00245813 0.00399026 3.96651)
(-0.00332042 0.00403788 3.96694)
(0.00281414 0.00310258 3.9663)
(0.00236814 0.00301362 3.9653)
(0.00172934 0.00308137 3.96451)
(0.000749197 0.00291867 3.96417)
(4.86995e-05 0.00289934 3.96415)
(-0.000456666 0.00290979 3.96414)
(-0.00113024 0.00319887 3.96422)
(-0.00180931 0.00357099 3.96457)
(-0.00258756 0.00373972 3.96514)
(-0.00326989 0.00363106 3.96609)
(-0.00118871 0.00068596 2.74745)
(0.000113978 -0.000512059 2.7762)
(0.000607015 -0.000980976 2.79524)
(0.00156658 -0.00123531 2.81288)
(0.00166357 -0.000790127 2.8154)
(0.00108315 -0.00056503 2.81533)
(0.00036314 -0.000399467 2.80531)
(-0.0014581 -0.000964382 2.78789)
(-0.00055465 -0.000752717 2.77144)
(-0.000868348 -0.000948406 2.74112)
(0.000250413 0.00110735 3.46445)
(0.00112865 0.000838909 3.51891)
(0.000613119 0.00143318 3.55706)
(0.000233306 0.0014976 3.58493)
(0.000323985 0.00200309 3.59931)
(5.5182e-05 0.00201938 3.59972)
(-0.000925166 0.0022525 3.58557)
(-0.00204739 0.00142825 3.55789)
(-0.00104074 0.000935168 3.51823)
(-0.000495549 0.00135207 3.4613)
(0.00238826 0.00183419 3.75588)
(0.00215206 0.0030716 3.80358)
(0.00111811 0.00401579 3.83586)
(0.000660439 0.00373249 3.85637)
(0.000602685 0.00419326 3.86577)
(0.000266322 0.00462044 3.86495)
(-0.000957994 0.00511061 3.85527)
(-0.00182208 0.00418308 3.83493)
(-0.00176129 0.00279705 3.80394)
(-0.00240397 0.00248515 3.7538)
(0.00368098 0.00312237 3.91036)
(0.00243854 0.00490479 3.9335)
(0.00161014 0.00479953 3.94832)
(0.00129667 0.0042976 3.95585)
(0.000602876 0.00494183 3.95895)
(-2.62459e-05 0.00560288 3.95808)
(-0.000983452 0.00645632 3.95422)
(-0.0018769 0.00568412 3.94765)
(-0.00286397 0.00431712 3.9346)
(-0.00459824 0.00327942 3.91005)
(0.00378773 0.0041817 3.96148)
(0.00282915 0.00493458 3.96925)
(0.00220402 0.00427864 3.97431)
(0.00144865 0.00405013 3.97652)
(0.000372669 0.00489512 3.97714)
(-0.000722415 0.00529314 3.97696)
(-0.00101497 0.00619258 3.97527)
(-0.00165425 0.00601666 3.97366)
(-0.00287446 0.00509125 3.96944)
(-0.00437073 0.00446279 3.96092)
(0.00393247 0.00435478 3.97398)
(0.00312904 0.00433369 3.97684)
(0.00235613 0.00396371 3.97828)
(0.00125439 0.00384049 3.97895)
(0.000226431 0.00478118 3.9788)
(-0.000989119 0.0048351 3.97888)
(-0.00115809 0.00530706 3.9784)
(-0.0015261 0.00586596 3.97729)
(-0.00252928 0.00525112 3.97592)
(-0.00355918 0.0050852 3.97316)
(0.0036876 0.00425025 3.97653)
(0.00287981 0.00390671 3.97766)
(0.00205725 0.00385239 3.97778)
(0.000865868 0.00367011 3.9779)
(1.54989e-05 0.00452443 3.97749)
(-0.000840379 0.00438109 3.97755)
(-0.00130216 0.00442025 3.9778)
(-0.00186738 0.00529523 3.97706)
(-0.00239801 0.00497359 3.97675)
(-0.00317914 0.0050639 3.97601)
(0.00345932 0.00387036 3.97661)
(0.00262949 0.00357221 3.97668)
(0.00178369 0.00370611 3.97629)
(0.000597625 0.00351021 3.97621)
(-0.000118474 0.00405086 3.9759)
(-0.000583056 0.00386229 3.9761)
(-0.00136075 0.00389172 3.9763)
(-0.00210474 0.00457592 3.97606)
(-0.00242925 0.0044584 3.9764)
(-0.00305361 0.00470695 3.97632)
(0.00310851 0.003396 3.97603)
(0.00239309 0.00333029 3.97538)
(0.00164667 0.00345423 3.97477)
(0.000683046 0.00331367 3.97458)
(2.38222e-05 0.00343361 3.97462)
(-0.000430052 0.00334693 3.97467)
(-0.00132229 0.00361942 3.97472)
(-0.00199038 0.00389188 3.97507)
(-0.00249301 0.00397202 3.97556)
(-0.00311463 0.00409199 3.97596)
(0.00267872 0.00302122 3.97533)
(0.00210107 0.00304711 3.97431)
(0.00156625 0.00304186 3.97363)
(0.000944295 0.00297049 3.97327)
(0.000261541 0.00292039 3.97332)
(-0.000444772 0.00293554 3.97331)
(-0.00119624 0.00328504 3.9733)
(-0.00171405 0.00332115 3.97382)
(-0.002431 0.00360989 3.97436)
(-0.00297861 0.00361159 3.97529)
(0.000863041 -0.000811456 2.74032)
(0.00138032 -0.00096045 2.76812)
(0.00118337 -0.000957617 2.78901)
(0.00264401 -0.00139586 2.80725)
(0.00322007 -0.00103061 2.81452)
(0.00217986 -0.000435183 2.81315)
(0.00141374 -0.000209088 2.80495)
(-0.000647034 -0.000457362 2.78363)
(-0.000892297 -0.000627698 2.76453)
(-0.00115209 -0.00120424 2.73919)
(0.0010767 0.000492849 3.44469)
(0.00166548 0.000679873 3.49753)
(0.00114359 0.00114327 3.53605)
(0.00141011 0.000856674 3.56315)
(0.00164227 0.00148433 3.57669)
(0.00103568 0.00192294 3.57673)
(0.000145999 0.00222545 3.56247)
(-0.0014918 0.00171389 3.53494)
(-0.00128763 0.00101709 3.49614)
(-0.000509712 0.000731057 3.44163)
(0.00302002 0.00129992 3.73609)
(0.00286223 0.00269643 3.78539)
(0.00185696 0.00325536 3.82058)
(0.00145262 0.00292176 3.84253)
(0.00112456 0.00390399 3.85143)
(0.000473448 0.00442739 3.85102)
(-0.000394672 0.00488402 3.83968)
(-0.00131086 0.00459523 3.81751)
(-0.00172946 0.00324193 3.7839)
(-0.00230407 0.00172637 3.73408)
(0.00401424 0.00291032 3.90223)
(0.00307302 0.00464551 3.92943)
(0.00219631 0.00434802 3.94733)
(0.00116705 0.00404694 3.95632)
(0.000362163 0.00500583 3.95919)
(-0.000116423 0.00536992 3.95847)
(-0.000719027 0.00598058 3.95396)
(-0.00138499 0.00620445 3.94508)
(-0.00247327 0.00530273 3.92922)
(-0.00390794 0.00316669 3.90168)
(0.00348205 0.00445679 3.96367)
(0.00293324 0.00487325 3.97355)
(0.00250273 0.00430622 3.97971)
(0.000925149 0.00436829 3.9825)
(-0.000188921 0.00491184 3.9834)
(-0.000817769 0.00503166 3.98327)
(-0.00115155 0.0055172 3.98174)
(-0.00166934 0.00622619 3.9788)
(-0.00239984 0.00606505 3.97341)
(-0.00351707 0.0048642 3.96324)
(0.0030655 0.00470166 3.98006)
(0.00282528 0.00423779 3.98381)
(0.00237489 0.00428491 3.98542)
(0.000890194 0.00446784 3.98639)
(-0.000186105 0.00461053 3.98692)
(-0.00106262 0.00458293 3.98705)
(-0.00153484 0.00473514 3.98664)
(-0.00204253 0.00562484 3.98513)
(-0.00254081 0.0056783 3.98328)
(-0.00298024 0.00541535 3.97956)
(0.00296215 0.00418613 3.98431)
(0.00249249 0.00370869 3.98573)
(0.00198415 0.00424054 3.98571)
(0.000908019 0.00435261 3.98595)
(-3.8062e-05 0.00427263 3.98614)
(-0.000914411 0.00419482 3.98629)
(-0.00168871 0.00411331 3.98644)
(-0.00231868 0.00484728 3.98575)
(-0.00258574 0.00499808 3.98514)
(-0.00272158 0.00505342 3.98391)
(0.00284607 0.0035457 3.98513)
(0.0021346 0.00341071 3.98538)
(0.00154318 0.00399847 3.98477)
(0.000838996 0.00406866 3.98465)
(6.16667e-05 0.00385245 3.98469)
(-0.000619643 0.00381238 3.98484)
(-0.0015992 0.00378072 3.98504)
(-0.00236192 0.00407439 3.98504)
(-0.00258121 0.00423165 3.98516)
(-0.00265942 0.00433329 3.98507)
(0.00273719 0.00299039 3.98493)
(0.00194867 0.00325985 3.98437)
(0.00130235 0.00354822 3.98376)
(0.000900654 0.00362103 3.98339)
(0.000244901 0.00337614 3.98353)
(-0.000437764 0.00342712 3.98356)
(-0.00138297 0.00360636 3.98361)
(-0.00200891 0.00345201 3.98413)
(-0.00236518 0.00358505 3.98462)
(-0.00255075 0.00361261 3.98507)
(0.00234999 0.002741 3.98432)
(0.0017438 0.00307055 3.9834)
(0.0012391 0.00292717 3.98289)
(0.00103339 0.00300494 3.98249)
(0.000425079 0.00299931 3.98244)
(-0.00042659 0.00308958 3.98242)
(-0.0011582 0.00326924 3.98245)
(-0.0015288 0.00291709 3.98306)
(-0.00201795 0.00305812 3.98367)
(-0.00228203 0.00303912 3.9845)
(0.00219409 -0.00187611 2.73375)
(0.0018788 -0.00108639 2.76227)
(0.00111774 -0.000650356 2.78286)
(0.00220292 -0.0010379 2.79993)
(0.00321151 -0.00106777 2.81428)
(0.00241796 -0.00044838 2.81306)
(0.00167808 -0.000110846 2.80505)
(-0.000153123 -0.000168658 2.78105)
(-0.0014728 -0.000793943 2.75933)
(-0.00145018 -0.00144663 2.73707)
(0.00174555 -4.90863e-05 3.42668)
(0.0019287 0.000627234 3.47823)
(0.00168244 0.000892269 3.51723)
(0.00225988 0.000648877 3.54336)
(0.00230993 0.000999102 3.55626)
(0.00157149 0.00162112 3.55584)
(0.00100038 0.00210376 3.54213)
(-0.000793008 0.00193066 3.51435)
(-0.00145118 0.000891165 3.4762)
(-0.000401935 0.00041208 3.4249)
(0.00342755 0.000880702 3.71701)
(0.00340821 0.00226157 3.76753)
(0.00253956 0.00267227 3.80465)
(0.00217763 0.0027037 3.82761)
(0.00138764 0.00360093 3.83687)
(0.000349511 0.00394938 3.83703)
(-5.45322e-05 0.00435484 3.82457)
(-0.000929773 0.00472339 3.80025)
(-0.00180466 0.00324366 3.76452)
(-0.00205669 0.00115395 3.71589)
(0.00417832 0.00257479 3.89255)
(0.00364001 0.00414955 3.92415)
(0.00276412 0.00419031 3.94452)
(0.00132589 0.00434628 3.95498)
(0.000240707 0.0050764 3.95815)
(-0.000483949 0.0049565 3.95812)
(-0.000932446 0.00511439 3.95317)
(-0.00135157 0.00620367 3.94145)
(-0.00218461 0.00557707 3.92265)
(-0.00325631 0.00281348 3.89223)
(0.00307861 0.00439358 3.96497)
(0.00282934 0.00479305 3.97723)
(0.00240309 0.00470581 3.98414)
(0.000524026 0.00507435 3.98751)
(-0.00051953 0.00502728 3.98885)
(-0.000824827 0.00478316 3.98894)
(-0.00149875 0.00464501 3.98778)
(-0.00193792 0.00583862 3.98351)
(-0.0019619 0.00627337 3.97702)
(-0.00282124 0.00474586 3.96497)
(0.0022151 0.0046434 3.98584)
(0.00239683 0.0043628 3.99039)
(0.00211918 0.00480303 3.99223)
(0.00063679 0.00523976 3.99343)
(-0.000352081 0.00454599 3.99459)
(-0.000829337 0.00439208 3.99475)
(-0.00184265 0.00424254 3.99446)
(-0.00253554 0.00483035 3.99296)
(-0.00245719 0.00543749 3.99069)
(-0.00248339 0.00516279 3.98585)
(0.00211474 0.00391684 3.99197)
(0.00206221 0.00383537 3.99355)
(0.00179213 0.00464595 3.99363)
(0.00101179 0.00500511 3.99393)
(9.80953e-05 0.00410056 3.9947)
(-0.000741821 0.00404692 3.99486)
(-0.00184128 0.00403281 3.99479)
(-0.00253283 0.00400937 3.99453)
(-0.00277771 0.00445901 3.99368)
(-0.00260796 0.0043919 3.99196)
(0.00217219 0.00322584 3.9936)
(0.0017116 0.00348246 3.9939)
(0.00142283 0.00421691 3.99342)
(0.0011588 0.00449423 3.99322)
(0.000355639 0.00374113 3.99353)
(-0.000590344 0.003773 3.99357)
(-0.00157792 0.0038018 3.99371)
(-0.00226535 0.00344411 3.99409)
(-0.00269528 0.00369271 3.994)
(-0.0025142 0.00354266 3.99385)
(0.00217979 0.00279871 3.99375)
(0.00152797 0.00324077 3.99337)
(0.00110744 0.00357073 3.99288)
(0.00108686 0.00382323 3.99236)
(0.000457962 0.00340252 3.9924)
(-0.000401008 0.0034858 3.99239)
(-0.00115727 0.00347771 3.99254)
(-0.00176044 0.00307514 3.99311)
(-0.00211028 0.0030514 3.9936)
(-0.00202852 0.00292153 3.99406)
(0.00203823 0.00262812 3.9932)
(0.00144851 0.00297498 3.99251)
(0.000993722 0.00283614 3.99215)
(0.000960001 0.00305278 3.99172)
(0.000477766 0.00305171 3.9915)
(-0.000324712 0.00313677 3.99149)
(-0.000926882 0.00301637 3.99165)
(-0.00130365 0.00267196 3.99217)
(-0.00154147 0.00244577 3.99287)
(-0.00166418 0.00242062 3.99353)
(0.00243009 -0.00208374 2.72802)
(0.00191076 -0.00114219 2.75936)
(0.000952353 -0.000350128 2.77751)
(0.000737338 -0.000366074 2.79243)
(0.00162064 -0.000832507 2.81246)
(0.00160569 -0.000562559 2.8135)
(0.00131223 -0.000246661 2.8051)
(6.79728e-05 -7.19389e-05 2.78006)
(-0.00199413 -0.00103874 2.75537)
(-0.00157179 -0.00153581 2.73475)
(0.00167992 -0.000157612 3.41072)
(0.00168483 0.000585168 3.46074)
(0.00186478 0.000820763 3.49971)
(0.00228858 0.000893173 3.52507)
(0.00204073 0.000783255 3.5378)
(0.00140395 0.00117429 3.53731)
(0.00132921 0.00166529 3.5243)
(-0.000109763 0.00201866 3.49663)
(-0.00133385 0.000781008 3.45866)
(-8.85821e-05 0.000472552 3.41034)
(0.00331261 0.000633201 3.69881)
(0.00338997 0.00180191 3.75026)
(0.00291189 0.00243127 3.78802)
(0.00250012 0.00297994 3.81161)
(0.00129803 0.0033914 3.8223)
(5.31842e-05 0.00325328 3.82316)
(6.98267e-05 0.00345046 3.81046)
(-0.000653181 0.00444204 3.78406)
(-0.0017278 0.00296995 3.74656)
(-0.00143966 0.0010754 3.69849)
(0.00408871 0.00219614 3.88144)
(0.00374109 0.00354029 3.91765)
(0.00296354 0.00432867 3.9397)
(0.00155892 0.0049622 3.95163)
(0.00029101 0.00514671 3.95614)
(-0.00082956 0.00440144 3.95706)
(-0.00141673 0.00396652 3.95182)
(-0.00173642 0.00556276 3.93733)
(-0.0021113 0.00509327 3.91537)
(-0.00277229 0.00237425 3.88162)
(0.00272611 0.0040777 3.96523)
(0.00248939 0.0046517 3.98031)
(0.00200804 0.00524649 3.98783)
(0.000508157 0.00577904 3.99181)
(-0.00030088 0.00519934 3.99373)
(-0.000665594 0.00456708 3.99405)
(-0.00194894 0.00377692 3.99317)
(-0.00257435 0.00492482 3.98812)
(-0.00206451 0.00555317 3.98041)
(-0.00270662 0.00403807 3.96592)
(0.00184861 0.00423397 3.9913)
(0.0019284 0.00458868 3.99673)
(0.00159493 0.00524525 3.99901)
(0.000606316 0.00573469 4.00042)
(-0.000129625 0.00461218 4.00183)
(-0.000419773 0.00437146 4.002)
(-0.00188143 0.00386421 4.00178)
(-0.00282574 0.00393964 4.00061)
(-0.00250032 0.00459915 3.99792)
(-0.00236696 0.00431305 3.99185)
(0.00180797 0.00361662 3.99945)
(0.00174274 0.00423706 4.00119)
(0.00144921 0.00482623 4.00173)
(0.00107722 0.00526979 4.00212)
(0.000340416 0.0040578 4.00309)
(-0.000364655 0.00408148 4.00322)
(-0.00160027 0.00395982 4.00295)
(-0.00244921 0.0033638 4.00313)
(-0.00286307 0.00367056 4.00214)
(-0.00280266 0.0033432 3.99988)
(0.00182145 0.00316019 4.0019)
(0.00159125 0.00384883 4.00228)
(0.00134268 0.00416216 4.00225)
(0.00135818 0.00456094 4.00205)
(0.000643245 0.00366193 4.00242)
(-0.000377492 0.00380371 4.00236)
(-0.00124486 0.00377641 4.00242)
(-0.00190671 0.00307086 4.00296)
(-0.00257994 0.00315218 4.0027)
(-0.00257963 0.00273492 4.00234)
(0.00187184 0.00291281 4.00236)
(0.00146336 0.00338533 4.00227)
(0.00113861 0.00342766 4.002)
(0.00117701 0.00374576 4.00148)
(0.000621103 0.00337394 4.0013)
(-0.000296379 0.00347723 4.0013)
(-0.000835944 0.00334044 4.00153)
(-0.001423 0.00286869 4.00195)
(-0.00195265 0.00269915 4.00235)
(-0.001958 0.00236285 4.00269)
(0.00193556 0.00278643 4.00192)
(0.00142328 0.0029067 4.00157)
(0.000971628 0.0027628 4.00126)
(0.000844619 0.00294442 4.00082)
(0.000461108 0.00299612 4.00046)
(-0.00014752 0.00301491 4.00047)
(-0.000591699 0.00279476 4.00079)
(-0.00108315 0.00257202 4.0011)
(-0.00130969 0.00217093 4.00178)
(-0.00148426 0.00207311 4.00219)
(0.00202361 -0.00168776 2.72243)
(0.00193172 -0.00132362 2.75817)
(0.00108334 -0.000328597 2.7748)
(-0.000746055 0.000225654 2.78711)
(-0.000623573 -0.000445943 2.80881)
(0.000245597 -0.000729816 2.81309)
(0.00117515 -0.000358698 2.80419)
(0.000926448 0.000201846 2.78066)
(-0.00165531 -0.000804474 2.75216)
(-0.00113278 -0.0011699 2.73256)
(0.00105787 0.000209951 3.39674)
(0.00124477 0.000416162 3.445)
(0.00174622 0.00087903 3.48291)
(0.00147454 0.00135195 3.50792)
(0.000916123 0.000863047 3.52105)
(0.000536162 0.000660519 3.52139)
(0.00112193 0.000859455 3.50882)
(0.000736895 0.00195897 3.48162)
(-0.000588889 0.00115618 3.44373)
(0.000485371 0.00094588 3.39734)
(0.00248292 0.00080123 3.68132)
(0.00272078 0.00140826 3.73346)
(0.00282172 0.00256139 3.77081)
(0.00214547 0.00353889 3.79488)
(0.000825613 0.00323723 3.80772)
(-0.000246141 0.00251057 3.80943)
(-0.000111113 0.00217462 3.79699)
(-0.000483376 0.003634 3.76948)
(-0.00126388 0.00282298 3.73031)
(-0.000534264 0.00162608 3.68164)
(0.0032803 0.00215489 3.8689)
(0.00306434 0.00302078 3.90974)
(0.00261268 0.00470363 3.93297)
(0.00163783 0.00560579 3.9465)
(0.000483662 0.0050033 3.9534)
(-0.000844306 0.00383059 3.95504)
(-0.00181484 0.00281739 3.94941)
(-0.00216978 0.00422474 3.93309)
(-0.00214178 0.00421704 3.90762)
(-0.00230514 0.00229731 3.86978)
(0.00249612 0.00359971 3.96418)
(0.00199063 0.00429706 3.98273)
(0.00157645 0.00566452 3.99097)
(0.00096534 0.00609601 3.99571)
(0.000340711 0.0051936 3.99835)
(-0.000432434 0.00433038 3.99877)
(-0.00222681 0.00315335 3.99774)
(-0.00320945 0.00353847 3.99262)
(-0.00272792 0.00422702 3.98334)
(-0.00298578 0.00326141 3.96568)
(0.00207331 0.00364854 3.99636)
(0.00154731 0.00454587 4.00294)
(0.00112602 0.00541087 4.00591)
(0.000912388 0.00565211 4.00756)
(0.000408929 0.00471865 4.00883)
(-1.58721e-05 0.00429743 4.00897)
(-0.00157502 0.00366069 4.00868)
(-0.00281037 0.00306614 4.0079)
(-0.00283077 0.00343859 4.00472)
(-0.00273232 0.00327789 3.99736)
(0.00209692 0.00329483 4.00665)
(0.00170439 0.00438096 4.00878)
(0.00129013 0.00469523 4.01005)
(0.00122692 0.00494002 4.01058)
(0.000663737 0.0041743 4.0113)
(3.03439e-05 0.00399005 4.01136)
(-0.00101877 0.00383541 4.01106)
(-0.00207079 0.00298267 4.01133)
(-0.00294256 0.00285309 4.01019)
(-0.0031813 0.00237812 4.00731)
(0.00199111 0.00312777 4.00995)
(0.00176746 0.00398645 4.01063)
(0.00145409 0.00390487 4.01112)
(0.00139117 0.00415771 4.01106)
(0.000799569 0.00373728 4.01125)
(-0.000105633 0.00361904 4.01118)
(-0.000723857 0.00355387 4.01115)
(-0.00149397 0.00303812 4.01144)
(-0.00256157 0.0027566 4.0111)
(-0.00305191 0.00199538 4.01036)
(0.00204531 0.00296977 4.01072)
(0.00180502 0.00338918 4.01098)
(0.0014475 0.00322394 4.01095)
(0.00117493 0.00344674 4.01059)
(0.000637692 0.00336765 4.01022)
(-0.000132013 0.00321718 4.01028)
(-0.000562435 0.00300484 4.01053)
(-0.00125856 0.00296045 4.01063)
(-0.00191826 0.00261172 4.01086)
(-0.00235056 0.00207561 4.01092)
(0.00208928 0.00279503 4.01048)
(0.00172001 0.0028248 4.01041)
(0.00118663 0.00274774 4.0101)
(0.000705222 0.0028778 4.00969)
(0.000355492 0.00282465 4.00933)
(-2.7307e-06 0.00269013 4.00938)
(-0.000403096 0.00245304 4.00975)
(-0.00112457 0.00270742 4.00988)
(-0.00150316 0.00224119 4.0104)
(-0.00195141 0.00205958 4.01056)
(0.00135142 -0.000963802 2.71732)
(0.00169195 -0.00130301 2.7564)
(0.0014661 -0.000729026 2.77613)
(-0.00142252 0.000487099 2.78556)
(-0.00268673 -9.96556e-05 2.80422)
(-0.000860138 -0.000841935 2.81047)
(0.00110771 -0.000272656 2.80038)
(0.00184499 0.000468737 2.78219)
(-0.000427508 -0.00015147 2.75031)
(-0.000294689 -0.00047122 2.73105)
(0.000887412 0.000446827 3.38433)
(0.00113831 0.000103742 3.43103)
(0.00137442 0.000871217 3.46689)
(0.000108542 0.00186963 3.49192)
(-0.000795993 0.00108292 3.50561)
(-0.000538833 7.50108e-05 3.50712)
(0.000617678 0.000276026 3.49454)
(0.00140297 0.00157565 3.46844)
(0.000472722 0.00163957 3.43089)
(0.00112679 0.00151422 3.38613)
(0.00120324 0.00160487 3.66434)
(0.00163038 0.00139827 3.7169)
(0.00206049 0.00292558 3.75362)
(0.00105688 0.00412789 3.7783)
(6.11318e-05 0.0030594 3.79312)
(-0.000487849 0.00171316 3.79551)
(-0.000517435 0.00134524 3.78339)
(-0.000276639 0.00243332 3.75628)
(-0.000626648 0.0026702 3.71559)
(0.00030041 0.00223964 3.66582)
(0.00202923 0.00265903 3.85506)
(0.00205925 0.0028063 3.90014)
(0.00193035 0.0050121 3.92499)
(0.00146994 0.00591203 3.94039)
(0.000780067 0.00450184 3.94994)
(-0.000510505 0.00331657 3.95163)
(-0.00195537 0.00232088 3.94531)
(-0.00233295 0.00266785 3.92846)
(-0.00221587 0.00321813 3.89942)
(-0.00165455 0.00241655 3.85687)
(0.00238318 0.00324851 3.96175)
(0.00169835 0.00394168 3.98414)
(0.00123791 0.00572152 3.99375)
(0.00160344 0.0058672 3.99946)
(0.00116276 0.00475301 4.00287)
(-0.000167776 0.00412647 4.00319)
(-0.00205089 0.00310223 4.00142)
(-0.00317624 0.0023778 3.99654)
(-0.00324065 0.00292536 3.9853)
(-0.00296543 0.00258055 3.96373)
(0.00281419 0.00305316 4.00095)
(0.00169661 0.00431744 4.00898)
(0.0011201 0.00513874 4.01294)
(0.00156941 0.00501295 4.01493)
(0.00110238 0.00454675 4.01587)
(0.000111247 0.00423061 4.01592)
(-0.00113401 0.00361671 4.01534)
(-0.00241747 0.00256931 4.01464)
(-0.00325594 0.00246091 4.01079)
(-0.00333955 0.00216129 4.00204)
(0.00283244 0.00309681 4.01355)
(0.00206547 0.00422954 4.0164)
(0.00152234 0.00427068 4.01839)
(0.00147349 0.00421745 4.01911)
(0.000947251 0.00418102 4.01933)
(0.000215058 0.0039427 4.01931)
(-0.000434439 0.00361072 4.0191)
(-0.00160055 0.00296258 4.01896)
(-0.0029175 0.00240533 4.01753)
(-0.00354656 0.00170497 4.01398)
(0.00269476 0.00316931 4.01767)
(0.00222426 0.00380079 4.01895)
(0.00181037 0.00357344 4.01979)
(0.001384 0.00358777 4.01993)
(0.000791268 0.00376202 4.01986)
(0.000128603 0.00345918 4.01984)
(-0.000263781 0.00321282 4.01976)
(-0.00119627 0.00320247 4.0195)
(-0.00243511 0.00265651 4.01911)
(-0.00364514 0.00174687 4.01778)
(0.00253988 0.0031308 4.0188)
(0.00217456 0.0031845 4.01944)
(0.00176715 0.00308322 4.01959)
(0.00110548 0.00311485 4.01947)
(0.000561037 0.00330954 4.01908)
(4.31863e-06 0.00291912 4.01918)
(-0.000434133 0.00266102 4.01933)
(-0.00122608 0.00309187 4.01913)
(-0.00203039 0.0028149 4.01915)
(-0.0031678 0.00224872 4.01875)
(0.0024803 0.00283053 4.01886)
(0.00205299 0.00266446 4.01897)
(0.00146157 0.00277989 4.01867)
(0.000686845 0.00274327 4.01841)
(0.000280536 0.00269189 4.01813)
(2.33828e-05 0.00236051 4.01817)
(-0.00045891 0.00219888 4.01847)
(-0.00127067 0.00274189 4.01852)
(-0.00186716 0.00266739 4.01876)
(-0.0028031 0.00254112 4.01871)
(0.000814341 -0.000341266 2.7131)
(0.000822585 -0.000619737 2.75218)
(0.0013752 -0.00106718 2.77986)
(-0.00107531 0.000208277 2.78829)
(-0.00342651 1.0444e-05 2.80092)
(-0.00128847 -0.000654714 2.80471)
(0.000297978 -0.000238521 2.79502)
(0.00183714 0.000341836 2.7821)
(0.000785865 0.000518799 2.74976)
(0.000256788 -8.96482e-05 2.73045)
(0.0010472 0.000450168 3.3733)
(0.0013339 -1.96485e-05 3.41902)
(0.00107894 0.000520776 3.45268)
(-0.000869105 0.00192465 3.47744)
(-0.00214753 0.00121337 3.49144)
(-0.00137018 -5.46482e-05 3.49333)
(-0.000283927 0.000125491 3.48082)
(0.00129842 0.000694824 3.45683)
(0.000996484 0.00177823 3.42003)
(0.00114134 0.00146699 3.37638)
(0.000149314 0.00242739 3.64845)
(0.000671538 0.00175035 3.70077)
(0.000913552 0.00294051 3.7374)
(-0.000202194 0.00416057 3.76295)
(-0.000746356 0.00283281 3.7788)
(-0.000816011 0.00141236 3.78094)
(-0.00107296 0.00124083 3.76918)
(-0.000299982 0.00110426 3.74356)
(-0.00029034 0.00232872 3.70224)
(0.000749475 0.00246916 3.65139)
(0.000820338 0.00336127 3.84051)
(0.00119873 0.00294423 3.88886)
(0.00116172 0.00472949 3.91663)
(0.000973301 0.00547608 3.93415)
(0.000762884 0.00394497 3.94567)
(-0.000202644 0.00316804 3.94653)
(-0.00175821 0.00267181 3.93918)
(-0.00231171 0.00145024 3.92257)
(-0.0024995 0.00216812 3.89052)
(-0.00126966 0.00231635 3.84343)
(0.00243219 0.00314249 3.95787)
(0.00188126 0.00361135 3.98417)
(0.00129097 0.00512014 3.99627)
(0.00198593 0.00506622 4.00322)
(0.00161771 0.00418895 4.00722)
(4.62691e-05 0.00402422 4.00723)
(-0.0014912 0.00376763 4.00426)
(-0.00266283 0.00198447 3.99928)
(-0.00354445 0.00198992 3.98578)
(-0.00309947 0.00186591 3.95989)
(0.00360503 0.00275827 4.00478)
(0.00235796 0.00388688 4.01476)
(0.00160012 0.00442244 4.01987)
(0.00209056 0.00411219 4.0223)
(0.00153696 0.00417862 4.02306)
(4.97407e-05 0.00412129 4.02292)
(-0.000718864 0.00403093 4.02183)
(-0.0017626 0.00270893 4.02066)
(-0.00330397 0.00211691 4.01584)
(-0.00382585 0.00153638 4.00547)
(0.00365549 0.00301776 4.02)
(0.00261033 0.00383056 4.02398)
(0.0019133 0.00367856 4.02646)
(0.00166817 0.00343528 4.02737)
(0.00107943 0.00399496 4.02724)
(0.000125078 0.00386132 4.02713)
(-0.000207189 0.00369624 4.02686)
(-0.00113285 0.00322801 4.02603)
(-0.00254954 0.00253026 4.02417)
(-0.00361524 0.00181727 4.01983)
(0.00338126 0.00321428 4.02502)
(0.00268599 0.003454 4.02708)
(0.00202778 0.00320614 4.02812)
(0.00125387 0.00299814 4.02844)
(0.00070218 0.00361246 4.0282)
(0.000127498 0.00337001 4.0282)
(-0.000266083 0.00317142 4.02805)
(-0.001121 0.00333202 4.02731)
(-0.00221741 0.00280273 4.02678)
(-0.00375417 0.00215341 4.02471)
(0.00295541 0.00311483 4.02667)
(0.00244576 0.00301697 4.02762)
(0.00184189 0.00293108 4.02792)
(0.000944411 0.0026456 4.02807)
(0.00044974 0.00309912 4.02781)
(-3.25757e-05 0.00284512 4.02784)
(-0.000619959 0.00269838 4.02784)
(-0.0012834 0.00302371 4.0275)
(-0.00210043 0.0029814 4.02729)
(-0.00373598 0.00264361 4.02636)
(0.0025867 0.00277122 4.02711)
(0.00220094 0.00256259 4.02733)
(0.00165321 0.0026907 4.02712)
(0.000709377 0.00232559 4.0271)
(0.000201259 0.00252203 4.02685)
(-0.000171085 0.002361 4.02683)
(-0.000766791 0.00232445 4.02695)
(-0.00146215 0.00253877 4.02706)
(-0.00228693 0.0029385 4.02699)
(-0.00349672 0.00297359 4.02676)
(0.0010785 -0.000538181 2.71041)
(7.88188e-05 0.000118794 2.74639)
(0.000629596 -0.000726533 2.78088)
(-0.000483917 -0.000295829 2.79368)
(-0.00256114 -0.000140216 2.80011)
(-0.00126213 -0.000226404 2.79748)
(-0.00132785 -0.00050646 2.79076)
(0.00045634 -0.000205234 2.77894)
(0.000831853 0.000454589 2.74991)
(-0.000234962 -0.000401117 2.7283)
(0.00128291 0.000192634 3.36335)
(0.00134789 0.000247631 3.40902)
(0.000808361 0.000407618 3.44185)
(-0.00113388 0.00139665 3.46577)
(-0.00239612 0.00101395 3.47907)
(-0.00157526 0.000506567 3.48081)
(-0.00132268 0.00014717 3.4682)
(0.000224282 -0.000122925 3.44597)
(0.000603602 0.00119278 3.41074)
(0.000318983 0.000815367 3.36793)
(-0.000135102 0.00257422 3.6343)
(0.000308074 0.00219366 3.68591)
(0.000132188 0.00265282 3.72343)
(-0.000980786 0.00342455 3.7498)
(-0.00122309 0.00232587 3.76546)
(-0.00092261 0.00194894 3.76634)
(-0.00151459 0.00157392 3.75431)
(-0.000794132 0.000368084 3.73054)
(-0.000374476 0.00164627 3.68989)
(0.000640616 0.00220865 3.63837)
(0.000247792 0.00368179 3.82612)
(0.000733614 0.00340789 3.87641)
(0.000559737 0.00400359 3.9085)
(0.000447183 0.00441863 3.92835)
(0.000372705 0.00320233 3.94058)
(-2.89286e-05 0.00360891 3.94001)
(-0.00127326 0.00351473 3.93112)
(-0.00209924 0.00118289 3.91479)
(-0.00258197 0.00139865 3.88036)
(-0.00125403 0.00191333 3.82997)
(0.00248112 0.00334437 3.95244)
(0.0023235 0.00359845 3.9826)
(0.00168151 0.00402374 3.99848)
(0.00200118 0.00401681 4.0069)
(0.00136267 0.00351096 4.01114)
(3.44954e-05 0.00418805 4.01075)
(-0.000841431 0.00479389 4.00642)
(-0.00205418 0.00242554 4.00062)
(-0.00360815 0.00173698 3.98447)
(-0.00337914 0.00128654 3.95429)
(0.00384187 0.00309958 4.00747)
(0.00302221 0.00346272 4.02004)
(0.00223542 0.00347525 4.02643)
(0.00219523 0.00336419 4.02941)
(0.0013642 0.00364465 4.03029)
(-0.000183874 0.00404453 4.02998)
(-0.000533792 0.0047287 4.02824)
(-0.00125888 0.00337474 4.02599)
(-0.00295684 0.00253485 4.01998)
(-0.00382209 0.00163557 4.00758)
(0.00398436 0.00316917 4.02588)
(0.00305994 0.00321161 4.03134)
(0.00227249 0.00306799 4.03413)
(0.0016859 0.00296596 4.03524)
(0.000905987 0.00357942 4.03516)
(-0.000244836 0.00371297 4.03499)
(-0.000459178 0.00407194 4.03438)
(-0.000982519 0.00367355 4.03293)
(-0.00210927 0.00304264 4.03053)
(-0.00310782 0.00249244 4.02523)
(0.003576 0.0031615 4.03213)
(0.00273758 0.00296311 4.0349)
(0.00191593 0.0028719 4.03612)
(0.00103531 0.00267039 4.03659)
(0.000461054 0.00327759 4.03641)
(-0.000226047 0.00327046 4.03637)
(-0.000663516 0.00337385 4.03612)
(-0.00114745 0.00342905 4.03517)
(-0.00185527 0.0030442 4.03437)
(-0.00312854 0.00275647 4.03159)
(0.00306579 0.00294808 4.03447)
(0.00240657 0.0027002 4.03569)
(0.00167958 0.00268616 4.03613)
(0.00075002 0.00233722 4.03649)
(0.000216567 0.00278698 4.03636)
(-0.000308303 0.00279566 4.0363)
(-0.000979383 0.00286573 4.0362)
(-0.0014416 0.00286303 4.03594)
(-0.00213275 0.00294871 4.03551)
(-0.00350545 0.00280581 4.03412)
(0.00248422 0.00256316 4.0354)
(0.00209277 0.00232915 4.03572)
(0.00162999 0.0023567 4.03567)
(0.000753624 0.00204229 4.03575)
(7.22455e-05 0.00230069 4.03559)
(-0.000492619 0.00237185 4.03551)
(-0.00116764 0.00249866 4.03546)
(-0.00161784 0.00227255 4.0357)
(-0.00244864 0.00282409 4.03543)
(-0.00351372 0.00284835 4.03507)
(0.00182262 -0.0012726 2.70971)
(-0.000215421 0.000491781 2.74299)
(-0.000800315 0.000139312 2.77841)
(-0.000878628 -0.000438352 2.79772)
(-0.0012837 -0.000361736 2.8009)
(-0.000895969 -4.48778e-05 2.79326)
(-0.00247896 -0.000801131 2.79022)
(-0.00142507 -0.000869719 2.77406)
(-0.000238657 -0.000212166 2.74991)
(-0.00160673 -0.00136213 2.72441)
(0.00145193 -7.11399e-05 3.35474)
(0.000939278 0.000751831 3.40056)
(0.00019573 0.000748943 3.43402)
(-0.00117291 0.000658426 3.45758)
(-0.00187379 0.000487995 3.46907)
(-0.00116453 0.000777894 3.46967)
(-0.00203657 0.00028344 3.45695)
(-0.00134312 -0.000673349 3.43551)
(-0.000456388 0.000277226 3.40243)
(-0.000973125 -5.55131e-05 3.36003)
(0.000156304 0.00226598 3.62233)
(0.000131294 0.0025954 3.67289)
(-0.000238504 0.00238603 3.71233)
(-0.00106988 0.0022056 3.73909)
(-0.00127643 0.00156704 3.75346)
(-0.00077843 0.0021969 3.75281)
(-0.00174611 0.00209078 3.73953)
(-0.00147567 0.000233646 3.71724)
(-0.000915637 0.000951832 3.67774)
(-0.00025361 0.00154444 3.62646)
(0.000657571 0.00337601 3.81298)
(0.00081048 0.0037678 3.86392)
(0.000454303 0.00320005 3.901)
(0.00026674 0.00302071 3.92308)
(-2.39387e-05 0.00242969 3.93447)
(-9.55892e-05 0.00365077 3.93261)
(-0.000983009 0.00424122 3.92198)
(-0.00169979 0.00158229 3.90512)
(-0.00238494 0.00130356 3.86854)
(-0.00145398 0.00159313 3.81645)
(0.0025933 0.00357352 3.94592)
(0.00266646 0.00384895 3.9796)
(0.00200644 0.00303409 4.00008)
(0.00170302 0.0029528 4.01002)
(0.000728177 0.00287468 4.01419)
(-0.000190001 0.00403872 4.01342)
(-0.000410709 0.00531924 4.00803)
(-0.00142349 0.0032175 4.00045)
(-0.00329983 0.00225812 3.98133)
(-0.0034355 0.0013199 3.94708)
(0.00345667 0.00367483 4.00907)
(0.00347023 0.00332482 4.02461)
(0.00273716 0.0026854 4.03249)
(0.00188467 0.00279927 4.03607)
(0.000726565 0.00302764 4.03721)
(-0.000495606 0.00370502 4.03685)
(-0.000609318 0.00489085 4.03466)
(-0.00112134 0.00400937 4.03097)
(-0.00249998 0.00335543 4.02357)
(-0.00339292 0.0024092 4.00861)
(0.00364693 0.00333764 4.0314)
(0.00318701 0.00282498 4.03832)
(0.0023622 0.00261559 4.04145)
(0.00142858 0.00268329 4.04286)
(0.00046951 0.00295804 4.04317)
(-0.000630285 0.0032871 4.04301)
(-0.000994197 0.00409004 4.042)
(-0.00127515 0.00381688 4.04005)
(-0.00187575 0.0035307 4.03704)
(-0.00256496 0.00332236 4.03056)
(0.0033765 0.00301639 4.03929)
(0.00264723 0.00257888 4.0426)
(0.00181641 0.00251598 4.04401)
(0.000969676 0.00244417 4.04466)
(0.000227465 0.00269647 4.0447)
(-0.000657386 0.00289867 4.04462)
(-0.00126647 0.00337985 4.04427)
(-0.00146869 0.00318442 4.04336)
(-0.0017661 0.00308888 4.04219)
(-0.00244219 0.00325909 4.03874)
(0.00279884 0.00270994 4.04251)
(0.00215612 0.00234609 4.04396)
(0.0014903 0.0022211 4.04452)
(0.000748768 0.00209962 4.04492)
(7.10408e-05 0.00230675 4.0449)
(-0.000612843 0.00252524 4.04482)
(-0.00132335 0.00283221 4.0447)
(-0.00157539 0.00245328 4.04463)
(-0.00209716 0.00260009 4.04402)
(-0.00290212 0.00279074 4.04225)
(0.00241476 0.00224749 4.04393)
(0.00193174 0.00189409 4.04442)
(0.00147277 0.00171661 4.04451)
(0.000819715 0.00175861 4.0445)
(7.04445e-05 0.00189219 4.04449)
(-0.00061604 0.00212601 4.04442)
(-0.00128956 0.00237285 4.04434)
(-0.00156481 0.00180682 4.04461)
(-0.0022462 0.00228126 4.04431)
(-0.00291872 0.00238728 4.04381)
(0.0023417 -0.00192904 2.71171)
(-0.000189417 0.000409459 2.74415)
(-0.00188031 0.000724494 2.77663)
(-0.00152117 -0.000271996 2.79831)
(-0.000208575 -0.000510585 2.8016)
(-0.000605578 -0.000103173 2.79379)
(-0.00268095 -0.000974463 2.79301)
(-0.00249865 -0.00116523 2.76947)
(-0.00163983 -0.0010777 2.74999)
(-0.00297298 -0.00256734 2.72193)
(0.000997666 -5.22737e-06 3.34781)
(3.62653e-05 0.00118916 3.39323)
(-0.00080818 0.000978201 3.42767)
(-0.00108885 3.60757e-05 3.45152)
(-0.000973083 -5.95884e-05 3.4614)
(-0.00059562 0.000692873 3.46013)
(-0.00222186 0.000228075 3.44771)
(-0.00239303 -0.000854054 3.42637)
(-0.00126591 -0.000388816 3.39459)
(-0.0020995 -0.000918501 3.35238)
(0.000383029 0.00159761 3.61307)
(-0.000119935 0.00263579 3.66203)
(-0.000612887 0.0017493 3.70365)
(-0.00056452 0.000881651 3.73053)
(-0.000777683 0.000928018 3.74279)
(-0.000571287 0.00208389 3.741)
(-0.00174793 0.00214043 3.72646)
(-0.00192471 0.000294839 3.70442)
(-0.0015147 0.000448335 3.66601)
(-0.00167026 0.000574303 3.61588)
(0.00128423 0.00232942 3.80221)
(0.00114819 0.00348875 3.85262)
(0.000595569 0.00194691 3.89417)
(0.000497588 0.0015291 3.91786)
(-0.000164765 0.00202422 3.92743)
(-0.000396511 0.00337984 3.925)
(-0.00091216 0.00404396 3.91318)
(-0.00134398 0.0019954 3.89423)
(-0.00215872 0.00147854 3.85614)
(-0.00213508 0.00132359 3.8035)
(0.0028456 0.00289742 3.93936)
(0.0029595 0.00359955 3.976)
(0.00206558 0.00187836 4.00089)
(0.00106477 0.00199543 4.01226)
(-7.33083e-06 0.00266681 4.01631)
(-0.000489259 0.00369376 4.01534)
(-0.000241272 0.00467981 4.00953)
(-0.000951789 0.00369028 3.99909)
(-0.00276749 0.00281994 3.97702)
(-0.00347494 0.00182852 3.93891)
(0.00310698 0.00345023 4.01018)
(0.00352666 0.00303614 4.02863)
(0.00258686 0.00190584 4.03814)
(0.00106936 0.00224136 4.04236)
(-4.00765e-05 0.0026246 4.04375)
(-0.000728646 0.00317672 4.04348)
(-0.00076598 0.00398501 4.04123)
(-0.00123758 0.00406395 4.03603)
(-0.00223106 0.00381843 4.02712)
(-0.00319267 0.00319188 4.0091)
(0.0031747 0.00300899 4.037)
(0.00309131 0.00246427 4.04513)
(0.00213994 0.00203096 4.04885)
(0.000893351 0.00222955 4.05065)
(-6.46433e-05 0.00232526 4.05136)
(-0.000884783 0.00265296 4.05125)
(-0.00146038 0.00318508 4.05013)
(-0.00173876 0.00333774 4.04772)
(-0.00189699 0.00357539 4.04404)
(-0.00241157 0.00384817 4.0361)
(0.00288639 0.0025251 4.04688)
(0.00251154 0.00210793 4.0506)
(0.00169986 0.00188797 4.05225)
(0.000808157 0.00197515 4.0531)
(-6.21071e-05 0.00195426 4.05338)
(-0.000941148 0.00222652 4.05324)
(-0.0017247 0.00258861 4.05285)
(-0.00201868 0.002386 4.0521)
(-0.00210933 0.00265954 4.0504)
(-0.0021498 0.00339538 4.04633)
(0.00262654 0.00198555 4.05106)
(0.00213721 0.00168575 4.05273)
(0.00148714 0.00147813 4.05336)
(0.00080039 0.00162348 4.05371)
(-4.04759e-05 0.00156626 4.05382)
(-0.000803073 0.00181385 4.05373)
(-0.00146556 0.00207808 4.05364)
(-0.00178387 0.00166075 4.05366)
(-0.00217866 0.00179551 4.05292)
(-0.0023157 0.00238496 4.05087)
(0.00252066 0.00146208 4.05289)
(0.00196932 0.00116635 4.05359)
(0.00142617 0.000945902 4.05373)
(0.000910881 0.00124041 4.05362)
(0.000121415 0.0011734 4.05374)
(-0.000624443 0.00134298 4.05372)
(-0.00119937 0.00149165 4.05371)
(-0.00156718 0.00111412 4.05385)
(-0.00205684 0.0011548 4.05365)
(-0.00226688 0.00156636 4.05293)
(0.00244061 -0.00229267 2.71625)
(0.000122033 -3.54759e-05 2.74982)
(-0.00189959 0.000635259 2.77809)
(-0.00149953 -0.00020684 2.79727)
(0.000590553 -0.000557805 2.80266)
(-0.000560841 -0.000259485 2.79826)
(-0.00182783 -0.000959825 2.79689)
(-0.00226954 -0.000959511 2.76819)
(-0.00282499 -0.00186336 2.75132)
(-0.00337251 -0.00330186 2.72321)
(0.000379622 -6.54495e-05 3.34329)
(-0.000721015 0.00127998 3.38775)
(-0.00170245 0.000716754 3.42301)
(-0.00082658 -0.000445481 3.44657)
(4.11789e-06 -0.000502783 3.45524)
(-0.000125828 0.000399338 3.45314)
(-0.00177729 -0.000193203 3.44184)
(-0.00254066 -0.000687718 3.41943)
(-0.0015964 -0.000786645 3.388)
(-0.00248592 -0.00171653 3.34679)
(0.000253627 0.000666395 3.60657)
(-8.48654e-05 0.00202154 3.65403)
(-0.000709738 0.000566231 3.6968)
(0.000180702 -0.000286563 3.72346)
(-2.28663e-05 0.000399024 3.73342)
(-0.000380089 0.00163219 3.73155)
(-0.00151656 0.00137791 3.7167)
(-0.00219926 0.000349119 3.69319)
(-0.00183487 -7.7462e-05 3.65597)
(-0.00278234 -0.000689294 3.60754)
(0.00153829 0.000685151 3.79413)
(0.00164148 0.00229816 3.84373)
(0.000813582 0.000426761 3.88768)
(0.000758686 0.00028405 3.9124)
(-7.49811e-05 0.00172552 3.92028)
(-0.000729401 0.00276865 3.9183)
(-0.000985546 0.00276563 3.90613)
(-0.00136275 0.00209965 3.88345)
(-0.00208939 0.00119034 3.84519)
(-0.00311729 0.00056775 3.79277)
(0.00301857 0.00109439 3.93376)
(0.0031703 0.0024352 3.97313)
(0.00203556 0.000662728 4.00109)
(0.000557602 0.00118286 4.01401)
(-0.000432699 0.00247196 4.01799)
(-0.000836627 0.00311991 4.01718)
(-0.000553576 0.00294968 4.01154)
(-0.000963589 0.00348913 3.99746)
(-0.00216521 0.00267885 3.97285)
(-0.00342118 0.00196365 3.93133)
(0.00312674 0.00191853 4.01166)
(0.00338655 0.00210193 4.03281)
(0.00216533 0.00106717 4.04374)
(0.000341991 0.00153714 4.04873)
(-0.000462427 0.00219107 4.05033)
(-0.000763896 0.00257813 4.05021)
(-0.0010273 0.00221325 4.04819)
(-0.0016163 0.0032483 4.04168)
(-0.00214474 0.00327251 4.0312)
(-0.00332113 0.00310367 4.00991)
(0.00279784 0.00176419 4.04316)
(0.00287618 0.00164822 4.05246)
(0.00177528 0.00125355 4.05688)
(0.000347757 0.00139958 4.0591)
(-0.000357913 0.0015837 4.05996)
(-0.000813923 0.0019692 4.0599)
(-0.00169133 0.0016724 4.05899)
(-0.00235173 0.0021853 4.05628)
(-0.00242411 0.002654 4.0519)
(-0.00282696 0.00324982 4.04229)
(0.00266227 0.00113165 4.05518)
(0.00257863 0.00113635 4.05934)
(0.00169479 0.00102681 4.06128)
(0.000575075 0.00101655 4.06236)
(-0.000256382 0.000956555 4.0628)
(-0.000909738 0.00143716 4.06261)
(-0.00179714 0.00128735 4.06227)
(-0.00243423 0.00119629 4.06153)
(-0.00261239 0.0015779 4.05929)
(-0.00219327 0.00245848 4.05472)
(0.00279949 0.000452104 4.06024)
(0.00242045 0.000597643 4.06222)
(0.00170031 0.000636632 4.06289)
(0.000821972 0.000626092 4.06324)
(-0.000133143 0.000450215 4.06354)
(-0.000860517 0.000849345 4.06341)
(-0.00143836 0.000822956 4.06331)
(-0.00211285 0.000601177 4.06322)
(-0.00255419 0.000544025 4.06235)
(-0.00204024 0.00106123 4.06018)
(0.00282423 4.58966e-05 4.06235)
(0.00216822 0.000195744 4.0633)
(0.00152097 0.000160449 4.06341)
(0.000963907 0.000177202 4.06335)
(0.00011951 8.13202e-05 4.06352)
(-0.000656181 0.000201158 4.06357)
(-0.0011082 0.000171563 4.0636)
(-0.00167074 0.000232475 4.06357)
(-0.00199484 -0.00026781 4.06351)
(-0.00181028 -4.07547e-05 4.06257)
(0.00220766 -0.00230946 2.72319)
(0.000502357 -0.000748567 2.7586)
(-0.000901446 -0.000105486 2.78301)
(-0.000463867 -0.000506958 2.79856)
(0.00109241 -0.000525898 2.80503)
(-0.000570651 -0.000613603 2.80512)
(-0.000294308 -0.000756824 2.80121)
(-0.00140989 -0.000649707 2.77289)
(-0.00356612 -0.00254906 2.75512)
(-0.00294714 -0.00342377 2.72868)
(0.000438323 -0.000606593 3.34252)
(-0.000821306 0.000473935 3.38627)
(-0.0018049 -0.00010883 3.42135)
(-0.000237339 -0.00107431 3.4433)
(0.000910404 -0.000751523 3.45094)
(0.000251847 -0.000365307 3.45025)
(-0.000698585 -0.00066354 3.43984)
(-0.00180192 -0.000362407 3.41484)
(-0.00180169 -0.00123417 3.38422)
(-0.00250713 -0.00259873 3.34475)
(0.000253676 -0.000365932 3.60311)
(0.000101741 0.000507815 3.64994)
(-0.000489546 -0.000786647 3.69198)
(0.000816565 -0.00137701 3.71772)
(0.00082083 -4.49624e-05 3.72588)
(-0.000126396 0.00046314 3.72517)
(-0.000946662 0.000134489 3.71127)
(-0.0019891 0.000344054 3.68474)
(-0.00165321 -0.00056528 3.64901)
(-0.00263408 -0.00168406 3.6024)
(0.00149471 -0.000969293 3.78873)
(0.0019164 7.77566e-05 3.8384)
(0.00117977 -0.00108591 3.88199)
(0.0010392 -0.000929391 3.90729)
(0.000364988 0.00121417 3.91413)
(-0.000830409 0.00140507 3.91365)
(-0.00112496 0.000778839 3.9018)
(-0.0016633 0.00166283 3.87479)
(-0.00190775 0.000274055 3.83741)
(-0.00310012 -0.00050543 3.78561)
(0.00324378 -0.0013018 3.93006)
(0.00329832 -5.4689e-05 3.97214)
(0.00224413 -0.00062041 4.00136)
(0.00048421 -4.21573e-05 4.0162)
(-0.000275594 0.00193329 4.02013)
(-0.000965949 0.00187868 4.01988)
(-0.00126093 0.000643295 4.01448)
(-0.00158737 0.00243627 3.99693)
(-0.00190873 0.00135703 3.97027)
(-0.00312366 0.000791949 3.9262)
(0.00354426 -0.000662978 4.01431)
(0.00317569 -2.358e-05 4.03794)
(0.0020592 -0.000130217 4.05003)
(0.000162988 0.000220279 4.05589)
(-0.000462103 0.00148123 4.05768)
(-0.000732 0.00148809 4.05772)
(-0.00151951 5.17425e-05 4.05589)
(-0.0022394 0.00163106 4.0485)
(-0.00231716 0.00147159 4.0365)
(-0.00353036 0.00123823 4.01206)
(0.00286497 -0.000549451 4.05033)
(0.00270371 -0.000274029 4.06101)
(0.00171151 -0.000188204 4.06606)
(0.000238575 -2.50309e-05 4.0686)
(-0.000382716 0.00064985 4.06941)
(-0.00064334 0.000851053 4.06941)
(-0.00179352 -0.000271181 4.06879)
(-0.00285498 0.00042442 4.06598)
(-0.00308779 0.000678795 4.06083)
(-0.00355508 0.000937922 4.04972)
(0.00291385 -0.00132026 4.0645)
(0.0027015 -0.000840177 4.06924)
(0.00177317 -0.000597798 4.07152)
(0.000491641 -0.000469407 4.07278)
(-0.000273412 -0.000217876 4.0733)
(-0.000652802 0.000147412 4.07316)
(-0.00168111 -0.000486789 4.07286)
(-0.00279868 -0.000435072 4.07192)
(-0.00325535 -0.000255196 4.06923)
(-0.00283103 2.77374e-06 4.0643)
(0.00312625 -0.00195246 4.07029)
(0.00265544 -0.00135582 4.07269)
(0.00180894 -0.000975332 4.07353)
(0.000790457 -0.000938568 4.07393)
(-7.98963e-05 -0.000980994 4.07436)
(-0.000683411 -0.000637944 4.07425)
(-0.00139577 -0.000872537 4.0741)
(-0.00241443 -0.000961999 4.07374)
(-0.0029093 -0.00122599 4.07273)
(-0.0022716 -0.00129781 4.07045)
(0.00307508 -0.0021411 4.07261)
(0.00217767 -0.00166754 4.07383)
(0.00145065 -0.0013978 4.07403)
(0.000853051 -0.00155835 4.07409)
(0.000155835 -0.0015662 4.07422)
(-0.000562106 -0.00143352 4.0743)
(-0.00109687 -0.00147087 4.07431)
(-0.00184929 -0.00135782 4.0742)
(-0.00223923 -0.00202303 4.07419)
(-0.00193425 -0.00230042 4.07304)
(0.00193118 -0.00236929 2.7332)
(0.0011714 -0.00174222 2.77001)
(0.000789357 -0.00135499 2.7924)
(0.00151729 -0.00120355 2.8049)
(0.00176061 -0.000632342 2.81117)
(-0.00026505 -0.00099598 2.81507)
(0.00101514 -0.000751936 2.80814)
(-0.000549554 -0.000557034 2.78377)
(-0.00346569 -0.0028981 2.76364)
(-0.00236804 -0.00321115 2.73724)
(0.00113037 -0.00191831 3.3459)
(-4.72719e-06 -0.00125049 3.39024)
(-0.000820443 -0.00156475 3.42352)
(0.000854367 -0.00200308 3.4434)
(0.00173046 -0.000977869 3.45022)
(0.000359693 -0.00127494 3.45205)
(0.000347609 -0.00135592 3.44221)
(-0.000896762 -0.000453131 3.41494)
(-0.0020756 -0.00204032 3.3849)
(-0.00255444 -0.00348803 3.34678)
(0.00060753 -0.00188382 3.60321)
(0.000660215 -0.00176706 3.65077)
(0.000271511 -0.00243154 3.68983)
(0.00141674 -0.0026004 3.7142)
(0.00152594 -0.000570717 3.72167)
(3.59197e-06 -0.00100372 3.72287)
(-0.00031739 -0.00147901 3.71065)
(-0.00143554 -0.000247065 3.68097)
(-0.00140084 -0.00149284 3.64643)
(-0.00194742 -0.0025349 3.60142)
(0.00142983 -0.00283854 3.78661)
(0.00210218 -0.0027662 3.83719)
(0.00169904 -0.00275752 3.87825)
(0.00135094 -0.0023444 3.90368)
(0.000899845 0.000371999 3.9108)
(-0.00069369 -0.000402939 3.9121)
(-0.00126251 -0.00157479 3.90066)
(-0.00208524 0.000170015 3.87037)
(-0.00174769 -0.00140781 3.83374)
(-0.00206937 -0.00183781 3.78289)
(0.00348801 -0.00409535 3.92903)
(0.00340886 -0.00330116 3.97342)
(0.00258519 -0.00230864 4.00298)
(0.000819587 -0.00168734 4.01968)
(0.000232408 0.000815955 4.02414)
(-0.000770131 1.54487e-05 4.02459)
(-0.00199088 -0.00175616 4.01886)
(-0.00254697 0.000138135 3.99894)
(-0.0021983 -0.00129912 3.97042)
(-0.0027031 -0.00175862 3.92481)
(0.00394581 -0.00393962 4.01867)
(0.00302571 -0.00299658 4.04464)
(0.00222137 -0.00204091 4.05796)
(0.000528897 -0.00161579 4.06473)
(-0.000130043 0.000135533 4.06697)
(-0.0005901 -0.000326669 4.06713)
(-0.002017 -0.00207531 4.06505)
(-0.00289809 -0.000936728 4.05731)
(-0.00292377 -0.00162768 4.04354)
(-0.00375956 -0.00236909 4.01632)
(0.00316815 -0.00375782 4.05926)
(0.00261308 -0.00317451 4.07133)
(0.00189626 -0.00247367 4.07695)
(0.000556468 -0.00202175 4.07974)
(-0.000145672 -0.000908608 4.08063)
(-0.000444769 -0.00107469 4.08072)
(-0.00170132 -0.00239829 4.08014)
(-0.0028976 -0.00198517 4.07731)
(-0.00352351 -0.00224851 4.07126)
(-0.00407192 -0.00300238 4.05887)
(0.00328489 -0.00454919 4.07544)
(0.00269177 -0.00381097 4.08094)
(0.00187918 -0.00310695 4.08358)
(0.000690999 -0.00258673 4.08491)
(-5.99606e-05 -0.00202926 4.0855)
(-0.000358219 -0.002003 4.08551)
(-0.00140609 -0.00281023 4.08514)
(-0.00279608 -0.00268615 4.08389)
(-0.00360729 -0.00290465 4.08087)
(-0.00356786 -0.00376986 4.0755)
(0.00321411 -0.00509356 4.08189)
(0.00251751 -0.00430403 4.08479)
(0.00172434 -0.00371183 4.08596)
(0.000830589 -0.00325319 4.08645)
(0.000125215 -0.00310766 4.08688)
(-0.000386105 -0.00300445 4.08687)
(-0.00126966 -0.00332414 4.08664)
(-0.00248866 -0.00324266 4.08596)
(-0.00300064 -0.00369314 4.08482)
(-0.00272043 -0.00449267 4.08222)
(0.0029185 -0.00530474 4.08448)
(0.00209447 -0.00472237 4.086)
(0.00130722 -0.00431419 4.08648)
(0.000723695 -0.00413379 4.08666)
(0.000222187 -0.00410661 4.08673)
(-0.000343952 -0.00396335 4.08675)
(-0.00104409 -0.00401003 4.08671)
(-0.00189509 -0.00388956 4.08654)
(-0.00222355 -0.0045282 4.08641)
(-0.00225094 -0.00512061 4.08496)
(0.002054 -0.00267717 2.74638)
(0.00196184 -0.00276099 2.78573)
(0.00234058 -0.00252142 2.80717)
(0.00320839 -0.00193015 2.81781)
(0.0021543 -0.00100162 2.82451)
(0.0002162 -0.00140214 2.82961)
(0.00172873 -0.00092034 2.82043)
(-0.000101212 -0.000807979 2.80042)
(-0.00310559 -0.0030382 2.77828)
(-0.00239834 -0.00330946 2.74903)
(0.00224895 -0.00363596 3.35376)
(0.00160735 -0.00351357 3.39987)
(0.001129 -0.0032815 3.43005)
(0.0021364 -0.00296094 3.44809)
(0.00215906 -0.0015935 3.45574)
(0.000238062 -0.0023069 3.45942)
(0.000821858 -0.00223428 3.44965)
(-0.000501784 -0.00117507 3.42216)
(-0.00262502 -0.00312479 3.39176)
(-0.00292239 -0.00451115 3.35344)
(0.0016928 -0.00408907 3.60776)
(0.0018698 -0.00450208 3.65668)
(0.00150497 -0.00404917 3.69144)
(0.00186314 -0.00359299 3.71421)
(0.00178178 -0.00173257 3.72307)
(4.8369e-05 -0.00265199 3.7257)
(-4.76227e-05 -0.00317746 3.7147)
(-0.00117492 -0.00156466 3.68388)
(-0.00169424 -0.00290514 3.64956)
(-0.00185905 -0.00384601 3.60527)
(0.00181216 -0.00520449 3.78843)
(0.00248461 -0.00558428 3.84009)
(0.00232692 -0.00432556 3.87797)
(0.00175113 -0.00355227 3.90298)
(0.00124449 -0.00146547 3.91232)
(-0.000310118 -0.0025625 3.91459)
(-0.00125761 -0.00373934 3.90298)
(-0.00230023 -0.00207213 3.87173)
(-0.00177089 -0.00336095 3.83477)
(-0.00126898 -0.0035194 3.7849)
(0.00351325 -0.00697287 3.93096)
(0.00356458 -0.0063138 3.97732)
(0.00296726 -0.00420666 4.00731)
(0.00150057 -0.00325621 4.02531)
(0.000721246 -0.00154448 4.03156)
(-0.000454185 -0.00246665 4.03246)
(-0.00246783 -0.0038992 4.02556)
(-0.0033123 -0.00295231 4.00469)
(-0.00271062 -0.00426419 3.97392)
(-0.00227508 -0.00459014 3.92731)
(0.00429808 -0.00753101 4.02532)
(0.00329987 -0.00609661 4.05362)
(0.00259114 -0.00434265 4.06852)
(0.00131963 -0.00357071 4.07626)
(0.000396075 -0.00245597 4.07944)
(-0.000427301 -0.00294479 4.07966)
(-0.00237496 -0.00409614 4.07683)
(-0.00339483 -0.00415668 4.06885)
(-0.00365797 -0.00514963 4.05294)
(-0.00373368 -0.00623066 4.0232)
(0.00366704 -0.00748731 4.07071)
(0.00276422 -0.00628854 4.08412)
(0.0021976 -0.00514284 4.09043)
(0.00126351 -0.00441794 4.09355)
(0.000368075 -0.0036368 4.09485)
(-0.000335443 -0.00388817 4.09496)
(-0.00164008 -0.00464133 4.09403)
(-0.00281159 -0.00498379 4.09107)
(-0.00385102 -0.00575279 4.08408)
(-0.00431755 -0.0073571 4.07039)
(0.00327387 -0.00803761 4.08885)
(0.00247525 -0.00697835 4.09526)
(0.00189219 -0.00614397 4.09829)
(0.00109252 -0.00545326 4.09969)
(0.000375839 -0.00490524 4.10036)
(-0.000168489 -0.00507234 4.10048)
(-0.00113292 -0.00552028 4.09993)
(-0.00240103 -0.00562415 4.09839)
(-0.00341123 -0.00628478 4.09521)
(-0.00393235 -0.00786006 4.08912)
(0.00294075 -0.00856011 4.09609)
(0.00215766 -0.00774628 4.09952)
(0.00150929 -0.00717527 4.10113)
(0.000871896 -0.00663125 4.10178)
(0.000378174 -0.00631081 4.10209)
(-0.000132847 -0.0063262 4.10213)
(-0.00102391 -0.00653587 4.10181)
(-0.00210623 -0.00641821 4.10092)
(-0.00267883 -0.0070203 4.09966)
(-0.00315962 -0.00811309 4.0965)
(0.00239311 -0.00900608 4.09912)
(0.00178948 -0.00853601 4.10097)
(0.00114585 -0.00824657 4.10183)
(0.000589886 -0.00795104 4.10212)
(0.000250188 -0.00783902 4.10218)
(-0.00015432 -0.00761755 4.1021)
(-0.000878449 -0.0076204 4.10199)
(-0.00160679 -0.00750733 4.10171)
(-0.00201562 -0.00790605 4.10127)
(-0.00257414 -0.00851515 4.09947)
(0.00338168 -0.00374863 2.76305)
(0.0032664 -0.00397628 2.80644)
(0.0041305 -0.00353763 2.82692)
(0.00389807 -0.00227204 2.83751)
(0.00171486 -0.00151012 2.84595)
(0.00038425 -0.00176221 2.84964)
(0.00123452 -0.0013208 2.83971)
(-0.000786495 -0.001616 2.82348)
(-0.00352581 -0.00349848 2.79871)
(-0.00375927 -0.00440339 2.76509)
(0.00400242 -0.00560241 3.36629)
(0.00363633 -0.00596783 3.41456)
(0.00349707 -0.00476962 3.44199)
(0.00304704 -0.00343012 3.45896)
(0.00185797 -0.00268698 3.46925)
(-7.91648e-05 -0.00332674 3.4728)
(0.000271652 -0.00323964 3.46283)
(-0.00136368 -0.00263813 3.43727)
(-0.00374724 -0.00469562 3.40535)
(-0.0041064 -0.00599379 3.36533)
(0.00334025 -0.00649849 3.6174)
(0.00322462 -0.00714548 3.66744)
(0.0028428 -0.00534778 3.69855)
(0.00219133 -0.00410845 3.71996)
(0.00149656 -0.00356044 3.73181)
(-2.6237e-05 -0.00432 3.7345)
(-0.000263538 -0.00471075 3.72372)
(-0.00155424 -0.00349036 3.69444)
(-0.00251476 -0.00489483 3.65916)
(-0.00271716 -0.00571132 3.61471)
(0.00280169 -0.00763887 3.79521)
(0.00298921 -0.00808125 3.8475)
(0.00284519 -0.0057448 3.88277)
(0.0021368 -0.00451944 3.90711)
(0.00127929 -0.00417573 3.91984)
(-2.34248e-05 -0.00491424 3.92194)
(-0.0012735 -0.00566157 3.90957)
(-0.00241562 -0.00470805 3.87983)
(-0.00203469 -0.00567212 3.84133)
(-0.00142168 -0.0056621 3.79234)
(0.00376824 -0.00955339 3.93688)
(0.00375946 -0.00899262 3.98471)
(0.00325978 -0.00616313 4.01561)
(0.0023068 -0.00489503 4.03444)
(0.00110916 -0.00482125 4.04334)
(-0.000225063 -0.00536854 4.0443)
(-0.00250834 -0.00607052 4.03567)
(-0.00372812 -0.00628759 4.015)
(-0.00324682 -0.00742382 3.98161)
(-0.00212785 -0.00740547 3.93421)
(0.00479807 -0.0108876 4.03525)
(0.00376114 -0.00914783 4.06592)
(0.00293702 -0.0068676 4.08283)
(0.00218859 -0.00585532 4.09164)
(0.000968287 -0.00598958 4.09599)
(-0.000363282 -0.00620888 4.09622)
(-0.00246641 -0.0065571 4.09239)
(-0.00374199 -0.00751157 4.08387)
(-0.00424871 -0.00903839 4.06563)
(-0.00362504 -0.00987938 4.03356)
(0.00416409 -0.0111025 4.08548)
(0.00301455 -0.00949688 4.10041)
(0.00249993 -0.0082197 4.1077)
(0.00206133 -0.00738902 4.1113)
(0.000965171 -0.00738853 4.11318)
(-0.000299146 -0.00746769 4.11325)
(-0.00167443 -0.00758178 4.11167)
(-0.00289463 -0.00834758 4.10836)
(-0.00402201 -0.00992336 4.10058)
(-0.00454198 -0.0116935 4.08521)
(0.00314778 -0.011631 4.10589)
(0.00240498 -0.0104701 4.1133)
(0.00189131 -0.00978574 4.11677)
(0.00156383 -0.00910414 4.11835)
(0.000822192 -0.00890373 4.11913)
(-0.000125554 -0.00901026 4.11923)
(-0.0010023 -0.00900325 4.11845)
(-0.00202144 -0.00926643 4.11673)
(-0.00300824 -0.0104986 4.11346)
(-0.00418954 -0.0121762 4.10633)
(0.00247377 -0.0125834 4.11424)
(0.00187992 -0.0116536 4.11818)
(0.00128262 -0.0114204 4.12019)
(0.000917053 -0.0109752 4.12102)
(0.000537512 -0.0107108 4.12125)
(1.8409e-06 -0.0107808 4.12127)
(-0.000654796 -0.0107035 4.12087)
(-0.00136816 -0.0105836 4.11989)
(-0.00207571 -0.0112595 4.11843)
(-0.00348341 -0.0123466 4.11457)
(0.00170806 -0.0134155 4.11794)
(0.00143285 -0.0130486 4.1201)
(0.00093672 -0.0131362 4.12125)
(0.000475391 -0.0129572 4.12166)
(0.000238394 -0.0128421 4.12174)
(-5.75216e-06 -0.0127681 4.12165)
(-0.000484153 -0.0125721 4.12147)
(-0.000962415 -0.0123008 4.12104)
(-0.00153251 -0.0122729 4.12016)
(-0.00268934 -0.0126436 4.118)
(0.00632085 -0.00613676 2.78567)
(0.00526659 -0.00517236 2.83237)
(0.00577331 -0.00426198 2.85311)
(0.00385826 -0.00250897 2.86514)
(0.00116657 -0.00196537 2.87504)
(0.000280669 -0.00198492 2.87648)
(-0.000435989 -0.00195082 2.8671)
(-0.00225161 -0.00272575 2.85377)
(-0.00486788 -0.00418498 2.82525)
(-0.00651288 -0.00671909 2.78708)
(0.00612563 -0.00760774 3.38568)
(0.00569577 -0.00784282 3.43478)
(0.00576682 -0.00600636 3.46144)
(0.00362357 -0.0039407 3.47864)
(0.00129443 -0.00383639 3.49161)
(-0.000534854 -0.00402864 3.49362)
(-0.00126629 -0.00425786 3.48314)
(-0.00308164 -0.004675 3.46097)
(-0.00521285 -0.00605891 3.42621)
(-0.00574102 -0.0078101 3.38446)
(0.00527015 -0.00883326 3.63417)
(0.00482392 -0.00933629 3.68398)
(0.00442463 -0.0067291 3.71369)
(0.00267046 -0.00485957 3.7345)
(0.00102097 -0.00538992 3.74912)
(-0.000312039 -0.0055999 3.75078)
(-0.00116388 -0.00593997 3.73933)
(-0.00266244 -0.00607538 3.71363)
(-0.00387779 -0.00695779 3.67615)
(-0.00424745 -0.00801993 3.63165)
(0.00435208 -0.0101806 3.80913)
(0.00395334 -0.0103065 3.86072)
(0.00351672 -0.00739258 3.89497)
(0.00248492 -0.00579106 3.91886)
(0.00101515 -0.00678775 3.93426)
(-4.24284e-05 -0.00696047 3.93557)
(-0.00152506 -0.00713689 3.92222)
(-0.00286216 -0.00779502 3.89567)
(-0.00303368 -0.00818919 3.85491)
(-0.00260775 -0.00834851 3.80689)
(0.00467173 -0.0121497 3.94918)
(0.00417558 -0.0113041 3.99746)
(0.00339331 -0.00828992 4.02976)
(0.00277104 -0.00689314 4.04948)
(0.00122252 -0.0080184 4.06062)
(-0.000127349 -0.00815681 4.06133)
(-0.00224228 -0.00786795 4.05104)
(-0.00381195 -0.00964939 4.03106)
(-0.0039214 -0.0104537 3.99493)
(-0.00257066 -0.0102231 3.94741)
(0.00538586 -0.0137815 4.05033)
(0.00439735 -0.0119614 4.08341)
(0.00328482 -0.009588 4.10264)
(0.00273922 -0.00860222 4.1127)
(0.0013063 -0.00958958 4.11791)
(-0.000332607 -0.00964244 4.11811)
(-0.00223724 -0.00889508 4.11325)
(-0.00377771 -0.0108361 4.10387)
(-0.00464072 -0.012676 4.08333)
(-0.00364412 -0.0130309 4.04923)
(0.00455224 -0.0144206 4.10509)
(0.00354434 -0.0127478 4.12204)
(0.00283545 -0.0114129 4.13059)
(0.00248363 -0.0107903 4.13482)
(0.00128059 -0.0114169 4.13712)
(-0.000365399 -0.0114171 4.13714)
(-0.00166306 -0.0106513 4.13491)
(-0.00274857 -0.0118595 4.13103)
(-0.00390815 -0.0140137 4.12245)
(-0.00448323 -0.0152952 4.10502)
(0.00297564 -0.0152885 4.12833)
(0.00246489 -0.0141434 4.13679)
(0.00204371 -0.0135422 4.1408)
(0.00190381 -0.013164 4.14269)
(0.00107775 -0.0133937 4.14364)
(-0.00021276 -0.0134161 4.14367)
(-0.00104648 -0.0128516 4.14264)
(-0.00171128 -0.0132915 4.14076)
(-0.00267585 -0.0149198 4.13717)
(-0.00423331 -0.0162279 4.12873)
(0.00199562 -0.0167877 4.13814)
(0.00169276 -0.0159047 4.14256)
(0.00123557 -0.0158814 4.14486)
(0.00107623 -0.0157239 4.14584)
(0.000659636 -0.015684 4.14612)
(-1.58581e-05 -0.0157331 4.14611)
(-0.00046558 -0.0153601 4.14564)
(-0.000751322 -0.0152667 4.14462)
(-0.00150451 -0.015908 4.14277)
(-0.00324006 -0.0167867 4.13822)
(0.00135146 -0.018225 4.14261)
(0.00134483 -0.0179074 4.14509)
(0.000863796 -0.0183387 4.14637)
(0.000537024 -0.0183926 4.14686)
(0.000305871 -0.0183771 4.14695)
(7.53667e-05 -0.0184243 4.14693)
(-0.000155185 -0.0181162 4.14673)
(-0.000315642 -0.0177243 4.14617)
(-0.000982565 -0.0172984 4.14489)
(-0.00235947 -0.0175104 4.14232)
(0.0105112 -0.0100189 2.81541)
(0.00839961 -0.00674478 2.86211)
(0.00730067 -0.0048106 2.88479)
(0.00393887 -0.00285313 2.89948)
(0.00104139 -0.00236437 2.90921)
(-4.30759e-05 -0.00217081 2.90945)
(-0.00271238 -0.00265608 2.90061)
(-0.00435644 -0.00395615 2.88848)
(-0.00718857 -0.00539302 2.85665)
(-0.0106698 -0.0103236 2.81527)
(0.00860725 -0.0104443 3.41275)
(0.0079099 -0.00919658 3.45997)
(0.00756758 -0.00716698 3.48808)
(0.00430984 -0.00490383 3.50679)
(0.00104015 -0.0048706 3.52063)
(-0.00104087 -0.00471217 3.52112)
(-0.00325387 -0.00524383 3.51008)
(-0.00504423 -0.00684799 3.49125)
(-0.00700361 -0.00742666 3.45292)
(-0.00826581 -0.0104014 3.41131)
(0.00733501 -0.0118438 3.65863)
(0.0067445 -0.0110999 3.70604)
(0.00602595 -0.00855584 3.73675)
(0.00346946 -0.00645925 3.75803)
(0.000871757 -0.00696839 3.77339)
(-0.000850425 -0.00687416 3.77386)
(-0.00273337 -0.00722089 3.76158)
(-0.00423795 -0.0090951 3.73986)
(-0.00576137 -0.00905294 3.69982)
(-0.0065501 -0.0111448 3.65637)
(0.0062527 -0.0135107 3.83069)
(0.00550844 -0.0124776 3.87982)
(0.00448089 -0.0097484 3.91462)
(0.0029274 -0.00809672 3.9388)
(0.000872382 -0.00899332 3.95476)
(-0.000434971 -0.00890488 3.9552)
(-0.00220518 -0.00881987 3.94129)
(-0.0037783 -0.0113059 3.91791)
(-0.00498197 -0.0109422 3.87541)
(-0.00482061 -0.0120303 3.82874)
(0.00603536 -0.0154393 3.96825)
(0.00509189 -0.0137008 4.01593)
(0.00374603 -0.0111369 4.04986)
(0.00283483 -0.00995512 4.07088)
(0.00108795 -0.010856 4.08295)
(-0.00031043 -0.0108562 4.08326)
(-0.00203621 -0.0101583 4.07191)
(-0.00398015 -0.0131746 4.05225)
(-0.00515724 -0.0134663 4.01393)
(-0.00401912 -0.0137941 3.96716)
(0.00593845 -0.0168807 4.07062)
(0.00500048 -0.0149293 4.106)
(0.00365375 -0.0130008 4.12771)
(0.00276421 -0.0123119 4.13916)
(0.0012436 -0.013095 4.14471)
(-0.000378626 -0.0131693 4.14483)
(-0.00188217 -0.011979 4.13912)
(-0.00374913 -0.0144383 4.12865)
(-0.00513161 -0.016006 4.10594)
(-0.00401169 -0.0162697 4.07018)
(0.00478881 -0.0179107 4.12945)
(0.0041035 -0.0164822 4.14876)
(0.00320082 -0.0153267 4.15881)
(0.00244364 -0.0150112 4.16378)
(0.00115937 -0.0156444 4.16622)
(-0.000451538 -0.0157167 4.16621)
(-0.00165575 -0.0145186 4.16355)
(-0.00270524 -0.0159357 4.159)
(-0.00387131 -0.0179704 4.14924)
(-0.00420068 -0.0186789 4.12956)
(0.0032129 -0.0195206 4.15587)
(0.00294393 -0.0185537 4.16544)
(0.00239662 -0.0179924 4.17011)
(0.00196094 -0.0179051 4.17242)
(0.00100491 -0.0183368 4.17354)
(-0.000398008 -0.0183802 4.17354)
(-0.00125261 -0.0175016 4.17232)
(-0.00159663 -0.0181856 4.17022)
(-0.00253225 -0.0195889 4.1659)
(-0.00381583 -0.0204403 4.15603)
(0.00207784 -0.02163 4.16728)
(0.00201943 -0.0209644 4.17223)
(0.00163274 -0.0209246 4.17472)
(0.00135679 -0.0210376 4.17587)
(0.000736093 -0.0212397 4.17631)
(-0.000184642 -0.0212849 4.1763)
(-0.000662728 -0.0207856 4.17578)
(-0.000751308 -0.0209309 4.17469)
(-0.00165172 -0.0212902 4.17226)
(-0.00300881 -0.0219811 4.16707)
(0.00157535 -0.0236888 4.1725)
(0.0014585 -0.0236093 4.17532)
(0.00109661 -0.0240349 4.17662)
(0.000803342 -0.0243256 4.17715)
(0.000449815 -0.0244485 4.17728)
(3.67928e-05 -0.0245335 4.17729)
(-0.000179926 -0.0242755 4.1771)
(-0.000275569 -0.023975 4.17645)
(-0.00100774 -0.0233523 4.17492)
(-0.00210813 -0.0234378 4.17198)
(0.0153853 -0.0151504 2.8597)
(0.0127004 -0.00957221 2.90474)
(0.00935575 -0.00589697 2.93005)
(0.00502618 -0.00373094 2.94765)
(0.00148548 -0.00287588 2.95644)
(-0.000877926 -0.00268705 2.95637)
(-0.00530248 -0.00370508 2.94789)
(-0.00768441 -0.00568361 2.93482)
(-0.0113195 -0.00829395 2.90078)
(-0.0160215 -0.0155817 2.85796)
(0.0117297 -0.0149114 3.45474)
(0.0104014 -0.0113105 3.49835)
(0.00890471 -0.00885105 3.52885)
(0.00527062 -0.00680272 3.54987)
(0.00134294 -0.00613987 3.56275)
(-0.00158494 -0.00599593 3.56229)
(-0.00541381 -0.00683499 3.55078)
(-0.00740037 -0.0092588 3.53346)
(-0.00945568 -0.00995313 3.49335)
(-0.0117979 -0.0148067 3.45282)
(0.00985606 -0.0164965 3.69717)
(0.00894543 -0.0137358 3.74126)
(0.00755524 -0.011422 3.77388)
(0.00448887 -0.00942081 3.79651)
(0.00117634 -0.00903252 3.81081)
(-0.00137946 -0.00889117 3.81031)
(-0.00451295 -0.00946938 3.79759)
(-0.00629347 -0.0124647 3.77818)
(-0.00816028 -0.0123973 3.73707)
(-0.00962723 -0.0160008 3.69497)
(0.00866093 -0.0185689 3.86568)
(0.0075742 -0.0159263 3.91192)
(0.00585924 -0.0136085 3.94793)
(0.00354581 -0.0120076 3.97299)
(0.00100426 -0.0119118 3.98798)
(-0.00102284 -0.0117255 3.98754)
(-0.00335081 -0.0118896 3.97371)
(-0.00530777 -0.0152996 3.9519)
(-0.00727823 -0.0151203 3.9091)
(-0.00768883 -0.0174188 3.86394)
(0.00760438 -0.0203242 3.99975)
(0.00633559 -0.0177262 4.04634)
(0.00460923 -0.0157353 4.08199)
(0.00301709 -0.014764 4.10452)
(0.00101671 -0.0147332 4.11642)
(-0.000790546 -0.0145798 4.11622)
(-0.00235614 -0.0142581 4.10456)
(-0.00457731 -0.0174813 4.08434)
(-0.00665087 -0.0179278 4.04493)
(-0.0062685 -0.0192711 3.9992)
(0.00641682 -0.0217592 4.10171)
(0.00551653 -0.0197177 4.13888)
(0.00406739 -0.0183502 4.16311)
(0.00260677 -0.0179242 4.17603)
(0.000958812 -0.0178937 4.1817)
(-0.000703245 -0.0178988 4.18161)
(-0.00192789 -0.0172043 4.17549)
(-0.00387114 -0.0194425 4.16366)
(-0.00555742 -0.0206469 4.13881)
(-0.00490103 -0.0213073 4.10178)
(0.00506825 -0.0236061 4.16351)
(0.00474731 -0.0222973 4.1851)
(0.00359058 -0.0214072 4.19687)
(0.00215818 -0.0212868 4.20266)
(0.000771226 -0.0214077 4.20513)
(-0.000680235 -0.0214874 4.20508)
(-0.00179609 -0.0207604 4.20233)
(-0.00290321 -0.0220158 4.19697)
(-0.00411328 -0.023435 4.18547)
(-0.00417886 -0.0239424 4.16365)
(0.00367152 -0.0261516 4.19264)
(0.00371581 -0.0252574 4.20345)
(0.00293909 -0.0247003 4.209)
(0.00190812 -0.0247767 4.2118)
(0.00073765 -0.0250369 4.21305)
(-0.000577276 -0.0250963 4.21303)
(-0.00151886 -0.0245483 4.21175)
(-0.00205022 -0.0252294 4.20922)
(-0.00305012 -0.0261607 4.20378)
(-0.00357723 -0.0267512 4.19258)
(0.00259269 -0.0290143 4.2053)
(0.0027974 -0.0283896 4.21093)
(0.00231214 -0.0282237 4.2137)
(0.00163301 -0.0284689 4.21509)
(0.000724869 -0.0287316 4.21572)
(-0.000330614 -0.0288161 4.21575)
(-0.00101125 -0.0284794 4.21516)
(-0.00137764 -0.0287006 4.21381)
(-0.00230838 -0.0289347 4.21077)
(-0.00291291 -0.0294887 4.20493)
(0.00208504 -0.0316861 4.21084)
(0.00198366 -0.0316757 4.21406)
(0.00161658 -0.031945 4.21543)
(0.0012025 -0.0323387 4.21605)
(0.000603513 -0.0325535 4.21627)
(-9.63862e-05 -0.0326956 4.21629)
(-0.000546695 -0.0325284 4.21604)
(-0.000941605 -0.0322706 4.21528)
(-0.00174709 -0.0318958 4.21362)
(-0.0022394 -0.0318541 4.21036)
(0.0233321 -0.0231622 2.90764)
(0.0198399 -0.0150081 2.95271)
(0.0140745 -0.00861613 2.97861)
(0.00813205 -0.00533935 2.99745)
(0.00275436 -0.00375941 3.00583)
(-0.00231924 -0.00357504 3.00559)
(-0.0090762 -0.00538045 2.99736)
(-0.0138818 -0.00885495 2.98267)
(-0.0190912 -0.0142992 2.94951)
(-0.0244347 -0.0239343 2.90522)
(0.0181284 -0.0231943 3.50246)
(0.0153739 -0.0168371 3.54271)
(0.0119472 -0.0125692 3.57419)
(0.00736464 -0.0100987 3.59682)
(0.00230292 -0.00864361 3.60824)
(-0.00238778 -0.00841612 3.60729)
(-0.0083463 -0.00985881 3.59572)
(-0.0117489 -0.0132843 3.57831)
(-0.0148952 -0.0161013 3.53936)
(-0.0187543 -0.0234983 3.49976)
(0.0152415 -0.0256574 3.7416)
(0.013124 -0.0205062 3.78265)
(0.0104286 -0.0170019 3.81623)
(0.00637091 -0.0146963 3.84002)
(0.00200425 -0.0134294 3.85267)
(-0.00205754 -0.0130171 3.85146)
(-0.00702716 -0.0141646 3.839)
(-0.0100287 -0.0180589 3.81996)
(-0.0127099 -0.0198354 3.78011)
(-0.0154926 -0.0255836 3.73927)
(0.0131579 -0.0287096 3.90668)
(0.011087 -0.0241685 3.95034)
(0.00842648 -0.0210671 3.98697)
(0.00501422 -0.0191881 4.01281)
(0.00153286 -0.0182233 4.02646)
(-0.00182106 -0.0176611 4.02526)
(-0.00535547 -0.0184294 4.01209)
(-0.00826815 -0.022364 3.9901)
(-0.011144 -0.02402 3.94873)
(-0.0128909 -0.0281626 3.90518)
(0.0108338 -0.0311754 4.03754)
(0.00877681 -0.027209 4.08247)
(0.00642847 -0.0248816 4.11921)
(0.00392703 -0.0236821 4.14291)
(0.00117344 -0.0228622 4.15433)
(-0.00156628 -0.0223318 4.1536)
(-0.00365036 -0.022741 4.14221)
(-0.00631574 -0.025884 4.1208)
(-0.0092824 -0.0276566 4.08171)
(-0.0103937 -0.0307757 4.03731)
(0.00830282 -0.0334338 4.13842)
(0.00703703 -0.0305241 4.17605)
(0.00522506 -0.0291079 4.20221)
(0.00310245 -0.0284291 4.2164)
(0.000898361 -0.0276625 4.2222)
(-0.0013026 -0.027432 4.2219)
(-0.0027663 -0.0276125 4.21571)
(-0.00480891 -0.0295434 4.20247)
(-0.00710157 -0.0310366 4.17607)
(-0.00753538 -0.0332668 4.13876)
(0.00651981 -0.0365719 4.2021)
(0.00606521 -0.0346961 4.22504)
(0.00450451 -0.0337134 4.23832)
(0.00243163 -0.0333416 4.24482)
(0.000610452 -0.0328406 4.24735)
(-0.00105917 -0.0327983 4.24725)
(-0.00236782 -0.0329031 4.24455)
(-0.00375229 -0.0340373 4.23839)
(-0.00538957 -0.0349916 4.22518)
(-0.00551587 -0.0366764 4.20217)
(0.0052365 -0.0405184 4.23331)
(0.00522604 -0.0392333 4.24507)
(0.00399163 -0.0384534 4.25142)
(0.00217837 -0.038313 4.2546)
(0.000589253 -0.0381806 4.25594)
(-0.000785247 -0.038227 4.25592)
(-0.00199195 -0.0382919 4.25461)
(-0.00312058 -0.0389673 4.25159)
(-0.00453516 -0.0394493 4.24507)
(-0.00445194 -0.0408354 4.2331)
(0.00406924 -0.0446182 4.2469)
(0.00420573 -0.0438397 4.25317)
(0.00338106 -0.0433504 4.2563)
(0.00208172 -0.0434628 4.25793)
(0.000736139 -0.0436161 4.2587)
(-0.000534523 -0.0437124 4.25872)
(-0.00161425 -0.0437015 4.25804)
(-0.00263005 -0.0439213 4.25638)
(-0.00385211 -0.0440178 4.25287)
(-0.00372059 -0.0451477 4.24658)
(0.00321347 -0.048572 4.25267)
(0.00305681 -0.0485264 4.25628)
(0.00245167 -0.0485106 4.25783)
(0.00167409 -0.0488383 4.2586)
(0.000715327 -0.049115 4.25894)
(-0.00028102 -0.0492618 4.25895)
(-0.00113382 -0.049197 4.25861)
(-0.00198078 -0.0489864 4.25774)
(-0.00283905 -0.0486849 4.25595)
(-0.00288036 -0.0488791 4.25241)
(0.0329277 -0.0341634 3.0258)
(0.0292517 -0.0237461 3.07732)
(0.0218692 -0.0143851 3.10543)
(0.0134615 -0.00884578 3.12583)
(0.00475552 -0.00617772 3.13501)
(-0.00431647 -0.00600811 3.13467)
(-0.0143923 -0.00890229 3.12583)
(-0.0225864 -0.0148301 3.10835)
(-0.0291119 -0.0235858 3.0751)
(-0.0341379 -0.0349767 3.02302)
(0.0268884 -0.0360069 3.61566)
(0.0230686 -0.027081 3.65716)
(0.0175077 -0.0200797 3.68957)
(0.0111932 -0.0160516 3.71357)
(0.00396348 -0.0137215 3.72466)
(-0.00379541 -0.0134526 3.72373)
(-0.0124162 -0.0157416 3.712)
(-0.0183572 -0.0208156 3.69254)
(-0.0232057 -0.0270421 3.65483)
(-0.0278511 -0.0365498 3.61218)
(0.022577 -0.0395821 3.84704)
(0.0195686 -0.0321843 3.88839)
(0.0151402 -0.0265002 3.92299)
(0.00952853 -0.0231145 3.94806)
(0.00331616 -0.0209864 3.9602)
(-0.00330256 -0.0204808 3.95879)
(-0.0105275 -0.0224445 3.94662)
(-0.0155739 -0.0272781 3.92548)
(-0.0195789 -0.0322136 3.88678)
(-0.0232474 -0.0398964 3.84467)
(0.0189057 -0.043625 4.00553)
(0.0162788 -0.0373203 4.04906)
(0.0125264 -0.0327004 4.08665)
(0.00767212 -0.0300048 4.11353)
(0.002543 -0.0282734 4.12668)
(-0.00295156 -0.0275996 4.12541)
(-0.00838442 -0.029193 4.1126)
(-0.0128276 -0.033401 4.08841)
(-0.0168515 -0.0377618 4.04818)
(-0.0196433 -0.0438301 4.00423)
(0.0152328 -0.0474114 4.13062)
(0.0128461 -0.0421503 4.17532)
(0.00969335 -0.0388149 4.21294)
(0.00598481 -0.0369866 4.23777)
(0.0018404 -0.0356368 4.24908)
(-0.00254624 -0.0349207 4.24826)
(-0.00616405 -0.0361438 4.237)
(-0.00987322 -0.0391035 4.21368)
(-0.0136815 -0.0426643 4.17482)
(-0.0157395 -0.0475984 4.13029)
(0.0116111 -0.0513247 4.2274)
(0.0100144 -0.0474488 4.26538)
(0.00764972 -0.045513 4.29308)
(0.00472503 -0.0443612 4.30851)
(0.0013824 -0.0431945 4.31477)
(-0.00206668 -0.0427394 4.31441)
(-0.00466618 -0.0437318 4.30804)
(-0.00728743 -0.0453549 4.29318)
(-0.0102089 -0.047512 4.26527)
(-0.0113729 -0.0513214 4.22747)
(0.00907995 -0.0561782 4.28932)
(0.00847797 -0.0537305 4.31323)
(0.0064484 -0.0525245 4.32799)
(0.00371931 -0.0517521 4.33535)
(0.000982906 -0.0508562 4.33827)
(-0.00158908 -0.0506774 4.33818)
(-0.00376309 -0.051466 4.33525)
(-0.00584026 -0.0524749 4.32802)
(-0.00795457 -0.0533462 4.31318)
(-0.00802461 -0.0562328 4.28922)
(0.00740243 -0.0617593 4.31954)
(0.00741543 -0.0602093 4.33247)
(0.0056557 -0.0592851 4.33975)
(0.00314229 -0.058847 4.34341)
(0.000840533 -0.0583877 4.34493)
(-0.00116538 -0.0583623 4.34491)
(-0.00306435 -0.058901 4.34343)
(-0.00499408 -0.0595451 4.33975)
(-0.00681182 -0.0598792 4.33225)
(-0.00624346 -0.0620244 4.31939)
(0.00574392 -0.0672661 4.33188)
(0.00603048 -0.066414 4.33899)
(0.00479774 -0.0658123 4.34279)
(0.00281397 -0.0657776 4.34472)
(0.000878071 -0.0657901 4.34557)
(-0.000832464 -0.0658798 4.34557)
(-0.00248964 -0.0660542 4.34476)
(-0.00423996 -0.0662131 4.34276)
(-0.00568948 -0.0662508 4.33883)
(-0.00496599 -0.0677641 4.33181)
(0.00448958 -0.0724339 4.33622)
(0.00435677 -0.0724846 4.34016)
(0.00346087 -0.0724045 4.34209)
(0.00221473 -0.0727902 4.34302)
(0.000828273 -0.0730865 4.34343)
(-0.000561196 -0.0732339 4.34343)
(-0.00187824 -0.0731461 4.34304)
(-0.00318094 -0.0728363 4.34208)
(-0.00414949 -0.0724738 4.34013)
(-0.00382426 -0.0727211 4.33622)
(0.0524183 -0.0510078 3.06039)
(0.0458645 -0.0350535 3.1148)
(0.0349167 -0.020869 3.139)
(0.0211366 -0.0113572 3.15599)
(0.00709921 -0.0071366 3.16575)
(-0.00673967 -0.00709682 3.16548)
(-0.0218259 -0.0114748 3.15735)
(-0.0356281 -0.0213213 3.14124)
(-0.045759 -0.0348533 3.11261)
(-0.0534315 -0.051527 3.05719)
(0.0449054 -0.0547961 3.65655)
(0.0376777 -0.0406252 3.69745)
(0.0278348 -0.0289476 3.72724)
(0.0171564 -0.0218453 3.74946)
(0.00606533 -0.0184712 3.76086)
(-0.00585235 -0.0183102 3.76034)
(-0.0183369 -0.0217643 3.74888)
(-0.0289426 -0.0297141 3.72963)
(-0.0382083 -0.0407168 3.69491)
(-0.0461572 -0.055296 3.65255)
(0.0376497 -0.0609803 3.88946)
(0.0313176 -0.0488242 3.92926)
(0.0231488 -0.0392887 3.96221)
(0.0142009 -0.0337321 3.98655)
(0.00496224 -0.0309044 3.99859)
(-0.00498605 -0.0305466 3.9977)
(-0.0151877 -0.0334447 3.98579)
(-0.0238791 -0.0399523 3.9639)
(-0.0317996 -0.0490067 3.92778)
(-0.038748 -0.0612721 3.88661)
(0.0309372 -0.0681298 4.04816)
(0.0253278 -0.0578127 4.0899)
(0.0186647 -0.0501762 4.1265)
(0.011327 -0.0458918 4.15307)
(0.00382298 -0.0436391 4.16608)
(-0.00420953 -0.0431623 4.16524)
(-0.0120164 -0.0455406 4.15259)
(-0.0193359 -0.0506658 4.1274)
(-0.0264923 -0.058386 4.08919)
(-0.0322351 -0.0684038 4.04655)
(0.0245503 -0.0752891 4.1739)
(0.0197747 -0.0666689 4.21633)
(0.0144661 -0.0609443 4.25341)
(0.00883611 -0.0577545 4.27833)
(0.00286164 -0.0559328 4.28986)
(-0.00342434 -0.0554491 4.28934)
(-0.00912554 -0.0574199 4.27802)
(-0.0149866 -0.0608952 4.25365)
(-0.0211474 -0.0671018 4.21573)
(-0.025659 -0.0755211 4.17297)
(0.0193365 -0.0827889 4.27119)
(0.0157687 -0.0758204 4.30743)
(0.0115432 -0.0718253 4.33542)
(0.00712946 -0.0695051 4.35146)
(0.00226116 -0.067936 4.35816)
(-0.00270665 -0.0675754 4.35796)
(-0.00713331 -0.0692807 4.3513)
(-0.0114781 -0.0712866 4.33538)
(-0.0161575 -0.0755991 4.30699)
(-0.0192683 -0.0827527 4.27074)
(0.0156165 -0.0909815 4.33405)
(0.0134949 -0.0856448 4.35746)
(0.00976283 -0.0829266 4.3728)
(0.00580444 -0.0811176 4.38055)
(0.00179434 -0.0797467 4.38367)
(-0.00209236 -0.0795737 4.38362)
(-0.00576834 -0.0810724 4.38054)
(-0.00940619 -0.0825285 4.37272)
(-0.0130259 -0.0850017 4.35717)
(-0.0145003 -0.0909484 4.33383)
(0.0128254 -0.0998781 4.36558)
(0.0116994 -0.0955931 4.37851)
(0.00839532 -0.093558 4.38625)
(0.00475735 -0.0923296 4.39019)
(0.00141669 -0.0914436 4.39191)
(-0.00155481 -0.0913959 4.3919)
(-0.00462148 -0.0924466 4.39021)
(-0.00798983 -0.0934422 4.38618)
(-0.0111584 -0.0951172 4.37835)
(-0.011593 -0.100123 4.36556)
(0.0098722 -0.108577 4.37898)
(0.0092444 -0.105431 4.38632)
(0.00664711 -0.104263 4.39067)
(0.0037335 -0.103795 4.39289)
(0.00114275 -0.103533 4.39383)
(-0.0011047 -0.103581 4.39383)
(-0.00352569 -0.104039 4.39291)
(-0.00639282 -0.104318 4.39067)
(-0.00885582 -0.10518 4.38637)
(-0.0088998 -0.108874 4.37907)
(0.00739084 -0.116909 4.3842)
(0.00638304 -0.115592 4.38848)
(0.00460304 -0.115672 4.3909)
(0.00272971 -0.115889 4.39208)
(0.000925112 -0.116034 4.39259)
(-0.000758934 -0.116109 4.3926)
(-0.00253947 -0.116118 4.39213)
(-0.00455429 -0.115804 4.39101)
(-0.00612356 -0.115626 4.38867)
(-0.00654327 -0.117121 4.38436)
(0.100022 -0.107114 3.54714)
(0.0909109 -0.0782547 3.64148)
(0.0727515 -0.0521949 3.6949)
(0.0459377 -0.0325534 3.7241)
(0.0153164 -0.023024 3.7403)
(-0.0155208 -0.0231811 3.7408)
(-0.0462271 -0.032854 3.72897)
(-0.0724536 -0.0522879 3.69682)
(-0.0905942 -0.0776871 3.6376)
(-0.100898 -0.107479 3.54168)
(0.0848619 -0.119201 4.11264)
(0.0749146 -0.0951314 4.17346)
(0.0581904 -0.0740173 4.22007)
(0.0365303 -0.059306 4.25095)
(0.0124401 -0.0524654 4.26769)
(-0.0127835 -0.0526076 4.26835)
(-0.0374149 -0.0597087 4.25262)
(-0.0586215 -0.0746286 4.22058)
(-0.075287 -0.0946961 4.17002)
(-0.0859731 -0.119496 4.10865)
(0.0690978 -0.131902 4.31174)
(0.0606436 -0.112362 4.36561)
(0.0466556 -0.0957206 4.41046)
(0.0293533 -0.0846872 4.4419)
(0.0101 -0.0795391 4.45853)
(-0.0104063 -0.0796445 4.45887)
(-0.0300669 -0.0850369 4.44303)
(-0.0473073 -0.0963656 4.41046)
(-0.0615264 -0.112372 4.36451)
(-0.0704328 -0.132143 4.30954)
(0.0557324 -0.145363 4.4447)
(0.0488552 -0.129872 4.49636)
(0.037444 -0.117184 4.54059)
(0.0235946 -0.109195 4.57194)
(0.00813812 -0.105462 4.58806)
(-0.00835723 -0.10552 4.58817)
(-0.0239334 -0.10944 4.57254)
(-0.0383237 -0.11762 4.54069)
(-0.0501944 -0.130163 4.49465)
(-0.0569604 -0.145257 4.44243)
(0.0444536 -0.159308 4.54703)
(0.0394064 -0.147396 4.59519)
(0.0302923 -0.138145 4.63568)
(0.0191411 -0.132444 4.66254)
(0.00663406 -0.129754 4.67534)
(-0.00668052 -0.129789 4.6755)
(-0.0192012 -0.132598 4.66261)
(-0.030886 -0.13802 4.63582)
(-0.0404965 -0.147461 4.59307)
(-0.0451298 -0.158816 4.54451)
(0.0350763 -0.173885 4.62031)
(0.0320452 -0.165014 4.65879)
(0.0248552 -0.158479 4.68826)
(0.0158403 -0.154504 4.70572)
(0.00553223 -0.152367 4.71324)
(-0.00541572 -0.152362 4.71335)
(-0.0157569 -0.154571 4.70555)
(-0.0249708 -0.157967 4.68836)
(-0.0323661 -0.164782 4.65826)
(-0.0349516 -0.17346 4.61923)
(0.0275898 -0.188857 4.66089)
(0.0261885 -0.182116 4.6862)
(0.0202781 -0.177247 4.7033)
(0.0128353 -0.174309 4.71285)
(0.00448735 -0.172739 4.71732)
(-0.00432947 -0.172699 4.71738)
(-0.0127395 -0.174392 4.713)
(-0.0202487 -0.176805 4.70349)
(-0.0261294 -0.181739 4.68655)
(-0.0270521 -0.188874 4.66136)
(0.0214208 -0.203143 4.67569)
(0.0209366 -0.197585 4.69074)
(0.0159719 -0.194446 4.70036)
(0.00987217 -0.192861 4.70583)
(0.00337851 -0.192107 4.70864)
(-0.00329615 -0.192086 4.70868)
(-0.00985167 -0.192906 4.70593)
(-0.016016 -0.194142 4.70052)
(-0.0208021 -0.197346 4.69142)
(-0.0208785 -0.203356 4.67591)
(0.0160841 -0.216168 4.67695)
(0.015892 -0.212097 4.68581)
(0.0119756 -0.211203 4.69107)
(0.00727359 -0.211153 4.69381)
(0.00243448 -0.211125 4.69498)
(-0.00238927 -0.211116 4.69499)
(-0.00722793 -0.211167 4.69377)
(-0.012009 -0.210966 4.69113)
(-0.0156756 -0.211987 4.68607)
(-0.0156096 -0.216314 4.67683)
(0.0121539 -0.22811 4.67197)
(0.0113137 -0.226529 4.67615)
(0.00847702 -0.227801 4.67851)
(0.00519518 -0.228846 4.67948)
(0.00176306 -0.229435 4.67971)
(-0.00165593 -0.229436 4.67967)
(-0.00507902 -0.228796 4.6794)
(-0.00845517 -0.227616 4.67863)
(-0.0110649 -0.226597 4.67608)
(-0.0118467 -0.228112 4.67173)
(-0.0047762 0.0037862 3.72073)
(-0.00501735 0.00300462 3.72565)
(-0.00528211 0.00218355 3.72854)
(-0.00546957 0.00132294 3.73083)
(-0.00553203 0.000426366 3.73236)
(-0.00551128 -0.000485907 3.73251)
(-0.00540683 -0.00140665 3.73129)
(-0.00524703 -0.00229951 3.72865)
(-0.00510334 -0.0031295 3.72311)
(-0.0048095 -0.0038464 3.71952)
(-0.00584793 0.00516497 3.79334)
(-0.00637752 0.00412998 3.79252)
(-0.00684706 0.003004 3.79219)
(-0.00717997 0.00181914 3.79162)
(-0.00730193 0.000591053 3.79097)
(-0.00728357 -0.000625129 3.79085)
(-0.00713176 -0.00183546 3.79125)
(-0.00684829 -0.00302794 3.79215)
(-0.00647847 -0.00418828 3.7945)
(-0.00590935 -0.00519851 3.79438)
(-0.00458645 0.00411433 3.77946)
(-0.00486718 0.00323626 3.77896)
(-0.00508923 0.00230991 3.77871)
(-0.00526413 0.00140359 3.77845)
(-0.00532731 0.000481336 3.77828)
(-0.00532207 -0.000445726 3.77826)
(-0.00525367 -0.00136288 3.77839)
(-0.00510144 -0.00227539 3.77871)
(-0.004896 -0.00322371 3.77937)
(-0.0046065 -0.00412444 3.77969)
(-0.0037949 0.00330251 3.77678)
(-0.0039782 0.00261888 3.77654)
(-0.00409296 0.00188322 3.77643)
(-0.00421065 0.00115578 3.77633)
(-0.00427093 0.000405917 3.77628)
(-0.00426842 -0.00036809 3.77628)
(-0.00421133 -0.00112974 3.77633)
(-0.00409729 -0.00187508 3.77643)
(-0.00395805 -0.0026382 3.77663)
(-0.00376836 -0.00335453 3.77681)
(-0.00335592 0.00287434 3.77616)
(-0.00349689 0.0022783 3.77603)
(-0.00357087 0.00164661 3.77598)
(-0.00365749 0.00100973 3.77594)
(-0.0037216 0.00035234 3.77591)
(-0.00372044 -0.00032921 3.77592)
(-0.00366486 -0.000997342 3.77594)
(-0.00357975 -0.00165284 3.77598)
(-0.00348539 -0.00230099 3.77606)
(-0.00333904 -0.00291641 3.77614)
(-0.00303319 0.00261914 3.77595)
(-0.0031159 0.00205683 3.77587)
(-0.00317592 0.00148639 3.77582)
(-0.00323934 0.000885491 3.7758)
(-0.00329313 0.00029178 3.77578)
(-0.00329315 -0.000301481 3.77578)
(-0.00324705 -0.000900171 3.7758)
(-0.00318516 -0.00149713 3.77584)
(-0.00311819 -0.00205501 3.77589)
(-0.00304224 -0.00263417 3.77593)
(-0.00274717 0.00241121 3.77582)
(-0.00275993 0.00185239 3.77576)
(-0.00281232 0.00133892 3.77571)
(-0.00285361 0.000792984 3.77569)
(-0.00288215 0.000253396 3.77568)
(-0.00288468 -0.000274289 3.77567)
(-0.00285909 -0.000805931 3.77569)
(-0.0028145 -0.0013342 3.77573)
(-0.0027621 -0.00182514 3.77577)
(-0.00277822 -0.00240503 3.77582)
(-0.00250139 0.00217835 3.77573)
(-0.00242512 0.00164239 3.77567)
(-0.00246151 0.00120435 3.77563)
(-0.00249013 0.000727264 3.77559)
(-0.00249713 0.000240551 3.77558)
(-0.00249925 -0.000238444 3.77558)
(-0.00249071 -0.000716314 3.7756)
(-0.00245685 -0.00118436 3.77563)
(-0.00241977 -0.00162108 3.77567)
(-0.00253289 -0.00219733 3.77574)
(-0.00225375 0.00199082 3.77564)
(-0.00210135 0.00147173 3.77559)
(-0.00212754 0.00107169 3.77555)
(-0.00214929 0.00065079 3.77551)
(-0.00214797 0.000215776 3.77549)
(-0.00214421 -0.000221395 3.7755)
(-0.00214005 -0.000646188 3.77552)
(-0.00211912 -0.00105784 3.77554)
(-0.00210096 -0.00146654 3.77559)
(-0.00228841 -0.00202544 3.77566)
(-0.0019906 0.00184255 3.77557)
(-0.00181223 0.00137941 3.77552)
(-0.00182202 0.000964062 3.77548)
(-0.0018273 0.000568406 3.77544)
(-0.00182305 0.000184875 3.77543)
(-0.00181677 -0.000201113 3.77543)
(-0.00181023 -0.000587921 3.77545)
(-0.00180613 -0.000977688 3.77547)
(-0.00181572 -0.0013895 3.77552)
(-0.00202624 -0.00186792 3.77558)
(-0.00818144 0.00648232 3.60373)
(-0.0085681 0.00514622 3.6219)
(-0.00897048 0.00366177 3.63411)
(-0.00933706 0.00217105 3.64124)
(-0.00946722 0.000648662 3.64531)
(-0.00941295 -0.00086018 3.64586)
(-0.00921597 -0.00233548 3.64231)
(-0.00896145 -0.00373886 3.63365)
(-0.00858685 -0.00524804 3.61934)
(-0.00798709 -0.00675829 3.60241)
(-0.00807951 0.00725305 3.83141)
(-0.00882039 0.00576959 3.82893)
(-0.00943862 0.00411841 3.82726)
(-0.0099687 0.00247561 3.8262)
(-0.0101664 0.000767723 3.82537)
(-0.0101151 -0.000934821 3.82507)
(-0.00982895 -0.00261426 3.8256)
(-0.00938461 -0.00426087 3.82748)
(-0.00881461 -0.00580756 3.83071)
(-0.00811251 -0.00726888 3.83249)
(-0.00608043 0.00565223 3.79912)
(-0.00656149 0.00446 3.79765)
(-0.00686374 0.00314782 3.79669)
(-0.00712881 0.00194711 3.79602)
(-0.00722897 0.000718479 3.79559)
(-0.00721755 -0.0005449 3.79549)
(-0.00708805 -0.0018274 3.79584)
(-0.00685647 -0.003132 3.79679)
(-0.00655735 -0.00437784 3.79826)
(-0.00620872 -0.00555681 3.79949)
(-0.00550017 0.00484057 3.79023)
(-0.00588073 0.0039032 3.78931)
(-0.00606436 0.00282545 3.78879)
(-0.00626678 0.00176918 3.78841)
(-0.00637717 0.000681242 3.7882)
(-0.00638432 -0.000460077 3.78819)
(-0.00628996 -0.00160478 3.78838)
(-0.00610387 -0.00274221 3.78884)
(-0.00584111 -0.00383744 3.78953)
(-0.0055359 -0.00488221 3.79033)
(-0.00510077 0.00435259 3.78728)
(-0.0053892 0.00352026 3.78671)
(-0.00553571 0.00259915 3.78641)
(-0.00569905 0.00161894 3.7862)
(-0.00581998 0.000611154 3.78609)
(-0.00583688 -0.000441321 3.78609)
(-0.00575389 -0.00147369 3.7862)
(-0.00560621 -0.0024836 3.78643)
(-0.00540023 -0.00345758 3.78678)
(-0.00514027 -0.00440966 3.78728)
(-0.00468456 0.00406956 3.78603)
(-0.00488915 0.00321948 3.78571)
(-0.00504928 0.00236144 3.7855)
(-0.00518957 0.00139961 3.78539)
(-0.00528501 0.000449019 3.78532)
(-0.00529346 -0.000482411 3.78531)
(-0.00521578 -0.00141049 3.78538)
(-0.00509443 -0.00233323 3.78553)
(-0.00493677 -0.00316081 3.78574)
(-0.00478161 -0.00400657 3.78603)
(-0.00432736 0.00380241 3.7854)
(-0.00442231 0.00292473 3.78519)
(-0.00457442 0.0021381 3.78502)
(-0.00469268 0.00126046 3.78491)
(-0.00473286 0.000388859 3.78485)
(-0.00473355 -0.000445285 3.78484)
(-0.00468402 -0.00128594 3.7849)
(-0.0045899 -0.00211372 3.78503)
(-0.00445495 -0.00283844 3.78518)
(-0.00441687 -0.00368064 3.78542)
(-0.00401384 0.00350158 3.785)
(-0.0039842 0.00262797 3.78482)
(-0.00408815 0.00191812 3.78466)
(-0.00418594 0.00116514 3.78452)
(-0.00418633 0.000378658 3.78448)
(-0.00417927 -0.000393719 3.78447)
(-0.00416077 -0.00117068 3.78453)
(-0.00407828 -0.00192853 3.78466)
(-0.00396729 -0.0026336 3.7848)
(-0.00403283 -0.00349129 3.78505)
(-0.0036795 0.00323539 3.78468)
(-0.00354405 0.00241177 3.78452)
(-0.00358462 0.00173564 3.78436)
(-0.00366146 0.00107071 3.78421)
(-0.00365877 0.000367223 3.78415)
(-0.00364968 -0.000358894 3.78416)
(-0.00364333 -0.00106801 3.78423)
(-0.00358256 -0.00174157 3.78432)
(-0.00353446 -0.00243094 3.78449)
(-0.00367349 -0.00325791 3.78473)
(-0.00331801 0.00295951 3.78443)
(-0.00310826 0.00224039 3.78424)
(-0.00309574 0.00158258 3.78408)
(-0.00313654 0.000961918 3.78394)
(-0.00314453 0.00032473 3.78388)
(-0.0031395 -0.000333468 3.78391)
(-0.00312495 -0.000976419 3.78396)
(-0.00309713 -0.00160638 3.78405)
(-0.00311423 -0.00227706 3.78422)
(-0.00331186 -0.00299225 3.78444)
(-0.0092328 0.00750453 3.47544)
(-0.00974183 0.00610184 3.50883)
(-0.0103065 0.00435467 3.53172)
(-0.0107442 0.00263223 3.54408)
(-0.0109887 0.000802804 3.55082)
(-0.0109231 -0.00102475 3.55167)
(-0.0106767 -0.00268524 3.54545)
(-0.0103601 -0.0041987 3.53089)
(-0.00981319 -0.00602804 3.50755)
(-0.00899832 -0.00790962 3.47489)
(-0.00838444 0.00739527 3.85943)
(-0.00906192 0.00591805 3.85684)
(-0.00970787 0.00425828 3.85474)
(-0.0102137 0.00254257 3.85378)
(-0.0104965 0.000777514 3.85303)
(-0.0104068 -0.00101588 3.85268)
(-0.0100671 -0.00271756 3.85314)
(-0.0096114 -0.00441318 3.8549)
(-0.00903935 -0.00606125 3.85781)
(-0.00838666 -0.00756839 3.86004)
(-0.00675404 0.0061933 3.81989)
(-0.00721664 0.00482226 3.81772)
(-0.00759504 0.00345632 3.81614)
(-0.00784613 0.00211822 3.81533)
(-0.00800098 0.000803808 3.81477)
(-0.00797022 -0.000563037 3.8146)
(-0.00778003 -0.00200993 3.81503)
(-0.0075525 -0.00354879 3.81631)
(-0.00724212 -0.00486064 3.81812)
(-0.00693679 -0.00603589 3.82016)
(-0.0061862 0.00566927 3.80597)
(-0.00653957 0.00447592 3.80458)
(-0.00686564 0.00327323 3.80365)
(-0.00707266 0.00201151 3.80315)
(-0.00721256 0.000782896 3.80282)
(-0.0072314 -0.000476424 3.80275)
(-0.00711144 -0.00180922 3.80303)
(-0.00692489 -0.00316261 3.80377)
(-0.00660017 -0.00430221 3.80471)
(-0.00633906 -0.0054582 3.80611)
(-0.00578306 0.00503446 3.8008)
(-0.0059818 0.00396112 3.79991)
(-0.00623986 0.00296262 3.79932)
(-0.00640131 0.0018051 3.79902)
(-0.00649725 0.00064993 3.79884)
(-0.00653415 -0.000481895 3.79879)
(-0.00647424 -0.0016538 3.79896)
(-0.00631376 -0.00282421 3.79937)
(-0.00601929 -0.00387165 3.79991)
(-0.00581933 -0.00499239 3.80088)
(-0.00528274 0.00464268 3.79847)
(-0.00540009 0.00355532 3.79798)
(-0.00563737 0.00262491 3.79761)
(-0.00579301 0.00157434 3.7974)
(-0.00583925 0.000482254 3.7973)
(-0.00585497 -0.000573294 3.79729)
(-0.00581367 -0.00159411 3.7974)
(-0.00568475 -0.00257457 3.79759)
(-0.00546665 -0.00350438 3.79793)
(-0.00533377 -0.00451775 3.79854)
(-0.00485482 0.00430376 3.79734)
(-0.00490147 0.00322541 3.79707)
(-0.00507126 0.0023409 3.79682)
(-0.00522142 0.0014316 3.79661)
(-0.00524834 0.000454658 3.79654)
(-0.00523799 -0.000521176 3.79655)
(-0.00518762 -0.00146216 3.79663)
(-0.00508435 -0.00235512 3.79676)
(-0.00493883 -0.00320815 3.79699)
(-0.00486297 -0.00414973 3.79739)
(-0.00447434 0.00397992 3.79671)
(-0.0044507 0.00294958 3.79652)
(-0.00452241 0.00208551 3.79631)
(-0.00464881 0.00126675 3.79612)
(-0.00467519 0.000405498 3.79606)
(-0.00465079 -0.000466378 3.79605)
(-0.0046037 -0.00133692 3.79613)
(-0.00451368 -0.00217712 3.79626)
(-0.00442753 -0.00302275 3.79645)
(-0.0043956 -0.00392989 3.79677)
(-0.00409539 0.00364495 3.79631)
(-0.00401084 0.00272088 3.7961)
(-0.00397951 0.00189648 3.7959)
(-0.00405428 0.00116398 3.79573)
(-0.00407885 0.000422765 3.79566)
(-0.00407634 -0.000356465 3.79565)
(-0.00405718 -0.00116043 3.79572)
(-0.00398926 -0.00195526 3.79585)
(-0.00397795 -0.00279008 3.79606)
(-0.00397623 -0.00362031 3.79632)
(-0.00370371 0.00324344 3.79601)
(-0.003534 0.00249312 3.79574)
(-0.00342703 0.00176587 3.79555)
(-0.00344943 0.00109678 3.7954)
(-0.00347863 0.000405913 3.79534)
(-0.00349912 -0.000308353 3.79534)
(-0.00350621 -0.00101516 3.79539)
(-0.00348901 -0.00174218 3.79552)
(-0.00352517 -0.00250914 3.79573)
(-0.00358618 -0.00321913 3.79596)
(-0.00917353 0.00760272 3.34544)
(-0.00989817 0.00642233 3.39288)
(-0.010744 0.00468658 3.42445)
(-0.0112057 0.0029539 3.44308)
(-0.0115754 0.00103855 3.45168)
(-0.0115596 -0.000956605 3.45268)
(-0.0113151 -0.00264132 3.44339)
(-0.0109327 -0.00412582 3.42392)
(-0.0101755 -0.0059858 3.39263)
(-0.00916316 -0.00787535 3.3446)
(-0.00845386 0.00720196 3.87452)
(-0.00912034 0.0058378 3.87458)
(-0.00986025 0.00436805 3.8741)
(-0.0102785 0.00269712 3.87338)
(-0.010699 0.000930123 3.87347)
(-0.0106424 -0.000965152 3.87308)
(-0.0102863 -0.00268999 3.87337)
(-0.00980788 -0.00438149 3.874)
(-0.00913301 -0.00610715 3.875)
(-0.0084841 -0.00751579 3.87539)
(-0.00748997 0.00663002 3.83933)
(-0.00790929 0.00513081 3.83679)
(-0.00843251 0.0037794 3.83491)
(-0.00870289 0.00221769 3.834)
(-0.00895694 0.000767461 3.83351)
(-0.00892071 -0.000692307 3.83325)
(-0.0086622 -0.00227506 3.83379)
(-0.00837857 -0.00397929 3.83509)
(-0.00799924 -0.00534962 3.83695)
(-0.00763662 -0.00645693 3.8395)
(-0.00684468 0.00634286 3.82191)
(-0.00717395 0.00482366 3.82023)
(-0.00768895 0.00353008 3.81894)
(-0.00791156 0.00205021 3.81836)
(-0.0080679 0.000681558 3.81796)
(-0.00807786 -0.000622961 3.81781)
(-0.00792821 -0.00206756 3.81818)
(-0.0076949 -0.00355756 3.81908)
(-0.00730851 -0.00471473 3.82018)
(-0.00700747 -0.00590834 3.82205)
(-0.00637532 0.00575816 3.81489)
(-0.00655252 0.00436153 3.81376)
(-0.00697246 0.00320265 3.81286)
(-0.00715024 0.00185961 3.81246)
(-0.0071888 0.000559137 3.8122)
(-0.0072117 -0.000619138 3.81209)
(-0.00716701 -0.00190667 3.81233)
(-0.00695517 -0.00319367 3.81291)
(-0.00658272 -0.00431225 3.81362)
(-0.00633177 -0.00557118 3.81505)
(-0.0059004 0.00517932 3.81155)
(-0.00598652 0.00388448 3.81082)
(-0.00627195 0.00285514 3.81025)
(-0.00642091 0.00178541 3.80987)
(-0.00641944 0.000581225 3.80973)
(-0.00642706 -0.000640896 3.80975)
(-0.0064185 -0.001802 3.80989)
(-0.00624422 -0.00284822 3.81015)
(-0.00598338 -0.00394395 3.81066)
(-0.00575861 -0.00516584 3.81166)
(-0.00538702 0.00481453 3.80982)
(-0.00544476 0.00360041 3.80937)
(-0.00559059 0.00257612 3.80901)
(-0.00571894 0.00165273 3.80868)
(-0.00578674 0.000594288 3.80858)
(-0.00577819 -0.000569368 3.80865)
(-0.00571598 -0.0016505 3.80875)
(-0.00557513 -0.00263992 3.80889)
(-0.0054452 -0.00374939 3.80928)
(-0.00522147 -0.00481817 3.8099)
(-0.00491009 0.00448969 3.80889)
(-0.00495361 0.00340104 3.80856)
(-0.00497551 0.00234815 3.80828)
(-0.00505013 0.00141626 3.8081)
(-0.00517406 0.000479349 3.80799)
(-0.00516843 -0.000524559 3.80802)
(-0.00506152 -0.00149335 3.80809)
(-0.00498281 -0.00243301 3.80822)
(-0.00497095 -0.0034668 3.80852)
(-0.00475272 -0.00437779 3.8089)
(-0.00446767 0.00406211 3.80837)
(-0.00448351 0.00316161 3.80802)
(-0.00441812 0.0022086 3.80779)
(-0.00441906 0.00129377 3.80768)
(-0.00451281 0.000444796 3.8076)
(-0.00453264 -0.000390536 3.80754)
(-0.00446526 -0.00128228 3.80761)
(-0.00443539 -0.00223928 3.8078)
(-0.00446741 -0.003178 3.80804)
(-0.00429828 -0.00394337 3.80829)
(-0.00403172 0.00362845 3.80799)
(-0.00395352 0.00287962 3.80762)
(-0.0038484 0.00206946 3.80741)
(-0.00380562 0.00124951 3.80732)
(-0.00383511 0.000453176 3.80726)
(-0.00386666 -0.000316963 3.80721)
(-0.00389833 -0.0011181 3.80726)
(-0.00392156 -0.00198679 3.80743)
(-0.00393821 -0.00282046 3.80765)
(-0.00387483 -0.00350991 3.80788)
(-0.00830131 0.00708281 3.22486)
(-0.00928635 0.00620533 3.28231)
(-0.0103528 0.0046304 3.32004)
(-0.0108757 0.0030495 3.34399)
(-0.0113083 0.00126486 3.35464)
(-0.0113856 -0.0006732 3.35484)
(-0.0111814 -0.00235149 3.34246)
(-0.0106578 -0.00390764 3.31941)
(-0.00967038 -0.00549193 3.28316)
(-0.00861044 -0.00692986 3.22397)
(-0.00822943 0.00673281 3.87614)
(-0.00889262 0.00559477 3.8819)
(-0.00969238 0.00437643 3.88452)
(-0.0100901 0.00281928 3.88529)
(-0.0105625 0.00113453 3.88616)
(-0.0106163 -0.00071844 3.88613)
(-0.0103543 -0.00241404 3.88603)
(-0.00986294 -0.00401888 3.88482)
(-0.00900857 -0.00567759 3.88175)
(-0.00830869 -0.00701111 3.87686)
(-0.00785681 0.00676209 3.85699)
(-0.00832018 0.00517412 3.85474)
(-0.00895846 0.00384648 3.85299)
(-0.00927015 0.00215347 3.85214)
(-0.009551 0.000584823 3.85175)
(-0.0095319 -0.000921294 3.85157)
(-0.00928643 -0.00253593 3.85221)
(-0.00892772 -0.00418618 3.85318)
(-0.00842267 -0.00554784 3.85465)
(-0.00793854 -0.00667377 3.85715)
(-0.00716924 0.00658193 3.83803)
(-0.00758441 0.00487693 3.83627)
(-0.00820909 0.00349475 3.83485)
(-0.00847567 0.00190544 3.83421)
(-0.00860375 0.000427823 3.8338)
(-0.0085922 -0.000901323 3.83365)
(-0.00843997 -0.00235441 3.83409)
(-0.00812871 -0.00380046 3.83494)
(-0.00767589 -0.00494364 3.83608)
(-0.0072802 -0.00616858 3.83814)
(-0.00666924 0.00605007 3.82978)
(-0.00699339 0.00449464 3.82845)
(-0.00747657 0.00315526 3.82738)
(-0.00767253 0.00175651 3.82684)
(-0.00766181 0.000414207 3.82652)
(-0.00764918 -0.00078559 3.82641)
(-0.00760714 -0.00211064 3.82672)
(-0.00732963 -0.00339633 3.82738)
(-0.0069134 -0.00455113 3.82825)
(-0.00657218 -0.00590304 3.82995)
(-0.00621507 0.00541401 3.82562)
(-0.0064553 0.004089 3.82456)
(-0.00671087 0.00292965 3.82383)
(-0.00683471 0.00186863 3.82329)
(-0.00682789 0.000638964 3.82308)
(-0.00682277 -0.00068959 3.82315)
(-0.00680674 -0.0019351 3.82335)
(-0.00658225 -0.00300009 3.82369)
(-0.00630215 -0.00421115 3.8244)
(-0.00598193 -0.00559078 3.82572)
(-0.00565775 0.00502425 3.82329)
(-0.00586004 0.00388778 3.8225)
(-0.00594289 0.00276565 3.822)
(-0.00603024 0.00180316 3.82161)
(-0.006155 0.000693816 3.82145)
(-0.00615784 -0.000579614 3.82157)
(-0.00606137 -0.00172779 3.82169)
(-0.00588556 -0.00277557 3.8219)
(-0.00576778 -0.00404679 3.82248)
(-0.00545218 -0.00524311 3.82335)
(-0.00508715 0.00472763 3.82196)
(-0.00527429 0.00377038 3.82134)
(-0.00527964 0.00264316 3.82098)
(-0.00531255 0.00159514 3.82082)
(-0.00550966 0.000586923 3.82066)
(-0.00552012 -0.000487319 3.82072)
(-0.00536788 -0.00149251 3.82079)
(-0.00529624 -0.00250851 3.82097)
(-0.00531623 -0.00365872 3.82141)
(-0.00502691 -0.00463464 3.82191)
(-0.00458724 0.00425202 3.8212)
(-0.00474698 0.00344064 3.82066)
(-0.00472916 0.00244571 3.82038)
(-0.00468662 0.00139976 3.82032)
(-0.00481643 0.000467103 3.82023)
(-0.00483174 -0.000408652 3.82016)
(-0.00471818 -0.00134054 3.82023)
(-0.004718 -0.00237722 3.82048)
(-0.00476472 -0.00334099 3.82076)
(-0.00457053 -0.00412091 3.82109)
(-0.0041306 0.00381954 3.82067)
(-0.00418868 0.0031002 3.82022)
(-0.00416781 0.00223484 3.81998)
(-0.00408549 0.00128844 3.81994)
(-0.00409755 0.000426452 3.81987)
(-0.00411098 -0.000367804 3.81978)
(-0.00411653 -0.00122041 3.81985)
(-0.00415437 -0.00214902 3.82007)
(-0.00416378 -0.00298979 3.8203)
(-0.00411692 -0.00371059 3.82061)
(-0.0070737 0.00616698 3.11698)
(-0.00824221 0.00546285 3.18159)
(-0.00933002 0.00428642 3.22398)
(-0.00996004 0.00299715 3.25205)
(-0.0104057 0.00142198 3.26451)
(-0.0105762 -0.000301692 3.26358)
(-0.0103873 -0.00207812 3.24886)
(-0.00964399 -0.0039119 3.22313)
(-0.00845971 -0.00502548 3.1829)
(-0.00753668 -0.00562373 3.1159)
(-0.00774796 0.00615159 3.86722)
(-0.0084077 0.00518427 3.87958)
(-0.00918832 0.00415157 3.8857)
(-0.00966785 0.00280613 3.88872)
(-0.0101094 0.00123788 3.8905)
(-0.0102844 -0.000463555 3.89087)
(-0.0101768 -0.00213763 3.88992)
(-0.00965575 -0.00362152 3.8864)
(-0.00861788 -0.00497942 3.87893)
(-0.00785104 -0.00622516 3.8678)
(-0.00786607 0.00663384 3.87237)
(-0.00848044 0.00500327 3.871)
(-0.00911547 0.00361632 3.86972)
(-0.0095176 0.00196238 3.86911)
(-0.00976569 0.000347127 3.86887)
(-0.00977904 -0.00115625 3.86888)
(-0.00962896 -0.00264785 3.86953)
(-0.00922692 -0.00394538 3.86988)
(-0.00859673 -0.0053038 3.87063)
(-0.00786217 -0.00670544 3.87262)
(-0.0072544 0.00640384 3.85401)
(-0.0078351 0.00468936 3.85221)
(-0.00839645 0.00317421 3.85091)
(-0.00871878 0.00163925 3.85023)
(-0.00881828 0.000154398 3.84987)
(-0.00878314 -0.00120861 3.84981)
(-0.00862784 -0.00258159 3.85027)
(-0.00824565 -0.00384939 3.85088)
(-0.00778869 -0.00507876 3.85203)
(-0.00719702 -0.00631789 3.85407)
(-0.0066765 0.006024 3.84513)
(-0.0072369 0.00452473 3.84356)
(-0.0076371 0.00301522 3.84251)
(-0.00787182 0.00165004 3.84183)
(-0.00789365 0.000306053 3.8415)
(-0.00785211 -0.000979259 3.84148)
(-0.00774803 -0.00229317 3.84183)
(-0.00742553 -0.00349877 3.84243)
(-0.00707098 -0.00466755 3.84346)
(-0.00656563 -0.00595521 3.84517)
(-0.00619329 0.0054527 3.84039)
(-0.00667248 0.00430786 3.83897)
(-0.0068488 0.00301749 3.83815)
(-0.00698766 0.00190704 3.83753)
(-0.00706009 0.0006791 3.83727)
(-0.00704475 -0.000681041 3.83738)
(-0.006951 -0.00192499 3.83762)
(-0.00670252 -0.00300747 3.83806)
(-0.00646897 -0.00427092 3.83895)
(-0.00602376 -0.00567929 3.84038)
(-0.00561775 0.00502015 3.83755)
(-0.00601838 0.00412614 3.83638)
(-0.00607881 0.00298697 3.83576)
(-0.00616173 0.00191128 3.83538)
(-0.00634259 0.000785994 3.83518)
(-0.00634973 -0.000445467 3.83527)
(-0.0062143 -0.00158689 3.83542)
(-0.00603056 -0.00272175 3.83576)
(-0.00592914 -0.00404621 3.8365)
(-0.00557706 -0.00529092 3.83753)
(-0.00505341 0.00459128 3.83581)
(-0.00536986 0.0038244 3.83491)
(-0.00543166 0.00278558 3.83446)
(-0.00544894 0.00168671 3.83431)
(-0.00563165 0.000677947 3.83412)
(-0.00565208 -0.000357327 3.83416)
(-0.00552232 -0.00136632 3.83425)
(-0.00546092 -0.00246322 3.83453)
(-0.00544761 -0.00360436 3.83506)
(-0.00520448 -0.0046198 3.83574)
(-0.00452437 0.00415219 3.83475)
(-0.00474996 0.0034242 3.83409)
(-0.00486716 0.00250904 3.83376)
(-0.00483113 0.0014068 3.83368)
(-0.00491657 0.000412609 3.83358)
(-0.00491292 -0.00048845 3.83354)
(-0.00482472 -0.00140397 3.83363)
(-0.00484688 -0.00240346 3.83389)
(-0.00483637 -0.00327103 3.8342)
(-0.00475822 -0.00411337 3.8347)
(-0.00406501 0.00381966 3.83406)
(-0.00416977 0.0030662 3.83359)
(-0.0043172 0.00220549 3.83334)
(-0.00425578 0.00120975 3.83325)
(-0.0042161 0.000302497 3.83316)
(-0.00418312 -0.000533496 3.83311)
(-0.00415236 -0.00140018 3.83322)
(-0.00418171 -0.00226755 3.83344)
(-0.00416859 -0.0030393 3.83366)
(-0.0042812 -0.00385233 3.83411)
(-0.00583839 0.00480873 3.02483)
(-0.00710252 0.00424707 3.093)
(-0.00806027 0.00368363 3.13706)
(-0.00875958 0.00277731 3.16771)
(-0.00919658 0.00144143 3.18186)
(-0.00940359 3.77348e-06 3.18006)
(-0.00915555 -0.00181143 3.16414)
(-0.00824215 -0.00385654 3.1354)
(-0.00696494 -0.00461061 3.09239)
(-0.00607039 -0.0044707 3.02349)
(-0.00694355 0.00566593 3.84898)
(-0.00778003 0.00473881 3.86844)
(-0.00851585 0.0037767 3.87918)
(-0.00908776 0.00266952 3.88524)
(-0.0094873 0.00123133 3.88796)
(-0.0097401 -0.000266474 3.88845)
(-0.00969553 -0.00202836 3.88634)
(-0.00909118 -0.00347817 3.88061)
(-0.00803622 -0.0043426 3.86824)
(-0.00728228 -0.0052995 3.84919)
(-0.00754329 0.00644312 3.88452)
(-0.00845828 0.00484301 3.88463)
(-0.00902195 0.00323946 3.88433)
(-0.00948872 0.00170661 3.88414)
(-0.00969223 0.000138914 3.88408)
(-0.00976051 -0.00130973 3.88432)
(-0.00970555 -0.0026552 3.88484)
(-0.00922463 -0.0035333 3.88454)
(-0.00847953 -0.00483179 3.88426)
(-0.00753248 -0.00657944 3.88485)
(-0.00707843 0.00612068 3.8691)
(-0.00790139 0.00465619 3.86729)
(-0.00830371 0.00299849 3.86632)
(-0.00867857 0.00151547 3.86561)
(-0.00877236 3.85103e-05 3.86536)
(-0.00874483 -0.00133507 3.86544)
(-0.00860823 -0.00253528 3.86587)
(-0.00818289 -0.00355573 3.86617)
(-0.00771987 -0.0050135 3.86732)
(-0.00689248 -0.00646323 3.86915)
(-0.00648441 0.00575602 3.86016)
(-0.00727342 0.00459994 3.85832)
(-0.00752056 0.00309362 3.8574)
(-0.00779142 0.0018349 3.85663)
(-0.00792895 0.000489767 3.85634)
(-0.00788526 -0.000969746 3.85648)
(-0.0076873 -0.00222533 3.85683)
(-0.00738048 -0.00334521 3.85731)
(-0.00714348 -0.00468452 3.85849)
(-0.00642773 -0.00591784 3.86005)
(-0.00596475 0.00526263 3.85507)
(-0.00663598 0.00442332 3.85335)
(-0.00675947 0.00316861 3.85248)
(-0.0069476 0.00195879 3.85191)
(-0.00716348 0.000754928 3.85164)
(-0.00713977 -0.000520825 3.85172)
(-0.00692521 -0.00172303 3.85198)
(-0.00671605 -0.00296658 3.85255)
(-0.00657311 -0.00425928 3.85356)
(-0.0060254 -0.00543214 3.8549)
(-0.00543772 0.0047725 3.85185)
(-0.00595483 0.00405963 3.85042)
(-0.00609771 0.00299177 3.84969)
(-0.00621861 0.00175652 3.84938)
(-0.00637558 0.00066716 3.84916)
(-0.00637669 -0.000351237 3.84913)
(-0.00623597 -0.00145341 3.84933)
(-0.00610693 -0.00272756 3.84986)
(-0.00596954 -0.00388777 3.85063)
(-0.00562678 -0.00497129 3.85172)
(-0.00493602 0.00428481 3.84978)
(-0.0052775 0.00357678 3.84872)
(-0.00547703 0.00272208 3.84819)
(-0.00554357 0.00163493 3.84796)
(-0.00556907 0.000619798 3.8478)
(-0.00559267 -0.000325559 3.84776)
(-0.00558209 -0.00134443 3.84792)
(-0.0055318 -0.00247684 3.84831)
(-0.00537799 -0.00342845 3.84884)
(-0.00524378 -0.00445921 3.84971)
(-0.00445473 0.0038976 3.84844)
(-0.00463215 0.00310159 3.84776)
(-0.00484718 0.00232401 3.84737)
(-0.00490675 0.00136503 3.84714)
(-0.00486621 0.000357575 3.84704)
(-0.00484846 -0.000622372 3.84708)
(-0.00485759 -0.0015291 3.84721)
(-0.00485325 -0.00237286 3.84743)
(-0.00474849 -0.00313127 3.84777)
(-0.00481444 -0.00413232 3.84849)
(-0.00403307 0.00362128 3.84759)
(-0.00406306 0.00276865 3.84716)
(-0.00424031 0.00194035 3.84686)
(-0.00428434 0.00106385 3.84665)
(-0.00423094 0.000191888 3.84654)
(-0.00416733 -0.00067998 3.84659)
(-0.00410292 -0.00151085 3.84672)
(-0.00408903 -0.00225006 3.84689)
(-0.00410335 -0.00296512 3.84714)
(-0.00436275 -0.00385592 3.84774)
(-0.00462607 0.00327321 2.95051)
(-0.00589603 0.00302001 3.01649)
(-0.00677392 0.0028006 3.06017)
(-0.00745794 0.00211265 3.09215)
(-0.00782563 0.00115132 3.10779)
(-0.00800742 5.65068e-05 3.10564)
(-0.00759896 -0.00175898 3.0904)
(-0.00652107 -0.00375838 3.05918)
(-0.00532415 -0.00424839 3.01325)
(-0.00434343 -0.00366188 2.94704)
(-0.00595262 0.00517733 3.82247)
(-0.00710616 0.00426117 3.84983)
(-0.00788718 0.0032384 3.86601)
(-0.00842894 0.00221693 3.8754)
(-0.00870162 0.000986429 3.87924)
(-0.00902625 -0.000180604 3.87958)
(-0.00894152 -0.00191889 3.87584)
(-0.00822573 -0.00334873 3.86737)
(-0.00727903 -0.00386566 3.85042)
(-0.00647104 -0.00455921 3.82293)
(-0.00685053 0.00639887 3.8925)
(-0.00815802 0.00491426 3.89503)
(-0.00876386 0.00311002 3.89642)
(-0.0092023 0.00162465 3.89671)
(-0.00929707 7.54086e-05 3.8969)
(-0.00947174 -0.00130056 3.89732)
(-0.00948183 -0.00248973 3.89741)
(-0.0089439 -0.00314639 3.89648)
(-0.00812695 -0.00440889 3.89501)
(-0.00701918 -0.00637717 3.89312)
(-0.00671249 0.00581059 3.88269)
(-0.007756 0.00474051 3.88113)
(-0.00805057 0.00316171 3.88063)
(-0.00840434 0.00178323 3.87988)
(-0.00849852 0.000239877 3.87977)
(-0.00851936 -0.0012621 3.88002)
(-0.00840463 -0.0023403 3.88033)
(-0.00798613 -0.00323533 3.88041)
(-0.00750455 -0.00486474 3.88147)
(-0.00654201 -0.0064758 3.88285)
(-0.00621703 0.00530252 3.87433)
(-0.00711511 0.00454782 3.8724)
(-0.00728181 0.00326762 3.87159)
(-0.00757205 0.00208781 3.8708)
(-0.0078141 0.000729228 3.87057)
(-0.00777706 -0.00084116 3.87083)
(-0.00751512 -0.00201838 3.87116)
(-0.00727076 -0.00311872 3.87156)
(-0.00706203 -0.00456814 3.87281)
(-0.00628013 -0.00573055 3.87417)
(-0.00570727 0.00487535 3.86912)
(-0.00642557 0.00422535 3.86733)
(-0.00661669 0.00313765 3.86641)
(-0.00685956 0.00181148 3.86594)
(-0.00711364 0.000651962 3.86567)
(-0.0070832 -0.000436842 3.86565)
(-0.0068104 -0.00159041 3.86595)
(-0.0066476 -0.00300972 3.86665)
(-0.00647163 -0.00420092 3.86767)
(-0.00595197 -0.00507992 3.86888)
(-0.00526696 0.00440228 3.86567)
(-0.00575168 0.00368094 3.86422)
(-0.00604621 0.00280188 3.86341)
(-0.00622981 0.00152745 3.86311)
(-0.00626843 0.000461242 3.86289)
(-0.00625765 -0.000375152 3.86272)
(-0.00618148 -0.00142359 3.86298)
(-0.00610242 -0.00272244 3.86366)
(-0.00584162 -0.00358964 3.86436)
(-0.00558476 -0.00449299 3.86549)
(-0.00487056 0.00397085 3.86335)
(-0.00512816 0.00307753 3.86233)
(-0.00542503 0.0023706 3.86173)
(-0.00558127 0.00142527 3.86132)
(-0.00543355 0.000439234 3.86122)
(-0.00542942 -0.000454444 3.86113)
(-0.00554007 -0.00148858 3.86137)
(-0.00545445 -0.0025268 3.86181)
(-0.00514966 -0.00323738 3.8623)
(-0.00512259 -0.00423967 3.86334)
(-0.00446563 0.00371064 3.86181)
(-0.00450892 0.00276203 3.86117)
(-0.00470428 0.00205077 3.86071)
(-0.00487396 0.00130353 3.86029)
(-0.00474084 0.00038302 3.86018)
(-0.00472538 -0.000613653 3.86031)
(-0.00483917 -0.00150899 3.86046)
(-0.00473637 -0.00220632 3.86062)
(-0.00455851 -0.00290583 3.86104)
(-0.00468659 -0.00396787 3.86194)
(-0.0040685 0.00345094 3.86086)
(-0.00394615 0.00254195 3.86041)
(-0.00402392 0.00177732 3.86005)
(-0.00415839 0.00108782 3.85969)
(-0.00413455 0.000286278 3.85958)
(-0.0041024 -0.000612895 3.85972)
(-0.00406044 -0.00140431 3.85985)
(-0.00396828 -0.00203541 3.85996)
(-0.0039893 -0.00276076 3.86029)
(-0.0042648 -0.0037111 3.861)
(-0.00362478 0.00167871 2.89261)
(-0.00485152 0.00167615 2.9524)
(-0.00561466 0.00138635 2.99519)
(-0.00622532 0.000789494 3.02704)
(-0.00641994 0.000265952 3.04319)
(-0.00643589 -0.000421682 3.04172)
(-0.00584773 -0.00191455 3.02883)
(-0.0047936 -0.00328179 2.99614)
(-0.00386059 -0.00366037 2.94705)
(-0.0026054 -0.00317088 2.88677)
(-0.00501744 0.00456705 3.79013)
(-0.00642401 0.00376427 3.82508)
(-0.00726256 0.00253203 3.84695)
(-0.00779441 0.00140658 3.85945)
(-0.00782926 0.000401663 3.86488)
(-0.00809016 -0.000467403 3.86492)
(-0.00786993 -0.00204354 3.85909)
(-0.00706998 -0.00337643 3.84723)
(-0.00636788 -0.00376515 3.82638)
(-0.00542101 -0.0041564 3.79063)
(-0.00610068 0.00622141 3.89614)
(-0.00768211 0.00498787 3.90204)
(-0.00836605 0.00324413 3.90558)
(-0.0087809 0.00181735 3.90657)
(-0.00873555 0.000243951 3.90705)
(-0.00892792 -0.00107319 3.90753)
(-0.0089649 -0.00200341 3.90673)
(-0.00847466 -0.00268157 3.90524)
(-0.00775438 -0.00393094 3.90244)
(-0.00657146 -0.00584909 3.89699)
(-0.00632127 0.00546591 3.89445)
(-0.00739202 0.00473117 3.89368)
(-0.00769764 0.00350506 3.89364)
(-0.00800916 0.00231237 3.89298)
(-0.00810855 0.000797507 3.89294)
(-0.00812018 -0.00084927 3.8933)
(-0.00800565 -0.00190577 3.89336)
(-0.00769868 -0.00286824 3.89341)
(-0.00725577 -0.00456497 3.89418)
(-0.00628952 -0.0061551 3.8948)
(-0.00596566 0.00486195 3.88738)
(-0.00670359 0.00431108 3.88573)
(-0.00694765 0.00347404 3.88493)
(-0.00725831 0.00237155 3.88425)
(-0.00756317 0.00103869 3.88404)
(-0.00753359 -0.000529516 3.88428)
(-0.00724253 -0.00173948 3.88456)
(-0.00704968 -0.00297533 3.88503)
(-0.00681892 -0.00444113 3.88617)
(-0.00605521 -0.00543373 3.88734)
(-0.00551511 0.00451211 3.88231)
(-0.00603604 0.00373138 3.88078)
(-0.00638871 0.00290165 3.8798)
(-0.00669354 0.00163335 3.87939)
(-0.0069115 0.000540823 3.87912)
(-0.00688593 -0.000390145 3.87898)
(-0.00663699 -0.00150626 3.87929)
(-0.00649459 -0.00299026 3.88008)
(-0.00625468 -0.00404812 3.881)
(-0.00575188 -0.00464243 3.88214)
(-0.0051429 0.00420497 3.87878)
(-0.00546418 0.00314257 3.87756)
(-0.00587412 0.00231299 3.87671)
(-0.00611188 0.00119075 3.87631)
(-0.00605285 0.000228933 3.87609)
(-0.0060371 -0.000515013 3.87587)
(-0.00603176 -0.00152407 3.87616)
(-0.00596092 -0.00271827 3.87685)
(-0.00561934 -0.00336481 3.87748)
(-0.00533526 -0.00403323 3.87866)
(-0.00481691 0.00392638 3.87634)
(-0.00494904 0.00276097 3.87546)
(-0.00523602 0.00200367 3.87478)
(-0.00543687 0.00117646 3.87422)
(-0.00524981 0.000210805 3.87416)
(-0.00522742 -0.000695559 3.87407)
(-0.00536329 -0.00167756 3.87433)
(-0.00524537 -0.0025251 3.87474)
(-0.00489586 -0.00309737 3.87524)
(-0.00477312 -0.00394522 3.87641)
(-0.00447886 0.00367179 3.8747)
(-0.00444467 0.00259177 3.87404)
(-0.00450152 0.00184478 3.87351)
(-0.00469287 0.00125188 3.87297)
(-0.00459572 0.000439326 3.87285)
(-0.00458946 -0.000524972 3.87298)
(-0.00469129 -0.00139962 3.87314)
(-0.00453397 -0.00204879 3.8733)
(-0.00435819 -0.00279331 3.87384)
(-0.00429787 -0.00374326 3.87481)
(-0.00411202 0.0033365 3.87367)
(-0.00389988 0.00243673 3.87307)
(-0.00376243 0.00172782 3.87265)
(-0.00390777 0.00119367 3.87224)
(-0.0039692 0.000510482 3.87213)
(-0.00398892 -0.000301459 3.87227)
(-0.00399352 -0.00104583 3.87236)
(-0.00389947 -0.00174358 3.87247)
(-0.00389842 -0.00257312 3.87293)
(-0.00390427 -0.00339292 3.87368)
(-0.00274225 0.000335396 2.84938)
(-0.00382454 0.000449343 2.90201)
(-0.0045369 -0.000110399 2.94312)
(-0.00502709 -0.000661941 2.97266)
(-0.00508514 -0.000878575 2.988)
(-0.00483026 -0.00119587 2.98857)
(-0.00416741 -0.00181897 2.97771)
(-0.0035145 -0.00194273 2.94513)
(-0.00301338 -0.00223555 2.89461)
(-0.00145601 -0.00248465 2.84075)
(-0.00441094 0.00357325 3.75393)
(-0.00572277 0.00302756 3.79577)
(-0.00662904 0.00179221 3.82272)
(-0.00714417 0.000518956 3.83838)
(-0.00704114 -0.000310663 3.84546)
(-0.00702412 -0.00102419 3.84521)
(-0.00654094 -0.00219853 3.83747)
(-0.00586131 -0.00328477 3.82192)
(-0.00547177 -0.00383644 3.79717)
(-0.00439451 -0.00403284 3.75466)
(-0.00551754 0.00575763 3.89554)
(-0.0069817 0.00475479 3.90552)
(-0.00784357 0.00345587 3.9114)
(-0.00823448 0.00219653 3.91342)
(-0.00823979 0.000698397 3.91443)
(-0.00829964 -0.000665767 3.91474)
(-0.00812134 -0.00143368 3.91291)
(-0.00781902 -0.00242298 3.91065)
(-0.00732296 -0.00362284 3.90634)
(-0.00632771 -0.00496917 3.89644)
(-0.0059093 0.00521491 3.90427)
(-0.00670415 0.00453061 3.90489)
(-0.00721097 0.00381796 3.90521)
(-0.00754527 0.00280798 3.90484)
(-0.00777644 0.0014406 3.90483)
(-0.0077082 -0.00012237 3.90513)
(-0.00744238 -0.00121301 3.90488)
(-0.00734615 -0.00250309 3.90509)
(-0.00697117 -0.00403881 3.90525)
(-0.00621788 -0.00538349 3.90478)
(-0.00572216 0.00460415 3.8992)
(-0.00612942 0.00378441 3.89825)
(-0.00656379 0.0032973 3.8974)
(-0.00691223 0.00237358 3.89692)
(-0.00722769 0.00126616 3.89669)
(-0.00719208 -1.70313e-05 3.89675)
(-0.00689028 -0.00135028 3.89694)
(-0.0067488 -0.00294238 3.89763)
(-0.00636801 -0.00423941 3.89842)
(-0.00582001 -0.00500165 3.8994)
(-0.0053136 0.00448396 3.89456)
(-0.00558338 0.00322575 3.89352)
(-0.00606921 0.00239877 3.89255)
(-0.00639762 0.00133325 3.89211)
(-0.00653249 0.000398428 3.89182)
(-0.00652921 -0.00041312 3.89162)
(-0.00640797 -0.00154093 3.89192)
(-0.00627475 -0.00291223 3.89269)
(-0.00586663 -0.00372923 3.89343)
(-0.00547225 -0.00424 3.89463)
(-0.00501611 0.00426129 3.89115)
(-0.00518969 0.00284678 3.89022)
(-0.00557731 0.0018546 3.88936)
(-0.00580184 0.000879474 3.88883)
(-0.0057273 -3.89431e-05 3.88857)
(-0.0057243 -0.000863039 3.88845)
(-0.00576355 -0.00182757 3.88873)
(-0.00563779 -0.0026893 3.88928)
(-0.00524912 -0.0031756 3.88991)
(-0.00496361 -0.00380103 3.89119)
(-0.00471133 0.0040517 3.88871)
(-0.00482238 0.00274029 3.88787)
(-0.0049614 0.00180127 3.88714)
(-0.00513184 0.00102894 3.88655)
(-0.00503865 8.11296e-05 3.88643)
(-0.00501103 -0.000845987 3.88642)
(-0.00504517 -0.0016851 3.88663)
(-0.0048758 -0.00230405 3.88696)
(-0.00461639 -0.00295636 3.8876)
(-0.0043662 -0.00377324 3.88882)
(-0.00436745 0.00380187 3.88704)
(-0.00441138 0.00277575 3.88621)
(-0.00426988 0.00190563 3.88562)
(-0.00440284 0.00133373 3.88511)
(-0.00441554 0.000626764 3.88497)
(-0.00440942 -0.00020507 3.88501)
(-0.00441626 -0.0010356 3.88514)
(-0.00425841 -0.00181679 3.8854)
(-0.00417205 -0.00275232 3.88608)
(-0.00388042 -0.00353932 3.88706)
(-0.00398706 0.00334744 3.88592)
(-0.00388698 0.00265435 3.88507)
(-0.00355977 0.00194108 3.88459)
(-0.00362246 0.00140456 3.88425)
(-0.00373039 0.000794079 3.88414)
(-0.00379833 8.91481e-05 3.88416)
(-0.00385722 -0.000634793 3.88423)
(-0.0038157 -0.0014261 3.88444)
(-0.00381014 -0.00228716 3.88502)
(-0.00353838 -0.00295047 3.88576)
(-0.00160241 -0.000180934 2.81842)
(-0.00254458 -8.15407e-05 2.86552)
(-0.00334156 -0.000851186 2.90297)
(-0.00373966 -0.00131982 2.92896)
(-0.00379745 -0.00143226 2.94195)
(-0.0034049 -0.0015987 2.94469)
(-0.00285418 -0.00131271 2.93497)
(-0.00269589 -0.000202866 2.90415)
(-0.00262126 -0.000351685 2.85479)
(-0.000873312 -0.00155626 2.80816)
(-0.0039136 0.00249022 3.71584)
(-0.00493633 0.00232342 3.76341)
(-0.00593672 0.00126134 3.79455)
(-0.00640401 -5.16983e-05 3.813)
(-0.00634116 -0.000781912 3.82172)
(-0.00600993 -0.00146602 3.82146)
(-0.00536 -0.00192309 3.81209)
(-0.00493339 -0.0025213 3.79294)
(-0.00480149 -0.00357632 3.76449)
(-0.00358497 -0.00390701 3.7165)
(-0.00520804 0.00477567 3.89094)
(-0.00622034 0.00413072 3.90552)
(-0.0072074 0.00361224 3.91362)
(-0.0076009 0.00260153 3.91717)
(-0.00780942 0.00132317 3.91887)
(-0.00768663 -8.9282e-05 3.91889)
(-0.00721999 -0.000957331 3.91609)
(-0.00704991 -0.00257401 3.91289)
(-0.00673109 -0.00385012 3.90667)
(-0.0060358 -0.00420412 3.89164)
(-0.00548538 0.00495776 3.91216)
(-0.00596715 0.0039246 3.91462)
(-0.00669117 0.00365811 3.91527)
(-0.00704537 0.00292678 3.91545)
(-0.00744493 0.00186947 3.9155)
(-0.00736829 0.000581245 3.91551)
(-0.00699227 -0.000774811 3.91503)
(-0.00693745 -0.00255945 3.91542)
(-0.00659314 -0.00353949 3.91465)
(-0.00622718 -0.00425234 3.91273)
(-0.00535184 0.00468543 3.9098)
(-0.0055284 0.00331511 3.90978)
(-0.00617969 0.00274124 3.90903)
(-0.00655937 0.00182008 3.90877)
(-0.00680932 0.000935067 3.90851)
(-0.00680258 0.000136744 3.90828)
(-0.00664719 -0.00114695 3.9084)
(-0.00645361 -0.0027622 3.90924)
(-0.00587653 -0.00364021 3.90952)
(-0.00562674 -0.0043766 3.91028)
(-0.00507478 0.00457988 3.90596)
(-0.00522589 0.00291892 3.90539)
(-0.00577191 0.00190608 3.90453)
(-0.0060353 0.00101671 3.90399)
(-0.00607303 0.000147748 3.90368)
(-0.00607715 -0.000701208 3.90354)
(-0.006107 -0.00177723 3.90379)
(-0.00590813 -0.00272712 3.9044)
(-0.00536825 -0.00331624 3.90498)
(-0.00512828 -0.0041191 3.90631)
(-0.00479067 0.00440273 3.90284)
(-0.00496706 0.00286241 3.90203)
(-0.00523343 0.0017335 3.90123)
(-0.00536242 0.000979689 3.90055)
(-0.00540496 9.41148e-05 3.90026)
(-0.00541 -0.000928185 3.90032)
(-0.0054104 -0.00182351 3.90055)
(-0.00520395 -0.00237245 3.90091)
(-0.00486917 -0.00305376 3.90167)
(-0.00458794 -0.00392683 3.90306)
(-0.00442355 0.00422375 3.90048)
(-0.00463679 0.00307024 3.8995)
(-0.00465711 0.00192791 3.89873)
(-0.00469206 0.00109241 3.89824)
(-0.00485036 0.000240591 3.89798)
(-0.00483684 -0.000688405 3.89806)
(-0.00467968 -0.00143697 3.89818)
(-0.00451336 -0.00204894 3.89851)
(-0.00441232 -0.00298222 3.89937)
(-0.00403941 -0.00374011 3.90057)
(-0.00405183 0.00374307 3.89879)
(-0.00428303 0.00298446 3.89769)
(-0.0041276 0.00208305 3.89703)
(-0.00406031 0.00129703 3.89669)
(-0.00423184 0.000606044 3.89651)
(-0.00424544 -6.06928e-05 3.8964)
(-0.00409356 -0.00079325 3.89652)
(-0.00403623 -0.00167907 3.89696)
(-0.00405568 -0.00266154 3.89774)
(-0.00358585 -0.00321898 3.89866)
(-0.00366879 0.00324109 3.89755)
(-0.00376561 0.00271652 3.89646)
(-0.00354489 0.00205431 3.89593)
(-0.00343797 0.00135028 3.89572)
(-0.00352132 0.000702164 3.89561)
(-0.00357521 0.000120779 3.89545)
(-0.0036206 -0.000565063 3.89554)
(-0.00367204 -0.0014461 3.89592)
(-0.00365056 -0.00225015 3.89653)
(-0.0032395 -0.00272034 3.89729)
(-0.000243821 8.13805e-05 2.79739)
(-0.000887394 0.000346132 2.841)
(-0.00176328 -3.60515e-05 2.873)
(-0.00222813 -0.000191507 2.89502)
(-0.00249449 -0.000336761 2.90535)
(-0.00230925 -0.000600457 2.90896)
(-0.00212669 0.000201351 2.89893)
(-0.00241405 0.00165564 2.8711)
(-0.00230117 0.0011404 2.82676)
(-0.000379594 -0.000799556 2.78735)
(-0.00335204 0.00156532 3.6771)
(-0.00391757 0.0018163 3.72938)
(-0.00494057 0.00127324 3.7637)
(-0.00544036 0.000291111 3.78442)
(-0.00563595 -0.000431281 3.79456)
(-0.00521858 -0.00134295 3.79455)
(-0.00457319 -0.00131129 3.78407)
(-0.0045058 -0.00152201 3.76207)
(-0.00435833 -0.00296738 3.72968)
(-0.00304179 -0.00336429 3.67752)
(-0.00492557 0.0036973 3.8824)
(-0.00540535 0.00322126 3.90203)
(-0.00637737 0.00338756 3.9123)
(-0.00691662 0.00273444 3.91787)
(-0.00740877 0.00174828 3.92043)
(-0.00721501 0.000493638 3.92017)
(-0.0066258 -0.000687294 3.91673)
(-0.00646136 -0.00288879 3.91228)
(-0.00617767 -0.0040381 3.90324)
(-0.00570788 -0.00346997 3.88268)
(-0.00493946 0.00482551 3.91821)
(-0.00521907 0.00331518 3.92263)
(-0.0061014 0.0030043 3.92386)
(-0.00662877 0.00234283 3.9248)
(-0.00709065 0.00155186 3.92503)
(-0.0070597 0.000694486 3.92469)
(-0.00680042 -0.000780051 3.92411)
(-0.00667579 -0.00271418 3.92435)
(-0.00623541 -0.00311814 3.92248)
(-0.0061003 -0.00330373 3.91872)
(-0.00484939 0.00482121 3.91935)
(-0.00508302 0.00295181 3.92013)
(-0.00581932 0.00195539 3.91976)
(-0.00623245 0.00105349 3.91971)
(-0.00636028 0.000332123 3.91948)
(-0.00640158 -0.000170388 3.9191)
(-0.00644992 -0.00135918 3.91918)
(-0.00618224 -0.00262658 3.91987)
(-0.00551548 -0.00306347 3.91965)
(-0.005339 -0.00392057 3.91999)
(-0.00470629 0.00458025 3.91663)
(-0.00495892 0.00290744 3.91626)
(-0.00539155 0.00171855 3.91563)
(-0.00563215 0.000998824 3.915)
(-0.00565167 0.000104648 3.91471)
(-0.00569248 -0.000899534 3.91474)
(-0.00580862 -0.00184149 3.91495)
(-0.00556612 -0.00230799 3.91528)
(-0.00507735 -0.00290927 3.91581)
(-0.00480728 -0.00407167 3.91712)
(-0.00436247 0.00433909 3.91392)
(-0.00470169 0.00314995 3.91298)
(-0.00480367 0.00192846 3.91225)
(-0.00492967 0.00124927 3.91153)
(-0.00516058 0.000375012 3.91121)
(-0.00518156 -0.000797595 3.91144)
(-0.00506295 -0.00162903 3.91161)
(-0.00484177 -0.00209985 3.91188)
(-0.00464249 -0.00308868 3.91284)
(-0.00427938 -0.00408445 3.9142)
(-0.00393396 0.00394938 3.91169)
(-0.00435648 0.00325706 3.91043)
(-0.00430789 0.00212681 3.90964)
(-0.00431265 0.00119806 3.90929)
(-0.00468934 0.000429347 3.90889)
(-0.00469049 -0.000398308 3.90901)
(-0.00439527 -0.00103413 3.90909)
(-0.00433269 -0.00175324 3.90951)
(-0.00436401 -0.0028828 3.91054)
(-0.00387837 -0.0035844 3.91165)
(-0.00351099 0.00341296 3.90994)
(-0.00396669 0.00294378 3.90861)
(-0.00395336 0.00206216 3.9079)
(-0.0038225 0.00107403 3.90772)
(-0.00406195 0.000369167 3.90749)
(-0.00404819 -0.000161742 3.90728)
(-0.00382162 -0.000825699 3.90745)
(-0.00391249 -0.0017804 3.90803)
(-0.00397331 -0.00264502 3.9088)
(-0.00349796 -0.0030712 3.9097)
(-0.00316969 0.00292929 3.90856)
(-0.0035104 0.00251984 3.90739)
(-0.00354299 0.00185671 3.90679)
(-0.00335901 0.00099453 3.90668)
(-0.00336454 0.000328044 3.90653)
(-0.00336207 -0.000190837 3.90628)
(-0.003346 -0.000847104 3.90645)
(-0.00347496 -0.00164167 3.90696)
(-0.00346357 -0.00223524 3.90752)
(-0.00316091 -0.00261559 3.90834)
(0.00116544 0.00091608 2.78316)
(0.000813639 0.00148978 2.82444)
(-6.11661e-05 0.00186354 2.85054)
(-0.000715176 0.00203229 2.86901)
(-0.00125139 0.00190567 2.87793)
(-0.00150621 0.00158242 2.88068)
(-0.00182743 0.00232159 2.86956)
(-0.00226076 0.00310688 2.84623)
(-0.00179664 0.00192282 2.80935)
(0.000125318 -0.000377595 2.77529)
(-0.00275156 0.000993417 3.63882)
(-0.00285955 0.00154972 3.69484)
(-0.00364335 0.00190562 3.73142)
(-0.00423071 0.00167486 3.75418)
(-0.00477568 0.000959494 3.76533)
(-0.00460864 -0.000191134 3.76572)
(-0.00425655 -0.000147365 3.75429)
(-0.00440246 -0.00035999 3.73072)
(-0.00406414 -0.00201869 3.69432)
(-0.00280604 -0.00245913 3.63906)
(-0.00449359 0.00306866 3.86999)
(-0.00459665 0.00249576 3.89497)
(-0.00540801 0.00284422 3.90784)
(-0.00613066 0.00253466 3.91575)
(-0.00690815 0.00182245 3.91928)
(-0.00683838 0.000793686 3.91886)
(-0.00635421 -0.000661599 3.91509)
(-0.00610159 -0.0030476 3.90891)
(-0.0056982 -0.00401982 3.89613)
(-0.00532851 -0.00291384 3.87006)
(-0.00441082 0.00481296 3.92243)
(-0.00474218 0.00288314 3.92876)
(-0.00561207 0.00191551 3.93106)
(-0.00625653 0.0010316 3.93287)
(-0.00666724 0.000389587 3.93342)
(-0.00671132 1.93561e-05 3.9329)
(-0.00668659 -0.00131528 3.93231)
(-0.00645558 -0.00298032 3.93193)
(-0.0059103 -0.00294563 3.9289)
(-0.00574904 -0.00288399 3.92288)
(-0.00436449 0.00483425 3.92796)
(-0.00488557 0.00296639 3.92922)
(-0.00552937 0.00139211 3.92951)
(-0.00591358 0.000339483 3.92967)
(-0.00591952 -0.000474316 3.92961)
(-0.00596394 -0.00105255 3.92932)
(-0.00615059 -0.00202963 3.92939)
(-0.00586432 -0.00263674 3.92958)
(-0.00525945 -0.00272506 3.92899)
(-0.00504786 -0.00371702 3.92859)
(-0.00427411 0.004309 3.92664)
(-0.00483302 0.00320872 3.92614)
(-0.00507327 0.00189731 3.92582)
(-0.00526096 0.00115628 3.92523)
(-0.00533815 0.00020416 3.92504)
(-0.00539079 -0.000981041 3.92526)
(-0.005457 -0.00181975 3.92546)
(-0.0052039 -0.00202392 3.92554)
(-0.00484946 -0.00271324 3.92608)
(-0.00457236 -0.00413208 3.92707)
(-0.00389356 0.00384632 3.9244)
(-0.00446642 0.00337014 3.92318)
(-0.00448424 0.00237021 3.92251)
(-0.00460378 0.00160934 3.92188)
(-0.00496115 0.000715888 3.9216)
(-0.0049844 -0.00039014 3.92187)
(-0.00480943 -0.0011434 3.92205)
(-0.00460746 -0.0017993 3.92238)
(-0.00448672 -0.00306174 3.92346)
(-0.00416141 -0.0042183 3.92462)
(-0.00345041 0.00331912 3.92228)
(-0.00398481 0.00308219 3.92082)
(-0.00407227 0.00224279 3.92003)
(-0.00408492 0.00131003 3.91972)
(-0.00446923 0.000654284 3.91929)
(-0.00448198 -3.84436e-05 3.91937)
(-0.00427212 -0.000708943 3.91955)
(-0.00427217 -0.00163238 3.92012)
(-0.0042955 -0.00275978 3.92117)
(-0.00394677 -0.0035131 3.92215)
(-0.00301543 0.00282969 3.92046)
(-0.00348393 0.00255304 3.91911)
(-0.00377868 0.00188628 3.91836)
(-0.00367876 0.000829075 3.9182)
(-0.00383053 8.23357e-05 3.91795)
(-0.00382078 -0.000456246 3.91777)
(-0.0037099 -0.00109103 3.91803)
(-0.00383485 -0.00191355 3.91866)
(-0.00384278 -0.00249257 3.91932)
(-0.0036573 -0.00295626 3.92027)
(-0.0026898 0.00252757 3.919)
(-0.00306801 0.00207726 3.91794)
(-0.00348249 0.00148545 3.91726)
(-0.00334795 0.000561993 3.9171)
(-0.00324523 -0.000201442 3.91692)
(-0.00318053 -0.00080072 3.91675)
(-0.00313724 -0.00142414 3.91701)
(-0.00321687 -0.00200543 3.91755)
(-0.00318952 -0.00238624 3.91802)
(-0.00328648 -0.00286198 3.91898)
(0.0018994 0.00146572 2.77258)
(0.00177598 0.00215024 2.81197)
(0.00115666 0.00324855 2.83381)
(0.000379751 0.00366526 2.84959)
(-0.000330384 0.00354871 2.85844)
(-0.000871119 0.00320136 2.85981)
(-0.00141689 0.00350137 2.84813)
(-0.0016434 0.00325268 2.83029)
(-0.000924207 0.00181638 2.80093)
(0.000677428 -0.000230833 2.76931)
(-0.00205234 0.00110412 3.60203)
(-0.00201224 0.00154604 3.66037)
(-0.00240528 0.00256101 3.69876)
(-0.00309844 0.00302018 3.72351)
(-0.00387912 0.00250529 3.73555)
(-0.00405732 0.00152778 3.73592)
(-0.00413361 0.00120665 3.72365)
(-0.00419193 0.000594536 3.69958)
(-0.00366895 -0.000920394 3.65961)
(-0.00263214 -0.00150398 3.60235)
(-0.00401322 0.00307055 3.85401)
(-0.00407884 0.00221697 3.8844)
(-0.00462947 0.0021406 3.90079)
(-0.00546134 0.00189436 3.91115)
(-0.00622358 0.00136256 3.91565)
(-0.00635684 0.000583446 3.91521)
(-0.00621843 -0.00102001 3.91109)
(-0.00569635 -0.00306934 3.90266)
(-0.00505201 -0.00398412 3.88563)
(-0.00459659 -0.00297565 3.8546)
(-0.00407494 0.00491815 3.92472)
(-0.00468524 0.00292054 3.93298)
(-0.00532617 0.00108844 3.93702)
(-0.00592406 -8.23392e-05 3.93964)
(-0.00617226 -0.000840499 3.94062)
(-0.00628942 -0.00127494 3.94021)
(-0.00647348 -0.00241211 3.93957)
(-0.00601137 -0.00340264 3.93804)
(-0.00546156 -0.00328188 3.93391)
(-0.0050734 -0.00298865 3.92531)
(-0.00409264 0.00471077 3.93572)
(-0.00494471 0.00342195 3.93721)
(-0.00535797 0.00139586 3.93832)
(-0.00564639 -2.46924e-06 3.93876)
(-0.00558828 -0.00102429 3.93891)
(-0.00559541 -0.00173749 3.93886)
(-0.00582112 -0.00232621 3.93889)
(-0.00552095 -0.002309 3.93841)
(-0.00519605 -0.00239771 3.93763)
(-0.00474319 -0.00335766 3.93609)
(-0.00403973 0.00381325 3.93597)
(-0.0048106 0.00354152 3.93529)
(-0.00492385 0.00245167 3.93523)
(-0.00505192 0.00149945 3.93488)
(-0.00512709 0.000422033 3.9348)
(-0.00512452 -0.000778628 3.9351)
(-0.00510838 -0.00152347 3.93531)
(-0.00484554 -0.00185165 3.93528)
(-0.00468443 -0.00280716 3.93585)
(-0.00424426 -0.00412534 3.93616)
(-0.00365875 0.00320809 3.93423)
(-0.00427723 0.00326929 3.93287)
(-0.00436814 0.00272541 3.93225)
(-0.00450384 0.00195363 3.93179)
(-0.00473868 0.00110463 3.93159)
(-0.00476403 0.000161529 3.93176)
(-0.00462771 -0.000627176 3.93202)
(-0.00448712 -0.00160298 3.93252)
(-0.00444408 -0.00297958 3.93353)
(-0.00402452 -0.00407969 3.93432)
(-0.00323803 0.00263829 3.93225)
(-0.00365769 0.0026052 3.93084)
(-0.00390794 0.002209 3.93007)
(-0.00401165 0.00145537 3.92966)
(-0.00420085 0.000814692 3.92935)
(-0.00424768 0.000124368 3.92936)
(-0.00420836 -0.000683666 3.9297)
(-0.00424249 -0.00178286 3.93038)
(-0.00420561 -0.00268571 3.93127)
(-0.00396428 -0.00332907 3.93212)
(-0.00283763 0.00225485 3.93041)
(-0.00311219 0.00189083 3.92928)
(-0.00355497 0.00140355 3.92852)
(-0.00360463 0.000514645 3.92819)
(-0.00363616 -0.000232181 3.92796)
(-0.00363476 -0.000869023 3.92794)
(-0.00364732 -0.0014861 3.92827)
(-0.00374881 -0.00207767 3.92882)
(-0.00365412 -0.00236452 3.92937)
(-0.00371926 -0.00289816 3.93039)
(-0.00255159 0.00216588 3.92894)
(-0.002729 0.00154355 3.92808)
(-0.00324851 0.000966567 3.92738)
(-0.00327207 0.000159741 3.92706)
(-0.00315229 -0.000569926 3.92685)
(-0.00306257 -0.00120782 3.92689)
(-0.00298051 -0.00178807 3.92719)
(-0.00299299 -0.00221674 3.92762)
(-0.00294838 -0.00252588 3.92808)
(-0.00331461 -0.00309762 3.92916)
(0.00156861 0.00103089 2.76402)
(0.00153103 0.00145573 2.80097)
(0.00134007 0.00272478 2.82116)
(0.000679487 0.0030173 2.83528)
(0.00016071 0.00283725 2.8448)
(-0.000269944 0.0026358 2.84537)
(-0.000545507 0.00249301 2.83477)
(-0.000370003 0.00181597 2.82258)
(3.9549e-05 0.00114143 2.79786)
(0.0010975 -0.000117408 2.7673)
(-0.00133139 0.00173654 3.56748)
(-0.00155789 0.00159858 3.62682)
(-0.00163038 0.00269076 3.66698)
(-0.00233865 0.00352775 3.69349)
(-0.00311877 0.00317735 3.70635)
(-0.00350853 0.00246504 3.70638)
(-0.00376038 0.00159505 3.69322)
(-0.0034227 0.000518189 3.66876)
(-0.00283938 -0.000373142 3.62635)
(-0.00217052 -0.000994186 3.56815)
(-0.00351754 0.00352255 3.83534)
(-0.00397709 0.00238218 3.87063)
(-0.00430407 0.00137259 3.89158)
(-0.005111 0.000841838 3.90436)
(-0.00559587 0.000301999 3.90988)
(-0.0057954 -0.000313713 3.90948)
(-0.00589906 -0.0018235 3.90463)
(-0.00502868 -0.00304219 3.8935)
(-0.00416075 -0.00375943 3.87223)
(-0.00362711 -0.00351815 3.83683)
(-0.00394775 0.00488548 3.9252)
(-0.00496154 0.00347286 3.93552)
(-0.00533291 0.00101322 3.94178)
(-0.00579221 -0.000540437 3.94516)
(-0.00579125 -0.00157926 3.94658)
(-0.0058637 -0.00230351 3.94646)
(-0.00609104 -0.00306027 3.94556)
(-0.00541544 -0.0033979 3.94252)
(-0.00479669 -0.00387925 3.93738)
(-0.00416143 -0.00366453 3.92602)
(-0.00420656 0.00404329 3.94271)
(-0.00528199 0.00366462 3.94451)
(-0.00540035 0.00183273 3.94635)
(-0.00553182 0.000370365 3.94706)
(-0.00545395 -0.000807746 3.94742)
(-0.0053561 -0.0018294 3.94763)
(-0.00539738 -0.00223277 3.94755)
(-0.00513583 -0.00209195 3.94648)
(-0.0049996 -0.00257144 3.9456)
(-0.00421822 -0.00319847 3.94262)
(-0.00406205 0.00317152 3.94461)
(-0.00488461 0.0035269 3.94405)
(-0.00491495 0.00288275 3.94416)
(-0.005008 0.00185563 3.94417)
(-0.00505403 0.000845615 3.94416)
(-0.00499362 -0.000151636 3.94435)
(-0.00486286 -0.000864461 3.94456)
(-0.00467116 -0.00164985 3.94458)
(-0.00458488 -0.00276339 3.94502)
(-0.00393375 -0.00358733 3.94439)
(-0.00371241 0.00257796 3.94345)
(-0.00421987 0.00286101 3.94232)
(-0.00439725 0.00271406 3.94172)
(-0.00455854 0.00192656 3.94146)
(-0.0045616 0.00111188 3.94135)
(-0.00456394 0.000372118 3.94132)
(-0.00451848 -0.000499652 3.94167)
(-0.00443295 -0.00174779 3.9423)
(-0.0042642 -0.00275075 3.94297)
(-0.00381843 -0.00346085 3.9433)
(-0.0033933 0.00208955 3.94167)
(-0.00359636 0.00188136 3.94061)
(-0.00387779 0.00178246 3.93988)
(-0.00408235 0.00127977 3.93931)
(-0.00396677 0.000631511 3.9392)
(-0.00401409 -2.82172e-05 3.93913)
(-0.00416635 -0.000896077 3.93959)
(-0.00413766 -0.00187227 3.94025)
(-0.00389588 -0.00230074 3.94081)
(-0.0037875 -0.00293614 3.94159)
(-0.00302259 0.00213995 3.9399)
(-0.00299473 0.00154483 3.93909)
(-0.00331574 0.00112687 3.93837)
(-0.00357189 0.000584369 3.93778)
(-0.00344975 -0.000114376 3.93762)
(-0.00346613 -0.000861066 3.93778)
(-0.00363686 -0.00152024 3.93811)
(-0.00354917 -0.00196885 3.9385)
(-0.00330113 -0.00222328 3.93902)
(-0.00353987 -0.00300891 3.9401)
(-0.00273855 0.00216032 3.93851)
(-0.00261718 0.00140729 3.9378)
(-0.0028972 0.000790022 3.93713)
(-0.00308726 0.000268208 3.93661)
(-0.00302081 -0.000312371 3.9364)
(-0.00298403 -0.000998361 3.93665)
(-0.00297572 -0.00156138 3.9369)
(-0.0028413 -0.00188333 3.93718)
(-0.00277197 -0.00228155 3.93774)
(-0.0032138 -0.00307076 3.93888)
(0.000515562 -0.000180557 2.7577)
(0.000287555 -0.000490642 2.79179)
(0.000539346 8.08582e-06 2.81254)
(0.000332856 8.77709e-05 2.82564)
(0.000289792 -7.0663e-05 2.83522)
(0.0003535 -6.31389e-08 2.83575)
(0.000659442 -0.000233249 2.8272)
(0.000945308 -0.000191305 2.81746)
(0.000637355 0.000536128 2.79511)
(0.00116444 0.000139965 2.76726)
(-0.000841164 0.00222067 3.53609)
(-0.00160837 0.00152422 3.59495)
(-0.001505 0.00196465 3.63661)
(-0.00207757 0.00258064 3.66456)
(-0.00257684 0.00231891 3.67831)
(-0.00288616 0.0020675 3.67804)
(-0.00299752 0.000990465 3.66393)
(-0.0023678 -0.000135182 3.63897)
(-0.00201216 -0.000252616 3.59556)
(-0.00150464 -0.00090603 3.53711)
(-0.00300501 0.00390788 3.81519)
(-0.00415118 0.00291822 3.85439)
(-0.0043744 0.00101508 3.88031)
(-0.0049754 5.95623e-06 3.89542)
(-0.00507991 -0.000763257 3.90209)
(-0.00511238 -0.00143675 3.90183)
(-0.00516594 -0.0026216 3.89575)
(-0.00413214 -0.00305333 3.88181)
(-0.00328016 -0.00351981 3.85692)
(-0.00272832 -0.00395805 3.81719)
(-0.00417227 0.00415817 3.92406)
(-0.0055361 0.00373657 3.93674)
(-0.00562617 0.00137657 3.9453)
(-0.00579905 -0.000350694 3.94948)
(-0.00557695 -0.00152489 3.95127)
(-0.00541505 -0.00252148 3.95143)
(-0.0054466 -0.0029695 3.95006)
(-0.00477308 -0.00295451 3.94545)
(-0.00416165 -0.00424847 3.93918)
(-0.00325158 -0.00449907 3.9249)
(-0.00449803 0.00314537 3.94884)
(-0.00551894 0.00363991 3.95147)
(-0.00542225 0.00264601 3.95376)
(-0.00539352 0.00146409 3.95474)
(-0.00541805 0.000275783 3.95522)
(-0.00519955 -0.00112166 3.95557)
(-0.00494188 -0.00169475 3.95532)
(-0.00473326 -0.0020733 3.9539)
(-0.00463809 -0.00319338 3.95285)
(-0.00361798 -0.00332865 3.94832)
(-0.004239 0.00260678 3.95259)
(-0.00489897 0.00307739 3.95267)
(-0.00498242 0.00280543 3.95286)
(-0.00498273 0.00176915 3.95324)
(-0.00507792 0.000991931 3.95323)
(-0.00494795 0.000269481 3.95319)
(-0.00467991 -0.000547086 3.95334)
(-0.00454712 -0.00184458 3.95348)
(-0.00438339 -0.00279084 3.9535)
(-0.00361339 -0.00289534 3.95201)
(-0.00400291 0.00227006 3.95208)
(-0.00427276 0.00216317 3.95159)
(-0.00456049 0.00216079 3.95108)
(-0.00459412 0.00132909 3.95101)
(-0.00442168 0.000619976 3.95094)
(-0.00438427 0.00018266 3.95071)
(-0.00442422 -0.000655797 3.95107)
(-0.00435937 -0.00185058 3.95167)
(-0.00399091 -0.002247 3.95183)
(-0.00356655 -0.00257435 3.95176)
(-0.00373281 0.00233284 3.9506)
(-0.00368101 0.00161386 3.95008)
(-0.00396732 0.00146389 3.94945)
(-0.00409948 0.00103841 3.94885)
(-0.00375697 0.000338806 3.94884)
(-0.00377016 -0.000340192 3.94874)
(-0.00402429 -0.00121107 3.94919)
(-0.00385859 -0.00189685 3.94969)
(-0.00341126 -0.00204743 3.94996)
(-0.00336346 -0.00275107 3.95069)
(-0.00347869 0.00248437 3.94906)
(-0.00319085 0.0015967 3.94853)
(-0.00326098 0.00119566 3.94788)
(-0.00347583 0.00094204 3.94714)
(-0.00327753 0.000317007 3.947)
(-0.0033275 -0.000533526 3.94728)
(-0.00352059 -0.00123163 3.94753)
(-0.00324017 -0.00156779 3.94778)
(-0.00294689 -0.00199515 3.94838)
(-0.00310983 -0.00292748 3.94944)
(-0.0031685 0.00250917 3.94782)
(-0.00275511 0.00170848 3.94713)
(-0.00263193 0.00115383 3.94653)
(-0.0028354 0.000851624 3.94588)
(-0.0028821 0.000322285 3.9457)
(-0.00292282 -0.000374876 3.94605)
(-0.00294589 -0.000910773 3.94617)
(-0.00275058 -0.0013887 3.94637)
(-0.00264311 -0.00212928 3.94711)
(-0.00283987 -0.00299008 3.94821)
(-0.000707102 -0.00161598 2.75394)
(-0.000893579 -0.00258875 2.78626)
(-0.000377717 -0.00291773 2.80719)
(-7.73476e-05 -0.00273569 2.81918)
(0.000300578 -0.00275668 2.82795)
(0.000855015 -0.00213824 2.8296)
(0.00138935 -0.00185827 2.82236)
(0.00120566 -0.000797548 2.81019)
(0.000475575 0.000566552 2.79011)
(0.00084947 0.000509743 2.76675)
(-0.000549182 0.00228206 3.50825)
(-0.00176841 0.00126906 3.56556)
(-0.00196949 0.000296018 3.60839)
(-0.00231185 5.11593e-05 3.63722)
(-0.00230067 -0.00019017 3.65152)
(-0.00211155 9.04509e-05 3.65097)
(-0.00198332 -0.000597396 3.63652)
(-0.00152901 -0.00102327 3.61082)
(-0.00158897 -0.000288975 3.56794)
(-0.00108321 -0.000782984 3.50965)
(-0.00267122 0.00376833 3.79469)
(-0.00438626 0.00317597 3.83689)
(-0.00477075 0.000899925 3.86703)
(-0.00499622 -0.00056203 3.88437)
(-0.00468069 -0.00151739 3.8922)
(-0.00431651 -0.002291 3.89216)
(-0.00414871 -0.00314713 3.88479)
(-0.00325699 -0.0031491 3.86805)
(-0.00260103 -0.00346937 3.84054)
(-0.00195405 -0.00407104 3.79633)
(-0.00456302 0.00303847 3.92136)
(-0.0058738 0.00353035 3.93694)
(-0.00591976 0.00212172 3.94745)
(-0.00572733 0.000709246 3.95249)
(-0.00543644 -0.000399126 3.95461)
(-0.00507069 -0.00188269 3.95492)
(-0.00472664 -0.00248845 3.95305)
(-0.00425927 -0.0026398 3.94708)
(-0.00370426 -0.00438696 3.93937)
(-0.00258 -0.0048567 3.92185)
(-0.00478404 0.002381 3.95406)
(-0.00543417 0.00310031 3.95823)
(-0.00537496 0.00318233 3.9607)
(-0.00521409 0.00245223 3.96196)
(-0.00535965 0.00153225 3.9625)
(-0.00517511 0.00020785 3.96272)
(-0.00470624 -0.000661924 3.96226)
(-0.00459289 -0.00194112 3.9608)
(-0.00434754 -0.00348708 3.95922)
(-0.00327084 -0.00325917 3.9533)
(-0.00440528 0.00252829 3.95996)
(-0.00470461 0.00235052 3.96121)
(-0.00493382 0.00233316 3.96148)
(-0.00492304 0.00145788 3.96206)
(-0.00497509 0.000827961 3.96206)
(-0.00484934 0.000376925 3.96177)
(-0.00462928 -0.000489319 3.96175)
(-0.00459613 -0.00199858 3.96193)
(-0.00421995 -0.002588 3.96131)
(-0.00345637 -0.00225819 3.95928)
(-0.00418109 0.00273734 3.96029)
(-0.00424022 0.00182141 3.96066)
(-0.00456135 0.00145776 3.96034)
(-0.00456276 0.000723962 3.96035)
(-0.00427958 7.39602e-05 3.96027)
(-0.00419996 -0.000409264 3.95996)
(-0.00426968 -0.00122566 3.96021)
(-0.0042092 -0.00201584 3.96059)
(-0.00370911 -0.00187259 3.96027)
(-0.00333626 -0.00195705 3.95997)
(-0.00398824 0.00299631 3.95929)
(-0.00390753 0.00180715 3.95924)
(-0.00400934 0.00122318 3.95875)
(-0.00404853 0.000704109 3.95828)
(-0.00368616 -5.74188e-05 3.95825)
(-0.00363535 -0.000776806 3.95816)
(-0.00374199 -0.00151522 3.95843)
(-0.00347975 -0.00188514 3.95875)
(-0.00299139 -0.00197766 3.95885)
(-0.00288885 -0.00261758 3.95954)
(-0.00379454 0.00311179 3.95809)
(-0.00358441 0.00210327 3.95765)
(-0.00329994 0.00151825 3.95708)
(-0.00338272 0.00132428 3.95638)
(-0.0032339 0.000737274 3.95622)
(-0.00324558 -7.88731e-05 3.95646)
(-0.00328155 -0.000757756 3.95656)
(-0.00295623 -0.00123909 3.9568)
(-0.0026574 -0.00201075 3.95755)
(-0.00252325 -0.00289035 3.95849)
(-0.00350094 0.00302595 3.95702)
(-0.00312794 0.00235953 3.95618)
(-0.00256855 0.00174599 3.95567)
(-0.00265521 0.00149793 3.95504)
(-0.00278577 0.00105782 3.95487)
(-0.00285585 0.000433228 3.95509)
(-0.00285906 -0.000119324 3.95512)
(-0.00274254 -0.000786391 3.95537)
(-0.00260978 -0.00171816 3.95626)
(-0.00232808 -0.00248607 3.95722)
(-0.00119902 -0.00227774 2.75262)
(-0.00110799 -0.00332906 2.78537)
(-0.000836353 -0.00426049 2.80334)
(-0.000268685 -0.00409773 2.81395)
(0.000313351 -0.00402263 2.8211)
(0.000995442 -0.0027695 2.82278)
(0.00122925 -0.00147588 2.81621)
(0.000490882 0.000387379 2.80062)
(-0.000190621 0.00122939 2.78467)
(0.000288266 0.00101832 2.76536)
(-0.000432314 0.00180321 3.48375)
(-0.00176766 0.000941043 3.53937)
(-0.0025967 -0.00124092 3.5827)
(-0.0026629 -0.00231045 3.6115)
(-0.00222322 -0.00268522 3.6259)
(-0.00154322 -0.00229998 3.62535)
(-0.00110834 -0.00241422 3.61118)
(-0.000988508 -0.00167058 3.58398)
(-0.00147656 -0.00032916 3.54313)
(-0.000923936 -0.000440946 3.48586)
(-0.00258838 0.0028819 3.77457)
(-0.00444388 0.00280838 3.81923)
(-0.0053127 0.000697164 3.85215)
(-0.00516275 -0.00109998 3.87148)
(-0.0045099 -0.00207821 3.88042)
(-0.00373652 -0.00278384 3.8805)
(-0.00320573 -0.00308329 3.87212)
(-0.00269625 -0.00270032 3.85262)
(-0.00248389 -0.00287473 3.82335)
(-0.00170259 -0.00336963 3.7752)
(-0.0047041 0.00203281 3.91694)
(-0.00569856 0.00295807 3.93629)
(-0.0059964 0.00304388 3.94809)
(-0.00558898 0.00229635 3.95416)
(-0.00532912 0.00137685 3.95671)
(-0.00491685 -0.000326435 3.95698)
(-0.00422749 -0.00142117 3.95462)
(-0.00393917 -0.00237942 3.94772)
(-0.0034869 -0.00427975 3.93804)
(-0.00233411 -0.00479934 3.91687)
(-0.00482204 0.0020373 3.95843)
(-0.00502812 0.00223755 3.96463)
(-0.00519092 0.00318258 3.96724)
(-0.00506044 0.00307376 3.96876)
(-0.00528393 0.00242898 3.96935)
(-0.00525564 0.0012257 3.96936)
(-0.00470059 -0.000103446 3.96868)
(-0.00452973 -0.00214485 3.96731)
(-0.00408016 -0.00363188 3.96464)
(-0.00318825 -0.00330309 3.95767)
(-0.0042831 0.00300131 3.96692)
(-0.00436692 0.0018577 3.96945)
(-0.00475068 0.001621 3.96997)
(-0.00480732 0.00106754 3.97044)
(-0.00488683 0.000555015 3.97054)
(-0.0048601 0.00013114 3.97017)
(-0.00467772 -0.000716328 3.96992)
(-0.00463602 -0.00204099 3.96996)
(-0.00409362 -0.00221056 3.96865)
(-0.00354854 -0.00185659 3.96637)
(-0.00410574 0.00347188 3.96831)
(-0.00418511 0.00190731 3.9694)
(-0.00444781 0.000993545 3.96936)
(-0.00443005 0.000251943 3.96934)
(-0.00430147 -0.000442551 3.96923)
(-0.00418682 -0.00106125 3.96901)
(-0.00412692 -0.00174635 3.96905)
(-0.00400495 -0.00211442 3.96911)
(-0.00343055 -0.00177652 3.96853)
(-0.00318531 -0.00190936 3.96819)
(-0.0039689 0.00378591 3.96791)
(-0.00405628 0.00240303 3.96809)
(-0.00403713 0.00135 3.96773)
(-0.00397756 0.000549988 3.9675)
(-0.00382537 -0.000284083 3.96736)
(-0.00366951 -0.000997514 3.9673)
(-0.0035054 -0.00157334 3.96735)
(-0.00319268 -0.00174973 3.96749)
(-0.00274978 -0.0019789 3.96764)
(-0.00256465 -0.00269034 3.96824)
(-0.00376788 0.00382403 3.9671)
(-0.00382853 0.00294528 3.96655)
(-0.00349123 0.00216827 3.96602)
(-0.00342536 0.00171237 3.96557)
(-0.00335982 0.00109892 3.96536)
(-0.00326878 0.000400198 3.96538)
(-0.00310066 -0.000262086 3.9654)
(-0.00279821 -0.000963617 3.96574)
(-0.00256235 -0.00202882 3.9666)
(-0.00216398 -0.00285371 3.96735)
(-0.00349035 0.00337312 3.96618)
(-0.00341257 0.00288628 3.96518)
(-0.00284233 0.00232507 3.96466)
(-0.00275418 0.00200863 3.96417)
(-0.0028353 0.00158071 3.96399)
(-0.00285003 0.00102968 3.96395)
(-0.00281313 0.000433127 3.96398)
(-0.00276015 -0.000369848 3.96438)
(-0.00263873 -0.00132145 3.96533)
(-0.00203318 -0.00198607 3.9661)
(-0.000715712 -0.00188255 2.75216)
(4.41868e-05 -0.0019002 2.78735)
(-0.000144212 -0.0026472 2.80077)
(0.000115542 -0.00251471 2.80919)
(0.000391244 -0.00238181 2.81438)
(0.00056613 -0.00150678 2.81296)
(0.000448532 -0.000365907 2.80592)
(-0.00019471 0.00154557 2.79056)
(-0.000463504 0.0017026 2.78188)
(-0.000307433 0.0015649 2.76399)
(-0.000128698 0.00122858 3.4622)
(-0.00128214 0.000788598 3.5169)
(-0.00278841 -0.00188804 3.55925)
(-0.00280218 -0.00347296 3.58733)
(-0.00225078 -0.00395331 3.60148)
(-0.00162395 -0.00360772 3.60158)
(-0.00100691 -0.00289628 3.58782)
(-0.00105286 -0.00120265 3.55842)
(-0.00134498 -0.000307275 3.52006)
(-0.000673482 -0.000156962 3.46567)
(-0.00250859 0.00163863 3.75502)
(-0.00412622 0.00196412 3.80225)
(-0.00551951 0.000433356 3.83624)
(-0.00518798 -0.00128242 3.85705)
(-0.00449648 -0.00219267 3.86694)
(-0.00369377 -0.00280193 3.86722)
(-0.0028007 -0.00246647 3.85799)
(-0.00273782 -0.0018967 3.83611)
(-0.00277888 -0.00202234 3.8052)
(-0.00179444 -0.00196918 3.75462)
(-0.00449983 0.00120894 3.91079)
(-0.00515881 0.00204196 3.93462)
(-0.0058361 0.0032492 3.9474)
(-0.00545342 0.00314336 3.95468)
(-0.00529345 0.00249299 3.95784)
(-0.00503845 0.00121234 3.95793)
(-0.00425305 -0.000110816 3.95496)
(-0.00408414 -0.00210526 3.94748)
(-0.00361764 -0.003604 3.93511)
(-0.00257035 -0.00372714 3.90997)
(-0.0044376 0.0020362 3.96199)
(-0.00437279 0.00162167 3.97034)
(-0.00485645 0.00285198 3.97337)
(-0.00492538 0.00317851 3.97518)
(-0.00512163 0.00268813 3.97597)
(-0.00531531 0.0016904 3.97581)
(-0.00497986 6.2551e-05 3.97488)
(-0.00477167 -0.00214232 3.97344)
(-0.00411705 -0.00298449 3.96925)
(-0.00341475 -0.00301424 3.96131)
(-0.00381665 0.00353389 3.97364)
(-0.00388907 0.00173113 3.9772)
(-0.00439922 0.00124523 3.97812)
(-0.00463988 0.00105445 3.97836)
(-0.00482677 0.000377805 3.97863)
(-0.00491475 -0.000439739 3.97847)
(-0.00479936 -0.00134688 3.97803)
(-0.00459916 -0.00211462 3.97767)
(-0.00400585 -0.00191308 3.97581)
(-0.00371825 -0.00209709 3.97343)
(-0.0036459 0.00418088 3.97628)
(-0.00388964 0.00230225 3.97774)
(-0.00413075 0.000929735 3.97799)
(-0.00426188 0.000226883 3.97792)
(-0.00447509 -0.000462285 3.97781)
(-0.00439899 -0.00125941 3.97781)
(-0.0041543 -0.00185383 3.97764)
(-0.00384661 -0.00188369 3.97738)
(-0.00337507 -0.00189029 3.9768)
(-0.00318621 -0.00264492 3.97649)
(-0.00344759 0.00449545 3.97655)
(-0.00383608 0.00324086 3.97669)
(-0.00387578 0.00181156 3.97644)
(-0.00385563 0.000744651 3.97645)
(-0.00409003 -9.17195e-05 3.97618)
(-0.00394186 -0.000804599 3.97619)
(-0.00351571 -0.00123115 3.97604)
(-0.00317313 -0.00150221 3.97611)
(-0.0029396 -0.00231122 3.9765)
(-0.00260779 -0.00314579 3.9769)
(-0.00331837 0.00392325 3.97612)
(-0.00378874 0.00323098 3.97539)
(-0.00366703 0.00231844 3.97489)
(-0.00347668 0.00149642 3.97475)
(-0.00359101 0.00090861 3.97448)
(-0.00345625 0.000433331 3.97425)
(-0.00308205 -0.000115921 3.97428)
(-0.00293428 -0.000919361 3.97476)
(-0.00291922 -0.00204962 3.97561)
(-0.00225568 -0.00268374 3.97612)
(-0.00310895 0.00331065 3.97533)
(-0.00341906 0.0029452 3.97424)
(-0.00319447 0.00247084 3.97365)
(-0.00296937 0.00187664 3.97337)
(-0.00297834 0.0013226 3.97317)
(-0.00292044 0.000857996 3.97286)
(-0.00279001 0.000266941 3.97298)
(-0.00282102 -0.000605924 3.97358)
(-0.00285506 -0.00142464 3.97442)
(-0.00213937 -0.00180413 3.97503)
(-0.000295723 -0.00137162 2.74938)
(0.0014146 0.000208313 2.78762)
(0.00109902 0.000574475 2.79875)
(0.000684461 0.000547683 2.80435)
(0.000496226 0.000662648 2.8081)
(4.59755e-05 0.00034167 2.80328)
(-7.97821e-05 -0.000120082 2.79437)
(-0.000135199 0.000929931 2.78197)
(0.000173712 0.00110936 2.78137)
(-0.000647915 0.00191183 2.76149)
(0.000138384 0.000882635 3.4432)
(-0.000560822 0.000729737 3.49821)
(-0.00242038 -0.00144388 3.53767)
(-0.00261657 -0.00292635 3.56458)
(-0.00218295 -0.00336854 3.57816)
(-0.00199261 -0.0032466 3.57892)
(-0.00146927 -0.00201796 3.56528)
(-0.00147265 -9.78051e-05 3.53478)
(-0.00108055 -0.000127916 3.49864)
(-0.000480634 0.000366889 3.44813)
(-0.00240128 0.000739633 3.73577)
(-0.00335414 0.0011702 3.78592)
(-0.00493484 0.000685768 3.81976)
(-0.0047847 -0.000239622 3.84152)
(-0.00443922 -0.00101011 3.85212)
(-0.00403814 -0.0015377 3.85249)
(-0.00319032 -0.000848053 3.84237)
(-0.00336671 -0.000626931 3.81897)
(-0.00316082 -0.00110696 3.78644)
(-0.0019977 -0.000336683 3.73521)
(-0.00404113 0.000910067 3.90288)
(-0.004224 0.00141137 3.93149)
(-0.00518922 0.00284133 3.94575)
(-0.00522602 0.00307968 3.95439)
(-0.00532115 0.00257537 3.95835)
(-0.00535149 0.00188679 3.95817)
(-0.00477374 0.000601823 3.95434)
(-0.0046295 -0.00176153 3.94617)
(-0.00405098 -0.0022195 3.93035)
(-0.00311067 -0.00181817 3.90135)
(-0.00388102 0.00226686 3.96466)
(-0.003752 0.00129724 3.97512)
(-0.00449837 0.00199303 3.97909)
(-0.00490263 0.00223295 3.98139)
(-0.0050097 0.00171831 3.98252)
(-0.00529961 0.00114789 3.98229)
(-0.00535972 -0.000259267 3.98105)
(-0.005066 -0.00193366 3.97913)
(-0.00419677 -0.0019837 3.97326)
(-0.00366115 -0.00268683 3.96387)
(-0.00321317 0.00407971 3.98014)
(-0.00340862 0.00208636 3.98433)
(-0.00402463 0.00128286 3.98579)
(-0.00449807 0.00124311 3.98599)
(-0.00472631 0.000414977 3.98642)
(-0.00488731 -0.000772644 3.98662)
(-0.00490603 -0.00170244 3.9861)
(-0.0045772 -0.00186699 3.98513)
(-0.00397108 -0.00175128 3.98294)
(-0.00376602 -0.00300387 3.9803)
(-0.00290305 0.00471289 3.98427)
(-0.0033779 0.0031817 3.98571)
(-0.00367742 0.00166782 3.98622)
(-0.00406754 0.00101275 3.98614)
(-0.00459558 0.000211834 3.98608)
(-0.00462605 -0.000904362 3.98635)
(-0.00425566 -0.00149584 3.98605)
(-0.00385927 -0.00150927 3.98556)
(-0.00357749 -0.00219631 3.98519)
(-0.00339717 -0.00358641 3.98468)
(-0.00274891 0.00428735 3.98527)
(-0.00342141 0.00351015 3.9852)
(-0.00356447 0.00218775 3.98504)
(-0.00372076 0.00112942 3.98513)
(-0.00432624 0.000390328 3.98481)
(-0.00426595 -0.000308256 3.98489)
(-0.0036945 -0.000719042 3.98468)
(-0.00347193 -0.0013421 3.98479)
(-0.00343198 -0.00267585 3.98535)
(-0.00297955 -0.00361013 3.98542)
(-0.00256394 0.00346338 3.98512)
(-0.00332359 0.00302049 3.9843)
(-0.00353093 0.00213474 3.98381)
(-0.00346877 0.00106511 3.98386)
(-0.00381568 0.000454489 3.98358)
(-0.00368569 0.000135991 3.98319)
(-0.003269 -0.000371438 3.98332)
(-0.00332557 -0.00131986 3.9839)
(-0.00339632 -0.0022155 3.98456)
(-0.00278774 -0.00259964 3.98482)
(-0.00242288 0.00279084 3.98444)
(-0.00306686 0.00244132 3.98343)
(-0.00331388 0.00188649 3.98276)
(-0.00315048 0.00104812 3.98264)
(-0.00316179 0.000491715 3.98241)
(-0.00305813 0.000109708 3.98195)
(-0.00290974 -0.000481328 3.98224)
(-0.00299695 -0.00119545 3.98292)
(-0.00303474 -0.00162787 3.98349)
(-0.00258112 -0.00185636 3.98399)
(-0.000581534 -0.00138702 2.74276)
(0.0017788 0.00110809 2.78347)
(0.00202656 0.00321541 2.7955)
(0.00113079 0.00323722 2.79929)
(0.000583401 0.00324419 2.80332)
(-7.47353e-05 0.00181993 2.79866)
(-0.000113504 -0.00034403 2.78695)
(0.000431853 -0.000978326 2.77514)
(0.00120756 -0.000545676 2.77934)
(-0.000666002 0.00184448 2.75654)
(0.000111623 0.000881672 3.42606)
(9.63329e-05 0.0008627 3.48093)
(-0.00129944 0.000233849 3.5174)
(-0.00179818 -0.000239854 3.54328)
(-0.00189648 -0.000394823 3.55614)
(-0.00224332 -0.000859056 3.55673)
(-0.00215561 -0.000323159 3.54305)
(-0.00192777 0.000626205 3.51406)
(-0.000765791 5.78292e-05 3.47935)
(-0.000622581 0.0011466 3.43204)
(-0.00210967 0.000804914 3.71659)
(-0.00221625 0.00122104 3.76934)
(-0.00347347 0.00154622 3.80324)
(-0.00383043 0.00150017 3.82569)
(-0.00419187 0.00110912 3.83666)
(-0.00452963 0.000752002 3.83672)
(-0.00425585 0.00124123 3.8255)
(-0.00434101 0.000797946 3.80165)
(-0.00333775 -0.000164764 3.76753)
(-0.00215542 0.000748594 3.71717)
(-0.00363447 0.00107187 3.89311)
(-0.00340636 0.00108131 3.92643)
(-0.00429263 0.00173189 3.94336)
(-0.00484845 0.00180224 3.95347)
(-0.00520726 0.00126082 3.95827)
(-0.00554716 0.00125734 3.95783)
(-0.00555702 0.000554426 3.9528)
(-0.00549361 -0.00115109 3.94339)
(-0.00460802 -0.000695499 3.92387)
(-0.00361963 -0.000258418 3.89125)
(-0.00358788 0.00260875 3.96624)
(-0.00353023 0.00124742 3.97871)
(-0.00429782 0.000682815 3.98432)
(-0.00488793 0.000358883 3.98736)
(-0.00487145 -0.000305164 3.98889)
(-0.00506996 -0.000665243 3.98871)
(-0.00548839 -0.00153423 3.98715)
(-0.00518341 -0.00197755 3.98427)
(-0.00433592 -0.00118177 3.97676)
(-0.00393362 -0.00236181 3.96504)
(-0.00278929 0.004588 3.98627)
(-0.00315359 0.00310269 3.99081)
(-0.00377437 0.00187421 3.99289)
(-0.00431702 0.00146887 3.9935)
(-0.00456707 0.00047852 3.99405)
(-0.00475502 -0.000905817 3.99448)
(-0.00484102 -0.00172775 3.99399)
(-0.00445103 -0.00140193 3.9924)
(-0.00403531 -0.00169063 3.99005)
(-0.00378574 -0.00385486 3.98662)
(-0.00255861 0.00441708 3.99215)
(-0.00309166 0.00368801 3.99343)
(-0.00343078 0.00260148 3.99411)
(-0.00389595 0.00189732 3.99418)
(-0.00451175 0.000984673 3.99424)
(-0.00463883 -0.00014029 3.99462)
(-0.00432536 -0.000763072 3.99431)
(-0.00393654 -0.00127122 3.99375)
(-0.00383771 -0.00276749 3.9936)
(-0.00352915 -0.00444087 3.99251)
(-0.00235065 0.00354049 3.99384)
(-0.00290869 0.00326636 3.99366)
(-0.00326401 0.0025059 3.99363)
(-0.00359028 0.00167659 3.9936)
(-0.00423848 0.00103746 3.99336)
(-0.00428318 0.000353798 3.99345)
(-0.00394824 -0.000232937 3.99337)
(-0.00391106 -0.00123982 3.99351)
(-0.00398246 -0.00265829 3.99408)
(-0.00349641 -0.00359537 3.99366)
(-0.00203975 0.00278353 3.99389)
(-0.00260494 0.00251184 3.99323)
(-0.00321055 0.00184121 3.99278)
(-0.00337611 0.000745909 3.99278)
(-0.00373587 0.000144493 3.99254)
(-0.00370035 -0.00021451 3.9922)
(-0.00352793 -0.000802064 3.99251)
(-0.00370395 -0.00169063 3.99302)
(-0.00379081 -0.00222198 3.99335)
(-0.00343249 -0.00256323 3.99343)
(-0.00184432 0.00212231 3.99334)
(-0.00239386 0.00159953 3.99264)
(-0.00313826 0.00113752 3.99191)
(-0.00314692 0.000299306 3.9918)
(-0.00313634 -0.000289752 3.99155)
(-0.0030984 -0.000729758 3.99119)
(-0.00306746 -0.00133639 3.99163)
(-0.0031147 -0.00184378 3.99219)
(-0.00313857 -0.00193961 3.99247)
(-0.00317941 -0.00219644 3.99295)
(-0.00130474 -0.0017614 2.7338)
(0.000907856 0.000444467 2.77319)
(0.00202363 0.00388405 2.78903)
(0.00109455 0.00389801 2.79455)
(0.000601673 0.00347789 2.80092)
(0.000305889 0.00203303 2.80067)
(0.000236093 -0.000309395 2.7863)
(0.000897335 -0.0028786 2.77025)
(0.00217077 -0.00280639 2.77315)
(0.000127591 0.000744915 2.74871)
(-0.000100013 0.00118891 3.41085)
(0.000445998 0.00121583 3.46367)
(2.58072e-05 0.00239326 3.49871)
(-0.000818954 0.0030508 3.52365)
(-0.00137729 0.00315459 3.53574)
(-0.00199208 0.00227421 3.53541)
(-0.00251557 0.0012766 3.52194)
(-0.00219401 8.47935e-05 3.49685)
(-0.000450408 -0.000198831 3.46184)
(-0.000981288 0.00178189 3.41643)
(-0.00167557 0.00163836 3.69777)
(-0.0013173 0.001662 3.75194)
(-0.00188228 0.0022996 3.78708)
(-0.00280887 0.0030557 3.81004)
(-0.00372046 0.00300204 3.82108)
(-0.00460628 0.00249526 3.82064)
(-0.00517686 0.00215763 3.80834)
(-0.00513182 0.00137995 3.78487)
(-0.00327619 0.000550205 3.74912)
(-0.00211614 0.000815077 3.69986)
(-0.00349789 0.00155195 3.88143)
(-0.00319477 0.000981134 3.91898)
(-0.00362182 0.00018008 3.93999)
(-0.00452387 -0.000151201 3.95172)
(-0.00500956 -0.000701199 3.95719)
(-0.00538445 -0.000399799 3.95664)
(-0.00600936 -0.000330657 3.95023)
(-0.0060803 -0.00070596 3.93889)
(-0.00495872 9.63942e-05 3.91615)
(-0.0038798 4.70735e-05 3.87983)
(-0.00371697 0.00295262 3.96631)
(-0.00370791 0.00189125 3.98094)
(-0.00416255 0.000119739 3.98882)
(-0.00478184 -0.00101443 3.99288)
(-0.00480423 -0.00191509 3.9948)
(-0.0046919 -0.00231926 3.99471)
(-0.00522308 -0.00268068 3.99283)
(-0.00513402 -0.00198512 3.9886)
(-0.00461793 -0.000823896 3.9797)
(-0.00426496 -0.00225609 3.96486)
(-0.00291345 0.00461003 3.99173)
(-0.00329685 0.00388291 3.99679)
(-0.00379097 0.0024948 3.99958)
(-0.00430593 0.00141058 4.00101)
(-0.004473 0.000294095 4.00174)
(-0.00448205 -0.000865695 4.00196)
(-0.00461442 -0.00165344 4.00161)
(-0.00423717 -0.0014269 3.99958)
(-0.00404109 -0.00223826 3.99708)
(-0.00371658 -0.00459421 3.99212)
(-0.00284677 0.00359519 3.99962)
(-0.00314489 0.00354545 4.00098)
(-0.00347892 0.00306252 4.00189)
(-0.00395653 0.00236337 4.00224)
(-0.004229 0.00150255 4.00244)
(-0.00437504 0.000574335 4.0027)
(-0.00437684 -0.000206127 4.00251)
(-0.0040724 -0.00120312 4.00201)
(-0.0041162 -0.00312589 4.00182)
(-0.00363911 -0.00481977 3.99978)
(-0.0025663 0.00263982 4.00204)
(-0.00272349 0.00254493 4.0021)
(-0.00316399 0.00229847 4.00226)
(-0.00354137 0.0018402 4.00201)
(-0.00382351 0.00139039 4.00188)
(-0.00398971 0.000736079 4.002)
(-0.00414447 -1.34876e-05 4.00209)
(-0.00425506 -0.00128697 4.00218)
(-0.00437754 -0.00262266 4.00259)
(-0.00393389 -0.00341239 4.00159)
(-0.00215534 0.00218218 4.00232)
(-0.00224332 0.00175857 4.00213)
(-0.00287558 0.00137284 4.00176)
(-0.00310742 0.000674209 4.00147)
(-0.00333507 0.000120366 4.00127)
(-0.00348693 -0.000497687 4.00126)
(-0.00370061 -0.00125524 4.00168)
(-0.00393249 -0.00198801 4.00196)
(-0.00400083 -0.00215918 4.00198)
(-0.00392526 -0.00252037 4.00188)
(-0.00188928 0.00182275 4.00198)
(-0.00196231 0.00116713 4.00167)
(-0.00269362 0.000658024 4.00096)
(-0.00286586 -0.00017918 4.00072)
(-0.00288285 -0.000870785 4.00051)
(-0.00297602 -0.00140763 4.00049)
(-0.00314313 -0.00195602 4.00092)
(-0.00318197 -0.002336 4.0012)
(-0.00318498 -0.00241861 4.00129)
(-0.00361063 -0.00280715 4.00178)
(-0.00153423 -0.00175433 2.72687)
(-0.000791804 -0.00112873 2.75763)
(0.000772473 0.00173381 2.78005)
(0.000461367 0.00145144 2.79131)
(0.000498194 0.000625186 2.80044)
(0.000844381 0.000417655 2.80438)
(0.000613046 -0.000298945 2.79006)
(0.00127133 -0.00416981 2.76828)
(0.00300634 -0.00493878 2.76302)
(0.00150528 -0.00113933 2.73939)
(-0.000327439 0.00144813 3.39755)
(-7.35737e-05 0.00138085 3.44753)
(0.000594946 0.00355752 3.48172)
(-0.000122668 0.0049002 3.50581)
(-0.000808278 0.00506785 3.51751)
(-0.00134297 0.00407261 3.51686)
(-0.00228453 0.00183954 3.50359)
(-0.00203266 -0.000993113 3.48232)
(-0.000274362 -0.00064901 3.4462)
(-0.000955605 0.00131703 3.4009)
(-0.00135996 0.00256762 3.67978)
(-0.00116294 0.00225265 3.73382)
(-0.000791395 0.00306144 3.77107)
(-0.00190486 0.00429215 3.79464)
(-0.00309198 0.00436832 3.80578)
(-0.0041709 0.0034876 3.80509)
(-0.00538836 0.00177237 3.79205)
(-0.00501141 0.000513843 3.76932)
(-0.00281012 0.000420278 3.73198)
(-0.00189925 -0.000148438 3.68261)
(-0.00342158 0.00244093 3.86784)
(-0.00331362 0.00165685 3.90913)
(-0.00313227 -0.000154471 3.93504)
(-0.00412413 -0.000950162 3.94872)
(-0.00474901 -0.00159769 3.95463)
(-0.00507846 -0.00179503 3.95422)
(-0.00604739 -0.00160787 3.94677)
(-0.00604869 -0.000512882 3.93291)
(-0.00483859 0.000116931 3.9076)
(-0.00365846 -0.00125701 3.86753)
(-0.00408426 0.00334661 3.96441)
(-0.00418771 0.00268731 3.98197)
(-0.00423148 0.00021629 3.99248)
(-0.00471293 -0.00166391 3.99774)
(-0.00488101 -0.00273775 4.00002)
(-0.00456725 -0.00327974 3.99995)
(-0.00483901 -0.00313064 3.99772)
(-0.00490124 -0.00172665 3.99206)
(-0.00482715 -0.0012897 3.98208)
(-0.00432862 -0.0029696 3.96363)
(-0.00359231 0.00417564 3.99634)
(-0.00391885 0.00398253 4.00255)
(-0.00424271 0.00252029 4.00621)
(-0.00457182 0.000625597 4.00853)
(-0.00448077 -0.000482532 4.00946)
(-0.00426059 -0.00100261 4.00923)
(-0.00429743 -0.00156214 4.00881)
(-0.00405571 -0.00190561 4.00675)
(-0.0041388 -0.00329575 4.00386)
(-0.00367615 -0.00491347 3.99676)
(-0.00357402 0.00295638 4.00649)
(-0.00363707 0.00316709 4.00857)
(-0.00398631 0.00304936 4.00979)
(-0.00427239 0.00225668 4.01044)
(-0.00395217 0.00139751 4.01081)
(-0.00396273 0.000676826 4.01077)
(-0.00426864 -0.000258911 4.0107)
(-0.00416638 -0.00163659 4.01034)
(-0.004317 -0.0033399 4.00972)
(-0.003776 -0.00424249 4.00647)
(-0.00339108 0.00177388 4.00988)
(-0.00316683 0.00164055 4.01058)
(-0.0034916 0.0018401 4.01086)
(-0.0037309 0.00175905 4.01048)
(-0.00342681 0.00137797 4.0105)
(-0.00357078 0.000734931 4.01061)
(-0.00412736 -0.000163904 4.01084)
(-0.00433447 -0.0014332 4.01086)
(-0.00443709 -0.00243871 4.01082)
(-0.0040036 -0.00290771 4.00931)
(-0.00290453 0.00178403 4.01055)
(-0.00249033 0.00125134 4.01089)
(-0.00281434 0.00106219 4.01062)
(-0.00303887 0.000815592 4.01003)
(-0.00297482 0.000249782 4.00992)
(-0.00319295 -0.000679023 4.0103)
(-0.00366897 -0.00157299 4.01066)
(-0.00384545 -0.00211646 4.01069)
(-0.00387599 -0.00204547 4.01048)
(-0.00398593 -0.00231161 4.0102)
(-0.00250506 0.00184022 4.01042)
(-0.00205671 0.00113732 4.01042)
(-0.002409 0.000574252 4.00986)
(-0.0026488 -7.87881e-05 4.00941)
(-0.00268743 -0.000767218 4.00928)
(-0.00282948 -0.00142802 4.00963)
(-0.00307242 -0.00191235 4.00995)
(-0.00305112 -0.00211814 4.00989)
(-0.00305737 -0.00233928 4.00995)
(-0.00357505 -0.00289412 4.01043)
(-0.000931319 -0.000993148 2.72497)
(-0.00220172 -0.0026649 2.74385)
(-0.000864075 -0.0018471 2.77169)
(-0.000279559 -0.0021461 2.78998)
(0.000291025 -0.00294494 2.8002)
(0.00101629 -0.00162876 2.80447)
(0.000677845 -0.000154375 2.79371)
(0.00132052 -0.00383106 2.77046)
(0.00308006 -0.00549464 2.7524)
(0.00239222 -0.00250449 2.72901)
(-0.000266889 0.00177591 3.38584)
(-0.000847463 0.00138637 3.43232)
(0.000417429 0.00329252 3.46638)
(5.37794e-05 0.00447926 3.49022)
(-0.00050726 0.00441229 3.50207)
(-0.000726545 0.00374208 3.50209)
(-0.00165085 0.00149177 3.48898)
(-0.00151911 -0.00175144 3.46896)
(-0.000298424 -0.0010553 3.43219)
(-0.000583844 0.000225065 3.38683)
(-0.00110828 0.00321217 3.66301)
(-0.00148425 0.00279776 3.71567)
(-0.000519087 0.0034606 3.7551)
(-0.00143707 0.00449582 3.77969)
(-0.00254406 0.00450222 3.79116)
(-0.00332129 0.00329018 3.79093)
(-0.00460902 0.00054336 3.77792)
(-0.00404253 -0.000992584 3.75494)
(-0.00227232 -0.000152744 3.71619)
(-0.00168238 -0.00122394 3.66596)
(-0.00314139 0.00337631 3.85305)
(-0.00345191 0.00274616 3.89748)
(-0.00292592 0.000852875 3.92784)
(-0.00367731 -0.000220941 3.94395)
(-0.00440574 -0.000838465 3.95042)
(-0.00471 -0.00194785 3.95043)
(-0.00546699 -0.00244993 3.94269)
(-0.00529467 -0.000821917 3.92608)
(-0.00417848 -0.000720866 3.89843)
(-0.00299324 -0.00326499 3.85479)
(-0.00432166 0.00366941 3.96077)
(-0.00457717 0.00324383 3.9821)
(-0.00441047 0.000938966 3.99512)
(-0.00463399 -0.00126666 4.00166)
(-0.004967 -0.00246143 4.0043)
(-0.00475488 -0.00328313 4.00429)
(-0.00445319 -0.00300468 4.00167)
(-0.00450632 -0.00190483 3.99482)
(-0.0045346 -0.00295956 3.98377)
(-0.00374343 -0.00453671 3.96134)
(-0.0044369 0.0033404 4.00021)
(-0.00462261 0.00336279 4.00829)
(-0.00479752 0.00199835 4.01295)
(-0.00482212 -0.000147898 4.01585)
(-0.00464545 -0.001132 4.0169)
(-0.00431998 -0.00122444 4.01641)
(-0.00405516 -0.0015618 4.01561)
(-0.00412505 -0.00268345 4.0138)
(-0.00425015 -0.00421616 4.01008)
(-0.00365546 -0.00443342 4.00058)
(-0.00443578 0.00216238 4.01289)
(-0.00443768 0.00219908 4.01627)
(-0.00467299 0.00202527 4.01787)
(-0.00457916 0.00106684 4.01882)
(-0.00393828 0.000306167 4.01934)
(-0.00373362 1.35771e-05 4.01894)
(-0.00410512 -0.000925184 4.01889)
(-0.00434374 -0.00262635 4.01867)
(-0.004146 -0.00348955 4.01722)
(-0.00366063 -0.0032299 4.01276)
(-0.00436538 0.00114819 4.01743)
(-0.00396021 0.000898207 4.01894)
(-0.00400458 0.00118692 4.0193)
(-0.00396385 0.00113967 4.01914)
(-0.00326602 0.000659199 4.01934)
(-0.00328311 6.60584e-07 4.01927)
(-0.00399459 -0.00106801 4.01961)
(-0.00424243 -0.00200979 4.01954)
(-0.003904 -0.00198615 4.01879)
(-0.0037479 -0.00216211 4.01688)
(-0.00386201 0.0015699 4.01867)
(-0.00318908 0.000987631 4.01941)
(-0.00307434 0.000834827 4.01931)
(-0.00318872 0.000810885 4.01869)
(-0.00281287 0.000187278 4.01871)
(-0.00297956 -0.00082308 4.0192)
(-0.00355807 -0.00164298 4.01941)
(-0.00353729 -0.00191141 4.01923)
(-0.0032118 -0.00182468 4.01889)
(-0.00352353 -0.00236599 4.01849)
(-0.00336382 0.00212551 4.01873)
(-0.00260697 0.00144482 4.01889)
(-0.00241352 0.000846996 4.01859)
(-0.00261202 0.000528075 4.018)
(-0.00256764 -0.000121171 4.01796)
(-0.00270594 -0.000971194 4.0185)
(-0.00292962 -0.0014752 4.01866)
(-0.00281451 -0.00161132 4.01846)
(-0.00266626 -0.00197082 4.01859)
(-0.0031823 -0.0028244 4.01894)
(0.000342358 0.000274996 2.72828)
(-0.00220722 -0.00277477 2.73952)
(-0.00191168 -0.00454267 2.76702)
(-0.000780807 -0.00486723 2.78958)
(7.72954e-05 -0.00505726 2.79794)
(0.000638447 -0.00263674 2.79755)
(0.000360382 0.000182358 2.79289)
(0.000784035 -0.00157147 2.77502)
(0.00176046 -0.00344309 2.74592)
(0.0021426 -0.00268421 2.71873)
(-0.000146221 0.00140485 3.37551)
(-0.00159896 0.00065125 3.41826)
(-0.000642552 0.00118817 3.45291)
(-0.00054672 0.00130212 3.47701)
(-0.000589359 0.000655845 3.48934)
(-0.000312066 0.000822341 3.49038)
(-0.000736299 0.000228071 3.47803)
(-0.000733687 -0.00187848 3.45613)
(-0.000435741 -0.00140213 3.41957)
(-0.00022491 -0.00107903 3.37565)
(-0.000770596 0.00311673 3.64801)
(-0.00219753 0.00256563 3.69834)
(-0.00152846 0.0023879 3.73933)
(-0.00185463 0.00258664 3.76525)
(-0.00226167 0.00234226 3.77756)
(-0.002219 0.00104827 3.77835)
(-0.00276896 -0.00152178 3.76616)
(-0.00230273 -0.00257795 3.74145)
(-0.00165668 -0.00131581 3.70143)
(-0.00130794 -0.00238577 3.65076)
(-0.00257614 0.00355493 3.83866)
(-0.00360372 0.00369187 3.8849)
(-0.0031676 0.00273732 3.91837)
(-0.00346209 0.00173819 3.93715)
(-0.00400935 0.00108997 3.94484)
(-0.00423806 -0.00074301 3.94542)
(-0.00428946 -0.00230921 3.93804)
(-0.00371801 -0.00165494 3.91897)
(-0.00304118 -0.00252671 3.88846)
(-0.0020147 -0.00510751 3.84155)
(-0.00410499 0.00291161 3.95633)
(-0.00458379 0.00339352 3.98152)
(-0.00440093 0.00250417 3.99664)
(-0.00453032 0.000864056 4.00438)
(-0.00490694 -0.000361011 4.00748)
(-0.00495447 -0.00158835 4.00766)
(-0.00430356 -0.00181722 4.00465)
(-0.004074 -0.00207903 3.99694)
(-0.00404525 -0.0046089 3.98422)
(-0.00295505 -0.00578221 3.95763)
(-0.00465598 0.00171405 4.00367)
(-0.00493086 0.00178112 4.01403)
(-0.00501475 0.000944065 4.01965)
(-0.00491692 -0.000432954 4.02263)
(-0.00487803 -0.00116937 4.02371)
(-0.00455878 -0.00139858 4.02343)
(-0.00409219 -0.00176567 4.02209)
(-0.00425677 -0.0034407 4.02039)
(-0.00423353 -0.00477831 4.01551)
(-0.00356139 -0.00383549 4.0036)
(-0.00455817 0.00134918 4.01907)
(-0.00482435 0.000936047 4.02392)
(-0.00490639 0.000337714 4.02599)
(-0.00458761 -0.000509474 4.02718)
(-0.00422113 -0.000971851 4.02769)
(-0.00389146 -0.00113791 4.02715)
(-0.00401362 -0.00200901 4.02704)
(-0.00434179 -0.00344647 4.02664)
(-0.00389049 -0.00335285 4.02417)
(-0.00349925 -0.00237502 4.01876)
(-0.00449021 0.0010749 4.02472)
(-0.00443825 0.000631119 4.02706)
(-0.00426076 0.000422386 4.0276)
(-0.00400014 -5.811e-05 4.02796)
(-0.00347086 -0.000664108 4.02824)
(-0.00339383 -0.00119172 4.02791)
(-0.00382522 -0.00213727 4.02823)
(-0.00386364 -0.00268779 4.028)
(-0.00324895 -0.00201043 4.02657)
(-0.00328354 -0.00187075 4.02436)
(-0.00424437 0.00140941 4.02666)
(-0.00389215 0.00074225 4.02765)
(-0.00344693 0.000372685 4.02783)
(-0.00336724 0.000242949 4.02756)
(-0.00292871 -0.000365871 4.02766)
(-0.00299206 -0.00111126 4.02781)
(-0.00334331 -0.00158818 4.02785)
(-0.00313812 -0.00161486 4.02762)
(-0.00263258 -0.00177925 4.02727)
(-0.00287544 -0.00261861 4.02667)
(-0.00383798 0.00226286 4.02699)
(-0.00328913 0.00174351 4.02719)
(-0.00266184 0.00110478 4.0272)
(-0.00266713 0.000860728 4.0267)
(-0.00258204 0.000250593 4.0267)
(-0.00260312 -0.000590714 4.02708)
(-0.00267335 -0.00110122 4.02707)
(-0.00259484 -0.00145871 4.02708)
(-0.00238757 -0.00210439 4.02727)
(-0.00261978 -0.00292763 4.02734)
(0.00106384 0.000791351 2.73274)
(-0.00104637 -0.0017754 2.74582)
(-0.00172433 -0.00480279 2.76773)
(-0.000736097 -0.00485862 2.78817)
(-0.000137781 -0.00414385 2.79136)
(-0.000201406 -0.00213818 2.78403)
(4.1161e-05 -0.000534546 2.787)
(0.000471556 -0.000139698 2.77676)
(0.000361903 -0.00090799 2.74381)
(0.00186066 -0.0027001 2.71298)
(-3.97376e-05 0.000550768 3.36779)
(-0.00193643 -0.000646066 3.40666)
(-0.00191307 -0.0021219 3.44125)
(-0.00147606 -0.0031437 3.46592)
(-0.0009781 -0.00394861 3.479)
(-0.000524632 -0.00290057 3.48087)
(-0.000145911 -0.00135916 3.46901)
(-5.1171e-05 -0.00112282 3.44451)
(-0.000665729 -0.00122142 3.40854)
(0.000196123 -0.00254115 3.36662)
(-0.000284931 0.00252787 3.63578)
(-0.00274127 0.00175291 3.68339)
(-0.00302894 0.000207542 3.72441)
(-0.00280278 -0.000976233 3.75152)
(-0.00230781 -0.00180066 3.76512)
(-0.00148558 -0.0025074 3.7668)
(-0.000902033 -0.00349804 3.75542)
(-0.000441252 -0.00378165 3.72861)
(-0.000965052 -0.00321983 3.68758)
(-0.000604631 -0.00399054 3.63737)
(-0.00179997 0.00293186 3.82605)
(-0.00371687 0.00395279 3.87285)
(-0.00380207 0.00386372 3.90789)
(-0.00371915 0.00302857 3.92892)
(-0.0037997 0.00213814 3.93842)
(-0.0037476 -5.87579e-06 3.93957)
(-0.00296318 -0.00226017 3.93262)
(-0.00197735 -0.00306005 3.91156)
(-0.00198523 -0.00470421 3.87742)
(-0.00112724 -0.00625794 3.82804)
(-0.00356733 0.00130155 3.95184)
(-0.00449011 0.00281991 3.98053)
(-0.0044433 0.00356707 3.99728)
(-0.00454529 0.00301919 4.00607)
(-0.00474529 0.0020905 4.00978)
(-0.00499 0.00076688 4.01017)
(-0.00431691 -0.000170316 4.0068)
(-0.00377789 -0.00212313 3.99836)
(-0.00371017 -0.00557688 3.98305)
(-0.00242872 -0.00607807 3.9522)
(-0.00421528 0.000220648 4.00682)
(-0.00471745 0.000273404 4.01959)
(-0.00474402 0.000390064 4.02589)
(-0.00468077 0.000382124 4.02873)
(-0.00484246 -6.35337e-05 4.02983)
(-0.00475735 -0.000851932 4.03)
(-0.00439218 -0.00164567 4.02822)
(-0.00448945 -0.00379701 4.02623)
(-0.00426325 -0.00488717 4.02002)
(-0.00350926 -0.00320668 4.00578)
(-0.00388515 0.00126993 4.02516)
(-0.00444298 0.000361411 4.03137)
(-0.00448003 -0.000600452 4.03389)
(-0.00430079 -0.00127367 4.0352)
(-0.00450314 -0.00174231 4.03552)
(-0.00429631 -0.00229658 4.03526)
(-0.00407689 -0.00305054 4.03492)
(-0.00431735 -0.00378684 4.034)
(-0.00377497 -0.00287798 4.03061)
(-0.00352361 -0.00164192 4.02448)
(-0.00383013 0.00167839 4.03193)
(-0.00429456 0.000831867 4.03496)
(-0.00408173 -0.000106086 4.03582)
(-0.00391253 -0.000993065 4.03667)
(-0.00400752 -0.00176181 4.03688)
(-0.00385245 -0.00231831 4.03645)
(-0.00362319 -0.00293294 4.03654)
(-0.00346961 -0.00306949 4.03597)
(-0.00281426 -0.00241692 4.03414)
(-0.00288267 -0.00231469 4.03171)
(-0.00381615 0.00170363 4.03464)
(-0.00411457 0.00103616 4.03577)
(-0.00365429 0.000170861 4.03622)
(-0.00353316 -0.000431886 4.03648)
(-0.00341113 -0.000966611 4.03654)
(-0.00328196 -0.00125686 4.03617)
(-0.00313255 -0.00147904 4.03604)
(-0.00291136 -0.00178734 4.03586)
(-0.00234458 -0.00233162 4.03555)
(-0.00236547 -0.00303838 4.03462)
(-0.00359923 0.00194778 4.03539)
(-0.00371122 0.00159866 4.03557)
(-0.00302511 0.00100025 4.03579)
(-0.00286314 0.000732272 4.0356)
(-0.00279987 0.000276728 4.03552)
(-0.0027294 -0.000406262 4.03546)
(-0.00265119 -0.00108091 4.03536)
(-0.00264926 -0.00181126 4.03565)
(-0.00228817 -0.00262083 4.03584)
(-0.00208603 -0.00323838 4.03553)
(0.000503752 -0.000373417 2.73518)
(0.000482555 -0.000409986 2.75561)
(-0.00050515 -0.00238411 2.77131)
(-0.000345254 -0.0024217 2.78502)
(-0.000472793 -0.00176765 2.78141)
(-0.000832492 -0.00165984 2.77058)
(0.000152626 -0.00227649 2.78039)
(0.000664829 -0.000793365 2.7748)
(0.000285754 -0.000504779 2.7445)
(0.00268832 -0.00368702 2.71277)
(-0.000300023 -0.000834992 3.36266)
(-0.00172375 -0.0022939 3.39975)
(-0.00265012 -0.0047741 3.43195)
(-0.00231127 -0.00633936 3.45664)
(-0.00163492 -0.00699932 3.46984)
(-0.000992709 -0.00576309 3.471)
(0.000228033 -0.00325448 3.45979)
(0.000495937 -0.000890708 3.434)
(-0.000676693 -0.00110324 3.39875)
(0.0007727 -0.00358201 3.35876)
(-4.45876e-05 0.00146429 3.62641)
(-0.00255075 0.00035865 3.67219)
(-0.00405516 -0.00218767 3.71147)
(-0.00374751 -0.00429951 3.7389)
(-0.00268529 -0.00542141 3.75355)
(-0.00145455 -0.00532737 3.75531)
(0.000179501 -0.00438172 3.74396)
(0.000631184 -0.00377399 3.71586)
(-0.000566851 -0.00442508 3.67453)
(0.000118475 -0.00494768 3.62551)
(-0.00107913 0.00201783 3.81537)
(-0.00335049 0.00303279 3.8627)
(-0.00448147 0.00307649 3.89806)
(-0.00427276 0.00234038 3.92038)
(-0.00389938 0.00133296 3.93185)
(-0.00350563 -0.000481549 3.93338)
(-0.0019168 -0.00259794 3.92589)
(-0.000752758 -0.00449864 3.9035)
(-0.00129089 -0.00628018 3.86558)
(-0.000486775 -0.00615322 3.81468)
(-0.00300353 1.54159e-05 3.94715)
(-0.00411859 0.00156938 3.97939)
(-0.00453596 0.00344794 3.99733)
(-0.00460659 0.00388599 4.00719)
(-0.00468608 0.00319611 4.0117)
(-0.00494285 0.00194546 4.01225)
(-0.00425474 0.000493988 4.00848)
(-0.00342005 -0.00255609 3.99908)
(-0.00327749 -0.00577048 3.98032)
(-0.00196122 -0.00531738 3.94521)
(-0.0034 -5.45777e-05 4.00951)
(-0.00391034 -0.000265355 4.02471)
(-0.00416286 0.000583222 4.03144)
(-0.00436606 0.00148477 4.03439)
(-0.00472295 0.00122315 4.03563)
(-0.00488453 0.000172283 4.03606)
(-0.0047032 -0.00104984 4.0341)
(-0.00455833 -0.00336678 4.0313)
(-0.00420575 -0.0041315 4.02359)
(-0.00332613 -0.00252265 4.00714)
(-0.0029709 0.0017499 4.03125)
(-0.00365724 0.000277798 4.03855)
(-0.0038131 -0.000876889 4.04146)
(-0.00388074 -0.0010826 4.04279)
(-0.00456793 -0.00139622 4.04287)
(-0.00465925 -0.00240225 4.04312)
(-0.00433968 -0.00331969 4.04236)
(-0.00416396 -0.00356454 4.04076)
(-0.00367997 -0.00247758 4.03673)
(-0.00340764 -0.00155195 4.02993)
(-0.00290243 0.00249521 4.03929)
(-0.00372157 0.00134441 4.04273)
(-0.00362126 -0.000215785 4.04408)
(-0.00356596 -0.00139693 4.04509)
(-0.00431657 -0.00224045 4.04512)
(-0.00434096 -0.0029089 4.04488)
(-0.0036814 -0.00317738 4.04455)
(-0.00315516 -0.00282527 4.04345)
(-0.00276252 -0.00255244 4.04152)
(-0.00266451 -0.00284385 4.0388)
(-0.00298335 0.0020661 4.0428)
(-0.00380723 0.0014116 4.04401)
(-0.00354397 0.000286786 4.04465)
(-0.00341815 -0.000761983 4.04526)
(-0.00378316 -0.00131057 4.04519)
(-0.00366036 -0.00139422 4.04454)
(-0.00309698 -0.00154946 4.04422)
(-0.00265728 -0.0020917 4.04394)
(-0.00245886 -0.00311552 4.04365)
(-0.00213767 -0.00366021 4.04229)
(-0.00296276 0.00170829 4.04405)
(-0.00359479 0.00127324 4.04425)
(-0.0032094 0.000556579 4.04451)
(-0.00293622 2.49755e-06 4.04464)
(-0.00299685 -0.00034287 4.04443)
(-0.00292923 -0.000658279 4.04393)
(-0.00274669 -0.00123346 4.04373)
(-0.00263621 -0.00209633 4.044)
(-0.00246882 -0.00297884 4.04419)
(-0.00191245 -0.00333884 4.04347)
(-0.000753233 -0.00228694 2.73521)
(0.00131565 0.00046019 2.76142)
(0.000679297 0.00048413 2.77437)
(6.61833e-05 0.000207273 2.78173)
(-0.000740123 -0.000149983 2.77277)
(-0.000849144 -0.00272086 2.76329)
(0.000857125 -0.0051503 2.77603)
(0.0015 -0.00334715 2.77083)
(0.00161298 -0.00239676 2.7469)
(0.00420664 -0.00530163 2.71516)
(-0.00102518 -0.00255137 3.3585)
(-0.00138364 -0.00354795 3.39656)
(-0.00269661 -0.0057011 3.4249)
(-0.00254459 -0.00722542 3.44836)
(-0.00203036 -0.00732772 3.46074)
(-0.001418 -0.00642242 3.45998)
(0.000381895 -0.0044492 3.44936)
(0.00090133 -0.00130574 3.42414)
(-0.000217769 -0.00156405 3.38993)
(0.00160465 -0.00428678 3.35117)
(-0.000709824 -0.000484939 3.61933)
(-0.00236495 -0.00174088 3.66462)
(-0.00442568 -0.00431358 3.701)
(-0.00413178 -0.00659121 3.7276)
(-0.00293615 -0.00753284 3.74235)
(-0.00187364 -0.00663095 3.74312)
(0.000292033 -0.00423648 3.73091)
(0.000767109 -0.0029196 3.70309)
(-0.000478501 -0.00461395 3.66221)
(0.00068836 -0.00505025 3.61455)
(-0.00116919 0.000551893 3.80624)
(-0.00315327 0.000765987 3.85458)
(-0.00496749 0.000353576 3.88967)
(-0.00470261 -0.000429307 3.91253)
(-0.00398072 -0.00163445 3.92533)
(-0.00319015 -0.00238508 3.92656)
(-0.0012644 -0.00303487 3.91731)
(-0.000384109 -0.00516881 3.89423)
(-0.00106078 -0.00679688 3.85359)
(-0.00020004 -0.00513265 3.80168)
(-0.00257683 -0.000377809 3.94178)
(-0.00364546 0.00066257 3.97785)
(-0.00445271 0.00257682 3.99703)
(-0.00454613 0.00328008 4.00823)
(-0.0045491 0.0026002 4.01362)
(-0.00448013 0.00143756 4.014)
(-0.00375656 -0.000705793 4.00986)
(-0.00282627 -0.00420271 3.99894)
(-0.0025216 -0.00576017 3.9762)
(-0.00150463 -0.00424087 3.93711)
(-0.00268452 0.000416767 4.01157)
(-0.00306759 8.19368e-05 4.0292)
(-0.00357729 0.00121386 4.03649)
(-0.00409003 0.00221733 4.04)
(-0.00446298 0.00182335 4.04157)
(-0.00475434 0.000695574 4.04188)
(-0.00470691 -0.000832783 4.03993)
(-0.004225 -0.00262342 4.03579)
(-0.0037388 -0.00288643 4.02639)
(-0.00299695 -0.00243705 4.0077)
(-0.00228397 0.00211606 4.03747)
(-0.00285147 0.000492024 4.04543)
(-0.00318354 -0.000497694 4.04878)
(-0.0036584 -0.000383826 4.05005)
(-0.00432287 -0.000756068 4.05018)
(-0.00461641 -0.00194763 4.0507)
(-0.00433393 -0.00282884 4.04943)
(-0.00374629 -0.00289911 4.04718)
(-0.00333678 -0.00262171 4.04278)
(-0.00304327 -0.00299867 4.03522)
(-0.00201791 0.00298683 4.04695)
(-0.00298542 0.00165467 4.05059)
(-0.00307937 -0.00015696 4.05241)
(-0.00330519 -0.00117956 4.05317)
(-0.0041741 -0.00189335 4.05309)
(-0.0043625 -0.00276 4.05318)
(-0.00360442 -0.00310911 4.05237)
(-0.00285594 -0.00276644 4.05085)
(-0.00283101 -0.00320387 4.04895)
(-0.00264433 -0.00422687 4.04568)
(-0.0021072 0.0020158 4.05123)
(-0.00324059 0.00138836 4.05256)
(-0.00315618 0.000231555 4.05328)
(-0.00314262 -0.000915839 4.05382)
(-0.00378977 -0.00154626 4.05366)
(-0.00379633 -0.00182545 4.05318)
(-0.00301309 -0.00209955 4.05264)
(-0.00239688 -0.00273404 4.0521)
(-0.00270124 -0.00409333 4.05166)
(-0.00229136 -0.00475512 4.04976)
(-0.00215834 0.00108855 4.053)
(-0.00310168 0.000619136 4.05333)
(-0.00303356 -0.000154849 4.05346)
(-0.00285563 -0.00106686 4.05372)
(-0.00303932 -0.00142744 4.05341)
(-0.00299534 -0.00144442 4.05269)
(-0.00270667 -0.00181833 4.05233)
(-0.00243248 -0.00268365 4.05233)
(-0.00269353 -0.00374875 4.05244)
(-0.00213494 -0.00411168 4.05131)
(-0.00202842 -0.00359582 2.73341)
(0.00068367 -0.000155312 2.76012)
(0.000986068 0.00142462 2.77513)
(0.000206073 0.00123428 2.78112)
(-0.000839266 -0.000861529 2.77121)
(-0.000139379 -0.00616416 2.76609)
(0.00211028 -0.00964286 2.77437)
(0.00326239 -0.00820386 2.76574)
(0.00448689 -0.00679978 2.7484)
(0.0066684 -0.00803092 2.71573)
(-0.00170882 -0.00346872 3.35468)
(-0.00108383 -0.00342774 3.39344)
(-0.00190885 -0.00477322 3.41948)
(-0.00197383 -0.00563091 3.44058)
(-0.00207085 -0.00519367 3.45121)
(-0.00161667 -0.0055142 3.44822)
(0.00043525 -0.00533559 3.43851)
(0.00129422 -0.00286594 3.41538)
(0.00120812 -0.00324828 3.38218)
(0.00319951 -0.00574769 3.34357)
(-0.00192086 -0.00273405 3.61386)
(-0.00247677 -0.00345398 3.65904)
(-0.00389801 -0.00546973 3.69271)
(-0.00363794 -0.00730106 3.71767)
(-0.00304035 -0.00763832 3.73104)
(-0.00245847 -0.00619267 3.72992)
(-0.000381593 -0.00352776 3.71678)
(0.000302722 -0.00237516 3.69079)
(-0.000148898 -0.00450298 3.65111)
(0.00130286 -0.00518262 3.60414)
(-0.00216046 -0.00155242 3.79809)
(-0.00337776 -0.00200572 3.84782)
(-0.00496911 -0.00308501 3.88272)
(-0.0046092 -0.00432604 3.90594)
(-0.00394769 -0.00543976 3.91852)
(-0.00289586 -0.0048268 3.9185)
(-0.00126707 -0.00396144 3.90696)
(-0.000575633 -0.005789 3.88356)
(-0.000612207 -0.00692337 3.84212)
(6.92075e-05 -0.00480314 3.78933)
(-0.00261153 -0.000452202 3.93563)
(-0.00349432 -0.000252209 3.97568)
(-0.00440354 0.000589658 3.99686)
(-0.00435518 0.000512109 4.0098)
(-0.00423161 -0.000390278 4.01584)
(-0.00376064 -0.0013546 4.01541)
(-0.00316092 -0.00373003 4.01062)
(-0.0021966 -0.00643709 3.99753)
(-0.00146716 -0.00607839 3.97083)
(-0.000925544 -0.00449045 3.92831)
(-0.00262691 0.000708685 4.01309)
(-0.0029305 0.000288579 4.03311)
(-0.0034594 0.000948464 4.04157)
(-0.00392522 0.00113896 4.04615)
(-0.00399167 0.000311004 4.04825)
(-0.00434539 -0.000883709 4.0479)
(-0.00426547 -0.00252503 4.04595)
(-0.00326074 -0.00342618 4.04006)
(-0.00255842 -0.00337075 4.0287)
(-0.00217484 -0.00430767 4.00748)
(-0.00214684 0.00193825 4.04389)
(-0.00253636 0.00080962 4.0523)
(-0.00301477 7.47043e-05 4.05611)
(-0.00365232 -0.000277982 4.0575)
(-0.00377149 -0.00117144 4.05817)
(-0.00413846 -0.00222273 4.05826)
(-0.0039076 -0.00281779 4.05658)
(-0.00300579 -0.00302732 4.05379)
(-0.00260478 -0.00409145 4.04892)
(-0.00228764 -0.00606357 4.04025)
(-0.00166508 0.00249099 4.05511)
(-0.00257574 0.00127612 4.05891)
(-0.0029702 -0.000221482 4.06094)
(-0.00337863 -0.00106694 4.06132)
(-0.00362874 -0.00196887 4.06135)
(-0.00373042 -0.00307468 4.06162)
(-0.00320513 -0.00366405 4.06035)
(-0.00254792 -0.00410053 4.0588)
(-0.00256025 -0.00558188 4.05669)
(-0.00220714 -0.00706104 4.05247)
(-0.00163687 0.00115335 4.06014)
(-0.00269328 0.000577741 4.06169)
(-0.00296197 -0.000299294 4.0623)
(-0.00315344 -0.00135774 4.06249)
(-0.00355328 -0.0023689 4.06233)
(-0.00345507 -0.00339813 4.06227)
(-0.00270483 -0.00416002 4.06158)
(-0.00223808 -0.0048529 4.06078)
(-0.00253502 -0.00599716 4.05982)
(-0.00212421 -0.00674567 4.05721)
(-0.00168801 -0.000347025 4.06241)
(-0.00251583 -0.000971527 4.06296)
(-0.0028813 -0.00160633 4.06284)
(-0.00298962 -0.00256523 4.06289)
(-0.0031285 -0.00308505 4.06255)
(-0.00292797 -0.00319433 4.06193)
(-0.00240288 -0.00351539 4.06147)
(-0.00211975 -0.00436457 4.06113)
(-0.00243031 -0.00550267 4.06083)
(-0.00200103 -0.00616155 4.05924)
(-0.00268051 -0.00383427 2.73323)
(-0.00130949 -0.00233123 2.75446)
(-0.000358664 -0.0013473 2.77344)
(-0.000342182 -0.00161907 2.78486)
(-0.000662963 -0.00493664 2.78006)
(0.00101743 -0.0112059 2.7785)
(0.00355922 -0.014756 2.77566)
(0.00560958 -0.0143917 2.76119)
(0.0084525 -0.0132929 2.74797)
(0.0105761 -0.0126009 2.71195)
(-0.00221394 -0.00377313 3.3514)
(-0.00116151 -0.00258704 3.39014)
(-0.000927194 -0.00293964 3.41543)
(-0.00102208 -0.00321356 3.43414)
(-0.00163182 -0.00337755 3.44238)
(-0.00117816 -0.0057277 3.43854)
(0.000864619 -0.00782096 3.42924)
(0.00240964 -0.00690878 3.40881)
(0.00396267 -0.00726567 3.37638)
(0.00632158 -0.00923852 3.33631)
(-0.00250703 -0.0039682 3.60916)
(-0.00223786 -0.00395799 3.65433)
(-0.00255376 -0.00496895 3.68643)
(-0.00243554 -0.00586111 3.70945)
(-0.00282759 -0.0057737 3.72027)
(-0.0027453 -0.00518697 3.71736)
(-0.00104174 -0.00414799 3.7038)
(0.000374188 -0.00397679 3.67992)
(0.00134603 -0.00592557 3.64187)
(0.00309134 -0.00711572 3.59487)
(-0.00294764 -0.00303073 3.7909)
(-0.00354215 -0.00425879 3.84196)
(-0.0043342 -0.00610887 3.87718)
(-0.00386609 -0.00763213 3.90075)
(-0.00377438 -0.0082796 3.91161)
(-0.00295072 -0.00708316 3.90967)
(-0.00169809 -0.00577584 3.89613)
(-0.000645106 -0.00728222 3.87247)
(0.000663959 -0.00800633 3.83146)
(0.00145834 -0.00679526 3.77827)
(-0.00307856 -0.000873393 3.92974)
(-0.00394411 -0.0018171 3.97316)
(-0.00450987 -0.00310344 3.99759)
(-0.00402353 -0.00468976 4.01241)
(-0.00392918 -0.00576563 4.01852)
(-0.00321341 -0.00615435 4.01691)
(-0.00264596 -0.00769732 4.01057)
(-0.00159673 -0.00890057 3.99493)
(-7.1697e-05 -0.00726504 3.96474)
(0.000100459 -0.00679734 3.91939)
(-0.00331128 -0.000123655 4.01457)
(-0.00373476 -0.00043477 4.03703)
(-0.00401523 -0.00108252 4.04755)
(-0.00384853 -0.00274185 4.05362)
(-0.00348558 -0.00410324 4.05614)
(-0.00350197 -0.00500987 4.05485)
(-0.00324429 -0.00619037 4.05244)
(-0.00193859 -0.00630321 4.04457)
(-0.000653205 -0.00650268 4.03097)
(-0.000482292 -0.0090248 4.00667)
(-0.00289248 0.000214081 4.05078)
(-0.00318539 -0.000259117 4.05995)
(-0.00365557 -0.000751051 4.06428)
(-0.00374855 -0.00208066 4.06617)
(-0.0030257 -0.00362718 4.06745)
(-0.00302972 -0.00441262 4.06657)
(-0.00283995 -0.00486531 4.06461)
(-0.0019209 -0.00559783 4.06126)
(-0.00127618 -0.00776346 4.0556)
(-0.00094895 -0.0109254 4.04511)
(-0.00234969 0.000215944 4.06424)
(-0.00282474 -0.000619738 4.0683)
(-0.00345912 -0.0014444 4.07027)
(-0.00352072 -0.00239376 4.07057)
(-0.00274973 -0.00368674 4.07081)
(-0.00247558 -0.0050725 4.07076)
(-0.00233024 -0.00620853 4.06927)
(-0.00188954 -0.0077419 4.06782)
(-0.00145085 -0.00992901 4.06507)
(-0.00105363 -0.0117326 4.05951)
(-0.00206014 -0.00097409 4.06999)
(-0.00259534 -0.00162111 4.0719)
(-0.0031949 -0.00218081 4.07236)
(-0.00318799 -0.00317646 4.07218)
(-0.00281816 -0.00458112 4.07202)
(-0.0024786 -0.00625649 4.07212)
(-0.00215701 -0.00765262 4.07142)
(-0.00190079 -0.00880708 4.07037)
(-0.00152937 -0.00982153 4.06865)
(-0.00110894 -0.010817 4.06516)
(-0.00189284 -0.00257854 4.07267)
(-0.00223989 -0.00329684 4.0735)
(-0.00284178 -0.00364721 4.07318)
(-0.00298149 -0.0045168 4.0728)
(-0.00277876 -0.00555463 4.07243)
(-0.00239792 -0.00645899 4.07209)
(-0.00190997 -0.00721493 4.07166)
(-0.00167205 -0.008009 4.07095)
(-0.00146355 -0.00891138 4.06986)
(-0.0010875 -0.010005 4.06775)
(-0.0026734 -0.00354859 2.73825)
(-0.00327044 -0.00498923 2.75366)
(-0.00275176 -0.00656906 2.77355)
(-0.00151682 -0.00784668 2.79333)
(-0.000339615 -0.011368 2.79654)
(0.00214934 -0.0164214 2.79552)
(0.0047656 -0.0192439 2.77976)
(0.00803786 -0.0208402 2.75971)
(0.0131504 -0.0211609 2.74829)
(0.0158373 -0.0192667 2.70168)
(-0.00271194 -0.00422497 3.3507)
(-0.00182227 -0.00298799 3.38911)
(-0.000918977 -0.00275629 3.4143)
(-0.000450287 -0.00289603 3.43186)
(-0.000781147 -0.00434359 3.43888)
(-3.11921e-05 -0.00864099 3.43551)
(0.00200127 -0.0126877 3.42435)
(0.0044391 -0.013752 3.40563)
(0.00812167 -0.0140039 3.37291)
(0.0111723 -0.015522 3.33133)
(-0.00253321 -0.00444989 3.60618)
(-0.00188966 -0.00430844 3.65122)
(-0.00138136 -0.00431987 3.68265)
(-0.00119314 -0.00451188 3.70403)
(-0.00207938 -0.00488219 3.71267)
(-0.00212925 -0.00636835 3.70871)
(-0.000664688 -0.00798758 3.69492)
(0.0016744 -0.00904139 3.6721)
(0.00454086 -0.0103823 3.63516)
(0.00693808 -0.0124475 3.58817)
(-0.00292916 -0.00355994 3.78589)
(-0.00323795 -0.00570682 3.83739)
(-0.00329438 -0.0079085 3.87335)
(-0.00281395 -0.00935435 3.89692)
(-0.00305924 -0.00970649 3.90579)
(-0.00276812 -0.00899899 3.90208)
(-0.00183547 -0.00869446 3.88707)
(3.74336e-06 -0.010074 3.86276)
(0.00278111 -0.0109238 3.82252)
(0.00446724 -0.0119399 3.76943)
(-0.00346316 -0.00199761 3.92584)
(-0.00444653 -0.00401418 3.97148)
(-0.00449437 -0.00741227 3.99993)
(-0.00363305 -0.0101978 4.01615)
(-0.00328749 -0.0115479 4.02191)
(-0.00259459 -0.0117819 4.01935)
(-0.00197767 -0.0122445 4.01035)
(-0.000581815 -0.0121585 3.99227)
(0.00167702 -0.0109075 3.95924)
(0.0024723 -0.0124549 3.91152)
(-0.00417272 -0.002464 4.01701)
(-0.00488199 -0.00276474 4.04223)
(-0.00467037 -0.00479297 4.05543)
(-0.00377587 -0.00818413 4.06283)
(-0.00298488 -0.0103129 4.06543)
(-0.00227038 -0.0112173 4.06354)
(-0.00152703 -0.0116918 4.05995)
(-0.000210675 -0.0112478 4.05013)
(0.0013443 -0.0122906 4.03396)
(0.00199655 -0.016187 4.00586)
(-0.00397876 -0.00319196 4.05892)
(-0.0042549 -0.00324289 4.06945)
(-0.00442114 -0.00378939 4.0745)
(-0.00379563 -0.00604892 4.07709)
(-0.00246716 -0.00817519 4.07846)
(-0.00157626 -0.00904734 4.07677)
(-0.000963311 -0.00973865 4.07453)
(-0.000229073 -0.0114147 4.07053)
(0.000574468 -0.0148222 4.06373)
(0.00144542 -0.0185142 4.05055)
(-0.00343496 -0.00395519 4.07505)
(-0.00344087 -0.00435653 4.07968)
(-0.00388787 -0.00459201 4.08152)
(-0.00354929 -0.00587484 4.08212)
(-0.00202273 -0.00762358 4.08238)
(-0.00100653 -0.00917284 4.0816)
(-0.000856455 -0.0110364 4.0801)
(-0.000651145 -0.0137342 4.07854)
(5.09788e-05 -0.0164268 4.07491)
(0.000947627 -0.0183816 4.06773)
(-0.00291645 -0.0047198 4.08157)
(-0.00274594 -0.00566962 4.08396)
(-0.00326078 -0.00604271 4.08441)
(-0.00306768 -0.00687231 4.08404)
(-0.00190438 -0.00844538 4.08373)
(-0.00116921 -0.0105737 4.08353)
(-0.00113198 -0.0127667 4.08285)
(-0.000998384 -0.0147461 4.08158)
(-0.000110161 -0.0160908 4.0791)
(0.000787387 -0.0173367 4.07469)
(-0.00249132 -0.00558257 4.08452)
(-0.00213861 -0.0066584 4.08568)
(-0.00249902 -0.00715811 4.08538)
(-0.00254556 -0.00794526 4.08463)
(-0.0019989 -0.00942206 4.08416)
(-0.00147538 -0.0112747 4.08402)
(-0.00118331 -0.0129233 4.08357)
(-0.000895536 -0.014125 4.0825)
(-0.000142049 -0.0149794 4.0806)
(0.000558373 -0.0163305 4.07791)
(-0.00271991 -0.00379163 2.7496)
(-0.00449848 -0.00717884 2.76563)
(-0.00495277 -0.0117337 2.78178)
(-0.00280789 -0.0150416 2.80771)
(5.94297e-05 -0.0180465 2.81716)
(0.00293472 -0.0207781 2.81411)
(0.00568564 -0.0235301 2.7879)
(0.0110703 -0.0282728 2.76583)
(0.0188036 -0.0309039 2.75163)
(0.0232872 -0.0291987 2.68275)
(-0.00335834 -0.00539338 3.35515)
(-0.00293088 -0.00520167 3.39225)
(-0.00189858 -0.00507326 3.41775)
(-0.000626933 -0.00588274 3.43567)
(0.000157456 -0.00912243 3.44428)
(0.00164364 -0.0144452 3.44079)
(0.00352816 -0.0192211 3.42584)
(0.00721683 -0.0224118 3.40658)
(0.0132468 -0.023349 3.37217)
(0.0176131 -0.0247489 3.32942)
(-0.00281578 -0.00540301 3.60758)
(-0.00212661 -0.00600612 3.65172)
(-0.0011698 -0.00556284 3.68262)
(-0.000613687 -0.0055693 3.70309)
(-0.000973149 -0.00712862 3.7113)
(-0.000516427 -0.0109998 3.70684)
(0.000927778 -0.0154596 3.69223)
(0.00430614 -0.0177279 3.66879)
(0.00918033 -0.0182468 3.63144)
(0.0126889 -0.0212945 3.58526)
(-0.00252142 -0.00424932 3.78521)
(-0.00257018 -0.00682518 3.83575)
(-0.00218389 -0.0088201 3.87224)
(-0.0017676 -0.010049 3.89523)
(-0.00190951 -0.0107727 3.90329)
(-0.00200641 -0.0118439 3.89866)
(-0.00118352 -0.013652 3.8821)
(0.00175478 -0.015113 3.85641)
(0.00604234 -0.0164833 3.81634)
(0.00908475 -0.020537 3.76386)
(-0.00323595 -0.00384428 3.92569)
(-0.00420567 -0.00669096 3.97255)
(-0.00407118 -0.011195 4.00453)
(-0.00311234 -0.0145774 4.0212)
(-0.00232513 -0.0164215 4.02677)
(-0.0016906 -0.0170575 4.02384)
(-0.00105634 -0.0169843 4.01175)
(0.000939695 -0.0165837 3.99116)
(0.00417968 -0.0176026 3.95561)
(0.00653086 -0.022105 3.90586)
(-0.00432119 -0.00546999 4.0218)
(-0.0053342 -0.00642117 4.05016)
(-0.00475895 -0.00954485 4.06621)
(-0.00348381 -0.0135287 4.074)
(-0.00238375 -0.0164892 4.07642)
(-0.000887595 -0.0184048 4.07466)
(0.000458046 -0.0189196 4.06948)
(0.00179447 -0.0186679 4.0578)
(0.00353096 -0.0211007 4.03843)
(0.00542882 -0.0261205 4.00568)
(-0.00458933 -0.00763507 4.06944)
(-0.00495813 -0.00778843 4.08198)
(-0.00460307 -0.00896956 4.08795)
(-0.00349154 -0.0119157 4.09095)
(-0.00215006 -0.0143878 4.09178)
(-0.000418793 -0.0159897 4.09)
(0.00108368 -0.0176258 4.08732)
(0.00194047 -0.0203272 4.08252)
(0.00282951 -0.0245089 4.07389)
(0.00449991 -0.0283295 4.05709)
(-0.00421254 -0.00899581 4.08843)
(-0.0039799 -0.00966438 4.09402)
(-0.00394567 -0.0100769 4.09595)
(-0.0031399 -0.0118895 4.09687)
(-0.00156393 -0.0139531 4.0968)
(-7.35498e-06 -0.0157349 4.09535)
(0.000749635 -0.0182875 4.0937)
(0.00113825 -0.0218586 4.09164)
(0.00206568 -0.0249982 4.08698)
(0.00355853 -0.027248 4.07795)
(-0.00357212 -0.00920864 4.09592)
(-0.00301892 -0.0106482 4.09879)
(-0.00301413 -0.0114717 4.0994)
(-0.00245318 -0.012581 4.09906)
(-0.00104476 -0.0142411 4.09844)
(-5.5819e-05 -0.0165034 4.09767)
(0.000108818 -0.0193962 4.09675)
(0.000463007 -0.0223175 4.09515)
(0.00173662 -0.0243261 4.092)
(0.00313116 -0.0261393 4.08668)
(-0.00300977 -0.00944054 4.09908)
(-0.00224199 -0.0109432 4.1005)
(-0.00198759 -0.0119454 4.10042)
(-0.00165116 -0.0130531 4.09955)
(-0.000942478 -0.014989 4.09894)
(-0.000459541 -0.0175731 4.09868)
(-0.000247767 -0.020041 4.09795)
(0.000248959 -0.0219264 4.09643)
(0.00144222 -0.0233183 4.09399)
(0.0026634 -0.0251593 4.09073)
(-0.00401955 -0.00579783 2.76808)
(-0.00582325 -0.010045 2.7888)
(-0.00688023 -0.0169285 2.80257)
(-0.00418448 -0.022643 2.82907)
(0.000145538 -0.0252325 2.84133)
(0.00339742 -0.0262483 2.83413)
(0.00717357 -0.0301081 2.805)
(0.0153906 -0.0380348 2.78492)
(0.0257761 -0.0427887 2.76019)
(0.0337073 -0.0424017 2.66352)
(-0.00461846 -0.0077864 3.36681)
(-0.00454983 -0.00915695 3.40275)
(-0.00372639 -0.0100759 3.42729)
(-0.00175452 -0.0127855 3.44721)
(0.000816574 -0.0177509 3.4583)
(0.00328399 -0.0227802 3.45337)
(0.00561173 -0.0277686 3.43448)
(0.0112959 -0.0330136 3.4126)
(0.0196874 -0.0352557 3.37632)
(0.0265847 -0.0373156 3.33107)
(-0.00364895 -0.00757088 3.61594)
(-0.00294843 -0.00927744 3.6584)
(-0.00184829 -0.00896454 3.68834)
(-0.000921997 -0.00968992 3.70875)
(0.000263131 -0.0129378 3.71837)
(0.00159706 -0.0185341 3.71364)
(0.00343433 -0.0249106 3.69705)
(0.00832022 -0.0283245 3.67137)
(0.0151836 -0.0292997 3.63287)
(0.0209779 -0.0338425 3.58755)
(-0.00235789 -0.00612148 3.79121)
(-0.00205352 -0.00886354 3.83977)
(-0.00151187 -0.0104873 3.87598)
(-0.00132692 -0.0118267 3.89812)
(-0.000504914 -0.0140965 3.90707)
(-0.000250819 -0.0175248 3.9024)
(0.000872603 -0.0214634 3.88416)
(0.00527966 -0.0237931 3.85628)
(0.0112815 -0.026627 3.81516)
(0.0165283 -0.0333597 3.76385)
(-0.00273496 -0.00663579 3.93117)
(-0.00344018 -0.0101195 3.9786)
(-0.00327606 -0.0146316 4.0125)
(-0.00271715 -0.0178023 4.02901)
(-0.00110827 -0.0205988 4.03502)
(-0.000103426 -0.0228349 4.03234)
(0.00087074 -0.0238314 4.01767)
(0.0039275 -0.0246058 3.99425)
(0.00859328 -0.0286545 3.95583)
(0.0134868 -0.035848 3.90483)
(-0.00385941 -0.00906998 4.0308)
(-0.00488477 -0.0112548 4.0625)
(-0.00413175 -0.0151003 4.08086)
(-0.00302143 -0.0186425 4.0883)
(-0.00151228 -0.0222488 4.0906)
(0.000560289 -0.0260098 4.08943)
(0.00259012 -0.0280123 4.0829)
(0.00462875 -0.0293268 4.06933)
(0.00726522 -0.0334463 4.04598)
(0.0112866 -0.0391865 4.00844)
(-0.00470882 -0.0127437 4.08367)
(-0.00502878 -0.0139605 4.09877)
(-0.00384909 -0.0160008 4.10571)
(-0.00275653 -0.0188137 4.10851)
(-0.00177479 -0.0218683 4.1088)
(0.000340497 -0.025308 4.10761)
(0.00298718 -0.0286247 4.10449)
(0.00488538 -0.0320193 4.09862)
(0.00645965 -0.0360338 4.08745)
(0.00930827 -0.0400612 4.0667)
(-0.00441869 -0.014316 4.10549)
(-0.00403141 -0.0158123 4.11236)
(-0.00303838 -0.0174807 4.11478)
(-0.0021626 -0.0198345 4.11575)
(-0.00124649 -0.0220598 4.11521)
(0.000419457 -0.0242746 4.11359)
(0.00231829 -0.0274627 4.11163)
(0.00389831 -0.0315287 4.10878)
(0.00553882 -0.0352016 4.10299)
(0.00771554 -0.038873 4.09218)
(-0.00370478 -0.0144699 4.11413)
(-0.00304234 -0.0164909 4.11753)
(-0.00208047 -0.018466 4.11849)
(-0.00129033 -0.020378 4.11835)
(-0.000248825 -0.0223344 4.1175)
(0.000794483 -0.0246422 4.11619)
(0.00171125 -0.0278651 4.11481)
(0.00299433 -0.0314838 4.11282)
(0.00481318 -0.0345548 4.1092)
(0.00656756 -0.0381347 4.10318)
(-0.00292755 -0.0142608 4.11768)
(-0.00213789 -0.0162321 4.11933)
(-0.00107168 -0.0183685 4.11956)
(-0.000392154 -0.0203665 4.11893)
(0.00021178 -0.022877 4.11825)
(0.000715283 -0.0259133 4.11758)
(0.00131534 -0.0289629 4.11634)
(0.00244517 -0.0317083 4.11448)
(0.00402681 -0.0344004 4.11196)
(0.00553411 -0.0377343 4.10826)
(-0.00645887 -0.00935011 2.79511)
(-0.00729403 -0.0135496 2.82081)
(-0.00807662 -0.0212736 2.83526)
(-0.00526212 -0.0282934 2.8578)
(-0.000359364 -0.0307376 2.86833)
(0.0033153 -0.0318605 2.85764)
(0.00903319 -0.0376894 2.83294)
(0.0193689 -0.0464024 2.81508)
(0.0306698 -0.0511304 2.7741)
(0.0415059 -0.0517142 2.65548)
(-0.00616852 -0.0108887 3.38796)
(-0.00645307 -0.0139323 3.42322)
(-0.00593498 -0.0170666 3.44669)
(-0.0033076 -0.0219823 3.46784)
(0.000827869 -0.0273113 3.4799)
(0.0040624 -0.0309537 3.47262)
(0.00762706 -0.0358764 3.45127)
(0.0154948 -0.0423893 3.42605)
(0.0253372 -0.0458893 3.38733)
(0.0350181 -0.0488153 3.33767)
(-0.00489495 -0.0108139 3.63371)
(-0.00437758 -0.0133199 3.67403)
(-0.00319356 -0.0139697 3.70258)
(-0.00170134 -0.0164298 3.72346)
(0.00112227 -0.0213461 3.7347)
(0.00340529 -0.0272243 3.72937)
(0.00606262 -0.0335595 3.71031)
(0.0124166 -0.037611 3.68145)
(0.0205104 -0.0401409 3.64113)
(0.0288503 -0.0459406 3.59579)
(-0.00298356 -0.00968436 3.80623)
(-0.00234605 -0.0124214 3.85236)
(-0.00172499 -0.0137162 3.88723)
(-0.00140495 -0.015858 3.90874)
(0.000666458 -0.0200133 3.91921)
(0.00186166 -0.0252048 3.91479)
(0.00395337 -0.0303572 3.89495)
(0.00964949 -0.0336695 3.86419)
(0.0164675 -0.0382804 3.82093)
(0.0240355 -0.0462039 3.77069)
(-0.00264175 -0.0104811 3.94456)
(-0.00274391 -0.0142964 3.99197)
(-0.00259873 -0.0178475 4.02589)
(-0.00229783 -0.0205059 4.04222)
(-3.60215e-05 -0.0244094 4.04921)
(0.0015894 -0.0286052 4.04676)
(0.00351162 -0.0313802 4.03033)
(0.00769802 -0.0345187 4.00367)
(0.0134099 -0.0412136 3.96184)
(0.0206738 -0.0491144 3.91033)
(-0.0035792 -0.0132884 4.04614)
(-0.00401364 -0.0169544 4.08092)
(-0.00320773 -0.0207704 4.10057)
(-0.00243695 -0.0236896 4.10789)
(-0.000594452 -0.0278052 4.11023)
(0.00175815 -0.0331509 4.10937)
(0.00448721 -0.037333 4.10184)
(0.00763452 -0.0408995 4.0861)
(0.0114103 -0.0459348 4.0579)
(0.0175181 -0.0514178 4.01663)
(-0.0045427 -0.0170258 4.10318)
(-0.00426874 -0.0200284 4.121)
(-0.00267835 -0.0229446 4.1289)
(-0.00191961 -0.0256062 4.13127)
(-0.00110398 -0.0293706 4.1314)
(0.000952625 -0.0344456 4.13085)
(0.00426288 -0.0391667 4.12727)
(0.00748125 -0.0431949 4.12005)
(0.0102201 -0.0469966 4.10587)
(0.0145891 -0.0512604 4.08143)
(-0.00424628 -0.0187183 4.12778)
(-0.00347351 -0.0216209 4.13602)
(-0.00179329 -0.0247041 4.13914)
(-0.00111121 -0.0274436 4.13988)
(-0.000805666 -0.0300831 4.13911)
(0.000739072 -0.0332704 4.13782)
(0.00358206 -0.0370106 4.13551)
(0.00646356 -0.04098 4.13172)
(0.00889761 -0.0448079 4.12468)
(0.0119979 -0.0499597 4.11223)
(-0.00341987 -0.0190031 4.13774)
(-0.00256901 -0.0219556 4.14172)
(-0.00100702 -0.0253414 4.14307)
(-0.000124909 -0.0283517 4.14318)
(0.000305152 -0.0308443 4.1423)
(0.0013415 -0.0334323 4.14068)
(0.00329736 -0.0367548 4.1389)
(0.00566087 -0.0406627 4.13654)
(0.00779018 -0.0447401 4.13256)
(0.010024 -0.0499693 4.12595)
(-0.00258702 -0.019371 4.142)
(-0.00174208 -0.0221543 4.14392)
(-0.00037834 -0.025455 4.14438)
(0.000579527 -0.0286595 4.14418)
(0.00112722 -0.0316365 4.14344)
(0.00179969 -0.034624 4.14224)
(0.00301031 -0.0378714 4.14061)
(0.00478881 -0.0415417 4.13874)
(0.0066033 -0.045597 4.13634)
(0.0084739 -0.0502136 4.13227)
(-0.00994323 -0.0142997 2.82865)
(-0.00914663 -0.017861 2.8581)
(-0.00892425 -0.0250378 2.87467)
(-0.0062293 -0.0320845 2.89044)
(-0.00159641 -0.0354182 2.89525)
(0.00328751 -0.0386184 2.88402)
(0.0113312 -0.0455426 2.86683)
(0.0221413 -0.0521011 2.84613)
(0.0324996 -0.0551579 2.78518)
(0.0457496 -0.0571389 2.65483)
(-0.00820066 -0.0149744 3.41724)
(-0.00849071 -0.019346 3.45208)
(-0.00795932 -0.0247375 3.47568)
(-0.00498349 -0.0310514 3.49566)
(-5.95448e-05 -0.0356635 3.50532)
(0.00418835 -0.0380551 3.49627)
(0.00969403 -0.0428607 3.4745)
(0.0189142 -0.0496826 3.44563)
(0.0289317 -0.0544774 3.40195)
(0.0409436 -0.0584504 3.34551)
(-0.0067197 -0.0153369 3.65982)
(-0.00644526 -0.0187079 3.69809)
(-0.0052531 -0.0214014 3.72569)
(-0.00307493 -0.0260657 3.74639)
(0.0010461 -0.0318904 3.75731)
(0.00468866 -0.0368306 3.75096)
(0.0088645 -0.0417564 3.72941)
(0.0159156 -0.0459941 3.69693)
(0.0238621 -0.0500242 3.65281)
(0.034004 -0.0559171 3.60419)
(-0.00469941 -0.0151226 3.82947)
(-0.00383505 -0.0179768 3.87329)
(-0.00291024 -0.0193851 3.90606)
(-0.00203938 -0.0226585 3.92709)
(0.000938218 -0.0283905 3.93805)
(0.00386751 -0.0344223 3.93329)
(0.00757217 -0.0394894 3.91172)
(0.0135487 -0.0436336 3.87716)
(0.0199879 -0.049339 3.83038)
(0.0287922 -0.0567514 3.77912)
(-0.00383811 -0.016162 3.96533)
(-0.00310532 -0.0202622 4.01215)
(-0.00261103 -0.0227 4.0448)
(-0.00217258 -0.0251277 4.06139)
(0.000307261 -0.0295936 4.06895)
(0.00319141 -0.03474 4.06576)
(0.0064287 -0.0393709 4.04786)
(0.011179 -0.0453441 4.01708)
(0.0171661 -0.0531946 3.97103)
(0.0253776 -0.0601058 3.91825)
(-0.00399249 -0.0180584 4.06741)
(-0.00351071 -0.0231302 4.10431)
(-0.00272322 -0.0270402 4.12463)
(-0.00193418 -0.0298996 4.13253)
(0.000208866 -0.0338923 4.1348)
(0.00281687 -0.0396314 4.13336)
(0.00587429 -0.0458121 4.12455)
(0.00979523 -0.0517183 4.10563)
(0.0145664 -0.0571106 4.07176)
(0.0217965 -0.0619196 4.02696)
(-0.00437745 -0.0205936 4.12764)
(-0.00356538 -0.025364 4.14767)
(-0.00200048 -0.0292915 4.15645)
(-0.001123 -0.0323658 4.15874)
(-1.35436e-05 -0.0368 4.15882)
(0.00174513 -0.0428022 4.15817)
(0.00483215 -0.0485271 4.15392)
(0.00884409 -0.0530906 4.14474)
(0.0125288 -0.056624 4.12664)
(0.017909 -0.0609564 4.0982)
(-0.00387155 -0.0222993 4.15496)
(-0.0029521 -0.026491 4.16428)
(-0.00114058 -0.0308169 4.16789)
(-0.000332452 -0.0343434 4.16844)
(-0.000117449 -0.0381354 4.16772)
(0.00124139 -0.0426804 4.16662)
(0.00431598 -0.0468247 4.1638)
(0.00788033 -0.0503487 4.15866)
(0.0107521 -0.0539374 4.14979)
(0.0144425 -0.0596123 4.13503)
(-0.00298604 -0.0238422 4.16647)
(-0.00231896 -0.0275318 4.17083)
(-0.000670418 -0.0319668 4.17231)
(0.000334032 -0.0361308 4.17248)
(0.000596227 -0.0394582 4.17161)
(0.00176297 -0.042486 4.16984)
(0.00432607 -0.0458112 4.1676)
(0.00724282 -0.0496978 4.16459)
(0.00942592 -0.0541686 4.1598)
(0.0119128 -0.0600046 4.15195)
(-0.00227316 -0.0255882 4.17155)
(-0.00162935 -0.0291414 4.17365)
(-0.00033647 -0.0331295 4.17412)
(0.000857842 -0.037085 4.174)
(0.00161482 -0.0403568 4.17304)
(0.00253154 -0.0433359 4.17142)
(0.00408517 -0.0467802 4.16956)
(0.00618204 -0.0510502 4.16756)
(0.00800477 -0.0558545 4.16477)
(0.0101095 -0.0608866 4.15986)
(-0.014672 -0.0207903 2.87325)
(-0.0124733 -0.0246932 2.90393)
(-0.0106166 -0.0312385 2.92146)
(-0.00768329 -0.0378172 2.92889)
(-0.00303224 -0.0438274 2.92584)
(0.0043332 -0.0509137 2.91611)
(0.0150361 -0.0583445 2.90201)
(0.0265076 -0.0633093 2.87028)
(0.0388661 -0.067155 2.78434)
(0.0577092 -0.0728889 2.65179)
(-0.0112162 -0.0205085 3.45902)
(-0.0110441 -0.0260171 3.49269)
(-0.00989574 -0.0336471 3.51603)
(-0.00655281 -0.0405914 3.53149)
(-0.0013287 -0.0447957 3.53544)
(0.00469192 -0.0479629 3.52422)
(0.0128852 -0.0536788 3.50121)
(0.0229512 -0.0608408 3.46491)
(0.0340983 -0.0674332 3.4133)
(0.0501162 -0.074467 3.35166)
(-0.00943052 -0.0216066 3.69822)
(-0.0091901 -0.0260587 3.73447)
(-0.00764618 -0.0314937 3.76053)
(-0.00444964 -0.0382708 3.77869)
(0.000519686 -0.0442899 3.7861)
(0.00594507 -0.0485337 3.77671)
(0.0123 -0.0529723 3.75188)
(0.0199167 -0.0585704 3.71328)
(0.0286643 -0.0646376 3.66177)
(0.0416165 -0.0717945 3.60643)
(-0.00748871 -0.0224749 3.86463)
(-0.00655449 -0.026218 3.90603)
(-0.00489086 -0.0288547 3.9359)
(-0.00283267 -0.0337194 3.95531)
(0.000941967 -0.0407015 3.964)
(0.0059281 -0.0472215 3.95641)
(0.0116684 -0.0525277 3.93149)
(0.0177105 -0.0582213 3.89085)
(0.0245752 -0.0649539 3.83746)
(0.0351676 -0.0725365 3.78093)
(-0.00613567 -0.0235533 3.9974)
(-0.00464112 -0.0281263 4.04223)
(-0.00319341 -0.0306375 4.07273)
(-0.00208403 -0.0337816 4.08913)
(0.000609949 -0.0390545 4.09518)
(0.00493466 -0.0452178 4.08889)
(0.00985222 -0.0522405 4.06746)
(0.0151861 -0.0611012 4.03045)
(0.0218549 -0.069356 3.97779)
(0.0308693 -0.0758512 3.92049)
(-0.00500842 -0.0242598 4.09878)
(-0.00384735 -0.030117 4.13577)
(-0.00259648 -0.0350183 4.15598)
(-0.00137677 -0.0388538 4.16414)
(0.000943955 -0.043226 4.16527)
(0.00408942 -0.049295 4.16101)
(0.00761805 -0.0573252 4.14865)
(0.0121952 -0.0657812 4.12393)
(0.0185173 -0.0720916 4.08259)
(0.0265332 -0.0774669 4.03213)
(-0.00427661 -0.0257643 4.16124)
(-0.0035712 -0.0314098 4.182)
(-0.00196167 -0.0370601 4.19078)
(-0.000402639 -0.0416588 4.1928)
(0.00125676 -0.0467246 4.19183)
(0.00305189 -0.0532034 4.189)
(0.00584517 -0.0601673 4.18223)
(0.0101136 -0.0659098 4.169)
(0.0150884 -0.0699967 4.14475)
(0.0212518 -0.0759308 4.11023)
(-0.0034467 -0.028224 4.19094)
(-0.00308169 -0.0329766 4.20031)
(-0.00133083 -0.0383319 4.20338)
(0.000109467 -0.043538 4.20325)
(0.00109533 -0.0490409 4.20179)
(0.00251902 -0.054729 4.1992)
(0.0053718 -0.0594575 4.19425)
(0.00913451 -0.0633195 4.1862)
(0.0125851 -0.0675955 4.17356)
(0.0166724 -0.0748125 4.15419)
(-0.00267731 -0.0313376 4.20383)
(-0.00255952 -0.0356131 4.20774)
(-0.00106198 -0.0405999 4.20844)
(0.000214793 -0.0458315 4.2077)
(0.00126174 -0.050582 4.20591)
(0.00291943 -0.0547166 4.20301)
(0.00565143 -0.0585266 4.19897)
(0.00853087 -0.062774 4.1938)
(0.010854 -0.0678664 4.18643)
(0.0133548 -0.074837 4.17544)
(-0.00211904 -0.0344587 4.20946)
(-0.00187518 -0.0387984 4.21104)
(-0.00064236 -0.0431887 4.21068)
(0.000726663 -0.0475888 4.20948)
(0.00206162 -0.0514626 4.20739)
(0.00356266 -0.055156 4.20465)
(0.0053754 -0.0594343 4.20149)
(0.00735883 -0.0646419 4.1979)
(0.00928288 -0.0702789 4.19304)
(0.0112424 -0.0761977 4.18575)
(-0.023472 -0.0319583 2.92018)
(-0.0203919 -0.0391377 2.9513)
(-0.0164333 -0.0472653 2.96886)
(-0.0117338 -0.0558009 2.97059)
(-0.00459937 -0.0670596 2.96428)
(0.00753399 -0.0790907 2.95756)
(0.0226972 -0.0876269 2.9403)
(0.0388643 -0.0940207 2.89279)
(0.0606317 -0.103088 2.79301)
(0.0883418 -0.111884 2.62953)
(-0.0182755 -0.0311865 3.5045)
(-0.0171092 -0.0393927 3.53782)
(-0.0144843 -0.0499464 3.56048)
(-0.00978497 -0.0585928 3.57093)
(-0.00277827 -0.0651401 3.5701)
(0.00708941 -0.0721247 3.5584)
(0.0193607 -0.0805111 3.53338)
(0.0327234 -0.0899188 3.48816)
(0.0504286 -0.101013 3.4314)
(0.0760578 -0.114442 3.37645)
(-0.0154699 -0.0332018 3.74092)
(-0.0146557 -0.0404297 3.77644)
(-0.0118844 -0.0494595 3.80131)
(-0.00697503 -0.058626 3.81598)
(-8.04557e-05 -0.0659901 3.81908)
(0.00859039 -0.072277 3.80727)
(0.0184057 -0.079273 3.77976)
(0.028699 -0.0878313 3.73381)
(0.0424878 -0.0975004 3.67535)
(0.0628945 -0.109851 3.62272)
(-0.0130018 -0.0354121 3.90439)
(-0.0117129 -0.0418478 3.94433)
(-0.00871623 -0.0480303 3.97226)
(-0.00457127 -0.0556297 3.98978)
(0.00114256 -0.0643099 3.99502)
(0.0090708 -0.0727534 3.98424)
(0.0177461 -0.0805019 3.95595)
(0.0258218 -0.0888849 3.90874)
(0.0363989 -0.0976751 3.84855)
(0.0523947 -0.108856 3.79008)
(-0.0105929 -0.0369029 4.03436)
(-0.00853519 -0.0431514 4.0772)
(-0.0055944 -0.0482904 4.10615)
(-0.0026448 -0.0541318 4.12249)
(0.00139747 -0.0615906 4.12644)
(0.00779317 -0.0704507 4.1167)
(0.0153141 -0.0808944 4.09143)
(0.0227418 -0.0920453 4.04789)
(0.0321149 -0.101282 3.98826)
(0.0446409 -0.111061 3.92694)
(-0.00782611 -0.0373593 4.13479)
(-0.00621585 -0.0442833 4.17105)
(-0.00408518 -0.0517343 4.19131)
(-0.00146578 -0.0586629 4.19995)
(0.001953 -0.0653812 4.20019)
(0.00644209 -0.0734297 4.19314)
(0.0117934 -0.0840232 4.17718)
(0.0183422 -0.0950833 4.14634)
(0.0273722 -0.10362 4.09691)
(0.0376752 -0.112714 4.04014)
(-0.00586192 -0.0392661 4.19894)
(-0.00535616 -0.0461115 4.21997)
(-0.00341905 -0.0541947 4.22876)
(-0.000515731 -0.0618891 4.2309)
(0.00264915 -0.0691799 4.22911)
(0.00558894 -0.0772605 4.22429)
(0.00930887 -0.0863372 4.21562)
(0.0145793 -0.09443 4.19871)
(0.0217288 -0.101132 4.16733)
(0.029661 -0.111182 4.12507)
(-0.00446974 -0.0428873 4.23082)
(-0.0046385 -0.0490693 4.24014)
(-0.00281843 -0.0563361 4.2427)
(-0.000161426 -0.0643178 4.24214)
(0.00269379 -0.0723982 4.24)
(0.00526438 -0.0799913 4.23618)
(0.00850649 -0.0866734 4.23012)
(0.0127047 -0.0925695 4.22038)
(0.0174529 -0.0991067 4.20357)
(0.0224888 -0.109927 4.17776)
(-0.00343203 -0.0477777 4.24494)
(-0.00387403 -0.053566 4.24852)
(-0.00231 -0.0599045 4.24848)
(-0.000171073 -0.067125 4.24689)
(0.00258045 -0.0744466 4.24438)
(0.00549058 -0.0811163 4.24086)
(0.00861905 -0.0871563 4.23614)
(0.0116683 -0.0931453 4.2299)
(0.0145866 -0.0999142 4.22019)
(0.0171933 -0.109682 4.20517)
(-0.00267889 -0.0526449 4.25107)
(-0.00277086 -0.0585357 4.25222)
(-0.00131624 -0.0640824 4.25107)
(0.000518406 -0.0699349 4.24888)
(0.00293389 -0.0759483 4.24605)
(0.00546871 -0.082164 4.24283)
(0.00787367 -0.088854 4.2393)
(0.010082 -0.0960742 4.235)
(0.0123382 -0.103571 4.22858)
(0.0141647 -0.111439 4.21877)
(-0.033779 -0.0465304 3.0322)
(-0.0303413 -0.0583203 3.05669)
(-0.0244716 -0.0702459 3.06579)
(-0.0166627 -0.0830843 3.05956)
(-0.00508929 -0.0989906 3.04732)
(0.0119589 -0.113399 3.03028)
(0.0318859 -0.123854 2.9946)
(0.0557326 -0.135839 2.92804)
(0.0855777 -0.146799 2.79747)
(0.104443 -0.139335 2.49078)
(-0.0272847 -0.0465014 3.60948)
(-0.0248839 -0.057836 3.63709)
(-0.020503 -0.0711685 3.65143)
(-0.0136215 -0.0830802 3.65169)
(-0.00334179 -0.09412 3.64158)
(0.0110879 -0.105294 3.62096)
(0.0271045 -0.116567 3.58024)
(0.0457315 -0.130163 3.52028)
(0.0721059 -0.145916 3.45942)
(0.1006 -0.158285 3.36717)
(-0.0231212 -0.0494033 3.83915)
(-0.0212659 -0.0601954 3.86934)
(-0.0169536 -0.0726346 3.88672)
(-0.00982695 -0.0840741 3.89189)
(-3.12701e-06 -0.0937986 3.88485)
(0.0123113 -0.103552 3.8636)
(0.0251504 -0.114252 3.822)
(0.03999 -0.126821 3.75955)
(0.0615578 -0.141394 3.69467)
(0.0870695 -0.157455 3.62618)
(-0.019631 -0.0524867 3.99705)
(-0.0175042 -0.0622998 4.03096)
(-0.0130776 -0.0728208 4.05206)
(-0.00639449 -0.0834408 4.06174)
(0.00198561 -0.0940211 4.05736)
(0.0126699 -0.10519 4.03599)
(0.0236679 -0.116225 3.99395)
(0.0354195 -0.127727 3.93093)
(0.0524529 -0.140587 3.86164)
(0.0740814 -0.156872 3.79112)
(-0.0158081 -0.0546044 4.1219)
(-0.0131266 -0.0632067 4.15844)
(-0.0089708 -0.0724313 4.18129)
(-0.00352387 -0.0823362 4.19162)
(0.00281978 -0.0928331 4.18768)
(0.0112087 -0.104708 4.16739)
(0.0208269 -0.117778 4.12792)
(0.0313083 -0.130558 4.06778)
(0.0452758 -0.14287 3.9973)
(0.0627634 -0.158296 3.92558)
(-0.0115218 -0.0560753 4.21916)
(-0.00933045 -0.0644614 4.25018)
(-0.00630289 -0.07463 4.26567)
(-0.00180047 -0.0852017 4.26961)
(0.00340574 -0.0953639 4.26377)
(0.00945635 -0.106229 4.2476)
(0.0167046 -0.118878 4.21789)
(0.0256975 -0.131864 4.1695)
(0.03794 -0.144173 4.10629)
(0.05215 -0.159493 4.04001)
(-0.00822463 -0.0594372 4.28243)
(-0.00741324 -0.0678362 4.29953)
(-0.0050922 -0.0783325 4.30414)
(-0.000729646 -0.0891664 4.30194)
(0.00416701 -0.0990826 4.29476)
(0.00874654 -0.108987 4.2823)
(0.0136748 -0.11977 4.26251)
(0.0202712 -0.130565 4.22993)
(0.0298385 -0.142115 4.1831)
(0.0410751 -0.158553 4.13076)
(-0.00607303 -0.0649116 4.31421)
(-0.00617371 -0.0728579 4.32002)
(-0.00406165 -0.0819813 4.31853)
(-8.76251e-05 -0.0922927 4.31365)
(0.00452831 -0.10256 4.30633)
(0.00854527 -0.112111 4.29605)
(0.0123968 -0.121161 4.28108)
(0.0171258 -0.129912 4.25889)
(0.0233659 -0.140342 4.22787)
(0.0308166 -0.156836 4.1916)
(-0.00450994 -0.0711626 4.32772)
(-0.00494288 -0.0788202 4.32795)
(-0.00303151 -0.086819 4.32406)
(0.000184002 -0.0959874 4.31822)
(0.00428149 -0.105634 4.31099)
(0.00829611 -0.114749 4.30182)
(0.0118899 -0.123234 4.28963)
(0.0153187 -0.131482 4.27308)
(0.0191264 -0.141072 4.25148)
(0.0231356 -0.155674 4.22694)
(-0.00355909 -0.077487 4.33288)
(-0.00345287 -0.0852253 4.33072)
(-0.00161271 -0.0922398 4.32596)
(0.000879416 -0.0999507 4.31989)
(0.00407852 -0.108171 4.3128)
(0.00741654 -0.116797 4.30452)
(0.0104982 -0.125618 4.29435)
(0.013223 -0.134685 4.28122)
(0.0159992 -0.144361 4.26464)
(0.018615 -0.156 4.24609)
(-0.055515 -0.0721685 3.07032)
(-0.0518775 -0.0936787 3.09741)
(-0.0429442 -0.115845 3.10907)
(-0.028955 -0.139412 3.11051)
(-0.0088436 -0.165208 3.1065)
(0.0187669 -0.191185 3.09394)
(0.0550427 -0.217954 3.06713)
(0.100183 -0.24111 2.98167)
(0.142599 -0.245856 2.72663)
(0.186287 -0.244273 2.23407)
(-0.0468789 -0.0727962 3.64979)
(-0.0430796 -0.0914996 3.68151)
(-0.0354638 -0.111571 3.69666)
(-0.0237318 -0.132093 3.6991)
(-0.00692132 -0.153225 3.69163)
(0.0152227 -0.175721 3.67189)
(0.043128 -0.200821 3.63531)
(0.0799904 -0.229044 3.59353)
(0.122104 -0.252773 3.521)
(0.156732 -0.263843 3.29953)
(-0.0397527 -0.0773636 3.88047)
(-0.0364204 -0.0956444 3.91401)
(-0.0291229 -0.114523 3.93217)
(-0.0176985 -0.132452 3.93769)
(-0.00244613 -0.150578 3.93084)
(0.016585 -0.171025 3.90939)
(0.0398873 -0.194057 3.87026)
(0.0703096 -0.21948 3.82146)
(0.105182 -0.244728 3.75889)
(0.13052 -0.261974 3.61546)
(-0.0333369 -0.0824228 4.03821)
(-0.0299052 -0.0994879 4.07444)
(-0.0228027 -0.117258 4.09664)
(-0.0121417 -0.134359 4.10626)
(0.000835693 -0.152036 4.10099)
(0.0166111 -0.172498 4.07812)
(0.0359382 -0.194506 4.03781)
(0.0614078 -0.217792 3.98595)
(0.0905332 -0.241791 3.92035)
(0.112604 -0.262848 3.79393)
(-0.0266717 -0.0867021 4.16332)
(-0.0231852 -0.101602 4.20099)
(-0.0169784 -0.118347 4.22481)
(-0.00805922 -0.135921 4.23554)
(0.00235533 -0.154419 4.2308)
(0.0151229 -0.174955 4.20855)
(0.031767 -0.196743 4.17008)
(0.0531739 -0.218678 4.11955)
(0.0770869 -0.241615 4.05429)
(0.0961987 -0.263948 3.93996)
(-0.0204157 -0.0913579 4.26142)
(-0.0177686 -0.104906 4.29342)
(-0.0130945 -0.121301 4.31015)
(-0.00581725 -0.139073 4.31522)
(0.00283798 -0.1572 4.30954)
(0.0130869 -0.176439 4.29276)
(0.0264582 -0.197333 4.26443)
(0.0440068 -0.218863 4.22435)
(0.0638781 -0.24172 4.16719)
(0.080655 -0.265227 4.06944)
(-0.0155589 -0.0976979 4.32636)
(-0.0145774 -0.111217 4.34495)
(-0.0109223 -0.127416 4.35073)
(-0.00423 -0.144629 4.34951)
(0.00379924 -0.161552 4.34282)
(0.0122095 -0.179252 4.33142)
(0.0219607 -0.197997 4.31526)
(0.0348528 -0.218051 4.29192)
(0.0504397 -0.240884 4.2534)
(0.0648162 -0.266096 4.18042)
(-0.0121784 -0.106396 4.36008)
(-0.012342 -0.119551 4.3672)
(-0.00882143 -0.134078 4.36656)
(-0.00257351 -0.150046 4.36226)
(0.00480385 -0.166744 4.35534)
(0.0120637 -0.183667 4.34656)
(0.0195159 -0.200946 4.33672)
(0.0282227 -0.218538 4.32571)
(0.0383724 -0.239605 4.30721)
(0.0486553 -0.265835 4.26494)
(-0.0091308 -0.11557 4.37499)
(-0.00982967 -0.12803 4.37628)
(-0.00647633 -0.141324 4.37309)
(-0.00126615 -0.156292 4.36762)
(0.00505278 -0.172491 4.36072)
(0.011695 -0.18891 4.35302)
(0.0181252 -0.205467 4.34576)
(0.0242587 -0.221948 4.33992)
(0.0298163 -0.24092 4.33316)
(0.0343403 -0.265724 4.31565)
(-0.00692338 -0.125925 4.3811)
(-0.00673074 -0.138398 4.37984)
(-0.00359009 -0.150109 4.37559)
(0.000361218 -0.163134 4.36983)
(0.00506333 -0.177549 4.36315)
(0.0101569 -0.193403 4.3562)
(0.0151096 -0.210541 4.35016)
(0.0198478 -0.229572 4.34624)
(0.0243234 -0.250689 4.34439)
(0.0268049 -0.269537 4.34097)
(-0.10319 -0.144787 3.53521)
(-0.0946679 -0.183898 3.51966)
(-0.0763881 -0.223809 3.48726)
(-0.04747 -0.261359 3.44738)
(-0.00860183 -0.293247 3.39867)
(0.0387194 -0.316865 3.33326)
(0.0910655 -0.329056 3.2226)
(0.140193 -0.326969 2.98204)
(0.186248 -0.320766 2.50488)
(0.264981 -0.347259 1.80596)
(-0.0870058 -0.148709 4.07046)
(-0.0792981 -0.181212 4.06469)
(-0.0647001 -0.214516 4.03817)
(-0.0417916 -0.247748 4.00037)
(-0.0103024 -0.278448 3.95116)
(0.0295625 -0.305837 3.88686)
(0.0772751 -0.328833 3.79842)
(0.127245 -0.348809 3.66997)
(0.172962 -0.370614 3.43638)
(0.228655 -0.392308 2.91637)
(-0.0712282 -0.15655 4.27012)
(-0.0633427 -0.18581 4.26884)
(-0.0495501 -0.214643 4.24924)
(-0.0290763 -0.242862 4.21714)
(-0.0018356 -0.270543 4.17184)
(0.0324533 -0.297427 4.10951)
(0.0737931 -0.323177 4.02497)
(0.117468 -0.348574 3.90602)
(0.151298 -0.374718 3.71203)
(0.182035 -0.393488 3.3482)
(-0.0577767 -0.164831 4.40516)
(-0.0503283 -0.19171 4.40878)
(-0.0378082 -0.218393 4.39594)
(-0.0201616 -0.243993 4.36922)
(0.00247053 -0.269944 4.32741)
(0.0309279 -0.296643 4.26637)
(0.0657521 -0.323173 4.18188)
(0.103296 -0.350496 4.0619)
(0.131939 -0.37621 3.87466)
(0.151704 -0.393436 3.57988)
(-0.0457832 -0.173443 4.51103)
(-0.0390903 -0.197709 4.51819)
(-0.028288 -0.223367 4.50905)
(-0.01346 -0.248479 4.48576)
(0.00496137 -0.273555 4.44666)
(0.0284329 -0.299447 4.3886)
(0.0577192 -0.325713 4.30641)
(0.088882 -0.352134 4.18792)
(0.113455 -0.376644 4.00777)
(0.12941 -0.393683 3.74594)
(-0.0354586 -0.18393 4.59056)
(-0.0301714 -0.205967 4.59445)
(-0.0211915 -0.230274 4.58265)
(-0.00872776 -0.254786 4.55931)
(0.00646998 -0.278417 4.5248)
(0.0253146 -0.302329 4.47577)
(0.0489436 -0.327769 4.40403)
(0.0744872 -0.353642 4.29448)
(0.0957751 -0.37752 4.12656)
(0.110446 -0.394271 3.88962)
(-0.0271706 -0.196765 4.63833)
(-0.0237058 -0.217528 4.6326)
(-0.0159843 -0.239951 4.61503)
(-0.00502539 -0.26288 4.59103)
(0.00808916 -0.284775 4.5614)
(0.022946 -0.306952 4.5238)
(0.0405243 -0.330229 4.46831)
(0.0602324 -0.354872 4.37802)
(0.0783602 -0.378006 4.23222)
(0.0926014 -0.395216 4.02336)
(-0.0207453 -0.210889 4.65774)
(-0.018822 -0.230115 4.64462)
(-0.011654 -0.250454 4.62502)
(-0.00198593 -0.271597 4.60184)
(0.00927173 -0.292712 4.57573)
(0.0211686 -0.313617 4.54512)
(0.0340501 -0.335272 4.50335)
(0.0480726 -0.357388 4.43445)
(0.0623939 -0.379031 4.31793)
(0.0756726 -0.396947 4.14477)
(-0.0155949 -0.224554 4.66246)
(-0.0146143 -0.242555 4.64632)
(-0.00784684 -0.261507 4.6264)
(0.000243836 -0.281221 4.60463)
(0.00948217 -0.30128 4.58113)
(0.0191498 -0.321208 4.55491)
(0.0288984 -0.341491 4.52174)
(0.0385087 -0.36183 4.47028)
(0.0486932 -0.381577 4.38298)
(0.0600917 -0.398827 4.24912)
(-0.0119992 -0.239473 4.66036)
(-0.00995234 -0.257295 4.64324)
(-0.00393226 -0.273765 4.62387)
(0.00213807 -0.291098 4.60395)
(0.00867046 -0.309519 4.58323)
(0.0154673 -0.3292 4.56058)
(0.0224456 -0.349913 4.53287)
(0.0298866 -0.370749 4.49267)
(0.0384147 -0.389162 4.42719)
(0.0475851 -0.401979 4.32738)
(-0.00389459 -0.0046746 3.72095)
(-0.00304486 -0.00489704 3.72597)
(-0.00215418 -0.00523749 3.72944)
(-0.00129393 -0.00546947 3.73048)
(-0.000437133 -0.00559313 3.73113)
(0.000427627 -0.00558559 3.73128)
(0.00136785 -0.00543031 3.73144)
(0.00233034 -0.00521668 3.72866)
(0.00323866 -0.00497282 3.72481)
(0.00401188 -0.00481253 3.71733)
(-0.00514014 -0.00584937 3.79329)
(-0.00406317 -0.00631946 3.7923)
(-0.0029616 -0.00681029 3.79152)
(-0.00179936 -0.00717064 3.7919)
(-0.000596561 -0.00735293 3.79192)
(0.000622178 -0.00735631 3.79182)
(0.00183638 -0.00715906 3.79116)
(0.00303522 -0.00684772 3.79214)
(0.00420868 -0.00642251 3.79328)
(0.00529605 -0.00594594 3.796)
(-0.00402482 -0.0046226 3.77939)
(-0.00315258 -0.00486432 3.77893)
(-0.00226944 -0.00509108 3.77857)
(-0.00136374 -0.00525192 3.77852)
(-0.000449062 -0.00532625 3.77848)
(0.000474806 -0.00534701 3.77846)
(0.00137636 -0.0052649 3.7784)
(0.00227505 -0.0051281 3.77873)
(0.00319234 -0.00489916 3.77916)
(0.00412045 -0.00464537 3.78002)
(-0.00330022 -0.00378824 3.77672)
(-0.00259217 -0.00396016 3.77654)
(-0.00188375 -0.00409594 3.7764)
(-0.00114409 -0.00420111 3.77634)
(-0.000376628 -0.00424208 3.77632)
(0.000390036 -0.00427026 3.77632)
(0.00113952 -0.00420986 3.77633)
(0.00186411 -0.00412163 3.77644)
(0.00258787 -0.00397189 3.7766)
(0.00333499 -0.00379324 3.77689)
(-0.00291664 -0.00334842 3.77612)
(-0.00228238 -0.0034692 3.77604)
(-0.00167628 -0.00356149 3.77597)
(-0.0010256 -0.00366435 3.77594)
(-0.000340297 -0.00368609 3.77592)
(0.000341006 -0.00371594 3.77592)
(0.00101798 -0.00366033 3.77594)
(0.00166493 -0.00357902 3.77598)
(0.00229262 -0.0034762 3.77606)
(0.00293546 -0.00334576 3.77617)
(-0.00265835 -0.0030489 3.77594)
(-0.00205641 -0.00308674 3.77587)
(-0.00150324 -0.0031632 3.77583)
(-0.000921491 -0.00325191 3.77581)
(-0.000312266 -0.00326366 3.77578)
(0.000304045 -0.00329373 3.77579)
(0.000907184 -0.00324773 3.7758)
(0.00149656 -0.00318056 3.77583)
(0.00206237 -0.0031096 3.77588)
(0.00267029 -0.00304256 3.77593)
(-0.0024293 -0.00277626 3.77582)
(-0.00184093 -0.00273059 3.77576)
(-0.00133522 -0.00280178 3.77573)
(-0.000810265 -0.00285132 3.77569)
(-0.000272234 -0.00287333 3.77568)
(0.000280415 -0.00289351 3.77568)
(0.000811904 -0.00285414 3.77569)
(0.00133461 -0.00280992 3.77573)
(0.00183492 -0.00276448 3.77576)
(0.00243669 -0.002787 3.77582)
(-0.00221645 -0.00251965 3.77573)
(-0.00163233 -0.00240225 3.77567)
(-0.00118534 -0.00245625 3.77563)
(-0.000709935 -0.00247587 3.77559)
(-0.000230125 -0.00250291 3.77557)
(0.000248096 -0.00251311 3.77558)
(0.000719493 -0.00248011 3.7756)
(0.00118246 -0.00245079 3.77563)
(0.00163045 -0.00243098 3.77567)
(0.00222046 -0.00254841 3.77574)
(-0.00202142 -0.00227578 3.77565)
(-0.0014667 -0.0020978 3.77558)
(-0.00106116 -0.00211923 3.77554)
(-0.000637709 -0.00213772 3.77551)
(-0.000204534 -0.00214833 3.77549)
(0.000213438 -0.00215201 3.77549)
(0.000636816 -0.00213851 3.77551)
(0.00106728 -0.00211363 3.77554)
(0.00148421 -0.00211114 3.77559)
(0.00201835 -0.00230131 3.77566)
(-0.00185976 -0.00201694 3.77558)
(-0.00138384 -0.00181546 3.77551)
(-0.000971689 -0.00180695 3.77547)
(-0.00058033 -0.00182281 3.77544)
(-0.000190067 -0.0018177 3.77543)
(0.000192373 -0.00181262 3.77543)
(0.000578793 -0.00182396 3.77544)
(0.000982467 -0.00181425 3.77547)
(0.00139173 -0.00181504 3.77551)
(0.00184251 -0.00202369 3.77557)
(-0.0065625 -0.00816184 3.60335)
(-0.00503729 -0.00838728 3.62526)
(-0.00360096 -0.00895846 3.63529)
(-0.00219652 -0.00923133 3.64165)
(-0.000760369 -0.00941057 3.64454)
(0.000725193 -0.00941645 3.64467)
(0.00221137 -0.00926149 3.64238)
(0.00374392 -0.00893738 3.63457)
(0.00544093 -0.00847062 3.62035)
(0.00689291 -0.0079552 3.59946)
(-0.00714249 -0.00821919 3.8318)
(-0.00556015 -0.00869448 3.82731)
(-0.00412484 -0.00937193 3.8264)
(-0.00257154 -0.00981253 3.82609)
(-0.000870178 -0.0100819 3.82581)
(0.000883371 -0.0101083 3.82578)
(0.00254094 -0.00985431 3.82553)
(0.00413029 -0.00946689 3.8272)
(0.00575681 -0.0088843 3.83038)
(0.0072551 -0.00811596 3.83402)
(-0.00549043 -0.00619225 3.7991)
(-0.00430899 -0.00645661 3.79703)
(-0.00314644 -0.00675627 3.79629)
(-0.00195681 -0.00704869 3.79602)
(-0.000660897 -0.00720944 3.79585)
(0.000638522 -0.00724014 3.79583)
(0.00186839 -0.00704409 3.79584)
(0.00307456 -0.00691126 3.79665)
(0.00427448 -0.00665064 3.7981)
(0.00552023 -0.00623498 3.80018)
(-0.00484913 -0.0054639 3.79012)
(-0.00386198 -0.00571552 3.78912)
(-0.00282469 -0.00595264 3.78864)
(-0.00174194 -0.00623219 3.78841)
(-0.000595358 -0.00638002 3.78832)
(0.000544811 -0.00639445 3.78831)
(0.00167576 -0.00621677 3.78841)
(0.00276681 -0.00607733 3.78881)
(0.00378356 -0.00590134 3.7895)
(0.00485939 -0.00558403 3.79058)
(-0.00446569 -0.00499472 3.78718)
(-0.00354637 -0.00521288 3.78665)
(-0.0026026 -0.00545056 3.78636)
(-0.00157 -0.00570853 3.78618)
(-0.000522281 -0.00583237 3.78612)
(0.000510573 -0.0058305 3.78612)
(0.00156369 -0.00569311 3.78623)
(0.00258457 -0.00551162 3.7864)
(0.00351824 -0.00537786 3.78678)
(0.00447631 -0.00516229 3.78737)
(-0.0041548 -0.0046003 3.78601)
(-0.00322448 -0.00475907 3.78569)
(-0.0023407 -0.00500954 3.78552)
(-0.00138414 -0.0052147 3.78539)
(-0.000450048 -0.00528837 3.78532)
(0.000480115 -0.00529044 3.7853)
(0.00141766 -0.00519617 3.78536)
(0.00237216 -0.0050299 3.78549)
(0.0032741 -0.00488845 3.78572)
(0.0041872 -0.00475451 3.78607)
(-0.00383609 -0.00427057 3.78543)
(-0.00289076 -0.00434318 3.78518)
(-0.00207871 -0.00456823 3.78505)
(-0.00123368 -0.0046884 3.78492)
(-0.000410317 -0.00473061 3.78482)
(0.00042219 -0.0047408 3.78482)
(0.00126536 -0.00468298 3.78489)
(0.00213122 -0.00457947 3.78504)
(0.00295527 -0.0044542 3.78519)
(0.00387084 -0.00440336 3.78543)
(-0.00349674 -0.00397423 3.78504)
(-0.00259566 -0.00393582 3.78481)
(-0.00188666 -0.00408713 3.78465)
(-0.00114323 -0.00414276 3.78451)
(-0.000383742 -0.00417993 3.78444)
(0.000386992 -0.00419096 3.78445)
(0.00116187 -0.00416109 3.78455)
(0.0019136 -0.00409268 3.78467)
(0.00264372 -0.00403368 3.78484)
(0.00349197 -0.00409137 3.78506)
(-0.00322217 -0.00363826 3.78472)
(-0.00240202 -0.00350277 3.78447)
(-0.00174793 -0.00357595 3.7843)
(-0.0010645 -0.00361903 3.78419)
(-0.000352728 -0.00364605 3.78415)
(0.000369922 -0.00366189 3.78415)
(0.0010848 -0.00363791 3.7842)
(0.00177177 -0.00358075 3.78432)
(0.00245276 -0.00357616 3.78452)
(0.00317942 -0.00370705 3.78475)
(-0.00297428 -0.00326749 3.78444)
(-0.00226818 -0.00306741 3.78419)
(-0.00160708 -0.00308941 3.78404)
(-0.000959756 -0.00311945 3.78394)
(-0.000318937 -0.00312297 3.78389)
(0.000329533 -0.00315146 3.7839)
(0.000987101 -0.00313248 3.78394)
(0.00164903 -0.00310494 3.78404)
(0.00229987 -0.00310383 3.7842)
(0.00292635 -0.00328354 3.78443)
(-0.00742624 -0.00945349 3.4743)
(-0.00580607 -0.00973746 3.5139)
(-0.00430822 -0.0103185 3.53276)
(-0.00267995 -0.0106689 3.54556)
(-0.000935067 -0.0108396 3.55123)
(0.000886176 -0.0108506 3.55163)
(0.0025462 -0.0107195 3.54531)
(0.00418721 -0.0103892 3.5325)
(0.00617643 -0.00975482 3.50815)
(0.00798839 -0.0089171 3.47212)
(-0.00746915 -0.00854301 3.86006)
(-0.0058838 -0.00888547 3.85506)
(-0.00447027 -0.0095859 3.85374)
(-0.00286074 -0.0100601 3.85315)
(-0.000984912 -0.0103274 3.85286)
(0.000946459 -0.0103344 3.85263)
(0.00268853 -0.0100881 3.85306)
(0.00428861 -0.00971787 3.85467)
(0.00585666 -0.00919535 3.85782)
(0.00743347 -0.00842898 3.86126)
(-0.00624893 -0.00676574 3.82002)
(-0.00488409 -0.0069616 3.81666)
(-0.00361964 -0.00740721 3.81565)
(-0.00228703 -0.00779789 3.81514)
(-0.000769484 -0.00800766 3.81485)
(0.000716009 -0.00798952 3.81478)
(0.00214417 -0.00774178 3.81503)
(0.00352112 -0.00752356 3.81594)
(0.00473147 -0.00733206 3.81803)
(0.00601387 -0.00700628 3.82101)
(-0.00565087 -0.00611818 3.80597)
(-0.00445467 -0.00634949 3.80416)
(-0.00321212 -0.00675179 3.80345)
(-0.00197928 -0.00711185 3.80309)
(-0.000680078 -0.00730588 3.80292)
(0.000614259 -0.0072545 3.8029)
(0.0018933 -0.0070563 3.8031)
(0.00320804 -0.00682567 3.80363)
(0.00435695 -0.00659883 3.80469)
(0.00552506 -0.00637572 3.80646)
(-0.00512117 -0.00558118 3.80076)
(-0.00401104 -0.0058347 3.79975)
(-0.00284446 -0.00619344 3.79926)
(-0.0016903 -0.00644172 3.79895)
(-0.000557929 -0.00663298 3.79888)
(0.000573731 -0.0065373 3.79887)
(0.00170407 -0.00640886 3.79903)
(0.00288875 -0.00621916 3.79932)
(0.00396919 -0.00599264 3.7999)
(0.00507833 -0.00584533 3.80101)
(-0.00465996 -0.00510045 3.79848)
(-0.0035725 -0.00536896 3.79792)
(-0.00252411 -0.00565025 3.79762)
(-0.00145113 -0.00581262 3.79736)
(-0.000448103 -0.00595454 3.7973)
(0.000524497 -0.00584526 3.79723)
(0.00154552 -0.00577679 3.79733)
(0.00260867 -0.00563538 3.79754)
(0.00363042 -0.00543355 3.79792)
(0.00465265 -0.00532896 3.79862)
(-0.00423044 -0.00473748 3.79742)
(-0.00319005 -0.00494399 3.79705)
(-0.00227154 -0.00510117 3.79681)
(-0.00134327 -0.00523546 3.79664)
(-0.000444442 -0.00528193 3.79649)
(0.000431722 -0.00521147 3.79647)
(0.0013854 -0.00519501 3.79656)
(0.00235434 -0.00510384 3.79676)
(0.00332136 -0.00495302 3.79704)
(0.00426229 -0.00484817 3.79742)
(-0.00383576 -0.00440163 3.79679)
(-0.00292792 -0.00447651 3.7965)
(-0.00209962 -0.00452817 3.79625)
(-0.00130516 -0.00464037 3.79613)
(-0.000473848 -0.00464777 3.79601)
(0.000409097 -0.00462177 3.79601)
(0.00129179 -0.00461936 3.79615)
(0.0021347 -0.00457437 3.79632)
(0.00299307 -0.00450907 3.79653)
(0.0038455 -0.00442951 3.79678)
(-0.00352746 -0.00398879 3.79633)
(-0.00274696 -0.00396003 3.79605)
(-0.00196149 -0.00397721 3.79584)
(-0.00120207 -0.00402852 3.7957)
(-0.000440676 -0.00407195 3.79568)
(0.000405863 -0.00407817 3.79569)
(0.00121889 -0.00402812 3.79573)
(0.00197691 -0.00401882 3.79589)
(0.00274696 -0.00402154 3.7961)
(0.00349389 -0.00400309 3.79636)
(-0.00323208 -0.00355033 3.79595)
(-0.00253706 -0.00345449 3.79569)
(-0.00178658 -0.00346741 3.79552)
(-0.00104358 -0.00344617 3.79538)
(-0.000363912 -0.00348734 3.79536)
(0.000341446 -0.00353897 3.79537)
(0.00108148 -0.00346516 3.79539)
(0.00182431 -0.00347466 3.79553)
(0.0025581 -0.00350723 3.79574)
(0.00322006 -0.00356642 3.79601)
(-0.00759764 -0.00939211 3.34294)
(-0.00611708 -0.0101354 3.39695)
(-0.00461434 -0.0107273 3.4249)
(-0.00298983 -0.0112502 3.44407)
(-0.000998433 -0.0115027 3.45346)
(0.000996964 -0.0114757 3.45393)
(0.0027355 -0.0113024 3.44309)
(0.00438567 -0.0109039 3.42523)
(0.00610644 -0.0101834 3.39234)
(0.00791481 -0.00911818 3.34273)
(-0.00760596 -0.00844629 3.87546)
(-0.00621589 -0.00900256 3.87382)
(-0.00468287 -0.00969409 3.87332)
(-0.00298555 -0.0103032 3.87319)
(-0.00102189 -0.0106314 3.8728)
(0.000942425 -0.0105388 3.87251)
(0.00276532 -0.0103342 3.87341)
(0.00440099 -0.00985193 3.87407)
(0.00574559 -0.00937604 3.8751)
(0.00728477 -0.00872246 3.87613)
(-0.00691316 -0.00738923 3.8397)
(-0.00542649 -0.00775164 3.83574)
(-0.00397862 -0.00831982 3.83455)
(-0.00244281 -0.00875855 3.83371)
(-0.000814958 -0.00903063 3.83327)
(0.000792784 -0.00888706 3.83311)
(0.00241709 -0.00872777 3.8338)
(0.00395582 -0.0082617 3.8346)
(0.0052008 -0.00800889 3.83686)
(0.00644277 -0.00788653 3.84031)
(-0.0063177 -0.0068358 3.82212)
(-0.0048692 -0.00717906 3.81972)
(-0.00343557 -0.00769967 3.81881)
(-0.00205503 -0.00801645 3.81824)
(-0.000696214 -0.00823576 3.81792)
(0.000709614 -0.0080932 3.81788)
(0.0021184 -0.00799499 3.81825)
(0.00355776 -0.00756734 3.8188)
(0.00486191 -0.00719235 3.82013)
(0.00605572 -0.00708871 3.82238)
(-0.00565499 -0.00634614 3.81503)
(-0.0043179 -0.0066589 3.81356)
(-0.00298783 -0.00704145 3.81284)
(-0.00176405 -0.00719722 3.81236)
(-0.000581612 -0.00739803 3.8122)
(0.000644285 -0.00725565 3.81218)
(0.00182964 -0.00720152 3.8124)
(0.00308771 -0.00694015 3.81286)
(0.00435433 -0.0065521 3.81361)
(0.00557596 -0.00641925 3.81514)
(-0.00510297 -0.00583452 3.81164)
(-0.00389389 -0.00614178 3.81075)
(-0.00272573 -0.00633905 3.81023)
(-0.00160896 -0.00642441 3.80981)
(-0.000512254 -0.00660118 3.80972)
(0.000579086 -0.00645864 3.80964)
(0.00167861 -0.00641012 3.8098)
(0.00277539 -0.00627589 3.81014)
(0.00391763 -0.00597925 3.8107)
(0.00504021 -0.00584303 3.81175)
(-0.00463778 -0.00536491 3.80993)
(-0.00360352 -0.00561857 3.80936)
(-0.00256905 -0.00564109 3.80893)
(-0.0015537 -0.00576427 3.80871)
(-0.000522714 -0.00585682 3.80856)
(0.000489112 -0.00575356 3.80853)
(0.00154889 -0.00570929 3.80862)
(0.00257925 -0.00562827 3.80888)
(0.00365563 -0.00542915 3.80934)
(0.0046283 -0.00524793 3.80993)
(-0.00427661 -0.00487869 3.80895)
(-0.00340832 -0.00505787 3.80857)
(-0.00240614 -0.00499804 3.80823)
(-0.00148056 -0.0051287 3.80813)
(-0.000543295 -0.00516242 3.808)
(0.000452106 -0.00510929 3.80799)
(0.00144233 -0.00506733 3.8081)
(0.00242241 -0.00504326 3.8083)
(0.00340504 -0.00491088 3.80856)
(0.00429528 -0.00470356 3.80889)
(-0.0039132 -0.00438428 3.80832)
(-0.00317139 -0.00450313 3.80805)
(-0.00222138 -0.00443667 3.80782)
(-0.00133951 -0.00446244 3.80767)
(-0.000499984 -0.00452817 3.80763)
(0.000431411 -0.00450345 3.80763)
(0.00133062 -0.00443614 3.80769)
(0.00221352 -0.00448597 3.80786)
(0.00309447 -0.00441862 3.80803)
(0.00398701 -0.00427303 3.80832)
(-0.00352018 -0.00391548 3.80789)
(-0.00285425 -0.00396186 3.80766)
(-0.00201466 -0.00388846 3.80747)
(-0.00117782 -0.00381716 3.8073)
(-0.000409824 -0.00388849 3.80728)
(0.000368458 -0.00388806 3.80728)
(0.00117476 -0.00381784 3.80731)
(0.00199891 -0.00389641 3.80748)
(0.00282385 -0.00393105 3.8077)
(0.00364561 -0.00391333 3.80798)
(-0.00722946 -0.00840727 3.22136)
(-0.00586847 -0.00965719 3.28437)
(-0.00438957 -0.0103697 3.32017)
(-0.00291496 -0.0110044 3.34411)
(-0.000911261 -0.0113812 3.35622)
(0.000993833 -0.0113265 3.35659)
(0.00280843 -0.0110506 3.34285)
(0.00446213 -0.0105183 3.31962)
(0.00561683 -0.00974458 3.28023)
(0.0070502 -0.00862132 3.22187)
(-0.00743304 -0.00802161 3.87704)
(-0.00625042 -0.0088159 3.88204)
(-0.00457864 -0.00960933 3.88399)
(-0.00276773 -0.0102872 3.88547)
(-0.000900852 -0.0106583 3.88603)
(0.000870638 -0.0105168 3.88573)
(0.00271979 -0.0103572 3.88601)
(0.00439143 -0.00973075 3.88474)
(0.00551452 -0.00918149 3.88245)
(0.00678397 -0.00867856 3.87777)
(-0.00713838 -0.00774607 3.85752)
(-0.00559737 -0.00834467 3.854)
(-0.004001 -0.00906266 3.85287)
(-0.00231549 -0.00939053 3.85179)
(-0.000735843 -0.00964715 3.85128)
(0.000840354 -0.00945212 3.85109)
(0.00249896 -0.00945119 3.85215)
(0.00410839 -0.00880952 3.85272)
(0.0055207 -0.00832297 3.85468)
(0.00671592 -0.00816842 3.85773)
(-0.0065184 -0.00728624 3.83841)
(-0.00492196 -0.00784238 3.83586)
(-0.00344419 -0.00838906 3.83482)
(-0.0020104 -0.0085638 3.834)
(-0.000639372 -0.00874371 3.83355)
(0.000803201 -0.00858016 3.83347)
(0.00221571 -0.00860755 3.83401)
(0.00364918 -0.00812911 3.8346)
(0.0051253 -0.00754929 3.83604)
(0.00634613 -0.00730459 3.83838)
(-0.00585323 -0.00685173 3.83007)
(-0.00442583 -0.0072923 3.82831)
(-0.00306963 -0.00760486 3.82738)
(-0.00182791 -0.00767972 3.82675)
(-0.000609734 -0.00782139 3.82641)
(0.000687869 -0.00771088 3.82638)
(0.00191468 -0.00771239 3.82669)
(0.00316431 -0.00748621 3.82733)
(0.00454872 -0.00696351 3.82828)
(0.00584435 -0.0066286 3.82998)
(-0.00529788 -0.00635378 3.82576)
(-0.00408402 -0.00668833 3.82454)
(-0.00289671 -0.00678383 3.82376)
(-0.00178349 -0.00682089 3.82325)
(-0.00061117 -0.00697407 3.82306)
(0.000613067 -0.00688552 3.82304)
(0.0017728 -0.00683168 3.8233)
(0.00284608 -0.00675477 3.82378)
(0.00401835 -0.00642977 3.82452)
(0.00523158 -0.00611631 3.82579)
(-0.00486748 -0.00579739 3.82336)
(-0.00389233 -0.00603131 3.82252)
(-0.00281916 -0.00598906 3.82191)
(-0.00174178 -0.00608649 3.82161)
(-0.000587399 -0.00623379 3.8215)
(0.000594363 -0.00615395 3.82148)
(0.00171502 -0.00603006 3.82159)
(0.00274328 -0.00597622 3.8219)
(0.0038034 -0.00579314 3.82253)
(0.0048171 -0.00553737 3.82338)
(-0.00457399 -0.00518904 3.82195)
(-0.00371641 -0.00538328 3.8214)
(-0.00263694 -0.00531661 3.821)
(-0.00157734 -0.00545285 3.82086)
(-0.000530468 -0.00554547 3.82076)
(0.000510789 -0.00547871 3.82074)
(0.00154767 -0.00534318 3.82076)
(0.00262803 -0.00532262 3.821)
(0.00365702 -0.00516331 3.82134)
(0.00464201 -0.0049302 3.8219)
(-0.00418427 -0.00466131 3.82111)
(-0.00338332 -0.00482275 3.8208)
(-0.00236761 -0.00475388 3.82053)
(-0.00139718 -0.00481517 3.82036)
(-0.000476644 -0.00486176 3.82026)
(0.000422159 -0.00478516 3.82024)
(0.00134609 -0.00473064 3.82033)
(0.00234994 -0.0047739 3.8205)
(0.0033087 -0.00466312 3.82067)
(0.00434944 -0.0045113 3.82108)
(-0.00371906 -0.00422291 3.82062)
(-0.00298435 -0.0042608 3.82036)
(-0.00214594 -0.00416591 3.82012)
(-0.00129163 -0.00414863 3.81994)
(-0.000435008 -0.00418293 3.81986)
(0.000396266 -0.00407052 3.81983)
(0.00122168 -0.00409453 3.81993)
(0.00207328 -0.00417297 3.82011)
(0.00294022 -0.00420161 3.82035)
(0.00389156 -0.00420173 3.82067)
(-0.00644537 -0.00700411 3.11356)
(-0.00514425 -0.00861625 3.18238)
(-0.0037102 -0.0094479 3.22426)
(-0.00246146 -0.0101276 3.2513)
(-0.000691711 -0.0105322 3.26546)
(0.000897146 -0.0105265 3.26564)
(0.00269298 -0.0101603 3.25041)
(0.00430778 -0.00949275 3.22079)
(0.00505248 -0.00863419 3.17749)
(0.00601798 -0.0074858 3.11309)
(-0.00696475 -0.00738656 3.86798)
(-0.00596145 -0.00837923 3.87989)
(-0.00418092 -0.00922206 3.88562)
(-0.00228604 -0.00997599 3.88911)
(-0.00064067 -0.0102099 3.89097)
(0.000779966 -0.0101953 3.8905)
(0.00257194 -0.0100513 3.88988)
(0.0042737 -0.00936636 3.88642)
(0.00542388 -0.00855804 3.88)
(0.00635358 -0.00808964 3.86857)
(-0.00689599 -0.00784203 3.87293)
(-0.00544494 -0.00866908 3.87068)
(-0.00378336 -0.00942327 3.86984)
(-0.00205919 -0.0096675 3.86879)
(-0.000616874 -0.00971576 3.8683)
(0.000842454 -0.00966879 3.86816)
(0.00242401 -0.00979438 3.86929)
(0.00397036 -0.00916141 3.86991)
(0.00563039 -0.00842828 3.8711)
(0.00682788 -0.00791227 3.87288)
(-0.00634306 -0.00742771 3.85439)
(-0.00479344 -0.00816357 3.85202)
(-0.00339691 -0.00866137 3.85094)
(-0.00195648 -0.00874759 3.84993)
(-0.000588899 -0.00873926 3.8494)
(0.000838706 -0.00873586 3.84933)
(0.00224947 -0.00885686 3.84997)
(0.00355784 -0.00842078 3.85074)
(0.00515336 -0.00782404 3.85218)
(0.00639652 -0.00712619 3.85426)
(-0.00578394 -0.00700568 3.8454)
(-0.00439558 -0.00754684 3.84353)
(-0.00315953 -0.00777947 3.8425)
(-0.00193808 -0.00785535 3.84177)
(-0.0006508 -0.00781285 3.84125)
(0.000711254 -0.00787814 3.84125)
(0.00203944 -0.0079414 3.84164)
(0.00322647 -0.00767001 3.84242)
(0.00462363 -0.0072775 3.84362)
(0.00590167 -0.00651683 3.84527)
(-0.00528182 -0.00652655 3.84046)
(-0.00416973 -0.00683516 3.839)
(-0.00305273 -0.00689382 3.83807)
(-0.00196629 -0.006978 3.83756)
(-0.000718289 -0.00699366 3.83723)
(0.000647242 -0.00708267 3.83731)
(0.00189291 -0.00708104 3.83766)
(0.00296766 -0.00689239 3.83825)
(0.00413036 -0.00671138 3.83914)
(0.00533207 -0.00610776 3.84047)
(-0.00494659 -0.00589726 3.83749)
(-0.00402599 -0.00607025 3.83641)
(-0.00293938 -0.00611775 3.83572)
(-0.0018179 -0.00618457 3.83535)
(-0.00062201 -0.00630851 3.83529)
(0.000666493 -0.00636041 3.83532)
(0.00180637 -0.00626514 3.83548)
(0.00282511 -0.00609959 3.83582)
(0.00385769 -0.00602593 3.83651)
(0.00493235 -0.00564838 3.83761)
(-0.00469211 -0.00525112 3.83571)
(-0.00375118 -0.00541631 3.83496)
(-0.00268774 -0.00549419 3.83456)
(-0.0015404 -0.00552748 3.8343)
(-0.000449844 -0.00564325 3.83425)
(0.000564806 -0.0056531 3.83425)
(0.00158608 -0.00555123 3.83423)
(0.0026544 -0.00541355 3.83447)
(0.00367091 -0.005343 3.83493)
(0.00469497 -0.00513205 3.83576)
(-0.00428979 -0.00477533 3.83469)
(-0.00332924 -0.00489906 3.83422)
(-0.00237784 -0.00490602 3.83392)
(-0.00137357 -0.00493163 3.83372)
(-0.000386443 -0.00491896 3.83355)
(0.000455006 -0.00488489 3.83353)
(0.00135339 -0.0049186 3.83366)
(0.00235106 -0.00484228 3.83382)
(0.00333306 -0.00479564 3.83409)
(0.0043899 -0.00469464 3.83464)
(-0.0038049 -0.00440137 3.83412)
(-0.00295372 -0.00434443 3.83372)
(-0.0021558 -0.00425109 3.83343)
(-0.00133394 -0.00428614 3.83327)
(-0.000414152 -0.0042265 3.83311)
(0.000461885 -0.00411641 3.83308)
(0.00126831 -0.00423061 3.83324)
(0.00205942 -0.00423095 3.83341)
(0.00291948 -0.00430051 3.83366)
(0.00389865 -0.00436386 3.83407)
(-0.00507372 -0.00570128 3.02233)
(-0.00396851 -0.0073759 3.09348)
(-0.00284553 -0.0082759 3.13934)
(-0.00177447 -0.00892832 3.16676)
(-0.000447825 -0.00932971 3.18261)
(0.000769076 -0.00934292 3.1812)
(0.0022627 -0.00898661 3.16636)
(0.00378929 -0.00817879 3.13105)
(0.00468513 -0.00710081 3.08596)
(0.00521774 -0.00572415 3.01966)
(-0.00632314 -0.00661121 3.84961)
(-0.00539257 -0.00773597 3.86872)
(-0.0036899 -0.00869051 3.8789)
(-0.00177143 -0.00939647 3.88555)
(-0.000419496 -0.0095821 3.88834)
(0.000724113 -0.00961997 3.88853)
(0.00222367 -0.00950127 3.88622)
(0.00386662 -0.00897228 3.88062)
(0.00536937 -0.00781653 3.86924)
(0.00603997 -0.00705997 3.84947)
(-0.00636761 -0.00774955 3.88503)
(-0.00504141 -0.00865932 3.88467)
(-0.00349918 -0.00942509 3.88451)
(-0.0018253 -0.00959788 3.88396)
(-0.000552768 -0.00953542 3.88351)
(0.000804704 -0.00958231 3.88363)
(0.00220214 -0.00968219 3.88432)
(0.00360847 -0.00947447 3.88536)
(0.00539166 -0.00850894 3.88541)
(0.00667036 -0.00745219 3.88505)
(-0.00590604 -0.00738385 3.86936)
(-0.00455379 -0.00807468 3.86735)
(-0.00336028 -0.00856743 3.86633)
(-0.00194908 -0.00860229 3.86531)
(-0.000622758 -0.00852258 3.86479)
(0.000772857 -0.00862642 3.86482)
(0.00219709 -0.00866664 3.8654)
(0.00337927 -0.00859239 3.86654)
(0.00477889 -0.00809978 3.86787)
(0.00612468 -0.00698836 3.86949)
(-0.00556667 -0.00685201 3.86026)
(-0.00431902 -0.00733752 3.85842)
(-0.00329034 -0.00765106 3.85738)
(-0.00205411 -0.00774062 3.85663)
(-0.000715661 -0.00762515 3.85607)
(0.00068143 -0.00781576 3.8561)
(0.00213594 -0.0077964 3.85655)
(0.00333219 -0.00764648 3.85743)
(0.00451771 -0.00742802 3.85883)
(0.00570684 -0.00647853 3.8604)
(-0.00527418 -0.00630211 3.85496)
(-0.00419225 -0.00655963 3.85341)
(-0.00317807 -0.00680697 3.85246)
(-0.0020453 -0.00693211 3.85202)
(-0.000757007 -0.0068422 3.85161)
(0.000629028 -0.00708014 3.85175)
(0.00194498 -0.00704581 3.85214)
(0.00312508 -0.00685931 3.85275)
(0.00419774 -0.00675071 3.85375)
(0.00532619 -0.00605741 3.85509)
(-0.00496271 -0.00571968 3.85165)
(-0.00394759 -0.00583243 3.85041)
(-0.00292712 -0.00610805 3.84976)
(-0.00180068 -0.00615312 3.84934)
(-0.000612288 -0.00617472 3.84926)
(0.000652773 -0.00636481 3.84934)
(0.0017956 -0.00630197 3.84957)
(0.00286351 -0.00613272 3.84996)
(0.00381208 -0.00607631 3.85063)
(0.0049191 -0.00570779 3.85187)
(-0.00462258 -0.00518833 3.84961)
(-0.00354147 -0.00523088 3.84868)
(-0.00262132 -0.00549395 3.84828)
(-0.00151243 -0.00547294 3.84789)
(-0.000412117 -0.00551739 3.84783)
(0.000589395 -0.0056405 3.84787)
(0.00159389 -0.00559118 3.84795)
(0.00256852 -0.00541554 3.8482)
(0.00350202 -0.00542392 3.84877)
(0.00456094 -0.00529459 3.8498)
(-0.00421634 -0.00476448 3.84844)
(-0.00312377 -0.00470768 3.84773)
(-0.00232097 -0.00484357 3.84739)
(-0.00137869 -0.00488342 3.84715)
(-0.000351459 -0.00480717 3.84696)
(0.00050516 -0.00487164 3.84696)
(0.00139503 -0.00493199 3.84711)
(0.00231277 -0.00474381 3.84728)
(0.00322474 -0.00481688 3.84773)
(0.00414983 -0.00483401 3.84843)
(-0.00383636 -0.00438231 3.84773)
(-0.00283915 -0.00415305 3.84714)
(-0.00208421 -0.00414426 3.84681)
(-0.00131557 -0.00425763 3.84667)
(-0.000396051 -0.00413138 3.84647)
(0.000492328 -0.00412454 3.84647)
(0.0012988 -0.00424083 3.84664)
(0.00206637 -0.00411965 3.84678)
(0.00286598 -0.00419263 3.84706)
(0.00369578 -0.00438549 3.84761)
(-0.00337426 -0.00468147 2.94872)
(-0.00262847 -0.00603712 3.01845)
(-0.00212412 -0.00692035 3.06458)
(-0.00111009 -0.00759435 3.09185)
(-0.000352001 -0.0079126 3.10751)
(0.00061317 -0.00796146 3.10532)
(0.0015988 -0.00763692 3.09106)
(0.00264399 -0.00687727 3.05469)
(0.00410311 -0.00552855 3.00756)
(0.00458217 -0.00370986 2.94291)
(-0.00543188 -0.00600043 3.82316)
(-0.0044999 -0.00694466 3.84993)
(-0.00316158 -0.00805544 3.86571)
(-0.00136339 -0.00872128 3.87527)
(-0.000350588 -0.00878899 3.87946)
(0.000701494 -0.00892323 3.87993)
(0.00183388 -0.00872001 3.87574)
(0.00314631 -0.00840508 3.86722)
(0.00500281 -0.00714689 3.85153)
(0.00554514 -0.00593931 3.82271)
(-0.00575528 -0.00749936 3.89316)
(-0.00449143 -0.00823737 3.89524)
(-0.00322437 -0.00907118 3.89634)
(-0.00177857 -0.0092854 3.8968)
(-0.000621054 -0.00912924 3.89649)
(0.000688784 -0.00934944 3.89702)
(0.00191567 -0.0092203 3.89679)
(0.00313838 -0.00937182 3.89796)
(0.00477483 -0.00853921 3.89689)
(0.00600213 -0.00712093 3.89352)
(-0.00547297 -0.00712653 3.8828)
(-0.00427231 -0.00758976 3.88137)
(-0.00331208 -0.00814726 3.88051)
(-0.00209946 -0.00824643 3.87977)
(-0.000749194 -0.00819515 3.87936)
(0.000651361 -0.00840208 3.87956)
(0.00204578 -0.00821688 3.87994)
(0.0032033 -0.00838227 3.88133)
(0.00427704 -0.0081346 3.8824)
(0.00561759 -0.00690711 3.88343)
(-0.00540833 -0.00640587 3.87419)
(-0.004284 -0.00674646 3.87249)
(-0.00339648 -0.00722583 3.87151)
(-0.00219313 -0.00743485 3.87085)
(-0.000770813 -0.00743403 3.87046)
(0.000634307 -0.00762165 3.87053)
(0.00213468 -0.00743883 3.87097)
(0.00337908 -0.00732699 3.87183)
(0.0042696 -0.00729717 3.87323)
(0.00531947 -0.00648256 3.87477)
(-0.00521957 -0.00579762 3.86885)
(-0.00413791 -0.00602116 3.8673)
(-0.00316595 -0.0065094 3.86644)
(-0.00197961 -0.00676112 3.86604)
(-0.000695247 -0.00673096 3.8657)
(0.000575606 -0.00691899 3.86582)
(0.00192161 -0.00684093 3.86614)
(0.00321831 -0.00655717 3.86674)
(0.00420025 -0.00647897 3.86777)
(0.00518724 -0.00594191 3.86918)
(-0.00487399 -0.00529126 3.8654)
(-0.00372912 -0.00544153 3.86411)
(-0.00273879 -0.00593949 3.86351)
(-0.00163869 -0.00605994 3.86308)
(-0.000555258 -0.00602228 3.8629)
(0.000525206 -0.00619118 3.86298)
(0.00165967 -0.00624057 3.86329)
(0.00277581 -0.00595194 3.86374)
(0.00373776 -0.00586987 3.86438)
(0.00482573 -0.00556027 3.8657)
(-0.00440381 -0.00490575 3.86322)
(-0.00323273 -0.00494994 3.86217)
(-0.00240383 -0.00534548 3.86171)
(-0.00143475 -0.00533659 3.86125)
(-0.000430207 -0.00530735 3.86111)
(0.000531792 -0.00544373 3.86117)
(0.00150792 -0.00556128 3.86143)
(0.00237341 -0.00527557 3.86172)
(0.00326165 -0.00531213 3.86238)
(0.00426001 -0.00523732 3.8635)
(-0.00402615 -0.00452909 3.86187)
(-0.00290523 -0.0044307 3.86095)
(-0.00218817 -0.00465442 3.86053)
(-0.00133417 -0.00468423 3.86025)
(-0.000372191 -0.00460406 3.8601)
(0.000539017 -0.00473032 3.86013)
(0.00141711 -0.00482991 3.86027)
(0.00219626 -0.00456241 3.8605)
(0.00303808 -0.00466016 3.86112)
(0.00378071 -0.00473175 3.86196)
(-0.0037047 -0.00414714 3.86096)
(-0.00271294 -0.00387687 3.86021)
(-0.00196836 -0.00397741 3.85985)
(-0.00119503 -0.004061 3.85971)
(-0.000356435 -0.0039202 3.85955)
(0.000481375 -0.0040615 3.85958)
(0.0012862 -0.00411838 3.8597)
(0.00204607 -0.00393785 3.85983)
(0.00280914 -0.00395697 3.86019)
(0.00342947 -0.00413815 3.86088)
(-0.00165392 -0.00384099 2.89054)
(-0.00137767 -0.00477162 2.95672)
(-0.00150721 -0.00545496 3.00103)
(-0.000662354 -0.0061663 3.02731)
(-0.000393471 -0.00640766 3.04184)
(0.000422118 -0.00649535 3.0395)
(0.000968502 -0.00621277 3.02496)
(0.00132858 -0.00563925 2.99146)
(0.00303081 -0.00413655 2.94606)
(0.00383763 -0.00190486 2.88468)
(-0.00430597 -0.00545952 3.79123)
(-0.00352746 -0.00613078 3.82513)
(-0.0027472 -0.0071456 3.84664)
(-0.00127339 -0.00786692 3.85901)
(-0.000520202 -0.00790904 3.86467)
(0.000608331 -0.00814512 3.86518)
(0.00151176 -0.00779393 3.85913)
(0.00229739 -0.00768571 3.84775)
(0.00409079 -0.00659764 3.8272)
(0.00481919 -0.00502013 3.78993)
(-0.00528923 -0.00689695 3.89695)
(-0.00412236 -0.00749592 3.90207)
(-0.00309325 -0.00830784 3.90495)
(-0.00200922 -0.00877758 3.90689)
(-0.000862554 -0.00865511 3.90696)
(0.00052055 -0.00908667 3.90786)
(0.00178064 -0.00855917 3.90661)
(0.00288982 -0.00877871 3.90702)
(0.00403424 -0.0083025 3.90448)
(0.00502998 -0.00708344 3.89785)
(-0.00523207 -0.00654016 3.89443)
(-0.0041823 -0.00691113 3.89389)
(-0.00321461 -0.00745737 3.89327)
(-0.00227337 -0.00784335 3.89316)
(-0.000882131 -0.00788143 3.89294)
(0.000523929 -0.00827815 3.89335)
(0.00186742 -0.00775693 3.89342)
(0.00311084 -0.00782416 3.8946)
(0.00382745 -0.00773199 3.89519)
(0.00504005 -0.00689766 3.89562)
(-0.00521354 -0.00577625 3.88706)
(-0.0042486 -0.00612665 3.88566)
(-0.00326008 -0.00668321 3.88477)
(-0.00213793 -0.00710021 3.8843)
(-0.000727188 -0.00726602 3.88421)
(0.000609363 -0.00752009 3.88432)
(0.00194175 -0.00710494 3.88467)
(0.00326679 -0.00687275 3.88538)
(0.00403891 -0.00677537 3.88649)
(0.00500358 -0.00638018 3.88802)
(-0.00504622 -0.00517466 3.882)
(-0.00397159 -0.00554674 3.88055)
(-0.00293092 -0.00614766 3.87979)
(-0.00174458 -0.006515 3.87937)
(-0.00053441 -0.00662523 3.87919)
(0.000544362 -0.00680612 3.87923)
(0.0017308 -0.00656736 3.87942)
(0.0030752 -0.00623737 3.88001)
(0.00406517 -0.00597202 3.88101)
(0.00501258 -0.00572874 3.8825)
(-0.00465588 -0.00478251 3.8786)
(-0.00347125 -0.00512463 3.87732)
(-0.00247692 -0.0056594 3.87671)
(-0.00144988 -0.00587718 3.87627)
(-0.000456457 -0.0058857 3.87597)
(0.00042421 -0.00604406 3.87601)
(0.00143013 -0.00602118 3.87636)
(0.00259704 -0.00576805 3.87689)
(0.00359677 -0.0054695 3.87759)
(0.00460637 -0.00529191 3.8789)
(-0.00408385 -0.00452439 3.87634)
(-0.00299581 -0.00470493 3.87523)
(-0.0021978 -0.00506206 3.87463)
(-0.00137887 -0.00513439 3.87419)
(-0.000476144 -0.00515505 3.87396)
(0.00048543 -0.0052907 3.87399)
(0.00139051 -0.00534374 3.8744)
(0.00220076 -0.00517531 3.8748)
(0.00304776 -0.00502248 3.8755)
(0.00395582 -0.00492613 3.87662)
(-0.00368789 -0.00414038 3.87477)
(-0.00276278 -0.00416379 3.87375)
(-0.00204771 -0.00437841 3.87322)
(-0.00128361 -0.00440552 3.87291)
(-0.00044923 -0.00450695 3.87286)
(0.000516693 -0.00465836 3.87289)
(0.00138581 -0.00458714 3.873)
(0.00210573 -0.0044464 3.87335)
(0.00284429 -0.00440846 3.87405)
(0.00346593 -0.00439876 3.87497)
(-0.00341921 -0.00368745 3.87365)
(-0.00262879 -0.00362561 3.87282)
(-0.001832 -0.00375779 3.87244)
(-0.00104075 -0.00375509 3.87223)
(-0.000350687 -0.00382963 3.87218)
(0.000390464 -0.004064 3.87224)
(0.00119317 -0.00392349 3.87227)
(0.00199747 -0.00381505 3.87247)
(0.00272074 -0.0037198 3.87291)
(0.00322622 -0.00377393 3.87371)
(-0.000304412 -0.00301784 2.84675)
(-0.000341412 -0.00363164 2.90745)
(-0.000886506 -0.00404301 2.94887)
(-0.000440367 -0.00469089 2.97337)
(-0.000448721 -0.00494498 2.98643)
(0.000309536 -0.00506072 2.98403)
(0.000749664 -0.00478151 2.96835)
(0.000720808 -0.00423843 2.94056)
(0.00194567 -0.00279725 2.90038)
(0.00294377 -0.000522559 2.84416)
(-0.00327111 -0.00480285 3.75534)
(-0.00279566 -0.00524694 3.79581)
(-0.00252369 -0.0060445 3.82241)
(-0.00158044 -0.00678778 3.83764)
(-0.000780396 -0.00708113 3.84469)
(0.000504644 -0.00731601 3.84551)
(0.00131121 -0.00689694 3.8378)
(0.0016681 -0.00675249 3.82337)
(0.00281064 -0.0059797 3.79775)
(0.0037452 -0.00442243 3.75339)
(-0.00520651 -0.00584923 3.89629)
(-0.00413833 -0.00653329 3.9051)
(-0.00319049 -0.00731998 3.91016)
(-0.00235433 -0.0081459 3.91378)
(-0.00100544 -0.00833141 3.91475)
(0.000459235 -0.00871622 3.91571)
(0.00176218 -0.00794158 3.91375)
(0.00277166 -0.00785972 3.91218)
(0.00331813 -0.00762235 3.90767)
(0.00414072 -0.00693241 3.89751)
(-0.00520507 -0.00572604 3.90416)
(-0.00419627 -0.00629918 3.90483)
(-0.00295563 -0.00680601 3.90461)
(-0.00220798 -0.00749666 3.90531)
(-0.000887869 -0.00778697 3.90539)
(0.000474283 -0.00810077 3.90585)
(0.00168266 -0.00740399 3.90568)
(0.00303358 -0.00713283 3.90601)
(0.00359416 -0.00686 3.90595)
(0.00457863 -0.00666332 3.90566)
(-0.0049851 -0.0051893 3.8989)
(-0.00409962 -0.00576597 3.89798)
(-0.00286926 -0.00625912 3.89718)
(-0.00184265 -0.00679489 3.89693)
(-0.000624338 -0.00725083 3.89711)
(0.000572838 -0.00736995 3.89726)
(0.00159756 -0.00683686 3.89747)
(0.00290194 -0.00650696 3.89792)
(0.00379396 -0.00602988 3.89853)
(0.00483343 -0.00595304 3.89991)
(-0.00478395 -0.00470486 3.89443)
(-0.00373951 -0.00533733 3.89313)
(-0.00259341 -0.0058429 3.89242)
(-0.00142779 -0.00622909 3.89189)
(-0.000360857 -0.00662935 3.89188)
(0.000513465 -0.00662051 3.89184)
(0.00145384 -0.00626255 3.89195)
(0.00268808 -0.00599398 3.89253)
(0.00375819 -0.00547407 3.89344)
(0.00472833 -0.00533895 3.89496)
(-0.00432793 -0.00444703 3.89119)
(-0.00323493 -0.00501427 3.88996)
(-0.00225711 -0.005353 3.88919)
(-0.00129864 -0.0056557 3.88873)
(-0.000371176 -0.005872 3.88838)
(0.000361895 -0.00582539 3.88836)
(0.00123127 -0.00569719 3.88868)
(0.00233801 -0.00554132 3.88929)
(0.0033862 -0.00509386 3.89014)
(0.00427528 -0.00484527 3.89141)
(-0.00376976 -0.00420642 3.88885)
(-0.00292007 -0.00458397 3.88773)
(-0.00206509 -0.00473273 3.88693)
(-0.00132565 -0.00497218 3.88656)
(-0.000524256 -0.00513461 3.8863)
(0.000381622 -0.00508373 3.88627)
(0.0012159 -0.00504066 3.88669)
(0.00206131 -0.00502166 3.88722)
(0.00293363 -0.00470751 3.88796)
(0.00372624 -0.00442265 3.88902)
(-0.00339156 -0.00376208 3.88708)
(-0.00278145 -0.00401991 3.88608)
(-0.00195282 -0.00413625 3.88542)
(-0.00119141 -0.00424122 3.88508)
(-0.000506733 -0.00449323 3.88509)
(0.0003938 -0.00449107 3.88511)
(0.00121958 -0.00432123 3.88521)
(0.00196638 -0.00439159 3.88568)
(0.0026688 -0.00419099 3.88635)
(0.00327096 -0.0039685 3.88731)
(-0.00313906 -0.00327459 3.88576)
(-0.00257697 -0.00349538 3.88496)
(-0.00175895 -0.00364149 3.88453)
(-0.000936454 -0.00358755 3.88423)
(-0.000343626 -0.00379945 3.88427)
(0.000275147 -0.0039031 3.88431)
(0.00104676 -0.00372107 3.88429)
(0.00188649 -0.00377494 3.88462)
(0.00254868 -0.00360627 3.88515)
(0.00305671 -0.00346888 3.88599)
(0.000558122 -0.00218703 2.81603)
(0.000451148 -0.00264197 2.86979)
(-0.000295865 -0.00276073 2.90774)
(-0.000450207 -0.00329105 2.93)
(-0.000480341 -0.00360532 2.94077)
(0.000130444 -0.00375343 2.93969)
(0.000937888 -0.00340164 2.92252)
(0.00101354 -0.00266739 2.90061)
(0.00122708 -0.0015351 2.86723)
(0.00188955 0.000343839 2.81818)
(-0.0024865 -0.00405532 3.71688)
(-0.00236132 -0.00435326 3.76336)
(-0.00235511 -0.00497474 3.79378)
(-0.00196299 -0.0056688 3.81197)
(-0.000952281 -0.00630695 3.82097)
(0.000394683 -0.00649045 3.82169)
(0.00129447 -0.00611508 3.81283)
(0.0013869 -0.00558448 3.79513)
(0.00154413 -0.00527419 3.76468)
(0.00252083 -0.00393079 3.71489)
(-0.00526124 -0.00472633 3.89122)
(-0.00425138 -0.00561912 3.90452)
(-0.00324304 -0.00646797 3.91203)
(-0.00248574 -0.00741217 3.91729)
(-0.000981347 -0.00810024 3.91964)
(0.000475788 -0.00823643 3.92027)
(0.00181917 -0.00754551 3.91814)
(0.00268839 -0.00667 3.91368)
(0.00288235 -0.00668796 3.9066)
(0.0036111 -0.00641633 3.89236)
(-0.00535548 -0.00492587 3.9121)
(-0.00420504 -0.00583261 3.91408)
(-0.00272198 -0.00635491 3.91459)
(-0.00187899 -0.00716057 3.91599)
(-0.000699152 -0.00775863 3.91645)
(0.000501955 -0.00782129 3.91678)
(0.00153208 -0.00730055 3.9165)
(0.00280193 -0.00631748 3.91563)
(0.00365144 -0.00589095 3.91472)
(0.00437684 -0.00612728 3.91334)
(-0.00481778 -0.00483258 3.90976)
(-0.00382193 -0.00565943 3.90937)
(-0.00239767 -0.00603463 3.90876)
(-0.00139009 -0.00658178 3.90871)
(-0.000441891 -0.0071849 3.90899)
(0.000527385 -0.00711718 3.90913)
(0.00124693 -0.00675684 3.90921)
(0.00234003 -0.00609649 3.90939)
(0.003576 -0.00538654 3.90948)
(0.00469597 -0.00537146 3.91042)
(-0.00441876 -0.0045952 3.90612)
(-0.0034401 -0.00536067 3.90499)
(-0.00225452 -0.00562602 3.90427)
(-0.001193 -0.0060043 3.90365)
(-0.000285818 -0.00652231 3.90368)
(0.000492315 -0.00636106 3.9036)
(0.0012189 -0.00606585 3.90376)
(0.00216284 -0.00568979 3.90429)
(0.00334395 -0.0051015 3.90509)
(0.00431758 -0.00495577 3.9065)
(-0.00400097 -0.00432761 3.90309)
(-0.00312844 -0.00500951 3.9019)
(-0.00213225 -0.00508907 3.90093)
(-0.00124988 -0.0054426 3.90044)
(-0.000388824 -0.00578491 3.9001)
(0.00036335 -0.00561691 3.90004)
(0.00113633 -0.00540374 3.9003)
(0.00206969 -0.0052025 3.90093)
(0.00318005 -0.00474058 3.90195)
(0.00394766 -0.00438681 3.90317)
(-0.00358201 -0.00396641 3.90067)
(-0.00298955 -0.00454912 3.89956)
(-0.00201744 -0.00450588 3.8986)
(-0.00126472 -0.00482057 3.89829)
(-0.000539179 -0.00508789 3.89805)
(0.000293882 -0.00494122 3.89797)
(0.0010696 -0.00477721 3.89826)
(0.00196837 -0.00475475 3.89886)
(0.00289141 -0.00435702 3.89964)
(0.00355889 -0.00388899 3.90066)
(-0.00325543 -0.003489 3.89873)
(-0.00282884 -0.00405179 3.89783)
(-0.00187572 -0.0040239 3.89709)
(-0.00110371 -0.00412334 3.89673)
(-0.000517048 -0.00444974 3.8967)
(0.00026144 -0.00435096 3.89669)
(0.000990395 -0.00413301 3.89682)
(0.00177774 -0.00429657 3.89733)
(0.0025325 -0.00397131 3.89791)
(0.0032482 -0.0035108 3.8989)
(-0.00288528 -0.0030869 3.89733)
(-0.00251234 -0.00359712 3.8966)
(-0.00171033 -0.00357765 3.89609)
(-0.0009382 -0.00346029 3.8957)
(-0.000384894 -0.00377486 3.89574)
(0.000195482 -0.00374607 3.89573)
(0.000880798 -0.00352745 3.89576)
(0.00163581 -0.00373587 3.8962)
(0.00228887 -0.00359168 3.89679)
(0.00296153 -0.00323916 3.89763)
(0.00102752 -0.00139216 2.79604)
(0.000979395 -0.00178193 2.84254)
(2.94828e-06 -0.00161274 2.87565)
(-0.000784083 -0.00201876 2.89553)
(-0.000438058 -0.00247969 2.90466)
(-2.88805e-05 -0.00257034 2.90515)
(0.00107265 -0.00218111 2.88827)
(0.00157288 -0.00126242 2.86926)
(0.000907118 -0.000411591 2.84308)
(0.00079208 0.000682747 2.80155)
(-0.00205649 -0.00323669 3.67722)
(-0.00208599 -0.0035697 3.72899)
(-0.00210074 -0.00401943 3.76237)
(-0.00208153 -0.00476672 3.78389)
(-0.000964609 -0.00554893 3.79451)
(0.000176224 -0.00562338 3.79504)
(0.00112873 -0.00545485 3.78516)
(0.00133346 -0.00458936 3.7644)
(0.000732391 -0.00438878 3.72937)
(0.00157002 -0.00337338 3.67595)
(-0.00522156 -0.0039481 3.882)
(-0.00423727 -0.00489136 3.9005)
(-0.0031619 -0.00576219 3.91091)
(-0.00230847 -0.00676907 3.91766)
(-0.000834929 -0.00768678 3.92147)
(0.00054251 -0.00757259 3.92151)
(0.00178177 -0.00721782 3.91942)
(0.00260566 -0.00589057 3.91225)
(0.00273464 -0.00566746 3.90165)
(0.00337327 -0.00567685 3.88294)
(-0.00548779 -0.00445567 3.91833)
(-0.00413166 -0.00541277 3.92165)
(-0.00256455 -0.00604768 3.92328)
(-0.0014377 -0.00689366 3.92505)
(-0.00042839 -0.00750279 3.92592)
(0.00056876 -0.00739136 3.92602)
(0.0014019 -0.00717128 3.92567)
(0.00245483 -0.00595991 3.92381)
(0.0036713 -0.0051445 3.92188)
(0.00436453 -0.00542517 3.91885)
(-0.0046652 -0.00475151 3.91966)
(-0.0034684 -0.00556501 3.91972)
(-0.00199631 -0.00595208 3.91949)
(-0.000987807 -0.00643075 3.91957)
(-0.000276744 -0.00685698 3.91973)
(0.00048711 -0.00675222 3.9198)
(0.00104531 -0.00660669 3.91983)
(0.00191518 -0.00593586 3.91982)
(0.00332704 -0.00501414 3.91952)
(0.004418 -0.00485571 3.91972)
(-0.00415922 -0.00466157 3.917)
(-0.0031454 -0.00539191 3.91606)
(-0.00198208 -0.00552466 3.91535)
(-0.00107857 -0.00577957 3.91473)
(-0.000302122 -0.00616331 3.91463)
(0.000461829 -0.0060328 3.91459)
(0.00108008 -0.0058507 3.91489)
(0.00176637 -0.00555492 3.91536)
(0.0028935 -0.00493052 3.91603)
(0.00391666 -0.00460588 3.91711)
(-0.00381394 -0.00437783 3.91422)
(-0.0030893 -0.00499343 3.91303)
(-0.00211958 -0.00491235 3.91197)
(-0.00126989 -0.00518906 3.91144)
(-0.00039352 -0.00550591 3.91119)
(0.000450644 -0.00535405 3.91113)
(0.00116344 -0.00510062 3.91133)
(0.00191668 -0.00496336 3.91193)
(0.00290508 -0.00452587 3.91304)
(0.0036366 -0.00411275 3.91419)
(-0.00359072 -0.00392114 3.91176)
(-0.00307441 -0.00451007 3.91066)
(-0.00206748 -0.00437063 3.90966)
(-0.00121825 -0.00468303 3.90933)
(-0.00044613 -0.00489719 3.90911)
(0.000316594 -0.00474994 3.90905)
(0.00105243 -0.00448844 3.90915)
(0.00196866 -0.00450432 3.90976)
(0.00286498 -0.00409453 3.91056)
(0.0035551 -0.00356285 3.91163)
(-0.00323941 -0.0034981 3.90978)
(-0.00280648 -0.00408832 3.90895)
(-0.00186094 -0.00397248 3.9082)
(-0.00108527 -0.00412003 3.9078)
(-0.000436571 -0.00430076 3.90761)
(0.000207294 -0.00413406 3.90759)
(0.000859591 -0.0039636 3.9078)
(0.00168466 -0.00412921 3.90827)
(0.00244323 -0.00381531 3.90879)
(0.00334132 -0.00330263 3.9098)
(-0.00285328 -0.00321849 3.9084)
(-0.00238943 -0.00367202 3.90768)
(-0.00170214 -0.00351559 3.90708)
(-0.00104832 -0.00351153 3.90666)
(-0.000402943 -0.00372416 3.90658)
(0.000204776 -0.0034819 3.90652)
(0.000789076 -0.00339159 3.90667)
(0.0014158 -0.00360051 3.90715)
(0.00204454 -0.0035712 3.90775)
(0.00296046 -0.00326104 3.90861)
(0.00130712 -0.00072402 2.78352)
(0.00114337 -0.000981224 2.82334)
(8.13715e-05 -0.000755485 2.85019)
(-0.00099415 -0.000991605 2.86959)
(-0.000306833 -0.00155189 2.87729)
(6.72274e-05 -0.00155775 2.8787)
(0.00096971 -0.00114393 2.86423)
(0.00190916 -0.000203864 2.84578)
(0.000943542 0.000573493 2.82523)
(-1.85844e-06 0.000723649 2.79011)
(-0.0018598 -0.00236005 3.63808)
(-0.00185021 -0.00297195 3.69407)
(-0.00165861 -0.00337468 3.73007)
(-0.00169185 -0.00414467 3.75435)
(-0.000647696 -0.00482288 3.76646)
(7.98569e-06 -0.00474464 3.76687)
(0.000628346 -0.00478851 3.75563)
(0.00130189 -0.00395504 3.73239)
(0.000632216 -0.00333985 3.69336)
(0.00118478 -0.00265441 3.63795)
(-0.0049177 -0.00348094 3.86918)
(-0.00405866 -0.00448609 3.89318)
(-0.00291469 -0.00538219 3.90711)
(-0.00179496 -0.00627471 3.91532)
(-0.00054434 -0.00707333 3.92032)
(0.000567198 -0.00666512 3.91973)
(0.00142866 -0.0067739 3.91748)
(0.00221563 -0.00575224 3.90838)
(0.00252776 -0.00498614 3.89352)
(0.00310074 -0.0049735 3.87008)
(-0.00521515 -0.00439303 3.92279)
(-0.00379598 -0.0052286 3.9277)
(-0.0024238 -0.00598931 3.93081)
(-0.00102327 -0.00659926 3.9326)
(-0.000225101 -0.00702174 3.93379)
(0.000569107 -0.00663921 3.9336)
(0.00139012 -0.00673009 3.9332)
(0.00216242 -0.00598126 3.93084)
(0.00348804 -0.00487827 3.92781)
(0.00425991 -0.00474227 3.92261)
(-0.00443092 -0.00485831 3.92855)
(-0.00308638 -0.00543494 3.92907)
(-0.00190516 -0.00590595 3.92932)
(-0.000860564 -0.0062087 3.9295)
(-0.000227096 -0.00633994 3.92939)
(0.000407439 -0.00609734 3.92939)
(0.00111423 -0.00618955 3.92944)
(0.00179914 -0.00585422 3.92932)
(0.00307682 -0.00496313 3.92886)
(0.00415866 -0.00437018 3.92803)
(-0.00393954 -0.00484061 3.92703)
(-0.00290119 -0.00520446 3.9263)
(-0.00197123 -0.00541629 3.92567)
(-0.00115873 -0.0055554 3.92521)
(-0.000424309 -0.00566874 3.92491)
(0.00042907 -0.00548116 3.92492)
(0.00116845 -0.00549832 3.92539)
(0.00169715 -0.00537725 3.92579)
(0.00263904 -0.00492728 3.92629)
(0.00367981 -0.00425736 3.9268)
(-0.00371369 -0.00448184 3.92456)
(-0.00298875 -0.00471074 3.92336)
(-0.0021518 -0.00481564 3.92243)
(-0.00129595 -0.00494671 3.92189)
(-0.000455395 -0.00510524 3.92177)
(0.000486398 -0.0049302 3.92175)
(0.00130076 -0.00476952 3.92189)
(0.00191902 -0.00467435 3.92245)
(0.00272093 -0.00450224 3.92345)
(0.00353282 -0.00392962 3.92447)
(-0.00367512 -0.00393209 3.92217)
(-0.00297111 -0.0042606 3.92104)
(-0.00203766 -0.00434768 3.92019)
(-0.00111111 -0.00449706 3.91974)
(-0.000341368 -0.00454025 3.91954)
(0.00030002 -0.00439985 3.91955)
(0.00108286 -0.00423341 3.91955)
(0.00198746 -0.00414696 3.92008)
(0.00280567 -0.00400103 3.9209)
(0.00357759 -0.00354349 3.92203)
(-0.00335024 -0.00361379 3.92029)
(-0.00261075 -0.00398419 3.91942)
(-0.00179021 -0.00396149 3.91872)
(-0.00102739 -0.0040479 3.91828)
(-0.000310571 -0.0039089 3.9179)
(0.000199464 -0.00375827 3.91789)
(0.000823495 -0.00381131 3.91818)
(0.00163785 -0.00381151 3.91857)
(0.00243376 -0.00370924 3.91912)
(0.00341529 -0.00335933 3.92016)
(-0.00287516 -0.00348447 3.91901)
(-0.00217625 -0.00362118 3.91818)
(-0.00165104 -0.00344829 3.91751)
(-0.0011245 -0.0034962 3.91712)
(-0.000387232 -0.00337836 3.91685)
(0.00029085 -0.00310214 3.91677)
(0.000820537 -0.00324321 3.91707)
(0.0013101 -0.0033307 3.91748)
(0.00194521 -0.00348199 3.91808)
(0.00292082 -0.00337407 3.91899)
(0.00162224 -0.000376793 2.77618)
(0.00112826 -0.000337512 2.80948)
(0.00025064 -0.000305525 2.8301)
(-0.00076913 -0.000261265 2.85008)
(-0.000185631 -0.000792521 2.85773)
(0.000343199 -0.000675004 2.85935)
(0.000675843 -0.000387337 2.84731)
(0.0016943 0.000453594 2.82968)
(0.000720218 0.00101363 2.81127)
(-0.000863391 0.00037247 2.78156)
(-0.00161327 -0.0017303 3.60119)
(-0.00161896 -0.00243638 3.65972)
(-0.00131527 -0.00304614 3.69811)
(-0.000978807 -0.00362524 3.72448)
(-0.000172435 -0.00415982 3.73755)
(-9.01809e-05 -0.0039048 3.73765)
(7.10674e-05 -0.00413187 3.72506)
(0.00117062 -0.00350607 3.69999)
(0.00102693 -0.00233502 3.65814)
(0.00124226 -0.00177376 3.60195)
(-0.00422528 -0.00326796 3.85333)
(-0.00367115 -0.00423312 3.88287)
(-0.00255151 -0.00533468 3.90088)
(-0.00110342 -0.00590595 3.91073)
(-0.000224029 -0.00634925 3.91636)
(0.000375136 -0.00573747 3.91551)
(0.000919185 -0.00629251 3.91267)
(0.00163096 -0.00589066 3.90199)
(0.0022095 -0.00473051 3.88293)
(0.00270993 -0.00430515 3.85459)
(-0.00468004 -0.00425372 3.92519)
(-0.00338537 -0.00516004 3.93236)
(-0.00235894 -0.00605705 3.93715)
(-0.00084821 -0.00630066 3.93891)
(-0.000145262 -0.00637289 3.94022)
(0.000483612 -0.0057853 3.93986)
(0.00148655 -0.00621407 3.93939)
(0.00195134 -0.00603664 3.93678)
(0.00310605 -0.00503585 3.9327)
(0.00386668 -0.00419895 3.92492)
(-0.00410574 -0.00476365 3.93632)
(-0.00274029 -0.00536031 3.93759)
(-0.00200049 -0.00584237 3.93831)
(-0.00100279 -0.00595779 3.93856)
(-0.000296267 -0.00570685 3.93828)
(0.000339303 -0.00538269 3.93821)
(0.00136502 -0.00574265 3.93831)
(0.0019736 -0.00562641 3.93805)
(0.00303608 -0.00503879 3.93756)
(0.00394467 -0.00385328 3.93547)
(-0.00358781 -0.0048728 3.93621)
(-0.00268796 -0.00501557 3.93582)
(-0.00204847 -0.00527577 3.93533)
(-0.00130668 -0.0053616 3.93516)
(-0.000566945 -0.00507539 3.93469)
(0.000385795 -0.00492397 3.93474)
(0.00133352 -0.00518131 3.93528)
(0.0019145 -0.00513267 3.93559)
(0.00270881 -0.00492605 3.93588)
(0.00372827 -0.00385776 3.93569)
(-0.00350615 -0.00444828 3.93416)
(-0.00282723 -0.00441183 3.9331)
(-0.00212112 -0.00474177 3.93246)
(-0.0012726 -0.00473839 3.93197)
(-0.000525063 -0.00455589 3.93188)
(0.000479332 -0.00452217 3.93191)
(0.00142419 -0.0045233 3.93208)
(0.00202439 -0.0044894 3.93257)
(0.00262637 -0.00453249 3.93328)
(0.00353287 -0.00388641 3.93409)
(-0.00357426 -0.003921 3.932)
(-0.00267916 -0.00397314 3.93089)
(-0.0019704 -0.00433958 3.9303)
(-0.00106548 -0.00424702 3.92969)
(-0.000279664 -0.00402648 3.92947)
(0.000385122 -0.00408363 3.92956)
(0.00123952 -0.00403094 3.92959)
(0.00201904 -0.00388028 3.93003)
(0.00265404 -0.0040044 3.93083)
(0.00348498 -0.00372435 3.932)
(-0.00333336 -0.00371642 3.93032)
(-0.0022667 -0.00373622 3.92931)
(-0.00171041 -0.00387556 3.92869)
(-0.00105264 -0.00383645 3.92821)
(-0.000222007 -0.00345951 3.92774)
(0.000347617 -0.00348959 3.92775)
(0.00101988 -0.00366467 3.9281)
(0.00174631 -0.00342363 3.92839)
(0.00248407 -0.00357771 3.92908)
(0.00336141 -0.0035228 3.93015)
(-0.00288677 -0.00363971 3.92914)
(-0.00198585 -0.00339291 3.92811)
(-0.00154592 -0.00325728 3.92742)
(-0.0011068 -0.0033515 3.92709)
(-0.000331493 -0.00301269 3.92668)
(0.000420133 -0.0029125 3.92663)
(0.000952088 -0.00312683 3.92701)
(0.00141552 -0.00300963 3.9273)
(0.00212806 -0.00322311 3.9279)
(0.00295157 -0.00336822 3.92889)
(0.00182741 -0.000198717 2.77217)
(0.000822702 0.000209372 2.79907)
(0.000373726 -3.87161e-05 2.81497)
(-0.000154939 3.93192e-05 2.83496)
(-1.89201e-05 -0.000110534 2.84443)
(0.000364843 1.44921e-05 2.84563)
(0.000135276 7.93361e-05 2.83456)
(0.000738213 0.000571501 2.81833)
(-4.96886e-05 0.000705257 2.79926)
(-0.00159316 -6.09888e-05 2.77576)
(-0.00107602 -0.0015175 3.56748)
(-0.00129819 -0.00205839 3.62649)
(-0.00101729 -0.00289005 3.66726)
(-0.000232307 -0.00336258 3.69465)
(0.000210913 -0.00340736 3.70812)
(-0.000169708 -0.00318965 3.70802)
(-0.000206321 -0.00344196 3.69442)
(0.000923524 -0.00303282 3.6681)
(0.00127873 -0.00183538 3.62508)
(0.00111825 -0.00126475 3.56858)
(-0.00324031 -0.00321902 3.83513)
(-0.00314387 -0.00403565 3.86997)
(-0.00208849 -0.0054008 3.89229)
(-0.000583322 -0.00573115 3.90402)
(-3.95032e-05 -0.00546004 3.9098)
(7.42774e-05 -0.00506117 3.90909)
(0.000524382 -0.00578305 3.90539)
(0.00118627 -0.005776 3.89298)
(0.0019138 -0.00464128 3.87032)
(0.00233289 -0.00372248 3.837)
(-0.00398752 -0.00388755 3.92544)
(-0.00298619 -0.00511393 3.93566)
(-0.00223038 -0.0061728 3.94214)
(-0.0010452 -0.00599874 3.94421)
(-0.000291018 -0.00557991 3.9455)
(0.000432599 -0.00521152 3.94517)
(0.00152554 -0.00574323 3.94463)
(0.00183227 -0.00585518 3.94158)
(0.00273308 -0.00520524 3.93639)
(0.00338208 -0.00394787 3.92573)
(-0.003587 -0.00431871 3.94296)
(-0.00247658 -0.00527873 3.94538)
(-0.00212181 -0.00574211 3.94647)
(-0.00136238 -0.00561491 3.94686)
(-0.000462648 -0.00510164 3.94664)
(0.00041454 -0.0049467 3.94653)
(0.00158022 -0.00531268 3.94659)
(0.00226096 -0.00526346 3.94614)
(0.0032055 -0.00494029 3.9455)
(0.00399331 -0.00346951 3.94211)
(-0.00324039 -0.0044573 3.94454)
(-0.00252308 -0.00482833 3.94478)
(-0.00210565 -0.0051218 3.94447)
(-0.00139733 -0.00511635 3.94458)
(-0.00058571 -0.00460766 3.94415)
(0.000400552 -0.00458604 3.9442)
(0.00143636 -0.00491229 3.94457)
(0.00222836 -0.00487827 3.94479)
(0.00293756 -0.00477205 3.9448)
(0.00387725 -0.00360067 3.94394)
(-0.0031797 -0.00417577 3.94313)
(-0.00252344 -0.00423126 3.94249)
(-0.00198622 -0.00464986 3.94214)
(-0.00118687 -0.00452127 3.94172)
(-0.000469317 -0.00413104 3.9416)
(0.000457181 -0.00417361 3.94166)
(0.00138444 -0.00440078 3.9419)
(0.00207302 -0.00440377 3.94231)
(0.00257123 -0.00446462 3.94261)
(0.00356923 -0.0038797 3.94315)
(-0.0031876 -0.00385343 3.94139)
(-0.00224138 -0.00378998 3.94039)
(-0.00182578 -0.00420195 3.94001)
(-0.00105113 -0.00396963 3.93931)
(-0.000264202 -0.00362756 3.93906)
(0.000459583 -0.003713 3.93917)
(0.00130292 -0.00389074 3.93937)
(0.00193859 -0.00378075 3.9398)
(0.00246043 -0.00399321 3.94051)
(0.00337088 -0.00388694 3.94157)
(-0.00296347 -0.00372489 3.93996)
(-0.00194219 -0.00340477 3.93879)
(-0.00164227 -0.00362435 3.93821)
(-0.0010404 -0.00354939 3.9377)
(-0.00019294 -0.00311982 3.93728)
(0.000467058 -0.00319691 3.93731)
(0.0012293 -0.00347637 3.93767)
(0.00189223 -0.00318749 3.93798)
(0.00249798 -0.00344199 3.93883)
(0.00309975 -0.00364018 3.93988)
(-0.0027875 -0.00351551 3.9388)
(-0.00184327 -0.00294564 3.93758)
(-0.00143093 -0.00300964 3.93692)
(-0.000955996 -0.00312854 3.93662)
(-0.000221344 -0.00268283 3.93619)
(0.000502041 -0.00271457 3.9362)
(0.00113245 -0.0030339 3.93659)
(0.00170522 -0.00277354 3.9368)
(0.00235397 -0.00288184 3.93742)
(0.00285358 -0.00322019 3.93848)
(0.00142089 0.000259089 2.76956)
(-8.75949e-05 0.000905469 2.79084)
(3.5587e-05 0.000266323 2.80449)
(0.000246176 0.000147918 2.82261)
(-8.28117e-05 0.00038185 2.83475)
(-0.00013997 0.000433646 2.83567)
(-0.000533963 0.000256766 2.82486)
(-0.000174685 0.000356446 2.80858)
(-0.000458575 0.00044019 2.78965)
(-0.00164695 3.82902e-05 2.77212)
(-0.000447606 -0.00147809 3.5371)
(-0.000974199 -0.00175706 3.59496)
(-0.000788529 -0.00284245 3.63784)
(0.000201306 -0.00312808 3.66535)
(0.000359634 -0.00276134 3.67895)
(-0.000255875 -0.00264798 3.67855)
(-0.00014382 -0.00295887 3.66454)
(0.000874094 -0.00262888 3.63775)
(0.00135865 -0.00164908 3.59487)
(0.000846012 -0.000824345 3.53839)
(-0.00241984 -0.00307586 3.81541)
(-0.00260864 -0.00380718 3.85505)
(-0.0016763 -0.00542805 3.88125)
(-0.000438606 -0.00551668 3.89526)
(3.37859e-05 -0.00477543 3.901)
(-0.000142124 -0.00462776 3.90062)
(0.000305377 -0.00549382 3.89595)
(0.000891148 -0.00549314 3.88171)
(0.00151869 -0.00459139 3.85608)
(0.00182709 -0.00318496 3.8178)
(-0.003183 -0.00357865 3.92378)
(-0.00256677 -0.00504667 3.93768)
(-0.00200028 -0.00618785 3.94566)
(-0.00139229 -0.00571278 3.94868)
(-0.000480438 -0.00508043 3.94992)
(0.000514574 -0.00486049 3.94973)
(0.00150255 -0.00554117 3.94909)
(0.00171779 -0.00560369 3.9453)
(0.00244165 -0.00526809 3.9386)
(0.00301475 -0.00371892 3.92481)
(-0.00307286 -0.0037331 3.94853)
(-0.0023639 -0.00512639 3.95239)
(-0.00219154 -0.00551427 3.95389)
(-0.00171195 -0.00526287 3.95458)
(-0.000604212 -0.00487295 3.95469)
(0.000675477 -0.00472598 3.95455)
(0.00181663 -0.00501893 3.9544)
(0.00249167 -0.00494956 3.95367)
(0.00332378 -0.00478822 3.95262)
(0.00391414 -0.00333516 3.94803)
(-0.00297299 -0.00373986 3.95215)
(-0.00250653 -0.00467553 3.95323)
(-0.0020834 -0.00488619 3.95319)
(-0.001398 -0.00488576 3.9535)
(-0.000540297 -0.00454093 3.95334)
(0.000489547 -0.00448878 3.95334)
(0.00153917 -0.00467961 3.95332)
(0.00254967 -0.0046696 3.95341)
(0.00322722 -0.0044832 3.95309)
(0.00393061 -0.00342612 3.95176)
(-0.00276797 -0.00367402 3.95168)
(-0.00225584 -0.00422945 3.95166)
(-0.00178387 -0.00447606 3.95148)
(-0.00103394 -0.00436359 3.95119)
(-0.000422848 -0.00405109 3.951)
(0.000342095 -0.00407274 3.95104)
(0.00125006 -0.00434227 3.95131)
(0.00212487 -0.00440065 3.95161)
(0.00263146 -0.00427128 3.95156)
(0.00354797 -0.00371084 3.95175)
(-0.00254236 -0.00363452 3.9505)
(-0.00187615 -0.00373729 3.94972)
(-0.00161127 -0.00398533 3.94943)
(-0.000965142 -0.00372956 3.94877)
(-0.000319931 -0.00349454 3.94851)
(0.00039961 -0.00356184 3.94858)
(0.00120903 -0.00387124 3.94898)
(0.00179301 -0.00385278 3.94941)
(0.00221411 -0.00391553 3.94997)
(0.00299039 -0.00383035 3.95078)
(-0.00246932 -0.00344218 3.94931)
(-0.00173224 -0.00316949 3.94808)
(-0.00148635 -0.00335419 3.94748)
(-0.000912582 -0.00319756 3.94697)
(-0.000225406 -0.00296002 3.94674)
(0.000481974 -0.00308943 3.94677)
(0.00128816 -0.0033646 3.94706)
(0.00187515 -0.00318095 3.94749)
(0.00234084 -0.00330331 3.94839)
(0.0026814 -0.00347319 3.94936)
(-0.00236053 -0.0030748 3.94809)
(-0.00174565 -0.00262063 3.94682)
(-0.0012799 -0.00279133 3.94618)
(-0.000700017 -0.00273619 3.94584)
(-0.000149922 -0.00242743 3.94552)
(0.00046958 -0.00268602 3.94561)
(0.00121005 -0.00294936 3.94591)
(0.00188286 -0.00272962 3.94615)
(0.00243326 -0.00263553 3.94681)
(0.00257065 -0.00285633 3.94788)
(0.000353612 0.00099528 2.76589)
(-0.0012398 0.00155405 2.78378)
(-0.000885253 0.000756306 2.79821)
(-4.8106e-05 0.000263237 2.81252)
(-0.000167518 0.000599838 2.82701)
(-0.000773035 0.000653579 2.82769)
(-0.00108929 0.000287428 2.81759)
(-0.000391713 0.000209928 2.80063)
(0.000175585 0.000746593 2.78323)
(-0.000867142 0.000662173 2.76825)
(-0.000329212 -0.0011743 3.51003)
(-0.000970553 -0.00141056 3.566)
(-0.000890906 -0.00256611 3.60986)
(1.96525e-05 -0.00282486 3.63724)
(0.000214707 -0.00240088 3.65057)
(-0.000395052 -0.00221604 3.64996)
(-1.19582e-05 -0.00267463 3.63636)
(0.00093657 -0.00241832 3.60958)
(0.0012849 -0.00152616 3.56759)
(0.000584159 -0.000438967 3.51151)
(-0.00180956 -0.00291065 3.79511)
(-0.00202358 -0.00371447 3.83885)
(-0.00139162 -0.005156 3.868)
(-0.000701411 -0.00527862 3.88441)
(-6.77862e-05 -0.00451482 3.89039)
(-0.000244592 -0.00433979 3.89041)
(0.000268025 -0.00529898 3.88467)
(0.000832133 -0.00522581 3.8686)
(0.00119347 -0.00441428 3.84033)
(0.00148565 -0.00268491 3.79736)
(-0.00246903 -0.00343206 3.92046)
(-0.00228952 -0.00494821 3.93833)
(-0.00184739 -0.00581717 3.94763)
(-0.00175136 -0.00561073 3.9523)
(-0.000685384 -0.00503406 3.95362)
(0.000657122 -0.00471816 3.9536)
(0.00148888 -0.00547715 3.95269)
(0.00160114 -0.00554544 3.94796)
(0.00206154 -0.00527691 3.93917)
(0.00263319 -0.00378291 3.92197)
(-0.00282202 -0.00323291 3.95318)
(-0.00255115 -0.00479334 3.95861)
(-0.00224281 -0.00514139 3.96079)
(-0.00186659 -0.00514715 3.96192)
(-0.00074324 -0.00505102 3.96257)
(0.000915736 -0.00472317 3.9624)
(0.00204891 -0.0048731 3.96185)
(0.00260845 -0.00477514 3.96078)
(0.00319467 -0.00467098 3.9589)
(0.0035888 -0.00358153 3.95333)
(-0.00291197 -0.00310329 3.95933)
(-0.0025686 -0.00441976 3.96119)
(-0.00204607 -0.00468904 3.96164)
(-0.00131214 -0.00484112 3.96201)
(-0.000492533 -0.00480968 3.96223)
(0.000533863 -0.00459588 3.96217)
(0.0016339 -0.00462267 3.96174)
(0.00273301 -0.00444215 3.96156)
(0.00336712 -0.00417901 3.96097)
(0.0037803 -0.00345968 3.95929)
(-0.00260457 -0.00322288 3.96007)
(-0.00206831 -0.00416243 3.96059)
(-0.00162563 -0.00435962 3.9605)
(-0.000959309 -0.00439342 3.96035)
(-0.000384439 -0.00429561 3.9601)
(0.000288497 -0.00419514 3.9601)
(0.00114551 -0.00441603 3.96036)
(0.00212617 -0.00433964 3.96047)
(0.00273264 -0.00396299 3.96026)
(0.00335065 -0.0035434 3.96008)
(-0.00210854 -0.00337698 3.9595)
(-0.0016534 -0.00368867 3.95896)
(-0.00145519 -0.00383457 3.9586)
(-0.000965759 -0.00372807 3.95815)
(-0.00042192 -0.00373346 3.95794)
(0.000395367 -0.003694 3.95793)
(0.00114008 -0.00393155 3.95838)
(0.00167719 -0.00395968 3.9588)
(0.00208856 -0.0036993 3.9592)
(0.00258333 -0.00352968 3.95966)
(-0.00201919 -0.00308096 3.95843)
(-0.00162218 -0.0030106 3.95732)
(-0.00133079 -0.00320141 3.95667)
(-0.000816864 -0.00308694 3.95621)
(-0.000318668 -0.00322931 3.95622)
(0.000469249 -0.00331003 3.95624)
(0.00126235 -0.00331711 3.95638)
(0.00177119 -0.00329793 3.95696)
(0.00207124 -0.00310747 3.95775)
(0.00219498 -0.00308184 3.95855)
(-0.00200465 -0.00253631 3.95714)
(-0.00170655 -0.00246826 3.95601)
(-0.00113082 -0.00269207 3.95537)
(-0.000481676 -0.00257152 3.95495)
(-9.9284e-05 -0.00262161 3.95484)
(0.000380319 -0.00293923 3.95496)
(0.00112705 -0.00289813 3.95508)
(0.00181682 -0.00276472 3.95544)
(0.0022156 -0.00244604 3.95609)
(0.00225933 -0.00241468 3.9571)
(-0.000914766 0.00171263 2.76055)
(-0.00190792 0.00178461 2.77795)
(-0.00165791 0.00112021 2.79395)
(-0.000450781 0.000332369 2.80552)
(-3.46075e-05 0.000701502 2.82052)
(-0.00105454 0.000694119 2.82067)
(-0.00124432 0.000379584 2.81277)
(-0.000164448 0.000306325 2.79595)
(0.00127542 0.00124472 2.77928)
(0.000348184 0.00141267 2.76194)
(-0.000705186 -0.000709322 3.48586)
(-0.00107418 -0.0012475 3.53983)
(-0.00104814 -0.00210495 3.58314)
(-0.000595172 -0.00248543 3.61063)
(-0.000268826 -0.0020384 3.62356)
(-0.000517697 -0.00200171 3.62313)
(0.000113027 -0.00232737 3.61019)
(0.000887068 -0.00218478 3.58371)
(0.00108399 -0.00148103 3.54272)
(0.000290207 -0.000413395 3.48667)
(-0.00150047 -0.00293884 3.77479)
(-0.00146713 -0.00382437 3.82169)
(-0.00129131 -0.00455624 3.85283)
(-0.00130211 -0.00488684 3.87151)
(-0.0004989 -0.00434355 3.87841)
(-0.000194848 -0.00432035 3.87876)
(0.000444922 -0.00492532 3.87177)
(0.00103315 -0.00477447 3.85378)
(0.00123927 -0.00406253 3.82308)
(0.00151536 -0.00231732 3.77582)
(-0.00212623 -0.00369303 3.91553)
(-0.00238822 -0.00469664 3.93747)
(-0.00193854 -0.00512945 3.94825)
(-0.00199878 -0.00546364 3.95487)
(-0.000922214 -0.00515321 3.95662)
(0.000795488 -0.00498582 3.95673)
(0.00150557 -0.00533542 3.95515)
(0.00167786 -0.00545524 3.9493)
(0.00182432 -0.00518038 3.93793)
(0.00238589 -0.00411814 3.91695)
(-0.00286667 -0.00313585 3.95717)
(-0.00295003 -0.00426643 3.96417)
(-0.0023141 -0.00475592 3.96735)
(-0.00178292 -0.00504364 3.96903)
(-0.000828882 -0.00533574 3.97017)
(0.00100586 -0.005109 3.97004)
(0.00205263 -0.00475249 3.96899)
(0.00257558 -0.00473118 3.96757)
(0.0028582 -0.00451234 3.9644)
(0.00318214 -0.00419825 3.95797)
(-0.00314909 -0.0028205 3.96642)
(-0.00261726 -0.0040771 3.9688)
(-0.00197747 -0.00457144 3.96992)
(-0.00116928 -0.00475177 3.97021)
(-0.00039402 -0.00516008 3.97078)
(0.00055454 -0.00499462 3.97071)
(0.00162236 -0.00457462 3.96996)
(0.0026475 -0.00428422 3.96951)
(0.00320087 -0.00389678 3.96863)
(0.00345564 -0.0037724 3.96667)
(-0.00265733 -0.00306086 3.96844)
(-0.00194596 -0.00406225 3.96919)
(-0.00150857 -0.00422193 3.96923)
(-0.000957807 -0.00438117 3.96919)
(-0.000303995 -0.00466998 3.96895)
(0.0003204 -0.00456195 3.96891)
(0.00110491 -0.00446026 3.96911)
(0.00203648 -0.00413902 3.96897)
(0.00272904 -0.00363188 3.96883)
(0.00302343 -0.00347263 3.96829)
(-0.00203463 -0.00318653 3.96838)
(-0.00169926 -0.00367277 3.96812)
(-0.00130984 -0.00362305 3.96759)
(-0.000950487 -0.00378244 3.96743)
(-0.000447818 -0.00414242 3.96728)
(0.000389462 -0.00405248 3.96721)
(0.000976893 -0.00398639 3.96754)
(0.00152915 -0.00389913 3.96784)
(0.00209396 -0.00338511 3.96816)
(0.00238335 -0.00314377 3.96827)
(-0.00179007 -0.00275202 3.96741)
(-0.00175604 -0.00301334 3.9666)
(-0.00121133 -0.0030488 3.9659)
(-0.000710867 -0.00309962 3.96554)
(-0.000370455 -0.00364777 3.96567)
(0.000358953 -0.00363936 3.96566)
(0.000983007 -0.00333409 3.96566)
(0.00150618 -0.0034172 3.9663)
(0.00181105 -0.002919 3.96689)
(0.00191726 -0.00267521 3.96748)
(-0.00183871 -0.00213008 3.96611)
(-0.00174589 -0.00247848 3.96527)
(-0.00107494 -0.00264112 3.96463)
(-0.000412677 -0.00250465 3.96412)
(-0.000127605 -0.00300772 3.9642)
(0.00020173 -0.00315283 3.96427)
(0.000846091 -0.00288799 3.96425)
(0.00150357 -0.00285553 3.96476)
(0.00171547 -0.0023765 3.96536)
(0.00187193 -0.0021408 3.96622)
(-0.0021043 0.00239373 2.75492)
(-0.00211223 0.00174125 2.77356)
(-0.00204809 0.00121316 2.78965)
(-0.000847796 0.000501899 2.8023)
(9.92149e-05 0.000638245 2.8152)
(-0.000614379 0.000624139 2.8149)
(-0.00060469 0.00057551 2.81005)
(0.000452646 0.000687796 2.79551)
(0.00232262 0.00174911 2.77636)
(0.00175921 0.00208509 2.75255)
(-0.00126246 -9.88524e-05 3.46412)
(-0.00133342 -0.00110454 3.51636)
(-0.00129052 -0.00157617 3.55801)
(-0.00135873 -0.00197865 3.58606)
(-0.000893665 -0.00181717 3.59866)
(-0.000424085 -0.00199755 3.59849)
(0.00030178 -0.00185408 3.58605)
(0.000739582 -0.00187554 3.55967)
(0.000942086 -0.00134789 3.51992)
(0.000355439 -0.000573332 3.46396)
(-0.00155558 -0.00265725 3.75479)
(-0.00131972 -0.00384328 3.80371)
(-0.00146305 -0.00381755 3.83631)
(-0.00189551 -0.00426867 3.85698)
(-0.00101641 -0.00433245 3.86539)
(2.33481e-05 -0.00459289 3.86596)
(0.000860605 -0.0043287 3.85732)
(0.00149294 -0.00414191 3.83735)
(0.00164121 -0.00354725 3.80475)
(0.00186254 -0.00210352 3.75387)
(-0.00212975 -0.00401279 3.90916)
(-0.00247866 -0.00455153 3.93503)
(-0.00197142 -0.00449066 3.9478)
(-0.00176473 -0.00524316 3.95617)
(-0.000841683 -0.0054314 3.95875)
(0.000767667 -0.00555732 3.95891)
(0.00136359 -0.00522841 3.95626)
(0.00198333 -0.00525514 3.94902)
(0.00210649 -0.0048885 3.93476)
(0.00263344 -0.00419889 3.90953)
(-0.00294911 -0.00361326 3.96069)
(-0.00301131 -0.00405947 3.96936)
(-0.00207908 -0.0044916 3.97368)
(-0.00129621 -0.00501045 3.97588)
(-0.000623605 -0.00554508 3.97722)
(0.000883497 -0.00557757 3.9772)
(0.00168516 -0.00481764 3.97585)
(0.00223431 -0.00489166 3.97396)
(0.00245318 -0.00460712 3.96928)
(0.00294064 -0.0047714 3.96168)
(-0.00331543 -0.00327916 3.97357)
(-0.00256092 -0.00392208 3.97622)
(-0.00185156 -0.00440524 3.97797)
(-0.00102999 -0.00467907 3.97819)
(-0.00028693 -0.00532595 3.97889)
(0.000585492 -0.00535178 3.97886)
(0.00151258 -0.00454564 3.97807)
(0.00225899 -0.00431908 3.97745)
(0.00277463 -0.00399932 3.97618)
(0.00295346 -0.00428469 3.97392)
(-0.00285906 -0.00336125 3.97678)
(-0.00213201 -0.00384935 3.97747)
(-0.0015915 -0.00401428 3.97767)
(-0.00102048 -0.00436746 3.97771)
(-0.000233109 -0.00490846 3.9776)
(0.000420706 -0.00492654 3.97756)
(0.00118173 -0.00438833 3.97761)
(0.00195449 -0.00393692 3.97733)
(0.00272209 -0.00357481 3.97734)
(0.00278235 -0.00347588 3.97649)
(-0.00235914 -0.00311054 3.9771)
(-0.00206881 -0.00351704 3.97705)
(-0.00135518 -0.00348528 3.97644)
(-0.000911895 -0.00394414 3.97652)
(-0.000335945 -0.00444544 3.97644)
(0.00040181 -0.00443851 3.97636)
(0.000907421 -0.00399598 3.97648)
(0.00152268 -0.00370342 3.97654)
(0.00227082 -0.00327787 3.97688)
(0.00238343 -0.00286019 3.97672)
(-0.00207555 -0.00250961 3.97624)
(-0.00204648 -0.00309841 3.97585)
(-0.00119578 -0.00307257 3.97518)
(-0.00067971 -0.00335232 3.97493)
(-0.000330072 -0.00394116 3.975)
(0.000256721 -0.00393215 3.97496)
(0.00064709 -0.00337611 3.97488)
(0.00118289 -0.00342226 3.97541)
(0.00173117 -0.00299617 3.97578)
(0.00210535 -0.00244624 3.97619)
(-0.00182778 -0.00203306 3.97511)
(-0.00177617 -0.00274005 3.97459)
(-0.00113328 -0.00268558 3.97395)
(-0.00058789 -0.00273472 3.97345)
(-0.000252747 -0.00330089 3.97354)
(5.38572e-05 -0.00331258 3.97354)
(0.000512981 -0.00282114 3.97345)
(0.00105795 -0.00293235 3.97404)
(0.00137223 -0.00267842 3.9746)
(0.00184812 -0.0022604 3.9753)
(-0.00295983 0.00297892 2.75079)
(-0.00221922 0.00172394 2.77125)
(-0.00194581 0.00103362 2.78464)
(-0.000767384 0.000544447 2.80183)
(0.000487293 0.000517508 2.81163)
(0.000379113 0.000567208 2.81036)
(0.000592845 0.000711772 2.808)
(0.00105652 0.00116447 2.79767)
(0.00251789 0.00177259 2.77406)
(0.00259228 0.00230744 2.74154)
(-0.00186225 0.000645559 3.44458)
(-0.00173301 -0.000791769 3.49531)
(-0.0015882 -0.00121165 3.53512)
(-0.00174371 -0.0016236 3.56382)
(-0.00101443 -0.00173111 3.57615)
(5.49553e-05 -0.00184609 3.57611)
(0.000552893 -0.00145062 3.564)
(0.000456736 -0.00137422 3.53733)
(0.000903121 -0.00125761 3.49875)
(0.00094955 -0.000526357 3.44373)
(-0.00193327 -0.00195122 3.73517)
(-0.00146621 -0.00364582 3.78508)
(-0.00158112 -0.0033993 3.81925)
(-0.00202216 -0.00385046 3.84147)
(-0.0012045 -0.00439881 3.85178)
(0.000407152 -0.00461078 3.85234)
(0.00134458 -0.00368373 3.84171)
(0.00188735 -0.00328602 3.81993)
(0.00217308 -0.00314919 3.78573)
(0.00239712 -0.00206488 3.73259)
(-0.00236434 -0.00408955 3.90125)
(-0.00226205 -0.00474208 3.93091)
(-0.0017113 -0.00434637 3.94635)
(-0.00116031 -0.00514164 3.95599)
(-0.000553065 -0.00564842 3.95976)
(0.000492028 -0.00584365 3.95991)
(0.00110603 -0.00511749 3.95588)
(0.00233414 -0.00477063 3.947)
(0.00278647 -0.0044834 3.92974)
(0.00329801 -0.00409961 3.90005)
(-0.0028964 -0.00449943 3.96362)
(-0.00264944 -0.00444594 3.97423)
(-0.0016538 -0.00456422 3.97959)
(-0.000669192 -0.00505026 3.98229)
(-0.000294388 -0.00549478 3.9836)
(0.000460368 -0.00564434 3.98367)
(0.00103658 -0.00505675 3.98229)
(0.0018406 -0.00504047 3.97975)
(0.00224305 -0.00474333 3.9736)
(0.0028252 -0.00523927 3.96421)
(-0.00321502 -0.00426675 3.98055)
(-0.00249662 -0.00412956 3.98351)
(-0.00180668 -0.00439901 3.98573)
(-0.000939984 -0.00459773 3.98603)
(-0.000224534 -0.00510468 3.98659)
(0.000489622 -0.00522586 3.98663)
(0.00121443 -0.00462006 3.98613)
(0.00173646 -0.00454499 3.98542)
(0.0022319 -0.0043167 3.98367)
(0.0026004 -0.00480242 3.9808)
(-0.0032118 -0.00391228 3.9849)
(-0.00252749 -0.0037808 3.98552)
(-0.00188504 -0.00393849 3.9859)
(-0.00120321 -0.00429158 3.98599)
(-0.000237028 -0.00475846 3.98603)
(0.000531816 -0.00481245 3.98603)
(0.00130338 -0.00424442 3.98596)
(0.00187365 -0.00389796 3.98572)
(0.00256577 -0.00373697 3.98576)
(0.00270496 -0.00382612 3.98465)
(-0.00296934 -0.00329859 3.98559)
(-0.00261807 -0.00345889 3.98569)
(-0.00169843 -0.00350635 3.98516)
(-0.00104707 -0.0040629 3.98531)
(-0.000255188 -0.0044147 3.98522)
(0.000446291 -0.00439853 3.98517)
(0.00104835 -0.00392383 3.98515)
(0.00175683 -0.00352689 3.98507)
(0.00257737 -0.0032954 3.9854)
(0.00280289 -0.00299153 3.98513)
(-0.00270234 -0.00266678 3.98494)
(-0.00241554 -0.00322951 3.9849)
(-0.00148131 -0.00322688 3.98438)
(-0.00087925 -0.0036646 3.98418)
(-0.00031193 -0.00398713 3.98405)
(0.000250363 -0.0039085 3.98399)
(0.000601198 -0.00345619 3.98398)
(0.00117406 -0.00335767 3.98427)
(0.00193516 -0.00310779 3.98451)
(0.00264711 -0.00266746 3.9848)
(-0.00237272 -0.00239553 3.98411)
(-0.00202032 -0.00298151 3.98381)
(-0.00143602 -0.00287123 3.98324)
(-0.000943003 -0.00315834 3.98283)
(-0.000382906 -0.00348014 3.98279)
(5.44936e-05 -0.00328535 3.98272)
(0.000384509 -0.00283788 3.98265)
(0.000802854 -0.00295053 3.9832)
(0.00134261 -0.00298739 3.98373)
(0.00231637 -0.00271849 3.98428)
(-0.00312511 0.00308453 2.74832)
(-0.00235644 0.00183893 2.77128)
(-0.00153539 0.000838584 2.78162)
(-0.000122048 0.000379747 2.80181)
(0.000806844 0.000503586 2.80998)
(0.00114959 0.000537555 2.80697)
(0.00157253 0.00082692 2.80559)
(0.00103281 0.00126129 2.79848)
(0.00123421 0.00103253 2.77212)
(0.00202058 0.00148716 2.7319)
(-0.00233824 0.00121712 3.42758)
(-0.00199607 -0.000278656 3.47664)
(-0.00162422 -0.00114343 3.51497)
(-0.00144016 -0.0014487 3.54409)
(-0.000689286 -0.00157862 3.5561)
(0.000751208 -0.00159306 3.5559)
(0.000922314 -0.00109144 3.54371)
(0.000286449 -0.000812964 3.51699)
(0.00072584 -0.00113211 3.47874)
(0.00142138 -0.000579762 3.42566)
(-0.00236946 -0.00125857 3.71643)
(-0.00172618 -0.00300048 3.76657)
(-0.00157125 -0.00341981 3.80249)
(-0.00161351 -0.00353647 3.826)
(-0.00104592 -0.00426031 3.83793)
(0.000821018 -0.00432543 3.83812)
(0.00161042 -0.00308977 3.8257)
(0.00196998 -0.00251905 3.80247)
(0.0025463 -0.00276312 3.76654)
(0.00296397 -0.00207074 3.71268)
(-0.00272422 -0.00381951 3.89176)
(-0.00178269 -0.00480857 3.92524)
(-0.00130514 -0.00475289 3.94381)
(-0.000542612 -0.00489643 3.95439)
(-0.000261463 -0.0055477 3.95953)
(0.000185705 -0.00577195 3.95959)
(0.000897865 -0.00483164 3.95401)
(0.00254175 -0.00411854 3.94335)
(0.00338481 -0.00407056 3.92327)
(0.00383287 -0.0039626 3.88926)
(-0.00294789 -0.00517427 3.96552)
(-0.00205228 -0.00490231 3.97843)
(-0.00140299 -0.00489325 3.98486)
(-0.000344694 -0.00490647 3.98807)
(-5.63501e-05 -0.00513755 3.98925)
(-8.03177e-05 -0.00540936 3.98939)
(0.00035425 -0.00520428 3.98804)
(0.00155062 -0.00495762 3.98465)
(0.00231505 -0.00472201 3.97733)
(0.00294095 -0.00532555 3.96548)
(-0.00322263 -0.00513818 3.98692)
(-0.00244333 -0.00434301 3.99063)
(-0.00187411 -0.00452933 3.99312)
(-0.000987218 -0.00442648 3.99378)
(-0.000262348 -0.00458288 3.9941)
(0.000246226 -0.00477471 3.9942)
(0.000766181 -0.00472203 3.99408)
(0.00123469 -0.00470562 3.99323)
(0.00192055 -0.00458698 3.99099)
(0.00257114 -0.00504495 3.98704)
(-0.00349488 -0.00444231 3.99259)
(-0.00283247 -0.00380805 3.99342)
(-0.00212363 -0.00401956 3.99402)
(-0.00132438 -0.00409507 3.99419)
(-0.000284703 -0.00422616 3.99438)
(0.000504281 -0.00430613 3.99444)
(0.00122283 -0.00412302 3.99429)
(0.00170202 -0.00397212 3.9942)
(0.00236063 -0.0040086 3.99399)
(0.00278328 -0.00420443 3.99253)
(-0.00363667 -0.00358256 3.99372)
(-0.00304212 -0.00352081 3.99404)
(-0.002029 -0.00362571 3.99376)
(-0.0011907 -0.00394034 3.99379)
(-0.000233527 -0.00391159 3.99367)
(0.000437138 -0.00390794 3.99364)
(0.0011493 -0.00376059 3.99364)
(0.00191891 -0.00347154 3.99361)
(0.0027729 -0.00345482 3.9938)
(0.00332287 -0.00338826 3.99344)
(-0.00339988 -0.00308848 3.9935)
(-0.00281164 -0.00341626 3.99367)
(-0.00189982 -0.00337992 3.9933)
(-0.00119112 -0.00370137 3.99308)
(-0.000365153 -0.00356132 3.99273)
(0.000288409 -0.00345867 3.99267)
(0.000808666 -0.00342909 3.99286)
(0.00145396 -0.00328593 3.99294)
(0.00237383 -0.00328996 3.99318)
(0.00329989 -0.00310752 3.99336)
(-0.00297584 -0.003004 3.99303)
(-0.00225018 -0.00320645 3.99277)
(-0.00174066 -0.00303458 3.9923)
(-0.00128612 -0.00330493 3.99202)
(-0.000506827 -0.00327027 3.99179)
(0.00020384 -0.00297303 3.99169)
(0.000577019 -0.00286599 3.99179)
(0.00101966 -0.00297454 3.99219)
(0.00178429 -0.00319578 3.99271)
(0.00283001 -0.00316798 3.99314)
(-0.001935 0.00213215 2.74591)
(-0.00188521 0.00157217 2.77209)
(-0.000918764 0.000715527 2.7829)
(0.000682385 0.00012446 2.80121)
(0.00107685 0.000460353 2.80885)
(0.00175995 0.000515587 2.80458)
(0.00216459 0.00105442 2.80344)
(0.000435802 0.000928805 2.79465)
(-0.000813022 -7.16519e-05 2.76955)
(0.000402428 8.20457e-08 2.72555)
(-0.0023995 0.0013901 3.4132)
(-0.00188461 4.98109e-05 3.46082)
(-0.00108103 -0.00110178 3.4978)
(-0.000516319 -0.00151083 3.52649)
(-0.000104807 -0.00144594 3.53845)
(0.00140831 -0.00144955 3.538)
(0.00155245 -0.000624244 3.52459)
(0.000633844 -0.000250421 3.49845)
(0.000674726 -0.000730758 3.4603)
(0.00182144 -0.000553194 3.40982)
(-0.00224291 -0.00105386 3.699)
(-0.00171758 -0.00246397 3.74903)
(-0.00109251 -0.00344591 3.78659)
(-0.000751703 -0.003452 3.81114)
(-0.000577612 -0.00387713 3.82383)
(0.00113394 -0.00399831 3.82356)
(0.00177318 -0.00261127 3.80987)
(0.00197027 -0.00187113 3.78567)
(0.00259033 -0.0021492 3.74791)
(0.00319884 -0.00207885 3.69465)
(-0.00290598 -0.00330403 3.88073)
(-0.00150844 -0.00464859 3.91791)
(-0.00101345 -0.00497169 3.93992)
(-0.000259843 -0.0046748 3.9515)
(-1.76988e-05 -0.00518191 3.95794)
(-3.79023e-06 -0.00555407 3.95785)
(0.000750058 -0.00451485 3.95091)
(0.00242073 -0.00345837 3.93846)
(0.00353568 -0.003468 3.91571)
(0.00402007 -0.0036147 3.8777)
(-0.00319994 -0.0051046 3.96585)
(-0.00183143 -0.00520158 3.98152)
(-0.00139654 -0.00494931 3.98924)
(-0.000494701 -0.00480272 3.99304)
(3.67842e-05 -0.00472464 3.99424)
(-0.000413386 -0.00514673 3.99436)
(-2.40447e-05 -0.00521398 3.99293)
(0.00137033 -0.00456408 3.98852)
(0.00256309 -0.00439067 3.98037)
(0.00334646 -0.00480942 3.96532)
(-0.0031483 -0.0054364 3.9923)
(-0.00248744 -0.00461124 3.99746)
(-0.00195857 -0.00440973 4.00007)
(-0.00125454 -0.00438322 4.00141)
(-0.000438165 -0.00415022 4.00159)
(5.60723e-05 -0.00443042 4.00174)
(0.000372356 -0.00473887 4.00168)
(0.000998673 -0.00467128 4.00046)
(0.00204971 -0.00450578 3.9978)
(0.00293166 -0.00477723 3.99239)
(-0.0034861 -0.00462109 3.99967)
(-0.0030548 -0.00384576 4.00118)
(-0.0022774 -0.00395512 4.00208)
(-0.00142548 -0.00395192 4.00245)
(-0.000472094 -0.0038258 4.00278)
(0.000324564 -0.003936 4.00286)
(0.000937639 -0.00403017 4.00259)
(0.00158115 -0.00415081 4.00261)
(0.0023996 -0.00412949 4.00186)
(0.00320408 -0.00420184 3.99989)
(-0.00395058 -0.00369961 4.00151)
(-0.0031867 -0.00347347 4.0021)
(-0.00224254 -0.00368276 4.00228)
(-0.00128235 -0.00371378 4.00212)
(-0.000313448 -0.00349343 4.00201)
(0.000284061 -0.00350883 4.00203)
(0.00110188 -0.0036618 4.0021)
(0.00196732 -0.00362245 4.00224)
(0.00277683 -0.00370676 4.00213)
(0.00361731 -0.00368967 4.00158)
(-0.00379389 -0.00339332 4.00187)
(-0.00283331 -0.00340214 4.00211)
(-0.0020986 -0.00340668 4.00185)
(-0.00135077 -0.00356166 4.0016)
(-0.000378276 -0.00312268 4.00117)
(0.000290301 -0.00305825 4.00115)
(0.000992764 -0.00343407 4.00152)
(0.00170739 -0.0033019 4.00153)
(0.00263827 -0.00352503 4.00178)
(0.00367216 -0.00347431 4.00186)
(-0.00325795 -0.00341386 4.00181)
(-0.00241437 -0.0031671 4.00142)
(-0.00189418 -0.00303103 4.00102)
(-0.00134322 -0.00332294 4.00083)
(-0.000469698 -0.00286797 4.00045)
(0.00035975 -0.00268216 4.00039)
(0.000857183 -0.00295706 4.00071)
(0.00135927 -0.0030379 4.00095)
(0.00232789 -0.00339453 4.00149)
(0.00325215 -0.00347069 4.00189)
(0.000167232 0.000420355 2.74283)
(-0.000355418 0.000504542 2.7712)
(0.00054574 4.85306e-05 2.78474)
(0.0017059 -4.7461e-05 2.80025)
(0.00121754 0.000307118 2.80707)
(0.00212027 0.000414385 2.80329)
(0.00243353 0.00100117 2.79891)
(-0.000179541 0.000557829 2.78775)
(-0.00208738 -0.000840852 2.76608)
(-0.000802355 -0.000862891 2.72394)
(-0.00134099 0.000593297 3.40089)
(-0.000975645 -0.000442709 3.44777)
(1.02191e-05 -0.00133512 3.48348)
(0.000648639 -0.00138713 3.50997)
(0.000517817 -0.0013609 3.52257)
(0.00184764 -0.00145226 3.52194)
(0.00214074 -0.000340639 3.5074)
(0.000994035 0.000171461 3.48163)
(0.000804066 -0.000454772 3.44428)
(0.00215778 -0.000219111 3.39628)
(-0.00141903 -0.00144397 3.68267)
(-0.00127432 -0.00240612 3.73302)
(-0.000388328 -0.00341228 3.77153)
(0.000197225 -0.00318353 3.79674)
(5.36041e-05 -0.00346901 3.80933)
(0.00123787 -0.00383081 3.80872)
(0.00177691 -0.00230946 3.79476)
(0.00171311 -0.0013958 3.76973)
(0.00223577 -0.00183369 3.73054)
(0.00301815 -0.00202523 3.6785)
(-0.00265167 -0.00287552 3.86842)
(-0.00176362 -0.00415393 3.90903)
(-0.00108262 -0.00485103 3.93458)
(-0.000374852 -0.00421068 3.94756)
(3.92828e-05 -0.00480804 3.9548)
(8.70919e-05 -0.00544477 3.95457)
(0.000801715 -0.00409445 3.94683)
(0.00200379 -0.00286885 3.93264)
(0.00327922 -0.00306077 3.90727)
(0.00376271 -0.00336207 3.86564)
(-0.00334157 -0.00418381 3.9644)
(-0.00223341 -0.00497706 3.98325)
(-0.00177306 -0.00481241 3.99256)
(-0.00104174 -0.00443689 3.99713)
(-9.29672e-05 -0.00466321 3.99874)
(-0.00030987 -0.00524907 3.99876)
(0.000130704 -0.0048861 3.99692)
(0.00142979 -0.00386961 3.99148)
(0.00303425 -0.00399046 3.98252)
(0.00381827 -0.0040348 3.96356)
(-0.00295547 -0.004609 3.99664)
(-0.00268713 -0.00463043 4.00382)
(-0.00213169 -0.00427843 4.00669)
(-0.0014051 -0.00426877 4.00876)
(-0.000475004 -0.00421799 4.00911)
(-1.70493e-05 -0.00462644 4.0092)
(0.000181005 -0.00460919 4.00879)
(0.00117387 -0.00422473 4.00693)
(0.00260778 -0.00424688 4.00385)
(0.00361744 -0.0041515 3.99669)
(-0.00326106 -0.00395807 4.0062)
(-0.00302026 -0.00391773 4.00893)
(-0.00222122 -0.00393068 4.01017)
(-0.00129565 -0.00390663 4.01081)
(-0.00051842 -0.00381651 4.01119)
(8.19839e-05 -0.0040602 4.01125)
(0.000457823 -0.00398451 4.0108)
(0.00147284 -0.0041667 4.01067)
(0.002549 -0.00410057 4.00927)
(0.00366685 -0.00409396 4.00661)
(-0.00362924 -0.00341853 4.00913)
(-0.00289304 -0.00351586 4.01019)
(-0.00215942 -0.00372395 4.01078)
(-0.00125474 -0.00351503 4.01052)
(-0.000457013 -0.00336981 4.01052)
(8.33806e-05 -0.00349749 4.01057)
(0.00083238 -0.00356639 4.01056)
(0.00183965 -0.00385226 4.01086)
(0.00260296 -0.00384055 4.01039)
(0.0037756 -0.00396553 4.00954)
(-0.00357454 -0.00337274 4.01014)
(-0.00253864 -0.00329688 4.01039)
(-0.00204185 -0.00335738 4.01024)
(-0.00130137 -0.00321909 4.00993)
(-0.000432818 -0.00295816 4.00962)
(0.000220362 -0.00301155 4.00964)
(0.00105506 -0.00337526 4.01001)
(0.00187344 -0.00342276 4.01009)
(0.00263141 -0.00360264 4.01034)
(0.00378915 -0.00385186 4.0103)
(-0.0032805 -0.0034167 4.01039)
(-0.00239792 -0.0029464 4.0099)
(-0.00184219 -0.00296779 4.00953)
(-0.00114583 -0.00296899 4.0093)
(-0.000378981 -0.0026563 4.00895)
(0.000376612 -0.00265725 4.00895)
(0.00102669 -0.00306767 4.00936)
(0.00168723 -0.00310434 4.00952)
(0.0025982 -0.00336264 4.01002)
(0.00342459 -0.00370674 4.01047)
(0.00176636 -0.00100046 2.73892)
(0.0012322 -0.000532839 2.76861)
(0.00197998 -0.000820068 2.78347)
(0.00227755 -0.000147437 2.79707)
(0.000820053 0.00010427 2.8024)
(0.00142645 0.000197294 2.80074)
(0.00161619 0.000452398 2.79091)
(-0.000492381 1.57142e-05 2.77858)
(-0.0021233 -0.000962372 2.76242)
(-0.00125883 -0.00102357 2.72482)
(0.000189069 -0.000912636 3.39028)
(0.000636037 -0.00130899 3.43686)
(0.00119738 -0.0018322 3.47153)
(0.00149216 -0.00111116 3.49445)
(0.000790843 -0.00130487 3.50757)
(0.00151437 -0.00145139 3.5071)
(0.00197053 -0.000604287 3.49259)
(0.00100847 -6.10948e-05 3.46734)
(0.000767948 -0.00043572 3.43122)
(0.00209552 0.000154317 3.38494)
(-0.000531247 -0.00238667 3.66734)
(-0.000340171 -0.00250814 3.71859)
(0.000221119 -0.00329073 3.75725)
(0.000860458 -0.00274373 3.78248)
(0.000613239 -0.00308255 3.79451)
(0.000925396 -0.00353977 3.79386)
(0.00135285 -0.00253217 3.78052)
(0.00116261 -0.00156268 3.75485)
(0.0016532 -0.00189114 3.71504)
(0.0026827 -0.00169559 3.66385)
(-0.00209355 -0.0031629 3.85522)
(-0.00198252 -0.00335333 3.89917)
(-0.00142067 -0.00440303 3.92793)
(-0.000664971 -0.00376222 3.94278)
(0.00011066 -0.00437931 3.95024)
(0.000438474 -0.00501182 3.94994)
(0.0010271 -0.00399357 3.94194)
(0.00143136 -0.00288356 3.926)
(0.00261546 -0.00315287 3.89822)
(0.00307933 -0.00325493 3.85326)
(-0.00322866 -0.0033746 3.96128)
(-0.00280769 -0.00403884 3.98362)
(-0.00234594 -0.00448779 3.99491)
(-0.00161193 -0.00417618 4.00051)
(-0.000173628 -0.00469267 4.00277)
(0.000274266 -0.0051291 4.00269)
(0.000815032 -0.00456411 4.00014)
(0.00180495 -0.00347505 3.99384)
(0.00345342 -0.00376679 3.98355)
(0.00406058 -0.00338679 3.9604)
(-0.00310628 -0.00329121 4.00013)
(-0.00287169 -0.00412335 4.00939)
(-0.002143 -0.00424107 4.01304)
(-0.00134631 -0.00428599 4.01571)
(-0.000377608 -0.00454081 4.01636)
(0.000222023 -0.00476318 4.01628)
(0.000555781 -0.00450412 4.01538)
(0.00176952 -0.00385024 4.01284)
(0.00331436 -0.0040094 4.00912)
(0.00419419 -0.00355786 4.00009)
(-0.0029698 -0.00310383 4.01242)
(-0.00257757 -0.00394021 4.01659)
(-0.00175341 -0.00409556 4.01823)
(-0.000931267 -0.00395356 4.01913)
(-0.000464055 -0.00411215 4.01952)
(0.0001138 -0.00427577 4.01951)
(0.000380297 -0.00406219 4.01894)
(0.00139733 -0.00413476 4.01832)
(0.00260616 -0.00413139 4.01629)
(0.00391434 -0.00398377 4.01276)
(-0.00299953 -0.00312329 4.01672)
(-0.0022366 -0.00366552 4.01848)
(-0.00173327 -0.00381259 4.0193)
(-0.000938332 -0.00339166 4.0191)
(-0.000416022 -0.00353725 4.01929)
(0.000102264 -0.00369147 4.01934)
(0.000627708 -0.00347241 4.01912)
(0.00142858 -0.00390875 4.01934)
(0.00217549 -0.00409248 4.01857)
(0.00354665 -0.00428804 4.01726)
(-0.00293269 -0.00328839 4.01844)
(-0.0020924 -0.00328526 4.01875)
(-0.00175823 -0.00333713 4.01878)
(-0.000982851 -0.00295033 4.01842)
(-0.000319491 -0.00300894 4.01831)
(0.000225547 -0.00315556 4.01834)
(0.00100378 -0.00309757 4.01848)
(0.00183203 -0.00333031 4.01869)
(0.00240922 -0.00367916 4.0189)
(0.00331873 -0.00420465 4.01862)
(-0.00278032 -0.00320902 4.01889)
(-0.00206322 -0.00281841 4.01843)
(-0.0015518 -0.00289564 4.01808)
(-0.000831863 -0.00260448 4.01775)
(-0.000259743 -0.00255449 4.01751)
(0.000343235 -0.00275314 4.01755)
(0.00110757 -0.00289986 4.01785)
(0.001942 -0.00291189 4.01803)
(0.00262867 -0.00311656 4.01843)
(0.0031805 -0.0037863 4.01883)
(0.00230787 -0.00158321 2.73508)
(0.00186727 -0.00109228 2.76485)
(0.00249824 -0.00126732 2.77879)
(0.00222008 -0.000452825 2.78924)
(0.000321886 -7.84017e-06 2.79495)
(-0.000311164 -6.48387e-05 2.79531)
(-0.000386118 -0.000360861 2.78193)
(-0.000745126 -0.000616363 2.76875)
(-0.00144389 -0.00078411 2.75811)
(-0.00128921 -0.00105098 2.72319)
(0.0015453 -0.00226083 3.38083)
(0.00225968 -0.00232163 3.42693)
(0.00213507 -0.00220946 3.46045)
(0.00176845 -0.00124906 3.4805)
(0.00075081 -0.00113331 3.49279)
(0.000388459 -0.00140059 3.49292)
(0.000838157 -0.00128711 3.47967)
(0.000692129 -0.000925803 3.45577)
(0.000515445 -0.000651366 3.42121)
(0.00164426 8.03289e-05 3.37573)
(0.000366295 -0.00352279 3.65327)
(0.000880067 -0.00298422 3.70496)
(0.000719459 -0.00299001 3.74333)
(0.000937543 -0.00259051 3.76799)
(0.000812299 -0.00259548 3.7795)
(0.00028494 -0.00305708 3.77912)
(0.000537506 -0.00309954 3.76677)
(0.000539282 -0.00247671 3.741)
(0.000873581 -0.00219485 3.70145)
(0.00197835 -0.00167834 3.65044)
(-0.00124799 -0.0040639 3.84188)
(-0.00173092 -0.00294152 3.88866)
(-0.00164227 -0.00364464 3.92)
(-0.00100108 -0.00372605 3.93716)
(0.00014461 -0.00387205 3.94474)
(0.000730299 -0.0042706 3.94446)
(0.00118763 -0.00429223 3.93635)
(0.00102587 -0.00362837 3.91854)
(0.00175901 -0.00353097 3.88843)
(0.00214518 -0.0033865 3.84047)
(-0.0029552 -0.00320725 3.95678)
(-0.00317351 -0.00299547 3.98287)
(-0.00260605 -0.00399907 3.9965)
(-0.00179207 -0.00433222 4.00337)
(-0.000166087 -0.00455323 4.00634)
(0.000966584 -0.00467564 4.00622)
(0.00169266 -0.004507 4.00289)
(0.00228277 -0.00375237 3.99576)
(0.00344698 -0.00381159 3.98328)
(0.00387387 -0.00324169 3.95604)
(-0.00346659 -0.00243338 4.00299)
(-0.00299627 -0.0033301 4.01413)
(-0.00202199 -0.00417306 4.01908)
(-0.00120503 -0.00455765 4.02209)
(-0.000217554 -0.00465845 4.02296)
(0.000706322 -0.00464277 4.02274)
(0.00137935 -0.00451305 4.0215)
(0.00254508 -0.00391196 4.01856)
(0.00369941 -0.00384182 4.01374)
(0.00432677 -0.00340716 4.00289)
(-0.00299831 -0.00252932 4.01845)
(-0.00221726 -0.0037216 4.02382)
(-0.00129631 -0.0042651 4.02596)
(-0.000688775 -0.00422453 4.02705)
(-0.000331382 -0.00434248 4.02741)
(0.000417967 -0.00436267 4.02733)
(0.000868033 -0.00428136 4.02679)
(0.0017058 -0.00421245 4.02557)
(0.00262384 -0.00406357 4.02303)
(0.00368956 -0.0039201 4.01865)
(-0.00250407 -0.00295748 4.02426)
(-0.0016174 -0.00374282 4.02669)
(-0.00117513 -0.00401602 4.02764)
(-0.000555846 -0.00354166 4.02769)
(-0.000242944 -0.00382446 4.02801)
(0.000368013 -0.00389817 4.02802)
(0.000779261 -0.00367516 4.02771)
(0.00124729 -0.00396733 4.02754)
(0.00178814 -0.00407004 4.02654)
(0.00281283 -0.00424968 4.0247)
(-0.00214496 -0.00324836 4.02665)
(-0.00137986 -0.00336901 4.02717)
(-0.00117514 -0.0034994 4.02746)
(-0.00052628 -0.00293853 4.02715)
(-8.82881e-05 -0.0032358 4.02723)
(0.000399642 -0.00338378 4.02724)
(0.00102321 -0.00308993 4.02711)
(0.00161851 -0.00327931 4.02735)
(0.00198286 -0.00355417 4.02736)
(0.00245707 -0.00398365 4.02672)
(-0.00207446 -0.00311865 4.02729)
(-0.00143078 -0.00286761 4.027)
(-0.00107609 -0.00288833 4.02675)
(-0.000478953 -0.0024788 4.02639)
(-3.58113e-05 -0.00261465 4.02626)
(0.000377444 -0.00290082 4.02629)
(0.00112293 -0.00280101 4.02639)
(0.0018057 -0.00266903 4.0266)
(0.00216046 -0.0028447 4.02689)
(0.0023094 -0.00331139 4.02701)
(0.00289579 -0.00237472 2.73024)
(0.00211251 -0.00142294 2.75962)
(0.00217666 -0.00129906 2.7717)
(0.00177894 -0.000840075 2.77752)
(4.17424e-05 -0.000326899 2.78269)
(-0.0021757 -0.000469251 2.78519)
(-0.00263092 -0.00121164 2.77285)
(-0.00139076 -0.00124855 2.7602)
(-0.00116829 -0.0010287 2.75174)
(-0.00136051 -0.00146436 2.71617)
(0.00256419 -0.0031992 3.37174)
(0.00314697 -0.00283717 3.41673)
(0.00248289 -0.00236747 3.44889)
(0.00152876 -0.00162828 3.46787)
(0.000387986 -0.00119233 3.47903)
(-0.000956506 -0.00142253 3.47956)
(-0.000792462 -0.00221475 3.46836)
(-0.000143419 -0.00191155 3.44576)
(-0.000100455 -0.00137705 3.41308)
(0.000426657 -0.00105192 3.36793)
(0.00130912 -0.00419864 3.64034)
(0.0017692 -0.00334221 3.69147)
(0.000834639 -0.00273804 3.72905)
(0.000454965 -0.00259862 3.75319)
(0.000533352 -0.00239314 3.76473)
(-0.000316404 -0.00264106 3.76471)
(-0.000274416 -0.00373517 3.75301)
(3.66485e-06 -0.00337688 3.72754)
(0.000235064 -0.00265293 3.68905)
(0.00086707 -0.00229144 3.63805)
(-0.000271213 -0.00454847 3.82902)
(-0.00111894 -0.00283492 3.87762)
(-0.00158114 -0.00312845 3.91079)
(-0.00109834 -0.00395052 3.93043)
(7.82185e-05 -0.00372103 3.93848)
(0.000833691 -0.00374878 3.93835)
(0.00116959 -0.00471876 3.92971)
(0.000945659 -0.00457939 3.91006)
(0.00117947 -0.00379304 3.8777)
(0.00109647 -0.00375138 3.82745)
(-0.00251843 -0.00308574 3.95143)
(-0.00310352 -0.00237171 3.9813)
(-0.00228043 -0.00382494 3.99743)
(-0.00139818 -0.00470583 4.00577)
(-0.000132097 -0.0045517 4.00944)
(0.00134095 -0.00440729 4.00938)
(0.00223372 -0.00471567 4.00533)
(0.00264658 -0.00460532 3.99719)
(0.00302965 -0.00390977 3.98166)
(0.00308217 -0.0034357 3.95068)
(-0.00358958 -0.00196998 4.00522)
(-0.0028862 -0.002867 4.0184)
(-0.00172723 -0.00436568 4.02479)
(-0.000863225 -0.00486294 4.02784)
(-8.24681e-06 -0.00469567 4.02897)
(0.00105793 -0.00456684 4.02882)
(0.00213775 -0.00474495 4.02739)
(0.00306426 -0.00441782 4.02427)
(0.00334219 -0.00381464 4.01798)
(0.00386556 -0.00347175 4.00524)
(-0.00312203 -0.00234665 4.02418)
(-0.00186129 -0.00361614 4.03041)
(-0.00107926 -0.00448668 4.03314)
(-0.000578591 -0.00459942 4.0343)
(-3.39982e-05 -0.00446927 4.03461)
(0.000826864 -0.00440741 4.03451)
(0.00162497 -0.00472915 4.03412)
(0.00222172 -0.00435344 4.03244)
(0.00251353 -0.00382899 4.0296)
(0.00327757 -0.00381847 4.02455)
(-0.00210677 -0.00310605 4.03162)
(-0.00115614 -0.00380738 4.03443)
(-0.000845302 -0.00417373 4.03552)
(-0.000416071 -0.00405723 4.03597)
(-1.16844e-05 -0.00410206 4.03618)
(0.000746757 -0.00410656 4.03613)
(0.00120263 -0.00426219 4.03595)
(0.00143892 -0.00410183 4.03532)
(0.00175105 -0.00370411 4.03411)
(0.00243371 -0.00387712 4.03194)
(-0.00166943 -0.00333821 4.03458)
(-0.000898866 -0.00341862 4.03545)
(-0.000710901 -0.00369049 4.03594)
(-0.000273513 -0.00342878 4.03588)
(8.38385e-05 -0.00361084 4.03602)
(0.000641398 -0.00368751 4.03602)
(0.00107167 -0.00352446 4.03581)
(0.0013301 -0.0035463 4.03591)
(0.00154619 -0.0032763 4.0356)
(0.00190115 -0.00350565 4.03457)
(-0.00148495 -0.00313413 4.03544)
(-0.000864151 -0.00297752 4.03552)
(-0.000582404 -0.00307895 4.03547)
(-0.000216064 -0.00281406 4.0352)
(0.000128132 -0.00298929 4.03514)
(0.000493481 -0.003151 4.03514)
(0.00105696 -0.00297063 4.03511)
(0.00143968 -0.00285643 4.03532)
(0.00151812 -0.0026889 4.0354)
(0.0017372 -0.00288786 4.0351)
(0.00422808 -0.0037915 2.72332)
(0.00285125 -0.00215648 2.74944)
(0.00180676 -0.00132892 2.76136)
(0.000955317 -0.00126533 2.76215)
(-0.00020767 -0.00113454 2.76299)
(-0.00289859 -0.00126305 2.76657)
(-0.00385808 -0.00199125 2.76133)
(-0.00209385 -0.00196625 2.7503)
(-0.00174558 -0.00176833 2.74198)
(-0.00209383 -0.00251522 2.70555)
(0.00281652 -0.00334425 3.36289)
(0.00259847 -0.00260469 3.40648)
(0.0019035 -0.00227776 3.43674)
(0.000836521 -0.00224695 3.45628)
(-0.000136184 -0.00200571 3.46699)
(-0.00185227 -0.00209029 3.4678)
(-0.00212783 -0.00316344 3.45795)
(-0.000998634 -0.0030364 3.43668)
(-0.000868138 -0.00219472 3.40524)
(-0.0010088 -0.0026165 3.36031)
(0.00165734 -0.00373158 3.62844)
(0.00150015 -0.00315288 3.67812)
(0.000460627 -0.00273561 3.71431)
(-0.000230817 -0.00307285 3.73836)
(-9.31386e-05 -0.0030365 3.7504)
(-0.000704862 -0.00302513 3.75073)
(-0.000738346 -0.00435879 3.7391)
(-0.000233728 -0.00425819 3.71417)
(-0.000235987 -0.00301544 3.67712)
(-0.000367174 -0.00323765 3.62641)
(0.000437416 -0.00405808 3.81658)
(-0.000508977 -0.0030854 3.86612)
(-0.00105714 -0.00340708 3.90037)
(-0.00080446 -0.00463977 3.92203)
(-7.10206e-05 -0.00450031 3.93101)
(0.000568782 -0.00424527 3.93105)
(0.000942021 -0.00543972 3.9216)
(0.00103831 -0.00551553 3.90025)
(0.00077944 -0.00392317 3.86609)
(9.13574e-05 -0.00416044 3.8145)
(-0.0017318 -0.00301816 3.94535)
(-0.00229043 -0.00283946 3.97883)
(-0.00134267 -0.00443422 3.99748)
(-0.000577872 -0.00545822 4.00733)
(-5.98586e-05 -0.0052524 4.01171)
(0.00114217 -0.00501677 4.01174)
(0.00206958 -0.00563957 4.00718)
(0.00250392 -0.0058253 3.99761)
(0.00213928 -0.00415284 3.97868)
(0.00178949 -0.00385323 3.94442)
(-0.00310789 -0.00223841 4.00677)
(-0.00237011 -0.00337651 4.02236)
(-0.00127547 -0.00503872 4.03006)
(-0.000419414 -0.00536277 4.03319)
(0.000164256 -0.0052207 4.03479)
(0.00111502 -0.00515021 4.03482)
(0.00227145 -0.00558473 4.03318)
(0.00277486 -0.00553598 4.02977)
(0.00227106 -0.00414688 4.02197)
(0.00302764 -0.00365213 4.00711)
(-0.00292073 -0.00279232 4.02962)
(-0.00163395 -0.00400824 4.03649)
(-0.00117769 -0.00502511 4.03986)
(-0.000517465 -0.00513191 4.04103)
(0.000277871 -0.00497854 4.04138)
(0.00104686 -0.00497646 4.04133)
(0.00203421 -0.00553644 4.04099)
(0.0023544 -0.00505331 4.03919)
(0.00195552 -0.0039519 4.03617)
(0.00281522 -0.00393213 4.03041)
(-0.00201725 -0.00348033 4.03867)
(-0.00111452 -0.00416398 4.04165)
(-0.000893162 -0.00463269 4.04294)
(-0.000495991 -0.00487336 4.04374)
(0.000201368 -0.00469302 4.04371)
(0.000909833 -0.00468679 4.04363)
(0.00149259 -0.00524569 4.04364)
(0.00163021 -0.00462581 4.04276)
(0.00172819 -0.00364489 4.0414)
(0.00227497 -0.00382136 4.03902)
(-0.00147475 -0.00352212 4.0422)
(-0.000949476 -0.00392454 4.04348)
(-0.000603513 -0.00416584 4.04399)
(-0.000307406 -0.00441938 4.04429)
(0.000149942 -0.00429646 4.04434)
(0.000741202 -0.00427666 4.04431)
(0.00111376 -0.00460072 4.04431)
(0.00118651 -0.00420216 4.04419)
(0.00145098 -0.00340487 4.04357)
(0.00176238 -0.00332914 4.04216)
(-0.00129352 -0.00326172 4.04335)
(-0.000852688 -0.00359075 4.04394)
(-0.000485068 -0.00365963 4.044)
(-0.000242263 -0.00379092 4.04391)
(0.000166898 -0.00378248 4.0439)
(0.000638473 -0.0037529 4.04389)
(0.000992489 -0.00384343 4.04391)
(0.00108885 -0.00361124 4.04405)
(0.00112261 -0.00307279 4.04389)
(0.00139939 -0.00287366 4.04314)
(0.00562223 -0.00526204 2.71473)
(0.00426811 -0.00373915 2.73185)
(0.00254936 -0.00234995 2.74212)
(0.000475953 -0.00218997 2.73885)
(-0.000434697 -0.00258378 2.73337)
(-0.00223424 -0.00267133 2.73699)
(-0.00395298 -0.00301466 2.73995)
(-0.00297032 -0.00311961 2.73333)
(-0.00309118 -0.00319894 2.72545)
(-0.00389438 -0.00426708 2.6953)
(0.00281393 -0.00346624 3.35503)
(0.00166257 -0.00295079 3.39762)
(0.0012669 -0.00290414 3.42607)
(0.000217401 -0.00332103 3.44613)
(-0.000626884 -0.00379864 3.45686)
(-0.0017624 -0.00382358 3.45776)
(-0.00268137 -0.0041507 3.44828)
(-0.00179042 -0.0044665 3.42836)
(-0.00176201 -0.00345707 3.3971)
(-0.00259011 -0.00426485 3.35195)
(0.00153971 -0.00303695 3.61716)
(0.000659438 -0.00336075 3.6654)
(0.000300547 -0.00358538 3.70005)
(-0.000380109 -0.0040718 3.72414)
(-0.000594446 -0.00463806 3.73637)
(-0.000838044 -0.0045695 3.73695)
(-0.0011148 -0.00493236 3.72543)
(-0.000522431 -0.00539208 3.70113)
(-0.00077158 -0.00378198 3.66501)
(-0.00159726 -0.00435353 3.61506)
(0.000498195 -0.00342823 3.80385)
(-0.000192201 -0.00428782 3.85403)
(-0.00019965 -0.00479847 3.88884)
(-0.000234758 -0.00560105 3.91172)
(-0.000252013 -0.00623554 3.92175)
(0.000114359 -0.00597177 3.92199)
(0.000355826 -0.00622246 3.91179)
(0.00079122 -0.00668597 3.88911)
(0.00023521 -0.00460172 3.85349)
(-0.000882307 -0.00483685 3.80178)
(-0.000878573 -0.00378628 3.93811)
(-0.00117686 -0.00490693 3.97486)
(-0.000434019 -0.00594529 3.99616)
(0.000158982 -0.00635448 4.0075)
(4.57032e-05 -0.00697362 4.01262)
(0.000664986 -0.00674662 4.01269)
(0.00129456 -0.00682193 4.00767)
(0.00157471 -0.0073636 3.99635)
(0.000941027 -0.00530519 3.97433)
(0.000500701 -0.00461221 3.9371)
(-0.00238027 -0.00385724 4.00752)
(-0.00177463 -0.00526611 4.02563)
(-0.00105196 -0.00624014 4.03466)
(-4.20665e-05 -0.00624172 4.03834)
(0.000411193 -0.0067484 4.04045)
(0.000801895 -0.00668687 4.04055)
(0.00160744 -0.00669886 4.0385)
(0.00174478 -0.00700438 4.03447)
(0.00108424 -0.00560463 4.02557)
(0.00194562 -0.00446079 4.00826)
(-0.00240636 -0.00447813 4.03491)
(-0.00162687 -0.00542786 4.04237)
(-0.00141535 -0.00602353 4.04624)
(-0.000452984 -0.00623476 4.04768)
(0.000483772 -0.00632255 4.04813)
(0.000776643 -0.00631596 4.04814)
(0.00156402 -0.00646804 4.04762)
(0.00189451 -0.00626163 4.04587)
(0.00151406 -0.005311 4.0428)
(0.00227619 -0.00479345 4.03589)
(-0.0020086 -0.00473128 4.04548)
(-0.00139143 -0.00528619 4.04869)
(-0.00110557 -0.00562923 4.05017)
(-0.000619229 -0.00621836 4.05115)
(0.000213201 -0.00591615 4.05097)
(0.000605929 -0.00586208 4.05094)
(0.0012372 -0.00626316 4.05096)
(0.00177338 -0.0057824 4.05013)
(0.00190069 -0.00478977 4.04876)
(0.00206573 -0.00468338 4.04587)
(-0.00179113 -0.0044711 4.04958)
(-0.00151695 -0.0050584 4.05129)
(-0.000907024 -0.00521701 4.05175)
(-0.000626921 -0.00586758 4.05224)
(-6.35839e-05 -0.00550911 4.05214)
(0.000468877 -0.00536085 4.05212)
(0.000919386 -0.00588657 4.05242)
(0.00131937 -0.00555832 4.05216)
(0.00167594 -0.00451084 4.05131)
(0.00176116 -0.00413623 4.0496)
(-0.00161093 -0.00416822 4.05115)
(-0.00144096 -0.00479272 4.05211)
(-0.000940127 -0.004899 4.05221)
(-0.000612086 -0.0053034 4.05229)
(-0.000109989 -0.00511812 4.05229)
(0.000511571 -0.0048787 4.05229)
(0.000868251 -0.00526007 4.05248)
(0.0011028 -0.00525222 4.05254)
(0.00132429 -0.00433843 4.05219)
(0.0015292 -0.00374102 4.05114)
(0.00761972 -0.00753538 2.70258)
(0.00697932 -0.00663597 2.70443)
(0.00522922 -0.00541271 2.70454)
(0.00177004 -0.0048549 2.69555)
(1.81484e-05 -0.0053999 2.68352)
(-0.00173696 -0.00542913 2.68665)
(-0.00459245 -0.00559337 2.69714)
(-0.00479477 -0.00551483 2.70133)
(-0.0051059 -0.0056694 2.69643)
(-0.00642817 -0.00682577 2.68273)
(0.00375795 -0.00509419 3.34843)
(0.00243304 -0.00520891 3.39106)
(0.0022609 -0.00572898 3.41822)
(0.000818128 -0.00620522 3.43867)
(-0.000488238 -0.00724211 3.45023)
(-0.00134785 -0.00720116 3.45112)
(-0.00309837 -0.00688486 3.44088)
(-0.00302181 -0.00699154 3.4205)
(-0.00330225 -0.00584768 3.38886)
(-0.00467901 -0.00658391 3.34377)
(0.00175967 -0.00385801 3.60643)
(0.000878058 -0.00511734 3.65391)
(0.00120358 -0.00612581 3.68701)
(0.000468498 -0.00644553 3.71082)
(-0.000485197 -0.0075676 3.7234)
(-0.000739267 -0.00748749 3.72407)
(-0.00171822 -0.00688294 3.71213)
(-0.00150695 -0.00757126 3.68838)
(-0.00188234 -0.00561147 3.6527)
(-0.00314533 -0.00611073 3.60414)
(0.000595974 -0.0044567 3.79068)
(0.000479455 -0.00675208 3.84105)
(0.00078434 -0.00755969 3.8764)
(0.000561292 -0.00781483 3.89952)
(-9.40193e-05 -0.0091267 3.9104)
(-0.000130837 -0.00900592 3.91079)
(-0.000473055 -0.00806859 3.8999)
(-0.000239928 -0.00894507 3.87666)
(-0.000874599 -0.00646641 3.83994)
(-0.00208516 -0.00627917 3.78928)
(-8.39227e-05 -0.00616987 3.92889)
(4.68786e-05 -0.00815609 3.9687)
(0.000134161 -0.00855038 3.99284)
(0.000641922 -0.008715 4.00576)
(0.000398461 -0.00992773 4.01152)
(0.000246133 -0.00983809 4.01154)
(0.000260222 -0.00883504 4.00589)
(7.65829e-05 -0.00988125 3.99285)
(-0.000476372 -0.0077267 3.96823)
(-0.000664171 -0.0061675 3.9286)
(-0.0014266 -0.00719684 4.00708)
(-0.000817162 -0.00831502 4.02762)
(-0.00071598 -0.0085762 4.03824)
(0.000225406 -0.00884426 4.04301)
(0.000569857 -0.00956065 4.04549)
(0.000263312 -0.00957477 4.04549)
(0.000569772 -0.00867646 4.04288)
(0.000327119 -0.00939609 4.03802)
(-9.85657e-05 -0.00848564 4.02832)
(0.000757516 -0.00633324 4.00822)
(-0.00170186 -0.00768191 4.03984)
(-0.00122835 -0.00806031 4.04816)
(-0.0010538 -0.00824674 4.05238)
(-0.000268592 -0.00881312 4.05439)
(0.000349291 -0.00885677 4.05501)
(9.57147e-05 -0.00890886 4.05504)
(0.000579074 -0.00836118 4.05415)
(0.000990441 -0.00843968 4.05233)
(0.00102554 -0.00821019 4.04919)
(0.00144662 -0.00680239 4.04065)
(-0.00180278 -0.00739131 4.05218)
(-0.00154438 -0.00764999 4.0559)
(-0.00106604 -0.00783031 4.05752)
(-0.0006503 -0.00855152 4.05843)
(-8.87886e-05 -0.00818008 4.05835)
(2.19655e-06 -0.00818686 4.05844)
(0.000615383 -0.00816526 4.05832)
(0.00148514 -0.0078982 4.0576)
(0.00181461 -0.00755013 4.05626)
(0.00157916 -0.00683174 4.05238)
(-0.00196768 -0.00682715 4.05692)
(-0.0018659 -0.00725549 4.05907)
(-0.00124985 -0.00740031 4.05959)
(-0.000930188 -0.00804174 4.05995)
(-0.00038796 -0.00766552 4.0598)
(7.38053e-05 -0.00757787 4.05985)
(0.00065775 -0.00797136 4.0602)
(0.00139834 -0.00771858 4.05989)
(0.00176122 -0.00704338 4.05898)
(0.00158233 -0.00638601 4.05702)
(-0.001797 -0.00641682 4.05899)
(-0.00188808 -0.00686965 4.06014)
(-0.00141846 -0.00707181 4.06035)
(-0.000990457 -0.00750859 4.06047)
(-0.000422006 -0.0073022 4.06042)
(0.000228466 -0.00711526 4.06044)
(0.000662742 -0.00751774 4.06069)
(0.00103343 -0.00751323 4.06071)
(0.0014109 -0.00677995 4.06032)
(0.00170001 -0.00611624 4.05919)
(0.0110317 -0.011502 2.68223)
(0.0116453 -0.0117852 2.6615)
(0.0107047 -0.0113331 2.63462)
(0.00549854 -0.0105345 2.60844)
(0.00130792 -0.0110539 2.58387)
(-0.00216165 -0.0110932 2.58588)
(-0.0071288 -0.0109635 2.61189)
(-0.00962771 -0.0106372 2.64218)
(-0.0095773 -0.0105753 2.65147)
(-0.0097263 -0.0110037 2.65827)
(0.00689381 -0.00938773 3.34362)
(0.00613455 -0.010874 3.38719)
(0.0062829 -0.0120115 3.41285)
(0.00361769 -0.0129465 3.4338)
(0.000680913 -0.0147398 3.44512)
(-0.00158134 -0.0147098 3.44621)
(-0.00485289 -0.0134007 3.43639)
(-0.00604191 -0.0121139 3.41429)
(-0.00633793 -0.0105767 3.38138)
(-0.00735967 -0.0106894 3.33797)
(0.00389739 -0.00759599 3.59702)
(0.00353601 -0.0101172 3.64417)
(0.0042709 -0.0115708 3.67608)
(0.00300899 -0.0124969 3.69919)
(0.000702073 -0.0142434 3.71143)
(-0.00105308 -0.0141765 3.71217)
(-0.00348208 -0.0127312 3.70048)
(-0.0042194 -0.0121048 3.67671)
(-0.00444674 -0.00992433 3.6411)
(-0.00568476 -0.0099411 3.59466)
(0.00226609 -0.00833313 3.77772)
(0.00237986 -0.011626 3.82742)
(0.00277469 -0.0127586 3.86325)
(0.00235528 -0.0135438 3.88555)
(0.00081383 -0.0152794 3.89628)
(-0.000537183 -0.015253 3.89666)
(-0.00213246 -0.0135125 3.88592)
(-0.00275293 -0.0134315 3.86302)
(-0.00316811 -0.0107571 3.8258)
(-0.00410007 -0.00981298 3.77717)
(0.00123791 -0.0104521 3.91797)
(0.00168024 -0.0132588 3.96015)
(0.0012857 -0.0135972 3.98724)
(0.00141818 -0.0144092 4.00171)
(0.000844632 -0.015924 4.00765)
(-0.000258871 -0.0159282 4.00755)
(-0.00107119 -0.0140828 4.00131)
(-0.00192249 -0.0143949 3.98695)
(-0.00238618 -0.0121616 3.96014)
(-0.00243649 -0.00993108 3.91901)
(0.000564591 -0.0123531 4.00523)
(0.000809055 -0.0134474 4.02825)
(0.000340707 -0.013452 4.04067)
(0.000604858 -0.0144557 4.04692)
(0.000432337 -0.0154536 4.04957)
(-0.000428093 -0.0155148 4.04939)
(-0.00067254 -0.0137792 4.04645)
(-0.00128642 -0.0139395 4.04067)
(-0.0013981 -0.0130025 4.02978)
(-0.000591219 -0.0102186 4.00656)
(-0.000181249 -0.0125491 4.04425)
(-9.5717e-05 -0.0127785 4.05397)
(0.000110805 -0.0130321 4.0585)
(0.000295127 -0.0139079 4.0611)
(-4.41613e-06 -0.0144272 4.06214)
(-0.000671707 -0.0145973 4.06217)
(-0.000591713 -0.0132244 4.06093)
(-0.000350799 -0.0130094 4.05889)
(1.04169e-05 -0.0128703 4.05519)
(0.000323532 -0.0108252 4.04477)
(-0.000814479 -0.0118498 4.05895)
(-0.000906035 -0.0121227 4.06353)
(-0.000329909 -0.0125648 4.06523)
(-6.6538e-05 -0.013037 4.06599)
(-0.000202149 -0.013283 4.06634)
(-0.000487068 -0.0135851 4.06656)
(-0.00021178 -0.012737 4.06622)
(0.000403119 -0.0123303 4.06547)
(0.000781522 -0.0123473 4.06387)
(0.000564072 -0.0109959 4.05886)
(-0.000991848 -0.0110882 4.06469)
(-0.0012426 -0.0115466 4.06732)
(-0.00095812 -0.0120089 4.06804)
(-0.000565197 -0.0122271 4.0681)
(-0.000256008 -0.012367 4.0681)
(-0.000137668 -0.0126531 4.06824)
(0.000117107 -0.0122589 4.06829)
(0.00057375 -0.0118187 4.0679)
(0.000845063 -0.0117558 4.06703)
(0.000868675 -0.0108578 4.06475)
(-0.00102753 -0.0105511 4.06733)
(-0.00124764 -0.0109039 4.06873)
(-0.00115221 -0.0113772 4.06912)
(-0.000780654 -0.0116395 4.06917)
(-0.000324824 -0.0116661 4.06905)
(-4.27627e-05 -0.0117968 4.06908)
(0.00015265 -0.0116451 4.06921)
(0.000411404 -0.0112761 4.06913)
(0.000795556 -0.0112512 4.06879)
(0.0010898 -0.0107686 4.0677)
(0.0166196 -0.0181118 2.64716)
(0.0189946 -0.0197738 2.59258)
(0.0189996 -0.0201647 2.51107)
(0.0136803 -0.0191213 2.43586)
(0.00558983 -0.0186824 2.37853)
(-0.00584608 -0.0187575 2.37893)
(-0.0141333 -0.0192431 2.44234)
(-0.0183688 -0.0195168 2.52959)
(-0.0182922 -0.0191708 2.58387)
(-0.0154581 -0.0180717 2.61755)
(0.0127015 -0.0171704 3.34126)
(0.0130228 -0.0202856 3.38422)
(0.0128128 -0.0225738 3.40244)
(0.0080072 -0.0250774 3.41412)
(0.00229999 -0.0274186 3.42041)
(-0.00244182 -0.027531 3.42133)
(-0.00825632 -0.0251748 3.41782)
(-0.0118824 -0.0219596 3.40564)
(-0.0122444 -0.0192937 3.37509)
(-0.0117471 -0.0176209 3.33413)
(0.00870055 -0.0151507 3.59039)
(0.00887298 -0.0188323 3.63729)
(0.00920035 -0.0213292 3.66765)
(0.00620663 -0.023952 3.68851)
(0.00180571 -0.0261618 3.70042)
(-0.00151338 -0.0262691 3.70109)
(-0.00587025 -0.0240318 3.6899)
(-0.00879284 -0.0209895 3.66736)
(-0.00927111 -0.018305 3.63215)
(-0.00976848 -0.0168269 3.588)
(0.00609159 -0.0156731 3.7666)
(0.00635452 -0.0196695 3.81481)
(0.0063347 -0.0218643 3.85005)
(0.00490632 -0.0240945 3.87047)
(0.00184901 -0.0257983 3.88001)
(-0.00123569 -0.0259524 3.88025)
(-0.00444977 -0.0240808 3.87044)
(-0.00660767 -0.0215876 3.84901)
(-0.00702358 -0.0188213 3.81259)
(-0.0075399 -0.0166511 3.76665)
(0.00415916 -0.0175808 3.90716)
(0.00472303 -0.020998 3.95063)
(0.00386077 -0.0224792 3.98001)
(0.00292388 -0.02445 3.99535)
(0.00127546 -0.0257971 4.00086)
(-0.00107133 -0.0259393 4.00071)
(-0.00306478 -0.024338 3.99431)
(-0.00483486 -0.0222949 3.97932)
(-0.00521025 -0.0198723 3.9511)
(-0.00538437 -0.0170219 3.90914)
(0.00345303 -0.0196557 4.00243)
(0.00349343 -0.0212957 4.02843)
(0.00266029 -0.0220695 4.0428)
(0.00139959 -0.0238827 4.05042)
(0.000209252 -0.0250931 4.05314)
(-0.0011306 -0.0251489 4.05291)
(-0.00229538 -0.0237072 4.05004)
(-0.00349146 -0.0219921 4.04333)
(-0.00343879 -0.02038 4.0303)
(-0.00300813 -0.0174041 4.00376)
(0.00246367 -0.0196483 4.04868)
(0.0019903 -0.0204842 4.06044)
(0.00203943 -0.0210883 4.06547)
(0.00104255 -0.0224482 4.06854)
(-0.000196419 -0.0238045 4.0702)
(-0.00102825 -0.0238384 4.07024)
(-0.00175699 -0.0224982 4.06888)
(-0.00227113 -0.0211817 4.06645)
(-0.00195516 -0.0202219 4.06155)
(-0.00176049 -0.017987 4.04891)
(0.00144796 -0.0186636 4.06664)
(0.000788638 -0.0195803 4.07223)
(0.00121052 -0.0201624 4.07404)
(0.000957251 -0.0208953 4.07494)
(6.19736e-05 -0.0222467 4.07589)
(-0.000581974 -0.0224338 4.0761)
(-0.00106139 -0.0211944 4.07549)
(-0.00131776 -0.0202743 4.07453)
(-0.00128165 -0.0197106 4.07237)
(-0.00131937 -0.0181224 4.06639)
(0.00102411 -0.01777 4.07391)
(0.0002979 -0.0187265 4.07698)
(0.000421625 -0.0193305 4.0779)
(0.000631033 -0.0196544 4.07792)
(0.000262927 -0.0206567 4.07823)
(-0.000283414 -0.0209621 4.07835)
(-0.000670034 -0.0199844 4.07795)
(-0.000877485 -0.0192368 4.07747)
(-0.000992664 -0.0189401 4.07654)
(-0.000874704 -0.0179906 4.07386)
(0.000892953 -0.0171057 4.07733)
(0.000350621 -0.0178325 4.07907)
(0.000163012 -0.0183852 4.07961)
(0.000233336 -0.018611 4.07959)
(0.00010956 -0.0191112 4.07949)
(-0.000353924 -0.0193813 4.07951)
(-0.000721145 -0.0187648 4.07941)
(-0.000849611 -0.0181432 4.07919)
(-0.000743851 -0.0181625 4.07889)
(-0.000492895 -0.0178507 4.07767)
(0.0270472 -0.0290278 2.59524)
(0.0334865 -0.0319358 2.48592)
(0.0396664 -0.0330245 2.31545)
(0.039779 -0.0284119 2.1614)
(0.020063 -0.024523 2.02884)
(-0.0206843 -0.0246088 2.02878)
(-0.0394907 -0.028578 2.16781)
(-0.0396762 -0.033098 2.33561)
(-0.0347713 -0.0324187 2.48017)
(-0.026402 -0.029281 2.56217)
(0.0213617 -0.0283626 3.3373)
(0.023684 -0.0333067 3.36994)
(0.0238492 -0.0379693 3.36363)
(0.0202373 -0.0401378 3.35275)
(0.00954577 -0.0419102 3.3484)
(-0.00964322 -0.0420583 3.34895)
(-0.0197525 -0.0403098 3.35758)
(-0.0233462 -0.0376092 3.37147)
(-0.023253 -0.0328262 3.36137)
(-0.019665 -0.0282545 3.32889)
(0.0161503 -0.0264584 3.58661)
(0.0170555 -0.0313387 3.63111)
(0.015923 -0.0359468 3.65779)
(0.0121097 -0.0395919 3.67773)
(0.00471779 -0.0435547 3.69767)
(-0.00426125 -0.0437518 3.698)
(-0.0111849 -0.0397032 3.67951)
(-0.0154883 -0.0353737 3.65785)
(-0.0169542 -0.0310893 3.62535)
(-0.0161197 -0.0271844 3.58402)
(0.0121964 -0.0265688 3.75851)
(0.0127443 -0.031301 3.80398)
(0.0114192 -0.035423 3.83716)
(0.00876237 -0.0388475 3.85703)
(0.00332838 -0.0419907 3.86927)
(-0.00278086 -0.0423326 3.86923)
(-0.00821408 -0.0389439 3.85658)
(-0.0118252 -0.0347283 3.83565)
(-0.0130521 -0.0310674 3.80158)
(-0.0129841 -0.0270732 3.75871)
(0.00935324 -0.0280681 3.89824)
(0.00990665 -0.0320989 3.9415)
(0.00817316 -0.0354753 3.97134)
(0.00560098 -0.0383943 3.98682)
(0.00197073 -0.0404661 3.99184)
(-0.0023599 -0.0408474 3.99157)
(-0.00621555 -0.0386352 3.98534)
(-0.00891364 -0.0347463 3.97044)
(-0.00977853 -0.0314754 3.94202)
(-0.00999062 -0.0276442 3.89989)
(0.00786404 -0.0297784 3.99953)
(0.00779946 -0.0321309 4.0287)
(0.00611138 -0.0344187 4.04487)
(0.00312166 -0.0369698 4.05306)
(0.000491611 -0.0388904 4.0552)
(-0.00189617 -0.0390824 4.05504)
(-0.00459661 -0.0374948 4.05305)
(-0.00659817 -0.0342069 4.04585)
(-0.00693585 -0.031526 4.03028)
(-0.00732929 -0.0282944 4.00047)
(0.00595715 -0.029517 4.05353)
(0.00524365 -0.0308433 4.06791)
(0.00453917 -0.0325062 4.0739)
(0.00232768 -0.0347061 4.07712)
(0.000218851 -0.0369947 4.07886)
(-0.00114 -0.0370204 4.07894)
(-0.00309491 -0.0354519 4.07801)
(-0.00470658 -0.0330235 4.07526)
(-0.00502338 -0.0310075 4.06886)
(-0.00535009 -0.0284704 4.05351)
(0.00423932 -0.0283096 4.07597)
(0.00352156 -0.0295227 4.08258)
(0.00331091 -0.0308725 4.08469)
(0.00226977 -0.0325675 4.08592)
(0.000680761 -0.0348251 4.08711)
(-0.0005988 -0.0348908 4.08723)
(-0.00216496 -0.0332059 4.08654)
(-0.00347713 -0.031494 4.08538)
(-0.00404465 -0.0300819 4.08267)
(-0.00422424 -0.0283116 4.07576)
(0.00349178 -0.0273622 4.08536)
(0.0029231 -0.0283913 4.08871)
(0.00269766 -0.0294927 4.08974)
(0.00214913 -0.030663 4.09009)
(0.000872703 -0.0323509 4.09056)
(-0.000529159 -0.0325239 4.09056)
(-0.00189751 -0.0309987 4.08987)
(-0.00295433 -0.0298122 4.08938)
(-0.00348002 -0.0289712 4.08837)
(-0.00341282 -0.0279891 4.08531)
(0.00291003 -0.0265699 4.08986)
(0.00248641 -0.0273022 4.09183)
(0.00223083 -0.0280343 4.09236)
(0.00168891 -0.0287121 4.09238)
(0.000607592 -0.0296833 4.09237)
(-0.000738646 -0.02993 4.09234)
(-0.00181639 -0.028852 4.09203)
(-0.0024532 -0.028075 4.09182)
(-0.00269039 -0.0277695 4.09156)
(-0.00273597 -0.027545 4.09006)
(0.0436704 -0.043211 2.54217)
(0.0620076 -0.0480312 2.37616)
(0.0874035 -0.0509315 2.10372)
(0.0915874 -0.0429152 1.86035)
(0.0415664 -0.0390652 1.52971)
(-0.0420536 -0.0390156 1.53271)
(-0.0904955 -0.0428584 1.8633)
(-0.087678 -0.0515791 2.11294)
(-0.0647572 -0.0496759 2.37286)
(-0.0437064 -0.043719 2.51448)
(0.0350599 -0.0428293 3.33044)
(0.0444578 -0.0505879 3.33578)
(0.0545031 -0.0597291 3.2876)
(0.0576745 -0.0607706 3.21966)
(0.0295254 -0.067331 3.07925)
(-0.0295934 -0.0673018 3.08274)
(-0.0567847 -0.0608475 3.22569)
(-0.0545512 -0.0600294 3.29543)
(-0.0450875 -0.051213 3.33016)
(-0.0337048 -0.0428979 3.32152)
(0.0279309 -0.0413276 3.58601)
(0.0323453 -0.0487249 3.62203)
(0.0339308 -0.0577044 3.6401)
(0.032743 -0.065092 3.6496)
(0.0161218 -0.0778059 3.63475)
(-0.0161134 -0.0778666 3.6361)
(-0.0318965 -0.0651848 3.65232)
(-0.033914 -0.0575646 3.64206)
(-0.0322424 -0.0491399 3.61764)
(-0.027194 -0.0415643 3.58287)
(0.0224229 -0.0414729 3.75559)
(0.0250004 -0.0484747 3.79662)
(0.0238378 -0.0566846 3.82696)
(0.0209173 -0.064333 3.84821)
(0.00938254 -0.0753886 3.85922)
(-0.00949607 -0.0756058 3.85934)
(-0.0205766 -0.064493 3.84806)
(-0.0242639 -0.0560801 3.82603)
(-0.0249141 -0.0488419 3.79484)
(-0.0223836 -0.0416864 3.75526)
(0.0184678 -0.0427143 3.89402)
(0.0197348 -0.0486642 3.93558)
(0.0175651 -0.0556736 3.96429)
(0.0137535 -0.0619701 3.98135)
(0.00554132 -0.0694688 3.98854)
(-0.00634753 -0.0697221 3.9883)
(-0.0145813 -0.0623222 3.97996)
(-0.0179459 -0.0549476 3.96362)
(-0.0189228 -0.0486162 3.93585)
(-0.0180975 -0.0425428 3.89431)
(0.0152512 -0.0435907 3.99923)
(0.0153152 -0.0480464 4.03145)
(0.0131202 -0.0534985 4.04887)
(0.00894808 -0.0586148 4.05761)
(0.00301312 -0.0639158 4.06006)
(-0.00424911 -0.0640229 4.05999)
(-0.0102492 -0.0593359 4.05776)
(-0.0130261 -0.053422 4.04991)
(-0.0139707 -0.047986 4.03217)
(-0.0146541 -0.0432662 3.99932)
(0.0118521 -0.0430826 4.06093)
(0.0112408 -0.0462854 4.07886)
(0.00958604 -0.0504076 4.08643)
(0.00630217 -0.0547512 4.0896)
(0.00207766 -0.0590382 4.09096)
(-0.00243268 -0.0589515 4.09104)
(-0.00676961 -0.0556833 4.0907)
(-0.00947821 -0.0512206 4.08765)
(-0.0107045 -0.0467921 4.07936)
(-0.0114024 -0.0429487 4.06071)
(0.00915193 -0.0419482 4.08912)
(0.00849899 -0.0443887 4.09732)
(0.00730054 -0.0475282 4.10028)
(0.00504518 -0.0511856 4.1018)
(0.00193817 -0.0545182 4.10273)
(-0.00141771 -0.0544304 4.10277)
(-0.00486371 -0.0517534 4.10229)
(-0.00751905 -0.0485362 4.10096)
(-0.00890103 -0.0452809 4.09746)
(-0.00913011 -0.0425028 4.08898)
(0.00757122 -0.040971 4.10126)
(0.00701119 -0.04267 4.1051)
(0.00614247 -0.0449778 4.10636)
(0.00435124 -0.0477842 4.10718)
(0.00169998 -0.0500451 4.1076)
(-0.00125085 -0.0500139 4.10751)
(-0.00408971 -0.0478342 4.10676)
(-0.00627928 -0.0456639 4.10623)
(-0.00744222 -0.0435894 4.10501)
(-0.0076415 -0.0419763 4.10133)
(0.00619019 -0.0400557 4.10707)
(0.0056749 -0.0410722 4.1092)
(0.00505072 -0.0425504 4.10971)
(0.00352526 -0.0442449 4.10988)
(0.00122445 -0.0455953 4.10996)
(-0.00129802 -0.045608 4.10988)
(-0.0034327 -0.0441744 4.10949)
(-0.00490947 -0.0428372 4.10933)
(-0.00572286 -0.0417582 4.10908)
(-0.00623903 -0.0411379 4.10719)
(0.0565826 -0.0522147 2.52739)
(0.0847429 -0.0551959 2.36269)
(0.121772 -0.0590398 1.98343)
(0.112969 -0.0642914 1.34084)
(0.022687 -0.0589769 0.513881)
(-0.0128842 -0.0584548 0.525288)
(-0.105985 -0.0630779 1.34211)
(-0.120066 -0.059379 1.9749)
(-0.0877324 -0.057344 2.35396)
(-0.0580659 -0.0536314 2.50913)
(0.0480265 -0.0544469 3.32468)
(0.0664483 -0.0618773 3.30084)
(0.0911394 -0.0727638 3.17536)
(0.0888984 -0.0802146 2.88921)
(0.0347457 -0.0829204 2.4938)
(-0.031217 -0.0828526 2.49835)
(-0.0858536 -0.0802541 2.89314)
(-0.0906975 -0.0736142 3.18081)
(-0.0677 -0.0630962 3.29841)
(-0.047721 -0.0549869 3.31697)
(0.0391407 -0.0538274 3.5879)
(0.0497699 -0.0619709 3.6086)
(0.0601077 -0.0749324 3.59429)
(0.0561934 -0.0907912 3.52601)
(0.024848 -0.101454 3.41595)
(-0.0235505 -0.101557 3.41828)
(-0.0547028 -0.0911376 3.52967)
(-0.0604563 -0.0757356 3.59865)
(-0.0502208 -0.0628956 3.60772)
(-0.0382767 -0.0538369 3.58458)
(0.0324103 -0.0546714 3.75873)
(0.0387179 -0.0630832 3.79302)
(0.0416665 -0.0756801 3.81318)
(0.0364104 -0.0905731 3.8139)
(0.0161306 -0.101897 3.79771)
(-0.0159476 -0.101945 3.79885)
(-0.0360146 -0.0908613 3.81577)
(-0.0424264 -0.0758973 3.81454)
(-0.0389798 -0.0640079 3.79299)
(-0.031927 -0.0548834 3.75762)
(0.0274679 -0.0561274 3.89658)
(0.0306818 -0.0637633 3.93571)
(0.0300832 -0.0748643 3.96208)
(0.0241684 -0.0866761 3.97801)
(0.01014 -0.0959925 3.98425)
(-0.0107786 -0.0960972 3.98462)
(-0.0246612 -0.0869417 3.97812)
(-0.0301716 -0.0745522 3.96256)
(-0.0297659 -0.0642675 3.93607)
(-0.026541 -0.0564069 3.89559)
(0.0226826 -0.0566714 4.0046)
(0.0236149 -0.0631549 4.03918)
(0.0219201 -0.0722728 4.05795)
(0.0162143 -0.0811618 4.06905)
(0.00621048 -0.0881828 4.07509)
(-0.00697746 -0.0881685 4.07522)
(-0.0168386 -0.0817445 4.0694)
(-0.0212074 -0.0723196 4.0589)
(-0.0222378 -0.0634437 4.03905)
(-0.0220739 -0.0573508 4.00362)
(0.0180838 -0.0561654 4.0736)
(0.0176641 -0.0614831 4.09568)
(0.0155393 -0.0686071 4.10538)
(0.0110633 -0.0752969 4.10958)
(0.00418206 -0.0805467 4.11196)
(-0.00410427 -0.0803478 4.112)
(-0.0111351 -0.076136 4.11046)
(-0.0151015 -0.0694561 4.10614)
(-0.0170161 -0.0619005 4.09537)
(-0.0174895 -0.0567979 4.07284)
(0.0144645 -0.0552806 4.10825)
(0.0137653 -0.0593736 4.11912)
(0.011539 -0.0648132 4.12359)
(0.00802727 -0.0700143 4.12551)
(0.0031781 -0.0738206 4.12629)
(-0.00249569 -0.0735796 4.12622)
(-0.00778241 -0.0704927 4.1258)
(-0.0117768 -0.0659016 4.12407)
(-0.0140182 -0.0601782 4.11914)
(-0.0140396 -0.0562629 4.10799)
(0.0117696 -0.0543681 4.12371)
(0.0110616 -0.057212 4.12878)
(0.00933393 -0.0611581 4.13075)
(0.00637107 -0.0651444 4.13197)
(0.00243586 -0.0676516 4.13228)
(-0.00196943 -0.0674242 4.13217)
(-0.00609276 -0.0650274 4.13153)
(-0.00953103 -0.0618993 4.13075)
(-0.0115053 -0.0582198 4.12894)
(-0.0116906 -0.0557597 4.12388)
(0.00954985 -0.0535439 4.13096)
(0.00878637 -0.05526 4.13357)
(0.0075044 -0.057779 4.13439)
(0.00503554 -0.0603228 4.13483)
(0.00181049 -0.0617737 4.13494)
(-0.00165928 -0.0616182 4.13482)
(-0.004733 -0.0600103 4.13446)
(-0.00717888 -0.0580183 4.13417)
(-0.00868673 -0.0560159 4.13369)
(-0.00960718 -0.0548423 4.1311)
(0.0653116 -0.0579677 2.54031)
(0.0857298 -0.0553822 2.38415)
(0.0953643 -0.0489556 1.94833)
(-0.0206771 -0.0413339 0.472086)
(-0.0216354 -0.0288585 -0.230952)
(0.0239481 -0.0296413 -0.237848)
(0.0263409 -0.0413389 0.431223)
(-0.0914108 -0.0499116 1.89723)
(-0.0878065 -0.05736 2.35722)
(-0.0674811 -0.0594489 2.5312)
(0.0579221 -0.0624661 3.32218)
(0.0771326 -0.0670781 3.27794)
(0.0972134 -0.0697247 3.04799)
(0.063526 -0.0754192 2.47317)
(0.013428 -0.0769289 2.10869)
(-0.00567858 -0.0776981 2.1042)
(-0.057557 -0.0763442 2.46086)
(-0.0954506 -0.0720568 3.03785)
(-0.0789035 -0.0693914 3.27379)
(-0.0588818 -0.0634167 3.31669)
(0.0472683 -0.062148 3.58791)
(0.0601705 -0.069276 3.58892)
(0.0731138 -0.0790687 3.5098)
(0.0596321 -0.0936335 3.32729)
(0.0216593 -0.0976225 3.15543)
(-0.0162029 -0.0981258 3.15526)
(-0.0559099 -0.0948498 3.32719)
(-0.0727887 -0.0816501 3.51215)
(-0.0617466 -0.0716514 3.59047)
(-0.0476375 -0.0628408 3.58531)
(0.0391835 -0.0637483 3.76147)
(0.04734 -0.0718432 3.7846)
(0.0538622 -0.0833277 3.77428)
(0.0450618 -0.0975569 3.71803)
(0.0183665 -0.103595 3.64775)
(-0.0150895 -0.104246 3.64854)
(-0.0432293 -0.0984882 3.72067)
(-0.054173 -0.085096 3.77748)
(-0.0484154 -0.0741113 3.78669)
(-0.0394291 -0.0646167 3.76016)
(0.0332534 -0.0658387 3.9002)
(0.0373817 -0.0737405 3.93508)
(0.0392163 -0.0854284 3.95279)
(0.031646 -0.0982731 3.94979)
(0.0130894 -0.104821 3.9318)
(-0.0119793 -0.105239 3.93247)
(-0.0310786 -0.0988947 3.95177)
(-0.0389187 -0.0861887 3.95508)
(-0.0372131 -0.0753696 3.93633)
(-0.0329574 -0.0669869 3.89877)
(0.0276882 -0.066783 4.01152)
(0.028729 -0.0739219 4.04687)
(0.0280316 -0.0842767 4.06685)
(0.0212709 -0.0948234 4.07842)
(0.00851005 -0.100901 4.08225)
(-0.00825021 -0.101132 4.08265)
(-0.0210282 -0.0955202 4.07966)
(-0.0267656 -0.0848741 4.06805)
(-0.027591 -0.0747183 4.04638)
(-0.0272726 -0.0681844 4.00977)
(0.02203 -0.0664664 4.08784)
(0.0213436 -0.0726217 4.11334)
(0.0192941 -0.0810319 4.12554)
(0.0140432 -0.0886811 4.1328)
(0.00557717 -0.0931334 4.13769)
(-0.00497656 -0.0932276 4.13781)
(-0.01367 -0.0895867 4.13351)
(-0.0185066 -0.082198 4.12585)
(-0.0205389 -0.0731714 4.11217)
(-0.0212879 -0.0674677 4.0863)
(0.0173391 -0.065852 4.12958)
(0.0162987 -0.0706152 4.14352)
(0.0136584 -0.0772586 4.14957)
(0.00950529 -0.0828925 4.15245)
(0.00382658 -0.0857644 4.154)
(-0.00295377 -0.0857681 4.15391)
(-0.0090886 -0.0834653 4.15258)
(-0.0137955 -0.078582 4.14969)
(-0.0163984 -0.0716691 4.14324)
(-0.0167985 -0.0668825 4.12904)
(0.0138262 -0.065155 4.1492)
(0.0128908 -0.0684451 4.15599)
(0.0105083 -0.0734442 4.15885)
(0.00696287 -0.0776942 4.16031)
(0.00275024 -0.0794897 4.16058)
(-0.0019393 -0.0794051 4.1605)
(-0.00643567 -0.0776566 4.16002)
(-0.010523 -0.0743153 4.15896)
(-0.0130209 -0.0697966 4.15639)
(-0.0136542 -0.0664947 4.14937)
(0.0113364 -0.0645619 4.1583)
(0.0103082 -0.0664872 4.16182)
(0.00834314 -0.0698858 4.16314)
(0.00542524 -0.0726698 4.16384)
(0.00211611 -0.0736946 4.16391)
(-0.00132273 -0.0735764 4.16381)
(-0.00459582 -0.0723693 4.16354)
(-0.00758558 -0.0701828 4.16305)
(-0.00980136 -0.0675254 4.16211)
(-0.0111454 -0.0658901 4.1586)
(0.0794082 -0.073116 2.52365)
(0.0824274 -0.0655413 2.19947)
(0.0170023 -0.0547424 1.34386)
(-0.0780197 0.00269216 -0.125914)
(-0.0124433 0.00632416 -0.313518)
(-0.000148248 0.0048159 -0.319449)
(0.06374 0.00044213 -0.148853)
(-0.0151351 -0.0556783 1.2383)
(-0.0828859 -0.0656785 2.16451)
(-0.0802087 -0.0733004 2.51928)
(0.0722768 -0.0807129 3.32632)
(0.0841563 -0.0825165 3.20311)
(0.0664615 -0.0748778 2.76649)
(0.0103065 -0.0612121 2.19602)
(0.00270679 -0.0672805 1.80471)
(-0.000560974 -0.0683905 1.78949)
(-0.00861265 -0.063641 2.16879)
(-0.0642221 -0.0770249 2.7288)
(-0.0857108 -0.0839292 3.18921)
(-0.0736639 -0.0814955 3.3222)
(0.059412 -0.0790777 3.58187)
(0.0695176 -0.0867358 3.54169)
(0.0659958 -0.0904928 3.35789)
(0.0412626 -0.0862353 3.08838)
(0.0159633 -0.0856924 2.84442)
(-0.00965759 -0.086943 2.83892)
(-0.0377212 -0.0881204 3.07775)
(-0.0651927 -0.0930001 3.34997)
(-0.0716757 -0.088779 3.54025)
(-0.0610048 -0.0801669 3.58049)
(0.0490319 -0.0800003 3.75384)
(0.0561578 -0.0891823 3.7517)
(0.0550527 -0.0972626 3.67562)
(0.0393542 -0.0993198 3.54006)
(0.0154472 -0.102018 3.42217)
(-0.0100891 -0.103013 3.42106)
(-0.0363737 -0.100717 3.53839)
(-0.054777 -0.0992861 3.67603)
(-0.0579436 -0.091236 3.75424)
(-0.0503629 -0.0811111 3.75361)
(0.0408783 -0.0820373 3.89466)
(0.0442906 -0.0914295 3.91671)
(0.0429836 -0.101286 3.90215)
(0.0319061 -0.106702 3.84816)
(0.012884 -0.109143 3.79142)
(-0.0096357 -0.109832 3.79141)
(-0.0301969 -0.107443 3.84938)
(-0.0424874 -0.102474 3.90496)
(-0.0450802 -0.0929475 3.91952)
(-0.0414595 -0.0831574 3.89413)
(0.0336439 -0.0831643 4.01043)
(0.0337313 -0.091836 4.04298)
(0.0315326 -0.10182 4.05562)
(0.0232576 -0.108889 4.04949)
(0.00945023 -0.111962 4.03463)
(-0.00788395 -0.112445 4.03491)
(-0.0223292 -0.1095 4.05153)
(-0.0303206 -0.102554 4.05814)
(-0.0332953 -0.0925133 4.04366)
(-0.0337282 -0.08425 4.00934)
(0.0261273 -0.0828673 4.09483)
(0.0242555 -0.0901364 4.12291)
(0.021404 -0.0987193 4.1377)
(0.0154057 -0.105223 4.14608)
(0.00622868 -0.108137 4.14973)
(-0.00528837 -0.108555 4.15)
(-0.0147946 -0.105993 4.14738)
(-0.0206101 -0.0997316 4.13878)
(-0.0236123 -0.090505 4.12214)
(-0.0256189 -0.083269 4.09347)
(0.0197411 -0.0820927 4.14519)
(0.0174069 -0.0874566 4.16217)
(0.0141295 -0.0943509 4.17056)
(0.00968679 -0.0992122 4.1758)
(0.00388969 -0.100938 4.17928)
(-0.00309859 -0.101183 4.17935)
(-0.00929996 -0.0997662 4.17613)
(-0.0142564 -0.0953958 4.17081)
(-0.0173625 -0.088318 4.16204)
(-0.0193678 -0.0822747 4.14467)
(0.0151352 -0.0811225 4.17073)
(0.0133515 -0.0846389 4.17922)
(0.0101649 -0.0899821 4.18306)
(0.00645126 -0.0936883 4.18505)
(0.00258427 -0.0946019 4.18587)
(-0.00168715 -0.094662 4.18588)
(-0.00587277 -0.0937504 4.18502)
(-0.0101027 -0.0905911 4.18332)
(-0.0132656 -0.0857977 4.17986)
(-0.0150421 -0.0816156 4.17087)
(0.0122621 -0.0803087 4.18295)
(0.0107062 -0.0821055 4.18744)
(0.00804406 -0.0857993 4.18916)
(0.0048316 -0.0884543 4.19005)
(0.00192424 -0.088992 4.19008)
(-0.000848253 -0.0889865 4.19004)
(-0.00385201 -0.0882146 4.18992)
(-0.00720674 -0.0859855 4.18927)
(-0.010086 -0.0830004 4.18788)
(-0.0120617 -0.0809837 4.18328)
(0.0997791 -0.103507 2.34496)
(0.0833335 -0.0860252 1.81252)
(-0.0101441 -0.0396531 0.210834)
(0.0112886 0.0110216 -0.130134)
(0.0109908 0.0231171 -0.395216)
(-0.0160284 0.0226412 -0.402275)
(-0.0178095 0.0102614 -0.145272)
(0.00820562 -0.0354854 0.185032)
(-0.0813739 -0.0845281 1.79175)
(-0.0981602 -0.101881 2.33724)
(0.0977369 -0.122024 3.31351)
(0.0911695 -0.111601 3.01392)
(0.0431728 -0.0940946 2.40241)
(-0.0012433 -0.0665065 1.76817)
(-9.97419e-05 -0.0350601 1.16213)
(-0.00550508 -0.0354475 1.14287)
(-0.00323705 -0.0664953 1.71813)
(-0.0433239 -0.0939995 2.37283)
(-0.090496 -0.110771 2.99461)
(-0.0978481 -0.121494 3.30695)
(0.0821727 -0.12086 3.58363)
(0.0800797 -0.123269 3.44783)
(0.055743 -0.114611 3.15917)
(0.0224183 -0.0943347 2.80552)
(0.00471906 -0.0838164 2.57888)
(-0.00336587 -0.0844285 2.57049)
(-0.0216861 -0.0950585 2.78779)
(-0.0553398 -0.114521 3.14004)
(-0.0806647 -0.123174 3.43832)
(-0.0836047 -0.121293 3.58124)
(0.068517 -0.120294 3.74895)
(0.067798 -0.127836 3.68801)
(0.0511481 -0.127211 3.52802)
(0.0271677 -0.116749 3.35046)
(0.0091153 -0.111334 3.23992)
(-0.0058097 -0.111814 3.23651)
(-0.0252421 -0.117248 3.34514)
(-0.0506856 -0.127253 3.51927)
(-0.0687759 -0.128067 3.68548)
(-0.0702331 -0.120969 3.74909)
(0.0570719 -0.121512 3.88836)
(0.0558845 -0.130719 3.87596)
(0.0444256 -0.134401 3.79931)
(0.0265772 -0.129379 3.69681)
(0.00974602 -0.125837 3.62134)
(-0.00671047 -0.126157 3.61987)
(-0.0248768 -0.129521 3.69507)
(-0.0439428 -0.134365 3.79598)
(-0.0565303 -0.130824 3.87718)
(-0.0579927 -0.121931 3.88906)
(0.0466782 -0.122217 4.00862)
(0.0439686 -0.131713 4.02706)
(0.036047 -0.138144 4.00705)
(0.0230546 -0.137647 3.96329)
(0.00865286 -0.136492 3.92137)
(-0.0068446 -0.136672 3.92072)
(-0.0220398 -0.137678 3.96365)
(-0.0353965 -0.138155 4.00672)
(-0.0440933 -0.131619 4.02806)
(-0.047141 -0.12257 4.00898)
(0.03611 -0.121468 4.10223)
(0.0319934 -0.12982 4.13113)
(0.0260005 -0.137505 4.13929)
(0.0171738 -0.140067 4.13385)
(0.00646035 -0.140964 4.12244)
(-0.00574322 -0.141178 4.12233)
(-0.0168682 -0.140313 4.13495)
(-0.0258447 -0.137892 4.14008)
(-0.0320664 -0.129753 4.13135)
(-0.0360035 -0.121472 4.10205)
(0.0265702 -0.119937 4.16322)
(0.0219543 -0.12581 4.18635)
(0.01669 -0.13282 4.19834)
(0.0109748 -0.135962 4.20477)
(0.00409648 -0.137328 4.20703)
(-0.00389553 -0.13751 4.20725)
(-0.0110622 -0.136152 4.20567)
(-0.0171581 -0.133359 4.19916)
(-0.0221098 -0.126063 4.18687)
(-0.0261019 -0.119772 4.16352)
(0.0193326 -0.117963 4.19714)
(0.0156683 -0.121249 4.20995)
(0.01085 -0.12669 4.21667)
(0.00661597 -0.129299 4.22086)
(0.00250465 -0.129993 4.22321)
(-0.00208922 -0.130064 4.22335)
(-0.00643649 -0.129164 4.22128)
(-0.0108425 -0.127007 4.21731)
(-0.0152149 -0.121785 4.21093)
(-0.0186551 -0.117946 4.19778)
(0.0149082 -0.116202 4.21425)
(0.0119902 -0.11727 4.22081)
(0.00805187 -0.121033 4.22357)
(0.00448018 -0.12324 4.22531)
(0.00175237 -0.123502 4.22588)
(-0.000926092 -0.123558 4.22594)
(-0.00382553 -0.122885 4.22544)
(-0.00739833 -0.121269 4.22399)
(-0.0112227 -0.117963 4.22146)
(-0.0143362 -0.116263 4.21468)
(0.10311 -0.119854 1.88331)
(0.0825485 -0.0938608 0.649185)
(0.145748 -0.0417078 -0.282156)
(0.14369 -0.00569483 -0.54416)
(0.0545825 0.0217773 -0.716456)
(-0.0442061 0.0223714 -0.719851)
(-0.133115 -0.00414997 -0.549522)
(-0.136777 -0.0374244 -0.289196)
(-0.0768877 -0.0897531 0.622196)
(-0.099391 -0.116627 1.87853)
(0.110666 -0.156251 3.08928)
(0.0904156 -0.139898 2.48434)
(0.0741489 -0.106758 1.57362)
(0.0741549 -0.0470649 0.725383)
(0.0301286 -0.0108882 0.397912)
(-0.0255548 -0.0100355 0.390222)
(-0.069368 -0.0443447 0.699794)
(-0.0709281 -0.101855 1.52616)
(-0.0871344 -0.137171 2.46473)
(-0.108575 -0.154012 3.07749)
(0.0977437 -0.165128 3.47623)
(0.0802553 -0.158516 3.17276)
(0.0567997 -0.135832 2.73623)
(0.0360043 -0.109152 2.31679)
(0.0151481 -0.0899597 1.97952)
(-0.0126571 -0.0891154 1.96761)
(-0.0333968 -0.107621 2.29002)
(-0.0545923 -0.133202 2.7132)
(-0.0783093 -0.156387 3.15771)
(-0.097129 -0.163971 3.46726)
(0.0848143 -0.168219 3.67865)
(0.0689822 -0.168007 3.50199)
(0.0471414 -0.15599 3.26697)
(0.0288236 -0.139224 3.04783)
(0.0114952 -0.127075 2.88763)
(-0.00876884 -0.12673 2.8818)
(-0.0265583 -0.138113 3.03453)
(-0.045637 -0.153969 3.25317)
(-0.0678471 -0.166407 3.49134)
(-0.0850683 -0.167679 3.67329)
(0.0728201 -0.170099 3.83788)
(0.0596838 -0.173333 3.74166)
(0.0406597 -0.167571 3.59115)
(0.0231674 -0.15697 3.45344)
(0.00834637 -0.150747 3.37414)
(-0.00620286 -0.150535 3.37157)
(-0.0213205 -0.156143 3.44742)
(-0.0396618 -0.166045 3.58155)
(-0.0590897 -0.172111 3.73506)
(-0.0733376 -0.169792 3.83463)
(0.0611171 -0.171567 3.97644)
(0.0506735 -0.176416 3.94138)
(0.0357791 -0.175213 3.8575)
(0.0202298 -0.169295 3.76906)
(0.00701895 -0.165496 3.71375)
(-0.0056754 -0.165332 3.71207)
(-0.0192093 -0.168651 3.76582)
(-0.0352768 -0.174158 3.85148)
(-0.0505817 -0.175527 3.93717)
(-0.0616903 -0.171302 3.97497)
(0.0485952 -0.171671 4.09113)
(0.0400067 -0.177443 4.09597)
(0.0293095 -0.180317 4.06639)
(0.0173085 -0.178211 4.02423)
(0.00597145 -0.176283 3.99304)
(-0.00556319 -0.176192 3.99195)
(-0.0171335 -0.177781 4.02261)
(-0.0294891 -0.179654 4.06375)
(-0.040298 -0.176882 4.09404)
(-0.048835 -0.171478 4.09095)
(0.0360483 -0.170166 4.17033)
(0.028976 -0.175178 4.19096)
(0.0211177 -0.180448 4.1931)
(0.0129536 -0.181573 4.18455)
(0.00451494 -0.181248 4.1755)
(-0.00468972 -0.181204 4.17497)
(-0.013286 -0.181282 4.18433)
(-0.0217065 -0.180207 4.19295)
(-0.029076 -0.175018 4.19129)
(-0.0354558 -0.169994 4.17146)
(0.0256823 -0.167291 4.21584)
(0.0203613 -0.170163 4.23387)
(0.0141665 -0.175468 4.24343)
(0.00851526 -0.177911 4.24748)
(0.00303962 -0.178138 4.24862)
(-0.00307835 -0.177994 4.24841)
(-0.008691 -0.1776 4.24809)
(-0.0143612 -0.175489 4.24449)
(-0.0198375 -0.170391 4.23549)
(-0.0246418 -0.16732 4.21762)
(0.0189812 -0.163578 4.23928)
(0.0147913 -0.163876 4.25016)
(0.00996919 -0.167617 4.25624)
(0.00555391 -0.169791 4.26005)
(0.00201713 -0.169949 4.26183)
(-0.00152043 -0.169759 4.26174)
(-0.00514524 -0.169387 4.26059)
(-0.00946896 -0.167745 4.25735)
(-0.0138526 -0.164459 4.25168)
(-0.0178421 -0.163849 4.24078)
(0.303589 -0.262533 1.62282)
(0.398166 -0.193491 0.94387)
(0.355504 -0.081837 0.441199)
(0.231483 0.0167954 -0.11356)
(0.0845961 0.0679226 -0.441051)
(-0.071279 0.0689493 -0.449056)
(-0.218888 0.0195257 -0.124186)
(-0.343198 -0.0778515 0.42939)
(-0.390511 -0.188257 0.935578)
(-0.301438 -0.260302 1.6089)
(0.202973 -0.253881 2.82242)
(0.254092 -0.212693 2.17089)
(0.28171 -0.0934962 1.31166)
(0.210451 0.0175289 0.636685)
(0.0796734 0.0748433 0.212882)
(-0.0675859 0.0758239 0.202107)
(-0.199093 0.0211248 0.622427)
(-0.273074 -0.0874365 1.28612)
(-0.249875 -0.20629 2.141)
(-0.199972 -0.251258 2.80527)
(0.150715 -0.255964 3.30923)
(0.157793 -0.226479 2.92644)
(0.176394 -0.161033 2.41612)
(0.152247 -0.063096 1.73981)
(0.0616017 -0.00101193 1.26982)
(-0.0523823 0.000300547 1.25735)
(-0.144467 -0.0573223 1.70984)
(-0.172317 -0.15489 2.38054)
(-0.154451 -0.222222 2.90499)
(-0.147771 -0.253608 3.29386)
(0.121629 -0.262827 3.5636)
(0.111835 -0.245811 3.32739)
(0.103601 -0.211267 3.06692)
(0.0807761 -0.169353 2.80856)
(0.0328261 -0.143261 2.61328)
(-0.0272598 -0.142467 2.60645)
(-0.075781 -0.165923 2.79252)
(-0.100201 -0.207497 3.04838)
(-0.108824 -0.242709 3.31161)
(-0.119061 -0.260779 3.55159)
(0.101602 -0.268976 3.74899)
(0.0854918 -0.259431 3.59418)
(0.0698087 -0.239668 3.43868)
(0.0489949 -0.218314 3.31065)
(0.0192275 -0.204538 3.22208)
(-0.0157929 -0.204022 3.2191)
(-0.0457873 -0.216099 3.30137)
(-0.0673316 -0.237018 3.42683)
(-0.0832052 -0.256978 3.58272)
(-0.0999234 -0.267465 3.73872)
(0.0857817 -0.273106 3.9141)
(0.0680678 -0.268003 3.81568)
(0.0509543 -0.257259 3.70616)
(0.0329714 -0.244663 3.62374)
(0.01239 -0.237192 3.57642)
(-0.0105362 -0.236904 3.57527)
(-0.0312826 -0.243197 3.61843)
(-0.0495691 -0.255177 3.69765)
(-0.0667403 -0.266176 3.80562)
(-0.0848992 -0.271805 3.90604)
(0.0712517 -0.276101 4.0637)
(0.0546023 -0.27293 4.01657)
(0.0389989 -0.268735 3.94463)
(0.0237214 -0.262799 3.88457)
(0.008427 -0.259062 3.85101)
(-0.0077933 -0.258864 3.85063)
(-0.0232065 -0.261859 3.88053)
(-0.0386255 -0.267234 3.93774)
(-0.0541427 -0.271581 4.00879)
(-0.0708583 -0.275186 4.05832)
(0.056159 -0.277581 4.19284)
(0.0419234 -0.275097 4.18742)
(0.029348 -0.276107 4.15493)
(0.0171971 -0.27469 4.12061)
(0.00583841 -0.273269 4.09932)
(-0.00601588 -0.27309 4.0998)
(-0.0175755 -0.274083 4.11782)
(-0.0297901 -0.275187 4.15024)
(-0.0420419 -0.27425 4.18278)
(-0.0557055 -0.277057 4.18984)
(0.0410249 -0.277199 4.28505)
(0.0300975 -0.273699 4.30135)
(0.0204087 -0.278118 4.29635)
(0.0116794 -0.279365 4.28601)
(0.00397018 -0.279413 4.27751)
(-0.0043191 -0.27888 4.2785)
(-0.0123999 -0.27898 4.28474)
(-0.0211469 -0.277756 4.29429)
(-0.0302588 -0.273425 4.29963)
(-0.0403446 -0.277064 4.28425)
(0.0284316 -0.27439 4.33656)
(0.0207032 -0.269478 4.35378)
(0.013734 -0.274784 4.35799)
(0.00739416 -0.276791 4.35889)
(0.00255736 -0.277466 4.35808)
(-0.00257369 -0.276644 4.3588)
(-0.00771927 -0.276398 4.35893)
(-0.0139482 -0.274689 4.35792)
(-0.0202527 -0.269653 4.35412)
(-0.0272616 -0.274571 4.33751)
(0.370696 -0.334023 0.824881)
(0.357073 -0.233699 -9.72089e-05)
(0.240489 -0.12599 -0.763173)
(0.174745 -0.0585074 -0.956274)
(0.0626062 -0.0142743 -1.09966)
(-0.0545052 -0.0132238 -1.10346)
(-0.166911 -0.0567661 -0.966629)
(-0.234596 -0.12362 -0.776658)
(-0.349646 -0.229894 -0.0219835)
(-0.368379 -0.332363 0.800952)
(0.341638 -0.405695 1.8303)
(0.367589 -0.30869 0.587369)
(0.279638 -0.182031 -0.646144)
(0.156614 -0.0961863 -1.58589)
(0.0529143 -0.0428018 -1.94005)
(-0.0458321 -0.0416354 -1.95461)
(-0.150227 -0.0943276 -1.58734)
(-0.270162 -0.178175 -0.666053)
(-0.361453 -0.304487 0.543718)
(-0.339838 -0.403648 1.78139)
(0.241715 -0.39277 2.66486)
(0.292487 -0.357031 1.54656)
(0.280425 -0.286267 0.207515)
(0.161155 -0.195178 -1.01805)
(0.054123 -0.161582 -1.64869)
(-0.0454371 -0.160684 -1.66174)
(-0.151621 -0.193124 -1.04526)
(-0.270796 -0.279354 0.164704)
(-0.288418 -0.352525 1.485)
(-0.239076 -0.391969 2.62695)
(0.178855 -0.387662 3.14928)
(0.196975 -0.376066 2.5665)
(0.21323 -0.359353 1.60407)
(0.155811 -0.337874 0.546876)
(0.0576404 -0.304687 -0.0394842)
(-0.0463831 -0.303847 -0.0552629)
(-0.146354 -0.33583 0.495202)
(-0.207403 -0.355618 1.53692)
(-0.19329 -0.37432 2.52502)
(-0.174867 -0.38582 3.12769)
(0.143847 -0.390973 3.41998)
(0.139973 -0.384545 3.12851)
(0.136838 -0.376095 2.72183)
(0.103578 -0.373187 2.2594)
(0.0397468 -0.369196 1.94737)
(-0.0309712 -0.368985 1.9384)
(-0.0967965 -0.372818 2.22811)
(-0.132526 -0.374619 2.69007)
(-0.135809 -0.382342 3.10997)
(-0.139623 -0.38907 3.40522)
(0.119608 -0.394048 3.61953)
(0.106708 -0.391539 3.45202)
(0.0937558 -0.387637 3.26962)
(0.0662823 -0.383349 3.09363)
(0.02529 -0.380515 2.97171)
(-0.0197385 -0.38024 2.96836)
(-0.061667 -0.382365 3.08168)
(-0.090228 -0.38585 3.25751)
(-0.103411 -0.389817 3.44048)
(-0.115852 -0.392675 3.60934)
(0.100302 -0.396979 3.79475)
(0.0842552 -0.395776 3.69461)
(0.0685839 -0.394506 3.59623)
(0.0460054 -0.393028 3.5092)
(0.0172812 -0.391913 3.45514)
(-0.0138726 -0.391637 3.45355)
(-0.0431843 -0.392174 3.50344)
(-0.0662757 -0.393041 3.58919)
(-0.0820906 -0.394481 3.68639)
(-0.0975726 -0.396318 3.78708)
(0.083499 -0.400026 3.95701)
(0.0670854 -0.398307 3.90589)
(0.0516263 -0.399027 3.84825)
(0.0328112 -0.399162 3.79894)
(0.0118725 -0.399091 3.77113)
(-0.0102413 -0.398815 3.7702)
(-0.0315474 -0.398455 3.79557)
(-0.0504941 -0.397942 3.8428)
(-0.0658878 -0.397327 3.89936)
(-0.0816159 -0.399738 3.95031)
(0.0676709 -0.402418 4.10521)
(0.0529033 -0.399417 4.09285)
(0.0393111 -0.401559 4.06544)
(0.0238813 -0.402252 4.04083)
(0.00823039 -0.40257 4.02622)
(-0.00789134 -0.402236 4.02552)
(-0.023725 -0.401669 4.0384)
(-0.039063 -0.40075 4.06111)
(-0.0523815 -0.398772 4.08767)
(-0.0663743 -0.4024 4.10014)
(0.0525524 -0.402799 4.22929)
(0.0396777 -0.398531 4.2463)
(0.0284765 -0.401517 4.24288)
(0.0166346 -0.402773 4.23704)
(0.00556159 -0.403449 4.23233)
(-0.0058148 -0.403151 4.23156)
(-0.0170555 -0.402312 4.23535)
(-0.028732 -0.401031 4.24005)
(-0.0394824 -0.398155 4.24307)
(-0.051534 -0.4029 4.22602)
(0.0047959 -0.003922 3.71937)
(0.00502447 -0.00314124 3.72401)
(0.00519531 -0.00225409 3.72941)
(0.00545016 -0.00135632 3.73091)
(0.00552922 -0.000439804 3.73189)
(0.00554085 0.000483575 3.73193)
(0.0054713 0.00134597 3.73059)
(0.00525829 0.00221937 3.72896)
(0.00499602 0.00312848 3.72473)
(0.00474816 0.00389737 3.71991)
(0.0059686 -0.00517843 3.79452)
(0.00646863 -0.00410471 3.7938)
(0.00682896 -0.00292426 3.79162)
(0.00717482 -0.00175705 3.79156)
(0.00730851 -0.000552551 3.79137)
(0.00730264 0.000660879 3.79134)
(0.00716522 0.00185875 3.79174)
(0.00684137 0.00303423 3.79189)
(0.00640939 0.00415333 3.79328)
(0.00588858 0.00518732 3.79399)
(0.00466937 -0.00406648 3.77972)
(0.00491046 -0.00317128 3.77922)
(0.00509836 -0.00225532 3.77859)
(0.00525732 -0.00135426 3.77844)
(0.00533036 -0.000450504 3.77835)
(0.00531885 0.000468271 3.77834)
(0.00524907 0.00140595 3.7785)
(0.00510081 0.00232365 3.77866)
(0.00486729 0.0031951 3.77912)
(0.00463401 0.00408821 3.77962)
(0.00379303 -0.00332812 3.7768)
(0.00394938 -0.00262087 3.7766)
(0.00410004 -0.00188564 3.77641)
(0.0042095 -0.00113361 3.77633)
(0.00425954 -0.000388782 3.7763)
(0.004261 0.000371259 3.7763)
(0.00421023 0.00115085 3.77635)
(0.00410256 0.00189645 3.77642)
(0.00393104 0.00260592 3.77659)
(0.00379097 0.00334935 3.77679)
(0.00334258 -0.00291833 3.77613)
(0.00346362 -0.00228863 3.77606)
(0.00358083 -0.00166723 3.77598)
(0.0036632 -0.00102112 3.77594)
(0.00370031 -0.000352353 3.77593)
(0.00371216 0.000326603 3.77593)
(0.00367297 0.00100033 3.77594)
(0.00358261 0.00166287 3.77599)
(0.00344102 0.00230651 3.77606)
(0.00333959 0.00295603 3.77614)
(0.00305373 -0.00262202 3.77593)
(0.00312373 -0.00200694 3.77587)
(0.00318387 -0.00145064 3.77583)
(0.00324438 -0.000895004 3.77581)
(0.00327626 -0.000294575 3.77578)
(0.00328164 0.000306061 3.77578)
(0.00325166 0.000884304 3.7758)
(0.00320011 0.00146431 3.77584)
(0.00310317 0.00202783 3.77589)
(0.00304883 0.00264192 3.77595)
(0.00278029 -0.00240276 3.77582)
(0.00277716 -0.00182939 3.77577)
(0.00280273 -0.00129284 3.77573)
(0.00284659 -0.00076233 3.7757)
(0.00287505 -0.000237908 3.77567)
(0.00286976 0.00029018 3.77567)
(0.0028447 0.000816252 3.77569)
(0.0028156 0.00133215 3.77572)
(0.002755 0.00181573 3.77578)
(0.00277935 0.0024003 3.77584)
(0.00251569 -0.00220848 3.77574)
(0.0024341 -0.00166641 3.77569)
(0.00245238 -0.00119659 3.77564)
(0.00247269 -0.00069951 3.77559)
(0.00248858 -0.000220193 3.77557)
(0.00248623 0.000253314 3.77558)
(0.00247115 0.000734342 3.77559)
(0.00244607 0.0012008 3.77562)
(0.00240965 0.00163173 3.77567)
(0.00252245 0.00219572 3.77573)
(0.0022612 -0.00204706 3.77566)
(0.00210953 -0.00151556 3.7756)
(0.00212686 -0.00110042 3.77555)
(0.00213504 -0.000662007 3.77552)
(0.00213459 -0.000219314 3.77549)
(0.00213496 0.000220366 3.7755)
(0.00213228 0.000661493 3.77551)
(0.00210849 0.00109567 3.77554)
(0.00208065 0.00150443 3.77558)
(0.00226246 0.00203617 3.77564)
(0.00200406 -0.00188657 3.77558)
(0.00182202 -0.00142031 3.77552)
(0.00182325 -0.00100862 3.77548)
(0.00182106 -0.000609097 3.77545)
(0.00181153 -0.000215643 3.77544)
(0.00181394 0.000179555 3.77543)
(0.00182231 0.000578863 3.77544)
(0.00181158 0.00097968 3.77547)
(0.00179646 0.00139162 3.77552)
(0.00199507 0.00186751 3.77557)
(0.00815901 -0.00664425 3.60111)
(0.00845004 -0.00532526 3.62072)
(0.00881874 -0.00391472 3.63552)
(0.00923127 -0.0025214 3.64156)
(0.00936894 -0.000939628 3.64615)
(0.00945133 0.0006741 3.6453)
(0.00929927 0.00222258 3.64109)
(0.0089545 0.00374643 3.63446)
(0.00845104 0.00528085 3.62175)
(0.00806157 0.00667859 3.60216)
(0.00814097 -0.00718149 3.83303)
(0.00874707 -0.00575056 3.82987)
(0.00933976 -0.00416701 3.82651)
(0.00991742 -0.00258788 3.826)
(0.0101056 -0.000851074 3.82497)
(0.0101515 0.000893354 3.82537)
(0.00990592 0.00254891 3.82626)
(0.0094481 0.0042055 3.82704)
(0.00874974 0.00574751 3.82928)
(0.00811312 0.00725045 3.83239)
(0.0061696 -0.0054204 3.79976)
(0.00654266 -0.00428432 3.79805)
(0.00683163 -0.00298922 3.7964)
(0.00715257 -0.001774 3.79591)
(0.00725299 -0.000531752 3.79547)
(0.00723912 0.000702829 3.79557)
(0.00710406 0.00190443 3.79607)
(0.0069042 0.00313683 3.7966)
(0.00653061 0.00429623 3.79782)
(0.00620942 0.00555502 3.7995)
(0.00546261 -0.00476527 3.79041)
(0.00583779 -0.00375919 3.78947)
(0.00608658 -0.00262423 3.78869)
(0.0063231 -0.00151563 3.78835)
(0.00640261 -0.000459852 3.78817)
(0.00637629 0.000597554 3.78821)
(0.00626706 0.00169808 3.78845)
(0.00610674 0.00278073 3.78877)
(0.00579623 0.00378329 3.78945)
(0.00555698 0.00488984 3.79033)
(0.00504685 -0.00436417 3.78728)
(0.00538694 -0.00340953 3.78677)
(0.00560216 -0.00240703 3.78637)
(0.00575116 -0.00141329 3.78617)
(0.00579989 -0.000479615 3.78609)
(0.00580643 0.00050258 3.78612)
(0.00573299 0.00155332 3.7862)
(0.00556853 0.00253466 3.78641)
(0.00532121 0.00344055 3.7868)
(0.00515075 0.00443277 3.7873)
(0.0047213 -0.00399484 3.78604)
(0.00495119 -0.00308323 3.78572)
(0.00507714 -0.00225784 3.78551)
(0.00516248 -0.0014251 3.7854)
(0.00522638 -0.000525353 3.78532)
(0.0052684 0.000434831 3.78531)
(0.00521847 0.00136669 3.78537)
(0.00506961 0.00223087 3.78554)
(0.00489767 0.00309026 3.78577)
(0.00477895 0.00403575 3.7861)
(0.00437156 -0.00372971 3.78543)
(0.00444688 -0.00288417 3.78519)
(0.00450379 -0.00213839 3.78506)
(0.00460184 -0.00132919 3.78494)
(0.00469375 -0.000441805 3.78483)
(0.00471806 0.000428802 3.78482)
(0.00466444 0.00123952 3.78491)
(0.00454904 0.00204618 3.78503)
(0.00444578 0.0028672 3.7852)
(0.00439196 0.00376345 3.78546)
(0.00395015 -0.00361933 3.78506)
(0.00393245 -0.0028018 3.78484)
(0.00399948 -0.00200787 3.78467)
(0.00410763 -0.00117404 3.78453)
(0.00417287 -0.00035838 3.78446)
(0.00416163 0.000415752 3.78446)
(0.0041153 0.00117496 3.78454)
(0.00404419 0.00195561 3.78465)
(0.00398372 0.00273741 3.78478)
(0.00400257 0.00358081 3.78502)
(0.00357286 -0.00336385 3.78474)
(0.00352283 -0.00257071 3.78452)
(0.00356816 -0.00182439 3.78433)
(0.00363568 -0.00108347 3.78421)
(0.00365045 -0.000350077 3.78416)
(0.00362768 0.000368668 3.78417)
(0.00360755 0.00109977 3.78421)
(0.00357666 0.00184542 3.78432)
(0.00354703 0.00256398 3.78447)
(0.00363691 0.00333684 3.78469)
(0.00323654 -0.00298574 3.78443)
(0.00313001 -0.00229733 3.78422)
(0.0031175 -0.00164048 3.78405)
(0.00314405 -0.00100761 3.78396)
(0.00313838 -0.000358191 3.78391)
(0.00312484 0.000312787 3.78391)
(0.0031298 0.000991998 3.78394)
(0.0031215 0.00165451 3.78405)
(0.00311997 0.00230192 3.78423)
(0.00328213 0.00299679 3.78444)
(0.00929274 -0.00756447 3.47213)
(0.00964932 -0.00620304 3.50843)
(0.0102504 -0.00460827 3.53216)
(0.0106303 -0.00300288 3.54465)
(0.0108546 -0.00119571 3.55266)
(0.0109704 0.00065331 3.55139)
(0.0107019 0.00260751 3.54496)
(0.0103136 0.00438913 3.53166)
(0.00970498 0.00606108 3.51006)
(0.00914303 0.00770521 3.47402)
(0.00832174 -0.00744141 3.86071)
(0.00882046 -0.00612343 3.85755)
(0.00954475 -0.00467561 3.85449)
(0.0100925 -0.00306222 3.85346)
(0.0103595 -0.00121011 3.85235)
(0.0105313 0.000715098 3.85264)
(0.0101872 0.00257792 3.85336)
(0.00970263 0.00437282 3.85457)
(0.00894838 0.0060186 3.85667)
(0.00834409 0.0075557 3.8602)
(0.00671335 -0.00605448 3.82077)
(0.00710086 -0.00476261 3.81805)
(0.00749737 -0.0034073 3.81588)
(0.00787217 -0.00206915 3.81518)
(0.00801271 -0.000586079 3.81441)
(0.00807584 0.000824426 3.81461)
(0.00788317 0.00208219 3.81521)
(0.00763356 0.00343281 3.81607)
(0.00723812 0.00475604 3.81768)
(0.00685715 0.00611145 3.8203)
(0.00618986 -0.0054234 3.80642)
(0.00659348 -0.00413782 3.8047)
(0.00690217 -0.00286363 3.80352)
(0.00718466 -0.00163361 3.80303)
(0.00729733 -0.00040141 3.80263)
(0.00725889 0.000779557 3.80273)
(0.00710513 0.00192834 3.80311)
(0.0069271 0.00311466 3.80363)
(0.00663911 0.0042332 3.80468)
(0.00634378 0.00547182 3.80621)
(0.00571833 -0.00498815 3.801)
(0.00604951 -0.00378656 3.79992)
(0.00629323 -0.00261305 3.79926)
(0.00647651 -0.00147491 3.79892)
(0.00655205 -0.000437946 3.79873)
(0.00651354 0.000619135 3.79882)
(0.00641494 0.00176664 3.79896)
(0.00623416 0.00282556 3.79931)
(0.00605247 0.0038074 3.79998)
(0.0058713 0.00495591 3.80094)
(0.00523457 -0.0046347 3.7986)
(0.00542075 -0.00361548 3.79798)
(0.00562342 -0.00266883 3.79763)
(0.00575578 -0.00162603 3.79737)
(0.00582742 -0.000617379 3.7973)
(0.00585668 0.000446173 3.7973)
(0.00579461 0.00153461 3.79736)
(0.00557986 0.00250588 3.79763)
(0.00546442 0.00351244 3.79795)
(0.0053443 0.00458612 3.79858)
(0.00480118 -0.0042738 3.79745)
(0.0048555 -0.00328599 3.79699)
(0.00500342 -0.00252172 3.79683)
(0.00514135 -0.00165381 3.79667)
(0.00523208 -0.000635569 3.79657)
(0.00527338 0.000390993 3.79653)
(0.00520487 0.00133373 3.79664)
(0.00502056 0.00225672 3.79681)
(0.00496418 0.00329332 3.79698)
(0.00485253 0.00430098 3.79739)
(0.00435994 -0.00399895 3.79681)
(0.00434798 -0.00303219 3.79646)
(0.00442868 -0.00219543 3.79625)
(0.00459951 -0.00139069 3.79614)
(0.00469575 -0.000500224 3.79607)
(0.00468736 0.000385464 3.79604)
(0.00461628 0.00122117 3.79616)
(0.00451656 0.00210132 3.7963)
(0.00452301 0.00309281 3.79642)
(0.00442194 0.00401466 3.79672)
(0.00393398 -0.00366786 3.79635)
(0.00393183 -0.00280092 3.79608)
(0.0039292 -0.00190923 3.79581)
(0.0040475 -0.00112608 3.79569)
(0.00411098 -0.000380581 3.79568)
(0.00408666 0.000362944 3.79568)
(0.00404173 0.00112507 3.79577)
(0.00403069 0.00194968 3.7959)
(0.00409992 0.00284601 3.79604)
(0.00402492 0.00366019 3.7963)
(0.00355361 -0.00319219 3.79597)
(0.00351289 -0.00246626 3.79572)
(0.00343735 -0.00170122 3.79547)
(0.00347197 -0.000999954 3.79538)
(0.00350016 -0.00031193 3.79534)
(0.00348485 0.000382002 3.79536)
(0.00347236 0.00108588 3.79542)
(0.00351549 0.00181421 3.79555)
(0.00362719 0.00255052 3.79573)
(0.00365218 0.0032167 3.79601)
(0.0093673 -0.00762075 3.34062)
(0.0100242 -0.00629208 3.39238)
(0.0109138 -0.00453526 3.4233)
(0.011203 -0.00276402 3.44356)
(0.0115087 -0.00102466 3.45398)
(0.0115347 0.000846016 3.45265)
(0.0111715 0.00291844 3.44479)
(0.0107343 0.00463612 3.42399)
(0.010034 0.00617097 3.39434)
(0.0091832 0.00781631 3.34397)
(0.00841731 -0.00752983 3.87577)
(0.00888491 -0.00621398 3.87536)
(0.00971798 -0.00501937 3.87445)
(0.0101365 -0.0033343 3.87322)
(0.0105489 -0.00145158 3.87276)
(0.0107437 0.000528044 3.87303)
(0.0103432 0.00256013 3.87303)
(0.00982972 0.00433363 3.87403)
(0.00911497 0.00599847 3.87455)
(0.00844902 0.00749079 3.87545)
(0.00737617 -0.00695901 3.84053)
(0.00777873 -0.00530998 3.83709)
(0.00834998 -0.00392564 3.8349)
(0.00871185 -0.00241923 3.8339)
(0.00890705 -0.000765504 3.83298)
(0.00903257 0.000768789 3.83324)
(0.00880527 0.0021824 3.83369)
(0.00844163 0.00370804 3.83492)
(0.0080345 0.00524871 3.83658)
(0.00754829 0.00655916 3.8398)
(0.00695253 -0.00630701 3.82269)
(0.00728512 -0.00467161 3.82026)
(0.00766692 -0.00335257 3.81889)
(0.00796661 -0.00203183 3.81826)
(0.00813032 -0.000545228 3.81766)
(0.00812312 0.000853088 3.81776)
(0.00794186 0.00210107 3.81817)
(0.00770028 0.00342165 3.81893)
(0.00741995 0.00468801 3.82016)
(0.00699564 0.00594762 3.82228)
(0.00643047 -0.00581619 3.81538)
(0.00662049 -0.00438232 3.8137)
(0.00687878 -0.00312023 3.81284)
(0.00716168 -0.00185212 3.81235)
(0.00732248 -0.000540514 3.81201)
(0.00724912 0.000726214 3.81209)
(0.00710181 0.00197072 3.81232)
(0.00689009 0.0031494 3.81282)
(0.00672227 0.00423654 3.8137)
(0.00643044 0.00548345 3.81512)
(0.00579813 -0.00546348 3.81184)
(0.00588821 -0.0042907 3.81081)
(0.00616794 -0.00311315 3.81026)
(0.00643818 -0.00182058 3.80981)
(0.00654979 -0.000640397 3.80971)
(0.006504 0.000528661 3.80974)
(0.00638865 0.00175369 3.80983)
(0.00614249 0.00288743 3.81019)
(0.00600468 0.00403644 3.81065)
(0.00580267 0.00522015 3.81159)
(0.00530148 -0.00492176 3.81001)
(0.00537165 -0.00378002 3.80928)
(0.00561765 -0.0028042 3.80895)
(0.0058051 -0.00179479 3.80872)
(0.00586232 -0.000722229 3.80869)
(0.00587052 0.000396374 3.80864)
(0.00577637 0.00151254 3.80873)
(0.00556292 0.00259231 3.80896)
(0.00546792 0.00374864 3.8092)
(0.00528731 0.00482948 3.80979)
(0.00489777 -0.00432136 3.80895)
(0.00493505 -0.00324824 3.80843)
(0.00500413 -0.00235196 3.80818)
(0.00515041 -0.00157729 3.80812)
(0.00523345 -0.000649134 3.80808)
(0.00524795 0.000360229 3.80801)
(0.00516655 0.00130984 3.80814)
(0.00504753 0.00226091 3.80831)
(0.00503015 0.00333062 3.80851)
(0.00486196 0.00433899 3.80887)
(0.00445863 -0.00382336 3.80831)
(0.00445265 -0.00295724 3.80798)
(0.0043748 -0.00202888 3.80771)
(0.0044647 -0.00122079 3.8076)
(0.00457414 -0.000442911 3.80761)
(0.00458816 0.000375164 3.80757)
(0.00451322 0.00118567 3.80772)
(0.00448728 0.0020248 3.80786)
(0.00457436 0.00296317 3.80804)
(0.00446603 0.0038372 3.80835)
(0.00399067 -0.00343382 3.80792)
(0.00391959 -0.00270124 3.80764)
(0.00380847 -0.00182916 3.80737)
(0.00380954 -0.00100004 3.80724)
(0.00387108 -0.000249852 3.80719)
(0.00387956 0.000452224 3.80724)
(0.00383492 0.00115558 3.80735)
(0.00388812 0.00194586 3.80748)
(0.00403219 0.00278566 3.80764)
(0.00404219 0.00348782 3.80798)
(0.00869683 -0.0069206 3.2182)
(0.00970868 -0.00557718 3.28176)
(0.0106813 -0.00385016 3.3184)
(0.0110398 -0.00208457 3.34483)
(0.0113516 -0.000627018 3.35617)
(0.0112415 0.00106546 3.356)
(0.0109198 0.0028342 3.34604)
(0.010426 0.00434672 3.31965)
(0.00960125 0.00573975 3.28317)
(0.00845929 0.00712514 3.22331)
(0.0081669 -0.00744424 3.87766)
(0.00886097 -0.00592906 3.88231)
(0.00973716 -0.00456671 3.8849)
(0.01008 -0.00270179 3.88494)
(0.0105151 -0.000996869 3.88569)
(0.0104836 0.000688078 3.88575)
(0.0102009 0.00254114 3.88512)
(0.00971196 0.00412729 3.88445)
(0.00909477 0.00560701 3.88207)
(0.00835299 0.00693049 3.87768)
(0.00788549 -0.00738765 3.85855)
(0.00838106 -0.00556853 3.85498)
(0.00902897 -0.0041656 3.85331)
(0.00924358 -0.00245285 3.8521)
(0.00941804 -0.000820895 3.85126)
(0.00945337 0.000704725 3.85143)
(0.00930318 0.00230471 3.85165)
(0.00889391 0.00383884 3.85302)
(0.00850038 0.00540697 3.85439)
(0.0079505 0.0066892 3.85757)
(0.00744134 -0.00677048 3.83904)
(0.0077346 -0.00509471 3.83626)
(0.00816482 -0.0038862 3.83498)
(0.00835908 -0.00251869 3.83418)
(0.00851506 -0.000915912 3.83355)
(0.0085514 0.000679099 3.83356)
(0.00842942 0.00211449 3.83388)
(0.00810325 0.00353977 3.83482)
(0.00780159 0.0049918 3.83596)
(0.0072496 0.00624043 3.83838)
(0.00685476 -0.0062582 3.83041)
(0.00697343 -0.00481494 3.82839)
(0.00725487 -0.00362676 3.82746)
(0.00752576 -0.00234728 3.82682)
(0.00773065 -0.000810528 3.82638)
(0.00769584 0.000679876 3.82634)
(0.00754078 0.0019824 3.82666)
(0.00731783 0.00330446 3.82728)
(0.00709226 0.00461871 3.82822)
(0.00660506 0.00587424 3.82993)
(0.00615038 -0.00588965 3.82596)
(0.00624822 -0.00464929 3.82462)
(0.00656134 -0.00331271 3.82384)
(0.00688985 -0.00187752 3.82326)
(0.00700944 -0.000524424 3.82305)
(0.00689786 0.000697799 3.8231)
(0.00673938 0.00194161 3.82327)
(0.00656462 0.00323519 3.82369)
(0.00635369 0.00446205 3.82432)
(0.00597794 0.00562116 3.82552)
(0.00561151 -0.00528455 3.82345)
(0.00580937 -0.00408411 3.82253)
(0.00610467 -0.00281029 3.82193)
(0.00627002 -0.00164422 3.8216)
(0.0062551 -0.000606476 3.82156)
(0.00618966 0.000514218 3.82158)
(0.00609326 0.00175 3.82164)
(0.0059624 0.00295189 3.82194)
(0.00577645 0.00406714 3.82239)
(0.00548609 0.0051224 3.82318)
(0.00529413 -0.00440069 3.82193)
(0.00542954 -0.00334024 3.8213)
(0.00550553 -0.00241756 3.82094)
(0.00550322 -0.00158052 3.82083)
(0.00551471 -0.000669877 3.82077)
(0.00554575 0.000401196 3.82075)
(0.00549011 0.00149868 3.82081)
(0.00538639 0.00249804 3.82103)
(0.00528268 0.00343314 3.82142)
(0.00509769 0.00441555 3.82194)
(0.00487428 -0.00390853 3.82108)
(0.00481821 -0.0030334 3.82065)
(0.00476281 -0.00220496 3.82042)
(0.00472349 -0.00136311 3.82027)
(0.00481392 -0.000500939 3.82022)
(0.0048849 0.00042974 3.82017)
(0.00482421 0.00131913 3.82032)
(0.0047372 0.00215746 3.82049)
(0.00472152 0.00302762 3.82079)
(0.00466203 0.00393641 3.8212)
(0.00434299 -0.00374723 3.82064)
(0.00414834 -0.00298468 3.82028)
(0.00411234 -0.00209433 3.82007)
(0.00404625 -0.00114425 3.81985)
(0.00410422 -0.000302906 3.81977)
(0.00415175 0.00045713 3.81979)
(0.00410466 0.00120448 3.81995)
(0.00408616 0.00202762 3.82009)
(0.00413053 0.0029017 3.82027)
(0.00419325 0.00367883 3.82066)
(0.00768782 -0.00563132 3.1103)
(0.00888658 -0.00427898 3.18174)
(0.00975018 -0.00291653 3.22409)
(0.0103309 -0.00129173 3.2532)
(0.0105376 -2.99554e-05 3.26426)
(0.0103301 0.00133745 3.26611)
(0.0101252 0.00253239 3.25304)
(0.00950593 0.00388643 3.2238)
(0.00854358 0.00513513 3.18113)
(0.00732136 0.00596676 3.11663)
(0.00766587 -0.0070068 3.86869)
(0.00860309 -0.00526481 3.87895)
(0.00949887 -0.00359039 3.88538)
(0.00990062 -0.00165605 3.88842)
(0.0101912 -0.000126558 3.89052)
(0.00981865 0.00118934 3.89016)
(0.0097461 0.00254812 3.88902)
(0.00930863 0.00382122 3.88583)
(0.00876792 0.00503287 3.87975)
(0.00795764 0.00619064 3.86863)
(0.00799791 -0.00733309 3.87402)
(0.00862693 -0.00563392 3.8711)
(0.00931072 -0.00419401 3.87018)
(0.00947717 -0.00240418 3.86894)
(0.00958066 -0.000910774 3.86857)
(0.00941764 0.000606402 3.86845)
(0.00937832 0.00240321 3.86857)
(0.00898009 0.00391272 3.86971)
(0.00853376 0.00538176 3.87061)
(0.00795003 0.00670835 3.87285)
(0.00742666 -0.00679969 3.85496)
(0.00780296 -0.00541454 3.85231)
(0.00832934 -0.00424863 3.85118)
(0.00848164 -0.00286546 3.85021)
(0.0085865 -0.00131209 3.84977)
(0.00863493 0.000417083 3.84965)
(0.0085862 0.00211988 3.84981)
(0.00818104 0.0035992 3.85082)
(0.00778461 0.00513698 3.85177)
(0.0071644 0.00643092 3.85411)
(0.00685997 -0.00608952 3.84564)
(0.0071055 -0.00489575 3.84363)
(0.0074429 -0.00381799 3.84267)
(0.0076597 -0.00261937 3.84192)
(0.00783376 -0.00106286 3.84152)
(0.00788108 0.000553639 3.84132)
(0.00776516 0.00192097 3.8417)
(0.00748705 0.00334155 3.84239)
(0.0071226 0.00487492 3.84326)
(0.00648651 0.00611214 3.84505)
(0.00622019 -0.00559858 3.84058)
(0.00651619 -0.0044187 3.83911)
(0.00679194 -0.0030695 3.83818)
(0.00702573 -0.00178361 3.83759)
(0.00714693 -0.000454615 3.83729)
(0.00706763 0.000777233 3.83727)
(0.00692709 0.00195179 3.83757)
(0.00681622 0.00332893 3.83801)
(0.00648658 0.00461256 3.83882)
(0.00594827 0.00569287 3.84018)
(0.00569165 -0.00505816 3.83757)
(0.00605997 -0.00398943 3.83658)
(0.00627891 -0.00260767 3.83575)
(0.00635853 -0.00134211 3.83533)
(0.00634662 -0.000325583 3.83521)
(0.00626166 0.000700399 3.83529)
(0.00620395 0.00188094 3.83537)
(0.00618569 0.00308106 3.83572)
(0.00591262 0.00403219 3.83643)
(0.00554701 0.00501877 3.83742)
(0.00530588 -0.00440489 3.83572)
(0.0055752 -0.00347898 3.83503)
(0.00569 -0.00247938 3.83455)
(0.00558725 -0.0014194 3.83429)
(0.00552421 -0.000464889 3.83416)
(0.00554737 0.000566962 3.83422)
(0.00555605 0.00169034 3.83423)
(0.00550442 0.00270178 3.8345)
(0.00528631 0.00348063 3.83508)
(0.00513071 0.00441948 3.83582)
(0.00489479 -0.00393995 3.83466)
(0.00489768 -0.00310404 3.83412)
(0.00496304 -0.00239528 3.83392)
(0.00485294 -0.00146349 3.83371)
(0.00482399 -0.000459831 3.83353)
(0.00488185 0.000559962 3.83353)
(0.00488713 0.00152677 3.8336)
(0.00478907 0.00237064 3.8338)
(0.00462717 0.00309416 3.83424)
(0.00466307 0.00400023 3.83479)
(0.00439193 -0.00382852 3.8341)
(0.00416829 -0.0030305 3.83365)
(0.00424992 -0.00226496 3.8335)
(0.00419925 -0.00136537 3.83326)
(0.00417164 -0.000458308 3.83312)
(0.00419821 0.000413514 3.83308)
(0.00419744 0.0012591 3.83321)
(0.00411176 0.00208705 3.83337)
(0.00400335 0.00291507 3.83365)
(0.00417255 0.00380433 3.83406)
(0.00655428 -0.0039332 3.02048)
(0.00773147 -0.00286541 3.09334)
(0.00830393 -0.00225473 3.14045)
(0.00917351 -0.00107144 3.16894)
(0.00935989 0.000124072 3.18029)
(0.00920942 0.00104413 3.18308)
(0.00911537 0.00169221 3.16703)
(0.00839268 0.00309476 3.13797)
(0.00723117 0.00431394 3.09015)
(0.00594462 0.00470586 3.02482)
(0.00701802 -0.00609094 3.84986)
(0.00810746 -0.00436646 3.86721)
(0.00889569 -0.00248512 3.87825)
(0.00953741 -0.000791854 3.88496)
(0.00962863 0.000560111 3.88808)
(0.00910499 0.00162188 3.88756)
(0.00912929 0.00251274 3.88568)
(0.00875573 0.00354521 3.87938)
(0.00819738 0.00449632 3.86903)
(0.00728084 0.00556568 3.85007)
(0.00759107 -0.00692383 3.88597)
(0.00844582 -0.00557624 3.88466)
(0.00902257 -0.00403665 3.88457)
(0.00938458 -0.00253142 3.88399)
(0.0095354 -0.00110172 3.88403)
(0.00926718 0.000624005 3.88361)
(0.00922885 0.00258942 3.88367)
(0.00881463 0.00407654 3.88421)
(0.0082501 0.00537762 3.88448)
(0.00758049 0.00674286 3.88481)
(0.00695555 -0.00645332 3.86977)
(0.00760502 -0.00552368 3.86763)
(0.00811901 -0.00412227 3.86657)
(0.00842375 -0.0026627 3.86556)
(0.00857814 -0.0013288 3.86542)
(0.00861183 0.000319706 3.86522)
(0.00856648 0.00213843 3.86526)
(0.00810694 0.00362485 3.86616)
(0.00755732 0.00516967 3.86698)
(0.00688208 0.00649809 3.8689)
(0.0064552 -0.00568497 3.8604)
(0.0070409 -0.00478472 3.85863)
(0.00743391 -0.0036489 3.85756)
(0.00763227 -0.00242571 3.85677)
(0.00777607 -0.00104996 3.85652)
(0.00789404 0.000450858 3.8563)
(0.00783406 0.00181457 3.85667)
(0.00753669 0.00325904 3.85734)
(0.0070222 0.00484764 3.85816)
(0.0063184 0.00600349 3.85989)
(0.00604307 -0.00502756 3.85504)
(0.00660416 -0.00395077 3.85355)
(0.00681297 -0.00278323 3.85255)
(0.00691443 -0.0017587 3.85205)
(0.00705498 -0.000555278 3.85173)
(0.0070825 0.000701542 3.85161)
(0.00700183 0.00184624 3.85202)
(0.00692985 0.00315304 3.85248)
(0.00652924 0.00434686 3.85343)
(0.005927 0.00534158 3.85487)
(0.00554446 -0.00469835 3.85174)
(0.00604394 -0.00373294 3.85069)
(0.00616469 -0.00241009 3.84981)
(0.00618409 -0.00115053 3.84932)
(0.00627158 -0.000117084 3.84906)
(0.00623827 0.000864674 3.84915)
(0.00619375 0.00191828 3.84933)
(0.00620521 0.00301334 3.84973)
(0.00590491 0.00386282 3.85062)
(0.00551351 0.00479044 3.85179)
(0.00507598 -0.00438189 3.8497)
(0.00542492 -0.00356886 3.84894)
(0.00557745 -0.0025363 3.84837)
(0.0054842 -0.00124221 3.84792)
(0.00545175 -0.000190579 3.84771)
(0.00545146 0.000748312 3.84783)
(0.00547245 0.00179535 3.84786)
(0.0054433 0.00281466 3.84817)
(0.00518617 0.00355247 3.84885)
(0.00502728 0.00440961 3.8498)
(0.00465365 -0.00408219 3.84845)
(0.00475385 -0.00320818 3.84779)
(0.00495065 -0.00251332 3.84753)
(0.00486688 -0.00150947 3.84726)
(0.00475452 -0.000436343 3.84699)
(0.00475719 0.000578949 3.84705)
(0.0048216 0.0015869 3.84704)
(0.00475306 0.00250511 3.84728)
(0.00450742 0.00321755 3.84779)
(0.00452262 0.00410823 3.84848)
(0.0042385 -0.00389441 3.84769)
(0.00408537 -0.00302758 3.84713)
(0.00423421 -0.00237051 3.84696)
(0.00423203 -0.00158704 3.84678)
(0.00414255 -0.000670328 3.84662)
(0.00414665 0.000312868 3.84655)
(0.00420364 0.00128217 3.84658)
(0.00410735 0.00212283 3.84677)
(0.00391816 0.00288269 3.84715)
(0.00407262 0.00380773 3.84761)
(0.00533812 -0.00221197 2.9487)
(0.00618663 -0.00188083 3.01809)
(0.00657224 -0.00217085 3.06827)
(0.0076961 -0.00137076 3.09382)
(0.00803991 -0.000102979 3.10457)
(0.0080022 0.00043743 3.10663)
(0.00787399 0.000842883 3.09039)
(0.00706795 0.0022298 3.06324)
(0.00582777 0.00325747 3.01339)
(0.00457027 0.00336225 2.94911)
(0.00622538 -0.004927 3.82288)
(0.00730573 -0.00343077 3.84829)
(0.00810671 -0.00167271 3.86423)
(0.00893922 -0.00044935 3.87487)
(0.00893747 0.00065869 3.8797)
(0.00855246 0.00169354 3.87912)
(0.00847611 0.00243232 3.87524)
(0.00802693 0.0033196 3.86594)
(0.00730046 0.00414869 3.85027)
(0.0062368 0.00508747 3.82343)
(0.00685371 -0.00644308 3.89374)
(0.0078625 -0.00529747 3.89498)
(0.00846216 -0.00372689 3.89595)
(0.00907456 -0.00257287 3.89668)
(0.00935709 -0.00106152 3.89719)
(0.00915986 0.000931193 3.89661)
(0.00892319 0.002777 3.89646)
(0.0084727 0.00403874 3.89603)
(0.0078586 0.00514503 3.89534)
(0.00700617 0.00656596 3.89271)
(0.0063975 -0.00597497 3.88304)
(0.00721219 -0.00519705 3.88168)
(0.00774209 -0.00364294 3.88062)
(0.00826966 -0.0022084 3.87985)
(0.00856778 -0.00107459 3.87994)
(0.0086037 0.000387897 3.8798)
(0.00835278 0.00214938 3.87985)
(0.00781266 0.00361381 3.8804)
(0.00721126 0.00502594 3.88118)
(0.00656314 0.00634557 3.88235)
(0.00599407 -0.00533907 3.87434)
(0.00684162 -0.00438382 3.87287)
(0.00732689 -0.00302661 3.87162)
(0.00755312 -0.00173848 3.87089)
(0.00767584 -0.000733908 3.87079)
(0.00785045 0.000367087 3.87074)
(0.00775016 0.00163816 3.87106)
(0.00736758 0.00305198 3.87164)
(0.00678789 0.00455619 3.87249)
(0.00615605 0.00569584 3.87406)
(0.00580438 -0.00463961 3.86899)
(0.00650565 -0.00355775 3.8675)
(0.00669628 -0.00254196 3.86649)
(0.00668712 -0.00165925 3.86605)
(0.00682841 -0.000656069 3.86577)
(0.0070097 0.00050907 3.86566)
(0.00697581 0.00158979 3.8661)
(0.00682588 0.00273906 3.86659)
(0.00642779 0.00385954 3.8676)
(0.00589689 0.00486225 3.86907)
(0.00540527 -0.00439459 3.86557)
(0.00582801 -0.00346433 3.86437)
(0.00585442 -0.00249134 3.86358)
(0.00588481 -0.00137295 3.86307)
(0.00608529 -0.000226117 3.86271)
(0.00615962 0.000779402 3.86274)
(0.00612018 0.00166447 3.86308)
(0.00607155 0.00262095 3.86353)
(0.00581118 0.00351298 3.86445)
(0.00545659 0.00447723 3.86573)
(0.00481288 -0.00447462 3.86341)
(0.00506724 -0.00361392 3.86249)
(0.00521311 -0.00256837 3.86186)
(0.00530011 -0.00126117 3.86129)
(0.00537439 -0.000130178 3.86104)
(0.00533161 0.000773215 3.86114)
(0.00530839 0.00168167 3.8613)
(0.00528848 0.00266393 3.86166)
(0.00508848 0.00352843 3.86231)
(0.0048988 0.0044148 3.8634)
(0.0043202 -0.00428843 3.86197)
(0.00449055 -0.00336973 3.86119)
(0.00470215 -0.00253172 3.86073)
(0.0047917 -0.00149156 3.86043)
(0.00470943 -0.000422611 3.86019)
(0.00462035 0.000525649 3.86027)
(0.0046557 0.00150976 3.86028)
(0.00465399 0.00250575 3.86054)
(0.00447557 0.00332146 3.86104)
(0.00439818 0.0041855 3.86184)
(0.00399215 -0.00377854 3.86097)
(0.00399933 -0.00282343 3.86031)
(0.00407759 -0.00213818 3.85998)
(0.00417499 -0.0014938 3.85987)
(0.00408884 -0.000680363 3.85977)
(0.00403355 0.000265497 3.85971)
(0.00409733 0.00124082 3.85967)
(0.0040704 0.00208976 3.85989)
(0.00394149 0.00282441 3.86033)
(0.00401093 0.00372607 3.86089)
(0.00419056 -0.00074434 2.8927)
(0.00466265 -0.00119265 2.95568)
(0.00488053 -0.00214671 3.00644)
(0.00601934 -0.00188431 3.02915)
(0.00665652 -0.000733614 3.03807)
(0.0067271 -0.00017808 3.03822)
(0.00632794 0.000502677 3.02501)
(0.00545549 0.00163247 3.0006)
(0.00443889 0.00215053 2.95111)
(0.00335592 0.00207783 2.88944)
(0.00548127 -0.00368033 3.78998)
(0.00628956 -0.00278922 3.82385)
(0.00703838 -0.0016018 3.84476)
(0.00798284 -0.0008005 3.85874)
(0.00812266 -6.76791e-05 3.86609)
(0.00816644 0.000948096 3.86534)
(0.00782076 0.0019715 3.85868)
(0.00711868 0.002937 3.84651)
(0.00620166 0.00385402 3.8253)
(0.00507295 0.00466321 3.79055)
(0.00586191 -0.00618209 3.89723)
(0.00696624 -0.00503174 3.90198)
(0.00775842 -0.00342378 3.9042)
(0.00857941 -0.00246556 3.90659)
(0.00898104 -0.000935785 3.90767)
(0.00912098 0.00105573 3.90728)
(0.00864767 0.00260938 3.90662)
(0.0080661 0.00372934 3.90489)
(0.00735648 0.00478124 3.90262)
(0.00634098 0.00618092 3.89638)
(0.00582417 -0.00562124 3.89472)
(0.00681837 -0.00461405 3.89419)
(0.00734907 -0.00297185 3.89319)
(0.00801227 -0.00166387 3.89307)
(0.0084418 -0.000481164 3.89313)
(0.00852175 0.000756317 3.89317)
(0.00805952 0.00203896 3.89335)
(0.00752832 0.00333221 3.89339)
(0.00691199 0.00459251 3.89408)
(0.00627861 0.00595866 3.89426)
(0.00563244 -0.0050634 3.88735)
(0.00658663 -0.00396879 3.88616)
(0.00705593 -0.00247794 3.88478)
(0.00739099 -0.00110388 3.88421)
(0.0075677 -0.000263282 3.88413)
(0.0076732 0.000550376 3.88437)
(0.00744207 0.00169081 3.8846)
(0.00701369 0.00293705 3.88505)
(0.00649919 0.00408986 3.886)
(0.0060648 0.0051879 3.88734)
(0.00555001 -0.00444222 3.88228)
(0.00622225 -0.00336555 3.88083)
(0.00642152 -0.00248117 3.87982)
(0.0064955 -0.00157588 3.87934)
(0.0066406 -0.000694106 3.87909)
(0.00684097 0.000290201 3.87913)
(0.00679319 0.00129685 3.87951)
(0.00650955 0.00227719 3.88006)
(0.00616096 0.00332622 3.88107)
(0.00580199 0.00444274 3.8825)
(0.00512494 -0.00434298 3.87889)
(0.00545944 -0.00337957 3.87749)
(0.00551346 -0.00263515 3.87679)
(0.0056671 -0.0017222 3.87629)
(0.00591928 -0.000589186 3.87592)
(0.00603402 0.000462275 3.87587)
(0.00597364 0.00127962 3.87632)
(0.00578267 0.00209954 3.87682)
(0.00560766 0.00310969 3.87767)
(0.00534604 0.00420603 3.87898)
(0.00449865 -0.00446496 3.8766)
(0.00471765 -0.00356511 3.87546)
(0.00483571 -0.00255755 3.87476)
(0.00511626 -0.00143144 3.87422)
(0.00530055 -0.000322596 3.87398)
(0.00523096 0.000546973 3.87397)
(0.00514721 0.00130126 3.87431)
(0.00506728 0.00222222 3.87473)
(0.00498611 0.00332297 3.87529)
(0.0047715 0.00430899 3.87642)
(0.0039957 -0.00416502 3.87497)
(0.00430805 -0.00323627 3.87404)
(0.00441007 -0.00219664 3.87336)
(0.00460978 -0.00127676 3.87303)
(0.00462044 -0.000426708 3.87293)
(0.00448898 0.00035901 3.87295)
(0.00445928 0.00120419 3.87309)
(0.0045205 0.00217798 3.8734)
(0.0045245 0.00318854 3.87383)
(0.00430154 0.00405148 3.87473)
(0.00370707 -0.00345129 3.87373)
(0.00395306 -0.0026255 3.873)
(0.00386733 -0.00185488 3.87246)
(0.00393948 -0.00123507 3.87235)
(0.00393347 -0.000531751 3.87231)
(0.00386698 0.000300379 3.8723)
(0.00387642 0.00118255 3.8723)
(0.00396544 0.00201136 3.87255)
(0.00404517 0.00275328 3.873)
(0.00394821 0.00347844 3.87372)
(0.00320573 0.000341032 2.84998)
(0.00337073 -0.000620045 2.90527)
(0.00331178 -0.00200389 2.95425)
(0.00426764 -0.00249444 2.97527)
(0.00525782 -0.00163344 2.98189)
(0.00538973 -0.00068202 2.98042)
(0.00465674 0.000479077 2.97254)
(0.003885 0.00107991 2.95019)
(0.00330403 0.00105612 2.90241)
(0.00221867 0.00122325 2.84449)
(0.00463124 -0.00285643 3.75325)
(0.00512016 -0.00262569 3.79523)
(0.00581538 -0.00197861 3.82076)
(0.00685729 -0.00124665 3.83742)
(0.00730053 -0.000810627 3.84717)
(0.00776417 4.62738e-05 3.84633)
(0.00704985 0.00141748 3.83691)
(0.00611153 0.00249513 3.82189)
(0.00520816 0.00343727 3.79575)
(0.00422517 0.00404202 3.75382)
(0.00512525 -0.00583247 3.89643)
(0.006209 -0.00447557 3.90551)
(0.00716607 -0.00293513 3.90937)
(0.00802359 -0.00208358 3.91347)
(0.00848247 -0.00066354 3.91525)
(0.0089573 0.000913491 3.91525)
(0.00837178 0.00190471 3.91375)
(0.00771216 0.00298294 3.91061)
(0.00690298 0.00423039 3.90617)
(0.00582866 0.00555284 3.89585)
(0.00553333 -0.00540566 3.90475)
(0.00653994 -0.00388618 3.90503)
(0.00694833 -0.00231616 3.90441)
(0.00762628 -0.00124601 3.90509)
(0.00813866 5.25669e-05 3.905)
(0.00820995 0.0010934 3.90524)
(0.00766845 0.0018616 3.90549)
(0.0072352 0.00299619 3.90504)
(0.00668883 0.00408115 3.90541)
(0.00609882 0.00539062 3.90446)
(0.00552408 -0.00490585 3.89937)
(0.00629103 -0.00366311 3.8984)
(0.00660591 -0.00210977 3.89712)
(0.00707047 -0.000713403 3.89677)
(0.00734788 9.79777e-05 3.89658)
(0.00732199 0.000769387 3.89701)
(0.00699394 0.00177297 3.89717)
(0.00660233 0.0027818 3.89752)
(0.00626268 0.00357163 3.89851)
(0.00599311 0.00470886 3.89951)
(0.00526995 -0.0045694 3.89485)
(0.00573885 -0.00358545 3.89346)
(0.00602947 -0.00261984 3.89247)
(0.00631555 -0.00135048 3.89184)
(0.00643069 -0.000404385 3.89159)
(0.00652359 0.000366185 3.89185)
(0.00640938 0.00129083 3.89207)
(0.00601958 0.00209442 3.89272)
(0.00582897 0.00302448 3.89364)
(0.00567581 0.00425256 3.89496)
(0.00483047 -0.00436352 3.89154)
(0.0050531 -0.00338245 3.88999)
(0.00528758 -0.00276663 3.88929)
(0.00558296 -0.00198335 3.88878)
(0.00570601 -0.000922423 3.88849)
(0.00579289 0.000133116 3.88842)
(0.00570382 0.00101242 3.88883)
(0.00537293 0.0018492 3.8894)
(0.00529429 0.00303973 3.89013)
(0.0051508 0.00422611 3.8914)
(0.00432315 -0.00415654 3.8891)
(0.00447459 -0.00317187 3.88774)
(0.00458534 -0.00234768 3.88698)
(0.00495102 -0.0016676 3.88658)
(0.00514305 -0.000746424 3.88639)
(0.00512318 0.000204288 3.88626)
(0.0049834 0.00098889 3.88669)
(0.00480939 0.00186149 3.88715)
(0.00485728 0.00309623 3.88769)
(0.00464312 0.00411973 3.88879)
(0.00382017 -0.00388361 3.8873)
(0.00409462 -0.00301474 3.88626)
(0.00407754 -0.00189956 3.88541)
(0.00432456 -0.00110982 3.88505)
(0.00450063 -0.000433685 3.88508)
(0.00444359 0.000279256 3.885)
(0.00430877 0.000996489 3.88531)
(0.00431866 0.00185591 3.88566)
(0.0044881 0.00295549 3.8861)
(0.00420484 0.00377948 3.88705)
(0.00348885 -0.00315692 3.88592)
(0.00378977 -0.00243136 3.88513)
(0.00363831 -0.00152012 3.88445)
(0.00367008 -0.000784318 3.8842)
(0.00378279 -0.000162055 3.88418)
(0.00374475 0.000453519 3.88421)
(0.00365135 0.00108386 3.88438)
(0.00378558 0.0018267 3.88465)
(0.0040303 0.00261958 3.88508)
(0.00384952 0.0032074 3.88595)
(0.00217008 0.00074941 2.81832)
(0.00232351 -0.000200003 2.86506)
(0.00202721 -0.00164263 2.91143)
(0.0027531 -0.00277535 2.93146)
(0.00397762 -0.0019838 2.93573)
(0.00395799 -0.00039386 2.93425)
(0.00296265 0.000803145 2.93173)
(0.00255172 0.0005696 2.90985)
(0.00238551 0.000155024 2.86541)
(0.00129213 0.000577475 2.81276)
(0.00373805 -0.00242839 3.71463)
(0.00412708 -0.00267388 3.76367)
(0.00480586 -0.0022712 3.7928)
(0.00583822 -0.00146206 3.81202)
(0.0066012 -0.00133262 3.82393)
(0.00711852 -0.000617466 3.82296)
(0.00606135 0.00107045 3.8113)
(0.00507579 0.00219745 3.79354)
(0.00434375 0.00297461 3.76337)
(0.00353971 0.00324597 3.71529)
(0.00489092 -0.00508082 3.8913)
(0.00579603 -0.00369045 3.90554)
(0.00683825 -0.00245848 3.9115)
(0.00755716 -0.00142123 3.91717)
(0.00795201 -0.000271404 3.91984)
(0.00850774 0.000560356 3.92023)
(0.0079244 0.00108664 3.9176)
(0.00728885 0.00217225 3.91303)
(0.00647896 0.00352609 3.90602)
(0.00541702 0.00469432 3.89122)
(0.00549274 -0.00516029 3.91299)
(0.00629739 -0.00321091 3.91423)
(0.00670134 -0.00193835 3.9144)
(0.00723109 -0.00109032 3.91579)
(0.00762012 0.000200914 3.91571)
(0.00764719 0.00106341 3.91598)
(0.00719212 0.00148532 3.9161)
(0.00691507 0.00248148 3.91526)
(0.00651431 0.00343424 3.91499)
(0.00597667 0.00459339 3.91282)
(0.00552809 -0.00476447 3.91034)
(0.00590847 -0.00342217 3.90954)
(0.00611867 -0.00215075 3.90872)
(0.00666563 -0.000917786 3.90857)
(0.00696652 0.000129088 3.90827)
(0.00680534 0.000922257 3.90862)
(0.00643547 0.00177789 3.90876)
(0.00614774 0.00262377 3.90899)
(0.00595792 0.00324135 3.90988)
(0.00573181 0.00438809 3.9104)
(0.00496714 -0.00481818 3.90657)
(0.00519927 -0.00383276 3.90529)
(0.00559984 -0.00273416 3.90437)
(0.00609578 -0.00131425 3.90362)
(0.00620674 -0.000299571 3.90336)
(0.00610962 0.000436152 3.9037)
(0.00588595 0.00135255 3.90378)
(0.00552096 0.0021934 3.90444)
(0.0053948 0.00315645 3.90523)
(0.00525965 0.00438553 3.90636)
(0.00456601 -0.0043623 3.90338)
(0.00472676 -0.00338293 3.90184)
(0.00510585 -0.00269393 3.90102)
(0.00547455 -0.00194436 3.90051)
(0.00548267 -0.00105817 3.90033)
(0.00548492 -8.52213e-05 3.9003)
(0.00535394 0.000906154 3.90053)
(0.00503384 0.00188811 3.90115)
(0.00496375 0.00311876 3.90179)
(0.00479454 0.00421072 3.903)
(0.00418004 -0.00383853 3.90082)
(0.00434669 -0.00285201 3.89937)
(0.00447572 -0.00206559 3.89855)
(0.0047633 -0.00164198 3.89828)
(0.00489318 -0.000934644 3.89814)
(0.00492469 2.07811e-05 3.89795)
(0.00479431 0.000872856 3.8983)
(0.00461602 0.00171781 3.89879)
(0.00464186 0.00282493 3.89945)
(0.00440842 0.00376457 3.90052)
(0.00373904 -0.00332769 3.89889)
(0.00399271 -0.00264282 3.8978)
(0.003894 -0.00162637 3.89695)
(0.00400838 -0.000966542 3.89657)
(0.0042613 -0.000440279 3.89658)
(0.00432081 0.000251547 3.89643)
(0.00416672 0.000914831 3.8968)
(0.00412201 0.00162445 3.8972)
(0.00426403 0.00255602 3.89777)
(0.00402314 0.00326534 3.89878)
(0.00333713 -0.00282688 3.89751)
(0.00358145 -0.00234237 3.89667)
(0.00345035 -0.00147419 3.89599)
(0.00337994 -0.000607921 3.89554)
(0.00355794 3.85716e-05 3.89544)
(0.00360003 0.000539199 3.89549)
(0.00347415 0.00101452 3.89581)
(0.00355822 0.00166144 3.89612)
(0.00376734 0.00242016 3.89656)
(0.00360535 0.00290822 3.89755)
(0.0010976 0.000586882 2.79574)
(0.00164589 0.000297925 2.83429)
(0.00122083 -0.000877098 2.87687)
(0.00158371 -0.0025369 2.89646)
(0.0027765 -0.00174609 2.90006)
(0.00259765 0.000337261 2.89961)
(0.00147222 0.00107646 2.90058)
(0.00151956 6.09263e-05 2.87795)
(0.00158134 -0.000481547 2.83841)
(0.000726241 -7.74399e-05 2.79173)
(0.00314062 -0.00207481 3.67581)
(0.00364087 -0.00246546 3.72988)
(0.00416567 -0.00203311 3.76183)
(0.00499791 -0.00116585 3.78374)
(0.00592274 -0.00129489 3.79704)
(0.00619125 -0.000825494 3.79621)
(0.00494621 0.000854372 3.78342)
(0.00411863 0.00200278 3.76269)
(0.00355528 0.00248167 3.7294)
(0.00302623 0.00237342 3.67653)
(0.00481445 -0.00436135 3.88225)
(0.00563783 -0.00323828 3.90214)
(0.00663387 -0.00211894 3.91069)
(0.00710222 -0.000611665 3.91771)
(0.00733218 1.26596e-05 3.92138)
(0.00776736 -4.94968e-05 3.92206)
(0.00732999 0.000309902 3.9182)
(0.00678437 0.00150416 3.91213)
(0.00598281 0.00270787 3.90226)
(0.00511967 0.00366712 3.88277)
(0.00547136 -0.00479722 3.91927)
(0.00613695 -0.00297033 3.92197)
(0.00651604 -0.00212316 3.92323)
(0.00669494 -0.0014338 3.92507)
(0.00686741 -0.000272252 3.92532)
(0.00693737 0.00055056 3.92541)
(0.00675259 0.0008751 3.92515)
(0.00664191 0.00178325 3.92401)
(0.00625657 0.00277388 3.92276)
(0.00571273 0.0039312 3.9192)
(0.00533835 -0.00468639 3.9202)
(0.00553325 -0.00346713 3.91966)
(0.00564431 -0.00265544 3.91954)
(0.0060666 -0.00170254 3.91957)
(0.00641241 -0.000390474 3.91931)
(0.00624782 0.000690994 3.91931)
(0.00594987 0.00149171 3.91945)
(0.00583395 0.00237386 3.91952)
(0.00562989 0.00308832 3.92003)
(0.00530567 0.0042028 3.91999)
(0.00467338 -0.00481942 3.91731)
(0.00480366 -0.00394857 3.91625)
(0.0051706 -0.00279787 3.91548)
(0.00574632 -0.00138244 3.91474)
(0.0059042 -0.000260922 3.91452)
(0.00565894 0.000528616 3.91472)
(0.00541523 0.00148678 3.91471)
(0.00519962 0.00251394 3.91528)
(0.00497348 0.00348158 3.91592)
(0.00469363 0.00455863 3.91681)
(0.00424512 -0.00428983 3.91432)
(0.00455102 -0.00339733 3.91302)
(0.00498145 -0.00233621 3.91202)
(0.00529044 -0.00144818 3.91149)
(0.00521531 -0.00076654 3.91142)
(0.00510775 9.1018e-05 3.91144)
(0.00500277 0.0011597 3.91144)
(0.00483396 0.00220943 3.91208)
(0.00464018 0.00327633 3.91275)
(0.00432288 0.0041865 3.91389)
(0.00406823 -0.00330113 3.91174)
(0.00438405 -0.00251049 3.9104)
(0.0044924 -0.00181814 3.90955)
(0.00452889 -0.00141186 3.90931)
(0.00454255 -0.000873959 3.90916)
(0.00464394 2.66717e-05 3.90905)
(0.00458671 0.00102977 3.90916)
(0.00445289 0.0018974 3.90967)
(0.00434785 0.00265104 3.91056)
(0.00407865 0.00334656 3.91165)
(0.00375688 -0.00273263 3.90979)
(0.00391567 -0.00222234 3.90871)
(0.00379155 -0.00154228 3.908)
(0.00373321 -0.000988784 3.9076)
(0.00393813 -0.00042575 3.90746)
(0.00413852 0.000344919 3.90734)
(0.00406479 0.00106307 3.9076)
(0.00391172 0.00165163 3.90804)
(0.00385861 0.00225834 3.90883)
(0.0037068 0.00283955 3.9099)
(0.00326401 -0.00270496 3.90849)
(0.0033019 -0.00242062 3.90761)
(0.00326369 -0.00166049 3.90702)
(0.00316399 -0.000718335 3.90645)
(0.00333683 -1.31359e-05 3.90624)
(0.0034834 0.000485543 3.90628)
(0.00340625 0.000927153 3.90663)
(0.00333474 0.00149835 3.90697)
(0.00332962 0.00217173 3.90748)
(0.00326219 0.00265852 3.90851)
(0.000380314 0.000499608 2.78093)
(0.00144056 0.0011507 2.81201)
(0.000999566 0.000446123 2.84811)
(0.000882262 -0.00131857 2.86891)
(0.00168203 -0.000715328 2.87416)
(0.00143083 0.00127641 2.87478)
(0.000371764 0.00132315 2.87733)
(0.000691045 -0.000141693 2.85347)
(0.000647601 -0.000410154 2.81961)
(0.000122238 -0.000280552 2.77833)
(0.00283378 -0.00166388 3.63838)
(0.0036165 -0.00180096 3.69501)
(0.00393201 -0.00107489 3.7299)
(0.00441641 -0.000176267 3.75385)
(0.0051544 -0.00032696 3.76724)
(0.00503743 -0.000334053 3.76718)
(0.00389484 0.000556798 3.75407)
(0.00351237 0.00147649 3.73058)
(0.0031342 0.00173291 3.69497)
(0.00280513 0.00153943 3.63867)
(0.00446464 -0.00414575 3.87001)
(0.00550047 -0.00336897 3.89533)
(0.00641089 -0.00204849 3.90717)
(0.0066133 -9.73844e-05 3.91536)
(0.0066591 0.000214688 3.91995)
(0.00674241 -0.000289842 3.92079)
(0.00641376 0.000221594 3.91567)
(0.00609107 0.00151964 3.90796)
(0.00539146 0.00233217 3.89488)
(0.00486969 0.00297538 3.87069)
(0.00523479 -0.00458731 3.9236)
(0.00595925 -0.00336477 3.92836)
(0.00631843 -0.0028409 3.93094)
(0.00619392 -0.002095 3.93287)
(0.00614452 -0.00112727 3.93365)
(0.00623072 -0.000277555 3.9336)
(0.00629338 0.000451378 3.93267)
(0.00627409 0.00151804 3.93125)
(0.00582434 0.00255368 3.92868)
(0.00532359 0.00366096 3.92349)
(0.00502779 -0.0044742 3.92885)
(0.00532672 -0.0036484 3.9289)
(0.00541467 -0.00311539 3.92948)
(0.00559177 -0.00240012 3.92965)
(0.00584 -0.00105991 3.92958)
(0.00574864 0.000216551 3.92924)
(0.0056577 0.00108339 3.9293)
(0.0056696 0.00212168 3.92917)
(0.00529561 0.00320111 3.92905)
(0.00474484 0.0043066 3.92839)
(0.00443164 -0.00443671 3.927)
(0.00472757 -0.00385929 3.92637)
(0.00500713 -0.00276781 3.92579)
(0.00535702 -0.00155444 3.92524)
(0.00553647 -0.000406192 3.92512)
(0.0052908 0.000644922 3.92501)
(0.00508136 0.00171584 3.925)
(0.00505451 0.00285263 3.92538)
(0.00472281 0.00377582 3.92586)
(0.00420276 0.00455851 3.92649)
(0.00413532 -0.00373176 3.92439)
(0.00460903 -0.00310891 3.92351)
(0.00494706 -0.00198047 3.92243)
(0.00501524 -0.000945433 3.92189)
(0.00495568 -0.000310433 3.92184)
(0.00483409 0.000449579 3.92189)
(0.0047326 0.00153539 3.92178)
(0.00471306 0.00265396 3.92234)
(0.00437504 0.00340448 3.92311)
(0.00392477 0.00399129 3.92419)
(0.00404014 -0.00285051 3.922)
(0.0044109 -0.00224246 3.92093)
(0.00453121 -0.00163352 3.92008)
(0.0043207 -0.00104931 3.91972)
(0.00426487 -0.000532177 3.91953)
(0.00437992 0.000290627 3.91957)
(0.00439044 0.00131856 3.91949)
(0.00432248 0.00214469 3.91999)
(0.00402108 0.00253575 3.92104)
(0.00374304 0.00307075 3.92219)
(0.00378604 -0.00252239 3.92016)
(0.00378102 -0.00210015 3.91912)
(0.00376828 -0.00176713 3.91859)
(0.00361668 -0.00114729 3.91817)
(0.00370813 -0.000429067 3.91782)
(0.00392516 0.000375984 3.91783)
(0.00394808 0.00116929 3.9179)
(0.00373717 0.00174357 3.91836)
(0.00345584 0.00206499 3.91932)
(0.00341703 0.00261934 3.92042)
(0.00330206 -0.00280732 3.91896)
(0.00304795 -0.00241297 3.918)
(0.00316966 -0.00184384 3.91753)
(0.00314567 -0.00102059 3.91698)
(0.00319225 -0.00029851 3.91666)
(0.00334494 0.000256548 3.91669)
(0.00338649 0.000767436 3.91693)
(0.0031826 0.00129903 3.9173)
(0.00294088 0.00187401 3.91794)
(0.00304575 0.00254922 3.91892)
(-0.00023124 0.000282827 2.77283)
(0.00123492 0.00170107 2.79688)
(0.00111717 0.00172881 2.82573)
(0.000675358 0.000746507 2.84813)
(0.000828013 0.00107011 2.8552)
(0.000477691 0.00233832 2.85714)
(-0.000338636 0.00177059 2.85894)
(-0.000158051 0.000315415 2.83593)
(-0.000405667 0.000345239 2.80691)
(-0.000589409 -1.18085e-05 2.76833)
(0.00266605 -0.00122884 3.60321)
(0.0036341 -0.000924947 3.66035)
(0.00385282 -0.000158167 3.69825)
(0.00398989 0.000588299 3.72371)
(0.00437366 0.000825217 3.73632)
(0.00384604 0.000639446 3.7369)
(0.00304895 0.000611486 3.72413)
(0.00299809 0.00113073 3.69825)
(0.00279021 0.00121771 3.66077)
(0.00245033 0.00119807 3.60244)
(0.00384172 -0.00427073 3.85504)
(0.00513197 -0.00380113 3.88538)
(0.00605769 -0.00217646 3.90111)
(0.00619725 1.14308e-05 3.91053)
(0.00614295 0.00035025 3.91578)
(0.00574986 1.05928e-05 3.91659)
(0.00545876 0.000987184 3.91035)
(0.00513868 0.00229223 3.90075)
(0.00463313 0.00265552 3.88409)
(0.00439139 0.00296628 3.85509)
(0.00470305 -0.00461355 3.92598)
(0.00564902 -0.00412662 3.93344)
(0.00626909 -0.00349849 3.93746)
(0.00606886 -0.00222462 3.93925)
(0.00575645 -0.00133013 3.94053)
(0.00575082 -0.000525045 3.94058)
(0.00589528 0.000659662 3.93882)
(0.00568945 0.00180446 3.93703)
(0.00520348 0.00299547 3.93283)
(0.00464187 0.00398923 3.92556)
(0.00475388 -0.00398801 3.93627)
(0.00535439 -0.00360189 3.93736)
(0.00560291 -0.0033274 3.93857)
(0.00555866 -0.00278926 3.93882)
(0.00544666 -0.00154831 3.93901)
(0.00546139 -0.000233211 3.93857)
(0.00553753 0.000797096 3.93838)
(0.00546473 0.00203421 3.93805)
(0.00499831 0.00347928 3.93712)
(0.00418443 0.00429618 3.93578)
(0.00449893 -0.00344883 3.93577)
(0.00505783 -0.00308695 3.9357)
(0.00514481 -0.00233887 3.9354)
(0.00519764 -0.00177043 3.93523)
(0.00523378 -0.000795508 3.93516)
(0.00511261 0.000479712 3.93479)
(0.00500496 0.00164778 3.93485)
(0.00502592 0.00285274 3.93496)
(0.00462129 0.003772 3.93526)
(0.00379985 0.00415874 3.9356)
(0.00416121 -0.00312566 3.9338)
(0.00478938 -0.00271707 3.93339)
(0.00487867 -0.00163174 3.93242)
(0.00478646 -0.000610393 3.93192)
(0.0048048 0.000103542 3.93176)
(0.00469652 0.000865713 3.93179)
(0.00459317 0.00179088 3.93178)
(0.00463688 0.00273511 3.93218)
(0.004268 0.00316283 3.93301)
(0.00362555 0.00342529 3.93399)
(0.0039536 -0.00276694 3.9318)
(0.0044078 -0.00240022 3.93107)
(0.00450156 -0.00173192 3.93027)
(0.0042507 -0.000735847 3.92969)
(0.0041563 -6.18567e-05 3.92942)
(0.00416384 0.000577704 3.92959)
(0.00418494 0.00144493 3.92951)
(0.00415404 0.0022378 3.92999)
(0.00376143 0.00248241 3.93099)
(0.00339336 0.00285422 3.93217)
(0.00374464 -0.00255889 3.93016)
(0.00375145 -0.00212457 3.92917)
(0.00388154 -0.0019796 3.92873)
(0.00372823 -0.00131032 3.92828)
(0.00359026 -0.00049383 3.92779)
(0.00365993 0.000259291 3.92796)
(0.00375257 0.00103627 3.92793)
(0.00361719 0.00167235 3.92837)
(0.00321123 0.00193187 3.9293)
(0.00313316 0.00249844 3.93041)
(0.00336183 -0.00287453 3.92898)
(0.00301266 -0.00234777 3.92795)
(0.00320576 -0.00203646 3.92752)
(0.00325979 -0.00147561 3.92713)
(0.00312588 -0.000763007 3.92678)
(0.0031793 -5.49548e-05 3.92679)
(0.00329666 0.000671386 3.92685)
(0.00310827 0.00127855 3.92723)
(0.0027474 0.00177395 3.92797)
(0.00285079 0.00251594 3.92888)
(-0.00103907 -0.000236328 2.77057)
(0.000701166 0.00142364 2.78786)
(0.00108817 0.00234058 2.81056)
(0.000592306 0.00231021 2.83307)
(0.000255337 0.00238222 2.84098)
(-0.000156434 0.00303115 2.84433)
(-0.00084497 0.00250146 2.84438)
(-0.00109695 0.00147431 2.8245)
(-0.00134608 0.0013671 2.7972)
(-0.00126829 0.00070059 2.75897)
(0.00203124 -0.00124569 3.57028)
(0.00333415 -0.000612351 3.62713)
(0.00356006 0.000187319 3.6674)
(0.00346255 0.000552961 3.69417)
(0.00366162 0.00122247 3.70591)
(0.00303258 0.00130394 3.70673)
(0.00250056 0.000875289 3.69444)
(0.00240847 0.00118128 3.66664)
(0.00229418 0.001157 3.62744)
(0.00199045 0.00131461 3.56826)
(0.00310138 -0.00425056 3.83745)
(0.00456316 -0.00434418 3.87264)
(0.00538154 -0.00267985 3.89267)
(0.00572349 -0.000480195 3.90368)
(0.00587083 0.000359021 3.90929)
(0.00518764 0.000647493 3.90985)
(0.00476745 0.00185553 3.90297)
(0.00431688 0.00301085 3.89093)
(0.00388646 0.00321462 3.87044)
(0.00370443 0.00341231 3.83641)
(0.00398605 -0.00450672 3.92628)
(0.00532354 -0.00469528 3.93706)
(0.00622858 -0.00365834 3.94262)
(0.00620638 -0.00171796 3.94446)
(0.00584556 -0.000825126 3.94605)
(0.00561397 -0.000184557 3.94637)
(0.00555774 0.00118593 3.9439)
(0.00515317 0.00233589 3.94142)
(0.00462327 0.00361279 3.93546)
(0.00400365 0.00449461 3.92553)
(0.00464075 -0.00303068 3.94257)
(0.00556953 -0.00306078 3.94505)
(0.00601679 -0.00303078 3.94685)
(0.0057711 -0.00251946 3.94716)
(0.00537167 -0.00167644 3.94763)
(0.00541772 -0.000592945 3.94737)
(0.00548784 0.000645486 3.94679)
(0.0052736 0.00201253 3.94624)
(0.00477948 0.00360596 3.94456)
(0.00389307 0.00418406 3.94239)
(0.00460946 -0.00249978 3.94391)
(0.00535214 -0.00218674 3.94442)
(0.00542842 -0.00186981 3.94451)
(0.00519417 -0.00176089 3.9447)
(0.00503803 -0.00101235 3.94467)
(0.00509367 0.00020779 3.94424)
(0.00508111 0.00129551 3.94436)
(0.00503027 0.00239432 3.94423)
(0.00465528 0.00320444 3.9443)
(0.00385218 0.00337167 3.94428)
(0.00420636 -0.00269063 3.9428)
(0.00482016 -0.00240352 3.94279)
(0.00479745 -0.00161056 3.9421)
(0.00463604 -0.000758717 3.94171)
(0.0046774 6.81512e-05 3.94138)
(0.00464678 0.000906021 3.94136)
(0.00456065 0.0016758 3.94157)
(0.00451545 0.00235091 3.9418)
(0.00422467 0.00264732 3.94256)
(0.00363587 0.00293727 3.94331)
(0.00385256 -0.00282546 3.94131)
(0.00422526 -0.00253688 3.94084)
(0.00436713 -0.00195986 3.94015)
(0.00422523 -0.000814684 3.93939)
(0.00415168 6.53622e-05 3.93904)
(0.00407064 0.000668745 3.93924)
(0.00401776 0.00130674 3.93939)
(0.00391846 0.00196355 3.93982)
(0.00366496 0.00236816 3.94057)
(0.00332956 0.00283173 3.94165)
(0.00357247 -0.00296541 3.9399)
(0.00361953 -0.0023261 3.93893)
(0.00388267 -0.00210686 3.93847)
(0.00387218 -0.00141552 3.93798)
(0.00362307 -0.000557954 3.9375)
(0.00347958 5.55276e-05 3.93772)
(0.00352605 0.000679345 3.9378)
(0.00348599 0.00144051 3.93821)
(0.00323053 0.00204846 3.93891)
(0.00307102 0.00274941 3.93993)
(0.00333907 -0.00292626 3.93865)
(0.00309239 -0.00214127 3.93757)
(0.00322598 -0.00185156 3.93706)
(0.0033671 -0.00156174 3.93685)
(0.003147 -0.000985597 3.93658)
(0.00302494 -0.000204445 3.93655)
(0.00311002 0.000651122 3.9365)
(0.00307576 0.00132682 3.93689)
(0.00287581 0.00180348 3.93764)
(0.0029062 0.0025431 3.9385)
(-0.00212362 -0.00105047 2.77087)
(-0.000420942 0.000100825 2.78454)
(0.000690906 0.00195472 2.80222)
(0.000420824 0.00272454 2.82261)
(-5.71968e-05 0.00268779 2.83013)
(-0.000554894 0.00292893 2.8356)
(-0.00117597 0.00255105 2.83461)
(-0.00150731 0.0017878 2.8168)
(-0.00131571 0.0013679 2.78754)
(-0.00141829 0.00115744 2.74987)
(0.00101381 -0.00131402 3.53982)
(0.00268166 -0.000820031 3.59599)
(0.00314982 6.98962e-05 3.63772)
(0.00298075 0.000145552 3.66557)
(0.00301427 0.00102517 3.67704)
(0.00244578 0.00131688 3.6778)
(0.00205022 0.000804927 3.66553)
(0.00191833 0.00111193 3.63651)
(0.0020091 0.00129374 3.59576)
(0.00159129 0.00175773 3.53662)
(0.00232126 -0.00379673 3.81778)
(0.00396114 -0.00449056 3.85751)
(0.0046469 -0.00322722 3.88188)
(0.00516338 -0.00163722 3.89503)
(0.00557515 -0.000272821 3.90111)
(0.00481023 0.000841871 3.90102)
(0.00430523 0.00207637 3.89392)
(0.00385335 0.00334845 3.87907)
(0.00343008 0.00396196 3.85464)
(0.0030956 0.00413976 3.81566)
(0.00352436 -0.00369344 3.92451)
(0.00504459 -0.00441241 3.93903)
(0.00596878 -0.0033923 3.94634)
(0.00625791 -0.00122331 3.94871)
(0.00607893 -0.000244172 3.95053)
(0.0055726 0.000410693 3.95093)
(0.00525267 0.00199797 3.94807)
(0.00479939 0.00329568 3.94452)
(0.00430119 0.00437996 3.93686)
(0.00373355 0.00487181 3.92376)
(0.00448608 -0.0021453 3.94801)
(0.00566736 -0.00213102 3.95203)
(0.00624217 -0.00202388 3.95432)
(0.00598748 -0.00147055 3.95483)
(0.00548934 -0.00107836 3.95551)
(0.00544643 -0.000278631 3.95556)
(0.00542442 0.00108474 3.95461)
(0.0051082 0.00226222 3.95387)
(0.00471348 0.00349373 3.95165)
(0.00403389 0.00387433 3.94841)
(0.00459139 -0.00189282 3.95166)
(0.00540696 -0.00148178 3.95273)
(0.00549423 -0.00142887 3.95322)
(0.00511067 -0.00155538 3.95367)
(0.00493109 -0.00110533 3.9537)
(0.00516667 -7.36611e-05 3.95342)
(0.00513824 0.000889305 3.95351)
(0.00498955 0.00170546 3.95328)
(0.00476673 0.00241973 3.95308)
(0.00421666 0.00272063 3.95252)
(0.00413369 -0.00245923 3.95155)
(0.00455936 -0.00227172 3.95178)
(0.00450156 -0.0019144 3.95151)
(0.00441089 -0.00123628 3.95124)
(0.00455527 -0.000267708 3.9508)
(0.00467755 0.00058057 3.95075)
(0.00453912 0.00117035 3.9512)
(0.00439854 0.00173981 3.95129)
(0.00424985 0.002158 3.95184)
(0.00394017 0.00261436 3.9522)
(0.00354431 -0.00308644 3.95062)
(0.00380434 -0.00268697 3.95025)
(0.00404041 -0.0020648 3.94968)
(0.00413223 -0.000956864 3.9489)
(0.00415338 2.22043e-05 3.94853)
(0.00401887 0.000573462 3.94864)
(0.00388828 0.000951034 3.94911)
(0.0038254 0.00153261 3.9495)
(0.00369681 0.00226346 3.94998)
(0.00350796 0.0030212 3.95071)
(0.00321515 -0.00321932 3.94938)
(0.00339687 -0.00240409 3.94846)
(0.00376156 -0.00189953 3.94785)
(0.00386448 -0.00116305 3.94734)
(0.00363103 -0.000390715 3.94702)
(0.00333342 0.000106987 3.94715)
(0.00330444 0.000621736 3.94744)
(0.00343646 0.00144063 3.94785)
(0.00338991 0.00232344 3.94831)
(0.00321071 0.0031269 3.94915)
(0.00314235 -0.00278984 3.94804)
(0.00314196 -0.00180811 3.94695)
(0.00324169 -0.00143062 3.94633)
(0.00332315 -0.00122867 3.9462)
(0.00311039 -0.000732082 3.94605)
(0.00286658 3.10725e-05 3.94595)
(0.00290111 0.000876223 3.94595)
(0.00305614 0.00159828 3.94637)
(0.00309343 0.00214905 3.94706)
(0.00306095 0.00282173 3.94791)
(-0.00289051 -0.00176306 2.76955)
(-0.00186885 -0.00164762 2.78583)
(-0.000298558 0.0004217 2.7997)
(-8.95469e-05 0.00126943 2.81555)
(-0.00020499 0.00133492 2.82145)
(-0.000683314 0.0015615 2.82985)
(-0.00106543 0.000972421 2.8283)
(-0.000961254 0.00023627 2.81033)
(-0.000346329 -6.208e-07 2.7779)
(-0.00112182 0.00109794 2.74347)
(-3.49794e-05 -0.00136969 3.51279)
(0.00166854 -0.00139124 3.56726)
(0.00253065 -0.000355459 3.60934)
(0.00249818 -0.000367258 3.63775)
(0.00247458 0.000256962 3.65024)
(0.00204753 0.000355341 3.65066)
(0.00188579 -0.000106976 3.63769)
(0.00189962 0.000457162 3.6085)
(0.00206233 0.00128915 3.56648)
(0.00121417 0.00226022 3.50821)
(0.00179888 -0.00268563 3.79691)
(0.00345925 -0.00389597 3.84043)
(0.00400433 -0.00339109 3.86883)
(0.00454028 -0.00269515 3.88443)
(0.00503351 -0.00125781 3.89159)
(0.00444214 0.000370402 3.89062)
(0.00416556 0.00156306 3.88316)
(0.00392667 0.00309298 3.86574)
(0.00355665 0.00429159 3.83762)
(0.00288944 0.00425025 3.79435)
(0.00308572 -0.00278826 3.92095)
(0.00454607 -0.00369906 3.9393)
(0.00539439 -0.0030604 3.94856)
(0.00598897 -0.00109406 3.95212)
(0.00609143 0.000200102 3.95422)
(0.00547739 0.00127763 3.95423)
(0.00498969 0.00293326 3.95127)
(0.00473371 0.00422548 3.94646)
(0.00437653 0.00484869 3.93726)
(0.00377113 0.00469567 3.9206)
(0.00409046 -0.00173422 3.9528)
(0.0053126 -0.00132461 3.95845)
(0.00602579 -0.00108459 3.96108)
(0.00601745 -0.000417805 3.96201)
(0.00562538 -0.000121343 3.96278)
(0.00544983 0.000488932 3.96304)
(0.00524772 0.00178706 3.96189)
(0.00498255 0.00263347 3.96091)
(0.0048076 0.00305495 3.95848)
(0.00447195 0.00320722 3.95386)
(0.00431843 -0.00173835 3.95918)
(0.0050376 -0.00102358 3.96075)
(0.00526469 -0.0010389 3.96153)
(0.00502539 -0.00117391 3.96214)
(0.00489498 -0.00100168 3.96227)
(0.00513912 -0.000281367 3.96227)
(0.00511697 0.000598941 3.96225)
(0.00487491 0.0012688 3.96201)
(0.00473531 0.00184362 3.96157)
(0.00458272 0.00238475 3.96033)
(0.0038466 -0.0025351 3.96016)
(0.00408912 -0.00206257 3.96038)
(0.00413533 -0.00193835 3.96054)
(0.00420355 -0.00152009 3.96043)
(0.00441025 -0.000631412 3.96004)
(0.00460557 0.000171602 3.95999)
(0.00453847 0.000671907 3.9605)
(0.00434332 0.00115592 3.96058)
(0.00425321 0.00176512 3.96085)
(0.00425309 0.00254111 3.9607)
(0.00311842 -0.00334485 3.95968)
(0.00331634 -0.00282409 3.9593)
(0.00358793 -0.00211929 3.95885)
(0.00394587 -0.00113202 3.95822)
(0.00404503 -0.000138652 3.95791)
(0.00393343 0.000421618 3.95788)
(0.00383137 0.000726693 3.95853)
(0.00377217 0.0011984 3.9589)
(0.00378606 0.00208989 3.95924)
(0.00379831 0.00309077 3.95953)
(0.00273524 -0.00321729 3.95858)
(0.00314874 -0.00239637 3.95776)
(0.00348594 -0.00150944 3.95695)
(0.00370161 -0.000791232 3.95647)
(0.00353767 -0.000162436 3.95638)
(0.00326474 0.000358907 3.95629)
(0.00318491 0.000846241 3.95675)
(0.00331439 0.00156814 3.95718)
(0.00348236 0.00257669 3.95755)
(0.00341588 0.00336617 3.95823)
(0.00271009 -0.00230707 3.95719)
(0.00310834 -0.00145171 3.9562)
(0.00313694 -0.000944685 3.95544)
(0.00313605 -0.000662062 3.95527)
(0.00303604 -0.000167612 3.95522)
(0.00281714 0.000557484 3.95506)
(0.00270414 0.00123996 3.95521)
(0.00291686 0.00187555 3.95568)
(0.00318777 0.0025319 3.95627)
(0.00309167 0.00302809 3.95717)
(-0.00290129 -0.00170912 2.76585)
(-0.00299534 -0.00300762 2.78822)
(-0.00155243 -0.00169551 2.80012)
(-0.000843295 -0.00143654 2.81022)
(-0.00026906 -0.000852666 2.8154)
(-0.000587336 1.37485e-05 2.8252)
(-0.000722107 -0.000962541 2.82283)
(-0.000198061 -0.0017633 2.80504)
(0.000398006 -0.00128728 2.77238)
(-0.00100714 0.000990962 2.74223)
(-0.000958004 -0.00151672 3.48837)
(0.000393328 -0.00225976 3.54114)
(0.00178977 -0.00110627 3.58277)
(0.00208833 -0.000732118 3.61098)
(0.00218606 -0.000656198 3.62544)
(0.00192275 -0.00106209 3.62541)
(0.00201002 -0.00141165 3.61141)
(0.00212944 -0.000343077 3.58272)
(0.00200884 0.0011664 3.53993)
(0.000809329 0.00223288 3.48343)
(0.00171898 -0.00140293 3.77554)
(0.00312177 -0.00267162 3.822)
(0.00362891 -0.00311474 3.85381)
(0.00404032 -0.00324519 3.8719)
(0.00434028 -0.00216376 3.88069)
(0.00415312 -0.000770676 3.87911)
(0.00437508 0.000265386 3.87071)
(0.00452746 0.00197817 3.8514)
(0.00402824 0.00353199 3.82038)
(0.00285426 0.00340573 3.77369)
(0.00284755 -0.00224903 3.91572)
(0.00397922 -0.00283007 3.93794)
(0.00461372 -0.00273154 3.94917)
(0.00538863 -0.00170131 3.95465)
(0.00573832 -0.000248605 3.95721)
(0.00534001 0.00151097 3.95646)
(0.00495579 0.00317971 3.95347)
(0.00503406 0.00420729 3.94739)
(0.0048354 0.00411423 3.93676)
(0.00420969 0.00343523 3.91623)
(0.00351421 -0.00214099 3.95703)
(0.00451658 -0.00136469 3.96443)
(0.00527437 -0.000831555 3.96731)
(0.00566106 0.000101804 3.96887)
(0.00566714 0.000654144 3.96962)
(0.00544479 0.00137798 3.96982)
(0.00503784 0.00246334 3.96872)
(0.00486185 0.00291333 3.96738)
(0.00479454 0.00255974 3.96487)
(0.00476304 0.0026363 3.95858)
(0.00372622 -0.00229468 3.96658)
(0.00435561 -0.00115729 3.96862)
(0.00485742 -0.000883295 3.96957)
(0.00495088 -0.000510293 3.97016)
(0.00493445 -0.000295761 3.9704)
(0.00502379 1.36375e-05 3.97067)
(0.00492565 0.000598241 3.97052)
(0.00470286 0.0011124 3.97029)
(0.00455061 0.00153345 3.96967)
(0.00475129 0.00240073 3.96764)
(0.00334236 -0.00295896 3.96862)
(0.00357092 -0.00212044 3.96876)
(0.00387621 -0.00197917 3.96917)
(0.0041288 -0.00168428 3.96918)
(0.00427045 -0.00100991 3.96903)
(0.00442884 -0.000304573 3.96902)
(0.00443258 0.000296799 3.96936)
(0.00427662 0.000864708 3.96949)
(0.00415416 0.0017233 3.96952)
(0.00435717 0.00293344 3.96885)
(0.00280138 -0.00326974 3.96847)
(0.00299891 -0.00256824 3.968)
(0.0032665 -0.0019563 3.96766)
(0.00372652 -0.00138035 3.96733)
(0.00389034 -0.000508086 3.96714)
(0.00385674 0.000227627 3.967)
(0.00380102 0.000698518 3.96754)
(0.00375929 0.00122658 3.96787)
(0.00382888 0.00221659 3.96819)
(0.00398977 0.0033372 3.9682)
(0.00239955 -0.0030009 3.96749)
(0.00291274 -0.00223302 3.9668)
(0.00308568 -0.00116825 3.96589)
(0.00339562 -0.000519238 3.96546)
(0.00348683 3.80512e-05 3.96553)
(0.00333487 0.000701403 3.9653)
(0.00320659 0.00132472 3.96573)
(0.00325268 0.00196071 3.96618)
(0.00348781 0.00287658 3.96661)
(0.00351848 0.00356969 3.96722)
(0.00230718 -0.00203391 3.9662)
(0.00293856 -0.00139193 3.96538)
(0.00287284 -0.000595123 3.9645)
(0.00288412 -6.64287e-05 3.96416)
(0.00299384 0.000377923 3.96417)
(0.00290259 0.000923466 3.96405)
(0.00271349 0.00141202 3.96436)
(0.0028254 0.00192923 3.96485)
(0.00315447 0.00260994 3.96536)
(0.00311372 0.00306205 3.96633)
(-0.00189721 -0.000792724 2.7586)
(-0.00324749 -0.00349285 2.78733)
(-0.00236027 -0.00339487 2.79981)
(-0.00136035 -0.00356379 2.80607)
(-0.000432108 -0.00230627 2.81309)
(-0.000472215 -0.000679819 2.82093)
(-0.000463937 -0.00149553 2.81641)
(-7.01716e-05 -0.00230279 2.80206)
(0.000322403 -0.00173054 2.77272)
(-0.000629185 0.000311339 2.74451)
(-0.00111936 -0.00137275 3.46523)
(-0.00047358 -0.00270313 3.51792)
(0.00108919 -0.00199794 3.55855)
(0.00171801 -0.00146292 3.58599)
(0.00198866 -0.00179914 3.60212)
(0.00203294 -0.00231737 3.60169)
(0.00229018 -0.00235403 3.58702)
(0.00218692 -0.00106494 3.5589)
(0.00151646 0.000727882 3.51621)
(0.000425939 0.00167531 3.46209)
(0.00193476 -0.000622974 3.75424)
(0.00278044 -0.00144928 3.80314)
(0.00349394 -0.00239288 3.83732)
(0.00373352 -0.00293443 3.85764)
(0.00374945 -0.00265349 3.86829)
(0.0041661 -0.00210631 3.86654)
(0.00478775 -0.00130088 3.85687)
(0.00504877 0.000302502 3.83625)
(0.00428219 0.0018029 3.80331)
(0.00290359 0.00194744 3.75426)
(0.00311429 -0.00182168 3.90881)
(0.00374169 -0.00159274 3.93488)
(0.00413297 -0.00192557 3.94826)
(0.00466628 -0.00214596 3.95613)
(0.0050843 -0.000983895 3.95933)
(0.0052532 0.000943234 3.95791)
(0.00522882 0.00220381 3.95475)
(0.00546798 0.00287939 3.94741)
(0.00515369 0.00257805 3.93501)
(0.00457665 0.00194426 3.91051)
(0.00317297 -0.00297409 3.96071)
(0.00376807 -0.00189212 3.96985)
(0.0043095 -0.00105007 3.97323)
(0.00489889 -2.50912e-06 3.97553)
(0.00539727 0.000958909 3.9762)
(0.00530672 0.00194103 3.97614)
(0.00489957 0.00269407 3.97515)
(0.00477495 0.00279487 3.97334)
(0.00465069 0.00214215 3.97044)
(0.00470773 0.0023539 3.96233)
(0.00297953 -0.00362058 3.97384)
(0.00349119 -0.00233674 3.97646)
(0.0041591 -0.00152026 3.97755)
(0.0046343 -0.000364138 3.97799)
(0.00488794 0.000308103 3.97827)
(0.00483947 0.000634098 3.9786)
(0.0046292 0.00108133 3.97833)
(0.00441319 0.00142979 3.978)
(0.00422503 0.00185547 3.97716)
(0.00441356 0.00297307 3.97435)
(0.0029061 -0.00348431 3.97689)
(0.00318411 -0.00237763 3.9771)
(0.00371258 -0.00196151 3.97755)
(0.00412897 -0.00147641 3.97761)
(0.00423296 -0.000846976 3.97774)
(0.0042749 -0.000231697 3.97777)
(0.00423255 0.00041293 3.97784)
(0.00411359 0.00114463 3.97792)
(0.00396412 0.0022773 3.9777)
(0.00401152 0.00357354 3.97669)
(0.0026746 -0.00308218 3.97701)
(0.00298451 -0.00212109 3.97653)
(0.00322127 -0.00144346 3.97625)
(0.00360688 -0.00121289 3.97622)
(0.00378238 -0.000643367 3.97618)
(0.0038293 0.000187657 3.97603)
(0.00377968 0.00102109 3.97624)
(0.00373283 0.00183629 3.97647)
(0.00372825 0.00285025 3.97676)
(0.00364881 0.00371662 3.97672)
(0.00236512 -0.00241509 3.97618)
(0.00291163 -0.00187973 3.97565)
(0.00288104 -0.000850715 3.9748)
(0.00308042 -0.000260903 3.97441)
(0.00337563 0.00022347 3.9745)
(0.00348347 0.000982419 3.97429)
(0.00335229 0.00170864 3.97457)
(0.00330113 0.00223619 3.975)
(0.00342672 0.00290384 3.97555)
(0.00325193 0.00338451 3.97614)
(0.00217135 -0.00180758 3.97516)
(0.00276748 -0.00143317 3.97452)
(0.00264701 -0.00059745 3.97364)
(0.00261946 0.000159396 3.97309)
(0.00287277 0.000661562 3.97304)
(0.00299322 0.00102382 3.9731)
(0.00282282 0.00133609 3.97348)
(0.0028295 0.00179878 3.9739)
(0.003033 0.00244571 3.97443)
(0.00286154 0.00281864 3.97539)
(-0.000228629 0.000398929 2.74606)
(-0.0023684 -0.00261579 2.78141)
(-0.00235694 -0.00370214 2.79647)
(-0.00142938 -0.00392067 2.80349)
(-0.000738595 -0.00228477 2.81443)
(-0.000587568 -0.000858297 2.81828)
(-0.00041278 -0.00102296 2.81038)
(-0.000293981 -0.00156704 2.79967)
(9.02263e-05 -0.00147273 2.77471)
(0.00014214 -0.000777112 2.7459)
(-0.000203396 -0.000687156 3.44384)
(-0.000570903 -0.00235711 3.49713)
(0.000608513 -0.00240889 3.53658)
(0.00148113 -0.00192496 3.5631)
(0.00170099 -0.00233906 3.57953)
(0.00196058 -0.00245325 3.57872)
(0.00222916 -0.00178655 3.56427)
(0.00172072 -0.000719527 3.53708)
(0.000934762 0.000471019 3.49577)
(0.000375523 0.000704864 3.44397)
(0.00247526 -0.000237522 3.73361)
(0.00267473 -0.000343074 3.78447)
(0.00352623 -0.00118508 3.8201)
(0.00358217 -0.00188267 3.84216)
(0.00337839 -0.0025944 3.85427)
(0.00432193 -0.00275454 3.85274)
(0.00505065 -0.00208252 3.84192)
(0.00492378 -0.000970164 3.82049)
(0.00404414 0.000174568 3.78635)
(0.00286108 0.000459007 3.73591)
(0.00378664 -0.00164518 3.9003)
(0.00382362 -0.00059552 3.93016)
(0.0039428 -0.00112248 3.94613)
(0.0039833 -0.00217437 3.95629)
(0.00437361 -0.00159875 3.96022)
(0.00522498 -0.000175277 3.95865)
(0.00560991 0.000366278 3.95502)
(0.00573009 0.000758732 3.9464)
(0.00519556 0.0010239 3.93165)
(0.00443683 0.000971574 3.90316)
(0.00307658 -0.00423137 3.96366)
(0.00317701 -0.00287668 3.97452)
(0.00341253 -0.00181732 3.97889)
(0.00404805 -0.000758573 3.98193)
(0.00485623 0.00071307 3.98251)
(0.00503231 0.00193282 3.98223)
(0.00480804 0.0023597 3.98126)
(0.0047352 0.00243996 3.9788)
(0.00448592 0.00208528 3.97491)
(0.00429509 0.00242006 3.96493)
(0.00263719 -0.00484503 3.98073)
(0.00288828 -0.00361958 3.9841)
(0.00352569 -0.00229417 3.98543)
(0.00430457 -0.000505146 3.98579)
(0.00475682 0.000800453 3.98605)
(0.00458875 0.00149186 3.98621)
(0.00431976 0.00199986 3.98581)
(0.00408807 0.00243562 3.98521)
(0.00375318 0.00296547 3.98397)
(0.00360352 0.00395167 3.98046)
(0.00274056 -0.00404428 3.98486)
(0.00312767 -0.00267018 3.98546)
(0.00373229 -0.00169037 3.98581)
(0.00417536 -0.000899564 3.98588)
(0.00425363 -0.000338888 3.98622)
(0.00417518 0.000249603 3.98623)
(0.00407486 0.00103416 3.986)
(0.00396932 0.00199258 3.98594)
(0.00364769 0.00317571 3.98548)
(0.0032888 0.00417315 3.9843)
(0.00288002 -0.00291538 3.98532)
(0.00326766 -0.00188216 3.98505)
(0.00338806 -0.00115656 3.98484)
(0.00356742 -0.000920443 3.98499)
(0.00371967 -0.000492582 3.98503)
(0.0038513 0.000408558 3.98494)
(0.0038074 0.00149397 3.98475)
(0.00375737 0.00243942 3.98492)
(0.00351682 0.00320325 3.98514)
(0.0030613 0.00372534 3.98514)
(0.00273708 -0.00209791 3.98477)
(0.0030963 -0.00161117 3.98441)
(0.00291385 -0.000750916 3.98378)
(0.00296115 -0.000151439 3.98345)
(0.00330816 0.000370932 3.98337)
(0.00356566 0.00109353 3.98334)
(0.00346632 0.00175856 3.98342)
(0.00335638 0.00218981 3.98379)
(0.00319371 0.00247079 3.98443)
(0.00286496 0.00283157 3.98499)
(0.00237542 -0.00192606 3.98409)
(0.00269065 -0.00180957 3.98358)
(0.00257884 -0.00107069 3.98288)
(0.00253549 -0.000191356 3.98219)
(0.00278368 0.000358894 3.98201)
(0.0029996 0.00066755 3.98225)
(0.00291848 0.00101857 3.98257)
(0.00283083 0.00151432 3.98287)
(0.00271243 0.00196925 3.98349)
(0.00256612 0.00235797 3.98436)
(0.00117845 0.00117233 2.73111)
(-0.000531244 -0.000512014 2.77077)
(-0.0012671 -0.00197693 2.78974)
(-0.00110632 -0.00199379 2.80289)
(-0.0010689 -0.000997311 2.81688)
(-0.000875879 -0.00106804 2.81716)
(-0.000420293 -0.000824925 2.80717)
(-0.000278542 -0.00090365 2.7965)
(0.000143122 -0.00111644 2.77394)
(0.000904499 -0.00144571 2.74219)
(0.00116452 -3.92883e-06 3.42562)
(1.00902e-05 -0.00155118 3.47877)
(0.000451 -0.00242094 3.51714)
(0.00120537 -0.0019054 3.54229)
(0.00129987 -0.00182338 3.55755)
(0.0014886 -0.00125414 3.5568)
(0.00162198 -8.87884e-05 3.54305)
(0.00105182 0.000540572 3.51732)
(0.000452038 0.000714815 3.47831)
(0.000666056 -1.41447e-05 3.42837)
(0.00322958 -0.000126311 3.71405)
(0.0028725 0.00044469 3.7663)
(0.00355085 -7.72738e-05 3.80284)
(0.00351131 -0.000651335 3.82599)
(0.00334751 -0.00182949 3.83865)
(0.00422415 -0.00207288 3.8379)
(0.0045827 -0.00116397 3.82614)
(0.00407032 -0.000687126 3.80417)
(0.00327151 -0.000380961 3.76938)
(0.00269826 -0.000271919 3.71819)
(0.0043183 -0.00209493 3.89029)
(0.00400405 -0.000505729 3.92392)
(0.00398612 -0.000659892 3.94288)
(0.00358654 -0.00185606 3.95482)
(0.0039779 -0.00202902 3.95959)
(0.00516145 -0.0013317 3.95854)
(0.00570878 -0.00104913 3.95411)
(0.00546471 -0.000765495 3.94407)
(0.00483261 1.34998e-05 3.9265)
(0.00411039 0.000583082 3.89402)
(0.00330233 -0.00524455 3.96543)
(0.00300825 -0.00394727 3.97817)
(0.00300757 -0.00281703 3.98421)
(0.00345516 -0.00168331 3.98786)
(0.00433032 8.38295e-05 3.98858)
(0.00476897 0.00126965 3.98819)
(0.00485148 0.00139657 3.98711)
(0.00465739 0.00179587 3.98382)
(0.00418065 0.00242161 3.97826)
(0.00362807 0.00297315 3.96618)
(0.00273552 -0.00562729 3.98694)
(0.00283102 -0.00455318 3.99132)
(0.00331331 -0.00290279 3.99311)
(0.00409957 -0.000833341 3.9936)
(0.00452627 0.000935725 3.99381)
(0.00430928 0.00194761 3.99373)
(0.00414935 0.00254289 3.99321)
(0.00393611 0.00319815 3.99221)
(0.00346 0.00394629 3.99035)
(0.00281161 0.00464722 3.9861)
(0.0029195 -0.00439453 3.9924)
(0.00338252 -0.00313466 3.99378)
(0.003906 -0.00172123 3.99403)
(0.00424687 -0.000551096 3.99416)
(0.00424641 0.000162688 3.99453)
(0.0040458 0.000976691 3.99448)
(0.00395149 0.00202142 3.99404)
(0.00376947 0.00301524 3.99378)
(0.00335756 0.00388136 3.99312)
(0.00261157 0.00440575 3.99179)
(0.00333989 -0.00279207 3.99344)
(0.00367977 -0.00179047 3.99363)
(0.00373639 -0.00113148 3.9935)
(0.0036649 -0.00073565 3.99368)
(0.00373219 -0.000301586 3.99374)
(0.00387264 0.000607081 3.99371)
(0.0038485 0.00172156 3.99331)
(0.00363105 0.00263586 3.99346)
(0.00324785 0.00312309 3.9935)
(0.00256968 0.00336243 3.99351)
(0.00329183 -0.00220139 3.99332)
(0.00328932 -0.00164775 3.9931)
(0.00310235 -0.00116702 3.99282)
(0.00304286 -0.00057912 3.99258)
(0.00330112 3.91649e-05 3.99229)
(0.00358545 0.00074361 3.99245)
(0.00352927 0.00137868 3.99236)
(0.00328083 0.00181349 3.99272)
(0.00292616 0.00200725 3.99328)
(0.00245913 0.00239247 3.99371)
(0.00287426 -0.00240138 3.99298)
(0.00266055 -0.0021662 3.99249)
(0.00263923 -0.00155602 3.99207)
(0.00263954 -0.000696908 3.99142)
(0.00277494 -0.000132313 3.99113)
(0.002988 0.000195394 3.99144)
(0.00300431 0.000625845 3.99165)
(0.00278173 0.00116526 3.99186)
(0.00246518 0.0015241 3.9925)
(0.00231673 0.00199333 3.99318)
(0.00160699 0.00135863 2.72159)
(0.000927968 0.0012675 2.76011)
(0.00012222 0.000167471 2.78071)
(-0.000439639 0.000783618 2.80197)
(-0.00115442 0.000473576 2.81616)
(-0.000982537 -0.00158624 2.81541)
(-0.000312753 -0.00169296 2.80645)
(0.000264312 -0.00152945 2.79252)
(0.000737858 -0.00148096 2.77004)
(0.00143375 -0.00158284 2.73414)
(0.00243417 0.00083498 3.40972)
(0.000846577 -0.000147769 3.46157)
(0.000731989 -0.00195067 3.49976)
(0.00112745 -0.00143625 3.524)
(0.000933801 -0.000475957 3.53733)
(0.000886261 0.000669376 3.53703)
(0.00070821 0.00182318 3.52376)
(0.000412571 0.00199727 3.49948)
(0.000163772 0.00144733 3.4628)
(0.000810358 0.000120651 3.41421)
(0.00374773 -0.000325528 3.69574)
(0.00297002 0.000959071 3.74871)
(0.00362296 0.000670475 3.78614)
(0.00371651 0.000547546 3.8099)
(0.00354366 -8.63258e-05 3.82219)
(0.0037009 5.21372e-05 3.82244)
(0.00340982 0.00108244 3.81022)
(0.00275467 0.00103314 3.78754)
(0.00230198 0.000326943 3.7522)
(0.0024924 -0.00017969 3.70079)
(0.00457511 -0.00279633 3.87889)
(0.0041196 -0.000739745 3.91637)
(0.00448188 -0.000121545 3.93847)
(0.003974 -0.000781055 3.95172)
(0.00402842 -0.0014866 3.95733)
(0.00480631 -0.00158799 3.95731)
(0.0051875 -0.00124213 3.95188)
(0.00466469 -0.000890037 3.94005)
(0.00409671 -6.80509e-05 3.91954)
(0.00374896 0.000717613 3.88284)
(0.00394465 -0.00542668 3.96565)
(0.00341767 -0.0041449 3.98066)
(0.00340408 -0.0032102 3.98891)
(0.00342268 -0.00251833 3.99312)
(0.00395133 -0.00120894 3.99435)
(0.00446081 -0.000176635 3.99404)
(0.00478785 0.000277836 3.99256)
(0.00448678 0.00116202 3.98841)
(0.00380901 0.00278168 3.98073)
(0.00302041 0.00368285 3.966)
(0.00329606 -0.00576604 3.99228)
(0.00317714 -0.00493353 3.99788)
(0.00341794 -0.00336361 4.00049)
(0.00391677 -0.00159033 4.0014)
(0.00421212 0.000269357 4.00161)
(0.00413856 0.00160329 4.0014)
(0.00411803 0.0025264 4.00069)
(0.00385584 0.00338017 3.99932)
(0.00342457 0.0043256 3.99661)
(0.00241948 0.00475072 3.99145)
(0.00346602 -0.00424733 3.99948)
(0.00379334 -0.00331142 4.00189)
(0.00405559 -0.00177263 4.00227)
(0.00423972 -0.000372929 4.00251)
(0.00417512 0.000629201 4.00275)
(0.00395754 0.00160095 4.00264)
(0.00388025 0.00262918 4.00217)
(0.00351247 0.00343983 4.00177)
(0.00324672 0.00391671 4.00085)
(0.00236738 0.00397637 3.99926)
(0.0037852 -0.00291542 4.00143)
(0.00402029 -0.00203276 4.00226)
(0.00403906 -0.00123692 4.00222)
(0.00380186 -0.00048766 4.00233)
(0.00373337 1.09403e-05 4.00235)
(0.00375102 0.000804996 4.00235)
(0.00371135 0.00169649 4.00199)
(0.00332887 0.00236729 4.00218)
(0.00303201 0.00279154 4.00198)
(0.00230016 0.00299634 4.00179)
(0.00377556 -0.00243085 4.00181)
(0.00349717 -0.00189984 4.00182)
(0.00341747 -0.00171574 4.00186)
(0.00319782 -0.00108363 4.00169)
(0.00322581 -0.000413788 4.00131)
(0.00336785 0.00019551 4.00152)
(0.00332695 0.000739725 4.00142)
(0.00302861 0.00125446 4.00175)
(0.00277634 0.00160974 4.00211)
(0.00230285 0.00210258 4.0023)
(0.00334414 -0.00286217 4.00181)
(0.00273758 -0.0023641 4.00129)
(0.0028246 -0.00196963 4.00115)
(0.00276531 -0.00130209 4.00069)
(0.00268852 -0.000705604 4.00034)
(0.00276804 -0.000254398 4.00055)
(0.0028391 0.000279273 4.00065)
(0.00262394 0.00092074 4.00089)
(0.00238004 0.00144681 4.00147)
(0.00224576 0.0020553 4.00188)
(0.00115441 0.0011008 2.72004)
(0.00146103 0.00175353 2.75159)
(0.00101379 0.00167043 2.77265)
(8.48328e-05 0.00265778 2.79911)
(-0.000893804 0.00122834 2.8108)
(-0.000828395 -0.00166063 2.81169)
(-0.00022009 -0.00240722 2.80608)
(0.000761481 -0.00257394 2.78891)
(0.00143072 -0.00242008 2.76564)
(0.00179764 -0.00174834 2.72646)
(0.00312845 0.00180251 3.39534)
(0.00181685 0.00139185 3.44559)
(0.00125568 -0.000744591 3.48372)
(0.00119756 -0.000227457 3.508)
(0.000826904 0.00128756 3.51906)
(0.000498664 0.00230778 3.51962)
(-2.93649e-06 0.00299193 3.5072)
(-0.000119393 0.00281201 3.4833)
(-4.87252e-05 0.00200931 3.4481)
(0.000589515 0.000776077 3.40053)
(0.00377751 -0.000332335 3.67848)
(0.00313209 0.00128293 3.73176)
(0.0035437 0.00105244 3.77023)
(0.0037958 0.00117148 3.79471)
(0.00370036 0.00158797 3.806)
(0.00304769 0.00237767 3.807)
(0.00211653 0.00321753 3.79475)
(0.00144625 0.00298588 3.77105)
(0.00123073 0.00182058 3.73476)
(0.00186594 0.000730783 3.68327)
(0.00433356 -0.00328476 3.86642)
(0.00417053 -0.00110141 3.90772)
(0.00486379 0.000282034 3.93307)
(0.00463724 0.000568098 3.94726)
(0.00444892 -9.90359e-05 3.9536)
(0.00438495 -0.000664822 3.95462)
(0.00421328 -3.94539e-05 3.94815)
(0.00353073 0.000616024 3.93426)
(0.00296607 0.00114747 3.91064)
(0.00290737 0.00167392 3.86956)
(0.00437005 -0.00503398 3.96419)
(0.00399683 -0.0038894 3.98212)
(0.00415292 -0.00301636 3.99264)
(0.00392343 -0.00263309 3.99749)
(0.00396782 -0.00201311 3.99953)
(0.00423758 -0.00134636 3.99946)
(0.00463334 -0.000416856 3.99736)
(0.00426999 0.000865248 3.99237)
(0.00344926 0.0029146 3.9825)
(0.00257951 0.00400611 3.96444)
(0.00419742 -0.00471871 3.99667)
(0.00391249 -0.00408618 4.00369)
(0.00384332 -0.00305507 4.00731)
(0.00387986 -0.0022342 4.00894)
(0.0039521 -0.00101547 4.00937)
(0.00407505 0.000249279 4.00916)
(0.00427299 0.0014399 4.00822)
(0.00403993 0.00249031 4.00656)
(0.003633 0.0036757 4.0029)
(0.00248677 0.00409266 3.99647)
(0.00408837 -0.00387556 4.0062)
(0.00413366 -0.00322354 4.00958)
(0.00406391 -0.00175468 4.01039)
(0.00400016 -0.000465025 4.01085)
(0.00389523 0.000555702 4.01096)
(0.00385406 0.00150598 4.01084)
(0.00387689 0.0023834 4.01046)
(0.00354239 0.00304344 4.00998)
(0.00335357 0.00333861 4.0087)
(0.00252189 0.00319641 4.00656)
(0.00406101 -0.00316164 4.0093)
(0.00408716 -0.00258912 4.01078)
(0.00404105 -0.00169954 4.01096)
(0.00374388 -0.000533151 4.01093)
(0.00353214 0.000283627 4.01088)
(0.00347198 0.000964606 4.01087)
(0.00348991 0.00153193 4.01075)
(0.00320023 0.00195557 4.01085)
(0.00298162 0.00215822 4.01054)
(0.00246143 0.00239989 4.00988)
(0.00393975 -0.00278018 4.01025)
(0.00351934 -0.00226564 4.0105)
(0.00353017 -0.00222708 4.01075)
(0.00326565 -0.00164858 4.01066)
(0.00303368 -0.00096407 4.01035)
(0.00298 -0.000388261 4.01043)
(0.00303784 0.00015769 4.01043)
(0.00288122 0.000797442 4.01065)
(0.0026585 0.0013084 4.01085)
(0.00242621 0.00200033 4.01067)
(0.00349082 -0.00326072 4.01048)
(0.00276631 -0.00261646 4.01001)
(0.00283813 -0.00233554 4.00999)
(0.00275485 -0.00189782 4.00983)
(0.0025524 -0.00127013 4.00953)
(0.00250346 -0.000574432 4.00948)
(0.0026276 0.000142117 4.00951)
(0.002541 0.000798318 4.00984)
(0.00232744 0.00131433 4.0103)
(0.0023847 0.00206955 4.01044)
(-0.000101126 -4.21901e-05 2.72142)
(0.000886125 0.000613557 2.74613)
(0.00126085 0.0022407 2.76815)
(0.000416731 0.00327714 2.79467)
(-0.000375895 0.00154656 2.80215)
(-0.000556764 -0.000815019 2.80606)
(-0.000205554 -0.00257155 2.804)
(0.00106254 -0.00339508 2.7859)
(0.00175516 -0.00312038 2.76248)
(0.00186202 -0.00201863 2.72361)
(0.00292771 0.0021343 3.38266)
(0.00256537 0.00219247 3.43142)
(0.00174213 0.000764826 3.46862)
(0.0012926 0.000895111 3.49358)
(0.00088881 0.00203982 3.50354)
(0.000361178 0.002294 3.50467)
(-0.000212892 0.00232285 3.49279)
(-8.545e-05 0.00217039 3.46869)
(0.000220245 0.00132905 3.43425)
(0.000769023 0.000593896 3.38706)
(0.00350455 -2.08817e-05 3.66233)
(0.00345914 0.00133044 3.71563)
(0.00317182 0.00114813 3.75512)
(0.00348404 0.00119966 3.78049)
(0.00347319 0.00246201 3.79103)
(0.00234311 0.00369776 3.79229)
(0.00123138 0.00434579 3.77982)
(0.000611461 0.00424987 3.75502)
(0.000359738 0.00308439 3.71722)
(0.000974661 0.00202871 3.66551)
(0.00352966 -0.00355114 3.85322)
(0.00396049 -0.00204663 3.89821)
(0.00452531 -0.000172389 3.92683)
(0.00494431 0.00110148 3.94193)
(0.00481199 0.00124594 3.94899)
(0.00397066 0.00116769 3.95045)
(0.00328038 0.00216615 3.94294)
(0.00239345 0.00294089 3.92695)
(0.00171321 0.00305604 3.8997)
(0.00176572 0.00321599 3.85476)
(0.00443936 -0.00403413 3.96099)
(0.0045902 -0.00327997 3.98282)
(0.00476173 -0.00228621 3.99521)
(0.00462403 -0.00185902 4.00088)
(0.00429825 -0.00186025 4.00389)
(0.00427573 -0.00158289 4.00397)
(0.00445003 -0.000452284 4.00126)
(0.00397051 0.000820214 3.99545)
(0.00317829 0.00276217 3.98349)
(0.00236459 0.00405636 3.9614)
(0.0048263 -0.00330867 4.00025)
(0.00468825 -0.00274838 4.00889)
(0.00430679 -0.00221279 4.01345)
(0.00397268 -0.00227643 4.01595)
(0.00382858 -0.00194135 4.01677)
(0.00413446 -0.00113231 4.01665)
(0.0044038 -3.51885e-05 4.01558)
(0.00425085 0.00104025 4.01359)
(0.0039394 0.00225958 4.00912)
(0.00311728 0.00297101 4.00094)
(0.00444573 -0.00336388 4.01269)
(0.00424689 -0.0030735 4.01676)
(0.00384848 -0.00206338 4.01825)
(0.00360663 -0.00109065 4.01905)
(0.00357062 -0.000171378 4.01912)
(0.00374057 0.000675162 4.01909)
(0.00382573 0.00126071 4.01877)
(0.00373382 0.00171101 4.01815)
(0.00362932 0.00210631 4.01656)
(0.00320032 0.0023908 4.0135)
(0.00395946 -0.00348828 4.01706)
(0.00373419 -0.00320466 4.01897)
(0.00366524 -0.00245346 4.01949)
(0.00345953 -0.00113283 4.01941)
(0.00325753 -0.000106596 4.01935)
(0.0032155 0.00046822 4.01934)
(0.00322176 0.0008943 4.01948)
(0.00319197 0.00141943 4.01926)
(0.00309615 0.00168527 4.01894)
(0.00306639 0.00209783 4.01762)
(0.00365661 -0.00359458 4.01858)
(0.00315435 -0.00288378 4.01902)
(0.00329434 -0.00272283 4.01935)
(0.00315731 -0.00215893 4.01934)
(0.00282787 -0.00141271 4.01919)
(0.00271415 -0.000749587 4.01909)
(0.00285774 -1.69446e-06 4.01921)
(0.0028604 0.000844701 4.01923)
(0.00264793 0.00145747 4.01933)
(0.00284299 0.00228731 4.01876)
(0.00330695 -0.00360926 4.01892)
(0.00264537 -0.00267181 4.01861)
(0.00267064 -0.00227838 4.01854)
(0.00265836 -0.00196627 4.01863)
(0.00247646 -0.00131461 4.01845)
(0.00241303 -0.000446511 4.01815)
(0.00257819 0.000317995 4.01819)
(0.00256039 0.000890873 4.01862)
(0.00241829 0.00150963 4.0189)
(0.00263814 0.00237908 4.01883)
(-0.001311 -0.0013992 2.72027)
(8.94075e-05 -0.000556792 2.74527)
(0.00123433 0.00262726 2.76863)
(0.000596682 0.00309625 2.78874)
(6.4722e-05 0.00140604 2.79266)
(-0.000256934 0.000194911 2.79843)
(-0.000111167 -0.00221718 2.79879)
(0.0010352 -0.00347183 2.78419)
(0.00143787 -0.00280111 2.76155)
(0.00144151 -0.00196245 2.72507)
(0.00221338 0.00155172 3.3722)
(0.00274335 0.00206235 3.41954)
(0.00189616 0.00182592 3.45488)
(0.00106424 0.00126366 3.48025)
(0.000815081 0.00118497 3.49074)
(0.000477725 0.000500495 3.49176)
(0.000284156 -3.06943e-05 3.47963)
(0.000629556 6.66549e-05 3.45576)
(0.00100237 -0.000279692 3.4217)
(0.00119564 -0.000228965 3.37497)
(0.00279408 -0.000296556 3.64778)
(0.00344674 0.00067741 3.70079)
(0.00259935 0.000786766 3.74077)
(0.00262297 0.000802961 3.76703)
(0.00269989 0.00227265 3.77752)
(0.00181718 0.00325103 3.77866)
(0.00117179 0.00363431 3.76567)
(0.000678622 0.00400935 3.73987)
(0.000273111 0.00340738 3.70041)
(0.000412236 0.00284971 3.64886)
(0.00250554 -0.00383823 3.83973)
(0.003412 -0.00341044 3.88794)
(0.00369383 -0.00152527 3.9197)
(0.00461832 0.000726428 3.93611)
(0.0045701 0.00222368 3.94399)
(0.00343292 0.00289981 3.94508)
(0.0027387 0.0038951 3.93652)
(0.00197283 0.00463524 3.91863)
(0.00117425 0.0044463 3.8873)
(0.0010091 0.00432275 3.83978)
(0.00407872 -0.00317655 3.95635)
(0.00480559 -0.0029795 3.98286)
(0.00503959 -0.00180224 3.99674)
(0.00508738 -0.00109826 4.00354)
(0.0045322 -0.00115147 4.00741)
(0.00417378 -0.000559993 4.0073)
(0.00403986 0.000584613 4.00408)
(0.00380467 0.00131113 3.99739)
(0.00324512 0.00236726 3.98338)
(0.00263074 0.00366316 3.95708)
(0.00478998 -0.00243331 4.00323)
(0.00495544 -0.00211085 4.01388)
(0.00453639 -0.002001 4.01912)
(0.00404793 -0.0023534 4.0224)
(0.00393181 -0.00242837 4.02365)
(0.00420056 -0.00176453 4.02348)
(0.00421586 -0.000855919 4.02239)
(0.00428632 9.9269e-05 4.01994)
(0.00413409 0.00113861 4.01482)
(0.00390827 0.00217146 4.00456)
(0.00431726 -0.00323445 4.01901)
(0.00399356 -0.00307419 4.02354)
(0.00351229 -0.00275884 4.02582)
(0.00332088 -0.00222314 4.02698)
(0.00350854 -0.00151477 4.0272)
(0.0037997 -0.000781912 4.02724)
(0.00376304 -9.90983e-05 4.0269)
(0.00390082 0.000660325 4.02589)
(0.00380641 0.00121801 4.0241)
(0.0039981 0.00193061 4.0199)
(0.00351663 -0.00416279 4.02469)
(0.00318112 -0.00381512 4.02677)
(0.00317937 -0.00303022 4.02767)
(0.00323692 -0.00176184 4.02767)
(0.00316909 -0.000749523 4.02771)
(0.0032196 -0.000252619 4.0278)
(0.00325461 0.000248464 4.02799)
(0.00338885 0.000993367 4.02742)
(0.00323034 0.00154103 4.02699)
(0.00362303 0.00231131 4.02496)
(0.00305834 -0.00420777 4.02673)
(0.00286161 -0.00341971 4.02738)
(0.00305037 -0.00284673 4.02761)
(0.00310766 -0.00215197 4.02765)
(0.00282079 -0.00129762 4.02766)
(0.00275454 -0.000519538 4.02747)
(0.00294148 0.00033325 4.02768)
(0.00304251 0.00124354 4.02754)
(0.00281887 0.00196366 4.0275)
(0.00317488 0.0027385 4.02662)
(0.00291683 -0.00362903 4.02716)
(0.00268625 -0.00256996 4.02713)
(0.00264945 -0.00201901 4.02691)
(0.00271292 -0.00166567 4.02707)
(0.00261923 -0.000985358 4.027)
(0.00256192 -6.61557e-05 4.02662)
(0.00269371 0.000704528 4.02673)
(0.00276551 0.00124976 4.02717)
(0.00263573 0.00187142 4.0273)
(0.00280242 0.00266462 4.02708)
(-0.00166751 -0.00205338 2.71628)
(-0.000456224 -0.000693804 2.74979)
(0.000859908 0.00243195 2.77266)
(0.000722284 0.0022102 2.78122)
(0.000457988 0.00141951 2.78417)
(-4.2076e-05 0.00155943 2.79002)
(-0.000158062 -0.000682709 2.79033)
(0.000428129 -0.00234843 2.78342)
(0.000659718 -0.00185815 2.76239)
(0.00104612 -0.00187581 2.72743)
(0.000986718 -0.000295788 3.36362)
(0.0021433 0.00120154 3.40947)
(0.00172011 0.00241938 3.44307)
(0.000824959 0.0011683 3.46815)
(0.000799741 -0.000461022 3.47982)
(0.000857737 -0.0016616 3.48016)
(0.00100512 -0.00234909 3.46794)
(0.00120928 -0.00220952 3.44492)
(0.00154514 -0.0017639 3.41077)
(0.00142315 -0.00103243 3.3652)
(0.00163769 -0.00170491 3.6349)
(0.00257799 -0.00112215 3.68742)
(0.00176207 -0.000632225 3.72728)
(0.00157808 -0.000397928 3.75406)
(0.00183355 0.000608923 3.76525)
(0.00182016 0.000694657 3.7659)
(0.00190057 0.000660279 3.75246)
(0.00145815 0.00170331 3.72619)
(0.000937981 0.00249956 3.68529)
(0.000304874 0.00262198 3.63479)
(0.00154379 -0.00444539 3.82657)
(0.00269158 -0.0045071 3.87693)
(0.00288033 -0.00285765 3.91144)
(0.00390039 -0.000291882 3.92997)
(0.00386859 0.00213909 3.9386)
(0.00304326 0.00329822 3.9388)
(0.00279078 0.00381858 3.92921)
(0.00239022 0.00434498 3.90967)
(0.00174574 0.00440342 3.87452)
(0.000884783 0.0041129 3.82598)
(0.00328439 -0.00335275 3.9509)
(0.00446341 -0.0035942 3.98204)
(0.00483971 -0.00211848 3.99767)
(0.00517582 -0.000783516 4.00574)
(0.00453339 -0.000125167 4.01011)
(0.0039689 0.00106488 4.00967)
(0.00361502 0.00208849 4.00593)
(0.00361237 0.00238589 3.99803)
(0.00355259 0.0023409 3.98181)
(0.00298502 0.00287809 3.95177)
(0.00418509 -0.00234796 4.00569)
(0.00476341 -0.00254516 4.01886)
(0.00459401 -0.00246948 4.02467)
(0.0043088 -0.00249469 4.02839)
(0.00424262 -0.00227607 4.03002)
(0.00423912 -0.00122308 4.02961)
(0.00389344 -0.000321414 4.02846)
(0.00399749 0.000567215 4.02544)
(0.00397067 0.0012212 4.01957)
(0.00405975 0.00205036 4.00707)
(0.00375286 -0.00319159 4.02504)
(0.0037462 -0.00321089 4.03018)
(0.00349399 -0.00336745 4.03312)
(0.0034632 -0.00320399 4.0346)
(0.00388905 -0.002665 4.03508)
(0.00407508 -0.00185906 4.03508)
(0.00381636 -0.000924243 4.03469)
(0.003979 0.000230586 4.03325)
(0.00377811 0.00104291 4.03112)
(0.00412209 0.00208037 4.02569)
(0.00299256 -0.00404026 4.0321)
(0.00295543 -0.0037535 4.03428)
(0.00298459 -0.00314867 4.0355)
(0.00327949 -0.00227129 4.0358)
(0.00349562 -0.00147509 4.03597)
(0.00360019 -0.00103202 4.03618)
(0.00356645 -0.000324927 4.03625)
(0.00369618 0.00069667 4.03547)
(0.00342643 0.00152288 4.03473)
(0.00379655 0.00256266 4.03203)
(0.00244745 -0.00415413 4.03468)
(0.00283313 -0.00352127 4.03562)
(0.00296851 -0.00239692 4.03567)
(0.00322232 -0.00151106 4.03572)
(0.00312667 -0.000660257 4.03583)
(0.00310967 8.84304e-05 4.03575)
(0.00321808 0.000869456 4.03595)
(0.00327985 0.00162168 4.03578)
(0.00306298 0.0022777 4.03554)
(0.00330704 0.00297455 4.03441)
(0.0022958 -0.00317785 4.03525)
(0.00293529 -0.00261294 4.03563)
(0.00283803 -0.00182472 4.03529)
(0.00296254 -0.00126774 4.0353)
(0.00294741 -0.000533412 4.0353)
(0.00290168 0.000338255 4.03511)
(0.00286324 0.00103849 4.0353)
(0.00290512 0.00153573 4.03558)
(0.002837 0.00213086 4.03564)
(0.00287361 0.00274627 4.03535)
(-0.00157108 -0.00219515 2.71195)
(-0.000878487 -0.000578338 2.75607)
(-0.000157895 0.000702786 2.7765)
(0.000477964 8.6881e-05 2.77488)
(0.000697557 0.00112995 2.77845)
(0.000116611 0.00256623 2.7827)
(-0.000289918 0.00129249 2.78076)
(-0.000433951 -0.000463362 2.78249)
(-0.000228959 -0.00077048 2.76312)
(0.0009473 -0.00191756 2.7276)
(-0.000277106 -0.00226598 3.35632)
(0.00109673 0.000106577 3.40137)
(0.00115748 0.00219864 3.43337)
(0.000765059 0.000644498 3.45662)
(0.000936169 -0.001892 3.46969)
(0.00119111 -0.00328011 3.46914)
(0.00158602 -0.00390781 3.45729)
(0.00154199 -0.00385754 3.43577)
(0.00162633 -0.00262374 3.40214)
(0.00130436 -0.00145412 3.35751)
(0.000361859 -0.0035195 3.62382)
(0.00135539 -0.00298861 3.67551)
(0.00103776 -0.00193176 3.71452)
(0.000919989 -0.00160417 3.74108)
(0.00133405 -0.00180157 3.75373)
(0.00208114 -0.00237352 3.75353)
(0.00273585 -0.00236838 3.73998)
(0.00234293 -0.000955342 3.71373)
(0.00161625 0.00117707 3.67241)
(0.000357676 0.00185017 3.6235)
(0.000591717 -0.00534304 3.81431)
(0.00173395 -0.00552117 3.86565)
(0.00211816 -0.00430749 3.90218)
(0.00295457 -0.00212686 3.92336)
(0.00319293 0.000526323 3.93267)
(0.00311733 0.00204139 3.932)
(0.0032877 0.002226 3.92147)
(0.00323994 0.00264292 3.90018)
(0.00271027 0.00316228 3.86243)
(0.00124948 0.00277882 3.81378)
(0.00212229 -0.00442912 3.945)
(0.00356243 -0.00483036 3.98)
(0.00425161 -0.00308571 3.9983)
(0.00487741 -0.000968929 4.0076)
(0.00454101 0.0006372 4.01215)
(0.00396474 0.00212723 4.01158)
(0.00353156 0.00296982 4.00722)
(0.00358787 0.00302248 3.99758)
(0.003828 0.0021648 3.97906)
(0.00318034 0.00199886 3.94563)
(0.00323455 -0.00279324 4.00748)
(0.00421484 -0.00361999 4.0235)
(0.00460504 -0.00322857 4.03031)
(0.00476515 -0.0023182 4.03406)
(0.00461349 -0.00143118 4.03596)
(0.00430948 4.33488e-06 4.03541)
(0.00376446 0.0011121 4.03404)
(0.0034978 0.00185967 4.03042)
(0.00343083 0.00208822 4.02359)
(0.00354675 0.00260425 4.00861)
(0.00313259 -0.00288521 4.03058)
(0.00361188 -0.00308216 4.03678)
(0.00387872 -0.0036236 4.04019)
(0.00413913 -0.00358352 4.042)
(0.00441029 -0.00292578 4.04275)
(0.00440317 -0.00193546 4.04256)
(0.00399077 -0.000957313 4.04216)
(0.00382641 0.000100941 4.04054)
(0.00359293 0.00111486 4.03782)
(0.00367833 0.00244195 4.03114)
(0.00261607 -0.00380487 4.03922)
(0.00297595 -0.00323348 4.04169)
(0.00319619 -0.00286595 4.04313)
(0.00364871 -0.00273765 4.04397)
(0.00402227 -0.00230077 4.04431)
(0.00411197 -0.00167069 4.04449)
(0.00382111 -0.000847432 4.04437)
(0.00373467 0.000167759 4.04363)
(0.00361225 0.00131398 4.04242)
(0.0035903 0.00257374 4.03917)
(0.00217892 -0.00399124 4.04244)
(0.00291771 -0.0034563 4.04374)
(0.00304444 -0.00214533 4.0438)
(0.00333465 -0.00122127 4.04391)
(0.00359663 -0.000542659 4.04409)
(0.00363916 0.000107226 4.04426)
(0.00334797 0.000709702 4.04441)
(0.00331815 0.00136487 4.04423)
(0.00334907 0.00221229 4.04374)
(0.00322008 0.0029016 4.0424)
(0.00207843 -0.00307234 4.04329)
(0.00301477 -0.00285636 4.04409)
(0.00309381 -0.0020078 4.04388)
(0.00314245 -0.00110008 4.04363)
(0.00326792 -0.00038693 4.04368)
(0.00319249 0.000155105 4.04387)
(0.00288688 0.000653068 4.04414)
(0.00294812 0.00130732 4.04413)
(0.0030502 0.00195712 4.04414)
(0.00291046 0.00241532 4.04384)
(-0.00229801 -0.00318935 2.70924)
(-0.00173518 -0.00189864 2.76019)
(-0.00156581 -0.00241073 2.77791)
(-0.000300319 -0.00281126 2.77262)
(0.00049611 -0.000391306 2.77759)
(0.000312738 0.00180661 2.77769)
(-0.000239593 0.00214904 2.77273)
(-0.000972911 0.000850848 2.78092)
(-0.000586747 -0.000467849 2.76316)
(0.00120618 -0.00216147 2.72472)
(-0.00154854 -0.00394739 3.34965)
(-0.000250895 -0.00161175 3.39522)
(0.000282599 0.00042795 3.42503)
(0.000747785 -0.000327213 3.44564)
(0.0010494 -0.00210381 3.45915)
(0.00128277 -0.00310483 3.45861)
(0.00163503 -0.00382831 3.44752)
(0.00142256 -0.00410226 3.42771)
(0.0011085 -0.00237433 3.39566)
(0.000668205 -0.000893806 3.35089)
(-0.00076981 -0.00497847 3.61423)
(0.000359022 -0.00405502 3.66479)
(0.000815547 -0.00252837 3.70215)
(0.000934035 -0.00236658 3.72797)
(0.00134157 -0.00375085 3.74209)
(0.0023291 -0.00460026 3.7413)
(0.00309517 -0.00437354 3.72822)
(0.00286497 -0.00281003 3.70226)
(0.00194012 0.000105448 3.66234)
(0.000483082 0.00121353 3.61442)
(-0.000403168 -0.0063968 3.80293)
(0.00077586 -0.00661533 3.85464)
(0.00157565 -0.00576668 3.89229)
(0.00208009 -0.00439893 3.91569)
(0.00275036 -0.00267346 3.92589)
(0.00349851 -0.0012285 3.92486)
(0.00396041 -0.000635073 3.91373)
(0.00415532 0.000386315 3.89032)
(0.0033926 0.00148313 3.85214)
(0.00180459 0.00136224 3.80296)
(0.000847583 -0.00577242 3.93841)
(0.00230645 -0.00645468 3.97666)
(0.00344135 -0.00501836 3.99829)
(0.00416243 -0.00242497 4.00916)
(0.00441412 -0.000123987 4.01375)
(0.00425806 0.00145963 4.01353)
(0.0039889 0.00238581 4.00841)
(0.00413639 0.00251634 3.99653)
(0.00410385 0.0012691 3.976)
(0.00353991 0.000893381 3.93922)
(0.00221191 -0.0036312 4.0084)
(0.00335968 -0.00451436 4.02723)
(0.00445877 -0.00416786 4.03588)
(0.0050502 -0.00234339 4.03969)
(0.00483645 -0.000618346 4.04171)
(0.00444284 0.000775889 4.04144)
(0.00397997 0.00182588 4.03976)
(0.00352624 0.00206897 4.03541)
(0.00334028 0.00172383 4.02761)
(0.00343689 0.0023624 4.00981)
(0.00257033 -0.00318015 4.03558)
(0.00343365 -0.00283021 4.04323)
(0.00430719 -0.00327068 4.04713)
(0.0048591 -0.00328752 4.04931)
(0.00479748 -0.00244047 4.05028)
(0.00447212 -0.0012623 4.05001)
(0.00400361 -0.000484776 4.04959)
(0.00357951 3.38733e-05 4.04802)
(0.00344814 0.00100636 4.04459)
(0.00340121 0.00251069 4.03674)
(0.0024516 -0.00423594 4.04606)
(0.00309631 -0.00312786 4.04918)
(0.00349709 -0.00274222 4.05086)
(0.00406281 -0.00303239 4.05227)
(0.00443393 -0.00282168 4.05281)
(0.0043077 -0.0019648 4.05283)
(0.00373846 -0.00108491 4.0526)
(0.0034361 -0.000263096 4.05208)
(0.00360893 0.00108264 4.05035)
(0.00335509 0.00249919 4.04668)
(0.00228759 -0.00459906 4.05007)
(0.00306374 -0.00388637 4.05184)
(0.00314464 -0.00256398 4.0522)
(0.00340759 -0.00179052 4.05254)
(0.00382808 -0.00145849 4.05288)
(0.00382675 -0.00111958 4.05325)
(0.00329913 -0.000735302 4.05337)
(0.00320701 1.41221e-05 4.05317)
(0.00359856 0.00131787 4.05238)
(0.00321554 0.00225837 4.05084)
(0.00218753 -0.00388989 4.05137)
(0.00305674 -0.00377744 4.05252)
(0.00318197 -0.00296883 4.05268)
(0.00307593 -0.00194731 4.05241)
(0.00313694 -0.00138321 4.05254)
(0.00307269 -0.0011184 4.05309)
(0.0027755 -0.000658603 4.05336)
(0.0029177 0.000194593 4.05314)
(0.00334679 0.00105057 4.05308)
(0.00306239 0.00147023 4.05273)
(-0.00469664 -0.00604836 2.70678)
(-0.00395121 -0.00578578 2.76097)
(-0.00342144 -0.00735729 2.7769)
(-0.00170371 -0.00697081 2.77509)
(-0.00025166 -0.00412508 2.78162)
(0.000489032 -0.00143502 2.77743)
(0.000102057 0.00113504 2.76975)
(-0.000892799 0.000904751 2.77898)
(-0.000125602 -0.00136944 2.76253)
(0.00188381 -0.0026898 2.72118)
(-0.00338049 -0.0060342 3.34338)
(-0.00241168 -0.0045003 3.38997)
(-0.00101543 -0.00352488 3.41765)
(0.000359937 -0.00265908 3.43605)
(0.000934785 -0.00228381 3.44868)
(0.00127416 -0.00198255 3.44881)
(0.00133884 -0.0024804 3.43871)
(0.000897835 -0.00308892 3.42059)
(0.000284428 -0.00161274 3.39101)
(0.00018232 -0.000143325 3.34553)
(-0.00204011 -0.006363 3.60575)
(-0.000849528 -0.00473258 3.65517)
(0.000695805 -0.00347977 3.69053)
(0.00128812 -0.00350506 3.71518)
(0.00178556 -0.0048647 3.72974)
(0.00260733 -0.00507727 3.72921)
(0.00283728 -0.00483362 3.71725)
(0.00277937 -0.00349615 3.69204)
(0.00163202 -0.000594504 3.65513)
(0.000485884 0.000794765 3.60725)
(-0.00152543 -0.00776573 3.79217)
(-0.000439811 -0.00763447 3.84418)
(0.00110065 -0.00710848 3.88207)
(0.00173677 -0.00658293 3.90655)
(0.0028655 -0.00611359 3.91772)
(0.00416809 -0.00507509 3.91732)
(0.00435422 -0.00383755 3.90624)
(0.0046635 -0.00188411 3.88082)
(0.00345463 -0.000338755 3.84414)
(0.00219319 0.000177805 3.7939)
(-0.000456253 -0.00739439 3.93084)
(0.000784799 -0.00805413 3.97216)
(0.00246961 -0.00725428 3.99718)
(0.00349301 -0.00503098 4.01008)
(0.00435328 -0.0028213 4.01497)
(0.00484921 -0.00168785 4.0156)
(0.00484565 -0.000628037 4.00988)
(0.00508325 0.000247882 3.99551)
(0.00434796 -0.00058503 3.97334)
(0.00398669 -0.000592368 3.93353)
(0.00115382 -0.00509949 4.0082)
(0.00234648 -0.00523223 4.02991)
(0.00394466 -0.00494585 4.04094)
(0.00486542 -0.00307806 4.04545)
(0.00478341 -0.00128917 4.04771)
(0.00457129 -0.000425004 4.0482)
(0.00459224 0.000446289 4.04622)
(0.00430015 0.000582352 4.04085)
(0.00370309 -6.71191e-05 4.03203)
(0.00385485 0.000769521 4.01143)
(0.0019805 -0.00476302 4.04008)
(0.00294282 -0.00345048 4.04949)
(0.00423043 -0.00328531 4.05418)
(0.00495356 -0.00294459 4.05674)
(0.00458352 -0.00204592 4.05797)
(0.0041814 -0.00110459 4.05804)
(0.00415159 -0.000549035 4.05745)
(0.00376546 -0.000488907 4.05588)
(0.00343551 0.000215973 4.05183)
(0.00337325 0.0017609 4.04286)
(0.00221079 -0.00595741 4.05263)
(0.00286108 -0.00428684 4.05687)
(0.00344719 -0.00370298 4.059)
(0.00403745 -0.00395353 4.06083)
(0.00419624 -0.00355003 4.06158)
(0.00392494 -0.00243909 4.06152)
(0.00361192 -0.00170125 4.0613)
(0.0034126 -0.00127239 4.06098)
(0.00364203 -8.97847e-06 4.0589)
(0.00327017 0.00141567 4.05485)
(0.00228039 -0.0063887 4.0576)
(0.00276545 -0.00545363 4.06006)
(0.0028498 -0.0043834 4.06103)
(0.00314315 -0.00387821 4.06176)
(0.00357708 -0.00370585 4.06232)
(0.00351568 -0.00332868 4.06272)
(0.00312371 -0.00282867 4.06281)
(0.00321584 -0.00195437 4.06267)
(0.00373537 -0.000600509 4.06172)
(0.00330842 0.000400259 4.05996)
(0.00220507 -0.00576265 4.05958)
(0.00261337 -0.00536024 4.06107)
(0.00267127 -0.00464658 4.06167)
(0.00258953 -0.00380982 4.06178)
(0.00267349 -0.00341002 4.06212)
(0.0026975 -0.00322171 4.06276)
(0.00263413 -0.00267729 4.06298)
(0.00292282 -0.00166088 4.06279)
(0.00337379 -0.000775904 4.06271)
(0.00317676 -0.000349475 4.06216)
(-0.00834191 -0.010669 2.70019)
(-0.00741472 -0.0115983 2.75915)
(-0.00579082 -0.013687 2.77499)
(-0.00338839 -0.0124839 2.78144)
(-0.00120903 -0.00959834 2.79018)
(0.00053717 -0.00634338 2.78482)
(0.000692301 -0.00218019 2.77452)
(0.000113789 -0.00108612 2.77758)
(0.00110426 -0.00304068 2.76217)
(0.00260816 -0.00335652 2.72067)
(-0.00607297 -0.00950747 3.33839)
(-0.00538558 -0.00864812 3.38512)
(-0.00308628 -0.00901036 3.41202)
(-0.000670442 -0.0070312 3.42908)
(0.00060939 -0.00440975 3.44035)
(0.00120421 -0.0023211 3.44093)
(0.00100634 -0.00186294 3.43162)
(0.000522191 -0.002044 3.41515)
(-3.06524e-05 -0.0012871 3.38775)
(0.000390791 -0.000444015 3.34267)
(-0.0044875 -0.00943967 3.59856)
(-0.00318531 -0.00723477 3.64692)
(-0.000433475 -0.00618723 3.6808)
(0.00131611 -0.00559892 3.70387)
(0.00227324 -0.00555234 3.71788)
(0.00266697 -0.00446319 3.71827)
(0.00224383 -0.00406237 3.70756)
(0.00218058 -0.00316786 3.68394)
(0.000951892 -0.00102097 3.65012)
(0.000325766 0.000132898 3.60246)
(-0.00328581 -0.0102536 3.78218)
(-0.00206452 -0.00913567 3.83418)
(0.000366526 -0.00858099 3.87211)
(0.00173502 -0.0085673 3.89671)
(0.00333609 -0.00873256 3.90881)
(0.00454838 -0.00783817 3.90974)
(0.00428072 -0.00621445 3.89915)
(0.00444472 -0.00365858 3.87297)
(0.00292251 -0.00179171 3.83808)
(0.00194113 -0.000941593 3.78745)
(-0.00217356 -0.0103813 3.92265)
(-0.000938836 -0.0102762 3.96683)
(0.00127699 -0.00971211 3.99513)
(0.00287327 -0.00834942 4.01028)
(0.00440621 -0.00679442 4.01612)
(0.00533912 -0.00615098 4.01772)
(0.00545512 -0.00495854 4.01172)
(0.00575636 -0.00319498 3.99531)
(0.00449596 -0.00310422 3.97162)
(0.0040128 -0.00257605 3.92938)
(-0.000268346 -0.00829972 4.00711)
(0.00114354 -0.00722223 4.03207)
(0.00288674 -0.00638459 4.04555)
(0.00404743 -0.00504142 4.0516)
(0.00437132 -0.00407955 4.05451)
(0.00461254 -0.00418998 4.05596)
(0.00519658 -0.00355228 4.05378)
(0.0053502 -0.00282404 4.04734)
(0.00431055 -0.00298486 4.03712)
(0.0042776 -0.0019404 4.01389)
(0.000775167 -0.00837777 4.04442)
(0.00201343 -0.00637763 4.05599)
(0.00324971 -0.00528377 4.06174)
(0.00391333 -0.00447805 4.06483)
(0.00361105 -0.00374011 4.06644)
(0.00363947 -0.00321749 4.06729)
(0.0043868 -0.00251202 4.06646)
(0.00439589 -0.00218707 4.06456)
(0.00367422 -0.00167355 4.06003)
(0.00344098 -0.000383887 4.04991)
(0.00115126 -0.0095103 4.05927)
(0.00196 -0.00790849 4.06509)
(0.00264519 -0.00695538 4.06793)
(0.00314526 -0.00640228 4.06997)
(0.00311877 -0.00546979 4.07094)
(0.00314382 -0.00424021 4.07112)
(0.00367551 -0.00349109 4.07097)
(0.0038251 -0.00320412 4.07067)
(0.00369785 -0.00243253 4.06848)
(0.00332161 -0.00129861 4.06409)
(0.00145083 -0.0095196 4.06536)
(0.00166702 -0.00847613 4.06867)
(0.00199486 -0.00801752 4.07053)
(0.00242638 -0.00757766 4.07172)
(0.00273294 -0.00693715 4.07249)
(0.00279395 -0.00604881 4.07281)
(0.00306872 -0.00522137 4.07289)
(0.00336103 -0.00447186 4.07297)
(0.00360797 -0.00358237 4.07207)
(0.00331066 -0.00261799 4.07002)
(0.00147344 -0.009835 4.06822)
(0.00134589 -0.0086635 4.07012)
(0.00152556 -0.00780744 4.0712)
(0.00176685 -0.00722681 4.07193)
(0.00198603 -0.00682305 4.07255)
(0.00219882 -0.00628935 4.07305)
(0.00254181 -0.00544686 4.07326)
(0.00281899 -0.00448923 4.07337)
(0.00305197 -0.0038193 4.0733)
(0.00311192 -0.00325579 4.07246)
(-0.0134438 -0.0176305 2.68465)
(-0.011777 -0.0191236 2.75618)
(-0.00846936 -0.0206178 2.77514)
(-0.00494674 -0.0185352 2.79057)
(-0.0021286 -0.0158771 2.80244)
(0.000446523 -0.0128579 2.7987)
(0.00176693 -0.00844118 2.78598)
(0.00223441 -0.00581331 2.77977)
(0.00314444 -0.00551817 2.76445)
(0.0032139 -0.00393047 2.72603)
(-0.0102948 -0.0156143 3.33483)
(-0.00920704 -0.0151445 3.3809)
(-0.00595399 -0.0160695 3.40911)
(-0.00240779 -0.0136342 3.42651)
(-0.000188726 -0.00938303 3.43771)
(0.000884138 -0.00529655 3.43799)
(0.000901692 -0.00326639 3.42847)
(0.000834635 -0.00242127 3.41305)
(0.000755963 -0.00201279 3.38716)
(0.00135827 -0.00183814 3.34347)
(-0.00857324 -0.015084 3.5932)
(-0.00681504 -0.0129423 3.64046)
(-0.00291661 -0.0118574 3.67423)
(0.000353515 -0.0099543 3.69623)
(0.00202905 -0.0076759 3.70938)
(0.00230228 -0.00514572 3.71083)
(0.00175009 -0.00405239 3.70078)
(0.0016516 -0.00304475 3.67922)
(0.000689025 -0.00175424 3.64778)
(0.000540514 -0.00125317 3.60093)
(-0.00641582 -0.0149571 3.77383)
(-0.00436828 -0.0125683 3.82533)
(-0.000839102 -0.01135 3.86383)
(0.00155595 -0.0109099 3.88829)
(0.00328211 -0.0106203 3.9013)
(0.00406747 -0.00942554 3.90343)
(0.00382783 -0.00758826 3.89325)
(0.00375531 -0.00493733 3.86825)
(0.00226378 -0.00308375 3.8344)
(0.00148581 -0.00234903 3.78436)
(-0.00469505 -0.0154673 3.91489)
(-0.00282404 -0.0137734 3.96162)
(-0.000159979 -0.0130802 3.99319)
(0.00198056 -0.0128447 4.01065)
(0.00391771 -0.0119218 4.01824)
(0.0051142 -0.0110324 4.02033)
(0.00558381 -0.00938874 4.0142)
(0.00580934 -0.00710479 3.99712)
(0.00455929 -0.00606483 3.97161)
(0.00378002 -0.0050195 3.92741)
(-0.00249593 -0.0145288 4.00622)
(-0.000681988 -0.0120061 4.03481)
(0.000943389 -0.0102585 4.05085)
(0.00234357 -0.00957878 4.05901)
(0.00348445 -0.00939404 4.06296)
(0.00444729 -0.00963171 4.06492)
(0.00542505 -0.00887608 4.06263)
(0.00589564 -0.00760058 4.05565)
(0.00501654 -0.00674993 4.04358)
(0.00458662 -0.00528959 4.01769)
(-0.00135316 -0.015118 4.04959)
(0.000206339 -0.0125481 4.06377)
(0.00118042 -0.0103477 4.0707)
(0.00180527 -0.00883761 4.07454)
(0.00225878 -0.0082037 4.07673)
(0.00319652 -0.00796675 4.07832)
(0.00449264 -0.00687616 4.07746)
(0.0048208 -0.00563228 4.075)
(0.00414927 -0.00470734 4.06994)
(0.0036915 -0.00371886 4.05858)
(-0.000827586 -0.0159349 4.06714)
(0.000130298 -0.0142663 4.07467)
(0.000974521 -0.0127462 4.07845)
(0.00144288 -0.0108448 4.08056)
(0.00162305 -0.0091254 4.08181)
(0.00238013 -0.00781893 4.08249)
(0.00376699 -0.00673292 4.08252)
(0.00413449 -0.00602308 4.08198)
(0.00377274 -0.00555146 4.07979)
(0.00336713 -0.00494687 4.075)
(-0.000380974 -0.0158462 4.07458)
(-0.000163493 -0.0142685 4.07876)
(0.00062819 -0.0137451 4.08149)
(0.00126067 -0.0127788 4.08308)
(0.00153161 -0.0112198 4.08397)
(0.00204232 -0.00954489 4.08431)
(0.00306667 -0.00827884 4.08454)
(0.00340977 -0.0076368 4.08485)
(0.00331132 -0.00713184 4.08406)
(0.00312242 -0.00626436 4.08167)
(-0.000165518 -0.016393 4.07832)
(-0.000419008 -0.0145887 4.08072)
(8.60075e-05 -0.0135528 4.08232)
(0.000817792 -0.0127678 4.0836)
(0.00130737 -0.0117194 4.08442)
(0.0018124 -0.0103475 4.08477)
(0.00243146 -0.0090473 4.08509)
(0.00256875 -0.00818265 4.08562)
(0.00264218 -0.00750679 4.08557)
(0.00277206 -0.00666883 4.08438)
(-0.0209006 -0.0276524 2.66017)
(-0.0172341 -0.028687 2.75358)
(-0.0115394 -0.0284317 2.78088)
(-0.00631537 -0.0248398 2.80239)
(-0.00299997 -0.0222162 2.81774)
(0.000340235 -0.0201196 2.81697)
(0.00313598 -0.0159543 2.80298)
(0.00459276 -0.0115846 2.78991)
(0.00521008 -0.00850177 2.77397)
(0.00394746 -0.00479076 2.73909)
(-0.016437 -0.0248376 3.33198)
(-0.0139151 -0.0241623 3.37804)
(-0.00926303 -0.0246239 3.40993)
(-0.00460806 -0.0218247 3.42955)
(-0.00163321 -0.0168782 3.44241)
(0.000461619 -0.0114784 3.443)
(0.0015342 -0.00737663 3.43195)
(0.00185361 -0.00489784 3.41645)
(0.00209742 -0.00413726 3.39164)
(0.00270375 -0.00383616 3.34908)
(-0.0141779 -0.0237271 3.58973)
(-0.0114082 -0.0215662 3.63635)
(-0.00640956 -0.0203475 3.67178)
(-0.00173879 -0.017252 3.69425)
(0.000711346 -0.0126632 3.70734)
(0.00161357 -0.00854022 3.70944)
(0.00188377 -0.00618187 3.69919)
(0.00168844 -0.00458799 3.67958)
(0.0010341 -0.00376075 3.65005)
(0.00142155 -0.00352623 3.60388)
(-0.0110757 -0.0228301 3.7674)
(-0.00770837 -0.019108 3.81892)
(-0.00311126 -0.0169033 3.85881)
(0.000648226 -0.0151644 3.88388)
(0.00235949 -0.0130479 3.89811)
(0.00292686 -0.0108409 3.90087)
(0.00330927 -0.00875084 3.8906)
(0.0029908 -0.0065958 3.86799)
(0.0017948 -0.00520216 3.83474)
(0.0015245 -0.00447652 3.78535)
(-0.00821562 -0.0233474 3.90843)
(-0.00518138 -0.0194236 3.9577)
(-0.0019642 -0.0178213 3.99272)
(0.000913947 -0.0179156 4.01279)
(0.00277833 -0.0170498 4.02278)
(0.00403412 -0.0153386 4.02478)
(0.00507899 -0.013215 4.01829)
(0.00517947 -0.0111259 4.00194)
(0.00427787 -0.00925651 3.97438)
(0.00346141 -0.00740175 3.92845)
(-0.00581116 -0.0244085 4.00634)
(-0.00326055 -0.0200058 4.03897)
(-0.00168977 -0.0172669 4.05821)
(0.000251879 -0.0170228 4.06884)
(0.00222595 -0.0167227 4.07403)
(0.00385544 -0.0156354 4.07573)
(0.00495145 -0.0140439 4.07338)
(0.0053485 -0.0124631 4.0665)
(0.00525822 -0.0106117 4.0524)
(0.00467015 -0.00875211 4.02382)
(-0.00424546 -0.0253874 4.05633)
(-0.00237122 -0.0219748 4.07367)
(-0.00163832 -0.018444 4.08224)
(-0.000573597 -0.016129 4.08707)
(0.0010646 -0.0152071 4.08996)
(0.00289146 -0.0145124 4.09169)
(0.00418967 -0.0128575 4.09118)
(0.00449274 -0.0106171 4.08838)
(0.00429136 -0.00882789 4.08253)
(0.00389638 -0.00802152 4.06979)
(-0.00339932 -0.0255671 4.07732)
(-0.00222156 -0.0233039 4.08655)
(-0.00131659 -0.0208613 4.09147)
(-0.000643414 -0.017729 4.0938)
(0.000339361 -0.0153392 4.09545)
(0.00193542 -0.0137564 4.09667)
(0.00355464 -0.0121025 4.09697)
(0.00398001 -0.0104543 4.09613)
(0.00353864 -0.0094918 4.09382)
(0.0031851 -0.00897476 4.08837)
(-0.00277999 -0.0254173 4.08646)
(-0.0023417 -0.0230995 4.09156)
(-0.00114592 -0.0217123 4.09498)
(-0.000253699 -0.0195256 4.09682)
(0.000411384 -0.0168959 4.09788)
(0.00148993 -0.014545 4.09852)
(0.00283952 -0.0127823 4.09903)
(0.00318705 -0.0117814 4.09942)
(0.00285268 -0.0111975 4.09871)
(0.00271563 -0.0101468 4.09594)
(-0.00235917 -0.0259078 4.09099)
(-0.00229916 -0.0233682 4.094)
(-0.00125847 -0.0216628 4.09616)
(-0.000145991 -0.0200114 4.09774)
(0.000703058 -0.0179359 4.0987)
(0.00144985 -0.0156539 4.09915)
(0.00213804 -0.013869 4.09974)
(0.00221686 -0.0128166 4.10059)
(0.00212265 -0.0118384 4.10057)
(0.00227352 -0.010435 4.09903)
(-0.0311809 -0.0404357 2.63821)
(-0.0238746 -0.0399195 2.75494)
(-0.0153831 -0.0376968 2.79566)
(-0.00782706 -0.0321291 2.8196)
(-0.00359682 -0.028561 2.83669)
(0.0003089 -0.0271045 2.83979)
(0.00440327 -0.023252 2.82626)
(0.00665529 -0.0170996 2.80979)
(0.00680606 -0.0118113 2.79433)
(0.00537939 -0.00697718 2.76012)
(-0.0253946 -0.0375293 3.33117)
(-0.0198548 -0.0355041 3.37921)
(-0.0132074 -0.0345159 3.41607)
(-0.00704898 -0.0311307 3.43936)
(-0.00321664 -0.0261197 3.45463)
(6.34265e-05 -0.0203999 3.45661)
(0.00266083 -0.0142707 3.44419)
(0.00349963 -0.00966914 3.42755)
(0.00374224 -0.00810661 3.40401)
(0.00437137 -0.00691436 3.36139)
(-0.0220171 -0.0360656 3.58969)
(-0.0170719 -0.0328086 3.63645)
(-0.0107725 -0.0305738 3.67496)
(-0.0046987 -0.0265736 3.69966)
(-0.00133727 -0.0205661 3.71415)
(0.000763445 -0.0151909 3.71661)
(0.00248924 -0.011146 3.70551)
(0.00241374 -0.00858939 3.6871)
(0.00195276 -0.00772433 3.65895)
(0.00284218 -0.00679621 3.61279)
(-0.0177937 -0.0347572 3.76518)
(-0.0125263 -0.0292171 3.81695)
(-0.00683562 -0.0255665 3.85937)
(-0.00172734 -0.0222682 3.88635)
(0.000359594 -0.0182894 3.90221)
(0.00145023 -0.0148637 3.90494)
(0.00303282 -0.0120412 3.8942)
(0.00264078 -0.00998286 3.87386)
(0.00168887 -0.00864811 3.84078)
(0.00206445 -0.00738958 3.79173)
(-0.0139384 -0.0356182 3.9057)
(-0.00914325 -0.0291189 3.95714)
(-0.0048895 -0.0254601 3.99616)
(-0.00119571 -0.0241612 4.01927)
(0.000630325 -0.0223282 4.03166)
(0.00223024 -0.0193185 4.03328)
(0.0040729 -0.0165137 4.02618)
(0.00415754 -0.0149236 4.01082)
(0.00366439 -0.0126377 3.98125)
(0.00312773 -0.00998983 3.93412)
(-0.0112028 -0.0382345 4.00915)
(-0.00726059 -0.0319963 4.04619)
(-0.00490513 -0.0276899 4.0695)
(-0.00231941 -0.02639 4.08272)
(0.000270439 -0.0246875 4.08898)
(0.00248852 -0.0214885 4.09003)
(0.0038036 -0.0188146 4.08757)
(0.0040757 -0.0172135 4.08093)
(0.00475664 -0.0147698 4.06476)
(0.004456 -0.0124113 4.03353)
(-0.00886823 -0.0389331 4.06627)
(-0.00621898 -0.0345526 4.08719)
(-0.00501147 -0.0302236 4.09815)
(-0.00313135 -0.0269861 4.10412)
(-0.000184368 -0.0246702 4.10756)
(0.00216469 -0.022102 4.1088)
(0.00311541 -0.0195325 4.10858)
(0.00334035 -0.0167707 4.10588)
(0.00383404 -0.0139771 4.09903)
(0.00384869 -0.0126326 4.08444)
(-0.00730421 -0.0384602 4.09175)
(-0.00565858 -0.0346652 4.10256)
(-0.00431276 -0.0311972 4.10867)
(-0.00287416 -0.027145 4.1115)
(-0.000670715 -0.0240514 4.11355)
(0.00142877 -0.0218135 4.11509)
(0.0026406 -0.0192839 4.11554)
(0.00298554 -0.0163285 4.11448)
(0.00285602 -0.0140426 4.11182)
(0.00264721 -0.0129315 4.10536)
(-0.00638535 -0.0389372 4.10306)
(-0.00535281 -0.0351452 4.10902)
(-0.00359513 -0.0319871 4.11277)
(-0.00216997 -0.028202 4.11477)
(-0.000750543 -0.0246646 4.1161)
(0.000819639 -0.0217583 4.11719)
(0.00211184 -0.0192873 4.1179)
(0.00244821 -0.0173126 4.1181)
(0.00218745 -0.0158919 4.1173)
(0.00199342 -0.0143713 4.11412)
(-0.00553878 -0.0389066 4.10839)
(-0.00465077 -0.0353281 4.11198)
(-0.00289587 -0.0323981 4.11448)
(-0.00144311 -0.0292894 4.11613)
(-0.00025147 -0.0260027 4.11718)
(0.000708577 -0.0229558 4.11795)
(0.00139451 -0.0206637 4.11884)
(0.00152431 -0.0190818 4.1197)
(0.0015022 -0.0174854 4.11963)
(0.00158823 -0.0152338 4.11783)
(-0.0394268 -0.0500757 2.63223)
(-0.0284763 -0.047865 2.76258)
(-0.0185879 -0.0447744 2.81944)
(-0.00932025 -0.0384954 2.84427)
(-0.00368029 -0.0337141 2.8603)
(0.000639122 -0.031968 2.86661)
(0.0052985 -0.0284157 2.85626)
(0.00790186 -0.0212892 2.84016)
(0.00808695 -0.0154754 2.82579)
(0.00813233 -0.0110005 2.78904)
(-0.0340068 -0.049509 3.33408)
(-0.0248481 -0.0457414 3.38736)
(-0.0166536 -0.0428299 3.42983)
(-0.00921381 -0.0390035 3.45676)
(-0.00420823 -0.0345128 3.47413)
(-8.70123e-06 -0.0296005 3.47832)
(0.00393582 -0.0228185 3.46622)
(0.00553699 -0.0166141 3.44889)
(0.00573906 -0.0139452 3.42619)
(0.00663393 -0.0109443 3.38237)
(-0.0289463 -0.0476696 3.59455)
(-0.0217975 -0.0434208 3.64279)
(-0.0147803 -0.0401541 3.68525)
(-0.00786002 -0.0358259 3.71338)
(-0.00335531 -0.0300295 3.73008)
(0.000116143 -0.0244418 3.73328)
(0.00325939 -0.0187335 3.72179)
(0.00369619 -0.0148759 3.70389)
(0.00351395 -0.0132333 3.67618)
(0.00481042 -0.0105575 3.62985)
(-0.0241692 -0.0469534 3.76959)
(-0.0172125 -0.0401188 3.82138)
(-0.0109219 -0.0350847 3.86696)
(-0.00512903 -0.0306247 3.89727)
(-0.00206949 -0.0256698 3.91485)
(0.000233584 -0.0212858 3.91754)
(0.00293382 -0.0176068 3.90666)
(0.00288586 -0.0153732 3.88764)
(0.00244994 -0.0133003 3.85432)
(0.00334359 -0.0107885 3.80568)
(-0.0198843 -0.0484272 3.90933)
(-0.0133588 -0.0404307 3.962)
(-0.00837465 -0.0345865 4.00544)
(-0.00419296 -0.031098 4.03211)
(-0.00177246 -0.027793 4.04644)
(0.000500716 -0.0237144 4.04808)
(0.00290861 -0.0203692 4.04053)
(0.00323636 -0.0187751 4.02526)
(0.00342907 -0.0161997 3.99396)
(0.00355881 -0.0131927 3.94648)
(-0.0169431 -0.0518346 4.01661)
(-0.0114543 -0.0452313 4.05795)
(-0.0080951 -0.039391 4.08618)
(-0.00483371 -0.0357717 4.1019)
(-0.00180526 -0.0319612 4.10906)
(0.000757674 -0.0270051 4.10989)
(0.00236263 -0.0234723 4.10725)
(0.0028611 -0.0216119 4.1003)
(0.00409209 -0.0188347 4.08216)
(0.00438928 -0.0159359 4.04845)
(-0.0139422 -0.0518018 4.08102)
(-0.0100155 -0.0471702 4.10566)
(-0.00785579 -0.0425923 4.11967)
(-0.00494169 -0.0382937 4.1269)
(-0.0013531 -0.0340408 4.1307)
(0.000983806 -0.0293127 4.13146)
(0.00169192 -0.0255983 4.13119)
(0.00200215 -0.0226465 4.12867)
(0.00321068 -0.0191572 4.12089)
(0.0037986 -0.0166166 4.10395)
(-0.0115389 -0.0506224 4.11195)
(-0.00881569 -0.0455695 4.12439)
(-0.00683504 -0.0413589 4.13161)
(-0.00436742 -0.0369847 4.13518)
(-0.00135803 -0.0332901 4.13764)
(0.000737902 -0.0300575 4.13922)
(0.00137969 -0.0266025 4.13967)
(0.00162745 -0.0226403 4.13848)
(0.00220806 -0.0188576 4.13536)
(0.00235612 -0.0166234 4.12768)
(-0.0100079 -0.0515108 4.12592)
(-0.00794897 -0.0464314 4.13259)
(-0.00587833 -0.0418637 4.13656)
(-0.00382405 -0.0372222 4.13879)
(-0.00176981 -0.0333344 4.14044)
(7.37405e-05 -0.0301253 4.1419)
(0.00109034 -0.0269606 4.14268)
(0.0014633 -0.0236883 4.14255)
(0.00173898 -0.0207623 4.14148)
(0.00151841 -0.0184054 4.13786)
(-0.00864316 -0.0517371 4.13231)
(-0.00666272 -0.0472481 4.13636)
(-0.00459646 -0.0430209 4.13896)
(-0.00286654 -0.0385946 4.14056)
(-0.00151094 -0.0344197 4.14172)
(-0.000398233 -0.031006 4.14284)
(0.000364344 -0.0283312 4.1439)
(0.000832056 -0.0259349 4.14453)
(0.00124693 -0.0233789 4.14431)
(0.00116876 -0.0203233 4.14239)
(-0.045099 -0.0564287 2.63851)
(-0.0311415 -0.0531803 2.77061)
(-0.021219 -0.0505489 2.84613)
(-0.0112065 -0.0452874 2.87342)
(-0.00366651 -0.0396632 2.8869)
(0.00162181 -0.036127 2.89439)
(0.00619901 -0.03193 2.88997)
(0.00874078 -0.0249342 2.87763)
(0.00995048 -0.0200536 2.86297)
(0.0118692 -0.0162132 2.82365)
(-0.0405005 -0.0588796 3.33945)
(-0.0284425 -0.0542903 3.39939)
(-0.0193205 -0.0498962 3.44819)
(-0.0109215 -0.0453605 3.47932)
(-0.0045873 -0.0413399 3.49797)
(0.000619486 -0.0377647 3.5042)
(0.00542301 -0.0319115 3.49536)
(0.00773531 -0.0253123 3.47887)
(0.00844977 -0.0209423 3.45592)
(0.00957925 -0.0156634 3.4114)
(-0.0340028 -0.0571097 3.60071)
(-0.0248853 -0.0523936 3.6525)
(-0.0176409 -0.0486144 3.69983)
(-0.0104635 -0.0445142 3.73258)
(-0.00491148 -0.0397999 3.75172)
(-4.29788e-05 -0.034902 3.75627)
(0.00422878 -0.0286902 3.74634)
(0.00565132 -0.0235499 3.72874)
(0.0062495 -0.0199846 3.70093)
(0.00760879 -0.0151242 3.65502)
(-0.0287437 -0.0573003 3.77637)
(-0.0206979 -0.0505202 3.82953)
(-0.0145073 -0.0449758 3.87901)
(-0.0085819 -0.040382 3.91379)
(-0.00413643 -0.0354073 3.93343)
(-0.000327536 -0.0301639 3.93693)
(0.00301395 -0.0255483 3.92707)
(0.00397539 -0.0227619 3.90833)
(0.00469688 -0.0195216 3.87496)
(0.00592776 -0.0153696 3.82715)
(-0.024411 -0.0596867 3.91587)
(-0.0168506 -0.0518302 3.97006)
(-0.0115991 -0.0445727 4.01827)
(-0.00716782 -0.0390282 4.04928)
(-0.00354032 -0.0344164 4.06565)
(-0.000422262 -0.0297163 4.06842)
(0.00200811 -0.0259791 4.06122)
(0.00296542 -0.0236857 4.04495)
(0.00418701 -0.0205089 4.01237)
(0.00528955 -0.017202 3.96532)
(-0.0211435 -0.0631838 4.02598)
(-0.014674 -0.0573249 4.07159)
(-0.0103909 -0.0507861 4.10579)
(-0.00658895 -0.0445621 4.12456)
(-0.00320206 -0.0386125 4.13309)
(-0.000537666 -0.0329602 4.13468)
(0.0012107 -0.0289451 4.13215)
(0.00230702 -0.0262277 4.12407)
(0.00402449 -0.0229104 4.10413)
(0.00510092 -0.0195238 4.06837)
(-0.0173404 -0.0623472 4.09755)
(-0.0124858 -0.0578341 4.12653)
(-0.0092339 -0.05341 4.14454)
(-0.00560713 -0.0482619 4.15357)
(-0.0021779 -0.0424953 4.15789)
(-0.000194199 -0.0363983 4.15897)
(0.00053483 -0.031762 4.15863)
(0.00139489 -0.0283234 4.15589)
(0.00316089 -0.0242297 4.14728)
(0.00426088 -0.0202703 4.12796)
(-0.0141078 -0.0607527 4.13479)
(-0.0106035 -0.0551275 4.14964)
(-0.00792254 -0.0507957 4.15851)
(-0.00490339 -0.0465383 4.16324)
(-0.00182056 -0.0425386 4.16628)
(-3.90925e-05 -0.0383934 4.168)
(0.000357564 -0.0340288 4.16847)
(0.000950921 -0.0292894 4.16727)
(0.00230883 -0.0244015 4.16379)
(0.00296579 -0.0207079 4.15494)
(-0.011822 -0.061371 4.15199)
(-0.00917787 -0.0556138 4.15984)
(-0.00694948 -0.0507517 4.16457)
(-0.0047221 -0.0461488 4.1674)
(-0.00238869 -0.0422919 4.16956)
(-0.000611565 -0.0388154 4.17136)
(0.000247724 -0.0349893 4.17227)
(0.000968887 -0.0306716 4.17201)
(0.00197664 -0.0263561 4.17069)
(0.00206899 -0.022755 4.16665)
(-0.00999682 -0.0622317 4.15994)
(-0.00763485 -0.0573169 4.16476)
(-0.005569 -0.0523957 4.1677)
(-0.00390738 -0.0474252 4.16956)
(-0.00249826 -0.043069 4.17109)
(-0.00130695 -0.0395368 4.17259)
(-0.000401277 -0.0363942 4.17379)
(0.000510599 -0.0330265 4.17429)
(0.00158704 -0.0293579 4.17393)
(0.00166427 -0.0255861 4.172)
(-0.0579121 -0.0727105 2.64408)
(-0.0382456 -0.066073 2.7716)
(-0.0257261 -0.0618437 2.86848)
(-0.0147001 -0.0574326 2.90529)
(-0.0045602 -0.0510732 2.91847)
(0.00288612 -0.0441154 2.92627)
(0.00764958 -0.0376622 2.92903)
(0.0104913 -0.0308987 2.92266)
(0.0130976 -0.0263915 2.90824)
(0.0160135 -0.0220653 2.86978)
(-0.0504558 -0.0748097 3.3455)
(-0.0340054 -0.0676257 3.40911)
(-0.0231828 -0.0612419 3.46585)
(-0.0135939 -0.0555254 3.50474)
(-0.00512403 -0.0504771 3.52579)
(0.00162062 -0.0464522 3.53485)
(0.00681771 -0.0413011 3.53202)
(0.00998595 -0.0348073 3.51911)
(0.0117495 -0.028629 3.49654)
(0.0130202 -0.0214557 3.45355)
(-0.0422266 -0.0727531 3.60252)
(-0.0293511 -0.0661611 3.65971)
(-0.0210964 -0.0605435 3.71472)
(-0.0133785 -0.0556781 3.75441)
(-0.0061464 -0.05123 3.77733)
(0.000209336 -0.0465301 3.78526)
(0.00510242 -0.0403865 3.77975)
(0.00799047 -0.0342588 3.7641)
(0.00980655 -0.0282838 3.73699)
(0.0110027 -0.0213563 3.69317)
(-0.0356019 -0.073115 3.77781)
(-0.0250279 -0.0658402 3.83556)
(-0.0185293 -0.0591932 3.89162)
(-0.01227 -0.0536942 3.9328)
(-0.00593231 -0.0484072 3.95645)
(-0.000478301 -0.0425139 3.96323)
(0.0032426 -0.0370237 3.9568)
(0.00570111 -0.0327928 3.93883)
(0.00784157 -0.027703 3.9066)
(0.00931888 -0.0220607 3.86114)
(-0.0303337 -0.0756163 3.91776)
(-0.0212327 -0.0681864 3.97604)
(-0.0154389 -0.0598125 4.0307)
(-0.0103351 -0.0518164 4.06827)
(-0.0050917 -0.0454357 4.08883)
(-0.000929915 -0.0398922 4.09502)
(0.00146104 -0.0353719 4.09013)
(0.00358071 -0.0315229 4.07328)
(0.0058871 -0.0271073 4.04092)
(0.00772189 -0.0231268 3.99557)
(-0.0261153 -0.0785336 4.03078)
(-0.0182748 -0.0726248 4.08191)
(-0.01269 -0.0652089 4.12402)
(-0.00837307 -0.0564134 4.14851)
(-0.00442646 -0.0485887 4.16075)
(-0.00143795 -0.0425418 4.16528)
(0.000445785 -0.0377602 4.16415)
(0.00259524 -0.0332295 4.15533)
(0.00463616 -0.0285872 4.13456)
(0.0062507 -0.0244876 4.09822)
(-0.0208493 -0.0769174 4.10942)
(-0.0148559 -0.0712885 4.14451)
(-0.0103684 -0.0664857 4.16887)
(-0.00642195 -0.0600436 4.18189)
(-0.00332936 -0.0528762 4.18866)
(-0.00144636 -0.0462609 4.19203)
(-0.000160081 -0.0407825 4.19282)
(0.00181023 -0.0357929 4.19023)
(0.00378666 -0.0306984 4.18148)
(0.00501927 -0.0257617 4.16099)
(-0.0163749 -0.0752169 4.1539)
(-0.0122248 -0.0682728 4.17343)
(-0.00895391 -0.0634728 4.18602)
(-0.00560785 -0.0589141 4.19371)
(-0.00284576 -0.0541327 4.19879)
(-0.00129664 -0.0488282 4.20196)
(-0.000290036 -0.0433147 4.20348)
(0.001242 -0.0377993 4.20318)
(0.00307774 -0.0323486 4.20019)
(0.00392411 -0.0273302 4.19092)
(-0.0130767 -0.0752653 4.17546)
(-0.0103989 -0.0684248 4.18642)
(-0.00814909 -0.0632129 4.19369)
(-0.00570625 -0.058546 4.19874)
(-0.00332503 -0.0543147 4.20279)
(-0.00158263 -0.0500326 4.20591)
(-0.000343409 -0.0452235 4.20787)
(0.00105449 -0.039934 4.20855)
(0.00269814 -0.0345873 4.20779)
(0.00299704 -0.0298579 4.20392)
(-0.0109792 -0.0768512 4.18582)
(-0.00879338 -0.0709549 4.19296)
(-0.00683586 -0.0651728 4.1978)
(-0.00515127 -0.0596746 4.20143)
(-0.00362646 -0.0550218 4.20462)
(-0.00221778 -0.0510055 4.20744)
(-0.000869027 -0.0469477 4.20957)
(0.000598277 -0.0424676 4.21085)
(0.00220819 -0.0379188 4.21115)
(0.00246113 -0.0334927 4.20974)
(-0.0879841 -0.11123 2.62629)
(-0.0603014 -0.102402 2.78551)
(-0.0382154 -0.0925918 2.8911)
(-0.0223189 -0.0863964 2.94208)
(-0.00752557 -0.0784241 2.95901)
(0.00440359 -0.0667042 2.96541)
(0.011637 -0.0554849 2.9709)
(0.0162292 -0.0465473 2.96887)
(0.020622 -0.0397584 2.95412)
(0.0239096 -0.0322964 2.91819)
(-0.0767458 -0.114719 3.37221)
(-0.0506596 -0.101341 3.42711)
(-0.0328972 -0.0902765 3.48781)
(-0.0198069 -0.0817998 3.5353)
(-0.00728927 -0.0738107 3.55937)
(0.00292929 -0.0660618 3.5699)
(0.00985052 -0.0587069 3.57172)
(0.0145782 -0.0505162 3.56287)
(0.0178092 -0.0415476 3.54094)
(0.0196095 -0.0317925 3.49998)
(-0.0641566 -0.110732 3.61994)
(-0.0430788 -0.0985248 3.67253)
(-0.0293722 -0.0889875 3.7338)
(-0.0190914 -0.0811925 3.78096)
(-0.00849328 -0.0742945 3.80741)
(0.000701594 -0.0673493 3.81836)
(0.00728318 -0.0598662 3.8173)
(0.0122159 -0.0518469 3.80433)
(0.0155165 -0.0426824 3.77814)
(0.0169721 -0.0329166 3.73636)
(-0.0535242 -0.109538 3.78797)
(-0.0367059 -0.0982812 3.84624)
(-0.0262017 -0.0892335 3.90843)
(-0.0180265 -0.0810606 3.9561)
(-0.00878 -0.0734062 3.98382)
(-0.000635109 -0.0656595 3.99436)
(0.00473675 -0.0582104 3.99159)
(0.00922176 -0.0510823 3.97479)
(0.012761 -0.0426893 3.94387)
(0.0145609 -0.034442 3.90068)
(-0.0447704 -0.110828 3.92518)
(-0.0315467 -0.100434 3.98625)
(-0.0226299 -0.091002 4.04706)
(-0.0154748 -0.0803621 4.09142)
(-0.0078279 -0.0705731 4.1164)
(-0.00161122 -0.0626165 4.12625)
(0.00224757 -0.0559309 4.12383)
(0.0061839 -0.0490432 4.10688)
(0.0095527 -0.041705 4.07526)
(0.0117793 -0.0356872 4.03168)
(-0.0376617 -0.112828 4.03936)
(-0.0269393 -0.103602 4.09581)
(-0.0184137 -0.0946916 4.14586)
(-0.0121856 -0.0833998 4.17679)
(-0.00669354 -0.0729122 4.1928)
(-0.00244577 -0.0648796 4.20013)
(0.000873506 -0.0577806 4.20025)
(0.00462755 -0.050162 4.1909)
(0.00724456 -0.0429409 4.16961)
(0.00900902 -0.037102 4.13343)
(-0.0295379 -0.111041 4.12463)
(-0.0213056 -0.101335 4.1668)
(-0.0144659 -0.0943462 4.19838)
(-0.00947659 -0.0858095 4.21523)
(-0.00574565 -0.0766272 4.22394)
(-0.00285065 -0.0685029 4.22912)
(0.000178441 -0.0609451 4.23095)
(0.00368459 -0.0531855 4.22849)
(0.00600621 -0.0459321 4.21958)
(0.00708189 -0.0393867 4.19844)
(-0.0223207 -0.10933 4.17752)
(-0.0170539 -0.0989721 4.20324)
(-0.0125101 -0.092529 4.22012)
(-0.00848889 -0.0862643 4.2298)
(-0.00533587 -0.0792169 4.23585)
(-0.00287253 -0.0715561 4.23997)
(-0.000265239 -0.0638145 4.24238)
(0.00276026 -0.0564098 4.24289)
(0.00511369 -0.0495777 4.24031)
(0.0058536 -0.0428174 4.23076)
(-0.0172206 -0.109118 4.20509)
(-0.0143336 -0.0997735 4.21996)
(-0.0114476 -0.0930456 4.22965)
(-0.00840887 -0.0868453 4.2359)
(-0.00544443 -0.080611 4.24074)
(-0.00293219 -0.074023 4.24453)
(-0.000560262 -0.0670197 4.24725)
(0.00196714 -0.059876 4.24881)
(0.00424004 -0.0529621 4.24864)
(0.00461054 -0.0463897 4.24489)
(-0.014199 -0.110638 4.21865)
(-0.0120416 -0.102839 4.22824)
(-0.00979538 -0.0954602 4.23462)
(-0.00767847 -0.0884297 4.23912)
(-0.00552291 -0.0820368 4.24299)
(-0.00337396 -0.0760044 4.24646)
(-0.00117928 -0.0698084 4.24924)
(0.00112578 -0.0633365 4.25124)
(0.00326442 -0.0571449 4.25218)
(0.00366888 -0.0511376 4.25108)
(-0.102427 -0.137383 2.48003)
(-0.0848511 -0.145759 2.79059)
(-0.0552354 -0.134625 2.92785)
(-0.0317851 -0.122895 2.99592)
(-0.0119214 -0.112828 3.03022)
(0.00503006 -0.0984953 3.04791)
(0.0165997 -0.082604 3.05965)
(0.0241097 -0.0693391 3.06591)
(0.030283 -0.0582764 3.05794)
(0.0337206 -0.0462453 3.03136)
(-0.100209 -0.157746 3.36225)
(-0.0723485 -0.146096 3.4567)
(-0.0458976 -0.130292 3.51925)
(-0.0274818 -0.117069 3.58082)
(-0.0110821 -0.106015 3.62119)
(0.00348247 -0.09425 3.64147)
(0.0136568 -0.0828139 3.65226)
(0.0204295 -0.0713061 3.65294)
(0.0253648 -0.0593014 3.63867)
(0.028156 -0.04667 3.60594)
(-0.0877935 -0.157765 3.62306)
(-0.0622496 -0.142128 3.69269)
(-0.0404653 -0.127478 3.75884)
(-0.0256963 -0.115269 3.82182)
(-0.0120844 -0.104726 3.86317)
(0.000493152 -0.0944603 3.88432)
(0.00998844 -0.0845761 3.89277)
(0.0170392 -0.0739623 3.88853)
(0.0217542 -0.0614478 3.86972)
(0.0240628 -0.0487746 3.83573)
(-0.0752487 -0.157285 3.78904)
(-0.0532545 -0.141402 3.85998)
(-0.0356759 -0.128184 3.93011)
(-0.0238162 -0.116255 3.99308)
(-0.0122814 -0.104985 4.03512)
(-0.00154586 -0.0945398 4.0567)
(0.00654542 -0.0847007 4.06282)
(0.0132596 -0.074303 4.05352)
(0.0180228 -0.062271 4.02992)
(0.0204094 -0.0510928 3.99422)
(-0.0636589 -0.158273 3.92446)
(-0.0454434 -0.142554 3.99603)
(-0.030998 -0.13016 4.06636)
(-0.0205836 -0.117241 4.1271)
(-0.0111696 -0.104322 4.16675)
(-0.00290716 -0.0932638 4.18719)
(0.00354713 -0.0834067 4.19242)
(0.00944472 -0.0727904 4.18178)
(0.0137762 -0.0618103 4.15678)
(0.0163609 -0.0530748 4.11969)
(-0.0526833 -0.159132 4.04006)
(-0.037769 -0.143565 4.10569)
(-0.025354 -0.131355 4.16837)
(-0.0164656 -0.11827 4.21707)
(-0.00964602 -0.105657 4.24708)
(-0.00381808 -0.0950605 4.26346)
(0.00172394 -0.0849855 4.26978)
(0.00703376 -0.074028 4.26549)
(0.0105207 -0.0638967 4.24904)
(0.0125581 -0.0559374 4.21785)
(-0.0412912 -0.15792 4.13143)
(-0.0295641 -0.141563 4.18302)
(-0.0199429 -0.130135 4.22938)
(-0.0133583 -0.119214 4.26198)
(-0.00877179 -0.108118 4.28193)
(-0.00448199 -0.0978924 4.29447)
(0.000451384 -0.0879375 4.30185)
(0.00531623 -0.0778105 4.30408)
(0.00841928 -0.0684962 4.2993)
(0.00974678 -0.0600291 4.28188)
(-0.0307565 -0.15574 4.19238)
(-0.0231529 -0.139524 4.22787)
(-0.0170409 -0.129637 4.2586)
(-0.0121155 -0.121061 4.28084)
(-0.00825941 -0.11173 4.29575)
(-0.004643 -0.101838 4.3062)
(-0.000584208 -0.0919645 4.31376)
(0.00364855 -0.0825563 4.31875)
(0.00681372 -0.0737781 4.32008)
(0.0078119 -0.0650262 4.31401)
(-0.0232347 -0.154749 4.22764)
(-0.019309 -0.140379 4.25133)
(-0.0154026 -0.130999 4.27267)
(-0.011526 -0.122801 4.28933)
(-0.0078388 -0.114445 4.30174)
(-0.00451725 -0.10555 4.31112)
(-0.00117732 -0.0962755 4.3185)
(0.00236161 -0.0869576 4.32421)
(0.00533876 -0.0781781 4.32792)
(0.00597247 -0.069864 4.32762)
(-0.018808 -0.154821 4.24648)
(-0.0161723 -0.142917 4.26424)
(-0.0132307 -0.133338 4.28066)
(-0.0103612 -0.124729 4.29406)
(-0.00742497 -0.116586 4.30468)
(-0.00457804 -0.108548 4.31317)
(-0.00167136 -0.100201 4.32016)
(0.00131479 -0.0918038 4.32605)
(0.00392254 -0.0839517 4.33063)
(0.00469363 -0.07604 4.33276)
(-0.183848 -0.24202 2.2179)
(-0.14047 -0.243565 2.71488)
(-0.0991109 -0.239718 2.98018)
(-0.0546749 -0.217243 3.0701)
(-0.0187414 -0.19061 3.09464)
(0.00871965 -0.164357 3.10649)
(0.0287998 -0.138616 3.11057)
(0.0424971 -0.115 3.10977)
(0.0517245 -0.0935284 3.09767)
(0.0552134 -0.0715583 3.06943)
(-0.154988 -0.262481 3.28752)
(-0.121582 -0.252357 3.51782)
(-0.0800416 -0.229478 3.59464)
(-0.0433218 -0.201439 3.63591)
(-0.0153112 -0.176431 3.67172)
(0.00685989 -0.1534 3.69147)
(0.0236947 -0.132087 3.6994)
(0.0352689 -0.111774 3.69742)
(0.0433422 -0.0922409 3.68126)
(0.0471385 -0.0723695 3.64746)
(-0.129228 -0.261217 3.60778)
(-0.105382 -0.24538 3.75703)
(-0.0707524 -0.220619 3.82178)
(-0.04022 -0.195211 3.86988)
(-0.0164617 -0.171993 3.90865)
(0.00262872 -0.151222 3.93043)
(0.0177776 -0.132897 3.93804)
(0.0290511 -0.114912 3.93275)
(0.0364756 -0.0955954 3.91335)
(0.0399358 -0.0764036 3.87851)
(-0.111991 -0.262517 3.78812)
(-0.0911788 -0.242624 3.91915)
(-0.0617687 -0.218663 3.98588)
(-0.0360345 -0.195346 4.03691)
(-0.0163626 -0.172711 4.07696)
(-0.00063221 -0.152548 4.10027)
(0.0123543 -0.13503 4.10649)
(0.023044 -0.117611 4.09687)
(0.0301187 -0.0988527 4.07329)
(0.0334209 -0.0813839 4.03694)
(-0.0961733 -0.263825 3.93538)
(-0.07768 -0.241977 4.05359)
(-0.0532573 -0.219259 4.11919)
(-0.0314128 -0.197014 4.16918)
(-0.0149016 -0.174848 4.20765)
(-0.00236652 -0.154457 4.23002)
(0.00833349 -0.136332 4.23557)
(0.0175453 -0.118491 4.22474)
(0.0238038 -0.10097 4.19973)
(0.0269212 -0.0860121 4.16251)
(-0.0807302 -0.264614 4.06683)
(-0.0639589 -0.241196 4.16762)
(-0.0437964 -0.218595 4.22434)
(-0.0259916 -0.197057 4.26372)
(-0.0129616 -0.176275 4.29202)
(-0.003008 -0.157158 4.30887)
(0.00607524 -0.139174 4.31503)
(0.0137556 -0.12141 4.31002)
(0.0188672 -0.105304 4.29278)
(0.0213015 -0.0916355 4.26095)
(-0.0648037 -0.265342 4.17956)
(-0.0503202 -0.240299 4.25444)
(-0.0346981 -0.217825 4.2923)
(-0.0216459 -0.197888 4.31491)
(-0.0119673 -0.178739 4.33092)
(-0.00386261 -0.160747 4.34237)
(0.0040673 -0.14387 4.34929)
(0.0109733 -0.127679 4.35077)
(0.015615 -0.112568 4.34483)
(0.0171141 -0.0987105 4.32606)
(-0.0484156 -0.264809 4.26494)
(-0.0386028 -0.239087 4.30804)
(-0.0284528 -0.218765 4.32599)
(-0.0192251 -0.201449 4.33656)
(-0.0114617 -0.183986 4.34624)
(-0.004664 -0.166664 4.35521)
(0.00199777 -0.150254 4.36231)
(0.00821753 -0.134889 4.36666)
(0.0128988 -0.120446 4.36711)
(0.013769 -0.106626 4.35982)
(-0.034317 -0.265177 4.31664)
(-0.0306058 -0.240196 4.33392)
(-0.0246728 -0.221423 4.34001)
(-0.0176762 -0.205238 4.34559)
(-0.0109376 -0.189037 4.35299)
(-0.00500857 -0.172751 4.36082)
(0.000523555 -0.156874 4.36778)
(0.00584336 -0.141688 4.37308)
(0.0101695 -0.12758 4.37611)
(0.0103902 -0.114691 4.37481)
(-0.0266275 -0.268912 4.34238)
(-0.0249154 -0.249387 4.34492)
(-0.0201512 -0.228145 4.34613)
(-0.0149829 -0.209675 4.35)
(-0.00993552 -0.193146 4.35635)
(-0.00533001 -0.177932 4.36339)
(-0.000927281 -0.163476 4.36996)
(0.00334864 -0.150028 4.37556)
(0.00710593 -0.137648 4.37968)
(0.00784541 -0.125139 4.38091)
(-0.264992 -0.348102 1.77722)
(-0.183166 -0.318531 2.47852)
(-0.137722 -0.323619 2.96502)
(-0.0901544 -0.326011 3.21931)
(-0.0387298 -0.314747 3.33496)
(0.00835775 -0.291437 3.3998)
(0.0470852 -0.259714 3.44795)
(0.0758009 -0.222572 3.48837)
(0.0943563 -0.183384 3.51938)
(0.102541 -0.143821 3.53373)
(-0.226279 -0.391405 2.89066)
(-0.170363 -0.369845 3.42454)
(-0.126111 -0.348678 3.6691)
(-0.0772602 -0.32827 3.79948)
(-0.0298556 -0.305057 3.88749)
(0.0100216 -0.277486 3.95155)
(0.0413438 -0.246804 4.00097)
(0.0639568 -0.213903 4.03871)
(0.0789771 -0.180816 4.06373)
(0.0865021 -0.147761 4.06972)
(-0.178783 -0.392126 3.33041)
(-0.148859 -0.374215 3.70416)
(-0.116486 -0.348842 3.9043)
(-0.0738633 -0.323576 4.0248)
(-0.0326981 -0.297703 4.10917)
(0.00170125 -0.270822 4.17152)
(0.0289732 -0.243134 4.21709)
(0.0491621 -0.214262 4.24904)
(0.0628066 -0.184584 4.26868)
(0.0703235 -0.155205 4.27132)
(-0.148344 -0.392087 3.56658)
(-0.129933 -0.375872 3.86821)
(-0.102774 -0.350859 4.05974)
(-0.0660077 -0.32402 4.18116)
(-0.0311738 -0.297233 4.26562)
(-0.00260412 -0.270599 4.32661)
(0.020324 -0.244508 4.36871)
(0.038033 -0.218039 4.39526)
(0.0501387 -0.190596 4.40809)
(0.0570322 -0.16437 4.40681)
(-0.126247 -0.392287 3.73571)
(-0.111881 -0.376061 4.0025)
(-0.0886037 -0.352293 4.18598)
(-0.0579575 -0.326196 4.30563)
(-0.0286813 -0.299987 4.38784)
(-0.00496596 -0.273842 4.44598)
(0.0138672 -0.248252 4.48546)
(0.0287274 -0.222814 4.50858)
(0.0393631 -0.197692 4.51706)
(0.045679 -0.17423 4.51164)
(-0.107709 -0.392838 3.88188)
(-0.0945218 -0.376502 4.12271)
(-0.0744092 -0.353397 4.29328)
(-0.0491577 -0.327739 4.40405)
(-0.0254238 -0.302041 4.47544)
(-0.00626111 -0.277794 4.52414)
(0.00918148 -0.254339 4.55912)
(0.0214467 -0.230605 4.58228)
(0.0306016 -0.207446 4.59373)
(0.0359251 -0.185288 4.58988)
(-0.0905973 -0.394545 4.01781)
(-0.07752 -0.377341 4.23031)
(-0.0603889 -0.354529 4.37788)
(-0.0409184 -0.330152 4.46837)
(-0.0229546 -0.306593 4.5236)
(-0.00788956 -0.284399 4.56147)
(0.00496569 -0.262906 4.59097)
(0.0157516 -0.241146 4.61445)
(0.0240939 -0.21934 4.63165)
(0.0280586 -0.197895 4.63741)
(-0.0740769 -0.39689 4.14106)
(-0.0621145 -0.379189 4.31737)
(-0.0486552 -0.357861 4.43472)
(-0.0344193 -0.335836 4.5033)
(-0.0209327 -0.313989 4.5451)
(-0.00914413 -0.292878 4.57571)
(0.00144956 -0.272299 4.60164)
(0.0110595 -0.25151 4.62454)
(0.0189778 -0.230797 4.64433)
(0.0215285 -0.210852 4.65764)
(-0.0589825 -0.399347 4.24631)
(-0.0490381 -0.38215 4.38206)
(-0.0393237 -0.362387 4.47006)
(-0.0290326 -0.342141 4.52171)
(-0.0187581 -0.321981 4.55491)
(-0.00944648 -0.302002 4.58079)
(-0.000809457 -0.282003 4.60415)
(0.00741462 -0.261948 4.62641)
(0.0147169 -0.242264 4.64681)
(0.0161521 -0.224016 4.66307)
(-0.0468066 -0.402421 4.32555)
(-0.0387006 -0.389317 4.42658)
(-0.0305281 -0.370511 4.49271)
(-0.022721 -0.349951 4.533)
(-0.0153131 -0.329648 4.56033)
(-0.00861323 -0.310288 4.58276)
(-0.00232521 -0.291587 4.60363)
(0.00388273 -0.273755 4.62415)
(0.0100656 -0.256881 4.64381)
(0.0123641 -0.239038 4.66089)
)
;

boundaryField
{
    inlet
    {
        type            fixedValue;
        value           uniform (0 0 3.774);
    }
    outlet
    {
        type            pressureInletOutletVelocity;
        value           nonuniform List<vector> 
500
(
(0.00867456 -0.242747 4.65979)
(0.00607573 -0.26091 4.64168)
(0.00174966 -0.2787 4.62289)
(-0.0023671 -0.296781 4.6037)
(-0.00653339 -0.314696 4.58389)
(-0.0109522 -0.332379 4.56319)
(-0.0157093 -0.350158 4.53992)
(-0.0210576 -0.368189 4.50797)
(-0.0281762 -0.385634 4.45392)
(-0.0386422 -0.398905 4.35612)
(0.00724586 -0.244268 4.66121)
(0.00445421 -0.263503 4.64259)
(0.00125347 -0.282031 4.62345)
(-0.00184971 -0.300123 4.60393)
(-0.00511541 -0.317676 4.58425)
(-0.00865216 -0.334862 4.56425)
(-0.0122685 -0.351829 4.54242)
(-0.0160875 -0.368165 4.51301)
(-0.0211404 -0.382775 4.46362)
(-0.0292442 -0.393276 4.37357)
(0.00537947 -0.246297 4.66199)
(0.00306721 -0.265663 4.64276)
(0.000771832 -0.284378 4.62323)
(-0.00146103 -0.302521 4.60389)
(-0.00378162 -0.320027 4.58459)
(-0.00625589 -0.337335 4.56514)
(-0.00880374 -0.354217 4.54383)
(-0.0116029 -0.370509 4.5157)
(-0.0153545 -0.385247 4.46819)
(-0.0213393 -0.396095 4.37936)
(0.00338708 -0.247707 4.66227)
(0.0019356 -0.267166 4.64295)
(0.00044476 -0.285995 4.62326)
(-0.00102058 -0.304243 4.60383)
(-0.00245712 -0.321864 4.58464)
(-0.00384444 -0.339234 4.56539)
(-0.00521708 -0.356129 4.54452)
(-0.00674574 -0.372308 4.5171)
(-0.00895689 -0.386976 4.47026)
(-0.0126112 -0.397643 4.38142)
(0.00122958 -0.248485 4.66231)
(0.000781817 -0.267827 4.6431)
(0.000257176 -0.2867 4.62343)
(-0.000311343 -0.30504 4.60382)
(-0.000885876 -0.322948 4.58458)
(-0.00143142 -0.340388 4.56531)
(-0.00188419 -0.357361 4.54469)
(-0.00232853 -0.373314 4.51759)
(-0.0029892 -0.38776 4.47104)
(-0.00427143 -0.398545 4.38179)
(-0.00100613 -0.248509 4.66228)
(-0.000452592 -0.26786 4.64305)
(3.73118e-05 -0.286646 4.62333)
(0.00043039 -0.304873 4.60389)
(0.000786065 -0.322671 4.58478)
(0.00117629 -0.340181 4.5655)
(0.00165823 -0.357353 4.54471)
(0.00223657 -0.373685 4.51762)
(0.00296413 -0.388286 4.47122)
(0.00403391 -0.398942 4.3822)
(-0.00318557 -0.247644 4.66228)
(-0.00163625 -0.267084 4.64299)
(-0.000233844 -0.28594 4.62327)
(0.000990581 -0.304193 4.60387)
(0.00225191 -0.321802 4.58472)
(0.00373343 -0.339111 4.56546)
(0.00533281 -0.355993 4.54453)
(0.0070094 -0.372263 4.51716)
(0.0090044 -0.387027 4.47062)
(0.012228 -0.397912 4.38237)
(-0.00516045 -0.246085 4.66206)
(-0.00265162 -0.265573 4.64283)
(-0.000442498 -0.284415 4.62326)
(0.00144379 -0.302672 4.60389)
(0.00346747 -0.320196 4.58459)
(0.00592967 -0.337323 4.56512)
(0.00876106 -0.353915 4.54381)
(0.0118605 -0.369937 4.51574)
(0.0156172 -0.384757 4.46856)
(0.0212011 -0.396181 4.38065)
(-0.00700234 -0.244292 4.66081)
(-0.00409286 -0.263252 4.64224)
(-0.000902915 -0.281533 4.62339)
(0.00203009 -0.299812 4.60428)
(0.00495811 -0.317825 4.58462)
(0.00818845 -0.335235 4.56433)
(0.0118403 -0.351859 4.54222)
(0.0160875 -0.367629 4.51284)
(0.021524 -0.381995 4.46404)
(0.0296312 -0.392929 4.37503)
(-0.00844723 -0.242723 4.65955)
(-0.00594412 -0.260945 4.64153)
(-0.00151972 -0.278463 4.62278)
(0.00263105 -0.296296 4.60382)
(0.00664186 -0.314208 4.58414)
(0.0106346 -0.332374 4.56355)
(0.0150291 -0.350341 4.54007)
(0.0205978 -0.368182 4.50805)
(0.0282561 -0.385049 4.4543)
(0.0394221 -0.398422 4.35762)
(0.100022 -0.107114 3.54714)
(0.0848619 -0.119201 4.11264)
(0.0690978 -0.131902 4.31174)
(0.0557324 -0.145363 4.4447)
(0.0444536 -0.159308 4.54703)
(0.0350763 -0.173885 4.62031)
(0.0275898 -0.188857 4.66089)
(0.0214208 -0.203143 4.67569)
(0.0160841 -0.216168 4.67695)
(0.0121539 -0.22811 4.67197)
(0.0909109 -0.0782547 3.64148)
(0.0749146 -0.0951314 4.17346)
(0.0606436 -0.112362 4.36561)
(0.0488552 -0.129872 4.49636)
(0.0394064 -0.147396 4.59519)
(0.0320452 -0.165014 4.65879)
(0.0261885 -0.182116 4.6862)
(0.0209366 -0.197585 4.69074)
(0.015892 -0.212097 4.68581)
(0.0113137 -0.226529 4.67615)
(0.0727515 -0.0521949 3.6949)
(0.0581904 -0.0740173 4.22007)
(0.0466556 -0.0957206 4.41046)
(0.037444 -0.117184 4.54059)
(0.0302923 -0.138145 4.63568)
(0.0248552 -0.158479 4.68826)
(0.0202781 -0.177247 4.7033)
(0.0159719 -0.194446 4.70036)
(0.0119756 -0.211203 4.69107)
(0.00847702 -0.227801 4.67851)
(0.0459377 -0.0325534 3.7241)
(0.0365303 -0.059306 4.25095)
(0.0293533 -0.0846872 4.4419)
(0.0235946 -0.109195 4.57194)
(0.0191411 -0.132444 4.66254)
(0.0158403 -0.154504 4.70572)
(0.0128353 -0.174309 4.71285)
(0.00987217 -0.192861 4.70583)
(0.00727359 -0.211153 4.69381)
(0.00519518 -0.228846 4.67948)
(0.0153164 -0.023024 3.7403)
(0.0124401 -0.0524654 4.26769)
(0.0101 -0.0795391 4.45853)
(0.00813812 -0.105462 4.58806)
(0.00663406 -0.129754 4.67534)
(0.00553223 -0.152367 4.71324)
(0.00448735 -0.172739 4.71732)
(0.00337851 -0.192107 4.70864)
(0.00243448 -0.211125 4.69498)
(0.00176306 -0.229435 4.67971)
(-0.0155208 -0.0231811 3.7408)
(-0.0127835 -0.0526076 4.26835)
(-0.0104063 -0.0796445 4.45887)
(-0.00835723 -0.10552 4.58817)
(-0.00668052 -0.129789 4.6755)
(-0.00541572 -0.152362 4.71335)
(-0.00432947 -0.172699 4.71738)
(-0.00329615 -0.192086 4.70868)
(-0.00238927 -0.211116 4.69499)
(-0.00165593 -0.229436 4.67967)
(-0.0462271 -0.032854 3.72897)
(-0.0374149 -0.0597087 4.25262)
(-0.0300669 -0.0850369 4.44303)
(-0.0239334 -0.10944 4.57254)
(-0.0192012 -0.132598 4.66261)
(-0.0157569 -0.154571 4.70555)
(-0.0127395 -0.174392 4.713)
(-0.00985167 -0.192906 4.70593)
(-0.00722793 -0.211167 4.69377)
(-0.00507902 -0.228796 4.6794)
(-0.0724536 -0.0522879 3.69682)
(-0.0586215 -0.0746286 4.22058)
(-0.0473073 -0.0963656 4.41046)
(-0.0383237 -0.11762 4.54069)
(-0.030886 -0.13802 4.63582)
(-0.0249708 -0.157967 4.68836)
(-0.0202487 -0.176805 4.70349)
(-0.016016 -0.194142 4.70052)
(-0.012009 -0.210966 4.69113)
(-0.00845517 -0.227616 4.67863)
(-0.0905942 -0.0776871 3.6376)
(-0.075287 -0.0946961 4.17002)
(-0.0615264 -0.112372 4.36451)
(-0.0501944 -0.130163 4.49465)
(-0.0404965 -0.147461 4.59307)
(-0.0323661 -0.164782 4.65826)
(-0.0261294 -0.181739 4.68655)
(-0.0208021 -0.197346 4.69142)
(-0.0156756 -0.211987 4.68607)
(-0.0110649 -0.226597 4.67608)
(-0.100898 -0.107479 3.54168)
(-0.0859731 -0.119496 4.10865)
(-0.0704328 -0.132143 4.30954)
(-0.0569604 -0.145257 4.44243)
(-0.0451298 -0.158816 4.54451)
(-0.0349516 -0.17346 4.61923)
(-0.0270521 -0.188874 4.66136)
(-0.0208785 -0.203356 4.67591)
(-0.0156096 -0.216314 4.67683)
(-0.0118467 -0.228112 4.67173)
(-0.10319 -0.144787 3.53521)
(-0.0870058 -0.148709 4.07046)
(-0.0712282 -0.15655 4.27012)
(-0.0577767 -0.164831 4.40516)
(-0.0457832 -0.173443 4.51103)
(-0.0354586 -0.18393 4.59056)
(-0.0271706 -0.196765 4.63833)
(-0.0207453 -0.210889 4.65774)
(-0.0155949 -0.224554 4.66246)
(-0.0119992 -0.239473 4.66036)
(-0.0946679 -0.183898 3.51966)
(-0.0792981 -0.181212 4.06469)
(-0.0633427 -0.18581 4.26884)
(-0.0503283 -0.19171 4.40878)
(-0.0390903 -0.197709 4.51819)
(-0.0301714 -0.205967 4.59445)
(-0.0237058 -0.217528 4.6326)
(-0.018822 -0.230115 4.64462)
(-0.0146143 -0.242555 4.64632)
(-0.00995234 -0.257295 4.64324)
(-0.0763881 -0.223809 3.48726)
(-0.0647001 -0.214516 4.03817)
(-0.0495501 -0.214643 4.24924)
(-0.0378082 -0.218393 4.39594)
(-0.028288 -0.223367 4.50905)
(-0.0211915 -0.230274 4.58265)
(-0.0159843 -0.239951 4.61503)
(-0.011654 -0.250454 4.62502)
(-0.00784684 -0.261507 4.6264)
(-0.00393226 -0.273765 4.62387)
(-0.04747 -0.261359 3.44738)
(-0.0417916 -0.247748 4.00037)
(-0.0290763 -0.242862 4.21714)
(-0.0201616 -0.243993 4.36922)
(-0.01346 -0.248479 4.48576)
(-0.00872776 -0.254786 4.55931)
(-0.00502539 -0.26288 4.59103)
(-0.00198593 -0.271597 4.60184)
(0.000243836 -0.281221 4.60463)
(0.00213807 -0.291098 4.60395)
(-0.00860183 -0.293247 3.39867)
(-0.0103024 -0.278448 3.95116)
(-0.0018356 -0.270543 4.17184)
(0.00247053 -0.269944 4.32741)
(0.00496137 -0.273555 4.44666)
(0.00646998 -0.278417 4.5248)
(0.00808916 -0.284775 4.5614)
(0.00927173 -0.292712 4.57573)
(0.00948217 -0.30128 4.58113)
(0.00867046 -0.309519 4.58323)
(0.0387194 -0.316865 3.33326)
(0.0295625 -0.305837 3.88686)
(0.0324533 -0.297427 4.10951)
(0.0309279 -0.296643 4.26637)
(0.0284329 -0.299447 4.3886)
(0.0253146 -0.302329 4.47577)
(0.022946 -0.306952 4.5238)
(0.0211686 -0.313617 4.54512)
(0.0191498 -0.321208 4.55491)
(0.0154673 -0.3292 4.56058)
(0.0910655 -0.329056 3.2226)
(0.0772751 -0.328833 3.79842)
(0.0737931 -0.323177 4.02497)
(0.0657521 -0.323173 4.18188)
(0.0577192 -0.325713 4.30641)
(0.0489436 -0.327769 4.40403)
(0.0405243 -0.330229 4.46831)
(0.0340501 -0.335272 4.50335)
(0.0288984 -0.341491 4.52174)
(0.0224456 -0.349913 4.53287)
(0.140193 -0.326969 2.98204)
(0.127245 -0.348809 3.66997)
(0.117468 -0.348574 3.90602)
(0.103296 -0.350496 4.0619)
(0.088882 -0.352134 4.18792)
(0.0744872 -0.353642 4.29448)
(0.0602324 -0.354872 4.37802)
(0.0480726 -0.357388 4.43445)
(0.0385087 -0.36183 4.47028)
(0.0298866 -0.370749 4.49267)
(0.186248 -0.320766 2.50488)
(0.172962 -0.370614 3.43638)
(0.151298 -0.374718 3.71203)
(0.131939 -0.37621 3.87466)
(0.113455 -0.376644 4.00777)
(0.0957751 -0.37752 4.12656)
(0.0783602 -0.378006 4.23222)
(0.0623939 -0.379031 4.31793)
(0.0486932 -0.381577 4.38298)
(0.0384147 -0.389162 4.42719)
(0.264981 -0.347259 1.80596)
(0.228655 -0.392308 2.91637)
(0.182035 -0.393488 3.3482)
(0.151704 -0.393436 3.57988)
(0.12941 -0.393683 3.74594)
(0.110446 -0.394271 3.88962)
(0.0926014 -0.395216 4.02336)
(0.0756726 -0.396947 4.14477)
(0.0600917 -0.398827 4.24912)
(0.0475851 -0.401979 4.32738)
(0.370696 -0.334023 0.824881)
(0.341638 -0.405695 1.8303)
(0.241715 -0.39277 2.66486)
(0.178855 -0.387662 3.14928)
(0.143847 -0.390973 3.41998)
(0.119608 -0.394048 3.61953)
(0.100302 -0.396979 3.79475)
(0.083499 -0.400026 3.95701)
(0.0676709 -0.402418 4.10521)
(0.0525524 -0.402799 4.22929)
(0 0 -9.72089e-05)
(0.367589 -0.30869 0.587369)
(0.292487 -0.357031 1.54656)
(0.196975 -0.376066 2.5665)
(0.139973 -0.384545 3.12851)
(0.106708 -0.391539 3.45202)
(0.0842552 -0.395776 3.69461)
(0.0670854 -0.398307 3.90589)
(0.0529033 -0.399417 4.09285)
(0.0396777 -0.398531 4.2463)
(0 0 -0.763173)
(0 0 -0.646144)
(0.280425 -0.286267 0.207515)
(0.21323 -0.359353 1.60407)
(0.136838 -0.376095 2.72183)
(0.0937558 -0.387637 3.26962)
(0.0685839 -0.394506 3.59623)
(0.0516263 -0.399027 3.84825)
(0.0393111 -0.401559 4.06544)
(0.0284765 -0.401517 4.24288)
(0 0 -0.956274)
(0 0 -1.58589)
(0 0 -1.01805)
(0.155811 -0.337874 0.546876)
(0.103578 -0.373187 2.2594)
(0.0662823 -0.383349 3.09363)
(0.0460054 -0.393028 3.5092)
(0.0328112 -0.399162 3.79894)
(0.0238813 -0.402252 4.04083)
(0.0166346 -0.402773 4.23704)
(0 0 -1.09966)
(0 0 -1.94005)
(0 0 -1.64869)
(0 0 -0.0394842)
(0.0397468 -0.369196 1.94737)
(0.02529 -0.380515 2.97171)
(0.0172812 -0.391913 3.45514)
(0.0118725 -0.399091 3.77113)
(0.00823039 -0.40257 4.02622)
(0.00556159 -0.403449 4.23233)
(0 0 -1.10346)
(0 0 -1.95461)
(0 0 -1.66174)
(0 0 -0.0552629)
(-0.0309712 -0.368985 1.9384)
(-0.0197385 -0.38024 2.96836)
(-0.0138726 -0.391637 3.45355)
(-0.0102413 -0.398815 3.7702)
(-0.00789134 -0.402236 4.02552)
(-0.0058148 -0.403151 4.23156)
(0 0 -0.966629)
(0 0 -1.58734)
(0 0 -1.04526)
(-0.146354 -0.33583 0.495202)
(-0.0967965 -0.372818 2.22811)
(-0.061667 -0.382365 3.08168)
(-0.0431843 -0.392174 3.50344)
(-0.0315474 -0.398455 3.79557)
(-0.023725 -0.401669 4.0384)
(-0.0170555 -0.402312 4.23535)
(0 0 -0.776658)
(0 0 -0.666053)
(-0.270796 -0.279354 0.164704)
(-0.207403 -0.355618 1.53692)
(-0.132526 -0.374619 2.69007)
(-0.090228 -0.38585 3.25751)
(-0.0662757 -0.393041 3.58919)
(-0.0504941 -0.397942 3.8428)
(-0.039063 -0.40075 4.06111)
(-0.028732 -0.401031 4.24005)
(0 0 -0.0219835)
(-0.361453 -0.304487 0.543718)
(-0.288418 -0.352525 1.485)
(-0.19329 -0.37432 2.52502)
(-0.135809 -0.382342 3.10997)
(-0.103411 -0.389817 3.44048)
(-0.0820906 -0.394481 3.68639)
(-0.0658878 -0.397327 3.89936)
(-0.0523815 -0.398772 4.08767)
(-0.0394824 -0.398155 4.24307)
(-0.368379 -0.332363 0.800952)
(-0.339838 -0.403648 1.78139)
(-0.239076 -0.391969 2.62695)
(-0.174867 -0.38582 3.12769)
(-0.139623 -0.38907 3.40522)
(-0.115852 -0.392675 3.60934)
(-0.0975726 -0.396318 3.78708)
(-0.0816159 -0.399738 3.95031)
(-0.0663743 -0.4024 4.10014)
(-0.051534 -0.4029 4.22602)
(-0.264992 -0.348102 1.77722)
(-0.226279 -0.391405 2.89066)
(-0.178783 -0.392126 3.33041)
(-0.148344 -0.392087 3.56658)
(-0.126247 -0.392287 3.73571)
(-0.107709 -0.392838 3.88188)
(-0.0905973 -0.394545 4.01781)
(-0.0740769 -0.39689 4.14106)
(-0.0589825 -0.399347 4.24631)
(-0.0468066 -0.402421 4.32555)
(-0.183166 -0.318531 2.47852)
(-0.170363 -0.369845 3.42454)
(-0.148859 -0.374215 3.70416)
(-0.129933 -0.375872 3.86821)
(-0.111881 -0.376061 4.0025)
(-0.0945218 -0.376502 4.12271)
(-0.07752 -0.377341 4.23031)
(-0.0621145 -0.379189 4.31737)
(-0.0490381 -0.38215 4.38206)
(-0.0387006 -0.389317 4.42658)
(-0.137722 -0.323619 2.96502)
(-0.126111 -0.348678 3.6691)
(-0.116486 -0.348842 3.9043)
(-0.102774 -0.350859 4.05974)
(-0.0886037 -0.352293 4.18598)
(-0.0744092 -0.353397 4.29328)
(-0.0603889 -0.354529 4.37788)
(-0.0486552 -0.357861 4.43472)
(-0.0393237 -0.362387 4.47006)
(-0.0305281 -0.370511 4.49271)
(-0.0901544 -0.326011 3.21931)
(-0.0772602 -0.32827 3.79948)
(-0.0738633 -0.323576 4.0248)
(-0.0660077 -0.32402 4.18116)
(-0.0579575 -0.326196 4.30563)
(-0.0491577 -0.327739 4.40405)
(-0.0409184 -0.330152 4.46837)
(-0.0344193 -0.335836 4.5033)
(-0.0290326 -0.342141 4.52171)
(-0.022721 -0.349951 4.533)
(-0.0387298 -0.314747 3.33496)
(-0.0298556 -0.305057 3.88749)
(-0.0326981 -0.297703 4.10917)
(-0.0311738 -0.297233 4.26562)
(-0.0286813 -0.299987 4.38784)
(-0.0254238 -0.302041 4.47544)
(-0.0229546 -0.306593 4.5236)
(-0.0209327 -0.313989 4.5451)
(-0.0187581 -0.321981 4.55491)
(-0.0153131 -0.329648 4.56033)
(0.00835775 -0.291437 3.3998)
(0.0100216 -0.277486 3.95155)
(0.00170125 -0.270822 4.17152)
(-0.00260412 -0.270599 4.32661)
(-0.00496596 -0.273842 4.44598)
(-0.00626111 -0.277794 4.52414)
(-0.00788956 -0.284399 4.56147)
(-0.00914413 -0.292878 4.57571)
(-0.00944648 -0.302002 4.58079)
(-0.00861323 -0.310288 4.58276)
(0.0470852 -0.259714 3.44795)
(0.0413438 -0.246804 4.00097)
(0.0289732 -0.243134 4.21709)
(0.020324 -0.244508 4.36871)
(0.0138672 -0.248252 4.48546)
(0.00918148 -0.254339 4.55912)
(0.00496569 -0.262906 4.59097)
(0.00144956 -0.272299 4.60164)
(-0.000809457 -0.282003 4.60415)
(-0.00232521 -0.291587 4.60363)
(0.0758009 -0.222572 3.48837)
(0.0639568 -0.213903 4.03871)
(0.0491621 -0.214262 4.24904)
(0.038033 -0.218039 4.39526)
(0.0287274 -0.222814 4.50858)
(0.0214467 -0.230605 4.58228)
(0.0157516 -0.241146 4.61445)
(0.0110595 -0.25151 4.62454)
(0.00741462 -0.261948 4.62641)
(0.00388273 -0.273755 4.62415)
(0.0943563 -0.183384 3.51938)
(0.0789771 -0.180816 4.06373)
(0.0628066 -0.184584 4.26868)
(0.0501387 -0.190596 4.40809)
(0.0393631 -0.197692 4.51706)
(0.0306016 -0.207446 4.59373)
(0.0240939 -0.21934 4.63165)
(0.0189778 -0.230797 4.64433)
(0.0147169 -0.242264 4.64681)
(0.0100656 -0.256881 4.64381)
(0.102541 -0.143821 3.53373)
(0.0865021 -0.147761 4.06972)
(0.0703235 -0.155205 4.27132)
(0.0570322 -0.16437 4.40681)
(0.045679 -0.17423 4.51164)
(0.0359251 -0.185288 4.58988)
(0.0280586 -0.197895 4.63741)
(0.0215285 -0.210852 4.65764)
(0.0161521 -0.224016 4.66307)
(0.0123641 -0.239038 4.66089)
)
;
    }
    walls
    {
        type            noSlip;
    }
}


// ************************************************************************* //
