/*--------------------------------*- C++ -*----------------------------------*\
| =========                 |                                                 |
| \\      /  F ield         | OpenFOAM: The Open Source CFD Toolbox           |
|  \\    /   O peration     | Version:  2406                                  |
|   \\  /    A nd           | Website:  www.openfoam.com                      |
|    \\/     M anipulation  |                                                 |
\*---------------------------------------------------------------------------*/
FoamFile
{
    version     2.0;
    format      ascii;
    arch        "LSB;label=32;scalar=64";
    class       volScalarField;
    location    "1.3";
    object      p_rgh;
}
// * * * * * * * * * * * * * * * * * * * * * * * * * * * * * * * * * * * * * //

dimensions      [1 -1 -2 0 0 0 0];

internalField   nonuniform List<scalar> 
20000
(
433.327
432.628
432.434
432.411
432.412
432.405
432.407
432.383
432.673
433.033
433.047
432.521
432.433
432.304
432.26
432.25
432.318
432.406
432.732
432.856
432.604
432.624
432.494
432.363
432.194
432.195
432.345
432.482
432.622
432.534
432.642
432.506
432.263
432.229
432.197
432.193
432.207
432.247
432.496
432.644
432.537
432.379
432.254
432.179
432.133
432.131
432.171
432.249
432.372
432.525
432.544
432.391
432.253
432.172
432.129
432.128
432.166
432.24
432.388
432.543
432.51
432.37
432.308
432.227
432.165
432.182
432.233
432.313
432.358
432.512
432.629
432.559
432.386
432.309
432.15
432.252
432.275
432.37
432.548
432.585
432.961
432.76
432.344
432.254
432.285
432.372
432.315
432.333
432.76
432.97
432.896
432.8
432.816
432.557
432.771
432.817
432.835
432.412
432.518
433.184
427.976
427.267
427.194
427.219
427.481
427.473
427.164
427.134
427.165
427.593
427.402
427.785
427.74
427.268
427.293
427.264
427.203
427.683
427.702
427.214
427.224
427.68
427.648
427.555
427.308
427.296
427.547
427.611
427.625
427.232
427.477
427.419
427.397
427.504
427.46
427.453
427.499
427.377
427.435
427.496
427.484
427.429
427.407
427.397
427.425
427.42
427.39
427.388
427.417
427.453
427.445
427.455
427.422
427.393
427.416
427.412
427.398
427.384
427.446
427.48
427.42
427.387
427.371
427.398
427.444
427.447
427.37
427.378
427.401
427.435
427.708
427.654
427.284
427.362
427.271
427.284
427.32
427.362
427.668
427.524
427.739
427.162
427.236
427.272
427.276
427.288
427.319
427.657
427.303
427.598
427.139
427.015
427.751
427.761
427.795
427.809
427.833
427.863
427.034
427.058
419.651
420.301
420.168
419.87
420.139
420.146
419.715
419.973
419.518
419.88
419.32
420.165
420.113
419.656
420.043
420.028
419.589
420.038
420.083
419.508
419.471
419.726
419.863
419.796
419.714
419.7
419.914
420
419.827
419.548
419.592
419.621
419.851
419.863
419.851
419.847
419.864
419.751
419.608
419.573
419.821
419.772
419.771
419.779
419.823
419.822
419.779
419.763
419.753
419.82
419.792
419.773
419.789
419.786
419.812
419.813
419.794
419.786
419.761
419.798
419.989
419.941
419.678
419.678
419.828
419.824
419.701
419.717
419.858
419.971
419.984
419.962
419.597
419.646
419.725
419.66
419.689
419.699
420.012
420.029
419.677
419.342
419.487
419.581
419.878
419.645
419.905
420.152
419.317
419.218
419.331
419.189
420.083
420.081
419.386
419.951
420.099
420.209
419.759
419.1
411.847
413.228
413.181
413.08
412.965
412.984
413.121
413.22
413.306
412.222
412.018
412.855
412.359
412.99
412.931
412.961
413.004
412.716
413.014
412.33
412.83
412.282
412.245
412.292
412.751
412.721
412.28
412.3
412.282
412.83
412.396
412.358
412.659
412.504
412.436
412.474
412.515
412.705
412.354
412.388
412.617
412.593
412.595
412.532
412.552
412.564
412.541
412.604
412.611
412.635
412.589
412.569
412.596
412.569
412.566
412.577
412.581
412.614
412.57
412.594
412.813
412.796
412.5
412.485
412.576
412.581
412.508
412.529
412.81
412.843
412.635
412.829
412.48
412.474
412.942
412.581
412.566
412.507
412.768
412.898
412.207
412.434
413.169
413.004
413.032
412.609
412.991
412.979
412.079
411.987
413.459
412.959
412.513
412.831
412.077
412.077
412.073
413.011
413.436
412.911
404.268
405.564
405.819
405.729
405.652
405.708
405.803
405.927
405.992
404.769
405.155
404.64
404.687
405.636
405.575
405.613
405.701
404.665
404.637
405.351
405.621
404.774
404.772
404.882
405.481
405.506
404.84
404.732
404.781
405.635
404.917
405.052
405.217
404.936
405.023
405.012
404.92
405.272
405.002
404.948
405.154
405.157
405.18
405.159
405.068
405.064
405.157
405.2
405.177
405.188
405.146
405.133
405.186
405.173
405.089
405.088
405.149
405.212
405.137
405.147
405.333
405.329
405.22
405.142
405.078
405.081
405.126
405.181
405.344
405.384
404.787
404.814
405.52
405.298
405.535
405.528
405.498
405.185
404.84
405.086
404.736
405.842
405.716
405.639
405.575
405.565
405.541
405.207
405.283
404.927
405.999
405.978
404.527
404.539
404.56
404.567
404.571
404.595
406.021
406.023
396.361
396.288
396.463
397.2
396.395
396.433
397.433
396.919
397.273
396.658
397.643
396.44
396.507
397.474
396.84
396.889
397.545
396.507
396.462
397.663
397.518
396.772
396.628
396.925
397.313
397.332
397.117
396.619
396.743
397.545
397.229
397.262
397.037
396.87
396.918
396.925
396.884
397.25
397.34
397.255
397.009
397.093
397.096
397.084
396.989
396.991
397.107
397.172
397.147
397.038
397.12
397.058
397.078
397.095
397.024
397.025
397.074
397.174
397.111
397.022
396.901
396.975
397.392
397.349
396.99
397.01
397.309
397.258
397.048
396.898
396.73
396.731
397.546
397.476
397.448
397.422
397.364
397.332
396.794
396.814
396.629
397.81
397.67
397.589
397.442
397.443
397.039
396.557
397.776
397.822
397.951
397.917
396.454
396.394
396.465
396.437
396.414
396.419
397.884
397.91
389.832
388.056
388.108
388.167
388.188
388.169
388.053
387.987
387.912
389.109
389.584
388.203
388.683
388.357
388.235
388.193
388.424
388.184
388.101
389.472
389.395
389.314
389.236
389.19
388.825
388.826
389.072
389.007
389.325
389.354
389.257
389.226
388.73
388.893
388.973
388.948
388.922
388.687
389.24
389.25
388.863
388.862
388.858
388.919
388.863
388.856
388.913
388.849
388.862
388.868
388.92
388.926
388.836
388.855
388.835
388.815
388.851
388.829
388.913
388.916
388.577
388.59
389.115
389.106
388.661
388.733
389.034
389.007
388.6
388.593
388.545
388.497
389.226
389.163
388.455
388.932
388.914
389.067
388.532
388.54
389.52
389.616
388.299
388.174
388.165
389.152
388.277
388.315
389.561
389.645
389.422
389.822
388.288
388.183
389.506
388.269
388.236
388.291
388.56
389.796
381.994
380.032
380.048
380.105
380.142
380.109
380.006
379.866
379.83
382.109
381.73
380.79
381.541
380.196
380.21
380.193
380.113
381.67
380.47
381.56
380.611
381.357
381.427
381.281
380.344
380.314
381.04
381.531
381.418
380.568
381.183
381.215
380.742
381.121
380.99
380.988
381.075
380.732
381.258
381.203
380.807
380.824
380.773
380.828
380.939
380.941
380.834
380.79
380.841
380.814
380.855
380.843
380.712
380.805
380.904
380.907
380.848
380.753
380.862
380.858
380.487
380.447
380.733
380.767
380.899
380.803
380.881
380.866
380.517
380.508
380.914
380.277
380.609
380.655
380.252
380.289
380.349
380.872
380.495
380.423
381.336
380.038
380.04
380.127
380.17
380.191
380.269
380.306
381.507
381.536
379.604
380.115
381.852
381.571
381.64
381.437
381.173
381.049
379.975
380.093
374.434
373.406
372.612
372.505
372.99
372.886
372.33
372.069
372.875
374.558
372.424
374.075
373.976
372.629
372.798
372.766
372.505
374.107
374.246
372.281
372.516
373.813
373.801
372.825
372.752
372.733
372.688
373.893
373.923
372.485
373.48
373.41
373.098
373.386
373.333
373.33
373.383
373.073
373.405
373.529
373.25
373.176
373.124
373.148
373.278
373.28
373.145
373.121
373.18
373.216
373.242
373.203
373.064
373.157
373.241
373.251
373.188
373.051
373.212
373.237
373.117
372.964
372.775
372.793
373.272
373.269
372.893
372.929
372.958
373.069
373.638
373.436
372.548
372.698
372.725
372.675
372.79
372.835
373.511
373.14
372.939
371.985
372.277
373.073
372.536
372.576
373.303
373.401
372.747
372.837
371.83
371.743
374.104
374.06
373.992
373.925
373.835
373.84
372.281
372.292
367.22
367.117
367.097
366.287
367.093
367.104
366.416
367.245
367.329
367.302
365.051
366.991
366.62
365.76
366.976
367.002
365.781
367.127
367.202
365.002
365.247
365.659
366.111
365.712
365.797
365.874
365.651
366.265
365.57
365.22
365.663
365.61
365.987
366.186
366.15
366.164
366.196
365.821
365.576
365.528
366.007
366.022
365.993
365.974
366.107
366.113
365.961
365.914
365.971
365.991
365.893
365.974
366.017
366.005
366.061
366.079
366.02
365.939
365.927
365.952
366.32
366.378
365.664
365.678
366.223
366.197
365.752
365.753
366.217
366.206
366.401
366.504
365.538
365.57
366.327
366.231
365.673
365.652
366.266
366.244
364.551
364.617
366.824
366.739
366.12
365.612
366.426
366.393
365.103
365.056
364.446
364.387
366.824
366.652
366.318
366.616
366.478
366.498
365.01
365.046
358.246
360.25
360.249
360.146
360.082
360.162
360.386
360.605
360.615
358.223
358.058
360.079
358.435
360.046
360.031
360.073
360.184
358.369
360.335
358.039
358.328
358.518
358.539
359.441
359.916
359.941
359.809
358.482
358.497
358.309
358.622
358.713
359.366
359.046
359.111
359.117
359.065
359.362
358.663
358.589
359.189
359.221
359.32
359.257
359.194
359.193
359.248
359.306
359.184
359.157
359.145
359.204
359.383
359.215
359.224
359.223
359.197
359.353
359.148
359.099
359.676
359.764
359.322
359.338
359.428
359.471
359.219
359.201
359.584
359.548
359.815
359.899
359.304
359.505
359.705
359.663
359.672
358.996
359.624
359.598
358.466
359.844
360.015
360.066
359.901
359.752
359.725
359.707
358.407
358.339
360.687
358.229
358.031
359.257
358.277
358.543
359.806
359.157
358.38
358.33
350.741
353.772
353.787
353.633
353.739
353.909
353.978
354.255
354.11
350.796
352.046
353.624
351.91
353.578
353.644
353.742
353.836
351.869
353.486
352.039
353.35
352.192
352.116
353.446
353.531
353.583
353.62
352.096
352.188
353.44
352.355
352.345
353.011
352.653
352.735
352.739
352.682
353.04
352.349
352.38
352.841
352.849
352.97
352.936
352.813
352.813
352.958
352.994
352.884
352.879
352.756
352.815
353.068
352.882
352.878
352.842
352.897
353.08
352.855
352.81
352.847
353.035
353.224
353.248
352.851
352.833
353.24
353.221
353.28
353.129
352.623
353.564
353.366
353.281
353.345
353.223
353.298
353.238
353.324
353.351
354.222
354.137
353.037
352.163
353.394
353.396
352.916
352.782
352.385
352.809
354.506
354.332
351.52
351.747
351.862
352.011
352.551
352.466
352.812
353.37
344.64
345.349
347.341
347.676
345.749
345.548
347.79
347.103
344.833
344.717
347.541
345.292
345.677
347.4
345.647
345.597
347.344
345.531
345.216
347.648
347.355
346.245
345.908
347.158
347.037
346.976
347.311
345.877
346.412
347.471
346.186
346.377
346.757
346.4
346.446
346.449
346.423
346.796
346.593
346.246
346.486
346.429
346.65
346.676
346.547
346.553
346.695
346.725
346.501
346.542
346.493
346.44
346.597
346.664
346.676
346.684
346.643
346.711
346.501
346.512
346.412
346.372
346.933
346.909
346.423
346.438
346.931
346.936
346.515
346.478
346.357
346.297
347.018
346.974
346.405
346.401
346.989
347.037
346.457
346.578
348.119
348.078
345.713
345.739
346.906
346.996
346.168
346.223
347.753
347.776
348.257
348.286
345.473
345.576
345.583
345.967
346.126
346.134
347.903
347.886
338.599
338.682
338.775
339.553
339.15
339.164
339.103
338.772
338.664
338.596
341.581
338.934
341.235
339.277
339.284
339.295
339.288
341.082
338.909
341.624
341.331
341.162
341.064
339.932
339.519
339.517
339.628
341.081
341.194
341.364
340.841
341.023
340.553
340.593
340.466
340.46
340.518
340.594
341.048
340.991
340.443
340.439
340.357
340.395
340.43
340.426
340.416
340.381
340.441
340.45
340.586
340.533
340.296
340.508
340.44
340.447
340.517
340.302
340.513
340.553
340.085
340.008
340.59
340.595
340.085
340.086
340.555
340.471
340.092
340.155
340.024
339.938
340.709
340.567
339.985
340.002
340.544
340.356
340.046
340.104
341.865
341.801
339.822
339.57
339.806
339.875
339.777
339.884
341.409
341.474
341.972
341.979
340.953
339.435
341.131
341.161
339.674
340.818
341.483
341.477
335.709
332.611
332.683
332.979
333.097
333.092
332.992
332.66
332.509
335.459
335.683
332.887
335.269
333.175
333.182
333.186
333.178
335.32
332.854
335.709
335.042
335.054
335.11
333.398
333.298
333.305
333.407
335.155
335.098
335.226
334.903
334.88
333.996
334.504
334.396
334.402
334.514
333.993
334.923
334.962
334.301
334.262
334.106
334.121
334.283
334.286
334.117
334.105
334.262
334.304
334.402
334.324
333.966
334.242
334.098
334.102
334.237
333.977
334.336
334.403
333.832
333.762
333.789
333.785
334.133
334.099
333.784
333.816
333.816
333.878
333.779
333.664
333.914
333.791
334.194
334.12
333.683
333.743
333.765
333.756
333.977
334.152
335.092
334.93
333.722
333.718
334.497
334.819
334.948
334.161
333.373
335.754
335.295
335.023
334.984
334.871
334.093
334.969
335.084
334.397
330.766
328.369
326.458
326.725
327.998
327.84
326.687
326.413
328.182
330.812
328.342
327.076
329.145
326.966
328.464
328.382
326.961
329.029
326.862
328.5
327.356
328.904
328.972
327.291
327.313
327.311
327.295
328.998
328.922
327.335
328.697
328.709
327.868
328.079
328.329
328.332
328.08
327.853
328.723
328.71
328.122
328.198
327.979
327.989
328.18
328.176
327.954
327.971
328.204
328.106
328.296
328.256
327.923
327.932
328.028
328.024
327.946
327.888
328.259
328.279
328.353
327.945
327.73
327.799
328.392
328.383
327.774
327.768
328.011
328.195
328.64
327.726
327.655
327.671
328.449
328.439
327.638
328.046
327.654
328.488
326.508
326.487
329.013
328.95
327.695
327.73
328.709
328.75
326.557
326.539
326.146
326.286
329.087
329.049
328.447
328.787
328.769
328.882
327.608
326.183
324.758
324.654
322.806
320.562
324
324.018
320.637
322.61
324.709
324.767
321.024
324.348
321.525
323.791
323.945
323.966
323.747
321.382
324.217
320.947
321.296
321.756
322.554
321.946
322.751
322.7
321.837
322.63
321.895
321.231
322.309
322.315
322.173
321.993
322.139
322.132
321.948
322.126
322.395
322.404
322.555
322.589
322.419
322.401
322.311
322.31
322.399
322.376
322.622
322.587
322.496
322.622
322.524
322.264
322.291
322.289
322.241
322.477
322.657
322.596
322.573
322.671
322.25
322.414
322.679
322.675
322.349
322.296
322.766
322.667
322.72
322.66
322.284
322.624
322.704
322.702
322.467
322.77
322.784
322.721
320.739
320.681
323.058
322.98
322.728
322.723
322.808
322.833
320.755
320.798
320.455
320.45
321.457
323.321
321.177
321.175
322.939
320.877
320.537
320.548
318.859
318.887
318.74
318.285
318.06
318.076
318.311
318.78
318.95
318.918
315.157
318.646
315.527
318.084
318.058
318.075
318.107
315.525
318.713
315.1
315.454
315.679
315.573
317.766
317.866
317.879
317.786
315.57
315.677
315.419
315.767
315.82
316.963
316.335
316.489
316.49
316.335
316.993
315.835
315.77
316.518
316.578
316.785
316.757
316.602
316.609
316.774
316.82
316.628
316.56
316.254
316.434
316.858
316.589
316.74
316.765
316.59
316.899
316.569
316.304
316.962
317.025
316.972
317.057
316.835
316.82
317.103
316.995
317.093
316.971
317.067
317.004
316.959
317.047
316.795
316.84
317.094
316.653
317.098
317.111
314.892
315.074
315.149
315.558
317.099
317.097
315.875
315.484
315.187
314.993
314.998
314.951
315.188
316.114
315.675
315.681
316.1
315.795
315.081
315.126
310.638
313.067
312.968
312.616
311.575
311.596
312.677
313.046
313.147
310.803
309.249
312.833
311.239
312.359
312.27
312.276
312.386
311.159
312.904
309.207
310.813
309.981
309.93
312.08
312.169
312.182
312.102
309.931
309.961
310.948
310.15
310.103
311.328
311.27
310.816
310.82
311.302
311.347
310.089
310.133
310.945
310.917
311.157
310.998
310.947
310.952
311.038
311.152
310.854
310.932
310.658
310.661
311.184
311.11
311.048
311.055
311.163
311.194
310.61
310.622
310.691
310.585
311.314
311.278
310.561
310.585
311.329
311.334
310.418
310.603
310.776
311.297
310.779
311.454
310.451
310.477
311.537
310.19
311.299
310.8
312.773
311.6
309.898
309.994
311.229
311.137
310.126
310.2
312.13
313.116
311.801
311.623
313.426
310.074
310.125
310.138
310.178
313.573
311.918
311.286
300.814
305.431
307.049
307.003
301.657
301.624
307.059
307.089
305.39
300.726
304.329
306.815
306.832
304.869
305.002
305.194
304.996
306.915
306.887
304.562
306.707
304.079
304.196
305.936
305.95
305.977
305.974
304.186
304.062
306.761
304.366
304.214
304.879
305.662
304.974
304.975
305.686
304.836
304.213
304.295
304.432
304.379
304.873
304.896
304.84
304.842
304.9
304.853
304.368
304.393
304.318
304.252
304.741
304.956
304.895
304.899
304.973
304.727
304.214
304.27
304.072
304.031
304.882
304.877
304.369
304.387
305.054
304.901
303.972
303.999
303.794
303.917
303.971
304.347
304.273
304.286
304.355
303.944
303.832
303.685
307.736
307.801
304.071
303.983
304.113
304.177
304.061
304.019
307.957
307.908
307.948
307.706
307.635
304.029
306.004
306.134
304.276
307.741
307.815
308.128
294.146
294.041
299.46
298.67
295.821
295.803
299.161
300.135
293.929
294.054
300.932
299.591
300.27
295.719
295.758
295.692
295.643
300.331
299.73
300.957
300.402
300.329
300.163
297.509
297.001
297.085
297.489
300.193
300.353
300.425
299.745
299.286
298.048
298.945
298.694
298.703
298.969
298.073
299.216
299.735
298.398
298.402
298.261
298.435
298.553
298.556
298.422
298.271
298.4
298.382
298.21
298.468
298.149
298.474
298.533
298.539
298.468
298.195
298.474
298.123
297.747
297.825
297.996
297.96
297.959
297.987
298.032
298.047
297.838
297.729
297.496
297.569
299.32
297.885
297.841
297.887
297.985
299.821
297.502
297.507
300.984
301.026
299.22
298.767
297.695
297.695
298.792
299.493
301.222
301.241
301.204
296.873
295.704
300.397
300.06
299.98
300.389
295.23
297.031
301.491
292.057
288.103
288.554
288.98
294.195
294.03
288.685
288.231
287.937
291.955
295.512
288.466
291.077
289.507
289.842
289.783
289.328
290.322
288.352
295.513
293.564
293.656
293.677
290.013
289.963
289.904
289.904
293.608
293.611
293.706
293.301
293.283
291.598
290.868
292.059
292.057
290.825
291.593
293.206
293.273
292.138
292.063
291.677
291.747
291.835
291.835
291.733
291.672
292.044
292.121
292.546
292.409
291.594
291.584
291.717
291.747
291.578
291.604
292.384
292.515
293.016
292.824
291.4
291.38
291.931
291.961
291.404
291.418
292.791
292.922
293.939
291.796
292.828
291.109
292.417
292.438
291.169
292.932
291.68
294.105
292.166
288.976
292.887
293.217
291.836
291.62
293.343
293.049
289.02
292.494
288.704
287.875
287.751
293.244
292.929
292.916
293.334
287.673
287.797
288.854
292.493
281.209
281.652
282.23
291.147
291.231
281.888
281.223
281.024
292.499
289.116
281.594
281.759
283.201
283.433
283.359
282.948
281.645
281.438
289.237
282.94
286.687
286.276
283.338
283.348
283.326
283.235
285.925
286.551
282.813
285.435
286.28
286.236
283.895
285.326
285.316
283.81
286.12
286.146
285.529
285.674
285.845
285.22
285.105
285.168
285.15
285.046
285.169
285.824
285.626
286.044
286.008
285.406
284.975
285.028
285.003
284.906
285.384
285.952
285.966
286.543
286.265
284.553
285.311
285.729
285.684
284.873
284.882
286.182
286.44
287.357
286.61
285.815
285.752
285.684
285.707
285.617
285.806
286.491
287.192
280.929
281.103
284.073
285.731
285.771
285.809
285.818
283.361
280.986
280.785
281.039
281.161
280.651
281.848
284.163
283.81
281.423
280.539
281.086
280.793
286.111
283.946
275.93
276.469
283.803
283.896
276.135
273.808
284.033
286.065
275.766
275.255
275.227
285.493
284.983
285.011
285.631
275.047
275.192
275.933
276.069
278.008
276.063
279.419
278.461
278.326
279.359
276.198
278.225
275.969
277.165
279.625
279.427
277.838
277.921
277.899
277.771
279.376
279.562
277.115
279.146
279.287
279.041
278.45
278.523
278.514
278.439
279.095
279.241
279.102
279.319
279.332
279.07
278.371
278.385
278.38
278.37
279.092
279.283
279.288
279.64
279.634
278.961
279.088
279.045
279.013
279.101
279.151
279.647
279.601
280.135
279.649
275.527
278.921
278.929
278.881
278.874
275.695
279.781
280.06
274.466
275.096
275.648
277.204
278.92
278.963
277.323
275.997
276.518
274.337
274.739
285.713
280.429
273.722
274.063
273.958
273.544
281.255
285.241
274.169
276.13
281.223
280.511
275.297
268.355
268.348
274.91
279.659
281.035
276.044
267.611
269.659
274.405
278.376
277.743
277.884
278.516
277.585
269.295
267.397
268.736
269
269.533
277.141
276.691
276.773
277.319
269.753
269.055
268.609
269.963
270.38
271.592
272.588
271.918
271.928
272.373
271.647
270.439
269.945
271.817
271.709
272.101
271.962
271.825
271.822
271.934
272.036
271.662
271.77
271.508
271.069
271.873
272.115
271.521
271.517
272.091
271.7
271.036
271.435
270.861
270.381
272.427
272.294
271.447
271.421
272.286
271.627
270.311
270.791
268.108
269.038
268.828
270.732
272.049
272.15
271.117
268.991
269.018
268.054
272.559
278.831
270.421
269.457
269.365
269.803
269.525
272.292
278.469
272.597
278.753
280.172
279.47
271.111
268.647
268.624
272.542
278.977
279.674
277.431
257.206
273.42
272.84
263.996
254.783
254.669
263.886
272.935
273.434
256.994
259.106
270.582
272.473
270.711
269.896
269.958
270.888
272.524
270.173
258.984
268.643
262.109
263.39
269.692
269.58
269.698
269.85
264.42
262.264
268.633
263.219
262.667
262.872
268.135
264.93
264.915
268.22
263.042
262.836
263.258
264.236
264.309
264.9
265.233
264.964
264.973
265.293
264.929
264.386
264.297
263.607
263.839
264.347
265.333
264.977
264.978
265.388
264.326
263.961
263.701
262.53
263.177
265.01
264.819
263.586
263.614
265.292
263.881
263.432
262.694
261.493
262.927
267.824
263.6
263.314
263.378
263.624
267.624
265.884
261.638
270.066
270.508
270.929
263.515
263.172
263.222
263.515
270.943
270.04
269.347
271.681
267.014
272.692
273.23
262.91
264.42
273.404
272.468
265.673
270.799
249.328
267.011
266.638
249.269
249.27
249.179
249.327
266.739
267.101
249.172
254.802
266.191
265.671
260.619
256.639
256.721
260.85
265.686
266.368
254.564
264.217
260.037
260.708
262.261
261.698
261.79
262.418
262.349
259.494
264.422
259.682
256.553
256.39
260.876
260.066
260.235
261.06
256.641
256.715
259.459
257.366
257.062
258.11
258.314
258.453
258.518
258.676
258.16
257.224
257.466
256.72
256.631
257.26
257.932
258.539
258.587
258.523
257.502
256.857
256.902
256.135
256.22
256.917
256.847
256.757
256.797
257.012
258.294
256.61
256.34
259.532
259.817
260.456
257.17
256.658
256.601
257.635
260.254
259.702
260.44
261.232
250.365
257.794
260.058
259.093
258.026
259.26
257.031
248.324
261.185
257.376
242.844
255.193
266.229
263.35
263.252
264.944
255.227
242.752
257.667
241.701
248.052
261.262
245.247
246.126
246.203
245.124
261.346
247.451
241.495
257.747
259.539
259.461
245.54
244.49
244.471
245.405
259.581
259.705
257.755
257.881
259.176
255.795
246.518
250.52
250.372
246.163
255.986
259.443
258.049
255.584
250.594
249.477
251.336
252.34
252.406
252.18
249.632
250.569
255.65
250.963
250.714
250.737
251.06
251.302
251.327
251.353
250.505
250.753
251.015
250.679
251.571
250.19
250.268
251.526
251.561
250.41
250.105
251.592
250.796
251.464
252.005
252.349
249.626
249.946
249.831
250.303
252.347
251.867
251.087
250.835
247.238
251.928
253.153
249.251
249.286
253.037
252.026
243.415
250.853
242.793
237.544
239.265
253.958
254.414
254.409
253.672
239.203
237.719
245.509
232.435
234.986
237.378
242.215
255.796
255.352
241.581
237.311
234.946
232.981
234.331
231.609
236.021
252.171
253.965
254.167
251.505
236.139
231.222
234.026
252.788
253.041
247.589
239.197
239.662
239.595
239.027
247.416
252.864
252.776
251.734
252.352
249.485
239.878
239.352
239.252
239.61
248.907
252.602
251.926
248.945
246.894
242.974
241.903
245.606
245.621
242.946
242.878
246.464
248.839
244.469
244.383
243.487
244.278
245.101
245.129
244.405
243.496
244.281
244.4
244.98
245.047
243.336
243.699
245.443
245.409
243.755
243.457
244.83
244.813
245.379
245.715
242.702
245.094
246.192
246.079
245.655
242.84
245.12
245.107
240.478
239.603
240.699
246.075
246.514
245.91
245.796
240.861
237.314
237.913
239.642
237.323
233.936
246.642
247.176
246.985
246.688
233.963
236.33
238.578
243.085
231.956
231.613
232.402
248.086
247.7
232.558
231.589
233.288
244.561
234.624
225.144
225.438
252.804
253.039
253.094
252.625
225.355
224.892
234.398
230.539
241.23
230.946
234.803
237.466
236.93
234.906
229.99
240.451
230.86
234.713
245.017
245.144
233.823
233.57
233.525
233.666
244.509
245.237
234.71
240.652
243.335
238.297
235.374
239.645
239.664
235.264
237.964
243.577
240.559
238.446
238.319
237.941
238.695
239.044
239.04
238.581
237.884
238.405
238.551
238.717
239.132
239.136
239.183
238.86
238.954
238.789
239.06
239.112
238.949
236.647
236.278
235.453
240.002
240.355
240.328
239.989
235.734
236.714
237.686
248.661
241.774
235.614
237.892
240.773
240.612
238.217
236.067
243.353
249.163
256.626
255.342
252.133
236.609
234.125
233.173
235.425
252.742
254.924
253.171
258.189
243.406
235.226
237.776
233.395
232.776
240.127
234.94
246.219
258.238
243.197
215.93
216.471
240.433
242.049
242.187
241.424
216.557
215.7
242.651
216.861
217.521
226.398
239.255
240.147
240.07
239.901
225.19
216.697
216.664
218.767
236.101
239.055
231.615
227.733
227.615
230.261
238.883
236.176
218.551
232.07
235.327
234.745
230.151
228.056
227.864
228.671
233.553
235.548
231.83
230.881
230.609
231.009
230.67
231.203
231.098
230.381
230.687
230.612
231.091
229.85
230.249
231.347
232.61
230.837
230.876
232.248
230.726
230.347
229.844
229.726
232.305
230.506
230.228
233.799
233.777
229.087
230.533
233.203
229.644
247.418
247.089
235.406
224.124
233.414
233.406
224.866
237.187
246.886
247.202
251.008
249.978
249.478
227.881
221.916
221.926
230.871
249.139
249.632
250.719
253.58
251.431
244.634
245.544
231.854
231.885
245.616
244.95
251.072
253.381
243.311
218.899
207.498
211.441
229.218
228.911
214.549
207.596
218.939
242.869
208.286
206.071
220.989
232.444
232.559
232.711
232.393
221.047
205.875
208.038
210.131
218.722
230.811
231.939
220.087
219.803
231.231
230.603
220.268
209.995
220.846
226.463
228.912
223.317
219.325
219.212
221.018
228.325
226.806
221.2
223.354
224.161
223.225
222.593
221.298
221.268
222.196
223.159
223.978
223.421
223.423
224.48
223.062
224.516
220.535
220.634
224.25
223.141
224.286
223.105
230.791
233.272
226.669
217.643
219.444
219.254
217.856
227.633
233.89
230.323
238.052
238.162
238.211
216.219
215.205
215.263
216.799
238.107
237.939
238.002
241.605
241.234
241.322
231.298
215.177
215.167
239.167
240.99
240.998
241.44
245.361
243.797
235.966
232.827
247.188
247.548
232.133
235.897
243.405
245.096
235.27
227.249
198.529
198.14
203.58
203.647
197.973
198.419
227.116
234.919
198.121
197.089
202.203
219.844
220.776
221.179
220.504
203.497
196.963
197.882
199.574
199.065
216.913
218.868
215.409
215.103
220.561
218.166
199.031
199.61
209.412
214.136
218.678
215.122
209.27
209.132
212.84
218.739
214.985
209.205
215.841
217.487
215.317
212.458
211.282
211.191
212.102
215.362
217.442
215.096
216.875
218.435
216.526
212.115
211.067
211.041
211.645
216.581
218.464
216.179
225.323
225.425
224.252
207.592
206.616
206.697
207.894
224.115
225.169
225.048
226.856
227.289
227.314
206.888
205
205.062
208.772
227.058
227.066
226.759
230.241
230.54
230.544
232.443
205.401
206.396
232.179
229.986
230.228
229.998
234.361
231.14
210.989
212.104
240.072
240.133
216.174
202.375
230.622
233.99
224.007
226.377
190.659
196.202
189.564
189.227
189.232
190.506
225.787
223.647
193.128
186.881
186.252
200.679
201.257
204.419
200.285
185.673
186.694
192.692
188.469
187.858
191.02
191.456
206.212
206.798
198.332
193.582
187.983
188.429
202.017
200.077
205.761
202.853
196.99
197.103
205.446
206.563
200.291
201.186
208.352
207.642
206.491
201.077
199.785
199.868
201.568
207.083
207.891
208.056
209.947
211.007
207.753
199.076
199.884
199.772
199.694
208.675
211.153
209.526
213.756
212.881
212.094
195.853
195.08
195.279
196.502
212.238
213.019
213.735
214.648
214.826
214.957
198.684
194.013
194.118
205.342
214.964
214.861
214.641
217.881
217.965
217.705
217.502
195.856
197.052
220.482
217.154
217.814
217.702
221.35
202.794
172.474
204.521
229.538
229.428
194.95
174.874
202.939
221.148
212.027
216.497
212.38
217.953
177.818
177.762
208.708
207.332
215.87
211.414
183.697
174.084
175.341
176.788
187.94
187.282
175.942
174.977
174.014
186.161
177.414
174.256
176.059
178.449
193.788
195.012
177.984
175.881
174.643
177.941
196.31
188.437
189.712
186.013
184.184
184.222
191.583
191.506
187.149
195.279
198.031
196.238
194.286
190.178
187.449
187.477
190.567
194.955
196.174
197.831
200.358
199.739
195.692
187.661
186.933
186.782
188.14
196.932
199.634
199.862
202.663
201.15
200.552
185.554
184.589
184.713
186.27
200.46
201.19
202.674
202.876
202.851
203.6
198.988
183.634
183.779
204.557
203.403
202.795
202.828
205.436
205.129
201.983
210.436
196.096
198.894
210.08
198.772
204.922
205.212
207.526
171.186
166.806
198.182
216.451
216.292
193.686
168.707
171.118
207.296
199.288
204.253
208.001
208.867
169.238
167.302
208.345
207.468
203.799
198.555
154.168
159.404
162.091
167.114
190.808
184.22
165.697
161.442
159.303
156.698
159.646
157.55
162.065
164.888
181.772
183.138
164.516
162.135
157.974
159.818
181.695
171.832
166.767
167.069
170.284
170.256
170.513
168.205
170.36
181.585
182.542
181.009
178.813
176.135
173.49
173.56
176.654
179.428
180.899
182.344
185.377
185.816
180.916
174.407
173.178
173.414
174.807
182.35
185.666
184.956
191.393
188.867
188.395
174.647
172.489
172.681
176.266
188.102
188.828
191.469
191.108
190.538
191.806
194.735
172.187
172.19
194.486
191.517
190.444
191.093
192.997
191.658
187.569
198.208
200.417
200.699
198.228
184.3
191.458
192.839
191.501
136.421
157.103
200.45
202.346
202.32
200.634
159.236
134.334
191.609
155.369
175.106
185.057
182.995
173.912
172.281
182.751
184.703
175.314
154.493
123.383
143.472
162.791
171.397
182.718
182.284
169.091
160.929
143.993
122.866
134.999
138.524
144.134
150.511
174.967
175.845
151.084
144.066
138.731
134.672
158.874
148.101
147.479
150.36
154.839
154.858
150.71
147.551
146.472
158.548
159.485
159.123
157.495
158.416
157.258
157.346
158.926
158.324
158.522
159.053
161.452
166.585
159.9
158.705
157.663
157.846
159.262
161.579
165.751
160.974
176.806
174.357
172.602
160.68
158.355
158.406
163.096
173.97
174.196
177.32
179.245
177.509
178.883
181.585
162.418
163.058
181.299
178.537
177.341
179.075
180.872
179.06
180.827
184.627
187.071
187.16
184.628
178.84
178.64
180.739
175.817
119.673
148.009
188.113
189.27
189.405
188.39
149.525
115.825
174.867
75.1869
95.3717
151.587
151.703
153.189
152.89
151.365
151.171
97.2221
74.4586
88.8541
117.751
152.406
153.669
153.63
153.471
153.304
151.415
118.631
88.4398
110.736
113.79
120.342
146.286
152.647
152.513
146.558
120.442
113.205
110.724
133.226
119.126
125.584
131.87
144.466
144.62
132.89
125.845
118.432
132.798
132.728
131.049
133.051
136.82
139.495
139.567
138.381
133.442
130.493
132.444
134.697
142.171
137.459
138.749
142.239
142.208
139.852
138.087
141.227
134.662
146.648
145.508
147.108
143.335
141.565
141.746
146.048
151.441
146.786
148.231
157.236
162.395
163.493
165.056
164.137
164.52
164.778
163.077
162.116
158.476
168.777
166.436
168.312
169.411
170.059
170.085
169.347
168.134
166.28
168.42
160.4
116.012
153.086
174.638
174.773
174.989
174.834
152.531
111.976
158.242
4.63686
2.12322
42.6377
82.8883
84.7206
84.6623
82.6547
41.932
1.64048
4.18964
37.6672
43.4464
84.45
87.9329
89.5934
89.5456
87.6736
84.5572
43.916
37.9859
84.3918
65.6102
69.6848
94.6401
96.14
96.0518
94.3171
70.4633
63.9505
83.7743
92.647
75.396
79.7961
96.6511
104.187
104.168
98.4997
79.6085
74.8232
91.1634
98.1176
94.5763
97.4834
101.813
106.5
106.682
102.316
97.5264
94.1872
97.3582
108.963
114.316
110.44
112.829
120.116
120.264
114.22
109.982
113.874
108.648
115.653
125.475
123.496
123.114
133.202
133.972
126.001
125.981
122.129
115.031
143.743
148.968
149.911
150.108
149.206
149.16
149.776
149.642
149.038
145.049
164.371
162.32
163.069
162.992
162.216
162.323
162.879
162.913
162.237
163.91
147.738
113.169
140.155
154.401
143.17
142.942
152.969
138.666
110.331
145.315
-17.1088
-40.893
-20.331
33.1885
37.3954
37.3841
33.3579
-17.6403
-41.2744
-16.4712
35.8715
22.1605
40.6774
42.7468
44.3095
44.2898
42.698
40.6836
22.5652
36.6848
52.849
42.8272
31.8
52.1793
53.3116
53.2771
52.1061
31.4281
40.2169
52.8884
55.8766
36.5978
37.4263
46.7149
55.1584
55.424
48.0465
37.0508
36.0309
54.7116
57.4548
54.3535
55.0641
56.5687
57.9103
57.9039
56.5426
54.9008
54.0665
56.8559
71.6339
70.6251
70.5798
71.2693
71.5683
71.5074
71.207
70.4158
70.5129
71.2678
84.5076
85.0699
82.7429
83.3532
84.9809
85.0024
83.5945
82.8393
84.8336
83.2532
82.1087
93.2086
83.9553
87.0865
96.3308
96.5635
89.4467
85.8164
89.9152
80.5942
73.8033
68.6196
71.2382
69.3901
64.4747
64.4071
68.4973
70.3866
69.3114
74.445
59.871
54.0944
55.5016
57.4481
52.6688
52.468
56.5479
54.9488
54.2333
59.3775
435.861
435.739
436.279
435.873
438.553
438.591
434.712
436.748
435.23
433.877
434.785
434.627
434.47
434.435
434.567
435.801
434.312
434.325
439.662
438.901
436
436.195
436.196
436.291
433.56
433.516
435.844
433.666
434.004
437.374
435.758
435.652
435.492
435.681
435.185
435.107
435.689
434.517
434.796
436.645
435.262
435.053
433.878
434.466
434.852
434.731
434.729
435.006
435.345
435.87
434.433
434.798
434.536
434.353
433.617
434.047
434.439
434.803
435.125
433.701
433.295
433.259
434.263
434.039
433.073
433.23
434.13
433.905
434.496
433.452
433.068
433.009
433.812
433.717
433.358
433.33
433.686
433.47
432.874
433.168
432.916
432.844
433.461
433.358
433.246
433.292
433.444
433.443
432.813
433.419
433.208
432.798
432.605
432.691
432.965
433.012
432.742
432.704
432.837
433.252
426.47
429.525
431.527
429.214
430.294
430.104
425.072
424.109
423.758
424.06
426.117
427.668
429.951
429.055
430.879
430.772
430.718
424.191
432.795
424.847
428.65
428.679
428.809
429.097
425.599
425.859
430.222
426.605
425.386
430.324
428.59
428.65
426.293
428.484
425.151
425.319
428.374
425.36
425.039
425.813
427.715
427.12
426.068
425.579
428.517
427.432
425.684
426.163
428.66
426.16
426.661
428.6
428.262
426.479
428.607
428.576
426.767
427.638
428.852
428.889
426.826
428.799
428.51
428.207
427.057
427.452
428.409
428.545
426.398
427.787
427.033
427.412
428.192
428.092
426.917
426.879
428.511
428.692
426.659
426.925
428.024
427.193
427.102
427.565
427.196
427.271
427.703
427.188
427.358
427.003
428.048
427.211
427.159
427.181
427.644
427.687
427.155
427.154
427.147
427.608
421.947
423.632
424.004
424.145
417.071
417.141
423.592
415.335
415.47
416.045
422.987
423.554
423.947
424.056
423.598
423.508
423.513
421.659
425.447
416.457
421.445
417.695
416.106
418.862
420.816
421.452
422.625
425.551
417.292
422.839
418.03
416.498
416.651
416.54
416.902
417.41
417.545
417.61
417.142
417.356
417.299
416.921
419.174
417.047
419.549
417.63
417.695
417.69
419.574
417.312
418.397
418.237
418.743
417.71
420.711
420.714
417.496
417.459
418.465
421.064
420.386
420.919
419.345
420.431
420.81
420.736
420.545
420.491
418.376
421.163
421.127
421.111
419.411
419.402
419.056
418.996
420.595
420.867
420.94
420.464
420.931
420.501
419.062
418.959
418.964
418.909
418.883
418.909
420.958
419.337
419.994
419.477
420.124
419.672
419.333
419.298
419.38
419.81
419.465
419.588
416.212
416.635
416.933
417.158
409.158
409.22
416.543
407.731
407.949
408.511
416.261
416.666
416.72
417.122
411.443
409.94
414.346
418.182
418.33
416.458
409.39
408.828
408.538
408.592
415.759
415.75
409.46
418.635
416.186
415.988
409.061
408.995
411.231
408.953
413.789
413.72
409.937
418.064
410.064
410.241
409.374
411.013
415.112
414.442
410.84
410.768
412.294
410.988
409.793
410.107
414.341
411.182
411.343
413.363
413.296
413.16
410.298
410.346
409.986
413.748
414.261
411.822
411.373
411.532
413.813
413.723
412.468
410.537
411.826
414.029
414.095
413.907
411.466
411.536
412.363
412.574
411.369
411.806
414.024
413.917
413.725
413.806
411.708
411.636
411.709
411.64
411.475
411.546
413.723
413.378
411.745
413.451
413.258
413.167
411.801
411.741
413.206
413.345
413.56
412.212
408.461
408.871
409.399
409.613
401.327
401.33
408.87
400.871
399.958
409.691
408.554
408.536
401.132
406.136
401.196
401.204
401.644
410.782
410.764
410.287
401.12
400.634
400.349
400.505
408.106
408.104
401.196
410.997
411.351
404.711
401.128
402.621
407.434
403.13
408.192
408.314
401.756
410.544
404.486
405.414
406.485
407.41
407.57
407.521
403.535
403.318
408.791
409.893
402.178
402.444
406.965
403.724
405.445
407.309
403.62
403.548
406.832
405.426
402.308
403.035
406.868
403.751
403.85
403.901
406.33
406.412
403.431
403.416
407.483
406.658
406.749
405.521
403.925
403.987
406.473
406.549
403.693
403.605
407.072
406.636
404.115
406.199
406.054
404.322
405.767
405.817
403.981
404.335
405.843
406.404
404.147
406.082
405.963
405.818
404.562
404.511
405.906
405.978
406.101
404.753
400.224
400.861
398.531
401.613
397.156
396.754
401.417
402.01
391.704
401.368
400.319
392.683
392.359
392.47
392.595
392.806
392.801
402.451
401.004
401.688
392.566
392.051
391.988
392.111
400.07
399.558
392.688
395.573
403.207
393.346
393.386
399.452
399.596
399.561
400.136
400.415
400.735
401.798
402.607
401.385
399.053
399.476
399.472
399.519
395.921
400.519
400.882
401.194
394.038
399.906
398.971
398.476
399.378
399.401
395.452
395.629
400.456
400.782
398.184
395.481
398.841
395.795
396.298
395.92
396.06
395.538
395.683
395.632
399.992
395.663
395.867
395.688
395.88
396.041
398.509
398.614
395.84
395.787
396.265
397.597
395.789
396.589
398.238
398.376
398.618
398.709
397.79
398.549
395.66
398.241
395.936
397.67
397.102
397.405
396.795
396.71
397.886
397.842
398.017
396.647
392.12
386.398
384.14
393.554
393.821
393.839
389.205
393.166
383.793
393.185
390.522
384.301
384.034
384.251
384.754
385.564
384.682
387.004
384.564
393.433
384.222
389.078
391.233
384.06
386.51
384.756
384.574
384.529
395.08
385.006
391.101
391.692
391.791
391.459
391.738
391.641
392.363
386.379
394.537
389.612
391.185
391.512
388.779
391.445
392.167
392.538
392.379
391.273
385.677
391.628
391.099
391.383
391.187
391.275
387.215
387.247
392.196
391.83
391.869
387.033
387.649
388.133
390.861
387.73
387.134
387.146
387.428
391.158
391.909
387.344
387.506
387.599
390.265
390.42
389.747
389.486
389.845
389.442
387.523
387.349
387.552
387.698
390.383
390.55
390.532
390.683
390.917
390.767
387.492
388.453
388.368
387.895
388.063
388.156
390.358
390.43
388.019
387.895
387.869
389.754
379.781
376.366
376.173
381.271
385.842
385.995
376.519
379.845
376.062
385.216
376.279
376.294
376.23
376.254
386.236
386.465
376.647
376.584
376.376
385.342
380.807
384.418
384.776
376.354
376.721
377.21
381.628
376.739
387.519
377.082
383.725
384.042
381.481
383.54
378.663
377.73
384.544
377.03
379.631
377.363
383.541
381.703
378.49
382.199
383.959
384.305
380.112
377.2
377.487
383.422
380.122
383.278
379.772
379.99
382.158
382.515
378.761
379.897
383.924
382.054
379.481
382.927
382.604
382.552
379.303
379.275
382.695
383.761
384.058
379.32
379.492
379.641
382.413
382.446
379.231
379.184
383.453
383.543
379.404
379.3
379.549
379.723
381.526
382.454
381.114
380.807
383.097
382.816
379.476
379.345
381.999
379.862
380
380.081
382.139
382.195
379.89
379.793
379.638
382.107
369.165
368.782
368.525
368.727
373.939
376.13
368.396
368.73
368.425
373.977
369.065
368.921
372.763
368.885
379.237
379.378
376.524
369.011
368.76
369.761
376.627
377.15
377.503
373.176
369.701
370.021
379.008
369.209
380.147
369.237
376.252
375.915
370.947
372.415
369.965
369.983
372.118
369.407
369.558
369.304
372.645
371.049
370.806
370.691
374.236
372.387
369.925
369.545
369.769
372.331
371.592
375.331
370.942
370.828
375.53
375.51
370.088
369.802
376.018
377.15
371.685
375.05
374.848
374.901
372.899
372.456
376.219
376.353
376.738
371.796
371.744
371.889
374.773
374.774
371.54
371.478
375.974
376.038
371.7
371.591
372.188
371.982
372.052
374.096
371.642
371.594
374.004
371.76
371.717
371.617
374.496
372.095
372.207
373.265
374.243
374.265
373.061
371.933
371.835
374.503
361.915
361.578
365.855
361.406
361.431
362.155
369.136
361.346
361.037
361.422
362.032
364.229
370.164
368.959
371.799
372.28
372.384
361.728
361.401
361.664
369.642
370.242
367.954
370.536
362.611
362.583
372.089
361.85
373.376
361.754
365.944
363.859
363.31
362.919
362.576
362.399
362.472
362.037
362.243
361.851
363.877
363.625
363.506
363.174
362.699
362.275
362.418
362.208
362.403
362.112
364.045
364.016
363.515
363.399
367.979
368.255
362.576
362.378
362.7
369.936
364.184
367.336
366.598
367.599
368.258
368.647
368.623
367.599
369.175
369.474
365.328
366.423
367.202
366.318
364.153
364.12
366.454
365.671
366.09
364.212
367.496
364.966
364.408
364.26
364.178
364.065
363.936
363.912
364.104
364.291
367.289
366.801
365.616
366.408
365.252
365.503
366.571
365.224
365.332
367.095
355.019
354.43
364.204
359.745
354.63
355.02
365.698
353.646
353.397
354.053
355.086
363.323
363.481
363.515
363.931
362.518
365.388
353.996
362.898
354.207
362.782
363.39
356.355
363.608
363.055
362.279
365.092
361.355
366.645
364.206
356.97
356.702
356.212
355.994
355.702
355.475
355.579
359.496
355.376
355.139
356.819
356.687
357.246
356.072
355.561
355.362
355.602
356.959
355.488
355.311
356.927
356.741
356.645
356.385
360.418
360.352
355.78
356.003
355.458
363.322
359.138
357.633
356.809
358.549
361.093
361.365
358.709
356.036
358.331
362.863
360.84
360.796
357.138
357.184
359.48
359.655
356.544
356.407
361.818
361.675
360.81
360.64
357.252
357.216
357.206
356.959
356.683
356.674
360.772
357.46
359.816
360.444
360.24
358.787
357.401
357.31
359
360.701
360.98
357.119
348.236
356.352
357.454
357.456
355.338
356.81
359.163
349.352
352.369
347.221
349.643
356.289
349.726
349.264
346.055
346.002
350.659
346.797
359.929
347.413
356.045
356.595
355.925
356.23
356.422
356.263
349.128
359.719
359.934
359.096
354.519
351.563
350.171
355.167
354.378
353.006
352.068
359.115
354.939
351.414
350.284
350.097
355.943
354.781
349.111
348.872
355.43
358.303
349.086
349.116
350.393
350.205
353.733
354.441
349.37
349.267
354.318
356.754
349.044
349.701
354.421
350.381
350.567
350.675
354.103
354.472
349.557
349.658
349.146
356.012
354.415
354.324
350.788
350.735
354.605
354.601
349.917
349.913
355.477
355.912
354.413
354.261
350.971
350.846
353.417
353.835
350.241
350.236
355.161
355.387
350.69
354.009
353.852
351.051
351.113
350.93
350.514
354.4
354.716
350.616
348.882
350.584
350.967
351.241
347.123
346.413
352.959
352.304
352.537
345.86
349.978
345.804
345.498
341.294
339.467
339.279
339.546
351.615
348.623
348.603
350.041
350.189
350.249
346.61
343.429
343.939
339.82
353.438
353.3
352.927
349.746
350.186
350.332
350.728
351.106
351.802
352.4
353.159
353.272
353.053
344.343
344.104
350.108
350.369
348.847
348.845
351.884
352.605
343.591
343.063
346.023
344.204
349.757
350.054
343.618
343.565
351.317
351.759
342.883
342.893
348.583
344.359
344.628
344.564
344.003
344.391
343.364
343.415
343.033
349.785
348.441
348.269
344.693
344.682
348.493
348.538
343.654
344.277
349.39
349.611
348.344
348.268
348.127
345.551
348.524
348.579
346.173
348.441
349.295
349.424
344.516
347.827
348.011
346.653
345.868
346.152
346.975
348.599
347.456
344.594
344.371
344.778
344.694
340.463
333.476
333.383
344.978
346.861
346.953
346.851
344.25
340.018
344.937
345.241
333.591
333.535
338.159
347.261
340.004
347.145
344.189
344.253
344.49
335.29
333.847
333.709
333.993
347.465
347.228
347.129
344.097
344.194
344.674
344.995
345.085
345.078
344.962
347.373
347.078
347.117
339.822
344.063
344.368
344.647
345.114
345.185
343.058
341.38
346.866
342.488
343.303
338.775
344.095
344.28
337.947
337.714
344.77
336.156
337.621
337.415
342.939
338.669
338.7
338.386
337.817
337.692
338.216
339.518
337.23
338.302
342.449
342.511
341.735
340.52
342.61
342.634
341.937
343.446
343.454
343.482
340.248
342.536
342.539
342.619
342.672
342.76
342.97
343.259
343.256
342.211
338.518
338.441
340.278
342.425
342.632
342.718
342.778
339.778
338.387
338.523
338.563
339.068
336.066
329.012
330.012
330.173
328.378
334.988
341.789
340.75
338.588
335.722
339.365
339.827
328.698
327.872
341.963
341.469
335.207
340.882
338.556
337.921
339.202
337.781
337.516
336.054
336.428
341.67
328.216
341.416
338.408
338.38
338.754
330.224
339.678
339.683
327.477
341.717
340.432
341.118
338.224
338.186
332.869
330.879
339.379
339.314
327.795
328.511
340.413
340.98
337.926
337.86
334.528
337.955
336.798
337.447
337.202
328.947
339.781
335.174
334.071
334.62
335.71
336.252
332.282
332.276
337.543
337.652
333.165
331.133
331.766
334.859
336.726
336.674
333.307
333.141
337.466
337.623
333.405
332.91
331.746
332.189
336.654
336.682
335.934
335.884
337.266
337.376
331.689
331.521
332.096
332.242
332.534
336.536
336.654
336.823
337.006
332.477
332.1
331.985
328.232
327.054
323.204
324.138
336.316
336.39
323.143
321.525
325.357
328.563
327.875
334.337
334.75
335.264
335.97
336.372
336.905
336.02
335.972
328.867
332.419
319.202
319.169
333.86
335.345
335.699
322.595
336.214
319.117
320.113
332.399
326.683
329.723
321.388
323.823
324.058
320.795
334.953
320.031
334.543
332.171
330.575
321.896
322.335
325.504
326.889
321.798
322.021
331.527
334.268
331.873
331.684
322.696
323.669
331.494
331.533
322.591
322.656
333.186
333.72
325.6
331.46
330.832
330.697
330.502
329.934
331.607
331.954
332.55
325.053
325.528
325.525
330.619
330.619
325.916
325.901
331.518
331.588
325.204
325.156
325.5
325.575
330.48
330.488
325.979
325.954
331.316
331.353
325.368
325.204
329.992
325.937
326.228
328.947
330.043
329.929
327.658
326.176
325.792
330.211
316.506
316.577
316.794
327.131
331.084
331.032
329.641
315.623
315.948
315.571
315.338
329.05
330.068
330.965
330.981
331.057
322.552
331.198
330.339
314.439
314.138
313.193
312.738
312.958
330.55
330.763
312.163
317.594
313.244
313.682
323.406
313.701
313.247
314.435
315.877
315.238
313.217
313.965
313.666
315.188
325.64
314.931
314.679
315.713
316.6
316.557
323.425
315.429
314.486
327.605
325.352
325.127
315.995
316.484
325.468
325.819
316.38
315.966
326.323
325.19
319.064
325.062
324.73
324.736
325.667
326.204
325.795
325.849
326.275
318.577
319.21
319.128
324.561
324.647
319.762
319.756
325.637
325.57
318.817
318.767
319.248
319.199
322.032
322.656
319.718
319.7
321.771
321.003
318.947
318.862
324.741
322.842
319.971
320.113
319.921
319.887
320.008
319.865
322.776
324.771
311.181
318.142
330.617
329.939
318.708
320.167
329.601
329.79
318.01
312.886
309.618
322.831
317.137
305.851
323.225
318.229
305.665
310.868
318.676
308.839
307.364
306.948
306.334
305.519
312.766
311.546
305.491
306.478
307.046
307.496
308.032
307.254
306.516
320.294
309.535
309.582
322.561
307.064
307.307
307.949
319.137
311.666
322.463
325.043
314.393
314.722
325.989
319.227
310.547
319.165
313.914
314.959
312.573
311.902
319.591
319.665
311.481
310.759
315.796
310.724
312.855
318.53
316.876
316.138
317.416
317.769
314.819
318.166
319.362
311.695
313.01
313.122
314.401
316.774
313.595
313.604
315.901
314.727
312.694
312.492
314.063
313.294
313.249
313.421
313.503
313.454
313.215
313.05
312.906
315.144
318.853
318.986
317.79
313.647
313.619
313.594
313.481
317.416
319.018
318.898
323.609
325.032
325.524
309.737
298.053
298.12
310.782
325.43
325.178
323.675
322.569
302.13
299.054
298.194
298.564
298.542
298.96
299.695
300.013
322.457
301.312
299.951
299.35
298.429
298.818
298.817
298.856
299.595
300.159
301.51
301.993
300.932
306.204
319.863
312.631
313.625
319.614
306.375
300.785
301.886
303.162
319.637
319.597
320.418
319.909
319.829
320.156
319.446
318.792
302.796
304.258
305.193
318.792
307.5
309.812
308.664
311.626
315.131
304.492
303.708
311.737
305.691
306.463
306.63
306.982
306.645
306.479
306.016
305.154
311.476
312.372
308.063
306.653
306.854
311.928
312.017
306.735
306.362
307.327
312.842
313.702
313.592
306.992
307.219
311.306
311.28
307.078
306.786
313.6
313.984
313.334
313.368
313.051
307.534
307.91
307.849
307.404
313.059
313.434
313.468
316.306
318.503
302.262
290.504
291.425
291.595
290.787
301.387
318.527
316.322
315.994
292.382
291.596
291.302
291.729
291.78
291.536
292.332
292.72
315.984
309.131
292.579
291.877
291.646
291.831
291.923
292.195
292.332
292.781
307.589
296.561
312.426
314.469
314.107
313.797
313.485
311.192
314.106
311.822
296.056
297.344
314.339
314.181
313.975
314.252
314
313.603
313.46
313.413
296.828
298.232
298.922
313.275
313.256
300.829
300.518
313.205
313.002
298.175
297.519
308.221
299.263
300.142
300.416
300.153
299.824
300.035
299.632
298.622
308.73
308.209
308.174
300.489
300.665
308.626
308.559
300.389
300.072
308.271
308.557
308.206
308.241
300.984
301.044
308.534
308.514
300.857
300.77
308.325
308.48
301.705
307.68
307.419
306.144
305.189
304.895
306.578
307.415
307.756
302.107
309.706
293.472
283.425
282.605
305.757
309.032
282.949
283.684
293.358
309.664
300.459
286.079
285.304
302.607
301.368
311.139
314.08
285.038
286.148
303.347
307.901
300.637
295.45
303.524
298.888
292.209
287.746
298.927
301.215
306.75
299.204
310.051
309.934
295.265
297.98
290.078
286.743
309.693
309.903
293.445
291.975
309.194
308.827
308.124
293.418
297.027
306.76
306.241
308.782
291.466
292.755
293.184
307.437
306.957
293.738
299.813
306.533
306.216
292.4
291.921
302.434
295.389
294.359
294.498
301.363
300.86
294.003
293.733
296.95
303.184
302.383
302.691
294.547
294.613
302.749
302.765
294.273
295.008
302.853
302.941
302.494
302.592
301.604
301.053
302.761
302.751
301.336
302.14
302.702
302.707
293.895
297.488
302.102
302.553
302.854
302.844
302.516
302.073
297.54
293.819
296.438
277.996
276.242
284.239
311.158
311.317
285.931
276.509
278.165
302.113
277.814
283.434
305.499
311.813
313.83
313.274
311.579
304.974
283.412
272.905
304.047
307.473
310.893
313.907
315.573
313.041
312.082
310.103
306.726
301.807
303.504
305.669
301.769
279.311
276.349
276.642
278.795
302.406
305.164
302.941
301.24
282.804
278.671
280.838
274.87
274.926
289.407
275.217
281.204
302.43
291.18
297.601
296.129
299.578
297.009
298.758
299.716
290.55
295.103
297.518
297.38
297.756
295.582
297.499
297
297.681
291.973
295.2
297.908
297.934
297.037
297.313
296.918
293.363
296.971
297.017
295.19
297.123
297.583
297.588
290.927
297.039
297.078
297.202
297.19
297.219
297.203
297.088
297.155
290.916
287.327
287.388
295.091
297.119
297.152
297.24
297.14
295.614
287.119
287.157
273.827
273.17
276.089
304.817
307.672
306.962
304.889
276.943
272.654
276.77
270.971
299.509
306.749
305.137
309.841
310.087
305.301
305.892
300.013
264.659
269.733
305.2
308.546
309.655
310.878
311.942
309.878
308.08
304.469
266.723
296.54
293.132
271.97
276.283
275.263
279.984
278.95
273.242
291.275
296.294
295.69
268.858
267.381
267.785
269.038
269.132
268.694
268.269
268.746
295.841
294.923
292.91
270.248
287.331
290.937
284.079
287.214
269.66
293.328
295.037
290.691
291.969
291.109
291.294
291.262
291.185
291.538
291.255
292.323
290.6
279.406
291.452
290.974
290.992
291.152
291.082
291.054
291.121
291.591
279.026
278.054
286.866
290.739
290.893
278.697
279.392
290.957
290.816
287.658
277.713
282.253
280.223
281.146
290.702
290.021
290.413
290.79
281.282
280.006
282.169
269.03
267.125
303.976
302.281
195.766
196.656
302.537
304.407
267.522
268.823
283.239
296.888
295.354
248.416
290.121
288.452
248.921
296.38
296.694
279.569
250.263
297.723
273.707
290.572
304.983
305.855
294.888
270.454
297.03
249.894
288.266
263.548
257.45
301.653
301.813
303.48
301.142
256.788
262.395
288.109
289.455
261.306
259.231
263.808
262.821
264.875
263.016
258.81
261.24
290.073
287.875
286.234
261.093
265.658
272.557
265.417
265.358
262.607
286.344
288.029
272.23
285.847
284.576
284.904
284.972
284.767
284.68
284.654
286.094
271.732
269.116
277.915
284.401
284.481
284.734
284.697
284.475
284.252
275.824
268.508
269.854
270.109
283.897
283.985
270.431
270.315
284.019
283.982
269.574
269.32
281.945
272.622
273.29
274.747
270.968
271.005
274.869
272.296
272.419
281.949
260.693
293.543
297.339
193.188
-31.5227
-33.2575
192.181
297.343
294.768
261.143
284.763
286.443
258.422
233.371
265.173
265.703
234.375
259.897
286.171
284.714
276.598
274.995
242.881
243.828
294.464
298.474
247.691
242.472
273.096
274.018
271.925
249.842
246.36
302.662
301.554
299.757
300.259
245.478
249.379
272.56
270.353
252.813
290.619
306.203
277.916
257.828
288.535
304.772
254.707
270.077
279.607
279.53
258.903
260.878
260.955
259.322
260.073
265.965
280.185
279.936
260.698
267.891
277.438
273.54
276.996
277.471
277.668
272.84
265.371
260.098
260.176
258.761
276.246
277.251
267.936
275.139
277.244
274.739
257.948
259.633
268.654
260.31
264.588
276.026
262.012
261.957
275.902
263.861
259.746
268.52
278.174
274.445
264.745
262.021
261.764
261.622
261.67
263.354
274.113
278.043
252.616
294.482
287.536
-32.8736
-262.258
-264.644
-34.2619
287.367
294.245
252.823
276.87
250.374
234.178
247.808
249.273
246.419
247.818
233.709
251.205
277.037
278.812
235.788
234.024
232.07
245.52
262.8
231.82
233.606
235.296
279.043
245.861
239.303
245.421
296.243
269.145
271.418
292.925
243.184
238.709
246
245.384
272.856
304.108
305.423
304.168
288.704
305.886
304.566
276.886
244.84
258.495
266.861
284.643
256.495
263.625
259.815
255.871
295.717
272.965
257.554
262.672
249.522
251.695
249.525
250.088
259.864
259.167
252.294
249.367
263.879
258.122
248.675
248.106
269.564
251.096
252.208
269.872
247.617
248.626
257.478
273.012
257.223
249.72
255.337
252.6
252.986
255.502
249.529
256.122
273.151
270.958
274.126
263.423
253.348
253.578
253.41
253.002
261.155
274.162
271.04
276.624
289.1
202.761
-179.128
-429.901
-430.784
-179.89
202.285
288.847
276.545
253.73
220.826
240.749
261.811
215.48
212.207
261.702
240.778
220.649
255.126
272.622
223.46
224.18
224.849
218.708
219.859
225.817
223.981
223.225
272.927
239.138
238.778
262.779
279.959
254.512
262.189
277.583
259.92
237.338
239.776
236.893
293.2
298.734
299.802
297.931
298.945
300.619
299.218
294.357
236.405
236.397
259.489
300.154
251.606
270.199
266.782
251.706
300.49
265.783
236.049
265.748
241.263
240.569
240.146
241.421
241.799
241.011
242.216
241.101
266.008
266.52
240.391
237.338
262.067
242.623
242.934
261.888
237.526
239.987
266.308
269.238
265.722
241.326
243.445
268.519
267.144
242.998
240.7
265.015
269.516
264.914
267.979
267.144
246.077
249.948
249.602
245.523
266.99
267.947
264.695
286.693
283.886
67.7581
-273.913
-463.149
-463.148
-274.532
67.5961
283.756
286.593
213.502
212.035
272.807
257.117
131.092
128.817
257.008
273.058
212.054
213.72
267.419
214.098
234.906
284.274
227.017
226.419
284.641
233.421
214.014
267.776
264.388
265.285
253.641
234.364
281.534
285.002
234.358
251.57
263.847
265.614
229.657
290.129
294.263
271.092
289.82
290.183
266.855
294.582
290.527
229.244
229.467
264.888
295.469
270.415
257.14
253.947
268.849
295.379
267.573
229.015
257.167
235.872
236.195
233.073
234.075
234.206
232.617
237.253
235.763
257.28
263.443
234.762
229.709
231.173
234.632
235.01
231.058
229.893
234.597
263.665
263.798
262.33
241.758
241.683
267.388
267.293
241.326
240.007
262.567
264.115
260.104
261.725
261.138
256.977
264.356
264.2
257.1
261.111
261.666
259.895
281.528
267.92
6.46855
-358.654
-465.722
-465.722
-359.282
6.19769
267.563
281.423
200.331
221.737
275.648
239.069
2.84978
1.3492
238.669
275.708
221.45
200.097
262.63
218.008
274.05
280.141
262.401
263.622
280.315
273.896
218.349
263.017
277.419
273.071
200.355
221.091
287.271
287.452
222.429
200.217
273.054
277.121
231.748
285.505
281.074
227.791
284.195
284.177
226.825
281.556
285.471
230.768
225.001
286.3
289.049
268.967
229.697
228.938
267.567
288.871
285.957
224.432
232.837
238.645
245.03
227.841
227.188
227.39
228.842
246.406
238.861
232.751
258.235
223.791
223.194
224.194
238.175
238.533
223.595
223.407
223.843
258.111
259.326
252.949
251.62
253.764
261.626
261.552
254.211
250.626
253.074
259.717
255.877
256.05
247.734
259.669
260.492
260.411
259.552
248.296
255.981
255.621
275.358
228.582
-40.9022
-418.608
-465.626
-465.622
-419.077
-41.6342
228.171
275.253
192.495
267.204
270.105
185.739
-125.748
-126.641
184.858
270.145
267.138
192.246
236.771
267.712
271.307
274.739
272.767
273.247
274.786
271.432
267.792
237.065
273.742
231.614
185.609
250.426
282.397
282.484
251.488
185.736
231.632
272.82
273.253
271.753
252.722
224.831
261.019
260.149
224.953
251.861
271.542
271.803
221.647
284.749
282.797
230.948
220.286
220.505
230.525
282.534
284.433
221.062
199.05
245.712
275.366
238.773
220.225
220.34
240.195
275.896
245.709
197.739
253.667
205.616
224.091
253.895
255.131
254.881
252.863
224.251
205.025
253.93
254.893
224.811
243.994
258.497
257.572
257.327
258.123
245.178
225.308
255.183
250.243
243.543
223.959
255.784
255.584
255.516
255.564
224.321
244.05
250.073
269.917
186.172
-121.632
-453.071
-463.569
-463.545
-453.271
-122.567
186.055
269.898
184.539
264.32
265.715
80.7521
-238.029
-238.61
79.6349
265.762
264.381
184.371
179.381
264.794
269.511
270.592
253.797
254.078
270.828
269.706
265.006
178.968
260.968
178.465
179.151
279.489
277.084
277.142
279.511
179.307
178.503
260.486
279.799
249.694
195.175
232.888
247.044
246.571
232.908
193.897
248.911
279.851
223.1
278.311
272.062
216.598
214.948
215.028
216.609
272.312
277.916
222.348
184.243
246.525
270.716
236.17
219.713
219.737
234.903
270.98
246.697
184.857
224.579
197.342
247.465
256.037
254.747
254.114
255.348
247.24
196.882
225.01
249.286
193.701
230.26
253.138
253.128
252.642
252.638
232.31
193.247
249.814
249.253
217.19
215.774
238.315
223.776
223.912
238.108
215.793
217.997
249.68
259.872
123.087
-239.097
-464.582
-461.679
-461.659
-464.554
-239.945
123.154
259.874
177.455
255.917
249.822
-46.0986
-331.466
-331.875
-47.2049
249.637
255.947
177.378
156.876
254.778
261.355
255.317
185.075
185.122
255.486
261.49
255.112
156.83
240.966
169.889
172.549
272.613
270.09
270.101
272.594
172.238
169.868
240.529
271.11
220.282
174.761
268.204
273.615
273.54
268.296
175.178
219.481
271.166
243.325
272.663
244.03
212.779
211.922
212.08
212.756
245.833
272.172
243.3
173.718
236.579
260.002
217.4
212.802
212.802
216.707
260.335
236.693
174.301
165.759
175.252
255.905
252.307
248.961
248.403
251.25
254.868
175.364
166.063
223.755
179.488
228.729
246.743
235.862
235.903
246.359
229.706
178.302
226.005
242.712
210.56
207.516
209.812
208.431
208.342
209.035
207.508
211.072
242.638
249.669
17.5487
-352.779
-463.143
-458.609
-458.589
-463.091
-353.261
17.7024
249.735
181.066
246.928
188.275
-163.058
-398.244
-398.467
-163.962
187.356
246.99
181.138
147.983
243.953
248.803
196.154
62.0197
62.1044
196.173
247.873
244.196
148.047
208.859
161.665
187.142
265.824
264.381
264.288
265.818
189.972
161.692
207.585
257.07
203.054
208.376
267.014
265.567
265.535
266.974
219.722
202.364
256.516
256.046
267.193
221.089
207.02
206.835
207.23
207.082
214.581
266.813
257.089
158.095
219.399
227.183
206.463
205.603
205.713
206.478
223.524
219.47
159.361
154.756
156.503
243.262
240.489
240.297
239.646
240.133
242.286
156.901
155.054
167.23
160.643
230.126
237.524
206.69
206.645
236.978
229.966
158.343
169.765
234.528
216.236
197.87
198.288
198.013
197.947
198.164
197.792
216.415
234.097
238.791
-127.975
-420.556
-458.76
-454.086
-454.049
-458.656
-420.69
-127.856
238.83
205.373
230.357
75.7056
-269.951
-434.553
-434.608
-270.459
74.6221
230.377
205.731
146.771
233.29
194.205
68.8048
-98.5551
-98.3614
69.2199
192.925
233.587
146.14
152.679
152.98
202.264
256.889
240.737
240.72
256.883
209.242
152.222
151.775
219.699
202.759
254.934
256.725
255.816
255.725
256.647
256.131
201.973
219.433
255.487
259.309
250.989
204.023
197.916
198.182
203.736
239.966
258.809
255.113
160.729
219.235
200.924
196.859
195.808
195.964
196.915
199.845
219.421
162.095
145.602
147.677
217.799
230.346
230.338
230.004
229.912
219.37
147.938
145.685
145.011
145.37
207.867
223.7
198.408
198.389
223.427
207.881
145.274
145.176
214.091
216.854
187.501
188.595
188.704
188.417
188.436
187.283
216.051
214.521
208.852
-287.173
-446.265
-455.071
-451.153
-451.149
-455.07
-446.382
-287.465
208.806
204.997
179.486
-69.8519
-357.906
-444.393
-444.414
-358.149
-70.7217
179.191
205.105
168.083
217.533
112.097
-81.0427
-250.91
-250.814
-80.8383
110.524
217.721
166.287
124.791
125.818
172.548
209.633
156.906
157.267
210.533
177.122
127.313
125.346
179.513
217.335
246.197
243.668
241.323
241.214
242.967
245.163
217.363
178.816
243.36
246.341
248.278
234.236
205.997
206.467
233.234
247.896
245.917
242.853
198.163
242.232
218.367
185.457
183.334
183.411
185.49
216.681
242.195
199.185
134.468
172.343
182.346
208.996
217.396
217.318
210.225
183.106
172.401
134.437
134.007
134.236
142.513
176.989
196.417
196.543
178.381
143.37
134.304
134.031
168.13
199.639
173.808
178.345
176.342
176.342
177.774
173.4
199.571
168.852
110.878
-398.689
-451.554
-452.773
-449.235
-449.257
-452.832
-451.689
-399.037
110.387
171.509
78.8482
-221.636
-409.135
-442.573
-442.599
-409.236
-222.116
78.4803
170.929
171.929
184.146
17.8073
-207.697
-358.065
-358.047
-207.639
16.9738
182.585
171.588
104.743
47.7462
96.1315
78.1408
-11.3528
-10.9923
79.2385
97.8531
51.6931
104.163
163.465
196.475
226.964
225.013
213.144
213.168
224.865
226.555
196.855
162.611
224.952
227.124
230.074
230.732
224.71
224.576
230.243
229.684
226.719
224.366
225.759
228.9
230.383
193.017
167.942
168.155
191.615
229.993
228.528
225.27
158.128
224.832
174.088
159.27
174.951
174.692
160.249
173.409
224.431
158.122
121.344
144.749
125.913
124.44
172.043
172.265
124.817
126.663
144.817
121.168
122.556
167.306
161.295
161.962
176.385
177.361
162.204
160.956
167.545
122.41
-22.1981
-446.478
-460.539
-460.843
-457.26
-457.283
-460.882
-460.596
-446.61
-22.9996
125.41
-53.4691
-351.556
-436.678
-449.233
-449.257
-436.733
-351.708
-53.7128
125.253
136.025
71.175
-88.0147
-304.135
-416.762
-416.766
-304.106
-88.3576
69.8938
135.685
106.136
-10.1753
-14.7621
-88.3958
-208.67
-208.476
-87.6271
-14.422
-9.42856
104.817
164.061
155.658
162.346
163.767
139.589
139.77
164.289
162.452
156.336
163.631
198.716
198.695
200.314
200.151
199.476
199.108
199.78
199.931
198.3
198.2
201.536
199.957
201.268
200.583
155.427
155.8
199.924
200.981
199.658
201.117
195.035
199.805
193.416
132.182
50.2916
49.8681
131.232
192.257
199.555
194.757
105.994
191.264
101.027
86.93
116.757
117.417
87.2818
101.463
191.057
106.339
98.3417
151.641
156.574
130.525
155.696
157.694
132.337
158.306
150.626
97.8039
-143.58
-467.153
-473.627
-475.177
-471.872
-471.911
-475.219
-473.646
-467.209
-144.68
36.4171
-213.346
-432.467
-458.023
-462.232
-462.268
-458.094
-432.521
-213.704
36.3988
78.1023
-75.5733
-225.193
-378.195
-447.312
-447.309
-378.148
-225.332
-75.6824
76.8085
107.824
-84.1932
-114.473
-219.649
-359.281
-359.111
-219.232
-114.463
-84.4903
107.073
163.983
83.0134
36.9691
35.8718
-28.0389
-27.9896
36.7416
37.2836
83.4467
163.499
164.632
164.755
135.093
150.57
156.971
156.788
150.707
134.888
164.418
164.201
166.528
165.424
164.574
165.551
146.141
146.458
165.334
164.314
165.153
166.152
168.267
165.377
162.744
103.506
12.3975
12.3911
100.803
162.486
165.157
168.003
101.227
163.674
126.543
47.6206
27.8339
28.4631
47.8648
126.849
163.528
102.121
69.1526
119.967
145.017
104.542
119.155
120.625
107.077
145.108
117.733
68.7145
-223.416
-543.529
-554.828
-565.07
-567.356
-567.39
-565.105
-554.852
-543.648
-224.6
-48.8843
-396.797
-543.455
-552.187
-555.25
-555.277
-552.265
-543.52
-397.098
-49.4861
-83.4623
-257.521
-423.244
-500.636
-538.277
-538.259
-500.608
-423.301
-256.78
-83.5675
4.54384
-226.198
-293.437
-355.143
-468.072
-467.859
-354.797
-293.374
-226.208
4.75811
76.318
-106.401
-162.812
-135.267
-220.399
-220.196
-134.765
-162.649
-105.999
76.107
77.6938
66.0239
-80.0231
-21.6588
40.1625
40.0522
-21.0372
-79.8705
65.666
77.4822
80.8458
79.369
62.193
2.98066
51.9505
52.2743
2.60537
61.8972
79.1881
80.6646
84.7072
82.1188
75.4709
5.16112
-75.0115
-74.976
3.12821
75.2823
81.9898
84.5981
31.6561
71.8486
77.4617
-7.67782
-60.6454
-60.6506
-7.46627
77.2439
71.3263
30.8933
-5.70996
-4.0447
33.8406
68.576
55.9954
56.5444
70.1094
34.3475
-5.18636
-6.24958
-224.388
-553.243
-577.74
-588.054
-593.843
-593.833
-587.995
-577.655
-553.323
-225.524
-51.5228
-419.977
-575.156
-583.197
-584.645
-584.635
-583.168
-575.078
-420.082
-52.1591
-154.679
-400.389
-544.113
-562.688
-571.107
-571.068
-562.602
-544.063
-399.644
-153.106
-98.0728
-321.52
-480.612
-480.867
-513.877
-513.766
-480.685
-480.437
-321.072
-98.1795
21.3435
-202.051
-355.951
-338.854
-334.02
-333.953
-338.804
-355.787
-201.866
20.8097
26.4171
-11.1365
-106.157
-175.658
-136.122
-136.39
-175.776
-106.111
-11.5963
26.3094
29.47
30.3876
24.7951
-32.1739
-91.1512
-91.5029
-32.8107
24.6588
30.3336
29.4176
27.0897
12.1228
28.1943
-4.03949
-106.48
-106.251
-5.14664
28.0363
12.0283
26.9593
-38.8869
-61.3386
-24.7854
1.82332
-42.2492
-42.139
2.3774
-24.6935
-62.1754
-41.2219
-60.1282
-58.9079
-59.314
8.04368
34.1849
34.1318
9.02406
-59.9626
-59.3883
-60.658
434.888
438.647
436.417
436.919
436.757
436.771
436.615
437.399
437.704
438.626
434.07
433.972
436.334
435.379
435.639
435.646
435.749
436.171
434.599
435.68
433.433
433.416
435.621
435.25
434.937
434.927
434.874
435.514
436.074
436.035
436.338
435.054
434.728
434.954
434.498
434.439
434.415
434.514
434.422
435.37
434.101
434.187
434.434
434.187
434.15
434.06
433.987
433.872
433.976
435.161
433.5
434.638
433.853
433.685
433.733
433.786
433.687
433.907
434.4
434.055
433.595
434.243
433.87
433.382
433.412
433.519
433.625
433.937
433.998
433.607
433.687
433.259
433.526
433.235
433.221
433.242
433.368
433.579
433.226
433.322
433.461
433.035
433.07
433.084
432.978
432.927
433.098
433.27
433.045
433.538
433.242
433.01
432.7
432.838
432.72
432.703
432.727
432.844
433.169
433.394
426.958
430.108
426.971
427.79
427.434
427.452
427.055
428.125
429.284
429.62
425.61
425.096
428.235
427.21
427.343
427.266
427.043
428.022
426.003
429.432
429.258
425.082
428.368
427.263
427.456
427.429
427.439
427.065
428.81
427.243
429.526
425.339
428.474
428.064
427.636
427.503
427.386
427.194
429.13
427.331
429.423
428.936
427.56
427.971
427.767
427.782
427.713
427.173
427.014
426.646
426.956
428.767
427.082
427.364
427.724
427.796
428.147
428.282
427.207
426.826
426.814
427.204
427.046
427.288
427.472
427.548
427.397
428.158
428.232
427.453
427.016
427.259
427.825
427.329
427.436
427.45
427.428
427.767
427.954
428.283
427.627
427.29
427.8
427.666
427.465
427.467
427.636
427.273
427.241
428.252
427.616
427.265
427.276
427.593
427.54
427.515
427.591
427.266
427.655
427.868
422.839
422.6
419.283
420.07
419.708
419.546
419.214
419.019
421.829
422.089
422.73
420.274
419.347
419.838
419.726
419.616
419.278
419.065
418.353
422.075
422.361
417.408
420.882
419.544
419.97
419.963
420.612
419.054
418.548
417.886
421.9
418.457
420.915
419.667
420.026
420.036
419.607
419.687
421.488
417.797
421.985
421.636
419.337
420.185
420.03
420.096
420.448
420.345
419.035
418.027
419.051
420.801
419.263
420.221
419.996
419.928
420.422
420.652
419.073
419.499
418.898
418.971
419.218
419.493
419.7
419.7
419.594
419.724
420.405
421.331
419.095
420.283
420.137
419.571
419.696
419.662
419.528
419.42
420.818
421.141
419.772
420.232
420.106
419.996
419.741
419.824
419.509
419.426
419.41
420.261
419.87
419.521
419.736
419.931
419.861
419.873
419.939
419.391
419.202
419.078
415.889
415.588
414.489
412.705
412.924
412.65
412.092
411.678
414.702
414.94
415.862
415.43
411.357
413.531
413.17
413.187
413.383
411.522
411.073
414.884
414.055
410.327
412.446
412.704
413.151
413.252
413.636
413.283
410.807
410.324
414.731
414.592
414
412.215
413.042
413.149
412.591
413.983
414.361
410.404
411.642
414.713
412.194
412.36
412.741
412.876
413.5
413.983
414.407
412.691
413.514
412.007
412.658
413.188
412.871
412.716
413.376
412.257
412.057
414.535
414.008
411.852
412.363
413.043
412.805
412.617
412.395
412.11
411.97
414.399
412.891
413.258
412.166
412.47
412.58
412.635
412.366
412.172
413.505
413.536
412.292
413.25
412.77
412.502
412.579
412.693
412.342
412.583
413.289
411.598
412.345
412.53
413.019
412.707
412.7
412.73
412.832
413.007
411.95
411.716
408.861
408.023
407.456
404.63
405.531
405.04
404.371
403.971
406.864
407.25
405.285
407.971
403.631
405.904
405.64
405.693
405.987
403.941
404.081
403.059
401.948
402.658
403.385
405.917
405.6
405.695
406.068
406.393
402.89
402.31
405.425
407.204
404.56
404.645
405.292
405.58
404.995
406.431
406.803
403.706
402.418
407.175
404.398
404.656
405.081
405.155
405.978
406.456
406.937
407.386
406.259
404.338
406.216
405.796
405.123
405.146
405.558
404.393
405.059
407.113
406.405
404.271
406.041
405.747
405.453
405.275
405.424
404.431
404.277
405.714
406.385
404.897
404.639
405.628
405.403
405.348
404.943
404.591
404.775
403.649
404.799
405.814
404.729
404.944
405.127
405.264
404.938
405.678
405.809
403.838
404.733
405.814
405.643
404.963
405.151
405.159
405.238
405.654
405.106
405.063
400.903
399.867
399.21
396.356
397.339
396.782
396.123
395.585
398.457
398.872
393.857
397.658
395.418
397.443
397.467
397.502
397.867
397.929
398.341
393.843
393.752
394.324
395.095
397.782
397.266
397.491
397.918
398.256
394.567
393.786
393.973
399
395.25
397.075
396.949
397.218
397.376
398.205
396.389
399.076
394.122
398.962
398.121
396.598
396.897
396.905
396.971
397.583
398.817
399.392
397.998
396.251
398.189
396.914
396.924
396.891
396.474
396.239
398.7
399.149
398.181
396.15
398.039
397.643
397.344
397.297
397.422
396.204
396.741
395.116
398.246
396.17
396.495
397.552
397.331
397.33
397.484
397.585
395.68
395.243
397.137
397.754
396.595
396.791
397.223
397.116
397.283
397.62
397.643
395.827
396.64
397.72
397.561
396.87
397.002
397.002
396.924
397.689
397.802
397.923
392.697
391.565
390.74
388.203
389.118
388.741
387.69
387.123
390.171
386.107
385.555
385.948
390.462
388.291
389.029
389.148
389.564
389.912
390.333
385.757
385.515
385.86
386.784
389.623
388.695
389.065
389.579
389.963
387.399
388.492
385.642
388.711
386.877
389.652
388.675
388.606
389.575
389.938
386.648
391.28
385.84
390.501
390.068
388.684
388.639
388.534
388.077
387.608
389.339
391.397
386.213
390.376
389.993
388.494
388.704
388.886
388.071
387.73
390.227
387.375
388.994
387.873
389.63
389.317
389.042
389.034
389.174
389.371
387.236
386.699
389.929
387.919
388.536
389.318
389.095
389.095
389.25
389.371
387.24
386.841
390.115
388.308
388.387
388.568
388.991
388.835
389.298
389.419
389.502
389.847
389.464
389.528
388.931
388.639
388.778
388.76
388.671
389.368
389.617
389.806
384.748
381.035
382.47
380.906
380.733
380.815
379.681
380.26
382.208
378.157
378.752
377.694
382.449
380.168
380.589
380.852
381.578
381.974
382.422
379.184
377.513
377.841
378.645
381.305
380.542
380.481
381.597
381.982
379.634
382.818
377.581
378.034
379.426
381.604
380.572
380.502
381.493
380.13
378.537
383.158
382.43
382.474
382.064
381.662
381.015
380.787
379.951
379.335
378.776
380.983
378.947
382.498
380.903
380.416
380.703
380.849
380.025
381.254
381.295
378.587
379.379
381.354
380.023
380.375
380.684
380.912
380.804
381.553
379.461
378.59
380.668
379.893
381.574
381.139
380.97
380.877
381.208
381.456
380.142
380.814
382.133
379.917
380.677
380.948
380.941
380.744
381.223
380.7
380.253
382.114
382.135
380.724
380.289
380.553
380.71
380.686
380.542
380.341
381.515
381.988
376.64
369.718
374.487
374.137
372.655
373.1
371.978
374.223
374.724
370.81
376.374
369.938
374.602
372.175
372.681
372.68
373.99
374.384
374.9
375.018
369.693
370.089
370.82
371.852
372.633
372.732
374.026
374.409
370.999
375.23
369.772
370.184
374.13
373.801
373.165
372.837
373.97
371.476
370.921
375.394
377.772
371.64
374.258
373.828
373.337
373.239
372.747
371.6
371.044
370.77
373.409
374.59
372.239
372.543
373.261
373.226
372.456
373.975
371.155
370.858
371.696
374.518
372.251
372.584
372.905
373.058
372.517
374.128
374.395
372.58
371.592
373.577
373.968
372.724
372.954
372.957
373.246
373.712
374.445
374.753
374.395
372.21
373.902
373.601
373.302
373.109
373.451
372.451
372.318
374.659
374.526
372.252
372.484
373.576
373.145
373.246
373.212
372.47
372.342
372.922
368.925
362.063
366.973
366.578
365.341
365.86
364.707
367.149
367.706
366.624
368.937
362.305
367.073
366.222
365.415
365.38
364.881
367.317
367.882
368.133
361.981
367.487
363.632
364.531
365.643
365.465
366.743
364.674
363.762
368.162
362.17
363.838
366.805
366.445
366.002
365.588
366.738
364.204
363.822
364.009
370.454
363.926
366.863
366.471
366.05
366.013
366.27
364.307
363.81
363.461
370.282
365.473
364.821
365.152
365.974
365.969
365.255
366.848
363.897
363.557
364.303
366.992
364.913
365.24
365.556
365.571
365.338
367.066
367.44
367.719
364.189
366.984
366.716
365.372
365.616
365.569
365.353
365.314
367.464
367.71
365.196
365.355
366.665
366.358
365.77
365.927
365.603
365.194
365.108
367.611
366.722
364.924
365.158
366.257
366.015
366.035
366.113
365.164
365.058
365.042
361.949
355.183
356.803
359.424
358.525
359.157
357.875
360.356
359.152
361.603
358.258
355.28
359.562
359.537
358.547
358.561
358.059
359.609
358.035
361.668
354.658
363.985
356.881
357.582
359.021
358.69
360.064
357.42
357.009
361.624
359.927
363.831
359.326
358.799
359.134
358.781
360.042
357.569
357.79
356.373
363.676
357.291
360.079
359.607
359.226
359.184
358.286
358.837
360.747
356.581
363.646
357.158
359.162
359.084
359.209
359.194
359.105
358.838
357.585
358.99
362.412
358.56
358.124
358.444
358.774
358.799
358.643
359.202
360.957
361.306
357.505
360.24
359.064
358.536
358.815
358.788
358.63
358.518
360.905
361.183
357.226
360.31
359.847
359.558
358.98
359.154
358.582
358.451
358.345
358.328
357.205
358.011
359.355
359.459
359.258
359.293
359.395
358.433
358.341
358.259
347.579
348.516
349.678
352.805
352.597
352.91
351.362
351.167
350.665
355.394
347.773
351.053
349.928
352.949
352.553
352.458
351.497
351.02
350.617
355.425
347.866
357.732
350.425
351.412
352.644
352.382
353.812
351.002
350.478
352.032
357.839
357.698
350.685
351.093
352.67
352.407
352.545
352.146
354.904
349.82
357.255
356.742
353.701
352.854
352.806
352.87
351.909
354.574
355.193
349.902
355.535
350.78
353.558
353.123
352.845
352.66
353.291
352.56
354.758
354.978
355.977
350.888
351.736
352.564
352.619
352.603
353.428
351.701
354.746
354.916
354.65
353.188
351.616
352.818
352.567
352.545
352.432
352.098
352.911
353.401
350.77
353.935
353.118
353.223
352.706
352.899
352.407
353.089
351.883
351.539
350.629
353.727
353.464
353.205
352.977
353.014
352.814
352.58
351.99
352.275
341.326
342.123
344.009
347.141
346.773
346.888
345.283
344.854
347.622
349.001
341.521
351.697
344.273
347.233
346.887
347.003
345.344
344.816
344.161
349.061
341.745
351.786
347.788
347.053
346.825
346.383
347.84
344.718
343.832
342.992
352.286
351.859
344.827
345.271
346.696
346.308
345.739
348.315
348.877
343.273
351.704
351.645
344.76
345.365
346.215
346.397
345.809
348.469
348.92
346.176
343.44
344.731
347.586
347.144
346.773
346.498
347.055
348.222
348.822
348.878
349.664
344.845
347.634
347.18
346.867
346.745
347.345
345.416
347.713
348.683
349.509
345.06
345.603
346.72
346.659
346.926
347.273
347.382
345.094
344.732
348.142
348
345.66
346.383
346.525
346.738
347.092
347.485
346.039
345.058
344.694
347.817
347.525
346.159
346.687
346.59
346.539
347.618
347.503
347.632
335.565
344.148
343.752
339.866
340.487
340.759
339.108
338.504
342.171
342.477
335.832
345.851
338.994
341.756
341.002
340.986
341.259
338.453
337.768
342.538
338.671
345.97
345.105
339.717
340.925
340.69
341.745
339.87
340.971
336.209
339.087
345.686
338.93
339.413
340.791
340.701
339.493
342.235
342.731
341.133
336.858
339.78
338.613
339.344
340.091
340.086
339.59
342.288
342.82
343.337
337.335
339.225
341.696
341.256
340.244
340.224
339.608
342.145
342.63
342.51
338.085
338.713
341.727
341.241
340.783
340.812
341.059
339.073
338.471
338.523
343.05
339.019
339.508
339.865
340.731
340.85
341.054
341.182
338.535
337.932
342.623
341.733
339.55
339.845
340.593
340.432
341.13
341.282
341.392
339.834
340.188
341.752
341.348
339.974
340.589
340.374
340.323
341.382
341.499
341.484
329.254
340.075
339.15
333.758
334.256
334.752
333.507
334.102
335.498
336.082
330.164
340.234
333.782
334.454
335.031
335.005
335.566
334.33
332.756
332.983
343.929
341.242
339.09
333.962
335.043
335.047
335.656
336.115
336.349
329.524
330.573
331.175
336.82
333.841
334.77
334.922
333.317
336.07
336.391
336.924
330.478
331.119
332.637
334.07
334.19
333.979
333.27
336.025
336.565
337.146
333.242
336.746
333.571
335.015
334.264
334.629
333.135
333.23
332.454
331.397
331.307
336.274
335.756
335.316
334.798
334.708
334.757
332.614
331.969
331.356
332.098
333.034
335.068
333.959
334.692
334.707
334.83
334.844
333.545
335.139
336.302
332.834
333.503
333.756
334.534
334.26
334.892
335.072
335.288
335.511
336.78
335.776
333.573
333.88
334.197
334.156
334.833
335.045
335.253
335.428
323.237
330.294
324.808
326.957
327.949
328.905
329.53
329.538
327.596
325.297
323.16
330.506
332.147
327.348
328.633
327.886
329.743
329.961
330.249
323.586
338.378
325.938
332.13
327.591
328.703
328.997
329.683
330.068
330.461
323.658
324.28
324.28
331.867
330.503
328.261
328.912
329.625
330.033
329.507
327.457
324.174
324.509
327.636
330.075
328.17
328.267
327.093
326.695
325.518
331.289
332.244
330.705
327.107
327.669
328.05
328.08
327.029
326.269
325.615
325.385
325.214
330.578
328.579
327.701
328.533
328.39
328.764
329.239
325.753
325.479
325.303
329.321
329.766
329.118
328.581
328.495
328.055
326.793
329.485
329.792
325.734
326.549
328.063
328.176
328.392
327.981
327.483
327.298
329.533
329.706
330.797
326.93
327.277
327.852
327.953
327.914
328.036
328.964
329.334
329.571
329.96
317.752
318.06
323.834
322.351
322.843
323.483
324.067
319.289
319.44
316.148
317.56
325.063
321.166
321.895
321.533
321.484
324.311
324.943
319.085
332.661
317.828
322.527
321.972
322.082
322.852
323.315
324.284
325.063
318.527
321.396
317.973
325.138
324.249
322.183
322.907
323.579
320.284
319.196
318.496
318.057
318.136
324.739
324.084
322.897
322.918
323.365
320.167
319.65
325.583
320.64
324.382
320.989
321.538
322.133
321.754
322.281
320.41
320.023
323.879
325.082
324.534
320.921
321.434
321.937
321.689
321.285
323.992
320.694
323.044
319.117
324.31
323.703
323.209
322.467
322.244
321.148
321.012
324.025
324.412
319.324
320.213
323.573
323.251
322.264
322.482
321.231
321.073
324.016
324.264
324.677
320.7
321.112
323.172
322.194
322.193
321.424
321.307
322.861
324.087
327.597
311.975
312.235
317.994
317.056
316.856
317.652
314.186
314.384
319.11
310.002
311.78
318.802
316.514
315.956
315.455
314.176
316.332
318.352
322.634
326.751
312.022
312.51
317.876
316.121
316.794
314.259
315.67
313.953
314.302
325.559
317.576
318.869
318.218
316.236
317.029
317.742
314.17
313.748
313.443
312.266
312.523
318.722
318.114
317.266
317.221
317.766
314.44
314.126
313.755
311.836
315.544
314.8
315.422
316.924
316.097
317.805
314.84
316.664
320.812
319.737
318.834
314.831
315.436
316.01
315.904
315.539
318.614
319.53
320.497
317.642
318.604
317.909
316.833
316.144
315.851
315.487
315.383
318.875
316.574
313.727
314.47
317.825
317.483
316.319
316.667
315.591
315.288
316.832
315.953
317.495
314.875
315.293
317.365
316.336
316.687
315.571
315.146
314.894
315.219
321.541
311.869
307.132
310.57
310.933
310.628
309.718
308.739
315.523
316.432
307.464
306.106
312.294
311.829
310.72
309.667
308.608
308.191
307.88
316.548
320.985
306.128
307.09
311.779
309.941
309.705
308.754
308.242
307.601
315.746
320.8
318.873
307.766
308.724
309.899
310.501
311.801
308.228
307.559
307.369
305.587
313.9
312.994
310.874
311.3
311.455
312.258
312.773
314.279
307.487
305.616
306.983
312.303
312.057
311.263
310.416
312.243
312.943
314.181
314.876
314.085
307.929
309.022
310.704
310.328
310.28
309.907
311.944
313.947
314.673
314.298
313.079
309.985
309.711
310.39
310.372
311.306
313.116
308.406
307.846
309.308
312.909
312.138
311.867
310.744
311.35
312.094
310.654
308.478
308.084
307.266
309.804
311.839
311.754
311.047
311.419
311.92
309.337
308.763
308.331
314.231
313.848
310.287
302.102
304.512
303.945
303.32
307.563
309.695
309.646
314.477
300.063
301.606
305.444
304.799
304.074
307.083
302.157
300.857
309.599
314.489
307.287
302.722
305.322
304.813
303.963
303.096
301.974
300.861
309.528
314.4
313.333
301.362
301.988
304.441
303.838
302.995
307.04
306.243
300.734
305.809
312.811
301.754
301.798
304.76
304.192
303.539
308.078
308.518
300.875
299.355
301.204
306.673
305.851
304.657
304.841
303.96
307.684
308.228
308.229
308.385
301.5
306.341
306.114
304.448
305.198
305.243
302.675
304.859
308.244
308.638
302.889
302.884
303.661
304.315
304.735
306.226
306.915
301.539
301.018
308.212
307.618
303.937
303.7
304.91
305
306.325
307.098
301.761
301.416
301.02
307.263
306.56
304.944
305.101
304.825
306.11
304.401
302.334
301.805
307.641
307.468
302.39
296.093
296.963
297.644
297.361
301.432
301.746
294.302
307.632
300.271
296.123
296.058
298.469
297.809
301.545
298.197
297.509
302.102
299.681
307.823
306.158
296.545
298.632
297.851
300.964
299.353
296.85
297.833
307.676
307.449
295.955
297.51
298.665
297.657
296.749
301.781
302.06
299.838
307.57
303.047
294.108
295.316
298.291
297.549
296.698
301.554
301.865
298.154
293.414
295.258
299.541
299.439
297.813
298.961
296.593
300.946
301.649
297.235
302.706
295.16
300.745
299.794
298.574
299.169
299.746
295.489
294.013
293.434
302.739
294.952
296.304
298.887
298.989
299.34
299.937
300.548
294.439
293.627
302.627
301.534
296.18
297.016
298.754
298.302
300.188
300.829
296.102
298.432
294.624
301.176
300.36
297.129
298.684
298.223
299.257
301.2
299.314
296.919
302.677
283.878
284.129
291.435
291.374
292.437
293.716
290.096
283.409
279.454
289.812
301.799
289.336
289.647
292.702
293.084
294.155
294.753
295.512
282.953
266.571
301.447
299.657
290.148
292.296
292.944
294.423
295.104
295.7
281.837
296.016
298.651
297.316
295.611
293.239
291.832
289.627
294.987
295.672
296.601
300.957
285.785
287.541
293.702
291.515
291.011
289.667
291.994
288.631
296.219
296.723
292.322
287.949
289.651
291.377
292.481
291.156
287.87
287.075
284.242
285.492
294.794
294.417
292.604
292.686
292.746
293.21
288.071
286.853
285.13
290.195
288.659
294.333
293.92
292.733
292.742
293.142
289.113
291.496
294.833
294.18
291.707
289.929
291.423
292.262
291.388
290.264
292.931
296.72
297.946
296.169
295.605
290.231
290.647
292.01
291.397
290.54
295.095
296.139
297.163
285.4
272.267
276.882
289.624
286.049
286.864
287.488
277.742
275.032
273.894
260.994
295.007
290.634
284.224
285.886
286.831
287.727
288.928
290.057
273.831
259.939
294.958
293.296
284.278
285.837
286.825
287.637
288.909
290.308
276.547
266.742
271.964
292.18
289.957
286.238
286.889
287.177
288.847
289.915
291.809
295.248
278.521
280.752
289.149
285.497
286.249
284.779
280.241
279.094
282.924
293.709
291.26
281.355
283.108
285.878
285.706
286.654
280.525
279.031
277.825
278.253
290.134
284.205
283.179
285.995
285.033
287.358
290.069
283.66
277.972
277.3
283.438
288.416
287.323
286.135
286.018
283.558
281.21
290.886
291.908
279.076
281.493
284.044
287.343
285.453
284.657
283.069
281.633
291.03
292.067
292.099
283.358
282.674
284.433
284.709
284.379
283.599
288.109
290.126
291.13
287.007
266.121
270.477
284.001
279.966
280.648
281.453
274.897
271.664
269.88
253.547
272.946
286.825
280.418
279.902
280.341
273.015
283.276
277.899
268.358
252.674
277.94
286.952
282.728
279.862
280.46
279.102
280.67
278.19
292.241
263.051
270.948
282.627
283.678
279.661
280.527
281.565
274.476
263.652
287.056
289.79
296.151
276.251
282.617
279.315
280.429
281.465
273.704
274.125
269.928
288.12
280.713
275.099
276.932
280.007
278.059
280.705
278.488
281.45
271.542
270.828
278.777
275.256
276.863
279.475
277.798
276.781
286.563
289.242
284.735
269.484
283.489
281.959
278.975
278.457
278.33
275.949
274.944
285.419
285.55
270.856
274.755
282.249
281.531
278.676
279.422
277.982
274.054
278.487
282.599
285.738
275.078
275.97
281.223
278.563
278.847
276.803
273.853
276.375
279.663
299.844
278.071
284.145
273.225
273.923
273.977
266.423
304.099
309.642
315.151
245.153
245.012
278.67
278.979
272.944
274.034
265.127
262.187
268.65
276.688
243.816
242.253
279.462
278.863
274.515
273.862
264.267
255.405
247.936
291.619
283.835
284.09
274.628
274.155
272.64
273.779
275.194
262.307
250.462
252.714
269.032
291.802
285.078
271.008
272.274
273.699
275.622
275.524
279.035
259.521
272.622
266.104
271.805
274.508
273.567
271.019
269.788
281.939
285.483
286.739
278.087
263.301
269.711
271.921
271.623
270.736
269.584
276.285
284.111
285.292
272.847
276.408
270.074
270.412
271.355
270.52
270.694
273.432
269.973
267.035
269.878
274.81
275.565
274.404
271.817
272.875
274.209
268.1
261.006
257.931
271.094
267.243
271.743
274.541
271.99
272.757
273.577
265.639
263.188
262.705
294.103
289.542
283.409
252.357
265.832
265.07
268.963
297.422
306.484
313.411
263.223
243.031
266.429
271.038
264.289
265.87
259.531
254.382
263.622
293.898
243.371
233.799
256.044
271.094
266.843
265.128
255.68
245.216
237.083
265.144
282.543
279.342
271.086
263.277
263.891
264.629
265.501
256.968
242.213
240.549
260.653
284.746
281.142
263.415
264.413
265.726
262.038
278.394
279.665
258.403
250.461
260.318
276.673
270.18
264.472
263.057
260.759
272.13
278.557
279.622
273.091
254.632
271.401
269.504
264.57
263.947
262.893
255.529
275.686
278.283
273.419
268.031
262.624
263.575
264.257
263.741
268.283
268.871
252.425
248.424
273.035
270.433
266.444
263.53
264.547
265.986
267.512
267.851
251.57
246.905
257.81
265.196
270.302
267.918
265.78
266.144
267.085
260.571
253.854
259.572
286.541
283.144
277.817
244.163
258.952
259.953
278.864
285.194
296.814
306.604
285.311
265.481
250.59
256.951
258.913
258.873
272.727
256.535
251.723
280.381
223.62
227.004
233.843
262.601
258.766
256.756
256.74
234.609
225.442
220.889
265.862
252.409
262.941
255.733
256.107
254.731
250.837
259.047
248.212
242.058
276.623
278.501
274.557
256.822
256.084
254.791
251.011
272.3
273.691
270.017
241.957
272.862
273.52
258.417
256.726
257.958
252.876
261.784
269.508
265.773
267.005
248.04
262.774
261.339
258.629
259.61
260.95
246.168
244.516
260.617
268.062
248.762
256.304
259.455
258.92
259.331
261.369
261.424
243.073
238.509
268.334
262.102
252.949
255.074
258.467
257.803
259.909
263.289
254.711
237.586
251.584
265.086
264.411
256.503
258.064
257.53
259.005
262.54
259.135
255.083
279.804
276.202
273.4
243.691
250.862
250.491
269.354
276.987
290.179
302.317
279.097
276.099
246.484
234.885
250.8
249.837
267.463
257.538
232.039
241.46
205.282
232.447
227.686
238.065
248.169
248.09
255.731
223.532
215.317
210.041
239.309
221.253
249.35
248.402
252.222
247.167
241.713
262.517
258.919
249.305
288.811
267.686
268.094
261.398
250.438
247.185
242.724
265.684
268.917
273.042
236.071
277.733
265.128
249.224
249.206
252.258
252.8
254.411
251.683
224.379
260.856
244.277
238.625
249.661
251.343
252.62
254.589
241.611
223.32
235.486
262.546
239.508
254.217
253.447
251.934
252.503
254.221
245.19
241.32
260.96
263.145
246.515
245.682
247.43
250.882
249.116
247.026
257.67
261.59
243.946
254.845
257.868
256.17
248.875
250.06
248.777
247.065
256.953
259.338
238.794
274.663
268.642
267.922
241.177
237.321
241.262
258.442
269.892
286.014
298.837
259.451
268.154
249.178
228.063
242.278
237.748
253.137
245.75
203.659
202.664
193.922
235.158
220.378
226.578
236.098
243.681
251.503
213.79
205.647
202.083
237.027
213.655
231.194
240.5
244.72
241.112
233.406
254.89
258.37
254.049
285.435
245.265
262.892
254.073
246.035
239.826
234.422
260.153
264.774
269.079
232.098
272.881
257.09
246.005
243.994
245.417
248.433
251.511
226.191
209.494
236.01
252.107
227.624
234.141
242.452
245.103
247.639
238.083
212.284
213.023
255.454
233.17
241.693
245.472
244.516
244.983
243.361
228.262
248.056
258.097
257.986
232.906
238.878
244.451
244.041
241.525
239.017
246.372
256.733
259.732
255.933
251.131
242.75
241.709
242.686
241.23
239.378
248.602
247.956
234.91
271.001
261.4
261.667
223.525
227.647
239.829
252.161
266.864
278.332
290.222
210.188
259.727
250.182
218.456
228.096
227.395
239.435
231.107
197.038
193.641
184.526
219.574
211.761
216.257
225.001
230.825
225.139
207.248
198.723
195.193
239.02
205.324
213.771
227.999
234.15
237.194
243.853
250.759
256.761
245.968
280.82
233.474
257.406
245.193
236.685
234.734
233.081
255.06
261.968
267.789
232.355
267.125
251.578
244.496
238.004
235.789
235.252
252.483
218.947
199.955
199.259
266.325
220.474
225.472
231.423
233.456
229.787
227.258
203.361
195.983
240.56
228.757
219.635
228.819
233.231
233.09
226.634
223.306
247.932
249.889
249.738
226.302
247.794
242.444
237.906
238.779
231.487
228.467
253.466
257.953
250.703
233.581
231.948
233.75
235.779
235.106
233.174
236.68
250.47
258.555
265.709
253.373
252.493
213.416
218.993
234.255
250.33
265.304
273.488
280.132
175.088
251.149
239.534
208.488
211.408
219.347
226.051
213.64
192.415
188.597
174.659
190.408
201.07
204.139
214.718
217.459
213.279
202.86
193.649
189.282
234.754
194.749
204.377
214.051
221.505
229.58
240.38
249.373
251.649
227.229
272.928
241.097
250.959
235.453
224.633
225.136
233.696
252.285
259.937
265.42
244.058
259.613
241.839
234.752
226.586
221.581
218.643
245.868
222.22
201.866
187.688
258.069
211.183
215.884
220.661
220.994
217.182
212.893
194.688
184.09
186.191
242.375
211.203
215.776
222.295
224.53
218.613
215.651
239.609
234.794
223.928
217.091
241.765
232.187
229.805
232.022
226.647
217.799
241.374
255.062
242.503
216.196
221.573
240.075
230.12
232.085
226.663
233.196
251.551
254.729
255.359
244.038
241.021
213.536
211.35
228.525
246.381
260.399
267.657
274.649
162.98
231.618
230.041
199.823
201.35
211.992
214.181
197.165
184.266
179.97
163.905
174.645
189.85
194.068
207.064
208.282
206.223
195.456
184.672
181.67
223.994
189.639
198.097
206.952
210.658
219.093
234.775
243.318
239.889
217.657
263.071
251.707
246.304
228.124
213.866
212.384
225.897
248.145
253.764
261.618
257.714
250.479
229.367
222.95
216.356
211.901
209.668
221.009
232.854
204.981
174.925
248.08
201.89
206.502
211.755
210.495
208.531
205.339
204.587
175.472
170.745
246.289
202.194
207.103
214.07
220.372
210.848
205.835
218.174
176.464
178.994
218.198
232.624
222.968
220.682
223.798
214.564
214.08
226.511
242.475
231.12
207.686
213.79
233.283
222.91
224.342
220.131
236.863
241.076
246.238
240.745
235.688
230.404
211.698
199.312
218.692
239.417
252.509
259.847
250.583
153.66
190.414
224.724
190.139
189.399
201.567
200.891
189.045
172.72
184.119
153.573
162.812
179.789
185.13
194.517
196.687
195.791
184.183
173.929
179.828
209.443
188.373
198.978
205.647
199.669
200.077
226.092
232.227
212.005
219.385
254.119
243.847
239.474
221.808
204.196
201.723
212.109
241.941
244.927
253.909
251.546
241.123
213.333
210.68
206.802
200.649
198.297
196.809
244.7
219.923
172.551
238.066
192.101
197.416
202.717
203.558
196.5
193.921
226.977
166.504
156.799
235.791
191.334
196.646
204.135
212.326
207.115
201.351
168.285
140.951
163.376
224.912
222.17
214.122
208.117
214.307
206.195
223.49
215.528
216.146
211.294
198.144
207.241
222.667
214.194
210.791
220.645
225.491
228.179
233.968
226.056
228.807
226.24
190.073
183.715
204.853
229.715
242.408
249.115
189.732
144.289
157.526
222.996
180.65
175.446
188.12
185.54
178.665
161.342
168.368
142.432
151.819
174.132
176.365
180.744
182.187
182.103
169.625
160.867
167.137
185.584
191.18
208.441
208.447
189.622
186.94
210.06
221.03
188.73
238.519
244.41
233.749
231.227
213.916
195.655
190.274
204.687
232.153
228.845
243.299
242.722
231.922
198.106
203.047
199.074
192.717
186.674
185.322
235.36
237.887
181.982
228.338
181.803
188.719
194.142
200.124
185.707
182.622
227.981
173.179
144.502
223.823
178.527
184.748
193.485
202.455
192.9
201.566
151.943
126.469
148.613
215.782
208.701
201.965
195.607
202.906
205.588
212.294
207.62
177.526
178.926
187.642
211.439
211.352
205.765
200.703
214.071
213.468
215.84
220.842
221.132
218.987
218.759
171.772
169.991
191.759
218.003
230.93
225.984
118.645
131.745
147.747
215.742
168.194
162.429
176.681
172.261
163.73
148.385
112.905
129.763
137.78
190.609
166.59
166.359
168.954
167.222
152.505
153.09
140.044
151.749
198.767
217.558
201.067
180.293
174.635
178.72
208.046
178.665
219.662
232.81
223.499
221.673
203.416
188.359
181.032
206.712
218.08
222.587
233.445
233.754
222.929
180.497
196.829
192.994
193.595
196.542
172.434
221.946
230.697
199.487
217.757
171.071
182.432
185.397
193.133
189.314
169.251
217.254
172.683
133.852
211.756
166.717
171.486
181.473
192.424
183.679
189.748
152.261
111.377
134.994
198.786
191.671
186.673
181.908
186.942
194.572
200.419
196.512
149.369
157.528
173.395
206.555
198.027
193.699
189.584
203.961
202.131
204.14
207.832
212.628
206.583
201.549
152.403
156.919
179.204
202.235
213.549
172.754
64.8667
151.791
144.537
199.131
147.338
148.395
164.53
158.119
147.456
120.928
69.0331
113.193
123.467
153.811
149.323
152.972
156.216
148.508
134.157
157.316
103.827
139.411
195.211
201.088
182.051
168.923
160.991
158.714
186.523
192.342
151.133
219.08
212.235
206.275
187.58
178.136
177.863
189.659
202.259
211.915
225.056
221.449
205.724
154.124
185.59
180.528
182.66
189.544
167.696
209.132
219.399
217.979
183.921
155.664
162.063
170.937
181.267
189.435
157.762
205.096
155.772
126.153
188.843
151.118
153.848
164.899
178.936
175.829
169.549
153.807
99.2359
121.956
168.516
177.504
171.376
165.261
170.986
172.919
189.807
189.337
139.581
128.083
154.238
190.521
180.736
177.13
175.527
192.473
191.255
193.253
196.414
185.015
184.934
164.467
125.348
141.304
165.807
185.49
181.009
108.351
39.8714
184.083
149.443
155.99
118.933
133.537
150.515
141.689
140.616
97.2634
52.6428
88.8102
102.204
115.722
123.889
140.494
141.336
129.601
119.405
145.709
66.8215
142.91
164.541
157.338
153.521
152.352
149.249
145.554
163.072
187.209
70.5842
197.175
192.6
180.818
164.825
159.624
163.392
172.869
187.918
202.416
170.662
199.035
174.52
130.012
163.012
155.434
163.675
175.643
179.795
197.588
168.376
200.19
129.144
131.659
138.333
148.955
162.514
175.138
149.291
181.508
134.996
152.815
133.995
127.088
129.938
143.221
160.573
168.046
151.419
139.266
90.8731
102.964
131.107
160.438
157.708
146.49
153.642
158.395
178.132
182.443
138.131
103.619
120.203
166.861
159.371
155.597
156.118
166.61
180.442
182.265
185.926
150.118
152.319
88.8322
97.9191
123.022
148.404
158.304
126.493
67.5688
34.8653
150.062
127.441
79.3364
89.0831
116.411
130.154
113.718
133.49
82.7698
46.1635
58.4215
68.4401
78.1612
95.6182
127.201
125.087
121.321
107.822
124.782
42.2325
140.2
94.2625
112.778
130.92
130.792
132.94
149.423
135.994
160.557
38.4866
162.767
156.314
146.245
137.561
133.321
141.549
157.016
175.661
173.125
93.4016
164.121
150.401
100.834
120.623
125.446
140.459
158.124
170.657
143.044
115.445
166.824
100.554
100.641
108.151
122.777
139.845
156.873
138.231
131.132
104.024
165.413
106.776
96.2465
108.77
119.951
138.668
154.789
132.102
120.544
85.3096
71.5982
99.884
140.026
133.534
127.45
135.364
139.952
155.092
171.091
145.056
72.2887
83.2249
140.413
134.622
131.377
131.25
130.366
156.244
170.733
174.645
67.5409
65.4344
25.4688
54.5019
90.733
125.096
120.851
94.5169
62.9155
55.321
65.3113
38.2622
14.9926
46.5932
85.7311
104.582
87.6428
134.783
82.4626
62.6941
-40.2765
-13.5365
12.3305
61.7247
93.6367
101.091
119.658
104.181
111.937
56.2072
49.065
1.47737
73.2419
84.0877
94.302
106.912
145.149
94.6136
104.592
58.5746
76.2729
75.9203
74.1011
85.4952
91.2209
114.105
144.111
157.723
96.0633
91.374
79.611
84.191
39.3603
61.4979
85.9075
112.919
142.284
149.934
75.6736
97.1345
83.5859
49.9963
38.9856
58.4201
85.6265
112.362
139.472
120.165
87.0412
75.3236
86.0764
36.0328
43.5303
74.8272
85.9178
111.374
136.394
100.344
117.289
90.2655
28.3498
51.6947
84.3068
90.2178
95.6789
112.491
117.966
124.358
169.207
151.796
-0.955058
37.063
91.0289
93.4353
97.2402
102.331
109.689
143.388
167.062
162.551
22.1276
7.61419
-10.0801
21.6481
52.9072
77.7319
49.3851
44.531
44.9293
51.1533
15.7463
-30.5106
-21.5331
12.053
47.0773
62.5114
51.5425
80.953
49.3731
52.0641
-52.0704
-11.2241
0.0374115
38.1812
54.3208
60.9395
69.7606
58.2502
54.4079
50.326
-11.1305
-3.43948
33.7263
43.8078
53.1509
65.5615
88.311
43.2502
45.9817
50.9082
26.0157
32.5696
9.05433
31.1355
48.6298
73.6757
85.7018
59.2997
48.892
57.2274
29.8464
13.5777
-7.12697
17.8393
44.0618
71.7316
81.9807
58.6231
47.8949
51.9714
32.5716
-15.0243
-7.56029
17.9307
44.7999
70.4988
80.3224
48.6879
45.0457
48.7169
32.5482
-12.2442
6.09715
32.4972
46.6137
69.153
69.808
50.4822
65.2075
56.7659
25.5782
24.5326
46.0548
53.0737
53.871
69.2832
65.0073
73.8797
122.997
57.0462
3.46781
39.7991
50.8503
55.787
59.8715
67.4374
75.2027
94.6665
79.5853
58.8148
437.708
438.02
436.794
438.512
438.826
438.925
436.547
439.025
439.247
435.728
435.479
436.205
435.772
436.925
435.788
437.354
435.285
435.284
436.522
434.875
434.026
434.815
436.324
433.909
434.013
436.565
434.701
433.507
433.638
436.275
433.729
435.245
435.21
433.374
433.62
434.281
434.779
435.334
433.237
435.866
435.424
435.058
434.284
433.277
433.781
434.226
435.068
435.118
433.156
434.344
435.348
434.596
434.503
432.949
432.977
434.449
434.618
434.502
433.13
433.474
434.133
433.222
433.154
433.843
433.518
433.519
434.113
433.016
432.977
433.41
433.463
433.335
432.905
433.301
432.907
432.798
433.043
432.886
432.908
434.022
433.858
433.848
433.604
432.522
432.482
432.597
432.941
433.281
433.563
433.88
433.464
433
433.163
432.91
432.833
432.894
432.968
433.155
433.354
433.527
426.777
429.376
427.674
427.94
430.144
430.281
427.385
427.269
430.44
426.198
429.692
429.771
429.492
429.571
429.845
429.99
428.537
429.619
425.578
425.933
428.534
429.715
429.648
426.805
426.362
425.944
429.589
426.035
425.274
428.53
425.728
427.541
425.887
425.996
426.151
426.084
429.335
425.668
425.499
428.766
425.997
426.97
425.887
425.797
425.974
426.289
428.938
428.029
427.921
428.959
429.042
426.149
428.416
427.993
427.846
428.09
427.802
428.451
427.941
427.391
429.136
426.439
426.98
428.963
428.913
428.78
426.676
427.522
428.227
427.241
428.936
428.749
426.939
426.972
427.042
427.14
426.878
426.986
428.652
427.669
426.63
428.476
427.184
426.811
426.901
427.018
427.822
426.901
428.375
428.205
426.988
426.914
427.896
427.85
427.829
427.649
427.786
427.793
427.703
427.937
418.665
417.992
422.24
416.434
419.225
422.748
422.45
417.934
422.685
422.176
422.244
422.326
422.321
420.253
421.942
417.927
422.318
422.058
417.428
420.522
422.13
422.224
422.42
422.926
422.34
417.413
422.081
421.804
417.386
420.564
417.848
417.764
417.95
419.095
418.237
417.746
421.795
418.465
420.248
419.892
417.972
417.949
417.979
417.967
417.961
418.186
419.725
418.287
421.66
421.4
421.366
418.186
420.913
421.597
421.567
418.277
418.424
420.008
421.528
421.419
421.497
421.319
421.552
421.391
421.353
421.062
418.654
421.243
421.39
420.182
421.385
421.308
419.095
419.168
419.244
420.95
419.443
419.913
421.201
418.989
418.864
419.543
418.836
419.039
419.149
419.817
420.156
419.25
419.603
419.344
419.003
419.038
419.967
419.909
419.919
419.365
420.126
420.128
419.012
419.05
414.283
410.62
415.321
409.09
409.205
415.697
415.492
410.671
415.644
415.302
415.164
415.248
415.413
409.055
409.226
409.661
415.424
414.163
410.286
415.226
415.102
414.681
410.673
415.796
415.645
409.974
412.323
414.732
410.25
410.835
410.851
410.221
410.893
415.889
414.465
415.426
412.129
413.556
414.689
410.888
410.889
410.418
410.616
414.061
412.472
415.114
410.849
411.072
414.708
411.714
411.465
412.874
411.204
414.624
414.586
411.213
411.021
411.214
414.525
414.3
414.46
414.731
414.543
412.601
414.116
411.574
413.002
414.141
414.355
414.184
413.907
411.859
414.217
412.087
413.204
413.775
413.745
413.945
412.346
411.711
411.484
411.278
411.424
413.456
413.24
413.781
412.276
412.885
411.544
411.604
411.77
413.454
411.701
412.001
412.111
412.121
412.576
411.913
411.632
411.671
407.428
402.914
407.73
401.126
401.161
403.683
407.999
403.021
407.914
407.638
407.474
406.902
402.612
401.09
401.103
401.446
406.661
402.851
404.718
407.681
404.284
401.375
401.181
408.115
407.993
404.346
402.506
407.078
402.558
403.153
407.612
402.121
407.915
408.297
408.264
408.138
402.677
407.272
407.21
403.127
405.261
405.494
407.496
408.238
408.173
407.936
402.996
403.64
407.175
403.23
403.114
407.555
403.505
406.453
406.894
403.93
403.31
403.693
407.035
406.64
405.101
407.349
407.116
403.035
403.129
403.151
406.308
406.349
404.879
406.482
403.343
403.455
406.768
406.301
406.387
406.279
406.256
406.189
403.584
404.428
403.605
403.624
406.227
406.487
406.445
406.345
404.549
406.157
403.784
403.96
406.139
406.113
404.534
404.601
404.591
404.564
404.473
404.461
405.18
405.091
399.168
395.637
399.548
396.812
392.705
392.89
399.885
397.329
399.584
399.376
399.148
392.852
392.886
392.753
392.77
392.847
393.626
393.994
399.475
399.462
393.009
392.63
392.688
400.112
399.99
399.848
393.925
397.479
394.288
394.91
399.432
397.784
399.972
400.176
400.195
400.048
394.17
399
396.796
394.793
399.955
400.031
400.255
400.304
400.184
399.963
395.003
399.09
398.954
394.91
394.879
399.661
395.297
394.914
394.984
399.416
398.491
395.653
398.883
395.151
394.763
397.118
395.026
394.636
394.698
394.992
398.289
395.248
395.156
397.963
394.887
394.996
398.259
398.295
398.268
396.286
398.127
398.013
395.219
398.287
397.487
395.574
398.274
398.336
398.319
398.196
397.795
398.02
395.896
396.672
398.003
398.016
396.403
396.421
396.436
397.302
396.434
396.376
398.084
398.05
391.04
391.39
391.403
391.291
384.562
384.775
391.649
391.607
391.365
391.051
390.99
384.327
384.265
384.319
387.725
387.575
385.683
385.888
391.376
391.144
384.601
384.221
384.125
392.015
392.066
391.962
385.704
385.696
385.958
386.312
389.257
391.785
391.864
392.15
392.113
389.479
385.794
390.73
386.06
386.381
391.924
392.05
392.19
392.354
389.959
387.176
390.52
390.793
390.711
389.452
387.781
391.858
390.26
386.429
386.411
390.657
390.362
390.474
388.561
386.827
386.416
386.462
386.32
386.316
386.403
386.944
390.208
386.783
386.73
386.802
386.51
386.68
388.773
390.123
388.034
387.205
388.828
387.423
386.795
389.956
389.981
390.152
390.09
390.093
390.05
388.201
389.82
389.885
390.038
389.972
389.859
388.907
389.411
389.28
388.664
389.653
388.449
389.266
389.978
389.868
383.322
383.461
383.608
383.407
381.049
380.526
379.236
383.796
383.553
383.24
377.989
376.372
376.385
383.61
384.273
384.096
377.74
380.957
383.621
379.564
376.504
378.838
376.587
383.872
384.381
384.233
377.749
377.821
378.008
378.155
376.896
384.294
377.396
384.224
379.833
378.182
380.812
379.351
377.977
379.683
383.877
384.35
384.278
379.7
378.04
378.055
382.856
382.918
383.072
383.122
383.599
379.185
384.113
378.225
378.296
382.363
382.72
382.755
378.503
378.862
378.321
378.229
378.315
378.169
378.339
383.11
379.903
378.89
378.725
378.737
379.822
382.107
378.451
381.084
378.65
379.16
379.095
378.951
378.866
382.105
382.251
382.413
381.441
382.001
380.233
379.41
379.663
379.716
382.297
382.217
381.169
379.929
381.627
381.762
381.613
381.649
381.871
382.04
382.218
381.042
375.939
375.404
373.353
376.26
376.227
376.105
370.188
376.279
376.117
373.208
368.898
368.579
372.299
376.435
376.643
376.432
370.27
376.352
376.181
370.428
368.926
376.407
369.311
369.668
375.422
376.62
370.9
370.337
370.45
370.368
369.143
376.743
369.527
369.683
369.989
370.31
375.471
370.36
370.489
375.424
376.431
376.063
375.63
369.998
370.127
370.376
375.415
375.243
370.777
375.681
376.256
370.593
376.204
370.406
370.418
370.695
375.244
375.196
370.614
373.45
370.604
370.522
370.642
374.269
373.326
375.677
371.388
371.306
370.861
371.231
374.694
374.852
370.83
370.904
372.331
371.602
371.472
371.437
374.944
374.015
374.865
374.93
371.094
371.614
371.719
371.758
371.629
371.594
374.904
374.818
372.324
372.208
373.846
373.857
373.891
374.049
374.103
374.262
372.294
371.579
368.925
368.88
365.895
369.1
369.12
369.057
365.078
368.976
368.928
363.435
361.903
361.646
369.029
369.308
369.317
369.283
364.193
369.046
368.297
363.429
361.814
368.971
367.5
362.344
362.026
364.015
368.637
368.316
365.533
363.805
361.979
368.864
362.687
362.16
362.301
363.96
368.507
363.361
364.194
368.598
369.37
363.303
362.94
362.505
362.579
362.823
368.31
366.131
363.135
368.706
369.161
363.171
367.328
366.318
366.937
363.447
364.855
367.867
363.347
368.951
363.303
363.153
363.315
368.808
368.622
368.462
364.252
364.387
368.347
365.951
367.775
367.832
363.704
363.955
368.371
367.753
364.408
364.681
368.579
363.93
367.784
367.845
364.04
364.222
364.782
364.718
364.574
364.616
367.331
364.679
365.064
364.989
364.811
364.84
366.246
365.167
365.342
366.938
364.172
364.28
362.024
362.074
358.686
362.023
361.698
362.004
361.988
362.124
362.015
356.612
361.912
361.558
362.011
362.252
362.084
362.171
362.064
362.23
355.375
357.961
355.121
362.087
362.036
354.932
354.303
354.458
361.934
359.49
361.129
361.501
355.262
355.566
361.215
354.95
359.952
361.349
361.719
356.278
360.577
358.18
362.805
356.184
356.173
355.195
360.204
361.422
357.155
356.011
356.076
358.184
360.598
356.371
356.348
361.916
362.048
357.026
356.919
357.22
359.591
362.07
356.495
359.585
361.653
361.989
361.985
361.72
357.235
361.89
362.298
362.04
361.208
361.249
360.52
360.252
361.741
361.615
359.35
361.844
361.995
356.922
361.234
361.271
360.244
357.927
361.384
360.794
360.487
360.895
356.839
356.868
358.48
359.235
359.924
358.275
358.386
358.287
358.484
357.502
357.226
358.977
355.512
355.506
355.084
352.4
351.543
351.096
351.699
355.636
355.564
351.249
355.535
355.565
355.447
355.646
355.543
355.584
355.546
355.756
348.532
355.295
348.474
355.051
355.314
347.828
347.527
347.597
355.392
349.098
354.115
355.283
354.385
353.165
355.108
348.042
349.271
353.018
352.325
353.371
354.028
349.244
356.592
350.179
350.029
353.784
355.539
355.708
349.559
349.403
349.221
349.164
350.09
349.948
349.963
355.616
355.576
355.124
349.774
349.702
356.133
355.628
349.911
355.287
355.541
355.458
355.483
352.772
354.639
355.626
355.996
355.754
353.571
351.849
355.4
355.42
355.344
355.189
355.243
355.42
355.606
350.241
354.657
354.747
355.123
354.871
355.181
355.136
355.115
355.192
350.119
350.169
354.56
354.674
354.764
353.261
352.014
351.964
354.823
351.32
351.01
354.613
349.047
349.149
348.696
345.178
345.208
344.346
344.514
349.444
349.413
348.996
349.086
349.194
349.124
348.608
345.094
344.555
349.544
349.555
342.258
349.048
341.893
341.376
349.028
341.359
341.266
341.33
345.397
342.466
342.461
348.964
350.21
349.868
346.266
341.5
341.375
341.542
342.334
343.853
343.802
342.752
350.3
350.059
344.841
349.375
349.308
349.523
344.755
343.191
349.679
342.394
343.563
350
346.678
349.491
349.447
349.601
348.666
345.442
350.007
346.791
343.624
347.877
349.434
348.379
347.598
342.055
349.505
349.564
349.871
349.06
343.883
343.7
349.225
349.148
344.844
345.702
349.098
349.291
343.269
343.774
348.124
348.188
348.218
348.904
348.601
348.699
348.828
348.87
343.511
346.518
348.031
348.108
347.479
348.584
346.296
346.057
348.673
348.297
348.199
348.367
342.801
343.288
335.798
341.65
347.338
346.798
339.337
340.668
343.365
342.744
342.329
338.815
343.32
335.287
335.341
335.362
341.153
343.491
336.083
340.937
335.47
335.103
337.541
335.279
335.375
335.371
335.525
336.101
336.141
342.193
343.676
336.861
335.771
342.424
337.182
337.753
336.093
336.283
338.702
342.143
343.939
344.04
336.175
343.838
343.755
343.746
343.458
336.984
344.572
338.786
337.237
344.128
343.811
343.845
343.839
343.84
343.814
343.949
344.168
335.407
337.319
337.385
343.518
336.378
336.181
336.004
343.586
343.649
340.521
335.749
337.354
337.354
343.202
340.835
336.539
336.387
343.216
341.156
336.448
342.19
341.543
337.736
337.786
342.323
336.998
337.595
341.121
337.7
337.08
342.684
341.513
341.498
338.001
341.737
341.226
341.161
339.195
338.314
342.115
342.262
335.618
330.893
330.567
341.671
341.836
341.646
341.185
331.318
332.291
334.407
329.255
329.255
330.335
329.692
329.625
329.608
329.845
331.031
329.984
330.116
329.316
329.222
329.331
329.397
329.638
329.584
330.062
330.124
329.959
330.17
329.829
329.319
329.717
337.904
338.03
338.065
335.537
330.205
338.754
338.767
337.605
338.121
330.091
338.136
338.247
338.262
338.439
338.797
338.939
338.444
336.755
338.218
338.208
333.314
330.706
334.289
335.942
338.398
338.685
329.394
331.246
331.216
337.901
330.205
329.991
330.057
332.683
333.077
329.895
329.597
331.209
331.223
331.561
330.547
330.322
330.221
330.441
330.159
330.088
336.616
331.348
331.235
331.264
331.168
330.601
330.459
330.685
330.572
336.036
336.675
335.292
333.038
331.42
331.494
334.819
334.872
330.89
331.026
335.936
334.882
323.893
324.125
332.109
335.819
335.435
335.278
335.359
330.548
324.322
324.559
323.711
323.866
324.027
323.925
333.059
332.873
324.239
324.433
324.344
324.427
323.705
323.702
324.448
330.576
329.906
330.049
332.819
324.536
324.367
324.408
323.753
323.947
324.462
332.384
332.465
332.546
333.051
325.102
333.788
333.308
332.056
329.378
329.235
329.613
332.594
332.703
324.751
333.708
333.534
327.127
332.335
332.56
331.901
324.23
324.088
324.088
323.83
333.184
325.527
323.415
327.764
325.483
326.262
324.23
324.082
323.949
323.793
323.887
323.759
323.983
325.507
325.24
324.879
324.504
326.813
327.896
324.043
324.03
323.953
330.909
325.539
325.42
325.251
324.87
325.005
326.199
324.488
324.387
330.868
330.817
327.944
325.615
325.448
325.271
328.691
328.408
324.861
326.608
326.775
326.108
321.327
326.908
329.364
329.093
326.834
326.83
328.654
328.999
322.706
318.938
324.631
326.157
319.998
328.172
328.913
328.908
327.527
318.89
318.507
318.706
318.463
327.006
328.091
327.441
322.755
322.533
327.145
325.678
326.163
327.844
318.478
322.433
327.639
327.116
320.186
320.11
328.18
328.738
328.571
328.162
320.071
319.279
327.275
318.617
317.982
319.336
317.897
328.441
322.39
317.723
326.522
322.584
318.808
318.127
317.624
317.374
317.504
318.37
317.408
317.566
326.426
322.922
318.539
318.225
320.383
319.804
317.492
317.64
317.536
325.037
323.764
324.837
318.833
318.588
326.62
326.424
317.861
317.807
323.801
325.432
322.457
323.12
322.612
319.094
324.677
325.844
318.339
322.988
325.173
325.239
320.42
324.179
321.954
319.575
320.792
321.197
321.562
324.684
323.161
320.264
322.901
322.73
322.673
319.25
301.18
301.167
318.982
322.329
322.615
322.008
323.081
322.991
322.819
323.276
323.339
323.109
322.831
322.323
319.124
320.064
321.353
322.56
322.216
310.2
309.369
309.334
310.951
322.599
322.871
322.789
312.899
321.925
321.636
310.814
308.939
308.861
310.336
322.714
322.859
322.622
313.127
313.163
321.244
320.56
309.378
309.343
321.715
322.396
311.639
311.913
320.933
313.253
313.114
317.466
314.122
315.461
317.318
311.437
311.401
311.756
320.841
320.507
312.82
314.774
321.707
321.545
312.062
311.71
311.706
319.906
320.63
320.45
316.322
312.907
321.305
321.031
313.804
315.742
319.777
319.968
320.203
320.171
319.882
316.344
320.725
320.605
318.051
319.761
319.735
319.877
316.828
319.669
319.668
319.291
315.743
315.751
319.592
319.601
319.557
316.159
316.29
316.331
313.924
294.372
295.342
295.305
294.413
313.977
316.199
316.104
316.496
316.534
316.895
317.326
311.558
312.078
316.833
316.61
316.494
316.438
316.427
316.342
304.092
302.209
307.61
307.766
301.416
301.338
316.446
316.473
313.555
315.161
310.76
302.253
302.64
302.235
301.481
313.934
316.362
316.396
306.932
306.621
314.61
313.614
302.751
302.694
314.173
315.613
305.075
306.073
314.78
306.779
315.238
316.152
316.77
316.869
316.212
304.791
304.931
305.591
314.813
314.484
307.013
315.822
316.257
316.303
315.228
306.722
313.377
314.26
314.73
314.502
314.215
314.002
315.659
315.471
315.099
314.299
314.065
314.22
313.36
314.361
314.381
314.865
315.365
315.107
314.716
314.23
314.005
311.607
312.64
312.234
314.015
314.32
310.588
310.805
314.262
313.901
312.717
312.503
309.103
299.348
288.091
289.012
292.153
292.117
288.898
287.904
300.228
309.413
309.532
310.519
311.455
295.257
293.092
292.899
294.5
311.222
310.317
309.479
309.423
294.574
294.143
299.662
309.201
309.06
299.92
293.457
293.578
309.368
309.279
296.394
293.72
296.353
304.638
307.687
299.071
293.647
303.05
309.298
300.493
303.839
299.146
296.418
307.146
302.182
296.812
300.089
305.959
308.06
308.432
304.021
301.55
310.06
311.61
311.246
308.485
305.558
298.465
303.381
308.401
308.137
305.298
309.784
310.914
310.922
309.64
308.231
307.784
307.89
308.357
308.177
308.133
308.77
308.919
308.166
308.578
308.047
307.937
307.982
301.073
306.599
307.994
308.342
305.566
306.165
308.296
307.997
307.806
300.956
305.233
300.867
307.733
307.989
307.902
307.954
308.044
307.75
301.07
306.142
283.579
283.321
282.707
281.981
349.445
349.489
281.811
282.642
283.33
283.673
302.119
295.62
288.592
283.796
285.826
285.402
283.657
288.527
290.327
294.555
293.019
286.92
291.328
310.066
288.47
291.965
311.213
290.276
285.786
294.388
289.885
287.573
288.097
312.132
311.908
312.195
313.217
287.8
286.814
296.048
299.043
295.972
288.499
290.209
312.79
312.799
290.534
288.497
301.045
301.733
301.863
301.909
289.694
292.207
307.326
306.064
292.509
292.9
301.626
292.086
301.874
301.943
301.885
302.829
294.708
294.193
302.538
301.76
301.776
297.341
296.593
301.986
301.864
302.197
292.923
292.992
302.045
301.784
301.822
294.596
293.986
294.034
301.643
301.69
293.489
293.574
301.654
301.597
294.89
293.834
293.812
294
300.334
301.291
299.91
300.03
301.277
300.336
294.132
293.845
279.031
278.43
276.919
331.931
344.899
344.878
332.657
276.693
278.17
278.751
279.134
278.496
276.798
279.542
293.805
293.914
279.087
276.588
278.223
278.804
280.684
279.9
301.513
283.076
269.004
269.324
283.554
301.957
279.438
279.88
281.839
281.486
300.943
305.969
306.629
306.583
307.299
301.187
282.37
281.241
295.738
283.193
284.679
300.709
307.069
307.115
299.908
284.226
286.561
296.466
284.531
296.027
285.447
286.21
287.904
287.469
286.706
285.738
295.16
284.079
286.175
295.973
296.037
296.336
285.625
285.592
295.957
295.74
295.618
284.039
285.987
289.753
295.827
295.906
285.851
285.914
295.833
295.708
289.341
285.049
286.958
286.726
291.833
295.315
286.637
286.698
295.342
291.597
286.848
288.406
286.97
287.425
287.291
287.668
287.152
287.248
287.971
287.43
287.52
287.066
273.055
278.036
316.22
336.426
334.246
334.206
336.408
316.781
278.363
272.448
272.795
270.886
269.107
303.566
328.375
328.462
302.632
268.556
270.201
272.184
274.479
300.674
286.693
261.524
260.478
260.45
261.377
286.871
299.519
274.938
283.675
299.995
303.223
297.317
274.422
274.861
298.821
303.952
305.741
294.276
285.69
281.652
302.544
301.931
300.272
300.242
302.126
301.276
282.26
287.657
276.925
285.243
282.431
282.093
277.815
277.808
280.097
280.621
283.682
277.683
276.973
280.873
287.227
280.141
277.959
278.095
278.959
287.128
279.625
277.582
278.839
277.951
281.838
288.288
278.549
278.563
288.071
281.537
278.384
278.706
293.557
279.795
279.167
279.825
279.2
279.239
280.446
279.373
279.6
294.422
280.897
285.054
279.769
279.838
279.758
279.874
279.987
279.985
285.136
280.985
301.364
329.392
331.816
328.88
322.536
322.252
328.972
331.813
329.379
301.318
265.394
262.873
293.151
325.008
321.84
321.746
324.801
293.469
262.147
265.028
297.016
297.384
255.018
253.107
252.77
252.766
253.047
254.928
298.022
295.868
299.614
299.607
296.136
257.801
253.029
253.06
258.184
296.907
299.861
299.645
270.902
284.186
294.337
293.078
271.504
270.277
293.59
295.135
283.872
273.014
270.159
269.281
293.448
291.878
282.934
281.899
289.745
291.972
270.105
270.905
269.921
269.634
269.774
270.069
269.915
269.976
270.495
270.441
270.254
270.628
280.576
269.999
270.207
270.075
270.07
270.296
270.603
270.819
270.553
281.396
288.092
283.2
271.087
271.075
282.889
282.59
271.499
271.481
281.972
288.8
285.772
287.288
272.092
272.36
281.265
280.696
272.648
272.426
287.797
286.652
325.671
326.375
323.672
216.423
187.571
186.952
215.86
323.522
326.28
325.625
275.694
280.961
310.351
292.055
302.078
301.851
294.133
310.95
280.417
273.615
291.992
275.682
251.844
272.548
246.416
246.426
271.998
251.396
275.136
292.02
291.937
291.205
277.425
245.147
246.196
245.872
244.497
275.968
291.249
291.876
262.287
289.683
287.164
267.409
247.789
247.649
267.571
287.462
289.935
262.604
262.289
261.43
285.074
283.214
280.965
280.552
282.725
284.902
262.372
263.042
262.757
261.904
261.997
265.588
279.126
278.574
265.552
262.624
262.682
263.378
282.09
265.338
262.626
262.612
265.492
266.68
263.205
263.247
263.813
282.608
282.927
282.842
263.564
263.72
280.102
280.267
264.26
264.129
283.328
283.158
281.427
281.317
266.726
265.526
278.915
279.078
265.638
266.286
281.776
281.907
318.314
322.992
218.15
89.8144
50.94
50.3813
89.7237
218.078
322.803
318.157
303.616
313.028
280.222
272.577
263.149
262.879
273.738
280.893
312.835
302.466
271.283
223.49
280.525
282.361
277.572
277.471
282.475
280.257
222.898
271.237
282.664
250.686
231.488
238.161
251.153
251.302
237.623
231.242
251.856
283.036
254.118
277.269
241.618
241.064
242.817
242.724
240.659
240.725
277.863
255.117
253.713
252.541
262.662
273.939
270.5
270.076
273.758
264.001
253.491
254.574
259.026
253.033
253.265
275.458
277.356
277.385
275.522
254.204
253.938
255.626
263.753
278.707
256.961
255.839
276.526
276.567
256.07
255.429
276.247
264.46
258.081
277.29
268.852
256.644
274.812
274.692
257.035
265.453
276.895
263.953
272.508
272.519
275.534
274.598
269.735
270.147
274.554
273.302
274.133
273.585
313.787
317.672
98.0983
27.6674
14.6397
14.6266
27.6427
98.2642
318.144
313.677
293.292
300.294
271.698
226.665
162.807
162.585
227.604
271.677
300.454
293.374
213.891
213.588
275.894
279.112
279.135
279.242
279.283
275.966
213.37
213.568
264.022
217.331
224.341
262.522
283.994
284.201
261.716
224.345
217.125
266.291
277.348
248.976
227.231
239.781
265.564
265.826
240.26
227.114
249.483
275.061
279.025
262.91
230.128
243.289
245.322
245.158
243.513
229.93
261.978
277.306
279.005
275.478
256.087
261.134
271.959
272.009
260.404
256.046
273.95
277.076
250.314
276.484
270.21
256.873
271.197
271.173
255.267
269.266
277.463
246.887
229.049
269.641
275.311
268.553
255.497
256.486
266.313
275.048
270.742
228.848
250.937
251.989
273.497
272.037
247.063
246.986
271.676
273.459
253.854
252.278
309.803
257.357
59.0071
14.4103
13.229
13.2068
14.3725
59.2289
260.194
309.657
261.009
291.585
257.38
135.298
50.9663
51.0117
136.122
257.239
291.73
262.979
204.018
209.384
272.423
272.207
251.774
251.825
272.293
272.643
208.351
204.11
240.446
211.025
228.319
277.64
278.724
278.979
278.001
228.151
210.511
241.019
275.329
231.107
224.19
265.991
280.59
280.894
266.942
223.919
230.232
275.736
276.688
276.972
230.657
235.002
243.931
244.07
233.98
229.331
277.388
277.267
276.133
278.308
272.645
234.616
245.076
244.979
234.56
272.23
278.798
276.755
237.586
273.355
276.896
271.994
262.194
261.41
271.178
277.469
274.672
238.257
219.558
246.536
272.975
270.749
237.682
237.653
271.207
273.766
250.68
217.308
226.47
232.694
269.61
262.95
239.697
239.664
263.281
270.064
233.199
225.136
306.34
173.103
33.2749
13.7848
13.4153
13.4088
13.7568
33.589
175.51
306.213
216.142
282.412
205.507
47.308
14.3435
14.3558
47.8635
206.259
282.265
217.423
199.192
228.396
265.485
237.859
179.238
179.064
238.02
265.618
227.399
199.239
208.35
208.519
262.706
273.366
274.542
274.847
273.772
262.722
207.915
207.623
271.049
229.47
221.224
274.654
275.185
275.361
274.972
220.958
228.172
271.493
272.408
274.39
255.393
231.171
264.299
265.031
231.362
252.482
274.86
272.991
271.335
274.947
273.695
229.018
228.694
228.942
229.085
273.936
275.352
272.433
225.843
264.944
274.103
254.823
228.263
228.488
253.455
274.332
266.81
229.928
209.836
214.087
260.055
263.227
229.796
229.898
263.146
261.405
217.136
206.545
230.718
218.758
253.623
240.325
243.063
241.103
241.518
255.506
218.16
228.413
297.66
125.211
17.2966
14.8103
14.3036
14.3107
14.7965
17.349
126.239
297.784
209.697
261.174
110.761
16.6128
14.5357
14.5417
16.7416
111.526
261.553
209.025
193.505
259.077
236.388
136.916
77.1306
76.9855
137.086
236.861
259.565
193.633
197.451
205.075
261.056
263.577
250.988
251.057
263.778
261.298
203.933
195.657
267.098
254.154
246.548
269.487
269.584
269.873
269.85
246.2
252.639
267.515
268.491
270.924
271.868
265.093
270.589
270.992
266.005
272.251
271.377
269.079
264.862
270.732
271.941
232.464
222.235
222.482
232.26
272.158
271.074
266.429
198.615
256.939
270.468
223.264
222.144
222.226
223.468
270.604
261.533
207.752
198.402
197.781
226.835
228.381
222.205
222.421
227.153
231.405
194.636
196.307
246.261
209.516
208.615
224.432
262.129
261.105
225.114
209.491
207.554
240.842
271.397
77.9604
16.8208
16.9201
16.4557
16.466
16.9325
16.7988
78.5294
272.323
223.24
199.351
43.6876
17.0139
16.6406
16.6525
17.0172
44.2322
200.952
223.853
192.437
222.242
145.599
46.7891
25.5851
25.5882
47.0774
146.344
219.36
191.166
212.651
258.907
241.793
191.363
164.505
164.289
191.11
241.75
257.552
208.906
259.679
267.754
266.469
263.998
259.648
259.955
264.48
266.824
267.682
260.762
265.223
266.922
267.328
266.202
265.069
265.529
266.554
267.586
267.314
265.695
252.195
266.334
266.869
264.39
215.369
215.406
264.648
267.022
266.559
255.419
164.607
251.112
265.531
229.379
215.17
215.214
227.519
265.658
257.958
170.812
181.493
185.568
203.93
202.994
237.464
234.478
206.769
208.613
181.443
177.172
253.48
197.882
193.068
216.604
258.442
258.271
218.645
190.148
193.381
251.643
199.055
38.3012
19.5598
19.6998
19.4573
19.4739
19.7726
19.6389
38.6129
200.297
202.321
114.148
25.8941
19.6112
19.5755
19.5985
19.6828
26.1672
115.519
203.902
197.773
175.804
55.5354
22.6334
20.1633
20.1924
22.8354
56.2831
171.869
195.794
248.5
251.917
159.952
75.5738
64.3473
64.0434
75.3519
159.084
250.933
245.624
261.596
263.001
257.546
213.122
182.36
182.429
212.81
257.752
262.451
260.349
255.611
260.159
258.993
256.704
239.659
240.296
256.995
259.218
260.116
256.456
229.452
259.394
258.362
257.071
223.383
223.681
257.277
258.52
259.574
235.381
148.044
238.134
257.294
256.714
230.99
229.791
256.805
257.478
248.038
149.033
162.626
169.772
200.839
206.897
254.229
254.079
207.084
205.763
165.797
152.716
245.722
178.1
180.662
193.286
251.516
251.471
196.804
176.298
171.857
243.059
113.585
23.4335
21.7494
21.9321
21.9542
21.9726
22.0183
21.8801
23.5292
113.861
149.53
58.8353
23.619
21.7952
22.0509
22.0751
21.8875
23.7891
59.1731
149.08
177.837
104.735
28.9251
22.4794
22.3132
22.3392
22.5994
29.3078
102.582
175.914
249.759
182.698
60.9707
27.0102
28.084
27.9545
27.0822
59.8872
179.758
248.21
258.278
253.476
187.757
96.6245
79.6782
79.429
95.3686
186.021
252.992
257.719
232.69
252.001
247.951
226.129
158.974
159.545
226.462
248.053
251.733
234.528
203.516
250.061
247.318
245.083
237.35
237.862
245.167
247.469
250.067
212.626
136.367
222.15
246.141
245.356
245.601
245.407
245.288
246.341
234.445
135.743
137.934
150.271
218.613
243.666
245.11
245.007
242.927
219.443
144.41
136.935
227.195
159.14
167.815
192.202
242.44
242.349
192.23
162.566
153.546
218.846
55.7108
21.5393
22.6112
22.7616
22.8084
22.8366
22.8514
22.7748
21.712
55.4915
102.186
35.5512
23.218
22.71
22.8831
22.9131
22.8122
23.386
35.5968
100.882
133.615
53.2567
24.8786
23.2345
23.2396
23.2644
23.337
25.0522
52.4564
132.725
199.404
88.1276
28.2589
24.2128
25.5319
25.4864
24.2653
28.0681
83.9282
196.26
249.163
181.57
74.1333
32.5504
41.0474
40.9525
31.7396
70.4356
177.993
248.496
222.036
237.165
205.07
128.781
77.0338
77.5369
129.248
205.158
237.279
233.209
175.914
237.499
234.801
229.202
196.759
197.413
229.74
234.958
237.563
184.916
122.093
215.955
233.533
233.424
234.129
234.011
233.438
233.803
226.984
122.942
122.549
145.136
232.205
233.034
233.169
233.067
233.072
232.576
141.652
122.873
188.044
149.943
169.025
229.501
231.139
231.043
228.047
164.776
146.178
173.414
31.0056
23.1375
23.3818
23.048
22.8599
22.8589
23.0425
23.4084
23.1642
30.8137
67.3553
28.1024
23.6926
23.0371
22.8888
22.8889
23.0357
23.7198
28.0852
66.5417
80.1838
31.9965
24.3958
23.5476
23.3229
23.3102
23.5285
24.4072
31.6657
80.2745
95.8488
38.1467
25.4447
24.9545
25.8791
25.8315
24.8678
25.4263
36.2078
94.002
201.143
58.5707
28.5751
29.1977
34.9067
34.9954
28.997
27.0868
55.7565
195.088
222.224
201.268
100.367
58.4134
49.8658
50.2581
59.3225
101.873
202.371
239.162
142.475
223.902
214.105
156.804
109.129
109.796
159.051
215.894
224.275
150.516
107.604
213.084
220.805
220.56
210.268
210.298
220.593
221.14
212.997
108.85
108.21
134.465
218.375
219.65
220.477
220.393
219.608
218.692
130.631
109.023
139.664
136.393
190.525
217.742
218.256
218.219
217.55
184.282
132.904
129.272
25.9379
24.8851
24.5815
24.1068
23.8996
23.8634
24.0006
24.445
24.7687
25.7559
45.096
26.776
24.7916
24.0663
23.8727
23.8331
23.9558
24.6562
26.6904
44.6468
43.379
26.9633
25.0598
24.5262
24.2292
24.1771
24.3786
24.9057
26.778
43.3087
34.159
27.278
26.0988
26.0207
26.5232
26.4664
25.8172
25.9569
26.9579
33.6128
112.973
28.7557
26.6245
30.1153
31.9359
32.0218
30.11
26.1144
28.2973
106.77
175.058
138.228
48.894
42.4995
40.803
40.9923
43.7828
52.357
144.093
182.285
97.6983
213.058
141.064
73.2097
53.2437
53.4942
75.2545
146.884
214.091
105.24
95.2405
201.819
207.847
153.146
127.468
127.514
154.605
208.093
195.327
95.8179
95.4777
126.932
205.079
206.056
206.158
206.046
205.991
205.037
120.753
96.5018
107.08
120.528
202.232
204.067
204.786
204.765
203.92
201.983
117.142
102.896
29.9757
29.4516
29.5274
29.6019
29.7067
29.6641
29.4812
29.3263
29.2809
29.8079
37.018
30.5457
29.6524
29.5245
29.6472
29.6022
29.3931
29.4555
30.4128
36.6712
35.2279
30.238
29.8033
29.8468
29.8869
29.8335
29.6843
29.5892
30.0353
34.962
33.6993
31.8495
30.8582
30.7202
31.0469
31.0101
30.5417
30.6815
31.6652
33.4263
53.1861
32.107
32.1066
33.4399
33.2687
33.2849
33.6208
31.9385
32.2511
53.37
84.952
77.5936
48.3804
39.1504
36.9086
36.9655
40.3077
52.0038
85.3507
83.6383
65.508
182.175
72.8432
42.6342
39.1316
39.1451
43.1319
78.9402
184.948
66.7682
89.0849
190.753
133.223
71.0391
53.244
53.1495
71.5565
130.354
185.01
88.5296
91.1293
143.434
193.986
141.64
144.855
144.999
143.577
193.741
131.236
95.0592
82.549
110.447
190.078
192.292
192.536
192.389
192.151
189.551
105.886
84.9651
34.6647
35.0941
36.1977
37.0536
37.527
37.5151
37.0146
36.1172
35.0313
34.5952
37.501
35.8683
36.0948
36.832
37.3183
37.3048
36.7884
36.0197
35.8331
37.3267
36.8211
35.4612
36.1378
36.7979
37.2376
37.2225
36.7462
36.0582
35.3696
36.6079
40.1752
38.6054
37.1474
36.708
37.2444
37.2372
36.6702
37.133
38.7441
39.8668
47.7361
42.9544
38.6304
37.108
37.3058
37.3078
37.2614
38.9723
44.6672
48.8156
45.5204
58.1052
49.7212
40.1075
38.5469
38.6094
40.6859
52.1495
60.8198
44.8239
44.2269
99.483
50.7596
40.7059
38.9676
38.972
41.0456
52.2848
98.2788
43.2632
78.2704
128.849
56.2018
43.5273
38.6183
38.6426
43.7726
55.6582
114.404
77.1341
99.7524
134.722
110.563
62.1966
70.659
70.5133
62.4266
109.116
124.518
104.961
59.5515
99.9558
172.441
140.319
143.754
143.922
142.286
170.373
95.5192
60.5689
58.5659
61.2932
63.8166
65.4241
66.193
66.2027
65.4545
63.8495
61.3377
58.5766
60.2858
61.8492
63.5813
65.1771
65.9385
65.9462
65.2059
63.6183
61.9039
60.2767
59.8211
61.3319
63.3467
64.6216
65.2983
65.3026
64.6522
63.3885
61.3402
59.751
63.3442
65.1638
63.7899
63.7178
64.431
64.4353
63.7443
63.8797
65.4767
63.2175
74.3287
71.7292
64.0267
62.8167
63.474
63.4762
62.8407
64.5946
73.206
74.9813
65.2104
65.5316
67.796
63.1046
63.3317
63.363
63.1375
67.7614
65.042
65.1717
60.8852
64.0415
65.4382
64.6061
62.7928
62.8205
64.8853
64.5345
63.0126
60.8838
71.242
70.8793
61.4266
62.0569
60.9038
60.9095
62.0942
61.3573
67.6285
70.6935
89.8119
85.0898
63.4776
60.922
61.2119
61.086
60.8318
63.1708
81.3275
91.5952
66.0796
90.9129
111.295
70.962
79.5831
79.7792
72.0259
109.906
88.3317
66.0775
56.2299
60.7376
64.5589
67.1339
68.3965
68.3996
67.1431
64.57
60.7507
56.2322
56.0931
60.3471
63.876
66.4426
67.6628
67.6657
66.4506
63.8871
60.3517
56.1008
55.196
59.2281
62.7462
65.0012
66.1602
66.1628
65.0092
62.7582
59.2384
55.1811
54.8932
60.0853
61.4039
63.1613
64.2617
64.2639
63.169
61.4099
60.2422
54.947
62.9972
61.1554
59.3018
61.0315
62.0399
62.0414
61.0377
59.3972
61.3206
63.1047
55.2335
55.3368
56.9829
58.597
59.5674
59.5697
58.6033
56.9652
55.3522
55.2539
51.8773
53.6675
55.0673
57.1858
57.0369
57.0464
57.2592
55.101
53.6703
51.8507
49.9639
51.8484
52.998
53.9816
54.0874
54.0942
53.9953
52.9945
51.8404
49.9746
48.9364
50.531
50.6121
51.035
50.9111
50.9215
51.059
50.5971
50.5458
48.9636
49.565
50.1635
48.7912
48.124
47.8625
47.8664
48.1492
48.7311
50.1498
49.5828
438.526
438.068
436.811
436.958
436.898
437.081
436.508
437.208
439.367
436.343
435.64
436.138
435.785
435.86
435.759
435.742
435.52
435.084
435.253
434.854
435.103
434.463
435.431
434.995
435.039
434.938
435.445
435.205
432.882
436.034
433.515
433.93
434.878
434.532
434.552
434.494
435.01
435.444
433.489
435.748
434.43
434.773
434.027
434.357
434.144
434.14
434.108
434.562
434.987
434.409
435.155
434.682
434.207
433.706
433.848
433.856
433.691
433.649
434.625
433.472
433.395
433.871
433.84
433.663
433.549
433.546
433.527
433.741
434.208
433.238
433.007
433.158
433.519
433.36
433.27
433.256
433.296
433.552
433.16
433.091
433.718
432.971
433.123
433.04
432.948
432.996
433.106
433.061
432.914
433.672
433.371
433.046
432.791
432.726
432.714
432.723
432.798
432.671
433.244
433.562
429.607
426.81
427.645
427.911
427.515
427.803
427.301
429.389
430.102
430.584
429.338
428.771
428.326
427.404
427.624
427.439
427.114
426.663
425.099
425.688
426.117
428.525
428.14
427.364
427.818
427.548
427.772
425.757
425
427.048
426.088
426.569
427.009
427.986
427.781
427.62
428.22
428.578
426.702
428.656
428.739
426.786
427.22
428.128
427.625
427.875
428.252
428.709
429.068
426.862
428.877
427.916
427.932
427.469
427.593
427.766
427.411
427.283
428.362
426.838
427.675
428.087
427.902
427.539
427.624
427.601
427.36
427.169
427.913
427.274
426.883
427.991
427.854
427.724
427.638
427.559
427.402
427.843
427.589
427.192
427.95
427.345
427.346
427.665
427.602
427.534
427.726
427.816
427.245
427.725
427.859
427.293
427.328
427.464
427.51
427.539
427.656
427.274
427.242
428.016
422.037
418.724
420.449
420.269
419.823
420.219
420.882
421.667
422.386
422.829
421.947
419.658
420.597
419.615
419.791
419.8
419.652
421.471
419.326
422.56
418.393
421.178
419.454
419.628
420.12
419.734
418.845
418.089
417.215
416.64
418.333
420.845
419.428
420.343
420.099
420.015
420.319
418.886
421.32
421.13
420.956
419.376
420.449
420.359
420.11
420.149
420.52
420.98
421.45
420.22
421.203
419.339
420.137
419.807
419.824
419.93
419.721
419.38
419.176
419.581
421.064
420.532
419.95
419.646
419.75
419.729
419.555
419.313
419.114
421.307
419.174
420.438
419.673
419.675
419.744
419.734
419.627
420.069
420.773
420.975
419.035
419.72
419.589
419.869
419.876
419.776
419.998
420.076
419.436
419.117
419.88
419.556
419.555
419.98
419.905
419.879
419.967
419.694
419.321
419.342
415.03
411.651
413.309
412.783
413.019
413.192
413.611
412.49
415.296
415.685
415.014
411.673
412.339
412.543
412.815
412.882
413.71
414.37
415.123
415.74
411.214
414.132
412.216
412.513
412.93
413.071
411.905
412.182
410.036
409.308
411.204
414.16
413.03
413.266
413.031
413.05
411.957
411.691
414.343
409.712
411.356
412.919
413.612
413.235
412.987
412.893
413.034
413.894
414.35
414.444
414.034
412.138
412.263
413.1
412.875
412.702
413.216
413.584
411.908
414.364
414
411.983
412.174
412.407
412.573
412.615
412.824
412.167
411.868
414.267
411.884
413.336
412.23
412.378
412.522
412.561
412.442
412.206
413.656
414.074
411.699
413.415
412.49
412.383
412.664
412.581
412.658
412.866
413.483
411.83
411.826
412.422
412.764
412.79
412.712
412.699
412.832
413.022
412.011
411.814
407.38
403.911
404.757
404.611
405.473
405.489
405.829
403.911
407.563
407.961
405.557
403.968
404.326
405.167
405.312
405.321
405.974
406.069
407.574
408.063
403.4
406.426
404.414
405.855
405.127
405.462
404.68
406.278
402.276
401.545
403.474
406.526
406.204
404.785
405.245
405.427
404.481
404.218
406.792
401.43
403.588
406.436
406.141
404.794
405.313
405.078
404.679
405.635
406.788
406.878
405.563
404.824
404.636
405.497
405.315
405.123
405.65
405.917
404.29
406.859
406.291
404.386
404.554
405.263
405.156
405.148
405.558
405.344
404.242
406.771
406.036
404.485
404.625
404.88
405.05
405.173
405.345
404.64
405.598
405.87
404.131
405.86
405.771
404.943
405.067
405.082
404.839
404.675
405.874
404.245
404.176
405.724
405.685
405.311
405.232
405.171
404.879
405.634
405.8
404.21
399.082
395.495
395.893
396.306
397.262
397.148
396.623
395.714
399.327
399.827
395.158
395.546
395.96
397.639
397.396
397.333
397.62
395.843
399.39
398.362
394.961
398.175
397.629
397.701
396.913
396.944
397.602
398.122
393.959
393.046
398.607
398.3
398.05
396.449
396.839
397.206
396.378
396.062
398.529
393.137
395.256
398.199
397.997
396.387
396.899
396.836
396.442
396.177
398.644
398.724
395.414
398.105
396.37
397.407
397.195
396.939
397.381
397.678
396.969
398.734
397.94
396.213
396.35
397.477
397.267
397.195
397.348
397.545
396.069
397.333
398.197
396.207
396.743
397.316
397.084
397.153
397.294
396.414
396.051
395.886
397.349
397.83
397.763
396.891
396.983
397.089
396.68
396.483
397.739
397.152
396.199
397.735
397.722
396.852
396.955
396.969
396.776
397.544
397.724
396.911
389.563
389.419
387.668
388.58
388.918
388.82
387.71
387.425
391.116
391.9
386.535
387.434
388.142
389.441
389.109
388.867
388.793
387.518
390.069
384.886
386.485
389.952
389.752
389.467
388.78
388.557
389.406
389.899
385.616
384.78
390.454
390.111
389.813
388.173
388.561
388.943
388.771
388.071
386.433
384.989
388.919
389.94
388.925
388.143
388.49
388.54
388.259
388.01
390.375
390.622
387.085
389.717
388.03
388.181
388.646
388.608
388.429
388.82
390.314
390.59
387.08
387.781
388.789
389.295
389.035
388.968
389.14
389.349
387.851
387.59
389.843
387.884
389.569
389.381
389.111
389.005
389.141
388.594
387.825
387.583
389.877
389.34
389.55
389.217
388.835
388.938
388.519
388.334
388.608
389.934
389.479
389.598
389.547
388.655
388.762
388.762
388.617
388.96
389.648
389.938
378.403
381.825
380.671
381.423
380.502
380.812
379.841
379.432
383.309
384.111
378.491
381.928
381.673
381.467
381.077
380.533
380.043
380.253
377.73
376.852
378.562
381.937
381.668
381.479
381.111
380.597
381.543
381.975
377.503
376.857
382.596
379.319
381.396
381.255
380.578
380.742
381.488
381.837
377.683
378.295
382.817
378.815
379.191
380.003
380.489
380.592
380.645
380.128
382.368
383.003
379.035
379.927
381.283
380.138
380.514
380.614
380.441
380.169
382.351
380.37
378.912
381.566
381.845
381.258
381.051
380.966
380.771
381.363
381.453
379.44
381.926
379.916
381.653
381.342
381.116
381.027
381.25
381.592
379.855
379.538
382.043
379.36
380.733
381.332
380.794
380.937
380.786
380.566
379.921
382.069
381.936
380.965
380.421
380.555
380.676
380.706
380.525
380.297
380.77
382.1
370.824
374.344
373.935
373.703
372.77
373.284
372.362
374.236
375.666
376.462
370.767
374.503
374.079
373.782
373.375
372.948
372.548
374.561
369.86
369.671
374.826
373.545
374.074
372.445
373.38
373.004
373.462
374.452
369.867
369.165
375.312
370.719
371.414
373.734
373.405
373.037
373.974
374.374
370.073
375.425
375.415
370.885
371.339
373.406
372.991
373.063
373.845
372.511
372.018
375.573
374.219
370.995
374.235
372.566
372.922
373.301
372.782
372.544
374.539
371.872
371.471
374.653
374.373
372.572
372.964
373.096
372.803
372.624
374.482
371.777
371.809
374.535
374.128
373.181
373.333
373.185
373.063
374.011
373.424
371.803
374.441
371.812
372.091
373.481
373.315
373.278
373.689
373.942
372.232
374.409
374.342
371.892
372.127
373.194
373.092
373.136
373.458
372.536
372.294
374.478
363.871
367.401
366.785
366.4
365.339
365.507
364.953
363.888
363.415
369.034
367.812
367.547
366.928
366.558
365.449
365.55
365.162
367.285
362.942
368.756
367.968
363.419
366.427
364.73
366.026
365.671
366.556
367.139
365.707
361.871
363.849
363.447
363.976
366.458
366.118
365.759
366.75
367.048
363.048
368.214
368.389
363.624
364.074
366.573
366.183
366.178
366.621
366.839
363.661
368.266
368.544
365.264
366.503
365.998
365.861
366.079
365.524
365.292
366.522
367.131
365.052
367.629
367.258
365.292
365.596
365.72
365.551
365.316
367.056
364.536
363.941
367.582
364.942
365.213
365.633
365.754
365.617
366.813
367.061
364.541
364.478
364.587
364.813
365.371
365.929
365.861
366.436
366.74
365.372
365.53
365.481
364.606
364.789
366.119
366.034
366
366.324
365.221
365.009
367.12
361.219
360.886
360.201
359.574
358.985
359.009
359.219
356.946
356.354
361.867
361.33
361.006
360.373
358.744
358.568
358.76
358.339
360.545
357.894
361.987
361.34
356.762
357.32
357.842
358.864
358.82
359.769
359.051
361.274
354.639
356.113
356.691
357.209
358.893
359.245
358.9
359.816
358.774
361.108
361.195
359.557
357.474
358.602
359.794
359.385
359.375
359.75
359.971
357.799
361.277
361.717
361.068
358.711
359.793
359.365
359.288
358.684
358.744
357.707
361.181
361.502
361.076
359.446
358.475
358.795
358.909
358.696
358.429
359.184
359.878
357.149
360.977
358.182
358.472
358.765
358.92
358.856
359.376
360.18
357.867
357.136
357.835
358.08
358.388
359.138
359.044
359.595
359.847
360.212
357.465
358.992
357.932
358.082
359.441
359.322
359.286
359.488
359.42
358.091
357.321
355.115
351.847
353.899
353.281
352.608
352.768
353.198
350.485
349.693
355.194
355.181
351.68
351.812
351.493
352.091
352.323
353.44
354.046
354.72
355.373
355.153
350.418
350.961
351.465
352.08
352.36
353.246
351.246
354.798
347.783
349.728
350.199
351.02
351.487
352.762
352.733
352.291
351.241
354.77
354.569
349.543
354.778
354.31
353.49
352.993
352.876
352.658
353.267
354.494
354.615
355.231
354.847
352.461
353.469
353.011
352.892
352.643
353.409
351.247
354.574
355.212
354.805
351.157
352.559
352.476
352.522
352.224
352.027
351.261
354.497
350.572
352.297
352.005
352.151
352.439
352.579
353.117
351.622
353.075
354.356
350.58
351.196
353.701
352.233
352.823
352.693
353.191
353.107
353.717
350.828
354.321
351.514
353.096
352.924
352.968
352.942
353.184
353.384
353.598
350.594
348.85
347.274
344.952
345.465
345.789
346.328
346.999
346.73
346.002
341.364
348.921
344.259
344.835
345.391
345.863
345.972
347.161
346.631
348.695
349.542
348.868
344.194
344.793
345.377
345.934
346.453
345.945
345.059
348.666
341.675
343.093
348.175
348.199
345.488
345.989
346.471
345.421
345.081
348.672
343.137
342.668
348.724
348.313
346.128
346.507
346.248
345.552
345.203
348.601
348.472
348.285
348.569
348.043
347.304
346.77
346.657
346.909
347.203
345.076
345.593
348.667
347.473
344.802
347.251
346.888
346.656
346.969
347.24
345.095
348.258
345.747
344.384
347.571
347.356
346.471
346.401
346.226
345.482
345.129
348.241
344.281
347.588
347.75
347.428
346.545
346.451
346.34
345.55
347.745
348.054
347.54
348.027
347.879
346.512
346.624
346.625
346.081
347.358
347.599
344.608
342.483
342.273
338.577
339.184
339.783
340.025
340.142
342.546
342.789
334.748
342.577
337.921
338.506
340.569
340.835
340.619
341.249
339.254
342.939
343.922
340.657
337.922
338.982
341.279
340.065
340.522
339.415
340.939
342.822
335.904
338.509
342.768
342.303
339.468
339.958
340.464
339.441
339.259
342.768
335.966
336.36
342.608
342.241
339.471
339.908
339.944
339.554
339.262
342.601
338.268
335.881
342.466
342.034
339.903
340.066
340.162
340.936
341.342
339.982
341.669
342.34
337.702
338.482
341.082
340.744
340.628
340.992
341.349
339.03
340.162
342.728
337.987
341.467
341.185
340.813
340.516
339.79
339.455
339.023
342.187
339.526
341.781
341.568
341.32
340.43
340.557
339.812
339.519
341.77
342.187
339.816
341.82
341.643
340.669
340.386
340.563
339.959
341.334
341.689
340.262
335.995
335.435
333.543
333.065
334.43
333.975
333.457
336.763
337.033
329.163
333.584
332.177
334.503
335.538
334.994
334.826
334.259
333.382
337.136
334.569
330.339
336.222
336.086
335.683
334.992
334.809
333.688
336.932
337.193
330.276
337.643
336.633
336.12
333.846
334.033
334.671
333.616
335.103
331.248
330.29
334.808
336.511
336.079
333.248
333.906
334.075
333.689
333.486
335.265
330.483
329.761
331.625
334.506
333.063
334.515
334.18
334.736
334.072
336.624
336.884
330.333
331.112
332.95
334.883
334.689
334.685
335.106
335.449
335.344
332.685
336.497
334.023
334.817
334.958
334.743
334.645
334.018
334.925
333.072
332.625
336.356
335.784
335.452
335.114
334.297
334.512
333.73
333.49
332.922
336.423
333.383
335.636
335.363
335.081
334.216
334.266
333.854
333.649
335.425
336.713
325.823
327.54
329.398
329.021
329.005
328.104
327.285
328.309
331.269
323.552
324.193
330.084
329.813
329.522
329.08
328.688
327.333
326.94
331.371
323.259
324.226
330.398
329.961
329.575
329.075
328.931
327.538
330.782
325.919
329.851
331.971
328.186
329.932
329.557
328.832
328.594
329.844
330.694
324.616
324.357
331.376
325.98
327.088
327.471
327.913
328.246
329.554
328.171
324.902
324.658
323.87
324.532
325.587
326.731
328.416
328.136
327.673
327.225
330.514
331.136
324.038
324.764
329.436
328.284
328.428
328.54
327.837
328.404
330.438
326.939
330.517
329.979
326.694
328.03
328.504
328.587
329.081
329.639
329.097
325.631
330.416
330.039
327.201
327.428
328.031
328.413
328.314
328.241
326.624
326.081
330.017
329.776
329.215
328.07
327.946
327.978
327.848
327.307
326.964
330.732
319.357
319.005
323.679
323.424
322.94
322.644
324.124
318.705
318.426
326.812
319.01
324.798
324.028
321.478
322.845
322.222
321.358
323.965
319.637
317.146
319.122
324.906
324.057
323.196
322.856
322.247
321.865
323.891
318.311
332.629
319.807
319.02
320.698
323.431
322.892
322.3
324.18
324.595
318.387
318.755
325.071
318.977
319.653
323.296
322.804
322.703
324.119
324.636
318.498
318.371
321.604
319.002
319.69
322.373
321.764
322.188
321.686
321.211
324.384
323.423
318.72
319.846
323.846
321.134
321.684
321.964
321.53
321.086
324.441
325.187
324.95
324.407
320.855
321.125
322.157
322.435
323.23
323.654
324.202
319.525
324.816
324.464
320.984
321.195
322.438
322.27
323.274
323.606
320.417
319.628
324.626
323.589
320.963
321.33
322.21
322.2
323.186
321.179
320.816
324.664
318.639
314.039
313.972
317.756
317.005
317.231
318.018
312.606
312.351
327.484
321.412
318.086
315.847
314.325
315.883
316.144
317.357
318.125
312.159
310.601
315.231
314.312
315.784
314.392
316.824
316.235
317.835
312.669
312.23
326.894
313.42
313.764
314.191
317.761
317.091
316.322
318.025
318.616
317.822
323.09
316.709
315.348
314.491
317.789
317.256
317.324
318.083
318.929
312.82
312.66
320.785
318.35
314.8
317.824
316.145
316.996
315.787
315.093
315.818
312.515
319.509
319.603
318.647
315.605
315.959
316.072
315.506
314.913
318.618
319.51
319.136
319.34
315.298
315.543
315.903
316.197
316.84
317.869
318.397
317.21
316.692
317.022
315.233
315.453
316.648
316.328
317.477
317.826
315.014
313.894
315.669
314.792
315.108
315.474
316.65
316.317
317.344
315.366
314.945
317.383
316.452
315.241
308.664
309.477
310.589
310.944
310.922
307.435
311.426
321.594
316.546
307.813
308.319
308.827
309.675
310.661
311.907
312.858
306.269
306.424
315.978
307.73
308.295
308.773
309.701
309.889
311.846
307.264
306.232
321.067
307.591
307.637
308.324
311.995
310.333
309.854
308.53
307.756
319.054
320.73
307.521
314.584
313.204
312.286
311.452
311.291
310.861
313.645
315.381
305.963
314.941
314.307
313.431
312.45
310.445
311.264
312.11
312.581
307.455
306.137
314.645
314.028
312.007
309.945
310.306
310.33
310.799
309.043
307.692
313.781
307.65
308.969
311.982
311.07
310.368
310.389
309.736
309.695
312.931
314.008
307.878
308.341
310.532
312.016
311.324
310.768
311.851
312.203
313.187
309.569
308.141
308.611
309.194
311.844
311.378
311.033
311.811
312.118
310.004
307.339
309.605
309.677
307.612
303.399
303.966
304.579
302.129
309.893
313.876
314.335
309.552
300.985
302.141
306.573
304.068
304.826
305.846
301.912
300.367
314.612
309.518
300.982
302.03
303.099
303.963
304.794
305.245
303.73
307.612
314.662
301.077
305.6
306.678
302.977
303.842
304.47
301.829
301.234
313.596
314.673
301.099
308.666
308.125
303.785
304.212
304.766
301.653
300.713
313.062
304.551
308.508
308.359
307.733
304.034
304.98
304.712
305.875
306.752
301.687
299.951
306.239
304.787
302.547
305.138
305.211
304.464
306.138
306.553
301.519
308.072
300.862
301.425
307.074
306.281
304.688
304.315
303.627
302.954
302.958
308.336
301.287
301.65
307.165
306.376
304.891
304.826
303.583
303.86
307.593
308.169
301.722
302.239
304.108
306.124
304.797
305.074
304.865
306.525
307.247
301.113
294.075
301.589
301.3
297.158
297.664
297.063
296.212
302.888
307.518
307.671
301.904
296.793
298.044
301.463
298.01
298.553
296.144
296.232
300.087
307.695
299.14
296.763
299.552
301.205
297.863
298.675
296.605
306.564
308.194
300.407
298.377
303.102
302.042
296.718
297.646
298.681
296.896
296.137
307.771
308.01
299.167
302.285
301.58
296.672
297.539
298.276
295.422
294.32
303.935
307.227
295.476
301.633
300.999
296.568
298.985
297.83
299.397
299.488
295.501
293.898
292.013
293.807
295.34
299.717
299.18
298.608
299.815
300.778
295.18
301.132
293.106
294.238
300.554
299.969
299.343
298.986
299.03
296.345
294.958
302.512
298.367
295.968
300.803
300.3
298.29
298.766
297.05
296.232
301.513
302.551
296.278
298.723
301.136
299.269
298.207
298.692
297.158
300.351
301.153
294.741
279.1
283.359
290.099
293.691
292.421
291.414
291.495
284.061
284.049
303.05
280.253
295.517
294.644
294.095
293.275
292.717
289.722
289.356
302.199
289.34
280.862
296.2
295.015
294.383
292.977
292.332
290.198
300.063
301.848
266.788
300.705
297.984
295.609
289.687
291.731
293.317
295.901
297.603
299.603
294.55
296.756
288.566
292.24
289.685
291.024
291.52
293.169
287.732
285.915
300.855
284.516
287.296
288.376
290.941
292.508
291.403
289.726
288.118
293.297
295.259
284.921
286.561
288.047
293.252
292.794
292.717
292.615
294.383
294.036
285.598
295.254
291.716
289.662
293.223
292.799
292.77
293.953
294.302
288.59
289.852
298.325
297.053
293.292
290.327
291.428
292.307
291.49
289.997
291.716
293.845
297.473
296.437
295.239
290.577
291.42
292.02
290.72
290.321
295.583
296.437
273.568
274.826
277.677
287.518
286.902
286.108
289.693
276.797
272.142
285.761
273.473
289.983
288.931
287.733
286.875
285.962
284.297
290.458
295.501
261.272
276.082
291.561
288.888
287.667
286.896
285.915
284.324
293.781
295.491
260.282
295.43
293.042
289.64
287.277
286.976
286.331
290.206
292.512
271.887
265.309
282.771
279.656
280.236
284.718
286.191
285.637
289.416
280.92
278.705
294.715
278.278
279.438
280.92
286.723
285.828
285.932
283.263
281.533
291.047
293.465
278.324
284.309
289.917
287.409
285.116
286.072
283.287
284.127
290.024
278.508
292.388
291.338
281.336
283.729
286.115
286.236
287.404
288.503
283.429
277.703
292.593
291.441
281.865
283.159
284.905
285.651
287.403
284.109
281.645
279.246
291.551
290.528
288.211
283.689
284.478
284.802
284.512
282.787
283.444
292.001
270.101
271.171
274.891
281.262
280.63
279.988
284.091
270.318
265.967
287.238
268.121
278.144
283.535
273.091
280.356
279.922
280.136
287.11
272.11
253.636
290.792
277.936
280.997
279.412
280.495
279.878
281.959
287.391
277.724
252.88
289.807
261.117
273.318
281.587
280.562
279.709
284.174
286.184
270.43
262.205
270.987
274.767
273.549
281.502
280.471
279.39
282.769
276.423
295.76
288.802
271.401
281.164
277.071
280.624
278.04
280.048
276.975
275.245
280.371
287.325
281.788
289.251
286.516
276.695
277.78
279.452
276.885
275.254
278.164
271.351
285.961
285.267
274.977
275.948
278.375
278.509
279.023
281.942
283.604
269.956
282.694
278.017
273.983
277.934
279.429
278.707
281.556
282.318
274.966
271.258
279.039
276.367
273.785
276.682
278.86
278.596
281.242
276.056
275.222
285.589
314.851
309.291
304.112
266.501
274.232
274.005
273.002
283.972
278.331
299.986
275.59
268.771
262.388
265.22
274.098
273.038
279.431
278.976
245.301
245.164
291.502
248.101
255.444
264.54
273.913
274.46
279.298
279.983
242.552
244.063
254.076
250.608
262.422
275.251
273.829
272.65
273.777
272.734
284.691
284.009
259.643
279.316
275.404
275.708
273.751
272.261
270.939
285.224
291.74
268.323
286.529
285.49
281.32
269.718
270.982
273.585
274.614
271.483
265.779
273.976
285.15
284.06
277.944
269.574
270.736
271.626
271.948
269.685
263.344
278.474
265.643
269
273.219
270.718
270.544
271.374
270.447
270.131
276.609
273.336
258.903
261.36
267.88
274.219
272.895
271.833
274.389
275.565
275.067
269.67
263.857
263.404
265.794
273.536
272.787
272.038
274.54
271.748
267.374
270.615
313.218
306.374
297.293
269.713
265.082
266.028
252.397
283.414
289.537
294.076
293.565
263.671
254.329
259.604
266.581
264.205
271.423
266.532
243.45
263.427
266.684
237.15
245.291
255.707
265.26
267.068
271.475
255.728
234.011
242.768
241.22
242.842
257.36
265.491
264.566
263.854
263.155
269.531
279.238
282.446
258.002
279.859
278.395
261.776
265.817
264.408
263.341
281.116
284.741
259.97
279.55
278.638
272.683
260.678
263.079
264.467
270.285
276.781
259.881
251.289
277.985
275.457
255.493
263.294
263.859
264.593
269.597
271.564
254.54
273.012
248.956
252.802
269.153
268.393
263.782
264.245
263.578
262.616
268.157
273.342
247.491
252.123
267.545
267.554
265.992
264.521
263.462
266.524
270.329
272.703
261.632
254.659
260.52
267.103
266.152
265.825
267.936
270.237
265.112
257.933
306.509
296.837
285.305
279.012
259.829
258.956
244.047
277.74
283.043
286.512
280.771
251.948
256.283
272.963
258.675
258.942
256.342
250.513
266.291
285.158
221.538
225.617
235.061
256.753
256.529
258.818
262.509
233.956
227.158
222.464
242.397
248.869
259.799
250.37
254.51
255.982
255.498
262.083
251.617
265.151
270.456
273.957
272.281
250.832
254.742
256.014
256.809
274.459
278.543
275.683
265.84
269.471
262.51
252.828
257.896
256.689
258.59
273.494
272.289
242.193
259.028
243.524
245.604
261.058
259.776
258.737
261.403
262.74
248.063
266.928
239.053
243
261.657
261.41
259.127
258.708
259.168
256.636
248.924
267.958
238.101
254.108
263.255
259.814
257.69
258.217
255.172
253.081
262.117
268.199
255.808
259.173
262.354
258.94
257.482
257.996
256.6
264.322
265.042
251.546
302.222
290.196
277.035
269.373
250.392
250.566
243.896
273.375
276.166
279.848
243.023
232.451
257.534
267.522
249.698
250.817
234.917
246.384
276.066
279.003
210.332
215.526
223.719
256.029
247.945
248.322
237.948
227.894
232.805
205.234
249.368
259.45
262.761
241.301
247.014
252.155
247.938
249.212
221.272
238.431
273.008
268.821
265.768
242.333
246.925
250.178
261.41
268.05
267.389
288.71
224.164
252.105
255.159
252.871
252.291
249.154
249.233
264.895
277.657
236.277
234.894
222.095
241.307
254.685
252.761
251.424
249.874
238.413
244.14
260.902
260.371
241.469
246.316
254.37
252.718
252.091
253.638
254.143
239.593
262.471
242.561
261.48
257.642
247.191
249.301
251.115
247.466
245.541
246.728
262.928
237.243
258.222
256.738
247.189
248.91
250.104
248.862
256.315
257.766
254.686
298.674
285.859
269.803
258.345
241.611
237.309
240.872
268.024
268.709
274.797
203.343
204.047
245.651
253.472
237.718
242.331
228.145
249.186
268.208
258.893
202.26
205.709
213.848
251.852
243.551
236.229
226.736
220.689
235.664
194.123
254.738
258.568
255.119
233.124
240.809
244.687
240.23
231.218
213.809
236.429
268.789
264.519
259.992
234.055
239.661
245.972
254.052
262.93
245.06
285.452
208.464
226.939
251.686
248.505
245.359
243.966
245.993
257.027
272.945
232.311
213.149
210.761
238.078
247.634
244.999
242.062
234.199
227.62
252.326
235.992
257.252
248.158
228.146
243.236
245.146
244.577
245.371
241.14
233.396
255.553
258.406
256.661
245.997
239.207
241.652
244.428
244.933
238.721
233.17
257.775
232.979
245.974
247.932
239.501
241.38
242.758
241.669
243.018
251.218
255.827
290.44
278.533
266.681
252.081
239.91
227.8
223.554
261.793
261.503
271.176
193.59
196.965
231.131
239.775
227.326
227.94
218.723
250.132
259.812
209.589
195.281
198.675
207.204
226.65
231.123
225.077
216.494
212.087
219.866
184.748
246.829
256.851
250.787
242.255
237.071
234.123
227.801
213.984
205.512
238.183
267.635
261.676
254.971
232.212
234.578
236.657
245.201
257.418
233.623
280.82
198.696
219.222
252.31
235.542
235.638
237.99
244.628
251.809
267.228
232.793
194.409
201.453
227.474
229.765
233.986
231.373
225.688
220.452
266.353
199.191
248.285
247.934
223.152
226.52
232.911
233.31
228.776
219.599
228.995
240.438
257.803
253.188
227.755
231.689
239.225
238.028
242.274
247.536
226.622
249.695
257.865
253.194
236.734
233.364
234.961
235.729
233.65
231.656
233.765
250.758
280.878
273.731
265.191
250.294
234.273
219.224
213.737
252.458
253.352
265.774
188.61
192.481
213.993
226.213
219.358
211.465
208.823
239.605
251.133
175.169
189.323
193.655
202.895
213.371
217.641
214.691
204.4
201.222
190.299
174.753
228.298
252.12
249.353
240.449
229.596
221.462
213.762
204.525
194.793
233.56
265.282
259.665
252.279
233.367
224.979
224.59
235.434
250.946
241.061
272.881
201.628
221.945
246.033
218.703
221.651
226.632
235.042
242.114
259.643
244.445
182.037
192.703
212.971
217.204
221.22
220.705
216.101
211.005
258.017
187.952
232.406
239.739
215.601
218.628
224.443
222.348
215.863
211.105
242.476
185.905
255.26
241.966
217.698
227.108
231.96
230.008
232.402
241.612
217.324
222.854
255.047
251.852
234.4
227.026
231.753
230.178
240.4
221.266
216.447
242.429
275.141
267.781
260.285
246.356
228.566
211.668
214.421
240.747
243.909
255.415
180.065
184.434
197.481
214.252
212.285
201.678
200.261
230.006
231.185
162.997
181.744
184.677
195.39
206.234
208.25
207.021
194.37
189.817
174.589
163.915
220.264
240.623
243.485
234.995
218.67
210.631
206.819
198.062
189.691
222.838
261.414
253.63
248.053
225.839
212.44
213.857
228.122
246.314
251.68
262.999
206.221
231.632
222.665
209.774
211.994
216.41
223.22
229.584
250.502
257.87
173.326
201.278
205.156
208.544
210.498
211.759
206.534
201.736
248.057
175.281
175.949
216.412
205.497
210.657
220.363
214.102
207.151
201.933
246.22
170.568
242.032
226.84
214.224
214.66
223.874
220.802
223.2
232.428
218.32
178.447
246.646
241.189
236.898
221.41
223.884
222.826
233.217
213.259
207.908
230.899
250.514
259.777
252.366
239.376
218.731
199.802
213.886
230.012
235.61
240.882
183.657
172.985
189.357
200.871
202.039
189.905
190.466
224.443
189.449
153.644
180.705
173.859
184.046
195.725
196.575
194.633
185.551
179.593
162.693
153.531
222.542
213.395
232.674
226.318
199.996
199.883
205.619
198.891
188.498
208.543
253.855
245.024
241.96
212.404
201.811
204.35
221.896
239.404
243.81
254.046
223.943
244.699
197.233
198.454
200.821
206.962
210.828
213.392
240.97
251.489
163.99
224.565
193.845
196.628
203.564
202.93
197.347
191.958
238.041
172.944
140.721
167.417
201.081
204.509
212.294
204.215
196.604
190.953
235.599
156.696
214.721
215.11
223.775
206.698
214.652
208.305
214.049
221.849
224.585
163.315
234.512
228.307
225.377
223.779
211.466
214.57
222.44
207.053
198.133
210.122
189.6
249.099
242.227
229.569
204.742
184.052
192.657
225.978
228.791
226.304
167.533
161.547
178.925
185.451
188.362
175.806
180.946
222.77
157.192
144.302
168.486
160.98
169.441
181.885
181.942
180.562
176.783
173.874
151.865
142.461
239.317
189.565
221.495
210.443
186.764
189.738
207.868
208.521
191.229
185.113
243.406
228.784
232.181
204.568
190.232
195.709
213.971
231.32
233.902
244.603
241.251
235.379
185.298
186.219
192.569
199.145
203.095
197.333
231.946
242.938
171.761
227.828
182.429
185.543
200.24
194.626
189.166
181.67
228.382
182.58
126.197
151.066
200.641
192.23
202.418
193.58
184.689
178.428
223.77
144.555
174.523
206.424
212.056
207.112
203.138
195.742
201.761
207.969
215.613
148.811
221.331
216.014
213.396
214.123
201.08
205.952
211.218
212.076
187.063
177.463
118.756
226.21
230.729
217.817
191.418
169.87
171.993
218.961
219.129
221.516
113.083
148.787
163.946
172.132
176.774
162.41
168.569
215.954
147.73
131.915
141.299
152.491
152.304
166.941
168.477
165.919
166.482
192.196
137.951
129.915
219.321
179.158
208.431
178.953
174.233
180.072
201.035
218.136
199.659
152.351
233.775
222.893
218.133
206.451
180.323
188.043
203.26
221.96
223.963
233.306
231.019
222.11
172.161
194.882
193.167
192.907
196.955
176.343
223.515
234.279
174.258
217.189
169.177
189.523
192.895
185.24
180.415
170.978
217.158
199.791
111.684
151.828
187.558
183.077
192.29
181.606
171.444
166.593
211.723
134.307
146.014
195.662
200.171
196.097
187.899
182.234
186.723
191.766
198.788
135.422
208.124
204.341
202.001
203.903
189.976
193.945
197.859
206.295
173.006
157.547
65.0679
172.796
213.284
201.987
178.772
156.657
152.795
202.103
206.841
212.916
69.4029
121.362
147.379
157.951
164.649
148.163
147.908
199.759
144.688
152.199
104.296
156.575
133.725
148.166
155.62
152.359
149.086
154.282
123.612
113.481
150.876
190.377
186.745
157.99
160.438
168.5
182.091
201.539
196.327
140.38
224.353
211.673
201.901
189.368
176.352
177.705
187.635
206.544
212.936
219.722
219.635
208.97
166.782
189.022
182.222
180.517
185.174
153.54
206.402
222.097
156.754
204.815
158.75
189.069
180.969
170.901
161.729
155.59
179.905
218.739
99.3643
150.711
164.236
178.589
179.055
165.264
153.552
150.711
181.252
127.724
136.463
188.662
189.323
174.356
172.818
165.982
172.381
178.03
170.021
122.564
196.536
193.36
191.062
192.282
175.853
177.514
180.876
190.414
155.126
128.088
40.0727
108.082
180.298
185.094
165.261
140.903
125.656
165.578
185.232
185.306
52.7162
97.5967
140.878
141.41
150.481
133.144
119.385
156.606
149.289
184.501
66.7081
145.063
118.639
129.048
140.701
139.706
123.392
116.117
102.321
89.8398
69.8101
184.297
162.18
144.564
147.864
151.842
153.63
156.704
165.229
144.242
169.453
202.081
187.321
172.215
162.719
159.266
164.889
181.002
193.283
197.776
171.052
197.161
180.895
175.097
163.165
155.331
162.31
130.333
174.035
199.616
134.165
177.371
156.766
175.13
162.423
149.126
138.294
131.687
127.994
200.833
90.8835
135.317
150.978
172.014
160.978
144.058
130.326
126.719
127.437
155.782
135.085
182.259
178.217
158.849
155.698
147.642
158.797
161.713
134.869
103.469
185.995
182.309
180.521
165.361
156.445
156.174
159.733
167.152
121.573
104
34.9879
67.5604
125.529
158.013
148.018
122.647
98.0474
89.4258
152.657
150.367
46.1785
83.0988
133.712
114.179
130.036
115.974
89.3201
79.9908
127.504
150.322
42.1353
124.746
107.064
120.595
124.575
126.789
95.5844
78.4531
68.6248
59.9497
38.2181
158.187
134.046
148.494
131.601
130.347
131.002
112.876
94.41
141.227
93.3523
171.725
175.063
156.422
140.924
132.806
137.728
146.435
157.563
163.406
117.565
142.819
172.836
157.636
139.972
125.083
118.044
101.23
148.11
164.827
103.879
126.296
145.614
156.702
139.704
122.917
108.159
100.62
99.886
167.354
85.2065
115.222
134.341
154.626
138.81
120.675
109.435
96.2126
103.507
166.312
144.66
171.091
145.78
143.423
137.22
128.31
134.095
140.693
102.728
71.8888
175.74
170.899
156.66
130.015
131.348
131.765
134.811
140.596
84.0987
72.667
55.3288
62.974
94.1552
120.52
124.828
90.4237
54.7643
26.2375
65.0272
67.6882
62.7906
82.811
135.157
87.5778
104.2
85.3003
46.979
15.8194
38.6008
65.4825
56.2274
112.134
104.063
119.811
100.556
93.4554
61.6583
13.7189
-13.741
-41.3726
58.3309
103.159
92.5971
144.734
106.012
93.9635
84.2872
74.6197
2.3432
49.1745
92.3034
95.8755
155.755
143.907
113.691
90.3725
83.5758
70.8402
76.8824
76.6172
97.4956
75.5588
151.493
142.155
112.71
85.6802
61.4814
39.4083
83.9774
79.9417
75.9684
85.9299
123.417
139.461
112.433
85.8606
58.326
38.6358
49.6978
83.8244
90.6452
115.047
99.8995
136.391
111.639
86.6039
77.2643
44.9162
34.1744
86.2708
152.424
169.516
118.596
120.588
113.472
96.1678
90.874
85.0089
52.9513
28.9732
164.694
167.447
142.379
110.612
103.485
97.9477
93.8094
91.1263
37.3845
-0.730777
51.1577
44.9451
44.5352
49.228
77.6776
52.7529
21.7977
-9.33895
7.46236
22.4618
52.1086
49.5584
81.136
51.6269
62.111
46.968
12.5064
-20.3046
-29.7059
15.8355
50.3168
54.3866
58.4697
70.6576
60.6261
54.3139
38.3047
1.76917
-9.97067
-52.5216
50.8584
45.8772
43.192
88.0673
65.586
53.154
43.9956
33.4211
-2.97277
-10.5236
57.6681
49.1279
58.2919
84.8912
73.5596
48.0396
27.9882
5.28866
32.9291
26.2756
51.9923
47.9552
58.8172
81.9301
71.7703
44.0114
17.6779
-7.39247
11.852
30.0923
48.695
45.1228
48.1625
78.4806
70.5854
44.8865
17.8909
-7.82109
-14.0305
32.6417
56.9173
66.8434
50.2959
69.6195
69.3989
46.8817
33.9602
8.62613
-12.3753
32.6644
57.0213
123.332
74.4568
65.5917
69.789
53.9137
53.3254
46.1278
23.9377
25.8554
59.642
77.8209
94.1166
77.0951
68.4427
60.133
55.9941
50.9157
39.5105
3.46206
)
;

boundaryField
{
    inlet
    {
        type            fixedFluxPressure;
        gradient        nonuniform List<scalar> 
500
(
-9.71343
-6.48504
1.61152
-1.44347
0.316503
-0.433981
1.62868
1.28864
-4.42308
1.71357
4.24543
2.2734
-3.5756
-1.9262
0.341669
-0.597193
1.14252
-1.25867
-3.52297
-0.319986
6.08073
1.18072
-3.32872
1.11651
0.101278
0.0454457
-0.36366
-0.374387
4.18658
-3.73457
4.85327
2.59587
-2.12085
-0.345163
-0.0965378
0.0889617
-0.371673
-0.585659
4.28189
0.848635
4.08444
2.89016
1.12572
-0.839917
0.0096424
0.10552
0.0754986
2.60832
2.83362
-6.00716
4.30386
3.15392
1.05859
-0.766249
0.00534516
0.144266
-0.191906
0.0944364
0.4639
-7.52339
4.95475
2.20848
-1.69625
0.088816
-0.0727142
0.193333
-0.491995
0.40573
2.91027
-6.65194
7.34694
1.76513
-3.09712
1.33788
0.0335295
0.274923
-0.477234
0.0180114
4.24428
6.90623
2.74609
-3.47355
-3.59893
-1.86093
0.344389
-0.662451
1.3664
-0.953622
-3.57158
7.2587
-2.02818
-1.96007
2.82333
-1.92308
0.431583
-0.535267
1.5432
2.65891
-4.11037
-5.32076
31.6338
33.215
-14.9525
-18.9419
-14.7825
-1.97046
18.5921
15.3262
11.7258
-1.92871
33.7325
33.386
-24.2784
-20.3464
-14.1503
-16.0971
15.6203
13.4157
10.1867
5.38277
17.6741
34.2421
-27.8133
-19.53
12.3947
-14.6631
-15.4876
-10.9372
-8.24761
8.05821
25.9423
32.4499
-33.1739
-27.6417
-5.74437
-12.55
-12.7441
-11.5407
-8.13283
3.5461
-46.2133
29.7202
37.5444
-17.2065
-17.7401
5.64449
10.7573
-4.30657
-7.27265
-4.95029
-48.0116
-2.87755
39.0769
-15.2981
-15.0641
-5.88925
6.81619
-3.51856
-8.55173
-6.14228
54.421
34.7806
-22.2675
-29.1578
-13.5953
-15.2847
-15.2926
-10.8847
-10.5854
2.20677
0
37.2723
37.554
2.81932
-19.7707
-22.6115
-6.35775
-2.42802
-8.27706
5.28965
36.6318
-100.95
33.8316
0.00132342
-24.1081
-26.3799
-17.2912
17.1965
10.8895
4.23473
76.0469
-77.3865
-50.6803
-41.9121
-30.4288
16.9788
13.6355
12.751
-1.04169
-2.34147
56.158
51.8622
51.225
-35.9342
13.6671
18.6869
7.2536
-2.16276
-2.30454
-2.18534
-44.0044
48.0622
44.4924
-8.57593
4.50628
-16.2893
-13.3927
5.1804
4.06692
-0.864871
9.00946
-16.7609
-14.1891
-1.62688
-3.72506
2.55581
-6.31564
-5.24834
-0.212763
3.54546
-4.14789
7.69791
-4.78891
-8.57814
1.16863
4.68605
4.16682
-0.0606581
-3.09969
-2.23336
-0.864366
-0.254811
1.82854
1.47455
-0.214852
1.22247
1.47039
-0.712452
-1.08335
0.13562
-0.4569
-0.0112088
2.0369
2.68075
1.95313
-0.543458
-1.55815
-0.937697
0.925634
0.614375
8.45098
0.767431
7.04881
6.68372
6.63753
4.27306
-2.6761
-3.26167
-2.11129
1.65361
-11.8801
-7.7721
-6.08427
8.01667
13.1391
1.93389
-8.17206
-6.6037
-4.72749
1.26683
-21.2492
35.6504
-18.3994
13.7586
14.1156
-7.35625
-5.8384
6.45347
4.2599
-4.37001
-45.7911
9.7398
-15.0571
-8.38912
-12.2524
7.06854
9.13198
8.55489
-3.76279
-5.70954
-18.7962
15.6583
36.7019
32.25
-22.288
-28.3742
-4.25376
4.86774
-12.562
-7.48841
-30.2244
-7.45736
13.0433
-10.1205
-15.5279
-12.2778
14.6843
2.9499
-17.0509
0.318015
0
0
-29.8818
-11.7097
1.54249
-13.8869
12.6129
10.3986
-14.4008
-7.65413
-45.6021
-29.1356
33.9329
34.3982
25.0574
22.9321
-9.09645
-1.83845
11.4724
-4.46777
-55.2452
-0.462343
29.7598
26.797
11.1064
21.6256
-1.29492
7.34834
11.0626
-3.88676
-62.1122
-43.6773
-37.1698
10.3767
-0.306518
-15.9153
0.10428
10.6492
8.29974
-5.19658
5.90646
11.4259
10.3653
-3.99402
-21.9096
-19.1527
-14.02
5.70249
0.744961
-5.51451
-57.9265
15.2766
44.3077
-16.0171
-20.1199
-12.8657
16.8189
10.9997
-6.38603
-8.24967
-63.647
-12.8196
46.4616
43.2933
34.2191
24.5073
19.1677
12.6058
-10.9213
-10.2159
33.3727
29.7085
-22.7576
-22.4235
7.14656
19.3899
11.9353
-11.9297
-14.6094
-9.76206
-43.2518
10.3872
9.29356
38.4426
3.01873
-25.0878
13.1569
15.2179
-9.58379
-5.55245
-30.2407
-5.471
21.6946
22.8389
-9.52501
-16.2948
-3.46241
7.49539
5.94883
-1.5493
1.31236
0.501306
-6.56022
-3.64187
7.96825
-6.40131
-5.88507
-5.1555
-1.05502
2.23505
-3.73505
-3.04725
3.44798
3.46179
-2.76244
4.49795
-3.11689
-2.80726
-0.754173
1.49833
-0.678623
-1.00535
0.630264
1.18065
1.20863
-0.520955
-0.892994
-0.940217
0.633638
0.401835
-5.18675
-1.39902
3.39736
2.9479
1.24768
-0.974969
-1.15328
-0.892558
-0.914866
0.369937
8.36413
5.19367
-8.45578
-7.99418
4.65398
4.71845
0.190888
-1.45796
-3.2629
-0.636308
-5.20856
19.1864
-2.12133
-19.6092
-5.28986
8.83953
-2.85578
-5.94972
0.42301
5.10174
-59.8134
19.3916
62.5998
33.9273
-15.5455
-14.7557
-11.7505
8.04989
7.57612
-6.44329
19.1103
31.6354
-14.7773
-17.5185
7.19388
21.0568
17.5039
13.353
-8.1464
-10.7334
)
;
        value           nonuniform List<scalar> 
500
(
432.956
432.799
432.666
432.587
432.549
432.527
432.572
432.679
432.792
432.961
432.79
432.607
432.488
432.432
432.392
432.368
432.413
432.511
432.626
432.788
432.666
432.478
432.367
432.306
432.258
432.254
432.294
432.372
432.504
432.673
432.596
432.403
432.282
432.216
432.176
432.176
432.212
432.286
432.418
432.589
432.568
432.37
432.237
432.165
432.133
432.133
432.168
432.25
432.393
432.541
432.57
432.37
432.236
432.163
432.131
432.134
432.174
432.255
432.39
432.53
432.596
432.402
432.281
432.211
432.169
432.173
432.215
432.291
432.426
432.581
432.663
432.473
432.363
432.298
432.25
432.25
432.295
432.37
432.495
432.676
432.778
432.599
432.484
432.425
432.385
432.363
432.41
432.512
432.624
432.796
432.955
432.781
432.642
432.571
432.542
432.522
432.571
432.686
432.813
432.981
437.069
436.053
435.429
435.035
434.697
434.358
434.005
433.653
433.364
433.134
437.026
435.901
435.268
434.875
434.513
434.184
433.855
433.521
433.233
433.003
436.954
435.777
435.134
434.746
434.351
433.976
433.672
433.395
433.146
432.912
436.864
435.674
435.024
434.626
434.246
433.874
433.552
433.276
433.047
432.826
436.789
435.702
434.993
434.528
434.174
433.833
433.484
433.194
432.968
432.776
436.758
435.691
435.008
434.523
434.156
433.822
433.49
433.196
432.966
432.777
436.789
435.64
434.994
434.576
434.21
433.855
433.546
433.271
433.04
432.826
436.748
435.748
435.1
434.625
434.251
433.94
433.662
433.377
433.127
432.906
436.629
435.808
435.296
434.796
434.425
434.118
433.836
433.531
433.229
432.998
436.78
435.947
435.439
435.045
434.708
434.349
433.973
433.655
433.379
433.163
437.032
436.05
435.388
434.966
434.623
434.214
433.872
433.604
433.373
433.159
436.967
435.807
435.114
434.726
434.359
434.016
433.732
433.457
433.19
432.977
436.761
435.694
435.079
434.666
434.292
433.951
433.629
433.325
433.062
432.835
436.761
435.673
435.067
434.626
434.232
433.864
433.541
433.233
432.965
432.753
436.724
435.63
435.007
434.555
434.142
433.779
433.468
433.194
432.936
432.725
436.754
435.645
435.005
434.541
434.134
433.766
433.459
433.206
432.962
432.726
436.938
435.778
435.143
434.671
434.241
433.85
433.523
433.243
433.017
432.79
436.945
435.874
435.281
434.821
434.374
433.981
433.625
433.327
433.09
432.892
436.893
435.96
435.372
434.947
434.515
434.119
433.775
433.472
433.208
433.002
436.877
436.052
435.46
435.05
434.693
434.325
433.956
433.648
433.395
433.176
436.99
436.077
435.427
434.96
434.573
434.265
433.971
433.649
433.378
433.178
436.866
435.92
435.312
434.859
434.465
434.128
433.783
433.448
433.197
433.012
436.794
435.772
435.183
434.763
434.343
433.973
433.635
433.302
433.054
432.871
436.771
435.813
435.205
434.687
434.234
433.824
433.496
433.231
432.96
432.739
436.717
435.77
435.15
434.643
434.205
433.802
433.469
433.188
432.904
432.685
436.554
435.687
435.146
434.677
434.214
433.841
433.523
433.204
432.913
432.696
436.772
435.721
435.097
434.627
434.232
433.886
433.578
433.26
432.97
432.758
436.813
435.868
435.198
434.723
434.35
434.011
433.658
433.306
433.038
432.84
436.817
436.033
435.411
434.89
434.462
434.065
433.709
433.39
433.146
432.964
437.002
436.009
435.406
435.01
434.617
434.214
433.866
433.567
433.322
433.155
436.874
436.036
435.458
434.983
434.545
434.198
433.897
433.588
433.352
433.159
436.914
435.929
435.292
434.802
434.409
434.06
433.739
433.444
433.198
432.987
436.861
435.804
435.181
434.739
434.331
433.963
433.616
433.322
433.083
432.876
436.816
435.744
435.126
434.665
434.252
433.877
433.544
433.253
433.011
432.783
436.872
435.721
435.063
434.597
434.19
433.828
433.515
433.234
432.973
432.73
436.883
435.689
435.068
434.607
434.187
433.819
433.502
433.222
432.961
432.737
436.827
435.719
435.122
434.704
434.285
433.871
433.534
433.24
432.981
432.774
437.01
435.816
435.124
434.695
434.36
433.987
433.632
433.325
433.077
432.866
437.083
435.993
435.271
434.784
434.393
434.061
433.76
433.467
433.203
432.998
437.072
436.062
435.47
435.079
434.684
434.276
433.906
433.601
433.361
433.152
)
;
    }
    outlet
    {
        type            prghPressure;
        p               uniform 0;
        value           nonuniform List<scalar> 
500
(
-149.17
-78.1344
-45.452
-26.9124
-7.96443
25.6794
59.4028
75.5882
78.2865
71.4717
-168.847
-87.9856
-54.0032
-45.0017
-9.61327
25.7751
60.9363
87.3446
73.2883
65.5063
-143.19
-67.9706
-65.3921
-45.0017
-9.61323
25.6821
59.1537
77.5938
75.244
66.6445
-90.9295
-67.7209
-47.195
-38.2778
-9.57858
25.5199
59.1768
80.5827
73.4393
68.1128
-88.4203
-67.7209
-47.0216
-31.4516
-9.51806
25.3031
59.7026
89.5566
68.9258
63.299
-88.4425
-67.7209
-47.0335
-31.2032
-9.52752
25.2987
59.7073
89.7576
68.8783
63.1135
-90.7311
-67.738
-47.2137
-37.0028
-9.61267
25.5452
59.3087
82.8797
72.6704
67.2584
-140.416
-67.9976
-65.7689
-45.3576
-9.67423
25.7199
59.2842
79.4292
74.4778
66.1456
-169.283
-87.6476
-56.4843
-45.3576
-9.68929
25.9386
61.091
84.1629
73.8501
65.7102
-148.622
-77.4709
-45.4683
-27.885
-8.15274
25.7433
58.5167
74.119
78.8777
71.1
-540.123
-339.43
-415.905
-326.996
-184.955
-166.624
-153.595
-146.222
-200.203
-206.885
-962.463
-775.697
-713.08
-592.658
-436.307
-219.977
-163.913
-169.277
-226.005
-205.474
-1066.8
-996.662
-905.059
-785.904
-611.365
-324.954
-173.154
-155.298
-190.084
-203.388
-1122.69
-1044.21
-954.288
-808.369
-610.773
-405.045
-233.804
-186.41
-161.525
-134.781
-1150.97
-1065.79
-979.667
-854.151
-615.522
-374.142
-298.97
-289.898
-203.909
-108.708
-1150.97
-1065.79
-979.651
-854.077
-615.507
-374.449
-299.328
-289.663
-203.799
-108.763
-1122.7
-1044.25
-954.283
-808.288
-610.842
-405.273
-234.509
-187.499
-160.914
-133.76
-1066.8
-996.666
-905.085
-785.827
-611.321
-325.04
-173.403
-155.523
-190.007
-203.97
-962.64
-775.864
-712.409
-592.37
-436.319
-220.632
-164.144
-169.534
-226.941
-206.035
-541.427
-340.162
-414.455
-327.28
-185.615
-166.858
-153.824
-146.535
-202.645
-207.425
-234.79
-222.305
-269
-206.235
-156.107
-144.199
-133.475
-124.1
-119.347
-130.402
-210.476
-225.477
-190.082
-169.653
-126.063
-137.426
-156.184
-142.509
-95.9627
-75.064
-188.868
-178.754
-145.287
-104.465
-123.623
-131.76
-121.493
-98.4314
-53.9816
-47.724
-111.677
-105.044
-70.5593
-60.4888
-68.4808
-76.4057
-69.8177
-50.7907
-30.3907
-26.5649
-31.7594
-28.2641
-17.4006
-16.3283
-18.0668
-20.0383
-17.8313
-15.5289
-10.7628
-5.85157
42.1934
28.9933
26.7463
30.985
39.2218
36.977
34.6327
32.0654
28.2045
21.3932
51.3127
50.9256
66.4361
82.3842
77.8701
72.005
67.8336
54.3516
44.9865
50.6087
68.091
100.999
74.8591
57.2451
70.3793
66.5248
54
52.5479
71.2877
88.3272
83.0072
83.6815
84.5794
72.4238
72.0571
67.7109
61.7186
78.9275
131.613
84.9564
101.782
97.9667
91.8268
88.1747
90.368
81.001
73.5941
77.7191
75.4469
73.2485
118.851
112.784
106.472
101.057
104.004
91.1912
83.1582
76.946
71.7595
67.5984
132.554
124.901
117.075
111.538
106.385
94.5622
87.1645
79.881
73.3531
67.8807
143.106
134.175
125.429
116.813
107.717
98.6832
90.3076
81.995
73.5716
66.0732
150.286
140.621
130.941
121.246
111.567
101.897
93.5041
83.5412
74.1146
65.0849
153.935
143.869
133.798
123.732
113.668
103.68
93.9084
83.9616
74.0834
64.7492
153.935
143.869
133.798
123.732
113.668
103.682
93.9179
83.9677
74.0899
64.7469
150.286
140.62
130.941
121.246
111.567
101.9
93.5734
83.5491
74.1267
65.0939
143.106
134.175
125.429
116.805
107.797
98.65
90.3256
81.9782
73.5376
65.9716
132.557
124.896
117.076
111.682
106.535
94.5607
87.1474
79.844
73.3137
67.7898
118.853
112.792
106.456
101.111
104.113
91.2089
83.1186
76.9209
71.7308
67.5451
101.784
98.0092
91.8132
88.121
90.8022
81.0179
73.5691
77.8839
75.4208
73.9758
83.0076
83.8485
84.5384
72.3019
72.2735
67.7593
61.7749
80.523
131.924
83.208
68.0711
101.148
75.0459
57.1295
69.3268
66.6697
53.373
52.3025
71.9157
87.9465
51.1172
50.9549
67.2643
82.1188
77.0611
71.9194
66.0142
54.1552
45.5703
52.3709
42.2132
28.6471
26.4692
31.1322
39.2471
37.0216
34.6841
32.1577
28.5873
22.1078
-31.7532
-28.2492
-17.3289
-16.2186
-18.4557
-20.0616
-17.8484
-15.5432
-10.9753
-5.91323
-111.656
-104.842
-70.7654
-60.5388
-71.7126
-76.518
-69.8596
-49.5368
-30.3934
-26.5869
-188.374
-177.928
-144.072
-105.279
-127.667
-131.909
-121.568
-95.8352
-53.9935
-47.7003
-210.81
-224.941
-189.241
-169.587
-125.971
-139.108
-154.999
-142.481
-96.5073
-75.2812
-234.467
-222.265
-269.522
-205.748
-155.985
-143.978
-133.264
-123.83
-119.017
-130.382
)
;
    }
    walls
    {
        type            fixedFluxPressure;
        gradient        uniform 0;
        value           nonuniform List<scalar> 
1600
(
435.861
426.47
421.947
416.212
408.461
400.224
392.12
379.781
369.165
361.915
355.019
348.236
348.882
344.371
338.563
328.232
316.506
311.181
323.609
316.306
309.706
296.438
273.827
269.03
260.693
252.616
276.624
286.693
281.528
275.358
269.917
259.872
249.669
238.791
208.852
110.878
-22.1981
-143.58
-223.416
-224.388
435.739
429.525
423.632
416.635
408.871
400.861
386.398
376.366
368.782
361.578
354.43
356.352
350.584
344.778
339.068
327.054
316.577
318.142
325.032
318.503
293.472
277.996
273.17
267.125
293.543
294.482
289.1
283.886
267.92
228.582
186.172
123.087
17.5487
-127.975
-287.173
-398.689
-446.478
-467.153
-543.529
-553.243
436.279
431.527
424.004
416.933
409.399
398.531
384.14
376.173
368.525
365.855
364.204
357.454
350.967
344.694
336.066
323.204
316.794
330.617
325.524
302.262
283.425
276.242
276.089
303.976
297.339
287.536
202.761
67.7581
6.46855
-40.9022
-121.632
-239.097
-352.779
-420.556
-446.265
-451.554
-460.539
-473.627
-554.828
-577.74
435.873
429.214
424.145
417.158
409.613
401.613
393.554
381.271
368.727
361.406
359.745
357.456
351.241
340.463
329.012
324.138
327.131
329.939
309.737
290.504
282.605
284.239
304.817
302.281
193.188
-32.8736
-179.128
-273.913
-358.654
-418.608
-453.071
-464.582
-463.143
-458.76
-455.071
-452.773
-460.843
-475.177
-565.07
-588.054
438.553
430.294
417.071
409.158
401.327
397.156
393.821
385.842
373.939
361.431
354.63
355.338
347.123
333.476
330.012
336.316
331.084
318.708
298.053
291.425
305.757
311.158
307.672
195.766
-31.5227
-262.258
-429.901
-463.149
-465.722
-465.626
-463.569
-461.679
-458.609
-454.086
-451.153
-449.235
-457.26
-471.872
-567.356
-593.843
438.591
430.104
417.141
409.22
401.33
396.754
393.839
385.995
376.13
362.155
355.02
356.81
346.413
333.383
330.173
336.39
331.032
320.167
298.12
291.595
309.032
311.317
306.962
196.656
-33.2575
-264.644
-430.784
-463.148
-465.722
-465.622
-463.545
-461.659
-458.589
-454.049
-451.149
-449.257
-457.283
-471.911
-567.39
-593.833
434.712
425.072
423.592
416.543
408.87
401.417
389.205
376.519
368.396
369.136
365.698
359.163
352.959
344.978
328.378
323.143
329.641
329.601
310.782
290.787
282.949
285.931
304.889
302.537
192.181
-34.2619
-179.89
-274.532
-359.282
-419.077
-453.271
-464.554
-463.091
-458.656
-455.07
-452.832
-460.882
-475.219
-565.105
-587.995
436.748
424.109
415.335
407.731
400.871
402.01
393.166
379.845
368.73
361.346
353.646
349.352
352.304
346.861
334.988
321.525
315.623
329.79
325.43
301.387
283.684
276.509
276.943
304.407
297.343
287.367
202.285
67.5961
6.19769
-41.6342
-122.567
-239.945
-353.261
-420.69
-446.382
-451.689
-460.596
-473.646
-554.852
-577.655
435.23
423.758
415.47
407.949
399.958
391.704
383.793
376.062
368.425
361.037
353.397
352.369
352.537
346.953
341.789
325.357
315.948
318.01
325.178
318.527
293.358
278.165
272.654
267.522
294.768
294.245
288.847
283.756
267.563
228.171
186.055
123.154
17.7024
-127.856
-287.465
-399.037
-446.61
-467.209
-543.648
-553.323
433.877
424.06
416.045
408.511
409.691
401.368
393.185
385.216
373.977
361.422
354.053
347.221
345.86
346.851
340.75
328.563
315.571
312.886
323.675
316.322
309.664
302.113
276.77
268.823
261.143
252.823
276.545
286.593
281.423
275.253
269.898
259.874
249.735
238.83
208.806
110.387
-22.9996
-144.68
-224.6
-225.524
434.888
426.958
422.839
415.889
408.861
400.903
392.697
384.748
376.64
368.925
361.949
347.579
341.326
335.565
329.254
323.237
329.96
327.597
321.541
314.231
307.641
302.677
285.4
287.007
299.844
294.103
286.541
279.804
274.663
271.001
265.709
255.359
240.745
226.056
221.132
212.628
185.015
150.118
67.5409
22.1276
438.647
430.108
422.6
415.588
408.023
399.867
391.565
381.035
369.718
362.063
355.183
348.516
342.123
344.148
340.075
330.294
317.752
311.975
311.869
313.848
307.468
283.878
272.267
266.121
278.071
289.542
283.144
276.202
268.642
261.4
253.373
244.038
235.688
228.807
218.987
206.583
184.934
152.319
65.4344
7.61419
436.417
426.971
419.283
414.489
407.456
399.21
390.74
382.47
374.487
366.973
356.803
349.678
344.009
343.752
339.15
324.808
318.06
312.235
307.132
310.287
302.39
284.129
276.882
270.477
284.145
283.409
277.817
273.4
267.922
261.667
252.493
241.021
230.404
226.24
218.759
201.549
164.467
88.8322
25.4688
-10.0801
436.919
427.79
420.07
412.705
404.63
396.356
388.203
380.906
374.137
366.578
359.424
352.805
347.141
339.866
333.758
326.957
323.834
317.994
310.57
302.102
296.093
291.435
289.624
284.001
273.225
252.357
244.163
243.691
241.177
223.525
213.416
213.536
211.698
190.073
171.772
152.403
125.348
97.9191
54.5019
21.6481
436.757
427.434
419.708
412.924
405.531
397.339
389.118
380.733
372.655
365.341
358.525
352.597
346.773
340.487
334.256
327.949
322.351
317.056
310.933
304.512
296.963
291.374
286.049
279.966
273.923
265.832
258.952
250.862
237.321
227.647
218.993
211.35
199.312
183.715
169.991
156.919
141.304
123.022
90.733
52.9072
436.771
427.452
419.546
412.65
405.04
396.782
388.741
380.815
373.1
365.86
359.157
352.91
346.888
340.759
334.752
328.905
322.843
316.856
310.628
303.945
297.644
292.437
286.864
280.648
273.977
265.07
259.953
250.491
241.262
239.829
234.255
228.525
218.692
204.853
191.759
179.204
165.807
148.404
125.096
77.7319
436.615
427.055
419.214
412.092
404.371
396.123
387.69
379.681
371.978
364.707
357.875
351.362
345.283
339.108
333.507
329.53
323.483
317.652
309.718
303.32
297.361
293.716
287.488
281.453
266.423
268.963
278.864
269.354
258.442
252.161
250.33
246.381
239.417
229.715
218.003
202.235
185.49
158.304
120.851
49.3851
437.399
428.125
419.019
411.678
403.971
395.585
387.123
380.26
374.223
367.149
360.356
351.167
344.854
338.504
334.102
329.538
324.067
314.186
308.739
307.563
301.432
290.096
277.742
274.897
304.099
297.422
285.194
276.987
269.892
266.864
265.304
260.399
252.509
242.408
230.93
213.549
181.009
126.493
94.5169
44.531
437.704
429.284
421.829
414.702
406.864
398.457
390.171
382.208
374.724
367.706
359.152
350.665
347.622
342.171
335.498
327.596
319.289
314.384
315.523
309.695
301.746
283.409
275.032
271.664
309.642
306.484
296.814
290.179
286.014
278.332
273.488
267.657
259.847
249.115
225.984
172.754
108.351
67.5688
62.9155
44.9293
438.626
429.62
422.089
414.94
407.25
398.872
386.107
378.157
370.81
366.624
361.603
355.394
349.001
342.477
336.082
325.297
319.44
319.11
316.432
309.646
294.302
279.454
273.894
269.88
315.151
313.411
306.604
302.317
298.837
290.222
280.132
274.649
250.583
189.732
118.645
64.8667
39.8714
34.8653
55.321
51.1533
437.708
426.777
418.665
414.283
407.428
399.168
391.04
383.322
375.939
368.925
362.024
355.512
349.047
342.801
335.618
323.893
321.327
322.901
316.29
309.103
283.579
279.031
273.055
301.364
325.671
318.314
313.787
309.803
306.34
297.66
271.397
199.055
113.585
55.7108
31.0056
25.9379
29.9757
34.6647
58.5659
56.2299
438.02
429.376
417.992
410.62
402.914
395.637
391.39
383.461
375.404
368.88
362.074
355.506
349.149
343.288
330.893
324.125
326.908
322.73
316.331
299.348
283.321
278.43
278.036
329.392
326.375
322.992
317.672
257.357
173.103
125.211
77.9604
38.3012
23.4335
21.5393
23.1375
24.8851
29.4516
35.0941
61.2932
60.7376
436.794
427.674
422.24
415.321
407.73
399.548
391.403
383.608
373.353
365.895
358.686
355.084
348.696
335.798
330.567
332.109
329.364
322.673
313.924
288.091
282.707
276.919
316.22
331.816
323.672
218.15
98.0983
59.0071
33.2749
17.2966
16.8208
19.5598
21.7494
22.6112
23.3818
24.5815
29.5274
36.1977
63.8166
64.5589
438.512
427.94
416.434
409.09
401.126
396.812
391.291
383.407
376.26
369.1
362.023
352.4
345.178
341.65
341.671
335.819
329.093
319.25
294.372
289.012
281.981
331.931
336.426
328.88
216.423
89.8144
27.6674
14.4103
13.7848
14.8103
16.9201
19.6998
21.9321
22.7616
23.048
24.1068
29.6019
37.0536
65.4241
67.1339
438.826
430.144
419.225
409.205
401.161
392.705
384.562
381.049
376.227
369.12
361.698
351.543
345.208
347.338
341.836
335.435
326.834
301.18
295.342
292.153
349.445
344.899
334.246
322.536
187.571
50.94
14.6397
13.229
13.4153
14.3036
16.4557
19.4573
21.9542
22.8084
22.8599
23.8996
29.7067
37.527
66.193
68.3965
438.925
430.281
422.748
415.697
403.683
392.89
384.775
380.526
376.105
369.057
362.004
351.096
344.346
346.798
341.646
335.278
326.83
301.167
295.305
292.117
349.489
344.878
334.206
322.252
186.952
50.3813
14.6266
13.2068
13.4088
14.3107
16.466
19.4739
21.9726
22.8366
22.8589
23.8634
29.6641
37.5151
66.2027
68.3996
436.547
427.385
422.45
415.492
407.999
399.885
391.649
379.236
370.188
365.078
361.988
351.699
344.514
339.337
341.185
335.359
328.654
318.982
294.413
288.898
281.811
332.657
336.408
328.972
215.86
89.7237
27.6427
14.3725
13.7568
14.7965
16.9325
19.7726
22.0183
22.8514
23.0425
24.0006
29.4812
37.0146
65.4545
67.1431
439.025
427.269
417.934
410.671
403.021
397.329
391.607
383.796
376.279
368.976
362.124
355.636
349.444
340.668
331.318
330.548
328.999
322.329
313.977
287.904
282.642
276.693
316.781
331.813
323.522
218.078
98.2642
59.2289
33.589
17.349
16.7988
19.6389
21.8801
22.7748
23.4084
24.445
29.3263
36.1172
63.8495
64.57
439.247
430.44
422.685
415.644
407.914
399.584
391.365
383.553
376.117
368.928
362.015
355.564
349.413
343.365
332.291
324.322
322.706
322.615
316.199
300.228
283.33
278.17
278.363
329.379
326.28
322.803
318.144
260.194
175.51
126.239
78.5294
38.6129
23.5292
21.712
23.1642
24.7687
29.2809
35.0313
61.3377
60.7507
435.728
426.198
422.176
415.302
407.638
399.376
391.051
383.24
373.208
363.435
356.612
351.249
348.996
342.744
334.407
324.559
318.938
322.008
316.104
309.413
283.673
278.751
272.448
301.318
325.625
318.157
313.677
309.657
306.213
297.784
272.323
200.297
113.861
55.4915
30.8137
25.7559
29.8079
34.5952
58.5766
56.2322
438.526
429.607
422.037
415.03
407.38
399.082
389.563
378.403
370.824
363.871
361.219
355.115
348.85
342.483
335.995
325.823
319.357
318.639
316.452
309.605
294.075
279.1
273.568
270.101
314.851
313.218
306.509
302.222
298.674
290.44
280.878
275.141
250.514
189.6
118.756
65.0679
40.0727
34.9879
55.3288
51.1577
438.068
426.81
418.724
411.651
403.911
395.495
389.419
381.825
374.344
367.401
360.886
351.847
347.274
342.273
335.435
327.54
319.005
314.039
315.241
309.677
301.589
283.359
274.826
271.171
309.291
306.374
296.837
290.196
285.859
278.533
273.731
267.781
259.777
249.099
226.21
172.796
108.082
67.5604
62.974
44.9451
436.811
427.645
420.449
413.309
404.757
395.893
387.668
380.671
373.935
366.785
360.201
353.899
344.952
338.577
333.543
329.398
323.679
313.972
308.664
307.612
301.3
290.099
277.677
274.891
304.112
297.293
285.305
277.035
269.803
266.681
265.191
260.285
252.366
242.227
230.729
213.284
180.298
125.529
94.1552
44.5352
436.958
427.911
420.269
412.783
404.611
396.306
388.58
381.423
373.703
366.4
359.574
353.281
345.465
339.184
333.065
329.021
323.424
317.756
309.477
303.399
297.158
293.691
287.518
281.262
266.501
269.713
279.012
269.373
258.345
252.081
250.294
246.356
239.376
229.569
217.817
201.987
185.094
158.013
120.52
49.228
436.898
427.515
419.823
413.019
405.473
397.262
388.918
380.502
372.77
365.339
358.985
352.608
345.789
339.783
334.43
329.005
322.94
317.005
310.589
303.966
297.664
292.421
286.902
280.63
274.232
265.082
259.829
250.392
241.611
239.91
234.273
228.566
218.731
204.742
191.418
178.772
165.261
148.018
124.828
77.6776
437.081
427.803
420.219
413.192
405.489
397.148
388.82
380.812
373.284
365.507
359.009
352.768
346.328
340.025
333.975
328.104
322.644
317.231
310.944
304.579
297.063
291.414
286.108
279.988
274.005
266.028
258.956
250.566
237.309
227.8
219.224
211.668
199.802
184.052
169.87
156.657
140.903
122.647
90.4237
52.7529
436.508
427.301
420.882
413.611
405.829
396.623
387.71
379.841
372.362
364.953
359.219
353.198
346.999
340.142
333.457
327.285
324.124
318.018
310.922
302.129
296.212
291.495
289.693
284.091
273.002
252.397
244.047
243.896
240.872
223.554
213.737
214.421
213.886
192.657
171.993
152.795
125.656
98.0474
54.7643
21.7977
437.208
429.389
421.667
412.49
403.911
395.714
387.425
379.432
374.236
363.888
356.946
350.485
346.73
342.546
336.763
328.309
318.705
312.606
307.435
309.893
302.888
284.061
276.797
270.318
283.972
283.414
277.74
273.375
268.024
261.793
252.458
240.747
230.012
225.978
218.961
202.103
165.578
89.4258
26.2375
-9.33895
439.367
430.102
422.386
415.296
407.563
399.327
391.116
383.309
375.666
363.415
356.354
349.693
346.002
342.789
337.033
331.269
318.426
312.351
311.426
313.876
307.518
284.049
272.142
265.967
278.331
289.537
283.043
276.166
268.709
261.503
253.352
243.909
235.61
228.791
219.129
206.841
185.232
152.657
65.0272
7.46236
436.343
430.584
422.829
415.685
407.961
399.827
391.9
384.111
376.462
369.034
361.867
355.194
341.364
334.748
329.163
323.552
326.812
327.484
321.594
314.335
307.671
303.05
285.761
287.238
299.986
294.076
286.512
279.848
274.797
271.176
265.774
255.415
240.882
226.304
221.516
212.916
185.306
150.367
67.6882
22.4618
)
;
    }
}


// ************************************************************************* //
