/*--------------------------------*- C++ -*----------------------------------*\
| =========                 |                                                 |
| \\      /  F ield         | OpenFOAM: The Open Source CFD Toolbox           |
|  \\    /   O peration     | Version:  2406                                  |
|   \\  /    A nd           | Website:  www.openfoam.com                      |
|    \\/     M anipulation  |                                                 |
\*---------------------------------------------------------------------------*/
FoamFile
{
    version     2.0;
    format      ascii;
    arch        "LSB;label=32;scalar=64";
    class       volScalarField;
    location    "1";
    object      p_rgh;
}
// * * * * * * * * * * * * * * * * * * * * * * * * * * * * * * * * * * * * * //

dimensions      [1 -1 -2 0 0 0 0];

internalField   nonuniform List<scalar> 
20000
(
-6375.94
-6377.78
-6379.12
-6379.99
-6380.46
-6380.41
-6380.01
-6379.14
-6377.79
-6375.93
-6377.8
-6379.5
-6380.79
-6381.64
-6382.07
-6382.06
-6381.63
-6380.81
-6379.51
-6377.76
-6379.1
-6380.8
-6382.05
-6382.88
-6383.3
-6383.29
-6382.87
-6382.04
-6380.8
-6379.09
-6379.98
-6381.66
-6382.89
-6383.7
-6384.11
-6384.1
-6383.69
-6382.87
-6381.64
-6379.97
-6380.42
-6382.08
-6383.3
-6384.11
-6384.51
-6384.51
-6384.1
-6383.28
-6382.06
-6380.42
-6380.44
-6382.07
-6383.29
-6384.11
-6384.51
-6384.51
-6384.1
-6383.29
-6382.06
-6380.42
-6380
-6381.65
-6382.88
-6383.7
-6384.11
-6384.11
-6383.69
-6382.87
-6381.63
-6379.98
-6379.13
-6380.8
-6382.05
-6382.88
-6383.29
-6383.29
-6382.87
-6382.03
-6380.78
-6379.11
-6377.8
-6379.51
-6380.79
-6381.64
-6382.06
-6382.05
-6381.63
-6380.78
-6379.48
-6377.77
-6375.99
-6377.8
-6379.15
-6380.01
-6380.41
-6380.43
-6380
-6379.12
-6377.75
-6375.89
-6431.41
-6431.7
-6431.91
-6432.09
-6432.19
-6432.11
-6432.03
-6431.89
-6431.8
-6431.4
-6431.77
-6432.01
-6432.19
-6432.33
-6432.4
-6432.4
-6432.32
-6432.25
-6432.05
-6431.7
-6431.9
-6432.25
-6432.46
-6432.56
-6432.65
-6432.63
-6432.56
-6432.44
-6432.22
-6431.91
-6432.03
-6432.38
-6432.61
-6432.72
-6432.82
-6432.8
-6432.72
-6432.55
-6432.34
-6432.1
-6432.09
-6432.45
-6432.69
-6432.85
-6432.89
-6432.89
-6432.82
-6432.64
-6432.44
-6432.17
-6432.16
-6432.4
-6432.64
-6432.81
-6432.91
-6432.89
-6432.81
-6432.65
-6432.44
-6432.16
-6432.1
-6432.33
-6432.6
-6432.76
-6432.84
-6432.81
-6432.76
-6432.61
-6432.33
-6432.02
-6431.95
-6432.23
-6432.45
-6432.6
-6432.66
-6432.67
-6432.6
-6432.42
-6432.19
-6431.94
-6431.72
-6431.99
-6432.23
-6432.37
-6432.45
-6432.44
-6432.36
-6432.2
-6431.99
-6431.74
-6431.44
-6431.74
-6431.94
-6432.07
-6432.14
-6432.14
-6432.06
-6431.93
-6431.72
-6431.43
-6510.85
-6510.95
-6511.05
-6511.18
-6511.14
-6511.16
-6511.02
-6510.98
-6511.16
-6511.1
-6511.06
-6511.13
-6511.12
-6511.11
-6511.12
-6511.13
-6511.1
-6511.2
-6511.17
-6510.99
-6511.05
-6511.18
-6511.22
-6511.16
-6511.18
-6511.18
-6511.22
-6511.25
-6511.05
-6511.19
-6511.03
-6511.2
-6511.25
-6511.2
-6511.22
-6511.29
-6511.22
-6511.26
-6511.09
-6511.21
-6511.11
-6511.21
-6511.27
-6511.31
-6511.24
-6511.25
-6511.31
-6511.23
-6511.22
-6511.14
-6511.17
-6511.09
-6511.21
-6511.31
-6511.32
-6511.29
-6511.25
-6511.24
-6511.21
-6511.16
-6511.18
-6511.07
-6511.26
-6511.27
-6511.29
-6511.29
-6511.27
-6511.28
-6511.14
-6511.02
-6511.14
-6511.07
-6511.13
-6511.21
-6511.25
-6511.23
-6511.23
-6511.12
-6511.07
-6511.14
-6510.95
-6511.01
-6511.08
-6511.14
-6511.22
-6511.15
-6511.14
-6511.07
-6511.01
-6511.07
-6510.9
-6511.05
-6511.11
-6511.05
-6511.05
-6511.11
-6511.09
-6511.1
-6510.98
-6510.82
-6585.56
-6585.82
-6586.17
-6586.28
-6586.07
-6586.39
-6586.05
-6585.95
-6585.77
-6585.91
-6585.98
-6586.19
-6586.37
-6586.3
-6586.33
-6586.43
-6586.47
-6586.17
-6586.19
-6586.12
-6586.18
-6586.36
-6586.5
-6586.48
-6586.52
-6586.53
-6586.65
-6586.53
-6586.15
-6586.25
-6586.24
-6586.44
-6586.57
-6586.62
-6586.65
-6586.78
-6586.66
-6586.62
-6586.27
-6586.33
-6586.37
-6586.34
-6586.56
-6586.77
-6586.71
-6586.72
-6586.78
-6586.67
-6586.5
-6586.13
-6586.06
-6586.54
-6586.68
-6586.78
-6586.81
-6586.8
-6586.77
-6586.69
-6586.35
-6586.16
-6586.02
-6586.24
-6586.62
-6586.55
-6586.68
-6586.74
-6586.57
-6586.66
-6586.53
-6586.01
-6586.18
-6586.14
-6586.32
-6586.43
-6586.66
-6586.53
-6586.47
-6586.33
-6586.39
-6586.14
-6585.94
-6585.98
-6586.15
-6586.27
-6586.5
-6586.35
-6586.28
-6586.15
-6585.96
-6585.86
-6585.79
-6586.01
-6586.17
-6586.27
-6586.13
-6586.32
-6586.25
-6586.13
-6585.72
-6585.46
-6664.14
-6664.51
-6664.63
-6664.67
-6664.34
-6664.76
-6664.71
-6664.6
-6664.16
-6664.57
-6664.24
-6664.62
-6664.73
-6664.69
-6664.82
-6664.85
-6664.83
-6664.39
-6664.3
-6664.65
-6664.65
-6664.45
-6664.57
-6664.75
-6664.87
-6664.69
-6664.89
-6664.82
-6664.42
-6664.71
-6664.72
-6664.51
-6664.59
-6664.89
-6664.76
-6664.94
-6664.92
-6664.85
-6664.5
-6664.73
-6664.76
-6664.54
-6664.63
-6664.7
-6664.91
-6664.8
-6664.93
-6664.86
-6664.77
-6664.45
-6664.31
-6664.83
-6664.89
-6664.93
-6664.73
-6664.93
-6664.91
-6664.85
-6664.56
-6664.45
-6664.28
-6664.42
-6664.84
-6664.64
-6664.68
-6664.88
-6664.67
-6664.65
-6664.85
-6664.65
-6664.7
-6664.4
-6664.51
-6664.57
-6664.85
-6664.66
-6664.63
-6664.63
-6664.8
-6664.25
-6664.65
-6664.32
-6664.41
-6664.48
-6664.76
-6664.58
-6664.53
-6664.64
-6664.72
-6664.14
-6664.52
-6664.5
-6664.63
-6664.69
-6664.41
-6664.69
-6664.66
-6664.6
-6664.14
-6663.98
-6750.12
-6750.25
-6750.24
-6750.07
-6749.78
-6750.31
-6750.36
-6750.39
-6749.74
-6749.68
-6749.84
-6749.89
-6750.25
-6750.26
-6750.28
-6750.3
-6750.33
-6749.83
-6749.79
-6750.31
-6750.25
-6749.87
-6749.9
-6750.25
-6750.27
-6750.19
-6750.31
-6749.84
-6749.83
-6750.13
-6750.29
-6749.9
-6749.92
-6750.24
-6750.08
-6750.25
-6750.28
-6750.23
-6749.89
-6750.16
-6750.34
-6749.92
-6749.93
-6749.95
-6750.2
-6750.07
-6750.2
-6750.21
-6749.95
-6749.92
-6749.74
-6750.27
-6750.2
-6750.05
-6749.97
-6750.07
-6750.22
-6750.19
-6749.93
-6749.89
-6749.74
-6750.28
-6750.06
-6749.93
-6749.95
-6749.98
-6749.93
-6749.9
-6750.38
-6750.43
-6749.69
-6750
-6750.06
-6749.92
-6750.22
-6749.97
-6749.95
-6750.36
-6750.37
-6749.73
-6750.4
-6749.82
-6749.83
-6749.88
-6750.22
-6750.07
-6749.97
-6750.37
-6750.38
-6749.71
-6750.37
-6749.77
-6749.79
-6750.3
-6749.88
-6750.23
-6750.21
-6750.26
-6749.7
-6750.36
-6837.78
-6837.74
-6837.7
-6837.13
-6837.44
-6837.52
-6837.82
-6837.88
-6837.15
-6837.14
-6837.24
-6837.22
-6837.64
-6837.62
-6837.62
-6837.67
-6837.74
-6837.1
-6837.13
-6837.37
-6837.69
-6837.17
-6837.16
-6837.59
-6837.58
-6837.58
-6837.13
-6837.05
-6837.51
-6837.04
-6837.67
-6837.18
-6837.17
-6837.55
-6837.55
-6837.36
-6837.53
-6837.14
-6837.28
-6837.06
-6837.15
-6837.16
-6837.18
-6837.17
-6837.49
-6837.46
-6837.09
-6837.3
-6837.16
-6837.51
-6837.06
-6837.38
-6837.18
-6837.17
-6837.16
-6837.14
-6837.26
-6837.29
-6837.17
-6837.14
-6837.03
-6837.77
-6837.2
-6837.37
-6837.18
-6837.16
-6837.35
-6837.13
-6837.22
-6837.89
-6836.95
-6837.75
-6837.69
-6837.38
-6837.55
-6837.5
-6837.25
-6837.77
-6837.64
-6836.99
-6837.95
-6837.32
-6837.57
-6837.67
-6837.64
-6837.58
-6837.52
-6837.8
-6837.85
-6837.55
-6837.98
-6837.12
-6837.1
-6837.68
-6837.76
-6837.1
-6837.53
-6837.04
-6837.1
-6838.04
-6923.54
-6923.44
-6923.35
-6922.69
-6923.38
-6922.47
-6923.46
-6923.55
-6922.7
-6922.73
-6922.85
-6922.76
-6922.77
-6923.21
-6923.25
-6922.66
-6922.46
-6923.17
-6922.68
-6922.62
-6922.97
-6922.71
-6922.65
-6923.11
-6922.8
-6923.07
-6922.43
-6922.51
-6923.38
-6922.53
-6923.17
-6922.67
-6922.62
-6922.97
-6923.01
-6922.48
-6922.9
-6922.51
-6923.29
-6922.53
-6922.47
-6923.21
-6923.09
-6922.62
-6922.95
-6922.94
-6922.49
-6922.53
-6922.63
-6923.39
-6923.29
-6922.71
-6922.65
-6922.61
-6922.6
-6922.55
-6922.52
-6922.57
-6923.18
-6923.49
-6923.53
-6923.4
-6922.68
-6923.18
-6922.65
-6922.6
-6923.14
-6922.56
-6922.54
-6923.55
-6922.41
-6923.42
-6923.32
-6923.25
-6922.66
-6923.15
-6923.24
-6923.32
-6922.61
-6923.45
-6923.25
-6923.48
-6923.39
-6923.33
-6922.66
-6923.15
-6923.24
-6923.3
-6923.63
-6923.77
-6923.76
-6922.67
-6922.61
-6922.59
-6923.45
-6922.53
-6922.5
-6922.47
-6923.8
-6923.87
-7006.44
-7005.99
-7005.57
-7005.45
-7006.28
-7005.16
-7005.37
-7005.56
-7006.55
-7005.49
-7006.01
-7005.53
-7005.4
-7005.65
-7005.28
-7005.09
-7005.08
-7006.26
-7006.36
-7005.35
-7005.36
-7005.74
-7005.75
-7005.33
-7005.18
-7005.81
-7005.07
-7005.19
-7006.24
-7005.26
-7005.17
-7005.85
-7005.84
-7005.29
-7005.71
-7005.11
-7005.09
-7005.18
-7006.15
-7005.23
-7005.1
-7006.15
-7006.04
-7005.48
-7005.52
-7005.65
-7005.13
-7005.2
-7005.31
-7006.26
-7006.44
-7005.5
-7005.36
-7005.31
-7005.81
-7005.35
-7005.18
-7005.24
-7006.14
-7006.35
-7006.45
-7006.29
-7005.4
-7006
-7005.93
-7005.6
-7005.89
-7005.93
-7005.21
-7006.48
-7005.49
-7006.31
-7006.19
-7006.1
-7005.17
-7005.87
-7005.98
-7005.71
-7005.27
-7006.62
-7005.25
-7006.41
-7006.27
-7006.18
-7005.22
-7005.94
-7005.98
-7005.24
-7005.71
-7006.73
-7005.55
-7005.66
-7005.54
-7005.26
-7006.33
-7005.41
-7005.24
-7005.26
-7006.7
-7006.83
-7085.46
-7084.94
-7084.88
-7084.82
-7085.91
-7084.47
-7084.38
-7084.39
-7086.1
-7084.94
-7086.14
-7085.48
-7084.75
-7084.6
-7084.47
-7084.43
-7084.39
-7085.79
-7085.92
-7084.79
-7084.85
-7085.79
-7085.67
-7084.59
-7084.49
-7084.97
-7084.39
-7085.32
-7085.77
-7084.62
-7084.7
-7085.7
-7085.6
-7084.61
-7084.82
-7084.52
-7084.45
-7084.62
-7085.66
-7084.66
-7084.98
-7085.74
-7085.57
-7085.46
-7084.71
-7084.66
-7084.92
-7084.67
-7085.56
-7085.25
-7086.02
-7085.87
-7084.77
-7085.13
-7085.31
-7085.27
-7084.6
-7084.69
-7085.56
-7085.76
-7086.01
-7085.1
-7085.21
-7085.46
-7085.4
-7085.35
-7085.36
-7085.45
-7084.58
-7085.13
-7086.13
-7085.25
-7084.96
-7085.54
-7084.5
-7084.91
-7085.4
-7084.57
-7084.63
-7086.13
-7084.63
-7085.94
-7085.83
-7085.4
-7084.56
-7084.62
-7085.47
-7084.64
-7084.7
-7086.3
-7084.77
-7086.04
-7085.94
-7084.65
-7085.52
-7085.81
-7084.66
-7085.61
-7086.25
-7086.4
-7160.6
-7160.52
-7160.47
-7160.71
-7160.45
-7160.85
-7159.9
-7159.87
-7161.85
-7160.54
-7161.9
-7161.72
-7160.39
-7160.32
-7160.19
-7160.07
-7160.13
-7161.54
-7161.68
-7160.41
-7160.47
-7161.58
-7161.44
-7160.26
-7160.53
-7160.17
-7161.06
-7161.41
-7161.52
-7161.01
-7160.43
-7161.46
-7161.34
-7160.3
-7160.34
-7160.48
-7160.18
-7161.25
-7161.39
-7161.41
-7161.84
-7160.76
-7160.48
-7161.07
-7160.36
-7160.36
-7161.08
-7161.17
-7161.34
-7160.21
-7161.81
-7161.67
-7160.79
-7161.02
-7161.01
-7160.99
-7160.76
-7161.13
-7161.29
-7160.27
-7161.86
-7159.91
-7161.05
-7160.59
-7161.06
-7161.05
-7160.93
-7161.17
-7160.66
-7160.08
-7162.01
-7160.07
-7160.03
-7160.65
-7160.11
-7160.16
-7160.83
-7160.14
-7160.19
-7161.89
-7160.2
-7161.69
-7160.44
-7160.21
-7160.16
-7160.16
-7160.94
-7160.18
-7160.23
-7160.92
-7160.27
-7161.86
-7161.74
-7160.35
-7160.15
-7161.63
-7161.13
-7161.92
-7162.03
-7162.17
-7232.38
-7232.3
-7232.25
-7233.39
-7232.18
-7233.43
-7231.62
-7231.58
-7233.78
-7232.33
-7233.84
-7233.71
-7232.4
-7232.19
-7233.17
-7233.09
-7233.34
-7233.43
-7233.37
-7232.22
-7232.3
-7233.57
-7233.44
-7233.01
-7233.11
-7232.2
-7233.23
-7233.32
-7232.19
-7233.68
-7232.25
-7233.46
-7233.34
-7232.8
-7232.26
-7233.06
-7232.29
-7233.22
-7232.86
-7233.64
-7233.88
-7231.69
-7231.78
-7232.95
-7232.28
-7232.28
-7233.06
-7233.13
-7233.2
-7231.93
-7233.82
-7231.72
-7233
-7232.96
-7232.94
-7232.94
-7233.02
-7233.09
-7233.24
-7231.83
-7231.92
-7231.64
-7232.99
-7231.84
-7232.59
-7232.95
-7232.01
-7233.12
-7233.53
-7231.81
-7234.12
-7231.75
-7231.77
-7231.78
-7233.14
-7232.01
-7231.93
-7231.9
-7232.04
-7232.47
-7231.91
-7233.7
-7231.92
-7231.96
-7232.61
-7232.05
-7231.93
-7231.96
-7231.96
-7231.91
-7231.92
-7233.84
-7233.73
-7233.62
-7231.89
-7233.67
-7233.81
-7233.91
-7234
-7234.11
-7300.79
-7300.73
-7300.67
-7301.99
-7300.55
-7302.04
-7301.11
-7300.27
-7302.34
-7301.17
-7302.39
-7301.82
-7301.86
-7301.67
-7301.82
-7301.88
-7301.92
-7301.96
-7300.6
-7300.66
-7301.81
-7301.95
-7301.47
-7301.7
-7301.74
-7300.72
-7301.8
-7301.86
-7300.55
-7302.33
-7302.03
-7300.95
-7301.02
-7301.58
-7300.81
-7301.68
-7301.73
-7301.79
-7300.54
-7302.25
-7302.52
-7300.01
-7300.04
-7301.53
-7300.79
-7301.49
-7301.66
-7301.72
-7301.46
-7300.23
-7302.44
-7299.87
-7301.57
-7301.54
-7300.83
-7301.31
-7301.63
-7301.68
-7300.17
-7300.17
-7300.13
-7300.01
-7301.56
-7300.33
-7300.34
-7300.61
-7300.52
-7300.6
-7302.17
-7300.17
-7301.09
-7300.1
-7300.16
-7300.3
-7301.93
-7301.06
-7300.48
-7300.5
-7302.22
-7300.16
-7302.22
-7300.55
-7300.41
-7300.43
-7301.97
-7301.42
-7300.52
-7301.06
-7300.96
-7300.21
-7302.46
-7302.38
-7302.32
-7302.18
-7300.3
-7301.29
-7302.37
-7302.5
-7302.56
-7302.65
-7366.47
-7366.59
-7367.45
-7367.81
-7366.17
-7367.87
-7367.97
-7368.12
-7368.16
-7368.2
-7368.2
-7366.28
-7367.74
-7367.71
-7367.69
-7367.76
-7367.78
-7366.42
-7366.26
-7367.71
-7368.05
-7366.21
-7366.17
-7367.59
-7367.58
-7366.48
-7367.67
-7367.66
-7366.19
-7368.17
-7368.08
-7366.11
-7366.07
-7367.42
-7367.42
-7367.53
-7367.58
-7367.61
-7366.18
-7368.1
-7368.32
-7366.44
-7367.15
-7367.36
-7367.23
-7367.48
-7367.51
-7367.54
-7366.14
-7367.68
-7366.41
-7365.45
-7367.36
-7367.35
-7366.21
-7366.27
-7367.44
-7367.47
-7365.96
-7365.79
-7365.73
-7365.56
-7367.3
-7366.08
-7366.17
-7366.22
-7366.29
-7366.34
-7368.08
-7365.75
-7365.8
-7367.14
-7367.37
-7366.08
-7367.82
-7367.79
-7366.28
-7368.02
-7368.15
-7365.72
-7368.45
-7365.89
-7366.15
-7366.43
-7367.89
-7367.87
-7366.56
-7368.14
-7368.2
-7365.78
-7368.52
-7368.3
-7366.38
-7368
-7365.84
-7365.8
-7368.07
-7365.94
-7367.49
-7368.48
-7431.57
-7431.75
-7431.71
-7431.57
-7431
-7431.59
-7431.68
-7431.82
-7431.83
-7431.87
-7430.45
-7429.77
-7431.51
-7431.47
-7431.47
-7431.5
-7431.51
-7429.81
-7429.82
-7431.82
-7431.7
-7429.7
-7429.69
-7430.1
-7430.68
-7431.29
-7431.43
-7431.36
-7429.74
-7431.94
-7431.65
-7429.67
-7429.64
-7429.78
-7431.18
-7431.28
-7431.36
-7430.29
-7429.75
-7431.86
-7429.02
-7431.44
-7431.4
-7430.02
-7431.07
-7430.92
-7430.17
-7430
-7429.73
-7431.9
-7428.85
-7428.94
-7430.1
-7430.3
-7429.88
-7429.93
-7430.76
-7430.49
-7429.75
-7431.36
-7429.11
-7431.19
-7430.09
-7430.92
-7429.87
-7430.44
-7429.97
-7430.03
-7431.88
-7430.51
-7429.36
-7431.62
-7431.58
-7430.96
-7431.61
-7431.61
-7431.71
-7431.91
-7431.97
-7429.23
-7432.26
-7429.41
-7431.52
-7431.64
-7431.67
-7431.7
-7431.88
-7432
-7432.12
-7429.2
-7432.32
-7430.43
-7429.37
-7431.12
-7430.75
-7429.24
-7429.8
-7429.09
-7429.11
-7432.2
-7494.1
-7494.03
-7494
-7493.91
-7493.72
-7493.88
-7493.94
-7493.9
-7493.6
-7494.06
-7491.87
-7491.81
-7493.3
-7493.7
-7492.3
-7492.83
-7493.04
-7491.85
-7491.85
-7493.96
-7493.83
-7491.78
-7491.76
-7491.77
-7491.89
-7493.32
-7492.7
-7491.83
-7491.84
-7491.84
-7493.81
-7491.73
-7491.74
-7491.73
-7493.3
-7492.58
-7493.51
-7491.82
-7491.82
-7492.84
-7490.84
-7493.75
-7493.71
-7491.81
-7493.23
-7492.06
-7492
-7491.88
-7491.83
-7494.21
-7490.78
-7492.15
-7492.1
-7491.97
-7492.04
-7492.1
-7491.93
-7491.8
-7491.84
-7494.38
-7493.31
-7494
-7492.14
-7493.7
-7493.52
-7493.68
-7493.87
-7493.54
-7491.83
-7494.41
-7491.27
-7493.95
-7493.9
-7493.83
-7493.72
-7493.94
-7494.13
-7494.23
-7494.35
-7491.19
-7494.55
-7491.38
-7493.87
-7493.93
-7493.95
-7494.07
-7494.24
-7494.36
-7494.45
-7493.6
-7494.59
-7491.22
-7491.33
-7491.43
-7494.13
-7491.3
-7491.09
-7491.01
-7490.98
-7494.38
-7555.44
-7555.31
-7555.23
-7553.65
-7554.81
-7553.09
-7555.22
-7555.16
-7552.9
-7554.93
-7552.84
-7552.94
-7552.95
-7553.09
-7553.07
-7553.02
-7552.95
-7552.93
-7552.93
-7555.09
-7554.52
-7552.84
-7552.88
-7552.97
-7553.07
-7554.29
-7553.02
-7552.95
-7553.6
-7552.65
-7551.83
-7552.66
-7552.8
-7552.93
-7553.51
-7553.2
-7554.43
-7553.01
-7553.03
-7552.68
-7551.77
-7555.08
-7555
-7553.08
-7553.55
-7553.13
-7553.09
-7553.08
-7554.23
-7555.63
-7551.76
-7555.27
-7553.87
-7553.14
-7554.18
-7553.77
-7554.61
-7553.02
-7553.96
-7555.74
-7555.34
-7555.33
-7554.42
-7555.04
-7554.93
-7554.48
-7554.93
-7554.96
-7552.77
-7555.77
-7554.45
-7555.27
-7555.18
-7555.15
-7553.08
-7553.55
-7555.21
-7555.27
-7553.9
-7552.69
-7555.04
-7552.49
-7555.17
-7555.08
-7554.1
-7553.48
-7554.71
-7554.87
-7555.75
-7555.98
-7555.87
-7552.37
-7552.47
-7552.49
-7555.52
-7555.4
-7552
-7551.95
-7551.96
-7551.95
-7616.19
-7616.08
-7615.88
-7613.27
-7615.43
-7613.38
-7615.82
-7615.83
-7613.23
-7613.09
-7614.85
-7614.03
-7613.49
-7613.34
-7613.47
-7613.5
-7613.43
-7613.41
-7613.39
-7615.64
-7612.38
-7614.72
-7614.8
-7614.87
-7613.56
-7613.6
-7613.46
-7613.42
-7615.82
-7613.03
-7612.15
-7615.75
-7615.6
-7615.01
-7613.66
-7613.67
-7613.55
-7613.48
-7615.64
-7613.07
-7612.14
-7614.95
-7615.64
-7613.67
-7613.76
-7614.46
-7613.65
-7613.58
-7616.03
-7613.55
-7612.15
-7615.98
-7615.77
-7615.13
-7615.25
-7615.23
-7614.44
-7613.68
-7616.38
-7616.43
-7616.05
-7615.98
-7615.96
-7614.94
-7614.58
-7613.51
-7615.41
-7613.71
-7613.18
-7616.49
-7616.25
-7615.82
-7615.08
-7615.17
-7613.46
-7613.43
-7613.52
-7613.4
-7613.29
-7616.66
-7612.4
-7615.9
-7614.34
-7615.07
-7613.56
-7613.52
-7613.22
-7613.45
-7615.14
-7616.82
-7616.17
-7613.38
-7613.85
-7614.7
-7616.18
-7616.15
-7612.84
-7614.76
-7612.29
-7612.18
-7676.43
-7673.61
-7673.62
-7673.27
-7675.65
-7673.46
-7676.12
-7676.18
-7673.39
-7673.12
-7676.42
-7676.22
-7674.64
-7673.39
-7673.48
-7673.52
-7675.35
-7673.55
-7673.47
-7675.92
-7672.69
-7676.18
-7676.12
-7676.05
-7675.56
-7673.67
-7673.65
-7673.6
-7676.02
-7673.05
-7672.49
-7676.21
-7676.18
-7676.11
-7674
-7673.84
-7673.79
-7675.51
-7676.01
-7673.13
-7672.85
-7673.31
-7675.3
-7675.6
-7674.07
-7675.57
-7674.37
-7675.31
-7676.04
-7673.15
-7672.21
-7675.43
-7674.67
-7674.77
-7675.54
-7675.55
-7673.64
-7675.74
-7676.31
-7675.38
-7676.53
-7676.33
-7675.01
-7673.69
-7673.59
-7673.54
-7673.5
-7673.27
-7673.22
-7676.94
-7676.67
-7673.44
-7673.55
-7673.58
-7673.52
-7673.47
-7673.44
-7673.38
-7673.3
-7677.1
-7672.27
-7676.33
-7673.57
-7673.65
-7673.6
-7673.56
-7673.47
-7673.45
-7673.42
-7677.17
-7672.36
-7676.18
-7676.28
-7676.47
-7676.47
-7676.55
-7676.48
-7676.55
-7674.89
-7672.1
-7735.41
-7733.04
-7733.1
-7733.11
-7733.27
-7733.34
-7736.15
-7736.18
-7733.33
-7733.27
-7736.77
-7736.37
-7736.26
-7734.14
-7735.11
-7734.92
-7736.09
-7734.64
-7735.58
-7733.21
-7735.36
-7736.35
-7736.28
-7736.21
-7736.13
-7735.77
-7735.26
-7734.92
-7736.16
-7733.03
-7734.36
-7736.37
-7736.33
-7736.26
-7735.43
-7735.57
-7733.89
-7736.04
-7736.09
-7733.04
-7736.33
-7732.89
-7733.19
-7736.18
-7734.08
-7735.71
-7735.89
-7735.93
-7736.06
-7732.99
-7732.07
-7732.17
-7735.02
-7733.64
-7735.61
-7735.63
-7733.47
-7735.78
-7734.13
-7733.01
-7732.47
-7736.33
-7733.52
-7733.52
-7733.45
-7733.4
-7733.25
-7733.14
-7733.17
-7733.21
-7736.92
-7733.17
-7733.31
-7733.45
-7733.41
-7733.37
-7733.31
-7733.21
-7733.14
-7737.3
-7732.05
-7736.56
-7733.48
-7733.49
-7733.46
-7734.03
-7733.36
-7733.28
-7733.19
-7737.34
-7731.96
-7736.42
-7736.38
-7736.52
-7736.68
-7736.82
-7736.76
-7736.81
-7736.91
-7732.33
-7792.67
-7792.73
-7792.8
-7792.9
-7792.92
-7793.06
-7794.98
-7794.28
-7793.07
-7793.08
-7795.01
-7796.31
-7796.22
-7796.15
-7796.06
-7795.88
-7795.88
-7795.97
-7796.15
-7793.03
-7796.48
-7796.32
-7796.3
-7796.22
-7796.16
-7796.06
-7795.95
-7796.14
-7796.2
-7794.88
-7796.79
-7796.5
-7796.32
-7796.28
-7796.21
-7796.03
-7793.74
-7795.98
-7796.14
-7793.65
-7796.57
-7793.34
-7792.9
-7796.19
-7795.73
-7794.68
-7795.96
-7795.92
-7793.48
-7792.81
-7791.85
-7795.96
-7796.35
-7793.75
-7795.43
-7795.55
-7793.92
-7794.45
-7792.83
-7792.64
-7791.87
-7792.3
-7796.04
-7793.58
-7794.09
-7793.93
-7793.35
-7794.9
-7793.82
-7792.48
-7796.15
-7792.7
-7792.97
-7794.07
-7793.59
-7793.62
-7793.13
-7793.05
-7792.97
-7796.1
-7791.68
-7796.74
-7793.17
-7793.39
-7795.21
-7795.02
-7793.2
-7793.54
-7793.02
-7794.9
-7791.6
-7796.59
-7796.44
-7794.13
-7794.38
-7793.25
-7796.52
-7796.95
-7796.74
-7796.61
-7852.2
-7852.42
-7852.48
-7853.35
-7852.86
-7854.46
-7853.25
-7852.93
-7852.76
-7852.78
-7852.44
-7854.58
-7855.92
-7855.85
-7855.79
-7855.74
-7855.75
-7855.95
-7856.09
-7852.69
-7856.32
-7855.81
-7855.42
-7855.35
-7855.94
-7855.77
-7855.93
-7856.09
-7856.08
-7856.31
-7856.51
-7855.93
-7855.74
-7856.09
-7855.9
-7855.84
-7854.59
-7855.92
-7854.02
-7856.28
-7856.48
-7856.32
-7852.67
-7855.97
-7855.87
-7853.55
-7855.93
-7855.84
-7853.22
-7852.96
-7851.55
-7856.35
-7856.36
-7856.07
-7853.52
-7853.69
-7856.06
-7854.19
-7854.23
-7852.19
-7851.81
-7851.99
-7856.24
-7856.07
-7856
-7856.09
-7856.21
-7856.38
-7856.47
-7852.02
-7852.05
-7853.73
-7855.89
-7855.99
-7856.02
-7856.11
-7856.06
-7854.2
-7855.25
-7851.83
-7854.56
-7856.59
-7855.54
-7853.48
-7855.65
-7852.83
-7855.41
-7856.09
-7852.95
-7851.82
-7851.06
-7853.66
-7856.25
-7852.41
-7852.36
-7852.36
-7852.42
-7853.74
-7856.56
-7856.44
-7911.83
-7914.15
-7912.27
-7916.34
-7912.95
-7916.14
-7913.1
-7912.97
-7915.26
-7912.33
-7911.92
-7912.14
-7912.57
-7915.88
-7915.58
-7915.8
-7913.31
-7915.61
-7914.92
-7912.4
-7915.89
-7912.41
-7912.52
-7912.61
-7913.5
-7915.51
-7914.8
-7915.79
-7914.51
-7915.47
-7916.35
-7912.58
-7912.38
-7913.4
-7914.26
-7914.94
-7915.32
-7913.87
-7912.92
-7913.94
-7916.36
-7916.3
-7912.38
-7912.88
-7915.15
-7913.27
-7915.63
-7914.34
-7912.9
-7916.11
-7915.93
-7916.3
-7916.25
-7916.2
-7913.18
-7913.23
-7916.07
-7914.09
-7916.39
-7915.72
-7911.69
-7911.88
-7916.19
-7916.09
-7915.96
-7916.09
-7916.24
-7916.37
-7916.47
-7911.57
-7912.1
-7915.85
-7916.08
-7915.96
-7916.03
-7916.2
-7916.28
-7916.35
-7916.52
-7911.27
-7917.92
-7915.26
-7915.85
-7915.84
-7912.36
-7913.65
-7916.18
-7916.12
-7916.45
-7911.17
-7912.47
-7911.69
-7911.9
-7912
-7911.88
-7911.91
-7911.76
-7911.42
-7913.35
-7916.43
-7971.42
-7977.11
-7976.34
-7976.54
-7976.16
-7976.1
-7972.65
-7972.79
-7976.18
-7971.72
-7971.48
-7971.57
-7971.79
-7972.82
-7974.68
-7973.51
-7972.44
-7975.37
-7972.69
-7972.54
-7971.59
-7971.78
-7972
-7972.11
-7972.2
-7972.38
-7972.43
-7972.7
-7972.61
-7972.74
-7973.93
-7972.05
-7971.99
-7972.1
-7972.22
-7972.33
-7974.78
-7972.5
-7972.54
-7972.6
-7976.12
-7976.12
-7971.99
-7972
-7972.2
-7972.84
-7972.41
-7972.41
-7972.54
-7975.85
-7976.51
-7976.11
-7976.07
-7975.08
-7972.61
-7972.98
-7976.03
-7976.18
-7976.29
-7976.21
-7977.03
-7975.76
-7976.04
-7975.86
-7975.86
-7976.01
-7976.17
-7976.27
-7976.38
-7976.28
-7972.11
-7975.69
-7975.85
-7975.81
-7975.99
-7976.08
-7976.15
-7976.34
-7976.47
-7970.87
-7977.91
-7971.23
-7975.58
-7975.76
-7973.9
-7975.96
-7976.08
-7976.25
-7976.51
-7971.93
-7977.68
-7971.08
-7971
-7972.08
-7971.4
-7971.24
-7971.02
-7970.74
-7970.83
-7976.31
-8030.85
-8036.27
-8036.44
-8036.19
-8036.04
-8035.92
-8035.22
-8033.45
-8034.02
-8031.37
-8031.41
-8031.17
-8031.27
-8031.46
-8031.7
-8031.88
-8031.89
-8032.14
-8032.11
-8035.72
-8031.37
-8031.27
-8031.43
-8031.56
-8031.63
-8031.72
-8031.82
-8031.93
-8032.11
-8032.2
-8031.4
-8031.44
-8031.52
-8031.56
-8031.63
-8031.7
-8034.4
-8031.91
-8032.05
-8032.17
-8035.82
-8035.82
-8031.53
-8031.53
-8033.52
-8033.95
-8031.82
-8031.84
-8032.35
-8035.26
-8036.29
-8035.8
-8034.48
-8031.62
-8033.07
-8034.02
-8032.76
-8035.33
-8035.17
-8035.32
-8036.79
-8036.26
-8032.19
-8032.89
-8033.64
-8034.28
-8033.85
-8033.75
-8036.19
-8035.81
-8032.07
-8035.56
-8032.01
-8033.71
-8035.09
-8035.01
-8034.67
-8036.17
-8036.24
-8030.54
-8037.61
-8030.7
-8031.62
-8035.5
-8035.53
-8035.59
-8035.64
-8030.67
-8036.32
-8036.2
-8037.85
-8030.19
-8030.84
-8035.68
-8033.44
-8033.96
-8035.32
-8030
-8030.5
-8036
-8093.99
-8091.35
-8095.9
-8095.77
-8095.63
-8095.5
-8095.02
-8095.24
-8090.59
-8092.17
-8095.36
-8090.58
-8090.57
-8090.68
-8090.95
-8091.1
-8091.2
-8091.26
-8091.26
-8095.46
-8092.07
-8091.09
-8090.68
-8090.85
-8090.92
-8091
-8091.09
-8091.19
-8091.3
-8093.67
-8092.87
-8094.7
-8090.86
-8090.9
-8090.94
-8090.99
-8091.98
-8091.21
-8093.31
-8091.63
-8091.92
-8095.35
-8090.9
-8090.89
-8093.49
-8093.52
-8091.16
-8091.2
-8094.72
-8094.75
-8095.33
-8095.13
-8090.9
-8090.93
-8093.4
-8091.4
-8091.02
-8091.16
-8091.02
-8091.31
-8091.98
-8092.22
-8090.72
-8090.98
-8091.15
-8091.18
-8091.06
-8090.9
-8092.06
-8094.76
-8095.44
-8093.63
-8090.37
-8090.72
-8091.13
-8091.26
-8091.19
-8092.45
-8093.63
-8093.83
-8097.47
-8090.07
-8090.14
-8095.18
-8095.16
-8095.15
-8094.43
-8093.65
-8095.9
-8095.93
-8097.86
-8095.59
-8095.84
-8095.46
-8095.3
-8095.25
-8095.01
-8093.2
-8095.73
-8095.72
-8155.25
-8148.41
-8155.02
-8154.9
-8154.68
-8150.11
-8154.05
-8154.24
-8150.21
-8154.73
-8154.95
-8149.74
-8151.09
-8152.34
-8150.26
-8150.19
-8150.47
-8150.41
-8150.47
-8154.78
-8154.64
-8154.37
-8150.95
-8151.63
-8150.09
-8150.2
-8150.3
-8150.39
-8153.69
-8154.69
-8154.38
-8154.65
-8150.03
-8150.03
-8150.02
-8150.13
-8150.34
-8150.39
-8153.9
-8154.21
-8149.97
-8154.6
-8150.02
-8150.03
-8152.73
-8152.73
-8150.12
-8151.04
-8153.85
-8152.53
-8150.79
-8150.17
-8149.83
-8150.02
-8152.69
-8150.4
-8150.02
-8149.97
-8149.99
-8150.17
-8149.65
-8149.59
-8149.67
-8149.82
-8150.1
-8150.16
-8150.01
-8149.91
-8149.98
-8150.05
-8153.71
-8149.11
-8149.43
-8149.64
-8149.9
-8150.19
-8150.15
-8150.02
-8149.86
-8155.54
-8149.29
-8149.08
-8150.58
-8151.89
-8154.41
-8154.49
-8149.92
-8155.18
-8155.22
-8155.48
-8151.08
-8156.49
-8155.62
-8155.12
-8154.86
-8154.75
-8154.69
-8155.01
-8155.21
-8149.3
-8214.5
-8207.45
-8213.9
-8210.28
-8208.03
-8207.51
-8213.01
-8213.06
-8212.83
-8213.93
-8214.28
-8213.96
-8213.57
-8213.36
-8210.1
-8212.75
-8213.04
-8209.38
-8209.4
-8213.83
-8213.02
-8213.59
-8213.32
-8213.26
-8211.51
-8211.44
-8211.67
-8209.3
-8213.64
-8213.78
-8213.24
-8213.67
-8210.2
-8210.15
-8212.34
-8212
-8210.48
-8211.18
-8213.22
-8213.65
-8208.51
-8213.67
-8213.01
-8210.28
-8211.17
-8211.58
-8211.45
-8212.73
-8212.77
-8208.91
-8208.37
-8208.68
-8208.95
-8208.96
-8209.22
-8212.31
-8208.83
-8208.78
-8208.82
-8208.86
-8209.05
-8208.11
-8209.92
-8209.35
-8209.07
-8208.91
-8208.78
-8208.78
-8208.63
-8208.86
-8212.24
-8207.92
-8210.49
-8209.25
-8209.09
-8209.04
-8209.02
-8208.63
-8208.49
-8214.87
-8207.83
-8207.94
-8214.41
-8208.84
-8208.93
-8208.98
-8208.52
-8214.05
-8211.99
-8211.73
-8207.68
-8215.24
-8215.04
-8210.52
-8214.11
-8214.09
-8209.41
-8214.23
-8214.22
-8207.2
-8273.45
-8273.34
-8267.35
-8266.47
-8266.1
-8265.73
-8265.52
-8269.86
-8272.76
-8272.84
-8269.91
-8272.87
-8272.43
-8272.34
-8272.12
-8271.92
-8271.97
-8271.83
-8269.97
-8272.75
-8267.46
-8271.88
-8272.33
-8272.22
-8272.05
-8271.9
-8271.9
-8270.76
-8270.01
-8270.71
-8267.29
-8269.74
-8272.19
-8272.02
-8271.88
-8271.85
-8271.61
-8271.41
-8269.74
-8270.15
-8267.09
-8272.43
-8272.4
-8272.1
-8269.62
-8269.65
-8271.41
-8271.53
-8271.53
-8267.16
-8271.74
-8268.07
-8267.62
-8268.91
-8270.97
-8271.23
-8269.46
-8267.47
-8267.27
-8271.06
-8272.44
-8271.12
-8271.99
-8271.84
-8269.47
-8269.33
-8269.56
-8267.24
-8267.12
-8272.12
-8270.84
-8268.38
-8272
-8271.64
-8268.95
-8269.31
-8270.67
-8270.28
-8266.97
-8269.99
-8266.24
-8266.39
-8269.38
-8267.35
-8267.32
-8267.15
-8267.02
-8268.77
-8266.44
-8265.96
-8266.35
-8274.23
-8268.97
-8267.5
-8269.15
-8268.98
-8267.14
-8273.37
-8268.52
-8265.81
-8329.4
-8331.64
-8325.01
-8324.67
-8324.43
-8324.36
-8324.19
-8323.53
-8331.47
-8331.5
-8325.59
-8331.19
-8331.09
-8331.03
-8330.93
-8330.71
-8330.62
-8330.94
-8331.32
-8327.77
-8325.71
-8325.98
-8331.02
-8330.92
-8330.81
-8330.66
-8330.56
-8330.57
-8326.65
-8326.04
-8325.51
-8325.98
-8330.89
-8330.79
-8330.62
-8330.51
-8330.03
-8330.27
-8326.04
-8325.29
-8327.92
-8330.97
-8329.09
-8330.53
-8328.11
-8328.12
-8329.87
-8329.49
-8330.07
-8326.68
-8331.03
-8330.87
-8328.39
-8330.48
-8330.08
-8329.82
-8329.88
-8329.12
-8328.79
-8331.75
-8331.32
-8331.15
-8330.79
-8330.57
-8330.42
-8330.03
-8329.85
-8329.5
-8328.94
-8332.32
-8324.73
-8331.12
-8330.73
-8330.57
-8330.2
-8329.53
-8329.54
-8329.37
-8326.29
-8325.65
-8324.5
-8329.61
-8325.81
-8325.78
-8325.6
-8325.44
-8325.33
-8324.98
-8324.73
-8324.56
-8328.92
-8327.21
-8325.95
-8325.71
-8325.46
-8325.48
-8325.32
-8326.07
-8324.41
-8324.18
-8383.75
-8390.17
-8383.18
-8383.09
-8382.9
-8383.73
-8383.52
-8383.39
-8389.96
-8389.96
-8383.49
-8389.8
-8389.56
-8386.51
-8389.17
-8389.03
-8388.68
-8389.44
-8389.87
-8384.75
-8383.77
-8383.95
-8389.35
-8388.57
-8389.09
-8389
-8389.03
-8389.09
-8384.69
-8384.52
-8383.93
-8384.03
-8389.19
-8389.13
-8389.07
-8388.98
-8386.06
-8384.93
-8384.5
-8384.13
-8388.3
-8384.4
-8385.13
-8389.02
-8386.64
-8388.76
-8388.46
-8385.65
-8385.94
-8388.7
-8388.68
-8389.55
-8389.24
-8388.93
-8388.47
-8388.43
-8388.33
-8388.57
-8388.81
-8389.32
-8386.91
-8389.7
-8389.51
-8386.85
-8387.7
-8388.17
-8388.26
-8388.61
-8388.89
-8386.52
-8383.29
-8389.69
-8389.45
-8386.05
-8387.75
-8387.87
-8386.56
-8386.02
-8388.94
-8384.35
-8383.33
-8389.78
-8384.2
-8385.84
-8383.61
-8383.69
-8385.71
-8382.95
-8382.77
-8389.33
-8387.46
-8384.04
-8384.13
-8386.9
-8383.41
-8383.4
-8385.79
-8382.76
-8382.59
-8386.48
-8441.33
-8448.37
-8441.55
-8442.07
-8444.03
-8447.69
-8447.58
-8447.67
-8447.86
-8446.86
-8441.48
-8444.93
-8442.19
-8442.49
-8443.29
-8443.59
-8443.25
-8445.51
-8444.32
-8442.92
-8441.55
-8443.33
-8443.96
-8442.79
-8447.25
-8446.56
-8445.75
-8447.2
-8442.92
-8442.78
-8442.95
-8444.12
-8447.36
-8446.19
-8444.94
-8447.13
-8444.41
-8445.82
-8442.94
-8444.75
-8446.66
-8443.17
-8443.49
-8442.95
-8445.09
-8443.8
-8444.19
-8443.82
-8443.41
-8446.36
-8441.79
-8447.92
-8447.12
-8446.89
-8443.31
-8443.85
-8446.71
-8446.96
-8447.06
-8441.86
-8441.26
-8447.87
-8444.18
-8442.95
-8443.05
-8443.76
-8445.2
-8445.91
-8447.13
-8441.37
-8441.03
-8447.92
-8443.8
-8443.13
-8443.37
-8443.72
-8442.84
-8441.18
-8447.2
-8445.64
-8440.85
-8448.01
-8445.83
-8447.32
-8444.99
-8445.28
-8447.01
-8440.66
-8440.44
-8448.16
-8445.36
-8441.98
-8441.68
-8447.17
-8444.61
-8445.54
-8447.02
-8440.4
-8440.39
-8448.81
-8502.96
-8504.19
-8502.38
-8506.05
-8506.06
-8506.24
-8506.13
-8506
-8501.13
-8506.24
-8503.06
-8500.23
-8500.34
-8500.5
-8500.66
-8500.82
-8501.05
-8500.64
-8500.75
-8501.01
-8502.47
-8505.58
-8500.42
-8500.53
-8501.26
-8500.78
-8500.72
-8503.57
-8504.1
-8501.55
-8505.54
-8505.24
-8505.4
-8500.64
-8500.6
-8501.39
-8503.82
-8504.11
-8504.38
-8504.79
-8503.19
-8503.91
-8504.13
-8500.49
-8502.97
-8500.94
-8501.11
-8503.82
-8502.57
-8504.29
-8498.97
-8500.49
-8500.71
-8501.6
-8500.87
-8501
-8501.36
-8502.88
-8502.75
-8498.62
-8498.21
-8503.1
-8500.31
-8500.47
-8500.63
-8500.74
-8500.96
-8500.8
-8504.11
-8498.89
-8503.5
-8505.09
-8500.49
-8500.6
-8500.62
-8500.84
-8504.73
-8504.37
-8505.36
-8506.09
-8498.17
-8505.79
-8505.73
-8505.34
-8505.01
-8504.81
-8504.79
-8502.7
-8502.94
-8506.38
-8499.73
-8504.03
-8503.94
-8504.89
-8504.8
-8504.69
-8504.9
-8502.34
-8498.19
-8506.65
-8565.9
-8557.46
-8565.21
-8564.71
-8564.62
-8564.71
-8564.68
-8562.35
-8558.99
-8564.76
-8565.41
-8558.12
-8558.26
-8558.37
-8558.53
-8558.76
-8559.85
-8558.5
-8558.57
-8563.12
-8564.75
-8564.09
-8558.14
-8558.3
-8558.43
-8558.49
-8558.46
-8558.47
-8562.61
-8562.99
-8562.5
-8563.38
-8559.64
-8558.2
-8558.26
-8558.3
-8561.96
-8562.01
-8562.06
-8560.06
-8558.75
-8562.83
-8561.24
-8558.04
-8560.11
-8558.33
-8558.6
-8561.62
-8561.76
-8559.19
-8558.68
-8557.67
-8557.94
-8557.87
-8559.02
-8558.33
-8558.5
-8558.27
-8557.92
-8558.11
-8562.69
-8556.94
-8557.39
-8558.15
-8558.9
-8558.39
-8558.17
-8557.84
-8557.49
-8559.67
-8564.56
-8556.84
-8557.26
-8561.42
-8558.44
-8558.73
-8559.11
-8562.44
-8562.71
-8560.45
-8555.11
-8563.05
-8563.03
-8562.05
-8562.05
-8561.88
-8562.16
-8562.59
-8562.84
-8558
-8554.64
-8562.77
-8562.62
-8561.4
-8561.7
-8561.73
-8562.56
-8562.65
-8562.99
-8559.61
-8625.94
-8617.46
-8624.04
-8624.1
-8624.22
-8624.26
-8623.52
-8617.16
-8618.29
-8624.27
-8624.82
-8617.16
-8617.52
-8620.01
-8620.93
-8619.15
-8622.07
-8617.08
-8617.45
-8623.63
-8623.93
-8620.09
-8616.91
-8617.29
-8617.08
-8617.04
-8616.95
-8616.87
-8620.5
-8621.65
-8617.6
-8619
-8616.34
-8616.38
-8616.46
-8616.41
-8616.45
-8619.83
-8620.34
-8617.3
-8617.04
-8620.26
-8615.78
-8615.87
-8615.83
-8618.52
-8616.27
-8617.13
-8619.5
-8616.82
-8621.64
-8615.08
-8615.28
-8616.31
-8618.62
-8616.61
-8618.21
-8615.32
-8615.16
-8620.31
-8620.95
-8613.74
-8616.28
-8617.88
-8617.9
-8617.81
-8617.12
-8616.39
-8614.5
-8618.86
-8618.64
-8613.05
-8616.45
-8614.37
-8617.09
-8617.03
-8614.04
-8616.55
-8615.23
-8612.14
-8611.03
-8619.41
-8617.99
-8612.48
-8616.43
-8616.11
-8614.01
-8619.26
-8619.46
-8610.87
-8610.21
-8618.5
-8618.29
-8611.65
-8614.36
-8612.4
-8613.51
-8618.91
-8619.46
-8610.94
-8686.79
-8683.1
-8680.57
-8679.39
-8685.52
-8685.52
-8678.13
-8677.92
-8685.53
-8685.5
-8685.11
-8677.73
-8682.44
-8682.69
-8683.69
-8684.16
-8682.86
-8680.21
-8677.95
-8684.26
-8683.47
-8677.1
-8678.21
-8681.25
-8676.77
-8676.77
-8676.77
-8676.67
-8676.83
-8676.9
-8676.23
-8675.85
-8675.55
-8678.38
-8675.42
-8675.39
-8675.39
-8675.49
-8676.83
-8676.29
-8679.82
-8678.5
-8674.34
-8676.15
-8677.32
-8678.07
-8677.54
-8674.67
-8677.76
-8678.35
-8679.87
-8679.29
-8675.47
-8676.27
-8676.32
-8676.53
-8676.22
-8676.14
-8676.3
-8678.72
-8674.01
-8670.43
-8674.83
-8674.85
-8674.8
-8674.83
-8674.9
-8674.8
-8671.66
-8675.71
-8669.08
-8668.93
-8673.1
-8669.51
-8673.26
-8673.17
-8669.49
-8668.52
-8667.99
-8667.36
-8670.81
-8670.11
-8667.68
-8667.29
-8667.65
-8667.91
-8667.62
-8669.93
-8671.53
-8665.47
-8664.5
-8672.87
-8670.08
-8665.78
-8665.98
-8666.45
-8666.01
-8673.39
-8674.22
-8664.74
-8747.65
-8756.61
-8747.46
-8748.33
-8750.19
-8755.89
-8748
-8747.52
-8755.81
-8755.64
-8747.39
-8752.01
-8751.29
-8750.75
-8749.09
-8747.52
-8745.41
-8750.78
-8750.43
-8749.17
-8749.04
-8742.83
-8747
-8747.15
-8746.07
-8742.69
-8742.38
-8742.44
-8742.52
-8744.4
-8742.3
-8738.94
-8738.98
-8743.23
-8742.82
-8740.43
-8738.83
-8738.79
-8739.06
-8742.23
-8736.81
-8735.05
-8738.44
-8738.96
-8738.84
-8738.81
-8738.81
-8735.34
-8735.66
-8738.06
-8734.09
-8733.08
-8734.43
-8734.37
-8734.66
-8734.76
-8734.55
-8734.54
-8734.51
-8732.94
-8727.14
-8728.91
-8730.41
-8730.36
-8730.25
-8730.57
-8730.45
-8730.46
-8730.43
-8726.1
-8723.13
-8721.86
-8726.18
-8726.35
-8724.08
-8724.27
-8726.13
-8723.26
-8721.3
-8721.53
-8725.02
-8717.6
-8717.47
-8717.37
-8717.41
-8717.65
-8717.6
-8717.7
-8717.6
-8720.65
-8712.39
-8714.62
-8713.32
-8713.28
-8713.79
-8713.56
-8713.47
-8713.76
-8717.42
-8715.11
-8823.14
-8830.66
-8824.51
-8825.43
-8825.4
-8825.32
-8824.93
-8830.95
-8831.39
-8831.82
-8816.88
-8824.55
-8824.17
-8821.51
-8819.88
-8819.82
-8819.27
-8824.16
-8823.7
-8820.42
-8812.38
-8815.14
-8817.12
-8817.16
-8817.21
-8817.2
-8818.05
-8814.62
-8814.07
-8815.72
-8808.25
-8805.34
-8806.38
-8809.91
-8809.87
-8809.67
-8810.08
-8805.58
-8805.85
-8808.71
-8796.55
-8797.39
-8801.19
-8801.15
-8802.18
-8802.01
-8799.91
-8798.55
-8798.51
-8798.39
-8789.52
-8790.22
-8793.81
-8791.59
-8791.86
-8792.65
-8791.28
-8793.16
-8794.1
-8790.78
-8782.84
-8786.64
-8785.34
-8785.84
-8783.99
-8784.18
-8785.52
-8786.08
-8786.43
-8783.37
-8781.8
-8777.3
-8775.91
-8779.32
-8776.42
-8776.43
-8779.09
-8779.1
-8774.2
-8780.89
-8774.79
-8766.38
-8766.28
-8769.63
-8769.53
-8769.91
-8769.52
-8767.53
-8767.31
-8774.52
-8760.93
-8758.4
-8758.52
-8758.79
-8763.65
-8763.2
-8758.9
-8759
-8759.71
-8767.58
-8962.86
-8963.82
-8966.13
-8970.63
-8968.98
-8967.56
-8968.91
-8971.92
-8967.69
-8967
-8941.97
-8948.4
-8946.81
-8946.74
-8950.72
-8949.84
-8951.67
-8950.94
-8946.43
-8945.42
-8920.61
-8928.04
-8928.54
-8928.96
-8929.01
-8929.2
-8929.66
-8928.89
-8927.97
-8926.3
-8903.6
-8904.8
-8905.81
-8905.88
-8906.16
-8906.35
-8906.64
-8905.84
-8904.2
-8904.25
-8874.98
-8880.68
-8880.13
-8879.57
-8880.82
-8879.67
-8879.19
-8881.29
-8878.46
-8877.97
-8852.62
-8854.21
-8855.7
-8855.81
-8855.71
-8855.6
-8855.53
-8855.54
-8855.94
-8854.57
-8835.34
-8834.29
-8832.1
-8832.29
-8832.05
-8831.87
-8831.89
-8831.97
-8834.04
-8831.32
-8814.65
-8813.8
-8808.12
-8811.43
-8809.3
-8809.1
-8811.31
-8811.41
-8811.07
-8814.27
-8790.94
-8788.87
-8787.5
-8787.95
-8787.76
-8787.96
-8788.16
-8788.54
-8788.82
-8790.29
-8766.28
-8758.77
-8758.88
-8763.74
-8763.73
-8763.63
-8762
-8758.7
-8766.1
-8767.3
-9068.91
-9069.45
-9078.2
-9081.47
-9080.83
-9078.72
-9079.03
-9077.97
-9073.32
-9072.57
-9039.47
-9040.89
-9042.23
-9043.07
-9043.74
-9048.26
-9048.67
-9045.28
-9043.62
-9043.13
-9010.31
-9017.06
-9013.34
-9013.51
-9014.9
-9016.43
-9017.91
-9017.64
-9016.52
-9013.51
-8986.44
-8986.35
-8986.16
-8983.52
-8986.24
-8983.3
-8984.46
-8986.48
-8986.13
-8983.59
-8954.8
-8955.46
-8954.68
-8952.21
-8952
-8951.87
-8951.88
-8954.7
-8954.5
-8952.05
-8919.04
-8924.3
-8921.56
-8921.1
-8920.85
-8920.79
-8920.9
-8921.11
-8921.5
-8921.72
-8897.75
-8891.44
-8890.92
-8890.48
-8891.21
-8890
-8890.12
-8890.53
-8891.16
-8893.41
-8868.03
-8863.9
-8860.71
-8863.16
-8863.43
-8862.65
-8861.33
-8861.17
-8864.5
-8866.91
-8838.97
-8836.9
-8835.53
-8834.27
-8833.82
-8833.89
-8834.41
-8835.24
-8836.72
-8838.41
-8810.51
-8799.51
-8804.37
-8805.19
-8801.69
-8804.01
-8805.39
-8806.3
-8808.92
-8810.11
-6335.32
-6336.09
-6336.58
-6336.75
-6336.99
-6337.1
-6336.83
-6336.64
-6336.09
-6335.42
-6344.22
-6345.83
-6346.68
-6347.39
-6347.85
-6347.7
-6347.33
-6346.85
-6345.81
-6344.21
-6350.4
-6352.03
-6352.96
-6353.91
-6354.35
-6354.22
-6353.89
-6353.09
-6351.81
-6350.2
-6354.85
-6356.52
-6357.58
-6358.59
-6359
-6358.89
-6358.59
-6357.73
-6356.2
-6354.69
-6359.02
-6360.58
-6361.9
-6362.75
-6363.21
-6363.18
-6362.83
-6361.88
-6360.34
-6359.15
-6362.75
-6364.26
-6365.61
-6366.61
-6367.1
-6367.08
-6366.59
-6365.63
-6364.22
-6362.77
-6366.06
-6367.66
-6369.09
-6370.09
-6370.54
-6370.53
-6370.02
-6369.04
-6367.78
-6366.07
-6368.93
-6370.69
-6372.14
-6373.11
-6373.61
-6373.61
-6373.09
-6372.07
-6370.63
-6368.97
-6371.57
-6373.36
-6374.79
-6375.74
-6376.23
-6376.23
-6375.73
-6374.78
-6373.38
-6371.65
-6373.84
-6375.69
-6377.09
-6377.99
-6378.46
-6378.42
-6377.99
-6377.08
-6375.72
-6373.81
-6430.44
-6430.51
-6429.8
-6430.15
-6429.93
-6430.23
-6430.22
-6430.28
-6430.1
-6430.62
-6430.64
-6430.85
-6431.32
-6431.01
-6431.08
-6431.01
-6431.15
-6431.32
-6430.58
-6430.44
-6429.92
-6429.94
-6430.37
-6430.13
-6430.27
-6429.99
-6429.93
-6429.78
-6429.7
-6429.69
-6429.85
-6429.84
-6429.73
-6430.04
-6430.04
-6429.77
-6429.85
-6429.79
-6429.57
-6429.66
-6430.27
-6429.9
-6430.2
-6430.23
-6430.07
-6430.26
-6430.24
-6430.13
-6429.94
-6430.47
-6430.42
-6430.16
-6430.26
-6430.33
-6430.37
-6430.47
-6430.52
-6430.59
-6430.58
-6430.52
-6430.36
-6430.61
-6430.57
-6430.65
-6430.69
-6430.71
-6430.75
-6430.68
-6430.78
-6430.12
-6430.63
-6430.93
-6430.99
-6431.09
-6431.07
-6431.08
-6430.95
-6430.77
-6430.6
-6430.4
-6431.01
-6431.12
-6431.33
-6431.45
-6431.51
-6431.5
-6431.4
-6431.2
-6430.96
-6431.13
-6431.18
-6431.41
-6431.66
-6431.79
-6431.86
-6431.85
-6431.71
-6431.57
-6431.48
-6431.34
-6509.88
-6510
-6509.17
-6509.82
-6509.92
-6510
-6509.91
-6509.76
-6508.82
-6510.09
-6508.91
-6509.14
-6509.94
-6509.64
-6509.68
-6509.68
-6510.12
-6509.67
-6508.81
-6508.58
-6508.8
-6508.98
-6509.81
-6509.46
-6509.6
-6509.43
-6509.33
-6509.14
-6509.39
-6508.49
-6509.9
-6509.48
-6509.68
-6510.22
-6510.26
-6509.91
-6509.82
-6509.67
-6510.34
-6510.13
-6510.35
-6509.91
-6510.48
-6510.59
-6510.54
-6510.72
-6510.2
-6510.05
-6510.74
-6510.64
-6510.32
-6510.35
-6510.72
-6510.5
-6510.59
-6510.87
-6510.87
-6510.85
-6510.83
-6509.95
-6510.22
-6510.75
-6510.57
-6510.62
-6510.85
-6510.9
-6510.91
-6510.94
-6510.76
-6510.02
-6510.72
-6510.86
-6510.68
-6510.75
-6510.71
-6510.73
-6510.73
-6510.94
-6510.51
-6510.22
-6510.86
-6510.93
-6510.89
-6510.92
-6511.03
-6510.9
-6510.82
-6510.8
-6510.72
-6511
-6510.8
-6510.88
-6510.93
-6511.1
-6511.13
-6511.15
-6510.93
-6510.9
-6510.84
-6511.09
-6583.56
-6583.36
-6582.26
-6582.96
-6582.99
-6583
-6582.42
-6582.63
-6582.23
-6583.8
-6581.91
-6581.96
-6582.85
-6582.64
-6582.34
-6582.8
-6582.92
-6581.97
-6582.12
-6581.63
-6582.11
-6582.26
-6583.22
-6582.71
-6582.7
-6582.73
-6583.05
-6582.43
-6583.42
-6581.71
-6583.56
-6582.96
-6583.21
-6583.51
-6583.76
-6583.45
-6583.34
-6583.18
-6584.1
-6583.87
-6584.13
-6584.02
-6584.01
-6584.49
-6584.6
-6584.63
-6583.9
-6583.76
-6584.66
-6584.48
-6583.88
-6584.69
-6584.8
-6584.78
-6584.98
-6585.01
-6584.91
-6584.27
-6584.6
-6583.64
-6584.19
-6584.97
-6584.92
-6584.86
-6585.33
-6585.36
-6585.27
-6585.12
-6584.16
-6583.95
-6584.98
-6585.09
-6585.09
-6585.18
-6585.24
-6585.25
-6585.2
-6585.48
-6585.33
-6584.31
-6585.29
-6585.5
-6585.38
-6585.49
-6585.59
-6585.55
-6585.5
-6585.44
-6585.67
-6585.46
-6585.34
-6585.69
-6585.66
-6585.79
-6586.11
-6586.12
-6585.79
-6585.68
-6585.5
-6585.71
-6664.45
-6662.85
-6662.68
-6662.69
-6663.32
-6663.04
-6662.27
-6662.5
-6663.5
-6664.71
-6662.08
-6662.01
-6662.89
-6662.78
-6662.04
-6663
-6662.84
-6661.8
-6663.58
-6663.55
-6662.16
-6662.24
-6663.12
-6662.76
-6662.27
-6663.01
-6663.36
-6662.12
-6663.61
-6661.69
-6663.49
-6663.52
-6662.77
-6662.76
-6662.74
-6663.69
-6663.31
-6663.71
-6663.94
-6663.88
-6663.8
-6663.85
-6663.1
-6663.15
-6663.84
-6663.93
-6663.07
-6663.47
-6664.26
-6664.2
-6663.2
-6664.04
-6664.04
-6664
-6664.04
-6664.09
-6663.7
-6663.03
-6663.02
-6662.92
-6663.34
-6663.86
-6664.19
-6664.12
-6664.19
-6664.24
-6664.17
-6663.99
-6663.1
-6663.05
-6664.08
-6663.63
-6663.89
-6663.87
-6663.85
-6663.89
-6664.09
-6664.35
-6664.33
-6663.95
-6664.23
-6664.3
-6664.01
-6664.03
-6664.02
-6664.05
-6664.05
-6664.55
-6664.52
-6664.44
-6664.23
-6664.44
-6664.14
-6664.17
-6664.26
-6664.41
-6664.44
-6664.44
-6664.07
-6664.54
-6751.88
-6750.05
-6750.07
-6749.88
-6750.59
-6749.29
-6749.41
-6749.62
-6751.94
-6752.16
-6749.09
-6748.93
-6749.45
-6749.68
-6748.93
-6749.99
-6748.48
-6748.59
-6750.75
-6750.87
-6749.06
-6750.15
-6749.97
-6749.86
-6748.94
-6750.19
-6750.33
-6750.66
-6750.67
-6748.47
-6750.11
-6750.34
-6749.35
-6749.22
-6749.17
-6750.47
-6750.56
-6750.71
-6750.74
-6750.68
-6750.42
-6750.4
-6749.43
-6749.34
-6750.15
-6749.7
-6749.24
-6750.77
-6750.86
-6750.87
-6749.56
-6750.43
-6749.78
-6750.19
-6750.18
-6749.2
-6749.13
-6749.11
-6749.08
-6750.19
-6749.5
-6749.52
-6750.27
-6750.28
-6749.82
-6750.05
-6750.1
-6749.1
-6749.12
-6749.17
-6750.21
-6749.57
-6750.32
-6749.92
-6749.63
-6750
-6750.34
-6750.38
-6750.42
-6750.44
-6750.25
-6749.91
-6749.78
-6749.78
-6749.67
-6749.7
-6749.97
-6750.44
-6750.47
-6750.5
-6750.25
-6750.24
-6749.78
-6749.75
-6749.71
-6749.69
-6750.37
-6750.42
-6750.13
-6750.2
-6840.59
-6838.45
-6839.39
-6838.29
-6838.26
-6837.55
-6837.75
-6837.96
-6840.66
-6840.94
-6838.13
-6837.3
-6837.29
-6837.39
-6838.27
-6838.39
-6836.59
-6836.8
-6839.36
-6839.54
-6837.29
-6838.61
-6838.24
-6838.11
-6837.38
-6838.56
-6838.65
-6839.04
-6836.47
-6836.62
-6837.16
-6838.55
-6838.38
-6837.72
-6837.1
-6838.68
-6838.76
-6838.91
-6838.59
-6837.11
-6838.5
-6838.48
-6837.24
-6837.19
-6837.92
-6836.87
-6838.45
-6838.83
-6838.15
-6839.03
-6838.43
-6838.36
-6837.14
-6837.47
-6837.99
-6836.77
-6836.88
-6837.92
-6836.69
-6838.9
-6837.26
-6837.15
-6838.06
-6838.05
-6836.89
-6836.84
-6836.76
-6836.71
-6836.71
-6836.85
-6837.52
-6837.14
-6838.04
-6838.09
-6838.12
-6838.07
-6838.04
-6836.94
-6838.16
-6838.24
-6837.93
-6837.14
-6837.9
-6837.97
-6837.14
-6837.72
-6837.99
-6838.06
-6838.15
-6838.22
-6837.86
-6837.8
-6837.24
-6837.43
-6837.08
-6837.05
-6837.9
-6838.01
-6838.1
-6837.26
-6927.17
-6924.77
-6925.92
-6925.31
-6923.9
-6923.86
-6924.8
-6924.34
-6927.33
-6927.6
-6925.69
-6925.04
-6923.64
-6923.49
-6924.67
-6922.96
-6922.87
-6924.96
-6925.95
-6925.56
-6923.45
-6924.95
-6923.56
-6924.46
-6924.89
-6924.89
-6922.97
-6925.53
-6922.56
-6922.7
-6923.17
-6924.76
-6924.62
-6924.49
-6922.97
-6924.83
-6924.98
-6925.29
-6922.3
-6922.56
-6924.7
-6924.61
-6924.03
-6922.99
-6922.66
-6922.65
-6924.72
-6924.52
-6922.29
-6925.26
-6924.71
-6923.05
-6922.95
-6922.77
-6923.09
-6922.53
-6922.64
-6924.52
-6922.47
-6925.05
-6923.08
-6922.95
-6923.1
-6923.84
-6922.54
-6922.47
-6922.59
-6922.56
-6923.16
-6922.62
-6923.02
-6922.89
-6923.91
-6923.92
-6923.96
-6923.92
-6923.91
-6922.59
-6923.16
-6924.18
-6923.41
-6922.87
-6923.76
-6923.74
-6922.98
-6923.77
-6923.76
-6923.71
-6923.74
-6924.08
-6923.64
-6923.5
-6923.43
-6923.59
-6922.63
-6922.61
-6923.48
-6923.71
-6923.84
-6922.91
-7010.48
-7007.96
-7009.37
-7009.25
-7007.13
-7007.15
-7010.49
-7010.28
-7010.84
-7011.03
-7009.04
-7008.75
-7006.86
-7006.72
-7008.25
-7005.82
-7006.07
-7009.13
-7009.21
-7006.11
-7006.6
-7007.64
-7006.63
-7006.5
-7008.29
-7006.94
-7005.99
-7008.9
-7005.47
-7005.65
-7006.12
-7007.3
-7007.75
-7007.69
-7007.45
-7008
-7007.8
-7006.55
-7005.24
-7005.44
-7006.33
-7006.24
-7007.53
-7007.36
-7005.51
-7005.46
-7007.71
-7005.15
-7005.09
-7008.47
-7007.85
-7005.78
-7006.02
-7005.6
-7005.43
-7005.38
-7005.6
-7007.66
-7006.39
-7008.25
-7007.53
-7005.81
-7005.76
-7005.51
-7005.37
-7005.29
-7005.46
-7007.26
-7008.16
-7005.43
-7005.87
-7007.3
-7006.2
-7006.95
-7006.94
-7006.93
-7006.3
-7005.46
-7005.49
-7007.22
-7005.77
-7005.71
-7006.71
-7006.7
-7006.78
-7006.74
-7006.73
-7005.17
-7005.21
-7007.07
-7006.27
-7005.68
-7006.53
-7006.52
-7006.28
-7005.33
-7005.44
-7006.24
-7006.71
-7006.38
-7090.1
-7087.47
-7088.94
-7089.04
-7087.61
-7086.83
-7090.53
-7090.55
-7090.68
-7090.7
-7088.71
-7088.55
-7087.31
-7087.46
-7086.17
-7085.45
-7087.49
-7089.08
-7085.24
-7085.37
-7086.02
-7087.55
-7086.14
-7085.99
-7088.08
-7088.27
-7087.32
-7088.73
-7084.79
-7084.97
-7085.51
-7085.41
-7086.84
-7087.57
-7087.75
-7085.71
-7084.98
-7084.76
-7084.6
-7084.75
-7085.35
-7085.27
-7087.11
-7087.14
-7084.91
-7084.83
-7087.21
-7084.42
-7084.42
-7088.16
-7087.48
-7085.15
-7086.9
-7085.43
-7084.81
-7084.73
-7086.97
-7087.51
-7087.9
-7087.94
-7087.26
-7087
-7085.35
-7085.11
-7085.76
-7086.24
-7085.01
-7087.68
-7087.86
-7084.73
-7085.11
-7086.98
-7085.2
-7085.23
-7086.62
-7086.57
-7084.84
-7084.79
-7084.83
-7086.81
-7085.16
-7086.67
-7085.51
-7085.85
-7086.39
-7086.33
-7086.27
-7084.45
-7084.48
-7086.62
-7085.08
-7085.01
-7086.05
-7086.09
-7086.17
-7085.89
-7084.7
-7084.42
-7086.24
-7086.44
-7165.64
-7162.84
-7162.81
-7164.31
-7164.96
-7162.45
-7166.41
-7166.39
-7166.41
-7166.2
-7164.35
-7164.26
-7164.17
-7163.9
-7161.1
-7161.08
-7165.01
-7164.96
-7160.51
-7160.68
-7161.29
-7163.87
-7161.52
-7161.55
-7163.6
-7164.33
-7161.72
-7164.61
-7160.16
-7160.3
-7160.94
-7160.88
-7160.92
-7161.73
-7163.37
-7160.48
-7160.36
-7162
-7159.97
-7160.14
-7160.77
-7160.71
-7162.82
-7162.85
-7160.94
-7160.32
-7162.95
-7160.06
-7160.07
-7164.04
-7163.23
-7160.62
-7162.68
-7162.64
-7160.49
-7162.21
-7162.95
-7160.15
-7163.79
-7161.96
-7163
-7162.87
-7160.96
-7160.88
-7162.58
-7162.71
-7161.17
-7163.52
-7163.66
-7160.14
-7162.23
-7162.78
-7160.81
-7160.72
-7162.41
-7160.72
-7160.44
-7162.94
-7160.32
-7162.47
-7160.82
-7162.54
-7160.69
-7160.57
-7162.19
-7160.82
-7160.5
-7159.93
-7159.93
-7162.32
-7160.69
-7160.63
-7161.69
-7160.99
-7161.66
-7161.65
-7161.64
-7159.87
-7161.96
-7162.14
-7237.2
-7234.21
-7234.23
-7234.34
-7236.82
-7234.07
-7238.3
-7238.22
-7238.11
-7237.9
-7235.99
-7235.94
-7235.85
-7235.63
-7232.75
-7232.74
-7236.96
-7235.53
-7231.89
-7232.03
-7232.61
-7235.63
-7235.16
-7233
-7232.67
-7236.02
-7232.08
-7232.78
-7231.62
-7231.68
-7232.47
-7232.46
-7232.45
-7232.56
-7235.07
-7231.96
-7231.89
-7233.59
-7231.42
-7233.31
-7232.31
-7232.31
-7234
-7234.71
-7234.94
-7231.9
-7232.11
-7231.71
-7235.65
-7235.97
-7234.02
-7232.24
-7234.56
-7234.6
-7232.29
-7234.77
-7235.01
-7231.64
-7235.78
-7231.98
-7234.89
-7234.86
-7233.23
-7232.72
-7234.59
-7234.88
-7235.36
-7235.5
-7235.61
-7231.71
-7234.72
-7234.7
-7232.57
-7232.47
-7234.33
-7232.19
-7232.01
-7235.2
-7231.94
-7234.17
-7232.57
-7234.52
-7232.41
-7232.3
-7234.13
-7231.84
-7231.6
-7231.57
-7231.58
-7234.18
-7232.47
-7232.4
-7232.37
-7232.23
-7232.24
-7233.56
-7232.85
-7231.55
-7233.88
-7234.03
-7305.34
-7302.11
-7302.25
-7302.32
-7305.11
-7302.15
-7306.66
-7306.58
-7306.39
-7306.19
-7300.99
-7304.2
-7301.19
-7302.45
-7300.92
-7300.91
-7305.4
-7300
-7299.91
-7299.99
-7300.63
-7303.93
-7303.93
-7303.56
-7300.73
-7303.95
-7299.9
-7299.52
-7299.56
-7299.66
-7300.57
-7300.58
-7300.6
-7300.68
-7303.55
-7300.5
-7300
-7301.84
-7299.5
-7304.59
-7302.61
-7300.47
-7300.54
-7301.94
-7303.61
-7301.85
-7299.88
-7299.81
-7304.25
-7304.47
-7301.07
-7302.82
-7303.19
-7303.09
-7302.73
-7303.39
-7303.32
-7299.72
-7304.3
-7300.06
-7301.54
-7303.39
-7303.33
-7303.09
-7303.17
-7303.21
-7303.48
-7301.76
-7304.16
-7299.88
-7303.27
-7303.22
-7301.84
-7300.83
-7301.99
-7300.58
-7301.73
-7303.43
-7300.14
-7299.94
-7301.8
-7302.77
-7301.41
-7300.7
-7301.09
-7300.38
-7300.22
-7301.88
-7299.82
-7302.67
-7300.87
-7300.81
-7300.7
-7300.59
-7300.57
-7302.11
-7300.1
-7300.05
-7302.44
-7302.55
-7367.82
-7367.26
-7367.43
-7367.61
-7370.54
-7367.38
-7372.17
-7372.06
-7371.84
-7371.62
-7366.19
-7369.74
-7366.52
-7366.58
-7366.44
-7366.25
-7371.04
-7365.2
-7369.46
-7370.28
-7365.92
-7369.49
-7369.69
-7369.76
-7366.28
-7370.18
-7368.09
-7364.85
-7364.85
-7364.9
-7365.95
-7366.04
-7366.17
-7366.29
-7366.46
-7370
-7365.42
-7367.34
-7364.82
-7370.18
-7369.41
-7365.97
-7365.99
-7366.09
-7369.43
-7369.64
-7365.2
-7365.14
-7370.12
-7370.17
-7366.24
-7369.16
-7367.04
-7368.94
-7369.17
-7369.24
-7369.05
-7365.08
-7370.07
-7367.31
-7365.98
-7369.15
-7369.11
-7369
-7367.09
-7368.97
-7368.94
-7365.31
-7369.94
-7365.3
-7368.85
-7368.03
-7368.89
-7367.37
-7366.24
-7366.23
-7368.89
-7368.98
-7365.43
-7365.32
-7368.44
-7365.93
-7368.54
-7366.25
-7366.11
-7366.06
-7366.25
-7368.53
-7365.31
-7368.38
-7367.15
-7367.24
-7366.33
-7366.25
-7366.14
-7367.93
-7365.92
-7367.06
-7368.23
-7368.28
-7430.28
-7430.4
-7433.49
-7430.84
-7433.12
-7430.53
-7435.61
-7435.51
-7435.23
-7435.03
-7429.6
-7433.42
-7430.03
-7430.08
-7433.69
-7429.52
-7434.62
-7429.13
-7434.31
-7434.24
-7429.15
-7433.12
-7433.31
-7433.38
-7429.73
-7433.93
-7429.22
-7428.06
-7427.97
-7428.06
-7432.35
-7429.44
-7432.01
-7429.7
-7429.56
-7433.78
-7428.57
-7429.25
-7432.79
-7430.63
-7433.05
-7429.37
-7429.4
-7429.47
-7433.15
-7433.39
-7428.43
-7428.4
-7433.8
-7433.82
-7432.13
-7432.92
-7429.47
-7429.63
-7432.9
-7431.93
-7430.54
-7431.72
-7433.76
-7433.64
-7429.33
-7432.8
-7432.78
-7432.7
-7429.74
-7431.62
-7432.54
-7429.76
-7433.6
-7428.62
-7429.65
-7429.2
-7432.63
-7432.43
-7429.66
-7430.92
-7432.46
-7429.56
-7428.66
-7428.63
-7431.76
-7429.23
-7432.34
-7430.97
-7429.61
-7429.64
-7429.76
-7431.86
-7428.7
-7431.95
-7431.9
-7431.71
-7429.99
-7429.86
-7429.9
-7431.58
-7429.61
-7431.87
-7431.9
-7431.95
-7491.97
-7493.35
-7497.31
-7496.78
-7492.2
-7492.19
-7497.59
-7497.46
-7497.22
-7497.04
-7493.97
-7495.37
-7494.92
-7492.73
-7496.14
-7493.88
-7496.72
-7496.56
-7496.48
-7496.44
-7493.79
-7495.28
-7495.38
-7495.48
-7495.06
-7496.17
-7490.09
-7489.79
-7489.67
-7489.79
-7495.19
-7491.36
-7495.25
-7493.54
-7491.32
-7496.04
-7494.8
-7489.85
-7495.97
-7489.95
-7495.2
-7491.43
-7491.41
-7491.55
-7493.25
-7495.59
-7490.35
-7490.06
-7496.03
-7496.02
-7495.23
-7495.18
-7491.42
-7491.47
-7494.8
-7490.82
-7490.42
-7495.93
-7496.01
-7495.89
-7490.95
-7494.53
-7493.89
-7492.39
-7491.61
-7491.35
-7493.74
-7495.61
-7491.1
-7490.43
-7490.55
-7490.79
-7494.62
-7494.49
-7491.61
-7494.41
-7494.52
-7490.59
-7490.53
-7490.49
-7493.95
-7491.12
-7491.73
-7494.3
-7491.62
-7492.78
-7491.53
-7493.69
-7491.34
-7494.26
-7494.03
-7493.99
-7493.98
-7493.59
-7493.59
-7491.97
-7491.88
-7494.02
-7493.73
-7494.17
-7553.59
-7558.23
-7558.4
-7558.46
-7552.92
-7552.92
-7558.67
-7558.51
-7558.32
-7558.12
-7556.61
-7556.23
-7557.65
-7557.47
-7557.39
-7557.51
-7554.28
-7557.83
-7557.7
-7557.56
-7556.43
-7554.02
-7554.12
-7556.95
-7557.33
-7557.39
-7550.63
-7550.61
-7550.43
-7550.52
-7556.18
-7552.3
-7556.18
-7556.28
-7552.16
-7553.01
-7555.59
-7550.61
-7552.73
-7550.62
-7555.03
-7556.35
-7554.49
-7552.48
-7552.22
-7552.07
-7551.39
-7554.15
-7557.29
-7557.29
-7556.36
-7556.4
-7552.41
-7552.34
-7555.82
-7551.92
-7551.62
-7557.23
-7557.25
-7557.19
-7555.98
-7552.09
-7552.24
-7552.27
-7552.44
-7552.13
-7551.91
-7557.02
-7551.46
-7551.26
-7551.76
-7551.96
-7553.75
-7555.18
-7552.58
-7555.44
-7553.38
-7552.12
-7552.4
-7551.53
-7552.05
-7552.01
-7552.11
-7555.27
-7552.62
-7555.23
-7552.44
-7552.38
-7555.57
-7555.7
-7554.45
-7555.25
-7555.25
-7555.18
-7554.96
-7552.99
-7555.32
-7555.24
-7553.14
-7554.17
-7618.71
-7618.97
-7618.93
-7619.03
-7613.14
-7613.14
-7619.22
-7616.02
-7618.81
-7618.47
-7616.32
-7612.27
-7618.1
-7617.66
-7618.01
-7618.15
-7611.02
-7618.03
-7617.31
-7612.36
-7617.21
-7611.89
-7611.9
-7612.29
-7617.85
-7618
-7610.72
-7610.79
-7610.64
-7610.7
-7616.98
-7615.91
-7616.66
-7616.73
-7612.41
-7612.4
-7615.84
-7610.79
-7610.79
-7610.83
-7611.78
-7617.02
-7616.96
-7616.33
-7612.3
-7612.17
-7616.22
-7617.8
-7617.96
-7617.99
-7616.98
-7617.02
-7613.05
-7612.67
-7615.74
-7613.02
-7612.28
-7617.91
-7617.91
-7617.93
-7616.9
-7612.24
-7612.44
-7612.66
-7614.62
-7612.83
-7612.61
-7617.83
-7611.71
-7611.51
-7612.4
-7612.71
-7612.6
-7612.66
-7612.9
-7615.86
-7615.23
-7612.89
-7616.12
-7616.24
-7612.44
-7612.5
-7612.54
-7615.72
-7613.11
-7615.85
-7612.86
-7612.82
-7616.31
-7616.38
-7612.71
-7613.9
-7615.48
-7615.61
-7615.5
-7613.42
-7615.94
-7615.94
-7613.76
-7613.31
-7679.21
-7679.32
-7679.18
-7679.22
-7673.09
-7673.05
-7679.45
-7671.75
-7679.01
-7677.95
-7672.38
-7672.05
-7672.1
-7672.29
-7678.33
-7678.45
-7670.86
-7677.9
-7670.81
-7670.89
-7677.47
-7671.75
-7671.74
-7671.85
-7672.49
-7678.29
-7670.59
-7670.55
-7670.54
-7670.58
-7674.35
-7677.13
-7677.03
-7677
-7672.41
-7674.66
-7670.86
-7670.65
-7670.61
-7675.89
-7671.48
-7677.29
-7677.26
-7677.28
-7672.27
-7672.11
-7677.98
-7678.15
-7678.32
-7678.33
-7677.16
-7677.29
-7677.28
-7675.57
-7672.49
-7677.47
-7676.53
-7678.24
-7678.23
-7678.21
-7676.9
-7672.09
-7672.21
-7672.5
-7676.38
-7673.03
-7677.87
-7678.17
-7671.47
-7671.37
-7672.47
-7675.12
-7672.46
-7672.66
-7675.44
-7674.34
-7677.09
-7672.8
-7676.51
-7676.59
-7672.56
-7674.17
-7672.67
-7673.66
-7675.13
-7676.14
-7672.84
-7672.82
-7676.61
-7676.67
-7675.64
-7673.23
-7672.71
-7675.75
-7675.69
-7673.5
-7676.15
-7676.24
-7676.48
-7675.18
-7739.41
-7739.43
-7731.31
-7735.91
-7733.73
-7732.85
-7739.54
-7731.36
-7739.06
-7738.83
-7733.59
-7731.82
-7731.47
-7731.82
-7735.1
-7733.6
-7730.59
-7730.72
-7730.59
-7730.64
-7734.85
-7731.57
-7731.54
-7731.54
-7731.68
-7738.41
-7730.32
-7730.29
-7730.32
-7730.36
-7731.04
-7737.24
-7731.67
-7736.72
-7732.01
-7738.32
-7730.4
-7731.09
-7730.48
-7738.66
-7731.08
-7737.37
-7737.36
-7737.43
-7731.9
-7731.81
-7738.33
-7738.52
-7738.52
-7738.5
-7731.65
-7737.36
-7737.38
-7737.32
-7732.38
-7738.02
-7738.4
-7738.45
-7732.68
-7732.99
-7735.94
-7731.66
-7735.92
-7736.78
-7736.58
-7732.98
-7738.17
-7738.28
-7731.14
-7731.11
-7734.63
-7734.49
-7732.45
-7734.69
-7736.48
-7733.03
-7736.3
-7732.68
-7735.99
-7736.72
-7734.31
-7736.96
-7734.16
-7733.27
-7736.35
-7736.22
-7732.65
-7732.67
-7736.73
-7736.76
-7736.34
-7733.25
-7732.97
-7733.93
-7734.71
-7733.38
-7736.13
-7735.84
-7736.67
-7736.69
-7799.46
-7794.6
-7790.72
-7790.81
-7799.17
-7797.89
-7799.5
-7790.91
-7798.49
-7798.76
-7799.17
-7792.05
-7792.57
-7791.18
-7791.63
-7792.15
-7793.21
-7790.3
-7790.26
-7794.08
-7790.83
-7791.08
-7791.27
-7791.23
-7791.28
-7798.44
-7790.02
-7789.93
-7789.99
-7790.06
-7790.53
-7797.47
-7791.01
-7791.28
-7796.75
-7798.41
-7790.12
-7798.44
-7796.93
-7798.51
-7790.65
-7797.47
-7797.36
-7797.46
-7796.98
-7791.44
-7798.46
-7798.63
-7798.61
-7798.68
-7790.59
-7797.33
-7797.34
-7797.4
-7792.47
-7798.27
-7798.48
-7798.55
-7790.95
-7790.75
-7791.04
-7791.24
-7797.21
-7797.29
-7796.74
-7797.29
-7798.31
-7792.05
-7790.82
-7790.82
-7797.51
-7791.42
-7791.87
-7796.87
-7796.58
-7792.62
-7792.07
-7792.28
-7791.03
-7792.92
-7797.39
-7797.22
-7797.05
-7792.96
-7796.44
-7795.94
-7792.42
-7794.62
-7796.72
-7796.72
-7796.46
-7795.63
-7792.91
-7792.93
-7793.13
-7794.36
-7796.36
-7793.7
-7796.63
-7796.7
-7859.47
-7850.28
-7850.18
-7850.21
-7859.32
-7859.39
-7859.39
-7850.7
-7850.57
-7858.74
-7859.26
-7859
-7858.74
-7858.61
-7851.82
-7852.15
-7859.04
-7850.15
-7849.97
-7858.63
-7850.34
-7855.4
-7854.65
-7850.88
-7852.91
-7858.41
-7852.26
-7855.5
-7849.86
-7849.84
-7850.07
-7857.48
-7850.35
-7850.56
-7858.75
-7858.5
-7852.63
-7858.56
-7858.57
-7849.6
-7850.21
-7857.49
-7857.21
-7857.64
-7858.15
-7850.99
-7858.56
-7858.61
-7858.61
-7858.56
-7850.08
-7852.54
-7857.21
-7857.36
-7852.21
-7853.18
-7858.45
-7858.55
-7850.52
-7850.1
-7850.33
-7850.72
-7854.94
-7857.05
-7856.51
-7856.88
-7855.17
-7850.59
-7850.5
-7850.32
-7857.6
-7850.94
-7854.96
-7852.5
-7856.47
-7854.49
-7851.34
-7855.99
-7850.57
-7850.59
-7857.5
-7857.32
-7857.32
-7852.78
-7856.4
-7852.26
-7851.85
-7856.32
-7854.3
-7856.68
-7852.93
-7857.19
-7856.38
-7852.7
-7852.76
-7856.39
-7856.47
-7853.27
-7856.6
-7856.63
-7919.46
-7909.8
-7909.7
-7909.7
-7919.23
-7919.3
-7919.26
-7910.36
-7910.53
-7913.66
-7919.29
-7919.24
-7919.07
-7918.92
-7911.81
-7912.8
-7918.97
-7910.03
-7918.46
-7918.87
-7909.87
-7919.19
-7919.25
-7914.76
-7918.9
-7918.48
-7918.42
-7918.08
-7909.09
-7909.22
-7909.62
-7917.72
-7909.97
-7910.06
-7918.9
-7918.11
-7918.15
-7918.05
-7913.38
-7909.02
-7913.19
-7914.61
-7910.27
-7912.57
-7918.69
-7910.41
-7918.42
-7918.19
-7918.53
-7912.58
-7910.42
-7910.53
-7917.01
-7917.08
-7915.45
-7910.63
-7918.16
-7912.03
-7915.6
-7915.65
-7911.01
-7910.53
-7910.57
-7911.74
-7916.35
-7916.32
-7910.54
-7910.23
-7910.18
-7910.13
-7917.8
-7910.59
-7917.14
-7911.67
-7916.35
-7916.27
-7910.83
-7916.17
-7910.27
-7912.46
-7917.62
-7917.38
-7917.36
-7912.33
-7913.19
-7911.74
-7916.24
-7916.36
-7910.56
-7916.71
-7911.87
-7917.33
-7917.21
-7912.52
-7912.53
-7916.31
-7916.43
-7913.1
-7916.52
-7916.62
-7978.55
-7969.38
-7969.25
-7969.22
-7979.13
-7979.23
-7979.17
-7970.29
-7977.36
-7973.34
-7975.28
-7979.47
-7979.57
-7979.12
-7971.49
-7978.84
-7978.91
-7976.32
-7979.28
-7978.57
-7969.32
-7979.49
-7979.56
-7979.26
-7979.36
-7972.21
-7978.54
-7978.32
-7968.56
-7968.2
-7969.12
-7969.29
-7969.51
-7969.56
-7978.95
-7969.64
-7976.98
-7975.22
-7968.45
-7968.24
-7980.11
-7969.73
-7969.56
-7969.61
-7972.32
-7970.06
-7972.28
-7970.62
-7978.4
-7976.87
-7980.04
-7970.11
-7976.32
-7973.64
-7974.5
-7969.85
-7970.11
-7970.07
-7978.6
-7978.54
-7979.41
-7970.11
-7970.16
-7970.56
-7976.14
-7976.09
-7970.11
-7969.93
-7969.91
-7969.73
-7978.36
-7971.32
-7971.5
-7971.13
-7976.12
-7975.97
-7970.32
-7972.51
-7972.47
-7976.54
-7974.19
-7977.41
-7977.32
-7977.09
-7971.1
-7971.26
-7976.25
-7976.23
-7972.75
-7976.61
-7971.35
-7977.31
-7977.18
-7976.9
-7972.96
-7976.19
-7976.28
-7974.31
-7976.35
-7976.45
-8029.04
-8028.87
-8028.79
-8028.7
-8036.82
-8030.77
-8039.05
-8029.54
-8040.12
-8038.03
-8028.91
-8039.67
-8031.86
-8037.9
-8039.08
-8038.9
-8038.93
-8039.09
-8039.49
-8027.89
-8028.74
-8039.52
-8039.62
-8039.54
-8039.43
-8028.26
-8034.17
-8038.44
-8027.73
-8027.46
-8028.57
-8028.71
-8028.89
-8028.98
-8039.01
-8028.61
-8028.66
-8028.08
-8027.59
-8027.38
-8040.45
-8028.98
-8028.98
-8028.97
-8028.88
-8032.47
-8028.69
-8029.08
-8037.48
-8038.61
-8040.46
-8030.36
-8029.15
-8029.15
-8029.18
-8029.16
-8029.07
-8029.32
-8038.71
-8038.56
-8039.84
-8033.58
-8034.14
-8029.79
-8035.03
-8031.6
-8029.36
-8029.51
-8038.2
-8034.73
-8033.38
-8038.49
-8030.67
-8032.71
-8030.73
-8035.43
-8029.8
-8029.61
-8037.29
-8036.76
-8029.68
-8037.67
-8035.74
-8036.3
-8030.37
-8030.58
-8036.13
-8036.02
-8036.23
-8036.44
-8030.38
-8036.37
-8036.7
-8036.47
-8036.11
-8035.95
-8036.02
-8035.98
-8033.08
-8031.4
-8088.29
-8088.18
-8088.12
-8088.03
-8087.92
-8088.41
-8098.5
-8088.9
-8099.92
-8099.84
-8088.15
-8088.88
-8087.97
-8087.93
-8099.43
-8099.06
-8096.36
-8089.9
-8099.52
-8086.95
-8088.01
-8096
-8099.4
-8099.34
-8099.22
-8087.24
-8087.45
-8097.64
-8086.56
-8086.68
-8087.97
-8088.07
-8088.07
-8094.78
-8088.17
-8087.47
-8087.57
-8095.18
-8086.5
-8090.04
-8100.57
-8088.21
-8088.08
-8088.11
-8087.85
-8098.13
-8087.63
-8094.54
-8097.67
-8098.59
-8100.46
-8099.93
-8088.28
-8088.19
-8088.06
-8088.33
-8087.97
-8088.37
-8098.54
-8098.36
-8099.05
-8099.58
-8099.1
-8095.28
-8088.51
-8088.49
-8093.31
-8088.65
-8098.29
-8098.16
-8088.54
-8098.76
-8089.8
-8097.88
-8089.25
-8090.9
-8096.66
-8088.87
-8096.69
-8097.19
-8088.73
-8092.87
-8089.28
-8095.47
-8089.72
-8089.74
-8095.91
-8095.62
-8091.25
-8089.45
-8092.86
-8089.31
-8096.03
-8095.96
-8095.74
-8095.49
-8095.45
-8095.58
-8090.07
-8089.6
-8147.24
-8147.22
-8147.12
-8147.05
-8146.99
-8147.33
-8147.56
-8151.65
-8159.42
-8159.3
-8154.14
-8147.05
-8146.97
-8146.89
-8151.74
-8150.35
-8146.77
-8146.95
-8146.7
-8154.97
-8147.1
-8146.93
-8158.83
-8158.81
-8158.76
-8146.06
-8146.17
-8151.59
-8145.53
-8145.64
-8159.01
-8147.02
-8158.14
-8158.58
-8146.72
-8152.59
-8146.33
-8157.08
-8145.31
-8157.95
-8160.28
-8147.17
-8147.16
-8146.91
-8146.79
-8157.86
-8146.59
-8157.64
-8157.58
-8158.19
-8160.05
-8159.78
-8147.26
-8147.07
-8146.88
-8147.18
-8148.15
-8154.35
-8158.11
-8158.09
-8147.61
-8159.47
-8159.08
-8158.46
-8147.1
-8148.77
-8156.71
-8148.5
-8157.95
-8152.86
-8147.14
-8158.97
-8148.46
-8157.7
-8148.06
-8149.22
-8156.35
-8150.62
-8147.83
-8147.74
-8147.56
-8147.69
-8147.92
-8148.38
-8149.23
-8153.93
-8151.63
-8151.64
-8147.34
-8147.58
-8155.22
-8147.92
-8155.21
-8154.96
-8154.71
-8150.38
-8148.77
-8154.53
-8152.01
-8148.09
-8212.88
-8205.96
-8212.72
-8205.85
-8205.87
-8214.16
-8205.81
-8218.61
-8218.62
-8218.45
-8218.11
-8205.79
-8205.85
-8205.79
-8205.47
-8205.04
-8205.19
-8205.15
-8204.55
-8218.25
-8205.86
-8205.7
-8217.95
-8217.42
-8205.73
-8204.72
-8204.52
-8204.15
-8204.27
-8203.5
-8219.65
-8205.79
-8217.59
-8217.51
-8205.17
-8216.88
-8204.72
-8216.63
-8204.11
-8212.9
-8219.48
-8212.36
-8206.04
-8216.27
-8205.35
-8217.09
-8208.81
-8217.1
-8217.25
-8217.56
-8219.27
-8219.23
-8207.67
-8209.88
-8209.27
-8215.87
-8216.57
-8217.29
-8217.43
-8217.5
-8205.85
-8218.95
-8218.63
-8218.28
-8215.15
-8215.88
-8216.18
-8216.57
-8213.81
-8205.84
-8205.7
-8210.84
-8216.08
-8217.6
-8213.98
-8208.8
-8215.83
-8215.63
-8205.9
-8205.82
-8206.12
-8206.34
-8206.66
-8206.91
-8215.04
-8215.14
-8206.58
-8206.16
-8205.85
-8206.13
-8214.6
-8206.64
-8208.16
-8207.33
-8211
-8207.17
-8206.79
-8208.2
-8213.57
-8211.17
-8276.88
-8264.42
-8276.84
-8276.47
-8264.48
-8277.21
-8263.92
-8277.54
-8277.53
-8277.34
-8276.95
-8271.12
-8266.82
-8264.78
-8265.77
-8263.51
-8263.59
-8268.93
-8264.95
-8277.18
-8264.43
-8264.7
-8273.81
-8264.18
-8263.29
-8263.2
-8263.28
-8265.29
-8262.77
-8276.17
-8266.5
-8272.55
-8276.48
-8276.34
-8263.57
-8275.96
-8271.07
-8275.33
-8273.98
-8261.01
-8278.24
-8278.28
-8269.92
-8276.23
-8263.85
-8276.02
-8275.94
-8272.1
-8276.37
-8276.34
-8278.21
-8278.18
-8277.86
-8276.52
-8275.31
-8275.96
-8275.95
-8276.38
-8276.52
-8276.57
-8264.12
-8276.1
-8277.34
-8276.29
-8275.25
-8275.5
-8275.23
-8275.94
-8264.71
-8264.11
-8264.15
-8264.25
-8276.32
-8268.85
-8274.67
-8274.63
-8274.9
-8275.16
-8264.15
-8264.06
-8272.35
-8264.58
-8264.95
-8265.61
-8274.29
-8274.25
-8264.81
-8264.43
-8264.26
-8265.27
-8273.56
-8264.92
-8265.75
-8266.2
-8265.74
-8265.38
-8265.16
-8264.78
-8272.59
-8272.79
-8334.68
-8330.57
-8335.77
-8335.82
-8322.75
-8336.1
-8332.98
-8336.23
-8336.24
-8336.12
-8332.29
-8335.09
-8335.4
-8335.43
-8335.25
-8335.11
-8321.87
-8335.98
-8336.01
-8331.47
-8331.37
-8334.39
-8322.71
-8321.84
-8321.62
-8321.57
-8321.6
-8335
-8321.27
-8333.17
-8324.22
-8335.85
-8335.46
-8335.17
-8327.4
-8334.77
-8334.53
-8334.35
-8335.16
-8318.53
-8337.09
-8336.41
-8335.71
-8335.23
-8332.26
-8334.78
-8334.75
-8323.06
-8335.29
-8321.4
-8331.81
-8334.55
-8335.47
-8334.67
-8334.5
-8334.77
-8334.77
-8335.11
-8335.39
-8335.41
-8322.05
-8321.97
-8328.17
-8324.15
-8333.95
-8328.19
-8330.61
-8334.35
-8322.63
-8322.14
-8322.31
-8322.51
-8326.55
-8323.66
-8333.66
-8333.36
-8324.36
-8333.75
-8322.35
-8322.26
-8332.27
-8322.91
-8330.02
-8329.8
-8333.21
-8333
-8322.88
-8322.65
-8322.51
-8331.44
-8332.27
-8329.92
-8324.99
-8324.66
-8324.41
-8324.11
-8324.92
-8322.89
-8331.37
-8331.52
-8382.79
-8394.63
-8394.45
-8394.65
-8391.2
-8394.87
-8394.97
-8394.88
-8394.89
-8393.78
-8380.34
-8395.3
-8394.53
-8394.69
-8394.55
-8394.56
-8391.62
-8394.71
-8394.74
-8378.1
-8396.95
-8396.59
-8382.07
-8381.3
-8379.85
-8379.84
-8379.88
-8394.03
-8389.46
-8387.82
-8382.69
-8389.94
-8393.81
-8386.95
-8392.65
-8386.91
-8388.51
-8391.53
-8386.5
-8376.39
-8386.96
-8394.48
-8393.91
-8393.34
-8393.39
-8393.38
-8393.38
-8380.85
-8393.7
-8376.77
-8379.91
-8380.78
-8393.25
-8393.29
-8391.77
-8393.37
-8393.28
-8383.19
-8388.47
-8394.15
-8380.47
-8380.42
-8381.04
-8381.36
-8391.99
-8382.24
-8382.04
-8392.3
-8380.32
-8380.2
-8381.13
-8380.88
-8381.17
-8381.42
-8391.9
-8387.08
-8381.96
-8386.27
-8380.44
-8380.37
-8391.32
-8381.2
-8391.12
-8391.59
-8391.69
-8391.59
-8388.59
-8384.72
-8381.63
-8390.29
-8391.03
-8390.61
-8383.31
-8389.26
-8382.89
-8383.59
-8389.33
-8386.59
-8389.98
-8390.11
-8437.44
-8452.34
-8449
-8451.61
-8453.46
-8453.47
-8453.58
-8453.52
-8453.48
-8441.11
-8437.73
-8438.35
-8453.28
-8453.58
-8453.32
-8453.3
-8453.2
-8452.47
-8448.97
-8440.16
-8455.62
-8455.51
-8440.82
-8454.01
-8438.04
-8438.06
-8438.1
-8452.16
-8452.06
-8434.04
-8440.55
-8444.01
-8441.12
-8439.42
-8451.73
-8437.96
-8438
-8437.98
-8435.74
-8434.4
-8437.94
-8442.83
-8451.77
-8449.86
-8451.96
-8451.9
-8451.89
-8438.95
-8440.25
-8445.2
-8437.19
-8437.6
-8448.78
-8451.04
-8440.31
-8451.87
-8451.71
-8438.89
-8438.76
-8452.75
-8437.95
-8438.12
-8438.44
-8438.76
-8439.29
-8439.95
-8439.75
-8442.22
-8438.61
-8439.36
-8450.62
-8438.48
-8439.02
-8439.3
-8447.61
-8440.06
-8439.42
-8438.68
-8438.51
-8438.42
-8449.64
-8445.55
-8449.68
-8449.55
-8449.98
-8449.81
-8448.87
-8447.99
-8448.04
-8448.35
-8445.73
-8448.62
-8444.77
-8449.19
-8445.28
-8448.59
-8448.06
-8448.26
-8448.28
-8448.31
-8495.2
-8497.81
-8497.69
-8497.85
-8503.99
-8510.22
-8507.8
-8511.17
-8506.84
-8498.64
-8503.09
-8497.22
-8502.49
-8513.08
-8508.29
-8507.24
-8510.05
-8496.67
-8495.78
-8510.33
-8514.21
-8514.17
-8508.49
-8513.55
-8503.64
-8496.34
-8496.36
-8510.63
-8510.5
-8491.88
-8513.61
-8513.64
-8497.76
-8497.57
-8498.8
-8496.1
-8496.63
-8497.27
-8496.37
-8506.52
-8495.34
-8495.72
-8510.27
-8497.47
-8510.26
-8510.49
-8510.38
-8497.14
-8497.01
-8511.38
-8495.07
-8495.14
-8495.91
-8496.96
-8497.53
-8510.19
-8499.19
-8496.98
-8496.86
-8511.29
-8505.27
-8495.6
-8496.15
-8496.49
-8496.88
-8497.51
-8497.4
-8496.86
-8496.84
-8511.08
-8510.11
-8506.61
-8501.06
-8496.82
-8497.76
-8498
-8497.87
-8497.58
-8502.7
-8496.68
-8505.32
-8508.38
-8508.18
-8508
-8501.52
-8499.16
-8506.68
-8506.63
-8506.45
-8499.62
-8498.43
-8504.43
-8507.96
-8507.23
-8506.25
-8506.23
-8506.46
-8506.34
-8504.11
-8503.55
-8561.35
-8555.84
-8556.03
-8556.12
-8556.45
-8556.94
-8556.75
-8555.42
-8554.39
-8564.45
-8572.91
-8555.86
-8556.04
-8558.53
-8556.83
-8556.84
-8555.36
-8554.39
-8554.26
-8569.69
-8573.01
-8573.14
-8573.26
-8573.09
-8572.78
-8558.15
-8568.52
-8567.79
-8555.23
-8550.05
-8572.62
-8572.78
-8556.15
-8555.94
-8555.71
-8555.35
-8555.76
-8555.7
-8563.52
-8569.77
-8553.47
-8553.63
-8559.91
-8555.59
-8556.9
-8560.76
-8557.05
-8555.6
-8556.16
-8570.19
-8553.24
-8553.38
-8553.52
-8554.36
-8555.71
-8556.51
-8555.91
-8555.65
-8556.88
-8570.04
-8570.5
-8553.51
-8554.64
-8561.33
-8555.88
-8556.44
-8555.98
-8555.5
-8555.77
-8569.92
-8569.27
-8568.77
-8568.28
-8565.74
-8556.23
-8556.63
-8561.4
-8565.16
-8565.29
-8554.7
-8556.02
-8567.71
-8566.39
-8559.36
-8556.76
-8556.89
-8565.2
-8565.22
-8565.15
-8554.7
-8556.24
-8556.71
-8565.83
-8559.35
-8564.73
-8564.85
-8565.03
-8565.02
-8557.84
-8555.6
-8629.87
-8616.33
-8616.69
-8616.92
-8617.18
-8617.47
-8617.61
-8617.07
-8615.92
-8631.11
-8625.46
-8616.21
-8616.61
-8616.89
-8617.28
-8617.68
-8617.36
-8618.28
-8619.99
-8630.66
-8622.61
-8633.94
-8634.44
-8634.51
-8634.4
-8633.94
-8633.02
-8611.81
-8610.57
-8610.09
-8631.52
-8633.63
-8627.87
-8616.96
-8626.13
-8617.88
-8625.31
-8623.87
-8626.39
-8611.29
-8619.91
-8614.56
-8615.42
-8616.04
-8616.73
-8617.11
-8616.9
-8628.5
-8624.25
-8630.66
-8611.47
-8613.45
-8614.81
-8615.4
-8615.92
-8616.63
-8616.32
-8616.16
-8630.74
-8630.4
-8631.31
-8626.79
-8628.57
-8628.72
-8621.22
-8627.63
-8624.23
-8621.03
-8630.18
-8630.18
-8626.01
-8628.43
-8628.77
-8628.73
-8616.99
-8622.73
-8626.76
-8626.94
-8626.19
-8614.23
-8615.04
-8627.61
-8616.41
-8616.9
-8617.11
-8617
-8622.15
-8624.81
-8622.3
-8614.04
-8615.27
-8617.11
-8620.45
-8616.84
-8624.66
-8624.77
-8619.05
-8619.85
-8618.99
-8623.29
-8693.34
-8687.5
-8680.99
-8681.34
-8681.53
-8681.79
-8682.45
-8690.86
-8691.04
-8694.53
-8675.3
-8689.03
-8683.48
-8681.09
-8691.65
-8694.49
-8681.89
-8694.36
-8693.48
-8682.84
-8675.75
-8697.44
-8698.52
-8698.94
-8699.24
-8698.92
-8697.93
-8674.91
-8673.79
-8672.82
-8676.48
-8697.25
-8697.83
-8694.55
-8698.23
-8697.36
-8696.82
-8695.08
-8684.12
-8672.54
-8697.77
-8678.28
-8679.12
-8679.91
-8680.43
-8680.81
-8680.77
-8694.8
-8694.54
-8693.7
-8695.29
-8689.06
-8678.4
-8678.97
-8689.94
-8680.34
-8679.96
-8681.73
-8694.05
-8693.24
-8683.03
-8693.66
-8693.18
-8692.5
-8692.36
-8691.79
-8691.67
-8692.35
-8692.8
-8688.77
-8672.44
-8685.47
-8691.59
-8691.89
-8690.04
-8690.46
-8690.14
-8690.38
-8676.94
-8676.06
-8674.46
-8679.66
-8678.43
-8678.65
-8679.04
-8679.38
-8679.15
-8677.66
-8676.11
-8675.6
-8687.83
-8687.39
-8677.59
-8678.1
-8684.65
-8680.8
-8678.7
-8678.28
-8685.06
-8686.32
-8770.52
-8772.66
-8773.86
-8768.02
-8773.58
-8768.64
-8776.81
-8775.56
-8773.95
-8771.55
-8751.18
-8771.18
-8774.22
-8770.53
-8779.83
-8774.37
-8764.23
-8775.14
-8772.66
-8749.45
-8751.32
-8754.99
-8774.88
-8775.13
-8780.4
-8779.28
-8778.49
-8754.15
-8751.83
-8749.01
-8751.32
-8757.77
-8767.99
-8774.62
-8777.96
-8777.42
-8777.29
-8768
-8751.07
-8748.33
-8774.76
-8771.79
-8757.77
-8759.21
-8759.98
-8760.15
-8759.76
-8773.57
-8772
-8769.6
-8772.65
-8773.32
-8755.76
-8760.09
-8771.54
-8758.62
-8758.11
-8772.04
-8770.63
-8768.49
-8742.96
-8770.17
-8770.69
-8770.61
-8769.63
-8769.06
-8768.41
-8768.56
-8768.76
-8750.56
-8743.88
-8747.04
-8767.74
-8767.4
-8767.62
-8767.07
-8766.05
-8758.29
-8750.68
-8749.27
-8761.37
-8747.19
-8752.02
-8759.14
-8757.9
-8753.41
-8752.99
-8751.01
-8749.49
-8751.87
-8759.42
-8759.67
-8749.96
-8750.77
-8751.76
-8750.99
-8750.54
-8749.32
-8758.25
-8758.12
-8840.06
-8860.9
-8865.71
-8868.77
-8870.8
-8871.45
-8870.16
-8867.01
-8862.2
-8839.3
-8836.46
-8844.71
-8864.78
-8867.89
-8858.05
-8855.41
-8869.44
-8866.42
-8855.26
-8848.17
-8835.8
-8843.08
-8849.28
-8852.87
-8861.08
-8853.17
-8866.85
-8844.27
-8839.72
-8834.02
-8836.42
-8843.15
-8848.13
-8853.22
-8853.32
-8859.1
-8857.6
-8842.71
-8838.28
-8833.13
-8859.69
-8864.18
-8860.51
-8856.17
-8856.81
-8852.93
-8850.04
-8862.32
-8858.84
-8854.03
-8851.54
-8860.07
-8861.14
-8861.04
-8860.76
-8852.23
-8857.44
-8859.47
-8856.28
-8852.08
-8824.07
-8839.65
-8842.97
-8845.05
-8856.48
-8856.2
-8852.72
-8841.48
-8837.81
-8833.31
-8834.62
-8830.46
-8835.37
-8843.54
-8846.37
-8845.91
-8844.26
-8835.38
-8832.84
-8830.1
-8844.27
-8828.16
-8844.75
-8844.6
-8844.18
-8842.88
-8842.25
-8834.97
-8833.17
-8838.75
-8833.96
-8838.19
-8834.1
-8839.62
-8832.12
-8835.14
-8832.86
-8834.9
-8837.11
-8836.43
-9025.17
-9052.9
-9078.88
-9089.41
-9095.2
-9095.86
-9090.53
-9080.38
-9054.32
-9027.41
-9031.01
-9046.53
-9076.43
-9087.59
-9077.96
-9076.83
-9088.96
-9078.5
-9042.46
-9045.45
-9049.94
-9043.42
-9058.74
-9068.13
-9072.14
-9070.3
-9063.45
-9053.38
-9038.9
-9038.63
-9042.43
-9039.92
-9052.96
-9061.61
-9065.32
-9064.11
-9057.79
-9047.31
-9040.62
-9023.8
-9028.82
-9052.9
-9061.18
-9067.87
-9071.2
-9070.75
-9068.21
-9060.54
-9048.96
-9029.46
-8998.94
-9028.43
-9049.94
-9055.4
-9058.18
-9059.01
-9056.45
-9049.87
-9038.33
-9022.31
-9001.26
-9012.18
-9019.68
-9025.74
-9035.87
-9035.2
-9029.47
-9023.91
-9015.42
-9010.57
-9010.67
-9003.74
-9007.9
-9012.47
-9015.6
-9016.56
-9014.97
-9009.79
-9004.4
-8997.65
-9001.79
-9005.14
-9008.76
-9010.59
-9002.51
-9009.23
-9008.02
-9004.66
-9001.06
-8995.7
-8978.99
-8982.78
-8993.63
-8994.76
-8989.9
-8993.08
-8992.16
-8990.51
-8989.06
-8986.53
-9170.29
-9200.97
-9225.65
-9253.98
-9265.01
-9257.51
-9255.35
-9230.91
-9203.4
-9178.25
-9194.97
-9203.56
-9223.83
-9242.28
-9248.13
-9247.42
-9241.27
-9219.51
-9212.71
-9187.43
-9191.21
-9218.08
-9215.5
-9230.95
-9238.16
-9241.26
-9225.75
-9209.52
-9203.8
-9182.91
-9180.93
-9204.55
-9217.97
-9228.15
-9236.87
-9240.15
-9230.33
-9218.68
-9196.4
-9173.66
-9140.79
-9170.16
-9207.47
-9219.68
-9225.77
-9226.18
-9220.61
-9208.06
-9184.64
-9153.24
-9128.41
-9149.67
-9172.91
-9196.14
-9200.74
-9204.45
-9196.01
-9184.21
-9162.26
-9141.18
-9142.58
-9144.27
-9154.71
-9163.51
-9168.27
-9169.51
-9166.47
-9158.57
-9147.9
-9138.23
-9132.51
-9143.64
-9142.99
-9142.18
-9145.97
-9147.08
-9147.63
-9143.29
-9137.74
-9126.17
-9113.39
-9124.5
-9130.06
-9134.33
-9134.19
-9130.41
-9130.94
-9126.26
-9120.24
-9112.76
-9090.68
-9098.08
-9107.97
-9109.47
-9110.1
-9108.96
-9106.92
-9104.61
-9101.35
-9097.1
-6334.69
-6335.34
-6335.91
-6336.42
-6336.71
-6336.89
-6336.59
-6336.19
-6335.45
-6334.63
-6344.6
-6345.82
-6346.48
-6347.23
-6347.65
-6347.69
-6347.27
-6346.5
-6345.44
-6344.44
-6350.63
-6352.21
-6353.21
-6353.75
-6354.19
-6354.2
-6353.81
-6352.93
-6351.89
-6350.86
-6354.81
-6356.35
-6357.8
-6358.46
-6358.92
-6358.95
-6358.5
-6357.59
-6356.52
-6355.2
-6358.99
-6360.41
-6361.9
-6362.74
-6363.19
-6363.22
-6362.72
-6361.82
-6360.52
-6359.1
-6362.73
-6364.22
-6365.63
-6366.6
-6367.1
-6367.1
-6366.6
-6365.64
-6364.26
-6362.62
-6366.03
-6367.64
-6369.04
-6370.04
-6370.56
-6370.54
-6370.04
-6369.05
-6367.72
-6365.89
-6368.92
-6370.72
-6372.07
-6373.09
-6373.58
-6373.55
-6373.06
-6372.08
-6370.72
-6368.84
-6371.53
-6373.37
-6374.71
-6375.7
-6376.19
-6376.18
-6375.69
-6374.74
-6373.36
-6371.51
-6373.8
-6375.67
-6377.03
-6377.95
-6378.43
-6378.42
-6377.96
-6377.05
-6375.68
-6373.82
-6429.48
-6429.59
-6429.65
-6429.74
-6429.8
-6430.09
-6429.94
-6430.01
-6430.06
-6429.78
-6431.31
-6430.64
-6431.36
-6431.2
-6431.23
-6431.1
-6431.21
-6431.08
-6430.95
-6430.77
-6430.69
-6430.65
-6430.59
-6430.26
-6430.29
-6430.1
-6430.11
-6430.17
-6430.13
-6430.4
-6429.8
-6429.78
-6430.1
-6429.94
-6429.86
-6429.96
-6429.87
-6429.92
-6429.96
-6430
-6429.9
-6429.9
-6429.91
-6430.24
-6430.05
-6430.16
-6430.14
-6430.08
-6430.07
-6430.03
-6430.3
-6430.16
-6430.45
-6430.33
-6430.47
-6430.46
-6430.43
-6430.34
-6430.29
-6430.29
-6430.55
-6430.6
-6430.58
-6430.65
-6430.81
-6430.7
-6430.68
-6430.64
-6430.55
-6430.48
-6430.8
-6430.87
-6430.89
-6430.98
-6431.09
-6431.05
-6431.01
-6430.96
-6430.84
-6430.67
-6430.87
-6431.05
-6431.21
-6431.33
-6431.45
-6431.41
-6431.43
-6431.32
-6431.14
-6430.94
-6431.15
-6431.4
-6431.69
-6431.76
-6431.8
-6431.76
-6431.76
-6431.63
-6431.45
-6431.2
-6508.91
-6508.74
-6508.91
-6509.13
-6509.3
-6509.89
-6509.4
-6509.49
-6509.34
-6509.27
-6509.26
-6508.81
-6510.14
-6510.16
-6510.2
-6510.11
-6510.09
-6509.52
-6509.53
-6509.26
-6509.77
-6509.68
-6510.1
-6510.11
-6510.08
-6509.63
-6509.64
-6509.41
-6509.46
-6509.22
-6510.07
-6509.59
-6509.77
-6510.47
-6510.31
-6510.02
-6509.94
-6509.87
-6509.76
-6509.7
-6509.82
-6509.94
-6510.05
-6510.7
-6510.37
-6510.37
-6510.39
-6510.48
-6510.14
-6510.1
-6509.99
-6510.75
-6510.73
-6510.5
-6510.77
-6510.47
-6510.77
-6510.53
-6510.34
-6510.23
-6510.6
-6510.87
-6510.78
-6510.64
-6510.93
-6510.94
-6510.86
-6510.59
-6510.52
-6510.41
-6510.78
-6510.57
-6510.68
-6510.74
-6510.76
-6510.86
-6510.74
-6510.72
-6510.81
-6510.61
-6510.94
-6510.69
-6510.78
-6510.85
-6510.87
-6510.89
-6510.87
-6511
-6510.94
-6510.82
-6510.83
-6511.1
-6511.14
-6511.15
-6510.98
-6510.99
-6511.04
-6511.08
-6511.03
-6510.79
-6583.7
-6581.9
-6581.87
-6581.95
-6582.09
-6582.35
-6582.24
-6582.35
-6582.5
-6583.01
-6581.48
-6581.57
-6583.1
-6583.06
-6583.07
-6583.13
-6583.04
-6582.2
-6582.22
-6582.5
-6582.57
-6583.36
-6583.6
-6583.57
-6583.52
-6583.4
-6583.41
-6582.67
-6583.03
-6582.44
-6583.79
-6583.19
-6583.25
-6584.23
-6584.21
-6583.49
-6583.47
-6583.4
-6583.31
-6583.39
-6584.06
-6584.23
-6583.74
-6584.06
-6584.66
-6584.01
-6583.99
-6584.43
-6583.85
-6583.95
-6583.72
-6584.85
-6584.37
-6584.51
-6584.87
-6584.43
-6584.93
-6584.81
-6584.37
-6584.34
-6583.99
-6585.14
-6585.22
-6585.06
-6584.97
-6585.37
-6585.3
-6584.78
-6584.83
-6584.42
-6585.01
-6584.8
-6585.33
-6585.4
-6585.26
-6585.69
-6585.19
-6585.11
-6585.26
-6584.73
-6585.45
-6585.16
-6585.55
-6585.51
-6585.58
-6585.84
-6585.47
-6585.73
-6585.55
-6585.31
-6585.69
-6585.87
-6586.01
-6586.1
-6585.86
-6586.08
-6585.74
-6585.96
-6585.83
-6585.39
-6664.64
-6662.36
-6662.22
-6662.18
-6662.76
-6662.23
-6662.45
-6662.7
-6662.97
-6663.98
-6661.85
-6661.85
-6663.26
-6663.15
-6663.09
-6663.1
-6663.09
-6662
-6662.16
-6662.94
-6661.8
-6663.74
-6663.6
-6663.45
-6663.4
-6663.39
-6663.35
-6663.3
-6663.24
-6662.41
-6663.79
-6663.73
-6662.68
-6663.12
-6663.7
-6662.75
-6662.79
-6663.69
-6663.38
-6662.9
-6664.14
-6664.1
-6662.96
-6662.99
-6663.94
-6663.05
-6663.07
-6663.91
-6663.27
-6663.71
-6663.3
-6664.2
-6663.19
-6663.74
-6663.3
-6663.3
-6664.13
-6664.1
-6664.02
-6663.93
-6663.1
-6664.36
-6664.3
-6664.23
-6663.57
-6664.31
-6664.3
-6663.92
-6664.2
-6663.97
-6663.35
-6663.58
-6664.4
-6664.36
-6663.84
-6664.49
-6663.85
-6663.84
-6664.32
-6663.7
-6664.42
-6664.05
-6664.5
-6664.12
-6664.34
-6664.64
-6664
-6664.01
-6664.03
-6664.26
-6664.52
-6664.58
-6664.6
-6664.62
-6664.42
-6664.74
-6664.14
-6664.2
-6664.05
-6664.44
-6752.13
-6749.46
-6749.33
-6750.97
-6751.03
-6749.28
-6749.51
-6749.77
-6750.08
-6751.45
-6749.78
-6750.57
-6750.44
-6750.19
-6750.03
-6749.04
-6750.18
-6748.76
-6748.97
-6749.39
-6748.58
-6750.83
-6750.59
-6750.37
-6748.99
-6750.33
-6750.32
-6750.35
-6750.34
-6749.23
-6749.52
-6750.98
-6749.16
-6749.03
-6749.71
-6749.16
-6749.19
-6750.51
-6750.51
-6749.31
-6750.81
-6750.84
-6749.25
-6749.21
-6750.28
-6749.23
-6749.27
-6750.34
-6750.51
-6750.43
-6750.75
-6750.24
-6749.31
-6750.16
-6749.36
-6749.35
-6749.71
-6750.46
-6750.5
-6750.5
-6749.23
-6749.67
-6750.28
-6750.26
-6749.49
-6750.46
-6750.46
-6750.51
-6750.5
-6750.5
-6749.3
-6750.15
-6750.34
-6750.35
-6750.44
-6750.49
-6750.04
-6750.21
-6749.71
-6749.71
-6750.26
-6750.4
-6750.35
-6750.37
-6750.38
-6750.47
-6749.64
-6749.61
-6749.63
-6749.81
-6750.39
-6750.35
-6750.07
-6750.3
-6750.32
-6750.33
-6749.69
-6749.67
-6749.65
-6750.4
-6840.89
-6837.79
-6837.61
-6839.73
-6839.55
-6837.59
-6837.7
-6838.02
-6838.4
-6840.22
-6839.42
-6839.12
-6838.92
-6838.6
-6838.39
-6836.77
-6838.56
-6838.35
-6837.15
-6837.53
-6836.74
-6839.29
-6839.02
-6837.17
-6836.83
-6838.73
-6838.74
-6838.8
-6838.86
-6837.36
-6836.74
-6839.25
-6838.26
-6836.91
-6836.9
-6838.6
-6838.46
-6838.78
-6838.83
-6837.27
-6838.97
-6837.16
-6837.07
-6836.98
-6837.03
-6836.98
-6837.05
-6837.15
-6838.74
-6838.6
-6838.85
-6836.97
-6837
-6838.01
-6837.08
-6837.81
-6836.91
-6838.05
-6838.51
-6838.55
-6837.76
-6836.85
-6837.99
-6837.98
-6837.08
-6838.19
-6837.71
-6838.36
-6838.39
-6838.47
-6837.05
-6838.09
-6838.01
-6837.98
-6838.02
-6837.56
-6838.13
-6838.25
-6837.21
-6837.33
-6837.1
-6838.06
-6837.97
-6837.95
-6837.89
-6837.02
-6837.59
-6837.03
-6837.07
-6837.15
-6837.97
-6837.18
-6837.06
-6837.14
-6837.8
-6837.03
-6837.27
-6837
-6837.05
-6838.06
-6927.54
-6924.09
-6924.21
-6926.15
-6925.31
-6925.74
-6923.9
-6924.24
-6924.61
-6926.83
-6925.91
-6925.7
-6923.74
-6924.99
-6924.38
-6923.09
-6923.16
-6925.22
-6923.7
-6923.71
-6922.81
-6925.74
-6925.45
-6922.88
-6922.82
-6924.7
-6925.18
-6925.24
-6925.32
-6923.4
-6922.72
-6925.57
-6925.32
-6922.87
-6922.76
-6924.96
-6925.05
-6925.09
-6925.14
-6923.19
-6924.05
-6922.96
-6923.01
-6922.82
-6922.77
-6924.37
-6923.25
-6923.03
-6923.83
-6924.73
-6924.95
-6922.75
-6922.77
-6923.91
-6922.78
-6924.43
-6922.65
-6922.75
-6922.93
-6924.65
-6924.74
-6922.59
-6923.97
-6923.63
-6923.82
-6923.21
-6922.58
-6924.28
-6923.85
-6924.51
-6922.9
-6923.99
-6923.86
-6923.27
-6923.77
-6922.55
-6923.87
-6924.03
-6922.85
-6923.03
-6922.89
-6923.89
-6923.65
-6923.69
-6923.55
-6922.49
-6923.76
-6922.9
-6922.65
-6922.76
-6923.19
-6922.72
-6922.61
-6922.62
-6923.45
-6922.49
-6923.66
-6922.67
-6922.97
-6923.92
-7010.92
-7007.22
-7009.57
-7008.08
-7007.01
-7009.25
-7009.07
-7007.33
-7007.67
-7010.22
-7006.69
-7009.28
-7006.14
-7006.57
-7005.78
-7006.15
-7006.45
-7008.66
-7008.77
-7006.67
-7007.53
-7009.1
-7007.32
-7005.84
-7005.83
-7005.99
-7007.63
-7008.6
-7008.65
-7006.33
-7005.6
-7008.87
-7008.63
-7005.75
-7005.69
-7008.31
-7008.36
-7008.38
-7008.41
-7006.06
-7005.91
-7007.65
-7008.33
-7007.63
-7005.6
-7008.05
-7008.09
-7005.94
-7006.04
-7007.84
-7007.91
-7005.58
-7006.87
-7006.21
-7007.26
-7007.68
-7005.42
-7005.47
-7005.64
-7007.79
-7007.67
-7005.38
-7006.99
-7005.56
-7007.23
-7005.32
-7005.32
-7005.72
-7005.54
-7007.6
-7006.98
-7006.99
-7006.37
-7005.44
-7006.22
-7005.27
-7006.84
-7005.73
-7005.53
-7005.75
-7005.86
-7006.88
-7005.43
-7006.62
-7005.22
-7005.17
-7006.73
-7006.81
-7006.33
-7005.52
-7005.68
-7005.58
-7005.34
-7005.35
-7005.85
-7005.11
-7006.61
-7006.65
-7006.82
-7005.87
-7090.58
-7086.62
-7089.46
-7086.62
-7086.55
-7089.17
-7089.16
-7086.75
-7087.03
-7089.88
-7085.51
-7089.11
-7085.55
-7085.31
-7085.22
-7087.68
-7086.1
-7088.55
-7088.61
-7086.01
-7088.75
-7088.87
-7085.44
-7085.3
-7085.26
-7085.5
-7085.77
-7088.39
-7088.41
-7085.64
-7088.45
-7088.63
-7088.4
-7087.6
-7085.22
-7086.68
-7087.6
-7088.14
-7088.15
-7085.37
-7085.49
-7088.33
-7088.07
-7087.72
-7085.22
-7087.56
-7087.57
-7085.19
-7085.3
-7087.46
-7085.1
-7084.94
-7087.67
-7085.18
-7087.22
-7087.25
-7085.95
-7084.78
-7084.92
-7087.43
-7087.13
-7084.75
-7085.61
-7084.91
-7086.92
-7084.67
-7084.64
-7084.63
-7084.8
-7086.48
-7086.92
-7086.5
-7084.72
-7084.74
-7084.65
-7084.56
-7085.72
-7084.59
-7086.09
-7085.03
-7086.17
-7086.45
-7084.73
-7086.25
-7084.7
-7085.24
-7086.33
-7086.44
-7086.56
-7084.86
-7085.12
-7085.03
-7084.69
-7084.72
-7084.74
-7085.72
-7086.2
-7086.28
-7086.41
-7084.73
-7166.23
-7161.98
-7165.26
-7162.08
-7162.12
-7165.13
-7164.34
-7162.15
-7162.33
-7165.51
-7160.79
-7162.68
-7160.87
-7160.73
-7160.75
-7163.87
-7161.62
-7164.48
-7164.44
-7162.87
-7160.63
-7164.65
-7160.91
-7161.83
-7163.92
-7161.09
-7161.23
-7164.23
-7164.21
-7160.97
-7164.53
-7164.43
-7162.52
-7163.83
-7162.75
-7160.83
-7160.94
-7163.98
-7163.97
-7160.73
-7160.88
-7164.1
-7163.74
-7163.56
-7163.37
-7163.25
-7163.22
-7160.53
-7160.59
-7163.26
-7160.43
-7160.36
-7163.38
-7160.66
-7163.01
-7161.45
-7163.02
-7160.23
-7160.36
-7163.18
-7162.6
-7160.21
-7160.28
-7160.38
-7162.72
-7160.3
-7161.02
-7160.07
-7160.25
-7160.68
-7162.5
-7162.23
-7160.17
-7160.21
-7160.87
-7160.97
-7160.66
-7160.93
-7162.57
-7160.54
-7162.29
-7162.19
-7160.32
-7161.37
-7160.5
-7162
-7161.86
-7162.26
-7162.38
-7160.37
-7160.71
-7160.59
-7161.62
-7160.69
-7160.34
-7161.95
-7162
-7162.07
-7162.18
-7160.25
-7237.88
-7233.33
-7236.89
-7233.56
-7233.68
-7236.13
-7233.45
-7233.54
-7233.63
-7237.22
-7232.17
-7232.11
-7235.23
-7232.25
-7232.34
-7236.12
-7236.37
-7236.38
-7236.32
-7236.27
-7231.88
-7236.47
-7232.7
-7235.88
-7236.04
-7232.67
-7232.75
-7236.12
-7236.04
-7232.35
-7236.4
-7236.32
-7232.58
-7235.81
-7235.79
-7232.34
-7232.4
-7235.37
-7233.74
-7232.16
-7235.84
-7233.51
-7235.54
-7235.54
-7235.45
-7233.26
-7233.44
-7231.94
-7232.03
-7235.17
-7231.97
-7231.9
-7235.2
-7233.69
-7235.09
-7232.12
-7234.77
-7231.8
-7231.91
-7235.06
-7231.85
-7231.79
-7231.85
-7232.33
-7233.58
-7232.02
-7234.5
-7231.66
-7234.29
-7233.89
-7234.26
-7234.17
-7231.79
-7233.08
-7233.92
-7234.14
-7232.35
-7234.44
-7234.54
-7232.17
-7234.2
-7234.1
-7233.93
-7232.31
-7232.88
-7233.96
-7232.14
-7234.24
-7234.35
-7232.03
-7232.49
-7232.4
-7233.88
-7233.71
-7232.13
-7233.81
-7233.21
-7234.03
-7234.14
-7231.9
-7306.06
-7301.21
-7304.2
-7301.55
-7301.56
-7301.4
-7301.36
-7301.4
-7301.44
-7302.36
-7300.14
-7300.12
-7304.45
-7300.32
-7302.45
-7303.17
-7304.55
-7304.74
-7304.82
-7304.89
-7299.82
-7304.62
-7303.23
-7304.56
-7304.67
-7300.73
-7303.95
-7304.56
-7304.44
-7300.28
-7304.83
-7304.76
-7300.6
-7304.35
-7304.41
-7300.47
-7300.42
-7300.32
-7300.1
-7300.16
-7304.56
-7300.36
-7302.22
-7303.23
-7304.11
-7300.14
-7300.05
-7300.06
-7300.08
-7303.6
-7300.17
-7300.1
-7300.15
-7302.9
-7301.03
-7300.23
-7303.16
-7299.97
-7300.06
-7303.52
-7299.95
-7299.99
-7300.04
-7302.73
-7300.5
-7301.76
-7303.13
-7302.57
-7303.33
-7303.43
-7302.26
-7302.7
-7300.03
-7301.11
-7302.68
-7302.81
-7300.64
-7303.05
-7303.1
-7300.39
-7302.71
-7302.59
-7302.64
-7300.7
-7302.52
-7302.59
-7300.43
-7301.39
-7302.87
-7300.27
-7301.88
-7302.18
-7302.46
-7302.36
-7301.46
-7302.38
-7300.24
-7301.04
-7300.34
-7300.16
-7371.54
-7366.33
-7366.5
-7366.7
-7370.29
-7366.49
-7366.49
-7366.5
-7366.46
-7366.45
-7365.35
-7365.37
-7370.27
-7367.01
-7370.55
-7365.53
-7370.34
-7365.66
-7366.89
-7370.68
-7365.01
-7370.5
-7370.39
-7370.39
-7370.4
-7368.29
-7370.4
-7370.28
-7370.07
-7365.48
-7367.94
-7370.52
-7365.9
-7370.13
-7370.19
-7365.77
-7365.89
-7365.65
-7365.65
-7365.42
-7370.09
-7365.56
-7365.58
-7365.87
-7367.57
-7365.46
-7365.41
-7365.43
-7365.46
-7369.15
-7369.36
-7365.52
-7365.58
-7368.62
-7365.75
-7365.48
-7368.55
-7365.42
-7368.81
-7369.24
-7365.38
-7366
-7365.61
-7368.61
-7365.94
-7369.01
-7368.98
-7369.11
-7369.18
-7369.19
-7365.42
-7368.35
-7367.43
-7366.18
-7366.31
-7368.65
-7366.59
-7368.89
-7368.98
-7365.86
-7368.38
-7368.31
-7368.52
-7366.23
-7368.24
-7368.17
-7365.96
-7365.81
-7365.69
-7365.77
-7368.34
-7368.31
-7368.34
-7368.19
-7368.14
-7366.11
-7365.79
-7365.78
-7365.7
-7366.72
-7429.31
-7429.36
-7429.54
-7429.77
-7435.04
-7429.7
-7430.8
-7429.54
-7429.49
-7429.45
-7433.13
-7428.56
-7432.37
-7434.12
-7434.18
-7428.8
-7430.3
-7428.65
-7428.67
-7434.41
-7428.19
-7434.35
-7432.33
-7434
-7434
-7434.03
-7434.06
-7433.95
-7433.09
-7429.19
-7428.37
-7434.25
-7429
-7429.99
-7433.38
-7432.54
-7433.76
-7430.43
-7433.7
-7428.61
-7433.72
-7428.54
-7428.72
-7428.99
-7429.05
-7428.7
-7428.68
-7428.71
-7428.79
-7428.87
-7433.6
-7428.7
-7428.86
-7432.3
-7429.35
-7432.17
-7428.73
-7432.47
-7432.91
-7432.91
-7428.78
-7432.73
-7430.01
-7432.34
-7429.31
-7432.73
-7432.81
-7432.93
-7432.92
-7432.91
-7428.76
-7429.82
-7432.54
-7429.5
-7429.31
-7431.12
-7432.58
-7432.71
-7430.09
-7429.27
-7429.67
-7429.29
-7432.21
-7430.62
-7431.88
-7429.49
-7429.36
-7429.23
-7429.12
-7429.22
-7431.93
-7431.93
-7432.05
-7431.98
-7431.91
-7429.28
-7429.25
-7429.18
-7429.11
-7432.3
-7490.81
-7491.03
-7491.19
-7495.67
-7495.64
-7491.37
-7496.88
-7491.12
-7491.09
-7491.09
-7496.22
-7492.85
-7490.44
-7496.28
-7496.29
-7490.46
-7490.36
-7490.33
-7490.4
-7496.7
-7489.91
-7496.65
-7490.78
-7496.12
-7496.1
-7496.14
-7496.18
-7495.73
-7495.75
-7496.47
-7490.01
-7492.36
-7493.82
-7491.18
-7491.47
-7496.21
-7496.2
-7496.16
-7496.34
-7490.31
-7494.5
-7490.18
-7490.38
-7490.84
-7491.14
-7495.38
-7492.16
-7490.58
-7492.71
-7490.14
-7495.73
-7495.12
-7490.65
-7494.52
-7491.21
-7495.4
-7490.86
-7495.03
-7494.38
-7495.14
-7494.74
-7495.07
-7494.85
-7494.53
-7491.49
-7495.02
-7491.57
-7494.95
-7494.08
-7495.18
-7490.6
-7490.77
-7494.85
-7491.7
-7492.47
-7491.46
-7494.58
-7494.79
-7490.98
-7491.61
-7490.77
-7491.02
-7494.17
-7494.41
-7493.96
-7491.42
-7494.04
-7492.57
-7491.05
-7492.15
-7494.1
-7494.01
-7492.04
-7494.16
-7494.18
-7491.88
-7491.2
-7491.09
-7491.12
-7494.85
-7551.53
-7551.72
-7551.93
-7558.11
-7551.92
-7552.01
-7558.15
-7551.77
-7551.77
-7551.78
-7557.49
-7558.08
-7551.28
-7557.41
-7557.35
-7555.02
-7551.1
-7551.15
-7551.2
-7558.02
-7553.98
-7557.9
-7553.18
-7557.26
-7557.1
-7557.42
-7555.77
-7557.46
-7557.6
-7558
-7550.93
-7551.12
-7557.78
-7552.09
-7552.07
-7557.51
-7557.62
-7557.78
-7557.77
-7551.19
-7551.12
-7550.95
-7556.92
-7551.98
-7552.01
-7557.36
-7557.29
-7555.57
-7557.57
-7550.93
-7557.02
-7556.83
-7552.64
-7553.6
-7552.07
-7556.97
-7551.86
-7556.18
-7551.34
-7552.18
-7556.83
-7556.4
-7556.38
-7556.01
-7556.06
-7553.89
-7551.61
-7555.05
-7551.44
-7556.46
-7551.67
-7551.85
-7556.2
-7555.1
-7555.99
-7552.33
-7555.62
-7552.94
-7551.77
-7556.52
-7551.77
-7551.91
-7552.23
-7555.73
-7552.43
-7552.41
-7555.69
-7555.71
-7551.91
-7556.31
-7554.33
-7554.48
-7552.49
-7553.57
-7553.64
-7555.62
-7555.65
-7554.41
-7553.33
-7556.16
-7615.15
-7611.89
-7612.08
-7618.53
-7612.32
-7614.66
-7618.77
-7615.89
-7611.93
-7614.98
-7612.35
-7614.35
-7611.5
-7617.95
-7618
-7618.14
-7611.5
-7611.49
-7611.5
-7613.65
-7618.64
-7618.61
-7618.42
-7618.09
-7612.4
-7618
-7611.6
-7618.46
-7618.56
-7618.84
-7611.24
-7614
-7618.51
-7617.03
-7612.26
-7618.3
-7618.57
-7618.6
-7618.59
-7617.44
-7611.14
-7611.14
-7618.27
-7613.22
-7612.36
-7617.99
-7618.08
-7618.44
-7618.46
-7611.11
-7617.66
-7614.33
-7617.88
-7611.73
-7615.1
-7614.5
-7611.96
-7615.26
-7611.27
-7611.14
-7617.29
-7617.04
-7617.23
-7611.85
-7616.85
-7611.85
-7611.8
-7611.68
-7611.46
-7613.78
-7613.66
-7615.71
-7616.94
-7616.81
-7616.8
-7612.28
-7615.26
-7611.94
-7611.88
-7617.26
-7612.31
-7612.56
-7612.7
-7616.45
-7613.12
-7614.47
-7616.45
-7616.45
-7616.27
-7617.13
-7612.79
-7612.69
-7612.85
-7613.06
-7613.2
-7616.46
-7616.59
-7616.77
-7616.9
-7616.89
-7678.43
-7671.83
-7671.98
-7674.52
-7672.34
-7679.06
-7679.03
-7679.28
-7676.79
-7678.56
-7671.28
-7671.47
-7671.49
-7677.24
-7674.77
-7676.26
-7674.28
-7679.06
-7673.73
-7671.8
-7679.06
-7679.07
-7678.72
-7672.7
-7671.95
-7678.21
-7671.9
-7678.91
-7678.95
-7677.44
-7678.14
-7678.82
-7679.03
-7678.77
-7672.26
-7678.32
-7674.79
-7679.06
-7679.03
-7679.04
-7671.4
-7671.06
-7678.83
-7678.45
-7673.7
-7674.71
-7678
-7678.06
-7674.88
-7674.84
-7672.02
-7671.25
-7676.6
-7671.51
-7677.43
-7671.97
-7676.36
-7671.18
-7671.04
-7670.99
-7677.03
-7677.22
-7674.9
-7671.5
-7677.24
-7671.73
-7671.58
-7671.35
-7671.27
-7671.24
-7677.09
-7677.08
-7676.26
-7677.05
-7677.14
-7675.87
-7671.79
-7671.64
-7677.35
-7677.62
-7676.42
-7672.73
-7672.78
-7676.73
-7673.38
-7676.35
-7675.87
-7677.09
-7677.39
-7677.54
-7672.94
-7672.76
-7672.91
-7673.07
-7673.22
-7676.18
-7676.98
-7677.11
-7677.27
-7677.13
-7738.66
-7733.82
-7731.76
-7731.87
-7732.05
-7738.78
-7737.56
-7739.51
-7739.39
-7738.92
-7730.9
-7731.23
-7731.36
-7731.43
-7731.54
-7732.07
-7738.96
-7739.29
-7739.39
-7731.44
-7739.41
-7739.42
-7738.86
-7731.49
-7731.53
-7738.27
-7731.95
-7739.18
-7739.23
-7731.57
-7739.14
-7739.28
-7739.36
-7739.12
-7732.61
-7735.42
-7731.73
-7739.28
-7739.31
-7739.43
-7738.56
-7730.8
-7739.22
-7738.77
-7738.18
-7731.58
-7738.03
-7731.45
-7731.19
-7739.24
-7730.98
-7730.87
-7731.13
-7731.17
-7737.79
-7731.75
-7737.69
-7730.98
-7731
-7731.15
-7731.26
-7737.23
-7731.17
-7731.13
-7737.57
-7731.89
-7734.43
-7731.23
-7731.09
-7731.4
-7737
-7737.19
-7731.53
-7736.8
-7735.16
-7736.82
-7732.2
-7734.57
-7737.65
-7736.93
-7736.79
-7732.67
-7734.86
-7736.72
-7734.28
-7736.62
-7732.83
-7733.91
-7737.6
-7736.85
-7734.48
-7732.86
-7733.59
-7733.06
-7733.07
-7733.01
-7737.17
-7737.37
-7737.48
-7731.94
-7797.95
-7799.14
-7791.47
-7791.57
-7794.09
-7795.53
-7791
-7799.58
-7799.54
-7799.16
-7794.99
-7791.06
-7791.12
-7791.19
-7791.39
-7792.37
-7799.32
-7799.41
-7799.43
-7792.58
-7799.68
-7799.68
-7799.41
-7791.1
-7791.38
-7791.58
-7791.43
-7799.2
-7799.29
-7791.75
-7799.38
-7799.55
-7799.58
-7795.99
-7797.79
-7791.33
-7791.24
-7799
-7799.21
-7797.17
-7799.01
-7790.47
-7794.1
-7798.33
-7798.01
-7791.04
-7791.96
-7790.75
-7790.71
-7798.58
-7790.45
-7790.37
-7790.51
-7790.76
-7797.82
-7791.33
-7797.54
-7790.67
-7790.75
-7797.95
-7790.71
-7793.75
-7790.68
-7790.77
-7792.48
-7797.12
-7797.55
-7794.67
-7795.75
-7792.17
-7796.73
-7796.97
-7790.95
-7796.63
-7791.46
-7796.89
-7792.59
-7797.75
-7797.82
-7791.98
-7796.73
-7796.74
-7796.67
-7796.69
-7796.64
-7796.72
-7792.75
-7792.52
-7797.73
-7791.62
-7796.61
-7795.59
-7796.46
-7794.76
-7795.76
-7792.61
-7792.96
-7792.66
-7797.64
-7791.72
-7854.08
-7859.13
-7851.11
-7851.2
-7857.45
-7850.49
-7850.4
-7856.74
-7859.62
-7856.5
-7858.78
-7856.55
-7851.08
-7850.91
-7851.07
-7859.38
-7859.41
-7859.42
-7859.49
-7859.8
-7850.65
-7859.85
-7859.75
-7850.78
-7852.16
-7850.98
-7856.21
-7859.29
-7859.26
-7851.63
-7858.17
-7859.7
-7859.69
-7850.89
-7858.14
-7850.7
-7850.81
-7850.56
-7851.39
-7850.85
-7851.94
-7850.01
-7850.27
-7858.01
-7858
-7850.57
-7850.48
-7850.26
-7850.28
-7857.94
-7849.91
-7849.94
-7849.98
-7850.21
-7856.17
-7853.39
-7857.61
-7850.32
-7850.35
-7857.76
-7850.11
-7850.09
-7850.17
-7850.37
-7850.46
-7857.62
-7857.69
-7857.71
-7857.91
-7857.97
-7856.76
-7856.74
-7850.39
-7856.58
-7850.74
-7857.21
-7857.42
-7857.86
-7857.86
-7851.52
-7856.71
-7856.73
-7856.65
-7856.62
-7856.57
-7852.41
-7854.65
-7851.94
-7854.97
-7851.22
-7856.61
-7856.48
-7856.54
-7856.6
-7856.41
-7852.06
-7851.71
-7851.64
-7852.82
-7851.26
-7913.42
-7919.71
-7912.18
-7911.67
-7917.37
-7909.87
-7909.91
-7909.81
-7912.61
-7910.01
-7919.57
-7920.16
-7920.06
-7914.46
-7910.85
-7918.78
-7917.02
-7919.37
-7918.94
-7920.3
-7909.28
-7919.9
-7919.8
-7910.51
-7918.45
-7916.05
-7917.76
-7912.03
-7915.78
-7913.94
-7909.57
-7919.09
-7919.72
-7910.43
-7918.16
-7910.19
-7910.14
-7909.86
-7909.86
-7909.97
-7909.58
-7909.51
-7909.73
-7911.08
-7918.09
-7909.97
-7909.79
-7909.8
-7909.88
-7911.86
-7912.95
-7909.47
-7909.48
-7913.11
-7910.25
-7917.66
-7917.63
-7909.93
-7911.52
-7917.7
-7913.95
-7909.6
-7909.59
-7909.85
-7910.06
-7917.68
-7917.8
-7918.05
-7918.16
-7918.02
-7916.66
-7916.62
-7915.6
-7916.06
-7910.29
-7910.89
-7917.7
-7917.76
-7918.02
-7911.01
-7916.64
-7916.63
-7916.56
-7916.5
-7913.67
-7911.42
-7917.38
-7915.46
-7910.72
-7910.78
-7916.55
-7916.44
-7916.5
-7916.49
-7916.33
-7914.05
-7911.24
-7911.05
-7910.81
-7910.79
-7972.94
-7973.56
-7969.95
-7970.43
-7977.31
-7972.28
-7969.29
-7969.18
-7969.56
-7969.55
-7977.08
-7979.5
-7980.02
-7978.48
-7977.21
-7978.21
-7969.29
-7973.16
-7969.52
-7980.16
-7968.52
-7978.41
-7979.75
-7970.09
-7978.86
-7978.36
-7977.88
-7969.55
-7969.62
-7980.85
-7968.62
-7969.63
-7979.23
-7969.8
-7978.4
-7969.95
-7976.95
-7969.44
-7969.42
-7969.23
-7972.41
-7972.92
-7968.97
-7969.24
-7970.81
-7973.11
-7969.38
-7969.4
-7969
-7968.63
-7977.86
-7971.37
-7968.93
-7977.67
-7970.08
-7977.87
-7975.07
-7975.19
-7978.42
-7977.79
-7977.39
-7972.4
-7974.6
-7969.58
-7969.8
-7977.72
-7977.51
-7975.35
-7978.12
-7977.95
-7975.57
-7976.71
-7977.1
-7970.82
-7972.72
-7970.84
-7977.56
-7975.78
-7973.11
-7976.3
-7976.54
-7976.38
-7976.63
-7976.32
-7971.22
-7971.09
-7977.02
-7976.23
-7969.95
-7970.14
-7973.05
-7972.47
-7976.25
-7976.29
-7973.36
-7975.82
-7973.46
-7970.45
-7970.13
-7970.34
-8038.75
-8028.84
-8029.07
-8029.38
-8032.79
-8037.78
-8028.9
-8028.78
-8029.11
-8029.3
-8029.14
-8038.69
-8029.77
-8036.12
-8038.98
-8033.8
-8028.65
-8028.77
-8029.08
-8033
-8029.68
-8028.1
-8039.61
-8038.3
-8038.86
-8037.24
-8037.01
-8028.74
-8028.98
-8041.26
-8028.62
-8028.97
-8034.94
-8033.52
-8033.39
-8035.16
-8038.22
-8028.86
-8029.11
-8028.57
-8038.47
-8038.59
-8028.34
-8028.51
-8029.19
-8038.58
-8034.48
-8028.96
-8036.71
-8027.97
-8038.16
-8038.46
-8028.31
-8037.94
-8029.92
-8037.69
-8028.57
-8039.1
-8038.88
-8030.89
-8037.66
-8038.1
-8037.48
-8034.94
-8033.15
-8033.83
-8035.67
-8038.14
-8038.35
-8037.82
-8030.01
-8031.2
-8037.16
-8030.79
-8036.61
-8030.41
-8035.2
-8028.95
-8028.59
-8037.71
-8031.62
-8030.48
-8031.38
-8034.23
-8031.02
-8030.18
-8029.8
-8035.44
-8029.3
-8029.59
-8034.46
-8031.18
-8033.86
-8032.96
-8031.94
-8035.29
-8035.39
-8034.88
-8029.44
-8031.28
-8099.73
-8087.88
-8088.08
-8088.43
-8088.77
-8097.58
-8088.06
-8088.35
-8088.41
-8088.57
-8087.71
-8091.42
-8088.04
-8088.38
-8098.81
-8088.04
-8087.97
-8088.17
-8088.27
-8088.41
-8097.01
-8086.42
-8098.83
-8099.11
-8098.62
-8088.48
-8088.02
-8087.96
-8088.13
-8100.96
-8098.24
-8087.11
-8098.55
-8098.68
-8089.6
-8098.27
-8098.17
-8087.86
-8097.71
-8098.76
-8098.68
-8098.77
-8087.53
-8094.05
-8089.24
-8098.68
-8098.6
-8098.03
-8098.6
-8087.11
-8094.98
-8098.57
-8087.5
-8097.9
-8089.51
-8095.17
-8087.31
-8098.97
-8098.78
-8087.26
-8091.81
-8098.15
-8097.53
-8097.57
-8096.71
-8087.32
-8087.31
-8096.73
-8090.47
-8097.29
-8088.9
-8088.97
-8097.05
-8090.08
-8096.42
-8090.14
-8087.8
-8087.6
-8087.44
-8097.16
-8089.32
-8089.07
-8089.33
-8089.79
-8095.87
-8095.24
-8088.42
-8091.22
-8091.9
-8096.82
-8095.05
-8093.09
-8089.77
-8090.87
-8091.8
-8094.28
-8094.55
-8096.23
-8094.93
-8095.86
-8159.21
-8146.61
-8146.93
-8147.18
-8147.57
-8157
-8155.99
-8147.51
-8147.44
-8147.55
-8155.13
-8145.68
-8146.62
-8147.14
-8153.49
-8146.98
-8147.08
-8147.16
-8147.28
-8147.38
-8153.34
-8144.94
-8158.78
-8158.83
-8157.6
-8147.13
-8146.84
-8146.96
-8147.04
-8150.05
-8158.19
-8156.16
-8158.75
-8158.54
-8148.62
-8158.09
-8157.34
-8155.82
-8158.33
-8158.58
-8158.39
-8158.46
-8146.56
-8158.1
-8148.61
-8158.15
-8158.48
-8159.11
-8158.43
-8148.16
-8147.93
-8158.26
-8146.46
-8157.36
-8151.28
-8146.32
-8146.05
-8158.56
-8158.28
-8146.22
-8147.07
-8157.97
-8155.49
-8157.17
-8156.66
-8145.94
-8145.94
-8146.32
-8145.67
-8148.94
-8147.65
-8147.68
-8155.99
-8148.9
-8155.97
-8155.63
-8146.31
-8146.34
-8146.26
-8156.55
-8147.92
-8147.94
-8148.19
-8148.43
-8155.74
-8155.44
-8146.78
-8146.66
-8155.98
-8156.46
-8154.44
-8154.64
-8148.42
-8154.36
-8155.36
-8149.53
-8147.42
-8155.77
-8155.77
-8153.53
-8218.37
-8205.64
-8205.88
-8206.23
-8206.51
-8216.11
-8216.05
-8206.05
-8206.2
-8206.3
-8218.17
-8205.93
-8206.87
-8206.18
-8206.39
-8206.13
-8210.68
-8205.89
-8206.05
-8206.13
-8202.26
-8203.35
-8218.43
-8218.17
-8206.35
-8206.21
-8206.5
-8205.66
-8214.21
-8206.06
-8217.6
-8218.02
-8218.12
-8217.96
-8207.18
-8216.75
-8208.37
-8218.91
-8218.25
-8218.46
-8217.71
-8217.75
-8215.63
-8217.73
-8207.99
-8214.96
-8218.17
-8218.63
-8218.19
-8217.49
-8209.13
-8217.61
-8205.14
-8213.04
-8215.23
-8204.58
-8204.61
-8218.26
-8215.5
-8204.72
-8205.43
-8211.26
-8205.24
-8215.8
-8215.29
-8204.58
-8204.37
-8203.88
-8203.73
-8204.38
-8208.23
-8206.2
-8214.93
-8207.92
-8215.17
-8214.67
-8205.33
-8204.72
-8206.97
-8215.27
-8213.48
-8206.41
-8209.4
-8207.65
-8214.74
-8214.67
-8211.68
-8213.32
-8215.42
-8215.34
-8213.75
-8213.82
-8207.67
-8212.82
-8214.11
-8209.2
-8212.2
-8214.92
-8215.14
-8207.53
-8277.25
-8274.58
-8264.61
-8264.99
-8265.4
-8271.77
-8269.03
-8264.56
-8264.7
-8264.76
-8277.11
-8277.12
-8277.7
-8269.15
-8265.93
-8271.37
-8278.75
-8264.43
-8264.55
-8264.6
-8260.14
-8265.76
-8277.48
-8277.36
-8265.63
-8265
-8279.19
-8275.55
-8279.96
-8264.94
-8261.29
-8270.99
-8277.16
-8277.04
-8275.8
-8266.59
-8265.59
-8278.33
-8266.88
-8272.7
-8275.52
-8276.73
-8276.96
-8276.88
-8276.58
-8263.28
-8262.68
-8277.91
-8267.61
-8275.66
-8276.1
-8276.59
-8263.61
-8263.81
-8275.25
-8263.18
-8262.84
-8266.54
-8262.33
-8269.52
-8263.75
-8264.04
-8263.67
-8268.66
-8274.14
-8262.78
-8262.27
-8262.05
-8262.11
-8262.42
-8272.48
-8264.61
-8273.79
-8272.66
-8268.72
-8271.93
-8273.4
-8271.25
-8274.05
-8263.35
-8273.12
-8269.51
-8273.72
-8268.27
-8268.9
-8273.55
-8274.08
-8274.35
-8274.45
-8274.27
-8269.9
-8272.52
-8266.53
-8266.87
-8266.57
-8272.92
-8273.68
-8272.72
-8272.77
-8265.94
-8335.98
-8335.79
-8333.55
-8328.3
-8335.88
-8322.97
-8322.71
-8322.86
-8330.88
-8323.05
-8329.93
-8335.51
-8335.09
-8336.34
-8331.25
-8337.74
-8338.32
-8330.97
-8322.81
-8333.53
-8318.06
-8336.31
-8336.22
-8336.16
-8324.66
-8337.22
-8338.9
-8339.19
-8339.34
-8323.68
-8318.12
-8319.21
-8335.93
-8335.66
-8334.39
-8321.62
-8336.99
-8337.96
-8321.87
-8323.01
-8333.51
-8335.26
-8334.05
-8333.9
-8334.19
-8320.62
-8320.27
-8335.63
-8320.64
-8333.71
-8335.11
-8327.14
-8321.62
-8321.9
-8332.59
-8322.74
-8326.48
-8319.11
-8319.78
-8333.62
-8321.99
-8321.96
-8322.02
-8322.21
-8324.84
-8329.3
-8328.25
-8320.09
-8320.21
-8324.63
-8331.67
-8326.63
-8332.38
-8332.32
-8323.58
-8323.96
-8332.74
-8332.77
-8332.93
-8322.92
-8331.91
-8332.05
-8332.36
-8331.95
-8323.74
-8331.09
-8332.99
-8333.16
-8333.14
-8327.33
-8326.85
-8329.15
-8325.74
-8324.93
-8324.36
-8332.33
-8332.67
-8325.82
-8324.61
-8324.21
-8394.69
-8389.88
-8393.61
-8394.51
-8395.3
-8380.8
-8380.67
-8389.52
-8396.66
-8394.32
-8376.34
-8387.82
-8382.17
-8393.96
-8396.05
-8396.84
-8397.75
-8397.96
-8393.36
-8396.76
-8376.06
-8395.05
-8394.91
-8394.85
-8383.07
-8397.68
-8397.94
-8398.17
-8398.12
-8395.51
-8375.99
-8383.1
-8394.39
-8382.84
-8387.44
-8378.62
-8396.72
-8386.88
-8379.08
-8381.13
-8393.58
-8385.23
-8379.86
-8379.89
-8391.56
-8378.1
-8377.34
-8375.91
-8377.61
-8391.9
-8393.97
-8379.77
-8379.77
-8379.86
-8382.64
-8391.59
-8392.09
-8376.23
-8376.8
-8391.42
-8380.19
-8379.91
-8379.97
-8380.1
-8380.53
-8391.95
-8391.78
-8377.12
-8381.71
-8391.17
-8384.04
-8390.72
-8390.79
-8390.68
-8381.25
-8381.68
-8391.41
-8391.45
-8391.76
-8383.87
-8390.49
-8390.68
-8390.75
-8390.55
-8381.68
-8381.92
-8391.5
-8391.6
-8391.49
-8383.56
-8385.15
-8385.09
-8386.95
-8384.7
-8385.24
-8390.12
-8388.49
-8384.06
-8385.75
-8385.94
-8441.67
-8439.93
-8442.63
-8449.4
-8449.6
-8438.39
-8438.26
-8456.37
-8455.8
-8455.15
-8440.97
-8439.92
-8439.66
-8440.16
-8453.51
-8454.32
-8439.85
-8456.68
-8456.64
-8455.71
-8434.01
-8453.64
-8453.54
-8453.33
-8450.44
-8454.95
-8448.61
-8456.63
-8456.48
-8456.31
-8434.07
-8453.07
-8453.11
-8441.49
-8439.95
-8444.05
-8435.12
-8433.42
-8451.7
-8453.39
-8452.6
-8438.17
-8437.78
-8437.85
-8445.59
-8440.52
-8439.91
-8432.07
-8450.1
-8436.31
-8452.59
-8437.77
-8437.75
-8437.69
-8450.12
-8450.7
-8450.88
-8433.52
-8433.86
-8449.13
-8437.94
-8437.83
-8437.78
-8437.85
-8442.43
-8450.54
-8450.4
-8443.52
-8449.89
-8449.59
-8438.07
-8448.85
-8444.24
-8442.48
-8439.6
-8441.02
-8445.85
-8449.96
-8450.08
-8449.47
-8447.46
-8448.96
-8448.95
-8448.76
-8439.62
-8439.65
-8445.16
-8449.54
-8447.86
-8441.5
-8443.25
-8443.02
-8448.59
-8447.79
-8446.38
-8440.35
-8441.03
-8441.58
-8448.14
-8448.67
-8498.02
-8497.74
-8497.69
-8497.11
-8496.03
-8495.96
-8495.97
-8503.65
-8506.48
-8502.25
-8510.15
-8497.64
-8497.5
-8497.49
-8497.04
-8499.8
-8494.52
-8514.9
-8504.07
-8507.03
-8491.88
-8512.09
-8511.9
-8511.67
-8511.25
-8508.45
-8492.29
-8514.72
-8514.42
-8513.65
-8510.66
-8511.79
-8511.55
-8511.15
-8497.06
-8507.16
-8490.75
-8489.61
-8514.42
-8506.83
-8511.23
-8495.97
-8495.74
-8495.6
-8495.81
-8508.75
-8508.74
-8488.66
-8497.01
-8491.16
-8511.15
-8495.73
-8495.6
-8495.44
-8508.55
-8509.1
-8509.03
-8496.21
-8491.6
-8493.96
-8496.1
-8496.14
-8495.65
-8495.53
-8508.8
-8508.79
-8508.8
-8508.79
-8508.73
-8507.72
-8496.34
-8506.73
-8501.59
-8500.4
-8503.07
-8508.49
-8498.21
-8499.29
-8507.98
-8507.62
-8496.65
-8507.1
-8507.05
-8502.26
-8499.72
-8498.01
-8497.86
-8498.88
-8497.56
-8499.48
-8502.75
-8502.35
-8506.85
-8505.73
-8504.63
-8498.23
-8498.51
-8502.36
-8506.33
-8506.61
-8563.68
-8555.89
-8555.51
-8554.98
-8554.19
-8556.16
-8560.24
-8547.67
-8547.58
-8547.68
-8569.43
-8555.77
-8555.54
-8555.09
-8554.47
-8554.09
-8552.31
-8572.54
-8547.75
-8547.64
-8549.98
-8570.69
-8570.27
-8569.85
-8568.41
-8552.86
-8549.31
-8572.36
-8572
-8549.6
-8568.85
-8570.43
-8570
-8569.46
-8561.75
-8559.32
-8546.76
-8545.79
-8572.23
-8548.13
-8569.94
-8554.07
-8553.7
-8553.27
-8553.14
-8566.36
-8566.61
-8544.73
-8542.78
-8544.57
-8569.81
-8553.72
-8553.51
-8553.28
-8552.43
-8563.72
-8566.64
-8566.23
-8554.26
-8547.95
-8562.95
-8567
-8554.39
-8562.48
-8566.81
-8566.41
-8555.95
-8566.89
-8566.82
-8556.03
-8554.5
-8554.65
-8566.73
-8565.91
-8566.16
-8566.46
-8555.08
-8555.04
-8560.15
-8564.14
-8554.55
-8556.94
-8558.8
-8559.04
-8564.9
-8556.09
-8554.89
-8554.45
-8554.02
-8564.03
-8564.54
-8563.82
-8563.37
-8561.42
-8556.88
-8556.07
-8556.8
-8560.14
-8557.99
-8563.68
-8630.43
-8616.66
-8614.1
-8613.23
-8612.34
-8626.5
-8625.69
-8603.04
-8602.28
-8601.84
-8629.97
-8622.4
-8615.75
-8613.15
-8612.1
-8611.26
-8624.27
-8616.38
-8602.36
-8601.89
-8609.63
-8630.48
-8629.62
-8628.65
-8612.04
-8610.71
-8626.19
-8629.13
-8603.97
-8602.67
-8609.82
-8630.21
-8629.31
-8628.31
-8626.97
-8610.03
-8606.97
-8607.57
-8628.62
-8603.91
-8630.06
-8613.35
-8612.61
-8611.72
-8610
-8615.2
-8621.24
-8614.96
-8597.25
-8621.05
-8629.86
-8613.22
-8615.95
-8617.01
-8609.07
-8608.21
-8623.93
-8623.42
-8622.64
-8615.34
-8629.52
-8628.23
-8626.45
-8624.99
-8614.11
-8617.32
-8611.84
-8623.92
-8623.19
-8605.45
-8613.88
-8616.29
-8626.18
-8625.14
-8623.67
-8623.41
-8611.7
-8614.33
-8609.91
-8613.47
-8613.76
-8613.47
-8618.96
-8624.31
-8623.14
-8622.2
-8611.58
-8610.62
-8609.83
-8619.86
-8624.14
-8623.29
-8617.53
-8616.8
-8616.2
-8616.09
-8619.13
-8616.42
-8610.18
-8610.2
-8693.02
-8691.34
-8685.53
-8677.01
-8677.71
-8684.48
-8682.31
-8657.55
-8655.61
-8660.21
-8682.25
-8690.36
-8690.38
-8688.11
-8670.57
-8668.16
-8682.74
-8657.6
-8655.73
-8658.05
-8671.6
-8684.67
-8690.43
-8688.52
-8670.01
-8667.49
-8683.33
-8661.43
-8661.4
-8656.67
-8671.42
-8687.95
-8690.11
-8688.18
-8685.97
-8665.85
-8685.43
-8685.42
-8683.23
-8657.9
-8692.45
-8674.57
-8672.94
-8671.28
-8679.3
-8664.51
-8662.18
-8682.1
-8650.65
-8679.57
-8692.07
-8687.47
-8686.98
-8684.62
-8667.26
-8664.63
-8668
-8679.03
-8678.2
-8678.27
-8691.64
-8689.85
-8687.75
-8685.2
-8667.29
-8665.43
-8672.8
-8679.85
-8677.99
-8668.52
-8675.22
-8688.73
-8686.9
-8684.93
-8673.19
-8668.39
-8674.65
-8679.81
-8664.76
-8662.97
-8674.89
-8673.83
-8686.1
-8677.04
-8681.45
-8680.22
-8673.14
-8666.16
-8664.61
-8668.03
-8685.54
-8677.62
-8676.78
-8675.68
-8680.63
-8679.76
-8676.88
-8666.59
-8665.07
-8663.93
-8767.54
-8763.29
-8758.74
-8753.22
-8747.34
-8740.35
-8726.4
-8707.03
-8701.37
-8718.77
-8745.74
-8754.53
-8749.37
-8752.52
-8740.15
-8740.85
-8737.45
-8706.91
-8702.77
-8721.84
-8745.43
-8741.29
-8745.64
-8750.03
-8732.14
-8725.49
-8738.62
-8707.57
-8729.78
-8713.64
-8744.92
-8741.18
-8758.38
-8748.16
-8743.69
-8737.31
-8740.54
-8736.02
-8730.16
-8724.69
-8766.18
-8757.19
-8749.06
-8748.99
-8745.43
-8721.44
-8715.62
-8734.01
-8696.94
-8724.58
-8765.29
-8761.18
-8752.83
-8747.76
-8727.57
-8721.2
-8714.18
-8707.09
-8718.85
-8724.6
-8762.25
-8759.89
-8751.04
-8743.57
-8728.94
-8725.91
-8735.96
-8731.29
-8726.35
-8723.44
-8746.74
-8758.67
-8754
-8743.3
-8729.32
-8732.35
-8735.71
-8731.82
-8726.32
-8707.58
-8749.48
-8743.21
-8741.69
-8737
-8738.72
-8738.66
-8734.97
-8721.87
-8713.91
-8709.86
-8756.12
-8744.02
-8741.79
-8741.58
-8741.81
-8738.47
-8724.16
-8719.12
-8715.04
-8715.66
-8834.67
-8839.51
-8832.84
-8822.65
-8811.61
-8782.06
-8768
-8754.41
-8757.62
-8746.88
-8840.06
-8825
-8815.85
-8822.22
-8811.29
-8799.89
-8784.75
-8768.61
-8771.53
-8762.8
-8827.08
-8825.22
-8814.72
-8805.9
-8810.26
-8801.46
-8778.23
-8769.83
-8773.18
-8761.98
-8826.57
-8818.81
-8813.04
-8804.62
-8796.6
-8802.98
-8792.49
-8767.58
-8774.04
-8764.14
-8847.56
-8839.59
-8829.59
-8819.73
-8809.43
-8792.39
-8772.78
-8751.25
-8740.45
-8758.75
-8846.02
-8838.28
-8812.46
-8804.86
-8808.67
-8793.56
-8764.64
-8752.3
-8741.8
-8741.55
-8827.42
-8833.95
-8811.81
-8803.4
-8799.23
-8797.35
-8788.53
-8766.92
-8766.35
-8749.03
-8825.22
-8829.49
-8812.3
-8803.88
-8803.41
-8796.69
-8786.5
-8781.77
-8772.62
-8762.06
-8834.7
-8826.93
-8811.78
-8804
-8795.85
-8794.97
-8790.21
-8782.24
-8765.05
-8756.02
-8832.64
-8824.72
-8815.26
-8809.47
-8801.89
-8791.61
-8788.14
-8773.53
-8763.78
-8766.14
-9003.03
-8975.09
-8956.28
-8929.21
-8885.68
-8837.63
-8800.86
-8782.98
-8745.66
-8701.05
-9021.22
-8976.1
-8945.71
-8913.32
-8893
-8848.09
-8801.24
-8788.22
-8753.79
-8715.18
-9013.76
-8991
-8947.74
-8912.01
-8893.45
-8858.74
-8804.72
-8789.98
-8756.18
-8723.36
-8996.38
-8971.82
-8941.99
-8910.34
-8878.38
-8859.8
-8824.8
-8759.59
-8754.61
-8727.21
-9012.74
-8985.44
-8954.38
-8913.02
-8890.48
-8859.82
-8823.83
-8760.84
-8728.71
-8700.65
-8999.9
-8970.67
-8935.45
-8905.83
-8889.24
-8859.14
-8820.74
-8766.06
-8734.16
-8706.7
-8984.6
-8959.54
-8932.21
-8904.32
-8888
-8858.08
-8816.47
-8771.97
-8747.97
-8717.03
-8982.34
-8954.66
-8928.77
-8908.02
-8886.81
-8858.52
-8819.72
-8792.04
-8775.17
-8744.14
-8981.63
-8959.08
-8929.6
-8905.64
-8877.27
-8850.85
-8833.81
-8808.37
-8782.46
-8755.18
-8971.22
-8951.66
-8928.77
-8905.32
-8877.75
-8853.02
-8836.05
-8813.56
-8777.58
-8763.38
-9134.58
-9095.15
-9051.73
-9013.7
-8954.84
-8904.9
-8859.22
-8832.44
-8775.39
-8744.31
-9152.63
-9110.4
-9056.68
-9008.94
-8967.89
-8905.98
-8859.46
-8835.3
-8781.76
-8742.32
-9149.33
-9110.65
-9067.67
-9019.36
-8974.67
-8917.09
-8869.09
-8838.25
-8796.5
-8748.45
-9142.93
-9105.77
-9058.94
-9007.02
-8961.33
-8927.03
-8880.31
-8835.78
-8773.69
-8736.23
-9123.03
-9086.13
-9046.68
-9000.56
-8957.44
-8927.75
-8881.09
-8817.41
-8770.98
-8736.88
-9111.83
-9076.02
-9037.69
-8996.63
-8964.83
-8926.77
-8883.81
-8825.77
-8777.52
-8765.4
-9104.01
-9068.48
-9031.35
-9002.6
-8966.8
-8921.68
-8875.01
-8839.6
-8811.16
-8773.29
-9103.91
-9068.87
-9029.75
-9002.18
-8964.67
-8917.74
-8878.51
-8852.68
-8820.89
-8776.2
-9093.17
-9062.14
-9029.42
-8996.02
-8958.05
-8918.33
-8885.84
-8861.04
-8828.72
-8785.49
-9077.62
-9047.79
-9018.29
-8985.37
-8953.08
-8923.68
-8894.84
-8861.59
-8827.18
-8806.28
-6335.04
-6335.6
-6336.24
-6336.87
-6337.15
-6336.9
-6337.12
-6336.35
-6335.62
-6334.69
-6344
-6345.48
-6346.55
-6347.47
-6347.84
-6347.74
-6347.78
-6346.56
-6345.94
-6344.69
-6350.16
-6352.01
-6352.92
-6353.76
-6354.21
-6354.38
-6353.71
-6352.9
-6352.24
-6350.96
-6354.71
-6356.59
-6357.66
-6358.47
-6359.04
-6359.07
-6358.46
-6357.51
-6356.34
-6354.88
-6359.14
-6360.71
-6361.99
-6362.76
-6363.37
-6363.34
-6362.85
-6361.71
-6360.36
-6358.77
-6362.48
-6364.19
-6365.77
-6366.73
-6367.08
-6367.09
-6366.59
-6365.77
-6364.06
-6362.47
-6365.82
-6367.57
-6369.09
-6370.02
-6370.53
-6370.53
-6370.03
-6369.15
-6367.8
-6366.01
-6368.84
-6370.68
-6372.04
-6373.03
-6373.54
-6373.55
-6373.06
-6372.19
-6370.81
-6368.9
-6371.48
-6373.36
-6374.74
-6375.72
-6376.21
-6376.17
-6375.76
-6374.81
-6373.35
-6371.53
-6373.75
-6375.69
-6377.06
-6377.99
-6378.46
-6378.42
-6378.01
-6377.1
-6375.68
-6373.88
-6430.33
-6430.13
-6430.22
-6429.93
-6430.11
-6429.86
-6429.89
-6430.2
-6429.68
-6429.67
-6430.93
-6431.3
-6431.01
-6431.25
-6431.26
-6431.05
-6431.4
-6431.05
-6431.12
-6430.7
-6429.94
-6430.42
-6430.11
-6430.31
-6430.19
-6430.22
-6430.04
-6430.07
-6430.49
-6430.46
-6430.07
-6430.06
-6429.84
-6429.96
-6429.75
-6429.97
-6429.77
-6429.8
-6430.17
-6430.16
-6430.2
-6430.07
-6430.08
-6430.2
-6430.19
-6430.09
-6430.17
-6429.98
-6430.29
-6429.96
-6430.35
-6430.4
-6430.43
-6430.48
-6430.45
-6430.34
-6430.46
-6430.41
-6430.18
-6430.2
-6430.4
-6430.58
-6430.71
-6430.7
-6430.72
-6430.76
-6430.68
-6430.7
-6430.61
-6430.52
-6430.65
-6430.79
-6430.93
-6431.02
-6431.07
-6431.07
-6431.02
-6431.01
-6430.89
-6430.68
-6430.92
-6431.12
-6431.27
-6431.4
-6431.45
-6431.47
-6431.41
-6431.3
-6431.13
-6430.94
-6431.2
-6431.44
-6431.61
-6431.73
-6431.8
-6431.81
-6431.74
-6431.63
-6431.45
-6431.21
-6509.46
-6509.58
-6509.72
-6509.4
-6509.52
-6509.8
-6509.38
-6509.62
-6509.19
-6509.14
-6509.38
-6509.63
-6509.64
-6509.78
-6509.92
-6509.86
-6509.97
-6509.79
-6509.3
-6509.15
-6509.14
-6509.38
-6509.49
-6509.72
-6509.81
-6509.65
-6509.56
-6509.46
-6509.47
-6509.24
-6509.69
-6509.76
-6509.92
-6510.14
-6510.04
-6510.08
-6509.99
-6509.9
-6509.91
-6509.69
-6510.06
-6510.14
-6510.25
-6510.44
-6510.38
-6510.35
-6510.33
-6510.27
-6510.25
-6510.05
-6510.28
-6510.39
-6510.48
-6510.55
-6510.61
-6510.58
-6510.57
-6510.5
-6510.41
-6510.27
-6510.52
-6510.55
-6510.63
-6510.7
-6510.73
-6510.71
-6510.7
-6510.64
-6510.55
-6510.43
-6510.68
-6510.72
-6510.76
-6510.81
-6510.85
-6510.82
-6510.84
-6510.79
-6510.69
-6510.59
-6510.74
-6510.86
-6510.92
-6510.96
-6510.98
-6510.91
-6510.96
-6510.93
-6510.88
-6510.79
-6510.77
-6510.97
-6511.02
-6511.06
-6511.08
-6510.98
-6511
-6510.96
-6510.98
-6510.83
-6582.82
-6582.75
-6582.64
-6582.57
-6582.58
-6582.7
-6582.55
-6582.71
-6582.73
-6582.87
-6582.3
-6582.46
-6582.52
-6582.5
-6582.55
-6582.66
-6582.6
-6582.54
-6582.44
-6582.28
-6582.77
-6582.88
-6582.87
-6582.92
-6582.99
-6582.98
-6582.95
-6582.88
-6582.67
-6582.48
-6583.12
-6583.55
-6583.57
-6583.65
-6583.74
-6583.73
-6583.69
-6583.58
-6583.32
-6583.23
-6583.61
-6584.08
-6584.22
-6584.18
-6584.3
-6584.29
-6584.24
-6583.99
-6583.84
-6583.9
-6583.99
-6584.41
-6584.62
-6584.73
-6584.6
-6584.58
-6584.53
-6584.41
-6584.5
-6584.07
-6584.68
-6584.61
-6584.98
-6584.91
-6584.96
-6584.95
-6584.91
-6584.88
-6584.86
-6584.39
-6585.02
-6584.95
-6585.11
-6585.24
-6585.3
-6585.27
-6585.31
-6585.38
-6584.97
-6584.71
-6585.02
-6585.42
-6585.42
-6585.74
-6585.8
-6585.64
-6585.77
-6585.68
-6585.45
-6585.26
-6585.24
-6585.71
-6585.89
-6586.01
-6586.07
-6585.91
-6586.04
-6585.92
-6585.76
-6585.45
-6663.42
-6663.49
-6663.3
-6663.15
-6663.05
-6662.94
-6663.13
-6663.31
-6663.59
-6663.83
-6662.81
-6662.81
-6662.43
-6662.5
-6662.45
-6662.33
-6662.31
-6662.36
-6662.76
-6662.39
-6663.16
-6663.1
-6662.63
-6662.55
-6662.53
-6662.76
-6662.52
-6662.63
-6662.5
-6662.45
-6663.22
-6663.46
-6663.02
-6663.01
-6663.12
-6663.25
-6663.27
-6663.06
-6662.83
-6663.31
-6663.03
-6663.44
-6663.58
-6663.57
-6663.63
-6663.61
-6663.61
-6663.17
-6663.12
-6663.64
-6663.22
-6663.86
-6663.93
-6663.93
-6663.53
-6663.53
-6663.52
-6663.9
-6663.94
-6663.36
-6664.01
-6663.65
-6664.11
-6663.7
-6663.71
-6663.8
-6663.71
-6664.15
-6664.13
-6663.51
-6664.19
-6663.79
-6663.83
-6663.87
-6663.87
-6663.86
-6663.86
-6664.31
-6664.27
-6663.66
-6663.82
-6664.22
-6663.99
-6664.38
-6664.45
-6664.51
-6664.46
-6664.46
-6663.94
-6664.25
-6663.89
-6664.24
-6664.48
-6664.53
-6664.59
-6664.66
-6664.59
-6664.55
-6664.18
-6664.42
-6750.56
-6750.62
-6750.68
-6750.34
-6750.46
-6750.34
-6750.59
-6750.81
-6751.09
-6751.34
-6750.32
-6750.17
-6749.28
-6749.55
-6749.4
-6749.06
-6749.03
-6749.47
-6749.96
-6749.34
-6750.4
-6750.24
-6749.33
-6749.64
-6749.13
-6749.56
-6749.09
-6749.12
-6749.2
-6749.24
-6750.44
-6750.32
-6749.46
-6749.47
-6749.38
-6749.84
-6749.62
-6749.27
-6749.29
-6750.22
-6749.4
-6749.41
-6749.49
-6750.23
-6750.14
-6749.93
-6750.07
-6749.81
-6749.86
-6750.34
-6749.44
-6750.33
-6750.35
-6750.28
-6750.19
-6749.65
-6749.98
-6750.34
-6750.4
-6749.76
-6750.37
-6750.02
-6750.33
-6750.12
-6749.79
-6750.2
-6749.61
-6750.38
-6750.43
-6749.65
-6750.42
-6749.71
-6749.69
-6749.79
-6749.67
-6749.58
-6749.62
-6750.2
-6750.43
-6749.64
-6749.67
-6749.82
-6749.7
-6749.89
-6749.79
-6750.28
-6750.22
-6749.74
-6749.71
-6750.34
-6749.67
-6749.67
-6749.94
-6750.03
-6749.94
-6750.3
-6750.28
-6750.26
-6749.75
-6750.39
-6838.94
-6838.74
-6839.23
-6838.39
-6838.98
-6839.02
-6838.81
-6839.47
-6839.77
-6840.13
-6839.01
-6838.78
-6837.6
-6838.02
-6837.11
-6837.47
-6837.73
-6838.25
-6837.93
-6837.59
-6838.96
-6838.74
-6838.36
-6838.25
-6837.21
-6837.18
-6837.1
-6837.15
-6837.25
-6837.38
-6838.81
-6837.93
-6837.83
-6838.26
-6837.25
-6837.73
-6837.09
-6837.13
-6837.2
-6838.52
-6837.21
-6837.18
-6837.16
-6838.29
-6837.83
-6837.18
-6838.13
-6838.26
-6838.42
-6838.51
-6837.15
-6837.77
-6837.49
-6838.06
-6838.06
-6837.74
-6838.19
-6838.3
-6838.39
-6838.44
-6838.34
-6838.24
-6838.12
-6838
-6837.98
-6838.01
-6837.69
-6838.24
-6838.33
-6837.3
-6838.25
-6837.82
-6837.21
-6837.9
-6837.88
-6837.07
-6837.09
-6837.23
-6837.42
-6837.24
-6837.14
-6837.08
-6837.08
-6837.1
-6837.14
-6837.8
-6837.18
-6837.15
-6837.21
-6838.1
-6837.11
-6837.04
-6837.02
-6837.04
-6837.08
-6837.82
-6837.46
-6837.37
-6837.17
-6838.06
-6925.17
-6924.92
-6925.24
-6924.53
-6925.53
-6925.58
-6924.93
-6926.11
-6926.42
-6926.75
-6925.66
-6925.3
-6924.39
-6923.32
-6923.15
-6924.33
-6924.53
-6924.79
-6924.68
-6923.7
-6925.46
-6925.2
-6924.98
-6924.74
-6923.43
-6923.18
-6923.59
-6923.22
-6923.28
-6923.43
-6925.2
-6923.37
-6924.75
-6924.59
-6923.09
-6922.93
-6922.92
-6923
-6923.09
-6924.02
-6923.06
-6922.99
-6922.91
-6924.45
-6923.05
-6922.94
-6923.12
-6924.38
-6924.38
-6924.73
-6922.92
-6922.88
-6922.83
-6922.79
-6924.06
-6924.17
-6924.28
-6924.37
-6924.5
-6924.62
-6924.43
-6924.28
-6923.22
-6923.94
-6923.95
-6923.99
-6924.12
-6924.24
-6924.36
-6923.05
-6923.86
-6924.09
-6923.81
-6923.79
-6923.78
-6922.67
-6923.6
-6922.87
-6922.88
-6922.98
-6922.77
-6922.68
-6923.41
-6922.7
-6922.72
-6923.59
-6922.71
-6922.74
-6922.81
-6924.03
-6923.59
-6922.62
-6922.54
-6922.52
-6922.57
-6923.53
-6922.64
-6922.66
-6922.76
-6923.91
-7008.15
-7007.95
-7007.85
-7007.66
-7009.11
-7009.16
-7008.26
-7009.63
-7009.89
-7010.17
-7009.11
-7008.66
-7008.5
-7006.33
-7006.26
-7007.88
-7008.07
-7008.24
-7008.46
-7006.74
-7008.84
-7008.58
-7008.4
-7008.2
-7007.96
-7006.31
-7007.84
-7006.25
-7006.2
-7006.35
-7008.57
-7006.32
-7008.12
-7007.95
-7007.05
-7005.85
-7005.78
-7005.87
-7005.93
-7006.13
-7005.89
-7005.8
-7005.81
-7007.73
-7005.85
-7005.82
-7005.74
-7007.52
-7005.84
-7007.96
-7005.71
-7005.65
-7005.61
-7005.6
-7006.6
-7007.22
-7007.4
-7007.51
-7007.67
-7007.81
-7007.53
-7007.38
-7005.5
-7007
-7007.01
-7007.01
-7007.14
-7006.6
-7006.28
-7007.01
-7005.76
-7007.18
-7007.04
-7006.84
-7006.82
-7005.41
-7006.89
-7005.66
-7005.73
-7005.85
-7005.54
-7005.46
-7006.79
-7005.5
-7005.91
-7006.52
-7005.45
-7005.51
-7006.19
-7007.09
-7006.86
-7005.37
-7005.63
-7005.32
-7005.39
-7006.43
-7005.34
-7005.38
-7006.52
-7006.87
-7087.37
-7087.3
-7087.29
-7087.15
-7089.05
-7089.07
-7087.92
-7089.5
-7089.68
-7089.89
-7087.31
-7088.49
-7088.41
-7085.78
-7085.77
-7087.7
-7087.89
-7088.09
-7088.28
-7087.92
-7088.63
-7088.38
-7088.25
-7087.43
-7087.61
-7085.91
-7087.53
-7085.61
-7085.61
-7085.65
-7088.36
-7085.64
-7087.48
-7087.66
-7087.52
-7085.42
-7086.42
-7085.25
-7085.24
-7085.35
-7085.24
-7085.1
-7086.76
-7086.78
-7085.23
-7085.26
-7085.24
-7087.28
-7086.35
-7087.64
-7085
-7084.93
-7084.88
-7084.91
-7084.99
-7086.84
-7085.41
-7087.11
-7087.34
-7087.48
-7087.21
-7087.01
-7084.89
-7085.1
-7085.9
-7086.65
-7086.7
-7085.27
-7085.36
-7087.28
-7085.1
-7086.77
-7086.63
-7085.51
-7086.39
-7084.75
-7086.51
-7085.04
-7085.12
-7085.21
-7084.89
-7086.34
-7086.4
-7085.76
-7086.15
-7086.11
-7084.87
-7084.89
-7086.22
-7085.98
-7086.48
-7084.73
-7086.19
-7085.5
-7085.99
-7085.98
-7084.78
-7085.59
-7086.18
-7085.49
-7162.54
-7162.59
-7162.65
-7162.59
-7164.91
-7164.94
-7163.39
-7165.31
-7165.38
-7163.39
-7161.33
-7164.41
-7164.3
-7161.24
-7161.27
-7163.56
-7161.87
-7163.88
-7164.04
-7164.11
-7164.46
-7164.23
-7163.56
-7163.12
-7163.4
-7161.31
-7163.28
-7160.94
-7160.9
-7160.9
-7164.21
-7161.04
-7160.98
-7163.44
-7163.39
-7160.99
-7163.01
-7162.89
-7160.6
-7160.64
-7160.54
-7160.53
-7162.66
-7160.67
-7161.49
-7161.63
-7161.24
-7163.05
-7163.15
-7163.31
-7160.39
-7160.34
-7162.36
-7160.4
-7160.42
-7162.66
-7161
-7161.12
-7163.11
-7163.28
-7163.03
-7161.47
-7160.39
-7160.24
-7160.31
-7162.12
-7161.95
-7160.79
-7161.16
-7163.09
-7160.58
-7162.51
-7160.95
-7160.19
-7160.95
-7160.26
-7162.22
-7160.58
-7160.63
-7160.69
-7160.41
-7162.35
-7162.18
-7162.05
-7161.94
-7161.91
-7161.99
-7160.77
-7162.01
-7160.42
-7162.23
-7161.76
-7162
-7161.87
-7161.78
-7161.74
-7160.97
-7161.82
-7161.95
-7160.34
-7233.77
-7233.95
-7234.18
-7234.09
-7236.75
-7236.8
-7236.72
-7237.08
-7237.08
-7234.57
-7232.65
-7236.41
-7236.26
-7232.79
-7232.81
-7235.45
-7233.3
-7233.2
-7233.86
-7235.94
-7236.37
-7236.19
-7232.86
-7235.49
-7232.74
-7232.77
-7235.12
-7232.46
-7232.38
-7234.9
-7236.02
-7232.39
-7232.38
-7235.37
-7235.38
-7232.57
-7234.96
-7235.11
-7232.13
-7231.87
-7231.89
-7232.41
-7234.59
-7232.34
-7235.09
-7234.84
-7234.86
-7234.97
-7235.05
-7232.85
-7233.19
-7233.9
-7234.62
-7231.99
-7231.99
-7234.59
-7232.68
-7232.72
-7235.08
-7235.22
-7234.98
-7232.95
-7233.7
-7231.84
-7231.88
-7232.02
-7232.32
-7232.51
-7234.86
-7235.06
-7232.22
-7233.6
-7232.36
-7231.98
-7231.83
-7231.94
-7233.78
-7232.29
-7232.26
-7232.3
-7232.06
-7234.17
-7234.04
-7234.01
-7233.92
-7233.81
-7233.87
-7233.87
-7232.42
-7232.02
-7234.19
-7234.1
-7233.98
-7233.88
-7233.79
-7233.72
-7233.69
-7233.8
-7233.92
-7231.95
-7301.49
-7301.82
-7305.07
-7302.07
-7303.26
-7303.32
-7305.39
-7305.36
-7305.31
-7302.5
-7300.51
-7304.85
-7304.68
-7300.91
-7300.92
-7301.61
-7301.07
-7300.81
-7300.71
-7304.32
-7304.82
-7301.56
-7300.62
-7304.03
-7300.74
-7300.87
-7301.56
-7300.5
-7300.38
-7303.99
-7300.31
-7300.25
-7300.36
-7303.86
-7303.89
-7302.02
-7303.42
-7303.48
-7300.23
-7302.59
-7299.93
-7303.09
-7303.12
-7300.49
-7303.46
-7303.33
-7303.37
-7303.46
-7303.38
-7299.93
-7303.46
-7303.25
-7303.17
-7300.16
-7300.49
-7303.09
-7300.88
-7300.98
-7303.61
-7303.73
-7303.47
-7301.01
-7303.12
-7300.03
-7300.14
-7300.26
-7300.48
-7300.76
-7303.48
-7303.6
-7300.63
-7300.58
-7300.83
-7302.91
-7300.11
-7300.17
-7300.46
-7302.18
-7302.69
-7300.51
-7300.3
-7302.01
-7301.94
-7302.57
-7301.56
-7300.44
-7302.4
-7302.45
-7300.21
-7300.25
-7302.73
-7302.65
-7302.54
-7302.43
-7302.14
-7301.07
-7302.27
-7302.32
-7302.17
-7301.44
-7366.53
-7366.8
-7370.53
-7368.9
-7368.03
-7368
-7370.96
-7370.86
-7370.78
-7367.68
-7367.9
-7370.56
-7366.85
-7369.53
-7367.92
-7366.86
-7369.22
-7366.01
-7365.88
-7369.94
-7370.57
-7365.68
-7365.8
-7369.73
-7366.29
-7366.71
-7365.82
-7365.71
-7365.6
-7369.67
-7365.38
-7365.52
-7365.61
-7369.57
-7366.74
-7369.15
-7368.77
-7366.01
-7365.52
-7369.28
-7365.21
-7367.72
-7365.78
-7365.68
-7369.03
-7369.08
-7369.13
-7369.21
-7369.24
-7365.26
-7369.14
-7369.1
-7368.98
-7365.61
-7368.88
-7368.09
-7366.89
-7368.52
-7369.31
-7369.25
-7369.24
-7368.91
-7368.96
-7367.45
-7366.09
-7367.56
-7366.25
-7366.32
-7369.19
-7369.29
-7369.04
-7365.92
-7368.23
-7368.78
-7365.94
-7367.44
-7366.19
-7368.77
-7369.05
-7365.9
-7365.78
-7365.76
-7365.81
-7367.54
-7365.89
-7365.89
-7368.18
-7368.37
-7365.7
-7365.76
-7368.49
-7367.94
-7366.06
-7367.96
-7365.79
-7365.75
-7368.09
-7366.97
-7365.71
-7368.47
-7429.57
-7429.79
-7434.02
-7434.32
-7431.17
-7431.12
-7434.28
-7434.29
-7434.21
-7430.79
-7434.43
-7434.24
-7429.47
-7433.52
-7433.28
-7430.1
-7433
-7429.13
-7429
-7433.52
-7434.27
-7428.9
-7431.93
-7433.39
-7429.79
-7432.64
-7428.95
-7428.86
-7428.77
-7433.26
-7428.78
-7428.69
-7428.8
-7431.97
-7429.91
-7432.75
-7429.11
-7428.87
-7431.6
-7428.29
-7428.41
-7428.59
-7428.76
-7428.81
-7432.69
-7432.73
-7432.82
-7432.87
-7432.9
-7428.42
-7429.41
-7432.82
-7432.23
-7428.95
-7432.57
-7429.7
-7432.7
-7432.85
-7432.88
-7428.58
-7432.94
-7432.83
-7432.72
-7432.65
-7432.43
-7432.32
-7429.76
-7429.77
-7432.83
-7432.9
-7432.84
-7429.38
-7432.58
-7432.54
-7432.42
-7432.33
-7429.73
-7432.11
-7431.46
-7429.23
-7429.21
-7429.17
-7429.18
-7429.3
-7429.28
-7429.3
-7431.72
-7431.87
-7429.18
-7429.15
-7430.33
-7429.14
-7429.06
-7429.19
-7429.21
-7429.21
-7431.77
-7429.28
-7429.18
-7432.36
-7491.22
-7491.42
-7496.07
-7496.41
-7494.33
-7492.76
-7492.7
-7493.56
-7496.24
-7493.95
-7496.77
-7496.55
-7491.16
-7495.71
-7495.55
-7491.85
-7494.98
-7494
-7490.88
-7495.65
-7496.6
-7495.86
-7495.83
-7495.57
-7494.99
-7494.77
-7490.74
-7490.58
-7490.51
-7494.93
-7495.95
-7490.42
-7492.42
-7490.84
-7491.44
-7494.73
-7490.8
-7490.66
-7495.01
-7489.54
-7490.13
-7490.31
-7490.51
-7490.67
-7493
-7493.33
-7493.33
-7495.06
-7495.06
-7489.81
-7490.22
-7495.04
-7490.63
-7494.64
-7494.58
-7491.49
-7494.95
-7495.04
-7495.03
-7490.29
-7495.17
-7495.1
-7495.04
-7494.88
-7494.72
-7494.63
-7493.8
-7494.54
-7495.01
-7492.4
-7495.21
-7493.02
-7494.89
-7494.81
-7494.75
-7494.64
-7491.59
-7494.24
-7491.22
-7491.17
-7491.13
-7491.08
-7491.08
-7491.15
-7491.23
-7491.28
-7491.31
-7491.24
-7491.22
-7493.61
-7490.96
-7491
-7490.99
-7491.03
-7491.15
-7491.23
-7491.89
-7491.25
-7491.19
-7494.64
-7551.92
-7552.09
-7557.18
-7557.33
-7557.33
-7553.45
-7553.42
-7553.41
-7557.34
-7557.24
-7558.13
-7557.9
-7551.93
-7556.74
-7556.59
-7552.67
-7556.19
-7556.52
-7556.78
-7555.32
-7557.97
-7557.71
-7557.33
-7556.85
-7556.21
-7555.79
-7555.66
-7551.38
-7551.03
-7550.41
-7557.75
-7551.17
-7557.04
-7552.71
-7555.07
-7555.79
-7551.53
-7551.47
-7553.33
-7550.23
-7550.91
-7551.04
-7551.13
-7551.39
-7551.52
-7552.07
-7551.71
-7556.25
-7556.28
-7553.1
-7550.93
-7556.22
-7551.31
-7556.01
-7554.42
-7552.38
-7556.12
-7556.17
-7555.35
-7551.73
-7556.44
-7556.38
-7552.98
-7556.11
-7556.05
-7555.98
-7556.03
-7556.09
-7553.89
-7552.32
-7556.53
-7556.37
-7556.21
-7556.11
-7556.09
-7555.98
-7555.48
-7552.64
-7552.29
-7554.2
-7552.13
-7552.02
-7552.03
-7552.06
-7552.26
-7552.31
-7552.34
-7552.46
-7552.25
-7556.18
-7551.81
-7551.91
-7551.99
-7551.98
-7552.04
-7552.18
-7552.38
-7552.39
-7552.29
-7556.02
-7612.05
-7612.21
-7617.73
-7617.8
-7616.93
-7615.6
-7613.66
-7615.74
-7617.88
-7617.79
-7612.23
-7618.61
-7612.12
-7617.18
-7613.46
-7612.94
-7615.12
-7617.15
-7617.42
-7611.85
-7618.8
-7618.58
-7618.03
-7612.7
-7616.33
-7616.33
-7616.27
-7615.64
-7616.82
-7611.11
-7618.35
-7612.29
-7618.03
-7617.74
-7616.92
-7616.35
-7612.02
-7611.73
-7611.22
-7610.43
-7611.11
-7611.22
-7614.69
-7613.63
-7612.26
-7612.64
-7612.39
-7613.82
-7616.89
-7617.11
-7611.14
-7611.57
-7611.57
-7612.59
-7612.73
-7612.67
-7614.7
-7616.72
-7613.99
-7612.47
-7617.09
-7617.1
-7611.67
-7616.76
-7616.73
-7616.01
-7616.53
-7616.71
-7612.71
-7615.8
-7617.24
-7617.18
-7616.99
-7616.82
-7616.77
-7616.73
-7616.62
-7612.73
-7612.62
-7617.43
-7612.41
-7614.76
-7613.76
-7613.76
-7616.74
-7612.79
-7612.88
-7612.9
-7616.6
-7617.04
-7612.13
-7612.17
-7612.29
-7612.43
-7615.93
-7614.71
-7612.94
-7615.54
-7614.79
-7616.01
-7671.94
-7673.37
-7677.99
-7674.86
-7673.46
-7673.11
-7673.96
-7678.13
-7678.12
-7678.08
-7671.67
-7676.88
-7672.01
-7677.23
-7672.72
-7672.76
-7673.06
-7676.43
-7677.73
-7671.81
-7679.32
-7679.12
-7671.99
-7672.27
-7673.66
-7674.34
-7675.38
-7676.27
-7673.04
-7671.54
-7678.86
-7678.89
-7678.67
-7673.41
-7674.7
-7676.61
-7676.26
-7674.63
-7671.4
-7676.71
-7670.99
-7671.08
-7678.35
-7677.82
-7672.77
-7673.9
-7672.43
-7672.12
-7677.26
-7677.56
-7671.04
-7671.11
-7671.41
-7671.56
-7673.51
-7672.71
-7672.65
-7675.09
-7677.01
-7672.09
-7677.52
-7675.36
-7671.52
-7672.23
-7674.81
-7672.65
-7676.73
-7674.28
-7672.62
-7677.94
-7677.57
-7677.57
-7676.71
-7677.13
-7675.91
-7677
-7676.92
-7672.67
-7672.6
-7677.94
-7672.27
-7677.51
-7677.17
-7677.01
-7676.91
-7676.8
-7673.59
-7675.59
-7676.63
-7676.74
-7672.12
-7675.3
-7676.34
-7674.53
-7676.7
-7676.66
-7674.59
-7676.26
-7676.32
-7672.32
-7731.65
-7738.11
-7738.07
-7737.26
-7736.1
-7732.69
-7736.6
-7736.89
-7738.23
-7738.24
-7731.39
-7731.53
-7731.75
-7731.79
-7732.13
-7735.4
-7732.9
-7732.99
-7737.89
-7731.61
-7739.69
-7737.8
-7731.66
-7731.86
-7732.19
-7736.21
-7732.81
-7736.42
-7731.15
-7731.28
-7739.32
-7739.24
-7738.96
-7732.27
-7732.52
-7735.22
-7736.5
-7736.35
-7731.07
-7737.62
-7730.66
-7735.92
-7738.73
-7738.45
-7737.79
-7737.21
-7736.45
-7731.76
-7732.39
-7737.86
-7730.71
-7730.81
-7731.12
-7733.03
-7736.9
-7732.48
-7733.27
-7731.9
-7737.53
-7736.26
-7737.85
-7731.18
-7731.33
-7731.44
-7731.78
-7732.17
-7732.68
-7732.2
-7732.39
-7738.42
-7737.72
-7737.65
-7736.97
-7734.01
-7732.3
-7734.7
-7734.53
-7732.46
-7732.45
-7738.27
-7731.9
-7737.42
-7737.26
-7737.16
-7737.09
-7736.97
-7736.71
-7736.57
-7736.35
-7732.27
-7731.92
-7737.22
-7737.09
-7737
-7736.98
-7736.82
-7736.68
-7736.51
-7736.51
-7731.95
-7791.34
-7798.17
-7798.12
-7798.05
-7797.85
-7792.33
-7796.54
-7792.51
-7798.3
-7798.36
-7791.19
-7792.08
-7792.57
-7791.81
-7792.2
-7796.93
-7792.67
-7792.52
-7798.01
-7791.32
-7800.14
-7791.85
-7791.64
-7791.84
-7792.1
-7796.66
-7792.45
-7796.45
-7790.96
-7791.03
-7799.84
-7798.68
-7797.67
-7791.91
-7794.74
-7794.69
-7796.65
-7796.49
-7790.66
-7797.62
-7790.27
-7798.26
-7798.56
-7798.26
-7798.11
-7797.66
-7797.18
-7791.37
-7790.77
-7798.15
-7793.23
-7791.8
-7792.06
-7798.04
-7796.25
-7796.66
-7796.55
-7791.47
-7797.9
-7798.46
-7798
-7791.14
-7791.11
-7791.19
-7791.37
-7791.69
-7791.89
-7791.66
-7791.94
-7798.61
-7792.03
-7794.18
-7797.29
-7791.42
-7791.73
-7791.96
-7792.29
-7796.15
-7792.15
-7798.53
-7791.6
-7797.29
-7797.37
-7797.29
-7797.17
-7797.1
-7796.94
-7796.73
-7796.55
-7791.47
-7792.17
-7796.98
-7797.3
-7797.18
-7795.7
-7795.2
-7795.42
-7796.56
-7796.55
-7791.44
-7851
-7858.02
-7858.29
-7854.35
-7856.07
-7851.89
-7856.43
-7852
-7855.76
-7858.43
-7860.09
-7858.55
-7858.52
-7851.85
-7855.42
-7857.02
-7852.22
-7851.9
-7858.07
-7856.06
-7860.51
-7851.94
-7851.49
-7851.54
-7856.65
-7856.77
-7854.39
-7856.46
-7850.63
-7850.67
-7860.15
-7851.54
-7851.74
-7851.62
-7856.47
-7856.16
-7856.62
-7856.56
-7850.18
-7857.84
-7849.78
-7857.78
-7854.18
-7858.15
-7854.99
-7855.12
-7856.74
-7850.87
-7850.4
-7858.03
-7857.81
-7857.42
-7856.91
-7854.69
-7852.94
-7852.64
-7854.1
-7851.1
-7857.81
-7858.2
-7858.02
-7852.97
-7853.34
-7851.03
-7852.47
-7851.61
-7851.93
-7854.37
-7851.87
-7858.03
-7851.32
-7851.65
-7857.38
-7851.8
-7851.73
-7853.63
-7853.46
-7856.74
-7852.78
-7853.79
-7851.23
-7852.2
-7857.37
-7857.33
-7855.97
-7856.7
-7856.65
-7856.61
-7856.61
-7851.05
-7856.26
-7856.68
-7852.51
-7855.87
-7852.31
-7852.33
-7852.44
-7856.08
-7856.55
-7851.01
-7910.52
-7912.61
-7912.04
-7911.23
-7911.4
-7911.39
-7914.02
-7911.48
-7911.31
-7918.46
-7920.84
-7920.04
-7919.18
-7915.44
-7916.94
-7916.98
-7915.98
-7915.42
-7918.09
-7918.26
-7920.81
-7911.18
-7917.79
-7912.76
-7916.67
-7916.73
-7916.71
-7916.5
-7909.97
-7913.87
-7914.01
-7910.54
-7910.82
-7915.08
-7916.48
-7916.68
-7916.58
-7913.13
-7909.71
-7918.02
-7909.24
-7912.46
-7911.18
-7916.06
-7912.62
-7912.52
-7916.5
-7910.7
-7915.72
-7917.99
-7917.82
-7917.48
-7917.26
-7912.83
-7912.69
-7912.56
-7912.33
-7912.38
-7917.82
-7917.97
-7917.99
-7917.87
-7917.5
-7912.86
-7916.33
-7915.55
-7914.8
-7917.11
-7917
-7908.26
-7910.89
-7911.22
-7917.25
-7917.22
-7915.31
-7916.27
-7916.56
-7916.79
-7916.87
-7908.13
-7910.79
-7910.8
-7917.27
-7913.34
-7911.83
-7912.01
-7911.84
-7914.9
-7916.54
-7912.92
-7916.24
-7911.74
-7911.18
-7911.6
-7911.79
-7911.81
-7911.9
-7911.44
-7914.94
-7913.66
-7970.01
-7970.03
-7970.16
-7970.54
-7970.78
-7970.88
-7970.88
-7972
-7970.78
-7978.37
-7980.34
-7975.9
-7973.75
-7976.53
-7976.81
-7976.8
-7976.94
-7977.03
-7973.56
-7977.07
-7981.09
-7979.7
-7973.16
-7976.44
-7976.55
-7976.56
-7976.59
-7971.05
-7969.16
-7978.22
-7968.71
-7969.42
-7970.07
-7975.72
-7976.38
-7974.26
-7976.41
-7969.19
-7969.21
-7977.98
-7968.66
-7968.84
-7969.62
-7970.87
-7971.83
-7972.03
-7972.48
-7972.79
-7977.74
-7977.92
-7973.45
-7977.47
-7977.32
-7971.98
-7972.14
-7971.96
-7971.76
-7977.48
-7977.56
-7969.84
-7977.91
-7977.86
-7977.58
-7977.18
-7976.58
-7976.43
-7976.9
-7977.28
-7977.54
-7966.95
-7975
-7970.62
-7977.21
-7972.3
-7976.14
-7975.97
-7975.51
-7976.95
-7977.18
-7967.23
-7970.31
-7970.32
-7972.45
-7970.87
-7971.05
-7971.29
-7970.94
-7970.56
-7973.48
-7977.81
-7972.9
-7970.45
-7970.55
-7970.75
-7971.17
-7971.34
-7971.09
-7970.73
-7970.75
-7978.05
-8029.38
-8029.41
-8029.47
-8030.87
-8031.9
-8030.66
-8035.52
-8037.78
-8029.82
-8038.12
-8029.21
-8029.38
-8029.4
-8035.73
-8032.26
-8036.62
-8036.73
-8037.03
-8028.78
-8029.16
-8041.37
-8040.96
-8029.45
-8035.58
-8034
-8034.81
-8035.69
-8028.46
-8028.31
-8038.01
-8028.07
-8034.64
-8029.81
-8034.43
-8031.19
-8030.58
-8031.56
-8028.78
-8028.32
-8037.78
-8027.99
-8028.07
-8035.7
-8033.66
-8032.45
-8032.16
-8030.55
-8036.78
-8037.19
-8037.44
-8028.24
-8033.19
-8037.18
-8035.6
-8032.76
-8034.62
-8030.9
-8037.17
-8037.22
-8025.69
-8037.72
-8037.63
-8037.43
-8037.11
-8036.39
-8035.7
-8035.06
-8037.03
-8037.21
-8025.92
-8037.58
-8036.52
-8033.29
-8030.34
-8035.57
-8035.08
-8030.33
-8031.4
-8031.95
-8026.18
-8029.7
-8029.74
-8029.6
-8030.07
-8030.34
-8030.41
-8030.01
-8029.71
-8029.46
-8038.08
-8029.83
-8029.78
-8029.91
-8033.64
-8031.43
-8032.86
-8035.71
-8029.97
-8029.84
-8038.18
-8088.63
-8088.69
-8088.66
-8097.13
-8096.93
-8097.16
-8097.52
-8097.66
-8097.43
-8093.83
-8088.47
-8088.55
-8088.63
-8089.66
-8089.4
-8090.04
-8095
-8092.39
-8087.81
-8088.18
-8100.75
-8100.66
-8088.61
-8091.81
-8089.38
-8089.15
-8087.84
-8087.5
-8087.66
-8088.2
-8087.26
-8100.12
-8089.1
-8090.49
-8089.88
-8089.71
-8088.87
-8088.24
-8094.02
-8097.48
-8087.15
-8091.48
-8096.91
-8096.52
-8096.04
-8095.52
-8089.68
-8096.6
-8096.72
-8095.51
-8087.25
-8087.62
-8096.79
-8096.65
-8096.28
-8095.46
-8095.42
-8096.73
-8096.77
-8084.48
-8097.3
-8096.11
-8092.8
-8089.89
-8091
-8090.68
-8089.65
-8095.34
-8095.89
-8084.8
-8097.18
-8096.99
-8088.45
-8089.22
-8089.73
-8089.64
-8089.1
-8088.3
-8086.65
-8085.14
-8089.02
-8088.87
-8088.71
-8090.76
-8090.56
-8091.96
-8093.53
-8088.77
-8088.26
-8098.05
-8089.05
-8089.2
-8089.59
-8095.29
-8095.43
-8095.57
-8095.62
-8091.54
-8089.87
-8098.02
-8147.63
-8147.7
-8156.22
-8156.78
-8156.61
-8156.93
-8157.09
-8157.22
-8157.26
-8157.32
-8147.47
-8147.54
-8147.63
-8147.79
-8148.2
-8148.89
-8149.59
-8149.12
-8151.88
-8148.25
-8160.71
-8152.3
-8147.53
-8147.69
-8148.03
-8150.14
-8148.19
-8147.46
-8146.83
-8145.12
-8146.41
-8158.45
-8157.34
-8148.38
-8154.55
-8149.84
-8148.79
-8155.72
-8155.97
-8150.25
-8146.03
-8157.39
-8156.8
-8156.3
-8155.94
-8155.4
-8152.3
-8155.95
-8156.03
-8143.14
-8146.22
-8146.21
-8156.29
-8155.91
-8155.34
-8155.11
-8155.86
-8156.05
-8156.09
-8143.2
-8156.62
-8146.76
-8146.98
-8147.83
-8148.49
-8148.65
-8148.37
-8147.83
-8147.05
-8143.59
-8156.6
-8156.48
-8147.19
-8152.15
-8148.79
-8149.02
-8149.65
-8147.48
-8147.19
-8155.14
-8148.12
-8154.16
-8147.48
-8155.3
-8155.04
-8155.08
-8155.48
-8147.58
-8147.45
-8157.56
-8148.25
-8148.59
-8155.03
-8154.8
-8155.03
-8155.09
-8155.27
-8156.32
-8157.26
-8157.49
-8206.46
-8206.51
-8216.46
-8216.14
-8215.43
-8216.33
-8216.39
-8216.49
-8216.61
-8216.59
-8216.27
-8207.99
-8206.61
-8206.69
-8207.05
-8215.46
-8208.82
-8208.84
-8216.35
-8216.26
-8220.3
-8208.51
-8208.12
-8207.04
-8209.9
-8214.58
-8213.41
-8214.48
-8215.2
-8203.34
-8219.01
-8216.47
-8216.1
-8214.7
-8214.1
-8213.93
-8209.26
-8214.71
-8211.79
-8202.08
-8204.65
-8210.87
-8215.57
-8213.15
-8212.96
-8210.39
-8214.71
-8214.84
-8215.05
-8201.42
-8204.68
-8204.7
-8208.31
-8207.83
-8207.09
-8207.32
-8214.17
-8210.2
-8212.44
-8207.44
-8215.7
-8204.95
-8205.31
-8206.04
-8206.81
-8207.21
-8206.86
-8206.15
-8205.61
-8216.4
-8215.7
-8215.6
-8205.75
-8214.63
-8209.49
-8207.55
-8214.75
-8206.78
-8205.94
-8216.68
-8211.62
-8215.52
-8210.15
-8214.63
-8214.54
-8214.62
-8214.8
-8211.79
-8208.95
-8216.79
-8207.19
-8214.78
-8214.55
-8212.38
-8214.29
-8214.22
-8211.9
-8215.21
-8215.84
-8216.35
-8273.26
-8275.35
-8275.49
-8271.03
-8269.31
-8269.76
-8271.57
-8275.4
-8275.51
-8275.6
-8279.54
-8278.46
-8265.26
-8272.71
-8271.07
-8273.97
-8271.34
-8268.18
-8270.44
-8275.42
-8279.52
-8266.64
-8275.08
-8271.44
-8274.07
-8273.72
-8273.52
-8273.75
-8273.99
-8268.72
-8278.94
-8264.39
-8275
-8274.74
-8273.34
-8272.78
-8273.19
-8273.34
-8260.69
-8260.15
-8263
-8263.17
-8268.97
-8264.75
-8265.29
-8265.68
-8272.65
-8268.7
-8264.03
-8259.69
-8262.93
-8263.07
-8263.18
-8263.85
-8264.65
-8265.22
-8264.81
-8263.61
-8262.96
-8275.07
-8274.53
-8263.42
-8263.7
-8273.07
-8268.64
-8269
-8270.66
-8264.09
-8263.93
-8276.14
-8274.53
-8274.53
-8268.47
-8273.63
-8273.45
-8273.17
-8274.12
-8274.14
-8264.61
-8275.97
-8274.42
-8274.47
-8274.22
-8273.69
-8273.54
-8273.55
-8273.77
-8274.89
-8275.61
-8275.71
-8265.78
-8274.21
-8273.69
-8267.2
-8270.34
-8270.31
-8267.63
-8273.1
-8274.91
-8266.5
-8337.65
-8336.12
-8329.99
-8327.59
-8327.56
-8327.7
-8327.9
-8330.85
-8334.14
-8334.28
-8338.56
-8336.82
-8331.71
-8333.43
-8332.93
-8332.65
-8332.5
-8332.6
-8328.73
-8334.12
-8338.48
-8331.31
-8334.52
-8333.64
-8333.12
-8332.65
-8332.4
-8332.54
-8333.15
-8333.87
-8337.94
-8329.48
-8333.62
-8324.2
-8324.72
-8324.56
-8331.88
-8332.1
-8324.81
-8318.27
-8321.15
-8321.27
-8321.9
-8322.45
-8322.91
-8323.54
-8325.8
-8320.13
-8318.49
-8317.65
-8321.1
-8321.22
-8321.27
-8321.87
-8322.47
-8322.74
-8321.87
-8321.17
-8320.05
-8334.32
-8327.31
-8331.85
-8323.37
-8332.13
-8331.88
-8332.41
-8332.64
-8330.76
-8328.12
-8334.85
-8333.12
-8333.1
-8333.05
-8332.57
-8332.49
-8332.73
-8332.99
-8333.86
-8334.54
-8334.76
-8332.98
-8333.06
-8332.95
-8332.53
-8331.99
-8328.8
-8329.3
-8333.18
-8333.77
-8330.67
-8324.14
-8330.89
-8329.85
-8325.22
-8325.27
-8325.28
-8325.64
-8325.97
-8331.45
-8324.41
-8395.14
-8394.71
-8385.75
-8385.68
-8385.69
-8385.92
-8385.97
-8386.01
-8392.06
-8392.62
-8379.81
-8388.19
-8392.51
-8391.88
-8391.36
-8390.82
-8390.13
-8390.8
-8391.4
-8392.48
-8397.12
-8396.92
-8393.95
-8392.52
-8391.58
-8391.08
-8390.66
-8390.81
-8390.93
-8387.77
-8396.91
-8396.51
-8388.45
-8387.6
-8389.46
-8390.27
-8390.3
-8382.58
-8390.62
-8383.36
-8379.46
-8390.38
-8384.93
-8380.79
-8385.42
-8381.13
-8379.96
-8379.54
-8378.05
-8387.25
-8379.02
-8379.44
-8379.69
-8380.24
-8386.13
-8387.71
-8381.26
-8381.07
-8381.93
-8393.14
-8379.23
-8391.25
-8390.65
-8390.25
-8390.6
-8390.81
-8391.22
-8392.31
-8393.11
-8393.24
-8391.48
-8391.38
-8391.32
-8390.92
-8390.47
-8390.72
-8387.26
-8392.3
-8393
-8393.16
-8391.44
-8391.38
-8391.3
-8384.67
-8383.46
-8382.51
-8382.67
-8391.69
-8392.15
-8382.71
-8384.12
-8382.89
-8383.09
-8383.34
-8383.33
-8383.12
-8383.23
-8383.68
-8383.03
-8382.43
-8449.26
-8438.46
-8445.62
-8446.49
-8448.96
-8451.69
-8449.31
-8446.5
-8440.97
-8446.07
-8435
-8435.72
-8445.94
-8446.89
-8443.26
-8448.64
-8439.64
-8446.26
-8442.89
-8440.08
-8455.73
-8454.98
-8436.99
-8443.74
-8438.64
-8444.49
-8442.26
-8440.07
-8442.6
-8433.68
-8455.04
-8454.68
-8438.86
-8448.08
-8448.51
-8447.57
-8442.42
-8437.87
-8448.2
-8435.03
-8452.18
-8454.02
-8452.24
-8448.58
-8449.55
-8448.07
-8438.95
-8442.21
-8449.61
-8451.22
-8436.59
-8451.09
-8443.07
-8447.47
-8449.11
-8448.84
-8448.86
-8450.22
-8451.1
-8451.42
-8436.61
-8450
-8448.82
-8442.82
-8446.43
-8448.92
-8449.77
-8450.56
-8451.18
-8451.39
-8447.8
-8449.01
-8448.86
-8439.09
-8442.65
-8445.43
-8440.17
-8449.97
-8450.66
-8445.91
-8449.31
-8444.12
-8447.18
-8439.23
-8439.44
-8439.79
-8440.06
-8444.41
-8441.93
-8440.77
-8449.2
-8440.2
-8440.53
-8443.91
-8441.7
-8441.84
-8446.5
-8441.63
-8441.52
-8445.53
-8491.85
-8492.54
-8508.55
-8508.76
-8508.88
-8508.93
-8509.34
-8509.8
-8495.1
-8491.66
-8491.36
-8491.71
-8492.35
-8494.18
-8495.76
-8496.04
-8493.66
-8491.81
-8491.52
-8490.53
-8500.22
-8496.45
-8492.95
-8493.43
-8493.63
-8492.11
-8491.01
-8490.77
-8490.43
-8489.97
-8508.64
-8506.97
-8505.33
-8505.28
-8501.11
-8493.03
-8491.32
-8498.92
-8506.37
-8489.85
-8511.53
-8500.28
-8508.52
-8508.01
-8507.46
-8506.96
-8505.78
-8506.93
-8508.18
-8509.05
-8493.67
-8508.11
-8508.18
-8507.49
-8507.01
-8506.52
-8506.8
-8508
-8508.87
-8509.04
-8493.69
-8507.11
-8499.32
-8495.09
-8495.6
-8496.94
-8499.79
-8506.81
-8508.28
-8504.82
-8494.12
-8495.12
-8496.2
-8495.42
-8495.91
-8496.65
-8497.02
-8497.55
-8502.56
-8499.78
-8506.85
-8495.58
-8495.89
-8496.03
-8496.5
-8496.73
-8497.12
-8497.36
-8498.29
-8499.55
-8506.92
-8497.12
-8499.23
-8505.27
-8504.72
-8504.45
-8504.65
-8499.62
-8499.18
-8505.46
-8554.5
-8564.38
-8564.9
-8564.77
-8561.17
-8563.61
-8566.07
-8566.33
-8566.63
-8551.91
-8547.22
-8556.97
-8560.71
-8563.05
-8560.75
-8563.11
-8565.52
-8557.04
-8560.72
-8546.13
-8547.24
-8547.85
-8548.81
-8549.04
-8548.49
-8546.91
-8546.47
-8546.19
-8545.78
-8545.81
-8549.16
-8549.25
-8562.9
-8549.29
-8548.54
-8547.15
-8546.67
-8562.22
-8545.96
-8545.63
-8569.32
-8551.4
-8565.16
-8564.99
-8564.41
-8563.89
-8563.33
-8562.75
-8561.24
-8553.21
-8550.06
-8564.94
-8565.28
-8564.64
-8559.27
-8562.4
-8562.86
-8563.48
-8564.87
-8560.34
-8550.06
-8553.05
-8550.87
-8551.02
-8551.14
-8551.78
-8552.81
-8553.94
-8563.3
-8556.36
-8550.47
-8550.78
-8551.13
-8551.52
-8551.7
-8552.38
-8553.17
-8553.56
-8554.45
-8555.9
-8563.89
-8551.79
-8551.83
-8554.29
-8555.16
-8556.97
-8557.13
-8554.61
-8555.27
-8564.26
-8563.99
-8563.62
-8562.76
-8562.61
-8562.29
-8561.73
-8561.45
-8561.79
-8557.25
-8562.91
-8619.16
-8618.44
-8617.85
-8603.99
-8602.31
-8602.42
-8606.65
-8618.21
-8621.51
-8623.6
-8601.48
-8618.39
-8617.1
-8609.43
-8609.23
-8608.27
-8610.44
-8619.66
-8621.38
-8600.42
-8601.46
-8601.31
-8601.65
-8602.28
-8609.4
-8609.83
-8599.64
-8599.15
-8599.41
-8599.94
-8624.17
-8602.18
-8603.07
-8609.26
-8607.61
-8601.82
-8605.61
-8612.2
-8599.35
-8599.85
-8624.84
-8607.75
-8619.65
-8619.29
-8618.65
-8617.7
-8616.86
-8616.71
-8600.35
-8600
-8604.7
-8619.72
-8619.88
-8618.48
-8604.91
-8605.65
-8616.22
-8611.31
-8605.14
-8613.53
-8604.54
-8604.71
-8604.81
-8604.99
-8605.22
-8605.42
-8606.17
-8607.42
-8608.36
-8611.59
-8609.27
-8605.71
-8605.55
-8605.69
-8613.63
-8612.18
-8610
-8608.99
-8613.87
-8615.99
-8619.4
-8606.47
-8611.88
-8618.12
-8617.51
-8617.38
-8617.55
-8612.19
-8617.27
-8619.75
-8619.68
-8619.48
-8618.94
-8618.22
-8618.03
-8617.77
-8617.49
-8617.58
-8617.69
-8616.64
-8671.24
-8660.24
-8652.97
-8651.77
-8651.3
-8651.18
-8651.82
-8653.34
-8659.82
-8678.1
-8653.14
-8668.78
-8658.11
-8652.39
-8651.73
-8651.82
-8652.78
-8658.08
-8674.25
-8679.56
-8661.03
-8653.21
-8659.37
-8662.08
-8656.04
-8653.58
-8653.49
-8653.73
-8650.36
-8651.63
-8677.71
-8653.87
-8663.61
-8669.61
-8667.13
-8662.76
-8665.9
-8649.87
-8650.73
-8651.87
-8677.88
-8676.54
-8671.1
-8670.34
-8661.18
-8662.08
-8666.58
-8654.77
-8651.37
-8669.03
-8656.78
-8665.52
-8657.93
-8657.12
-8657.65
-8658.06
-8658.69
-8658.48
-8673.14
-8676.06
-8657.15
-8656.52
-8656.34
-8656.34
-8659.12
-8657.81
-8659.16
-8660.2
-8661.26
-8675.4
-8669.84
-8660.04
-8657.82
-8667.98
-8669.74
-8669.91
-8671.14
-8661.68
-8668.18
-8673.33
-8673.2
-8672.14
-8671.91
-8672.15
-8671.37
-8670.74
-8671.4
-8671.09
-8671.19
-8672.36
-8670.45
-8673.26
-8672.88
-8669.62
-8667.93
-8671.39
-8666.72
-8671.66
-8671.68
-8663.36
-8706.93
-8692.44
-8688.48
-8691.78
-8715.19
-8715.69
-8693.74
-8688.67
-8694.42
-8701.82
-8706.53
-8695.42
-8688.26
-8685.26
-8683.84
-8683.75
-8685.58
-8687.99
-8688.99
-8726.11
-8717.87
-8702.32
-8701.66
-8687.05
-8685.24
-8685.46
-8690.57
-8696.46
-8687.52
-8708.63
-8719.23
-8712.58
-8707.08
-8693.49
-8695.11
-8697.25
-8697.69
-8699.72
-8688.52
-8702.22
-8719.66
-8716.21
-8693.92
-8706.74
-8704.2
-8702.87
-8704.61
-8706.88
-8707.57
-8716.83
-8699.28
-8696.37
-8694.17
-8699.11
-8702.31
-8700.7
-8697.96
-8704.11
-8714.94
-8718.3
-8699.82
-8697.61
-8696.13
-8706.59
-8709.69
-8708.78
-8701.77
-8700.73
-8703.65
-8716.24
-8702.84
-8702.13
-8711.69
-8712.95
-8711.88
-8710.83
-8712.93
-8710.87
-8704.91
-8705.98
-8718.41
-8717.27
-8716.24
-8716.1
-8715.2
-8714.38
-8715.49
-8715.34
-8713.19
-8707.69
-8719.92
-8719.3
-8716.26
-8709.96
-8710.03
-8710.15
-8709.49
-8714.68
-8713.37
-8709.31
-8734.89
-8752.92
-8747.02
-8743.54
-8741.1
-8741.18
-8744
-8748.23
-8755.75
-8733.1
-8754.98
-8725.81
-8731.19
-8741.92
-8741.3
-8741.07
-8742.29
-8733.77
-8734.02
-8761.27
-8754.33
-8727.23
-8718.36
-8713.56
-8710.64
-8710.72
-8711.92
-8712.87
-8717.56
-8761.19
-8754.56
-8746.6
-8727.99
-8717.21
-8714.68
-8714.23
-8716.49
-8720.82
-8735.43
-8757.17
-8755.96
-8749.77
-8737.09
-8723.14
-8727.18
-8730.06
-8734.82
-8739.86
-8746.15
-8753.18
-8754.87
-8743.41
-8728.35
-8739.51
-8737.81
-8738.39
-8740.65
-8745.32
-8749.74
-8755.23
-8737.64
-8734.08
-8737.05
-8745.51
-8744.02
-8744.15
-8745.51
-8745.56
-8750.27
-8742.97
-8741.45
-8738.54
-8751.8
-8750.3
-8742.12
-8741.18
-8750.16
-8748.92
-8742.89
-8745.43
-8757.07
-8747.9
-8755.92
-8753.29
-8746.08
-8745.78
-8748.01
-8747.32
-8747.52
-8749.1
-8762.73
-8761.99
-8752.13
-8751.8
-8751.8
-8751.59
-8751.46
-8751.37
-8751.74
-8752.54
-8675.21
-8673.46
-8651.86
-8637.65
-8432.17
-8431.45
-8638.06
-8652.21
-8673.78
-8671.74
-8693.29
-8662.04
-8652.36
-8642.83
-8636.4
-8637.3
-8644.71
-8654.05
-8678.28
-8701.73
-8677.4
-8651.05
-8631.77
-8617.94
-8640.02
-8639.14
-8616.96
-8626.82
-8643.4
-8684.79
-8680.29
-8661.27
-8641.53
-8630.03
-8624.16
-8623.39
-8628.87
-8639.08
-8653.84
-8676.63
-8707.07
-8688.19
-8671.96
-8644.04
-8639.39
-8638.97
-8645.19
-8667.59
-8683.99
-8686.01
-8714.68
-8699.59
-8683.74
-8673.65
-8669.07
-8670.34
-8675.69
-8684.37
-8696.61
-8712.19
-8700.13
-8693.58
-8699.16
-8691.95
-8688.05
-8688.07
-8692.1
-8699.65
-8709.02
-8719.88
-8712.8
-8704.42
-8713.46
-8709.56
-8701.25
-8697.54
-8706.83
-8703.55
-8708.67
-8717.15
-8727.09
-8719.64
-8716.78
-8716.19
-8715.67
-8715.74
-8716.49
-8718.97
-8723.06
-8728.74
-8749.74
-8737.83
-8736.51
-8736.22
-8735.82
-8735.77
-8735.54
-8736.38
-8738.04
-8739.95
-8712.56
-8591.38
-8200.19
-7963
-7883.95
-7884
-7962.27
-8194.65
-8560.51
-8719.82
-8714.55
-8699.42
-8645.68
-8567.38
-8381.9
-8380.16
-8565.44
-8648.68
-8709.97
-8722.25
-8707.02
-8695.29
-8670.57
-8662.86
-8663.38
-8663.08
-8664.77
-8669.51
-8702.52
-8705.36
-8711.18
-8709.1
-8686.79
-8666.34
-8665.45
-8665.44
-8666.65
-8680.66
-8687.24
-8711.06
-8739.71
-8720.21
-8702.06
-8670.94
-8664.94
-8665.33
-8672.3
-8698.73
-8716.7
-8719.64
-8750.4
-8732.49
-8716.4
-8693.35
-8682.56
-8687.14
-8693.94
-8714.43
-8729.73
-8746.57
-8752.06
-8743.04
-8731.43
-8721.14
-8713.96
-8716.03
-8721.31
-8730.72
-8743.76
-8758.85
-8751.15
-8739.66
-8736.39
-8733.09
-8734.29
-8732.58
-8731.05
-8745.03
-8752.29
-8769.9
-8765.4
-8757.24
-8751.63
-8748.24
-8751
-8747.59
-8749.38
-8753.27
-8759.67
-8773.47
-8789.76
-8777.07
-8773.44
-8776.31
-8771.83
-8771.91
-8776.05
-8773.63
-8776.77
-8784.97
-6334.71
-6335.7
-6336.29
-6336.79
-6336.99
-6337.03
-6336.74
-6336.18
-6335.55
-6335.22
-6344.17
-6345.75
-6346.7
-6347.43
-6347.81
-6347.82
-6347.43
-6346.59
-6345.72
-6344.22
-6350.72
-6352.05
-6353.11
-6353.87
-6354.3
-6354.3
-6353.88
-6353
-6352.04
-6350.41
-6354.92
-6356.39
-6357.7
-6358.54
-6359.01
-6359
-6358.56
-6357.71
-6356.52
-6354.86
-6358.82
-6360.46
-6361.84
-6362.77
-6363.26
-6363.25
-6362.79
-6361.87
-6360.48
-6359.01
-6362.7
-6364.27
-6365.65
-6366.64
-6367.14
-6367.12
-6366.62
-6365.68
-6364.27
-6362.6
-6365.91
-6367.68
-6369.09
-6370.08
-6370.58
-6370.58
-6370.06
-6369.1
-6367.7
-6365.97
-6368.91
-6370.73
-6372.12
-6373.09
-6373.59
-6373.6
-6373.09
-6372.11
-6370.73
-6368.98
-6371.67
-6373.39
-6374.76
-6375.72
-6376.2
-6376.21
-6375.71
-6374.75
-6373.4
-6371.61
-6373.9
-6375.73
-6377.08
-6377.99
-6378.45
-6378.44
-6377.98
-6377.05
-6375.72
-6373.87
-6429.74
-6429.91
-6429.97
-6429.98
-6429.96
-6430.02
-6429.88
-6429.87
-6429.88
-6430.4
-6430.73
-6430.96
-6431.08
-6431.1
-6431.2
-6431.14
-6431.06
-6431.33
-6431.32
-6430.65
-6430.38
-6430.3
-6430.2
-6430.19
-6430.2
-6430.09
-6430.21
-6430.15
-6430.46
-6429.95
-6430.05
-6429.97
-6429.95
-6429.94
-6429.95
-6429.86
-6429.96
-6429.79
-6429.86
-6430.09
-6430.12
-6430.08
-6430.1
-6430.12
-6430.06
-6430.06
-6430.14
-6430.14
-6430
-6430.26
-6430.29
-6430.3
-6430.36
-6430.41
-6430.38
-6430.47
-6430.42
-6430.42
-6430.28
-6430.15
-6430.43
-6430.55
-6430.64
-6430.69
-6430.78
-6430.78
-6430.66
-6430.69
-6430.46
-6430.33
-6430.68
-6430.84
-6430.97
-6431.02
-6431.11
-6431.08
-6431
-6431.01
-6430.78
-6430.73
-6430.96
-6431.16
-6431.28
-6431.41
-6431.42
-6431.42
-6431.35
-6431.26
-6431.19
-6431.01
-6431.21
-6431.44
-6431.65
-6431.76
-6431.78
-6431.75
-6431.69
-6431.58
-6431.49
-6431.26
-6509.22
-6509.43
-6509.47
-6509.58
-6509.56
-6509.61
-6509.58
-6509.26
-6509.15
-6509.84
-6509.22
-6509.53
-6509.76
-6509.91
-6509.98
-6509.76
-6509.67
-6509.97
-6509.86
-6508.91
-6509.18
-6509.3
-6509.6
-6509.72
-6509.79
-6509.58
-6509.59
-6509.83
-6509.23
-6508.84
-6509.63
-6509.86
-6510.01
-6510.14
-6510.21
-6510.03
-6510.09
-6509.73
-6509.53
-6509.9
-6510.03
-6510.22
-6510.35
-6510.39
-6510.34
-6510.46
-6510.43
-6510.16
-6510.36
-6510.32
-6510.3
-6510.34
-6510.42
-6510.61
-6510.5
-6510.72
-6510.69
-6510.64
-6510.6
-6510.45
-6510.52
-6510.5
-6510.57
-6510.71
-6510.82
-6510.81
-6510.64
-6510.74
-6510.48
-6510.27
-6510.63
-6510.76
-6510.71
-6510.76
-6510.95
-6510.75
-6510.75
-6510.86
-6510.62
-6510.5
-6510.66
-6510.88
-6510.83
-6510.85
-6511
-6510.87
-6510.99
-6510.84
-6510.82
-6510.84
-6510.91
-6510.89
-6511.07
-6511.1
-6510.93
-6510.94
-6510.93
-6510.92
-6510.99
-6510.91
-6582.96
-6582.98
-6582.46
-6582.88
-6582.5
-6582.47
-6583.09
-6582.35
-6582.43
-6583.52
-6582.21
-6582.67
-6582.32
-6582.78
-6582.7
-6582.44
-6582.34
-6582.88
-6582.94
-6581.89
-6582.41
-6582.51
-6582.96
-6582.92
-6583.14
-6582.96
-6582.62
-6583.28
-6582.37
-6582.15
-6583.05
-6583.18
-6583.66
-6583.49
-6583.87
-6583.99
-6583.36
-6583.66
-6583.03
-6583.56
-6583.76
-6583.86
-6584.19
-6584.03
-6584.33
-6584.56
-6583.94
-6583.82
-6584.25
-6584.1
-6584.33
-6584.22
-6584.34
-6584.56
-6584.54
-6584.88
-6584.77
-6584.26
-6584.63
-6584.48
-6584.66
-6584.71
-6584.72
-6585.17
-6584.98
-6584.8
-6585.15
-6584.84
-6584.96
-6584.62
-6584.69
-6585.19
-6585.09
-6585.23
-6585.57
-6585.22
-6585.31
-6585.32
-6584.97
-6584.74
-6584.97
-6585.48
-6585.42
-6585.52
-6585.9
-6585.67
-6585.82
-6585.56
-6585.25
-6585.07
-6585.56
-6585.59
-6585.95
-6585.78
-6585.83
-6586.05
-6586.05
-6585.75
-6585.61
-6585.46
-6663.92
-6663.82
-6662.88
-6663.41
-6662.87
-6662.8
-6663.64
-6662.82
-6663.01
-6664.41
-6662.3
-6662.64
-6662.16
-6662.73
-6662.07
-6662.12
-6662.94
-6662.98
-6663.18
-6662.11
-6662.38
-6662.3
-6662.82
-6662.32
-6662.34
-6663.01
-6662.25
-6663.22
-6662.32
-6662.2
-6662.83
-6662.69
-6663.25
-6662.79
-6662.79
-6663.5
-6662.72
-6663.62
-6662.61
-6663.1
-6663.69
-6663
-6663.37
-6663.16
-6663.84
-6663.85
-6663.07
-6663.06
-6663.76
-6663.77
-6663.88
-6663.62
-6663.49
-6663.44
-6663.53
-6663.38
-6663.76
-6663.31
-6663.97
-6663.95
-6663.87
-6664.09
-6663.85
-6664.13
-6663.55
-6663.54
-6664.1
-6663.55
-6664.13
-6664.09
-6663.62
-6664.23
-6663.9
-6664.32
-6664.27
-6664.32
-6664.29
-6664.11
-6664.23
-6663.79
-6663.77
-6664.02
-6664.05
-6664.06
-6664.54
-6664.53
-6664.47
-6664.41
-6663.99
-6663.91
-6664.42
-6664.51
-6664.56
-6664.16
-6664.21
-6664.67
-6664.62
-6664.54
-6664.12
-6664.02
-6750.81
-6751.26
-6750.05
-6750.82
-6750.77
-6750.36
-6751.02
-6750.04
-6750.23
-6751.84
-6749.23
-6749.04
-6748.91
-6749.71
-6748.82
-6749.75
-6749.97
-6750.06
-6750.29
-6749.87
-6749.18
-6749.04
-6749.28
-6748.99
-6748.89
-6749.85
-6748.91
-6750.13
-6750.22
-6749.1
-6750.22
-6749.19
-6749.44
-6749.21
-6749.15
-6750.1
-6749.14
-6750.3
-6749.16
-6749.19
-6750.38
-6750.11
-6749.51
-6749.61
-6750.29
-6750.28
-6749.81
-6749.36
-6749.46
-6750.39
-6750.41
-6750.43
-6750.36
-6749.6
-6750.3
-6749.41
-6749.45
-6749.46
-6750.32
-6750.41
-6749.63
-6750.39
-6750.41
-6750.31
-6749.44
-6749.43
-6750.18
-6749.55
-6750.3
-6750.36
-6749.61
-6749.8
-6750.18
-6750.38
-6749.53
-6750.26
-6750.24
-6749.69
-6750.28
-6750.1
-6749.63
-6749.6
-6750.37
-6749.82
-6750.35
-6750.35
-6749.99
-6750.23
-6749.84
-6749.86
-6750.37
-6750.39
-6750.36
-6749.73
-6749.84
-6750.34
-6750.33
-6750.29
-6749.85
-6749.85
-6838.9
-6838.64
-6838.36
-6839.37
-6839.38
-6839.45
-6839.58
-6838.43
-6838.68
-6840.55
-6837.55
-6837.26
-6837.92
-6837.21
-6836.99
-6838.25
-6838.38
-6838.39
-6838.81
-6839.19
-6838.16
-6837.2
-6837
-6836.98
-6837.01
-6838.23
-6837.02
-6838.49
-6838.69
-6837.34
-6838.59
-6838.05
-6837.16
-6837.49
-6837.08
-6837.95
-6837.72
-6838.49
-6837.16
-6837.16
-6838.53
-6838.53
-6837.34
-6838.3
-6838.3
-6838
-6838.23
-6837.21
-6837.16
-6837.71
-6838.01
-6838.46
-6838.39
-6837.34
-6838.24
-6837.09
-6837.16
-6837.64
-6837.28
-6837.47
-6837.24
-6838.32
-6838.28
-6837.15
-6837.03
-6837.02
-6837.95
-6837.88
-6837.81
-6837.37
-6837.19
-6837.07
-6838.19
-6838.1
-6837
-6837.96
-6837.94
-6837.36
-6837.99
-6838.1
-6837.15
-6837.05
-6838.07
-6838.02
-6837.94
-6837.92
-6837.04
-6837.77
-6837.41
-6837.47
-6838.07
-6838.01
-6836.97
-6837.35
-6837.88
-6837.78
-6837.23
-6837.73
-6837.31
-6837.38
-6925.18
-6924.88
-6924.67
-6925.87
-6925.87
-6925.96
-6926.11
-6924.82
-6925.06
-6927.12
-6923.71
-6923.46
-6925.1
-6923.26
-6923.78
-6924.67
-6924.82
-6923.46
-6925.31
-6925.7
-6925.06
-6924.07
-6923.82
-6923.22
-6923.09
-6923.47
-6923.15
-6924.84
-6925.09
-6923.59
-6924.93
-6924.9
-6923.34
-6924.42
-6923.05
-6923.01
-6924.53
-6924.71
-6923.35
-6923.2
-6924.75
-6924.73
-6923.28
-6924.46
-6924.38
-6922.89
-6924.37
-6923.08
-6923.08
-6923.08
-6923.06
-6924.58
-6924.5
-6924.2
-6924.26
-6922.94
-6923.31
-6923.99
-6922.95
-6923.07
-6923.03
-6922.99
-6924.31
-6922.64
-6922.66
-6923.87
-6923.22
-6923.93
-6922.75
-6922.93
-6922.9
-6922.72
-6924.12
-6923.97
-6922.66
-6923.69
-6923.22
-6923.12
-6923.91
-6924
-6923.66
-6922.63
-6923.94
-6923.77
-6923.63
-6923.16
-6922.6
-6923.11
-6923.88
-6923.9
-6923.89
-6923.28
-6922.44
-6923.6
-6923.57
-6922.47
-6922.54
-6923.41
-6923.16
-6923.1
-7008.34
-7008.05
-7007.78
-7007.61
-7009.33
-7009.23
-7009.59
-7008.02
-7008.28
-7010.44
-7007.61
-7006.59
-7008.42
-7006.33
-7007.98
-7008.08
-7008.22
-7006.52
-7007.74
-7009
-7008.45
-7008.34
-7008.23
-7006.27
-7006.29
-7006.18
-7006.19
-7008.14
-7008.31
-7006.62
-7008.2
-7008.2
-7006.39
-7007.75
-7007.56
-7005.91
-7007.44
-7007.93
-7008.03
-7006.16
-7007.48
-7007.94
-7006.25
-7007.66
-7007.6
-7005.71
-7007.44
-7006.18
-7005.96
-7005.98
-7005.74
-7007.56
-7007.53
-7007.45
-7007.34
-7006.28
-7007.29
-7005.83
-7005.79
-7006.66
-7006.03
-7005.31
-7007.31
-7005.41
-7006.81
-7007.22
-7005.76
-7006.96
-7005.55
-7005.71
-7007.31
-7005.29
-7007.08
-7005.09
-7005.66
-7005.6
-7005.55
-7006.4
-7005.67
-7007.07
-7007.18
-7006.59
-7005.3
-7006.62
-7005.4
-7005.24
-7005.35
-7005.46
-7006.9
-7007.03
-7006.26
-7005.29
-7005.14
-7006.55
-7006.49
-7005.13
-7005.21
-7005.54
-7006.75
-7006.61
-7087.76
-7087.52
-7087.34
-7087.15
-7087.77
-7087.73
-7089.45
-7088.9
-7089.8
-7090.05
-7088.5
-7086.09
-7088.29
-7085.88
-7087.91
-7087
-7088.04
-7085.95
-7086.09
-7088.67
-7088.17
-7088.21
-7088.15
-7085.91
-7087.88
-7085.6
-7085.68
-7087.87
-7087.97
-7085.94
-7087.95
-7087.94
-7086.99
-7087.52
-7087.55
-7085.35
-7085.47
-7087.63
-7087.75
-7085.57
-7084.95
-7087.71
-7087.31
-7087.26
-7085.67
-7085.19
-7087.12
-7085.58
-7086.77
-7085.37
-7084.98
-7084.58
-7086.86
-7087.14
-7084.78
-7086.99
-7087.01
-7085.29
-7085.42
-7087.52
-7087.16
-7084.57
-7085.3
-7084.63
-7087.03
-7086.92
-7085.17
-7086.56
-7084.91
-7085.64
-7087.13
-7086.71
-7084.47
-7084.28
-7086.71
-7084.81
-7084.91
-7086.41
-7084.6
-7084.84
-7086.84
-7086.85
-7084.4
-7085.93
-7084.52
-7084.57
-7085.47
-7085.03
-7086.46
-7086.61
-7084.91
-7084.71
-7084.48
-7086.12
-7085.8
-7084.49
-7085.5
-7084.98
-7086.32
-7086.45
-7163.07
-7162.97
-7162.89
-7162.82
-7162.81
-7163.43
-7165.25
-7165.34
-7165.47
-7165.6
-7164.28
-7163.47
-7164.22
-7161.98
-7163.94
-7161.4
-7163.87
-7161.41
-7161.47
-7164.31
-7163.94
-7164.03
-7164.01
-7163.97
-7163.88
-7161.15
-7161.17
-7163.62
-7161.92
-7161.29
-7161.65
-7163.74
-7163.73
-7161.33
-7163.44
-7160.93
-7160.94
-7163.37
-7163.46
-7161
-7160.2
-7161.63
-7163.45
-7162.08
-7160.05
-7161.47
-7162.94
-7161.04
-7163.29
-7161.76
-7161.18
-7159.67
-7159.82
-7162.87
-7160.04
-7162.88
-7162.79
-7160.79
-7163.12
-7163.34
-7163.15
-7159.85
-7159.63
-7161.93
-7162.89
-7162.87
-7160.82
-7162.32
-7161.3
-7163.05
-7162.96
-7162.93
-7159.52
-7159.62
-7162.64
-7160.45
-7160.59
-7162.16
-7160.06
-7160.19
-7162.69
-7162.71
-7159.58
-7159.6
-7159.9
-7160.07
-7162.17
-7160.77
-7162.21
-7162.35
-7160.36
-7160.29
-7162.27
-7160.93
-7159.97
-7160.82
-7161.96
-7160.61
-7162.07
-7162.21
-7234.46
-7234.46
-7236.45
-7234.45
-7234.41
-7236.95
-7237.02
-7237.08
-7237.13
-7237.16
-7236.08
-7236.14
-7236.14
-7236.05
-7234.17
-7232.96
-7235.56
-7232.87
-7232.93
-7234.47
-7233.65
-7235.91
-7235.93
-7235.94
-7235.85
-7232.76
-7232.71
-7234.43
-7232.66
-7232.59
-7231.61
-7235.69
-7235.67
-7231.93
-7235.36
-7232.55
-7232.51
-7235.22
-7235.29
-7233.74
-7231.59
-7231.32
-7235.41
-7231.31
-7231.48
-7234.99
-7233.35
-7232.64
-7235.19
-7235.33
-7235.18
-7231.1
-7231.08
-7234.92
-7231.49
-7234.69
-7234.7
-7232.41
-7235.08
-7235.24
-7235.15
-7234.91
-7231.05
-7235.07
-7234.92
-7232.58
-7234.35
-7233.82
-7234.79
-7235.02
-7234.96
-7234.94
-7231.04
-7231.99
-7234.65
-7234.22
-7232.48
-7234.02
-7231.67
-7231.75
-7232.47
-7234.77
-7233.85
-7231.54
-7231.75
-7233.9
-7234.19
-7232.86
-7233.41
-7234.24
-7232.05
-7232.02
-7234.34
-7231.67
-7231.72
-7234.06
-7233.98
-7232.42
-7233.98
-7234.12
-7302.44
-7302.47
-7304.5
-7302.54
-7302.5
-7305.26
-7305.31
-7305.33
-7305.33
-7305.28
-7304.4
-7304.51
-7302.3
-7304.33
-7301.19
-7301.07
-7301
-7300.93
-7300.92
-7300.95
-7299.85
-7304.3
-7304.39
-7304.2
-7304.21
-7300.88
-7300.82
-7300.83
-7300.73
-7300.63
-7299.56
-7301.8
-7304.09
-7299.72
-7300.57
-7302.76
-7300.67
-7303.64
-7301.54
-7300.7
-7299.43
-7299.07
-7303.56
-7299.26
-7299.34
-7303.59
-7300.54
-7302.58
-7303.64
-7303.78
-7303.95
-7299.12
-7299.02
-7299.39
-7301.63
-7303.3
-7303.15
-7300.7
-7303.58
-7303.69
-7303.68
-7303.76
-7299
-7303.77
-7303.66
-7300.53
-7302.83
-7300.36
-7303.42
-7303.55
-7302.39
-7303.58
-7301.05
-7303.44
-7300.55
-7302.76
-7302.84
-7302.69
-7299.91
-7299.91
-7300.21
-7303.43
-7303.29
-7300.12
-7300.13
-7302.83
-7302.75
-7302.77
-7299.87
-7302.75
-7300.77
-7302.83
-7302.99
-7300.2
-7302.53
-7302.69
-7302.67
-7301.26
-7302.51
-7302.63
-7367.67
-7367.67
-7368.6
-7369.94
-7367.69
-7370.72
-7370.79
-7370.81
-7370.77
-7370.67
-7370
-7370.1
-7365.97
-7369.95
-7366.49
-7366.35
-7366.08
-7366.19
-7368.26
-7366.2
-7367.03
-7369.9
-7366.99
-7369.76
-7366.61
-7367.74
-7366.3
-7366.12
-7366.05
-7365.92
-7364.67
-7364.54
-7367.97
-7369.28
-7366.39
-7369.74
-7366.13
-7369.35
-7366.01
-7365.93
-7368.26
-7364.18
-7364.25
-7364.44
-7367.54
-7369.37
-7366.04
-7369.45
-7369.33
-7369.45
-7369.76
-7364.28
-7364.44
-7364.57
-7368.7
-7366.34
-7366.7
-7366.37
-7369.34
-7369.38
-7368.55
-7369.8
-7367.44
-7369.61
-7366.2
-7365.99
-7368.41
-7365.74
-7369.2
-7369.3
-7365.84
-7369.57
-7369.47
-7369.48
-7366.23
-7366.49
-7368.47
-7366.25
-7365.37
-7365.32
-7365.69
-7365.75
-7369.24
-7368.43
-7365.99
-7368.69
-7368.4
-7368.38
-7365.29
-7367.92
-7368.44
-7368.69
-7369.01
-7367.36
-7368.56
-7368.55
-7366.87
-7368.22
-7368.29
-7368.38
-7430.7
-7430.42
-7430.08
-7433.19
-7430.95
-7434.21
-7434.15
-7431.72
-7434.09
-7433.73
-7433.6
-7432.64
-7428.81
-7431.08
-7429.77
-7429.45
-7429.19
-7430.17
-7433.27
-7429.58
-7433.2
-7433.46
-7428.15
-7433.32
-7429.74
-7433.42
-7433.06
-7429.52
-7430.06
-7429.15
-7427.74
-7427.5
-7427.68
-7433.12
-7429.88
-7433.5
-7430.59
-7431.45
-7429.33
-7429.26
-7433.37
-7427.3
-7427.31
-7427.55
-7432.73
-7433.2
-7429.36
-7433.08
-7429.7
-7433.05
-7433.5
-7432.68
-7432.32
-7427.8
-7432.42
-7429.28
-7429.08
-7432.92
-7432.99
-7433.02
-7429.46
-7433.61
-7433.61
-7433.44
-7429.51
-7429.39
-7432.04
-7429.05
-7432.9
-7432.87
-7429.18
-7429.99
-7433.43
-7433.35
-7429.68
-7429.4
-7431.96
-7428.73
-7428.65
-7428.65
-7429.09
-7429.02
-7433.15
-7433.17
-7432.91
-7432.51
-7429.39
-7431.89
-7428.63
-7428.69
-7432.32
-7432.24
-7429.51
-7432.8
-7432.51
-7432.37
-7429.14
-7431.89
-7432
-7432.04
-7492.41
-7492.41
-7492.17
-7494.75
-7492.69
-7496.14
-7496.04
-7491.19
-7494.29
-7492.02
-7495.75
-7491.79
-7493.73
-7491.82
-7491.77
-7494.98
-7490.86
-7495.67
-7495.43
-7495.3
-7495.35
-7495.65
-7489.5
-7494.38
-7491.61
-7495.69
-7495.67
-7491.3
-7494.98
-7490.97
-7489.36
-7489.25
-7489.2
-7495.1
-7494.47
-7495.86
-7496.36
-7491.32
-7491.12
-7491.05
-7495.68
-7488.96
-7488.96
-7492.27
-7494.85
-7491.61
-7491.73
-7495.23
-7491.23
-7495.21
-7495.78
-7495.77
-7495.69
-7489.83
-7494.68
-7491.12
-7491.01
-7495.18
-7495.15
-7495.21
-7491.25
-7495.94
-7495.98
-7495.76
-7493.07
-7492.17
-7494.17
-7492.4
-7492.46
-7491.72
-7491.06
-7491.12
-7495.76
-7495.66
-7492.1
-7491.65
-7494.11
-7490.6
-7490.49
-7490.54
-7491.01
-7490.95
-7493.25
-7495.6
-7495.43
-7492.8
-7491.18
-7492.76
-7491.54
-7490.56
-7494.62
-7494.46
-7491.14
-7495.34
-7492.05
-7491.77
-7491.06
-7493.96
-7492.62
-7490.9
-7553.25
-7553.88
-7557.1
-7554.27
-7554.79
-7557.1
-7556.99
-7551.78
-7551.59
-7556.63
-7557.02
-7553.1
-7556.88
-7552.89
-7554.31
-7556.39
-7551.63
-7556.93
-7556.86
-7556.92
-7556.59
-7556.91
-7554
-7552.98
-7556.04
-7556.51
-7552.06
-7552.18
-7556.17
-7551.87
-7550.05
-7555.15
-7550.13
-7556.26
-7556.27
-7554.69
-7557.81
-7552.07
-7551.97
-7551.84
-7556.98
-7549.61
-7549.74
-7556.27
-7556.11
-7552.07
-7557.58
-7556.87
-7551.99
-7556.31
-7557.09
-7557.12
-7557.2
-7552.32
-7554.85
-7551.96
-7551.88
-7556.35
-7556.24
-7556.36
-7555.26
-7557.25
-7557.31
-7552.1
-7555.61
-7555.72
-7555.06
-7556.17
-7551.4
-7551.42
-7551.98
-7551.99
-7556.68
-7556.12
-7555.99
-7555.73
-7552.55
-7551.49
-7551.36
-7551.4
-7551.95
-7551.85
-7551.79
-7555.5
-7556.17
-7552.07
-7551.93
-7551.65
-7556.13
-7551.67
-7555.89
-7551.92
-7552.01
-7554.33
-7551.85
-7551.88
-7552.02
-7555.08
-7552.54
-7552.05
-7613.65
-7616.42
-7618.05
-7613.99
-7617.05
-7616.15
-7617.39
-7611.89
-7611.63
-7616.98
-7617.71
-7615.34
-7617.61
-7613.35
-7616.61
-7616.68
-7611.83
-7617.5
-7612.7
-7617.73
-7617.37
-7617.59
-7617.52
-7613.21
-7616.69
-7614.11
-7611.76
-7614.72
-7616.15
-7612.13
-7610.13
-7617.45
-7610.51
-7616.84
-7616.85
-7612.32
-7618.62
-7612.35
-7615.2
-7612.02
-7613.73
-7609.7
-7617.09
-7617.26
-7616.42
-7612.33
-7618.5
-7614.04
-7612.17
-7616.85
-7617.82
-7617.9
-7617.86
-7617.71
-7612.15
-7612.26
-7612.21
-7616.85
-7611.67
-7613.56
-7617.74
-7617.95
-7617.93
-7611.59
-7614.47
-7616.48
-7612.1
-7616.82
-7611.49
-7611.56
-7612.31
-7614.04
-7612.02
-7611.89
-7616.72
-7616.62
-7612.55
-7612.88
-7611.72
-7615.14
-7612.26
-7612.1
-7612.02
-7612.05
-7616.58
-7612.33
-7613.95
-7612.52
-7616.68
-7615.59
-7615.16
-7612.17
-7612.18
-7612.14
-7612.22
-7612.2
-7612.71
-7613.31
-7613.33
-7615.45
-7673.64
-7673.62
-7674.33
-7673.9
-7677.23
-7674.4
-7677.52
-7671.62
-7671.46
-7671.34
-7678.05
-7678.12
-7678.02
-7673.36
-7676.86
-7676.76
-7671.74
-7677.77
-7671.12
-7677.89
-7677.75
-7677.91
-7677.96
-7673.15
-7676.76
-7671.91
-7671.64
-7678.82
-7671.39
-7677.45
-7669.9
-7677.8
-7674.13
-7675.92
-7676.93
-7672.11
-7679.13
-7671.76
-7679.68
-7672.05
-7669.86
-7669.43
-7677.6
-7677.24
-7672.24
-7672.31
-7679
-7671.37
-7676.94
-7673.5
-7678.19
-7678.09
-7678
-7677.53
-7671.86
-7674.01
-7672.14
-7677.06
-7671.42
-7671.4
-7678.26
-7678.33
-7671.86
-7671.44
-7671.55
-7676.87
-7671.88
-7677.11
-7671.32
-7671.4
-7672.34
-7678.19
-7671.76
-7671.56
-7677.03
-7676.99
-7674.44
-7677.22
-7671.54
-7677.18
-7672.19
-7672.08
-7671.96
-7671.81
-7677.02
-7672.34
-7676.7
-7673.05
-7677.09
-7677.22
-7672.31
-7672.12
-7675
-7671.96
-7672.29
-7672.29
-7676.47
-7672.84
-7673.89
-7676.83
-7733.5
-7733.38
-7733.41
-7733.54
-7735.85
-7733.85
-7737.52
-7737.33
-7731.16
-7731.01
-7738.26
-7738.32
-7737.47
-7733.22
-7735.96
-7733.28
-7731.47
-7731.11
-7730.86
-7734.61
-7738.01
-7738.1
-7738.14
-7732.84
-7736.71
-7731.51
-7731.35
-7739.26
-7730.76
-7740.07
-7729.47
-7738.05
-7738.09
-7732.72
-7734.86
-7731.82
-7739.51
-7736.91
-7740.23
-7731.65
-7729.37
-7728.95
-7737.66
-7737.4
-7731.9
-7732.65
-7739.34
-7731.23
-7740.06
-7731.16
-7738.44
-7730.88
-7732.58
-7737.27
-7731.56
-7736.89
-7731.71
-7734.9
-7731.07
-7730.96
-7738.55
-7738.58
-7730.71
-7731.05
-7731.21
-7736.97
-7731.53
-7737
-7730.98
-7731.03
-7737.42
-7738.54
-7731.23
-7731.21
-7737.16
-7737.15
-7736.92
-7737.13
-7736.76
-7737.51
-7734.84
-7732
-7732.87
-7731.36
-7737.15
-7735.77
-7736.96
-7732.87
-7737.32
-7737.41
-7731.98
-7732.05
-7737.15
-7731.61
-7732.02
-7733.49
-7736.82
-7732.92
-7737.23
-7737.14
-7794.1
-7793.04
-7793.06
-7796.55
-7792.85
-7797.25
-7797.46
-7797.47
-7790.85
-7790.72
-7798.42
-7795.83
-7792.89
-7794.49
-7791.83
-7791.41
-7791.3
-7791.15
-7791.15
-7790.57
-7798.19
-7798.24
-7798.27
-7796.4
-7792.72
-7791.29
-7791.12
-7799.72
-7790.9
-7800.53
-7788.81
-7798.2
-7798.23
-7792.06
-7791.65
-7791.5
-7799.96
-7800.34
-7800.68
-7799.57
-7788.61
-7788.41
-7797.09
-7795.66
-7791.47
-7798.91
-7799.71
-7791.03
-7800.5
-7790.62
-7798.63
-7788.65
-7789.05
-7797.28
-7792.2
-7797.67
-7791
-7790.9
-7790.68
-7790.5
-7798.71
-7798.75
-7789.81
-7791.26
-7795.34
-7795.87
-7791.12
-7797.09
-7790.6
-7795.14
-7798.72
-7798.72
-7795.46
-7791.06
-7797.15
-7794.65
-7797.02
-7797.28
-7797.3
-7797.65
-7798.3
-7797.89
-7797.93
-7791.99
-7797.16
-7797.19
-7797.12
-7793.82
-7797.4
-7797.54
-7791.62
-7791.69
-7797.49
-7793.25
-7791.86
-7796.95
-7796.94
-7792.82
-7797.31
-7793.07
-7852.45
-7852.58
-7852.69
-7857.61
-7852.7
-7857.3
-7857.38
-7857.4
-7850.48
-7850.38
-7855.68
-7852.56
-7853.34
-7858.06
-7853.73
-7851.32
-7851.45
-7851.46
-7857.78
-7850.26
-7858.28
-7858.33
-7858.36
-7858.35
-7851.3
-7851.14
-7851.84
-7860.3
-7857.78
-7860.77
-7854.49
-7858.21
-7858.27
-7852.56
-7851.16
-7857.64
-7860.23
-7860.72
-7860.97
-7860.82
-7847.68
-7847.74
-7847.84
-7849.09
-7850.63
-7857.89
-7854.07
-7850.47
-7860.81
-7850.11
-7855.52
-7847.86
-7848.15
-7857.2
-7856.96
-7857.3
-7850.54
-7850.36
-7850.32
-7850.01
-7858.79
-7858.53
-7855.18
-7856.94
-7856.74
-7850.92
-7850.64
-7851.71
-7850.18
-7857.51
-7858.82
-7858.8
-7858.8
-7853.1
-7856.48
-7851.62
-7857.13
-7857.32
-7857.38
-7857.7
-7857.35
-7858.75
-7858.45
-7858
-7855.91
-7857
-7857.09
-7857.31
-7857.47
-7857.64
-7851.07
-7855.86
-7856.45
-7857.52
-7851.56
-7856.61
-7855.46
-7853.76
-7855.32
-7852.35
-7912
-7912.74
-7915.78
-7916.82
-7912.35
-7917.06
-7916.86
-7917.21
-7910.06
-7910.01
-7911.78
-7915.78
-7917.46
-7917.65
-7917.57
-7911.21
-7916.34
-7916.86
-7910.13
-7909.91
-7918.32
-7917.05
-7914.74
-7917.82
-7915.65
-7910.97
-7917.53
-7911.73
-7921.16
-7921
-7917.98
-7913.46
-7910.27
-7917.21
-7911.17
-7918.2
-7919.37
-7920.9
-7921.11
-7920.93
-7906.95
-7908.74
-7908.38
-7909.28
-7914.21
-7917.27
-7910.12
-7909.96
-7920.91
-7909.58
-7907.46
-7907.75
-7908.94
-7911.71
-7916.65
-7915.52
-7910.02
-7909.79
-7909.6
-7909.54
-7918.86
-7908.66
-7918.15
-7917.46
-7916.74
-7911.07
-7911.66
-7909.9
-7909.7
-7917.7
-7918.87
-7918.92
-7918.57
-7918.19
-7911.82
-7911.64
-7917.18
-7917.32
-7917.49
-7917.78
-7912.39
-7918.58
-7918.31
-7918.2
-7911.8
-7912.21
-7915.58
-7917.31
-7917.41
-7914.1
-7911.86
-7918.27
-7912.56
-7917.7
-7911.21
-7916.34
-7912.41
-7917.04
-7912.09
-7911.85
-7971.34
-7977
-7977.07
-7972.04
-7971.96
-7976.78
-7970.8
-7977.03
-7969.65
-7969.6
-7971.04
-7976.87
-7977.08
-7976.21
-7976.94
-7975.05
-7976.37
-7976.77
-7969.45
-7969.44
-7978.28
-7970.64
-7974.88
-7976.94
-7976.77
-7976.08
-7976.02
-7970.02
-7981.28
-7975.97
-7977.96
-7969.62
-7968.94
-7976.85
-7973.61
-7977.08
-7970.12
-7977.23
-7981.2
-7981.2
-7966.16
-7976.72
-7968.92
-7972.26
-7976.61
-7973.68
-7969.57
-7970.59
-7973.75
-7969.08
-7966.59
-7971.45
-7976.89
-7970.85
-7976.54
-7969.67
-7969.38
-7969.19
-7969.02
-7969.03
-7978.86
-7969.12
-7977.24
-7977.15
-7976.67
-7970.47
-7977.95
-7969.29
-7969.15
-7978.21
-7978.83
-7973.68
-7977.44
-7977.71
-7971.7
-7971.28
-7977.22
-7977.23
-7977.56
-7977.77
-7971.33
-7978.15
-7977.79
-7977.59
-7971.69
-7971.68
-7971.91
-7977.2
-7977.35
-7971.53
-7977.74
-7978.08
-7972.13
-7977.44
-7976.99
-7972.22
-7971.89
-7976.99
-7971.57
-7971.4
-8030.71
-8036.86
-8032.22
-8031.65
-8032.68
-8036.48
-8030.01
-8035.05
-8029.14
-8029.1
-8029.97
-8036.7
-8036.86
-8031.21
-8036.36
-8036.33
-8036.14
-8036.24
-8028.94
-8028.93
-8038.12
-8030.49
-8036.72
-8031.14
-8036.24
-8036.14
-8033.89
-8029.25
-8041.25
-8028.77
-8037.87
-8029.03
-8028.44
-8036.33
-8036.41
-8031.47
-8029.77
-8029.47
-8041.17
-8041.28
-8025.25
-8036.98
-8028.31
-8036.47
-8036.5
-8029.84
-8029.48
-8039.24
-8028.82
-8032.66
-8025.54
-8037.06
-8037.26
-8030.04
-8036.36
-8029.73
-8033.37
-8029.89
-8028.38
-8028.37
-8038.72
-8029.75
-8030.51
-8036.45
-8036.28
-8030.5
-8038.19
-8029.69
-8028.5
-8034.8
-8038.54
-8029.74
-8030.29
-8035.18
-8032.79
-8037.26
-8032.07
-8032.18
-8037.23
-8037.44
-8030.46
-8034.45
-8031.03
-8034.29
-8031.1
-8031.23
-8031.21
-8034.64
-8036.29
-8030.73
-8035.58
-8037.69
-8032.16
-8037.04
-8033.72
-8031.39
-8031.35
-8033.25
-8034.27
-8030.83
-8093.44
-8096.41
-8090.67
-8090.73
-8096.64
-8091.96
-8089.27
-8089.34
-8098.75
-8088.36
-8093.91
-8096.44
-8096.6
-8090.38
-8091.36
-8095.66
-8091.03
-8091.31
-8088.25
-8088.21
-8097.82
-8094.62
-8096.32
-8090.14
-8094.23
-8095.46
-8088.59
-8088.5
-8100.99
-8088.03
-8097.57
-8097.05
-8088.02
-8096.03
-8096.05
-8089.21
-8088.82
-8088.44
-8100.95
-8101.05
-8084.22
-8096.83
-8091.27
-8096.27
-8096.21
-8089.12
-8089.11
-8099.5
-8088.3
-8100.82
-8084.27
-8097.2
-8097.17
-8089.16
-8089.42
-8089.44
-8098.65
-8098.91
-8087.56
-8087.57
-8098.46
-8089.11
-8089.83
-8090.15
-8096.06
-8095.71
-8098.1
-8098.13
-8094.48
-8087.86
-8092.17
-8089.42
-8089.82
-8090.05
-8096.77
-8097.11
-8090.5
-8090.66
-8091.31
-8096.85
-8089.7
-8089.67
-8089.93
-8090.11
-8090.42
-8096.47
-8090.49
-8090.55
-8090.97
-8095.26
-8089.71
-8094.25
-8094.31
-8092.71
-8090.47
-8090.81
-8090.57
-8090.88
-8095.18
-8090.24
-8157.69
-8153.97
-8149.78
-8154.7
-8156.23
-8148.41
-8148.39
-8148.06
-8159
-8147.37
-8157.53
-8151.21
-8150.53
-8149.32
-8149.02
-8149.44
-8147.86
-8147.52
-8147.39
-8148.71
-8157.27
-8157.3
-8154.98
-8149.19
-8148.97
-8154.59
-8147.6
-8147.43
-8160.6
-8156.37
-8157.04
-8157.07
-8150.96
-8150.13
-8155.57
-8148.11
-8147.69
-8147.4
-8160.5
-8160.61
-8142.91
-8154.36
-8156.55
-8155.96
-8155.63
-8148.48
-8150.46
-8159.21
-8147.53
-8160.49
-8142.96
-8156.78
-8156.71
-8148.11
-8147.52
-8151.64
-8158.63
-8158.99
-8146.52
-8146.81
-8158
-8157.55
-8154.5
-8148.19
-8148.25
-8157.38
-8158.12
-8158.14
-8156.27
-8146.74
-8148.94
-8148.83
-8148.92
-8148.69
-8156.43
-8156.77
-8149.3
-8149.53
-8153.44
-8148.31
-8148.75
-8148.73
-8148.82
-8148.98
-8153.13
-8156.48
-8149.45
-8149.58
-8149.8
-8155.36
-8148.76
-8148.95
-8153.22
-8149.2
-8149.43
-8155.61
-8153.61
-8150.34
-8154.68
-8153.03
-8216.86
-8208.33
-8208.51
-8215.33
-8215.54
-8207.3
-8207.22
-8207.21
-8218.31
-8210.45
-8216.67
-8208.16
-8208.07
-8209.16
-8207.68
-8207.16
-8206.86
-8207.3
-8206.23
-8219.58
-8216.47
-8216.51
-8208.1
-8207.91
-8207.44
-8206.96
-8206.47
-8206.43
-8219.98
-8220.14
-8216.25
-8216.25
-8216.09
-8208.28
-8214.48
-8207.74
-8213.59
-8214.45
-8219.76
-8219.89
-8201.24
-8201.24
-8215.7
-8212.88
-8211.01
-8211.26
-8218.38
-8218.53
-8205.85
-8219.7
-8207.07
-8215.38
-8216.11
-8209.57
-8206.11
-8217.73
-8218.11
-8218.46
-8205.25
-8205.26
-8217.22
-8217.26
-8216.92
-8206.9
-8206.36
-8216.94
-8209.39
-8207.73
-8214.39
-8205.31
-8207.73
-8211.22
-8207.85
-8207.59
-8215.6
-8216.19
-8208.25
-8208.08
-8214.33
-8209.48
-8207.57
-8207.52
-8207.59
-8207.7
-8215.13
-8215.46
-8210.04
-8211.31
-8209.03
-8214.58
-8207.58
-8207.64
-8212.23
-8207.8
-8208.14
-8212.34
-8212.57
-8212.27
-8212.11
-8214.42
-8275.77
-8266.85
-8273.07
-8272.65
-8274.37
-8266.21
-8265.82
-8265.7
-8277.07
-8277.41
-8275.64
-8266.68
-8266.61
-8274.5
-8270.92
-8266.1
-8274.98
-8276.55
-8271.95
-8278
-8275.45
-8275.51
-8266.45
-8272.16
-8265.82
-8265.23
-8265.07
-8264.96
-8279
-8279.12
-8274.9
-8275.19
-8275.13
-8271.93
-8267.63
-8275.73
-8277.29
-8278.47
-8278.72
-8278.6
-8259.45
-8259.49
-8274.67
-8263.96
-8264.32
-8276.84
-8277.4
-8277.9
-8264.03
-8268.42
-8275.74
-8260.53
-8265.34
-8274.7
-8264.7
-8276.28
-8277.25
-8277.45
-8263.69
-8263.64
-8276.19
-8276.32
-8276.16
-8269.28
-8264.67
-8273.47
-8265.12
-8264.87
-8273.17
-8263.71
-8266.19
-8275.95
-8275.57
-8275.05
-8272.54
-8266.35
-8269.58
-8271.93
-8273.21
-8273.21
-8266.16
-8266.11
-8266.4
-8268.79
-8273.38
-8266.41
-8272.52
-8272.75
-8267.64
-8273.44
-8266.15
-8266.14
-8266.4
-8267.58
-8270.01
-8266.73
-8267.61
-8269.74
-8267.16
-8273.47
-8334.42
-8325.17
-8334.39
-8322.67
-8326.93
-8334.09
-8328.65
-8334.69
-8330.59
-8333.97
-8334.27
-8325
-8324.95
-8333.66
-8334.54
-8334.31
-8335.26
-8336.77
-8338
-8322.32
-8334.09
-8330.76
-8324.71
-8333.7
-8334.06
-8323.99
-8323.46
-8323.29
-8337.78
-8338.01
-8317.97
-8333.74
-8333.51
-8332.94
-8322.47
-8335.24
-8328.28
-8328.48
-8337.47
-8323.83
-8317.45
-8317.4
-8333.21
-8321.43
-8321.86
-8335.82
-8336.11
-8336.19
-8321.97
-8321.96
-8334.63
-8317.81
-8318.3
-8333.83
-8322.62
-8331.93
-8327.02
-8335.26
-8321.95
-8321.9
-8334.89
-8335.06
-8326.6
-8333.57
-8325.1
-8323.5
-8323.08
-8322.82
-8331.27
-8321.96
-8324.52
-8334.96
-8334.7
-8334.1
-8324.38
-8323.87
-8331.34
-8331.72
-8331.79
-8331.84
-8324.48
-8324.63
-8333.77
-8333.45
-8327.91
-8324.14
-8331.35
-8331.58
-8329.3
-8332.07
-8324.45
-8324.46
-8324.46
-8332.41
-8331.11
-8324.66
-8325.12
-8325.51
-8325.25
-8331.32
-8392.74
-8383.5
-8392.92
-8380.31
-8380.32
-8393.29
-8392.92
-8393.56
-8379.41
-8379.78
-8392.61
-8384.73
-8387.06
-8390.14
-8393.32
-8393.4
-8393.36
-8393.89
-8387.03
-8379.96
-8392.42
-8387.81
-8384.39
-8392.45
-8393.06
-8385.79
-8392.95
-8384.52
-8396.52
-8396.83
-8375.28
-8380.52
-8391.65
-8379.7
-8379.95
-8387.42
-8382.31
-8381.58
-8384.08
-8387.9
-8375.15
-8375.07
-8384.81
-8379.56
-8379.5
-8393.76
-8394.45
-8394.77
-8380.14
-8380.22
-8392.95
-8375.24
-8375.51
-8392.54
-8392.34
-8382.66
-8381.16
-8380.46
-8380.15
-8381.55
-8393.3
-8393.46
-8376.19
-8392.51
-8392.03
-8381.23
-8380.97
-8380.7
-8380.38
-8385.38
-8388.03
-8393.42
-8393.38
-8389.09
-8382.12
-8381.74
-8389.94
-8390.15
-8390.2
-8383.98
-8382.51
-8392.58
-8393.08
-8392.45
-8382.31
-8382.12
-8389.85
-8390.02
-8390.32
-8390.97
-8382.49
-8382.49
-8382.79
-8386.94
-8388.92
-8382.66
-8388.16
-8383.5
-8383.34
-8383.26
-8450.78
-8450.99
-8451.11
-8437.96
-8437.97
-8451.8
-8451.68
-8448.9
-8437.17
-8437.27
-8450.65
-8450.86
-8450.94
-8437.92
-8451.62
-8452.01
-8440.9
-8443.49
-8437.37
-8437.61
-8435.78
-8450.09
-8450.14
-8447.04
-8451.66
-8452.43
-8453.2
-8453
-8446.29
-8455.43
-8432.6
-8432.76
-8440.99
-8436.27
-8441.47
-8439.69
-8439.64
-8438.98
-8438.38
-8455
-8432.42
-8432.51
-8432.51
-8442.31
-8443.8
-8443.48
-8440.86
-8443.92
-8438.2
-8438.19
-8445.32
-8432.59
-8432.9
-8450.94
-8451.04
-8450.47
-8438.55
-8438.18
-8438.2
-8451.71
-8451.44
-8449.74
-8433.35
-8450.91
-8450.82
-8441.69
-8438.78
-8438.51
-8438.27
-8452.56
-8451.39
-8451.4
-8451.35
-8439.06
-8439.94
-8440.05
-8445.88
-8446.82
-8448.51
-8441.02
-8440.26
-8451.43
-8451.04
-8439.69
-8440.14
-8440.19
-8448.08
-8448.25
-8448.47
-8441.01
-8440.28
-8448.32
-8446.91
-8440.57
-8441.86
-8447.38
-8448.03
-8445.71
-8441.21
-8440.87
-8508.33
-8508.69
-8508.91
-8495.47
-8495.47
-8499.69
-8497.12
-8495.08
-8495.13
-8495.1
-8504.4
-8508.25
-8508.69
-8495.29
-8503.7
-8505.64
-8495.97
-8495.35
-8495.06
-8500.06
-8489.87
-8507.62
-8508.25
-8494.53
-8510.18
-8511.13
-8511.75
-8511.98
-8494.72
-8514.02
-8489.49
-8489.61
-8490.13
-8491.73
-8508.08
-8497.08
-8508.99
-8499.51
-8495.77
-8513.73
-8489.28
-8489.53
-8489.79
-8508.84
-8508.83
-8495.91
-8496.38
-8496.49
-8496.07
-8495.73
-8509.82
-8498.29
-8499.24
-8508.84
-8509.07
-8508.55
-8496.14
-8496.34
-8496.16
-8511.04
-8508.06
-8510.61
-8502.3
-8508.76
-8508.85
-8508.66
-8496.37
-8496.63
-8496.62
-8511.88
-8508.55
-8506.6
-8496.97
-8496.1
-8505.43
-8503.56
-8496.69
-8496.69
-8506.31
-8498.64
-8504.96
-8508.61
-8508.37
-8496.34
-8497.22
-8499.58
-8502.58
-8505.67
-8502.68
-8498.18
-8497.72
-8507.95
-8507.7
-8497.14
-8498.22
-8504.56
-8505.79
-8506.1
-8502.5
-8498.55
-8555.9
-8565.44
-8563.47
-8559.81
-8554.77
-8553.55
-8553.12
-8552.93
-8553.15
-8554.2
-8546.48
-8562.99
-8565.8
-8552.94
-8553.5
-8553.61
-8553.5
-8553.21
-8559.84
-8572.88
-8546.02
-8564.84
-8565.52
-8552.99
-8553.69
-8569.51
-8570.15
-8570.62
-8552.33
-8572.72
-8545.83
-8545.98
-8546.4
-8566.32
-8560.32
-8557.09
-8569.74
-8570.09
-8566.71
-8572.51
-8563.5
-8546.29
-8547.31
-8566.24
-8566.48
-8553
-8553.71
-8554.36
-8566.9
-8553.6
-8567.89
-8567.94
-8567.59
-8566.87
-8561.97
-8552.81
-8554.1
-8554.32
-8563.72
-8570
-8557.4
-8568.27
-8568.28
-8553.71
-8566.22
-8565.9
-8559.37
-8556.23
-8570.09
-8570.93
-8565.16
-8553.54
-8553.03
-8553.32
-8565.54
-8565.24
-8556.02
-8556.13
-8557.09
-8557.77
-8565.37
-8565.45
-8555.9
-8553.36
-8561.57
-8564.81
-8557.98
-8556.63
-8556.1
-8556.02
-8554.53
-8564.85
-8564.8
-8561.56
-8556.42
-8557.69
-8562.8
-8564.44
-8565.04
-8560.17
-8601.85
-8603.69
-8603.64
-8625.06
-8625.91
-8611.34
-8612.09
-8615
-8612.34
-8629.09
-8600.77
-8602.73
-8612.6
-8613.12
-8611.07
-8611.34
-8612.01
-8620.13
-8628.39
-8627.14
-8600.62
-8606.32
-8619.71
-8620.11
-8611.28
-8613.64
-8629.08
-8630.04
-8611.45
-8632.9
-8600.63
-8607.85
-8610.8
-8626.71
-8611.6
-8627.24
-8628.72
-8630.08
-8632.3
-8631.55
-8623.23
-8623.63
-8623.71
-8622
-8618.4
-8610.53
-8611.63
-8612.73
-8633.5
-8618.83
-8623.76
-8624.48
-8624.68
-8607.99
-8608.91
-8609.83
-8617.43
-8617.23
-8632.83
-8607.4
-8621.34
-8624.59
-8625.23
-8609.37
-8613.24
-8615.91
-8627.82
-8629.9
-8631.84
-8631.19
-8620.09
-8609.66
-8609.93
-8610.1
-8622.48
-8623.37
-8626.06
-8625.85
-8616.1
-8630.17
-8620.5
-8612.18
-8610.49
-8615.16
-8622.8
-8623.27
-8623.91
-8615.4
-8615.25
-8615.09
-8610.14
-8620.84
-8621.34
-8621.72
-8621.54
-8617.08
-8617.68
-8622.47
-8625.09
-8626.54
-8663.87
-8656.24
-8657.9
-8681.62
-8683.83
-8677.7
-8675.18
-8689.94
-8688.31
-8692.05
-8664.4
-8656.11
-8658.17
-8682.54
-8668.7
-8670.45
-8683.01
-8689.73
-8690.3
-8674.04
-8653.23
-8655.11
-8658.17
-8683.54
-8668.78
-8670.51
-8688.99
-8690.91
-8672.62
-8675.97
-8653.63
-8677.73
-8681.19
-8683.75
-8667.77
-8686.46
-8688.71
-8691.73
-8695.31
-8678.25
-8677.25
-8678.85
-8679.77
-8664.01
-8666.15
-8674.45
-8671.35
-8673.5
-8695.97
-8696.85
-8677.57
-8679.34
-8680.97
-8663.05
-8665.49
-8667.9
-8689.01
-8692.56
-8695.15
-8667.04
-8677.86
-8679.41
-8681.34
-8664.27
-8666.2
-8668.11
-8688.74
-8691.66
-8694.07
-8688.83
-8663.06
-8664.7
-8673.24
-8675.39
-8667.66
-8673.86
-8687.31
-8690.19
-8682.96
-8691.56
-8670.04
-8665.15
-8667.14
-8679.12
-8680.8
-8682.16
-8683.68
-8687.88
-8676.56
-8688.82
-8664.3
-8668.31
-8670.75
-8678.68
-8680.54
-8681.47
-8676.63
-8677.24
-8679.41
-8688.14
-8724.42
-8705.08
-8707.32
-8728.26
-8740.73
-8747.1
-8753.08
-8758.76
-8763.33
-8767.12
-8728.69
-8704.58
-8707.27
-8737.62
-8739.17
-8739.78
-8751.87
-8753.35
-8762.53
-8747.41
-8695.86
-8701.12
-8707.39
-8738
-8726.49
-8732.43
-8752.57
-8743.62
-8743.75
-8747.65
-8719.68
-8725.57
-8732.03
-8738
-8739.8
-8736.44
-8753.6
-8749.47
-8743.69
-8752.86
-8721.46
-8726.39
-8731.52
-8716.78
-8722.83
-8746.56
-8750.39
-8751.31
-8767.38
-8771.65
-8722.3
-8727.19
-8713.75
-8716.78
-8722.33
-8728.18
-8755.28
-8761.31
-8766.36
-8739.05
-8711.11
-8725.41
-8732.6
-8734.27
-8723.14
-8729.14
-8746.17
-8759.6
-8761.34
-8738.91
-8708.58
-8713.17
-8732.97
-8736.2
-8728.85
-8729.68
-8740.62
-8755.48
-8759.45
-8763.17
-8710.19
-8714.3
-8723.22
-8734.89
-8738.96
-8741.36
-8734.42
-8748.78
-8750.55
-8762.07
-8711.78
-8723.54
-8723.08
-8734.35
-8739.02
-8742.88
-8745.34
-8742.68
-8746.36
-8757.72
-8748.72
-8770.47
-8754.46
-8767.4
-8782.1
-8811.46
-8822.57
-8832.82
-8840.75
-8831.92
-8770.33
-8777.93
-8759.42
-8780.52
-8799.82
-8811.04
-8820.34
-8813.98
-8825.35
-8829.2
-8751.13
-8756.56
-8757.67
-8780.85
-8801.02
-8806.34
-8804.25
-8813.47
-8837.38
-8836.18
-8758.03
-8756.15
-8765.67
-8791.78
-8802.88
-8797.04
-8805.67
-8813.23
-8823.35
-8854.71
-8761.13
-8766.19
-8763.32
-8770.08
-8792.32
-8811.84
-8824.65
-8836.24
-8845.16
-8853.27
-8759.58
-8763.14
-8760.61
-8770.59
-8789.21
-8805.27
-8814.35
-8827.28
-8843.67
-8818.75
-8748
-8756.66
-8776.78
-8788.31
-8796.77
-8796.78
-8800.83
-8816.98
-8811.45
-8817.3
-8750.83
-8759.77
-8782.31
-8789.59
-8798.57
-8800.86
-8800.14
-8806.19
-8828.38
-8842.22
-8758.91
-8765.05
-8782.04
-8790.39
-8796.77
-8793.17
-8801.24
-8807.3
-8832.96
-8840.13
-8762.02
-8773.96
-8777.61
-8784.03
-8793.82
-8798.18
-8802.46
-8812.47
-8818.86
-8824.66
-8702.74
-8750.77
-8780.4
-8800.42
-8837.98
-8885.98
-8928.97
-8961.96
-8972.96
-9000.35
-8730.94
-8763.39
-8794.92
-8801.47
-8845.25
-8892.68
-8910.89
-8942.67
-8972.74
-9000.28
-8721.29
-8761.22
-8789.54
-8803.7
-8859.32
-8893.55
-8909.48
-8942.82
-9000.16
-9027.53
-8704.82
-8734.82
-8769.69
-8824.74
-8860.27
-8889.45
-8908.6
-8940.82
-8975.46
-9024.28
-8712.22
-8739.89
-8772.8
-8816.6
-8860.39
-8893.29
-8927.82
-8960.96
-8992.25
-9009.83
-8718.56
-8746.06
-8775.52
-8806.76
-8859.12
-8891.43
-8901.52
-8929.65
-8958.65
-8979.41
-8726.52
-8753.23
-8781.81
-8816.38
-8858.08
-8889.79
-8899.12
-8924.55
-8949.67
-8973.38
-8735.17
-8763.07
-8791.14
-8827.45
-8859.01
-8887.46
-8898.68
-8922.82
-8949.02
-8994.63
-8753.79
-8780.31
-8806.85
-8834.22
-8848.52
-8873.57
-8898.11
-8931.43
-8965.31
-8987.63
-8762.79
-8787.62
-8812.14
-8829.53
-8850.37
-8873.44
-8897.7
-8933.01
-8956.01
-8966.02
-8745.11
-8779.22
-8833.18
-8859.17
-8905.25
-8955.02
-9015.42
-9049.89
-9092.59
-9131.74
-8742.17
-8795.7
-8834.6
-8858.56
-8906.16
-8967.45
-9006.24
-9051.27
-9106
-9152.38
-8736.37
-8787.71
-8836.65
-8871.7
-8917.3
-8974.4
-9005.82
-9067.45
-9119.74
-9157.88
-8741.02
-8776.5
-8826.92
-8883.23
-8929.53
-8960.98
-9002.73
-9060.54
-9115.47
-9152.45
-8747.77
-8782
-8827.01
-8884.92
-8928.2
-8963.73
-8999.16
-9048.71
-9079.23
-9111.42
-8763.35
-8789.18
-8835.32
-8883.06
-8927.33
-8970.92
-8991.27
-9030.22
-9066.59
-9101.22
-8777.75
-8798.06
-8834.04
-8873.54
-8924.75
-8968.08
-9007.01
-9023.82
-9059.43
-9097.12
-8780.99
-8806.8
-8840.98
-8878.09
-8921.91
-8965.49
-9002.71
-9020.99
-9075.93
-9110.39
-8791.48
-8818.6
-8851.54
-8883.5
-8916.77
-8950.63
-8996.61
-9035.5
-9068.47
-9099.65
-8806.8
-8835.18
-8864.88
-8886.48
-8918.05
-8949.43
-8990.35
-9026.01
-9048.49
-9073.69
)
;

boundaryField
{
    inlet
    {
        type            fixedFluxPressure;
        gradient        nonuniform List<scalar> 
500
(
-0.319711
0.112369
-0.32549
-0.197208
-0.0766799
-0.102358
-0.250543
0.358138
0.52153
1.61466
-0.301239
-0.183045
0.064834
0.114942
0.0378199
0.0244242
-0.19482
-0.264039
-0.332657
0.272804
-0.172747
-0.250841
-0.0228417
0.0571361
0.00778212
0.0446161
0.128711
-0.25007
-0.446194
0.794473
-0.203819
-0.200553
-0.00965533
-0.0649906
-0.00986667
0.0389184
-0.0426525
-0.241635
-0.654128
0.260196
0.456064
-0.140573
0.007469
0.00369938
-0.0182238
0.0286976
0.0614078
0.0548732
-0.630591
-0.729271
-0.426287
-0.150023
-0.0367128
-0.102036
-0.0254831
0.0259487
0.0510683
-0.146074
-0.644153
0.0819186
0.198254
-0.220251
-0.172078
-0.11274
-0.0267653
0.0174488
-0.020667
-0.218233
-0.411463
0.491511
0.323473
0.230048
-0.141842
-0.0933901
-0.0269742
0.0255497
0.145381
-0.18415
-0.405804
0.330122
0.143114
0.165042
0.109913
0.0423735
-0.0146148
-0.028095
0.155795
-0.00513539
-0.62855
-1.02897
-0.406261
-0.317647
-0.252309
-0.0968007
0.0228561
-0.0563204
-0.1344
0.13454
0.210889
-1.65565
7.63265
-4.80775
-5.25828
-3.83779
1.07783
2.31257
1.63395
-0.597265
-0.291307
-0.0602125
7.87742
4.40412
2.61026
1.88402
1.09999
-1.01555
-1.07237
-0.695834
-0.4133
-0.334694
5.71391
0.11062
-2.04889
-2.04959
1.31125
-1.42253
-0.183948
0.306695
0.409641
0.431016
-1.12547
-0.608209
1.02482
0.967715
-0.701189
-0.69609
0.351043
0.482795
0.397565
0.0886166
-1.02409
1.00674
1.33084
-0.399109
-1.33608
-0.928804
-0.716823
0.587423
0.65779
0.315041
1.20178
-2.76698
-1.679
-2.7692
-1.95613
-1.36069
-0.926352
0.462118
0.563893
-0.384245
0.685094
-2.07057
0.818009
0.96718
1.33274
-1.00848
-1.09027
0.0792128
0.409459
0.297463
6.61092
4.37333
1.18743
1.44247
1.01397
-0.812042
-1.19812
-1.0039
0.34152
0.402108
8.57382
4.00154
-2.82165
-5.55901
-3.94958
-1.56292
1.79206
-1.94999
0.277671
0.412349
9.90752
-4.6564
-9.44078
-6.9865
4.44791
3.02134
2.0053
0.459381
1.61377
-0.47553
-4.54076
4.70877
0.405995
-4.44825
0.59142
1.96422
1.09991
-0.607082
-0.910241
-0.535371
-5.88922
4.59649
6.17168
-1.85034
-2.21447
-1.56438
-1.01188
0.132508
0.117397
-0.393941
-6.03791
-3.43039
3.32437
2.67835
1.45611
-0.528912
-0.660515
-0.601881
-0.70417
-0.368736
-3.52956
-2.52126
-1.70836
-1.13427
-0.239302
-0.0850978
-0.0862667
0.238846
0.0718556
-0.163798
-1.12081
-0.799945
-0.522358
-0.360206
-0.231383
0.052092
0.069885
0.0909326
0.0728636
0.054595
-0.165704
0.52563
0.113755
-0.132652
-0.223733
-0.162334
0.130315
0.121988
0.00339127
0.0131246
-2.16163
-3.38563
0.948405
1.24314
-0.776371
0.423187
0.453159
-0.328738
-0.456249
-0.311447
-3.02094
-4.38415
-2.49152
-0.986579
1.45934
0.624163
-0.390058
-0.410289
0.0992142
0.157847
-6.80528
-4.88344
0.495687
4.41088
1.39594
-1.79397e-05
2.26536
1.38522
0.603922
0.299723
-10.8002
3.15479
10.4831
7.90068
5.60656
0.0969238
-2.17083
-3.05783
-1.43352
0.334044
7.05459
-12.3606
-14.2595
-8.80618
6.89781
-4.99163
-4.9035
-3.27373
-2.72588
-2.36822
-1.86935
-3.74354
4.01352
5.65831
6.47939
-3.66385
-4.27467
-1.08869
0.122261
0.267785
-2.09836
-2.98989
-3.03258
0.943912
5.56626
3.63726
0.00544308
-2.47287
-0.497068
0.342359
2.55256
1.94635
-2.70336
-1.9461
0.122126
3.3868
-1.74079
-1.83027
0.430538
0.633611
3.80031
1.11943
-2.14695
1.29018
3.42795
-1.7613
-1.44252
-1.36847
0.504984
0.860745
-3.92713
-1.73447
3.10365
2.0972
2.47806
-1.75942
-1.61546
-1.27026
-0.841099
-0.434739
9.07257
10.7349
-5.33853
-2.85421
2.37027
-1.69369
-1.41391
-0.723114
1.66937
1.30597
-0.932777
-4.40313
-5.39822
-5.33851
-4.32088
3.69444
2.11142
2.56698
1.60546
1.39253
-6.68912
9.20551
9.73896
-3.98274
-6.15759
-8.08559
3.59375
3.25936
-0.767907
-0.971148
-11.4411
8.66485
10.6181
-5.40114
-7.53101
-6.1584
1.16543
-1.78912
-1.40051
1.997
-11.187
-8.4076
3.92445
-3.34706
-5.10774
2.00724
-2.33636
-1.24784
3.77803
2.55086
-3.00281
4.36099
5.14837
-1.7341
-2.46795
-1.27951
-0.729154
0.471218
0.330154
1.3385
-2.3958
1.25733
2.66371
1.64668
0.303153
-0.629225
-0.385079
-0.239227
-0.334892
0.677432
0.763358
0.530285
0.199414
-0.551335
-0.266442
-0.0824747
0.263186
-0.22203
-0.304054
-0.302654
0.310271
-0.249561
-0.177414
0.104922
0.0937805
-0.0890039
-0.118212
0.0495459
0.0721848
-0.101756
0.166956
0.187873
0.105615
-0.070683
-0.159578
-0.105212
0.0562677
0.051748
0.0459437
0.0276648
-0.630037
0.48916
0.323003
0.272151
0.175378
-0.234243
-0.236507
0.00424014
-0.145107
-0.0435137
-2.4671
-1.59422
-1.06654
0.849114
0.553452
0.261875
-0.0239471
-0.233126
-0.338322
-0.27543
-3.10348
1.77
2.54805
1.63544
-0.92868
-0.639789
-0.218605
0.084221
0.447875
0.283023
5.41463
-4.43252
-4.54146
-3.35503
0.96552
-1.03817
-0.361414
0.568377
0.618219
0.531225
)
;
        value           nonuniform List<scalar> 
500
(
-6375.95
-6377.79
-6379.12
-6379.99
-6380.42
-6380.44
-6380.01
-6379.12
-6377.78
-6375.94
-6377.79
-6379.51
-6380.8
-6381.65
-6382.08
-6382.07
-6381.66
-6380.81
-6379.52
-6377.79
-6379.12
-6380.79
-6382.05
-6382.89
-6383.3
-6383.29
-6382.88
-6382.06
-6380.81
-6379.12
-6380
-6381.65
-6382.88
-6383.7
-6384.11
-6384.11
-6383.7
-6382.89
-6381.66
-6380
-6380.44
-6382.07
-6383.3
-6384.11
-6384.52
-6384.51
-6384.11
-6383.29
-6382.08
-6380.44
-6380.43
-6382.07
-6383.3
-6384.11
-6384.51
-6384.51
-6384.1
-6383.29
-6382.08
-6380.43
-6380
-6381.64
-6382.88
-6383.69
-6384.1
-6384.1
-6383.69
-6382.88
-6381.65
-6379.98
-6379.12
-6380.8
-6382.04
-6382.87
-6383.29
-6383.28
-6382.86
-6382.04
-6380.79
-6379.11
-6377.78
-6379.51
-6380.79
-6381.64
-6382.06
-6382.06
-6381.63
-6380.78
-6379.5
-6377.79
-6375.94
-6377.77
-6379.1
-6379.98
-6380.42
-6380.42
-6379.98
-6379.1
-6377.76
-6375.95
-6335.04
-6344.4
-6350.59
-6354.99
-6358.98
-6362.67
-6366
-6368.95
-6371.58
-6373.84
-6335.8
-6345.66
-6351.94
-6356.45
-6360.54
-6364.3
-6367.7
-6370.72
-6373.37
-6375.7
-6336.37
-6346.67
-6353.04
-6357.65
-6361.85
-6365.66
-6369.09
-6372.12
-6374.77
-6377.07
-6336.79
-6347.41
-6353.87
-6358.56
-6362.78
-6366.63
-6370.08
-6373.1
-6375.72
-6377.98
-6337.03
-6347.81
-6354.3
-6359.01
-6363.26
-6367.13
-6370.57
-6373.59
-6376.21
-6378.44
-6337.06
-6347.8
-6354.28
-6358.99
-6363.25
-6367.13
-6370.57
-6373.59
-6376.21
-6378.44
-6336.8
-6347.41
-6353.86
-6358.55
-6362.79
-6366.63
-6370.06
-6373.09
-6375.72
-6377.98
-6336.4
-6346.69
-6353.05
-6357.67
-6361.85
-6365.66
-6369.08
-6372.11
-6374.76
-6377.07
-6335.77
-6345.66
-6351.91
-6356.4
-6360.49
-6364.28
-6367.71
-6370.7
-6373.37
-6375.7
-6335.05
-6344.38
-6350.55
-6354.95
-6358.98
-6362.66
-6365.99
-6368.96
-6371.59
-6373.83
-6334.86
-6344.42
-6350.62
-6354.97
-6358.97
-6362.66
-6365.99
-6368.95
-6371.56
-6373.82
-6335.56
-6345.65
-6351.98
-6356.42
-6360.49
-6364.27
-6367.68
-6370.71
-6373.37
-6375.69
-6336.13
-6346.61
-6353.09
-6357.7
-6361.85
-6365.65
-6369.07
-6372.09
-6374.74
-6377.04
-6336.55
-6347.32
-6353.81
-6358.5
-6362.75
-6366.61
-6370.05
-6373.08
-6375.7
-6377.95
-6336.76
-6347.68
-6354.21
-6358.93
-6363.2
-6367.1
-6370.55
-6373.57
-6376.19
-6378.43
-6336.9
-6347.67
-6354.2
-6358.95
-6363.22
-6367.11
-6370.53
-6373.55
-6376.18
-6378.42
-6336.67
-6347.39
-6353.77
-6358.46
-6362.75
-6366.58
-6370.02
-6373.07
-6375.71
-6377.97
-6336.3
-6346.66
-6353.02
-6357.62
-6361.77
-6365.62
-6369.07
-6372.1
-6374.74
-6377.04
-6335.7
-6345.62
-6351.87
-6356.35
-6360.47
-6364.26
-6367.64
-6370.67
-6373.34
-6375.67
-6335.02
-6344.32
-6350.48
-6354.91
-6358.89
-6362.62
-6365.97
-6368.96
-6371.56
-6373.8
-6334.78
-6344.45
-6350.69
-6355.04
-6358.89
-6362.67
-6366
-6368.96
-6371.58
-6373.84
-6335.67
-6345.62
-6351.87
-6356.38
-6360.47
-6364.32
-6367.73
-6370.72
-6373.36
-6375.68
-6336.31
-6346.66
-6353.04
-6357.63
-6361.78
-6365.64
-6369.09
-6372.13
-6374.76
-6377.05
-6336.77
-6347.4
-6353.86
-6358.54
-6362.76
-6366.61
-6370.08
-6373.1
-6375.7
-6377.96
-6337.01
-6347.79
-6354.29
-6358.99
-6363.24
-6367.15
-6370.58
-6373.59
-6376.19
-6378.42
-6337.04
-6347.81
-6354.27
-6359
-6363.25
-6367.15
-6370.59
-6373.6
-6376.2
-6378.44
-6336.78
-6347.39
-6353.91
-6358.57
-6362.77
-6366.65
-6370.08
-6373.09
-6375.7
-6377.97
-6336.38
-6346.72
-6353.09
-6357.71
-6361.86
-6365.64
-6369.07
-6372.09
-6374.75
-6377.05
-6335.86
-6345.6
-6351.88
-6356.49
-6360.58
-6364.36
-6367.66
-6370.69
-6373.38
-6375.71
-6335.11
-6344.37
-6350.57
-6355.08
-6359.04
-6362.69
-6365.96
-6368.97
-6371.58
-6373.81
-6335.12
-6344.47
-6350.58
-6355.04
-6359.01
-6362.62
-6366
-6368.96
-6371.53
-6373.81
-6335.81
-6345.59
-6351.86
-6356.45
-6360.55
-6364.31
-6367.71
-6370.71
-6373.37
-6375.68
-6336.38
-6346.65
-6353.01
-6357.64
-6361.83
-6365.68
-6369.1
-6372.13
-6374.78
-6377.06
-6336.76
-6347.41
-6353.87
-6358.56
-6362.78
-6366.64
-6370.07
-6373.1
-6375.73
-6378
-6336.98
-6347.82
-6354.31
-6359
-6363.26
-6367.14
-6370.59
-6373.59
-6376.2
-6378.45
-6337.03
-6347.81
-6354.29
-6359
-6363.25
-6367.13
-6370.58
-6373.6
-6376.21
-6378.44
-6336.76
-6347.41
-6353.86
-6358.55
-6362.78
-6366.63
-6370.07
-6373.09
-6375.71
-6377.98
-6336.27
-6346.65
-6353.04
-6357.68
-6361.85
-6365.67
-6369.1
-6372.12
-6374.76
-6377.06
-6335.67
-6345.65
-6351.95
-6356.46
-6360.52
-6364.3
-6367.7
-6370.73
-6373.39
-6375.71
-6335.02
-6344.38
-6350.58
-6354.99
-6358.98
-6362.64
-6365.98
-6368.96
-6371.59
-6373.85
)
;
    }
    outlet
    {
        type            prghPressure;
        p               uniform 0;
        value           nonuniform List<scalar> 
500
(
-9305.91
-9236.58
-9167.86
-9104.9
-9034.3
-8959.58
-8899.27
-8829.96
-8760.66
-8691.17
-9305.91
-9237.48
-9174.43
-9104.82
-9035.22
-8965.36
-8893.58
-8826.71
-8759.7
-8681.22
-9314.14
-9238.4
-9170.45
-9104.61
-9034.6
-8962.94
-8893.57
-8824.22
-8759.29
-8687.35
-9316.95
-9238.94
-9170.47
-9101.92
-9032.22
-8962.72
-8893.51
-8827.21
-8758.67
-8689.07
-9316.03
-9239.46
-9171.79
-9104.66
-9032.07
-8962.59
-8894.45
-8827.74
-8758.56
-8685.98
-9313.89
-9244.02
-9173.33
-9101.67
-9031.94
-8962.54
-8893.24
-8826.98
-8758.65
-8688.33
-9314.46
-9244.59
-9174.9
-9102.86
-9031.9
-8962.55
-8893.19
-8825.41
-8758.85
-8689.27
-9313.87
-9241.45
-9174.77
-9104.91
-9034.64
-8962.55
-8893.27
-8824.77
-8759.06
-8689.32
-9309.76
-9240.18
-9173.82
-9104.57
-9034.28
-8962.62
-8893.41
-8827.44
-8759.61
-8690.77
-9309.53
-9240.18
-9171.01
-9101.98
-9031.57
-8962.39
-8895.02
-8828.97
-8760.16
-8690.78
-9713.79
-9700.85
-9661.87
-9618.71
-9547.31
-9505.72
-9492.33
-9455.41
-9409.99
-9361.06
-9799.47
-9756.2
-9728.52
-9675.4
-9603.61
-9548.04
-9509.46
-9477.04
-9426.9
-9370.24
-9866.01
-9811.91
-9755.45
-9713.45
-9661.18
-9587.04
-9531.5
-9484.09
-9436.72
-9381.04
-9922.62
-9854.09
-9790.72
-9739.98
-9686.69
-9620.83
-9548.02
-9488.4
-9443.81
-9383.04
-9947.73
-9871.73
-9807.8
-9756.86
-9699.36
-9630.59
-9556.6
-9494.79
-9445.05
-9383.92
-9940.13
-9871.02
-9810.94
-9760.18
-9699.78
-9634.33
-9557.85
-9495.89
-9441.22
-9382.77
-9924
-9853.07
-9785.48
-9742.19
-9687.63
-9620.71
-9551.01
-9493.9
-9440.36
-9380.45
-9871.34
-9807.55
-9749.42
-9714.19
-9661.8
-9598.49
-9535.39
-9484.36
-9432.83
-9377.61
-9801.96
-9765.48
-9714.07
-9667.19
-9618.31
-9560.78
-9513.1
-9471.02
-9422.55
-9373.5
-9721.84
-9693.2
-9653.48
-9611.38
-9559.94
-9518.64
-9487.89
-9448.94
-9409.3
-9367.49
-9607.26
-9594.04
-9561.6
-9528.04
-9482.44
-9447.07
-9416.25
-9394.11
-9361.75
-9325.04
-9485.82
-9474.64
-9450.51
-9423.03
-9382.12
-9352.17
-9325.93
-9308.53
-9284.43
-9252.98
-9352.74
-9337.41
-9330.12
-9304.39
-9276.37
-9252.77
-9232.71
-9218.06
-9205.11
-9181.5
-9219.86
-9202.03
-9201
-9178.02
-9161.96
-9149.21
-9147.09
-9138.9
-9125.16
-9107.03
-9062.8
-9071.02
-9073.72
-9056.61
-9049.55
-9054.29
-9053.84
-9049.45
-9040.6
-9033.43
-8913.73
-8918.11
-8932.8
-8946.25
-8950.35
-8952.74
-8950.96
-8950.33
-8954.19
-8962.75
-8769.79
-8781.41
-8802.03
-8823.6
-8834.15
-8846.3
-8846.49
-8858.91
-8874.94
-8892.4
-8647.55
-8669.35
-8690.25
-8704.43
-8701.59
-8725.13
-8753.69
-8781.02
-8803.19
-8817.07
-8499.31
-8531.22
-8570.33
-8569.69
-8588.18
-8615.04
-8668.58
-8697.23
-8723.51
-8739.87
-8384.04
-8412.74
-8448.11
-8463
-8489.41
-8542.91
-8574.6
-8600.54
-8632.44
-8675.54
-8278.85
-8318.37
-8346.49
-8384.07
-8444.43
-8485.2
-8515.6
-8542.48
-8584.04
-8635.79
-8098.31
-8253.39
-8292.87
-8347.55
-8396.97
-8445.57
-8490.79
-8520.53
-8570.42
-8621.75
-7659.66
-8161.8
-8236.65
-8299.35
-8358.1
-8413.47
-8467.55
-8509.79
-8561.07
-8617.9
-7391.95
-8058.18
-8208.26
-8261.75
-8313.04
-8379.64
-8449.49
-8501.51
-8555.22
-8620.75
-7298.67
-7858.4
-8198.39
-8252.39
-8300.26
-8363.54
-8438.44
-8500.28
-8556.82
-8616.19
-7298.67
-7856.59
-8198.03
-8252.33
-8300.64
-8368.17
-8440.54
-8498.55
-8553.37
-8616.28
-7391.15
-8056.16
-8210.13
-8262.03
-8314.4
-8380.2
-8449.63
-8499.41
-8556.36
-8620.49
-7654.04
-8164.83
-8235.57
-8293.14
-8354.69
-8411.4
-8466.74
-8518.5
-8562.74
-8618.13
-8066.9
-8263.92
-8300.13
-8325.32
-8393.31
-8442.68
-8491.44
-8533.3
-8572.9
-8621.48
-8285.96
-8325.98
-8344.66
-8383.83
-8423.99
-8481.23
-8522.41
-8561.42
-8592.22
-8630.91
-8384.72
-8412.47
-8435.75
-8467.71
-8500.31
-8540.69
-8578.99
-8605.29
-8638.45
-8676.02
-8503.08
-8545.25
-8561.29
-8572.42
-8599.21
-8626.73
-8655.19
-8682.85
-8713.15
-8747.89
-8648.25
-8668.58
-8688.55
-8695.36
-8711.21
-8734.72
-8747.95
-8769.04
-8793.43
-8820.28
-8769.69
-8780.45
-8804.63
-8826.5
-8837.96
-8845.46
-8844.9
-8858.34
-8872.42
-8883.78
-8914.06
-8918.26
-8932.96
-8948.72
-8950.76
-8953.25
-8954
-8954.45
-8952.5
-8956.92
-9062.96
-9070.55
-9073.43
-9056.24
-9055.91
-9060.45
-9055.14
-9050.26
-9033.03
-9029.67
-9221.58
-9199.27
-9187.27
-9173.68
-9160.54
-9143.81
-9151.59
-9139.47
-9125.76
-9112.08
-9350.88
-9331.93
-9329.88
-9305.99
-9278.43
-9245.22
-9225.12
-9209.25
-9211.33
-9189.39
-9483.21
-9470.17
-9459.7
-9432.83
-9375.13
-9342.65
-9316.82
-9315.73
-9290.91
-9253.79
-9604.35
-9593.76
-9570.23
-9537.65
-9470.69
-9436.34
-9409.31
-9400.71
-9368.37
-9321.14
)
;
    }
    walls
    {
        type            fixedFluxPressure;
        gradient        uniform 0;
        value           nonuniform List<scalar> 
1600
(
-6335.32
-6430.44
-6509.88
-6583.56
-6664.45
-6751.88
-6840.59
-6927.17
-7010.48
-7090.1
-7165.64
-7237.2
-7305.34
-7367.82
-7430.28
-7491.97
-7553.59
-7618.71
-7679.21
-7739.41
-7799.46
-7859.47
-7919.46
-7978.55
-8029.04
-8088.29
-8147.24
-8212.88
-8276.88
-8334.68
-8382.79
-8437.44
-8495.2
-8561.35
-8629.87
-8693.34
-8770.52
-8840.06
-9025.17
-9170.29
-6336.09
-6430.51
-6510
-6583.36
-6662.85
-6750.05
-6838.45
-6924.77
-7007.96
-7087.47
-7162.84
-7234.21
-7302.11
-7367.26
-7430.4
-7493.35
-7558.23
-7618.97
-7679.32
-7739.43
-7794.6
-7850.28
-7909.8
-7969.38
-8028.87
-8088.18
-8147.22
-8205.96
-8264.42
-8330.57
-8394.63
-8452.34
-8497.81
-8555.84
-8616.33
-8687.5
-8772.66
-8860.9
-9052.9
-9200.97
-6336.58
-6429.8
-6509.17
-6582.26
-6662.68
-6750.07
-6839.39
-6925.92
-7009.37
-7088.94
-7162.81
-7234.23
-7302.25
-7367.43
-7433.49
-7497.31
-7558.4
-7618.93
-7679.18
-7731.31
-7790.72
-7850.18
-7909.7
-7969.25
-8028.79
-8088.12
-8147.12
-8212.72
-8276.84
-8335.77
-8394.45
-8449
-8497.69
-8556.03
-8616.69
-8680.99
-8773.86
-8865.71
-9078.88
-9225.65
-6336.75
-6430.15
-6509.82
-6582.96
-6662.69
-6749.88
-6838.29
-6925.31
-7009.25
-7089.04
-7164.31
-7234.34
-7302.32
-7367.61
-7430.84
-7496.78
-7558.46
-7619.03
-7679.22
-7735.91
-7790.81
-7850.21
-7909.7
-7969.22
-8028.7
-8088.03
-8147.05
-8205.85
-8276.47
-8335.82
-8394.65
-8451.61
-8497.85
-8556.12
-8616.92
-8681.34
-8768.02
-8868.77
-9089.41
-9253.98
-6336.99
-6429.93
-6509.92
-6582.99
-6663.32
-6750.59
-6838.26
-6923.9
-7007.13
-7087.61
-7164.96
-7236.82
-7305.11
-7370.54
-7433.12
-7492.2
-7552.92
-7613.14
-7673.09
-7733.73
-7799.17
-7859.32
-7919.23
-7979.13
-8036.82
-8087.92
-8146.99
-8205.87
-8264.48
-8322.75
-8391.2
-8453.46
-8503.99
-8556.45
-8617.18
-8681.53
-8773.58
-8870.8
-9095.2
-9265.01
-6337.1
-6430.23
-6510
-6583
-6663.04
-6749.29
-6837.55
-6923.86
-7007.15
-7086.83
-7162.45
-7234.07
-7302.15
-7367.38
-7430.53
-7492.19
-7552.92
-7613.14
-7673.05
-7732.85
-7797.89
-7859.39
-7919.3
-7979.23
-8030.77
-8088.41
-8147.33
-8214.16
-8277.21
-8336.1
-8394.87
-8453.47
-8510.22
-8556.94
-8617.47
-8681.79
-8768.64
-8871.45
-9095.86
-9257.51
-6336.83
-6430.22
-6509.91
-6582.42
-6662.27
-6749.41
-6837.75
-6924.8
-7010.49
-7090.53
-7166.41
-7238.3
-7306.66
-7372.17
-7435.61
-7497.59
-7558.67
-7619.22
-7679.45
-7739.54
-7799.5
-7859.39
-7919.26
-7979.17
-8039.05
-8098.5
-8147.56
-8205.81
-8263.92
-8332.98
-8394.97
-8453.58
-8507.8
-8556.75
-8617.61
-8682.45
-8776.81
-8870.16
-9090.53
-9255.35
-6336.64
-6430.28
-6509.76
-6582.63
-6662.5
-6749.62
-6837.96
-6924.34
-7010.28
-7090.55
-7166.39
-7238.22
-7306.58
-7372.06
-7435.51
-7497.46
-7558.51
-7616.02
-7671.75
-7731.36
-7790.91
-7850.7
-7910.36
-7970.29
-8029.54
-8088.9
-8151.65
-8218.61
-8277.54
-8336.23
-8394.88
-8453.52
-8511.17
-8555.42
-8617.07
-8690.86
-8775.56
-8867.01
-9080.38
-9230.91
-6336.09
-6430.1
-6508.82
-6582.23
-6663.5
-6751.94
-6840.66
-6927.33
-7010.84
-7090.68
-7166.41
-7238.11
-7306.39
-7371.84
-7435.23
-7497.22
-7558.32
-7618.81
-7679.01
-7739.06
-7798.49
-7850.57
-7910.53
-7977.36
-8040.12
-8099.92
-8159.42
-8218.62
-8277.53
-8336.24
-8394.89
-8453.48
-8506.84
-8554.39
-8615.92
-8691.04
-8773.95
-8862.2
-9054.32
-9203.4
-6335.42
-6430.62
-6510.09
-6583.8
-6664.71
-6752.16
-6840.94
-6927.6
-7011.03
-7090.7
-7166.2
-7237.9
-7306.19
-7371.62
-7435.03
-7497.04
-7558.12
-7618.47
-7677.95
-7738.83
-7798.76
-7858.74
-7913.66
-7973.34
-8038.03
-8099.84
-8159.3
-8218.45
-8277.34
-8336.12
-8393.78
-8441.11
-8498.64
-8564.45
-8631.11
-8694.53
-8771.55
-8839.3
-9027.41
-9178.25
-6334.69
-6429.48
-6508.91
-6583.7
-6664.64
-6752.13
-6840.89
-6927.54
-7010.92
-7090.58
-7166.23
-7237.88
-7306.06
-7371.54
-7429.31
-7490.81
-7551.53
-7615.15
-7678.43
-7738.66
-7797.95
-7854.08
-7913.42
-7972.94
-8038.75
-8099.73
-8159.21
-8218.37
-8277.25
-8335.98
-8394.69
-8441.67
-8498.02
-8563.68
-8630.43
-8693.02
-8767.54
-8834.67
-9003.03
-9134.58
-6335.34
-6429.59
-6508.74
-6581.9
-6662.36
-6749.46
-6837.79
-6924.09
-7007.22
-7086.62
-7161.98
-7233.33
-7301.21
-7366.33
-7429.36
-7491.03
-7551.72
-7611.89
-7671.83
-7733.82
-7799.14
-7859.13
-7919.71
-7973.56
-8028.84
-8087.88
-8146.61
-8205.64
-8274.58
-8335.79
-8389.88
-8439.93
-8497.74
-8555.89
-8616.66
-8691.34
-8763.29
-8839.51
-8975.09
-9095.15
-6335.91
-6429.65
-6508.91
-6581.87
-6662.22
-6749.33
-6837.61
-6924.21
-7009.57
-7089.46
-7165.26
-7236.89
-7304.2
-7366.5
-7429.54
-7491.19
-7551.93
-7612.08
-7671.98
-7731.76
-7791.47
-7851.11
-7912.18
-7969.95
-8029.07
-8088.08
-8146.93
-8205.88
-8264.61
-8333.55
-8393.61
-8442.63
-8497.69
-8555.51
-8614.1
-8685.53
-8758.74
-8832.84
-8956.28
-9051.73
-6336.42
-6429.74
-6509.13
-6581.95
-6662.18
-6750.97
-6839.73
-6926.15
-7008.08
-7086.62
-7162.08
-7233.56
-7301.55
-7366.7
-7429.77
-7495.67
-7558.11
-7618.53
-7674.52
-7731.87
-7791.57
-7851.2
-7911.67
-7970.43
-8029.38
-8088.43
-8147.18
-8206.23
-8264.99
-8328.3
-8394.51
-8449.4
-8497.11
-8554.98
-8613.23
-8677.01
-8753.22
-8822.65
-8929.21
-9013.7
-6336.71
-6429.8
-6509.3
-6582.09
-6662.76
-6751.03
-6839.55
-6925.31
-7007.01
-7086.55
-7162.12
-7233.68
-7301.56
-7370.29
-7435.04
-7495.64
-7551.92
-7612.32
-7672.34
-7732.05
-7794.09
-7857.45
-7917.37
-7977.31
-8032.79
-8088.77
-8147.57
-8206.51
-8265.4
-8335.88
-8395.3
-8449.6
-8496.03
-8554.19
-8612.34
-8677.71
-8747.34
-8811.61
-8885.68
-8954.84
-6336.89
-6430.09
-6509.89
-6582.35
-6662.23
-6749.28
-6837.59
-6925.74
-7009.25
-7089.17
-7165.13
-7236.13
-7301.4
-7366.49
-7429.7
-7491.37
-7552.01
-7614.66
-7679.06
-7738.78
-7795.53
-7850.49
-7909.87
-7972.28
-8037.78
-8097.58
-8157
-8216.11
-8271.77
-8322.97
-8380.8
-8438.39
-8495.96
-8556.16
-8626.5
-8684.48
-8740.35
-8782.06
-8837.63
-8904.9
-6336.59
-6429.94
-6509.4
-6582.24
-6662.45
-6749.51
-6837.7
-6923.9
-7009.07
-7089.16
-7164.34
-7233.45
-7301.36
-7366.49
-7430.8
-7496.88
-7558.15
-7618.77
-7679.03
-7737.56
-7791
-7850.4
-7909.91
-7969.29
-8028.9
-8088.06
-8155.99
-8216.05
-8269.03
-8322.71
-8380.67
-8438.26
-8495.97
-8560.24
-8625.69
-8682.31
-8726.4
-8768
-8800.86
-8859.22
-6336.19
-6430.01
-6509.49
-6582.35
-6662.7
-6749.77
-6838.02
-6924.24
-7007.33
-7086.75
-7162.15
-7233.54
-7301.4
-7366.5
-7429.54
-7491.12
-7551.77
-7615.89
-7679.28
-7739.51
-7799.58
-7856.74
-7909.81
-7969.18
-8028.78
-8088.35
-8147.51
-8206.05
-8264.56
-8322.86
-8389.52
-8456.37
-8503.65
-8547.67
-8603.04
-8657.55
-8707.03
-8754.41
-8782.98
-8832.44
-6335.45
-6430.06
-6509.34
-6582.5
-6662.97
-6750.08
-6838.4
-6924.61
-7007.67
-7087.03
-7162.33
-7233.63
-7301.44
-7366.46
-7429.49
-7491.09
-7551.77
-7611.93
-7676.79
-7739.39
-7799.54
-7859.62
-7912.61
-7969.56
-8029.11
-8088.41
-8147.44
-8206.2
-8264.7
-8330.88
-8396.66
-8455.8
-8506.48
-8547.58
-8602.28
-8655.61
-8701.37
-8757.62
-8745.66
-8775.39
-6334.63
-6429.78
-6509.27
-6583.01
-6663.98
-6751.45
-6840.22
-6926.83
-7010.22
-7089.88
-7165.51
-7237.22
-7302.36
-7366.45
-7429.45
-7491.09
-7551.78
-7614.98
-7678.56
-7738.92
-7799.16
-7856.5
-7910.01
-7969.55
-8029.3
-8088.57
-8147.55
-8206.3
-8264.76
-8323.05
-8394.32
-8455.15
-8502.25
-8547.68
-8601.84
-8660.21
-8718.77
-8746.88
-8701.05
-8744.31
-6335.04
-6430.33
-6509.46
-6582.82
-6663.42
-6750.56
-6838.94
-6925.17
-7008.15
-7087.37
-7162.54
-7233.77
-7301.49
-7366.53
-7429.57
-7491.22
-7551.92
-7612.05
-7671.94
-7731.65
-7791.34
-7851
-7910.52
-7970.01
-8029.38
-8088.63
-8147.63
-8206.46
-8273.26
-8337.65
-8395.14
-8449.26
-8491.85
-8554.5
-8619.16
-8671.24
-8706.93
-8734.89
-8675.21
-8712.56
-6335.6
-6430.13
-6509.58
-6582.75
-6663.49
-6750.62
-6838.74
-6924.92
-7007.95
-7087.3
-7162.59
-7233.95
-7301.82
-7366.8
-7429.79
-7491.42
-7552.09
-7612.21
-7673.37
-7738.11
-7798.17
-7858.02
-7912.61
-7970.03
-8029.41
-8088.69
-8147.7
-8206.51
-8275.35
-8336.12
-8394.71
-8438.46
-8492.54
-8564.38
-8618.44
-8660.24
-8692.44
-8752.92
-8673.46
-8591.38
-6336.24
-6430.22
-6509.72
-6582.64
-6663.3
-6750.68
-6839.23
-6925.24
-7007.85
-7087.29
-7162.65
-7234.18
-7305.07
-7370.53
-7434.02
-7496.07
-7557.18
-7617.73
-7677.99
-7738.07
-7798.12
-7858.29
-7912.04
-7970.16
-8029.47
-8088.66
-8156.22
-8216.46
-8275.49
-8329.99
-8385.75
-8445.62
-8508.55
-8564.9
-8617.85
-8652.97
-8688.48
-8747.02
-8651.86
-8200.19
-6336.87
-6429.93
-6509.4
-6582.57
-6663.15
-6750.34
-6838.39
-6924.53
-7007.66
-7087.15
-7162.59
-7234.09
-7302.07
-7368.9
-7434.32
-7496.41
-7557.33
-7617.8
-7674.86
-7737.26
-7798.05
-7854.35
-7911.23
-7970.54
-8030.87
-8097.13
-8156.78
-8216.14
-8271.03
-8327.59
-8385.68
-8446.49
-8508.76
-8564.77
-8603.99
-8651.77
-8691.78
-8743.54
-8637.65
-7963
-6337.15
-6430.11
-6509.52
-6582.58
-6663.05
-6750.46
-6838.98
-6925.53
-7009.11
-7089.05
-7164.91
-7236.75
-7303.26
-7368.03
-7431.17
-7494.33
-7557.33
-7616.93
-7673.46
-7736.1
-7797.85
-7856.07
-7911.4
-7970.78
-8031.9
-8096.93
-8156.61
-8215.43
-8269.31
-8327.56
-8385.69
-8448.96
-8508.88
-8561.17
-8602.31
-8651.3
-8715.19
-8741.1
-8432.17
-7883.95
-6336.9
-6429.86
-6509.8
-6582.7
-6662.94
-6750.34
-6839.02
-6925.58
-7009.16
-7089.07
-7164.94
-7236.8
-7303.32
-7368
-7431.12
-7492.76
-7553.45
-7615.6
-7673.11
-7732.69
-7792.33
-7851.89
-7911.39
-7970.88
-8030.66
-8097.16
-8156.93
-8216.33
-8269.76
-8327.7
-8385.92
-8451.69
-8508.93
-8563.61
-8602.42
-8651.18
-8715.69
-8741.18
-8431.45
-7884
-6337.12
-6429.89
-6509.38
-6582.55
-6663.13
-6750.59
-6838.81
-6924.93
-7008.26
-7087.92
-7163.39
-7236.72
-7305.39
-7370.96
-7434.28
-7492.7
-7553.42
-7613.66
-7673.96
-7736.6
-7796.54
-7856.43
-7914.02
-7970.88
-8035.52
-8097.52
-8157.09
-8216.39
-8271.57
-8327.9
-8385.97
-8449.31
-8509.34
-8566.07
-8606.65
-8651.82
-8693.74
-8744
-8638.06
-7962.27
-6336.35
-6430.2
-6509.62
-6582.71
-6663.31
-6750.81
-6839.47
-6926.11
-7009.63
-7089.5
-7165.31
-7237.08
-7305.36
-7370.86
-7434.29
-7493.56
-7553.41
-7615.74
-7678.13
-7736.89
-7792.51
-7852
-7911.48
-7972
-8037.78
-8097.66
-8157.22
-8216.49
-8275.4
-8330.85
-8386.01
-8446.5
-8509.8
-8566.33
-8618.21
-8653.34
-8688.67
-8748.23
-8652.21
-8194.65
-6335.62
-6429.68
-6509.19
-6582.73
-6663.59
-6751.09
-6839.77
-6926.42
-7009.89
-7089.68
-7165.38
-7237.08
-7305.31
-7370.78
-7434.21
-7496.24
-7557.34
-7617.88
-7678.12
-7738.23
-7798.3
-7855.76
-7911.31
-7970.78
-8029.82
-8097.43
-8157.26
-8216.61
-8275.51
-8334.14
-8392.06
-8440.97
-8495.1
-8566.63
-8621.51
-8659.82
-8694.42
-8755.75
-8673.78
-8560.51
-6334.69
-6429.67
-6509.14
-6582.87
-6663.83
-6751.34
-6840.13
-6926.75
-7010.17
-7089.89
-7163.39
-7234.57
-7302.5
-7367.68
-7430.79
-7493.95
-7557.24
-7617.79
-7678.08
-7738.24
-7798.36
-7858.43
-7918.46
-7978.37
-8038.12
-8093.83
-8157.32
-8216.59
-8275.6
-8334.28
-8392.62
-8446.07
-8491.66
-8551.91
-8623.6
-8678.1
-8701.82
-8733.1
-8671.74
-8719.82
-6334.71
-6429.74
-6509.22
-6582.96
-6663.92
-6750.81
-6838.9
-6925.18
-7008.34
-7087.76
-7163.07
-7234.46
-7302.44
-7367.67
-7430.7
-7492.41
-7553.25
-7613.65
-7673.64
-7733.5
-7794.1
-7852.45
-7912
-7971.34
-8030.71
-8093.44
-8157.69
-8216.86
-8275.77
-8334.42
-8392.74
-8450.78
-8508.33
-8555.9
-8601.85
-8663.87
-8724.42
-8748.72
-8702.74
-8745.11
-6335.7
-6429.91
-6509.43
-6582.98
-6663.82
-6751.26
-6838.64
-6924.88
-7008.05
-7087.52
-7162.97
-7234.46
-7302.47
-7367.67
-7430.42
-7492.41
-7553.88
-7616.42
-7673.62
-7733.38
-7793.04
-7852.58
-7912.74
-7977
-8036.86
-8096.41
-8153.97
-8208.33
-8266.85
-8325.17
-8383.5
-8450.99
-8508.69
-8565.44
-8603.69
-8656.24
-8705.08
-8770.47
-8750.77
-8779.22
-6336.29
-6429.97
-6509.47
-6582.46
-6662.88
-6750.05
-6838.36
-6924.67
-7007.78
-7087.34
-7162.89
-7236.45
-7304.5
-7368.6
-7430.08
-7492.17
-7557.1
-7618.05
-7674.33
-7733.41
-7793.06
-7852.69
-7915.78
-7977.07
-8032.22
-8090.67
-8149.78
-8208.51
-8273.07
-8334.39
-8392.92
-8451.11
-8508.91
-8563.47
-8603.64
-8657.9
-8707.32
-8754.46
-8780.4
-8833.18
-6336.79
-6429.98
-6509.58
-6582.88
-6663.41
-6750.82
-6839.37
-6925.87
-7007.61
-7087.15
-7162.82
-7234.45
-7302.54
-7369.94
-7433.19
-7494.75
-7554.27
-7613.99
-7673.9
-7733.54
-7796.55
-7857.61
-7916.82
-7972.04
-8031.65
-8090.73
-8154.7
-8215.33
-8272.65
-8322.67
-8380.31
-8437.96
-8495.47
-8559.81
-8625.06
-8681.62
-8728.26
-8767.4
-8800.42
-8859.17
-6336.99
-6429.96
-6509.56
-6582.5
-6662.87
-6750.77
-6839.38
-6925.87
-7009.33
-7087.77
-7162.81
-7234.41
-7302.5
-7367.69
-7430.95
-7492.69
-7554.79
-7617.05
-7677.23
-7735.85
-7792.85
-7852.7
-7912.35
-7971.96
-8032.68
-8096.64
-8156.23
-8215.54
-8274.37
-8326.93
-8380.32
-8437.97
-8495.47
-8554.77
-8625.91
-8683.83
-8740.73
-8782.1
-8837.98
-8905.25
-6337.03
-6430.02
-6509.61
-6582.47
-6662.8
-6750.36
-6839.45
-6925.96
-7009.23
-7087.73
-7163.43
-7236.95
-7305.26
-7370.72
-7434.21
-7496.14
-7557.1
-7616.15
-7674.4
-7733.85
-7797.25
-7857.3
-7917.06
-7976.78
-8036.48
-8091.96
-8148.41
-8207.3
-8266.21
-8334.09
-8393.29
-8451.8
-8499.69
-8553.55
-8611.34
-8677.7
-8747.1
-8811.46
-8885.98
-8955.02
-6336.74
-6429.88
-6509.58
-6583.09
-6663.64
-6751.02
-6839.58
-6926.11
-7009.59
-7089.45
-7165.25
-7237.02
-7305.31
-7370.79
-7434.15
-7496.04
-7556.99
-7617.39
-7677.52
-7737.52
-7797.46
-7857.38
-7916.86
-7970.8
-8030.01
-8089.27
-8148.39
-8207.22
-8265.82
-8328.65
-8392.92
-8451.68
-8497.12
-8553.12
-8612.09
-8675.18
-8753.08
-8822.57
-8928.97
-9015.42
-6336.18
-6429.87
-6509.26
-6582.35
-6662.82
-6750.04
-6838.43
-6924.82
-7008.02
-7088.9
-7165.34
-7237.08
-7305.33
-7370.81
-7431.72
-7491.19
-7551.78
-7611.89
-7671.62
-7737.33
-7797.47
-7857.4
-7917.21
-7977.03
-8035.05
-8089.34
-8148.06
-8207.21
-8265.7
-8334.69
-8393.56
-8448.9
-8495.08
-8552.93
-8615
-8689.94
-8758.76
-8832.82
-8961.96
-9049.89
-6335.55
-6429.88
-6509.15
-6582.43
-6663.01
-6750.23
-6838.68
-6925.06
-7008.28
-7089.8
-7165.47
-7237.13
-7305.33
-7370.77
-7434.09
-7494.29
-7551.59
-7611.63
-7671.46
-7731.16
-7790.85
-7850.48
-7910.06
-7969.65
-8029.14
-8098.75
-8159
-8218.31
-8277.07
-8330.59
-8379.41
-8437.17
-8495.13
-8553.15
-8612.34
-8688.31
-8763.33
-8840.75
-8972.96
-9092.59
-6335.22
-6430.4
-6509.84
-6583.52
-6664.41
-6751.84
-6840.55
-6927.12
-7010.44
-7090.05
-7165.6
-7237.16
-7305.28
-7370.67
-7433.73
-7492.02
-7556.63
-7616.98
-7671.34
-7731.01
-7790.72
-7850.38
-7910.01
-7969.6
-8029.1
-8088.36
-8147.37
-8210.45
-8277.41
-8333.97
-8379.78
-8437.27
-8495.1
-8554.2
-8629.09
-8692.05
-8767.12
-8831.92
-9000.35
-9131.74
)
;
    }
}


// ************************************************************************* //
