/*--------------------------------*- C++ -*----------------------------------*\
| =========                 |                                                 |
| \\      /  F ield         | OpenFOAM: The Open Source CFD Toolbox           |
|  \\    /   O peration     | Version:  2406                                  |
|   \\  /    A nd           | Website:  www.openfoam.com                      |
|    \\/     M anipulation  |                                                 |
\*---------------------------------------------------------------------------*/
FoamFile
{
    version     2.0;
    format      ascii;
    arch        "LSB;label=32;scalar=64";
    class       volScalarField;
    location    "0.1";
    object      nut;
}
// * * * * * * * * * * * * * * * * * * * * * * * * * * * * * * * * * * * * * //

dimensions      [0 2 -1 0 0 0 0];

internalField   nonuniform List<scalar> 
20000
(
0.000789803
0.000789803
0.000789806
0.000789812
0.000789817
0.000789817
0.000789812
0.000789806
0.000789803
0.000789803
0.000789804
0.000789809
0.000789825
0.000789849
0.000789868
0.000789868
0.000789849
0.000789825
0.000789809
0.000789804
0.000789808
0.000789826
0.000789877
0.00078993
0.00078997
0.00078997
0.00078993
0.000789877
0.000789826
0.000789808
0.000789814
0.00078985
0.000789931
0.000790041
0.000790101
0.000790101
0.000790041
0.000789931
0.00078985
0.000789814
0.000789819
0.000789869
0.00078997
0.0007901
0.000790218
0.000790218
0.0007901
0.00078997
0.000789869
0.000789819
0.000789819
0.000789869
0.000789969
0.000790099
0.000790216
0.000790216
0.000790099
0.000789969
0.000789869
0.000789819
0.000789813
0.000789849
0.000789929
0.000790039
0.000790098
0.000790098
0.000790039
0.000789929
0.000789849
0.000789813
0.000789807
0.000789825
0.000789875
0.000789929
0.000789968
0.000789968
0.000789929
0.000789875
0.000789825
0.000789807
0.000789805
0.00078981
0.000789825
0.000789848
0.000789867
0.000789867
0.000789848
0.000789825
0.00078981
0.000789805
0.000789806
0.000789806
0.000789808
0.000789814
0.000789818
0.000789818
0.000789814
0.000789808
0.000789806
0.000789806
0.000786084
0.000786085
0.000786096
0.000786114
0.000786128
0.000786128
0.000786114
0.000786096
0.000786085
0.000786084
0.000786076
0.000786093
0.00078614
0.000786205
0.000786257
0.000786257
0.000786205
0.00078614
0.000786093
0.000786076
0.000786081
0.000786134
0.000786268
0.000786418
0.000786524
0.000786524
0.000786418
0.000786268
0.000786134
0.000786081
0.000786103
0.000786204
0.000786422
0.00078671
0.000786879
0.000786879
0.00078671
0.000786422
0.000786204
0.000786103
0.000786133
0.000786271
0.000786546
0.000786898
0.000787196
0.000787196
0.000786898
0.000786546
0.000786271
0.000786133
0.000786152
0.000786292
0.000786569
0.000786923
0.000787223
0.000787223
0.000786923
0.000786569
0.000786292
0.000786152
0.000786159
0.000786262
0.000786484
0.000786776
0.000786948
0.000786948
0.000786776
0.000786484
0.000786262
0.000786159
0.000786157
0.000786212
0.000786348
0.000786501
0.00078661
0.00078661
0.000786501
0.000786348
0.000786212
0.000786157
0.000786157
0.000786175
0.000786223
0.00078629
0.000786342
0.000786342
0.00078629
0.000786223
0.000786175
0.000786157
0.000786162
0.000786165
0.000786175
0.000786193
0.000786207
0.000786207
0.000786193
0.000786175
0.000786165
0.000786162
0.000782522
0.000782516
0.00078253
0.000782557
0.00078258
0.00078258
0.000782557
0.00078253
0.000782516
0.000782523
0.000782512
0.000782534
0.000782607
0.000782709
0.000782788
0.000782788
0.000782709
0.000782607
0.000782534
0.000782512
0.000782506
0.000782591
0.000782793
0.000783029
0.000783195
0.000783195
0.000783029
0.000782793
0.000782591
0.000782507
0.000782515
0.000782676
0.000783012
0.000783446
0.000783713
0.000783713
0.000783446
0.000783012
0.000782676
0.000782515
0.000782531
0.00078275
0.000783174
0.00078371
0.000784146
0.000784146
0.00078371
0.000783174
0.00078275
0.000782531
0.00078253
0.00078275
0.000783175
0.000783714
0.000784151
0.000784151
0.000783714
0.000783175
0.00078275
0.00078253
0.000782497
0.000782661
0.000783001
0.000783438
0.000783708
0.000783708
0.000783438
0.000783001
0.000782661
0.000782498
0.000782448
0.000782539
0.000782747
0.000782988
0.000783156
0.000783156
0.000782988
0.000782748
0.000782539
0.000782448
0.000782407
0.000782441
0.000782524
0.000782633
0.000782716
0.000782716
0.000782633
0.000782524
0.000782441
0.000782407
0.000782384
0.000782391
0.000782417
0.000782453
0.000782479
0.000782479
0.000782453
0.000782417
0.000782391
0.000782384
0.000779668
0.000779646
0.00077965
0.00077968
0.000779709
0.000779709
0.00077968
0.00077965
0.000779646
0.000779668
0.000779722
0.000779742
0.000779836
0.000779975
0.000780083
0.000780083
0.000779975
0.000779836
0.000779741
0.000779722
0.000779731
0.000779846
0.000780121
0.000780451
0.000780681
0.000780681
0.000780451
0.00078012
0.000779846
0.000779731
0.000779641
0.000779867
0.000780327
0.000780911
0.000781286
0.000781286
0.000780911
0.000780326
0.000779866
0.000779641
0.000779445
0.000779744
0.000780314
0.000781027
0.000781589
0.000781589
0.000781027
0.000780314
0.000779744
0.000779445
0.000779248
0.000779536
0.000780091
0.000780786
0.000781329
0.000781329
0.000780786
0.000780091
0.000779536
0.000779248
0.000779065
0.000779273
0.000779701
0.000780245
0.000780589
0.000780589
0.000780245
0.000779701
0.000779272
0.000779065
0.000778918
0.000779022
0.000779271
0.000779568
0.000779777
0.000779777
0.000779568
0.000779271
0.000779021
0.000778917
0.00077884
0.000778857
0.000778945
0.000779072
0.000779169
0.000779169
0.000779072
0.000778945
0.000778856
0.000778839
0.000778816
0.000778781
0.000778791
0.000778824
0.000778853
0.000778853
0.000778824
0.00077879
0.000778781
0.000778816
0.000777843
0.000777839
0.00077784
0.000777877
0.000777915
0.000777915
0.000777877
0.00077784
0.000777838
0.000777843
0.000778052
0.000778093
0.00077822
0.000778405
0.000778546
0.000778546
0.000778404
0.000778219
0.000778092
0.000778052
0.000778247
0.000778404
0.000778764
0.000779203
0.000779507
0.000779507
0.000779202
0.000778763
0.000778403
0.000778246
0.000778333
0.000778625
0.00077922
0.000779977
0.000780474
0.000780474
0.000779976
0.000779219
0.000778623
0.000778331
0.000777958
0.000778331
0.000779044
0.000779935
0.00078063
0.00078063
0.000779935
0.000779043
0.00077833
0.000777957
0.000777467
0.000777809
0.000778471
0.000779297
0.00077993
0.00077993
0.000779296
0.00077847
0.000777808
0.000777466
0.000777263
0.000777486
0.000777969
0.000778588
0.000778986
0.000778986
0.000778588
0.000777969
0.000777486
0.000777262
0.000777357
0.000777406
0.000777626
0.000777925
0.000778145
0.000778145
0.000777925
0.000777626
0.000777405
0.000777355
0.000777622
0.000777501
0.000777468
0.000777524
0.000777591
0.000777591
0.000777524
0.000777467
0.000777499
0.000777619
0.000777865
0.000777657
0.000777489
0.00077741
0.000777386
0.000777386
0.00077741
0.000777488
0.000777656
0.000777863
0.000776394
0.000776463
0.000776491
0.000776548
0.000776599
0.000776599
0.000776547
0.000776491
0.000776464
0.000776397
0.000776807
0.000776893
0.000777051
0.00077727
0.000777436
0.000777435
0.000777268
0.000777049
0.000776893
0.000776811
0.000777482
0.000777685
0.000778109
0.000778627
0.000778986
0.000778986
0.000778626
0.000778108
0.000777685
0.000777485
0.000778876
0.000779245
0.000779959
0.000780859
0.000781457
0.000781457
0.000780858
0.000779958
0.000779245
0.000778877
0.000779835
0.000780289
0.000781113
0.000782144
0.000782949
0.000782948
0.000782142
0.00078111
0.000780287
0.000779833
0.000779602
0.000779986
0.000780721
0.000781655
0.000782371
0.000782371
0.000781654
0.00078072
0.000779984
0.000779599
0.000779641
0.000779827
0.000780324
0.000781014
0.00078147
0.00078147
0.000781014
0.000780323
0.000779826
0.000779639
0.000780445
0.00078036
0.000780485
0.000780755
0.000780978
0.000780978
0.000780756
0.000780486
0.000780361
0.000780444
0.000781293
0.000780964
0.000780723
0.000780651
0.000780662
0.000780662
0.000780652
0.000780724
0.000780964
0.000781291
0.000781872
0.000781481
0.000781039
0.000780775
0.00078066
0.00078066
0.000780775
0.000781038
0.000781478
0.000781869
0.000774741
0.000774837
0.000774854
0.000774895
0.00077494
0.00077494
0.000774895
0.000774853
0.000774839
0.000774748
0.000775547
0.000775587
0.000775704
0.000775898
0.000776055
0.000776054
0.000775897
0.000775703
0.000775591
0.000775557
0.000777098
0.000777281
0.000777677
0.000778181
0.000778537
0.000778536
0.00077818
0.000777678
0.000777285
0.00077711
0.000780541
0.000780996
0.000781778
0.000782742
0.00078339
0.00078339
0.000782741
0.000781778
0.000781
0.000780549
0.000784886
0.000785515
0.000786522
0.000787753
0.000788714
0.000788713
0.000787752
0.000786521
0.000785516
0.000784885
0.000786047
0.000786572
0.000787496
0.000788683
0.000789613
0.000789612
0.000788682
0.000787494
0.00078657
0.000786041
0.000787081
0.000787261
0.000787799
0.000788621
0.000789178
0.000789178
0.000788621
0.000787799
0.00078726
0.000787076
0.000787929
0.000787779
0.000787849
0.000788138
0.000788403
0.000788403
0.00078814
0.000787852
0.000787783
0.00078793
0.000788144
0.000787803
0.000787509
0.000787423
0.000787443
0.000787444
0.000787427
0.000787515
0.000787811
0.000788146
0.000758786
0.000787713
0.000787286
0.000787017
0.000786903
0.000786903
0.000787019
0.000787289
0.000787716
0.000759522
0.00077334
0.00077339
0.000773312
0.00077329
0.000773304
0.000773304
0.00077329
0.000773313
0.000773394
0.000773348
0.000775098
0.000775002
0.000774995
0.000775104
0.000775219
0.000775218
0.000775104
0.000774995
0.000775008
0.000775111
0.000778404
0.000778486
0.000778749
0.000779136
0.000779433
0.000779433
0.000779136
0.000778752
0.000778496
0.000778421
0.000783002
0.000783492
0.000784287
0.000785276
0.000785973
0.000785973
0.000785277
0.000784291
0.000783501
0.000783018
0.000782189
0.000775925
0.000774757
0.000775182
0.000776927
0.000776901
0.000775119
0.000774494
0.000775428
0.000781562
0.000633833
0.000634164
0.000634464
0.000634966
0.000636286
0.000636256
0.000635014
0.000634353
0.00063441
0.000633567
0.000651372
0.000664292
0.000668056
0.000669787
0.000670338
0.000670348
0.000669803
0.000668212
0.000664407
0.000651378
0.000660788
0.000683354
0.000690165
0.000693197
0.000694121
0.000694171
0.000693208
0.000690331
0.000683376
0.000660881
0.000693678
0.000716137
0.000722247
0.000724489
0.000725178
0.000725163
0.000724386
0.000721925
0.000715551
0.000693108
0.000748032
0.00075598
0.000759721
0.000762221
0.000763288
0.000763262
0.000762093
0.00075932
0.000755245
0.000748625
0.000772686
0.000772719
0.00077259
0.000772526
0.000772519
0.000772519
0.000772527
0.000772592
0.000772724
0.000772693
0.000776054
0.000775897
0.000775811
0.000775851
0.000775928
0.000775928
0.000775852
0.000775813
0.000775903
0.000776067
0.000782043
0.000782107
0.000782283
0.000782567
0.000782814
0.000782814
0.000782568
0.000782288
0.000782117
0.000782057
0.000786991
0.000787623
0.000788581
0.000789735
0.000790593
0.000790593
0.000789737
0.000788586
0.000787629
0.000787002
0.000438842
0.000437036
0.000437762
0.000439535
0.00044142
0.000441419
0.00043947
0.000437698
0.000436794
0.000438883
0.000392936
0.00039093
0.000389418
0.000389242
0.000390016
0.00039001
0.000389244
0.000389404
0.000390883
0.000393119
0.000577707
0.000582635
0.000581661
0.000579564
0.000578711
0.000578645
0.000579594
0.000581486
0.000582884
0.000577363
0.000718151
0.000723415
0.000724176
0.000723801
0.000723266
0.00072328
0.000723791
0.000724254
0.000723464
0.000717623
0.000790638
0.00079096
0.000791145
0.000791368
0.000791554
0.000791555
0.000791371
0.00079115
0.00079097
0.000790652
0.000785627
0.000786306
0.000786592
0.000786783
0.000786902
0.000786904
0.000786788
0.0007866
0.000786317
0.00078564
0.000772793
0.000772864
0.000772749
0.000772686
0.000772676
0.000772676
0.000772687
0.000772751
0.000772867
0.000772798
0.000778008
0.00077787
0.000777773
0.000777784
0.000777841
0.000777841
0.000777785
0.000777775
0.000777875
0.000778017
0.000786385
0.000786514
0.0007867
0.000786948
0.000787182
0.000787182
0.000786949
0.000786704
0.00078652
0.000786395
0.000669783
0.000686011
0.000701268
0.000713678
0.000720307
0.000720267
0.000713569
0.000701089
0.000685696
0.000669347
0.000313942
0.000312779
0.000313214
0.000314167
0.000315632
0.000315627
0.00031415
0.000313185
0.000312788
0.000313894
0.000332276
0.000327865
0.000324512
0.000322876
0.000322918
0.000322916
0.00032285
0.000324507
0.000327824
0.000332433
0.000690574
0.000687655
0.000678941
0.000673118
0.000670172
0.000670126
0.000672857
0.000678624
0.000687005
0.000690821
0.000793622
0.000793972
0.000794473
0.000795028
0.000795443
0.000795444
0.000795031
0.000794481
0.000793981
0.000793632
0.00078509
0.000785547
0.000785903
0.00078623
0.000786452
0.000786453
0.000786232
0.000785908
0.000785553
0.0007851
0.000779812
0.00078044
0.00078081
0.000781065
0.000781212
0.000781213
0.000781067
0.000780813
0.000780444
0.000779818
0.000773345
0.000773465
0.000773383
0.000773332
0.000773326
0.000773326
0.000773333
0.000773384
0.000773468
0.000773349
0.000780117
0.000780019
0.000779937
0.00077994
0.000779986
0.000779986
0.00077994
0.000779938
0.000780023
0.000780123
0.000790027
0.000790212
0.000790429
0.000790667
0.000790903
0.000790903
0.000790669
0.000790431
0.000790216
0.000790032
0.000559987
0.000573591
0.000586325
0.000596555
0.000601929
0.000601916
0.000596525
0.000586282
0.000573493
0.000559842
0.000282557
0.000280827
0.000280626
0.00028124
0.000282727
0.000282725
0.000281238
0.000280624
0.000280833
0.000282527
0.000324488
0.000318471
0.000314342
0.000312139
0.000312088
0.000312085
0.000312137
0.000314326
0.00031851
0.000324524
0.000797618
0.000797937
0.000798688
0.000799626
0.000800421
0.000800423
0.000799632
0.000798696
0.000797948
0.000797624
0.000789765
0.000789979
0.000790395
0.000790855
0.000791211
0.000791211
0.000790857
0.000790401
0.000789987
0.00078977
0.000780808
0.000781112
0.000781431
0.000781737
0.000781944
0.000781945
0.000781739
0.000781434
0.000781117
0.000780813
0.000775737
0.000776194
0.000776486
0.000776699
0.000776824
0.000776824
0.000776701
0.000776488
0.000776196
0.00077574
0.000773978
0.000774138
0.000774081
0.000774042
0.000774038
0.000774038
0.000774042
0.000774082
0.000774141
0.000773982
0.000781797
0.000781737
0.000781672
0.000781674
0.000781716
0.000781716
0.000781675
0.000781674
0.00078174
0.000781802
0.00079237
0.000792588
0.000792838
0.000793084
0.000793333
0.000793333
0.000793085
0.00079284
0.000792591
0.000792373
0.000532314
0.000546113
0.000558495
0.000568035
0.000572957
0.000572944
0.000568008
0.000558443
0.000546081
0.000532161
0.000276203
0.000274035
0.000273433
0.00027388
0.000275458
0.000275458
0.000273882
0.000273438
0.000274041
0.000276229
0.00032793
0.000320612
0.00031577
0.000313301
0.000313237
0.000313238
0.000313302
0.000315779
0.000320612
0.000327994
0.000795292
0.000795228
0.000795649
0.00079628
0.000796919
0.00079692
0.000796284
0.000795656
0.000795235
0.000795297
0.000787351
0.000787382
0.00078765
0.000787976
0.000788256
0.000788257
0.000787979
0.000787655
0.000787389
0.000787354
0.000778401
0.000778526
0.000778729
0.000778963
0.000779133
0.000779133
0.000778965
0.000778732
0.000778529
0.000778404
0.00077346
0.000773785
0.000773972
0.000774118
0.000774209
0.000774209
0.00077412
0.000773974
0.000773788
0.000773464
0.000774493
0.000774682
0.000774642
0.00077461
0.000774609
0.000774609
0.000774611
0.000774643
0.000774684
0.000774497
0.000782909
0.000782876
0.000782825
0.00078283
0.00078287
0.000782871
0.000782831
0.000782827
0.00078288
0.000782914
0.00079362
0.000793847
0.00079412
0.000794379
0.000794642
0.000794643
0.00079438
0.000794122
0.00079385
0.000793622
0.000529175
0.000543932
0.000556651
0.000566218
0.000571108
0.000571093
0.000566182
0.000556585
0.000543865
0.000529009
0.000276944
0.00027459
0.000273894
0.000274334
0.000276031
0.000276031
0.000274335
0.000273896
0.000274598
0.000276948
0.000330321
0.000322274
0.000317148
0.000314604
0.000314578
0.000314579
0.000314606
0.00031716
0.000322281
0.00033038
0.000794074
0.000793762
0.000793964
0.000794393
0.000794924
0.000794924
0.000794396
0.000793968
0.000793767
0.000794076
0.000786128
0.00078602
0.000786166
0.000786389
0.000786611
0.000786612
0.000786391
0.00078617
0.000786026
0.000786131
0.000777186
0.0007772
0.000777311
0.000777482
0.000777619
0.00077762
0.000777484
0.000777314
0.000777204
0.000777189
0.000772282
0.000772538
0.000772654
0.000772751
0.000772817
0.000772818
0.000772753
0.000772658
0.000772542
0.000772287
0.000774846
0.000775053
0.000775023
0.000774997
0.000774998
0.000774998
0.000774998
0.000775024
0.000775056
0.00077485
0.000783565
0.000783546
0.000783504
0.00078351
0.000783551
0.000783551
0.000783511
0.000783506
0.00078355
0.00078357
0.00079421
0.000794432
0.000794715
0.000794983
0.000795258
0.000795258
0.000794984
0.000794717
0.000794433
0.000794212
0.000530568
0.000546127
0.000559412
0.000569288
0.000574321
0.0005743
0.000569236
0.000559324
0.000546032
0.000530382
0.00027815
0.000275758
0.000275068
0.000275551
0.000277335
0.000277334
0.000275551
0.000275067
0.000275761
0.000278147
0.000331018
0.000322642
0.000317381
0.0003148
0.000314794
0.000314797
0.000314806
0.000317399
0.000322665
0.000331086
0.000793525
0.000793077
0.000793157
0.000793476
0.000793946
0.000793947
0.000793478
0.000793161
0.000793081
0.000793525
0.000785557
0.000785373
0.000785447
0.000785608
0.000785795
0.000785796
0.000785611
0.000785451
0.000785378
0.00078556
0.000776599
0.000776558
0.000776617
0.00077675
0.000776866
0.000776867
0.000776751
0.000776621
0.000776562
0.000776602
0.000771689
0.000771915
0.000771997
0.000772067
0.000772118
0.000772119
0.000772069
0.000772
0.00077192
0.000771695
0.000775064
0.000775281
0.000775257
0.000775234
0.000775236
0.000775237
0.000775235
0.000775258
0.000775284
0.000775069
0.000783922
0.000783909
0.00078387
0.000783878
0.000783919
0.000783919
0.000783879
0.000783872
0.000783913
0.000783928
0.000794465
0.000794677
0.000794963
0.000795236
0.000795517
0.000795517
0.000795236
0.000794965
0.000794679
0.000794466
0.000532024
0.000548123
0.000561815
0.000571955
0.000577111
0.000577087
0.000571894
0.000561711
0.000548014
0.000531824
0.000278945
0.000276569
0.000275907
0.000276427
0.000278259
0.000278258
0.000276425
0.000275905
0.000276569
0.000278942
0.000331075
0.000322546
0.000317237
0.000314642
0.000314651
0.000314654
0.000314652
0.000317257
0.000322573
0.000331149
0.000793289
0.000792773
0.000792792
0.000793056
0.000793496
0.000793496
0.000793058
0.000792795
0.000792776
0.00079329
0.000785301
0.000785082
0.000785119
0.000785247
0.000785414
0.000785415
0.000785249
0.000785123
0.000785087
0.000785303
0.00077632
0.000776257
0.000776291
0.000776403
0.000776508
0.000776509
0.000776405
0.000776295
0.000776261
0.000776324
0.000771395
0.000771611
0.000771677
0.000771734
0.000771779
0.00077178
0.000771737
0.000771681
0.000771617
0.000771402
0.00077519
0.000775412
0.00077539
0.00077537
0.000775372
0.000775372
0.00077537
0.000775392
0.000775415
0.000775196
0.000784108
0.000784095
0.000784057
0.000784064
0.000784105
0.000784105
0.000784065
0.000784059
0.000784099
0.000784114
0.000794568
0.000794772
0.000795057
0.000795331
0.000795615
0.000795616
0.000795332
0.000795059
0.000794773
0.000794569
0.000532756
0.000549168
0.000563108
0.000573418
0.000578651
0.000578625
0.000573351
0.000562995
0.000549053
0.000532542
0.000279342
0.000276978
0.000276334
0.000276874
0.000278729
0.000278728
0.000276871
0.000276331
0.000276976
0.000279339
0.000331072
0.000322465
0.000317127
0.000314523
0.000314537
0.00031454
0.000314532
0.000317146
0.00032249
0.000331149
0.000793184
0.000792634
0.000792624
0.000792862
0.000793286
0.000793287
0.000792864
0.000792627
0.000792638
0.000793184
0.000785186
0.000784952
0.000784971
0.000785083
0.00078524
0.000785241
0.000785085
0.000784975
0.000784957
0.000785189
0.00077619
0.000776118
0.000776141
0.000776243
0.000776342
0.000776343
0.000776245
0.000776145
0.000776122
0.000776194
0.000771252
0.000771465
0.000771525
0.000771577
0.000771618
0.000771619
0.000771579
0.000771529
0.000771471
0.000771259
0.00077526
0.000775483
0.000775462
0.000775442
0.000775445
0.000775446
0.000775443
0.000775464
0.000775486
0.000775265
0.000784201
0.000784187
0.000784147
0.000784154
0.000784195
0.000784195
0.000784155
0.00078415
0.000784191
0.000784208
0.000794606
0.000794805
0.000795089
0.000795363
0.000795648
0.000795649
0.000795364
0.000795091
0.000794807
0.000794607
0.000533071
0.000549662
0.000563744
0.000574144
0.000579416
0.000579389
0.000574073
0.000563624
0.000549544
0.000532843
0.000279547
0.000277186
0.000276549
0.000277097
0.000278962
0.000278961
0.000277094
0.000276546
0.000277184
0.000279544
0.00033112
0.000322466
0.000317109
0.000314498
0.000314514
0.000314516
0.000314505
0.000317127
0.00032249
0.000331201
0.000793134
0.000792568
0.000792543
0.000792769
0.000793187
0.000793187
0.000792771
0.000792547
0.000792572
0.000793134
0.000785134
0.000784894
0.000784905
0.000785008
0.000785161
0.000785162
0.00078501
0.000784909
0.000784899
0.000785137
0.00077613
0.000776055
0.000776073
0.00077617
0.000776267
0.000776267
0.000776172
0.000776076
0.000776059
0.000776134
0.000771184
0.000771396
0.000771454
0.000771503
0.000771543
0.000771544
0.000771505
0.000771458
0.000771402
0.000771191
0.000775297
0.000775519
0.000775499
0.00077548
0.000775483
0.000775483
0.00077548
0.000775501
0.000775523
0.000775303
0.000784247
0.000784231
0.00078419
0.000784196
0.000784236
0.000784236
0.000784197
0.000784192
0.000784235
0.000784254
0.000794619
0.000794815
0.000795098
0.000795371
0.000795657
0.000795657
0.000795372
0.0007951
0.000794817
0.00079462
0.000533154
0.000549867
0.000564038
0.000574484
0.000579775
0.000579746
0.000574409
0.00056391
0.000549746
0.000532914
0.000279654
0.000277294
0.000276659
0.000277208
0.000279078
0.000279077
0.000277206
0.000276657
0.000277293
0.000279652
0.000331196
0.000322507
0.000317133
0.000314517
0.000314534
0.000314537
0.000314525
0.000317152
0.000322531
0.000331282
0.000793109
0.000792535
0.000792504
0.000792724
0.000793138
0.000793138
0.000792726
0.000792507
0.000792539
0.00079311
0.000785111
0.000784868
0.000784875
0.000784974
0.000785124
0.000785125
0.000784976
0.000784879
0.000784873
0.000785113
0.000776103
0.000776026
0.000776042
0.000776137
0.000776232
0.000776233
0.000776139
0.000776046
0.00077603
0.000776107
0.000771152
0.000771364
0.00077142
0.000771469
0.000771508
0.000771509
0.000771471
0.000771425
0.00077137
0.000771159
0.000775316
0.000775538
0.000775517
0.000775498
0.000775501
0.000775501
0.000775499
0.000775519
0.000775542
0.000775323
0.00078427
0.000784252
0.000784209
0.000784214
0.000784254
0.000784254
0.000784215
0.000784212
0.000784256
0.000784277
0.000794623
0.000794818
0.0007951
0.000795372
0.000795658
0.000795658
0.000795373
0.000795101
0.00079482
0.000794623
0.000533119
0.000549929
0.000564162
0.000574636
0.000579935
0.000579906
0.000574556
0.000564027
0.000549801
0.000532864
0.000279708
0.000277348
0.000276713
0.000277263
0.000279134
0.000279133
0.00027726
0.000276711
0.000277348
0.000279706
0.000331266
0.000322549
0.000317162
0.000314542
0.000314559
0.000314562
0.000314551
0.000317183
0.000322575
0.000331359
0.000793096
0.000792519
0.000792484
0.000792701
0.000793114
0.000793114
0.000792703
0.000792488
0.000792523
0.000793097
0.0007851
0.000784855
0.000784861
0.000784958
0.000785107
0.000785108
0.00078496
0.000784865
0.000784861
0.000785103
0.000776091
0.000776014
0.000776028
0.000776122
0.000776216
0.000776217
0.000776124
0.000776032
0.000776018
0.000776095
0.000771137
0.000771349
0.000771405
0.000771453
0.000771492
0.000771493
0.000771455
0.000771409
0.000771355
0.000771145
0.000775326
0.000775547
0.000775526
0.000775506
0.000775509
0.000775509
0.000775507
0.000775528
0.000775551
0.000775333
0.000784282
0.000784261
0.000784217
0.000784221
0.000784261
0.000784261
0.000784223
0.00078422
0.000784267
0.00078429
0.000794624
0.000794819
0.0007951
0.000795371
0.000795656
0.000795657
0.000795372
0.000795101
0.000794821
0.000794625
0.000533032
0.000549931
0.000564217
0.000574711
0.000580014
0.000579983
0.000574626
0.000564073
0.000549795
0.000532761
0.000279732
0.000277373
0.000276738
0.000277287
0.000279158
0.000279157
0.000277284
0.000276736
0.000277373
0.00027973
0.000331321
0.000322579
0.00031718
0.000314557
0.000314573
0.000314576
0.000314566
0.000317202
0.000322607
0.000331421
0.00079309
0.00079251
0.000792474
0.000792691
0.000793102
0.000793102
0.000792693
0.000792478
0.000792515
0.000793091
0.000785095
0.00078485
0.000784854
0.000784951
0.0007851
0.0007851
0.000784953
0.000784859
0.000784855
0.000785098
0.000776086
0.000776008
0.000776022
0.000776115
0.00077621
0.00077621
0.000776118
0.000776026
0.000776012
0.00077609
0.000771131
0.000771342
0.000771398
0.000771445
0.000771485
0.000771485
0.000771448
0.000771403
0.000771349
0.000771139
0.000775332
0.000775551
0.000775529
0.000775509
0.000775512
0.000775512
0.00077551
0.000775531
0.000775555
0.00077534
0.000784289
0.000784266
0.000784221
0.000784224
0.000784263
0.000784263
0.000784225
0.000784224
0.000784272
0.000784298
0.000794625
0.00079482
0.0007951
0.00079537
0.000795655
0.000795655
0.000795371
0.000795102
0.000794822
0.000794625
0.000532928
0.000549913
0.000564249
0.000574759
0.000580066
0.000580033
0.000574669
0.000564096
0.00054977
0.000532642
0.000279741
0.000277384
0.000276749
0.000277297
0.000279168
0.000279167
0.000277294
0.000276746
0.000277384
0.000279739
0.000331361
0.000322595
0.000317185
0.000314559
0.000314575
0.000314579
0.000314569
0.000317208
0.000322625
0.000331467
0.000793087
0.000792506
0.00079247
0.000792685
0.000793096
0.000793097
0.000792688
0.000792474
0.000792511
0.000793088
0.000785094
0.000784848
0.000784852
0.000784948
0.000785096
0.000785097
0.00078495
0.000784857
0.000784854
0.000785097
0.000776084
0.000776006
0.00077602
0.000776113
0.000776207
0.000776207
0.000776115
0.000776024
0.000776011
0.000776089
0.000771128
0.000771339
0.000771395
0.000771442
0.000771481
0.000771482
0.000771445
0.0007714
0.000771346
0.000771137
0.000775336
0.000775552
0.00077553
0.00077551
0.000775513
0.000775513
0.000775511
0.000775532
0.000775557
0.000775344
0.000784294
0.000784269
0.000784222
0.000784224
0.000784263
0.000784264
0.000784226
0.000784225
0.000784275
0.000784303
0.000794626
0.000794822
0.000795101
0.00079537
0.000795654
0.000795654
0.000795371
0.000795103
0.000794824
0.000794627
0.000532823
0.000549894
0.000564277
0.000574803
0.000580112
0.000580077
0.000574708
0.000564115
0.000549741
0.00053252
0.000279743
0.000277388
0.000276753
0.0002773
0.000279171
0.00027917
0.000277297
0.00027675
0.000277388
0.000279741
0.00033139
0.000322602
0.000317181
0.000314553
0.000314569
0.000314573
0.000314563
0.000317206
0.000322633
0.000331502
0.000793085
0.000792504
0.000792468
0.000792683
0.000793094
0.000793095
0.000792685
0.000792472
0.000792509
0.000793086
0.000785094
0.000784847
0.000784851
0.000784947
0.000785095
0.000785096
0.000784949
0.000784856
0.000784853
0.000785097
0.000776084
0.000776006
0.000776019
0.000776112
0.000776206
0.000776206
0.000776114
0.000776023
0.000776011
0.000776089
0.000771127
0.000771338
0.000771394
0.000771441
0.00077148
0.000771481
0.000771444
0.000771399
0.000771346
0.000771137
0.000775339
0.000775553
0.00077553
0.000775509
0.000775512
0.000775513
0.00077551
0.000775532
0.000775558
0.000775347
0.000784298
0.000784271
0.000784222
0.000784224
0.000784262
0.000784263
0.000784225
0.000784226
0.000784277
0.000784308
0.000794628
0.000794824
0.000795102
0.00079537
0.000795653
0.000795654
0.000795371
0.000795104
0.000794826
0.000794628
0.000532723
0.00054988
0.000564309
0.000574849
0.00058016
0.000580124
0.000574749
0.000564138
0.000549718
0.000532402
0.000279743
0.00027739
0.000276755
0.000277301
0.000279172
0.00027917
0.000277298
0.000276752
0.00027739
0.00027974
0.000331413
0.000322603
0.000317172
0.000314542
0.000314559
0.000314562
0.000314553
0.000317198
0.000322636
0.000331531
0.000793085
0.000792504
0.000792467
0.000792682
0.000793093
0.000793094
0.000792685
0.000792471
0.000792508
0.000793086
0.000785094
0.000784848
0.000784851
0.000784947
0.000785095
0.000785096
0.00078495
0.000784856
0.000784854
0.000785097
0.000776084
0.000776006
0.000776019
0.000776112
0.000776205
0.000776206
0.000776114
0.000776024
0.000776011
0.00077609
0.000771127
0.000771338
0.000771393
0.00077144
0.000771479
0.00077148
0.000771444
0.000771399
0.000771346
0.000771137
0.000775341
0.000775553
0.000775529
0.000775508
0.000775511
0.000775512
0.000775509
0.000775532
0.000775558
0.000775349
0.000784302
0.000784273
0.000784222
0.000784223
0.000784261
0.000784262
0.000784225
0.000784226
0.000784279
0.000784312
0.000794629
0.000794826
0.000795103
0.00079537
0.000795653
0.000795653
0.000795371
0.000795105
0.000794828
0.000794629
0.000532625
0.000549866
0.000564342
0.000574897
0.000580211
0.000580172
0.000574791
0.000564162
0.000549697
0.000532287
0.000279742
0.00027739
0.000276755
0.000277301
0.000279171
0.000279169
0.000277297
0.000276752
0.00027739
0.000279739
0.000331433
0.000322601
0.000317161
0.000314528
0.000314545
0.000314549
0.00031454
0.000317189
0.000322636
0.000331558
0.000793084
0.000792503
0.000792467
0.000792682
0.000793093
0.000793093
0.000792684
0.000792471
0.000792508
0.000793086
0.000785095
0.000784848
0.000784852
0.000784947
0.000785095
0.000785096
0.00078495
0.000784857
0.000784855
0.000785098
0.000776085
0.000776007
0.00077602
0.000776112
0.000776206
0.000776206
0.000776115
0.000776024
0.000776012
0.000776091
0.000771128
0.000771338
0.000771393
0.00077144
0.000771479
0.00077148
0.000771444
0.000771399
0.000771346
0.000771138
0.000775342
0.000775553
0.000775528
0.000775507
0.00077551
0.00077551
0.000775508
0.000775531
0.000775558
0.000775352
0.000784306
0.000784274
0.000784222
0.000784222
0.00078426
0.00078426
0.000784224
0.000784226
0.000784281
0.000784316
0.000794631
0.000794829
0.000795105
0.00079537
0.000795652
0.000795653
0.000795372
0.000795107
0.000794831
0.000794631
0.000532527
0.000549854
0.000564378
0.000574949
0.000580264
0.000580224
0.000574837
0.000564189
0.000549677
0.000532171
0.000279739
0.00027739
0.000276755
0.0002773
0.000279169
0.000279168
0.000277296
0.000276752
0.00027739
0.000279736
0.000331452
0.000322598
0.000317148
0.000314513
0.00031453
0.000314534
0.000314526
0.000317177
0.000322635
0.000331584
0.000793084
0.000792503
0.000792467
0.000792682
0.000793093
0.000793093
0.000792684
0.000792472
0.000792508
0.000793085
0.000785096
0.000784849
0.000784853
0.000784948
0.000785096
0.000785097
0.000784951
0.000784858
0.000784856
0.000785099
0.000776086
0.000776008
0.00077602
0.000776112
0.000776206
0.000776207
0.000776115
0.000776025
0.000776013
0.000776092
0.000771128
0.000771338
0.000771393
0.00077144
0.000771479
0.00077148
0.000771444
0.000771399
0.000771347
0.000771139
0.000775344
0.000775553
0.000775527
0.000775506
0.000775509
0.000775509
0.000775507
0.00077553
0.000775558
0.000775354
0.000784309
0.000784276
0.000784222
0.000784221
0.000784258
0.000784259
0.000784223
0.000784226
0.000784283
0.000784321
0.000794633
0.000794831
0.000795106
0.000795371
0.000795652
0.000795652
0.000795372
0.000795109
0.000794833
0.000794633
0.000532429
0.000549845
0.000564417
0.000575003
0.000580321
0.000580279
0.000574887
0.000564219
0.000549659
0.000532057
0.000279737
0.00027739
0.000276755
0.000277299
0.000279168
0.000279167
0.000277295
0.000276752
0.000277391
0.000279734
0.000331472
0.000322596
0.000317136
0.000314499
0.000314515
0.000314519
0.000314512
0.000317167
0.000322635
0.00033161
0.000793084
0.000792503
0.000792467
0.000792682
0.000793093
0.000793093
0.000792685
0.000792472
0.000792508
0.000793085
0.000785097
0.00078485
0.000784853
0.000784949
0.000785097
0.000785097
0.000784952
0.000784859
0.000784858
0.0007851
0.000776087
0.000776009
0.000776021
0.000776113
0.000776206
0.000776207
0.000776116
0.000776026
0.000776015
0.000776093
0.000771129
0.000771339
0.000771393
0.00077144
0.000771479
0.00077148
0.000771444
0.0007714
0.000771348
0.00077114
0.000775346
0.000775553
0.000775526
0.000775504
0.000775507
0.000775507
0.000775506
0.000775529
0.000775558
0.000775356
0.000784313
0.000784277
0.000784222
0.00078422
0.000784257
0.000784257
0.000784222
0.000784226
0.000784284
0.000784325
0.000794634
0.000794834
0.000795108
0.000795371
0.000795652
0.000795652
0.000795373
0.000795111
0.000794836
0.000794635
0.000532331
0.000549835
0.000564455
0.000575056
0.000580377
0.000580333
0.000574934
0.000564247
0.000549639
0.000531941
0.000279735
0.000277391
0.000276755
0.000277298
0.000279167
0.000279165
0.000277294
0.000276752
0.000277391
0.000279732
0.000331492
0.000322594
0.000317124
0.000314485
0.000314501
0.000314506
0.000314498
0.000317156
0.000322635
0.000331636
0.000793084
0.000792503
0.000792467
0.000792682
0.000793093
0.000793094
0.000792685
0.000792472
0.000792508
0.000793085
0.000785098
0.000784851
0.000784854
0.00078495
0.000785097
0.000785098
0.000784953
0.000784861
0.000784859
0.000785102
0.000776089
0.00077601
0.000776022
0.000776113
0.000776207
0.000776208
0.000776117
0.000776027
0.000776016
0.000776095
0.000771129
0.000771339
0.000771394
0.00077144
0.000771479
0.000771481
0.000771444
0.0007714
0.000771349
0.000771141
0.000775348
0.000775552
0.000775525
0.000775503
0.000775506
0.000775506
0.000775504
0.000775528
0.000775558
0.000775358
0.000784317
0.000784278
0.000784222
0.000784219
0.000784256
0.000784256
0.000784221
0.000784226
0.000784286
0.000784329
0.000794636
0.000794836
0.00079511
0.000795371
0.000795651
0.000795652
0.000795373
0.000795112
0.000794839
0.000794636
0.00053223
0.000549821
0.000564491
0.000575107
0.000580431
0.000580385
0.00057498
0.000564274
0.000549618
0.000531823
0.000279732
0.00027739
0.000276755
0.000277297
0.000279165
0.000279163
0.000277293
0.000276752
0.00027739
0.000279729
0.000331511
0.000322592
0.000317112
0.000314471
0.000314487
0.000314491
0.000314485
0.000317146
0.000322634
0.000331663
0.000793084
0.000792503
0.000792467
0.000792682
0.000793093
0.000793094
0.000792685
0.000792472
0.000792508
0.000793085
0.000785099
0.000784852
0.000784855
0.00078495
0.000785098
0.000785099
0.000784954
0.000784862
0.00078486
0.000785103
0.00077609
0.000776011
0.000776022
0.000776114
0.000776207
0.000776208
0.000776117
0.000776028
0.000776017
0.000776096
0.00077113
0.00077134
0.000771394
0.000771441
0.00077148
0.000771481
0.000771445
0.000771401
0.00077135
0.000771143
0.00077535
0.000775552
0.000775524
0.000775501
0.000775504
0.000775504
0.000775503
0.000775527
0.000775558
0.00077536
0.00078432
0.00078428
0.000784222
0.000784218
0.000784254
0.000784255
0.00078422
0.000784226
0.000784288
0.000784333
0.000794638
0.000794839
0.000795111
0.000795372
0.000795651
0.000795652
0.000795374
0.000795114
0.000794842
0.000794638
0.000532129
0.000549808
0.000564527
0.00057516
0.000580486
0.000580438
0.000575028
0.000564302
0.000549598
0.000531705
0.000279729
0.000277389
0.000276755
0.000277296
0.000279164
0.000279162
0.000277292
0.000276752
0.00027739
0.000279726
0.000331531
0.00032259
0.0003171
0.000314457
0.000314473
0.000314477
0.000314471
0.000317135
0.000322634
0.000331689
0.000793084
0.000792502
0.000792467
0.000792682
0.000793093
0.000793094
0.000792685
0.000792473
0.000792508
0.000793085
0.0007851
0.000784853
0.000784856
0.000784951
0.000785099
0.0007851
0.000784954
0.000784863
0.000784862
0.000785104
0.000776091
0.000776012
0.000776023
0.000776114
0.000776208
0.000776209
0.000776118
0.000776029
0.000776019
0.000776098
0.000771131
0.00077134
0.000771394
0.000771441
0.00077148
0.000771481
0.000771445
0.000771401
0.00077135
0.000771144
0.000775352
0.000775552
0.000775523
0.0007755
0.000775503
0.000775503
0.000775501
0.000775526
0.000775558
0.000775363
0.000784324
0.000784281
0.000784222
0.000784217
0.000784253
0.000784253
0.000784219
0.000784226
0.00078429
0.000784337
0.00079464
0.000794842
0.000795113
0.000795372
0.000795651
0.000795652
0.000795374
0.000795116
0.000794844
0.00079464
0.000532026
0.000549795
0.000564563
0.00057521
0.000580538
0.000580489
0.000575073
0.000564327
0.000549575
0.000531585
0.000279726
0.00027739
0.000276755
0.000277295
0.000279162
0.000279161
0.000277291
0.000276752
0.000277391
0.000279724
0.000331552
0.000322588
0.000317089
0.000314443
0.000314459
0.000314464
0.000314458
0.000317125
0.000322634
0.000331716
0.000793084
0.000792502
0.000792467
0.000792682
0.000793093
0.000793094
0.000792686
0.000792473
0.000792509
0.000793085
0.000785101
0.000784854
0.000784857
0.000784952
0.0007851
0.000785101
0.000784955
0.000784864
0.000784863
0.000785105
0.000776092
0.000776013
0.000776024
0.000776115
0.000776208
0.00077621
0.000776119
0.00077603
0.00077602
0.000776099
0.000771131
0.000771341
0.000771394
0.000771441
0.00077148
0.000771481
0.000771445
0.000771402
0.000771351
0.000771145
0.000775353
0.000775552
0.000775522
0.000775499
0.000775501
0.000775502
0.0007755
0.000775525
0.000775558
0.000775365
0.000784328
0.000784283
0.000784222
0.000784216
0.000784251
0.000784252
0.000784218
0.000784227
0.000784292
0.000784341
0.000794642
0.000794844
0.000795115
0.000795373
0.000795651
0.000795652
0.000795375
0.000795118
0.000794847
0.000794642
0.000531916
0.000549774
0.000564588
0.00057525
0.00058058
0.000580529
0.000575107
0.000564343
0.000549543
0.000531456
0.000279724
0.00027739
0.000276754
0.000277293
0.00027916
0.000279158
0.000277289
0.000276751
0.00027739
0.000279721
0.000331574
0.000322587
0.000317078
0.000314429
0.000314445
0.000314451
0.000314445
0.000317116
0.000322636
0.000331745
0.000793084
0.000792502
0.000792467
0.000792683
0.000793093
0.000793094
0.000792686
0.000792473
0.000792509
0.000793085
0.000785102
0.000784856
0.000784858
0.000784953
0.0007851
0.000785101
0.000784956
0.000784865
0.000784864
0.000785106
0.000776093
0.000776014
0.000776025
0.000776116
0.000776209
0.00077621
0.000776119
0.000776031
0.000776021
0.0007761
0.000771132
0.000771341
0.000771395
0.000771441
0.00077148
0.000771481
0.000771446
0.000771403
0.000771352
0.000771146
0.000775356
0.000775552
0.000775521
0.000775498
0.0007755
0.000775501
0.000775499
0.000775524
0.000775558
0.000775367
0.000784332
0.000784285
0.000784222
0.000784216
0.000784251
0.000784251
0.000784218
0.000784227
0.000784294
0.000784346
0.000794644
0.000794847
0.000795117
0.000795374
0.000795651
0.000795652
0.000795376
0.00079512
0.000794851
0.000794645
0.000531778
0.000549721
0.000564585
0.000575263
0.000580595
0.000580542
0.000575115
0.000564331
0.000549483
0.0005313
0.000279715
0.000277383
0.000276748
0.000277286
0.000279152
0.00027915
0.000277281
0.000276744
0.000277384
0.000279712
0.00033159
0.000322582
0.000317061
0.00031441
0.000314426
0.000314431
0.000314427
0.000317101
0.000322632
0.000331767
0.000793084
0.000792503
0.000792468
0.000792683
0.000793094
0.000793095
0.000792687
0.000792474
0.000792509
0.000793086
0.000785103
0.000784857
0.000784859
0.000784954
0.000785102
0.000785102
0.000784958
0.000784867
0.000784866
0.000785108
0.000776094
0.000776015
0.000776025
0.000776116
0.00077621
0.000776211
0.00077612
0.000776032
0.000776023
0.000776102
0.000771133
0.000771342
0.000771395
0.000771441
0.00077148
0.000771482
0.000771446
0.000771403
0.000771353
0.000771147
0.000775358
0.000775552
0.00077552
0.000775497
0.000775499
0.0007755
0.000775499
0.000775524
0.000775559
0.00077537
0.000784337
0.000784287
0.000784223
0.000784216
0.00078425
0.000784251
0.000784218
0.000784229
0.000784297
0.000784352
0.000794647
0.000794851
0.000795119
0.000795375
0.000795652
0.000795652
0.000795377
0.000795123
0.000794854
0.000794647
0.00053159
0.00054961
0.000564516
0.000575204
0.000580537
0.000580482
0.000575052
0.000564254
0.000549366
0.000531095
0.0002797
0.000277371
0.000276736
0.000277273
0.000279139
0.000279137
0.000277269
0.000276733
0.000277373
0.000279698
0.000331612
0.000322584
0.000317054
0.000314401
0.000314417
0.000314422
0.000314418
0.000317095
0.000322636
0.000331797
0.000793085
0.000792503
0.000792468
0.000792684
0.000793094
0.000793095
0.000792687
0.000792475
0.00079251
0.000793086
0.000785104
0.000784857
0.00078486
0.000784954
0.000785102
0.000785103
0.000784958
0.000784867
0.000784867
0.000785108
0.000776095
0.000776016
0.000776026
0.000776117
0.00077621
0.000776211
0.000776121
0.000776033
0.000776024
0.000776103
0.000771133
0.000771342
0.000771395
0.000771441
0.00077148
0.000771482
0.000771446
0.000771404
0.000771354
0.000771148
0.000775362
0.000775554
0.000775521
0.000775498
0.0007755
0.000775501
0.0007755
0.000775525
0.000775561
0.000775374
0.000784344
0.000784293
0.000784228
0.000784219
0.000784254
0.000784254
0.000784222
0.000784233
0.000784303
0.00078436
0.000794652
0.000794857
0.000795125
0.00079538
0.000795656
0.000795657
0.000795382
0.000795129
0.000794861
0.000794653
0.000531187
0.000549263
0.000564186
0.000574874
0.0005802
0.000580143
0.000574717
0.000563916
0.00054901
0.000530674
0.000279631
0.000277303
0.000276667
0.000277203
0.000279068
0.000279067
0.000277198
0.000276664
0.000277305
0.000279628
0.000331558
0.000322512
0.000316976
0.00031432
0.000314337
0.000314342
0.000314338
0.000317018
0.000322566
0.00033175
0.00079309
0.000792509
0.000792474
0.00079269
0.000793101
0.000793102
0.000792694
0.000792481
0.000792516
0.000793092
0.000785108
0.000784862
0.000784864
0.000784959
0.000785107
0.000785108
0.000784963
0.000784872
0.000784872
0.000785113
0.000776098
0.000776018
0.000776028
0.000776119
0.000776212
0.000776213
0.000776123
0.000776035
0.000776026
0.000776106
0.000771134
0.000771343
0.000771396
0.000771442
0.000771481
0.000771483
0.000771447
0.000771405
0.000771355
0.00077115
0.00077537
0.00077556
0.000775527
0.000775503
0.000775505
0.000775506
0.000775505
0.000775531
0.000775567
0.000775383
0.000784359
0.000784305
0.000784238
0.000784229
0.000784263
0.000784263
0.000784231
0.000784244
0.000784315
0.000784375
0.000794656
0.000794862
0.00079513
0.000795385
0.000795661
0.000795662
0.000795388
0.000795134
0.000794866
0.000794657
0.00053043
0.000548509
0.000563413
0.000574068
0.000579377
0.000579318
0.000573905
0.000563134
0.000548247
0.0005299
0.000279568
0.000277239
0.000276598
0.00027713
0.000278993
0.000278991
0.000277125
0.000276595
0.00027724
0.000279564
0.000331652
0.000322585
0.000317038
0.000314378
0.000314391
0.000314397
0.000314396
0.000317081
0.00032264
0.000331849
0.000793089
0.000792508
0.000792473
0.000792688
0.000793098
0.000793099
0.000792692
0.00079248
0.000792515
0.000793091
0.000785101
0.000784855
0.000784857
0.000784952
0.000785099
0.0007851
0.000784955
0.000784865
0.000784865
0.000785106
0.000776094
0.000776015
0.000776024
0.000776115
0.000776208
0.000776209
0.000776119
0.000776031
0.000776023
0.000776102
0.000771133
0.000771342
0.000771394
0.000771441
0.000771479
0.000771481
0.000771446
0.000771404
0.000771354
0.000771149
0.000775387
0.000775577
0.000775546
0.000775524
0.000775527
0.000775528
0.000775526
0.00077555
0.000775585
0.000775401
0.000784396
0.000784342
0.000784276
0.000784267
0.000784301
0.000784302
0.00078427
0.000784282
0.000784353
0.000784412
0.000794691
0.000794899
0.000795168
0.000795425
0.000795701
0.000795702
0.000795427
0.000795172
0.000794903
0.000794691
0.000527777
0.000545672
0.00056039
0.000570943
0.000576163
0.000576103
0.000570776
0.000560105
0.000545402
0.000527238
0.000278949
0.00027662
0.000275972
0.0002765
0.000278361
0.000278359
0.000276494
0.000275968
0.000276621
0.000278946
0.000330872
0.000321836
0.000316309
0.00031365
0.000313672
0.000313677
0.000313668
0.000316353
0.000321892
0.000331073
0.000793145
0.000792566
0.000792533
0.000792749
0.00079316
0.000793161
0.000792753
0.000792541
0.000792574
0.000793147
0.00078514
0.000784896
0.0007849
0.000784995
0.000785143
0.000785144
0.000784999
0.000784908
0.000784907
0.000785145
0.000776111
0.000776034
0.000776044
0.000776135
0.000776229
0.00077623
0.00077614
0.000776052
0.000776042
0.00077612
0.000771138
0.000771348
0.000771402
0.000771449
0.000771489
0.00077149
0.000771455
0.000771412
0.000771361
0.000771154
0.000775434
0.00077562
0.000775588
0.000775566
0.00077557
0.00077557
0.000775568
0.000775592
0.000775628
0.000775448
0.000784481
0.000784425
0.000784358
0.00078435
0.000784384
0.000784385
0.000784352
0.000784364
0.000784436
0.000784497
0.000794708
0.000794922
0.0007952
0.000795469
0.000795753
0.000795754
0.000795472
0.000795204
0.000794926
0.000794708
0.000522283
0.000539385
0.000553558
0.000563844
0.000568929
0.000568868
0.000563675
0.000553271
0.000539114
0.000521746
0.000278464
0.000276097
0.00027541
0.000275916
0.000277768
0.000277766
0.00027591
0.000275405
0.000276097
0.000278459
0.000331531
0.000322519
0.000316974
0.000314272
0.000314268
0.000314273
0.000314288
0.000317017
0.000322575
0.000331738
0.00079314
0.000792564
0.000792529
0.000792737
0.000793141
0.000793142
0.000792741
0.000792537
0.000792572
0.000793142
0.000785073
0.000784832
0.000784835
0.00078493
0.000785077
0.000785078
0.000784934
0.000784844
0.000784843
0.000785078
0.000776064
0.00077599
0.000776001
0.000776091
0.000776184
0.000776186
0.000776096
0.000776009
0.000775999
0.000776073
0.000771111
0.000771326
0.00077138
0.000771427
0.000771466
0.000771468
0.000771433
0.00077139
0.000771339
0.000771129
0.000775703
0.000775899
0.000775886
0.00077588
0.000775892
0.000775893
0.000775882
0.00077589
0.000775907
0.000775718
0.000784878
0.000784838
0.000784787
0.000784791
0.000784833
0.000784834
0.000784794
0.000784793
0.000784849
0.000784895
0.000794975
0.000795204
0.000795505
0.000795804
0.000796109
0.000796109
0.000795806
0.000795508
0.000795207
0.000794974
0.000504566
0.000519747
0.000532253
0.000541435
0.000546022
0.000545962
0.00054127
0.000531966
0.000519461
0.000504025
0.000274249
0.000271879
0.000271152
0.000271636
0.000273481
0.000273479
0.00027163
0.000271148
0.000271878
0.000274243
0.000326468
0.000317868
0.000312569
0.000309981
0.000310006
0.000310012
0.000310002
0.00031262
0.000317938
0.000326687
0.000793568
0.00079301
0.000792981
0.000793191
0.000793593
0.000793594
0.000793196
0.000792989
0.000793017
0.00079357
0.000785348
0.000785114
0.000785121
0.000785219
0.000785368
0.000785369
0.000785224
0.00078513
0.000785124
0.000785354
0.000776238
0.000776174
0.000776192
0.000776286
0.000776381
0.000776383
0.000776291
0.0007762
0.000776184
0.000776248
0.00077124
0.000771468
0.000771531
0.000771583
0.000771625
0.000771627
0.00077159
0.000771542
0.000771482
0.000771259
0.000775592
0.000775797
0.000775804
0.000775809
0.000775826
0.000775827
0.000775811
0.000775808
0.000775805
0.000775608
0.000785192
0.000785165
0.000785113
0.000785106
0.000785141
0.000785141
0.000785109
0.000785119
0.000785176
0.00078521
0.000795403
0.000795683
0.000796001
0.000796309
0.000796615
0.000796615
0.00079631
0.000796004
0.000795686
0.000795402
0.000463561
0.00047449
0.000483891
0.000491004
0.000494604
0.000494553
0.000490883
0.0004837
0.000474313
0.000463208
0.000267682
0.00026508
0.000264189
0.000264602
0.000266447
0.000266444
0.000264594
0.000264183
0.000265079
0.000267661
0.000322135
0.00031412
0.00030909
0.000306616
0.000306667
0.000306663
0.00030661
0.000309095
0.000314128
0.000322286
0.000793817
0.000793301
0.000793273
0.000793465
0.000793849
0.00079385
0.000793471
0.000793283
0.000793313
0.000793826
0.000785165
0.000784955
0.000784973
0.000785076
0.000785226
0.000785227
0.000785081
0.000784983
0.000784967
0.000785173
0.000775832
0.000775799
0.000775836
0.000775939
0.000776037
0.000776039
0.000775944
0.000775844
0.000775808
0.000775843
0.000770759
0.00077102
0.000771111
0.000771177
0.000771225
0.000771227
0.000771183
0.000771121
0.000771034
0.000770779
0.000781437
0.000781665
0.000781803
0.00078192
0.000781998
0.000781999
0.000781924
0.000781811
0.000781678
0.00078146
0.000791247
0.000791378
0.000791516
0.000791682
0.000791823
0.000791824
0.000791686
0.000791524
0.00079139
0.000791263
0.000794473
0.000795058
0.000796035
0.000797133
0.000797968
0.000797967
0.000797131
0.000796029
0.000795043
0.000794446
0.000385117
0.000387062
0.000390043
0.000392991
0.000394649
0.000394596
0.000392861
0.000389871
0.000386967
0.00038491
0.000262452
0.000259584
0.000258364
0.000258637
0.000260469
0.000260468
0.000258632
0.000258363
0.000259587
0.000262425
0.000336145
0.000329911
0.000325631
0.000323447
0.000323498
0.000323511
0.000323492
0.000325696
0.000329954
0.000336358
0.000782036
0.00078455
0.000783682
0.000781975
0.000780564
0.000780672
0.0007822
0.000783801
0.000784712
0.00078267
0.000787576
0.000787374
0.000787434
0.000787578
0.000787742
0.000787743
0.00078758
0.000787439
0.000787376
0.000787572
0.000778914
0.000778963
0.000779071
0.00077921
0.000779321
0.000779324
0.000779217
0.000779081
0.000778973
0.000778927
0.000774561
0.000774913
0.000775063
0.000775156
0.000775213
0.000775216
0.000775166
0.000775079
0.000774935
0.000774593
9.7196e-06
1.02009e-05
1.06095e-05
1.0904e-05
1.10579e-05
1.10579e-05
1.0904e-05
1.06095e-05
1.02009e-05
9.71959e-06
0.000400167
0.000459418
0.000501701
0.0005267
0.000537669
0.000537669
0.000526699
0.000501702
0.000459419
0.000400168
0.000747202
0.00076867
0.00077904
0.000783573
0.000785149
0.000785149
0.000783574
0.00077904
0.000768671
0.000747203
0.000789317
0.000791131
0.000791537
0.000791528
0.00079146
0.00079146
0.000791528
0.000791537
0.000791131
0.000789318
0.000790568
0.000790376
0.00079022
0.000790122
0.000790077
0.000790077
0.000790122
0.00079022
0.000790376
0.000790568
0.000790001
0.000789883
0.00078984
0.000789822
0.000789815
0.000789815
0.000789822
0.00078984
0.000789883
0.000790001
0.000789828
0.000789801
0.000789797
0.000789797
0.000789797
0.000789797
0.000789797
0.000789797
0.000789801
0.000789828
0.000789801
0.000789798
0.000789799
0.0007898
0.0007898
0.0007898
0.0007898
0.000789799
0.000789798
0.000789801
0.0007898
0.0007898
0.000789801
0.000789801
0.000789802
0.000789802
0.000789801
0.000789801
0.0007898
0.0007898
0.000789801
0.000789802
0.000789802
0.000789803
0.000789803
0.000789803
0.000789803
0.000789802
0.000789802
0.000789801
1.72164e-05
1.73975e-05
1.75815e-05
1.77297e-05
1.7812e-05
1.7812e-05
1.77297e-05
1.75815e-05
1.73975e-05
1.72163e-05
0.000185015
0.000217099
0.0002439
0.000262797
0.00027244
0.000272441
0.000262797
0.0002439
0.0002171
0.000185016
0.000547116
0.000601749
0.000637055
0.000658051
0.000667635
0.000667635
0.00065805
0.000637055
0.000601749
0.000547116
0.00074454
0.000762787
0.000771432
0.000775652
0.000777346
0.000777345
0.000775652
0.000771432
0.000762788
0.00074454
0.000781768
0.000785016
0.000786023
0.000786375
0.00078648
0.00078648
0.000786375
0.000786023
0.000785016
0.000781768
0.000786258
0.000786508
0.000786468
0.00078642
0.000786393
0.000786393
0.00078642
0.000786468
0.000786508
0.000786258
0.000786352
0.000786271
0.000786215
0.000786188
0.000786177
0.000786177
0.000786188
0.000786215
0.000786271
0.000786352
0.000786192
0.000786143
0.000786126
0.00078612
0.000786118
0.000786118
0.00078612
0.000786126
0.000786143
0.000786192
0.000786122
0.000786105
0.000786102
0.000786102
0.000786102
0.000786102
0.000786102
0.000786102
0.000786105
0.000786122
0.000786097
0.000786092
0.000786093
0.000786096
0.000786098
0.000786098
0.000786096
0.000786093
0.000786092
0.000786097
2.45736e-05
2.47654e-05
2.48883e-05
2.49749e-05
2.5021e-05
2.5021e-05
2.49749e-05
2.48884e-05
2.47654e-05
2.45737e-05
0.000129422
0.000149097
0.000166471
0.000179179
0.000185852
0.000185852
0.000179178
0.00016647
0.000149097
0.000129422
0.000397055
0.000452358
0.000492588
0.000518965
0.000531865
0.000531865
0.000518966
0.000492588
0.00045236
0.000397059
0.000665589
0.000702403
0.000722893
0.000734269
0.000739286
0.000739286
0.000734268
0.000722892
0.000702402
0.000665589
0.000757171
0.000769282
0.000774479
0.000776927
0.000777901
0.000777901
0.000776926
0.000774478
0.000769282
0.000757171
0.000778264
0.000781115
0.000781967
0.000782286
0.000782395
0.000782395
0.000782286
0.000781967
0.000781115
0.000778264
0.000782072
0.000782563
0.000782616
0.000782619
0.000782615
0.000782615
0.000782619
0.000782616
0.000782564
0.000782072
0.00078256
0.000782599
0.000782571
0.000782557
0.000782551
0.000782551
0.000782557
0.000782571
0.000782599
0.00078256
0.000782566
0.000782548
0.000782531
0.000782525
0.000782523
0.000782523
0.000782525
0.000782531
0.000782548
0.000782566
0.000782538
0.000782523
0.000782518
0.00078252
0.000782524
0.000782524
0.00078252
0.000782518
0.000782523
0.000782538
3.01171e-05
3.07036e-05
3.10245e-05
3.12112e-05
3.12975e-05
3.12975e-05
3.12112e-05
3.10245e-05
3.07037e-05
3.01171e-05
0.000106259
0.000119902
0.000132669
0.000142144
0.000147176
0.000147176
0.000142144
0.000132668
0.000119901
0.00010626
0.000306547
0.000354943
0.000391439
0.000416435
0.000429069
0.00042907
0.000416435
0.000391443
0.000354946
0.000306548
0.00058
0.000628327
0.000657945
0.000675557
0.000683719
0.000683719
0.000675557
0.000657945
0.00062833
0.000580005
0.000717622
0.000740776
0.000752395
0.000758396
0.000760956
0.000760956
0.000758396
0.000752395
0.000740778
0.000717625
0.00076354
0.000771444
0.000774594
0.000775997
0.000776547
0.000776547
0.000775997
0.000774594
0.000771444
0.000763541
0.000775917
0.000778103
0.000778732
0.000778959
0.000779038
0.000779038
0.000778959
0.000778732
0.000778103
0.000775917
0.000778825
0.000779321
0.000779382
0.000779385
0.000779383
0.000779383
0.000779385
0.000779382
0.000779321
0.000778825
0.000779452
0.000779526
0.000779494
0.000779471
0.000779461
0.000779461
0.000779471
0.000779494
0.000779526
0.000779452
0.000779594
0.000779582
0.000779554
0.000779543
0.000779542
0.000779542
0.000779543
0.000779554
0.000779582
0.000779594
3.34346e-05
3.45393e-05
3.51807e-05
3.55589e-05
3.5733e-05
3.5733e-05
3.55589e-05
3.51808e-05
3.45393e-05
3.34345e-05
9.35032e-05
0.00010387
0.000114217
0.000121964
0.000126106
0.000126107
0.000121964
0.000114217
0.000103871
9.35083e-05
0.00025611
0.00029816
0.000330091
0.000352286
0.000363689
0.000363689
0.000352287
0.000330092
0.000298155
0.00025609
0.000510717
0.00056283
0.000596816
0.000617874
0.000627938
0.000627937
0.000617872
0.000596813
0.000562824
0.0005107
0.00067591
0.000707685
0.000725328
0.000734923
0.000739176
0.000739176
0.000734923
0.000725325
0.00070768
0.000675901
0.000745425
0.000758928
0.000765118
0.00076805
0.000769253
0.000769253
0.000768049
0.000765117
0.000758924
0.00074542
0.000768598
0.00077318
0.000774817
0.000775462
0.000775702
0.000775702
0.000775462
0.000774816
0.000773178
0.000768595
0.000775303
0.000776606
0.000776895
0.000776956
0.000776968
0.000776968
0.000776956
0.000776895
0.000776605
0.000775301
0.000777102
0.000777398
0.000777381
0.000777336
0.000777313
0.000777314
0.000777337
0.000777381
0.000777397
0.000777101
0.000777602
0.000777637
0.000777593
0.000777566
0.000777559
0.000777559
0.000777566
0.000777593
0.000777637
0.000777601
3.50333e-05
3.65514e-05
3.74855e-05
3.80501e-05
3.83131e-05
3.83132e-05
3.80499e-05
3.74858e-05
3.6552e-05
3.5034e-05
8.62591e-05
9.47156e-05
0.000103645
0.000110399
0.000114034
0.000114034
0.000110399
0.000103644
9.47141e-05
8.62625e-05
0.000228474
0.000265968
0.000294577
0.000314558
0.000324908
0.000324903
0.000314559
0.000294562
0.000265936
0.000228427
0.000466089
0.000518081
0.000553265
0.000575532
0.000586383
0.000586378
0.000575529
0.000553245
0.000518037
0.000466027
0.000642366
0.000679223
0.000701048
0.00071332
0.000718889
0.000718887
0.000713317
0.000701035
0.000679194
0.000642323
0.000728196
0.000746362
0.000755448
0.00075993
0.000761817
0.000761817
0.000759929
0.000755443
0.000746348
0.000728174
0.000761053
0.000768127
0.000770994
0.000772194
0.000772656
0.000772656
0.000772193
0.000770992
0.000768121
0.000761042
0.000771836
0.000774159
0.000774836
0.000775034
0.000775092
0.000775092
0.000775034
0.000774836
0.000774156
0.000771831
0.000775051
0.000775709
0.00077579
0.000775764
0.000775743
0.000775744
0.000775764
0.00077579
0.000775709
0.000775049
0.000775978
0.000776147
0.000776137
0.000776117
0.000776113
0.000776113
0.000776117
0.000776137
0.000776148
0.000775978
3.5705e-05
3.7461e-05
3.85906e-05
3.92835e-05
3.96102e-05
3.96105e-05
3.92835e-05
3.85912e-05
3.74627e-05
3.57065e-05
8.26755e-05
9.00739e-05
9.81207e-05
0.000104263
0.000107584
0.000107584
0.000104263
9.81188e-05
9.00702e-05
8.26757e-05
0.000212024
0.000247105
0.000273744
0.000292341
0.000302
0.000301991
0.000292337
0.000273715
0.000247044
0.000211956
0.000437012
0.000488448
0.000523818
0.0005465
0.000557664
0.000557656
0.000546491
0.00052378
0.000488364
0.00043691
0.000616772
0.000656743
0.000681275
0.00069543
0.00070195
0.000701947
0.000695423
0.000681253
0.00065669
0.0006167
0.000712776
0.000734644
0.000746175
0.000752076
0.000754608
0.000754607
0.000752073
0.000746166
0.000734621
0.000712738
0.000753248
0.000762702
0.00076686
0.000768718
0.000769455
0.000769455
0.000768717
0.000766857
0.000762695
0.00075323
0.000767803
0.000771271
0.000772474
0.000772913
0.000773068
0.000773068
0.000772913
0.000772475
0.00077127
0.000767796
0.000772538
0.000773666
0.000773926
0.000773972
0.000773979
0.00077398
0.000773974
0.000773929
0.000773668
0.000772537
0.000774011
0.000774368
0.000774408
0.000774398
0.000774397
0.000774398
0.000774399
0.00077441
0.000774369
0.000774014
3.59889e-05
3.78444e-05
3.90823e-05
3.98507e-05
4.02165e-05
4.02167e-05
3.98507e-05
3.90826e-05
3.78466e-05
3.599e-05
8.09636e-05
8.78604e-05
9.53535e-05
0.000101111
0.000104233
0.000104232
0.000101111
9.53516e-05
8.78567e-05
8.09623e-05
0.000201008
0.000234934
0.000260498
0.000278312
0.000287561
0.000287555
0.000278307
0.000260474
0.00023487
0.000200952
0.000416348
0.000467532
0.000502892
0.000525794
0.000537129
0.000537122
0.000525784
0.000502859
0.000467447
0.000416257
0.000596711
0.000638837
0.000665141
0.00068065
0.000687873
0.00068787
0.000680643
0.00066512
0.000638785
0.000596645
0.00069922
0.000724009
0.000737465
0.000744578
0.000747678
0.000747677
0.000744575
0.000737457
0.000723987
0.000699186
0.000745601
0.000757164
0.000762493
0.000764997
0.000766016
0.000766016
0.000764996
0.000762491
0.000757159
0.000745586
0.000763528
0.000768111
0.000769836
0.000770536
0.000770798
0.000770798
0.000770536
0.000769837
0.000768112
0.000763523
0.000769829
0.000771433
0.000771861
0.000771979
0.000772014
0.000772015
0.000771981
0.000771864
0.000771437
0.000769829
0.000772022
0.000772542
0.000772577
0.000772549
0.000772536
0.000772536
0.000772551
0.00077258
0.000772545
0.000772026
3.61192e-05
3.8009e-05
3.93018e-05
4.011e-05
4.0497e-05
4.04972e-05
4.011e-05
3.93018e-05
3.80109e-05
3.61193e-05
8.00218e-05
8.67184e-05
9.38634e-05
9.93726e-05
0.000102363
0.000102362
9.93728e-05
9.38623e-05
8.67162e-05
8.00216e-05
0.000193311
0.000226491
0.000251301
0.000268574
0.00027754
0.000277534
0.000268573
0.000251289
0.000226442
0.000193283
0.000401422
0.000452366
0.000487483
0.000510417
0.000521816
0.00052181
0.000510413
0.000487464
0.000452304
0.000401371
0.000581499
0.000625024
0.000652333
0.000668724
0.000676422
0.00067642
0.00066872
0.000652321
0.000624987
0.00058146
0.000688347
0.000715245
0.000730029
0.000738044
0.000741578
0.000741578
0.000738042
0.000730024
0.000715231
0.000688327
0.00073922
0.000752437
0.000758648
0.000761663
0.00076291
0.00076291
0.000761663
0.000758648
0.000752434
0.000739213
0.000759994
0.000765488
0.00076761
0.000768504
0.000768846
0.000768847
0.000768505
0.000767612
0.00076549
0.000759993
0.00076773
0.000769711
0.000770252
0.000770407
0.000770451
0.000770451
0.000770408
0.000770254
0.000769714
0.000767731
0.000770643
0.000771284
0.000771299
0.000771241
0.00077121
0.00077121
0.000771242
0.000771302
0.000771288
0.000770647
3.61944e-05
3.8097e-05
3.94182e-05
4.02494e-05
4.0649e-05
4.06491e-05
4.02495e-05
3.94182e-05
3.80984e-05
3.61949e-05
7.94216e-05
8.60432e-05
9.29723e-05
9.83222e-05
0.000101226
0.000101226
9.83224e-05
9.2972e-05
8.6042e-05
7.94225e-05
0.00018841
0.000220999
0.000245201
0.000262037
0.000270772
0.000270769
0.000262036
0.000245195
0.000220963
0.000188389
0.000391687
0.000442233
0.000476942
0.000499733
0.000511091
0.000511087
0.00049973
0.000476932
0.000442188
0.000391651
0.000571227
0.000615419
0.000643185
0.000660037
0.000668002
0.000668001
0.000660035
0.000643178
0.000615392
0.0005712
0.000680758
0.000708916
0.000724517
0.000733106
0.000736928
0.000736928
0.000733105
0.000724514
0.000708906
0.000680744
0.0007347
0.000748997
0.000755816
0.000759184
0.000760589
0.000760589
0.000759184
0.000755816
0.000748996
0.000734696
0.000757578
0.000763694
0.000766103
0.000767132
0.000767526
0.000767527
0.000767132
0.000766105
0.000763695
0.000757578
0.000766463
0.000768696
0.000769316
0.000769487
0.000769532
0.000769533
0.000769488
0.000769318
0.000768699
0.000766465
0.000770004
0.000770726
0.000770743
0.000770668
0.000770625
0.000770625
0.000770669
0.000770745
0.000770728
0.000770008
3.62379e-05
3.81486e-05
3.94854e-05
4.03305e-05
4.07376e-05
4.07377e-05
4.03306e-05
3.94856e-05
3.81498e-05
3.62387e-05
7.90367e-05
8.56119e-05
9.24131e-05
9.76646e-05
0.000100514
0.000100514
9.76646e-05
9.24129e-05
8.56111e-05
7.90375e-05
0.000185599
0.000217719
0.000241463
0.000257959
0.000266515
0.000266513
0.000257955
0.000241455
0.000217687
0.000185574
0.000385951
0.000436046
0.000470348
0.000492921
0.000504189
0.000504186
0.000492916
0.000470337
0.000436004
0.000385913
0.000564952
0.000609343
0.000637261
0.000654306
0.000662395
0.000662393
0.000654304
0.000637254
0.000609319
0.000564925
0.000675977
0.000704779
0.000720839
0.000729761
0.000733754
0.000733753
0.00072976
0.000720837
0.000704771
0.000675964
0.000731805
0.000746722
0.000753928
0.000757527
0.000759039
0.000759039
0.000757527
0.000753929
0.000746721
0.000731801
0.000756077
0.000762564
0.000765175
0.000766302
0.000766735
0.000766735
0.000766302
0.000765176
0.000762565
0.000756078
0.000765809
0.000768178
0.000768857
0.000769047
0.000769094
0.000769095
0.000769047
0.000768859
0.00076818
0.000765811
0.000769883
0.000770641
0.000770665
0.000770584
0.000770534
0.000770535
0.000770584
0.000770666
0.000770643
0.000769886
3.62597e-05
3.81765e-05
3.95227e-05
4.03759e-05
4.07875e-05
4.07877e-05
4.03762e-05
3.9523e-05
3.81778e-05
3.62607e-05
7.88031e-05
8.53459e-05
9.20732e-05
9.72659e-05
0.000100084
0.000100084
9.72658e-05
9.20729e-05
8.53454e-05
7.88039e-05
0.000184086
0.000215881
0.000239305
0.000255563
0.000263995
0.000263992
0.000255557
0.000239294
0.000215846
0.000184059
0.000382774
0.000432496
0.000466472
0.000488849
0.000500031
0.000500027
0.000488842
0.000466458
0.000432451
0.000382733
0.000561352
0.000605739
0.000633672
0.000650781
0.000658919
0.000658917
0.000650777
0.000633664
0.000605714
0.000561325
0.000673151
0.000702246
0.000718545
0.000727648
0.000731737
0.000731736
0.000727647
0.000718543
0.000702237
0.00067314
0.000730063
0.0007453
0.000752737
0.00075648
0.000758059
0.000758059
0.00075648
0.000752737
0.000745299
0.00073006
0.0007552
0.00076188
0.000764621
0.000765818
0.00076628
0.00076628
0.000765818
0.000764622
0.000761882
0.0007552
0.00076551
0.00076794
0.000768659
0.000768865
0.000768918
0.000768918
0.000768866
0.00076866
0.000767942
0.000765512
0.00076999
0.00077076
0.000770792
0.00077071
0.000770659
0.000770659
0.000770711
0.000770793
0.000770762
0.000769993
3.62684e-05
3.81893e-05
3.95405e-05
4.0398e-05
4.0812e-05
4.08122e-05
4.03983e-05
3.95409e-05
3.81907e-05
3.62695e-05
7.86754e-05
8.51967e-05
9.18827e-05
9.70424e-05
9.98425e-05
9.98423e-05
9.70422e-05
9.18823e-05
8.51961e-05
7.86762e-05
0.000183333
0.000214926
0.000238152
0.000254263
0.000262618
0.000262614
0.000254256
0.000238139
0.000214889
0.000183302
0.000381127
0.000430586
0.000464339
0.000486577
0.000497695
0.000497691
0.000486569
0.000464323
0.000430538
0.000381083
0.000559411
0.000603726
0.000631628
0.000648747
0.0006569
0.000656897
0.000648742
0.000631619
0.000603698
0.000559382
0.000671579
0.00070078
0.000717193
0.00072639
0.000730529
0.000730528
0.000726388
0.00071719
0.000700771
0.000671566
0.000729075
0.000744456
0.00075202
0.000755848
0.000757467
0.000757467
0.000755848
0.00075202
0.000744455
0.000729072
0.000754717
0.000761485
0.0007643
0.000765542
0.000766023
0.000766023
0.000765542
0.000764301
0.000761487
0.000754717
0.000765393
0.000767844
0.000768586
0.000768804
0.000768861
0.000768861
0.000768805
0.000768587
0.000767846
0.000765396
0.00077015
0.000770923
0.00077096
0.000770879
0.000770827
0.000770827
0.00077088
0.000770961
0.000770925
0.000770153
3.62706e-05
3.81936e-05
3.9547e-05
4.04065e-05
4.08217e-05
4.08218e-05
4.04069e-05
3.95475e-05
3.81951e-05
3.62719e-05
7.86121e-05
8.51202e-05
9.17846e-05
9.69268e-05
9.97175e-05
9.97173e-05
9.69266e-05
9.17841e-05
8.51197e-05
7.86129e-05
0.00018298
0.000214462
0.000237577
0.000253606
0.000261918
0.000261914
0.000253598
0.000237562
0.000214421
0.000182945
0.000380318
0.000429613
0.00046323
0.000485381
0.000496458
0.000496453
0.000485371
0.000463211
0.000429561
0.000380269
0.000558414
0.000602653
0.000630519
0.000647631
0.000655786
0.000655784
0.000647626
0.000630508
0.000602623
0.000558382
0.000670743
0.000699969
0.000716431
0.000725674
0.000729839
0.000729838
0.000725672
0.000716428
0.000699959
0.00067073
0.000728541
0.000743977
0.000751605
0.00075548
0.000757122
0.000757122
0.00075548
0.000751605
0.000743976
0.000728537
0.000754464
0.000761266
0.000764119
0.000765388
0.000765882
0.000765882
0.000765388
0.00076412
0.000761267
0.000754465
0.00076536
0.000767813
0.000768566
0.000768792
0.000768852
0.000768852
0.000768793
0.000768567
0.000767815
0.000765363
0.00077029
0.000771061
0.000771101
0.000771022
0.000770969
0.000770969
0.000771022
0.000771102
0.000771062
0.000770293
3.62707e-05
3.81946e-05
3.95491e-05
4.04094e-05
4.0825e-05
4.08252e-05
4.04098e-05
3.95496e-05
3.81962e-05
3.62722e-05
7.85829e-05
8.50838e-05
9.17374e-05
9.68709e-05
9.96569e-05
9.96567e-05
9.68706e-05
9.17368e-05
8.50832e-05
7.85838e-05
0.00018282
0.000214244
0.000237302
0.000253289
0.000261577
0.000261573
0.000253279
0.000237286
0.000214201
0.000182781
0.000379933
0.000429133
0.000462672
0.000484773
0.000495826
0.000495821
0.000484762
0.000462651
0.000429076
0.000379879
0.000557917
0.000602099
0.000629936
0.000647039
0.000655193
0.000655189
0.000647033
0.000629924
0.000602067
0.000557883
0.000670313
0.000699535
0.000716016
0.000725279
0.000729457
0.000729456
0.000725277
0.000716012
0.000699524
0.000670299
0.000728262
0.000743715
0.000751373
0.000755272
0.000756927
0.000756927
0.000755271
0.000751373
0.000743714
0.000728258
0.000754337
0.000761148
0.00076402
0.000765303
0.000765804
0.000765804
0.000765304
0.000764021
0.00076115
0.000754338
0.000765359
0.000767808
0.000768565
0.000768796
0.000768858
0.000768858
0.000768796
0.000768567
0.00076781
0.000765361
0.000770389
0.000771157
0.000771199
0.000771121
0.000771069
0.000771069
0.000771122
0.0007712
0.000771159
0.000770392
3.62704e-05
3.81946e-05
3.95495e-05
4.04101e-05
4.08259e-05
4.08261e-05
4.04105e-05
3.95501e-05
3.81963e-05
3.6272e-05
7.85699e-05
8.50672e-05
9.17157e-05
9.68451e-05
9.96288e-05
9.96285e-05
9.68447e-05
9.1715e-05
8.50666e-05
7.85708e-05
0.000182751
0.000214146
0.000237174
0.00025314
0.000261416
0.000261412
0.000253129
0.000237157
0.0002141
0.000182708
0.000379756
0.000428903
0.000462398
0.000484473
0.000495512
0.000495506
0.00048446
0.000462376
0.000428843
0.000379697
0.000557678
0.000601822
0.000629638
0.000646732
0.000654884
0.00065488
0.000646725
0.000629625
0.000601786
0.00055764
0.000670099
0.00069931
0.000715795
0.000725067
0.00072925
0.000729249
0.000725065
0.00071579
0.000699298
0.000670083
0.000728121
0.000743576
0.000751246
0.000755157
0.000756819
0.000756819
0.000755157
0.000751246
0.000743574
0.000728117
0.000754276
0.000761087
0.000763967
0.000765258
0.000765763
0.000765763
0.000765258
0.000763968
0.000761089
0.000754277
0.000765367
0.000767811
0.00076857
0.000768803
0.000768866
0.000768866
0.000768803
0.000768571
0.000767813
0.000765369
0.000770452
0.000771218
0.00077126
0.000771183
0.000771131
0.000771131
0.000771184
0.000771262
0.00077122
0.000770456
3.62699e-05
3.81943e-05
3.95494e-05
4.04101e-05
4.0826e-05
4.08262e-05
4.04106e-05
3.955e-05
3.81962e-05
3.62717e-05
7.85643e-05
8.506e-05
9.1706e-05
9.68335e-05
9.96161e-05
9.96159e-05
9.68331e-05
9.17053e-05
8.50592e-05
7.85653e-05
0.000182724
0.000214105
0.000237117
0.000253072
0.000261342
0.000261337
0.00025306
0.000237098
0.000214055
0.000182678
0.000379681
0.000428799
0.000462269
0.000484327
0.000495358
0.000495352
0.000484313
0.000462244
0.000428734
0.000379617
0.000557569
0.000601688
0.000629489
0.000646577
0.000654726
0.000654722
0.000646569
0.000629474
0.00060165
0.000557528
0.000669997
0.000699196
0.00071568
0.000724955
0.000729141
0.00072914
0.000724953
0.000715675
0.000699183
0.00066998
0.000728053
0.000743504
0.000751178
0.000755095
0.00075676
0.00075676
0.000755095
0.000751178
0.000743502
0.000728049
0.000754248
0.000761056
0.000763939
0.000765234
0.000765741
0.000765741
0.000765234
0.00076394
0.000761058
0.000754249
0.000765375
0.000767814
0.000768574
0.000768808
0.000768872
0.000768872
0.000768809
0.000768576
0.000767817
0.000765378
0.00077049
0.000771253
0.000771296
0.00077122
0.000771168
0.000771168
0.00077122
0.000771297
0.000771256
0.000770494
3.62695e-05
3.81939e-05
3.95492e-05
4.041e-05
4.08259e-05
4.08261e-05
4.04105e-05
3.95499e-05
3.81959e-05
3.62714e-05
7.85619e-05
8.50569e-05
9.17019e-05
9.68284e-05
9.96105e-05
9.96103e-05
9.6828e-05
9.1701e-05
8.50561e-05
7.85629e-05
0.000182717
0.000214091
0.000237093
0.000253041
0.000261308
0.000261303
0.000253029
0.000237073
0.000214038
0.000182667
0.000379656
0.000428756
0.000462209
0.000484258
0.000495284
0.000495278
0.000484243
0.000462183
0.000428686
0.000379586
0.000557525
0.000601627
0.000629417
0.0006465
0.000654647
0.000654643
0.000646492
0.000629401
0.000601586
0.00055748
0.000669952
0.000699142
0.000715622
0.000724897
0.000729084
0.000729083
0.000724895
0.000715617
0.000699127
0.000669933
0.000728022
0.000743468
0.000751143
0.000755062
0.000756729
0.000756729
0.000755062
0.000751143
0.000743466
0.000728017
0.000754237
0.00076104
0.000763925
0.000765221
0.000765729
0.000765729
0.000765221
0.000763926
0.000761042
0.000754238
0.000765381
0.000767817
0.000768577
0.000768812
0.000768876
0.000768876
0.000768812
0.000768578
0.00076782
0.000765384
0.000770511
0.000771273
0.000771315
0.000771239
0.000771188
0.000771188
0.00077124
0.000771317
0.000771275
0.000770515
3.62692e-05
3.81936e-05
3.9549e-05
4.04099e-05
4.08259e-05
4.08261e-05
4.04104e-05
3.95498e-05
3.81957e-05
3.62712e-05
7.8561e-05
8.50557e-05
9.17002e-05
9.68263e-05
9.96081e-05
9.96078e-05
9.68258e-05
9.16993e-05
8.50548e-05
7.85619e-05
0.00018272
0.000214089
0.000237084
0.000253029
0.000261293
0.000261288
0.000253016
0.000237062
0.000214032
0.000182666
0.000379653
0.000428743
0.000462184
0.000484226
0.000495249
0.000495242
0.000484211
0.000462155
0.000428668
0.000379578
0.000557512
0.000601603
0.000629383
0.000646462
0.000654608
0.000654603
0.000646453
0.000629366
0.000601559
0.000557464
0.000669936
0.000699117
0.000715594
0.000724868
0.000729055
0.000729053
0.000724865
0.000715588
0.000699101
0.000669915
0.00072801
0.000743451
0.000751125
0.000755045
0.000756712
0.000756712
0.000755044
0.000751125
0.000743449
0.000728005
0.000754233
0.000761033
0.000763917
0.000765214
0.000765722
0.000765722
0.000765214
0.000763918
0.000761035
0.000754234
0.000765386
0.000767819
0.000768578
0.000768813
0.000768878
0.000768878
0.000768814
0.00076858
0.000767822
0.000765389
0.000770523
0.000771282
0.000771325
0.000771249
0.000771198
0.000771198
0.00077125
0.000771327
0.000771285
0.000770527
3.62689e-05
3.81934e-05
3.95489e-05
4.04098e-05
4.08258e-05
4.0826e-05
4.04103e-05
3.95497e-05
3.81956e-05
3.6271e-05
7.85606e-05
8.50553e-05
9.16995e-05
9.68254e-05
9.9607e-05
9.96068e-05
9.68249e-05
9.16985e-05
8.50543e-05
7.85616e-05
0.000182727
0.000214092
0.000237082
0.000253023
0.000261286
0.000261281
0.00025301
0.000237059
0.000214032
0.000182669
0.000379661
0.000428743
0.000462175
0.000484212
0.000495233
0.000495225
0.000484195
0.000462144
0.000428664
0.000379581
0.000557514
0.000601596
0.000629369
0.000646444
0.000654588
0.000654583
0.000646435
0.000629351
0.000601549
0.000557463
0.000669933
0.000699107
0.00071558
0.000724853
0.00072904
0.000729038
0.00072485
0.000715574
0.000699091
0.000669911
0.000728007
0.000743443
0.000751116
0.000755035
0.000756703
0.000756703
0.000755035
0.000751115
0.000743441
0.000728001
0.000754232
0.000761029
0.000763912
0.00076521
0.000765719
0.000765719
0.00076521
0.000763914
0.000761031
0.000754233
0.000765389
0.00076782
0.000768578
0.000768814
0.000768878
0.000768878
0.000768814
0.00076858
0.000767823
0.000765393
0.000770529
0.000771287
0.000771329
0.000771254
0.000771203
0.000771203
0.000771255
0.000771331
0.00077129
0.000770534
3.62686e-05
3.81931e-05
3.95488e-05
4.04097e-05
4.08258e-05
4.0826e-05
4.04103e-05
3.95496e-05
3.81955e-05
3.62708e-05
7.85604e-05
8.50552e-05
9.16993e-05
9.6825e-05
9.96066e-05
9.96063e-05
9.68245e-05
9.16983e-05
8.50542e-05
7.85615e-05
0.000182735
0.000214098
0.000237083
0.000253022
0.000261283
0.000261277
0.000253007
0.000237058
0.000214034
0.000182673
0.000379674
0.00042875
0.000462173
0.000484206
0.000495224
0.000495216
0.000484188
0.00046214
0.000428666
0.000379588
0.000557523
0.000601598
0.000629363
0.000646435
0.000654578
0.000654573
0.000646425
0.000629344
0.000601548
0.000557468
0.000669936
0.000699105
0.000715574
0.000724845
0.000729032
0.00072903
0.000724842
0.000715567
0.000699087
0.000669913
0.000728008
0.00074344
0.000751111
0.00075503
0.000756698
0.000756698
0.00075503
0.000751111
0.000743438
0.000728002
0.000754234
0.000761028
0.00076391
0.000765207
0.000765716
0.000765716
0.000765207
0.000763911
0.00076103
0.000754235
0.000765392
0.00076782
0.000768578
0.000768813
0.000768878
0.000768878
0.000768814
0.00076858
0.000767823
0.000765396
0.000770533
0.000771289
0.000771331
0.000771255
0.000771205
0.000771205
0.000771256
0.000771333
0.000771292
0.000770538
3.62683e-05
3.81928e-05
3.95487e-05
4.04097e-05
4.08258e-05
4.0826e-05
4.04103e-05
3.95496e-05
3.81953e-05
3.62707e-05
7.85604e-05
8.50553e-05
9.16993e-05
9.68249e-05
9.96064e-05
9.96061e-05
9.68243e-05
9.16982e-05
8.50543e-05
7.85615e-05
0.000182744
0.000214105
0.000237084
0.000253021
0.000261281
0.000261275
0.000253006
0.000237058
0.000214038
0.000182679
0.000379689
0.00042876
0.000462174
0.000484203
0.00049522
0.000495211
0.000484185
0.00046214
0.000428671
0.000379598
0.000557535
0.000601603
0.000629362
0.000646431
0.000654572
0.000654567
0.000646421
0.000629342
0.00060155
0.000557476
0.000669943
0.000699106
0.000715571
0.000724841
0.000729027
0.000729025
0.000724838
0.000715564
0.000699087
0.000669919
0.000728011
0.00074344
0.000751109
0.000755027
0.000756695
0.000756695
0.000755027
0.000751108
0.000743437
0.000728005
0.000754236
0.000761027
0.000763908
0.000765205
0.000765714
0.000765715
0.000765206
0.000763909
0.000761029
0.000754237
0.000765394
0.00076782
0.000768577
0.000768812
0.000768877
0.000768878
0.000768813
0.000768579
0.000767823
0.000765398
0.000770536
0.00077129
0.000771331
0.000771256
0.000771205
0.000771205
0.000771257
0.000771333
0.000771293
0.000770541
3.6268e-05
3.81926e-05
3.95486e-05
4.04096e-05
4.08258e-05
4.08261e-05
4.04103e-05
3.95495e-05
3.81952e-05
3.62705e-05
7.85604e-05
8.50555e-05
9.16994e-05
9.68249e-05
9.96063e-05
9.96059e-05
9.68242e-05
9.16982e-05
8.50544e-05
7.85615e-05
0.000182753
0.000214113
0.000237087
0.000253021
0.00026128
0.000261273
0.000253005
0.000237059
0.000214042
0.000182684
0.000379705
0.00042877
0.000462177
0.000484203
0.000495217
0.000495208
0.000484182
0.00046214
0.000428676
0.000379608
0.000557548
0.00060161
0.000629363
0.000646429
0.000654569
0.000654564
0.000646418
0.000629341
0.000601554
0.000557486
0.000669951
0.000699109
0.00071557
0.000724839
0.000729024
0.000729022
0.000724836
0.000715563
0.000699089
0.000669925
0.000728016
0.00074344
0.000751107
0.000755025
0.000756693
0.000756693
0.000755025
0.000751107
0.000743437
0.000728009
0.000754238
0.000761027
0.000763907
0.000765204
0.000765713
0.000765713
0.000765204
0.000763908
0.000761029
0.00075424
0.000765396
0.000767819
0.000768576
0.000768811
0.000768876
0.000768877
0.000768812
0.000768578
0.000767823
0.0007654
0.000770537
0.00077129
0.00077133
0.000771255
0.000771204
0.000771204
0.000771256
0.000771333
0.000771293
0.000770543
3.62677e-05
3.81924e-05
3.95485e-05
4.04096e-05
4.08258e-05
4.08261e-05
4.04103e-05
3.95495e-05
3.81951e-05
3.62703e-05
7.85603e-05
8.50556e-05
9.16995e-05
9.68249e-05
9.96062e-05
9.96059e-05
9.68242e-05
9.16983e-05
8.50545e-05
7.85615e-05
0.000182763
0.00021412
0.000237089
0.000253022
0.000261279
0.000261272
0.000253005
0.00023706
0.000214046
0.00018269
0.000379721
0.000428782
0.000462181
0.000484202
0.000495215
0.000495205
0.000484181
0.000462142
0.000428683
0.000379619
0.000557561
0.000601618
0.000629364
0.000646427
0.000654567
0.000654561
0.000646416
0.000629341
0.000601559
0.000557496
0.00066996
0.000699113
0.00071557
0.000724837
0.000729022
0.00072902
0.000724834
0.000715562
0.000699092
0.000669932
0.00072802
0.000743441
0.000751106
0.000755024
0.000756692
0.000756691
0.000755024
0.000751106
0.000743438
0.000728013
0.000754241
0.000761026
0.000763906
0.000765202
0.000765712
0.000765712
0.000765203
0.000763907
0.000761029
0.000754242
0.000765398
0.000767819
0.000768574
0.00076881
0.000768875
0.000768876
0.000768811
0.000768577
0.000767822
0.000765402
0.000770539
0.000771289
0.000771329
0.000771254
0.000771203
0.000771203
0.000771255
0.000771332
0.000771293
0.000770545
3.62674e-05
3.81921e-05
3.95484e-05
4.04096e-05
4.08258e-05
4.08261e-05
4.04103e-05
3.95495e-05
3.8195e-05
3.62702e-05
7.85603e-05
8.50558e-05
9.16996e-05
9.68249e-05
9.96061e-05
9.96058e-05
9.68242e-05
9.16983e-05
8.50546e-05
7.85616e-05
0.000182772
0.000214128
0.000237092
0.000253022
0.000261278
0.000261271
0.000253004
0.000237061
0.00021405
0.000182696
0.000379737
0.000428793
0.000462184
0.000484202
0.000495213
0.000495203
0.00048418
0.000462144
0.000428689
0.00037963
0.000557575
0.000601626
0.000629366
0.000646427
0.000654565
0.000654559
0.000646415
0.000629342
0.000601564
0.000557507
0.000669968
0.000699117
0.00071557
0.000724836
0.000729021
0.000729019
0.000724832
0.000715562
0.000699095
0.00066994
0.000728025
0.000743442
0.000751106
0.000755023
0.00075669
0.00075669
0.000755022
0.000751105
0.000743439
0.000728018
0.000754244
0.000761026
0.000763904
0.000765201
0.000765711
0.000765711
0.000765202
0.000763906
0.000761029
0.000754245
0.000765399
0.000767818
0.000768573
0.000768809
0.000768874
0.000768875
0.00076881
0.000768576
0.000767822
0.000765404
0.00077054
0.000771289
0.000771328
0.000771253
0.000771202
0.000771202
0.000771254
0.000771331
0.000771293
0.000770547
3.62671e-05
3.81919e-05
3.95484e-05
4.04095e-05
4.08258e-05
4.08261e-05
4.04103e-05
3.95494e-05
3.81949e-05
3.627e-05
7.85603e-05
8.5056e-05
9.16997e-05
9.68249e-05
9.96061e-05
9.96057e-05
9.68242e-05
9.16984e-05
8.50547e-05
7.85616e-05
0.000182782
0.000214136
0.000237095
0.000253023
0.000261277
0.00026127
0.000253004
0.000237063
0.000214054
0.000182702
0.000379753
0.000428805
0.000462188
0.000484202
0.000495211
0.000495201
0.000484179
0.000462145
0.000428696
0.000379641
0.000557589
0.000601635
0.000629369
0.000646426
0.000654563
0.000654557
0.000646413
0.000629343
0.00060157
0.000557518
0.000669977
0.000699121
0.000715571
0.000724835
0.000729019
0.000729017
0.000724831
0.000715562
0.000699098
0.000669947
0.00072803
0.000743444
0.000751105
0.000755022
0.000756689
0.000756689
0.000755021
0.000751104
0.00074344
0.000728023
0.000754247
0.000761026
0.000763903
0.0007652
0.00076571
0.00076571
0.000765201
0.000763905
0.000761029
0.000754248
0.000765401
0.000767818
0.000768572
0.000768808
0.000768873
0.000768873
0.000768809
0.000768574
0.000767822
0.000765406
0.000770541
0.000771288
0.000771327
0.000771251
0.000771201
0.000771201
0.000771252
0.000771329
0.000771292
0.000770548
3.62668e-05
3.81916e-05
3.95483e-05
4.04095e-05
4.08259e-05
4.08261e-05
4.04103e-05
3.95494e-05
3.81948e-05
3.62699e-05
7.85603e-05
8.50562e-05
9.16998e-05
9.68249e-05
9.9606e-05
9.96056e-05
9.68241e-05
9.16984e-05
8.50548e-05
7.85616e-05
0.000182791
0.000214143
0.000237097
0.000253023
0.000261276
0.000261269
0.000253004
0.000237064
0.000214058
0.000182708
0.000379769
0.000428816
0.000462192
0.000484202
0.00049521
0.000495199
0.000484178
0.000462147
0.000428703
0.000379652
0.000557603
0.000601643
0.000629371
0.000646425
0.000654561
0.000654555
0.000646412
0.000629344
0.000601575
0.000557528
0.000669986
0.000699125
0.000715571
0.000724834
0.000729018
0.000729016
0.00072483
0.000715562
0.000699101
0.000669955
0.000728035
0.000743445
0.000751105
0.000755021
0.000756688
0.000756688
0.00075502
0.000751104
0.000743442
0.000728027
0.000754249
0.000761027
0.000763902
0.000765199
0.000765709
0.000765709
0.0007652
0.000763904
0.000761029
0.000754251
0.000765403
0.000767817
0.000768571
0.000768806
0.000768872
0.000768872
0.000768807
0.000768573
0.000767821
0.000765408
0.000770543
0.000771287
0.000771325
0.00077125
0.000771199
0.0007712
0.000771251
0.000771328
0.000771292
0.00077055
3.62666e-05
3.81914e-05
3.95482e-05
4.04095e-05
4.08259e-05
4.08262e-05
4.04103e-05
3.95494e-05
3.81947e-05
3.62697e-05
7.85604e-05
8.50564e-05
9.17e-05
9.68249e-05
9.9606e-05
9.96056e-05
9.68241e-05
9.16985e-05
8.50549e-05
7.85617e-05
0.000182801
0.000214151
0.0002371
0.000253024
0.000261276
0.000261268
0.000253003
0.000237065
0.000214062
0.000182714
0.000379785
0.000428828
0.000462196
0.000484203
0.000495208
0.000495197
0.000484177
0.000462149
0.00042871
0.000379663
0.000557617
0.000601652
0.000629373
0.000646425
0.000654559
0.000654553
0.000646411
0.000629345
0.000601581
0.000557539
0.000669995
0.000699129
0.000715572
0.000724834
0.000729017
0.000729014
0.000724829
0.000715562
0.000699104
0.000669963
0.00072804
0.000743447
0.000751104
0.00075502
0.000756687
0.000756687
0.000755019
0.000751103
0.000743443
0.000728032
0.000754252
0.000761027
0.000763902
0.000765198
0.000765708
0.000765708
0.000765199
0.000763903
0.000761029
0.000754253
0.000765404
0.000767817
0.00076857
0.000768805
0.000768871
0.000768871
0.000768806
0.000768572
0.000767821
0.00076541
0.000770544
0.000771287
0.000771324
0.000771248
0.000771198
0.000771198
0.00077125
0.000771327
0.000771291
0.000770551
3.62663e-05
3.81912e-05
3.95481e-05
4.04095e-05
4.08259e-05
4.08262e-05
4.04103e-05
3.95493e-05
3.81946e-05
3.62696e-05
7.85604e-05
8.50566e-05
9.17001e-05
9.6825e-05
9.96059e-05
9.96055e-05
9.68241e-05
9.16986e-05
8.50551e-05
7.85618e-05
0.00018281
0.000214159
0.000237103
0.000253024
0.000261275
0.000261266
0.000253003
0.000237066
0.000214066
0.000182719
0.000379802
0.00042884
0.0004622
0.000484203
0.000495207
0.000495195
0.000484177
0.000462151
0.000428716
0.000379674
0.000557631
0.00060166
0.000629376
0.000646425
0.000654558
0.000654551
0.00064641
0.000629347
0.000601587
0.00055755
0.000670004
0.000699134
0.000715573
0.000724833
0.000729015
0.000729013
0.000724828
0.000715562
0.000699107
0.00066997
0.000728045
0.000743448
0.000751104
0.000755019
0.000756686
0.000756686
0.000755018
0.000751103
0.000743444
0.000728037
0.000754255
0.000761027
0.000763901
0.000765197
0.000765707
0.000765707
0.000765197
0.000763902
0.00076103
0.000754256
0.000765406
0.000767816
0.000768568
0.000768804
0.00076887
0.00076887
0.000768805
0.000768571
0.000767821
0.000765412
0.000770545
0.000771286
0.000771323
0.000771247
0.000771197
0.000771197
0.000771248
0.000771326
0.000771291
0.000770553
3.6266e-05
3.81909e-05
3.9548e-05
4.04094e-05
4.08259e-05
4.08262e-05
4.04103e-05
3.95493e-05
3.81945e-05
3.62694e-05
7.85604e-05
8.50568e-05
9.17003e-05
9.6825e-05
9.96059e-05
9.96055e-05
9.68242e-05
9.16986e-05
8.50552e-05
7.85618e-05
0.000182819
0.000214166
0.000237106
0.000253025
0.000261274
0.000261266
0.000253003
0.000237068
0.00021407
0.000182725
0.000379818
0.000428851
0.000462204
0.000484203
0.000495205
0.000495193
0.000484176
0.000462153
0.000428723
0.000379685
0.000557645
0.000601669
0.000629378
0.000646424
0.000654556
0.000654549
0.000646409
0.000629348
0.000601592
0.00055756
0.000670013
0.000699138
0.000715573
0.000724832
0.000729014
0.000729011
0.000724827
0.000715563
0.00069911
0.000669978
0.00072805
0.00074345
0.000751104
0.000755018
0.000756685
0.000756684
0.000755017
0.000751102
0.000743445
0.000728041
0.000754258
0.000761027
0.0007639
0.000765196
0.000765705
0.000765706
0.000765196
0.000763902
0.00076103
0.000754259
0.000765408
0.000767816
0.000768567
0.000768803
0.000768868
0.000768869
0.000768804
0.00076857
0.00076782
0.000765414
0.000770546
0.000771285
0.000771321
0.000771246
0.000771195
0.000771196
0.000771247
0.000771325
0.00077129
0.000770554
3.62657e-05
3.81906e-05
3.95479e-05
4.04093e-05
4.08259e-05
4.08262e-05
4.04103e-05
3.95492e-05
3.81943e-05
3.62692e-05
7.85605e-05
8.5057e-05
9.17004e-05
9.68251e-05
9.96059e-05
9.96055e-05
9.68242e-05
9.16987e-05
8.50554e-05
7.85619e-05
0.000182829
0.000214174
0.000237109
0.000253026
0.000261274
0.000261265
0.000253003
0.000237069
0.000214074
0.000182731
0.000379834
0.000428863
0.000462208
0.000484204
0.000495204
0.000495192
0.000484176
0.000462155
0.00042873
0.000379696
0.00055766
0.000601678
0.000629381
0.000646424
0.000654555
0.000654548
0.000646408
0.000629349
0.000601598
0.000557571
0.000670023
0.000699142
0.000715574
0.000724831
0.000729013
0.00072901
0.000724826
0.000715563
0.000699113
0.000669986
0.000728056
0.000743451
0.000751103
0.000755017
0.000756684
0.000756683
0.000755016
0.000751102
0.000743447
0.000728046
0.000754261
0.000761027
0.000763899
0.000765195
0.000765704
0.000765705
0.000765195
0.000763901
0.00076103
0.000754262
0.00076541
0.000767815
0.000768566
0.000768801
0.000768867
0.000768868
0.000768803
0.000768569
0.00076782
0.000765416
0.000770548
0.000771285
0.00077132
0.000771244
0.000771194
0.000771195
0.000771246
0.000771323
0.00077129
0.000770556
3.62653e-05
3.81903e-05
3.95477e-05
4.04092e-05
4.08257e-05
4.08261e-05
4.04102e-05
3.95491e-05
3.81941e-05
3.6269e-05
7.85604e-05
8.50572e-05
9.17005e-05
9.68251e-05
9.96059e-05
9.96054e-05
9.68242e-05
9.16988e-05
8.50555e-05
7.85619e-05
0.000182839
0.000214183
0.000237112
0.000253027
0.000261274
0.000261265
0.000253003
0.000237071
0.000214079
0.000182737
0.000379851
0.000428876
0.000462213
0.000484206
0.000495204
0.000495191
0.000484176
0.000462158
0.000428738
0.000379709
0.000557675
0.000601687
0.000629384
0.000646425
0.000654555
0.000654547
0.000646408
0.000629351
0.000601604
0.000557583
0.000670033
0.000699147
0.000715575
0.000724831
0.000729012
0.000729009
0.000724826
0.000715564
0.000699117
0.000669994
0.000728061
0.000743453
0.000751103
0.000755016
0.000756683
0.000756683
0.000755016
0.000751102
0.000743448
0.000728051
0.000754264
0.000761027
0.000763898
0.000765194
0.000765704
0.000765704
0.000765195
0.0007639
0.000761031
0.000754265
0.000765412
0.000767815
0.000768565
0.0007688
0.000768866
0.000768867
0.000768802
0.000768568
0.00076782
0.000765418
0.000770549
0.000771284
0.000771319
0.000771243
0.000771193
0.000771194
0.000771245
0.000771322
0.00077129
0.000770558
3.62648e-05
3.81899e-05
3.95474e-05
4.04089e-05
4.08255e-05
4.08258e-05
4.04099e-05
3.95488e-05
3.81938e-05
3.62687e-05
7.85603e-05
8.50573e-05
9.17006e-05
9.68252e-05
9.96059e-05
9.96054e-05
9.68242e-05
9.16988e-05
8.50555e-05
7.85618e-05
0.000182851
0.000214193
0.000237118
0.000253031
0.000261277
0.000261267
0.000253007
0.000237076
0.000214086
0.000182746
0.000379872
0.000428893
0.000462222
0.000484211
0.000495208
0.000495195
0.000484181
0.000462165
0.00042875
0.000379725
0.000557693
0.0006017
0.00062939
0.000646428
0.000654557
0.000654549
0.000646411
0.000629357
0.000601614
0.000557599
0.000670045
0.000699154
0.000715578
0.000724833
0.000729013
0.00072901
0.000724827
0.000715566
0.000699123
0.000670005
0.000728068
0.000743456
0.000751104
0.000755016
0.000756683
0.000756683
0.000755016
0.000751103
0.000743451
0.000728058
0.000754268
0.000761028
0.000763898
0.000765193
0.000765703
0.000765703
0.000765194
0.0007639
0.000761032
0.00075427
0.000765415
0.000767815
0.000768564
0.000768799
0.000768866
0.000768866
0.000768801
0.000768567
0.00076782
0.000765421
0.000770551
0.000771284
0.000771318
0.000771242
0.000771192
0.000771193
0.000771244
0.000771322
0.00077129
0.00077056
3.6264e-05
3.81889e-05
3.95464e-05
4.04079e-05
4.08245e-05
4.08248e-05
4.04089e-05
3.95479e-05
3.8193e-05
3.62679e-05
7.85593e-05
8.50565e-05
9.16998e-05
9.68242e-05
9.96049e-05
9.96044e-05
9.68232e-05
9.16979e-05
8.50546e-05
7.85609e-05
0.000182867
0.000214208
0.000237128
0.000253039
0.000261284
0.000261274
0.000253013
0.000237084
0.000214096
0.000182758
0.000379899
0.000428915
0.000462236
0.000484222
0.000495216
0.000495203
0.00048419
0.000462178
0.000428767
0.000379746
0.000557717
0.000601717
0.0006294
0.000646435
0.000654562
0.000654554
0.000646417
0.000629365
0.000601628
0.000557618
0.000670061
0.000699164
0.000715584
0.000724836
0.000729015
0.000729012
0.00072483
0.000715571
0.000699132
0.000670019
0.000728078
0.000743461
0.000751106
0.000755018
0.000756684
0.000756683
0.000755017
0.000751105
0.000743456
0.000728067
0.000754274
0.000761031
0.000763899
0.000765194
0.000765703
0.000765704
0.000765195
0.000763901
0.000761034
0.000754276
0.000765419
0.000767816
0.000768564
0.0007688
0.000768866
0.000768866
0.000768801
0.000768568
0.000767822
0.000765425
0.000770554
0.000771285
0.000771318
0.000771242
0.000771192
0.000771193
0.000771244
0.000771322
0.000771291
0.000770563
3.62619e-05
3.81866e-05
3.9544e-05
4.04053e-05
4.08218e-05
4.08221e-05
4.04064e-05
3.95455e-05
3.81908e-05
3.6266e-05
7.85591e-05
8.50568e-05
9.17009e-05
9.6826e-05
9.96069e-05
9.96064e-05
9.68249e-05
9.1699e-05
8.50549e-05
7.85607e-05
0.000182902
0.000214245
0.000237164
0.000253076
0.000261321
0.000261311
0.00025305
0.000237119
0.000214131
0.00018279
0.000379962
0.000428976
0.000462292
0.000484276
0.00049527
0.000495256
0.000484243
0.000462232
0.000428823
0.000379804
0.000557776
0.000601768
0.000629444
0.000646475
0.0006546
0.000654592
0.000646457
0.000629408
0.000601676
0.000557674
0.000670102
0.000699195
0.000715608
0.000724856
0.000729035
0.000729032
0.000724851
0.000715595
0.000699162
0.00067006
0.000728103
0.000743477
0.000751118
0.000755027
0.000756692
0.000756691
0.000755026
0.000751116
0.000743472
0.000728092
0.000754289
0.000761039
0.000763904
0.000765197
0.000765706
0.000765707
0.000765198
0.000763906
0.000761042
0.00075429
0.000765428
0.000767821
0.000768567
0.000768801
0.000768867
0.000768868
0.000768803
0.00076857
0.000767826
0.000765434
0.000770561
0.000771289
0.000771321
0.000771244
0.000771194
0.000771195
0.000771246
0.000771325
0.000771295
0.000770571
3.62575e-05
3.81809e-05
3.95373e-05
4.03977e-05
4.08138e-05
4.08142e-05
4.03988e-05
3.95388e-05
3.81853e-05
3.62617e-05
7.85456e-05
8.50426e-05
9.16857e-05
9.681e-05
9.95906e-05
9.959e-05
9.6809e-05
9.16837e-05
8.50407e-05
7.85473e-05
0.000182953
0.000214299
0.000237215
0.000253128
0.000261373
0.000261363
0.0002531
0.000237169
0.000214181
0.000182837
0.000380052
0.000429064
0.000462372
0.000484352
0.000495345
0.00049533
0.000484318
0.00046231
0.000428906
0.000379889
0.000557855
0.000601838
0.000629503
0.000646527
0.000654649
0.000654641
0.000646508
0.000629466
0.000601743
0.000557751
0.00067016
0.000699241
0.000715643
0.000724885
0.00072906
0.000729057
0.000724879
0.00071563
0.000699207
0.000670116
0.000728143
0.000743508
0.00075114
0.000755044
0.000756706
0.000756706
0.000755043
0.000751139
0.000743503
0.000728132
0.000754318
0.000761062
0.000763921
0.00076521
0.000765717
0.000765718
0.000765211
0.000763923
0.000761066
0.00075432
0.00076545
0.000767839
0.000768581
0.000768813
0.000768878
0.000768878
0.000768815
0.000768585
0.000767845
0.000765458
0.000770579
0.000771303
0.000771334
0.000771257
0.000771208
0.000771208
0.000771259
0.000771338
0.000771309
0.000770589
3.62412e-05
3.81629e-05
3.95174e-05
4.03764e-05
4.07917e-05
4.07921e-05
4.03775e-05
3.9519e-05
3.81674e-05
3.62455e-05
7.85608e-05
8.50631e-05
9.17149e-05
9.68458e-05
9.96296e-05
9.96291e-05
9.68447e-05
9.17128e-05
8.5061e-05
7.85625e-05
0.000183126
0.000214504
0.000237443
0.000253375
0.000261632
0.000261621
0.000253347
0.000237395
0.000214381
0.000183006
0.000380358
0.000429385
0.000462712
0.000484705
0.000495704
0.000495689
0.00048467
0.000462648
0.000429222
0.00038019
0.000558163
0.000602121
0.000629782
0.0006468
0.000654918
0.000654909
0.000646781
0.000629743
0.000602024
0.000558055
0.00067039
0.000699425
0.000715808
0.000725036
0.000729203
0.0007292
0.000725029
0.000715794
0.00069939
0.000670345
0.000728286
0.000743606
0.000751219
0.00075511
0.000756768
0.000756767
0.00075511
0.000751217
0.0007436
0.000728275
0.000754399
0.00076111
0.000763955
0.000765237
0.000765741
0.000765742
0.000765238
0.000763958
0.000761114
0.000754401
0.000765499
0.000767866
0.0007686
0.000768828
0.00076889
0.000768891
0.000768829
0.000768604
0.000767872
0.000765506
0.000770615
0.000771327
0.000771354
0.000771275
0.000771225
0.000771225
0.000771277
0.000771358
0.000771334
0.000770625
3.6194e-05
3.81028e-05
3.94431e-05
4.0291e-05
4.07004e-05
4.07008e-05
4.02922e-05
3.94448e-05
3.81073e-05
3.61985e-05
7.84017e-05
8.48893e-05
9.15419e-05
9.66763e-05
9.94622e-05
9.94616e-05
9.66752e-05
9.15398e-05
8.48874e-05
7.84033e-05
0.000183965
0.00021544
0.000238446
0.00025445
0.000262752
0.000262741
0.000254421
0.000238396
0.000215314
0.000183841
0.000381826
0.000430902
0.000464245
0.000486261
0.000497273
0.000497258
0.000486225
0.000464179
0.000430736
0.000381653
0.000559443
0.000603322
0.000630901
0.000647864
0.000655954
0.000655945
0.000647845
0.000630862
0.000603223
0.000559334
0.000671278
0.000700185
0.000716454
0.00072561
0.000729742
0.000729738
0.000725603
0.000716441
0.00070015
0.000671233
0.000728872
0.000744086
0.000751607
0.000755439
0.000757068
0.000757068
0.000755438
0.000751605
0.000744081
0.000728861
0.000754818
0.000761454
0.000764238
0.000765479
0.000765963
0.000765963
0.00076548
0.000764241
0.000761459
0.00075482
0.000765826
0.000768144
0.000768843
0.000769048
0.0007691
0.0007691
0.000769049
0.000768847
0.00076815
0.000765834
0.000770892
0.000771574
0.000771592
0.000771511
0.00077146
0.00077146
0.000771513
0.000771596
0.000771581
0.000770903
3.6171e-05
3.80731e-05
3.94191e-05
4.02747e-05
4.06892e-05
4.06896e-05
4.02759e-05
3.94208e-05
3.80778e-05
3.61757e-05
7.86023e-05
8.51794e-05
9.18386e-05
9.6969e-05
9.97504e-05
9.97498e-05
9.69677e-05
9.18363e-05
8.51767e-05
7.8605e-05
0.000183141
0.000214536
0.000237556
0.000253514
0.00026178
0.000261768
0.000253485
0.000237505
0.000214406
0.000183011
0.000380717
0.000429731
0.000463196
0.000485242
0.000496267
0.000496251
0.000485205
0.000463127
0.000429559
0.000380535
0.000558861
0.000602736
0.00063048
0.000647498
0.000655614
0.000655605
0.000647478
0.000630439
0.000602634
0.000558745
0.00067113
0.000699983
0.000716353
0.000725519
0.000729654
0.000729651
0.000725513
0.000716339
0.000699948
0.000671082
0.000728863
0.000743972
0.000751521
0.000755333
0.000756951
0.00075695
0.000755333
0.00075152
0.000743968
0.000728852
0.000754783
0.000761322
0.000764102
0.000765317
0.000765787
0.000765788
0.000765318
0.000764106
0.000761328
0.000754786
0.000765723
0.000767978
0.000768671
0.000768858
0.0007689
0.000768901
0.00076886
0.000768675
0.000767985
0.000765732
0.000770735
0.000771382
0.000771405
0.000771322
0.00077127
0.000771271
0.000771325
0.00077141
0.000771389
0.000770747
3.53055e-05
3.70706e-05
3.82208e-05
3.89362e-05
3.92764e-05
3.92767e-05
3.89372e-05
3.82225e-05
3.70754e-05
3.53091e-05
7.74584e-05
8.34915e-05
9.04658e-05
9.58769e-05
9.88277e-05
9.88268e-05
9.5875e-05
9.04623e-05
8.34866e-05
7.74625e-05
0.000199457
0.000232262
0.00025769
0.000275333
0.0002845
0.000284488
0.000275302
0.00025763
0.000232122
0.000199332
0.000407201
0.000456171
0.000491401
0.000514158
0.000525486
0.000525471
0.000514125
0.000491332
0.000456007
0.000407053
0.000582401
0.000623855
0.000651437
0.000667806
0.000675533
0.000675525
0.000667791
0.000651401
0.000623772
0.000582326
0.000688116
0.00071381
0.000729153
0.000737389
0.00074105
0.000741047
0.000737385
0.000729144
0.000713789
0.0006881
0.000740372
0.000752992
0.000759599
0.000762724
0.000764012
0.000764012
0.000762725
0.000759601
0.000752996
0.00074038
0.000762998
0.000767911
0.00077005
0.000770847
0.000771122
0.000771123
0.000770849
0.000770055
0.000767921
0.000763013
0.000772248
0.000773461
0.00077378
0.000773761
0.000773713
0.000773714
0.000773764
0.000773786
0.000773472
0.000772266
0.000776584
0.0007766
0.000776505
0.000776398
0.000776347
0.000776348
0.000776402
0.000776513
0.000776611
0.000776604
9.72063e-06
1.0203e-05
1.06107e-05
1.09035e-05
1.10514e-05
1.1033e-05
1.08768e-05
1.05808e-05
1.0171e-05
9.69475e-06
0.000400044
0.00045921
0.000501629
0.000526916
0.000537942
0.000538845
0.000527893
0.000503176
0.000460983
0.000400719
0.000747122
0.00076861
0.000779059
0.000783588
0.000785274
0.000785408
0.000783941
0.000779664
0.000769437
0.000747886
0.00078929
0.000791109
0.000791528
0.000791518
0.00079147
0.000791417
0.000791505
0.000791544
0.000791103
0.000789233
0.000790559
0.000790371
0.000790219
0.000790127
0.000790086
0.000790059
0.000790105
0.000790204
0.000790333
0.000790483
0.000789998
0.000789883
0.000789843
0.000789828
0.000789822
0.000789814
0.000789821
0.000789839
0.000789874
0.000789974
0.000789827
0.000789802
0.0007898
0.000789801
0.000789802
0.0007898
0.0007898
0.000789801
0.000789804
0.000789827
0.000789801
0.000789799
0.000789801
0.000789803
0.000789804
0.000789803
0.000789803
0.000789803
0.000789802
0.000789806
0.0007898
0.000789801
0.000789803
0.000789805
0.000789805
0.000789805
0.000789804
0.000789804
0.000789805
0.000789806
0.000789802
0.000789803
0.000789804
0.000789806
0.000789807
0.000789806
0.000789805
0.000789804
0.000789805
0.000789806
1.72181e-05
1.74017e-05
1.75897e-05
1.77505e-05
1.78124e-05
1.78138e-05
1.77574e-05
1.76246e-05
1.74639e-05
1.73184e-05
0.000185001
0.000216986
0.000243526
0.000261962
0.000272279
0.000272576
0.000262227
0.000243004
0.000216024
0.000183706
0.000547129
0.000601778
0.000637162
0.00065828
0.000669056
0.000669778
0.000659657
0.000638635
0.000603621
0.000548653
0.000744405
0.00076269
0.000771407
0.000775783
0.000778058
0.00077814
0.000776115
0.000771892
0.000763502
0.000745392
0.000781665
0.00078491
0.000785936
0.000786343
0.000786649
0.000786637
0.00078641
0.000786012
0.000785026
0.000781753
0.000786208
0.000786448
0.000786408
0.000786376
0.000786417
0.000786424
0.000786427
0.000786455
0.000786477
0.000786167
0.000786331
0.000786238
0.000786174
0.00078615
0.000786169
0.000786189
0.00078621
0.000786238
0.000786287
0.000786332
0.000786181
0.00078612
0.000786093
0.000786087
0.000786104
0.000786129
0.00078615
0.000786167
0.000786187
0.000786223
0.000786114
0.000786086
0.000786074
0.000786075
0.000786091
0.000786115
0.000786136
0.00078615
0.000786161
0.000786177
0.000786091
0.000786075
0.00078607
0.000786077
0.000786095
0.000786116
0.000786134
0.000786147
0.000786155
0.000786164
2.45641e-05
2.47531e-05
2.48962e-05
2.50138e-05
2.51049e-05
2.52847e-05
2.52332e-05
2.51514e-05
2.50294e-05
2.47811e-05
0.000129612
0.000149318
0.000166286
0.000178374
0.00018425
0.000184042
0.000178582
0.000166172
0.000149656
0.000131636
0.00039715
0.000452326
0.000492306
0.000517626
0.000529932
0.000530468
0.000518441
0.000492308
0.000452838
0.000398661
0.000665906
0.00070287
0.000723422
0.000734467
0.000739387
0.000740703
0.000735774
0.000724646
0.000705541
0.000670943
0.000757376
0.000769503
0.000774661
0.000776957
0.000777883
0.000778354
0.000777448
0.000775146
0.000770595
0.000759655
0.000778351
0.000781173
0.000781986
0.000782234
0.000782323
0.000782434
0.000782343
0.000782064
0.000781409
0.000778961
0.000782101
0.000782571
0.000782597
0.000782561
0.000782543
0.000782561
0.000782557
0.000782549
0.000782533
0.000782153
0.000782566
0.000782594
0.000782547
0.000782504
0.000782485
0.000782482
0.000782474
0.000782469
0.000782484
0.000782461
0.000782564
0.000782542
0.000782507
0.000782475
0.000782462
0.000782457
0.000782444
0.000782427
0.000782418
0.000782423
0.000782538
0.000782518
0.000782493
0.000782472
0.000782467
0.000782465
0.000782449
0.000782423
0.000782401
0.000782394
3.00827e-05
3.06479e-05
3.0971e-05
3.11153e-05
3.13892e-05
3.17289e-05
3.1459e-05
3.11759e-05
3.07229e-05
2.98455e-05
0.000106846
0.000120982
0.00013451
0.000145299
0.000147452
0.000145022
0.000144047
0.000136272
0.000126093
0.000117031
0.00030536
0.000354444
0.000391303
0.000419815
0.000426157
0.000420079
0.00040889
0.00038329
0.000338323
0.00027783
0.000580959
0.000630449
0.000660647
0.00068045
0.000684197
0.000682897
0.000676146
0.000658269
0.000623587
0.000563516
0.000718622
0.000742203
0.000753864
0.00076004
0.000760977
0.000761066
0.000759242
0.000753604
0.000741643
0.000717114
0.000763968
0.000772046
0.000775189
0.000776491
0.000776451
0.000776401
0.000775998
0.000774757
0.000771747
0.000764239
0.000776082
0.000778391
0.00077906
0.000779215
0.00077898
0.000778792
0.000778626
0.000778401
0.00077784
0.000775957
0.000778895
0.00077951
0.000779633
0.000779575
0.000779322
0.0007791
0.000778946
0.000778869
0.000778797
0.000778403
0.000779494
0.000779681
0.000779702
0.0007796
0.000779356
0.000779139
0.000778983
0.000778903
0.00077888
0.000778802
0.00077963
0.000779713
0.000779707
0.000779589
0.000779362
0.000779161
0.000779003
0.0007789
0.000778859
0.000778832
3.3391e-05
3.4439e-05
3.49473e-05
3.50032e-05
3.52917e-05
3.51568e-05
3.48841e-05
3.42787e-05
3.33298e-05
3.17558e-05
9.43888e-05
0.000106151
0.000121016
0.000137895
0.000136086
0.00012828
0.0001295
0.00012548
0.000119136
0.000115484
0.000253586
0.000296485
0.000324702
0.000335055
0.000357261
0.000354519
0.000337909
0.000308876
0.00026563
0.000216762
0.000511012
0.000565148
0.000597704
0.000613365
0.000625945
0.000623717
0.000613229
0.000587006
0.000539354
0.000470623
0.000676393
0.000709488
0.000727089
0.000736465
0.000739185
0.000737809
0.000734038
0.000723457
0.000701158
0.00066324
0.00074558
0.000759852
0.000766203
0.000769295
0.000769593
0.000768894
0.000767843
0.000764763
0.000757168
0.000742248
0.000768648
0.000773727
0.000775607
0.000776451
0.0007762
0.000775669
0.00077543
0.000774862
0.000772905
0.000768028
0.000775331
0.00077701
0.000777583
0.000777844
0.000777482
0.000776984
0.00077691
0.000776988
0.00077673
0.000775351
0.000777128
0.000777739
0.000778001
0.000778128
0.000777744
0.000777257
0.000777182
0.000777382
0.000777551
0.000777217
0.000777636
0.000777948
0.000778144
0.00077822
0.00077783
0.000777351
0.000777224
0.000777403
0.000777673
0.000777655
3.50356e-05
3.64562e-05
3.70072e-05
3.68243e-05
3.64661e-05
3.42994e-05
3.4876e-05
3.4182e-05
3.28564e-05
3.09012e-05
8.68714e-05
9.77694e-05
0.000117389
0.000135057
0.000143885
0.000130201
0.000127801
0.000125746
0.00012151
0.000118551
0.000226241
0.000263332
0.000276406
0.000276313
0.000311737
0.000334179
0.000308176
0.000278292
0.000240401
0.000200935
0.000464311
0.000517383
0.000542517
0.000551261
0.00058058
0.000588603
0.000568798
0.000537368
0.000486118
0.000420559
0.00064151
0.000680123
0.000700434
0.000711706
0.00072159
0.000720423
0.000711889
0.000695858
0.000665098
0.000619494
0.000727748
0.000747229
0.000756417
0.000761821
0.000765096
0.000764415
0.000761851
0.000756161
0.000743141
0.000720975
0.000760818
0.000768735
0.000771974
0.000774266
0.000775897
0.000775871
0.000775538
0.000774399
0.0007702
0.000761336
0.000771701
0.00077459
0.000775744
0.000777146
0.000778384
0.000778467
0.000778747
0.000779143
0.000778293
0.000775163
0.000774972
0.000776072
0.00077672
0.00077801
0.000779122
0.000779117
0.00077945
0.000780273
0.000780529
0.000779509
0.000775967
0.00077655
0.000777186
0.000778524
0.00077953
0.0007794
0.000779604
0.000780498
0.000781177
0.00078092
3.57588e-05
3.74116e-05
3.78632e-05
3.7277e-05
3.55399e-05
2.98521e-05
3.15468e-05
3.12218e-05
2.97999e-05
2.78563e-05
8.29746e-05
9.3441e-05
0.000118496
0.000129064
0.00013458
0.000151451
0.000138657
0.000134276
0.000130567
0.000121798
0.000209944
0.000242882
0.000244745
0.000242575
0.000285932
0.000353198
0.000313964
0.000282941
0.000251272
0.000218203
0.000434418
0.000485142
0.000501544
0.00050479
0.000556844
0.000589558
0.000556587
0.000521228
0.000474204
0.000417187
0.000615178
0.000656616
0.000677616
0.000690014
0.000716267
0.000719686
0.000703968
0.00068256
0.000648937
0.000603197
0.000711988
0.000735395
0.00074706
0.000755258
0.000766211
0.000767675
0.000762536
0.00075333
0.000736516
0.000710676
0.000752906
0.000763437
0.000768261
0.000772735
0.000779268
0.000781361
0.000780628
0.000777677
0.000770834
0.000758809
0.000767669
0.00077188
0.000773911
0.000777153
0.000782507
0.000784626
0.000785372
0.0007849
0.000782342
0.000777129
0.000772513
0.000774274
0.000775616
0.000778751
0.000783624
0.000785414
0.000786585
0.000787023
0.000786034
0.000783532
0.000774107
0.000775158
0.000776581
0.000779859
0.000784345
0.000785747
0.000786966
0.000787767
0.000787556
0.000786009
3.60605e-05
3.78367e-05
3.81615e-05
3.71182e-05
3.36411e-05
2.47388e-05
2.62898e-05
2.63513e-05
2.51673e-05
2.3549e-05
8.11412e-05
9.12955e-05
0.000120405
0.00013034
0.000131334
0.000190721
0.000160141
0.000147026
0.000141215
0.000129707
0.000199123
0.000229363
0.000225843
0.000225133
0.000265952
0.000389752
0.000347085
0.000306793
0.000277652
0.000250101
0.00041384
0.000462475
0.000473385
0.000472155
0.000451349
0.000550314
0.0005743
0.000531216
0.000488454
0.000440919
0.00059524
0.000638128
0.000659759
0.00067301
0.000718931
0.000626601
0.000634914
0.000684055
0.000651106
0.000609509
0.000698682
0.000725036
0.000739454
0.000751416
0.000772656
0.000659787
0.000655357
0.000705401
0.000736309
0.000710537
0.000745556
0.000758504
0.000765684
0.000773486
0.000784405
0.00066648
0.000661859
0.000708668
0.000762075
0.000758069
0.00076369
0.000769459
0.000773302
0.000779116
0.000786359
0.000659935
0.000658589
0.000702312
0.000763213
0.0007772
0.000770089
0.000772937
0.000775933
0.000781063
0.000786148
0.0006448
0.000649892
0.000686359
0.000749464
0.00078441
0.000772437
0.000774482
0.000777594
0.000782287
0.000785424
0.000631609
0.000639316
0.00066039
0.000709197
0.000787651
3.61744e-05
3.80161e-05
3.82548e-05
3.68616e-05
3.18545e-05
2.13522e-05
2.19326e-05
2.22167e-05
2.12326e-05
1.99802e-05
8.02291e-05
9.00584e-05
0.000121239
0.000134219
0.000132927
0.00020076
0.000186692
0.00015775
0.000148449
0.000141966
0.000191861
0.000220781
0.000215698
0.000217663
0.000253775
0.000316406
0.00039206
0.000334616
0.000303374
0.000275517
0.000399694
0.000447137
0.000456021
0.000451663
0.000312525
0.000413105
0.000544003
0.000549681
0.000507781
0.000464405
0.000580826
0.00062461
0.000647382
0.00066257
0.000518412
0.000463172
0.000592657
0.000689609
0.000656812
0.000618932
0.000688467
0.000717041
0.000734516
0.000751395
0.000591238
0.000469558
0.000611338
0.000755314
0.000734887
0.000710633
0.000739674
0.0007548
0.000765121
0.000777811
0.000569292
0.000457727
0.000612958
0.000780596
0.000768046
0.000754563
0.000760546
0.000768057
0.000774793
0.000784604
0.000533194
0.000438741
0.000604591
0.000789613
0.000780657
0.00077291
0.000768347
0.00077271
0.000778519
0.000786489
0.000492747
0.000418272
0.000594088
0.000793343
0.000785797
0.00078026
0.000771484
0.00077509
0.000780933
0.000786852
0.000454858
0.000399622
0.000578286
0.000744251
0.000788904
0.000783736
3.62223e-05
3.80982e-05
3.82997e-05
3.66997e-05
3.06567e-05
1.92825e-05
1.92905e-05
1.97383e-05
1.88943e-05
1.78501e-05
7.97162e-05
8.91782e-05
0.000120991
0.000137916
0.000134896
0.000207491
0.000212189
0.000164626
0.000150559
0.000139591
0.000187402
0.000215822
0.000211161
0.000215279
0.000247133
0.00029006
0.000431922
0.000355548
0.000319642
0.000288171
0.000390829
0.000437699
0.000446584
0.000440618
0.00026859
0.00035597
0.000595004
0.000563776
0.000520336
0.000476837
0.000571432
0.000615755
0.00064002
0.000657073
0.000404886
0.000395051
0.000658317
0.000692962
0.000659681
0.00062293
0.000681542
0.000711679
0.000732134
0.000753737
0.000441653
0.000397772
0.000691244
0.00075331
0.000732057
0.000708509
0.000735621
0.000752547
0.00076622
0.000783948
0.000416432
0.00038618
0.000704305
0.000777007
0.000763246
0.000749942
0.000758501
0.00076772
0.000777747
0.000791724
0.000386215
0.000369952
0.000705614
0.000785779
0.000775454
0.000767663
0.000767466
0.000773501
0.000782364
0.000792759
0.000355972
0.000353498
0.00070301
0.00078964
0.000780546
0.000774946
0.000771327
0.000776691
0.000785171
0.000719525
0.000327367
0.000338884
0.000691037
0.000792298
0.00078356
0.000778328
3.62421e-05
3.8138e-05
3.83316e-05
3.66374e-05
3.00011e-05
1.80062e-05
1.77634e-05
1.82927e-05
1.75538e-05
1.66311e-05
7.94066e-05
8.85392e-05
0.000120281
0.000140361
0.000136452
0.000212137
0.000231955
0.000168802
0.000150821
0.00013633
0.000184912
0.00021329
0.000209603
0.000215003
0.000242958
0.000285861
0.000459113
0.000368159
0.000327629
0.000291886
0.000385734
0.00043248
0.000441998
0.000435486
0.000259705
0.000342463
0.000640975
0.000572181
0.00052649
0.00048088
0.000565815
0.000610557
0.000636138
0.00065416
0.000369852
0.000378606
0.000738377
0.000694718
0.00066058
0.000623186
0.00067727
0.000708509
0.000731294
0.000756003
0.000393554
0.000380494
0.000779471
0.000751526
0.00072978
0.000705975
0.000733109
0.000751423
0.000767818
0.000788909
0.000368836
0.000371025
0.000793391
0.000774005
0.000759843
0.000746354
0.000757345
0.000768001
0.000780669
0.00078523
0.000341933
0.000358865
0.000797194
0.000782429
0.000771771
0.000763876
0.000767194
0.000774687
0.000785862
0.000693766
0.000316921
0.00034659
0.000797884
0.000786145
0.000776744
0.000771141
0.000771653
0.00077852
0.000788838
0.000594798
0.000293791
0.000333216
0.000797693
0.000788669
0.000779582
0.000774442
3.6248e-05
3.81554e-05
3.83534e-05
3.66269e-05
2.96721e-05
1.72162e-05
1.68968e-05
1.74459e-05
1.67752e-05
1.5922e-05
7.92228e-05
8.81276e-05
0.000119615
0.000141536
0.000137293
0.000215632
0.000244745
0.000171373
0.000150817
0.000134019
0.00018363
0.000212115
0.000209362
0.000215434
0.000240288
0.000288817
0.00047514
0.000374975
0.00033114
0.000292074
0.000383008
0.000429842
0.000440063
0.000433574
0.000261583
0.00034422
0.000648907
0.000576752
0.000529131
0.000481325
0.000562684
0.000607762
0.000634304
0.000652554
0.000362013
0.000379167
0.000740738
0.000695763
0.000660725
0.00062224
0.00067482
0.000706803
0.000731125
0.000757288
0.000380249
0.000380397
0.000779346
0.000750572
0.000728381
0.000704
0.000731671
0.000750957
0.000769147
0.000791805
0.000355593
0.000372075
0.000792278
0.000772297
0.000757896
0.000744065
0.00075676
0.000768459
0.00078282
0.000737666
0.00032971
0.000362881
0.000795644
0.000780462
0.000769683
0.000761599
0.000767219
0.000775769
0.000788352
0.00064642
0.000307116
0.000352521
0.00079608
0.000784049
0.000774592
0.000768917
0.000772109
0.000780023
0.000791301
0.000560929
0.000286687
0.000338253
0.000795698
0.000786454
0.000777343
0.00077222
3.62483e-05
3.8162e-05
3.83656e-05
3.6631e-05
2.95029e-05
1.67324e-05
1.64236e-05
1.6967e-05
1.63402e-05
1.55266e-05
7.91222e-05
8.78934e-05
0.000119168
0.000141907
0.000137593
0.000217665
0.000251999
0.000173013
0.000150953
0.000132803
0.000183016
0.000211628
0.000209551
0.000215958
0.000238619
0.000292274
0.000483916
0.000378686
0.000332836
0.000291673
0.000381636
0.000428621
0.000439406
0.000433147
0.000265278
0.000348352
0.000653259
0.000579309
0.00053039
0.00048102
0.000561034
0.000606372
0.000633537
0.000651696
0.000362751
0.000382321
0.000742082
0.000696502
0.000660787
0.000621422
0.000673493
0.000705957
0.000731174
0.000757796
0.000378484
0.000382877
0.00077935
0.000750204
0.000727667
0.000702807
0.000730898
0.000750809
0.000770027
0.000793178
0.000353304
0.000374855
0.000791757
0.000771477
0.000756891
0.000742776
0.000756495
0.000768867
0.000784164
0.000723054
0.000327408
0.000366986
0.000794906
0.000779476
0.000768596
0.00076035
0.000767339
0.000776557
0.000789849
0.000633511
0.000306166
0.000356888
0.000795232
0.000782985
0.000773477
0.000767723
0.000772507
0.000781043
0.000792685
0.00055544
0.000287119
0.000341418
0.00079476
0.000785329
0.000776198
0.000771054
3.6247e-05
3.81641e-05
3.83715e-05
3.66354e-05
2.94102e-05
1.64452e-05
1.61799e-05
1.67142e-05
1.61115e-05
1.53198e-05
7.90717e-05
8.77728e-05
0.000118921
0.00014194
0.000137623
0.000218559
0.000255769
0.000174018
0.000151159
0.00013227
0.000182737
0.000211454
0.000209798
0.000216366
0.000237623
0.000294334
0.000488531
0.000380754
0.000333786
0.000291428
0.000380978
0.000428106
0.000439281
0.000433266
0.000267871
0.00035106
0.000655635
0.000580792
0.000531107
0.000480782
0.000560202
0.00060573
0.000633271
0.000651285
0.000364582
0.000384358
0.000742874
0.000697032
0.000660895
0.000620966
0.000672805
0.000705568
0.000731265
0.000757924
0.00037912
0.000384387
0.000779437
0.000750122
0.000727358
0.000702186
0.000730503
0.000750789
0.00077054
0.000793733
0.000353347
0.00037639
0.000791574
0.000771125
0.000756408
0.000742106
0.000756386
0.000769157
0.000784917
0.000718127
0.000326987
0.00036902
0.000794614
0.000779024
0.00076806
0.000759704
0.000767458
0.000777057
0.000790652
0.000630969
0.000306656
0.000358559
0.000794897
0.00078249
0.000772926
0.000767111
0.00077279
0.000781658
0.000793377
0.000555913
0.000288238
0.000342513
0.000794382
0.000784805
0.000775638
0.000770464
3.62459e-05
3.81646e-05
3.83739e-05
3.66372e-05
2.93569e-05
1.62806e-05
1.60586e-05
1.65869e-05
1.59963e-05
1.52158e-05
7.90479e-05
8.77138e-05
0.000118798
0.000141891
0.000137561
0.00021884
0.000257634
0.000174592
0.000151337
0.000132063
0.000182616
0.000211409
0.000209993
0.000216629
0.000237052
0.000295256
0.000490912
0.000381917
0.000334362
0.000291354
0.000380673
0.000427914
0.000439337
0.0004335
0.000269152
0.000352308
0.000656925
0.000581665
0.00053156
0.000480688
0.000559799
0.000605457
0.000633217
0.000651119
0.000365834
0.000385268
0.000743339
0.000697396
0.000661021
0.000620767
0.000672463
0.000705404
0.000731345
0.000757918
0.000379933
0.000385029
0.000779531
0.000750144
0.000727247
0.00070189
0.00073031
0.000750811
0.000770818
0.000793918
0.000353785
0.000377006
0.000791529
0.00077099
0.00075619
0.000741777
0.000756349
0.000769342
0.000785308
0.000716374
0.00032701
0.000369803
0.000794513
0.00077883
0.000767807
0.000759382
0.000767549
0.000777349
0.000791051
0.000631058
0.000307184
0.000359012
0.000794778
0.000782272
0.000772663
0.000766806
0.00077297
0.000782001
0.000793698
0.000557117
0.000289013
0.000342722
0.000794239
0.00078457
0.00077537
0.000770171
3.62452e-05
3.81649e-05
3.83749e-05
3.66375e-05
2.93269e-05
1.61904e-05
1.60006e-05
1.65259e-05
1.59407e-05
1.51656e-05
7.90372e-05
8.76848e-05
0.000118739
0.000141845
0.000137491
0.000218849
0.000258529
0.000174901
0.00015146
0.00013199
0.000182567
0.000211411
0.000210125
0.00021678
0.000236731
0.000295564
0.000492122
0.000382563
0.00033471
0.000291358
0.000380539
0.000427861
0.000439431
0.000433692
0.000269639
0.000352735
0.000657613
0.000582173
0.000531849
0.000480676
0.000559612
0.000605356
0.000633239
0.000651067
0.000366411
0.000385597
0.0007436
0.000697632
0.000661131
0.000620695
0.000672301
0.000705346
0.000731407
0.000757884
0.000380397
0.000385258
0.000779599
0.00075019
0.000727222
0.000701758
0.000730221
0.000750841
0.000770964
0.000793962
0.000354087
0.000377229
0.000791526
0.000770946
0.000756098
0.000741621
0.000756342
0.000769452
0.000785503
0.000715422
0.00032708
0.000370148
0.00079448
0.00077875
0.000767691
0.000759226
0.000767609
0.000777511
0.000791239
0.000631277
0.000307477
0.000359159
0.000794735
0.000782177
0.00077254
0.000766657
0.000773077
0.000782184
0.000793839
0.000557744
0.000289406
0.000342794
0.000794181
0.000784466
0.000775245
0.000770028
3.62447e-05
3.81651e-05
3.83755e-05
3.66372e-05
2.93104e-05
1.61427e-05
1.59737e-05
1.64975e-05
1.59144e-05
1.5142e-05
7.90325e-05
8.76691e-05
0.00011871
0.000141816
0.000137439
0.000218786
0.000258949
0.00017506
0.000151534
0.000131967
0.00018255
0.000211429
0.00021021
0.000216856
0.000236549
0.000295639
0.000492717
0.00038291
0.000334918
0.000291389
0.000380487
0.000427863
0.00043952
0.000433809
0.000269791
0.000352854
0.000657963
0.00058246
0.000532032
0.000480699
0.000559533
0.000605331
0.000633282
0.000651058
0.000366662
0.000385712
0.000743738
0.000697776
0.000661214
0.000620681
0.00067223
0.000705335
0.000731452
0.000757854
0.000380646
0.00038535
0.000779638
0.000750231
0.000727227
0.000701706
0.000730183
0.000750867
0.000771041
0.000793962
0.000354274
0.000377336
0.000791529
0.000770936
0.000756063
0.000741551
0.000756345
0.000769517
0.000785598
0.000714851
0.000327156
0.000370359
0.000794468
0.000778718
0.00076764
0.000759152
0.000767646
0.000777599
0.000791326
0.000631357
0.000307636
0.000359267
0.000794718
0.000782136
0.000772483
0.000766585
0.000773138
0.000782279
0.000793898
0.000557973
0.000289611
0.000342894
0.000794156
0.000784419
0.000775186
0.000769959
3.62442e-05
3.81654e-05
3.83759e-05
3.66369e-05
2.93014e-05
1.61187e-05
1.59614e-05
1.64846e-05
1.59022e-05
1.51311e-05
7.90305e-05
8.76592e-05
0.000118693
0.000141801
0.000137406
0.000218717
0.000259138
0.000175138
0.000151579
0.000131962
0.000182549
0.00021145
0.000210264
0.000216888
0.000236442
0.000295646
0.000492992
0.00038309
0.000335045
0.000291425
0.000380474
0.000427886
0.00043959
0.000433864
0.000269829
0.000352878
0.000658127
0.000582617
0.00053215
0.000480737
0.000559506
0.000605337
0.000633325
0.000651056
0.000366779
0.000385759
0.000743803
0.000697861
0.000661275
0.000620692
0.000672203
0.000705342
0.000731486
0.000757833
0.00038079
0.000385395
0.000779656
0.00075026
0.000727242
0.000701691
0.000730171
0.00075089
0.000771084
0.000793951
0.000354387
0.000377398
0.000791532
0.000770937
0.000756052
0.000741522
0.000756351
0.000769555
0.000785645
0.00071448
0.000327214
0.000370503
0.000794464
0.000778707
0.000767619
0.000759119
0.000767669
0.000777646
0.000791366
0.000631294
0.00030772
0.000359371
0.00079471
0.000782118
0.000772459
0.000766553
0.000773171
0.000782327
0.000793921
0.000557958
0.000289717
0.000343012
0.000794144
0.000784398
0.00077516
0.000769928
3.62438e-05
3.81656e-05
3.83763e-05
3.66367e-05
2.92965e-05
1.6107e-05
1.59561e-05
1.64788e-05
1.58964e-05
1.5126e-05
7.90298e-05
8.76517e-05
0.000118681
0.000141792
0.000137383
0.000218666
0.000259216
0.000175176
0.00015161
0.000131965
0.000182554
0.000211472
0.000210301
0.000216895
0.000236373
0.000295634
0.000493104
0.000383181
0.000335128
0.000291463
0.000380479
0.000427915
0.000439642
0.000433878
0.000269831
0.000352876
0.000658192
0.000582701
0.000532232
0.000480781
0.000559503
0.000605357
0.000633362
0.000651053
0.000366838
0.000385776
0.000743828
0.000697908
0.000661321
0.000620714
0.000672198
0.000705357
0.000731513
0.000757818
0.000380877
0.000385413
0.000779663
0.000750278
0.000727258
0.000701693
0.00073017
0.000750908
0.00077111
0.000793942
0.000354451
0.000377429
0.000791532
0.000770941
0.000756052
0.000741513
0.000756358
0.000769579
0.000785671
0.000714196
0.000327243
0.000370599
0.000794462
0.000778703
0.000767611
0.000759106
0.000767684
0.000777674
0.000791386
0.000631131
0.000307758
0.000359461
0.000794707
0.000782111
0.000772448
0.000766539
0.000773191
0.000782354
0.000793931
0.000557804
0.000289766
0.000343123
0.000794138
0.000784389
0.000775149
0.000769913
3.62435e-05
3.81659e-05
3.83767e-05
3.66365e-05
2.92937e-05
1.61015e-05
1.59541e-05
1.64761e-05
1.58936e-05
1.51235e-05
7.90296e-05
8.76451e-05
0.000118672
0.000141785
0.000137367
0.000218632
0.00025924
0.000175195
0.000151631
0.000131971
0.000182562
0.000211493
0.000210328
0.000216889
0.000236325
0.000295615
0.000493134
0.000383227
0.000335188
0.000291501
0.000380492
0.000427946
0.000439681
0.000433866
0.000269822
0.000352863
0.000658204
0.000582745
0.000532292
0.000480827
0.000559512
0.00060538
0.000633393
0.000651044
0.000366866
0.000385773
0.00074383
0.000697935
0.000661358
0.00062074
0.000672203
0.000705375
0.000731535
0.000757807
0.000380929
0.000385411
0.000779662
0.000750289
0.000727273
0.000701703
0.000730175
0.000750925
0.000771128
0.000793936
0.000354487
0.000377439
0.000791531
0.000770944
0.000756056
0.000741514
0.000756365
0.000769596
0.000785686
0.000713961
0.000327254
0.000370659
0.000794461
0.000778703
0.00076761
0.000759102
0.000767693
0.000777691
0.000791397
0.000630914
0.00030777
0.000359535
0.000794706
0.000782109
0.000772445
0.000766533
0.000773202
0.000782369
0.000793935
0.000557592
0.000289784
0.000343216
0.000794136
0.000784385
0.000775144
0.000769908
3.62431e-05
3.81662e-05
3.83771e-05
3.66364e-05
2.9292e-05
1.6099e-05
1.59536e-05
1.64749e-05
1.58921e-05
1.51221e-05
7.90297e-05
8.7639e-05
0.000118663
0.00014178
0.000137355
0.00021861
0.000259238
0.000175205
0.00015165
0.000131979
0.000182572
0.000211513
0.00021035
0.000216876
0.000236287
0.000295593
0.000493123
0.000383248
0.000335237
0.000291539
0.000380509
0.000427977
0.000439712
0.00043384
0.000269807
0.000352844
0.00065819
0.000582768
0.000532342
0.000480874
0.000559526
0.000605405
0.00063342
0.000651031
0.000366879
0.000385758
0.000743822
0.000697949
0.000661388
0.000620768
0.000672212
0.000705393
0.000731554
0.000757799
0.000380962
0.000385397
0.000779658
0.000750296
0.000727286
0.000701716
0.000730181
0.00075094
0.000771143
0.000793933
0.000354508
0.000377433
0.000791529
0.000770947
0.000756061
0.000741518
0.000756372
0.00076961
0.000785698
0.000713759
0.000327254
0.000370696
0.00079446
0.000778704
0.000767611
0.000759103
0.000767701
0.000777703
0.000791405
0.00063068
0.000307768
0.000359595
0.000794706
0.000782109
0.000772445
0.000766532
0.00077321
0.00078238
0.000793938
0.000557362
0.000289788
0.000343292
0.000794136
0.000784384
0.000775143
0.000769906
3.62427e-05
3.81665e-05
3.83775e-05
3.66362e-05
2.92907e-05
1.6098e-05
1.59538e-05
1.64744e-05
1.58911e-05
1.51212e-05
7.90298e-05
8.7633e-05
0.000118655
0.000141776
0.000137344
0.000218594
0.000259222
0.000175209
0.000151666
0.000131987
0.000182582
0.000211533
0.000210369
0.00021686
0.000236255
0.000295569
0.000493091
0.000383257
0.00033528
0.000291577
0.000380526
0.000428007
0.000439739
0.000433805
0.000269789
0.000352823
0.000658163
0.000582779
0.000532385
0.000480921
0.000559542
0.00060543
0.000633444
0.000651014
0.000366884
0.000385739
0.000743807
0.000697957
0.000661415
0.000620796
0.000672223
0.000705411
0.000731572
0.000757791
0.000380986
0.000385374
0.000779652
0.0007503
0.000727299
0.000701731
0.000730189
0.000750954
0.000771157
0.000793932
0.000354521
0.000377418
0.000791527
0.000770949
0.000756066
0.000741524
0.000756378
0.000769622
0.000785708
0.000713583
0.00032725
0.000370719
0.000794459
0.000778705
0.000767614
0.000759105
0.000767707
0.000777713
0.000791412
0.000630446
0.000307759
0.000359644
0.000794706
0.00078211
0.000772446
0.000766533
0.000773216
0.000782388
0.00079394
0.000557128
0.000289784
0.000343357
0.000794136
0.000784384
0.000775144
0.000769906
3.62424e-05
3.81668e-05
3.8378e-05
3.66361e-05
2.92896e-05
1.60976e-05
1.59544e-05
1.64741e-05
1.58905e-05
1.51205e-05
7.90299e-05
8.76271e-05
0.000118647
0.000141772
0.000137334
0.000218582
0.000259199
0.000175212
0.000151681
0.000131996
0.000182592
0.000211552
0.000210386
0.000216841
0.000236225
0.000295545
0.00049305
0.000383261
0.000335319
0.000291615
0.000380545
0.000428036
0.000439763
0.000433767
0.000269771
0.0003528
0.00065813
0.000582785
0.000532425
0.000480968
0.000559559
0.000605454
0.000633465
0.000650996
0.000366887
0.000385716
0.00074379
0.000697962
0.000661441
0.000620825
0.000672235
0.000705429
0.000731588
0.000757783
0.000381008
0.000385349
0.000779646
0.000750303
0.000727311
0.000701745
0.000730197
0.000750967
0.000771169
0.000793932
0.000354531
0.000377399
0.000791524
0.000770951
0.000756072
0.000741531
0.000756384
0.000769633
0.000785718
0.000713422
0.000327243
0.000370734
0.000794458
0.000778706
0.000767617
0.000759108
0.000767712
0.000777723
0.000791418
0.000630216
0.000307749
0.000359687
0.000794707
0.000782111
0.000772448
0.000766535
0.000773221
0.000782395
0.000793942
0.000556899
0.000289777
0.000343415
0.000794137
0.000784385
0.000775145
0.000769907
3.6242e-05
3.81671e-05
3.83784e-05
3.6636e-05
2.92887e-05
1.60976e-05
1.59552e-05
1.6474e-05
1.58899e-05
1.51199e-05
7.90301e-05
8.76211e-05
0.000118639
0.000141768
0.000137325
0.000218571
0.000259173
0.000175214
0.000151695
0.000132006
0.000182602
0.000211571
0.000210403
0.000216822
0.000236196
0.00029552
0.000493005
0.000383262
0.000335356
0.000291653
0.000380563
0.000428065
0.000439786
0.000433727
0.000269752
0.000352777
0.000658093
0.000582788
0.000532463
0.000481015
0.000559576
0.000605478
0.000633487
0.000650977
0.000366891
0.000385692
0.000743771
0.000697965
0.000661464
0.000620854
0.000672247
0.000705448
0.000731605
0.000757776
0.000381029
0.000385322
0.000779639
0.000750305
0.000727322
0.000701761
0.000730206
0.000750981
0.000771182
0.000793933
0.000354541
0.000377379
0.000791522
0.000770953
0.000756077
0.000741539
0.000756391
0.000769644
0.000785727
0.000713271
0.000327237
0.000370747
0.000794458
0.000778708
0.00076762
0.000759112
0.000767718
0.000777732
0.000791424
0.000629991
0.000307737
0.000359728
0.000794708
0.000782112
0.000772449
0.000766537
0.000773226
0.000782402
0.000793944
0.000556672
0.000289769
0.000343471
0.000794138
0.000784386
0.000775146
0.000769908
3.62417e-05
3.81674e-05
3.83788e-05
3.6636e-05
2.92878e-05
1.60977e-05
1.59561e-05
1.6474e-05
1.58894e-05
1.51193e-05
7.90302e-05
8.76152e-05
0.000118631
0.000141763
0.000137316
0.00021856
0.000259146
0.000175215
0.000151709
0.000132015
0.000182612
0.00021159
0.000210419
0.000216802
0.000236168
0.000295496
0.000492957
0.000383263
0.000335391
0.000291691
0.000380582
0.000428093
0.000439808
0.000433685
0.000269734
0.000352753
0.000658055
0.00058279
0.000532499
0.000481061
0.000559593
0.000605503
0.000633507
0.000650958
0.000366893
0.000385669
0.000743752
0.000697967
0.000661488
0.000620882
0.00067226
0.000705466
0.000731621
0.000757768
0.000381049
0.000385295
0.000779632
0.000750307
0.000727334
0.000701776
0.000730214
0.000750994
0.000771194
0.000793934
0.00035455
0.000377359
0.00079152
0.000770954
0.000756082
0.000741546
0.000756397
0.000769655
0.000785737
0.000713123
0.00032723
0.000370759
0.000794458
0.000778709
0.000767623
0.000759116
0.000767723
0.00077774
0.000791431
0.000629766
0.000307725
0.000359768
0.000794709
0.000782113
0.000772452
0.000766539
0.00077323
0.000782409
0.000793946
0.000556445
0.000289761
0.000343526
0.00079414
0.000784387
0.000775148
0.00076991
3.62413e-05
3.81678e-05
3.83792e-05
3.66359e-05
2.9287e-05
1.60979e-05
1.5957e-05
1.6474e-05
1.58888e-05
1.51187e-05
7.90304e-05
8.76093e-05
0.000118623
0.000141759
0.000137307
0.00021855
0.000259119
0.000175216
0.000151722
0.000132025
0.000182622
0.000211609
0.000210435
0.000216783
0.000236141
0.000295472
0.000492909
0.000383263
0.000335426
0.000291729
0.0003806
0.000428122
0.00043983
0.000433643
0.000269715
0.00035273
0.000658016
0.000582791
0.000532535
0.000481108
0.000559611
0.000605527
0.000633528
0.000650938
0.000366894
0.000385645
0.000743732
0.000697969
0.00066151
0.000620911
0.000672273
0.000705484
0.000731637
0.000757761
0.000381068
0.000385269
0.000779624
0.000750308
0.000727345
0.000701791
0.000730223
0.000751008
0.000771207
0.000793935
0.000354559
0.000377339
0.000791518
0.000770956
0.000756088
0.000741554
0.000756403
0.000769666
0.000785746
0.000712975
0.000327223
0.00037077
0.000794458
0.000778711
0.000767626
0.000759119
0.000767728
0.000777749
0.000791437
0.000629541
0.000307714
0.000359808
0.00079471
0.000782115
0.000772454
0.000766541
0.000773234
0.000782416
0.000793949
0.000556219
0.000289753
0.000343581
0.000794141
0.000784388
0.000775149
0.000769911
3.6241e-05
3.81681e-05
3.83796e-05
3.66358e-05
2.92862e-05
1.60982e-05
1.5958e-05
1.6474e-05
1.58884e-05
1.51181e-05
7.90305e-05
8.76034e-05
0.000118614
0.000141755
0.000137298
0.000218541
0.000259091
0.000175217
0.000151735
0.000132036
0.000182632
0.000211628
0.000210452
0.000216763
0.000236113
0.000295448
0.00049286
0.000383262
0.00033546
0.000291768
0.000380619
0.000428151
0.000439852
0.0004336
0.000269696
0.000352708
0.000657977
0.000582792
0.000532571
0.000481155
0.000559628
0.000605551
0.000633548
0.000650917
0.000366894
0.000385622
0.000743712
0.00069797
0.000661533
0.000620939
0.000672285
0.000705502
0.000731653
0.000757753
0.000381087
0.000385243
0.000779617
0.00075031
0.000727356
0.000701806
0.000730232
0.000751021
0.000771219
0.000793936
0.000354566
0.000377319
0.000791515
0.000770957
0.000756093
0.000741561
0.00075641
0.000769676
0.000785756
0.000712824
0.000327215
0.000370782
0.000794457
0.000778713
0.000767629
0.000759123
0.000767733
0.000777758
0.000791443
0.000629315
0.000307702
0.000359849
0.000794711
0.000782116
0.000772456
0.000766543
0.000773239
0.000782423
0.000793951
0.000555991
0.000289744
0.000343637
0.000794142
0.000784389
0.000775151
0.000769913
3.62406e-05
3.81684e-05
3.83801e-05
3.66357e-05
2.92854e-05
1.60984e-05
1.59589e-05
1.6474e-05
1.5888e-05
1.51175e-05
7.90307e-05
8.75974e-05
0.000118606
0.000141751
0.000137289
0.000218532
0.000259063
0.000175218
0.000151748
0.000132047
0.000182642
0.000211647
0.000210468
0.000216742
0.000236085
0.000295424
0.00049281
0.000383261
0.000335493
0.000291807
0.000380637
0.00042818
0.000439875
0.000433557
0.000269676
0.000352686
0.000657937
0.000582792
0.000532606
0.000481203
0.000559646
0.000605576
0.000633569
0.000650897
0.000366894
0.000385599
0.000743692
0.000697972
0.000661555
0.000620968
0.000672298
0.00070552
0.000731669
0.000757746
0.000381104
0.000385217
0.000779609
0.000750311
0.000727366
0.000701822
0.00073024
0.000751035
0.000771232
0.000793937
0.000354573
0.000377299
0.000791513
0.000770959
0.000756098
0.000741569
0.000756416
0.000769687
0.000785765
0.000712667
0.000327207
0.000370794
0.000794457
0.000778714
0.000767632
0.000759127
0.000767739
0.000777766
0.000791449
0.000629085
0.000307689
0.00035989
0.000794712
0.000782118
0.000772458
0.000766545
0.000773243
0.000782429
0.000793953
0.00055576
0.000289735
0.000343692
0.000794144
0.00078439
0.000775152
0.000769915
3.62403e-05
3.81687e-05
3.83805e-05
3.66356e-05
2.92846e-05
1.60987e-05
1.59598e-05
1.6474e-05
1.58875e-05
1.51169e-05
7.90308e-05
8.75915e-05
0.000118598
0.000141747
0.00013728
0.000218519
0.000259035
0.000175219
0.00015176
0.000132058
0.000182653
0.000211666
0.000210485
0.000216722
0.000236058
0.000295398
0.000492762
0.00038326
0.000335527
0.000291846
0.000380656
0.000428209
0.000439897
0.000433515
0.000269656
0.000352659
0.000657898
0.000582793
0.000532641
0.00048125
0.000559663
0.0006056
0.000633591
0.000650877
0.000366894
0.000385572
0.000743672
0.000697973
0.000661577
0.000620996
0.000672311
0.000705538
0.000731686
0.000757739
0.000381122
0.000385189
0.000779602
0.000750312
0.000727377
0.000701837
0.000730249
0.000751049
0.000771244
0.000793939
0.000354579
0.000377279
0.000791511
0.00077096
0.000756104
0.000741576
0.000756423
0.000769698
0.000785775
0.000712504
0.000327199
0.000370807
0.000794457
0.000778716
0.000767635
0.000759131
0.000767744
0.000777775
0.000791456
0.000628854
0.000307677
0.000359931
0.000794713
0.000782119
0.00077246
0.000766548
0.000773248
0.000782436
0.000793955
0.000555529
0.000289727
0.000343749
0.000794145
0.000784392
0.000775154
0.000769916
3.62399e-05
3.8169e-05
3.83809e-05
3.66355e-05
2.92837e-05
1.6099e-05
1.59608e-05
1.6474e-05
1.58871e-05
1.51163e-05
7.9031e-05
8.75855e-05
0.00011859
0.000141742
0.000137271
0.00021851
0.000259008
0.000175221
0.000151773
0.00013207
0.000182663
0.000211685
0.000210502
0.000216702
0.00023603
0.000295373
0.000492714
0.000383259
0.00033556
0.000291885
0.000380675
0.000428238
0.00043992
0.000433472
0.000269638
0.000352635
0.00065786
0.000582793
0.000532675
0.000481296
0.000559681
0.000605625
0.000633612
0.000650856
0.000366893
0.000385545
0.000743652
0.000697974
0.000661599
0.000621025
0.000672323
0.000705557
0.000731703
0.000757732
0.000381139
0.000385162
0.000779594
0.000750313
0.000727388
0.000701852
0.000730258
0.000751062
0.000771257
0.00079394
0.000354585
0.00037726
0.000791508
0.000770961
0.000756109
0.000741583
0.000756429
0.000769709
0.000785785
0.000712337
0.00032719
0.00037082
0.000794456
0.000778717
0.000767638
0.000759134
0.000767749
0.000777784
0.000791462
0.00062862
0.000307665
0.000359972
0.000794715
0.000782121
0.000772462
0.00076655
0.000773252
0.000782443
0.000793958
0.000555296
0.000289718
0.000343805
0.000794146
0.000784393
0.000775155
0.000769917
3.62395e-05
3.81693e-05
3.83813e-05
3.66354e-05
2.92829e-05
1.60992e-05
1.59617e-05
1.6474e-05
1.58867e-05
1.51156e-05
7.90312e-05
8.75795e-05
0.000118581
0.000141738
0.000137262
0.000218503
0.000258981
0.000175223
0.000151785
0.000132082
0.000182673
0.000211705
0.000210519
0.000216682
0.000236003
0.000295348
0.000492666
0.000383259
0.000335592
0.000291925
0.000380694
0.000428268
0.000439943
0.000433429
0.000269617
0.000352612
0.00065782
0.000582793
0.000532709
0.000481341
0.000559699
0.00060565
0.000633634
0.000650836
0.000366894
0.000385523
0.000743632
0.000697975
0.000661621
0.000621055
0.000672336
0.000705576
0.00073172
0.000757725
0.000381155
0.000385137
0.000779587
0.000750314
0.000727398
0.000701867
0.000730266
0.000751076
0.00077127
0.000793942
0.000354589
0.00037724
0.000791506
0.000770963
0.000756114
0.000741591
0.000756436
0.00076972
0.000785795
0.000712166
0.000327181
0.000370833
0.000794456
0.000778718
0.000767641
0.000759138
0.000767754
0.000777793
0.000791469
0.000628381
0.000307652
0.000360013
0.000794716
0.000782122
0.000772464
0.000766552
0.000773257
0.00078245
0.00079396
0.000555055
0.000289709
0.000343861
0.000794148
0.000784394
0.000775157
0.000769919
3.62391e-05
3.81696e-05
3.83817e-05
3.66352e-05
2.9282e-05
1.60995e-05
1.59627e-05
1.6474e-05
1.58863e-05
1.5115e-05
7.90313e-05
8.75735e-05
0.000118573
0.000141734
0.000137253
0.000218506
0.000258952
0.000175224
0.000151797
0.000132095
0.000182684
0.000211725
0.000210537
0.000216663
0.000235976
0.000295318
0.000492615
0.000383258
0.000335624
0.000291965
0.000380713
0.000428299
0.000439966
0.000433386
0.000269596
0.000352595
0.000657781
0.000582794
0.000532742
0.000481388
0.000559717
0.000605676
0.000633656
0.000650816
0.000366885
0.000385496
0.000743612
0.000697976
0.000661642
0.000621084
0.00067235
0.000705595
0.000731737
0.000757718
0.00038116
0.000385103
0.00077958
0.000750316
0.000727409
0.000701882
0.000730276
0.000751091
0.000771284
0.000793944
0.000354585
0.000377213
0.000791504
0.000770964
0.000756119
0.000741598
0.000756442
0.000769731
0.000785805
0.000711953
0.000327165
0.00037084
0.000794457
0.00077872
0.000767644
0.000759142
0.00076776
0.000777802
0.000791476
0.000628112
0.000307631
0.000360046
0.000794718
0.000782124
0.000772466
0.000766554
0.000773261
0.000782457
0.000793963
0.000554786
0.000289693
0.000343911
0.00079415
0.000784395
0.000775158
0.000769921
3.62387e-05
3.81698e-05
3.8382e-05
3.6635e-05
2.92808e-05
1.60997e-05
1.59637e-05
1.64741e-05
1.5886e-05
1.51144e-05
7.90313e-05
8.75676e-05
0.000118566
0.00014173
0.000137244
0.00021851
0.000258916
0.000175225
0.000151809
0.000132107
0.000182696
0.000211746
0.000210554
0.000216643
0.000235951
0.000295285
0.000492556
0.000383253
0.000335655
0.000292005
0.000380735
0.000428331
0.00043999
0.000433343
0.000269565
0.000352573
0.000657737
0.00058279
0.000532774
0.000481434
0.000559738
0.000605704
0.000633679
0.000650797
0.000366856
0.000385463
0.00074359
0.000697975
0.000661662
0.000621114
0.000672365
0.000705616
0.000731756
0.000757713
0.000381149
0.000385061
0.000779571
0.000750315
0.000727418
0.000701897
0.000730286
0.000751106
0.000771298
0.000793947
0.000354567
0.000377182
0.000791501
0.000770965
0.000756124
0.000741605
0.00075645
0.000769744
0.000785816
0.00071166
0.000327136
0.000370852
0.000794456
0.000778721
0.000767646
0.000759146
0.000767766
0.000777813
0.000791483
0.000627795
0.000307603
0.000360081
0.000794719
0.000782124
0.000772468
0.000766556
0.000773267
0.000782466
0.000793966
0.000554467
0.000289672
0.000343966
0.000794152
0.000784396
0.00077516
0.000769922
3.62379e-05
3.81698e-05
3.83822e-05
3.66346e-05
2.92792e-05
1.60998e-05
1.59647e-05
1.64743e-05
1.58857e-05
1.51141e-05
7.90306e-05
8.75598e-05
0.000118559
0.000141725
0.000137233
0.000218457
0.00025889
0.000175227
0.000151824
0.000132121
0.00018271
0.00021177
0.000210571
0.000216623
0.000235925
0.000295205
0.000492515
0.000383251
0.000335688
0.000292044
0.00038076
0.000428366
0.000440014
0.000433303
0.000269521
0.000352432
0.000657703
0.000582789
0.000532808
0.000481479
0.00055976
0.000605733
0.000633703
0.000650781
0.000366765
0.000385307
0.000743574
0.000697976
0.000661684
0.000621144
0.000672381
0.000705638
0.000731777
0.000757713
0.000381052
0.000384912
0.000779568
0.000750317
0.000727429
0.000701912
0.000730297
0.000751123
0.000771316
0.000793955
0.000354463
0.00037705
0.000791504
0.000770968
0.000756129
0.000741613
0.000756458
0.000769757
0.00078583
0.000710999
0.000327036
0.000370784
0.000794462
0.000778724
0.00076765
0.000759149
0.000767773
0.000777825
0.000791494
0.000627207
0.000307507
0.000360027
0.000794727
0.000782128
0.000772471
0.000766559
0.000773273
0.000782476
0.000793973
0.000553922
0.00028959
0.000343941
0.00079416
0.0007844
0.000775162
0.000769924
3.62364e-05
3.81693e-05
3.83816e-05
3.66331e-05
2.92741e-05
1.60993e-05
1.59659e-05
1.64746e-05
1.58858e-05
1.51138e-05
7.90295e-05
8.75526e-05
0.000118561
0.000141727
0.00013722
0.000218416
0.000258805
0.000175214
0.000151827
0.000132128
0.000182737
0.000211811
0.000210593
0.00021661
0.00023591
0.000295083
0.000492421
0.000383213
0.000335702
0.000292065
0.000380806
0.000428426
0.000440046
0.000433265
0.000269417
0.000352271
0.000657641
0.000582752
0.000532819
0.000481501
0.000559803
0.000605786
0.000633742
0.000650773
0.000366584
0.00038518
0.000743537
0.000697951
0.000661687
0.000621154
0.000672413
0.000705677
0.000731812
0.000757723
0.00038086
0.000384834
0.000779546
0.000750302
0.000727428
0.000701915
0.000730318
0.000751152
0.000771345
0.00079397
0.000354293
0.000377051
0.000791493
0.000770957
0.000756127
0.000741613
0.000756473
0.00076978
0.000785851
0.000709846
0.000326904
0.000370891
0.000794459
0.000778716
0.000767648
0.000759149
0.000767785
0.000777846
0.000791511
0.000626391
0.000307392
0.000360087
0.000794731
0.00078212
0.000772469
0.000766559
0.000773284
0.000782495
0.00079398
0.000553052
0.000289514
0.00034405
0.000794168
0.000784391
0.000775159
0.000769923
3.62329e-05
3.81681e-05
3.83804e-05
3.66308e-05
2.92682e-05
1.60986e-05
1.59677e-05
1.64761e-05
1.58871e-05
1.51157e-05
7.9017e-05
8.75251e-05
0.00011855
0.000141729
0.000137211
0.000218308
0.000258829
0.000175235
0.000151869
0.000132167
0.000182779
0.000211871
0.000210618
0.00021659
0.000235906
0.00029458
0.000492422
0.000383208
0.000335738
0.000292097
0.000380876
0.000428508
0.000440087
0.000433241
0.00026925
0.000351431
0.000657657
0.000582745
0.000532842
0.000481525
0.000559862
0.000605849
0.000633795
0.000650797
0.000365908
0.00038409
0.000743572
0.000697957
0.0006617
0.000621168
0.000672454
0.000705724
0.000731867
0.000757779
0.00037989
0.0003837
0.000779591
0.000750316
0.000727436
0.000701924
0.000730346
0.000751189
0.000771399
0.000794029
0.000353306
0.00037597
0.000791543
0.000770978
0.000756134
0.000741619
0.000756495
0.000769813
0.000785894
0.000705332
0.000326029
0.000370032
0.000794514
0.000778741
0.000767656
0.000759155
0.000767804
0.000777881
0.000791553
0.000623132
0.000306628
0.000359126
0.00079479
0.00078215
0.000772479
0.000766564
0.000773304
0.000782533
0.000794016
0.000550191
0.000288852
0.000343209
0.000794234
0.000784424
0.000775173
0.000769929
3.62213e-05
3.81606e-05
3.83702e-05
3.66176e-05
2.92311e-05
1.60922e-05
1.59703e-05
1.64782e-05
1.58907e-05
1.5118e-05
7.90234e-05
8.75127e-05
0.000118646
0.000141787
0.000137191
0.000218667
0.000258313
0.000175074
0.000151707
0.000132052
0.0001829
0.00021205
0.00021065
0.00021661
0.000236015
0.000293974
0.000491899
0.000382865
0.000335536
0.000291921
0.000381063
0.000428751
0.000440136
0.000433235
0.000268628
0.000350908
0.000657399
0.000582427
0.000532639
0.000481304
0.000560043
0.000606066
0.000633933
0.000650867
0.000364536
0.000383612
0.000743414
0.000697745
0.000661539
0.000620998
0.00067259
0.000705889
0.000732018
0.000757917
0.00037837
0.000383441
0.000779484
0.000750181
0.000727334
0.000701809
0.000730434
0.000751305
0.000771536
0.000794147
0.000351917
0.000376116
0.000791485
0.000770882
0.000756069
0.00074155
0.000756551
0.000769904
0.000786011
0.000696787
0.000325173
0.00037102
0.000794508
0.000778662
0.00076761
0.000759114
0.00076785
0.000777972
0.000791646
0.000618329
0.000305884
0.000359263
0.000794825
0.000782074
0.000772437
0.000766536
0.000773352
0.000782623
0.000794059
0.000544845
0.000288339
0.000343686
0.00079425
0.000784342
0.000775125
0.000769901
3.61923e-05
3.8141e-05
3.83575e-05
3.65938e-05
2.91677e-05
1.60849e-05
1.59842e-05
1.64962e-05
1.59065e-05
1.5142e-05
7.88661e-05
8.73284e-05
0.000118626
0.000141995
0.000137096
0.000217641
0.000258034
0.000175218
0.000152231
0.000132682
0.00018351
0.000212748
0.000210969
0.00021676
0.000236334
0.000289482
0.000491493
0.000382466
0.000335504
0.000292
0.000382102
0.000429769
0.000440674
0.000433443
0.00026674
0.000344516
0.000657439
0.000581983
0.000532392
0.00048107
0.000560918
0.000606883
0.000634526
0.00065131
0.000358569
0.000375681
0.000743617
0.000697571
0.00066136
0.000620812
0.000673189
0.000706475
0.000732574
0.000758459
0.000370502
0.000375687
0.000779758
0.000750197
0.000727296
0.000701715
0.000730836
0.000751742
0.00077203
0.000773074
0.000344866
0.000369643
0.000791835
0.000770994
0.000756118
0.000741557
0.000756861
0.000770279
0.000786453
0.000666262
0.0003191
0.000365049
0.000794935
0.000778822
0.000767705
0.000759188
0.000768129
0.000778343
0.000792032
0.000596948
0.000300704
0.000352468
0.000795328
0.000782266
0.000772561
0.000766644
0.000773633
0.000783011
0.000794365
0.000526412
0.000283851
0.000337878
0.000794667
0.00078459
0.000775278
0.000770026
3.61693e-05
3.81351e-05
3.82787e-05
3.65269e-05
2.90071e-05
1.6041e-05
1.59708e-05
1.64866e-05
1.5928e-05
1.51648e-05
7.90302e-05
8.74048e-05
0.000119303
0.000142272
0.000137379
0.0002183
0.000256822
0.000174325
0.000150274
0.000130014
0.000182802
0.000212345
0.000209953
0.000216209
0.000236461
0.00028487
0.000490303
0.000381878
0.000334223
0.000290192
0.000380954
0.0004291
0.000439503
0.000433294
0.000263702
0.000336738
0.000657362
0.000581322
0.000531371
0.000479904
0.000560115
0.000606492
0.000634221
0.000651591
0.000347297
0.000366881
0.00074374
0.000696934
0.000660601
0.00062009
0.000672775
0.000706311
0.000732788
0.000759389
0.000355972
0.000367937
0.000779872
0.00074966
0.00072671
0.000701188
0.000730605
0.000751663
0.000772452
0.000706745
0.000331576
0.00036337
0.000792044
0.000770532
0.000755585
0.000741082
0.000756676
0.000770284
0.000787015
0.000615233
0.000307887
0.00035661
0.00079519
0.000778442
0.000767218
0.00075873
0.000767967
0.000778472
0.00079261
0.000552808
0.000292358
0.000344187
0.000795559
0.000781987
0.000772124
0.000766195
0.000773511
0.000783274
0.00079484
0.000485551
0.000276799
0.000332103
0.000794865
0.000784379
0.00077486
0.00076956
3.5579e-05
3.7576e-05
3.80291e-05
3.59224e-05
2.76737e-05
1.58783e-05
1.61859e-05
1.67467e-05
1.62142e-05
1.54008e-05
7.76683e-05
8.70338e-05
0.000120385
0.000146165
0.000136967
0.000216618
0.00024555
0.000172374
0.000152331
0.000138036
0.000194807
0.000222094
0.000217979
0.000220727
0.000245382
0.000259728
0.000476065
0.000373901
0.000328903
0.000288748
0.000400108
0.000444548
0.00045099
0.000437609
0.000248586
0.000312402
0.000640463
0.000574
0.000524817
0.000476968
0.000577005
0.000620277
0.000645521
0.000646974
0.000316322
0.000345294
0.000690111
0.000693531
0.000656016
0.000617041
0.000685222
0.000716916
0.000742598
0.00061423
0.00032827
0.000352583
0.000724483
0.000749572
0.000725497
0.000700304
0.000739481
0.0007601
0.000780318
0.000554635
0.000312707
0.000354114
0.000748619
0.000772272
0.000756951
0.00074265
0.000763574
0.000777698
0.000792768
0.000501378
0.000297482
0.000349421
0.000768336
0.000780914
0.000769891
0.000761808
0.000774042
0.000785374
0.00079596
0.000454296
0.000285003
0.000344939
0.000780125
0.000784609
0.000775234
0.000769858
0.000779399
0.000789628
0.000795271
0.000404141
0.000271011
0.000340661
0.00077941
0.000786894
0.000777966
0.00077326
9.69748e-06
1.0175e-05
1.05807e-05
1.08738e-05
1.10271e-05
1.10271e-05
1.08738e-05
1.05807e-05
1.0175e-05
9.69748e-06
0.000400009
0.000459447
0.000501699
0.000526425
0.000537199
0.000537199
0.000526424
0.000501699
0.000459447
0.00040001
0.000747354
0.000768746
0.00077899
0.000783391
0.000784894
0.000784894
0.000783392
0.000778991
0.000768749
0.000747356
0.000789061
0.000790888
0.0007913
0.000791296
0.00079123
0.00079123
0.000791296
0.000791301
0.000790889
0.000789062
0.000790442
0.000790298
0.000790169
0.000790088
0.00079005
0.00079005
0.000790088
0.000790169
0.000790298
0.000790442
0.000789969
0.000789882
0.000789852
0.000789839
0.000789835
0.000789835
0.00078984
0.000789852
0.000789882
0.000789969
0.000789829
0.000789814
0.000789813
0.000789814
0.000789814
0.000789814
0.000789814
0.000789813
0.000789814
0.000789829
0.000789808
0.000789809
0.00078981
0.00078981
0.000789811
0.000789811
0.00078981
0.00078981
0.000789809
0.000789808
0.000789807
0.000789808
0.000789808
0.000789808
0.000789808
0.000789808
0.000789808
0.000789808
0.000789808
0.000789807
0.000789807
0.000789807
0.000789807
0.000789807
0.000789807
0.000789807
0.000789807
0.000789807
0.000789807
0.000789807
1.73362e-05
1.75138e-05
1.76893e-05
1.78309e-05
1.79099e-05
1.79099e-05
1.7831e-05
1.76893e-05
1.75138e-05
1.73362e-05
0.000183383
0.000214945
0.000241366
0.000259966
0.000269448
0.000269447
0.000259965
0.000241365
0.000214944
0.000183383
0.000548885
0.000603061
0.000638516
0.000659539
0.00066911
0.000669109
0.000659537
0.000638515
0.000603059
0.000548884
0.000744748
0.000762176
0.000770628
0.000774717
0.000776342
0.000776342
0.000774716
0.000770627
0.000762175
0.000744748
0.000781218
0.000784179
0.000785163
0.000785512
0.000785618
0.000785617
0.000785512
0.000785162
0.000784179
0.000781218
0.000785915
0.000786133
0.000786133
0.000786114
0.000786103
0.000786103
0.000786114
0.000786133
0.000786133
0.000785915
0.000786237
0.000786181
0.000786155
0.000786145
0.000786142
0.000786142
0.000786145
0.000786154
0.000786181
0.000786237
0.000786192
0.000786164
0.000786161
0.00078616
0.000786161
0.000786161
0.00078616
0.000786161
0.000786164
0.000786192
0.000786169
0.000786164
0.000786165
0.000786166
0.000786167
0.000786167
0.000786166
0.000786165
0.000786164
0.000786169
0.000786163
0.000786164
0.000786166
0.000786169
0.000786172
0.000786172
0.000786169
0.000786166
0.000786164
0.000786163
2.47498e-05
2.49902e-05
2.51549e-05
2.52656e-05
2.53224e-05
2.53225e-05
2.52656e-05
2.5155e-05
2.49903e-05
2.47499e-05
0.000133045
0.000152285
0.000169214
0.000181589
0.000188086
0.000188086
0.000181589
0.000169213
0.000152282
0.000133043
0.000398624
0.000457753
0.000497981
0.000524276
0.00053717
0.000537173
0.000524282
0.000497987
0.000457759
0.000398631
0.000672122
0.000710106
0.000729586
0.000740271
0.000744974
0.000744975
0.000740272
0.000729587
0.000710106
0.000672125
0.000760362
0.000771805
0.00077629
0.000778317
0.000779101
0.000779101
0.000778317
0.000776289
0.000771804
0.000760362
0.000779149
0.000781498
0.000782063
0.000782228
0.000782269
0.000782269
0.000782228
0.000782063
0.000781498
0.000779149
0.000782172
0.00078244
0.000782405
0.000782366
0.000782345
0.000782345
0.000782366
0.000782405
0.00078244
0.000782172
0.000782444
0.000782406
0.000782364
0.000782343
0.000782334
0.000782334
0.000782343
0.000782364
0.000782406
0.000782444
0.000782405
0.000782369
0.00078236
0.000782358
0.000782358
0.000782358
0.000782358
0.00078236
0.000782369
0.000782405
0.00078238
0.000782369
0.000782376
0.000782387
0.000782394
0.000782394
0.000782387
0.000782376
0.000782369
0.00078238
2.96635e-05
3.03281e-05
3.07601e-05
3.10217e-05
3.11452e-05
3.11451e-05
3.10215e-05
3.076e-05
3.03281e-05
2.96636e-05
0.000121639
0.000136106
0.000148932
0.000158456
0.000163113
0.000163108
0.000158465
0.000148938
0.000136107
0.000121637
0.000270923
0.000321859
0.000362691
0.000391794
0.000406773
0.000406767
0.000391779
0.000362678
0.000321855
0.000270921
0.000559926
0.000618804
0.000655435
0.00067774
0.000688132
0.000688129
0.000677732
0.000655429
0.000618802
0.000559928
0.000719521
0.000746463
0.000759207
0.000765751
0.000768504
0.000768505
0.000765752
0.000759207
0.000746463
0.000719522
0.000765973
0.000774364
0.000777266
0.000778467
0.000778903
0.000778904
0.000778467
0.000777266
0.000774364
0.000765973
0.000776659
0.000778673
0.00077906
0.000779147
0.00077916
0.00077916
0.000779147
0.00077906
0.000778673
0.000776659
0.000778621
0.000778945
0.000778908
0.000778871
0.000778852
0.000778852
0.000778871
0.000778909
0.000778945
0.000778621
0.00077884
0.000778822
0.000778773
0.000778753
0.000778745
0.000778745
0.000778753
0.000778773
0.000778823
0.000778841
0.000778822
0.000778766
0.000778744
0.000778744
0.000778748
0.000778748
0.000778744
0.000778745
0.000778766
0.000778823
3.14227e-05
3.2505e-05
3.32411e-05
3.37014e-05
3.39219e-05
3.39218e-05
3.37011e-05
3.32408e-05
3.25049e-05
3.14228e-05
0.000117382
0.000129324
0.000138909
0.000145368
0.000148521
0.000148519
0.000145359
0.000138903
0.000129316
0.000117378
0.000209312
0.000248102
0.000280449
0.000304244
0.000316817
0.000316813
0.00030423
0.000280435
0.000248083
0.000209298
0.000459844
0.000522669
0.00056612
0.000594632
0.000608636
0.000608631
0.000594616
0.000566102
0.000522645
0.000459824
0.000663255
0.000705317
0.000728321
0.000741321
0.000747152
0.000747152
0.000741321
0.00072832
0.000705314
0.000663249
0.00074408
0.000761964
0.000769782
0.000773628
0.000775215
0.000775216
0.00077363
0.000769783
0.000761964
0.000744078
0.000769046
0.00077508
0.000777144
0.000778044
0.00077839
0.000778391
0.000778045
0.000777144
0.00077508
0.000769045
0.000775777
0.000777415
0.00077781
0.000777983
0.000778051
0.000778051
0.000777983
0.00077781
0.000777414
0.000775776
0.000777402
0.000777655
0.000777628
0.000777625
0.000777627
0.000777627
0.000777625
0.000777627
0.000777654
0.000777402
0.000777804
0.00077765
0.000777515
0.000777446
0.000777417
0.000777417
0.000777446
0.000777515
0.000777651
0.000777804
3.04923e-05
3.17662e-05
3.26538e-05
3.32232e-05
3.35e-05
3.34999e-05
3.32231e-05
3.26537e-05
3.17661e-05
3.04925e-05
0.000119003
0.000130095
0.000138684
0.00014428
0.000146902
0.000146898
0.000144264
0.000138672
0.000130086
0.000118999
0.000195543
0.000230007
0.000259025
0.000280462
0.000291807
0.000291803
0.00028044
0.000259007
0.000229983
0.000195531
0.000406784
0.000465759
0.000508548
0.000537587
0.000552185
0.000552178
0.000537557
0.000508517
0.000465718
0.000406765
0.00061402
0.000662979
0.000692512
0.000710276
0.00071858
0.000718578
0.000710268
0.000692503
0.000662963
0.000614014
0.00072006
0.00074602
0.000759265
0.000766446
0.000769602
0.000769602
0.000766445
0.000759264
0.000746015
0.000720059
0.000761573
0.000772275
0.000777
0.000779407
0.000780428
0.000780428
0.000779406
0.000776999
0.000772273
0.000761571
0.00077571
0.000779244
0.000780616
0.000781343
0.00078166
0.00078166
0.000781343
0.000780614
0.00077924
0.000775706
0.000780188
0.000780896
0.000781064
0.000781192
0.000781256
0.000781256
0.000781192
0.000781062
0.000780893
0.000780185
0.00078166
0.000781348
0.000781081
0.000780935
0.000780867
0.000780867
0.000780934
0.00078108
0.000781347
0.000781659
2.74107e-05
2.86484e-05
2.9523e-05
3.00932e-05
3.0374e-05
3.03741e-05
3.0093e-05
2.9523e-05
2.86483e-05
2.74106e-05
0.000122265
0.000134196
0.000143163
0.000148969
0.000151711
0.000151709
0.000148957
0.000143155
0.000134189
0.000122254
0.000216969
0.000253487
0.000283954
0.000306151
0.000317766
0.00031776
0.000306131
0.000283933
0.000253464
0.00021697
0.000408595
0.000464466
0.000505273
0.000532821
0.000546621
0.000546612
0.000532795
0.000505242
0.000464433
0.000408607
0.000598431
0.000646876
0.000677511
0.000696255
0.000705116
0.000705112
0.000696245
0.000677497
0.000646863
0.000598452
0.00070974
0.000738281
0.000754037
0.000762846
0.000766795
0.000766794
0.000762843
0.000754033
0.000738279
0.000709758
0.000759649
0.000772676
0.000779075
0.000782457
0.000783925
0.000783925
0.000782456
0.000779074
0.000772677
0.000759659
0.000778599
0.000783401
0.000785526
0.000786673
0.000787181
0.00078718
0.000786672
0.000785525
0.000783401
0.000778599
0.000753723
0.000786345
0.000786766
0.000787043
0.00078718
0.00078718
0.000787042
0.000786764
0.000786343
0.00075392
0.00068327
0.000787234
0.000787038
0.000786927
0.00078688
0.00078688
0.000786927
0.000787037
0.000787233
0.000683067
2.31723e-05
2.42422e-05
2.50276e-05
2.55603e-05
2.58279e-05
2.58277e-05
2.55605e-05
2.50274e-05
2.42425e-05
2.31717e-05
0.00012987
0.000144236
0.000155154
0.000162438
0.000165978
0.000165979
0.000162435
0.000155156
0.000144235
0.00012986
0.000256653
0.000295321
0.000327653
0.000350896
0.000362971
0.000362971
0.000350875
0.000327637
0.0002953
0.000256673
0.000443355
0.000496373
0.000535258
0.000560983
0.000573712
0.000573709
0.000560961
0.000535237
0.000496352
0.000443392
0.000612404
0.000657263
0.000686225
0.000703631
0.000706956
0.000706961
0.000703622
0.000686216
0.000657259
0.000612446
0.000686911
0.000722321
0.00072148
0.000721078
0.000721357
0.000721355
0.00072105
0.000721387
0.000722004
0.000686441
0.000701836
0.000748781
0.000742984
0.000739368
0.000738189
0.000738201
0.000739335
0.000742804
0.000748235
0.00070105
0.000708676
0.000775599
0.000766321
0.000759946
0.000757208
0.000757235
0.000759899
0.000766082
0.000774849
0.000707539
0.000719367
0.000787931
0.000788568
0.000779869
0.000775915
0.000775936
0.000779827
0.000788471
0.000787941
0.000718663
0.00069962
0.000789005
0.000789089
0.000785251
0.000782721
0.000782719
0.000785215
0.000789088
0.000789005
0.000699111
1.97122e-05
2.06255e-05
2.13037e-05
2.17787e-05
2.20203e-05
2.20203e-05
2.17791e-05
2.13039e-05
2.06262e-05
1.97127e-05
0.000143352
0.000162538
0.000177542
0.000187853
0.000192983
0.000192983
0.000187866
0.000177555
0.000162555
0.000143352
0.000286889
0.00032743
0.000361943
0.000386426
0.000399101
0.000399099
0.000386396
0.000361918
0.000327387
0.000286874
0.000473911
0.000524556
0.000562587
0.000587199
0.000599263
0.00059926
0.000587173
0.000562562
0.000524517
0.000473901
0.000626658
0.000667549
0.000694772
0.000710709
0.000718068
0.000718066
0.000710699
0.00069476
0.000667534
0.000626662
0.000716245
0.000740711
0.000755087
0.000762677
0.000765972
0.000765972
0.000762676
0.000755087
0.000740715
0.00071626
0.000758148
0.000770099
0.000776301
0.000779274
0.000780497
0.000780497
0.000779277
0.000776307
0.000770113
0.000758169
0.0007749
0.000779953
0.000782296
0.000783355
0.000783784
0.000783785
0.000783358
0.000782305
0.000779969
0.000774922
0.000781022
0.000782925
0.000783746
0.000784137
0.000784312
0.000784312
0.00078414
0.000783753
0.000782938
0.000781037
0.000783461
0.000784244
0.000784595
0.000784795
0.000784901
0.000784901
0.000784795
0.000784595
0.000784245
0.000783463
1.76674e-05
1.85337e-05
1.91676e-05
1.96062e-05
1.98314e-05
1.98314e-05
1.96067e-05
1.9168e-05
1.85347e-05
1.76689e-05
0.000147492
0.00016613
0.000184954
0.000199338
0.00020716
0.00020716
0.000199326
0.000184942
0.000166107
0.00014747
0.000298617
0.000338906
0.00037366
0.000398187
0.000410882
0.000410879
0.000398154
0.000373625
0.000338837
0.000298544
0.000486376
0.000534593
0.000571341
0.000594961
0.000606512
0.000606508
0.000594932
0.000571306
0.000534526
0.000486304
0.000630133
0.000668222
0.000693984
0.000708973
0.00071587
0.000715868
0.000708961
0.000693967
0.000668187
0.000630093
0.000713122
0.000735977
0.00074962
0.000756769
0.000759854
0.000759854
0.000756767
0.000749617
0.000735969
0.00071311
0.000752404
0.000763773
0.000769751
0.000772565
0.000773704
0.000773705
0.000772567
0.000769754
0.000763778
0.000752406
0.000768594
0.000773543
0.000775852
0.000776841
0.000777222
0.000777223
0.000776844
0.000775857
0.00077355
0.000768601
0.000774832
0.000776764
0.000777599
0.000777948
0.000778089
0.000778089
0.00077795
0.000777603
0.00077677
0.000774837
0.000777472
0.000778286
0.000778661
0.000778854
0.00077895
0.00077895
0.000778854
0.000778662
0.000778288
0.000777473
1.65244e-05
1.73889e-05
1.8022e-05
1.84521e-05
1.86711e-05
1.86711e-05
1.84526e-05
1.80225e-05
1.73901e-05
1.65262e-05
0.000141191
0.000159038
0.000176785
0.000190242
0.000197529
0.000197528
0.000190234
0.000176775
0.000159015
0.000141168
0.00029879
0.00033776
0.00037129
0.00039493
0.000407166
0.000407163
0.0003949
0.000371254
0.000337681
0.000298696
0.000487295
0.000533542
0.000568708
0.000591367
0.00060246
0.000602456
0.000591339
0.00056867
0.00053346
0.000487194
0.000627862
0.00066432
0.000688911
0.000703306
0.000709944
0.000709942
0.000703292
0.000688889
0.000664271
0.000627798
0.000708764
0.000730797
0.000743919
0.000750864
0.000753871
0.00075387
0.000750859
0.000743912
0.000730778
0.000708734
0.000747616
0.000758693
0.0007645
0.000767264
0.000768383
0.000768383
0.000767263
0.0007645
0.000758689
0.000747605
0.000764065
0.000768921
0.000771162
0.000772115
0.000772474
0.000772475
0.000772115
0.000771163
0.000768921
0.000764062
0.000770609
0.000772493
0.000773269
0.000773567
0.000773675
0.000773675
0.000773568
0.00077327
0.000772494
0.000770608
0.000773399
0.000774143
0.000774446
0.000774582
0.000774645
0.000774644
0.000774582
0.000774446
0.000774142
0.000773398
1.58665e-05
1.67388e-05
1.73864e-05
1.7826e-05
1.80479e-05
1.8048e-05
1.78264e-05
1.73869e-05
1.67399e-05
1.58684e-05
0.000136702
0.000153979
0.000170701
0.000183271
0.000190037
0.000190038
0.000183266
0.000170694
0.000153955
0.000136677
0.000295782
0.000333531
0.000365563
0.000388147
0.000399824
0.000399823
0.000388119
0.000365527
0.000333444
0.000295671
0.000484673
0.000529616
0.000563363
0.000585212
0.000595921
0.000595919
0.000585184
0.000563324
0.000529521
0.000484547
0.000624577
0.000660168
0.000683891
0.000697899
0.000704382
0.000704381
0.000697884
0.000683867
0.000660109
0.000624493
0.000705264
0.000726927
0.000739702
0.000746555
0.000749541
0.00074954
0.000746549
0.000739692
0.000726901
0.00070522
0.000744435
0.00075541
0.000761118
0.000763886
0.000765017
0.000765017
0.000763884
0.000761114
0.000755401
0.000744415
0.000761313
0.000766144
0.000768349
0.000769304
0.000769665
0.000769665
0.000769303
0.000768348
0.00076614
0.000761305
0.000768162
0.000770022
0.000770756
0.00077103
0.000771124
0.000771123
0.000771029
0.000770754
0.00077002
0.000768158
0.000771092
0.000771783
0.00077202
0.000772109
0.000772145
0.000772144
0.000772108
0.000772018
0.000771781
0.000771089
1.55017e-05
1.63771e-05
1.70368e-05
1.74857e-05
1.77125e-05
1.77125e-05
1.7486e-05
1.70371e-05
1.63782e-05
1.55036e-05
0.000134189
0.000151211
0.000167268
0.000179254
0.000185673
0.000185677
0.000179254
0.000167263
0.000151187
0.000134161
0.000293295
0.000330287
0.0003612
0.000382984
0.00039423
0.000394233
0.000382958
0.000361165
0.000330199
0.000293167
0.000482277
0.000526462
0.000559201
0.000580462
0.00059089
0.00059089
0.000580434
0.00055916
0.000526362
0.000482129
0.000622172
0.000657295
0.00068043
0.000694177
0.000700557
0.000700555
0.000694161
0.000680405
0.00065723
0.000622071
0.000703053
0.000724528
0.000737075
0.000743871
0.00074685
0.000746849
0.000743865
0.000737063
0.000724498
0.000702998
0.000742574
0.000753507
0.000759156
0.000761936
0.000763083
0.000763082
0.000761934
0.000759151
0.000753494
0.000742547
0.000759776
0.000764605
0.000766795
0.000767763
0.000768133
0.000768133
0.000767761
0.000766793
0.000764599
0.000759763
0.000766838
0.000768691
0.000769406
0.000769675
0.000769765
0.000769765
0.000769673
0.000769404
0.000768687
0.00076683
0.000769872
0.000770539
0.000770736
0.000770798
0.00077082
0.00077082
0.000770797
0.000770734
0.000770535
0.000769867
1.53106e-05
1.6186e-05
1.6852e-05
1.7306e-05
1.75359e-05
1.75359e-05
1.73062e-05
1.68522e-05
1.61871e-05
1.53127e-05
0.00013296
0.000149917
0.000165615
0.000177277
0.000183503
0.000183509
0.000177282
0.000165612
0.000149896
0.000132929
0.000291867
0.000328499
0.000358761
0.000380072
0.000391061
0.000391065
0.000380053
0.000358732
0.000328413
0.000291724
0.000480816
0.000524625
0.000556775
0.000577675
0.000587931
0.000587931
0.000577651
0.000556738
0.00052453
0.00048065
0.000620774
0.000655657
0.000678445
0.000692027
0.000698341
0.00069834
0.000692014
0.000678422
0.000655591
0.00062066
0.000701826
0.000723198
0.000735606
0.000742362
0.000745334
0.000745333
0.000742356
0.000735594
0.000723167
0.000701763
0.000741569
0.000752478
0.00075809
0.000760877
0.000762033
0.000762033
0.000760874
0.000758084
0.000752463
0.000741538
0.000758961
0.000763791
0.000765976
0.000766954
0.000767332
0.000767331
0.000766952
0.000765972
0.000763783
0.000758945
0.000766147
0.000768002
0.00076871
0.000768979
0.00076907
0.00076907
0.000768977
0.000768707
0.000767996
0.000766138
0.000769246
0.000769905
0.000770085
0.000770135
0.000770149
0.000770149
0.000770133
0.000770082
0.0007699
0.000769239
1.52142e-05
1.60884e-05
1.67567e-05
1.72128e-05
1.7444e-05
1.7444e-05
1.72129e-05
1.67568e-05
1.60893e-05
1.52165e-05
0.000132405
0.000149367
0.000164885
0.000176376
0.000182496
0.000182505
0.00017638
0.000164881
0.00014935
0.000132372
0.000291169
0.000327672
0.000357616
0.000378697
0.000389565
0.000389568
0.000378688
0.000357596
0.000327584
0.000291012
0.000480061
0.000523717
0.000555592
0.000576313
0.000586482
0.000586482
0.000576299
0.000555566
0.000523639
0.000479881
0.000620049
0.000654825
0.000677437
0.000690922
0.000697195
0.000697195
0.000690911
0.000677417
0.000654768
0.000619926
0.000701194
0.000722514
0.000734841
0.00074157
0.000744534
0.000744533
0.000741563
0.00073483
0.000722483
0.000701126
0.000741053
0.000751945
0.000757535
0.000760322
0.000761483
0.000761483
0.000760319
0.000757529
0.000751929
0.000741019
0.000758544
0.000763372
0.000765555
0.000766539
0.000766922
0.000766921
0.000766537
0.000765551
0.000763364
0.000758527
0.000765796
0.000767652
0.000768359
0.00076863
0.000768723
0.000768722
0.000768628
0.000768356
0.000767645
0.000765786
0.00076893
0.000769587
0.000769762
0.000769807
0.000769819
0.000769819
0.000769805
0.000769758
0.000769582
0.000768923
1.51676e-05
1.60404e-05
1.67091e-05
1.71661e-05
1.73978e-05
1.73977e-05
1.71661e-05
1.67092e-05
1.6041e-05
1.517e-05
0.000132166
0.000149143
0.000164569
0.00017598
0.000182051
0.000182061
0.000175986
0.000164565
0.000149121
0.000132131
0.000290856
0.000327326
0.000357137
0.000378104
0.00038891
0.000388914
0.000378099
0.00035712
0.000327256
0.000290688
0.000479706
0.000523327
0.000555062
0.000575685
0.000585807
0.000585807
0.000575676
0.000555041
0.000523258
0.000479513
0.000619697
0.000654435
0.000676952
0.000690381
0.00069663
0.00069663
0.000690371
0.000676933
0.000654381
0.000619567
0.000700882
0.000722177
0.000734459
0.000741168
0.000744126
0.000744126
0.000741162
0.000734448
0.000722145
0.000700812
0.000740797
0.000751677
0.000757253
0.000760039
0.000761202
0.000761201
0.000760036
0.000757247
0.000751661
0.000740761
0.000758336
0.000763162
0.000765343
0.000766329
0.000766715
0.000766714
0.000766327
0.000765339
0.000763152
0.000758317
0.000765621
0.000767477
0.000768185
0.000768458
0.000768551
0.000768551
0.000768456
0.000768182
0.00076747
0.00076561
0.000768774
0.000769431
0.000769604
0.000769648
0.000769659
0.000769659
0.000769646
0.0007696
0.000769425
0.000768766
1.51456e-05
1.60176e-05
1.66863e-05
1.71435e-05
1.73754e-05
1.73753e-05
1.71435e-05
1.66864e-05
1.6018e-05
1.51482e-05
0.000132065
0.000149049
0.000164434
0.000175809
0.000181858
0.00018187
0.000175816
0.000164431
0.000149025
0.000132027
0.000290726
0.000327196
0.00035694
0.000377853
0.000388629
0.000388633
0.000377849
0.000356924
0.000327129
0.000290546
0.000479551
0.000523169
0.000554833
0.000575405
0.000585501
0.000585501
0.000575397
0.000554813
0.000523102
0.000479345
0.000619537
0.00065426
0.000676726
0.000690124
0.000696359
0.000696359
0.000690115
0.000676708
0.000654206
0.000619399
0.000700736
0.000722016
0.000734274
0.000740971
0.000743924
0.000743924
0.000740965
0.000734262
0.000721984
0.000700663
0.000740673
0.000751546
0.000757114
0.000759898
0.000761061
0.00076106
0.000759895
0.000757107
0.000751529
0.000740636
0.000758234
0.000763058
0.000765238
0.000766225
0.000766612
0.000766611
0.000766223
0.000765233
0.000763048
0.000758214
0.000765535
0.000767391
0.0007681
0.000768373
0.000768468
0.000768467
0.000768371
0.000768096
0.000767384
0.000765523
0.000768698
0.000769355
0.000769528
0.000769572
0.000769583
0.000769583
0.00076957
0.000769524
0.000769349
0.000768689
1.51355e-05
1.6007e-05
1.66757e-05
1.7133e-05
1.73649e-05
1.73648e-05
1.7133e-05
1.66758e-05
1.60074e-05
1.51382e-05
0.000132023
0.00014901
0.000164375
0.000175735
0.000181773
0.000181786
0.000175742
0.000164373
0.000148983
0.000131983
0.000290678
0.000327149
0.000356861
0.000377747
0.000388508
0.000388512
0.000377744
0.000356845
0.000327081
0.000290486
0.000479492
0.000523109
0.000554736
0.000575282
0.000585364
0.000585365
0.000575275
0.000554717
0.000523041
0.000479273
0.00061947
0.000654186
0.000676625
0.000690005
0.000696233
0.000696232
0.000689996
0.000676606
0.00065413
0.000619325
0.000700671
0.000721943
0.000734186
0.000740876
0.000743826
0.000743826
0.000740869
0.000734174
0.000721909
0.000700595
0.000740617
0.000751484
0.000757046
0.000759829
0.000760991
0.00076099
0.000759825
0.000757039
0.000751466
0.000740577
0.000758187
0.000763007
0.000765186
0.000766174
0.000766561
0.000766561
0.000766172
0.000765181
0.000762997
0.000758165
0.000765495
0.00076735
0.000768059
0.000768332
0.000768427
0.000768427
0.00076833
0.000768055
0.000767342
0.000765482
0.000768662
0.000769319
0.000769492
0.000769536
0.000769547
0.000769546
0.000769533
0.000769488
0.000769313
0.000768653
1.51308e-05
1.60022e-05
1.66709e-05
1.71282e-05
1.73601e-05
1.736e-05
1.71282e-05
1.6671e-05
1.60026e-05
1.51337e-05
0.000132007
0.000148994
0.00016435
0.000175702
0.000181735
0.000181749
0.00017571
0.000164347
0.000148965
0.000131965
0.000290668
0.000327135
0.000356829
0.000377702
0.000388456
0.000388461
0.0003777
0.000356813
0.000327064
0.000290464
0.000479479
0.00052309
0.000554697
0.000575229
0.000585305
0.000585306
0.000575222
0.000554677
0.000523019
0.000479246
0.000619449
0.000654158
0.000676581
0.000689952
0.000696174
0.000696174
0.000689942
0.000676561
0.000654099
0.000619295
0.000700646
0.000721912
0.000734146
0.000740831
0.00074378
0.000743779
0.000740824
0.000734133
0.000721876
0.000700565
0.000740592
0.000751455
0.000757014
0.000759795
0.000760957
0.000760956
0.000759791
0.000757007
0.000751437
0.000740551
0.000758165
0.000762984
0.000765162
0.000766149
0.000766536
0.000766536
0.000766147
0.000765156
0.000762973
0.000758143
0.000765476
0.00076733
0.000768039
0.000768313
0.000768408
0.000768407
0.000768311
0.000768035
0.000767322
0.000765463
0.000768646
0.000769303
0.000769475
0.000769519
0.00076953
0.000769529
0.000769516
0.000769471
0.000769296
0.000768636
1.51286e-05
1.6e-05
1.66688e-05
1.71261e-05
1.7358e-05
1.73579e-05
1.7126e-05
1.66689e-05
1.60005e-05
1.51317e-05
0.000132002
0.000148988
0.000164339
0.000175687
0.000181718
0.000181733
0.000175696
0.000164336
0.000148958
0.000131958
0.000290676
0.000327135
0.000356818
0.000377684
0.000388434
0.000388439
0.000377682
0.0003568
0.000327059
0.000290459
0.000479488
0.000523088
0.000554683
0.000575208
0.000585279
0.00058528
0.000575201
0.000554662
0.000523013
0.000479239
0.00061945
0.00065415
0.000676563
0.000689929
0.000696149
0.000696148
0.000689919
0.000676543
0.000654088
0.000619285
0.00070064
0.0007219
0.000734128
0.000740811
0.000743758
0.000743757
0.000740804
0.000734115
0.000721863
0.000700554
0.000740584
0.000751443
0.000757
0.000759779
0.000760941
0.00076094
0.000759776
0.000756992
0.000751424
0.00074054
0.000758157
0.000762974
0.00076515
0.000766138
0.000766525
0.000766524
0.000766135
0.000765145
0.000762962
0.000758133
0.000765469
0.000767322
0.00076803
0.000768304
0.000768399
0.000768398
0.000768301
0.000768025
0.000767313
0.000765454
0.000768639
0.000769295
0.000769468
0.000769511
0.000769522
0.000769521
0.000769508
0.000769463
0.000769288
0.000768629
1.51275e-05
1.59991e-05
1.66678e-05
1.71251e-05
1.73571e-05
1.7357e-05
1.71251e-05
1.6668e-05
1.59996e-05
1.51308e-05
0.000132003
0.000148987
0.000164334
0.000175681
0.000181711
0.000181727
0.00017569
0.000164332
0.000148955
0.000131955
0.000290691
0.000327139
0.000356814
0.000377677
0.000388425
0.000388431
0.000377675
0.000356796
0.000327059
0.000290461
0.000479506
0.000523093
0.000554679
0.000575199
0.000585269
0.00058527
0.000575192
0.000554657
0.000523013
0.000479242
0.000619461
0.000654152
0.000676558
0.00068992
0.000696137
0.000696137
0.000689909
0.000676536
0.000654085
0.000619285
0.000700643
0.000721898
0.000734122
0.000740802
0.000743748
0.000743748
0.000740795
0.000734107
0.000721858
0.000700551
0.000740583
0.000751439
0.000756993
0.000759772
0.000760933
0.000760933
0.000759768
0.000756985
0.000751419
0.000740536
0.000758154
0.000762969
0.000765145
0.000766132
0.000766519
0.000766518
0.000766129
0.000765139
0.000762957
0.000758129
0.000765466
0.000767318
0.000768026
0.0007683
0.000768394
0.000768394
0.000768297
0.000768021
0.000767309
0.000765451
0.000768637
0.000769292
0.000769464
0.000769507
0.000769519
0.000769518
0.000769505
0.00076946
0.000769284
0.000768625
1.51269e-05
1.59987e-05
1.66674e-05
1.71247e-05
1.73567e-05
1.73566e-05
1.71247e-05
1.66676e-05
1.59992e-05
1.51304e-05
0.000132006
0.000148988
0.000164333
0.000175679
0.000181708
0.000181725
0.000175689
0.000164331
0.000148954
0.000131955
0.000290709
0.000327146
0.000356815
0.000377675
0.000388421
0.000388427
0.000377672
0.000356795
0.000327061
0.000290466
0.000479529
0.0005231
0.00055468
0.000575197
0.000585265
0.000585266
0.000575189
0.000554656
0.000523016
0.000479248
0.000619476
0.000654157
0.000676557
0.000689917
0.000696133
0.000696133
0.000689905
0.000676534
0.000654087
0.000619288
0.00070065
0.0007219
0.00073412
0.000740798
0.000743744
0.000743744
0.000740791
0.000734105
0.000721858
0.000700552
0.000740586
0.000751439
0.000756991
0.000759769
0.00076093
0.000760929
0.000759765
0.000756982
0.000751417
0.000740535
0.000758155
0.000762968
0.000765143
0.00076613
0.000766516
0.000766516
0.000766127
0.000765137
0.000762955
0.000758128
0.000765466
0.000767317
0.000768025
0.000768298
0.000768393
0.000768392
0.000768295
0.000768019
0.000767308
0.00076545
0.000768636
0.000769291
0.000769463
0.000769506
0.000769517
0.000769516
0.000769503
0.000769458
0.000769283
0.000768624
1.51264e-05
1.59984e-05
1.66672e-05
1.71246e-05
1.73565e-05
1.73564e-05
1.71245e-05
1.66674e-05
1.5999e-05
1.51301e-05
0.000132009
0.00014899
0.000164333
0.000175678
0.000181707
0.000181724
0.000175688
0.00016433
0.000148954
0.000131956
0.000290728
0.000327153
0.000356816
0.000377674
0.00038842
0.000388426
0.000377672
0.000356796
0.000327064
0.000290472
0.000479553
0.000523109
0.000554682
0.000575197
0.000585263
0.000585265
0.000575189
0.000554657
0.000523019
0.000479255
0.000619493
0.000654164
0.000676559
0.000689916
0.000696132
0.000696132
0.000689905
0.000676535
0.00065409
0.000619294
0.000700659
0.000721903
0.00073412
0.000740798
0.000743743
0.000743742
0.00074079
0.000734104
0.000721859
0.000700555
0.00074059
0.00075144
0.000756991
0.000759768
0.000760929
0.000760928
0.000759764
0.000756982
0.000751417
0.000740536
0.000758157
0.000762969
0.000765143
0.000766129
0.000766515
0.000766515
0.000766126
0.000765136
0.000762955
0.000758128
0.000765467
0.000767317
0.000768024
0.000768297
0.000768392
0.000768391
0.000768294
0.000768018
0.000767307
0.00076545
0.000768637
0.000769291
0.000769463
0.000769505
0.000769516
0.000769515
0.000769502
0.000769457
0.000769283
0.000768624
1.51261e-05
1.59983e-05
1.66672e-05
1.71245e-05
1.73564e-05
1.73563e-05
1.71244e-05
1.66673e-05
1.59989e-05
1.513e-05
0.000132013
0.000148991
0.000164333
0.000175678
0.000181706
0.000181725
0.000175689
0.000164331
0.000148955
0.000131957
0.000290748
0.000327161
0.000356818
0.000377675
0.00038842
0.000388426
0.000377673
0.000356797
0.000327067
0.000290479
0.000479577
0.000523117
0.000554685
0.000575198
0.000585263
0.000585265
0.000575189
0.000554659
0.000523023
0.000479264
0.00061951
0.000654171
0.000676562
0.000689917
0.000696132
0.000696131
0.000689905
0.000676536
0.000654093
0.000619299
0.000700669
0.000721908
0.000734122
0.000740798
0.000743742
0.000743741
0.000740789
0.000734105
0.000721861
0.000700558
0.000740594
0.000751442
0.000756991
0.000759768
0.000760928
0.000760927
0.000759763
0.000756981
0.000751418
0.000740538
0.000758159
0.000762969
0.000765143
0.000766128
0.000766515
0.000766514
0.000766125
0.000765136
0.000762955
0.000758129
0.000765468
0.000767318
0.000768024
0.000768297
0.000768391
0.00076839
0.000768294
0.000768018
0.000767307
0.00076545
0.000768638
0.000769292
0.000769463
0.000769505
0.000769516
0.000769515
0.000769502
0.000769457
0.000769283
0.000768624
1.51258e-05
1.59982e-05
1.66671e-05
1.71244e-05
1.73564e-05
1.73563e-05
1.71244e-05
1.66673e-05
1.59989e-05
1.51299e-05
0.000132017
0.000148993
0.000164334
0.000175678
0.000181706
0.000181726
0.00017569
0.000164331
0.000148955
0.000131958
0.000290768
0.000327168
0.000356821
0.000377676
0.00038842
0.000388427
0.000377673
0.000356799
0.000327071
0.000290486
0.000479602
0.000523126
0.000554688
0.000575199
0.000585264
0.000585266
0.00057519
0.000554661
0.000523027
0.000479272
0.000619528
0.000654179
0.000676565
0.000689918
0.000696132
0.000696132
0.000689906
0.000676538
0.000654097
0.000619306
0.000700679
0.000721913
0.000734124
0.000740799
0.000743743
0.000743742
0.00074079
0.000734106
0.000721863
0.000700562
0.000740599
0.000751445
0.000756992
0.000759768
0.000760928
0.000760927
0.000759763
0.000756982
0.000751419
0.00074054
0.000758162
0.000762971
0.000765143
0.000766128
0.000766515
0.000766514
0.000766125
0.000765136
0.000762955
0.00075813
0.000765469
0.000767318
0.000768024
0.000768297
0.000768391
0.00076839
0.000768293
0.000768018
0.000767307
0.000765451
0.000768639
0.000769292
0.000769463
0.000769505
0.000769516
0.000769515
0.000769502
0.000769457
0.000769283
0.000768625
1.51255e-05
1.59982e-05
1.66671e-05
1.71244e-05
1.73564e-05
1.73562e-05
1.71243e-05
1.66672e-05
1.59988e-05
1.51298e-05
0.000132021
0.000148995
0.000164335
0.000175679
0.000181706
0.000181727
0.000175691
0.000164332
0.000148956
0.00013196
0.000290789
0.000327176
0.000356824
0.000377677
0.00038842
0.000388428
0.000377675
0.000356801
0.000327074
0.000290493
0.000479627
0.000523135
0.000554691
0.000575201
0.000585265
0.000585266
0.000575191
0.000554663
0.000523031
0.000479281
0.000619547
0.000654187
0.000676568
0.00068992
0.000696133
0.000696133
0.000689907
0.00067654
0.000654101
0.000619312
0.000700689
0.000721918
0.000734126
0.0007408
0.000743743
0.000743742
0.00074079
0.000734107
0.000721866
0.000700565
0.000740605
0.000751447
0.000756993
0.000759769
0.000760928
0.000760927
0.000759763
0.000756982
0.00075142
0.000740542
0.000758164
0.000762972
0.000765144
0.000766129
0.000766515
0.000766514
0.000766125
0.000765136
0.000762956
0.000758131
0.000765471
0.000767319
0.000768025
0.000768297
0.000768391
0.00076839
0.000768294
0.000768018
0.000767307
0.000765451
0.00076864
0.000769293
0.000769464
0.000769506
0.000769516
0.000769515
0.000769502
0.000769457
0.000769283
0.000768625
1.51252e-05
1.59981e-05
1.66671e-05
1.71244e-05
1.73563e-05
1.73562e-05
1.71243e-05
1.66672e-05
1.59988e-05
1.51297e-05
0.000132026
0.000148997
0.000164335
0.000175679
0.000181706
0.000181728
0.000175692
0.000164332
0.000148956
0.000131961
0.000290809
0.000327184
0.000356826
0.000377678
0.000388421
0.000388429
0.000377676
0.000356802
0.000327077
0.0002905
0.000479653
0.000523144
0.000554694
0.000575202
0.000585265
0.000585267
0.000575192
0.000554665
0.000523035
0.00047929
0.000619565
0.000654195
0.000676571
0.000689922
0.000696134
0.000696134
0.000689908
0.000676542
0.000654104
0.000619319
0.000700699
0.000721923
0.000734128
0.000740801
0.000743744
0.000743743
0.000740791
0.000734108
0.000721868
0.000700569
0.00074061
0.00075145
0.000756994
0.000759769
0.000760928
0.000760927
0.000759764
0.000756983
0.000751421
0.000740544
0.000758167
0.000762973
0.000765144
0.000766129
0.000766515
0.000766514
0.000766125
0.000765136
0.000762956
0.000758132
0.000765473
0.00076732
0.000768025
0.000768297
0.000768391
0.00076839
0.000768294
0.000768018
0.000767308
0.000765452
0.000768641
0.000769294
0.000769464
0.000769506
0.000769516
0.000769515
0.000769502
0.000769457
0.000769283
0.000768626
1.5125e-05
1.5998e-05
1.6667e-05
1.71244e-05
1.73563e-05
1.73562e-05
1.71243e-05
1.66672e-05
1.59988e-05
1.51296e-05
0.00013203
0.000148999
0.000164337
0.00017568
0.000181706
0.000181729
0.000175693
0.000164333
0.000148958
0.000131963
0.00029083
0.000327192
0.000356829
0.00037768
0.000388422
0.00038843
0.000377677
0.000356804
0.000327081
0.000290507
0.000479678
0.000523153
0.000554698
0.000575204
0.000585266
0.000585268
0.000575194
0.000554667
0.00052304
0.000479299
0.000619583
0.000654203
0.000676574
0.000689924
0.000696135
0.000696135
0.000689909
0.000676544
0.000654108
0.000619325
0.00070071
0.000721928
0.00073413
0.000740802
0.000743744
0.000743743
0.000740792
0.00073411
0.000721871
0.000700573
0.000740615
0.000751452
0.000756995
0.00075977
0.000760929
0.000760927
0.000759764
0.000756983
0.000751423
0.000740546
0.00075817
0.000762975
0.000765145
0.000766129
0.000766515
0.000766514
0.000766125
0.000765136
0.000762957
0.000758134
0.000765474
0.000767321
0.000768026
0.000768297
0.000768391
0.00076839
0.000768294
0.000768019
0.000767308
0.000765453
0.000768642
0.000769294
0.000769464
0.000769506
0.000769516
0.000769515
0.000769502
0.000769457
0.000769284
0.000768626
1.51247e-05
1.59979e-05
1.6667e-05
1.71244e-05
1.73563e-05
1.73562e-05
1.71243e-05
1.66672e-05
1.59988e-05
1.51295e-05
0.000132035
0.000149001
0.000164338
0.00017568
0.000181707
0.00018173
0.000175694
0.000164334
0.000148959
0.000131964
0.00029085
0.000327203
0.000356833
0.000377681
0.000388422
0.000388431
0.000377678
0.000356806
0.000327085
0.000290514
0.000479703
0.000523162
0.000554701
0.000575206
0.000585267
0.000585269
0.000575195
0.000554669
0.000523044
0.000479307
0.000619601
0.000654211
0.000676578
0.000689926
0.000696136
0.000696136
0.00068991
0.000676546
0.000654112
0.000619331
0.00070072
0.000721933
0.000734132
0.000740803
0.000743745
0.000743744
0.000740792
0.000734111
0.000721873
0.000700576
0.00074062
0.000751455
0.000756996
0.00075977
0.000760929
0.000760928
0.000759764
0.000756984
0.000751424
0.000740548
0.000758173
0.000762976
0.000765145
0.000766129
0.000766515
0.000766514
0.000766125
0.000765137
0.000762958
0.000758135
0.000765476
0.000767322
0.000768026
0.000768298
0.000768391
0.00076839
0.000768294
0.000768019
0.000767309
0.000765454
0.000768643
0.000769295
0.000769465
0.000769506
0.000769516
0.000769515
0.000769502
0.000769458
0.000769284
0.000768627
1.51244e-05
1.59978e-05
1.6667e-05
1.71244e-05
1.73563e-05
1.73562e-05
1.71243e-05
1.66672e-05
1.59987e-05
1.51295e-05
0.000132039
0.000149004
0.000164339
0.000175681
0.000181707
0.000181731
0.000175695
0.000164335
0.000148961
0.000131966
0.00029087
0.000327214
0.000356836
0.000377683
0.000388423
0.000388432
0.00037768
0.000356808
0.000327089
0.00029052
0.000479726
0.000523172
0.000554705
0.000575208
0.000585268
0.00058527
0.000575197
0.000554671
0.000523048
0.000479315
0.000619619
0.000654219
0.000676581
0.000689927
0.000696137
0.000696137
0.000689912
0.000676548
0.000654116
0.000619337
0.00070073
0.000721938
0.000734134
0.000740804
0.000743745
0.000743744
0.000740793
0.000734112
0.000721876
0.00070058
0.000740625
0.000751458
0.000756998
0.000759771
0.000760929
0.000760928
0.000759765
0.000756985
0.000751425
0.00074055
0.000758175
0.000762977
0.000765146
0.00076613
0.000766515
0.000766514
0.000766125
0.000765137
0.000762958
0.000758136
0.000765478
0.000767323
0.000768027
0.000768298
0.000768391
0.00076839
0.000768294
0.000768019
0.000767309
0.000765454
0.000768645
0.000769296
0.000769465
0.000769506
0.000769517
0.000769515
0.000769502
0.000769458
0.000769284
0.000768628
1.51242e-05
1.59977e-05
1.6667e-05
1.71244e-05
1.73563e-05
1.73562e-05
1.71243e-05
1.66672e-05
1.59987e-05
1.51294e-05
0.000132044
0.000149006
0.000164341
0.000175683
0.000181708
0.000181733
0.000175697
0.000164337
0.000148962
0.000131968
0.00029089
0.000327226
0.000356839
0.000377685
0.000388424
0.000388433
0.000377682
0.000356811
0.000327093
0.000290527
0.00047975
0.000523182
0.000554708
0.00057521
0.000585269
0.000585272
0.000575198
0.000554674
0.000523053
0.000479322
0.000619636
0.000654227
0.000676585
0.000689929
0.000696138
0.000696138
0.000689913
0.00067655
0.00065412
0.000619342
0.000700739
0.000721943
0.000734136
0.000740805
0.000743746
0.000743745
0.000740794
0.000734114
0.000721878
0.000700583
0.00074063
0.00075146
0.000756999
0.000759771
0.000760929
0.000760928
0.000759765
0.000756985
0.000751427
0.000740552
0.000758178
0.000762979
0.000765147
0.00076613
0.000766515
0.000766514
0.000766126
0.000765137
0.000762959
0.000758137
0.000765479
0.000767324
0.000768027
0.000768298
0.000768392
0.00076839
0.000768294
0.000768019
0.000767309
0.000765455
0.000768646
0.000769297
0.000769466
0.000769507
0.000769517
0.000769515
0.000769502
0.000769458
0.000769285
0.000768628
1.51239e-05
1.59977e-05
1.6667e-05
1.71244e-05
1.73564e-05
1.73562e-05
1.71243e-05
1.66672e-05
1.59987e-05
1.51293e-05
0.00013205
0.000149008
0.000164343
0.000175685
0.00018171
0.000181735
0.0001757
0.000164339
0.000148964
0.00013197
0.000290911
0.000327238
0.000356843
0.000377687
0.000388426
0.000388435
0.000377684
0.000356813
0.000327097
0.000290534
0.000479775
0.000523192
0.000554712
0.000575212
0.00058527
0.000585273
0.0005752
0.000554676
0.000523057
0.00047933
0.000619653
0.000654235
0.000676588
0.000689931
0.000696139
0.000696138
0.000689914
0.000676552
0.000654124
0.000619348
0.000700749
0.000721948
0.000734139
0.000740806
0.000743747
0.000743745
0.000740795
0.000734115
0.000721881
0.000700586
0.000740635
0.000751463
0.000757
0.000759772
0.00076093
0.000760929
0.000759765
0.000756986
0.000751428
0.000740554
0.000758181
0.00076298
0.000765147
0.000766131
0.000766516
0.000766514
0.000766126
0.000765138
0.00076296
0.000758138
0.000765481
0.000767325
0.000768028
0.000768298
0.000768392
0.000768391
0.000768294
0.00076802
0.00076731
0.000765456
0.000768647
0.000769298
0.000769466
0.000769507
0.000769517
0.000769515
0.000769502
0.000769458
0.000769285
0.000768629
1.51237e-05
1.59977e-05
1.66671e-05
1.71245e-05
1.73564e-05
1.73563e-05
1.71244e-05
1.66673e-05
1.59988e-05
1.51293e-05
0.000132055
0.000149011
0.000164345
0.000175686
0.000181711
0.000181738
0.000175702
0.000164341
0.000148966
0.000131972
0.000290931
0.000327249
0.000356846
0.000377689
0.000388427
0.000388436
0.000377685
0.000356815
0.000327101
0.00029054
0.000479799
0.000523201
0.000554715
0.000575213
0.000585271
0.000585273
0.0005752
0.000554677
0.000523061
0.000479337
0.00061967
0.000654242
0.00067659
0.000689932
0.000696139
0.000696138
0.000689914
0.000676553
0.000654127
0.000619353
0.000700758
0.000721952
0.00073414
0.000740807
0.000743746
0.000743745
0.000740795
0.000734115
0.000721883
0.000700589
0.00074064
0.000751465
0.000757001
0.000759772
0.00076093
0.000760928
0.000759765
0.000756986
0.000751429
0.000740555
0.000758184
0.000762982
0.000765148
0.000766131
0.000766516
0.000766514
0.000766126
0.000765138
0.00076296
0.000758139
0.000765483
0.000767326
0.000768028
0.000768299
0.000768392
0.000768391
0.000768294
0.00076802
0.00076731
0.000765457
0.000768648
0.000769298
0.000769467
0.000769507
0.000769517
0.000769516
0.000769503
0.000769458
0.000769285
0.000768629
1.51237e-05
1.5998e-05
1.66674e-05
1.71249e-05
1.73569e-05
1.73567e-05
1.71248e-05
1.66676e-05
1.59991e-05
1.51295e-05
0.000132063
0.000149018
0.00016435
0.00017569
0.000181715
0.000181742
0.000175707
0.000164346
0.00014897
0.000131977
0.000290951
0.000327258
0.000356851
0.000377692
0.00038843
0.00038844
0.000377689
0.000356819
0.000327105
0.000290546
0.000479822
0.00052321
0.000554718
0.000575214
0.000585272
0.000585274
0.000575201
0.000554679
0.000523065
0.000479342
0.000619686
0.00065425
0.000676592
0.000689932
0.000696138
0.000696138
0.000689914
0.000676554
0.00065413
0.000619356
0.000700768
0.000721957
0.000734142
0.000740807
0.000743746
0.000743745
0.000740795
0.000734116
0.000721885
0.000700592
0.000740645
0.000751468
0.000757002
0.000759773
0.00076093
0.000760929
0.000759766
0.000756987
0.000751431
0.000740557
0.000758187
0.000762984
0.000765149
0.000766131
0.000766516
0.000766515
0.000766126
0.000765139
0.000762962
0.000758141
0.000765485
0.000767328
0.000768029
0.000768299
0.000768392
0.000768391
0.000768295
0.000768021
0.000767311
0.000765458
0.00076865
0.0007693
0.000769468
0.000769508
0.000769517
0.000769516
0.000769503
0.000769459
0.000769286
0.00076863
1.51239e-05
1.59985e-05
1.6668e-05
1.71255e-05
1.73576e-05
1.73574e-05
1.71254e-05
1.66682e-05
1.59995e-05
1.51301e-05
0.000132063
0.000149023
0.000164344
0.000175681
0.000181703
0.000181732
0.000175698
0.00016434
0.000148968
0.000131968
0.000290949
0.000327248
0.000356841
0.000377682
0.000388419
0.00038843
0.000377678
0.000356808
0.000327097
0.000290525
0.000479813
0.000523207
0.000554708
0.000575202
0.000585259
0.000585261
0.000575189
0.000554667
0.000523058
0.000479312
0.000619673
0.000654244
0.000676581
0.00068992
0.000696126
0.000696125
0.000689901
0.000676541
0.00065412
0.000619333
0.000700757
0.000721952
0.000734134
0.0007408
0.000743739
0.000743738
0.000740787
0.000734108
0.000721878
0.000700577
0.00074064
0.000751466
0.000756999
0.00075977
0.000760928
0.000760926
0.000759763
0.000756984
0.000751427
0.000740549
0.000758184
0.000762984
0.000765149
0.000766131
0.000766516
0.000766514
0.000766126
0.000765138
0.000762961
0.000758137
0.000765485
0.000767328
0.00076803
0.0007683
0.000768393
0.000768391
0.000768295
0.000768021
0.000767312
0.000765456
0.00076865
0.0007693
0.000769468
0.000769508
0.000769517
0.000769516
0.000769503
0.000769459
0.000769286
0.000768629
1.51268e-05
1.60015e-05
1.66717e-05
1.71298e-05
1.73621e-05
1.73619e-05
1.71297e-05
1.66719e-05
1.60025e-05
1.51337e-05
0.000132092
0.000149084
0.0001644
0.000175735
0.000181755
0.000181785
0.000175753
0.000164397
0.000149025
0.000131994
0.00029096
0.000327277
0.000356872
0.000377715
0.000388454
0.000388465
0.000377712
0.000356838
0.000327125
0.000290508
0.000479797
0.000523225
0.00055472
0.000575213
0.000585268
0.000585271
0.000575199
0.000554679
0.000523072
0.000479277
0.000619659
0.000654253
0.000676583
0.000689919
0.000696124
0.000696123
0.0006899
0.000676541
0.000654125
0.000619321
0.000700756
0.000721959
0.000734136
0.0007408
0.000743738
0.000743736
0.000740786
0.000734109
0.000721882
0.000700574
0.000740645
0.000751475
0.000757004
0.000759773
0.000760929
0.000760927
0.000759765
0.000756988
0.000751435
0.000740552
0.000758192
0.000762993
0.000765156
0.000766136
0.000766519
0.000766518
0.000766131
0.000765145
0.000762969
0.000758143
0.000765492
0.000767337
0.000768037
0.000768306
0.000768397
0.000768396
0.000768301
0.000768028
0.00076732
0.000765463
0.000768656
0.000769307
0.000769474
0.000769514
0.000769523
0.000769522
0.000769509
0.000769465
0.000769293
0.000768635
1.5134e-05
1.60044e-05
1.66753e-05
1.71338e-05
1.73664e-05
1.73662e-05
1.71337e-05
1.66755e-05
1.60054e-05
1.51383e-05
0.000131896
0.000148944
0.000164222
0.00017552
0.000181523
0.000181553
0.00017554
0.000164218
0.000148887
0.000131824
0.000290619
0.000327111
0.000356694
0.000377545
0.000388289
0.000388301
0.000377541
0.00035666
0.000326958
0.000290251
0.00047947
0.000523092
0.000554558
0.00057505
0.000585106
0.000585109
0.000575036
0.000554517
0.000522939
0.000479059
0.000619415
0.00065412
0.000676434
0.000689776
0.000695984
0.000695984
0.000689756
0.000676392
0.00065399
0.000619113
0.000700593
0.00072187
0.000734049
0.000740723
0.000743666
0.000743665
0.000740709
0.000734021
0.000721791
0.000700416
0.00074055
0.000751431
0.000756966
0.000759743
0.000760903
0.000760902
0.000759735
0.00075695
0.000751389
0.000740456
0.000758142
0.000762974
0.000765142
0.000766126
0.000766511
0.00076651
0.00076612
0.00076513
0.000762949
0.000758091
0.000765465
0.000767327
0.00076803
0.0007683
0.000768392
0.000768391
0.000768294
0.00076802
0.000767309
0.000765434
0.000768635
0.000769295
0.000769463
0.000769504
0.000769513
0.000769511
0.000769498
0.000769454
0.00076928
0.000768613
1.51583e-05
1.60332e-05
1.67121e-05
1.71765e-05
1.74122e-05
1.7412e-05
1.71764e-05
1.67123e-05
1.6034e-05
1.51603e-05
0.000132695
0.000149932
0.00016519
0.000176451
0.000182428
0.000182459
0.000176471
0.000165186
0.000149881
0.000132676
0.000290804
0.000327515
0.000357085
0.000377925
0.000388661
0.000388673
0.00037792
0.000357047
0.000327366
0.000290518
0.000479452
0.000523298
0.000554745
0.000575237
0.000585295
0.000585298
0.000575223
0.000554702
0.000523151
0.000479128
0.000619297
0.00065416
0.000676459
0.000689806
0.000696018
0.000696018
0.000689785
0.000676415
0.00065403
0.000619029
0.000700515
0.000721905
0.000734073
0.000740748
0.000743692
0.000743691
0.000740734
0.000734043
0.000721823
0.000700346
0.000740575
0.000751533
0.000757057
0.000759828
0.000760984
0.000760983
0.000759819
0.000757039
0.000751488
0.000740481
0.000758249
0.000763128
0.000765283
0.000766257
0.000766636
0.000766634
0.000766251
0.00076527
0.000763101
0.000758197
0.000765608
0.000767495
0.000768188
0.00076845
0.000768538
0.000768536
0.000768444
0.000768178
0.000767476
0.000765576
0.00076878
0.000769452
0.000769617
0.000769655
0.000769663
0.000769661
0.000769649
0.000769607
0.000769436
0.000768756
1.5176e-05
1.60447e-05
1.67212e-05
1.71837e-05
1.74184e-05
1.74182e-05
1.71835e-05
1.67213e-05
1.60454e-05
1.51767e-05
0.000129865
0.000147075
0.000162238
0.000173462
0.000179432
0.000179468
0.000173494
0.000162247
0.000147045
0.00012992
0.000289091
0.000326193
0.00035611
0.00037728
0.000388219
0.000388236
0.000377285
0.000356079
0.000326057
0.00028888
0.000478262
0.000522155
0.000553502
0.000573939
0.000583975
0.000583979
0.00057393
0.000553464
0.000522021
0.000478014
0.000618304
0.000653231
0.000675441
0.000688737
0.000694924
0.000694925
0.000688717
0.000675398
0.000653104
0.000618071
0.000699804
0.000721335
0.000733502
0.000740179
0.000743124
0.000743123
0.000740164
0.000733473
0.000721252
0.000699646
0.000740018
0.000751108
0.000756655
0.000759434
0.000760592
0.000760592
0.000759426
0.000756638
0.000751063
0.000739927
0.000757756
0.000762731
0.00076491
0.000765888
0.000766267
0.000766266
0.000765883
0.000764898
0.000762704
0.000757704
0.000765139
0.00076709
0.000767805
0.000768072
0.00076816
0.000768159
0.000768067
0.000767796
0.000767071
0.000765106
0.000768312
0.000769021
0.000769209
0.000769257
0.000769269
0.000769267
0.000769251
0.000769199
0.000769006
0.000768287
1.54481e-05
1.64291e-05
1.72107e-05
1.77506e-05
1.80267e-05
1.80264e-05
1.77504e-05
1.72107e-05
1.64298e-05
1.54488e-05
0.000127918
0.000139002
0.000147706
0.000153541
0.000156234
0.000156224
0.000153393
0.000147614
0.000138797
0.000127418
0.000286702
0.000323173
0.000351394
0.000371215
0.00038133
0.00038135
0.000371161
0.000351325
0.000322961
0.000286418
0.000477186
0.000523108
0.000555358
0.000576577
0.000587058
0.000587066
0.000576571
0.000555326
0.000522983
0.000476976
0.000615827
0.00065266
0.000675874
0.000689968
0.0006966
0.000696604
0.000689957
0.000675842
0.000652555
0.00061564
0.000698445
0.000721706
0.000734821
0.000742151
0.000745428
0.00074543
0.000742137
0.000734792
0.000721624
0.000698292
0.000741435
0.000753823
0.000760019
0.000763188
0.000764529
0.00076453
0.000763178
0.000759998
0.000753769
0.000741329
0.000761294
0.000766977
0.000769443
0.000770567
0.000771005
0.000771005
0.000770559
0.000769428
0.00076694
0.000761218
0.000769618
0.000771819
0.000772598
0.000772882
0.000772971
0.000772969
0.000772875
0.000772584
0.000771789
0.000769561
0.000772861
0.000773536
0.000773724
0.000773767
0.000773773
0.00077377
0.000773759
0.00077371
0.000773511
0.000772816
9.69475e-06
1.0171e-05
1.05808e-05
1.08768e-05
1.1033e-05
1.10514e-05
1.09035e-05
1.06107e-05
1.0203e-05
9.72063e-06
0.000400721
0.000460988
0.000503179
0.000527896
0.000538849
0.000537946
0.00052692
0.000501633
0.000459214
0.000400047
0.000747883
0.000769434
0.000779661
0.000783938
0.000785406
0.000785273
0.000783587
0.000779058
0.000768606
0.000747115
0.000789232
0.000791103
0.000791543
0.000791504
0.000791416
0.00079147
0.000791518
0.000791528
0.000791108
0.000789288
0.000790483
0.000790333
0.000790204
0.000790105
0.000790059
0.000790086
0.000790127
0.00079022
0.000790371
0.000790559
0.000789974
0.000789874
0.000789839
0.000789821
0.000789814
0.000789822
0.000789828
0.000789843
0.000789883
0.000789998
0.000789827
0.000789804
0.000789801
0.0007898
0.0007898
0.000789802
0.000789801
0.0007898
0.000789802
0.000789827
0.000789806
0.000789802
0.000789803
0.000789803
0.000789803
0.000789804
0.000789803
0.000789801
0.000789799
0.000789801
0.000789806
0.000789805
0.000789804
0.000789804
0.000789805
0.000789805
0.000789805
0.000789803
0.000789801
0.0007898
0.000789806
0.000789805
0.000789804
0.000789805
0.000789806
0.000789807
0.000789806
0.000789804
0.000789803
0.000789802
1.73183e-05
1.74639e-05
1.76245e-05
1.77573e-05
1.78138e-05
1.78124e-05
1.77505e-05
1.75897e-05
1.74017e-05
1.72181e-05
0.000183708
0.000216025
0.000243006
0.000262231
0.000272578
0.000272279
0.000261962
0.000243525
0.000216986
0.000185001
0.000548651
0.000603618
0.000638635
0.00065966
0.000669777
0.000669055
0.000658277
0.000637159
0.000601776
0.000547126
0.000745389
0.0007635
0.000771891
0.000776116
0.00077814
0.000778057
0.000775782
0.000771404
0.000762688
0.000744402
0.000781752
0.000785026
0.000786011
0.00078641
0.000786637
0.000786649
0.000786343
0.000785935
0.00078491
0.000781664
0.000786167
0.000786477
0.000786455
0.000786427
0.000786424
0.000786417
0.000786376
0.000786408
0.000786448
0.000786208
0.000786332
0.000786287
0.000786238
0.00078621
0.00078619
0.000786169
0.00078615
0.000786174
0.000786238
0.00078633
0.000786223
0.000786187
0.000786167
0.00078615
0.000786129
0.000786104
0.000786087
0.000786093
0.00078612
0.000786181
0.000786177
0.000786161
0.00078615
0.000786136
0.000786115
0.000786091
0.000786075
0.000786074
0.000786086
0.000786114
0.000786164
0.000786155
0.000786147
0.000786134
0.000786116
0.000786095
0.000786077
0.00078607
0.000786075
0.000786091
2.47811e-05
2.50295e-05
2.51513e-05
2.52331e-05
2.52847e-05
2.51049e-05
2.50139e-05
2.48964e-05
2.47531e-05
2.45641e-05
0.000131635
0.000149655
0.000166174
0.000178583
0.00018404
0.000184248
0.000178372
0.000166283
0.000149316
0.00012961
0.000398668
0.000452848
0.00049231
0.000518436
0.000530464
0.00052993
0.000517624
0.000492308
0.000452326
0.000397144
0.000670946
0.000705542
0.000724649
0.000735779
0.000740703
0.000739385
0.000734463
0.000723417
0.000702867
0.000665904
0.000759655
0.000770595
0.000775147
0.00077745
0.000778354
0.000777882
0.000776955
0.000774659
0.000769502
0.000757375
0.000778961
0.000781409
0.000782064
0.000782344
0.000782434
0.000782323
0.000782234
0.000781985
0.000781172
0.00077835
0.000782153
0.000782533
0.000782549
0.000782557
0.000782561
0.000782543
0.000782561
0.000782597
0.000782571
0.000782101
0.00078246
0.000782484
0.000782469
0.000782474
0.000782482
0.000782485
0.000782504
0.000782547
0.000782593
0.000782566
0.000782423
0.000782418
0.000782427
0.000782444
0.000782457
0.000782462
0.000782475
0.000782507
0.000782542
0.000782564
0.000782394
0.000782401
0.000782423
0.000782449
0.000782465
0.000782467
0.000782472
0.000782493
0.000782518
0.000782538
2.98456e-05
3.07228e-05
3.1176e-05
3.14596e-05
3.17288e-05
3.13892e-05
3.11153e-05
3.0971e-05
3.06481e-05
3.0083e-05
0.000117032
0.0001261
0.000136271
0.000144034
0.000145019
0.000147454
0.000145303
0.000134516
0.000120977
0.000106838
0.000277824
0.000338299
0.000383272
0.000408873
0.000420085
0.000426171
0.000419836
0.000391319
0.000354441
0.000305364
0.000563515
0.00062358
0.00065827
0.000676136
0.000682894
0.000684202
0.000680457
0.000660666
0.000630447
0.000580959
0.000717116
0.000741644
0.000753606
0.000759239
0.000761064
0.000760977
0.000760041
0.00075387
0.000742201
0.000718618
0.00076424
0.000771748
0.000774758
0.000775997
0.000776401
0.000776451
0.000776491
0.00077519
0.000772045
0.000763966
0.000775958
0.000777841
0.000778401
0.000778626
0.000778792
0.00077898
0.000779215
0.000779061
0.000778391
0.000776082
0.000778404
0.000778797
0.00077887
0.000778946
0.000779099
0.000779322
0.000779575
0.000779633
0.00077951
0.000778895
0.000778802
0.00077888
0.000778903
0.000778983
0.000779139
0.000779356
0.0007796
0.000779702
0.000779681
0.000779494
0.000778832
0.00077886
0.0007789
0.000779003
0.000779161
0.000779363
0.000779589
0.000779707
0.000779714
0.00077963
3.17557e-05
3.33293e-05
3.42789e-05
3.48843e-05
3.51567e-05
3.52913e-05
3.50029e-05
3.49464e-05
3.44399e-05
3.33921e-05
0.000115493
0.000119155
0.000125466
0.000129468
0.000128277
0.000136101
0.00013792
0.000121059
0.00010614
9.43686e-05
0.000216736
0.000265573
0.000308914
0.000337999
0.000354544
0.000357233
0.000335011
0.000324579
0.000296476
0.000253629
0.000470598
0.000539313
0.000587013
0.00061323
0.00062372
0.00062594
0.000613354
0.000597671
0.000565151
0.000511035
0.000663235
0.000701151
0.000723451
0.000734025
0.000737807
0.000739186
0.000736467
0.000727089
0.000709485
0.000676394
0.000742247
0.000757167
0.00076476
0.000767838
0.000768893
0.000769593
0.000769295
0.000766204
0.000759851
0.000745579
0.000768029
0.000772905
0.000774861
0.000775429
0.000775669
0.0007762
0.000776451
0.000775608
0.000773728
0.000768648
0.000775351
0.000776732
0.000776988
0.00077691
0.000776984
0.000777482
0.000777845
0.000777584
0.000777011
0.000775332
0.000777218
0.000777552
0.000777384
0.000777182
0.000777258
0.000777745
0.000778128
0.000778002
0.00077774
0.000777129
0.000777656
0.000777675
0.000777405
0.000777225
0.000777352
0.000777831
0.000778222
0.000778145
0.000777948
0.000777636
3.09013e-05
3.28553e-05
3.41813e-05
3.48742e-05
3.43007e-05
3.64648e-05
3.68238e-05
3.70047e-05
3.6458e-05
3.50362e-05
0.000118551
0.000121523
0.000125707
0.000127774
0.000130194
0.000143917
0.000135025
0.000117476
9.77509e-05
8.68474e-05
0.000200911
0.000240392
0.000278452
0.000308298
0.000334175
0.000311666
0.000276209
0.000276141
0.000263333
0.00022631
0.000420529
0.000486091
0.000537435
0.000568847
0.000588591
0.000580531
0.000551221
0.000542334
0.000517379
0.000464369
0.000619483
0.000665084
0.000695862
0.000711893
0.000720415
0.000721577
0.000711689
0.000700388
0.000680114
0.000641526
0.000720973
0.000743135
0.00075616
0.000761851
0.000764414
0.000765092
0.000761816
0.000756407
0.000747225
0.00072775
0.000761335
0.000770197
0.000774398
0.000775539
0.000775873
0.000775895
0.000774265
0.000771973
0.000768736
0.000760818
0.000775161
0.000778291
0.000779142
0.000778749
0.000778469
0.000778383
0.000777144
0.000775744
0.000774592
0.000771702
0.000779507
0.000780529
0.000780272
0.000779452
0.000779119
0.000779122
0.000778009
0.000776719
0.000776073
0.000774973
0.00078092
0.000781177
0.000780499
0.000779607
0.000779402
0.000779531
0.000778522
0.000777184
0.000776549
0.000775967
2.78555e-05
2.97975e-05
3.12198e-05
3.15449e-05
2.98534e-05
3.55369e-05
3.72763e-05
3.78596e-05
3.74141e-05
3.57572e-05
0.000121793
0.000130575
0.00013424
0.000138639
0.000151439
0.000134568
0.00012906
0.000118609
9.34267e-05
8.29572e-05
0.000218211
0.000251322
0.000283094
0.000314048
0.000353176
0.00028584
0.000242445
0.000244431
0.000242854
0.000210035
0.000417199
0.000474229
0.000521331
0.000556649
0.00058953
0.000556756
0.000504683
0.000501244
0.000485099
0.000434512
0.000603212
0.000648942
0.000682599
0.000703997
0.000719674
0.000716253
0.000689948
0.000677507
0.000656589
0.000615215
0.000710686
0.000736514
0.000753345
0.000762547
0.000767675
0.000766209
0.000755237
0.00074703
0.000735385
0.000711996
0.000758812
0.000770828
0.000777682
0.000780636
0.000781364
0.000779268
0.000772728
0.000768253
0.000763434
0.000752907
0.000777127
0.000782335
0.0007849
0.000785377
0.00078463
0.000782505
0.000777147
0.000773907
0.00077188
0.000767669
0.000783529
0.000786027
0.000787022
0.00078659
0.000785418
0.000783621
0.000778743
0.000775609
0.000774272
0.000772513
0.000786008
0.000787551
0.000787768
0.00078697
0.000785752
0.000784341
0.000779848
0.00077657
0.000775151
0.000774103
2.35473e-05
2.51652e-05
2.63508e-05
2.62872e-05
2.4738e-05
3.36365e-05
3.71168e-05
3.81583e-05
3.78396e-05
3.60574e-05
0.000129705
0.000141237
0.000147003
0.000160148
0.000190663
0.000131334
0.000130358
0.000120534
9.12969e-05
8.1132e-05
0.000250151
0.000277713
0.000306912
0.000347183
0.000389331
0.000265878
0.00022502
0.000225508
0.000229281
0.000199226
0.00044099
0.000488517
0.000531341
0.000574412
0.00055014
0.000450973
0.000471988
0.00047304
0.000462376
0.000413957
0.000609565
0.00065114
0.000684127
0.000634778
0.000626515
0.00071891
0.000672911
0.000659601
0.000638072
0.000595296
0.00071057
0.000736323
0.000705243
0.000655195
0.000659663
0.000772663
0.00075138
0.000739403
0.000725013
0.000698698
0.000758087
0.000762207
0.000708513
0.000661629
0.000666469
0.000784408
0.000773474
0.000765667
0.000758495
0.000745558
0.00077721
0.000763616
0.000702341
0.000658425
0.000659998
0.000786359
0.000779106
0.000773292
0.000769453
0.000763688
0.000784411
0.000750196
0.000686331
0.000649795
0.000644823
0.000786146
0.000781049
0.00077592
0.000772928
0.000770085
0.000787647
0.000709772
0.000660554
0.000639017
0.000631348
0.00078542
0.000782269
0.000777577
0.000774468
0.00077243
1.99808e-05
2.12327e-05
2.22151e-05
2.19276e-05
2.13511e-05
3.1849e-05
3.686e-05
3.82516e-05
3.80181e-05
3.61716e-05
0.000141959
0.000148449
0.00015777
0.000186769
0.000200658
0.000132945
0.000134234
0.000121375
9.0076e-05
8.02256e-05
0.000275529
0.000303422
0.000334772
0.000392274
0.000316347
0.000253752
0.000217574
0.000215388
0.000220676
0.000191937
0.00046444
0.000507853
0.000549855
0.000544027
0.000413167
0.000312561
0.000451483
0.000455726
0.000447026
0.000399785
0.00061897
0.000656868
0.000689718
0.000592612
0.000463119
0.000518402
0.000662484
0.000647224
0.000624547
0.00058087
0.000710662
0.00073492
0.000755368
0.000611171
0.000469631
0.000591229
0.000751355
0.000734461
0.000717013
0.00068848
0.000754584
0.000768062
0.000780621
0.000612921
0.000457754
0.000569301
0.000777796
0.000765103
0.000754788
0.000739675
0.000772923
0.000780661
0.000789621
0.000604532
0.000438779
0.000533265
0.000784593
0.000774782
0.000768047
0.000760543
0.000780265
0.000785791
0.000793407
0.000594111
0.000418247
0.000492736
0.000786475
0.000778506
0.000772698
0.000768342
0.000783731
0.00078889
0.000744907
0.000578168
0.000399701
0.000455031
0.000786838
0.000780916
0.000775075
0.000771477
1.78521e-05
1.88955e-05
1.97345e-05
1.92839e-05
1.92804e-05
3.06514e-05
3.66979e-05
3.82948e-05
3.80992e-05
3.6221e-05
0.000139571
0.000150557
0.000164685
0.000212328
0.000207444
0.000134914
0.000137931
0.000121137
8.9208e-05
7.9715e-05
0.000288124
0.000319666
0.000355766
0.000432224
0.000290037
0.000247155
0.000215211
0.000210885
0.000215692
0.000187435
0.000476802
0.000520383
0.000563992
0.000595513
0.000355989
0.000268638
0.000440474
0.000446316
0.000437572
0.000390867
0.00062292
0.000659726
0.000693093
0.000658493
0.000395125
0.000404954
0.000656995
0.000639882
0.000615687
0.000571448
0.000708514
0.000732089
0.000753377
0.000691232
0.000397833
0.000441758
0.000753699
0.000732083
0.00071165
0.000681545
0.000749951
0.000763264
0.00077704
0.000704332
0.000386234
0.000416538
0.000783932
0.000766203
0.000752535
0.000735619
0.000767669
0.000775461
0.000785794
0.000705538
0.000369959
0.000386215
0.000791717
0.000777738
0.000767713
0.000758497
0.000774948
0.000780545
0.000789644
0.000702628
0.000353554
0.000355985
0.000792753
0.000782355
0.000773492
0.000767461
0.000778326
0.000783554
0.000792293
0.000691454
0.000338888
0.000327355
0.000720135
0.000785162
0.000776681
0.000771321
1.66338e-05
1.75553e-05
1.82897e-05
1.77559e-05
1.80038e-05
2.99964e-05
3.66351e-05
3.83255e-05
3.81386e-05
3.62417e-05
0.000136299
0.00015081
0.00016887
0.00023215
0.000212106
0.000136474
0.000140375
0.00012045
8.85755e-05
7.9406e-05
0.000291783
0.000327619
0.000368381
0.000459491
0.000285885
0.000243004
0.000214951
0.000209311
0.000213141
0.000184919
0.000480779
0.000526499
0.000572396
0.000641281
0.000342506
0.000259774
0.000435379
0.000441724
0.000432325
0.000385736
0.000623131
0.000660599
0.000694851
0.000738548
0.000378637
0.000369967
0.000654091
0.000636002
0.000610476
0.000565809
0.000705954
0.000729799
0.000751599
0.000779555
0.000380489
0.000393626
0.000755968
0.000731245
0.000708476
0.000677262
0.000746349
0.000759856
0.000774045
0.000793433
0.000371051
0.000368871
0.000788893
0.000767802
0.000751412
0.000733103
0.000763875
0.000771778
0.000782452
0.000797215
0.000358882
0.000341954
0.000785581
0.000780663
0.000767996
0.00075734
0.00077114
0.000776745
0.000786155
0.000797893
0.000346603
0.000316914
0.000694023
0.000785857
0.000774682
0.000767189
0.000774439
0.000779579
0.00078867
0.000797696
0.000333118
0.000293779
0.000595229
0.000788833
0.000778514
0.000771648
1.59251e-05
1.67772e-05
1.74434e-05
1.68884e-05
1.72138e-05
2.96674e-05
3.66242e-05
3.83461e-05
3.81559e-05
3.62479e-05
0.000133977
0.000150794
0.000171453
0.000244991
0.000215604
0.000137322
0.000141548
0.00011981
8.81681e-05
7.92225e-05
0.000291925
0.000331098
0.000375209
0.000475595
0.000288872
0.000240355
0.000215391
0.000209032
0.000211957
0.000183624
0.000481172
0.000529103
0.000576974
0.000649261
0.000344323
0.000261679
0.000433491
0.000439762
0.000429663
0.00038299
0.000622149
0.000660721
0.000695903
0.000740932
0.000379199
0.000362119
0.000652493
0.00063416
0.000607666
0.000562664
0.000703961
0.000728389
0.000750652
0.000779442
0.000380408
0.000380284
0.000757254
0.000731073
0.000706765
0.000674806
0.000744051
0.000757904
0.000772343
0.000792329
0.000372088
0.000355623
0.000791788
0.000769131
0.000750945
0.000731663
0.000761594
0.000769688
0.00078049
0.000795672
0.000362888
0.000329726
0.000738034
0.000782815
0.000768454
0.000756755
0.000768914
0.000774593
0.000784063
0.000796095
0.000352492
0.000307115
0.000646776
0.000788348
0.000775765
0.000767215
0.000772217
0.00077734
0.000786457
0.000795704
0.000338226
0.000286676
0.000561186
0.000791297
0.000780018
0.000772105
1.55301e-05
1.63421e-05
1.69644e-05
1.6414e-05
1.67299e-05
2.9498e-05
3.6628e-05
3.8357e-05
3.81623e-05
3.62483e-05
0.000132752
0.000150916
0.000173105
0.000252292
0.00021764
0.000137626
0.00014192
0.000119389
8.79384e-05
7.91221e-05
0.000291484
0.00033276
0.000378942
0.000484449
0.000292344
0.000238704
0.000215919
0.000209179
0.000211457
0.000183003
0.000480822
0.000530327
0.000579549
0.000653665
0.000348482
0.000265393
0.000433076
0.000439069
0.000428419
0.000381607
0.000621306
0.000660762
0.000696652
0.000742301
0.000382355
0.000362867
0.000651639
0.000633379
0.000606261
0.000561005
0.000702757
0.000727666
0.000750293
0.00077946
0.000382875
0.000378527
0.000757762
0.000731118
0.000705912
0.000673474
0.000742756
0.000756896
0.000771529
0.000791816
0.000374851
0.000353351
0.00079316
0.000770009
0.000750794
0.000730888
0.000760342
0.0007686
0.000779507
0.00079494
0.000366959
0.000327435
0.000723538
0.000784158
0.000768862
0.000756489
0.000767718
0.000773478
0.000783002
0.000795252
0.000356849
0.000306167
0.00063386
0.000789845
0.000776553
0.000767334
0.00077105
0.000776196
0.000785333
0.00079477
0.000341367
0.00028711
0.000555718
0.000792681
0.000781038
0.000772502
1.53236e-05
1.61139e-05
1.67113e-05
1.61691e-05
1.64427e-05
2.9405e-05
3.66321e-05
3.83617e-05
3.81642e-05
3.62471e-05
0.00013221
0.000151104
0.000174126
0.000256104
0.000218536
0.00013766
0.000141954
0.000119166
8.78228e-05
7.90717e-05
0.000291202
0.000333669
0.000381039
0.000489135
0.000294412
0.000237725
0.000216328
0.000209384
0.000211267
0.00018272
0.000480544
0.000531007
0.000581053
0.000656091
0.000351209
0.000268001
0.000433199
0.000438905
0.000427881
0.00038094
0.000620834
0.000660851
0.000697195
0.000743119
0.000384388
0.000364706
0.00065123
0.000633097
0.000605605
0.000560166
0.000702125
0.000727349
0.000750219
0.00077956
0.000384371
0.000379165
0.00075789
0.000731203
0.000705517
0.000672782
0.000742082
0.00075641
0.000771183
0.00079164
0.000376367
0.000353405
0.000793713
0.00077052
0.000750773
0.00073049
0.000759694
0.000768063
0.000779059
0.000794653
0.000368956
0.000327022
0.000718688
0.00078491
0.000769152
0.000756379
0.000767105
0.000772927
0.000782509
0.000794921
0.000358494
0.00030665
0.000631328
0.000790648
0.000777053
0.000767453
0.000770459
0.000775636
0.00078481
0.000794393
0.000342432
0.00028823
0.000556209
0.000793374
0.000781653
0.000772785
1.522e-05
1.59992e-05
1.65839e-05
1.60468e-05
1.62782e-05
2.93515e-05
3.66336e-05
3.8363e-05
3.81647e-05
3.62461e-05
0.000131996
0.000151268
0.000174712
0.000258009
0.000218816
0.000137601
0.000141906
0.000119068
8.77687e-05
7.90479e-05
0.000291093
0.000334209
0.000382228
0.000491583
0.000295346
0.000237168
0.000216591
0.000209537
0.000211204
0.000182594
0.000480417
0.000531428
0.000581945
0.000657431
0.000352477
0.000269298
0.000433432
0.000438922
0.000427666
0.000380627
0.000620619
0.00066096
0.000697572
0.000743609
0.000385304
0.000365966
0.000651064
0.000633025
0.000605318
0.000559756
0.00070182
0.000727232
0.000750249
0.000779667
0.000385011
0.000379981
0.000757882
0.000731277
0.000705347
0.000672436
0.000741747
0.00075619
0.000771054
0.000791602
0.000376972
0.000353852
0.000793897
0.000770796
0.000750792
0.000730295
0.000759369
0.000767809
0.000778868
0.000794557
0.00036972
0.00032705
0.000716989
0.000785301
0.000769336
0.000756342
0.000766799
0.000772663
0.000782292
0.000794804
0.000358931
0.000307175
0.000631438
0.000791046
0.000777344
0.000767543
0.000770165
0.000775368
0.000784577
0.000794251
0.00034263
0.000289003
0.000557435
0.000793695
0.000781995
0.000772965
1.51702e-05
1.59439e-05
1.65226e-05
1.59878e-05
1.6188e-05
2.93212e-05
3.66336e-05
3.83631e-05
3.8165e-05
3.62454e-05
0.000131917
0.000151378
0.00017503
0.000258943
0.000218823
0.000137535
0.000141861
0.000119033
8.77442e-05
7.90371e-05
0.000291067
0.00033453
0.000382894
0.00049286
0.000295666
0.00023686
0.00021674
0.000209627
0.000211189
0.000182541
0.000480378
0.000531693
0.000582473
0.000658167
0.000352925
0.000269799
0.00043362
0.000438975
0.00042759
0.000380487
0.000620533
0.000661056
0.00069782
0.000743896
0.000385637
0.000366555
0.00065101
0.000633028
0.000605203
0.000559563
0.00070168
0.000727201
0.000750303
0.000779747
0.00038524
0.00038045
0.000757846
0.000731332
0.000705283
0.00067227
0.000741587
0.000756097
0.000771015
0.000791606
0.000377196
0.000354163
0.00079394
0.00077094
0.00075082
0.000730205
0.00075921
0.000767693
0.000778792
0.000794527
0.000370057
0.000327125
0.000716079
0.000785494
0.000769445
0.000756333
0.000766648
0.00077254
0.000782199
0.000794763
0.000359074
0.000307467
0.000631684
0.000791235
0.000777506
0.000767603
0.000770021
0.000775242
0.000784473
0.000794194
0.000342701
0.000289396
0.000558094
0.000793836
0.000782177
0.000773071
1.51469e-05
1.59181e-05
1.6494e-05
1.59598e-05
1.61401e-05
2.93042e-05
3.66331e-05
3.83626e-05
3.81652e-05
3.62449e-05
0.000131888
0.000151443
0.000175196
0.0002594
0.000218755
0.000137486
0.000141834
0.000119028
8.77331e-05
7.90325e-05
0.000291071
0.000334716
0.000383262
0.000493522
0.000295751
0.000236691
0.000216814
0.000209671
0.00021119
0.000182521
0.000480376
0.000531857
0.000582779
0.000658567
0.000353057
0.000269965
0.000433733
0.000439018
0.000427571
0.000380429
0.000620504
0.00066113
0.000697976
0.00074406
0.000385755
0.000366816
0.000650997
0.000633051
0.000605165
0.000559479
0.00070162
0.000727203
0.000750352
0.000779799
0.000385333
0.000380702
0.000757813
0.00073137
0.000705266
0.000672196
0.000741513
0.000756061
0.00077101
0.000791617
0.000377303
0.000354355
0.000793937
0.000771014
0.000750845
0.000730166
0.000759135
0.000767642
0.000778763
0.00079452
0.00037026
0.000327205
0.000715547
0.000785589
0.000769509
0.000756335
0.000766576
0.000772484
0.00078216
0.000794748
0.000359181
0.000307623
0.000631787
0.000791321
0.000777593
0.00076764
0.000769952
0.000775184
0.000784427
0.000794169
0.0003428
0.000289599
0.00055835
0.000793895
0.000782271
0.000773131
1.51363e-05
1.59062e-05
1.64809e-05
1.59465e-05
1.61158e-05
2.92948e-05
3.66325e-05
3.8362e-05
3.81654e-05
3.62445e-05
0.000131878
0.000151479
0.000175281
0.000259627
0.000218683
0.000137456
0.000141819
0.000119035
8.77276e-05
7.90305e-05
0.000291082
0.000334823
0.000383463
0.000493863
0.000295769
0.000236596
0.000216843
0.000209685
0.000211195
0.000182517
0.000480389
0.000531958
0.000582955
0.00065878
0.000353095
0.000270015
0.000433784
0.000439042
0.000427573
0.000380411
0.0006205
0.000661182
0.000698073
0.000744152
0.000385804
0.000366944
0.000650991
0.000633073
0.000605159
0.000559447
0.000701597
0.000727215
0.000750389
0.000779831
0.000385377
0.000380849
0.000757789
0.000731397
0.000705268
0.000672166
0.000741481
0.00075605
0.000771016
0.000791626
0.000377362
0.000354471
0.000793925
0.000771054
0.000750865
0.000730152
0.000759101
0.000767621
0.000778755
0.000794519
0.000370397
0.000327264
0.000715211
0.000785635
0.000769546
0.000756341
0.000766542
0.000772459
0.000782144
0.000794743
0.000359281
0.000307705
0.000631745
0.000791361
0.00077764
0.000767662
0.000769919
0.000775157
0.000784406
0.000794158
0.000342914
0.000289702
0.00055836
0.000793919
0.00078232
0.000773165
1.51315e-05
1.59009e-05
1.64748e-05
1.594e-05
1.61039e-05
2.92895e-05
3.6632e-05
3.83615e-05
3.81657e-05
3.62441e-05
0.000131875
0.0001515
0.000175327
0.000259743
0.000218631
0.000137437
0.000141811
0.000119047
8.77246e-05
7.90298e-05
0.000291097
0.000334888
0.000383575
0.000494041
0.000295767
0.00023654
0.000216847
0.000209682
0.0002112
0.00018252
0.000480406
0.000532023
0.000583059
0.000658894
0.000353106
0.000270031
0.000433792
0.000439049
0.000427581
0.000380411
0.000620507
0.00066122
0.000698134
0.000744202
0.000385822
0.000367013
0.000650983
0.00063309
0.000605166
0.00055944
0.000701592
0.000727228
0.000750416
0.00077985
0.000385393
0.000380937
0.000757772
0.000731416
0.000705278
0.000672159
0.000741469
0.000756049
0.000771024
0.000791633
0.00037739
0.000354539
0.000793914
0.000771078
0.000750882
0.00073015
0.000759086
0.000767613
0.000778755
0.000794521
0.000370485
0.000327295
0.000714967
0.00078566
0.00076957
0.000756347
0.000766527
0.000772448
0.000782139
0.000794742
0.000359366
0.000307741
0.000631606
0.000791381
0.000777666
0.000767676
0.000769905
0.000775146
0.000784397
0.000794154
0.000343018
0.00028975
0.000558233
0.000793928
0.000782346
0.000773183
1.51293e-05
1.58984e-05
1.6472e-05
1.59369e-05
1.60982e-05
2.92863e-05
3.66315e-05
3.83609e-05
3.81659e-05
3.62438e-05
0.000131876
0.000151513
0.000175353
0.000259805
0.000218595
0.000137424
0.000141806
0.000119061
8.77225e-05
7.90297e-05
0.000291113
0.000334931
0.00038364
0.000494135
0.000295758
0.000236504
0.000216838
0.000209668
0.000211204
0.000182526
0.000480422
0.000532068
0.000583122
0.000658955
0.000353108
0.000270035
0.000433774
0.000439045
0.000427591
0.00038042
0.000620517
0.000661249
0.000698173
0.000744231
0.000385822
0.000367052
0.00065097
0.000633101
0.000605178
0.000559445
0.000701594
0.00072724
0.000750435
0.000779862
0.00038539
0.000380991
0.000757758
0.000731431
0.00070529
0.000672161
0.000741466
0.000756052
0.000771033
0.000791638
0.000377397
0.000354579
0.000793907
0.000771094
0.000750896
0.000730153
0.000759081
0.000767612
0.000778758
0.000794524
0.000370538
0.000327308
0.000714775
0.000785675
0.000769586
0.000756353
0.000766521
0.000772445
0.000782138
0.000794743
0.000359435
0.000307751
0.000631415
0.000791392
0.000777683
0.000767685
0.000769898
0.000775141
0.000784394
0.000794152
0.000343105
0.000289767
0.000558048
0.000793932
0.000782361
0.000773194
1.51283e-05
1.58972e-05
1.64705e-05
1.59353e-05
1.60954e-05
2.92841e-05
3.66311e-05
3.83604e-05
3.81662e-05
3.62434e-05
0.000131878
0.000151523
0.00017537
0.000259839
0.000218572
0.000137415
0.000141803
0.000119077
8.77209e-05
7.90297e-05
0.00029113
0.000334962
0.000383683
0.000494188
0.000295745
0.000236478
0.000216822
0.00020965
0.000211208
0.000182534
0.000480438
0.000532102
0.000583164
0.000658989
0.000353104
0.000270034
0.000433742
0.000439034
0.0004276
0.000380432
0.000620528
0.000661271
0.0006982
0.000744249
0.00038581
0.000367075
0.000650952
0.000633107
0.00060519
0.000559455
0.0007016
0.000727251
0.00075045
0.000779871
0.000385374
0.000381027
0.000757746
0.000731443
0.000705303
0.000672167
0.000741467
0.000756056
0.000771041
0.000791643
0.000377389
0.000354604
0.000793902
0.000771107
0.000750909
0.000730158
0.00075908
0.000767613
0.000778762
0.000794526
0.000370568
0.000327311
0.000714614
0.000785686
0.000769599
0.000756359
0.000766519
0.000772445
0.000782139
0.000794745
0.000359488
0.000307747
0.000631209
0.000791399
0.000777695
0.000767692
0.000769896
0.00077514
0.000784394
0.000794153
0.000343175
0.000289769
0.000557845
0.000793935
0.000782371
0.000773202
1.51277e-05
1.58965e-05
1.64698e-05
1.59345e-05
1.60942e-05
2.92824e-05
3.66307e-05
3.83598e-05
3.81665e-05
3.62431e-05
0.00013188
0.00015153
0.000175382
0.000259859
0.000218555
0.000137408
0.0001418
0.000119092
8.77193e-05
7.90298e-05
0.000291145
0.000334988
0.000383714
0.000494221
0.000295731
0.000236458
0.000216802
0.000209628
0.000211211
0.000182542
0.000480454
0.00053213
0.000583196
0.000659011
0.000353097
0.000270029
0.000433701
0.000439018
0.000427609
0.000380446
0.000620539
0.000661291
0.000698222
0.00074426
0.000385792
0.000367091
0.000650931
0.000633111
0.000605203
0.000559467
0.000701606
0.000727262
0.000750463
0.000779878
0.00038535
0.000381054
0.000757735
0.000731453
0.000705316
0.000672176
0.00074147
0.000756061
0.000771048
0.000791648
0.000377373
0.000354621
0.000793899
0.000771118
0.000750922
0.000730165
0.00075908
0.000767616
0.000778766
0.00079453
0.000370584
0.000327309
0.000714478
0.000785695
0.00076961
0.000756365
0.000766519
0.000772446
0.000782142
0.000794748
0.000359531
0.000307737
0.000631002
0.000791406
0.000777705
0.000767697
0.000769896
0.00077514
0.000784394
0.000794154
0.000343233
0.000289764
0.00055764
0.000793937
0.000782378
0.000773207
1.51274e-05
1.58961e-05
1.64693e-05
1.59341e-05
1.60936e-05
2.9281e-05
3.66303e-05
3.83593e-05
3.81668e-05
3.62427e-05
0.000131883
0.000151537
0.000175393
0.000259872
0.000218541
0.000137402
0.000141797
0.000119108
8.77179e-05
7.903e-05
0.00029116
0.00033501
0.000383739
0.000494244
0.000295716
0.00023644
0.00021678
0.000209605
0.000211213
0.00018255
0.00048047
0.000532156
0.000583222
0.000659026
0.000353088
0.000270024
0.000433657
0.000439
0.000427617
0.00038046
0.00062055
0.000661308
0.000698239
0.000744269
0.000385772
0.000367105
0.000650908
0.000633113
0.000605215
0.00055948
0.000701613
0.000727271
0.000750474
0.000779884
0.000385323
0.000381077
0.000757724
0.000731463
0.000705329
0.000672186
0.000741473
0.000756066
0.000771056
0.000791652
0.000377352
0.000354636
0.000793897
0.000771128
0.000750934
0.000730172
0.000759082
0.000767618
0.000778771
0.000794533
0.000370592
0.000327306
0.000714361
0.000785704
0.000769621
0.000756371
0.00076652
0.000772448
0.000782145
0.000794751
0.000359568
0.000307725
0.000630803
0.000791412
0.000777714
0.000767702
0.000769896
0.000775141
0.000784395
0.000794156
0.000343285
0.000289757
0.00055744
0.000793939
0.000782385
0.000773212
1.51272e-05
1.58958e-05
1.64689e-05
1.59338e-05
1.60934e-05
2.92796e-05
3.66299e-05
3.83587e-05
3.81671e-05
3.62424e-05
0.000131886
0.000151544
0.000175402
0.000259882
0.000218528
0.000137396
0.000141794
0.000119123
8.77164e-05
7.90302e-05
0.000291174
0.000335031
0.000383762
0.000494262
0.000295702
0.000236423
0.000216758
0.000209581
0.000211216
0.000182558
0.000480486
0.000532179
0.000583245
0.000659038
0.00035308
0.000270019
0.00043361
0.000438981
0.000427625
0.000380474
0.000620561
0.000661325
0.000698256
0.000744277
0.000385752
0.000367118
0.000650883
0.000633115
0.000605227
0.000559494
0.00070162
0.00072728
0.000750485
0.00077989
0.000385295
0.000381101
0.000757713
0.000731472
0.000705342
0.000672195
0.000741477
0.000756072
0.000771063
0.000791657
0.00037733
0.00035465
0.000793896
0.000771138
0.000750945
0.000730179
0.000759084
0.000767621
0.000778776
0.000794537
0.000370598
0.000327302
0.000714254
0.000785713
0.000769631
0.000756376
0.000766521
0.000772449
0.000782148
0.000794754
0.000359603
0.000307713
0.000630606
0.000791417
0.000777722
0.000767707
0.000769897
0.000775142
0.000784397
0.000794159
0.000343334
0.000289747
0.00055724
0.000793941
0.000782391
0.000773216
1.5127e-05
1.58956e-05
1.64686e-05
1.59336e-05
1.60933e-05
2.92783e-05
3.66295e-05
3.83582e-05
3.81674e-05
3.6242e-05
0.000131888
0.00015155
0.000175411
0.000259891
0.000218516
0.00013739
0.000141791
0.000119139
8.77149e-05
7.90303e-05
0.000291189
0.000335052
0.000383783
0.000494279
0.000295687
0.000236407
0.000216735
0.000209557
0.000211218
0.000182566
0.000480501
0.000532201
0.000583267
0.000659048
0.000353071
0.000270013
0.000433562
0.000438961
0.000427633
0.000380489
0.000620572
0.000661341
0.000698271
0.000744283
0.000385731
0.000367131
0.000650859
0.000633116
0.000605239
0.000559507
0.000701627
0.000727289
0.000750495
0.000779896
0.000385268
0.000381124
0.000757702
0.000731481
0.000705355
0.000672205
0.000741481
0.000756077
0.000771069
0.000791661
0.000377307
0.000354665
0.000793895
0.000771148
0.000750957
0.000730186
0.000759086
0.000767624
0.000778781
0.00079454
0.000370602
0.000327298
0.000714154
0.000785722
0.000769641
0.000756382
0.000766522
0.000772451
0.000782151
0.000794757
0.000359637
0.000307699
0.000630409
0.000791423
0.00077773
0.000767712
0.000769898
0.000775143
0.000784399
0.000794161
0.000343381
0.000289738
0.00055704
0.000793943
0.000782398
0.00077322
1.51268e-05
1.58954e-05
1.64683e-05
1.59335e-05
1.60933e-05
2.92771e-05
3.66291e-05
3.83576e-05
3.81677e-05
3.62417e-05
0.000131891
0.000151556
0.00017542
0.000259899
0.000218504
0.000137384
0.000141788
0.000119155
8.77135e-05
7.90305e-05
0.000291203
0.000335072
0.000383804
0.000494294
0.000295673
0.000236391
0.000216711
0.000209533
0.00021122
0.000182574
0.000480517
0.000532224
0.000583288
0.000659058
0.000353062
0.000270007
0.000433513
0.000438942
0.000427641
0.000380503
0.000620583
0.000661357
0.000698286
0.00074429
0.000385711
0.000367142
0.000650834
0.000633116
0.000605251
0.000559521
0.000701633
0.000727298
0.000750505
0.000779901
0.000385241
0.000381146
0.000757692
0.00073149
0.000705368
0.000672216
0.000741485
0.000756082
0.000771076
0.000791666
0.000377284
0.000354678
0.000793894
0.000771158
0.000750969
0.000730193
0.000759088
0.000767628
0.000778785
0.000794544
0.000370606
0.000327294
0.000714056
0.00078573
0.000769651
0.000756387
0.000766524
0.000772454
0.000782154
0.000794761
0.000359671
0.000307686
0.000630214
0.000791429
0.000777738
0.000767717
0.000769899
0.000775145
0.0007844
0.000794163
0.00034343
0.000289729
0.000556842
0.000793945
0.000782404
0.000773224
1.51267e-05
1.58951e-05
1.64681e-05
1.59333e-05
1.60933e-05
2.92758e-05
3.66287e-05
3.83571e-05
3.8168e-05
3.62413e-05
0.000131894
0.000151563
0.000175429
0.000259907
0.000218495
0.000137379
0.000141785
0.00011917
8.7712e-05
7.90307e-05
0.000291217
0.000335092
0.000383825
0.000494309
0.000295658
0.000236375
0.000216688
0.000209509
0.000211222
0.000182583
0.000480533
0.000532246
0.000583309
0.000659067
0.000353055
0.000270002
0.000433464
0.000438922
0.000427649
0.000380518
0.000620594
0.000661372
0.000698301
0.000744296
0.00038569
0.000367154
0.000650808
0.000633117
0.000605263
0.000559534
0.00070164
0.000727306
0.000750514
0.000779907
0.000385213
0.000381167
0.000757681
0.000731499
0.000705381
0.000672226
0.000741489
0.000756086
0.000771083
0.00079167
0.000377261
0.000354691
0.000793893
0.000771168
0.00075098
0.0007302
0.000759091
0.000767631
0.00077879
0.000794548
0.00037061
0.000327289
0.000713953
0.000785739
0.000769661
0.000756393
0.000766525
0.000772456
0.000782157
0.000794764
0.000359705
0.000307673
0.000630017
0.000791435
0.000777747
0.000767721
0.0007699
0.000775146
0.000784402
0.000794165
0.000343478
0.000289719
0.000556643
0.000793947
0.00078241
0.000773227
1.51265e-05
1.58949e-05
1.64678e-05
1.59332e-05
1.60933e-05
2.92746e-05
3.66283e-05
3.83565e-05
3.81683e-05
3.6241e-05
0.000131897
0.000151569
0.000175437
0.000259915
0.000218484
0.000137373
0.000141782
0.000119186
8.77105e-05
7.90309e-05
0.000291231
0.000335111
0.000383845
0.000494323
0.000295644
0.000236359
0.000216664
0.000209485
0.000211225
0.000182591
0.00048055
0.000532268
0.00058333
0.000659076
0.000353048
0.000269995
0.000433415
0.000438903
0.000427657
0.000380532
0.000620605
0.000661388
0.000698316
0.000744301
0.00038567
0.000367164
0.000650783
0.000633118
0.000605276
0.000559548
0.000701647
0.000727315
0.000750524
0.000779912
0.000385185
0.000381188
0.000757671
0.000731508
0.000705394
0.000672236
0.000741493
0.000756091
0.00077109
0.000791675
0.000377238
0.000354702
0.000793893
0.000771178
0.000750992
0.000730208
0.000759093
0.000767634
0.000778795
0.000794551
0.000370614
0.000327284
0.000713843
0.000785748
0.000769672
0.000756399
0.000766527
0.000772458
0.00078216
0.000794767
0.000359739
0.000307659
0.000629816
0.000791441
0.000777755
0.000767726
0.0007699
0.000775147
0.000784404
0.000794167
0.000343526
0.000289708
0.000556439
0.000793949
0.000782416
0.000773231
1.51264e-05
1.58947e-05
1.64676e-05
1.5933e-05
1.60934e-05
2.92733e-05
3.66279e-05
3.8356e-05
3.81686e-05
3.62407e-05
0.000131899
0.000151575
0.000175446
0.000259924
0.000218469
0.000137367
0.000141779
0.000119202
8.7709e-05
7.9031e-05
0.000291244
0.000335131
0.000383866
0.000494339
0.000295629
0.000236343
0.000216641
0.000209461
0.000211227
0.000182599
0.000480566
0.000532289
0.000583351
0.000659085
0.000353036
0.000269988
0.000433366
0.000438884
0.000427665
0.000380547
0.000620615
0.000661403
0.00069833
0.000744307
0.000385647
0.000367175
0.000650758
0.00063312
0.000605288
0.000559562
0.000701654
0.000727323
0.000750534
0.000779917
0.000385156
0.000381208
0.00075766
0.000731517
0.000705407
0.000672246
0.000741496
0.000756096
0.000771096
0.000791679
0.000377216
0.000354713
0.000793893
0.000771189
0.000751004
0.000730215
0.000759095
0.000767637
0.0007788
0.000794555
0.000370619
0.000327278
0.00071373
0.000785757
0.000769682
0.000756404
0.000766528
0.00077246
0.000782163
0.000794771
0.000359774
0.000307645
0.000629614
0.000791447
0.000777763
0.000767731
0.000769901
0.000775149
0.000784405
0.00079417
0.000343575
0.000289698
0.000556234
0.000793951
0.000782423
0.000773235
1.51263e-05
1.58945e-05
1.64673e-05
1.59329e-05
1.60934e-05
2.9272e-05
3.66275e-05
3.83554e-05
3.81689e-05
3.62403e-05
0.000131902
0.000151582
0.000175456
0.000259934
0.000218459
0.000137361
0.000141776
0.000119217
8.77075e-05
7.90312e-05
0.000291256
0.000335151
0.000383887
0.000494355
0.000295614
0.000236328
0.000216617
0.000209437
0.00021123
0.000182607
0.000480581
0.00053231
0.000583371
0.000659094
0.000353027
0.000269984
0.000433317
0.000438865
0.000427673
0.000380561
0.000620626
0.000661418
0.000698345
0.000744313
0.000385622
0.000367185
0.000650732
0.000633121
0.000605301
0.000559575
0.00070166
0.000727332
0.000750543
0.000779923
0.000385128
0.000381228
0.000757649
0.000731527
0.00070542
0.000672256
0.0007415
0.000756101
0.000771103
0.000791684
0.000377194
0.000354724
0.000793892
0.000771199
0.000751016
0.000730222
0.000759097
0.00076764
0.000778804
0.000794558
0.000370625
0.000327273
0.000713612
0.000785766
0.000769692
0.00075641
0.000766529
0.000772462
0.000782166
0.000794774
0.000359808
0.000307631
0.000629411
0.000791453
0.000777772
0.000767735
0.000769902
0.00077515
0.000784407
0.000794172
0.000343624
0.000289688
0.000556031
0.000793953
0.000782429
0.000773239
1.51261e-05
1.58943e-05
1.64671e-05
1.59328e-05
1.60934e-05
2.92707e-05
3.66271e-05
3.83548e-05
3.81692e-05
3.62399e-05
0.000131906
0.000151589
0.000175466
0.000259944
0.000218451
0.000137356
0.000141773
0.000119233
8.77059e-05
7.90314e-05
0.000291268
0.00033517
0.000383907
0.000494371
0.000295597
0.000236312
0.000216594
0.000209414
0.000211233
0.000182616
0.000480597
0.000532331
0.000583392
0.000659103
0.00035302
0.000269977
0.000433267
0.000438846
0.000427682
0.000380576
0.000620636
0.000661432
0.000698359
0.000744319
0.000385604
0.000367197
0.000650707
0.000633123
0.000605314
0.000559589
0.000701666
0.00072734
0.000750553
0.000779928
0.000385101
0.000381247
0.000757639
0.000731537
0.000705434
0.000672267
0.000741504
0.000756106
0.00077111
0.000791688
0.000377172
0.000354733
0.000793892
0.00077121
0.000751028
0.00073023
0.000759099
0.000767643
0.000778809
0.000794562
0.00037063
0.000327267
0.000713486
0.000785775
0.000769702
0.000756416
0.00076653
0.000772464
0.00078217
0.000794777
0.000359843
0.000307617
0.000629203
0.000791459
0.00077778
0.00076774
0.000769903
0.000775151
0.000784409
0.000794174
0.000343674
0.000289678
0.000555821
0.000793955
0.000782435
0.000773243
1.5126e-05
1.58941e-05
1.64668e-05
1.59326e-05
1.60935e-05
2.92694e-05
3.66267e-05
3.83543e-05
3.81695e-05
3.62395e-05
0.000131909
0.000151596
0.000175475
0.000259952
0.000218454
0.00013735
0.000141771
0.000119249
8.77043e-05
7.90316e-05
0.000291282
0.000335189
0.000383928
0.000494383
0.000295576
0.000236298
0.000216571
0.00020939
0.000211236
0.000182625
0.000480614
0.000532352
0.000583412
0.000659112
0.000353018
0.000269969
0.000433218
0.000438828
0.000427691
0.000380592
0.000620647
0.000661447
0.000698373
0.000744325
0.000385579
0.000367199
0.000650682
0.000633125
0.000605327
0.000559604
0.000701673
0.000727348
0.000750563
0.000779934
0.000385065
0.000381254
0.000757629
0.000731547
0.000705448
0.000672278
0.000741507
0.00075611
0.000771116
0.000791693
0.000377142
0.000354733
0.000793892
0.000771221
0.000751041
0.000730238
0.000759101
0.000767646
0.000778814
0.000794566
0.00037063
0.000327253
0.000713312
0.000785784
0.000769713
0.000756422
0.000766532
0.000772466
0.000782173
0.000794781
0.000359869
0.000307595
0.000628962
0.000791466
0.000777789
0.000767745
0.000769904
0.000775153
0.000784411
0.000794177
0.000343716
0.000289661
0.00055558
0.000793958
0.000782442
0.000773247
1.51259e-05
1.58939e-05
1.64666e-05
1.59326e-05
1.60934e-05
2.92677e-05
3.66261e-05
3.83536e-05
3.81697e-05
3.62391e-05
0.000131913
0.000151603
0.000175483
0.000259953
0.000218456
0.000137344
0.000141768
0.000119265
8.77029e-05
7.90316e-05
0.000291295
0.000335208
0.000383944
0.000494388
0.000295554
0.000236284
0.000216548
0.000209367
0.00021124
0.000182635
0.000480632
0.000532373
0.000583428
0.000659116
0.000353011
0.000269951
0.000433169
0.00043881
0.000427702
0.00038061
0.000620658
0.000661461
0.000698386
0.000744329
0.000385549
0.000367181
0.000650658
0.000633128
0.000605343
0.000559621
0.00070168
0.000727356
0.000750571
0.000779938
0.000385022
0.000381246
0.000757621
0.000731559
0.000705464
0.00067229
0.000741511
0.000756115
0.000771122
0.000791697
0.000377109
0.00035472
0.000793894
0.000771233
0.000751054
0.000730246
0.000759104
0.000767648
0.000778818
0.00079457
0.000370635
0.000327226
0.000713065
0.000785794
0.000769725
0.000756429
0.000766533
0.000772468
0.000782175
0.000794785
0.000359897
0.000307565
0.000628672
0.000791473
0.000777799
0.000767751
0.000769905
0.000775154
0.000784412
0.00079418
0.000343764
0.000289638
0.000555288
0.000793961
0.00078245
0.000773252
1.5126e-05
1.58939e-05
1.64665e-05
1.59325e-05
1.60934e-05
2.92657e-05
3.66254e-05
3.83528e-05
3.81698e-05
3.62383e-05
0.000131918
0.000151611
0.000175494
0.000259964
0.000218393
0.000137336
0.000141765
0.000119282
8.76997e-05
7.90309e-05
0.000291309
0.000335229
0.000383963
0.000494411
0.000295483
0.00023627
0.000216524
0.000209343
0.000211247
0.000182647
0.000480649
0.000532394
0.000583447
0.000659131
0.000352877
0.00026992
0.000433122
0.000438792
0.000427716
0.00038063
0.000620671
0.000661476
0.0006984
0.000744339
0.000385396
0.000367099
0.000650637
0.000633133
0.000605359
0.000559639
0.000701687
0.000727364
0.000750581
0.000779947
0.000384872
0.000381151
0.000757618
0.000731573
0.00070548
0.000672304
0.000741515
0.00075612
0.00077113
0.000791706
0.000376974
0.000354621
0.0007939
0.000771249
0.000751069
0.000730256
0.000759106
0.000767652
0.000778825
0.000794579
0.000370557
0.000327128
0.000712456
0.000785808
0.000769738
0.000756436
0.000766535
0.00077247
0.000782181
0.000794795
0.000359835
0.000307468
0.000628113
0.000791484
0.00077781
0.000767757
0.000769906
0.000775156
0.000784416
0.000794189
0.00034373
0.000289556
0.000554771
0.000793967
0.00078246
0.000773258
1.51263e-05
1.58941e-05
1.64665e-05
1.59327e-05
1.60926e-05
2.92601e-05
3.66236e-05
3.83512e-05
3.81692e-05
3.62368e-05
0.000131914
0.00015161
0.00017549
0.000259914
0.000218354
0.000137326
0.000141768
0.000119308
8.76972e-05
7.90299e-05
0.000291304
0.000335231
0.000383947
0.000494384
0.000295371
0.000236267
0.000216507
0.000209326
0.00021127
0.000182672
0.000480643
0.000532394
0.000583431
0.000659119
0.000352738
0.00026983
0.000433078
0.000438783
0.000427755
0.000380672
0.000620664
0.000661473
0.000698389
0.000744329
0.000385273
0.000366929
0.000650624
0.000633152
0.0006054
0.000559679
0.000701682
0.000727361
0.000750574
0.000779939
0.000384794
0.00038096
0.000757625
0.0007316
0.000705515
0.000672333
0.000741512
0.000756117
0.000771125
0.000791702
0.000376972
0.000354455
0.000793914
0.000771275
0.000751096
0.000730276
0.000759104
0.00076765
0.00077882
0.00079458
0.000370652
0.000326998
0.000711356
0.000785829
0.00076976
0.00075645
0.000766534
0.000772468
0.000782175
0.000794801
0.000359889
0.00030735
0.000627318
0.0007915
0.000777831
0.000767768
0.000769905
0.000775152
0.000784408
0.000794198
0.000343834
0.000289479
0.000553926
0.000793975
0.000782478
0.000773268
1.51286e-05
1.58954e-05
1.64676e-05
1.59334e-05
1.60917e-05
2.92538e-05
3.6621e-05
3.8349e-05
3.8168e-05
3.62334e-05
0.000131947
0.000151651
0.000175519
0.000259974
0.000218248
0.000137321
0.000141773
0.00011932
8.76748e-05
7.90174e-05
0.000291318
0.000335257
0.000383964
0.000494452
0.00029488
0.000236276
0.000216484
0.000209309
0.000211313
0.000182711
0.000480637
0.000532406
0.000583445
0.000659186
0.000351918
0.000269676
0.000433048
0.000438783
0.000427815
0.000380738
0.000620665
0.000661481
0.000698409
0.000744391
0.000384191
0.000366263
0.000650643
0.000633185
0.00060545
0.000559734
0.000701683
0.000727368
0.000750598
0.000779998
0.000383661
0.000379995
0.000757678
0.000731649
0.000705556
0.000672371
0.000741515
0.000756124
0.000771151
0.000791759
0.00037589
0.000353474
0.000793971
0.000771328
0.000751132
0.000730303
0.000759108
0.000767658
0.000778848
0.00079464
0.000369788
0.000326127
0.000706879
0.000785871
0.000769792
0.000756471
0.000766539
0.000772478
0.000782206
0.000794863
0.000358927
0.000306584
0.000624071
0.000791542
0.000777865
0.000767787
0.00076991
0.000775166
0.000784442
0.000794265
0.00034299
0.000288814
0.000551081
0.00079401
0.000782515
0.000773288
1.51332e-05
1.58997e-05
1.64696e-05
1.5935e-05
1.6085e-05
2.92163e-05
3.66074e-05
3.83379e-05
3.81604e-05
3.62219e-05
0.000131788
0.000151489
0.00017537
0.000259496
0.000218611
0.000137305
0.000141837
0.000119437
8.76734e-05
7.90241e-05
0.000291048
0.000335038
0.000383647
0.000494006
0.000294285
0.000236397
0.000216504
0.000209304
0.000211464
0.000182829
0.000480397
0.000532193
0.000583146
0.000658988
0.000351415
0.000269066
0.00043304
0.000438805
0.000428029
0.000380919
0.000620483
0.000661314
0.000698209
0.000744266
0.000383711
0.000364893
0.00065071
0.000633308
0.000605654
0.000559909
0.000701561
0.000727262
0.000750469
0.000779907
0.000383395
0.000378467
0.000757812
0.000731793
0.000705716
0.000672505
0.000741441
0.000756058
0.00077106
0.00079171
0.000376036
0.000352081
0.000794086
0.000771462
0.000751247
0.000730389
0.000759065
0.000767611
0.000778772
0.000794639
0.000370767
0.000325266
0.000698319
0.000785986
0.000769883
0.000756526
0.000766509
0.000772436
0.000782131
0.000794901
0.000359056
0.000305831
0.000619278
0.000791636
0.000777956
0.000767832
0.000769881
0.000775118
0.00078436
0.000794285
0.000343464
0.000288301
0.000545741
0.000794054
0.000782604
0.000773336
1.51538e-05
1.59157e-05
1.64872e-05
1.59476e-05
1.60773e-05
2.91525e-05
3.65833e-05
3.83243e-05
3.81423e-05
3.61929e-05
0.000132418
0.00015202
0.000175523
0.000259244
0.000217602
0.000137213
0.000142049
0.000119436
8.74849e-05
7.88671e-05
0.00029119
0.000334982
0.000383274
0.000493654
0.000289808
0.00023673
0.000216656
0.000209603
0.00021213
0.000183434
0.000480313
0.000531924
0.000582719
0.000659079
0.000345024
0.000267172
0.000433246
0.000439271
0.000429013
0.000381949
0.000620326
0.000661118
0.000698046
0.000744498
0.000375788
0.000358919
0.000651151
0.000633878
0.000606454
0.000560777
0.000701467
0.000727217
0.000750491
0.000780195
0.000375649
0.000370611
0.000758358
0.000732344
0.000706296
0.0006731
0.000741444
0.000756103
0.000771176
0.000792067
0.000369515
0.000345019
0.000774308
0.000771957
0.000751682
0.000730789
0.000759137
0.000767704
0.000778934
0.00079507
0.000364836
0.000319188
0.000667607
0.000786429
0.000770257
0.000756836
0.000766615
0.000772558
0.000782324
0.000795407
0.000352253
0.000300638
0.000597862
0.000792022
0.000778326
0.000768111
0.000770004
0.000775269
0.000784608
0.000794703
0.000337645
0.000283816
0.000527273
0.000794361
0.000782992
0.000773616
1.51706e-05
1.59397e-05
1.64786e-05
1.59339e-05
1.60332e-05
2.89919e-05
3.65161e-05
3.82444e-05
3.81397e-05
3.61694e-05
0.000129879
0.000150043
0.000174608
0.000258121
0.000218217
0.000137504
0.000142333
0.000120166
8.75373e-05
7.90303e-05
0.000289573
0.000333635
0.000382697
0.000492584
0.000285166
0.000236875
0.000216111
0.000208535
0.000211734
0.000182729
0.000479316
0.000530837
0.000582081
0.000659087
0.000337223
0.000264143
0.000433092
0.000437938
0.000428334
0.000380802
0.00061966
0.000660326
0.00069743
0.000744671
0.000366988
0.000347583
0.000651433
0.000633506
0.00060605
0.000559972
0.000700951
0.000726612
0.000749956
0.000780337
0.000367891
0.000356031
0.000759295
0.000732542
0.000706128
0.000672684
0.00074097
0.00075556
0.000770721
0.000792295
0.000363323
0.000331703
0.000707976
0.000772377
0.000751602
0.000730557
0.000758676
0.000767213
0.00077856
0.000795337
0.000356542
0.000307953
0.000616216
0.00078699
0.000770262
0.000756651
0.000766164
0.00077212
0.000782048
0.000795645
0.00034404
0.000292331
0.00055354
0.000792599
0.000778455
0.000767949
0.000769537
0.000774851
0.000784395
0.000794898
0.000331975
0.000276784
0.000486235
0.000794836
0.000783254
0.000773493
1.54018e-05
1.62186e-05
1.67398e-05
1.61467e-05
1.58667e-05
2.76594e-05
3.59105e-05
3.79923e-05
3.7585e-05
3.55818e-05
0.000137639
0.000152236
0.000172827
0.000246785
0.000216741
0.00013711
0.000146245
0.000121208
8.71712e-05
7.76643e-05
0.000288286
0.000328466
0.000374281
0.000478428
0.000260185
0.00024586
0.000220721
0.000216568
0.000221401
0.00019469
0.000476582
0.000524385
0.000574345
0.000643316
0.000313023
0.000249123
0.000437579
0.000449358
0.000443666
0.000399891
0.000616721
0.000655742
0.000693844
0.00069153
0.000345517
0.000316756
0.000647447
0.000644798
0.000619772
0.000576815
0.000700095
0.000725358
0.000749797
0.000724402
0.000352606
0.000328473
0.000615547
0.000742362
0.000716713
0.000685107
0.000742528
0.000756881
0.000772425
0.000747147
0.000354053
0.000312882
0.000555989
0.000780254
0.000760037
0.000739423
0.000761733
0.000769851
0.000781012
0.00076524
0.000349194
0.000297567
0.000502296
0.000792755
0.000777677
0.000763543
0.000769805
0.000775209
0.000784663
0.000776783
0.000344615
0.000284999
0.000454895
0.000795962
0.000785357
0.000774018
0.000773221
0.000777948
0.000786918
0.000777375
0.000340413
0.000270996
0.000404568
0.000795289
0.00078961
0.000779375
)
;

boundaryField
{
    inlet
    {
        type            calculated;
        value           nonuniform List<scalar> 
500
(
0.000791677
0.000791677
0.000791677
0.000791677
0.000791677
0.000791677
0.000791677
0.000791677
0.000791677
0.000791677
0.000791677
0.000791677
0.000791677
0.000791677
0.000791677
0.000791677
0.000791677
0.000791677
0.000791677
0.000791677
0.000791677
0.000791677
0.000791677
0.000791677
0.000791677
0.000791677
0.000791677
0.000791677
0.000791677
0.000791677
0.000791677
0.000791677
0.000791677
0.000791677
0.000791677
0.000791677
0.000791677
0.000791677
0.000791677
0.000791677
0.000791677
0.000791677
0.000791677
0.000791677
0.000791677
0.000791677
0.000791677
0.000791677
0.000791677
0.000791677
0.000791677
0.000791677
0.000791677
0.000791677
0.000791677
0.000791677
0.000791677
0.000791677
0.000791677
0.000791677
0.000791677
0.000791677
0.000791677
0.000791677
0.000791677
0.000791677
0.000791677
0.000791677
0.000791677
0.000791677
0.000791677
0.000791677
0.000791677
0.000791677
0.000791677
0.000791677
0.000791677
0.000791677
0.000791677
0.000791677
0.000791677
0.000791677
0.000791677
0.000791677
0.000791677
0.000791677
0.000791677
0.000791677
0.000791677
0.000791677
0.000791677
0.000791677
0.000791677
0.000791677
0.000791677
0.000791677
0.000791677
0.000791677
0.000791677
0.000791677
6.67275e-06
0.000701171
0.000791677
0.000791677
0.000791677
0.000791677
0.000791677
0.000791677
0.000791677
0.000791677
7.25701e-06
0.000791677
0.000791677
0.000791677
0.000791677
0.000791677
0.000791677
0.000791677
0.000791677
0.000791677
7.73257e-06
0.000791677
0.000791677
0.000791677
0.000791677
0.000791677
0.000791677
0.000791677
0.000791677
0.000791677
8.06783e-06
0.000791677
0.000791677
0.000791677
0.000791677
0.000791677
0.000791677
0.000791677
0.000791677
0.000791677
8.24102e-06
0.000791677
0.000791677
0.000791677
0.000791677
0.000791677
0.000791677
0.000791677
0.000791677
0.000791677
8.24102e-06
0.000791677
0.000791677
0.000791677
0.000791677
0.000791677
0.000791677
0.000791677
0.000791677
0.000791677
8.06783e-06
0.000791677
0.000791677
0.000791677
0.000791677
0.000791677
0.000791677
0.000791677
0.000791677
0.000791677
7.73257e-06
0.000791677
0.000791677
0.000791677
0.000791677
0.000791677
0.000791677
0.000791677
0.000791677
0.000791677
7.25701e-06
0.000791677
0.000791677
0.000791677
0.000791677
0.000791677
0.000791677
0.000791677
0.000791677
0.000791677
6.67276e-06
0.000701115
0.000791677
0.000791677
0.000791677
0.000791677
0.000791677
0.000791677
0.000791677
0.000791677
6.67271e-06
0.000700463
0.000791677
0.000791677
0.000791677
0.000791677
0.000791677
0.000791677
0.000791677
0.000791677
7.25683e-06
0.000791677
0.000791677
0.000791677
0.000791677
0.000791677
0.000791677
0.000791677
0.000791677
0.000791677
7.73225e-06
0.000791677
0.000791677
0.000791677
0.000791677
0.000791677
0.000791677
0.000791677
0.000791677
0.000791677
8.06736e-06
0.000791677
0.000791677
0.000791677
0.000791677
0.000791677
0.000791677
0.000791677
0.000791677
0.000791677
8.24112e-06
0.000791677
0.000791677
0.000791677
0.000791677
0.000791677
0.000791677
0.000791677
0.000791677
0.000791677
8.2406e-06
0.000791677
0.000791677
0.000791677
0.000791677
0.000791677
0.000791677
0.000791677
0.000791677
0.000791677
8.06767e-06
0.000791677
0.000791677
0.000791677
0.000791677
0.000791677
0.000791677
0.000791677
0.000791677
0.000791677
7.7329e-06
0.000791677
0.000791677
0.000791677
0.000791677
0.000791677
0.000791677
0.000791677
0.000791677
0.000791677
7.25757e-06
0.000791677
0.000791677
0.000791677
0.000791677
0.000791677
0.000791677
0.000791677
0.000791677
0.000791677
6.67334e-06
0.000700364
0.000791677
0.000791677
0.000791677
0.000791677
0.000791677
0.000791677
0.000791677
0.000791677
6.67351e-06
0.000701602
0.000791677
0.000791677
0.000791677
0.000791677
0.000791677
0.000791677
0.000791677
0.000791677
7.25794e-06
0.000791677
0.000791677
0.000791677
0.000791677
0.000791677
0.000791677
0.000791677
0.000791677
0.000791677
7.73367e-06
0.000791677
0.000791677
0.000791677
0.000791677
0.000791677
0.000791677
0.000791677
0.000791677
0.000791677
8.06905e-06
0.000791677
0.000791677
0.000791677
0.000791677
0.000791677
0.000791677
0.000791677
0.000791677
0.000791677
8.2423e-06
0.000791677
0.000791677
0.000791677
0.000791677
0.000791677
0.000791677
0.000791677
0.000791677
0.000791677
8.2423e-06
0.000791677
0.000791677
0.000791677
0.000791677
0.000791677
0.000791677
0.000791677
0.000791677
0.000791677
8.06905e-06
0.000791677
0.000791677
0.000791677
0.000791677
0.000791677
0.000791677
0.000791677
0.000791677
0.000791677
7.73367e-06
0.000791677
0.000791677
0.000791677
0.000791677
0.000791677
0.000791677
0.000791677
0.000791677
0.000791677
7.25794e-06
0.000791677
0.000791677
0.000791677
0.000791677
0.000791677
0.000791677
0.000791677
0.000791677
0.000791677
6.67352e-06
0.000701591
0.000791677
0.000791677
0.000791677
0.000791677
0.000791677
0.000791677
0.000791677
0.000791677
6.67334e-06
0.000700416
0.000791677
0.000791677
0.000791677
0.000791677
0.000791677
0.000791677
0.000791677
0.000791677
7.25757e-06
0.000791677
0.000791677
0.000791677
0.000791677
0.000791677
0.000791677
0.000791677
0.000791677
0.000791677
7.7329e-06
0.000791677
0.000791677
0.000791677
0.000791677
0.000791677
0.000791677
0.000791677
0.000791677
0.000791677
8.06766e-06
0.000791677
0.000791677
0.000791677
0.000791677
0.000791677
0.000791677
0.000791677
0.000791677
0.000791677
8.2406e-06
0.000791677
0.000791677
0.000791677
0.000791677
0.000791677
0.000791677
0.000791677
0.000791677
0.000791677
8.24112e-06
0.000791677
0.000791677
0.000791677
0.000791677
0.000791677
0.000791677
0.000791677
0.000791677
0.000791677
8.06736e-06
0.000791677
0.000791677
0.000791677
0.000791677
0.000791677
0.000791677
0.000791677
0.000791677
0.000791677
7.73225e-06
0.000791677
0.000791677
0.000791677
0.000791677
0.000791677
0.000791677
0.000791677
0.000791677
0.000791677
7.25682e-06
0.000791677
0.000791677
0.000791677
0.000791677
0.000791677
0.000791677
0.000791677
0.000791677
0.000791677
6.6727e-06
0.000700585
0.000791677
0.000791677
0.000791677
0.000791677
0.000791677
0.000791677
0.000791677
0.000791677
)
;
    }
    outlet
    {
        type            calculated;
        value           nonuniform List<scalar> 
500
(
0.000781437
0.000791247
0.000794473
0.000401649
0.000270348
0.000349677
0.000797007
0.000787576
0.000778914
0.000774561
0.000781665
0.000791378
0.000795058
0.000403712
0.000267491
0.000342941
0.000796552
0.000787374
0.000778963
0.000774913
0.000781803
0.000791516
0.000796035
0.000407001
0.000266275
0.000338383
0.000796499
0.000787434
0.000779071
0.000775063
0.00078192
0.000791682
0.000797133
0.000410246
0.00026658
0.000336072
0.000796634
0.000787578
0.00077921
0.000775156
0.000781998
0.000791823
0.000797968
0.000412068
0.000268483
0.000336112
0.000796908
0.000787742
0.000779321
0.000775213
0.000781999
0.000791824
0.000797967
0.000412012
0.000268482
0.000336125
0.000796907
0.000787743
0.000779324
0.000775216
0.000781924
0.000791686
0.000797131
0.000410106
0.000266575
0.000336115
0.000796633
0.00078758
0.000779217
0.000775166
0.000781811
0.000791524
0.000796029
0.000406816
0.000266276
0.000338442
0.000796496
0.000787439
0.000779081
0.000775079
0.000781678
0.00079139
0.000795043
0.000403613
0.000267497
0.000342974
0.000796545
0.000787376
0.000778973
0.000774935
0.00078146
0.000791263
0.000794446
0.000401421
0.000270331
0.000349902
0.00079699
0.000787572
0.000778927
0.000774593
3.53032e-05
7.74584e-05
0.000199457
0.000407201
0.000582401
0.000688116
0.000740372
0.000762998
0.000772248
0.000776584
3.70677e-05
8.34915e-05
0.000232262
0.000456171
0.000623855
0.00071381
0.000752992
0.000767911
0.000773461
0.0007766
3.82172e-05
9.04658e-05
0.00025769
0.000491401
0.000651437
0.000729153
0.000759599
0.00077005
0.00077378
0.000776505
3.8932e-05
9.58769e-05
0.000275333
0.000514158
0.000667806
0.000737389
0.000762724
0.000770847
0.000773761
0.000776398
3.92719e-05
9.88277e-05
0.0002845
0.000525486
0.000675533
0.00074105
0.000764012
0.000771122
0.000773713
0.000776347
3.92723e-05
9.88268e-05
0.000284488
0.000525471
0.000675525
0.000741047
0.000764012
0.000771123
0.000773714
0.000776348
3.89331e-05
9.5875e-05
0.000275302
0.000514125
0.000667791
0.000737385
0.000762725
0.000770849
0.000773764
0.000776402
3.82189e-05
9.04623e-05
0.00025763
0.000491332
0.000651401
0.000729144
0.000759601
0.000770055
0.000773786
0.000776513
3.70725e-05
8.34866e-05
0.000232122
0.000456007
0.000623772
0.000713789
0.000752996
0.000767921
0.000773472
0.000776611
3.53069e-05
7.74625e-05
0.000199332
0.000407053
0.000582326
0.0006881
0.00074038
0.000763013
0.000772266
0.000776604
3.5577e-05
7.76683e-05
0.000194807
0.000400108
0.000577005
0.000685222
0.000739481
0.000763574
0.000774042
0.000779399
3.75745e-05
8.70338e-05
0.000222094
0.000444548
0.000620277
0.000716916
0.0007601
0.000777698
0.000785374
0.000789628
3.80286e-05
0.000120385
0.000217979
0.00045099
0.000645521
0.000742598
0.000780318
0.000792768
0.00079596
0.000795271
3.59218e-05
0.000146088
0.000220727
0.000437609
0.000656889
0.000651633
0.000586906
0.00052808
0.0004766
0.00042237
2.7671e-05
0.000137052
0.000245382
0.000251092
0.000323993
0.000339157
0.000323669
0.000308467
0.000294841
0.00027955
1.58775e-05
0.000219519
0.000266036
0.000322294
0.000357865
0.000366042
0.00036819
0.000364611
0.000359718
0.000354752
1.61867e-05
0.00024555
0.000476065
0.00064995
0.000741394
0.000780326
0.000793905
0.000797582
0.000798186
0.000797774
1.67477e-05
0.000172374
0.000373901
0.000574
0.000693531
0.000749572
0.000772272
0.000780914
0.000784609
0.000786894
1.62154e-05
0.000152331
0.000328903
0.000524817
0.000656016
0.000725497
0.000756951
0.000769891
0.000775234
0.000777966
1.54021e-05
0.000138036
0.000288748
0.000476968
0.000617041
0.000700304
0.00074265
0.000761808
0.000769858
0.00077326
1.54497e-05
0.000128423
0.000286702
0.000477186
0.000615827
0.000698445
0.000741435
0.000761294
0.000769618
0.000772861
1.64314e-05
0.00013972
0.000323173
0.000523108
0.00065266
0.000721706
0.000753823
0.000766977
0.000771819
0.000773536
1.72137e-05
0.000148617
0.000351394
0.000555358
0.000675874
0.000734821
0.000760019
0.000769443
0.000772598
0.000773724
1.77542e-05
0.000154603
0.000371215
0.000576577
0.000689968
0.000742151
0.000763188
0.000770567
0.000772882
0.000773767
1.80306e-05
0.000157375
0.00038133
0.000587058
0.0006966
0.000745428
0.000764529
0.000771005
0.000772971
0.000773773
1.80303e-05
0.000157365
0.00038135
0.000587066
0.000696604
0.00074543
0.00076453
0.000771005
0.000772969
0.00077377
1.7754e-05
0.000154453
0.000371161
0.000576571
0.000689957
0.000742137
0.000763178
0.000770559
0.000772875
0.000773759
1.72137e-05
0.000148525
0.000351325
0.000555326
0.000675842
0.000734792
0.000759998
0.000769428
0.000772584
0.00077371
1.64321e-05
0.000139512
0.000322961
0.000522983
0.000652555
0.000721624
0.000753769
0.00076694
0.000771789
0.000773511
1.54505e-05
0.000127921
0.000286418
0.000476976
0.00061564
0.000698292
0.000741329
0.000761218
0.000769561
0.000772816
1.54032e-05
0.000137995
0.000288286
0.000476582
0.000616721
0.000700095
0.000742528
0.000761733
0.000769805
0.000773221
1.62198e-05
0.000152236
0.000328466
0.000524385
0.000655742
0.000725358
0.000756881
0.000769851
0.000775209
0.000777948
1.67408e-05
0.000172827
0.000374281
0.000574345
0.000693844
0.000749797
0.000772425
0.000781012
0.000784663
0.000786918
1.61476e-05
0.000246785
0.000478428
0.000651798
0.000742399
0.00078081
0.000794165
0.000797758
0.000798297
0.000797831
1.58659e-05
0.000219645
0.000266518
0.000322966
0.000358105
0.00036606
0.000368107
0.000364355
0.000359364
0.000354489
2.76566e-05
0.000137196
0.00024586
0.000251648
0.00032446
0.000339371
0.000323852
0.00030855
0.000294822
0.000279523
3.59098e-05
0.000146168
0.000220721
0.000437579
0.000656842
0.000653122
0.000588419
0.00052909
0.000477261
0.000422822
3.79918e-05
0.000121208
0.000216568
0.000449358
0.000644798
0.000742362
0.000780254
0.000792755
0.000795962
0.000795289
3.75834e-05
8.71712e-05
0.000221401
0.000443666
0.000619772
0.000716713
0.000760037
0.000777677
0.000785357
0.00078961
3.55798e-05
7.76643e-05
0.00019469
0.000399891
0.000576815
0.000685107
0.000739423
0.000763543
0.000774018
0.000779375
)
;
    }
    walls
    {
        type            nutkWallFunction;
        blending        stepwise;
        value           nonuniform List<scalar> 
1600
(
7.38175e-06
1.06105e-05
1.29973e-05
1.44933e-05
1.53143e-05
1.57342e-05
1.59406e-05
1.60588e-05
1.61354e-05
1.61755e-05
1.61931e-05
1.61994e-05
1.62008e-05
1.62005e-05
1.62e-05
1.61996e-05
1.61994e-05
1.61992e-05
1.61991e-05
1.6199e-05
1.6199e-05
1.61989e-05
1.61989e-05
1.61988e-05
1.61987e-05
1.61987e-05
1.61986e-05
1.61986e-05
1.61985e-05
1.61985e-05
1.61984e-05
1.61984e-05
1.61984e-05
1.61985e-05
1.61983e-05
1.62009e-05
1.61963e-05
1.62249e-05
1.61867e-05
1.6351e-05
8.06559e-06
1.12372e-05
1.37227e-05
1.53979e-05
1.63881e-05
1.69276e-05
1.7201e-05
1.73528e-05
1.74457e-05
1.74958e-05
1.75194e-05
1.75291e-05
1.75322e-05
1.75326e-05
1.75323e-05
1.7532e-05
1.75318e-05
1.75316e-05
1.75315e-05
1.75314e-05
1.75313e-05
1.75313e-05
1.75312e-05
1.75312e-05
1.75311e-05
1.75311e-05
1.7531e-05
1.7531e-05
1.75309e-05
1.75309e-05
1.75309e-05
1.75308e-05
1.75308e-05
1.7531e-05
1.75307e-05
1.75337e-05
1.75284e-05
1.7561e-05
1.75149e-05
1.77162e-05
8.6257e-06
1.17468e-05
1.42811e-05
1.60677e-05
1.71729e-05
1.78002e-05
1.81328e-05
1.83196e-05
1.84341e-05
1.84978e-05
1.85289e-05
1.85425e-05
1.85473e-05
1.85485e-05
1.85485e-05
1.85482e-05
1.8548e-05
1.85478e-05
1.85478e-05
1.85477e-05
1.85477e-05
1.85476e-05
1.85476e-05
1.85476e-05
1.85476e-05
1.85476e-05
1.85475e-05
1.85475e-05
1.85475e-05
1.85475e-05
1.85475e-05
1.85475e-05
1.85475e-05
1.85477e-05
1.85474e-05
1.85507e-05
1.85448e-05
1.85797e-05
1.85307e-05
1.8733e-05
9.02134e-06
1.21066e-05
1.46648e-05
1.65182e-05
1.76968e-05
1.83817e-05
1.87548e-05
1.89663e-05
1.90971e-05
1.91714e-05
1.92086e-05
1.92254e-05
1.92318e-05
1.92335e-05
1.92337e-05
1.92335e-05
1.92333e-05
1.92332e-05
1.92331e-05
1.92331e-05
1.92331e-05
1.9233e-05
1.9233e-05
1.9233e-05
1.9233e-05
1.9233e-05
1.9233e-05
1.9233e-05
1.9233e-05
1.9233e-05
1.9233e-05
1.9233e-05
1.9233e-05
1.92332e-05
1.92329e-05
1.92364e-05
1.92301e-05
1.92663e-05
1.92163e-05
1.94155e-05
9.22584e-06
1.22928e-05
1.48605e-05
1.67447e-05
1.79587e-05
1.86718e-05
1.90654e-05
1.92898e-05
1.94293e-05
1.95093e-05
1.95498e-05
1.95684e-05
1.95756e-05
1.95777e-05
1.95781e-05
1.95779e-05
1.95777e-05
1.95776e-05
1.95775e-05
1.95775e-05
1.95775e-05
1.95775e-05
1.95775e-05
1.95775e-05
1.95775e-05
1.95775e-05
1.95775e-05
1.95775e-05
1.95775e-05
1.95775e-05
1.95775e-05
1.95775e-05
1.95775e-05
1.95778e-05
1.95775e-05
1.9581e-05
1.95745e-05
1.96113e-05
1.95611e-05
1.97576e-05
9.22584e-06
1.22928e-05
1.48605e-05
1.67448e-05
1.79587e-05
1.86719e-05
1.90654e-05
1.92899e-05
1.94294e-05
1.95093e-05
1.95499e-05
1.95685e-05
1.95757e-05
1.95778e-05
1.95781e-05
1.9578e-05
1.95778e-05
1.95777e-05
1.95776e-05
1.95776e-05
1.95775e-05
1.95775e-05
1.95775e-05
1.95775e-05
1.95775e-05
1.95775e-05
1.95775e-05
1.95775e-05
1.95776e-05
1.95776e-05
1.95776e-05
1.95776e-05
1.95776e-05
1.95779e-05
1.95776e-05
1.95811e-05
1.95746e-05
1.96114e-05
1.95612e-05
1.97577e-05
9.02134e-06
1.21066e-05
1.46648e-05
1.65182e-05
1.76969e-05
1.83817e-05
1.87548e-05
1.89663e-05
1.90971e-05
1.91714e-05
1.92086e-05
1.92255e-05
1.92318e-05
1.92336e-05
1.92338e-05
1.92336e-05
1.92334e-05
1.92333e-05
1.92332e-05
1.92332e-05
1.92332e-05
1.92332e-05
1.92332e-05
1.92332e-05
1.92332e-05
1.92332e-05
1.92332e-05
1.92332e-05
1.92332e-05
1.92332e-05
1.92332e-05
1.92332e-05
1.92332e-05
1.92334e-05
1.92332e-05
1.92366e-05
1.92303e-05
1.92665e-05
1.92165e-05
1.94158e-05
8.6257e-06
1.17468e-05
1.42811e-05
1.60677e-05
1.71729e-05
1.78003e-05
1.81329e-05
1.83196e-05
1.84341e-05
1.84978e-05
1.85289e-05
1.85425e-05
1.85474e-05
1.85486e-05
1.85486e-05
1.85483e-05
1.85481e-05
1.8548e-05
1.85479e-05
1.85479e-05
1.85478e-05
1.85478e-05
1.85478e-05
1.85478e-05
1.85478e-05
1.85478e-05
1.85478e-05
1.85478e-05
1.85478e-05
1.85478e-05
1.85477e-05
1.85478e-05
1.85478e-05
1.8548e-05
1.85477e-05
1.8551e-05
1.85452e-05
1.85801e-05
1.8531e-05
1.87334e-05
8.06558e-06
1.12372e-05
1.37227e-05
1.53979e-05
1.63882e-05
1.69278e-05
1.72014e-05
1.73532e-05
1.74461e-05
1.74961e-05
1.75197e-05
1.75294e-05
1.75325e-05
1.75329e-05
1.75327e-05
1.75324e-05
1.75321e-05
1.7532e-05
1.75319e-05
1.75319e-05
1.75318e-05
1.75318e-05
1.75318e-05
1.75317e-05
1.75317e-05
1.75317e-05
1.75317e-05
1.75316e-05
1.75316e-05
1.75316e-05
1.75316e-05
1.75316e-05
1.75316e-05
1.75318e-05
1.75315e-05
1.75345e-05
1.75293e-05
1.75619e-05
1.75159e-05
1.77173e-05
7.38175e-06
1.06105e-05
1.29973e-05
1.44933e-05
1.53143e-05
1.57344e-05
1.59409e-05
1.6059e-05
1.61354e-05
1.61755e-05
1.61932e-05
1.61995e-05
1.6201e-05
1.62008e-05
1.62003e-05
1.61999e-05
1.61997e-05
1.61996e-05
1.61995e-05
1.61994e-05
1.61994e-05
1.61993e-05
1.61993e-05
1.61993e-05
1.61992e-05
1.61992e-05
1.61992e-05
1.61992e-05
1.61991e-05
1.61991e-05
1.61991e-05
1.61991e-05
1.6199e-05
1.61992e-05
1.6199e-05
1.62017e-05
1.6197e-05
1.62257e-05
1.61875e-05
1.63517e-05
7.3821e-06
1.06105e-05
1.29925e-05
1.44835e-05
1.53088e-05
1.57501e-05
1.59764e-05
1.60959e-05
1.61596e-05
1.61843e-05
1.61906e-05
1.61903e-05
1.61885e-05
1.61871e-05
1.61863e-05
1.61858e-05
1.61856e-05
1.61854e-05
1.61853e-05
1.61852e-05
1.61851e-05
1.6185e-05
1.6185e-05
1.61849e-05
1.61848e-05
1.61847e-05
1.61846e-05
1.61846e-05
1.61845e-05
1.61844e-05
1.61843e-05
1.61843e-05
1.61842e-05
1.61843e-05
1.61843e-05
1.61865e-05
1.61835e-05
1.62108e-05
1.61791e-05
1.63655e-05
8.06628e-06
1.12373e-05
1.37135e-05
1.53753e-05
1.63639e-05
1.69275e-05
1.72313e-05
1.73897e-05
1.7468e-05
1.74984e-05
1.75075e-05
1.7509e-05
1.75084e-05
1.75077e-05
1.75073e-05
1.75071e-05
1.7507e-05
1.7507e-05
1.75071e-05
1.75071e-05
1.75072e-05
1.75073e-05
1.75074e-05
1.75075e-05
1.75076e-05
1.75077e-05
1.75078e-05
1.75079e-05
1.7508e-05
1.75082e-05
1.75083e-05
1.75084e-05
1.75085e-05
1.75088e-05
1.75089e-05
1.75111e-05
1.75092e-05
1.75317e-05
1.75097e-05
1.76389e-05
8.62592e-06
1.1748e-05
1.42762e-05
1.60349e-05
1.70924e-05
1.76607e-05
1.79297e-05
1.80425e-05
1.8087e-05
1.81015e-05
1.81076e-05
1.81112e-05
1.81132e-05
1.81141e-05
1.81144e-05
1.81145e-05
1.81146e-05
1.81147e-05
1.81149e-05
1.8115e-05
1.81152e-05
1.81153e-05
1.81155e-05
1.81156e-05
1.81158e-05
1.8116e-05
1.81161e-05
1.81163e-05
1.81164e-05
1.81166e-05
1.81168e-05
1.81169e-05
1.81171e-05
1.81173e-05
1.81172e-05
1.81186e-05
1.81151e-05
1.81295e-05
1.80925e-05
1.82118e-05
9.02082e-06
1.21128e-05
1.4667e-05
1.64544e-05
1.74817e-05
1.79289e-05
1.80224e-05
1.79466e-05
1.7834e-05
1.77619e-05
1.77334e-05
1.77276e-05
1.77286e-05
1.77298e-05
1.77302e-05
1.77301e-05
1.77299e-05
1.77297e-05
1.77294e-05
1.77292e-05
1.7729e-05
1.77288e-05
1.77286e-05
1.77284e-05
1.77283e-05
1.77281e-05
1.77279e-05
1.77277e-05
1.77275e-05
1.77273e-05
1.77271e-05
1.7727e-05
1.77267e-05
1.77265e-05
1.7726e-05
1.77261e-05
1.77223e-05
1.77268e-05
1.76986e-05
1.76909e-05
9.22375e-06
1.22936e-05
1.48794e-05
1.67305e-05
1.77749e-05
1.81104e-05
1.79412e-05
1.75108e-05
1.7065e-05
1.67381e-05
1.65333e-05
1.64177e-05
1.63549e-05
1.63208e-05
1.63021e-05
1.62921e-05
1.62868e-05
1.62839e-05
1.62823e-05
1.62814e-05
1.62807e-05
1.62802e-05
1.62797e-05
1.62793e-05
1.62789e-05
1.62785e-05
1.62781e-05
1.62777e-05
1.62773e-05
1.62769e-05
1.62765e-05
1.62761e-05
1.62756e-05
1.62751e-05
1.62738e-05
1.62728e-05
1.62649e-05
1.62545e-05
1.62244e-05
1.59796e-05
9.21413e-06
1.22901e-05
1.49336e-05
1.68396e-05
1.77556e-05
1.76185e-05
1.67256e-05
1.51644e-05
1.35781e-05
1.23383e-05
1.13877e-05
1.07212e-05
1.02944e-05
1.0042e-05
9.90071e-06
9.82487e-06
9.78248e-06
9.75816e-06
9.74658e-06
9.74111e-06
9.73852e-06
9.73724e-06
9.73666e-06
9.73642e-06
9.73635e-06
9.73634e-06
9.73637e-06
9.73642e-06
9.73646e-06
9.73651e-06
9.73656e-06
9.73661e-06
9.73664e-06
9.73665e-06
9.73646e-06
9.73623e-06
9.73453e-06
9.73058e-06
9.72283e-06
9.66184e-06
9.008e-06
1.21163e-05
1.47355e-05
1.65462e-05
1.74038e-05
1.73735e-05
1.66015e-05
1.53694e-05
1.35175e-05
1.19748e-05
1.10223e-05
1.03402e-05
9.92539e-06
9.70061e-06
9.58547e-06
9.52956e-06
9.50323e-06
9.49091e-06
9.48519e-06
9.48264e-06
9.48156e-06
9.48109e-06
9.48099e-06
9.48108e-06
9.48125e-06
9.48146e-06
9.48169e-06
9.48192e-06
9.48215e-06
9.48238e-06
9.48262e-06
9.48286e-06
9.48311e-06
9.48333e-06
9.48364e-06
9.48369e-06
9.48496e-06
9.48385e-06
9.48832e-06
9.5026e-06
8.61093e-06
1.17639e-05
1.43569e-05
1.60624e-05
1.67762e-05
1.66287e-05
1.58818e-05
1.48072e-05
1.31282e-05
1.17853e-05
1.0949e-05
1.02714e-05
9.84933e-06
9.62034e-06
9.50576e-06
9.45171e-06
9.42646e-06
9.41484e-06
9.40943e-06
9.40691e-06
9.40574e-06
9.40519e-06
9.40494e-06
9.40483e-06
9.40479e-06
9.40478e-06
9.40478e-06
9.40479e-06
9.40479e-06
9.4048e-06
9.4048e-06
9.40481e-06
9.40483e-06
9.40481e-06
9.4049e-06
9.4045e-06
9.40582e-06
9.40169e-06
9.41097e-06
9.39368e-06
8.04973e-06
1.12626e-05
1.37956e-05
1.53416e-05
1.5862e-05
1.55695e-05
1.47893e-05
1.38004e-05
1.23476e-05
1.11664e-05
1.03968e-05
9.77689e-06
9.3877e-06
9.17771e-06
9.07265e-06
9.02291e-06
9.00015e-06
8.9899e-06
8.98528e-06
8.98316e-06
8.98216e-06
8.98163e-06
8.98133e-06
8.98112e-06
8.98096e-06
8.98082e-06
8.98069e-06
8.98058e-06
8.98047e-06
8.98037e-06
8.98026e-06
8.98015e-06
8.98005e-06
8.97988e-06
8.97988e-06
8.9791e-06
8.98084e-06
8.97225e-06
8.99324e-06
8.93815e-06
7.36854e-06
1.06476e-05
1.30447e-05
1.43335e-05
1.46109e-05
1.41969e-05
1.34518e-05
1.25978e-05
1.14567e-05
1.04702e-05
9.74062e-06
9.16607e-06
8.80903e-06
8.62222e-06
8.52756e-06
8.48244e-06
8.46185e-06
8.45264e-06
8.44852e-06
8.44665e-06
8.44577e-06
8.44531e-06
8.44505e-06
8.44486e-06
8.4447e-06
8.44456e-06
8.44441e-06
8.44426e-06
8.44411e-06
8.44396e-06
8.4438e-06
8.44363e-06
8.44346e-06
8.44326e-06
8.44315e-06
8.44223e-06
8.44354e-06
8.43385e-06
8.45662e-06
8.34501e-06
7.36975e-06
1.06529e-05
1.30322e-05
1.42703e-05
1.44757e-05
1.39956e-05
1.32152e-05
1.2351e-05
1.12765e-05
1.03703e-05
9.68459e-06
9.1414e-06
8.79544e-06
8.61383e-06
8.52356e-06
8.48067e-06
8.46111e-06
8.45233e-06
8.44842e-06
8.44667e-06
8.44587e-06
8.44549e-06
8.4453e-06
8.44518e-06
8.4451e-06
8.44504e-06
8.44498e-06
8.44492e-06
8.44487e-06
8.44481e-06
8.44476e-06
8.44469e-06
8.44462e-06
8.44449e-06
8.44451e-06
8.44362e-06
8.44644e-06
8.43366e-06
8.4573e-06
8.31953e-06
8.05122e-06
1.128e-05
1.37765e-05
1.51877e-05
1.54945e-05
1.49877e-05
1.40996e-05
1.3094e-05
1.18583e-05
1.09301e-05
1.02686e-05
9.70962e-06
9.36008e-06
9.17813e-06
9.08641e-06
9.04261e-06
9.02248e-06
9.0134e-06
9.00937e-06
9.0076e-06
9.00682e-06
9.00648e-06
9.00633e-06
9.00626e-06
9.00623e-06
9.00621e-06
9.00619e-06
9.00617e-06
9.00616e-06
9.00614e-06
9.00612e-06
9.00609e-06
9.00607e-06
9.00597e-06
9.00601e-06
9.00471e-06
9.00622e-06
8.99057e-06
9.01539e-06
8.86595e-06
8.60961e-06
1.17874e-05
1.4352e-05
1.58842e-05
1.62667e-05
1.5741e-05
1.47675e-05
1.36459e-05
1.22842e-05
1.13457e-05
1.07086e-05
1.01473e-05
9.80323e-06
9.62047e-06
9.52868e-06
9.48475e-06
9.46452e-06
9.45541e-06
9.45137e-06
9.44959e-06
9.44881e-06
9.44847e-06
9.44832e-06
9.44825e-06
9.44823e-06
9.44821e-06
9.44821e-06
9.44821e-06
9.4482e-06
9.4482e-06
9.44819e-06
9.44818e-06
9.44816e-06
9.44804e-06
9.44807e-06
9.44667e-06
9.44838e-06
9.43176e-06
9.45835e-06
9.30224e-06
9.0044e-06
1.21453e-05
1.47463e-05
1.63534e-05
1.67864e-05
1.62493e-05
1.52184e-05
1.40159e-05
1.25781e-05
1.16331e-05
1.10021e-05
1.0451e-05
1.01098e-05
9.92662e-06
9.83486e-06
9.79103e-06
9.7708e-06
9.76169e-06
9.75763e-06
9.75585e-06
9.75506e-06
9.75472e-06
9.75457e-06
9.75451e-06
9.75448e-06
9.75447e-06
9.75447e-06
9.75447e-06
9.75447e-06
9.75447e-06
9.75446e-06
9.75444e-06
9.75443e-06
9.75431e-06
9.75435e-06
9.75289e-06
9.75474e-06
9.7375e-06
9.76526e-06
9.605e-06
9.20855e-06
1.23306e-05
1.4947e-05
1.65893e-05
1.70473e-05
1.65045e-05
1.54449e-05
1.42004e-05
1.27266e-05
1.17837e-05
1.11518e-05
1.06037e-05
1.02656e-05
1.00831e-05
9.99133e-06
9.94753e-06
9.92733e-06
9.91821e-06
9.91416e-06
9.91237e-06
9.91158e-06
9.91124e-06
9.91109e-06
9.91102e-06
9.91099e-06
9.91098e-06
9.91098e-06
9.91098e-06
9.91097e-06
9.91097e-06
9.91096e-06
9.91095e-06
9.91093e-06
9.9108e-06
9.91084e-06
9.90936e-06
9.9113e-06
9.89376e-06
9.92213e-06
9.75972e-06
9.20855e-06
1.23306e-05
1.4947e-05
1.65892e-05
1.70472e-05
1.65044e-05
1.54449e-05
1.42004e-05
1.27265e-05
1.17837e-05
1.11518e-05
1.06037e-05
1.02655e-05
1.00831e-05
9.99131e-06
9.94751e-06
9.9273e-06
9.91819e-06
9.91413e-06
9.91234e-06
9.91155e-06
9.9112e-06
9.91105e-06
9.91099e-06
9.91096e-06
9.91094e-06
9.91094e-06
9.91093e-06
9.91093e-06
9.91092e-06
9.91091e-06
9.91089e-06
9.91088e-06
9.91075e-06
9.91079e-06
9.9093e-06
9.91123e-06
9.89369e-06
9.92205e-06
9.75966e-06
9.0044e-06
1.21454e-05
1.47463e-05
1.63533e-05
1.67863e-05
1.62491e-05
1.52183e-05
1.40159e-05
1.25783e-05
1.16332e-05
1.10022e-05
1.04511e-05
1.01098e-05
9.92663e-06
9.83483e-06
9.79098e-06
9.77075e-06
9.76163e-06
9.75757e-06
9.75578e-06
9.755e-06
9.75465e-06
9.7545e-06
9.75443e-06
9.7544e-06
9.75439e-06
9.75438e-06
9.75438e-06
9.75437e-06
9.75437e-06
9.75436e-06
9.75434e-06
9.75432e-06
9.7542e-06
9.75423e-06
9.75277e-06
9.75462e-06
9.73737e-06
9.76511e-06
9.60484e-06
8.60961e-06
1.17874e-05
1.43521e-05
1.58842e-05
1.62665e-05
1.57408e-05
1.47674e-05
1.36459e-05
1.22843e-05
1.13459e-05
1.07087e-05
1.01474e-05
9.80331e-06
9.62051e-06
9.5287e-06
9.48476e-06
9.46452e-06
9.45541e-06
9.45137e-06
9.44959e-06
9.4488e-06
9.44846e-06
9.44831e-06
9.44825e-06
9.44822e-06
9.44821e-06
9.4482e-06
9.4482e-06
9.4482e-06
9.4482e-06
9.44819e-06
9.44817e-06
9.44816e-06
9.44804e-06
9.44806e-06
9.44666e-06
9.44837e-06
9.43174e-06
9.4583e-06
9.30219e-06
8.05122e-06
1.128e-05
1.37765e-05
1.51877e-05
1.54944e-05
1.49875e-05
1.40995e-05
1.3094e-05
1.18586e-05
1.09304e-05
1.02688e-05
9.70988e-06
9.36032e-06
9.17835e-06
9.08657e-06
9.0427e-06
9.02253e-06
9.01345e-06
9.00942e-06
9.00765e-06
9.00688e-06
9.00654e-06
9.00639e-06
9.00633e-06
9.0063e-06
9.00629e-06
9.00628e-06
9.00628e-06
9.00628e-06
9.00627e-06
9.00626e-06
9.00625e-06
9.00623e-06
9.00613e-06
9.00614e-06
9.00483e-06
9.0063e-06
8.99061e-06
9.01539e-06
8.86595e-06
7.36975e-06
1.06529e-05
1.30323e-05
1.42704e-05
1.44757e-05
1.39956e-05
1.3215e-05
1.23508e-05
1.12767e-05
1.03707e-05
9.68499e-06
9.14181e-06
8.79586e-06
8.61427e-06
8.52402e-06
8.48116e-06
8.46163e-06
8.45288e-06
8.44901e-06
8.44729e-06
8.44653e-06
8.44619e-06
8.44603e-06
8.44595e-06
8.44591e-06
8.44588e-06
8.44586e-06
8.44585e-06
8.44583e-06
8.44582e-06
8.4458e-06
8.44577e-06
8.44575e-06
8.44566e-06
8.44576e-06
8.44504e-06
8.44713e-06
8.43369e-06
8.45691e-06
8.31904e-06
7.36854e-06
1.06476e-05
1.30447e-05
1.43335e-05
1.46108e-05
1.41967e-05
1.34517e-05
1.25975e-05
1.14569e-05
1.04707e-05
9.74125e-06
9.16673e-06
8.80985e-06
8.62311e-06
8.52851e-06
8.48346e-06
8.46294e-06
8.45379e-06
8.44974e-06
8.44794e-06
8.44713e-06
8.44676e-06
8.44658e-06
8.44648e-06
8.44642e-06
8.44638e-06
8.44634e-06
8.4463e-06
8.44627e-06
8.44624e-06
8.44621e-06
8.44616e-06
8.44612e-06
8.44602e-06
8.44608e-06
8.44526e-06
8.44722e-06
8.43657e-06
8.4576e-06
8.34473e-06
8.04973e-06
1.12626e-05
1.37956e-05
1.53415e-05
1.58617e-05
1.55692e-05
1.47889e-05
1.38001e-05
1.23476e-05
1.11665e-05
1.03974e-05
9.77751e-06
9.38832e-06
9.17838e-06
9.07343e-06
9.02381e-06
9.00115e-06
8.991e-06
8.98647e-06
8.98445e-06
8.98353e-06
8.9831e-06
8.98287e-06
8.98274e-06
8.98265e-06
8.98258e-06
8.98251e-06
8.98245e-06
8.9824e-06
8.98234e-06
8.98228e-06
8.98221e-06
8.98215e-06
8.98203e-06
8.98205e-06
8.98126e-06
8.98308e-06
8.9745e-06
8.99596e-06
8.93956e-06
8.61093e-06
1.17639e-05
1.43569e-05
1.60624e-05
1.67763e-05
1.6629e-05
1.58819e-05
1.48072e-05
1.31277e-05
1.17844e-05
1.09483e-05
1.02707e-05
9.84857e-06
9.61957e-06
9.50494e-06
9.45085e-06
9.42555e-06
9.41385e-06
9.40838e-06
9.4058e-06
9.40456e-06
9.40395e-06
9.40364e-06
9.40346e-06
9.40336e-06
9.40328e-06
9.40321e-06
9.40315e-06
9.40308e-06
9.40302e-06
9.40296e-06
9.40289e-06
9.40283e-06
9.40274e-06
9.40275e-06
9.40226e-06
9.40351e-06
9.39938e-06
9.40866e-06
9.39298e-06
9.008e-06
1.21163e-05
1.47355e-05
1.65464e-05
1.74041e-05
1.73734e-05
1.66014e-05
1.53686e-05
1.35163e-05
1.19732e-05
1.10206e-05
1.03382e-05
9.92318e-06
9.69815e-06
9.5827e-06
9.52644e-06
9.49985e-06
9.48726e-06
9.48122e-06
9.47836e-06
9.477e-06
9.47625e-06
9.47589e-06
9.47571e-06
9.47561e-06
9.47556e-06
9.47552e-06
9.47549e-06
9.47545e-06
9.47542e-06
9.47538e-06
9.47536e-06
9.47534e-06
9.47529e-06
9.47534e-06
9.47514e-06
9.47612e-06
9.47483e-06
9.47877e-06
9.49358e-06
9.21414e-06
1.22901e-05
1.49336e-05
1.68396e-05
1.77556e-05
1.76189e-05
1.67261e-05
1.51632e-05
1.35769e-05
1.23371e-05
1.13864e-05
1.07198e-05
1.02931e-05
1.00408e-05
9.89954e-06
9.82365e-06
9.78143e-06
9.75725e-06
9.74556e-06
9.73998e-06
9.73731e-06
9.73595e-06
9.73529e-06
9.73498e-06
9.73484e-06
9.73476e-06
9.73472e-06
9.73469e-06
9.73467e-06
9.73465e-06
9.73463e-06
9.7346e-06
9.73456e-06
9.7345e-06
9.73423e-06
9.73393e-06
9.73215e-06
9.72817e-06
9.72008e-06
9.65882e-06
9.22375e-06
1.22936e-05
1.48794e-05
1.67305e-05
1.77747e-05
1.811e-05
1.79402e-05
1.75094e-05
1.70638e-05
1.67374e-05
1.65328e-05
1.64174e-05
1.63548e-05
1.63207e-05
1.63022e-05
1.62922e-05
1.62869e-05
1.62841e-05
1.62825e-05
1.62816e-05
1.62809e-05
1.62804e-05
1.628e-05
1.62796e-05
1.62792e-05
1.62789e-05
1.62785e-05
1.62781e-05
1.62777e-05
1.62774e-05
1.6277e-05
1.62766e-05
1.62761e-05
1.62756e-05
1.62743e-05
1.62734e-05
1.62655e-05
1.62552e-05
1.6225e-05
1.59802e-05
9.02082e-06
1.21128e-05
1.4667e-05
1.64544e-05
1.74815e-05
1.79284e-05
1.80216e-05
1.79458e-05
1.78332e-05
1.77611e-05
1.77327e-05
1.77269e-05
1.77278e-05
1.77289e-05
1.77293e-05
1.77292e-05
1.77289e-05
1.77286e-05
1.77283e-05
1.7728e-05
1.77277e-05
1.77275e-05
1.77272e-05
1.7727e-05
1.77267e-05
1.77265e-05
1.77262e-05
1.77259e-05
1.77257e-05
1.77254e-05
1.77252e-05
1.77249e-05
1.77246e-05
1.77244e-05
1.77238e-05
1.77238e-05
1.772e-05
1.77244e-05
1.76963e-05
1.76895e-05
8.62592e-06
1.1748e-05
1.42763e-05
1.60348e-05
1.70919e-05
1.76597e-05
1.79282e-05
1.80408e-05
1.80851e-05
1.80992e-05
1.8105e-05
1.81081e-05
1.81096e-05
1.81101e-05
1.811e-05
1.81097e-05
1.81094e-05
1.81091e-05
1.81088e-05
1.81086e-05
1.81084e-05
1.81081e-05
1.81079e-05
1.81077e-05
1.81074e-05
1.81072e-05
1.8107e-05
1.81067e-05
1.81065e-05
1.81063e-05
1.8106e-05
1.81058e-05
1.81056e-05
1.81054e-05
1.81049e-05
1.81059e-05
1.81021e-05
1.81161e-05
1.80787e-05
1.81981e-05
8.06628e-06
1.12373e-05
1.37135e-05
1.53754e-05
1.63642e-05
1.6928e-05
1.7232e-05
1.73903e-05
1.74682e-05
1.74985e-05
1.75075e-05
1.75089e-05
1.75082e-05
1.75075e-05
1.7507e-05
1.75067e-05
1.75066e-05
1.75066e-05
1.75066e-05
1.75067e-05
1.75068e-05
1.75068e-05
1.75069e-05
1.7507e-05
1.7507e-05
1.75071e-05
1.75072e-05
1.75073e-05
1.75074e-05
1.75074e-05
1.75075e-05
1.75076e-05
1.75077e-05
1.75079e-05
1.7508e-05
1.75102e-05
1.75082e-05
1.7531e-05
1.75099e-05
1.76397e-05
7.3821e-06
1.06105e-05
1.29925e-05
1.44836e-05
1.53092e-05
1.57504e-05
1.59762e-05
1.60952e-05
1.6159e-05
1.61841e-05
1.61905e-05
1.61902e-05
1.61885e-05
1.61871e-05
1.61863e-05
1.61858e-05
1.61856e-05
1.61854e-05
1.61853e-05
1.61852e-05
1.61851e-05
1.6185e-05
1.6185e-05
1.61849e-05
1.61848e-05
1.61847e-05
1.61846e-05
1.61846e-05
1.61845e-05
1.61844e-05
1.61843e-05
1.61843e-05
1.61842e-05
1.61843e-05
1.61842e-05
1.61865e-05
1.61835e-05
1.62107e-05
1.61791e-05
1.63658e-05
)
;
    }
}


// ************************************************************************* //
