/*--------------------------------*- C++ -*----------------------------------*\
| =========                 |                                                 |
| \\      /  F ield         | OpenFOAM: The Open Source CFD Toolbox           |
|  \\    /   O peration     | Version:  2406                                  |
|   \\  /    A nd           | Website:  www.openfoam.com                      |
|    \\/     M anipulation  |                                                 |
\*---------------------------------------------------------------------------*/
FoamFile
{
    version     2.0;
    format      ascii;
    arch        "LSB;label=32;scalar=64";
    class       volScalarField;
    location    "0.8";
    object      p;
}
// * * * * * * * * * * * * * * * * * * * * * * * * * * * * * * * * * * * * * //

dimensions      [1 -1 -2 0 0 0 0];

internalField   nonuniform List<scalar> 
20000
(
-5355.93
-5357.76
-5359.09
-5359.97
-5360.4
-5360.4
-5359.96
-5359.09
-5357.76
-5355.92
-5427.12
-5428.85
-5430.13
-5430.98
-5431.41
-5431.41
-5430.98
-5430.13
-5428.84
-5427.12
-5497.82
-5499.5
-5500.75
-5501.58
-5502
-5502
-5501.58
-5500.75
-5499.49
-5497.82
-5568.07
-5569.72
-5570.95
-5571.77
-5572.18
-5572.18
-5571.77
-5570.94
-5569.71
-5568.06
-5637.87
-5639.51
-5640.73
-5641.54
-5641.95
-5641.95
-5641.54
-5640.72
-5639.5
-5637.86
-5707.23
-5708.87
-5710.09
-5710.91
-5711.31
-5711.31
-5710.9
-5710.09
-5708.86
-5707.22
-5776.15
-5777.8
-5779.04
-5779.86
-5780.27
-5780.27
-5779.86
-5779.03
-5777.8
-5776.14
-5844.64
-5846.31
-5847.57
-5848.4
-5848.81
-5848.81
-5848.4
-5847.56
-5846.31
-5844.63
-5912.67
-5914.39
-5915.67
-5916.53
-5916.95
-5916.95
-5916.52
-5915.67
-5914.38
-5912.66
-5980.2
-5982.03
-5983.36
-5984.24
-5984.67
-5984.67
-5984.24
-5983.36
-5982.02
-5980.19
-5186.41
-5186.7
-5186.9
-5187.04
-5187.11
-5187.11
-5187.04
-5186.9
-5186.7
-5186.4
-5256.06
-5256.34
-5256.55
-5256.69
-5256.77
-5256.77
-5256.69
-5256.55
-5256.34
-5256.06
-5325.63
-5325.92
-5326.14
-5326.29
-5326.37
-5326.37
-5326.29
-5326.14
-5325.92
-5325.63
-5395.14
-5395.43
-5395.65
-5395.81
-5395.89
-5395.89
-5395.81
-5395.65
-5395.43
-5395.14
-5464.58
-5464.87
-5465.1
-5465.26
-5465.34
-5465.34
-5465.26
-5465.1
-5464.86
-5464.57
-5533.94
-5534.23
-5534.46
-5534.62
-5534.7
-5534.7
-5534.62
-5534.46
-5534.23
-5533.94
-5603.22
-5603.52
-5603.75
-5603.9
-5603.98
-5603.98
-5603.9
-5603.75
-5603.52
-5603.23
-5672.45
-5672.74
-5672.96
-5673.11
-5673.18
-5673.19
-5673.11
-5672.96
-5672.74
-5672.46
-5741.61
-5741.89
-5742.1
-5742.24
-5742.32
-5742.32
-5742.24
-5742.1
-5741.9
-5741.61
-5810.69
-5810.98
-5811.18
-5811.32
-5811.39
-5811.39
-5811.32
-5811.18
-5810.98
-5810.69
-5040.92
-5041.02
-5041.08
-5041.12
-5041.14
-5041.14
-5041.12
-5041.09
-5041.03
-5040.93
-5110.39
-5110.46
-5110.52
-5110.54
-5110.56
-5110.56
-5110.55
-5110.52
-5110.46
-5110.39
-5179.81
-5179.88
-5179.93
-5179.96
-5179.98
-5179.98
-5179.96
-5179.93
-5179.88
-5179.82
-5249.21
-5249.27
-5249.32
-5249.36
-5249.37
-5249.37
-5249.36
-5249.33
-5249.28
-5249.22
-5318.6
-5318.65
-5318.7
-5318.74
-5318.76
-5318.76
-5318.74
-5318.71
-5318.66
-5318.61
-5387.96
-5388.01
-5388.06
-5388.1
-5388.12
-5388.12
-5388.1
-5388.07
-5388.03
-5387.98
-5457.31
-5457.37
-5457.41
-5457.44
-5457.46
-5457.46
-5457.45
-5457.42
-5457.38
-5457.33
-5526.63
-5526.7
-5526.75
-5526.78
-5526.8
-5526.8
-5526.79
-5526.76
-5526.71
-5526.65
-5595.94
-5596.02
-5596.07
-5596.1
-5596.12
-5596.12
-5596.11
-5596.08
-5596.03
-5595.95
-5665.21
-5665.31
-5665.37
-5665.41
-5665.43
-5665.43
-5665.41
-5665.38
-5665.32
-5665.22
-4890.69
-4890.94
-4891.11
-4891.23
-4891.28
-4891.28
-4891.23
-4891.12
-4890.94
-4890.7
-4960.3
-4960.53
-4960.69
-4960.79
-4960.85
-4960.85
-4960.8
-4960.69
-4960.53
-4960.31
-5029.84
-5030.05
-5030.21
-5030.32
-5030.37
-5030.37
-5030.32
-5030.21
-5030.05
-5029.85
-5099.32
-5099.52
-5099.68
-5099.79
-5099.84
-5099.84
-5099.79
-5099.69
-5099.53
-5099.32
-5168.74
-5168.93
-5169.1
-5169.2
-5169.26
-5169.26
-5169.21
-5169.1
-5168.95
-5168.75
-5238.1
-5238.3
-5238.46
-5238.56
-5238.62
-5238.62
-5238.57
-5238.47
-5238.31
-5238.11
-5307.41
-5307.62
-5307.77
-5307.88
-5307.93
-5307.93
-5307.88
-5307.78
-5307.62
-5307.43
-5376.67
-5376.89
-5377.04
-5377.15
-5377.2
-5377.2
-5377.15
-5377.04
-5376.88
-5376.68
-5445.86
-5446.09
-5446.26
-5446.36
-5446.41
-5446.42
-5446.37
-5446.26
-5446.1
-5445.87
-5514.98
-5515.23
-5515.41
-5515.53
-5515.58
-5515.58
-5515.53
-5515.42
-5515.24
-5514.99
-4744.34
-4744.47
-4744.56
-4744.61
-4744.63
-4744.63
-4744.61
-4744.55
-4744.47
-4744.34
-4813.84
-4813.95
-4814.03
-4814.08
-4814.1
-4814.1
-4814.08
-4814.03
-4813.94
-4813.83
-4883.29
-4883.39
-4883.47
-4883.52
-4883.55
-4883.55
-4883.52
-4883.47
-4883.38
-4883.28
-4952.69
-4952.8
-4952.88
-4952.94
-4952.97
-4952.97
-4952.94
-4952.88
-4952.8
-4952.69
-5022.08
-5022.18
-5022.27
-5022.33
-5022.36
-5022.36
-5022.33
-5022.28
-5022.19
-5022.08
-5091.44
-5091.55
-5091.63
-5091.69
-5091.72
-5091.72
-5091.69
-5091.64
-5091.56
-5091.45
-5160.79
-5160.9
-5160.98
-5161.03
-5161.07
-5161.07
-5161.04
-5160.98
-5160.9
-5160.79
-5230.12
-5230.22
-5230.3
-5230.35
-5230.38
-5230.38
-5230.36
-5230.3
-5230.22
-5230.11
-5299.4
-5299.51
-5299.59
-5299.64
-5299.66
-5299.67
-5299.65
-5299.59
-5299.51
-5299.41
-5368.62
-5368.76
-5368.85
-5368.9
-5368.92
-5368.93
-5368.91
-5368.86
-5368.77
-5368.64
-4605.11
-4605.14
-4605.15
-4605.16
-4605.16
-4605.15
-4605.15
-4605.15
-4605.14
-4605.11
-4674.51
-4674.52
-4674.52
-4674.53
-4674.54
-4674.53
-4674.53
-4674.53
-4674.52
-4674.51
-4743.89
-4743.89
-4743.9
-4743.91
-4743.91
-4743.91
-4743.91
-4743.9
-4743.89
-4743.88
-4813.25
-4813.26
-4813.27
-4813.28
-4813.28
-4813.28
-4813.28
-4813.27
-4813.25
-4813.24
-4882.62
-4882.63
-4882.65
-4882.65
-4882.65
-4882.65
-4882.64
-4882.64
-4882.62
-4882.6
-4951.98
-4952
-4952.01
-4952.01
-4952.02
-4952.01
-4952.01
-4952
-4951.99
-4951.96
-5021.34
-5021.36
-5021.37
-5021.38
-5021.39
-5021.38
-5021.38
-5021.37
-5021.36
-5021.33
-5090.72
-5090.73
-5090.74
-5090.74
-5090.74
-5090.74
-5090.74
-5090.73
-5090.72
-5090.71
-5160.08
-5160.09
-5160.1
-5160.1
-5160.09
-5160.09
-5160.09
-5160.08
-5160.08
-5160.08
-5229.4
-5229.44
-5229.45
-5229.45
-5229.44
-5229.44
-5229.44
-5229.44
-5229.43
-5229.41
-4467.65
-4467.61
-4467.58
-4467.56
-4467.56
-4467.55
-4467.57
-4467.59
-4467.62
-4467.66
-4536.99
-4536.94
-4536.91
-4536.89
-4536.88
-4536.88
-4536.89
-4536.91
-4536.94
-4536.99
-4606.32
-4606.28
-4606.24
-4606.23
-4606.22
-4606.22
-4606.23
-4606.25
-4606.27
-4606.32
-4675.66
-4675.62
-4675.6
-4675.57
-4675.56
-4675.56
-4675.57
-4675.59
-4675.62
-4675.65
-4745.02
-4744.98
-4744.95
-4744.93
-4744.92
-4744.92
-4744.93
-4744.95
-4744.97
-4745
-4814.39
-4814.36
-4814.32
-4814.31
-4814.29
-4814.29
-4814.3
-4814.32
-4814.34
-4814.37
-4883.76
-4883.73
-4883.7
-4883.68
-4883.67
-4883.67
-4883.68
-4883.7
-4883.72
-4883.74
-4953.15
-4953.1
-4953.08
-4953.06
-4953.05
-4953.05
-4953.06
-4953.08
-4953.1
-4953.14
-5022.55
-5022.5
-5022.46
-5022.45
-5022.43
-5022.43
-5022.44
-5022.46
-5022.49
-5022.54
-5091.93
-5091.91
-5091.87
-5091.85
-5091.83
-5091.83
-5091.84
-5091.87
-5091.9
-5091.95
-4328.37
-4328.29
-4328.22
-4328.18
-4328.16
-4328.16
-4328.19
-4328.23
-4328.3
-4328.38
-4397.66
-4397.57
-4397.5
-4397.46
-4397.44
-4397.45
-4397.47
-4397.51
-4397.58
-4397.66
-4466.96
-4466.87
-4466.81
-4466.77
-4466.76
-4466.76
-4466.78
-4466.82
-4466.88
-4466.97
-4536.28
-4536.2
-4536.15
-4536.11
-4536.09
-4536.09
-4536.11
-4536.15
-4536.21
-4536.29
-4605.63
-4605.56
-4605.5
-4605.46
-4605.44
-4605.44
-4605.45
-4605.49
-4605.55
-4605.62
-4675.01
-4674.93
-4674.87
-4674.83
-4674.81
-4674.81
-4674.83
-4674.86
-4674.91
-4674.98
-4744.38
-4744.31
-4744.26
-4744.22
-4744.2
-4744.19
-4744.21
-4744.25
-4744.3
-4744.37
-4813.78
-4813.7
-4813.65
-4813.61
-4813.59
-4813.59
-4813.6
-4813.65
-4813.7
-4813.77
-4883.22
-4883.13
-4883.06
-4883.02
-4883
-4882.99
-4883.01
-4883.05
-4883.12
-4883.21
-4952.66
-4952.58
-4952.51
-4952.46
-4952.44
-4952.44
-4952.46
-4952.5
-4952.57
-4952.66
-4186.26
-4186.15
-4186.07
-4186.01
-4185.99
-4185.99
-4186.02
-4186.08
-4186.16
-4186.27
-4255.52
-4255.41
-4255.33
-4255.28
-4255.25
-4255.26
-4255.28
-4255.34
-4255.42
-4255.53
-4324.8
-4324.7
-4324.62
-4324.57
-4324.55
-4324.55
-4324.57
-4324.63
-4324.71
-4324.81
-4394.12
-4394.02
-4393.95
-4393.89
-4393.87
-4393.87
-4393.89
-4393.95
-4394.03
-4394.13
-4463.46
-4463.36
-4463.28
-4463.24
-4463.21
-4463.21
-4463.24
-4463.29
-4463.36
-4463.47
-4532.83
-4532.73
-4532.65
-4532.61
-4532.58
-4532.58
-4532.6
-4532.65
-4532.72
-4532.83
-4602.22
-4602.12
-4602.04
-4601.99
-4601.96
-4601.96
-4601.99
-4602.04
-4602.11
-4602.22
-4671.62
-4671.52
-4671.45
-4671.4
-4671.37
-4671.37
-4671.39
-4671.45
-4671.53
-4671.63
-4741.08
-4740.96
-4740.88
-4740.83
-4740.81
-4740.8
-4740.82
-4740.87
-4740.95
-4741.06
-4810.56
-4810.45
-4810.36
-4810.3
-4810.27
-4810.27
-4810.29
-4810.34
-4810.43
-4810.53
-4040.78
-4040.68
-4040.59
-4040.53
-4040.5
-4040.5
-4040.53
-4040.59
-4040.68
-4040.79
-4110.03
-4109.93
-4109.84
-4109.78
-4109.75
-4109.75
-4109.78
-4109.84
-4109.93
-4110.04
-4179.31
-4179.2
-4179.12
-4179.07
-4179.04
-4179.04
-4179.07
-4179.12
-4179.21
-4179.32
-4248.62
-4248.5
-4248.43
-4248.38
-4248.35
-4248.35
-4248.38
-4248.43
-4248.52
-4248.64
-4317.96
-4317.84
-4317.76
-4317.71
-4317.69
-4317.69
-4317.71
-4317.77
-4317.85
-4317.98
-4387.33
-4387.21
-4387.12
-4387.07
-4387.05
-4387.05
-4387.08
-4387.13
-4387.21
-4387.34
-4456.72
-4456.6
-4456.52
-4456.46
-4456.43
-4456.43
-4456.46
-4456.51
-4456.59
-4456.72
-4526.13
-4526.02
-4525.93
-4525.88
-4525.85
-4525.85
-4525.88
-4525.93
-4526.02
-4526.14
-4595.59
-4595.47
-4595.38
-4595.32
-4595.31
-4595.31
-4595.33
-4595.39
-4595.47
-4595.58
-4665.08
-4664.95
-4664.86
-4664.8
-4664.78
-4664.79
-4664.81
-4664.87
-4664.95
-4665.05
-3891.49
-3891.39
-3891.31
-3891.25
-3891.21
-3891.22
-3891.24
-3891.3
-3891.38
-3891.49
-3960.74
-3960.64
-3960.56
-3960.51
-3960.47
-3960.47
-3960.5
-3960.55
-3960.64
-3960.75
-4030.02
-4029.91
-4029.84
-4029.79
-4029.76
-4029.75
-4029.78
-4029.84
-4029.92
-4030.03
-4099.32
-4099.21
-4099.14
-4099.09
-4099.06
-4099.06
-4099.1
-4099.15
-4099.23
-4099.35
-4168.66
-4168.55
-4168.47
-4168.42
-4168.4
-4168.4
-4168.43
-4168.48
-4168.57
-4168.69
-4238.03
-4237.92
-4237.83
-4237.78
-4237.76
-4237.76
-4237.79
-4237.84
-4237.92
-4238.06
-4307.42
-4307.3
-4307.21
-4307.16
-4307.14
-4307.14
-4307.17
-4307.23
-4307.31
-4307.44
-4376.83
-4376.72
-4376.64
-4376.59
-4376.56
-4376.57
-4376.6
-4376.65
-4376.74
-4376.86
-4446.28
-4446.18
-4446.1
-4446.05
-4446.03
-4446.04
-4446.06
-4446.12
-4446.2
-4446.3
-4515.76
-4515.64
-4515.58
-4515.52
-4515.51
-4515.51
-4515.53
-4515.6
-4515.68
-4515.76
-3738.36
-3738.27
-3738.2
-3738.15
-3738.12
-3738.12
-3738.15
-3738.2
-3738.27
-3738.36
-3807.63
-3807.54
-3807.47
-3807.42
-3807.39
-3807.39
-3807.41
-3807.46
-3807.54
-3807.63
-3876.92
-3876.82
-3876.75
-3876.7
-3876.67
-3876.67
-3876.7
-3876.75
-3876.82
-3876.92
-3946.22
-3946.12
-3946.05
-3946
-3945.98
-3945.98
-3946.01
-3946.06
-3946.13
-3946.24
-4015.55
-4015.45
-4015.38
-4015.33
-4015.31
-4015.32
-4015.34
-4015.4
-4015.47
-4015.58
-4084.91
-4084.81
-4084.74
-4084.69
-4084.67
-4084.67
-4084.7
-4084.75
-4084.83
-4084.95
-4154.31
-4154.21
-4154.13
-4154.08
-4154.06
-4154.06
-4154.09
-4154.14
-4154.22
-4154.34
-4223.73
-4223.64
-4223.56
-4223.51
-4223.49
-4223.5
-4223.52
-4223.57
-4223.65
-4223.76
-4293.16
-4293.08
-4293.02
-4292.97
-4292.96
-4292.96
-4292.99
-4293.04
-4293.11
-4293.19
-4362.62
-4362.54
-4362.48
-4362.44
-4362.42
-4362.42
-4362.45
-4362.5
-4362.57
-4362.64
-3581.83
-3581.76
-3581.71
-3581.67
-3581.65
-3581.64
-3581.66
-3581.7
-3581.76
-3581.83
-3651.13
-3651.05
-3650.99
-3650.94
-3650.92
-3650.92
-3650.94
-3650.98
-3651.04
-3651.12
-3720.43
-3720.34
-3720.28
-3720.24
-3720.22
-3720.22
-3720.24
-3720.28
-3720.34
-3720.43
-3789.74
-3789.65
-3789.59
-3789.55
-3789.53
-3789.53
-3789.55
-3789.59
-3789.65
-3789.74
-3859.07
-3858.99
-3858.93
-3858.89
-3858.87
-3858.87
-3858.89
-3858.94
-3858.99
-3859.08
-3928.43
-3928.35
-3928.29
-3928.24
-3928.23
-3928.23
-3928.25
-3928.3
-3928.36
-3928.45
-3997.83
-3997.74
-3997.68
-3997.63
-3997.62
-3997.62
-3997.64
-3997.68
-3997.75
-3997.85
-4067.26
-4067.17
-4067.09
-4067.06
-4067.04
-4067.04
-4067.06
-4067.11
-4067.17
-4067.26
-4136.66
-4136.6
-4136.54
-4136.5
-4136.47
-4136.47
-4136.51
-4136.56
-4136.62
-4136.7
-4206.09
-4206.03
-4205.99
-4205.95
-4205.93
-4205.93
-4205.96
-4206.01
-4206.07
-4206.13
-3422.54
-3422.48
-3422.44
-3422.42
-3422.4
-3422.4
-3422.41
-3422.45
-3422.49
-3422.54
-3491.86
-3491.79
-3491.74
-3491.71
-3491.7
-3491.69
-3491.71
-3491.75
-3491.79
-3491.86
-3561.17
-3561.1
-3561.05
-3561.02
-3561.01
-3561.01
-3561.02
-3561.06
-3561.1
-3561.17
-3630.5
-3630.43
-3630.39
-3630.35
-3630.33
-3630.33
-3630.35
-3630.38
-3630.42
-3630.49
-3699.84
-3699.78
-3699.73
-3699.7
-3699.68
-3699.68
-3699.7
-3699.73
-3699.77
-3699.83
-3769.2
-3769.14
-3769.09
-3769.06
-3769.05
-3769.05
-3769.06
-3769.1
-3769.15
-3769.21
-3838.6
-3838.53
-3838.48
-3838.45
-3838.44
-3838.44
-3838.46
-3838.49
-3838.54
-3838.6
-3908
-3907.94
-3907.88
-3907.84
-3907.83
-3907.83
-3907.85
-3907.89
-3907.93
-3908
-3977.4
-3977.34
-3977.29
-3977.25
-3977.22
-3977.22
-3977.25
-3977.29
-3977.35
-3977.43
-4046.81
-4046.76
-4046.72
-4046.68
-4046.66
-4046.65
-4046.68
-4046.72
-4046.78
-4046.84
-3261.17
-3261.12
-3261.09
-3261.07
-3261.06
-3261.06
-3261.07
-3261.1
-3261.13
-3261.16
-3330.5
-3330.44
-3330.4
-3330.38
-3330.37
-3330.37
-3330.38
-3330.41
-3330.45
-3330.5
-3399.84
-3399.77
-3399.73
-3399.71
-3399.7
-3399.7
-3399.71
-3399.73
-3399.77
-3399.83
-3469.17
-3469.12
-3469.08
-3469.06
-3469.05
-3469.04
-3469.05
-3469.07
-3469.1
-3469.16
-3538.52
-3538.47
-3538.44
-3538.42
-3538.4
-3538.4
-3538.41
-3538.43
-3538.46
-3538.5
-3607.88
-3607.84
-3607.81
-3607.79
-3607.77
-3607.78
-3607.78
-3607.8
-3607.84
-3607.87
-3677.27
-3677.22
-3677.18
-3677.16
-3677.15
-3677.15
-3677.16
-3677.18
-3677.21
-3677.25
-3746.66
-3746.6
-3746.56
-3746.53
-3746.51
-3746.51
-3746.52
-3746.54
-3746.58
-3746.63
-3816.04
-3815.98
-3815.93
-3815.9
-3815.88
-3815.88
-3815.89
-3815.91
-3815.96
-3816.03
-3885.43
-3885.39
-3885.35
-3885.32
-3885.3
-3885.29
-3885.31
-3885.33
-3885.38
-3885.43
-3098.33
-3098.3
-3098.27
-3098.25
-3098.25
-3098.24
-3098.25
-3098.26
-3098.29
-3098.31
-3167.68
-3167.62
-3167.59
-3167.58
-3167.57
-3167.57
-3167.57
-3167.59
-3167.62
-3167.66
-3237.03
-3236.98
-3236.95
-3236.93
-3236.92
-3236.92
-3236.93
-3236.94
-3236.96
-3237.01
-3306.38
-3306.33
-3306.3
-3306.28
-3306.28
-3306.27
-3306.28
-3306.29
-3306.32
-3306.36
-3375.74
-3375.7
-3375.67
-3375.65
-3375.64
-3375.64
-3375.64
-3375.66
-3375.68
-3375.71
-3445.09
-3445.06
-3445.03
-3445.02
-3445.01
-3445.01
-3445.01
-3445.03
-3445.05
-3445.07
-3514.44
-3514.42
-3514.4
-3514.38
-3514.37
-3514.37
-3514.37
-3514.39
-3514.4
-3514.42
-3583.81
-3583.77
-3583.75
-3583.73
-3583.72
-3583.72
-3583.72
-3583.74
-3583.76
-3583.78
-3653.21
-3653.15
-3653.12
-3653.09
-3653.08
-3653.07
-3653.08
-3653.09
-3653.12
-3653.18
-3722.58
-3722.56
-3722.52
-3722.49
-3722.48
-3722.48
-3722.48
-3722.5
-3722.52
-3722.56
-2934.48
-2934.46
-2934.44
-2934.43
-2934.43
-2934.43
-2934.43
-2934.44
-2934.45
-2934.47
-3003.83
-3003.8
-3003.78
-3003.77
-3003.76
-3003.76
-3003.77
-3003.78
-3003.8
-3003.83
-3073.19
-3073.16
-3073.14
-3073.13
-3073.12
-3073.12
-3073.13
-3073.14
-3073.15
-3073.18
-3142.57
-3142.53
-3142.51
-3142.49
-3142.48
-3142.48
-3142.49
-3142.5
-3142.52
-3142.55
-3211.93
-3211.9
-3211.88
-3211.86
-3211.85
-3211.85
-3211.85
-3211.87
-3211.89
-3211.91
-3281.28
-3281.26
-3281.24
-3281.23
-3281.22
-3281.22
-3281.22
-3281.23
-3281.25
-3281.26
-3350.63
-3350.6
-3350.59
-3350.58
-3350.57
-3350.57
-3350.57
-3350.58
-3350.59
-3350.6
-3419.98
-3419.94
-3419.94
-3419.93
-3419.92
-3419.92
-3419.92
-3419.92
-3419.94
-3419.96
-3489.36
-3489.31
-3489.29
-3489.29
-3489.28
-3489.28
-3489.27
-3489.27
-3489.28
-3489.33
-3558.73
-3558.71
-3558.68
-3558.67
-3558.67
-3558.67
-3558.66
-3558.66
-3558.67
-3558.69
-2769.99
-2769.99
-2769.97
-2769.96
-2769.96
-2769.96
-2769.96
-2769.97
-2769.98
-2769.99
-2839.34
-2839.33
-2839.31
-2839.3
-2839.3
-2839.31
-2839.31
-2839.32
-2839.33
-2839.35
-2908.71
-2908.7
-2908.68
-2908.67
-2908.66
-2908.67
-2908.67
-2908.68
-2908.7
-2908.72
-2978.09
-2978.06
-2978.05
-2978.03
-2978.03
-2978.03
-2978.03
-2978.04
-2978.06
-2978.09
-3047.46
-3047.43
-3047.41
-3047.4
-3047.39
-3047.39
-3047.4
-3047.41
-3047.42
-3047.45
-3116.81
-3116.79
-3116.77
-3116.76
-3116.75
-3116.74
-3116.75
-3116.76
-3116.78
-3116.8
-3186.17
-3186.14
-3186.13
-3186.12
-3186.11
-3186.11
-3186.11
-3186.12
-3186.14
-3186.16
-3255.53
-3255.5
-3255.5
-3255.5
-3255.5
-3255.5
-3255.5
-3255.51
-3255.52
-3255.53
-3324.9
-3324.88
-3324.88
-3324.89
-3324.89
-3324.89
-3324.89
-3324.88
-3324.88
-3324.89
-3394.25
-3394.25
-3394.26
-3394.26
-3394.26
-3394.26
-3394.26
-3394.25
-3394.23
-3394.24
-2605.15
-2605.16
-2605.15
-2605.15
-2605.14
-2605.14
-2605.14
-2605.14
-2605.14
-2605.14
-2674.5
-2674.51
-2674.5
-2674.5
-2674.49
-2674.49
-2674.49
-2674.49
-2674.51
-2674.51
-2743.87
-2743.86
-2743.85
-2743.85
-2743.85
-2743.85
-2743.85
-2743.86
-2743.87
-2743.87
-2813.23
-2813.21
-2813.21
-2813.21
-2813.21
-2813.22
-2813.22
-2813.22
-2813.23
-2813.25
-2882.6
-2882.57
-2882.57
-2882.56
-2882.57
-2882.57
-2882.57
-2882.58
-2882.58
-2882.61
-2951.97
-2951.93
-2951.92
-2951.92
-2951.92
-2951.92
-2951.93
-2951.94
-2951.95
-2951.98
-3021.33
-3021.31
-3021.3
-3021.3
-3021.29
-3021.29
-3021.3
-3021.31
-3021.33
-3021.35
-3090.7
-3090.69
-3090.69
-3090.69
-3090.69
-3090.69
-3090.7
-3090.7
-3090.72
-3090.72
-3160.07
-3160.08
-3160.09
-3160.09
-3160.09
-3160.09
-3160.09
-3160.09
-3160.08
-3160.06
-3229.44
-3229.45
-3229.45
-3229.46
-3229.46
-3229.46
-3229.45
-3229.44
-3229.41
-3229.39
-2440.18
-2440.19
-2440.19
-2440.18
-2440.17
-2440.17
-2440.17
-2440.16
-2440.16
-2440.16
-2509.53
-2509.54
-2509.53
-2509.53
-2509.53
-2509.53
-2509.52
-2509.52
-2509.53
-2509.53
-2578.89
-2578.88
-2578.87
-2578.87
-2578.87
-2578.87
-2578.86
-2578.87
-2578.88
-2578.88
-2648.23
-2648.22
-2648.21
-2648.21
-2648.21
-2648.22
-2648.22
-2648.22
-2648.22
-2648.22
-2717.57
-2717.56
-2717.56
-2717.55
-2717.56
-2717.56
-2717.56
-2717.57
-2717.56
-2717.58
-2786.94
-2786.92
-2786.91
-2786.91
-2786.91
-2786.91
-2786.92
-2786.92
-2786.93
-2786.95
-2856.33
-2856.31
-2856.3
-2856.3
-2856.29
-2856.29
-2856.3
-2856.3
-2856.32
-2856.35
-2925.7
-2925.7
-2925.69
-2925.7
-2925.69
-2925.69
-2925.7
-2925.7
-2925.71
-2925.72
-2995.06
-2995.09
-2995.09
-2995.09
-2995.09
-2995.1
-2995.1
-2995.1
-2995.09
-2995.06
-3064.43
-3064.45
-3064.46
-3064.46
-3064.46
-3064.46
-3064.46
-3064.46
-3064.45
-3064.4
-2275.16
-2275.17
-2275.17
-2275.17
-2275.16
-2275.16
-2275.16
-2275.15
-2275.15
-2275.13
-2344.51
-2344.52
-2344.52
-2344.52
-2344.51
-2344.51
-2344.51
-2344.5
-2344.5
-2344.49
-2413.85
-2413.85
-2413.85
-2413.85
-2413.85
-2413.84
-2413.84
-2413.84
-2413.84
-2413.84
-2483.19
-2483.19
-2483.19
-2483.18
-2483.18
-2483.18
-2483.18
-2483.18
-2483.18
-2483.18
-2552.53
-2552.52
-2552.52
-2552.52
-2552.53
-2552.52
-2552.52
-2552.52
-2552.52
-2552.53
-2621.9
-2621.88
-2621.89
-2621.89
-2621.88
-2621.88
-2621.88
-2621.88
-2621.88
-2621.9
-2691.28
-2691.27
-2691.27
-2691.27
-2691.26
-2691.26
-2691.26
-2691.27
-2691.27
-2691.29
-2760.65
-2760.65
-2760.65
-2760.65
-2760.65
-2760.65
-2760.65
-2760.66
-2760.66
-2760.65
-2830
-2830.02
-2830.02
-2830.01
-2830.01
-2830.02
-2830.02
-2830.04
-2830.04
-2830.02
-2899.36
-2899.38
-2899.38
-2899.37
-2899.37
-2899.37
-2899.38
-2899.4
-2899.41
-2899.37
-2110.14
-2110.16
-2110.16
-2110.16
-2110.15
-2110.15
-2110.16
-2110.16
-2110.16
-2110.14
-2179.51
-2179.51
-2179.51
-2179.51
-2179.51
-2179.51
-2179.51
-2179.51
-2179.5
-2179.5
-2248.86
-2248.84
-2248.85
-2248.85
-2248.84
-2248.84
-2248.84
-2248.84
-2248.83
-2248.84
-2318.19
-2318.18
-2318.19
-2318.19
-2318.18
-2318.17
-2318.18
-2318.18
-2318.17
-2318.18
-2387.54
-2387.54
-2387.53
-2387.54
-2387.53
-2387.52
-2387.53
-2387.52
-2387.53
-2387.53
-2456.89
-2456.9
-2456.89
-2456.89
-2456.89
-2456.89
-2456.88
-2456.88
-2456.88
-2456.89
-2526.24
-2526.23
-2526.24
-2526.23
-2526.24
-2526.24
-2526.23
-2526.23
-2526.22
-2526.23
-2595.58
-2595.56
-2595.56
-2595.56
-2595.56
-2595.56
-2595.56
-2595.56
-2595.56
-2595.57
-2664.94
-2664.92
-2664.9
-2664.89
-2664.89
-2664.89
-2664.89
-2664.9
-2664.92
-2664.92
-2734.29
-2734.3
-2734.27
-2734.26
-2734.25
-2734.25
-2734.26
-2734.28
-2734.3
-2734.29
-1945.1
-1945.11
-1945.11
-1945.11
-1945.11
-1945.12
-1945.12
-1945.13
-1945.12
-1945.1
-2014.47
-2014.45
-2014.46
-2014.46
-2014.46
-2014.47
-2014.47
-2014.47
-2014.45
-2014.45
-2083.83
-2083.8
-2083.81
-2083.81
-2083.8
-2083.8
-2083.8
-2083.8
-2083.79
-2083.8
-2153.19
-2153.17
-2153.16
-2153.15
-2153.13
-2153.13
-2153.13
-2153.14
-2153.15
-2153.17
-2222.54
-2222.54
-2222.52
-2222.5
-2222.48
-2222.48
-2222.49
-2222.49
-2222.51
-2222.52
-2291.87
-2291.87
-2291.86
-2291.85
-2291.84
-2291.84
-2291.84
-2291.84
-2291.85
-2291.85
-2361.18
-2361.18
-2361.17
-2361.16
-2361.17
-2361.17
-2361.16
-2361.16
-2361.16
-2361.16
-2430.5
-2430.49
-2430.48
-2430.47
-2430.47
-2430.46
-2430.47
-2430.48
-2430.47
-2430.48
-2499.86
-2499.83
-2499.8
-2499.79
-2499.79
-2499.79
-2499.79
-2499.8
-2499.82
-2499.86
-2569.21
-2569.19
-2569.17
-2569.16
-2569.15
-2569.15
-2569.16
-2569.17
-2569.21
-2569.21
-1779.94
-1779.94
-1779.94
-1779.95
-1779.95
-1779.95
-1779.95
-1779.97
-1779.97
-1779.95
-1849.31
-1849.3
-1849.31
-1849.3
-1849.31
-1849.31
-1849.31
-1849.31
-1849.3
-1849.31
-1918.69
-1918.67
-1918.68
-1918.67
-1918.66
-1918.66
-1918.67
-1918.66
-1918.65
-1918.67
-1988.06
-1988.04
-1988.04
-1988.03
-1988.02
-1988.01
-1988.02
-1988.02
-1988.02
-1988.04
-2057.43
-2057.42
-2057.4
-2057.39
-2057.37
-2057.37
-2057.38
-2057.38
-2057.4
-2057.4
-2126.76
-2126.76
-2126.74
-2126.73
-2126.72
-2126.72
-2126.72
-2126.73
-2126.73
-2126.73
-2196.06
-2196.06
-2196.04
-2196.04
-2196.04
-2196.04
-2196.03
-2196.03
-2196.04
-2196.04
-2265.39
-2265.37
-2265.34
-2265.33
-2265.33
-2265.32
-2265.32
-2265.33
-2265.34
-2265.37
-2334.74
-2334.69
-2334.67
-2334.67
-2334.66
-2334.65
-2334.66
-2334.66
-2334.68
-2334.74
-2404.07
-2404.04
-2404.03
-2404.02
-2404.02
-2404.01
-2404.02
-2404.03
-2404.05
-2404.08
-1614.75
-1614.72
-1614.71
-1614.71
-1614.71
-1614.71
-1614.7
-1614.7
-1614.71
-1614.72
-1684.08
-1684.07
-1684.06
-1684.05
-1684.04
-1684.04
-1684.04
-1684.06
-1684.07
-1684.09
-1753.44
-1753.44
-1753.43
-1753.42
-1753.42
-1753.42
-1753.42
-1753.43
-1753.44
-1753.45
-1822.82
-1822.8
-1822.79
-1822.78
-1822.79
-1822.79
-1822.79
-1822.79
-1822.8
-1822.82
-1892.16
-1892.15
-1892.15
-1892.14
-1892.14
-1892.14
-1892.15
-1892.16
-1892.16
-1892.15
-1961.5
-1961.5
-1961.48
-1961.47
-1961.46
-1961.47
-1961.48
-1961.49
-1961.51
-1961.5
-2030.86
-2030.86
-2030.82
-2030.81
-2030.81
-2030.81
-2030.81
-2030.81
-2030.85
-2030.86
-2100.22
-2100.2
-2100.18
-2100.18
-2100.18
-2100.17
-2100.18
-2100.16
-2100.18
-2100.22
-2169.55
-2169.51
-2169.53
-2169.54
-2169.53
-2169.52
-2169.52
-2169.51
-2169.5
-2169.55
-2238.85
-2238.83
-2238.84
-2238.84
-2238.84
-2238.83
-2238.83
-2238.83
-2238.83
-2238.85
-1449.43
-1449.42
-1449.4
-1449.4
-1449.41
-1449.41
-1449.4
-1449.4
-1449.43
-1449.45
-1518.78
-1518.78
-1518.75
-1518.74
-1518.74
-1518.74
-1518.74
-1518.75
-1518.8
-1518.82
-1588.14
-1588.14
-1588.11
-1588.1
-1588.11
-1588.11
-1588.11
-1588.12
-1588.16
-1588.17
-1657.46
-1657.46
-1657.46
-1657.46
-1657.47
-1657.47
-1657.47
-1657.47
-1657.48
-1657.5
-1726.78
-1726.77
-1726.79
-1726.79
-1726.8
-1726.8
-1726.8
-1726.8
-1726.79
-1726.8
-1796.14
-1796.13
-1796.14
-1796.13
-1796.13
-1796.13
-1796.13
-1796.15
-1796.15
-1796.15
-1865.54
-1865.53
-1865.52
-1865.51
-1865.5
-1865.5
-1865.52
-1865.52
-1865.55
-1865.56
-1934.9
-1934.91
-1934.9
-1934.9
-1934.9
-1934.9
-1934.91
-1934.9
-1934.92
-1934.93
-2004.22
-2004.22
-2004.24
-2004.24
-2004.23
-2004.24
-2004.24
-2004.24
-2004.22
-2004.24
-2073.53
-2073.51
-2073.53
-2073.52
-2073.52
-2073.52
-2073.52
-2073.53
-2073.51
-2073.53
-1284.08
-1284.07
-1284.07
-1284.08
-1284.08
-1284.07
-1284.07
-1284.07
-1284.09
-1284.1
-1353.41
-1353.43
-1353.4
-1353.4
-1353.39
-1353.39
-1353.39
-1353.4
-1353.45
-1353.45
-1422.74
-1422.75
-1422.73
-1422.73
-1422.74
-1422.74
-1422.74
-1422.75
-1422.77
-1422.76
-1492.03
-1492.05
-1492.05
-1492.06
-1492.07
-1492.08
-1492.08
-1492.08
-1492.07
-1492.05
-1561.35
-1561.35
-1561.36
-1561.36
-1561.38
-1561.39
-1561.38
-1561.37
-1561.36
-1561.36
-1630.71
-1630.69
-1630.69
-1630.7
-1630.7
-1630.7
-1630.71
-1630.7
-1630.7
-1630.72
-1700.1
-1700.09
-1700.09
-1700.09
-1700.07
-1700.07
-1700.09
-1700.1
-1700.1
-1700.11
-1769.45
-1769.48
-1769.49
-1769.49
-1769.48
-1769.48
-1769.49
-1769.49
-1769.49
-1769.47
-1838.77
-1838.81
-1838.83
-1838.83
-1838.83
-1838.83
-1838.83
-1838.83
-1838.81
-1838.77
-1908.09
-1908.1
-1908.12
-1908.13
-1908.12
-1908.12
-1908.13
-1908.12
-1908.1
-1908.09
-1118.75
-1118.76
-1118.76
-1118.75
-1118.75
-1118.74
-1118.76
-1118.76
-1118.75
-1118.75
-1188.04
-1188.05
-1188.05
-1188.05
-1188.04
-1188.04
-1188.06
-1188.07
-1188.07
-1188.05
-1257.31
-1257.32
-1257.32
-1257.32
-1257.32
-1257.32
-1257.34
-1257.35
-1257.36
-1257.34
-1326.61
-1326.61
-1326.61
-1326.6
-1326.59
-1326.6
-1326.61
-1326.62
-1326.62
-1326.62
-1395.94
-1395.91
-1395.9
-1395.89
-1395.9
-1395.89
-1395.89
-1395.89
-1395.89
-1395.92
-1465.26
-1465.22
-1465.22
-1465.23
-1465.24
-1465.23
-1465.22
-1465.21
-1465.2
-1465.25
-1534.55
-1534.55
-1534.57
-1534.56
-1534.56
-1534.55
-1534.56
-1534.57
-1534.54
-1534.54
-1603.84
-1603.88
-1603.88
-1603.84
-1603.84
-1603.84
-1603.84
-1603.89
-1603.89
-1603.84
-1673.16
-1673.2
-1673.17
-1673.15
-1673.16
-1673.16
-1673.16
-1673.19
-1673.2
-1673.15
-1742.47
-1742.5
-1742.51
-1742.51
-1742.52
-1742.52
-1742.51
-1742.5
-1742.49
-1742.46
-953.331
-953.343
-953.352
-953.35
-953.348
-953.355
-953.364
-953.368
-953.354
-953.341
-1022.58
-1022.58
-1022.61
-1022.63
-1022.63
-1022.63
-1022.64
-1022.63
-1022.59
-1022.59
-1091.85
-1091.84
-1091.86
-1091.86
-1091.86
-1091.86
-1091.87
-1091.86
-1091.84
-1091.83
-1161.13
-1161.13
-1161.12
-1161.11
-1161.1
-1161.1
-1161.11
-1161.12
-1161.14
-1161.12
-1230.44
-1230.42
-1230.39
-1230.39
-1230.37
-1230.37
-1230.39
-1230.39
-1230.43
-1230.46
-1299.68
-1299.65
-1299.66
-1299.66
-1299.66
-1299.66
-1299.67
-1299.66
-1299.64
-1299.69
-1368.85
-1368.84
-1368.86
-1368.85
-1368.87
-1368.88
-1368.87
-1368.88
-1368.84
-1368.86
-1438.07
-1438.08
-1438.06
-1438.03
-1438.04
-1438.04
-1438.04
-1438.07
-1438.09
-1438.08
-1507.37
-1507.39
-1507.33
-1507.3
-1507.29
-1507.29
-1507.3
-1507.34
-1507.39
-1507.36
-1576.68
-1576.7
-1576.67
-1576.64
-1576.63
-1576.63
-1576.64
-1576.67
-1576.7
-1576.67
-787.95
-787.957
-787.962
-787.951
-787.947
-787.948
-787.957
-787.961
-787.937
-787.91
-857.16
-857.149
-857.179
-857.184
-857.184
-857.185
-857.181
-857.165
-857.12
-857.125
-926.408
-926.37
-926.368
-926.37
-926.372
-926.372
-926.36
-926.346
-926.346
-926.39
-995.656
-995.621
-995.592
-995.584
-995.575
-995.574
-995.577
-995.583
-995.622
-995.666
-1064.89
-1064.87
-1064.85
-1064.83
-1064.8
-1064.8
-1064.83
-1064.87
-1064.9
-1064.92
-1134.04
-1134.04
-1134.03
-1134.01
-1134
-1134.01
-1134.03
-1134.05
-1134.06
-1134.08
-1203.16
-1203.12
-1203.12
-1203.11
-1203.12
-1203.12
-1203.12
-1203.13
-1203.12
-1203.16
-1272.3
-1272.26
-1272.22
-1272.2
-1272.2
-1272.2
-1272.2
-1272.22
-1272.25
-1272.29
-1341.51
-1341.47
-1341.4
-1341.38
-1341.36
-1341.36
-1341.37
-1341.4
-1341.47
-1341.49
-1410.71
-1410.69
-1410.64
-1410.61
-1410.6
-1410.6
-1410.62
-1410.66
-1410.72
-1410.72
-622.858
-622.87
-622.862
-622.841
-622.846
-622.849
-622.843
-622.864
-622.861
-622.844
-692.018
-691.992
-691.998
-691.994
-691.995
-691.992
-691.967
-691.966
-691.965
-692.01
-761.2
-761.141
-761.126
-761.126
-761.119
-761.112
-761.1
-761.09
-761.117
-761.221
-830.334
-830.287
-830.262
-830.269
-830.261
-830.261
-830.27
-830.25
-830.286
-830.367
-899.394
-899.407
-899.38
-899.357
-899.345
-899.354
-899.378
-899.406
-899.438
-899.421
-968.464
-968.472
-968.412
-968.358
-968.337
-968.344
-968.376
-968.441
-968.502
-968.479
-1037.56
-1037.49
-1037.41
-1037.37
-1037.36
-1037.36
-1037.38
-1037.42
-1037.49
-1037.56
-1106.63
-1106.5
-1106.46
-1106.45
-1106.44
-1106.44
-1106.46
-1106.47
-1106.51
-1106.64
-1175.63
-1175.54
-1175.52
-1175.54
-1175.5
-1175.51
-1175.55
-1175.53
-1175.56
-1175.64
-1244.63
-1244.6
-1244.55
-1244.53
-1244.52
-1244.52
-1244.53
-1244.57
-1244.63
-1244.65
-458.687
-458.704
-458.666
-458.647
-458.644
-458.656
-458.682
-458.725
-458.767
-458.755
-527.742
-527.731
-527.669
-527.641
-527.643
-527.655
-527.673
-527.719
-527.797
-527.814
-596.773
-596.715
-596.678
-596.646
-596.639
-596.649
-596.675
-596.715
-596.761
-596.843
-665.705
-665.624
-665.619
-665.6
-665.593
-665.598
-665.618
-665.641
-665.63
-665.747
-734.574
-734.515
-734.489
-734.457
-734.465
-734.459
-734.448
-734.489
-734.512
-734.578
-803.487
-803.464
-803.353
-803.312
-803.287
-803.283
-803.294
-803.332
-803.481
-803.495
-872.442
-872.367
-872.263
-872.237
-872.192
-872.192
-872.225
-872.24
-872.375
-872.49
-941.284
-941.155
-941.172
-941.171
-941.148
-941.15
-941.17
-941.151
-941.166
-941.341
-1010.03
-1009.91
-1009.94
-1009.94
-1009.93
-1009.94
-1009.95
-1009.92
-1009.93
-1010.08
-1078.73
-1078.67
-1078.61
-1078.57
-1078.57
-1078.58
-1078.59
-1078.63
-1078.71
-1078.77
-296.81
-296.8
-296.75
-296.727
-296.721
-296.733
-296.763
-296.805
-296.87
-296.913
-365.578
-365.559
-365.474
-365.437
-365.422
-365.438
-365.488
-365.542
-365.638
-365.668
-434.249
-434.223
-434.171
-434.119
-434.106
-434.121
-434.161
-434.232
-434.273
-434.308
-502.822
-502.77
-502.728
-502.655
-502.646
-502.637
-502.651
-502.741
-502.749
-502.834
-571.374
-571.265
-571.193
-571.151
-571.129
-571.113
-571.131
-571.178
-571.268
-571.399
-639.958
-639.815
-639.731
-639.709
-639.674
-639.677
-639.712
-639.745
-639.895
-640.031
-708.507
-708.404
-708.318
-708.282
-708.232
-708.247
-708.31
-708.359
-708.506
-708.623
-776.931
-776.829
-776.781
-776.737
-776.728
-776.744
-776.78
-776.838
-776.918
-777.049
-845.215
-845.075
-845.041
-844.976
-845.017
-845.033
-845.019
-845.093
-845.15
-845.325
-913.404
-913.279
-913.21
-913.157
-913.157
-913.168
-913.187
-913.246
-913.346
-913.52
-139.17
-139.141
-139.111
-139.086
-139.058
-139.068
-139.084
-139.106
-139.163
-139.22
-207.337
-207.317
-207.262
-207.216
-207.191
-207.209
-207.273
-207.325
-207.379
-207.414
-275.369
-275.37
-275.295
-275.232
-275.216
-275.238
-275.308
-275.422
-275.505
-275.493
-343.354
-343.286
-343.171
-343.094
-343.087
-343.109
-343.165
-343.301
-343.462
-343.54
-411.309
-411.098
-411.007
-410.953
-410.95
-410.978
-411.032
-411.138
-411.274
-411.543
-479.14
-478.911
-478.851
-478.833
-478.841
-478.878
-478.944
-479.013
-479.113
-479.403
-546.812
-546.675
-546.605
-546.574
-546.579
-546.622
-546.702
-546.816
-546.942
-547.087
-614.358
-614.27
-614.121
-614.047
-614.041
-614.083
-614.168
-614.359
-614.533
-614.628
-681.825
-681.688
-681.493
-681.345
-681.323
-681.363
-681.46
-681.691
-681.887
-682.08
-749.239
-749.017
-748.82
-748.601
-748.516
-748.554
-748.696
-748.945
-749.195
-749.484
10.0787
10.1465
10.1634
10.2107
10.2584
10.2817
10.278
10.2508
10.1956
10.1163
-56.9087
-56.846
-56.8089
-56.7499
-56.7078
-56.7143
-56.7654
-56.8394
-56.9023
-56.965
-123.764
-123.682
-123.578
-123.51
-123.492
-123.525
-123.617
-123.762
-123.922
-124.029
-190.54
-190.418
-190.248
-190.174
-190.176
-190.243
-190.375
-190.562
-190.833
-190.984
-257.172
-256.934
-256.79
-256.733
-256.737
-256.833
-256.99
-257.156
-257.362
-257.677
-323.527
-323.202
-323.109
-323.035
-323.031
-323.113
-323.266
-323.448
-323.57
-323.966
-389.614
-389.287
-389.1
-388.934
-388.906
-388.972
-389.125
-389.4
-389.607
-389.963
-455.557
-455.262
-454.814
-454.531
-454.424
-454.498
-454.724
-455.115
-455.624
-455.967
-521.355
-520.969
-520.396
-520.002
-519.78
-519.862
-520.227
-520.787
-521.425
-521.899
-586.983
-586.38
-585.814
-585.303
-584.987
-585.076
-585.58
-586.26
-586.929
-587.584
146.115
146.184
146.234
146.299
146.348
146.382
146.392
146.363
146.325
146.277
80.89
81.0114
81.083
81.1495
81.1763
81.1813
81.1627
81.0666
80.9722
80.8436
15.8986
16.0918
16.2254
16.2927
16.3156
16.2684
16.1669
16.0087
15.7859
15.551
-48.9123
-48.6403
-48.4359
-48.3766
-48.3383
-48.4304
-48.6342
-48.8178
-49.1867
-49.5142
-113.378
-113.048
-112.801
-112.656
-112.631
-112.73
-112.945
-113.246
-113.597
-114.003
-177.428
-176.98
-176.643
-176.367
-176.308
-176.387
-176.596
-177
-177.363
-177.89
-241.129
-240.481
-239.949
-239.554
-239.421
-239.482
-239.725
-240.191
-240.757
-241.474
-304.501
-303.701
-302.948
-302.381
-302.077
-302.146
-302.567
-303.226
-304.037
-304.885
-367.51
-366.594
-365.639
-364.874
-364.355
-364.455
-365.155
-366.074
-367.135
-368.109
-430.163
-429.056
-427.761
-426.692
-426.081
-426.205
-427.018
-428.275
-429.662
-430.876
249.545
249.452
249.43
249.417
249.417
249.427
249.448
249.483
249.575
249.722
187.513
187.509
187.533
187.53
187.545
187.548
187.549
187.548
187.519
187.512
125.895
126.078
126.167
126.194
126.229
126.202
126.121
126.074
125.921
125.677
64.8617
65.1456
65.2885
65.3984
65.453
65.41
65.2739
65.0881
64.8445
64.5043
4.39672
4.74117
5.07834
5.34511
5.45003
5.41597
5.24523
4.88521
4.45999
4.06078
-55.5612
-54.9963
-54.3853
-53.9442
-53.762
-53.7771
-53.9982
-54.4937
-55.1269
-55.7934
-114.99
-114.092
-113.296
-112.676
-112.322
-112.328
-112.687
-113.288
-114.081
-115.105
-173.873
-172.621
-171.711
-170.926
-170.38
-170.397
-170.966
-171.704
-172.68
-174.025
-232.093
-230.683
-229.464
-228.437
-227.803
-227.847
-228.531
-229.615
-230.917
-232.377
-289.956
-288.387
-286.546
-285.055
-284.309
-284.37
-285.191
-286.746
-288.623
-290.216
323.823
323.512
323.374
323.247
323.175
323.152
323.174
323.265
323.408
323.75
265.277
265.121
265.041
264.973
264.948
264.939
264.939
264.998
265.055
265.179
207.417
207.478
207.458
207.47
207.493
207.493
207.471
207.474
207.502
207.398
150.344
150.572
150.688
150.839
150.926
150.944
150.9
150.785
150.709
150.46
93.9863
94.3326
94.7543
95.0725
95.228
95.2764
95.2117
94.9348
94.5163
94.1606
38.2529
38.8339
39.4735
39.9465
40.2502
40.3176
40.1292
39.7054
39.0406
38.4193
-16.926
-15.9722
-15.278
-14.6716
-14.241
-14.1703
-14.4896
-15.0519
-15.7266
-16.7848
-71.4643
-70.1844
-69.3682
-68.6633
-68.2229
-68.1574
-68.4933
-69.0956
-69.9024
-71.1953
-125.448
-123.993
-122.804
-121.888
-121.538
-121.461
-121.707
-122.462
-123.652
-125.01
-179.114
-177.725
-175.905
-174.489
-173.727
-173.658
-174.34
-175.589
-177.319
-178.756
269.665
268.596
267.82
267.287
267.007
266.963
267.151
267.61
268.347
269.365
225.867
224.863
224.184
223.758
223.523
223.485
223.644
224.044
224.695
225.656
183.502
182.798
182.254
181.95
181.805
181.808
181.958
182.272
182.825
183.544
142.758
142.344
142.055
141.925
141.862
141.912
142.076
142.274
142.643
143.122
103.631
103.466
103.475
103.504
103.581
103.657
103.727
103.826
103.931
104.064
65.9879
66.1915
66.346
66.537
66.7264
66.8188
66.7892
66.7235
66.5314
66.2671
29.7061
30.3367
30.7082
31.062
31.3102
31.4021
31.3021
31.0402
30.5787
29.9076
-5.24029
-4.18125
-3.4529
-2.87133
-2.61465
-2.50488
-2.5432
-2.98523
-3.76128
-4.84507
-38.6133
-37.3641
-36.1754
-35.3434
-35.0416
-34.9192
-35.0112
-35.7042
-36.784
-38.107
-70.1685
-69.0404
-67.3708
-66.2085
-65.5333
-65.4468
-66.0587
-67.1019
-68.5911
-69.7882
299.161
298.789
298.385
298.006
297.756
297.714
297.883
298.201
298.564
298.882
261.785
261.523
261.4
261.297
261.199
261.187
261.25
261.305
261.413
261.649
224.878
225.031
225.21
225.375
225.406
225.416
225.41
225.287
225.137
225.066
188.69
189.245
189.648
189.95
190.112
190.142
190.041
189.837
189.503
189.026
153.066
153.937
154.513
154.86
155.117
155.145
154.945
154.646
154.148
153.289
117.608
118.726
119.505
119.936
120.217
120.249
120.024
119.581
118.851
117.697
81.9488
83.2786
84.2954
84.9266
85.2119
85.2838
85.1382
84.5504
83.4208
82.0076
45.8137
47.3384
48.7103
49.6354
49.9256
50.0267
49.9347
49.1539
47.7234
46.1202
9.05025
10.9765
12.6914
13.9836
14.6143
14.7282
14.2997
13.2599
11.5953
9.69419
-28.216
-25.9678
-23.7809
-22.1051
-20.9973
-20.8658
-21.8305
-23.363
-25.4887
-27.622
-4902.17
-4817.51
-4752.15
-4707.67
-4685.18
-4685.15
-4707.75
-4752.26
-4817.64
-4902.24
-4951.52
-4876.35
-4818.35
-4778.91
-4758.96
-4758.96
-4778.92
-4818.38
-4876.38
-4951.54
-4997.4
-4931.3
-4880.34
-4845.7
-4828.17
-4828.18
-4845.71
-4880.35
-4931.3
-4997.39
-5041.47
-4984.49
-4940.59
-4910.75
-4895.66
-4895.67
-4910.77
-4940.6
-4984.49
-5041.47
-5085.13
-5037.28
-5000.42
-4975.37
-4962.7
-4962.7
-4975.38
-5000.43
-5037.27
-5085.13
-5128.51
-5089.77
-5059.91
-5039.62
-5029.36
-5029.36
-5039.62
-5059.91
-5089.76
-5128.52
-5171.57
-5141.88
-5119
-5103.45
-5095.58
-5095.58
-5103.44
-5118.99
-5141.88
-5171.56
-5214.27
-5193.61
-5177.68
-5166.84
-5161.36
-5161.36
-5166.84
-5177.67
-5193.61
-5214.25
-5256.62
-5244.98
-5235.97
-5229.84
-5226.73
-5226.73
-5229.83
-5235.96
-5244.97
-5256.61
-5298.63
-5296.01
-5293.91
-5292.46
-5291.72
-5291.72
-5292.45
-5293.9
-5296.01
-5298.62
-4772.47
-4687.11
-4621.08
-4576.13
-4553.38
-4553.37
-4576.08
-4621.03
-4687.07
-4772.45
-4813.02
-4736.71
-4677.73
-4637.57
-4617.24
-4617.22
-4637.56
-4677.73
-4736.71
-4813.02
-4851.98
-4784.56
-4732.44
-4696.96
-4678.99
-4678.98
-4696.97
-4732.45
-4784.55
-4851.98
-4891.42
-4833
-4787.86
-4757.12
-4741.54
-4741.55
-4757.13
-4787.86
-4832.99
-4891.42
-4931.22
-4881.83
-4843.67
-4817.69
-4804.53
-4804.54
-4817.7
-4843.68
-4881.83
-4931.23
-4971.11
-4930.76
-4899.59
-4878.37
-4867.62
-4867.63
-4878.37
-4899.59
-4930.77
-4971.12
-5011.03
-4979.73
-4955.54
-4939.07
-4930.74
-4930.74
-4939.07
-4955.53
-4979.73
-5011.04
-5051
-5028.72
-5011.51
-4999.79
-4993.86
-4993.86
-4999.79
-5011.5
-5028.72
-5050.99
-5090.99
-5077.74
-5067.49
-5060.51
-5056.98
-5056.98
-5060.51
-5067.49
-5077.73
-5090.98
-5131
-5126.76
-5123.46
-5121.21
-5120.08
-5120.07
-5121.21
-5123.45
-5126.75
-5130.99
-4626.77
-4541.45
-4475.55
-4430.72
-4408.01
-4408.01
-4430.68
-4475.51
-4541.4
-4626.75
-4666.4
-4590.19
-4531.33
-4491.28
-4471.01
-4470.99
-4491.27
-4531.33
-4590.18
-4666.41
-4706.05
-4638.82
-4586.87
-4551.52
-4533.62
-4533.61
-4551.51
-4586.86
-4638.8
-4706.05
-4746.21
-4687.98
-4642.99
-4612.36
-4596.85
-4596.85
-4612.35
-4642.96
-4687.96
-4746.21
-4786.3
-4737.04
-4698.98
-4673.06
-4659.94
-4659.95
-4673.06
-4698.96
-4737.03
-4786.31
-4826.24
-4785.95
-4754.82
-4733.62
-4722.9
-4722.9
-4733.62
-4754.82
-4785.96
-4826.25
-4866.12
-4834.81
-4810.61
-4794.14
-4785.8
-4785.8
-4794.14
-4810.61
-4834.82
-4866.13
-4905.98
-4883.65
-4866.39
-4854.63
-4848.68
-4848.68
-4854.63
-4866.39
-4883.65
-4905.99
-4945.84
-4932.48
-4922.15
-4915.1
-4911.54
-4911.54
-4915.1
-4922.15
-4932.48
-4945.84
-4985.69
-4981.3
-4977.88
-4975.55
-4974.37
-4974.37
-4975.55
-4977.88
-4981.3
-4985.69
-4475.36
-4389.81
-4323.74
-4278.77
-4255.99
-4256
-4278.76
-4323.73
-4389.79
-4475.35
-4514.51
-4438.19
-4379.21
-4339.07
-4318.75
-4318.75
-4339.08
-4379.22
-4438.2
-4514.53
-4554.49
-4487.24
-4435.24
-4399.85
-4381.95
-4381.94
-4399.85
-4435.23
-4487.22
-4554.49
-4594.82
-4536.61
-4491.61
-4460.98
-4445.48
-4445.48
-4460.97
-4491.58
-4536.58
-4594.81
-4635.05
-4585.83
-4547.81
-4521.91
-4508.8
-4508.81
-4521.9
-4547.77
-4585.82
-4635.03
-4675.15
-4634.93
-4603.86
-4582.7
-4572
-4572.01
-4582.7
-4603.86
-4634.93
-4675.15
-4715.21
-4684
-4659.88
-4643.46
-4635.15
-4635.15
-4643.46
-4659.89
-4684
-4715.21
-4755.25
-4733.03
-4715.87
-4704.18
-4698.26
-4698.26
-4704.18
-4715.87
-4733.04
-4755.26
-4795.28
-4782.04
-4771.82
-4764.85
-4761.33
-4761.33
-4764.86
-4771.82
-4782.05
-4795.29
-4835.28
-4831.03
-4827.74
-4825.49
-4824.35
-4824.35
-4825.49
-4827.74
-4831.05
-4835.29
-4331.15
-4245.51
-4179.31
-4134.22
-4111.37
-4111.38
-4134.22
-4179.31
-4245.51
-4331.16
-4369.84
-4293.35
-4234.22
-4193.95
-4173.56
-4173.55
-4193.96
-4234.23
-4293.37
-4369.85
-4409.67
-4342.23
-4290.09
-4254.59
-4236.62
-4236.62
-4254.59
-4290.09
-4342.23
-4409.65
-4449.7
-4391.31
-4346.17
-4315.44
-4299.88
-4299.88
-4315.43
-4346.15
-4391.29
-4449.67
-4489.67
-4440.31
-4402.15
-4376.16
-4362.99
-4363
-4376.15
-4402.12
-4440.29
-4489.64
-4529.58
-4489.23
-4458.04
-4436.78
-4426.01
-4426.01
-4436.77
-4458.01
-4489.22
-4529.56
-4569.47
-4538.12
-4513.88
-4497.36
-4489
-4489
-4497.36
-4513.88
-4538.11
-4569.45
-4609.34
-4586.98
-4569.7
-4557.92
-4551.97
-4551.96
-4557.93
-4569.71
-4586.98
-4609.33
-4649.21
-4635.84
-4625.5
-4618.46
-4614.9
-4614.9
-4618.46
-4625.51
-4635.85
-4649.21
-4689.07
-4684.69
-4681.3
-4678.98
-4677.8
-4677.8
-4678.97
-4681.29
-4684.7
-4689.08
-4193.49
-4107.84
-4041.61
-3996.52
-3973.67
-3973.67
-3996.53
-4041.61
-4107.84
-4193.5
-4231.96
-4155.39
-4096.18
-4055.86
-4035.44
-4035.44
-4055.87
-4096.19
-4155.41
-4231.98
-4271.68
-4204.14
-4151.92
-4116.36
-4098.37
-4098.37
-4116.37
-4151.94
-4204.15
-4271.66
-4311.46
-4252.97
-4207.76
-4176.97
-4161.39
-4161.39
-4176.97
-4207.75
-4252.96
-4311.43
-4351.23
-4301.79
-4263.56
-4237.52
-4224.32
-4224.33
-4237.51
-4263.54
-4301.77
-4351.21
-4390.99
-4350.56
-4319.3
-4297.99
-4287.19
-4287.2
-4297.98
-4319.28
-4350.55
-4390.98
-4430.74
-4399.3
-4374.99
-4358.42
-4350.02
-4350.03
-4358.42
-4374.99
-4399.28
-4430.71
-4470.47
-4448.02
-4430.67
-4418.84
-4412.85
-4412.84
-4418.83
-4430.67
-4448.01
-4470.45
-4510.21
-4496.74
-4486.33
-4479.24
-4475.65
-4475.65
-4479.24
-4486.34
-4496.75
-4510.21
-4549.95
-4545.48
-4542.01
-4539.64
-4538.44
-4538.44
-4539.63
-4542
-4545.48
-4549.96
-4057.1
-3971.37
-3905.08
-3859.96
-3837.13
-3837.12
-3859.98
-3905.08
-3971.38
-4057.12
-4095.45
-4018.8
-3959.54
-3919.18
-3898.74
-3898.73
-3919.19
-3959.52
-4018.82
-4095.47
-4135.03
-4067.44
-4015.21
-3979.62
-3961.6
-3961.6
-3979.63
-4015.21
-4067.47
-4135.02
-4174.63
-4116.09
-4070.85
-4040.04
-4024.44
-4024.45
-4040.03
-4070.86
-4116.1
-4174.62
-4214.27
-4164.78
-4126.51
-4100.45
-4087.24
-4087.25
-4100.44
-4126.52
-4164.77
-4214.26
-4253.92
-4213.45
-4182.15
-4160.83
-4150
-4150.01
-4160.82
-4182.15
-4213.44
-4253.93
-4293.57
-4262.09
-4237.75
-4221.16
-4212.74
-4212.74
-4221.16
-4237.75
-4262.07
-4293.56
-4333.21
-4310.71
-4293.33
-4281.47
-4275.47
-4275.46
-4281.47
-4293.34
-4310.71
-4333.2
-4372.88
-4359.36
-4348.91
-4341.79
-4338.19
-4338.19
-4341.79
-4348.92
-4359.36
-4372.88
-4412.55
-4408.02
-4404.5
-4402.11
-4400.9
-4400.9
-4402.11
-4404.51
-4408.03
-4412.56
-3918.61
-3832.85
-3766.57
-3721.42
-3698.58
-3698.57
-3721.43
-3766.56
-3832.86
-3918.61
-3956.88
-3880.19
-3820.92
-3780.54
-3760.08
-3760.08
-3780.55
-3820.9
-3880.21
-3956.87
-3996.33
-3928.72
-3876.49
-3840.89
-3822.86
-3822.86
-3840.89
-3876.48
-3928.74
-3996.31
-4035.81
-3977.24
-3931.98
-3901.15
-3885.55
-3885.55
-3901.15
-3932
-3977.25
-4035.8
-4075.35
-4025.83
-3987.53
-3961.45
-3948.25
-3948.24
-3961.45
-3987.56
-4025.83
-4075.36
-4114.92
-4074.42
-4043.09
-4021.75
-4010.92
-4010.93
-4021.75
-4043.11
-4074.42
-4114.94
-4154.49
-4122.98
-4098.62
-4082.02
-4073.58
-4073.6
-4082.02
-4098.63
-4122.98
-4154.51
-4194.08
-4171.55
-4154.13
-4142.27
-4136.25
-4136.25
-4142.27
-4154.14
-4171.55
-4194.08
-4233.7
-4220.14
-4209.66
-4202.52
-4198.91
-4198.9
-4202.52
-4209.67
-4220.14
-4233.7
-4273.32
-4268.74
-4265.2
-4262.78
-4261.56
-4261.56
-4262.78
-4265.2
-4268.75
-4273.33
-3776.86
-3691.19
-3624.98
-3579.85
-3557.03
-3557.01
-3579.86
-3624.98
-3691.2
-3776.86
-3815.11
-3738.49
-3679.24
-3638.89
-3618.44
-3618.44
-3638.89
-3679.22
-3738.5
-3815.11
-3854.49
-3786.94
-3734.72
-3699.14
-3681.1
-3681.11
-3699.13
-3734.7
-3786.95
-3854.49
-3893.93
-3835.38
-3790.14
-3759.3
-3743.69
-3743.7
-3759.29
-3790.15
-3835.39
-3893.94
-3933.43
-3883.89
-3845.61
-3819.53
-3806.33
-3806.32
-3819.53
-3845.65
-3883.9
-3933.45
-3972.97
-3932.44
-3901.11
-3879.77
-3868.96
-3868.95
-3879.78
-3901.15
-3932.45
-3972.99
-4012.5
-3980.96
-3956.6
-3940
-3931.57
-3931.58
-3940
-3956.61
-3980.98
-4012.52
-4052.05
-4029.5
-4012.08
-4000.21
-3994.19
-3994.19
-4000.21
-4012.09
-4029.51
-4052.06
-4091.64
-4078.06
-4067.57
-4060.42
-4056.8
-4056.8
-4060.42
-4067.58
-4078.06
-4091.64
-4131.24
-4126.64
-4123.08
-4120.64
-4119.42
-4119.42
-4120.65
-4123.08
-4126.64
-4131.24
-3631.41
-3545.82
-3479.72
-3434.65
-3411.85
-3411.84
-3434.65
-3479.7
-3545.84
-3631.41
-3669.72
-3593.13
-3533.95
-3493.64
-3473.23
-3473.23
-3493.66
-3533.94
-3593.15
-3669.72
-3709.07
-3641.57
-3589.37
-3553.83
-3535.81
-3535.82
-3553.83
-3589.36
-3641.56
-3709.07
-3748.5
-3690
-3644.78
-3613.96
-3598.35
-3598.36
-3613.95
-3644.77
-3689.99
-3748.51
-3787.99
-3738.48
-3700.21
-3674.14
-3660.96
-3660.95
-3674.14
-3700.24
-3738.48
-3788.01
-3827.52
-3787
-3755.68
-3734.35
-3723.56
-3723.55
-3734.36
-3755.72
-3787.02
-3827.54
-3867.04
-3835.51
-3811.15
-3794.55
-3786.14
-3786.15
-3794.57
-3811.17
-3835.53
-3867.07
-3906.59
-3884.04
-3866.62
-3854.75
-3848.74
-3848.74
-3854.76
-3866.63
-3884.05
-3906.6
-3946.17
-3932.59
-3922.11
-3914.96
-3911.34
-3911.33
-3914.95
-3922.11
-3932.59
-3946.17
-3985.77
-3981.17
-3977.6
-3975.17
-3973.94
-3973.93
-3975.17
-3977.6
-3981.16
-3985.76
-3481.9
-3396.38
-3330.38
-3285.37
-3262.59
-3262.6
-3285.35
-3330.36
-3396.39
-3481.88
-3520.31
-3443.76
-3384.64
-3344.37
-3323.99
-3324.01
-3344.39
-3384.64
-3443.77
-3520.3
-3559.67
-3492.21
-3440.04
-3404.53
-3386.55
-3386.55
-3404.55
-3440.04
-3492.18
-3559.67
-3599.13
-3540.67
-3495.46
-3464.68
-3449.08
-3449.08
-3464.68
-3495.46
-3540.64
-3599.14
-3638.62
-3589.14
-3550.89
-3524.85
-3511.68
-3511.68
-3524.86
-3550.92
-3589.14
-3638.64
-3678.17
-3637.66
-3606.36
-3585.05
-3574.28
-3574.27
-3585.06
-3606.39
-3637.68
-3678.19
-3717.7
-3686.18
-3661.84
-3645.25
-3636.87
-3636.86
-3645.25
-3661.85
-3686.21
-3717.73
-3757.26
-3734.72
-3717.32
-3705.45
-3699.46
-3699.45
-3705.45
-3717.32
-3734.74
-3757.28
-3796.85
-3783.28
-3772.81
-3765.66
-3762.05
-3762.04
-3765.66
-3772.81
-3783.28
-3796.85
-3836.46
-3831.86
-3828.31
-3825.88
-3824.65
-3824.65
-3825.88
-3828.31
-3831.85
-3836.45
-3328.35
-3242.94
-3177.04
-3132.14
-3109.34
-3109.35
-3132.04
-3177.01
-3242.92
-3328.34
-3366.92
-3290.42
-3231.38
-3191.18
-3170.8
-3170.82
-3191.14
-3231.36
-3290.42
-3366.91
-3406.32
-3338.9
-3286.81
-3251.33
-3233.37
-3233.36
-3251.32
-3286.78
-3338.86
-3406.32
-3445.83
-3387.41
-3342.26
-3311.5
-3295.93
-3295.9
-3311.49
-3342.23
-3387.37
-3445.84
-3485.35
-3435.9
-3397.7
-3371.68
-3358.51
-3358.5
-3371.69
-3397.7
-3435.9
-3485.35
-3524.93
-3484.44
-3453.18
-3431.89
-3421.13
-3421.12
-3431.9
-3453.19
-3484.46
-3524.93
-3564.51
-3533
-3508.67
-3492.09
-3483.73
-3483.71
-3492.1
-3508.67
-3533.02
-3564.52
-3604.09
-3581.56
-3564.16
-3552.31
-3546.32
-3546.32
-3552.31
-3564.16
-3581.57
-3604.09
-3643.69
-3630.13
-3619.67
-3612.53
-3608.92
-3608.93
-3612.54
-3619.67
-3630.13
-3643.69
-3683.3
-3678.72
-3675.18
-3672.77
-3671.54
-3671.54
-3672.77
-3675.19
-3678.72
-3683.3
-3171.36
-3086.02
-3020.14
-2975.34
-2952.55
-2952.57
-2975.26
-3020.15
-3085.99
-3171.34
-3210.08
-3133.63
-3074.63
-3034.47
-3014.12
-3014.14
-3034.44
-3074.61
-3133.62
-3210.06
-3249.51
-3182.12
-3130.09
-3094.66
-3076.71
-3076.7
-3094.6
-3130.04
-3182.08
-3249.5
-3289.08
-3230.69
-3185.59
-3154.87
-3139.3
-3139.26
-3154.82
-3185.54
-3230.64
-3289.08
-3328.64
-3279.21
-3241.06
-3215.07
-3201.89
-3201.87
-3215.05
-3241.04
-3279.2
-3328.63
-3368.26
-3327.79
-3296.57
-3275.3
-3264.52
-3264.52
-3275.29
-3296.55
-3327.8
-3368.24
-3407.89
-3376.4
-3352.09
-3335.52
-3327.16
-3327.14
-3335.52
-3352.08
-3376.41
-3407.87
-3447.51
-3425
-3407.61
-3395.76
-3389.77
-3389.77
-3395.76
-3407.61
-3425
-3447.5
-3487.13
-3473.58
-3463.13
-3456.01
-3452.4
-3452.41
-3456.01
-3463.13
-3473.59
-3487.12
-3526.75
-3522.19
-3518.67
-3516.27
-3515.04
-3515.05
-3516.26
-3518.67
-3522.19
-3526.76
-3011.6
-2926.35
-2860.44
-2815.62
-2792.94
-2792.94
-2815.66
-2860.46
-2926.31
-3011.6
-3050.46
-2974.08
-2915.06
-2874.9
-2854.62
-2854.62
-2874.95
-2915.07
-2974.08
-3050.48
-3089.92
-3022.56
-2970.54
-2935.12
-2917.21
-2917.21
-2935.11
-2970.53
-3022.56
-3089.94
-3129.55
-3071.17
-3026.11
-2995.41
-2979.83
-2979.81
-2995.36
-3026.09
-3071.16
-3129.56
-3169.15
-3119.74
-3081.64
-3055.66
-3042.46
-3042.46
-3055.61
-3081.61
-3119.74
-3169.15
-3208.82
-3168.37
-3137.18
-3115.92
-3105.13
-3105.14
-3115.89
-3137.15
-3168.37
-3208.8
-3248.49
-3217.02
-3192.73
-3176.18
-3167.8
-3167.79
-3176.17
-3192.71
-3217.02
-3248.47
-3288.16
-3265.67
-3248.28
-3236.44
-3230.45
-3230.45
-3236.44
-3248.28
-3265.64
-3288.13
-3327.8
-3314.28
-3303.82
-3296.71
-3293.11
-3293.12
-3296.72
-3303.82
-3314.26
-3327.78
-3367.45
-3362.89
-3359.38
-3357
-3355.78
-3355.79
-3356.99
-3359.38
-3362.9
-3367.44
-2849.87
-2764.62
-2698.72
-2653.88
-2631.24
-2631.21
-2653.95
-2698.71
-2764.58
-2849.87
-2888.85
-2812.48
-2753.45
-2713.28
-2693.02
-2693.01
-2713.36
-2753.45
-2812.49
-2888.88
-2928.3
-2860.96
-2808.91
-2773.5
-2755.62
-2755.61
-2773.53
-2808.94
-2860.97
-2928.33
-2967.97
-2909.61
-2864.55
-2833.83
-2818.29
-2818.27
-2833.8
-2864.53
-2909.61
-2967.99
-3007.62
-2958.21
-2920.12
-2894.14
-2880.95
-2880.95
-2894.09
-2920.08
-2958.22
-3007.61
-3047.32
-3006.88
-2975.69
-2954.46
-2943.66
-2943.68
-2954.43
-2975.67
-3006.89
-3047.29
-3087.02
-3055.57
-3031.3
-3014.77
-3006.36
-3006.39
-3014.76
-3031.29
-3055.56
-3086.99
-3126.69
-3104.24
-3086.9
-3075.07
-3069.05
-3069.06
-3075.06
-3086.88
-3104.21
-3126.69
-3166.36
-3152.89
-3142.46
-3135.35
-3131.74
-3131.75
-3135.35
-3142.45
-3152.87
-3166.38
-3206.04
-3201.52
-3198.02
-3195.64
-3194.44
-3194.44
-3195.64
-3198.02
-3201.53
-3206.05
-2686.7
-2601.42
-2535.52
-2490.69
-2468.05
-2468.01
-2490.76
-2535.52
-2601.45
-2686.71
-2725.82
-2649.42
-2590.37
-2550.2
-2529.94
-2529.94
-2550.3
-2590.42
-2649.46
-2725.84
-2765.26
-2697.89
-2645.84
-2610.41
-2592.56
-2592.54
-2610.48
-2645.91
-2697.93
-2765.29
-2804.98
-2746.59
-2701.51
-2670.79
-2655.27
-2655.26
-2670.8
-2701.54
-2746.6
-2804.98
-2844.68
-2795.26
-2757.13
-2731.14
-2717.97
-2717.98
-2731.11
-2757.1
-2795.25
-2844.65
-2884.39
-2843.97
-2812.77
-2791.51
-2780.71
-2780.74
-2791.49
-2812.73
-2843.95
-2884.36
-2924.09
-2892.67
-2868.41
-2851.88
-2843.45
-2843.49
-2851.85
-2868.38
-2892.64
-2924.07
-2963.78
-2941.36
-2924.03
-2912.21
-2906.19
-2906.2
-2912.19
-2924
-2941.32
-2963.78
-3003.48
-2990.03
-2979.62
-2972.52
-2968.92
-2968.91
-2972.5
-2979.6
-2990
-3003.48
-3043.19
-3038.69
-3035.2
-3032.82
-3031.62
-3031.61
-3032.81
-3035.19
-3038.68
-3043.18
-2522.65
-2437.31
-2371.42
-2326.59
-2303.92
-2303.91
-2326.63
-2371.41
-2437.34
-2522.65
-2561.87
-2485.42
-2426.39
-2386.22
-2365.92
-2365.91
-2386.27
-2426.42
-2485.47
-2561.89
-2601.32
-2533.9
-2481.82
-2446.4
-2428.51
-2428.49
-2446.44
-2481.88
-2533.93
-2601.33
-2641.05
-2582.65
-2537.51
-2506.8
-2491.27
-2491.27
-2506.82
-2537.54
-2582.64
-2641.03
-2680.77
-2631.37
-2593.17
-2567.18
-2554.03
-2554.03
-2567.17
-2593.16
-2631.33
-2680.74
-2720.47
-2680.08
-2648.85
-2627.59
-2616.81
-2616.83
-2627.57
-2648.82
-2680.05
-2720.46
-2760.16
-2728.76
-2704.51
-2687.98
-2679.57
-2679.6
-2687.96
-2704.48
-2728.76
-2760.17
-2799.86
-2777.44
-2760.14
-2748.33
-2742.33
-2742.33
-2748.32
-2760.13
-2777.44
-2799.88
-2839.58
-2826.13
-2815.76
-2808.66
-2805.07
-2805.06
-2808.66
-2815.75
-2826.14
-2839.6
-2879.33
-2874.84
-2871.36
-2868.98
-2867.79
-2867.78
-2868.98
-2871.35
-2874.83
-2879.32
-2358.02
-2272.65
-2206.77
-2161.95
-2139.24
-2139.24
-2161.94
-2206.75
-2272.67
-2358.01
-2397.33
-2320.85
-2261.84
-2221.68
-2201.34
-2201.33
-2221.68
-2261.85
-2320.9
-2397.35
-2436.8
-2369.34
-2317.27
-2281.86
-2263.91
-2263.9
-2281.84
-2317.28
-2369.36
-2436.78
-2476.54
-2418.12
-2372.96
-2342.25
-2326.7
-2326.7
-2342.25
-2372.96
-2418.08
-2476.47
-2516.25
-2466.85
-2428.63
-2402.63
-2389.49
-2389.49
-2402.64
-2428.62
-2466.8
-2516.2
-2555.94
-2515.56
-2484.32
-2463.05
-2452.29
-2452.29
-2463.06
-2484.3
-2515.52
-2555.92
-2595.64
-2564.24
-2539.97
-2523.43
-2515.07
-2515.08
-2523.44
-2539.97
-2564.23
-2595.64
-2635.35
-2612.92
-2595.6
-2583.8
-2577.84
-2577.84
-2583.81
-2595.62
-2612.92
-2635.35
-2675.08
-2661.62
-2651.25
-2644.17
-2640.59
-2640.58
-2644.16
-2651.25
-2661.63
-2675.08
-2714.83
-2710.35
-2706.88
-2704.5
-2703.31
-2703.3
-2704.5
-2706.87
-2710.34
-2714.82
-2193.07
-2107.73
-2041.79
-1996.94
-1974.25
-1974.27
-1996.99
-2041.82
-2107.75
-2193.08
-2232.47
-2156.01
-2097.01
-2056.82
-2036.46
-2036.49
-2056.82
-2097.01
-2156.06
-2232.49
-2271.97
-2204.5
-2152.44
-2117.03
-2099.03
-2099.04
-2116.98
-2152.42
-2204.5
-2271.96
-2311.66
-2253.27
-2208.12
-2177.43
-2161.85
-2161.84
-2177.4
-2208.12
-2253.23
-2311.62
-2351.35
-2301.99
-2263.78
-2237.8
-2224.64
-2224.62
-2237.81
-2263.78
-2301.95
-2351.32
-2391.04
-2350.67
-2319.45
-2298.18
-2287.44
-2287.43
-2298.21
-2319.44
-2350.66
-2391.04
-2430.75
-2399.37
-2375.09
-2358.56
-2350.23
-2350.21
-2358.58
-2375.09
-2399.36
-2430.76
-2470.49
-2448.07
-2430.74
-2418.94
-2413
-2412.99
-2418.94
-2430.74
-2448.06
-2470.48
-2510.25
-2496.78
-2486.41
-2479.32
-2475.74
-2475.73
-2479.3
-2486.39
-2496.76
-2510.21
-2549.99
-2545.5
-2542.05
-2539.67
-2538.47
-2538.46
-2539.66
-2542.02
-2545.48
-2549.96
-2028.02
-1942.68
-1876.71
-1831.83
-1809.16
-1809.19
-1831.89
-1876.73
-1942.67
-2028.04
-2067.5
-1991.04
-1932.03
-1891.83
-1871.44
-1871.51
-1891.81
-1932.03
-1991.06
-2067.51
-2107
-2039.52
-1987.47
-1952.04
-1934.02
-1934.08
-1951.99
-1987.46
-2039.54
-2106.98
-2146.66
-2088.27
-2043.14
-2012.46
-1996.88
-1996.89
-2012.43
-2043.14
-2088.25
-2146.61
-2186.34
-2136.99
-2098.79
-2072.82
-2059.68
-2059.65
-2072.84
-2098.79
-2136.95
-2186.3
-2226.02
-2185.67
-2154.45
-2133.2
-2122.48
-2122.43
-2133.22
-2154.44
-2185.65
-2226.01
-2265.75
-2234.36
-2210.09
-2193.57
-2185.26
-2185.21
-2193.58
-2210.09
-2234.36
-2265.75
-2305.5
-2283.07
-2265.74
-2253.94
-2248
-2247.98
-2253.94
-2265.74
-2283.06
-2305.47
-2345.27
-2331.79
-2321.41
-2314.31
-2310.73
-2310.73
-2314.31
-2321.39
-2331.77
-2345.22
-2385.01
-2380.52
-2377.07
-2374.68
-2373.47
-2373.47
-2374.68
-2377.04
-2380.49
-2384.97
-1863.08
-1777.62
-1711.61
-1666.72
-1644.02
-1644.05
-1666.76
-1711.67
-1777.64
-1863.06
-1902.56
-1826.07
-1767
-1726.79
-1706.41
-1706.48
-1726.8
-1767.03
-1826.09
-1902.56
-1942
-1874.56
-1822.48
-1787.02
-1769.04
-1769.08
-1787.01
-1822.48
-1874.58
-1942
-1981.62
-1923.26
-1878.16
-1847.46
-1831.9
-1831.89
-1847.45
-1878.14
-1923.24
-1981.57
-2021.3
-1971.96
-1933.79
-1907.82
-1894.68
-1894.65
-1907.81
-1933.77
-1971.92
-2021.26
-2060.98
-2020.63
-1989.42
-1968.18
-1957.45
-1957.41
-1968.18
-1989.43
-2020.62
-2061
-2100.72
-2069.32
-2045.06
-2028.55
-2020.2
-2020.17
-2028.55
-2045.07
-2069.33
-2100.75
-2140.5
-2118.04
-2100.7
-2088.9
-2082.95
-2082.93
-2088.9
-2100.7
-2118.03
-2140.47
-2180.27
-2166.78
-2156.36
-2149.27
-2145.69
-2145.69
-2149.27
-2156.35
-2166.75
-2180.21
-2219.99
-2215.51
-2212.03
-2209.65
-2208.44
-2208.44
-2209.65
-2212.01
-2215.48
-2219.96
-1698.16
-1612.61
-1546.61
-1501.68
-1478.96
-1478.97
-1501.72
-1546.66
-1612.68
-1698.17
-1737.64
-1661.12
-1602.03
-1561.81
-1541.44
-1541.47
-1561.83
-1602.07
-1661.17
-1737.66
-1777.04
-1709.61
-1657.5
-1622.03
-1604.07
-1604.09
-1622.04
-1657.5
-1709.62
-1777.05
-1816.61
-1758.25
-1713.14
-1682.44
-1666.9
-1666.91
-1682.44
-1713.11
-1758.21
-1816.56
-1856.29
-1806.92
-1768.76
-1742.79
-1729.65
-1729.65
-1742.79
-1768.75
-1806.88
-1856.25
-1895.98
-1855.59
-1824.39
-1803.14
-1792.41
-1792.4
-1803.15
-1824.42
-1855.6
-1895.99
-1935.72
-1904.31
-1880.06
-1863.53
-1855.18
-1855.17
-1863.53
-1880.07
-1904.34
-1935.74
-1975.5
-1953.07
-1935.73
-1923.93
-1917.94
-1917.93
-1923.91
-1935.71
-1953.06
-1975.49
-2015.27
-2001.81
-1991.37
-1984.29
-1980.68
-1980.68
-1984.28
-1991.36
-2001.78
-2015.23
-2054.98
-2050.51
-2047.02
-2044.65
-2043.44
-2043.44
-2044.65
-2047.02
-2050.5
-2054.96
-1533.16
-1447.64
-1381.68
-1336.72
-1313.95
-1313.96
-1336.7
-1381.67
-1447.7
-1533.2
-1572.63
-1496.12
-1437.05
-1396.83
-1376.47
-1376.48
-1396.85
-1437.11
-1496.21
-1572.67
-1612
-1544.56
-1492.45
-1457
-1439.06
-1439.06
-1457.04
-1492.49
-1544.61
-1612.03
-1651.5
-1593.15
-1548.07
-1517.39
-1501.86
-1501.86
-1517.4
-1548.03
-1593.14
-1651.52
-1691.23
-1641.82
-1603.7
-1577.73
-1564.6
-1564.61
-1577.73
-1603.68
-1641.83
-1691.23
-1730.97
-1690.53
-1659.33
-1638.09
-1627.36
-1627.36
-1638.09
-1659.37
-1690.57
-1730.97
-1770.72
-1739.29
-1715.01
-1698.48
-1690.13
-1690.14
-1698.49
-1715.05
-1739.32
-1770.72
-1810.48
-1788.04
-1770.71
-1758.91
-1752.9
-1752.91
-1758.9
-1770.72
-1788.06
-1810.48
-1850.22
-1836.77
-1826.34
-1819.27
-1815.65
-1815.66
-1819.28
-1826.37
-1836.79
-1850.22
-1889.93
-1885.47
-1881.97
-1879.61
-1878.4
-1878.41
-1879.63
-1882
-1885.48
-1889.94
-1368.03
-1282.58
-1216.55
-1171.61
-1148.84
-1148.87
-1171.6
-1216.6
-1282.62
-1368.04
-1407.52
-1331.06
-1271.93
-1231.71
-1211.37
-1211.35
-1231.75
-1272.02
-1331.09
-1407.55
-1446.89
-1379.47
-1327.31
-1291.82
-1273.9
-1273.88
-1291.88
-1327.36
-1379.47
-1446.94
-1486.37
-1428
-1382.91
-1352.18
-1336.66
-1336.67
-1352.22
-1382.88
-1427.99
-1486.4
-1526.1
-1476.69
-1438.56
-1412.56
-1399.4
-1399.45
-1412.58
-1438.54
-1476.7
-1526.11
-1565.88
-1525.41
-1494.21
-1472.95
-1462.18
-1462.2
-1472.96
-1494.23
-1525.44
-1565.85
-1605.61
-1574.18
-1549.9
-1533.38
-1525.02
-1525.01
-1533.39
-1549.93
-1574.2
-1605.62
-1645.32
-1622.93
-1605.6
-1593.81
-1587.82
-1587.82
-1593.81
-1605.62
-1622.95
-1645.37
-1685.04
-1671.64
-1661.24
-1654.17
-1650.55
-1650.56
-1654.17
-1661.26
-1671.67
-1685.09
-1724.78
-1720.31
-1716.84
-1714.48
-1713.27
-1713.28
-1714.48
-1716.86
-1720.35
-1724.8
-1202.71
-1117.33
-1051.3
-1006.39
-983.608
-983.615
-1006.38
-1051.37
-1117.38
-1202.75
-1242.23
-1165.8
-1106.7
-1066.5
-1046.13
-1046.11
-1066.5
-1106.76
-1165.84
-1242.28
-1281.66
-1214.18
-1162.05
-1126.57
-1108.64
-1108.61
-1126.61
-1162.09
-1214.22
-1281.71
-1321.12
-1262.69
-1217.59
-1186.85
-1171.36
-1171.36
-1186.93
-1217.6
-1262.74
-1321.17
-1360.84
-1311.43
-1273.27
-1247.29
-1234.12
-1234.16
-1247.32
-1273.3
-1311.47
-1360.86
-1400.63
-1360.21
-1328.97
-1307.72
-1296.93
-1296.96
-1307.72
-1329
-1360.22
-1400.61
-1440.35
-1408.97
-1384.69
-1368.16
-1359.77
-1359.79
-1368.16
-1384.7
-1408.98
-1440.36
-1480.04
-1457.69
-1440.4
-1428.59
-1422.6
-1422.6
-1428.59
-1440.39
-1457.7
-1480.09
-1519.8
-1506.38
-1496.03
-1488.96
-1485.37
-1485.37
-1488.95
-1496.03
-1506.38
-1519.82
-1559.58
-1555.1
-1551.63
-1549.27
-1548.08
-1548.08
-1549.26
-1551.61
-1555.07
-1559.56
-1037.38
-952.029
-886.027
-841.119
-818.362
-818.36
-841.111
-886.052
-952.082
-1037.46
-1076.96
-1000.53
-941.455
-901.248
-880.882
-880.881
-901.244
-941.49
-1000.59
-1077.04
-1116.43
-1048.93
-996.799
-961.305
-943.346
-943.337
-961.325
-996.843
-1049
-1116.5
-1155.87
-1097.44
-1052.29
-1021.56
-1006.02
-1006.01
-1021.59
-1052.32
-1097.48
-1155.93
-1195.55
-1146.2
-1108.02
-1082.03
-1068.85
-1068.85
-1082.03
-1108.02
-1146.2
-1195.56
-1235.32
-1194.97
-1163.75
-1142.49
-1131.67
-1131.68
-1142.46
-1163.73
-1194.95
-1235.32
-1275.02
-1243.67
-1219.4
-1202.89
-1194.5
-1194.51
-1202.89
-1219.43
-1243.68
-1275.05
-1314.71
-1292.33
-1275.03
-1263.23
-1257.3
-1257.31
-1263.29
-1275.09
-1292.36
-1314.75
-1354.47
-1341.03
-1330.69
-1323.61
-1320.07
-1320.08
-1323.65
-1330.71
-1341.04
-1354.5
-1394.26
-1389.75
-1386.32
-1383.97
-1382.79
-1382.79
-1383.97
-1386.32
-1389.76
-1394.27
-872.249
-786.824
-720.785
-675.858
-653.086
-653.074
-675.849
-720.774
-786.821
-872.258
-911.827
-835.374
-776.26
-736.032
-715.658
-715.655
-736.032
-776.256
-835.382
-911.838
-951.282
-883.814
-831.647
-796.125
-778.146
-778.15
-796.128
-831.641
-883.815
-951.298
-990.71
-932.267
-887.09
-856.343
-840.775
-840.777
-856.343
-887.089
-932.265
-990.713
-1030.32
-980.962
-942.775
-916.791
-903.612
-903.617
-916.781
-942.77
-980.947
-1030.31
-1070.04
-1029.7
-998.491
-977.236
-966.433
-966.451
-977.219
-998.474
-1029.68
-1070.04
-1109.69
-1078.35
-1054.12
-1037.61
-1029.21
-1029.22
-1037.6
-1054.13
-1078.37
-1109.73
-1149.38
-1127
-1109.7
-1097.91
-1091.97
-1091.95
-1097.92
-1109.72
-1127.02
-1149.42
-1189.14
-1175.68
-1165.33
-1158.26
-1154.73
-1154.72
-1158.26
-1165.33
-1175.69
-1189.16
-1228.93
-1224.41
-1220.99
-1218.63
-1217.45
-1217.45
-1218.62
-1220.98
-1224.42
-1228.93
-707.172
-621.687
-555.626
-510.673
-487.895
-487.899
-510.664
-555.599
-621.665
-707.151
-746.716
-670.292
-611.174
-570.93
-550.535
-550.533
-570.912
-611.15
-670.267
-746.7
-786.147
-718.728
-666.559
-631.051
-613.045
-613.052
-631.03
-666.537
-718.7
-786.14
-825.587
-767.124
-721.926
-691.189
-675.621
-675.598
-691.157
-721.899
-767.087
-825.556
-865.11
-815.732
-777.536
-751.56
-738.424
-738.373
-751.518
-777.508
-815.701
-865.086
-904.731
-864.395
-833.208
-811.964
-801.203
-801.195
-811.938
-833.184
-864.388
-904.73
-944.379
-913.012
-888.798
-872.285
-863.898
-863.937
-872.29
-888.793
-913.014
-944.379
-984.072
-961.663
-944.352
-932.562
-926.6
-926.613
-932.573
-944.359
-961.664
-984.071
-1023.85
-1010.37
-999.97
-992.896
-989.343
-989.342
-992.903
-999.97
-1010.37
-1023.84
-1063.61
-1059.11
-1055.64
-1053.27
-1052.09
-1052.1
-1053.28
-1055.64
-1059.11
-1063.6
-541.97
-456.457
-390.482
-345.549
-322.781
-322.773
-345.521
-390.45
-456.426
-541.919
-581.481
-505.069
-446.041
-405.836
-385.461
-385.451
-405.806
-446.01
-505.041
-581.438
-620.937
-553.567
-501.433
-465.959
-447.98
-447.969
-465.926
-501.4
-553.527
-620.903
-660.434
-602.003
-556.775
-526.044
-510.477
-510.457
-526.011
-556.742
-601.955
-660.402
-699.92
-650.528
-612.347
-586.372
-573.216
-573.187
-586.342
-612.319
-650.5
-699.903
-739.488
-699.118
-667.95
-646.722
-635.97
-635.96
-646.707
-667.936
-699.105
-739.474
-779.121
-747.719
-723.502
-706.997
-698.64
-698.656
-706.994
-723.493
-747.715
-779.11
-818.824
-796.383
-779.061
-767.262
-761.298
-761.302
-767.256
-779.049
-796.38
-818.82
-858.545
-845.095
-834.648
-827.551
-823.962
-823.97
-827.556
-834.647
-845.099
-858.537
-898.221
-893.772
-890.263
-887.881
-886.673
-886.685
-887.897
-890.28
-893.787
-898.224
-376.559
-291.244
-225.395
-180.468
-157.755
-157.743
-180.452
-225.384
-291.231
-376.55
-416.085
-339.791
-280.926
-240.78
-220.441
-220.432
-240.76
-280.916
-339.78
-416.068
-455.612
-388.266
-336.276
-300.897
-282.95
-282.937
-300.871
-336.253
-388.247
-455.586
-495.145
-436.751
-391.616
-360.943
-345.406
-345.386
-360.916
-391.585
-436.728
-495.116
-534.655
-485.26
-447.099
-421.166
-408.053
-408.042
-421.164
-447.085
-485.243
-534.627
-574.189
-533.815
-502.617
-481.404
-470.713
-470.717
-481.429
-502.618
-533.808
-574.173
-613.817
-582.433
-558.197
-541.705
-533.367
-533.371
-541.707
-558.176
-582.432
-613.811
-653.533
-631.124
-613.824
-602.037
-596.022
-596.025
-601.99
-613.774
-631.123
-653.533
-693.219
-679.803
-669.367
-662.275
-658.651
-658.654
-662.25
-669.361
-679.802
-693.217
-732.855
-728.417
-724.906
-722.53
-721.313
-721.314
-722.532
-724.922
-728.408
-732.851
-211.374
-126.325
-60.5635
-15.7208
6.94671
6.94784
-15.7293
-60.567
-126.32
-211.394
-250.947
-174.787
-116.012
-75.9608
-55.6924
-55.6909
-75.9784
-116.016
-174.791
-250.965
-290.569
-223.28
-171.387
-136.06
-118.182
-118.179
-136.063
-171.382
-223.289
-290.582
-330.152
-271.813
-226.811
-196.182
-180.691
-180.678
-196.165
-226.806
-271.821
-330.158
-369.655
-320.335
-282.272
-256.362
-243.265
-243.25
-256.367
-282.286
-320.345
-369.659
-409.198
-368.882
-337.736
-316.554
-305.854
-305.835
-316.566
-337.755
-368.901
-409.209
-448.857
-417.522
-393.292
-376.82
-368.503
-368.493
-376.837
-393.312
-417.546
-448.885
-488.559
-466.207
-448.918
-437.151
-431.173
-431.194
-437.173
-448.946
-466.241
-488.585
-528.187
-514.844
-504.462
-497.386
-493.752
-493.781
-497.414
-504.501
-514.869
-528.194
-567.801
-563.405
-559.918
-557.535
-556.322
-556.338
-557.569
-559.96
-563.411
-567.8
-47.5284
37.4584
103.126
147.844
170.456
170.437
147.805
103.068
37.3694
-47.6001
-87.0781
-11.0078
47.7188
87.6947
107.914
107.895
87.6516
47.6596
-11.0786
-87.1479
-126.661
-59.5219
-7.6741
27.6134
45.4628
45.4437
27.5709
-7.72296
-59.5757
-126.726
-166.16
-108.036
-63.1143
-32.5287
-17.0663
-17.0798
-32.5656
-63.1538
-108.087
-166.218
-205.688
-156.489
-118.553
-92.7138
-79.6445
-79.6462
-92.7468
-118.592
-156.546
-205.744
-245.282
-205.044
-173.972
-152.833
-142.147
-142.149
-152.873
-174.031
-205.101
-245.347
-284.92
-253.682
-229.477
-213.04
-204.73
-204.734
-213.078
-229.542
-253.751
-285.002
-324.539
-302.274
-285.033
-273.305
-267.368
-267.377
-273.339
-285.095
-302.345
-324.625
-364.147
-350.797
-340.495
-333.465
-329.899
-329.912
-333.499
-340.556
-350.856
-364.219
-403.747
-399.305
-395.863
-393.513
-392.317
-392.327
-393.545
-395.92
-399.358
-403.811
113.405
198.394
264.037
308.618
331.301
331.291
308.558
263.981
198.281
113.292
73.7282
149.814
208.565
248.477
268.695
268.669
248.414
208.48
149.691
73.6062
34.2122
101.277
153.11
188.396
206.194
206.15
188.323
152.994
101.145
34.0863
-5.11056
52.9434
97.7563
128.305
143.728
143.681
128.225
97.6413
52.8046
-5.23475
-44.4638
4.58636
42.4605
68.252
81.2921
81.2241
68.161
42.3518
4.45139
-44.589
-83.9812
-43.8988
-12.9026
8.20262
18.8597
18.8401
8.1304
-13.0076
-44.0252
-84.108
-123.53
-92.4016
-68.3009
-51.8943
-43.6205
-43.6072
-51.9523
-68.4239
-92.5271
-123.65
-163.034
-140.833
-123.672
-111.979
-106.066
-106.08
-112.048
-123.782
-140.942
-163.144
-202.551
-189.211
-178.969
-171.965
-168.426
-168.44
-172.019
-179.031
-189.293
-202.659
-242.077
-237.614
-234.173
-231.832
-230.657
-230.664
-231.87
-234.221
-237.669
-242.182
268.924
353.823
419.373
463.941
486.585
486.556
463.884
419.286
353.712
268.826
229.253
305.081
363.821
403.72
423.926
423.896
403.647
363.727
304.978
229.154
189.913
256.65
308.379
343.584
361.39
361.356
343.505
308.297
256.551
189.813
150.747
208.56
253.251
283.671
299.108
299.074
283.612
253.173
208.466
150.648
111.585
160.432
198.134
223.811
236.843
236.812
223.757
198.051
160.349
111.504
72.2549
112.133
142.94
163.947
174.609
174.589
163.896
142.857
112.061
72.1856
32.9383
63.8993
87.8569
104.189
112.446
112.437
104.129
87.7741
63.8463
32.8926
-6.30557
15.7841
32.8876
44.5283
50.3885
50.3861
44.4623
32.819
15.7509
-6.34953
-45.5728
-32.2911
-22.0713
-15.1031
-11.6
-11.5946
-15.1405
-22.0858
-32.3192
-45.6218
-84.8477
-80.3804
-76.973
-74.6386
-73.4566
-73.4513
-74.6107
-76.941
-80.4005
-84.9078
414.471
498.536
563.711
608.007
630.477
630.468
608.034
563.751
498.6
414.428
374.804
449.822
507.971
547.63
567.724
567.718
547.652
508.012
449.848
374.759
335.563
401.628
452.747
487.659
505.368
505.365
487.69
452.782
401.63
335.535
296.596
353.793
398.061
428.23
443.544
443.555
428.268
398.101
353.815
296.587
257.754
306.035
343.403
368.847
381.758
381.774
368.886
343.453
306.075
257.76
218.826
258.181
288.661
309.434
319.976
319.989
309.473
288.723
258.248
218.856
179.935
210.443
234.087
250.223
258.419
258.428
250.27
234.169
210.544
179.996
141.117
162.86
179.74
191.261
197.1
197.132
191.327
179.855
162.995
141.198
102.328
115.363
125.493
132.413
135.921
135.964
132.506
125.635
115.498
102.387
63.5775
67.9675
71.3482
73.6904
74.8882
74.934
73.8024
71.4937
68.0558
63.6039
545.639
628.096
692.137
735.887
757.913
757.93
735.932
692.16
628.104
545.515
506.005
579.492
636.51
675.473
695.194
695.208
675.519
636.545
579.494
505.89
466.799
531.525
581.615
615.809
633.227
633.242
615.864
581.664
531.53
466.702
427.823
483.934
527.299
556.878
571.91
571.928
556.938
527.361
483.956
427.752
389.264
436.608
473.224
498.163
510.835
510.855
498.231
473.3
436.642
389.221
350.942
389.448
419.212
439.527
449.852
449.872
439.603
419.311
389.505
350.955
312.713
342.483
365.486
381.212
389.214
389.238
381.298
365.621
342.594
312.789
274.556
295.666
312.066
323.277
328.987
329.021
323.376
312.21
295.829
274.691
236.453
249.037
258.878
265.605
269.045
269.086
265.717
259.036
249.217
236.643
198.447
202.643
205.922
208.21
209.396
209.44
208.323
206.099
202.835
198.646
640.594
720.352
782.044
824.166
845.463
845.438
824.077
781.826
720.014
640.179
600.869
671.816
726.51
763.905
782.826
782.796
763.812
726.3
671.477
600.449
561.672
623.973
671.971
704.747
721.34
721.308
704.65
671.776
623.642
561.269
523.008
576.705
618.278
646.573
660.891
660.862
646.48
618.09
576.399
522.654
485.006
530.177
565.199
589.027
601.065
601.046
588.93
565.015
529.903
484.73
447.551
484.241
512.572
531.842
541.596
541.572
531.744
512.409
484.013
447.368
410.335
438.552
460.362
475.153
482.655
482.618
475.076
460.222
438.382
410.259
373.278
393.128
408.538
419.019
424.327
424.299
418.963
408.43
393.025
373.321
336.395
348.062
357.194
363.466
366.63
366.612
363.42
357.134
348.049
336.55
299.657
303.422
306.391
308.475
309.521
309.515
308.446
306.395
303.517
299.909
704.408
780.866
839.805
879.959
900.219
900.125
879.645
839.264
780.124
703.648
664.919
732.542
784.585
819.964
837.819
837.732
819.656
784.04
731.809
664.155
625.936
684.964
730.463
761.339
776.868
776.779
761.027
729.918
684.242
625.189
587.716
638.349
677.368
703.931
717.263
717.166
703.613
676.829
637.647
587.019
550.358
592.785
625.448
647.695
658.877
658.786
647.373
624.926
592.127
549.734
513.827
548.122
574.518
592.442
601.437
601.342
592.133
574.033
547.525
513.289
477.784
504.017
524.221
537.919
544.79
544.682
537.639
523.775
503.479
477.362
442.091
460.4
474.528
484.121
488.943
488.843
483.878
474.132
459.949
441.816
406.677
417.302
425.569
431.199
434.015
433.938
430.98
425.233
416.98
406.551
371.46
374.751
377.327
379.072
379.927
379.87
378.907
377.089
374.571
371.427
605.673
668.537
717.123
750.534
767.577
767.491
750.192
716.556
667.779
604.854
566.08
620.566
662.583
691.282
705.86
705.755
690.934
662.001
619.796
565.254
528.036
574.625
610.596
635.151
647.566
647.454
634.802
610.009
573.857
527.221
492.255
531.444
561.765
582.473
592.931
592.826
582.131
561.192
530.701
491.481
458.568
490.833
515.835
532.887
541.497
541.398
532.556
515.281
490.134
457.854
426.605
452.185
471.978
485.456
492.244
492.144
485.146
471.457
451.53
425.949
395.774
414.736
429.391
439.377
444.397
444.303
439.097
428.92
414.137
395.2
365.612
378.19
387.934
394.626
397.991
397.903
394.371
387.522
377.686
365.157
335.954
342.603
347.868
351.522
353.369
353.293
351.305
347.526
342.21
335.596
306.669
308.264
309.404
310.198
310.608
310.548
310.017
309.097
307.935
306.369
595.744
648.97
689.384
716.409
729.959
729.911
716.235
689.118
648.595
595.258
557.917
603.172
637.213
659.888
671.171
671.115
659.706
636.943
602.784
557.426
523.048
561.106
589.509
608.385
617.706
617.642
608.196
589.239
560.711
522.567
490.984
522.447
545.855
561.369
569.01
568.955
561.198
545.58
522.06
490.535
461.074
486.487
505.408
517.908
524.047
524.005
517.764
505.13
486.125
460.656
432.929
452.756
467.534
477.26
482.016
481.966
477.099
467.237
452.397
432.528
406.236
420.818
431.666
438.806
442.288
442.236
438.648
431.393
420.462
405.851
380.62
390.291
397.495
402.243
404.575
404.528
402.111
397.276
389.971
380.257
355.694
360.891
364.789
367.323
368.574
368.523
367.187
364.575
360.609
355.353
330.84
332.332
333.142
333.615
333.812
333.758
333.467
332.936
332.088
330.526
-5008.64
-5130.65
-5264.53
-5406.87
-5554.38
-5703.45
-5850.52
-5991.94
-6124.53
-6245.09
-5050.59
-5167.64
-5295.15
-5430.19
-5569.63
-5710.28
-5848.94
-5982.49
-6107.92
-6222.48
-5089.07
-5200.71
-5321.57
-5449.01
-5580.28
-5712.52
-5842.92
-5968.75
-6087.35
-6196.36
-5125.77
-5232.03
-5346.24
-5466.1
-5589.18
-5713.03
-5835.18
-5953.26
-6065.02
-6168.44
-5162.04
-5262.94
-5370.49
-5482.74
-5597.64
-5713.08
-5826.99
-5937.36
-6042.29
-6140.08
-5198.04
-5293.54
-5394.4
-5499.02
-5605.72
-5712.76
-5818.44
-5921.12
-6019.25
-6111.43
-5233.69
-5323.76
-5417.91
-5514.88
-5613.36
-5711.99
-5809.46
-5904.48
-5995.84
-6082.45
-5269
-5353.6
-5441.01
-5530.32
-5620.58
-5710.81
-5800.06
-5887.43
-5972.04
-6053.1
-5303.96
-5383.08
-5463.73
-5545.37
-5627.39
-5709.22
-5790.27
-5870
-5947.87
-6023.39
-5338.57
-5412.23
-5486.11
-5560.05
-5633.83
-5707.26
-5780.12
-5852.22
-5923.37
-5993.3
-4878.94
-5000.32
-5133.48
-5275.44
-5422.72
-5571.77
-5719.08
-5861.08
-5994.3
-6115.52
-4912.1
-5028
-5154.55
-5288.87
-5427.96
-5568.63
-5707.68
-5841.94
-5968.35
-6084.04
-4943.66
-5053.95
-5173.68
-5300.27
-5431.12
-5563.38
-5694.24
-5820.88
-5940.65
-6050.98
-4975.72
-5080.53
-5193.51
-5312.46
-5435.1
-5558.95
-5681.58
-5800.56
-5913.56
-6018.42
-5008.13
-5107.49
-5213.75
-5325.07
-5439.5
-5554.95
-5669.35
-5780.65
-5886.87
-5986.2
-5040.64
-5134.53
-5234.08
-5337.78
-5444
-5551.04
-5657.21
-5760.83
-5860.28
-5954.06
-5073.17
-5161.6
-5254.45
-5350.53
-5448.53
-5547.17
-5645.11
-5741.04
-5833.72
-5921.95
-5105.73
-5188.71
-5274.85
-5363.29
-5453.09
-5543.33
-5633.03
-5721.29
-5807.18
-5889.86
-5138.33
-5215.84
-5295.26
-5376.06
-5457.66
-5539.49
-5620.97
-5701.54
-5780.66
-5857.79
-5170.94
-5242.98
-5315.66
-5388.81
-5462.21
-5535.63
-5608.89
-5681.79
-5754.13
-5825.69
-4733.23
-4854.67
-4987.94
-5130.01
-5277.37
-5426.46
-5573.66
-5715.53
-5848.63
-5969.81
-4765.49
-4881.49
-5008.15
-5142.59
-5281.75
-5422.42
-5561.41
-5695.56
-5821.84
-5937.42
-4797.74
-4908.23
-5028.12
-5154.86
-5285.77
-5418.03
-5548.82
-5675.35
-5794.94
-5905.07
-4830.51
-4935.52
-5048.66
-5167.73
-5290.41
-5414.27
-5536.84
-5655.72
-5768.57
-5873.23
-4863.21
-4962.7
-5069.07
-5180.47
-5294.92
-5410.37
-5524.74
-5635.98
-5742.11
-5841.31
-4895.77
-4989.72
-5089.33
-5193.06
-5299.29
-5406.33
-5512.48
-5616.08
-5715.49
-5809.22
-4928.26
-5016.69
-5109.54
-5205.61
-5303.61
-5402.24
-5500.19
-5596.14
-5688.81
-5777.05
-4960.73
-5043.65
-5129.74
-5218.14
-5307.92
-5398.15
-5487.88
-5576.18
-5662.12
-5744.86
-4993.2
-5070.6
-5149.93
-5230.66
-5312.22
-5394.06
-5475.57
-5556.21
-5635.42
-5712.66
-5025.65
-5097.53
-5170.1
-5243.16
-5316.51
-5389.94
-5463.25
-5536.23
-5608.69
-5680.4
-4581.82
-4703.02
-4836.13
-4978.05
-5125.32
-5274.41
-5421.7
-5563.68
-5696.98
-5818.39
-4613.6
-4729.5
-4856.03
-4990.38
-5129.48
-5270.16
-5409.18
-5543.42
-5669.84
-5785.55
-4646.18
-4756.65
-4876.48
-5003.2
-5134.07
-5266.33
-5397.14
-5523.71
-5643.36
-5753.5
-4679.11
-4784.14
-4897.27
-5016.35
-5139.01
-5262.86
-5385.45
-5504.33
-5617.19
-5721.83
-4711.95
-4811.47
-4917.89
-5029.31
-5143.75
-5259.2
-5373.56
-5484.78
-5590.88
-5690.05
-4744.66
-4838.7
-4938.37
-5042.13
-5148.37
-5255.41
-5361.55
-5465.1
-5564.45
-5658.13
-4777.34
-4865.88
-4958.82
-5054.93
-5152.95
-5251.59
-5349.5
-5445.38
-5537.98
-5626.14
-4810
-4893.04
-4979.23
-5067.68
-5157.5
-5247.73
-5337.43
-5425.65
-5511.49
-5594.13
-4842.64
-4920.16
-4999.61
-5080.4
-5162.01
-5243.84
-5325.32
-5405.88
-5484.97
-5562.09
-4875.25
-4947.27
-5019.96
-5093.09
-5166.47
-5239.91
-5313.17
-5386.09
-5458.43
-5529.98
-4437.61
-4558.7
-4691.68
-4833.47
-4980.66
-5129.73
-5277.12
-5419.26
-5552.69
-5674.21
-4468.9
-4584.66
-4711.01
-4845.23
-4984.25
-5124.92
-5264.03
-5398.43
-5525.03
-5640.89
-4501.34
-4611.66
-4731.31
-4857.91
-4988.71
-5120.97
-5251.85
-5378.56
-5498.38
-5608.68
-4533.98
-4638.84
-4751.82
-4870.79
-4993.37
-5117.23
-5239.88
-5358.89
-5471.92
-5576.69
-4566.56
-4665.94
-4772.21
-4883.53
-4997.91
-5113.35
-5227.77
-5339.11
-5445.37
-5544.67
-4599.08
-4692.98
-4792.52
-4896.18
-5002.36
-5109.4
-5215.59
-5319.25
-5418.74
-5512.56
-4631.58
-4719.99
-4812.8
-4908.81
-5006.78
-5105.43
-5203.39
-5299.37
-5392.09
-5480.4
-4664.07
-4746.98
-4833.05
-4921.42
-5011.19
-5101.42
-5191.16
-5279.48
-5365.44
-5448.21
-4696.56
-4773.95
-4853.29
-4934
-5015.56
-5097.39
-5178.91
-5259.57
-5338.77
-5416.01
-4729.03
-4800.92
-4873.5
-4946.57
-5019.91
-5093.34
-5166.65
-5239.64
-5312.09
-5383.77
-4299.94
-4421.02
-4554
-4695.76
-4842.92
-4992.01
-5139.41
-5281.58
-5415.03
-5536.56
-4331.02
-4446.69
-4572.97
-4707.14
-4846.11
-4986.78
-5125.93
-5260.38
-5387.07
-5503.04
-4363.35
-4473.57
-4593.15
-4719.68
-4850.44
-4982.71
-5113.62
-5240.38
-5360.29
-5470.72
-4395.74
-4500.51
-4613.41
-4732.32
-4854.88
-4978.73
-5101.41
-5220.47
-5333.57
-5438.46
-4428.13
-4527.42
-4633.62
-4744.89
-4859.24
-4974.69
-5089.13
-5200.51
-5306.84
-5406.23
-4460.49
-4554.3
-4653.78
-4757.39
-4863.54
-4970.59
-5076.81
-5180.51
-5280.06
-5373.97
-4492.84
-4581.16
-4673.91
-4769.87
-4867.82
-4966.46
-5064.45
-5160.48
-5253.27
-5341.66
-4525.2
-4608.02
-4694.02
-4782.33
-4872.08
-4962.3
-5052.07
-5140.44
-5226.48
-5309.34
-4557.56
-4634.86
-4714.11
-4794.78
-4876.32
-4958.13
-5039.68
-5120.39
-5199.68
-5277.02
-4589.91
-4661.7
-4734.21
-4807.23
-4880.55
-4953.97
-5027.3
-5100.34
-5172.87
-5244.66
-4163.58
-4284.57
-4417.52
-4559.25
-4706.39
-4855.46
-5002.85
-5145.06
-5278.57
-5400.17
-4194.52
-4310.11
-4436.36
-4570.47
-4709.41
-4850.07
-4989.23
-5123.72
-5250.48
-5366.53
-4226.7
-4336.89
-4456.45
-4582.94
-4713.68
-4845.94
-4976.86
-5103.64
-5223.58
-5334.08
-4258.93
-4363.66
-4476.52
-4595.39
-4717.95
-4841.79
-4964.47
-5083.55
-5196.68
-5301.65
-4291.19
-4390.43
-4496.59
-4607.82
-4722.18
-4837.62
-4952.07
-5063.47
-5169.82
-5269.26
-4323.44
-4417.19
-4516.64
-4620.22
-4726.37
-4833.41
-4939.64
-5043.37
-5142.95
-5236.88
-4355.69
-4443.95
-4536.66
-4632.59
-4730.54
-4829.18
-4927.17
-5023.23
-5116.07
-5204.5
-4387.95
-4470.72
-4556.67
-4644.96
-4734.7
-4824.93
-4914.71
-5003.09
-5089.17
-5172.1
-4420.23
-4497.48
-4576.68
-4657.33
-4738.85
-4820.67
-4902.24
-4982.97
-5062.29
-5139.69
-4452.51
-4524.25
-4596.71
-4669.7
-4743
-4816.43
-4889.78
-4962.84
-5035.41
-5107.26
-4025.07
-4146.06
-4279.02
-4420.71
-4567.85
-4716.9
-4864.3
-5006.47
-5140.02
-5261.67
-4055.93
-4171.51
-4297.76
-4431.83
-4570.77
-4711.41
-4850.58
-4985.06
-5111.82
-5227.91
-4088
-4198.18
-4317.74
-4444.21
-4574.96
-4707.2
-4838.12
-4964.88
-5084.82
-5195.37
-4120.12
-4224.83
-4337.67
-4456.51
-4579.08
-4702.92
-4825.59
-4944.67
-5057.8
-5162.82
-4152.29
-4251.51
-4357.63
-4468.84
-4583.21
-4698.65
-4813.1
-4924.49
-5030.84
-5130.32
-4184.47
-4278.19
-4377.59
-4481.16
-4587.31
-4694.35
-4800.58
-4904.32
-5003.92
-5097.86
-4216.64
-4304.87
-4397.54
-4493.46
-4591.4
-4690.03
-4788.04
-4884.11
-4976.96
-5065.42
-4248.83
-4331.56
-4417.48
-4505.75
-4595.48
-4685.72
-4775.5
-4863.9
-4950
-5032.96
-4281.05
-4358.26
-4437.44
-4518.06
-4599.57
-4681.4
-4762.97
-4843.71
-4923.06
-5000.49
-4313.28
-4384.97
-4457.41
-4530.38
-4603.67
-4677.1
-4750.46
-4823.53
-4896.12
-4968.02
-3883.32
-4004.4
-4137.42
-4279.12
-4426.27
-4575.33
-4722.72
-4864.85
-4998.34
-5119.88
-3914.18
-4029.79
-4156.08
-4290.17
-4429.11
-4569.77
-4708.92
-4843.37
-4970.09
-5086.12
-3946.18
-4056.37
-4175.97
-4302.45
-4433.22
-4565.47
-4696.37
-4823.11
-4943.01
-5053.52
-3978.24
-4082.96
-4195.82
-4314.66
-4437.24
-4561.09
-4683.75
-4802.82
-4915.93
-5020.95
-4010.37
-4109.59
-4215.71
-4326.93
-4441.3
-4556.74
-4671.19
-4782.58
-4888.92
-4988.4
-4042.51
-4136.22
-4235.63
-4339.2
-4445.35
-4552.38
-4658.62
-4762.36
-4861.95
-4955.89
-4074.65
-4162.86
-4255.53
-4351.45
-4449.38
-4548.01
-4646.02
-4742.11
-4834.96
-4923.4
-4106.81
-4189.52
-4275.43
-4363.69
-4453.42
-4543.66
-4633.44
-4721.84
-4807.97
-4890.92
-4139
-4216.18
-4295.35
-4375.97
-4457.48
-4539.32
-4620.88
-4701.61
-4780.97
-4858.43
-4171.19
-4242.86
-4315.29
-4388.25
-4461.55
-4534.99
-4608.34
-4681.41
-4754
-4825.93
-3737.86
-3859.04
-3992.15
-4133.94
-4281.15
-4430.2
-4577.51
-4719.57
-4852.94
-4974.39
-3768.78
-3884.44
-4010.8
-4144.95
-4283.95
-4424.58
-4563.69
-4698.09
-4824.71
-4940.68
-3800.75
-3910.98
-4030.63
-4157.17
-4287.97
-4420.2
-4551.08
-4677.78
-4797.61
-4908.05
-3832.82
-3937.55
-4050.46
-4169.34
-4291.93
-4415.76
-4538.41
-4657.46
-4770.54
-4875.51
-3864.92
-3964.17
-4070.33
-4181.56
-4295.94
-4411.37
-4525.81
-4637.18
-4743.51
-4842.97
-3897.07
-3990.79
-4090.22
-4193.8
-4299.95
-4406.98
-4513.21
-4616.94
-4716.51
-4810.46
-3929.2
-4017.42
-4110.1
-4206.02
-4303.95
-4402.58
-4500.59
-4596.67
-4689.5
-4777.95
-3961.35
-4044.06
-4129.99
-4218.25
-4307.97
-4398.21
-4487.99
-4576.4
-4662.5
-4745.45
-3993.53
-4070.71
-4149.89
-4230.5
-4312.01
-4393.85
-4475.42
-4556.15
-4635.51
-4712.96
-4025.72
-4097.39
-4169.81
-4242.77
-4316.08
-4389.51
-4462.86
-4535.93
-4608.53
-4680.44
-3588.33
-3709.6
-3842.79
-3984.69
-4131.94
-4281.01
-4428.29
-4570.25
-4703.49
-4824.86
-3619.36
-3735.08
-3861.49
-3995.72
-4134.75
-4275.41
-4414.49
-4548.81
-4675.33
-4791.24
-3651.34
-3761.61
-3881.32
-4007.89
-4138.73
-4270.98
-4401.83
-4528.5
-4648.25
-4758.61
-3683.44
-3788.19
-3901.15
-4020.06
-4142.66
-4266.51
-4389.15
-4508.17
-4621.21
-4726.11
-3715.55
-3814.82
-3921.02
-4032.27
-4146.65
-4262.1
-4376.52
-4487.89
-4594.19
-4693.6
-3747.71
-3841.46
-3940.9
-4044.5
-4150.66
-4257.7
-4363.92
-4467.63
-4567.19
-4661.12
-3779.86
-3868.1
-3960.79
-4056.73
-4154.66
-4253.29
-4351.3
-4447.36
-4540.18
-4628.62
-3812.03
-3894.75
-3980.69
-4068.97
-4158.69
-4248.91
-4338.69
-4427.11
-4513.19
-4596.13
-3844.21
-3921.4
-4000.6
-4081.22
-4162.73
-4244.56
-4326.12
-4406.86
-4486.21
-4563.65
-3876.41
-3948.09
-4020.52
-4093.49
-4166.8
-4240.22
-4313.57
-4386.64
-4459.24
-4531.14
-3434.81
-3556.17
-3689.4
-3831.38
-3978.67
-4127.8
-4275.07
-4416.94
-4550.07
-4671.34
-3465.98
-3581.75
-3708.19
-3842.48
-3981.54
-4122.25
-4261.32
-4395.58
-4522.02
-4637.87
-3498
-3608.29
-3728.03
-3854.66
-3985.51
-4117.79
-4248.65
-4375.27
-4494.96
-4605.25
-3530.13
-3634.9
-3747.9
-3866.84
-3989.45
-4113.32
-4235.97
-4354.98
-4467.97
-4572.8
-3562.26
-3661.54
-3767.79
-3879.06
-3993.45
-4108.91
-4223.34
-4334.69
-4440.97
-4540.35
-3594.45
-3688.23
-3787.69
-3891.32
-3997.49
-4104.54
-4210.74
-4314.43
-4413.97
-4507.9
-3626.64
-3714.89
-3807.6
-3903.57
-4001.52
-4100.15
-4198.15
-4294.19
-4386.99
-4475.43
-3658.83
-3741.56
-3827.53
-3915.83
-4005.55
-4095.77
-4185.56
-4273.96
-4360.02
-4442.95
-3691.04
-3768.25
-3847.46
-3928.09
-4009.6
-4091.42
-4172.99
-4253.74
-4333.07
-4410.48
-3723.26
-3794.95
-3867.4
-3940.37
-4013.68
-4087.1
-4160.45
-4233.53
-4306.12
-4378
-3277.8
-3399.21
-3532.51
-3674.54
-3821.88
-3971.02
-4118.28
-4260.11
-4393.15
-4514.35
-3309.12
-3424.94
-3551.41
-3685.74
-3824.84
-3965.56
-4104.62
-4238.85
-4365.25
-4481.05
-3341.17
-3451.5
-3571.26
-3697.94
-3828.81
-3961.11
-4091.97
-4218.56
-4338.21
-4448.46
-3373.37
-3478.17
-3591.19
-3710.17
-3832.79
-3956.67
-4079.32
-4198.31
-4311.27
-4416.06
-3405.54
-3504.84
-3611.11
-3722.41
-3836.81
-3952.28
-4066.7
-4178.04
-4284.3
-4383.64
-3437.75
-3531.56
-3631.05
-3734.7
-3840.88
-3947.94
-4054.13
-4157.8
-4257.33
-4351.24
-3469.99
-3558.28
-3651
-3746.99
-3844.96
-3943.6
-4041.58
-4137.59
-4230.37
-4318.81
-3502.23
-3584.98
-3670.96
-3759.27
-3849.01
-3939.24
-4029.02
-4117.4
-4203.44
-4286.36
-3534.47
-3611.7
-3690.92
-3771.56
-3853.07
-3934.9
-4016.46
-4097.21
-4176.52
-4253.93
-3566.71
-3638.42
-3710.88
-3783.85
-3857.15
-3930.58
-4003.94
-4077.02
-4149.6
-4221.46
-3118.05
-3239.48
-3372.8
-3514.87
-3662.24
-3811.37
-3958.59
-4100.42
-4233.46
-4354.62
-3149.53
-3265.35
-3391.84
-3526.19
-3665.31
-3806.02
-3945.07
-4079.3
-4205.71
-4321.5
-3181.6
-3291.94
-3411.71
-3538.41
-3669.3
-3801.59
-3932.43
-4059.02
-4178.68
-4288.94
-3213.85
-3318.67
-3431.69
-3550.7
-3673.34
-3797.21
-3919.84
-4038.8
-4151.78
-4256.56
-3246.06
-3345.39
-3451.65
-3562.99
-3677.4
-3792.85
-3907.26
-4018.58
-4124.83
-4224.16
-3278.32
-3372.14
-3471.64
-3575.31
-3681.52
-3788.56
-3894.72
-3998.37
-4097.91
-4191.8
-3310.59
-3398.89
-3491.63
-3587.63
-3685.62
-3784.26
-3882.22
-3978.2
-4070.99
-4159.4
-3342.86
-3425.63
-3511.62
-3599.95
-3689.69
-3779.94
-3869.7
-3958.05
-4044.09
-4127
-3375.13
-3452.38
-3531.61
-3612.26
-3693.77
-3775.61
-3857.18
-3937.89
-4017.18
-4094.59
-3407.4
-3479.13
-3551.6
-3624.58
-3697.88
-3771.31
-3844.67
-3917.74
-3990.3
-4062.15
-2956.32
-3077.72
-3211.05
-3353.13
-3500.49
-3649.59
-3796.8
-3938.63
-4071.73
-4192.88
-2987.92
-3103.72
-3230.22
-3364.58
-3503.68
-3644.38
-3783.41
-3917.65
-4044.11
-4159.91
-3019.99
-3130.33
-3250.11
-3376.82
-3507.7
-3639.97
-3770.79
-3897.36
-4017.06
-4127.36
-3052.27
-3157.11
-3270.14
-3389.17
-3511.8
-3635.65
-3758.26
-3877.2
-3990.18
-4095.01
-3084.52
-3183.86
-3290.15
-3401.49
-3515.9
-3631.34
-3745.73
-3857.02
-3963.26
-4062.62
-3116.81
-3210.65
-3310.18
-3413.84
-3520.04
-3627.09
-3733.24
-3836.88
-3936.38
-4030.25
-3149.12
-3237.44
-3330.19
-3426.19
-3524.18
-3622.82
-3720.77
-3816.75
-3909.52
-3997.9
-3181.42
-3264.21
-3350.21
-3438.54
-3528.29
-3618.54
-3708.29
-3796.61
-3882.64
-3965.55
-3213.71
-3290.98
-3370.22
-3450.88
-3532.4
-3614.23
-3695.79
-3776.48
-3855.76
-3933.15
-3246.01
-3317.76
-3390.24
-3463.23
-3536.53
-3609.96
-3683.3
-3756.35
-3828.89
-3900.74
-2793.16
-2914.6
-3047.94
-3189.99
-3337.3
-3486.34
-3633.57
-3775.43
-3908.57
-4029.7
-2824.9
-2940.71
-3067.22
-3201.55
-3340.63
-3481.24
-3620.27
-3754.57
-3881.08
-3996.86
-2856.97
-2967.32
-3087.11
-3213.8
-3344.66
-3476.87
-3607.66
-3734.27
-3854.02
-3964.33
-2889.29
-2994.15
-3107.17
-3226.19
-3348.82
-3472.63
-3595.21
-3714.16
-3827.17
-3932.01
-2921.58
-3020.92
-3127.2
-3238.54
-3352.96
-3468.36
-3582.72
-3694.02
-3800.27
-3899.63
-2953.88
-3047.72
-3147.25
-3250.91
-3357.12
-3464.13
-3570.29
-3673.93
-3773.41
-3867.26
-2986.19
-3074.53
-3167.28
-3263.28
-3361.28
-3459.91
-3557.84
-3653.83
-3746.59
-3834.94
-3018.5
-3101.31
-3187.32
-3275.66
-3365.42
-3455.66
-3545.39
-3633.71
-3719.75
-3802.61
-3050.82
-3128.1
-3207.36
-3288.03
-3369.56
-3451.4
-3532.93
-3613.59
-3692.87
-3770.24
-3083.13
-3154.9
-3227.4
-3300.4
-3373.72
-3447.14
-3520.46
-3593.49
-3666.02
-3737.84
-2629.11
-2750.54
-2883.88
-3025.91
-3173.2
-3322.23
-3469.43
-3611.31
-3744.45
-3865.6
-2660.95
-2776.77
-2903.27
-3037.59
-3176.64
-3317.24
-3456.25
-3590.56
-3717.08
-3832.87
-2693.03
-2803.38
-2923.15
-3049.83
-3180.68
-3312.88
-3443.64
-3570.26
-3690.02
-3800.34
-2725.36
-2830.23
-2943.25
-3062.25
-3184.88
-3308.69
-3431.23
-3550.17
-3663.17
-3768.03
-2757.68
-2857.02
-2963.29
-3074.62
-3189.03
-3304.45
-3418.8
-3530.07
-3636.3
-3735.66
-2789.99
-2883.82
-2983.35
-3087
-3193.2
-3300.23
-3406.38
-3510.01
-3609.48
-3703.3
-2822.3
-2910.63
-3003.4
-3099.4
-3197.37
-3296
-3393.95
-3489.94
-3582.69
-3671
-2854.62
-2937.43
-3023.45
-3111.8
-3201.54
-3291.77
-3381.51
-3469.84
-3555.86
-3638.69
-2886.95
-2964.24
-3043.51
-3124.18
-3205.72
-3287.55
-3369.07
-3449.72
-3529.01
-3606.34
-2919.28
-2991.06
-3063.55
-3136.57
-3209.9
-3283.32
-3356.63
-3429.64
-3502.15
-3573.96
-2464.47
-2585.89
-2719.2
-2861.23
-3008.53
-3157.57
-3304.79
-3446.67
-3579.76
-3700.95
-2496.42
-2612.23
-2738.7
-2873.02
-3012.06
-3152.68
-3291.73
-3426.03
-3552.5
-3668.29
-2528.47
-2638.81
-2758.57
-2885.26
-3016.1
-3148.3
-3279.1
-3405.72
-3525.44
-3635.74
-2560.78
-2665.67
-2778.69
-2897.7
-3020.33
-3144.15
-3266.72
-3385.66
-3498.62
-3603.44
-2593.11
-2692.48
-2798.75
-2910.09
-3024.5
-3139.93
-3254.31
-3365.58
-3471.78
-3571.11
-2625.45
-2719.29
-2818.82
-2922.48
-3028.67
-3135.71
-3241.91
-3345.54
-3444.99
-3538.77
-2657.78
-2746.1
-2838.89
-2934.89
-3032.85
-3131.48
-3229.47
-3325.47
-3418.2
-3506.48
-2690.1
-2772.92
-2858.96
-2947.31
-3037.05
-3127.27
-3217.03
-3305.38
-3391.39
-3474.18
-2722.45
-2799.75
-2879.02
-2959.71
-3041.25
-3123.06
-3204.6
-3285.29
-3364.56
-3441.86
-2754.79
-2826.57
-2899.08
-2972.11
-3045.44
-3118.86
-3192.17
-3265.2
-3337.71
-3409.5
-2299.54
-2420.92
-2554.21
-2696.22
-2843.53
-2992.59
-3139.84
-3281.71
-3414.79
-3536.02
-2331.58
-2447.34
-2573.8
-2708.1
-2847.15
-2987.82
-3126.88
-3261.16
-3387.6
-3503.41
-2363.63
-2473.92
-2593.66
-2720.32
-2851.17
-2983.43
-3114.26
-3240.85
-3360.53
-3470.85
-2395.88
-2500.77
-2613.78
-2732.79
-2855.43
-2979.29
-3101.88
-3220.81
-3333.72
-3438.52
-2428.21
-2527.6
-2633.86
-2745.18
-2859.61
-2975.07
-3089.46
-3200.74
-3306.91
-3406.23
-2460.55
-2554.41
-2653.94
-2757.6
-2863.79
-2970.84
-3077.06
-3180.7
-3280.13
-3373.91
-2492.9
-2581.24
-2674.02
-2770.02
-2867.99
-2966.62
-3064.62
-3160.62
-3253.35
-3341.63
-2525.23
-2608.06
-2694.1
-2782.46
-2872.21
-2962.41
-3052.18
-3140.54
-3226.54
-3309.33
-2557.59
-2634.89
-2714.17
-2794.87
-2876.4
-2958.21
-3039.75
-3120.46
-3199.72
-3277.02
-2589.93
-2661.72
-2734.24
-2807.27
-2880.6
-2954.02
-3027.35
-3100.37
-3172.87
-3244.65
-2134.48
-2255.8
-2389.08
-2531.08
-2678.41
-2827.45
-2974.74
-3116.65
-3249.77
-3371.03
-2166.56
-2282.3
-2408.76
-2543.05
-2682.11
-2822.77
-2961.85
-3096.18
-3222.64
-3338.46
-2198.61
-2308.89
-2428.62
-2555.26
-2686.11
-2818.36
-2949.21
-3075.83
-3195.56
-3305.86
-2230.84
-2335.72
-2448.74
-2567.73
-2690.36
-2814.21
-2936.83
-3055.78
-3168.71
-3273.48
-2263.17
-2362.56
-2468.82
-2580.14
-2694.53
-2809.99
-2924.42
-3035.73
-3141.9
-3241.22
-2295.53
-2389.39
-2488.91
-2592.56
-2698.73
-2805.78
-2912
-3015.68
-3115.13
-3208.93
-2327.88
-2416.22
-2509
-2605
-2702.95
-2801.58
-2899.58
-2995.59
-3088.34
-3176.63
-2360.21
-2443.06
-2529.09
-2617.44
-2707.18
-2797.38
-2887.15
-2975.52
-3061.51
-3144.34
-2392.57
-2469.9
-2549.17
-2629.86
-2711.38
-2793.18
-2874.73
-2955.44
-3034.69
-3112.01
-2424.93
-2496.72
-2569.24
-2642.26
-2715.56
-2788.99
-2862.34
-2935.37
-3007.86
-3079.65
-1969.47
-2090.72
-2223.96
-2365.95
-2513.27
-2662.34
-2809.62
-2951.51
-3084.73
-3206
-2001.58
-2117.29
-2243.72
-2377.99
-2517.05
-2657.73
-2796.81
-2931.1
-3057.61
-3173.45
-2033.62
-2143.88
-2263.58
-2390.2
-2521.03
-2653.29
-2784.16
-2910.76
-3030.52
-3140.85
-2065.82
-2170.68
-2283.67
-2402.65
-2525.25
-2649.11
-2771.77
-2890.69
-3003.65
-3108.44
-2098.16
-2197.52
-2303.75
-2415.06
-2529.44
-2644.89
-2759.35
-2870.66
-2976.84
-3076.16
-2130.52
-2224.34
-2323.84
-2427.49
-2533.65
-2640.7
-2746.92
-2850.58
-2950.06
-3043.91
-2162.87
-2251.17
-2343.94
-2439.94
-2537.89
-2636.52
-2734.52
-2830.51
-2923.23
-3011.6
-2195.19
-2278.01
-2364.03
-2452.38
-2542.13
-2632.36
-2722.11
-2810.45
-2896.41
-2979.27
-2227.54
-2304.86
-2384.12
-2464.81
-2546.34
-2628.15
-2709.69
-2790.39
-2869.62
-2946.94
-2259.9
-2331.69
-2404.2
-2477.21
-2550.51
-2623.94
-2697.29
-2770.31
-2842.81
-2914.6
-1804.55
-1925.76
-2058.95
-2200.91
-2348.23
-2497.28
-2644.48
-2786.37
-2919.66
-3041
-1836.65
-1952.34
-2078.74
-2213.01
-2352.09
-2492.73
-2631.73
-2765.99
-2892.56
-3008.45
-1868.67
-1978.91
-2098.59
-2225.21
-2356.05
-2488.29
-2619.08
-2745.66
-2865.46
-2975.85
-1900.83
-2005.67
-2118.66
-2237.63
-2360.24
-2484.07
-2606.69
-2725.59
-2838.55
-2943.36
-1933.16
-2032.51
-2138.75
-2250.04
-2364.42
-2479.86
-2594.27
-2705.57
-2811.77
-2911.06
-1965.51
-2059.34
-2158.84
-2262.48
-2368.64
-2475.66
-2581.86
-2685.49
-2785
-2878.82
-1997.87
-2086.19
-2178.94
-2274.92
-2372.87
-2471.51
-2569.48
-2665.44
-2758.16
-2846.55
-2030.21
-2113.03
-2199.04
-2287.35
-2377.09
-2467.34
-2557.08
-2645.39
-2731.34
-2814.21
-2062.56
-2139.86
-2219.12
-2299.77
-2381.3
-2463.14
-2544.67
-2625.32
-2704.55
-2781.87
-2094.9
-2166.7
-2239.2
-2312.19
-2385.5
-2458.92
-2532.23
-2605.24
-2677.74
-2749.52
-1639.61
-1760.79
-1893.95
-2035.87
-2183.14
-2332.19
-2479.37
-2621.34
-2754.65
-2875.98
-1671.7
-1787.37
-1913.77
-2048.01
-2187.06
-2327.69
-2466.68
-2600.98
-2727.57
-2843.46
-1703.68
-1813.92
-1933.6
-2060.2
-2191.03
-2323.24
-2454.02
-2580.64
-2700.46
-2810.85
-1735.81
-1840.66
-1953.64
-2072.61
-2195.2
-2319.01
-2441.59
-2560.53
-2673.51
-2778.32
-1768.15
-1867.49
-1973.73
-2085.03
-2199.4
-2314.8
-2429.16
-2540.48
-2646.72
-2745.99
-1800.49
-1894.32
-1993.82
-2097.47
-2203.64
-2310.63
-2416.75
-2520.39
-2619.93
-2713.73
-1832.85
-1921.17
-2013.93
-2109.91
-2207.87
-2306.48
-2404.37
-2500.32
-2593.1
-2681.46
-1865.2
-1948.01
-2034.01
-2122.32
-2212.06
-2302.31
-2392.01
-2480.28
-2566.26
-2649.15
-1897.54
-1974.84
-2054.09
-2134.73
-2216.27
-2298.11
-2379.61
-2460.23
-2539.47
-2616.8
-1929.87
-2001.67
-2074.16
-2147.16
-2220.49
-2293.89
-2367.17
-2440.16
-2512.67
-2584.45
-1474.52
-1595.74
-1728.9
-1870.8
-2018.02
-2167.03
-2314.27
-2456.29
-2589.56
-2710.83
-1506.63
-1622.33
-1748.73
-1882.97
-2021.97
-2162.58
-2301.61
-2435.96
-2562.54
-2678.34
-1538.62
-1648.86
-1768.54
-1895.13
-2025.94
-2158.14
-2288.93
-2415.61
-2535.43
-2645.79
-1570.72
-1675.56
-1788.54
-1907.49
-2030.09
-2153.9
-2276.47
-2395.44
-2508.43
-2613.25
-1603.04
-1702.39
-1808.62
-1919.91
-2034.31
-2149.71
-2264.04
-2375.36
-2481.61
-2580.87
-1635.37
-1729.21
-1828.71
-1932.35
-2038.55
-2145.55
-2251.63
-2355.26
-2454.81
-2548.58
-1667.73
-1756.06
-1848.81
-1944.79
-2042.77
-2141.37
-2239.26
-2335.2
-2427.98
-2516.31
-1700.08
-1782.89
-1868.89
-1957.19
-2046.94
-2137.17
-2226.89
-2315.17
-2401.17
-2484.02
-1732.41
-1809.71
-1888.96
-1969.59
-2051.14
-2132.97
-2214.48
-2295.12
-2374.36
-2451.67
-1764.73
-1836.53
-1909.02
-1982.02
-2055.36
-2128.77
-2202.04
-2275.04
-2347.56
-2419.32
-1309.25
-1430.54
-1563.72
-1705.64
-1852.87
-2001.87
-2149.17
-2291.16
-2424.31
-2545.54
-1341.39
-1457.16
-1583.57
-1717.83
-1856.84
-1997.43
-2136.51
-2270.86
-2397.33
-2513.09
-1373.42
-1483.66
-1603.35
-1729.98
-1860.8
-1992.99
-2123.81
-2250.52
-2370.25
-2480.57
-1405.49
-1510.3
-1623.31
-1742.31
-1864.94
-1988.74
-2111.29
-2230.28
-2343.22
-2448.05
-1437.77
-1537.13
-1643.4
-1754.74
-1869.16
-1984.57
-2098.88
-2210.16
-2316.39
-2415.65
-1470.12
-1563.97
-1663.49
-1767.17
-1873.39
-1980.39
-2086.48
-2190.08
-2289.58
-2383.33
-1502.46
-1590.81
-1683.59
-1779.6
-1877.59
-1976.19
-2074.07
-2170.02
-2262.78
-2351.05
-1534.81
-1617.64
-1703.66
-1792.01
-1881.76
-1971.96
-2061.67
-2149.97
-2235.97
-2318.79
-1567.17
-1644.48
-1723.73
-1804.4
-1885.93
-1967.74
-2049.26
-2129.93
-2209.16
-2286.46
-1599.52
-1671.31
-1743.8
-1816.81
-1890.13
-1963.55
-2036.85
-2109.86
-2182.37
-2254.1
-1143.95
-1265.24
-1398.41
-1540.33
-1687.58
-1836.61
-1984.01
-2125.92
-2258.94
-2380.14
-1176.12
-1291.89
-1418.3
-1552.55
-1691.57
-1832.18
-1971.33
-2105.66
-2231.99
-2347.72
-1208.18
-1318.43
-1438.09
-1564.69
-1695.48
-1827.71
-1958.61
-2085.31
-2204.94
-2315.21
-1240.22
-1345.01
-1458.01
-1576.99
-1699.61
-1823.43
-1946.01
-2065
-2177.89
-2282.69
-1272.47
-1371.83
-1478.1
-1589.43
-1703.84
-1819.25
-1933.59
-2044.88
-2151.04
-2250.28
-1304.82
-1398.67
-1498.2
-1601.86
-1708.04
-1815.06
-1921.21
-2024.79
-2124.23
-2217.93
-1337.15
-1425.49
-1518.28
-1614.29
-1712.25
-1810.83
-1908.78
-2004.74
-2097.45
-2185.64
-1369.48
-1452.33
-1538.37
-1626.73
-1716.46
-1806.61
-1896.34
-1984.68
-2070.64
-2153.38
-1401.85
-1479.18
-1558.45
-1639.15
-1720.64
-1802.4
-1883.92
-1964.61
-2043.84
-2121.1
-1434.24
-1506.02
-1578.53
-1651.54
-1724.8
-1798.2
-1871.54
-1944.55
-2017.04
-2088.77
-978.638
-1099.9
-1233.07
-1374.95
-1522.16
-1671.24
-1818.62
-1960.43
-2093.45
-2214.73
-1010.84
-1126.59
-1252.98
-1387.17
-1526.16
-1666.82
-1805.98
-1940.22
-2066.51
-2182.25
-1042.94
-1153.16
-1272.78
-1399.31
-1530.05
-1662.32
-1793.25
-1919.89
-2039.45
-2149.69
-1074.98
-1179.73
-1292.65
-1411.56
-1534.13
-1657.97
-1780.6
-1899.56
-2012.41
-2117.21
-1107.2
-1206.51
-1312.72
-1423.99
-1538.35
-1653.8
-1768.2
-1879.46
-1985.55
-2084.83
-1139.52
-1233.33
-1332.8
-1436.4
-1542.53
-1649.58
-1755.82
-1859.4
-1958.77
-2052.49
-1171.82
-1260.14
-1352.87
-1448.83
-1546.75
-1645.35
-1743.38
-1839.36
-1932
-2020.17
-1204.14
-1286.97
-1372.97
-1461.29
-1550.99
-1641.14
-1730.91
-1819.26
-1905.24
-1987.91
-1236.53
-1313.8
-1393.05
-1473.72
-1555.19
-1636.94
-1718.48
-1799.17
-1878.4
-1955.66
-1268.9
-1340.64
-1413.12
-1486.1
-1559.35
-1632.75
-1706.1
-1779.11
-1851.55
-1923.31
-813.437
-934.541
-1067.6
-1209.43
-1356.69
-1505.78
-1653.02
-1794.79
-1927.93
-2049.22
-845.601
-961.251
-1087.56
-1221.7
-1360.69
-1501.38
-1640.43
-1774.57
-1900.94
-2016.74
-877.697
-987.855
-1107.4
-1233.85
-1364.59
-1496.86
-1627.71
-1754.19
-1873.8
-1984.12
-909.746
-1014.4
-1127.24
-1246.09
-1368.61
-1492.43
-1615.07
-1733.9
-1846.75
-1951.57
-941.904
-1041.14
-1147.29
-1258.52
-1372.81
-1488.22
-1602.67
-1713.86
-1819.92
-1919.18
-974.184
-1067.95
-1167.37
-1270.93
-1376.99
-1483.99
-1590.24
-1693.83
-1793.15
-1886.88
-1006.48
-1094.75
-1187.45
-1283.36
-1381.22
-1479.8
-1577.81
-1673.75
-1766.37
-1854.58
-1038.8
-1121.57
-1207.55
-1295.83
-1385.49
-1475.64
-1565.35
-1653.65
-1739.56
-1822.29
-1071.17
-1148.41
-1227.64
-1308.26
-1389.71
-1471.45
-1552.93
-1633.56
-1712.75
-1790.01
-1103.53
-1175.25
-1247.71
-1320.65
-1393.9
-1467.26
-1540.54
-1613.5
-1685.91
-1757.68
-648.252
-769.373
-902.39
-1044.08
-1191.18
-1340.21
-1487.18
-1628.9
-1762.09
-1883.41
-680.393
-796.046
-922.326
-1056.33
-1195.18
-1335.84
-1474.64
-1608.66
-1735.09
-1850.86
-712.494
-822.659
-942.167
-1068.49
-1199.09
-1331.33
-1461.98
-1588.29
-1707.97
-1818.27
-744.609
-849.249
-961.978
-1080.68
-1203.06
-1326.84
-1449.39
-1568.08
-1680.92
-1785.69
-776.729
-875.913
-981.962
-1093.05
-1207.24
-1322.6
-1436.96
-1548.07
-1654.1
-1753.29
-808.955
-902.667
-1001.99
-1105.44
-1211.43
-1318.39
-1424.51
-1528.03
-1627.38
-1721.03
-841.23
-929.441
-1022.03
-1117.83
-1215.67
-1314.27
-1412.13
-1507.93
-1600.56
-1688.77
-873.523
-956.234
-1042.1
-1130.27
-1219.92
-1310.11
-1399.73
-1487.88
-1573.73
-1656.47
-905.821
-983.019
-1062.18
-1142.71
-1224.17
-1305.92
-1387.31
-1467.83
-1546.92
-1624.18
-938.116
-1009.81
-1082.21
-1155.13
-1228.41
-1301.74
-1374.88
-1447.75
-1520.12
-1591.87
-482.912
-604.075
-737.074
-878.774
-1025.77
-1174.6
-1321.36
-1463.11
-1596.32
-1717.31
-515.062
-630.731
-756.997
-891.025
-1029.83
-1170.27
-1308.84
-1442.82
-1569.23
-1684.8
-547.183
-657.32
-776.835
-903.208
-1033.77
-1165.79
-1296.23
-1422.48
-1542.12
-1652.28
-579.313
-683.938
-796.684
-915.386
-1037.71
-1161.31
-1283.67
-1402.24
-1515.07
-1619.71
-611.434
-710.606
-816.625
-927.691
-1041.83
-1157.05
-1271.23
-1382.22
-1488.24
-1587.29
-643.634
-737.326
-836.614
-940.049
-1046.03
-1152.85
-1258.76
-1362.16
-1461.47
-1555.06
-675.905
-764.095
-856.652
-952.454
-1050.24
-1148.71
-1246.41
-1342.1
-1434.63
-1522.81
-708.224
-790.875
-876.707
-964.845
-1054.43
-1144.53
-1234.05
-1322.07
-1407.84
-1490.51
-740.488
-817.626
-896.73
-977.234
-1058.64
-1140.33
-1221.64
-1302.03
-1381.06
-1458.23
-772.716
-844.364
-916.774
-989.678
-1062.89
-1136.12
-1209.18
-1281.96
-1354.27
-1425.96
-317.831
-439.158
-572.153
-713.8
-860.574
-1009.12
-1155.79
-1297.48
-1430.38
-1550.78
-350.035
-465.8
-592.047
-726.049
-864.653
-1004.79
-1143.24
-1277.16
-1403.34
-1518.38
-382.21
-492.357
-611.844
-738.19
-868.625
-1000.35
-1130.6
-1256.83
-1376.3
-1486.09
-414.354
-518.964
-631.673
-750.345
-872.614
-995.928
-1117.96
-1236.52
-1349.21
-1453.61
-446.442
-545.592
-651.593
-762.641
-876.71
-991.62
-1105.46
-1216.37
-1322.29
-1421.13
-478.633
-572.307
-671.593
-775.012
-880.904
-987.434
-1093.03
-1196.28
-1295.45
-1388.85
-510.92
-599.07
-691.63
-787.393
-885.069
-983.27
-1080.68
-1176.24
-1268.68
-1356.63
-543.203
-625.844
-711.633
-799.707
-889.166
-979.064
-1068.38
-1156.25
-1241.93
-1324.41
-575.43
-652.574
-731.627
-812.044
-893.302
-974.83
-1056.01
-1136.26
-1215.17
-1292.15
-607.639
-679.288
-751.643
-824.437
-897.463
-970.554
-1043.58
-1116.28
-1188.45
-1259.89
-153.809
-274.923
-407.911
-549.579
-696.246
-844.398
-990.919
-1132.2
-1264.45
-1384.24
-186.001
-301.618
-427.886
-561.888
-700.322
-840.033
-978.321
-1111.98
-1237.45
-1351.96
-218.163
-328.256
-447.736
-574.03
-704.273
-835.588
-965.583
-1091.7
-1210.6
-1319.74
-250.298
-354.891
-467.559
-586.13
-708.219
-831.213
-952.871
-1071.22
-1183.53
-1287.4
-282.459
-381.532
-487.436
-598.365
-712.266
-826.921
-940.355
-1050.94
-1156.51
-1254.98
-314.642
-408.229
-507.425
-610.747
-716.419
-822.665
-927.959
-1030.83
-1129.67
-1222.7
-346.904
-434.985
-527.424
-623.096
-720.517
-818.376
-915.57
-1010.85
-1102.93
-1190.53
-379.169
-461.688
-547.362
-635.34
-724.586
-814.148
-903.202
-990.904
-1076.24
-1158.39
-411.393
-488.391
-567.295
-647.592
-728.657
-809.906
-890.833
-970.934
-1049.57
-1126.21
-443.599
-515.09
-587.274
-659.879
-732.679
-805.604
-878.474
-950.988
-1022.91
-1093.99
7.28512
-113.407
-245.868
-387.12
-533.451
-681.073
-827.228
-967.866
-1098.98
-1217.92
-24.9415
-140.084
-265.83
-399.463
-537.535
-676.7
-814.581
-947.634
-1072.11
-1185.77
-57.0776
-166.691
-285.668
-411.626
-541.478
-672.255
-801.829
-927.327
-1045.25
-1153.47
-89.047
-193.161
-305.462
-423.733
-545.395
-667.844
-789.058
-906.825
-1018.26
-1121.23
-121.058
-219.754
-325.368
-435.976
-549.445
-663.551
-776.496
-886.464
-991.238
-1088.97
-153.18
-246.442
-345.338
-448.332
-553.551
-659.256
-764.096
-866.375
-964.418
-1056.79
-185.354
-273.132
-365.286
-460.617
-557.603
-654.926
-751.644
-846.435
-937.792
-1024.72
-217.511
-299.776
-385.175
-472.837
-561.636
-650.653
-739.234
-826.471
-911.225
-992.707
-249.67
-326.383
-405.007
-484.984
-565.627
-646.41
-726.879
-806.539
-884.665
-960.723
-281.825
-353
-424.827
-497.056
-569.558
-642.164
-714.609
-786.658
-858.079
-928.696
163.435
43.4474
-88.3648
-228.61
-373.909
-520.771
-665.941
-804.745
-934.095
-1051.93
131.192
16.6801
-108.323
-240.923
-377.983
-516.4
-653.274
-784.599
-907.33
-1019.68
99.1465
-9.95969
-128.198
-253.068
-381.871
-511.902
-640.468
-764.321
-880.467
-987.257
67.2565
-36.3448
-147.854
-265.094
-385.731
-507.399
-627.638
-743.919
-853.675
-955.135
35.4034
-62.7406
-167.588
-277.265
-389.787
-503.084
-615.053
-723.668
-826.849
-923.148
3.4724
-89.2365
-187.438
-289.51
-393.833
-498.773
-602.64
-703.717
-800.289
-891.239
-28.472
-115.745
-207.248
-301.683
-397.807
-494.384
-590.183
-683.805
-773.903
-859.489
-60.418
-142.181
-226.979
-313.829
-401.806
-490.068
-577.751
-663.888
-747.487
-827.835
-92.3541
-168.563
-246.642
-325.875
-405.731
-485.784
-565.454
-644.08
-721.093
-796.194
-124.255
-194.908
-266.178
-337.831
-409.694
-481.573
-553.147
-624.232
-694.758
-764.506
310.018
191.357
61.1804
-77.3702
-221.014
-366.079
-508.696
-644.687
-771.473
-886.214
277.734
164.548
41.1428
-89.7178
-225.112
-361.727
-496.071
-624.476
-744.606
-853.936
245.792
137.975
21.2637
-101.904
-228.955
-357.174
-483.382
-604.209
-717.602
-821.673
214.094
111.717
1.67223
-113.892
-232.692
-352.519
-470.632
-584.105
-690.948
-789.707
182.545
85.5568
-17.8585
-125.902
-236.586
-348.094
-458.069
-564.084
-664.508
-758.036
150.878
59.3136
-37.4488
-137.836
-240.435
-343.755
-445.685
-544.319
-638.292
-726.703
119.3
33.1737
-56.9253
-149.754
-244.305
-339.33
-433.285
-524.653
-612.252
-695.495
87.7754
7.07499
-76.3821
-161.728
-248.188
-334.893
-420.826
-504.924
-586.31
-664.44
56.2369
-18.9296
-95.7421
-173.614
-252.029
-330.515
-408.478
-485.215
-560.303
-633.505
24.8042
-44.7715
-114.929
-185.395
-255.949
-326.236
-396.1
-465.545
-534.386
-602.558
442.598
325.545
197.537
61.6742
-79.0207
-220.953
-359.554
-491.417
-613.897
-723.969
410.305
298.69
177.436
49.2753
-83.153
-216.656
-346.981
-471.21
-587.033
-691.44
378.343
272.183
157.653
37.1527
-87.0211
-212.118
-334.413
-451.017
-560.175
-659.528
346.685
246.087
138.248
25.3187
-90.6395
-207.355
-321.813
-431.121
-533.751
-628.05
315.412
220.288
119.062
13.6254
-94.3176
-202.766
-309.255
-411.419
-507.658
-596.911
284.283
194.498
99.8992
1.99504
-97.9553
-198.258
-296.85
-391.918
-481.945
-566.229
253.254
168.883
80.8753
-9.62092
-101.612
-193.82
-284.547
-372.44
-456.424
-535.994
222.286
143.333
61.874
-21.202
-105.256
-189.333
-272.25
-353.019
-431.002
-505.888
191.384
117.918
43.006
-32.7236
-108.897
-184.84
-259.906
-333.593
-405.608
-475.773
160.64
92.7139
24.3276
-44.2252
-112.529
-180.342
-247.663
-314.397
-380.423
-445.713
540.568
427.241
303.539
172.63
37.5016
-98.3277
-230.016
-354.963
-470.553
-571.974
508.077
400.267
283.282
160.101
33.2148
-94.1368
-217.562
-334.903
-443.512
-539.903
476.194
373.801
263.537
147.952
29.2623
-89.6908
-205.151
-314.91
-417.033
-508.731
444.784
347.86
244.32
136.288
25.7033
-85.0208
-192.781
-295.32
-391.094
-478.292
413.958
322.451
225.552
124.965
22.3319
-80.3333
-180.478
-276.167
-365.733
-448.316
383.532
297.385
207.005
113.739
18.888
-75.8275
-168.337
-257.194
-340.963
-418.97
353.327
272.53
188.584
102.532
15.3711
-71.4721
-156.446
-238.432
-316.473
-390.194
323.261
247.794
170.264
91.3891
11.9304
-67.0754
-144.582
-219.794
-292.189
-361.594
293.327
223.238
152.071
80.3445
8.54628
-62.6575
-132.695
-201.27
-268.054
-333.048
263.674
198.961
134.036
69.4088
5.26901
-58.224
-121.038
-183.096
-244.206
-304.551
608.204
499.443
380.665
255.308
126.399
-2.22562
-126.588
-244.642
-351.775
-443.887
575.794
472.311
360.357
242.69
121.984
1.83049
-114.449
-224.683
-325.372
-413.69
543.989
445.995
340.732
230.542
117.97
6.12797
-102.195
-205.123
-299.786
-383.886
512.883
420.297
321.692
218.985
114.412
10.6002
-90.095
-186.007
-274.875
-355.065
482.528
395.322
303.261
207.934
111.229
15.1943
-78.2267
-167.377
-250.575
-326.914
452.826
370.93
285.294
197.063
107.932
19.517
-66.6539
-149.181
-226.897
-299.384
423.522
346.909
267.534
186.355
104.613
23.6098
-55.3293
-131.346
-203.826
-272.468
394.501
323.134
249.961
175.822
101.419
27.7624
-44.2004
-113.828
-180.98
-245.831
365.741
299.568
232.593
165.402
98.3194
31.9569
-33.1603
-96.671
-158.467
-218.994
337.29
276.228
215.365
155.071
95.345
36.1399
-22.3039
-79.6964
-136.092
-192.189
526.07
437.229
341.001
239.877
137.555
36.8119
-59.6675
-147.004
-217.684
-269.493
493.36
409.579
319.814
226.509
132.553
40.361
-47.6354
-127.238
-193.256
-242.409
462.093
383.492
300.242
214.29
128.118
43.98
-36.0184
-108.677
-169.792
-216.98
432.739
359.21
282.219
203.284
124.444
47.7189
-25.0065
-91.3282
-148.033
-193.443
405.181
336.597
265.544
193.167
121.226
51.4615
-14.715
-75.2389
-127.882
-171.713
379.077
315.204
249.641
183.44
117.954
54.6033
-5.35837
-60.4869
-109.263
-151.574
353.814
294.426
234.15
173.902
114.613
57.4028
3.197
-46.9121
-92.095
-132.774
329.035
274.065
219.03
164.596
111.371
60.0061
11.2454
-34.1506
-76.017
-114.838
304.618
254.2
204.352
155.649
108.308
62.543
18.907
-22.126
-60.597
-97.1243
280.953
234.912
190.215
147.165
105.441
65.0849
26.3851
-10.4894
-45.5666
-79.4568
526.406
447.14
360.746
269.864
177.058
84.7478
-7.09119
-97.9977
-186.946
-262.701
494.952
420.37
340.072
256.349
171.448
86.9165
3.01774
-79.7837
-160.845
-234.114
466.111
396.185
321.843
244.887
167.244
90.074
13.4704
-61.9113
-135.705
-204.339
439.57
374.205
305.501
234.818
163.804
93.2514
23.3168
-45.4635
-112.7
-176.42
414.862
353.981
290.599
225.851
160.978
96.5421
32.8038
-29.912
-91.3654
-150.758
391.699
335.175
276.878
217.799
158.761
100.048
41.9723
-15.037
-71.3481
-126.935
369.727
317.515
264.152
210.567
157.139
103.901
51.1124
-0.816293
-52.3086
-104.353
348.632
300.761
252.212
203.901
155.82
107.878
60.2235
13.0496
-34.0782
-82.525
328.164
284.614
240.818
197.589
154.612
111.752
69.0467
26.5892
-16.3169
-61.0772
308.25
268.812
229.746
191.407
153.328
115.406
77.6607
39.8094
0.932385
-39.8391
-6351.49
-6437.77
-6504.46
-6549.84
-6572.8
-6572.78
-6549.85
-6504.55
-6437.92
-6351.6
-6321.57
-6399.23
-6459.31
-6500.27
-6521
-6521
-6500.28
-6459.31
-6399.23
-6321.59
-6288.06
-6356.77
-6409.99
-6446.26
-6464.65
-6464.66
-6446.27
-6409.98
-6356.77
-6288.07
-6252.73
-6312.56
-6358.93
-6390.53
-6406.56
-6406.57
-6390.54
-6358.93
-6312.58
-6252.76
-6216.98
-6267.95
-6307.45
-6334.37
-6348.02
-6348.03
-6334.38
-6307.45
-6267.97
-6217.02
-6180.97
-6223.02
-6255.62
-6277.85
-6289.12
-6289.12
-6277.85
-6255.63
-6223.05
-6180.99
-6144.58
-6177.72
-6203.4
-6220.91
-6229.79
-6229.78
-6220.91
-6203.41
-6177.75
-6144.61
-6107.84
-6132.04
-6150.77
-6163.56
-6170.03
-6170.03
-6163.56
-6150.78
-6132.06
-6107.86
-6070.73
-6085.98
-6097.77
-6105.81
-6109.89
-6109.88
-6105.82
-6097.78
-6086
-6070.75
-6033.25
-6039.6
-6044.43
-6047.71
-6049.37
-6049.37
-6047.72
-6044.44
-6039.61
-6033.26
-6221.98
-6307.46
-6373.36
-6418.3
-6441.03
-6441.03
-6418.28
-6373.32
-6307.36
-6221.94
-6183.11
-6259.63
-6318.71
-6358.94
-6379.3
-6379.31
-6358.93
-6318.69
-6259.6
-6183.09
-6142.65
-6210.05
-6262.11
-6297.53
-6315.48
-6315.49
-6297.55
-6262.12
-6210.06
-6142.64
-6102.7
-6161.1
-6206.22
-6236.9
-6252.46
-6252.46
-6236.92
-6206.23
-6161.12
-6102.69
-6063.11
-6112.53
-6150.74
-6176.7
-6189.87
-6189.87
-6176.71
-6150.72
-6112.53
-6063.1
-6023.59
-6064.04
-6095.33
-6116.62
-6127.39
-6127.39
-6116.61
-6095.32
-6064.04
-6023.58
-5984.08
-6015.58
-6039.96
-6056.56
-6064.95
-6064.95
-6056.55
-6039.96
-6015.59
-5984.08
-5944.59
-5967.16
-5984.62
-5996.52
-6002.54
-6002.54
-5996.52
-5984.63
-5967.17
-5944.6
-5905.13
-5918.76
-5929.31
-5936.5
-5940.14
-5940.14
-5936.5
-5929.32
-5918.77
-5905.14
-5865.64
-5870.36
-5874
-5876.48
-5877.74
-5877.74
-5876.48
-5874
-5870.36
-5865.65
-6076.27
-6161.79
-6227.84
-6272.92
-6295.69
-6295.69
-6272.88
-6227.82
-6161.74
-6076.25
-6036.5
-6113.12
-6172.33
-6212.67
-6233.09
-6233.1
-6212.64
-6172.31
-6113.11
-6036.49
-5996.74
-6064.33
-6116.55
-6152.1
-6170.11
-6170.13
-6152.1
-6116.55
-6064.34
-5996.74
-5957.5
-6016.1
-6061.34
-6092.15
-6107.77
-6107.76
-6092.17
-6061.36
-6016.1
-5957.49
-5918.21
-5967.76
-6006.04
-6032.09
-6045.31
-6045.29
-6032.1
-6006.04
-5967.74
-5918.18
-5878.74
-5919.25
-5950.58
-5971.89
-5982.69
-5982.68
-5971.88
-5950.56
-5919.23
-5878.71
-5839.18
-5870.68
-5895.05
-5911.63
-5920.03
-5920.03
-5911.63
-5895.04
-5870.67
-5839.16
-5799.59
-5822.1
-5839.51
-5851.36
-5857.36
-5857.37
-5851.37
-5839.52
-5822.1
-5799.6
-5759.99
-5773.52
-5783.97
-5791.1
-5794.7
-5794.7
-5791.1
-5783.97
-5773.51
-5760
-5720.35
-5724.92
-5728.43
-5730.83
-5732.05
-5732.05
-5730.83
-5728.43
-5724.91
-5720.35
-5924.85
-6010.16
-6076.05
-6120.97
-6143.68
-6143.68
-6120.95
-6076.03
-6010.14
-5924.82
-5884.63
-5961.13
-6020.22
-6060.45
-6080.84
-6080.85
-6060.44
-6020.2
-5961.12
-5884.61
-5845.18
-5912.75
-5964.92
-6000.44
-6018.43
-6018.45
-6000.43
-5964.92
-5912.76
-5845.2
-5806.11
-5864.71
-5909.95
-5940.78
-5956.39
-5956.38
-5940.79
-5909.99
-5864.73
-5806.12
-5766.94
-5816.54
-5854.83
-5880.94
-5894.16
-5894.14
-5880.96
-5854.87
-5816.53
-5766.93
-5727.65
-5768.23
-5799.6
-5820.98
-5831.8
-5831.79
-5820.98
-5799.6
-5768.21
-5727.62
-5688.28
-5719.87
-5744.32
-5760.96
-5769.39
-5769.4
-5760.96
-5744.31
-5719.86
-5688.26
-5648.86
-5671.48
-5689
-5700.91
-5706.95
-5706.96
-5700.92
-5688.99
-5671.48
-5648.87
-5609.42
-5623.07
-5633.65
-5640.85
-5644.49
-5644.5
-5640.85
-5633.65
-5623.08
-5609.44
-5569.94
-5574.66
-5578.29
-5580.77
-5582.03
-5582.03
-5580.77
-5578.29
-5574.65
-5569.94
-5780.67
-5865.87
-5931.64
-5976.4
-5999.06
-5999.04
-5976.4
-5931.64
-5865.87
-5780.62
-5739.97
-5816.32
-5875.24
-5915.33
-5935.65
-5935.65
-5915.33
-5875.22
-5816.29
-5739.93
-5700.37
-5767.76
-5819.8
-5855.18
-5873.11
-5873.12
-5855.17
-5819.77
-5767.76
-5700.38
-5660.97
-5719.42
-5764.53
-5795.26
-5810.79
-5810.78
-5795.25
-5764.55
-5719.44
-5661
-5621.54
-5671.01
-5709.17
-5735.2
-5748.35
-5748.33
-5735.2
-5709.21
-5671
-5621.56
-5582.06
-5622.53
-5653.75
-5675.05
-5685.82
-5685.81
-5675.05
-5653.77
-5622.5
-5582.05
-5542.53
-5573.99
-5598.31
-5614.86
-5623.25
-5623.25
-5614.87
-5598.3
-5573.97
-5542.51
-5502.94
-5525.43
-5542.84
-5554.66
-5560.66
-5560.66
-5554.66
-5542.82
-5525.44
-5502.94
-5463.35
-5476.87
-5487.34
-5494.46
-5498.07
-5498.07
-5494.46
-5487.34
-5476.87
-5463.35
-5423.72
-5428.32
-5431.85
-5434.26
-5435.48
-5435.48
-5434.26
-5431.85
-5428.3
-5423.71
-5643.01
-5728.2
-5793.98
-5838.7
-5861.36
-5861.35
-5838.72
-5793.99
-5728.21
-5642.95
-5602.11
-5678.36
-5737.22
-5777.25
-5797.55
-5797.55
-5777.28
-5737.22
-5678.33
-5602.05
-5562.39
-5629.68
-5681.65
-5716.99
-5734.89
-5734.88
-5716.98
-5681.61
-5629.67
-5562.38
-5522.74
-5581.09
-5626.14
-5656.83
-5672.31
-5672.3
-5656.79
-5626.13
-5581.1
-5522.76
-5483.11
-5532.49
-5570.59
-5596.57
-5609.68
-5609.67
-5596.56
-5570.61
-5532.48
-5483.13
-5443.48
-5483.86
-5515.01
-5536.25
-5547
-5547
-5536.26
-5515.03
-5483.83
-5443.47
-5403.8
-5435.19
-5459.43
-5475.92
-5484.28
-5484.29
-5475.92
-5459.41
-5435.16
-5403.79
-5364.08
-5386.48
-5403.81
-5415.59
-5421.55
-5421.56
-5415.58
-5403.79
-5386.48
-5364.07
-5324.35
-5337.78
-5348.17
-5355.24
-5358.83
-5358.83
-5355.24
-5348.17
-5337.78
-5324.35
-5284.61
-5289.09
-5292.56
-5294.91
-5296.11
-5296.11
-5294.91
-5292.56
-5289.09
-5284.59
-5506.61
-5591.74
-5657.44
-5702.16
-5724.83
-5724.85
-5702.19
-5657.49
-5591.74
-5506.58
-5465.58
-5541.77
-5600.56
-5640.56
-5660.85
-5660.86
-5640.61
-5600.59
-5541.73
-5465.53
-5425.76
-5493
-5544.93
-5580.23
-5598.12
-5598.11
-5580.25
-5544.91
-5492.97
-5425.73
-5385.92
-5444.21
-5489.25
-5519.89
-5535.35
-5535.35
-5519.86
-5489.22
-5444.22
-5385.95
-5346.14
-5395.45
-5433.55
-5459.49
-5472.59
-5472.58
-5459.48
-5433.55
-5395.48
-5346.17
-5306.4
-5346.73
-5377.86
-5399.07
-5409.8
-5409.8
-5399.08
-5377.88
-5346.73
-5306.42
-5266.63
-5297.98
-5322.18
-5338.66
-5347
-5347
-5338.65
-5322.17
-5297.96
-5266.64
-5226.83
-5249.2
-5266.49
-5278.25
-5284.19
-5284.19
-5278.22
-5266.46
-5249.19
-5226.82
-5187.04
-5200.41
-5210.77
-5217.81
-5221.38
-5221.37
-5217.79
-5210.76
-5200.41
-5187.01
-5147.22
-5151.64
-5155.06
-5157.39
-5158.58
-5158.57
-5157.39
-5155.06
-5151.64
-5147.19
-5368.09
-5453.18
-5518.9
-5563.6
-5586.25
-5586.28
-5563.62
-5518.94
-5453.21
-5368.05
-5326.98
-5403.14
-5461.91
-5501.9
-5522.17
-5522.19
-5501.95
-5461.95
-5403.1
-5326.93
-5287.04
-5354.29
-5406.2
-5441.49
-5459.37
-5459.35
-5441.51
-5406.17
-5354.23
-5287.02
-5247.1
-5305.37
-5350.39
-5381
-5396.46
-5396.45
-5380.97
-5350.34
-5305.36
-5247.12
-5207.22
-5256.5
-5294.58
-5320.49
-5333.58
-5333.58
-5320.47
-5294.57
-5256.53
-5207.25
-5167.4
-5207.68
-5238.81
-5260
-5270.72
-5270.71
-5259.99
-5238.82
-5207.71
-5167.42
-5127.55
-5158.86
-5183.05
-5199.51
-5207.84
-5207.84
-5199.51
-5183.05
-5158.88
-5127.57
-5087.69
-5110.02
-5127.28
-5139.03
-5144.97
-5144.97
-5139.02
-5127.29
-5110.04
-5087.7
-5047.85
-5061.18
-5071.51
-5078.54
-5082.1
-5082.09
-5078.53
-5071.52
-5061.2
-5047.84
-5007.98
-5012.35
-5015.75
-5018.06
-5019.24
-5019.23
-5018.06
-5015.76
-5012.36
-5007.96
-5226.32
-5311.5
-5377.27
-5422
-5444.65
-5444.66
-5422
-5377.28
-5311.5
-5226.31
-5185.21
-5261.41
-5320.22
-5360.24
-5380.5
-5380.5
-5360.26
-5320.24
-5261.37
-5185.18
-5145.21
-5212.49
-5264.41
-5299.74
-5317.61
-5317.59
-5299.73
-5264.4
-5212.44
-5145.21
-5105.23
-5163.51
-5208.54
-5239.15
-5254.62
-5254.62
-5239.11
-5208.49
-5163.51
-5105.26
-5065.31
-5114.58
-5152.69
-5178.57
-5191.67
-5191.68
-5178.55
-5152.65
-5114.63
-5065.33
-5025.44
-5065.7
-5096.85
-5118.02
-5128.74
-5128.74
-5118.01
-5096.86
-5065.75
-5025.45
-4985.54
-5016.83
-5041.02
-5057.48
-5065.81
-5065.81
-5057.48
-5041.05
-5016.86
-4985.56
-4945.65
-4967.96
-4985.21
-4996.96
-5002.9
-5002.9
-4996.96
-4985.24
-4967.99
-4945.67
-4905.78
-4919.1
-4929.4
-4936.43
-4939.99
-4939.99
-4936.44
-4929.42
-4919.12
-4905.79
-4865.88
-4870.23
-4873.61
-4875.92
-4877.09
-4877.09
-4875.93
-4873.63
-4870.26
-4865.89
-5080.85
-5166.14
-5231.97
-5276.76
-5299.44
-5299.45
-5276.76
-5231.96
-5166.11
-5080.85
-5039.78
-5116.03
-5174.9
-5214.98
-5235.25
-5235.25
-5214.97
-5174.91
-5116.01
-5039.76
-4999.75
-5067.08
-5119.04
-5154.42
-5172.3
-5172.28
-5154.4
-5119.04
-5067.05
-4999.77
-4959.78
-5018.11
-5063.14
-5093.77
-5109.27
-5109.27
-5093.75
-5063.12
-5018.11
-4959.82
-4919.87
-4969.17
-5007.29
-5033.16
-5046.28
-5046.3
-5033.15
-5007.25
-4969.19
-4919.86
-4879.99
-4920.26
-4951.45
-4972.59
-4983.31
-4983.32
-4972.59
-4951.42
-4920.28
-4879.96
-4840.08
-4871.36
-4895.58
-4912.04
-4920.36
-4920.36
-4912.04
-4895.59
-4871.39
-4840.09
-4800.18
-4822.48
-4839.73
-4851.49
-4857.42
-4857.42
-4851.49
-4839.76
-4822.51
-4800.22
-4760.3
-4773.62
-4783.92
-4790.95
-4794.49
-4794.5
-4790.95
-4783.93
-4773.63
-4760.33
-4720.4
-4724.76
-4728.13
-4730.44
-4731.6
-4731.6
-4730.44
-4728.13
-4724.75
-4720.41
-4931.33
-5016.68
-5082.64
-5127.5
-5150.21
-5150.23
-5127.51
-5082.62
-5016.69
-4931.35
-4890.35
-4966.64
-5025.58
-5065.75
-5086.04
-5086.04
-5065.71
-5025.59
-4966.65
-4890.35
-4850.3
-4917.67
-4969.67
-5005.12
-5023.02
-5023.02
-5005.09
-4969.7
-4917.69
-4850.33
-4810.39
-4868.74
-4913.79
-4944.45
-4959.99
-4959.99
-4944.46
-4913.81
-4868.76
-4810.41
-4770.51
-4819.84
-4857.95
-4883.85
-4897.01
-4897.01
-4883.87
-4857.95
-4819.84
-4770.47
-4730.65
-4770.94
-4802.12
-4823.29
-4834.03
-4834.03
-4823.29
-4802.1
-4770.94
-4730.6
-4690.74
-4722.03
-4746.25
-4762.71
-4771.06
-4771.05
-4762.72
-4746.25
-4722.05
-4690.75
-4650.85
-4673.14
-4690.4
-4702.15
-4708.09
-4708.1
-4702.17
-4690.41
-4673.17
-4650.89
-4610.98
-4624.29
-4634.59
-4641.62
-4645.17
-4645.18
-4641.63
-4634.6
-4624.29
-4611.01
-4571.09
-4575.46
-4578.83
-4581.14
-4582.3
-4582.31
-4581.13
-4578.83
-4575.43
-4571.09
-4777.8
-4863.26
-4929.28
-4974.21
-4996.97
-4996.99
-4974.23
-4929.26
-4863.24
-4777.83
-4736.96
-4813.31
-4872.31
-4912.51
-4932.83
-4932.86
-4912.48
-4872.31
-4813.32
-4736.96
-4696.94
-4764.33
-4816.39
-4851.85
-4869.8
-4869.8
-4851.85
-4816.43
-4764.37
-4696.95
-4657.08
-4715.46
-4760.54
-4791.22
-4806.79
-4806.77
-4791.25
-4760.57
-4715.49
-4657.07
-4617.24
-4666.59
-4704.73
-4730.68
-4743.83
-4743.82
-4730.68
-4704.73
-4666.58
-4617.18
-4577.42
-4617.75
-4648.93
-4670.14
-4680.87
-4680.87
-4670.12
-4648.89
-4617.7
-4577.36
-4537.56
-4568.86
-4593.07
-4609.56
-4617.91
-4617.9
-4609.55
-4593.06
-4568.84
-4537.54
-4497.68
-4519.99
-4537.25
-4549
-4554.95
-4554.95
-4549
-4537.24
-4519.98
-4497.7
-4457.82
-4471.15
-4481.47
-4488.49
-4492.04
-4492.05
-4488.49
-4481.45
-4471.13
-4457.85
-4417.96
-4422.33
-4425.73
-4428.03
-4429.2
-4429.2
-4428.02
-4425.71
-4422.31
-4417.95
-4620.81
-4706.35
-4772.41
-4817.42
-4840.2
-4840.22
-4817.45
-4772.42
-4706.3
-4620.82
-4580.12
-4656.54
-4715.58
-4755.8
-4776.16
-4776.17
-4755.79
-4715.56
-4656.52
-4580.1
-4540.13
-4607.56
-4659.66
-4695.13
-4713.11
-4713.12
-4695.15
-4659.66
-4607.59
-4540.12
-4500.33
-4558.71
-4603.84
-4634.55
-4650.11
-4650.12
-4634.56
-4603.86
-4558.75
-4500.32
-4460.52
-4509.89
-4548.05
-4574.03
-4587.19
-4587.19
-4574.04
-4548.05
-4509.88
-4460.5
-4420.75
-4461.09
-4492.26
-4513.52
-4524.28
-4524.28
-4513.52
-4492.25
-4461.04
-4420.71
-4380.94
-4412.27
-4436.48
-4452.98
-4461.34
-4461.35
-4452.98
-4436.46
-4412.21
-4380.91
-4341.09
-4363.42
-4380.7
-4392.45
-4398.41
-4398.41
-4392.45
-4380.67
-4363.39
-4341.1
-4301.26
-4314.6
-4324.95
-4331.97
-4335.53
-4335.53
-4331.96
-4324.92
-4314.58
-4301.27
-4261.42
-4265.81
-4269.22
-4271.53
-4272.71
-4272.71
-4271.52
-4269.2
-4265.78
-4261.4
-4461.06
-4546.65
-4612.74
-4657.84
-4680.62
-4680.63
-4657.83
-4612.77
-4546.63
-4461.09
-4420.55
-4497
-4556.07
-4596.3
-4616.68
-4616.69
-4596.3
-4556.05
-4497
-4420.52
-4380.6
-4448.04
-4500.19
-4535.67
-4553.66
-4553.66
-4535.67
-4500.17
-4448.07
-4380.58
-4340.84
-4399.22
-4444.39
-4475.11
-4490.68
-4490.69
-4475.13
-4444.41
-4399.28
-4340.86
-4301.04
-4350.4
-4388.57
-4414.59
-4427.75
-4427.76
-4414.63
-4388.63
-4350.44
-4301.07
-4261.3
-4301.65
-4332.83
-4354.12
-4364.9
-4364.91
-4354.15
-4332.86
-4301.63
-4261.32
-4221.54
-4252.9
-4277.12
-4293.64
-4302.03
-4302.03
-4293.64
-4277.1
-4252.84
-4221.55
-4181.74
-4204.09
-4221.39
-4233.15
-4239.13
-4239.13
-4233.15
-4221.37
-4204.06
-4181.74
-4141.92
-4155.29
-4165.66
-4172.69
-4176.27
-4176.27
-4172.69
-4165.65
-4155.29
-4141.93
-4102.09
-4106.51
-4109.94
-4112.26
-4113.44
-4113.45
-4112.27
-4109.94
-4106.52
-4102.09
-4299.3
-4384.87
-4451
-4496.09
-4518.86
-4518.86
-4496.07
-4451.04
-4384.93
-4299.33
-4258.96
-4335.39
-4394.47
-4434.69
-4455.05
-4455.06
-4434.69
-4394.47
-4335.41
-4258.91
-4219.03
-4286.48
-4338.62
-4374.09
-4392.09
-4392.09
-4374.11
-4338.6
-4286.46
-4218.98
-4179.28
-4237.7
-4282.86
-4313.59
-4329.17
-4329.17
-4313.62
-4282.87
-4237.7
-4179.3
-4139.5
-4188.88
-4227.07
-4253.09
-4266.27
-4266.28
-4253.13
-4227.11
-4188.9
-4139.56
-4099.77
-4140.14
-4171.36
-4192.67
-4203.45
-4203.46
-4192.69
-4171.38
-4140.14
-4099.82
-4060.05
-4091.44
-4115.7
-4132.25
-4140.63
-4140.62
-4132.24
-4115.67
-4091.4
-4060.05
-4020.3
-4042.7
-4060.02
-4071.8
-4077.78
-4077.76
-4071.78
-4059.99
-4042.65
-4020.26
-3980.5
-3993.9
-4004.3
-4011.34
-4014.92
-4014.91
-4011.33
-4004.29
-3993.9
-3980.48
-3940.67
-3945.12
-3948.56
-3950.89
-3952.08
-3952.08
-3950.9
-3948.56
-3945.14
-3940.67
-4136.13
-4221.68
-4287.78
-4332.82
-4355.61
-4355.6
-4332.83
-4287.83
-4221.73
-4136.11
-4095.91
-4172.33
-4231.37
-4271.58
-4291.94
-4291.93
-4271.59
-4231.37
-4172.32
-4095.85
-4055.98
-4123.44
-4175.56
-4211.04
-4229
-4229
-4211.04
-4175.53
-4123.39
-4055.95
-4016.26
-4074.71
-4119.87
-4150.62
-4166.18
-4166.17
-4150.6
-4119.83
-4074.67
-4016.28
-3976.5
-4025.9
-4064.1
-4090.13
-4103.3
-4103.3
-4090.13
-4064.1
-4025.9
-3976.56
-3936.79
-3977.17
-4008.41
-4029.7
-4040.47
-4040.48
-4029.71
-4008.42
-3977.18
-3936.83
-3897.09
-3928.5
-3952.78
-3969.32
-3977.68
-3977.69
-3969.32
-3952.78
-3928.49
-3897.09
-3857.36
-3879.78
-3897.13
-3908.93
-3914.9
-3914.9
-3908.92
-3897.12
-3879.78
-3857.34
-3817.59
-3831.02
-3841.42
-3848.5
-3852.09
-3852.08
-3848.49
-3841.42
-3831.03
-3817.58
-3777.78
-3782.25
-3785.71
-3788.06
-3789.25
-3789.25
-3788.06
-3785.71
-3782.27
-3777.79
-3972.05
-4057.56
-4123.67
-4168.67
-4191.45
-4191.45
-4168.65
-4123.68
-4057.57
-3971.99
-3931.95
-4008.33
-4067.36
-4107.56
-4127.92
-4127.9
-4107.55
-4067.35
-4008.29
-3931.87
-3892.02
-3959.46
-4011.55
-4047.02
-4064.98
-4064.97
-4047.01
-4011.5
-3959.38
-3891.98
-3852.3
-3910.77
-3955.91
-3986.66
-4002.23
-4002.21
-3986.63
-3955.84
-3910.68
-3852.33
-3812.54
-3861.99
-3900.17
-3926.21
-3939.39
-3939.37
-3926.18
-3900.15
-3861.96
-3812.62
-3772.81
-3813.25
-3844.49
-3865.77
-3876.54
-3876.54
-3865.77
-3844.52
-3813.29
-3772.9
-3733.14
-3764.56
-3788.87
-3805.4
-3813.75
-3813.75
-3805.4
-3788.9
-3764.61
-3733.18
-3693.44
-3715.87
-3733.23
-3745.04
-3751
-3751
-3745.04
-3733.24
-3715.9
-3693.45
-3653.68
-3667.12
-3677.54
-3684.63
-3688.21
-3688.21
-3684.63
-3677.55
-3667.16
-3653.71
-3613.89
-3618.37
-3621.84
-3624.21
-3625.4
-3625.4
-3624.21
-3621.86
-3618.41
-3613.94
-3807.43
-3892.91
-3959.01
-4003.98
-4026.79
-4026.82
-4003.98
-3959.02
-3892.92
-3807.37
-3767.4
-3843.76
-3902.79
-3942.99
-3963.36
-3963.35
-3942.96
-3902.79
-3843.73
-3767.31
-3727.46
-3794.86
-3846.95
-3882.43
-3900.38
-3900.37
-3882.41
-3846.93
-3794.78
-3727.39
-3687.72
-3746.21
-3791.34
-3822.1
-3837.63
-3837.62
-3822.07
-3791.28
-3746.12
-3687.74
-3647.99
-3697.48
-3735.64
-3761.67
-3774.82
-3774.81
-3761.65
-3735.62
-3697.45
-3648.07
-3608.28
-3648.74
-3679.97
-3701.24
-3712.01
-3712
-3701.25
-3680.02
-3648.79
-3608.36
-3568.62
-3600.04
-3624.36
-3640.86
-3649.24
-3649.24
-3640.88
-3624.39
-3600.11
-3568.66
-3528.93
-3551.36
-3568.72
-3580.52
-3586.49
-3586.49
-3580.52
-3568.72
-3551.38
-3528.94
-3489.19
-3502.63
-3513.04
-3520.13
-3523.71
-3523.71
-3520.12
-3513.03
-3502.64
-3489.19
-3449.41
-3453.89
-3457.37
-3459.74
-3460.94
-3460.94
-3459.74
-3457.37
-3453.9
-3449.44
-3642.53
-3728.02
-3794.11
-3839.09
-3861.89
-3861.89
-3839.03
-3794.04
-3727.96
-3642.47
-3602.52
-3678.89
-3737.94
-3778.14
-3798.51
-3798.5
-3778.1
-3737.9
-3678.84
-3602.47
-3562.57
-3629.95
-3682.03
-3717.51
-3735.48
-3735.48
-3717.53
-3682.02
-3629.9
-3562.53
-3522.81
-3581.28
-3626.41
-3657.16
-3672.71
-3672.71
-3657.17
-3626.41
-3581.27
-3522.86
-3483.1
-3532.59
-3570.76
-3596.76
-3609.91
-3609.91
-3596.77
-3570.78
-3532.63
-3483.21
-3443.42
-3483.88
-3515.12
-3536.39
-3547.16
-3547.16
-3536.4
-3515.18
-3483.95
-3443.5
-3403.76
-3435.18
-3459.5
-3476.03
-3484.4
-3484.4
-3476.04
-3459.53
-3435.23
-3403.79
-3364.09
-3386.49
-3403.84
-3415.63
-3421.6
-3421.61
-3415.64
-3403.85
-3386.51
-3364.06
-3324.37
-3337.8
-3348.17
-3355.25
-3358.84
-3358.84
-3355.26
-3348.18
-3337.78
-3324.34
-3284.59
-3289.06
-3292.53
-3294.92
-3296.12
-3296.12
-3294.92
-3292.55
-3289.07
-3284.6
-3477.57
-3563
-3629.05
-3674.02
-3696.79
-3696.77
-3673.97
-3628.95
-3562.93
-3477.5
-3437.57
-3513.93
-3572.95
-3613.14
-3633.48
-3633.46
-3613.1
-3572.86
-3513.87
-3437.53
-3397.58
-3464.95
-3517.02
-3552.49
-3570.44
-3570.43
-3552.46
-3516.97
-3464.93
-3397.56
-3357.79
-3416.24
-3461.37
-3492.1
-3507.67
-3507.67
-3492.11
-3461.41
-3416.28
-3357.83
-3318.07
-3367.56
-3405.74
-3431.71
-3444.88
-3444.89
-3431.73
-3405.79
-3367.62
-3318.18
-3278.4
-3318.85
-3350.1
-3371.37
-3382.14
-3382.15
-3371.39
-3350.14
-3318.91
-3278.47
-3238.76
-3270.14
-3294.45
-3311
-3319.37
-3319.38
-3311.01
-3294.48
-3270.19
-3238.76
-3199.09
-3221.45
-3238.79
-3250.59
-3256.58
-3256.58
-3250.61
-3238.8
-3221.47
-3199.05
-3159.38
-3172.77
-3183.15
-3190.23
-3193.82
-3193.82
-3190.24
-3183.17
-3172.77
-3159.35
-3119.61
-3124.09
-3127.54
-3129.92
-3131.12
-3131.12
-3129.92
-3127.56
-3124.09
-3119.62
-3312.46
-3397.88
-3463.88
-3508.8
-3531.52
-3531.49
-3508.79
-3463.82
-3397.85
-3312.47
-3272.5
-3348.86
-3407.84
-3448
-3468.29
-3468.27
-3447.99
-3407.8
-3348.83
-3272.52
-3232.54
-3299.88
-3351.91
-3387.35
-3405.28
-3405.27
-3387.34
-3351.9
-3299.89
-3232.53
-3192.74
-3251.14
-3296.27
-3327
-3342.57
-3342.59
-3327
-3296.32
-3251.21
-3192.74
-3153.02
-3202.47
-3240.65
-3266.63
-3279.82
-3279.84
-3266.64
-3240.69
-3202.52
-3153.07
-3113.35
-3153.77
-3185.01
-3206.29
-3217.07
-3217.08
-3206.3
-3185.02
-3153.8
-3113.38
-3073.7
-3105.07
-3129.35
-3145.91
-3154.3
-3154.3
-3145.92
-3129.36
-3105.09
-3073.68
-3034.03
-3056.39
-3073.71
-3085.53
-3091.52
-3091.52
-3085.54
-3073.73
-3056.39
-3034
-2994.32
-3007.73
-3018.12
-3025.2
-3028.78
-3028.79
-3025.21
-3018.12
-3007.71
-2994.31
-2954.57
-2959.07
-2962.52
-2964.88
-2966.07
-2966.07
-2964.87
-2962.51
-2959.03
-2954.56
-3147.37
-3232.74
-3298.65
-3343.47
-3366.14
-3366.13
-3343.5
-3298.64
-3232.69
-3147.39
-3107.47
-3183.79
-3242.7
-3282.81
-3303.09
-3303.09
-3282.8
-3242.68
-3183.75
-3107.47
-3067.54
-3134.86
-3186.84
-3222.22
-3240.13
-3240.14
-3222.19
-3186.83
-3134.85
-3067.49
-3027.69
-3086.06
-3131.21
-3161.91
-3177.45
-3177.46
-3161.9
-3131.2
-3086.09
-3027.63
-2987.94
-3037.34
-3075.54
-3101.54
-3114.7
-3114.72
-3101.55
-3075.54
-3037.36
-2987.94
-2948.26
-2988.64
-3019.87
-3041.14
-3051.91
-3051.91
-3041.15
-3019.87
-2988.66
-2948.27
-2908.62
-2939.98
-2964.24
-2980.78
-2989.15
-2989.16
-2980.79
-2964.24
-2939.98
-2908.61
-2868.97
-2891.34
-2908.65
-2920.46
-2926.44
-2926.44
-2920.47
-2908.66
-2891.32
-2868.95
-2829.27
-2842.69
-2853.08
-2860.16
-2863.73
-2863.73
-2860.15
-2853.07
-2842.66
-2829.24
-2789.51
-2794.01
-2797.46
-2799.8
-2800.99
-2800.98
-2799.79
-2797.44
-2793.98
-2789.48
-2982.3
-3067.61
-3133.44
-3178.21
-3200.9
-3200.89
-3178.22
-3133.43
-3067.57
-2982.3
-2942.42
-3018.69
-3077.57
-3117.64
-3137.92
-3137.91
-3117.63
-3077.56
-3018.67
-2942.42
-2902.5
-2969.78
-3021.72
-3057.08
-3074.97
-3074.97
-3057.07
-3021.72
-2969.77
-2902.49
-2862.62
-2920.98
-2966.08
-2996.76
-3012.29
-3012.3
-2996.76
-2966.09
-2920.99
-2862.61
-2822.86
-2872.23
-2910.44
-2936.41
-2949.56
-2949.57
-2936.42
-2910.44
-2872.27
-2822.9
-2783.17
-2823.53
-2854.75
-2876.01
-2886.77
-2886.78
-2876.02
-2854.76
-2823.57
-2783.21
-2743.52
-2774.89
-2799.13
-2815.67
-2824.04
-2824.05
-2815.68
-2799.15
-2774.91
-2743.54
-2703.88
-2726.26
-2743.57
-2755.39
-2761.36
-2761.36
-2755.39
-2743.58
-2726.26
-2703.88
-2664.18
-2677.6
-2687.98
-2695.05
-2698.63
-2698.64
-2695.05
-2687.98
-2677.59
-2664.16
-2624.41
-2628.9
-2632.34
-2634.67
-2635.87
-2635.87
-2634.68
-2632.33
-2628.88
-2624.39
-2817.13
-2902.42
-2968.23
-3013.05
-3035.8
-3035.8
-3013.06
-2968.24
-2902.46
-2817.15
-2777.29
-2853.56
-2912.43
-2952.49
-2972.82
-2972.81
-2952.49
-2912.44
-2853.56
-2777.3
-2737.38
-2804.63
-2856.59
-2891.93
-2909.84
-2909.84
-2891.93
-2856.6
-2804.61
-2737.39
-2697.5
-2755.83
-2800.91
-2831.57
-2847.06
-2847.06
-2831.57
-2800.93
-2755.84
-2697.52
-2657.75
-2707.12
-2745.26
-2771.24
-2784.33
-2784.34
-2771.26
-2745.29
-2707.15
-2657.77
-2618.03
-2658.4
-2689.61
-2710.88
-2721.62
-2721.62
-2710.89
-2689.63
-2658.42
-2618.06
-2578.36
-2609.75
-2634.03
-2650.56
-2658.93
-2658.92
-2650.56
-2634.03
-2609.75
-2578.39
-2538.7
-2561.12
-2578.45
-2590.24
-2596.23
-2596.23
-2590.24
-2578.45
-2561.11
-2538.71
-2498.99
-2512.44
-2522.82
-2529.88
-2533.47
-2533.47
-2529.87
-2522.82
-2512.44
-2498.99
-2459.24
-2463.72
-2467.16
-2469.5
-2470.71
-2470.71
-2469.5
-2467.16
-2463.71
-2459.24
-2651.85
-2737.21
-2803.08
-2848.03
-2870.78
-2870.79
-2848.04
-2803.09
-2737.24
-2651.9
-2612.04
-2688.33
-2747.29
-2787.39
-2807.72
-2807.73
-2787.41
-2747.3
-2688.35
-2612.07
-2572.11
-2639.36
-2691.39
-2726.78
-2744.71
-2744.71
-2726.79
-2691.41
-2639.38
-2572.13
-2532.26
-2590.57
-2635.62
-2666.3
-2681.84
-2681.85
-2666.31
-2635.64
-2590.59
-2532.28
-2492.54
-2541.91
-2579.99
-2605.96
-2619.1
-2619.11
-2605.96
-2580
-2541.92
-2492.56
-2452.81
-2493.19
-2524.4
-2545.67
-2556.41
-2556.41
-2545.66
-2524.4
-2493.2
-2452.83
-2413.12
-2444.52
-2468.83
-2485.35
-2493.72
-2493.71
-2485.34
-2468.81
-2444.52
-2413.13
-2373.46
-2395.88
-2413.21
-2424.99
-2430.97
-2430.97
-2424.98
-2413.2
-2395.87
-2373.45
-2333.75
-2347.2
-2357.56
-2364.6
-2368.19
-2368.19
-2364.6
-2357.54
-2347.18
-2333.75
-2293.99
-2298.47
-2301.91
-2304.25
-2305.46
-2305.46
-2304.26
-2301.91
-2298.46
-2294
-2486.58
-2571.91
-2637.92
-2682.91
-2705.65
-2705.66
-2682.95
-2637.99
-2571.94
-2486.62
-2446.71
-2523.03
-2582.02
-2622.2
-2642.54
-2642.55
-2622.24
-2582.06
-2523.05
-2446.76
-2406.76
-2474.06
-2526.09
-2561.5
-2579.43
-2579.44
-2561.52
-2526.09
-2474.07
-2406.77
-2366.9
-2425.22
-2470.27
-2500.98
-2516.53
-2516.54
-2500.99
-2470.26
-2425.22
-2366.87
-2327.17
-2376.57
-2414.66
-2440.63
-2453.79
-2453.79
-2440.63
-2414.64
-2376.58
-2327.17
-2287.46
-2327.9
-2359.09
-2380.34
-2391.1
-2391.09
-2380.31
-2359.08
-2327.91
-2287.46
-2247.75
-2279.21
-2303.49
-2320.01
-2328.39
-2328.38
-2319.99
-2303.47
-2279.2
-2247.76
-2208.05
-2230.52
-2247.84
-2259.63
-2265.62
-2265.61
-2259.62
-2247.82
-2230.5
-2208.07
-2168.36
-2181.81
-2192.17
-2199.25
-2202.84
-2202.83
-2199.24
-2192.16
-2181.8
-2168.39
-2128.65
-2133.1
-2136.56
-2138.92
-2140.12
-2140.12
-2138.92
-2136.56
-2133.1
-2128.67
-2321.24
-2406.59
-2472.63
-2517.43
-2540.03
-2540.03
-2517.42
-2472.62
-2406.57
-2321.23
-2281.35
-2357.67
-2416.64
-2456.72
-2476.99
-2476.98
-2456.71
-2416.62
-2357.64
-2281.33
-2241.33
-2308.69
-2360.65
-2396.02
-2413.9
-2413.9
-2396
-2360.62
-2308.67
-2241.31
-2201.39
-2259.74
-2304.81
-2335.55
-2351.09
-2351.09
-2335.54
-2304.81
-2259.74
-2201.38
-2161.69
-2211.06
-2249.2
-2275.22
-2288.39
-2288.39
-2275.23
-2249.21
-2211.06
-2161.67
-2122.03
-2162.44
-2193.64
-2214.87
-2225.65
-2225.65
-2214.86
-2193.62
-2162.43
-2122.01
-2082.32
-2113.78
-2138.03
-2154.52
-2162.9
-2162.89
-2154.5
-2138
-2113.75
-2082.32
-2042.62
-2065.07
-2082.38
-2094.17
-2100.13
-2100.12
-2094.16
-2082.36
-2065.05
-2042.62
-2002.93
-2016.36
-2026.74
-2033.83
-2037.4
-2037.4
-2033.84
-2026.74
-2016.36
-2002.94
-1963.24
-1967.68
-1971.16
-1973.55
-1974.73
-1974.73
-1973.56
-1971.17
-1967.69
-1963.25
-2155.68
-2240.99
-2306.82
-2351.37
-2373.97
-2373.96
-2351.34
-2306.79
-2240.97
-2155.65
-2115.77
-2192.06
-2250.87
-2290.89
-2311.11
-2311.1
-2290.85
-2250.83
-2192.04
-2115.74
-2075.8
-2143.12
-2194.93
-2230.23
-2248.08
-2248.06
-2230.19
-2194.91
-2143.09
-2075.78
-2035.82
-2094.14
-2139.18
-2169.8
-2185.29
-2185.29
-2169.77
-2139.18
-2094.12
-2035.79
-1996.03
-2045.37
-2083.57
-2109.49
-2122.61
-2122.62
-2109.51
-2083.58
-2045.36
-1995.99
-1956.36
-1996.71
-2027.93
-2049.11
-2059.86
-2059.87
-2049.18
-2027.92
-1996.69
-1956.33
-1916.67
-1948.05
-1972.3
-1988.78
-1997.12
-1997.12
-1988.79
-1972.27
-1948.02
-1916.64
-1876.98
-1899.36
-1916.67
-1928.5
-1934.42
-1934.42
-1928.48
-1916.66
-1899.35
-1876.96
-1837.33
-1850.71
-1861.1
-1868.26
-1871.78
-1871.78
-1868.24
-1861.12
-1850.7
-1837.33
-1797.63
-1802.08
-1805.57
-1807.98
-1809.15
-1809.15
-1807.97
-1805.59
-1802.1
-1797.64
-1989.61
-2074.82
-2140.33
-2184.92
-2207.53
-2207.52
-2184.88
-2140.29
-2074.8
-1989.58
-1949.74
-2025.93
-2084.64
-2124.59
-2144.84
-2144.83
-2124.55
-2084.59
-2025.88
-1949.71
-1909.89
-1977.06
-2028.77
-2063.97
-2081.88
-2081.88
-2063.94
-2028.72
-1977
-1909.86
-1869.94
-1928.14
-1973.05
-2003.52
-2019.01
-2019.01
-2003.51
-1973.03
-1928.12
-1869.91
-1830.07
-1879.35
-1917.46
-1943.29
-1956.34
-1956.34
-1943.3
-1917.45
-1879.34
-1830.07
-1790.38
-1830.66
-1861.84
-1883.01
-1893.67
-1893.67
-1883.02
-1861.84
-1830.67
-1790.4
-1750.75
-1782.01
-1806.23
-1822.7
-1831.01
-1831.01
-1822.72
-1806.24
-1782.03
-1750.79
-1711.13
-1733.41
-1750.69
-1762.47
-1768.43
-1768.43
-1762.49
-1750.71
-1733.43
-1711.15
-1671.5
-1684.85
-1695.22
-1702.32
-1705.88
-1705.88
-1702.32
-1695.25
-1684.87
-1671.53
-1631.83
-1636.28
-1639.75
-1642.09
-1643.27
-1643.27
-1642.09
-1639.75
-1636.29
-1631.84
-1823.1
-1908.01
-1973.25
-2017.85
-2040.44
-2040.43
-2017.83
-1973.2
-1907.94
-1823.05
-1783.31
-1859.26
-1917.84
-1957.7
-1977.85
-1977.84
-1957.68
-1917.79
-1859.21
-1783.26
-1743.55
-1810.42
-1862.12
-1897.29
-1915.06
-1915.06
-1897.28
-1862.09
-1810.37
-1743.5
-1703.74
-1761.69
-1806.41
-1836.81
-1852.22
-1852.21
-1836.82
-1806.39
-1761.65
-1703.69
-1663.9
-1712.99
-1750.86
-1776.6
-1789.63
-1789.63
-1776.59
-1750.85
-1712.96
-1663.86
-1624.22
-1664.35
-1695.36
-1716.46
-1727.13
-1727.13
-1716.43
-1695.35
-1664.33
-1624.2
-1584.64
-1615.79
-1639.9
-1656.36
-1664.67
-1664.67
-1656.35
-1639.92
-1615.79
-1584.64
-1545.1
-1567.3
-1584.52
-1596.27
-1602.22
-1602.23
-1596.27
-1584.53
-1567.3
-1545.08
-1505.5
-1518.82
-1529.15
-1536.15
-1539.73
-1539.73
-1536.13
-1529.12
-1518.81
-1505.47
-1465.82
-1470.29
-1473.69
-1475.98
-1477.16
-1477.15
-1475.95
-1473.64
-1470.26
-1465.79
-1656.2
-1740.69
-1805.79
-1850.62
-1873.15
-1873.12
-1850.6
-1805.75
-1740.64
-1656.12
-1616.52
-1692.2
-1750.53
-1790.15
-1810.13
-1810.11
-1790.14
-1750.5
-1692.17
-1616.45
-1576.77
-1643.37
-1694.91
-1729.89
-1747.54
-1747.51
-1729.87
-1694.89
-1643.34
-1576.71
-1537.11
-1594.69
-1639.2
-1669.57
-1684.92
-1684.89
-1669.55
-1639.19
-1594.66
-1537.06
-1497.43
-1546.22
-1583.81
-1609.46
-1622.46
-1622.45
-1609.44
-1583.78
-1546.18
-1497.38
-1457.78
-1497.75
-1528.56
-1549.52
-1560.14
-1560.16
-1549.5
-1528.53
-1497.72
-1457.76
-1418.23
-1449.32
-1473.32
-1489.67
-1497.93
-1497.94
-1489.65
-1473.32
-1449.32
-1418.25
-1378.78
-1400.96
-1418.11
-1429.75
-1435.69
-1435.69
-1429.74
-1418.1
-1400.97
-1378.77
-1339.25
-1352.56
-1362.81
-1369.7
-1373.31
-1373.32
-1369.7
-1362.77
-1352.52
-1339.21
-1299.59
-1304.04
-1307.4
-1309.64
-1310.85
-1310.85
-1309.64
-1307.37
-1303.99
-1299.56
-1489.13
-1573.37
-1638.4
-1682.83
-1704.98
-1704.95
-1682.83
-1638.38
-1573.31
-1489.07
-1449.61
-1524.95
-1582.79
-1622.21
-1641.99
-1641.97
-1622.2
-1582.74
-1524.92
-1449.57
-1409.92
-1476.17
-1527.34
-1562.08
-1579.46
-1579.44
-1562.05
-1527.31
-1476.17
-1409.87
-1370.32
-1427.56
-1471.85
-1502.05
-1517.18
-1517.16
-1502.02
-1471.84
-1427.54
-1370.25
-1330.75
-1379.18
-1416.58
-1442.16
-1455.02
-1455.01
-1442.13
-1416.55
-1379.14
-1330.69
-1291.28
-1330.97
-1361.53
-1382.41
-1392.98
-1392.96
-1382.36
-1361.49
-1330.93
-1291.23
-1251.86
-1282.78
-1306.57
-1322.77
-1331.03
-1331.01
-1322.71
-1306.51
-1282.74
-1251.8
-1212.46
-1234.57
-1251.58
-1263.13
-1268.99
-1268.98
-1263.09
-1251.51
-1234.49
-1212.37
-1172.99
-1186.26
-1196.45
-1203.32
-1206.8
-1206.79
-1203.3
-1196.38
-1186.16
-1172.91
-1133.43
-1137.85
-1141.22
-1143.46
-1144.6
-1144.6
-1143.43
-1141.15
-1137.8
-1133.38
-1322.18
-1405.83
-1470.36
-1513.86
-1534.91
-1534.87
-1513.79
-1470.28
-1405.72
-1322.06
-1282.82
-1357.36
-1414.4
-1453.19
-1472.43
-1472.41
-1453.13
-1414.3
-1357.23
-1282.71
-1243.19
-1308.83
-1358.98
-1393.01
-1410.06
-1410.04
-1392.94
-1358.87
-1308.73
-1243.08
-1203.54
-1260.31
-1303.93
-1333.49
-1348.3
-1348.31
-1333.42
-1303.83
-1260.21
-1203.43
-1164.03
-1212.02
-1248.98
-1274.14
-1286.8
-1286.77
-1274.06
-1248.88
-1211.93
-1163.95
-1124.74
-1164.03
-1194.22
-1214.8
-1225.28
-1225.21
-1214.72
-1194.11
-1163.94
-1124.67
-1085.55
-1116.15
-1139.56
-1155.5
-1163.62
-1163.58
-1155.43
-1139.45
-1116.02
-1085.37
-1046.29
-1068.18
-1084.93
-1096.24
-1101.95
-1101.91
-1096.19
-1084.81
-1068.03
-1046.1
-1007.03
-1020.1
-1030.17
-1036.96
-1040.29
-1040.27
-1036.92
-1030.08
-1019.98
-1006.87
-967.73
-972.017
-975.32
-977.588
-978.667
-978.66
-977.571
-975.282
-971.956
-967.598
-1154.58
-1236.7
-1299.45
-1339.27
-1356.62
-1356.51
-1339.03
-1299.24
-1236.48
-1154.48
-1115.16
-1187.86
-1243.4
-1280.34
-1298.04
-1297.95
-1280.18
-1243.23
-1187.68
-1115.03
-1075.71
-1139.72
-1188.14
-1220.82
-1236.67
-1236.59
-1220.69
-1188
-1139.59
-1075.57
-1036.31
-1091.75
-1133.74
-1161.95
-1175.8
-1175.74
-1161.86
-1133.62
-1091.64
-1036.16
-997.099
-1043.86
-1079.56
-1103.58
-1115.47
-1115.42
-1103.52
-1079.46
-1043.73
-996.909
-958.112
-996.357
-1025.56
-1045.34
-1055.18
-1055.16
-1045.32
-1025.47
-996.184
-957.86
-919.278
-949.068
-971.698
-986.993
-994.668
-994.67
-986.979
-971.558
-948.815
-918.987
-880.495
-901.71
-917.812
-928.659
-934.077
-934.065
-928.618
-917.666
-901.444
-880.189
-841.764
-854.353
-863.901
-870.371
-873.52
-873.505
-870.312
-863.818
-854.156
-841.482
-803.01
-807.033
-810.066
-812.097
-813.004
-812.981
-812.027
-809.982
-806.889
-802.817
-985.235
-1062.93
-1120.3
-1149.55
-1158.68
-1158.41
-1148.66
-1119.39
-1062.33
-984.913
-945.495
-1014.42
-1065.88
-1098.58
-1111.85
-1111.57
-1097.89
-1065.2
-1013.89
-945.142
-906.4
-966.72
-1011.48
-1040.4
-1052.78
-1052.54
-1039.85
-1010.91
-966.207
-905.998
-867.662
-919.692
-958.101
-982.906
-993.915
-993.724
-982.499
-957.632
-919.256
-867.201
-829.176
-872.995
-905.465
-926.425
-936.031
-935.902
-926.174
-905.129
-872.595
-828.612
-791.036
-826.71
-853.332
-870.709
-878.826
-878.766
-870.582
-853.062
-826.253
-790.379
-753.149
-780.744
-801.328
-814.977
-821.457
-821.452
-814.897
-801.053
-780.212
-752.448
-715.382
-734.857
-749.319
-758.949
-763.579
-763.601
-758.872
-749.031
-734.316
-714.723
-677.697
-689.038
-697.373
-702.85
-705.524
-705.52
-702.722
-697.051
-688.479
-677.091
-639.848
-643.236
-645.448
-646.747
-647.366
-647.301
-646.515
-645.044
-642.635
-639.266
-816.705
-886.062
-929.138
-937.537
-934.309
-933.265
-934.482
-925.836
-883.963
-815.574
-776.919
-838.648
-881.661
-902.381
-905.29
-904.299
-899.733
-879.166
-836.709
-775.759
-738.066
-791.772
-829.346
-849.726
-856.147
-855.321
-847.625
-827.206
-790.016
-736.889
-700.378
-746.172
-777.984
-796.072
-802.579
-801.9
-794.448
-776.247
-744.649
-699.16
-663.215
-701.474
-727.954
-743.447
-749.423
-748.97
-742.303
-726.613
-700.101
-661.865
-626.373
-657.465
-679.167
-692.048
-697.285
-697.013
-691.255
-678.124
-656.158
-624.995
-589.94
-613.853
-630.739
-641.046
-645.376
-645.212
-640.487
-629.923
-612.702
-588.731
-553.718
-570.359
-582.109
-589.468
-592.725
-592.63
-589.07
-581.489
-569.463
-552.818
-517.437
-526.849
-533.291
-537.226
-539.207
-539.1
-536.905
-532.765
-526.123
-516.695
-480.856
-483.247
-484.235
-484.601
-484.776
-484.64
-484.281
-483.707
-482.605
-480.143
-655.464
-713.274
-738.747
-739.087
-737.965
-736.778
-735.729
-734.664
-710.527
-653.506
-616.905
-669.292
-704.035
-715.561
-720.217
-719.185
-712.857
-701.236
-666.756
-615.033
-579.222
-624.534
-656.041
-672.813
-682.979
-682.087
-670.943
-653.801
-622.118
-577.477
-542.925
-581.286
-607.839
-622.831
-631.44
-630.782
-621.232
-605.876
-579.148
-541.358
-507.53
-539.414
-561.13
-573.899
-580.55
-580.11
-572.581
-559.498
-537.62
-506.113
-472.863
-498.598
-516.016
-526.451
-531.6
-531.183
-525.365
-514.728
-497.167
-471.683
-438.792
-458.461
-471.919
-479.926
-483.795
-483.45
-479.076
-470.987
-457.529
-438.007
-404.916
-418.584
-427.92
-433.439
-436.098
-435.861
-432.852
-427.292
-418.118
-404.528
-370.806
-378.598
-383.435
-386.187
-387.491
-387.359
-385.813
-382.951
-378.284
-370.596
-336.309
-338.177
-338.239
-337.961
-337.811
-337.722
-337.737
-337.992
-337.971
-335.999
-518.831
-568.561
-586.654
-592.492
-596.444
-595.848
-591.496
-585.362
-568.331
-517.339
-483.794
-532.172
-563.728
-579.732
-588.205
-587.735
-579.777
-563.527
-532.302
-482.383
-448.436
-490.142
-522.338
-546.32
-559.59
-559.661
-547.266
-522.922
-489.993
-447.185
-413.869
-448.905
-475.885
-496.083
-509.09
-509.679
-496.93
-476.018
-448.528
-412.887
-380.605
-409.339
-431.155
-446.842
-456.464
-456.674
-447.113
-430.975
-409.001
-380.016
-348.321
-371.303
-388.219
-400.003
-406.904
-406.925
-399.925
-388.009
-371.197
-348.126
-316.783
-334.307
-346.824
-355.268
-360.113
-359.991
-355.122
-346.747
-334.435
-316.89
-285.513
-297.794
-306.194
-311.764
-314.996
-314.762
-311.64
-306.253
-298.038
-285.704
-253.804
-260.944
-265.372
-268.162
-269.567
-269.43
-268.131
-265.462
-261.231
-254.058
-221.37
-223.4
-223.684
-223.529
-223.181
-223.144
-223.582
-223.847
-223.822
-221.688
-297.789
-309.92
-313.056
-322.683
-327.587
-328.137
-324.366
-314.728
-311.104
-296.29
-268.522
-286.478
-298.616
-312.477
-315.282
-315.912
-313.984
-301.559
-288.306
-267.017
-241.815
-257.365
-272.078
-288.883
-296.004
-297.255
-291.277
-274.905
-258.719
-240.507
-216.955
-229.771
-242.058
-256.987
-265.965
-267.154
-259.325
-243.842
-230.462
-215.999
-193.96
-203.754
-213.249
-223.791
-230.349
-231.045
-225.069
-214.238
-204.143
-193.372
-172.632
-179.545
-185.846
-192.737
-197.201
-197.565
-193.372
-186.329
-179.8
-172.265
-152.518
-157.215
-160.841
-164.742
-167.511
-167.581
-165.011
-161.033
-157.372
-152.259
-133.238
-136.25
-137.93
-139.625
-140.908
-140.82
-139.695
-137.949
-136.319
-132.934
-114.034
-115.735
-116.001
-116.261
-116.29
-116.161
-116.269
-115.981
-115.732
-113.778
-93.8157
-94.787
-93.7186
-92.9637
-92.2933
-92.2438
-92.9606
-93.8079
-94.8961
-93.8653
-285.569
-272.926
-260.616
-258.239
-256.093
-256.219
-258.272
-260.464
-271.274
-284.34
-270.012
-266.184
-257.011
-251.16
-248.084
-248.223
-251.016
-256.455
-264.928
-269.646
-245.931
-257.005
-252.092
-249.187
-246.947
-246.994
-249.408
-251.625
-256.404
-246.684
-215.988
-234.827
-242.027
-245.548
-243.213
-243.119
-245.537
-242.383
-235.478
-217.35
-186.684
-204.043
-216.034
-225.043
-227.225
-227.321
-225.408
-216.975
-205.158
-188.078
-159.226
-173.341
-183.34
-191.365
-195.325
-195.469
-191.81
-184.105
-174.526
-160.415
-133.315
-143.792
-151.051
-157.015
-159.975
-160.104
-157.341
-151.645
-144.806
-133.783
-108.174
-115.179
-119.346
-123.006
-124.891
-124.985
-123.266
-119.741
-115.635
-107.976
-83.1463
-86.884
-88.0022
-89.4398
-90.157
-90.2012
-89.6338
-88.2947
-86.9813
-82.8611
-57.8633
-58.7106
-57.2436
-56.55
-56.0569
-56.1443
-56.7917
-57.5564
-58.8031
-57.8812
-6245.13
-6124.64
-5992.07
-5850.55
-5703.49
-5554.48
-5407.03
-5264.59
-5130.76
-5008.65
-6222.53
-6107.96
-5982.52
-5848.97
-5710.31
-5569.65
-5430.21
-5295.17
-5167.65
-5050.6
-6196.4
-6087.38
-5968.77
-5842.95
-5712.54
-5580.28
-5449.02
-5321.57
-5200.7
-5089.07
-6168.46
-6065.05
-5953.29
-5835.2
-5713.04
-5589.19
-5466.11
-5346.26
-5232.03
-5125.77
-6140.11
-6042.32
-5937.38
-5827
-5713.1
-5597.65
-5482.76
-5370.51
-5262.94
-5162.04
-6111.46
-6019.28
-5921.14
-5818.45
-5712.77
-5605.73
-5499.04
-5394.42
-5293.55
-5198.04
-6082.47
-5995.86
-5904.49
-5809.48
-5712.01
-5613.37
-5514.9
-5417.92
-5323.77
-5233.7
-6053.12
-5972.05
-5887.44
-5800.08
-5710.82
-5620.59
-5530.34
-5441.02
-5353.61
-5269.01
-6023.4
-5947.88
-5870.01
-5790.28
-5709.23
-5627.41
-5545.38
-5463.74
-5383.08
-5303.97
-5993.31
-5923.38
-5852.23
-5780.13
-5707.27
-5633.85
-5560.06
-5486.12
-5412.24
-5338.58
-6115.51
-5994.27
-5861.01
-5719.03
-5571.75
-5422.68
-5275.39
-5133.45
-5000.27
-4878.91
-6084.02
-5968.33
-5841.9
-5707.64
-5568.6
-5427.95
-5288.87
-5154.54
-5028.01
-4912.08
-6050.97
-5940.63
-5820.87
-5694.21
-5563.36
-5431.11
-5300.29
-5173.68
-5053.97
-4943.66
-6018.42
-5913.55
-5800.55
-5681.56
-5558.94
-5435.09
-5312.48
-5193.52
-5080.54
-4975.72
-5986.2
-5886.87
-5780.64
-5669.33
-5554.94
-5439.5
-5325.09
-5213.77
-5107.49
-5008.13
-5954.06
-5860.28
-5760.82
-5657.21
-5551.04
-5444
-5337.79
-5234.11
-5134.53
-5040.63
-5921.95
-5833.71
-5741.04
-5645.1
-5547.17
-5448.54
-5350.53
-5254.47
-5161.62
-5073.17
-5889.87
-5807.17
-5721.28
-5633.03
-5543.32
-5453.09
-5363.29
-5274.86
-5188.72
-5105.74
-5857.79
-5780.65
-5701.54
-5620.96
-5539.48
-5457.65
-5376.05
-5295.27
-5215.85
-5138.34
-5825.69
-5754.13
-5681.78
-5608.88
-5535.63
-5462.21
-5388.81
-5315.66
-5242.98
-5170.95
-5969.79
-5848.59
-5715.47
-5573.63
-5426.42
-5277.34
-5129.96
-4987.92
-4854.62
-4733.21
-5937.41
-5821.8
-5695.51
-5561.37
-5422.39
-5281.72
-5142.58
-5008.14
-4881.49
-4765.47
-5905.05
-5794.89
-5675.31
-5548.8
-5418.01
-5285.75
-5154.83
-5028.1
-4908.23
-4797.73
-5873.2
-5768.53
-5655.69
-5536.83
-5414.25
-5290.39
-5167.7
-5048.62
-4935.5
-4830.5
-5841.28
-5742.08
-5635.96
-5524.73
-5410.36
-5294.9
-5180.45
-5069.05
-4962.68
-4863.21
-5809.19
-5715.47
-5616.06
-5512.47
-5406.31
-5299.27
-5193.04
-5089.32
-4989.71
-4895.76
-5777.03
-5688.8
-5596.13
-5500.17
-5402.22
-5303.59
-5205.59
-5109.53
-5016.68
-4928.25
-5744.86
-5662.12
-5576.18
-5487.87
-5398.13
-5307.9
-5218.12
-5129.73
-5043.64
-4960.72
-5712.65
-5635.42
-5556.21
-5475.55
-5394.03
-5312.2
-5230.64
-5149.92
-5070.59
-4993.19
-5680.4
-5608.69
-5536.22
-5463.22
-5389.92
-5316.49
-5243.14
-5170.09
-5097.52
-5025.64
-5818.38
-5696.97
-5563.66
-5421.7
-5274.41
-5125.31
-4978.01
-4836.11
-4702.99
-4581.8
-5785.54
-5669.82
-5543.4
-5409.19
-5270.16
-5129.47
-4990.36
-4856.02
-4729.49
-4613.58
-5753.49
-5643.32
-5523.69
-5397.15
-5266.35
-5134.07
-5003.16
-4876.46
-4756.64
-4646.16
-5721.81
-5617.16
-5504.33
-5385.46
-5262.88
-5139.02
-5016.32
-4897.23
-4784.12
-4679.11
-5690.02
-5590.86
-5484.79
-5373.58
-5259.21
-5143.76
-5029.29
-4917.85
-4811.46
-4711.94
-5658.1
-5564.45
-5465.11
-5361.55
-5255.41
-5148.37
-5042.12
-4938.34
-4838.68
-4744.66
-5626.13
-5537.99
-5445.39
-5349.5
-5251.59
-5152.95
-5054.91
-4958.79
-4865.86
-4777.34
-5594.13
-5511.5
-5425.66
-5337.42
-5247.72
-5157.49
-5067.67
-4979.21
-4893.02
-4809.99
-5562.09
-5484.99
-5405.88
-5325.31
-5243.82
-5161.99
-5080.4
-4999.59
-4920.15
-4842.63
-5529.99
-5458.43
-5386.08
-5313.16
-5239.88
-5166.46
-5093.08
-5019.95
-4947.26
-4875.23
-5674.19
-5552.67
-5419.24
-5277.14
-5129.77
-4980.67
-4833.45
-4691.67
-4558.68
-4437.61
-5640.88
-5525.01
-5398.42
-5264.05
-5124.95
-4984.26
-4845.22
-4711.01
-4584.65
-4468.92
-5608.68
-5498.36
-5378.55
-5251.87
-5121
-4988.73
-4857.9
-4731.31
-4611.66
-4501.35
-5576.69
-5471.89
-5358.89
-5239.91
-5117.26
-4993.4
-4870.78
-4751.81
-4638.85
-4533.98
-5544.65
-5445.35
-5339.14
-5227.8
-5113.37
-4997.93
-4883.53
-4772.19
-4665.95
-4566.57
-5512.53
-5418.75
-5319.27
-5215.61
-5109.41
-5002.37
-4896.19
-4792.51
-4692.97
-4599.09
-5480.38
-5392.1
-5299.38
-5203.39
-5105.43
-5006.79
-4908.81
-4812.79
-4719.97
-4631.58
-5448.2
-5365.44
-5279.48
-5191.17
-5101.42
-5011.19
-4921.42
-4833.05
-4746.97
-4664.06
-5416.01
-5338.77
-5259.57
-5178.93
-5097.39
-5015.56
-4934.01
-4853.29
-4773.95
-4696.55
-5383.77
-5312.08
-5239.64
-5166.65
-5093.34
-5019.91
-4946.57
-4873.51
-4800.92
-4729.02
-5536.52
-5415
-5281.57
-5139.43
-4992.06
-4842.96
-4695.77
-4553.99
-4421
-4299.94
-5503
-5387.04
-5260.38
-5125.95
-4986.82
-4846.14
-4707.15
-4572.98
-4446.67
-4331.03
-5470.69
-5360.28
-5240.38
-5113.64
-4982.74
-4850.48
-4719.69
-4593.16
-4473.56
-4363.35
-5438.45
-5333.57
-5220.49
-5101.43
-4978.76
-4854.91
-4732.33
-4613.43
-4500.52
-4395.75
-5406.23
-5306.85
-5200.54
-5089.15
-4974.7
-4859.27
-4744.9
-4633.63
-4527.44
-4428.13
-5373.97
-5280.09
-5180.52
-5076.8
-4970.59
-4863.56
-4757.41
-4653.78
-4554.32
-4460.51
-5341.66
-5253.28
-5160.47
-5064.44
-4966.47
-4867.83
-4769.88
-4673.91
-4581.16
-4492.85
-5309.33
-5226.47
-5140.43
-5052.08
-4962.32
-4872.08
-4782.34
-4694.03
-4608.01
-4525.19
-5277
-5199.66
-5120.39
-5039.71
-4958.15
-4876.32
-4794.79
-4714.13
-4634.86
-4557.56
-5244.64
-5172.86
-5100.35
-5027.32
-4953.98
-4880.56
-4807.24
-4734.22
-4661.71
-4589.91
-5400.15
-5278.53
-5145.04
-5002.88
-4855.51
-4706.43
-4559.25
-4417.49
-4284.55
-4163.57
-5366.49
-5250.45
-5123.73
-4989.26
-4850.11
-4709.44
-4570.48
-4436.35
-4310.09
-4194.52
-5334.04
-5223.57
-5103.65
-4976.89
-4845.97
-4713.71
-4582.95
-4456.46
-4336.87
-4226.71
-5301.63
-5196.69
-5083.57
-4964.49
-4841.81
-4717.96
-4595.4
-4476.53
-4363.65
-4258.93
-5269.27
-5169.83
-5063.49
-4952.08
-4837.63
-4722.2
-4607.84
-4496.6
-4390.44
-4291.18
-5236.9
-5142.96
-5043.37
-4939.64
-4833.42
-4726.38
-4620.23
-4516.64
-4417.22
-4323.44
-5204.49
-5116.06
-5023.21
-4927.18
-4829.19
-4730.55
-4632.61
-4536.66
-4443.96
-4355.69
-5172.08
-5089.14
-5003.08
-4914.72
-4824.95
-4734.71
-4644.97
-4556.69
-4470.71
-4387.95
-5139.66
-5062.26
-4982.97
-4902.26
-4820.7
-4738.87
-4657.34
-4576.7
-4497.48
-4420.23
-5107.23
-5035.4
-4962.85
-4889.8
-4816.46
-4743.03
-4669.72
-4596.72
-4524.25
-4452.51
-5261.63
-5140.02
-5006.51
-4864.32
-4716.93
-4567.86
-4420.7
-4278.95
-4146.02
-4025.06
-5227.89
-5111.83
-4985.1
-4850.61
-4711.44
-4570.78
-4431.83
-4297.7
-4171.47
-4055.92
-5195.33
-5084.84
-4964.92
-4838.13
-4707.21
-4574.96
-4444.2
-4317.71
-4198.13
-4087.99
-5162.81
-5057.84
-4944.69
-4825.59
-4702.91
-4579.08
-4456.52
-4337.66
-4224.78
-4120.11
-5130.35
-5030.88
-4924.5
-4813.09
-4698.64
-4583.2
-4468.85
-4357.63
-4251.48
-4152.26
-5097.91
-5003.94
-4904.31
-4800.58
-4694.35
-4587.31
-4481.16
-4377.59
-4278.19
-4184.44
-5065.45
-4976.96
-4884.1
-4788.04
-4690.04
-4591.39
-4493.45
-4397.53
-4304.86
-4216.63
-5032.97
-4949.99
-4863.89
-4775.51
-4685.73
-4595.49
-4505.75
-4417.48
-4331.55
-4248.83
-5000.5
-4923.04
-4843.71
-4762.98
-4681.42
-4599.58
-4518.06
-4437.44
-4358.25
-4281.04
-4968.01
-4896.12
-4823.53
-4750.47
-4677.13
-4603.69
-4530.38
-4457.4
-4384.97
-4313.28
-5119.89
-4998.35
-4864.88
-4722.72
-4575.32
-4426.27
-4279.1
-4137.33
-4004.35
-3883.32
-5086.14
-4970.11
-4843.39
-4708.92
-4569.76
-4429.11
-4290.15
-4156.01
-4029.75
-3914.16
-5053.52
-4943.03
-4823.12
-4696.35
-4565.44
-4433.2
-4302.44
-4175.93
-4056.33
-3946.17
-5020.94
-4915.95
-4802.81
-4683.72
-4561.06
-4437.22
-4314.66
-4195.8
-4082.91
-3978.24
-4988.41
-4888.94
-4782.56
-4671.17
-4556.72
-4441.28
-4326.92
-4215.71
-4109.56
-4010.35
-4955.93
-4861.96
-4762.34
-4658.61
-4552.37
-4445.33
-4339.18
-4235.62
-4136.22
-4042.49
-4923.45
-4834.96
-4742.09
-4646.02
-4548.01
-4449.37
-4351.43
-4255.52
-4162.86
-4074.64
-4890.94
-4807.95
-4721.85
-4633.44
-4543.65
-4453.41
-4363.69
-4275.42
-4189.5
-4106.8
-4858.44
-4780.98
-4701.62
-4620.87
-4539.3
-4457.47
-4375.96
-4295.35
-4216.17
-4138.99
-4825.94
-4754.02
-4681.4
-4608.32
-4534.98
-4461.55
-4388.24
-4315.28
-4242.86
-4171.19
-4974.4
-4852.98
-4719.58
-4577.49
-4430.14
-4281.11
-4133.93
-3992.1
-3859
-3737.86
-4940.71
-4824.74
-4698.09
-4563.67
-4424.54
-4283.91
-4144.94
-4010.77
-3884.42
-3768.76
-4908.08
-4797.63
-4677.77
-4551.04
-4420.16
-4287.93
-4157.15
-4030.61
-3910.97
-3800.74
-4875.49
-4770.53
-4657.44
-4538.38
-4415.73
-4291.88
-4169.32
-4050.44
-3937.53
-3832.82
-4842.94
-4743.5
-4637.17
-4525.79
-4411.35
-4295.9
-4181.54
-4070.32
-3964.15
-3864.91
-4810.47
-4716.51
-4616.93
-4513.21
-4406.97
-4299.92
-4193.78
-4090.21
-3990.79
-3897.04
-4777.98
-4689.52
-4596.68
-4500.59
-4402.57
-4303.94
-4206.01
-4110.08
-4017.41
-3929.19
-4745.47
-4662.53
-4576.41
-4487.98
-4398.18
-4307.97
-4218.25
-4129.97
-4044.05
-3961.35
-4712.98
-4635.54
-4556.16
-4475.39
-4393.82
-4312
-4230.49
-4149.88
-4070.7
-3993.53
-4680.47
-4608.55
-4535.93
-4462.83
-4389.48
-4316.06
-4242.76
-4169.81
-4097.38
-4025.72
-4824.84
-4703.5
-4570.26
-4428.26
-4280.94
-4131.91
-3984.66
-3842.76
-3709.58
-3588.33
-4791.26
-4675.35
-4548.81
-4414.45
-4275.35
-4134.71
-3995.69
-3861.46
-3735.06
-3619.34
-4758.63
-4648.24
-4528.48
-4401.8
-4270.93
-4138.68
-4007.87
-3881.29
-3761.6
-3651.33
-4726.09
-4621.19
-4508.15
-4389.12
-4266.47
-4142.62
-4020.03
-3901.12
-3788.19
-3683.44
-4693.57
-4594.16
-4487.87
-4376.5
-4262.07
-4146.62
-4032.24
-3920.99
-3814.8
-3715.55
-4661.11
-4567.17
-4467.62
-4363.9
-4257.68
-4150.64
-4044.48
-3940.88
-3841.44
-3747.69
-4628.63
-4540.18
-4447.36
-4351.28
-4253.27
-4154.66
-4056.71
-3960.76
-3868.08
-3779.85
-4596.13
-4513.2
-4427.09
-4338.67
-4248.89
-4158.67
-4068.96
-3980.67
-3894.72
-3812.02
-4563.64
-4486.22
-4406.84
-4326.09
-4244.52
-4162.7
-4081.2
-4000.58
-3921.39
-3844.21
-4531.14
-4459.23
-4386.62
-4313.53
-4240.18
-4166.76
-4093.47
-4020.51
-3948.08
-3876.4
-4671.31
-4550.04
-4416.92
-4275.01
-4127.72
-3978.64
-3831.35
-3689.4
-3556.15
-3434.81
-4637.87
-4522.01
-4395.56
-4261.25
-4122.18
-3981.51
-3842.45
-3708.19
-3581.73
-3465.96
-4605.26
-4494.93
-4375.23
-4248.59
-4117.74
-3985.47
-3854.63
-3728.02
-3608.29
-3497.98
-4572.78
-4467.93
-4354.93
-4235.93
-4113.28
-3989.42
-3866.81
-3747.88
-3634.93
-3530.14
-4540.3
-4440.92
-4334.66
-4223.32
-4108.88
-3993.42
-3879.04
-3767.76
-3661.56
-3562.29
-4507.87
-4413.95
-4314.42
-4210.72
-4104.5
-3997.46
-3891.29
-3787.67
-3688.22
-3594.45
-4475.42
-4386.98
-4294.18
-4198.13
-4100.12
-4001.49
-3903.55
-3807.59
-3714.89
-3626.64
-4442.93
-4360.02
-4273.94
-4185.53
-4095.74
-4005.53
-3915.81
-3827.52
-3741.56
-3658.83
-4410.47
-4333.07
-4253.71
-4172.96
-4091.39
-4009.57
-3928.08
-3847.45
-3768.24
-3691.04
-4377.99
-4306.09
-4233.5
-4160.42
-4087.06
-4013.64
-3940.36
-3867.39
-3794.94
-3723.25
-4514.34
-4393.12
-4260.05
-4118.19
-3970.95
-3821.85
-3674.52
-3532.52
-3399.21
-3277.83
-4481.05
-4365.22
-4238.8
-4104.54
-3965.5
-3824.8
-3685.72
-3551.42
-3424.92
-3309.13
-4448.46
-4338.17
-4218.49
-4091.9
-3961.06
-3828.78
-3697.92
-3571.27
-3451.51
-3341.16
-4416.04
-4311.22
-4198.25
-4079.28
-3956.63
-3832.76
-3710.15
-3591.17
-3478.21
-3373.38
-4383.6
-4284.25
-4178.01
-4066.67
-3952.25
-3836.8
-3722.4
-3611.09
-3504.85
-3405.58
-4351.21
-4257.31
-4157.79
-4054.11
-3947.91
-3840.87
-3734.69
-3631.05
-3531.55
-3437.78
-4318.78
-4230.37
-4137.59
-4041.56
-3943.56
-3844.92
-3746.97
-3651.01
-3558.28
-3470
-4286.33
-4203.45
-4117.39
-4029
-3939.21
-3848.99
-3759.26
-3670.96
-3585
-3502.23
-4253.91
-4176.5
-4097.18
-4016.46
-3934.88
-3853.06
-3771.55
-3690.91
-3611.7
-3534.47
-4221.43
-4149.56
-4077
-4003.93
-3930.57
-3857.14
-3783.85
-3710.88
-3638.42
-3566.7
-4354.66
-4233.45
-4100.38
-3958.54
-3811.32
-3662.21
-3514.87
-3372.83
-3239.47
-3118.06
-4321.51
-4205.68
-4079.25
-3945.01
-3805.97
-3665.27
-3526.19
-3391.87
-3265.33
-3149.51
-4288.94
-4178.65
-4058.96
-3932.38
-3801.56
-3669.27
-3538.4
-3411.74
-3291.96
-3181.57
-4256.57
-4151.75
-4038.77
-3919.81
-3797.18
-3673.31
-3550.69
-3431.7
-3318.71
-3213.85
-4224.17
-4124.81
-4018.56
-3907.24
-3792.83
-3677.39
-3562.99
-3451.65
-3345.4
-3246.09
-4191.8
-4097.89
-3998.37
-3894.71
-3788.52
-3681.5
-3575.31
-3471.65
-3372.13
-3278.34
-4159.39
-4070.97
-3978.2
-3882.2
-3784.23
-3685.59
-3587.63
-3491.64
-3398.89
-3310.59
-4126.97
-4044.07
-3958.04
-3869.69
-3779.93
-3689.68
-3599.93
-3511.63
-3425.65
-3342.86
-4094.57
-4017.16
-3937.87
-3857.18
-3775.62
-3693.78
-3612.25
-3531.61
-3452.39
-3375.14
-4062.12
-3990.26
-3917.72
-3844.68
-3771.33
-3697.89
-3624.58
-3551.6
-3479.13
-3407.4
-4192.91
-4071.71
-3938.6
-3796.76
-3649.56
-3500.46
-3353.15
-3211.12
-3077.74
-2956.3
-4159.9
-4044.07
-3917.61
-3783.36
-3644.34
-3503.65
-3364.59
-3230.28
-3103.74
-2987.9
-4127.35
-4017.03
-3897.32
-3770.75
-3639.94
-3507.67
-3376.82
-3250.17
-3130.36
-3019.97
-4095.01
-3990.17
-3877.19
-3758.24
-3635.63
-3511.78
-3389.16
-3270.18
-3157.17
-3052.28
-4062.62
-3963.28
-3857.03
-3745.71
-3631.32
-3515.9
-3401.49
-3290.15
-3183.89
-3084.57
-4030.27
-3936.4
-3836.87
-3733.22
-3627.06
-3520.04
-3413.85
-3310.18
-3210.65
-3116.84
-3997.88
-3909.5
-3816.73
-3720.75
-3622.81
-3524.17
-3426.2
-3330.22
-3237.43
-3149.11
-3965.51
-3882.63
-3796.61
-3708.29
-3618.54
-3528.28
-3438.53
-3350.22
-3264.22
-3181.4
-3933.13
-3855.75
-3776.49
-3695.81
-3614.26
-3532.42
-3450.88
-3370.23
-3291
-3213.71
-3900.73
-3828.89
-3756.36
-3683.33
-3609.99
-3536.55
-3463.24
-3390.24
-3317.76
-3246.01
-4029.74
-3908.55
-3775.4
-3633.55
-3486.36
-3337.31
-3190.02
-3048
-2914.61
-2793.14
-3996.85
-3881.02
-3754.52
-3620.28
-3481.27
-3340.62
-3201.57
-3067.27
-2940.73
-2824.88
-3964.3
-3853.98
-3734.25
-3607.68
-3476.9
-3344.66
-3213.81
-3087.16
-2967.36
-2856.96
-3931.98
-3827.16
-3714.16
-3595.23
-3472.66
-3348.83
-3226.2
-3107.2
-2994.2
-2889.31
-3899.64
-3800.28
-3694.04
-3582.75
-3468.39
-3352.97
-3238.56
-3127.2
-3020.95
-2921.61
-3867.28
-3773.44
-3673.94
-3570.3
-3464.16
-3357.14
-3250.94
-3147.25
-3047.71
-2953.91
-3834.93
-3746.59
-3653.82
-3557.86
-3459.93
-3361.29
-3263.31
-3167.32
-3074.51
-2986.2
-3802.6
-3719.73
-3633.73
-3545.41
-3455.68
-3365.44
-3275.67
-3187.35
-3101.33
-3018.5
-3770.25
-3692.88
-3613.63
-3532.95
-3451.43
-3369.59
-3288.04
-3207.37
-3128.12
-3050.83
-3737.86
-3666.05
-3593.51
-3520.49
-3447.17
-3373.75
-3300.42
-3227.41
-3154.92
-3083.15
-3865.63
-3744.47
-3611.31
-3469.46
-3322.27
-3173.24
-3025.94
-2883.91
-2750.52
-2629.09
-3832.87
-3717.06
-3590.55
-3456.31
-3317.29
-3176.68
-3037.61
-2903.3
-2776.77
-2660.93
-3800.34
-3690.02
-3570.29
-3443.69
-3312.91
-3180.71
-3049.85
-2923.17
-2803.38
-2693.01
-3768.04
-3663.22
-3550.22
-3431.28
-3308.73
-3184.92
-3062.27
-2943.25
-2830.23
-2725.37
-3735.71
-3636.36
-3530.11
-3418.83
-3304.49
-3189.07
-3074.64
-2963.28
-2857.01
-2757.67
-3703.38
-3609.53
-3510.03
-3406.41
-3300.26
-3193.23
-3087.03
-2983.35
-2883.79
-2789.97
-3671.04
-3582.71
-3489.95
-3393.97
-3296.04
-3197.41
-3099.42
-3003.42
-2910.61
-2822.28
-3638.72
-3555.88
-3469.85
-3381.52
-3291.8
-3201.58
-3111.82
-3023.47
-2937.43
-2854.6
-3606.39
-3529.03
-3449.75
-3369.08
-3287.57
-3205.75
-3124.2
-3043.52
-2964.24
-2886.95
-3574
-3502.19
-3429.66
-3356.64
-3283.35
-3209.93
-3136.59
-3063.57
-2991.06
-2919.29
-3700.95
-3579.78
-3446.68
-3304.83
-3157.62
-3008.58
-2861.26
-2719.22
-2585.9
-2464.5
-3668.26
-3552.5
-3426.04
-3291.78
-3152.75
-3012.12
-2873.04
-2738.73
-2612.26
-2496.44
-3635.73
-3525.46
-3405.76
-3279.15
-3148.36
-3016.15
-2885.27
-2758.59
-2638.83
-2528.53
-3603.45
-3498.67
-3385.71
-3266.76
-3144.2
-3020.37
-2897.71
-2778.7
-2665.67
-2560.84
-3571.16
-3471.84
-3365.62
-3254.33
-3139.97
-3024.54
-2910.09
-2798.74
-2692.48
-2593.13
-3538.84
-3445.03
-3345.56
-3241.92
-3135.74
-3028.7
-2922.49
-2818.82
-2719.29
-2625.45
-3506.53
-3418.22
-3325.47
-3229.47
-3131.51
-3032.89
-2934.91
-2838.9
-2746.11
-2657.78
-3474.21
-3391.39
-3305.38
-3217.02
-3127.28
-3037.08
-2947.32
-2858.96
-2772.92
-2690.1
-3441.88
-3364.56
-3285.29
-3204.6
-3123.06
-3041.25
-2959.72
-2879.03
-2799.75
-2722.44
-3409.51
-3337.72
-3265.21
-3192.17
-3118.86
-3045.44
-2972.11
-2899.08
-2826.56
-2754.78
-3536.02
-3414.78
-3281.74
-3139.9
-2992.63
-2843.57
-2696.25
-2554.24
-2420.94
-2299.55
-3503.38
-3387.6
-3261.2
-3126.94
-2987.85
-2847.2
-2708.14
-2573.84
-2447.4
-2331.56
-3470.84
-3360.57
-3240.91
-3114.3
-2983.45
-2851.22
-2720.36
-2593.68
-2473.98
-2363.67
-3438.55
-3333.79
-3220.88
-3101.92
-2979.3
-2855.45
-2732.81
-2613.8
-2500.79
-2395.95
-3406.27
-3306.97
-3200.78
-3089.49
-2975.08
-2859.61
-2745.2
-2633.87
-2527.6
-2428.25
-3373.96
-3280.16
-3180.71
-3077.07
-2970.84
-2863.8
-2757.61
-2653.95
-2554.43
-2460.57
-3341.65
-3253.36
-3160.64
-3064.62
-2966.63
-2868
-2770.04
-2674.03
-2581.26
-2492.93
-3309.34
-3226.55
-3140.54
-3052.18
-2962.41
-2872.21
-2782.46
-2694.11
-2608.08
-2525.28
-3277.02
-3199.73
-3120.45
-3039.75
-2958.2
-2876.4
-2794.87
-2714.18
-2634.9
-2557.61
-3244.68
-3172.89
-3100.37
-3027.34
-2954
-2880.58
-2807.26
-2734.23
-2661.72
-2589.94
-3371.02
-3249.77
-3116.69
-2974.78
-2827.48
-2678.41
-2531.1
-2389.08
-2255.85
-2134.51
-3338.43
-3222.63
-3096.21
-2961.9
-2822.8
-2682.12
-2543.07
-2408.77
-2282.36
-2166.58
-3305.86
-3195.59
-3075.89
-2949.27
-2818.39
-2686.12
-2555.27
-2428.62
-2308.94
-2198.67
-3273.54
-3168.78
-3055.85
-2936.87
-2814.22
-2690.36
-2567.74
-2448.75
-2335.74
-2230.92
-3241.25
-3141.96
-3035.76
-2924.44
-2810
-2694.54
-2580.15
-2468.85
-2362.58
-2263.22
-3208.94
-3115.13
-3015.68
-2912.02
-2805.79
-2698.74
-2592.58
-2488.93
-2389.43
-2295.56
-3176.62
-3088.32
-2995.62
-2899.61
-2801.59
-2702.95
-2605.01
-2509.02
-2416.27
-2327.92
-3144.3
-3061.53
-2975.54
-2887.17
-2797.38
-2707.18
-2617.44
-2529.1
-2443.09
-2360.28
-3112
-3034.73
-2955.44
-2874.73
-2793.18
-2711.37
-2629.86
-2549.18
-2469.91
-2392.63
-3079.67
-3007.88
-2935.36
-2862.33
-2788.97
-2715.55
-2642.26
-2569.24
-2496.73
-2424.96
-3205.99
-3084.72
-2951.57
-2809.62
-2662.35
-2513.28
-2365.95
-2223.93
-2090.76
-1969.49
-3173.42
-3057.6
-2931.14
-2796.82
-2657.75
-2517.07
-2378
-2243.7
-2117.31
-2001.57
-3140.84
-3030.54
-2910.81
-2784.18
-2653.31
-2521.05
-2390.21
-2263.57
-2143.9
-2033.64
-3108.47
-3003.7
-2890.74
-2771.79
-2649.12
-2525.26
-2402.66
-2283.69
-2170.69
-2065.88
-3076.19
-2976.88
-2870.67
-2759.35
-2644.91
-2529.45
-2415.09
-2303.79
-2197.53
-2098.18
-3043.87
-2950.05
-2850.57
-2746.93
-2640.72
-2533.67
-2427.52
-2323.89
-2224.41
-2130.51
-3011.56
-2923.24
-2830.53
-2734.55
-2636.54
-2537.91
-2439.96
-2343.98
-2251.25
-2162.9
-2979.26
-2896.45
-2810.46
-2722.12
-2632.36
-2542.12
-2452.39
-2364.07
-2278.08
-2195.27
-2946.93
-2869.64
-2790.38
-2709.69
-2628.14
-2546.32
-2464.8
-2384.15
-2304.9
-2227.61
-2914.58
-2842.81
-2770.31
-2697.28
-2623.93
-2550.51
-2477.22
-2404.21
-2331.72
-2259.94
-3040.95
-2919.66
-2786.42
-2644.5
-2497.29
-2348.22
-2200.88
-2058.9
-1925.8
-1804.54
-3008.4
-2892.56
-2766.03
-2631.76
-2492.75
-2352.07
-2212.99
-2078.71
-1952.35
-1836.62
-2975.82
-2865.49
-2745.71
-2619.12
-2488.3
-2356.05
-2225.19
-2098.57
-1978.91
-1868.67
-2943.4
-2838.6
-2725.64
-2606.71
-2484.09
-2360.24
-2237.63
-2118.67
-2005.67
-1900.88
-2911.1
-2811.8
-2705.58
-2594.27
-2479.87
-2364.43
-2250.06
-2138.77
-2032.51
-1933.19
-2878.81
-2784.98
-2685.49
-2581.87
-2475.7
-2368.66
-2262.5
-2158.86
-2059.37
-1965.49
-2846.52
-2758.18
-2665.46
-2569.5
-2471.53
-2372.89
-2274.94
-2178.96
-2086.23
-1997.85
-2814.21
-2731.37
-2645.39
-2557.1
-2467.36
-2377.1
-2287.36
-2199.06
-2113.07
-2030.24
-2781.86
-2704.56
-2625.33
-2544.68
-2463.15
-2381.31
-2299.78
-2219.14
-2139.89
-2062.6
-2749.52
-2677.75
-2605.25
-2532.24
-2458.93
-2385.51
-2312.2
-2239.22
-2166.71
-2094.92
-2875.96
-2754.66
-2621.34
-2479.37
-2332.21
-2183.18
-2035.9
-1893.95
-1760.81
-1639.56
-2843.44
-2727.58
-2600.98
-2466.68
-2327.7
-2187.09
-2048.04
-1913.77
-1787.38
-1671.65
-2810.87
-2700.49
-2580.64
-2454.03
-2323.27
-2191.07
-2060.22
-1933.6
-1813.9
-1703.67
-2778.39
-2673.54
-2560.53
-2441.6
-2319.03
-2195.24
-2072.64
-1953.66
-1840.63
-1735.82
-2746.05
-2646.72
-2540.47
-2429.17
-2314.82
-2199.43
-2085.06
-1973.75
-1867.48
-1768.16
-2713.75
-2619.91
-2520.38
-2416.76
-2310.66
-2203.68
-2097.51
-1993.84
-1894.31
-1800.48
-2681.47
-2593.1
-2500.33
-2404.4
-2306.51
-2207.9
-2109.94
-2013.94
-1921.17
-1832.79
-2649.15
-2566.28
-2480.3
-2392.04
-2302.33
-2212.09
-2122.34
-2034.03
-1948.03
-1865.16
-2616.79
-2539.48
-2460.25
-2379.64
-2298.13
-2216.29
-2134.75
-2054.1
-1974.85
-1897.52
-2584.44
-2512.68
-2440.17
-2367.19
-2293.91
-2220.51
-2147.18
-2074.18
-2001.69
-1929.86
-2710.84
-2589.58
-2456.26
-2314.29
-2167.07
-2018.07
-1870.83
-1728.92
-1595.76
-1474.52
-2678.36
-2562.53
-2435.93
-2301.62
-2162.61
-2022.01
-1882.99
-1748.75
-1622.35
-1506.62
-2645.82
-2535.43
-2415.59
-2288.95
-2158.17
-2025.98
-1895.15
-1768.53
-1648.85
-1538.61
-2613.3
-2508.45
-2395.44
-2276.48
-2153.93
-2030.13
-1907.52
-1788.54
-1675.52
-1570.7
-2580.94
-2481.61
-2375.35
-2264.05
-2149.74
-2034.34
-1919.95
-1808.65
-1702.38
-1603.04
-2548.62
-2454.79
-2355.27
-2251.65
-2145.57
-2038.58
-1932.38
-1828.71
-1729.19
-1635.36
-2516.32
-2427.98
-2335.21
-2239.28
-2141.4
-2042.8
-1944.81
-1848.82
-1756.04
-1667.65
-2484.02
-2401.17
-2315.2
-2226.91
-2137.2
-2046.97
-1957.21
-1868.9
-1782.9
-1700.01
-2451.67
-2374.37
-2295.13
-2214.51
-2133.01
-2051.17
-1969.62
-1888.97
-1809.72
-1732.39
-2419.32
-2347.55
-2275.05
-2202.08
-2128.81
-2055.39
-1982.05
-1909.04
-1836.53
-1764.74
-2545.58
-2424.34
-2291.13
-2149.21
-2001.86
-1852.87
-1705.65
-1563.76
-1430.55
-1309.25
-2513.12
-2397.33
-2270.86
-2136.53
-1997.42
-1856.84
-1717.83
-1583.6
-1457.16
-1341.38
-2480.6
-2370.26
-2250.53
-2123.82
-1992.98
-1860.8
-1729.97
-1603.36
-1483.68
-1373.39
-2448.08
-2343.25
-2230.28
-2111.29
-1988.75
-1864.95
-1742.31
-1623.3
-1510.32
-1405.46
-2415.7
-2316.39
-2210.15
-2098.87
-1984.57
-1869.18
-1754.74
-1643.39
-1537.15
-1437.79
-2383.36
-2289.54
-2190.07
-2086.48
-1980.39
-1873.4
-1767.17
-1663.46
-1563.94
-1470.12
-2351.06
-2262.75
-2170.02
-2074.08
-1976.19
-1877.6
-1779.61
-1683.57
-1590.76
-1502.41
-2318.77
-2235.97
-2149.99
-2061.68
-1971.96
-1881.77
-1792.03
-1703.67
-1617.62
-1534.76
-2286.45
-2209.16
-2129.93
-2049.28
-1967.75
-1885.94
-1804.42
-1723.74
-1644.48
-1567.16
-2254.1
-2182.35
-2109.85
-2036.85
-1963.56
-1890.15
-1816.82
-1743.8
-1671.31
-1599.54
-2380.15
-2258.97
-2125.9
-1984.01
-1836.6
-1687.57
-1540.34
-1398.45
-1265.19
-1143.87
-2347.73
-2232.01
-2105.65
-1971.33
-1832.17
-1691.57
-1552.57
-1418.34
-1291.85
-1176.04
-2315.21
-2204.95
-2085.31
-1958.62
-1827.7
-1695.47
-1564.7
-1438.13
-1318.44
-1208.09
-2282.71
-2177.92
-2065
-1946.01
-1823.43
-1699.6
-1576.98
-1458.01
-1345.08
-1240.18
-2250.31
-2151.03
-2044.86
-1933.58
-1819.24
-1703.83
-1589.41
-1478.07
-1371.86
-1272.5
-2217.96
-2124.2
-2024.79
-1921.19
-1815.04
-1708.02
-1601.83
-1498.16
-1398.63
-1304.82
-2185.67
-2097.44
-2004.75
-1908.76
-1810.8
-1712.22
-1614.26
-1518.25
-1425.45
-1337.12
-2153.41
-2070.66
-1984.68
-1896.31
-1806.58
-1716.44
-1626.71
-1538.34
-1452.29
-1369.46
-2121.11
-2043.85
-1964.61
-1883.89
-1802.37
-1720.63
-1639.13
-1558.43
-1479.15
-1401.84
-2088.76
-2017.02
-1944.53
-1871.52
-1798.18
-1724.78
-1651.52
-1578.5
-1505.98
-1434.22
-2214.7
-2093.45
-1960.44
-1818.63
-1671.25
-1522.16
-1374.95
-1233.05
-1099.79
-978.584
-2182.22
-2066.51
-1940.22
-1805.99
-1666.83
-1526.15
-1387.18
-1252.97
-1126.5
-1010.78
-2149.68
-2039.46
-1919.89
-1793.27
-1662.32
-1530.05
-1399.32
-1272.8
-1153.15
-1042.87
-2117.22
-2012.42
-1899.56
-1780.61
-1657.97
-1534.13
-1411.55
-1292.63
-1179.75
-1074.96
-2084.83
-1985.55
-1879.45
-1768.2
-1653.8
-1538.35
-1423.97
-1312.68
-1206.48
-1107.19
-2052.49
-1958.76
-1859.39
-1755.81
-1649.58
-1542.52
-1436.38
-1332.77
-1233.28
-1139.48
-2020.19
-1931.99
-1839.35
-1743.38
-1645.34
-1546.73
-1448.81
-1352.84
-1260.09
-1171.79
-1987.93
-1905.21
-1819.27
-1730.9
-1641.13
-1550.98
-1461.28
-1372.94
-1286.92
-1204.11
-1955.65
-1878.4
-1799.18
-1718.46
-1636.93
-1555.18
-1473.71
-1393.03
-1313.76
-1236.5
-1923.3
-1851.56
-1779.1
-1706.08
-1632.73
-1559.34
-1486.08
-1413.1
-1340.61
-1268.87
-2049.18
-1927.89
-1794.79
-1653.01
-1505.77
-1356.67
-1209.41
-1067.59
-934.512
-813.422
-2016.7
-1900.9
-1774.57
-1640.41
-1501.37
-1360.68
-1221.69
-1087.54
-961.205
-845.567
-1984.08
-1873.79
-1754.19
-1627.69
-1496.85
-1364.57
-1233.84
-1107.4
-987.852
-877.673
-1951.54
-1846.74
-1733.9
-1615.06
-1492.42
-1368.59
-1246.08
-1127.23
-1014.44
-909.783
-1919.16
-1819.9
-1713.85
-1602.66
-1488.21
-1372.8
-1258.51
-1147.27
-1041.13
-941.928
-1886.85
-1793.13
-1693.81
-1590.23
-1483.98
-1376.98
-1270.92
-1167.36
-1067.93
-974.19
-1854.55
-1766.35
-1673.75
-1577.8
-1479.79
-1381.2
-1283.34
-1187.43
-1094.73
-1006.48
-1822.27
-1739.53
-1653.65
-1565.34
-1475.63
-1385.48
-1295.82
-1207.54
-1121.56
-1038.8
-1789.99
-1712.74
-1633.55
-1552.92
-1471.46
-1389.72
-1308.26
-1227.62
-1148.39
-1071.17
-1757.68
-1685.92
-1613.48
-1540.54
-1467.28
-1393.91
-1320.64
-1247.68
-1175.24
-1103.54
-1883.4
-1762.08
-1628.88
-1487.15
-1340.17
-1191.15
-1044.04
-902.374
-769.386
-648.26
-1850.85
-1735.08
-1608.64
-1474.61
-1335.81
-1195.15
-1056.29
-922.312
-796.049
-680.396
-1818.26
-1707.96
-1588.27
-1461.95
-1331.29
-1199.06
-1068.45
-942.152
-822.672
-712.499
-1785.69
-1680.91
-1568.05
-1449.36
-1326.81
-1203.03
-1080.64
-961.948
-849.263
-744.632
-1753.3
-1654.09
-1548.05
-1436.93
-1322.57
-1207.21
-1093.02
-981.936
-875.908
-776.757
-1721.04
-1627.36
-1528.02
-1424.5
-1318.36
-1211.4
-1105.41
-1001.97
-902.654
-808.976
-1688.78
-1600.55
-1507.93
-1412.11
-1314.23
-1215.64
-1117.8
-1022.01
-929.424
-841.247
-1656.49
-1573.73
-1487.87
-1399.71
-1310.08
-1219.89
-1130.25
-1042.09
-956.231
-873.534
-1624.2
-1546.93
-1467.81
-1387.28
-1305.89
-1224.15
-1142.7
-1062.17
-983.023
-905.838
-1591.88
-1520.14
-1447.74
-1374.86
-1301.71
-1228.39
-1155.14
-1082.22
-1009.8
-938.115
-1717.27
-1596.29
-1463.09
-1321.33
-1174.55
-1025.74
-878.741
-737.06
-604.084
-482.932
-1684.76
-1569.2
-1442.8
-1308.81
-1170.23
-1029.8
-890.991
-756.98
-630.73
-515.079
-1652.24
-1542.09
-1422.45
-1296.2
-1165.76
-1033.73
-903.174
-776.821
-657.318
-547.193
-1619.67
-1515.04
-1402.21
-1283.64
-1161.28
-1037.66
-915.352
-796.671
-683.943
-579.329
-1587.26
-1488.21
-1382.2
-1271.2
-1157.02
-1041.79
-927.663
-816.612
-710.614
-611.453
-1555.02
-1461.44
-1362.13
-1258.74
-1152.83
-1046
-940.028
-836.601
-737.321
-643.637
-1522.78
-1434.6
-1342.08
-1246.4
-1148.7
-1050.22
-952.436
-856.638
-764.084
-675.906
-1490.5
-1407.81
-1322.06
-1234.04
-1144.52
-1054.41
-964.83
-876.699
-790.867
-708.226
-1458.23
-1381.05
-1302.01
-1221.63
-1140.32
-1058.62
-977.225
-896.735
-817.63
-740.496
-1425.95
-1354.29
-1281.96
-1209.17
-1136.1
-1062.86
-989.661
-916.784
-844.394
-772.742
-1550.72
-1430.34
-1297.44
-1155.75
-1009.07
-860.538
-713.766
-572.119
-439.138
-317.829
-1518.32
-1403.31
-1277.12
-1143.2
-1004.74
-864.615
-726.015
-592.012
-465.772
-350.033
-1486.05
-1376.28
-1256.79
-1130.56
-1000.3
-868.584
-738.154
-611.808
-492.327
-382.205
-1453.59
-1349.18
-1236.48
-1117.92
-995.879
-872.568
-750.31
-631.637
-518.938
-414.349
-1421.11
-1322.26
-1216.34
-1105.42
-991.574
-876.669
-762.604
-651.558
-545.592
-446.441
-1388.84
-1295.43
-1196.27
-1092.99
-987.39
-880.863
-774.969
-671.548
-572.281
-478.637
-1356.6
-1268.65
-1176.22
-1080.66
-983.239
-885.026
-787.354
-691.601
-599.038
-510.908
-1324.38
-1241.89
-1156.22
-1068.36
-979.045
-889.126
-799.672
-711.614
-625.827
-543.194
-1292.13
-1215.15
-1136.24
-1055.99
-974.81
-893.265
-812.005
-731.611
-652.567
-575.424
-1259.87
-1188.44
-1116.28
-1043.57
-970.534
-897.431
-824.396
-751.616
-679.283
-607.644
-1384.14
-1264.34
-1132.11
-990.847
-844.335
-696.188
-549.531
-407.854
-274.856
-153.742
-1351.88
-1237.35
-1111.89
-978.251
-839.969
-700.266
-561.841
-427.825
-301.552
-185.937
-1319.65
-1210.5
-1091.62
-965.514
-835.519
-704.217
-573.985
-447.676
-328.198
-218.108
-1287.31
-1183.45
-1071.14
-952.796
-831.146
-708.166
-586.084
-467.496
-354.841
-250.251
-1254.9
-1156.43
-1050.85
-940.27
-826.863
-712.219
-598.319
-487.374
-381.464
-282.41
-1222.61
-1129.59
-1030.74
-927.869
-822.611
-716.373
-610.698
-507.373
-408.164
-314.58
-1190.42
-1102.87
-1010.78
-915.506
-818.33
-720.471
-623.042
-527.377
-434.919
-346.836
-1158.28
-1076.19
-990.851
-903.155
-814.099
-724.532
-635.279
-547.318
-461.645
-379.099
-1126.14
-1049.52
-970.868
-890.774
-809.857
-728.608
-647.532
-567.243
-488.355
-411.326
-1093.94
-1022.84
-950.916
-878.414
-805.578
-732.656
-659.822
-587.207
-515.031
-443.526
-1217.75
-1098.8
-967.695
-827.079
-680.949
-533.34
-387.022
-245.763
-113.285
7.40152
-1185.62
-1071.95
-947.466
-814.429
-676.571
-537.427
-399.366
-265.724
-139.96
-24.8202
-1153.33
-1045.1
-927.167
-801.672
-672.12
-541.375
-411.532
-285.565
-166.58
-56.9503
-1121.1
-1018.11
-906.673
-788.889
-667.704
-545.301
-423.644
-305.357
-193.056
-88.9256
-1088.83
-991.089
-886.29
-776.31
-663.423
-549.355
-435.886
-325.265
-219.642
-120.941
-1056.63
-964.256
-866.184
-763.929
-659.138
-553.454
-448.239
-345.246
-246.33
-153.063
-1024.54
-937.626
-846.267
-751.493
-654.802
-557.5
-460.523
-365.196
-273.03
-185.239
-992.512
-911.076
-826.338
-739.098
-650.529
-561.538
-472.747
-385.085
-299.679
-217.402
-960.546
-884.535
-806.422
-726.76
-646.297
-565.537
-484.902
-404.919
-326.289
-249.567
-928.561
-857.969
-786.531
-714.483
-642.066
-569.502
-497.011
-424.75
-352.901
-281.714
-1051.74
-933.835
-804.451
-665.676
-520.559
-373.684
-228.41
-88.1875
43.601
163.572
-1019.49
-907.081
-784.306
-653.01
-516.181
-377.767
-240.722
-108.145
16.832
131.326
-987.076
-880.23
-764.03
-640.202
-511.68
-381.668
-252.867
-128.022
-9.80729
99.2801
-954.952
-853.436
-743.613
-627.367
-507.171
-385.534
-264.892
-147.671
-36.1873
67.387
-922.938
-826.558
-723.337
-614.776
-502.855
-389.593
-277.059
-167.397
-62.571
35.5242
-890.976
-799.98
-703.418
-602.376
-498.535
-393.619
-289.296
-187.24
-89.0732
3.57588
-859.211
-773.625
-683.551
-589.917
-494.115
-397.563
-301.456
-207.047
-115.589
-28.3704
-827.548
-747.246
-663.649
-577.477
-489.787
-401.552
-313.598
-226.779
-142.042
-60.3175
-795.922
-720.852
-643.835
-565.166
-485.497
-405.475
-325.65
-246.445
-168.432
-92.2799
-764.247
-694.489
-623.957
-552.86
-481.294
-409.448
-337.624
-266.02
-194.807
-124.205
-885.859
-771.101
-644.313
-508.331
-365.744
-220.67
-77.0058
61.5139
191.615
310.22
-853.546
-744.203
-624.102
-495.716
-361.394
-224.764
-89.3531
41.4794
164.806
277.93
-821.249
-717.194
-603.851
-483.046
-356.843
-228.599
-101.531
21.6087
138.24
245.969
-789.247
-690.545
-583.751
-470.313
-352.189
-232.321
-113.499
2.03488
111.999
214.254
-757.552
-664.12
-563.751
-457.775
-347.761
-236.199
-125.49
-17.4776
85.8548
182.694
-726.189
-637.942
-544.017
-445.4
-343.402
-240.021
-137.401
-37.0521
59.6144
151.01
-695.049
-611.948
-524.374
-432.954
-338.917
-243.862
-149.301
-56.5168
33.4532
119.405
-664.029
-585.966
-504.612
-420.455
-334.455
-247.717
-161.264
-75.9808
7.33673
87.8419
-632.998
-559.892
-484.807
-408.076
-330.064
-251.533
-173.137
-95.3603
-18.6978
56.2706
-601.945
-533.875
-465.127
-395.723
-325.778
-255.432
-184.931
-114.601
-44.6427
24.7713
-723.219
-613.338
-490.979
-359.126
-220.548
-78.6306
62.0983
197.951
325.929
442.92
-690.615
-586.423
-470.747
-346.546
-216.259
-82.7624
49.7016
177.854
299.075
410.618
-658.683
-559.533
-450.534
-333.994
-211.727
-86.6178
37.5907
158.081
272.557
378.633
-627.169
-533.134
-430.644
-321.426
-206.965
-90.2124
25.7766
138.7
246.458
346.934
-596.059
-507.093
-410.96
-308.89
-202.381
-93.8733
14.1054
119.537
220.665
315.624
-565.448
-481.393
-391.466
-296.474
-197.872
-97.4975
2.4967
100.395
194.868
284.452
-535.269
-455.908
-371.937
-284.144
-193.425
-101.124
-9.09176
81.3713
169.228
253.371
-505.146
-430.403
-352.456
-271.823
-188.907
-104.724
-20.632
62.3734
143.644
222.333
-474.98
-404.957
-333.119
-259.476
-184.37
-108.321
-32.1201
43.4829
118.169
191.344
-444.958
-379.788
-313.957
-247.269
-179.862
-111.899
-43.5953
24.7347
92.8362
160.517
-571.09
-470.057
-354.653
-229.707
-97.9382
37.8206
172.887
303.819
427.566
540.952
-538.964
-442.946
-334.562
-217.228
-93.7459
33.5317
160.35
283.543
400.578
508.453
-507.772
-416.459
-314.538
-204.788
-89.313
29.5787
148.201
263.787
374.091
476.544
-477.348
-390.507
-294.925
-192.403
-84.664
26.011
136.534
244.566
348.121
445.082
-447.373
-365.175
-275.773
-180.082
-79.9793
22.6268
125.2
225.796
322.685
414.187
-418.098
-340.482
-256.748
-167.93
-75.4827
19.162
113.973
207.234
297.597
383.693
-389.459
-316.019
-237.932
-156.067
-71.1745
15.6405
102.785
188.813
272.724
353.408
-360.973
-291.644
-219.329
-144.231
-66.7905
12.232
91.6887
170.504
247.968
323.27
-332.52
-267.535
-200.928
-132.409
-62.3717
8.89059
80.704
152.332
223.357
293.267
-304.225
-243.842
-182.854
-120.846
-57.9484
5.64893
69.8117
134.308
199.025
263.548
-443.172
-351.739
-244.694
-126.583
-2.11515
126.508
255.388
380.817
499.753
608.72
-413.058
-325.324
-224.693
-114.436
1.94786
122.089
242.733
360.469
472.615
576.313
-383.262
-299.734
-205.124
-102.163
6.24845
118.051
230.538
340.791
446.273
544.492
-354.486
-274.824
-185.994
-90.0195
10.7235
114.439
218.924
321.692
420.516
513.335
-326.459
-250.507
-167.333
-78.0716
15.3104
111.185
207.81
303.204
395.475
482.906
-299.123
-226.827
-149.084
-66.4692
19.6024
107.829
196.885
285.188
371.036
453.123
-272.288
-203.628
-131.239
-55.2084
23.6062
104.46
186.153
267.412
346.976
423.735
-245.611
-180.803
-113.813
-44.1362
27.73
101.253
175.627
249.853
323.175
394.641
-219.018
-158.461
-96.7475
-33.1591
31.8872
98.1503
165.253
232.54
299.619
365.825
-192.485
-136.343
-79.8439
-22.3671
36.0165
95.1672
154.985
215.41
276.348
337.385
-267.603
-216.947
-146.842
-59.739
36.6486
137.469
239.916
341.215
437.665
526.666
-240.698
-192.651
-127.084
-47.688
40.2003
132.439
226.507
319.98
410.005
493.974
-215.396
-169.188
-108.535
-36.0399
43.8195
127.968
214.229
300.345
383.881
462.698
-192.08
-147.457
-91.1587
-25.0025
47.5515
124.243
203.151
282.242
359.532
433.304
-170.742
-127.338
-75.0468
-14.7089
51.2855
120.973
192.954
265.502
336.823
405.682
-150.921
-108.734
-60.3032
-5.3798
54.3988
117.676
183.142
249.516
315.355
379.512
-132.162
-91.5924
-46.7596
3.12341
57.1823
114.279
173.536
233.958
294.525
354.184
-114.238
-75.711
-34.2128
11.1009
59.7995
110.99
164.186
218.818
274.139
329.344
-96.8439
-60.5327
-22.3062
18.6804
62.2855
107.897
155.225
204.17
254.301
304.917
-79.6734
-45.7607
-10.7371
26.1419
64.7979
105.008
146.755
190.116
235.132
281.286
-263.043
-187.577
-98.3958
-7.37642
84.4466
176.872
269.932
361.042
447.546
526.819
-234.615
-161.334
-80.161
2.71776
86.5796
171.235
256.377
340.337
420.772
495.388
-204.78
-136.004
-62.2238
13.1764
89.7279
167.001
244.862
322.048
396.554
466.551
-176.774
-112.918
-45.7377
23.006
92.9117
163.548
234.738
305.633
374.516
439.972
-151.183
-91.4298
-30.1191
32.4697
96.1911
160.706
225.73
290.643
354.217
415.22
-127.086
-71.2694
-15.293
41.6467
99.7214
158.462
217.615
276.839
335.334
392.02
-104.334
-52.3225
-1.09188
50.7974
103.592
156.816
210.311
264.042
317.613
370.021
-82.5373
-34.2296
12.6829
59.8485
107.586
155.499
203.576
252.049
300.83
348.891
-61.243
-16.7852
26.1241
68.7513
111.57
154.297
197.203
240.629
284.685
328.419
-40.351
0.169198
39.2902
77.5533
115.371
153.053
190.977
229.52
268.941
308.561
)
;

boundaryField
{
    inlet
    {
        type            calculated;
        value           nonuniform List<scalar> 
500
(
-5468.41
-5539.61
-5610.32
-5680.56
-5750.36
-5819.7
-5888.62
-5957.13
-6025.17
-6092.68
-5470.24
-5541.34
-5611.99
-5682.21
-5751.98
-5821.34
-5890.28
-5958.79
-6026.87
-6094.52
-5471.58
-5542.62
-5613.24
-5683.44
-5753.22
-5822.58
-5891.53
-5960.05
-6028.15
-6095.86
-5472.46
-5543.47
-5614.07
-5684.25
-5754.03
-5823.39
-5892.34
-5960.88
-6029.01
-6096.72
-5472.89
-5543.89
-5614.48
-5684.66
-5754.43
-5823.8
-5892.74
-5961.3
-6029.44
-6097.15
-5472.89
-5543.89
-5614.48
-5684.66
-5754.43
-5823.8
-5892.75
-5961.29
-6029.43
-6097.16
-5472.44
-5543.47
-5614.07
-5684.26
-5754.03
-5823.39
-5892.34
-5960.88
-6029.01
-6096.72
-5471.58
-5542.61
-5613.24
-5683.43
-5753.21
-5822.57
-5891.52
-5960.05
-6028.15
-6095.85
-5470.25
-5541.33
-5611.97
-5682.19
-5751.98
-5821.34
-5890.29
-5958.8
-6026.87
-6094.52
-5468.41
-5539.61
-5610.31
-5680.55
-5750.34
-5819.7
-5888.62
-5957.11
-6025.14
-6092.69
-5014.67
-5064.02
-5109.87
-5153.95
-5197.61
-5241
-5284.07
-5326.76
-5369.11
-5411.11
-4929.99
-4988.85
-5043.77
-5096.97
-5149.76
-5202.28
-5254.39
-5306.12
-5357.47
-5408.5
-4864.63
-4930.85
-4992.83
-5053.06
-5112.91
-5172.42
-5231.49
-5290.16
-5348.45
-5406.39
-4820.17
-4891.4
-4958.18
-5023.23
-5087.87
-5152.12
-5215.93
-5279.32
-5342.32
-5404.94
-4797.65
-4871.43
-4940.66
-5008.15
-5075.2
-5141.86
-5208.08
-5273.84
-5339.22
-5404.21
-4797.61
-4871.43
-4940.66
-5008.15
-5075.17
-5141.85
-5208.06
-5273.84
-5339.21
-5404.21
-4820.28
-4891.44
-4958.2
-5023.24
-5087.84
-5152.11
-5215.94
-5279.32
-5342.31
-5404.93
-4864.79
-4930.86
-4992.82
-5053.09
-5112.89
-5172.39
-5231.5
-5290.17
-5348.45
-5406.38
-4930.15
-4988.82
-5043.74
-5096.93
-5149.73
-5202.28
-5254.4
-5306.08
-5357.44
-5408.5
-5014.75
-5063.99
-5109.83
-5153.94
-5197.65
-5240.99
-5284.02
-5326.74
-5369.11
-5411.12
-5121.15
-5163.04
-5201.57
-5238.29
-5274.52
-5310.51
-5346.17
-5381.49
-5416.46
-5451.06
-5243.08
-5280.11
-5313.25
-5344.56
-5375.45
-5406.01
-5436.23
-5466.09
-5495.57
-5524.72
-5377.03
-5407.61
-5434.04
-5458.71
-5482.98
-5506.87
-5530.37
-5553.49
-5576.21
-5598.6
-5519.31
-5542.64
-5561.51
-5578.6
-5595.25
-5611.51
-5627.38
-5642.81
-5657.85
-5672.54
-5666.83
-5682.09
-5692.76
-5701.68
-5710.15
-5718.22
-5725.86
-5733.06
-5739.87
-5746.31
-5815.94
-5822.77
-5825
-5825.49
-5825.55
-5825.22
-5824.47
-5823.3
-5821.72
-5819.74
-5963.01
-5961.43
-5955.39
-5947.65
-5939.48
-5930.94
-5921.95
-5912.54
-5902.75
-5892.6
-6104.37
-6094.98
-6081.29
-6065.73
-6049.82
-6033.59
-6016.95
-5999.91
-5982.49
-5964.71
-6236.97
-6220.45
-6199.91
-6177.49
-6154.75
-6131.71
-6108.31
-6084.54
-6060.37
-6035.86
-6357.62
-6335.02
-6308.82
-6280.88
-6252.59
-6223.95
-6194.91
-6165.56
-6135.85
-6105.76
-6463.91
-6434
-6400.62
-6365.24
-6329.41
-6293.45
-6257.12
-6220.32
-6183.19
-6145.75
-6550.28
-6511.78
-6469.31
-6425
-6380.44
-6335.52
-6290.19
-6244.51
-6198.48
-6152.09
-6616.94
-6571.77
-6522.45
-6471.42
-6419.95
-6368.13
-6315.9
-6263.28
-6210.27
-6156.93
-6662.32
-6612.75
-6558.78
-6503.03
-6446.83
-6390.32
-6333.38
-6276.04
-6218.31
-6160.21
-6685.3
-6633.46
-6577.14
-6519.06
-6460.52
-6401.59
-6342.26
-6282.51
-6222.38
-6161.86
-6685.27
-6633.46
-6577.12
-6519.06
-6460.54
-6401.62
-6342.26
-6282.5
-6222.36
-6161.84
-6662.33
-6612.75
-6558.78
-6503.06
-6446.87
-6390.32
-6333.39
-6276.04
-6218.31
-6160.21
-6617.09
-6571.78
-6522.43
-6471.43
-6419.93
-6368.1
-6315.88
-6263.26
-6210.27
-6156.93
-6550.4
-6511.68
-6469.21
-6425.02
-6380.42
-6335.51
-6290.22
-6244.53
-6198.49
-6152.1
-6464.09
-6434.12
-6400.57
-6365.19
-6329.51
-6293.52
-6257.12
-6220.36
-6183.23
-6145.74
-6357.6
-6335.06
-6308.89
-6280.88
-6252.57
-6224
-6194.99
-6165.61
-6135.91
-6105.78
-6237.13
-6220.49
-6199.91
-6177.5
-6154.74
-6131.7
-6108.35
-6084.56
-6060.38
-6035.86
-6104.56
-6095.04
-6081.29
-6065.8
-6049.89
-6033.58
-6016.94
-5999.9
-5982.48
-5964.72
-5963.02
-5961.47
-5955.47
-5947.69
-5939.45
-5930.93
-5921.99
-5912.55
-5902.75
-5892.6
-5815.96
-5822.81
-5825.05
-5825.54
-5825.56
-5825.24
-5824.51
-5823.32
-5821.7
-5819.73
-5666.95
-5682.11
-5692.75
-5701.66
-5710.15
-5718.23
-5725.86
-5733.07
-5739.88
-5746.34
-5519.55
-5542.7
-5561.48
-5578.58
-5595.23
-5611.51
-5627.4
-5642.84
-5657.88
-5672.55
-5377.1
-5407.63
-5434.07
-5458.76
-5482.98
-5506.89
-5530.4
-5553.51
-5576.24
-5598.6
-5243.25
-5280.11
-5313.2
-5344.52
-5375.44
-5406.04
-5436.27
-5466.09
-5495.58
-5524.73
-5121.16
-5163.07
-5201.54
-5238.25
-5274.54
-5310.54
-5346.2
-5381.48
-5416.46
-5451.07
)
;
    }
    outlet
    {
        type            calculated;
        value           uniform 0;
    }
    walls
    {
        type            calculated;
        value           nonuniform List<scalar> 
1600
(
-4883.27
-4753.57
-4607.88
-4456.46
-4312.26
-4174.59
-4038.2
-3899.71
-3757.95
-3612.5
-3462.99
-3309.45
-3152.45
-2992.7
-2830.98
-2667.82
-2503.76
-2339.13
-2174.17
-2009.11
-1844.17
-1679.26
-1514.28
-1349.15
-1183.83
-1018.47
-853.321
-688.245
-523.077
-357.711
-192.529
-28.6848
132.349
287.919
433.467
564.635
659.509
723.154
624.415
614.483
-4793.85
-4663.45
-4517.78
-4366.15
-4221.85
-4084.16
-3947.69
-3809.18
-3667.51
-3522.16
-3372.73
-3219.29
-3062.36
-2902.69
-2740.97
-2577.77
-2413.65
-2248.99
-2084.07
-1919.03
-1753.94
-1588.92
-1423.95
-1258.93
-1093.69
-928.383
-763.158
-597.981
-432.755
-267.544
-102.716
61.0613
222.003
377.548
522.327
651.888
744.142
804.479
692.016
672.453
-4724.81
-4593.74
-4448.21
-4296.4
-4151.95
-4014.25
-3877.73
-3739.21
-3597.65
-3452.39
-3303.05
-3149.71
-2992.81
-2833.11
-2671.39
-2508.19
-2344.09
-2179.44
-2014.42
-1849.34
-1684.24
-1519.25
-1354.36
-1189.24
-1023.99
-858.71
-693.466
-528.247
-363.103
-198.018
-33.2419
130.4
291.315
446.652
591.174
719.621
809.527
867.285
744.283
716.525
-4677.83
-4546.29
-4400.88
-4248.94
-4104.39
-3966.67
-3830.11
-3691.57
-3550.02
-3404.83
-3255.54
-3102.31
-2945.51
-2785.8
-2624.06
-2460.86
-2296.77
-2132.13
-1967.1
-1801.97
-1636.85
-1471.81
-1306.89
-1141.8
-976.575
-811.31
-646.048
-480.816
-315.673
-150.592
14.1459
177.615
338.386
493.712
637.875
765.873
854.155
909.944
780.339
746.036
-4654.08
-4522.27
-4376.9
-4224.89
-4080.28
-3942.58
-3806.03
-3667.49
-3525.94
-3380.75
-3231.48
-3078.22
-2921.44
-2761.83
-2600.16
-2436.96
-2272.83
-2108.16
-1943.17
-1778.08
-1612.93
-1447.84
-1282.83
-1117.72
-952.515
-787.292
-622.014
-456.787
-291.645
-126.617
38.0824
201.493
362.332
517.616
661.585
789.162
876.715
931.472
798.696
760.864
-4654.06
-4522.28
-4376.92
-4224.91
-4080.28
-3942.58
-3806.03
-3667.48
-3525.92
-3380.74
-3231.48
-3078.23
-2921.45
-2761.83
-2600.09
-2436.91
-2272.83
-2108.16
-1943.16
-1778.07
-1612.92
-1447.84
-1282.84
-1117.79
-952.541
-787.287
-622.001
-456.798
-291.637
-126.606
38.081
201.473
362.324
517.588
661.574
789.178
876.691
931.378
798.615
760.816
-4677.9
-4546.23
-4400.83
-4248.91
-4104.37
-3966.68
-3830.13
-3691.58
-3550.01
-3404.8
-3255.5
-3102.18
-2945.41
-2785.81
-2624.1
-2460.9
-2296.79
-2132.12
-1967.17
-1802.07
-1636.91
-1471.86
-1306.84
-1141.74
-976.567
-811.298
-646.036
-480.817
-315.645
-150.577
14.138
177.578
338.328
493.657
637.905
765.917
854.066
909.629
780
745.864
-4724.9
-4593.67
-4448.16
-4296.37
-4151.95
-4014.26
-3877.75
-3739.23
-3597.64
-3452.37
-3303.03
-3149.67
-2992.82
-2833.13
-2671.37
-2508.16
-2344.05
-2179.39
-2014.47
-1849.37
-1684.31
-1519.3
-1354.31
-1189.24
-1024.06
-858.735
-693.453
-528.219
-363.071
-198.006
-33.243
130.343
291.259
446.567
591.216
719.643
809.308
866.744
743.718
716.262
-4793.97
-4663.39
-4517.72
-4366.11
-4221.83
-4084.16
-3947.7
-3809.18
-3667.52
-3522.16
-3372.71
-3219.24
-3062.31
-2902.63
-2740.9
-2577.78
-2413.65
-2248.99
-2084.06
-1918.98
-1753.95
-1588.99
-1424.01
-1258.96
-1093.74
-928.437
-763.147
-597.96
-432.724
-267.531
-102.707
60.9731
221.891
377.432
522.391
651.896
743.804
803.728
691.258
672.08
-4883.34
-4753.55
-4607.84
-4456.44
-4312.25
-4174.59
-4038.22
-3899.71
-3757.95
-3612.5
-3462.97
-3309.43
-3152.44
-2992.7
-2830.97
-2667.8
-2503.74
-2339.1
-2174.17
-2009.14
-1844.15
-1679.26
-1514.32
-1349.16
-1183.87
-1018.55
-853.332
-688.224
-523.021
-357.702
-192.548
-28.756
132.238
287.821
433.425
564.512
659.095
722.394
623.596
613.997
-4991.8
-4862.09
-4716.39
-4564.98
-4420.78
-4283.11
-4146.75
-4008.23
-3866.47
-3721.01
-3571.49
-3417.96
-3260.95
-3101.21
-2939.48
-2776.32
-2612.26
-2447.62
-2282.7
-2117.64
-1952.62
-1787.7
-1622.77
-1457.7
-1292.42
-1127.1
-961.774
-796.572
-631.408
-466.12
-301.041
-137.019
24.151
180.36
326.944
459.524
557.495
624.915
542.765
543.101
-5116.66
-4986.34
-4840.68
-4689.04
-4544.72
-4407.04
-4270.58
-4132.08
-3990.42
-3845.05
-3695.6
-3542.17
-3385.21
-3225.5
-3063.74
-2900.62
-2736.56
-2571.91
-2406.94
-2241.81
-2076.72
-1911.76
-1746.8
-1581.77
-1416.56
-1251.27
-1085.89
-920.528
-755.358
-590.101
-425.209
-260.975
-99.4609
57.4891
205.419
339.608
441.303
513.506
451.113
461.01
-5254.05
-5123
-4977.47
-4825.66
-4681.21
-4543.53
-4407.05
-4268.55
-4126.94
-3981.68
-3832.32
-3678.93
-3522.04
-3362.33
-3200.58
-3037.47
-2873.41
-2708.73
-2543.74
-2378.6
-2213.47
-2048.47
-1883.47
-1718.43
-1553.25
-1387.95
-1222.59
-1057.11
-891.895
-726.587
-561.707
-397.466
-235.425
-77.9026
71.7098
208.068
314.07
391.196
351.531
371.143
-5400.39
-5268.96
-5123.53
-4971.57
-4826.99
-4689.28
-4552.76
-4414.22
-4272.65
-4127.46
-3978.21
-3824.9
-3668.06
-3508.4
-3346.65
-3183.51
-3019.43
-2854.76
-2689.75
-2524.6
-2359.47
-2194.42
-2029.39
-1864.32
-1699.17
-1533.85
-1368.47
-1202.94
-1037.58
-872.281
-707.329
-543.118
-380.659
-222.15
-70.8792
68.1887
179.145
261.823
246.392
276.329
-5552.18
-5420.52
-5275.17
-5123.13
-4978.46
-4840.73
-4704.19
-4565.65
-4424.08
-4278.96
-4129.75
-3976.48
-3819.69
-3660.05
-3498.3
-3335.11
-3171.01
-3006.34
-2841.34
-2676.21
-2511.07
-2346.03
-2180.95
-2015.83
-1850.68
-1685.39
-1519.97
-1354.49
-1188.98
-1023.58
-858.385
-694.06
-531.265
-371.723
-218.812
-76.8165
39.706
128.604
139.74
179.236
-5705.64
-5573.96
-5428.65
-5276.6
-5131.92
-4994.2
-4857.65
-4719.09
-4577.53
-4432.39
-4283.2
-4129.99
-3973.21
-3813.56
-3651.78
-3488.53
-3324.42
-3159.76
-2994.79
-2829.64
-2664.53
-2499.47
-2334.38
-2169.22
-2004.06
-1838.8
-1673.44
-1507.98
-1342.4
-1176.79
-1011.3
-846.584
-683.264
-522.974
-368.283
-223.157
-100.53
-4.40348
34.6349
82.5706
-5857
-5725.56
-5580.14
-5428.17
-5283.6
-5145.89
-5009.34
-4870.79
-4729.2
-4583.99
-4434.77
-4281.55
-4124.75
-3965.07
-3803.28
-3640.05
-3475.9
-3311.26
-3146.32
-2981.23
-2816.1
-2650.95
-2485.85
-2320.75
-2155.65
-1990.51
-1825.11
-1659.52
-1493.64
-1327.82
-1162.25
-997.384
-833.738
-672.452
-515.207
-366.041
-236.451
-133.022
-66.1007
-13.5904
-6002.41
-5871.55
-5726
-5574.15
-5429.73
-5292.06
-5155.54
-5016.96
-4875.33
-4730.05
-4580.72
-4427.41
-4270.58
-4110.89
-3949.1
-3785.9
-3621.78
-3457.14
-3292.18
-3127.12
-2961.98
-2796.83
-2631.81
-2466.77
-2301.64
-2136.38
-1970.89
-1805.25
-1639.35
-1473.61
-1307.99
-1142.71
-978.379
-815.151
-655.089
-501.818
-365.364
-255.109
-157.676
-108.672
-6138.52
-6008.29
-5862.61
-5710.96
-5566.67
-5429.01
-5292.55
-5154.02
-5012.33
-4866.94
-4717.49
-4564.06
-4407.13
-4247.43
-4085.7
-3922.55
-3758.43
-3593.74
-3428.77
-3263.75
-3098.73
-2933.67
-2768.65
-2603.54
-2438.28
-2272.9
-2107.41
-1941.89
-1776.06
-1610.35
-1444.41
-1278.48
-1112.91
-947.986
-785.362
-627.786
-484.652
-366.037
-231.946
-201.209
-6261.94
-6132.35
-5986.64
-5835.22
-5691.04
-5553.38
-5417
-5278.51
-5136.72
-4991.23
-4841.71
-4688.17
-4531.18
-4371.44
-4209.7
-4046.52
-3882.42
-3717.78
-3552.84
-3387.86
-3222.83
-3057.86
-2892.83
-2727.68
-2562.36
-2396.95
-2231.54
-2066.03
-1900.29
-1734.2
-1567.67
-1401.05
-1234.64
-1068.65
-902.934
-741.039
-589.14
-461.053
-286.66
-277.443
-6370.37
-6240.87
-6095.16
-5943.74
-5799.55
-5661.89
-5525.49
-5386.97
-5245.21
-5099.73
-4950.22
-4796.68
-4639.7
-4479.94
-4318.19
-4155.01
-3990.94
-3826.33
-3661.45
-3496.48
-3331.38
-3166.29
-3001.21
-2836.02
-2670.71
-2505.45
-2340.13
-2174.63
-2008.56
-1842.06
-1675.03
-1507.91
-1340.95
-1173.41
-1004.46
-835.942
-674.719
-538.097
-315.854
-293.036
-6461.45
-6331.12
-6185.45
-6033.81
-5889.52
-5751.86
-5615.39
-5476.83
-5335.16
-5189.82
-5040.36
-4886.94
-4730.01
-4570.3
-4408.52
-4245.33
-4081.21
-3916.56
-3751.71
-3586.69
-3421.58
-3256.43
-3091.3
-2926.06
-2760.84
-2595.54
-2430.32
-2264.72
-2098.55
-1931.64
-1764.21
-1596.88
-1429.41
-1260.73
-1086.99
-910.146
-736.535
-586.818
-316.893
-275.934
-6531.8
-6400.69
-6255.19
-6103.41
-5959
-5821.33
-5684.8
-5546.26
-5404.62
-5259.33
-5110
-4956.64
-4799.73
-4640.07
-4478.33
-4315.1
-4151.02
-3986.38
-3821.48
-3656.42
-3491.25
-3326.02
-3160.78
-2995.54
-2830.39
-2665.32
-2500.04
-2334.22
-2167.52
-2000.43
-1832.97
-1665.99
-1498.09
-1327.19
-1147.78
-952.681
-751.577
-590.675
-316.523
-264.068
-6579.68
-6448.15
-6302.77
-6150.82
-6006.25
-5868.56
-5732.01
-5593.45
-5451.86
-5306.58
-5157.32
-5004.03
-4847.24
-4687.69
-4525.95
-4362.68
-4198.5
-4033.81
-3868.95
-3703.89
-3538.67
-3373.28
-3208.02
-3042.87
-2877.92
-2712.81
-2547.33
-2381.08
-2214.61
-2047.53
-1880.66
-1713.08
-1544.12
-1369.29
-1173.71
-948.537
-743.051
-596.276
-326.451
-262.004
-6603.91
-6472.14
-6326.79
-6174.78
-6030.15
-5892.45
-5755.94
-5617.37
-5475.76
-5330.55
-5181.3
-5028.05
-4871.29
-4711.73
-4549.98
-4386.73
-4222.54
-4057.88
-3893
-3727.91
-3562.64
-3397.22
-3231.96
-3066.9
-2901.93
-2736.81
-2571.12
-2404.92
-2238.48
-2071.38
-1904.66
-1736.51
-1566.44
-1386.48
-1178.25
-940.7
-741.941
-600.377
-331.517
-260.015
-6603.88
-6472.12
-6326.78
-6174.77
-6030.13
-5892.44
-5755.94
-5617.37
-5475.75
-5330.54
-5181.32
-5028.08
-4871.31
-4711.71
-4549.94
-4386.72
-4222.57
-4057.94
-3893.02
-3727.9
-3562.61
-3397.21
-3231.95
-3066.91
-2901.94
-2736.82
-2571.12
-2404.91
-2238.47
-2071.38
-1904.63
-1736.48
-1566.39
-1386.35
-1177.97
-939.669
-740.752
-599.781
-332.066
-260.141
-6579.69
-6448.12
-6302.74
-6150.81
-6006.24
-5868.55
-5732.02
-5593.45
-5451.83
-5306.59
-5157.37
-5004.09
-4847.3
-4687.68
-4525.93
-4362.67
-4198.47
-4033.84
-3868.89
-3703.83
-3538.65
-3373.33
-3208.02
-3042.88
-2877.94
-2712.85
-2547.32
-2381.04
-2214.56
-2047.52
-1880.64
-1713.08
-1544.05
-1369.03
-1172.69
-945.273
-739.667
-595.277
-328.134
-262.037
-6531.9
-6400.68
-6255.18
-6103.39
-5958.99
-5821.33
-5684.82
-5546.27
-5404.61
-5259.29
-5109.98
-4956.62
-4799.77
-4640.11
-4478.38
-4315.19
-4151.05
-3986.38
-3821.4
-3656.32
-3491.19
-3326.01
-3160.77
-2995.55
-2830.4
-2665.39
-2500.03
-2334.17
-2167.49
-2000.4
-1832.94
-1665.99
-1498.01
-1326.98
-1146.82
-948.869
-746.329
-589.109
-318.193
-263.916
-6461.58
-6331.04
-6185.43
-6033.83
-5889.55
-5751.9
-5615.43
-5476.89
-5335.19
-5189.8
-5040.37
-4886.91
-4729.95
-4570.29
-4408.59
-4245.4
-4081.25
-3916.61
-3751.65
-3586.62
-3421.54
-3256.38
-3091.26
-2926.1
-2760.87
-2595.58
-2430.29
-2264.7
-2098.53
-1931.56
-1764.16
-1596.83
-1429.33
-1260.5
-1086.38
-908.037
-733.515
-585.681
-317.248
-274.278
-6370.5
-6240.83
-6095.14
-5943.71
-5799.51
-5661.86
-5525.49
-5386.96
-5245.22
-5099.76
-4950.26
-4796.74
-4639.73
-4480
-4318.24
-4155.03
-3990.9
-3826.27
-3661.37
-3496.39
-3331.38
-3166.31
-3001.22
-2836.04
-2670.77
-2505.49
-2340.12
-2174.6
-2008.53
-1842.01
-1674.94
-1507.84
-1340.83
-1173.32
-1004.13
-834.803
-672.752
-536.596
-314.139
-291.378
-6261.96
-6132.34
-5986.62
-5835.21
-5691.02
-5553.35
-5416.98
-5278.46
-5136.72
-4991.23
-4841.68
-4688.14
-4531.17
-4371.49
-4209.74
-4046.59
-3882.48
-3717.8
-3552.87
-3387.87
-3222.84
-3057.8
-2892.81
-2727.7
-2562.41
-2396.96
-2231.51
-2066
-1900.29
-1734.16
-1567.61
-1400.95
-1234.48
-1068.46
-902.58
-740.311
-588.248
-460.33
-284.763
-277.598
-6138.63
-6008.25
-5862.58
-5710.95
-5566.66
-5428.98
-5292.52
-5154
-5012.35
-4866.97
-4717.49
-4564.03
-4407.11
-4247.43
-4085.71
-3922.55
-3758.47
-3593.77
-3428.76
-3263.74
-3098.69
-2933.65
-2768.66
-2603.59
-2438.34
-2272.94
-2107.41
-1941.85
-1776.07
-1610.32
-1444.37
-1278.38
-1112.74
-947.726
-784.991
-627.228
-484.166
-365.996
-231.203
-201.833
-6002.54
-5871.48
-5725.94
-5574.13
-5429.72
-5292.04
-5155.51
-5016.99
-4875.35
-4730.06
-4580.74
-4427.39
-4270.52
-4110.85
-3949.07
-3785.89
-3621.79
-3457.16
-3292.21
-3127.17
-2962.06
-2796.91
-2631.83
-2466.73
-2301.58
-2136.36
-1970.89
-1805.24
-1639.34
-1473.59
-1307.95
-1142.62
-978.207
-814.857
-654.715
-501.381
-365.055
-255.173
-157.51
-109.066
-5857.03
-5725.51
-5580.11
-5428.18
-5283.62
-5145.91
-5009.36
-4870.8
-4729.2
-4583.97
-4434.75
-4281.49
-4124.68
-3965.02
-3803.24
-3640.03
-3475.94
-3311.31
-3146.37
-2981.26
-2816.1
-2650.97
-2485.85
-2320.76
-2155.69
-1990.51
-1825.12
-1659.5
-1493.61
-1327.79
-1162.21
-997.312
-833.589
-672.187
-514.842
-365.613
-236.143
-133.017
-66.1721
-13.8762
-5705.68
-5573.94
-5428.61
-5276.61
-5131.96
-4994.25
-4857.7
-4719.12
-4577.52
-4432.33
-4283.14
-4129.92
-3973.15
-3813.51
-3651.76
-3488.56
-3324.46
-3159.81
-2994.83
-2829.67
-2664.54
-2499.48
-2334.4
-2169.26
-2004.05
-1838.8
-1673.45
-1507.97
-1342.37
-1176.74
-1011.26
-846.521
-683.14
-522.763
-367.948
-222.751
-100.14
-4.29303
34.4716
82.2694
-5552.29
-5420.49
-5275.14
-5123.12
-4978.47
-4840.77
-4704.23
-4565.66
-4424.07
-4278.92
-4129.71
-3976.45
-3819.65
-3660.01
-3498.27
-3335.12
-3171.05
-3006.39
-2841.38
-2676.22
-2511.08
-2346.03
-2180.99
-2015.87
-1850.68
-1685.38
-1519.97
-1354.47
-1188.95
-1023.54
-858.349
-694.002
-531.154
-371.498
-218.468
-76.4265
40.025
128.712
139.653
179.05
-5400.54
-5268.9
-5123.48
-4971.53
-4826.97
-4689.29
-4552.77
-4414.21
-4272.62
-4127.45
-3978.18
-3824.87
-3668.05
-3508.4
-3346.68
-3183.55
-3019.46
-2854.78
-2689.78
-2524.62
-2359.47
-2194.39
-2029.41
-1864.35
-1699.18
-1533.87
-1368.47
-1202.92
-1037.55
-872.247
-707.295
-543.071
-380.562
-221.95
-70.5147
68.6128
179.402
261.903
246.431
276.397
-5254.11
-5122.97
-4977.44
-4825.64
-4681.2
-4543.52
-4407.01
-4268.47
-4126.86
-3981.62
-3832.28
-3678.92
-3522.03
-3362.35
-3200.65
-3037.53
-2873.44
-2708.75
-2543.77
-2378.6
-2213.44
-2048.42
-1883.47
-1718.45
-1553.29
-1387.98
-1222.56
-1057.09
-891.879
-726.572
-561.674
-397.41
-235.32
-77.7248
72.0432
208.483
314.35
391.348
351.745
371.439
-5116.76
-4986.27
-4840.63
-4689
-4544.7
-4407.01
-4270.57
-4132.04
-3990.37
-3845.02
-3695.6
-3542.17
-3385.22
-3225.49
-3063.76
-2900.61
-2736.52
-2571.9
-2406.94
-2241.87
-2076.79
-1911.82
-1746.84
-1581.79
-1416.58
-1251.22
-1085.78
-920.498
-755.371
-590.114
-425.189
-260.909
-99.339
57.6411
205.677
339.991
441.628
513.815
451.548
461.416
-4991.8
-4862.07
-4716.36
-4564.96
-4420.77
-4283.11
-4146.74
-4008.24
-3866.49
-3721.03
-3571.5
-3417.98
-3261
-3101.23
-2939.47
-2776.31
-2612.26
-2447.67
-2282.72
-2117.67
-1952.64
-1787.7
-1622.74
-1457.7
-1292.43
-1127.02
-961.719
-796.556
-631.42
-466.14
-301.039
-136.953
24.2673
180.496
327.146
459.846
557.878
625.432
543.361
543.514
)
;
    }
}


// ************************************************************************* //
