/*--------------------------------*- C++ -*----------------------------------*\
| =========                 |                                                 |
| \\      /  F ield         | OpenFOAM: The Open Source CFD Toolbox           |
|  \\    /   O peration     | Version:  2406                                  |
|   \\  /    A nd           | Website:  www.openfoam.com                      |
|    \\/     M anipulation  |                                                 |
\*---------------------------------------------------------------------------*/
FoamFile
{
    version     2.0;
    format      ascii;
    arch        "LSB;label=32;scalar=64";
    class       volScalarField;
    location    "1.5";
    object      p_rgh;
}
// * * * * * * * * * * * * * * * * * * * * * * * * * * * * * * * * * * * * * //

dimensions      [1 -1 -2 0 0 0 0];

internalField   nonuniform List<scalar> 
20000
(
-6117.8
-6118.81
-6119.4
-6119.81
-6120.15
-6120.16
-6119.94
-6119.27
-6118.55
-6117.59
-6118.77
-6119.53
-6120.23
-6120.69
-6121.04
-6121.05
-6120.69
-6120.2
-6119.61
-6118.74
-6119.39
-6120.24
-6120.9
-6121.36
-6121.7
-6121.69
-6121.38
-6120.91
-6120.33
-6119.41
-6119.8
-6120.74
-6121.45
-6121.89
-6122.09
-6122.09
-6121.9
-6121.46
-6120.81
-6119.91
-6120.08
-6121.02
-6121.68
-6122.12
-6122.31
-6122.32
-6122.12
-6121.69
-6121.03
-6120.08
-6120.11
-6121.01
-6121.65
-6122.09
-6122.31
-6122.32
-6122.1
-6121.66
-6121.01
-6120.12
-6119.86
-6120.76
-6121.43
-6121.87
-6122.1
-6122.1
-6121.88
-6121.44
-6120.77
-6119.88
-6119.38
-6120.28
-6120.98
-6121.43
-6121.65
-6121.66
-6121.44
-6120.99
-6120.3
-6119.4
-6118.65
-6119.59
-6120.27
-6120.74
-6120.98
-6121.01
-6120.77
-6120.28
-6119.62
-6118.67
-6117.73
-6118.72
-6119.37
-6119.85
-6120.08
-6120.13
-6119.84
-6119.37
-6118.66
-6117.69
-6148.04
-6148.16
-6147.81
-6147.84
-6147.86
-6147.93
-6147.89
-6147.72
-6147.58
-6148.25
-6147.9
-6148.25
-6148.24
-6148.07
-6148.33
-6148.37
-6148.08
-6148.27
-6147.68
-6147.47
-6147.74
-6147.95
-6148.3
-6148.33
-6148.49
-6148.49
-6148.25
-6148.17
-6147.88
-6147.67
-6147.89
-6148.09
-6148.35
-6148.48
-6148.52
-6148.5
-6148.48
-6148.39
-6148.33
-6148.17
-6148.28
-6148.41
-6148.42
-6148.52
-6148.51
-6148.51
-6148.54
-6148.47
-6148.36
-6148.2
-6148.01
-6148.2
-6148.46
-6148.51
-6148.55
-6148.61
-6148.48
-6148.41
-6148.29
-6148.19
-6147.99
-6148.15
-6148.42
-6148.49
-6148.56
-6148.56
-6148.45
-6148.36
-6148.28
-6148.13
-6148.03
-6148.19
-6148.33
-6148.39
-6148.37
-6148.38
-6148.34
-6148.31
-6148.19
-6148
-6147.83
-6148.03
-6148.18
-6148.25
-6148.27
-6148.26
-6148.22
-6148.18
-6148
-6147.84
-6147.7
-6147.88
-6148.01
-6148.08
-6148.1
-6148.1
-6148.08
-6148.01
-6147.9
-6147.71
-6191.34
-6191.13
-6190.61
-6190.62
-6190.61
-6190.61
-6190.52
-6190.55
-6190.43
-6191.72
-6190.29
-6191.47
-6191.48
-6191.49
-6190.62
-6190.74
-6191.52
-6191.54
-6190.4
-6190.31
-6190.45
-6190.82
-6191.51
-6191.5
-6191.16
-6191.2
-6191.48
-6191.53
-6190.55
-6190.42
-6191.32
-6190.86
-6190.8
-6190.87
-6191.2
-6191.19
-6190.82
-6190.75
-6191.02
-6190.85
-6191.29
-6190.86
-6190.79
-6190.88
-6191.07
-6191.05
-6190.92
-6190.79
-6190.83
-6191.24
-6190.72
-6190.82
-6191.21
-6191.22
-6191.23
-6191.21
-6191.22
-6191.15
-6190.78
-6190.74
-6190.98
-6190.9
-6191.26
-6191.2
-6191.21
-6191.23
-6191.23
-6191.17
-6191.1
-6191
-6190.84
-6190.82
-6191.15
-6191.17
-6190.95
-6190.96
-6190.99
-6191.11
-6190.98
-6190.76
-6190.77
-6190.82
-6190.88
-6190.91
-6190.91
-6190.96
-6190.98
-6190.83
-6190.78
-6190.69
-6190.77
-6191.17
-6190.85
-6190.88
-6190.89
-6190.9
-6190.84
-6190.91
-6190.99
-6190.64
-6230.48
-6230.47
-6232.04
-6232.26
-6231.27
-6231.19
-6230.99
-6232.13
-6232.05
-6231.75
-6230.71
-6232.39
-6232.42
-6232.57
-6231.33
-6231.3
-6232.55
-6232.5
-6231.83
-6231.97
-6232.2
-6232.59
-6232.57
-6232.54
-6231.42
-6231.42
-6232.6
-6232.65
-6231.99
-6231.92
-6232.41
-6232.55
-6231.57
-6231.64
-6232.19
-6232.18
-6231.6
-6231.49
-6231.33
-6231.19
-6231.63
-6231.41
-6231.53
-6231.65
-6232.25
-6232.22
-6231.66
-6231.54
-6231.42
-6232.27
-6231.75
-6231.48
-6232.3
-6232.23
-6232.26
-6231.96
-6232.26
-6232.17
-6231.47
-6231.33
-6232.39
-6232.48
-6232.44
-6232.31
-6232.21
-6231.69
-6232.23
-6232.16
-6231.54
-6231.37
-6231.43
-6231.5
-6231.85
-6232.14
-6231.77
-6232.15
-6232.21
-6232.02
-6231.53
-6231.41
-6231.4
-6231.45
-6231.57
-6231.66
-6231.68
-6232.14
-6232.16
-6231.45
-6231.89
-6231.88
-6232.08
-6232.14
-6231.5
-6231.56
-6231.63
-6232.03
-6231.43
-6231.33
-6231.2
-6231.91
-6272.51
-6272.65
-6275.56
-6275.41
-6275.24
-6274.64
-6275.5
-6275.52
-6275.65
-6272.03
-6273.81
-6273.37
-6274.13
-6275.29
-6273.57
-6273.57
-6275.24
-6274.82
-6275.86
-6275.93
-6275.32
-6275.28
-6274.21
-6274.55
-6273.54
-6273.48
-6275.19
-6275.45
-6275.66
-6275.76
-6275.21
-6275.16
-6274.2
-6273.89
-6274.42
-6274.5
-6273.84
-6273.71
-6273.59
-6273.47
-6273.39
-6273.55
-6274.18
-6273.89
-6274.61
-6274.54
-6273.83
-6273.7
-6273.58
-6273.34
-6275.05
-6274.86
-6274.06
-6274.09
-6273.91
-6273.76
-6274.29
-6274.48
-6273.66
-6273.57
-6274.99
-6275.05
-6273.57
-6273.87
-6273.76
-6273.74
-6274.06
-6274.41
-6273.74
-6273.61
-6274.5
-6273.74
-6273.69
-6274.58
-6274.68
-6274.66
-6274.72
-6273.79
-6273.82
-6274.69
-6275.07
-6274.46
-6273.77
-6273.88
-6274.29
-6274.68
-6274.72
-6273.67
-6274.99
-6275.07
-6275.01
-6274.73
-6273.83
-6273.9
-6274.56
-6274.62
-6273.69
-6273.58
-6273.5
-6275.02
-6318.25
-6318.37
-6321.95
-6321.74
-6321.49
-6321.68
-6321.91
-6321.96
-6322.17
-6317.56
-6321.91
-6318.44
-6318.49
-6318.9
-6321.28
-6320.6
-6318.74
-6318.17
-6322.27
-6322.3
-6321.61
-6321.04
-6318.53
-6318.57
-6319.02
-6318.85
-6318.52
-6318.36
-6322.04
-6322.2
-6319.1
-6321.1
-6320.98
-6320.76
-6319.62
-6319.57
-6320.72
-6321.14
-6319.7
-6319.04
-6319.06
-6320.33
-6321.02
-6320.81
-6320.6
-6320.44
-6320.26
-6321.03
-6320.73
-6318.9
-6321.23
-6321.17
-6319.14
-6319.32
-6319.4
-6319.41
-6319.44
-6319.85
-6321.08
-6320.63
-6321.21
-6320.88
-6319.05
-6319.18
-6319.36
-6319.42
-6319.42
-6319.5
-6319.64
-6319.7
-6321.27
-6320.25
-6319.23
-6319.56
-6320.69
-6320.71
-6320.75
-6319.52
-6319.72
-6321.46
-6321.36
-6321.23
-6320.84
-6320.1
-6320.73
-6320.74
-6320.86
-6321.05
-6321.4
-6321.52
-6321.6
-6318.79
-6320.7
-6320.57
-6320.72
-6320.72
-6320.56
-6320.05
-6319.42
-6321.54
-6366.86
-6369.07
-6365.42
-6366.02
-6368.4
-6368.67
-6368.82
-6368.72
-6368.75
-6363.56
-6369.06
-6364.83
-6364.55
-6364.47
-6368.15
-6368.34
-6364.33
-6364.09
-6367.45
-6366.32
-6367.58
-6364.85
-6364.8
-6364.66
-6368.18
-6368.23
-6364.35
-6364.15
-6366.74
-6368.35
-6365.16
-6365.41
-6367.71
-6367.65
-6365.98
-6366.09
-6367.81
-6367.93
-6368.03
-6367.92
-6365.33
-6367.91
-6367.77
-6367.69
-6365.77
-6366.01
-6367.77
-6367.88
-6367.94
-6365.15
-6368.12
-6368
-6365.31
-6365.45
-6365.65
-6366.33
-6365.79
-6365.88
-6368.04
-6368.23
-6364.79
-6364.87
-6365.16
-6365.37
-6365.49
-6366.72
-6365.72
-6365.84
-6367.51
-6368.03
-6365.39
-6367.84
-6366.79
-6365.56
-6367.35
-6366.52
-6365.62
-6365.84
-6367.57
-6367.66
-6368.01
-6367.97
-6367.81
-6367.61
-6367.44
-6366.06
-6365.93
-6367.94
-6366.4
-6366.05
-6364.83
-6364.87
-6367.64
-6367.49
-6367.41
-6366.53
-6367.89
-6367.98
-6366.73
-6366.21
-6415.29
-6415.12
-6408.49
-6408.69
-6412.26
-6413.07
-6410.65
-6409.03
-6408.66
-6414.82
-6414.77
-6411.5
-6409.06
-6409.09
-6413.62
-6413.75
-6408.89
-6408.63
-6408.26
-6408.24
-6409.64
-6409.7
-6409.98
-6409.8
-6413.81
-6413.91
-6408.92
-6408.66
-6408.42
-6408.4
-6409.97
-6409.92
-6413.04
-6412.84
-6411.08
-6411.12
-6413.22
-6413.28
-6413.46
-6413.73
-6412.59
-6413.33
-6413.16
-6412.98
-6410.95
-6411.08
-6413.16
-6413.23
-6413.3
-6411.95
-6411.59
-6410.84
-6411.42
-6412.02
-6412.37
-6412.91
-6411.02
-6410.97
-6413.3
-6413.46
-6409.48
-6409.59
-6412.38
-6412.7
-6412.3
-6412.9
-6411.86
-6410.94
-6413.24
-6413.37
-6409.46
-6413.1
-6413.08
-6410.77
-6412.69
-6410.4
-6410.4
-6412.66
-6413.1
-6409.47
-6411.13
-6412.77
-6413.03
-6412.9
-6412.83
-6410.43
-6410.45
-6413.44
-6409.49
-6409.43
-6409.4
-6409.56
-6412.94
-6412.86
-6412.12
-6410.44
-6413.39
-6413.55
-6413.73
-6409.53
-6459.18
-6458.97
-6451.21
-6451.41
-6451.65
-6452
-6451.61
-6451.32
-6451.18
-6460.36
-6453.99
-6458.68
-6458.23
-6454.59
-6456.09
-6456.64
-6455.15
-6456.11
-6451.11
-6450.79
-6452.62
-6452.68
-6458.04
-6457.84
-6457.58
-6457.46
-6457.06
-6455.03
-6451.2
-6451.17
-6455.26
-6452.87
-6453.64
-6455.62
-6455.47
-6455.35
-6456.12
-6455.16
-6457.28
-6457.48
-6457.68
-6457.27
-6454.29
-6455.74
-6454.37
-6454.36
-6456.58
-6455.06
-6456.55
-6457.66
-6452.58
-6452.61
-6456.94
-6456.84
-6456.71
-6456.6
-6456.54
-6454.29
-6455.59
-6456.14
-6452.53
-6452.59
-6456.99
-6456.93
-6456.82
-6456.61
-6456.62
-6455.6
-6456.65
-6456.83
-6452.3
-6456.73
-6456.83
-6454.01
-6453.82
-6453.53
-6453.56
-6456.61
-6456.59
-6452.3
-6452.26
-6452.51
-6454.94
-6456.37
-6454.12
-6453.46
-6453.61
-6455.14
-6452.36
-6452.36
-6452.23
-6452.46
-6454.54
-6456.29
-6453.59
-6453.43
-6455.92
-6457.42
-6457.66
-6452.44
-6501.23
-6499.55
-6495.79
-6493.74
-6493.12
-6492.85
-6492.51
-6492.39
-6492.39
-6502.59
-6492.99
-6500.16
-6500.14
-6500.14
-6493.37
-6493.16
-6500.94
-6501.13
-6491.76
-6491.3
-6493.41
-6497.76
-6499.98
-6499.81
-6495.99
-6496.25
-6500.82
-6500.96
-6492.1
-6491.77
-6499.74
-6494.97
-6494.68
-6494.74
-6497.2
-6497.15
-6494.16
-6494.16
-6495.39
-6499.35
-6499.52
-6493.89
-6494.27
-6494.62
-6496.4
-6496.73
-6494.66
-6494.03
-6493.84
-6499.51
-6493.57
-6493.76
-6498.57
-6498.48
-6498.35
-6498.23
-6498.14
-6497.64
-6493.52
-6493.38
-6493.63
-6497.24
-6498.76
-6498.54
-6498.48
-6498.36
-6498.23
-6498.12
-6496.11
-6494.81
-6499.21
-6496.95
-6498.55
-6497.08
-6494.75
-6495.63
-6497.16
-6498.12
-6496.1
-6493.53
-6493.46
-6493.6
-6493.83
-6496.95
-6494.58
-6494.72
-6495.09
-6493.77
-6493.42
-6494.41
-6494.37
-6499.89
-6494.4
-6495.34
-6494.53
-6494.45
-6494.2
-6495.29
-6499.41
-6493.09
-6538.29
-6531.33
-6540.32
-6540.32
-6532.31
-6532.09
-6531.66
-6532.32
-6532.09
-6542.53
-6531.95
-6539.76
-6539.96
-6539.98
-6532.39
-6532.29
-6540.83
-6541.23
-6540.26
-6541.53
-6534.96
-6539.58
-6539.66
-6539.65
-6532.52
-6532.42
-6540.64
-6541.04
-6540.46
-6534.54
-6539.53
-6539.27
-6533.58
-6533.68
-6536.58
-6536.52
-6533.09
-6532.99
-6532.75
-6535.43
-6539.22
-6533.29
-6533.45
-6533.52
-6536.74
-6536.56
-6533
-6532.76
-6532.46
-6539.13
-6532.69
-6534.27
-6538.19
-6537.89
-6536.99
-6535.12
-6537.54
-6537.4
-6532.23
-6532.08
-6539.38
-6539.19
-6538.82
-6537.33
-6537.8
-6534.54
-6537.81
-6537.53
-6532.6
-6532.35
-6539.84
-6533.02
-6534.11
-6537.81
-6533.67
-6538.1
-6538.17
-6537.35
-6533.16
-6539.84
-6533.2
-6532.77
-6533.02
-6533.2
-6533.54
-6538.17
-6538.41
-6532.58
-6538.54
-6540.19
-6539.95
-6539.97
-6533.33
-6533.54
-6533.7
-6536.35
-6532.88
-6532.66
-6534.96
-6538.12
-6568.14
-6568.29
-6578.34
-6578.29
-6574.55
-6572.45
-6577.96
-6579.07
-6580.14
-6570.03
-6568.74
-6571.17
-6577.03
-6577.91
-6569.44
-6569.42
-6578.82
-6579.95
-6580.58
-6580.79
-6577.01
-6576.8
-6574.39
-6572.36
-6569.48
-6569.21
-6574.63
-6579.55
-6580.2
-6580.26
-6576.42
-6576.58
-6570.68
-6570.84
-6574.01
-6573.98
-6570
-6569.93
-6569.8
-6569.52
-6572.36
-6570.55
-6570.51
-6570.67
-6574
-6574
-6570.01
-6569.95
-6569.8
-6572.71
-6572.81
-6576.81
-6573.23
-6571.49
-6570.69
-6570.74
-6572.94
-6574.74
-6570.92
-6569.21
-6577.48
-6577.01
-6571.29
-6570.52
-6570.77
-6570.66
-6570.74
-6574.75
-6569.67
-6569.41
-6577.64
-6570.47
-6570.36
-6575.28
-6571.93
-6575.79
-6575.93
-6569.37
-6569.92
-6577.95
-6577.77
-6574
-6570.13
-6570.43
-6570.61
-6576.02
-6576.2
-6569.37
-6577.79
-6578.19
-6578.19
-6577.82
-6571.49
-6570.71
-6573.5
-6576.01
-6569.51
-6569.21
-6568.84
-6578.33
-6603.04
-6603.29
-6614.76
-6614.5
-6614.27
-6614.4
-6615.02
-6616.13
-6616.9
-6600.06
-6606.96
-6603.54
-6603.98
-6608.11
-6609.06
-6607.43
-6604.66
-6602.78
-6616.91
-6617.44
-6613.22
-6612.06
-6604.36
-6604.59
-6604.55
-6603.51
-6602.79
-6605.05
-6616.56
-6616.75
-6604.6
-6612.18
-6611.66
-6607.53
-6609.04
-6609
-6606.37
-6610.18
-6606.63
-6604.34
-6604.46
-6605.66
-6610.08
-6607.4
-6609.64
-6609.64
-6605.71
-6609.65
-6607.92
-6604.39
-6613.4
-6612.91
-6605.66
-6605.71
-6605.83
-6605.93
-6605.97
-6609.92
-6613.21
-6610.71
-6613.7
-6613.34
-6605.34
-6605.61
-6605.72
-6605.83
-6605.91
-6606.63
-6608.18
-6610.35
-6613.79
-6606.01
-6605.82
-6611.27
-6611.63
-6611.89
-6611.88
-6605.44
-6605.77
-6614.34
-6614.26
-6613.85
-6611.51
-6605.99
-6611.07
-6612.1
-6612.01
-6610.1
-6614.21
-6614.51
-6614.46
-6614.14
-6613.78
-6606.24
-6611.93
-6612.03
-6610.94
-6605.35
-6603.87
-6614.54
-6636.61
-6637.04
-6640.38
-6645.95
-6648.87
-6649.09
-6649.52
-6650.03
-6650.85
-6633.42
-6649.05
-6637.47
-6637.91
-6637.83
-6648.42
-6648.76
-6635.71
-6635.44
-6641.37
-6652.18
-6648.35
-6637.99
-6638.02
-6638.27
-6645.83
-6646.12
-6636.15
-6635.36
-6646.29
-6651.5
-6638.03
-6643.26
-6645.8
-6645.85
-6641.45
-6641.61
-6647.22
-6647.21
-6647.58
-6637.73
-6638.17
-6647.01
-6646.31
-6645.69
-6643.56
-6642.36
-6647.06
-6647.58
-6647.97
-6637.93
-6647.81
-6647.43
-6639.31
-6639.64
-6639.78
-6639.92
-6640.01
-6639.85
-6648.26
-6648.92
-6648.04
-6643.45
-6639.09
-6639.32
-6639.64
-6639.81
-6639.87
-6640.06
-6648.53
-6649.15
-6642.72
-6640.14
-6640.33
-6645.03
-6646.3
-6642.91
-6639.72
-6640.11
-6645.5
-6641.34
-6643.28
-6648.12
-6647.75
-6642.74
-6646.45
-6646.26
-6644.27
-6648.16
-6648.61
-6640.99
-6649.43
-6647.28
-6647.84
-6644.63
-6646.49
-6646.57
-6646.73
-6647.42
-6637.54
-6649.75
-6669.84
-6682.85
-6670.37
-6670.35
-6681.95
-6682.59
-6680.46
-6670.47
-6674.75
-6665.74
-6682.37
-6670.91
-6670.65
-6670.54
-6681.66
-6681.96
-6668.17
-6667.61
-6666.68
-6666.16
-6681.53
-6670.99
-6670.92
-6672.19
-6681.72
-6681.98
-6668.43
-6667.64
-6667.24
-6676.71
-6670.65
-6670.95
-6679.47
-6679.77
-6674.42
-6674.65
-6681.36
-6681.1
-6681.04
-6670.36
-6670.87
-6679.95
-6679.45
-6679.52
-6673.84
-6674.41
-6681.11
-6681.03
-6681.67
-6670.46
-6681.1
-6677.88
-6672.13
-6672.36
-6673.07
-6675.46
-6672.86
-6672.49
-6682.45
-6682.64
-6675.56
-6670.99
-6671.83
-6672.17
-6672.53
-6676.09
-6672.52
-6672.86
-6682.17
-6682.61
-6669.9
-6681.1
-6680.97
-6672.07
-6680.02
-6671.94
-6672.16
-6680.65
-6681.79
-6670.13
-6669.48
-6681.51
-6681.3
-6680.91
-6680.37
-6672.1
-6672.17
-6681.25
-6677.23
-6670.51
-6676.42
-6668.93
-6681.03
-6680.82
-6680.31
-6680.22
-6680.42
-6680.65
-6673.3
-6675.72
-6715.82
-6716.04
-6702.25
-6702.25
-6702.51
-6705.05
-6700.8
-6699.94
-6698.18
-6697.33
-6715.18
-6709.97
-6702.63
-6702.56
-6714.73
-6715.04
-6700.49
-6700.95
-6698.57
-6697.7
-6702.59
-6703.25
-6703.02
-6714.57
-6714.96
-6715.03
-6715.34
-6699.23
-6698.84
-6698.66
-6702.76
-6702.86
-6712.47
-6713.24
-6706.8
-6706.91
-6714.52
-6714.18
-6707.46
-6710.02
-6702.4
-6712.31
-6712.37
-6712.55
-6706.8
-6706.8
-6714.28
-6714.17
-6713.99
-6705.88
-6710.68
-6703.21
-6707.47
-6710.28
-6713.21
-6712.99
-6707.66
-6704.97
-6704.49
-6711.79
-6702.4
-6702.75
-6709.47
-6713.26
-6711.3
-6713.27
-6712.55
-6705.09
-6707.56
-6715.29
-6702.21
-6713.47
-6713.34
-6704.27
-6707.87
-6704.13
-6704.28
-6713.72
-6713.91
-6701.88
-6704.78
-6710.49
-6712.75
-6713.41
-6713.05
-6704.25
-6704.33
-6713.66
-6702.77
-6702.4
-6699.75
-6700.14
-6709.92
-6713.35
-6709.46
-6704.96
-6713.33
-6714.25
-6715.48
-6702.53
-6749.03
-6748.8
-6733.66
-6733.89
-6733.97
-6733.87
-6733.09
-6732.36
-6731.05
-6752.33
-6748.18
-6748.55
-6746.17
-6737.5
-6735.3
-6737.4
-6746.35
-6752.06
-6736.04
-6728.7
-6733.73
-6736.79
-6745.47
-6746.18
-6743.65
-6745.72
-6748.37
-6744.65
-6730.28
-6729.52
-6740.96
-6735.17
-6736.73
-6740
-6740.36
-6740.31
-6742.05
-6735.02
-6730.75
-6749.8
-6746.61
-6744.71
-6740.71
-6742.82
-6738.89
-6738.9
-6742.72
-6739.6
-6737.48
-6749.49
-6734.14
-6734.52
-6746.34
-6746.32
-6746.18
-6745.93
-6745.96
-6742.64
-6733.62
-6733.41
-6733.87
-6734.16
-6746.95
-6746.43
-6746.31
-6746.19
-6746.16
-6744.48
-6733.66
-6734.83
-6733.89
-6745.41
-6740.15
-6735.56
-6735.47
-6735.87
-6736.12
-6745.67
-6745.73
-6733.36
-6750.21
-6731.65
-6732.79
-6745.52
-6739.19
-6735.7
-6736.16
-6740.91
-6734.99
-6740.27
-6730.71
-6731.14
-6731.71
-6745.46
-6734.77
-6735.07
-6736.81
-6736.65
-6748.45
-6734.07
-6781.65
-6781.37
-6779.97
-6767.88
-6765.68
-6765.43
-6765.13
-6785.21
-6762.9
-6788.2
-6766.51
-6781.06
-6780.77
-6780.03
-6766.06
-6765.73
-6784.94
-6785.37
-6785.39
-6759.81
-6764.81
-6780.65
-6780.29
-6772.35
-6766.82
-6766.6
-6781.24
-6784.86
-6766.58
-6760.07
-6782.32
-6772.45
-6768.57
-6768.44
-6775.5
-6775.45
-6766.63
-6766.39
-6771
-6782.55
-6782.72
-6766.2
-6767.45
-6768.38
-6774
-6774.85
-6766.69
-6765.6
-6765
-6782.43
-6765.59
-6765.84
-6779.31
-6778.72
-6778.59
-6778.48
-6778.73
-6778.94
-6764.74
-6764.34
-6765.09
-6768.39
-6779.79
-6779.3
-6778.72
-6778.57
-6778.7
-6778.96
-6764.73
-6764.14
-6774.09
-6772.68
-6764.43
-6766.39
-6766.58
-6769.89
-6774.91
-6766.98
-6767.42
-6782.25
-6783.74
-6762.28
-6763.24
-6766.1
-6766.13
-6766.54
-6767.19
-6766.23
-6766.04
-6785.68
-6761.64
-6761.85
-6762.33
-6767.19
-6766.05
-6766.21
-6766.57
-6767.19
-6780.98
-6765.38
-6814.56
-6808.26
-6812.41
-6812.1
-6801.12
-6798.79
-6799.86
-6818.66
-6819.41
-6821.83
-6795.62
-6813.01
-6812.6
-6812.36
-6798.07
-6797.96
-6817.86
-6817.97
-6818.6
-6806.66
-6795.92
-6813.35
-6812.53
-6799.05
-6798.58
-6798.53
-6798.85
-6817.75
-6818.01
-6796.88
-6815.53
-6814.66
-6799.7
-6799.6
-6807.54
-6807.57
-6798.27
-6798.13
-6816.98
-6815.67
-6815.59
-6798.79
-6799.2
-6799.32
-6807.77
-6807.56
-6798.61
-6798.09
-6811.61
-6814.92
-6796.48
-6803.28
-6811.75
-6811.31
-6808.67
-6805.97
-6811.08
-6811.19
-6800.28
-6795.45
-6802.39
-6814.16
-6812.6
-6811.28
-6810.93
-6806.71
-6809.99
-6811.12
-6802.49
-6794.73
-6816.57
-6795.3
-6801.05
-6812.84
-6797.78
-6811.97
-6811.67
-6797.58
-6796.95
-6815.48
-6814.16
-6794.46
-6795.38
-6795.82
-6796.79
-6810.82
-6810.4
-6797.05
-6796.82
-6818.03
-6793.61
-6807.1
-6796.55
-6796.75
-6797.31
-6797.49
-6797.88
-6797.75
-6810.55
-6797.67
-6835.56
-6826.36
-6845.15
-6844.28
-6843.74
-6844.33
-6847.66
-6835.31
-6854.43
-6855.03
-6826.74
-6829.98
-6844.66
-6844.22
-6831.82
-6832.94
-6850.04
-6849.02
-6852.37
-6854.29
-6826.98
-6844.55
-6844.65
-6830.55
-6830.37
-6830.29
-6829.92
-6850.22
-6850.84
-6851.75
-6848.48
-6847.88
-6831.33
-6830.79
-6839.65
-6839.57
-6830.31
-6830.6
-6850
-6849.44
-6849.47
-6830.86
-6830.87
-6830.8
-6839.61
-6839.62
-6830.29
-6830.16
-6841.89
-6844.02
-6836.57
-6847.21
-6832.36
-6831.23
-6829.33
-6829.52
-6834.41
-6839.07
-6847.08
-6836.85
-6849.01
-6847.92
-6832.24
-6828.22
-6832.33
-6829.25
-6829.21
-6842.59
-6847.75
-6826.8
-6848.96
-6827.51
-6845.62
-6845.6
-6845.07
-6844.5
-6844.26
-6834.56
-6828.09
-6838.94
-6824.07
-6830.6
-6841.46
-6828.47
-6831.31
-6844.37
-6844.13
-6828.19
-6828.21
-6828.48
-6846.93
-6847.34
-6846.85
-6828.63
-6833.84
-6838.01
-6832.54
-6841.08
-6828.37
-6839.69
-6857.09
-6857.14
-6863.06
-6875.94
-6875.6
-6875.83
-6877
-6854.72
-6885.33
-6868.63
-6857.94
-6857.58
-6859.94
-6875.99
-6875.59
-6875.41
-6857.05
-6854.12
-6857.41
-6886.05
-6858.89
-6858.35
-6876.38
-6870.23
-6865.9
-6861.47
-6860.37
-6866.65
-6883.64
-6884.82
-6868.4
-6870.6
-6875.02
-6871.34
-6863.99
-6863.71
-6868.95
-6875.22
-6869.49
-6862.92
-6856.27
-6876.66
-6871.14
-6867.68
-6871.55
-6871.46
-6863.74
-6868.78
-6857.22
-6856.54
-6882.99
-6881.18
-6859.03
-6859.18
-6859.82
-6860.35
-6860.29
-6860.22
-6880.28
-6880.96
-6881.23
-6879.77
-6858.95
-6858.92
-6859.2
-6859.79
-6859.95
-6859.34
-6881.06
-6872.45
-6869.46
-6867.04
-6878.69
-6877.97
-6877.77
-6877.16
-6876.62
-6876.4
-6862.05
-6857.6
-6853.48
-6879.78
-6879.55
-6878.76
-6877.94
-6877.12
-6876.5
-6874.52
-6859.94
-6856.73
-6879.85
-6880.01
-6879.82
-6876.29
-6877.5
-6876.95
-6876.34
-6875.86
-6859.83
-6870.63
-6888.25
-6888.32
-6888.58
-6907.87
-6908.13
-6908.44
-6908.51
-6885.38
-6889.45
-6883.46
-6895.99
-6888.63
-6889.08
-6890.98
-6907.65
-6907.99
-6884.92
-6884.51
-6884.03
-6918.85
-6911.51
-6888.55
-6890.23
-6907.14
-6907.07
-6905.8
-6907.33
-6885.08
-6911.71
-6918.36
-6886.2
-6887.14
-6907.36
-6907.21
-6894.53
-6894.57
-6907.89
-6907.95
-6886.86
-6885.59
-6886.01
-6907.63
-6907.89
-6907.67
-6894.64
-6895.66
-6908.28
-6908.4
-6887.6
-6887.07
-6915.71
-6913.68
-6890.36
-6890.37
-6890.61
-6891.24
-6891.47
-6890.66
-6913.6
-6914.7
-6916.46
-6902.17
-6889.67
-6890.31
-6890.28
-6890.58
-6890.62
-6889.84
-6914.48
-6916.36
-6885.04
-6912.29
-6911.04
-6904.45
-6910.33
-6906.26
-6898.45
-6908.97
-6913.18
-6887.91
-6886.2
-6912.58
-6912.31
-6911.88
-6911.07
-6910.2
-6909.1
-6909.27
-6911.2
-6887.42
-6912.93
-6912.43
-6912.42
-6912.16
-6910.98
-6909.73
-6909.15
-6908.55
-6890.38
-6902.42
-6919.32
-6919.96
-6919.98
-6922.1
-6933.36
-6927.63
-6931.13
-6925.43
-6914.85
-6914.24
-6946.34
-6933.79
-6920.55
-6921.31
-6939.67
-6925.42
-6915.95
-6915.44
-6915.08
-6932.07
-6945.7
-6929.29
-6921.34
-6939.82
-6939.62
-6939.87
-6940.47
-6915.97
-6915.51
-6936.54
-6916.8
-6917.71
-6940.53
-6940.33
-6928.34
-6932.76
-6940.9
-6941.02
-6917.11
-6917.52
-6916.99
-6918.39
-6940.94
-6940.83
-6924.72
-6925.71
-6941.32
-6941.41
-6925.51
-6917.97
-6936.07
-6917.44
-6930.37
-6928.83
-6923.06
-6928.41
-6925.68
-6923.83
-6923.66
-6924.51
-6919.1
-6916.25
-6918.99
-6923.35
-6922.12
-6923.04
-6924.71
-6921.56
-6924.92
-6949.49
-6914.7
-6945.07
-6918.62
-6919.19
-6929.66
-6919.61
-6920.84
-6922
-6944.44
-6944.04
-6945.17
-6944.94
-6944.77
-6943.62
-6940.22
-6919.08
-6924.4
-6942.71
-6943.53
-6918.16
-6946.54
-6944.84
-6926.12
-6942.54
-6941.79
-6941.42
-6941.01
-6935.93
-6937.24
-6932.23
-6954.2
-6965.56
-6955.69
-6954.39
-6954.67
-6955.75
-6952.15
-6977.25
-6946.14
-6945.85
-6979.16
-6978.38
-6953.31
-6953.98
-6965.73
-6951.98
-6947.74
-6946.85
-6946.55
-6946.04
-6979.02
-6978.55
-6953.82
-6972.22
-6971.85
-6972.59
-6967.95
-6947.37
-6946.75
-6947.12
-6954.28
-6963.67
-6971.64
-6972.13
-6973.22
-6973.58
-6974.17
-6973.81
-6953.44
-6949.04
-6951.86
-6949.17
-6974.34
-6974.36
-6963.72
-6960.74
-6974.28
-6974.46
-6975.73
-6954.09
-6947.89
-6947.2
-6975.05
-6975.11
-6974.86
-6975.05
-6974.54
-6974.35
-6947.9
-6949.42
-6947.27
-6946.37
-6973.87
-6975.42
-6967.44
-6974.76
-6974.71
-6961.43
-6947.4
-6982
-6948.38
-6977.71
-6948.81
-6950
-6949.68
-6949.79
-6951.17
-6952.4
-6976.17
-6981.14
-6977.41
-6977.45
-6951.08
-6956.45
-6949.43
-6949.14
-6949.53
-6956.6
-6975.3
-6949.72
-6955.8
-6977.02
-6949.95
-6949.85
-6959.71
-6955.87
-6968.55
-6952.99
-6974.86
-6950.03
-7013.15
-7012.36
-7011.42
-6987.7
-6999.68
-6992.8
-6989.13
-7012.3
-6978.65
-6978.47
-7013.13
-7012.79
-7005.93
-6994.38
-6991.09
-7007.82
-7011.17
-7003.89
-6986.74
-6978.41
-7013.06
-7012.97
-6987.07
-6987.57
-6988.98
-7007.05
-6990.34
-6990.05
-6979.63
-6978.96
-7013.77
-7013
-6986.97
-6987.66
-7007.56
-7007.68
-6989.76
-6986.83
-7009.86
-6997.64
-7014.45
-7012.13
-6993.82
-6995.25
-7008.79
-7008.8
-7001.85
-6998.15
-7009.92
-7010.37
-6979.37
-6978.83
-7009.1
-7009.11
-7009.16
-7009.03
-7008.5
-7008.39
-6979.72
-6998.64
-6978.39
-6976.82
-7009.48
-7009.39
-7009.05
-7008.88
-7008.59
-7008.78
-6978.99
-6989.67
-6978.06
-6976.06
-6977.61
-6980.21
-6981.32
-6981.3
-6984.11
-6987.51
-6976.92
-6983.99
-7011.65
-7000.31
-6976.04
-6977.59
-6979.7
-6980.94
-6980.76
-6981.17
-7006.78
-6982.64
-6978.97
-7010.75
-6978.12
-6979.71
-6980.59
-6980.25
-6980.98
-6982.7
-7008.07
-6991.85
-7048.15
-7048.07
-7047.78
-7044.03
-7045.26
-7047.01
-7044.34
-7048.33
-7045.63
-7012.48
-7048.18
-7031.62
-7046.86
-7046.14
-7024.53
-7047.38
-7048
-7048.1
-7047.43
-7012.97
-7043.71
-7043.71
-7033.73
-7022.33
-7023.16
-7024.94
-7021.76
-7046.88
-7013.51
-7012.91
-7050.37
-7049.35
-7021.35
-7021.26
-7037.43
-7026.1
-7019.99
-7020
-7046.72
-7048.16
-7050.71
-7050.16
-7020.13
-7020
-7044.38
-7044.24
-7018.93
-7018.66
-7045.26
-7047.92
-7022.25
-7034.61
-7044.56
-7044.38
-7044.24
-7043.97
-7043.54
-7043.94
-7029.65
-7044.68
-7014.51
-7024.46
-7044.69
-7043.96
-7043.91
-7043.72
-7043.48
-7044.04
-7013.56
-7006
-7047.54
-7005.02
-7038.13
-7038.81
-7021.59
-7033.34
-7043
-7043.75
-7008.45
-7005.34
-7004.05
-7001.67
-7004.94
-7008.47
-7010.06
-7017.62
-7020.01
-7014.75
-7009.62
-7045.26
-7007.29
-7002.65
-7043.62
-7017.22
-7012.5
-7013.59
-7014.4
-7033.41
-7043.32
-7044.96
-7087.21
-7087.02
-7086.72
-7086.35
-7077.44
-7086.54
-7087.2
-7087.27
-7087.4
-7079.48
-7057.81
-7059.54
-7085.64
-7085.22
-7076.91
-7086.39
-7086.82
-7086.9
-7087.03
-7064.96
-7055.94
-7056.44
-7084.2
-7069.79
-7073.31
-7058.94
-7084.45
-7086.29
-7082.01
-7059.75
-7087.94
-7083.3
-7057.48
-7057.33
-7057.26
-7056.83
-7056
-7055.84
-7068.31
-7086.17
-7088.51
-7088.24
-7055.84
-7055.63
-7062.06
-7063.86
-7054.01
-7053.91
-7079.58
-7084.35
-7087.46
-7087.32
-7056.02
-7057.48
-7081.68
-7081.52
-7060.78
-7061.17
-7083.85
-7083.39
-7087.36
-7087.11
-7083.89
-7082.27
-7081.5
-7081.11
-7081.05
-7081.62
-7083.74
-7039.48
-7087.33
-7049.31
-7084.49
-7083.44
-7082.03
-7080.83
-7080.69
-7081.28
-7063.51
-7060.76
-7036.27
-7033.59
-7073.26
-7064.49
-7078.14
-7078.18
-7078.06
-7077.67
-7043.91
-7084.21
-7075.56
-7030.08
-7080.19
-7077.85
-7067.98
-7062.94
-7055.17
-7073.53
-7040.82
-7081.88
-7131.7
-7131.13
-7130.83
-7121
-7097.34
-7115.76
-7121.92
-7107.06
-7131.91
-7132.57
-7097.73
-7099.8
-7129.39
-7128.77
-7129.1
-7130.18
-7130.51
-7130.65
-7131.18
-7130.8
-7097.17
-7097.59
-7127.86
-7127.53
-7127.06
-7121.98
-7129.78
-7129.91
-7129.71
-7129.34
-7096.64
-7096.94
-7112.08
-7109.45
-7098.26
-7098.16
-7113.99
-7116.98
-7099.32
-7114.46
-7115.81
-7109.87
-7096.54
-7096.44
-7095.51
-7095.2
-7094.39
-7094.76
-7096.49
-7114.71
-7131
-7130.59
-7094.32
-7094.05
-7099.76
-7094.08
-7092.15
-7092.26
-7127.91
-7103.5
-7130.86
-7129.94
-7097.09
-7093.98
-7124.94
-7116.48
-7099.83
-7106.7
-7127.57
-7104.42
-7129.69
-7128.73
-7126.89
-7125.61
-7124.61
-7123.18
-7122.38
-7123.81
-7126.47
-7127.38
-7102.3
-7069.5
-7123.91
-7122.75
-7121.26
-7120.21
-7119.94
-7120.66
-7095.21
-7126.04
-7124.08
-7066.41
-7118.19
-7118.02
-7116.74
-7118.2
-7114.68
-7116.37
-7076.76
-7123.55
-7182.87
-7182.56
-7156.35
-7146.73
-7144.46
-7143.2
-7143.27
-7143
-7183.3
-7184.65
-7155.22
-7175.33
-7179.46
-7178.75
-7176.62
-7142.53
-7176.2
-7181.04
-7182.06
-7182.21
-7146.27
-7146.55
-7178.55
-7178.45
-7178.52
-7179.79
-7180.28
-7180.37
-7180.7
-7180.96
-7141.11
-7144.47
-7178.57
-7178.56
-7162.77
-7173.69
-7179.15
-7180.51
-7148.06
-7146.77
-7143.43
-7143.68
-7156.49
-7159.68
-7142.88
-7142.41
-7162.43
-7158.99
-7144.02
-7142.07
-7151.05
-7168.44
-7142.14
-7141.2
-7139.88
-7139.58
-7139.59
-7139.47
-7178.56
-7139.22
-7180.45
-7179.34
-7139.45
-7138.43
-7141.13
-7137.5
-7136.41
-7135.97
-7177.09
-7178.1
-7178.42
-7177.96
-7176.12
-7170.74
-7171.18
-7168.48
-7157.47
-7162.54
-7175.66
-7177.67
-7175.97
-7161.65
-7172.27
-7169.83
-7167.97
-7169.88
-7168.03
-7170.62
-7173.89
-7174.32
-7172.43
-7110.86
-7113.37
-7155.58
-7166.55
-7168.39
-7157.1
-7121.57
-7138.76
-7171.91
-7212.12
-7215.85
-7205.32
-7203.14
-7201.79
-7199.99
-7200.47
-7200.83
-7230.72
-7245.81
-7236.54
-7238.03
-7204.94
-7201.2
-7198.63
-7197.14
-7197.58
-7198.04
-7241.78
-7242.91
-7229.3
-7225.03
-7239.46
-7239.13
-7237.1
-7231.39
-7233.37
-7241.27
-7240.62
-7241.11
-7192.56
-7198.88
-7238.8
-7238.74
-7237.58
-7238.05
-7239.43
-7240.76
-7225.9
-7228.21
-7197.41
-7200.61
-7237.98
-7238.18
-7215.05
-7221.18
-7239.69
-7239.73
-7199.69
-7198.15
-7199.4
-7199.71
-7199.65
-7203.73
-7197.07
-7196.93
-7204.52
-7198.11
-7203.52
-7194.55
-7210.94
-7237.63
-7194.8
-7195.02
-7194.43
-7193.48
-7192.64
-7192.35
-7216.42
-7220.25
-7237.06
-7236.69
-7208.11
-7192.97
-7205.81
-7192.42
-7191.38
-7191.14
-7233.34
-7228.51
-7234.64
-7233.85
-7220.76
-7218.98
-7223.44
-7211.49
-7203.91
-7206.02
-7231.59
-7232.74
-7231.32
-7175.49
-7171.81
-7175.32
-7194.8
-7228.66
-7182.35
-7181.5
-7224.51
-7229.78
-7271.83
-7272.06
-7271.83
-7282.87
-7301.93
-7291.46
-7283.05
-7267.35
-7272.7
-7283.59
-7302.2
-7311.76
-7267.49
-7267.92
-7266.68
-7266.99
-7265.36
-7264.04
-7284.25
-7307.76
-7314.77
-7314.43
-7277.39
-7268.38
-7268.66
-7265.42
-7262.93
-7268.57
-7312.53
-7312.27
-7307.78
-7279.43
-7311.32
-7311.37
-7309.98
-7310.26
-7312.75
-7312.72
-7312.09
-7311.96
-7271.31
-7271.41
-7311.21
-7311.24
-7309.95
-7311.27
-7312.25
-7312.24
-7294.08
-7295.34
-7270.49
-7270.21
-7307.88
-7308.43
-7268.15
-7274.4
-7307.37
-7306.34
-7262.87
-7263.7
-7269.43
-7273.34
-7265.51
-7266.06
-7265.03
-7263.95
-7263.75
-7262.93
-7260.15
-7257.69
-7310.24
-7309.86
-7259.23
-7261.45
-7264.41
-7263.4
-7262.5
-7262.24
-7275.08
-7259.84
-7308.64
-7308.1
-7252.42
-7254.98
-7261.37
-7263.4
-7262.32
-7260.48
-7305.72
-7303.87
-7306.97
-7295.46
-7249.75
-7250.08
-7279.97
-7290.82
-7262.11
-7256.29
-7303.75
-7303.84
-7348.53
-7349.67
-7391.69
-7401.2
-7402.67
-7403.18
-7404.01
-7395.56
-7359.42
-7348.02
-7347.57
-7357.39
-7343.11
-7342.65
-7344.65
-7352.09
-7340.03
-7339.41
-7342.64
-7345.01
-7395.88
-7393.79
-7339.03
-7338.77
-7339.54
-7338.17
-7335.53
-7335.28
-7391.3
-7392.38
-7396.65
-7392.47
-7366.4
-7359.31
-7381.32
-7364.83
-7352.92
-7362.87
-7390.9
-7391.79
-7354.59
-7349.47
-7391.94
-7391.69
-7390.86
-7391.32
-7391.46
-7391.5
-7390.31
-7390.36
-7348.36
-7348.01
-7391.85
-7391.72
-7380.8
-7386.41
-7390.55
-7390.98
-7339.16
-7353.69
-7347.08
-7346.95
-7367.24
-7368.21
-7343.57
-7342.88
-7358.53
-7352.9
-7334.49
-7331.41
-7352.3
-7385.09
-7338.66
-7339.77
-7341.31
-7341.7
-7341.05
-7340.54
-7361.89
-7334.46
-7387.69
-7387.46
-7334.15
-7336.17
-7338.15
-7340.22
-7340.19
-7340.06
-7384.8
-7384.84
-7346.85
-7360.15
-7328.57
-7341.34
-7380.53
-7361.13
-7372.79
-7373.3
-7383.15
-7382.79
-7429.74
-7432.25
-7489.4
-7489.75
-7488.95
-7489.14
-7491.7
-7493.65
-7488.04
-7428.24
-7426.43
-7427.07
-7460.74
-7473.86
-7476.93
-7490.36
-7481.76
-7466.22
-7425.79
-7423.23
-7449.24
-7469.93
-7419
-7419.2
-7419.18
-7416.43
-7414.94
-7415.58
-7476.06
-7466.43
-7480.65
-7479.44
-7414.12
-7414.85
-7414.89
-7411.49
-7410.28
-7410.89
-7474.1
-7474.39
-7481.37
-7462.6
-7455.35
-7448.41
-7471.78
-7470.08
-7462.11
-7469.81
-7459.37
-7472.11
-7446.26
-7427.08
-7473.29
-7472.56
-7471.37
-7470.83
-7470.99
-7471.58
-7415.05
-7457.78
-7428.34
-7425.51
-7473.08
-7471.89
-7425.93
-7445.77
-7464.54
-7463.49
-7408.59
-7405.85
-7426.25
-7434.25
-7415.49
-7419.42
-7417.1
-7417.2
-7416.6
-7416.15
-7462.82
-7410.21
-7425.68
-7422.16
-7410.26
-7411.26
-7447.12
-7414.9
-7413.59
-7449.41
-7459.18
-7459.36
-7379.79
-7380.95
-7442.63
-7455.24
-7450.22
-7447.96
-7449.05
-7451.2
-7453.5
-7455.55
-7564.31
-7573.95
-7590.53
-7590.45
-7588.73
-7586.46
-7594.44
-7594.95
-7593.62
-7568.05
-7522.84
-7523.2
-7590.22
-7589.78
-7591.45
-7592.48
-7593.32
-7594.12
-7532.51
-7518.99
-7518.09
-7520.18
-7533.36
-7544.5
-7538.69
-7562.31
-7548.87
-7535.78
-7527.57
-7512.86
-7562.37
-7577.09
-7505.91
-7506.41
-7505.1
-7503.85
-7503.87
-7501.98
-7533.83
-7570.06
-7577.54
-7575.97
-7498.86
-7498.36
-7501.1
-7507.91
-7500.12
-7502.1
-7503.3
-7565.48
-7574.97
-7566.06
-7563.41
-7559.07
-7563.28
-7562.77
-7563.57
-7563.02
-7507.26
-7550.54
-7571.59
-7548.69
-7564.08
-7563.35
-7561.19
-7559.1
-7558.55
-7558.72
-7551.91
-7488.18
-7534.34
-7512.65
-7554.19
-7555.76
-7526.38
-7527.24
-7544.08
-7536.65
-7551
-7531.72
-7466.43
-7467.57
-7505.31
-7536.17
-7543.66
-7541.17
-7527.03
-7544.01
-7544.58
-7544.73
-7459.47
-7459.68
-7546.01
-7539.06
-7531.99
-7528.91
-7533.39
-7536.25
-7495.95
-7536.27
-7712.83
-7712.29
-7707.49
-7695.71
-7670.37
-7665.08
-7685.07
-7723.18
-7720.82
-7719.14
-7649.37
-7649.14
-7718.77
-7717.92
-7718.92
-7719.7
-7721.06
-7722.55
-7712.57
-7652.91
-7639.71
-7640.15
-7707.47
-7713.49
-7711.56
-7715.05
-7715.19
-7714.71
-7631.66
-7630.76
-7640.58
-7655.02
-7623.36
-7623.16
-7624.61
-7630.28
-7625.85
-7618.42
-7624.24
-7627.27
-7698.66
-7697.48
-7614.33
-7614.64
-7614.03
-7609.74
-7606.61
-7606.45
-7611.26
-7657.94
-7693.33
-7690.97
-7626.77
-7621.97
-7627.78
-7669.58
-7648.71
-7656.51
-7682.51
-7686.62
-7686.82
-7684.32
-7679.91
-7678.52
-7678.04
-7676.16
-7674.04
-7673.91
-7674.39
-7653.08
-7677.11
-7655.2
-7670.53
-7669.67
-7667.6
-7665.97
-7665.42
-7665.22
-7667.72
-7678.75
-7571.98
-7572.22
-7659.21
-7658.74
-7655.04
-7654.58
-7654.39
-7654.42
-7625.4
-7650.46
-7562.86
-7562.5
-7643.85
-7639.24
-7601.45
-7614.03
-7634.55
-7627.02
-7572.62
-7579.31
-7883.51
-7882.81
-7832.24
-7824.94
-7821.61
-7822.34
-7826.51
-7850.19
-7888.26
-7887.4
-7858.27
-7851.31
-7886.79
-7887.26
-7880.51
-7883.89
-7889.63
-7890.5
-7856.34
-7866.97
-7802.59
-7802.55
-7880.72
-7881.27
-7882.29
-7882.22
-7882.45
-7881.61
-7793.1
-7792.6
-7794.08
-7794.51
-7819.83
-7836.81
-7843.67
-7853.06
-7853
-7832.67
-7784.62
-7782.96
-7844.19
-7848.27
-7770.41
-7770.73
-7766.91
-7763.63
-7763.44
-7761.93
-7837.11
-7776.51
-7848.59
-7848
-7760.35
-7757.11
-7766.35
-7774.17
-7756.06
-7758.72
-7843.68
-7845.39
-7838.62
-7836.94
-7834.95
-7828.11
-7829.18
-7827.66
-7827.7
-7827.36
-7830.47
-7840.47
-7826.67
-7813.49
-7820.48
-7818.89
-7818.69
-7817.22
-7815.72
-7815.48
-7790.1
-7839.43
-7736.74
-7715
-7806.11
-7805.8
-7787.68
-7802.46
-7802.03
-7801.97
-7731.81
-7734.83
-7701.1
-7700.65
-7701.9
-7754.62
-7717.68
-7722.02
-7719.41
-7717.71
-7717.3
-7722.42
-8121.52
-8121.32
-8056.25
-8056.54
-8057.23
-8057.97
-8058.75
-8069.67
-8125.36
-8122.85
-8111.26
-8106.67
-8117.71
-8098.84
-8066.82
-8077.24
-8112.28
-8124.83
-8045.45
-8110.52
-8037.38
-8031.38
-8112.5
-8113.35
-8113.81
-8113.81
-8113.76
-8113.24
-8021.85
-8028.47
-8018.07
-8017.93
-8090.47
-8098.44
-8099.89
-8099.41
-8099.65
-8093.71
-8035.65
-8006.41
-8004
-8025.76
-7985.81
-7990.08
-8068.55
-8009.48
-7990.85
-7976.06
-8077.44
-7992.23
-8064.77
-8064.39
-7966.31
-7966.83
-8040.69
-7960.81
-7956.62
-7956.75
-8061.83
-8062.51
-8048.44
-8047.59
-7964.04
-7973.11
-8035.58
-8015.22
-7951.58
-7971.59
-8040.19
-8045.48
-8030.28
-8000.9
-8007.95
-8023.39
-7950.63
-8020.08
-7967.27
-8019.62
-7939.41
-8029.28
-7912.8
-7911.11
-7915.62
-7972.79
-7922.9
-7970.02
-7964.53
-7931.1
-7924.32
-7928.27
-7890.12
-7889.81
-7963.92
-7907.43
-7904.65
-7906.76
-7971.33
-7911.87
-7913.88
-7917.69
-8434.14
-8408.52
-8367.73
-8368.06
-8369.81
-8371.19
-8370.9
-8371.76
-8415.17
-8434.51
-8423.25
-8430.1
-8393.84
-8373.16
-8367.58
-8369.76
-8389.51
-8430.54
-8346.58
-8379.23
-8348.45
-8378.21
-8421.14
-8421.68
-8421.9
-8421.77
-8421.71
-8421.38
-8327.91
-8325.58
-8320.01
-8320.73
-8403.6
-8404.9
-8405.9
-8405.41
-8405.05
-8404.43
-8396.87
-8303.68
-8333.16
-8356.24
-8309.72
-8341.63
-8386.99
-8376.83
-8339.87
-8296.46
-8379.56
-8361.38
-8362.72
-8362.36
-8259.8
-8260.53
-8363.14
-8252.22
-8250.69
-8250.81
-8360.61
-8360.51
-8342.61
-8333.08
-8242.4
-8241.02
-8262.45
-8237.11
-8232.55
-8232.74
-8258.99
-8340.49
-8311.14
-8223.88
-8226.12
-8233.2
-8221.14
-8246.82
-8216.15
-8220.41
-8224.21
-8250.16
-8202.56
-8197.36
-8200.59
-8206.28
-8203.44
-8207.75
-8209.45
-8206.53
-8205.29
-8213.55
-8244.01
-8217.11
-8313.43
-8241.63
-8185.4
-8259.7
-8325.79
-8330.17
-8307.78
-8313.38
-8898.26
-8884.73
-8883.05
-8884.78
-8886.53
-8887.28
-8886.84
-8886.55
-8882.67
-8904.41
-8916.12
-8936.74
-8876.54
-8865.58
-8860.72
-8863.5
-8883.63
-8905.29
-8851.19
-8844.89
-8836.03
-8907.42
-8908.44
-8909.74
-8911.04
-8910.63
-8909.87
-8909.41
-8851.85
-8811.36
-8801.49
-8866.37
-8876.81
-8878.32
-8878.48
-8878.46
-8877.85
-8876.64
-8872.55
-8837.91
-8833.16
-8828.35
-8798.59
-8819.3
-8843.7
-8842.55
-8799.28
-8737.11
-8835.03
-8832.34
-8797.87
-8777.23
-8692.69
-8693.47
-8793.38
-8694.7
-8683.71
-8683.62
-8781.52
-8795.72
-8758.21
-8657.45
-8655.05
-8654.05
-8651.81
-8647.85
-8645.58
-8645.69
-8647.99
-8755.12
-8619.38
-8624.84
-8619.07
-8617.67
-8616.64
-8614.26
-8609.6
-8609.89
-8615.69
-8622.05
-8648.68
-8592.89
-8616.17
-8594.87
-8583.04
-8605.21
-8626.21
-8650.92
-8629.5
-8654.65
-8694.2
-8682.08
-8677.97
-8668.41
-8651.49
-8695.82
-8704.87
-8712.56
-8721.46
-8725.87
-9317.77
-9331.45
-9320.83
-9323.53
-9325.71
-9326.47
-9326.08
-9325.92
-9323.76
-9323.87
-9293.38
-9375.78
-9308.86
-9296.08
-9297.38
-9298.33
-9319.59
-9330.79
-9291.35
-9289.7
-9291.41
-9347.78
-9349.02
-9346.92
-9349.35
-9345.53
-9351.01
-9349.99
-9345.73
-9281.07
-9311.6
-9317.13
-9320.8
-9322.53
-9322.9
-9322.91
-9321.99
-9304.57
-9313.59
-9311.74
-9279.13
-9284.62
-9246.72
-9271.61
-9294.21
-9293.03
-9225.42
-9166.54
-9284.68
-9281.55
-9253.6
-9156.11
-9148.83
-9149.31
-9212.96
-9143.34
-9140.32
-9139.46
-9153.37
-9252.7
-9174.18
-9122.86
-9122.66
-9121.85
-9119.89
-9116.9
-9114.59
-9113.8
-9115.28
-9157.49
-9104.04
-9104.09
-9102.25
-9098.53
-9097.36
-9095.18
-9094.9
-9104.15
-9100.18
-9118.98
-9169.99
-9168.99
-9148.35
-9121.64
-9101.37
-9144.73
-9175.08
-9197.1
-9218.13
-9253.14
-9185.36
-9172.5
-9173.63
-9163.6
-9153.29
-9187.97
-9204.64
-9212.86
-9219.61
-9225
-6094.8
-6095.26
-6095.58
-6095.74
-6095.15
-6096.88
-6096.31
-6096.4
-6095.55
-6096.33
-6100.32
-6100.71
-6101.7
-6102.15
-6101.55
-6101.78
-6102.66
-6102.33
-6100.73
-6101.16
-6104.22
-6104.15
-6104.85
-6105.34
-6106.63
-6105.68
-6106.17
-6105.3
-6105.11
-6103.08
-6106.67
-6106.67
-6107.38
-6107.92
-6109.25
-6109.16
-6108.78
-6107.78
-6107.6
-6106.74
-6108.98
-6109.34
-6109.69
-6110.22
-6110.45
-6110.53
-6110.87
-6110.23
-6109.23
-6108.79
-6110.58
-6111.86
-6112.54
-6112.57
-6112.6
-6112.58
-6112.21
-6112.34
-6110.97
-6110.3
-6112.08
-6113.06
-6114.51
-6114.67
-6114.96
-6114.73
-6114.21
-6114.17
-6113.28
-6112.38
-6113.77
-6114.62
-6115.82
-6116.28
-6116.63
-6116.66
-6115.94
-6115.8
-6115.07
-6114.06
-6115.31
-6116.37
-6116.89
-6117.63
-6117.74
-6117.77
-6117.59
-6117.08
-6116.42
-6115.18
-6116.69
-6117.69
-6118.17
-6118.67
-6118.92
-6118.95
-6118.88
-6118.15
-6117.4
-6116.39
-6147.43
-6145.88
-6145.74
-6145.64
-6145.54
-6147.78
-6147.79
-6147.24
-6148.39
-6148.33
-6146.46
-6146.37
-6146.25
-6146.19
-6147.17
-6147.56
-6148.27
-6148.21
-6146.51
-6146.38
-6146.59
-6146.12
-6148.03
-6147.24
-6147.97
-6146.17
-6146.53
-6147.13
-6146.41
-6145.64
-6147.23
-6147.22
-6147.38
-6147.01
-6148.02
-6147.75
-6145.81
-6147.36
-6147.59
-6147.48
-6147.69
-6147.9
-6147.95
-6147.7
-6146.49
-6147.92
-6145.79
-6147.67
-6147.74
-6146.51
-6147.73
-6147.97
-6148.07
-6148.21
-6146.49
-6146.69
-6146.46
-6146.78
-6146.48
-6146.46
-6146.86
-6146.93
-6148.14
-6148.1
-6147.03
-6146.62
-6146.92
-6146.68
-6146.49
-6147.26
-6146.82
-6147.04
-6148.21
-6148.18
-6147.75
-6147.98
-6147.93
-6147.23
-6147.73
-6146.87
-6147.09
-6147.16
-6147.35
-6148.29
-6148.11
-6147.93
-6148.26
-6148.08
-6147.96
-6147.06
-6147.92
-6147.95
-6147.57
-6147.71
-6148.25
-6147.88
-6147.63
-6147.58
-6147.47
-6147.41
-6192.64
-6188.54
-6188.42
-6188.37
-6188.33
-6189.25
-6191.12
-6188.08
-6192
-6191.76
-6190.25
-6188.6
-6188.5
-6188.46
-6193.22
-6192.79
-6190.58
-6188.76
-6188.9
-6188.33
-6188.45
-6192.89
-6192.98
-6192.94
-6188.54
-6189.02
-6188.54
-6191.65
-6188.14
-6188.18
-6188.54
-6193.11
-6193.06
-6192.92
-6192.08
-6188.37
-6188.67
-6191.5
-6190.03
-6190.17
-6188.77
-6191.32
-6192.85
-6192.69
-6192.09
-6191.94
-6189.01
-6191.21
-6191.42
-6189.03
-6190.94
-6188.8
-6189.44
-6192.42
-6189.73
-6192.25
-6192.19
-6189.4
-6191.22
-6189.59
-6191.77
-6190.86
-6189.99
-6192.01
-6189.63
-6189.81
-6192.25
-6189.77
-6189.75
-6189.88
-6190.01
-6191.42
-6191.26
-6191.64
-6189.55
-6191.31
-6192.05
-6189.87
-6190.43
-6189.96
-6190.22
-6190.22
-6190.37
-6191.52
-6191.54
-6191.63
-6191.84
-6191.53
-6191.36
-6190.76
-6191.15
-6190.16
-6190.48
-6190.6
-6191.62
-6191.59
-6190.32
-6191.65
-6190.78
-6191.79
-6233.4
-6232.52
-6228.12
-6230.32
-6227.77
-6227.7
-6228.6
-6227.44
-6232.22
-6232.25
-6233.27
-6230.75
-6228.12
-6231.86
-6233.76
-6230.9
-6227.81
-6227.51
-6232.16
-6228.59
-6227.97
-6233.78
-6233.71
-6233.65
-6227.74
-6233.43
-6228.22
-6232.09
-6227.56
-6227.61
-6228.23
-6233.92
-6233.87
-6233.84
-6227.51
-6227.76
-6228.22
-6232.15
-6227.66
-6227.72
-6228.4
-6228.2
-6231.25
-6230.97
-6232.39
-6229.86
-6231.24
-6228.07
-6230.2
-6230.13
-6228.51
-6228.33
-6228.38
-6228.37
-6232.83
-6232.86
-6233
-6228.82
-6232.67
-6232.64
-6232.41
-6232.54
-6228.68
-6229.43
-6229.82
-6231.92
-6232.96
-6231.14
-6231.83
-6230.11
-6232.8
-6232.87
-6229.08
-6229.93
-6229.75
-6229.76
-6231.48
-6230.08
-6229.91
-6230.77
-6230.97
-6231.8
-6232.43
-6229.64
-6232.29
-6232.3
-6230.02
-6231.09
-6230.6
-6232.65
-6230.2
-6230.44
-6232.78
-6232.19
-6232.43
-6232.46
-6230.53
-6232.66
-6232.65
-6232.66
-6277.74
-6271.3
-6277.4
-6278.35
-6270.95
-6270.73
-6270.57
-6270.87
-6271.81
-6276
-6277.63
-6278.25
-6277.53
-6278
-6277.86
-6270.77
-6270.38
-6270.63
-6276.36
-6276.81
-6271.42
-6277.99
-6275.83
-6275
-6272.03
-6277.44
-6274.77
-6275.47
-6273.23
-6270.46
-6271.29
-6274.61
-6271.58
-6271.44
-6269.8
-6270.1
-6277.44
-6270.69
-6270.45
-6270.51
-6273.6
-6270.42
-6270.2
-6270.18
-6275.1
-6270.55
-6277.28
-6270.43
-6270.66
-6276.02
-6270.91
-6270.71
-6270.58
-6270.45
-6276.04
-6276.09
-6276.85
-6276.11
-6276.08
-6276.22
-6275.78
-6275.85
-6270.89
-6270.87
-6276.29
-6276.07
-6274.27
-6276.25
-6276.06
-6272.99
-6276.24
-6275.98
-6271.13
-6271.36
-6273.26
-6271.85
-6271.59
-6274.97
-6272.42
-6275.91
-6275.93
-6275.94
-6275.73
-6271.71
-6272.6
-6273.09
-6271.95
-6272.24
-6272.35
-6275.75
-6272.55
-6272.75
-6275.66
-6275.51
-6274.29
-6275.09
-6275.46
-6275.37
-6275.47
-6274.06
-6314.63
-6315.05
-6326.57
-6326.23
-6317.52
-6317.61
-6317.32
-6322.44
-6315.64
-6316.07
-6320.65
-6326
-6326.02
-6325.68
-6325.24
-6317.22
-6317.55
-6325.86
-6323.75
-6324.31
-6320.08
-6325.56
-6315.89
-6315.49
-6324.89
-6324.73
-6324.99
-6317.9
-6324.65
-6323.81
-6323.77
-6315.41
-6315.23
-6315.31
-6315.66
-6322.01
-6324.87
-6315.23
-6318.07
-6316.9
-6324.51
-6315.92
-6315.77
-6315.79
-6316.05
-6316.52
-6324.55
-6315.92
-6316.74
-6323.19
-6318.04
-6318.79
-6317.82
-6316.16
-6322.85
-6316.67
-6317.06
-6323.26
-6322.88
-6323.12
-6317.58
-6318.65
-6318.85
-6316.36
-6323
-6322.81
-6316.77
-6323.06
-6322.86
-6321.65
-6323.08
-6322.71
-6318.13
-6316.75
-6323.14
-6317.38
-6317.11
-6322.74
-6319.02
-6322.89
-6322.68
-6322.28
-6322.24
-6317.3
-6317.91
-6317.81
-6318.11
-6318.18
-6318.09
-6321.91
-6318.31
-6321.96
-6322.08
-6321.94
-6318.17
-6318.61
-6322.03
-6321.24
-6321.96
-6317.45
-6360.66
-6361.12
-6374.36
-6374.24
-6364.19
-6373.48
-6370.72
-6374.78
-6362.21
-6362.29
-6360.28
-6373.94
-6373.81
-6369.61
-6372.52
-6364.18
-6373.44
-6373.97
-6362.03
-6372.14
-6373.21
-6362.58
-6361.64
-6361.11
-6372.36
-6368.23
-6372.87
-6360.57
-6372.29
-6372.33
-6372.81
-6361.28
-6361.24
-6361.24
-6361.65
-6372.26
-6372.51
-6361.11
-6372.49
-6368.16
-6372.29
-6369.56
-6361.43
-6362.34
-6362.36
-6363.15
-6365.98
-6370.76
-6364.6
-6370.46
-6371.57
-6371.45
-6371.51
-6368.57
-6366.07
-6362.18
-6362.04
-6370.42
-6361.97
-6369.1
-6362.98
-6363.21
-6371.26
-6368.28
-6370.25
-6369.84
-6362.5
-6370.31
-6370
-6370.41
-6363.73
-6363.02
-6370.92
-6368.01
-6370.45
-6369.38
-6365.16
-6369.84
-6369.99
-6370
-6369.16
-6368.68
-6369.8
-6370.1
-6364.52
-6364.62
-6369.65
-6364.54
-6364.09
-6363.02
-6368.97
-6369.37
-6365.83
-6368.31
-6364.39
-6364.57
-6369.08
-6364.16
-6365.82
-6363.42
-6405.3
-6405.78
-6416.11
-6407.78
-6409.35
-6420.97
-6420.96
-6421.21
-6411.02
-6407.35
-6404.66
-6420.24
-6415.92
-6405.21
-6413.04
-6413.42
-6420.08
-6420.35
-6406.5
-6415.04
-6419.75
-6406.25
-6405.93
-6405.6
-6417.85
-6405.44
-6419.62
-6404.91
-6418.6
-6418.66
-6419.14
-6405.75
-6405.79
-6405.71
-6416.49
-6417.38
-6409.1
-6414.57
-6418.8
-6418.98
-6418.66
-6417.86
-6415.88
-6417.84
-6407.69
-6417.31
-6406.1
-6417.93
-6418.07
-6415.08
-6417.93
-6417.7
-6417.77
-6417.74
-6407.05
-6406.92
-6406.55
-6414.11
-6406.35
-6406.43
-6407.64
-6407.75
-6417.52
-6417.43
-6410.75
-6407.78
-6409.09
-6407.9
-6410.35
-6415.77
-6407.48
-6407.42
-6417.13
-6417.07
-6416.49
-6416.07
-6415.89
-6414.1
-6415.78
-6408.26
-6407.97
-6407.68
-6408.39
-6416.76
-6411.15
-6411.16
-6415.58
-6415.22
-6415.36
-6407.43
-6415.36
-6415.11
-6408.29
-6408.65
-6409.21
-6409.33
-6412.83
-6408.84
-6408.66
-6408.29
-6448.06
-6448.07
-6447.87
-6448.11
-6465.19
-6465.4
-6465.55
-6465.54
-6465.56
-6450.79
-6447.32
-6464.55
-6447.71
-6447.63
-6447.98
-6464.03
-6464.67
-6464.73
-6448.36
-6447.2
-6464.26
-6449.99
-6448.31
-6448.08
-6458.34
-6448
-6448.96
-6447.49
-6463.01
-6462.68
-6454.52
-6448.29
-6456.77
-6457.85
-6462.67
-6460.48
-6447.83
-6462.8
-6463.14
-6463.37
-6449.88
-6461.62
-6462.53
-6462.55
-6458.37
-6461.86
-6448.48
-6462.29
-6462.7
-6449.75
-6461.73
-6461.82
-6462.08
-6462.11
-6450.71
-6455.17
-6454.62
-6449.24
-6448.93
-6448.68
-6450.35
-6457.95
-6461.65
-6461.6
-6450.34
-6450.51
-6460.6
-6449.33
-6449.22
-6459.1
-6450.23
-6450.31
-6461.35
-6461.24
-6452.86
-6459.71
-6460.02
-6449.85
-6459.66
-6449.9
-6450.31
-6450.33
-6450.62
-6460.84
-6460.5
-6459.9
-6459.63
-6459.72
-6459.75
-6450.11
-6459.23
-6453.71
-6450.97
-6451.29
-6456.8
-6454
-6451.91
-6451.65
-6451.42
-6459.93
-6488.57
-6488.15
-6488.14
-6488.37
-6506.06
-6496.06
-6507.21
-6507.81
-6507.77
-6507.71
-6488.33
-6506.7
-6487.74
-6487.97
-6488.36
-6505.15
-6495.41
-6501.82
-6504.06
-6487.65
-6506.62
-6506.06
-6498.92
-6500.11
-6488.85
-6488.5
-6487.95
-6487.88
-6490.94
-6488.57
-6489.38
-6489.03
-6505.63
-6505.6
-6504.89
-6488.7
-6488.1
-6504.02
-6503.53
-6505.54
-6488.47
-6490.16
-6504.91
-6504.89
-6504.71
-6504.13
-6489.64
-6504.13
-6504.22
-6489.49
-6503.14
-6503.53
-6499.91
-6504.47
-6492.02
-6503.46
-6503.44
-6489.67
-6489.29
-6489.16
-6496.68
-6503.2
-6498.58
-6503.07
-6490.87
-6491.29
-6502.92
-6489.8
-6489.52
-6490.22
-6490.77
-6493.91
-6494.61
-6501.75
-6490.34
-6501.51
-6502.34
-6490.17
-6500.38
-6490.64
-6491.06
-6491.39
-6491.56
-6497.11
-6501.5
-6501.02
-6495.74
-6501.52
-6501.9
-6495.51
-6501.38
-6491.54
-6491.61
-6492.28
-6500.75
-6500.59
-6492.8
-6494.74
-6492.53
-6502.85
-6526.21
-6526.29
-6526.48
-6540.79
-6544.46
-6526.84
-6527.22
-6548
-6547.75
-6548.06
-6546.19
-6546.64
-6526.05
-6531.26
-6527.61
-6543.72
-6526.35
-6526.57
-6546.87
-6525.83
-6546.64
-6546.57
-6546.07
-6546.36
-6527.45
-6529.96
-6526.26
-6526.19
-6526.52
-6525.95
-6538.93
-6527.42
-6546.01
-6546.05
-6539.56
-6526.75
-6526.42
-6528.09
-6527.07
-6545.59
-6526.65
-6526.67
-6541.6
-6544.14
-6544.19
-6543.74
-6543.52
-6543.69
-6537.45
-6527.64
-6529.49
-6542.99
-6527.06
-6529.99
-6543.73
-6543.62
-6543.73
-6530.68
-6537.64
-6527.53
-6542.25
-6542.52
-6527.73
-6527.38
-6529.66
-6530.38
-6543.17
-6528.24
-6527.96
-6527.58
-6534.62
-6542.13
-6527.85
-6528.11
-6528.65
-6529.22
-6533.76
-6528.73
-6528.33
-6536.23
-6539.36
-6534.08
-6533.22
-6528.36
-6540.41
-6540.32
-6531.21
-6540.55
-6542.49
-6543.77
-6541.24
-6530.8
-6540.76
-6535.5
-6540.16
-6539.91
-6531.6
-6541.05
-6539.26
-6543
-6577.46
-6562.71
-6574.61
-6585.7
-6563.36
-6563.08
-6563.26
-6565.49
-6580.58
-6585.99
-6584.63
-6584.6
-6574.18
-6584.6
-6579.52
-6562.72
-6562.56
-6562.58
-6584.45
-6561.82
-6584.53
-6584.71
-6584.67
-6584.65
-6564.04
-6583.98
-6562.52
-6562.49
-6564.04
-6573.72
-6584.1
-6568.45
-6584.16
-6584.27
-6562.94
-6563.86
-6570.61
-6562.57
-6562.8
-6583.76
-6562.97
-6562.69
-6562.85
-6562.81
-6581.51
-6572.38
-6582.39
-6567.4
-6563.64
-6567.24
-6563.07
-6569.32
-6562.79
-6562.73
-6581.31
-6581.54
-6581.73
-6581.93
-6582.48
-6563.92
-6580.22
-6579.9
-6563.43
-6563.01
-6580.5
-6580.89
-6573.44
-6579.68
-6571.43
-6566.86
-6580.33
-6580.08
-6564.17
-6563.84
-6568.61
-6566.68
-6567.2
-6574.01
-6565.95
-6582.45
-6579.88
-6579.66
-6578.91
-6564.68
-6568.06
-6570.09
-6567.6
-6568.26
-6569.63
-6582.05
-6572
-6568.56
-6578.81
-6578.43
-6577.72
-6577.15
-6572.53
-6578.9
-6579.94
-6581.27
-6622.02
-6617.61
-6621.78
-6621.97
-6597.52
-6597.64
-6597.75
-6597.9
-6597.88
-6618.7
-6621.12
-6611.39
-6621.02
-6621.21
-6621.1
-6597.17
-6597.16
-6597.03
-6620.18
-6596.17
-6620.76
-6620.9
-6621.08
-6621.01
-6606.43
-6621.11
-6601.16
-6597.24
-6598.2
-6619.83
-6620.52
-6620.38
-6611.43
-6609.82
-6597.14
-6599.3
-6620.31
-6597.17
-6597.2
-6620.18
-6597.5
-6597.02
-6596.43
-6596.35
-6598.61
-6597.65
-6619.18
-6597.48
-6603.92
-6619.19
-6597.64
-6597.46
-6596.93
-6596.89
-6616.56
-6616.49
-6611.83
-6618.87
-6619.16
-6598.51
-6616.43
-6608.13
-6597.48
-6597.46
-6616.06
-6616.02
-6601.49
-6618.38
-6618.41
-6618.46
-6616.71
-6616.33
-6607.56
-6597.8
-6615.52
-6602.29
-6601.89
-6617.68
-6602
-6619.28
-6616.33
-6616
-6615.65
-6602.23
-6602.48
-6602.34
-6602.25
-6602.88
-6602.37
-6618.74
-6602.96
-6615.36
-6615.09
-6614.79
-6604.97
-6609.81
-6614.47
-6611.66
-6616.19
-6602.55
-6657.19
-6657.42
-6657
-6656.77
-6630.56
-6630.83
-6630.81
-6630.71
-6630.65
-6650.96
-6636.55
-6631.02
-6656.06
-6656.26
-6656.22
-6630.24
-6630.82
-6629.94
-6650.5
-6629.3
-6654.98
-6655.53
-6655.75
-6648.62
-6655.82
-6656.24
-6655.97
-6644.03
-6630.11
-6655.06
-6655.07
-6655.2
-6628.79
-6628.13
-6629.81
-6655.37
-6655.66
-6630.76
-6630.39
-6655.17
-6634.44
-6642.47
-6629.51
-6629.05
-6629.47
-6630.3
-6653.96
-6639.53
-6653.82
-6655.09
-6631.25
-6631.16
-6639.29
-6634.17
-6644.02
-6631.48
-6633.22
-6654.31
-6654.31
-6642.13
-6651.62
-6631.76
-6649.75
-6644.22
-6650.5
-6650.3
-6634.7
-6653.79
-6654.06
-6654.33
-6651.53
-6642.36
-6651.17
-6647.25
-6650.68
-6643.78
-6636.73
-6653.13
-6636.17
-6654.6
-6642.46
-6650.46
-6650.54
-6650.64
-6636.3
-6636.36
-6647.64
-6637.03
-6636.75
-6654.04
-6636.4
-6650.18
-6650.17
-6649.77
-6636.43
-6636.77
-6649.28
-6636.97
-6650.13
-6633.11
-6691.33
-6691.63
-6680.1
-6672.5
-6681.76
-6676.66
-6665
-6662.71
-6662.6
-6690.99
-6662.39
-6663.62
-6689.93
-6687.38
-6689.54
-6662.91
-6689.94
-6661.83
-6661.45
-6661.52
-6660.34
-6668.3
-6669.82
-6659.89
-6690.4
-6690.43
-6690.74
-6690.44
-6661.83
-6688.53
-6688.64
-6688.52
-6659.89
-6659.73
-6680.84
-6690.16
-6689.91
-6689.32
-6668.45
-6689.29
-6686.81
-6687.88
-6667.6
-6664.35
-6662.68
-6663.71
-6665.01
-6688.96
-6689.26
-6689.31
-6670.95
-6664.33
-6685.94
-6685.72
-6663.59
-6664.11
-6665.41
-6688.46
-6688.59
-6688.97
-6685.91
-6664.86
-6685.81
-6685.78
-6683.83
-6682.87
-6666.86
-6688.06
-6688.18
-6685.42
-6685.38
-6665.58
-6685.39
-6685.38
-6684.86
-6684.48
-6683.79
-6675.5
-6681.31
-6679.48
-6668.75
-6683.34
-6683.47
-6685.05
-6669.34
-6675.66
-6683.79
-6669.75
-6668.24
-6666.43
-6669.1
-6683.47
-6671.13
-6676.58
-6669.95
-6670.19
-6683.18
-6669.9
-6674.4
-6665.4
-6724.57
-6724.85
-6692.66
-6691.71
-6722.63
-6722.76
-6718.48
-6711.71
-6715.03
-6726.29
-6710.88
-6706.73
-6715.85
-6691.16
-6691.87
-6720.08
-6724.09
-6708.19
-6693.28
-6693.16
-6690.53
-6690.5
-6690.33
-6690.52
-6723.57
-6724
-6724.39
-6724.45
-6693.67
-6694.07
-6696.05
-6721.28
-6690.98
-6690.91
-6723.26
-6723.08
-6723.58
-6724.05
-6722.57
-6722.73
-6720.02
-6720.97
-6719.56
-6718.6
-6713.87
-6708.14
-6697.61
-6723.18
-6722.94
-6723.09
-6719.7
-6711.85
-6719.77
-6719.71
-6697.61
-6697.31
-6698.41
-6720.04
-6714.33
-6722.55
-6719.23
-6701.4
-6719.44
-6719.36
-6699.29
-6700.15
-6716.36
-6695.88
-6699.06
-6695.62
-6701.47
-6704.58
-6718.96
-6718.97
-6715.97
-6717.02
-6716.95
-6696.18
-6717.73
-6695.02
-6700.58
-6700.77
-6701.77
-6718.47
-6715.33
-6716.82
-6716.86
-6711.75
-6716.35
-6695.58
-6700.85
-6712.68
-6701.87
-6702.18
-6703.02
-6702.92
-6708.53
-6710.92
-6697.33
-6696.46
-6757.26
-6757.34
-6723.2
-6722.51
-6755.77
-6756.11
-6734.38
-6758.11
-6759.66
-6759.42
-6756.98
-6755.88
-6721.4
-6721.74
-6722.15
-6756.94
-6757.35
-6757.49
-6724.83
-6724.43
-6721.32
-6721.09
-6720.98
-6721.29
-6734.55
-6754.88
-6757.49
-6757.61
-6740.47
-6723.64
-6721.34
-6734.39
-6728.34
-6726.57
-6754.22
-6728.57
-6729.67
-6757.33
-6756.8
-6755.97
-6750.6
-6752.81
-6752.82
-6752.87
-6752.83
-6752.22
-6728.22
-6756.89
-6756.2
-6756.34
-6753.07
-6752.75
-6752.68
-6752.72
-6739.91
-6749.44
-6735.72
-6726.04
-6725.89
-6739.58
-6738.26
-6752.14
-6752.46
-6752.38
-6731.85
-6732.87
-6749.64
-6725.4
-6725.4
-6725.24
-6731.63
-6749.6
-6745.16
-6751.98
-6733.15
-6747.11
-6749.18
-6726.67
-6750.52
-6725.52
-6732
-6732.19
-6732.63
-6751.43
-6749.91
-6749.16
-6750.06
-6751.68
-6750.78
-6726.29
-6747.25
-6732.84
-6733.31
-6733.64
-6748.66
-6744.55
-6733.63
-6750.82
-6730.23
-6745.5
-6777.51
-6756.59
-6784.19
-6764.29
-6788.56
-6788.46
-6766.05
-6769.08
-6780.18
-6792.23
-6789.26
-6789.04
-6752.09
-6752.45
-6755.53
-6788.75
-6779.02
-6790.75
-6756.06
-6785.33
-6752.01
-6752.08
-6751.88
-6751.83
-6752.99
-6757.22
-6777.66
-6790.49
-6790.08
-6754.23
-6751.81
-6751.99
-6785.2
-6785.47
-6785.19
-6758.88
-6758.64
-6790.31
-6789.87
-6773.99
-6784.59
-6773.25
-6785.84
-6785.91
-6785.68
-6785.13
-6759.74
-6766.48
-6784.94
-6789.32
-6785.07
-6785.15
-6785.57
-6785.67
-6785.4
-6784.67
-6783.81
-6755.53
-6755.52
-6755.88
-6763.09
-6784.8
-6775.69
-6778.95
-6764.51
-6764.87
-6782.32
-6755.93
-6755.83
-6755.58
-6762.82
-6781.19
-6764.25
-6770.91
-6764.97
-6765.09
-6776.1
-6756.73
-6783.29
-6756.13
-6763.1
-6763.58
-6763.95
-6764.74
-6781.2
-6776.77
-6764.77
-6785.42
-6784.29
-6756.66
-6782.2
-6764.02
-6764.28
-6767.78
-6781.04
-6780.39
-6764.83
-6784.29
-6762.9
-6788.79
-6787.68
-6787.04
-6817.51
-6817.61
-6811.23
-6801.22
-6803.08
-6795.23
-6795.73
-6825.48
-6821.88
-6822.06
-6783.74
-6786.01
-6820.61
-6820.81
-6790.94
-6823.92
-6803.12
-6825.38
-6782.6
-6782.7
-6792.71
-6809.05
-6788.68
-6789.66
-6788.29
-6823.53
-6823.49
-6788.46
-6782.66
-6782.59
-6819.32
-6819.28
-6794.67
-6789.64
-6789.11
-6823.05
-6822.77
-6783.31
-6821.25
-6783.33
-6818.73
-6818.75
-6813.8
-6815.83
-6807.3
-6786.11
-6786.61
-6801.96
-6804.53
-6817.05
-6814.6
-6817.38
-6817.02
-6816.81
-6817.19
-6786.1
-6785.84
-6785.6
-6793.8
-6816.74
-6795.56
-6796.41
-6806.13
-6806.63
-6803.7
-6786.49
-6786.32
-6785.93
-6794.02
-6794.65
-6795.39
-6795.95
-6796.56
-6796.09
-6795.76
-6819.26
-6798.31
-6786.49
-6811.03
-6795.21
-6800.26
-6796.21
-6813.23
-6795.92
-6795.01
-6817.62
-6817.34
-6814.72
-6815.19
-6795.34
-6808.29
-6812.12
-6812.68
-6812.26
-6796.08
-6807.14
-6802.48
-6822.38
-6818.48
-6818.22
-6849.66
-6850.24
-6818.02
-6818.04
-6854.12
-6826.86
-6826.93
-6858.41
-6827.05
-6854.46
-6846.24
-6851.3
-6852.13
-6851.5
-6826.45
-6857.26
-6858.31
-6858.53
-6813.26
-6813.24
-6852.31
-6852.23
-6849.03
-6827.78
-6818.96
-6856.64
-6857.16
-6817.98
-6828.62
-6813.39
-6852.58
-6852.44
-6821.08
-6820.47
-6819.65
-6823.43
-6826.59
-6813.26
-6855.07
-6814.12
-6851.96
-6851.87
-6822.93
-6821.22
-6851.14
-6816.16
-6815.45
-6814.32
-6825.26
-6849.25
-6827.29
-6827.35
-6843.2
-6845.93
-6850.11
-6816.64
-6816.23
-6816.08
-6825
-6834.7
-6826.38
-6827.01
-6844.94
-6845.03
-6827.26
-6839.71
-6843.85
-6816.9
-6828.42
-6826.31
-6826.82
-6827.24
-6835.22
-6827.25
-6826.34
-6855.97
-6825.48
-6835.84
-6848.78
-6836.67
-6846.05
-6827.47
-6827.85
-6826.37
-6825.89
-6836.41
-6830.67
-6856.79
-6847.96
-6846.44
-6846.53
-6837.03
-6841.63
-6844.04
-6838.27
-6823.77
-6854.6
-6855.25
-6882.61
-6849.83
-6860.12
-6873.32
-6848.51
-6849.01
-6886.98
-6874.61
-6880.79
-6887.64
-6844.34
-6863.03
-6877.41
-6885.01
-6884.41
-6849.33
-6886.13
-6864.76
-6889.99
-6878.31
-6844.2
-6844.05
-6885.68
-6885.52
-6884.87
-6883.73
-6850.39
-6862.65
-6889.3
-6844.06
-6887.61
-6844.26
-6885.39
-6885.44
-6854.58
-6870.53
-6873.89
-6845.37
-6844.07
-6843.56
-6888.39
-6878.8
-6864.11
-6861.41
-6855.87
-6855
-6884.51
-6846.36
-6845.25
-6844.16
-6873.99
-6881.46
-6857.82
-6857.76
-6856.66
-6857.21
-6882.26
-6854.18
-6872.41
-6859.02
-6856.22
-6856.43
-6857.73
-6857.91
-6877.52
-6877.26
-6859.36
-6890.92
-6890.47
-6875.98
-6881.05
-6857.33
-6861.6
-6863.94
-6878.44
-6865.75
-6857.61
-6889.56
-6856.67
-6891.56
-6881.95
-6881.22
-6879.86
-6859.02
-6858.08
-6857.77
-6857.11
-6855.43
-6856.22
-6890.54
-6867.2
-6879.89
-6878.8
-6859.56
-6859.63
-6860.79
-6876.13
-6854.57
-6885.53
-6875.12
-6923.19
-6920.95
-6878.14
-6879.1
-6879.52
-6880.01
-6919.74
-6920.6
-6920.51
-6920.7
-6875.86
-6875.98
-6876.78
-6905.08
-6917.84
-6880.12
-6919.54
-6877.13
-6914.23
-6875.06
-6875.32
-6901.65
-6918.55
-6918.56
-6918.36
-6917.58
-6885.49
-6876.41
-6891.44
-6874.37
-6921.34
-6910.61
-6918.2
-6918.26
-6887.4
-6918.47
-6918.85
-6876.72
-6893.62
-6873.89
-6921.65
-6921.48
-6889.36
-6888.02
-6887.41
-6887.93
-6917.79
-6877.14
-6901.93
-6909.2
-6921.06
-6897.35
-6889.36
-6888.84
-6887.8
-6887.83
-6887.78
-6924.42
-6925.75
-6925.15
-6887.39
-6887.89
-6906.15
-6911.15
-6908.29
-6901.09
-6924.17
-6924.82
-6924.47
-6925.72
-6915.14
-6900.65
-6912.85
-6912.62
-6912.11
-6911.44
-6905.99
-6923.27
-6887.7
-6925.38
-6914.7
-6913.47
-6898.81
-6891.2
-6891.35
-6905.18
-6903.91
-6886.05
-6886.77
-6924.67
-6887.74
-6912.26
-6901.29
-6892.75
-6892.59
-6892.94
-6908.69
-6886.03
-6916.59
-6884.12
-6933.3
-6952.85
-6908.56
-6909.43
-6910.81
-6926.24
-6952.79
-6916.16
-6953.87
-6953.56
-6907.47
-6907.01
-6907.22
-6908.35
-6913.26
-6912.54
-6934.11
-6907.82
-6907.34
-6929.84
-6947.12
-6953.18
-6951.93
-6951.6
-6940.61
-6924.01
-6952.13
-6906.46
-6905.17
-6905.16
-6917.61
-6953.5
-6951.81
-6951.39
-6935.03
-6952.14
-6952.26
-6907.69
-6956.07
-6904.8
-6954.63
-6954.26
-6921.38
-6928.35
-6927.19
-6938.67
-6951.75
-6947.21
-6959.33
-6959.13
-6955.15
-6921.5
-6921.24
-6920.44
-6919.81
-6919.45
-6918.72
-6959.65
-6959.98
-6959.62
-6939.62
-6950.42
-6948.06
-6945.9
-6920.97
-6920.01
-6943.48
-6958.45
-6959.27
-6959.58
-6935.15
-6950.17
-6947.82
-6945.66
-6945.31
-6944.76
-6944.55
-6920.1
-6921.28
-6959.02
-6918.67
-6947.34
-6932.54
-6942.17
-6940.57
-6944.04
-6944.25
-6918.32
-6922.66
-6936.92
-6918.66
-6920.52
-6920.6
-6941.91
-6924.89
-6924.69
-6930.9
-6917.68
-6949.42
-6914.3
-6945.49
-6984.65
-6964.34
-6942.75
-6975.22
-6991.96
-6981.37
-6939.84
-6987.53
-6971.18
-6955.21
-6939.21
-6973.12
-6951.31
-6946.5
-6945.15
-6939.3
-6939.24
-6937.97
-6992.55
-6987.14
-6987.66
-6978.73
-6977.68
-6947.92
-6947.88
-6987.17
-6937.8
-6936.54
-6936.48
-6938.15
-6987.42
-6951.27
-6971.75
-6985.6
-6985.77
-6985.85
-6939.71
-6973.67
-6935.98
-6962.32
-6986.99
-6953.24
-6980.34
-6983.78
-6985.54
-6960.14
-6993.74
-6993.99
-6993.7
-6989.08
-6954.85
-6958.4
-6963.6
-6976.64
-6970.6
-6950.29
-6994.02
-6994.05
-6993.73
-6988.58
-6986.55
-6970.39
-6960.15
-6952.89
-6952.05
-6949.93
-6972.4
-6958.2
-6993.56
-6949.89
-6984.33
-6983.55
-6966.83
-6959.56
-6977.64
-6977.59
-6948.76
-6988.27
-6993.29
-6949.14
-6953.57
-6979.62
-6976
-6976.88
-6977.47
-6977.51
-6958.77
-6983.39
-6946.32
-6950.25
-6950.63
-6956.54
-6975.31
-6956.93
-6956.66
-6956.27
-6973.6
-6965.31
-6945.85
-6977.35
-6997.42
-7024.35
-7001.88
-7027.02
-7027.19
-6974.54
-6973.76
-6979.36
-6974.03
-7022.01
-6972.43
-7024.97
-7024.82
-6981.25
-7026.29
-6974.75
-6983.61
-6983.37
-7028.69
-7022.34
-7022.83
-6983.63
-6983.34
-6982.06
-6983.13
-7023.04
-6971.62
-6970.5
-6988.15
-6970.87
-7022.36
-6982.4
-6982.8
-7018.51
-7017.39
-7021.82
-7024.29
-6968.66
-6968.15
-6971.95
-7021.79
-7016.69
-7009.15
-7017.72
-7018.82
-6979.37
-7029.14
-7028.98
-7028.68
-7023.43
-6988.96
-7013.61
-7014.36
-7016.48
-7017.53
-6981.27
-7029.13
-7028.87
-7028.55
-7022.85
-7009.81
-6985.78
-6986.6
-6993.54
-6998.69
-6981.6
-6981.14
-6984.15
-7028.35
-6981.68
-6997.85
-6985.58
-6985.26
-6985.26
-7000.47
-6997.72
-6981.15
-7019.01
-6998.16
-6981.64
-6982
-7009.79
-7009.43
-6992.93
-7009.18
-7011.47
-7012.47
-7013.42
-6977.44
-6995.16
-6983.17
-7009.97
-7009.2
-7009.45
-7006.33
-7004.37
-7011.98
-6978.86
-6978.21
-7011.24
-7012.03
-7062.01
-7063.44
-7063.98
-7063.97
-7009.39
-7009.98
-7008.69
-7007.6
-7058.78
-7057.6
-7062.27
-7062.8
-7055.09
-7064.57
-7051.11
-7064.15
-7064.61
-7063.94
-7059.23
-7059.86
-7017.7
-7018.22
-7018.56
-7017.66
-7060.07
-7062.84
-7042.36
-7023.21
-7030.21
-7059.32
-7017.26
-7017.31
-7053.73
-7015.61
-7015.71
-7064.95
-7002.52
-7002.14
-7009.64
-7028.28
-7049.9
-7017.86
-7053.37
-7053.93
-7013.6
-7065.05
-7038.18
-7064.77
-7035.3
-7022.47
-7049.4
-7051
-7052.25
-7052.93
-7046.04
-7023.58
-7038.14
-7065.09
-7057.79
-7018.4
-7019.08
-7020.34
-7050.78
-7051.3
-7015.83
-7015.15
-7020.84
-7049.42
-7015.89
-7016.1
-7017.02
-7018.81
-7020.21
-7018.09
-7015.82
-7015.55
-7048.88
-7010.89
-7015.85
-7016.17
-7023.35
-7045.05
-7019.89
-7020.9
-7024.81
-7018.84
-7049.18
-7011.23
-7048.37
-7035.5
-7047.3
-7045.34
-7045.99
-7046.91
-7047.46
-7048.28
-7012.88
-7011.79
-7049.03
-7049.28
-7102.95
-7103.86
-7103.92
-7104.63
-7047.29
-7047.55
-7047.32
-7088.8
-7047.3
-7101.54
-7102.33
-7103.28
-7104.54
-7105.23
-7105.29
-7105.13
-7103.75
-7093.47
-7091.41
-7100.44
-7066.74
-7058.64
-7096.38
-7102.72
-7074.64
-7105.28
-7103.27
-7039.58
-7101.95
-7081.85
-7055.63
-7055.51
-7090.08
-7052.45
-7051.85
-7105.36
-7039.98
-7039.45
-7050.17
-7050.3
-7061.16
-7055.17
-7076.3
-7063.31
-7051.57
-7075.64
-7040.52
-7105.27
-7050.05
-7086.27
-7088.08
-7088.71
-7064.57
-7084.6
-7087.31
-7051.53
-7045.92
-7070.45
-7071.52
-7069.85
-7080.02
-7081.23
-7088.5
-7088.93
-7066.14
-7052.52
-7088.05
-7045.93
-7053.42
-7053.63
-7054.32
-7061.95
-7058.22
-7058.33
-7056.05
-7060.22
-7087.68
-7047.05
-7059.17
-7053.88
-7054.45
-7065.87
-7067.19
-7058.47
-7058
-7084.24
-7060.81
-7047.97
-7088.31
-7087.42
-7056.83
-7057.82
-7085.47
-7086.16
-7087
-7087.54
-7050.56
-7073.51
-7126.77
-7093.98
-7099.33
-7139.31
-7149.08
-7119.54
-7090.66
-7089.89
-7090.22
-7157.8
-7087.61
-7140.68
-7133.73
-7144.65
-7144.22
-7150.68
-7151.06
-7150.82
-7133.73
-7082.4
-7086.7
-7144.77
-7145.02
-7144.98
-7148.13
-7150.22
-7093.88
-7150.98
-7142.81
-7081.53
-7148.43
-7096.06
-7097.66
-7097.63
-7096.27
-7095.72
-7094.79
-7150.64
-7123.4
-7082.04
-7116.66
-7094.47
-7095.8
-7097.26
-7096.76
-7095.13
-7094.01
-7093.74
-7089.09
-7150.47
-7093.61
-7130.47
-7132.61
-7132.95
-7098.58
-7096.44
-7131.98
-7093.55
-7092.65
-7127.53
-7094.37
-7131.49
-7132.76
-7132.92
-7122.39
-7127.91
-7133.04
-7102.65
-7132.25
-7088.87
-7097.94
-7097.28
-7120.14
-7133.1
-7127.2
-7116.83
-7128.21
-7133.72
-7132.11
-7089.85
-7133.14
-7097.36
-7098.09
-7099.08
-7131.65
-7116.6
-7122.09
-7133.22
-7090.92
-7090.19
-7132.95
-7132.35
-7098.63
-7099.44
-7107.78
-7111.74
-7105.49
-7104.68
-7092.55
-7133
-7209.67
-7206.26
-7144.08
-7143.62
-7186.39
-7140.32
-7139.99
-7139.4
-7177.38
-7211.07
-7137.5
-7138.42
-7141.93
-7144.45
-7143.85
-7160.93
-7179.14
-7203.5
-7133.08
-7131.39
-7136.82
-7173.17
-7195.43
-7197.74
-7198.23
-7200.28
-7143.53
-7203.27
-7131.72
-7130.9
-7200.91
-7146.66
-7188.82
-7187.53
-7146.76
-7146.77
-7152.61
-7202.77
-7202.33
-7164.63
-7200.1
-7145.91
-7146.74
-7151.85
-7146.92
-7145.9
-7171.03
-7144.33
-7174.88
-7202.7
-7143.41
-7181.35
-7152.62
-7148.79
-7147.91
-7146.53
-7167.91
-7144.33
-7143.77
-7202.08
-7143.53
-7183.81
-7184.75
-7185.32
-7148.94
-7148.06
-7185.67
-7185.29
-7183.52
-7139.48
-7185
-7147.87
-7185.69
-7185.77
-7184.54
-7184.02
-7185.88
-7186.86
-7184.64
-7139.29
-7185.9
-7171.9
-7149.19
-7160.24
-7183.86
-7184.62
-7185.95
-7185.6
-7140.51
-7139.84
-7184.17
-7183.93
-7149.55
-7149.53
-7148.34
-7147.19
-7146.42
-7144.07
-7141.93
-7186.12
-7272.28
-7271.32
-7202.07
-7200.93
-7199.67
-7198.79
-7198.66
-7198.04
-7272.37
-7272.17
-7216.09
-7199.7
-7201.65
-7201.48
-7201.01
-7199.61
-7198.72
-7211.1
-7195.05
-7237.07
-7255.93
-7202.18
-7256.86
-7255.75
-7217.65
-7252.24
-7200.44
-7263.69
-7189.83
-7188.64
-7262.14
-7247.12
-7258.46
-7257.83
-7210.85
-7221.07
-7263.06
-7263.66
-7263.65
-7263.33
-7236.49
-7204.85
-7222.21
-7254.13
-7236.53
-7205.85
-7259.21
-7203.88
-7263.9
-7263.28
-7201.41
-7202.71
-7203.93
-7204.54
-7212.7
-7206.13
-7203.77
-7203.23
-7203.03
-7262.76
-7224.9
-7243.97
-7236.21
-7225.72
-7209.37
-7209.01
-7246.66
-7247.11
-7217.2
-7199.65
-7247.34
-7245.04
-7247.26
-7246.27
-7240.38
-7231.92
-7247.22
-7248.13
-7210.75
-7198.58
-7246.66
-7247.34
-7246.03
-7246.5
-7244.99
-7246.17
-7247.5
-7247.87
-7202.73
-7218.44
-7219.68
-7232.03
-7231.84
-7222.66
-7237.61
-7231.5
-7226.73
-7203.18
-7236.67
-7247.21
-7344.59
-7343.64
-7273.11
-7269.74
-7268.5
-7267.15
-7266.84
-7266.43
-7343.47
-7342.89
-7342.4
-7269.8
-7269.54
-7269.37
-7269.43
-7268.38
-7267.09
-7266.71
-7266.66
-7341.87
-7338.62
-7297.67
-7272.17
-7272.63
-7269.39
-7269.59
-7271.15
-7334.06
-7325.64
-7256.33
-7333.93
-7333.2
-7330.99
-7328.73
-7327.61
-7327.53
-7330.17
-7298.5
-7334.41
-7333.83
-7269.79
-7318.41
-7327.13
-7326.96
-7326
-7325.41
-7328.54
-7286.58
-7334.69
-7333.85
-7269.59
-7270.28
-7271.75
-7272.88
-7326.17
-7320.21
-7297.58
-7272.26
-7271.63
-7333.27
-7318.6
-7294.93
-7272.99
-7272.82
-7276.2
-7278.62
-7292.04
-7277.84
-7269.61
-7269.13
-7318.19
-7318.61
-7318.75
-7308.04
-7277.18
-7276.69
-7301.37
-7312.38
-7270.43
-7269.82
-7317.55
-7319.02
-7319.62
-7318.49
-7307.62
-7295.5
-7319.97
-7318.04
-7319.93
-7320.5
-7273.78
-7276.75
-7320.44
-7319.14
-7317.18
-7317.31
-7320.43
-7315.41
-7323.4
-7320.01
-7390.9
-7421.52
-7421.37
-7350.75
-7359.42
-7406.82
-7344.35
-7379.39
-7422.09
-7411.78
-7423.01
-7413.08
-7348.32
-7347.42
-7346.72
-7345.79
-7344.85
-7345.25
-7408.2
-7419.9
-7418.76
-7417.23
-7348.28
-7347.82
-7348.8
-7347.69
-7408.37
-7413.73
-7413.39
-7333.69
-7388.16
-7411.9
-7405.98
-7406.55
-7406.46
-7408.41
-7406.74
-7338.53
-7413.59
-7386.71
-7344.89
-7398.58
-7404.72
-7405.12
-7406.97
-7409.05
-7408.31
-7407.45
-7389.5
-7413.17
-7345.83
-7347.64
-7348.9
-7356.82
-7408.3
-7408.89
-7409.17
-7401.58
-7388.27
-7408.18
-7401.4
-7348.81
-7350.75
-7351.73
-7391.9
-7399.87
-7350.44
-7348.02
-7346.84
-7345.85
-7398.3
-7398.55
-7372.91
-7351.21
-7353.49
-7352.73
-7349.72
-7348.69
-7347.24
-7359.24
-7397.74
-7398.47
-7400.22
-7395.62
-7350.98
-7350.31
-7353.69
-7386.71
-7403.48
-7401.65
-7352.48
-7380.85
-7401
-7399.66
-7400.15
-7399
-7401.91
-7403.48
-7404.72
-7400.11
-7436
-7509.34
-7509.64
-7507.7
-7504.37
-7503.95
-7435.22
-7511.43
-7510.54
-7435.27
-7511.86
-7512.03
-7501.87
-7490.87
-7498.32
-7484.91
-7441.16
-7490.73
-7510.85
-7509.32
-7485.76
-7506.73
-7435.43
-7436.13
-7464.52
-7437.81
-7500.61
-7501.24
-7497.24
-7419.65
-7425.86
-7476.42
-7433.81
-7437.91
-7447.44
-7498.53
-7425.49
-7423.52
-7438.22
-7421.87
-7429.16
-7433.24
-7491.57
-7494.39
-7452.38
-7498
-7498.11
-7496.65
-7440.2
-7500.82
-7436.79
-7432.94
-7482.38
-7496.2
-7496.9
-7498.03
-7498.86
-7499.04
-7496.88
-7463.53
-7462.14
-7434.41
-7436.99
-7440.86
-7495.4
-7496.04
-7442.36
-7433.47
-7431.84
-7430.35
-7484.23
-7467.29
-7435.86
-7435.92
-7438.11
-7437.49
-7433.89
-7432.81
-7431.56
-7433.54
-7484.04
-7485.34
-7463.81
-7434.44
-7434.35
-7434.39
-7433.6
-7434.49
-7465.6
-7489.35
-7479.02
-7485.66
-7488.11
-7489.12
-7448.53
-7441.72
-7463.36
-7493.12
-7491.59
-7490.74
-7535.39
-7613.01
-7613.41
-7612.81
-7611.22
-7612.14
-7615.48
-7616.32
-7615.22
-7530.14
-7559.44
-7613.07
-7611.65
-7610.47
-7609.57
-7610.45
-7612.93
-7615.03
-7614.63
-7521.45
-7525
-7534.49
-7541.34
-7550.62
-7606.65
-7591.56
-7605.87
-7594.22
-7524.99
-7520.75
-7525.71
-7530.54
-7531.89
-7531.41
-7530.96
-7558.47
-7526.92
-7525.62
-7524.61
-7521.63
-7560.92
-7536.09
-7579.3
-7558.31
-7531.11
-7555.39
-7543.2
-7569.13
-7569.24
-7603.82
-7594.21
-7581.48
-7598.02
-7598.36
-7581.38
-7595.83
-7603.33
-7603.47
-7601.68
-7589.2
-7538.31
-7540.18
-7575.43
-7593.3
-7597.77
-7598.87
-7596.68
-7582.07
-7537.68
-7530.14
-7554.44
-7532.35
-7535.19
-7536.37
-7583.25
-7585.28
-7534.12
-7532.81
-7531.68
-7530
-7585.4
-7567.16
-7531.72
-7531.93
-7533.85
-7533.94
-7532.85
-7531.83
-7532.95
-7565.85
-7586.66
-7584.7
-7565.93
-7540.57
-7531.53
-7531.81
-7532.22
-7557.62
-7594.25
-7592.14
-7690.71
-7738.87
-7746.79
-7747.44
-7747.37
-7746.6
-7747.63
-7684.54
-7724.07
-7720.22
-7658.42
-7708.79
-7745.65
-7746.54
-7746.54
-7747.57
-7748.02
-7747.66
-7740.84
-7651.54
-7656.37
-7660.87
-7735.97
-7741.03
-7724.14
-7745.37
-7743.18
-7720.82
-7654.15
-7651.28
-7659.29
-7662.18
-7663.35
-7663.74
-7662.7
-7660.83
-7659.4
-7657.79
-7654.76
-7652.76
-7729.68
-7683.07
-7667.28
-7664.41
-7662.55
-7661.48
-7658.81
-7662.8
-7737.61
-7736.04
-7727.06
-7731.08
-7732.44
-7732.51
-7667.41
-7669.45
-7737.92
-7736.82
-7734.82
-7732.7
-7666.02
-7714.21
-7727.83
-7729.84
-7731.16
-7731.72
-7733.65
-7731.22
-7701.88
-7658.3
-7659.23
-7660.79
-7663.12
-7690.61
-7727.32
-7728.26
-7668.51
-7662.26
-7660.18
-7657.85
-7694.42
-7659.73
-7659.05
-7660.08
-7663.18
-7664.91
-7661.49
-7659.95
-7660.33
-7669.89
-7716.69
-7715.94
-7657.68
-7657.62
-7658.3
-7659.04
-7658.68
-7658.79
-7723.05
-7721.95
-7909.85
-7839.59
-7874.23
-7925.39
-7926.13
-7926.21
-7887.78
-7843.44
-7837.3
-7910.77
-7831.6
-7836.92
-7922.15
-7924.65
-7926.23
-7926.88
-7926.44
-7924.2
-7831.02
-7824.51
-7830.09
-7835.6
-7915.22
-7922.31
-7844.96
-7871.46
-7923.62
-7907.56
-7828.49
-7823.87
-7842.23
-7834.86
-7838.02
-7839.16
-7839.26
-7837.39
-7835.08
-7832.61
-7828.62
-7861.35
-7905.43
-7904.37
-7840.42
-7837.58
-7863.4
-7836.7
-7833.77
-7838.95
-7914.42
-7910.38
-7902.38
-7907
-7908.66
-7902.21
-7838.78
-7835.11
-7880.67
-7912.52
-7910.88
-7902.94
-7842.05
-7897.65
-7904.87
-7905.94
-7902
-7901.03
-7908.15
-7907.93
-7855.28
-7830.7
-7828.48
-7831.78
-7856.5
-7895.87
-7901.51
-7902.12
-7889.18
-7834.11
-7831.56
-7828.24
-7835.19
-7828.41
-7829.36
-7830.55
-7876.13
-7878.41
-7832.76
-7831.03
-7828.94
-7857.93
-7887.13
-7857.55
-7825.25
-7826.01
-7826.78
-7827.69
-7827.9
-7827.45
-7890.91
-7890.29
-8159.27
-8085.51
-8093.93
-8125.55
-8180.8
-8180.84
-8098.52
-8091.23
-8080.65
-8159.18
-8076.82
-8084.27
-8106.04
-8170.1
-8129.02
-8137.93
-8179.2
-8174.95
-8077.76
-8069.98
-8076.09
-8083.28
-8167.37
-8173.4
-8098.14
-8094.13
-8177.36
-8167.18
-8076.59
-8068.67
-8086.68
-8081.36
-8113.39
-8125.72
-8116.91
-8090.34
-8119.44
-8081.69
-8076.7
-8151.6
-8151.43
-8157.28
-8089.68
-8090.44
-8150.99
-8100.86
-8085.3
-8085.26
-8162.18
-8156.26
-8148.3
-8154.37
-8151.63
-8099.73
-8088.77
-8086.96
-8092.76
-8161.83
-8158.06
-8108.02
-8111.61
-8146.89
-8151.86
-8153.86
-8100.41
-8110.35
-8157.09
-8156.38
-8083.32
-8072.53
-8068.66
-8073.21
-8132.07
-8147.46
-8148.55
-8148.8
-8147.4
-8096.34
-8074.1
-8069.38
-8067.56
-8068.66
-8071.3
-8082.89
-8135.96
-8135.44
-8074.9
-8072.85
-8069.94
-8126.35
-8128.69
-8072.58
-8064.15
-8065.05
-8066.07
-8066.66
-8067.08
-8066.78
-8128.08
-8129
-8481.36
-8467.46
-8418.78
-8427.05
-8450.48
-8445.53
-8423.49
-8418
-8477.78
-8481.06
-8436.08
-8406.58
-8415.15
-8429.27
-8429.92
-8429.08
-8507.08
-8435.06
-8400.34
-8423.64
-8395.14
-8405.29
-8478.84
-8499.7
-8427.16
-8424.35
-8504.73
-8497.94
-8398.7
-8388.35
-8400.58
-8405.15
-8473.76
-8488.78
-8489.39
-8427.82
-8489.49
-8444.29
-8427.7
-8475.7
-8471.31
-8480.66
-8412.6
-8417.22
-8478.88
-8476.81
-8410.34
-8405.97
-8484.47
-8475.93
-8467.81
-8475.94
-8436.99
-8411.97
-8412.57
-8412.4
-8411.62
-8456.98
-8478.65
-8401.89
-8448.3
-8470.48
-8474.53
-8477.07
-8414.37
-8423.07
-8478.27
-8476.32
-8397.07
-8389.46
-8383.75
-8408.12
-8462.86
-8468.44
-8470.13
-8470.91
-8470.38
-8449.19
-8391.99
-8391.22
-8378.83
-8383.49
-8386.96
-8437.3
-8460.13
-8459.51
-8415.14
-8390.02
-8401.37
-8448.85
-8402.7
-8376.79
-8378.63
-8379.97
-8385.26
-8382.3
-8382.6
-8381.56
-8444.4
-8443.77
-9038.76
-9064.16
-9000.47
-9013.27
-9017.9
-9016.13
-9009.36
-8997.13
-9063.16
-9038.43
-9033.28
-9009.25
-8997.25
-9011.76
-9018.04
-9017.02
-9043.58
-9000.21
-9001.19
-9038.86
-8950.14
-8972.86
-8997.31
-9069.37
-9014.94
-9013.32
-9089.11
-9076.94
-8966.57
-8954.43
-8946.72
-8967.19
-9054.99
-9068.42
-9074.76
-9070.5
-9072.52
-9060.03
-9047.75
-9028.81
-9023.19
-9036.11
-8996.91
-9009.71
-9061.7
-9059.25
-8983.12
-8973.91
-9046.71
-9025.67
-9015.39
-9032.54
-8980.44
-8982.21
-8994.26
-8984.52
-8970.78
-8975.71
-9000.96
-8942.04
-8996.28
-9021.21
-9030.98
-8999.23
-8977.11
-8983.88
-9037.71
-9029.8
-8947.56
-8931.21
-8920.04
-8983.72
-9012.01
-9017.22
-9000.88
-9022.62
-9019.31
-9012.95
-8936.28
-8956.2
-8909.47
-8917.96
-8948.96
-8989.33
-8998.38
-8999.08
-8982.29
-8934.91
-8980.04
-8978.81
-8899.06
-8902.63
-8906.12
-8908.57
-8944.59
-8933.06
-8911.58
-8909.73
-8957.48
-8968.38
-9502.36
-9535.94
-9553.34
-9524.77
-9510.09
-9505.69
-9494.78
-9545.67
-9535.83
-9502.12
-9477.51
-9518.4
-9474.9
-9493.47
-9503.28
-9503.22
-9503.2
-9480.3
-9526.37
-9500.97
-9406.98
-9436.85
-9465.09
-9500.47
-9500.48
-9506.82
-9567.34
-9538.37
-9434.55
-9409.97
-9399.78
-9427.01
-9524.64
-9542.01
-9550.63
-9555.82
-9552.98
-9531.62
-9506.1
-9404.99
-9468.38
-9451.03
-9498.64
-9510.32
-9532.92
-9532
-9458.84
-9455.9
-9498.51
-9418.7
-9464.81
-9486.53
-9435.77
-9446.28
-9486.68
-9463.08
-9434.56
-9426.76
-9415.14
-9400.13
-9432.51
-9471.14
-9461.31
-9435.91
-9434.63
-9435.65
-9460.05
-9473.74
-9397.29
-9391.86
-9362.01
-9424.47
-9456.39
-9465.44
-9430.11
-9446.1
-9467.14
-9459.39
-9442.69
-9419.7
-9348.85
-9358.79
-9409.04
-9440.22
-9440.75
-9441.39
-9435.06
-9416.07
-9412.65
-9411.19
-9336.24
-9340.88
-9345.37
-9355.89
-9396.41
-9390.11
-9351.84
-9350.2
-9347.66
-9346.54
-6095.13
-6095.83
-6096.1
-6096.54
-6096.49
-6096.47
-6096.31
-6095.89
-6095.46
-6095.5
-6100.35
-6101.38
-6101.9
-6102.39
-6102.59
-6102.53
-6102.34
-6101.76
-6101.46
-6100.84
-6103.99
-6104.49
-6105.37
-6105.56
-6106.02
-6105.99
-6105.77
-6105.39
-6104.81
-6103.81
-6106.63
-6106.9
-6107.84
-6108.04
-6108.5
-6108.51
-6108.25
-6107.84
-6107
-6106.11
-6108.68
-6109.13
-6110.04
-6110.37
-6110.7
-6110.81
-6110.54
-6110.09
-6109.23
-6108.66
-6110.6
-6111.21
-6111.99
-6112.73
-6112.93
-6112.9
-6112.64
-6112.03
-6111.25
-6110.62
-6112.3
-6113.2
-6113.88
-6114.59
-6114.85
-6114.76
-6114.5
-6113.9
-6113.31
-6112.44
-6113.76
-6115.03
-6115.75
-6116.11
-6116.44
-6116.39
-6116.13
-6115.56
-6114.95
-6113.81
-6115.14
-6116.44
-6117.18
-6117.52
-6117.77
-6117.83
-6117.56
-6117.07
-6116.35
-6115.22
-6116.37
-6117.66
-6118.38
-6118.74
-6118.99
-6119.03
-6118.78
-6118.31
-6117.56
-6116.48
-6148.23
-6147.03
-6147.09
-6147.26
-6147.17
-6146.98
-6147.05
-6146.99
-6146.89
-6146.92
-6146.92
-6146.71
-6147.73
-6147.77
-6147.68
-6147.63
-6147.55
-6147.44
-6147.3
-6147.62
-6145.88
-6146.12
-6147.09
-6146.42
-6146.57
-6146.97
-6146.8
-6146.91
-6146.87
-6147.24
-6146.6
-6146.72
-6146.55
-6146.36
-6146.43
-6146.79
-6146.77
-6146.82
-6146.87
-6146.78
-6147.15
-6147.02
-6146.52
-6146.82
-6146.62
-6146.79
-6146.87
-6146.99
-6146.96
-6146.82
-6146.42
-6147.4
-6146.9
-6147.32
-6147.35
-6147.09
-6147.04
-6147.15
-6147.09
-6147.08
-6146.47
-6147.69
-6147.49
-6147.52
-6147.48
-6147.41
-6147.39
-6147.34
-6147.24
-6147.22
-6146.75
-6147.72
-6147.75
-6147.47
-6147.69
-6147.59
-6147.58
-6147.51
-6147.39
-6147.28
-6147.14
-6147.76
-6147.91
-6147.58
-6147.56
-6147.57
-6147.65
-6147.58
-6147.59
-6147.44
-6147.86
-6147.56
-6148.01
-6147.79
-6147.81
-6147.86
-6147.77
-6147.74
-6147.78
-6147.59
-6191.68
-6189.5
-6190.76
-6190.65
-6190.57
-6190.49
-6190.4
-6189.75
-6190
-6189.96
-6191.8
-6189.31
-6190.81
-6190.73
-6190.62
-6190.52
-6190.45
-6189.95
-6190.18
-6189.92
-6189.33
-6190.35
-6189.11
-6189.38
-6189.55
-6189.7
-6189.79
-6190.47
-6190.19
-6189.93
-6188.5
-6191.48
-6189.52
-6189.67
-6189.83
-6189.95
-6190.03
-6190.73
-6190.04
-6190.19
-6188.86
-6191.72
-6189.8
-6191.83
-6191.58
-6190.19
-6190.27
-6190.88
-6190.19
-6190.5
-6189.22
-6191.63
-6191.74
-6190.76
-6191.19
-6191.17
-6191.08
-6190.47
-6190.29
-6190.63
-6189.56
-6191.52
-6191.66
-6189.83
-6190.3
-6191.21
-6191.11
-6190.31
-6190.75
-6190.67
-6189.82
-6190.41
-6190.4
-6191.2
-6190.94
-6191.24
-6190.88
-6190.49
-6190.93
-6190.47
-6191.83
-6189.87
-6190
-6191.3
-6191.31
-6190.61
-6190.56
-6191.15
-6191.06
-6190.55
-6191.75
-6190.11
-6190.61
-6191.08
-6191.18
-6190.66
-6190.69
-6191.08
-6191.11
-6190.62
-6230.53
-6229.49
-6230.88
-6230.68
-6230.5
-6230.39
-6230.32
-6229.08
-6229.34
-6230.37
-6232
-6230.89
-6230.68
-6229.98
-6230.35
-6230.27
-6230.23
-6228.95
-6230.27
-6230.04
-6231.93
-6231.8
-6228.53
-6228.91
-6229.15
-6229.36
-6229.46
-6230.88
-6230.51
-6229.46
-6228.02
-6232.01
-6229.1
-6231.78
-6230.15
-6229.77
-6229.84
-6231.24
-6229.69
-6229.82
-6228.44
-6232.14
-6232.03
-6232.61
-6232.36
-6230.08
-6230.33
-6231.24
-6229.92
-6230.88
-6231.94
-6231.9
-6232.34
-6229.61
-6229.94
-6231.76
-6231.74
-6230.04
-6230.1
-6231.11
-6231.53
-6229.47
-6231.68
-6229.82
-6229.99
-6231.81
-6231.44
-6230.26
-6231.66
-6231.33
-6232.32
-6229.56
-6229.86
-6231.93
-6230.3
-6231.98
-6230.52
-6230.48
-6231.8
-6230.46
-6232.64
-6229.95
-6230.2
-6232.16
-6232.19
-6230.99
-6230.78
-6231.92
-6231.79
-6230.67
-6232.68
-6230.63
-6230.5
-6232.25
-6232.33
-6231.22
-6231.74
-6232.08
-6231.02
-6231.29
-6270.07
-6276.08
-6275.03
-6272.23
-6273.44
-6274.04
-6273.4
-6272.18
-6272.44
-6274.5
-6276.09
-6275.73
-6271.26
-6270.44
-6270.89
-6273.69
-6273.7
-6271.77
-6272.92
-6273.85
-6275.89
-6275.69
-6271.4
-6275.03
-6271.79
-6272.2
-6273.6
-6274.69
-6273.58
-6272.41
-6270.78
-6273.8
-6275.63
-6276.26
-6275.85
-6272.62
-6272.76
-6274.82
-6272.52
-6272.68
-6274.35
-6272.46
-6276.24
-6276.13
-6275.77
-6275.15
-6275.09
-6272.27
-6272.54
-6273.59
-6276.1
-6271.14
-6273.88
-6271.85
-6272.11
-6275.08
-6275
-6272.55
-6274.01
-6274.48
-6276.24
-6271.58
-6271.82
-6272.08
-6272.34
-6273.15
-6272.65
-6272.67
-6275
-6274.71
-6276.19
-6271.9
-6272.03
-6274.84
-6272.52
-6272.78
-6272.88
-6272.98
-6274.98
-6272.86
-6275.64
-6273.9
-6272.75
-6274.95
-6274.9
-6274.49
-6274.93
-6274.79
-6272.97
-6273.03
-6271.88
-6275.93
-6272.95
-6275.02
-6274.98
-6274.71
-6275.05
-6274.9
-6272.97
-6274.98
-6316.2
-6323.33
-6316.46
-6316.99
-6317.3
-6320.17
-6318.14
-6318.52
-6318.82
-6321.45
-6319.87
-6322.76
-6316.23
-6316.51
-6316.79
-6317.97
-6318.48
-6320.44
-6318.15
-6318.47
-6323.12
-6322.19
-6321.87
-6323.4
-6322.79
-6318.7
-6322.23
-6321.99
-6320.2
-6321.75
-6316.95
-6316.07
-6323.68
-6323.46
-6323.02
-6322.49
-6322.27
-6320.68
-6321.95
-6319.28
-6323.08
-6316.2
-6323.47
-6319.14
-6320.69
-6322.23
-6322.09
-6318.01
-6318.41
-6318.42
-6323.15
-6316.67
-6317.26
-6317.7
-6317.87
-6318.06
-6319.2
-6318.95
-6322.07
-6319.49
-6323.22
-6317.11
-6317.51
-6319.15
-6319.24
-6318.13
-6318.41
-6321.9
-6321.9
-6321.12
-6322.95
-6321.69
-6321.5
-6319.54
-6319.19
-6318.27
-6319.59
-6321.9
-6320.22
-6320.41
-6317.3
-6322.88
-6322.76
-6320.12
-6320.34
-6321.61
-6321.72
-6319.66
-6318.57
-6321.65
-6317.37
-6322.58
-6319.92
-6320.72
-6320.03
-6321.43
-6321.54
-6319.97
-6318.75
-6321.55
-6362.06
-6367.37
-6362.53
-6363.11
-6363.78
-6364.17
-6364.71
-6368.12
-6365.46
-6369.27
-6360.47
-6369.98
-6362.21
-6362.86
-6363.23
-6363.76
-6364.16
-6369.78
-6364.6
-6364.86
-6362
-6362.07
-6371.63
-6371.15
-6370.86
-6370.04
-6369.88
-6369.65
-6369.93
-6369.78
-6372.56
-6362.18
-6371.23
-6371
-6370.59
-6370.15
-6369.89
-6363.95
-6370.36
-6369.78
-6370.73
-6362.39
-6365
-6363.17
-6363.43
-6369.77
-6368.61
-6364.32
-6369.64
-6364.52
-6370.41
-6363.25
-6363.51
-6366.94
-6364.96
-6364.01
-6364.21
-6369.43
-6369.38
-6364.24
-6370.29
-6370.36
-6363.64
-6370.08
-6369.8
-6364.24
-6364.89
-6369.31
-6366.22
-6364.44
-6366.08
-6370.6
-6370.31
-6365.05
-6369.61
-6364.46
-6369.14
-6369.24
-6364.05
-6369.08
-6362.94
-6370.21
-6370.06
-6364.75
-6364.89
-6368.72
-6368.81
-6364.85
-6364.31
-6368.93
-6363.21
-6369.74
-6369.7
-6364.98
-6364.92
-6368.52
-6366.66
-6364.99
-6367.54
-6368.82
-6419.63
-6406.58
-6407.1
-6408.94
-6408.94
-6409.56
-6410
-6416.89
-6410.39
-6415.37
-6405
-6408.65
-6413.97
-6416.09
-6416.47
-6409.92
-6409.35
-6416.04
-6409.43
-6409.65
-6405.23
-6405.8
-6417.87
-6417.38
-6417.17
-6416.72
-6416.18
-6411.14
-6416.69
-6416.14
-6418.85
-6406.32
-6416.53
-6412.32
-6411.66
-6416.28
-6415.98
-6408.44
-6416.6
-6416.25
-6410.31
-6412.39
-6407.73
-6407.78
-6408.05
-6409.4
-6408.66
-6411.3
-6416.47
-6409.12
-6410.97
-6417.53
-6408.1
-6415.85
-6415.46
-6408.96
-6408.97
-6415.41
-6413.38
-6408.89
-6411.94
-6417.08
-6414.9
-6416.08
-6415.81
-6411.04
-6415.21
-6415.27
-6408.4
-6408.83
-6407.11
-6416.61
-6416.16
-6409.77
-6415.52
-6413.94
-6415.08
-6415.07
-6408.59
-6414.96
-6407.43
-6415.82
-6415.94
-6409.5
-6409.66
-6414.08
-6411.15
-6409.74
-6414.37
-6414.75
-6412.86
-6408.02
-6415.6
-6409.62
-6409.72
-6412.29
-6409.59
-6409.7
-6414.82
-6410.44
-6465.25
-6448.97
-6458.56
-6463.19
-6461.84
-6458.51
-6454.51
-6461.29
-6453.5
-6459.59
-6447.4
-6447.73
-6462.77
-6462.38
-6462.02
-6461.4
-6456.83
-6460.42
-6452.39
-6452.47
-6455.94
-6448.17
-6462.16
-6461.89
-6461.45
-6461.04
-6460.7
-6450.76
-6461.44
-6457.46
-6463.19
-6461.28
-6450.7
-6450.09
-6450.38
-6454.27
-6459.1
-6451.07
-6461.04
-6460.64
-6453.15
-6462.23
-6450.46
-6450.46
-6450.77
-6450.83
-6451.09
-6460.02
-6460.5
-6455.8
-6448.95
-6461.86
-6457.9
-6460.21
-6459.84
-6455.38
-6451.49
-6459.56
-6450.6
-6451.56
-6449.01
-6461.37
-6460.79
-6460.26
-6459.81
-6459.84
-6459.46
-6459.01
-6451.05
-6452.09
-6449.57
-6458.61
-6458.64
-6457.59
-6459.57
-6459.45
-6459.09
-6456.59
-6453.46
-6459.08
-6456.61
-6450.12
-6453.49
-6452.67
-6452.64
-6452.66
-6452.36
-6452.74
-6459.14
-6458.85
-6460.63
-6450.41
-6459
-6452.53
-6452.6
-6452.43
-6452.44
-6452.49
-6458.83
-6452.34
-6507.39
-6495.88
-6505.98
-6505.55
-6505.08
-6504.61
-6504.11
-6503.4
-6494.51
-6501.69
-6487.65
-6488.13
-6505.16
-6504.73
-6504.25
-6503.72
-6503.15
-6502.59
-6502.94
-6493.09
-6505.04
-6499.21
-6502.72
-6494.18
-6498.55
-6503.05
-6502.53
-6490.9
-6503.6
-6492.41
-6505.32
-6504.9
-6490.56
-6490.51
-6490.64
-6490.89
-6491.17
-6497.19
-6503.33
-6502.98
-6504.29
-6504.58
-6491.15
-6490.91
-6491.07
-6491.16
-6491.65
-6502.25
-6490.97
-6502.52
-6489.4
-6504.12
-6503.46
-6502.66
-6501.96
-6502.27
-6501.06
-6501.84
-6490.78
-6493.69
-6489.45
-6500.1
-6502.84
-6501.49
-6501.7
-6501.94
-6501.53
-6492.77
-6491.29
-6501.5
-6490.2
-6490.34
-6490.95
-6500.65
-6497.4
-6501.58
-6495.27
-6492.68
-6501.8
-6501.17
-6502.99
-6490.62
-6490.81
-6497.8
-6496.03
-6493.04
-6493.04
-6497.45
-6501.25
-6494.21
-6502.9
-6490.95
-6493.51
-6495.48
-6498.04
-6493.22
-6493.16
-6498.64
-6500.89
-6493.1
-6547.32
-6547.11
-6546.24
-6545.56
-6545.06
-6544.56
-6544.09
-6540.2
-6536.62
-6541.03
-6525.76
-6526.4
-6545.25
-6544.79
-6544.28
-6543.76
-6543.25
-6530.15
-6543.8
-6532.13
-6545.2
-6545.06
-6529.69
-6528.82
-6529.08
-6531.19
-6535.46
-6528.8
-6543.3
-6530.03
-6545.24
-6545.02
-6528.85
-6528.89
-6529.05
-6528.96
-6529.02
-6541.95
-6532.79
-6535.97
-6544.84
-6544.69
-6535.66
-6540.34
-6540.56
-6530.47
-6530.99
-6542.04
-6528.28
-6542.12
-6527.69
-6539.9
-6542.9
-6532.72
-6542.38
-6542.56
-6542.58
-6530.44
-6528.61
-6541.72
-6527.85
-6528.17
-6542.26
-6529.57
-6530.01
-6542.06
-6537.18
-6530.72
-6541.5
-6541.61
-6543.15
-6528.5
-6528.95
-6539.59
-6529.86
-6541.47
-6530.69
-6531.09
-6541.7
-6534.97
-6543.21
-6528.98
-6529.2
-6539.72
-6539.52
-6531.54
-6531.38
-6540.54
-6541.5
-6531.19
-6542.72
-6535.87
-6529.51
-6539.45
-6539.68
-6531.81
-6538.39
-6540.01
-6532.8
-6531.52
-6585.58
-6585.4
-6584.63
-6581.63
-6582.34
-6582.23
-6581.5
-6566.35
-6582.37
-6573.18
-6561.87
-6579.99
-6582.34
-6573.39
-6573.94
-6579.76
-6580.62
-6564.95
-6581.7
-6581.14
-6582.89
-6583.18
-6565.01
-6564.93
-6564.97
-6565
-6564.6
-6564.46
-6577.44
-6565.89
-6583.25
-6582.99
-6565.6
-6566.38
-6569.38
-6565.01
-6565.2
-6579.86
-6563.99
-6564.97
-6582.71
-6582.77
-6581.97
-6582.22
-6582.15
-6581.53
-6581.1
-6580.12
-6564.23
-6580.02
-6563.91
-6564.42
-6580.86
-6566.18
-6568.91
-6580.59
-6580.85
-6567.5
-6573.15
-6579.71
-6572.46
-6564.62
-6565.55
-6565.79
-6566.14
-6574.25
-6567.14
-6567.33
-6580.44
-6579.71
-6582.77
-6565.01
-6565.5
-6572.41
-6566.3
-6567.04
-6567.06
-6567.57
-6579.78
-6567.69
-6582
-6569.53
-6565.56
-6577.52
-6577.47
-6567.9
-6577.83
-6577.94
-6569.03
-6567.61
-6572.43
-6581.38
-6566.28
-6577.45
-6577.57
-6570.46
-6578.17
-6577.87
-6567.14
-6574.01
-6622.47
-6622.03
-6602.65
-6600.93
-6601.28
-6603.01
-6603.62
-6600.02
-6618.53
-6600.97
-6596.51
-6620.46
-6599.82
-6599.82
-6599.83
-6599.86
-6604.86
-6598.95
-6617.81
-6617.53
-6601.01
-6619.35
-6599.42
-6599.39
-6599.41
-6598.79
-6598.36
-6598.61
-6597.62
-6604.93
-6619.66
-6619.13
-6613.78
-6618.16
-6618.87
-6613.47
-6599.6
-6615.8
-6598.04
-6598.86
-6619.39
-6600.54
-6618.9
-6618.96
-6618.98
-6618.72
-6618.22
-6616.89
-6601.65
-6612.52
-6598.46
-6598.69
-6600.76
-6600.78
-6601.2
-6606.82
-6617.55
-6602.4
-6617.07
-6616.14
-6619.02
-6599.16
-6599.71
-6600.33
-6600.93
-6600.95
-6601.56
-6602.12
-6616.79
-6616.32
-6619.57
-6603.64
-6607.35
-6600.78
-6601.07
-6601.15
-6601.85
-6602.24
-6616.56
-6602.17
-6604.76
-6618.55
-6614.07
-6613.6
-6613.46
-6611.38
-6614.38
-6614.08
-6601.26
-6602.32
-6600.18
-6618.04
-6601.83
-6613.61
-6613.75
-6614.38
-6614.44
-6614.14
-6601.78
-6614.63
-6657.6
-6635.01
-6633.11
-6633.75
-6634.11
-6634.32
-6634.54
-6644.22
-6653.5
-6634.04
-6629.83
-6654.3
-6632.55
-6632.96
-6633.04
-6633.19
-6633.4
-6638.07
-6641.88
-6646.84
-6629.78
-6653.8
-6632.59
-6632.55
-6632.7
-6632.99
-6632.43
-6647.41
-6629.86
-6652.94
-6654.81
-6631.48
-6653.76
-6654.47
-6654.98
-6654.65
-6653.41
-6642.86
-6630.38
-6631.86
-6654.4
-6631.42
-6654.19
-6654.35
-6654.39
-6654.08
-6653.44
-6634.2
-6652.07
-6636.06
-6631.81
-6631.84
-6632.41
-6643.11
-6634.46
-6634.31
-6639.68
-6641.46
-6652.46
-6651.77
-6653.19
-6634.23
-6633.04
-6633.91
-6634.3
-6634.17
-6634.78
-6645.35
-6652.07
-6641.45
-6654.71
-6654.55
-6653.45
-6634.16
-6635.29
-6634.32
-6642.85
-6636.21
-6637.96
-6635.36
-6633.93
-6654
-6653.55
-6638.57
-6646.07
-6649.37
-6649.5
-6649.09
-6634.41
-6637.65
-6633.44
-6653.34
-6645.21
-6648
-6642.42
-6649.31
-6649.18
-6644.96
-6634.81
-6650.28
-6691.5
-6670.02
-6665.16
-6665.72
-6666.4
-6666.61
-6672.13
-6689.41
-6687.41
-6665.63
-6661.99
-6688.01
-6664.73
-6665.12
-6665.63
-6665.71
-6666.22
-6689.11
-6661.35
-6662.62
-6661.49
-6663.16
-6664.32
-6665.26
-6665.28
-6665.44
-6665.99
-6689.9
-6661.81
-6687.58
-6672.51
-6662.22
-6688.91
-6689.53
-6689.31
-6689.64
-6690.54
-6666.76
-6681.58
-6685.5
-6680.69
-6663.14
-6683.07
-6685.07
-6681.84
-6688.54
-6687.98
-6665.88
-6686.88
-6668.31
-6664.41
-6668.66
-6665.45
-6686.54
-6672.24
-6666.03
-6665.28
-6686.63
-6686.7
-6672.19
-6665.63
-6689.4
-6668.66
-6677.45
-6680.19
-6666.71
-6672.42
-6686.19
-6685.61
-6666.19
-6688.86
-6689.14
-6688.28
-6667.35
-6686.67
-6666.7
-6685.5
-6683.89
-6665.44
-6666.94
-6666.31
-6688.42
-6687.78
-6668.46
-6669.43
-6683.41
-6684.39
-6669.82
-6666.38
-6685.88
-6665.68
-6674.3
-6687.32
-6669.57
-6669.95
-6682.96
-6678.24
-6669.74
-6672.37
-6684.68
-6721.21
-6724.34
-6696.69
-6697.32
-6707.02
-6698.62
-6722.5
-6723.49
-6719.77
-6721.48
-6693.15
-6707.05
-6696.31
-6696.77
-6697.28
-6697.82
-6698.53
-6723.79
-6692.23
-6693.19
-6692.76
-6693.28
-6720.66
-6719.87
-6710.75
-6710.9
-6722.07
-6724.08
-6693.33
-6721.12
-6692.9
-6693.35
-6717.83
-6715.62
-6707.87
-6719.31
-6724.64
-6697.81
-6721.19
-6721.02
-6694.37
-6693.75
-6695.24
-6696.25
-6696.18
-6697.27
-6697.91
-6697.44
-6720.76
-6702.36
-6714.31
-6723.36
-6712.37
-6720.47
-6720.08
-6702.2
-6696.62
-6720.38
-6720.3
-6698.03
-6695.68
-6723.35
-6722.46
-6721.7
-6721.12
-6702.79
-6719.38
-6720
-6699.13
-6697.57
-6712.21
-6722.73
-6718.79
-6716.83
-6720.73
-6710.77
-6719.3
-6719.36
-6696.92
-6714.86
-6716.34
-6714.4
-6720.71
-6701.39
-6701.63
-6716.27
-6705.88
-6701.57
-6706.05
-6719.8
-6699.34
-6697.3
-6719.71
-6701.49
-6701.88
-6716.24
-6701.52
-6701.55
-6719.4
-6709.25
-6724.66
-6757.05
-6747.55
-6760.18
-6760.02
-6758.47
-6730.94
-6756.91
-6755.98
-6755.68
-6756.24
-6724.62
-6729.72
-6741.75
-6744.71
-6746.01
-6730.42
-6757.34
-6723.12
-6729.59
-6723.67
-6723.96
-6760.41
-6760.6
-6760.35
-6760.01
-6758.77
-6757.52
-6754.36
-6743.75
-6723.4
-6724.18
-6725.42
-6727.73
-6727.52
-6728.42
-6758.04
-6735.05
-6754.32
-6753.86
-6731.37
-6746.97
-6726.2
-6726.54
-6726.77
-6727.29
-6727.95
-6728.79
-6754.05
-6752.96
-6758.46
-6757.58
-6756.32
-6745.37
-6753.45
-6751.8
-6727.83
-6753.02
-6753.84
-6728.98
-6726.41
-6756.86
-6756.06
-6755.24
-6754.34
-6753.69
-6752.67
-6752.66
-6726.74
-6728.27
-6726.55
-6750.14
-6730.25
-6754.48
-6753.94
-6753.35
-6752.53
-6752.44
-6727.69
-6753.88
-6754.22
-6728.09
-6734.82
-6745.35
-6733.85
-6743.67
-6732.66
-6733.08
-6753.04
-6752.84
-6754.72
-6728.43
-6751.99
-6733.56
-6734.06
-6735.45
-6732.78
-6733.12
-6752.95
-6734.59
-6754.59
-6787.66
-6794.39
-6794.41
-6793.69
-6794
-6762.14
-6770.84
-6789.06
-6788.86
-6791.99
-6755.02
-6793.77
-6794.16
-6794.05
-6793.73
-6777.31
-6761.19
-6753.46
-6788.21
-6754.26
-6754.67
-6794.14
-6794.4
-6794.05
-6793.57
-6792.52
-6786.47
-6786.92
-6758.14
-6754
-6757.8
-6757.2
-6757.69
-6757.83
-6758.37
-6780.22
-6787.4
-6786.98
-6786.35
-6790.31
-6790.84
-6757.24
-6757.37
-6757.68
-6758.15
-6758.67
-6761.4
-6786.67
-6786.01
-6791.98
-6790.97
-6789.83
-6758.08
-6758.83
-6785.46
-6758.91
-6775.33
-6765.9
-6759.84
-6766.07
-6790.43
-6789.16
-6787.89
-6787.34
-6786.73
-6785.46
-6785.1
-6756.79
-6761.58
-6756.85
-6758.5
-6760.25
-6787.55
-6787.02
-6786.34
-6785.19
-6784.67
-6758.02
-6787.74
-6787.34
-6758.41
-6759.12
-6787.1
-6784.59
-6763.74
-6763.25
-6763.85
-6786.41
-6786.46
-6788.33
-6759.31
-6774.44
-6775.41
-6769.63
-6764.06
-6763.5
-6768.07
-6786.07
-6765.38
-6785.17
-6785.31
-6827.89
-6827.47
-6824.18
-6826.77
-6809.56
-6784.08
-6821.95
-6821.68
-6825.1
-6786.6
-6827.72
-6827.64
-6827.22
-6827.44
-6828.25
-6783.35
-6783.78
-6821.52
-6785.16
-6786.3
-6828.02
-6827.73
-6827.14
-6826.48
-6826.7
-6784.85
-6819.44
-6799.53
-6784.58
-6823.93
-6792.3
-6788.52
-6794.13
-6787.58
-6784.39
-6820.43
-6819.82
-6794.51
-6824.68
-6824.32
-6788.13
-6788.26
-6788.66
-6789.09
-6787.29
-6820.5
-6819.58
-6810.25
-6825.22
-6824.6
-6794.66
-6788.55
-6788.69
-6799.99
-6805.8
-6787.35
-6786.42
-6788.81
-6823.7
-6799.32
-6820.98
-6810.36
-6802.08
-6818.2
-6811.02
-6799.52
-6786.85
-6822.86
-6787.41
-6788.42
-6794.94
-6819.79
-6807.93
-6817.52
-6801.23
-6803.68
-6812.98
-6821.69
-6820.72
-6789.1
-6789.66
-6818.19
-6814.89
-6794.39
-6794.62
-6794.76
-6819.7
-6796.58
-6821.92
-6792.29
-6790.37
-6815.92
-6814.82
-6794.7
-6794.14
-6817.85
-6819.07
-6796.59
-6815.62
-6815.49
-6844.4
-6838.83
-6816.11
-6826.45
-6861.93
-6814.24
-6844.06
-6854.41
-6857.77
-6834.64
-6861.32
-6860.64
-6860.1
-6853.66
-6861.6
-6813.69
-6814.15
-6854.48
-6852.68
-6857.93
-6860.07
-6851.77
-6860.18
-6846.27
-6822.94
-6813.91
-6847.61
-6842.9
-6820.67
-6858.48
-6857.39
-6828.31
-6856.19
-6849.39
-6813.84
-6853.79
-6852.54
-6814.46
-6858.28
-6857.4
-6821.42
-6823.47
-6826.06
-6819.98
-6842.51
-6855.04
-6829.12
-6815.36
-6858.51
-6831.26
-6819.93
-6820.7
-6820.52
-6821.56
-6858.71
-6816.7
-6816.24
-6848.97
-6858.5
-6818.2
-6828.57
-6820.58
-6821.44
-6849.73
-6818.92
-6817.13
-6816.75
-6859.39
-6819.32
-6819.42
-6847.58
-6826.37
-6822.1
-6849.76
-6820.51
-6818.91
-6857.01
-6839.41
-6833.93
-6820.14
-6820.58
-6822.26
-6826.01
-6826.31
-6835.06
-6837.07
-6852.4
-6824.75
-6855.16
-6852.2
-6821.13
-6848.14
-6846.93
-6826.72
-6826.2
-6842.92
-6832.18
-6837.73
-6870.96
-6846.18
-6846.13
-6845.83
-6846.19
-6847.26
-6895.21
-6844.8
-6853.94
-6883.48
-6888.58
-6892.94
-6894.32
-6874.45
-6858.53
-6845.81
-6894.69
-6843.99
-6844.41
-6887.05
-6892.96
-6892.29
-6846.22
-6845.59
-6856.05
-6844.84
-6844.08
-6844.11
-6845.3
-6855.88
-6891.95
-6892.01
-6890.97
-6888.97
-6886.64
-6886.05
-6843.94
-6883.55
-6885.01
-6844.12
-6850.72
-6881.54
-6888.61
-6889
-6889.76
-6876.91
-6891.19
-6888.86
-6845.54
-6844.54
-6891.89
-6847.99
-6849.91
-6869.97
-6880.12
-6854.27
-6893.27
-6846.8
-6846.52
-6892.57
-6892.37
-6848.54
-6849.65
-6850.75
-6852.12
-6858.68
-6848.15
-6847.38
-6850.94
-6892.85
-6850.7
-6849.16
-6881.53
-6851.66
-6852.44
-6881.09
-6850.01
-6852.24
-6891.1
-6856.18
-6852.83
-6873.98
-6856.64
-6852.49
-6853.13
-6879.64
-6885.72
-6886.58
-6858.1
-6855.26
-6880.01
-6886.25
-6853.47
-6862.99
-6878.16
-6864.71
-6882.63
-6857.57
-6856.27
-6868.1
-6919.73
-6888.74
-6876.23
-6876.02
-6876.46
-6884.72
-6928.24
-6919.23
-6922.15
-6901.54
-6878.99
-6925.41
-6880.56
-6875.98
-6875.46
-6874.98
-6922.58
-6919.05
-6874.85
-6919.7
-6926.42
-6925.69
-6875.01
-6875.04
-6874.75
-6874.04
-6874.07
-6874.6
-6874.31
-6874.7
-6915.84
-6925.04
-6923.97
-6921.71
-6921.68
-6921.68
-6874.31
-6877.42
-6902.86
-6873.95
-6876.45
-6879.12
-6922.73
-6923.75
-6924.51
-6925.38
-6926.01
-6923.31
-6874.49
-6874.26
-6919.5
-6878.39
-6881.84
-6923.2
-6923.83
-6889.26
-6927.46
-6877.7
-6877.32
-6927.67
-6925.47
-6878.91
-6879.88
-6880.84
-6905.34
-6880.84
-6879.09
-6878.69
-6922.28
-6926.44
-6917.75
-6913.75
-6915.77
-6881.86
-6882.62
-6881.6
-6881.1
-6921.39
-6925.07
-6886.61
-6884.59
-6921.33
-6919.56
-6882.78
-6883.48
-6918.61
-6919.57
-6921.39
-6886.51
-6886.24
-6884.03
-6919.8
-6884.78
-6883.64
-6890.56
-6916.54
-6918.44
-6893.19
-6886.85
-6886.46
-6924.89
-6957.21
-6906.61
-6907.08
-6907.53
-6962.75
-6961.66
-6960.63
-6959.25
-6933.12
-6914.35
-6944.05
-6906.09
-6905.9
-6905.76
-6906.09
-6908.42
-6960.06
-6908.67
-6953.99
-6960.1
-6952.86
-6905.46
-6905.38
-6905.54
-6905.29
-6904.92
-6918.46
-6904.32
-6904.4
-6906.61
-6928.89
-6910.55
-6955.53
-6912.02
-6911.15
-6904.92
-6904.32
-6903.93
-6903.98
-6907.05
-6907.72
-6957.15
-6958.34
-6959.34
-6960.08
-6926.01
-6927
-6912.61
-6921.69
-6912.36
-6908.85
-6953.72
-6957.51
-6959.09
-6961.44
-6961.78
-6909.61
-6952.01
-6962.87
-6958.77
-6919.04
-6911.71
-6920.99
-6956.86
-6913.3
-6943.05
-6918.38
-6965.38
-6960.25
-6958.25
-6956.48
-6925.16
-6914.61
-6929.09
-6912.13
-6912.1
-6955.34
-6954.95
-6917.25
-6915.7
-6955.19
-6953.98
-6940.18
-6942.82
-6934.58
-6948.74
-6952.06
-6917.32
-6917.31
-6914.43
-6949.57
-6951.05
-6916.93
-6918.41
-6949.86
-6950.64
-6951.75
-6917.69
-6917.26
-6941.68
-6991.04
-6983.04
-6974.93
-6996.98
-6996.74
-6995.37
-6994.23
-6993.14
-6979.72
-6953.21
-6937.18
-6936.91
-6936.99
-6937.09
-6962.11
-6935.25
-6993.96
-6990.49
-6954.47
-6994.27
-6936.55
-6936.52
-6936.56
-6936.79
-6937.12
-6988.5
-6993.09
-6934.73
-6936.11
-6937.08
-6937.5
-6936.81
-6939.38
-6936.92
-6937.35
-6943.07
-6934.38
-6934.36
-6934.73
-6938.16
-6938.62
-6988.69
-6990.43
-6966.01
-6994.38
-6936.7
-6935.34
-6976.91
-7000.17
-6938.95
-6940.12
-6989.72
-6989.97
-6983.67
-6996.11
-6996.49
-6983.48
-7002.38
-6998.34
-6990.23
-6989.67
-6944
-6989.14
-6976
-6965.07
-6999.33
-7000.07
-7000.84
-6951.29
-6991.64
-6990.12
-6944.78
-6983.4
-6981.16
-6942.93
-6942.39
-6980.19
-6942.76
-6950.13
-6954.74
-6989.41
-6988.09
-6985.1
-6981.75
-6941.93
-6940.26
-6973.32
-6960.64
-6954.05
-6945.87
-6948.33
-6985.1
-6952.88
-6951.11
-6968.21
-6982.44
-6982.73
-6949.39
-6965.02
-6973.43
-7014.97
-7030.33
-7029.54
-7029.55
-7030.26
-7010.87
-7028.22
-7026.75
-7024.7
-7029.41
-6975.91
-6969.34
-6969.41
-6991.95
-7026.04
-6966.3
-7028.04
-7026.69
-6962.45
-7029.25
-6969.11
-6969.05
-6969.05
-6969
-6968.97
-7027.83
-7027.9
-6966.62
-6959.94
-6971.05
-6969.48
-6969.11
-6969.18
-6969.08
-6968.94
-7023.37
-6965.46
-6965.22
-6968.41
-6970.76
-6970.39
-7023.14
-6977.29
-6969.6
-7029.31
-6966.58
-6965.8
-7013.73
-7041.76
-6971.68
-7021.37
-7023.95
-6993.73
-6971.75
-7031.49
-7034.15
-7036.87
-7038.6
-7005.9
-6979.31
-7023.79
-7010.98
-7020.66
-6974.08
-7034.55
-7035.88
-7036.56
-7036.29
-6965.04
-7025.13
-7024.56
-6980.3
-7017.66
-7016.04
-6973.91
-6971.9
-6969.19
-6964.61
-7006.52
-7023.08
-6994.05
-6986.61
-7017.07
-7016.09
-6971.65
-6969.75
-6968.54
-6998.03
-7009.87
-6978.48
-6978.62
-7016.57
-7016.53
-6991.26
-6973.77
-7015.58
-7004.58
-6999.16
-7010.97
-7007.62
-7008.29
-7066.97
-7066.02
-7064.7
-7004.89
-6999.12
-7052.92
-7061.07
-7058.44
-7061.56
-7060.66
-7025.41
-7062.37
-7064.52
-7060.89
-6998.85
-7062.77
-7061.03
-6991.08
-7065.64
-7048.31
-7003.45
-7018.48
-7022.62
-7010
-7056.14
-7061.01
-6997.28
-6989.31
-7059.35
-7004.96
-7003.89
-7003.54
-7003.02
-7002.87
-7063.15
-6997.36
-6996.9
-7040.62
-7006.14
-7044.1
-7057.94
-7004.29
-7003.29
-7013.21
-6998.5
-6997.46
-7053.7
-7077.7
-7006.28
-7060.81
-7059.76
-7006.1
-7004.01
-7049.23
-7028.77
-7074.41
-7074.8
-6998.24
-7007.12
-7059.84
-7059.35
-7056.4
-7005.71
-7073.01
-7073.62
-7073.7
-7064.44
-6994.62
-7061.38
-7016.94
-7022.18
-7052.88
-7049.21
-7055.02
-7048.89
-6997.44
-6994.59
-7027.82
-7060.93
-7012.85
-7013.27
-7051.97
-7050.83
-7007.91
-7001.57
-6999.32
-7005.85
-7044.45
-7013.06
-7012.84
-7042.32
-7050.14
-7050.22
-7032.13
-7008.59
-7001
-7045.71
-7045.21
-7044.9
-7045.05
-7106.37
-7105.03
-7103.49
-7036.56
-7034.37
-7079.7
-7097.47
-7079.43
-7044.22
-7101.83
-7104.7
-7104.94
-7103.33
-7084.89
-7034.24
-7039.84
-7088.86
-7021.92
-7105.05
-7103.85
-7099.37
-7102.83
-7101.77
-7099.98
-7037.08
-7037.25
-7023.28
-7021.2
-7104.58
-7066.85
-7098.21
-7041.27
-7041.76
-7080.04
-7102.8
-7032.3
-7032.95
-7072.98
-7078.05
-7102.16
-7043.3
-7041.4
-7039.14
-7036.21
-7034.63
-7047.41
-7116.16
-7115.81
-7044.26
-7100.79
-7088.7
-7067.42
-7040.81
-7039.15
-7035.57
-7114.48
-7114.43
-7028.96
-7044.76
-7087.16
-7096.57
-7055.07
-7047.79
-7085.15
-7108.68
-7113.45
-7052.02
-7027.12
-7067.74
-7047.87
-7094.62
-7058.18
-7052.45
-7097.73
-7102.86
-7076.59
-7028.14
-7027.23
-7097.61
-7049.23
-7049.74
-7055.1
-7071.38
-7097.7
-7048.6
-7033.16
-7029.82
-7080.63
-7091.04
-7049.92
-7050.75
-7086.49
-7086.55
-7090.27
-7037.05
-7034.66
-7082.97
-7081.35
-7110.92
-7088.32
-7097.57
-7146.38
-7098.84
-7077.11
-7094.91
-7135.84
-7138.44
-7085.34
-7083.4
-7124.07
-7149
-7148.07
-7145.99
-7076.04
-7074.14
-7071.15
-7071.77
-7119.05
-7149.14
-7123.58
-7148.02
-7147.13
-7145.4
-7145.76
-7073.1
-7069.4
-7066.14
-7073.85
-7149.71
-7148.22
-7147.67
-7105.75
-7145.63
-7149.22
-7147.47
-7096.79
-7129
-7069.8
-7149.51
-7147.66
-7087.37
-7100.92
-7108.19
-7079.96
-7090.89
-7156.02
-7158.12
-7159.28
-7087.7
-7146.34
-7088.37
-7135.87
-7133.56
-7082.59
-7078.78
-7156.91
-7154.2
-7126.62
-7087.98
-7088.36
-7104.87
-7093.49
-7140.21
-7083.44
-7086.1
-7137.72
-7067.55
-7063.95
-7088.24
-7088.74
-7122.76
-7091.79
-7091.51
-7140.75
-7138.41
-7136.47
-7066.18
-7062.93
-7102.47
-7089.81
-7114.24
-7092.05
-7092.12
-7139.85
-7137.7
-7071.06
-7066.94
-7118.34
-7133.65
-7120.49
-7097.46
-7129.44
-7127.63
-7092.31
-7079.6
-7094.78
-7125.36
-7122.53
-7209.1
-7141.74
-7135.87
-7134.6
-7130.18
-7124.34
-7199.53
-7183.33
-7125.58
-7125.17
-7132.24
-7133.57
-7200.06
-7198.14
-7163.13
-7123.11
-7121.3
-7118.99
-7114.8
-7219.69
-7201.86
-7136.46
-7199.73
-7197.94
-7197.15
-7177.79
-7121.11
-7117.59
-7113.53
-7129.29
-7202.07
-7201.13
-7199.82
-7199.38
-7201.24
-7200.82
-7200.3
-7201.53
-7169.09
-7105.24
-7197.31
-7199.33
-7136.99
-7199.44
-7199.89
-7130.63
-7202.82
-7206.66
-7203.12
-7153.81
-7147.12
-7156.58
-7135.29
-7192.42
-7197.26
-7130.06
-7127.66
-7140.83
-7178.65
-7219.03
-7138.14
-7137.4
-7136.13
-7144.17
-7194.65
-7128.45
-7125.56
-7122.25
-7117.33
-7119.04
-7138.02
-7138.17
-7137.26
-7138.74
-7139.14
-7189.84
-7186.09
-7145.98
-7130.64
-7107.6
-7139.05
-7175.26
-7178.15
-7140.36
-7139.16
-7186.9
-7186.25
-7183.33
-7121.61
-7111.77
-7184.98
-7182.67
-7163.27
-7153.48
-7154.43
-7141.13
-7140.71
-7180.13
-7168.25
-7171.43
-7270.9
-7267.71
-7193.1
-7191.08
-7188.45
-7259.78
-7262.87
-7175.96
-7173.62
-7284.21
-7198.78
-7192.64
-7213.64
-7229.8
-7183.71
-7180.13
-7178.2
-7175.48
-7172.93
-7281.18
-7262.72
-7193.84
-7260.12
-7259.4
-7257.52
-7180.12
-7177.94
-7175.51
-7179.76
-7170.16
-7263.21
-7261.88
-7261.53
-7260.73
-7260.03
-7209.52
-7213.51
-7262.5
-7174.7
-7161.22
-7195.34
-7260.97
-7203.4
-7262.3
-7261.72
-7231.23
-7266.75
-7264.66
-7262.25
-7166.29
-7260.54
-7193.8
-7192.73
-7193.58
-7259.45
-7235.23
-7183.52
-7180.18
-7181.45
-7282.27
-7228.2
-7194.78
-7192.88
-7254.75
-7256.82
-7184.72
-7181.28
-7178.39
-7176.44
-7258.02
-7230.51
-7230.37
-7193.78
-7196.66
-7223.75
-7203.82
-7182.84
-7181.45
-7231.57
-7163.27
-7246.44
-7242.93
-7239.11
-7198.27
-7196.93
-7202.94
-7245.7
-7245.05
-7233.95
-7164.41
-7246.27
-7243.12
-7240.22
-7200.77
-7197.03
-7199.93
-7244.66
-7242.39
-7200.22
-7229.05
-7342.69
-7343.55
-7260.02
-7259.06
-7274.48
-7352.01
-7340.21
-7246.07
-7245.89
-7379.15
-7340.97
-7261.2
-7259.29
-7257.69
-7257.33
-7306.54
-7247.54
-7245.29
-7290.22
-7350.41
-7335.66
-7296.35
-7269.54
-7279.38
-7256.68
-7248.92
-7247.45
-7256.95
-7246.63
-7236.37
-7322.82
-7332.8
-7330.9
-7330
-7319.94
-7250.4
-7247.88
-7334.24
-7239.89
-7235.98
-7260.6
-7277.4
-7329.01
-7310.81
-7335.35
-7338.1
-7337.51
-7336.51
-7269.22
-7238.46
-7330.08
-7261.53
-7261
-7260.14
-7295.4
-7334.22
-7317.42
-7249.21
-7248.81
-7360.78
-7324.81
-7263.97
-7285.21
-7309.93
-7312.32
-7252.85
-7250.43
-7248.65
-7246.4
-7352.43
-7322.1
-7321.19
-7305.04
-7313.22
-7305.56
-7254.39
-7251.35
-7274.72
-7308.1
-7235.6
-7320.9
-7304.16
-7298.08
-7302.96
-7263.47
-7257.26
-7320.31
-7319.3
-7311.71
-7236.57
-7283.64
-7312.15
-7311.6
-7271.41
-7268.2
-7311.77
-7317.18
-7288.81
-7268.7
-7303.39
-7421.9
-7425.71
-7410.79
-7334.53
-7433.9
-7433.25
-7405.68
-7321.18
-7324.39
-7459.39
-7420.87
-7337.61
-7335.45
-7332.83
-7362.65
-7432.55
-7323.17
-7320.66
-7317.45
-7407.7
-7342.45
-7414.04
-7334.06
-7330.64
-7327.41
-7325.53
-7323.52
-7384.44
-7316.55
-7313.91
-7336.84
-7398.26
-7410.01
-7407.83
-7330.11
-7325.87
-7381.41
-7394.89
-7315.94
-7313.14
-7337.13
-7337.09
-7408.87
-7340.54
-7383.2
-7415.4
-7414.47
-7394.11
-7317.04
-7340.9
-7348.08
-7338.27
-7345.05
-7339.38
-7340.78
-7413.28
-7394.32
-7324.95
-7322.77
-7441.08
-7401.88
-7399.83
-7368.04
-7340.69
-7341.15
-7361.01
-7326.77
-7323.83
-7321.01
-7355.66
-7402.83
-7402.01
-7399.79
-7395.21
-7356.15
-7330.24
-7326.85
-7395.77
-7386.19
-7311.64
-7401.3
-7369.27
-7374.14
-7392.69
-7387.17
-7332.56
-7380.94
-7397.96
-7396.09
-7322.71
-7348.44
-7390.87
-7364.34
-7349.67
-7377.22
-7391.17
-7392.26
-7337.67
-7342.22
-7381.95
-7436.46
-7515.67
-7515.49
-7506.43
-7520.55
-7515.1
-7402.86
-7393.58
-7517.87
-7529.07
-7509.15
-7507.24
-7417.63
-7413.71
-7518.94
-7515.18
-7479.13
-7392.97
-7385.9
-7523.57
-7418.95
-7504.4
-7416.5
-7412.52
-7408.62
-7404.53
-7454.4
-7457.3
-7385.97
-7379.35
-7419.88
-7421.85
-7456.17
-7419.72
-7409.18
-7404.82
-7497.96
-7392.36
-7385.72
-7379.53
-7421.8
-7421.62
-7490.07
-7439.06
-7411.32
-7456.89
-7493.12
-7395.49
-7386.42
-7490.09
-7422.48
-7421.81
-7485.5
-7461.62
-7418.12
-7476.57
-7404.35
-7398.8
-7482.21
-7511.73
-7489.59
-7487.76
-7426.93
-7422.66
-7418.32
-7511.73
-7440.61
-7411.49
-7390.35
-7380.17
-7490.1
-7488.22
-7485.21
-7467.26
-7415.15
-7410.65
-7444.39
-7471.84
-7397.2
-7379.62
-7488.52
-7456.16
-7483.49
-7477.45
-7471.87
-7407.66
-7392.11
-7457.57
-7467.97
-7449.7
-7429.95
-7427.07
-7428.92
-7454.47
-7472.5
-7469.4
-7435.76
-7409.24
-7452.76
-7454.02
-7533.64
-7580.13
-7620.68
-7618.98
-7614.72
-7556.4
-7491.84
-7479.76
-7615.85
-7608.93
-7611.49
-7607.33
-7592.58
-7562.81
-7612.81
-7604.46
-7611.8
-7526.26
-7514.96
-7604.25
-7519.2
-7605.83
-7513.7
-7508.83
-7502.39
-7547.57
-7606.17
-7499.63
-7465.54
-7497
-7519.73
-7517.88
-7513.9
-7508.81
-7502.98
-7516.88
-7594.71
-7475.16
-7465.95
-7455.73
-7564.25
-7518.98
-7586.67
-7579.01
-7503.24
-7494.52
-7552.73
-7476.64
-7473.98
-7461.11
-7523.27
-7519.79
-7585.82
-7580.45
-7558.89
-7497.5
-7491.8
-7484.6
-7619.11
-7583.28
-7548.59
-7588.64
-7562.19
-7517.22
-7510.85
-7618.53
-7630.52
-7618.09
-7491.78
-7455.99
-7591.29
-7587.79
-7583.71
-7520.88
-7510.2
-7515.31
-7620.23
-7541.33
-7465.34
-7458.22
-7589.68
-7586.58
-7582.4
-7548.08
-7513.16
-7586.46
-7473.47
-7470.41
-7511.34
-7469.18
-7526.18
-7520.64
-7523.63
-7570.64
-7566.11
-7562.43
-7479.19
-7490.26
-7543.58
-7536.29
-7660.28
-7649.42
-7709.24
-7739.7
-7704.59
-7614.55
-7604.7
-7675.51
-7718.07
-7700.95
-7681.53
-7736.35
-7735.37
-7734.33
-7714.11
-7618.38
-7733.33
-7729.99
-7717.87
-7700.71
-7647.62
-7724.5
-7638.95
-7631.57
-7623.77
-7704.57
-7707.26
-7583.13
-7568.66
-7685.92
-7677.82
-7646.54
-7638.76
-7631.26
-7623.05
-7695.37
-7630.26
-7582.71
-7568.41
-7580.69
-7730.73
-7646.45
-7686.08
-7705.23
-7629.17
-7608.09
-7596.52
-7584
-7570.33
-7558.38
-7654
-7658.33
-7713.22
-7705.23
-7694.82
-7609.84
-7600.39
-7687.99
-7732.52
-7588.3
-7652.72
-7716.83
-7714.36
-7640.32
-7629.54
-7692.93
-7750.28
-7738.41
-7596.79
-7557.88
-7715.56
-7715.45
-7710.25
-7638.94
-7629.17
-7736.08
-7747.55
-7578.91
-7569.86
-7559.34
-7717.54
-7713.31
-7706.57
-7641.01
-7692.61
-7720.06
-7583.76
-7576.23
-7570.01
-7564.87
-7668.22
-7647.26
-7671.17
-7691.61
-7689.74
-7604.9
-7586.16
-7655.91
-7651.19
-7588.23
-7889.03
-7816.75
-7804.9
-7843.38
-7779.38
-7766.85
-7750.98
-7874.91
-7856.47
-7094.98
-7820.5
-7908.25
-7898.62
-7891.24
-7783.66
-7768.39
-7802.26
-7872.85
-7852.98
-7772.11
-7818.71
-7815.76
-7853.24
-7843.43
-7869.14
-7855.71
-7761.37
-7726.21
-7834.12
-7804.81
-7902.79
-7824.91
-7805.77
-7794.64
-7836.37
-7855.73
-7745.33
-7726.04
-7714.51
-7788.78
-7904.86
-7851.3
-7805.57
-7858.92
-7844.83
-7761.25
-7744.89
-7727.28
-7707.63
-7782.93
-7824.7
-7888.09
-7882.5
-7869.07
-7817.03
-7761.69
-7768.87
-7897.7
-7876.43
-7848.73
-7824.53
-7826.1
-7882.16
-7852.82
-7787.73
-7781.11
-7905.99
-7894.33
-7714.07
-7691.96
-7834.34
-7837.8
-7851.93
-7803.08
-7850.17
-7882.78
-7824.47
-7718.98
-7706.63
-7737.68
-7886.91
-7879.69
-7822.39
-7804.02
-7870.58
-7864.49
-7732.65
-7719.91
-7707.17
-7789.73
-7879.05
-7814.51
-7851.77
-7852.17
-7785.95
-7751.68
-7768.18
-7858.75
-7782.23
-7724.68
-8147.41
-8050.07
-8033.79
-8016.58
-7996.86
-7976.13
-8057.19
-8070.62
-7975.01
-4292.01
-8061.07
-8088.74
-8132.43
-8114.51
-7998.75
-7978.78
-7965.04
-8072.55
-8039.58
-6733.91
-8060.43
-8049.75
-8127.86
-8112.61
-8085.55
-8019.12
-7951.16
-8045.19
-8019.9
-7814.27
-8147.55
-8127.29
-8037.69
-8041.44
-8082.08
-8045.65
-7950.13
-7922.38
-7998.96
-8004.14
-8146.88
-8132.8
-8033.35
-8020.23
-8076.09
-7974.25
-7950.23
-7923.8
-7961.87
-8030.72
-8112.07
-8127.78
-8088.34
-8084.82
-7988.63
-7971.95
-8114.34
-8102.13
-8071.94
-8043.67
-8065.85
-8061.75
-8115.21
-8099.23
-8011.62
-7969.46
-8100.21
-8102.92
-8012.06
-7918.79
-8065.87
-8057.47
-8049.51
-8065.26
-8107.84
-8093.54
-7944.31
-7916.99
-7895.92
-8042.18
-8126.24
-8077.34
-8049.64
-8034.45
-8096.79
-8015.92
-7939.23
-7919.11
-7911.23
-8055.07
-8123.42
-8099.88
-8089.28
-8044.38
-7977.23
-7963.12
-7949.77
-8074.44
-8063.54
-7918.86
-8466.49
-8429.96
-8339.85
-8317.61
-8293.6
-8269.17
-8369.1
-8349.99
-7274.3
-1378.75
-8377.23
-8362.66
-8428.58
-8371.02
-8295.52
-8268.89
-8359.73
-8358.52
-8117.14
-3755.66
-8376.49
-8363.68
-8433.09
-8412.16
-8382.02
-8272.54
-8245.39
-8345.61
-8296.58
-6414.7
-8455.84
-8402.52
-8418.54
-8407.03
-8380.89
-8272.13
-8239.41
-8318.81
-8326.34
-7769.82
-8463.35
-8446.36
-8337.16
-8314.02
-8369.25
-8267.68
-8239.22
-8325.62
-8354.27
-8303.79
-8457.26
-8442.54
-8363.9
-8310.56
-8284.95
-8271.08
-8422.85
-8391.7
-8361.16
-8333.26
-8380.58
-8400.18
-8424.35
-8409.17
-8351.64
-8260.91
-8242.73
-8374.01
-8364.15
-8331.36
-8378.85
-8366.34
-8353.45
-8413.5
-8399.79
-8301.24
-8227.43
-8203.34
-8305.45
-8336.61
-8439.73
-8366.99
-8354.13
-8376.47
-8390.89
-8254.04
-8229.43
-8205.54
-8297.76
-8344.59
-8436.36
-8420.83
-8401.75
-8297.2
-8274.46
-8256.07
-8233.05
-8380.07
-8365.87
-8328.33
-9007.37
-8969.87
-8868.22
-8788.15
-8737.6
-8706.17
-8753.91
-8691.9
-5732.1
-1133.71
-8919.63
-8885.5
-8844.84
-8792.06
-8741.29
-8695.52
-8755
-8709.37
-7280.44
-1163.84
-8915.62
-8883.62
-8929.92
-8883.65
-8804.9
-8699.2
-8748.66
-8706.72
-8206.13
-3000.65
-8925.1
-8898.51
-8927.62
-8881.81
-8826.53
-8702.21
-8696.7
-8740.37
-8607.05
-5747.48
-8999.91
-8964.14
-8829.43
-8783.09
-8740.78
-8764.97
-8796.44
-8763.73
-8692.96
-7591.14
-8992.77
-8959.12
-8897.84
-8779.06
-8733.78
-8684.6
-8794.26
-8773.01
-8721.83
-8612.04
-8910.34
-8947.86
-8920.22
-8881.48
-8755.95
-8684.7
-8633.66
-8744.8
-8720.4
-8672.17
-8905.01
-8875.9
-8856.42
-8882.26
-8844.27
-8683.59
-8634.22
-8652.65
-8723.1
-8694.34
-8948.56
-8869.69
-8839.36
-8869.71
-8813.25
-8683.35
-8638.26
-8609.99
-8743.18
-8711.58
-8952.41
-8921.99
-8888.56
-8772.77
-8724.38
-8686.72
-8648.02
-8788.75
-8752.92
-8722.03
-9464.02
-9421.51
-9372.95
-9247.18
-9182.65
-9233.56
-9213.87
-8664.03
-2924.65
-1357.4
-9449.61
-9373.26
-9287.28
-9236.72
-9184.17
-9226.51
-9212.32
-8931.75
-3941.21
-1310.28
-9367.25
-9330.64
-9375.1
-9308.05
-9188.11
-9205.29
-9207.05
-9152.35
-5689.62
-1281.94
-9362.3
-9357.61
-9371.02
-9317.46
-9188.14
-9176.85
-9232.53
-9194.26
-7249.99
-1973.9
-9445.73
-9409.21
-9298.12
-9223.91
-9176.94
-9277.15
-9248.46
-9232.13
-8449.71
-3617.2
-9438.65
-9403.05
-9364.79
-9225.05
-9176.67
-9142.69
-9251.5
-9256.94
-9128.19
-5629.49
-9395.57
-9396.34
-9359.64
-9318.38
-9176.89
-9135.57
-9126.41
-9237.69
-9205.95
-8113.42
-9346.7
-9314.66
-9341.51
-9320.62
-9226.38
-9135.51
-9128.09
-9229.54
-9215.25
-9185.81
-9339.21
-9308.09
-9288.74
-9313.54
-9184.38
-9138.04
-9106.01
-9140.61
-9236.18
-9216.17
-9364.55
-9357.42
-9324.75
-9219.65
-9169.32
-9140.49
-9132.14
-9271.83
-9246.28
-9225.16
-6094.71
-6095.36
-6095.45
-6096.66
-6096.84
-6097.13
-6096.54
-6096.75
-6095.97
-6095.83
-6100.72
-6102.02
-6101.36
-6101.86
-6102.25
-6102.43
-6102.72
-6101.66
-6100.92
-6101.13
-6103.78
-6104.38
-6104.85
-6105.51
-6105.64
-6105.54
-6106.13
-6104.76
-6104.16
-6103.61
-6106.48
-6106.84
-6107.66
-6108.48
-6108.7
-6108.27
-6108.59
-6107.27
-6106.6
-6105.88
-6108.74
-6109.54
-6110.33
-6110.82
-6110.93
-6110.66
-6110.33
-6110.15
-6109.19
-6108.04
-6110.67
-6111.54
-6112.07
-6112.47
-6112.67
-6112.71
-6112.71
-6112.3
-6111.6
-6110.65
-6112.43
-6113.34
-6113.85
-6114.35
-6114.62
-6114.65
-6114.34
-6113.84
-6113.43
-6112.31
-6113.99
-6114.94
-6115.51
-6116.19
-6116.5
-6116.5
-6115.97
-6115.48
-6114.87
-6113.76
-6115.19
-6116.36
-6117.12
-6117.61
-6117.87
-6117.87
-6117.58
-6117.06
-6116.17
-6115.2
-6116.44
-6117.65
-6118.35
-6118.8
-6119.01
-6119.02
-6118.81
-6118.32
-6117.58
-6116.58
-6146.43
-6146.41
-6146.36
-6147.55
-6147.68
-6147.81
-6147.88
-6147.86
-6146.59
-6147.64
-6146.91
-6147.99
-6147.16
-6147.55
-6148
-6148.14
-6147.99
-6146.86
-6146.88
-6146.97
-6147.4
-6147.16
-6147.52
-6146.66
-6146.65
-6146.6
-6147.25
-6146.74
-6146.6
-6146.41
-6147.22
-6146.78
-6147.34
-6146.61
-6146.77
-6146.37
-6146.53
-6146.59
-6147.23
-6146.82
-6147.21
-6146.94
-6147.34
-6147.23
-6146.71
-6146.62
-6146.68
-6146.73
-6147.29
-6146.78
-6147.15
-6147.19
-6146.94
-6147.29
-6146.94
-6147.34
-6147.34
-6147.34
-6147.35
-6147.05
-6147.14
-6147.19
-6147.29
-6147.25
-6147.48
-6147.52
-6147.46
-6147.36
-6147.24
-6147.27
-6147.24
-6147.31
-6147.55
-6147.44
-6147.62
-6147.65
-6147.45
-6147.4
-6147.33
-6147.28
-6147.4
-6147.58
-6147.7
-6147.74
-6147.7
-6147.7
-6147.73
-6147.64
-6147.55
-6147.41
-6147.6
-6147.76
-6147.84
-6147.91
-6147.91
-6147.91
-6147.9
-6147.83
-6147.73
-6147.57
-6189.82
-6189.72
-6189.72
-6190.2
-6190.61
-6190.13
-6190.85
-6190.55
-6189.97
-6190.41
-6189.82
-6190.35
-6190.44
-6190.57
-6190.61
-6190.61
-6189.85
-6189.76
-6189.75
-6189.81
-6190.08
-6190.34
-6190.44
-6190.08
-6190.07
-6190.31
-6189.75
-6190.34
-6190.22
-6189.79
-6190.31
-6190.44
-6190.64
-6190.28
-6190.25
-6190.22
-6190.12
-6190.59
-6190.48
-6190.28
-6190.47
-6190.51
-6190.55
-6190.55
-6190.48
-6190.43
-6190.47
-6190.5
-6190.64
-6190.48
-6190.6
-6190.64
-6190.65
-6190.74
-6190.72
-6190.74
-6190.71
-6190.7
-6190.7
-6190.65
-6190.7
-6190.74
-6190.73
-6190.79
-6190.8
-6190.81
-6190.78
-6190.77
-6190.8
-6190.6
-6190.77
-6190.83
-6190.78
-6190.88
-6190.91
-6190.92
-6190.85
-6190.9
-6190.87
-6190.6
-6190.59
-6190.92
-6190.98
-6190.89
-6190.96
-6190.97
-6190.96
-6190.98
-6190.69
-6190.83
-6190.63
-6190.99
-6191.04
-6190.84
-6191.02
-6191.02
-6190.88
-6191.01
-6191.08
-6191.03
-6230.2
-6229.98
-6229.88
-6229.77
-6229.97
-6229.7
-6230.23
-6230.1
-6230.08
-6230.15
-6229.58
-6229.73
-6229.83
-6229.89
-6229.96
-6229.86
-6229.76
-6229.74
-6229.81
-6230
-6229.67
-6229.86
-6230.01
-6230.1
-6230.07
-6230.1
-6229.98
-6229.95
-6229.89
-6230.24
-6230.47
-6230.21
-6230.47
-6230.52
-6230.48
-6230.47
-6230.36
-6230.3
-6230.18
-6229.92
-6230.84
-6230.91
-6230.89
-6230.84
-6230.74
-6230.7
-6230.55
-6230.85
-6230.43
-6230.12
-6231.04
-6231.13
-6231.08
-6230.75
-6230.78
-6230.82
-6231.14
-6231.1
-6231.25
-6231.18
-6231.23
-6231.3
-6230.87
-6230.98
-6231.18
-6231.21
-6230.93
-6230.89
-6231.4
-6231.3
-6230.84
-6231.2
-6231.09
-6231.54
-6231.58
-6231.62
-6231.06
-6231.28
-6230.8
-6230.62
-6230.64
-6231.68
-6231.74
-6231.76
-6231.45
-6231.44
-6231.76
-6231.75
-6230.94
-6230.74
-6231.1
-6231.91
-6231.93
-6231.86
-6231.49
-6231.44
-6231.95
-6231.96
-6231.95
-6231.86
-6274.32
-6274.14
-6273.41
-6273.69
-6273.63
-6273.65
-6273.47
-6273.47
-6273.45
-6273.57
-6272.6
-6273.55
-6272.95
-6273.2
-6273.05
-6273.28
-6273.48
-6273.54
-6272.91
-6272.99
-6272.62
-6272.69
-6273.49
-6272.95
-6273.12
-6272.86
-6273.63
-6273.04
-6273.01
-6274.26
-6274.03
-6272.88
-6273.98
-6273.18
-6273.59
-6273.04
-6272.98
-6273.06
-6273.58
-6272.72
-6274.27
-6274.21
-6274.08
-6274.05
-6273.15
-6273.15
-6273.11
-6273.43
-6274.54
-6272.68
-6274.34
-6274.33
-6273.11
-6274.13
-6273.31
-6273.49
-6274.38
-6274.44
-6274.53
-6274.5
-6273.24
-6273.09
-6273.37
-6273.45
-6274.39
-6274.43
-6273.95
-6273.71
-6274.5
-6274.58
-6272.84
-6272.98
-6274.4
-6273.49
-6274.17
-6274.47
-6273.37
-6273.25
-6273.1
-6272.98
-6273.01
-6274.57
-6274.49
-6274.55
-6273.58
-6273.56
-6274.39
-6273.75
-6273.19
-6273.09
-6275
-6274.79
-6273.98
-6274.59
-6273.64
-6273.63
-6274.51
-6274.49
-6274.11
-6273.92
-6321.64
-6321.46
-6320.01
-6320.79
-6320.88
-6320.91
-6319.98
-6320.06
-6320.05
-6320.16
-6318.9
-6320.77
-6319.39
-6320.33
-6320.27
-6320.36
-6320.71
-6320.79
-6319.4
-6319.47
-6318.98
-6318.95
-6320.82
-6319.34
-6319.19
-6319.16
-6320.84
-6320.95
-6320.22
-6321.67
-6320.96
-6319.02
-6320.92
-6319.33
-6319.22
-6319.18
-6319.1
-6319.19
-6321.58
-6320.93
-6321.16
-6321.07
-6320.53
-6320.63
-6319.21
-6319.18
-6319.1
-6319.15
-6321.53
-6318.6
-6321.15
-6321.08
-6319.11
-6320.86
-6319.72
-6321.02
-6321.04
-6321.19
-6321.39
-6318.85
-6318.61
-6318.74
-6320.96
-6319.61
-6320.89
-6320.95
-6321
-6321.06
-6318.6
-6321.29
-6318.7
-6318.76
-6321.04
-6319.37
-6319.4
-6319.68
-6319.12
-6319.01
-6318.94
-6321.52
-6320.94
-6318.77
-6319.83
-6320.52
-6319.45
-6319.41
-6320.19
-6319.07
-6321.13
-6319.02
-6321.61
-6319.79
-6319.11
-6320.74
-6319.49
-6319.46
-6320.62
-6319.04
-6318.94
-6319
-6369.25
-6369
-6366.82
-6366.62
-6368.27
-6368.3
-6366.54
-6366.67
-6366.75
-6366.87
-6365.39
-6368.25
-6367.69
-6367.77
-6367.66
-6367.65
-6366.15
-6368.08
-6366.09
-6366.18
-6365.52
-6365.55
-6368.2
-6367.91
-6365.86
-6365.77
-6368.47
-6368.66
-6368.94
-6369.31
-6365.89
-6366.19
-6368.17
-6365.8
-6365.73
-6365.66
-6365.62
-6365.67
-6369.08
-6369.25
-6368.42
-6368.25
-6365.4
-6365.58
-6365.63
-6365.54
-6365.4
-6365.46
-6368.97
-6364.71
-6366.58
-6368.22
-6365.52
-6368.07
-6368.27
-6368.32
-6367.31
-6368.19
-6365.34
-6364.85
-6364.79
-6364.9
-6368.18
-6368
-6367.93
-6368.12
-6368.19
-6368.15
-6364.83
-6367.49
-6365.71
-6365.01
-6368.07
-6365.73
-6365.69
-6365.63
-6367.05
-6365.66
-6366.95
-6369.25
-6368.9
-6365.12
-6365.23
-6365.49
-6365.74
-6365.64
-6365.48
-6365.39
-6368.94
-6368.84
-6368.7
-6365.17
-6365.37
-6366.68
-6365.82
-6365.78
-6367.1
-6365.21
-6365.08
-6365.08
-6415.53
-6414.64
-6413.23
-6411.77
-6414.2
-6412.07
-6411.78
-6411.83
-6411.92
-6413.41
-6415.23
-6412.08
-6414.18
-6412.93
-6413.54
-6413.66
-6411.02
-6411.27
-6411.22
-6411.35
-6410.65
-6410.95
-6414.18
-6414.08
-6411.15
-6412.19
-6414.7
-6414.94
-6415.21
-6415.53
-6410.5
-6415.75
-6412.85
-6412.62
-6410.94
-6410.84
-6414.1
-6414.39
-6415.19
-6415.49
-6412.81
-6413.86
-6410.13
-6410.28
-6413.33
-6411.2
-6410.2
-6410.26
-6412.62
-6409.1
-6409.12
-6410.19
-6410.25
-6412.99
-6414.12
-6414.11
-6410.1
-6411.02
-6409.34
-6409.46
-6409.33
-6413.82
-6414.03
-6413.78
-6411.33
-6411.03
-6414.02
-6413.99
-6409.64
-6409.84
-6415.02
-6412.45
-6413.78
-6411.91
-6410.73
-6410.67
-6413.98
-6414.17
-6414.84
-6415.45
-6414.68
-6410.14
-6410.14
-6410.27
-6413.47
-6412.79
-6410.61
-6410.86
-6414.8
-6415.07
-6411.22
-6410.24
-6410.15
-6410.3
-6412.29
-6413.29
-6410.13
-6409.98
-6409.84
-6409.75
-6454.55
-6453.04
-6458.77
-6454.85
-6455.21
-6454.57
-6456.52
-6455.24
-6455.33
-6460.04
-6460.17
-6452.38
-6458.16
-6454.08
-6457.47
-6455.09
-6454.2
-6454.43
-6457.76
-6454.77
-6457.81
-6459.67
-6458.62
-6458.22
-6454.62
-6458.8
-6459.01
-6459.3
-6459.57
-6458.41
-6453.05
-6460.21
-6453.04
-6458.26
-6454.34
-6454.17
-6458.73
-6459.1
-6459.39
-6459.89
-6452.27
-6453.09
-6453.16
-6453.2
-6458.31
-6458.29
-6453.21
-6454.63
-6452.13
-6459.1
-6451.97
-6452.14
-6457.96
-6453.26
-6458.12
-6457.99
-6452.87
-6452.37
-6452.13
-6452.24
-6458.74
-6458.48
-6458.02
-6457.68
-6453.36
-6453.5
-6457.92
-6455.88
-6453.07
-6452.53
-6459.09
-6458.8
-6453.38
-6457.51
-6456.32
-6453.75
-6457.98
-6458.47
-6458.83
-6455.92
-6458.83
-6455.69
-6453.42
-6453.24
-6457.29
-6457.36
-6454.01
-6458.23
-6458.71
-6459.17
-6452.36
-6453.91
-6456.6
-6453.28
-6457.26
-6457.22
-6453.66
-6455.98
-6454.52
-6455.85
-6493.33
-6493.4
-6500.52
-6495.58
-6495.54
-6495.41
-6501.2
-6501.44
-6501.03
-6500.52
-6502.45
-6492.82
-6499.77
-6494.67
-6496.06
-6494.82
-6495.06
-6495.22
-6501.81
-6499.48
-6502.68
-6502.44
-6494.12
-6499.6
-6497.88
-6500.58
-6500.48
-6501.4
-6501.56
-6491.73
-6494.52
-6502.57
-6493.84
-6500.46
-6500.17
-6499.62
-6500.64
-6500.94
-6494.06
-6502.44
-6493.73
-6493.98
-6497.24
-6496.2
-6500.33
-6500.57
-6496.27
-6500.67
-6492.71
-6503.16
-6497.15
-6493.46
-6501.57
-6494.22
-6498.66
-6500.07
-6493.28
-6492.89
-6492.83
-6500.16
-6501.54
-6500.2
-6495.28
-6497.77
-6494.09
-6494.19
-6497.78
-6493.15
-6501.75
-6493.61
-6501.02
-6500.81
-6493.6
-6499.39
-6499.31
-6499.56
-6500.05
-6500.54
-6500.77
-6492.87
-6495.23
-6500.64
-6497.59
-6497.42
-6499.05
-6499.22
-6495.35
-6500.02
-6494.37
-6497.63
-6493.09
-6500.14
-6499.7
-6494.54
-6498.98
-6498.96
-6495.12
-6499.63
-6499.8
-6500.03
-6531.24
-6531.45
-6536.03
-6541.67
-6533.95
-6533.78
-6541.04
-6541.43
-6541.97
-6531.37
-6538.93
-6530.94
-6535.26
-6533.23
-6533.32
-6533.2
-6538.24
-6534.03
-6541.66
-6541.89
-6542.9
-6542.56
-6531.73
-6532.32
-6540.78
-6540.04
-6531.91
-6532.13
-6541.43
-6529.5
-6542.16
-6542.55
-6531.95
-6540.76
-6540.88
-6540.9
-6540.63
-6540.66
-6530.98
-6531.83
-6533.77
-6532.65
-6542.11
-6541.36
-6540.54
-6540.45
-6540.67
-6540.72
-6530.98
-6543.46
-6541.62
-6532.41
-6541.51
-6532.69
-6532.2
-6532.43
-6533.16
-6532.18
-6536.7
-6543.34
-6541.48
-6532.49
-6532.05
-6532.43
-6532.78
-6532.81
-6532.79
-6532.42
-6542.12
-6537.03
-6540.29
-6540.41
-6532.16
-6539.13
-6538.97
-6538.95
-6538.13
-6533.48
-6535.29
-6531.29
-6531.31
-6540.22
-6539.88
-6539.43
-6538.97
-6538.78
-6538.9
-6539.36
-6531.27
-6531.2
-6531.62
-6539.95
-6539.5
-6537.93
-6538.6
-6538.56
-6534.72
-6539.52
-6539.75
-6540.05
-6567.17
-6567.48
-6567.64
-6580.75
-6570.14
-6570.05
-6575.64
-6579.09
-6567.97
-6567.28
-6566.63
-6566.93
-6567.17
-6575.63
-6569.66
-6569.46
-6578.24
-6578.98
-6579.5
-6579.78
-6580.98
-6580.63
-6567.81
-6568.14
-6578.82
-6578.51
-6567.78
-6567.27
-6579.24
-6565.49
-6581.24
-6580.59
-6578.8
-6571.7
-6578.72
-6578.72
-6572.23
-6570.59
-6566.72
-6565.9
-6580.61
-6574.49
-6580.26
-6579.79
-6570.84
-6574.06
-6578.71
-6578.82
-6567.15
-6581.71
-6579.74
-6568.9
-6578.62
-6569.68
-6568.66
-6568.69
-6578.69
-6579.58
-6581.05
-6581.55
-6579.25
-6568.59
-6568.31
-6568.62
-6574.52
-6574.19
-6569.45
-6568.98
-6580.28
-6581.1
-6568.51
-6577.86
-6568.47
-6573.97
-6576.18
-6576.05
-6568.86
-6568.14
-6567.81
-6567.48
-6567.73
-6577.68
-6577.43
-6577.15
-6570.01
-6571.68
-6576.3
-6573.1
-6567.64
-6567.33
-6573.39
-6574.1
-6577.13
-6576.95
-6575.93
-6573.92
-6577.03
-6577.38
-6577.71
-6577.91
-6601.42
-6601.87
-6602.06
-6617.1
-6605.59
-6604.61
-6604.18
-6607.09
-6601.98
-6601.29
-6600.94
-6607.99
-6601.72
-6616.34
-6604.23
-6604.11
-6613.93
-6614.58
-6615.55
-6615.87
-6617.3
-6611.49
-6610.38
-6603.3
-6615.02
-6615.02
-6601.98
-6601.5
-6604.46
-6604.71
-6617.65
-6617.2
-6616.92
-6603.45
-6614.82
-6614.79
-6602.31
-6601.55
-6601.77
-6601.19
-6617.16
-6616.63
-6616.48
-6616.31
-6602.98
-6603.27
-6614.98
-6611.02
-6610.9
-6617.98
-6611.33
-6603.44
-6603.03
-6615.58
-6603.38
-6603.55
-6615.59
-6616.63
-6617.18
-6617.55
-6609.96
-6603.21
-6603.44
-6603.32
-6613.94
-6613.86
-6604.01
-6614.87
-6616.51
-6617.25
-6601.88
-6609.61
-6610.98
-6603.43
-6604.65
-6606.28
-6603.14
-6602.56
-6602.24
-6601.96
-6602.41
-6613.37
-6613.18
-6613.22
-6604.82
-6604.67
-6611.56
-6602.51
-6602.19
-6601.86
-6614.56
-6604.03
-6608.09
-6612.88
-6604.9
-6604.87
-6612.19
-6607.04
-6613.8
-6614.1
-6634.41
-6637.63
-6645.28
-6652.12
-6651.97
-6645.28
-6637.35
-6636.53
-6635.24
-6633.26
-6633.99
-6652.94
-6639.87
-6651.5
-6644.03
-6644.92
-6648.43
-6648.5
-6635.49
-6651.3
-6652.73
-6638.07
-6652.53
-6639.56
-6649.91
-6650.03
-6637.16
-6634.11
-6633.43
-6652.53
-6652.57
-6637.79
-6651.88
-6636.57
-6648.34
-6649.77
-6634.86
-6634.33
-6639.67
-6636.89
-6636.93
-6650.17
-6643.69
-6644.8
-6636.06
-6636.12
-6647.44
-6634.89
-6652.19
-6634.51
-6635.15
-6647.04
-6635.46
-6649.51
-6636.42
-6636.7
-6650.68
-6651.31
-6651.52
-6644.86
-6634.82
-6636.06
-6640.86
-6640.5
-6648.87
-6648.89
-6638.29
-6650.9
-6637.08
-6650.6
-6635.2
-6635.59
-6649.37
-6637.77
-6638.18
-6638.03
-6637.61
-6645.07
-6636.06
-6649.04
-6637.36
-6644.63
-6643.42
-6640.29
-6638.38
-6638.16
-6645.97
-6636.77
-6637.71
-6637.92
-6650.26
-6637.39
-6637.66
-6646.67
-6638.44
-6638.45
-6646.07
-6637
-6640.1
-6646.72
-6670.44
-6671.4
-6687.29
-6686.3
-6686.09
-6685.68
-6673.11
-6669.05
-6686.6
-6684.8
-6676.34
-6687.52
-6687.13
-6686.17
-6685.27
-6684.64
-6675.28
-6677.01
-6664.81
-6668.4
-6687.31
-6668.91
-6686.88
-6686.18
-6684.63
-6683.91
-6684.12
-6673.69
-6665.2
-6687.35
-6677.21
-6667.64
-6686.14
-6668.59
-6667.51
-6670.73
-6667.63
-6667.01
-6686.59
-6687.62
-6667.57
-6676.68
-6667.47
-6668.19
-6668.5
-6668.47
-6667.94
-6667.47
-6686.46
-6665.6
-6667.03
-6683.41
-6667.72
-6682.97
-6681.94
-6682.48
-6683.8
-6675.22
-6677.57
-6665.11
-6666.65
-6680.87
-6683.63
-6683.25
-6682.68
-6682.58
-6681.35
-6683.79
-6665.74
-6666.16
-6667.37
-6667.72
-6683.48
-6671.01
-6671.15
-6670.86
-6670.8
-6683.65
-6671.76
-6685.43
-6685.41
-6668.41
-6670.09
-6671.01
-6671.14
-6671.07
-6671.44
-6669.76
-6684.55
-6684.92
-6684.49
-6669.69
-6670.22
-6670.58
-6671.09
-6671.14
-6679.14
-6669.23
-6668.93
-6668.54
-6721.64
-6701.65
-6720.99
-6718.94
-6719.04
-6718.82
-6718.49
-6700.35
-6720.53
-6720.99
-6721.53
-6721.42
-6721.08
-6699.77
-6718.38
-6718.16
-6698.35
-6696.73
-6695.9
-6695.04
-6720.89
-6719.51
-6720.48
-6720.33
-6700.56
-6712.27
-6718.27
-6718.57
-6696.37
-6721.12
-6699.35
-6699.11
-6700.31
-6702.72
-6698.81
-6698.71
-6708.62
-6710.63
-6721.31
-6721.72
-6698.94
-6699.55
-6699.25
-6699.56
-6703.26
-6700.75
-6700.02
-6699.24
-6720.44
-6697.1
-6698.47
-6717.35
-6699.46
-6716.61
-6716.63
-6716.26
-6701.47
-6697.97
-6697.2
-6696.45
-6698.01
-6718.04
-6717.78
-6717.28
-6716.26
-6715.77
-6716.19
-6716.95
-6697.25
-6696.87
-6710.26
-6706.49
-6717.14
-6703.68
-6707.28
-6711
-6712.03
-6717.45
-6718.27
-6719.37
-6719.71
-6701.85
-6702.5
-6702.88
-6707.54
-6706.53
-6702.8
-6708.51
-6718.3
-6718.89
-6710.61
-6702.42
-6702.52
-6702.73
-6703.12
-6702.54
-6701.42
-6701.03
-6700.47
-6699.58
-6755.2
-6733.22
-6742.51
-6751.74
-6751.38
-6751.6
-6752.44
-6753.5
-6753.94
-6754.37
-6754.94
-6754.69
-6754.31
-6729.56
-6750.99
-6751.06
-6731.18
-6729.46
-6727.5
-6726.21
-6750.04
-6754.48
-6741.81
-6739.09
-6729.34
-6729.26
-6751.76
-6752.68
-6749.49
-6754.83
-6730.35
-6730.27
-6729.78
-6750.07
-6729.83
-6729.82
-6752.4
-6754.03
-6754.67
-6755.27
-6730.02
-6730.5
-6730.46
-6730.77
-6750.79
-6750.44
-6730.95
-6735.02
-6738.64
-6727.22
-6729.52
-6740.94
-6740.01
-6737.81
-6749.58
-6749.51
-6729.52
-6728.5
-6727.88
-6727.32
-6729.24
-6751.68
-6750.97
-6750.67
-6733.06
-6733.24
-6748.08
-6733.43
-6728.29
-6730.09
-6753.78
-6752.76
-6742.86
-6750.04
-6748.96
-6748.05
-6749.28
-6751.32
-6752.48
-6753.19
-6752.95
-6734.19
-6738.36
-6735.04
-6747.78
-6748.03
-6735.75
-6751.23
-6751.73
-6752.68
-6734.23
-6735.06
-6741.81
-6734.92
-6740.72
-6741.25
-6734.71
-6743.85
-6733.39
-6730.6
-6788.2
-6772.14
-6760.31
-6784
-6761.87
-6766.21
-6783.95
-6785.73
-6779.85
-6787.56
-6787.92
-6787.58
-6787.07
-6760.25
-6769.19
-6770.32
-6762.37
-6783.36
-6785.81
-6784.2
-6755.34
-6787.45
-6760.82
-6760.33
-6759.88
-6759.17
-6784.95
-6785.47
-6786.41
-6778.2
-6780.47
-6760.76
-6760.57
-6783.79
-6760.37
-6760
-6785.51
-6786.39
-6787.02
-6774.16
-6767.89
-6761.26
-6761.1
-6762.3
-6784.6
-6784.53
-6763.79
-6785.68
-6757.54
-6756.53
-6760.82
-6761.18
-6785.15
-6763.9
-6774.08
-6767.18
-6762.12
-6775.47
-6758.59
-6757.2
-6761.13
-6780.19
-6778.36
-6780.8
-6763.69
-6763.4
-6780.74
-6760.59
-6759.33
-6788.12
-6787.68
-6786.64
-6765.02
-6781.81
-6780.93
-6780.92
-6781.06
-6764.39
-6785.63
-6786.99
-6786.23
-6782.17
-6781.79
-6780.3
-6780.65
-6780.9
-6774.59
-6784.26
-6785.24
-6768.02
-6765.26
-6782.02
-6781.23
-6777.47
-6780.32
-6780.5
-6770.21
-6783.3
-6782.3
-6761.78
-6821.17
-6820.65
-6790.68
-6803.71
-6791.87
-6791.63
-6792.89
-6814.66
-6797.13
-6820.3
-6820.91
-6810.87
-6804.36
-6791.08
-6790.75
-6790.09
-6809.26
-6803.27
-6819.34
-6820.01
-6784.8
-6820.08
-6791.21
-6791.01
-6793.2
-6789.55
-6798.43
-6817.93
-6818.33
-6786.12
-6817.94
-6806.34
-6791.69
-6816.79
-6814.8
-6811.39
-6817.88
-6818.31
-6797.8
-6785.89
-6821.1
-6792.57
-6817.95
-6816.67
-6817.14
-6817.19
-6817.12
-6817.98
-6787.49
-6787.38
-6791.05
-6792.15
-6818.15
-6795.42
-6794.74
-6794.23
-6794.06
-6817.34
-6789.44
-6814.6
-6818.07
-6792.62
-6795
-6794.9
-6794.33
-6794.11
-6801.61
-6792.5
-6818.75
-6825.29
-6820.18
-6811.1
-6795.92
-6813.21
-6805.37
-6808.62
-6813.9
-6792.54
-6799.57
-6803.8
-6796.76
-6815.16
-6815.07
-6814.09
-6813.24
-6813.97
-6815
-6815.74
-6799.47
-6789.12
-6796.65
-6815.2
-6814.46
-6813.49
-6812.98
-6813.66
-6814.56
-6815.11
-6815.18
-6792.64
-6838.99
-6851.37
-6820.6
-6821.15
-6830.91
-6832.95
-6828.35
-6826.11
-6827.83
-6852.8
-6829.7
-6818.07
-6818.39
-6822.52
-6820.87
-6820.16
-6848.71
-6824.47
-6852.11
-6852.56
-6814.91
-6826.13
-6824.58
-6822
-6820.48
-6819.87
-6818.5
-6850.42
-6848.59
-6815.79
-6825.58
-6852.46
-6835.58
-6850.03
-6849.44
-6849.38
-6842.16
-6850.44
-6816.32
-6815.65
-6855.31
-6851.1
-6852.79
-6851.74
-6850.19
-6849.67
-6850.12
-6850.44
-6831.28
-6829.31
-6831.07
-6828.5
-6851.63
-6826.11
-6826.02
-6837.01
-6840.19
-6842.27
-6857.16
-6858.58
-6858.29
-6825.09
-6825.89
-6825.21
-6825.13
-6824.49
-6823.53
-6823.38
-6857.93
-6858.52
-6842.08
-6826.61
-6826.71
-6838.14
-6825.2
-6825.18
-6832.6
-6823.19
-6821.59
-6819.89
-6825.14
-6847.44
-6832.5
-6845.62
-6843.8
-6843.55
-6846.11
-6840.63
-6820.06
-6819.54
-6841.38
-6846.96
-6846.36
-6846.07
-6845.71
-6845.67
-6846.53
-6847.1
-6846.77
-6846.22
-6858.38
-6850.08
-6868.33
-6869.12
-6876.26
-6878.52
-6880.87
-6872.24
-6867.5
-6881.31
-6845.28
-6846.97
-6848.26
-6878.7
-6852.4
-6851.46
-6880.99
-6855.26
-6872.09
-6885.43
-6845.02
-6845.45
-6882.39
-6852.63
-6859.96
-6868.17
-6848.15
-6858.42
-6846.24
-6845.76
-6845.2
-6886.18
-6885.27
-6863.46
-6880.74
-6880.68
-6848.97
-6882.68
-6846.24
-6845.72
-6889.07
-6887.62
-6886.09
-6884.94
-6875.87
-6873.4
-6881.99
-6883.94
-6885.6
-6889.22
-6892
-6887.61
-6873.94
-6871.94
-6880.98
-6881.69
-6881.76
-6852.39
-6891.12
-6892.56
-6892.07
-6857.15
-6857.17
-6856.82
-6865.59
-6866
-6855.14
-6855.48
-6891.27
-6891.47
-6856.2
-6857.18
-6857.41
-6856.97
-6856.39
-6855.69
-6854.5
-6852.74
-6855.74
-6848.93
-6855.49
-6879.06
-6857.95
-6862.11
-6856.04
-6855.49
-6866.18
-6850.79
-6850.27
-6849.89
-6856.71
-6876.42
-6865.63
-6864.56
-6869.13
-6868.51
-6870.86
-6863.13
-6869.3
-6879.47
-6922.48
-6908.78
-6887.2
-6909.8
-6908.36
-6907.77
-6899.86
-6908.83
-6909.4
-6911.27
-6892.8
-6903.89
-6878.39
-6910.69
-6910.79
-6909.56
-6912.93
-6903.48
-6877.03
-6889.15
-6875
-6898.41
-6901.56
-6882.96
-6915.02
-6915.39
-6877.87
-6876.52
-6876.1
-6875.99
-6874.71
-6917.74
-6918.26
-6883
-6890.46
-6894.84
-6877.78
-6877.25
-6876.16
-6875.98
-6922.34
-6907.43
-6901.21
-6908.62
-6881.36
-6880.94
-6911.24
-6885.01
-6885.11
-6924.84
-6926.35
-6909.12
-6882.16
-6913.86
-6915.15
-6915.33
-6914.38
-6883.3
-6925.47
-6926.56
-6925.68
-6903.18
-6892.89
-6896.48
-6916.73
-6917.29
-6886.03
-6923.72
-6924.47
-6923.38
-6886.5
-6891.75
-6906.91
-6888.2
-6898.81
-6898.19
-6884.56
-6920.1
-6922.94
-6877.97
-6886.23
-6897.37
-6888.27
-6886.93
-6886.29
-6884.83
-6882.6
-6881.65
-6880.81
-6879.22
-6886.54
-6887.47
-6888.87
-6888.36
-6887.09
-6886.12
-6884.69
-6882.74
-6882.01
-6912.39
-6955.77
-6954.85
-6907.88
-6908.82
-6910.6
-6910.83
-6910.58
-6941.05
-6940.98
-6937.52
-6955.29
-6954.3
-6908.23
-6937.91
-6946.85
-6947.2
-6945.26
-6943.32
-6906.43
-6906.3
-6905.02
-6953.46
-6909.16
-6911.15
-6947.63
-6947.69
-6924.63
-6906.11
-6906.14
-6906.34
-6904.37
-6909.85
-6950.76
-6912.76
-6910.36
-6908.34
-6907.84
-6906.72
-6906.39
-6915.69
-6931.95
-6906.27
-6910.97
-6912.04
-6910.9
-6909.63
-6908.65
-6907.67
-6907.98
-6959.36
-6961.17
-6910.64
-6912.5
-6946.79
-6934.35
-6927.19
-6948.8
-6914.99
-6958.93
-6959.82
-6958.93
-6953.92
-6947.17
-6949.04
-6949.9
-6951.27
-6953.7
-6957.09
-6958.4
-6922.93
-6917.35
-6947.89
-6944.73
-6919.66
-6949.53
-6950.14
-6920.55
-6955.87
-6957.11
-6907.43
-6917.2
-6917.86
-6929.82
-6919.2
-6926.88
-6927.1
-6915.21
-6913.66
-6912.26
-6939.13
-6929.35
-6919.95
-6920.23
-6918.85
-6917.09
-6915.69
-6914.77
-6913.8
-6912.76
-6942.99
-6988.58
-6984.89
-6936.14
-6936.84
-6938.11
-6938.9
-6939.49
-6941.81
-6945.93
-6936.76
-6988.6
-6987.31
-6937.49
-6937.56
-6974.81
-6978.43
-6940.3
-6972.96
-6937.9
-6936.32
-6936.54
-6986.68
-6965.39
-6962.94
-6979.39
-6979.28
-6979.72
-6936.47
-6944.12
-6936.5
-6934.32
-6933.57
-6982.64
-6964.74
-6952.57
-6952.28
-6957.94
-6936.75
-6978.46
-6991.67
-6954.32
-6934.67
-6943.91
-6947.08
-6940.6
-6939.16
-6937.55
-6937.32
-6964.02
-6988.28
-6994.91
-6938.14
-6941.03
-6966.92
-6941.16
-6941.01
-6952.67
-6985.49
-6964.75
-6958.36
-6945.04
-6981.16
-6961.91
-6975.35
-6981.55
-6983.57
-6986.77
-6988.15
-6972.67
-6938.25
-6968.39
-6977.62
-6975.8
-6950.87
-6980.81
-6981.8
-6985.42
-6977.75
-6954.36
-6964.1
-6969.3
-6951.17
-6975.57
-6956.76
-6980.26
-6980.61
-6962.12
-6974.37
-6943.36
-6980.21
-6977.15
-6952.53
-6965.5
-6966.53
-6968.17
-6967.31
-6954.12
-6955.27
-6960.08
-6955.9
-7022.13
-6963.7
-6963.59
-6979.46
-7017.52
-7016.94
-6984.11
-6966.13
-6966.41
-6966.18
-7020.98
-7021.06
-6974.38
-6967.92
-6968.53
-6970.19
-6970.53
-6982.91
-7015.94
-6966.02
-6964.8
-7004.76
-7018.27
-7013.95
-6999.61
-7000.52
-7009.63
-6966.15
-7025.94
-7001.38
-6963.66
-6962.07
-7016.03
-7012.24
-7009.26
-7007.66
-7013.21
-6966.6
-7029.3
-7030.09
-7032.26
-6963.16
-7011.13
-7010.05
-6977.56
-6982.06
-7002.5
-6997.96
-7030.68
-6991.68
-6982.49
-7025.23
-6973.99
-6973.62
-6972.11
-6972.1
-6973.6
-7025.1
-6969.99
-6968.22
-6966.03
-7003.71
-6980.07
-6977.38
-6978.44
-6975.16
-6992.98
-7001.09
-6967.92
-6967.3
-7003.02
-6967.25
-6992.56
-7001.98
-7004.59
-6994.43
-7010.3
-6971.35
-6969.23
-7012.45
-7009.5
-6993.91
-7007.12
-7008.5
-7010.08
-7010.96
-7007.91
-7008.07
-7008.01
-7013.16
-7010.42
-7007.63
-7008.17
-7008.01
-7008.91
-7007.45
-7009.9
-7010.83
-7012.07
-6986.91
-7002.82
-6990.19
-6989.79
-7073.52
-7072.88
-7072.94
-7074.42
-6995.36
-6996.06
-6995.89
-7021.27
-7058.03
-7062.71
-7001.01
-7014.67
-7018.24
-7002.85
-7000.8
-7031.39
-6995.82
-6987.45
-6988.08
-7055.13
-7031.89
-7010.24
-7010.55
-7018.05
-7044.02
-7061.49
-7022.16
-7012.5
-6990.6
-6995.47
-7041.31
-7023.91
-7025.93
-7048.26
-7037.71
-7063.63
-7064.46
-7077.04
-7011.11
-7024.63
-7042.24
-7045.68
-7051.2
-7056.27
-7062.51
-7066.53
-7036.87
-7002.49
-7073.34
-7065.57
-7007.96
-7023.66
-7032.01
-7040.89
-7059.34
-6997.93
-6996.73
-6995.17
-6999.97
-7025.49
-7009.95
-7009.49
-7007.23
-7003.63
-6998.84
-6996.12
-6996.7
-7001.13
-6996.53
-6997.53
-7042.25
-7009.3
-7006.99
-7004.2
-6999.48
-6998.45
-7045.82
-7043.52
-7041.4
-7021.57
-7041.55
-7023.11
-7010.97
-7042.32
-7021.93
-7047.21
-7046.68
-7044.24
-7043.65
-7042.29
-7041.1
-7038.32
-7042.96
-7043.9
-7045.11
-7046.48
-7046.52
-7021.13
-7020.2
-7106.93
-7105.72
-7103.05
-7103.1
-7106.88
-7112.65
-7119.97
-7087.47
-7018.85
-7021.09
-7103.27
-7105.5
-7102.66
-7103.38
-7105.02
-7082.24
-7024.6
-7027.08
-7018.72
-7015.97
-7080.47
-7039.92
-7038.46
-7038
-7036.79
-7074.27
-7034.46
-7027.97
-7060.57
-7026.61
-7024.4
-7042.94
-7038.21
-7036.74
-7033.8
-7033.24
-7100.15
-7100.64
-7114.7
-7108.88
-7029.72
-7035.76
-7069.96
-7060.24
-7053.51
-7060.58
-7102.67
-7103.97
-7093.09
-7111.05
-7098.31
-7039.32
-7070.02
-7074.32
-7084.3
-7091.11
-7030.3
-7027.54
-7025.93
-7047.98
-7084.76
-7072.25
-7040.58
-7047.16
-7045.35
-7044.9
-7026.89
-7027.08
-7026.08
-7027.18
-7040.86
-7076.98
-7038.94
-7035.66
-7031.86
-7030.06
-7029.64
-7063.35
-7071.72
-7049.02
-7043.08
-7054.65
-7038.83
-7039.74
-7038.94
-7034.03
-7084.19
-7083.74
-7080
-7079.22
-7056.47
-7044.42
-7039.15
-7042.51
-7075.3
-7081.74
-7084.07
-7082.67
-7108.41
-7117.24
-7135.99
-7070.64
-6785.39
-6790.76
-7099.18
-7152.54
-7161.16
-7167.75
-7054.45
-7050.09
-7134
-7126.08
-7113.81
-7114.39
-7126.39
-7151.85
-7060.66
-7062.92
-7054.38
-7050.24
-7121.86
-7107.83
-7110.76
-7106.8
-7096.66
-7071.13
-7059.3
-7062.21
-7067.79
-7099.04
-7062.51
-7059.89
-7066.29
-7065.21
-7063.69
-7064.68
-7112.53
-7118.12
-7157.33
-7151.23
-7065.23
-7064.27
-7070.53
-7067.04
-7065
-7066.07
-7143.59
-7148.84
-7161.04
-7153.41
-7076.51
-7069.2
-7103.85
-7082.33
-7069.37
-7078.83
-7069.28
-7087.43
-7064.81
-7131.92
-7126.57
-7117.92
-7110.54
-7106.72
-7110.66
-7115.09
-7063.44
-7063.16
-7062.05
-7062.1
-7121.47
-7117.78
-7073.65
-7103.07
-7112.68
-7118.89
-7117.79
-7061.64
-7066.96
-7064.67
-7077.37
-7091.62
-7074.8
-7075.93
-7074.72
-7073.66
-7123.7
-7110.43
-7120.95
-7072.48
-7069.36
-7072.54
-7075.74
-7074.83
-7071.45
-7071.01
-7090.47
-7122.45
-7224.13
-7210.55
-7045.27
-5385.91
-4120.97
-4140.61
-5460.17
-7114.13
-7210.36
-7218.46
-7100.31
-7092.42
-7093.87
-7075.45
-6891.26
-6897.37
-7078.82
-7178
-7102.78
-7106.55
-7097.59
-7092.59
-7182.47
-7174.05
-7161.79
-7152.08
-7152.87
-7153.83
-7100.77
-7106.25
-7098.72
-7093.98
-7154.47
-7164.15
-7167.86
-7162.33
-7149.47
-7101.58
-7102.95
-7108.01
-7207.51
-7168.79
-7108.53
-7105.76
-7103.63
-7101.41
-7103.04
-7106.65
-7138.63
-7200.92
-7211.8
-7183.24
-7112.17
-7109.58
-7107.69
-7107.06
-7107.34
-7109.61
-7123.11
-7211.79
-7129.44
-7176.45
-7165.77
-7152.74
-7128.65
-7121.28
-7130.57
-7137.49
-7199.58
-7105.83
-7105.62
-7138.42
-7165.62
-7162.36
-7166.49
-7177.75
-7183.66
-7190.33
-7196.71
-7105.22
-7106.71
-7106.99
-7155.55
-7164.22
-7119.5
-7159.35
-7169.83
-7174.44
-7138.64
-7105.78
-7159.45
-7111.06
-7111.96
-7113.18
-7137.87
-7114.32
-7112.57
-7109.56
-7106.28
-7167.33
-7288.45
-7279.67
-5788.32
-2234.43
-1822.93
-1825.78
-2269.89
-5869.23
-7272.82
-7280.07
-7268.5
-7218.19
-7052.15
-6547.37
-5537.44
-5555.9
-6559.97
-7150.35
-7183.06
-7227.01
-7153.79
-7171.29
-7247.94
-7234.19
-7220.56
-7213.03
-7216.04
-7225.89
-7156.87
-7161.67
-7155.63
-7150.8
-7255.73
-7243.02
-7230.14
-7224.26
-7224.89
-7221.76
-7157.77
-7161.19
-7264
-7158.37
-7162.41
-7162.17
-7218.39
-7224.42
-7171.24
-7159.22
-7162.03
-7240.85
-7274.93
-7186.87
-7166.75
-7162.99
-7159.45
-7157.79
-7160.21
-7164.37
-7178.63
-7276.97
-7218.26
-7238.21
-7195.89
-7170.99
-7166.76
-7166.1
-7165.52
-7168.56
-7274.2
-7253.43
-7161.09
-7213.93
-7219.83
-7218.83
-7205.88
-7186.6
-7239.32
-7253.81
-7260.43
-7159.99
-7161.96
-7160.86
-7223.7
-7223.58
-7225.51
-7238.43
-7244.47
-7251.37
-7160.27
-7159.85
-7215.25
-7164.63
-7186.38
-7224.42
-7229.78
-7230.36
-7219.48
-7163.41
-7160.75
-7174.59
-7373.86
-7167.89
-3377.77
-1655.91
-1653.08
-1652.8
-1654.23
-3285
-7141.9
-7363.36
-7370.9
-7364.63
-6914.75
-4754.87
-2808.8
-2815.17
-4714.35
-6909.28
-7338.5
-7357.66
-7232
-7356.73
-7347.96
-7300.8
-6904.12
-6902.55
-7279.8
-7326.35
-7275.58
-7237.19
-7232.63
-7234.12
-7346.5
-7340.64
-7335.29
-7325.43
-7321.92
-7328.71
-7235.5
-7236.97
-7278.5
-7239.43
-7248.22
-7325.63
-7327.44
-7324.86
-7323.94
-7261.97
-7238.31
-7244.47
-7356.95
-7252.85
-7245.46
-7243.82
-7260.19
-7297.61
-7242.46
-7243.41
-7243.05
-7362.59
-7336.62
-7325.9
-7247.65
-7244.86
-7246.2
-7246.01
-7245.86
-7246.76
-7361.9
-7370.9
-7234.68
-7260.59
-7298.06
-7283.64
-7249.79
-7247.21
-7261.39
-7326.55
-7333.94
-7234.95
-7235.33
-7234.79
-7301.66
-7303
-7305.18
-7290.66
-7321.5
-7324.87
-7234.04
-7233.12
-7292.67
-7238.03
-7300.96
-7307.55
-7310.25
-7314.77
-7319.95
-7291.93
-7233.64
-7232.89
-7455.79
-6557.61
-1573.82
-1506.47
-1509.64
-1509.15
-1505.36
-1536.61
-6455.27
-7445.88
-7453.21
-7447.46
-6214.78
-2322.29
-1509.76
-1509.31
-2212.88
-5956.5
-7411.88
-7440.89
-7320.1
-7441.29
-7436.5
-6949.85
-5757.89
-5716.37
-6871.66
-7413.69
-7395.37
-7314.58
-7309.7
-7348.11
-7432.48
-7431.9
-7425.23
-7416.71
-7416.18
-7414.14
-7314.24
-7313.46
-7317.34
-7319.44
-7398.06
-7423.01
-7417.77
-7417.7
-7416.04
-7408.2
-7315.03
-7314.35
-7438.37
-7330.17
-7321.15
-7352.12
-7413.32
-7421.57
-7358.82
-7322.53
-7321.65
-7442.83
-7414.55
-7404.03
-7320.75
-7321.5
-7324.11
-7327.42
-7325.71
-7326.57
-7449.51
-7454.98
-7310.63
-7315.02
-7349.12
-7323.92
-7322.76
-7325.31
-7326.26
-7349.46
-7430.78
-7322.82
-7311.71
-7311.41
-7379.01
-7382.07
-7354.51
-7324.21
-7390.31
-7403.34
-7310.79
-7308.94
-7368
-7314.09
-7383.84
-7385.62
-7387.78
-7385.22
-7396.12
-7400.51
-7309.24
-7308.75
-7517.9
-4827.36
-1319.13
-1325.09
-1328.36
-1329.31
-1325.23
-1319.41
-4583.79
-7500.42
-7516.81
-7323.6
-4244.94
-1325.01
-1326.32
-1326.65
-1324.91
-3801.12
-7219.31
-7508.26
-7488.17
-7492.36
-7409.87
-5637.47
-3666.45
-3537.83
-5379.54
-7314.26
-7447.34
-7447.1
-7371.77
-7487.67
-7484.26
-7483.69
-7329.95
-7306.24
-7475.84
-7474.89
-7437.17
-7374.55
-7377.36
-7381.81
-7482.71
-7477.62
-7479.05
-7482.37
-7480.44
-7478.88
-7373.14
-7377.55
-7502.84
-7385.31
-7425.79
-7475.77
-7482.5
-7484.93
-7481.42
-7395.08
-7462.64
-7512.92
-7406.14
-7407.53
-7376.41
-7379.05
-7419.71
-7449.71
-7384.86
-7387.04
-7518.81
-7525.4
-7375.88
-7374.12
-7375.35
-7380.19
-7383.06
-7384.79
-7387.92
-7390.54
-7505.96
-7397.91
-7378.43
-7376.99
-7383.14
-7417.15
-7387.2
-7387.62
-7395.07
-7469.53
-7375.42
-7375.16
-7409.24
-7380.44
-7435.29
-7453.33
-7438.29
-7399.22
-7464.46
-7467.21
-7376.53
-7376.77
-7123.35
-2043.72
-1222.82
-1150.89
-1152.25
-1153.49
-1150.86
-1232.07
-1851.08
-7042.27
-7584.36
-6220.1
-1674.84
-1149.35
-1159.81
-1168.67
-1149.31
-1448.83
-5903.73
-7571.69
-7572.97
-7558.58
-6464.48
-3083.32
-1474.18
-1417.29
-2706.41
-6131.16
-7530.43
-7550.59
-7537.23
-7548.16
-7550.45
-7252.37
-6486.07
-6395.26
-7147.51
-7546.42
-7544.39
-7445.74
-7462.85
-7542.95
-7547.3
-7545.62
-7549.38
-7553.16
-7554.97
-7556.89
-7549.46
-7500
-7457.07
-7450.69
-7550.09
-7552.03
-7554.87
-7557.19
-7563.46
-7568.11
-7588.2
-7599.81
-7450.15
-7450.18
-7463.23
-7523.35
-7551.35
-7559.64
-7498.35
-7457.47
-7596.74
-7603.98
-7455.72
-7508.23
-7449.08
-7450.25
-7452.25
-7454.68
-7457.27
-7461.52
-7594.95
-7490.3
-7455.41
-7453.07
-7452.79
-7454.69
-7458.39
-7461.17
-7462.5
-7472.8
-7450.28
-7451.2
-7461.21
-7459.53
-7461
-7490.94
-7468.23
-7468.62
-7488.48
-7543.59
-7453.64
-7454.25
-4862.44
-1069.77
-1073.85
-999.966
-1000.96
-1001.52
-999.78
-1061.26
-1056.53
-4611.85
-7207.8
-3263.91
-1008.64
-1005.51
-1095.87
-1099.33
-1014.18
-1013.25
-2897.69
-7103.6
-7656.22
-7040.05
-3451.38
-1046.12
-1070.31
-1056.94
-1016.05
-3028.15
-6802.48
-7646.47
-7646.2
-7633.92
-7282.1
-5573.32
-3996.96
-3873.5
-5276.85
-7141.15
-7664.11
-7663.96
-7618.87
-7636
-7640.17
-7632.99
-7519.6
-7495.07
-7653.44
-7666.93
-7679.05
-7692.9
-7544.16
-7603.5
-7646.53
-7644.27
-7647.45
-7656.58
-7669.01
-7679.09
-7688.21
-7699.32
-7546.33
-7567.29
-7650.89
-7652.81
-7653.32
-7656.15
-7665.04
-7685.49
-7696.11
-7704.32
-7687.47
-7689.39
-7545.45
-7557.55
-7592.12
-7598.03
-7556.61
-7563.88
-7702.08
-7681.38
-7639.86
-7624.34
-7552.86
-7552.3
-7553.46
-7556.73
-7559.95
-7559.5
-7562.63
-7549.54
-7564.76
-7560.62
-7561.32
-7562.86
-7565.4
-7568.37
-7566.72
-7561.48
-7554.19
-7554.48
-1491.78
-1028.87
-884.12
-874.939
-874.133
-873.952
-874.568
-878.348
-1026.73
-1354.24
-4655.81
-989.263
-889.172
-899.235
-938.156
-944.343
-913.022
-887.962
-934.984
-4364.58
-7348.16
-3789.96
-972.259
-896.818
-940.788
-946.829
-903.019
-918.536
-3391.46
-7256.66
-7765.84
-7153.61
-4547.24
-2069.4
-1256.99
-1215.1
-1857.19
-4254.2
-7117.24
-7811.64
-7775.08
-7776.24
-7626.18
-6696.16
-5906.4
-5855.39
-6618.76
-7597.72
-7808.15
-7826.88
-7761.15
-7796.84
-7782.04
-7772.24
-7765.6
-7773.11
-7789.89
-7807.54
-7822.05
-7833.69
-7806.83
-7817.92
-7798.12
-7786.17
-7784.36
-7795.96
-7811.31
-7822.85
-7830.69
-7839.76
-7840.62
-7831.28
-7789.47
-7783.94
-7780.82
-7787.69
-7805.26
-7830.65
-7838.39
-7846.41
-7849.25
-7841.06
-7685.72
-7685.15
-7690.89
-7693.44
-7696.76
-7774.08
-7792.18
-7708.64
-7735.93
-7769.73
-7697.9
-7697.47
-7699.3
-7701.6
-7699.87
-7692.15
-7688.36
-7688.94
-991.805
-974.558
-789.586
-786.394
-784.557
-784.423
-786.073
-789.289
-1033.69
-1077.55
-1194.34
-829.435
-821.235
-785.45
-782.44
-782.432
-786.346
-825.668
-834.528
-1093.37
-3830.31
-954.62
-804.341
-810.924
-860.802
-860.757
-821.303
-811.413
-899.48
-3601.71
-6874.32
-3356.06
-1108.89
-806.193
-823.543
-819.832
-805.428
-1020.78
-3271.97
-6933.81
-7992.05
-6974.66
-4634.97
-2809.27
-1969.82
-1936.02
-2711.42
-4564.62
-7061.23
-8000.97
-8018.27
-7985.23
-7796.15
-7001.68
-6491.96
-6510.43
-7013.42
-7822.6
-7997.23
-8018.04
-8021.82
-8007.63
-7989.5
-7964.4
-7951.08
-7959.56
-7977.75
-7997.31
-8013.9
-8026.74
-8030.67
-8020.05
-8010.33
-7995.77
-7973.67
-7977.56
-7998.64
-8012.68
-8022.71
-8032.33
-8040.01
-8033.3
-8024.07
-7996.97
-7975.84
-7965.89
-8000.97
-8017.52
-8032.54
-8037.19
-8048.83
-8044.29
-8003.2
-7983.92
-7915.7
-7886.48
-7937.2
-8018.93
-7984.56
-7977.74
-1237.17
-1202.28
-816.483
-810.403
-805.924
-805.851
-810.278
-816.73
-1323.28
-1290.54
-913.122
-899.678
-838.715
-808.772
-803.798
-803.742
-808.655
-869.53
-934.353
-948.479
-931.463
-830.443
-819.54
-810.175
-805.193
-805.435
-810.477
-827.73
-838.15
-905.741
-2343.76
-925.158
-824.912
-809.891
-824.917
-820.959
-810.643
-824.191
-907.722
-2369.82
-5723.2
-2654.5
-1093.35
-833.807
-837.366
-833.089
-831.875
-1060.37
-2717.2
-5846.96
-8293.47
-6507.22
-4177.52
-2800.04
-2273.24
-2283.11
-2816.18
-4232.8
-6611.51
-8293.52
-8307.51
-8285.99
-7926.78
-7095.28
-6696.37
-6734.42
-7160.98
-7973.24
-8293.07
-8318.46
-8322.65
-8311.03
-8293.16
-8268.15
-8243.13
-8246.24
-8271.62
-8295.56
-8311.87
-8322.33
-8332.27
-8324.27
-8314.13
-8294.93
-8272.76
-8254
-8281.88
-8298.77
-8314.25
-8321.45
-8339.58
-8336.01
-8329.55
-8319.57
-8304.81
-8272.8
-8292.73
-8304.17
-8317.17
-8321.84
-1458.64
-1451.3
-892.895
-891.768
-891.041
-891.042
-891.91
-893.362
-1472.92
-1482.29
-1211.04
-1335.21
-888.928
-886.811
-885.284
-885.28
-886.851
-889.301
-1374.55
-1233.42
-1001.42
-978.785
-886.945
-884.568
-882.907
-882.93
-884.63
-887.354
-995.468
-1015.5
-964.28
-902.624
-889.38
-904.373
-907.909
-908.541
-904.102
-887.547
-900.323
-963.774
-1278.05
-939.793
-896.414
-923.776
-948.691
-948.749
-901.209
-896.222
-940.721
-1333.81
-3899.17
-1871.81
-1034.23
-932.591
-947.547
-946.328
-927.488
-1035.69
-1945.17
-3922.12
-8239.98
-5499.18
-3618.52
-2606.3
-2215.72
-2248.89
-2691.12
-3737.53
-5648.47
-8250.33
-8670.14
-8645.46
-7879.25
-7113.41
-6836.06
-6857.26
-7191.04
-7978.35
-8632.76
-8667.42
-8693.37
-8682.12
-8661.25
-8628.35
-8603.37
-8584.28
-8615.46
-8646.88
-8665.24
-8675.51
-8706.96
-8701.29
-8691
-8675.46
-8657.77
-8633.61
-8650.31
-8663.06
-8676.41
-8680.99
-1358.14
-1145.88
-1133.73
-1123.94
-1118.58
-1118.54
-1123.87
-1133.79
-1146.19
-1368.79
-1302.12
-1150.55
-1134.74
-1125.8
-1120.83
-1120.79
-1125.72
-1134.82
-1150.66
-1318.46
-1262
-1261.72
-1138.38
-1130.98
-1127.05
-1127.03
-1130.92
-1138.47
-1292.35
-1270.04
-1179.01
-1163.04
-1142.08
-1138.5
-1134.78
-1134.77
-1138.13
-1142.14
-1163.88
-1180.44
-1208.47
-1161
-1145.22
-1144.86
-1147.17
-1147.96
-1142.42
-1145.05
-1160.3
-1208.74
-1329.55
-1205.4
-1158.7
-1154.23
-1152.32
-1152.89
-1150.46
-1158.07
-1205.91
-1335.69
-2843.11
-1811.67
-1231.11
-1200.22
-1191.73
-1193.11
-1194.73
-1231.65
-1869.38
-2844.21
-5177.77
-3756.39
-3161.99
-2608.85
-2429.63
-2444.13
-2665.66
-3253.59
-3809.33
-5298.87
-9177.77
-8209.45
-6864.94
-6125.3
-5937.51
-5983.01
-6247.04
-7013.04
-8335.67
-9155.48
-9213.35
-9202.77
-9177.55
-9153.61
-9132.63
-9105.72
-9127.21
-9151.91
-9169.29
-9181.35
-6095.74
-6096.06
-6096.12
-6096.39
-6096.51
-6096.52
-6095.83
-6096.52
-6095.4
-6095.72
-6100.44
-6101.65
-6102.07
-6102.4
-6102.52
-6102.41
-6102.18
-6102.02
-6101.01
-6100.75
-6103.38
-6104.79
-6105.37
-6105.7
-6105.98
-6105.88
-6105.57
-6105.07
-6104.62
-6103.63
-6106.38
-6106.93
-6107.76
-6108.28
-6108.5
-6108.54
-6108.11
-6107.61
-6107.17
-6106.03
-6108.56
-6109.11
-6110.1
-6110.58
-6110.82
-6110.85
-6110.56
-6110.07
-6109.42
-6108.23
-6110.59
-6111.44
-6112.16
-6112.63
-6112.92
-6112.9
-6112.73
-6112.24
-6111.58
-6110.74
-6112.35
-6113.3
-6113.93
-6114.48
-6114.77
-6114.74
-6114.57
-6114.01
-6113.38
-6112.5
-6113.86
-6114.76
-6115.55
-6116.13
-6116.39
-6116.38
-6116.11
-6115.6
-6114.71
-6113.97
-6115.18
-6116.18
-6117.01
-6117.55
-6117.82
-6117.83
-6117.51
-6116.96
-6116.16
-6115.15
-6116.5
-6117.51
-6118.3
-6118.78
-6119.03
-6119.03
-6118.72
-6118.24
-6117.62
-6116.47
-6147.47
-6147.35
-6147.05
-6147.11
-6147.26
-6147.34
-6146.32
-6147.58
-6146.41
-6147.58
-6147.73
-6147.45
-6147.5
-6147.39
-6147.82
-6147.88
-6146.8
-6147.99
-6146.72
-6146.68
-6146.65
-6146.82
-6146.96
-6147.06
-6146.69
-6146.63
-6147.67
-6146.69
-6147.75
-6146.3
-6146.82
-6146.93
-6146.84
-6146.97
-6146.6
-6146.57
-6147.59
-6146.6
-6147.63
-6146.71
-6146.98
-6146.91
-6146.94
-6146.88
-6146.77
-6147.12
-6146.67
-6146.69
-6147.63
-6147.51
-6146.97
-6147.05
-6147.19
-6147.11
-6147.23
-6147.3
-6146.96
-6147.4
-6146.72
-6147.53
-6147.09
-6147.22
-6147.36
-6147.45
-6147.5
-6147.25
-6147.55
-6147.63
-6147.54
-6147.34
-6147.24
-6147.37
-6147.43
-6147.63
-6147.7
-6147.45
-6147.79
-6147.82
-6146.96
-6146.7
-6147.41
-6147.59
-6147.53
-6147.6
-6147.88
-6147.68
-6147.86
-6147.94
-6147.28
-6147.01
-6147.58
-6147.78
-6147.74
-6147.83
-6147.83
-6147.8
-6147.87
-6148.01
-6147.69
-6147.95
-6190.24
-6190.16
-6190.46
-6190.58
-6190.77
-6190.45
-6189.19
-6190.96
-6190.93
-6189.73
-6190.1
-6190.3
-6190.49
-6189.88
-6190.86
-6191
-6190.3
-6189.55
-6189.14
-6188.93
-6190.06
-6190.27
-6189.85
-6190.08
-6189.69
-6189.73
-6191.48
-6191.41
-6191.18
-6188.89
-6190.32
-6190.12
-6190.11
-6190.89
-6189.96
-6189.91
-6191.64
-6189.99
-6191.32
-6191.26
-6190.49
-6190.39
-6190.96
-6190.73
-6190.3
-6190.88
-6189.99
-6190.04
-6191.47
-6191.36
-6190.72
-6190.89
-6191.03
-6190.35
-6190.32
-6190.99
-6189.95
-6191.14
-6189.44
-6189.8
-6190.81
-6190.61
-6190.57
-6191.03
-6191.08
-6191.03
-6191.09
-6191.25
-6189.74
-6189.48
-6190.87
-6190.49
-6190.46
-6191.19
-6191.19
-6190.72
-6191.3
-6191.37
-6191.6
-6189.7
-6190.72
-6190.95
-6190.55
-6190.6
-6191.21
-6190.66
-6191.31
-6191.36
-6190.54
-6190.75
-6190.66
-6191.13
-6191.11
-6190.69
-6190.63
-6190.66
-6191.37
-6191.34
-6190.31
-6191.31
-6230.16
-6229.78
-6230.29
-6230.5
-6230.73
-6228.81
-6228.66
-6231.1
-6231.61
-6229.25
-6229.62
-6230.41
-6230.52
-6229.22
-6230.5
-6230.46
-6231.88
-6227.94
-6229.97
-6228.68
-6229.79
-6230.6
-6229.52
-6229.39
-6229.28
-6231.55
-6231.83
-6231.87
-6230.47
-6231.7
-6230.66
-6229.78
-6229.92
-6231.28
-6230.28
-6230.43
-6232.02
-6231.68
-6231.57
-6231.73
-6230.92
-6229.78
-6231.52
-6231.63
-6231.75
-6230.32
-6231.47
-6230.02
-6231.71
-6231.52
-6231.01
-6231.48
-6231.63
-6230.41
-6230.38
-6231.41
-6229.9
-6230.05
-6229.2
-6228.75
-6230.95
-6231.76
-6230.3
-6230.5
-6231.57
-6231.65
-6230.15
-6230.92
-6229.56
-6229.24
-6230.8
-6230.62
-6230.61
-6231.97
-6231.94
-6231.88
-6231.04
-6230.79
-6232.74
-6232.31
-6230.6
-6230.69
-6232.05
-6232.14
-6231.12
-6231.08
-6231.58
-6230.9
-6232.79
-6232.85
-6231.2
-6231.63
-6232.37
-6231.2
-6231.21
-6231.84
-6232.16
-6232.1
-6230.64
-6231.43
-6274.91
-6273.12
-6272.8
-6274.22
-6274.4
-6272.05
-6271.95
-6274.97
-6275.85
-6273.06
-6273.6
-6274.16
-6273.03
-6272.11
-6271.91
-6271.77
-6275.97
-6270.73
-6275.52
-6275.77
-6273.07
-6274.37
-6273.76
-6272.18
-6272.06
-6274.9
-6273.56
-6273.62
-6270.57
-6275.73
-6274.23
-6274.41
-6274.77
-6274.72
-6274.71
-6274.87
-6271.55
-6274.97
-6271.48
-6274.96
-6274.29
-6272.15
-6274.84
-6274.91
-6274.99
-6272.83
-6275.05
-6275.11
-6273.59
-6271.1
-6272.6
-6274.8
-6272.67
-6272.89
-6273.23
-6272.73
-6272.35
-6271.96
-6271.58
-6271.23
-6272.59
-6275.06
-6272.76
-6272.61
-6272.63
-6274.49
-6272.5
-6272.28
-6271.93
-6274.21
-6272.73
-6273.89
-6274.49
-6273.21
-6273.37
-6274.65
-6272.77
-6272.63
-6276.08
-6276.43
-6272.92
-6272.94
-6275.43
-6275.37
-6273.04
-6274.78
-6273.05
-6272.94
-6275.88
-6276.22
-6275.09
-6273.06
-6275.36
-6274.54
-6274.34
-6275.03
-6274.12
-6273.21
-6275.27
-6272.48
-6322.32
-6319.64
-6319.32
-6321.19
-6318.99
-6318.61
-6318.49
-6321.87
-6321.22
-6321.55
-6321.68
-6319.21
-6318.73
-6318.95
-6318.17
-6318.04
-6323.38
-6316.96
-6322.74
-6323
-6320.77
-6321.54
-6321.65
-6318.5
-6318.36
-6321.62
-6317.44
-6316.99
-6316.7
-6322.94
-6320.29
-6321.52
-6321.83
-6318.72
-6321.5
-6321.64
-6317.35
-6321.78
-6316.62
-6316.62
-6321.02
-6317.81
-6321.77
-6321.78
-6321.69
-6319.14
-6321.66
-6321.86
-6316.78
-6316.95
-6318.4
-6318.52
-6317.97
-6321.47
-6321.51
-6318.67
-6320.92
-6318.32
-6319.52
-6321.5
-6318.36
-6321.89
-6319.91
-6318.65
-6318.7
-6319.33
-6318.6
-6318.41
-6322.02
-6323.61
-6318.43
-6322.08
-6322.08
-6318.81
-6318.65
-6321.1
-6318.74
-6318.58
-6320.47
-6323.23
-6319.83
-6318.84
-6321.94
-6321.92
-6318.77
-6321.2
-6318.87
-6318.87
-6321.71
-6320.58
-6321.74
-6318.78
-6319.58
-6321.82
-6321.49
-6321.28
-6318.91
-6319.05
-6321.83
-6318.01
-6369.96
-6366.45
-6366.11
-6367.24
-6365.51
-6365.32
-6365.2
-6369.12
-6364.66
-6371.23
-6369.15
-6365.76
-6365.45
-6369.14
-6364.84
-6364.66
-6371.07
-6363.44
-6370.24
-6370.53
-6369.09
-6369.12
-6369.21
-6366.48
-6369.28
-6369.13
-6363.66
-6363.29
-6363.05
-6364.4
-6363.91
-6369.06
-6369.31
-6364.45
-6367.72
-6368.78
-6363.57
-6368.71
-6362.79
-6362.41
-6365.47
-6363.88
-6366.22
-6365.05
-6368.11
-6368.68
-6367.03
-6369
-6362.99
-6362.95
-6364.44
-6364.07
-6364.08
-6368.76
-6368.67
-6365.13
-6370.33
-6365.33
-6371.15
-6371.47
-6364.67
-6369.39
-6369.14
-6368.16
-6365.08
-6365
-6368.72
-6365.01
-6371.08
-6371.11
-6366.48
-6369.56
-6369.47
-6365.09
-6365.01
-6365.41
-6366.94
-6369.43
-6363.44
-6366.51
-6369.39
-6365.18
-6366.4
-6366.38
-6365.06
-6368.15
-6366.87
-6367.64
-6363.45
-6363.3
-6368.99
-6364.92
-6364.65
-6368.36
-6368.21
-6368.2
-6365.2
-6365.34
-6368.88
-6363.68
-6416.06
-6412.47
-6411.39
-6411.07
-6410.81
-6410.65
-6410.5
-6414.76
-6409.36
-6416.65
-6415.2
-6411.03
-6410.69
-6415.44
-6410.09
-6412.3
-6417.39
-6412.25
-6416.1
-6416.23
-6409.8
-6415.23
-6415.34
-6415.7
-6416.21
-6410.09
-6413.69
-6408.22
-6407.19
-6406.15
-6408.36
-6415.14
-6415.26
-6409.23
-6409.29
-6412.74
-6408.43
-6407.94
-6407.45
-6406.6
-6408.49
-6408.5
-6408.47
-6408.61
-6408.93
-6414.48
-6408.45
-6414.9
-6409.38
-6416.87
-6408.76
-6408.55
-6408.49
-6414.67
-6414.56
-6411.66
-6416.47
-6416.96
-6417.41
-6417.62
-6414.09
-6411.29
-6415.32
-6414.92
-6411.05
-6409.83
-6416.15
-6412.05
-6417.11
-6416
-6415.9
-6415.58
-6415.43
-6409.8
-6409.83
-6409.5
-6415.74
-6415.83
-6407.99
-6407.46
-6415.48
-6415.16
-6409.2
-6409.33
-6413.33
-6411.84
-6415.16
-6415.43
-6408.11
-6407.81
-6410.85
-6410.59
-6409.42
-6413.65
-6413.61
-6411.52
-6410.24
-6410.1
-6411.14
-6414.13
-6460.26
-6460.43
-6454.65
-6454.27
-6454.09
-6454.01
-6453.43
-6452.71
-6452.41
-6454
-6459.39
-6454.76
-6454
-6459.94
-6453.51
-6461.19
-6461.66
-6462.17
-6458.34
-6448.03
-6451.09
-6455.14
-6459.73
-6460.14
-6460.54
-6452.52
-6461.65
-6457.18
-6461.93
-6448.84
-6450.9
-6459.21
-6459.34
-6453.83
-6452.11
-6451.79
-6451.5
-6451.2
-6455.12
-6459.29
-6451
-6456.38
-6451.52
-6451.45
-6451.5
-6458.57
-6451.25
-6451.32
-6462.39
-6462.89
-6460.45
-6451.58
-6451.71
-6455.06
-6456.06
-6460.24
-6460.66
-6461.12
-6461.64
-6462.22
-6460.56
-6451.91
-6458.74
-6458.57
-6458.62
-6455.68
-6460.35
-6460.78
-6461.23
-6449.72
-6460.19
-6455.88
-6455.45
-6458.14
-6456.43
-6452.36
-6459.98
-6459.97
-6450.5
-6450
-6459.74
-6459.25
-6451.97
-6452.08
-6457.93
-6451.85
-6458.41
-6459.51
-6450.84
-6450.27
-6452
-6458.54
-6452.11
-6453.66
-6457.26
-6451.91
-6456.23
-6457.77
-6451.17
-6459.42
-6502.25
-6502.6
-6498.46
-6495.51
-6495.23
-6495.17
-6494.94
-6494.35
-6503.51
-6488.4
-6501.41
-6501.5
-6498.3
-6495.02
-6501.53
-6503.39
-6503.93
-6504.52
-6487.24
-6487.36
-6491.15
-6490.91
-6501.96
-6502.42
-6502.59
-6498.29
-6504.14
-6504.51
-6505.17
-6494.86
-6491.25
-6500.46
-6494.08
-6502.74
-6500.49
-6492.61
-6493.31
-6492.12
-6505.13
-6505.61
-6498.17
-6503.66
-6492.51
-6492.74
-6492.57
-6492.32
-6492.12
-6491.87
-6504.82
-6505.24
-6503.63
-6500.06
-6501.75
-6493.09
-6492.6
-6501.38
-6497.23
-6502.85
-6502.45
-6492.51
-6503
-6492.79
-6498.54
-6499.28
-6500.7
-6501.48
-6501.96
-6502.47
-6493.13
-6489.9
-6502.52
-6492.51
-6492.29
-6499.96
-6500.23
-6497.42
-6498.95
-6494.98
-6500.51
-6490.23
-6493.1
-6500.5
-6492.73
-6492.82
-6499.79
-6492.45
-6491.97
-6492.61
-6496.51
-6499.14
-6492.72
-6500.37
-6498.16
-6492.86
-6493.07
-6492.72
-6500.05
-6499.91
-6492.59
-6501.58
-6541.95
-6542.48
-6542.85
-6540.52
-6542.95
-6534.09
-6545.63
-6533.68
-6547.17
-6526.29
-6534.27
-6541.77
-6542.17
-6530.16
-6542.7
-6543.1
-6538.48
-6544.57
-6524.92
-6525.21
-6529.09
-6528.75
-6534.89
-6534.31
-6542.73
-6543.49
-6544.15
-6544.84
-6545.27
-6545.78
-6534.29
-6529.59
-6528.99
-6543.18
-6543
-6531.09
-6543.79
-6536.22
-6545.35
-6545.74
-6543.95
-6543.99
-6534.18
-6543.09
-6531.22
-6530.68
-6530.27
-6530.42
-6544.99
-6545.46
-6543.82
-6543.78
-6543.86
-6531.48
-6531.07
-6540.32
-6529.25
-6534.07
-6528.58
-6528.1
-6543.55
-6531.18
-6531.38
-6531.7
-6539.99
-6540.55
-6534.22
-6541.91
-6528.01
-6528.33
-6533.22
-6530.98
-6530.77
-6539.78
-6539.93
-6540.01
-6529.62
-6529.83
-6540.89
-6538.17
-6530.61
-6538.86
-6534.83
-6536.06
-6536.51
-6532.58
-6530.28
-6529.72
-6541.51
-6541.96
-6531.09
-6539.79
-6539.77
-6532.38
-6532.43
-6534.78
-6539.74
-6539.69
-6531.93
-6541.38
-6579.56
-6580.2
-6580.69
-6581.2
-6581.29
-6570.85
-6584.22
-6582.08
-6585.34
-6563.89
-6564.75
-6579.67
-6580.22
-6566.06
-6580.59
-6580.67
-6562.88
-6570.05
-6561.13
-6575.12
-6565.19
-6564.97
-6564.77
-6565.07
-6580.99
-6580.91
-6572.21
-6582.97
-6583.51
-6584.3
-6581.9
-6565.19
-6565.01
-6581.41
-6581.25
-6576
-6582.15
-6582.94
-6583.35
-6583.84
-6582.37
-6582.28
-6582.14
-6581.89
-6569.26
-6567.32
-6578.64
-6566.44
-6571.13
-6573.15
-6581.85
-6582.11
-6582.14
-6567.97
-6567.74
-6568.71
-6565.3
-6564.77
-6564.35
-6564.04
-6570.59
-6575.63
-6567.52
-6567.84
-6577.56
-6577.65
-6565.54
-6570.74
-6564.3
-6568.12
-6566.79
-6567.15
-6567.32
-6577.5
-6577.49
-6577.85
-6565.81
-6566.12
-6576.96
-6580.42
-6566.93
-6567.01
-6577.6
-6577.65
-6569.89
-6578.35
-6566.23
-6566.36
-6579.49
-6580.01
-6574.84
-6576.58
-6577.63
-6569.66
-6569.66
-6577.98
-6577.51
-6573.14
-6578.06
-6574.02
-6605.71
-6616.17
-6616.78
-6617.37
-6617.52
-6611.26
-6620.48
-6621.31
-6621.85
-6621.97
-6598.59
-6615.86
-6616.36
-6607.85
-6616.49
-6612.13
-6596.86
-6596.23
-6595.81
-6621.06
-6602.88
-6599.35
-6599.18
-6599.14
-6599.22
-6617.04
-6596.94
-6600.41
-6618.29
-6620.68
-6619.16
-6599.5
-6599.31
-6610.49
-6610.42
-6617.62
-6618.3
-6619.08
-6619.79
-6620.49
-6618.92
-6618.94
-6618.33
-6617.98
-6618
-6601.85
-6617.82
-6617.99
-6598.63
-6596.9
-6616.39
-6618.27
-6618.27
-6612.63
-6607.72
-6600.35
-6599.87
-6599.44
-6598.88
-6597.87
-6601.49
-6617.9
-6602.64
-6602.78
-6604.93
-6604.52
-6599.87
-6599.4
-6599.18
-6616.5
-6601.41
-6602.73
-6602.28
-6606.19
-6610.2
-6614.36
-6600.33
-6600.56
-6599.38
-6616.78
-6601.5
-6601.44
-6614.09
-6613.89
-6605.21
-6614.62
-6612.86
-6610.41
-6615.8
-6616.44
-6614.59
-6602.02
-6613.71
-6608.55
-6604.98
-6614.29
-6611.26
-6605.11
-6615.35
-6603.17
-6631.83
-6641.74
-6651.47
-6652.14
-6648.6
-6651.09
-6653.44
-6651.18
-6656.89
-6656.89
-6631.25
-6643.38
-6651.36
-6652.53
-6647.85
-6630.68
-6630
-6629.31
-6629.03
-6656.12
-6653.57
-6631.65
-6631.73
-6631.74
-6631.67
-6642.38
-6629.69
-6629.22
-6629.39
-6655.58
-6654.25
-6632.2
-6632.3
-6632.85
-6632.74
-6651.96
-6652.76
-6653.7
-6654.35
-6636.14
-6654.02
-6638.34
-6652.55
-6652.62
-6651.94
-6651.2
-6652.2
-6652.8
-6631.1
-6629.35
-6634.31
-6647.46
-6652.96
-6651.57
-6650.66
-6634.78
-6641.88
-6633.21
-6632.04
-6646.73
-6634.49
-6652.3
-6636.64
-6638.16
-6635.41
-6634.4
-6633.88
-6633.29
-6632.86
-6652.07
-6634.92
-6651.17
-6644.35
-6637.03
-6636.32
-6636.07
-6641.91
-6649.67
-6638.38
-6651.59
-6638.38
-6635.53
-6649.17
-6648.93
-6639.1
-6649.63
-6650.34
-6650.19
-6650.06
-6642.01
-6649.7
-6635.9
-6647.76
-6648.53
-6646.66
-6648.89
-6638.09
-6638.78
-6649.47
-6636.45
-6676.4
-6663.17
-6671.46
-6674.24
-6664.11
-6684.49
-6665.95
-6662.15
-6690.95
-6690.87
-6662.99
-6662.51
-6681.9
-6686.63
-6663.84
-6663.65
-6665.55
-6661.69
-6660.92
-6690.45
-6688.09
-6663.4
-6663.34
-6684.29
-6663.36
-6662.5
-6661.97
-6661.19
-6660.18
-6680.77
-6688.47
-6688.28
-6681.75
-6664.95
-6664.11
-6684.04
-6666.69
-6664.62
-6673.71
-6660.18
-6679.25
-6667.26
-6686.06
-6669.36
-6684.79
-6685.38
-6685.77
-6686
-6686.04
-6661.32
-6664.73
-6665.54
-6666.94
-6684.03
-6684.46
-6678.9
-6685.63
-6685.28
-6678.56
-6686.18
-6665.74
-6685.5
-6675.57
-6683.81
-6668.7
-6667.93
-6674.94
-6666.44
-6685.33
-6686.01
-6671.49
-6685.06
-6684.15
-6669.43
-6668.83
-6668.58
-6684.67
-6684.43
-6685.53
-6683.93
-6684.87
-6668.72
-6682.96
-6682.74
-6681.68
-6683.69
-6684.42
-6684.34
-6671.15
-6668.75
-6683.84
-6669.05
-6669.61
-6682.11
-6681.39
-6670.31
-6670.57
-6671.63
-6678.36
-6669.11
-6721.03
-6694.5
-6694.63
-6694.58
-6695.14
-6717.56
-6706.57
-6715.98
-6723.78
-6724.16
-6694.28
-6693.85
-6693.93
-6720.3
-6695.41
-6708.23
-6720.99
-6710.21
-6717.93
-6700.9
-6706.46
-6699.24
-6694.93
-6720.83
-6695.47
-6694.74
-6696.99
-6692.1
-6691.19
-6690.87
-6722.36
-6722.9
-6722.88
-6696.29
-6695.69
-6695.57
-6694.56
-6692.88
-6691.51
-6691.13
-6696.82
-6698.65
-6700.63
-6697.06
-6717.77
-6718.17
-6709.35
-6718.77
-6719.08
-6702.84
-6696.21
-6696.2
-6696.83
-6717.27
-6717.61
-6717.98
-6718.63
-6719.19
-6719.89
-6720.13
-6712.83
-6705.7
-6716.94
-6717.08
-6705.8
-6706.69
-6718.23
-6714.35
-6719.56
-6719.5
-6718.97
-6717.63
-6717.78
-6701.87
-6701.45
-6701.27
-6718.14
-6718.42
-6719.11
-6701.07
-6718.62
-6717.97
-6708.16
-6704.01
-6714.04
-6701.7
-6717.8
-6715.77
-6701.05
-6700.49
-6715.31
-6709.16
-6702.02
-6714.33
-6714.32
-6701.91
-6702.36
-6714.52
-6701.51
-6701
-6754.75
-6731.02
-6725.58
-6725.33
-6733.71
-6736.99
-6755.05
-6756.01
-6756.31
-6757.02
-6725.4
-6725.07
-6724.67
-6751.54
-6727.15
-6754.09
-6754.53
-6754.99
-6756
-6722.27
-6725.56
-6754.85
-6738.8
-6754.23
-6728.19
-6728.61
-6753.35
-6745.9
-6721.96
-6721.34
-6756.13
-6756.77
-6756.85
-6728.35
-6727.27
-6726.82
-6725.67
-6723.67
-6722.09
-6722
-6727.63
-6754.46
-6728.27
-6729.1
-6747.28
-6744.77
-6726.42
-6734.39
-6751.64
-6754.3
-6727.52
-6727.06
-6727.25
-6749.81
-6750.41
-6751.07
-6751.6
-6752.38
-6752.95
-6752.99
-6751.41
-6727.42
-6749.44
-6749.91
-6750.24
-6750.66
-6751.32
-6752.05
-6752.7
-6739.79
-6752.77
-6740.36
-6749.93
-6741.39
-6735.93
-6750.26
-6750.83
-6737.24
-6752.23
-6731.59
-6751.97
-6751.81
-6732.05
-6732.7
-6746.15
-6732.86
-6746.62
-6732.93
-6732.53
-6731.91
-6731.93
-6751.26
-6733.27
-6745.96
-6746.61
-6733.24
-6733.58
-6747.19
-6732.83
-6747.87
-6788
-6788.53
-6774.28
-6755.94
-6785.88
-6756.86
-6787.35
-6788.02
-6771.74
-6787.59
-6756.22
-6755.84
-6755.21
-6755.19
-6776.3
-6786.88
-6787.23
-6787.44
-6788.35
-6785.81
-6756.07
-6789.59
-6789.43
-6787.96
-6787.85
-6786.78
-6786.9
-6786.98
-6752.67
-6751.99
-6789.53
-6790.03
-6790.24
-6787.89
-6763.11
-6757.65
-6757.24
-6785.52
-6752.63
-6766.37
-6773.85
-6789.94
-6760.03
-6760.27
-6759.59
-6758
-6757.25
-6757.49
-6785.77
-6788.83
-6758.03
-6778.16
-6759.23
-6763.56
-6781.75
-6777.44
-6783.68
-6772.54
-6785.6
-6770.19
-6773.22
-6758.7
-6781.92
-6782.21
-6782.7
-6783.23
-6784.05
-6785
-6785.33
-6762.77
-6785.94
-6759.51
-6781.72
-6782.7
-6782.71
-6782.87
-6783.26
-6764.46
-6782.01
-6762.73
-6784.79
-6784.8
-6762.49
-6763.12
-6768.95
-6763.62
-6762.05
-6763.4
-6763.59
-6763.07
-6761.64
-6784.33
-6763.72
-6763.99
-6769.16
-6764.37
-6780.93
-6779.84
-6763.96
-6781.42
-6820.78
-6821.79
-6821.72
-6786.23
-6819.3
-6787.22
-6819.33
-6820.21
-6784.07
-6823.1
-6786.94
-6788.54
-6786.2
-6785.62
-6820.58
-6819.87
-6819.79
-6820.17
-6820.99
-6822.44
-6786.79
-6823.02
-6823.03
-6798.61
-6821.07
-6820.9
-6820.28
-6819.91
-6783.24
-6782.73
-6822.99
-6823.11
-6823.33
-6823.73
-6822.25
-6794.12
-6800.29
-6819.57
-6783.41
-6821.22
-6822.88
-6823.19
-6809.55
-6798.76
-6790.39
-6789.54
-6788.84
-6789.2
-6821.05
-6822.1
-6788.75
-6822.65
-6799.93
-6789.42
-6790.44
-6790.59
-6798.87
-6789.52
-6804.1
-6794.29
-6789.51
-6789.33
-6807.46
-6810.77
-6815.09
-6815.42
-6815.78
-6800.94
-6802.76
-6793.84
-6818.08
-6789.58
-6793.66
-6815.26
-6815.45
-6815.3
-6793.02
-6808.53
-6793.94
-6794.04
-6817.22
-6817.11
-6794.25
-6793.62
-6794.07
-6793.47
-6792.58
-6804.85
-6795.01
-6806.09
-6793.72
-6816.94
-6816.13
-6794.14
-6795.27
-6814.71
-6816.05
-6800.64
-6795.69
-6814.62
-6834.7
-6854.9
-6850.4
-6841.17
-6843.6
-6817.58
-6815.97
-6824.8
-6814.81
-6856.35
-6822.63
-6856.04
-6836.7
-6817.28
-6853.52
-6845.77
-6845.72
-6852.67
-6834.89
-6855.86
-6823.02
-6855.38
-6855.63
-6817.16
-6854.07
-6853.85
-6853.99
-6853.24
-6813.98
-6813.56
-6856.74
-6851.82
-6856.08
-6856.21
-6855.59
-6854.44
-6853.78
-6841.5
-6834.48
-6854.05
-6857.15
-6856.37
-6856.17
-6855
-6820.55
-6821.83
-6828.78
-6820.56
-6855.22
-6855.24
-6819.01
-6844.08
-6853.95
-6819.56
-6819.75
-6820.59
-6821.42
-6820.82
-6827.61
-6831.9
-6819.3
-6819.7
-6818.31
-6818.98
-6835.75
-6835.24
-6834.58
-6821.5
-6823.48
-6824.95
-6849.68
-6820.12
-6820.93
-6849.19
-6847.84
-6842.33
-6822.66
-6846.3
-6824.58
-6825.02
-6848.76
-6839.37
-6836.35
-6831.81
-6826.9
-6847.59
-6823.24
-6847.07
-6842.14
-6848.89
-6825.41
-6841.46
-6848.95
-6826.59
-6827.14
-6850.7
-6849.65
-6827.27
-6833.47
-6847.92
-6847.02
-6862.19
-6861.21
-6890.78
-6849.67
-6854.45
-6845.99
-6845.92
-6845.81
-6889.59
-6888.11
-6889.53
-6889.85
-6852.81
-6872.93
-6846.92
-6846.42
-6883.74
-6845.17
-6872.61
-6889.18
-6873.41
-6865.12
-6846.86
-6887.03
-6875.93
-6856.72
-6873.29
-6845
-6844.65
-6889.99
-6844.34
-6861.71
-6888
-6887.71
-6887.68
-6887.46
-6847.58
-6887.76
-6849.98
-6890.39
-6867.36
-6887.81
-6887.13
-6850.86
-6888.63
-6887.26
-6850.35
-6888.51
-6888.43
-6848.66
-6847.29
-6880.12
-6849.59
-6850.08
-6867.4
-6853.64
-6864.94
-6886.76
-6887.14
-6849.1
-6860.73
-6848.24
-6848.3
-6849.02
-6850.15
-6851.65
-6868.9
-6855.97
-6856.03
-6875.07
-6888.89
-6849.6
-6882.99
-6881.59
-6852.01
-6853.32
-6879.59
-6855.69
-6871.93
-6850.58
-6850.65
-6890.57
-6889.19
-6880.53
-6885.43
-6855.89
-6880.23
-6881.52
-6882.33
-6874.1
-6851.48
-6878.68
-6858.56
-6858.97
-6883.3
-6868.91
-6859.89
-6880.59
-6861.67
-6877.01
-6876.87
-6911.83
-6924.37
-6879.56
-6921.89
-6876.68
-6876.68
-6887.84
-6922.96
-6889.88
-6922.62
-6923.48
-6922.96
-6877.91
-6877.27
-6876.56
-6876.8
-6876.17
-6875.84
-6920.92
-6874.72
-6876.43
-6878.22
-6902.87
-6876.73
-6876.39
-6876.42
-6876.05
-6875.7
-6923.11
-6873.46
-6873.97
-6898.72
-6920.2
-6922.76
-6921.24
-6876.98
-6921.37
-6875.65
-6923.35
-6874.21
-6919.77
-6921.43
-6912.03
-6924.37
-6923.49
-6916.47
-6921.55
-6921.58
-6878.85
-6876.52
-6877.32
-6891.87
-6880.18
-6924.19
-6910.17
-6921.71
-6921.5
-6921.35
-6879.28
-6930.93
-6878.68
-6878.83
-6878.96
-6879.87
-6881.12
-6916.25
-6887.11
-6887.15
-6877
-6927.64
-6918.52
-6883.98
-6885.42
-6881.33
-6883.06
-6893.04
-6887.02
-6916.23
-6880.27
-6881.89
-6924.23
-6923.98
-6922.75
-6921.43
-6918.65
-6914.88
-6914.61
-6915.68
-6913.54
-6881.72
-6882.67
-6917.39
-6913.8
-6899.87
-6885.29
-6912.55
-6914.04
-6888.66
-6907.52
-6947.49
-6956.76
-6957.66
-6924.66
-6956.16
-6907.91
-6907.77
-6955.87
-6956.53
-6906.98
-6955.72
-6956.69
-6957.38
-6907.88
-6907.39
-6907.2
-6907.56
-6907.11
-6917.44
-6951
-6904.14
-6905.73
-6932.12
-6906.08
-6906.32
-6906.26
-6907.04
-6930.51
-6906.82
-6913.22
-6903.61
-6903.56
-6903.84
-6928.49
-6945.42
-6931.23
-6908.17
-6935.68
-6906.66
-6928.23
-6903.78
-6929.82
-6957.25
-6960.01
-6959
-6958.08
-6956.83
-6955.12
-6954.82
-6962.21
-6908.49
-6906.18
-6961.77
-6959.18
-6958.43
-6958.08
-6956.85
-6955.03
-6955.22
-6918.3
-6968.41
-6908.98
-6909.95
-6910.65
-6942.13
-6918.82
-6919.35
-6918.58
-6942.01
-6905.57
-6961.94
-6962.45
-6910.97
-6912.03
-6914.01
-6951.52
-6918.37
-6918.36
-6949.39
-6909.65
-6910.84
-6958.77
-6957.73
-6943.71
-6921.37
-6949.46
-6921.99
-6947.76
-6949.25
-6947.32
-6912.41
-6912.69
-6956.7
-6954.05
-6915.62
-6916.24
-6946.19
-6946.63
-6923.4
-6938.53
-6988.8
-6990.1
-6991.1
-6992
-6990.26
-6968.15
-6957.97
-6990.15
-6989.94
-6936.95
-6988.17
-6989.93
-6990.93
-6964.25
-6946.41
-6937.89
-6938.48
-6938.55
-6988.94
-6983.73
-6942.55
-6984.43
-6990.16
-6935.67
-6936.84
-6937.37
-6937.54
-6991.6
-6938.41
-6934.18
-6933.98
-6933.77
-6933.72
-6934.54
-6935.76
-6936.98
-6965.78
-6938.75
-6938.24
-6934.46
-6933.96
-6934
-6949.88
-6995.47
-6953.16
-6976.26
-6989.16
-6981.6
-6974.56
-7001.83
-6981.56
-6936.15
-6998.26
-6998.39
-6980.21
-6977.58
-6988.8
-6989.15
-6989.21
-6994.01
-7003.1
-6987.3
-6976.35
-6995.93
-6993.77
-6990.48
-6950.33
-6950.73
-6988.69
-6934.51
-6962.85
-6994.31
-6942.72
-6943.81
-6974.86
-6989.54
-6949.81
-6949.77
-6974.35
-6970.83
-6943.58
-6970.56
-6964.78
-6942.93
-6944.29
-6966.21
-6949.92
-6971.66
-6950.65
-6980.46
-6963.8
-6966.92
-6986.73
-6985.27
-6945.53
-6947.24
-6978.93
-6979.52
-6979.41
-7019.84
-7021.86
-7023.46
-6998.12
-7025.12
-7025.03
-7025.92
-7025.48
-7024.91
-6991.31
-6966.6
-6971.7
-7022.79
-7024.67
-7025.79
-7025.49
-6971.05
-6971.17
-6970.96
-7022.19
-7016.18
-7018.92
-7022.1
-7024.21
-6966.23
-6992.68
-6977.96
-6970.78
-7027.05
-6971.03
-6963.84
-6964.33
-6964.57
-6964.73
-6965.02
-6965.88
-6967.69
-7025.43
-6971.44
-6970.88
-6964.15
-6964.51
-6964.6
-6965.36
-7018.81
-6967.63
-6969.35
-7023.96
-6982.09
-6999.5
-7036.3
-7042.41
-6981.26
-7034.57
-7033.39
-6970.34
-6972.13
-7023.46
-7023.58
-7023.38
-7035.33
-7038.81
-7039.97
-7038.47
-7036.15
-7023.13
-7023.94
-7002.03
-7013.57
-7022.93
-6963.87
-6965.36
-7015.7
-6973.57
-6975.94
-7022.5
-7023.07
-6982.37
-6982.64
-6982.21
-7013.39
-7002.69
-6968.69
-6970.81
-6972.49
-6974.76
-6976.7
-6981.17
-6982.29
-6981.25
-7013.62
-7014.01
-7012.55
-7010.08
-6991.75
-6976.39
-6990.22
-7012.74
-7013.11
-6998.98
-7016.5
-7055.72
-7030.55
-7004.83
-7059.47
-7060.7
-7061.67
-7062.13
-7062.03
-7012.36
-7062.97
-7000.88
-7002.8
-7056.57
-7060.28
-7060.31
-7036.26
-7005.36
-7023.84
-7057.33
-7039.81
-7054.38
-7056.92
-7059.19
-7043.99
-7059.64
-7060.67
-7025.02
-7063.66
-7005.46
-6994.18
-6995.42
-6996.6
-6997.53
-7002.29
-7001.05
-7026.94
-7062.91
-7056.34
-7005.25
-6994.67
-7009.1
-6996.78
-6997.7
-6999.21
-7000.93
-7002.21
-7061.42
-7015.98
-7056.08
-7075.39
-7080.64
-7075.34
-7042.48
-7035.32
-7001.81
-7004.1
-7020.7
-7021.82
-7059.42
-7034.76
-7062.23
-7077.24
-7076.77
-7075.67
-7004.76
-7049.13
-7048.66
-7048.77
-7029.24
-6994.08
-6994.62
-6999.61
-7023.26
-7052.4
-7056.04
-7057.27
-7016.74
-7017.09
-7015.55
-7047.32
-7047.34
-6999.54
-7001.6
-7004.16
-7042.69
-7034.53
-7016
-7015.53
-7015.32
-7047.51
-7048.37
-7037.95
-7003.59
-7005.71
-7037.68
-7051.44
-7028.2
-7027.65
-7015.98
-7037.03
-7091.96
-7063.17
-7039.45
-7057.62
-7099.08
-7100.45
-7101.33
-7057.78
-7049.44
-7112.78
-7034.33
-7035.06
-7038.9
-7079.72
-7099.1
-7100.79
-7096.11
-7103.39
-7090.93
-7030.8
-7049.15
-7087.05
-7096.54
-7098.84
-7100.03
-7101.31
-7102.4
-7103.32
-7042.99
-7026.84
-7077.33
-7063.15
-7069.35
-7096.6
-7039.84
-7101.15
-7102.73
-7103.09
-7042.81
-7027.41
-7116.64
-7031.66
-7033.77
-7035.44
-7037.48
-7044.07
-7054.13
-7052.98
-7101.37
-7118.28
-7119.07
-7120.59
-7034.68
-7036.99
-7041.49
-7061.81
-7051.34
-7051.85
-7095.2
-7026.84
-7047.66
-7117.73
-7106.88
-7059.48
-7044.85
-7047.9
-7086.46
-7087.63
-7053.1
-7025.85
-7027.34
-7029.82
-7091.59
-7094.28
-7082.61
-7046.44
-7085.86
-7086.68
-7052.9
-7083.37
-7051.08
-7032.56
-7035.34
-7079.14
-7092.75
-7091.56
-7052.58
-7052.57
-7052.77
-7083.38
-7084.83
-7037.92
-7037.9
-7042.06
-7090.86
-7090.79
-7054.09
-7052.76
-7076.01
-7073.72
-7088.38
-7123.89
-7078.01
-7079.87
-7084.94
-7144.48
-7114.26
-7088.23
-7147.89
-7156.01
-7072.1
-7074.13
-7076.42
-7079.25
-7143.06
-7145.44
-7146.29
-7148.31
-7086.57
-7064.67
-7069.76
-7074.51
-7103.1
-7141.8
-7143.13
-7145.71
-7147.2
-7148.36
-7085.94
-7064.29
-7146.96
-7146.3
-7143.8
-7144.47
-7143.18
-7145.75
-7147.2
-7148.41
-7096.57
-7091.93
-7155.75
-7130.29
-7074.43
-7077.48
-7117.19
-7144.08
-7093.79
-7095.19
-7147.32
-7163.32
-7156.59
-7160.97
-7076.02
-7078.62
-7139.87
-7136.87
-7093.37
-7094.39
-7095.19
-7063.04
-7065.85
-7136.95
-7082.45
-7079.32
-7109.88
-7088.42
-7113.31
-7131.77
-7094.81
-7062.7
-7065.21
-7081.15
-7137.05
-7137.7
-7086.06
-7086.72
-7131.04
-7132.58
-7095.34
-7113.66
-7066.38
-7071.23
-7121.84
-7137.09
-7137.03
-7135.68
-7125.68
-7103.83
-7095.51
-7123.98
-7126.09
-7074.33
-7078.44
-7099.77
-7135.57
-7135.68
-7096.96
-7096.67
-7130.87
-7117.69
-7118.93
-7179.72
-7187.78
-7126.76
-7129.11
-7149.44
-7135.33
-7137.76
-7208.84
-7206.04
-7118.28
-7120.9
-7123.35
-7125.59
-7137.25
-7196.84
-7192.73
-7164.73
-7136.13
-7140.92
-7117.9
-7120.81
-7123.64
-7192.08
-7193.89
-7197
-7199.01
-7200.41
-7135.89
-7109.06
-7177.07
-7195.36
-7195.94
-7197.09
-7197.65
-7197.8
-7198.86
-7200.62
-7201.74
-7148.89
-7198.77
-7201.55
-7168.56
-7126.78
-7197.02
-7196.82
-7143.42
-7144.7
-7200.1
-7213.73
-7135.4
-7136.48
-7124.29
-7126.7
-7194.16
-7185.09
-7142.83
-7144.19
-7164.14
-7107.35
-7111.81
-7116.88
-7121.84
-7125.27
-7189.59
-7135.59
-7139.96
-7156.73
-7144.27
-7107.19
-7126.74
-7184.12
-7187.3
-7188.06
-7131.44
-7134.37
-7181.96
-7183.92
-7149.84
-7108.23
-7113.81
-7160.12
-7187.8
-7187.96
-7152.42
-7136.96
-7181.23
-7182.13
-7145.35
-7171.75
-7135.47
-7123.95
-7143.54
-7189.68
-7187.85
-7162.11
-7146.71
-7147.4
-7172.59
-7262.29
-7175.52
-7178.35
-7260.38
-7214.35
-7186.42
-7188.41
-7190.97
-7224.45
-7272.45
-7265.6
-7174.74
-7177.66
-7180.29
-7182.36
-7184.37
-7226.95
-7193.65
-7195.42
-7199.77
-7222.52
-7174.49
-7177.47
-7180.15
-7185.18
-7191.71
-7257.28
-7259.35
-7234.69
-7194.23
-7165.18
-7239.34
-7255.55
-7209
-7241.55
-7256.87
-7257.54
-7259.32
-7261.21
-7257.24
-7173.85
-7256.93
-7258.83
-7260.62
-7251.99
-7257.58
-7258.41
-7201.58
-7203.49
-7259.48
-7277.25
-7174.45
-7176.22
-7180.1
-7229.88
-7256.32
-7200.08
-7201.25
-7202.67
-7257.89
-7189.25
-7170.92
-7173.79
-7177.22
-7181.05
-7253.27
-7246.26
-7201.01
-7203.04
-7203.65
-7162.57
-7235.63
-7245.15
-7247
-7196.87
-7188.39
-7192.35
-7241.82
-7243.81
-7246.16
-7162.49
-7178.37
-7244.73
-7247.7
-7247.58
-7188.58
-7192.35
-7241.17
-7243.14
-7225.44
-7228.87
-7184.69
-7196.08
-7247.37
-7250.71
-7250.96
-7184.8
-7233.52
-7235.75
-7213.35
-7369.05
-7247.67
-7248.6
-7334.43
-7339.33
-7311.63
-7258.19
-7260.89
-7343.6
-7344.93
-7342.13
-7246.42
-7248.44
-7250.2
-7287.57
-7255.16
-7258.94
-7260.5
-7262.7
-7334.13
-7249.23
-7287.58
-7248.28
-7249.98
-7251.58
-7253.96
-7289.17
-7329.84
-7260.36
-7265.06
-7239.13
-7324.93
-7327.81
-7249.99
-7253.89
-7329.17
-7329.81
-7329.87
-7314.84
-7265.01
-7239.56
-7329.01
-7330.52
-7331.95
-7332.26
-7330.54
-7278.85
-7276.94
-7318.82
-7298.74
-7335.2
-7245.19
-7244.98
-7318.19
-7328.55
-7288.84
-7266.76
-7269.28
-7309.33
-7325.74
-7363.33
-7243.27
-7243.28
-7245.88
-7269.27
-7293.64
-7314.01
-7295.42
-7303.77
-7311.23
-7234.91
-7314.93
-7319.38
-7305.24
-7255.06
-7257.79
-7312.51
-7313.17
-7294
-7316.79
-7234.56
-7304.47
-7319.55
-7320.44
-7266.98
-7257.8
-7280.23
-7302.56
-7313.23
-7316.31
-7240.15
-7282.82
-7318.49
-7321.72
-7323.65
-7322.07
-7252.07
-7268.95
-7312.59
-7295.86
-7449.58
-7326.33
-7324.82
-7415.16
-7419.37
-7422.35
-7343.56
-7386.84
-7425.17
-7425.99
-7435.02
-7322.77
-7324.75
-7326.64
-7418.92
-7402.55
-7334.69
-7337.76
-7344.36
-7424.85
-7315.38
-7392.62
-7381.98
-7326.45
-7328.42
-7330.52
-7332.67
-7345.73
-7336.1
-7350.05
-7315.38
-7398.66
-7406.58
-7357.62
-7329.05
-7342.4
-7406.92
-7385.1
-7337.87
-7339.37
-7315.68
-7363.45
-7408.32
-7409.87
-7410.7
-7378.54
-7341.03
-7398.16
-7401.86
-7353.44
-7403.24
-7319.73
-7320.17
-7408.21
-7409.04
-7340.74
-7342.75
-7384.05
-7402.27
-7403.75
-7454.55
-7323.43
-7319.23
-7321.24
-7406.23
-7341.33
-7360.59
-7397.64
-7400.91
-7403.41
-7310.99
-7396.3
-7398.78
-7331.96
-7331.52
-7347.12
-7407.07
-7357.76
-7349.15
-7375.81
-7309.84
-7394.8
-7399.15
-7399.05
-7332.11
-7336.68
-7401.27
-7351.56
-7365.01
-7396.15
-7309.87
-7388.3
-7399.3
-7401.83
-7403.09
-7334.46
-7329.28
-7346.93
-7390.39
-7394.01
-7519.35
-7506.4
-7398.09
-7434.76
-7502.61
-7506.37
-7510.81
-7512.31
-7512.58
-7450.32
-7519.31
-7393.7
-7398.2
-7438.27
-7504.15
-7507.54
-7415.85
-7422.28
-7506.68
-7511.79
-7380.72
-7425.6
-7480.22
-7440.3
-7407.97
-7411.94
-7414.93
-7418.16
-7420.51
-7425.04
-7381.31
-7398.5
-7481.34
-7486.4
-7408.34
-7411.75
-7421.65
-7420.24
-7420.73
-7423.43
-7392.27
-7390.51
-7465.64
-7486.97
-7476.39
-7413.44
-7421.7
-7484.87
-7488.53
-7485.5
-7511.05
-7388.63
-7392.76
-7443.39
-7489.82
-7417.97
-7438.52
-7485.39
-7488.57
-7490.78
-7529.6
-7389.29
-7393.1
-7450.17
-7492.06
-7420.3
-7426.11
-7483.88
-7487.41
-7490.23
-7377.94
-7470.46
-7475.44
-7408.52
-7410.26
-7486.33
-7493.3
-7435.69
-7431.98
-7432.72
-7378.17
-7471.08
-7476.09
-7426.66
-7410.05
-7465.1
-7488.99
-7432.31
-7432.5
-7482.13
-7379.14
-7461.83
-7477.12
-7481.13
-7477.18
-7392.55
-7408.84
-7481.55
-7462.82
-7463.91
-7598.34
-7605.43
-7483.4
-7493.79
-7551.9
-7603.58
-7609.31
-7613.09
-7614.76
-7530.28
-7597.24
-7573.36
-7481.71
-7601.91
-7603.4
-7605.08
-7578.73
-7601.28
-7610.92
-7612.56
-7500.72
-7468.95
-7558.36
-7597.64
-7524.88
-7505.14
-7510.7
-7515.27
-7519.29
-7522.39
-7456.57
-7466.47
-7527.43
-7584.54
-7507.67
-7505.03
-7510.64
-7515.48
-7518.96
-7522.29
-7459.98
-7469.72
-7477.68
-7574.27
-7498.63
-7505.66
-7550.49
-7582.54
-7588.85
-7593.82
-7609.08
-7505.77
-7476.76
-7485.37
-7531.51
-7516.04
-7577.73
-7582.72
-7588.82
-7592.54
-7569.16
-7468.46
-7476.57
-7575.51
-7585.24
-7557.26
-7524.19
-7549.74
-7586.84
-7559.95
-7454.59
-7503.73
-7520.54
-7499.11
-7528.11
-7590.09
-7592.35
-7588.3
-7527.97
-7530.03
-7456.7
-7551.23
-7563.76
-7501.76
-7502.32
-7581.31
-7585.64
-7560.95
-7528.88
-7568.08
-7458.87
-7539.14
-7565.3
-7571.34
-7504.19
-7482.26
-7557.13
-7580.99
-7524.26
-7553.98
-7681.8
-7707.5
-7679.3
-7602.62
-7611.35
-7642.84
-7698.12
-7738.14
-7662.93
-7660.24
-7696.48
-7710.22
-7701.19
-7717.82
-7644.76
-7675.08
-7725.25
-7737.99
-7741.45
-7664.33
-7683.13
-7585.92
-7593.58
-7719.05
-7720.82
-7624.34
-7633.31
-7640.58
-7653.69
-7652.18
-7589.13
-7571.27
-7587.71
-7669.68
-7699.75
-7624.92
-7632.9
-7640.68
-7646.97
-7700.59
-7564.03
-7574.47
-7587.03
-7603.52
-7611.97
-7626.18
-7701.47
-7642.91
-7662.26
-7726.11
-7713.67
-7723.78
-7585.46
-7599.72
-7612.67
-7699.33
-7704.97
-7690.79
-7662.94
-7723.7
-7595.51
-7570.05
-7588.53
-7692.21
-7711.01
-7712.42
-7669.5
-7658.02
-7659.16
-7659.18
-7555.25
-7568.13
-7581.45
-7638.44
-7719.08
-7716.9
-7654.84
-7709.02
-7699.49
-7657.2
-7558.52
-7590.34
-7590.99
-7657.05
-7709.13
-7669.59
-7635.9
-7707.49
-7704.89
-7657.45
-7562.2
-7654.94
-7677.62
-7686.49
-7602.94
-7599.27
-7685.17
-7706.56
-7653.54
-7704.42
-7012.9
-7845.55
-7865.03
-7748.68
-7763.35
-7776
-7791.21
-7840.4
-7821.41
-7841.66
-7755.87
-7843.02
-7864.38
-7831.16
-7765.38
-7779.72
-7887.04
-7902.77
-7897.1
-7824.76
-7800.64
-7837.85
-7732.13
-7788.8
-7865.01
-7864.54
-7795.91
-7875.91
-7886.76
-7823.67
-7804.9
-7723.49
-7730.43
-7753.16
-7857.27
-7828.68
-7795.82
-7807.18
-7816.87
-7899.76
-7809.31
-7711.07
-7731.46
-7749.46
-7765.35
-7850.85
-7858.64
-7806.08
-7818.18
-7899.55
-7850.36
-7869.67
-7732.64
-7749.9
-7765.14
-7858.75
-7869.98
-7809.77
-7820.34
-7895.45
-7791.51
-7764.82
-7838.95
-7832.25
-7782.19
-7866.86
-7872.96
-7820.71
-7821.28
-7827.89
-7698.81
-7705.87
-7722.23
-7866.14
-7877.5
-7832.68
-7785.9
-7850.49
-7874.92
-7825.63
-7694.46
-7707.98
-7720.89
-7808.95
-7875.43
-7836.3
-7790.24
-7868.7
-7874.44
-7840.16
-7699.98
-7802.81
-7826.15
-7832.82
-7744.56
-7755.93
-7846.8
-7872.22
-7845.63
-7884.97
-4114.78
-7948.37
-8061.94
-8059.91
-7973.06
-7994.73
-8058.05
-8044.43
-8057.75
-8141.72
-6650.11
-8030.73
-8063.41
-7968.8
-7976.29
-7996.58
-8115.6
-8133.38
-8061.41
-8067.78
-7798.77
-8017.34
-8049.2
-7955.62
-8035.47
-8086.26
-8108.41
-8132.59
-8139.86
-8066.33
-8007.73
-8004.4
-7927.64
-7954.09
-8046.45
-8085.36
-8027.46
-8039.3
-8118.65
-8143.97
-8029.03
-7907.2
-7928.01
-7954.35
-7978.18
-8082.23
-8030.82
-8037.49
-8087.62
-8142.69
-8036.47
-8035.2
-7929.97
-7955.22
-8009.41
-8079.88
-8070.79
-8037.82
-8091.74
-8138.7
-8042.77
-8060.8
-8074.47
-7958.44
-7972.32
-8032.38
-8093.42
-8102.72
-8057.97
-8066.63
-7890.94
-7895.07
-8010.95
-8090.87
-8072.21
-7993.75
-8009.39
-8025.12
-8097.56
-8062.69
-7880.44
-7899.03
-7919.6
-7948.62
-8083.32
-8091.01
-8012.07
-8037.09
-8114.7
-8100.7
-7947.14
-7929.7
-7941.72
-7944.62
-7955.77
-7973.29
-8084.66
-8102.76
-8114.74
-8124.26
-1336.89
-7219.4
-8342.44
-8366.8
-8267.55
-8291.79
-8407.85
-8350.67
-8368.99
-8462.45
-3634.43
-8096.27
-8349.86
-8361.97
-8267.01
-8293.33
-8416.5
-8410.01
-8368.76
-8384.04
-6375.46
-8290.5
-8337.53
-8249.91
-8272.38
-8386.27
-8412.86
-8436.94
-8404.66
-8382.73
-7805.94
-8298.53
-8320.21
-8244.18
-8279.34
-8385.45
-8405.77
-8414.33
-8442.9
-8434.25
-8302.13
-8330.84
-8289.33
-8243.63
-8353.43
-8380.29
-8324.49
-8343.92
-8440.6
-8459.83
-8324.1
-8343.95
-8221.35
-8242.34
-8387.14
-8383.09
-8320.68
-8343.56
-8438.7
-8456.69
-8325.32
-8344.73
-8366.83
-8240.4
-8264.66
-8287.69
-8392.04
-8411.99
-8423.43
-8379.96
-8312.89
-8322.66
-8381.13
-8399.98
-8269.67
-8288.49
-8311.57
-8376.54
-8361.82
-8375.37
-8227.1
-8181.91
-8205.72
-8228.89
-8361.06
-8384.53
-8379.88
-8350.59
-8362.1
-8375.65
-8325.38
-8194.58
-8209.98
-8230.43
-8249.36
-8296.93
-8392.97
-8409.7
-8424.34
-8437.16
-1146.73
-5675.22
-8690.65
-8754.61
-8723.13
-8735.71
-8805.76
-8851.58
-8927.18
-9007.63
-1162.73
-7255.22
-8702.52
-8756.92
-8696.11
-8739.82
-8835.95
-8853
-8890.82
-8923.65
-2986.54
-8219.28
-8693.01
-8753.22
-8699.83
-8798.97
-8885.58
-8931.03
-8893.94
-8921.37
-5814.99
-8597.66
-8687.41
-8698.8
-8706.31
-8822.9
-8883.03
-8928.84
-8965.07
-8927.72
-7625.47
-8659.1
-8698.27
-8764.83
-8831.42
-8787.69
-8793.87
-8839.39
-8959.12
-8996.58
-8559.69
-8697.17
-8711.81
-8751.98
-8826.02
-8752.1
-8788.94
-8835.18
-8956.83
-8990.68
-8671.82
-8714.41
-8762.72
-8643.29
-8689.19
-8734.99
-8814.98
-8908.67
-8948.38
-8943.99
-8685.7
-8727.93
-8772.46
-8820.93
-8697.89
-8735.61
-8784.82
-8901.2
-8873.93
-8900.11
-8673.96
-8562.34
-8595.17
-8636.77
-8710.63
-8831.87
-8866.37
-8853.36
-8864.01
-8892.17
-8687.8
-8616.35
-8603.79
-8640.92
-8680.04
-8741.33
-8863.33
-8896.6
-8910.19
-8888.13
-1371.12
-2929.94
-8696.87
-9215.6
-9248.53
-9197.4
-9239.68
-9357.3
-9421.04
-9464.03
-1322.63
-3935.1
-8930.93
-9216.52
-9243.74
-9182.7
-9235.83
-9291.69
-9384.13
-9446.09
-1287.84
-5691.26
-9155.71
-9205.81
-9204.32
-9187.07
-9305.49
-9376.49
-9338.43
-9372.76
-2020.38
-7315.27
-9167.97
-9229.09
-9181.07
-9197.73
-9318.44
-9373.02
-9394.73
-9374.86
-3662.54
-8484.66
-9199.43
-9241.36
-9284.33
-9226.19
-9230.85
-9287.82
-9407.25
-9444.91
-5621.58
-9102.87
-9228.1
-9245.71
-9271.76
-9177.47
-9224.07
-9325.01
-9400.06
-9436.77
-8136.39
-9207.19
-9247.38
-9150.26
-9139.17
-9177.7
-9221.74
-9350.94
-9390.17
-9417.71
-9175.2
-9225.19
-9258.07
-9291.5
-9197.83
-9177.58
-9255.98
-9341.22
-9332.39
-9340.15
-9166.47
-9167.36
-9084.62
-9101.5
-9130.34
-9262.62
-9303.33
-9336.19
-9300.32
-9330.48
-9187.21
-9176.67
-9086
-9105.99
-9133.37
-9162.08
-9293.22
-9335.59
-9329.81
-9320.54
)
;

boundaryField
{
    inlet
    {
        type            fixedFluxPressure;
        gradient        nonuniform List<scalar> 
500
(
2.19243
1.47447
-0.247108
-0.929267
-0.108711
-0.0921085
0.538707
-0.428806
-0.679341
2.48447
2.2631
-1.706
-1.09872
-0.273627
0.150777
-0.136406
0.597728
-0.744019
-0.747359
2.31009
-0.0853287
-1.52847
-1.23055
0.265156
0.106332
0.138304
0.528892
0.630753
-1.13522
-0.943708
-1.2064
-1.46362
-1.08012
0.196084
0.0800647
0.103515
0.407013
0.542834
-0.762461
-0.63097
0.778544
0.854937
0.54693
-0.16326
-0.0646393
0.0776342
0.325191
-0.166308
-0.48969
-0.803551
1.06933
1.01591
0.51593
-0.138076
-0.0363277
0.0506138
-0.264506
0.442106
1.06646
1.24251
1.2528
-1.43077
-0.780074
0.268895
0.0981963
0.0898723
0.355718
0.708204
0.647594
-1.27861
-2.46928
-1.68605
-0.976828
0.443426
0.1297
0.0678348
0.274352
0.240943
-1.00874
-1.31339
-2.3697
0.276982
0.518362
0.587535
0.177857
-0.149981
-0.184004
-0.628765
0.43477
-0.905186
-1.49015
1.32133
0.276599
0.43544
-0.154213
-0.203295
-0.307163
-0.504647
-0.431329
0.307652
-11.1011
-6.85065
5.92378
7.61591
11.1327
2.31795
-4.39887
-2.6266
-0.00835349
3.11264
-10.539
-14.2109
-11.8978
-9.1572
1.21035
10.9569
-3.51048
-4.893
1.77111
2.8001
-11.6168
-4.9596
-10.5776
-8.65249
-6.84849
10.1186
11.6889
4.04895
-3.49132
-2.51201
-13.7125
-4.03081
-9.66934
-7.77061
-7.02404
-0.983979
4.02684
2.86579
1.22532
-2.50266
-28.6843
-22.4149
15.335
16.4758
-8.61759
-6.66994
4.36448
4.64515
-1.90453
-2.22946
9.77442
-17.6036
-6.40032
14.6339
-6.68942
-7.30386
-0.596345
5.45762
-1.17398
-1.63899
0.296239
8.51249
9.88318
11.6537
6.564
-9.95644
-6.35777
-4.02348
0.687817
1.99518
8.12892
9.79401
0
0
4.26344
4.80725
4.339
3.86462
0.60083
-2.8854
-5.20874
-13.5031
9.931
10.6428
-2.58862
-8.86463
1.60355
4.53812
2.4288
-3.16945
22.1341
11.2272
-19.8163
9.11898
6.56673
-3.78554
2.19236
3.34191
-2.82402
-3.01229
-4.6851
-6.75239
0.352478
6.06589
3.86446
2.41493
0.283283
-2.66253
-3.29525
-2.77566
1.27131
0.759619
-4.19178
-4.57613
-4.0647
-3.16705
-0.124748
3.86043
3.15559
2.24699
-0.0895466
-0.152479
1.24869
1.17543
0.0743412
-2.09819
-1.38076
2.55728
2.22498
1.42854
2.86137
1.34189
-2.91499
-3.51882
-2.57632
1.56438
1.43952
-0.359199
-0.545807
-0.495861
0
0.537577
0.513545
0.0721687
-0.921859
0.228028
0.505135
0.300012
-0.360054
-0.231756
0.0419561
0.283365
-0.435793
-0.311964
-0.224345
0.217448
0.191438
0.183907
-0.253017
-0.17479
-2.18931
2.02178
1.72795
-0.711409
-0.467112
1.07961
0.614972
-0.775783
-0.771829
-0.647065
-6.89267
-5.22629
3.8829
2.80704
2.28083
-3.76496
-3.5613
-2.39766
1.38339
1.45173
-10.026
3.87973
3.80165
-4.23752
-3.89099
-4.82005
3.60568
3.69047
2.87185
0.324296
5.61216
5.66446
-5.81548
-7.60743
5.92539
4.45022
4.93511
-3.62054
-3.63916
-2.12957
-22.2595
2.16633
-5.65269
5.06874
8.85267
6.34574
4.79533
2.77056
-4.91733
-3.52541
-16.3001
20.8263
-9.39586
-7.84503
7.59563
5.56676
4.09067
2.88251
2.70502
3.65972
-24.5942
-17.5259
-13.5847
-3.02079
9.56825
-1.51382
-3.67292
-2.69885
3.33207
2.38177
8.19174
-15.3744
-7.42342
6.909
8.23527
-5.75254
-4.42875
2.53185
2.23364
0.728454
11.9458
-9.83344
-10.9873
5.75563
3.33288
-7.72432
-4.47362
3.8722
2.22015
-0.444902
21.3964
-4.21285
-14.0988
-7.59755
-4.79576
-6.07404
-3.26545
4.01107
2.13278
-0.197942
10.8573
12.6137
11.1307
9.46013
-7.14515
2.50105
-4.81179
-4.82621
1.68723
1.44834
23.9785
-8.31122
-17.3564
-15.4154
4.83308
6.77672
-3.93901
-3.43809
1.72837
1.97434
8.90554
-12.776
-16.2329
-15.015
-2.49131
9.19018
7.77202
1.1462
-3.56304
2.29067
22.0955
16.1873
-11.7571
-13.7853
-12.5682
7.55465
2.0289
-3.96243
-3.14807
2.74611
18.2831
-5.33676
-18.3285
2.99873
4.24774
5.18077
3.17954
-0.824991
-4.70034
-0.610224
15.1511
12.2335
4.04689
-5.87883
-6.66528
3.62823
3.69319
-3.11528
-3.52878
-0.512904
0.12732
7.00516
3.25214
-0.0051882
3.73027
2.31889
-1.95447
-1.93416
-0.128933
1.84191
-0.813896
4.98442
-2.39807
1.92033
1.98729
-1.35974
-1.28806
1.33888
1.23305
-0.227459
0.29436
0.592076
-0.310907
0.227708
-0.101271
-0.404047
-0.152355
0.151732
-0.102523
-0.132261
0.771603
-1.23333
-0.904914
0.321307
0.303775
-0.076366
-0.327274
-0.146192
0.111055
0.068239
-7.46798
-2.84956
-3.41644
-2.47971
0.218414
1.19766
0.899977
-0.428412
-0.593331
-0.748334
6.55915
1.68261
-4.95293
-3.56981
0.447062
2.14834
0.523165
-0.299157
-1.49466
-0.925296
-7.7764
-7.06707
-1.64512
1.03278
1.86084
3.88719
3.032
-2.84659
-2.54367
1.14998
8.70992
2.03319
-7.60093
-6.55721
-5.02828
5.87111
4.57558
1.31686
-3.45411
-1.2767
)
;
        value           nonuniform List<scalar> 
500
(
-6117.72
-6118.71
-6119.4
-6119.83
-6120.09
-6120.11
-6119.84
-6119.4
-6118.68
-6117.63
-6118.72
-6119.59
-6120.28
-6120.75
-6121.01
-6121.01
-6120.73
-6120.31
-6119.61
-6118.63
-6119.41
-6120.29
-6120.95
-6121.44
-6121.68
-6121.64
-6121.41
-6120.96
-6120.31
-6119.4
-6119.86
-6120.74
-6121.41
-6121.88
-6122.11
-6122.09
-6121.86
-6121.41
-6120.77
-6119.87
-6120.12
-6121.01
-6121.68
-6122.1
-6122.32
-6122.31
-6122.08
-6121.66
-6121
-6120.11
-6120.12
-6121.01
-6121.67
-6122.1
-6122.32
-6122.32
-6122.11
-6121.65
-6120.97
-6120.08
-6119.89
-6120.74
-6121.41
-6121.89
-6122.12
-6122.09
-6121.87
-6121.42
-6120.75
-6119.89
-6119.36
-6120.27
-6120.95
-6121.44
-6121.68
-6121.66
-6121.43
-6120.98
-6120.32
-6119.42
-6118.64
-6119.6
-6120.31
-6120.79
-6121.02
-6121.02
-6120.78
-6120.33
-6119.6
-6118.69
-6117.65
-6118.69
-6119.4
-6119.89
-6120.09
-6120.13
-6119.89
-6119.42
-6118.69
-6117.68
-6095.22
-6100.58
-6103.99
-6106.38
-6108.56
-6110.5
-6112.25
-6113.87
-6115.31
-6116.57
-6095.67
-6101.25
-6104.6
-6107.02
-6109.3
-6111.45
-6113.19
-6114.81
-6116.3
-6117.58
-6096.02
-6101.89
-6105.25
-6107.71
-6109.95
-6112.15
-6114.07
-6115.66
-6117.02
-6118.26
-6096.26
-6102.31
-6105.71
-6108.21
-6110.49
-6112.61
-6114.52
-6116.17
-6117.58
-6118.76
-6096.25
-6102.41
-6106.05
-6108.62
-6110.78
-6112.86
-6114.79
-6116.45
-6117.81
-6119.01
-6096.51
-6102.45
-6105.92
-6108.6
-6110.79
-6112.86
-6114.75
-6116.45
-6117.81
-6119.01
-6096.3
-6102.34
-6105.79
-6108.34
-6110.62
-6112.59
-6114.45
-6116.09
-6117.56
-6118.8
-6096.08
-6101.95
-6105.3
-6107.78
-6110.07
-6112.15
-6114.01
-6115.65
-6117.06
-6118.26
-6095.75
-6101.24
-6104.73
-6107.19
-6109.32
-6111.31
-6113.22
-6114.9
-6116.32
-6117.52
-6095.49
-6100.73
-6103.84
-6106.39
-6108.54
-6110.45
-6112.3
-6113.93
-6115.29
-6116.5
-6095.31
-6100.61
-6103.98
-6106.4
-6108.53
-6110.51
-6112.29
-6113.86
-6115.26
-6116.48
-6095.78
-6101.35
-6104.65
-6107.07
-6109.28
-6111.33
-6113.2
-6114.89
-6116.32
-6117.57
-6096.1
-6101.9
-6105.32
-6107.8
-6110.04
-6112.07
-6113.93
-6115.65
-6117.09
-6118.32
-6096.43
-6102.34
-6105.67
-6108.17
-6110.47
-6112.67
-6114.53
-6116.12
-6117.54
-6118.76
-6096.49
-6102.57
-6106
-6108.5
-6110.74
-6112.92
-6114.83
-6116.43
-6117.78
-6119
-6096.47
-6102.52
-6106.01
-6108.53
-6110.82
-6112.89
-6114.76
-6116.38
-6117.84
-6119.04
-6096.39
-6102.26
-6105.7
-6108.28
-6110.56
-6112.6
-6114.47
-6116.16
-6117.59
-6118.81
-6096.15
-6101.96
-6105.24
-6107.74
-6110.01
-6112.18
-6114.04
-6115.66
-6117.01
-6118.26
-6095.84
-6101.31
-6104.67
-6107.17
-6109.38
-6111.43
-6113.17
-6114.8
-6116.25
-6117.54
-6095.29
-6100.62
-6104.03
-6106.4
-6108.43
-6110.45
-6112.25
-6113.95
-6115.36
-6116.56
-6095.56
-6100.64
-6103.99
-6106.28
-6108.4
-6110.42
-6112.25
-6113.89
-6115.38
-6116.58
-6095.98
-6101.23
-6104.74
-6107.14
-6109.25
-6111.32
-6113.18
-6114.83
-6116.26
-6117.51
-6096.39
-6102.02
-6105.36
-6107.77
-6109.96
-6112.13
-6113.99
-6115.62
-6117
-6118.26
-6096.35
-6102.44
-6105.8
-6108.22
-6110.51
-6112.69
-6114.52
-6116.1
-6117.53
-6118.77
-6096.39
-6102.62
-6106.06
-6108.48
-6110.81
-6112.97
-6114.79
-6116.35
-6117.79
-6119.03
-6096.31
-6102.59
-6106.08
-6108.56
-6110.84
-6112.94
-6114.77
-6116.35
-6117.79
-6119.03
-6096.12
-6102.24
-6105.71
-6108.23
-6110.6
-6112.61
-6114.53
-6116.15
-6117.52
-6118.75
-6095.84
-6101.98
-6105.43
-6107.86
-6109.97
-6112.04
-6113.99
-6115.62
-6117
-6118.25
-6095.63
-6101.4
-6104.78
-6107.17
-6109.28
-6111.25
-6113.13
-6114.83
-6116.3
-6117.5
-6094.98
-6100.51
-6104.06
-6106.41
-6108.52
-6110.36
-6112.24
-6113.92
-6115.32
-6116.48
-6095.04
-6100.64
-6104.08
-6106.26
-6108.4
-6110.39
-6112.23
-6113.89
-6115.36
-6116.52
-6095.48
-6101.18
-6104.63
-6107.15
-6109.37
-6111.3
-6113.16
-6114.88
-6116.32
-6117.53
-6096.12
-6101.8
-6105.25
-6107.76
-6109.96
-6112.07
-6114
-6115.62
-6117.01
-6118.22
-6096.43
-6102.21
-6105.79
-6108.21
-6110.5
-6112.68
-6114.53
-6116.08
-6117.5
-6118.78
-6096.5
-6102.5
-6105.99
-6108.49
-6110.82
-6112.94
-6114.78
-6116.38
-6117.83
-6119.04
-6096.49
-6102.46
-6105.91
-6108.53
-6110.84
-6112.91
-6114.75
-6116.39
-6117.83
-6119.03
-6096.12
-6102.29
-6105.7
-6108.21
-6110.56
-6112.68
-6114.54
-6116.13
-6117.53
-6118.75
-6096.27
-6101.96
-6105.26
-6107.74
-6110.05
-6112.16
-6113.99
-6115.61
-6117.02
-6118.27
-6095.7
-6101.28
-6104.68
-6107.13
-6109.35
-6111.43
-6113.27
-6114.82
-6116.25
-6117.57
-6095.39
-6100.67
-6103.92
-6106.28
-6108.42
-6110.52
-6112.33
-6113.92
-6115.28
-6116.52
)
;
    }
    outlet
    {
        type            prghPressure;
        p               uniform 0;
        value           nonuniform List<scalar> 
500
(
-9928.05
-9858.03
-9810.69
-9785.86
-9707.3
-9634.94
-9506.89
-9387.54
-9405.26
-9371.03
-9939.95
-9939.51
-9866.04
-9789.86
-9711.31
-9534.73
-9453.63
-9386.32
-9403
-9356.8
-9927.4
-9870.25
-9866.04
-9792.38
-9671.76
-9526.19
-9452.17
-9383.13
-9381.04
-9357.07
-9928.77
-9856.23
-9863.03
-9793.34
-9696.19
-9525.88
-9450.52
-9378.47
-9353.14
-9345.98
-9930.25
-9857.01
-9865.04
-9793.34
-9718.73
-9589.94
-9448.07
-9376.82
-9332.14
-9335.04
-9931.02
-9857.96
-9861.16
-9793.34
-9717.51
-9519.46
-9445.11
-9374.68
-9376.05
-9370.05
-9931.37
-9880.02
-9867.14
-9792.76
-9649.46
-9516.89
-9443.24
-9374.86
-9407.19
-9387.23
-9932.48
-9892.38
-9866.96
-9775.89
-9590.66
-9516.89
-9443.37
-9385.17
-9430.31
-9396.37
-9931.93
-9853.94
-9863.98
-9786.33
-9711.5
-9532.12
-9446.14
-9382.5
-9452.66
-9404.03
-9933.94
-9854.13
-9800.2
-9786.09
-9709.89
-9634.17
-9490.22
-9402.96
-9489.34
-9410.49
-10450
-10383.5
-10274.3
-10232.1
-10268.6
-10233.3
-10169.9
-10068.6
-10026.3
-9984.49
-10541.7
-10474.1
-10346.1
-10294.2
-10278.9
-10276.8
-10224.4
-10141.7
-10041
-9989.41
-10602.8
-10467.1
-10405.9
-10418.8
-10347.8
-10241.4
-10226.2
-10181.7
-10095.7
-9993.86
-10602.9
-10510.4
-10462.2
-10453.3
-10373.1
-10262.4
-10208.1
-10196
-10129.6
-10004.3
-10602.3
-10532.4
-10472.3
-10470.3
-10402.6
-10308.3
-10210.4
-10162.6
-10131.3
-10045.1
-10597.9
-10532.3
-10478.7
-10475.6
-10401.6
-10284.4
-10211.5
-10178.8
-10132
-10038.8
-10572.7
-10520.5
-10530
-10464.3
-10321
-10250.6
-10232.6
-10197.7
-10124.4
-10000.2
-10595.4
-10472.9
-10480.2
-10425.9
-10304.5
-10232.4
-10238.8
-10184.8
-10102.8
-9998.69
-10541.9
-10482.4
-10344
-10374.3
-10326.9
-10204.5
-10149.8
-10160.2
-10095.4
-9996.09
-10450.1
-10407.5
-10277.4
-10237.5
-10218.4
-10168
-10128.9
-10127.2
-10089.4
-9994.79
-10335.7
-10286.3
-10171.4
-10137.3
-10194.2
-10160.5
-10091.3
-10016.9
-9985.14
-9987.07
-10205.1
-10126.3
-10056.5
-10059.4
-10088.5
-10060.3
-10032.3
-9929.1
-9902.61
-9932.75
-10059.8
-9949.47
-10017.8
-9994.82
-9903.42
-9954.19
-9932.86
-9899.02
-9830.56
-9851.87
-9830.46
-9803.65
-9862.31
-9859.47
-9753.31
-9743.54
-9827.55
-9819.79
-9802.78
-9697.89
-9659.78
-9653.12
-9651.2
-9645.77
-9629.41
-9624.17
-9619.71
-9665.49
-9618.62
-9599.12
-9602.9
-9596.13
-9576.84
-9549.85
-9652.99
-9518.06
-9512.08
-9513.39
-9517.26
-9521.12
-9470.84
-9478.92
-9484.12
-9519.15
-9543.69
-9554.66
-9435.48
-9444.42
-9429.1
-9462.67
-8808.42
-9094.91
-9334.83
-9393.13
-9446.59
-9486.08
-9480.28
-9485.11
-9407.82
-9553.33
-2934.28
-3971.85
-5753.88
-7347.66
-8578.45
-9283.41
-9380.87
-9408.53
-9447.81
-9475.57
-1325.22
-1280.85
-1254.52
-1958.64
-3630.36
-5679.32
-8210.55
-9315.91
-9367.58
-9399.44
-1313.1
-1262.4
-1227.32
-1147.48
-1180.33
-1305.78
-2844.49
-5219.64
-9293.52
-9359.63
-1094.26
-1100.77
-1223.78
-1129.45
-1132.13
-1180.24
-1797.01
-3772.97
-8303.54
-9342.13
-1085.44
-1092.88
-1100.32
-1107.77
-1116.28
-1134.49
-1208.99
-3169.05
-6937.29
-9313.69
-1079.44
-1087.51
-1095.58
-1103.65
-1115.07
-1130.24
-1178.89
-2608.26
-6184.76
-9287.13
-1076.4
-1084.79
-1093.18
-1101.57
-1117.49
-1128.69
-1171.18
-2426.95
-5993.48
-9265.02
-1076.4
-1084.79
-1093.18
-1101.57
-1118.3
-1129.28
-1172.53
-2441.6
-6039.73
-9238.01
-1079.44
-1087.51
-1095.58
-1103.65
-1112.64
-1126.4
-1173.15
-2665.7
-6308.44
-9260.93
-1085.44
-1092.88
-1100.32
-1107.78
-1116.06
-1133.69
-1209.23
-3261.66
-7087.63
-9288.34
-1094.26
-1100.77
-1254.65
-1130.26
-1131.33
-1180.52
-1855.27
-3826.55
-8431.89
-9309.01
-1323.57
-1278.72
-1235.38
-1148.95
-1180.62
-1311.99
-2845.65
-5342.8
-9271.84
-9328.32
-1339.2
-1293.45
-1260.65
-2005.98
-3676.65
-5671.68
-8234.37
-9305.82
-9318
-9361.91
-2940.1
-3966.11
-5755.97
-7414.33
-8614.44
-9258.29
-9382.61
-9418.84
-9378.39
-9405.51
-8842.23
-9094.68
-9338.8
-9367.07
-9413.95
-9457.21
-9490.31
-9513.94
-9351.04
-9364.92
-9472.69
-9483.46
-9483.13
-9515.92
-9536.71
-9548.91
-9459.63
-9609.71
-9424.17
-9435.78
-9618.05
-9613.63
-9575.91
-9554.2
-9660.32
-9648.86
-9515.8
-9576.49
-9509.16
-9513.62
-9674.8
-9651.7
-9650.23
-9655.62
-9679.42
-9625.15
-9620.68
-9616.21
-9697.79
-9591.62
-9822.86
-9802.75
-9859.76
-9860.57
-9760.48
-9742.66
-9729.78
-9754.47
-9792.57
-9772.36
-10043.7
-9953.76
-10019.1
-9996.76
-9892.96
-9913.92
-9924.02
-9898.73
-9878.64
-9862.92
-10204.4
-10137.1
-10064.3
-10096.8
-10086.4
-10057.1
-10025.9
-9946.95
-9894.75
-9904.92
-10335.5
-10282.5
-10176.8
-10149.8
-10193.1
-10158.5
-10113.6
-10010.3
-9976.35
-9942.65
)
;
    }
    walls
    {
        type            fixedFluxPressure;
        gradient        uniform 0;
        value           nonuniform List<scalar> 
1600
(
-6094.8
-6147.43
-6192.64
-6233.4
-6277.74
-6314.63
-6360.66
-6405.3
-6448.06
-6488.57
-6526.21
-6577.46
-6622.02
-6657.19
-6691.33
-6724.57
-6757.26
-6777.51
-6787.68
-6818.48
-6882.61
-6923.19
-6933.3
-6945.49
-6977.35
-7011.24
-7049.03
-7126.77
-7209.67
-7272.28
-7344.59
-7390.9
-7436
-7535.39
-7690.71
-7909.85
-8159.27
-8481.36
-9038.76
-9502.36
-6095.26
-6145.88
-6188.54
-6232.52
-6271.3
-6315.05
-6361.12
-6405.78
-6448.07
-6488.15
-6526.29
-6562.71
-6617.61
-6657.42
-6691.63
-6724.85
-6757.34
-6756.59
-6787.04
-6818.22
-6849.83
-6920.95
-6952.85
-6984.65
-6997.42
-7012.03
-7049.28
-7093.98
-7206.26
-7271.32
-7343.64
-7421.52
-7509.34
-7613.01
-7738.87
-7839.59
-8085.51
-8467.46
-9064.16
-9535.94
-6095.58
-6145.74
-6188.42
-6228.12
-6277.4
-6326.57
-6374.36
-6416.11
-6447.87
-6488.14
-6526.48
-6574.61
-6621.78
-6657
-6680.1
-6692.66
-6723.2
-6784.19
-6817.51
-6849.66
-6860.12
-6878.14
-6908.56
-6964.34
-7024.35
-7062.01
-7102.95
-7099.33
-7144.08
-7202.07
-7273.11
-7421.37
-7509.64
-7613.41
-7746.79
-7874.23
-8093.93
-8418.78
-9000.47
-9553.34
-6095.74
-6145.64
-6188.37
-6230.32
-6278.35
-6326.23
-6374.24
-6407.78
-6448.11
-6488.37
-6540.79
-6585.7
-6621.97
-6656.77
-6672.5
-6691.71
-6722.51
-6764.29
-6817.61
-6850.24
-6873.32
-6879.1
-6909.43
-6942.75
-7001.88
-7063.44
-7103.86
-7139.31
-7143.62
-7200.93
-7269.74
-7350.75
-7507.7
-7612.81
-7747.44
-7925.39
-8125.55
-8427.05
-9013.27
-9524.77
-6095.15
-6145.54
-6188.33
-6227.77
-6270.95
-6317.52
-6364.19
-6409.35
-6465.19
-6506.06
-6544.46
-6563.36
-6597.52
-6630.56
-6681.76
-6722.63
-6755.77
-6788.56
-6811.23
-6818.02
-6848.51
-6879.52
-6910.81
-6975.22
-7027.02
-7063.98
-7103.92
-7149.08
-7186.39
-7199.67
-7268.5
-7359.42
-7504.37
-7611.22
-7747.37
-7926.13
-8180.8
-8450.48
-9017.9
-9510.09
-6096.88
-6147.78
-6189.25
-6227.7
-6270.73
-6317.61
-6373.48
-6420.97
-6465.4
-6496.06
-6526.84
-6563.08
-6597.64
-6630.83
-6676.66
-6722.76
-6756.11
-6788.46
-6801.22
-6818.04
-6849.01
-6880.01
-6926.24
-6991.96
-7027.19
-7063.97
-7104.63
-7119.54
-7140.32
-7198.79
-7267.15
-7406.82
-7503.95
-7612.14
-7746.6
-7926.21
-8180.84
-8445.53
-9016.13
-9505.69
-6096.31
-6147.79
-6191.12
-6228.6
-6270.57
-6317.32
-6370.72
-6420.96
-6465.55
-6507.21
-6527.22
-6563.26
-6597.75
-6630.81
-6665
-6718.48
-6734.38
-6766.05
-6803.08
-6854.12
-6886.98
-6919.74
-6952.79
-6981.37
-6974.54
-7009.39
-7047.29
-7090.66
-7139.99
-7198.66
-7266.84
-7344.35
-7435.22
-7615.48
-7747.63
-7887.78
-8098.52
-8423.49
-9009.36
-9494.78
-6096.4
-6147.24
-6188.08
-6227.44
-6270.87
-6322.44
-6374.78
-6421.21
-6465.54
-6507.81
-6548
-6565.49
-6597.9
-6630.71
-6662.71
-6711.71
-6758.11
-6769.08
-6795.23
-6826.86
-6874.61
-6920.6
-6916.16
-6939.84
-6973.76
-7009.98
-7047.55
-7089.89
-7139.4
-7198.04
-7266.43
-7379.39
-7511.43
-7616.32
-7684.54
-7843.44
-8091.23
-8418
-8997.13
-9545.67
-6095.55
-6148.39
-6192
-6232.22
-6271.81
-6315.64
-6362.21
-6411.02
-6465.56
-6507.77
-6547.75
-6580.58
-6597.88
-6630.65
-6662.6
-6715.03
-6759.66
-6780.18
-6795.73
-6826.93
-6880.79
-6920.51
-6953.87
-6987.53
-6979.36
-7008.69
-7047.32
-7090.22
-7177.38
-7272.37
-7343.47
-7422.09
-7510.54
-7615.22
-7724.07
-7837.3
-8080.65
-8477.78
-9063.16
-9535.83
-6096.33
-6148.33
-6191.76
-6232.25
-6276
-6316.07
-6362.29
-6407.35
-6450.79
-6507.71
-6548.06
-6585.99
-6618.7
-6650.96
-6690.99
-6726.29
-6759.42
-6792.23
-6825.48
-6858.41
-6887.64
-6920.7
-6953.56
-6971.18
-6974.03
-7007.6
-7088.8
-7157.8
-7211.07
-7272.17
-7342.89
-7411.78
-7435.27
-7530.14
-7720.22
-7910.77
-8159.18
-8481.06
-9038.43
-9502.12
-6095.13
-6148.23
-6191.68
-6230.53
-6270.07
-6316.2
-6362.06
-6419.63
-6465.25
-6507.39
-6547.32
-6585.58
-6622.47
-6657.6
-6691.5
-6721.21
-6724.66
-6754.59
-6785.17
-6815.62
-6870.96
-6919.73
-6924.89
-6941.68
-6973.43
-7007.62
-7044.9
-7110.92
-7209.1
-7270.9
-7342.69
-7421.9
-7436.46
-7533.64
-7660.28
-7889.03
-8147.41
-8466.49
-9007.37
-9464.02
-6095.83
-6147.03
-6189.5
-6229.49
-6276.08
-6323.33
-6367.37
-6406.58
-6448.97
-6495.88
-6547.11
-6585.4
-6622.03
-6635.01
-6670.02
-6724.34
-6757.05
-6787.66
-6785.31
-6815.49
-6846.18
-6888.74
-6957.21
-6991.04
-7014.97
-7008.29
-7045.05
-7088.32
-7141.74
-7267.71
-7343.55
-7425.71
-7515.67
-7580.13
-7649.42
-7816.75
-8050.07
-8429.96
-8969.87
-9421.51
-6096.1
-6147.09
-6190.76
-6230.88
-6275.03
-6316.46
-6362.53
-6407.1
-6458.56
-6505.98
-6546.24
-6584.63
-6602.65
-6633.11
-6665.16
-6696.69
-6747.55
-6794.39
-6827.89
-6844.4
-6846.13
-6876.23
-6906.61
-6983.04
-7030.33
-7066.97
-7106.37
-7097.57
-7135.87
-7193.1
-7260.02
-7410.79
-7515.49
-7620.68
-7709.24
-7804.9
-8033.79
-8339.85
-8868.22
-9372.95
-6096.54
-6147.26
-6190.65
-6230.68
-6272.23
-6316.99
-6363.11
-6408.94
-6463.19
-6505.55
-6545.56
-6581.63
-6600.93
-6633.75
-6665.72
-6697.32
-6760.18
-6794.41
-6827.47
-6838.83
-6845.83
-6876.02
-6907.08
-6974.93
-7029.54
-7066.02
-7105.03
-7146.38
-7134.6
-7191.08
-7259.06
-7334.53
-7506.43
-7618.98
-7739.7
-7843.38
-8016.58
-8317.61
-8788.15
-9247.18
-6096.49
-6147.17
-6190.57
-6230.5
-6273.44
-6317.3
-6363.78
-6408.94
-6461.84
-6505.08
-6545.06
-6582.34
-6601.28
-6634.11
-6666.4
-6707.02
-6760.02
-6793.69
-6824.18
-6816.11
-6846.19
-6876.46
-6907.53
-6996.98
-7029.55
-7064.7
-7103.49
-7098.84
-7130.18
-7188.45
-7274.48
-7433.9
-7520.55
-7614.72
-7704.59
-7779.38
-7996.86
-8293.6
-8737.6
-9182.65
-6096.47
-6146.98
-6190.49
-6230.39
-6274.04
-6320.17
-6364.17
-6409.56
-6458.51
-6504.61
-6544.56
-6582.23
-6603.01
-6634.32
-6666.61
-6698.62
-6758.47
-6794
-6826.77
-6826.45
-6847.26
-6884.72
-6962.75
-6996.74
-7030.26
-7004.89
-7036.56
-7077.11
-7124.34
-7259.78
-7352.01
-7433.25
-7515.1
-7556.4
-7614.55
-7766.85
-7976.13
-8269.17
-8706.17
-9233.56
-6096.31
-6147.05
-6190.4
-6230.32
-6273.4
-6318.14
-6364.71
-6410
-6454.51
-6504.11
-6544.09
-6581.5
-6603.62
-6634.54
-6672.13
-6722.5
-6730.94
-6762.14
-6809.56
-6861.93
-6895.21
-6928.24
-6961.66
-6995.37
-7010.87
-6999.12
-7034.37
-7094.91
-7199.53
-7262.87
-7340.21
-7405.68
-7402.86
-7491.84
-7604.7
-7750.98
-8057.19
-8369.1
-8753.91
-9213.87
-6095.89
-6146.99
-6189.75
-6229.08
-6272.18
-6318.52
-6368.12
-6416.89
-6461.29
-6503.4
-6540.2
-6566.35
-6600.02
-6644.22
-6689.41
-6723.49
-6756.91
-6770.84
-6784.08
-6814.24
-6844.8
-6919.23
-6960.63
-6994.23
-7028.22
-7052.92
-7079.7
-7135.84
-7183.33
-7175.96
-7246.07
-7321.18
-7393.58
-7479.76
-7675.51
-7874.91
-8070.62
-8349.99
-8691.9
-8664.03
-6095.46
-6146.89
-6190
-6229.34
-6272.44
-6318.82
-6365.46
-6410.39
-6453.5
-6494.51
-6536.62
-6582.37
-6618.53
-6653.5
-6687.41
-6719.77
-6755.98
-6789.06
-6821.95
-6844.06
-6853.94
-6922.15
-6959.25
-6993.14
-7026.75
-7061.07
-7097.47
-7138.44
-7125.58
-7173.62
-7245.89
-7324.39
-7517.87
-7615.85
-7718.07
-7856.47
-7975.01
-7274.3
-5732.1
-2924.65
-6095.5
-6146.92
-6189.96
-6230.37
-6274.5
-6321.45
-6369.27
-6415.37
-6459.59
-6501.69
-6541.03
-6573.18
-6600.97
-6634.04
-6665.63
-6721.48
-6755.68
-6788.86
-6821.68
-6854.41
-6883.48
-6901.54
-6933.12
-6979.72
-7024.7
-7058.44
-7079.43
-7085.34
-7125.17
-7284.21
-7379.15
-7459.39
-7529.07
-7608.93
-7700.95
-7094.98
-4292.01
-1378.75
-1133.71
-1357.4
-6094.71
-6146.43
-6189.82
-6230.2
-6274.32
-6321.64
-6369.25
-6415.53
-6454.55
-6493.33
-6531.24
-6567.17
-6601.42
-6634.41
-6670.44
-6721.64
-6755.2
-6788.2
-6821.17
-6838.99
-6858.38
-6922.48
-6955.77
-6988.58
-7022.13
-7002.82
-7021.13
-7108.41
-7224.13
-7288.45
-7373.86
-7455.79
-7517.9
-7123.35
-4862.44
-1491.78
-991.805
-1237.17
-1458.64
-1358.14
-6095.36
-6146.41
-6189.72
-6229.98
-6274.14
-6321.46
-6369
-6414.64
-6453.04
-6493.4
-6531.45
-6567.48
-6601.87
-6637.63
-6671.4
-6701.65
-6733.22
-6772.14
-6820.65
-6851.37
-6850.08
-6908.78
-6954.85
-6984.89
-6963.7
-6990.19
-7020.2
-7117.24
-7210.55
-7279.67
-7167.89
-6557.61
-4827.36
-2043.72
-1069.77
-1028.87
-974.558
-1202.28
-1451.3
-1145.88
-6095.45
-6146.36
-6189.72
-6229.88
-6273.41
-6320.01
-6366.82
-6413.23
-6458.77
-6500.52
-6536.03
-6567.64
-6602.06
-6645.28
-6687.29
-6720.99
-6742.51
-6760.31
-6790.68
-6820.6
-6868.33
-6887.2
-6907.88
-6936.14
-6963.59
-6989.79
-7106.93
-7135.99
-7045.27
-5788.32
-3377.77
-1573.82
-1319.13
-1222.82
-1073.85
-884.12
-789.586
-816.483
-892.895
-1133.73
-6096.66
-6147.55
-6190.2
-6229.77
-6273.69
-6320.79
-6366.62
-6411.77
-6454.85
-6495.58
-6541.67
-6580.75
-6617.1
-6652.12
-6686.3
-6718.94
-6751.74
-6784
-6803.71
-6821.15
-6869.12
-6909.8
-6908.82
-6936.84
-6979.46
-7073.52
-7105.72
-7070.64
-5385.91
-2234.43
-1655.91
-1506.47
-1325.09
-1150.89
-999.966
-874.939
-786.394
-810.403
-891.768
-1123.94
-6096.84
-6147.68
-6190.61
-6229.97
-6273.63
-6320.88
-6368.27
-6414.2
-6455.21
-6495.54
-6533.95
-6570.14
-6605.59
-6651.97
-6686.09
-6719.04
-6751.38
-6761.87
-6791.87
-6830.91
-6876.26
-6908.36
-6910.6
-6938.11
-7017.52
-7072.88
-7103.05
-6785.39
-4120.97
-1822.93
-1653.08
-1509.64
-1328.36
-1152.25
-1000.96
-874.133
-784.557
-805.924
-891.041
-1118.58
-6097.13
-6147.81
-6190.13
-6229.7
-6273.65
-6320.91
-6368.3
-6412.07
-6454.57
-6495.41
-6533.78
-6570.05
-6604.61
-6645.28
-6685.68
-6718.82
-6751.6
-6766.21
-6791.63
-6832.95
-6878.52
-6907.77
-6910.83
-6938.9
-7016.94
-7072.94
-7103.1
-6790.76
-4140.61
-1825.78
-1652.8
-1509.15
-1329.31
-1153.49
-1001.52
-873.952
-784.423
-805.851
-891.042
-1118.54
-6096.54
-6147.88
-6190.85
-6230.23
-6273.47
-6319.98
-6366.54
-6411.78
-6456.52
-6501.2
-6541.04
-6575.64
-6604.18
-6637.35
-6673.11
-6718.49
-6752.44
-6783.95
-6792.89
-6828.35
-6880.87
-6899.86
-6910.58
-6939.49
-6984.11
-7074.42
-7106.88
-7099.18
-5460.17
-2269.89
-1654.23
-1505.36
-1325.23
-1150.86
-999.78
-874.568
-786.073
-810.278
-891.91
-1123.87
-6096.75
-6147.86
-6190.55
-6230.1
-6273.47
-6320.06
-6366.67
-6411.83
-6455.24
-6501.44
-6541.43
-6579.09
-6607.09
-6636.53
-6669.05
-6700.35
-6753.5
-6785.73
-6814.66
-6826.11
-6872.24
-6908.83
-6941.05
-6941.81
-6966.13
-6995.36
-7112.65
-7152.54
-7114.13
-5869.23
-3285
-1536.61
-1319.41
-1232.07
-1061.26
-878.348
-789.289
-816.73
-893.362
-1133.79
-6095.97
-6146.59
-6189.97
-6230.08
-6273.45
-6320.05
-6366.75
-6411.92
-6455.33
-6501.03
-6541.97
-6567.97
-6601.98
-6635.24
-6686.6
-6720.53
-6753.94
-6779.85
-6797.13
-6827.83
-6867.5
-6909.4
-6940.98
-6945.93
-6966.41
-6996.06
-7119.97
-7161.16
-7210.36
-7272.82
-7141.9
-6455.27
-4583.79
-1851.08
-1056.53
-1026.73
-1033.69
-1323.28
-1472.92
-1146.19
-6095.83
-6147.64
-6190.41
-6230.15
-6273.57
-6320.16
-6366.87
-6413.41
-6460.04
-6500.52
-6531.37
-6567.28
-6601.29
-6633.26
-6684.8
-6720.99
-6754.37
-6787.56
-6820.3
-6852.8
-6881.31
-6911.27
-6937.52
-6936.76
-6966.18
-6995.89
-7087.47
-7167.75
-7218.46
-7280.07
-7363.36
-7445.88
-7500.42
-7042.27
-4611.85
-1354.24
-1077.55
-1290.54
-1482.29
-1368.79
-6095.74
-6147.47
-6190.24
-6230.16
-6274.91
-6322.32
-6369.96
-6416.06
-6460.26
-6502.25
-6541.95
-6579.56
-6605.71
-6631.83
-6676.4
-6721.03
-6754.75
-6788
-6820.78
-6834.7
-6847.02
-6877.01
-6907.52
-6938.53
-7019.84
-7016.5
-7037.03
-7073.72
-7117.69
-7262.29
-7369.05
-7449.58
-7519.35
-7598.34
-7681.8
-7012.9
-4114.78
-1336.89
-1146.73
-1371.12
-6096.06
-6147.35
-6190.16
-6229.78
-6273.12
-6319.64
-6366.45
-6412.47
-6460.43
-6502.6
-6542.48
-6580.2
-6616.17
-6641.74
-6663.17
-6694.5
-6731.02
-6788.53
-6821.79
-6854.9
-6862.19
-6876.87
-6947.49
-6988.8
-7021.86
-7055.72
-7091.96
-7088.38
-7118.93
-7175.52
-7247.67
-7326.33
-7506.4
-7605.43
-7707.5
-7845.55
-7948.37
-7219.4
-5675.22
-2929.94
-6096.12
-6147.05
-6190.46
-6230.29
-6272.8
-6319.32
-6366.11
-6411.39
-6454.65
-6498.46
-6542.85
-6580.69
-6616.78
-6651.47
-6671.46
-6694.63
-6725.58
-6774.28
-6821.72
-6850.4
-6861.21
-6911.83
-6956.76
-6990.1
-7023.46
-7030.55
-7063.17
-7123.89
-7179.72
-7178.35
-7248.6
-7324.82
-7398.09
-7483.4
-7679.3
-7865.03
-8061.94
-8342.44
-8690.65
-8696.87
-6096.39
-6147.11
-6190.58
-6230.5
-6274.22
-6321.19
-6367.24
-6411.07
-6454.27
-6495.51
-6540.52
-6581.2
-6617.37
-6652.14
-6674.24
-6694.58
-6725.33
-6755.94
-6786.23
-6841.17
-6890.78
-6924.37
-6957.66
-6991.1
-6998.12
-7004.83
-7039.45
-7078.01
-7187.78
-7260.38
-7334.43
-7415.16
-7434.76
-7493.79
-7602.62
-7748.68
-8059.91
-8366.8
-8754.61
-9215.6
-6096.51
-6147.26
-6190.77
-6230.73
-6274.4
-6318.99
-6365.51
-6410.81
-6454.09
-6495.23
-6542.95
-6581.29
-6617.52
-6648.6
-6664.11
-6695.14
-6733.71
-6785.88
-6819.3
-6843.6
-6849.67
-6879.56
-6924.66
-6992
-7025.12
-7059.47
-7057.62
-7079.87
-7126.76
-7214.35
-7339.33
-7419.37
-7502.61
-7551.9
-7611.35
-7763.35
-7973.06
-8267.55
-8723.13
-9248.53
-6096.52
-6147.34
-6190.45
-6228.81
-6272.05
-6318.61
-6365.32
-6410.65
-6454.01
-6495.17
-6534.09
-6570.85
-6611.26
-6651.09
-6684.49
-6717.56
-6736.99
-6756.86
-6787.22
-6817.58
-6854.45
-6921.89
-6956.16
-6990.26
-7025.03
-7060.7
-7099.08
-7084.94
-7129.11
-7186.42
-7311.63
-7422.35
-7506.37
-7603.58
-7642.84
-7776
-7994.73
-8291.79
-8735.71
-9197.4
-6095.83
-6146.32
-6189.19
-6228.66
-6271.95
-6318.49
-6365.2
-6410.5
-6453.43
-6494.94
-6545.63
-6584.22
-6620.48
-6653.44
-6665.95
-6706.57
-6755.05
-6787.35
-6819.33
-6815.97
-6845.99
-6876.68
-6907.91
-6968.15
-7025.92
-7061.67
-7100.45
-7144.48
-7149.44
-7188.41
-7258.19
-7343.56
-7510.81
-7609.31
-7698.12
-7791.21
-8058.05
-8407.85
-8805.76
-9239.68
-6096.52
-6147.58
-6190.96
-6231.1
-6274.97
-6321.87
-6369.12
-6414.76
-6452.71
-6494.35
-6533.68
-6582.08
-6621.31
-6651.18
-6662.15
-6715.98
-6756.01
-6788.02
-6820.21
-6824.8
-6845.92
-6876.68
-6907.77
-6957.97
-7025.48
-7062.13
-7101.33
-7114.26
-7135.33
-7190.97
-7260.89
-7386.84
-7512.31
-7613.09
-7738.14
-7840.4
-8044.43
-8350.67
-8851.58
-9357.3
-6095.4
-6146.41
-6190.93
-6231.61
-6275.85
-6321.22
-6364.66
-6409.36
-6452.41
-6503.51
-6547.17
-6585.34
-6621.85
-6656.89
-6690.95
-6723.78
-6756.31
-6771.74
-6784.07
-6814.81
-6845.81
-6887.84
-6955.87
-6990.15
-7024.91
-7062.03
-7057.78
-7088.23
-7137.76
-7224.45
-7343.6
-7425.17
-7512.58
-7614.76
-7662.93
-7821.41
-8057.75
-8368.99
-8927.18
-9421.04
-6095.72
-6147.58
-6189.73
-6229.25
-6273.06
-6321.55
-6371.23
-6416.65
-6454
-6488.4
-6526.29
-6563.89
-6621.97
-6656.89
-6690.87
-6724.16
-6757.02
-6787.59
-6823.1
-6856.35
-6889.59
-6922.96
-6956.53
-6989.94
-6991.31
-7012.36
-7049.44
-7147.89
-7208.84
-7272.45
-7344.93
-7425.99
-7450.32
-7530.28
-7660.24
-7841.66
-8141.72
-8462.45
-9007.63
-9464.03
)
;
    }
}


// ************************************************************************* //
