/*--------------------------------*- C++ -*----------------------------------*\
| =========                 |                                                 |
| \\      /  F ield         | OpenFOAM: The Open Source CFD Toolbox           |
|  \\    /   O peration     | Version:  2406                                  |
|   \\  /    A nd           | Website:  www.openfoam.com                      |
|    \\/     M anipulation  |                                                 |
\*---------------------------------------------------------------------------*/
FoamFile
{
    version     2.0;
    format      ascii;
    arch        "LSB;label=32;scalar=64";
    class       surfaceScalarField;
    location    "0.1";
    object      phi;
}
// * * * * * * * * * * * * * * * * * * * * * * * * * * * * * * * * * * * * * //

dimensions      [0 3 -1 0 0 0 0];

oriented        oriented;

internalField   nonuniform List<scalar> 
58700
(
1.02028e-06
8.13791e-07
0.000306073
-1.0727e-06
-1.28051e-06
7.4385e-07
7.51433e-07
0.00030606
-9.8075e-07
4.87206e-07
7.22568e-07
0.000306049
-9.60778e-07
2.41239e-07
7.08729e-07
0.000306042
-9.50417e-07
-5.78209e-10
7.02389e-07
0.000306038
-9.44657e-07
-2.42357e-07
7.02484e-07
0.000306038
-9.44761e-07
-4.88183e-07
7.09036e-07
0.000306042
-9.50811e-07
-7.44309e-07
7.23138e-07
0.000306049
-9.61787e-07
-1.02e-06
7.52158e-07
0.00030606
-9.82101e-07
8.14372e-07
0.000306073
-1.07376e-06
-1.27968e-06
9.57698e-07
5.3836e-07
0.000306056
-1.18446e-06
7.13157e-07
5.0747e-07
0.000306043
4.71131e-07
4.86945e-07
0.000306032
2.34045e-07
4.75337e-07
0.000306025
-5.0461e-10
4.70034e-07
0.000306021
-2.35007e-07
4.70099e-07
0.000306021
-4.71927e-07
4.75528e-07
0.000306024
-7.1361e-07
4.87249e-07
0.000306032
-9.57697e-07
5.07836e-07
0.000306042
5.386e-07
0.000306056
-1.18401e-06
9.28951e-07
2.864e-07
0.000306041
-1.16422e-06
6.93054e-07
2.69824e-07
0.000306028
4.59313e-07
2.57606e-07
0.000306017
2.28551e-07
2.49969e-07
0.00030601
-4.41053e-10
2.46345e-07
0.000306007
-2.2939e-07
2.46374e-07
0.000306007
-4.60013e-07
2.50048e-07
0.00030601
-6.9352e-07
2.57726e-07
0.000306017
-9.29145e-07
2.69965e-07
0.000306028
2.8656e-07
0.000306041
-1.16423e-06
9.15011e-07
4.88629e-08
0.00030603
-1.15292e-06
6.81542e-07
4.14952e-08
0.000306016
4.51801e-07
3.57894e-08
0.000306006
2.24916e-07
3.20908e-08
0.000305999
-4.12592e-10
3.02814e-08
0.000305995
-2.25709e-07
3.02877e-08
0.000305995
-4.52492e-07
3.21049e-08
0.000305999
-6.82081e-07
3.58177e-08
0.000306006
-9.1539e-07
4.15357e-08
0.000306016
4.89437e-08
0.000306029
-1.15311e-06
9.08734e-07
-1.79623e-07
0.000306021
-1.14694e-06
6.76299e-07
-1.79132e-07
0.000306007
4.48208e-07
-1.79025e-07
0.000305997
2.2312e-07
-1.79002e-07
0.00030599
-4.03204e-10
-1.79026e-07
0.000305987
-2.23902e-07
-1.79032e-07
0.000305987
-4.48911e-07
-1.79015e-07
0.00030599
-6.76883e-07
-1.79021e-07
0.000305997
-9.09183e-07
-1.79116e-07
0.000306007
-1.79594e-07
0.000306021
-1.14721e-06
9.09351e-07
-4.01827e-07
0.000306015
-1.14794e-06
6.76558e-07
-3.93461e-07
0.000306001
4.48247e-07
-3.87653e-07
0.000305991
2.23091e-07
-3.84057e-07
0.000305984
-4.01586e-10
-3.82386e-07
0.000305981
-2.23867e-07
-3.8239e-07
0.000305981
-4.48942e-07
-3.84067e-07
0.000305984
-6.77134e-07
-3.87651e-07
0.000305991
-9.09795e-07
-3.93443e-07
0.000306001
-4.01804e-07
0.000306015
-1.14822e-06
9.16977e-07
-6.20155e-07
0.000306012
-1.15627e-06
6.82281e-07
-6.02643e-07
0.000305998
4.51811e-07
-5.90748e-07
0.000305988
2.24757e-07
-5.83738e-07
0.000305981
-3.96718e-10
-5.80554e-07
0.000305977
-2.2552e-07
-5.80557e-07
0.000305977
-4.52481e-07
-5.83752e-07
0.000305981
-6.82799e-07
-5.90765e-07
0.000305988
-9.17338e-07
-6.02645e-07
0.000305998
-6.20118e-07
0.000306012
-1.15646e-06
9.32506e-07
-8.38752e-07
0.000306011
-1.171e-06
6.94108e-07
-8.07534e-07
0.000305997
4.58936e-07
-7.88278e-07
0.000305987
2.28028e-07
-7.78511e-07
0.00030598
-3.90133e-10
-7.74317e-07
0.000305976
-2.28781e-07
-7.74327e-07
0.000305976
-4.59586e-07
-7.78548e-07
0.00030598
-6.9455e-07
-7.88375e-07
0.000305987
-9.3268e-07
-8.07689e-07
0.000305997
-8.38801e-07
0.000306011
-1.17093e-06
9.63318e-07
-1.06555e-06
0.000306013
-1.19572e-06
7.14148e-07
-1.00368e-06
0.000305999
4.69589e-07
-9.77974e-07
0.000305988
2.32678e-07
-9.68586e-07
0.000305981
-3.92128e-10
-9.64638e-07
0.000305977
-2.33439e-07
-9.64656e-07
0.000305977
-4.70269e-07
-9.6865e-07
0.000305981
-7.14584e-07
-9.78221e-07
0.000305988
-9.63327e-07
-1.00417e-06
0.000305999
-1.06617e-06
0.000306013
-1.19501e-06
1.02972e-06
0.000306017
-1.25243e-06
-1.30575e-06
7.41545e-07
0.000306003
-1.16455e-06
4.81644e-07
0.000305992
-1.15588e-06
2.37491e-07
0.000305985
-1.1549e-06
-3.97443e-10
0.000305981
-1.15361e-06
-2.38287e-07
0.000305981
-1.15361e-06
-4.82458e-07
0.000305984
-1.15492e-06
-7.42202e-07
0.000305992
-1.15623e-06
-1.02976e-06
0.000306003
-1.1656e-06
0.000306017
-1.30419e-06
-1.25449e-06
1.61943e-06
1.25381e-06
0.000306936
-1.72506e-06
-2.01105e-06
1.20188e-06
1.17753e-06
0.000306915
-1.61482e-06
7.93894e-07
1.13843e-06
0.000306899
-1.58031e-06
3.94895e-07
1.11961e-06
0.000306889
-1.56744e-06
-1.39527e-10
1.11126e-06
0.000306883
-1.56164e-06
-3.95141e-07
1.11135e-06
0.000306884
-1.56178e-06
-7.94027e-07
1.11989e-06
0.000306889
-1.56791e-06
-1.20162e-06
1.13893e-06
0.000306899
-1.5813e-06
-1.61848e-06
1.17795e-06
0.000306915
-1.61605e-06
1.25371e-06
0.000306936
-1.72584e-06
-2.00927e-06
1.54445e-06
7.5355e-07
0.000306915
-1.90305e-06
1.16111e-06
7.09254e-07
0.000306894
7.73106e-07
6.79335e-07
0.000306879
3.86023e-07
6.62375e-07
0.000306869
-1.32776e-10
6.54475e-07
0.000306864
-3.86202e-07
6.54508e-07
0.000306864
-7.73036e-07
6.62451e-07
0.000306869
-1.16063e-06
6.79432e-07
0.000306879
-1.54354e-06
7.09219e-07
0.000306894
7.53285e-07
0.000306915
-1.90204e-06
1.50582e-06
2.60361e-07
0.000306897
-1.86783e-06
1.13311e-06
2.33395e-07
0.000306876
7.55969e-07
2.12307e-07
0.000306861
3.77939e-07
1.99054e-07
0.000306852
-1.47291e-10
1.92617e-07
0.000306847
-3.78149e-07
1.92594e-07
0.000306847
-7.55942e-07
1.98963e-07
0.000306852
-1.13276e-06
2.1213e-07
0.000306861
-1.50523e-06
2.33082e-07
0.000306876
2.5996e-07
0.000306897
-1.86716e-06
1.48278e-06
-2.25661e-07
0.000306881
-1.84822e-06
1.11414e-06
-2.43192e-07
0.000306861
7.43207e-07
-2.57562e-07
0.000306846
3.71582e-07
-2.67168e-07
0.000306837
-1.73962e-10
-2.71984e-07
0.000306832
-3.71869e-07
-2.72043e-07
0.000306832
-7.4331e-07
-2.67366e-07
0.000306837
-1.11398e-06
-2.57912e-07
0.000306846
-1.48239e-06
-2.4371e-07
0.000306861
-2.26321e-07
0.000306881
-1.84757e-06
1.46644e-06
-7.08296e-07
0.000306868
-1.8313e-06
1.10067e-06
-7.18745e-07
0.000306849
7.33856e-07
-7.27482e-07
0.000306834
3.66803e-07
-7.33749e-07
0.000306824
-2.27026e-10
-7.37007e-07
0.000306819
-3.67216e-07
-7.37097e-07
0.000306819
-7.34128e-07
-7.3403e-07
0.000306824
-1.10071e-06
-7.2797e-07
0.000306834
-1.46621e-06
-7.19467e-07
0.000306848
-7.09305e-07
0.000306868
-1.83067e-06
1.45537e-06
-1.18986e-06
0.000306858
-1.81706e-06
1.09189e-06
-1.19201e-06
0.000306838
7.27564e-07
-1.195e-06
0.000306823
3.63495e-07
-1.19826e-06
0.000306813
-3.07326e-10
-1.20015e-06
0.000306808
-3.64071e-07
-1.20025e-06
0.000306808
-7.28034e-07
-1.19862e-06
0.000306813
-1.09218e-06
-1.19563e-06
0.000306823
-1.45543e-06
-1.19293e-06
0.000306838
-1.19117e-06
0.000306858
-1.81675e-06
1.44963e-06
-1.67249e-06
0.000306851
-1.80582e-06
1.08749e-06
-1.66139e-06
0.00030683
7.24016e-07
-1.65766e-06
0.000306814
3.61477e-07
-1.65829e-06
0.000306803
-4.01877e-10
-1.65904e-06
0.000306798
-3.62263e-07
-1.65916e-06
0.000306798
-7.24736e-07
-1.65868e-06
0.000306803
-1.08809e-06
-1.65837e-06
0.000306814
-1.45003e-06
-1.66249e-06
0.000306829
-1.67397e-06
0.00030685
-1.80603e-06
1.44985e-06
-2.1601e-06
0.000306846
-1.79691e-06
1.08737e-06
-2.12469e-06
0.000306823
7.23152e-07
-2.11296e-06
0.000306806
3.60715e-07
-2.11128e-06
0.000306795
-5.20916e-10
-2.11121e-06
0.00030679
-3.61744e-07
-2.11135e-06
0.00030679
-7.2414e-07
-2.11171e-06
0.000306795
-1.08824e-06
-2.11376e-06
0.000306806
-1.45046e-06
-2.12607e-06
0.000306823
-2.16166e-06
0.000306846
-1.79749e-06
1.46259e-06
-2.6518e-06
0.000306845
-1.80295e-06
1.09347e-06
-2.57585e-06
0.00030682
7.25885e-07
-2.55764e-06
0.000306801
3.61727e-07
-2.55429e-06
0.000306788
-6.32959e-10
-2.5535e-06
0.000306782
-3.62978e-07
-2.55365e-06
0.000306782
-7.27113e-07
-2.55473e-06
0.000306788
-1.09453e-06
-2.5586e-06
0.0003068
-1.46312e-06
-2.57781e-06
0.00030682
-2.6542e-06
0.000306845
-1.80276e-06
1.50478e-06
0.000306851
-3.10657e-06
-1.88441e-06
1.10615e-06
0.00030682
-2.99429e-06
7.32008e-07
0.000306797
-2.98883e-06
3.64574e-07
0.000306782
-2.98473e-06
-6.83205e-10
0.000306775
-2.98246e-06
-3.65925e-07
0.000306775
-2.9826e-06
-7.33258e-07
0.000306782
-2.98525e-06
-1.10709e-06
0.000306797
-2.99011e-06
-1.50484e-06
0.00030682
-2.99723e-06
0.000306851
-1.8822e-06
-3.11137e-06
1.3934e-06
7.3687e-08
0.000308042
-8.43867e-07
-1.72864e-06
1.03594e-06
1.28243e-09
0.000308008
-7.37608e-07
6.83334e-07
-5.55213e-08
0.000307988
-6.80684e-07
3.39219e-07
-9.18573e-08
0.000307975
-6.50156e-07
-1.7487e-10
-1.09749e-07
0.000307968
-6.35738e-07
-3.39951e-07
-1.09947e-07
0.000307968
-6.35093e-07
-6.85129e-07
-9.2217e-08
0.000307974
-6.48543e-07
-1.03898e-06
-5.5465e-08
0.000307987
-6.79194e-07
-1.39687e-06
2.31939e-09
0.000308008
-7.37797e-07
7.66245e-08
0.000308041
-8.47939e-07
-1.73043e-06
1.29389e-06
-7.29811e-07
0.000308043
-1.6178e-06
9.66866e-07
-7.91358e-07
0.000308014
6.4098e-07
-8.46774e-07
0.000307996
3.19007e-07
-8.85831e-07
0.000307985
-5.26671e-10
-9.05626e-07
0.000307979
-3.2019e-07
-9.05633e-07
0.000307979
-6.42469e-07
-8.85727e-07
0.000307985
-9.68462e-07
-8.46318e-07
0.000307996
-1.29501e-06
-7.90353e-07
0.000308013
-7.27972e-07
0.000308042
-1.6174e-06
1.20765e-06
-1.56999e-06
0.00030805
-1.52112e-06
9.01811e-07
-1.63389e-06
0.000308025
5.98627e-07
-1.69002e-06
0.000308008
2.98183e-07
-1.73086e-06
0.000307997
-5.73508e-10
-1.75191e-06
0.000307992
-2.99341e-07
-1.75183e-06
0.000307992
-5.99753e-07
-1.73058e-06
0.000307997
-9.02668e-07
-1.68953e-06
0.000308007
-1.20786e-06
-1.63311e-06
0.000308024
-1.56907e-06
0.00030805
-1.52003e-06
1.12897e-06
-2.44804e-06
0.000308061
-1.43122e-06
8.39616e-07
-2.52096e-06
0.000308038
5.56193e-07
-2.58121e-06
0.000308021
2.76788e-07
-2.625e-06
0.00030801
-4.61404e-10
-2.64768e-06
0.000308005
-2.77669e-07
-2.6476e-06
0.000308005
-5.56932e-07
-2.62473e-06
0.00030801
-8.39988e-07
-2.58087e-06
0.000308021
-1.12869e-06
-2.52056e-06
0.000308037
-2.44788e-06
0.000308061
-1.42987e-06
1.04618e-06
-3.37131e-06
0.000308075
-1.32984e-06
7.75046e-07
-3.45324e-06
0.000308052
5.11652e-07
-3.51915e-06
0.000308035
2.54074e-07
-3.56742e-06
0.000308024
-3.58999e-10
-3.59256e-06
0.000308018
-2.54758e-07
-3.59252e-06
0.000308018
-5.12165e-07
-3.5673e-06
0.000308024
-7.75168e-07
-3.51911e-06
0.000308035
-1.04577e-06
-3.4533e-06
0.000308052
-3.37171e-06
0.000308075
-1.32873e-06
9.54086e-07
-4.34794e-06
0.000308092
-1.21107e-06
7.04405e-07
-4.43288e-06
0.000308067
4.6285e-07
-4.50409e-06
0.000308049
2.29032e-07
-4.55828e-06
0.000308038
-3.31977e-10
-4.58698e-06
0.000308032
-2.29657e-07
-4.58699e-06
0.000308032
-4.63336e-07
-4.55835e-06
0.000308037
-7.04576e-07
-4.5044e-06
0.000308049
-9.53853e-07
-4.43341e-06
0.000308067
-4.34877e-06
0.000308092
-1.21045e-06
8.49707e-07
-5.38669e-06
0.000308111
-1.07175e-06
6.24417e-07
-5.46182e-06
0.000308084
4.07426e-07
-5.5372e-06
0.000308064
2.00372e-07
-5.59872e-06
0.000308051
-3.96047e-10
-5.63237e-06
0.000308044
-2.01146e-07
-5.63245e-06
0.000308044
-4.08078e-07
-5.599e-06
0.000308051
-6.24921e-07
-5.53781e-06
0.000308064
-8.49923e-07
-5.46278e-06
0.000308084
-5.38785e-06
0.000308111
-1.0718e-06
7.2974e-07
-6.49776e-06
0.000308135
-9.08107e-07
5.30489e-07
-6.54113e-06
0.000308102
3.41579e-07
-6.62068e-06
0.000308079
1.66321e-07
-6.69194e-06
0.000308064
-5.18061e-10
-6.73206e-06
0.000308056
-1.67364e-07
-6.73221e-06
0.000308056
-3.42565e-07
-6.69243e-06
0.000308064
-5.3142e-07
-6.62158e-06
0.000308079
-7.30487e-07
-6.54254e-06
0.000308102
-6.49901e-06
0.000308136
-9.09065e-07
5.85886e-07
-7.67831e-06
0.000308168
-7.27539e-07
4.136e-07
-7.67337e-06
0.000308124
2.60395e-07
-7.76216e-06
0.000308095
1.24688e-07
-7.84464e-06
0.000308077
-6.8628e-10
-7.89192e-06
0.000308067
-1.26062e-07
-7.89215e-06
0.000308067
-2.61673e-07
-7.84544e-06
0.000308077
-4.14678e-07
-7.76354e-06
0.000308095
-5.86668e-07
-7.67545e-06
0.000308125
-7.67953e-06
0.000308168
-7.28856e-07
3.73362e-07
0.000308219
-8.95454e-06
-4.64317e-07
2.40237e-07
0.000308159
-8.87871e-06
1.48361e-07
0.000308118
-8.99066e-06
6.98739e-08
0.00030809
-9.07424e-06
-7.90323e-10
0.000308077
-9.12312e-06
-7.13817e-08
0.000308077
-9.12346e-06
-1.49396e-07
0.000308091
-9.0757e-06
-2.40622e-07
0.000308118
-8.99299e-06
-3.73367e-07
0.000308159
-8.88156e-06
0.000308219
-4.64652e-07
-8.956e-06
9.43296e-07
-3.9182e-06
0.000309561
2.60857e-06
-1.15276e-06
6.93585e-07
-4.00367e-06
0.000309529
2.73267e-06
4.52793e-07
-4.09279e-06
0.00030951
2.8107e-06
2.22522e-07
-4.16522e-06
0.000309499
2.87091e-06
-2.17429e-09
-4.20415e-06
0.000309494
2.90346e-06
-2.27687e-07
-4.20383e-06
0.000309494
2.90406e-06
-4.60086e-07
-4.16396e-06
0.000309499
2.87193e-06
-7.03137e-07
-4.08977e-06
0.00030951
2.81008e-06
-9.55104e-07
-3.99797e-06
0.000309529
2.72943e-06
-3.90818e-06
0.00030956
2.59941e-06
-1.16534e-06
7.58537e-07
-5.26321e-06
0.000309624
-9.95247e-07
5.44305e-07
-5.37414e-06
0.000309598
3.50835e-07
-5.48743e-06
0.000309584
1.70963e-07
-5.57586e-06
0.000309575
-2.33801e-09
-5.62246e-06
0.000309571
-1.76017e-07
-5.62181e-06
0.000309571
-3.56796e-07
-5.57366e-06
0.000309575
-5.51079e-07
-5.48348e-06
0.000309584
-7.65749e-07
-5.36799e-06
0.000309598
-5.25427e-06
0.000309624
-1.00154e-06
5.65403e-07
-6.69874e-06
0.000309698
-7.77773e-07
3.95032e-07
-6.85517e-06
0.000309676
2.49798e-07
-6.99691e-06
0.000309662
1.20142e-07
-7.10319e-06
0.000309654
-1.75394e-09
-7.15881e-06
0.00030965
-1.23777e-07
-7.15803e-06
0.00030965
-2.53763e-07
-7.10077e-06
0.000309654
-3.9925e-07
-6.99292e-06
0.000309662
-5.6917e-07
-6.84962e-06
0.000309676
-6.69157e-06
0.000309698
-7.799e-07
3.58099e-07
-8.23972e-06
0.000309777
-5.32383e-07
2.32311e-07
-8.44818e-06
0.000309756
1.37744e-07
-8.6241e-06
0.000309743
6.31847e-08
-8.75247e-06
0.000309734
-1.12974e-09
-8.81945e-06
0.00030973
-6.54028e-08
-8.81874e-06
0.00030973
-1.39958e-07
-8.75036e-06
0.000309734
-2.3436e-07
-8.62069e-06
0.000309743
-3.59352e-07
-8.44381e-06
0.000309756
-8.23449e-06
0.000309777
-5.31993e-07
1.14877e-07
-9.90682e-06
0.000309859
-2.31357e-07
4.35979e-08
-1.01637e-05
0.000309839
7.2658e-09
-1.03772e-05
0.000309824
-3.49422e-09
-1.05329e-05
0.000309815
-5.32038e-10
-1.06145e-05
0.00030981
2.48792e-09
-1.06139e-05
0.00030981
-8.07708e-09
-1.05312e-05
0.000309815
-4.4031e-08
-1.03745e-05
0.000309825
-1.14656e-07
-1.01605e-05
0.000309839
-9.90286e-06
0.000309859
-2.30397e-07
-1.76332e-07
-1.17194e-05
0.000309945
1.35805e-07
-1.81689e-07
-1.2014e-05
0.000309923
-1.49234e-07
-1.22674e-05
0.000309907
-8.39833e-08
-1.24573e-05
0.000309897
-6.04162e-11
-1.25582e-05
0.000309891
8.39389e-08
-1.25578e-05
0.000309891
1.49402e-07
-1.2456e-05
0.000309897
1.82173e-07
-1.22654e-05
0.000309907
1.77114e-07
-1.20116e-05
0.000309923
-1.17161e-05
0.000309945
1.36766e-07
-5.26057e-07
-1.37006e-05
0.000310036
5.82694e-07
-4.54481e-07
-1.40114e-05
0.00031001
-3.40939e-07
-1.43078e-05
0.000309991
-1.83508e-07
-1.45421e-05
0.000309978
2.26233e-10
-1.46696e-05
0.000309972
1.84118e-07
-1.46694e-05
0.000309972
3.41799e-07
-1.45412e-05
0.000309978
4.55538e-07
-1.43063e-05
0.000309991
5.27007e-07
-1.40093e-05
0.00031001
-1.36972e-05
0.000310036
5.83243e-07
-9.46192e-07
-1.58756e-05
0.000310134
1.12285e-06
-7.90137e-07
-1.6164e-05
0.000310098
-5.81213e-07
-1.65125e-05
0.000310074
-3.09365e-07
-1.68096e-05
0.000310059
5.25261e-10
-1.6975e-05
0.000310052
3.10472e-07
-1.69749e-05
0.000310052
5.82609e-07
-1.68091e-05
0.000310059
7.91747e-07
-1.65114e-05
0.000310075
9.47451e-07
-1.61619e-05
0.000310099
-1.58717e-05
0.000310134
1.12338e-06
-1.46746e-06
-1.82515e-05
0.000310241
1.77039e-06
-1.2193e-06
-1.84799e-05
0.000310192
-8.94771e-07
-1.89067e-05
0.000310165
-4.74918e-07
-1.92987e-05
0.000310146
6.16236e-10
-1.95189e-05
0.000310136
4.76406e-07
-1.95191e-05
0.000310136
8.97082e-07
-1.92993e-05
0.000310146
1.22236e-06
-1.89065e-05
0.000310165
1.46994e-06
-1.84772e-05
0.000310192
-1.82455e-05
0.000310241
1.77065e-06
-2.1956e-06
0.000310371
-2.09124e-05
2.70374e-06
-1.84926e-06
0.000310313
-2.09812e-05
-1.35492e-06
0.000310269
-2.15531e-05
-7.14431e-07
0.000310238
-2.20867e-05
5.67573e-10
0.000310221
-2.23781e-05
7.16178e-07
0.000310221
-2.2379e-05
1.35877e-06
0.000310238
-2.20895e-05
1.85531e-06
0.00031027
-2.1555e-05
2.20086e-06
0.000310314
-2.09776e-05
0.000310372
2.70333e-06
-2.09006e-05
5.96469e-07
-1.07268e-05
0.000311508
8.92424e-06
-7.41023e-07
4.25039e-07
-1.08995e-05
0.000311499
9.1012e-06
2.70374e-07
-1.10632e-05
0.000311493
9.2349e-06
1.29357e-07
-1.11975e-05
0.00031149
9.34797e-06
-4.64497e-09
-1.12695e-05
0.000311488
9.40933e-06
-1.38698e-07
-1.12687e-05
0.000311488
9.40844e-06
-2.79889e-07
-1.11952e-05
0.00031149
9.34538e-06
-4.34309e-07
-1.10604e-05
0.000311493
9.23126e-06
-6.08852e-07
-1.08955e-05
0.000311499
9.09973e-06
-1.07216e-05
0.000311508
8.92881e-06
-7.63703e-07
2.97239e-07
-1.25695e-05
0.000311639
-4.68915e-07
1.71362e-07
-1.28059e-05
0.000311631
9.18773e-08
-1.30263e-05
0.000311626
3.7645e-08
-1.31918e-05
0.000311624
-4.22479e-09
-1.32789e-05
0.000311622
-4.63091e-08
-1.32779e-05
0.000311622
-1.01386e-07
-1.3189e-05
0.000311624
-1.82921e-07
-1.30217e-05
0.000311626
-3.11901e-07
-1.27992e-05
0.000311631
-1.25592e-05
0.000311639
-4.89609e-07
-4.26625e-08
-1.45271e-05
0.000311778
-8.01881e-08
-9.25675e-08
-1.48505e-05
0.00031177
-9.03139e-08
-1.51317e-05
0.000311766
-5.52947e-08
-1.53353e-05
0.000311762
-3.7736e-09
-1.54414e-05
0.000311761
4.7749e-08
-1.54403e-05
0.000311761
8.24832e-08
-1.53323e-05
0.000311762
8.38053e-08
-1.51265e-05
0.000311766
3.29207e-08
-1.48432e-05
0.000311771
-1.4517e-05
0.000311779
-9.00079e-08
-4.34857e-07
-1.66301e-05
0.000311923
3.91115e-07
-3.97705e-07
-1.70464e-05
0.000311915
-3.00762e-07
-1.73953e-05
0.000311909
-1.62748e-07
-1.76448e-05
0.000311906
-3.26734e-09
-1.77749e-05
0.000311904
1.56386e-07
-1.77739e-05
0.000311904
2.94756e-07
-1.76421e-05
0.000311906
3.9208e-07
-1.73905e-05
0.000311909
4.30257e-07
-1.70402e-05
0.000311915
-1.66226e-05
0.000311923
3.89235e-07
-8.99708e-07
-1.89016e-05
0.000312074
9.56337e-07
-7.59645e-07
-1.94124e-05
0.000312065
-5.513e-07
-1.98373e-05
0.000312058
-2.91219e-07
-2.01436e-05
0.000312054
-2.5563e-09
-2.03047e-05
0.000312051
2.86298e-07
-2.03038e-05
0.000312051
5.47055e-07
-2.01413e-05
0.000312054
7.56308e-07
-1.98332e-05
0.000312058
8.97967e-07
-1.94072e-05
0.000312064
-1.88959e-05
0.000312074
9.56698e-07
-1.45652e-06
-2.13715e-05
0.00031223
1.64151e-06
-1.19419e-06
-2.19712e-05
0.00031222
-8.55803e-07
-2.24808e-05
0.000312212
-4.48819e-07
-2.28613e-05
0.000312207
-1.75333e-09
-2.30651e-05
0.000312205
4.45476e-07
-2.30644e-05
0.000312205
8.52962e-07
-2.28593e-05
0.000312207
1.19208e-06
-2.24773e-05
0.000312212
1.45525e-06
-2.19667e-05
0.00031222
-2.13663e-05
0.00031223
1.64121e-06
-2.12058e-06
-2.40742e-05
0.000312393
2.46622e-06
-1.72509e-06
-2.47383e-05
0.000312381
-1.23632e-06
-2.53513e-05
0.000312372
-6.47383e-07
-2.58385e-05
0.000312366
-8.87778e-10
-2.61031e-05
0.000312363
6.45786e-07
-2.61024e-05
0.000312363
1.23479e-06
-2.58365e-05
0.000312366
1.72402e-06
-2.53478e-05
0.000312372
2.11916e-06
-2.4733e-05
0.000312381
-2.40673e-05
0.000312393
2.46347e-06
-2.92197e-06
-2.70258e-05
0.000312564
3.44378e-06
-2.39204e-06
-2.77181e-05
0.000312548
-1.71802e-06
-2.84893e-05
0.000312538
-9.008e-07
-2.9128e-05
0.000312532
-5.52978e-11
-2.94804e-05
0.000312528
9.00864e-07
-2.94798e-05
0.000312528
1.71821e-06
-2.91258e-05
0.000312532
2.39239e-06
-2.84854e-05
0.000312538
2.92111e-06
-2.77114e-05
0.000312548
-2.70159e-05
0.000312564
3.43996e-06
-3.89059e-06
-3.02518e-05
0.000312739
4.61805e-06
-3.17795e-06
-3.09611e-05
0.000312722
-2.31691e-06
-3.19015e-05
0.000312716
-1.22702e-06
-3.27813e-05
0.000312709
9.4451e-10
-3.32774e-05
0.000312705
1.22887e-06
-3.32768e-05
0.000312705
2.31899e-06
-3.27793e-05
0.000312709
3.18038e-06
-3.18975e-05
0.000312716
3.8918e-06
-3.09528e-05
0.000312722
-3.02385e-05
0.000312739
4.61628e-06
-5.01297e-06
0.000312928
-3.39235e-05
6.12764e-06
-4.26252e-06
0.000312918
-3.43157e-05
-3.22641e-06
0.000312907
-3.55752e-05
-1.73204e-06
0.000312894
-3.69314e-05
1.37394e-09
0.000312886
-3.76754e-05
1.73606e-06
0.000312886
-3.76759e-05
3.23263e-06
0.000312894
-3.69316e-05
4.27123e-06
0.000312907
-3.55734e-05
5.02203e-06
0.000312918
-3.43075e-05
0.000312928
6.1305e-06
-3.39033e-05
4.10125e-07
-1.50188e-05
0.00031346
1.31833e-05
-5.26881e-07
2.96079e-07
-1.53389e-05
0.000313486
1.34657e-05
1.9193e-07
-1.55933e-05
0.000313501
1.369e-05
9.25572e-08
-1.5778e-05
0.000313508
1.38589e-05
-2.06709e-09
-1.58746e-05
0.000313511
1.39458e-05
-9.7633e-08
-1.58744e-05
0.000313511
1.39465e-05
-1.9943e-07
-1.57774e-05
0.000313509
1.38603e-05
-3.07354e-07
-1.5592e-05
0.000313502
1.36918e-05
-4.242e-07
-1.53358e-05
0.000313487
1.34648e-05
-1.50085e-05
0.000313461
1.31748e-05
-5.4354e-07
1.15448e-07
-1.68606e-05
0.000313619
-2.53749e-07
3.27623e-08
-1.72604e-05
0.000313635
-3.62731e-09
-1.75737e-05
0.000313643
-1.02321e-08
-1.77945e-05
0.000313647
-1.79461e-09
-1.79088e-05
0.000313648
6.09655e-09
-1.79083e-05
0.000313648
-1.94167e-09
-1.77928e-05
0.000313647
-4.05132e-08
-1.75703e-05
0.000313644
-1.26099e-07
-1.72549e-05
0.000313635
-1.68498e-05
0.000313619
-2.65373e-07
-2.97604e-07
-1.88014e-05
0.000313777
2.39554e-07
-2.92913e-07
-1.92804e-05
0.000313786
-2.30586e-07
-1.96602e-05
0.00031379
-1.27129e-07
-1.99268e-05
0.000313791
-1.98312e-09
-2.00647e-05
0.000313792
1.23013e-07
-2.0064e-05
0.000313792
2.26043e-07
-1.99247e-05
0.000313791
2.87636e-07
-1.96563e-05
0.00031379
2.91868e-07
-1.92749e-05
0.000313786
-1.87937e-05
0.000313778
2.36685e-07
-7.9055e-07
-2.08501e-05
0.000313937
8.25607e-07
-6.78934e-07
-2.14178e-05
0.000313941
-4.98084e-07
-2.1874e-05
0.000313942
-2.64285e-07
-2.21977e-05
0.000313943
-1.62684e-09
-2.23665e-05
0.000313943
2.61087e-07
-2.23658e-05
0.000313943
4.9512e-07
-2.21959e-05
0.000313943
6.76449e-07
-2.18707e-05
0.000313942
7.88877e-07
-2.14132e-05
0.000313941
-2.08455e-05
0.000313937
8.26891e-07
-1.37228e-06
-2.30212e-05
0.0003141
1.51658e-06
-1.13765e-06
-2.36898e-05
0.000314102
-8.18219e-07
-2.4238e-05
0.000314103
-4.29289e-07
-2.46357e-05
0.000314103
-1.14239e-09
-2.48458e-05
0.000314103
4.27109e-07
-2.48451e-05
0.000314103
8.16493e-07
-2.46342e-05
0.000314103
1.13665e-06
-2.42355e-05
0.000314103
1.3722e-06
-2.36859e-05
0.000314102
-2.30186e-05
0.0003141
1.51851e-06
-2.05788e-06
-2.53306e-05
0.000314269
2.32833e-06
-1.68576e-06
-2.61129e-05
0.000314271
-1.20728e-06
-2.6776e-05
0.000314272
-6.32249e-07
-2.72757e-05
0.000314272
-6.50208e-10
-2.75449e-05
0.000314272
6.31016e-07
-2.75444e-05
0.000314272
1.20651e-06
-2.72746e-05
0.000314272
1.68555e-06
-2.67739e-05
0.000314272
2.05807e-06
-2.61092e-05
0.00031427
-2.53281e-05
0.000314268
2.32887e-06
-2.86171e-06
-2.77944e-05
0.000314442
3.27675e-06
-2.34664e-06
-2.86942e-05
0.000314447
-1.68973e-06
-2.95109e-05
0.00031445
-8.87735e-07
-3.0163e-05
0.000314452
4.87304e-11
-3.05215e-05
0.000314452
8.87837e-07
-3.05209e-05
0.000314452
1.68986e-06
-3.01618e-05
0.000314452
2.34718e-06
-2.95091e-05
0.00031445
2.86234e-06
-2.86902e-05
0.000314447
-2.77902e-05
0.000314441
3.27599e-06
-3.79295e-06
-3.04095e-05
0.000314617
4.35516e-06
-3.14683e-06
-3.14224e-05
0.00031463
-2.30011e-06
-3.24574e-05
0.000314638
-1.21794e-06
-3.33549e-05
0.000314641
6.83696e-10
-3.38547e-05
0.000314643
1.21934e-06
-3.38541e-05
0.000314643
2.30132e-06
-3.33533e-05
0.000314641
3.14826e-06
-3.24554e-05
0.000314638
3.7942e-06
-3.14178e-05
0.00031463
-3.04029e-05
0.000314616
4.35439e-06
-4.8277e-06
-3.31442e-05
0.000314786
5.51585e-06
-4.11496e-06
-3.4228e-05
0.000314815
-3.07715e-06
-3.56128e-05
0.000314833
-1.65105e-06
-3.6914e-05
0.000314842
1.25171e-09
-3.7648e-05
0.000314846
1.65372e-06
-3.76474e-05
0.000314846
3.07982e-06
-3.69124e-05
0.000314842
4.11777e-06
-3.56106e-05
0.000314833
4.83043e-06
-3.4223e-05
0.000314815
-3.3134e-05
0.000314785
5.51548e-06
-5.93904e-06
0.000314943
-3.60109e-05
6.79098e-06
-5.26128e-06
0.000314997
-3.69846e-05
-4.12425e-06
0.000315032
-3.88748e-05
-2.24764e-06
0.000315049
-4.09457e-05
1.91502e-09
0.000315056
-4.20677e-05
2.25195e-06
0.000315056
-4.20674e-05
4.12832e-06
0.000315049
-4.09435e-05
5.26479e-06
0.000315032
-3.88718e-05
5.94351e-06
0.000314996
-3.69803e-05
0.000314943
6.79147e-06
-3.59958e-05
2.6422e-07
-1.24543e-05
0.000314859
1.11219e-05
-3.30976e-07
2.00592e-07
-1.287e-05
0.000314926
1.14934e-05
1.34051e-07
-1.31487e-05
0.000314965
1.17509e-05
6.649e-08
-1.33345e-05
0.000314985
1.19249e-05
1.20043e-09
-1.34297e-05
0.000314994
1.20124e-05
-6.50192e-08
-1.34304e-05
0.000314994
1.20142e-05
-1.35109e-07
-1.33365e-05
0.000314985
1.19298e-05
-2.04836e-07
-1.31506e-05
0.000314965
1.17565e-05
-2.69477e-07
-1.28712e-05
0.000314926
1.14965e-05
-1.24509e-05
0.000314859
1.11159e-05
-3.32867e-07
4.91508e-08
-1.37847e-05
0.000315023
-1.2351e-07
-4.13601e-09
-1.42475e-05
0.000315066
-2.44873e-08
-1.45718e-05
0.000315087
-1.88804e-08
-1.47893e-05
0.000315096
5.82251e-10
-1.49007e-05
0.000315099
1.95934e-08
-1.49009e-05
0.000315099
2.401e-08
-1.47899e-05
0.000315096
2.44135e-09
-1.45719e-05
0.000315087
-5.15554e-08
-1.42475e-05
0.000315066
-1.37823e-05
0.000315024
-1.24134e-07
-3.18551e-07
-1.51679e-05
0.00031517
3.09384e-07
-3.00312e-07
-1.56735e-05
0.000315193
-2.33932e-07
-1.6053e-05
0.000315205
-1.27791e-07
-1.63135e-05
0.000315209
4.85721e-11
-1.64477e-05
0.000315211
1.27743e-07
-1.64477e-05
0.000315211
2.33482e-07
-1.63134e-05
0.000315209
2.99531e-07
-1.60525e-05
0.000315205
3.17701e-07
-1.56731e-05
0.000315194
-1.51667e-05
0.00031517
3.10041e-07
-7.77372e-07
-1.6599e-05
0.000315306
8.39648e-07
-6.63734e-07
-1.7165e-05
0.000315319
-4.87558e-07
-1.76118e-05
0.000315325
-2.58584e-07
-1.79275e-05
0.000315328
2.54906e-12
-1.80923e-05
0.000315329
2.58575e-07
-1.80923e-05
0.000315329
4.87414e-07
-1.79272e-05
0.000315328
6.63565e-07
-1.76114e-05
0.000315325
7.77303e-07
-1.71647e-05
0.000315319
-1.6599e-05
0.000315306
8.40725e-07
-1.32106e-06
-1.80786e-05
0.000315438
1.46267e-06
-1.09966e-06
-1.87313e-05
0.000315447
-7.94842e-07
-1.92658e-05
0.000315452
-4.18116e-07
-1.96558e-05
0.000315454
-4.04346e-11
-1.98631e-05
0.000315455
4.18017e-07
-1.9863e-05
0.000315455
7.9475e-07
-1.96557e-05
0.000315454
1.09964e-06
-1.92657e-05
0.000315452
1.32113e-06
-1.87312e-05
0.000315447
-1.80792e-05
0.000315438
1.46299e-06
-1.95794e-06
-1.96052e-05
0.00031557
2.1833e-06
-1.62103e-06
-2.03776e-05
0.00031558
-1.17048e-06
-2.10312e-05
0.000315587
-6.15875e-07
-2.15282e-05
0.00031559
3.98991e-13
-2.17982e-05
0.000315592
6.15742e-07
-2.17981e-05
0.000315592
1.17038e-06
-2.15283e-05
0.00031559
1.62085e-06
-2.10312e-05
0.000315587
1.95745e-06
-2.03775e-05
0.00031558
-1.96058e-05
0.00031557
2.18243e-06
-2.69912e-06
-2.11721e-05
0.000315699
3.00845e-06
-2.24779e-06
-2.21002e-05
0.000315719
-1.63781e-06
-2.29203e-05
0.00031573
-8.66993e-07
-2.35826e-05
0.000315735
-1.63971e-11
-2.39509e-05
0.000315738
8.66847e-07
-2.39508e-05
0.000315738
1.63773e-06
-2.3583e-05
0.000315735
2.24761e-06
-2.29205e-05
0.00031573
2.69886e-06
-2.21004e-05
0.000315719
-2.11721e-05
0.000315699
3.00727e-06
-3.53986e-06
-2.27532e-05
0.000315821
3.91657e-06
-3.00313e-06
-2.38655e-05
0.000315859
-2.23255e-06
-2.4932e-05
0.000315879
-1.19474e-06
-2.58684e-05
0.000315889
2.6711e-10
-2.6397e-05
0.000315894
1.19495e-06
-2.63967e-05
0.000315894
2.23205e-06
-2.58682e-05
0.000315889
3.00246e-06
-2.49324e-05
0.000315879
3.53881e-06
-2.38655e-05
0.000315859
-2.27535e-05
0.000315821
3.91544e-06
-4.44291e-06
-2.42448e-05
0.000315921
4.79909e-06
-3.9176e-06
-2.55664e-05
0.000315991
-3.01576e-06
-2.70301e-05
0.00031603
-1.6405e-06
-2.84512e-05
0.00031605
3.26861e-11
-2.92508e-05
0.000316059
1.64078e-06
-2.92506e-05
0.000316059
3.01543e-06
-2.84506e-05
0.00031605
3.9169e-06
-2.70303e-05
0.00031603
4.44096e-06
-2.55655e-05
0.000315991
-2.42446e-05
0.000315921
4.79603e-06
-5.35494e-06
0.000315981
-2.55834e-05
5.65526e-06
-5.00799e-06
0.000316096
-2.70131e-05
-4.0462e-06
0.000316169
-2.91288e-05
-2.23727e-06
0.000316209
-3.1421e-05
4.32263e-10
0.000316228
-3.2661e-05
2.23781e-06
0.000316228
-3.26603e-05
4.04515e-06
0.000316209
-3.14187e-05
5.00436e-06
0.000316169
-2.91268e-05
5.35035e-06
0.000316096
-2.70116e-05
0.000315981
5.64883e-06
-2.55815e-05
9.19454e-08
-7.59626e-06
0.000315603
6.85702e-06
-9.66997e-08
8.3621e-08
-7.97336e-06
0.000315707
7.2005e-06
6.01552e-08
-8.20894e-06
0.000315768
7.42997e-06
3.05381e-08
-8.36131e-06
0.000315799
7.57711e-06
1.03039e-09
-8.43818e-06
0.000315813
7.6489e-06
-2.88954e-08
-8.43876e-06
0.000315813
7.64992e-06
-5.95409e-08
-8.3629e-06
0.000315799
7.57988e-06
-8.40253e-08
-8.21079e-06
0.000315768
7.43305e-06
-9.15795e-08
-7.97501e-06
0.000315707
7.2017e-06
-7.59841e-06
0.000315603
6.85607e-06
-9.29563e-08
-4.19399e-08
-8.33045e-06
0.000315766
3.32398e-08
-5.71842e-08
-8.72361e-06
0.000315831
-5.34404e-08
-8.98851e-06
0.000315862
-3.17944e-08
-9.16337e-06
0.000315876
2.76503e-10
-9.25251e-06
0.000315882
3.21846e-08
-9.25289e-06
0.000315882
5.33991e-08
-9.16437e-06
0.000315876
5.68111e-08
-8.98979e-06
0.000315862
4.16921e-08
-8.72519e-06
0.000315831
-8.33245e-06
0.000315766
3.32542e-08
-3.07535e-07
-9.07482e-06
0.000315891
3.30253e-07
-2.77345e-07
-9.48762e-06
0.000315927
-2.12382e-07
-9.79225e-06
0.000315943
-1.15305e-07
-1.00011e-05
0.00031595
-5.07317e-11
-1.0109e-05
0.000315952
1.15123e-07
-1.01093e-05
0.000315952
2.1201e-07
-1.00017e-05
0.00031595
2.76749e-07
-9.79305e-06
0.000315943
3.06689e-07
-9.48863e-06
0.000315927
-9.07634e-06
0.000315891
3.2915e-07
-6.51864e-07
-9.82375e-06
0.000315993
7.13501e-07
-5.56621e-07
-1.02759e-05
0.000316012
-4.10429e-07
-1.06339e-05
0.000316021
-2.18511e-07
-1.08893e-05
0.000316024
-3.43753e-10
-1.10236e-05
0.000316025
2.17824e-07
-1.10238e-05
0.000316025
4.09719e-07
-1.08897e-05
0.000316024
5.55948e-07
-1.06346e-05
0.00031602
6.5129e-07
-1.02768e-05
0.000316012
-9.82535e-06
0.000315993
7.13164e-07
-1.0677e-06
-1.05709e-05
0.000316082
1.17151e-06
-8.98094e-07
-1.10917e-05
0.000316093
-6.55265e-07
-1.15242e-05
0.000316099
-3.47025e-07
-1.18455e-05
0.000316102
-6.78458e-10
-1.20181e-05
0.000316104
3.45721e-07
-1.20183e-05
0.000316104
6.54097e-07
-1.18461e-05
0.000316102
8.9732e-07
-1.15253e-05
0.000316099
1.06747e-06
-1.10931e-05
0.000316093
-1.05726e-05
0.000316082
1.17149e-06
-1.55962e-06
-1.13063e-05
0.000316161
1.70388e-06
-1.31239e-06
-1.19331e-05
0.000316174
-9.60017e-07
-1.24723e-05
0.000316182
-5.09552e-07
-1.28921e-05
0.000316186
-9.28735e-10
-1.31229e-05
0.000316188
5.07671e-07
-1.31231e-05
0.000316188
9.58344e-07
-1.28929e-05
0.000316186
1.31104e-06
-1.24737e-05
0.000316182
1.5588e-06
-1.19351e-05
0.000316174
-1.13084e-05
0.000316161
1.7035e-06
-2.13622e-06
-1.20129e-05
0.00031623
2.31224e-06
-1.8178e-06
-1.27883e-05
0.000316255
-1.34693e-06
-1.34825e-05
0.000316269
-7.20515e-07
-1.40588e-05
0.000316276
-1.06372e-09
-1.4383e-05
0.000316278
7.18362e-07
-1.43833e-05
0.000316278
1.3449e-06
-1.40598e-05
0.000316276
1.81592e-06
-1.34842e-05
0.000316269
2.13474e-06
-1.27907e-05
0.000316255
-1.20151e-05
0.00031623
2.31071e-06
-2.79719e-06
-1.26572e-05
0.000316281
2.98087e-06
-2.43832e-06
-1.362e-05
0.000316332
-1.85165e-06
-1.45469e-05
0.000316357
-1.00366e-06
-1.53865e-05
0.000316369
-1.31076e-09
-1.58658e-05
0.000316374
1.00104e-06
-1.58661e-05
0.000316374
1.84902e-06
-1.53875e-05
0.000316369
2.43592e-06
-1.45488e-05
0.000316357
2.79561e-06
-1.36232e-05
0.000316332
-1.26598e-05
0.000316282
2.97973e-06
-3.51167e-06
-1.31309e-05
0.000316299
3.60758e-06
-3.20977e-06
-1.43211e-05
0.00031639
-2.53742e-06
-1.56274e-05
0.000316438
-1.39934e-06
-1.69368e-05
0.000316462
-1.32858e-09
-1.76779e-05
0.000316473
1.39647e-06
-1.76779e-05
0.000316473
2.53368e-06
-1.69369e-05
0.000316462
3.20556e-06
-1.56289e-05
0.000316438
3.50774e-06
-1.43248e-05
0.00031639
-1.31349e-05
0.000316299
3.60469e-06
-4.24289e-06
0.000316258
-1.33658e-05
4.20147e-06
-4.17394e-06
0.000316405
-1.46986e-05
-3.49143e-06
0.000316495
-1.66361e-05
-1.95945e-06
0.000316546
-1.88049e-05
-1.8652e-09
0.000316569
-1.99763e-05
1.95575e-06
0.000316569
-1.99763e-05
3.4865e-06
0.000316546
-1.88036e-05
4.16793e-06
0.000316495
-1.66366e-05
4.2372e-06
0.000316405
-1.47027e-05
0.000316258
4.19549e-06
-1.33698e-05
-5.86451e-08
-3.83152e-06
0.000315927
3.46702e-06
9.89821e-08
-3.0429e-08
-4.09754e-06
0.000316055
3.72203e-06
-1.69077e-08
-4.26929e-06
0.000316129
3.89502e-06
-8.38573e-09
-4.38104e-06
0.000316167
4.00433e-06
2.08843e-10
-4.43726e-06
0.000316184
4.05713e-06
8.66501e-09
-4.43734e-06
0.000316184
4.0573e-06
1.69351e-08
-4.38112e-06
0.000316167
4.00454e-06
3.0931e-08
-4.26904e-06
0.000316129
3.8941e-06
6.13073e-08
-4.09703e-06
0.000316055
3.71907e-06
-3.83282e-06
0.000315927
3.46417e-06
1.05472e-07
-1.50592e-07
-4.17856e-06
0.000316086
1.78202e-07
-1.29115e-07
-4.45265e-06
0.000316165
-9.68233e-08
-4.64184e-06
0.000316203
-5.22559e-08
-4.76887e-06
0.00031622
-5.06813e-11
-4.83401e-06
0.000316226
5.21464e-08
-4.83408e-06
0.000316226
9.67032e-08
-4.76899e-06
0.00031622
1.29204e-07
-4.64195e-06
0.000316203
1.51032e-07
-4.45278e-06
0.000316165
-4.17982e-06
0.000316086
1.78366e-07
-3.25351e-07
-4.51872e-06
0.000316193
3.63672e-07
-2.79843e-07
-4.80737e-06
0.000316236
-2.08144e-07
-5.02579e-06
0.000316256
-1.11401e-07
-5.17895e-06
0.000316263
-1.11283e-10
-5.25898e-06
0.000316266
1.11187e-07
-5.25908e-06
0.000316266
2.07956e-07
-5.1791e-06
0.000316263
2.79634e-07
-5.02593e-06
0.000316256
3.24908e-07
-4.80743e-06
0.000316236
-4.51947e-06
0.000316193
3.62452e-07
-5.58536e-07
-4.84782e-06
0.000316268
6.12423e-07
-4.75626e-07
-5.16846e-06
0.00031629
-3.5046e-07
-5.43019e-06
0.0003163
-1.86621e-07
-5.6222e-06
0.000316303
-2.94548e-10
-5.72465e-06
0.000316305
1.861e-07
-5.72479e-06
0.000316305
3.50076e-07
-5.62247e-06
0.000316303
4.75447e-07
-5.43058e-06
0.0003163
5.58575e-07
-5.16884e-06
0.00031629
-4.84896e-06
0.000316268
6.12656e-07
-8.48311e-07
-5.16018e-06
0.000316323
9.19014e-07
-7.21729e-07
-5.53736e-06
0.000316335
-5.31615e-07
-5.86257e-06
0.000316342
-2.83214e-07
-6.11253e-06
0.000316344
-5.73876e-10
-6.24896e-06
0.000316345
2.82152e-07
-6.24919e-06
0.000316345
5.30842e-07
-6.11316e-06
0.000316344
7.21607e-07
-5.86371e-06
0.000316342
8.49007e-07
-5.53868e-06
0.000316335
-5.16189e-06
0.000316323
9.20233e-07
-1.20022e-06
-5.44574e-06
0.000316363
1.28374e-06
-1.02953e-06
-5.91026e-06
0.000316377
-7.64901e-07
-6.32892e-06
0.000316384
-4.09806e-07
-6.66869e-06
0.000316387
-8.50005e-10
-6.85853e-06
0.000316389
4.0812e-07
-6.85885e-06
0.000316389
7.63612e-07
-6.66972e-06
0.000316387
1.02895e-06
-6.33081e-06
0.000316384
1.20055e-06
-5.91248e-06
0.000316377
-5.44833e-06
0.000316363
1.28491e-06
-1.62423e-06
-5.68647e-06
0.000316387
1.70814e-06
-1.41833e-06
-6.274e-06
0.000316413
-1.07291e-06
-6.83164e-06
0.000316426
-5.80787e-07
-7.31737e-06
0.000316432
-1.03545e-09
-7.59435e-06
0.000316435
5.7874e-07
-7.59473e-06
0.000316435
1.0713e-06
-7.31884e-06
0.000316432
1.41737e-06
-6.8342e-06
0.000316426
1.62399e-06
-6.27692e-06
0.000316413
-5.68931e-06
0.000316387
1.70818e-06
-2.12961e-06
-5.85448e-06
0.000316387
2.19172e-06
-1.91678e-06
-6.59565e-06
0.00031644
-1.49286e-06
-7.3643e-06
0.000316466
-8.19871e-07
-8.09842e-06
0.000316477
-1.22575e-09
-8.52046e-06
0.000316482
8.17437e-07
-8.52083e-06
0.000316482
1.4907e-06
-8.10011e-06
0.000316477
1.91544e-06
-7.36762e-06
0.000316466
2.12973e-06
-6.59993e-06
0.00031644
-5.85814e-06
0.000316387
2.19274e-06
-2.70457e-06
-5.85699e-06
0.000316348
2.65807e-06
-2.56723e-06
-6.78748e-06
0.000316445
-2.08862e-06
-7.89814e-06
0.000316493
-1.16656e-06
-9.07511e-06
0.000316517
-1.61891e-09
-9.73953e-06
0.000316527
1.16332e-06
-9.73984e-06
0.000316527
2.08506e-06
-9.07636e-06
0.000316517
2.56423e-06
-7.9019e-06
0.000316493
2.70343e-06
-6.79353e-06
0.000316445
-5.86201e-06
0.000316348
2.6583e-06
-3.34972e-06
0.000316243
-5.65633e-06
3.16397e-06
-3.44054e-06
0.000316398
-6.68953e-06
-2.96561e-06
0.00031649
-8.368e-06
-1.67901e-06
0.000316541
-1.03572e-05
-2.55119e-09
0.000316565
-1.14115e-05
1.67416e-06
0.000316565
-1.1412e-05
2.95984e-06
0.000316541
-1.03574e-05
3.43531e-06
0.00031649
-8.37228e-06
3.34732e-06
0.000316398
-6.6983e-06
0.000316243
3.16229e-06
-5.6621e-06
-1.47637e-07
-1.76266e-06
0.000316059
1.58454e-06
1.94297e-07
-1.06415e-07
-1.93061e-06
0.000316197
1.74727e-06
-7.13258e-08
-2.04829e-06
0.000316277
1.86444e-06
-3.64797e-08
-2.12768e-06
0.00031632
1.94027e-06
-8.39486e-11
-2.16814e-06
0.000316338
1.97744e-06
3.62803e-08
-2.16795e-06
0.000316338
1.97727e-06
7.10891e-08
-2.12702e-06
0.00031632
1.93961e-06
1.06916e-07
-2.04695e-06
0.000316277
1.86231e-06
1.5061e-07
-1.92889e-06
0.000316197
1.74296e-06
-1.76244e-06
0.000316059
1.58041e-06
2.01019e-07
-2.21023e-07
-1.92567e-06
0.000316212
2.58095e-07
-1.81025e-07
-2.10327e-06
0.000316297
-1.3028e-07
-2.23512e-06
0.000316339
-6.85594e-08
-2.32711e-06
0.000316357
-5.93524e-11
-2.37505e-06
0.000316364
6.85029e-08
-2.37489e-06
0.000316364
1.30422e-07
-2.32659e-06
0.000316357
1.81639e-07
-2.23425e-06
0.000316339
2.22227e-07
-2.10222e-06
0.000316298
-1.92516e-06
0.000316212
2.58915e-07
-3.4164e-07
-2.07972e-06
0.000316308
3.80949e-07
-2.87866e-07
-2.27515e-06
0.000316355
-2.10531e-07
-2.43211e-06
0.000316375
-1.11537e-07
-2.54632e-06
0.000316383
8.69317e-11
-2.60707e-06
0.000316386
1.11783e-07
-2.60698e-06
0.000316386
2.10968e-07
-2.54595e-06
0.000316383
2.88497e-07
-2.43142e-06
0.000316375
3.42349e-07
-2.27427e-06
0.000316355
-2.07912e-06
0.000316308
3.81405e-07
-5.03812e-07
-2.22325e-06
0.000316367
5.48233e-07
-4.28803e-07
-2.45039e-06
0.00031639
-3.15669e-07
-2.64583e-06
0.0003164
-1.67895e-07
-2.79465e-06
0.000316404
1.02452e-10
-2.87552e-06
0.000316405
1.68185e-07
-2.87548e-06
0.000316405
3.16204e-07
-2.79447e-06
0.000316404
4.297e-07
-2.6455e-06
0.0003164
5.05177e-07
-2.45003e-06
0.00031639
-2.22352e-06
0.000316368
5.50331e-07
-7.11083e-07
-2.35224e-06
0.000316403
7.60078e-07
-6.11514e-07
-2.62968e-06
0.000316415
-4.54224e-07
-2.88246e-06
0.000316421
-2.43024e-07
-3.08476e-06
0.000316423
-3.12904e-11
-3.19713e-06
0.000316424
2.43048e-07
-3.1972e-06
0.000316424
4.54587e-07
-3.08494e-06
0.000316423
6.12604e-07
-2.88292e-06
0.000316421
7.13061e-07
-2.63034e-06
0.000316415
-2.35319e-06
0.000316403
7.62675e-07
-9.7173e-07
-2.45818e-06
0.000316421
1.01978e-06
-8.49187e-07
-2.80921e-06
0.000316434
-6.40347e-07
-3.14739e-06
0.00031644
-3.45796e-07
-3.43465e-06
0.000316443
-1.86876e-10
-3.59762e-06
0.000316443
3.45464e-07
-3.5978e-06
0.000316444
6.40417e-07
-3.43526e-06
0.000316443
8.49983e-07
-3.14863e-06
0.00031644
9.73264e-07
-2.81068e-06
0.000316434
-2.45961e-06
0.000316421
1.02173e-06
-1.29844e-06
-2.52409e-06
0.00031642
1.33115e-06
-1.16312e-06
-2.97664e-06
0.000316445
-8.97692e-07
-3.44363e-06
0.000316457
-4.90948e-07
-3.8712e-06
0.000316462
-2.53589e-10
-4.11754e-06
0.000316464
4.90504e-07
-4.11782e-06
0.000316464
8.97756e-07
-3.87235e-06
0.000316462
1.16398e-06
-3.44571e-06
0.000316457
1.2998e-06
-2.9787e-06
0.000316445
-2.52515e-06
0.00031642
1.33207e-06
-1.71061e-06
-2.52993e-06
0.000316394
1.71012e-06
-1.5874e-06
-3.10489e-06
0.000316445
-1.26575e-06
-3.76873e-06
0.000316469
-7.0269e-07
-4.43643e-06
0.000316479
-3.1436e-10
-4.82131e-06
0.000316483
7.02125e-07
-4.82165e-06
0.000316483
1.26561e-06
-4.43803e-06
0.000316479
1.58846e-06
-3.77202e-06
0.000316469
1.71309e-06
-3.10845e-06
0.000316446
-2.53167e-06
0.000316394
1.71323e-06
-2.20925e-06
-2.39055e-06
0.000316326
2.09204e-06
-2.17035e-06
-3.11987e-06
0.000316421
-1.80989e-06
-4.10323e-06
0.000316467
-1.02002e-06
-5.19855e-06
0.000316489
-6.56423e-10
-5.81195e-06
0.000316498
1.01881e-06
-5.81238e-06
0.000316498
1.80863e-06
-5.20013e-06
0.000316489
2.17041e-06
-4.10787e-06
0.000316467
2.21176e-06
-3.12599e-06
0.000316421
-2.39388e-06
0.000316326
2.09607e-06
-2.83254e-06
0.000316191
-2.09967e-06
2.59302e-06
-3.00516e-06
0.000316343
-2.89292e-06
-2.64686e-06
0.000316432
-4.404e-06
-1.50433e-06
0.000316481
-6.28112e-06
-1.6559e-09
0.000316503
-7.25327e-06
1.50137e-06
0.000316503
-7.25408e-06
2.64306e-06
0.000316481
-6.28187e-06
3.00282e-06
0.000316433
-4.41019e-06
2.83491e-06
0.000316343
-2.90381e-06
0.000316192
2.59601e-06
-2.10377e-06
-1.88901e-07
-8.26305e-07
0.000316114
7.30364e-07
2.29862e-07
-1.45507e-07
-9.35739e-07
0.000316256
8.33092e-07
-1.00326e-07
-1.02034e-06
0.000316339
9.13019e-07
-5.14549e-08
-1.08022e-06
0.000316384
9.67518e-07
3.84216e-10
-1.11138e-06
0.000316403
9.94921e-07
5.22554e-08
-1.11117e-06
0.000316403
9.94683e-07
1.01108e-07
-1.07956e-06
0.000316384
9.66889e-07
1.46574e-07
-1.01911e-06
0.000316339
9.11544e-07
1.91453e-07
-9.3401e-07
0.000316256
8.29873e-07
-8.25506e-07
0.000316114
7.27124e-07
2.34862e-07
-2.54553e-07
-9.1296e-07
0.000316263
2.90112e-07
-2.08043e-07
-1.03609e-06
0.000316351
-1.48521e-07
-1.13528e-06
0.000316394
-7.74343e-08
-1.20747e-06
0.000316413
4.92485e-10
-1.24581e-06
0.000316421
7.84779e-08
-1.24562e-06
0.000316421
1.49713e-07
-1.20685e-06
0.000316413
2.09505e-07
-1.1342e-06
0.000316394
2.56266e-07
-1.03456e-06
0.000316351
-9.11345e-07
0.000316263
2.91042e-07
-3.49579e-07
-9.94506e-07
0.000316353
3.86043e-07
-2.92904e-07
-1.13916e-06
0.000316401
-2.12736e-07
-1.26256e-06
0.000316422
-1.11968e-07
-1.35561e-06
0.000316431
7.19304e-10
-1.40596e-06
0.000316433
1.13469e-07
-1.4058e-06
0.000316433
2.14407e-07
-1.35507e-06
0.000316431
2.94716e-07
-1.26153e-06
0.000316422
3.5153e-07
-1.13774e-06
0.000316401
-9.93187e-07
0.000316353
3.8827e-07
-4.76581e-07
-1.07051e-06
0.000316405
5.15314e-07
-4.05732e-07
-1.24762e-06
0.000316428
-2.98436e-07
-1.40758e-06
0.000316438
-1.58369e-07
-1.53335e-06
0.000316442
8.31695e-10
-1.60274e-06
0.000316443
1.60095e-07
-1.60261e-06
0.000316443
3.0039e-07
-1.53295e-06
0.000316442
4.08068e-07
-1.40686e-06
0.000316438
4.79583e-07
-1.24682e-06
0.000316428
-1.07042e-06
0.000316405
5.19538e-07
-6.4192e-07
-1.13743e-06
0.000316431
6.80759e-07
-5.55573e-07
-1.36167e-06
0.000316443
-4.1463e-07
-1.57592e-06
0.000316448
-2.22154e-07
-1.75295e-06
0.00031645
8.12426e-10
-1.8526e-06
0.000316451
2.23817e-07
-1.85252e-06
0.000316451
4.16575e-07
-1.75276e-06
0.00031645
5.58159e-07
-1.57582e-06
0.000316448
6.45373e-07
-1.36177e-06
0.000316443
-1.13786e-06
0.000316432
6.84743e-07
-8.55792e-07
-1.18765e-06
0.000316439
8.88279e-07
-7.56795e-07
-1.47759e-06
0.00031645
-5.76054e-07
-1.77291e-06
0.000316456
-3.12385e-07
-2.03237e-06
0.000316458
7.85639e-10
-2.1812e-06
0.000316459
3.13958e-07
-2.18118e-06
0.000316459
5.77925e-07
-2.03244e-06
0.000316458
7.59162e-07
-1.7733e-06
0.000316456
8.58483e-07
-1.47803e-06
0.000316451
-1.18772e-06
0.000316439
8.90622e-07
-1.13265e-06
-1.20455e-06
0.000316427
1.14302e-06
-1.03196e-06
-1.58365e-06
0.000316451
-8.0702e-07
-2.00218e-06
0.000316462
-4.4403e-07
-2.39899e-06
0.000316466
8.62526e-10
-2.62931e-06
0.000316467
4.45812e-07
-2.62936e-06
0.000316467
8.09248e-07
-2.39952e-06
0.000316466
1.03483e-06
-2.00322e-06
0.000316462
1.13552e-06
-1.58411e-06
0.000316451
-1.20304e-06
0.000316427
1.14428e-06
-1.49871e-06
-1.17459e-06
0.000316388
1.47398e-06
-1.41866e-06
-1.65673e-06
0.000316438
-1.14853e-06
-2.26397e-06
0.000316461
-6.41724e-07
-2.89651e-06
0.00031647
9.76888e-10
-3.26219e-06
0.000316473
6.43751e-07
-3.26232e-06
0.000316473
1.15104e-06
-2.89752e-06
0.00031647
1.42242e-06
-2.26627e-06
0.000316461
1.50366e-06
-1.65844e-06
0.000316439
-1.17285e-06
0.000316389
1.47867e-06
-1.9591e-06
-1.01373e-06
0.000316309
1.81526e-06
-1.96788e-06
-1.62829e-06
0.000316401
-1.66675e-06
-2.54356e-06
0.000316446
-9.44291e-07
-3.59604e-06
0.000316466
8.53652e-10
-4.18368e-06
0.000316475
9.46105e-07
-4.1839e-06
0.000316475
1.6687e-06
-3.59723e-06
0.000316466
1.97147e-06
-2.54751e-06
0.000316446
1.9653e-06
-1.6327e-06
0.000316401
-1.01246e-06
0.000316309
1.8219e-06
-2.57635e-06
0.000316163
-7.37289e-07
2.32797e-06
-2.78585e-06
0.000316311
-1.38676e-06
-2.48421e-06
0.000316397
-2.81018e-06
-1.4146e-06
0.000316444
-4.62852e-06
3.07565e-11
0.000316465
-5.56005e-06
1.41496e-06
0.000316465
-5.56058e-06
2.48391e-06
0.000316444
-4.62908e-06
2.78753e-06
0.000316398
-2.81615e-06
2.58385e-06
0.000316311
-1.39702e-06
0.000316164
2.33486e-06
-7.35485e-07
-2.06785e-07
-4.34882e-07
0.000316138
3.75009e-07
2.41871e-07
-1.63686e-07
-5.16527e-07
0.000316283
4.46867e-07
-1.14037e-07
-5.8434e-07
0.000316367
5.06882e-07
-5.83772e-08
-6.342e-07
0.000316412
5.50014e-07
1.12603e-09
-6.606e-07
0.000316432
5.72218e-07
6.06803e-08
-6.6042e-07
0.000316432
5.71995e-07
1.16252e-07
-6.3371e-07
0.000316412
5.49623e-07
1.65681e-07
-5.83472e-07
0.000316367
5.06281e-07
2.09137e-07
-5.15077e-07
0.000316283
4.45064e-07
-4.33825e-07
0.000316139
3.72983e-07
2.4518e-07
-2.68257e-07
-4.90072e-07
0.000316286
3.00633e-07
-2.20224e-07
-5.88504e-07
0.000316375
-1.57072e-07
-6.72119e-07
0.000316419
-8.14577e-08
-7.34761e-07
0.000316438
1.28626e-09
-7.68446e-07
0.000316446
8.40333e-08
-7.68252e-07
0.000316446
1.59596e-07
-7.34157e-07
0.000316438
2.22584e-07
-6.71022e-07
0.000316419
2.70242e-07
-5.86657e-07
0.000316375
-4.87662e-07
0.000316286
3.01281e-07
-3.52617e-07
-5.44156e-07
0.000316373
3.86712e-07
-2.95344e-07
-6.66257e-07
0.000316422
-2.13997e-07
-7.743e-07
0.000316443
-1.12118e-07
-8.57578e-07
0.000316451
1.53537e-09
-9.03083e-07
0.000316454
1.15199e-07
-9.02899e-07
0.000316454
2.17106e-07
-8.56972e-07
0.000316452
2.98362e-07
-7.7309e-07
0.000316443
3.55596e-07
-6.64391e-07
0.000316422
-5.42272e-07
0.000316373
3.90205e-07
-4.6495e-07
-5.96883e-07
0.000316421
5.0121e-07
-3.95902e-07
-7.51893e-07
0.000316444
-2.90975e-07
-8.9586e-07
0.000316455
-1.53988e-07
-1.01117e-06
0.000316458
1.70159e-09
-1.07533e-06
0.000316459
1.57401e-07
-1.07515e-06
0.000316459
2.94512e-07
-1.01065e-06
0.000316458
3.99718e-07
-8.94896e-07
0.000316455
4.69495e-07
-7.50723e-07
0.000316444
-5.96558e-07
0.000316421
5.07329e-07
-6.12536e-07
-6.44645e-07
0.000316444
6.47839e-07
-5.31398e-07
-8.4528e-07
0.000316455
-3.97198e-07
-1.04215e-06
0.00031646
-2.12648e-07
-1.2077e-06
0.000316462
1.75819e-09
-1.30157e-06
0.000316463
2.16136e-07
-1.30139e-06
0.000316463
4.00855e-07
-1.20727e-06
0.000316462
5.35544e-07
-1.04167e-06
0.000316461
6.17503e-07
-8.44927e-07
0.000316455
-6.44749e-07
0.000316444
6.53269e-07
-8.06368e-07
-6.8007e-07
0.000316447
8.33742e-07
-7.16601e-07
-9.42665e-07
0.000316458
-5.47572e-07
-1.21844e-06
0.000316464
-2.97202e-07
-1.46509e-06
0.000316465
1.83363e-09
-1.60745e-06
0.000316466
3.00806e-07
-1.60726e-06
0.000316466
5.51335e-07
-1.46477e-06
0.000316465
7.20594e-07
-1.21818e-06
0.000316464
8.10282e-07
-9.42233e-07
0.000316458
-6.79097e-07
0.000316447
8.36659e-07
-1.06155e-06
-6.86538e-07
0.00031643
1.06461e-06
-9.74499e-07
-1.0325e-06
0.000316453
-7.66598e-07
-1.42855e-06
0.000316464
-4.22678e-07
-1.81086e-06
0.000316467
2.03722e-09
-2.03379e-06
0.000316469
4.26766e-07
-2.03362e-06
0.000316469
7.71026e-07
-1.81089e-06
0.000316467
9.79363e-07
-1.42869e-06
0.000316464
1.06595e-06
-1.03157e-06
0.000316453
-6.82868e-07
0.00031643
1.06636e-06
-1.40749e-06
-6.53784e-07
0.000316387
1.37607e-06
-1.34419e-06
-1.09346e-06
0.000316436
-1.09586e-06
-1.6738e-06
0.000316458
-6.13866e-07
-2.28929e-06
0.000316466
2.31399e-09
-2.64612e-06
0.000316469
6.18529e-07
-2.64598e-06
0.00031647
1.10098e-06
-2.28974e-06
0.000316466
1.35049e-06
-1.6751e-06
0.000316458
1.41472e-06
-1.09347e-06
0.000316436
-6.48943e-07
0.000316387
1.38217e-06
-1.84974e-06
-4.97493e-07
0.000316303
1.69935e-06
-1.87742e-06
-1.05837e-06
0.000316394
-1.60178e-06
-1.94103e-06
0.000316437
-9.09535e-07
-2.97237e-06
0.000316457
2.38864e-09
-3.54849e-06
0.000316465
9.1438e-07
-3.5484e-06
0.000316465
1.60682e-06
-2.97305e-06
0.000316457
1.88417e-06
-1.944e-06
0.000316437
1.85913e-06
-1.06104e-06
0.000316394
-4.92011e-07
0.000316303
1.70816e-06
-2.4639e-06
0.000316153
-2.42693e-07
2.21913e-06
-2.68655e-06
0.000316299
-8.23593e-07
-2.40915e-06
0.000316384
-2.20474e-06
-1.3731e-06
0.000316429
-3.99358e-06
1.75638e-09
0.00031645
-4.90795e-06
1.37678e-06
0.00031645
-4.90802e-06
2.4123e-06
0.000316429
-3.99377e-06
2.69185e-06
0.000316384
-2.20985e-06
2.47589e-06
0.000316299
-8.32914e-07
0.000316154
2.2292e-06
-2.35263e-07
-2.14432e-07
-2.6958e-07
0.00031615
2.26917e-07
2.45255e-07
-1.71879e-07
-3.39054e-07
0.000316295
2.83844e-07
-1.20214e-07
-3.98922e-07
0.00031638
3.34004e-07
-6.13677e-08
-4.43903e-07
0.000316426
3.71492e-07
1.77524e-09
-4.67965e-07
0.000316445
3.91087e-07
6.49768e-08
-4.67808e-07
0.000316446
3.90871e-07
1.23683e-07
-4.4353e-07
0.000316426
3.71258e-07
1.74807e-07
-3.98283e-07
0.00031638
3.33944e-07
2.17021e-07
-3.37763e-07
0.000316295
2.82877e-07
-2.68333e-07
0.00031615
2.25643e-07
2.47836e-07
-2.73057e-07
-3.10293e-07
0.000316297
3.02761e-07
-2.25125e-07
-3.98516e-07
0.000316387
-1.60653e-07
-4.75245e-07
0.00031643
-8.30274e-08
-5.33511e-07
0.00031645
1.98371e-09
-5.65036e-07
0.000316458
8.69541e-08
-5.64835e-07
0.000316458
1.64378e-07
-5.32904e-07
0.00031645
2.28364e-07
-4.74087e-07
0.00031643
2.7543e-07
-3.96368e-07
0.000316387
-3.07237e-07
0.000316297
3.03331e-07
-3.53019e-07
-3.52562e-07
0.000316383
3.85508e-07
-2.95971e-07
-4.65537e-07
0.000316432
-2.14314e-07
-5.67082e-07
0.000316453
-1.11938e-07
-6.46104e-07
0.000316462
2.25436e-09
-6.89471e-07
0.000316465
1.16419e-07
-6.89254e-07
0.000316465
2.18713e-07
-6.45415e-07
0.000316462
3.00092e-07
-5.65665e-07
0.000316453
3.5693e-07
-4.63233e-07
0.000316432
-3.50143e-07
0.000316383
3.90034e-07
-4.59702e-07
-3.96058e-07
0.00031643
4.94935e-07
-3.91485e-07
-5.4208e-07
0.000316453
-2.87568e-07
-6.79359e-07
0.000316463
-1.51828e-07
-7.90195e-07
0.000316466
2.46734e-09
-8.52096e-07
0.000316467
1.56737e-07
-8.51861e-07
0.000316468
2.92524e-07
-7.8955e-07
0.000316466
3.96641e-07
-6.7815e-07
0.000316463
4.65626e-07
-5.40541e-07
0.000316453
-3.95458e-07
0.00031643
5.02694e-07
-6.00429e-07
-4.36965e-07
0.00031645
6.34762e-07
-5.21156e-07
-6.2782e-07
0.000316462
-3.89604e-07
-8.17328e-07
0.000316467
-2.08289e-07
-9.77913e-07
0.000316469
2.5864e-09
-1.06927e-06
0.000316469
2.13386e-07
-1.069e-06
0.000316469
3.94796e-07
-9.77297e-07
0.000316469
5.26748e-07
-8.16549e-07
0.000316467
6.06833e-07
-6.27116e-07
0.000316462
-4.36806e-07
0.00031645
6.41639e-07
-7.86285e-07
-4.67761e-07
0.000316451
8.12372e-07
-6.99742e-07
-7.18871e-07
0.000316463
-5.35293e-07
-9.8615e-07
0.000316468
-2.9039e-07
-1.22711e-06
0.00031647
2.73971e-09
-1.36659e-06
0.00031647
2.95758e-07
-1.36629e-06
0.00031647
5.4073e-07
-1.22653e-06
0.00031647
7.0524e-07
-9.85453e-07
0.000316468
7.91425e-07
-7.17859e-07
0.000316463
-4.66097e-07
0.000316452
8.16092e-07
-1.03261e-06
-4.71956e-07
0.000316433
1.03404e-06
-9.50291e-07
-8.03729e-07
0.000316456
-7.49116e-07
-1.1896e-06
0.000316466
-4.13141e-07
-1.56522e-06
0.00031647
3.03694e-09
-1.78481e-06
0.000316471
4.19198e-07
-1.78449e-06
0.000316471
7.55457e-07
-1.56495e-06
0.00031647
9.56947e-07
-1.18921e-06
0.000316466
1.03847e-06
-8.01919e-07
0.000316456
-4.66835e-07
0.000316433
1.03648e-06
-1.36966e-06
-4.40105e-07
0.000316388
1.33699e-06
-1.31227e-06
-8.61523e-07
0.000316437
-1.07278e-06
-1.42917e-06
0.000316458
-6.01362e-07
-2.03656e-06
0.000316466
3.42677e-09
-2.38938e-06
0.000316469
6.0822e-07
-2.38905e-06
0.000316469
1.0801e-06
-2.0367e-06
0.000316466
1.32074e-06
-1.42993e-06
0.000316458
1.37891e-06
-8.60514e-07
0.000316437
-4.33227e-07
0.000316388
1.34453e-06
-1.80315e-06
-2.89096e-07
0.000316302
1.65319e-06
-1.83767e-06
-8.25336e-07
0.000316392
-1.57282e-06
-1.69196e-06
0.000316435
-8.93834e-07
-2.71316e-06
0.000316454
3.61351e-09
-3.28426e-06
0.000316462
9.01098e-07
-3.28396e-06
0.000316462
1.58033e-06
-2.71358e-06
0.000316454
1.84696e-06
-1.69448e-06
0.000316435
1.81516e-06
-8.27086e-07
0.000316392
-2.81348e-07
0.000316302
1.66439e-06
-2.41411e-06
0.000316151
-4.48978e-08
2.17275e-06
-2.64169e-06
0.000316296
-5.94156e-07
-2.3753e-06
0.00031638
-1.95415e-06
-1.35433e-06
0.000316424
-3.72942e-06
3.04196e-09
0.000316445
-4.63674e-06
1.3605e-06
0.000316445
-4.63652e-06
2.38099e-06
0.000316424
-3.72942e-06
2.64965e-06
0.00031638
-1.95895e-06
2.42922e-06
0.000316296
-6.03047e-07
0.000316151
2.18595e-06
-3.5243e-08
-2.17635e-07
-1.96021e-07
0.000316156
1.62241e-07
2.45675e-07
-1.7544e-07
-2.60005e-07
0.000316302
2.11732e-07
-1.22843e-07
-3.16065e-07
0.000316387
2.57048e-07
-6.25286e-08
-3.58661e-07
0.000316432
2.91788e-07
2.29868e-09
-3.81567e-07
0.000316452
3.10087e-07
6.71997e-08
-3.81411e-07
0.000316452
3.09849e-07
1.27361e-07
-3.58325e-07
0.000316432
2.91593e-07
1.79244e-07
-3.15506e-07
0.000316387
2.57236e-07
2.20703e-07
-2.58716e-07
0.000316302
2.11132e-07
-1.94568e-07
0.000316156
1.61266e-07
2.4827e-07
-2.74355e-07
-2.29284e-07
0.000316302
3.02271e-07
-2.26816e-07
-3.13174e-07
0.000316392
-1.6192e-07
-3.86779e-07
0.000316436
-8.34544e-08
-4.42991e-07
0.000316456
2.55367e-09
-4.73482e-07
0.000316464
8.85008e-08
-4.73263e-07
0.000316464
1.66687e-07
-4.42336e-07
0.000316456
2.30913e-07
-3.85499e-07
0.000316436
2.77262e-07
-3.10701e-07
0.000316392
-2.2564e-07
0.000316302
3.0299e-07
-3.52316e-07
-2.65602e-07
0.000316388
3.83776e-07
-2.95646e-07
-3.74789e-07
0.000316437
-2.14028e-07
-4.73491e-07
0.000316458
-1.11524e-07
-5.50586e-07
0.000316467
2.85494e-09
-5.92961e-07
0.00031647
1.1719e-07
-5.92705e-07
0.00031647
2.19563e-07
-5.49788e-07
0.000316467
3.00804e-07
-4.71837e-07
0.000316458
3.57161e-07
-3.72045e-07
0.000316437
-2.62649e-07
0.000316388
3.89284e-07
-4.56734e-07
-3.04603e-07
0.000316434
4.91513e-07
-3.88982e-07
-4.46819e-07
0.000316457
-2.85606e-07
-5.81161e-07
0.000316467
-1.505e-07
-6.89978e-07
0.000316471
3.11374e-09
-7.50835e-07
0.000316472
1.56687e-07
-7.50544e-07
0.000316472
2.9182e-07
-6.89192e-07
0.000316471
3.95384e-07
-5.79689e-07
0.000316467
4.63984e-07
-4.449e-07
0.000316457
-3.03683e-07
0.000316434
5.00817e-07
-5.94721e-07
-3.42296e-07
0.000316454
6.28899e-07
-5.16172e-07
-5.28832e-07
0.000316465
-3.85782e-07
-7.14992e-07
0.00031647
-2.05956e-07
-8.7327e-07
0.000316472
3.28797e-09
-9.63445e-07
0.000316472
2.12433e-07
-9.63097e-07
0.000316472
3.92339e-07
-8.72478e-07
0.000316472
5.23121e-07
-7.13937e-07
0.00031647
6.02548e-07
-5.27798e-07
0.000316465
-3.41851e-07
0.000316454
6.37227e-07
-7.77198e-07
-3.70937e-07
0.000316454
8.0315e-07
-6.91826e-07
-6.16802e-07
0.000316465
-5.29334e-07
-8.80029e-07
0.000316471
-2.86908e-07
-1.11822e-06
0.000316472
3.50841e-09
-1.2563e-06
0.000316473
2.93789e-07
-1.2559e-06
0.000316473
5.36255e-07
-1.11742e-06
0.000316472
6.98741e-07
-8.78986e-07
0.000316471
7.83611e-07
-6.15324e-07
0.000316465
-3.68698e-07
0.000316454
8.07852e-07
-1.01965e-06
-3.74285e-07
0.000316435
1.02118e-06
-9.38962e-07
-6.99267e-07
0.000316458
-7.40677e-07
-1.07995e-06
0.000316468
-4.08337e-07
-1.45215e-06
0.000316471
3.88626e-09
-1.67006e-06
0.000316472
4.16082e-07
-1.66963e-06
0.000316472
7.48708e-07
-1.45167e-06
0.000316471
9.47282e-07
-1.07919e-06
0.000316468
1.02697e-06
-6.96798e-07
0.000316458
-3.6804e-07
0.000316435
1.02452e-06
-1.35225e-06
-3.43056e-07
0.000316389
1.32007e-06
-1.29698e-06
-7.55341e-07
0.000316437
-1.06149e-06
-1.3161e-06
0.000316459
-5.95047e-07
-1.91921e-06
0.000316467
4.3669e-09
-2.27002e-06
0.00031647
6.03775e-07
-2.26957e-06
0.00031647
1.07071e-06
-1.91918e-06
0.000316467
1.30743e-06
-1.31658e-06
0.000316459
1.36343e-06
-7.53633e-07
0.000316437
-3.34608e-07
0.000316389
1.32907e-06
-1.78088e-06
-1.96855e-07
0.000316302
1.63458e-06
-1.818e-06
-7.18101e-07
0.000316392
-1.55839e-06
-1.57546e-06
0.000316435
-8.85867e-07
-2.59132e-06
0.000316454
4.62444e-09
-3.16002e-06
0.000316462
8.95147e-07
-3.15959e-06
0.000316462
1.56798e-06
-2.59167e-06
0.000316454
1.82955e-06
-1.57788e-06
0.000316435
1.79538e-06
-7.1938e-07
0.000316392
-1.87053e-07
0.000316302
1.64777e-06
-2.38751e-06
0.00031615
3.74796e-08
2.15392e-06
-2.61854e-06
0.000316295
-4.86057e-07
-2.35817e-06
0.000316378
-1.8346e-06
-1.34478e-06
0.000316423
-3.60324e-06
4.04488e-09
0.000316443
-4.50736e-06
1.35292e-06
0.000316443
-4.50699e-06
2.36586e-06
0.000316423
-3.60322e-06
2.62876e-06
0.000316378
-1.83959e-06
2.40604e-06
0.000316295
-4.95649e-07
0.00031615
2.16863e-06
5.10848e-08
-2.18866e-07
-1.61765e-07
0.000316159
1.32606e-07
2.4529e-07
-1.76869e-07
-2.23033e-07
0.000316305
1.78155e-07
-1.23832e-07
-2.7718e-07
0.00031639
2.21052e-07
-6.2861e-08
-3.1859e-07
0.000316436
2.54478e-07
2.71498e-09
-3.40914e-07
0.000316455
2.72141e-07
6.83803e-08
-3.40748e-07
0.000316455
2.71872e-07
1.29197e-07
-3.18252e-07
0.000316436
2.54272e-07
1.81412e-07
-2.76638e-07
0.00031639
2.21359e-07
2.22449e-07
-2.21695e-07
0.000316305
1.77712e-07
-1.60139e-07
0.000316159
1.3174e-07
2.48088e-07
-2.74358e-07
-1.91075e-07
0.000316305
3.01119e-07
-2.27175e-07
-2.72952e-07
0.000316395
-1.62172e-07
-3.45029e-07
0.000316439
-8.33881e-08
-4.00222e-07
0.000316459
3.01379e-09
-4.30194e-07
0.000316467
8.93427e-08
-4.29958e-07
0.000316467
1.67796e-07
-3.99524e-07
0.000316459
2.32005e-07
-3.43648e-07
0.000316439
2.77787e-07
-2.7022e-07
0.000316395
-1.86976e-07
0.000316305
3.02058e-07
-3.51315e-07
-2.24251e-07
0.00031639
3.82133e-07
-2.9497e-07
-3.31708e-07
0.000316439
-2.13482e-07
-4.29039e-07
0.000316461
-1.11022e-07
-5.05181e-07
0.000316469
3.34285e-09
-5.47058e-07
0.000316472
1.17653e-07
-5.46775e-07
0.000316472
2.19952e-07
-5.04305e-07
0.000316469
3.00996e-07
-4.27209e-07
0.000316461
3.56976e-07
-3.28632e-07
0.000316439
-2.20908e-07
0.00031639
3.88512e-07
-4.54744e-07
-2.60953e-07
0.000316436
4.89349e-07
-3.87266e-07
-4.01351e-07
0.000316459
-2.8423e-07
-5.34233e-07
0.000316469
-1.49536e-07
-6.42023e-07
0.000316473
3.63322e-09
-7.02345e-07
0.000316474
1.56754e-07
-7.02016e-07
0.000316474
2.91468e-07
-6.41141e-07
0.000316473
3.94696e-07
-5.32575e-07
0.000316469
4.63122e-07
-3.99168e-07
0.000316459
-2.5985e-07
0.000316436
4.99991e-07
-5.91508e-07
-2.97081e-07
0.000316456
6.25825e-07
-5.1326e-07
-4.81395e-07
0.000316467
-3.83476e-07
-6.65786e-07
0.000316472
-2.0448e-07
-8.22829e-07
0.000316474
3.84099e-09
-9.12368e-07
0.000316474
2.12049e-07
-9.11964e-07
0.000316474
3.91123e-07
-8.21913e-07
0.000316474
5.21315e-07
-6.64545e-07
0.000316472
6.00536e-07
-4.80153e-07
0.000316467
-2.96486e-07
0.000316456
6.35394e-07
-7.72312e-07
-3.2471e-07
0.000316456
7.98516e-07
-6.87403e-07
-5.67698e-07
0.000316467
-5.25905e-07
-8.28639e-07
0.000316472
-2.84824e-07
-1.06526e-06
0.000316474
4.10528e-09
-1.20257e-06
0.000316474
2.92881e-07
-1.2021e-06
0.000316474
5.33995e-07
-1.06431e-06
0.000316474
6.95454e-07
-8.27359e-07
0.000316472
7.79779e-07
-5.65901e-07
0.000316467
-3.22062e-07
0.000316456
8.04027e-07
-1.0127e-06
-3.27765e-07
0.000316436
1.01474e-06
-9.32662e-07
-6.4879e-07
0.000316458
-7.35877e-07
-1.02637e-06
0.000316469
-4.05519e-07
-1.39655e-06
0.000316472
4.54318e-09
-1.61352e-06
0.000316473
4.14573e-07
-1.613e-06
0.000316473
7.45237e-07
-1.39592e-06
0.000316472
9.42317e-07
-1.02535e-06
0.000316469
1.02122e-06
-6.45834e-07
0.000316459
-3.20588e-07
0.000316436
1.01877e-06
-1.34268e-06
-2.96905e-07
0.000316389
1.31122e-06
-1.28834e-06
-7.03692e-07
0.000316438
-1.05503e-06
-1.26015e-06
0.000316459
-5.91363e-07
-1.86069e-06
0.000316467
5.0961e-09
-2.2104e-06
0.00031647
6.01546e-07
-2.20986e-06
0.00031647
1.06576e-06
-1.86056e-06
0.000316467
1.30041e-06
-1.26046e-06
0.000316459
1.35551e-06
-7.01506e-07
0.000316438
-2.87215e-07
0.000316389
1.32158e-06
-1.76844e-06
-1.53569e-07
0.000316302
1.62491e-06
-1.80669e-06
-6.65555e-07
0.000316392
-1.55009e-06
-1.51682e-06
0.000316435
-8.81242e-07
-2.52951e-06
0.000316454
5.40686e-09
-3.09697e-06
0.000316462
8.92082e-07
-3.09644e-06
0.000316462
1.56129e-06
-2.5298e-06
0.000316454
1.82005e-06
-1.51924e-06
0.000316435
1.78497e-06
-6.66564e-07
0.000316392
-1.42422e-07
0.000316302
1.64004e-06
-2.37241e-06
0.00031615
7.59729e-08
2.14312e-06
-2.60489e-06
0.000316294
-4.32751e-07
-2.34819e-06
0.000316378
-1.7731e-06
-1.33922e-06
0.000316423
-3.53792e-06
4.80751e-09
0.000316443
-4.44048e-06
1.34886e-06
0.000316443
-4.43997e-06
2.35739e-06
0.000316423
-3.53785e-06
2.61688e-06
0.000316378
-1.77833e-06
2.39361e-06
0.000316294
-4.42947e-07
0.00031615
2.15961e-06
9.18158e-08
-2.19092e-07
-1.4569e-07
0.00031616
1.18893e-07
2.44604e-07
-1.77207e-07
-2.05508e-07
0.000316306
1.62255e-07
-1.24e-07
-2.58654e-07
0.000316391
2.03943e-07
-6.28099e-08
-2.99462e-07
0.000316437
2.36766e-07
3.01333e-09
-3.21485e-07
0.000316457
2.54118e-07
6.89477e-08
-3.21294e-07
0.000316457
2.53801e-07
1.30003e-07
-2.99081e-07
0.000316437
2.36497e-07
1.82326e-07
-2.58062e-07
0.000316391
2.04265e-07
2.23124e-07
-2.04056e-07
0.000316306
1.61828e-07
-1.43893e-07
0.00031616
1.18029e-07
2.47637e-07
-2.73798e-07
-1.72935e-07
0.000316306
2.99816e-07
-2.26883e-07
-2.53777e-07
0.000316396
-1.61921e-07
-3.25036e-07
0.00031644
-8.31006e-08
-3.79682e-07
0.00031646
3.36286e-09
-4.09367e-07
0.000316468
8.97497e-08
-4.09102e-07
0.000316468
1.68216e-07
-3.7891e-07
0.00031646
2.323e-07
-3.23512e-07
0.00031644
2.77653e-07
-2.50757e-07
0.000316396
-1.68395e-07
0.000316306
3.00921e-07
-3.50199e-07
-2.04461e-07
0.000316391
3.806e-07
-2.94095e-07
-3.1101e-07
0.00031644
-2.12781e-07
-4.07579e-07
0.000316462
-1.10479e-07
-4.83182e-07
0.000316471
3.73132e-09
-5.24773e-07
0.000316474
1.17882e-07
-5.24459e-07
0.000316474
2.20009e-07
-4.8222e-07
0.000316471
3.00831e-07
-4.05566e-07
0.000316462
3.56525e-07
-3.07608e-07
0.00031644
-2.0075e-07
0.000316391
3.87718e-07
-4.53131e-07
-2.40001e-07
0.000316437
4.87663e-07
-3.85821e-07
-3.79371e-07
0.00031646
-2.83059e-07
-5.1139e-07
0.00031647
-1.48721e-07
-6.18561e-07
0.000316474
4.05643e-09
-6.78561e-07
0.000316475
1.5678e-07
-6.78196e-07
0.000316475
2.91139e-07
-6.17594e-07
0.000316474
3.94106e-07
-5.09565e-07
0.00031647
4.62449e-07
-3.7696e-07
0.00031646
-2.38766e-07
0.000316437
4.99481e-07
-5.89245e-07
-2.75424e-07
0.000316456
6.23771e-07
-5.11127e-07
-4.5836e-07
0.000316468
-3.81755e-07
-6.41623e-07
0.000316473
-2.03357e-07
-7.97877e-07
0.000316475
4.29301e-09
-8.87017e-07
0.000316475
2.11817e-07
-8.86568e-07
0.000316475
3.90295e-07
-7.9687e-07
0.000316475
5.20101e-07
-6.40248e-07
0.000316473
5.99267e-07
-4.56982e-07
0.000316468
-2.74762e-07
0.000316457
6.34392e-07
-7.69031e-07
-3.02665e-07
0.000316456
7.9557e-07
-6.84328e-07
-5.43743e-07
0.000316467
-5.23481e-07
-8.03138e-07
0.000316473
-2.83321e-07
-1.03872e-06
0.000316474
4.58978e-09
-1.17553e-06
0.000316475
2.9233e-07
-1.175e-06
0.000316475
5.32519e-07
-1.03766e-06
0.000316474
6.93304e-07
-8.01703e-07
0.000316473
7.77335e-07
-5.41742e-07
0.000316467
-2.99746e-07
0.000316456
8.01708e-07
-1.00803e-06
-3.05697e-07
0.000316436
1.01056e-06
-9.28341e-07
-6.24013e-07
0.000316459
-7.32558e-07
-9.99415e-07
0.000316469
-4.03544e-07
-1.36823e-06
0.000316472
5.07349e-09
-1.58461e-06
0.000316474
4.13654e-07
-1.58402e-06
0.000316474
7.42997e-07
-1.36752e-06
0.000316472
9.39084e-07
-9.98245e-07
0.000316469
1.0175e-06
-6.20712e-07
0.000316459
-2.97777e-07
0.000316436
1.01505e-06
-1.33624e-06
-2.75271e-07
0.00031639
1.3055e-06
-1.28243e-06
-6.78152e-07
0.000316438
-1.05061e-06
-1.23149e-06
0.000316459
-5.88832e-07
-1.8303e-06
0.000316468
5.68228e-09
-2.17936e-06
0.00031647
6.00182e-07
-2.17875e-06
0.00031647
1.06257e-06
-1.83013e-06
0.000316468
1.29583e-06
-1.23174e-06
0.000316459
1.35046e-06
-6.75661e-07
0.000316438
-2.64564e-07
0.00031639
1.31697e-06
-1.76003e-06
-1.34153e-07
0.000316302
1.61878e-06
-1.79892e-06
-6.39377e-07
0.000316392
-1.54446e-06
-1.48606e-06
0.000316435
-8.78125e-07
-2.49667e-06
0.000316454
6.02721e-09
-3.06351e-06
0.000316462
8.90202e-07
-3.06289e-06
0.000316462
1.55694e-06
-2.49695e-06
0.000316454
1.81373e-06
-1.48858e-06
0.000316435
1.77828e-06
-6.40327e-07
0.000316392
-1.21832e-07
0.000316302
1.63547e-06
-2.36196e-06
0.000316149
9.17782e-08
2.13611e-06
-2.59539e-06
0.000316294
-4.0586e-07
-2.34141e-06
0.000316378
-1.7399e-06
-1.33549e-06
0.000316422
-3.50234e-06
5.39163e-09
0.000316442
-4.40421e-06
1.34628e-06
0.000316442
-4.4036e-06
2.35174e-06
0.000316422
-3.50223e-06
2.60873e-06
0.000316378
-1.74543e-06
2.38538e-06
0.000316294
-4.16842e-07
0.000316149
2.15419e-06
1.09428e-07
-2.18778e-07
-1.3817e-07
0.000316161
1.12623e-07
2.43709e-07
-1.76958e-07
-1.97129e-07
0.000316307
1.54634e-07
-1.23714e-07
-2.49719e-07
0.000316392
1.95698e-07
-6.2522e-08
-2.90213e-07
0.000316438
2.28268e-07
3.2952e-09
-3.12079e-07
0.000316458
2.45482e-07
6.92481e-08
-3.11864e-07
0.000316458
2.45118e-07
1.30325e-07
-2.89782e-07
0.000316438
2.27938e-07
1.82634e-07
-2.49065e-07
0.000316392
1.96026e-07
2.23262e-07
-1.95554e-07
0.000316307
1.54204e-07
-1.36209e-07
0.000316161
1.1175e-07
2.47019e-07
-2.72917e-07
-1.6428e-07
0.000316306
2.98404e-07
-2.26227e-07
-2.44545e-07
0.000316397
-1.61383e-07
-3.15333e-07
0.000316441
-8.26659e-08
-3.69662e-07
0.000316461
3.68997e-09
-3.99178e-07
0.000316469
8.99688e-08
-3.98884e-07
0.000316469
1.68316e-07
-3.68808e-07
0.000316461
2.32218e-07
-3.13659e-07
0.000316441
2.77207e-07
-2.41244e-07
0.000316397
-1.5932e-07
0.000316306
2.99696e-07
-3.48974e-07
-1.94931e-07
0.000316392
3.79073e-07
-2.93083e-07
-3.00967e-07
0.000316441
-2.11971e-07
-3.97072e-07
0.000316463
-1.09885e-07
-4.72336e-07
0.000316471
4.09668e-09
-5.13742e-07
0.000316474
1.18017e-07
-5.13396e-07
0.000316474
2.19921e-07
-4.71283e-07
0.000316471
3.00506e-07
-3.94874e-07
0.000316463
3.55955e-07
-2.97258e-07
0.000316441
-1.90886e-07
0.000316392
3.86924e-07
-4.51646e-07
-2.2996e-07
0.000316437
4.86178e-07
-3.84469e-07
-3.68671e-07
0.000316461
-2.81955e-07
-5.00106e-07
0.000316471
-1.47951e-07
-6.06855e-07
0.000316474
4.45533e-09
-6.66633e-07
0.000316475
1.56805e-07
-6.66233e-07
0.000316475
2.90834e-07
-6.05804e-07
0.000316474
3.93572e-07
-4.98126e-07
0.000316471
4.61874e-07
-3.66055e-07
0.000316461
-2.28627e-07
0.000316437
4.99129e-07
-5.87369e-07
-2.65187e-07
0.000316457
6.22134e-07
-5.09328e-07
-4.47138e-07
0.000316468
-3.80284e-07
-6.29571e-07
0.000316473
-2.0238e-07
-7.85246e-07
0.000316475
4.71666e-09
-8.74097e-07
0.000316475
2.11675e-07
-8.73607e-07
0.000316475
3.89664e-07
-7.84157e-07
0.000316475
5.19171e-07
-6.28084e-07
0.000316473
5.98344e-07
-4.45659e-07
0.000316468
-2.64505e-07
0.000316457
6.33766e-07
-7.66445e-07
-2.9243e-07
0.000316457
7.93339e-07
-6.81855e-07
-5.32048e-07
0.000316468
-5.21509e-07
-7.9024e-07
0.000316473
-2.82073e-07
-1.02502e-06
0.000316474
5.0401e-09
-1.16147e-06
0.000316475
2.91968e-07
-1.1609e-06
0.000316475
5.31429e-07
-1.02389e-06
0.000316474
6.91695e-07
-7.88691e-07
0.000316473
7.75536e-07
-5.29903e-07
0.000316468
-2.89313e-07
0.000316457
8.00069e-07
-1.00437e-06
-2.95635e-07
0.000316436
1.00733e-06
-9.24912e-07
-6.11826e-07
0.000316459
-7.29916e-07
-9.85487e-07
0.000316469
-4.0195e-07
-1.35325e-06
0.000316473
5.56212e-09
-1.56922e-06
0.000316474
4.13033e-07
-1.56858e-06
0.000316474
7.4135e-07
-1.35249e-06
0.000316473
9.36663e-07
-9.84227e-07
0.000316469
1.01471e-06
-6.08276e-07
0.000316459
-2.8709e-07
0.000316436
1.01224e-06
-1.33118e-06
-2.65637e-07
0.00031639
1.30103e-06
-1.27776e-06
-6.65416e-07
0.000316438
-1.04715e-06
-1.21622e-06
0.00031646
-5.86835e-07
-1.81374e-06
0.000316468
6.21666e-09
-2.16239e-06
0.000316471
5.9925e-07
-2.16172e-06
0.000316471
1.06022e-06
-1.81356e-06
0.000316468
1.29239e-06
-1.21651e-06
0.00031646
1.34669e-06
-6.62759e-07
0.000316438
-2.54094e-07
0.00031639
1.31355e-06
-1.75345e-06
-1.26265e-07
0.000316302
1.614e-06
-1.7928e-06
-6.26139e-07
0.000316392
-1.5401e-06
-1.46901e-06
0.000316435
-8.75728e-07
-2.47813e-06
0.000316454
6.58167e-09
-3.04469e-06
0.000316462
8.88909e-07
-3.04401e-06
0.000316462
1.55372e-06
-2.47846e-06
0.000316454
1.80893e-06
-1.47174e-06
0.000316435
1.7733e-06
-6.27218e-07
0.000316392
-1.13007e-07
0.000316302
1.63218e-06
-2.3536e-06
0.000316149
9.66404e-08
2.13072e-06
-2.58785e-06
0.000316294
-3.91884e-07
-2.33618e-06
0.000316378
-1.72064e-06
-1.33266e-06
0.000316422
-3.48151e-06
5.88683e-09
0.000316442
-4.38317e-06
1.3444e-06
0.000316442
-4.38247e-06
2.34741e-06
0.000316422
-3.4814e-06
2.60228e-06
0.000316378
-1.72658e-06
2.37903e-06
0.000316294
-4.03917e-07
0.000316149
2.15029e-06
1.15729e-07
-2.18193e-07
-1.34715e-07
0.000316161
1.099e-07
2.42696e-07
-1.76416e-07
-1.93119e-07
0.000316307
1.50975e-07
-1.23194e-07
-2.45384e-07
0.000316392
1.9171e-07
-6.20997e-08
-2.85714e-07
0.000316438
2.24209e-07
3.59242e-09
-3.07497e-07
0.000316458
2.41377e-07
6.94383e-08
-3.07264e-07
0.000316458
2.40977e-07
1.3042e-07
-2.85241e-07
0.000316438
2.23843e-07
1.8264e-07
-2.44681e-07
0.000316392
1.92074e-07
2.23121e-07
-1.91441e-07
0.000316307
1.50561e-07
-1.32607e-07
0.000316161
1.09013e-07
2.46306e-07
-2.71891e-07
-1.60135e-07
0.000316307
2.96955e-07
-2.25404e-07
-2.4006e-07
0.000316397
-1.60704e-07
-3.1056e-07
0.000316441
-8.21481e-08
-3.64694e-07
0.000316461
4.02349e-09
-3.94099e-07
0.000316469
9.01155e-08
-3.9378e-07
0.000316469
1.68275e-07
-3.63759e-07
0.000316461
2.31958e-07
-3.08745e-07
0.000316441
2.7661e-07
-2.36495e-07
0.000316397
-1.54772e-07
0.000316307
2.98434e-07
-3.47726e-07
-1.90309e-07
0.000316392
3.77593e-07
-2.92023e-07
-2.96035e-07
0.000316441
-2.11113e-07
-3.9183e-07
0.000316463
-1.09261e-07
-4.66858e-07
0.000316471
4.46351e-09
-5.08125e-07
0.000316474
1.18122e-07
-5.0775e-07
0.000316474
2.1978e-07
-4.65706e-07
0.000316471
3.0012e-07
-3.89442e-07
0.000316463
3.55344e-07
-2.92013e-07
0.000316441
-1.85927e-07
0.000316392
3.86156e-07
-4.50265e-07
-2.25171e-07
0.000316438
4.84844e-07
-3.83188e-07
-3.63414e-07
0.000316461
-2.80898e-07
-4.94404e-07
0.000316471
-1.47204e-07
-6.00828e-07
0.000316475
4.85365e-09
-6.60421e-07
0.000316476
1.56848e-07
-6.59985e-07
0.000316476
2.90566e-07
-5.99672e-07
0.000316475
3.93095e-07
-4.92244e-07
0.000316471
4.61381e-07
-3.60558e-07
0.000316461
-2.23705e-07
0.000316438
4.98903e-07
-5.85732e-07
-2.60489e-07
0.000316457
6.20764e-07
-5.07722e-07
-4.41648e-07
0.000316468
-3.7895e-07
-6.23391e-07
0.000316474
-2.01473e-07
-7.7859e-07
0.000316475
5.14028e-09
-8.67189e-07
0.000316476
2.11604e-07
-8.66657e-07
0.000316476
3.89166e-07
-7.77386e-07
0.000316475
5.18426e-07
-6.21754e-07
0.000316474
5.97651e-07
-4.40014e-07
0.000316468
-2.59719e-07
0.000316457
6.33399e-07
-7.64248e-07
-2.87953e-07
0.000316457
7.91511e-07
-6.79704e-07
-5.26331e-07
0.000316468
-5.19767e-07
-7.83476e-07
0.000316473
-2.80944e-07
-1.01758e-06
0.000316475
5.4979e-09
-1.15371e-06
0.000316475
2.91734e-07
-1.15309e-06
0.000316475
5.30579e-07
-1.01633e-06
0.000316475
6.90415e-07
-7.81763e-07
0.000316473
7.7413e-07
-5.23973e-07
0.000316468
-2.84546e-07
0.000316457
7.98845e-07
-1.00124e-06
-2.91458e-07
0.000316436
1.00462e-06
-9.21938e-07
-6.05801e-07
0.000316459
-7.27606e-07
-9.77918e-07
0.000316469
-4.00525e-07
-1.34478e-06
0.000316473
6.06906e-09
-1.5604e-06
0.000316474
4.12613e-07
-1.5597e-06
0.000316474
7.40066e-07
-1.34394e-06
0.000316473
9.34727e-07
-9.76518e-07
0.000316469
1.01247e-06
-6.01923e-07
0.000316459
-2.82182e-07
0.000316436
1.00998e-06
-1.32682e-06
-2.61901e-07
0.00031639
1.29719e-06
-1.2737e-06
-6.58954e-07
0.000316438
-1.04413e-06
-1.2075e-06
0.00031646
-5.85066e-07
-1.80392e-06
0.000316468
6.77861e-09
-2.15227e-06
0.000316471
5.98602e-07
-2.15154e-06
0.000316471
1.05838e-06
-1.80372e-06
0.000316468
1.28962e-06
-1.20778e-06
0.00031646
1.34364e-06
-6.56055e-07
0.000316438
-2.49392e-07
0.00031639
1.3108e-06
-1.74777e-06
-1.23998e-07
0.000316302
1.60985e-06
-1.78747e-06
-6.19234e-07
0.000316392
-1.53632e-06
-1.45867e-06
0.000316435
-8.73631e-07
-2.46657e-06
0.000316454
7.17336e-09
-3.033e-06
0.000316462
8.87994e-07
-3.03227e-06
0.000316462
1.55118e-06
-2.46694e-06
0.000316454
1.80501e-06
-1.4616e-06
0.000316435
1.7693e-06
-6.20393e-07
0.000316392
-1.09671e-07
0.000316303
1.62958e-06
-2.34622e-06
0.000316149
9.61622e-08
2.12611e-06
-2.58118e-06
0.000316294
-3.84202e-07
-2.33163e-06
0.000316378
-1.70814e-06
-1.33019e-06
0.000316422
-3.46785e-06
6.4216e-09
0.000316442
-4.36955e-06
1.34299e-06
0.000316442
-4.36878e-06
2.34387e-06
0.000316422
-3.46777e-06
2.59683e-06
0.000316378
-1.71453e-06
2.37374e-06
0.000316294
-3.97255e-07
0.000316149
2.14726e-06
1.16802e-07
-2.17481e-07
-1.332e-07
0.000316161
1.08908e-07
2.41591e-07
-1.7572e-07
-1.91187e-07
0.000316307
1.49256e-07
-1.22548e-07
-2.43229e-07
0.000316393
1.89793e-07
-6.1598e-08
-2.83463e-07
0.000316438
2.22306e-07
3.90933e-09
-3.05199e-07
0.000316458
2.39469e-07
6.9582e-08
-3.04948e-07
0.000316458
2.39037e-07
1.30406e-07
-2.82955e-07
0.000316438
2.21913e-07
1.82494e-07
-2.42482e-07
0.000316393
1.90199e-07
2.22827e-07
-1.89405e-07
0.000316307
1.48848e-07
-1.30931e-07
0.000316161
1.07987e-07
2.45524e-07
-2.70799e-07
-1.58064e-07
0.000316307
2.95488e-07
-2.24482e-07
-2.37754e-07
0.000316398
-1.59938e-07
-3.08048e-07
0.000316441
-8.15728e-08
-3.62046e-07
0.000316461
4.37678e-09
-3.91371e-07
0.000316469
9.02392e-08
-3.91031e-07
0.000316469
1.6817e-07
-3.61042e-07
0.000316461
2.31607e-07
-3.06107e-07
0.000316441
2.75925e-07
-2.3394e-07
0.000316398
-1.52307e-07
0.000316307
2.9714e-07
-3.46465e-07
-1.87904e-07
0.000316392
3.76145e-07
-2.9092e-07
-2.93404e-07
0.000316441
-2.10212e-07
-3.88962e-07
0.000316463
-1.08603e-07
-4.63806e-07
0.000316472
4.84787e-09
-5.04961e-07
0.000316475
1.18225e-07
-5.04559e-07
0.000316475
2.19617e-07
-4.62564e-07
0.000316472
2.99701e-07
-3.86396e-07
0.000316463
3.54703e-07
-2.89083e-07
0.000316441
-1.8319e-07
0.000316392
3.85387e-07
-4.48927e-07
-2.22732e-07
0.000316438
4.83594e-07
-3.81921e-07
-3.60584e-07
0.000316461
-2.79842e-07
-4.91199e-07
0.000316471
-1.46447e-07
-5.97344e-07
0.000316475
5.26643e-09
-6.5678e-07
0.000316476
1.5691e-07
-6.5631e-07
0.000316476
2.9032e-07
-5.96088e-07
0.000316475
3.92642e-07
-4.88862e-07
0.000316471
4.60919e-07
-3.5749e-07
0.000316461
-2.21123e-07
0.000316438
4.98721e-07
-5.84194e-07
-2.58266e-07
0.000316457
6.19533e-07
-5.06189e-07
-4.38717e-07
0.000316468
-3.77662e-07
-6.19842e-07
0.000316474
-2.00583e-07
-7.74613e-07
0.000316475
5.57653e-09
-8.62988e-07
0.000316476
2.11574e-07
-8.62413e-07
0.000316476
3.88733e-07
-7.73294e-07
0.000316475
5.17767e-07
-6.18047e-07
0.000316474
5.97056e-07
-4.36909e-07
0.000316468
-2.57373e-07
0.000316457
6.33137e-07
-7.62211e-07
-2.86072e-07
0.000316457
7.89879e-07
-6.77687e-07
-5.2331e-07
0.000316468
-5.18119e-07
-7.7949e-07
0.000316473
-2.79858e-07
-1.01297e-06
0.000316475
5.96796e-09
-1.14882e-06
0.000316475
2.91569e-07
-1.14814e-06
0.000316475
5.29847e-07
-1.01159e-06
0.000316475
6.8929e-07
-7.77592e-07
0.000316473
7.72901e-07
-5.20697e-07
0.000316468
-2.82308e-07
0.000316457
7.97802e-07
-9.98333e-07
-2.89985e-07
0.000316436
1.00216e-06
-9.19168e-07
-6.02612e-07
0.000316459
-7.25442e-07
-9.73288e-07
0.00031647
-3.99171e-07
-1.33932e-06
0.000316473
6.5912e-09
-1.55464e-06
0.000316474
4.12296e-07
-1.55387e-06
0.000316474
7.38963e-07
-1.33838e-06
0.000316473
9.33032e-07
-9.7171e-07
0.00031647
1.0105e-06
-5.98333e-07
0.000316459
-2.79869e-07
0.000316437
1.00798e-06
-1.32275e-06
-2.60945e-07
0.00031639
1.29366e-06
-1.26993e-06
-6.55465e-07
0.000316438
-1.04132e-06
-1.20189e-06
0.00031646
-5.83399e-07
-1.79731e-06
0.000316468
7.3618e-09
-2.1454e-06
0.000316471
5.98103e-07
-2.14461e-06
0.000316471
1.0568e-06
-1.79706e-06
0.000316468
1.28719e-06
-1.20211e-06
0.00031646
1.34098e-06
-6.5221e-07
0.000316439
-2.47294e-07
0.00031639
1.30837e-06
-1.74251e-06
-1.24478e-07
0.000316303
1.60601e-06
-1.78251e-06
-6.15442e-07
0.000316392
-1.53283e-06
-1.45161e-06
0.000316435
-8.71674e-07
-2.45844e-06
0.000316454
7.7928e-09
-3.02481e-06
0.000316462
8.87284e-07
-3.02402e-06
0.000316462
1.549e-06
-2.45884e-06
0.000316454
1.80158e-06
-1.45469e-06
0.000316435
1.76583e-06
-6.16521e-07
0.000316392
-1.08818e-07
0.000316303
1.62735e-06
-2.3393e-06
0.000316149
9.29489e-08
2.12188e-06
-2.57494e-06
0.000316294
-3.79752e-07
-2.32742e-06
0.000316378
-1.69909e-06
-1.3279e-06
0.000316422
-3.45783e-06
6.98861e-09
0.000316442
-4.35968e-06
1.34183e-06
0.000316442
-4.35886e-06
2.3408e-06
0.000316422
-3.45779e-06
2.59201e-06
0.000316378
-1.70592e-06
2.36908e-06
0.000316294
-3.93576e-07
0.000316149
2.14471e-06
1.15503e-07
-2.16666e-07
-1.32569e-07
0.000316161
1.0873e-07
2.40394e-07
-1.74926e-07
-1.90168e-07
0.000316307
1.48393e-07
-1.21821e-07
-2.42006e-07
0.000316393
1.88756e-07
-6.10451e-08
-2.82163e-07
0.000316438
2.21301e-07
4.24546e-09
-3.03861e-07
0.000316458
2.38467e-07
6.97122e-08
-3.03597e-07
0.000316458
2.38007e-07
1.30349e-07
-2.81631e-07
0.000316438
2.20888e-07
1.82279e-07
-2.41232e-07
0.000316393
1.89213e-07
2.22452e-07
-1.88294e-07
0.000316307
1.47997e-07
-1.30147e-07
0.000316161
1.07781e-07
2.44659e-07
-2.69603e-07
-1.56925e-07
0.000316307
2.93916e-07
-2.23472e-07
-2.36412e-07
0.000316398
-1.59105e-07
-3.06529e-07
0.000316442
-8.0953e-08
-3.60412e-07
0.000316462
4.75023e-09
-3.89673e-07
0.000316469
9.0358e-08
-3.89317e-07
0.000316469
1.68035e-07
-3.59358e-07
0.000316462
2.31205e-07
-3.04488e-07
0.000316442
2.75167e-07
-2.32381e-07
0.000316398
-1.50804e-07
0.000316307
2.95753e-07
-3.45115e-07
-1.86478e-07
0.000316392
3.74607e-07
-2.8975e-07
-2.91792e-07
0.000316441
-2.0926e-07
-3.87148e-07
0.000316463
-1.07912e-07
-4.61834e-07
0.000316472
5.2496e-09
-5.02898e-07
0.000316475
1.18329e-07
-5.02476e-07
0.000316475
2.19437e-07
-4.60524e-07
0.000316472
2.99244e-07
-3.84437e-07
0.000316463
3.54005e-07
-2.87215e-07
0.000316441
-1.81478e-07
0.000316392
3.84539e-07
-4.47527e-07
-2.21321e-07
0.000316438
4.82285e-07
-3.80618e-07
-3.58831e-07
0.000316461
-2.78758e-07
-4.89117e-07
0.000316471
-1.45672e-07
-5.95017e-07
0.000316475
5.69118e-09
-6.5432e-07
0.000316476
1.56977e-07
-6.53824e-07
0.000316476
2.90069e-07
-5.93689e-07
0.000316475
3.92173e-07
-4.86643e-07
0.000316471
4.60423e-07
-3.55554e-07
0.000316461
-2.19631e-07
0.000316438
4.98485e-07
-5.82636e-07
-2.57122e-07
0.000316457
6.18288e-07
-5.0466e-07
-4.3693e-07
0.000316468
-3.7638e-07
-6.17495e-07
0.000316474
-1.99695e-07
-7.71882e-07
0.000316475
6.01718e-09
-8.60065e-07
0.000316476
2.11554e-07
-8.59454e-07
0.000316476
3.88313e-07
-7.70479e-07
0.000316475
5.17118e-07
-6.15589e-07
0.000316474
5.96459e-07
-4.35012e-07
0.000316468
-2.56182e-07
0.000316457
6.32854e-07
-7.60206e-07
-2.85325e-07
0.000316457
7.88289e-07
-6.7573e-07
-5.21512e-07
0.000316468
-5.16519e-07
-7.76802e-07
0.000316473
-2.78801e-07
-1.00972e-06
0.000316475
6.43169e-09
-1.14532e-06
0.000316475
2.91421e-07
-1.14459e-06
0.000316475
5.2915e-07
-1.00824e-06
0.000316475
6.8821e-07
-7.74767e-07
0.000316473
7.71712e-07
-5.18708e-07
0.000316468
-2.81286e-07
0.000316457
7.96778e-07
-9.95532e-07
-2.89702e-07
0.000316437
9.99809e-07
-9.16528e-07
-6.00735e-07
0.000316459
-7.23379e-07
-9.70069e-07
0.00031647
-3.97879e-07
-1.33535e-06
0.000316473
7.09627e-09
-1.55039e-06
0.000316474
4.12007e-07
-1.54957e-06
0.000316474
7.3793e-07
-1.33433e-06
0.000316473
9.3143e-07
-9.68357e-07
0.00031647
1.00862e-06
-5.96111e-07
0.00031646
-2.78827e-07
0.000316437
1.00606e-06
-1.31888e-06
-2.61228e-07
0.00031639
1.29031e-06
-1.26637e-06
-6.53387e-07
0.000316439
-1.03868e-06
-1.19782e-06
0.00031646
-5.81833e-07
-1.79233e-06
0.000316468
7.91923e-09
-2.14022e-06
0.000316471
5.97652e-07
-2.13937e-06
0.000316471
1.05533e-06
-1.79206e-06
0.000316468
1.28492e-06
-1.19801e-06
0.00031646
1.33847e-06
-6.49807e-07
0.000316439
-2.46488e-07
0.00031639
1.30605e-06
-1.73754e-06
-1.26218e-07
0.000316303
1.60243e-06
-1.77788e-06
-6.13172e-07
0.000316392
-1.52958e-06
-1.44625e-06
0.000316435
-8.69861e-07
-2.45211e-06
0.000316454
8.37911e-09
-3.01849e-06
0.000316462
8.8665e-07
-3.01764e-06
0.000316462
1.54699e-06
-2.45255e-06
0.000316454
1.7984e-06
-1.4495e-06
0.000316435
1.76263e-06
-6.14164e-07
0.000316392
-1.092e-07
0.000316303
1.62527e-06
-2.33277e-06
0.000316149
8.85233e-08
2.11795e-06
-2.56911e-06
0.000316294
-3.76931e-07
-2.32352e-06
0.000316378
-1.69192e-06
-1.32578e-06
0.000316422
-3.44981e-06
7.52059e-09
0.000316442
-4.35188e-06
1.34078e-06
0.000316442
-4.351e-06
2.33796e-06
0.000316422
-3.44981e-06
2.58754e-06
0.000316378
-1.69918e-06
2.36477e-06
0.000316294
-3.91452e-07
0.00031615
2.1424e-06
1.13033e-07
-2.15793e-07
-1.32576e-07
0.000316161
1.09057e-07
2.39253e-07
-1.7411e-07
-1.89854e-07
0.000316307
1.48132e-07
-1.21102e-07
-2.41524e-07
0.000316393
1.88374e-07
-6.05317e-08
-2.81622e-07
0.000316439
2.20974e-07
4.51224e-09
-3.03289e-07
0.000316458
2.38148e-07
6.97487e-08
-3.03003e-07
0.000316458
2.37649e-07
1.30183e-07
-2.81045e-07
0.000316439
2.20515e-07
1.81954e-07
-2.40688e-07
0.000316393
1.88843e-07
2.2199e-07
-1.8785e-07
0.000316307
1.47706e-07
-1.29981e-07
0.000316161
1.08044e-07
2.43786e-07
-2.68393e-07
-1.56591e-07
0.000316307
2.92349e-07
-2.22475e-07
-2.3592e-07
0.000316398
-1.58298e-07
-3.0588e-07
0.000316442
-8.03787e-08
-3.59659e-07
0.000316462
5.0623e-09
-3.88856e-07
0.00031647
9.0404e-08
-3.88469e-07
0.00031647
1.67824e-07
-3.58516e-07
0.000316462
2.30729e-07
-3.03676e-07
0.000316442
2.74352e-07
-2.31589e-07
0.000316398
-1.50024e-07
0.000316307
2.94339e-07
-3.43781e-07
-1.85929e-07
0.000316392
3.73067e-07
-2.88612e-07
-2.91094e-07
0.000316441
-2.08346e-07
-3.86263e-07
0.000316463
-1.07264e-07
-4.60799e-07
0.000316472
5.60415e-09
-5.01771e-07
0.000316475
1.18386e-07
-5.01312e-07
0.000316475
2.19214e-07
-4.59379e-07
0.000316472
2.98753e-07
-3.83337e-07
0.000316463
3.53282e-07
-2.86165e-07
0.000316441
-1.8054e-07
0.000316393
3.83681e-07
-4.46175e-07
-2.20814e-07
0.000316438
4.8099e-07
-3.79363e-07
-3.58021e-07
0.000316461
-2.77719e-07
-4.87994e-07
0.000316471
-1.44937e-07
-5.93658e-07
0.000316475
6.08407e-09
-6.52828e-07
0.000316476
1.57022e-07
-6.52288e-07
0.000316476
2.8981e-07
-5.92215e-07
0.000316475
3.91708e-07
-4.85313e-07
0.000316471
4.59943e-07
-3.54464e-07
0.000316461
-2.18936e-07
0.000316438
4.98274e-07
-5.81163e-07
-2.56875e-07
0.000316457
6.17091e-07
-5.03196e-07
-4.36084e-07
0.000316469
-3.7515e-07
-6.16114e-07
0.000316474
-1.98842e-07
-7.70126e-07
0.000316475
6.44172e-09
-8.58116e-07
0.000316476
2.11538e-07
-8.57454e-07
0.000316476
3.87921e-07
-7.68599e-07
0.000316475
5.16516e-07
-6.14026e-07
0.000316474
5.95925e-07
-4.33964e-07
0.000316469
-2.55788e-07
0.000316457
6.32642e-07
-7.5833e-07
-2.85437e-07
0.000316457
7.86796e-07
-6.7386e-07
-5.20626e-07
0.000316468
-5.14982e-07
-7.75059e-07
0.000316473
-2.77776e-07
-1.00742e-06
0.000316475
6.89409e-09
-1.14278e-06
0.000316475
2.91305e-07
-1.14199e-06
0.000316475
5.28516e-07
-1.00581e-06
0.000316475
6.87222e-07
-7.72827e-07
0.000316473
7.70634e-07
-5.17552e-07
0.000316468
-2.81043e-07
0.000316457
7.95876e-07
-9.92909e-07
-2.90218e-07
0.000316437
9.97617e-07
-9.14004e-07
-5.99723e-07
0.00031646
-7.21393e-07
-9.67761e-07
0.00031647
-3.96619e-07
-1.3323e-06
0.000316473
7.61283e-09
-1.54709e-06
0.000316474
4.11777e-07
-1.5462e-06
0.000316474
7.36995e-07
-1.33118e-06
0.000316473
9.29966e-07
-9.65865e-07
0.00031647
1.00691e-06
-5.94695e-07
0.00031646
-2.78529e-07
0.000316437
1.00431e-06
-1.31524e-06
-2.6223e-07
0.00031639
1.28717e-06
-1.26295e-06
-6.52112e-07
0.000316439
-1.03613e-06
-1.19462e-06
0.00031646
-5.80302e-07
-1.78825e-06
0.000316468
8.49889e-09
-2.13594e-06
0.000316471
5.97281e-07
-2.13502e-06
0.000316471
1.054e-06
-1.78793e-06
0.000316468
1.28284e-06
-1.19475e-06
0.00031646
1.33618e-06
-6.48169e-07
0.000316439
-2.46373e-07
0.00031639
1.30395e-06
-1.73288e-06
-1.28577e-07
0.000316303
1.59915e-06
-1.77344e-06
-6.11646e-07
0.000316392
-1.52644e-06
-1.44173e-06
0.000316435
-8.68087e-07
-2.44665e-06
0.000316454
8.99485e-09
-3.01303e-06
0.000316462
8.86116e-07
-3.01213e-06
0.000316462
1.54515e-06
-2.4471e-06
0.000316454
1.79545e-06
-1.44511e-06
0.000316435
1.75969e-06
-6.12527e-07
0.000316392
-1.10186e-07
0.000316303
1.62344e-06
-2.32655e-06
0.000316149
8.36031e-08
2.11431e-06
-2.5635e-06
0.000316294
-3.74783e-07
-2.31974e-06
0.000316378
-1.68554e-06
-1.3237e-06
0.000316422
-3.44263e-06
8.08533e-09
0.000316442
-4.3449e-06
1.33984e-06
0.000316442
-4.34397e-06
2.33531e-06
0.000316422
-3.44264e-06
2.58334e-06
0.000316378
-1.69323e-06
2.36073e-06
0.000316294
-3.89982e-07
0.00031615
2.14036e-06
1.10056e-07
-2.14961e-07
-1.32921e-07
0.000316161
1.09594e-07
2.38222e-07
-1.73294e-07
-1.89957e-07
0.000316307
1.48214e-07
-1.20379e-07
-2.41517e-07
0.000316393
1.88426e-07
-6.00233e-08
-2.81596e-07
0.000316439
2.2113e-07
4.76173e-09
-3.03247e-07
0.000316458
2.38331e-07
6.9756e-08
-3.02938e-07
0.000316458
2.37793e-07
1.2998e-07
-2.80969e-07
0.000316439
2.2062e-07
1.81593e-07
-2.40619e-07
0.000316393
1.88906e-07
2.21521e-07
-1.8783e-07
0.000316307
1.4777e-07
-1.3018e-07
0.000316161
1.08554e-07
2.42985e-07
-2.67265e-07
-1.56685e-07
0.000316307
2.90922e-07
-2.21515e-07
-2.35901e-07
0.000316398
-1.57514e-07
-3.0574e-07
0.000316442
-7.98235e-08
-3.59442e-07
0.000316462
5.35385e-09
-3.88587e-07
0.00031647
9.04285e-08
-3.88169e-07
0.00031647
1.67593e-07
-3.58207e-07
0.000316462
2.30247e-07
-3.03373e-07
0.000316442
2.73562e-07
-2.31274e-07
0.000316398
-1.49685e-07
0.000316307
2.93011e-07
-3.4256e-07
-1.85865e-07
0.000316393
3.7167e-07
-2.87543e-07
-2.90912e-07
0.000316441
-2.07479e-07
-3.85919e-07
0.000316463
-1.06649e-07
-4.60323e-07
0.000316472
5.93725e-09
-5.0121e-07
0.000316475
1.18433e-07
-5.00714e-07
0.000316475
2.18994e-07
-4.58788e-07
0.000316472
2.98285e-07
-3.82772e-07
0.000316463
3.5261e-07
-2.85626e-07
0.000316442
-1.80085e-07
0.000316393
3.82913e-07
-4.44959e-07
-2.20821e-07
0.000316438
4.79844e-07
-3.78198e-07
-3.57749e-07
0.000316461
-2.76746e-07
-4.87433e-07
0.000316471
-1.44244e-07
-5.92874e-07
0.000316475
6.45686e-09
-6.51914e-07
0.000316476
1.5707e-07
-6.5133e-07
0.000316476
2.89575e-07
-5.91305e-07
0.000316475
3.91291e-07
-4.84531e-07
0.000316471
4.59537e-07
-3.53897e-07
0.000316461
-2.18739e-07
0.000316438
4.98165e-07
-5.79849e-07
-2.57148e-07
0.000316457
6.16057e-07
-5.01842e-07
-4.35782e-07
0.000316469
-3.73999e-07
-6.15299e-07
0.000316474
-1.98037e-07
-7.6895e-07
0.000316476
6.84955e-09
-8.56749e-07
0.000316476
2.11537e-07
-8.56033e-07
0.000316476
3.87572e-07
-7.67284e-07
0.000316476
5.15987e-07
-6.13012e-07
0.000316474
5.95492e-07
-4.33439e-07
0.000316469
-2.55888e-07
0.000316457
6.32555e-07
-7.5664e-07
-2.86059e-07
0.000316457
7.85492e-07
-6.72117e-07
-5.20278e-07
0.000316468
-5.13534e-07
-7.73881e-07
0.000316473
-2.76802e-07
-1.00571e-06
0.000316475
7.34589e-09
-1.14081e-06
0.000316475
2.91215e-07
-1.13996e-06
0.000316475
5.27947e-07
-1.00394e-06
0.000316475
6.86333e-07
-7.71428e-07
0.000316473
7.69687e-07
-5.16908e-07
0.000316468
-2.81275e-07
0.000316457
7.95128e-07
-9.90503e-07
-2.91223e-07
0.000316437
9.95649e-07
-9.11623e-07
-5.99234e-07
0.00031646
-7.19507e-07
-9.66006e-07
0.00031647
-3.95411e-07
-1.32983e-06
0.000316473
8.12593e-09
-1.54435e-06
0.000316474
4.11588e-07
-1.54339e-06
0.000316474
7.36147e-07
-1.32858e-06
0.000316473
9.2863e-07
-9.63899e-07
0.00031647
1.00536e-06
-5.9377e-07
0.00031646
-2.78679e-07
0.000316437
1.00275e-06
-1.31184e-06
-2.63692e-07
0.00031639
1.28431e-06
-1.2597e-06
-6.51344e-07
0.000316439
-1.03369e-06
-1.19197e-06
0.00031646
-5.78821e-07
-1.78472e-06
0.000316468
9.08261e-09
-2.13221e-06
0.000316471
5.96966e-07
-2.13122e-06
0.000316471
1.05278e-06
-1.78433e-06
0.000316468
1.28091e-06
-1.192e-06
0.00031646
1.33409e-06
-6.46999e-07
0.000316439
-2.46673e-07
0.00031639
1.30208e-06
-1.72849e-06
-1.31356e-07
0.000316303
1.59616e-06
-1.76918e-06
-6.10608e-07
0.000316392
-1.52342e-06
-1.43774e-06
0.000316435
-8.6636e-07
-2.44173e-06
0.000316454
9.6258e-09
-3.00811e-06
0.000316462
8.8565e-07
-3.00713e-06
0.000316462
1.54344e-06
-2.44217e-06
0.000316454
1.79269e-06
-1.44123e-06
0.000316435
1.75698e-06
-6.11337e-07
0.000316392
-1.11539e-07
0.000316303
1.62187e-06
-2.32064e-06
0.000316149
7.83322e-08
2.11097e-06
-2.55809e-06
0.000316294
-3.73093e-07
-2.31608e-06
0.000316378
-1.67972e-06
-1.32167e-06
0.000316422
-3.43599e-06
8.67935e-09
0.000316442
-4.33845e-06
1.33898e-06
0.000316442
-4.33744e-06
2.33281e-06
0.000316422
-3.43599e-06
2.57935e-06
0.000316378
-1.68778e-06
2.35696e-06
0.000316294
-3.88926e-07
0.00031615
2.13858e-06
1.06774e-07
-2.14162e-07
-1.33285e-07
0.000316162
1.10196e-07
2.37123e-07
-1.72458e-07
-1.90042e-07
0.000316307
1.48293e-07
-1.19607e-07
-2.41494e-07
0.000316393
1.88466e-07
-5.94389e-08
-2.81562e-07
0.000316439
2.21284e-07
5.10855e-09
-3.03211e-07
0.000316459
2.38528e-07
6.98739e-08
-3.02895e-07
0.000316459
2.37968e-07
1.29891e-07
-2.80935e-07
0.000316439
2.20776e-07
1.81339e-07
-2.4061e-07
0.000316393
1.89039e-07
2.21131e-07
-1.87884e-07
0.000316307
1.47929e-07
-1.30469e-07
0.000316162
1.09211e-07
2.42189e-07
-2.66131e-07
-1.56704e-07
0.000316307
2.89483e-07
-2.20513e-07
-2.35801e-07
0.000316398
-1.56674e-07
-3.05534e-07
0.000316442
-7.91978e-08
-3.59175e-07
0.000316462
5.72664e-09
-3.88289e-07
0.00031647
9.0539e-08
-3.87864e-07
0.00031647
1.67446e-07
-3.57921e-07
0.000316462
2.29838e-07
-3.03117e-07
0.000316442
2.72828e-07
-2.31026e-07
0.000316398
-1.4943e-07
0.000316307
2.9171e-07
-3.41318e-07
-1.85734e-07
0.000316393
3.70282e-07
-2.86438e-07
-2.90667e-07
0.000316442
-2.06569e-07
-3.85536e-07
0.000316463
-1.05983e-07
-4.59831e-07
0.000316472
6.32786e-09
-5.00657e-07
0.000316475
1.18539e-07
-5.0015e-07
0.000316475
2.18829e-07
-4.58258e-07
0.000316472
2.97861e-07
-3.8229e-07
0.000316463
3.5197e-07
-2.8519e-07
0.000316442
-1.7975e-07
0.000316393
3.82161e-07
-4.43723e-07
-2.20807e-07
0.000316438
4.78718e-07
-3.77017e-07
-3.57467e-07
0.000316461
-2.75752e-07
-4.86889e-07
0.000316472
-1.43524e-07
-5.92135e-07
0.000316475
6.86179e-09
-6.51072e-07
0.000316476
1.57151e-07
-6.5047e-07
0.000316476
2.8937e-07
-5.90517e-07
0.000316475
3.90896e-07
-4.83889e-07
0.000316472
4.59141e-07
-3.53488e-07
0.000316461
-2.18713e-07
0.000316438
4.98052e-07
-5.78523e-07
-2.57473e-07
0.000316458
6.1505e-07
-5.00497e-07
-4.35552e-07
0.000316469
-3.72854e-07
-6.14589e-07
0.000316474
-1.97232e-07
-7.67909e-07
0.000316476
7.26406e-09
-8.55546e-07
0.000316476
2.11546e-07
-8.54799e-07
0.000316476
3.87232e-07
-7.66175e-07
0.000316476
5.15463e-07
-6.12217e-07
0.000316474
5.95051e-07
-4.33141e-07
0.000316469
-2.56219e-07
0.000316458
6.32446e-07
-7.54952e-07
-2.86828e-07
0.000316457
7.84222e-07
-6.70414e-07
-5.20106e-07
0.000316468
-5.12122e-07
-7.72918e-07
0.000316473
-2.75855e-07
-1.00424e-06
0.000316475
7.78028e-09
-1.13913e-06
0.000316475
2.91118e-07
-1.13823e-06
0.000316475
5.27375e-07
-1.00239e-06
0.000316475
6.8544e-07
-7.70341e-07
0.000316473
7.68726e-07
-5.1657e-07
0.000316468
-2.81803e-07
0.000316457
7.9435e-07
-9.88123e-07
-2.9248e-07
0.000316437
9.93726e-07
-9.0932e-07
-5.99043e-07
0.00031646
-7.17688e-07
-9.64601e-07
0.00031647
-3.94256e-07
-1.32773e-06
0.000316473
8.60264e-09
-1.54202e-06
0.000316474
4.11378e-07
-1.541e-06
0.000316474
7.35292e-07
-1.32641e-06
0.000316473
9.27294e-07
-9.62355e-07
0.00031647
1.00381e-06
-5.93242e-07
0.00031646
-2.79195e-07
0.000316437
1.00117e-06
-1.30851e-06
-2.65515e-07
0.00031639
1.2815e-06
-1.25658e-06
-6.51004e-07
0.000316439
-1.03135e-06
-1.18981e-06
0.00031646
-5.7742e-07
-1.78173e-06
0.000316468
9.61698e-09
-2.12905e-06
0.000316471
5.96629e-07
-2.12799e-06
0.000316471
1.05156e-06
-1.7813e-06
0.000316468
1.27901e-06
-1.18979e-06
0.00031646
1.33201e-06
-6.46322e-07
0.000316439
-2.47401e-07
0.00031639
1.30021e-06
-1.72423e-06
-1.34574e-07
0.000316303
1.59325e-06
-1.76511e-06
-6.10133e-07
0.000316392
-1.52055e-06
-1.43443e-06
0.000316435
-8.64737e-07
-2.43752e-06
0.000316454
1.01967e-08
-3.00393e-06
0.000316462
8.85174e-07
-3.00288e-06
0.000316462
1.54176e-06
-2.43797e-06
0.000316454
1.79e-06
-1.43802e-06
0.000316435
1.75435e-06
-6.10741e-07
0.000316392
-1.13365e-07
0.000316303
1.62033e-06
-2.31492e-06
0.00031615
7.25841e-08
2.10776e-06
-2.55296e-06
0.000316294
-3.7209e-07
-2.31262e-06
0.000316378
-1.67476e-06
-1.31976e-06
0.000316422
-3.43026e-06
9.20585e-09
0.000316442
-4.33292e-06
1.33813e-06
0.000316442
-4.33184e-06
2.33038e-06
0.000316422
-3.43023e-06
2.5755e-06
0.000316378
-1.68318e-06
2.35331e-06
0.000316294
-3.88552e-07
0.00031615
2.1369e-06
1.02975e-07
-2.13334e-07
-1.34106e-07
0.000316162
1.11294e-07
2.35959e-07
-1.71677e-07
-1.90548e-07
0.000316308
1.48767e-07
-1.18904e-07
-2.41854e-07
0.000316393
1.88827e-07
-5.89168e-08
-2.81884e-07
0.000316439
2.21721e-07
5.40831e-09
-3.03517e-07
0.000316459
2.38993e-07
6.99625e-08
-3.03194e-07
0.000316459
2.38413e-07
1.29787e-07
-2.8125e-07
0.000316439
2.21219e-07
1.81075e-07
-2.40966e-07
0.000316393
1.89488e-07
2.20718e-07
-1.88326e-07
0.000316308
1.48446e-07
-1.31169e-07
0.000316162
1.10278e-07
2.41325e-07
-2.64953e-07
-1.57228e-07
0.000316307
2.8794e-07
-2.19543e-07
-2.36189e-07
0.000316398
-1.55881e-07
-3.05791e-07
0.000316442
-7.86206e-08
-3.59351e-07
0.000316462
6.05937e-09
-3.88419e-07
0.00031647
9.062e-08
-3.87982e-07
0.00031647
1.67277e-07
-3.58057e-07
0.000316462
2.29406e-07
-3.03291e-07
0.000316442
2.72056e-07
-2.31218e-07
0.000316398
-1.49621e-07
0.000316307
2.90336e-07
-3.40025e-07
-1.86136e-07
0.000316393
3.68796e-07
-2.85341e-07
-2.90951e-07
0.000316442
-2.05685e-07
-3.85666e-07
0.000316464
-1.05349e-07
-4.59838e-07
0.000316472
6.68689e-09
-5.00593e-07
0.000316475
1.18616e-07
-5.00068e-07
0.000316475
2.18636e-07
-4.58207e-07
0.000316472
2.97403e-07
-3.82291e-07
0.000316464
3.51283e-07
-2.8524e-07
0.000316442
-1.799e-07
0.000316393
3.8134e-07
-4.4243e-07
-2.2136e-07
0.000316438
4.77501e-07
-3.75829e-07
-3.57755e-07
0.000316461
-2.74766e-07
-4.86906e-07
0.000316472
-1.42822e-07
-5.91947e-07
0.000316475
7.24212e-09
-6.50775e-07
0.000316476
1.57203e-07
-6.50149e-07
0.000316476
2.89131e-07
-5.90265e-07
0.000316475
3.90459e-07
-4.83783e-07
0.000316472
4.5869e-07
-3.53615e-07
0.000316461
-2.19218e-07
0.000316438
4.97866e-07
-5.77137e-07
-2.58401e-07
0.000316458
6.13956e-07
-4.99134e-07
-4.35932e-07
0.000316469
-3.71707e-07
-6.14483e-07
0.000316474
-1.96437e-07
-7.67469e-07
0.000316476
7.65886e-09
-8.54942e-07
0.000316476
2.11527e-07
-8.54161e-07
0.000316476
3.86858e-07
-7.65658e-07
0.000316476
5.14892e-07
-6.12011e-07
0.000316474
5.94549e-07
-4.33428e-07
0.000316469
-2.57131e-07
0.000316458
6.32259e-07
-7.53204e-07
-2.88232e-07
0.000316457
7.82868e-07
-6.68688e-07
-5.20581e-07
0.000316468
-5.10704e-07
-7.72601e-07
0.000316474
-2.74915e-07
-1.00342e-06
0.000316475
8.19717e-09
-1.1381e-06
0.000316475
2.90993e-07
-1.13716e-06
0.000316475
5.26765e-07
-1.00148e-06
0.000316475
6.84496e-07
-7.69895e-07
0.000316474
7.67698e-07
-5.16867e-07
0.000316468
-2.82961e-07
0.000316457
7.93489e-07
-9.85683e-07
-2.94396e-07
0.000316437
9.9172e-07
-9.06996e-07
-5.99527e-07
0.00031646
-7.15866e-07
-9.63879e-07
0.00031647
-3.93111e-07
-1.32634e-06
0.000316473
9.06028e-09
-1.5404e-06
0.000316474
4.11142e-07
-1.53933e-06
0.000316474
7.34401e-07
-1.32495e-06
0.000316473
9.25908e-07
-9.61504e-07
0.00031647
1.00219e-06
-5.93396e-07
0.00031646
-2.80387e-07
0.000316437
9.99508e-07
-1.30512e-06
-2.68001e-07
0.00031639
1.27861e-06
-1.25344e-06
-6.51357e-07
0.000316439
-1.02902e-06
-1.18837e-06
0.00031646
-5.76036e-07
-1.77949e-06
0.000316468
1.01277e-08
-2.12665e-06
0.000316471
5.96266e-07
-2.12553e-06
0.000316471
1.0503e-06
-1.77903e-06
0.000316468
1.27706e-06
-1.18832e-06
0.00031646
1.32987e-06
-6.46371e-07
0.000316439
-2.48845e-07
0.00031639
1.29826e-06
-1.71993e-06
-1.3844e-07
0.000316303
1.59026e-06
-1.76104e-06
-6.10365e-07
0.000316392
-1.5177e-06
-1.43186e-06
0.000316435
-8.63145e-07
-2.43411e-06
0.000316454
1.07377e-08
-3.00056e-06
0.000316462
8.84669e-07
-2.99945e-06
0.000316462
1.54005e-06
-2.43457e-06
0.000316454
1.78726e-06
-1.43561e-06
0.000316435
1.75168e-06
-6.10918e-07
0.000316392
-1.15918e-07
0.000316303
1.61871e-06
-2.30919e-06
0.00031615
6.61889e-08
2.10449e-06
-2.54785e-06
0.000316294
-3.71798e-07
-2.30921e-06
0.000316378
-1.67057e-06
-1.3179e-06
0.000316422
-3.42536e-06
9.69516e-09
0.000316443
-4.32826e-06
1.33725e-06
0.000316443
-4.32711e-06
2.32792e-06
0.000316422
-3.42532e-06
2.57159e-06
0.000316378
-1.67939e-06
2.3496e-06
0.000316294
-3.88981e-07
0.00031615
2.13517e-06
9.83958e-08
-2.12503e-07
-1.35953e-07
0.000316162
1.13252e-07
2.34872e-07
-1.70911e-07
-1.9214e-07
0.000316308
1.50201e-07
-1.18243e-07
-2.43317e-07
0.000316394
1.90188e-07
-5.84676e-08
-2.83313e-07
0.000316439
2.23163e-07
5.60959e-09
-3.04922e-07
0.000316459
2.40451e-07
6.99359e-08
-3.0457e-07
0.000316459
2.39827e-07
1.29564e-07
-2.82614e-07
0.000316439
2.22598e-07
1.80704e-07
-2.42334e-07
0.000316394
1.90831e-07
2.20234e-07
-1.8974e-07
0.000316308
1.49804e-07
-1.32801e-07
0.000316162
1.12127e-07
2.4046e-07
-2.63831e-07
-1.58947e-07
0.000316308
2.86465e-07
-2.1863e-07
-2.37809e-07
0.000316398
-1.55153e-07
-3.07283e-07
0.000316442
-7.81175e-08
-3.60756e-07
0.000316462
6.31062e-09
-3.89763e-07
0.00031647
9.06187e-08
-3.89285e-07
0.00031647
1.67036e-07
-3.59346e-07
0.000316462
2.28923e-07
-3.04576e-07
0.000316442
2.71264e-07
-2.32477e-07
0.000316398
-1.50835e-07
0.000316308
2.8898e-07
-3.3881e-07
-1.87822e-07
0.000316393
3.67374e-07
-2.84309e-07
-2.92545e-07
0.000316442
-2.0486e-07
-3.87099e-07
0.000316464
-1.04774e-07
-4.61136e-07
0.000316472
6.98941e-09
-5.01802e-07
0.000316475
1.18644e-07
-5.01231e-07
0.000316475
2.18407e-07
-4.59369e-07
0.000316472
2.96934e-07
-3.83467e-07
0.000316464
3.50613e-07
-2.86425e-07
0.000316442
-1.81137e-07
0.000316393
3.80562e-07
-4.41219e-07
-2.23247e-07
0.000316438
4.76346e-07
-3.74694e-07
-3.59394e-07
0.000316462
-2.73826e-07
-4.88262e-07
0.000316472
-1.4216e-07
-5.93083e-07
0.000316476
7.59206e-09
-6.51782e-07
0.000316477
1.57237e-07
-6.51105e-07
0.000316477
2.8889e-07
-5.91261e-07
0.000316476
3.9004e-07
-4.84892e-07
0.000316472
4.58281e-07
-3.5492e-07
0.000316462
-2.20858e-07
0.000316438
4.97748e-07
-5.75829e-07
-2.60679e-07
0.000316458
6.12923e-07
-4.97805e-07
-4.3767e-07
0.000316469
-3.70585e-07
-6.1572e-07
0.000316474
-1.95658e-07
-7.68354e-07
0.000316476
8.04889e-09
-8.55643e-07
0.000316476
2.11516e-07
-8.54803e-07
0.000316476
3.86505e-07
-7.66398e-07
0.000316476
5.14359e-07
-6.13033e-07
0.000316474
5.94106e-07
-4.34917e-07
0.000316469
-2.59212e-07
0.000316458
6.32157e-07
-7.51522e-07
-2.90978e-07
0.000316457
7.81571e-07
-6.66974e-07
-5.2239e-07
0.000316468
-5.0929e-07
-7.73599e-07
0.000316474
-2.73969e-07
-1.0039e-06
0.000316475
8.63212e-09
-1.13834e-06
0.000316476
2.909e-07
-1.13734e-06
0.000316476
5.26197e-07
-1.00181e-06
0.000316475
6.83606e-07
-7.70669e-07
0.000316474
7.66739e-07
-5.1837e-07
0.000316468
-2.85313e-07
0.000316457
7.92724e-07
-9.8329e-07
-2.97632e-07
0.000316437
9.89763e-07
-9.04656e-07
-6.01298e-07
0.00031646
-7.14024e-07
-9.64418e-07
0.00031647
-3.91939e-07
-1.32619e-06
0.000316473
9.55484e-09
-1.54001e-06
0.000316474
4.10954e-07
-1.53887e-06
0.000316474
7.33564e-07
-1.32468e-06
0.000316473
9.24581e-07
-9.61843e-07
0.00031647
1.00064e-06
-5.94741e-07
0.00031646
-2.82787e-07
0.000316437
9.97941e-07
-1.30175e-06
-2.71768e-07
0.00031639
1.27574e-06
-1.25025e-06
-6.52929e-07
0.000316439
-1.02665e-06
-1.18812e-06
0.00031646
-5.74605e-07
-1.77842e-06
0.000316468
1.06891e-08
-2.12542e-06
0.000316471
5.95956e-07
-2.12423e-06
0.000316471
1.0491e-06
-1.7779e-06
0.000316468
1.27516e-06
-1.188e-06
0.00031646
1.32779e-06
-6.47583e-07
0.000316439
-2.51497e-07
0.00031639
1.29638e-06
-1.71559e-06
-1.43544e-07
0.000316303
1.58725e-06
-1.75686e-06
-6.11747e-07
0.000316393
-1.51476e-06
-1.43036e-06
0.000316435
-8.61483e-07
-2.43177e-06
0.000316454
1.13384e-08
-2.99827e-06
0.000316462
8.8421e-07
-2.99711e-06
0.000316462
1.53837e-06
-2.43225e-06
0.000316454
1.78453e-06
-1.43426e-06
0.000316435
1.74901e-06
-6.12227e-07
0.000316393
-1.19647e-07
0.000316303
1.61709e-06
-2.3033e-06
0.00031615
5.85315e-08
2.10116e-06
-2.54251e-06
0.000316294
-3.72583e-07
-2.30564e-06
0.000316378
-1.6673e-06
-1.31594e-06
0.000316423
-3.42139e-06
1.02487e-08
0.000316443
-4.32456e-06
1.33639e-06
0.000316443
-4.32335e-06
2.32543e-06
0.000316423
-3.42137e-06
2.5676e-06
0.000316378
-1.67654e-06
2.34578e-06
0.000316294
-3.90481e-07
0.00031615
2.13337e-06
9.2618e-08
-2.11732e-07
-1.39135e-07
0.000316163
1.1633e-07
2.33856e-07
-1.70072e-07
-1.95093e-07
0.000316309
1.52841e-07
-1.17482e-07
-2.46201e-07
0.000316394
1.92856e-07
-5.79297e-08
-2.86211e-07
0.00031644
2.25977e-07
5.87144e-09
-3.07823e-07
0.00031646
2.43308e-07
6.99402e-08
-3.07447e-07
0.00031646
2.42634e-07
1.29354e-07
-2.85463e-07
0.00031644
2.25336e-07
1.80352e-07
-2.45155e-07
0.000316394
1.93477e-07
2.19805e-07
-1.92571e-07
0.000316309
1.52403e-07
-1.35825e-07
0.000316163
1.15205e-07
2.39679e-07
-2.62799e-07
-1.62065e-07
0.000316308
2.85142e-07
-2.17699e-07
-2.40872e-07
0.000316399
-1.54376e-07
-3.1028e-07
0.000316443
-7.75601e-08
-3.63715e-07
0.000316463
6.60808e-09
-3.92694e-07
0.000316471
9.06548e-08
-3.92189e-07
0.000316471
1.66833e-07
-3.62232e-07
0.000316463
2.28498e-07
-3.07439e-07
0.000316443
2.70566e-07
-2.35285e-07
0.000316399
-1.53562e-07
0.000316308
2.87754e-07
-3.37691e-07
-1.91029e-07
0.000316394
3.66116e-07
-2.83294e-07
-2.95716e-07
0.000316443
-2.04028e-07
-3.9017e-07
0.000316464
-1.04177e-07
-4.64118e-07
0.000316473
7.31918e-09
-5.04726e-07
0.000316476
1.18705e-07
-5.04126e-07
0.000316476
2.18224e-07
-4.62265e-07
0.000316473
2.96532e-07
-3.86365e-07
0.000316464
3.5004e-07
-2.89305e-07
0.000316443
-1.84029e-07
0.000316394
3.79913e-07
-4.40103e-07
-2.26784e-07
0.000316439
4.75354e-07
-3.73602e-07
-3.62742e-07
0.000316462
-2.72908e-07
-4.91388e-07
0.000316473
-1.41503e-07
-5.96034e-07
0.000316476
7.95025e-09
-6.54636e-07
0.000316477
1.57293e-07
-6.53924e-07
0.000316477
2.88687e-07
-5.94123e-07
0.000316476
3.8968e-07
-4.87857e-07
0.000316473
4.57957e-07
-3.58057e-07
0.000316462
-2.24288e-07
0.000316439
4.97743e-07
-5.74611e-07
-2.64744e-07
0.000316458
6.12042e-07
-4.96543e-07
-4.41247e-07
0.00031647
-3.69513e-07
-6.18856e-07
0.000316475
-1.9491e-07
-7.71187e-07
0.000316477
8.42916e-09
-8.58324e-07
0.000316477
2.11518e-07
-8.57442e-07
0.000316477
3.86185e-07
-7.69132e-07
0.000316476
5.13877e-07
-6.16037e-07
0.000316475
5.93733e-07
-4.38363e-07
0.00031647
-2.63216e-07
0.000316458
6.3215e-07
-7.4993e-07
-2.9565e-07
0.000316458
7.80419e-07
-6.65352e-07
-5.26165e-07
0.000316469
-5.07955e-07
-7.76623e-07
0.000316474
-2.73079e-07
-1.00646e-06
0.000316476
9.04185e-09
-1.14071e-06
0.000316476
2.90812e-07
-1.13965e-06
0.000316476
5.2566e-07
-1.00426e-06
0.000316476
6.82761e-07
-7.7354e-07
0.000316474
7.65837e-07
-5.21943e-07
0.000316469
-2.89711e-07
0.000316458
7.92035e-07
-9.80992e-07
-3.02925e-07
0.000316437
9.87939e-07
-9.02437e-07
-6.0515e-07
0.00031646
-7.12294e-07
-9.671e-07
0.00031647
-3.90847e-07
-1.32825e-06
0.000316474
1.00119e-08
-1.54188e-06
0.000316475
4.10771e-07
-1.54068e-06
0.000316475
7.32763e-07
-1.32666e-06
0.000316474
9.23302e-07
-9.64383e-07
0.00031647
9.99138e-07
-5.98254e-07
0.00031646
-2.87347e-07
0.000316437
9.96433e-07
-1.29847e-06
-2.77706e-07
0.000316391
1.27298e-06
-1.24721e-06
-6.56681e-07
0.000316439
-1.02441e-06
-1.19011e-06
0.00031646
-5.73274e-07
-1.77968e-06
0.000316469
1.12052e-08
-2.12658e-06
0.000316471
5.95655e-07
-2.12533e-06
0.000316471
1.04794e-06
-1.77913e-06
0.000316469
1.27331e-06
-1.18997e-06
0.00031646
1.32575e-06
-6.51039e-07
0.000316439
-2.56388e-07
0.000316391
1.29452e-06
-1.71136e-06
-1.50859e-07
0.000316303
1.58429e-06
-1.75284e-06
-6.15394e-07
0.000316393
-1.51197e-06
-1.43121e-06
0.000316436
-8.59926e-07
-2.43187e-06
0.000316455
1.18906e-08
-2.99849e-06
0.000316463
8.83759e-07
-2.99726e-06
0.000316463
1.53673e-06
-2.43237e-06
0.000316455
1.78185e-06
-1.43527e-06
0.000316436
1.74639e-06
-6.1585e-07
0.000316393
-1.25606e-07
0.000316303
1.61541e-06
-2.29747e-06
0.00031615
4.86626e-08
2.0978e-06
-2.53729e-06
0.000316294
-3.75692e-07
-2.30217e-06
0.000316378
-1.66643e-06
-1.31406e-06
0.000316423
-3.41994e-06
1.07571e-08
0.000316443
-4.32344e-06
1.33552e-06
0.000316443
-4.32217e-06
2.32294e-06
0.000316423
-3.41992e-06
2.56357e-06
0.000316378
-1.67607e-06
2.34189e-06
0.000316294
-3.94303e-07
0.00031615
2.13149e-06
8.45437e-08
-2.11084e-07
-1.45095e-07
0.000316164
1.21892e-07
2.32988e-07
-1.6935e-07
-2.00864e-07
0.00031631
1.57958e-07
-1.16807e-07
-2.5196e-07
0.000316396
1.98061e-07
-5.7443e-08
-2.9201e-07
0.000316441
2.31366e-07
6.11609e-09
-3.13631e-07
0.000316461
2.48756e-07
6.99594e-08
-3.13226e-07
0.000316461
2.48031e-07
1.29191e-07
-2.91199e-07
0.000316441
2.30645e-07
1.8008e-07
-2.5084e-07
0.000316396
1.9866e-07
2.19497e-07
-1.98229e-07
0.00031631
1.57484e-07
-1.41636e-07
0.000316164
1.20728e-07
2.39048e-07
-2.61956e-07
-1.68293e-07
0.00031631
2.84032e-07
-2.16938e-07
-2.471e-07
0.0003164
-1.53721e-07
-3.16489e-07
0.000316444
-7.70758e-08
-3.69902e-07
0.000316464
6.88196e-09
-3.98856e-07
0.000316472
9.07172e-08
-3.98325e-07
0.000316472
1.66708e-07
-3.68346e-07
0.000316464
2.28205e-07
-3.13524e-07
0.000316444
2.70054e-07
-2.41293e-07
0.0003164
-1.59443e-07
0.00031631
2.86749e-07
-3.36759e-07
-1.97649e-07
0.000316395
3.65068e-07
-2.82451e-07
-3.0237e-07
0.000316444
-2.03322e-07
-3.96775e-07
0.000316466
-1.0366e-07
-4.70652e-07
0.000316474
7.61887e-09
-5.11207e-07
0.000316477
1.18786e-07
-5.10582e-07
0.000316477
2.18113e-07
-4.68725e-07
0.000316474
2.96253e-07
-3.92823e-07
0.000316466
3.49637e-07
-2.95722e-07
0.000316444
-1.90409e-07
0.000316395
3.79473e-07
-4.39136e-07
-2.34023e-07
0.00031644
4.74537e-07
-3.72657e-07
-3.69868e-07
0.000316463
-2.72107e-07
-4.98345e-07
0.000316474
-1.40926e-07
-6.02844e-07
0.000316477
8.27101e-09
-6.61362e-07
0.000316478
1.57356e-07
-6.60623e-07
0.000316478
2.88532e-07
-6.00866e-07
0.000316477
3.89405e-07
-4.94692e-07
0.000316474
4.57749e-07
-3.65035e-07
0.000316463
-2.31507e-07
0.00031644
4.97882e-07
-5.73502e-07
-2.72769e-07
0.000316459
6.11287e-07
-4.95407e-07
-4.48862e-07
0.00031647
-3.68553e-07
-6.26092e-07
0.000316476
-1.94247e-07
-7.78163e-07
0.000316477
8.76288e-09
-8.65176e-07
0.000316478
2.11513e-07
-8.64261e-07
0.000316478
3.8589e-07
-7.76036e-07
0.000316477
5.1344e-07
-6.23184e-07
0.000316476
5.93418e-07
-4.45913e-07
0.00031647
-2.71266e-07
0.000316459
6.32217e-07
-7.48424e-07
-3.04502e-07
0.000316459
7.79353e-07
-6.63856e-07
-5.34195e-07
0.00031647
-5.06745e-07
-7.8398e-07
0.000316475
-2.72288e-07
-1.01343e-06
0.000316477
9.39542e-09
-1.14753e-06
0.000316477
2.90713e-07
-1.14643e-06
0.000316477
5.25143e-07
-1.01115e-06
0.000316477
6.81947e-07
-7.80793e-07
0.000316475
7.6496e-07
-5.29834e-07
0.00031647
-2.98371e-07
0.000316459
7.91371e-07
-9.78786e-07
-3.12561e-07
0.000316438
9.86176e-07
-9.00375e-07
-6.13423e-07
0.000316461
-7.10724e-07
-9.7432e-07
0.000316471
-3.89882e-07
-1.33497e-06
0.000316474
1.04044e-08
-1.54848e-06
0.000316475
4.10587e-07
-1.54723e-06
0.000316475
7.32004e-07
-1.33332e-06
0.000316474
9.22072e-07
-9.71507e-07
0.000316471
9.97661e-07
-6.06249e-07
0.000316461
-2.96327e-07
0.000316438
9.9493e-07
-1.29533e-06
-2.88084e-07
0.000316391
1.27029e-06
-1.24438e-06
-6.64971e-07
0.00031644
-1.02238e-06
-1.19682e-06
0.000316461
-5.72101e-07
-1.78583e-06
0.000316469
1.16506e-08
-2.13273e-06
0.000316472
5.95374e-07
-2.13143e-06
0.000316472
1.04687e-06
-1.78528e-06
0.000316469
1.27155e-06
-1.19669e-06
0.000316461
1.32377e-06
-6.5909e-07
0.00031644
-2.65781e-07
0.000316391
1.29266e-06
-1.70733e-06
-1.62574e-07
0.000316303
1.58136e-06
-1.74909e-06
-6.23668e-07
0.000316393
-1.50943e-06
-1.43692e-06
0.000316436
-8.58546e-07
-2.43707e-06
0.000316455
1.23716e-08
-3.00395e-06
0.000316463
8.83345e-07
-3.00267e-06
0.000316463
1.53521e-06
-2.43761e-06
0.000316455
1.77931e-06
-1.44119e-06
0.000316436
1.7439e-06
-6.24168e-07
0.000316393
-1.35991e-07
0.000316304
1.61369e-06
-2.29184e-06
0.00031615
3.45134e-08
2.09445e-06
-2.53235e-06
0.000316295
-3.83462e-07
-2.29896e-06
0.000316378
-1.67057e-06
-1.31234e-06
0.000316423
-3.42377e-06
1.12006e-08
0.000316443
-4.32775e-06
1.33468e-06
0.000316443
-4.32641e-06
2.32055e-06
0.000316423
-3.42375e-06
2.55968e-06
0.000316378
-1.68062e-06
2.33808e-06
0.000316295
-4.02851e-07
0.00031615
2.12967e-06
7.2015e-08
-2.10485e-07
-1.56938e-07
0.000316167
1.32718e-07
2.32199e-07
-1.68768e-07
-2.12672e-07
0.000316313
1.68439e-07
-1.16282e-07
-2.63813e-07
0.000316398
2.08684e-07
-5.70842e-08
-3.03902e-07
0.000316444
2.42166e-07
6.27357e-09
-3.25504e-07
0.000316464
2.59591e-07
6.99352e-08
-3.25038e-07
0.000316464
2.58795e-07
1.29016e-07
-3.02939e-07
0.000316444
2.41305e-07
1.79812e-07
-2.62488e-07
0.000316398
2.0916e-07
2.19204e-07
-2.09778e-07
0.000316313
1.67799e-07
-1.53247e-07
0.000316167
1.31378e-07
2.38438e-07
-2.61341e-07
-1.81123e-07
0.000316312
2.83147e-07
-2.16445e-07
-2.60063e-07
0.000316403
-1.53293e-07
-3.2947e-07
0.000316447
-7.67516e-08
-3.82852e-07
0.000316467
7.07671e-09
-4.11751e-07
0.000316474
9.07848e-08
-4.11168e-07
0.000316474
1.66662e-07
-3.81145e-07
0.000316466
2.28052e-07
-3.26264e-07
0.000316447
2.69725e-07
-2.53892e-07
0.000316403
-1.71812e-07
0.000316312
2.85935e-07
-3.36125e-07
-2.11482e-07
0.000316397
3.64309e-07
-2.81908e-07
-3.16369e-07
0.000316446
-2.02854e-07
-4.1076e-07
0.000316468
-1.03299e-07
-4.84562e-07
0.000316476
7.85606e-09
-5.25044e-07
0.000316479
1.189e-07
-5.24374e-07
0.000316479
2.18121e-07
-4.82497e-07
0.000316476
2.96166e-07
-4.06562e-07
0.000316468
3.49487e-07
-3.09358e-07
0.000316446
-2.0389e-07
0.000316397
3.79321e-07
-4.38475e-07
-2.49041e-07
0.000316442
4.7404e-07
-3.71993e-07
-3.84878e-07
0.000316465
-2.71523e-07
-5.13221e-07
0.000316476
-1.40485e-07
-6.17578e-07
0.000316479
8.54716e-09
-6.76002e-07
0.00031648
1.57466e-07
-6.7522e-07
0.00031648
2.88508e-07
-6.15481e-07
0.000316479
3.89326e-07
-5.09361e-07
0.000316476
4.57792e-07
-3.79781e-07
0.000316465
-2.46378e-07
0.000316442
4.9832e-07
-5.7267e-07
-2.89029e-07
0.000316461
6.10796e-07
-4.94513e-07
-4.64805e-07
0.000316472
-3.67782e-07
-6.41699e-07
0.000316477
-1.937e-07
-7.93533e-07
0.000316479
9.06875e-09
-8.80428e-07
0.000316479
2.11568e-07
-8.79468e-07
0.000316479
3.85731e-07
-7.91296e-07
0.000316479
5.13195e-07
-6.38635e-07
0.000316477
5.93338e-07
-4.61691e-07
0.000316472
-2.87434e-07
0.000316461
6.32561e-07
-7.47191e-07
-3.21952e-07
0.00031646
7.78547e-07
-6.62583e-07
-5.50897e-07
0.000316471
-5.05713e-07
-8.00074e-07
0.000316476
-2.71604e-07
-1.02918e-06
0.000316478
9.73415e-09
-1.16317e-06
0.000316478
2.90693e-07
-1.16202e-06
0.000316478
5.24782e-07
-1.0268e-06
0.000316478
6.81339e-07
-7.96735e-07
0.000316476
7.64325e-07
-5.46324e-07
0.000316471
-3.15533e-07
0.00031646
7.91001e-07
-9.76875e-07
-3.31047e-07
0.000316439
9.84684e-07
-8.9855e-07
-6.30615e-07
0.000316462
-7.09347e-07
-9.90562e-07
0.000316472
-3.89028e-07
-1.3508e-06
0.000316476
1.0792e-08
-1.56425e-06
0.000316477
4.10508e-07
-1.56295e-06
0.000316477
7.31442e-07
-1.3491e-06
0.000316476
9.21099e-07
-9.87636e-07
0.000316472
9.96474e-07
-6.23127e-07
0.000316462
-3.14098e-07
0.000316439
9.93761e-07
-1.29256e-06
-3.07481e-07
0.000316392
1.26796e-06
-1.24183e-06
-6.82354e-07
0.000316441
-1.02057e-06
-1.21277e-06
0.000316462
-5.71052e-07
-1.80137e-06
0.00031647
1.20985e-08
-2.14837e-06
0.000316473
5.95226e-07
-2.14701e-06
0.000316473
1.04604e-06
-1.80083e-06
0.00031647
1.27013e-06
-1.21268e-06
0.000316462
1.32216e-06
-6.76239e-07
0.000316441
-2.84146e-07
0.000316392
1.2912e-06
-1.7038e-06
-1.83284e-07
0.000316304
1.57884e-06
-1.74567e-06
-6.41208e-07
0.000316394
-1.50713e-06
-1.45207e-06
0.000316437
-8.57288e-07
-2.45189e-06
0.000316456
1.286e-08
-3.01914e-06
0.000316464
8.83076e-07
-3.01782e-06
0.000316464
1.53396e-06
-2.45251e-06
0.000316456
1.77718e-06
-1.45661e-06
0.000316437
1.74196e-06
-6.41813e-07
0.000316394
-1.55323e-07
0.000316304
1.61241e-06
-2.28671e-06
0.000316151
1.15882e-08
2.09137e-06
-2.52767e-06
0.000316295
-4.00671e-07
-2.29591e-06
0.000316379
-1.68425e-06
-1.3107e-06
0.000316423
-3.43734e-06
1.1655e-08
0.000316443
-4.34193e-06
1.33394e-06
0.000316443
-4.34055e-06
2.31839e-06
0.000316423
-3.43739e-06
2.55613e-06
0.000316379
-1.69482e-06
2.33473e-06
0.000316295
-4.20854e-07
0.000316151
2.12844e-06
5.04132e-08
-2.09321e-07
-1.80203e-07
0.000316172
1.53836e-07
2.30719e-07
-1.6765e-07
-2.36067e-07
0.000316318
1.89431e-07
-1.15354e-07
-2.8738e-07
0.000316403
2.29977e-07
-5.64839e-08
-3.27592e-07
0.000316449
2.63719e-07
6.50088e-09
-3.49216e-07
0.000316469
2.81205e-07
6.98097e-08
-3.48695e-07
0.000316469
2.80328e-07
1.28579e-07
-3.26487e-07
0.000316449
2.62688e-07
1.79141e-07
-2.85863e-07
0.000316403
2.30292e-07
2.18402e-07
-2.32915e-07
0.000316318
1.88587e-07
-1.76274e-07
0.000316172
1.52333e-07
2.37224e-07
-2.60359e-07
-2.06281e-07
0.000316317
2.81786e-07
-2.1563e-07
-2.85574e-07
0.000316407
-1.52631e-07
-3.55168e-07
0.000316451
-7.62822e-08
-4.08631e-07
0.000316471
7.33095e-09
-4.37534e-07
0.000316479
9.08283e-08
-4.36905e-07
0.000316479
1.66512e-07
-4.06794e-07
0.000316471
2.27706e-07
-3.51754e-07
0.000316451
2.69099e-07
-2.7908e-07
0.000316407
-1.96534e-07
0.000316317
2.84655e-07
-3.35388e-07
-2.38647e-07
0.000316401
3.63465e-07
-2.81265e-07
-3.43899e-07
0.00031645
-2.02314e-07
-4.38453e-07
0.000316472
-1.02882e-07
-5.12301e-07
0.000316481
8.14235e-09
-5.52774e-07
0.000316483
1.19061e-07
-5.52065e-07
0.000316483
2.18168e-07
-5.10121e-07
0.000316481
2.96099e-07
-4.34047e-07
0.000316472
3.49322e-07
-3.36573e-07
0.00031645
-2.30746e-07
0.000316401
3.79137e-07
-4.37947e-07
-2.78294e-07
0.000316446
4.73675e-07
-3.71433e-07
-4.14361e-07
0.000316469
-2.7101e-07
-5.42751e-07
0.000316479
-1.40065e-07
-6.47089e-07
0.000316483
8.86559e-09
-7.05485e-07
0.000316484
1.57684e-07
-7.04666e-07
0.000316484
2.88648e-07
-6.44895e-07
0.000316483
3.89452e-07
-5.38723e-07
0.000316479
4.58059e-07
-4.09055e-07
0.000316469
-2.75564e-07
0.000316446
4.98968e-07
-5.72226e-07
-3.20453e-07
0.000316464
6.10805e-07
-4.93926e-07
-4.96129e-07
0.000316476
-3.67219e-07
-6.72862e-07
0.000316481
-1.93243e-07
-8.24579e-07
0.000316483
9.41155e-09
-9.1142e-07
0.000316483
2.11787e-07
-9.10418e-07
0.000316483
3.85854e-07
-8.22254e-07
0.000316483
5.13332e-07
-6.6968e-07
0.000316481
5.93717e-07
-4.92904e-07
0.000316476
-3.18833e-07
0.000316465
6.33421e-07
-7.46591e-07
-3.5544e-07
0.000316463
7.78525e-07
-6.61816e-07
-5.8385e-07
0.000316474
-5.05018e-07
-8.32585e-07
0.000316479
-2.71075e-07
-1.06146e-06
0.000316481
1.01046e-08
-1.19539e-06
0.000316481
2.90893e-07
-1.19419e-06
0.000316481
5.24818e-07
-1.059e-06
0.000316481
6.81292e-07
-8.29131e-07
0.000316479
7.6439e-07
-5.79116e-07
0.000316474
-3.48791e-07
0.000316463
7.91436e-07
-9.75849e-07
-3.66371e-07
0.000316442
9.84262e-07
-8.97427e-07
-6.64882e-07
0.000316465
-7.08433e-07
-1.02404e-06
0.000316475
-3.88392e-07
-1.38397e-06
0.000316478
1.12065e-08
-1.59741e-06
0.000316479
4.107e-07
-1.59606e-06
0.000316479
7.3139e-07
-1.38223e-06
0.000316478
9.20863e-07
-1.02104e-06
0.000316475
9.96227e-07
-6.57128e-07
0.000316465
-3.48766e-07
0.000316442
9.93684e-07
-1.291e-06
-3.44578e-07
0.000316394
1.26721e-06
-1.2402e-06
-7.17643e-07
0.000316443
-1.01936e-06
-1.24676e-06
0.000316464
-5.7028e-07
-1.83501e-06
0.000316472
1.25693e-08
-2.18214e-06
0.000316475
5.95399e-07
-2.18075e-06
0.000316475
1.04583e-06
-1.83451e-06
0.000316472
1.26964e-06
-1.24673e-06
0.000316464
1.32178e-06
-7.11312e-07
0.000316443
-3.20197e-07
0.000316394
1.29124e-06
-1.70187e-06
-2.22127e-07
0.000316306
1.57797e-06
-1.74337e-06
-6.77547e-07
0.000316395
-1.50553e-06
-1.48604e-06
0.000316438
-8.56362e-07
-2.48552e-06
0.000316457
1.33691e-08
-3.05315e-06
0.000316465
8.83179e-07
-3.0518e-06
0.000316465
1.53345e-06
-2.48626e-06
0.000316457
1.77618e-06
-1.49084e-06
0.000316438
1.74161e-06
-6.78221e-07
0.000316395
-1.92785e-07
0.000316306
1.61279e-06
-2.28358e-06
0.000316151
-2.86538e-08
2.08926e-06
-2.52413e-06
0.000316296
-4.37832e-07
-2.29359e-06
0.00031638
-1.71741e-06
-1.30942e-06
0.000316424
-3.47035e-06
1.21303e-08
0.000316444
-4.37555e-06
1.33361e-06
0.000316444
-4.37415e-06
2.31702e-06
0.000316424
-3.4705e-06
2.55376e-06
0.00031638
-1.72846e-06
2.33307e-06
0.000316296
-4.58367e-07
0.000316152
2.12886e-06
1.04488e-08
-2.06728e-07
-2.26139e-07
0.000316181
1.95289e-07
2.27749e-07
-1.65293e-07
-2.82355e-07
0.000316327
2.31163e-07
-1.13547e-07
-3.34172e-07
0.000316413
2.72455e-07
-5.54281e-08
-3.74796e-07
0.000316459
3.06785e-07
6.74991e-09
-3.96612e-07
0.000316479
3.24504e-07
6.9278e-08
-3.96057e-07
0.000316479
3.23568e-07
1.27332e-07
-3.73614e-07
0.000316459
3.05646e-07
1.77314e-07
-3.32546e-07
0.000316413
2.72702e-07
2.16216e-07
-2.79011e-07
0.000316327
2.30223e-07
-2.21936e-07
0.000316181
1.9371e-07
2.34537e-07
-2.58131e-07
-2.5595e-07
0.000316326
2.78828e-07
-2.1382e-07
-3.35903e-07
0.000316416
-1.51281e-07
-4.06024e-07
0.00031646
-7.54504e-08
-4.59847e-07
0.00031648
7.61876e-09
-4.8891e-07
0.000316488
9.0582e-08
-4.88236e-07
0.000316488
1.65761e-07
-4.57891e-07
0.00031648
2.26473e-07
-4.02408e-07
0.00031646
2.67326e-07
-3.29077e-07
0.000316417
-2.45779e-07
0.000316326
2.82036e-07
-3.33983e-07
-2.92114e-07
0.00031641
3.61731e-07
-2.80076e-07
-3.98112e-07
0.000316459
-2.01389e-07
-4.93182e-07
0.000316481
-1.02248e-07
-5.6735e-07
0.000316489
8.47469e-09
-6.07959e-07
0.000316492
1.19098e-07
-6.07202e-07
0.000316492
2.17934e-07
-5.65039e-07
0.000316489
2.95602e-07
-4.8854e-07
0.000316481
3.48573e-07
-3.90428e-07
0.000316459
-2.83859e-07
0.00031641
3.78127e-07
-4.37492e-07
-3.35695e-07
0.000316454
4.73418e-07
-3.70873e-07
-4.72392e-07
0.000316477
-2.70462e-07
-6.01186e-07
0.000316487
-1.39595e-07
-7.05761e-07
0.000316491
9.24027e-09
-7.64257e-07
0.000316492
1.57966e-07
-7.63388e-07
0.000316492
2.88873e-07
-7.03439e-07
0.000316491
3.897e-07
-5.96939e-07
0.000316487
4.58484e-07
-4.66811e-07
0.000316477
-3.32816e-07
0.000316454
4.99778e-07
-5.72635e-07
-3.81857e-07
0.000316471
6.11895e-07
-4.939e-07
-5.57892e-07
0.000316482
-3.66971e-07
-7.34801e-07
0.000316488
-1.92894e-07
-8.86616e-07
0.000316489
9.82234e-09
-9.73497e-07
0.00031649
2.12255e-07
-9.72442e-07
0.00031649
3.86429e-07
-8.84157e-07
0.000316489
5.14161e-07
-7.31432e-07
0.000316488
5.95043e-07
-5.5447e-07
0.000316482
-3.80131e-07
0.000316471
6.35442e-07
-7.476e-07
-4.20841e-07
0.000316469
7.80653e-07
-6.62125e-07
-6.49171e-07
0.00031648
-5.0495e-07
-8.97734e-07
0.000316485
-2.70794e-07
-1.12652e-06
0.000316487
1.05602e-08
-1.26043e-06
0.000316487
2.91505e-07
-1.25917e-06
0.000316487
5.25636e-07
-1.12391e-06
0.000316487
6.82456e-07
-8.9407e-07
0.000316485
7.66137e-07
-6.44144e-07
0.00031648
-4.1382e-07
0.000316469
7.94005e-07
-9.77074e-07
-4.35652e-07
0.000316447
9.8695e-07
-8.97797e-07
-7.33467e-07
0.00031647
-7.08387e-07
-1.09197e-06
0.00031648
-3.88109e-07
-1.4516e-06
0.000316483
1.17232e-08
-1.66501e-06
0.000316484
4.11444e-07
-1.66359e-06
0.000316484
7.32391e-07
-1.44975e-06
0.000316483
9.22273e-07
-1.08876e-06
0.00031648
9.98285e-07
-7.25221e-07
0.00031647
-4.1706e-07
0.000316447
9.9656e-07
-1.29217e-06
-4.17694e-07
0.000316398
1.27028e-06
-1.24038e-06
-7.89145e-07
0.000316447
-1.0192e-06
-1.31689e-06
0.000316468
-5.69949e-07
-1.90467e-06
0.000316476
1.31552e-08
-2.25183e-06
0.000316479
5.96247e-07
-2.25038e-06
0.000316479
1.04693e-06
-1.90414e-06
0.000316476
1.27119e-06
-1.31679e-06
0.000316468
1.32429e-06
-7.82285e-07
0.000316447
-3.91782e-07
0.000316398
1.29509e-06
-1.7029e-06
-2.99859e-07
0.000316309
1.58219e-06
-1.74313e-06
-7.51737e-07
0.000316398
-1.50523e-06
-1.5576e-06
0.000316441
-8.56011e-07
-2.55656e-06
0.00031646
1.39944e-08
-3.12445e-06
0.000316468
8.84101e-07
-3.12307e-06
0.000316468
1.53454e-06
-2.55739e-06
0.00031646
1.77764e-06
-1.56265e-06
0.000316441
1.7447e-06
-7.52212e-07
0.000316398
-2.67139e-07
0.000316309
1.61723e-06
-2.28243e-06
0.000316153
-1.12459e-07
2.09328e-06
-2.5229e-06
0.000316298
-5.12993e-07
-2.2929e-06
0.000316381
-1.78925e-06
-1.30892e-06
0.000316426
-3.542e-06
1.2689e-08
0.000316446
-4.4477e-06
1.33425e-06
0.000316446
-4.44629e-06
2.3175e-06
0.000316426
-3.54229e-06
2.55415e-06
0.000316381
-1.80099e-06
2.33544e-06
0.000316298
-5.3519e-07
0.000316153
2.13257e-06
-6.60832e-08
-2.01751e-07
-3.16644e-07
0.000316201
2.76715e-07
2.22234e-07
-1.61039e-07
-3.73801e-07
0.000316347
3.13591e-07
-1.10423e-07
-4.26791e-07
0.000316433
3.56447e-07
-5.37114e-08
-4.6839e-07
0.000316478
3.92031e-07
7.08625e-09
-4.9069e-07
0.000316498
4.10208e-07
6.81897e-08
-4.90172e-07
0.000316498
4.09361e-07
1.24856e-07
-4.67282e-07
0.000316478
3.9097e-07
1.7361e-07
-4.253e-07
0.000316433
3.56974e-07
2.11618e-07
-3.70575e-07
0.000316347
3.13009e-07
-3.12485e-07
0.000316201
2.75294e-07
2.29298e-07
-2.54022e-07
-3.54509e-07
0.000316344
2.73702e-07
-2.10552e-07
-4.35609e-07
0.000316435
-1.48896e-07
-5.06845e-07
0.000316479
-7.40536e-08
-5.61532e-07
0.000316499
7.99248e-09
-5.91042e-07
0.000316507
8.99077e-08
-5.90379e-07
0.000316507
1.64045e-07
-5.59587e-07
0.000316499
2.23753e-07
-5.03216e-07
0.000316479
2.63588e-07
-4.28647e-07
0.000316435
-3.4403e-07
0.000316344
2.77033e-07
-3.31589e-07
-3.98454e-07
0.000316427
3.58774e-07
-2.78113e-07
-5.05732e-07
0.000316475
-1.99887e-07
-6.01897e-07
0.000316497
-1.01278e-07
-6.76865e-07
0.000316506
8.8738e-09
-7.17886e-07
0.000316509
1.1891e-07
-7.17126e-07
0.000316509
2.17173e-07
-6.74523e-07
0.000316506
2.94301e-07
-5.97155e-07
0.000316497
3.46774e-07
-4.97815e-07
0.000316475
-3.89887e-07
0.000316427
3.75821e-07
-4.37156e-07
-4.49735e-07
0.000316469
4.73219e-07
-3.70378e-07
-5.87727e-07
0.000316492
-2.69906e-07
-7.17531e-07
0.000316502
-1.3908e-07
-8.22811e-07
0.000316506
9.65477e-09
-8.81664e-07
0.000316507
1.58269e-07
-8.80779e-07
0.000316507
2.89117e-07
-8.20435e-07
0.000316506
3.9e-07
-7.13166e-07
0.000316502
4.59014e-07
-5.81957e-07
0.000316492
-4.46727e-07
0.000316469
5.00683e-07
-5.74358e-07
-5.03524e-07
0.000316485
6.14519e-07
-4.94827e-07
-6.80725e-07
0.000316496
-3.67308e-07
-8.58454e-07
0.000316501
-1.92813e-07
-1.01081e-06
0.000316503
1.02446e-08
-1.09797e-06
0.000316503
2.13003e-07
-1.09688e-06
0.000316503
3.87596e-07
-1.00828e-06
0.000316503
5.15953e-07
-8.54984e-07
0.000316501
5.97728e-07
-6.7719e-07
0.000316496
-5.01719e-07
0.000316485
6.3913e-07
-7.51144e-07
-5.49991e-07
0.000316481
7.85852e-07
-6.64268e-07
-7.79201e-07
0.000316492
-5.06038e-07
-1.02825e-06
0.000316497
-2.71071e-07
-1.25733e-06
0.000316498
1.09984e-08
-1.3914e-06
0.000316499
2.92642e-07
-1.3901e-06
0.000316499
5.27587e-07
-1.25463e-06
0.000316498
6.85464e-07
-1.02445e-06
0.000316497
7.70499e-07
-7.73993e-07
0.000316492
-5.42711e-07
0.000316481
7.99898e-07
-9.82073e-07
-5.72145e-07
0.000316456
9.94414e-07
-9.0085e-07
-8.70282e-07
0.000316479
-7.1003e-07
-1.22872e-06
0.000316489
-3.88645e-07
-1.58833e-06
0.000316493
1.22006e-08
-1.8018e-06
0.000316494
4.12929e-07
-1.80033e-06
0.000316494
7.35006e-07
-1.58639e-06
0.000316493
9.26324e-07
-1.22537e-06
0.000316489
1.00418e-06
-8.61722e-07
0.000316479
-5.52862e-07
0.000316457
1.00454e-06
-1.29829e-06
-5.61459e-07
0.000316406
1.2798e-06
-1.24403e-06
-9.3224e-07
0.000316454
-1.02124e-06
-1.45904e-06
0.000316475
-5.70692e-07
-2.04646e-06
0.000316483
1.36841e-08
-2.39363e-06
0.000316486
5.9804e-07
-2.39211e-06
0.000316486
1.05006e-06
-2.04585e-06
0.000316483
1.27604e-06
-1.45887e-06
0.000316475
1.33168e-06
-9.25106e-07
0.000316454
-5.34689e-07
0.000316406
1.30575e-06
-1.71e-06
-4.51735e-07
0.000316314
1.59458e-06
-1.74718e-06
-9.00613e-07
0.000316404
-1.50768e-06
-1.70403e-06
0.000316446
-8.57028e-07
-2.70243e-06
0.000316465
1.45449e-08
-3.27044e-06
0.000316473
8.86215e-07
-3.26897e-06
0.000316473
1.5381e-06
-2.70319e-06
0.000316465
1.78292e-06
-1.70911e-06
0.000316446
1.75315e-06
-9.00942e-07
0.000316404
-4.17858e-07
0.000316314
1.63069e-06
-2.28725e-06
0.000316157
-2.73212e-07
2.10526e-06
-2.5265e-06
0.000316301
-6.6468e-07
-2.2955e-06
0.000316384
-1.93822e-06
-1.3101e-06
0.000316429
-3.69076e-06
1.31583e-08
0.000316449
-4.59682e-06
1.33635e-06
0.000316449
-4.59529e-06
2.32093e-06
0.000316429
-3.6909e-06
2.55869e-06
0.000316384
-1.9501e-06
2.34153e-06
0.000316301
-6.87093e-07
0.000316157
2.14689e-06
-2.26782e-07
-1.94038e-07
-4.94319e-07
0.000316239
4.36244e-07
2.13801e-07
-1.54175e-07
-5.53338e-07
0.000316385
4.75048e-07
-1.05302e-07
-6.08793e-07
0.000316471
5.2115e-07
-5.07684e-08
-6.52454e-07
0.000316517
5.5917e-07
7.56153e-09
-6.75917e-07
0.000316537
5.78764e-07
6.62167e-08
-6.75505e-07
0.000316537
5.77985e-07
1.20519e-07
-6.51673e-07
0.000316517
5.58573e-07
1.67277e-07
-6.07765e-07
0.000316471
5.22321e-07
2.04231e-07
-5.50542e-07
0.000316386
4.74995e-07
-4.90497e-07
0.000316239
4.35242e-07
2.2108e-07
-2.48241e-07
-5.48312e-07
0.00031638
2.66419e-07
-2.05818e-07
-6.31802e-07
0.000316471
-1.45362e-07
-7.05431e-07
0.000316515
-7.1956e-08
-7.61987e-07
0.000316535
8.49008e-09
-7.92534e-07
0.000316543
8.87593e-08
-7.91952e-07
0.000316543
1.61297e-07
-7.60261e-07
0.000316535
2.19549e-07
-7.02087e-07
0.000316515
2.58006e-07
-6.25041e-07
0.000316471
-5.37829e-07
0.00031638
2.69541e-07
-3.29093e-07
-6.07901e-07
0.00031646
3.55616e-07
-2.75967e-07
-7.17913e-07
0.000316509
-1.9816e-07
-8.16463e-07
0.00031653
-1.00117e-07
-8.93181e-07
0.000316539
9.3536e-09
-9.35144e-07
0.000316542
1.18666e-07
-9.34431e-07
0.000316542
2.16241e-07
-8.90955e-07
0.000316539
2.92748e-07
-8.11832e-07
0.00031653
3.44637e-07
-7.10007e-07
0.000316509
-5.99246e-07
0.00031646
3.72906e-07
-4.38451e-07
-6.74464e-07
0.000316499
4.74974e-07
-3.71055e-07
-8.15366e-07
0.000316522
-2.70071e-07
-9.47481e-07
0.000316532
-1.38882e-07
-1.05438e-06
0.000316536
1.01108e-08
-1.11408e-06
0.000316537
1.58952e-07
-1.11321e-06
0.000316537
2.90084e-07
-1.05204e-06
0.000316536
3.91382e-07
-9.43129e-07
0.000316532
4.60967e-07
-8.0957e-07
0.000316522
-6.71505e-07
0.000316499
5.0322e-07
-5.79507e-07
-7.43176e-07
0.000316512
6.21374e-07
-4.98303e-07
-9.23253e-07
0.000316523
-3.69309e-07
-1.1031e-06
0.000316528
-1.93539e-07
-1.25689e-06
0.000316529
1.06794e-08
-1.34478e-06
0.00031653
2.1457e-07
-1.34368e-06
0.00031653
3.90385e-07
-1.25432e-06
0.000316529
5.2017e-07
-1.09958e-06
0.000316528
6.03613e-07
-9.19679e-07
0.000316523
-7.4141e-07
0.000316512
6.46704e-07
-7.59929e-07
-8.0415e-07
0.000316504
7.97647e-07
-6.70325e-07
-1.03593e-06
0.000316515
-5.09711e-07
-1.28675e-06
0.00031652
-2.72627e-07
-1.51698e-06
0.000316521
1.1437e-08
-1.65165e-06
0.000316522
2.95044e-07
-1.6503e-06
0.000316522
5.32059e-07
-1.51416e-06
0.000316521
6.9223e-07
-1.28278e-06
0.00031652
7.79827e-07
-1.0305e-06
0.000316515
-7.96626e-07
0.000316504
8.11951e-07
-9.94122e-07
-8.40386e-07
0.000316476
1.01087e-06
-9.09165e-07
-1.14039e-06
0.000316499
-7.15158e-07
-1.5e-06
0.000316508
-3.90913e-07
-1.86041e-06
0.000316512
1.26829e-08
-2.07433e-06
0.000316513
4.16138e-07
-2.07277e-06
0.000316513
7.41047e-07
-1.85829e-06
0.000316512
9.35463e-07
-1.49634e-06
0.000316508
1.01677e-06
-1.13129e-06
0.000316499
-8.20205e-07
0.000316476
1.02088e-06
-1.31323e-06
-8.43393e-07
0.000316421
1.30067e-06
-1.25428e-06
-1.21474e-06
0.00031647
-1.02765e-06
-1.74177e-06
0.00031649
-5.73596e-07
-2.3296e-06
0.000316498
1.42388e-08
-2.67715e-06
0.000316501
6.02032e-07
-2.67549e-06
0.000316501
1.05755e-06
-2.32875e-06
0.000316498
1.28734e-06
-1.74122e-06
0.00031649
1.3475e-06
-1.20686e-06
0.00031647
-8.15177e-07
0.000316422
1.32696e-06
-1.72764e-06
-7.48364e-07
0.000316326
1.62117e-06
-1.75908e-06
-1.19449e-06
0.000316415
-1.51533e-06
-1.99655e-06
0.000316457
-8.60613e-07
-2.99509e-06
0.000316476
1.5155e-08
-3.56355e-06
0.000316484
8.91005e-07
-3.56191e-06
0.000316484
1.54693e-06
-2.99556e-06
0.000316476
1.79602e-06
-2.00122e-06
0.000316457
1.77185e-06
-1.1939e-06
0.000316415
-7.11917e-07
0.000316326
1.65722e-06
-2.30288e-06
0.000316164
-5.81495e-07
2.12889e-06
-2.53847e-06
0.000316308
-9.65699e-07
-2.30381e-06
0.000316391
-2.23775e-06
-1.31413e-06
0.000316435
-3.99095e-06
1.37252e-08
0.000316455
-4.89772e-06
1.3415e-06
0.000316455
-4.89601e-06
2.33029e-06
0.000316435
-3.9907e-06
2.57191e-06
0.000316391
-2.24941e-06
2.35883e-06
0.000316308
-9.876e-07
0.000316164
2.17161e-06
-5.31872e-07
-1.8033e-07
-8.48288e-07
0.000316316
7.53042e-07
1.99085e-07
-1.42067e-07
-9.11378e-07
0.000316462
7.96367e-07
-9.64799e-08
-9.71884e-07
0.000316549
8.49047e-07
-4.60186e-08
-1.01954e-06
0.000316595
8.91765e-07
7.96342e-09
-1.04511e-06
0.000316615
9.13707e-07
6.22789e-08
-1.04473e-06
0.000316615
9.12959e-07
1.12489e-07
-1.01886e-06
0.000316595
8.91325e-07
1.55912e-07
-9.70977e-07
0.000316549
8.50436e-07
1.91286e-07
-9.0862e-07
0.000316462
7.96363e-07
-8.44473e-07
0.000316316
7.52014e-07
2.07197e-07
-2.39065e-07
-9.35327e-07
0.000316452
2.54639e-07
-1.9838e-07
-1.02385e-06
0.000316543
-1.39936e-07
-1.10234e-06
0.000316587
-6.89272e-08
-1.16252e-06
0.000316607
8.91887e-09
-1.19498e-06
0.000316615
8.65876e-08
-1.1944e-06
0.000316615
1.56697e-07
-1.16082e-06
0.000316607
2.12869e-07
-1.09899e-06
0.000316587
2.49469e-07
-1.01699e-06
0.000316543
-9.24648e-07
0.000316452
2.58182e-07
-3.26107e-07
-1.02652e-06
0.000316526
3.51365e-07
-2.73497e-07
-1.14233e-06
0.000316575
-1.96211e-07
-1.24575e-06
0.000316597
-9.88582e-08
-1.32592e-06
0.000316605
9.80612e-09
-1.36966e-06
0.000316608
1.18311e-07
-1.36895e-06
0.000316608
2.15176e-07
-1.32367e-06
0.000316605
2.91111e-07
-1.24103e-06
0.000316597
3.4242e-07
-1.13425e-06
0.000316575
-1.01767e-06
0.000316526
3.69421e-07
-4.42205e-07
-1.12343e-06
0.000316559
4.79274e-07
-3.7372e-07
-1.27063e-06
0.000316582
-2.7161e-07
-1.40762e-06
0.000316592
-1.39386e-07
-1.51786e-06
0.000316595
1.05764e-08
-1.57926e-06
0.000316596
1.60385e-07
-1.57837e-06
0.000316596
2.92552e-07
-1.51548e-06
0.000316595
3.94989e-07
-1.40318e-06
0.000316592
4.65747e-07
-1.26473e-06
0.000316582
-1.12048e-06
0.000316559
5.08773e-07
-5.90163e-07
-1.22125e-06
0.000316565
6.34642e-07
-5.06102e-07
-1.40777e-06
0.000316576
-3.74283e-07
-1.59241e-06
0.000316581
-1.95774e-07
-1.74941e-06
0.000316582
1.11434e-08
-1.83893e-06
0.000316582
2.17725e-07
-1.8378e-06
0.000316582
3.96291e-07
-1.7468e-06
0.000316582
5.28945e-07
-1.58884e-06
0.000316581
6.15357e-07
-1.40419e-06
0.000316576
-1.21958e-06
0.000316565
6.61173e-07
-7.77436e-07
-1.31004e-06
0.00031655
8.20002e-07
-6.83146e-07
-1.54796e-06
0.000316561
-5.18029e-07
-1.8033e-06
0.000316566
-2.76543e-07
-2.03659e-06
0.000316567
1.19035e-08
-2.17284e-06
0.000316567
2.99879e-07
-2.17146e-06
0.000316567
5.41305e-07
-2.03374e-06
0.000316567
7.05988e-07
-1.7993e-06
0.000316566
7.98234e-07
-1.5425e-06
0.000316561
-1.30247e-06
0.00031655
8.35099e-07
-1.01828e-06
-1.37279e-06
0.000316515
1.04231e-06
-9.26829e-07
-1.67797e-06
0.000316537
-7.26709e-07
-2.04163e-06
0.000316547
-3.96456e-07
-2.40493e-06
0.00031655
1.31689e-08
-2.62042e-06
0.00031655
4.22648e-07
-2.61882e-06
0.00031655
7.53596e-07
-2.40282e-06
0.00031655
9.54158e-07
-2.038e-06
0.000316547
1.04186e-06
-1.66879e-06
0.000316537
-1.35219e-06
0.000316515
1.05289e-06
-1.34381e-06
-1.40067e-06
0.000316452
1.34082e-06
-1.27661e-06
-1.77568e-06
0.0003165
-1.04236e-06
-2.30605e-06
0.000316521
-5.80742e-07
-2.89663e-06
0.000316528
1.47438e-08
-3.24579e-06
0.000316531
6.10185e-07
-3.2441e-06
0.000316531
1.07331e-06
-2.89585e-06
0.000316528
1.31086e-06
-2.3057e-06
0.000316521
1.37939e-06
-1.76791e-06
0.0003165
-1.37199e-06
0.000316452
1.36834e-06
-1.76477e-06
-1.33134e-06
0.000316348
1.67279e-06
-1.7859e-06
-1.77676e-06
0.000316437
-1.53312e-06
-2.58078e-06
0.000316479
-8.69372e-07
-3.58198e-06
0.000316498
1.56317e-08
-4.15221e-06
0.000316505
9.00705e-07
-4.15055e-06
0.000316505
1.56565e-06
-3.58254e-06
0.000316498
1.82392e-06
-2.58584e-06
0.000316479
1.81033e-06
-1.77663e-06
0.000316437
-1.29447e-06
0.000316348
1.71022e-06
-2.34016e-06
0.000316178
-1.18233e-06
2.1771e-06
-2.56708e-06
0.000316321
-1.56345e-06
-2.32322e-06
0.000316404
-2.83784e-06
-1.32383e-06
0.000316448
-4.59412e-06
1.40666e-08
0.000316468
-5.50296e-06
1.35185e-06
0.000316468
-5.5012e-06
2.3502e-06
0.000316448
-4.59385e-06
2.60107e-06
0.000316404
-2.85e-06
2.39725e-06
0.000316321
-1.58645e-06
0.000316178
2.22042e-06
-1.13183e-06
-1.58419e-07
-1.52857e-06
0.000316464
1.36158e-06
1.76834e-07
-1.22305e-07
-1.59983e-06
0.000316612
1.41416e-06
-8.21219e-08
-1.67017e-06
0.000316699
1.4797e-06
-3.85509e-08
-1.72546e-06
0.000316745
1.53141e-06
7.99889e-09
-1.75495e-06
0.000316765
1.55774e-06
5.48789e-08
-1.75449e-06
0.000316765
1.55691e-06
9.81548e-08
-1.72456e-06
0.000316745
1.53079e-06
1.36181e-07
-1.66891e-06
0.000316699
1.48077e-06
1.69619e-07
-1.59663e-06
0.000316612
1.41359e-06
-1.52447e-06
0.000316464
1.36007e-06
1.85274e-07
-2.26509e-07
-1.67998e-06
0.000316591
2.38498e-07
-1.88082e-07
-1.77833e-06
0.000316682
-1.324e-07
-1.86615e-06
0.000316727
-6.49263e-08
-1.93324e-06
0.000316747
8.98561e-09
-1.96926e-06
0.000316755
8.27127e-08
-1.96861e-06
0.000316755
1.49254e-07
-1.93132e-06
0.000316747
2.02627e-07
-1.86246e-06
0.000316727
2.36967e-07
-1.771e-06
0.000316682
-1.66885e-06
0.000316591
2.4185e-07
-3.25252e-07
-1.8327e-06
0.000316654
3.4919e-07
-2.72642e-07
-1.95977e-06
0.000316704
-1.95307e-07
-2.07254e-06
0.000316725
-9.82357e-08
-2.1593e-06
0.000316734
9.92696e-09
-2.2064e-06
0.000316737
1.17924e-07
-2.20562e-06
0.000316737
2.14482e-07
-2.15686e-06
0.000316734
2.90407e-07
-2.06749e-06
0.000316725
3.41684e-07
-1.95121e-06
0.000316704
-1.82337e-06
0.000316654
3.67286e-07
-4.5364e-07
-1.98857e-06
0.000316676
4.92446e-07
-3.8234e-07
-2.14809e-06
0.000316699
-2.77204e-07
-2.29454e-06
0.000316709
-1.42051e-07
-2.41123e-06
0.000316712
1.07475e-08
-2.47589e-06
0.000316713
1.63382e-07
-2.47494e-06
0.000316713
2.98454e-07
-2.40869e-06
0.000316712
4.03893e-07
-2.28982e-06
0.000316709
4.77536e-07
-2.1418e-06
0.000316699
-1.98533e-06
0.000316676
5.22439e-07
-6.14158e-07
-2.14281e-06
0.000316669
6.63953e-07
-5.24192e-07
-2.34209e-06
0.00031668
-3.86287e-07
-2.53622e-06
0.000316684
-2.01673e-07
-2.69961e-06
0.000316686
1.13445e-08
-2.79235e-06
0.000316686
2.2401e-07
-2.79117e-06
0.000316686
4.08662e-07
-2.69686e-06
0.000316686
5.47421e-07
-2.53246e-06
0.000316684
6.39848e-07
-2.33828e-06
0.00031668
-2.14092e-06
0.000316669
6.91047e-07
-8.1417e-07
-2.28549e-06
0.000316641
8.66087e-07
-7.10701e-07
-2.53575e-06
0.000316651
-5.36395e-07
-2.80039e-06
0.000316655
-2.85647e-07
-3.04002e-06
0.000316657
1.21352e-08
-3.17952e-06
0.000316657
3.09428e-07
-3.17809e-06
0.000316657
5.60104e-07
-3.03709e-06
0.000316656
7.33985e-07
-2.7963e-06
0.000316655
8.35433e-07
-2.53014e-06
0.000316651
-2.27764e-06
0.000316641
8.8159e-07
-1.06773e-06
-2.39965e-06
0.000316591
1.10561e-06
-9.63776e-07
-2.71552e-06
0.000316613
-7.51396e-07
-3.08799e-06
0.000316622
-4.08746e-07
-3.45761e-06
0.000316624
1.3447e-08
-3.67647e-06
0.000316625
4.35484e-07
-3.67484e-06
0.000316625
7.7885e-07
-3.45553e-06
0.000316624
9.91733e-07
-3.08442e-06
0.000316622
1.09197e-06
-2.70627e-06
0.000316613
-2.37855e-06
0.000316591
1.11664e-06
-1.40557e-06
-2.47561e-06
0.000316513
1.42048e-06
-1.32275e-06
-2.85871e-06
0.00031656
-1.0733e-06
-3.39717e-06
0.00031658
-5.9621e-07
-3.9942e-06
0.000316588
1.50643e-08
-4.34697e-06
0.00031659
6.26281e-07
-4.34527e-06
0.00031659
1.10493e-06
-3.99357e-06
0.000316588
1.35785e-06
-3.39716e-06
0.00031658
1.44226e-06
-2.85119e-06
0.00031656
-2.44649e-06
0.000316513
1.44918e-06
-1.83875e-06
-2.45417e-06
0.000316393
1.77227e-06
-1.84088e-06
-2.90087e-06
0.000316481
-1.57014e-06
-3.71166e-06
0.000316523
-8.87958e-07
-4.71961e-06
0.000316541
1.5936e-08
-5.29385e-06
0.000316548
9.1988e-07
-5.29218e-06
0.000316548
1.60325e-06
-4.72038e-06
0.000316541
1.87969e-06
-3.71734e-06
0.000316523
1.88555e-06
-2.90146e-06
0.000316481
-2.41707e-06
0.000316393
1.81117e-06
-2.41635e-06
0.000316206
-2.33971e-06
2.27363e-06
-2.62678e-06
0.000316349
-2.71793e-06
-2.36381e-06
0.000316431
-4.00153e-06
-1.34431e-06
0.000316475
-5.76542e-06
1.42397e-08
0.000316494
-6.67876e-06
1.37263e-06
0.000316494
-6.67696e-06
2.39089e-06
0.000316475
-5.7652e-06
2.66099e-06
0.000316431
-4.01446e-06
2.4744e-06
0.000316349
-2.74241e-06
0.000316206
2.31721e-06
-2.28821e-06
-1.03245e-07
-2.94819e-06
0.000316768
2.63137e-06
1.16389e-07
-7.47032e-08
-3.03547e-06
0.000316916
2.7025e-06
-4.83947e-08
-3.1247e-06
0.000317004
2.79275e-06
-2.13083e-08
-3.19455e-06
0.000317051
2.86134e-06
7.88403e-09
-3.23151e-06
0.000317072
2.89586e-06
3.74336e-08
-3.23093e-06
0.000317072
2.89488e-06
6.42491e-08
-3.19333e-06
0.000317051
2.86032e-06
8.85708e-08
-3.1229e-06
0.000317004
2.79301e-06
1.14752e-07
-3.03157e-06
0.000316916
2.70078e-06
-2.94367e-06
0.000316768
2.62921e-06
1.25455e-07
-1.89748e-07
-3.23163e-06
0.000316874
1.90656e-07
-1.59015e-07
-3.34939e-06
0.000316966
-1.11981e-07
-3.45556e-06
0.00031701
-5.44454e-08
-3.53611e-06
0.000317031
8.91844e-09
-3.57906e-06
0.000317039
7.21247e-08
-3.5783e-06
0.000317039
1.28803e-07
-3.53387e-06
0.000317031
1.73648e-07
-3.45135e-06
0.00031701
2.00311e-07
-3.34135e-06
0.000316965
-3.21976e-06
0.000316874
1.93917e-07
-3.11657e-07
-3.50877e-06
0.000316914
3.29218e-07
-2.62231e-07
-3.65831e-06
0.000316963
-1.87964e-07
-3.7897e-06
0.000316985
-9.44122e-08
-3.88951e-06
0.000316994
9.94378e-09
-3.94326e-06
0.000316997
1.14169e-07
-3.94238e-06
0.000316997
2.07293e-07
-3.88678e-06
0.000316994
2.80264e-07
-3.78415e-06
0.000316985
3.28365e-07
-3.64901e-06
0.000316963
-3.49857e-06
0.000316914
3.47501e-07
-4.64447e-07
-3.78191e-06
0.00031691
5.02989e-07
-3.90768e-07
-3.96629e-06
0.000316933
-2.82774e-07
-4.13185e-06
0.000316943
-1.44763e-07
-4.26152e-06
0.000316946
1.084e-08
-4.33273e-06
0.000316947
1.66317e-07
-4.3317e-06
0.000316947
3.04338e-07
-4.25873e-06
0.000316946
4.12797e-07
-4.1267e-06
0.000316943
4.88997e-07
-3.95942e-06
0.000316933
-3.77806e-06
0.00031691
5.33915e-07
-6.50203e-07
-4.04662e-06
0.000316877
7.06992e-07
-5.51686e-07
-4.27197e-06
0.000316887
-4.04751e-07
-4.48555e-06
0.000316891
-2.10884e-07
-4.66201e-06
0.000316892
1.14841e-08
-4.76133e-06
0.000316892
2.33534e-07
-4.76008e-06
0.000316892
4.27548e-07
-4.6591e-06
0.000316892
5.75563e-07
-4.48157e-06
0.000316891
6.76827e-07
-4.2679e-06
0.000316887
-4.04442e-06
0.000316877
7.35291e-07
-8.76279e-07
-4.2933e-06
0.00031682
9.43499e-07
-7.57566e-07
-4.56915e-06
0.00031683
-5.67845e-07
-4.85315e-06
0.000316833
-3.01388e-07
-5.10594e-06
0.000316834
1.23188e-08
-5.25213e-06
0.000316834
3.25559e-07
-5.25067e-06
0.000316834
5.92052e-07
-5.10298e-06
0.000316834
7.81565e-07
-4.84907e-06
0.000316833
8.98497e-07
-4.56355e-06
0.000316829
-4.28533e-06
0.00031682
9.60108e-07
-1.15635e-06
-4.50557e-06
0.000316741
1.21911e-06
-1.03013e-06
-4.84395e-06
0.000316761
-7.95876e-07
-5.23502e-06
0.000316769
-4.31036e-07
-5.61786e-06
0.000316772
1.36858e-08
-5.84364e-06
0.000316772
4.58268e-07
-5.84201e-06
0.000316772
8.23948e-07
-5.61592e-06
0.000316772
1.05893e-06
-5.23173e-06
0.000316769
1.18166e-06
-4.83497e-06
0.000316761
-4.48434e-06
0.00031674
1.23115e-06
-1.51981e-06
-4.67276e-06
0.000316632
1.56888e-06
-1.4081e-06
-5.07261e-06
0.000316677
-1.13062e-06
-5.62839e-06
0.000316696
-6.24987e-07
-6.23891e-06
0.000316703
1.53432e-08
-6.59898e-06
0.000316705
6.55625e-07
-6.59731e-06
0.000316705
1.16292e-06
-6.23855e-06
0.000316703
1.44417e-06
-5.62895e-06
0.000316696
1.55787e-06
-5.06571e-06
0.000316677
-4.64346e-06
0.000316631
1.59891e-06
-1.97695e-06
-4.73872e-06
0.000316478
1.95775e-06
-1.94406e-06
-5.18945e-06
0.000316565
-1.63972e-06
-6.01578e-06
0.000316606
-9.22985e-07
-7.03795e-06
0.000316623
1.61903e-08
-7.62015e-06
0.00031663
9.55416e-07
-7.6185e-06
0.00031663
1.67333e-06
-7.03898e-06
0.000316623
1.98361e-06
-6.02223e-06
0.000316606
2.02498e-06
-5.19101e-06
0.000316565
-4.70149e-06
0.000316478
1.998e-06
-2.56092e-06
0.000316257
-4.69e-06
2.46151e-06
-2.73989e-06
0.000316399
-5.06009e-06
-2.44068e-06
0.00031648
-6.3638e-06
-1.38311e-06
0.000316523
-8.14364e-06
1.43548e-08
0.000316542
-9.06578e-06
1.41166e-06
0.000316542
-9.06399e-06
2.46777e-06
0.000316523
-8.14343e-06
2.77422e-06
0.00031648
-6.37752e-06
2.61981e-06
0.000316398
-5.08601e-06
0.000316257
2.50514e-06
-4.63737e-06
-2.714e-08
-5.45171e-06
0.000317332
4.87445e-06
3.99625e-08
-4.88997e-09
-5.57189e-06
0.000317486
4.97975e-06
2.39611e-09
-5.69753e-06
0.000317577
5.11715e-06
5.08285e-09
-5.79557e-06
0.000317626
5.21806e-06
7.46526e-09
-5.8468e-06
0.000317647
5.26867e-06
1.01786e-08
-5.84614e-06
0.000317647
5.26772e-06
1.22506e-08
-5.79404e-06
0.000317626
5.21723e-06
1.78966e-08
-5.69555e-06
0.000317577
5.11705e-06
3.85454e-08
-5.56778e-06
0.000317486
4.97718e-06
-5.44742e-06
0.000317332
4.87139e-06
5.00937e-08
-1.48853e-07
-5.97411e-06
0.000317405
1.40163e-07
-1.24823e-07
-6.13035e-06
0.0003175
-8.67629e-08
-6.2716e-06
0.000317546
-4.13541e-08
-6.3778e-06
0.000317568
8.54027e-09
-6.43393e-06
0.000317576
5.8346e-08
-6.43312e-06
0.000317576
1.03151e-07
-6.37543e-06
0.000317568
1.39182e-07
-6.26731e-06
0.000317546
1.59408e-07
-6.12221e-06
0.0003175
-5.96237e-06
0.000317405
1.43514e-07
-3.15865e-07
-6.48281e-06
0.000317406
3.33186e-07
-2.63992e-07
-6.67504e-06
0.000317456
-1.87966e-07
-6.84145e-06
0.000317479
-9.41667e-08
-6.96577e-06
0.000317488
9.60236e-09
-7.03202e-06
0.000317491
1.13311e-07
-7.03115e-06
0.000317491
2.06858e-07
-6.96305e-06
0.000317488
2.81822e-07
-6.83592e-06
0.000317479
3.32655e-07
-6.66574e-06
0.000317456
-6.47264e-06
0.000317405
3.51674e-07
-5.14934e-07
-6.9795e-06
0.000317358
5.64227e-07
-4.28149e-07
-7.20969e-06
0.000317381
-3.07181e-07
-7.41041e-06
0.000317391
-1.5692e-07
-7.564e-06
0.000317394
1.04654e-08
-7.64731e-06
0.000317395
1.77798e-07
-7.64634e-06
0.000317395
3.28246e-07
-7.56135e-06
0.000317394
4.50027e-07
-7.40546e-06
0.000317391
5.39897e-07
-7.20311e-06
0.00031738
-6.97607e-06
0.000317357
5.96199e-07
-7.47375e-07
-7.45967e-06
0.000317277
8.27753e-07
-6.24326e-07
-7.73197e-06
0.000317286
-4.5299e-07
-7.98051e-06
0.00031729
-2.35115e-07
-8.18039e-06
0.000317291
1.09928e-08
-8.29155e-06
0.000317291
2.56867e-07
-8.29041e-06
0.00031729
4.75121e-07
-8.17779e-06
0.00031729
6.48035e-07
-7.97702e-06
0.00031729
7.74581e-07
-7.72857e-06
0.000317286
-7.45814e-06
0.000317276
8.57265e-07
-1.02065e-06
-7.91399e-06
0.000317169
1.12632e-06
-8.65149e-07
-8.23488e-06
0.000317177
-6.39432e-07
-8.55263e-06
0.00031718
-3.37413e-07
-8.82814e-06
0.00031718
1.1694e-08
-8.98589e-06
0.000317179
3.60414e-07
-8.98458e-06
0.000317179
6.62758e-07
-8.82567e-06
0.00031718
8.88831e-07
-8.54936e-06
0.000317179
1.0433e-06
-8.23024e-06
0.000317176
-7.90682e-06
0.000317168
1.14397e-06
-1.34783e-06
-8.32743e-06
0.000317035
1.46692e-06
-1.17181e-06
-8.70367e-06
0.000317054
-8.9003e-07
-9.12555e-06
0.000317061
-4.78409e-07
-9.52996e-06
0.000317062
1.29617e-08
-9.76698e-06
0.000317062
5.04266e-07
-9.76556e-06
0.000317062
9.1708e-07
-9.52871e-06
0.000317062
1.20022e-06
-9.1234e-06
0.00031706
1.37352e-06
-8.69594e-06
0.000317053
-8.30685e-06
0.000317034
1.47978e-06
-1.75526e-06
-8.68907e-06
0.000316868
1.88002e-06
-1.58132e-06
-9.11246e-06
0.000316912
-1.24571e-06
-9.69417e-06
0.00031693
-6.82919e-07
-1.03248e-05
0.000316935
1.4505e-08
-1.06959e-05
0.000316937
7.11959e-07
-1.06944e-05
0.000316937
1.27679e-06
-1.03254e-05
0.000316935
1.61693e-06
-9.6963e-06
0.000316929
1.7939e-06
-9.10737e-06
0.000316912
-8.66048e-06
0.000316868
1.91128e-06
-2.24859e-06
-8.94559e-06
0.000316654
2.32904e-06
-2.14369e-06
-9.39133e-06
0.000316739
-1.77288e-06
-1.02374e-05
0.000316778
-9.90211e-07
-1.12788e-05
0.000316795
1.51345e-08
-1.1872e-05
0.000316801
1.02061e-06
-1.18707e-05
0.000316801
1.80474e-06
-1.12808e-05
0.000316794
2.18225e-06
-1.02459e-05
0.000316778
2.29687e-06
-9.39553e-06
0.000316739
-8.90991e-06
0.000316654
2.37094e-06
-2.83442e-06
0.000316369
-9.05899e-06
2.83606e-06
-2.94844e-06
0.000316509
-9.38739e-06
-2.58087e-06
0.000316589
-1.07141e-05
-1.45424e-06
0.000316632
-1.25139e-05
1.29459e-08
0.000316651
-1.34477e-05
1.48009e-06
0.000316651
-1.34462e-05
2.60534e-06
0.000316631
-1.25145e-05
2.98084e-06
0.000316589
-1.07302e-05
2.89288e-06
0.000316508
-9.41704e-06
0.000316368
2.87986e-06
-9.00794e-06
2.58519e-07
-1.1542e-05
0.000318548
1.03848e-05
-3.1681e-07
2.22996e-07
-1.17106e-05
0.000318699
1.05337e-05
1.58349e-07
-1.18996e-05
0.000318792
1.07495e-05
8.33248e-08
-1.20465e-05
0.000318842
1.09058e-05
7.10774e-09
-1.21231e-05
0.000318864
1.09832e-05
-6.89933e-08
-1.21228e-05
0.000318863
1.09828e-05
-1.44899e-07
-1.20456e-05
0.000318841
1.09061e-05
-2.11189e-07
-1.18974e-05
0.000318791
1.07495e-05
-2.45039e-07
-1.17053e-05
0.000318699
1.05268e-05
-1.15366e-05
0.000318548
1.0373e-05
-2.96903e-07
6.88019e-08
-1.25655e-05
0.000318519
-1.5973e-07
3.69234e-08
-1.27926e-05
0.000318614
2.18954e-08
-1.3e-05
0.000318662
1.306e-08
-1.3154e-05
0.000318684
7.84337e-09
-1.32346e-05
0.000318693
2.46919e-09
-1.3234e-05
0.000318693
-7.05891e-09
-1.31521e-05
0.000318684
-2.33738e-08
-1.29963e-05
0.000318661
-5.70102e-08
-1.27852e-05
0.000318613
-1.25555e-05
0.000318519
-1.52277e-07
-1.89316e-07
-1.35436e-05
0.000318419
1.54481e-07
-1.72243e-07
-1.38216e-05
0.000318468
-1.2714e-07
-1.40579e-05
0.000318492
-6.41126e-08
-1.423e-05
0.000318501
8.65577e-09
-1.43204e-05
0.000318504
8.14206e-08
-1.43197e-05
0.000318504
1.44403e-07
-1.42279e-05
0.000318501
1.88889e-07
-1.40533e-05
0.000318491
2.05719e-07
-1.38139e-05
0.000318468
-1.35359e-05
0.000318418
1.73307e-07
-4.86349e-07
-1.44791e-05
0.000318264
5.1535e-07
-4.08692e-07
-1.48047e-05
0.000318286
-2.94577e-07
-1.50772e-05
0.000318296
-1.5112e-07
-1.52784e-05
0.000318299
9.24575e-09
-1.53856e-05
0.0003183
1.69654e-07
-1.53849e-05
0.0003183
3.13509e-07
-1.52766e-05
0.000318299
4.28751e-07
-1.50735e-05
0.000318295
5.09814e-07
-1.48e-05
0.000318285
-1.44782e-05
0.000318264
5.45803e-07
-8.1924e-07
-1.53689e-05
0.000318073
9.13059e-07
-6.77942e-07
-1.57401e-05
0.00031808
-4.88435e-07
-1.606e-05
0.000318083
-2.53319e-07
-1.63063e-05
0.000318083
9.3569e-09
-1.64406e-05
0.000318083
2.71915e-07
-1.64398e-05
0.000318083
5.07667e-07
-1.63049e-05
0.000318083
6.99256e-07
-1.60583e-05
0.000318083
8.44424e-07
-1.57389e-05
0.000318079
-1.53695e-05
0.000318072
9.40308e-07
-1.19487e-06
-1.6208e-05
0.00031785
1.35321e-06
-9.91347e-07
-1.66222e-05
0.000317855
-7.21813e-07
-1.70068e-05
0.000317857
-3.78924e-07
-1.73255e-05
0.000317856
9.59043e-09
-1.75048e-05
0.000317855
3.97853e-07
-1.7504e-05
0.000317855
7.41463e-07
-1.73246e-05
0.000317856
1.01209e-06
-1.7006e-05
0.000317856
1.21538e-06
-1.66206e-05
0.000317855
-1.62034e-05
0.000317849
1.36918e-06
-1.62357e-06
-1.69888e-05
0.000317596
1.8428e-06
-1.36727e-06
-1.74376e-05
0.000317613
-1.01627e-06
-1.7915e-05
0.000317618
-5.41507e-07
-1.83563e-05
0.000317618
1.04093e-08
-1.86122e-05
0.000317617
5.62414e-07
-1.86115e-05
0.000317617
1.03897e-06
-1.83572e-05
0.000317618
1.39228e-06
-1.79162e-05
0.000317617
1.64708e-06
-1.7434e-05
0.000317612
-1.69715e-05
0.000317595
1.85447e-06
-2.12279e-06
-1.77062e-05
0.000317306
2.40284e-06
-1.83671e-06
-1.81587e-05
0.000317347
-1.40937e-06
-1.87756e-05
0.000317363
-7.6439e-07
-1.94335e-05
0.000317367
1.14096e-08
-1.98194e-05
0.000317368
7.8744e-07
-1.98189e-05
0.000317368
1.4351e-06
-1.94367e-05
0.000317367
1.86816e-06
-1.87821e-05
0.000317362
2.15898e-06
-1.81594e-05
0.000317346
-1.76824e-05
0.000317304
2.43339e-06
-2.67978e-06
-1.83104e-05
0.000316962
2.97648e-06
-2.44031e-06
-1.87045e-05
0.000317046
-1.96333e-06
-1.95578e-05
0.000317084
-1.0853e-06
-2.06158e-05
0.000317099
1.12577e-08
-2.12199e-05
0.000317105
1.10816e-06
-2.12195e-05
0.000317105
1.98797e-06
-2.06207e-05
0.000317099
2.47236e-06
-1.95712e-05
0.000317083
2.72273e-06
-1.87155e-05
0.000317045
-1.82816e-05
0.00031696
3.01527e-06
-3.24826e-06
0.00031654
-1.87129e-05
3.479e-06
-3.24552e-06
0.000316681
-1.88799e-05
-2.77485e-06
0.000316762
-2.02016e-05
-1.55216e-06
0.000316805
-2.20118e-05
8.12393e-09
0.000316824
-2.29537e-05
1.56849e-06
0.000316824
-2.29533e-05
2.78933e-06
0.000316805
-2.20147e-05
3.26748e-06
0.000316762
-2.02223e-05
3.29576e-06
0.00031668
-1.89157e-05
0.000316538
3.51122e-06
-1.86678e-05
6.84013e-07
-2.0845e-05
0.000320666
1.88409e-05
-7.98232e-07
5.80039e-07
-2.11512e-05
0.000320861
1.90932e-05
4.1365e-07
-2.14817e-05
0.000320972
1.94682e-05
2.14571e-07
-2.17376e-05
0.000321033
1.97458e-05
4.02116e-09
-2.1872e-05
0.00032106
1.9886e-05
-2.07361e-07
-2.18726e-05
0.00032106
1.98873e-05
-4.08847e-07
-2.17388e-05
0.000321032
1.97493e-05
-5.75844e-07
-2.14811e-05
0.000320971
1.94685e-05
-6.69867e-07
-2.11462e-05
0.00032086
1.90787e-05
-2.08428e-05
0.000320665
1.88176e-05
-7.6222e-07
3.42178e-07
-2.26917e-05
0.000320518
-4.94442e-07
2.51027e-07
-2.30847e-05
0.000320638
1.72085e-07
-2.34368e-05
0.000320696
8.90935e-08
-2.36947e-05
0.000320724
3.39711e-09
-2.38295e-05
0.000320736
-8.26955e-08
-2.38296e-05
0.000320736
-1.66532e-07
-2.36946e-05
0.000320724
-2.45532e-07
-2.34355e-05
0.000320695
-3.34491e-07
-2.3081e-05
0.000320637
-2.26887e-05
0.000320517
-4.86737e-07
-1.13822e-07
-2.44825e-05
0.00032026
6.29835e-08
-1.09991e-07
-2.4946e-05
0.000320326
-8.15658e-08
-2.53297e-05
0.000320356
-4.18996e-08
-2.56032e-05
0.00032037
3.23936e-09
-2.57454e-05
0.000320375
4.8509e-08
-2.57456e-05
0.000320375
8.84814e-08
-2.56029e-05
0.000320369
1.17028e-07
-2.53278e-05
0.000320355
1.21435e-07
-2.49422e-05
0.000320325
-2.44806e-05
0.000320259
7.23464e-08
-6.16776e-07
-2.62249e-05
0.000319932
6.91355e-07
-4.99441e-07
-2.67408e-05
0.000319963
-3.51712e-07
-2.71596e-05
0.000319978
-1.80977e-07
-2.74591e-05
0.000319984
2.97198e-09
-2.76158e-05
0.000319986
1.87253e-07
-2.7616e-05
0.000319986
3.58832e-07
-2.74591e-05
0.000319984
5.08203e-07
-2.71588e-05
0.000319977
6.29225e-07
-2.67399e-05
0.000319962
-2.62283e-05
0.000319931
7.09771e-07
-1.15231e-06
-2.79001e-05
0.000319554
1.34562e-06
-9.18562e-07
-2.84617e-05
0.000319567
-6.4509e-07
-2.89229e-05
0.000319573
-3.33252e-07
-2.92624e-05
0.000319575
2.16937e-09
-2.94435e-05
0.000319575
3.378e-07
-2.94439e-05
0.000319575
6.50986e-07
-2.92635e-05
0.000319574
9.27704e-07
-2.8925e-05
0.000319572
1.16664e-06
-2.84654e-05
0.000319566
-2.79054e-05
0.000319553
1.36271e-06
-1.72734e-06
-2.95077e-05
0.000319136
2.04884e-06
-1.37658e-06
-3.01011e-05
0.000319144
-9.73205e-07
-3.06161e-05
0.000319147
-5.06213e-07
-3.10196e-05
0.000319146
1.56151e-09
-3.12416e-05
0.000319146
5.09274e-07
-3.12421e-05
0.000319145
9.77959e-07
-3.10219e-05
0.000319146
1.38427e-06
-3.06205e-05
0.000319146
1.73728e-06
-3.01067e-05
0.000319143
-2.95113e-05
0.000319134
2.0577e-06
-2.34857e-06
-3.1051e-05
0.000318679
2.80874e-06
-1.88747e-06
-3.16461e-05
0.000318697
-1.35447e-06
-3.22323e-05
0.000318701
-7.11844e-07
-3.27451e-05
0.000318701
1.59816e-09
-3.30376e-05
0.0003187
7.15135e-07
-3.30381e-05
0.000318699
1.36045e-06
-3.27497e-05
0.0003187
1.8976e-06
-3.22402e-05
0.0003187
2.36032e-06
-3.16528e-05
0.000318695
-3.10471e-05
0.000318677
2.81371e-06
-3.01849e-06
-3.25348e-05
0.000318179
3.62863e-06
-2.4727e-06
-3.30655e-05
0.000318221
-1.82141e-06
-3.37555e-05
0.000318235
-9.71335e-07
-3.4466e-05
0.000318238
1.72626e-09
-3.48805e-05
0.000318238
9.74836e-07
-3.48807e-05
0.000318238
1.82779e-06
-3.44725e-05
0.000318237
2.48581e-06
-3.37691e-05
0.000318233
3.0389e-06
-3.30785e-05
0.000318219
-3.25289e-05
0.000318177
3.64804e-06
-3.69509e-06
-3.39006e-05
0.000317619
4.40335e-06
-3.16054e-06
-3.42572e-05
0.000317703
-2.43188e-06
-3.51397e-05
0.000317739
-1.32141e-06
-3.62304e-05
0.000317753
4.24293e-10
-3.68553e-05
0.000317758
1.32227e-06
-3.68551e-05
0.000317758
2.43337e-06
-3.62366e-05
0.000317752
3.16864e-06
-3.51586e-05
0.000317737
3.71519e-06
-3.42806e-05
0.0003177
-3.38949e-05
0.000317616
4.42514e-06
-4.2751e-06
0.000316976
-3.49869e-05
4.92539e-06
-3.99845e-06
0.000317116
-3.49683e-05
-3.27305e-06
0.000317196
-3.62991e-05
-1.80676e-06
0.000317238
-3.81298e-05
-3.92282e-09
0.000317257
-3.90909e-05
1.79833e-06
0.000317257
-3.90895e-05
3.2598e-06
0.000317237
-3.81302e-05
3.99035e-06
0.000317194
-3.6322e-05
4.29167e-06
0.000317113
-3.50146e-05
0.000316972
4.93787e-06
-3.49747e-05
1.87267e-06
-4.4077e-05
0.000325171
4.02303e-05
-2.53117e-06
1.45833e-06
-4.43392e-05
0.000325298
4.03172e-05
9.82296e-07
-4.47578e-05
0.000325395
4.08106e-05
4.89262e-07
-4.50976e-05
0.000325447
4.11764e-05
-4.53132e-10
-4.52746e-05
0.00032547
4.13546e-05
-4.92466e-07
-4.52774e-05
0.00032547
4.13599e-05
-9.9096e-07
-4.5103e-05
0.000325446
4.11878e-05
-1.46527e-06
-4.47605e-05
0.000325393
4.08128e-05
-1.85659e-06
-4.43363e-05
0.000325295
4.02929e-05
-4.40806e-05
0.000325168
4.0194e-05
-2.47341e-06
1.42585e-06
-4.73824e-05
0.000324525
-2.12662e-06
9.97886e-07
-4.78826e-05
0.00032461
6.45833e-07
-4.83713e-05
0.000324662
3.16256e-07
-4.87296e-05
0.000324686
-2.93638e-09
-4.8915e-05
0.000324695
-3.23258e-07
-4.89165e-05
0.000324695
-6.54688e-07
-4.87326e-05
0.000324685
-1.006e-06
-4.83741e-05
0.00032466
-1.42781e-06
-4.78848e-05
0.000324608
-4.73886e-05
0.000324522
-2.12483e-06
7.23191e-07
-5.05078e-05
0.000323819
-1.15645e-06
4.67534e-07
-5.11615e-05
0.00032386
2.82507e-07
-5.17143e-05
0.000323884
1.31162e-07
-5.21023e-05
0.000323894
-4.57781e-09
-5.23013e-05
0.000323897
-1.406e-07
-5.23026e-05
0.000323897
-2.92385e-07
-5.21047e-05
0.000323893
-4.77964e-07
-5.17162e-05
0.000323883
-7.34598e-07
-5.11625e-05
0.000323859
-5.0511e-05
0.000323817
-1.17109e-06
-5.55393e-08
-5.34384e-05
0.00032305
-1.31904e-07
-1.11828e-07
-5.42065e-05
0.000323065
-1.07795e-07
-5.48139e-05
0.000323074
-6.68091e-08
-5.52354e-05
0.000323076
-6.41222e-09
-5.54521e-05
0.000323077
5.42029e-08
-5.54534e-05
0.000323077
9.5885e-08
-5.52384e-05
0.000323076
1.01236e-07
-5.48174e-05
0.000323073
4.7227e-08
-5.42103e-05
0.000323064
-5.34455e-05
0.000323049
-1.37294e-07
-8.88064e-07
-5.62072e-05
0.000322239
9.71839e-07
-7.32305e-07
-5.70357e-05
0.000322241
-5.27752e-07
-5.7687e-05
0.000322242
-2.81055e-07
-5.81475e-05
0.00032224
-9.16837e-09
-5.83878e-05
0.000322239
2.63273e-07
-5.83896e-05
0.000322239
5.1228e-07
-5.81529e-05
0.00032224
7.21923e-07
-5.76961e-05
0.000322241
8.85013e-07
-5.70477e-05
0.00032224
-5.62201e-05
0.000322239
9.7362e-07
-1.76663e-06
-5.88271e-05
0.000321391
2.13134e-06
-1.39242e-06
-5.96583e-05
0.000321393
-9.81176e-07
-6.03434e-05
0.000321392
-5.1502e-07
-6.08559e-05
0.000321389
-1.1672e-08
-6.11316e-05
0.000321386
4.92117e-07
-6.1134e-05
0.000321386
9.61692e-07
-6.08644e-05
0.000321388
1.37942e-06
-6.03586e-05
0.00032139
1.76176e-06
-5.96787e-05
0.000321391
-5.88493e-05
0.00032139
2.13517e-06
-2.68197e-06
-6.13363e-05
0.000320505
3.36502e-06
-2.09098e-06
-6.20737e-05
0.000320521
-1.47632e-06
-6.27814e-05
0.000320525
-7.7553e-07
-6.33784e-05
0.000320522
-1.33045e-08
-6.37139e-05
0.00032052
7.49267e-07
-6.37167e-05
0.00032052
1.45407e-06
-6.33904e-05
0.000320521
2.0757e-06
-6.28033e-05
0.000320523
2.67516e-06
-6.21023e-05
0.000320519
-6.13645e-05
0.000320503
3.36468e-06
-3.59772e-06
-6.37662e-05
0.000319573
4.63401e-06
-2.82528e-06
-6.42454e-05
0.00031962
-2.03387e-06
-6.49745e-05
0.000319636
-1.07919e-06
-6.57352e-05
0.000319639
-1.50861e-08
-6.61796e-05
0.000319639
1.04883e-06
-6.61821e-05
0.000319639
2.0059e-06
-6.57493e-05
0.000319638
2.80374e-06
-6.50023e-05
0.000319634
3.58708e-06
-6.42838e-05
0.000319617
-6.38011e-05
0.000319569
4.63141e-06
-4.37679e-06
-6.60008e-05
0.000318572
5.65872e-06
-3.5923e-06
-6.59989e-05
0.000318672
-2.70734e-06
-6.68372e-05
0.000318716
-1.4647e-06
-6.79599e-05
0.000318735
-1.88978e-08
-6.86098e-05
0.000318743
1.42618e-06
-6.86116e-05
0.000318742
2.66692e-06
-6.79723e-05
0.000318734
3.55339e-06
-6.68664e-05
0.000318715
4.3463e-06
-6.60447e-05
0.000318669
-6.60411e-05
0.000318568
5.63453e-06
-4.79088e-06
0.000317477
-6.7569e-05
5.85819e-06
-4.417e-06
0.000317651
-6.69084e-05
-3.57882e-06
0.000317752
-6.82305e-05
-1.97674e-06
0.000317807
-7.01301e-05
-2.59732e-08
0.000317833
-7.1136e-05
1.92378e-06
0.000317832
-7.1137e-05
3.52129e-06
0.000317806
-7.01385e-05
4.36054e-06
0.00031775
-6.82614e-05
4.7436e-06
0.000317648
-6.69628e-05
0.000317472
5.8085e-06
-6.76062e-05
4.18444e-06
-0.000113265
0.000106183
-5.19277e-06
3.38441e-06
-0.000114038
0.000106683
2.37333e-06
-0.00011503
0.00010789
1.20897e-06
-0.000115857
0.000108875
-2.87405e-08
-0.000116305
0.000109398
-1.27051e-06
-0.000116309
0.000109407
-2.44337e-06
-0.000115868
0.000108893
-3.45508e-06
-0.000115043
0.0001079
-4.24437e-06
-0.000114051
0.00010668
-0.000113292
0.000106199
-5.24764e-06
3.12527e-06
-0.000119219
-4.35522e-06
2.27987e-06
-0.000120391
1.52871e-06
-0.000121459
7.58512e-07
-0.000122253
-3.49726e-08
-0.000122671
-8.30034e-07
-0.000122675
-1.6034e-06
-0.000122262
-2.35671e-06
-0.000121472
-3.20555e-06
-0.000120405
-0.000119235
-4.452e-06
1.54795e-06
-0.000124781
-2.21038e-06
1.09043e-06
-0.00012616
7.08338e-07
-0.00012729
3.36265e-07
-0.000128083
-3.9493e-08
-0.000128493
-4.15466e-07
-0.000128496
-7.87622e-07
-0.000128093
-1.16914e-06
-0.000127303
-1.62609e-06
-0.000126176
-0.000124797
-2.29029e-06
-9.21932e-08
-0.000129921
-5.20596e-08
-1.16723e-07
-0.000131419
-1.03849e-07
-0.000132578
-7.73423e-08
-0.000133379
-4.55445e-08
-0.000133791
-1.26521e-08
-0.000133796
1.72277e-08
-0.000133392
3.64374e-08
-0.000132598
2.12789e-08
-0.000131444
-0.000129959
-1.00274e-07
-1.73061e-06
-0.000134683
2.13232e-06
-1.32814e-06
-0.000136188
-9.17904e-07
-0.000137353
-4.91512e-07
-0.000138171
-5.20722e-08
-0.000138596
3.89009e-07
-0.000138602
8.2122e-07
-0.00013819
1.24372e-06
-0.000137386
1.66635e-06
-0.000136231
-0.00013474
2.09038e-06
-3.37626e-06
-0.00013909
4.32616e-06
-2.54469e-06
-0.000140493
-1.74137e-06
-0.000141639
-9.1305e-07
-0.000142486
-5.78776e-08
-0.000142941
7.9848e-07
-0.000142949
1.63277e-06
-0.000142512
2.4471e-06
-0.000141683
3.29585e-06
-0.000140554
-0.00013917
4.27041e-06
-4.98689e-06
-0.000143192
6.51367e-06
-3.75498e-06
-0.00014433
-2.58297e-06
-0.000145433
-1.3514e-06
-0.00014635
-6.30775e-08
-0.000146867
1.2256e-06
-0.000146876
2.46131e-06
-0.000146381
3.63933e-06
-0.000145485
4.88242e-06
-0.000144404
-0.000143286
6.42301e-06
-6.45456e-06
-0.000146956
8.50455e-06
-4.93664e-06
-0.000147605
-3.46563e-06
-0.000148684
-1.82876e-06
-0.000149784
-7.01022e-08
-0.00015043
1.68809e-06
-0.00015044
3.32465e-06
-0.000149816
4.79586e-06
-0.00014874
6.31827e-06
-0.000147685
-0.000147063
8.37924e-06
-7.56719e-06
-0.000150032
9.77511e-06
-6.08214e-06
-0.000150011
-4.45252e-06
-0.000151268
-2.39309e-06
-0.000152819
-8.22293e-08
-0.000153728
2.2293e-06
-0.000153738
4.28536e-06
-0.000152849
5.91165e-06
-0.000151322
7.39633e-06
-0.000150094
-0.000150153
9.61539e-06
-8.21641e-06
-0.000151747
9.88534e-06
-7.19375e-06
-0.000151138
-5.5516e-06
-0.000153057
-3.03825e-06
-0.000155509
-1.02838e-07
-0.000156855
2.82511e-06
-0.000156858
5.31179e-06
-0.000155512
6.93746e-06
-0.000153096
7.97359e-06
-0.000151236
9.71349e-06
-0.000151943
2.95653e-07
1.30886e-05
0.000470445
-8.12696e-08
3.25592e-07
1.27543e-05
0.000513701
2.63715e-07
1.25738e-05
0.000548737
1.45204e-07
1.24716e-05
0.000573394
-6.64241e-10
1.24257e-05
0.000586119
-1.46561e-07
1.24257e-05
0.000586119
-2.65186e-07
1.24716e-05
0.000573394
-3.27029e-07
1.25738e-05
0.000548737
-2.97363e-07
1.27543e-05
0.000513701
1.30883e-05
0.000470446
-8.29758e-08
2.84388e-07
8.47663e-06
0.000455639
-8.48903e-08
3.39444e-07
8.11602e-06
0.000498231
2.88337e-07
7.87076e-06
0.000532736
1.6274e-07
7.7117e-06
0.000556986
-2.88067e-10
7.6329e-06
0.000569489
-1.63273e-07
7.63291e-06
0.000569489
-2.88972e-07
7.71168e-06
0.000556986
-3.40149e-07
7.87077e-06
0.000532736
-2.85232e-07
8.1161e-06
0.000498231
8.47665e-06
0.000455639
-8.58727e-08
2.66437e-07
6.46637e-06
0.000420537
-8.73072e-08
3.18796e-07
6.16417e-06
0.00046271
2.68977e-07
5.95768e-06
0.000496679
1.51286e-07
5.82186e-06
0.000520462
-1.02958e-10
5.75381e-06
0.000532699
-1.51466e-07
5.75385e-06
0.000532699
-2.69248e-07
5.82193e-06
0.000520461
-3.19172e-07
5.95786e-06
0.000496679
-2.66975e-07
6.16445e-06
0.00046271
6.46662e-06
0.000420537
-8.78899e-08
2.51975e-07
5.18505e-06
0.000387303
-8.97103e-08
2.99173e-07
4.92989e-06
0.00042916
2.51902e-07
4.76148e-06
0.000462693
1.41591e-07
4.65049e-06
0.000486089
-5.55428e-11
4.59453e-06
0.000498105
-1.41691e-07
4.5946e-06
0.000498105
-2.52089e-07
4.65067e-06
0.000486089
-2.99482e-07
4.76186e-06
0.000462693
-2.52453e-07
4.93041e-06
0.00042916
5.18543e-06
0.000387303
-9.01816e-08
2.33402e-07
4.19944e-06
0.000354507
-9.20401e-08
2.78809e-07
3.9669e-06
0.000396053
2.35922e-07
3.82893e-06
0.000429158
1.32954e-07
3.73933e-06
0.000452175
-3.99758e-11
3.69404e-06
0.000463972
-1.33031e-07
3.69414e-06
0.000463972
-2.36088e-07
3.73964e-06
0.000452175
-2.79117e-07
3.82953e-06
0.000429158
-2.33859e-07
3.96765e-06
0.000396053
4.19995e-06
0.000354507
-9.25127e-08
2.18245e-07
3.38392e-06
0.000321833
-9.41877e-08
2.61446e-07
3.15833e-06
0.000363063
2.22204e-07
3.04614e-06
0.000395739
1.25522e-07
2.9765e-06
0.000418375
-2.56199e-11
2.94145e-06
0.000429952
-1.25579e-07
2.9416e-06
0.000429952
-2.22343e-07
2.97695e-06
0.000418374
-2.61731e-07
3.04697e-06
0.000395738
-2.18659e-07
3.1593e-06
0.000363063
3.38458e-06
0.000321833
-9.46522e-08
2.10104e-07
2.69015e-06
0.0002892
-9.61288e-08
2.50057e-07
2.46712e-06
0.000330111
2.12301e-07
2.37875e-06
0.000362355
1.1989e-07
2.32837e-06
0.000384609
-1.35197e-11
2.30331e-06
0.000395967
-1.19924e-07
2.3035e-06
0.000395967
-2.1239e-07
2.32894e-06
0.000384609
-2.50267e-07
2.37979e-06
0.000362355
-2.10418e-07
2.46831e-06
0.000330111
2.69097e-06
0.0002892
-9.65155e-08
2.10371e-07
2.09143e-06
0.000256585
-9.79477e-08
2.46535e-07
1.8764e-06
0.000297177
2.0715e-07
1.81263e-06
0.000328989
1.16382e-07
1.7803e-06
0.000350861
-1.21237e-11
1.76441e-06
0.000361999
-1.16399e-07
1.76461e-06
0.000361999
-2.07155e-07
1.78093e-06
0.000350861
-2.46574e-07
1.81382e-06
0.000328989
-2.10482e-07
1.8778e-06
0.000297177
2.09241e-06
0.000256585
-9.81064e-08
2.22534e-07
1.56525e-06
0.000223981
-1.00286e-07
2.53167e-07
1.37669e-06
0.000264254
2.07266e-07
1.34113e-06
0.000295635
1.14968e-07
1.3236e-06
0.000317125
-6.15914e-11
1.31482e-06
0.000328043
-1.15038e-07
1.31499e-06
0.000328043
-2.07197e-07
1.32416e-06
0.000317125
-2.52916e-07
1.34226e-06
0.000295634
-2.22134e-07
1.37809e-06
0.000264254
1.56655e-06
0.000223981
-1.00081e-07
2.64907e-07
0.000191387
-1.0373e-07
2.67756e-07
0.00023134
2.09209e-07
0.00026229
1.13418e-07
0.000283399
-2.58207e-10
0.000294098
-1.13844e-07
0.000294098
-2.09393e-07
0.000283399
-2.67725e-07
0.00026229
-2.64679e-07
0.00023134
0.000191387
-1.03084e-07
2.35582e-07
1.26809e-05
0.000457602
-7.31783e-08
3.03266e-07
1.23028e-05
0.000501331
2.58363e-07
1.21447e-05
0.000536637
1.45861e-07
1.20366e-05
0.00056147
-3.16239e-10
1.19857e-05
0.000574279
-1.46493e-07
1.19858e-05
0.000574279
-2.59177e-07
1.20368e-05
0.000561469
-3.04074e-07
1.2145e-05
0.000536636
-2.36463e-07
1.23028e-05
0.000501331
1.26807e-05
0.000457603
-7.45263e-08
3.51437e-07
1.07037e-05
0.000457347
-8.18415e-08
4.04836e-07
1.03645e-05
0.000500116
3.41858e-07
1.01788e-05
0.000534765
1.9293e-07
1.0057e-05
0.000559114
9.65832e-11
9.99766e-06
0.00057167
-1.92728e-07
9.99768e-06
0.00057167
-3.41867e-07
1.0057e-05
0.000559115
-4.04951e-07
1.01789e-05
0.000534766
-3.5197e-07
1.03645e-05
0.000500116
1.07038e-05
0.000457347
-8.25222e-08
3.1741e-07
8.92128e-06
0.000422086
-8.41319e-08
3.69327e-07
8.65153e-06
0.000464371
3.11755e-07
8.4801e-06
0.000498435
1.75837e-07
8.36881e-06
0.000522286
2.97443e-10
8.31364e-06
0.000534559
-1.75232e-07
8.31369e-06
0.000534559
-3.11345e-07
8.36891e-06
0.000522286
-3.69118e-07
8.48027e-06
0.000498435
-3.17661e-07
8.65175e-06
0.000464371
8.92147e-06
0.000422086
-8.44546e-08
2.8727e-07
7.46989e-06
0.000388554
-8.63707e-08
3.42603e-07
7.24881e-06
0.000430507
2.9188e-07
7.10407e-06
0.00046412
1.65463e-07
7.01271e-06
0.000487572
3.90283e-10
6.96735e-06
0.000499616
-1.64688e-07
6.96743e-06
0.000499616
-2.91297e-07
7.01292e-06
0.000487572
-3.42284e-07
7.10448e-06
0.000464119
-2.8735e-07
7.24935e-06
0.000430507
7.47028e-06
0.000388554
-8.6597e-08
2.68144e-07
6.22963e-06
0.00035557
-9.02906e-08
3.23153e-07
6.03491e-06
0.000397212
2.77239e-07
5.91324e-06
0.000430395
1.57863e-07
5.84073e-06
0.000453467
4.40562e-10
5.80519e-06
0.000465292
-1.57005e-07
5.8053e-06
0.000465292
-2.76585e-07
5.84108e-06
0.000453467
-3.22811e-07
5.91394e-06
0.000430395
-2.68153e-07
6.03575e-06
0.000397212
6.23026e-06
0.000355569
-9.05288e-08
2.60547e-07
5.13366e-06
0.000322765
-9.62976e-08
3.11982e-07
4.95112e-06
0.000364095
2.67836e-07
4.84499e-06
0.000396851
1.52763e-07
4.78756e-06
0.000419543
4.57713e-10
4.76048e-06
0.000431149
-1.5188e-07
4.76065e-06
0.000431149
-2.67159e-07
4.78807e-06
0.000419543
-3.11636e-07
4.84596e-06
0.000396851
-2.60514e-07
4.95221e-06
0.000364095
5.13454e-06
0.000322765
-9.65159e-08
2.6224e-07
4.14863e-06
0.000290026
-1.03609e-07
3.09528e-07
3.97349e-06
0.000331042
2.64241e-07
3.87853e-06
0.000363367
1.50422e-07
3.83327e-06
0.000385677
4.44687e-10
3.81347e-06
0.000397064
-1.49574e-07
3.81369e-06
0.000397064
-2.63582e-07
3.83393e-06
0.000385677
-3.09175e-07
3.87973e-06
0.000363367
-2.62153e-07
3.97475e-06
0.000331042
4.14968e-06
0.000290026
-1.03729e-07
2.73127e-07
3.25746e-06
0.000257316
-1.12328e-07
3.17291e-07
3.09325e-06
0.000298013
2.67851e-07
3.01023e-06
0.000329907
1.51535e-07
2.97575e-06
0.000351835
3.8819e-10
2.96216e-06
0.000363001
-1.50807e-07
2.96242e-06
0.000363001
-2.67274e-07
2.97653e-06
0.000351835
-3.16932e-07
3.01158e-06
0.000329907
-2.72947e-07
3.0946e-06
0.000298013
3.25853e-06
0.000257315
-1.12229e-07
2.94636e-07
2.45055e-06
0.000224618
-1.24634e-07
3.37907e-07
2.30664e-06
0.000264997
2.80718e-07
2.24262e-06
0.000296459
1.57047e-07
2.21902e-06
0.000318005
2.50719e-10
2.21029e-06
0.000328952
-1.56551e-07
2.21052e-06
0.000328952
-2.80247e-07
2.21977e-06
0.000318005
-3.37442e-07
2.24391e-06
0.000296459
-2.94166e-07
2.3079e-06
0.000264997
2.45152e-06
0.000224618
-1.24147e-07
3.26418e-07
0.00019193
-1.43574e-07
3.68849e-07
0.00023199
3.00294e-07
0.00026302
1.65642e-07
0.000284185
4.30814e-11
0.000294912
-1.65444e-07
0.000294912
-2.99787e-07
0.000284185
-3.68017e-07
0.000263021
-3.25549e-07
0.00023199
0.00019193
-1.42563e-07
2.64727e-07
8.55832e-06
0.000448891
-1.11917e-07
2.98975e-07
8.36661e-06
0.00049293
2.37154e-07
8.29315e-06
0.000528406
1.30113e-07
8.22529e-06
0.000553351
1.39684e-09
8.19349e-06
0.000566215
-1.27442e-07
8.19372e-06
0.000566215
-2.3469e-07
8.22592e-06
0.000553351
-2.96798e-07
8.29398e-06
0.000528405
-2.62701e-07
8.36741e-06
0.000492929
8.55834e-06
0.000448892
-1.10132e-07
3.14043e-07
9.1563e-06
0.000456535
-9.97758e-08
3.3426e-07
9.02431e-06
0.000499438
2.68815e-07
8.97281e-06
0.000534151
1.47896e-07
8.92691e-06
0.000558534
8.39496e-10
8.90586e-06
0.000571105
-1.463e-07
8.90601e-06
0.000571105
-2.67299e-07
8.92733e-06
0.000558534
-3.32912e-07
8.97323e-06
0.000534152
-3.12859e-07
9.02467e-06
0.000499439
9.15614e-06
0.000456535
-9.84774e-08
2.8478e-07
8.09698e-06
0.000422976
-1.15269e-07
3.10268e-07
8.00995e-06
0.00046536
2.5504e-07
7.97144e-06
0.000499492
1.41413e-07
7.93931e-06
0.000523387
1.72603e-10
7.92362e-06
0.000535682
-1.41103e-07
7.92372e-06
0.000535682
-2.54728e-07
7.93955e-06
0.000523387
-3.10048e-07
7.97157e-06
0.000499492
-2.84523e-07
8.00996e-06
0.00046536
8.09644e-06
0.000422976
-1.14832e-07
2.82805e-07
6.84489e-06
0.00038966
-1.36853e-07
3.06187e-07
6.78839e-06
0.000431706
2.51729e-07
6.76212e-06
0.000465383
1.39883e-07
6.74427e-06
0.000488879
-1.88862e-10
6.73559e-06
0.000500944
-1.40254e-07
6.73563e-06
0.000500944
-2.52033e-07
6.74433e-06
0.000488879
-3.06537e-07
6.76205e-06
0.000465383
-2.83091e-07
6.78807e-06
0.000431706
6.84412e-06
0.00038966
-1.37086e-07
2.95858e-07
5.61949e-06
0.000356667
-1.67715e-07
3.1279e-07
5.58247e-06
0.000398401
2.54469e-07
5.56539e-06
0.00043165
1.40994e-07
5.55919e-06
0.000454765
-2.98626e-10
5.55678e-06
0.000466612
-1.41556e-07
5.55671e-06
0.000466612
-2.54933e-07
5.55904e-06
0.000454765
-3.13291e-07
5.56518e-06
0.00043165
-2.96405e-07
5.58198e-06
0.000398401
5.61875e-06
0.000356667
-1.68381e-07
3.22284e-07
4.47117e-06
0.0003238
-2.09176e-07
3.29266e-07
4.44303e-06
0.000365228
2.63447e-07
4.42771e-06
0.000398054
1.4503e-07
4.42671e-06
0.000420794
-3.35019e-10
4.42756e-06
0.000432423
-1.45638e-07
4.42742e-06
0.000432423
-2.63935e-07
4.42637e-06
0.000420794
-3.29806e-07
4.42741e-06
0.000398054
-3.23004e-07
4.4426e-06
0.000365228
4.47074e-06
0.0003238
-2.10205e-07
3.60851e-07
3.41166e-06
0.000290985
-2.60205e-07
3.55883e-07
3.38364e-06
0.000332106
2.79222e-07
3.36232e-06
0.000364509
1.52359e-07
3.35938e-06
0.000386871
-3.64906e-10
3.35995e-06
0.000398284
-1.53027e-07
3.35972e-06
0.000398284
-2.79764e-07
3.35887e-06
0.000386872
-3.56452e-07
3.36197e-06
0.000364509
-3.61714e-07
3.38341e-06
0.000332106
3.41176e-06
0.000290985
-2.61608e-07
4.08403e-07
2.44688e-06
0.000258192
-3.20214e-07
3.91016e-07
2.41036e-06
0.000299004
3.01305e-07
2.3773e-06
0.000330982
1.62916e-07
2.36664e-06
0.000352966
-4.07504e-10
2.36375e-06
0.000364161
-1.63672e-07
2.36342e-06
0.000364161
-3.01919e-07
2.36595e-06
0.000352966
-3.91519e-07
2.3769e-06
0.000330982
-4.09173e-07
2.41037e-06
0.000299004
2.44792e-06
0.000258192
-3.21921e-07
4.59898e-07
1.58767e-06
0.000225407
-3.88871e-07
4.326e-07
1.52736e-06
0.000265908
3.29738e-07
1.47983e-06
0.00029746
1.77094e-07
1.45852e-06
0.000319066
-4.30833e-10
1.45007e-06
0.000330043
-1.77883e-07
1.44966e-06
0.000330043
-3.30314e-07
1.4576e-06
0.000319066
-4.32959e-07
1.47923e-06
0.00029746
-4.60279e-07
1.5274e-06
0.000265908
1.58981e-06
0.000225406
-3.90332e-07
5.15486e-07
0.000192618
-4.59611e-07
4.869e-07
0.000232808
3.70841e-07
0.000263936
1.9878e-07
0.000285165
-1.08523e-10
0.000295925
-1.98714e-07
0.000295925
-3.70017e-07
0.000285165
-4.85079e-07
0.000263936
-5.13643e-07
0.000232808
0.000192618
-4.59646e-07
9.63349e-07
4.07679e-06
0.000444773
-9.21773e-07
8.12108e-07
4.07552e-06
0.000489006
5.72585e-07
4.08534e-06
0.00052456
2.9586e-07
4.07683e-06
0.000549551
1.85195e-09
4.07457e-06
0.000562434
-2.92162e-07
4.0747e-06
0.000562434
-5.69262e-07
4.07726e-06
0.000549551
-8.09629e-07
4.08611e-06
0.000524559
-9.61698e-07
4.07664e-06
0.000489005
4.07527e-06
0.000444774
-9.18643e-07
8.29828e-07
5.67231e-06
0.000454919
-8.09659e-07
7.07709e-07
5.73295e-06
0.000497903
5.06751e-07
5.8111e-06
0.000532626
2.63158e-07
5.84712e-06
0.000557007
9.65561e-10
5.86716e-06
0.000569575
-2.61347e-07
5.86728e-06
0.000569575
-5.05301e-07
5.84785e-06
0.000557008
-7.06732e-07
5.81242e-06
0.000532627
-8.28884e-07
5.73414e-06
0.000497903
5.66905e-06
0.000454919
-8.07125e-07
8.65837e-07
4.94575e-06
0.000423707
-8.70911e-07
7.45081e-07
5.02687e-06
0.000466187
5.42829e-07
5.13039e-06
0.000500375
2.84495e-07
5.1878e-06
0.000524305
3.57599e-10
5.21701e-06
0.000536616
-2.83928e-07
5.2173e-06
0.000536616
-5.42638e-07
5.18887e-06
0.000524305
-7.45169e-07
5.13194e-06
0.000500375
-8.65538e-07
5.02768e-06
0.000466187
4.9413e-06
0.000423707
-8.69434e-07
9.49625e-07
3.72502e-06
0.000390901
-9.69766e-07
8.08859e-07
3.81674e-06
0.000433056
5.86657e-07
3.92539e-06
0.000466811
3.0704e-07
3.99087e-06
0.000490355
9.4707e-11
4.02335e-06
0.000502445
-3.06979e-07
4.02383e-06
0.000502445
-5.86873e-07
3.99234e-06
0.000490355
-8.09228e-07
3.92713e-06
0.000466811
-9.49656e-07
3.8172e-06
0.000433056
3.71985e-06
0.000390901
-9.69115e-07
1.04281e-06
2.42168e-06
0.000358014
-1.08605e-06
8.81278e-07
2.50908e-06
0.00039987
6.354e-07
2.61363e-06
0.000433208
3.31687e-07
2.67919e-06
0.000456381
1.59606e-10
2.71108e-06
0.000468256
-3.31414e-07
2.71166e-06
0.000468256
-6.35228e-07
2.68088e-06
0.000456381
-8.81153e-07
2.61562e-06
0.000433208
-1.04258e-06
2.50954e-06
0.00039987
2.41653e-06
0.000358013
-1.08581e-06
1.15478e-06
1.1624e-06
0.000325127
-1.22211e-06
9.67717e-07
1.23448e-06
0.00036669
6.93174e-07
1.32678e-06
0.000399616
3.60706e-07
1.38433e-06
0.000422421
4.05919e-10
1.4113e-06
0.000434084
-3.59821e-07
1.41185e-06
0.000434083
-6.92152e-07
1.38598e-06
0.000422421
-9.66682e-07
1.32901e-06
0.000399616
-1.15395e-06
1.2354e-06
0.000366689
1.15827e-06
0.000325126
-1.22213e-06
1.28806e-06
-2.50744e-09
0.000292242
-1.37956e-06
1.06921e-06
4.8311e-08
0.000333511
7.60513e-07
1.18913e-07
0.000366026
3.94383e-07
1.59163e-07
0.000388463
6.70284e-10
1.76394e-07
0.000399913
-3.92826e-07
1.76803e-07
0.000399913
-7.58506e-07
1.60498e-07
0.000388463
-1.06707e-06
1.21228e-07
0.000366025
-1.28647e-06
5.00438e-08
0.000333511
-4.56282e-09
0.000292241
-1.37986e-06
1.43522e-06
-1.03963e-06
0.000259354
-1.55986e-06
1.17754e-06
-1.01818e-06
0.000300328
8.31618e-07
-9.82415e-07
0.000332429
4.29907e-07
-9.69399e-07
0.000354496
7.70139e-10
-9.66535e-07
0.000365733
-4.27985e-07
-9.66416e-07
0.000365733
-8.2882e-07
-9.68731e-07
0.000354496
-1.17412e-06
-9.8041e-07
0.000332429
-1.43256e-06
-1.01546e-06
0.000300328
-1.03823e-06
0.000259354
-1.56051e-06
1.57922e-06
-1.91262e-06
0.000226457
-1.75718e-06
1.27926e-06
-1.94475e-06
0.000267134
8.98786e-07
-1.96225e-06
0.00029882
4.63736e-07
-1.98534e-06
0.000320517
5.15182e-10
-2.0001e-06
0.00033154
-4.62199e-07
-2.00035e-06
0.00033154
-8.96001e-07
-1.98569e-06
0.000320517
-1.2753e-06
-1.9612e-06
0.00029882
-1.57529e-06
-1.94176e-06
0.000267134
-1.90593e-06
0.000226457
-1.75845e-06
1.70246e-06
0.000193543
-1.93105e-06
1.37766e-06
0.000233921
9.69257e-07
0.000265192
5.00174e-07
0.00028652
-4.69333e-10
0.000297329
-5.00716e-07
0.000297329
-9.68936e-07
0.00028652
-1.37663e-06
0.000265192
-1.70155e-06
0.000233921
0.000193542
-1.93259e-06
2.88463e-06
5.00455e-07
0.000444499
-3.111e-06
2.35061e-06
5.42595e-07
0.000488997
1.64422e-06
5.4972e-07
0.000524717
8.46381e-07
5.34e-07
0.000549815
2.91159e-09
5.26404e-07
0.000562751
-8.40486e-07
5.26341e-07
0.000562751
-1.63889e-06
5.34278e-07
0.000549815
-2.34738e-06
5.51232e-07
0.000524716
-2.88353e-06
5.44366e-07
0.000488997
4.97601e-07
0.0004445
-3.10708e-06
2.53614e-06
7.58188e-07
0.000454969
-2.84342e-06
2.06495e-06
7.74754e-07
0.000498142
1.45111e-06
8.05175e-07
0.000532985
7.47905e-07
7.9888e-07
0.000557445
1.98471e-09
7.94841e-07
0.000570052
-7.44321e-07
7.95073e-07
0.000570052
-1.44851e-06
8.00353e-07
0.000557446
-2.06356e-06
8.08165e-07
0.000532985
-2.53563e-06
7.7755e-07
0.000498142
7.52001e-07
0.000454969
-2.84022e-06
2.6429e-06
-5.82183e-07
0.000425337
-2.93242e-06
2.16056e-06
-5.80104e-07
0.000468024
1.52651e-06
-5.49156e-07
0.000502363
7.89461e-07
-5.5506e-07
0.000526396
1.66376e-09
-5.601e-07
0.000538759
-7.86634e-07
-5.59364e-07
0.000538759
-1.52474e-06
-5.52324e-07
0.000526396
-2.15955e-06
-5.45326e-07
0.000502363
-2.64199e-06
-5.7728e-07
0.000468024
-5.90677e-07
0.000425337
-2.9294e-06
2.83815e-06
-2.21221e-06
0.000392858
-3.16489e-06
2.30972e-06
-2.22806e-06
0.000435233
1.62706e-06
-2.2112e-06
0.000469155
8.40156e-07
-2.22745e-06
0.000492814
1.77046e-09
-2.23884e-06
0.000504962
-8.37102e-07
-2.23769e-06
0.000504962
-1.62487e-06
-2.22379e-06
0.000492814
-2.30796e-06
-2.20692e-06
0.000469155
-2.83604e-06
-2.22571e-06
0.000435233
-2.22206e-06
0.000392858
-3.16179e-06
3.02897e-06
-3.8085e-06
0.000359973
-3.39245e-06
2.45906e-06
-3.84671e-06
0.000402058
1.7286e-06
-3.84703e-06
0.000435574
8.91548e-07
-3.87753e-06
0.000458868
2.13126e-09
-3.8975e-06
0.000470804
-8.87572e-07
-3.89609e-06
0.000470804
-1.72507e-06
-3.87346e-06
0.000458868
-2.45561e-06
-3.84265e-06
0.000435574
-3.02511e-06
-3.84486e-06
0.000402058
-3.81871e-06
0.000359973
-3.38856e-06
3.23874e-06
-5.2693e-06
0.000326984
-3.63498e-06
2.62515e-06
-5.32585e-06
0.000368782
1.84227e-06
-5.34167e-06
0.000401893
9.49406e-07
-5.38785e-06
0.000424824
2.725e-09
-5.41745e-06
0.00043655
-9.4398e-07
-5.41601e-06
0.00043655
-1.83678e-06
-5.38391e-06
0.000424824
-2.61941e-06
-5.33767e-06
0.000401893
-3.23276e-06
-5.32436e-06
0.000368782
-5.27893e-06
0.000326984
-3.62982e-06
3.47381e-06
-6.54849e-06
0.000293952
-3.90446e-06
2.80926e-06
-6.61351e-06
0.000335463
1.96867e-06
-6.64505e-06
0.00036817
1.01398e-06
-6.70802e-06
0.000390738
3.3088e-09
-6.7476e-06
0.000402254
-1.00714e-06
-6.74629e-06
0.000402254
-1.96124e-06
-6.7047e-06
0.000390737
-2.80119e-06
-6.64192e-06
0.00036817
-3.46556e-06
-6.61248e-06
0.000335463
-6.55647e-06
0.000293952
-3.89821e-06
3.72781e-06
-7.60989e-06
0.000260896
-4.20838e-06
3.0013e-06
-7.67811e-06
0.000302119
2.10024e-06
-7.73373e-06
0.000334418
1.08138e-06
-7.81474e-06
0.000356622
3.41991e-09
-7.86378e-06
0.000367927
-1.07416e-06
-7.8629e-06
0.000367927
-2.0921e-06
-7.81243e-06
0.000356622
-2.9924e-06
-7.73148e-06
0.000334418
-3.71894e-06
-7.67743e-06
0.000302119
-7.61573e-06
0.000260896
-4.20189e-06
3.98548e-06
-8.4078e-06
0.000227821
-4.55123e-06
3.19124e-06
-8.50353e-06
0.000268754
2.22959e-06
-8.59589e-06
0.000300644
1.14738e-06
-8.69606e-06
0.000322481
2.46838e-09
-8.75332e-06
0.000333574
-1.14199e-06
-8.75298e-06
0.000333574
-2.22318e-06
-8.69504e-06
0.000322481
-3.18371e-06
-8.59501e-06
0.000300644
-3.97864e-06
-8.50247e-06
0.000268754
-8.41055e-06
0.000227821
-4.54749e-06
4.21202e-06
0.000194726
-4.87912e-06
3.36425e-06
0.000235366
2.35097e-06
0.000266845
1.20893e-06
0.000288314
-9.22332e-10
0.000299195
-1.21146e-06
0.000299195
-2.35538e-06
0.000288314
-3.37176e-06
0.000266845
-4.22016e-06
0.000235366
0.000194726
-4.8855e-06
3.96101e-06
-1.60372e-06
0.000446515
-4.37364e-06
3.24065e-06
-1.65242e-06
0.00049137
2.28396e-06
-1.72441e-06
0.000527398
1.18208e-06
-1.79923e-06
0.000552716
5.45401e-09
-1.83976e-06
0.000565767
-1.17163e-06
-1.83941e-06
0.000565767
-2.27499e-06
-1.79779e-06
0.000552716
-3.23329e-06
-1.72261e-06
0.000527397
-3.95645e-06
-1.64931e-06
0.000491369
-1.6037e-06
0.000446515
-4.3682e-06
3.96826e-06
-3.10487e-06
0.000456962
-4.46025e-06
3.22685e-06
-3.25431e-06
0.000500485
2.27299e-06
-3.39132e-06
0.000535606
1.1754e-06
-3.51904e-06
0.000560263
3.40037e-09
-3.58684e-06
0.000572971
-1.16902e-06
-3.58591e-06
0.000572971
-2.26767e-06
-3.51621e-06
0.000560263
-3.22273e-06
-3.38785e-06
0.000535606
-3.96529e-06
-3.24976e-06
0.000500485
-3.10552e-06
0.000456962
-4.45652e-06
4.29861e-06
-5.09425e-06
0.000427861
-4.83258e-06
3.47787e-06
-5.29953e-06
0.00047089
2.4427e-06
-5.49701e-06
0.000505504
1.25985e-06
-5.67025e-06
0.000529729
1.40084e-09
-5.762e-06
0.000542193
-1.25737e-06
-5.7607e-06
0.000542193
-2.44081e-06
-5.66677e-06
0.00052973
-3.47655e-06
-5.49299e-06
0.000505504
-4.29685e-06
-5.29563e-06
0.00047089
-5.09604e-06
0.000427861
-4.82988e-06
4.52248e-06
-7.011e-06
0.000395359
-5.10688e-06
3.64729e-06
-7.25941e-06
0.000438068
2.55595e-06
-7.51202e-06
0.000472262
1.31591e-06
-7.7263e-06
0.000496111
2.98043e-10
-7.84014e-06
0.000508356
-1.31546e-06
-7.83888e-06
0.000508356
-2.55572e-06
-7.72285e-06
0.000496111
-3.6471e-06
-7.50803e-06
0.000472262
-4.52123e-06
-7.25685e-06
0.000438068
-7.01422e-06
0.00039536
-5.10481e-06
4.72186e-06
-8.7155e-06
0.000362299
-5.34336e-06
3.8048e-06
-8.99321e-06
0.000404709
2.66361e-06
-9.28721e-06
0.000438491
1.37049e-06
-9.53459e-06
0.000461969
2.01478e-10
-9.6662e-06
0.000474
-1.37003e-06
-9.66509e-06
0.000474
-2.66301e-06
-9.53156e-06
0.00046197
-3.80393e-06
-9.28377e-06
0.000438491
-4.72007e-06
-8.99188e-06
0.00040471
-8.71943e-06
0.0003623
-5.34144e-06
4.93396e-06
-1.01689e-05
0.000329089
-5.58654e-06
3.97697e-06
-1.04573e-05
0.000371203
2.78482e-06
-1.07753e-05
0.000404574
1.43321e-06
-1.10432e-05
0.000427684
6.95794e-10
-1.11857e-05
0.000439502
-1.43156e-06
-1.11849e-05
0.000439502
-2.78262e-06
-1.1041e-05
0.000427684
-3.97424e-06
-1.07728e-05
0.000404574
-4.93082e-06
-1.04569e-05
0.000371204
-1.01721e-05
0.00032909
-5.58459e-06
5.17099e-06
-1.13548e-05
0.000295823
-5.85677e-06
4.16981e-06
-1.16339e-05
0.000337641
2.92229e-06
-1.19586e-05
0.0003706
1.50511e-06
-1.22324e-05
0.000393344
1.36892e-09
-1.23775e-05
0.000404949
-1.50198e-06
-1.23772e-05
0.000404949
-2.91821e-06
-1.22313e-05
0.000393344
-4.16487e-06
-1.19573e-05
0.000370601
-5.16631e-06
-1.16337e-05
0.000337642
-1.1356e-05
0.000295824
-5.85473e-06
5.42722e-06
-1.22616e-05
0.000262532
-6.15678e-06
4.37712e-06
-1.25178e-05
0.000304053
3.07208e-06
-1.28344e-05
0.000336599
1.58421e-06
-1.30966e-05
0.000358974
1.82432e-09
-1.32345e-05
0.000370367
-1.5801e-06
-1.32347e-05
0.000370367
-3.06679e-06
-1.30968e-05
0.000358974
-4.37065e-06
-1.28345e-05
0.0003366
-5.42136e-06
-1.25173e-05
0.000304053
-1.22592e-05
0.000262533
-6.15512e-06
5.69306e-06
-1.28717e-05
0.00022923
-6.492e-06
4.5935e-06
-1.31172e-05
0.000270453
3.23091e-06
-1.34097e-05
0.000302582
1.66827e-06
-1.36377e-05
0.000324585
1.58855e-09
-1.37559e-05
0.000335763
-1.66467e-06
-1.37565e-05
0.000335763
-3.22632e-06
-1.36391e-05
0.000324585
-4.58793e-06
-1.34112e-05
0.000302582
-5.6875e-06
-1.3117e-05
0.000270453
-1.28644e-05
0.00022923
-6.49164e-06
5.96815e-06
0.000195926
-6.85621e-06
4.83397e-06
0.000236849
3.40353e-06
0.000268555
1.75737e-06
0.000290181
4.10417e-10
0.000301142
-1.75654e-06
0.000301142
-3.40287e-06
0.000290181
-4.83319e-06
0.000268556
-5.96858e-06
0.000236849
0.000195926
-6.85829e-06
3.45125e-06
-1.89874e-06
0.000448821
-3.85817e-06
2.81396e-06
-1.94319e-06
0.00049395
1.98206e-06
-2.03221e-06
0.000530262
1.02435e-06
-2.11583e-06
0.00055579
1.47773e-09
-2.16239e-06
0.000568953
-1.02137e-06
-2.16257e-06
0.000568953
-1.97859e-06
-2.11622e-06
0.000555789
-2.80956e-06
-2.0328e-06
0.000530261
-3.44715e-06
-1.9426e-06
0.000493949
-1.89693e-06
0.00044882
-3.85482e-06
3.75019e-06
-3.61137e-06
0.000459168
-4.24334e-06
3.02915e-06
-3.7537e-06
0.000503017
2.12531e-06
-3.93237e-06
0.000538409
1.09553e-06
-4.08548e-06
0.000563262
7.26495e-11
-4.16829e-06
0.000576073
-1.0952e-06
-4.16845e-06
0.000576072
-2.12427e-06
-4.08622e-06
0.000563262
-3.02733e-06
-3.93326e-06
0.000538409
-3.74706e-06
-3.75397e-06
0.000503016
-3.60823e-06
0.000459167
-4.24092e-06
3.95113e-06
-5.30758e-06
0.000430085
-4.4792e-06
3.17812e-06
-5.5235e-06
0.000473433
2.22428e-06
-5.78557e-06
0.000508311
1.14434e-06
-6.00076e-06
0.000532725
-7.45672e-10
-6.11601e-06
0.000545286
-1.14571e-06
-6.11621e-06
0.000545286
-2.22512e-06
-6.00185e-06
0.000532725
-3.17832e-06
-5.78692e-06
0.000508311
-3.94996e-06
-5.52494e-06
0.000473433
-5.30408e-06
0.000430085
-4.47802e-06
4.0636e-06
-6.81281e-06
0.000397418
-4.61699e-06
3.26331e-06
-7.0875e-06
0.000440432
2.28023e-06
-7.42254e-06
0.000474882
1.17186e-06
-7.69376e-06
0.000498912
-1.4227e-09
-7.83817e-06
0.000511251
-1.17452e-06
-7.8386e-06
0.000511251
-2.28236e-06
-7.69547e-06
0.000498912
-3.26466e-06
-7.42453e-06
0.000474882
-4.06387e-06
-7.08982e-06
0.000440432
-6.80996e-06
0.000397418
-4.61643e-06
4.15406e-06
-8.08562e-06
0.000364145
-4.72687e-06
3.33936e-06
-8.41013e-06
0.000406847
2.33553e-06
-8.80245e-06
0.000440874
1.20084e-06
-9.11719e-06
0.000464528
-1.73817e-09
-9.28374e-06
0.000476648
-1.20406e-06
-9.28439e-06
0.000476648
-2.33811e-06
-9.11955e-06
0.000464528
-3.34105e-06
-8.80541e-06
0.000440874
-4.15491e-06
-8.41311e-06
0.000406847
-8.08353e-06
0.000364145
-4.72679e-06
4.2679e-06
-9.12575e-06
0.000330717
-4.85483e-06
3.43854e-06
-9.48518e-06
0.000373108
2.40947e-06
-9.91438e-06
0.000406715
1.24033e-06
-1.0256e-05
0.000429992
-1.80294e-09
-1.04351e-05
0.000441896
-1.24362e-06
-1.04361e-05
0.000441896
-2.41198e-06
-1.0259e-05
0.000429992
-3.44003e-06
-9.91834e-06
0.000406715
-4.26888e-06
-9.48859e-06
0.000373108
-9.12403e-06
0.000330717
-4.8553e-06
4.40909e-06
-9.9374e-06
0.000297237
-5.01158e-06
3.56216e-06
-1.03153e-05
0.000339318
2.50321e-06
-1.07586e-05
0.000372503
1.29102e-06
-1.1106e-05
0.000395406
-1.69164e-09
-1.12861e-05
0.000407093
-1.29407e-06
-1.12875e-05
0.000407093
-2.50542e-06
-1.11098e-05
0.000395406
-3.56335e-06
-1.07633e-05
0.000372503
-4.41005e-06
-1.03187e-05
0.000339318
-9.93548e-06
0.000297238
-5.01257e-06
4.57014e-06
-1.05285e-05
0.000263743
-5.18987e-06
3.70708e-06
-1.09112e-05
0.000305512
2.61616e-06
-1.1341e-05
0.000338273
1.35287e-06
-1.16673e-05
0.000360799
-1.42203e-09
-1.18338e-05
0.000372268
-1.35537e-06
-1.18354e-05
0.000372268
-2.6179e-06
-1.16716e-05
0.000360799
-3.70809e-06
-1.13463e-05
0.000338273
-4.57102e-06
-1.09144e-05
0.000305512
-1.05259e-05
0.000263743
-5.19111e-06
4.75577e-06
-1.09173e-05
0.000230254
-5.39113e-06
3.8823e-06
-1.12953e-05
0.00027171
2.75457e-06
-1.16713e-05
0.00030404
1.4285e-06
-1.19402e-05
0.000326184
-9.30925e-10
-1.20751e-05
0.000337433
-1.43016e-06
-1.20767e-05
0.000337433
-2.75573e-06
-1.19447e-05
0.000326184
-3.88301e-06
-1.16769e-05
0.00030404
-4.75607e-06
-1.12985e-05
0.00027171
-1.09137e-05
0.000230254
-5.39212e-06
4.99878e-06
0.000196789
-5.65794e-06
4.11287e-06
0.000237933
2.92648e-06
0.000269821
1.51914e-06
0.000291573
3.44905e-10
0.000302598
-1.51815e-06
0.000302598
-2.92476e-06
0.000291573
-4.11059e-06
0.000269821
-4.99636e-06
0.000237933
0.000196789
-5.65762e-06
2.34481e-06
-1.39367e-06
0.000450516
-2.646e-06
1.90828e-06
-1.42443e-06
0.000495811
1.34434e-06
-1.50075e-06
0.000532326
6.93875e-07
-1.56812e-06
0.000558008
-1.12494e-09
-1.60702e-06
0.000571255
-6.95661e-07
-1.60767e-06
0.000571255
-1.34492e-06
-1.56966e-06
0.000558008
-1.90815e-06
-1.50176e-06
0.000532326
-2.34398e-06
-1.4256e-06
0.000495811
-1.39236e-06
0.000450515
-2.64679e-06
2.63999e-06
-2.62925e-06
0.000460768
-3.00488e-06
2.12126e-06
-2.73634e-06
0.000504847
1.48381e-06
-2.89254e-06
0.000540439
7.63342e-07
-3.02043e-06
0.000565435
-9.02268e-10
-3.09087e-06
0.000578321
-7.6487e-07
-3.0918e-06
0.000578321
-1.48463e-06
-3.0229e-06
0.000565435
-2.12152e-06
-2.89435e-06
0.000540438
-2.63946e-06
-2.73848e-06
0.000504847
-2.62714e-06
0.000460768
-3.00524e-06
2.69035e-06
-3.70158e-06
0.000431529
-3.06236e-06
2.1549e-06
-3.86758e-06
0.0004751
1.5034e-06
-4.09615e-06
0.000510166
7.72516e-07
-4.27982e-06
0.000534715
-3.50928e-10
-4.37876e-06
0.000547346
-7.73144e-07
-4.37977e-06
0.000547346
-1.50381e-06
-4.28255e-06
0.000534715
-2.15486e-06
-4.09847e-06
0.000510166
-2.68998e-06
-3.87009e-06
0.0004751
-3.69911e-06
0.000431529
-3.0623e-06
2.67462e-06
-4.5845e-06
0.000398676
-3.04995e-06
2.14444e-06
-4.80575e-06
0.000441901
1.49808e-06
-5.09811e-06
0.00047653
7.70518e-07
-5.32961e-06
0.000500689
-5.9007e-11
-5.45285e-06
0.000513096
-7.70609e-07
-5.45385e-06
0.000513096
-1.49815e-06
-5.33242e-06
0.00050069
-2.14418e-06
-5.10082e-06
0.00047653
-2.67427e-06
-4.80821e-06
0.000441901
-4.58197e-06
0.000398676
-3.04946e-06
2.66875e-06
-5.29498e-06
0.000365229
-3.0426e-06
2.14662e-06
-5.56587e-06
0.000408129
1.50351e-06
-5.90944e-06
0.000442329
7.74558e-07
-6.17855e-06
0.000466105
7.67396e-12
-6.3203e-06
0.00047829
-7.74527e-07
-6.32127e-06
0.00047829
-1.50342e-06
-6.18136e-06
0.000466106
-2.14628e-06
-5.91246e-06
0.000442329
-2.66851e-06
-5.56808e-06
0.000408129
-5.2926e-06
0.000365229
-3.04201e-06
2.69304e-06
-5.8515e-06
0.000331645
-3.06511e-06
2.17562e-06
-6.1628e-06
0.000374222
1.52936e-06
-6.54152e-06
0.000407993
7.8963e-07
-6.83456e-06
0.000431388
-4.24973e-11
-6.98702e-06
0.000443352
-7.8969e-07
-6.98801e-06
0.000443352
-1.5293e-06
-6.8374e-06
0.000431388
-2.17534e-06
-6.54471e-06
0.000407993
-2.69299e-06
-6.16466e-06
0.000374222
-5.84949e-06
0.000331645
-3.06458e-06
2.74238e-06
-6.26745e-06
0.000298025
-3.11425e-06
2.22699e-06
-6.60817e-06
0.000340279
1.57298e-06
-7.00283e-06
0.000373619
8.1454e-07
-7.30202e-06
0.000396632
-1.20769e-10
-7.45531e-06
0.000408376
-8.14745e-07
-7.45642e-06
0.000408376
-1.57305e-06
-7.30493e-06
0.000396632
-2.22688e-06
-7.006e-06
0.000373619
-2.74253e-06
-6.60956e-06
0.000340279
-6.26584e-06
0.000298025
-3.11386e-06
2.80785e-06
-6.55728e-06
0.000264402
-3.17718e-06
2.29731e-06
-6.91595e-06
0.00030633
1.63367e-06
-7.30104e-06
0.000339235
8.49242e-07
-7.58248e-06
0.000361864
-1.54566e-10
-7.72392e-06
0.000373386
-8.49488e-07
-7.72502e-06
0.000373386
-1.63379e-06
-7.58535e-06
0.000361864
-2.2974e-06
-7.30418e-06
0.000339235
-2.80809e-06
-6.91698e-06
0.00030633
-6.55605e-06
0.000264402
-3.1768e-06
2.89678e-06
-6.74648e-06
0.000230799
-3.25308e-06
2.39758e-06
-7.10733e-06
0.000272401
1.71922e-06
-7.44347e-06
0.000304861
8.97362e-07
-7.67471e-06
0.000327098
-2.55071e-11
-7.78855e-06
0.000338395
-8.97386e-07
-7.78957e-06
0.000338395
-1.71919e-06
-7.67747e-06
0.000327097
-2.39752e-06
-7.44663e-06
0.000304861
-2.89659e-06
-7.1083e-06
0.000272401
-6.74558e-06
0.000230799
-3.25231e-06
3.04603e-06
0.000197245
-3.39113e-06
2.55164e-06
0.000238521
1.8377e-06
0.000270522
9.60338e-07
0.000292353
3.86744e-10
0.000303418
-9.59515e-07
0.000303418
-1.83677e-06
0.000292353
-2.55059e-06
0.000270522
-3.0446e-06
0.00023852
0.000197245
-3.3896e-06
1.32691e-06
-7.91053e-07
0.000451496
-1.51586e-06
1.07501e-06
-8.0867e-07
0.000496872
7.55616e-07
-8.61179e-07
0.000533507
3.89163e-07
-9.06438e-07
0.000559281
-1.69731e-09
-9.32787e-07
0.000572578
-3.91976e-07
-9.3347e-07
0.000572578
-7.57246e-07
-9.07964e-07
0.000559281
-1.07609e-06
-8.62178e-07
0.000533507
-1.32844e-06
-8.08903e-07
0.000496872
-7.90573e-07
0.000451496
-1.51862e-06
1.51754e-06
-1.48678e-06
0.000461683
-1.73656e-06
1.21351e-06
-1.55245e-06
0.000505895
8.46032e-07
-1.65908e-06
0.000541604
4.3453e-07
-1.74568e-06
0.000566686
-5.00826e-10
-1.79361e-06
0.000579617
-4.35462e-07
-1.79442e-06
0.000579617
-8.46593e-07
-1.74786e-06
0.000566686
-1.21393e-06
-1.66042e-06
0.000541604
-1.51835e-06
-1.55261e-06
0.000505895
-1.48557e-06
0.000461683
-1.73833e-06
1.48281e-06
-2.03844e-06
0.000432294
-1.69617e-06
1.18423e-06
-2.14611e-06
0.000475992
8.25486e-07
-2.30221e-06
0.000511168
4.24462e-07
-2.42566e-06
0.000535796
5.62477e-10
-2.49222e-06
0.000548469
-4.23384e-07
-2.493e-06
0.000548469
-8.24642e-07
-2.42769e-06
0.000535796
-1.1836e-06
-2.30339e-06
0.000511168
-1.48264e-06
-2.146e-06
0.000475992
-2.03653e-06
0.000432294
-1.6968e-06
1.42195e-06
-2.46569e-06
0.000399307
-1.62595e-06
1.1391e-06
-2.61263e-06
0.00044265
7.96342e-07
-2.81211e-06
0.000477383
4.10527e-07
-2.96726e-06
0.000501617
1.29402e-09
-3.04963e-06
0.000514062
-4.08096e-07
-3.05022e-06
0.000514062
-7.94431e-07
-2.96883e-06
0.000501617
-1.13763e-06
-2.81288e-06
0.000477383
-1.42106e-06
-2.612e-06
0.00044265
-2.46314e-06
0.000399307
-1.62568e-06
1.38188e-06
-2.79432e-06
0.000365753
-1.57727e-06
1.11294e-06
-2.9773e-06
0.000408762
7.81366e-07
-3.21198e-06
0.00044306
4.03995e-07
-3.39236e-06
0.000466908
1.61164e-09
-3.48688e-06
0.00047913
-4.00966e-07
-3.48725e-06
0.00047913
-7.78907e-07
-3.39338e-06
0.000466908
-1.11104e-06
-3.21225e-06
0.00044306
-1.38071e-06
-2.97601e-06
0.000408763
-2.79129e-06
0.000365753
-1.57654e-06
1.36836e-06
-3.04206e-06
0.000332082
-1.5573e-06
1.10915e-06
-3.25609e-06
0.00037476
7.82778e-07
-3.51578e-06
0.000408623
4.06044e-07
-3.71279e-06
0.000432085
1.69057e-09
-3.81463e-06
0.000444084
-4.02847e-07
-3.81483e-06
0.000444084
-7.80113e-07
-3.71332e-06
0.000432085
-1.10711e-06
-3.51547e-06
0.000408623
-1.36718e-06
-3.25404e-06
0.00037476
-3.03877e-06
0.000332082
-1.55642e-06
1.37311e-06
-3.22024e-06
0.000298387
-1.55713e-06
1.12123e-06
-3.45899e-06
0.000340734
7.9643e-07
-3.73127e-06
0.000374159
4.14708e-07
-3.93363e-06
0.000397234
1.6498e-09
-4.0366e-06
0.000409011
-4.11561e-07
-4.03673e-06
0.000409011
-7.93734e-07
-3.93383e-06
0.000397235
-1.11915e-06
-3.73038e-06
0.000374159
-1.37192e-06
-3.4561e-06
0.000340734
-3.21677e-06
0.000298388
-1.55617e-06
1.38788e-06
-3.33971e-06
0.000264699
-1.56493e-06
1.14525e-06
-3.59594e-06
0.00030671
8.20739e-07
-3.86401e-06
0.000339692
4.29399e-07
-4.05637e-06
0.000362378
1.5029e-09
-4.15241e-06
0.00037393
-4.26471e-07
-4.1525e-06
0.00037393
-8.18078e-07
-4.05637e-06
0.000362378
-1.14304e-06
-3.86275e-06
0.000339692
-1.38643e-06
-3.59237e-06
0.00030671
-3.33606e-06
0.000264699
-1.56368e-06
1.41693e-06
-3.41789e-06
0.00023104
-1.5789e-06
1.1877e-06
-3.6802e-06
0.000272714
8.60421e-07
-3.91859e-06
0.000305243
4.52324e-07
-4.08017e-06
0.000327529
1.23366e-09
-4.15925e-06
0.000338853
-4.49837e-07
-4.15935e-06
0.000338853
-8.57899e-07
-4.08027e-06
0.000327529
-1.18512e-06
-3.91756e-06
0.000305243
-1.41447e-06
-3.67663e-06
0.000272714
-3.4137e-06
0.00023104
-1.57696e-06
1.48272e-06
0.000197443
-1.63137e-06
1.26242e-06
0.000238783
9.19686e-07
0.000270841
4.83861e-07
0.000292713
6.94105e-10
0.000303799
-4.82412e-07
0.000303799
-9.1819e-07
0.000292713
-1.26096e-06
0.000270841
-1.48083e-06
0.000238783
0.000197443
-1.62817e-06
6.50022e-07
-3.72213e-07
0.000451967
-7.49245e-07
5.25345e-07
-3.78482e-07
0.000497375
3.69094e-07
-4.07305e-07
0.00053407
1.89664e-07
-4.31545e-07
0.000559892
-1.43956e-09
-4.46113e-07
0.000573216
-1.91912e-07
-4.46742e-07
0.000573216
-3.70004e-07
-4.32869e-07
0.000559892
-5.25907e-07
-4.07762e-07
0.000534071
-6.51584e-07
-3.77579e-07
0.000497375
-3.70426e-07
0.000451967
-7.52749e-07
7.40554e-07
-7.02232e-07
0.000462124
-8.51634e-07
5.89902e-07
-7.35744e-07
0.000506403
4.10523e-07
-7.95646e-07
0.000542171
2.10657e-07
-8.43177e-07
0.000567297
-1.03401e-10
-8.6993e-07
0.000580251
-2.10883e-07
-8.70572e-07
0.000580251
-4.10399e-07
-8.44865e-07
0.000567297
-5.89796e-07
-7.95996e-07
0.000542172
-7.41182e-07
-7.33973e-07
0.000506403
-6.99001e-07
0.000462124
-8.53675e-07
6.93318e-07
-9.54131e-07
0.000432649
-7.96388e-07
5.52115e-07
-1.01309e-06
0.00047641
3.84521e-07
-1.10175e-06
0.000511641
1.97907e-07
-1.17037e-06
0.00053631
7.897e-10
-1.2076e-06
0.000549004
-1.96429e-07
-1.20814e-06
0.000549004
-3.83331e-07
-1.17171e-06
0.00053631
-5.51196e-07
-1.10171e-06
0.000511642
-6.92917e-07
-1.01074e-06
0.00047641
-9.49975e-07
0.000432649
-7.96898e-07
6.41133e-07
-1.1449e-06
0.000399592
-7.34834e-07
5.12933e-07
-1.22743e-06
0.000442992
3.58666e-07
-1.34124e-06
0.000477776
1.85359e-07
-1.42823e-06
0.000502048
1.38813e-09
-1.4744e-06
0.000514513
-1.82795e-07
-1.4747e-06
0.000514513
-3.5669e-07
-1.42894e-06
0.000502048
-5.11389e-07
-1.3407e-06
0.000477776
-6.39994e-07
-1.22463e-06
0.000442992
-1.14025e-06
0.000399592
-7.34183e-07
6.06757e-07
-1.28972e-06
0.000365985
-6.93555e-07
4.88835e-07
-1.39406e-06
0.000409047
3.4369e-07
-1.52846e-06
0.000443393
1.78339e-07
-1.63033e-06
0.000467275
1.6505e-09
-1.68357e-06
0.000479516
-1.75274e-07
-1.6836e-06
0.000479516
-3.41268e-07
-1.63039e-06
0.000467275
-4.86941e-07
-1.52737e-06
0.000443393
-6.05303e-07
-1.39084e-06
0.000409047
-1.28483e-06
0.000365985
-6.92335e-07
5.89955e-07
-1.39802e-06
0.000332272
-6.72027e-07
4.79054e-07
-1.52161e-06
0.000374999
3.38929e-07
-1.67116e-06
0.000408906
1.76564e-07
-1.7835e-06
0.000432401
1.72086e-09
-1.84139e-06
0.000444417
-1.73325e-07
-1.84119e-06
0.000444417
-3.36274e-07
-1.78299e-06
0.000432401
-4.76979e-07
-1.66951e-06
0.000408906
-5.88428e-07
-1.5179e-06
0.000374999
-1.39304e-06
0.000332272
-6.70615e-07
5.8383e-07
-1.47547e-06
0.000298544
-6.62544e-07
4.78253e-07
-1.61531e-06
0.000340933
3.40945e-07
-1.77361e-06
0.000374399
1.78391e-07
-1.89061e-06
0.000397504
1.69032e-09
-1.95005e-06
0.000409296
-1.75156e-07
-1.94973e-06
0.000409296
-3.38176e-07
-1.88971e-06
0.000397504
-4.76039e-07
-1.77142e-06
0.000374399
-5.82238e-07
-1.61102e-06
0.000340933
-1.47042e-06
0.000298544
-6.6107e-07
5.82848e-07
-1.52735e-06
0.000264825
-6.57554e-07
4.83344e-07
-1.68019e-06
0.000306874
3.48193e-07
-1.83878e-06
0.000339892
1.83151e-07
-1.9526e-06
0.000362605
1.54606e-09
-2.00954e-06
0.000374171
-1.80115e-07
-2.00918e-06
0.000374171
-3.45399e-07
-1.95152e-06
0.000362605
-4.80921e-07
-1.83624e-06
0.000339892
-5.80978e-07
-1.6754e-06
0.000306874
-1.52217e-06
0.000264825
-6.55855e-07
5.88678e-07
-1.56196e-06
0.000231141
-6.55528e-07
4.97276e-07
-1.72268e-06
0.000272848
3.62847e-07
-1.86904e-06
0.000305407
1.91849e-07
-1.9692e-06
0.000327717
1.22395e-09
-2.01856e-06
0.000339053
-1.89328e-07
-2.01825e-06
0.000339053
-3.60196e-07
-1.96828e-06
0.000327717
-4.94428e-07
-1.86675e-06
0.000305407
-5.85818e-07
-1.71798e-06
0.000272848
-1.55626e-06
0.000231141
-6.53192e-07
6.1167e-07
0.000197525
-6.71633e-07
5.26099e-07
0.000238893
3.86422e-07
0.000270976
2.04304e-07
0.000292866
5.82699e-10
0.000303962
-2.0297e-07
0.000303962
-3.84801e-07
0.000292866
-5.24347e-07
0.000270976
-6.09578e-07
0.000238893
0.000197525
-6.67973e-07
2.77925e-07
-1.63964e-07
0.000452172
-3.19273e-07
2.26226e-07
-1.65372e-07
0.000497592
1.59951e-07
-1.79013e-07
0.000534316
8.2173e-08
-1.89973e-07
0.00056016
-9.04652e-10
-1.97149e-07
0.000573496
-8.33143e-08
-1.97759e-07
0.000573496
-1.5952e-07
-1.91394e-07
0.00056016
-2.25437e-07
-1.79262e-07
0.000534316
-2.78363e-07
-1.63919e-07
0.000497592
-1.61506e-07
0.000452172
-3.2203e-07
3.11963e-07
-3.14229e-07
0.000462319
-3.57394e-07
2.49075e-07
-3.29652e-07
0.00050663
1.73795e-07
-3.59255e-07
0.000542427
8.93687e-08
-3.8189e-07
0.000567574
2.189e-10
-3.95257e-07
0.000580538
-8.8882e-08
-3.95921e-07
0.000580539
-1.72825e-07
-3.83666e-07
0.000567574
-2.48012e-07
-3.59415e-07
0.000542427
-3.11592e-07
-3.2724e-07
0.00050663
-3.10038e-07
0.000462319
-3.58601e-07
2.78936e-07
-4.29783e-07
0.000432805
-3.19141e-07
2.22391e-07
-4.58636e-07
0.000476596
1.55107e-07
-5.03335e-07
0.000511853
8.01747e-08
-5.37166e-07
0.00053654
8.8471e-10
-5.56001e-07
0.000549244
-7.84974e-08
-5.56556e-07
0.000549244
-1.53619e-07
-5.38629e-07
0.00053654
-2.20964e-07
-5.0329e-07
0.000511853
-2.77738e-07
-4.55839e-07
0.000476596
-4.2471e-07
0.000432805
-3.18741e-07
2.47514e-07
-5.18638e-07
0.000399716
-2.8282e-07
1.98144e-07
-5.60229e-07
0.000443143
1.38707e-07
-6.18514e-07
0.000477951
7.21212e-08
-6.62548e-07
0.00050224
1.30942e-09
-6.86205e-07
0.000514714
-6.97302e-08
-6.86517e-07
0.000514714
-1.36837e-07
-6.63406e-07
0.00050224
-1.96461e-07
-6.18184e-07
0.000477951
-2.45792e-07
-5.57382e-07
0.000443143
-5.13404e-07
0.000399716
-2.81249e-07
2.27416e-07
-5.87581e-07
0.000366086
-2.59488e-07
1.83295e-07
-6.41203e-07
0.000409172
1.28983e-07
-7.11047e-07
0.000443539
6.73954e-08
-7.63863e-07
0.000467438
1.48402e-09
-7.91591e-07
0.000479687
-6.46767e-08
-7.91641e-07
0.000479687
-1.26845e-07
-7.6409e-07
0.000467438
-1.81401e-07
-7.10409e-07
0.00044354
-2.25441e-07
-6.38403e-07
0.000409172
-5.82562e-07
0.000366086
-2.57305e-07
2.16688e-07
-6.40301e-07
0.000332355
-2.47034e-07
1.75978e-07
-7.05133e-07
0.000375103
1.24602e-07
-7.84237e-07
0.00040903
6.5361e-08
-8.43948e-07
0.00043254
1.52265e-09
-8.74821e-07
0.000444564
-6.25261e-08
-8.74635e-07
0.000444564
-1.22266e-07
-8.43643e-07
0.00043254
-1.7393e-07
-7.83278e-07
0.000409031
-2.14665e-07
-7.02316e-07
0.000375103
-6.35677e-07
0.000332355
-2.44633e-07
2.11291e-07
-6.78814e-07
0.000298612
-2.40977e-07
1.72965e-07
-7.54107e-07
0.00034102
1.23421e-07
-8.39897e-07
0.000374504
6.50118e-08
-9.04061e-07
0.000397623
1.49863e-09
-9.36836e-07
0.000409422
-6.21517e-08
-9.36497e-07
0.000409422
-1.20933e-07
-9.03395e-07
0.000397623
-1.70777e-07
-8.38624e-07
0.000374504
-2.09257e-07
-7.51134e-07
0.00034102
-6.74579e-07
0.000298612
-2.38584e-07
2.08243e-07
-7.0486e-07
0.000264881
-2.37543e-07
1.72407e-07
-7.90108e-07
0.000306946
1.24412e-07
-8.79393e-07
0.00033998
6.58826e-08
-9.4472e-07
0.000362704
1.41007e-09
-9.77726e-07
0.000374276
-6.31162e-08
-9.77335e-07
0.000374276
-1.21838e-07
-9.43873e-07
0.000362704
-1.70047e-07
-8.77883e-07
0.00033998
-2.06113e-07
-7.8691e-07
0.000306946
-7.00841e-07
0.000264881
-2.35217e-07
2.07985e-07
-7.21241e-07
0.000231185
-2.35939e-07
1.75466e-07
-8.15822e-07
0.000272906
1.28475e-07
-9.03823e-07
0.000305479
6.83887e-08
-9.65911e-07
0.000327798
1.20289e-09
-9.97028e-07
0.000339139
-6.59284e-08
-9.96674e-07
0.000339139
-1.25943e-07
-9.65126e-07
0.000327798
-1.72825e-07
-9.02413e-07
0.000305479
-2.05332e-07
-8.12665e-07
0.000272906
-7.16973e-07
0.000231185
-2.33537e-07
2.15232e-07
0.000197561
-2.41877e-07
1.85093e-07
0.00023894
1.36386e-07
0.000271034
7.24291e-08
0.000292931
7.66977e-10
0.000304031
-7.0728e-08
0.000304031
-1.34443e-07
0.000292931
-1.83152e-07
0.000271034
-2.13331e-07
0.00023894
0.000197561
-2.38958e-07
9.45126e-08
-7.81136e-08
0.00045226
-1.03796e-07
8.01786e-08
-7.83441e-08
0.000497685
5.8254e-08
-8.35463e-08
0.000534421
3.01765e-08
-8.75705e-08
0.000560276
-3.56244e-10
-9.08244e-08
0.000573617
-3.02273e-08
-9.14321e-08
0.000573617
-5.66146e-08
-8.9211e-08
0.000560276
-7.80516e-08
-8.39756e-08
0.000534421
-9.38616e-08
-7.67264e-08
0.000497685
-7.57401e-08
0.00045226
-1.05354e-07
1.03286e-07
-1.52978e-07
0.000462405
-1.14077e-07
8.43924e-08
-1.59631e-07
0.00050673
5.98905e-08
-1.72431e-07
0.00054254
3.12159e-08
-1.81871e-07
0.000567697
5.29368e-10
-1.88159e-07
0.000580667
-2.99851e-08
-1.88943e-07
0.000580667
-5.80544e-08
-1.84047e-07
0.000567697
-8.23396e-08
-1.72969e-07
0.000542541
-1.01886e-07
-1.57282e-07
0.00050673
-1.49067e-07
0.000462405
-1.14135e-07
8.46218e-08
-2.12739e-07
0.000432874
-9.36903e-08
6.84652e-08
-2.25924e-07
0.000476678
4.82948e-08
-2.46646e-07
0.000511947
2.54966e-08
-2.62085e-07
0.000536643
1.11851e-09
-2.71323e-07
0.000549351
-2.32957e-08
-2.72054e-07
0.000549351
-4.62775e-08
-2.64017e-07
0.000536643
-6.63859e-08
-2.47174e-07
0.000511947
-8.24806e-08
-2.23609e-07
0.000476678
-2.08085e-07
0.000432874
-9.22635e-08
6.86218e-08
-2.60275e-07
0.000399771
-7.6369e-08
5.52849e-08
-2.80072e-07
0.000443211
3.89216e-08
-3.08594e-07
0.000478029
2.08789e-08
-3.30245e-07
0.000502326
1.46724e-09
-3.42233e-07
0.000514805
-1.81626e-08
-3.42739e-07
0.000514805
-3.67451e-08
-3.3159e-07
0.000502326
-5.31335e-08
-3.09038e-07
0.000478029
-6.61071e-08
-2.78112e-07
0.000443211
-2.55717e-07
0.000399771
-7.38065e-08
5.84358e-08
-2.98312e-07
0.000366131
-6.57161e-08
4.71264e-08
-3.24994e-07
0.000409228
3.32161e-08
-3.60783e-07
0.000443606
1.7948e-08
-3.88323e-07
0.000467512
1.59655e-09
-4.03016e-07
0.000479764
-1.50442e-08
-4.03231e-07
0.000479764
-3.08644e-08
-3.89074e-07
0.000467512
-4.4831e-08
-3.61114e-07
0.000443606
-5.57382e-08
-3.23446e-07
0.000409228
-2.94307e-07
0.000366131
-6.25109e-08
5.27184e-08
-3.28205e-07
0.000332393
-6.03137e-08
4.25666e-08
-3.6207e-07
0.000375151
3.01017e-08
-4.04524e-07
0.000409087
1.63529e-08
-4.37394e-07
0.000432603
1.61882e-09
-4.54579e-07
0.00044463
-1.33469e-08
-4.54537e-07
0.00044463
-2.75642e-08
-4.37634e-07
0.000432603
-4.01389e-08
-4.04717e-07
0.000409087
-5.00023e-08
-3.60832e-07
0.000375151
-3.24957e-07
0.000332393
-5.68651e-08
4.94907e-08
-3.50418e-07
0.000298643
-5.81946e-08
3.99215e-08
-3.92032e-07
0.00034106
2.83995e-08
-4.40538e-07
0.000374551
1.54936e-08
-4.77955e-07
0.000397676
1.6089e-09
-4.9728e-07
0.000409478
-1.24211e-08
-4.97059e-07
0.000409478
-2.5674e-08
-4.77833e-07
0.000397676
-3.73544e-08
-4.40564e-07
0.000374551
-4.68239e-08
-3.90888e-07
0.00034106
-3.479e-07
0.000298643
-5.48275e-08
4.7368e-08
-3.65162e-07
0.000264906
-5.78219e-08
3.82365e-08
-4.155e-07
0.000306978
2.75489e-08
-4.69416e-07
0.000340019
1.51227e-08
-5.1027e-07
0.000362749
1.57869e-09
-5.31206e-07
0.000374324
-1.20356e-08
-5.30909e-07
0.000374324
-2.46707e-08
-5.09937e-07
0.000362749
-3.5528e-08
-4.69249e-07
0.000340019
-4.47706e-08
-4.14243e-07
0.000306978
-3.63069e-07
0.000264906
-5.48141e-08
4.64131e-08
-3.7289e-07
0.000231206
-5.89142e-08
3.80157e-08
-4.33535e-07
0.000272933
2.79684e-08
-4.91666e-07
0.000305511
1.54366e-08
-5.34377e-07
0.000327835
1.48826e-09
-5.56201e-07
0.000339178
-1.24491e-08
-5.55905e-07
0.000339178
-2.50258e-08
-5.33989e-07
0.000327835
-3.5141e-08
-4.91417e-07
0.000305511
-4.3677e-08
-4.32162e-07
0.000272933
-3.70558e-07
0.000231206
-5.64264e-08
4.92735e-08
0.000197577
-6.34405e-08
4.11603e-08
0.000238962
3.02968e-08
0.00027106
1.64683e-08
0.000292961
1.24369e-09
0.000304062
-1.38813e-08
0.000304062
-2.76854e-08
0.000292961
-3.89153e-08
0.00027106
-4.74986e-08
0.000238962
0.000197577
-6.13719e-08
8.61598e-09
-4.43841e-08
0.000452297
-1.85675e-09
1.21121e-08
-4.46616e-08
0.000497726
1.07441e-08
-4.55146e-08
0.000534468
6.08003e-09
-4.66574e-08
0.000560327
-3.57245e-11
-4.77526e-08
0.000573671
-5.38688e-09
-4.84883e-08
0.000573671
-8.62205e-09
-4.81641e-08
0.000560327
-9.21719e-09
-4.63125e-08
0.000534468
-7.25207e-09
-4.30728e-08
0.000497726
-4.22301e-08
0.000452297
-2.56479e-09
7.38328e-09
-8.85964e-08
0.000462443
-1.43878e-09
9.00491e-09
-9.13499e-08
0.000506775
7.97553e-09
-9.57232e-08
0.000542592
4.74843e-09
-9.90405e-08
0.000567752
8.06273e-10
-1.01769e-07
0.000580724
-2.91586e-09
-1.02747e-07
0.000580725
-5.37128e-09
-1.01331e-07
0.000567752
-6.22655e-09
-9.66542e-08
0.000542592
-5.18606e-09
-8.92043e-08
0.000506775
-8.49497e-08
0.000462443
-7.13549e-10
-2.54952e-09
-1.25484e-07
0.000432905
8.06369e-09
-4.63994e-10
-1.31084e-07
0.000476716
5.11673e-10
-1.39929e-07
0.00051199
1.0783e-09
-1.46802e-07
0.00053669
1.38197e-09
-1.51398e-07
0.000549401
1.60555e-09
-1.52296e-07
0.000549401
2.1342e-09
-1.49061e-07
0.00053669
3.26084e-09
-1.41e-07
0.00051199
5.48754e-09
-1.2912e-07
0.000476716
-1.21126e-07
0.000432905
1.02896e-08
-1.06172e-08
-1.55595e-07
0.000399797
1.52332e-08
-8.01095e-09
-1.64823e-07
0.000443242
-5.27823e-09
-1.78852e-07
0.000478065
-1.82088e-09
-1.90091e-07
0.000502366
1.72144e-09
-1.96686e-07
0.000514846
4.99586e-09
-1.97324e-07
0.000514846
7.96516e-09
-1.91863e-07
0.000502366
1.07827e-08
-1.79988e-07
0.000478066
1.39566e-08
-1.63459e-07
0.000443242
-1.51429e-07
0.000399797
1.87002e-08
-1.58157e-08
-1.80253e-07
0.000366152
1.94015e-08
-1.28324e-08
-1.93932e-07
0.000409254
-8.9339e-09
-2.13475e-07
0.000443636
-3.72622e-09
-2.2937e-07
0.000467546
1.84842e-09
-2.38091e-07
0.0004798
7.11277e-09
-2.38431e-07
0.0004798
1.17453e-08
-2.30556e-07
0.000467546
1.56676e-08
-2.14605e-07
0.000443636
1.9289e-08
-1.93239e-07
0.000409255
-1.76838e-07
0.000366152
2.3578e-08
-1.8901e-08
-2.00025e-07
0.00033241
2.11477e-08
-1.58286e-08
-2.19045e-07
0.000375173
-1.12331e-08
-2.44297e-07
0.000409113
-4.98599e-09
-2.64903e-07
0.000432632
1.87148e-09
-2.75859e-07
0.000444661
8.4776e-09
-2.75925e-07
0.000444661
1.42382e-08
-2.65575e-07
0.000432632
1.87937e-08
-2.45385e-07
0.000409113
2.23608e-08
-2.18884e-07
0.000375173
-1.97619e-07
0.00033241
2.56031e-08
-2.07365e-08
-2.14823e-07
0.000298657
2.10332e-08
-1.79132e-08
-2.40394e-07
0.000341078
-1.28538e-08
-2.716e-07
0.000374574
-5.8959e-09
-2.96856e-07
0.000397701
1.8775e-09
-3.1008e-07
0.000409505
9.49005e-09
-3.09945e-07
0.000409505
1.60867e-08
-2.97157e-07
0.000397701
2.10271e-08
-2.72587e-07
0.000374574
2.40949e-08
-2.40474e-07
0.000341078
-2.13403e-07
0.000298657
2.53607e-08
-2.19015e-08
-2.24287e-07
0.000264918
1.94964e-08
-1.95532e-08
-2.58062e-07
0.000306994
-1.40872e-08
-2.95635e-07
0.000340038
-6.57071e-09
-3.25346e-07
0.00036277
1.89005e-09
-3.40785e-07
0.000374346
1.02637e-08
-3.40557e-07
0.000374346
1.75376e-08
-3.25407e-07
0.00036277
2.28112e-08
-2.96426e-07
0.000340038
2.50816e-08
-2.58064e-07
0.000306994
-2.23448e-07
0.000264918
2.32605e-08
-2.24279e-08
-2.2794e-07
0.000231215
1.65231e-08
-2.04707e-08
-2.72465e-07
0.000272945
-1.46793e-08
-3.16644e-07
0.000305526
-6.88949e-09
-3.50376e-07
0.000327852
1.87351e-09
-3.67878e-07
0.000339196
1.06196e-08
-3.67631e-07
0.000339196
1.82692e-08
-3.50297e-07
0.000327852
2.38431e-08
-3.1721e-07
0.000305526
2.55255e-08
-2.72217e-07
0.000272945
-2.2682e-07
0.000231215
1.93361e-08
-2.02179e-08
0.000197585
1.14764e-08
-1.89669e-08
0.000238972
-1.39144e-08
0.000271072
-6.70682e-09
0.000292975
1.73406e-09
0.000304077
1.02237e-08
0.000304077
1.72772e-08
0.000292975
2.1658e-08
0.000271072
2.21263e-08
0.000238972
0.000197585
1.32355e-08
-3.08492e-08
-3.13883e-08
0.000452314
4.53384e-08
-1.84294e-08
-3.18623e-08
0.000497745
-9.99251e-09
-3.04843e-08
0.00053449
-4.58498e-09
-2.94453e-08
0.000560351
1.97612e-10
-2.99303e-08
0.000573696
5.82533e-09
-3.07541e-08
0.000573696
1.3352e-08
-3.16376e-08
0.000560351
2.24402e-08
-3.12263e-08
0.00053449
3.28411e-08
-2.98538e-08
0.000497745
-2.92529e-08
0.000452314
4.52106e-08
-3.59906e-08
-6.29366e-08
0.000462461
4.9815e-08
-2.49352e-08
-6.38946e-08
0.000506796
-1.54783e-08
-6.38502e-08
0.000542615
-7.04146e-09
-6.38411e-08
0.000567778
1.08174e-09
-6.51293e-08
0.000580752
9.49505e-09
-6.62773e-08
0.000580752
1.86035e-08
-6.67423e-08
0.000567778
2.84089e-08
-6.49602e-08
0.000542616
3.89192e-08
-6.14081e-08
0.000506796
-5.92118e-08
0.000462461
5.11742e-08
-4.18605e-08
-8.98139e-08
0.00043292
5.40293e-08
-3.16369e-08
-9.17527e-08
0.000476734
-2.11346e-08
-9.46489e-08
0.000512011
-9.84239e-09
-9.7302e-08
0.000536712
1.68823e-09
-9.988e-08
0.000549424
1.31264e-08
-1.00947e-07
0.000549424
2.42361e-08
-1.00071e-07
0.000536712
3.49798e-08
-9.60394e-08
0.000512011
4.55412e-08
-8.96649e-08
0.000476734
-8.53178e-08
0.00043292
5.69479e-08
-4.63396e-08
-1.11974e-07
0.000399809
5.65021e-08
-3.66962e-08
-1.16046e-07
0.000443257
-2.53287e-08
-1.23085e-07
0.000478083
-1.19823e-08
-1.29444e-07
0.000502385
2.03907e-09
-1.33627e-07
0.000514866
1.57428e-08
-1.34398e-07
0.000514866
2.84641e-08
-1.31633e-07
0.000502385
3.99684e-08
-1.24626e-07
0.000478083
5.04012e-08
-1.14791e-07
0.000443257
-1.07726e-07
0.000399809
6.07547e-08
-4.93017e-08
-1.30352e-07
0.000366162
5.77299e-08
-3.99923e-08
-1.37683e-07
0.000409267
-2.80333e-08
-1.49573e-07
0.000443651
-1.34459e-08
-1.60153e-07
0.000467562
2.16468e-09
-1.66214e-07
0.000479817
1.74118e-08
-1.6665e-07
0.000479817
3.13106e-08
-1.61678e-07
0.000467562
4.33298e-08
-1.51169e-07
0.000443651
5.34769e-08
-1.37311e-07
0.000409267
-1.26999e-07
0.000366162
6.27621e-08
-5.11638e-08
-1.45279e-07
0.000332419
5.78053e-08
-4.22078e-08
-1.57044e-07
0.000375183
-2.98858e-08
-1.74312e-07
0.000409125
-1.45148e-08
-1.89407e-07
0.000432646
2.18535e-09
-1.976e-07
0.000444676
1.85931e-08
-1.9773e-07
0.000444676
3.3394e-08
-1.90361e-07
0.000432646
4.56998e-08
-1.75917e-07
0.000409125
5.53075e-08
-1.57376e-07
0.000375183
-1.43125e-07
0.000332419
6.31511e-08
-5.2271e-08
-1.56463e-07
0.000298664
5.66078e-08
-4.3901e-08
-1.74175e-07
0.000341087
-3.13405e-08
-1.9741e-07
0.000374584
-1.53754e-08
-2.17239e-07
0.000397713
2.19898e-09
-2.27758e-07
0.000409517
1.95856e-08
-2.27662e-07
0.000409517
3.51303e-08
-2.17786e-07
0.000397713
4.75755e-08
-1.98947e-07
0.000374584
5.62874e-08
-1.74858e-07
0.000341087
-1.55488e-07
0.000298664
6.17983e-08
-5.28465e-08
-1.63307e-07
0.000264923
5.40756e-08
-4.53242e-08
-1.88933e-07
0.000307001
-3.2568e-08
-2.18971e-07
0.000340047
-1.60854e-08
-2.43696e-07
0.00036278
2.23488e-09
-2.56677e-07
0.000374357
2.04489e-08
-2.56473e-07
0.000374357
3.66386e-08
-2.43969e-07
0.00036278
4.91707e-08
-2.20306e-07
0.000340047
5.6629e-08
-1.8957e-07
0.000307001
-1.63031e-07
0.000264923
5.85709e-08
-5.29478e-08
-1.64926e-07
0.00023122
5.00475e-08
-4.62858e-08
-2.01457e-07
0.000272951
-3.33834e-08
-2.39118e-07
0.000305533
-1.65575e-08
-2.68749e-07
0.00032786
2.25653e-09
-2.8427e-07
0.000339205
2.10344e-08
-2.84031e-07
0.000339205
3.76537e-08
-2.68826e-07
0.00032786
5.0244e-08
-2.40142e-07
0.000305533
5.6538e-08
-2.01771e-07
0.000272951
-1.64334e-07
0.00023122
5.33232e-08
-5.05395e-08
0.000197589
4.42685e-08
-4.50344e-08
0.000238977
-3.29563e-08
0.000271078
-1.65643e-08
0.000292981
2.16279e-09
0.000304084
2.0912e-08
0.000304084
3.70418e-08
0.000292981
4.82527e-08
0.000271078
5.27705e-08
0.000238977
0.000197589
4.60865e-08
-4.93275e-08
-2.61781e-08
0.000452322
6.75023e-08
-3.25543e-08
-2.63303e-08
0.000497755
-1.96042e-08
-2.37032e-08
0.000534501
-9.46075e-09
-2.17735e-08
0.000560363
3.14501e-10
-2.19201e-08
0.000573708
1.10061e-08
-2.28144e-08
0.000573708
2.35378e-08
-2.42416e-08
0.000560363
3.72327e-08
-2.4527e-08
0.000534501
5.17459e-08
-2.40687e-08
0.000497755
-2.39619e-08
0.000452322
6.77195e-08
-5.60892e-08
-5.21568e-08
0.000462469
7.36229e-08
-4.05511e-08
-5.18627e-08
0.000506806
-2.6161e-08
-4.95074e-08
0.000542627
-1.23999e-08
-4.7892e-08
0.000567791
1.27703e-09
-4.84935e-08
0.000580764
1.52706e-08
-4.97471e-08
0.000580764
2.97695e-08
-5.11449e-08
0.000567791
4.4571e-08
-5.07623e-08
0.000542627
5.95655e-08
-4.91199e-08
0.000506806
-4.82378e-08
0.000462469
7.54323e-08
-6.01156e-08
-7.44305e-08
0.000432927
7.53903e-08
-4.60885e-08
-7.42415e-08
0.000476742
-3.11297e-08
-7.411e-08
0.00051202
-1.48467e-08
-7.46978e-08
0.000536723
1.93445e-09
-7.63367e-08
0.000549435
1.86157e-08
-7.75085e-08
0.000549435
3.46825e-08
-7.78008e-08
0.000536723
4.99318e-08
-7.57022e-08
0.00051202
6.44039e-08
-7.1999e-08
0.000476742
-6.9666e-08
0.000432927
7.88592e-08
-6.29714e-08
-9.28097e-08
0.000399814
7.56884e-08
-5.00863e-08
-9.40392e-08
0.000443264
-3.46818e-08
-9.76036e-08
0.000478091
-1.66673e-08
-1.01621e-07
0.000502394
2.31659e-09
-1.04686e-07
0.000514875
2.09503e-08
-1.05537e-07
0.000514875
3.82602e-08
-1.0408e-07
0.000502394
5.38354e-08
-9.93865e-08
0.000478091
6.76535e-08
-9.277e-08
0.000443264
-8.83232e-08
0.000399814
8.0599e-08
-6.48953e-08
-1.08141e-07
0.000366167
7.55412e-08
-5.26912e-08
-1.12048e-07
0.000409273
-3.69643e-08
-1.20202e-07
0.000443658
-1.79288e-08
-1.28287e-07
0.00046757
2.4539e-09
-1.33119e-07
0.000479825
2.24331e-08
-1.33604e-07
0.000479825
4.06972e-08
-1.30012e-07
0.00046757
5.65066e-08
-1.22069e-07
0.000443658
6.96854e-08
-1.11805e-07
0.000409273
-1.04662e-07
0.000366167
8.13022e-08
-6.6156e-08
-1.20689e-07
0.000332423
7.4814e-08
-5.45091e-08
-1.28576e-07
0.000375188
-3.8579e-08
-1.41989e-07
0.000409131
-1.88902e-08
-1.54539e-07
0.000432653
2.4788e-09
-1.61461e-07
0.000444683
2.35214e-08
-1.61609e-07
0.000444683
4.25721e-08
-1.55638e-07
0.000432653
5.84965e-08
-1.43891e-07
0.000409131
7.0903e-08
-1.29156e-07
0.000375188
-1.18568e-07
0.000332423
8.09194e-08
-6.68768e-08
-1.30077e-07
0.000298667
7.30689e-08
-5.59638e-08
-1.43601e-07
0.000341091
-3.99038e-08
-1.63007e-07
0.000374589
-1.96967e-08
-1.80353e-07
0.000397719
2.50085e-09
-1.89628e-07
0.000409523
2.44867e-08
-1.89528e-07
0.000409523
4.42213e-08
-1.81009e-07
0.000397719
6.01594e-08
-1.64859e-07
0.000374589
7.14767e-08
-1.4461e-07
0.000341091
-1.29297e-07
0.000298668
7.89941e-08
-6.71324e-08
-1.35587e-07
0.000264926
7.00179e-08
-5.7228e-08
-1.56885e-07
0.000307004
-4.10703e-08
-1.83303e-07
0.000340051
-2.03865e-08
-2.05747e-07
0.000362784
2.55427e-09
-2.17592e-07
0.000374362
2.53722e-08
-2.17372e-07
0.000374362
4.57198e-08
-2.06103e-07
0.000362784
6.16209e-08
-1.84945e-07
0.000340051
7.14588e-08
-1.57869e-07
0.000307005
-1.35608e-07
0.000264926
7.51424e-08
-6.7e-08
-1.36136e-07
0.000231222
6.5446e-08
-5.81583e-08
-1.68442e-07
0.000272954
-4.19331e-08
-2.02948e-07
0.000305537
-2.08938e-08
-2.30684e-07
0.000327864
2.59919e-09
-2.45275e-07
0.000339209
2.6043e-08
-2.45015e-07
0.000339209
4.68266e-08
-2.30812e-07
0.000327864
6.26666e-08
-2.04228e-07
0.000305537
7.10666e-08
-1.69055e-07
0.000272954
-1.35815e-07
0.000231222
6.91463e-08
-6.43938e-08
0.00019759
5.92125e-08
-5.69085e-08
0.000238979
-4.15658e-08
0.000271081
-2.09353e-08
0.000292985
2.52376e-09
0.000304088
2.59897e-08
0.000304088
4.62819e-08
0.000292985
6.06022e-08
0.000271081
6.69415e-08
0.000238979
0.00019759
6.11734e-08
-5.80579e-08
-2.39707e-08
0.000452326
7.81859e-08
-3.90033e-08
-2.37625e-08
0.000497759
-2.38982e-08
-2.03462e-08
0.000534506
-1.16488e-08
-1.78827e-08
0.000560368
3.16484e-10
-1.78648e-08
0.000573714
1.33018e-08
-1.88531e-08
0.000573714
2.82185e-08
-2.06157e-08
0.000560368
4.42008e-08
-2.12902e-08
0.000534506
6.08206e-08
-2.13117e-08
0.000497759
-2.16628e-08
0.000452326
7.86137e-08
-6.55402e-08
-4.75232e-08
0.000462473
8.49704e-08
-4.77969e-08
-4.63377e-08
0.000506811
-3.10716e-08
-4.26047e-08
0.000542632
-1.48506e-08
-4.00508e-08
0.000567796
1.38387e-09
-4.02978e-08
0.00058077
1.79675e-08
-4.16628e-08
0.000580771
3.50279e-08
-4.36213e-08
0.000567797
5.22567e-08
-4.40107e-08
0.000542632
6.94762e-08
-4.33708e-08
0.000506811
-4.33568e-08
0.000462473
8.71303e-08
-6.86948e-08
-6.77181e-08
0.00043293
8.55027e-08
-5.28725e-08
-6.61485e-08
0.000476746
-3.5818e-08
-6.42847e-08
0.000512025
-1.71718e-08
-6.37191e-08
0.000536728
2.10434e-09
-6.48794e-08
0.00054944
2.12799e-08
-6.61508e-08
0.00054944
3.97154e-08
-6.71141e-08
0.000536728
5.71321e-08
-6.60556e-08
0.000512025
7.35073e-08
-6.37436e-08
0.000476746
-6.26222e-08
0.00043293
8.94498e-08
-7.0763e-08
-8.43332e-08
0.000399817
8.46785e-08
-5.64075e-08
-8.37924e-08
0.000443267
-3.9116e-08
-8.54449e-08
0.000478094
-1.88591e-08
-8.82211e-08
0.000502398
2.52572e-09
-9.07268e-08
0.00051488
2.35357e-08
-9.16456e-08
0.00051488
4.30433e-08
-9.09032e-08
0.000502398
6.05581e-08
-8.74205e-08
0.000478094
7.59895e-08
-8.24642e-08
0.000443267
-7.95392e-08
0.000399817
9.01817e-08
-7.21572e-08
-9.82152e-08
0.000366169
8.38027e-08
-5.86727e-08
-1.00042e-07
0.000409275
-4.11961e-08
-1.06207e-07
0.000443661
-2.00211e-08
-1.13032e-07
0.000467573
2.67673e-09
-1.17259e-07
0.000479829
2.49402e-08
-1.17775e-07
0.000479829
4.52904e-08
-1.14904e-07
0.000467573
6.28901e-08
-1.08272e-07
0.000443661
7.74898e-08
-9.98485e-08
0.000409275
-9.45316e-08
0.000366169
9.02258e-08
-7.30874e-08
-1.09619e-07
0.000332424
8.26304e-08
-6.02639e-08
-1.15186e-07
0.00037519
-4.26682e-08
-1.26598e-07
0.000409134
-2.09166e-08
-1.37912e-07
0.000432656
2.70395e-09
-1.44216e-07
0.000444686
2.59735e-08
-1.44364e-07
0.000444686
4.70453e-08
-1.39095e-07
0.000432656
6.46655e-08
-1.28703e-07
0.000409134
7.83661e-08
-1.15908e-07
0.00037519
-1.07434e-07
0.000332424
8.94258e-08
-7.35868e-08
-1.18121e-07
0.000298669
8.05678e-08
-6.1567e-08
-1.29181e-07
0.000341093
-4.38966e-08
-1.46632e-07
0.000374591
-2.16792e-08
-1.62806e-07
0.000397721
2.73034e-09
-1.71481e-07
0.000409526
2.69132e-08
-1.71356e-07
0.000409526
4.86309e-08
-1.63501e-07
0.000397721
6.61953e-08
-1.48685e-07
0.000374591
7.86991e-08
-1.30384e-07
0.000341093
-1.1742e-07
0.000298669
8.71594e-08
-7.36727e-08
-1.2294e-07
0.000264927
7.7226e-08
-6.27325e-08
-1.41739e-07
0.000307006
-4.50083e-08
-1.66331e-07
0.000340053
-2.23441e-08
-1.87719e-07
0.000362787
2.79472e-09
-1.9902e-07
0.000374364
2.7803e-08
-1.98762e-07
0.000374364
5.01138e-08
-1.88086e-07
0.000362787
6.75772e-08
-1.68156e-07
0.000340053
7.84758e-08
-1.42921e-07
0.000307006
-1.23127e-07
0.000264927
8.29244e-08
-7.34406e-08
-1.22893e-07
0.000231223
7.23781e-08
-6.36466e-08
-1.52815e-07
0.000272955
-4.58816e-08
-1.85748e-07
0.000305538
-2.28584e-08
-2.12616e-07
0.000327866
2.85341e-09
-2.26762e-07
0.000339211
2.85142e-08
-2.2646e-07
0.000339211
5.12639e-08
-2.12728e-07
0.000327866
6.86113e-08
-1.87164e-07
0.000305538
7.7933e-08
-1.53579e-07
0.000272955
-1.22707e-07
0.000231223
7.64813e-08
-7.07442e-08
0.000197591
6.59266e-08
-6.23839e-08
0.00023898
-4.55197e-08
0.000271082
-2.29021e-08
0.000292986
2.78278e-09
0.000304089
2.8474e-08
0.000304089
5.07166e-08
0.000292986
6.64507e-08
0.000271082
7.3553e-08
0.00023898
0.000197591
6.80606e-08
-6.22718e-08
-2.32152e-08
0.000452328
8.36137e-08
-4.18698e-08
-2.27059e-08
0.000497762
-2.56907e-08
-1.86969e-08
0.000534509
-1.25432e-08
-1.58333e-08
0.000560371
3.2745e-10
-1.57168e-08
0.000573717
1.4321e-08
-1.67979e-08
0.000573717
3.03977e-08
-1.88151e-08
0.000560371
4.75781e-08
-1.97461e-08
0.000534509
6.53674e-08
-2.00502e-08
0.000497762
-2.07311e-08
0.000452328
8.42241e-08
-7.00573e-08
-4.57948e-08
0.000462475
9.06097e-08
-5.11356e-08
-4.39514e-08
0.000506813
-3.32631e-08
-3.92565e-08
0.000542635
-1.59008e-08
-3.60433e-08
0.000567799
1.49947e-09
-3.60773e-08
0.000580773
1.92864e-08
-3.75615e-08
0.000580773
3.75847e-08
-3.99266e-08
0.000567799
5.60407e-08
-4.08099e-08
0.000542635
7.44376e-08
-4.07578e-08
0.000506813
-4.13254e-08
0.000462475
9.30897e-08
-7.27417e-08
-6.51088e-08
0.000432932
9.0402e-08
-5.60383e-08
-6.25492e-08
0.000476748
-3.79794e-08
-5.95393e-08
0.000512027
-1.81918e-08
-5.822e-08
0.00053673
2.28694e-09
-5.91075e-08
0.000549443
2.26626e-08
-6.04863e-08
0.000549443
4.2242e-08
-6.19097e-08
0.00053673
6.07236e-08
-6.14905e-08
0.000512027
7.80632e-08
-5.99827e-08
0.000476748
-5.96521e-08
0.000432932
9.48017e-08
-7.43826e-08
-8.09157e-08
0.000399818
8.88993e-08
-5.93684e-08
-7.91297e-08
0.000443269
-4.11917e-08
-7.95834e-08
0.000478096
-1.98289e-08
-8.16135e-08
0.0005024
2.747e-09
-8.38159e-08
0.000514882
2.49207e-08
-8.48088e-08
0.000514882
4.54867e-08
-8.45259e-08
0.0005024
6.393e-08
-8.17562e-08
0.000478096
8.01401e-08
-7.77432e-08
0.000443269
-7.58026e-08
0.000399818
9.4969e-08
-7.54757e-08
-9.40985e-08
0.00036617
8.75768e-08
-6.1452e-08
-9.4486e-08
0.000409277
-4.31679e-08
-9.94641e-08
0.000443662
-2.09388e-08
-1.05593e-07
0.000467575
2.91072e-09
-1.09505e-07
0.000479831
2.62929e-08
-1.10059e-07
0.000479831
4.76412e-08
-1.0762e-07
0.000467575
6.60811e-08
-1.01732e-07
0.000443663
8.13396e-08
-9.43397e-08
0.000409277
-9.02049e-08
0.00036617
9.46338e-08
-7.62031e-08
-1.04926e-07
0.000332425
8.61211e-08
-6.28972e-08
-1.08913e-07
0.000375192
-4.45424e-08
-1.19179e-07
0.000409135
-2.17882e-08
-1.29861e-07
0.000432657
2.93905e-09
-1.35856e-07
0.000444688
2.72896e-08
-1.36006e-07
0.000444688
4.93197e-08
-1.31133e-07
0.000432657
6.77224e-08
-1.21489e-07
0.000409135
8.20043e-08
-1.09768e-07
0.000375192
-1.02671e-07
0.000332425
9.35764e-08
-7.65604e-08
-1.12953e-07
0.00029867
8.3848e-08
-6.40913e-08
-1.22363e-07
0.000341094
-4.56918e-08
-1.38731e-07
0.000374593
-2.2513e-08
-1.54343e-07
0.000397723
2.96785e-09
-1.62729e-07
0.000409528
2.82074e-08
-1.6258e-07
0.000409528
5.08579e-08
-1.55082e-07
0.000397723
6.91611e-08
-1.40982e-07
0.000374593
8.21789e-08
-1.23746e-07
0.000341094
-1.12317e-07
0.00029867
9.10772e-08
-7.65472e-08
-1.1737e-07
0.000264928
8.03244e-08
-6.51873e-08
-1.34528e-07
0.000307007
-4.67523e-08
-1.58139e-07
0.000340054
-2.31523e-08
-1.79046e-07
0.000362788
3.03998e-09
-1.90093e-07
0.000374365
2.90957e-08
-1.89798e-07
0.000374365
5.23262e-08
-1.79423e-07
0.000362788
7.04928e-08
-1.60135e-07
0.000340054
8.1826e-08
-1.35888e-07
0.000307007
-1.17696e-07
0.000264928
8.65727e-08
-7.62705e-08
-1.16938e-07
0.000231223
7.53212e-08
-6.60863e-08
-1.4534e-07
0.000272956
-4.76169e-08
-1.77449e-07
0.000305539
-2.36605e-08
-2.03939e-07
0.000327867
3.10779e-09
-2.17886e-07
0.000339212
2.98247e-08
-2.17541e-07
0.000339212
5.34961e-08
-2.04034e-07
0.000327867
7.15212e-08
-1.78987e-07
0.000305539
8.11999e-08
-1.46231e-07
0.000272956
-1.16851e-07
0.000231223
7.98184e-08
-7.35192e-08
0.000197592
6.87462e-08
-6.47974e-08
0.000238981
-4.72337e-08
0.000271083
-2.36917e-08
0.000292987
3.03354e-09
0.00030409
2.97708e-08
0.00030409
5.29143e-08
0.000292987
6.92531e-08
0.000271083
7.66063e-08
0.000238981
0.000197592
7.1074e-08
-6.43649e-08
-2.3221e-08
0.000452329
8.66189e-08
-4.30441e-08
-2.24711e-08
0.000497763
-2.62899e-08
-1.79622e-08
0.00053451
-1.28022e-08
-1.47542e-08
0.000560372
3.79746e-10
-1.45618e-08
0.000573718
1.47742e-08
-1.57276e-08
0.000573718
3.14214e-08
-1.79653e-08
0.000560372
4.92639e-08
-1.90951e-08
0.00053451
6.77661e-08
-1.96005e-08
0.000497763
-2.05277e-08
0.000452329
8.7362e-08
-7.22418e-08
-4.55685e-08
0.000462476
9.35824e-08
-5.26172e-08
-4.319e-08
0.000506814
-3.41495e-08
-3.77302e-08
0.000542636
-1.62616e-08
-3.39836e-08
0.000567801
1.64834e-09
-3.38658e-08
0.000580775
1.99799e-08
-3.5474e-08
0.000580775
3.88777e-08
-3.8178e-08
0.000567801
5.79731e-08
-3.94259e-08
0.000542636
7.70377e-08
-3.97783e-08
0.000506814
-4.07832e-08
0.000462476
9.63379e-08
-7.46397e-08
-6.45956e-08
0.000432932
9.2849e-08
-5.74792e-08
-6.12285e-08
0.000476749
-3.89251e-08
-5.73495e-08
0.000512028
-1.85688e-08
-5.54621e-08
0.000536731
2.50219e-09
-5.61715e-08
0.000549444
2.34585e-08
-5.76655e-08
0.000549444
4.35896e-08
-5.94565e-08
0.000536731
6.25957e-08
-5.94869e-08
0.000512028
8.04402e-08
-5.85166e-08
0.000476749
-5.87798e-08
0.000432932
9.76575e-08
-7.60255e-08
-8.00518e-08
0.000399819
9.08696e-08
-6.07285e-08
-7.72609e-08
0.000443269
-4.21335e-08
-7.68516e-08
0.000478097
-2.01979e-08
-7.83681e-08
0.000502401
2.99795e-09
-8.03892e-08
0.000514883
2.57553e-08
-8.1465e-08
0.000514883
4.68285e-08
-8.15289e-08
0.000502401
6.57061e-08
-7.9236e-08
0.000478097
8.22864e-08
-7.58354e-08
0.000443269
-7.46297e-08
0.000399819
9.74645e-08
-7.69298e-08
-9.28827e-08
0.000366171
8.92333e-08
-6.27107e-08
-9.21234e-08
0.000409277
-4.40562e-08
-9.62937e-08
0.000443663
-2.12808e-08
-1.01992e-07
0.000467576
3.17335e-09
-1.05733e-07
0.000479831
2.71176e-08
-1.06331e-07
0.000479831
4.89379e-08
-1.04198e-07
0.000467576
6.77551e-08
-9.87854e-08
0.000443663
8.33006e-08
-9.2046e-08
0.000409277
-8.87911e-08
0.000366171
9.6884e-08
-7.7521e-08
-1.03386e-07
0.000332426
8.75719e-08
-6.40533e-08
-1.06134e-07
0.000375192
-4.53583e-08
-1.1566e-07
0.000409136
-2.20947e-08
-1.25997e-07
0.000432658
3.20259e-09
-1.31839e-07
0.000444688
2.80879e-08
-1.31997e-07
0.000444688
5.05645e-08
-1.27385e-07
0.000432658
6.9306e-08
-1.18198e-07
0.000409136
8.38213e-08
-1.07144e-07
0.000375192
-1.01071e-07
0.000332426
9.56471e-08
-7.77771e-08
-1.11114e-07
0.00029867
8.51404e-08
-6.51627e-08
-1.19252e-07
0.000341094
-4.64402e-08
-1.34955e-07
0.000374593
-2.2785e-08
-1.50299e-07
0.000397723
3.23239e-09
-1.58552e-07
0.000409528
2.89876e-08
-1.58385e-07
0.000409528
5.20666e-08
-1.51107e-07
0.000397723
7.06795e-08
-1.37427e-07
0.000374593
8.38815e-08
-1.20835e-07
0.000341095
-1.10545e-07
0.00029867
9.29677e-08
-7.77003e-08
-1.15235e-07
0.000264928
8.14832e-08
-6.62057e-08
-1.31163e-07
0.000307007
-4.74527e-08
-1.542e-07
0.000340054
-2.33983e-08
-1.74908e-07
0.000362788
3.3106e-09
-1.85846e-07
0.000374366
2.98724e-08
-1.85523e-07
0.000374366
5.35226e-08
-1.75319e-07
0.000362788
7.19788e-08
-1.56392e-07
0.000340054
8.344e-08
-1.32718e-07
0.000307007
-1.15697e-07
0.000264928
8.82503e-08
-7.74046e-08
-1.14487e-07
0.000231223
7.63776e-08
-6.70893e-08
-1.41794e-07
0.000272956
-4.82981e-08
-1.73449e-07
0.00030554
-2.3894e-08
-1.99804e-07
0.000327867
3.3851e-09
-2.13675e-07
0.000339213
3.06082e-08
-2.13297e-07
0.000339213
5.47001e-08
-1.99904e-07
0.000327867
7.30037e-08
-1.75134e-07
0.00030554
8.27641e-08
-1.42831e-07
0.000272956
-1.14492e-07
0.000231223
8.12519e-08
-7.46037e-08
0.000197592
6.97177e-08
-6.57595e-08
0.000238981
-4.78767e-08
0.000271083
-2.39041e-08
0.000292987
3.30499e-09
0.00030409
3.05269e-08
0.00030409
5.40643e-08
0.000292987
7.06144e-08
0.000271083
7.79687e-08
0.000238981
0.000197592
7.22405e-08
-6.54397e-08
-2.36036e-08
0.000452329
8.8493e-08
-4.34088e-08
-2.26692e-08
0.000497763
-2.63224e-08
-1.77058e-08
0.00053451
-1.2765e-08
-1.4183e-08
0.000560373
4.3698e-10
-1.39233e-08
0.000573719
1.49361e-08
-1.51724e-08
0.000573719
3.18674e-08
-1.76183e-08
0.000560373
5.0113e-08
-1.89222e-08
0.000534511
6.9112e-08
-1.95926e-08
0.000497763
-2.07251e-08
0.000452329
8.93114e-08
-7.33037e-08
-4.6158e-08
0.000462477
9.52892e-08
-5.32066e-08
-4.33185e-08
0.000506815
-3.44154e-08
-3.71839e-08
0.000542637
-1.63032e-08
-3.29672e-08
0.000567801
1.79655e-09
-3.2723e-08
0.000580776
2.03485e-08
-3.44517e-08
0.000580776
3.95321e-08
-3.74603e-08
0.000567801
5.89821e-08
-3.90096e-08
0.000542637
7.84734e-08
-3.96743e-08
0.000506815
-4.10418e-08
0.000462477
9.82707e-08
-7.54975e-08
-6.52349e-08
0.000432933
9.41178e-08
-5.80898e-08
-6.11513e-08
0.000476749
-3.92926e-08
-5.65273e-08
0.000512029
-1.86507e-08
-5.41618e-08
0.000536732
2.71186e-09
-5.47328e-08
0.000549444
2.39456e-08
-5.63385e-08
0.000549444
4.43369e-08
-5.84447e-08
0.000536732
6.36054e-08
-5.88306e-08
0.000512029
8.17381e-08
-5.82636e-08
0.000476749
-5.90182e-08
0.000432933
9.92955e-08
-7.67101e-08
-8.05904e-08
0.000399819
9.17509e-08
-6.1319e-08
-7.69036e-08
0.00044327
-4.25372e-08
-7.57817e-08
0.000478098
-2.02926e-08
-7.68955e-08
0.000502402
3.24135e-09
-7.8787e-08
0.000514884
2.62982e-08
-7.99425e-08
0.000514884
4.76089e-08
-8.02878e-08
0.000502402
6.66813e-08
-7.83527e-08
0.000478098
8.344e-08
-7.53989e-08
0.00044327
-7.47982e-08
0.000399819
9.88403e-08
-7.74826e-08
-9.32518e-08
0.000366171
8.98611e-08
-6.32392e-08
-9.14755e-08
0.000409278
-4.44312e-08
-9.50063e-08
0.000443664
-2.13602e-08
-1.00401e-07
0.000467576
3.42807e-09
-1.04031e-07
0.000479832
2.76624e-08
-1.04671e-07
0.000479832
4.96992e-08
-1.0277e-07
0.000467576
6.86701e-08
-9.76943e-08
0.000443664
8.43279e-08
-9.14193e-08
0.000409278
-8.88868e-08
0.000366171
9.80802e-08
-7.79719e-08
-1.03559e-07
0.000332426
8.80308e-08
-6.45019e-08
-1.05217e-07
0.000375192
-4.56731e-08
-1.14183e-07
0.000409136
-2.21431e-08
-1.2431e-07
0.000432658
3.4595e-09
-1.30064e-07
0.000444689
2.86137e-08
-1.3023e-07
0.000444689
5.12889e-08
-1.25802e-07
0.000432658
7.01562e-08
-1.16922e-07
0.000409136
8.47415e-08
-1.06329e-07
0.000375192
-1.01097e-07
0.000332426
9.67037e-08
-7.8152e-08
-1.11063e-07
0.00029867
8.5466e-08
-6.55398e-08
-1.18099e-07
0.000341095
-4.66914e-08
-1.33319e-07
0.000374593
-2.27986e-08
-1.48532e-07
0.000397724
3.49347e-09
-1.56718e-07
0.000409529
2.94993e-08
-1.56535e-07
0.000409529
5.2763e-08
-1.49399e-07
0.000397724
7.14813e-08
-1.35989e-07
0.000374593
8.47142e-08
-1.19828e-07
0.000341095
-1.10468e-07
0.00029867
9.38746e-08
-7.80295e-08
-1.14922e-07
0.000264928
8.16979e-08
-6.6534e-08
-1.29804e-07
0.000307007
-4.76537e-08
-1.52444e-07
0.000340054
-2.33809e-08
-1.7308e-07
0.000362789
3.58203e-09
-1.83973e-07
0.000374366
3.03834e-08
-1.83623e-07
0.000374366
5.42116e-08
-1.73522e-07
0.000362789
7.27601e-08
-1.54812e-07
0.000340054
8.42059e-08
-1.31503e-07
0.000307007
-1.15425e-07
0.000264928
8.89734e-08
-7.77263e-08
-1.13859e-07
0.000231224
7.65131e-08
-6.73971e-08
-1.40261e-07
0.000272956
-4.84678e-08
-1.71617e-07
0.00030554
-2.3853e-08
-1.97947e-07
0.000327868
3.66895e-09
-2.11795e-07
0.000339213
3.11269e-08
-2.11386e-07
0.000339213
5.5395e-08
-1.98053e-07
0.000327868
7.3784e-08
-1.73439e-07
0.00030554
8.34969e-08
-1.41401e-07
0.000272956
-1.13868e-07
0.000231224
8.1763e-08
-7.48593e-08
0.000197592
6.97875e-08
-6.60022e-08
0.000238981
-4.79873e-08
0.000271083
-2.3827e-08
0.000292987
3.5906e-09
0.000304091
3.10178e-08
0.000304091
5.46972e-08
0.000292987
7.12642e-08
0.000271083
7.8501e-08
0.000238981
0.000197592
7.25124e-08
-6.60532e-08
-2.41799e-08
0.00045233
8.98601e-08
-4.34026e-08
-2.30732e-08
0.000497764
-2.6095e-08
-1.76799e-08
0.000534511
-1.25932e-08
-1.38591e-08
0.000560373
4.93654e-10
-1.35361e-08
0.000573719
1.49665e-08
-1.48699e-08
0.000573719
3.20588e-08
-1.75135e-08
0.000560374
5.06035e-08
-1.89746e-08
0.000534511
7.00173e-08
-1.97824e-08
0.000497764
-2.10849e-08
0.00045233
9.07689e-08
-7.38568e-08
-4.71162e-08
0.000462477
9.64258e-08
-5.33862e-08
-4.38493e-08
0.000506815
-3.43966e-08
-3.70858e-08
0.000542637
-1.62011e-08
-3.24315e-08
0.000567802
1.94102e-09
-3.20721e-08
0.000580776
2.05666e-08
-3.3918e-08
0.000580776
3.99005e-08
-3.72084e-08
0.000567802
5.95887e-08
-3.90231e-08
0.000542637
7.94128e-08
-3.99473e-08
0.000506815
-4.16233e-08
0.000462477
9.96481e-08
-7.58794e-08
-6.63697e-08
0.000432933
9.48507e-08
-5.83164e-08
-6.16198e-08
0.00047675
-3.9394e-08
-5.63126e-08
0.000512029
-1.86014e-08
-5.35129e-08
0.000536732
2.91191e-09
-5.39639e-08
0.000549445
2.42852e-08
-5.56766e-08
0.000549445
4.481e-08
-5.80665e-08
0.000536732
6.4233e-08
-5.87576e-08
0.000512029
8.25695e-08
-5.85231e-08
0.00047675
-5.97013e-08
0.000432933
1.00413e-07
-7.69519e-08
-8.17152e-08
0.000399819
9.21342e-08
-6.155e-08
-7.71952e-08
0.00044327
-4.26921e-08
-7.5433e-08
0.000478098
-2.02657e-08
-7.61977e-08
0.000502402
3.4726e-09
-7.79838e-08
0.000514884
2.66985e-08
-7.92142e-08
0.000514884
4.81284e-08
-7.98042e-08
0.000502402
6.72965e-08
-7.81662e-08
0.000478098
8.41583e-08
-7.55762e-08
0.00044327
-7.55016e-08
0.00039982
9.9732e-08
-7.7614e-08
-9.42716e-08
0.000366171
9.00167e-08
-6.34233e-08
-9.15509e-08
0.000409278
-4.45667e-08
-9.45208e-08
0.000443664
-2.1322e-08
-9.96725e-08
0.000467576
3.67025e-09
-1.0322e-07
0.000479832
2.80681e-08
-1.03899e-07
0.000479832
5.02083e-08
-1.0219e-07
0.000467576
6.92394e-08
-9.73837e-08
0.000443664
8.49412e-08
-9.14831e-08
0.000409278
-8.95846e-08
0.000366171
9.8817e-08
-7.80121e-08
-1.04428e-07
0.000332426
8.80327e-08
-6.46112e-08
-1.05075e-07
0.000375193
-4.57493e-08
-1.13562e-07
0.000409137
-2.20733e-08
-1.23544e-07
0.000432658
3.70503e-09
-1.29239e-07
0.000444689
2.90023e-08
-1.29411e-07
0.000444689
5.17645e-08
-1.25127e-07
0.000432658
7.06676e-08
-1.16485e-07
0.000409137
8.52592e-08
-1.06261e-07
0.000375193
-1.01775e-07
0.000332426
9.73157e-08
-7.81197e-08
-1.11741e-07
0.00029867
8.53441e-08
-6.5575e-08
-1.17756e-07
0.000341095
-4.6699e-08
-1.3257e-07
0.000374594
-2.26894e-08
-1.47714e-07
0.000397724
3.74611e-09
-1.55864e-07
0.000409529
2.98742e-08
-1.55664e-07
0.000409529
5.32104e-08
-1.48636e-07
0.000397724
7.19455e-08
-1.35427e-07
0.000374594
8.51482e-08
-1.19607e-07
0.000341095
-1.11082e-07
0.00029867
9.43443e-08
-7.79499e-08
-1.1536e-07
0.000264928
8.14713e-08
-6.65126e-08
-1.29274e-07
0.000307008
-4.76002e-08
-1.51585e-07
0.000340055
-2.32315e-08
-1.72205e-07
0.000362789
3.84964e-09
-1.83078e-07
0.000374366
3.07568e-08
-1.82701e-07
0.000374366
5.46467e-08
-1.72676e-07
0.000362789
7.31985e-08
-1.54125e-07
0.000340055
8.45716e-08
-1.31101e-07
0.000307008
-1.15878e-07
0.000264928
8.92632e-08
-7.76266e-08
-1.14008e-07
0.000231224
7.62112e-08
-6.73356e-08
-1.39568e-07
0.000272956
-4.83628e-08
-1.70674e-07
0.00030554
-2.3665e-08
-1.97016e-07
0.000327868
3.95547e-09
-2.1086e-07
0.000339213
3.15055e-08
-2.10422e-07
0.000339213
5.58255e-08
-1.97131e-07
0.000327868
7.42082e-08
-1.72633e-07
0.00030554
8.38197e-08
-1.40803e-07
0.000272957
-1.14003e-07
0.000231224
8.1841e-08
-7.46747e-08
0.000197592
6.94179e-08
-6.5854e-08
0.000238981
-4.78041e-08
0.000271083
-2.35885e-08
0.000292988
3.88733e-09
0.000304091
3.13699e-08
0.000304091
5.50599e-08
0.000292988
7.15455e-08
0.000271083
7.86087e-08
0.000238981
0.000197592
7.2345e-08
-6.6341e-08
-2.47335e-08
0.00045233
9.08434e-08
-4.31628e-08
-2.34698e-08
0.000497764
-2.57255e-08
-1.76651e-08
0.000534511
-1.23713e-08
-1.35619e-08
0.000560374
5.06165e-10
-1.31825e-08
0.00057372
1.48704e-08
-1.46167e-08
0.00057372
3.20475e-08
-1.74604e-08
0.000560374
5.08275e-08
-1.90817e-08
0.000534511
7.0604e-08
-2.00244e-08
0.000497764
-2.14911e-08
0.00045233
9.18685e-08
-7.40738e-08
-4.81106e-08
0.000462477
9.71575e-08
-5.33189e-08
-4.44437e-08
0.000506816
-3.42243e-08
-3.70856e-08
0.000542637
-1.60422e-08
-3.20194e-08
0.000567802
2.05199e-09
-3.1562e-08
0.000580776
2.06577e-08
-3.35322e-08
0.000580776
4.00613e-08
-3.71054e-08
0.000567802
5.99188e-08
-3.91807e-08
0.000542638
8.00184e-08
-4.03506e-08
0.000506816
-4.23187e-08
0.000462477
1.00648e-07
-7.59552e-08
-6.75908e-08
0.000432933
9.52138e-08
-5.83158e-08
-6.22173e-08
0.00047675
-3.93528e-08
-5.62731e-08
0.000512029
-1.84977e-08
-5.30731e-08
0.000536733
3.07992e-09
-5.34261e-08
0.000549445
2.45092e-08
-5.5251e-08
0.000549445
4.50931e-08
-5.7922e-08
0.000536733
6.46068e-08
-5.8906e-08
0.000512029
8.30947e-08
-5.89806e-08
0.00047675
-6.05557e-08
0.000432933
1.01184e-07
-7.69135e-08
-8.29716e-08
0.00039982
9.21814e-08
-6.1572e-08
-7.76766e-08
0.00044327
-4.27144e-08
-7.53307e-08
0.000478098
-2.01876e-08
-7.57865e-08
0.000502402
3.67337e-09
-7.74917e-08
0.000514884
2.69915e-08
-7.88022e-08
0.000514884
4.84719e-08
-7.96301e-08
0.000502402
6.76768e-08
-7.82698e-08
0.000478098
8.45941e-08
-7.60114e-08
0.00044327
-7.64258e-08
0.00039982
1.00304e-07
-7.74788e-08
-9.5463e-08
0.000366171
8.98538e-08
-6.34085e-08
-9.18724e-08
0.000409278
-4.45762e-08
-9.43475e-08
0.000443664
-2.12364e-08
-9.93012e-08
0.000467577
3.88057e-09
-1.02792e-07
0.000479832
2.83679e-08
-1.03514e-07
0.000479832
5.05456e-08
-1.01987e-07
0.000467577
6.95814e-08
-9.7425e-08
0.000443664
8.52828e-08
-9.18585e-08
0.000409278
-9.05462e-08
0.000366171
9.92464e-08
-7.77896e-08
-1.05506e-07
0.000332426
8.77225e-08
-6.45263e-08
-1.05233e-07
0.000375193
-4.57039e-08
-1.13314e-07
0.000409137
-2.19601e-08
-1.232e-07
0.000432659
3.91499e-09
-1.28863e-07
0.000444689
2.92812e-08
-1.29045e-07
0.000444689
5.20653e-08
-1.24892e-07
0.000432659
7.09502e-08
-1.16457e-07
0.000409137
8.55058e-08
-1.06555e-07
0.000375193
-1.02755e-07
0.000332426
9.76222e-08
-7.78244e-08
-1.12666e-07
0.00029867
8.49119e-08
-6.54189e-08
-1.17764e-07
0.000341095
-4.65882e-08
-1.32255e-07
0.000374594
-2.25407e-08
-1.4738e-07
0.000397724
3.95779e-09
-1.55519e-07
0.000409529
3.01329e-08
-1.55304e-07
0.000409529
5.34761e-08
-1.48368e-07
0.000397724
7.21751e-08
-1.35326e-07
0.000374594
8.53075e-08
-1.19794e-07
0.000341095
-1.12035e-07
0.000298671
9.45068e-08
-7.76115e-08
-1.16091e-07
0.000264928
8.09409e-08
-6.63045e-08
-1.29154e-07
0.000307008
-4.74327e-08
-1.51219e-07
0.000340055
-2.3048e-08
-1.71871e-07
0.000362789
4.06987e-09
-1.82747e-07
0.000374367
3.10065e-08
-1.82344e-07
0.000374367
5.48931e-08
-1.72377e-07
0.000362789
7.33969e-08
-1.53949e-07
0.000340055
8.46602e-08
-1.31153e-07
0.000307008
-1.16705e-07
0.000264928
8.92472e-08
-7.72817e-08
-1.145e-07
0.000231224
7.56208e-08
-6.70994e-08
-1.39351e-07
0.000272957
-4.81533e-08
-1.70285e-07
0.00030554
-2.34511e-08
-1.96683e-07
0.000327868
4.18733e-09
-2.10539e-07
0.000339213
3.17545e-08
-2.10069e-07
0.000339213
5.60637e-08
-1.96804e-07
0.000327868
7.43927e-08
-1.72385e-07
0.00030554
8.38715e-08
-1.40705e-07
0.000272957
-1.14552e-07
0.000231224
8.16242e-08
-7.42877e-08
0.000197592
6.8788e-08
-6.55627e-08
0.000238981
-4.75374e-08
0.000271083
-2.33389e-08
0.000292988
4.12048e-09
0.000304091
3.15895e-08
0.000304091
5.52335e-08
0.000292988
7.15974e-08
0.000271083
7.84644e-08
0.000238981
0.000197592
7.19123e-08
-6.64205e-08
-2.53133e-08
0.00045233
9.15585e-08
-4.276e-08
-2.391e-08
0.000497764
-2.52474e-08
-1.76923e-08
0.000534511
-1.20948e-08
-1.33123e-08
0.000560374
5.16418e-10
-1.2877e-08
0.00057372
1.47136e-08
-1.44122e-08
0.00057372
3.19164e-08
-1.74572e-08
0.000560374
5.08754e-08
-1.92411e-08
0.000534512
7.09639e-08
-2.03224e-08
0.000497764
-2.1955e-08
0.00045233
9.26977e-08
-7.40712e-08
-4.91712e-08
0.000462477
9.76258e-08
-5.30826e-08
-4.51263e-08
0.000506816
-3.39354e-08
-3.71823e-08
0.000542638
-1.58229e-08
-3.17162e-08
0.000567802
2.16543e-09
-3.1167e-08
0.000580776
2.06924e-08
-3.32667e-08
0.000580776
4.01063e-08
-3.71255e-08
0.000567802
6.00745e-08
-3.94615e-08
0.000542638
8.03956e-08
-4.08771e-08
0.000506816
-4.31354e-08
0.000462477
1.01376e-07
-7.58415e-08
-6.89244e-08
0.000432933
9.53536e-08
-5.8167e-08
-6.29536e-08
0.00047675
-3.92053e-08
-5.63925e-08
0.000512029
-1.83336e-08
-5.28101e-08
0.000536733
3.25941e-09
-5.30748e-08
0.000549445
2.46915e-08
-5.50166e-08
0.000549445
4.5281e-08
-5.79708e-08
0.000536733
6.48318e-08
-5.92437e-08
0.000512029
8.34199e-08
-5.96208e-08
0.00047675
-6.15868e-08
0.000432933
1.01715e-07
-7.67108e-08
-8.43844e-08
0.00039982
9.20363e-08
-6.14631e-08
-7.83472e-08
0.00044327
-4.26396e-08
-7.54494e-08
0.000478098
-2.00509e-08
-7.56184e-08
0.000502402
3.88974e-09
-7.72537e-08
0.000514884
2.72526e-08
-7.86477e-08
0.000514884
4.87344e-08
-7.97131e-08
0.000502402
6.79275e-08
-7.86219e-08
0.000478098
8.48532e-08
-7.66802e-08
0.00044327
-7.7572e-08
0.00039982
1.00661e-07
-7.71938e-08
-9.68489e-08
0.000366171
8.95153e-08
-6.32726e-08
-9.24294e-08
0.000409278
-4.44941e-08
-9.44523e-08
0.000443664
-2.10943e-08
-9.92332e-08
0.000467577
4.1073e-09
-1.02679e-07
0.000479833
2.864e-08
-1.03447e-07
0.000479833
5.08091e-08
-1.02098e-07
0.000467577
6.98037e-08
-9.77659e-08
0.000443664
8.54605e-08
-9.25099e-08
0.000409278
-9.17644e-08
0.000366171
9.94747e-08
-7.74265e-08
-1.06809e-07
0.000332426
8.72447e-08
-6.43271e-08
-1.05666e-07
0.000375193
-4.55722e-08
-1.13395e-07
0.000409137
-2.17938e-08
-1.23212e-07
0.000432659
4.14007e-09
-1.28856e-07
0.000444689
2.95333e-08
-1.29049e-07
0.000444689
5.22955e-08
-1.25019e-07
0.000432659
7.11183e-08
-1.16772e-07
0.000409137
8.55952e-08
-1.07158e-07
0.000375193
-1.04016e-07
0.000332426
9.77335e-08
-7.73987e-08
-1.13836e-07
0.000298671
8.43203e-08
-6.5157e-08
-1.18082e-07
0.000341095
-4.63992e-08
-1.3231e-07
0.000374594
-2.23448e-08
-1.47449e-07
0.000397724
4.18146e-09
-1.55589e-07
0.000409529
3.03648e-08
-1.55359e-07
0.000409529
5.36741e-08
-1.48504e-07
0.000397724
7.22957e-08
-1.35604e-07
0.000374594
8.53167e-08
-1.20317e-07
0.000341095
-1.1328e-07
0.000298671
9.44797e-08
-7.71584e-08
-1.17077e-07
0.000264928
8.02652e-08
-6.60056e-08
-1.29368e-07
0.000307008
-4.72005e-08
-1.51258e-07
0.000340055
-2.28272e-08
-1.71979e-07
0.000362789
4.29688e-09
-1.82873e-07
0.000374367
3.12298e-08
-1.82442e-07
0.000374367
5.50774e-08
-1.72517e-07
0.000362789
7.34959e-08
-1.5418e-07
0.000340055
8.46113e-08
-1.31559e-07
0.000307008
-1.17827e-07
0.000264928
8.90535e-08
-7.68505e-08
-1.15245e-07
0.000231224
7.491e-08
-6.67983e-08
-1.39485e-07
0.000272957
-4.7901e-08
-1.70329e-07
0.00030554
-2.32156e-08
-1.96825e-07
0.000327868
4.41836e-09
-2.10711e-07
0.000339213
3.1978e-08
-2.10208e-07
0.000339213
5.62487e-08
-1.96948e-07
0.000327868
7.44938e-08
-1.72569e-07
0.00030554
8.3808e-08
-1.40974e-07
0.000272957
-1.15385e-07
0.000231224
8.12527e-08
-7.38485e-08
0.000197592
6.80705e-08
-6.5234e-08
0.000238981
-4.7249e-08
0.000271084
-2.30833e-08
0.000292988
4.34301e-09
0.000304091
3.1781e-08
0.000304091
5.53601e-08
0.000292988
7.15839e-08
0.000271084
7.82336e-08
0.000238981
0.000197592
7.13592e-08
-6.65255e-08
-2.60936e-08
0.00045233
9.23006e-08
-4.23428e-08
-2.45331e-08
0.000497765
-2.4731e-08
-1.7896e-08
0.000534512
-1.17609e-08
-1.32341e-08
0.000560374
5.99785e-10
-1.27348e-08
0.00057372
1.46291e-08
-1.43467e-08
0.00057372
3.18515e-08
-1.75777e-08
0.000560374
5.09748e-08
-1.95035e-08
0.000534512
7.13559e-08
-2.0704e-08
0.000497764
-2.24812e-08
0.00045233
9.35357e-08
-7.40722e-08
-5.04553e-08
0.000462478
9.8116e-08
-5.28203e-08
-4.6022e-08
0.000506816
-3.36001e-08
-3.74833e-08
0.000542638
-1.55444e-08
-3.16098e-08
0.000567802
2.33733e-09
-3.09561e-08
0.000580777
2.07902e-08
-3.31757e-08
0.000580777
4.02055e-08
-3.73028e-08
0.000567803
6.02678e-08
-3.98818e-08
0.000542638
8.0789e-08
-4.15263e-08
0.000506816
-4.40578e-08
0.000462478
1.02101e-07
-7.57263e-08
-7.05014e-08
0.000432933
9.55142e-08
-5.79903e-08
-6.39215e-08
0.00047675
-3.90123e-08
-5.67354e-08
0.00051203
-1.81141e-08
-5.27613e-08
0.000536733
3.49682e-09
-5.29265e-08
0.000549445
2.493e-08
-5.498e-08
0.000549445
4.55155e-08
-5.82021e-08
0.000536733
6.50883e-08
-5.97487e-08
0.00051203
8.37571e-08
-6.04122e-08
0.00047675
-6.2757e-08
0.000432934
1.0224e-07
-7.65012e-08
-8.60527e-08
0.00039982
9.19063e-08
-6.13231e-08
-7.92546e-08
0.00044327
-4.25199e-08
-7.57958e-08
0.000478098
-1.98611e-08
-7.5669e-08
0.000502402
4.16181e-09
-7.72258e-08
0.000514884
2.75648e-08
-7.86994e-08
0.000514884
4.90381e-08
-7.99906e-08
0.000502402
6.82042e-08
-7.91562e-08
0.000478098
8.51195e-08
-7.75168e-08
0.00044327
-7.88798e-08
0.00039982
1.01009e-07
-7.69013e-08
-9.84964e-08
0.000366172
8.91919e-08
-6.31044e-08
-9.3218e-08
0.000409278
-4.43666e-08
-9.47768e-08
0.000443664
-2.08979e-08
-9.93772e-08
0.000467577
4.3912e-09
-1.02771e-07
0.000479833
2.89645e-08
-1.03582e-07
0.000479833
5.11148e-08
-1.02404e-07
0.000467577
7.00528e-08
-9.82926e-08
0.000443664
8.56462e-08
-9.33353e-08
0.000409278
-9.31579e-08
0.000366172
9.9696e-08
-7.70579e-08
-1.08371e-07
0.000332426
8.67865e-08
-6.4094e-08
-1.06315e-07
0.000375193
-4.53919e-08
-1.13676e-07
0.000409137
-2.1569e-08
-1.23417e-07
0.000432659
4.42672e-09
-1.29038e-07
0.000444689
2.9843e-08
-1.2924e-07
0.000444689
5.25727e-08
-1.25331e-07
0.000432659
7.13177e-08
-1.17266e-07
0.000409137
8.56971e-08
-1.07933e-07
0.000375193
-1.05458e-07
0.000332426
9.78432e-08
-7.6969e-08
-1.15255e-07
0.000298671
8.3752e-08
-6.48578e-08
-1.18589e-07
0.000341095
-4.61565e-08
-1.32535e-07
0.000374594
-2.20848e-08
-1.4768e-07
0.000397724
4.47277e-09
-1.5582e-07
0.000409529
3.06602e-08
-1.55577e-07
0.000409529
5.39247e-08
-1.48803e-07
0.000397724
7.24523e-08
-1.36044e-07
0.000374594
8.53429e-08
-1.21e-07
0.000341095
-1.14707e-07
0.000298671
9.44557e-08
-7.66971e-08
-1.18291e-07
0.000264928
7.96111e-08
-6.56614e-08
-1.29734e-07
0.000307008
-4.69066e-08
-1.51425e-07
0.000340055
-2.25347e-08
-1.72211e-07
0.000362789
4.59844e-09
-1.83123e-07
0.000374367
3.15223e-08
-1.82669e-07
0.000374367
5.53182e-08
-1.72793e-07
0.000362789
7.36333e-08
-1.54548e-07
0.000340055
8.45806e-08
-1.32106e-07
0.000307008
-1.19122e-07
0.000264929
8.88629e-08
-7.63928e-08
-1.16191e-07
0.000231224
7.42069e-08
-6.6433e-08
-1.3972e-07
0.000272957
-4.75708e-08
-1.70448e-07
0.00030554
-2.28963e-08
-1.97042e-07
0.000327868
4.73118e-09
-2.10963e-07
0.000339213
3.22727e-08
-2.10435e-07
0.000339213
5.64873e-08
-1.97189e-07
0.000327868
7.46263e-08
-1.72857e-07
0.00030554
8.37527e-08
-1.41359e-07
0.000272957
-1.1638e-07
0.000231224
8.08732e-08
-7.33236e-08
0.000197592
6.73251e-08
-6.47902e-08
0.000238981
-4.68454e-08
0.000271084
-2.27203e-08
0.000292988
4.65675e-09
0.000304091
3.20391e-08
0.000304091
5.55236e-08
0.000292988
7.15763e-08
0.000271084
7.79814e-08
0.000238981
0.000197592
7.07616e-08
-6.65818e-08
-2.68668e-08
0.000452331
9.2999e-08
-4.19157e-08
-2.51726e-08
0.000497765
-2.42267e-08
-1.8139e-08
0.000534512
-1.14516e-08
-1.32098e-08
0.000560374
6.49696e-10
-1.26522e-08
0.00057372
1.45094e-08
-1.43453e-08
0.000573721
3.17492e-08
-1.77558e-08
0.000560375
5.10327e-08
-1.98127e-08
0.000534512
7.16986e-08
-2.11182e-08
0.000497765
-2.30231e-08
0.000452331
9.43104e-08
-7.40163e-08
-5.18058e-08
0.000462478
9.85289e-08
-5.25341e-08
-4.69985e-08
0.000506816
-3.32683e-08
-3.78857e-08
0.000542638
-1.52892e-08
-3.16202e-08
0.000567803
2.47294e-09
-3.08661e-08
0.000580777
2.08395e-08
-3.32035e-08
0.000580777
4.0248e-08
-3.75887e-08
0.000567803
6.03981e-08
-4.03956e-08
0.000542638
8.11103e-08
-4.22486e-08
0.000506816
-4.50325e-08
0.000462478
1.02741e-07
-7.55301e-08
-7.21982e-08
0.000432934
9.55646e-08
-5.77709e-08
-6.50192e-08
0.000476751
-3.88115e-08
-5.72236e-08
0.00051203
-1.79168e-08
-5.28726e-08
0.000536733
3.68764e-09
-5.29415e-08
0.000549446
2.51043e-08
-5.51053e-08
0.000549446
4.56727e-08
-5.85843e-08
0.000536733
6.52581e-08
-6.03889e-08
0.00051203
8.3999e-08
-6.13171e-08
0.000476751
-6.40191e-08
0.000432934
1.02661e-07
-7.61917e-08
-8.78856e-08
0.00039982
9.16444e-08
-6.11268e-08
-8.03319e-08
0.000443271
-4.23837e-08
-7.63223e-08
0.000478099
-1.96914e-08
-7.59122e-08
0.000502403
4.38287e-09
-7.7394e-08
0.000514885
2.78025e-08
-7.89478e-08
0.000514885
4.92499e-08
-8.04554e-08
0.000502403
6.83766e-08
-7.98634e-08
0.000478099
8.52724e-08
-7.85064e-08
0.000443271
-8.03212e-08
0.00039982
1.01237e-07
-7.64962e-08
-1.00348e-07
0.000366172
8.87239e-08
-6.28707e-08
-9.42108e-08
0.000409279
-4.42172e-08
-9.53095e-08
0.000443665
-2.07204e-08
-9.97393e-08
0.000467577
4.62175e-09
-1.03085e-07
0.000479833
2.92083e-08
-1.03942e-07
0.000479833
5.13195e-08
-1.02927e-07
0.000467577
7.01862e-08
-9.90253e-08
0.000443665
8.57064e-08
-9.4351e-08
0.000409279
-9.47266e-08
0.000366172
9.97862e-08
-7.65661e-08
-1.10177e-07
0.000332427
8.61737e-08
-6.37883e-08
-1.07199e-07
0.000375193
-4.51856e-08
-1.14189e-07
0.000409137
-2.1362e-08
-1.23861e-07
0.000432659
4.65849e-09
-1.29461e-07
0.00044469
3.00672e-08
-1.29677e-07
0.00044469
5.27415e-08
-1.25884e-07
0.000432659
7.13919e-08
-1.17994e-07
0.000409137
8.56637e-08
-1.08932e-07
0.000375193
-1.07116e-07
0.000332427
9.78132e-08
-7.64034e-08
-1.16956e-07
0.000298671
8.30172e-08
-6.44772e-08
-1.19359e-07
0.000341095
-4.58811e-08
-1.3301e-07
0.000374594
-2.18392e-08
-1.48164e-07
0.000397724
4.70864e-09
-1.56306e-07
0.000409529
3.08655e-08
-1.56055e-07
0.000409529
5.40583e-08
-1.49363e-07
0.000397724
7.24726e-08
-1.36741e-07
0.000374594
8.52218e-08
-1.21939e-07
0.000341096
-1.16391e-07
0.000298671
9.42818e-08
-7.60825e-08
-1.19825e-07
0.000264929
7.87715e-08
-6.52222e-08
-1.3039e-07
0.000307008
-4.65685e-08
-1.51859e-07
0.000340055
-2.22495e-08
-1.72703e-07
0.000362789
4.84566e-09
-1.83634e-07
0.000374367
3.17192e-08
-1.83162e-07
0.000374367
5.5431e-08
-1.73338e-07
0.000362789
7.36193e-08
-1.55192e-07
0.000340055
8.43857e-08
-1.32938e-07
0.000307008
-1.20717e-07
0.000264929
8.85067e-08
-7.5755e-08
-1.17495e-07
0.000231224
7.32883e-08
-6.59495e-08
-1.40275e-07
0.000272957
-4.71769e-08
-1.7085e-07
0.00030554
-2.25717e-08
-1.97522e-07
0.000327868
4.9931e-09
-2.11472e-07
0.000339214
3.24663e-08
-2.10923e-07
0.000339214
5.65838e-08
-1.97702e-07
0.000327868
7.45878e-08
-1.73434e-07
0.00030554
8.35102e-08
-1.42054e-07
0.000272957
-1.17718e-07
0.000231224
8.03049e-08
-7.25964e-08
0.000197592
6.63244e-08
-6.42063e-08
0.000238981
-4.63595e-08
0.000271084
-2.23386e-08
0.000292988
4.92552e-09
0.000304091
3.21933e-08
0.000304091
5.55335e-08
0.000292988
7.13772e-08
0.000271084
7.75161e-08
0.000238981
0.000197592
6.99432e-08
-6.62947e-08
-2.76651e-08
0.000452332
9.32858e-08
-4.12483e-08
-2.58594e-08
0.000497766
-2.35865e-08
-1.84536e-08
0.000534513
-1.11126e-08
-1.3278e-08
0.000560375
6.16148e-10
-1.26716e-08
0.000573721
1.4211e-08
-1.44737e-08
0.000573722
3.1383e-08
-1.80718e-08
0.000560376
5.07626e-08
-2.02687e-08
0.000534513
7.16692e-08
-2.16765e-08
0.000497766
-2.37014e-08
0.000452331
9.46895e-08
-7.36112e-08
-5.33091e-08
0.000462479
9.85206e-08
-5.19964e-08
-4.81645e-08
0.000506817
-3.27892e-08
-3.85264e-08
0.000542639
-1.49971e-08
-3.19036e-08
0.000567804
2.54107e-09
-3.10689e-08
0.000580778
2.07116e-08
-3.35348e-08
0.000580778
4.00249e-08
-3.81801e-08
0.000567804
6.01943e-08
-4.1206e-08
0.000542639
8.10494e-08
-4.32415e-08
0.000506817
-4.62559e-08
0.000462479
1.02979e-07
-7.4975e-08
-7.41666e-08
0.000432934
9.51884e-08
-5.72858e-08
-6.64381e-08
0.000476751
-3.84495e-08
-5.80962e-08
0.000512031
-1.76715e-08
-5.34107e-08
0.000536734
3.81372e-09
-5.34063e-08
0.000549447
2.51049e-08
-5.56845e-08
0.000549447
4.55633e-08
-5.9414e-08
0.000536734
6.50874e-08
-6.14537e-08
0.000512031
8.38493e-08
-6.26054e-08
0.000476751
-6.56369e-08
0.000432934
1.02671e-07
-7.55165e-08
-9.0103e-08
0.000399821
9.09556e-08
-6.06533e-08
-8.18537e-08
0.000443271
-4.20754e-08
-7.73636e-08
0.000478099
-1.94652e-08
-7.67172e-08
0.000502404
4.54303e-09
-7.81472e-08
0.000514886
2.78686e-08
-7.97816e-08
0.000514886
4.91934e-08
-8.1491e-08
0.000502404
6.82037e-08
-8.11073e-08
0.000478099
8.50289e-08
-7.99825e-08
0.000443271
-8.22183e-08
0.000399821
1.0105e-07
-7.57162e-08
-1.02688e-07
0.000366172
8.78229e-08
-6.23494e-08
-9.57613e-08
0.000409279
-4.38871e-08
-9.64724e-08
0.000443665
-2.04817e-08
-1.0078e-07
0.000467578
4.79108e-09
-1.041e-07
0.000479834
2.92758e-08
-1.04999e-07
0.000479834
5.12474e-08
-1.04127e-07
0.000467578
6.99642e-08
-1.00393e-07
0.000443665
8.53621e-08
-9.59469e-08
0.000409279
-9.68429e-08
0.000366172
9.94544e-08
-7.56883e-08
-1.12564e-07
0.000332427
8.51168e-08
-6.31855e-08
-1.08743e-07
0.000375194
-4.47918e-08
-1.15433e-07
0.000409138
-2.1092e-08
-1.25082e-07
0.00043266
4.82544e-09
-1.30682e-07
0.00044469
3.01065e-08
-1.30905e-07
0.00044469
5.26215e-08
-1.27202e-07
0.00043266
7.1098e-08
-1.1944e-07
0.000409138
8.52149e-08
-1.10595e-07
0.000375194
-1.09405e-07
0.000332427
9.73514e-08
-7.54429e-08
-1.19321e-07
0.000298671
8.18275e-08
-6.37937e-08
-1.20881e-07
0.000341096
-4.54152e-08
-1.34306e-07
0.000374595
-2.15315e-08
-1.49508e-07
0.000397725
4.8745e-09
-1.57668e-07
0.00040953
3.08768e-08
-1.57398e-07
0.00040953
5.38923e-08
-1.50758e-07
0.000397725
7.21145e-08
-1.38228e-07
0.000374595
8.46765e-08
-1.23614e-07
0.000341096
-1.18776e-07
0.000298671
9.36671e-08
-7.50706e-08
-1.22096e-07
0.000264929
7.74716e-08
-6.44814e-08
-1.31877e-07
0.000307008
-4.60426e-08
-1.53186e-07
0.000340056
-2.19065e-08
-1.7412e-07
0.00036279
5.01669e-09
-1.85079e-07
0.000374368
3.17151e-08
-1.84576e-07
0.000374368
5.52377e-08
-1.74773e-07
0.00036279
7.32232e-08
-1.56682e-07
0.000340056
8.3764e-08
-1.34565e-07
0.000307008
-1.23069e-07
0.000264929
8.77054e-08
-7.47342e-08
-1.19589e-07
0.000231224
7.1914e-08
-6.51807e-08
-1.41725e-07
0.000272957
-4.66094e-08
-1.72202e-07
0.000305541
-2.22001e-08
-1.98974e-07
0.000327869
5.17196e-09
-2.12955e-07
0.000339214
3.24565e-08
-2.12369e-07
0.000339214
5.63777e-08
-1.99144e-07
0.000327869
7.41754e-08
-1.74899e-07
0.000305541
8.28505e-08
-1.43589e-07
0.000272957
-1.19848e-07
0.000231224
7.9295e-08
-7.15366e-08
0.000197592
6.48886e-08
-6.33836e-08
0.000238982
-4.57361e-08
0.000271084
-2.19339e-08
0.000292988
5.1016e-09
0.000304092
3.21488e-08
0.000304092
5.52564e-08
0.000292988
7.08266e-08
0.000271084
7.66579e-08
0.000238982
0.000197593
6.87023e-08
-6.55172e-08
-2.8842e-08
0.000452333
9.29994e-08
-4.01533e-08
-2.68887e-08
0.000497767
-2.26149e-08
-1.91339e-08
0.000534514
-1.05675e-08
-1.37188e-08
0.000560377
6.38133e-10
-1.30603e-08
0.000573723
1.38052e-08
-1.49627e-08
0.000573723
3.07541e-08
-1.87429e-08
0.000560377
5.00938e-08
-2.10684e-08
0.000534515
7.11219e-08
-2.25446e-08
0.000497767
-2.46585e-08
0.000452333
9.44666e-08
-7.26958e-08
-5.53619e-08
0.00046248
9.7948e-08
-5.1015e-08
-4.98976e-08
0.000506819
-3.19677e-08
-3.97983e-08
0.000542641
-1.44946e-08
-3.28465e-08
0.000567805
2.66267e-09
-3.19355e-08
0.00058078
2.04791e-08
-3.45276e-08
0.00058078
3.95419e-08
-3.94154e-08
0.000567806
5.95875e-08
-4.26247e-08
0.000542641
8.04605e-08
-4.47736e-08
0.000506818
-4.79746e-08
0.00046248
1.02612e-07
-7.38939e-08
-7.68519e-08
0.000432935
9.42487e-08
-5.63436e-08
-6.86147e-08
0.000476752
-3.77383e-08
-5.9821e-08
0.000512032
-1.72121e-08
-5.48498e-08
0.000536736
4.00083e-09
-5.47876e-08
0.000549448
2.50043e-08
-5.71754e-08
0.000549448
4.51933e-08
-6.11263e-08
0.000536736
6.45059e-08
-6.33406e-08
0.000512032
8.31614e-08
-6.46207e-08
0.000476753
-6.79382e-08
0.000432936
1.02073e-07
-7.43027e-08
-9.31914e-08
0.000399822
8.9702e-08
-5.97065e-08
-8.42942e-08
0.000443273
-4.14075e-08
-7.94346e-08
0.000478101
-1.9019e-08
-7.86196e-08
0.000502405
4.76688e-09
-8.00239e-08
0.000514887
2.78319e-08
-8.17308e-08
0.000514887
4.88691e-08
-8.36004e-08
0.000502405
6.76088e-08
-8.33443e-08
0.000478101
8.42398e-08
-8.23413e-08
0.000443273
-8.49612e-08
0.000399822
1.00254e-07
-7.43857e-08
-1.06038e-07
0.000366173
8.63537e-08
-6.13357e-08
-9.83642e-08
0.00040928
-4.31801e-08
-9.88047e-08
0.000443666
-2.00122e-08
-1.03069e-07
0.000467579
5.02645e-09
-1.06397e-07
0.000479835
2.92348e-08
-1.07328e-07
0.000479835
5.08945e-08
-1.06547e-07
0.000467579
6.93055e-08
-1.02886e-07
0.000443666
8.44643e-08
-9.85555e-08
0.00040928
-9.9945e-08
0.000366173
9.85123e-08
-7.42498e-08
-1.16076e-07
0.000332428
8.34889e-08
-6.20703e-08
-1.11447e-07
0.000375195
-4.40014e-08
-1.17949e-07
0.000409139
-2.05783e-08
-1.27658e-07
0.000432661
5.06085e-09
-1.33294e-07
0.000444692
3.00296e-08
-1.33513e-07
0.000444692
5.22062e-08
-1.29842e-07
0.000432661
7.03533e-08
-1.22112e-07
0.000409139
8.42067e-08
-1.13376e-07
0.000375195
-1.12797e-07
0.000332428
9.62803e-08
-7.39176e-08
-1.22903e-07
0.000298672
8.00684e-08
-6.25838e-08
-1.2364e-07
0.000341097
-4.45379e-08
-1.36939e-07
0.000374596
-2.09703e-08
-1.5227e-07
0.000397726
5.10994e-09
-1.60484e-07
0.000409531
3.07655e-08
-1.60182e-07
0.000409531
5.34209e-08
-1.53537e-07
0.000397726
7.12989e-08
-1.41007e-07
0.000374596
8.35721e-08
-1.26488e-07
0.000341097
-1.22357e-07
0.000298672
9.24472e-08
-7.34989e-08
-1.25641e-07
0.00026493
7.56077e-08
-6.32127e-08
-1.34645e-07
0.000307009
-4.51017e-08
-1.55882e-07
0.000340056
-2.1308e-08
-1.76978e-07
0.000362791
5.25584e-09
-1.87997e-07
0.000374368
3.15848e-08
-1.87451e-07
0.000374368
5.47381e-08
-1.77619e-07
0.000362791
7.2375e-08
-1.59503e-07
0.000340056
8.25933e-08
-1.37444e-07
0.000307009
-1.26678e-07
0.00026493
8.6307e-08
-7.31667e-08
-1.22977e-07
0.000231225
6.99847e-08
-6.38954e-08
-1.44464e-07
0.000272958
-4.56361e-08
-1.7492e-07
0.000305542
-2.15801e-08
-2.01856e-07
0.00032787
5.4142e-09
-2.15896e-07
0.000339215
3.23199e-08
-2.15265e-07
0.000339215
5.58715e-08
-2.01993e-07
0.00032787
7.33255e-08
-1.77706e-07
0.000305542
8.16585e-08
-1.46398e-07
0.000272958
-1.23258e-07
0.000231225
7.76937e-08
-6.9923e-08
0.000197593
6.2906e-08
-6.2047e-08
0.000238982
-4.47156e-08
0.000271085
-2.12894e-08
0.000292989
5.33429e-09
0.000304092
3.19748e-08
0.000304092
5.46825e-08
0.000292989
6.98471e-08
0.000271085
7.52777e-08
0.000238982
0.000197593
6.68673e-08
-6.3946e-08
-3.03168e-08
0.000452336
9.1729e-08
-3.8509e-08
-2.83228e-08
0.00049777
-2.12801e-08
-2.03329e-08
0.000534518
-9.83164e-09
-1.47217e-08
0.00056038
6.825e-10
-1.402e-08
0.000573727
1.32491e-08
-1.60017e-08
0.000573727
2.97943e-08
-1.99244e-08
0.000560381
4.88962e-08
-2.23202e-08
0.000534518
6.98006e-08
-2.37669e-08
0.00049777
-2.59042e-08
0.000452335
9.3215e-08
-7.09502e-08
-5.81028e-08
0.000462482
9.63453e-08
-4.94416e-08
-5.24322e-08
0.000506821
-3.07561e-08
-4.20359e-08
0.000542643
-1.37883e-08
-3.48212e-08
0.000567808
2.80459e-09
-3.38476e-08
0.000580783
2.00856e-08
-3.65489e-08
0.000580783
3.87046e-08
-4.16294e-08
0.000567809
5.84086e-08
-4.49373e-08
0.000542644
7.90484e-08
-4.70521e-08
0.000506821
-5.03569e-08
0.000462482
1.0119e-07
-7.19391e-08
-8.05786e-08
0.000432938
9.22512e-08
-5.4761e-08
-7.19425e-08
0.000476755
-3.66072e-08
-6.28921e-08
0.000512035
-1.65356e-08
-5.77317e-08
0.000536738
4.20779e-09
-5.76371e-08
0.000549451
2.4725e-08
-6.01191e-08
0.000549451
4.44334e-08
-6.42282e-08
0.000536738
6.33001e-08
-6.65019e-08
0.000512035
8.16015e-08
-6.77287e-08
0.000476755
-7.12544e-08
0.000432938
1.00399e-07
-7.21796e-08
-9.7644e-08
0.000399824
8.73733e-08
-5.80758e-08
-8.81952e-08
0.000443275
-4.0285e-08
-8.31776e-08
0.000478103
-1.83381e-08
-8.2314e-08
0.000502408
5.00998e-09
-8.37302e-08
0.00051489
2.75951e-08
-8.54935e-08
0.00051489
4.81137e-08
-8.74473e-08
0.000502408
6.63378e-08
-8.71792e-08
0.000478103
8.25386e-08
-8.61029e-08
0.000443275
-8.9046e-08
0.000399824
9.83672e-08
-7.21161e-08
-1.11043e-07
0.000366175
8.37974e-08
-5.95957e-08
-1.027e-07
0.000409282
-4.19818e-08
-1.03078e-07
0.000443669
-1.92878e-08
-1.07432e-07
0.000467582
5.28064e-09
-1.10814e-07
0.000479838
2.89714e-08
-1.11759e-07
0.000479838
5.00701e-08
-1.10983e-07
0.000467582
6.79242e-08
-1.07246e-07
0.000443669
8.26227e-08
-1.02841e-07
0.000409282
-1.04685e-07
0.000366175
9.64673e-08
-7.18484e-08
-1.21503e-07
0.000332429
8.07646e-08
-6.01929e-08
-1.16119e-07
0.000375196
-4.2685e-08
-1.22621e-07
0.000409141
-1.97898e-08
-1.3252e-07
0.000432663
5.31395e-09
-1.3824e-07
0.000444694
2.97083e-08
-1.38435e-07
0.000444694
5.12821e-08
-1.3471e-07
0.000432663
6.88481e-08
-1.26864e-07
0.000409141
8.22305e-08
-1.18072e-07
0.000375196
-1.18086e-07
0.000332429
9.4094e-08
-7.1414e-08
-1.28617e-07
0.000298673
7.72025e-08
-6.05899e-08
-1.28559e-07
0.000341098
-4.31106e-08
-1.4189e-07
0.000374597
-2.01206e-08
-1.57465e-07
0.000397728
5.35994e-09
-1.65775e-07
0.000409533
3.03897e-08
-1.65423e-07
0.000409533
5.24124e-08
-1.58692e-07
0.000397728
6.96993e-08
-1.46034e-07
0.000374598
8.14869e-08
-1.31475e-07
0.000341098
-1.28051e-07
0.000298673
9.01038e-08
-7.09485e-08
-1.31482e-07
0.000264931
7.26284e-08
-6.11578e-08
-1.39719e-07
0.000307011
-4.3605e-08
-1.61013e-07
0.000340058
-2.04186e-08
-1.82361e-07
0.000362792
5.50353e-09
-1.93473e-07
0.00037437
3.11767e-08
-1.92866e-07
0.00037437
5.36877e-08
-1.8294e-07
0.000362792
7.07368e-08
-1.64698e-07
0.000340058
8.04409e-08
-1.4259e-07
0.000307011
-1.32565e-07
0.000264931
8.37783e-08
-7.06254e-08
-1.28759e-07
0.000231226
6.69205e-08
-6.18321e-08
-1.49606e-07
0.000272959
-4.41135e-08
-1.80144e-07
0.000305543
-2.0676e-08
-2.07306e-07
0.000327871
5.6565e-09
-2.21427e-07
0.000339216
3.18974e-08
-2.20738e-07
0.000339216
5.48108e-08
-2.07375e-07
0.000327871
7.16889e-08
-1.82976e-07
0.000305543
7.94896e-08
-1.51586e-07
0.000272959
-1.29046e-07
0.000231226
7.49474e-08
-6.73213e-08
0.000197594
5.97433e-08
-5.9922e-08
0.000238983
-4.31418e-08
0.000271086
-2.0363e-08
0.00029299
5.56033e-09
0.000304094
3.15057e-08
0.000304094
5.35455e-08
0.00029299
6.80723e-08
0.000271086
7.29123e-08
0.000238983
0.000197594
6.38502e-08
-6.0835e-08
-3.24774e-08
0.00045234
8.84978e-08
-3.57871e-08
-3.06675e-08
0.000497776
-1.92598e-08
-2.26072e-08
0.000534524
-8.78406e-09
-1.68902e-08
0.000560387
6.69656e-10
-1.61772e-08
0.000573733
1.22785e-08
-1.82331e-08
0.000573733
2.8057e-08
-2.22311e-08
0.000560387
4.65611e-08
-2.46078e-08
0.000534524
6.69349e-08
-2.58653e-08
0.000497775
-2.79129e-08
0.00045234
9.00189e-08
-6.75612e-08
-6.23102e-08
0.000462487
9.26851e-08
-4.66845e-08
-5.66986e-08
0.000506826
-2.87731e-08
-4.62685e-08
0.000542649
-1.27151e-08
-3.89313e-08
0.000567814
2.9124e-09
-3.79504e-08
0.000580789
1.92512e-08
-4.07484e-08
0.000580789
3.70264e-08
-4.5933e-08
0.000567815
5.59866e-08
-4.91941e-08
0.000542649
7.59741e-08
-5.10206e-08
0.000506826
-5.42495e-08
0.000462487
9.77255e-08
-6.82305e-08
-8.64895e-08
0.000432942
8.81326e-08
-5.18646e-08
-7.77468e-08
0.00047676
-3.45981e-08
-6.87649e-08
0.00051204
-1.54273e-08
-6.35916e-08
0.000536744
4.39261e-09
-6.35339e-08
0.000549457
2.39652e-08
-6.60906e-08
0.000549457
4.27432e-08
-7.02481e-08
0.000536744
6.07241e-08
-7.23887e-08
0.00051204
7.82591e-08
-7.32544e-08
0.00047676
-7.67805e-08
0.000432942
9.66093e-08
-6.82021e-08
-1.04951e-07
0.000399827
8.28688e-08
-5.50123e-08
-9.52484e-08
0.000443279
-3.81881e-08
-9.04195e-08
0.000478108
-1.71694e-08
-8.97019e-08
0.000502413
5.23785e-09
-9.12042e-08
0.000514895
2.68356e-08
-9.29971e-08
0.000514895
4.63418e-08
-9.4909e-08
0.000502413
6.35835e-08
-9.44076e-08
0.000478108
7.89516e-08
-9.29334e-08
0.000443279
-9.59936e-08
0.000399827
9.42979e-08
-6.79035e-08
-1.19512e-07
0.000366178
7.90088e-08
-5.63238e-08
-1.10787e-07
0.000409286
-3.97279e-08
-1.11438e-07
0.000443673
-1.80302e-08
-1.16074e-07
0.000467586
5.52094e-09
-1.19579e-07
0.000479842
2.8143e-08
-1.20504e-07
0.000479842
4.81499e-08
-1.19601e-07
0.000467586
6.49624e-08
-1.15557e-07
0.000443673
7.88076e-08
-1.10768e-07
0.000409286
-1.12881e-07
0.000366178
9.21767e-08
-6.74217e-08
-1.30937e-07
0.000332432
7.57448e-08
-5.6698e-08
-1.25054e-07
0.0003752
-4.0243e-08
-1.31857e-07
0.000409145
-1.84298e-08
-1.42117e-07
0.000432667
5.55066e-09
-1.47975e-07
0.000444698
2.87787e-08
-1.48106e-07
0.000444698
4.91883e-08
-1.44197e-07
0.000432667
6.56762e-08
-1.36022e-07
0.000409145
7.82013e-08
-1.26901e-07
0.0003752
-1.27356e-07
0.000332432
8.95959e-08
-6.68145e-08
-1.38799e-07
0.000298676
7.19732e-08
-5.69127e-08
-1.38164e-07
0.000341101
-4.05047e-08
-1.51776e-07
0.000374601
-1.86727e-08
-1.67725e-07
0.000397732
5.58712e-09
-1.76161e-07
0.000409537
2.93677e-08
-1.75715e-07
0.000409537
5.0174e-08
-1.68788e-07
0.000397732
6.63655e-08
-1.55823e-07
0.000374601
7.72813e-08
-1.41e-07
0.000341102
-1.38169e-07
0.000298676
8.53801e-08
-6.62471e-08
-1.42155e-07
0.000264933
6.72131e-08
-5.73836e-08
-1.498e-07
0.000307013
-4.0906e-08
-1.71342e-07
0.000340061
-1.89238e-08
-1.93025e-07
0.000362796
5.71732e-09
-2.04233e-07
0.000374374
3.00966e-08
-2.03522e-07
0.000374374
5.13723e-08
-1.93418e-07
0.000362796
6.73267e-08
-1.74917e-07
0.000340061
7.6121e-08
-1.52588e-07
0.000307013
-1.43221e-07
0.000264933
7.88029e-08
-6.58989e-08
-1.39606e-07
0.000231228
6.13312e-08
-5.8045e-08
-1.59968e-07
0.000272961
-4.13979e-08
-1.90726e-07
0.000305546
-1.91812e-08
-2.18153e-07
0.000327874
5.85145e-09
-2.32336e-07
0.000339219
3.07932e-08
-2.31549e-07
0.000339219
5.2479e-08
-2.18042e-07
0.000327874
6.82718e-08
-1.93444e-07
0.000305546
7.51258e-08
-1.6184e-07
0.000272961
-1.39832e-07
0.000231228
6.96833e-08
-6.25433e-08
0.000197595
5.39393e-08
-5.60924e-08
0.000238985
-4.04021e-08
0.000271088
-1.8872e-08
0.000292993
5.72602e-09
0.000304096
3.03585e-08
0.000304096
5.11475e-08
0.000292993
6.45221e-08
0.000271088
6.83451e-08
0.000238985
0.000197595
5.82304e-08
-5.44624e-08
-3.67816e-08
0.00045235
8.15688e-08
-3.03647e-08
-3.51302e-08
0.000497787
-1.52901e-08
-2.70932e-08
0.000534536
-6.66329e-09
-2.13893e-08
0.0005604
7.3168e-10
-2.0689e-08
0.000573747
1.03629e-08
-2.28352e-08
0.000573747
2.44054e-08
-2.68626e-08
0.0005604
4.15028e-08
-2.91699e-08
0.000534536
6.07147e-08
-3.01209e-08
0.000497786
-3.19553e-08
0.00045235
8.30526e-08
-6.0755e-08
-7.02486e-08
0.000462496
8.51619e-08
-4.10708e-08
-6.48888e-08
0.000506836
-2.46973e-08
-5.46633e-08
0.00054266
-1.05094e-08
-4.74038e-08
0.000567826
3.08771e-09
-4.64883e-08
0.000580801
1.74081e-08
-4.93991e-08
0.000580801
3.3342e-08
-5.4584e-08
0.000567827
5.07154e-08
-5.76449e-08
0.00054266
6.94022e-08
-5.89304e-08
0.000506836
-6.18022e-08
0.000462496
9.03116e-08
-6.0905e-08
-9.7563e-08
0.00043295
7.99761e-08
-4.59339e-08
-8.90709e-08
0.000476769
-3.03724e-08
-8.04921e-08
0.00051205
-1.31276e-08
-7.55513e-08
0.000536755
4.64436e-09
-7.56417e-08
0.000549468
2.21316e-08
-7.82806e-08
0.000549468
3.89335e-08
-8.23519e-08
0.000536755
5.51444e-08
-8.41283e-08
0.00051205
7.12455e-08
-8.42848e-08
0.000476769
-8.74062e-08
0.00043295
8.86984e-08
-6.0424e-08
-1.18709e-07
0.000399835
7.41586e-08
-4.87635e-08
-1.09209e-07
0.000443288
-3.37761e-08
-1.04961e-07
0.000478117
-1.476e-08
-1.04664e-07
0.000502423
5.52787e-09
-1.06388e-07
0.000514905
2.49479e-08
-1.08212e-07
0.000514906
4.23506e-08
-1.09929e-07
0.000502423
5.7691e-08
-1.08912e-07
0.000478118
7.1536e-08
-1.06627e-07
0.000443288
-1.09321e-07
0.000399835
8.59533e-08
-5.97108e-08
-1.3557e-07
0.000366185
6.98437e-08
-4.97186e-08
-1.26953e-07
0.000409294
-3.5058e-08
-1.28295e-07
0.000443682
-1.54801e-08
-1.33502e-07
0.000467596
5.82099e-09
-1.37277e-07
0.000479852
2.61329e-08
-1.38179e-07
0.000479852
4.39095e-08
-1.36987e-07
0.000467596
5.87257e-08
-1.3233e-07
0.000443682
7.10035e-08
-1.26711e-07
0.000409294
-1.28578e-07
0.000366185
8.34529e-08
-5.88199e-08
-1.48931e-07
0.000332438
6.61578e-08
-4.97082e-08
-1.43019e-07
0.000375207
-3.52724e-08
-1.50537e-07
0.000409153
-1.57195e-08
-1.6144e-07
0.000432676
5.84586e-09
-1.6758e-07
0.000444707
2.66102e-08
-1.67642e-07
0.000444707
4.46649e-08
-1.63392e-07
0.000432676
5.9079e-08
-1.5458e-07
0.000409153
7.00049e-08
-1.44683e-07
0.000375207
-1.45085e-07
0.000332438
8.04895e-08
-5.78345e-08
-1.58338e-07
0.000298681
6.19676e-08
-4.95722e-08
-1.57523e-07
0.000341108
-3.52545e-08
-1.71796e-07
0.000374608
-1.5815e-08
-1.88376e-07
0.000397739
5.87131e-09
-1.97067e-07
0.000409545
2.7048e-08
-1.9652e-07
0.000409545
4.53943e-08
-1.89253e-07
0.000397739
5.94497e-08
-1.75695e-07
0.000374608
6.87179e-08
-1.60195e-07
0.000341108
-1.57537e-07
0.000298681
7.58542e-08
-5.69627e-08
-1.62791e-07
0.000264938
5.67954e-08
-4.97888e-08
-1.70124e-07
0.000307019
-3.54569e-08
-1.92236e-07
0.000340067
-1.59665e-08
-2.14468e-07
0.000362802
5.98772e-09
-2.25874e-07
0.000374381
2.76666e-08
-2.25052e-07
0.000374381
4.64159e-08
-2.14652e-07
0.000362802
6.01909e-08
-1.95653e-07
0.000340067
6.72585e-08
-1.72744e-07
0.000307019
-1.63735e-07
0.000264938
6.88178e-08
-5.6413e-08
-1.60792e-07
0.000231232
5.04967e-08
-5.03074e-08
-1.80828e-07
0.000272966
-3.58471e-08
-2.12055e-07
0.000305551
-1.61834e-08
-2.39897e-07
0.00032788
6.10331e-09
-2.5421e-07
0.000339225
2.83029e-08
-2.53319e-07
0.000339225
4.74313e-08
-2.39584e-07
0.00032788
6.1017e-08
-2.14616e-07
0.000305551
6.60652e-08
-1.82518e-07
0.000272966
-1.60854e-07
0.000231232
5.9184e-08
-5.28655e-08
0.000197599
4.26355e-08
-4.82055e-08
0.000238989
-3.47675e-08
0.000271093
-1.58522e-08
0.000292998
5.95259e-09
0.000304101
2.78094e-08
0.000304101
4.59905e-08
0.000292998
5.70547e-08
0.000271093
5.89774e-08
0.000238989
0.000197599
4.71276e-08
-4.11886e-08
-4.52452e-08
0.000452369
6.71249e-08
-1.9324e-08
-4.3592e-08
0.000497808
-7.46573e-09
-3.57093e-08
0.00053456
-2.50279e-09
-3.04148e-08
0.000560425
7.66496e-10
-2.97107e-08
0.000573773
6.35656e-09
-3.19901e-08
0.000573773
1.66825e-08
-3.58995e-08
0.000560426
3.07148e-08
-3.80633e-08
0.00053456
4.76236e-08
-3.86888e-08
0.000497808
-4.02453e-08
0.000452369
6.8626e-08
-4.69037e-08
-8.59001e-08
0.000462514
6.98192e-08
-2.96063e-08
-8.08897e-08
0.000506857
-1.64452e-08
-7.11186e-08
0.000542683
-6.19059e-09
-6.43541e-08
0.00056785
3.22502e-09
-6.35889e-08
0.000580826
1.33514e-08
-6.66282e-08
0.000580826
2.54733e-08
-7.16392e-08
0.00056785
3.96069e-08
-7.43356e-08
0.000542683
5.58089e-08
-7.49767e-08
0.000506857
-7.72434e-08
0.000462513
7.51538e-08
-4.63103e-08
-1.19389e-07
0.000432966
6.36663e-08
-3.39995e-08
-1.11516e-07
0.000476787
-2.18715e-08
-1.03685e-07
0.000512071
-8.66956e-09
-9.93896e-08
0.000536777
4.83895e-09
-9.98009e-08
0.000549491
1.80308e-08
-1.02538e-07
0.000549491
3.08544e-08
-1.06343e-07
0.000536777
4.36143e-08
-1.07524e-07
0.000512071
5.70169e-08
-1.06752e-07
0.000476788
-1.09011e-07
0.000432966
7.27252e-08
-4.51483e-08
-1.45826e-07
0.00039985
5.69863e-08
-3.63867e-08
-1.37104e-07
0.000443305
-2.50326e-08
-1.33879e-07
0.000478136
-1.01589e-08
-1.34436e-07
0.000502443
5.75281e-09
-1.36617e-07
0.000514926
2.07592e-08
-1.38502e-07
0.000514926
3.402e-08
-1.39841e-07
0.000502443
4.57291e-08
-1.38016e-07
0.000478136
5.66967e-08
-1.34571e-07
0.000443305
-1.36252e-07
0.00039985
6.92396e-08
-4.37574e-08
-1.67169e-07
0.000366198
5.1882e-08
-3.68346e-08
-1.59365e-07
0.000409309
-2.59812e-08
-1.61943e-07
0.000443699
-1.06977e-08
-1.68191e-07
0.000467614
6.05337e-09
-1.72515e-07
0.000479871
2.17807e-08
-1.73441e-07
0.000479871
3.52384e-08
-1.71774e-07
0.000467614
4.62599e-08
-1.66152e-07
0.000443699
5.55167e-08
-1.5922e-07
0.000409309
-1.60066e-07
0.000366198
6.6026e-08
-4.21341e-08
-1.84241e-07
0.00033245
4.73912e-08
-3.62304e-08
-1.79038e-07
0.000375221
-2.57778e-08
-1.87905e-07
0.000409168
-1.07189e-08
-1.99969e-07
0.000432692
6.07364e-09
-2.06704e-07
0.000444724
2.20416e-08
-2.06755e-07
0.000444724
3.55809e-08
-2.01971e-07
0.000432693
4.60292e-08
-1.92113e-07
0.000409168
5.37961e-08
-1.80843e-07
0.000375221
-1.80375e-07
0.00033245
6.22943e-08
-4.03919e-08
-1.96575e-07
0.000298692
4.2358e-08
-3.5474e-08
-1.96243e-07
0.00034112
-2.5315e-08
-2.11873e-07
0.000374622
-1.0584e-08
-2.29643e-07
0.000397754
6.09305e-09
-2.38922e-07
0.00040956
2.22512e-08
-2.38341e-07
0.00040956
3.58812e-08
-2.30532e-07
0.000397754
4.57966e-08
-2.15924e-07
0.000374622
5.17512e-08
-1.99073e-07
0.00034112
-1.95835e-07
0.000298692
5.68083e-08
-3.88197e-08
-2.03118e-07
0.000264947
3.6331e-08
-3.51219e-08
-2.10652e-07
0.00030703
-2.51e-08
-2.34041e-07
0.000340079
-1.05177e-08
-2.57388e-07
0.000362816
6.20751e-09
-2.6932e-07
0.000374394
2.26602e-08
-2.68453e-07
0.000374394
3.65086e-08
-2.57553e-07
0.000362816
4.59878e-08
-2.37578e-07
0.000340079
4.95736e-08
-2.13403e-07
0.00030703
-2.04149e-07
0.000264947
4.88543e-08
-3.7696e-08
-2.02244e-07
0.000231239
2.91579e-08
-3.51584e-08
-2.22326e-07
0.000272975
-2.51199e-08
-2.54663e-07
0.000305561
-1.05388e-08
-2.83421e-07
0.000327891
6.32435e-09
-2.98146e-07
0.000339237
2.31127e-08
-2.97207e-07
0.000339237
3.71779e-08
-2.83063e-07
0.000327891
4.63479e-08
-2.57295e-07
0.000305561
4.77799e-08
-2.24074e-07
0.000272975
-2.02316e-07
0.000231239
3.82177e-08
-3.36375e-08
0.000197605
2.03893e-08
-3.25504e-08
0.000238997
-2.36583e-08
0.000271102
-1.00093e-08
0.000293007
6.16838e-09
0.000304111
2.24174e-08
0.000304111
3.5346e-08
0.000293007
4.18157e-08
0.000271102
4.00568e-08
0.000238997
0.000197605
2.5069e-08
-1.47159e-08
-6.12603e-08
0.000452407
3.79436e-08
1.1712e-09
-5.91597e-08
0.000497852
7.37101e-09
-5.36647e-08
0.000534607
5.21774e-09
-4.83516e-08
0.000560476
6.15949e-10
-4.77333e-08
0.000573825
-1.09229e-09
-5.05278e-08
0.000573825
1.56378e-09
-5.33448e-08
0.000560476
9.18407e-09
-5.5189e-08
0.000534608
2.13613e-08
-5.52883e-08
0.000497851
-5.63258e-08
0.000452407
3.96392e-08
-1.95227e-08
-1.16167e-07
0.000462549
3.91063e-08
-7.30388e-09
-1.11375e-07
0.000506897
-1.36584e-09
-1.03655e-07
0.000542726
1.82986e-09
-9.83168e-08
0.000567897
3.19502e-09
-9.74144e-08
0.000580874
5.10961e-09
-1.00795e-07
0.000580874
9.76526e-09
-1.048e-07
0.000567897
1.74168e-08
-1.06787e-07
0.000542727
2.86422e-08
-1.06462e-07
0.000506897
-1.07692e-07
0.000462549
4.48482e-08
-1.77196e-08
-1.61867e-07
0.000432998
3.12993e-08
-1.06797e-08
-1.55013e-07
0.000476824
-5.51551e-09
-1.49336e-07
0.000512111
-3.16614e-10
-1.46707e-07
0.00053682
4.87079e-09
-1.47386e-07
0.000549536
9.58496e-09
-1.50307e-07
0.000549536
1.46895e-08
-1.53197e-07
0.00053682
2.06823e-08
-1.53292e-07
0.000512111
2.87385e-08
-1.51094e-07
0.000476824
-1.51827e-07
0.000432998
4.08914e-08
-1.53643e-08
-1.98798e-07
0.000399879
2.31442e-08
-1.22539e-08
-1.9169e-07
0.000443338
-8.10578e-09
-1.90813e-07
0.000478174
-1.51509e-09
-1.93203e-07
0.000502483
5.82445e-09
-1.96039e-07
0.000514968
1.21673e-08
-1.98021e-07
0.000514968
1.7419e-08
-1.98449e-07
0.000502483
2.2067e-08
-1.95213e-07
0.000478174
2.73293e-08
-1.89897e-07
0.000443338
-1.89692e-07
0.000399879
3.59852e-08
-1.2766e-08
-2.29003e-07
0.000366225
1.66214e-08
-1.1881e-08
-2.23107e-07
0.00040934
-8.52073e-09
-2.28249e-07
0.000443733
-1.74136e-09
-2.36504e-07
0.000467651
6.14872e-09
-2.41756e-07
0.000479909
1.29724e-08
-2.42739e-07
0.000479909
1.81118e-08
-2.40128e-07
0.000467651
2.17588e-08
-2.32838e-07
0.000443733
2.49818e-08
-2.23673e-07
0.00040934
-2.22479e-07
0.000366225
3.13645e-08
-9.81042e-09
-2.53337e-07
0.000332474
1.06225e-08
-1.03087e-08
-2.50013e-07
0.000375248
-7.67048e-09
-2.61603e-07
0.000409199
-1.40058e-09
-2.7581e-07
0.000432726
6.19037e-09
-2.83646e-07
0.000444759
1.2941e-08
-2.83738e-07
0.000444759
1.78104e-08
-2.77982e-07
0.000432726
2.05273e-08
-2.66276e-07
0.000409199
2.19251e-08
-2.52538e-07
0.000375248
-2.50136e-07
0.000332474
2.60937e-08
-6.63179e-09
-2.71339e-07
0.000298712
3.97348e-09
-8.44979e-09
-2.72572e-07
0.000341144
-6.44993e-09
-2.90957e-07
0.000374649
-8.47158e-10
-3.10927e-07
0.000397784
6.24296e-09
-3.21386e-07
0.000409591
1.28109e-08
-3.2084e-07
0.000409591
1.738e-08
-3.12065e-07
0.000397784
1.91763e-08
-2.95516e-07
0.000374649
1.84103e-08
-2.76108e-07
0.000341144
-2.7128e-07
0.000298712
1.88895e-08
-3.62343e-09
-2.81904e-07
0.000264965
-3.75185e-09
-6.9394e-09
-2.90531e-07
0.000307051
-5.3942e-09
-3.16548e-07
0.000340103
-3.02092e-10
-3.42018e-07
0.000362842
6.40896e-09
-3.55096e-07
0.000374421
1.28476e-08
-3.54268e-07
0.000374421
1.72184e-08
-3.42459e-07
0.000362842
1.82146e-08
-3.20591e-07
0.000340103
1.47555e-08
-2.93928e-07
0.000307051
-2.83488e-07
0.000264965
9.05917e-09
-1.18571e-09
-2.83314e-07
0.000231255
-1.26454e-08
-5.83704e-09
-3.04113e-07
0.000272994
-4.50483e-09
-3.38774e-07
0.000305582
2.20462e-10
-3.69343e-07
0.000327914
6.59127e-09
-3.85021e-07
0.000339261
1.28844e-08
-3.8412e-07
0.000339261
1.70453e-08
-3.69227e-07
0.000327914
1.7451e-08
-3.41851e-07
0.000305582
1.15979e-08
-3.06376e-07
0.000272994
-2.83807e-07
0.000231255
-3.34228e-09
3.99872e-09
0.000197618
-2.32855e-08
-2.00429e-09
0.000239013
-2.02597e-09
0.000271119
1.41094e-09
0.000293027
6.48741e-09
0.000304131
1.16831e-08
0.000304131
1.42233e-08
0.000293027
1.16259e-08
0.000271119
2.69408e-09
0.000239013
0.000197618
-1.84405e-08
3.91314e-08
-9.19779e-08
0.000452481
-2.13144e-08
4.66644e-08
-9.3424e-08
0.000497937
3.93052e-08
-8.73527e-08
0.000534702
2.14542e-08
-8.29121e-08
0.000560577
6.62133e-10
-8.3175e-08
0.000573929
-1.74236e-08
-8.5723e-08
0.000573929
-2.88648e-08
-8.92282e-08
0.000560577
-3.36984e-08
-8.97707e-08
0.000534702
-3.13819e-08
-8.8139e-08
0.000497937
-8.67904e-08
0.000452481
-1.89704e-08
3.5727e-08
-1.74609e-07
0.000462618
-2.27442e-08
3.76118e-08
-1.74293e-07
0.000506976
3.08384e-08
-1.67692e-07
0.000542814
1.83468e-08
-1.63117e-07
0.00056799
3.35028e-09
-1.63823e-07
0.00058097
-1.06866e-08
-1.67352e-07
0.00058097
-2.12547e-08
-1.71278e-07
0.00056799
-2.67054e-08
-1.71327e-07
0.000542814
-2.56641e-08
-1.68287e-07
0.000506976
-1.6593e-07
0.000462618
-1.61173e-08
3.94441e-08
-2.444e-07
0.000433061
-3.29207e-08
3.52505e-08
-2.42299e-07
0.000476896
2.66736e-08
-2.39092e-07
0.000512191
1.64941e-08
-2.38327e-07
0.000536906
5.09842e-09
-2.40786e-07
0.000549624
-6.56906e-09
-2.44053e-07
0.000549624
-1.72177e-08
-2.46082e-07
0.000536906
-2.48921e-08
-2.43654e-07
0.000512191
-2.76479e-08
-2.37849e-07
0.000476896
-2.34094e-07
0.000433061
-2.27178e-08
4.36402e-08
-3.0205e-07
0.000399936
-4.34097e-08
3.49725e-08
-2.99749e-07
0.000443404
2.48995e-08
-3.02552e-07
0.000478247
1.56818e-08
-3.07814e-07
0.000502562
6.07281e-09
-3.12616e-07
0.000515049
-4.50432e-09
-3.14981e-07
0.000515049
-1.54213e-08
-3.13968e-07
0.000502562
-2.49432e-08
-3.07652e-07
0.000478247
-3.10741e-08
-2.97925e-07
0.000443405
-2.92615e-07
0.000399936
-3.0132e-08
4.82712e-08
-3.49716e-07
0.000366276
-5.24176e-08
3.69621e-08
-3.48502e-07
0.0004094
2.55885e-08
-3.58223e-07
0.0004438
1.59593e-08
-3.7012e-07
0.000467723
6.38093e-09
-3.77536e-07
0.000479984
-4.32031e-09
-3.78859e-07
0.000479984
-1.58061e-08
-3.74459e-07
0.000467723
-2.68586e-08
-3.63601e-07
0.0004438
-3.55643e-08
-3.49404e-07
0.0004094
-3.42871e-07
0.000366277
-3.72628e-08
5.36022e-08
-3.88383e-07
0.00033252
-6.11419e-08
4.04529e-08
-3.89262e-07
0.000375302
2.77539e-08
-4.0596e-07
0.000409259
1.69326e-08
-4.24337e-07
0.000432791
6.404e-09
-4.34484e-07
0.000444826
-5.03954e-09
-4.34857e-07
0.000444826
-1.73755e-08
-4.27144e-07
0.000432791
-2.99721e-08
-4.11512e-07
0.000409259
-4.10724e-08
-3.92374e-07
0.000375302
-3.84945e-07
0.00033252
-4.52467e-08
5.9368e-08
-4.17639e-07
0.000298753
-7.07105e-08
4.43923e-08
-4.22156e-07
0.000341192
3.04333e-08
-4.45824e-07
0.000374703
1.82239e-08
-4.7022e-07
0.000397842
6.46049e-09
-4.83038e-07
0.000409651
-5.88837e-09
-4.8273e-07
0.000409651
-1.92109e-08
-4.71965e-07
0.000397842
-3.33898e-08
-4.51328e-07
0.000374703
-4.72567e-08
-4.26433e-07
0.000341192
-4.17516e-07
0.000298753
-5.53523e-08
6.49246e-08
-4.36323e-07
0.000265
-8.14225e-08
4.79858e-08
-4.47012e-07
0.000307093
3.30349e-08
-4.78173e-07
0.000340151
1.9594e-08
-5.07962e-07
0.000362893
6.66051e-09
-5.23284e-07
0.000374475
-6.59757e-09
-5.22665e-07
0.000374475
-2.08578e-08
-5.08973e-07
0.000362893
-3.64479e-08
-4.8316e-07
0.000340151
-5.35789e-08
-4.51198e-07
0.000307093
-4.38099e-07
0.000265
-6.81936e-08
6.96239e-08
-4.42263e-07
0.000231284
-9.35638e-08
5.11153e-08
-4.64377e-07
0.00027303
3.55579e-08
-5.03638e-07
0.000305623
2.10261e-08
-5.379e-07
0.000327958
6.89339e-09
-5.55474e-07
0.000339307
-7.37547e-09
-5.54751e-07
0.000339307
-2.25994e-08
-5.38287e-07
0.000327958
-3.92532e-08
-5.07578e-07
0.000305623
-5.90759e-08
-4.67416e-07
0.00027303
-4.43011e-07
0.000231285
-8.41111e-08
7.69628e-08
0.000197643
-1.078e-07
5.72255e-08
0.000239043
3.9873e-08
0.000271154
2.31731e-08
0.000293065
6.83554e-09
0.000304171
-9.51398e-09
0.000304171
-2.72028e-08
0.000293065
-4.74279e-08
0.000271154
-7.04307e-08
0.000239043
0.000197643
-1.03036e-07
1.45193e-07
-1.48655e-07
0.000452624
-1.394e-07
1.32727e-07
-1.55894e-07
0.000498106
9.97482e-08
-1.5245e-07
0.000534887
5.24553e-08
-1.49767e-07
0.000560774
7.51964e-10
-1.51482e-07
0.000574132
-4.82669e-08
-1.54031e-07
0.000574132
-8.85937e-08
-1.56784e-07
0.000560774
-1.18918e-07
-1.5511e-07
0.000534888
-1.37062e-07
-1.50115e-07
0.000498105
-1.42894e-07
0.000452624
-1.37073e-07
1.45628e-07
-2.85072e-07
0.000462754
-1.45391e-07
1.26497e-07
-2.91981e-07
0.000507131
9.31545e-08
-2.90338e-07
0.000542985
5.04834e-08
-2.89404e-07
0.000568172
3.50107e-09
-2.92713e-07
0.000581158
-4.2539e-08
-2.96253e-07
0.000581158
-8.30537e-08
-2.9852e-07
0.000568172
-1.1485e-07
-2.94394e-07
0.000542985
-1.34923e-07
-2.85319e-07
0.000507131
-2.75191e-07
0.000462754
-1.38706e-07
1.53542e-07
-4.02088e-07
0.000433186
-1.6127e-07
1.27131e-07
-4.08357e-07
0.000477039
9.09979e-08
-4.12405e-07
0.00051235
4.97478e-08
-4.17142e-07
0.000537075
5.28356e-09
-4.23061e-07
0.000549799
-3.94396e-08
-4.26392e-07
0.000549799
-8.1159e-08
-4.25848e-07
0.000537075
-1.16211e-07
-4.17519e-07
0.00051235
-1.41023e-07
-4.03385e-07
0.000477039
-3.90376e-07
0.000433186
-1.50496e-07
1.6166e-07
-5.00862e-07
0.00040005
-1.76918e-07
1.298e-07
-5.07903e-07
0.000443536
9.12409e-08
-5.19965e-07
0.000478393
4.99965e-08
-5.32344e-07
0.000502718
6.29519e-09
-5.41253e-07
0.000515211
-3.83802e-08
-5.43712e-07
0.000515211
-8.14281e-08
-5.3933e-07
0.000502718
-1.19324e-07
-5.25681e-07
0.000478393
-1.48389e-07
-5.05797e-07
0.000443536
-4.90227e-07
0.00040005
-1.62678e-07
1.7047e-07
-5.83754e-07
0.00036638
-1.90825e-07
1.35094e-07
-5.92201e-07
0.00040952
9.42209e-08
-6.12625e-07
0.000443934
5.14369e-08
-6.32857e-07
0.000467866
6.62505e-09
-6.44841e-07
0.000480132
-3.93186e-08
-6.46271e-07
0.000480132
-8.40886e-08
-6.3787e-07
0.000467866
-1.24573e-07
-6.18639e-07
0.000443934
-1.57093e-07
-5.93055e-07
0.00040952
-5.76054e-07
0.00036638
-1.746e-07
1.80489e-07
-6.51783e-07
0.000332612
-2.04717e-07
1.42367e-07
-6.61679e-07
0.00037541
9.90266e-08
-6.89828e-07
0.00040938
5.37455e-08
-7.17264e-07
0.00043292
6.65996e-09
-7.32233e-07
0.000444961
-4.13467e-08
-7.32714e-07
0.000444961
-8.82524e-08
-7.20599e-07
0.00043292
-1.31453e-07
-6.96e-07
0.00040938
-1.67334e-07
-6.6491e-07
0.00037541
-6.47845e-07
0.000332612
-1.8779e-07
1.91199e-07
-7.04475e-07
0.000298834
-2.19729e-07
1.50303e-07
-7.16373e-07
0.000341288
1.04536e-07
-7.51518e-07
0.000374811
5.64885e-08
-7.85128e-07
0.000397958
6.73078e-09
-8.02768e-07
0.000409772
-4.36178e-08
-8.02558e-07
0.000409772
-9.28547e-08
-7.87284e-07
0.000397958
-1.38835e-07
-7.57594e-07
0.000374811
-1.78507e-07
-7.20844e-07
0.000341288
-7.04132e-07
0.000298834
-2.03467e-07
2.01507e-07
-7.40423e-07
0.00026507
-2.36009e-07
1.57764e-07
-7.56226e-07
0.000307176
1.09983e-07
-7.98238e-07
0.000340245
5.93621e-08
-8.36698e-07
0.000362995
6.9535e-09
-8.56497e-07
0.000374581
-4.57878e-08
-8.55956e-07
0.000374581
-9.7268e-08
-8.38033e-07
0.000362995
-1.45716e-07
-8.03715e-07
0.000340245
-1.89618e-07
-7.60597e-07
0.000307176
-7.42136e-07
0.00026507
-2.22045e-07
2.10399e-07
-7.56655e-07
0.000231344
-2.5414e-07
1.64516e-07
-7.82286e-07
0.000273102
1.15356e-07
-8.31039e-07
0.000305705
6.23559e-08
-8.72501e-07
0.000328047
7.21429e-09
-8.93749e-07
0.000339399
-4.80694e-08
-8.93077e-07
0.000339399
-1.01788e-07
-8.73138e-07
0.000328047
-1.52089e-07
-8.35368e-07
0.000305705
-1.99287e-07
-7.85471e-07
0.000273102
-7.57321e-07
0.000231345
-2.44131e-07
2.21491e-07
0.000197693
-2.75059e-07
1.74566e-07
0.000239104
1.22796e-07
0.000271224
6.62178e-08
0.000293141
7.17878e-09
0.00030425
-5.18686e-08
0.00030425
-1.09478e-07
0.000293141
-1.64253e-07
0.000271224
-2.14547e-07
0.000239104
0.000197693
-2.6989e-07
3.49929e-07
-2.62937e-07
0.000452906
-3.68972e-07
2.97447e-07
-2.82351e-07
0.00049844
2.15032e-07
-2.85917e-07
0.000535256
1.11584e-07
-2.87838e-07
0.000561165
6.535e-10
-2.92039e-07
0.000574535
-1.07513e-07
-2.94613e-07
0.000574535
-2.0349e-07
-2.95284e-07
0.000561165
-2.83092e-07
-2.88764e-07
0.000535256
-3.4149e-07
-2.7632e-07
0.00049844
-2.56929e-07
0.000452906
-3.66517e-07
3.5686e-07
-5.0457e-07
0.000463022
-3.83134e-07
2.96508e-07
-5.27861e-07
0.000507437
2.12242e-07
-5.38629e-07
0.000543321
1.11813e-07
-5.4632e-07
0.000568531
3.56697e-09
-5.54281e-07
0.000581529
-1.03687e-07
-5.57802e-07
0.000581529
-2.01829e-07
-5.55991e-07
0.000568531
-2.84475e-07
-5.42967e-07
0.000543322
-3.45753e-07
-5.20878e-07
0.000507437
-4.94284e-07
0.000463022
-3.76269e-07
3.72584e-07
-7.12526e-07
0.00043343
-4.08328e-07
3.03318e-07
-7.37871e-07
0.000477319
2.14384e-07
-7.5886e-07
0.000512659
1.13394e-07
-7.75689e-07
0.000537405
5.4522e-09
-7.88008e-07
0.00055014
-1.02699e-07
-7.91314e-07
0.00055014
-2.04247e-07
-7.84876e-07
0.000537405
-2.92106e-07
-7.6424e-07
0.000512659
-3.59674e-07
-7.3261e-07
0.000477319
-7.00286e-07
0.00043343
-3.97333e-07
3.88161e-07
-8.89459e-07
0.000400272
-4.32685e-07
3.12035e-07
-9.172e-07
0.000443791
2.18857e-07
-9.49685e-07
0.000478677
1.15865e-07
-9.76934e-07
0.000503023
6.53393e-09
-9.93612e-07
0.000515526
-1.03759e-07
-9.96034e-07
0.000515526
-2.0874e-07
-9.84241e-07
0.000503023
-3.01317e-07
-9.5557e-07
0.000478677
-3.74569e-07
-9.1482e-07
0.000443792
-8.78278e-07
0.000400272
-4.1816e-07
4.04887e-07
-1.03874e-06
0.00036658
-4.55394e-07
3.23862e-07
-1.06809e-06
0.000409752
2.26428e-07
-1.11116e-06
0.000444192
1.19674e-07
-1.14823e-06
0.000468144
6.8831e-09
-1.16893e-06
0.00048042
-1.07049e-07
-1.17029e-06
0.00048042
-2.15988e-07
-1.15338e-06
0.000468144
-3.13114e-07
-1.11721e-06
0.000444192
-3.91245e-07
-1.06865e-06
0.000409752
-1.03052e-06
0.00036658
-4.38858e-07
4.23762e-07
-1.16191e-06
0.00033279
-4.78832e-07
3.38425e-07
-1.19108e-06
0.000375618
2.36364e-07
-1.24271e-06
0.000409614
1.24609e-07
-1.288e-06
0.000433172
6.90714e-09
-1.31215e-06
0.000445221
-1.11734e-07
-1.31254e-06
0.000445221
-2.25284e-07
-1.29129e-06
0.000433172
-3.27285e-07
-1.24877e-06
0.000409614
-4.1038e-07
-1.19394e-06
0.000375618
-1.15748e-06
0.000332791
-4.61606e-07
4.43778e-07
-1.25853e-06
0.000298991
-5.03991e-07
3.53932e-07
-1.28616e-06
0.000341473
2.47236e-07
-1.34426e-06
0.000375019
1.30107e-07
-1.39569e-06
0.000398183
6.95087e-09
-1.42244e-06
0.000410005
-1.16812e-07
-1.42211e-06
0.000410005
-2.35254e-07
-1.39767e-06
0.000398183
-3.4223e-07
-1.35009e-06
0.000375019
-4.30881e-07
-1.29017e-06
0.000341473
-1.2577e-06
0.000298991
-4.87471e-07
4.62977e-07
-1.32667e-06
0.000265206
-5.30715e-07
3.68554e-07
-1.35346e-06
0.000307338
2.57902e-07
-1.41674e-06
0.000340429
1.35709e-07
-1.47174e-06
0.000363193
7.1324e-09
-1.49992e-06
0.000374787
-1.21782e-07
-1.49925e-06
0.000374787
-2.44899e-07
-1.47283e-06
0.000363194
-3.56264e-07
-1.42188e-06
0.000340429
-4.50889e-07
-1.35726e-06
0.000307338
-1.32787e-06
0.000265206
-5.16538e-07
4.79611e-07
-1.36166e-06
0.00023146
-5.60175e-07
3.8178e-07
-1.39483e-06
0.000273241
2.68294e-07
-1.46198e-06
0.000305864
1.414e-07
-1.5171e-06
0.000328219
7.33871e-09
-1.54516e-06
0.000339579
-1.26855e-07
-1.54437e-06
0.000339579
-2.54471e-07
-1.51749e-06
0.000328219
-3.69088e-07
-1.46596e-06
0.000305864
-4.6821e-07
-1.39742e-06
0.000273241
-1.36172e-06
0.00023146
-5.49962e-07
4.97185e-07
0.000197789
-5.9376e-07
3.98488e-07
0.000239222
2.8097e-07
0.00027136
1.48077e-07
0.000293288
7.2476e-09
0.000304403
-1.33563e-07
0.000304403
-2.67466e-07
0.000293288
-3.88042e-07
0.00027136
-4.9014e-07
0.000239222
0.000197789
-5.88321e-07
7.76281e-07
-4.67752e-07
0.000453449
-8.51193e-07
6.38796e-07
-5.09033e-07
0.000499087
4.53159e-07
-5.26595e-07
0.000535968
2.33511e-07
-5.37837e-07
0.000561922
1.91004e-10
-5.46821e-07
0.000575315
-2.30198e-07
-5.49648e-07
0.000575315
-4.41747e-07
-5.45817e-07
0.000561923
-6.2418e-07
-5.29759e-07
0.000535968
-7.67626e-07
-5.02946e-07
0.000499086
-4.61545e-07
0.000453449
-8.48611e-07
7.9857e-07
-9.10311e-07
0.00046355
-8.83898e-07
6.50742e-07
-9.64892e-07
0.00050804
4.59805e-07
-1.00108e-06
0.000543987
2.38979e-07
-1.02662e-06
0.00056924
3.43766e-09
-1.04383e-06
0.000582261
-2.31055e-07
-1.0475e-06
0.000582261
-4.49379e-07
-1.03691e-06
0.00056924
-6.38531e-07
-1.00584e-06
0.000543987
-7.87229e-07
-9.57848e-07
0.00050804
-8.99759e-07
0.00046355
-8.76813e-07
8.31778e-07
-1.30341e-06
0.00043392
-9.29097e-07
6.71734e-07
-1.36743e-06
0.000477881
4.71974e-07
-1.424e-06
0.000513281
2.45913e-07
-1.46636e-06
0.000538071
5.53767e-09
-1.49184e-06
0.000550829
-2.34963e-07
-1.49523e-06
0.000550829
-4.61632e-07
-1.47601e-06
0.000538071
-6.60345e-07
-1.42969e-06
0.000513281
-8.18666e-07
-1.36206e-06
0.000477881
-1.29091e-06
0.00043392
-9.17871e-07
8.63866e-07
-1.6486e-06
0.000400725
-9.72017e-07
6.93955e-07
-1.72005e-06
0.000444314
4.85932e-07
-1.79607e-06
0.000479257
2.53372e-07
-1.85497e-06
0.000503644
6.77382e-09
-1.88795e-06
0.000516169
-2.40728e-07
-1.89037e-06
0.000516169
-4.75464e-07
-1.86249e-06
0.000503644
-6.83037e-07
-1.80202e-06
0.000479257
-8.50108e-07
-1.71743e-06
0.000444314
-1.63718e-06
0.000400725
-9.57287e-07
8.97725e-07
-1.94546e-06
0.000366992
-1.01346e-06
7.19916e-07
-2.02e-06
0.000410229
5.03408e-07
-2.11152e-06
0.000444724
2.62307e-07
-2.18438e-06
0.000468715
7.17798e-09
-2.22348e-06
0.000481011
-2.49046e-07
-2.22475e-06
0.000481011
-4.92547e-07
-2.18948e-06
0.000468715
-7.08937e-07
-2.11738e-06
0.000444724
-8.83935e-07
-2.02017e-06
0.000410229
-1.93699e-06
0.000366992
-9.96769e-07
9.35497e-07
-2.19331e-06
0.00033316
-1.05717e-06
7.50015e-07
-2.2647e-06
0.000376049
5.24232e-07
-2.36639e-06
0.000410094
2.72842e-07
-2.44939e-06
0.000433688
7.20193e-09
-2.49289e-06
0.000445756
-2.5934e-07
-2.49311e-06
0.000445756
-5.12716e-07
-2.45243e-06
0.000433688
-7.38608e-07
-2.37202e-06
0.000410094
-9.21978e-07
-2.26701e-06
0.000376049
-2.18858e-06
0.00033316
-1.03985e-06
9.7528e-07
-2.39066e-06
0.000299317
-1.10381e-06
7.81619e-07
-2.45313e-06
0.000341855
5.46481e-07
-2.55975e-06
0.000375447
2.84216e-07
-2.6484e-06
0.000398644
7.21512e-09
-2.69421e-06
0.000410484
-2.70357e-07
-2.69369e-06
0.000410484
-5.34072e-07
-2.65001e-06
0.000398644
-7.69627e-07
-2.56497e-06
0.000375447
-9.62258e-07
-2.4564e-06
0.000341855
-2.38941e-06
0.000299317
-1.08726e-06
1.0134e-06
-2.53439e-06
0.000265489
-1.15259e-06
8.11561e-07
-2.58576e-06
0.000307673
5.68301e-07
-2.69331e-06
0.000340805
2.95675e-07
-2.78231e-06
0.0003636
7.33519e-09
-2.82775e-06
0.000375209
-2.81296e-07
-2.82689e-06
0.000375209
-5.54903e-07
-2.78297e-06
0.0003636
-7.98954e-07
-2.69774e-06
0.000340805
-1.00117e-06
-2.58864e-06
0.000307673
-2.53501e-06
0.000265489
-1.1384e-06
1.04672e-06
-2.6167e-06
0.000231701
-1.20584e-06
8.38842e-07
-2.66633e-06
0.00027353
5.89533e-07
-2.77075e-06
0.000306191
3.07194e-07
-2.85317e-06
0.000328573
7.44455e-09
-2.89488e-06
0.000339946
-2.92375e-07
-2.89393e-06
0.000339946
-5.75393e-07
-2.85317e-06
0.000328573
-8.25762e-07
-2.77407e-06
0.000306191
-1.03497e-06
-2.66796e-06
0.00027353
-2.6159e-06
0.000231701
-1.19552e-06
1.07869e-06
0.000197991
-1.26575e-06
8.70176e-07
0.000239467
6.13608e-07
0.000271638
3.19965e-07
0.00029359
7.21555e-09
0.000304717
-3.05446e-07
0.000304717
-6.00006e-07
0.00029359
-8.59612e-07
0.000271638
-1.07156e-06
0.000239467
0.000197991
-1.25993e-06
1.52451e-06
-9.37212e-07
0.000454547
-1.68531e-06
1.2418e-06
-1.02441e-06
0.000500394
8.75514e-07
-1.07041e-06
0.000537405
4.50429e-07
-1.09983e-06
0.000563447
-7.92199e-10
-1.11797e-06
0.000576884
-4.48842e-07
-1.12131e-06
0.000576884
-8.64955e-07
-1.1089e-06
0.000563448
-1.22731e-06
-1.07426e-06
0.000537405
-1.51573e-06
-1.01839e-06
0.000500393
-9.30285e-07
0.000454546
-1.68281e-06
1.56933e-06
-1.78962e-06
0.000464581
-1.74765e-06
1.27355e-06
-1.90558e-06
0.000509217
8.97031e-07
-1.99033e-06
0.000545283
4.6422e-07
-2.049e-06
0.000570622
2.99931e-09
-2.08324e-06
0.000583687
-4.57246e-07
-2.08734e-06
0.000583687
-8.87202e-07
-2.06058e-06
0.000570622
-1.26165e-06
-1.99607e-06
0.000545283
-1.55812e-06
-1.89866e-06
0.000509217
-1.77818e-06
0.00046458
-1.74052e-06
1.63156e-06
-2.5196e-06
0.000434846
-1.82724e-06
1.31856e-06
-2.65481e-06
0.000478944
9.26546e-07
-2.77522e-06
0.000514458
4.80454e-07
-2.86254e-06
0.000539331
5.42836e-09
-2.91112e-06
0.000552131
-4.69795e-07
-2.91483e-06
0.000552131
-9.16521e-07
-2.87324e-06
0.00053933
-1.3076e-06
-2.7818e-06
0.000514458
-1.61884e-06
-2.6496e-06
0.000478943
-2.50644e-06
0.000434845
-1.81607e-06
1.69242e-06
-3.14218e-06
0.000401558
-1.90273e-06
1.36461e-06
-3.29039e-06
0.000445277
9.57559e-07
-3.44151e-06
0.000480331
4.96932e-07
-3.55455e-06
0.000504796
6.88913e-09
-3.61536e-06
0.000517363
-4.84171e-07
-3.61797e-06
0.000517363
-9.47195e-07
-3.56272e-06
0.000504796
-1.35412e-06
-3.44804e-06
0.000480331
-1.67918e-06
-3.2879e-06
0.000445277
-3.1304e-06
0.000401558
-1.88826e-06
1.7568e-06
-3.6698e-06
0.00036774
-1.9772e-06
1.416e-06
-3.8217e-06
0.000411102
9.93139e-07
-3.99555e-06
0.000445701
5.15301e-07
-4.1291e-06
0.000469767
7.36444e-09
-4.19944e-06
0.000482103
-5.01768e-07
-4.20072e-06
0.000482103
-9.82251e-07
-4.13446e-06
0.000469767
-1.40538e-06
-4.00168e-06
0.000445701
-1.74356e-06
-3.82193e-06
0.000411102
-3.66114e-06
0.00036774
-1.96099e-06
1.82861e-06
-4.10828e-06
0.000333827
-2.05682e-06
1.47431e-06
-4.25117e-06
0.000376832
1.03393e-06
-4.43781e-06
0.000410977
5.36163e-07
-4.58489e-06
0.000434642
7.3911e-09
-4.66137e-06
0.000446747
-5.22351e-07
-4.66149e-06
0.000446747
-1.02231e-06
-4.5879e-06
0.000434642
-1.46314e-06
-4.44344e-06
0.000410977
-1.81562e-06
-4.25343e-06
0.000376832
-4.10339e-06
0.000333827
-2.04022e-06
1.90428e-06
-4.45741e-06
0.000299904
-2.14196e-06
1.53523e-06
-4.57847e-06
0.000342551
1.07694e-06
-4.76784e-06
0.000376236
5.58283e-07
-4.92022e-06
0.000399498
7.38821e-09
-4.99877e-06
0.000411372
-5.44117e-07
-4.99812e-06
0.000411372
-1.06437e-06
-4.92166e-06
0.000399498
-1.52335e-06
-4.77285e-06
0.000376236
-1.89175e-06
-4.58151e-06
0.000342551
-4.4558e-06
0.000299904
-2.12633e-06
1.97689e-06
-4.71158e-06
0.000265997
-2.23086e-06
1.59279e-06
-4.80388e-06
0.000308282
1.11868e-06
-4.98782e-06
0.0003415
5.80173e-07
-5.13579e-06
0.000364354
7.46161e-09
-5.21134e-06
0.000375994
-5.65537e-07
-5.21035e-06
0.000375994
-1.10509e-06
-5.13627e-06
0.000364354
-1.58019e-06
-4.99192e-06
0.0003415
-1.96508e-06
-4.80626e-06
0.000308282
-4.71146e-06
0.000265997
-2.21762e-06
2.04011e-06
-4.85531e-06
0.000232133
-2.328e-06
1.64427e-06
-4.93273e-06
0.000274055
1.15816e-06
-5.10328e-06
0.000306792
6.01411e-07
-5.23445e-06
0.000329228
7.46252e-09
-5.30072e-06
0.000340629
-5.86508e-07
-5.29967e-06
0.000340629
-1.14388e-06
-5.23433e-06
0.000329228
-1.63104e-06
-5.10627e-06
0.000306792
-2.0284e-06
-4.9337e-06
0.000274055
-4.85324e-06
0.000232133
-2.3183e-06
2.09613e-06
0.000198351
-2.43696e-06
1.69857e-06
0.000239912
1.19972e-06
0.000272151
6.23368e-07
0.00029415
7.03333e-09
0.000305301
-6.09133e-07
0.000305301
-1.18618e-06
0.00029415
-1.68814e-06
0.000272151
-2.08924e-06
0.000239912
0.000198351
-2.43087e-06
3.3506e-06
-1.69673e-06
0.000456641
-3.74767e-06
2.70439e-06
-1.87368e-06
0.000502914
1.89452e-06
-1.98059e-06
0.000540195
9.72573e-07
-2.05132e-06
0.000566421
-1.34442e-09
-2.08973e-06
0.000579948
-9.72031e-07
-2.09331e-06
0.000579948
-1.8849e-06
-2.0606e-06
0.000566421
-2.69143e-06
-1.98362e-06
0.000540195
-3.34473e-06
-1.86601e-06
0.000502913
-1.68658e-06
0.000456639
-3.75086e-06
3.46498e-06
-3.36679e-06
0.000466679
-3.8938e-06
2.79538e-06
-3.61256e-06
0.000511626
1.9601e-06
-3.80823e-06
0.000547946
1.01027e-06
-3.94601e-06
0.000573467
2.73576e-09
-4.02067e-06
0.000586626
-1.00399e-06
-4.02486e-06
0.000586626
-1.95119e-06
-3.95779e-06
0.000573467
-2.78506e-06
-3.81276e-06
0.000547946
-3.45651e-06
-3.60249e-06
0.000511625
-3.35e-06
0.000466678
-3.89123e-06
3.61545e-06
-4.90345e-06
0.000436841
-4.07476e-06
2.91171e-06
-5.20494e-06
0.00048124
2.04003e-06
-5.48388e-06
0.000517006
1.05276e-06
-5.68625e-06
0.000542058
5.19191e-09
-5.79413e-06
0.000554952
-1.04274e-06
-5.79784e-06
0.000554952
-2.03097e-06
-5.69695e-06
0.000542058
-2.90227e-06
-5.48898e-06
0.000517006
-3.60501e-06
-5.19571e-06
0.00048124
-4.88374e-06
0.000436841
-4.06694e-06
3.75828e-06
-6.295e-06
0.000403436
-4.24432e-06
3.02345e-06
-6.63553e-06
0.000447443
2.11665e-06
-6.98198e-06
0.000482736
1.09266e-06
-7.23814e-06
0.000507373
6.65532e-09
-7.37289e-06
0.000520028
-1.08052e-06
-7.37548e-06
0.000520028
-2.10716e-06
-7.24615e-06
0.000507372
-3.01424e-06
-6.98685e-06
0.000482736
-3.74681e-06
-6.62847e-06
0.000447443
-6.27583e-06
0.000403436
-4.2324e-06
3.90235e-06
-7.50827e-06
0.00036946
-4.4085e-06
3.1388e-06
-7.85918e-06
0.000413089
2.19632e-06
-8.24843e-06
0.00044791
1.1335e-06
-8.5419e-06
0.000472134
7.11847e-09
-8.69487e-06
0.000484551
-1.12054e-06
-8.69607e-06
0.000484551
-2.18611e-06
-8.54697e-06
0.000472133
-3.12912e-06
-8.25283e-06
0.00044791
-3.89049e-06
-7.85439e-06
0.000413089
-7.49125e-06
0.00036946
-4.39457e-06
4.05795e-06
-8.52524e-06
0.000335366
-4.58059e-06
3.26425e-06
-8.85033e-06
0.000378617
2.28348e-06
-9.25494e-06
0.000412964
1.178e-06
-9.56689e-06
0.000436772
7.16063e-09
-9.72848e-06
0.000448951
-1.16466e-06
-9.72853e-06
0.000448951
-2.27228e-06
-9.56962e-06
0.000436772
-3.25364e-06
-9.25877e-06
0.000412964
-4.04605e-06
-8.84707e-06
0.000378617
-8.51086e-06
0.000335366
-4.56625e-06
4.21969e-06
-9.33786e-06
0.000301259
-4.762e-06
3.39361e-06
-9.60235e-06
0.000344129
2.3742e-06
-9.99671e-06
0.000377997
1.22467e-06
-1.03073e-05
0.000401388
7.20501e-09
-1.04673e-05
0.000413328
-1.21086e-06
-1.04667e-05
0.000413328
-2.36181e-06
-1.03087e-05
0.000401388
-3.3819e-06
-9.99989e-06
0.000377997
-4.20789e-06
-9.59931e-06
0.000344129
-9.32551e-06
0.000301259
-4.74838e-06
4.37493e-06
-9.93646e-06
0.000267171
-4.95032e-06
3.51644e-06
-1.01198e-05
0.000309658
2.46288e-06
-1.04833e-05
0.00034304
1.27122e-06
-1.07704e-05
0.000366009
7.31281e-09
-1.09169e-05
0.000377708
-1.25681e-06
-1.09162e-05
0.000377708
-2.44924e-06
-1.07711e-05
0.000366009
-3.50355e-06
-1.04858e-05
0.00034304
-4.36314e-06
-1.01158e-05
0.000309658
-9.92464e-06
0.000267171
-4.93802e-06
4.51321e-06
-1.02948e-05
0.000233135
-5.15659e-06
3.6298e-06
-1.04203e-05
0.000275239
2.54941e-06
-1.07323e-05
0.000308121
1.31772e-06
-1.09683e-05
0.000330658
7.28367e-09
-1.10872e-05
0.000342109
-1.30306e-06
-1.10865e-05
0.000342109
-2.53495e-06
-1.09688e-05
0.000330657
-3.61559e-06
-1.07343e-05
0.000308121
-4.4999e-06
-1.04154e-05
0.000275238
-1.02809e-05
0.000233135
-5.14538e-06
4.64411e-06
0.000199187
-5.38932e-06
3.75731e-06
0.000240912
2.64649e-06
0.000273279
1.36933e-06
0.000295365
6.9139e-09
0.00030656
-1.35514e-06
0.00030656
-2.63251e-06
0.000295364
-3.74536e-06
0.000273279
-4.63419e-06
0.000240912
0.000199186
-5.37735e-06
6.20275e-06
-4.04896e-06
0.000461314
-6.82655e-06
5.06411e-06
-4.37446e-06
0.000508427
3.57825e-06
-4.59656e-06
0.000546278
1.84881e-06
-4.7478e-06
0.000572898
-3.30362e-09
-4.82787e-06
0.000586628
-1.85154e-06
-4.83193e-06
0.000586629
-3.57231e-06
-4.75592e-06
0.000572898
-5.0562e-06
-4.59767e-06
0.000546277
-6.20448e-06
-4.36443e-06
0.000508426
-4.03608e-06
0.000461311
-6.84044e-06
6.45819e-06
-7.53481e-06
0.000470853
-7.14677e-06
5.27283e-06
-8.00745e-06
0.000516444
3.72813e-06
-8.40306e-06
0.000553298
1.93116e-06
-8.68431e-06
0.0005792
1.96906e-09
-8.83397e-06
0.000592561
-1.92712e-06
-8.83764e-06
0.000592561
-3.72192e-06
-8.69428e-06
0.0005792
-5.2663e-06
-8.40426e-06
0.000553297
-6.45597e-06
-7.99254e-06
0.000516443
-7.51275e-06
0.000470852
-7.15301e-06
6.72455e-06
-1.03742e-05
0.000440425
-7.46909e-06
5.48508e-06
-1.09408e-05
0.000485413
3.87684e-06
-1.14678e-05
0.000521679
2.0096e-06
-1.18532e-05
0.000547094
4.28181e-09
-1.20571e-05
0.000560181
-2.00138e-06
-1.20602e-05
0.000560181
-3.86971e-06
-1.18619e-05
0.000547094
-5.47813e-06
-1.14687e-05
0.000521679
-6.7186e-06
-1.09247e-05
0.000485412
-1.03467e-05
0.000440424
-7.46814e-06
6.97533e-06
-1.26855e-05
0.000406535
-7.7634e-06
5.68647e-06
-1.33076e-05
0.000451098
4.01832e-06
-1.39331e-05
0.000486869
2.08356e-06
-1.4401e-05
0.000511855
5.71051e-09
-1.46476e-05
0.000524696
-2.07305e-06
-1.46498e-05
0.000524696
-4.0102e-06
-1.44074e-05
0.000511855
-5.67877e-06
-1.39334e-05
0.000486869
-6.96702e-06
-1.32918e-05
0.000451098
-1.2656e-05
0.000406535
-7.75698e-06
7.23138e-06
-1.46011e-05
0.000372192
-8.04826e-06
5.89593e-06
-1.52366e-05
0.000416353
4.16619e-06
-1.59271e-05
0.000451634
2.16022e-06
-1.64549e-05
0.000476194
6.12487e-09
-1.67324e-05
0.00048879
-2.14885e-06
-1.67335e-05
0.00048879
-4.15706e-06
-1.6459e-05
0.000476193
-5.88729e-06
-1.5927e-05
0.000451634
-7.22202e-06
-1.52214e-05
0.000416353
-1.4571e-05
0.000372192
-8.03915e-06
7.51164e-06
-1.61832e-05
0.000337788
-8.35101e-06
6.12512e-06
-1.67768e-05
0.000381544
4.32759e-06
-1.74918e-05
0.000416326
2.24337e-06
-1.80502e-05
0.000440452
6.09653e-09
-1.8343e-05
0.000452799
-2.23173e-06
-1.83434e-05
0.000452799
-4.31743e-06
-1.80527e-05
0.000440452
-6.11543e-06
-1.74912e-05
0.000416326
-7.50196e-06
-1.67615e-05
0.000381544
-1.61534e-05
0.000337788
-8.34102e-06
7.80744e-06
-1.74386e-05
0.000303384
-8.677e-06
6.36269e-06
-1.79292e-05
0.000346726
4.4946e-06
-1.86257e-05
0.000380999
2.32946e-06
-1.91799e-05
0.000404683
6.01074e-09
-1.94694e-05
0.000416778
-2.31761e-06
-1.94696e-05
0.000416778
-4.48345e-06
-1.91817e-05
0.000404683
-6.35193e-06
-1.86245e-05
0.000380998
-7.79747e-06
-1.7913e-05
0.000346726
-1.74091e-05
0.000303384
-8.66676e-06
8.09736e-06
-1.83414e-05
0.000269
-9.02404e-06
6.58982e-06
-1.86857e-05
0.000311922
4.65666e-06
-1.9326e-05
0.000345673
2.41388e-06
-1.98365e-05
0.000368908
5.88459e-09
-2.01009e-05
0.000380747
-2.40192e-06
-2.01013e-05
0.000380747
-4.64466e-06
-1.98385e-05
0.000368908
-6.57788e-06
-1.93248e-05
0.000345673
-8.08632e-06
-1.86684e-05
0.000311922
-1.83116e-05
0.000269
-9.01288e-06
8.36005e-06
-1.88252e-05
0.000234672
-9.41313e-06
6.79808e-06
-1.90552e-05
0.00027717
4.81106e-06
-1.9603e-05
0.000310385
2.49544e-06
-2.00221e-05
0.000333159
5.4593e-09
-2.02367e-05
0.000344735
-2.4841e-06
-2.02376e-05
0.000344735
-4.79886e-06
-2.00252e-05
0.000333159
-6.7844e-06
-1.96032e-05
0.000310385
-8.34537e-06
-1.90387e-05
0.00027717
-1.87943e-05
0.000234671
-9.39909e-06
8.60635e-06
0.000200457
-9.86128e-06
7.02248e-06
0.000242534
4.97517e-06
0.000275192
2.5808e-06
0.000297482
4.75621e-09
0.000308785
-2.57078e-06
0.000308785
-4.96451e-06
0.000297482
-7.01146e-06
0.000275191
-8.59319e-06
0.000242534
0.000200457
-9.84078e-06
1.32152e-05
-4.89404e-06
0.000467719
-1.47269e-05
1.05796e-05
-5.6668e-06
0.00051673
7.34078e-06
-6.12077e-06
0.000555637
3.73224e-06
-6.35788e-06
0.000582864
-6.09785e-09
-6.44828e-06
0.000596815
-3.74e-06
-6.4533e-06
0.000596816
-7.33929e-06
-6.36735e-06
0.000582864
-1.05761e-05
-6.12317e-06
0.000555637
-1.32222e-05
-5.65699e-06
0.000516729
-4.88289e-06
0.000467718
-1.47461e-05
1.35139e-05
-1.08944e-05
0.000478502
-1.51619e-05
1.08851e-05
-1.19078e-05
0.000525315
7.59644e-06
-1.27076e-05
0.000563173
3.8853e-06
-1.32209e-05
0.000589774
1.0313e-09
-1.34595e-05
0.000603456
-3.88313e-06
-1.34643e-05
0.000603456
-7.59167e-06
-1.32328e-05
0.000589774
-1.08805e-05
-1.271e-05
0.000563173
-1.35157e-05
-1.18918e-05
0.000525313
-1.08731e-05
0.0004785
-1.51737e-05
1.42096e-05
-1.70202e-05
0.000448336
-1.59944e-05
1.14534e-05
-1.83098e-05
0.000494571
8.0077e-06
-1.9475e-05
0.000531892
4.10762e-06
-2.02809e-05
0.000558054
4.14833e-09
-2.06794e-05
0.000571504
-4.09956e-06
-2.06836e-05
0.000571504
-8.00049e-06
-2.02916e-05
0.000558053
-1.14471e-05
-1.94763e-05
0.000531892
-1.42068e-05
-1.82901e-05
0.00049457
-1.6991e-05
0.000448335
-1.59994e-05
1.48787e-05
-2.28994e-05
0.000414315
-1.67792e-05
1.19842e-05
-2.43874e-05
0.00046007
8.3792e-06
-2.58373e-05
0.000496836
4.30285e-06
-2.68732e-05
0.000522524
5.58509e-09
-2.7397e-05
0.000535711
-4.29231e-06
-2.74006e-05
0.000535711
-8.37062e-06
-2.68819e-05
0.000522524
-1.19767e-05
-2.58371e-05
0.000496836
-1.48735e-05
-2.43648e-05
0.000460069
-2.28646e-05
0.000414314
-1.6779e-05
1.55104e-05
-2.80993e-05
0.000379378
-1.74964e-05
1.24825e-05
-2.96135e-05
0.000424607
8.72241e-06
-3.12116e-05
0.000460769
4.47962e-06
-3.23816e-05
0.000485945
5.61331e-09
-3.29786e-05
0.000498845
-4.46888e-06
-3.29814e-05
0.000498845
-8.7133e-06
-3.23885e-05
0.000485944
-1.24745e-05
-3.121e-05
0.000460768
-1.55047e-05
-2.95879e-05
0.000424606
-2.80603e-05
0.000379377
-1.7494e-05
1.61544e-05
-3.24341e-05
0.000344175
-1.8206e-05
1.2991e-05
-3.377e-05
0.000388864
9.07176e-06
-3.53759e-05
0.00042441
4.65819e-06
-3.65844e-05
0.000449068
4.9609e-09
-3.72033e-05
0.000461677
-4.6484e-06
-3.72058e-05
0.000461677
-9.06272e-06
-3.65902e-05
0.000449068
-1.2983e-05
-3.53726e-05
0.000424409
-1.61491e-05
-3.37409e-05
0.000388863
-3.2392e-05
0.000344173
-1.82031e-05
1.68057e-05
-3.58614e-05
0.000308937
-1.89315e-05
1.35033e-05
-3.68333e-05
0.000353092
9.42652e-06
-3.83245e-05
0.000388024
4.84032e-06
-3.94817e-05
0.000412166
4.04843e-09
-4.00745e-05
0.000424485
-4.83198e-06
-4.00772e-05
0.000424485
-9.41791e-06
-3.94876e-05
0.000412166
-1.34951e-05
-3.83196e-05
0.000388023
-1.68002e-05
-3.68004e-05
0.000353091
-3.58166e-05
0.000308936
-1.89275e-05
1.74266e-05
-3.83632e-05
0.000273759
-1.96832e-05
1.39879e-05
-3.88616e-05
0.000317389
9.77333e-06
-4.01431e-05
0.000351706
5.02192e-06
-4.11534e-05
0.000375332
2.97896e-09
-4.1668e-05
0.00038736
-5.01509e-06
-4.16714e-05
0.00038736
-9.76487e-06
-4.11603e-05
0.000375331
-1.39783e-05
-4.01381e-05
0.000351705
-1.74177e-05
-3.88265e-05
0.000317387
-3.83163e-05
0.000273757
-1.96748e-05
1.79836e-05
-3.98579e-05
0.000238705
-2.0522e-05
1.44405e-05
-3.99725e-05
0.000281824
1.01181e-05
-4.0954e-05
0.000315519
5.20716e-06
-4.16997e-05
0.000338616
1.73691e-09
-4.20748e-05
0.000350347
-5.2021e-06
-4.20793e-05
0.000350347
-1.01095e-05
-4.17094e-05
0.000338615
-1.44267e-05
-4.09534e-05
0.000315517
-1.7965e-05
-3.9941e-05
0.000281823
-3.9809e-05
0.000238703
-2.05039e-05
1.85177e-05
0.000203798
-2.14855e-05
1.49651e-05
0.000246432
1.05156e-05
0.000279498
5.41929e-06
0.000302055
1.70558e-09
0.000313482
-5.41475e-06
0.000313482
-1.05087e-05
0.000302055
-1.49546e-05
0.000279497
-1.84991e-05
0.00024643
0.000203796
-2.14532e-05
3.86246e-05
-2.98141e-05
-4.19636e-05
3.20515e-05
-3.34425e-05
2.29298e-05
-3.63365e-05
1.19797e-05
-3.84147e-05
-6.87976e-09
-3.95185e-05
-1.19905e-05
-3.9523e-05
-2.29334e-05
-3.84249e-05
-3.20527e-05
-3.63422e-05
-3.86319e-05
-3.34392e-05
-2.98163e-05
-4.19719e-05
4.03235e-05
-5.30964e-05
-4.4098e-05
3.32895e-05
-5.84704e-05
2.37511e-05
-6.30899e-05
1.23897e-05
-6.64507e-05
-2.19501e-09
-6.82328e-05
-1.23937e-05
-6.82388e-05
-2.37538e-05
-6.64645e-05
-3.32922e-05
-6.3097e-05
-4.03289e-05
-5.84658e-05
-5.30987e-05
-4.41048e-05
4.16716e-05
-7.04552e-05
-4.57925e-05
3.42939e-05
-7.6607e-05
2.44007e-05
-8.21368e-05
1.27022e-05
-8.62112e-05
-8.86068e-11
-8.83664e-05
-1.27032e-05
-8.83715e-05
-2.44036e-05
-8.62239e-05
-3.42983e-05
-8.21432e-05
-4.16771e-05
-7.66021e-05
-7.04579e-05
-4.57991e-05
4.27673e-05
-8.342e-05
-4.71663e-05
3.51277e-05
-8.97241e-05
2.49473e-05
-9.56081e-05
1.29665e-05
-0.000100013
-6.18672e-11
-0.000102342
-1.29673e-05
-0.000102346
-2.49507e-05
-0.000100023
-3.51334e-05
-9.56125e-05
-4.27742e-05
-8.97186e-05
-8.34242e-05
-4.7173e-05
4.38197e-05
-9.3175e-05
-4.84183e-05
3.59522e-05
-9.91383e-05
2.55009e-05
-0.000104941
1.32394e-05
-0.000109374
-8.16844e-10
-0.000111724
-1.32414e-05
-0.000111727
-2.55051e-05
-0.000109382
-3.59588e-05
-0.000104943
-4.38284e-05
-9.91314e-05
-9.3182e-05
-4.84259e-05
4.49308e-05
-0.000100354
-4.97087e-05
3.68204e-05
-0.000105519
2.60882e-05
-0.000110862
1.35315e-05
-0.000115053
-2.0523e-09
-0.000117283
-1.35353e-05
-0.000117286
-2.60928e-05
-0.00011506
-3.68271e-05
-0.000110862
-4.49406e-05
-0.00010551
-0.000100364
-4.97179e-05
4.60459e-05
-0.000105225
-5.1066e-05
3.76596e-05
-0.000109208
2.66561e-05
-0.000113787
1.38165e-05
-0.000117491
-3.55781e-09
-0.000119472
-1.38224e-05
-0.000119476
-2.66607e-05
-0.0001175
-3.76648e-05
-0.000113786
-4.6055e-05
-0.000109197
-0.000105237
-5.10765e-05
4.70769e-05
-0.000107865
-5.24905e-05
3.83849e-05
-0.000110444
2.71537e-05
-0.000114061
1.40712e-05
-0.000117056
-5.6909e-09
-0.00011866
-1.40803e-05
-0.000118666
-2.71587e-05
-0.000117069
-3.83878e-05
-0.000114062
-4.70832e-05
-0.000110431
-0.000107876
-5.25009e-05
4.79748e-05
-0.000108195
-5.40646e-05
3.89806e-05
-0.000109473
2.7571e-05
-0.000112006
1.42863e-05
-0.000114084
-9.60899e-09
-0.000115191
-1.43029e-05
-0.0001152
-2.75818e-05
-0.000114103
-3.89854e-05
-0.000112016
-4.7979e-05
-0.000109464
-0.000108199
-5.40783e-05
4.87645e-05
-5.58212e-05
3.95763e-05
2.7961e-05
1.44729e-05
-1.75875e-08
-1.45085e-05
-2.79982e-05
-3.96155e-05
-4.88017e-05
-5.58501e-05
1.00155e-07
1.3115e-05
0.00047045
1.34637e-07
1.27371e-05
0.000513714
7.53788e-08
1.2548e-05
0.00054876
-3.19474e-08
1.24302e-05
0.000573424
-1.50505e-07
1.23656e-05
0.000586152
-2.69041e-07
1.23767e-05
0.000586141
-3.53906e-07
1.24401e-05
0.000573391
-3.78576e-07
1.25924e-05
0.000548681
-2.9389e-07
1.2914e-05
0.000513487
1.36217e-05
0.000469911
-7.77364e-08
1.07977e-07
8.5246e-06
0.000455624
1.5058e-07
8.15999e-06
0.000498182
1.01719e-07
7.93171e-06
0.000532647
-9.97482e-09
7.78678e-06
0.000556855
-1.53144e-07
7.7219e-06
0.000569321
-2.80182e-07
7.74161e-06
0.000569296
-3.60531e-07
7.84e-06
0.000556781
-3.59213e-07
8.0268e-06
0.000532547
-2.45271e-07
8.32137e-06
0.000498127
8.80755e-06
0.000455748
4.84198e-08
8.03415e-08
6.53527e-06
0.000420527
1.22579e-07
6.24556e-06
0.000462682
7.49217e-08
6.06405e-06
0.000496631
-2.95991e-08
5.95246e-06
0.000520393
-1.5665e-07
5.9082e-06
0.00053261
-2.69864e-07
5.93253e-06
0.000532591
-3.3671e-07
6.0228e-06
0.000520338
-3.22284e-07
6.18104e-06
0.000496547
-1.91376e-07
6.41164e-06
0.000462589
6.75073e-06
0.00042046
1.11363e-07
5.82975e-08
5.27422e-06
0.000387297
9.62539e-08
5.03896e-06
0.000429141
5.11377e-08
4.89814e-06
0.00046266
-4.57169e-08
4.81513e-06
0.000486042
-1.60913e-07
4.78567e-06
0.000498041
-2.6253e-07
4.81185e-06
0.000498026
-3.18957e-07
4.89065e-06
0.000485996
-2.96719e-07
5.02033e-06
0.000462588
-1.61668e-07
5.19981e-06
0.000429049
5.46175e-06
0.000387199
1.12331e-07
3.33735e-08
4.30868e-06
0.000354503
6.99855e-08
4.09872e-06
0.000396039
2.96883e-08
3.98818e-06
0.000429133
-5.83202e-08
3.92654e-06
0.000452138
-1.63414e-07
3.90797e-06
0.000463922
-2.54352e-07
3.93327e-06
0.000463908
-3.01158e-07
4.00012e-06
0.000452099
-2.72845e-07
4.10487e-06
0.00042907
-1.41083e-07
4.24668e-06
0.000395957
4.47708e-06
0.000354409
9.71836e-08
1.29792e-08
3.51302e-06
0.00032183
4.773e-08
3.3097e-06
0.000363052
1.16932e-08
3.2227e-06
0.000395718
-6.88669e-08
3.17864e-06
0.000418344
-1.64634e-07
3.16795e-06
0.00042991
-2.46171e-07
3.19056e-06
0.000429898
-2.85053e-07
3.24451e-06
0.00041831
-2.53143e-07
3.32595e-06
0.000395664
-1.27495e-07
3.438e-06
0.000362981
3.66264e-06
0.000321748
8.04142e-08
5.08935e-10
2.83885e-06
0.000289197
3.24538e-08
2.63546e-06
0.000330102
-1.47863e-09
2.56836e-06
0.000362338
-7.66323e-08
2.53917e-06
0.000384583
-1.6495e-07
2.53392e-06
0.000395931
-2.39138e-07
2.55238e-06
0.000395921
-2.72625e-07
2.59267e-06
0.000384554
-2.39993e-07
2.65179e-06
0.000362292
-1.22049e-07
2.73831e-06
0.000330042
2.96759e-06
0.000289129
6.46255e-08
-2.75196e-09
2.25926e-06
0.000256583
2.58414e-08
2.05949e-06
0.00029717
-9.03288e-09
2.01152e-06
0.000328975
-8.10825e-08
1.99387e-06
0.00035084
-1.64454e-07
1.99186e-06
0.000361969
-2.33779e-07
2.00483e-06
0.000361961
-2.64978e-07
2.03158e-06
0.000350815
-2.35376e-07
2.07015e-06
0.000328936
-1.26155e-07
2.1325e-06
0.000297119
2.36363e-06
0.000256526
5.02158e-08
5.86498e-09
1.75096e-06
0.00022398
2.91753e-08
1.57276e-06
0.000264248
-1.08028e-08
1.54517e-06
0.000295624
-8.29266e-08
1.53448e-06
0.000317108
-1.63688e-07
1.53256e-06
0.000328019
-2.30921e-07
1.53923e-06
0.000328012
-2.63956e-07
1.55421e-06
0.000317087
-2.43249e-07
1.57628e-06
0.00029559
-1.44433e-07
1.61215e-06
0.000264207
1.82657e-06
0.000223934
3.59495e-08
3.80638e-08
0.000191386
3.81311e-08
0.000231336
-1.11527e-08
0.000262281
-8.48765e-08
0.000283385
-1.63711e-07
0.000294078
-2.30918e-07
0.000294072
-2.70931e-07
0.000283368
-2.68786e-07
0.000262254
-2.06597e-07
0.000231302
0.00019135
2.15535e-08
7.39224e-08
1.26875e-05
0.000457614
1.1696e-07
1.22522e-05
0.000501419
2.62925e-08
1.20251e-05
0.000536826
-1.52567e-07
1.18523e-05
0.00056175
-3.80335e-07
1.1751e-05
0.000574628
-6.24877e-07
1.17365e-05
0.000574649
-8.48989e-07
1.18221e-05
0.000561793
-1.05819e-06
1.20586e-05
0.000536832
-1.4011e-06
1.26289e-05
0.000501201
1.40171e-05
0.000456173
-1.68051e-06
1.66102e-07
1.07146e-05
0.000457348
1.85918e-07
1.03294e-05
0.000500085
7.29311e-08
1.01079e-05
0.000534678
-1.40736e-07
9.95719e-06
0.000558964
-4.08392e-07
9.87771e-06
0.000571462
-6.83037e-07
9.88506e-06
0.000571422
-9.16965e-07
9.98316e-06
0.000558854
-1.05694e-06
1.021e-05
0.000534535
-1.0337e-06
1.06905e-05
0.000500042
1.16472e-05
0.000457818
-7.34526e-07
1.24051e-07
8.94638e-06
0.000422087
1.36119e-07
8.63289e-06
0.000464367
2.21048e-08
8.43525e-06
0.000498418
-1.82489e-07
8.30429e-06
0.00052225
-4.36833e-07
8.24097e-06
0.000534501
-6.92808e-07
8.25636e-06
0.000534476
-9.04648e-07
8.3553e-06
0.000522178
-1.02119e-06
8.56519e-06
0.000498309
-9.6196e-07
8.95683e-06
0.000464264
9.65219e-06
0.000422148
-6.55289e-07
8.63783e-08
7.51337e-06
0.000388557
9.70147e-08
7.24895e-06
0.000430515
-1.51383e-08
7.08148e-06
0.000464126
-2.14955e-07
6.97335e-06
0.000487573
-4.61551e-07
6.92487e-06
0.000499604
-7.07543e-07
6.94347e-06
0.000499585
-9.0752e-07
7.03589e-06
0.000487516
-1.01043e-06
7.22064e-06
0.000464035
-9.52742e-07
7.54211e-06
0.000430407
8.09406e-06
0.000388495
-6.89801e-07
5.52266e-08
6.29652e-06
0.000355574
6.01574e-08
6.06087e-06
0.000397222
-5.16455e-08
5.91932e-06
0.000430407
-2.49952e-07
5.83421e-06
0.000453475
-4.9193e-07
5.79807e-06
0.00046529
-7.30844e-07
5.81712e-06
0.000465274
-9.19728e-07
5.89793e-06
0.000453426
-1.01054e-06
6.05462e-06
0.000430327
-9.5764e-07
6.32538e-06
0.00039712
6.80225e-06
0.000355479
-7.35799e-07
3.08138e-08
5.22994e-06
0.000322769
2.70652e-08
5.01156e-06
0.000364105
-8.76941e-08
4.89039e-06
0.000396862
-2.8484e-07
4.82498e-06
0.00041955
-5.23008e-07
4.79929e-06
0.000431147
-7.55491e-07
4.8165e-06
0.000431131
-9.34838e-07
4.88223e-06
0.000419505
-1.01514e-06
5.00899e-06
0.00039679
-9.60361e-07
5.23799e-06
0.000364013
5.66708e-06
0.000322673
-7.50241e-07
1.27364e-08
4.28076e-06
0.00029003
-6.52984e-10
4.07783e-06
0.000331049
-1.20257e-07
3.97355e-06
0.000363375
-3.17343e-07
3.92473e-06
0.000385681
-5.51968e-07
3.90734e-06
0.000397058
-7.78546e-07
3.92062e-06
0.000397044
-9.502e-07
3.96839e-06
0.00038564
-1.02233e-06
4.06251e-06
0.00036331
-9.60023e-07
4.24836e-06
0.000330969
4.63005e-06
0.000289945
-7.39568e-07
8.75495e-10
3.43212e-06
0.000257319
-2.11017e-08
3.25064e-06
0.000298019
-1.48348e-07
3.16444e-06
0.000329912
-3.47507e-07
3.1289e-06
0.000351835
-5.79346e-07
3.1164e-06
0.000362992
-8.00683e-07
3.12334e-06
0.000362979
-9.67035e-07
3.15153e-06
0.000351798
-1.03474e-06
3.21087e-06
0.000329855
-9.63596e-07
3.34569e-06
0.000297951
3.66226e-06
0.000257248
-7.17807e-07
-7.33003e-09
2.6743e-06
0.000224621
-3.60584e-08
2.52622e-06
0.000265002
-1.72578e-07
2.46279e-06
0.000296462
-3.75824e-07
2.43736e-06
0.000318002
-6.05965e-07
2.42514e-06
0.00032894
-8.22792e-07
2.42279e-06
0.000328929
-9.8588e-07
2.43107e-06
0.00031797
-1.05249e-06
2.45502e-06
0.000296413
-9.71068e-07
2.52655e-06
0.000264944
2.75244e-06
0.000224565
-6.91934e-07
-2.35298e-08
0.000191932
-5.56458e-08
0.000231992
-1.99762e-07
0.000263021
-4.05027e-07
0.00028418
-6.31508e-07
0.000294899
-8.42574e-07
0.000294889
-1.00189e-06
0.000284152
-1.06901e-06
0.000262979
-9.86247e-07
0.000231943
0.000191886
-6.51944e-07
-1.31314e-08
8.57601e-06
0.000448941
-1.1253e-07
8.30186e-06
0.000493216
-4.2232e-07
8.10304e-06
0.000529032
-8.96427e-07
7.91195e-06
0.000554312
-1.50331e-06
7.78346e-06
0.000567452
-2.21454e-06
7.74542e-06
0.000567614
-2.99908e-06
7.83133e-06
0.000554747
-3.90668e-06
8.05408e-06
0.000529685
-5.4004e-06
8.63121e-06
0.000494063
1.06933e-05
0.00044652
-6.4404e-06
3.41883e-08
9.09082e-06
0.0004567
-1.04782e-07
8.78778e-06
0.000499738
-4.48161e-07
8.55445e-06
0.000534569
-9.65424e-07
8.3351e-06
0.000559058
-1.6189e-06
8.17543e-06
0.000571723
-2.36024e-06
8.10108e-06
0.000571808
-3.15294e-06
8.15689e-06
0.000559321
-3.99161e-06
8.43349e-06
0.000534994
-4.89231e-06
9.2177e-06
0.000500356
1.10751e-05
0.000458436
-5.89218e-06
-2.94956e-08
8.02447e-06
0.000423068
-1.89785e-07
7.722e-06
0.000465593
-5.49364e-07
7.46686e-06
0.000499865
-1.08722e-06
7.23208e-06
0.000523891
-1.76458e-06
7.05761e-06
0.000536296
-2.53863e-06
6.97672e-06
0.000536374
-3.3616e-06
7.03662e-06
0.000524121
-4.18597e-06
7.33831e-06
0.000500228
-4.95783e-06
8.14832e-06
0.000466105
9.95835e-06
0.000424094
-5.78711e-06
-8.6683e-08
6.80267e-06
0.000389728
-2.6698e-07
6.51237e-06
0.000431905
-6.4649e-07
6.25649e-06
0.000465716
-1.20494e-06
6.0268e-06
0.000489336
-1.90456e-06
5.85697e-06
0.000501504
-2.69948e-06
5.7824e-06
0.000501574
-3.53558e-06
5.84988e-06
0.000489539
-4.35481e-06
6.16203e-06
0.000466031
-5.07872e-06
6.95538e-06
0.000432323
8.60418e-06
0.000390358
-5.5878e-06
-1.53447e-07
5.63896e-06
0.000356722
-3.62367e-07
5.37366e-06
0.000398569
-7.68766e-07
5.13441e-06
0.000431936
-1.35092e-06
4.92514e-06
0.000455159
-2.06924e-06
4.77137e-06
0.000467094
-2.87375e-06
4.7069e-06
0.000467154
-3.70673e-06
4.77764e-06
0.000455331
-4.49769e-06
5.07706e-06
0.000432203
-5.15121e-06
5.81348e-06
0.000398916
7.25059e-06
0.000357158
-5.47668e-06
-2.34141e-07
4.58636e-06
0.000323845
-4.77171e-07
4.35453e-06
0.000365367
-9.12345e-07
4.14096e-06
0.00039829
-1.51661e-06
3.96014e-06
0.000421119
-2.24806e-06
3.82742e-06
0.000432822
-3.05125e-06
3.77062e-06
0.000432871
-3.85954e-06
3.83015e-06
0.00042126
-4.59396e-06
4.0895e-06
0.000398512
-5.1451e-06
4.72581e-06
0.000365652
5.90892e-06
0.000324178
-5.308e-06
-3.2758e-07
3.66065e-06
0.000291022
-6.07694e-07
3.46643e-06
0.000332218
-1.07159e-06
3.28157e-06
0.000364698
-1.69444e-06
3.1314e-06
0.000387132
-2.43242e-06
3.01981e-06
0.000398603
-3.22522e-06
2.96455e-06
0.000398643
-3.99819e-06
2.99615e-06
0.000387247
-4.65975e-06
3.18294e-06
0.000364879
-5.09129e-06
3.67477e-06
0.000332452
4.56174e-06
0.000291289
-5.08829e-06
-4.33721e-07
2.87044e-06
0.000258221
-7.51991e-07
2.71305e-06
0.000299091
-1.24426e-06
2.55675e-06
0.000331129
-1.8822e-06
2.43483e-06
0.000353169
-2.61994e-06
2.33977e-06
0.00036441
-3.39492e-06
2.27791e-06
0.000364441
-4.12821e-06
2.26684e-06
0.000353261
-4.71723e-06
2.35269e-06
0.000331275
-5.02336e-06
2.64918e-06
0.000299282
3.19874e-06
0.000258441
-4.85316e-06
-5.49255e-07
2.22208e-06
0.000225428
-9.04148e-07
2.09645e-06
0.000265973
-1.42456e-06
1.96824e-06
0.000297571
-2.07497e-06
1.86821e-06
0.000319219
-2.80537e-06
1.77916e-06
0.000330231
-3.55304e-06
1.69897e-06
0.000330256
-4.23959e-06
1.63232e-06
0.000319291
-4.75756e-06
1.59724e-06
0.000297686
-4.94627e-06
1.65489e-06
0.000266127
1.83083e-06
0.000225608
-4.62116e-06
-6.70284e-07
0.000192634
-1.05389e-06
0.000232855
-1.60041e-06
0.000264016
-2.25815e-06
0.000285276
-2.97017e-06
0.000296062
-3.67215e-06
0.00029608
-4.28966e-06
0.00028533
-4.72524e-06
0.000264102
-4.82628e-06
0.00023297
0.00019277
-4.34377e-06
-1.14293e-06
4.16455e-06
0.000445001
-1.66109e-06
4.04885e-06
0.000489685
-2.47208e-06
3.9161e-06
0.000525927
-3.52745e-06
3.75445e-06
0.000551613
-4.80592e-06
3.62873e-06
0.000565102
-6.28504e-06
3.56869e-06
0.000565525
-7.96663e-06
3.63697e-06
0.000552791
-9.84616e-06
3.72642e-06
0.000527838
-1.1994e-05
3.73285e-06
0.000492478
6.43063e-06
0.000442218
-1.41229e-05
-1.08284e-06
5.83604e-06
0.000455305
-1.67247e-06
5.62705e-06
0.00049875
-2.54676e-06
5.39613e-06
0.000533964
-3.68865e-06
5.12897e-06
0.000558826
-5.0748e-06
4.90411e-06
0.000571834
-6.67688e-06
4.77142e-06
0.000572207
-8.47747e-06
4.81862e-06
0.00055994
-1.05982e-05
5.15106e-06
0.000535691
-1.35774e-05
6.102e-06
0.000500966
1.03186e-05
0.000459126
-1.81553e-05
-1.18721e-06
5.28097e-06
0.00042394
-1.83288e-06
5.03335e-06
0.000466832
-2.77923e-06
4.74738e-06
0.00050146
-4.01309e-06
4.42936e-06
0.000525825
-5.50545e-06
4.16378e-06
0.000538528
-7.22158e-06
4.01717e-06
0.000538845
-9.13148e-06
4.10103e-06
0.000526749
-1.12686e-05
4.6068e-06
0.000502909
-1.39068e-05
6.08061e-06
0.000468764
1.07182e-05
0.000426782
-1.69946e-05
-1.33804e-06
4.3047e-06
0.000391074
-2.04428e-06
4.0598e-06
0.000433584
-3.0573e-06
3.75372e-06
0.000467723
-4.36367e-06
3.42337e-06
0.000491649
-5.93156e-06
3.15515e-06
0.000504081
-7.72193e-06
3.02792e-06
0.000504354
-9.68495e-06
3.15918e-06
0.000492443
-1.17933e-05
3.77885e-06
0.000468967
-1.40705e-05
5.4766e-06
0.000435205
9.7328e-06
0.000393108
-1.58355e-05
-1.52418e-06
3.31437e-06
0.000358151
-2.29717e-06
3.09534e-06
0.000400307
-3.37938e-06
2.79898e-06
0.000433972
-4.75287e-06
2.48426e-06
0.000457472
-6.37835e-06
2.23413e-06
0.000469641
-8.20156e-06
2.12947e-06
0.000469875
-1.01505e-05
2.28497e-06
0.000458154
-1.21361e-05
2.92615e-06
0.000435041
-1.39761e-05
4.55783e-06
0.000401675
8.11078e-06
0.000359732
-1.49272e-05
-1.7467e-06
2.447e-06
0.000325237
-2.5972e-06
2.26605e-06
0.000367047
-3.75071e-06
1.99679e-06
0.000400246
-5.18475e-06
1.71292e-06
0.000423325
-6.84992e-06
1.4864e-06
0.000435235
-8.67276e-06
1.38937e-06
0.000435434
-1.05522e-05
1.52197e-06
0.000423903
-1.23458e-05
2.07852e-06
0.000401153
-1.37981e-05
3.46151e-06
0.000368201
6.20052e-06
0.00032652
-1.42296e-05
-2.00723e-06
1.76672e-06
0.000292329
-2.94405e-06
1.62334e-06
0.000333797
-4.16706e-06
1.38374e-06
0.000366534
-5.65114e-06
1.13318e-06
0.000389196
-7.3371e-06
9.24231e-07
0.000400852
-9.13319e-06
8.10079e-07
0.000401018
-1.09114e-05
8.65999e-07
0.000389681
-1.24898e-05
1.24189e-06
0.000367294
-1.35802e-05
2.24062e-06
0.000334763
4.11466e-06
0.000293396
-1.36011e-05
-2.30973e-06
1.31503e-06
0.000259421
-3.33756e-06
1.19064e-06
0.000300551
-4.62515e-06
9.70374e-07
0.00033283
-6.14622e-06
7.44739e-07
0.000355079
-7.83329e-06
5.38271e-07
0.000366483
-9.5814e-06
3.7838e-07
0.000366621
-1.12436e-05
3.08703e-07
0.00035548
-1.26099e-05
4.24806e-07
0.000333458
-1.33658e-05
9.30234e-07
0.000301349
1.91703e-06
0.000260302
-1.30289e-05
-2.63738e-06
1.11403e-06
0.000226508
-3.75734e-06
9.80472e-07
0.000267303
-5.107e-06
7.63403e-07
0.000299127
-6.65409e-06
5.43726e-07
0.000320968
-8.32239e-06
3.1343e-07
0.000332124
-9.99998e-06
7.47205e-08
0.000332237
-1.15333e-05
-1.61736e-07
0.000321295
-1.26987e-05
-3.6285e-07
0.000299639
-1.31573e-05
-4.33987e-07
0.00026795
-3.61484e-07
0.000227219
-1.24901e-05
-2.9292e-06
0.00019358
-4.13862e-06
0.000234043
-5.55855e-06
0.000265419
-7.127e-06
0.000286856
-8.75253e-06
0.00029777
-1.03207e-05
0.00029786
-1.16854e-05
0.000287116
-1.26472e-05
0.000265825
-1.28924e-05
0.000234552
0.000194128
-1.19087e-05
-4.06204e-06
1.00951e-06
0.000444946
-5.30987e-06
9.73348e-07
0.00048996
-6.82218e-06
9.09898e-07
0.000526529
-8.54922e-06
8.29994e-07
0.00055251
-1.04726e-05
7.78501e-07
0.000566247
-1.25803e-05
7.74492e-07
0.000566858
-1.48739e-05
8.33401e-07
0.000554252
-1.71283e-05
7.32058e-07
0.000529361
-1.86877e-05
-4.86482e-09
0.000494043
3.51985e-06
0.000443557
-2.3546e-05
-3.84308e-06
1.91143e-06
0.000455405
-5.17048e-06
1.8107e-06
0.00049924
-6.79402e-06
1.67632e-06
0.000534821
-8.68188e-06
1.51548e-06
0.000560028
-1.08155e-05
1.41304e-06
0.000573333
-1.31887e-05
1.42302e-06
0.000573932
-1.58522e-05
1.63637e-06
0.0005618
-1.90276e-05
2.00804e-06
0.00053759
-2.40234e-05
3.06876e-06
0.000502888
1.12084e-05
0.00046045
-3.30352e-05
-3.99966e-06
1.28834e-06
0.000425634
-5.44227e-06
1.18212e-06
0.000468904
-7.20235e-06
1.01137e-06
0.000503885
-9.25151e-06
8.18085e-07
0.000528571
-1.15658e-05
7.10478e-07
0.000541545
-1.41233e-05
7.6172e-07
0.000542063
-1.69293e-05
1.10314e-06
0.000530088
-2.02924e-05
2.00299e-06
0.000506277
-2.49187e-05
4.38947e-06
0.00047207
1.33017e-05
0.000429769
-2.99982e-05
-4.32189e-06
4.36008e-07
0.000393086
-5.86853e-06
3.55218e-07
0.000435958
-7.74031e-06
1.71401e-07
0.000470435
-9.91052e-06
-2.49422e-08
0.000494662
-1.23398e-05
-1.2173e-07
0.000507342
-1.49943e-05
-2.4771e-08
0.000507795
-1.7858e-05
4.29248e-07
0.000495981
-2.10225e-05
1.62405e-06
0.000472511
-2.45532e-05
4.47347e-06
0.000438651
1.22098e-05
0.000396248
-2.66007e-05
-4.66482e-06
-2.9291e-07
0.000360156
-6.31632e-06
-3.44707e-07
0.000402658
-8.29185e-06
-5.27129e-07
0.000436646
-1.05581e-05
-7.15654e-07
0.000460429
-1.30656e-05
-7.99317e-07
0.000472826
-1.57584e-05
-6.75883e-07
0.000473219
-1.85665e-05
-1.83182e-07
0.000461575
-2.13807e-05
1.03376e-06
0.000438446
-2.39624e-05
3.77321e-06
0.000404956
9.853e-06
0.000362726
-2.46001e-05
-5.04011e-06
-7.76042e-07
0.000327131
-6.81258e-06
-7.98868e-07
0.000369273
-8.89742e-06
-9.77302e-07
0.000402781
-1.12515e-05
-1.16304e-06
0.000426126
-1.38082e-05
-1.25369e-06
0.000438246
-1.64805e-05
-1.15384e-06
0.000438584
-1.91463e-05
-7.25197e-07
0.000427111
-2.15822e-05
2.98092e-07
0.000404324
-2.33357e-05
2.49914e-06
0.000371228
7.02836e-06
0.000329271
-2.32629e-05
-5.46709e-06
-9.45694e-07
0.000294068
-7.37246e-06
-9.54662e-07
0.000335858
-9.56472e-06
-1.14265e-06
0.000368892
-1.19928e-05
-1.3445e-06
0.000391805
-1.457e-05
-1.47849e-06
0.000403653
-1.71755e-05
-1.47116e-06
0.000403941
-1.96448e-05
-1.21664e-06
0.000392641
-2.1718e-05
-5.33027e-07
0.000370198
-2.28955e-05
9.33607e-07
0.000337506
3.89402e-06
0.00029586
-2.22253e-05
-5.95813e-06
-7.53179e-07
0.000260985
-7.99969e-06
-7.91095e-07
0.000302429
-1.02882e-05
-1.01821e-06
0.000334994
-1.27689e-05
-1.26589e-06
0.000357481
-1.53374e-05
-1.48844e-06
0.000369062
-1.78448e-05
-1.64554e-06
0.000369303
-2.0088e-05
-1.67362e-06
0.00035818
-2.1793e-05
-1.45205e-06
0.000336082
-2.24936e-05
-8.11544e-07
0.000303795
6.17879e-07
0.000262466
-2.13823e-05
-6.50037e-06
-1.80123e-07
0.000227888
-8.67367e-06
-3.05345e-07
0.000268991
-1.1047e-05
-6.07818e-07
0.00030109
-1.35573e-05
-9.42839e-07
0.000323155
-1.60884e-05
-1.3056e-06
0.000334473
-1.84759e-05
-1.69248e-06
0.000334671
-2.04945e-05
-2.09067e-06
0.000323731
-2.18439e-05
-2.44548e-06
0.000301982
-2.21311e-05
-2.67469e-06
0.0002701
-2.71282e-06
0.000229081
-2.06625e-05
-7.02444e-06
0.000194775
-9.31629e-06
0.00023554
-1.17746e-05
0.00026718
-1.42987e-05
0.000288827
-1.67627e-05
0.000299885
-1.89994e-05
0.000300045
-2.07997e-05
0.000289289
-2.18752e-05
0.000267895
-2.18042e-05
0.000236423
0.000195704
-1.99618e-05
-5.79134e-06
-6.30813e-07
0.000447
-7.44695e-06
-6.05194e-07
0.00049222
-9.27883e-06
-5.81285e-07
0.000528943
-1.1227e-05
-5.44352e-07
0.000555003
-1.32557e-05
-4.76831e-07
0.000568752
-1.53471e-05
-3.72298e-07
0.000569322
-1.74904e-05
-2.56512e-07
0.000556652
-1.927e-05
-4.8593e-07
0.000531626
-1.95363e-05
-1.83811e-06
0.000496147
2.7709e-06
0.000448224
-2.69744e-05
-6.00177e-06
-9.63843e-07
0.000457284
-7.80696e-06
-9.38984e-07
0.000501379
-9.82401e-06
-9.00721e-07
0.000537157
-1.19996e-05
-8.3719e-07
0.000562496
-1.43015e-05
-7.00099e-07
0.000575858
-1.67231e-05
-4.54689e-07
0.000576436
-1.93134e-05
-6.7039e-08
0.000564201
-2.2505e-05
4.25958e-07
0.00053987
-2.80205e-05
1.45901e-06
0.000505106
1.19531e-05
0.000461973
-3.87261e-05
-6.47841e-06
-1.78191e-06
0.0004281
-8.41018e-06
-1.74453e-06
0.000471641
-1.0555e-05
-1.70156e-06
0.000506831
-1.28699e-05
-1.6084e-06
0.000531657
-1.53205e-05
-1.40355e-06
0.000544699
-1.7895e-05
-1.02903e-06
0.000545212
-2.06551e-05
-3.81513e-07
0.000533162
-2.39635e-05
7.8763e-07
0.000509224
-2.88307e-05
3.57099e-06
0.000474825
1.46614e-05
0.00043198
-3.37508e-05
-6.8562e-06
-2.49502e-06
0.00039555
-8.89485e-06
-2.44473e-06
0.000438697
-1.11442e-05
-2.40761e-06
0.00047339
-1.356e-05
-2.29601e-06
0.000497765
-1.60995e-05
-2.04284e-06
0.000510521
-1.87359e-05
-1.57348e-06
0.000510975
-2.14831e-05
-7.46676e-07
0.000499093
-2.44686e-05
7.92185e-07
0.000475491
-2.78058e-05
4.13594e-06
0.000441424
1.3169e-05
0.000398621
-2.86873e-05
-7.2009e-06
-2.93473e-06
0.000362456
-9.34711e-06
-2.87476e-06
0.000405235
-1.17014e-05
-2.85218e-06
0.000439445
-1.42062e-05
-2.74451e-06
0.000463382
-1.68016e-05
-2.48188e-06
0.00047586
-1.94329e-05
-1.98304e-06
0.00047626
-2.20491e-05
-1.10378e-06
0.000464548
-2.45829e-05
4.91505e-07
0.00044128
-2.66872e-05
3.62028e-06
0.000407577
1.03139e-05
0.000365015
-2.61209e-05
-7.57011e-06
-3.03529e-06
0.000329217
-9.84081e-06
-2.9689e-06
0.000371638
-1.23091e-05
-2.97608e-06
0.000405373
-1.48998e-05
-2.90541e-06
0.000428878
-1.75274e-05
-2.69135e-06
0.000441083
-2.00999e-05
-2.25702e-06
0.000441431
-2.25045e-05
-1.47817e-06
0.00042989
-2.45471e-05
-9.93602e-08
0.000406958
-2.57808e-05
2.44328e-06
0.000373639
7.02044e-06
0.000331384
-2.46005e-05
-7.98667e-06
-2.76102e-06
0.000295925
-1.03935e-05
-2.69924e-06
0.000337995
-1.29755e-05
-2.76211e-06
0.00037126
-1.56396e-05
-2.77265e-06
0.000394337
-1.82728e-05
-2.67802e-06
0.000406273
-2.07444e-05
-2.41618e-06
0.000406572
-2.2892e-05
-1.89264e-06
0.000395203
-2.44757e-05
-9.26497e-07
0.000372609
-2.50136e-05
8.02789e-07
0.000339684
3.63539e-06
0.000297747
-2.35151e-05
-8.45724e-06
-2.08572e-06
0.000262612
-1.10034e-05
-2.05911e-06
0.000304335
-1.36867e-05
-2.21728e-06
0.000337132
-1.64008e-05
-2.36191e-06
0.000359784
-1.90105e-05
-2.46191e-06
0.000371455
-2.13526e-05
-2.4789e-06
0.000371707
-2.3226e-05
-2.35304e-06
0.000360514
-2.43703e-05
-1.96082e-06
0.000338261
-2.44077e-05
-1.10071e-06
0.000305735
2.36997e-07
0.000264114
-2.26565e-05
-8.98996e-06
-9.90119e-07
0.000229291
-1.16731e-05
-1.05638e-06
0.000270671
-1.44362e-05
-1.36503e-06
0.000303001
-1.71703e-05
-1.70231e-06
0.00032523
-1.97293e-05
-2.06716e-06
0.000336637
-2.19327e-05
-2.45018e-06
0.000336846
-2.3556e-05
-2.83273e-06
0.000325834
-2.43186e-05
-3.14492e-06
0.000303929
-2.38686e-05
-3.26049e-06
0.00027181
-3.17357e-06
0.000230497
-2.18738e-05
-9.5871e-06
0.00019597
-1.23799e-05
0.000237011
-1.52028e-05
0.000268874
-1.79304e-05
0.000290679
-2.04171e-05
0.000301823
-2.24868e-05
0.000301993
-2.39233e-05
0.000291169
-2.44438e-05
0.000269625
-2.36917e-05
0.000237925
0.000196918
-2.12882e-05
-5.10755e-06
-9.5282e-07
0.000449206
-6.49221e-06
-9.43184e-07
0.000494548
-7.96666e-06
-9.10702e-07
0.000531328
-9.48197e-06
-8.51083e-07
0.000557369
-1.09971e-05
-7.63377e-07
0.00057103
-1.24749e-05
-6.58215e-07
0.000571458
-1.38205e-05
-6.19819e-07
0.000558617
-1.4584e-05
-9.80097e-07
0.00053337
-1.28161e-05
-3.2198e-06
0.000497599
-1.64319e-06
0.000452425
-1.53742e-05
-5.6505e-06
-1.62824e-06
0.000459369
-7.19104e-06
-1.63558e-06
0.000503611
-8.83789e-06
-1.57582e-06
0.000539469
-1.05481e-05
-1.4579e-06
0.000564813
-1.22865e-05
-1.27238e-06
0.000578106
-1.40348e-05
-1.019e-06
0.000578545
-1.58137e-05
-7.48173e-07
0.000566108
-1.78933e-05
-5.90704e-07
0.00054156
-2.18991e-05
-6.64822e-07
0.000506557
6.51023e-06
0.000463093
-3.11725e-05
-5.95519e-06
-2.29086e-06
0.00043024
-7.57848e-06
-2.31263e-06
0.000473941
-9.29897e-06
-2.249e-06
0.000509224
-1.10793e-05
-2.09021e-06
0.00053407
-1.28828e-05
-1.82697e-06
0.000547058
-1.46915e-05
-1.44667e-06
0.000547449
-1.65488e-05
-9.46612e-07
0.000535218
-1.87397e-05
-2.36629e-07
0.000511061
-2.22802e-05
1.31938e-06
0.000476381
9.18488e-06
0.000432999
-2.59735e-05
-6.14163e-06
-2.75976e-06
0.000397545
-7.82496e-06
-2.79296e-06
0.000440861
-9.60376e-06
-2.74057e-06
0.00047566
-1.14304e-05
-2.56689e-06
0.000500069
-1.32601e-05
-2.26016e-06
0.000512784
-1.50636e-05
-1.79757e-06
0.00051313
-1.68571e-05
-1.13962e-06
0.00050108
-1.87533e-05
-1.12204e-07
0.000477263
-2.0942e-05
2.00668e-06
0.000442925
8.14704e-06
0.000399738
-2.10212e-05
-6.31044e-06
-2.97062e-06
0.00036425
-8.05931e-06
-3.01612e-06
0.000407207
-9.9036e-06
-2.98771e-06
0.000441537
-1.17806e-05
-2.82824e-06
0.00046552
-1.36279e-05
-2.5246e-06
0.000477972
-1.53938e-05
-2.0483e-06
0.000478276
-1.7048e-05
-1.34539e-06
0.000466408
-1.85626e-05
-2.48856e-07
0.000442932
-1.97452e-05
1.79503e-06
0.000408971
6.01097e-06
0.000366106
-1.87002e-05
-6.51238e-06
-2.90033e-06
0.000330803
-8.34456e-06
-2.95477e-06
0.000373409
-1.0269e-05
-2.96478e-06
0.000407275
-1.22034e-05
-2.85504e-06
0.000430839
-1.4063e-05
-2.61303e-06
0.000443031
-1.57676e-05
-2.20966e-06
0.000443297
-1.72407e-05
-1.59316e-06
0.000431611
-1.83735e-05
-6.36465e-07
0.000408478
-1.88686e-05
1.01575e-06
0.000374913
3.63338e-06
0.000332392
-1.74989e-05
-6.75601e-06
-2.53998e-06
0.000297308
-8.68112e-06
-2.6011e-06
0.000339567
-1.06887e-05
-2.66827e-06
0.000372971
-1.2676e-05
-2.64937e-06
0.000396118
-1.4535e-05
-2.53461e-06
0.000408054
-1.61572e-05
-2.29843e-06
0.000408283
-1.74287e-05
-1.89876e-06
0.000396781
-1.8205e-05
-1.24624e-06
0.000373995
-1.82108e-05
-1.2793e-07
0.000340834
1.29817e-06
0.000298651
-1.67799e-05
-7.03221e-06
-1.88647e-06
0.0002638
-9.05233e-06
-1.95853e-06
0.000305713
-1.11354e-05
-2.10805e-06
0.000338655
-1.3161e-05
-2.2258e-06
0.000361386
-1.50017e-05
-2.30525e-06
0.000373067
-1.65256e-05
-2.32724e-06
0.00037326
-1.75925e-05
-2.26194e-06
0.000361944
-1.80474e-05
-2.04116e-06
0.00033951
-1.76792e-05
-1.52e-06
0.000306759
-9.42729e-07
0.000264905
-1.62289e-05
-7.3534e-06
-9.32164e-07
0.000230298
-9.46988e-06
-1.03829e-06
0.000271867
-1.16118e-05
-1.30855e-06
0.000304344
-1.36527e-05
-1.61091e-06
0.000326656
-1.54587e-05
-1.94232e-06
0.00033808
-1.68863e-05
-2.29417e-06
0.00033824
-1.77789e-05
-2.65319e-06
0.000327117
-1.797e-05
-2.96689e-06
0.000305046
-1.72908e-05
-3.10515e-06
0.000272716
-3.19569e-06
0.000231182
-1.57235e-05
-7.77388e-06
0.000196821
-9.97546e-06
0.000238051
-1.21539e-05
0.000270054
-1.41857e-05
0.00029194
-1.59476e-05
0.000303106
-1.73033e-05
0.000303237
-1.80973e-05
0.000292317
-1.81494e-05
0.000270626
-1.72692e-05
0.000238736
0.000197521
-1.54186e-05
-3.46603e-06
-7.41904e-07
0.000450767
-4.32933e-06
-7.58394e-07
0.00049617
-5.21625e-06
-7.39938e-07
0.000532955
-6.08982e-06
-6.94761e-07
0.000558937
-6.90532e-06
-6.35385e-07
0.000572481
-7.6043e-06
-5.88649e-07
0.000572745
-8.0387e-06
-6.59027e-07
0.000559711
-7.66626e-06
-1.25181e-06
0.000534249
-4.18076e-06
-4.14863e-06
0.000498262
-7.78619e-06
0.000454726
1.30469e-06
-3.94441e-06
-1.31422e-06
0.00046088
-4.9182e-06
-1.36323e-06
0.00050519
-5.91524e-06
-1.33114e-06
0.000541057
-6.90523e-06
-1.24026e-06
0.000566349
-7.85062e-06
-1.11213e-06
0.000579528
-8.71741e-06
-9.78189e-07
0.000579801
-9.47634e-06
-9.44033e-07
0.000567152
-1.021e-05
-1.33432e-06
0.000542377
-1.23146e-05
-2.58336e-06
0.000507096
-1.0677e-06
0.000463504
-1.9444e-05
-4.0139e-06
-1.73997e-06
0.000431618
-5.01643e-06
-1.81456e-06
0.000475395
-6.03683e-06
-1.787e-06
0.000510701
-7.04096e-06
-1.67368e-06
0.000535508
-7.99296e-06
-1.49978e-06
0.000548397
-8.86569e-06
-1.29491e-06
0.000548638
-9.66819e-06
-1.13594e-06
0.000536213
-1.05873e-05
-1.18747e-06
0.000511834
-1.25683e-05
-1.10566e-06
0.000476885
1.75644e-06
0.000433147
-1.55402e-05
-4.00555e-06
-1.98855e-06
0.000398749
-5.02266e-06
-2.0873e-06
0.00044215
-6.05768e-06
-2.07757e-06
0.000476986
-7.06847e-06
-1.96456e-06
0.00050137
-8.01309e-06
-1.7741e-06
0.000514003
-8.86126e-06
-1.53058e-06
0.000514214
-9.62131e-06
-1.28075e-06
0.000501985
-1.04095e-05
-1.09451e-06
0.000477959
-1.1495e-05
-4.73777e-07
0.000443379
1.66642e-06
0.00039992
-1.15865e-05
-4.01053e-06
-2.06087e-06
0.000365291
-5.05322e-06
-2.178e-06
0.00040834
-6.11726e-06
-2.1949e-06
0.000442718
-7.14804e-06
-2.10501e-06
0.000466691
-8.09319e-06
-1.93202e-06
0.000479075
-8.91278e-06
-1.69403e-06
0.000479259
-9.5966e-06
-1.41636e-06
0.000467227
-1.01856e-05
-1.12977e-06
0.000443556
-1.06351e-05
-4.31304e-07
0.000409378
7.65376e-07
0.000366295
-9.92295e-06
-4.05895e-06
-1.95997e-06
0.000331697
-5.14173e-06
-2.08683e-06
0.000374401
-6.24895e-06
-2.13748e-06
0.000408325
-7.31192e-06
-2.0939e-06
0.000431891
-8.26525e-06
-1.97618e-06
0.000444029
-9.05542e-06
-1.79617e-06
0.000444189
-9.6488e-06
-1.56702e-06
0.000432355
-1.00357e-05
-1.30757e-06
0.000409043
-1.00822e-05
-7.52498e-07
0.000375281
-2.99716e-07
0.000332575
-9.19987e-06
-4.14215e-06
-1.69144e-06
0.000298068
-5.27205e-06
-1.81781e-06
0.000340428
-6.4274e-06
-1.90896e-06
0.000373898
-7.52505e-06
-1.93559e-06
0.000397058
-8.48595e-06
-1.91286e-06
0.000408952
-9.24227e-06
-1.84648e-06
0.000409089
-9.74092e-06
-1.74227e-06
0.000397454
-9.94753e-06
-1.61186e-06
0.000374506
-9.73872e-06
-1.29382e-06
0.000341166
-1.30488e-06
0.000298821
-8.90424e-06
-4.24321e-06
-1.26218e-06
0.000264437
-5.42212e-06
-1.37764e-06
0.000306452
-6.62319e-06
-1.5173e-06
0.000339464
-7.7501e-06
-1.63905e-06
0.000362217
-8.71234e-06
-1.75056e-06
0.000373866
-9.42993e-06
-1.85132e-06
0.000373982
-9.83631e-06
-1.94119e-06
0.00036255
-9.88812e-06
-2.01912e-06
0.000339969
-9.50813e-06
-1.97295e-06
0.000307058
-2.22581e-06
0.000265061
-8.74367e-06
-4.37335e-06
-6.69922e-07
0.000230826
-5.60431e-06
-7.75544e-07
0.000272496
-6.84176e-06
-9.80105e-07
0.000305044
-7.9853e-06
-1.22192e-06
0.000327382
-8.9416e-06
-1.49936e-06
0.000338785
-9.62506e-06
-1.80818e-06
0.000338881
-9.96034e-06
-2.14487e-06
0.000327656
-9.89468e-06
-2.49536e-06
0.000305456
-9.38315e-06
-2.75461e-06
0.000272986
-3.14908e-06
0.000231327
-8.60442e-06
-4.59579e-06
0.000197264
-5.8793e-06
0.000238592
-7.13831e-06
0.000270662
-8.28094e-06
0.000292574
-9.22741e-06
0.000303724
-9.89786e-06
0.000303803
-1.0213e-05
0.000292799
-1.01017e-05
0.000270999
-9.50496e-06
0.00023899
0.000197663
-8.60094e-06
-1.95275e-06
-4.36918e-07
0.000451638
-2.386e-06
-4.63388e-07
0.000497067
-2.80843e-06
-4.64203e-07
0.000533841
-3.19512e-06
-4.48046e-07
0.000559772
-3.50731e-06
-4.31249e-07
0.000573225
-3.67119e-06
-4.57882e-07
0.000573367
-3.5441e-06
-6.05167e-07
0.000560189
-2.45413e-06
-1.42941e-06
0.000534589
1.80305e-06
-4.51949e-06
0.000498524
-1.15064e-05
0.000455673
1.2362e-05
-2.23508e-06
-8.02467e-07
0.000461743
-2.72488e-06
-8.60625e-07
0.000506077
-3.20096e-06
-8.62555e-07
0.000541931
-3.64079e-06
-8.28995e-07
0.000567169
-4.01054e-06
-7.8916e-07
0.000580255
-4.2684e-06
-8.01317e-07
0.000580402
-4.37198e-06
-9.47634e-07
0.000567599
-4.27469e-06
-1.80508e-06
0.000542655
-5.33213e-06
-3.53819e-06
0.000507173
-5.63149e-06
0.000463492
-1.11949e-05
-2.1828e-06
-1.04025e-06
0.000432341
-2.67125e-06
-1.12574e-06
0.000476148
-3.14397e-06
-1.13928e-06
0.00051145
-3.57512e-06
-1.10385e-06
0.000536214
-3.93405e-06
-1.05476e-06
0.000549022
-4.19529e-06
-1.05023e-06
0.000549148
-4.35001e-06
-1.1612e-06
0.000536581
-4.55218e-06
-1.81341e-06
0.000512044
-5.6629e-06
-2.45786e-06
0.000476915
-2.73437e-06
0.000432992
-8.40454e-06
-2.09773e-06
-1.1655e-06
0.000399346
-2.58273e-06
-1.2729e-06
0.000442782
-3.05372e-06
-1.30538e-06
0.000477623
-3.47943e-06
-1.28243e-06
0.000501974
-3.8288e-06
-1.23982e-06
0.000514537
-4.08228e-06
-1.22915e-06
0.000514646
-4.24409e-06
-1.30401e-06
0.000502289
-4.46735e-06
-1.75131e-06
0.00047812
-5.0176e-06
-1.91423e-06
0.000443385
-2.18846e-06
0.000399779
-5.42321e-06
-2.04351e-06
-1.19427e-06
0.000365786
-2.53509e-06
-1.31609e-06
0.000408875
-3.017e-06
-1.37105e-06
0.000443266
-3.45146e-06
-1.37223e-06
0.000467216
-3.8042e-06
-1.35208e-06
0.00047954
-4.05565e-06
-1.35243e-06
0.000479634
-4.2089e-06
-1.4108e-06
0.000467487
-4.37382e-06
-1.71742e-06
0.000443687
-4.55472e-06
-1.73067e-06
0.000409375
-2.28607e-06
0.000366174
-4.33668e-06
-2.02855e-06
-1.13535e-06
0.00033211
-2.53692e-06
-1.26282e-06
0.000374856
-3.0409e-06
-1.34126e-06
0.000408799
-3.49598e-06
-1.37614e-06
0.00043235
-3.86319e-06
-1.39442e-06
0.000444438
-4.11916e-06
-1.42698e-06
0.000444519
-4.2583e-06
-1.5e-06
0.000432583
-4.34999e-06
-1.73928e-06
0.000409157
-4.3116e-06
-1.76645e-06
0.000375278
-2.5097e-06
0.000332475
-3.9877e-06
-2.03903e-06
-9.95318e-07
0.000298411
-2.56954e-06
-1.1182e-06
0.000340814
-3.10106e-06
-1.21922e-06
0.000374307
-3.5823e-06
-1.29618e-06
0.000397459
-3.96878e-06
-1.36872e-06
0.000409312
-4.23134e-06
-1.45683e-06
0.000409382
-4.35593e-06
-1.5782e-06
0.000397657
-4.38412e-06
-1.81309e-06
0.000374608
-4.22963e-06
-1.9226e-06
0.000341168
-2.68921e-06
0.000298742
-3.97038e-06
-2.06028e-06
-7.79556e-07
0.000264718
-2.61555e-06
-8.8644e-07
0.000306775
-3.17593e-06
-1.00858e-06
0.000339814
-3.68387e-06
-1.13541e-06
0.000362564
-4.08989e-06
-1.27758e-06
0.000374181
-4.35895e-06
-1.44458e-06
0.000374239
-4.47094e-06
-1.64581e-06
0.000362729
-4.45058e-06
-1.92598e-06
0.000340062
-4.2433e-06
-2.13712e-06
0.000307066
-2.81397e-06
0.000265001
-4.05848e-06
-2.09859e-06
-4.85864e-07
0.000231054
-2.6834e-06
-5.7096e-07
0.000272765
-3.27015e-06
-7.17669e-07
0.00030534
-3.80046e-06
-9.02091e-07
0.000327679
-4.22415e-06
-1.12545e-06
0.000339056
-4.50285e-06
-1.38906e-06
0.000339104
-4.61175e-06
-1.695e-06
0.000327814
-4.56186e-06
-2.06045e-06
0.000305541
-4.32843e-06
-2.3841e-06
0.000273
-2.94968e-06
0.000231286
-4.15144e-06
-2.19739e-06
0.000197453
-2.81881e-06
0.000238821
-3.42681e-06
0.000270915
-3.9706e-06
0.000292829
-4.40961e-06
0.000303958
-4.70798e-06
0.000303997
-4.8355e-06
0.000292939
-4.78377e-06
0.000271079
-4.53203e-06
0.000239012
0.000197641
-4.29676e-06
-9.43946e-07
-2.10114e-07
0.000452039
-1.12017e-06
-2.33163e-07
0.000497476
-1.27623e-06
-2.43544e-07
0.000534241
-1.39485e-06
-2.48805e-07
0.00056014
-1.44685e-06
-2.62494e-07
0.000573539
-1.34753e-06
-3.44971e-07
0.000573613
-9.92493e-07
-5.2485e-07
0.000560358
3.03005e-07
-1.39693e-06
0.00053469
4.92843e-06
-4.70093e-06
0.0004986
-1.26918e-05
0.000455966
1.7328e-05
-1.07058e-06
-4.05661e-07
0.000462155
-1.26849e-06
-4.54176e-07
0.000506496
-1.44294e-06
-4.7501e-07
0.000542337
-1.57745e-06
-4.85079e-07
0.00056754
-1.64567e-06
-5.0876e-07
0.00058057
-1.60195e-06
-6.29022e-07
0.000580643
-1.42425e-06
-8.55515e-07
0.000567752
-9.16316e-07
-1.95798e-06
0.000542708
-1.7228e-06
-3.84134e-06
0.00050712
-7.13699e-06
0.000463373
-7.1588e-06
-1.00054e-06
-5.3425e-07
0.000432673
-1.19109e-06
-6.04588e-07
0.000476489
-1.35754e-06
-6.40974e-07
0.000511782
-1.48194e-06
-6.63779e-07
0.000536517
-1.54157e-06
-7.02909e-07
0.000549275
-1.51734e-06
-8.40518e-07
0.000549335
-1.40244e-06
-1.07829e-06
0.000536689
-1.32159e-06
-2.05668e-06
0.000512062
-2.18998e-06
-2.90031e-06
0.000476842
-4.29019e-06
0.000432836
-4.88151e-06
-9.25369e-07
-6.08404e-07
0.000399612
-1.11097e-06
-6.95398e-07
0.000443059
-1.27443e-06
-7.50091e-07
0.000477895
-1.39565e-06
-7.91805e-07
0.000502224
-1.45498e-06
-8.505e-07
0.000514744
-1.44735e-06
-9.96559e-07
0.000514795
-1.37526e-06
-1.22856e-06
0.000502367
-1.41461e-06
-2.01784e-06
0.00047812
-1.85165e-06
-2.38831e-06
0.00044331
-3.54302e-06
0.000399641
-2.46075e-06
-8.78145e-07
-6.3792e-07
0.000366002
-1.06594e-06
-7.35812e-07
0.000409103
-1.23546e-06
-8.08861e-07
0.000443494
-1.36473e-06
-8.72656e-07
0.000467426
-1.43542e-06
-9.53744e-07
0.000479714
-1.44774e-06
-1.10692e-06
0.000479757
-1.40817e-06
-1.32891e-06
0.000467548
-1.46787e-06
-1.9521e-06
0.000443681
-1.64059e-06
-2.14607e-06
0.000409306
-3.35345e-06
0.000366055
-1.71053e-06
-8.57637e-07
-6.27439e-07
0.000332286
-1.05428e-06
-7.29752e-07
0.000375046
-1.23784e-06
-8.19013e-07
0.000408992
-1.38469e-06
-9.05679e-07
0.000432529
-1.47668e-06
-1.01103e-06
0.000444587
-1.51431e-06
-1.174e-06
0.000444624
-1.49985e-06
-1.39388e-06
0.000432633
-1.55326e-06
-1.89177e-06
0.00040915
-1.57304e-06
-2.06609e-06
0.000375218
-3.25127e-06
0.000332374
-1.57447e-06
-8.53477e-07
-5.79546e-07
0.000298556
-1.06321e-06
-6.78961e-07
0.000340973
-1.26592e-06
-7.80539e-07
0.000374471
-1.43644e-06
-8.89362e-07
0.000397613
-1.55576e-06
-1.02036e-06
0.000409441
-1.62161e-06
-1.19848e-06
0.000409472
-1.63256e-06
-1.4266e-06
0.000397701
-1.67603e-06
-1.8431e-06
0.000374603
-1.63005e-06
-2.06265e-06
0.000341118
-3.10105e-06
0.00029866
-1.69841e-06
-8.56904e-07
-4.95477e-07
0.000264835
-1.0829e-06
-5.84132e-07
0.000306906
-1.30795e-06
-6.93271e-07
0.000339952
-1.5054e-06
-8.22701e-07
0.000362695
-1.6549e-06
-9.80765e-07
0.000374291
-1.74987e-06
-1.18115e-06
0.000374317
-1.78676e-06
-1.42795e-06
0.000362767
-1.82573e-06
-1.80156e-06
0.000340059
-1.7715e-06
-2.0784e-06
0.000307027
-2.90697e-06
0.000264937
-1.90173e-06
-8.7064e-07
-3.71975e-07
0.000231148
-1.11779e-06
-4.44637e-07
0.000272873
-1.36671e-06
-5.58875e-07
0.000305454
-1.59156e-06
-7.07554e-07
0.000327789
-1.77177e-06
-8.93334e-07
0.000339149
-1.89691e-06
-1.12212e-06
0.00033917
-1.96142e-06
-1.39702e-06
0.000327848
-2.00322e-06
-1.75997e-06
0.000305541
-1.96533e-06
-2.08797e-06
0.000272971
-2.72644e-06
0.000231238
-2.09832e-06
-9.15999e-07
0.00019753
-1.1922e-06
0.000238911
-1.46616e-06
0.000271011
-1.71572e-06
0.000292921
-1.92476e-06
0.000304036
-2.08172e-06
0.000304054
-2.17674e-06
0.000292969
-2.22666e-06
0.000271083
-2.19893e-06
0.000238992
0.000197606
-2.29506e-06
-3.87224e-07
-9.99088e-08
0.000452205
-4.36559e-07
-1.16864e-07
0.000497642
-4.65797e-07
-1.29985e-07
0.0005344
-4.61286e-07
-1.46293e-07
0.000560281
-4.00914e-07
-1.75883e-07
0.000573655
-1.95632e-07
-2.87416e-07
0.000573695
2.46982e-07
-4.94564e-07
0.00056041
1.60596e-06
-1.38128e-06
0.000534712
6.3584e-06
-4.76235e-06
0.00049861
-1.28519e-05
0.000456028
1.9148e-05
-4.32197e-07
-2.06386e-07
0.000462335
-4.87517e-07
-2.41796e-07
0.000506676
-5.19662e-07
-2.69114e-07
0.000542508
-5.14791e-07
-3.02906e-07
0.000567692
-4.53339e-07
-3.59834e-07
0.000580692
-2.8469e-07
-5.40458e-07
0.000580727
-2.26065e-08
-8.01636e-07
0.000567797
5.12523e-07
-1.91348e-06
0.000542706
-2.3556e-07
-3.96294e-06
0.000507068
-7.42917e-06
0.000463278
-5.56378e-06
-3.8425e-07
-2.84421e-07
0.000432817
-4.34878e-07
-3.36047e-07
0.000476634
-4.61753e-07
-3.80482e-07
0.000511921
-4.52087e-07
-4.34507e-07
0.000536638
-3.89103e-07
-5.19428e-07
0.000549372
-2.58433e-07
-7.34261e-07
0.000549399
-6.91714e-08
-1.01859e-06
0.000536717
8.24039e-08
-2.04982e-06
0.000512047
-7.75904e-07
-3.05157e-06
0.000476789
-4.6336e-06
0.000432749
-3.48399e-06
-3.40827e-07
-3.38774e-07
0.000399726
-3.8973e-07
-4.03574e-07
0.000443175
-4.16489e-07
-4.65905e-07
0.000478008
-4.0854e-07
-5.41502e-07
0.000502323
-3.53455e-07
-6.52066e-07
0.000514822
-2.54358e-07
-8.82171e-07
0.000514843
-1.23065e-07
-1.16778e-06
0.000502385
-9.91934e-08
-2.055e-06
0.000478101
-5.96363e-07
-2.50721e-06
0.000443263
-3.86163e-06
0.000399568
-1.29536e-06
-3.15189e-07
-3.73168e-07
0.000366094
-3.66867e-07
-4.47542e-07
0.000409199
-3.99731e-07
-5.26327e-07
0.000443587
-4.01805e-07
-6.22172e-07
0.000467508
-3.64749e-07
-7.53581e-07
0.000479778
-3.02982e-07
-9.83725e-07
0.000479797
-2.24412e-07
-1.25913e-06
0.000467561
-2.49868e-07
-2.01155e-06
0.000443663
-5.07615e-07
-2.20892e-06
0.000409265
-3.62967e-06
0.000365994
-6.78618e-07
-3.04769e-07
-3.88659e-07
0.000332362
-3.63516e-07
-4.68354e-07
0.000375126
-4.08182e-07
-5.60283e-07
0.000409071
-4.2763e-07
-6.7297e-07
0.0004326
-4.15443e-07
-8.20515e-07
0.000444642
-3.85856e-07
-1.04691e-06
0.000444657
-3.41827e-07
-1.31318e-06
0.000432643
-4.10512e-07
-1.92764e-06
0.000409134
-5.04302e-07
-2.08091e-06
0.000375184
-3.4466e-06
0.000332324
-6.37479e-07
-3.04167e-07
-3.84995e-07
0.000298617
-3.735e-07
-4.65122e-07
0.000341039
-4.34539e-07
-5.65466e-07
0.000374538
-4.77066e-07
-6.90176e-07
0.000397673
-4.95791e-07
-8.4854e-07
0.000409488
-5.03204e-07
-1.06826e-06
0.000409501
-4.95822e-07
-1.32904e-06
0.000397709
-5.84474e-07
-1.82706e-06
0.000374591
-6.08642e-07
-2.02882e-06
0.000341091
-3.18595e-06
0.00029862
-8.2963e-07
-3.09519e-07
-3.60878e-07
0.000264885
-3.92689e-07
-4.36358e-07
0.000306961
-4.73846e-07
-5.39546e-07
0.000340007
-5.43539e-07
-6.70757e-07
0.000362745
-5.96618e-07
-8.35053e-07
0.000374331
-6.41129e-07
-1.04836e-06
0.000374341
-6.73047e-07
-1.30476e-06
0.000362775
-7.73572e-07
-1.7177e-06
0.00034005
-7.96575e-07
-1.98419e-06
0.000307006
-2.87936e-06
0.000264907
-1.07282e-06
-3.22166e-07
-3.12586e-07
0.000231189
-4.23371e-07
-3.79747e-07
0.000272918
-5.27618e-07
-4.81008e-07
0.0003055
-6.26836e-07
-6.13446e-07
0.000327831
-7.1557e-07
-7.79515e-07
0.000339182
-7.9665e-07
-9.88167e-07
0.000339191
-8.67259e-07
-1.24119e-06
0.000327855
-9.78046e-07
-1.60083e-06
0.000305535
-1.03316e-06
-1.91304e-06
0.000272955
-2.58759e-06
0.000231216
-1.30262e-06
-3.49623e-07
0.000197563
-4.7565e-07
0.000238948
-6.06736e-07
0.00027105
-7.35703e-07
0.000292956
-8.58346e-07
0.000304064
-9.73686e-07
0.000304071
-1.07712e-06
0.000292976
-1.19523e-06
0.000271079
-1.27435e-06
0.00023898
0.00019759
-1.51064e-06
-1.12418e-07
-5.86229e-08
0.00045227
-1.06216e-07
-7.23601e-08
0.000497709
-8.26501e-08
-8.59807e-08
0.000534463
-2.96712e-08
-1.07232e-07
0.000560336
7.11833e-08
-1.43754e-07
0.000573698
3.08948e-07
-2.66808e-07
0.000573724
7.79567e-07
-4.85127e-07
0.000560425
2.16601e-06
-1.38805e-06
0.000534714
6.9387e-06
-4.76651e-06
0.000498604
-1.28726e-05
0.000456036
1.98028e-05
-1.23206e-07
-1.26891e-07
0.000462413
-1.17368e-07
-1.54736e-07
0.000506753
-9.08472e-08
-1.84066e-07
0.00054258
-3.1822e-08
-2.28257e-07
0.000567754
7.54161e-08
-2.99454e-07
0.000580741
2.77258e-07
-4.99955e-07
0.000580758
5.76234e-07
-7.96333e-07
0.000567809
1.13126e-06
-1.93467e-06
0.000542697
4.08242e-07
-4.01544e-06
0.00050704
-7.42643e-06
0.000463229
-4.98884e-06
-9.81518e-08
-1.83522e-07
0.00043288
-9.07376e-08
-2.24437e-07
0.000476697
-6.19043e-08
-2.71402e-07
0.000511979
-1.56555e-09
-3.39197e-07
0.000536689
1.03094e-07
-4.43141e-07
0.000549411
2.62575e-07
-6.83621e-07
0.000549423
4.72988e-07
-1.01425e-06
0.000536724
6.25987e-07
-2.07778e-06
0.000512037
-2.84613e-07
-3.08019e-06
0.000476765
-4.68619e-06
0.000432711
-2.98684e-06
-7.83174e-08
-2.29141e-07
0.000399776
-7.19497e-08
-2.81349e-07
0.000443226
-4.47968e-08
-3.46537e-07
0.000478056
1.13418e-08
-4.36991e-07
0.000502364
1.0497e-07
-5.6874e-07
0.000514854
2.27845e-07
-8.25889e-07
0.000514863
3.6875e-07
-1.16051e-06
0.000502391
3.64087e-07
-2.06454e-06
0.000478093
-1.50932e-07
-2.54523e-06
0.000443243
-3.93508e-06
0.000399539
-8.72603e-07
-6.79068e-08
-2.64699e-07
0.000366135
-6.51395e-08
-3.25983e-07
0.000409241
-4.44334e-08
-4.07493e-07
0.000443627
9.19e-10
-5.17497e-07
0.000467544
7.53931e-08
-6.70178e-07
0.000479805
1.62608e-07
-9.29309e-07
0.000479813
2.48509e-07
-1.25078e-06
0.000467565
1.85355e-07
-1.99433e-06
0.000443656
-9.07701e-08
-2.25316e-06
0.000409249
-3.6842e-06
0.00036597
-3.18112e-07
-6.54748e-08
-2.89897e-07
0.000332396
-6.90524e-08
-3.57474e-07
0.000375161
-5.96326e-08
-4.51045e-07
0.000409105
-3.15122e-08
-5.75687e-07
0.00043263
1.65766e-08
-7.41388e-07
0.000444665
6.5582e-08
-9.92279e-07
0.000444671
1.07761e-07
-1.29697e-06
0.000432648
2.79277e-08
-1.90875e-06
0.000409129
-1.19129e-07
-2.09363e-06
0.000375171
-3.49727e-06
0.000332306
-2.87269e-07
-6.92249e-08
-3.03347e-07
0.000298645
-8.2492e-08
-3.73493e-07
0.000341068
-8.8272e-08
-4.74164e-07
0.000374566
-8.27287e-08
-6.06961e-07
0.000397699
-6.68104e-08
-7.77254e-07
0.000409508
-5.67879e-08
-1.01448e-06
0.000409513
-6.61613e-08
-1.29156e-06
0.000397713
-1.55493e-07
-1.81513e-06
0.000374586
-2.40748e-07
-1.99872e-06
0.000341081
-3.21536e-06
0.000298606
-5.08173e-07
-7.81531e-08
-3.02714e-07
0.000264908
-1.04286e-07
-3.71607e-07
0.000306985
-1.28991e-07
-4.73716e-07
0.000340031
-1.50468e-07
-6.07306e-07
0.000362767
-1.69836e-07
-7.74947e-07
0.000374348
-2.00918e-07
-9.94088e-07
0.000374352
-2.42401e-07
-1.25389e-06
0.000362779
-3.7326e-07
-1.68163e-06
0.000340048
-4.30702e-07
-1.9341e-06
0.000306999
-2.86668e-06
0.000264896
-7.68684e-07
-9.31699e-08
-2.84286e-07
0.000231207
-1.3564e-07
-3.49158e-07
0.000272938
-1.82657e-07
-4.46936e-07
0.00030552
-2.34004e-07
-5.74329e-07
0.000327849
-2.90552e-07
-7.32914e-07
0.000339197
-3.60697e-07
-9.33242e-07
0.0003392
-4.41613e-07
-1.17666e-06
0.000327859
-5.86891e-07
-1.53494e-06
0.000305534
-6.80071e-07
-1.83587e-06
0.00027295
-2.53085e-06
0.000231208
-1.00831e-06
-1.15447e-07
0.000197578
-1.80112e-07
0.000238965
-2.53923e-07
0.000271067
-3.36415e-07
0.000292972
-4.28399e-07
0.000304077
-5.33028e-07
0.000304079
-6.46794e-07
0.000292979
-7.98876e-07
0.000271078
-9.22881e-07
0.000238977
0.000197585
-1.21908e-06
1.54747e-08
-4.42691e-08
0.000452296
4.50092e-08
-5.72751e-08
0.000497736
9.04782e-08
-7.16144e-08
0.000534489
1.61886e-07
-9.40321e-08
0.000560358
2.78525e-07
-1.34298e-07
0.000573715
5.27966e-07
-2.61261e-07
0.000573736
1.00706e-06
-4.84876e-07
0.000560431
2.40139e-06
-1.39472e-06
0.000534714
7.16875e-06
-4.76226e-06
0.000498599
-1.29127e-05
0.00045604
2.0078e-05
1.74749e-08
-9.63978e-08
0.000462447
4.82094e-08
-1.21454e-07
0.000506786
9.824e-08
-1.52651e-07
0.000542611
1.78095e-07
-2.00492e-07
0.00056778
3.03041e-07
-2.79678e-07
0.000580761
5.17187e-07
-4.88315e-07
0.000580771
8.25007e-07
-7.9768e-07
0.000567814
1.38407e-06
-1.9505e-06
0.000542694
6.70133e-07
-4.0366e-06
0.000507028
-7.44593e-06
0.000463209
-4.77595e-06
2.89956e-08
-1.43323e-07
0.000432908
5.95379e-08
-1.79929e-07
0.000476725
1.10331e-07
-2.29506e-07
0.000512005
1.90225e-07
-3.0285e-07
0.000536712
3.10491e-07
-4.17215e-07
0.000549428
4.79772e-07
-6.68469e-07
0.000549434
6.94946e-07
-1.01686e-06
0.000536728
8.45423e-07
-2.09805e-06
0.000512034
-7.83593e-08
-3.10377e-06
0.000476756
-4.71498e-06
0.000432697
-2.79544e-06
3.66728e-08
-1.84296e-07
0.000399799
6.52772e-08
-2.31594e-07
0.000443249
1.13281e-07
-2.99343e-07
0.000478077
1.88013e-07
-3.96559e-07
0.000502383
2.95694e-07
-5.39622e-07
0.000514868
4.26361e-07
-8.08518e-07
0.000514872
5.68657e-07
-1.16276e-06
0.000502394
5.55588e-07
-2.08297e-06
0.000478091
2.63175e-08
-2.56801e-06
0.000443237
-3.97332e-06
0.000399529
-7.05373e-07
3.96508e-08
-2.19334e-07
0.000366154
6.43955e-08
-2.75663e-07
0.00040926
1.05807e-07
-3.59338e-07
0.000443646
1.6944e-07
-4.76486e-07
0.00046756
2.57109e-07
-6.40046e-07
0.000479818
3.5072e-07
-9.10361e-07
0.000479821
4.34946e-07
-1.25032e-06
0.000467568
3.59663e-07
-2.00644e-06
0.000443655
7.0266e-08
-2.27387e-06
0.000409244
-3.7057e-06
0.000365963
-1.89718e-07
3.81584e-08
-2.47657e-07
0.000332412
5.65887e-08
-3.1044e-07
0.000375177
8.73479e-08
-4.06014e-07
0.000409121
1.3388e-07
-5.37152e-07
0.000432644
1.94798e-07
-7.12086e-07
0.000444676
2.4976e-07
-9.72623e-07
0.000444679
2.86658e-07
-1.29038e-06
0.000432651
1.87839e-07
-1.90698e-06
0.000409128
3.44657e-08
-2.11703e-06
0.000375168
-3.50381e-06
0.0003323
-1.6149e-07
3.21477e-08
-2.67503e-07
0.000298658
4.14786e-08
-3.33505e-07
0.000341082
5.7633e-08
-4.35759e-07
0.00037458
8.17996e-08
-5.73552e-07
0.000397711
1.10558e-07
-7.50613e-07
0.000409517
1.25114e-07
-9.93688e-07
0.000409519
1.19537e-07
-1.28783e-06
0.000397717
1.44095e-08
-1.80172e-06
0.000374586
-9.75873e-08
-2.0026e-06
0.000341079
-3.2237e-06
0.000298601
-3.73222e-07
2.12966e-08
-2.76244e-07
0.000264918
1.85986e-08
-3.42248e-07
0.000306996
1.64754e-08
-4.45152e-07
0.000340043
1.3966e-08
-5.81549e-07
0.000362778
7.05004e-09
-7.52183e-07
0.000374356
-1.86606e-08
-9.73824e-07
0.000374358
-7.18533e-08
-1.23763e-06
0.000362782
-2.06124e-07
-1.66783e-06
0.000340048
-2.86764e-07
-1.92036e-06
0.000306997
-2.86292e-06
0.000264893
-6.44349e-07
4.61984e-09
-2.70186e-07
0.000231216
-1.33492e-08
-3.33824e-07
0.000272947
-3.68503e-08
-4.31375e-07
0.00030553
-6.90441e-08
-5.58345e-07
0.000327858
-1.13412e-07
-7.15208e-07
0.000339204
-1.7981e-07
-9.12641e-07
0.000339206
-2.66881e-07
-1.15342e-06
0.000327862
-4.25367e-07
-1.51009e-06
0.000305534
-5.36272e-07
-1.80858e-06
0.000272949
-2.50927e-06
0.000231206
-8.87772e-07
-1.62242e-08
0.000197585
-5.4765e-08
0.000238973
-1.0442e-07
0.000271075
-1.67778e-07
0.000292979
-2.47765e-07
0.000304083
-3.489e-07
0.000304084
-4.68497e-07
0.000292982
-6.3494e-07
0.000271079
-7.78601e-07
0.000238976
0.000197583
-1.10048e-06
7.37245e-08
-3.96784e-08
0.000452308
1.13119e-07
-5.22744e-08
0.000497749
1.67675e-07
-6.68526e-08
0.000534501
2.46231e-07
-8.93021e-08
0.000560369
3.6893e-07
-1.31276e-07
0.000573724
6.23305e-07
-2.60539e-07
0.000573742
1.10644e-06
-4.86288e-07
0.000560434
2.50601e-06
-1.40052e-06
0.000534715
7.27158e-06
-4.7633e-06
0.000498596
-1.29496e-05
0.000456045
2.02167e-05
8.06209e-08
-8.46458e-08
0.000462462
1.21585e-07
-1.08598e-07
0.000506802
1.8123e-07
-1.40768e-07
0.000542625
2.69363e-07
-1.89775e-07
0.000567793
4.01316e-07
-2.72806e-07
0.000580771
6.20334e-07
-4.8592e-07
0.000580778
9.31809e-07
-8.00535e-07
0.000567817
1.49283e-06
-1.96104e-06
0.000542693
7.77501e-07
-4.0437e-06
0.000507024
-7.47837e-06
0.000463201
-4.68575e-06
8.58158e-08
-1.26685e-07
0.000432921
1.25897e-07
-1.61718e-07
0.000476738
1.85728e-07
-2.12785e-07
0.000512018
2.73681e-07
-2.88356e-07
0.000536722
4.00338e-07
-4.07799e-07
0.000549437
5.73577e-07
-6.64779e-07
0.000549439
7.90822e-07
-1.02032e-06
0.000536731
9.40879e-07
-2.11088e-06
0.000512034
1.34443e-08
-3.11325e-06
0.000476753
-4.74993e-06
0.000432692
-2.70997e-06
8.81456e-08
-1.64909e-07
0.00039981
1.25915e-07
-2.10354e-07
0.00044326
1.82674e-07
-2.79892e-07
0.000478088
2.6534e-07
-3.80135e-07
0.000502392
3.79042e-07
-5.28783e-07
0.000514876
5.13017e-07
-8.03764e-07
0.000514877
6.56142e-07
-1.16584e-06
0.000502397
6.40348e-07
-2.09522e-06
0.000478091
1.05133e-07
-2.57598e-06
0.000443235
-4.01294e-06
0.000399525
-6.28404e-07
8.79873e-08
-1.99082e-07
0.000366163
1.21894e-07
-2.53412e-07
0.000409269
1.72088e-07
-3.38969e-07
0.000443655
2.43643e-07
-4.59582e-07
0.000467568
3.37138e-07
-6.28669e-07
0.000479825
4.33638e-07
-9.04718e-07
0.000479826
5.17949e-07
-1.25239e-06
0.000467571
4.38871e-07
-2.0165e-06
0.000443655
1.51267e-07
-2.28692e-06
0.000409243
-3.72531e-06
0.00036596
-1.33811e-07
8.49136e-08
-2.283e-07
0.000332419
1.12758e-07
-2.89043e-07
0.000375185
1.52544e-07
-3.864e-07
0.000409129
2.07084e-07
-5.21032e-07
0.000432651
2.73723e-07
-7.00911e-07
0.000444682
3.31254e-07
-9.66222e-07
0.000444683
3.67484e-07
-1.29075e-06
0.000432653
2.64102e-07
-1.91362e-06
0.000409128
1.10034e-07
-2.13189e-06
0.000375167
-3.50807e-06
0.000332298
-1.05233e-07
7.79814e-08
-2.50661e-07
0.000298665
9.71289e-08
-3.14728e-07
0.000341088
1.22687e-07
-4.18503e-07
0.000374587
1.55021e-07
-5.5938e-07
0.000397717
1.89459e-07
-7.40327e-07
0.000409522
2.06476e-07
-9.8679e-07
0.000409523
1.98906e-07
-1.28521e-06
0.000397719
8.2013e-08
-1.79736e-06
0.000374587
-3.16676e-08
-2.01756e-06
0.000341078
-3.22844e-06
0.0002986
-3.09811e-07
6.6249e-08
-2.6341e-07
0.000264923
7.39008e-08
-3.2782e-07
0.000307002
8.16805e-08
-4.31848e-07
0.000340049
8.7534e-08
-5.70426e-07
0.000362783
8.61302e-08
-7.43256e-07
0.000374361
6.17374e-08
-9.65619e-07
0.000374361
8.34108e-09
-1.23371e-06
0.000362784
-1.26862e-07
-1.66295e-06
0.000340049
-2.23576e-07
-1.92057e-06
0.000306997
-2.86358e-06
0.000264892
-5.874e-07
4.86826e-08
-2.62849e-07
0.00023122
4.18816e-08
-3.25593e-07
0.000272952
2.88955e-08
-4.23594e-07
0.000305535
5.31419e-09
-5.51331e-07
0.000327863
-3.36034e-08
-7.08175e-07
0.000339208
-9.7506e-08
-9.04608e-07
0.000339208
-1.87833e-07
-1.1452e-06
0.000327864
-3.5093e-07
-1.50073e-06
0.000305535
-4.70911e-07
-1.80063e-06
0.000272949
-2.50157e-06
0.000231205
-8.32261e-07
2.81723e-08
0.000197589
1.69084e-09
0.000238977
-3.67374e-08
0.000271079
-9.11744e-08
0.000292983
-1.6553e-07
0.000304086
-2.64856e-07
0.000304087
-3.87245e-07
0.000292984
-5.59769e-07
0.00027108
-7.12754e-07
0.000238976
0.000197583
-1.04531e-06
1.00668e-07
-3.81099e-08
0.000452313
1.44488e-07
-5.02063e-08
0.000497756
2.03069e-07
-6.47846e-08
0.000534507
2.84504e-07
-8.69309e-08
0.000560375
4.0965e-07
-1.29643e-07
0.000573728
6.66957e-07
-2.6077e-07
0.000573745
1.15327e-06
-4.88326e-07
0.000560436
2.55679e-06
-1.40458e-06
0.000534716
7.31987e-06
-4.76221e-06
0.000498595
-1.29806e-05
0.000456049
2.02959e-05
1.09655e-07
-7.96614e-08
0.000462469
1.55067e-07
-1.02922e-07
0.000506809
2.18948e-07
-1.35518e-07
0.000542632
3.10723e-07
-1.8475e-07
0.000567799
4.4583e-07
-2.69519e-07
0.000580776
6.67605e-07
-4.85878e-07
0.000580781
9.81506e-07
-8.03983e-07
0.000567818
1.54476e-06
-1.96811e-06
0.000542694
8.32822e-07
-4.04863e-06
0.000507022
-7.50532e-06
0.000463198
-4.63948e-06
1.12108e-07
-1.1917e-07
0.000432927
1.56351e-07
-1.53372e-07
0.000476744
2.20231e-07
-2.05226e-07
0.000512024
3.11955e-07
-2.81648e-07
0.000536727
4.41734e-07
-4.03433e-07
0.000549441
6.17254e-07
-6.6432e-07
0.000549442
8.35778e-07
-1.02405e-06
0.000536732
9.86635e-07
-2.11925e-06
0.000512034
5.86882e-08
-3.11959e-06
0.000476751
-4.778e-06
0.00043269
-2.66669e-06
1.12141e-07
-1.55853e-07
0.000399815
1.53943e-07
-2.00333e-07
0.000443265
2.14679e-07
-2.70917e-07
0.000478093
3.01185e-07
-3.72574e-07
0.000502397
4.1799e-07
-5.23865e-07
0.000514879
5.53841e-07
-8.02773e-07
0.00051488
6.9735e-07
-1.16895e-06
0.000502398
6.80849e-07
-2.10309e-06
0.000478091
1.4347e-07
-2.58145e-06
0.000443234
-4.0419e-06
0.000399524
-5.91252e-07
1.10654e-07
-1.89415e-07
0.000366167
1.48638e-07
-2.42645e-07
0.000409273
2.02847e-07
-3.29383e-07
0.000443659
2.78265e-07
-4.51805e-07
0.000467572
3.7482e-07
-6.23599e-07
0.000479828
4.72924e-07
-9.03177e-07
0.000479828
5.57201e-07
-1.25449e-06
0.000467572
4.76823e-07
-2.02309e-06
0.000443655
1.92393e-07
-2.29645e-06
0.000409242
-3.73933e-06
0.000365959
-1.0915e-07
1.06915e-07
-2.18914e-07
0.000332423
1.39008e-07
-2.78436e-07
0.000375189
1.82938e-07
-3.76969e-07
0.000409132
2.41368e-07
-5.13592e-07
0.000432654
3.11011e-07
-6.96008e-07
0.000444685
3.6992e-07
-9.64122e-07
0.000444685
4.05883e-07
-1.29164e-06
0.000432654
3.00456e-07
-1.91806e-06
0.000409129
1.48007e-07
-2.14366e-06
0.000375166
-3.51047e-06
0.000332297
-8.00406e-08
9.95605e-08
-2.4238e-07
0.000298668
1.23212e-07
-3.0517e-07
0.000341091
1.53125e-07
-4.10003e-07
0.00037459
1.89413e-07
-5.52802e-07
0.00039772
2.26783e-07
-7.35857e-07
0.000409525
2.44987e-07
-9.84136e-07
0.000409525
2.36727e-07
-1.28449e-06
0.00039772
1.15663e-07
-1.79742e-06
0.000374587
-6.69423e-10
-2.02709e-06
0.000341078
-3.23048e-06
0.000298599
-2.80028e-07
8.73518e-08
-2.56973e-07
0.000264926
9.98494e-08
-3.20214e-07
0.000307005
1.12286e-07
-4.25088e-07
0.000340051
1.22205e-07
-5.65238e-07
0.000362785
1.23665e-07
-7.39445e-07
0.000374363
1.00457e-07
-9.62571e-07
0.000374363
4.7784e-08
-1.23281e-06
0.000362785
-8.8565e-08
-1.66159e-06
0.000340049
-1.94134e-07
-1.92145e-06
0.000306997
-2.86359e-06
0.000264891
-5.60576e-07
6.92248e-08
-2.58944e-07
0.000231222
6.77297e-08
-3.20884e-07
0.000272954
5.98337e-08
-4.19453e-07
0.000305537
4.04785e-08
-5.48064e-07
0.000327865
4.40588e-09
-7.0528e-07
0.00033921
-5.84624e-08
-9.01179e-07
0.00033921
-1.50543e-07
-1.14168e-06
0.000327864
-3.16031e-07
-1.49664e-06
0.000305536
-4.40235e-07
-1.79737e-06
0.000272949
-2.49753e-06
0.000231205
-8.06003e-07
4.87648e-08
0.00019759
2.80973e-08
0.000238979
-4.85215e-09
0.000271081
-5.48682e-08
0.000292985
-1.26487e-07
0.000304088
-2.24951e-07
0.000304088
-3.48782e-07
0.000292985
-5.24354e-07
0.00027108
-6.8179e-07
0.000238977
0.000197583
-1.01956e-06
1.13583e-07
-3.74552e-08
0.000452315
1.59522e-07
-4.91401e-08
0.000497759
2.19957e-07
-6.35967e-08
0.00053451
3.02485e-07
-8.53509e-08
0.000560377
4.28543e-07
-1.28427e-07
0.000573731
6.87801e-07
-2.61216e-07
0.000573747
1.17689e-06
-4.90397e-07
0.000560437
2.58318e-06
-1.40717e-06
0.000534717
7.34487e-06
-4.76148e-06
0.000498595
-1.30028e-05
0.000456053
2.0344e-05
1.23497e-07
-7.73377e-08
0.000462473
1.70931e-07
-1.00094e-07
0.000506813
2.36765e-07
-1.3278e-07
0.000542636
3.30234e-07
-1.81856e-07
0.000567802
4.66869e-07
-2.67484e-07
0.000580778
6.90368e-07
-4.86456e-07
0.000580783
1.00616e-06
-8.07283e-07
0.000567819
1.57116e-06
-1.97253e-06
0.000542694
8.62185e-07
-4.05189e-06
0.000507022
-7.52573e-06
0.000463197
-4.61382e-06
1.24664e-07
-1.15561e-07
0.00043293
1.70759e-07
-1.49173e-07
0.000476747
2.36527e-07
-2.01349e-07
0.000512026
3.30147e-07
-2.78013e-07
0.00053673
4.6158e-07
-4.00968e-07
0.000549443
6.3844e-07
-6.64797e-07
0.000549444
8.57775e-07
-1.02749e-06
0.000536733
1.00941e-06
-2.12445e-06
0.000512034
8.20869e-08
-3.12415e-06
0.000476751
-4.79863e-06
0.000432689
-2.64421e-06
1.23595e-07
-1.51439e-07
0.000399817
1.67171e-07
-1.95209e-07
0.000443267
2.2977e-07
-2.66328e-07
0.000478095
3.18265e-07
-3.68646e-07
0.000502399
4.36775e-07
-5.21277e-07
0.000514881
5.73617e-07
-8.02952e-07
0.000514881
7.17154e-07
-1.17177e-06
0.000502399
7.004e-07
-2.10793e-06
0.000478092
1.63578e-07
-2.587e-06
0.000443234
-4.05884e-06
0.000399523
-5.75586e-07
1.21463e-07
-1.84665e-07
0.000366169
1.61244e-07
-2.37039e-07
0.000409276
2.17322e-07
-3.24451e-07
0.000443661
2.9473e-07
-4.47877e-07
0.000467574
3.92956e-07
-6.21068e-07
0.000479829
4.9181e-07
-9.02949e-07
0.000479829
5.7573e-07
-1.25632e-06
0.000467572
4.94457e-07
-2.02688e-06
0.000443656
2.10404e-07
-2.30269e-06
0.000409242
-3.7469e-06
0.000365958
-1.01078e-07
1.17384e-07
-2.14281e-07
0.000332424
1.51368e-07
-2.72797e-07
0.00037519
1.97214e-07
-3.72047e-07
0.000409134
2.57611e-07
-5.09894e-07
0.000432656
3.28858e-07
-6.93645e-07
0.000444686
3.8836e-07
-9.63446e-07
0.000444686
4.23847e-07
-1.29241e-06
0.000432655
3.17047e-07
-1.92029e-06
0.000409129
1.64217e-07
-2.14971e-06
0.000375166
-3.51094e-06
0.000332296
-7.1368e-08
1.09768e-07
-2.38269e-07
0.000298669
1.35461e-07
-2.99947e-07
0.000341093
1.67395e-07
-4.05462e-07
0.000374591
2.05641e-07
-5.49544e-07
0.000397721
2.44527e-07
-7.33745e-07
0.000409526
2.63205e-07
-9.82995e-07
0.000409526
2.54395e-07
-1.28416e-06
0.00039772
1.31e-07
-1.79711e-06
0.000374588
1.30106e-08
-2.03159e-06
0.000341078
-3.22946e-06
0.000298599
-2.68163e-07
9.72288e-08
-2.53715e-07
0.000264927
1.11977e-07
-3.15878e-07
0.000307006
1.26609e-07
-4.21341e-07
0.000340053
1.38504e-07
-5.62638e-07
0.000362787
1.4139e-07
-7.3763e-07
0.000374364
1.18591e-07
-9.60989e-07
0.000374364
6.58515e-08
-1.23187e-06
0.000362785
-7.07027e-08
-1.66083e-06
0.00034005
-1.81042e-07
-1.9212e-06
0.000306997
-2.86154e-06
0.000264891
-5.48748e-07
7.86839e-08
-2.56801e-07
0.000231223
7.97204e-08
-3.17947e-07
0.000272955
7.42976e-08
-4.16986e-07
0.000305538
5.69876e-08
-5.46363e-07
0.000327866
2.22836e-08
-7.03836e-07
0.000339211
-4.0134e-08
-8.99273e-07
0.000339211
-1.3322e-07
-1.13923e-06
0.000327865
-3.00303e-07
-1.49404e-06
0.000305536
-4.26573e-07
-1.79502e-06
0.000272949
-2.49402e-06
0.000231205
-7.93952e-07
5.81601e-08
0.000197591
4.02713e-08
0.00023898
1.00395e-08
0.000271082
-3.77733e-08
0.000292986
-1.08063e-07
0.000304089
-2.06238e-07
0.000304089
-3.30859e-07
0.000292985
-5.08189e-07
0.00027108
-6.67782e-07
0.000238977
0.000197583
-1.00754e-06
1.2021e-07
-3.71655e-08
0.000452316
1.67215e-07
-4.85719e-08
0.00049776
2.28474e-07
-6.28416e-08
0.000534512
3.11217e-07
-8.41565e-08
0.000560379
4.37408e-07
-1.27401e-07
0.000573732
6.98065e-07
-2.61739e-07
0.000573748
1.18962e-06
-4.92347e-07
0.000560438
2.59786e-06
-1.40881e-06
0.000534718
7.35851e-06
-4.7606e-06
0.000498595
-1.30199e-05
0.000456056
2.03755e-05
1.30466e-07
-7.62398e-08
0.000462475
1.78806e-07
-9.86202e-08
0.000506814
2.45505e-07
-1.31208e-07
0.000542637
3.39705e-07
-1.7993e-07
0.000567803
4.77041e-07
-2.65987e-07
0.000580779
7.0165e-07
-4.87238e-07
0.000580784
1.01889e-06
-8.10251e-07
0.00056782
1.58529e-06
-1.97545e-06
0.000542694
8.78712e-07
-4.05377e-06
0.000507021
-7.54234e-06
0.000463196
-4.59852e-06
1.30899e-07
-1.13813e-07
0.000432932
1.77758e-07
-1.46942e-07
0.000476748
2.44367e-07
-1.99186e-07
0.000512028
3.38933e-07
-2.75772e-07
0.000536731
4.71243e-07
-3.99328e-07
0.000549444
6.48848e-07
-6.65586e-07
0.000549445
8.68621e-07
-1.03051e-06
0.000536734
1.02088e-06
-2.12788e-06
0.000512034
9.42273e-08
-3.12697e-06
0.000476751
-4.8153e-06
0.000432689
-2.63251e-06
1.292e-07
-1.49262e-07
0.000399818
1.73469e-07
-1.92415e-07
0.000443269
2.36894e-07
-2.63787e-07
0.000478096
3.26434e-07
-3.66374e-07
0.0005024
4.45896e-07
-5.19715e-07
0.000514882
5.83167e-07
-8.03532e-07
0.000514882
7.2642e-07
-1.17415e-06
0.000502399
7.09533e-07
-2.11112e-06
0.000478092
1.74486e-07
-2.59177e-06
0.000443233
-4.06918e-06
0.000399523
-5.71364e-07
1.26698e-07
-1.82288e-07
0.00036617
1.67177e-07
-2.33892e-07
0.000409277
2.24066e-07
-3.21699e-07
0.000443662
3.02509e-07
-4.45711e-07
0.000467574
4.01656e-07
-6.19667e-07
0.00047983
5.00719e-07
-9.0318e-07
0.00047983
5.84007e-07
-1.25775e-06
0.000467573
5.01911e-07
-2.02915e-06
0.000443656
2.16835e-07
-2.30658e-06
0.000409242
-3.75046e-06
0.000365958
-1.01674e-07
1.22409e-07
-2.11934e-07
0.000332425
1.57145e-07
-2.69521e-07
0.000375191
2.03811e-07
-3.69241e-07
0.000409135
2.65194e-07
-5.07912e-07
0.000432657
3.37291e-07
-6.92422e-07
0.000444687
3.96883e-07
-9.63272e-07
0.000444686
4.31684e-07
-1.29288e-06
0.000432655
3.23737e-07
-1.92132e-06
0.000409129
1.6963e-07
-2.15244e-06
0.000375166
-3.50955e-06
0.000332296
-7.11187e-08
1.14603e-07
-2.36146e-07
0.00029867
1.41141e-07
-2.96778e-07
0.000341094
1.73946e-07
-4.0278e-07
0.000374592
2.13136e-07
-5.47811e-07
0.000397722
2.52775e-07
-7.32691e-07
0.000409527
2.7148e-07
-9.82406e-07
0.000409526
2.62034e-07
-1.28373e-06
0.00039772
1.37101e-07
-1.79648e-06
0.000374588
1.77631e-08
-2.03303e-06
0.000341078
-3.22624e-06
0.000298599
-2.65398e-07
1.01795e-07
-2.51952e-07
0.000264927
1.17533e-07
-3.13085e-07
0.000307006
1.33147e-07
-4.19009e-07
0.000340053
1.45963e-07
-5.61228e-07
0.000362787
1.49499e-07
-7.3671e-07
0.000374364
1.26678e-07
-9.59986e-07
0.000374364
7.35817e-08
-1.23084e-06
0.000362786
-6.33121e-08
-1.65976e-06
0.00034005
-1.76207e-07
-1.92011e-06
0.000306997
-2.85796e-06
0.000264891
-5.44381e-07
8.28953e-08
-2.55461e-07
0.000231223
8.51187e-08
-3.15837e-07
0.000272956
8.08785e-08
-4.15302e-07
0.000305539
6.45144e-08
-5.45383e-07
0.000327866
3.0377e-08
-7.03032e-07
0.000339211
-3.19568e-08
-8.97999e-07
0.000339211
-1.25805e-07
-1.1372e-06
0.000327865
-2.93957e-07
-1.49179e-06
0.000305536
-4.21349e-07
-1.79281e-06
0.000272949
-2.49037e-06
0.000231205
-7.88866e-07
6.22488e-08
0.000197592
4.56738e-08
0.00023898
1.67897e-08
0.000271083
-2.99431e-08
0.000292987
-9.9653e-08
0.000304089
-1.97867e-07
0.000304089
-3.23047e-07
0.000292985
-5.01428e-07
0.00027108
-6.62083e-07
0.000238977
0.000197582
-1.00213e-06
1.2393e-07
-3.71264e-08
0.000452317
1.71507e-07
-4.83603e-08
0.000497761
2.33103e-07
-6.24187e-08
0.000534513
3.15639e-07
-8.32654e-08
0.00056038
4.41571e-07
-1.26574e-07
0.000573733
7.03317e-07
-2.62396e-07
0.000573749
1.19709e-06
-4.94301e-07
0.000560438
2.60681e-06
-1.41013e-06
0.000534718
7.36648e-06
-4.75969e-06
0.000498595
-1.30341e-05
0.000456058
2.03983e-05
1.34216e-07
-7.58482e-08
0.000462475
1.82934e-07
-9.79296e-08
0.000506815
2.49977e-07
-1.30333e-07
0.000542638
3.44434e-07
-1.78605e-07
0.000567804
4.82053e-07
-2.64883e-07
0.00058078
7.07422e-07
-4.88244e-07
0.000580785
1.02579e-06
-8.13129e-07
0.00056782
1.59334e-06
-1.97784e-06
0.000542695
8.89019e-07
-4.05529e-06
0.000507021
-7.55642e-06
0.000463196
-4.5887e-06
1.3414e-07
-1.13097e-07
0.000432932
1.81248e-07
-1.45792e-07
0.000476749
2.48197e-07
-1.97981e-07
0.000512028
3.43242e-07
-2.74338e-07
0.000536732
4.76031e-07
-3.98227e-07
0.000549444
6.54045e-07
-6.66658e-07
0.000549445
8.73993e-07
-1.03339e-06
0.000536734
1.0267e-06
-2.13069e-06
0.000512034
1.01038e-07
-3.12963e-06
0.000476751
-4.82887e-06
0.000432688
-2.62644e-06
1.32019e-07
-1.48295e-07
0.000399819
1.76471e-07
-1.90867e-07
0.000443269
2.40223e-07
-2.62356e-07
0.000478097
3.30344e-07
-3.65025e-07
0.000502401
4.50374e-07
-5.18783e-07
0.000514882
5.87763e-07
-8.04435e-07
0.000514882
7.30521e-07
-1.17638e-06
0.000502399
7.13348e-07
-2.11362e-06
0.000478092
1.7898e-07
-2.59523e-06
0.000443233
-4.07681e-06
0.000399523
-5.7298e-07
1.29276e-07
-1.81174e-07
0.000366171
1.69929e-07
-2.32034e-07
0.000409277
2.27124e-07
-3.20107e-07
0.000443663
3.06137e-07
-4.44506e-07
0.000467575
4.05828e-07
-6.18934e-07
0.00047983
5.04816e-07
-9.03762e-07
0.00047983
5.8731e-07
-1.25906e-06
0.000467573
5.044e-07
-2.0308e-06
0.000443656
2.18127e-07
-2.30893e-06
0.000409242
-3.75227e-06
0.000365958
-1.06342e-07
1.24837e-07
-2.10787e-07
0.000332425
1.5978e-07
-2.67471e-07
0.000375192
2.06746e-07
-3.67548e-07
0.000409135
2.68642e-07
-5.06858e-07
0.000432657
3.41213e-07
-6.91862e-07
0.000444687
4.00638e-07
-9.63467e-07
0.000444687
4.34661e-07
-1.29329e-06
0.000432655
3.25693e-07
-1.92191e-06
0.000409129
1.70197e-07
-2.15347e-06
0.000375166
-3.50735e-06
0.000332296
-7.46632e-08
1.16872e-07
-2.35059e-07
0.00029867
1.43688e-07
-2.94668e-07
0.000341094
1.7682e-07
-4.01073e-07
0.000374592
2.16466e-07
-5.46901e-07
0.000397722
2.56484e-07
-7.32252e-07
0.000409527
2.74985e-07
-9.82202e-07
0.000409526
2.64875e-07
-1.28336e-06
0.000397721
1.38854e-07
-1.79595e-06
0.000374588
1.8366e-08
-2.03295e-06
0.000341078
-3.2222e-06
0.000298599
-2.66715e-07
1.03829e-07
-2.50964e-07
0.000264928
1.19958e-07
-3.11084e-07
0.000307007
1.35976e-07
-4.17418e-07
0.000340053
1.49209e-07
-5.60465e-07
0.000362787
1.53019e-07
-7.36314e-07
0.000374365
1.29971e-07
-9.59383e-07
0.000374364
7.63755e-08
-1.22987e-06
0.000362786
-6.1167e-08
-1.65854e-06
0.00034005
-1.75251e-07
-1.91884e-06
0.000306997
-2.85391e-06
0.000264891
-5.43476e-07
8.46018e-08
-2.54535e-07
0.000231223
8.73728e-08
-3.14154e-07
0.000272956
8.37029e-08
-4.14042e-07
0.000305539
6.7763e-08
-5.44815e-07
0.000327867
3.38148e-08
-7.02626e-07
0.000339212
-2.86444e-08
-8.97111e-07
0.000339211
-1.23106e-07
-1.1355e-06
0.000327865
-2.91976e-07
-1.48979e-06
0.000305536
-4.20075e-07
-1.79083e-06
0.00027295
-2.48687e-06
0.000231205
-7.87059e-07
6.37967e-08
0.000197592
4.78393e-08
0.000238981
1.96557e-08
0.000271083
-2.65281e-08
0.000292987
-9.60116e-08
0.00030409
-1.94399e-07
0.000304089
-3.20021e-07
0.000292985
-4.99078e-07
0.000271081
-6.60294e-07
0.000238977
0.000197583
-9.99847e-07
1.26263e-07
-3.72443e-08
0.000452317
1.74188e-07
-4.83644e-08
0.000497762
2.35901e-07
-6.2196e-08
0.000534513
3.18037e-07
-8.2554e-08
0.00056038
4.43526e-07
-1.25872e-07
0.000573733
7.06201e-07
-2.63131e-07
0.000573749
1.20203e-06
-4.96239e-07
0.000560439
2.61295e-06
-1.41125e-06
0.000534719
7.37161e-06
-4.75871e-06
0.000498595
-1.30468e-05
0.00045606
2.04163e-05
1.36418e-07
-7.58458e-08
0.000462476
1.85272e-07
-9.7665e-08
0.000506816
2.52422e-07
-1.29836e-07
0.000542639
3.46918e-07
-1.776e-07
0.000567804
4.84618e-07
-2.63992e-07
0.00058078
7.10573e-07
-4.89366e-07
0.000580785
1.02989e-06
-8.15925e-07
0.00056782
1.59844e-06
-1.97994e-06
0.000542695
8.96235e-07
-4.05653e-06
0.000507021
-7.56896e-06
0.000463197
-4.58175e-06
1.35935e-07
-1.12928e-07
0.000432933
1.83056e-07
-1.45207e-07
0.000476749
2.50119e-07
-1.97277e-07
0.000512029
3.45431e-07
-2.73317e-07
0.000536732
4.78514e-07
-3.97399e-07
0.000549445
6.56778e-07
-6.67866e-07
0.000549445
8.76769e-07
-1.03614e-06
0.000536734
1.02983e-06
-2.13313e-06
0.000512035
1.05213e-07
-3.13199e-06
0.000476751
-4.84049e-06
0.000432689
-2.62331e-06
1.33493e-07
-1.47958e-07
0.000399819
1.77892e-07
-1.89953e-07
0.000443269
2.41749e-07
-2.61487e-07
0.000478097
3.32244e-07
-3.64136e-07
0.000502401
4.52668e-07
-5.18157e-07
0.000514883
5.90035e-07
-8.05485e-07
0.000514882
7.32201e-07
-1.17847e-06
0.0005024
7.14692e-07
-2.11571e-06
0.000478092
1.80481e-07
-2.59781e-06
0.000443233
-4.08257e-06
0.000399523
-5.77421e-07
1.30571e-07
-1.80712e-07
0.000366171
1.71162e-07
-2.30822e-07
0.000409277
2.28438e-07
-3.19091e-07
0.000443663
3.07817e-07
-4.43771e-07
0.000467575
4.07885e-07
-6.18518e-07
0.000479831
5.06676e-07
-9.04495e-07
0.00047983
5.88323e-07
-1.26024e-06
0.000467573
5.04632e-07
-2.0321e-06
0.000443656
2.17152e-07
-2.31034e-06
0.000409242
-3.7529e-06
0.000365958
-1.12524e-07
1.26016e-07
-2.10258e-07
0.000332426
1.60924e-07
-2.66024e-07
0.000375192
2.07956e-07
-3.66397e-07
0.000409136
2.70159e-07
-5.06247e-07
0.000432657
3.43044e-07
-6.91606e-07
0.000444687
4.02197e-07
-9.63821e-07
0.000444687
4.35422e-07
-1.29362e-06
0.000432655
3.2553e-07
-1.92227e-06
0.000409129
1.68683e-07
-2.15357e-06
0.000375166
-3.5046e-06
0.000332296
-7.96053e-08
1.17912e-07
-2.34501e-07
0.00029867
1.44755e-07
-2.93072e-07
0.000341094
1.77971e-07
-3.99828e-07
0.000374593
2.17861e-07
-5.46372e-07
0.000397723
2.58103e-07
-7.32088e-07
0.000409527
2.76309e-07
-9.82163e-07
0.000409527
2.65539e-07
-1.28298e-06
0.000397721
1.38674e-07
-1.79545e-06
0.000374588
1.71749e-08
-2.03206e-06
0.000341078
-3.21775e-06
0.000298599
-2.69648e-07
1.04652e-07
-2.50366e-07
0.000264928
1.2091e-07
-3.09459e-07
0.000307007
1.37081e-07
-4.16169e-07
0.000340054
1.50514e-07
-5.59992e-07
0.000362788
1.5444e-07
-7.36144e-07
0.000374365
1.31087e-07
-9.58952e-07
0.000374364
7.69368e-08
-1.22888e-06
0.000362786
-6.14469e-08
-1.65719e-06
0.00034005
-1.7601e-07
-1.91748e-06
0.000306997
-2.84966e-06
0.000264891
-5.44059e-07
8.51145e-08
-2.53812e-07
0.000231223
8.81573e-08
-3.12666e-07
0.000272956
8.47962e-08
-4.12963e-07
0.000305539
6.90579e-08
-5.44415e-07
0.000327867
3.51375e-08
-7.02378e-07
0.000339212
-2.75566e-08
-8.96367e-07
0.000339211
-1.22535e-07
-1.13395e-06
0.000327865
-2.91946e-07
-1.48789e-06
0.000305536
-4.20575e-07
-1.78895e-06
0.00027295
-2.48348e-06
0.000231205
-7.86725e-07
6.41465e-08
0.000197592
4.85081e-08
0.000238981
2.07539e-08
0.000271083
-2.51021e-08
0.000292987
-9.45101e-08
0.00030409
-1.93128e-07
0.000304089
-3.19156e-07
0.000292986
-4.98729e-07
0.000271081
-6.603e-07
0.000238977
0.000197583
-9.9903e-07
1.27997e-07
-3.73798e-08
0.000452318
1.76158e-07
-4.84129e-08
0.000497762
2.37875e-07
-6.20068e-08
0.000534513
3.19508e-07
-8.1865e-08
0.00056038
4.44455e-07
-1.25166e-07
0.000573733
7.07967e-07
-2.63837e-07
0.00057375
1.20576e-06
-4.98102e-07
0.000560439
2.61771e-06
-1.41222e-06
0.000534719
7.37529e-06
-4.75762e-06
0.000498595
-1.30585e-05
0.000456062
2.04318e-05
1.3794e-07
-7.5924e-08
0.000462476
1.86804e-07
-9.75102e-08
0.000506816
2.53942e-07
-1.29432e-07
0.000542639
3.4836e-07
-1.76663e-07
0.000567804
4.86032e-07
-2.63116e-07
0.00058078
7.12475e-07
-4.90457e-07
0.000580785
1.03264e-06
-8.18588e-07
0.000567821
1.60209e-06
-1.98178e-06
0.000542695
9.01885e-07
-4.05748e-06
0.000507021
-7.58048e-06
0.000463197
-4.57633e-06
1.37092e-07
-1.12874e-07
0.000432933
1.84102e-07
-1.44764e-07
0.00047675
2.51161e-07
-1.96697e-07
0.000512029
3.4663e-07
-2.72386e-07
0.000536732
4.79908e-07
-3.96597e-07
0.000549445
6.58338e-07
-6.69036e-07
0.000549445
8.78295e-07
-1.03873e-06
0.000536734
1.03164e-06
-2.13525e-06
0.000512035
1.08057e-07
-3.13401e-06
0.000476751
-4.85076e-06
0.000432689
-2.62175e-06
1.34369e-07
-1.47748e-07
0.000399819
1.78595e-07
-1.89186e-07
0.00044327
2.42442e-07
-2.60753e-07
0.000478097
3.33205e-07
-3.63345e-07
0.000502401
4.53933e-07
-5.1756e-07
0.000514883
5.91202e-07
-8.06488e-07
0.000514882
7.32719e-07
-1.18038e-06
0.0005024
7.14843e-07
-2.11746e-06
0.000478092
1.80534e-07
-2.59975e-06
0.000443233
-4.08703e-06
0.000399523
-5.83205e-07
1.31296e-07
-1.80366e-07
0.000366171
1.71705e-07
-2.29745e-07
0.000409277
2.28947e-07
-3.182e-07
0.000443663
3.08584e-07
-4.43126e-07
0.000467575
4.08943e-07
-6.18128e-07
0.000479831
5.07472e-07
-9.0518e-07
0.00047983
5.88239e-07
-1.26124e-06
0.000467573
5.03785e-07
-2.03309e-06
0.000443656
2.15113e-07
-2.31112e-06
0.000409242
-3.75265e-06
0.000365958
-1.19303e-07
1.26641e-07
-2.0982e-07
0.000332426
1.61392e-07
-2.64683e-07
0.000375192
2.08371e-07
-3.65347e-07
0.000409136
2.70772e-07
-5.05708e-07
0.000432657
3.43885e-07
-6.91372e-07
0.000444687
4.02712e-07
-9.64133e-07
0.000444687
4.35124e-07
-1.29379e-06
0.000432655
3.24359e-07
-1.9224e-06
0.000409129
1.662e-07
-2.15307e-06
0.000375166
-3.50138e-06
0.000332296
-8.50947e-08
1.18406e-07
-2.33997e-07
0.00029867
1.45151e-07
-2.91538e-07
0.000341094
1.78328e-07
-3.98647e-07
0.000374593
2.18353e-07
-5.45889e-07
0.000397723
2.58732e-07
-7.31935e-07
0.000409527
2.76593e-07
-9.82095e-07
0.000409527
2.6516e-07
-1.28248e-06
0.000397721
1.37567e-07
-1.79486e-06
0.000374588
1.51381e-08
-2.03066e-06
0.000341078
-3.21296e-06
0.000298599
-2.73285e-07
1.04932e-07
-2.49776e-07
0.000264928
1.21195e-07
-3.07845e-07
0.000307007
1.37394e-07
-4.14936e-07
0.000340054
1.50912e-07
-5.59529e-07
0.000362788
1.54867e-07
-7.35971e-07
0.000374365
1.31161e-07
-9.58508e-07
0.000374365
7.6422e-08
-1.22779e-06
0.000362786
-6.28979e-08
-1.65569e-06
0.00034005
-1.77597e-07
-1.91599e-06
0.000306997
-2.84523e-06
0.000264891
-5.45342e-07
8.5086e-08
-2.53046e-07
0.000231223
8.8277e-08
-3.11133e-07
0.000272956
8.50963e-08
-4.11847e-07
0.000305539
6.94427e-08
-5.43985e-07
0.000327867
3.54579e-08
-7.02108e-07
0.000339212
-2.75452e-08
-8.95602e-07
0.000339211
-1.23002e-07
-1.13239e-06
0.000327865
-2.92878e-07
-1.48596e-06
0.000305536
-4.21952e-07
-1.78706e-06
0.00027295
-2.48009e-06
0.000231205
-7.87111e-07
6.39438e-08
0.000197592
4.84979e-08
0.000238981
2.10443e-08
0.000271083
-2.46007e-08
0.000292987
-9.40237e-08
0.00030409
-1.92918e-07
0.000304089
-3.19356e-07
0.000292986
-4.9938e-07
0.000271081
-6.61212e-07
0.000238977
0.000197583
-9.98941e-07
1.29323e-07
-3.75281e-08
0.000452318
1.77672e-07
-4.84945e-08
0.000497762
2.39351e-07
-6.186e-08
0.000534514
3.20452e-07
-8.12273e-08
0.00056038
4.44836e-07
-1.24509e-07
0.000573733
7.09178e-07
-2.6459e-07
0.00057375
1.20892e-06
-4.99992e-07
0.000560439
2.62189e-06
-1.41318e-06
0.000534719
7.37839e-06
-4.75652e-06
0.000498595
-1.30698e-05
0.000456064
2.04464e-05
1.39027e-07
-7.60552e-08
0.000462476
1.87845e-07
-9.74304e-08
0.000506816
2.5492e-07
-1.29114e-07
0.000542639
3.49221e-07
-1.75816e-07
0.000567805
4.86833e-07
-2.6232e-07
0.00058078
7.13752e-07
-4.91619e-07
0.000580785
1.03476e-06
-8.21285e-07
0.000567821
1.6051e-06
-1.98362e-06
0.000542695
9.0689e-07
-4.05837e-06
0.000507021
-7.59164e-06
0.000463197
-4.57151e-06
1.37846e-07
-1.12905e-07
0.000432933
1.84686e-07
-1.44423e-07
0.00047675
2.51691e-07
-1.9623e-07
0.000512029
3.47273e-07
-2.71572e-07
0.000536732
4.80718e-07
-3.95899e-07
0.000549445
6.59302e-07
-6.70299e-07
0.000549445
8.79227e-07
-1.04137e-06
0.000536734
1.03287e-06
-2.13737e-06
0.000512035
1.10366e-07
-3.13598e-06
0.000476751
-4.86059e-06
0.000432689
-2.62079e-06
1.3487e-07
-1.47643e-07
0.000399819
1.78863e-07
-1.88538e-07
0.00044327
2.42647e-07
-2.6015e-07
0.000478098
3.33634e-07
-3.62688e-07
0.000502401
4.54639e-07
-5.17085e-07
0.000514883
5.91799e-07
-8.07602e-07
0.000514882
7.32678e-07
-1.18235e-06
0.0005024
7.14467e-07
-2.11924e-06
0.000478092
1.8004e-07
-2.60161e-06
0.000443233
-4.09118e-06
0.000399523
-5.89392e-07
1.31657e-07
-1.80138e-07
0.000366171
1.71823e-07
-2.28793e-07
0.000409278
2.28974e-07
-3.17446e-07
0.000443663
3.08825e-07
-4.42624e-07
0.000467575
4.09449e-07
-6.17874e-07
0.000479831
5.07712e-07
-9.05994e-07
0.00047983
5.87618e-07
-1.26233e-06
0.000467573
5.02457e-07
-2.03415e-06
0.000443656
2.12679e-07
-2.31188e-06
0.000409242
-3.75233e-06
0.000365958
-1.26213e-07
1.26901e-07
-2.09502e-07
0.000332426
1.61433e-07
-2.63464e-07
0.000375192
2.08298e-07
-3.64429e-07
0.000409136
2.70851e-07
-5.05311e-07
0.000432657
3.44168e-07
-6.91279e-07
0.000444688
4.02668e-07
-9.6459e-07
0.000444687
4.34296e-07
-1.29407e-06
0.000432655
3.22726e-07
-1.92265e-06
0.000409129
1.6334e-07
-2.15261e-06
0.000375166
-3.4983e-06
0.000332296
-9.07177e-08
1.18528e-07
-2.33607e-07
0.00029867
1.45107e-07
-2.90112e-07
0.000341094
1.78183e-07
-3.97585e-07
0.000374593
2.18295e-07
-5.45539e-07
0.000397723
2.58786e-07
-7.31923e-07
0.000409527
2.76306e-07
-9.82182e-07
0.000409527
2.64244e-07
-1.28213e-06
0.000397721
1.36017e-07
-1.79447e-06
0.000374588
1.2748e-08
-2.02936e-06
0.000341078
-3.20842e-06
0.000298599
-2.77147e-07
1.04832e-07
-2.49281e-07
0.000264928
1.21026e-07
-3.06317e-07
0.000307007
1.37185e-07
-4.138e-07
0.000340054
1.50738e-07
-5.5918e-07
0.000362788
1.54697e-07
-7.35932e-07
0.000374365
1.30645e-07
-9.58228e-07
0.000374365
7.53414e-08
-1.22685e-06
0.000362786
-6.48943e-08
-1.65438e-06
0.00034005
-1.79559e-07
-1.91472e-06
0.000306997
-2.84107e-06
0.000264891
-5.46928e-07
8.46723e-08
-2.52337e-07
0.000231224
8.79252e-08
-3.09645e-07
0.000272956
8.48504e-08
-4.10791e-07
0.000305539
6.92277e-08
-5.43642e-07
0.000327867
3.51517e-08
-7.01955e-07
0.000339212
-2.81689e-08
-8.94984e-07
0.000339211
-1.24041e-07
-1.13102e-06
0.000327866
-2.94311e-07
-1.48425e-06
0.000305536
-4.23755e-07
-1.78542e-06
0.00027295
-2.47699e-06
0.000231205
-7.87854e-07
6.3344e-08
0.000197592
4.79869e-08
0.000238981
2.07492e-08
0.000271083
-2.4742e-08
0.000292987
-9.42031e-08
0.00030409
-1.93358e-07
0.000304089
-3.2016e-07
0.000292986
-5.00561e-07
0.000271081
-6.62579e-07
0.000238977
0.000197583
-9.99244e-07
1.3036e-07
-3.77522e-08
0.000452318
1.78866e-07
-4.86555e-08
0.000497762
2.40484e-07
-6.17995e-08
0.000534514
3.21042e-07
-8.06829e-08
0.00056038
4.44863e-07
-1.23944e-07
0.000573733
7.10048e-07
-2.65431e-07
0.00057375
1.21176e-06
-5.01957e-07
0.00056044
2.62574e-06
-1.41417e-06
0.000534719
7.38115e-06
-4.75541e-06
0.000498595
-1.30809e-05
0.000456065
2.04603e-05
1.39818e-07
-7.63354e-08
0.000462476
1.88559e-07
-9.74917e-08
0.000506816
2.55544e-07
-1.28935e-07
0.000542639
3.4971e-07
-1.75107e-07
0.000567805
4.87257e-07
-2.61653e-07
0.000580781
7.14658e-07
-4.92903e-07
0.000580785
1.03652e-06
-8.24078e-07
0.000567821
1.60778e-06
-1.98551e-06
0.000542695
9.11542e-07
-4.05923e-06
0.000507021
-7.6026e-06
0.000463198
-4.56702e-06
1.38332e-07
-1.13145e-07
0.000432933
1.84971e-07
-1.44274e-07
0.00047675
2.51891e-07
-1.95944e-07
0.000512029
3.47566e-07
-2.70931e-07
0.000536733
4.81169e-07
-3.9536e-07
0.000549445
6.59911e-07
-6.7171e-07
0.000549446
8.79822e-07
-1.04413e-06
0.000536734
1.0338e-06
-2.13958e-06
0.000512035
1.12419e-07
-3.13797e-06
0.000476751
-4.8702e-06
0.000432689
-2.62009e-06
1.35125e-07
-1.4779e-07
0.00039982
1.78853e-07
-1.88119e-07
0.00044327
2.42542e-07
-2.59756e-07
0.000478098
3.3373e-07
-3.62228e-07
0.000502401
4.55001e-07
-5.16792e-07
0.000514883
5.92058e-07
-8.08886e-07
0.000514883
7.32319e-07
-1.18447e-06
0.0005024
7.13817e-07
-2.12113e-06
0.000478092
1.79316e-07
-2.60352e-06
0.000443233
-4.09527e-06
0.000399523
-5.95631e-07
1.31781e-07
-1.80188e-07
0.000366171
1.71669e-07
-2.28092e-07
0.000409278
2.28697e-07
-3.16918e-07
0.000443663
3.08737e-07
-4.42332e-07
0.000467576
4.09616e-07
-6.17813e-07
0.000479831
5.07619e-07
-9.06993e-07
0.00047983
5.86693e-07
-1.26358e-06
0.000467573
5.00884e-07
-2.03538e-06
0.000443656
2.10112e-07
-2.31277e-06
0.000409242
-3.75215e-06
0.000365958
-1.33044e-07
1.26924e-07
-2.09474e-07
0.000332426
1.61197e-07
-2.62507e-07
0.000375192
2.07916e-07
-3.63745e-07
0.000409136
2.70596e-07
-5.05128e-07
0.000432658
3.44108e-07
-6.91386e-07
0.000444688
4.02291e-07
-9.65243e-07
0.000444687
4.33169e-07
-1.29455e-06
0.000432655
3.2086e-07
-1.9231e-06
0.00040913
1.60351e-07
-2.15236e-06
0.000375166
-3.49553e-06
0.000332296
-9.62783e-08
1.18409e-07
-2.33498e-07
0.00029867
1.44778e-07
-2.88944e-07
0.000341094
1.77718e-07
-3.96751e-07
0.000374593
2.17892e-07
-5.45398e-07
0.000397723
2.58488e-07
-7.3211e-07
0.000409527
2.7568e-07
-9.82472e-07
0.000409527
2.63026e-07
-1.28198e-06
0.000397721
1.34236e-07
-1.79432e-06
0.000374588
1.02169e-08
-2.02832e-06
0.000341078
-3.20426e-06
0.000298599
-2.81023e-07
1.04491e-07
-2.49034e-07
0.000264928
1.20561e-07
-3.05019e-07
0.000307007
1.36642e-07
-4.12872e-07
0.000340054
1.50205e-07
-5.59024e-07
0.000362788
1.54162e-07
-7.36081e-07
0.000374365
1.2978e-07
-9.58148e-07
0.000374365
7.39428e-08
-1.22612e-06
0.000362786
-6.71628e-08
-1.65332e-06
0.00034005
-1.81705e-07
-1.91375e-06
0.000306997
-2.83728e-06
0.000264891
-5.48656e-07
8.40232e-08
-2.51815e-07
0.000231224
8.72703e-08
-3.08339e-07
0.000272956
8.42534e-08
-4.09904e-07
0.000305539
6.86339e-08
-5.43461e-07
0.000327867
3.44606e-08
-7.0197e-07
0.000339212
-2.9169e-08
-8.94548e-07
0.000339211
-1.25408e-07
-1.12987e-06
0.000327866
-2.9603e-07
-1.48279e-06
0.000305536
-4.25798e-07
-1.78408e-06
0.00027295
-2.47422e-06
0.000231205
-7.88822e-07
6.25149e-08
0.000197592
4.71615e-08
0.000238981
2.00796e-08
0.000271083
-2.52891e-08
0.000292987
-9.47918e-08
0.00030409
-1.94186e-07
0.000304089
-3.21318e-07
0.000292986
-5.02055e-07
0.000271081
-6.64231e-07
0.000238977
0.000197583
-9.99831e-07
1.31362e-07
-3.80047e-08
0.000452318
1.7997e-07
-4.88365e-08
0.000497762
2.41467e-07
-6.1751e-08
0.000534514
3.2143e-07
-8.01447e-08
0.000560381
4.4464e-07
-1.23376e-07
0.000573734
7.10624e-07
-2.66258e-07
0.00057375
1.21426e-06
-5.0389e-07
0.00056044
2.62917e-06
-1.4151e-06
0.00053472
7.38341e-06
-4.75423e-06
0.000498595
-1.30915e-05
0.000456067
2.04732e-05
1.40559e-07
-7.66674e-08
0.000462477
1.89169e-07
-9.75968e-08
0.000506817
2.56008e-07
-1.28788e-07
0.000542639
3.49985e-07
-1.74419e-07
0.000567805
4.87414e-07
-2.60986e-07
0.000580781
7.15252e-07
-4.94165e-07
0.000580785
1.03791e-06
-8.26812e-07
0.000567821
1.61004e-06
-1.98728e-06
0.000542695
9.15658e-07
-4.0599e-06
0.000507021
-7.613e-06
0.000463198
-4.5631e-06
1.38769e-07
-1.13448e-07
0.000432933
1.85155e-07
-1.44182e-07
0.00047675
2.51935e-07
-1.95701e-07
0.00051203
3.47648e-07
-2.70315e-07
0.000536733
4.81357e-07
-3.94818e-07
0.000549445
6.6021e-07
-6.7309e-07
0.000549446
8.80061e-07
-1.0468e-06
0.000536734
1.03433e-06
-2.14164e-06
0.000512035
1.14056e-07
-3.13973e-06
0.000476751
-4.87916e-06
0.000432689
-2.61988e-06
1.35328e-07
-1.48002e-07
0.00039982
1.78742e-07
-1.87764e-07
0.00044327
2.42284e-07
-2.59406e-07
0.000478098
3.33618e-07
-3.61788e-07
0.000502402
4.55104e-07
-5.16488e-07
0.000514883
5.9201e-07
-8.10125e-07
0.000514883
7.31613e-07
-1.18648e-06
0.0005024
7.12786e-07
-2.12286e-06
0.000478092
1.78103e-07
-2.60508e-06
0.000443233
-4.09879e-06
0.000399523
-6.0228e-07
1.31854e-07
-1.80296e-07
0.000366171
1.71418e-07
-2.27456e-07
0.000409278
2.28269e-07
-3.16433e-07
0.000443664
3.08444e-07
-4.42054e-07
0.000467576
4.09525e-07
-6.17734e-07
0.000479831
5.07222e-07
-9.07937e-07
0.00047983
5.8543e-07
-1.26473e-06
0.000467573
4.98954e-07
-2.03643e-06
0.000443656
2.07185e-07
-2.31333e-06
0.000409242
-3.75155e-06
0.000365958
-1.40071e-07
1.269e-07
-2.09489e-07
0.000332426
1.60866e-07
-2.61606e-07
0.000375192
2.07387e-07
-3.63095e-07
0.000409136
2.70139e-07
-5.04949e-07
0.000432658
3.43792e-07
-6.91465e-07
0.000444688
4.01614e-07
-9.65833e-07
0.000444687
4.3171e-07
-1.29492e-06
0.000432655
3.18654e-07
-1.92341e-06
0.00040913
1.57021e-07
-2.15179e-06
0.000375166
-3.49251e-06
0.000332296
-1.02024e-07
1.18248e-07
-2.3341e-07
0.00029867
1.44359e-07
-2.87819e-07
0.000341095
1.77109e-07
-3.95942e-07
0.000374593
2.1729e-07
-5.45251e-07
0.000397723
2.57938e-07
-7.32261e-07
0.000409528
2.74757e-07
-9.82696e-07
0.000409527
2.61481e-07
-1.28173e-06
0.000397721
1.32123e-07
-1.79405e-06
0.000374588
7.43e-09
-2.02707e-06
0.000341078
-3.19989e-06
0.000298599
-2.85157e-07
1.04113e-07
-2.48789e-07
0.000264928
1.20013e-07
-3.0375e-07
0.000307007
1.35962e-07
-4.11956e-07
0.000340054
1.49479e-07
-5.58854e-07
0.000362788
1.53381e-07
-7.3619e-07
0.000374365
1.28624e-07
-9.58006e-07
0.000374365
7.22122e-08
-1.2253e-06
0.000362786
-6.97881e-08
-1.65216e-06
0.00034005
-1.84135e-07
-1.91269e-06
0.000306997
-2.83335e-06
0.000264891
-5.50639e-07
8.33397e-08
-2.51284e-07
0.000231224
8.65384e-08
-3.07047e-07
0.000272956
8.35284e-08
-4.09018e-07
0.00030554
6.78558e-08
-5.43258e-07
0.000327867
3.35285e-08
-7.0194e-07
0.000339212
-3.04654e-08
-8.94052e-07
0.000339212
-1.27101e-07
-1.12865e-06
0.000327866
-2.98091e-07
-1.48127e-06
0.000305536
-4.2818e-07
-1.78271e-06
0.00027295
-2.47142e-06
0.000231205
-7.90075e-07
6.16487e-08
0.000197592
4.62676e-08
0.000238981
1.92951e-08
0.000271083
-2.60061e-08
0.000292987
-9.56089e-08
0.00030409
-1.95297e-07
0.000304089
-3.22808e-07
0.000292986
-5.03908e-07
0.000271081
-6.66252e-07
0.000238977
0.000197583
-1.00073e-06
1.32229e-07
-3.82152e-08
0.000452318
1.80872e-07
-4.89837e-08
0.000497763
2.42182e-07
-6.16716e-08
0.000534514
3.21484e-07
-7.95806e-08
0.000560381
4.44021e-07
-1.22782e-07
0.000573734
7.10746e-07
-2.6706e-07
0.00057375
1.21626e-06
-5.05789e-07
0.00056044
2.63202e-06
-1.41595e-06
0.00053472
7.38509e-06
-4.75303e-06
0.000498595
-1.31016e-05
0.000456069
2.04851e-05
1.41145e-07
-7.694e-08
0.000462477
1.89559e-07
-9.76686e-08
0.000506817
2.56187e-07
-1.28617e-07
0.00054264
3.49908e-07
-1.73712e-07
0.000567805
4.87156e-07
-2.60298e-07
0.000580781
7.15369e-07
-4.95398e-07
0.000580786
1.03877e-06
-8.29489e-07
0.000567821
1.6117e-06
-1.98894e-06
0.000542695
9.19076e-07
-4.06044e-06
0.000507021
-7.62288e-06
0.000463198
-4.55984e-06
1.39034e-07
-1.13679e-07
0.000432934
1.85105e-07
-1.44056e-07
0.00047675
2.51681e-07
-1.95438e-07
0.00051203
3.47367e-07
-2.69683e-07
0.000536733
4.81118e-07
-3.94255e-07
0.000549446
6.60018e-07
-6.74428e-07
0.000549446
8.79745e-07
-1.04939e-06
0.000536735
1.03425e-06
-2.14355e-06
0.000512035
1.15081e-07
-3.14138e-06
0.000476751
-4.88754e-06
0.000432689
-2.62035e-06
1.35348e-07
-1.48133e-07
0.00039982
1.78386e-07
-1.87374e-07
0.00044327
2.41716e-07
-2.59041e-07
0.000478098
3.33131e-07
-3.61335e-07
0.000502402
4.54766e-07
-5.16158e-07
0.000514883
5.91457e-07
-8.11311e-07
0.000514883
7.30337e-07
-1.18839e-06
0.0005024
7.11119e-07
-2.1244e-06
0.000478092
1.76032e-07
-2.60633e-06
0.000443234
-4.10173e-06
0.000399523
-6.09777e-07
1.31736e-07
-1.80315e-07
0.000366172
1.70911e-07
-2.2678e-07
0.000409278
2.27521e-07
-3.15931e-07
0.000443664
3.07762e-07
-4.41758e-07
0.000467576
4.0898e-07
-6.17621e-07
0.000479831
5.06306e-07
-9.08815e-07
0.000479831
5.83587e-07
-1.26575e-06
0.000467574
4.96384e-07
-2.03727e-06
0.000443656
2.03501e-07
-2.31347e-06
0.000409242
-3.75046e-06
0.000365958
-1.47783e-07
1.26679e-07
-2.09406e-07
0.000332426
1.60272e-07
-2.60659e-07
0.000375193
2.06524e-07
-3.62422e-07
0.000409136
2.69278e-07
-5.04747e-07
0.000432658
3.43005e-07
-6.91502e-07
0.000444688
4.00402e-07
-9.66346e-07
0.000444687
4.29662e-07
-1.29515e-06
0.000432656
3.15811e-07
-1.92348e-06
0.00040913
1.52956e-07
-2.15073e-06
0.000375166
-3.48908e-06
0.000332296
-1.08425e-07
1.17882e-07
-2.3322e-07
0.000298671
1.43668e-07
-2.86636e-07
0.000341095
1.76154e-07
-3.95096e-07
0.000374593
2.16269e-07
-5.45069e-07
0.000397723
2.56901e-07
-7.32359e-07
0.000409528
2.73286e-07
-9.82835e-07
0.000409527
2.59345e-07
-1.28134e-06
0.000397721
1.29423e-07
-1.79359e-06
0.000374588
4.07018e-09
-2.02536e-06
0.000341078
-3.19503e-06
0.000298599
-2.89953e-07
1.03521e-07
-2.4844e-07
0.000264928
1.19181e-07
-3.0241e-07
0.000307007
1.34922e-07
-4.10988e-07
0.000340054
1.48317e-07
-5.58633e-07
0.000362788
1.52094e-07
-7.36235e-07
0.000374365
1.26908e-07
-9.5778e-07
0.000374365
6.9865e-08
-1.22433e-06
0.000362786
-7.30739e-08
-1.65081e-06
0.00034005
-1.87091e-07
-1.91134e-06
0.000306997
-2.82901e-06
0.000264891
-5.53106e-07
8.24234e-08
-2.50657e-07
0.000231224
8.55071e-08
-3.05673e-07
0.000272956
8.2428e-08
-4.08064e-07
0.00030554
6.66254e-08
-5.42988e-07
0.000327867
3.20711e-08
-7.01834e-07
0.000339212
-3.23531e-08
-8.93461e-07
0.000339212
-1.29397e-07
-1.12733e-06
0.000327866
-3.00746e-07
-1.47961e-06
0.000305537
-4.31099e-07
-1.78114e-06
0.00027295
-2.46836e-06
0.000231205
-7.91745e-07
6.05152e-08
0.000197592
4.50497e-08
0.000238981
1.81185e-08
0.000271083
-2.71875e-08
0.000292987
-9.69562e-08
0.00030409
-1.96985e-07
0.00030409
-3.24901e-07
0.000292986
-5.0635e-07
0.000271081
-6.688e-07
0.000238977
0.000197583
-1.002e-06
1.32642e-07
-3.85381e-08
0.000452319
1.81282e-07
-4.92463e-08
0.000497763
2.42357e-07
-6.16967e-08
0.000534515
3.20944e-07
-7.91109e-08
0.000560382
4.42743e-07
-1.22269e-07
0.000573734
7.10141e-07
-2.67927e-07
0.000573751
1.21745e-06
-5.07735e-07
0.000560441
2.63398e-06
-1.4168e-06
0.00053472
7.38587e-06
-4.75187e-06
0.000498595
-1.3111e-05
0.00045607
2.04954e-05
1.41264e-07
-7.73745e-08
0.000462478
1.89434e-07
-9.79165e-08
0.000506817
2.558e-07
-1.28614e-07
0.00054264
3.49205e-07
-1.73161e-07
0.000567806
4.86203e-07
-2.59748e-07
0.000580782
7.14717e-07
-4.96746e-07
0.000580786
1.03877e-06
-8.32236e-07
0.000567822
1.6124e-06
-1.99059e-06
0.000542696
9.21416e-07
-4.06096e-06
0.000507021
-7.63218e-06
0.000463199
-4.55761e-06
1.38821e-07
-1.14111e-07
0.000432934
1.8452e-07
-1.44156e-07
0.000476751
2.50834e-07
-1.95396e-07
0.00051203
3.46428e-07
-2.69258e-07
0.000536734
4.80148e-07
-3.93872e-07
0.000549446
6.59016e-07
-6.75914e-07
0.000549446
8.78528e-07
-1.05206e-06
0.000536735
1.03317e-06
-2.14543e-06
0.000512035
1.15129e-07
-3.14307e-06
0.000476751
-4.89528e-06
0.000432689
-2.62186e-06
1.34882e-07
-1.48494e-07
0.00039982
1.77479e-07
-1.87243e-07
0.000443271
2.40533e-07
-2.58936e-07
0.000478099
3.31957e-07
-3.61124e-07
0.000502402
4.53662e-07
-5.16037e-07
0.000514884
5.90054e-07
-8.12659e-07
0.000514883
7.28117e-07
-1.19037e-06
0.0005024
7.08401e-07
-2.12587e-06
0.000478092
1.72585e-07
-2.60734e-06
0.000443234
-4.1041e-06
0.000399523
-6.18605e-07
1.31122e-07
-1.80584e-07
0.000366172
1.69835e-07
-2.26383e-07
0.000409279
2.2613e-07
-3.1571e-07
0.000443664
3.0636e-07
-4.41726e-07
0.000467576
4.07633e-07
-6.17732e-07
0.000479832
5.04503e-07
-9.09857e-07
0.000479831
5.80766e-07
-1.26683e-06
0.000467574
4.92743e-07
-2.03801e-06
0.000443656
1.98586e-07
-2.31324e-06
0.000409242
-3.74893e-06
0.000365958
-1.56617e-07
1.2595e-07
-2.09581e-07
0.000332427
1.59089e-07
-2.5999e-07
0.000375193
2.0499e-07
-3.62034e-07
0.000409137
2.6766e-07
-5.04808e-07
0.000432658
3.41377e-07
-6.91761e-07
0.000444688
3.98267e-07
-9.67019e-07
0.000444688
4.26618e-07
-1.29543e-06
0.000432656
3.11909e-07
-1.92343e-06
0.00040913
1.4769e-07
-2.14918e-06
0.000375166
-3.48536e-06
0.000332296
-1.15898e-07
1.16996e-07
-2.33279e-07
0.000298671
1.42362e-07
-2.85712e-07
0.000341095
1.74492e-07
-3.94515e-07
0.000374594
2.14449e-07
-5.45134e-07
0.000397724
2.54979e-07
-7.32666e-07
0.000409528
2.70857e-07
-9.83124e-07
0.000409527
2.56204e-07
-1.281e-06
0.000397721
1.25751e-07
-1.79308e-06
0.000374588
-2.28183e-10
-2.02323e-06
0.000341078
-3.18978e-06
0.000298599
-2.95799e-07
1.0239e-07
-2.48309e-07
0.000264929
1.17707e-07
-3.01285e-07
0.000307008
1.33134e-07
-4.10241e-07
0.000340055
1.46308e-07
-5.5862e-07
0.000362788
1.49876e-07
-7.36461e-07
0.000374366
1.24202e-07
-9.57692e-07
0.000374365
6.64725e-08
-1.22339e-06
0.000362787
-7.74259e-08
-1.6494e-06
0.00034005
-1.90892e-07
-1.9098e-06
0.000306997
-2.82431e-06
0.000264891
-5.56363e-07
8.09503e-08
-2.50178e-07
0.000231224
8.37955e-08
-3.0444e-07
0.000272957
8.05291e-08
-4.07261e-07
0.00030554
6.44932e-08
-5.42869e-07
0.000327868
2.96298e-08
-7.01866e-07
0.000339212
-3.52841e-08
-8.92979e-07
0.000339212
-1.32706e-07
-1.12608e-06
0.000327866
-3.0436e-07
-1.47796e-06
0.000305537
-4.34853e-07
-1.77948e-06
0.00027295
-2.46508e-06
0.000231205
-7.94088e-07
5.87896e-08
0.000197592
4.30961e-08
0.000238981
1.60797e-08
0.000271084
-2.93303e-08
0.000292988
-9.93273e-08
0.00030409
-1.99712e-07
0.00030409
-3.28004e-07
0.000292986
-5.0972e-07
0.000271081
-6.72152e-07
0.000238977
0.000197583
-1.00388e-06
1.32343e-07
-3.91212e-08
0.00045232
1.80894e-07
-4.97626e-08
0.000497765
2.41643e-07
-6.19404e-08
0.000534516
3.19406e-07
-7.88094e-08
0.000560383
4.40339e-07
-1.21864e-07
0.000573735
7.08258e-07
-2.68838e-07
0.000573752
1.21719e-06
-5.09647e-07
0.000560442
2.63421e-06
-1.41748e-06
0.000534721
7.38473e-06
-4.75055e-06
0.000498595
-1.31186e-05
0.000456071
2.05022e-05
1.40657e-07
-7.82093e-08
0.000462479
1.88479e-07
-9.85706e-08
0.000506819
2.54472e-07
-1.28969e-07
0.000542641
3.47439e-07
-1.72898e-07
0.000567807
4.84047e-07
-2.594e-07
0.000580782
7.12703e-07
-4.98194e-07
0.000580787
1.03721e-06
-8.34941e-07
0.000567822
1.61129e-06
-1.99197e-06
0.000542696
9.21553e-07
-4.06101e-06
0.000507022
-7.63961e-06
0.000463199
-4.55771e-06
1.37858e-07
-1.15031e-07
0.000432935
1.83062e-07
-1.44767e-07
0.000476752
2.48991e-07
-1.95814e-07
0.000512031
3.44357e-07
-2.69209e-07
0.000536735
4.77897e-07
-3.93757e-07
0.000549447
6.56566e-07
-6.77533e-07
0.000549447
8.75663e-07
-1.05466e-06
0.000536735
1.03022e-06
-2.14695e-06
0.000512036
1.13225e-07
-3.1443e-06
0.000476751
-4.90096e-06
0.000432689
-2.62554e-06
1.33655e-07
-1.49394e-07
0.000399821
1.75667e-07
-1.87687e-07
0.000443272
2.38305e-07
-2.59356e-07
0.0004781
3.2959e-07
-3.61345e-07
0.000502403
4.51208e-07
-5.16223e-07
0.000514885
5.87126e-07
-8.1415e-07
0.000514884
7.24174e-07
-1.19224e-06
0.000502401
7.0372e-07
-2.12687e-06
0.000478093
1.66544e-07
-2.60733e-06
0.000443234
-4.1046e-06
0.000399523
-6.29867e-07
1.29743e-07
-1.81411e-07
0.000366173
1.67835e-07
-2.26584e-07
0.000409279
2.23661e-07
-3.16045e-07
0.000443665
3.03718e-07
-4.42147e-07
0.000467577
4.04875e-07
-6.18158e-07
0.000479832
5.0111e-07
-9.11032e-07
0.000479832
5.76167e-07
-1.26776e-06
0.000467574
4.87134e-07
-2.0382e-06
0.000443657
1.91463e-07
-2.31184e-06
0.000409242
-3.74593e-06
0.000365958
-1.67297e-07
1.24453e-07
-2.10305e-07
0.000332428
1.56966e-07
-2.59908e-07
0.000375194
2.02341e-07
-3.62189e-07
0.000409138
2.64751e-07
-5.05314e-07
0.000432659
3.38278e-07
-6.9232e-07
0.000444689
3.94482e-07
-9.67801e-07
0.000444688
4.21764e-07
-1.29554e-06
0.000432656
3.06072e-07
-1.92283e-06
0.00040913
1.40301e-07
-2.14635e-06
0.000375167
-3.4806e-06
0.000332296
-1.25116e-07
1.15341e-07
-2.33845e-07
0.000298672
1.40105e-07
-2.85326e-07
0.000341096
1.71683e-07
-3.94428e-07
0.000374594
2.11284e-07
-5.45594e-07
0.000397724
2.51522e-07
-7.33233e-07
0.000409529
2.66725e-07
-9.83498e-07
0.000409528
2.51241e-07
-1.28052e-06
0.000397722
1.20304e-07
-1.79218e-06
0.000374589
-6.2027e-09
-2.01999e-06
0.000341078
-3.18348e-06
0.000298599
-3.03384e-07
1.00489e-07
-2.48608e-07
0.000264929
1.15257e-07
-3.00605e-07
0.000307008
1.30152e-07
-4.09895e-07
0.000340055
1.42892e-07
-5.58923e-07
0.000362789
1.46059e-07
-7.36892e-07
0.000374366
1.1975e-07
-9.57675e-07
0.000374366
6.11952e-08
-1.22228e-06
0.000362787
-8.37024e-08
-1.64767e-06
0.000340051
-1.96234e-07
-1.90761e-06
0.000306997
-2.81877e-06
0.000264891
-5.6102e-07
7.86892e-08
-2.50004e-07
0.000231225
8.10656e-08
-3.0351e-07
0.000272957
7.73755e-08
-4.06729e-07
0.000305541
6.08835e-08
-5.42961e-07
0.000327868
2.55159e-08
-7.02032e-07
0.000339213
-4.0041e-08
-8.92537e-07
0.000339212
-1.37837e-07
-1.12478e-06
0.000327866
-3.09731e-07
-1.47614e-06
0.000305537
-4.40154e-07
-1.77748e-06
0.00027295
-2.4613e-06
0.000231205
-7.9769e-07
5.62319e-08
0.000197593
4.00578e-08
0.000238982
1.27093e-08
0.000271084
-3.30219e-08
0.000292988
-1.03413e-07
0.000304091
-2.04246e-07
0.00030409
-3.32927e-07
0.000292986
-5.14821e-07
0.000271081
-6.77038e-07
0.000238977
0.000197583
-1.00693e-06
1.30655e-07
-3.99169e-08
0.000452323
1.78805e-07
-5.05468e-08
0.000497767
2.3893e-07
-6.24496e-08
0.000534519
3.15596e-07
-7.87475e-08
0.000560385
4.35415e-07
-1.21643e-07
0.000573737
7.03625e-07
-2.69843e-07
0.000573753
1.21392e-06
-5.11514e-07
0.000560443
2.63104e-06
-1.41783e-06
0.000534721
7.37985e-06
-4.74884e-06
0.000498595
-1.31224e-05
0.000456071
2.05018e-05
1.38623e-07
-7.9495e-08
0.000462481
1.85766e-07
-9.9784e-08
0.000506821
2.51076e-07
-1.29869e-07
0.000542644
3.43312e-07
-1.73106e-07
0.000567809
4.79263e-07
-2.59398e-07
0.000580784
7.07811e-07
-4.99816e-07
0.000580788
1.03249e-06
-8.37537e-07
0.000567823
1.60668e-06
-1.99276e-06
0.000542697
9.17508e-07
-4.06e-06
0.000507022
-7.64307e-06
0.000463199
-4.56203e-06
1.35442e-07
-1.16578e-07
0.000432937
1.79792e-07
-1.46147e-07
0.000476754
2.45001e-07
-1.96983e-07
0.000512033
3.39828e-07
-2.698e-07
0.000536736
4.72898e-07
-3.94102e-07
0.000549449
6.511e-07
-6.79367e-07
0.000549448
8.69496e-07
-1.05708e-06
0.000536737
1.02365e-06
-2.14769e-06
0.000512036
1.07667e-07
-3.14444e-06
0.000476751
-4.90221e-06
0.000432689
-2.63327e-06
1.30953e-07
-1.51037e-07
0.000399823
1.72004e-07
-1.8904e-07
0.000443274
2.33866e-07
-2.60664e-07
0.000478101
3.24676e-07
-3.62316e-07
0.000502405
4.45897e-07
-5.16935e-07
0.000514886
5.81053e-07
-8.1586e-07
0.000514885
7.16797e-07
-1.19384e-06
0.000502402
6.95289e-07
-2.12689e-06
0.000478093
1.55686e-07
-2.60519e-06
0.000443234
-4.10121e-06
0.000399523
-6.45341e-07
1.26869e-07
-1.83042e-07
0.000366175
1.63943e-07
-2.27766e-07
0.000409281
2.18913e-07
-3.17336e-07
0.000443667
2.98435e-07
-4.43369e-07
0.000467579
3.99145e-07
-6.1913e-07
0.000479834
4.94446e-07
-9.12403e-07
0.000479833
5.68034e-07
-1.26835e-06
0.000467575
4.77778e-07
-2.0373e-06
0.000443657
1.8034e-07
-2.30809e-06
0.000409243
-3.73997e-06
0.000365958
-1.80998e-07
1.21443e-07
-2.11838e-07
0.000332429
1.52909e-07
-2.60807e-07
0.000375195
1.97344e-07
-3.63299e-07
0.000409139
2.59102e-07
-5.06603e-07
0.000432661
3.32084e-07
-6.93393e-07
0.00044469
3.87302e-07
-9.68735e-07
0.000444689
4.13305e-07
-1.29528e-06
0.000432657
2.96543e-07
-1.92117e-06
0.000409131
1.29043e-07
-2.14103e-06
0.000375167
-3.47388e-06
0.000332297
-1.37174e-07
1.12153e-07
-2.35169e-07
0.000298673
1.35863e-07
-2.85846e-07
0.000341097
1.66439e-07
-3.95217e-07
0.000374596
2.05263e-07
-5.46756e-07
0.000397726
2.44839e-07
-7.34237e-07
0.00040953
2.59072e-07
-9.83969e-07
0.000409529
2.42617e-07
-1.2797e-06
0.000397723
1.11427e-07
-1.79055e-06
0.000374589
-1.52633e-08
-2.01465e-06
0.000341078
-3.17535e-06
0.000298599
-3.13914e-07
9.70285e-08
-2.49547e-07
0.00026493
1.10762e-07
-3.00678e-07
0.00030701
1.24638e-07
-4.10265e-07
0.000340056
1.36491e-07
-5.59782e-07
0.00036279
1.38879e-07
-7.37652e-07
0.000374367
1.1167e-07
-9.57713e-07
0.000374367
5.2088e-08
-1.22081e-06
0.000362788
-9.38929e-08
-1.64525e-06
0.000340051
-2.04493e-07
-1.90438e-06
0.000306997
-2.81179e-06
0.000264891
-5.68206e-07
7.48201e-08
-2.50277e-07
0.000231226
7.61994e-08
-3.03097e-07
0.000272958
7.15613e-08
-4.06681e-07
0.000305542
5.4137e-08
-5.43407e-07
0.000327869
1.78736e-08
-7.02381e-07
0.000339214
-4.85803e-08
-8.92103e-07
0.000339213
-1.46711e-07
-1.12333e-06
0.000327867
-3.18626e-07
-1.47397e-06
0.000305537
-4.48534e-07
-1.77495e-06
0.00027295
-2.45678e-06
0.000231205
-8.0371e-07
5.1938e-08
0.000197594
3.47302e-08
0.000238983
6.51498e-09
0.000271085
-3.99975e-08
0.000292989
-1.11119e-07
0.000304092
-2.12577e-07
0.000304091
-3.41635e-07
0.000292987
-5.23473e-07
0.000271082
-6.85055e-07
0.000238977
0.000197583
-1.01235e-06
1.26274e-07
-4.11239e-08
0.000452327
1.73338e-07
-5.18207e-08
0.000497772
2.32169e-07
-6.3449e-08
0.000534523
3.0712e-07
-7.91533e-08
0.000560389
4.25286e-07
-1.21829e-07
0.000573741
6.93336e-07
-2.71153e-07
0.000573756
1.20458e-06
-5.13467e-07
0.000560445
2.62115e-06
-1.41777e-06
0.000534723
7.3678e-06
-4.74665e-06
0.000498595
-1.31205e-05
0.000456071
2.04892e-05
1.33803e-07
-8.1563e-08
0.000462485
1.79557e-07
-1.01936e-07
0.000506825
2.43499e-07
-1.31707e-07
0.000542648
3.3437e-07
-1.74181e-07
0.000567813
4.69098e-07
-2.60108e-07
0.000580788
6.97053e-07
-5.01911e-07
0.000580791
1.02143e-06
-8.40155e-07
0.000567826
1.59518e-06
-1.99277e-06
0.000542698
9.05317e-07
-4.05716e-06
0.000507022
-7.64094e-06
0.000463199
-4.57425e-06
1.30168e-07
-1.19189e-07
0.000432941
1.72928e-07
-1.48801e-07
0.000476758
2.36705e-07
-1.99431e-07
0.000512037
3.3032e-07
-2.71552e-07
0.00053674
4.62318e-07
-3.95373e-07
0.000549452
6.39529e-07
-6.81772e-07
0.000549451
8.56758e-07
-1.05945e-06
0.000536739
1.01011e-06
-2.14741e-06
0.000512037
9.47296e-08
-3.14231e-06
0.000476752
-4.89772e-06
0.000432689
-2.64834e-06
1.25328e-07
-1.53945e-07
0.000399827
1.64652e-07
-1.9189e-07
0.000443277
2.24992e-07
-2.63482e-07
0.000478105
3.1462e-07
-3.6464e-07
0.000502408
4.34806e-07
-5.18698e-07
0.000514889
5.6865e-07
-8.18175e-07
0.000514888
7.02644e-07
-1.19532e-06
0.000502404
6.79868e-07
-2.12584e-06
0.000478095
1.38715e-07
-2.60162e-06
0.000443235
-4.09046e-06
0.000399523
-6.68375e-07
1.21001e-07
-1.86046e-07
0.000366178
1.56256e-07
-2.30554e-07
0.000409285
2.09579e-07
-3.20246e-07
0.00044367
2.87818e-07
-4.46027e-07
0.000467582
3.87415e-07
-6.21193e-07
0.000479837
4.81226e-07
-9.14362e-07
0.000479835
5.52939e-07
-1.26877e-06
0.000467577
4.61156e-07
-2.03522e-06
0.000443659
1.60803e-07
-2.30173e-06
0.000409243
-3.72913e-06
0.000365958
-2.00532e-07
1.1535e-07
-2.14749e-07
0.000332432
1.44927e-07
-2.63302e-07
0.000375198
1.87582e-07
-3.66015e-07
0.000409142
2.47898e-07
-5.09302e-07
0.000432663
3.19647e-07
-6.95518e-07
0.000444693
3.73335e-07
-9.7021e-07
0.000444691
3.97739e-07
-1.29486e-06
0.000432659
2.79754e-07
-1.91833e-06
0.000409132
1.09739e-07
-2.1323e-06
0.000375167
-3.46455e-06
0.000332297
-1.54901e-07
1.05778e-07
-2.37765e-07
0.000298676
1.27543e-07
-2.87824e-07
0.0003411
1.56228e-07
-3.97471e-07
0.000374599
1.93448e-07
-5.49198e-07
0.000397728
2.31664e-07
-7.36188e-07
0.000409532
2.44397e-07
-9.84901e-07
0.000409531
2.26793e-07
-1.27883e-06
0.000397724
9.58362e-08
-1.78839e-06
0.00037459
-3.05163e-08
-2.00643e-06
0.000341079
-3.16472e-06
0.000298599
-3.30444e-07
9.0259e-08
-2.51518e-07
0.000264933
1.02011e-07
-3.01936e-07
0.000307012
1.13925e-07
-4.11833e-07
0.000340059
1.24027e-07
-5.6168e-07
0.000362793
1.24963e-07
-7.39216e-07
0.00037437
9.63544e-08
-9.58118e-07
0.000374368
3.53381e-08
-1.21914e-06
0.000362789
-1.11827e-07
-1.64233e-06
0.000340052
-2.18706e-07
-1.90006e-06
0.000306998
-2.80296e-06
0.000264892
-5.80623e-07
6.74899e-08
-2.51185e-07
0.000231227
6.68514e-08
-3.03443e-07
0.00027296
6.02801e-08
-4.0744e-07
0.000305544
4.10256e-08
-5.44545e-07
0.000327871
3.08817e-09
-7.03223e-07
0.000339216
-6.4616e-08
-8.92038e-07
0.000339215
-1.62996e-07
-1.12199e-06
0.000327868
-3.34622e-07
-1.47173e-06
0.000305538
-4.63214e-07
-1.77214e-06
0.000272951
-2.45156e-06
0.000231206
-8.14821e-07
4.39118e-08
0.000197595
2.46029e-08
0.000238985
-5.48566e-09
0.000271087
-5.36101e-08
0.000292991
-1.26045e-07
0.000304093
-2.2848e-07
0.000304092
-3.57879e-07
0.000292988
-5.39278e-07
0.000271083
-6.99504e-07
0.000238978
0.000197583
-1.02286e-06
1.16886e-07
-4.3453e-08
0.000452337
1.61632e-07
-5.41212e-08
0.000497781
2.17897e-07
-6.53485e-08
0.000534532
2.89877e-07
-8.03306e-08
0.000560397
4.05172e-07
-1.22595e-07
0.000573748
6.71914e-07
-2.72792e-07
0.000573762
1.18297e-06
-5.15335e-07
0.000560449
2.59737e-06
-1.41668e-06
0.000534725
7.34109e-06
-4.74377e-06
0.000498595
-1.3107e-05
0.000456067
2.04513e-05
1.23774e-07
-8.54171e-08
0.000462494
1.66825e-07
-1.05774e-07
0.000506834
2.28058e-07
-1.35086e-07
0.000542656
3.16236e-07
-1.76607e-07
0.000567821
4.48466e-07
-2.61853e-07
0.000580795
6.74634e-07
-5.04592e-07
0.000580797
9.97513e-07
-8.42555e-07
0.00056783
1.56954e-06
-1.99113e-06
0.0005427
8.76408e-07
-4.05123e-06
0.000507023
-7.62784e-06
0.000463199
-4.60217e-06
1.19489e-07
-1.2407e-07
0.000432949
1.59263e-07
-1.53589e-07
0.000476766
2.20183e-07
-2.03863e-07
0.000512045
3.11184e-07
-2.75053e-07
0.000536747
4.4078e-07
-3.97978e-07
0.000549458
6.15779e-07
-6.84911e-07
0.000549456
8.30733e-07
-1.06151e-06
0.000536742
9.82381e-07
-2.14523e-06
0.00051204
6.70702e-08
-3.13676e-06
0.000476753
-4.88233e-06
0.000432688
-2.67782e-06
1.14105e-07
-1.59428e-07
0.000399834
1.50239e-07
-1.97132e-07
0.000443285
2.07555e-07
-2.6853e-07
0.000478112
2.94528e-07
-3.68928e-07
0.000502415
4.12311e-07
-5.21957e-07
0.000514895
5.43626e-07
-8.21293e-07
0.000514893
6.74872e-07
-1.19647e-06
0.000502407
6.5031e-07
-2.12302e-06
0.000478097
1.09287e-07
-2.59658e-06
0.000443235
-4.06604e-06
0.000399522
-7.06444e-07
1.09324e-07
-1.91732e-07
0.000366184
1.41234e-07
-2.35789e-07
0.000409291
1.91337e-07
-3.25434e-07
0.000443677
2.66765e-07
-4.50689e-07
0.000467588
3.63858e-07
-6.24789e-07
0.000479842
4.55002e-07
-9.17153e-07
0.00047984
5.23987e-07
-1.26892e-06
0.00046758
4.29858e-07
-2.03115e-06
0.000443661
1.23417e-07
-2.29105e-06
0.000409244
-3.71013e-06
0.000365958
-2.32206e-07
1.03206e-07
-2.20234e-07
0.000332438
1.29299e-07
-2.68089e-07
0.000375205
1.68532e-07
-3.70853e-07
0.000409148
2.25836e-07
-5.13884e-07
0.000432669
2.94961e-07
-6.99108e-07
0.000444698
3.46016e-07
-9.7254e-07
0.000444696
3.68228e-07
-1.29444e-06
0.000432662
2.48439e-07
-1.91352e-06
0.000409134
7.43698e-08
-2.11805e-06
0.000375168
-3.45116e-06
0.000332297
-1.84515e-07
9.30743e-08
-2.4259e-07
0.000298681
1.11231e-07
-2.91729e-07
0.000341106
1.36327e-07
-4.01504e-07
0.000374604
1.70345e-07
-5.53248e-07
0.000397733
2.0582e-07
-7.39439e-07
0.000409537
2.16019e-07
-9.86701e-07
0.000409535
1.97139e-07
-1.27865e-06
0.000397727
6.71754e-08
-1.78559e-06
0.000374592
-5.81929e-08
-1.9936e-06
0.00034108
-3.14989e-06
0.000298599
-3.59552e-07
7.68442e-08
-2.55119e-07
0.000264937
8.4878e-08
-3.04543e-07
0.000307017
9.30946e-08
-4.14662e-07
0.000340064
9.9856e-08
-5.64794e-07
0.000362797
9.79707e-08
-7.41815e-07
0.000374374
6.69861e-08
-9.59377e-07
0.000374372
2.88263e-09
-1.21727e-06
0.000362792
-1.44852e-07
-1.63988e-06
0.000340054
-2.45141e-07
-1.89429e-06
0.000306999
-2.79114e-06
0.000264892
-6.04141e-07
5.31442e-08
-2.52837e-07
0.000231231
4.86812e-08
-3.0435e-07
0.000272965
3.84217e-08
-4.08781e-07
0.000305548
1.58275e-08
-5.46451e-07
0.000327876
-2.49545e-08
-7.04912e-07
0.00033922
-9.48791e-08
-8.9271e-07
0.000339218
-1.93417e-07
-1.12123e-06
0.000327871
-3.64914e-07
-1.47027e-06
0.00030554
-4.90787e-07
-1.76958e-06
0.000272952
-2.44554e-06
0.000231206
-8.36757e-07
2.83214e-08
0.000197598
5.0065e-09
0.000238988
-2.85013e-08
0.000271091
-7.97277e-08
0.000292994
-1.54677e-07
0.000304097
-2.58783e-07
0.000304095
-3.88632e-07
0.00029299
-5.69338e-07
0.000271084
-7.27105e-07
0.000238979
0.000197584
-1.04423e-06
9.77663e-08
-4.82803e-08
0.000452356
1.37699e-07
-5.85009e-08
0.0004978
1.88808e-07
-6.90838e-08
0.00053455
2.55277e-07
-8.3072e-08
0.000560414
3.65257e-07
-1.24498e-07
0.000573763
6.28352e-07
-2.74978e-07
0.000573774
1.13676e-06
-5.16907e-07
0.000560458
2.54544e-06
-1.4132e-06
0.000534729
7.28412e-06
-4.73902e-06
0.000498595
-1.30713e-05
0.00045606
2.0363e-05
1.03615e-07
-9.34641e-08
0.000462511
1.41284e-07
-1.13114e-07
0.000506851
1.97028e-07
-1.41539e-07
0.000542673
2.79793e-07
-1.81657e-07
0.000567836
4.06944e-07
-2.65513e-07
0.000580808
6.28905e-07
-5.08188e-07
0.000580808
9.47736e-07
-8.44277e-07
0.000567838
1.51525e-06
-1.98566e-06
0.000542705
8.12305e-07
-4.03745e-06
0.000507024
-7.59702e-06
0.000463197
-4.66079e-06
9.82136e-08
-1.34303e-07
0.000432964
1.32152e-07
-1.62801e-07
0.000476782
1.87274e-07
-2.12145e-07
0.000512061
2.72796e-07
-2.81823e-07
0.000536762
3.97323e-07
-4.02968e-07
0.000549471
5.67701e-07
-6.89166e-07
0.000549467
7.7816e-07
-1.0627e-06
0.00053675
9.26009e-07
-2.13846e-06
0.000512045
9.3878e-09
-3.12258e-06
0.000476754
-4.85045e-06
0.000432687
-2.73592e-06
9.18189e-08
-1.70928e-07
0.000399848
1.21768e-07
-2.07266e-07
0.000443299
1.7299e-07
-2.77792e-07
0.000478127
2.54351e-07
-3.76779e-07
0.000502429
3.67036e-07
-5.27819e-07
0.000514907
4.93487e-07
-8.25628e-07
0.000514903
6.20162e-07
-1.1968e-06
0.000502415
5.92338e-07
-2.11538e-06
0.000478102
5.03039e-08
-2.58233e-06
0.000443237
-4.02498e-06
0.000399521
-7.7415e-07
8.60795e-08
-2.03598e-07
0.000366197
1.1151e-07
-2.45936e-07
0.000409305
1.5521e-07
-3.34801e-07
0.00044369
2.24816e-07
-4.58892e-07
0.000467601
3.16743e-07
-6.31008e-07
0.000479853
4.03023e-07
-9.21217e-07
0.000479849
4.6794e-07
-1.26862e-06
0.000467587
3.71327e-07
-2.02333e-06
0.000443665
6.13232e-08
-2.27422e-06
0.000409246
-3.67685e-06
0.000365957
-2.8631e-07
7.89217e-08
-2.3154e-07
0.000332449
9.82527e-08
-2.77351e-07
0.000375217
1.30793e-07
-3.79455e-07
0.00040916
1.82064e-07
-5.21709e-07
0.000432681
2.4599e-07
-7.05201e-07
0.000444708
2.92382e-07
-9.76179e-07
0.000444704
3.11503e-07
-1.29425e-06
0.000432668
1.90576e-07
-1.90674e-06
0.000409138
1.68835e-08
-2.10266e-06
0.00037517
-3.42409e-06
0.000332296
-2.35779e-07
6.75884e-08
-2.52331e-07
0.000298691
7.87287e-08
-2.99228e-07
0.000341116
9.69057e-08
-4.08535e-07
0.000374615
1.24751e-07
-5.60031e-07
0.000397744
1.5508e-07
-7.45013e-07
0.000409546
1.6085e-07
-9.89793e-07
0.000409543
1.39782e-07
-1.27921e-06
0.000397733
1.57818e-08
-1.78676e-06
0.000374596
-1.13483e-07
-1.97553e-06
0.000341082
-3.12507e-06
0.0002986
-4.1276e-07
4.99478e-08
-2.62159e-07
0.000264946
5.07354e-08
-3.09429e-07
0.000307026
5.19372e-08
-4.19444e-07
0.000340074
5.2473e-08
-5.6995e-07
0.000362807
4.5541e-08
-7.46506e-07
0.000374382
1.21002e-08
-9.63515e-07
0.000374379
-5.49673e-08
-1.21762e-06
0.000362797
-2.06923e-07
-1.63872e-06
0.000340058
-2.97487e-07
-1.88708e-06
0.000307001
-2.77323e-06
0.000264893
-6.49952e-07
2.45708e-08
-2.55869e-07
0.000231239
1.24258e-08
-3.05577e-07
0.000272973
-4.54722e-09
-4.1102e-07
0.000305557
-3.32358e-08
-5.49571e-07
0.000327884
-7.8888e-08
-7.08435e-07
0.000339227
-1.53127e-07
-8.95694e-07
0.000339224
-2.52785e-07
-1.12295e-06
0.000327876
-4.23798e-07
-1.47137e-06
0.000305544
-5.44699e-07
-1.76843e-06
0.000272954
-2.43811e-06
0.000231207
-8.80667e-07
-2.40944e-09
0.000197605
-3.29978e-08
0.000238995
-7.33708e-08
0.000271098
-1.30464e-07
0.000293002
-2.10199e-07
0.000304103
-3.17554e-07
0.000304101
-4.48531e-07
0.000292995
-6.28154e-07
0.000271087
-7.81388e-07
0.000238981
0.000197585
-1.08792e-06
5.93241e-08
-5.79761e-08
0.000452395
8.93118e-08
-6.69145e-08
0.000497837
1.3002e-07
-7.63338e-08
0.000534586
1.85975e-07
-8.89505e-08
0.000560447
2.85867e-07
-1.28809e-07
0.000573792
5.40845e-07
-2.78627e-07
0.000573798
1.0425e-06
-5.18255e-07
0.000560475
2.43856e-06
-1.40532e-06
0.000534739
7.16526e-06
-4.72749e-06
0.000498596
-1.29941e-05
0.000456044
2.01757e-05
6.33187e-08
-1.09774e-07
0.000462544
9.01634e-08
-1.27447e-07
0.000506885
1.3482e-07
-1.54067e-07
0.000542706
2.06819e-07
-1.92086e-07
0.000567867
3.23833e-07
-2.73257e-07
0.000580836
5.36946e-07
-5.14215e-07
0.000580831
8.47302e-07
-8.45191e-07
0.000567855
1.40509e-06
-1.9734e-06
0.000542716
6.83895e-07
-4.00945e-06
0.000507027
-7.52718e-06
0.000463195
-4.78057e-06
5.58107e-08
-1.5515e-07
0.000432995
7.81792e-08
-1.81012e-07
0.000476813
1.21637e-07
-2.28183e-07
0.000512091
1.96046e-07
-2.95413e-07
0.000536791
3.10295e-07
-4.13118e-07
0.000549497
4.71406e-07
-6.96463e-07
0.000549488
6.73465e-07
-1.06283e-06
0.000536766
8.13484e-07
-2.12367e-06
0.000512055
-1.07985e-07
-3.0919e-06
0.000476758
-4.78075e-06
0.000432684
-2.85162e-06
4.74444e-08
-1.94456e-07
0.000399876
6.5195e-08
-2.27522e-07
0.000443328
1.04223e-07
-2.95699e-07
0.000478155
1.74139e-07
-3.92182e-07
0.000502456
2.76476e-07
-5.39433e-07
0.000514931
3.93509e-07
-8.33341e-07
0.000514922
5.12418e-07
-1.19636e-06
0.000502429
4.78648e-07
-2.09967e-06
0.000478112
-6.64077e-08
-2.55075e-06
0.000443241
-3.94709e-06
0.000399519
-8.97859e-07
3.97296e-08
-2.27918e-07
0.000366222
5.23675e-08
-2.66404e-07
0.000409331
8.33268e-08
-3.52876e-07
0.000443716
1.41152e-07
-4.74719e-07
0.000467626
2.2272e-07
-6.43169e-07
0.000479876
2.99763e-07
-9.28819e-07
0.000479867
3.58295e-07
-1.26851e-06
0.000467601
2.58677e-07
-2.00932e-06
0.000443675
-5.37213e-08
-2.24238e-06
0.00040925
-3.61409e-06
0.000365956
-3.85498e-07
3.03885e-08
-2.54681e-07
0.000332471
3.63132e-08
-2.96156e-07
0.00037524
5.55896e-08
-3.9599e-07
0.000409184
9.48087e-08
-5.36618e-07
0.000432703
1.48484e-07
-7.17095e-07
0.000444729
1.86142e-07
-9.83471e-07
0.000444721
2.00328e-07
-1.29544e-06
0.000432681
8.3668e-08
-1.90131e-06
0.000409147
-9.73073e-08
-2.06584e-06
0.000375175
-3.37179e-06
0.000332296
-3.39291e-07
1.65699e-08
-2.72203e-07
0.00029871
1.35821e-08
-3.14375e-07
0.000341138
1.82264e-08
-4.22066e-07
0.000374636
3.38982e-08
-5.72827e-07
0.000397764
5.41299e-08
-7.55875e-07
0.000409565
5.28259e-08
-9.97642e-07
0.000409558
2.21726e-08
-1.27671e-06
0.000397745
-1.00459e-07
-1.7866e-06
0.000374604
-2.14141e-07
-1.95651e-06
0.000341087
-3.07559e-06
0.0002986
-5.10951e-07
-4.78061e-09
-2.75624e-07
0.000264963
-1.84955e-08
-3.1928e-07
0.000307045
-3.01396e-08
-4.29474e-07
0.000340093
-4.17917e-08
-5.79556e-07
0.000362825
-5.91173e-08
-7.55129e-07
0.000374399
-1.00651e-07
-9.70181e-07
0.000374393
-1.66809e-07
-1.22136e-06
0.000362808
-3.22963e-07
-1.63808e-06
0.000340065
-4.03988e-07
-1.87975e-06
0.000307006
-2.74174e-06
0.000264894
-7.3915e-07
-3.19006e-08
-2.61666e-07
0.000231253
-5.88092e-08
-3.0865e-07
0.000272989
-8.99722e-08
-4.15084e-07
0.000305574
-1.30817e-07
-5.54995e-07
0.0003279
-1.86039e-07
-7.14766e-07
0.000339242
-2.6679e-07
-9.0206e-07
0.000339237
-3.69324e-07
-1.12871e-06
0.000327886
-5.38089e-07
-1.47646e-06
0.000305551
-6.50924e-07
-1.77128e-06
0.000272958
-2.42765e-06
0.000231209
-9.66757e-07
-6.29755e-08
0.000197617
-1.08472e-07
0.000239009
-1.62368e-07
0.000271113
-2.30987e-07
0.000293016
-3.19818e-07
0.000304116
-4.33207e-07
0.000304112
-5.6641e-07
0.000293004
-7.4368e-07
0.000271094
-8.88322e-07
0.000238985
0.000197587
-1.17105e-06
-1.76962e-08
-7.62495e-08
0.00045247
-8.42678e-09
-8.31244e-08
0.000497911
1.26276e-08
-9.21709e-08
0.000534657
4.91791e-08
-1.02223e-07
0.000560513
1.30331e-07
-1.38821e-07
0.000573849
3.67965e-07
-2.85088e-07
0.000573845
8.55977e-07
-5.20697e-07
0.000560507
2.22354e-06
-1.3869e-06
0.000534758
6.92627e-06
-4.70527e-06
0.000498598
-1.28334e-05
0.00045601
1.97932e-05
-1.72446e-08
-1.41165e-07
0.00046261
-1.2624e-08
-1.54769e-07
0.000506952
1.16732e-08
-1.8188e-07
0.000542771
6.30038e-08
-2.14721e-07
0.000567928
1.60757e-07
-2.90777e-07
0.00058089
3.55094e-07
-5.2476e-07
0.000580876
6.49229e-07
-8.47321e-07
0.000567887
1.18465e-06
-1.94381e-06
0.000542737
4.10065e-07
-3.93971e-06
0.000507036
-7.39721e-06
0.000463189
-5.02024e-06
-2.849e-08
-1.9553e-07
0.000433055
-2.83545e-08
-2.16627e-07
0.000476875
-9.10948e-09
-2.6171e-07
0.000512152
4.50488e-08
-3.25703e-07
0.000536848
1.39471e-07
-4.35753e-07
0.000549547
2.81278e-07
-7.08933e-07
0.000549531
4.68298e-07
-1.0652e-06
0.000536797
5.92809e-07
-2.08928e-06
0.000512076
-3.22348e-07
-3.03439e-06
0.000476768
-4.63578e-06
0.000432678
-3.07805e-06
-4.0389e-08
-2.40113e-07
0.00039993
-4.57499e-08
-2.68007e-07
0.000443385
-3.05485e-08
-3.33042e-07
0.000478211
1.68058e-08
-4.25846e-07
0.000502508
9.87094e-08
-5.6483e-07
0.000514978
1.96532e-07
-8.46157e-07
0.000514962
3.01731e-07
-1.19969e-06
0.000502459
2.57739e-07
-2.06478e-06
0.000478131
-2.99703e-07
-2.48677e-06
0.000443251
-3.80876e-06
0.000399515
-1.1225e-06
-5.17131e-08
-2.75115e-07
0.000366272
-6.33831e-08
-3.08051e-07
0.000409383
-5.66932e-08
-3.91288e-07
0.000443768
-2.24349e-08
-5.08734e-07
0.000467674
3.838e-08
-6.69237e-07
0.000479919
9.70752e-08
-9.41228e-07
0.000479904
1.43054e-07
-1.27328e-06
0.000467629
5.05505e-08
-1.99014e-06
0.000443693
-2.86846e-07
-2.15922e-06
0.00040926
-3.48563e-06
0.000365954
-6.08062e-07
-6.50067e-08
-2.99562e-07
0.000332516
-8.47572e-08
-3.35105e-07
0.000375287
-9.08975e-08
-4.32015e-07
0.000409231
-7.58269e-08
-5.68351e-07
0.000432748
-4.3071e-08
-7.41883e-07
0.000444769
-1.53937e-08
-1.00227e-06
0.000444755
-3.04374e-08
-1.2842e-06
0.000432707
-1.34524e-07
-1.90275e-06
0.000409164
-3.06474e-07
-1.99684e-06
0.000375184
-3.24347e-06
0.000332296
-5.48892e-07
-8.31127e-08
-3.10789e-07
0.000298749
-1.13058e-07
-3.4686e-07
0.000341179
-1.34924e-07
-4.52313e-07
0.000374679
-1.43741e-07
-5.99874e-07
0.000397805
-1.44215e-07
-7.77824e-07
0.000409601
-1.63595e-07
-1.01343e-06
0.000409589
-1.96436e-07
-1.27516e-06
0.000397769
-3.41017e-07
-1.77414e-06
0.00037462
-4.20444e-07
-1.92635e-06
0.000341096
-2.97207e-06
0.000298602
-6.93764e-07
-1.08221e-07
-3.04621e-07
0.000264997
-1.50304e-07
-3.41451e-07
0.000307082
-1.90087e-07
-4.50048e-07
0.00034013
-2.26369e-07
-5.99732e-07
0.000362861
-2.63758e-07
-7.73124e-07
0.000374432
-3.21325e-07
-9.83658e-07
0.000374421
-3.91466e-07
-1.22664e-06
0.00036283
-5.45903e-07
-1.63491e-06
0.00034008
-6.1538e-07
-1.86564e-06
0.000307014
-2.67919e-06
0.000264897
-9.11339e-07
-1.4217e-07
-2.75307e-07
0.000231282
-1.98476e-07
-3.17118e-07
0.000273021
-2.56843e-07
-4.24693e-07
0.000305607
-3.21872e-07
-5.66759e-07
0.000327932
-3.96561e-07
-7.27723e-07
0.000339271
-4.90405e-07
-9.14828e-07
0.000339262
-5.9713e-07
-1.13965e-06
0.000327906
-7.6091e-07
-1.48532e-06
0.000305565
-8.58587e-07
-1.77671e-06
0.000272967
-2.40681e-06
0.000231213
-1.13473e-06
-1.81243e-07
0.000197641
-2.56135e-07
0.000239037
-3.36665e-07
0.000271141
-4.28375e-07
0.000293044
-5.35398e-07
0.000304142
-6.60598e-07
0.000304135
-7.97337e-07
0.000293022
-9.68797e-07
0.000271107
-1.09654e-06
0.000238993
0.000197591
-1.3359e-06
-1.71003e-07
-1.09096e-07
0.000452613
-1.98802e-07
-1.15429e-07
0.000498054
-2.16815e-07
-1.20944e-07
0.000534796
-2.18299e-07
-1.27166e-07
0.000560641
-1.70445e-07
-1.59794e-07
0.000573961
3.9769e-08
-2.99393e-07
0.000573934
4.97675e-07
-5.23825e-07
0.000560573
1.80732e-06
-1.34374e-06
0.000534792
6.41947e-06
-4.61197e-06
0.000498598
-1.25514e-05
0.000455945
1.90363e-05
-1.77206e-07
-1.99526e-07
0.000462739
-2.12121e-07
-2.11263e-07
0.000507083
-2.30083e-07
-2.30769e-07
0.000542899
-2.18522e-07
-2.58062e-07
0.000568047
-1.56379e-07
-3.26743e-07
0.000580995
1.4173e-08
-5.55326e-07
0.000580962
2.62095e-07
-8.38677e-07
0.000567953
7.6463e-07
-1.885e-06
0.000542776
-6.87173e-08
-3.79415e-06
0.000507051
-7.12176e-06
0.000463179
-5.48812e-06
-1.96225e-07
-2.72087e-07
0.000433173
-2.39395e-07
-2.89284e-07
0.000476996
-2.62094e-07
-3.27078e-07
0.000512271
-2.51176e-07
-3.80565e-07
0.000536959
-1.94952e-07
-4.81543e-07
0.000549646
-8.0502e-08
-7.50807e-07
0.000549612
5.1172e-08
-1.03371e-06
0.00053686
1.789e-07
-2.05026e-06
0.000512113
-7.51481e-07
-2.8806e-06
0.000476784
-4.3367e-06
0.000432669
-3.52769e-06
-2.15323e-07
-3.27972e-07
0.000400039
-2.66674e-07
-3.50044e-07
0.000443497
-2.97106e-07
-4.07399e-07
0.000478322
-2.9344e-07
-4.8833e-07
0.000502613
-2.52309e-07
-6.15136e-07
0.000515071
-1.94628e-07
-8.84981e-07
0.000515038
-1.23142e-07
-1.16415e-06
0.000502518
-1.5848e-07
-2.05092e-06
0.000478167
-7.2171e-07
-2.33393e-06
0.000443267
-3.49707e-06
0.000399509
-1.55553e-06
-2.33814e-07
-3.67101e-07
0.00036637
-2.94001e-07
-3.92443e-07
0.000409485
-3.35794e-07
-4.6761e-07
0.00044387
-3.46754e-07
-5.735e-07
0.000467771
-3.27872e-07
-7.19751e-07
0.000480005
-3.07679e-07
-9.76457e-07
0.000479975
-2.82277e-07
-1.24398e-06
0.000467683
-4.06381e-07
-1.9616e-06
0.000443727
-7.07156e-07
-2.04946e-06
0.000409276
-3.17216e-06
0.000365952
-1.03023e-06
-2.54872e-07
-3.8812e-07
0.000332604
-3.25763e-07
-4.14503e-07
0.00037538
-3.82485e-07
-5.03807e-07
0.000409324
-4.14158e-07
-6.29911e-07
0.000432836
-4.23365e-07
-7.89242e-07
0.000444847
-4.37721e-07
-1.02792e-06
0.00044482
-4.52658e-07
-1.27934e-06
0.000432757
-5.93367e-07
-1.85416e-06
0.000409197
-7.36906e-07
-1.92258e-06
0.000375201
-2.97236e-06
0.000332298
-9.3818e-07
-2.81447e-07
-3.87982e-07
0.000298827
-3.65161e-07
-4.13845e-07
0.000341262
-4.39568e-07
-5.13161e-07
0.000374763
-4.96303e-07
-6.53068e-07
0.000397885
-5.37923e-07
-8.19489e-07
0.000409673
-5.87605e-07
-1.03851e-06
0.000409649
-6.36925e-07
-1.27651e-06
0.000397815
-7.81104e-07
-1.74142e-06
0.000374652
-8.48221e-07
-1.87234e-06
0.000341113
-2.77394e-06
0.000298607
-1.05083e-06
-3.158e-07
-3.61961e-07
0.000265065
-4.14216e-07
-3.88703e-07
0.000307155
-5.08071e-07
-4.93991e-07
0.000340205
-5.92718e-07
-6.40156e-07
0.000362933
-6.69715e-07
-8.07298e-07
0.000374497
-7.55046e-07
-1.00809e-06
0.000374476
-8.3778e-07
-1.23645e-06
0.000362873
-9.84712e-07
-1.62431e-06
0.00034011
-1.03519e-06
-1.83891e-06
0.000307032
-2.56086e-06
0.000264904
-1.25454e-06
-3.60237e-07
-3.03628e-07
0.00023134
-4.75395e-07
-3.37475e-07
0.000273085
-5.88594e-07
-4.46634e-07
0.000305673
-7.01689e-07
-5.9083e-07
0.000327996
-8.14524e-07
-7.52588e-07
0.00033933
-9.33569e-07
-9.38631e-07
0.000339312
-1.04878e-06
-1.16034e-06
0.000327945
-1.20065e-06
-1.50042e-06
0.000305593
-1.26876e-06
-1.78788e-06
0.000272984
-2.36803e-06
0.00023122
-1.46922e-06
-4.14659e-07
0.000197689
-5.48717e-07
0.000239091
-6.83272e-07
0.000271199
-8.21398e-07
0.0002931
-9.64431e-07
0.000304194
-1.11236e-06
0.000304179
-1.25547e-06
0.000293058
-1.41354e-06
0.000271133
-1.50764e-06
0.00023901
0.000197599
-1.66363e-06
-4.69401e-07
-1.79154e-07
0.000452895
-5.71107e-07
-1.83627e-07
0.000498339
-6.65589e-07
-1.8319e-07
0.000535073
-7.44199e-07
-1.79864e-07
0.0005609
-7.72928e-07
-1.99228e-07
0.000574189
-6.34579e-07
-3.24523e-07
0.00057412
-2.55393e-07
-5.08855e-07
0.000560703
1.00793e-06
-1.3255e-06
0.000534854
5.44283e-06
-4.43654e-06
0.000498599
-1.19594e-05
0.000455809
1.75374e-05
-4.876e-07
-3.21933e-07
0.000462993
-6.0127e-07
-3.28558e-07
0.000507341
-7.0037e-07
-3.37246e-07
0.000543152
-7.69348e-07
-3.47879e-07
0.000568284
-7.8646e-07
-3.92005e-07
0.000581204
-6.92908e-07
-5.91395e-07
0.000581135
-4.97215e-07
-8.32509e-07
0.000568081
-1.07881e-08
-1.88867e-06
0.000542853
-9.4466e-07
-3.53446e-06
0.000507083
-6.46013e-06
0.000463155
-6.4203e-06
-5.20228e-07
-4.30528e-07
0.000433404
-6.47042e-07
-4.39609e-07
0.000477234
-7.55173e-07
-4.63339e-07
0.000512505
-8.27797e-07
-4.95425e-07
0.000537179
-8.51374e-07
-5.64132e-07
0.000549842
-8.12473e-07
-7.92518e-07
0.000549774
-7.21099e-07
-1.045e-06
0.000536981
-6.91908e-07
-1.99438e-06
0.00051219
-1.64217e-06
-2.6168e-06
0.000476817
-3.66661e-06
0.000432652
-4.41827e-06
-5.52085e-07
-5.07628e-07
0.00040025
-6.91609e-07
-5.18853e-07
0.000443716
-8.11406e-07
-5.60299e-07
0.000478539
-8.9392e-07
-6.17299e-07
0.000502817
-9.31484e-07
-7.08786e-07
0.000515253
-9.37733e-07
-9.37535e-07
0.000515189
-9.23724e-07
-1.17281e-06
0.000502631
-1.04451e-06
-1.94702e-06
0.00047824
-1.60074e-06
-2.09281e-06
0.0004433
-2.86241e-06
0.000399498
-2.39393e-06
-5.83584e-07
-5.53549e-07
0.000366561
-7.36571e-07
-5.65496e-07
0.000409685
-8.71723e-07
-6.24226e-07
0.000444069
-9.71365e-07
-7.05996e-07
0.000467959
-1.03105e-06
-8.17464e-07
0.000480173
-1.07574e-06
-1.033e-06
0.000480115
-1.11015e-06
-1.24465e-06
0.000467789
-1.27177e-06
-1.8549e-06
0.000443797
-1.56367e-06
-1.83354e-06
0.000409309
-2.60054e-06
0.000365949
-1.82245e-06
-6.18896e-07
-5.66763e-07
0.000332774
-7.87573e-07
-5.77403e-07
0.000375561
-9.41732e-07
-6.51276e-07
0.000409505
-1.06447e-06
-7.55582e-07
0.000433008
-1.15245e-06
-8.83898e-07
0.000445002
-1.23126e-06
-1.08337e-06
0.00044495
-1.29456e-06
-1.28021e-06
0.000432856
-1.45319e-06
-1.76205e-06
0.000409263
-1.57569e-06
-1.74446e-06
0.000375234
-2.49771e-06
0.000332301
-1.68217e-06
-6.61044e-07
-5.43704e-07
0.000298978
-8.47713e-07
-5.52122e-07
0.000341424
-1.02336e-06
-6.38972e-07
0.000374926
-1.17303e-06
-7.62164e-07
0.000398041
-1.29324e-06
-9.04516e-07
0.000409814
-1.40362e-06
-1.09136e-06
0.000409768
-1.4899e-06
-1.28547e-06
0.000397907
-1.63556e-06
-1.67866e-06
0.000374714
-1.66943e-06
-1.74443e-06
0.000341147
-2.42497e-06
0.000298616
-1.75118e-06
-7.12456e-07
-4.78645e-07
0.000265195
-9.18965e-07
-4.88035e-07
0.000307298
-1.11721e-06
-5.86374e-07
0.000340351
-1.29584e-06
-7.23833e-07
0.000363073
-1.45015e-06
-8.77333e-07
0.000374624
-1.59083e-06
-1.05854e-06
0.000374584
-1.70068e-06
-1.2598e-06
0.000362957
-1.83472e-06
-1.60357e-06
0.000340169
-1.83751e-06
-1.77567e-06
0.000307066
-2.34949e-06
0.000264916
-1.92593e-06
-7.76461e-07
-3.63749e-07
0.000231452
-1.00487e-06
-3.8371e-07
0.000273209
-1.2243e-06
-4.95272e-07
0.000305801
-1.43104e-06
-6.41763e-07
0.000328121
-1.61863e-06
-8.03657e-07
0.000339444
-1.7875e-06
-9.87123e-07
0.000339409
-1.92136e-06
-1.20302e-06
0.000328022
-2.05021e-06
-1.52996e-06
0.000305648
-2.05499e-06
-1.80467e-06
0.000273018
-2.30058e-06
0.000231236
-2.11931e-06
-8.6021e-07
0.000197783
-1.10835e-06
0.000239198
-1.34794e-06
0.00027131
-1.57672e-06
0.00029321
-1.79034e-06
0.000304295
-1.9831e-06
0.000304267
-2.13959e-06
0.000293128
-2.27163e-06
0.000271184
-2.29769e-06
0.000239043
0.000197616
-2.29778e-06
-1.09815e-06
-2.9105e-07
0.000453435
-1.35249e-06
-2.92596e-07
0.000498886
-1.60032e-06
-2.82878e-07
0.000535604
-1.82717e-06
-2.65144e-07
0.000561392
-1.99569e-06
-2.62734e-07
0.000574621
-1.98623e-06
-3.59884e-07
0.000574471
-1.73292e-06
-5.04285e-07
0.000560954
-5.89239e-07
-1.26431e-06
0.000534975
3.55862e-06
-4.10236e-06
0.000498554
-1.06033e-05
0.000455485
1.44859e-05
-1.14267e-06
-5.24326e-07
0.000463492
-1.41894e-06
-5.22142e-07
0.000507847
-1.68122e-06
-5.12841e-07
0.000543645
-1.9071e-06
-4.96575e-07
0.000568741
-2.06994e-06
-5.0097e-07
0.000581606
-2.11062e-06
-6.46139e-07
0.000581462
-2.04253e-06
-8.11705e-07
0.00056832
-1.74979e-06
-1.69806e-06
0.000542994
-2.80233e-06
-3.09954e-06
0.000507132
-5.05322e-06
0.000463108
-8.30568e-06
-1.2041e-06
-7.02163e-07
0.000433868
-1.50352e-06
-6.96539e-07
0.000477708
-1.78406e-06
-6.95518e-07
0.000512969
-2.02142e-06
-6.90757e-07
0.000537611
-2.19617e-06
-7.05615e-07
0.000550221
-2.29469e-06
-8.57736e-07
0.000550084
-2.32534e-06
-1.0097e-06
0.000537209
-2.40878e-06
-1.75295e-06
0.000512328
-3.46144e-06
-2.09701e-06
0.000476867
-2.28558e-06
0.000432608
-6.18603e-06
-1.26304e-06
-8.26429e-07
0.00040068
-1.58457e-06
-8.17059e-07
0.000444158
-1.8853e-06
-8.28807e-07
0.000478973
-2.13928e-06
-8.42014e-07
0.000503222
-2.33216e-06
-8.69781e-07
0.00051561
-2.47391e-06
-1.00835e-06
0.000515482
-2.57116e-06
-1.12875e-06
0.000502848
-2.77653e-06
-1.68063e-06
0.000478373
-3.37283e-06
-1.55177e-06
0.00044335
-1.59131e-06
0.000399464
-4.03287e-06
-1.32222e-06
-8.93014e-07
0.000366953
-1.66695e-06
-8.7859e-07
0.000410091
-1.99161e-06
-9.0509e-07
0.00044447
-2.26885e-06
-9.40278e-07
0.000468335
-2.48602e-06
-9.84378e-07
0.000480505
-2.66072e-06
-1.10622e-06
0.000480388
-2.79368e-06
-1.19862e-06
0.000467992
-3.00826e-06
-1.59343e-06
0.000443924
-3.28526e-06
-1.32817e-06
0.000409362
-1.49025e-06
0.000365931
-3.36834e-06
-1.38774e-06
-8.97105e-07
0.000333126
-1.75864e-06
-8.76094e-07
0.000375929
-2.11095e-06
-9.18566e-07
0.000409871
-2.41657e-06
-9.78893e-07
0.000433353
-2.66208e-06
-1.04408e-06
0.000445307
-2.86347e-06
-1.15695e-06
0.000445202
-3.00894e-06
-1.24259e-06
0.000433046
-3.18696e-06
-1.53745e-06
0.000409385
-3.25522e-06
-1.31656e-06
0.000375291
-1.5916e-06
0.000332298
-3.15077e-06
-1.46263e-06
-8.33135e-07
0.000299289
-1.86231e-06
-8.06205e-07
0.000341754
-2.24408e-06
-8.66909e-07
0.000375256
-2.58047e-06
-9.55055e-07
0.000398353
-2.85635e-06
-1.04698e-06
0.000410092
-3.08024e-06
-1.16481e-06
0.000409999
-3.22966e-06
-1.26947e-06
0.000398083
-3.36357e-06
-1.52038e-06
0.000374831
-3.30986e-06
-1.42978e-06
0.000341206
-1.75407e-06
0.000298625
-3.15675e-06
-1.54952e-06
-6.9334e-07
0.000265467
-1.97967e-06
-6.67606e-07
0.00030759
-2.39059e-06
-7.50716e-07
0.000340646
-2.75786e-06
-8.68846e-07
0.000363355
-3.06418e-06
-9.93024e-07
0.000374876
-3.30806e-06
-1.13275e-06
0.000374796
-3.46189e-06
-1.27887e-06
0.00036312
-3.55804e-06
-1.53591e-06
0.000340281
-3.44257e-06
-1.60689e-06
0.000307127
-1.93502e-06
0.000264936
-3.2806e-06
-1.65366e-06
-4.67515e-07
0.000231684
-2.11626e-06
-4.5948e-07
0.000273464
-2.55223e-06
-5.74878e-07
0.000306061
-2.94676e-06
-7.24549e-07
0.000328371
-3.28079e-06
-8.85623e-07
0.00033967
-3.54233e-06
-1.06333e-06
0.000339602
-3.70379e-06
-1.26786e-06
0.000328172
-3.77604e-06
-1.56949e-06
0.000305753
-3.63466e-06
-1.81087e-06
0.00027308
-2.16307e-06
0.000231262
-3.43231e-06
-1.7966e-06
0.000197978
-2.2805e-06
0.000239416
-2.73442e-06
0.000271537
-3.14522e-06
0.00029343
-3.49704e-06
0.000304496
-3.77307e-06
0.000304439
-3.94744e-06
0.000293265
-4.01736e-06
0.000271284
-3.89199e-06
0.000239104
0.000197646
-3.5797e-06
-2.18461e-06
-5.97774e-07
0.000454535
-2.71369e-06
-5.89808e-07
0.000500005
-3.24713e-06
-5.58968e-07
0.000536697
-3.75837e-06
-5.10405e-07
0.000562414
-4.20229e-06
-4.63439e-07
0.000575528
-4.45619e-06
-4.98789e-07
0.000575223
-4.46483e-06
-5.49178e-07
0.000561512
-3.6278e-06
-1.1593e-06
0.000535297
2.52114e-07
-3.89486e-06
0.000498569
-7.57318e-06
0.000455007
8.3034e-06
-2.27159e-06
-1.04567e-06
0.000464471
-2.83944e-06
-1.02265e-06
0.000508848
-3.40495e-06
-9.7603e-07
0.000544627
-3.93207e-06
-9.05339e-07
0.000569663
-4.38426e-06
-8.31197e-07
0.000582426
-4.70003e-06
-8.64075e-07
0.000582143
-4.8915e-06
-8.72976e-07
0.000568836
-4.9081e-06
-1.45736e-06
0.000543309
-6.49101e-06
-2.42697e-06
0.000507248
-1.93057e-06
0.000462842
-1.18678e-05
-2.38273e-06
-1.35959e-06
0.000434749
-2.99098e-06
-1.32329e-06
0.000478616
-3.59141e-06
-1.27394e-06
0.000513867
-4.1451e-06
-1.19801e-06
0.000538457
-4.62097e-06
-1.10971e-06
0.000550976
-5.00021e-06
-1.1124e-06
0.000550712
-5.2892e-06
-1.05818e-06
0.000537684
-5.6344e-06
-1.41353e-06
0.00051263
-6.99214e-06
-1.19665e-06
0.000476994
5.99746e-07
0.00043256
-9.47426e-06
-2.48917e-06
-1.55333e-06
0.000401474
-3.13573e-06
-1.50513e-06
0.000444986
-3.77164e-06
-1.46228e-06
0.000479797
-4.35458e-06
-1.39455e-06
0.000504002
-4.85641e-06
-1.30425e-06
0.000516306
-5.27724e-06
-1.27153e-06
0.000516062
-5.61782e-06
-1.15669e-06
0.000503287
-6.02289e-06
-1.29219e-06
0.000478657
-6.76287e-06
-5.83727e-07
0.000443477
9.16268e-07
0.000399434
-7.04981e-06
-2.5969e-06
-1.63256e-06
0.000367668
-3.28357e-06
-1.57192e-06
0.000410845
-3.95862e-06
-1.54203e-06
0.000445225
-4.57581e-06
-1.49402e-06
0.000469051
-5.10582e-06
-1.41619e-06
0.000481147
-5.55121e-06
-1.36208e-06
0.000480924
-5.90076e-06
-1.21475e-06
0.0004684
-6.24989e-06
-1.21068e-06
0.000444192
-6.54377e-06
-4.17473e-07
0.00040949
6.02061e-07
0.000365926
-6.224e-06
-2.71576e-06
-1.59601e-06
0.000333765
-3.44698e-06
-1.52179e-06
0.00037661
-4.16488e-06
-1.51131e-06
0.000410558
-4.81966e-06
-1.49493e-06
0.000434008
-5.37794e-06
-1.4472e-06
0.000445896
-5.83576e-06
-1.39836e-06
0.000445696
-6.16347e-06
-1.2656e-06
0.000433424
-6.41173e-06
-1.21576e-06
0.000409638
-6.40628e-06
-5.52786e-07
0.00037542
6.09729e-08
0.000332316
-5.88255e-06
-2.84921e-06
-1.4372e-06
0.000299853
-3.6283e-06
-1.35193e-06
0.000342363
-4.38961e-06
-1.37002e-06
0.000375876
-5.08154e-06
-1.39817e-06
0.000398949
-5.66595e-06
-1.40044e-06
0.00041063
-6.12757e-06
-1.39001e-06
0.000410453
-6.42171e-06
-1.32221e-06
0.000398434
-6.5668e-06
-1.31053e-06
0.000375071
-6.36806e-06
-8.83285e-07
0.000341338
-5.59134e-07
0.000298662
-5.78461e-06
-3.00047e-06
-1.14446e-06
0.000265957
-3.82912e-06
-1.06121e-06
0.000308128
-4.63089e-06
-1.12138e-06
0.000341199
-5.35627e-06
-1.20763e-06
0.000363889
-5.96287e-06
-1.28006e-06
0.000375362
-6.42315e-06
-1.34287e-06
0.000375209
-6.68489e-06
-1.38376e-06
0.000363444
-6.74181e-06
-1.48008e-06
0.000340507
-6.42252e-06
-1.33473e-06
0.00030726
-1.217e-06
0.000264987
-5.81575e-06
-3.17846e-06
-7.01813e-07
0.000232102
-4.05887e-06
-6.48619e-07
0.000273932
-4.89208e-06
-7.75145e-07
0.000306548
-5.64185e-06
-9.33033e-07
0.000328846
-6.26386e-06
-1.09353e-06
0.000340106
-6.71997e-06
-1.26009e-06
0.000339975
-6.95795e-06
-1.44188e-06
0.000328469
-6.95418e-06
-1.69593e-06
0.000305965
-6.55931e-06
-1.85979e-06
0.00027321
-1.94989e-06
0.000231322
-5.88664e-06
-3.43117e-06
0.000198326
-4.33648e-06
0.000239816
-5.18275e-06
0.000271959
-5.93645e-06
0.000293847
-6.55857e-06
0.000304882
-7.00911e-06
0.000304774
-7.24039e-06
0.000293535
-7.22211e-06
0.000271481
-6.83684e-06
0.00023923
0.000197711
-5.97167e-06
-4.89015e-06
-9.4177e-07
0.000456616
-6.0551e-06
-9.28227e-07
0.000502098
-7.20248e-06
-8.683e-07
0.000538712
-8.28471e-06
-7.7094e-07
0.000564267
-9.24719e-06
-6.46818e-07
0.000577137
-9.97626e-06
-5.63056e-07
0.000576515
-1.04734e-05
-4.45204e-07
0.000562455
-1.03401e-05
-6.21523e-07
0.000535785
-8.10713e-06
-2.26699e-06
0.000498603
1.19691e-07
0.000451222
-4.44159e-06
-5.09381e-06
-1.7068e-06
0.000466439
-6.34156e-06
-1.6525e-06
0.00051082
-7.565e-06
-1.54094e-06
0.000546523
-8.70387e-06
-1.36928e-06
0.0005714
-9.70839e-06
-1.14376e-06
0.000583927
-1.05246e-05
-9.47133e-07
0.000583344
-1.11866e-05
-6.10177e-07
0.000569663
-1.17729e-05
-4.97599e-07
0.000543771
-1.39444e-05
-2.56897e-07
0.000507409
4.78813e-06
0.000463619
-1.93891e-05
-5.34479e-06
-2.29923e-06
0.000436619
-6.67855e-06
-2.20036e-06
0.000480498
-7.97885e-06
-2.05181e-06
0.000515678
-9.17997e-06
-1.82576e-06
0.000540115
-1.02337e-05
-1.51935e-06
0.000552405
-1.11175e-05
-1.20373e-06
0.000551852
-1.18462e-05
-6.88821e-07
0.000538491
-1.25854e-05
-2.15695e-07
0.000513087
-1.4295e-05
1.32852e-06
0.000477118
6.70733e-06
0.000432519
-1.61729e-05
-5.58287e-06
-2.7111e-06
0.000403237
-6.99629e-06
-2.56602e-06
0.000446765
-8.36913e-06
-2.39346e-06
0.000481512
-9.62809e-06
-2.13581e-06
0.000505571
-1.07227e-05
-1.77718e-06
0.000517659
-1.1639e-05
-1.36619e-06
0.000517141
-1.23709e-05
-7.24374e-07
0.000504054
-1.30276e-05
-7.61909e-10
0.000479099
-1.38119e-05
1.98882e-06
0.000443601
6.28771e-06
0.000399275
-1.32332e-05
-5.81986e-06
-2.90332e-06
0.000369285
-7.31465e-06
-2.71353e-06
0.000412487
-8.76181e-06
-2.53471e-06
0.000446813
-1.00784e-05
-2.27685e-06
0.000470509
-1.12064e-05
-1.90927e-06
0.000482407
-1.21244e-05
-1.45796e-06
0.000481933
-1.27981e-05
-7.75745e-07
0.000469125
-1.32666e-05
4.02122e-08
0.000444619
-1.33906e-05
1.97427e-06
0.000409628
5.16656e-06
0.000365803
-1.21467e-05
-6.07436e-06
-2.84816e-06
0.000335218
-7.65693e-06
-2.61882e-06
0.000378098
-9.18093e-06
-2.45846e-06
0.000412006
-1.05538e-05
-2.23964e-06
0.000435344
-1.17071e-05
-1.91711e-06
0.000447058
-1.26033e-05
-1.4997e-06
0.000446634
-1.31783e-05
-8.83788e-07
0.000434107
-1.34203e-05
-1.34626e-07
0.000410055
-1.30806e-05
1.47394e-06
0.000375581
3.75236e-06
0.000332251
-1.16019e-05
-6.35121e-06
-2.52877e-06
0.000301137
-8.02498e-06
-2.27426e-06
0.000343693
-9.62269e-06
-2.16496e-06
0.000377181
-1.10453e-05
-2.02892e-06
0.00040016
-1.22139e-05
-1.80996e-06
0.000411691
-1.30727e-05
-1.50689e-06
0.000411319
-1.35361e-05
-1.06188e-06
0.000399075
-1.35586e-05
-5.1919e-07
0.000375478
-1.28937e-05
6.2635e-07
0.000341521
2.19209e-06
0.000298652
-1.13242e-05
-6.65561e-06
-1.92795e-06
0.000267074
-8.42015e-06
-1.68284e-06
0.000309301
-1.00818e-05
-1.66591e-06
0.000342362
-1.15425e-05
-1.65768e-06
0.000364979
-1.27156e-05
-1.59959e-06
0.000376325
-1.35291e-05
-1.48804e-06
0.000376003
-1.38873e-05
-1.30323e-06
0.000364044
-1.37237e-05
-1.07829e-06
0.000340902
-1.28286e-05
-4.69067e-07
0.00030746
5.28072e-07
0.000265023
-1.12006e-05
-7.00457e-06
-1.02545e-06
0.000233059
-8.85963e-06
-8.50468e-07
0.000274954
-1.05643e-05
-9.86475e-07
0.000307574
-1.20426e-05
-1.1494e-06
0.000329816
-1.32069e-05
-1.30124e-06
0.000340972
-1.39748e-05
-1.44397e-06
0.000340699
-1.42522e-05
-1.58289e-06
0.000329026
-1.39607e-05
-1.75032e-06
0.000306346
-1.28976e-05
-1.74332e-06
0.000273421
-1.29565e-06
0.000231391
-1.11429e-05
-7.49935e-06
0.000199126
-9.37785e-06
0.000240692
-1.10822e-05
0.000272851
-1.25392e-05
0.0002947
-1.36711e-05
0.000305653
-1.43998e-05
0.000305428
-1.46418e-05
0.000294048
-1.43214e-05
0.000271843
-1.32652e-05
0.000239446
0.000197802
-1.11409e-05
-8.87184e-06
-2.53117e-06
0.000461178
-1.10465e-05
-2.4238e-06
0.000506697
-1.32561e-05
-2.23004e-06
0.000543152
-1.53994e-05
-1.96244e-06
0.000568373
-1.73967e-05
-1.61475e-06
0.000580749
-1.91803e-05
-1.20353e-06
0.000579503
-2.0777e-05
-4.3562e-07
0.000564487
-2.20918e-05
5.50147e-07
0.00053655
-2.27842e-05
2.11656e-06
0.000497179
1.88713e-05
0.000437815
-2.82478e-05
-9.30891e-06
-4.3139e-06
0.000470377
-1.164e-05
-4.09648e-06
0.000514824
-1.4003e-05
-3.76072e-06
0.000550417
-1.62811e-05
-3.29804e-06
0.000575013
-1.83912e-05
-2.68329e-06
0.000587105
-2.02657e-05
-1.9351e-06
0.00058595
-2.19735e-05
-8.25919e-07
0.00057176
-2.37564e-05
6.41594e-07
0.000545463
-2.76638e-05
3.73867e-06
0.000509695
1.8478e-05
0.000469022
-3.26734e-05
-9.75664e-06
-5.41825e-06
0.000440012
-1.22381e-05
-5.11132e-06
0.000483995
-1.47431e-05
-4.69089e-06
0.000519114
-1.71429e-05
-4.10687e-06
0.000543324
-1.93437e-05
-3.31582e-06
0.000555238
-2.12946e-05
-2.31841e-06
0.000554186
-2.30239e-05
-8.46639e-07
0.000540241
-2.4753e-05
1.2598e-06
0.000514198
-2.72928e-05
5.73354e-06
0.000477663
1.81178e-05
0.000433393
-2.7806e-05
-1.01702e-05
-5.95096e-06
0.000406183
-1.27883e-05
-5.58028e-06
0.000449852
-1.54218e-05
-5.12672e-06
0.000484581
-1.79257e-05
-4.49133e-06
0.000508459
-2.01909e-05
-3.61218e-06
0.00052022
-2.21586e-05
-2.46888e-06
0.000519259
-2.38012e-05
-7.99257e-07
0.00050565
-2.51686e-05
1.60362e-06
0.000480122
-2.61572e-05
6.2979e-06
0.000444025
1.58826e-05
0.000399255
-2.3902e-05
-1.05798e-05
-6.01476e-06
0.00037189
-1.33375e-05
-5.59618e-06
0.000415261
-1.60989e-05
-5.15215e-06
0.0004496
-1.86979e-05
-4.53099e-06
0.000473148
-2.10037e-05
-3.65473e-06
0.000484755
-2.29304e-05
-2.489e-06
0.00048388
-2.43913e-05
-8.12681e-07
0.000470599
-2.53059e-05
1.54968e-06
0.000445588
-2.52576e-05
5.7958e-06
0.000410082
1.29993e-05
0.000365793
-2.23652e-05
-1.10238e-05
-5.64661e-06
0.000337533
-1.39326e-05
-5.19027e-06
0.000380601
-1.68232e-05
-4.80022e-06
0.000414545
-1.95076e-05
-4.26421e-06
0.000437762
-2.18302e-05
-3.49193e-06
0.000449217
-2.36714e-05
-2.44506e-06
0.000448431
-2.48915e-05
-9.62512e-07
0.000435477
-2.534e-05
1.07864e-06
0.000410975
-2.45654e-05
4.54192e-06
0.00037606
9.82841e-06
0.000332337
-2.14803e-05
-1.1513e-05
-4.83856e-06
0.000303175
-1.45784e-05
-4.36482e-06
0.000345933
-1.75886e-05
-4.0849e-06
0.000379475
-2.03395e-05
-3.71383e-06
0.000402361
-2.26532e-05
-3.15447e-06
0.000413668
-2.4379e-05
-2.3735e-06
0.000412973
-2.53411e-05
-1.27314e-06
0.000400348
-2.53625e-05
2.2678e-07
0.000376351
-2.40603e-05
2.7467e-06
0.000342014
6.50627e-06
0.000298818
-2.09036e-05
-1.20567e-05
-3.55712e-06
0.000268836
-1.52763e-05
-3.11952e-06
0.000311275
-1.83842e-05
-3.0242e-06
0.000344409
-2.11735e-05
-2.90442e-06
0.000366959
-2.34526e-05
-2.66685e-06
0.000378117
-2.50485e-05
-2.28944e-06
0.000377515
-2.57704e-05
-1.72829e-06
0.000365221
-2.54373e-05
-9.32227e-07
0.000341728
-2.37375e-05
5.51196e-07
0.000307956
3.05396e-06
0.000265242
-2.05049e-05
-1.26882e-05
-1.75486e-06
0.000234545
-1.60577e-05
-1.45624e-06
0.00027666
-1.92213e-05
-1.65685e-06
0.00030937
-2.20055e-05
-1.87685e-06
0.000331573
-2.42222e-05
-2.05489e-06
0.000342576
-2.5691e-05
-2.18855e-06
0.000342067
-2.62273e-05
-2.27143e-06
0.000330105
-2.56481e-05
-2.28508e-06
0.000307119
-2.36391e-05
-1.94404e-06
0.000273907
-6.29587e-07
0.000231641
-2.02055e-05
-1.359e-05
0.000200358
-1.69835e-05
0.000242143
-2.012e-05
0.000274403
-2.28239e-05
0.000296237
-2.49362e-05
0.000307073
-2.62927e-05
0.000306653
-2.67319e-05
0.00029503
-2.60874e-05
0.000272562
-2.40734e-05
0.000239913
0.000198061
-2.00242e-05
-1.93424e-05
-2.10912e-06
0.000467884
-2.38047e-05
-2.14622e-06
0.000513305
-2.80445e-05
-1.97542e-06
0.000549368
-3.19547e-05
-1.65797e-06
0.000573941
-3.55445e-05
-1.12572e-06
0.000585465
-3.89427e-05
-1.81414e-07
0.000583082
-4.25442e-05
2.22567e-06
0.000565862
-4.7398e-05
6.05409e-06
0.000535349
-5.37555e-05
1.76414e-05
0.000485895
6.16548e-05
0.000392636
-7.02308e-05
-1.99537e-05
-4.29016e-06
0.000477339
-2.47275e-05
-4.14226e-06
0.000521594
-2.92845e-05
-3.72737e-06
0.000556726
-3.34663e-05
-3.05549e-06
0.000580592
-3.71905e-05
-2.02792e-06
0.000591732
-4.04943e-05
-5.33558e-07
0.000589606
-4.37168e-05
1.902e-06
0.000575306
-4.792e-05
5.85289e-06
0.000549867
-5.54827e-05
1.70407e-05
0.000517858
5.93353e-05
0.000470863
-5.50039e-05
-2.10688e-05
-6.41027e-06
0.000447202
-2.61898e-05
-5.99813e-06
0.000490972
-3.10564e-05
-5.32735e-06
0.00052558
-3.5481e-05
-4.30561e-06
0.000548999
-3.93555e-05
-2.8187e-06
0.000559904
-4.2678e-05
-7.6161e-07
0.000557737
-4.56195e-05
2.29428e-06
0.000542791
-4.88552e-05
7.08769e-06
0.000516199
-5.29676e-05
1.80141e-05
0.000480802
4.93579e-05
0.000437561
-4.71577e-05
-2.21307e-05
-8.15541e-06
0.00041328
-2.75612e-05
-7.4383e-06
0.000456723
-3.26975e-05
-6.5352e-06
0.000490925
-3.73203e-05
-5.23147e-06
0.000514008
-4.12906e-05
-3.39879e-06
0.00052477
-4.45602e-05
-9.27433e-07
0.000522694
-4.71652e-05
2.57941e-06
0.000507969
-4.93008e-05
7.83927e-06
0.000481507
-5.03297e-05
1.80148e-05
0.000445054
4.06262e-05
0.000400214
-4.25568e-05
-2.31282e-05
-9.10738e-06
0.000378476
-2.88568e-05
-8.0996e-06
0.000421651
-3.4246e-05
-7.05619e-06
0.00045551
-3.90365e-05
-5.62647e-06
0.000478334
-4.30493e-05
-3.66319e-06
0.000489032
-4.61745e-05
-1.05819e-06
0.000487136
-4.83221e-05
2.52013e-06
0.000472806
-4.93745e-05
7.65869e-06
0.000446821
-4.83679e-05
1.65245e-05
0.000410566
3.2927e-05
0.000365731
-4.06065e-05
-2.41345e-05
-9.05982e-06
0.000343417
-3.01692e-05
-7.81174e-06
0.000386348
-3.58021e-05
-6.77151e-06
0.000419893
-4.07329e-05
-5.42323e-06
0.00044249
-4.47393e-05
-3.59696e-06
0.000453158
-4.7647e-05
-1.19611e-06
0.000451476
-4.92603e-05
2.02258e-06
0.000437588
-4.93041e-05
6.49582e-06
0.000412181
-4.68973e-05
1.37035e-05
0.000376475
2.56596e-05
0.000332136
-3.94284e-05
-2.51821e-05
-7.95065e-06
0.000308321
-3.15181e-05
-6.55482e-06
0.000351012
-3.73669e-05
-5.69381e-06
0.000384246
-4.23982e-05
-4.65184e-06
0.000406621
-4.63503e-05
-3.23916e-06
0.000417262
-4.89938e-05
-1.37959e-06
0.0004158
-5.00633e-05
1.07933e-06
0.000402361
-4.92275e-05
4.45327e-06
0.000377558
-4.58162e-05
9.81794e-06
0.000342488
1.84672e-05
0.000298715
-3.85204e-05
-2.63087e-05
-5.75269e-06
0.000273272
-3.29227e-05
-4.38054e-06
0.000315715
-3.89317e-05
-3.9021e-06
0.000348626
-4.40068e-05
-3.38499e-06
0.000370767
-4.78604e-05
-2.6427e-06
0.000381374
-5.02261e-05
-1.62124e-06
0.000380122
-5.08097e-05
-2.43254e-07
0.000367127
-4.92732e-05
1.71571e-06
0.000342929
-4.51071e-05
5.10231e-06
0.000308505
1.11164e-05
0.000265276
-3.77896e-05
-2.75975e-05
-2.43757e-06
0.000238324
-3.44594e-05
-1.36304e-06
0.000280505
-4.05236e-05
-1.53593e-06
0.000313068
-4.55554e-05
-1.73401e-06
0.000334954
-4.92663e-05
-1.86334e-06
0.000345508
-5.13807e-05
-1.89534e-06
0.000344456
-5.16144e-05
-1.79988e-06
0.000331895
-4.96279e-05
-1.45008e-06
0.000308299
-4.48729e-05
-2.59619e-07
0.000274514
3.31885e-06
0.00023179
-3.72249e-05
-2.94987e-05
0.000203493
-3.62584e-05
0.000245414
-4.21667e-05
0.000277604
-4.70076e-05
0.000299207
-5.05128e-05
0.000309688
-5.24434e-05
0.000308823
-5.25462e-05
0.000296697
-5.05097e-05
0.000273707
-4.57803e-05
0.000240559
0.000198301
-3.68927e-05
-5.35711e-05
-1.85318e-05
-6.50257e-05
-1.64923e-05
-7.55761e-05
-1.36455e-05
-8.45621e-05
-1.01747e-05
-9.16931e-05
-6.12683e-06
-9.70014e-05
-1.54828e-06
-0.000100952
4.02776e-06
-0.000104386
1.00249e-05
-0.000120936
3.54151e-05
0.000106512
-0.000179907
-5.64629e-05
-3.04233e-05
-6.87684e-05
-2.68609e-05
-8.00509e-05
-2.21819e-05
-8.96223e-05
-1.64997e-05
-9.71294e-05
-9.86622e-06
-0.000102794
-2.3189e-06
-0.000107636
6.35011e-06
-0.000114767
1.71514e-05
-0.000127722
4.80696e-05
0.000127951
-0.000140146
-5.88035e-05
-3.68394e-05
-7.17857e-05
-3.22837e-05
-8.36201e-05
-2.66496e-05
-9.36104e-05
-1.98012e-05
-0.000101374
-1.17646e-05
-0.000106932
-2.56322e-06
-0.000110947
8.15757e-06
-0.000115372
2.20872e-05
-0.00011839
5.20397e-05
0.000117075
-0.000106444
-6.07256e-05
-3.91015e-05
-7.42554e-05
-3.39898e-05
-8.65514e-05
-2.80503e-05
-9.68698e-05
-2.08361e-05
-0.000104771
-1.2316e-05
-0.000110167
-2.47974e-06
-0.000113377
9.08884e-06
-0.000115188
2.41241e-05
-0.000112476
5.09242e-05
0.000100151
-9.35023e-05
-6.25273e-05
-3.81659e-05
-7.65925e-05
-3.28324e-05
-8.93345e-05
-2.70867e-05
-9.9935e-05
-2.01553e-05
-0.000107875
-1.19267e-05
-0.00011294
-2.3573e-06
-0.000115171
8.94035e-06
-0.000114628
2.34066e-05
-0.000108513
4.61684e-05
8.23914e-05
-8.86048e-05
-6.44203e-05
-3.45215e-05
-7.90433e-05
-2.9247e-05
-9.2215e-05
-2.41371e-05
-0.000103046
-1.80689e-05
-0.000110935
-1.08398e-05
-0.000115534
-2.38603e-06
-0.000116661
7.61401e-06
-0.000114019
2.02256e-05
-0.000105496
3.85571e-05
6.48435e-05
-8.62045e-05
-6.64568e-05
-2.83777e-05
-8.16219e-05
-2.34832e-05
-9.51538e-05
-1.94504e-05
-0.000106129
-1.47863e-05
-0.000113876
-9.20796e-06
-0.000117931
-2.64465e-06
-0.000117961
5.15842e-06
-0.000113546
1.497e-05
-0.000103263
2.87273e-05
4.73199e-05
-8.44996e-05
-6.86898e-05
-1.97877e-05
-8.43428e-05
-1.57452e-05
-9.81072e-05
-1.32672e-05
-0.000109102
-1.05026e-05
-0.000116625
-7.14202e-06
-0.000120137
-3.1169e-06
-0.000119208
1.76493e-06
-0.000113387
8.08031e-06
-0.000101742
1.71387e-05
2.94964e-05
-8.31495e-05
-7.12559e-05
-8.7246e-06
-8.73272e-05
-6.22609e-06
-0.000101123
-5.8821e-06
-0.000111969
-5.44479e-06
-0.000119196
-4.73112e-06
-0.000122247
-3.70031e-06
-0.000120636
-2.23632e-06
-0.000113854
7.95259e-08
-0.000101023
4.05373e-06
1.09184e-05
-8.20633e-05
-7.46655e-05
-9.06894e-05
-0.000104212
-0.000114691
-0.000121535
-0.000124241
-0.000122326
-0.00011517
-0.000101978
-8.12564e-05
2.61032e-07
1.46704e-05
0.000468739
3.29947e-07
1.46685e-05
0.000511748
3.18494e-07
1.48897e-05
0.00054637
1.84228e-07
1.51315e-05
0.000570749
5.53397e-10
1.53013e-05
0.000583281
-1.82921e-07
1.53012e-05
0.000583281
-3.16852e-07
1.51312e-05
0.000570749
-3.28389e-07
1.48892e-05
0.000546371
-2.59408e-07
1.46677e-05
0.000511749
1.467e-05
0.00046874
7.92644e-08
3.38277e-07
8.72377e-06
0.000456884
4.11973e-07
8.29142e-06
0.000499951
3.92377e-07
7.98961e-06
0.000534902
2.30715e-07
7.86587e-06
0.000559528
3.97929e-10
7.81678e-06
0.000572249
-2.2986e-07
7.81655e-06
0.000572249
-3.91505e-07
7.86552e-06
0.000559528
-4.11179e-07
7.9897e-06
0.000534901
-3.37613e-07
8.29121e-06
0.000499951
8.72363e-06
0.000456883
-4.76682e-08
3.73125e-07
6.48225e-06
0.000420685
4.36419e-07
5.99971e-06
0.000463039
3.66999e-07
5.62176e-06
0.000497153
2.09148e-07
5.46696e-06
0.000521011
2.53574e-10
5.40497e-06
0.000533289
-2.08652e-07
5.40474e-06
0.000533289
-3.66543e-07
5.46661e-06
0.000521011
-4.35987e-07
5.62186e-06
0.000497153
-3.72704e-07
5.9996e-06
0.000463039
6.48201e-06
0.000420685
-1.10749e-07
3.41847e-07
5.19452e-06
0.000387243
4.24838e-07
4.73474e-06
0.000429155
3.33916e-07
4.38807e-06
0.000462774
1.89056e-07
4.22544e-06
0.000486194
1.44812e-10
4.17669e-06
0.000498221
-1.88799e-07
4.17648e-06
0.000498221
-3.33659e-07
4.22508e-06
0.000486194
-4.24498e-07
4.38802e-06
0.000462774
-3.41391e-07
4.73452e-06
0.000429155
5.19406e-06
0.000387243
-1.11647e-07
3.04424e-07
4.23755e-06
0.000354413
3.83433e-07
3.83085e-06
0.00039596
3.03443e-07
3.55929e-06
0.000429092
1.67278e-07
3.40717e-06
0.000452116
4.12284e-11
3.36752e-06
0.000463915
-1.67231e-07
3.36734e-06
0.000463915
-3.03351e-07
3.40677e-06
0.000452116
-3.83157e-07
3.559e-06
0.000429092
-3.03905e-07
3.83038e-06
0.00039596
4.23683e-06
0.000354413
-9.64124e-08
2.62339e-07
3.45576e-06
0.000321741
3.25672e-07
3.10915e-06
0.000362956
2.75838e-07
2.90286e-06
0.000395623
1.47473e-07
2.79851e-06
0.000418252
-4.06902e-11
2.76391e-06
0.000429825
-1.47575e-07
2.76374e-06
0.000429825
-2.75883e-07
2.79806e-06
0.000418252
-3.25501e-07
2.90232e-06
0.000395623
-2.6185e-07
3.10834e-06
0.000362956
3.45474e-06
0.000321741
-7.96504e-08
2.23234e-07
2.79703e-06
0.00028912
2.81975e-07
2.49791e-06
0.000330013
2.38313e-07
2.3561e-06
0.000362241
1.29757e-07
2.29211e-06
0.000384484
-8.9186e-11
2.26712e-06
0.000395835
-1.29944e-07
2.26694e-06
0.000395835
-2.38443e-07
2.29162e-06
0.000384484
-2.81914e-07
2.35535e-06
0.000362241
-2.22863e-07
2.49676e-06
0.000330013
2.79566e-06
0.00028912
-6.39531e-08
1.95663e-07
2.23145e-06
0.000256519
2.50071e-07
1.97184e-06
0.000297094
2.10076e-07
1.88853e-06
0.000328891
1.16134e-07
1.85547e-06
0.000350753
-8.97906e-11
1.84172e-06
0.000361885
-1.16319e-07
1.84156e-06
0.000361885
-2.10248e-07
1.855e-06
0.000350753
-2.50148e-07
1.88767e-06
0.000328891
-1.95511e-07
1.97042e-06
0.000297094
2.22972e-06
0.000256519
-4.97713e-08
1.84362e-07
1.73207e-06
0.000223928
2.30479e-07
1.52301e-06
0.000264188
1.90903e-07
1.48858e-06
0.000295557
1.05574e-07
1.47768e-06
0.000317039
-3.03112e-11
1.47276e-06
0.000327953
-1.05674e-07
1.47265e-06
0.000327953
-1.91119e-07
1.47733e-06
0.000317039
-2.30822e-07
1.48784e-06
0.000295557
-1.84815e-07
1.52165e-06
0.000264188
1.7299e-06
0.000223929
-3.60345e-08
2.09027e-07
0.000191346
2.24597e-07
0.000231289
1.77624e-07
0.00026223
9.66659e-08
0.000283333
1.31624e-10
0.000294029
-9.65135e-08
0.000294029
-1.77797e-07
0.000283333
-2.25185e-07
0.00026223
-2.0998e-07
0.000231289
0.000191346
-2.26448e-08
-5.32514e-07
1.92561e-05
0.000448335
-6.24119e-07
1.97082e-05
0.000492131
-9.7727e-07
2.06163e-05
0.000526107
-6.18082e-07
2.2123e-05
0.000548267
1.07698e-09
2.29907e-05
0.000559671
6.20435e-07
2.29908e-05
0.000559671
9.78732e-07
2.21216e-05
0.000548269
6.22894e-07
2.06118e-05
0.000526115
5.3216e-07
1.97059e-05
0.000492134
1.9254e-05
0.000448338
1.67994e-06
3.29413e-09
1.36936e-05
0.000461709
3.30444e-08
1.39302e-05
0.0005057
-2.77595e-07
1.46174e-05
0.000541211
-2.35406e-07
1.47081e-05
0.0005669
1.77672e-10
1.48548e-05
0.000580149
2.35513e-07
1.48549e-05
0.000580149
2.77405e-07
1.47081e-05
0.000566899
-3.33707e-08
1.46164e-05
0.000541207
-3.08987e-09
1.39279e-05
0.000505698
1.3692e-05
0.000461707
7.35052e-07
-2.04795e-07
1.06672e-05
0.000423261
-1.9245e-07
1.11185e-05
0.000465838
-2.3303e-07
1.13911e-05
0.00050042
-1.93012e-07
1.10542e-05
0.000524625
-4.75308e-10
1.08909e-05
0.000537061
1.91916e-07
1.08911e-05
0.000537061
2.32101e-07
1.10544e-05
0.000524624
1.92131e-07
1.13904e-05
0.000500419
2.05046e-07
1.1116e-05
0.000465838
1.06655e-05
0.000423261
6.56039e-07
-4.73971e-07
8.92943e-06
0.000388764
-3.48775e-07
9.42613e-06
0.000430722
-2.58181e-07
9.57818e-06
0.000464496
-1.8416e-07
9.10432e-06
0.00048807
-7.1034e-10
8.77547e-06
0.000500153
1.82768e-07
8.7756e-06
0.000500153
2.57225e-07
9.10419e-06
0.00048807
3.48445e-07
9.57709e-06
0.000464496
4.74078e-07
9.42345e-06
0.000430722
8.92741e-06
0.000388764
6.90392e-07
-6.04218e-07
7.68407e-06
0.000355526
-4.02013e-07
8.06633e-06
0.000397118
-2.12847e-07
8.22322e-06
0.000430258
-9.48422e-08
7.77152e-06
0.000453331
-7.78039e-10
7.45017e-06
0.000465146
9.3433e-08
7.45015e-06
0.000465146
2.11919e-07
7.77096e-06
0.000453331
4.0164e-07
8.22163e-06
0.000430257
6.04227e-07
8.06343e-06
0.000397117
7.68174e-06
0.000355526
7.36212e-07
-6.24135e-07
6.64033e-06
0.000322659
-4.00658e-07
6.86714e-06
0.000363932
-1.27055e-07
6.94496e-06
0.000396627
-1.28063e-08
6.62594e-06
0.000419283
-8.08099e-10
6.39243e-06
0.000430871
1.13651e-08
6.39221e-06
0.000430871
1.26047e-07
6.62498e-06
0.000419283
4.00083e-07
6.94298e-06
0.000396627
6.23903e-07
6.864e-06
0.000363932
6.63757e-06
0.000322659
7.50513e-07
-5.86229e-07
5.68696e-06
0.00028992
-3.5253e-07
5.76209e-06
0.000330884
-9.70264e-08
5.77348e-06
0.000363156
5.84104e-09
5.58242e-06
0.000385424
-8.3423e-10
5.4488e-06
0.000396786
-7.37015e-09
5.44843e-06
0.000396786
9.57878e-08
5.58117e-06
0.000385424
3.51546e-07
5.77125e-06
0.000363156
5.85555e-07
5.75872e-06
0.000330884
5.68353e-06
0.00028992
7.39643e-07
-5.27049e-07
4.7891e-06
0.000257226
-2.99049e-07
4.74622e-06
0.000297882
-8.80285e-08
4.72153e-06
0.000329732
-1.96332e-09
4.62482e-06
0.000351624
-7.94219e-10
4.56252e-06
0.00036277
4.16621e-10
4.56211e-06
0.00036277
8.65404e-08
4.62351e-06
0.000351624
2.97625e-07
4.7192e-06
0.000329732
5.25963e-07
4.74255e-06
0.000297882
4.78491e-06
0.000257226
7.17528e-07
-4.53565e-07
3.93058e-06
0.000224549
-2.35052e-07
3.82132e-06
0.000264894
-7.27402e-08
3.79296e-06
0.000296323
-7.03731e-09
3.7559e-06
0.000317842
-6.07957e-10
3.73523e-06
0.000328774
5.72597e-09
3.73492e-06
0.000328774
7.11589e-08
3.75483e-06
0.000317842
2.33151e-07
3.79092e-06
0.000296323
4.51632e-07
3.81769e-06
0.000264894
3.92554e-06
0.000224549
6.90901e-07
-3.62149e-07
0.000191876
-1.5854e-07
0.00023191
-4.2228e-08
0.000262917
-1.41297e-09
0.000284063
-4.68518e-11
0.000294781
1.12325e-09
0.000294781
4.13584e-08
0.000284063
1.56883e-07
0.000262917
3.59825e-07
0.00023191
0.000191876
6.4943e-07
-5.3816e-06
2.31957e-05
0.000424081
-5.83778e-06
2.60294e-05
0.000466558
-5.90117e-06
2.72127e-05
0.000498958
-3.43647e-06
3.16397e-05
0.000514163
-9.97292e-11
3.40114e-05
0.000522223
3.43464e-06
3.40122e-05
0.000522224
5.89749e-06
3.16348e-05
0.000514172
5.83655e-06
2.71957e-05
0.00049898
5.38422e-06
2.60267e-05
0.000466559
2.3192e-05
0.000424088
6.44192e-06
-6.03699e-06
2.11951e-05
0.000463854
-4.68362e-06
2.36287e-05
0.000506747
-4.59089e-06
2.73832e-05
0.000540948
-2.75388e-06
2.93627e-05
0.00056734
-1.16872e-09
3.06554e-05
0.000580752
2.75094e-06
3.06568e-05
0.000580752
4.58787e-06
2.93597e-05
0.000567337
4.68236e-06
2.73695e-05
0.000540939
6.03845e-06
2.36229e-05
0.000506746
2.11924e-05
0.000463852
5.89332e-06
-5.78902e-06
1.83673e-05
0.000426091
-5.47234e-06
2.20913e-05
0.000467059
-4.18817e-06
2.56655e-05
0.000500854
-2.36837e-06
2.70562e-05
0.000525111
-1.07873e-09
2.78494e-05
0.000537499
2.3665e-06
2.78507e-05
0.000537499
4.18669e-06
2.7054e-05
0.00052511
5.47091e-06
2.56541e-05
0.00050085
5.78837e-06
2.20849e-05
0.000467058
1.83652e-05
0.00042609
5.78637e-06
-5.88753e-06
1.66116e-05
0.00039082
-5.63037e-06
2.06364e-05
0.00043192
-3.89836e-06
2.38549e-05
0.000464575
-2.15174e-06
2.557e-05
0.00048781
-7.05933e-10
2.61743e-05
0.000499677
2.15082e-06
2.6175e-05
0.000499677
3.89767e-06
2.55679e-05
0.000487809
5.62864e-06
2.38452e-05
0.000464574
5.88576e-06
2.06301e-05
0.000431919
1.66097e-05
0.00039082
5.58589e-06
-5.86286e-06
1.5315e-05
0.000357209
-5.34951e-06
1.86859e-05
0.000398555
-3.87394e-06
2.15015e-05
0.000431135
-1.96948e-06
2.3114e-05
0.000453882
-2.68734e-10
2.3821e-05
0.00046553
1.96949e-06
2.38213e-05
0.00046553
3.87408e-06
2.31118e-05
0.000453882
5.34794e-06
2.14938e-05
0.000431135
5.86066e-06
1.86804e-05
0.000398554
1.53133e-05
0.000357209
5.47428e-06
-5.56942e-06
1.40961e-05
0.000324139
-4.99105e-06
1.66141e-05
0.000365425
-3.65276e-06
1.87512e-05
0.000398039
-1.89927e-06
2.0018e-05
0.000420626
8.73577e-11
2.06269e-05
0.000432165
1.89984e-06
2.06268e-05
0.000432165
3.65327e-06
2.0016e-05
0.000420626
4.98981e-06
1.87453e-05
0.000398039
5.56727e-06
1.66095e-05
0.000365425
1.40944e-05
0.000324139
5.30588e-06
-5.1827e-06
1.28613e-05
0.000291249
-4.58466e-06
1.45757e-05
0.000332324
-3.3525e-06
1.6016e-05
0.000364659
-1.75831e-06
1.68901e-05
0.000386958
1.76428e-10
1.73235e-05
0.000398331
1.75888e-06
1.73232e-05
0.000398331
3.35292e-06
1.68883e-05
0.000386958
4.58345e-06
1.60119e-05
0.000364659
5.18062e-06
1.45721e-05
0.000332324
1.28593e-05
0.000291249
5.08673e-06
-4.77801e-06
1.15965e-05
0.000258416
-4.12483e-06
1.25907e-05
0.000299214
-2.98599e-06
1.34489e-05
0.00033116
-1.55971e-06
1.39811e-05
0.000353107
5.29944e-11
1.42563e-05
0.000364278
1.5599e-06
1.4256e-05
0.000364278
2.98605e-06
1.39795e-05
0.000353107
4.12393e-06
1.34457e-05
0.00033116
4.77679e-06
1.25875e-05
0.000299214
1.15943e-05
0.000258415
4.85238e-06
-4.35518e-06
1.02851e-05
0.000225594
-3.64555e-06
1.06824e-05
0.000266093
-2.59712e-06
1.10982e-05
0.000297625
-1.34853e-06
1.13684e-05
0.000319207
-3.08162e-11
1.15141e-05
0.000330168
1.3485e-06
1.15137e-05
0.000330168
2.597e-06
1.13669e-05
0.000319206
3.64512e-06
1.10954e-05
0.000297625
4.355e-06
1.06791e-05
0.000266093
1.02832e-05
0.000225594
4.62095e-06
-3.90461e-06
0.000192765
-3.1484e-06
0.000232954
-2.19834e-06
0.000264072
-1.13087e-06
0.000285288
2.73288e-10
0.00029604
1.13146e-06
0.00029604
2.19891e-06
0.000285288
3.14863e-06
0.000264072
3.90469e-06
0.000232954
0.000192765
4.34371e-06
-1.68522e-05
2.60688e-05
0.000400741
-1.4388e-05
3.23864e-05
0.000431708
-1.1732e-05
3.29043e-05
0.000463398
-6.42653e-06
4.09932e-05
0.000467864
-1.7505e-09
4.54679e-05
0.000470331
6.42087e-06
4.54683e-05
0.000470333
1.17278e-05
4.09886e-05
0.000467876
1.43967e-05
3.28852e-05
0.000463426
1.68626e-05
3.23905e-05
0.000431703
2.60643e-05
0.000400755
1.4132e-05
-2.38402e-05
3.48187e-05
0.000460789
-1.69913e-05
3.64672e-05
0.000495817
-1.32786e-05
4.57516e-05
0.000524388
-7.48104e-06
5.28439e-05
0.000549692
-1.50919e-09
5.63699e-05
0.000562371
7.47823e-06
5.63708e-05
0.00056237
1.32761e-05
5.28399e-05
0.000549688
1.69911e-05
4.57322e-05
0.000524377
2.38425e-05
3.64685e-05
0.000495817
3.48147e-05
0.000460787
1.81567e-05
-1.83162e-05
3.40522e-05
0.000428179
-1.8168e-05
3.99806e-05
0.000463397
-1.28295e-05
5.01809e-05
0.000491086
-6.63644e-06
5.7951e-05
0.000513811
-4.4812e-10
6.16463e-05
0.000525587
6.63631e-06
6.16469e-05
0.000525587
1.28291e-05
5.79486e-05
0.000513808
1.81653e-05
5.01663e-05
0.00049108
1.83134e-05
3.99824e-05
0.000463396
3.40495e-05
0.000428178
1.69909e-05
-1.66471e-05
3.23675e-05
0.000393316
-1.6746e-05
3.96093e-05
0.00043239
-1.07372e-05
4.86246e-05
0.000460123
-5.3038e-06
6.02631e-05
0.000480064
5.4643e-11
6.53832e-05
0.000490636
5.30453e-06
6.53833e-05
0.000490636
1.07377e-05
6.02617e-05
0.000480063
1.67427e-05
4.86147e-05
0.000460121
1.66433e-05
3.96115e-05
0.000432389
3.23657e-05
0.000393316
1.5831e-05
-1.55582e-05
3.05517e-05
0.000359656
-1.48524e-05
3.69317e-05
0.000400526
-1.19397e-05
4.48767e-05
0.00043197
-6.21057e-06
5.51261e-05
0.00045329
4.46811e-10
6.05381e-05
0.000464164
6.21149e-06
6.05382e-05
0.000464164
1.194e-05
5.51253e-05
0.00045329
1.48496e-05
4.48702e-05
0.00043197
1.55551e-05
3.69342e-05
0.000400526
3.0551e-05
0.000359656
1.4923e-05
-1.46813e-05
2.86948e-05
0.000326448
-1.39577e-05
3.38348e-05
0.000367799
-1.16943e-05
4.03105e-05
0.000400342
-6.55592e-06
4.78463e-05
0.000422767
7.1844e-10
5.19632e-05
0.000434184
6.55699e-06
5.19637e-05
0.000434183
1.16948e-05
4.7846e-05
0.000422767
1.39555e-05
4.03071e-05
0.000400342
1.46789e-05
3.38373e-05
0.000367799
2.86957e-05
0.000326448
1.42255e-05
-1.38766e-05
2.68668e-05
0.000293353
-1.31239e-05
3.07198e-05
0.000334687
-1.0833e-05
3.54682e-05
0.000367211
-6.08618e-06
4.04341e-05
0.000389623
8.66558e-10
4.31571e-05
0.00040105
6.08767e-06
4.31578e-05
0.00040105
1.08342e-05
4.04342e-05
0.000389623
1.31232e-05
3.5467e-05
0.00036721
1.38757e-05
3.07224e-05
0.000334686
2.68703e-05
0.000293353
1.35977e-05
-1.30453e-05
2.49912e-05
0.000260308
-1.20521e-05
2.75556e-05
0.000301385
-9.6294e-06
3.0628e-05
0.000333578
-5.33492e-06
3.35656e-05
0.000355681
8.18079e-10
3.51686e-05
0.00036693
5.33679e-06
3.51691e-05
0.00036693
9.6316e-06
3.35655e-05
0.000355681
1.20537e-05
3.06275e-05
0.000333578
1.30465e-05
2.75588e-05
0.000301385
2.49981e-05
0.000260307
1.30267e-05
-1.21497e-05
2.29981e-05
0.000227246
-1.08341e-05
2.42939e-05
0.000268039
-8.32787e-06
2.59578e-05
0.000299789
-4.52292e-06
2.74483e-05
0.000321519
9.14376e-10
2.82538e-05
0.000332559
4.52542e-06
2.82536e-05
0.000332559
8.33166e-06
2.74469e-05
0.000321519
1.08386e-05
2.59566e-05
0.000299789
1.21537e-05
2.42975e-05
0.000268039
2.30092e-05
0.000227246
1.24901e-05
-1.12037e-05
0.000194158
-9.57249e-06
0.000234639
-7.07138e-06
0.000265973
-3.75751e-06
0.000287333
6.40139e-10
0.000298157
3.7597e-06
0.000298157
7.07512e-06
0.000287333
9.57696e-06
0.000265973
1.12081e-05
0.000234639
0.000194157
1.19125e-05
-3.48946e-05
2.31445e-05
0.000388945
-2.19882e-05
2.88662e-05
0.000389935
-1.13748e-05
2.88411e-05
0.000423943
-5.75241e-06
4.00588e-05
0.000422183
6.1217e-10
4.51373e-05
0.00041944
5.7529e-06
4.51368e-05
0.000419444
1.13718e-05
4.00678e-05
0.00042219
2.19969e-05
2.88448e-05
0.000423957
3.48983e-05
2.88757e-05
0.000389926
2.31476e-05
0.00038896
2.35459e-05
-5.16277e-05
4.82945e-05
0.000454232
-3.69521e-05
4.25459e-05
0.000467462
-2.20161e-05
5.39111e-05
0.000484382
-1.1446e-05
7.14054e-05
0.000507775
-7.8032e-10
7.61972e-05
0.000519866
1.14457e-05
7.61967e-05
0.000519864
2.20129e-05
7.14167e-05
0.000507772
3.69504e-05
5.39104e-05
0.000484374
5.16262e-05
4.25546e-05
0.000467462
4.82969e-05
0.000454231
3.30324e-05
-3.38643e-05
5.13852e-05
0.000428955
-3.61788e-05
5.35529e-05
0.000454705
-2.30142e-05
6.93951e-05
0.000462437
-1.09828e-05
9.30296e-05
0.000480156
-2.56814e-09
9.9412e-05
0.000491392
1.09785e-05
9.94111e-05
0.000491391
2.30109e-05
9.304e-05
0.000480153
3.61764e-05
6.93947e-05
0.00046243
3.38604e-05
5.35637e-05
0.000454704
5.13871e-05
0.000428953
2.9995e-05
-2.70208e-05
4.93445e-05
0.000395777
-2.95302e-05
5.50629e-05
0.00043339
-2.02068e-05
6.76647e-05
0.00045253
-8.64593e-06
9.98869e-05
0.000461646
-2.03875e-09
0.000113419
0.000467986
8.641e-06
0.000113419
0.000467985
2.02042e-05
9.98955e-05
0.000461645
2.95262e-05
6.76664e-05
0.000452527
2.7017e-05
5.50731e-05
0.000433389
4.93431e-05
0.000395776
2.65998e-05
-2.44855e-05
4.64434e-05
0.000362443
-2.44624e-05
5.23441e-05
0.000403222
-2.3135e-05
6.43211e-05
0.000433987
-1.23148e-05
8.93479e-05
0.000453009
-7.45973e-10
0.000103216
0.000462054
1.23117e-05
0.000103217
0.000462054
2.3133e-05
8.9355e-05
0.000453009
2.44582e-05
6.43244e-05
0.000433987
2.44822e-05
5.23532e-05
0.000403222
4.64391e-05
0.000362443
2.45997e-05
-2.32018e-05
4.3661e-05
0.000329169
-2.30417e-05
4.91888e-05
0.000370794
-2.14667e-05
5.95412e-05
0.000403547
-1.25856e-05
7.7217e-05
0.000426017
-6.94287e-10
8.74476e-05
0.000437367
1.25833e-05
8.74496e-05
0.000437367
2.14652e-05
7.72229e-05
0.000426017
2.30385e-05
5.95461e-05
0.000403547
2.32013e-05
4.91948e-05
0.000370794
4.36574e-05
0.00032917
2.32613e-05
-2.22791e-05
4.12157e-05
0.000295852
-2.18715e-05
4.58742e-05
0.000337593
-1.96968e-05
5.41142e-05
0.000370463
-1.15846e-05
6.55911e-05
0.000393137
1.71387e-10
7.2208e-05
0.000404705
1.15844e-05
7.22101e-05
0.000404705
1.96972e-05
6.55962e-05
0.000393137
2.18722e-05
5.41188e-05
0.000370463
2.2282e-05
4.58782e-05
0.000337593
4.12177e-05
0.000295852
2.22222e-05
-2.13298e-05
3.89528e-05
0.000262518
-2.04518e-05
4.2354e-05
0.000304027
-1.74523e-05
4.80992e-05
0.000336593
-1.00255e-05
5.48686e-05
0.000358977
5.63196e-10
5.87375e-05
0.000370375
1.00272e-05
5.87392e-05
0.000370375
1.74552e-05
5.48726e-05
0.000358977
2.0455e-05
4.81033e-05
0.000336593
2.13316e-05
4.2359e-05
0.000304027
3.89615e-05
0.000262518
2.13768e-05
-2.0137e-05
3.65162e-05
0.000229158
-1.86791e-05
3.85772e-05
0.000270358
-1.50607e-05
4.18113e-05
0.000302459
-8.41212e-06
4.52956e-05
0.000324443
9.36609e-10
4.7267e-05
0.000335616
8.41518e-06
4.72677e-05
0.000335616
1.50651e-05
4.52982e-05
0.000324443
1.8683e-05
4.18159e-05
0.000302459
2.01376e-05
3.85851e-05
0.000270358
3.65312e-05
0.000229158
2.06565e-05
-1.89627e-05
0.000195771
-1.66955e-05
0.000236642
-1.27715e-05
0.000268287
-6.94163e-06
0.000289867
8.07867e-10
0.000300805
6.94439e-06
0.000300805
1.27769e-05
0.000289867
1.67036e-05
0.000268287
1.89703e-05
0.000236642
0.000195771
1.99643e-05
-4.62517e-05
1.25675e-05
0.000395655
-3.19129e-05
1.76693e-05
0.000357927
-1.12298e-05
1.10085e-05
0.000392253
-3.34424e-06
2.05419e-05
0.000393756
1.42906e-08
2.62075e-05
0.000389875
3.37132e-06
2.62066e-05
0.00038988
1.12402e-05
2.05607e-05
0.00039376
3.19161e-05
1.10364e-05
0.000392245
4.62511e-05
1.76737e-05
0.000357918
1.25923e-05
0.000395666
2.69524e-05
-7.41231e-05
5.31247e-05
0.000449072
-5.41717e-05
3.62481e-05
0.000428932
-2.48072e-05
3.48946e-05
0.000431132
-1.03485e-05
6.27708e-05
0.000451087
1.54383e-10
7.21102e-05
0.000463615
1.03509e-05
7.21086e-05
0.000463612
2.48084e-05
6.27933e-05
0.000451082
5.41776e-05
3.49106e-05
0.000431131
7.41276e-05
3.62537e-05
0.000428932
5.31573e-05
0.000449073
3.87211e-05
-3.71369e-05
5.66256e-05
0.00042884
-4.11587e-05
4.76188e-05
0.000447356
-2.56129e-05
5.74551e-05
0.000424332
-1.06445e-05
9.69887e-05
0.00043097
-1.16629e-09
0.000111739
0.00044112
1.06423e-05
0.000111737
0.00044112
2.56117e-05
9.70098e-05
0.000430967
4.11596e-05
5.7468e-05
0.000424325
3.71315e-05
4.76314e-05
0.000447354
5.66506e-05
0.00042884
3.3752e-05
-2.64438e-05
5.27304e-05
0.000397429
-3.07681e-05
5.02478e-05
0.000435085
-2.47862e-05
5.60656e-05
0.000447937
-1.04741e-05
0.00010615
0.000438172
-2.04431e-09
0.000131413
0.000437839
1.04648e-05
0.000131415
0.000437841
2.47794e-05
0.000106167
0.000438173
3.07636e-05
5.60756e-05
0.000447935
2.64401e-05
5.02592e-05
0.000435085
5.27465e-05
0.000397429
2.86918e-05
-2.40317e-05
4.85675e-05
0.000364517
-2.48593e-05
4.86929e-05
0.000405605
-2.92581e-05
5.8072e-05
0.00043638
-1.73515e-05
9.36014e-05
0.000453651
-2.16701e-09
0.000115533
0.000460586
1.73455e-05
0.000115535
0.000460587
2.92569e-05
9.36128e-05
0.000453652
2.48568e-05
5.80826e-05
0.00043638
2.40294e-05
4.87039e-05
0.000405605
4.85758e-05
0.000364517
2.61261e-05
-2.31517e-05
4.50562e-05
0.000331232
-2.39904e-05
4.71379e-05
0.000373188
-2.55037e-05
5.69117e-05
0.00040622
-1.61286e-05
8.1317e-05
0.000428927
-1.0579e-09
9.6463e-05
0.000440309
1.61256e-05
9.64664e-05
0.000440309
2.55031e-05
8.13256e-05
0.000428927
2.39887e-05
5.69231e-05
0.000406221
2.31521e-05
4.71461e-05
0.000373188
4.50606e-05
0.000331232
2.46046e-05
-2.26857e-05
4.23184e-05
0.00029776
-2.31906e-05
4.5393e-05
0.000339843
-2.2857e-05
5.40262e-05
0.000373015
-1.41504e-05
6.97923e-05
0.000395955
-8.82393e-10
7.93399e-05
0.000407678
1.41487e-05
7.93429e-05
0.000407679
2.28575e-05
6.97986e-05
0.000395955
2.31926e-05
5.40357e-05
0.000373015
2.26898e-05
4.53988e-05
0.000339844
4.23238e-05
0.000297761
2.35177e-05
-2.21174e-05
4.01066e-05
0.000264191
-2.19374e-05
4.31695e-05
0.000306071
-1.9967e-05
4.97127e-05
0.000338937
-1.1931e-05
5.9169e-05
0.000361564
-8.10106e-11
6.46867e-05
0.000373097
1.19318e-05
6.46883e-05
0.000373097
1.99695e-05
5.91734e-05
0.000361564
2.1941e-05
4.97208e-05
0.000338937
2.21201e-05
4.31759e-05
0.000306071
4.01142e-05
0.000264192
2.26565e-05
-2.1275e-05
3.80754e-05
0.00023059
-2.02777e-05
4.03889e-05
0.000272141
-1.718e-05
4.45204e-05
0.000304553
-9.8803e-06
4.95472e-05
0.000326766
4.9354e-10
5.2367e-05
0.000338055
9.88226e-06
5.23677e-05
0.000338055
1.71826e-05
4.95508e-05
0.000326766
2.02817e-05
4.4527e-05
0.000304553
2.12783e-05
4.03956e-05
0.000272142
3.80873e-05
0.00023059
2.18724e-05
-2.04328e-05
0.000196995
-1.85722e-05
0.00023819
-1.47499e-05
0.000270114
-8.17166e-06
0.000291893
-3.78601e-10
0.000302933
8.17141e-06
0.000302933
1.4751e-05
0.000291893
1.85766e-05
0.000270114
2.0439e-05
0.00023819
0.000196996
2.12907e-05
-2.94061e-05
4.96085e-07
0.00040919
-2.13623e-05
9.31981e-06
0.000340564
-5.92093e-06
7.07424e-06
0.000369737
1.15297e-06
1.01083e-05
0.000376575
1.11539e-08
1.72645e-05
0.000373752
-1.12812e-06
1.72556e-05
0.000373764
5.95203e-06
1.00918e-05
0.000376588
2.13694e-05
7.10744e-06
0.00036972
2.94134e-05
9.31631e-06
0.000340557
5.23202e-07
0.000409197
1.53595e-05
-7.38061e-05
4.46559e-05
0.000447545
-5.06176e-05
1.69416e-05
0.000398122
-1.51426e-05
1.37301e-05
0.000389
-3.23555e-06
4.44661e-05
0.000404823
2.76857e-09
5.99672e-05
0.000417675
3.23967e-06
5.99625e-05
0.000417669
1.51503e-05
4.44527e-05
0.000404811
5.06306e-05
1.37516e-05
0.000389007
7.38105e-05
1.69474e-05
0.000398121
4.46901e-05
0.000447546
3.1171e-05
-2.36481e-05
4.26087e-05
0.000428562
-2.76468e-05
2.21547e-05
0.000446142
-1.63095e-05
2.88315e-05
0.000397893
-3.76448e-06
7.14841e-05
0.000391407
2.52574e-09
9.79249e-05
0.000399396
3.76345e-06
9.79259e-05
0.000399395
1.62953e-05
7.14842e-05
0.000391405
2.76374e-05
2.88457e-05
0.000397889
2.36376e-05
2.21605e-05
0.000446141
4.26308e-05
0.000428562
2.59744e-05
-1.66221e-05
3.76094e-05
0.000398029
-2.19973e-05
2.61496e-05
0.000436465
-1.85227e-05
2.44639e-05
0.00044883
-8.42932e-06
7.77821e-05
0.000421781
-9.37179e-10
0.000112234
0.000415102
8.42327e-06
0.000112236
0.000415106
1.8511e-05
7.77826e-05
0.000421787
2.19915e-05
2.44694e-05
0.000448831
1.66182e-05
2.61529e-05
0.000436466
3.7625e-05
0.000398029
2.10235e-05
-1.53684e-05
3.33866e-05
0.000365407
-1.76348e-05
2.71911e-05
0.00040683
-2.68875e-05
3.20842e-05
0.000438012
-1.85298e-05
6.81906e-05
0.000454885
-9.8827e-10
9.34558e-05
0.000460835
1.85276e-05
9.34568e-05
0.000460837
2.68845e-05
6.81904e-05
0.000454887
1.76321e-05
3.20888e-05
0.000438013
1.53659e-05
2.71942e-05
0.00040683
3.33971e-05
0.000365408
1.87031e-05
-1.5376e-05
3.03392e-05
0.000332156
-1.76357e-05
2.8319e-05
0.000374319
-2.21479e-05
3.5284e-05
0.000407533
-1.53677e-05
5.99324e-05
0.000430405
-1.89744e-10
7.65287e-05
0.000441869
1.53677e-05
7.6529e-05
0.000441869
2.21467e-05
5.99332e-05
0.000430405
1.76348e-05
3.52878e-05
0.000407533
1.53763e-05
2.83206e-05
0.00037432
3.03472e-05
0.000332157
1.75019e-05
-1.56914e-05
2.8387e-05
0.000298624
-1.74968e-05
2.90823e-05
0.000340885
-1.94889e-05
3.60823e-05
0.000374209
-1.28797e-05
5.20026e-05
0.000397275
2.20675e-10
6.2244e-05
0.000409083
1.28806e-05
6.22436e-05
0.000409084
1.94897e-05
5.20036e-05
0.000397276
1.74977e-05
3.60857e-05
0.000374209
1.56927e-05
2.90834e-05
0.000340886
2.83941e-05
0.000298624
1.67825e-05
-1.57801e-05
2.71697e-05
0.00026496
-1.67909e-05
2.91445e-05
0.000307019
-1.67849e-05
3.49696e-05
0.000340043
-1.05518e-05
4.45435e-05
0.00036279
9.55229e-10
5.03948e-05
0.000374394
1.05539e-05
5.0394e-05
0.000374394
1.67869e-05
4.45444e-05
0.00036279
1.6793e-05
3.49729e-05
0.000340044
1.57811e-05
2.91468e-05
0.00030702
2.71751e-05
0.00026496
1.62316e-05
-1.55462e-05
2.63275e-05
0.000231255
-1.56902e-05
2.84388e-05
0.000272991
-1.42369e-05
3.25e-05
0.000305569
-8.51581e-06
3.76854e-05
0.000327902
1.33647e-09
4.06751e-05
0.000339258
8.518e-06
4.06748e-05
0.000339258
1.42385e-05
3.7687e-05
0.000327903
1.56924e-05
3.25029e-05
0.00030557
1.55478e-05
2.84416e-05
0.000272991
2.63311e-05
0.000231255
1.57268e-05
-1.5259e-05
0.000197582
-1.45964e-05
0.000238955
-1.21473e-05
0.000271038
-6.91799e-06
0.00029293
2.88977e-10
0.00030403
6.91799e-06
0.00030403
1.21467e-05
0.00029293
1.45966e-05
0.000271038
1.52604e-05
0.000238955
0.000197582
1.54218e-05
-2.12496e-06
-5.28838e-06
0.000417908
-1.73619e-06
7.24579e-06
0.00033293
6.0165e-06
6.54968e-06
0.000355435
7.53734e-06
9.27576e-06
0.000365778
-1.13465e-08
1.73066e-05
0.000363994
-7.55776e-06
1.72923e-05
0.000364018
-5.99794e-06
9.22008e-06
0.000365809
1.72052e-06
6.58462e-06
0.000355417
2.10702e-06
7.24443e-06
0.000332927
-5.28042e-06
0.000417909
-1.32494e-06
-5.72924e-05
3.19289e-05
0.000448176
-3.54807e-05
6.49156e-08
0.000383491
-5.46153e-07
-6.15517e-06
0.00036677
5.05851e-06
2.82779e-05
0.000380216
-5.18944e-09
4.70145e-05
0.000393031
-5.07232e-06
4.70086e-05
0.000393019
5.41578e-07
2.82238e-05
0.000380194
3.54826e-05
-6.12976e-06
0.000366781
5.72934e-05
6.66793e-08
0.000383488
3.19444e-05
0.000448174
1.94403e-05
-8.61362e-06
2.51697e-05
0.000428395
-9.32545e-06
-1.00291e-06
0.000447922
-2.32782e-06
-9.79245e-07
0.00038572
4.21678e-06
4.3427e-05
0.000369712
-5.13605e-09
7.43756e-05
0.000376257
-4.22977e-06
7.43718e-05
0.000376256
2.29702e-06
4.33909e-05
0.000369711
9.31617e-06
-9.78706e-07
0.000385719
8.61095e-06
-1.00789e-06
0.00044792
2.5183e-05
0.000428394
1.55404e-05
-6.4684e-06
2.01132e-05
0.000397967
-1.13802e-05
3.34638e-06
0.000437028
-8.86313e-06
-5.65532e-06
0.000450989
-3.68581e-06
4.49133e-05
0.000415117
-4.28573e-09
8.16165e-05
0.00040418
3.6773e-06
8.16085e-05
0.000404188
8.83747e-06
4.48855e-05
0.000415132
1.13727e-05
-5.67596e-06
0.000450993
6.46527e-06
3.33724e-06
0.000437028
2.01232e-05
0.000397967
1.15876e-05
-6.27619e-06
1.6418e-05
0.000365456
-9.16535e-06
6.02053e-06
0.000407045
-2.15781e-05
6.21937e-06
0.00043855
-1.7099e-05
3.9499e-05
0.00045582
3.53174e-09
6.35454e-05
0.000461804
1.71073e-05
6.3535e-05
0.000461807
2.15746e-05
3.9482e-05
0.000455823
9.1603e-06
6.2001e-06
0.000438551
6.27322e-06
6.00981e-06
0.000407045
1.64242e-05
0.000365455
9.92455e-06
-7.00839e-06
1.41382e-05
0.000332244
-1.01348e-05
9.00935e-06
0.000374457
-1.67872e-05
1.26816e-05
0.000407723
-1.26371e-05
3.51393e-05
0.000430614
5.06444e-09
5.06077e-05
0.000442164
1.26461e-05
5.05983e-05
0.000442165
1.67893e-05
3.51293e-05
0.000430614
1.01332e-05
1.26661e-05
0.000407723
7.00705e-06
8.99886e-06
0.000374457
1.41423e-05
0.000332244
9.20131e-06
-7.9727e-06
1.3105e-05
0.000298726
-1.07133e-05
1.16283e-05
0.000341007
-1.45332e-05
1.63628e-05
0.000374348
-1.02704e-05
3.07444e-05
0.000397407
5.90759e-09
4.01875e-05
0.000409227
1.02795e-05
4.01809e-05
0.000409227
1.45381e-05
3.07389e-05
0.000397408
1.07142e-05
1.63515e-05
0.000374348
7.97207e-06
1.16196e-05
0.000341007
1.31071e-05
0.000298726
8.90594e-06
-8.61578e-06
1.28732e-05
0.000265063
-1.0603e-05
1.34852e-05
0.000307149
-1.22831e-05
1.78887e-05
0.000340198
-8.18307e-06
2.64789e-05
0.000362955
5.86172e-09
3.18225e-05
0.00037457
8.1922e-06
3.18185e-05
0.00037457
1.22901e-05
2.64757e-05
0.000362956
1.06058e-05
1.78817e-05
0.000340198
8.61674e-06
1.34789e-05
0.000307149
1.28738e-05
0.000265063
8.74667e-06
-8.89025e-06
1.30543e-05
0.00023136
-1.00352e-05
1.44879e-05
0.000273134
-1.0145e-05
1.78168e-05
0.000305751
-6.3717e-06
2.24965e-05
0.000328111
4.92527e-09
2.52216e-05
0.000339482
6.37947e-06
2.52197e-05
0.000339482
1.0151e-05
2.24954e-05
0.000328111
1.00377e-05
1.78135e-05
0.000305751
8.89146e-06
1.4483e-05
0.000273134
1.30528e-05
0.00023136
8.60787e-06
-9.03052e-06
0.000197696
-9.40765e-06
0.000239117
-8.43533e-06
0.000271246
-4.98346e-06
0.000293171
3.12767e-09
0.000304288
4.98807e-06
0.000304289
8.43775e-06
0.000293171
9.40744e-06
0.000271246
9.02967e-06
0.000239117
0.000197696
8.60287e-06
1.47892e-05
-6.37349e-06
0.000421855
1.23078e-05
4.95209e-06
0.000330459
1.43916e-05
5.83967e-06
0.000347511
1.15855e-05
9.37005e-06
0.000359215
-3.97545e-08
1.77681e-05
0.00035785
-1.1627e-05
1.77177e-05
0.000357888
-1.43602e-05
9.27895e-06
0.000359263
-1.23196e-05
5.88283e-06
0.000347493
-1.47776e-05
4.93244e-06
0.000330452
-6.3295e-06
0.000421846
-1.23844e-05
-4.27524e-05
2.42268e-05
0.000449133
-2.22613e-05
-1.20062e-05
0.000379958
8.92516e-06
-1.58141e-05
0.000357237
1.00598e-05
1.92969e-05
0.000369155
-1.25789e-08
3.91004e-05
0.000381771
-1.00879e-05
3.90618e-05
0.00038175
-8.94442e-06
1.92074e-05
0.000369122
2.22662e-05
-1.57952e-05
0.000357249
4.27493e-05
-1.20152e-05
0.000379953
2.42805e-05
0.000449127
1.11864e-05
1.02122e-06
1.48586e-05
0.000428337
6.77086e-07
-1.33708e-05
0.000449631
6.58907e-06
-1.85276e-05
0.000382521
8.89105e-06
2.6466e-05
0.000360242
-4.83331e-09
5.83264e-05
0.000365927
-8.91281e-06
5.83023e-05
0.000365923
-6.63215e-06
2.63957e-05
0.000360242
-6.80212e-07
-1.85497e-05
0.000382522
-1.02985e-06
-1.33741e-05
0.000449628
1.49054e-05
0.000428335
8.40403e-06
-2.19558e-07
9.85396e-06
0.000397768
-4.58192e-06
-9.0982e-06
0.000437118
-2.62955e-06
-2.1983e-05
0.000452492
-6.12244e-07
2.52997e-05
0.000414267
-4.58574e-09
6.07772e-05
0.000401122
6.00895e-07
6.07533e-05
0.000401132
2.59046e-06
2.52463e-05
0.000414291
4.56572e-06
-2.20287e-05
0.000452497
2.08443e-07
-9.10621e-06
0.000437117
9.88795e-06
0.000397767
5.42563e-06
-7.85887e-07
6.4934e-06
0.000365265
-3.97752e-06
-5.76444e-06
0.000406903
-1.74147e-05
-8.55228e-06
0.000438556
-1.5594e-05
2.29531e-05
0.000456346
8.90722e-09
4.43619e-05
0.000462617
1.561e-05
4.43394e-05
0.00046262
1.74094e-05
2.29198e-05
0.00045635
3.9655e-06
-8.59096e-06
0.000438557
7.76862e-07
-5.77506e-06
0.000406902
6.51507e-06
0.000365265
4.34063e-06
-1.9737e-06
4.64364e-06
0.00033208
-5.47397e-06
-2.07866e-06
0.000374271
-1.32476e-05
-5.8579e-07
0.00040753
-1.04251e-05
2.03482e-05
0.000430397
9.36855e-09
3.4079e-05
0.000442013
1.04392e-05
3.40614e-05
0.000442013
1.32484e-05
2.03284e-05
0.000430397
5.46595e-06
-6.15322e-07
0.00040753
1.96757e-06
-2.09078e-06
0.000374271
4.65597e-06
0.00033208
3.99138e-06
-3.25652e-06
4.06412e-06
0.000298592
-6.45875e-06
1.29616e-06
0.000340835
-1.12852e-05
4.44495e-06
0.000374143
-8.32961e-06
1.76379e-05
0.000397162
8.99869e-09
2.59979e-05
0.00040897
8.34194e-06
2.59861e-05
0.00040897
1.12894e-05
1.76265e-05
0.000397162
6.45519e-06
4.42338e-06
0.000374143
3.25327e-06
1.28392e-06
0.000340834
4.06963e-06
0.000298591
3.97429e-06
-4.1765e-06
4.2858e-06
0.00026496
-6.67046e-06
3.92605e-06
0.000307013
-9.30283e-06
7.23953e-06
0.000340035
-6.47969e-06
1.50019e-05
0.000362768
8.11619e-09
1.97094e-05
0.00037437
6.49126e-06
1.97023e-05
0.00037437
9.31008e-06
1.4995e-05
0.000362768
6.67087e-06
7.22503e-06
0.000340035
4.1762e-06
3.91483e-06
0.000307013
4.28669e-06
0.000264959
4.06307e-06
-4.70392e-06
4.9122e-06
0.000231286
-6.3872e-06
5.70323e-06
0.00027304
-7.41308e-06
8.37359e-06
0.000305643
-4.86145e-06
1.25706e-05
0.000327991
6.65491e-09
1.4968e-05
0.000339355
4.87102e-06
1.49647e-05
0.000339355
7.41938e-06
1.2567e-05
0.000327991
6.38806e-06
8.36473e-06
0.000305643
4.70402e-06
5.69292e-06
0.00027304
4.90952e-06
0.000231286
4.15519e-06
-5.00197e-06
0.000197651
-5.94487e-06
0.000239065
-5.88693e-06
0.000271189
-3.61376e-06
0.000293111
4.09738e-09
0.000304227
3.61928e-06
0.000304227
5.88922e-06
0.000293111
5.9426e-06
0.000271189
4.99825e-06
0.000239065
0.000197651
4.29637e-06
2.17616e-05
-5.96012e-06
0.000423381
1.97659e-05
2.70703e-06
0.000329748
1.87271e-05
4.82347e-06
0.000343727
1.36477e-05
8.49522e-06
0.000355798
-5.87214e-08
1.70456e-05
0.000354511
-1.36988e-05
1.69652e-05
0.000354563
-1.86519e-05
8.35112e-06
0.000355865
-1.97387e-05
4.87089e-06
0.000343709
-2.17075e-05
2.69044e-06
0.000329731
-5.87687e-06
0.000423361
-1.73462e-05
-3.46698e-05
2.09296e-05
0.000449755
-1.47058e-05
-1.7514e-05
0.000380215
1.34633e-05
-1.96015e-05
0.000353493
1.24932e-05
1.41608e-05
0.00036446
-8.0738e-09
3.44177e-05
0.0003769
-1.2515e-05
3.43524e-05
0.00037687
-1.34707e-05
1.4012e-05
0.000364417
1.47247e-05
-1.95781e-05
0.000353502
3.46745e-05
-1.75109e-05
0.000380204
2.10341e-05
0.000449744
7.14675e-06
5.15942e-06
1.08931e-05
0.000428333
5.0052e-06
-1.83469e-05
0.000450618
1.06301e-05
-2.51407e-05
0.000382435
1.11054e-05
1.74172e-05
0.00035651
4.21441e-09
4.97306e-05
0.000361715
-1.11188e-05
4.96896e-05
0.000361709
-1.06748e-05
1.72985e-05
0.000356512
-5.01124e-06
-2.51527e-05
0.000382433
-5.17162e-06
-1.83356e-05
0.000450614
1.09869e-05
0.00042833
4.88109e-06
2.80286e-06
5.75884e-06
0.000397639
-1.29884e-06
-1.41994e-05
0.000437072
7.51707e-07
-2.79668e-05
0.000453268
6.46165e-07
1.68539e-05
0.000414936
-7.57458e-10
5.07704e-05
0.000400728
-6.57126e-07
5.07361e-05
0.000400742
-8.14593e-07
1.67787e-05
0.000414968
1.27652e-06
-2.80182e-05
0.000453271
-2.81853e-06
-1.41942e-05
0.000437071
5.83153e-06
0.000397637
2.46664e-06
1.72517e-06
2.46827e-06
0.00036512
-1.74605e-06
-1.05748e-05
0.000406749
-1.51694e-05
-1.44416e-05
0.000438454
-1.46725e-05
1.61134e-05
0.00045659
1.25239e-08
3.56404e-05
0.000463062
1.46932e-05
3.561e-05
0.000463066
1.51592e-05
1.60682e-05
0.000456595
1.72764e-06
-1.44842e-05
0.000438455
-1.73837e-06
-1.05746e-05
0.000406749
2.51903e-06
0.000365119
1.71963e-06
3.14318e-07
7.1282e-07
0.000331947
-3.40864e-06
-6.68655e-06
0.000374106
-1.15332e-05
-6.12882e-06
0.000407342
-9.23675e-06
1.40217e-05
0.000430192
1.04916e-08
2.65634e-05
0.000441842
9.25024e-06
2.65407e-05
0.000441842
1.15279e-05
1.39954e-05
0.000430192
3.3931e-06
-6.1609e-06
0.000407342
-3.24271e-07
-6.69168e-06
0.000374106
7.44883e-07
0.000331946
1.58341e-06
-1.11229e-06
2.39362e-07
0.000298479
-4.5058e-06
-3.14293e-06
0.000340685
-9.71926e-06
-7.34126e-07
0.000373962
-7.31612e-06
1.18296e-05
0.000396951
8.85703e-09
1.94615e-05
0.000408747
7.32606e-06
1.94467e-05
0.000408747
9.71808e-06
1.18145e-05
0.000396951
4.49622e-06
-7.57636e-07
0.000373962
1.10705e-06
-3.15227e-06
0.000340684
2.57507e-07
0.000298478
1.70718e-06
-2.12807e-06
5.54875e-07
0.000264871
-4.83563e-06
-3.13438e-07
0.000306891
-7.86142e-06
2.44121e-06
0.000339886
-5.6067e-06
9.74696e-06
0.000362596
7.50659e-09
1.40323e-05
0.000374185
5.6156e-06
1.40237e-05
0.000374185
7.86413e-06
9.73814e-06
0.000362596
4.83139e-06
2.42482e-06
0.000339886
2.12582e-06
-3.24562e-07
0.000306891
5.62909e-07
0.00026487
1.90967e-06
-2.74716e-06
1.27014e-06
0.00023122
-4.64675e-06
1.67678e-06
0.000272949
-6.07179e-06
3.97745e-06
0.000305532
-4.091e-06
7.8934e-06
0.000327864
5.7488e-09
1.00721e-05
0.000339219
4.09791e-06
1.00681e-05
0.000339219
6.07442e-06
7.88892e-06
0.000327864
4.6439e-06
3.96663e-06
0.000305531
2.74498e-06
1.66507e-06
0.000272949
1.27077e-06
0.000231219
2.10355e-06
-3.0819e-06
0.000197604
-4.24662e-06
0.000239003
-4.60371e-06
0.000271113
-2.90641e-06
0.000293025
3.10474e-09
0.000304135
2.90948e-06
0.000304135
4.60308e-06
0.000293025
4.2414e-06
0.000271113
3.07591e-06
0.000239002
0.000197604
2.29394e-06
2.40365e-05
-5.47847e-06
0.000423971
2.28908e-05
1.3879e-06
0.000329505
2.05995e-05
3.9539e-06
0.000342064
1.45801e-05
7.59252e-06
0.000354225
-6.82046e-08
1.62273e-05
0.000352932
-1.46161e-05
1.61117e-05
0.000352999
-2.04707e-05
7.41191e-06
0.000354307
-2.28088e-05
4.00015e-06
0.000342047
-2.39384e-05
1.38368e-06
0.000329477
-5.34897e-06
0.000423941
-1.91686e-05
-3.10738e-05
1.97253e-05
0.000450061
-1.12158e-05
-1.91134e-05
0.000380858
1.53239e-05
-2.10601e-05
0.000351967
1.35457e-05
1.13948e-05
0.000362435
3.14132e-10
3.18985e-05
0.000374774
-1.35526e-05
3.18e-05
0.000374735
-1.53106e-05
1.12038e-05
0.000362383
1.12568e-05
-2.10392e-05
0.000351974
3.1093e-05
-1.9091e-05
0.000380843
1.98938e-05
0.000450045
5.54844e-06
6.5568e-06
9.67301e-06
0.000428344
6.57335e-06
-1.9636e-05
0.000451124
1.21726e-05
-2.69875e-05
0.000382763
1.20355e-05
1.3035e-05
0.000355006
1.69783e-08
4.56523e-05
0.000359979
-1.2035e-05
4.55893e-05
0.000359972
-1.22105e-05
1.28824e-05
0.000355008
-6.57712e-06
-2.69959e-05
0.000382757
-6.56943e-06
-1.96031e-05
0.000451118
9.82701e-06
0.000428341
3.48641e-06
3.9263e-06
4.50568e-06
0.000397584
7.28808e-08
-1.57478e-05
0.000437037
2.38032e-06
-2.96629e-05
0.000453636
1.22117e-06
1.36669e-05
0.000415463
1.15963e-08
4.6811e-05
0.000400779
-1.21945e-06
4.67657e-05
0.000400797
-2.44554e-06
1.35745e-05
0.000415502
-1.01135e-07
-2.97071e-05
0.000453638
-3.94572e-06
-1.57236e-05
0.000437036
4.62822e-06
0.000397583
1.30751e-06
2.67206e-06
1.22093e-06
0.000365054
-9.0819e-07
-1.20863e-05
0.000406668
-1.41431e-05
-1.63579e-05
0.000438384
-1.42384e-05
1.36587e-05
0.000456694
1.57017e-08
3.23536e-05
0.000463265
1.42591e-05
3.2318e-05
0.00046327
1.4125e-05
1.36044e-05
0.000456699
8.80249e-07
-1.6392e-05
0.000438385
-2.68947e-06
-1.20726e-05
0.000406667
1.30793e-06
0.000365053
6.9683e-07
1.20497e-06
-5.59393e-07
0.000331885
-2.57594e-06
-8.22224e-06
0.000374023
-1.07881e-05
-8.04482e-06
0.000407241
-8.72465e-06
1.17044e-05
0.000430083
1.02397e-08
2.3714e-05
0.000441747
8.73438e-06
2.36892e-05
0.000441747
1.07749e-05
1.1673e-05
0.000430082
2.55428e-06
-8.07034e-06
0.000407241
-1.21827e-06
-8.21694e-06
0.000374022
-5.02284e-07
0.000331884
6.54011e-07
-2.86639e-07
-1.04948e-06
0.000298426
-3.71719e-06
-4.71697e-06
0.00034061
-9.05222e-06
-2.61645e-06
0.000373869
-6.87982e-06
9.64082e-06
0.000396842
7.59903e-09
1.69426e-05
0.000408631
6.88549e-06
1.69274e-05
0.00040863
9.04401e-06
9.6233e-06
0.000396842
3.70243e-06
-2.63545e-06
0.000373869
2.79062e-07
-4.71892e-06
0.000340609
-1.01448e-06
0.000298425
8.4412e-07
-1.31195e-06
-7.68404e-07
0.000264829
-4.08617e-06
-1.88216e-06
0.000306831
-7.24777e-06
6.21988e-07
0.000339809
-5.23041e-06
7.71304e-06
0.000362507
5.94051e-09
1.18035e-05
0.000374088
5.23541e-06
1.17951e-05
0.000374088
7.2447e-06
7.70352e-06
0.000362506
4.07788e-06
6.08214e-07
0.000339809
1.30835e-06
-1.88879e-06
0.000306831
-7.4903e-07
0.000264828
1.08476e-06
-1.96087e-06
-7.90408e-08
0.000231188
-3.92779e-06
1.30057e-07
0.000272904
-5.50422e-06
2.25634e-06
0.000305474
-3.76033e-06
6.03682e-06
0.000327796
4.07522e-09
8.11264e-06
0.000339145
3.76373e-06
8.10904e-06
0.000339145
5.50249e-06
6.03242e-06
0.000327796
3.92174e-06
2.24684e-06
0.000305474
1.95757e-06
1.20619e-07
0.000272904
-7.06471e-08
0.000231188
1.31022e-06
-2.3029e-06
0.000197582
-3.53794e-06
0.000238971
-4.0571e-06
0.000271073
-2.60193e-06
0.000292978
1.40802e-09
0.000304084
2.60173e-06
0.000304084
4.05303e-06
0.000292978
3.53034e-06
0.000271073
2.2961e-06
0.00023897
0.000197582
1.51045e-06
2.47691e-05
-5.22236e-06
0.000424227
2.41202e-05
7.67711e-07
0.000329387
2.13998e-05
3.45016e-06
0.000341334
1.49887e-05
7.11287e-06
0.000353523
-8.1091e-08
1.57819e-05
0.00035222
-1.50087e-05
1.56251e-05
0.000352301
-2.1219e-05
6.89768e-06
0.00035362
-2.39909e-05
3.50409e-06
0.000341315
-2.46277e-05
7.69122e-07
0.000329345
-5.04623e-06
0.000424187
-1.98276e-05
-2.96878e-05
1.93436e-05
0.000450193
-9.73499e-06
-1.95041e-05
0.000381177
1.61003e-05
-2.17095e-05
0.000351291
1.39993e-05
1.0122e-05
0.000361527
7.04267e-09
3.07311e-05
0.000373817
-1.39914e-05
3.05893e-05
0.000373769
-1.60691e-05
9.89453e-06
0.000361464
9.79392e-06
-2.16821e-05
0.000351297
2.97197e-05
-1.94695e-05
0.000381156
1.95739e-05
0.000450175
4.97041e-06
7.01453e-06
9.33213e-06
0.000428354
7.13018e-06
-1.98543e-05
0.000451358
1.27818e-05
-2.75326e-05
0.000382934
1.24276e-05
1.11321e-05
0.00035435
3.01918e-08
4.38919e-05
0.000359215
-1.2415e-05
4.37994e-05
0.000359207
-1.28136e-05
1.09503e-05
0.000354351
-7.13374e-06
-2.75293e-05
0.000382924
-7.0291e-06
-1.98072e-05
0.000451351
9.5422e-06
0.000428351
2.99277e-06
4.31097e-06
4.16643e-06
0.000397567
6.1467e-07
-1.61433e-05
0.000437022
3.05397e-06
-3.01408e-05
0.000453805
1.45766e-06
1.24931e-05
0.000415698
2.28705e-08
4.53121e-05
0.000400793
-1.45004e-06
4.52535e-05
0.000400815
-3.1266e-06
1.23853e-05
0.000415744
-6.49894e-07
-3.01744e-05
0.000453806
-4.33505e-06
-1.61072e-05
0.000437021
4.33165e-06
0.000397565
8.93234e-07
3.01261e-06
8.59125e-07
0.000365031
-5.49372e-07
-1.25483e-05
0.000406635
-1.37043e-05
-1.69562e-05
0.000438355
-1.40534e-05
1.27973e-05
0.000456739
1.87263e-08
3.11561e-05
0.000463349
1.4072e-05
3.11151e-05
0.000463355
1.36776e-05
1.27338e-05
0.000456745
5.14104e-07
-1.69813e-05
0.000438355
-3.03522e-06
-1.2525e-05
0.000406634
9.80148e-07
0.00036503
3.39588e-07
1.52983e-06
-9.35474e-07
0.000331862
-2.26001e-06
-8.72601e-06
0.000373991
-1.04864e-05
-8.68873e-06
0.0004072
-8.51446e-06
1.08713e-05
0.000430037
1.00378e-08
2.26727e-05
0.000441706
8.52031e-06
2.2646e-05
0.000441706
1.04657e-05
1.08344e-05
0.000430037
2.23246e-06
-8.70708e-06
0.0004072
-1.5471e-06
-8.71316e-06
0.00037399
-8.53232e-07
0.000331861
3.08577e-07
5.05788e-08
-1.47487e-06
0.000298407
-3.40412e-06
-5.24269e-06
0.000340581
-8.77898e-06
-3.27673e-06
0.000373832
-6.70112e-06
8.83771e-06
0.000396798
6.64768e-09
1.60129e-05
0.000408583
6.70311e-06
1.59974e-05
0.000408583
8.76427e-06
8.81752e-06
0.000396798
3.38477e-06
-3.29055e-06
0.000373832
-6.1056e-08
-5.23886e-06
0.000340581
-1.42377e-06
0.000298406
5.28719e-07
-1.00546e-06
-1.22289e-06
0.000264813
-3.78778e-06
-2.43727e-06
0.000306808
-6.99921e-06
-3.48892e-08
0.000339779
-5.07816e-06
6.95274e-06
0.00036247
4.68928e-09
1.09696e-05
0.000374048
5.07997e-06
1.09617e-05
0.000374048
6.99112e-06
6.94236e-06
0.00036247
3.77603e-06
-4.50899e-08
0.000339778
1.00036e-06
-2.44015e-06
0.000306807
-1.19281e-06
0.000264813
7.84467e-07
-1.66131e-06
-5.58771e-07
0.000231177
-3.64583e-06
-4.35611e-07
0.000272887
-5.27406e-06
1.61597e-06
0.000305451
-3.62789e-06
5.33362e-06
0.000327769
2.67825e-09
7.36879e-06
0.000339115
3.62842e-06
7.36568e-06
0.000339115
5.26844e-06
5.32937e-06
0.000327769
3.63736e-06
1.60854e-06
0.000305451
1.65705e-06
-4.42802e-07
0.000272887
-5.43005e-07
0.000231177
1.01826e-06
-2.00528e-06
0.000197574
-3.26188e-06
0.000238959
-3.84004e-06
0.000271057
-2.48137e-06
0.000292959
-2.57604e-11
0.000304063
2.47832e-06
0.000304063
3.83287e-06
0.000292959
3.25237e-06
0.000271057
1.99783e-06
0.000238959
0.000197574
1.21994e-06
2.50598e-05
-5.10714e-06
0.000424353
2.46488e-05
4.84139e-07
0.000329314
2.17597e-05
3.22873e-06
0.000340995
1.51687e-05
6.91864e-06
0.000353195
-9.21293e-08
1.55926e-05
0.000351888
-1.51779e-05
1.54036e-05
0.000351983
-2.15309e-05
6.66671e-06
0.000353306
-2.44818e-05
3.29307e-06
0.000340972
-2.48837e-05
4.86553e-07
0.000329261
-4.89489e-06
0.000424304
-2.01059e-05
-2.91327e-05
1.91923e-05
0.000450251
-9.11054e-06
-1.96493e-05
0.000381288
1.64427e-05
-2.20029e-05
0.00035097
1.42022e-05
9.58152e-06
0.000361104
1.29219e-08
3.02266e-05
0.000373372
-1.41812e-05
3.00503e-05
0.000373316
-1.63935e-05
9.31263e-06
0.000361031
9.18391e-06
-2.19634e-05
0.000350976
2.91761e-05
-1.96108e-05
0.000381261
1.94714e-05
0.000450229
4.7555e-06
7.19333e-06
9.1976e-06
0.00042836
7.37114e-06
-1.9931e-05
0.000451462
1.30451e-05
-2.77301e-05
0.000382988
1.26075e-05
1.03256e-05
0.000354044
4.11204e-08
4.31511e-05
0.000358858
-1.25828e-05
4.30334e-05
0.000358848
-1.30718e-05
1.01094e-05
0.000354044
-7.37774e-06
-2.77082e-05
0.000382974
-7.20952e-06
-1.98816e-05
0.000451454
9.45244e-06
0.000428357
2.80364e-06
4.4477e-06
4.04953e-06
0.000397562
7.99965e-07
-1.6279e-05
0.000437018
3.32577e-06
-3.03296e-05
0.000453878
1.56022e-06
1.20079e-05
0.000415781
3.28222e-08
4.46981e-05
0.000400774
-1.54552e-06
4.46272e-05
0.0004008
-3.40761e-06
1.18818e-05
0.000415834
-8.31894e-07
-3.03576e-05
0.00045388
-4.47603e-06
-1.62333e-05
0.000437017
4.25018e-06
0.00039756
7.31007e-07
3.14032e-06
7.26888e-07
0.000365024
-4.09641e-07
-1.27177e-05
0.000406624
-1.35245e-05
-1.72045e-05
0.000438344
-1.39787e-05
1.24415e-05
0.000456759
2.16851e-08
3.06623e-05
0.000463385
1.39971e-05
3.06152e-05
0.000463392
1.34897e-05
1.23676e-05
0.000456767
3.66784e-07
-1.72247e-05
0.000438345
-3.16734e-06
-1.26878e-05
0.000406623
8.75229e-07
0.000365022
2.14867e-07
1.65797e-06
-1.08526e-06
0.000331855
-2.13015e-06
-8.91835e-06
0.000373979
-1.03624e-05
-8.95754e-06
0.000407185
-8.42561e-06
1.05226e-05
0.000430019
1.05189e-08
2.22425e-05
0.000441689
8.4293e-06
2.22128e-05
0.000441689
1.03351e-05
1.04795e-05
0.000430019
2.09713e-06
-8.97204e-06
0.000407185
-1.6788e-06
-8.90078e-06
0.000373979
-9.83193e-07
0.000331854
1.86701e-07
1.87375e-07
-1.63954e-06
0.0002984
-3.27068e-06
-5.45048e-06
0.000340571
-8.66215e-06
-3.55285e-06
0.000373819
-6.62492e-06
8.50174e-06
0.000396782
6.45986e-09
1.56291e-05
0.000408565
6.62469e-06
1.56126e-05
0.000408565
8.64226e-06
8.47843e-06
0.000396781
3.2474e-06
-3.56404e-06
0.000373818
-1.99908e-07
-5.44375e-06
0.000340571
-1.57601e-06
0.0002984
3.99126e-07
-8.77427e-07
-1.40153e-06
0.000264808
-3.65992e-06
-2.66011e-06
0.0003068
-6.89257e-06
-3.09486e-07
0.000339768
-5.01412e-06
6.6363e-06
0.000362457
4.16985e-09
1.06253e-05
0.000374034
5.01399e-06
1.06171e-05
0.000374034
6.88066e-06
6.62469e-06
0.000362457
3.64538e-06
-3.18063e-07
0.000339768
8.70742e-07
-2.66126e-06
0.0003068
-1.36357e-06
0.000264808
6.63097e-07
-1.53643e-06
-7.49326e-07
0.000231174
-3.52572e-06
-6.65067e-07
0.000272881
-5.1775e-06
1.35011e-06
0.000305443
-3.57303e-06
5.04132e-06
0.000327759
1.90907e-09
7.06087e-06
0.000339105
3.57173e-06
7.05791e-06
0.000339105
5.16906e-06
5.03687e-06
0.000327759
3.51512e-06
1.34362e-06
0.000305443
1.5309e-06
-6.71368e-07
0.000272881
-7.28785e-07
0.000231174
8.99579e-07
-1.88265e-06
0.000197572
-3.14693e-06
0.000238955
-3.75057e-06
0.000271052
-2.43233e-06
0.000292953
-9.8505e-10
0.000304056
2.42723e-06
0.000304056
3.74098e-06
0.000292953
3.13563e-06
0.000271052
1.87387e-06
0.000238955
0.000197572
1.10255e-06
2.52148e-05
-5.06551e-06
0.00042442
2.49033e-05
3.55059e-07
0.00032927
2.19329e-05
3.13457e-06
0.000340831
1.52515e-05
6.84211e-06
0.000353034
-1.03135e-07
1.55158e-05
0.000351727
-1.52539e-05
1.52987e-05
0.000351835
-2.16621e-05
6.55499e-06
0.00035316
-2.4703e-05
3.20754e-06
0.000340806
-2.50091e-05
3.59497e-07
0.000329207
-4.82039e-06
0.000424364
-2.02485e-05
-2.88876e-05
1.91099e-05
0.000450277
-8.8311e-06
-1.9734e-05
0.00038132
1.66048e-05
-2.21452e-05
0.000350814
1.43002e-05
9.34595e-06
0.000360905
1.7467e-08
3.00087e-05
0.000373162
-1.42692e-05
2.98031e-05
0.000373099
-1.65414e-05
9.03683e-06
0.000360821
8.91904e-06
-2.2098e-05
0.000350821
2.89396e-05
-1.96886e-05
0.000381288
1.94332e-05
0.000450252
4.66247e-06
7.28083e-06
9.11604e-06
0.000428363
7.49308e-06
-1.99889e-05
0.000451505
1.31708e-05
-2.78362e-05
0.000383001
1.26953e-05
9.96864e-06
0.000353896
5.00463e-08
4.28266e-05
0.000358685
-1.26613e-05
4.26882e-05
0.000358674
-1.31956e-05
9.71912e-06
0.000353895
-7.49995e-06
-2.78055e-05
0.000382986
-7.29903e-06
-1.99311e-05
0.000451495
9.41164e-06
0.000428359
2.71968e-06
4.5056e-06
3.98355e-06
0.00039756
8.66555e-07
-1.63485e-05
0.000437017
3.43494e-06
-3.0436e-05
0.00045391
1.60346e-06
1.1773e-05
0.000415808
4.06755e-08
4.44085e-05
0.000400755
-1.5828e-06
4.43269e-05
0.000400785
-3.52725e-06
1.16294e-05
0.000415868
-9.03764e-07
-3.04608e-05
0.000453912
-4.53823e-06
-1.62953e-05
0.000437016
4.21567e-06
0.000397559
6.59161e-07
3.19249e-06
6.59823e-07
0.000365021
-3.55108e-07
-1.27966e-05
0.000406619
-1.34504e-05
-1.73372e-05
0.000438341
-1.39488e-05
1.22607e-05
0.00045677
2.4588e-08
3.04183e-05
0.000463401
1.39679e-05
3.03656e-05
0.00046341
1.34087e-05
1.2177e-05
0.000456778
3.06081e-07
-1.73549e-05
0.000438342
-3.22338e-06
-1.27616e-05
0.000406619
8.3148e-07
0.00036502
1.63365e-07
1.71368e-06
-1.15647e-06
0.000331852
-2.0726e-06
-9.0062e-06
0.000373975
-1.03074e-05
-9.09696e-06
0.00040718
-8.38433e-06
1.03448e-05
0.000430012
1.12257e-08
2.20293e-05
0.000441683
8.3868e-06
2.19966e-05
0.000441683
1.02747e-05
1.02962e-05
0.000430012
2.03487e-06
-9.10962e-06
0.00040718
-1.7375e-06
-8.98515e-06
0.000373975
-1.03848e-06
0.000331852
1.34926e-07
2.49351e-07
-1.71336e-06
0.000298398
-3.20671e-06
-5.54653e-06
0.000340568
-8.60639e-06
-3.69236e-06
0.000373814
-6.58865e-06
8.33336e-06
0.000396775
6.56417e-09
1.54411e-05
0.000408558
6.58697e-06
1.54232e-05
0.000408557
8.5824e-06
8.30717e-06
0.000396775
3.18006e-06
-3.70238e-06
0.000373813
-2.63693e-07
-5.53783e-06
0.000340568
-1.64002e-06
0.000298398
3.4009e-07
-8.1788e-07
-1.48111e-06
0.000264807
-3.59778e-06
-2.76375e-06
0.000306797
-6.8414e-06
-4.4476e-07
0.000339764
-4.98409e-06
6.48093e-06
0.000362453
3.98408e-09
1.04585e-05
0.000374028
4.9827e-06
1.04499e-05
0.000374028
6.82663e-06
6.46805e-06
0.000362453
3.58098e-06
-4.52733e-07
0.000339764
8.09979e-07
-2.76393e-06
0.000306797
-1.43674e-06
0.000264807
6.08385e-07
-1.47858e-06
-8.33537e-07
0.000231173
-3.46829e-06
-7.71946e-07
0.000272879
-5.13201e-06
1.22178e-06
0.00030544
-3.5478e-06
4.90017e-06
0.000327756
1.46245e-09
6.91309e-06
0.000339101
3.54525e-06
6.91006e-06
0.000339101
5.12145e-06
4.89534e-06
0.000327756
3.45604e-06
1.21546e-06
0.00030544
1.47223e-06
-7.7808e-07
0.000272879
-8.08561e-07
0.000231172
8.45277e-07
-1.82696e-06
0.000197571
-3.09325e-06
0.000238954
-3.70931e-06
0.00027105
-2.41016e-06
0.000292951
-1.66935e-09
0.000304054
2.40348e-06
0.000304054
3.69773e-06
0.000292951
3.08036e-06
0.00027105
1.81747e-06
0.000238953
0.000197571
1.0472e-06
2.53116e-05
-5.05537e-06
0.00042446
2.50315e-05
3.05888e-07
0.000329244
2.20214e-05
3.08971e-06
0.000340751
1.52895e-05
6.81385e-06
0.000352953
-1.1476e-07
1.54845e-05
0.000351647
-1.52878e-05
1.52406e-05
0.000351768
-2.17128e-05
6.49267e-06
0.000353092
-2.48015e-05
3.17088e-06
0.000340724
-2.50785e-05
3.11981e-07
0.000329173
-4.77938e-06
0.000424396
-2.03314e-05
-2.8768e-05
1.90591e-05
0.000450291
-8.69956e-06
-1.97729e-05
0.000381331
1.66859e-05
-2.22209e-05
0.000350739
1.43505e-05
9.24222e-06
0.000360813
2.08114e-08
2.99132e-05
0.000373063
-1.43121e-05
2.96804e-05
0.000372992
-1.66111e-05
8.89448e-06
0.000360718
8.80033e-06
-2.21664e-05
0.000350747
2.88275e-05
-1.97211e-05
0.000381294
1.94236e-05
0.000450263
4.61347e-06
7.32698e-06
9.06373e-06
0.000428365
7.55549e-06
-2.00172e-05
0.000451521
1.3233e-05
-2.7901e-05
0.000383003
1.274e-05
9.80596e-06
0.000353826
5.75454e-08
4.26786e-05
0.000358602
-1.26989e-05
4.25212e-05
0.00035859
-1.3258e-05
9.52451e-06
0.000353824
-7.56315e-06
-2.78626e-05
0.000382988
-7.34736e-06
-1.99518e-05
0.00045151
9.39718e-06
0.000428361
2.6777e-06
4.5282e-06
3.94487e-06
0.00039756
8.89338e-07
-1.63772e-05
0.000437016
3.4704e-06
-3.04945e-05
0.000453922
1.61763e-06
1.16513e-05
0.000415816
4.71326e-08
4.42592e-05
0.000400744
-1.59267e-06
4.41674e-05
0.000400778
-3.57379e-06
1.14909e-05
0.000415883
-9.31531e-07
-3.05177e-05
0.000453925
-4.56516e-06
-1.63171e-05
0.000437015
4.20629e-06
0.000397558
6.26284e-07
3.21037e-06
6.26473e-07
0.00036502
-3.38549e-07
-1.28263e-05
0.000406617
-1.34227e-05
-1.74089e-05
0.00043834
-1.39372e-05
1.21599e-05
0.000456776
2.74075e-08
3.02852e-05
0.000463411
1.39575e-05
3.02269e-05
0.00046342
1.33746e-05
1.20669e-05
0.000456785
2.8336e-07
-1.74253e-05
0.00043834
-3.24514e-06
-1.27866e-05
0.000406617
8.19744e-07
0.000365019
1.42577e-07
1.73571e-06
-1.18812e-06
0.000331851
-2.04719e-06
-9.04142e-06
0.000373973
-1.02814e-05
-9.1724e-06
0.000407177
-8.36306e-06
1.02447e-05
0.000430009
1.20487e-08
2.19129e-05
0.00044168
8.36469e-06
2.18771e-05
0.00044168
1.02437e-05
1.01909e-05
0.000430009
2.0048e-06
-9.18406e-06
0.000407177
-1.76258e-06
-9.01741e-06
0.000373973
-1.05542e-06
0.000331851
1.13624e-07
2.7759e-07
-1.74474e-06
0.000298397
-3.17324e-06
-5.589e-06
0.000340566
-8.57604e-06
-3.76751e-06
0.000373811
-6.56901e-06
8.24033e-06
0.000396772
6.82043e-09
1.53401e-05
0.000408555
6.56621e-06
1.53208e-05
0.000408554
8.54843e-06
8.21148e-06
0.000396772
3.14339e-06
-3.77693e-06
0.000373811
-2.93756e-07
-5.57872e-06
0.000340566
-1.66251e-06
0.000298397
3.1433e-07
-7.88867e-07
-1.51568e-06
0.000264806
-3.56407e-06
-2.81252e-06
0.000306796
-6.81338e-06
-5.16503e-07
0.000339762
-4.96821e-06
6.39725e-06
0.00036245
3.97531e-09
1.03702e-05
0.000374026
4.96589e-06
1.03611e-05
0.000374026
6.79619e-06
6.38318e-06
0.00036245
3.54523e-06
-5.24241e-07
0.000339762
7.79866e-07
-2.81208e-06
0.000306796
-1.46574e-06
0.000264806
5.83788e-07
-1.44966e-06
-8.71464e-07
0.000231172
-3.43746e-06
-8.23797e-07
0.000272878
-5.10768e-06
1.15491e-06
0.000305439
-3.53481e-06
4.82582e-06
0.000327755
1.19326e-09
6.83581e-06
0.000339099
3.53133e-06
6.83264e-06
0.000339099
5.09537e-06
4.82062e-06
0.000327755
3.42371e-06
1.14856e-06
0.000305439
1.4425e-06
-8.30009e-07
0.000272878
-8.43063e-07
0.000231172
8.20352e-07
-1.79887e-06
0.000197571
-3.06506e-06
0.000238953
-3.68779e-06
0.000271049
-2.39893e-06
0.00029295
-2.16145e-09
0.000304053
2.39099e-06
0.000304053
3.67454e-06
0.00029295
3.05071e-06
0.000271049
1.78843e-06
0.000238953
0.000197571
1.02166e-06
2.53778e-05
-5.05947e-06
0.000424485
2.50973e-05
2.96267e-07
0.000329229
2.20703e-05
3.06573e-06
0.000340713
1.53055e-05
6.80833e-06
0.000352909
-1.26683e-07
1.54732e-05
0.000351606
-1.53016e-05
1.52033e-05
0.000351739
-2.17256e-05
6.45336e-06
0.000353063
-2.48392e-05
3.15445e-06
0.000340683
-2.51177e-05
3.0318e-07
0.000329148
-4.7535e-06
0.000424415
-2.03827e-05
-2.87064e-05
1.90247e-05
0.0004503
-8.63686e-06
-1.97778e-05
0.000381336
1.67289e-05
-2.22641e-05
0.000350704
1.43774e-05
9.20124e-06
0.000360771
2.34987e-08
2.98732e-05
0.000373017
-1.43336e-05
2.9614e-05
0.000372939
-1.66437e-05
8.815e-06
0.000360667
8.74949e-06
-2.22038e-05
0.000350712
2.87735e-05
-1.97205e-05
0.000381294
1.94292e-05
0.000450269
4.58517e-06
7.35035e-06
9.02913e-06
0.000428366
7.58609e-06
-2.0018e-05
0.000451526
1.32637e-05
-2.79406e-05
0.000383002
1.27627e-05
9.73584e-06
0.000353792
6.42691e-08
4.26113e-05
0.000358563
-1.27164e-05
4.24355e-05
0.000358549
-1.32895e-05
9.42205e-06
0.000353791
-7.59488e-06
-2.78961e-05
0.000382985
-7.37264e-06
-1.99459e-05
0.000451513
9.39935e-06
0.000428362
2.65651e-06
4.53091e-06
3.92295e-06
0.000397559
8.90154e-07
-1.63762e-05
0.000437015
3.46797e-06
-3.05218e-05
0.000453925
1.61579e-06
1.15882e-05
0.000415816
5.27288e-08
4.4178e-05
0.000400741
-1.58802e-06
4.40763e-05
0.000400779
-3.58345e-06
1.14106e-05
0.00041589
-9.37945e-07
-3.05455e-05
0.000453929
-4.57254e-06
-1.63102e-05
0.000437013
4.21279e-06
0.000397558
6.14262e-07
3.20875e-06
6.13715e-07
0.000365019
-3.4307e-07
-1.28233e-05
0.000406616
-1.34183e-05
-1.74456e-05
0.000438339
-1.3934e-05
1.21005e-05
0.00045678
3.01524e-08
3.02079e-05
0.000463417
1.39555e-05
3.0144e-05
0.000463427
1.3363e-05
1.19986e-05
0.00045679
2.79554e-07
-1.74614e-05
0.00043834
-3.2486e-06
-1.2781e-05
0.000406616
8.27543e-07
0.000365018
1.37264e-07
1.73952e-06
-1.19659e-06
0.000331851
-2.03775e-06
-9.04499e-06
0.000373973
-1.02691e-05
-9.21317e-06
0.000407176
-8.351e-06
1.01839e-05
0.000430007
1.29546e-08
2.18452e-05
0.000441679
8.35198e-06
2.18062e-05
0.000441679
1.02266e-05
1.01254e-05
0.000430007
1.99028e-06
-9.22407e-06
0.000407176
-1.77029e-06
-9.01946e-06
0.000373972
-1.05006e-06
0.00033185
1.07754e-07
2.88748e-07
-1.75301e-06
0.000298397
-3.15395e-06
-5.60155e-06
0.000340565
-8.55693e-06
-3.80923e-06
0.00037381
-6.55683e-06
8.18504e-06
0.000396771
7.19696e-09
1.52825e-05
0.000408553
6.55317e-06
1.52617e-05
0.000408553
8.5261e-06
8.15378e-06
0.000396771
3.12116e-06
-3.81819e-06
0.00037381
-3.07045e-07
-5.59057e-06
0.000340565
-1.66237e-06
0.000298396
3.05732e-07
-7.74751e-07
-1.52663e-06
0.000264806
-3.54325e-06
-2.83245e-06
0.000306795
-6.79553e-06
-5.56167e-07
0.000339761
-4.95864e-06
6.34911e-06
0.00036245
4.11063e-09
1.03208e-05
0.000374025
4.95567e-06
1.03111e-05
0.000374025
6.77636e-06
6.33394e-06
0.00036245
3.52274e-06
-5.63782e-07
0.000339761
7.64671e-07
-2.83191e-06
0.000306795
-1.4716e-06
0.000264805
5.74157e-07
-1.43454e-06
-8.85787e-07
0.000231172
-3.41859e-06
-8.47948e-07
0.000272878
-5.09266e-06
1.11845e-06
0.000305439
-3.52722e-06
4.7843e-06
0.000327754
1.1124e-09
6.79321e-06
0.000339098
3.5231e-06
6.7899e-06
0.000339098
5.07895e-06
4.77876e-06
0.000327754
3.40366e-06
1.11197e-06
0.000305439
1.42666e-06
-8.54549e-07
0.000272878
-8.544e-07
0.000231172
8.09681e-07
-1.78374e-06
0.00019757
-3.04828e-06
0.000238953
-3.67496e-06
0.000271049
-2.39249e-06
0.000292949
-2.51087e-09
0.000304052
2.38359e-06
0.000304052
3.66032e-06
0.000292949
3.03269e-06
0.000271049
1.77244e-06
0.000238953
0.00019757
1.00991e-06
2.54276e-05
-5.07059e-06
0.000424504
2.51334e-05
3.05401e-07
0.000329218
2.21001e-05
3.05169e-06
0.000340694
1.53109e-05
6.81403e-06
0.000352884
-1.38824e-07
1.54716e-05
0.000351584
-1.53058e-05
1.51763e-05
0.00035173
-2.17204e-05
6.42533e-06
0.000353052
-2.48467e-05
3.14714e-06
0.000340662
-2.51403e-05
3.1287e-07
0.000329129
-4.73457e-06
0.000424426
-2.04173e-05
-2.86735e-05
1.89985e-05
0.000450306
-8.60655e-06
-1.97634e-05
0.000381338
1.67533e-05
-2.22911e-05
0.000350687
1.43933e-05
9.19114e-06
0.000360755
2.5722e-08
2.98596e-05
0.000372996
-1.43448e-05
2.95748e-05
0.000372911
-1.66586e-05
8.76596e-06
0.00036064
8.73181e-06
-2.22271e-05
0.000350696
2.87486e-05
-1.97013e-05
0.000381291
1.94435e-05
0.000450272
4.5674e-06
7.36139e-06
9.00396e-06
0.000428367
7.60097e-06
-2.00021e-05
0.000451525
1.32783e-05
-2.79661e-05
0.000383
1.27746e-05
9.7108e-06
0.000353777
7.04214e-08
4.25824e-05
0.000358545
-1.2724e-05
4.23889e-05
0.000358529
-1.33059e-05
9.36399e-06
0.000353774
-7.61042e-06
-2.79184e-05
0.000382981
-7.38554e-06
-1.99241e-05
0.000451511
9.41136e-06
0.000428362
2.64628e-06
4.5227e-06
3.91001e-06
0.000397559
8.79669e-07
-1.6358e-05
0.000437014
3.44595e-06
-3.05315e-05
0.000453924
1.60534e-06
1.15549e-05
0.000415813
5.76975e-08
4.41303e-05
0.000400741
-1.57547e-06
4.40189e-05
0.000400782
-3.57435e-06
1.13594e-05
0.000415893
-9.3342e-07
-3.05588e-05
0.000453928
-4.56927e-06
-1.62871e-05
0.000437012
4.2286e-06
0.000397557
6.13592e-07
3.19644e-06
6.12198e-07
0.000365019
-3.58878e-07
-1.2802e-05
0.000406615
-1.34259e-05
-1.74638e-05
0.000438338
-1.39349e-05
1.20618e-05
0.000456782
3.28445e-08
3.01584e-05
0.000463421
1.39576e-05
3.00889e-05
0.000463433
1.33627e-05
1.19512e-05
0.000456793
2.84201e-07
-1.74799e-05
0.000438339
-3.24271e-06
-1.27595e-05
0.000406615
8.45829e-07
0.000365018
1.40422e-07
1.73404e-06
-1.19268e-06
0.00033185
-2.03591e-06
-9.0315e-06
0.000373972
-1.02626e-05
-9.23662e-06
0.000407176
-8.34306e-06
1.0143e-05
0.000430007
1.39649e-08
2.18019e-05
0.000441678
8.34369e-06
2.17598e-05
0.000441678
1.02156e-05
1.008e-05
0.000430006
1.98327e-06
-9.24709e-06
0.000407176
-1.76936e-06
-9.00632e-06
0.000373972
-1.03347e-06
0.00033185
1.10084e-07
2.91515e-07
-1.74938e-06
0.000298396
-3.14116e-06
-5.5985e-06
0.000340565
-8.54299e-06
-3.83436e-06
0.00037381
-6.54804e-06
8.14866e-06
0.000396771
7.71905e-09
1.52468e-05
0.000408552
6.54384e-06
1.52243e-05
0.000408552
8.50944e-06
8.11507e-06
0.00039677
3.10588e-06
-3.84311e-06
0.00037381
-3.12121e-07
-5.58804e-06
0.000340565
-1.65114e-06
0.000298396
3.05777e-07
-7.67841e-07
-1.52575e-06
0.000264805
-3.52834e-06
-2.83773e-06
0.000306795
-6.78241e-06
-5.79925e-07
0.000339761
-4.95199e-06
6.3187e-06
0.000362449
4.39716e-09
1.02909e-05
0.000374024
4.94867e-06
1.02805e-05
0.000374024
6.76167e-06
6.3024e-06
0.000362449
3.50658e-06
-5.87644e-07
0.000339761
7.56662e-07
-2.83784e-06
0.000306795
-1.46625e-06
0.000264805
5.71825e-07
-1.42603e-06
-8.88473e-07
0.000231172
-3.40528e-06
-8.58251e-07
0.000272877
-5.08202e-06
1.09706e-06
0.000305438
-3.52215e-06
4.75913e-06
0.000327754
1.15967e-09
6.7679e-06
0.000339098
3.51764e-06
6.76439e-06
0.000339098
5.06719e-06
4.75317e-06
0.000327754
3.38943e-06
1.09028e-06
0.000305438
1.41743e-06
-8.65703e-07
0.000272877
-8.54585e-07
0.000231172
8.05847e-07
-1.7748e-06
0.00019757
-3.03684e-06
0.000238953
-3.66623e-06
0.000271049
-2.38831e-06
0.000292949
-2.76032e-09
0.000304052
2.37864e-06
0.000304052
3.6504e-06
0.000292949
3.02016e-06
0.000271049
1.7626e-06
0.000238953
0.00019757
1.00467e-06
2.54684e-05
-5.08496e-06
0.000424519
2.5154e-05
3.2333e-07
0.000329209
2.21205e-05
3.04195e-06
0.000340686
1.53113e-05
6.82481e-06
0.000352869
-1.51006e-07
1.54746e-05
0.000351572
-1.53053e-05
1.51544e-05
0.000351729
-2.17064e-05
6.40264e-06
0.000353051
-2.48396e-05
3.14436e-06
0.000340651
-2.51546e-05
3.31718e-07
0.000329112
-4.71941e-06
0.000424434
-2.04432e-05
-2.86555e-05
1.89773e-05
0.000450311
-8.59246e-06
-1.97402e-05
0.000381338
1.67686e-05
-2.23108e-05
0.000350678
1.44036e-05
9.1953e-06
0.000360749
2.77758e-08
2.98587e-05
0.000372988
-1.43508e-05
2.95487e-05
0.000372895
-1.66648e-05
8.73167e-06
0.000360625
8.73037e-06
-2.22435e-05
0.000350688
2.87383e-05
-1.96729e-05
0.000381288
1.9462e-05
0.000450274
4.55513e-06
7.36638e-06
8.98399e-06
0.000428367
7.60849e-06
-1.9979e-05
0.000451522
1.3285e-05
-2.79847e-05
0.000382997
1.2781e-05
9.70673e-06
0.000353769
7.63395e-08
4.2572e-05
0.000358537
-1.27264e-05
4.23612e-05
0.00035852
-1.33147e-05
9.32752e-06
0.000353767
-7.61788e-06
-2.79352e-05
0.000382976
-7.39206e-06
-1.98942e-05
0.000451507
9.42806e-06
0.000428362
2.64171e-06
4.50949e-06
3.90155e-06
0.000397559
8.63881e-07
-1.63323e-05
0.000437013
3.41469e-06
-3.05327e-05
0.000453921
1.59038e-06
1.15356e-05
0.000415808
6.23225e-08
4.40987e-05
0.000400742
-1.55878e-06
4.39777e-05
0.000400787
-3.55561e-06
1.13223e-05
0.000415895
-9.23467e-07
-3.05644e-05
0.000453925
-4.56053e-06
-1.6256e-05
0.000437011
4.24881e-06
0.000397557
6.18766e-07
3.17955e-06
6.158e-07
0.000365019
-3.79899e-07
-1.27724e-05
0.000406615
-1.34383e-05
-1.74738e-05
0.000438338
-1.39375e-05
1.20334e-05
0.000456783
3.55714e-08
3.01225e-05
0.000463424
1.39617e-05
3.00474e-05
0.000463437
1.33677e-05
1.19138e-05
0.000456796
2.94008e-07
-1.74903e-05
0.000438339
-3.23199e-06
-1.27295e-05
0.000406615
8.69224e-07
0.000365018
1.47846e-07
1.72465e-06
-1.18339e-06
0.00033185
-2.03677e-06
-9.01067e-06
0.000373972
-1.02583e-05
-9.25204e-06
0.000407175
-8.33679e-06
1.01123e-05
0.000430006
1.50854e-08
2.17708e-05
0.000441678
8.3374e-06
2.17253e-05
0.000441678
1.02071e-05
1.00444e-05
0.000430006
1.97947e-06
-9.26238e-06
0.000407175
-1.76411e-06
-8.9856e-06
0.000373972
-1.01135e-06
0.00033185
1.16488e-07
2.90578e-07
-1.74059e-06
0.000298396
-3.1313e-06
-5.58867e-06
0.000340565
-8.53158e-06
-3.85157e-06
0.00037381
-6.54082e-06
8.1218e-06
0.00039677
8.33959e-09
1.52219e-05
0.000408552
6.53631e-06
1.51977e-05
0.000408552
8.4955e-06
8.08563e-06
0.00039677
3.09371e-06
-3.86038e-06
0.00037381
-3.13234e-07
-5.57854e-06
0.000340565
-1.63452e-06
0.000298396
3.10067e-07
-7.64302e-07
-1.51969e-06
0.000264805
-3.51642e-06
-2.83643e-06
0.000306795
-6.77179e-06
-5.96021e-07
0.000339761
-4.94685e-06
6.29709e-06
0.000362449
4.73707e-09
1.02706e-05
0.000374024
4.94326e-06
1.02594e-05
0.000374024
6.74951e-06
6.27949e-06
0.000362449
3.49338e-06
-6.04043e-07
0.000339761
7.52098e-07
-2.83708e-06
0.000306795
-1.45549e-06
0.000264805
5.73065e-07
-1.42073e-06
-8.85943e-07
0.000231172
-3.39488e-06
-8.62134e-07
0.000272877
-5.07372e-06
1.08295e-06
0.000305438
-3.51844e-06
4.74197e-06
0.000327753
1.22035e-09
6.75107e-06
0.000339098
3.51353e-06
6.74731e-06
0.000339098
5.05771e-06
4.73551e-06
0.000327754
3.37798e-06
1.07575e-06
0.000305438
1.41138e-06
-8.70388e-07
0.000272877
-8.49394e-07
0.000231172
8.05352e-07
-1.76892e-06
0.00019757
-3.02821e-06
0.000238953
-3.65971e-06
0.000271049
-2.38537e-06
0.000292949
-3.02697e-09
0.000304052
2.37486e-06
0.000304052
3.64258e-06
0.000292949
3.01029e-06
0.000271049
1.75573e-06
0.000238953
0.00019757
1.00258e-06
2.55043e-05
-5.10094e-06
0.000424532
2.51661e-05
3.4626e-07
0.000329201
2.21357e-05
3.03393e-06
0.000340682
1.53091e-05
6.83753e-06
0.000352858
-1.62872e-07
1.54798e-05
0.000351564
-1.53023e-05
1.51349e-05
0.000351734
-2.16876e-05
6.38234e-06
0.000353054
-2.48259e-05
3.1449e-06
0.000340645
-2.51651e-05
3.55254e-07
0.000329097
-4.70652e-06
0.00042444
-2.04648e-05
-2.8645e-05
1.89586e-05
0.000450314
-8.5872e-06
-1.97116e-05
0.000381339
1.67786e-05
-2.23275e-05
0.000350674
1.44112e-05
9.2052e-06
0.000360749
3.00935e-08
2.98636e-05
0.000372985
-1.43539e-05
2.95292e-05
0.000372885
-1.66661e-05
8.70455e-06
0.000360616
8.73671e-06
-2.22546e-05
0.000350685
2.87347e-05
-1.96387e-05
0.000381284
1.94814e-05
0.000450275
4.54558e-06
7.36737e-06
8.96753e-06
0.000428368
7.61146e-06
-1.99511e-05
0.000451517
1.32872e-05
-2.80008e-05
0.000382995
1.27849e-05
9.71093e-06
0.000353766
8.24719e-08
4.25702e-05
0.000358533
-1.27259e-05
4.23428e-05
0.000358514
-1.33186e-05
9.3013e-06
0.000353763
-7.62094e-06
-2.79474e-05
0.000382971
-7.39457e-06
-1.98591e-05
0.000451501
9.44675e-06
0.000428362
2.64006e-06
4.49393e-06
3.89619e-06
0.000397559
8.46804e-07
-1.63029e-05
0.000437012
3.37999e-06
-3.05304e-05
0.000453918
1.57367e-06
1.15223e-05
0.000415803
6.72204e-08
4.40749e-05
0.000400744
-1.53971e-06
4.39447e-05
0.000400792
-3.53159e-06
1.1292e-05
0.000415897
-9.10753e-07
-3.05645e-05
0.000453922
-4.54864e-06
-1.622e-05
0.00043701
4.27116e-06
0.000397557
6.26945e-07
3.16187e-06
6.21875e-07
0.000365019
-3.99758e-07
-1.27409e-05
0.000406615
-1.34513e-05
-1.74784e-05
0.000438337
-1.39405e-05
1.20104e-05
0.000456785
3.84793e-08
3.00934e-05
0.000463427
1.39668e-05
3.00126e-05
0.000463441
1.33754e-05
1.18815e-05
0.000456798
3.0715e-07
-1.74959e-05
0.000438339
-3.2183e-06
-1.26942e-05
0.000406614
8.95501e-07
0.000365018
1.5753e-07
1.7143e-06
-1.17198e-06
0.00033185
-2.0387e-06
-8.98771e-06
0.000373972
-1.02544e-05
-9.26252e-06
0.000407175
-8.33107e-06
1.00872e-05
0.000430006
1.63468e-08
2.1746e-05
0.000441678
8.33201e-06
2.1697e-05
0.000441678
1.01997e-05
1.00139e-05
0.000430006
1.97726e-06
-9.27332e-06
0.000407175
-1.75644e-06
-8.96026e-06
0.000373971
-9.86062e-07
0.00033185
1.25046e-07
2.8815e-07
-1.72975e-06
0.000298396
-3.12321e-06
-5.57633e-06
0.000340565
-8.52142e-06
-3.86424e-06
0.00037381
-6.53431e-06
8.10022e-06
0.00039677
9.038e-09
1.52027e-05
0.000408552
6.52959e-06
1.51767e-05
0.000408552
8.48274e-06
8.06106e-06
0.00039677
3.083e-06
-3.87349e-06
0.00037381
-3.12277e-07
-5.56496e-06
0.000340565
-1.61479e-06
0.000298396
3.16522e-07
-7.62345e-07
-1.51143e-06
0.000264805
-3.50635e-06
-2.83228e-06
0.000306795
-6.76257e-06
-6.07954e-07
0.000339761
-4.94247e-06
6.28022e-06
0.000362449
5.09451e-09
1.02553e-05
0.000374024
4.93858e-06
1.02432e-05
0.000374024
6.73851e-06
6.26112e-06
0.000362449
3.48158e-06
-6.16449e-07
0.000339761
7.49296e-07
-2.83258e-06
0.000306795
-1.44169e-06
0.000264805
5.76132e-07
-1.41702e-06
-8.81098e-07
0.000231172
-3.38619e-06
-8.63027e-07
0.000272877
-5.06674e-06
1.07264e-06
0.000305438
-3.51545e-06
4.72899e-06
0.000327753
1.26515e-09
6.73864e-06
0.000339098
3.51006e-06
6.73459e-06
0.000339098
5.04933e-06
4.72197e-06
0.000327753
3.36788e-06
1.06498e-06
0.000305438
1.40694e-06
-8.71605e-07
0.000272877
-8.41277e-07
0.000231172
8.06546e-07
-1.76458e-06
0.00019757
-3.02113e-06
0.000238953
-3.65437e-06
0.000271049
-2.38309e-06
0.000292949
-3.32243e-09
0.000304052
2.37164e-06
0.000304052
3.63578e-06
0.000292949
3.00173e-06
0.000271049
1.75036e-06
0.000238953
0.00019757
1.00209e-06
2.55373e-05
-5.11738e-06
0.000424543
2.51738e-05
3.71525e-07
0.000329194
2.21482e-05
3.02709e-06
0.000340681
1.53058e-05
6.85134e-06
0.000352849
-1.74582e-07
1.54863e-05
0.000351558
-1.52977e-05
1.51168e-05
0.00035174
-2.16665e-05
6.36368e-06
0.000353059
-2.48078e-05
3.14609e-06
0.000340641
-2.51742e-05
3.81926e-07
0.000329081
-4.6945e-06
0.000424445
-2.0484e-05
-2.86386e-05
1.89417e-05
0.000450318
-8.58648e-06
-1.96801e-05
0.000381338
1.6786e-05
-2.23428e-05
0.000350672
1.44176e-05
9.21772e-06
0.000360752
3.2536e-08
2.98716e-05
0.000372985
-1.43553e-05
2.95126e-05
0.000372878
-1.66652e-05
8.68093e-06
0.000360609
8.74727e-06
-2.22641e-05
0.000350684
2.87341e-05
-1.96014e-05
0.000381279
1.9502e-05
0.000450275
4.53739e-06
7.36617e-06
8.95346e-06
0.000428368
7.61195e-06
-1.99206e-05
0.000451512
1.32869e-05
-2.80155e-05
0.000382993
1.27878e-05
9.71864e-06
0.000353765
8.87905e-08
4.25726e-05
0.000358531
-1.27235e-05
4.23283e-05
0.000358512
-1.33207e-05
9.27988e-06
0.000353761
-7.62115e-06
-2.79581e-05
0.000382966
-7.39526e-06
-1.98214e-05
0.000451495
9.46697e-06
0.000428362
2.63985e-06
4.47735e-06
3.89293e-06
0.000397559
8.29362e-07
-1.62714e-05
0.000437011
3.34415e-06
-3.05263e-05
0.000453914
1.55647e-06
1.15116e-05
0.000415798
7.22927e-08
4.40549e-05
0.000400746
-1.51955e-06
4.39153e-05
0.000400797
-3.50651e-06
1.12651e-05
0.000415898
-8.97445e-07
-3.05626e-05
0.000453918
-4.53578e-06
-1.6182e-05
0.000437009
4.29497e-06
0.000397557
6.36216e-07
3.14445e-06
6.29242e-07
0.000365019
-4.17594e-07
-1.27091e-05
0.000406614
-1.34637e-05
-1.74797e-05
0.000438337
-1.39433e-05
1.19904e-05
0.000456786
4.14217e-08
3.00678e-05
0.000463429
1.39722e-05
2.99814e-05
0.000463444
1.3383e-05
1.18521e-05
0.0004568
3.18837e-07
-1.74981e-05
0.000438338
-3.20453e-06
-1.26583e-05
0.000406614
9.22948e-07
0.000365018
1.67653e-07
1.70376e-06
-1.15959e-06
0.00033185
-2.04104e-06
-8.96412e-06
0.000373972
-1.02507e-05
-9.26998e-06
0.000407175
-8.32555e-06
1.00654e-05
0.000430006
1.76167e-08
2.17246e-05
0.000441678
8.32691e-06
2.16722e-05
0.000441678
1.01924e-05
9.98662e-06
0.000430006
1.97571e-06
-9.28129e-06
0.000407175
-1.74852e-06
-8.93388e-06
0.000373971
-9.59627e-07
0.00033185
1.33921e-07
2.85042e-07
-1.71793e-06
0.000298396
-3.11619e-06
-5.56293e-06
0.000340565
-8.51196e-06
-3.87421e-06
0.00037381
-6.52815e-06
8.08164e-06
0.00039677
9.73102e-09
1.51868e-05
0.000408552
6.52325e-06
1.51588e-05
0.000408552
8.47058e-06
8.03946e-06
0.00039677
3.07327e-06
-3.88395e-06
0.00037381
-3.10686e-07
-5.54999e-06
0.000340565
-1.59388e-06
0.000298396
3.23577e-07
-7.61195e-07
-1.5021e-06
0.000264805
-3.49741e-06
-2.82673e-06
0.000306795
-6.75414e-06
-6.17481e-07
0.000339761
-4.93849e-06
6.26601e-06
0.000362449
5.45114e-09
1.02429e-05
0.000374024
4.93433e-06
1.02299e-05
0.000374024
6.72825e-06
6.24542e-06
0.000362449
3.4708e-06
-6.26462e-07
0.000339761
7.47285e-07
-2.82647e-06
0.000306795
-1.42666e-06
0.000264805
5.79921e-07
-1.41415e-06
-8.75097e-07
0.000231172
-3.37849e-06
-8.62374e-07
0.000272877
-5.06047e-06
1.06447e-06
0.000305438
-3.51284e-06
4.71836e-06
0.000327753
1.32218e-09
6.72865e-06
0.000339098
3.50699e-06
6.72432e-06
0.000339098
5.04166e-06
4.71077e-06
0.000327753
3.35874e-06
1.05635e-06
0.000305438
1.40335e-06
-8.71138e-07
0.000272877
-8.31878e-07
0.000231172
8.08504e-07
-1.76105e-06
0.00019757
-3.0149e-06
0.000238953
-3.64966e-06
0.000271049
-2.38113e-06
0.000292949
-3.59426e-09
0.000304052
2.3688e-06
0.000304052
3.62965e-06
0.000292949
2.99404e-06
0.000271049
1.74585e-06
0.000238953
0.00019757
1.00239e-06
2.55693e-05
-5.13387e-06
0.000424554
2.51799e-05
3.98059e-07
0.000329185
2.21597e-05
3.02105e-06
0.000340681
1.53022e-05
6.86582e-06
0.000352841
-1.85931e-07
1.54936e-05
0.000351553
-1.5293e-05
1.51002e-05
0.000351747
-2.16434e-05
6.34477e-06
0.000353065
-2.47905e-05
3.15069e-06
0.000340637
-2.51807e-05
4.07403e-07
0.000329066
-4.68306e-06
0.000424449
-2.05028e-05
-2.86342e-05
1.89257e-05
0.000450321
-8.58772e-06
-1.96474e-05
0.000381338
1.67925e-05
-2.23575e-05
0.000350671
1.44235e-05
9.23139e-06
0.000360756
3.53187e-08
2.98807e-05
0.000372986
-1.43566e-05
2.94982e-05
0.000372873
-1.6662e-05
8.65741e-06
0.000360603
8.75834e-06
-2.22711e-05
0.000350684
2.87366e-05
-1.95641e-05
0.000381275
1.95228e-05
0.000450276
4.52958e-06
7.36436e-06
8.94032e-06
0.000428368
7.61181e-06
-1.98893e-05
0.000451507
1.3286e-05
-2.80297e-05
0.000382991
1.27902e-05
9.72793e-06
0.000353764
9.52939e-08
4.25767e-05
0.000358531
-1.27213e-05
4.23165e-05
0.00035851
-1.33205e-05
9.25861e-06
0.00035376
-7.62304e-06
-2.79663e-05
0.000382962
-7.39563e-06
-1.9784e-05
0.000451489
9.48717e-06
0.000428363
2.64001e-06
4.4606e-06
3.89036e-06
0.000397559
8.12038e-07
-1.62396e-05
0.00043701
3.30802e-06
-3.05218e-05
0.00045391
1.539e-06
1.1502e-05
0.000415793
7.77171e-08
4.40361e-05
0.000400748
-1.49927e-06
4.38876e-05
0.000400803
-3.48007e-06
1.12388e-05
0.0004159
-8.83813e-07
-3.05595e-05
0.000453914
-4.5229e-06
-1.61437e-05
0.000437008
4.31862e-06
0.000397557
6.45605e-07
3.12743e-06
6.36779e-07
0.000365019
-4.34156e-07
-1.26777e-05
0.000406614
-1.34756e-05
-1.748e-05
0.000438336
-1.39461e-05
1.19717e-05
0.000456787
4.44641e-08
3.00436e-05
0.000463432
1.3977e-05
2.99514e-05
0.000463447
1.33903e-05
1.18241e-05
0.000456802
3.31019e-07
-1.75e-05
0.000438338
-3.19068e-06
-1.26217e-05
0.000406614
9.50143e-07
0.000365018
1.77919e-07
1.6933e-06
-1.14723e-06
0.00033185
-2.04346e-06
-8.9408e-06
0.000373972
-1.0247e-05
-9.27638e-06
0.000407175
-8.32011e-06
1.00449e-05
0.000430006
1.88845e-08
2.17046e-05
0.000441678
8.32164e-06
2.16486e-05
0.000441678
1.01852e-05
9.96063e-06
0.000430006
1.9738e-06
-9.28863e-06
0.000407175
-1.74046e-06
-8.90722e-06
0.000373971
-9.33413e-07
0.00033185
1.42933e-07
2.81689e-07
-1.70608e-06
0.000298396
-3.10968e-06
-5.54948e-06
0.000340565
-8.50287e-06
-3.88321e-06
0.00037381
-6.5222e-06
8.06422e-06
0.00039677
1.03992e-08
1.5172e-05
0.000408552
6.51692e-06
1.51422e-05
0.000408552
8.45866e-06
8.01909e-06
0.00039677
3.06362e-06
-3.89362e-06
0.00037381
-3.08902e-07
-5.53478e-06
0.000340565
-1.5731e-06
0.000298396
3.30786e-07
-7.60433e-07
-1.4926e-06
0.000264805
-3.48907e-06
-2.82086e-06
0.000306795
-6.74617e-06
-6.2613e-07
0.000339761
-4.93478e-06
6.25282e-06
0.000362449
5.77985e-09
1.02315e-05
0.000374024
4.9302e-06
1.02177e-05
0.000374024
6.71838e-06
6.23079e-06
0.000362449
3.46043e-06
-6.35652e-07
0.000339761
7.45633e-07
-2.81997e-06
0.000306795
-1.4116e-06
0.000264805
5.83976e-07
-1.41173e-06
-8.6876e-07
0.000231172
-3.37138e-06
-8.61204e-07
0.000272877
-5.05466e-06
1.05712e-06
0.000305438
-3.51048e-06
4.70861e-06
0.000327753
1.35552e-09
6.7196e-06
0.000339098
3.50409e-06
6.71497e-06
0.000339098
5.03442e-06
4.7005e-06
0.000327753
3.3501e-06
1.04853e-06
0.000305438
1.40021e-06
-8.70138e-07
0.000272877
-8.22241e-07
0.000231172
8.10804e-07
-1.75799e-06
0.00019757
-3.0092e-06
0.000238953
-3.64537e-06
0.000271049
-2.37941e-06
0.000292949
-3.89024e-09
0.000304052
2.36614e-06
0.000304052
3.6239e-06
0.000292949
2.98686e-06
0.000271049
1.74182e-06
0.000238953
0.00019757
1.00309e-06
2.56003e-05
-5.15034e-06
0.000424564
2.51847e-05
4.24993e-07
0.000329176
2.21703e-05
3.01459e-06
0.000340681
1.52982e-05
6.87986e-06
0.000352833
-1.97716e-07
1.5501e-05
0.000351548
-1.52876e-05
1.50827e-05
0.000351754
-2.16211e-05
6.327e-06
0.000353072
-2.47686e-05
3.15124e-06
0.000340634
-2.51891e-05
4.36456e-07
0.000329049
-4.67143e-06
0.000424453
-2.05204e-05
-2.86308e-05
1.89105e-05
0.000450324
-8.58992e-06
-1.96146e-05
0.000381336
1.67981e-05
-2.23724e-05
0.00035067
1.44291e-05
9.24483e-06
0.00036076
3.75135e-08
2.98905e-05
0.000372988
-1.43569e-05
2.9483e-05
0.000372867
-1.66604e-05
8.63518e-06
0.000360598
8.77229e-06
-2.22797e-05
0.000350683
2.8738e-05
-1.95264e-05
0.00038127
1.95446e-05
0.000450276
4.52232e-06
7.36245e-06
8.92768e-06
0.000428369
7.61164e-06
-1.98581e-05
0.000451501
1.32845e-05
-2.80436e-05
0.000382989
1.27923e-05
9.7372e-06
0.000353764
1.01408e-07
4.25815e-05
0.000358531
-1.27176e-05
4.23039e-05
0.000358508
-1.33229e-05
9.23972e-06
0.00035376
-7.62249e-06
-2.79747e-05
0.000382958
-7.39649e-06
-1.97466e-05
0.000451482
9.50787e-06
0.000428362
2.64048e-06
4.44411e-06
3.88797e-06
0.000397559
7.95174e-07
-1.62081e-05
0.000437009
3.27205e-06
-3.05167e-05
0.000453906
1.52143e-06
1.14928e-05
0.000415789
8.24208e-08
4.40182e-05
0.00040075
-1.47858e-06
4.386e-05
0.000400808
-3.45595e-06
1.12139e-05
0.000415903
-8.71048e-07
-3.0555e-05
0.00045391
-4.51056e-06
-1.61061e-05
0.000437007
4.34231e-06
0.000397557
6.55024e-07
3.11086e-06
6.44136e-07
0.000365019
-4.50138e-07
-1.26468e-05
0.000406614
-1.34868e-05
-1.74797e-05
0.000438336
-1.39486e-05
1.19538e-05
0.000456788
4.72133e-08
3.00201e-05
0.000463434
1.3982e-05
2.99224e-05
0.000463451
1.33969e-05
1.17969e-05
0.000456804
3.42925e-07
-1.75007e-05
0.000438338
-3.17716e-06
-1.25858e-05
0.000406613
9.7718e-07
0.000365018
1.88154e-07
1.68307e-06
-1.13518e-06
0.00033185
-2.04562e-06
-8.91789e-06
0.000373971
-1.02432e-05
-9.28214e-06
0.000407175
-8.31463e-06
1.00254e-05
0.000430006
1.99795e-08
2.16854e-05
0.000441678
8.31636e-06
2.16261e-05
0.000441678
1.01775e-05
9.93566e-06
0.000430006
1.9719e-06
-9.29501e-06
0.000407175
-1.73272e-06
-8.881e-06
0.000373971
-9.0757e-07
0.00033185
1.51905e-07
2.78278e-07
-1.69448e-06
0.000298396
-3.10343e-06
-5.53622e-06
0.000340565
-8.49403e-06
-3.89157e-06
0.00037381
-6.51636e-06
8.0477e-06
0.00039677
1.09474e-08
1.51581e-05
0.000408552
6.51069e-06
1.51265e-05
0.000408551
8.44681e-06
7.99968e-06
0.00039677
3.05431e-06
-3.90248e-06
0.00037381
-3.07074e-07
-5.51969e-06
0.000340565
-1.55261e-06
0.000298396
3.38013e-07
-7.5993e-07
-1.48319e-06
0.000264805
-3.48122e-06
-2.81492e-06
0.000306795
-6.7386e-06
-6.34179e-07
0.000339761
-4.93124e-06
6.24038e-06
0.000362449
6.02612e-09
1.02208e-05
0.000374024
4.92624e-06
1.02062e-05
0.000374024
6.70882e-06
6.21697e-06
0.000362449
3.45056e-06
-6.44145e-07
0.000339761
7.44263e-07
-2.81334e-06
0.000306795
-1.39664e-06
0.000264805
5.882e-07
-1.40967e-06
-8.62316e-07
0.000231172
-3.36477e-06
-8.59762e-07
0.000272877
-5.04925e-06
1.05031e-06
0.000305438
-3.50833e-06
4.69948e-06
0.000327753
1.33751e-09
6.71117e-06
0.000339098
3.50138e-06
6.70629e-06
0.000339098
5.02754e-06
4.69089e-06
0.000327753
3.34201e-06
1.04133e-06
0.000305438
1.39748e-06
-8.68813e-07
0.000272877
-8.12505e-07
0.000231172
8.13367e-07
-1.75534e-06
0.00019757
-3.00398e-06
0.000238953
-3.64144e-06
0.000271049
-2.37789e-06
0.000292949
-4.22314e-09
0.000304052
2.36364e-06
0.000304052
3.61851e-06
0.000292949
2.98016e-06
0.000271049
1.73822e-06
0.000238953
0.00019757
1.00411e-06
2.56298e-05
-5.16669e-06
0.000424574
2.51874e-05
4.52024e-07
0.000329167
2.21797e-05
3.00778e-06
0.000340681
1.52936e-05
6.8938e-06
0.000352825
-2.09676e-07
1.55081e-05
0.000351543
-1.52827e-05
1.50656e-05
0.000351761
-2.15967e-05
6.30771e-06
0.000353078
-2.47478e-05
3.15427e-06
0.000340631
-2.51936e-05
4.63197e-07
0.000329032
-4.65967e-06
0.000424457
-2.05372e-05
-2.86287e-05
1.88961e-05
0.000450327
-8.59331e-06
-1.95816e-05
0.000381335
1.68025e-05
-2.23869e-05
0.000350669
1.44339e-05
9.25828e-06
0.000360764
3.97073e-08
2.99004e-05
0.00037299
-1.4358e-05
2.94689e-05
0.000372862
-1.6656e-05
8.61177e-06
0.000360592
8.78532e-06
-2.22871e-05
0.000350683
2.87426e-05
-1.9488e-05
0.000381264
1.95673e-05
0.000450276
4.51558e-06
7.35997e-06
8.91609e-06
0.000428369
7.61043e-06
-1.9826e-05
0.000451495
1.32821e-05
-2.80562e-05
0.000382986
1.27937e-05
9.747e-06
0.000353764
1.07441e-07
4.2587e-05
0.000358531
-1.27153e-05
4.22931e-05
0.000358507
-1.33223e-05
9.21946e-06
0.000353759
-7.62303e-06
-2.79818e-05
0.000382954
-7.39602e-06
-1.97078e-05
0.000451475
9.53002e-06
0.000428362
2.64152e-06
4.42743e-06
3.88645e-06
0.000397559
7.78394e-07
-1.61758e-05
0.000437008
3.23614e-06
-3.051e-05
0.000453902
1.50354e-06
1.1485e-05
0.000415783
8.73359e-08
4.40014e-05
0.000400752
-1.45892e-06
4.38343e-05
0.000400814
-3.43068e-06
1.11901e-05
0.000415904
-8.58072e-07
-3.05502e-05
0.000453906
-4.49766e-06
-1.60671e-05
0.000437006
4.36747e-06
0.000397557
6.64908e-07
3.09432e-06
6.52154e-07
0.000365019
-4.65897e-07
-1.26153e-05
0.000406614
-1.34976e-05
-1.74779e-05
0.000438336
-1.3951e-05
1.19377e-05
0.000456789
5.01025e-08
2.99983e-05
0.000463436
1.39864e-05
2.98949e-05
0.000463454
1.34031e-05
1.17718e-05
0.000456806
3.52551e-07
-1.74994e-05
0.000438337
-3.16411e-06
-1.25501e-05
0.000406613
1.00506e-06
0.000365017
1.98497e-07
1.67276e-06
-1.12258e-06
0.00033185
-2.0479e-06
-8.89444e-06
0.000373971
-1.02394e-05
-9.28642e-06
0.000407175
-8.30917e-06
1.00076e-05
0.000430006
2.11589e-08
2.16679e-05
0.000441678
8.31097e-06
2.16052e-05
0.000441678
1.017e-05
9.91271e-06
0.000430006
1.97023e-06
-9.29957e-06
0.000407175
-1.72507e-06
-8.85463e-06
0.000373971
-8.81142e-07
0.00033185
1.6099e-07
2.74631e-07
-1.68235e-06
0.000298396
-3.09752e-06
-5.52232e-06
0.000340565
-8.48541e-06
-3.89856e-06
0.00037381
-6.51061e-06
8.03276e-06
0.00039677
1.15581e-08
1.51457e-05
0.000408552
6.5045e-06
1.51123e-05
0.000408551
8.43537e-06
7.982e-06
0.00039677
3.04559e-06
-3.90979e-06
0.00037381
-3.04988e-07
-5.50412e-06
0.000340565
-1.53154e-06
0.000298396
3.45453e-07
-7.59747e-07
-1.47323e-06
0.000264805
-3.4738e-06
-2.80825e-06
0.000306795
-6.73133e-06
-6.41031e-07
0.000339761
-4.92785e-06
6.2293e-06
0.000362449
6.32882e-09
1.02116e-05
0.000374024
4.92243e-06
1.01961e-05
0.000374024
6.6997e-06
6.20459e-06
0.000362449
3.4413e-06
-6.51338e-07
0.000339761
7.43255e-07
-2.80602e-06
0.000306795
-1.38109e-06
0.000264805
5.92696e-07
-1.40797e-06
-8.55305e-07
0.000231172
-3.35858e-06
-8.57578e-07
0.000272877
-5.04414e-06
1.04453e-06
0.000305438
-3.50631e-06
4.69147e-06
0.000327754
1.37109e-09
6.70389e-06
0.000339098
3.49886e-06
6.69875e-06
0.000339098
5.02107e-06
4.68244e-06
0.000327754
3.33445e-06
1.03519e-06
0.000305438
1.39515e-06
-8.66744e-07
0.000272877
-8.02172e-07
0.000231172
8.16227e-07
-1.75303e-06
0.00019757
-2.99911e-06
0.000238953
-3.63776e-06
0.000271049
-2.37647e-06
0.000292949
-4.50029e-09
0.000304052
2.36134e-06
0.000304052
3.61346e-06
0.000292949
2.97392e-06
0.000271049
1.73502e-06
0.000238953
0.00019757
1.00545e-06
2.56583e-05
-5.18284e-06
0.000424584
2.51895e-05
4.79406e-07
0.000329156
2.21886e-05
3.0021e-06
0.000340679
1.52887e-05
6.90895e-06
0.000352816
-2.2153e-07
1.55163e-05
0.000351537
-1.52773e-05
1.50494e-05
0.000351768
-2.15716e-05
6.28957e-06
0.000353083
-2.47255e-05
3.15785e-06
0.000340627
-2.5197e-05
4.90551e-07
0.000329014
-4.64753e-06
0.000424459
-2.0553e-05
-2.86278e-05
1.88826e-05
0.000450329
-8.59827e-06
-1.95474e-05
0.000381332
1.68066e-05
-2.24008e-05
0.000350667
1.44384e-05
9.27341e-06
0.000360768
4.20157e-08
2.99114e-05
0.000372991
-1.43584e-05
2.94559e-05
0.000372856
-1.66513e-05
8.5896e-06
0.000360586
8.80107e-06
-2.22949e-05
0.000350683
2.87485e-05
-1.94481e-05
0.000381257
1.95911e-05
0.000450276
4.5095e-06
7.35662e-06
8.90551e-06
0.000428369
7.60906e-06
-1.97933e-05
0.000451489
1.32795e-05
-2.80674e-05
0.000382982
1.27948e-05
9.75924e-06
0.000353763
1.13523e-07
4.25939e-05
0.00035853
-1.27124e-05
4.22838e-05
0.000358505
-1.33214e-05
9.20101e-06
0.000353757
-7.62248e-06
-2.7989e-05
0.000382948
-7.39464e-06
-1.96675e-05
0.000451467
9.55342e-06
0.000428362
2.64324e-06
4.4098e-06
3.88605e-06
0.000397559
7.59438e-07
-1.61417e-05
0.000437007
3.19874e-06
-3.05022e-05
0.000453897
1.48553e-06
1.14792e-05
0.000415777
9.22853e-08
4.39864e-05
0.000400752
-1.43878e-06
4.38103e-05
0.000400818
-3.40441e-06
1.11678e-05
0.000415904
-8.44576e-07
-3.05448e-05
0.000453902
-4.48401e-06
-1.60267e-05
0.000437005
4.39395e-06
0.000397557
6.75496e-07
3.07687e-06
6.61521e-07
0.000365019
-4.82384e-07
-1.25821e-05
0.000406613
-1.35093e-05
-1.74748e-05
0.000438335
-1.39537e-05
1.19229e-05
0.00045679
5.3002e-08
2.99781e-05
0.000463438
1.39911e-05
2.9869e-05
0.000463457
1.34095e-05
1.1748e-05
0.000456808
3.61798e-07
-1.74968e-05
0.000438337
-3.15079e-06
-1.25137e-05
0.000406613
1.03405e-06
0.000365017
2.09324e-07
1.66173e-06
-1.10857e-06
0.00033185
-2.05069e-06
-8.8694e-06
0.000373971
-1.0236e-05
-9.28953e-06
0.000407175
-8.30389e-06
9.99097e-06
0.000430006
2.23722e-08
2.16518e-05
0.000441678
8.30583e-06
2.15856e-05
0.000441678
1.01629e-05
9.89098e-06
0.000430006
1.96908e-06
-9.30296e-06
0.000407175
-1.71698e-06
-8.82739e-06
0.000373971
-8.53614e-07
0.000331849
1.70548e-07
2.70436e-07
-1.66895e-06
0.000298396
-3.09192e-06
-5.50707e-06
0.000340565
-8.47698e-06
-3.90451e-06
0.00037381
-6.50496e-06
8.0189e-06
0.00039677
1.22103e-08
1.51346e-05
0.000408552
6.49851e-06
1.50993e-05
0.000408551
8.42427e-06
7.96541e-06
0.00039677
3.03733e-06
-3.91605e-06
0.00037381
-3.02449e-07
-5.48767e-06
0.000340565
-1.50942e-06
0.000298396
3.53391e-07
-7.59933e-07
-1.46212e-06
0.000264805
-3.46655e-06
-2.80046e-06
0.000306795
-6.72418e-06
-6.46902e-07
0.000339761
-4.92451e-06
6.21923e-06
0.000362449
6.67065e-09
1.02034e-05
0.000374024
4.91875e-06
1.01871e-05
0.000374024
6.69081e-06
6.1932e-06
0.000362449
3.43236e-06
-6.57592e-07
0.000339761
7.4258e-07
-2.79785e-06
0.000306795
-1.36459e-06
0.000264805
5.97602e-07
-1.40655e-06
-8.47325e-07
0.000231172
-3.35253e-06
-8.54449e-07
0.000272877
-5.03911e-06
1.03965e-06
0.000305438
-3.50433e-06
4.68441e-06
0.000327754
1.43797e-09
6.69759e-06
0.000339098
3.49643e-06
6.69218e-06
0.000339098
5.01475e-06
4.67491e-06
0.000327754
3.3271e-06
1.02992e-06
0.000305438
1.39307e-06
-8.63891e-07
0.000272877
-7.91017e-07
0.000231172
8.19448e-07
-1.75095e-06
0.00019757
-2.99438e-06
0.000238953
-3.63417e-06
0.000271049
-2.37509e-06
0.000292949
-4.74446e-09
0.000304052
2.35913e-06
0.000304052
3.60855e-06
0.000292949
2.96785e-06
0.000271049
1.73203e-06
0.000238953
0.00019757
1.00712e-06
2.56856e-05
-5.19879e-06
0.000424593
2.51918e-05
5.06851e-07
0.000329144
2.21973e-05
2.99808e-06
0.000340676
1.52836e-05
6.92542e-06
0.000352804
-2.33116e-07
1.55254e-05
0.000351528
-1.52707e-05
1.50339e-05
0.000351771
-2.15466e-05
6.2737e-06
0.000353086
-2.47008e-05
3.16093e-06
0.00034062
-2.52009e-05
5.20541e-07
0.000328994
-4.63535e-06
0.000424461
-2.05673e-05
-2.86287e-05
1.88701e-05
0.000450332
-8.60381e-06
-1.95132e-05
0.000381327
1.68103e-05
-2.24123e-05
0.000350663
1.44428e-05
9.29097e-06
0.00036077
4.44175e-08
2.99241e-05
0.00037299
-1.43576e-05
2.9444e-05
0.000372848
-1.66468e-05
8.57056e-06
0.000360578
8.81937e-06
-2.23023e-05
0.000350679
2.87548e-05
-1.94064e-05
0.000381248
1.96155e-05
0.000450275
4.50437e-06
7.35205e-06
8.89618e-06
0.000428369
7.60803e-06
-1.9762e-05
0.000451482
1.32763e-05
-2.80747e-05
0.000382976
1.27956e-05
9.77474e-06
0.000353759
1.19705e-07
4.26029e-05
0.000358527
-1.27078e-05
4.22757e-05
0.0003585
-1.3321e-05
9.18682e-06
0.000353753
-7.61988e-06
-2.79953e-05
0.00038294
-7.39261e-06
-1.96254e-05
0.000451459
9.5774e-06
0.000428362
2.64589e-06
4.39056e-06
3.88719e-06
0.000397559
7.34264e-07
-1.61043e-05
0.000437005
3.15879e-06
-3.04941e-05
0.000453892
1.46704e-06
1.14754e-05
0.000415768
9.71692e-08
4.39735e-05
0.000400751
-1.41753e-06
4.3788e-05
0.00040082
-3.37667e-06
1.11478e-05
0.000415902
-8.30286e-07
-3.05364e-05
0.000453896
-4.46933e-06
-1.59849e-05
0.000437003
4.42098e-06
0.000397556
6.87196e-07
3.05802e-06
6.72712e-07
0.000365019
-4.99447e-07
-1.25464e-05
0.000406613
-1.35224e-05
-1.74706e-05
0.000438335
-1.39568e-05
1.19094e-05
0.00045679
5.58409e-08
2.99594e-05
0.000463439
1.39965e-05
2.98447e-05
0.000463459
1.34177e-05
1.17252e-05
0.000456809
3.75715e-07
-1.74938e-05
0.000438337
-3.13538e-06
-1.24735e-05
0.000406612
1.06453e-06
0.000365017
2.21322e-07
1.64955e-06
-1.09267e-06
0.00033185
-2.05435e-06
-8.84221e-06
0.000373971
-1.02332e-05
-9.29159e-06
0.000407175
-8.29897e-06
9.97529e-06
0.000430006
2.35582e-08
2.16368e-05
0.000441678
8.30119e-06
2.15672e-05
0.000441678
1.01565e-05
9.86994e-06
0.000430005
1.96856e-06
-9.30574e-06
0.000407175
-1.7073e-06
-8.79735e-06
0.000373971
-8.24176e-07
0.000331849
1.8127e-07
2.65368e-07
-1.65382e-06
0.000298396
-3.08676e-06
-5.4901e-06
0.000340565
-8.46889e-06
-3.90947e-06
0.00037381
-6.49952e-06
8.00594e-06
0.00039677
1.28421e-08
1.51245e-05
0.000408551
6.4928e-06
1.50874e-05
0.000408551
8.4134e-06
7.94956e-06
0.00039677
3.02926e-06
-3.92157e-06
0.00037381
-2.98944e-07
-5.4692e-06
0.000340565
-1.48548e-06
0.000298396
3.62411e-07
-7.60704e-07
-1.44948e-06
0.000264805
-3.45954e-06
-2.79126e-06
0.000306795
-6.71719e-06
-6.51823e-07
0.000339761
-4.9213e-06
6.21008e-06
0.000362449
6.98313e-09
1.01962e-05
0.000374024
4.9152e-06
1.01791e-05
0.000374024
6.68198e-06
6.18264e-06
0.000362449
3.42348e-06
-6.63018e-07
0.000339761
7.42503e-07
-2.78819e-06
0.000306795
-1.34649e-06
0.000264805
6.0336e-07
-1.40558e-06
-8.37999e-07
0.000231172
-3.34666e-06
-8.5014e-07
0.000272878
-5.03422e-06
1.03571e-06
0.000305438
-3.50246e-06
4.6783e-06
0.000327754
1.46711e-09
6.69228e-06
0.000339098
3.49407e-06
6.6866e-06
0.000339098
5.00849e-06
4.66827e-06
0.000327754
3.31982e-06
1.02553e-06
0.000305438
1.39142e-06
-8.59841e-07
0.000272877
-7.78478e-07
0.000231172
8.23389e-07
-1.74927e-06
0.000197571
-2.98989e-06
0.000238953
-3.63077e-06
0.000271049
-2.37383e-06
0.000292949
-5.03753e-09
0.000304052
2.35696e-06
0.000304052
3.60373e-06
0.000292949
2.96193e-06
0.000271049
1.7294e-06
0.000238953
0.00019757
1.00944e-06
2.57098e-05
-5.21376e-06
0.000424599
2.5192e-05
5.37423e-07
0.000329124
2.22041e-05
2.99518e-06
0.000340669
1.5277e-05
6.94312e-06
0.000352788
-2.45063e-07
1.55354e-05
0.000351514
-1.52633e-05
1.50193e-05
0.000351769
-2.152e-05
6.25893e-06
0.000353083
-2.46742e-05
3.16495e-06
0.00034061
-2.52013e-05
5.53877e-07
0.000328967
-4.62208e-06
0.00042446
-2.05779e-05
-2.86337e-05
1.88608e-05
0.000450333
-8.61223e-06
-1.94752e-05
0.000381318
1.68123e-05
-2.2422e-05
0.000350655
1.44457e-05
9.31138e-06
0.000360768
4.64622e-08
2.99388e-05
0.000372986
-1.43561e-05
2.94341e-05
0.000372836
-1.66407e-05
8.55428e-06
0.000360567
8.84041e-06
-2.23084e-05
0.000350672
2.87654e-05
-1.936e-05
0.000381235
1.96432e-05
0.000450274
4.50162e-06
7.3451e-06
8.89042e-06
0.000428369
7.60537e-06
-1.97266e-05
0.000451473
1.32715e-05
-2.80797e-05
0.000382968
1.27951e-05
9.79474e-06
0.000353752
1.25592e-07
4.2615e-05
0.000358521
-1.27027e-05
4.22707e-05
0.000358492
-1.33192e-05
9.17694e-06
0.000353746
-7.61575e-06
-2.8e-05
0.000382928
-7.38799e-06
-1.95785e-05
0.000451449
9.60521e-06
0.000428361
2.65078e-06
4.36924e-06
3.89158e-06
0.000397559
7.0714e-07
-1.60629e-05
0.000437004
3.11612e-06
-3.04823e-05
0.000453885
1.44729e-06
1.14761e-05
0.000415755
1.01765e-07
4.39647e-05
0.000400747
-1.39585e-06
4.37699e-05
0.000400819
-3.34697e-06
1.11327e-05
0.000415897
-8.14771e-07
-3.05252e-05
0.00045389
-4.45265e-06
-1.5939e-05
0.000437002
4.4516e-06
0.000397556
7.01186e-07
3.03715e-06
6.87327e-07
0.000365019
-5.18674e-07
-1.25065e-05
0.000406612
-1.35371e-05
-1.7463e-05
0.000438334
-1.39605e-05
1.18997e-05
0.00045679
5.86375e-08
2.99449e-05
0.00046344
1.40024e-05
2.98246e-05
0.000463461
1.34275e-05
1.17065e-05
0.00045681
3.89795e-07
-1.74867e-05
0.000438336
-3.11836e-06
-1.24304e-05
0.000406612
1.09845e-06
0.000365017
2.35104e-07
1.63563e-06
-1.07335e-06
0.00033185
-2.05928e-06
-8.81126e-06
0.000373971
-1.02316e-05
-9.29043e-06
0.000407175
-8.29463e-06
9.9631e-06
0.000430006
2.47291e-08
2.16256e-05
0.000441678
8.29703e-06
2.15526e-05
0.000441678
1.01511e-05
9.85259e-06
0.000430005
1.96959e-06
-9.30492e-06
0.000407175
-1.69629e-06
-8.7642e-06
0.000373971
-7.91535e-07
0.000331849
1.93566e-07
2.58819e-07
-1.63556e-06
0.000298396
-3.08259e-06
-5.46984e-06
0.000340565
-8.46152e-06
-3.91142e-06
0.000373809
-6.49449e-06
7.99619e-06
0.00039677
1.34639e-08
1.51178e-05
0.000408551
6.48745e-06
1.50789e-05
0.000408551
8.4033e-06
7.93707e-06
0.000396769
3.02241e-06
-3.92389e-06
0.000373809
-2.94086e-07
-5.44775e-06
0.000340565
-1.45857e-06
0.000298396
3.72991e-07
-7.62643e-07
-1.43397e-06
0.000264806
-3.45332e-06
-2.77917e-06
0.000306795
-6.71076e-06
-6.53937e-07
0.000339761
-4.9184e-06
6.20394e-06
0.000362449
7.30398e-09
1.01922e-05
0.000374024
4.91198e-06
1.01743e-05
0.000374024
6.6738e-06
6.17516e-06
0.000362449
3.41556e-06
-6.6554e-07
0.000339761
7.43601e-07
-2.77574e-06
0.000306795
-1.32563e-06
0.000264805
6.10479e-07
-1.40563e-06
-8.26086e-07
0.000231172
-3.34152e-06
-8.43264e-07
0.000272878
-5.02985e-06
1.03438e-06
0.000305438
-3.50086e-06
4.67495e-06
0.000327754
1.51994e-09
6.68986e-06
0.000339098
3.49203e-06
6.68391e-06
0.000339098
5.00283e-06
4.66445e-06
0.000327754
3.3134e-06
1.02378e-06
0.000305438
1.39085e-06
-8.53253e-07
0.000272878
-7.63425e-07
0.000231172
8.28588e-07
-1.74853e-06
0.000197571
-2.98613e-06
0.000238953
-3.6279e-06
0.000271049
-2.37286e-06
0.000292949
-5.29681e-09
0.000304052
2.35515e-06
0.000304052
3.59954e-06
0.000292949
2.95686e-06
0.000271049
1.72778e-06
0.000238953
0.000197571
1.01296e-06
2.57256e-05
-5.22538e-06
0.0004246
2.51848e-05
5.73747e-07
0.000329092
2.22068e-05
2.99245e-06
0.000340654
1.52684e-05
6.96342e-06
0.000352763
-2.57178e-07
1.55484e-05
0.000351492
-1.52544e-05
1.50079e-05
0.000351759
-2.14892e-05
6.24604e-06
0.000353072
-2.46409e-05
3.16991e-06
0.000340592
-2.51927e-05
5.92071e-07
0.000328927
-4.60566e-06
0.000424455
-2.05814e-05
-2.86454e-05
1.88581e-05
0.000450333
-8.6238e-06
-1.94312e-05
0.000381302
1.68109e-05
-2.24284e-05
0.000350641
1.44467e-05
9.33567e-06
0.000360761
4.84208e-08
2.99575e-05
0.000372975
-1.43534e-05
2.94284e-05
0.000372818
-1.66309e-05
8.54107e-06
0.00036055
8.86444e-06
-2.23118e-05
0.000350659
2.87839e-05
-1.93076e-05
0.000381215
1.96779e-05
0.000450271
4.5033e-06
7.33359e-06
8.89198e-06
0.000428368
7.59807e-06
-1.96838e-05
0.000451461
1.32639e-05
-2.80769e-05
0.00038295
1.27928e-05
9.8206e-06
0.000353739
1.31355e-07
4.26326e-05
0.000358508
-1.26968e-05
4.22716e-05
0.000358478
-1.3314e-05
9.17188e-06
0.000353732
-7.60742e-06
-2.79978e-05
0.000382908
-7.37856e-06
-1.95238e-05
0.000451436
9.64077e-06
0.00042836
2.65982e-06
4.34462e-06
3.90253e-06
0.000397558
6.77202e-07
-1.60142e-05
0.000437002
3.07169e-06
-3.04623e-05
0.000453876
1.42652e-06
1.14851e-05
0.000415736
1.06302e-07
4.39643e-05
0.000400735
-1.37385e-06
4.37603e-05
0.000400811
-3.31568e-06
1.11259e-05
0.000415885
-7.97293e-07
-3.05067e-05
0.000453881
-4.43277e-06
-1.58862e-05
0.000436999
4.48929e-06
0.000397555
7.19181e-07
3.01367e-06
7.08204e-07
0.000365018
-5.39677e-07
-1.24601e-05
0.000406611
-1.35531e-05
-1.74476e-05
0.000438333
-1.39648e-05
1.18983e-05
0.000456789
6.14049e-08
2.9939e-05
0.000463439
1.40085e-05
2.98132e-05
0.000463461
1.3438e-05
1.16966e-05
0.00045681
4.04314e-07
-1.74718e-05
0.000438335
-3.0994e-06
-1.23817e-05
0.000406611
1.13863e-06
0.000365017
2.51728e-07
1.61926e-06
-1.04809e-06
0.00033185
-2.06615e-06
-8.77417e-06
0.00037397
-1.02312e-05
-9.28203e-06
0.000407174
-8.29112e-06
9.95865e-06
0.000430005
2.58477e-08
2.16224e-05
0.000441677
8.29351e-06
2.15461e-05
0.000441678
1.01471e-05
9.84339e-06
0.000430005
1.97246e-06
-9.29667e-06
0.000407174
-1.68311e-06
-8.72561e-06
0.00037397
-7.53137e-07
0.000331849
2.08586e-07
2.49805e-07
-1.6118e-06
0.000298396
-3.08041e-06
-5.44387e-06
0.000340564
-8.45551e-06
-3.90671e-06
0.000373809
-6.49016e-06
7.9936e-06
0.000396769
1.40563e-08
1.51186e-05
0.000408551
6.48272e-06
1.50779e-05
0.000408551
8.39468e-06
7.93195e-06
0.000396769
3.0177e-06
-3.91941e-06
0.000373809
-2.86876e-07
-5.42099e-06
0.000340564
-1.42629e-06
0.000298396
3.86337e-07
-7.66799e-07
-1.41326e-06
0.000264806
-3.44898e-06
-2.76167e-06
0.000306795
-6.70563e-06
-6.49959e-07
0.000339761
-4.91616e-06
6.20433e-06
0.000362448
7.61689e-09
1.0195e-05
0.000374024
4.90939e-06
1.01762e-05
0.000374024
6.66702e-06
6.17432e-06
0.000362448
3.40969e-06
-6.61904e-07
0.000339761
7.46897e-07
-2.75812e-06
0.000306795
-1.29969e-06
0.000264805
6.20083e-07
-1.40778e-06
-8.09307e-07
0.000231172
-3.33813e-06
-8.31323e-07
0.000272878
-5.02671e-06
1.0386e-06
0.000305438
-3.49988e-06
4.67753e-06
0.000327753
1.58788e-09
6.69357e-06
0.000339098
3.49064e-06
6.68736e-06
0.000339098
4.99849e-06
4.66658e-06
0.000327753
3.30886e-06
1.0276e-06
0.000305438
1.39238e-06
-8.41735e-07
0.000272878
-7.43624e-07
0.000231172
8.36187e-07
-1.74979e-06
0.000197571
-2.98407e-06
0.000238953
-3.62623e-06
0.000271049
-2.37249e-06
0.000292949
-5.51873e-09
0.000304052
2.35401e-06
0.000304052
3.59664e-06
0.000292949
2.95358e-06
0.000271049
1.72816e-06
0.000238953
0.000197571
1.01887e-06
2.57286e-05
-5.2327e-06
0.000424593
2.51656e-05
6.17893e-07
0.000329037
2.22019e-05
2.99315e-06
0.000340625
1.52562e-05
6.98886e-06
0.00035272
-2.68719e-07
1.55669e-05
0.00035145
-1.52414e-05
1.50024e-05
0.000351729
-2.145e-05
6.23796e-06
0.000353043
-2.45959e-05
3.17846e-06
0.00034056
-2.51711e-05
6.37799e-07
0.000328865
-4.58478e-06
0.000424442
-2.05732e-05
-2.8671e-05
1.88673e-05
0.00045033
-8.64494e-06
-1.93761e-05
0.00038127
1.68034e-05
-2.24278e-05
0.000350614
1.44442e-05
9.36746e-06
0.000360742
5.07079e-08
2.99831e-05
0.000372952
-1.43469e-05
2.94301e-05
0.000372789
-1.66142e-05
8.53474e-06
0.000360521
8.89812e-06
-2.23087e-05
0.000350633
2.88161e-05
-1.92435e-05
0.000381178
1.97244e-05
0.000450265
4.51254e-06
7.31393e-06
8.90685e-06
0.000428366
7.58266e-06
-1.96269e-05
0.000451443
1.32511e-05
-2.80588e-05
0.000382913
1.27871e-05
9.8585e-06
0.000353712
1.37321e-07
4.26593e-05
0.000358482
-1.26874e-05
4.22821e-05
0.00035845
-1.3303e-05
9.17796e-06
0.000353705
-7.59051e-06
-2.7982e-05
0.000382869
-7.36089e-06
-1.94538e-05
0.000451417
9.68954e-06
0.000428358
2.67623e-06
4.31394e-06
3.92564e-06
0.000397557
6.4194e-07
-1.59517e-05
0.000436999
3.02293e-06
-3.04253e-05
0.000453861
1.40389e-06
1.15111e-05
0.000415703
1.11035e-07
4.39781e-05
0.000400709
-1.35027e-06
4.37658e-05
0.000400789
-3.27969e-06
1.11349e-05
0.000415857
-7.75742e-07
-3.04715e-05
0.000453866
-4.40674e-06
-1.58195e-05
0.000436996
4.53888e-06
0.000397554
7.44967e-07
2.98485e-06
7.40992e-07
0.000365018
-5.65342e-07
-1.24002e-05
0.00040661
-1.35715e-05
-1.74169e-05
0.00043833
-1.39698e-05
1.19128e-05
0.000456786
6.41395e-08
2.99485e-05
0.000463435
1.40155e-05
2.98174e-05
0.000463458
1.3451e-05
1.17019e-05
0.000456808
4.23046e-07
-1.74414e-05
0.000438333
-3.0751e-06
-1.23199e-05
0.000406609
1.19042e-06
0.000365016
2.74211e-07
1.5978e-06
-1.01131e-06
0.00033185
-2.07685e-06
-8.72462e-06
0.00037397
-1.02335e-05
-9.25936e-06
0.000407173
-8.28871e-06
9.96896e-06
0.000430004
2.69599e-08
2.16337e-05
0.000441676
8.29138e-06
2.15541e-05
0.000441677
1.01456e-05
9.84843e-06
0.000430004
1.97951e-06
-9.27433e-06
0.000407173
-1.66482e-06
-8.67468e-06
0.000373969
-7.03372e-07
0.000331849
2.29169e-07
2.35682e-07
-1.57727e-06
0.000298396
-3.08221e-06
-5.40641e-06
0.000340564
-8.45204e-06
-3.88899e-06
0.000373809
-6.48698e-06
8.0045e-06
0.000396769
1.46723e-08
1.51327e-05
0.00040855
6.47927e-06
1.50902e-05
0.00040855
8.38858e-06
7.93998e-06
0.000396768
3.01699e-06
-3.90217e-06
0.000373809
-2.74625e-07
-5.38277e-06
0.000340564
-1.38323e-06
0.000298396
4.05457e-07
-7.75615e-07
-1.38225e-06
0.000264806
-3.44851e-06
-2.73336e-06
0.000306795
-6.70306e-06
-6.3417e-07
0.00033976
-4.91513e-06
6.21697e-06
0.000362448
7.93952e-09
1.02101e-05
0.000374023
4.90804e-06
1.01905e-05
0.000374023
6.66273e-06
6.18551e-06
0.000362448
3.40757e-06
-6.46681e-07
0.00033976
7.54767e-07
-2.72975e-06
0.000306794
-1.26348e-06
0.000264805
6.34883e-07
-1.41441e-06
-7.82744e-07
0.000231172
-3.33845e-06
-8.09282e-07
0.000272878
-5.0261e-06
1.05352e-06
0.000305438
-3.50015e-06
4.69113e-06
0.000327753
1.65267e-09
6.70843e-06
0.000339098
3.49047e-06
6.70192e-06
0.000339098
4.99658e-06
4.67959e-06
0.000327753
3.30786e-06
1.04196e-06
0.000305438
1.39825e-06
-8.2019e-07
0.000272878
-7.14167e-07
0.000231172
8.48858e-07
-1.75533e-06
0.000197571
-2.98558e-06
0.000238953
-3.62705e-06
0.000271049
-2.37339e-06
0.000292949
-5.74813e-09
0.000304052
2.35411e-06
0.000304052
3.59615e-06
0.00029295
2.95374e-06
0.000271049
1.73263e-06
0.000238953
0.000197571
1.02992e-06
2.57035e-05
-5.22954e-06
0.00042457
2.51244e-05
6.75982e-07
0.000328941
2.21822e-05
3.00137e-06
0.000340566
1.52365e-05
7.02552e-06
0.00035264
-2.80123e-07
1.55968e-05
0.000351369
-1.52205e-05
1.50082e-05
0.00035166
-2.13967e-05
6.24188e-06
0.000352978
-2.45305e-05
3.19555e-06
0.000340498
-2.51219e-05
6.96062e-07
0.000328761
-4.55308e-06
0.000424413
-2.054e-05
-2.87237e-05
1.89014e-05
0.000450321
-8.69115e-06
-1.92932e-05
0.000381206
1.67825e-05
-2.24174e-05
0.000350559
1.44342e-05
9.41684e-06
0.000360699
5.30909e-08
3.00252e-05
0.000372904
-1.43323e-05
2.94481e-05
0.000372734
-1.65849e-05
8.54758e-06
0.000360468
8.95509e-06
-2.22924e-05
0.00035058
2.8874e-05
-1.91545e-05
0.000381111
1.97952e-05
0.000450253
4.53725e-06
7.27875e-06
8.94868e-06
0.000428363
7.55525e-06
-1.95394e-05
0.000451413
1.32271e-05
-2.80178e-05
0.000382841
1.2774e-05
9.92446e-06
0.000353657
1.43378e-07
4.27086e-05
0.00035843
-1.26697e-05
4.23145e-05
0.000358397
-1.3281e-05
9.21422e-06
0.00035365
-7.56316e-06
-2.79378e-05
0.000382795
-7.32812e-06
-1.93577e-05
0.000451386
9.76413e-06
0.000428354
2.70718e-06
4.27079e-06
3.97372e-06
0.000397555
5.96107e-07
-1.58593e-05
0.000436993
2.96004e-06
-3.03566e-05
0.000453836
1.37617e-06
1.15724e-05
0.000415639
1.15727e-07
4.40247e-05
0.000400653
-1.32063e-06
4.38029e-05
0.000400737
-3.22822e-06
1.118e-05
0.0004158
-7.37065e-07
-3.04041e-05
0.000453841
-4.36785e-06
-1.57214e-05
0.000436991
4.61246e-06
0.000397552
7.85944e-07
2.94455e-06
7.98468e-07
0.000365016
-6.00337e-07
-1.23119e-05
0.000406608
-1.35973e-05
-1.73554e-05
0.000438326
-1.3977e-05
1.19601e-05
0.000456778
6.70887e-08
2.99915e-05
0.000463424
1.4025e-05
2.98545e-05
0.000463448
1.34727e-05
1.17394e-05
0.000456801
4.53778e-07
-1.73811e-05
0.000438328
-3.03804e-06
-1.22271e-05
0.000406607
1.26689e-06
0.000365014
3.09091e-07
1.56544e-06
-9.506e-07
0.000331849
-2.09627e-06
-8.64848e-06
0.000373968
-1.0242e-05
-9.20773e-06
0.000407171
-8.2896e-06
1.00094e-05
0.000430003
2.82928e-08
2.16756e-05
0.000441674
8.29258e-06
2.15923e-05
0.000441674
1.01506e-05
9.88306e-06
0.000430002
1.99509e-06
-9.22366e-06
0.000407171
-1.63495e-06
-8.5954e-06
0.000373968
-6.29167e-07
0.000331848
2.61694e-07
2.10557e-07
-1.52028e-06
0.000298396
-3.09265e-06
-5.3445e-06
0.000340563
-8.45451e-06
-3.84471e-06
0.000373807
-6.48679e-06
8.04299e-06
0.000396767
1.53791e-08
1.51748e-05
0.000408549
6.47881e-06
1.51303e-05
0.000408548
8.38819e-06
7.9752e-06
0.000396767
3.0244e-06
-3.85872e-06
0.000373807
-2.51282e-07
-5.31901e-06
0.000340563
-1.31696e-06
0.000298396
4.3694e-07
-7.94455e-07
-1.32984e-06
0.000264806
-3.45638e-06
-2.68221e-06
0.000306794
-6.7063e-06
-5.942e-07
0.00033976
-4.91704e-06
6.25452e-06
0.000362447
8.28386e-09
1.02504e-05
0.000374022
4.90957e-06
1.02298e-05
0.000374022
6.66398e-06
6.22139e-06
0.000362447
3.4133e-06
-6.07429e-07
0.00033976
7.72626e-07
-2.67795e-06
0.000306794
-1.20536e-06
0.000264805
6.6094e-07
-1.43071e-06
-7.35998e-07
0.000231172
-3.34676e-06
-7.6612e-07
0.000272878
-5.03113e-06
1.09027e-06
0.000305438
-3.50331e-06
4.72691e-06
0.000327753
1.70456e-09
6.7456e-06
0.000339097
3.49312e-06
6.73874e-06
0.000339097
5.00009e-06
4.7147e-06
0.000327753
3.31449e-06
1.07813e-06
0.000305438
1.41364e-06
-7.77184e-07
0.000272878
-6.64503e-07
0.000231172
8.72611e-07
-1.77003e-06
0.000197571
-2.99477e-06
0.000238953
-3.63325e-06
0.00027105
-2.37707e-06
0.00029295
-5.99976e-09
0.000304053
2.35692e-06
0.000304053
3.6009e-06
0.00029295
2.96135e-06
0.00027105
1.74593e-06
0.000238953
0.000197571
1.05245e-06
2.56229e-05
-5.2049e-06
0.000424515
2.50383e-05
7.66898e-07
0.000328759
2.2135e-05
3.0217e-06
0.000340448
1.52021e-05
7.08498e-06
0.000352488
-2.91713e-07
1.56497e-05
0.000351213
-1.51852e-05
1.50364e-05
0.000351517
-2.13164e-05
6.26905e-06
0.00035284
-2.44205e-05
3.22488e-06
0.000340378
-2.5018e-05
7.87203e-07
0.000328572
-4.49961e-06
0.000424351
-2.04569e-05
-2.88292e-05
1.89848e-05
0.0004503
-8.77931e-06
-1.91579e-05
0.000381082
1.67369e-05
-2.23855e-05
0.000350451
1.44099e-05
9.50178e-06
0.000360609
5.54614e-08
3.01006e-05
0.000372808
-1.43033e-05
2.94991e-05
0.000372631
-1.6531e-05
8.59659e-06
0.000360369
9.05339e-06
-2.22531e-05
0.000350474
2.89844e-05
-1.9014e-05
0.000380981
1.99158e-05
0.000450229
4.59258e-06
7.21373e-06
9.0431e-06
0.000428355
7.50232e-06
-1.93914e-05
0.000451358
1.31826e-05
-2.79307e-05
0.000382706
1.27472e-05
1.00464e-05
0.000353548
1.49542e-07
4.28037e-05
0.000358325
-1.26378e-05
4.23925e-05
0.000358291
-1.32387e-05
9.3073e-06
0.00035354
-7.51066e-06
-2.78448e-05
0.000382659
-7.2657e-06
-1.92024e-05
0.00045133
9.89181e-06
0.000428346
2.76649e-06
4.20359e-06
4.06963e-06
0.000397551
5.29184e-07
-1.57072e-05
0.000436984
2.87144e-06
-3.02264e-05
0.000453789
1.33894e-06
1.1704e-05
0.000415514
1.20652e-07
4.4137e-05
0.000400538
-1.28094e-06
4.39055e-05
0.000400625
-3.15146e-06
1.12963e-05
0.000415682
-6.75464e-07
-3.02745e-05
0.000453795
-4.30501e-06
-1.55631e-05
0.000436981
4.73525e-06
0.000397548
8.55604e-07
2.88245e-06
9.03599e-07
0.000365014
-6.51988e-07
-1.21679e-05
0.000406603
-1.36381e-05
-1.72321e-05
0.000438318
-1.39894e-05
1.20724e-05
0.000456761
7.00625e-08
3.01021e-05
0.0004634
1.40397e-05
2.9959e-05
0.000463425
1.35096e-05
1.18428e-05
0.000456785
5.02592e-07
-1.72595e-05
0.000438321
-2.97859e-06
-1.20772e-05
0.000406602
1.39259e-06
0.000365012
3.66781e-07
1.51197e-06
-8.42562e-07
0.000331847
-2.13339e-06
-8.51947e-06
0.000373965
-1.02633e-05
-9.09831e-06
0.000407167
-8.29746e-06
1.01101e-05
0.000429999
2.96242e-08
2.17792e-05
0.00044167
8.30073e-06
2.16922e-05
0.00044167
1.01685e-05
9.97837e-06
0.000429998
2.02811e-06
-9.11522e-06
0.000407167
-1.58319e-06
-8.46281e-06
0.000373965
-5.1047e-07
0.000331846
3.21102e-07
1.63421e-07
-1.41798e-06
0.000298395
-3.12074e-06
-5.23376e-06
0.000340562
-8.46926e-06
-3.74742e-06
0.000373805
-6.49298e-06
8.13647e-06
0.000396765
1.60926e-08
1.52729e-05
0.000408546
6.48472e-06
1.52264e-05
0.000408545
8.40024e-06
8.06571e-06
0.000396764
3.04946e-06
-3.76207e-06
0.000373805
-2.05972e-07
-5.20589e-06
0.000340561
-1.20591e-06
0.000298395
4.90201e-07
-8.33445e-07
-1.23434e-06
0.000264805
-3.48127e-06
-2.58527e-06
0.000306794
-6.72156e-06
-5.05948e-07
0.000339758
-4.92517e-06
6.34167e-06
0.000362446
8.6485e-09
1.03409e-05
0.00037402
4.91739e-06
1.03193e-05
0.00037402
6.67745e-06
6.30703e-06
0.000362446
3.43629e-06
-5.19709e-07
0.000339758
8.10878e-07
-2.57978e-06
0.000306793
-1.1036e-06
0.000264805
7.08476e-07
-1.46661e-06
-6.48714e-07
0.000231172
-3.37139e-06
-6.80517e-07
0.000272878
-5.04778e-06
1.17065e-06
0.000305438
-3.5125e-06
4.80682e-06
0.000327753
1.76903e-09
6.82711e-06
0.000339097
3.50184e-06
6.81991e-06
0.000339097
5.01541e-06
4.79397e-06
0.000327753
3.33788e-06
1.15788e-06
0.000305438
1.44949e-06
-6.9153e-07
0.000272878
-5.71906e-07
0.000231172
9.1744e-07
-1.80333e-06
0.000197572
-3.01961e-06
0.000238954
-3.65053e-06
0.00027105
-2.38647e-06
0.00029295
-6.27759e-09
0.000304053
2.36541e-06
0.000304053
3.61675e-06
0.00029295
2.98484e-06
0.00027105
1.77958e-06
0.000238954
0.000197572
1.09455e-06
2.54342e-05
-5.13581e-06
0.000424393
2.4869e-05
9.32177e-07
0.000328392
2.20365e-05
3.06499e-06
0.000340216
1.51405e-05
7.18923e-06
0.000352195
-3.03371e-07
1.57473e-05
0.00035091
-1.51227e-05
1.51096e-05
0.000351227
-2.11848e-05
6.34111e-06
0.000352561
-2.42267e-05
3.27757e-06
0.000340142
-2.48052e-05
9.53483e-07
0.000328198
-4.40031e-06
0.000424221
-2.02752e-05
-2.90413e-05
1.91702e-05
0.000450255
-8.94366e-06
-1.89188e-05
0.000380835
1.66465e-05
-2.23127e-05
0.000350238
1.43592e-05
9.658e-06
0.000360428
5.76233e-08
3.02412e-05
0.000372615
-1.42481e-05
2.96155e-05
0.000372431
-1.64318e-05
8.71585e-06
0.000360179
9.22898e-06
-2.21723e-05
0.000350262
2.92018e-05
-1.87685e-05
0.000380731
2.01404e-05
0.000450181
4.70886e-06
7.08794e-06
9.24637e-06
0.000428339
7.40117e-06
-1.91274e-05
0.000451254
1.31018e-05
-2.77477e-05
0.00038244
1.26949e-05
1.0281e-05
0.000353332
1.55612e-07
4.29888e-05
0.000358117
-1.25804e-05
4.25608e-05
0.000358081
-1.31598e-05
9.5116e-06
0.000353323
-7.40916e-06
-2.76552e-05
0.000382391
-7.1421e-06
-1.89295e-05
0.000451224
1.01325e-05
0.00042833
2.88213e-06
4.09991e-06
4.25712e-06
0.000397542
4.21223e-07
-1.54306e-05
0.000436966
2.73453e-06
-2.99701e-05
0.000453698
1.28396e-06
1.19757e-05
0.00041527
1.25563e-07
4.43781e-05
0.000400307
-1.22414e-06
4.41381e-05
0.000400398
-3.02799e-06
1.15523e-05
0.000415445
-5.73103e-07
-3.00193e-05
0.000453704
-4.20574e-06
-1.52786e-05
0.000436963
4.95832e-06
0.000397539
9.7692e-07
2.77324e-06
1.10352e-06
0.000365008
-7.40996e-07
-1.19074e-05
0.000406594
-1.37084e-05
-1.69865e-05
0.000438302
-1.40113e-05
1.23141e-05
0.000456726
7.28947e-08
3.03451e-05
0.000463349
1.40642e-05
3.01968e-05
0.000463375
1.35752e-05
1.20758e-05
0.000456751
5.8645e-07
-1.70148e-05
0.000438305
-2.87091e-06
-1.18121e-05
0.000406593
1.61148e-06
0.000365007
4.81385e-07
1.41335e-06
-6.46207e-07
0.000331844
-2.20555e-06
-8.28272e-06
0.00037396
-1.03099e-05
-8.87412e-06
0.000407159
-8.31878e-06
1.033e-05
0.000429992
3.0864e-08
2.20041e-05
0.000441661
8.32257e-06
2.19138e-05
0.000441662
1.02119e-05
1.01934e-05
0.000429991
2.09665e-06
-8.89157e-06
0.000407159
-1.48502e-06
-8.22446e-06
0.000373959
-3.08999e-07
0.000331843
4.38291e-07
7.00871e-08
-1.22586e-06
0.000298394
-3.18399e-06
-5.02557e-06
0.000340558
-8.50809e-06
-3.54516e-06
0.0003738
-6.51146e-06
8.33871e-06
0.000396759
1.68369e-08
1.54815e-05
0.00040854
6.50321e-06
1.54333e-05
0.00040854
8.43675e-06
8.26549e-06
0.000396759
3.11018e-06
-3.56012e-06
0.0003738
-1.14873e-07
-4.99632e-06
0.000340558
-1.00941e-06
0.000298393
5.87104e-07
-9.12835e-07
-1.05197e-06
0.000264805
-3.53994e-06
-2.39715e-06
0.000306792
-6.76033e-06
-3.22313e-07
0.000339756
-4.9453e-06
6.527e-06
0.000362442
9.10885e-09
1.05308e-05
0.000374017
4.93748e-06
1.05085e-05
0.000374017
6.71483e-06
6.49125e-06
0.000362442
3.49347e-06
-3.36238e-07
0.000339756
8.89712e-07
-2.39117e-06
0.000306792
-9.18281e-07
0.000264805
7.98646e-07
-1.54237e-06
-4.76979e-07
0.000231173
-3.42847e-06
-5.111e-07
0.000272878
-5.08724e-06
1.33698e-06
0.000305437
-3.53336e-06
4.97415e-06
0.000327752
1.93466e-09
6.99674e-06
0.000339096
3.52249e-06
6.98933e-06
0.000339096
5.05384e-06
4.96102e-06
0.000327752
3.39394e-06
1.32405e-06
0.000305438
1.52479e-06
-5.22171e-07
0.000272878
-3.98623e-07
0.000231173
1.00449e-06
-1.87595e-06
0.000197573
-3.07524e-06
0.000238955
-3.68938e-06
0.000271051
-2.40695e-06
0.000292951
-6.46046e-09
0.000304054
2.38521e-06
0.000304054
3.65448e-06
0.000292951
3.03934e-06
0.000271051
1.85124e-06
0.000238955
0.000197573
1.17825e-06
2.50296e-05
-4.97777e-06
0.000424134
2.45199e-05
1.24753e-06
0.000327655
2.18317e-05
3.14215e-06
0.000339761
1.50243e-05
7.37579e-06
0.000351627
-3.15926e-07
1.59306e-05
0.000350319
-1.50066e-05
1.52689e-05
0.000350648
-2.09498e-05
6.49711e-06
0.000352007
-2.38578e-05
3.36878e-06
0.000339682
-2.43791e-05
1.26567e-06
0.000327454
-4.21496e-06
0.000423956
-1.98994e-05
-2.94619e-05
1.95558e-05
0.000450163
-9.25544e-06
-1.84718e-05
0.000380349
1.64645e-05
-2.21624e-05
0.000349822
1.42568e-05
9.94119e-06
0.000360071
5.89401e-08
3.05042e-05
0.000372239
-1.41416e-05
2.98543e-05
0.000372047
-1.62428e-05
8.96389e-06
0.000359813
9.54288e-06
-2.20039e-05
0.000349849
2.9624e-05
-1.83268e-05
0.000380241
2.05594e-05
0.000450085
4.94421e-06
6.8404e-06
9.66815e-06
0.000428308
7.17963e-06
-1.86066e-05
0.00045105
1.29491e-05
-2.73639e-05
0.000381871
1.25946e-05
1.07191e-05
0.000352909
1.61108e-07
4.33431e-05
0.000357712
-1.24751e-05
4.28982e-05
0.000357674
-1.3011e-05
9.92262e-06
0.0003529
-7.19471e-06
-2.72497e-05
0.00038182
-6.90008e-06
-1.84166e-05
0.000451019
1.05828e-05
0.000428299
3.10777e-06
3.89724e-06
4.66485e-06
0.000397526
2.24377e-07
-1.4899e-05
0.000436931
2.52162e-06
-2.94785e-05
0.000453515
1.20133e-06
1.25153e-05
0.000414794
1.29908e-07
4.48695e-05
0.000399852
-1.14038e-06
4.46212e-05
0.000399946
-2.82957e-06
1.20793e-05
0.000414978
-3.87375e-07
-2.95095e-05
0.000453521
-4.00991e-06
-1.47598e-05
0.000436929
5.39088e-06
0.000397523
1.19826e-06
2.57733e-06
1.48941e-06
0.000364999
-8.69427e-07
-1.14348e-05
0.000406577
-1.38289e-05
-1.6488e-05
0.000438271
-1.40507e-05
1.28082e-05
0.000456655
7.57324e-08
3.08466e-05
0.000463245
1.41063e-05
3.06928e-05
0.000463272
1.36947e-05
1.25608e-05
0.000456681
7.42936e-07
-1.65266e-05
0.000438274
-2.67639e-06
-1.13234e-05
0.000406576
2.01732e-06
0.000364997
7.07143e-07
1.23009e-06
-2.84035e-07
0.000331839
-2.35111e-06
-7.84232e-06
0.000373948
-1.04035e-05
-8.42051e-06
0.000407144
-8.36517e-06
1.07833e-05
0.000429979
3.22158e-08
2.24658e-05
0.000441644
8.36973e-06
2.23721e-05
0.000441645
1.03027e-05
1.06411e-05
0.000429978
2.23326e-06
-8.44195e-06
0.000407144
-1.30475e-06
-7.77439e-06
0.000373948
7.50997e-08
0.000331838
6.42734e-07
-1.1504e-07
-8.60544e-07
0.000298392
-3.31762e-06
-4.63347e-06
0.000340552
-8.59227e-06
-3.13657e-06
0.000373791
-6.55285e-06
8.75411e-06
0.000396749
1.76105e-08
1.59063e-05
0.000408529
6.54456e-06
1.58562e-05
0.000408529
8.51811e-06
8.67808e-06
0.000396749
3.23845e-06
-3.15295e-06
0.000373791
6.97714e-08
-4.59965e-06
0.000340552
-6.28534e-07
0.000298391
7.75533e-07
-1.0679e-06
-7.03981e-07
0.000264805
-3.6639e-06
-2.03501e-06
0.00030679
-6.84316e-06
4.73044e-08
0.000339751
-4.98788e-06
6.9051e-06
0.000362436
9.52425e-09
1.09159e-05
0.00037401
4.97983e-06
1.08928e-05
0.00037401
6.79585e-06
6.86811e-06
0.000362436
3.61409e-06
3.34777e-08
0.000339751
1.04327e-06
-2.02638e-06
0.00030679
-5.61288e-07
0.000264805
9.75762e-07
-1.69161e-06
-1.48626e-07
0.000231175
-3.54663e-06
-1.80341e-07
0.000272878
-5.16985e-06
1.67134e-06
0.000305437
-3.57626e-06
5.31334e-06
0.00032775
2.00553e-09
7.33993e-06
0.000339093
3.56492e-06
7.33235e-06
0.000339093
5.13488e-06
5.30008e-06
0.00032775
3.51037e-06
1.65865e-06
0.000305437
1.67358e-06
-1.90086e-07
0.000272878
-6.47883e-08
0.000231175
1.17552e-06
-2.01887e-06
0.000197575
-3.18921e-06
0.000238958
-3.76947e-06
0.000271053
-2.44871e-06
0.000292953
-6.75042e-09
0.000304056
2.42604e-06
0.000304056
3.73313e-06
0.000292953
3.15188e-06
0.000271053
1.99352e-06
0.000238958
0.000197575
1.34474e-06
2.42222e-05
-4.6558e-06
0.000423603
2.38162e-05
1.84973e-06
0.000326211
2.14189e-05
3.29482e-06
0.000338864
1.47986e-05
7.73023e-06
0.000350516
-3.28222e-07
1.62845e-05
0.000349161
-1.47817e-05
1.55984e-05
0.000349503
-2.0503e-05
6.81954e-06
0.000350909
-2.3127e-05
3.53462e-06
0.000338771
-2.35379e-05
1.86357e-06
0.000326001
-3.85848e-06
0.000423417
-1.91408e-05
-3.0292e-05
2.03329e-05
0.000449978
-9.87661e-06
-1.76005e-05
0.000379383
1.61099e-05
-2.18733e-05
0.000349004
1.40503e-05
1.04886e-05
0.000359372
6.06063e-08
3.10116e-05
0.000371501
-1.3932e-05
3.03358e-05
0.000371302
-1.58754e-05
9.47141e-06
0.000359105
1.01757e-05
-2.17064e-05
0.000349038
3.04606e-05
-1.74517e-05
0.000379271
2.13739e-05
0.000449898
5.41558e-06
6.35327e-06
1.05139e-05
0.000428247
6.76649e-06
-1.76102e-05
0.000450646
1.26636e-05
-2.66054e-05
0.000380706
1.23955e-05
1.15857e-05
0.00035208
1.66832e-07
4.40338e-05
0.000356919
-1.22718e-05
4.35696e-05
0.000356879
-1.27256e-05
1.07556e-05
0.00035207
-6.77932e-06
-2.64854e-05
0.000380652
-6.41384e-06
-1.74121e-05
0.000450614
1.14604e-05
0.000428237
3.56207e-06
3.5043e-06
5.48709e-06
0.000397493
-1.45303e-07
-1.38936e-05
0.000436864
2.12436e-06
-2.85065e-05
0.000453146
1.05908e-06
1.35858e-05
0.00041386
1.34184e-07
4.58565e-05
0.000398954
-1.00068e-06
4.55996e-05
0.000399051
-2.45169e-06
1.31331e-05
0.000414052
-2.36927e-08
-2.85454e-05
0.000453153
-3.6218e-06
-1.37468e-05
0.000436861
6.23529e-06
0.00039749
1.63621e-06
2.20898e-06
2.26801e-06
0.000364978
-1.11838e-06
-1.05324e-05
0.000406543
-1.40543e-05
-1.55099e-05
0.00043821
-1.4125e-05
1.37972e-05
0.000456515
7.86154e-08
3.18596e-05
0.000463039
1.41835e-05
3.16999e-05
0.000463067
1.39157e-05
1.35407e-05
0.000456541
9.79101e-07
-1.55483e-05
0.000438213
-2.31381e-06
-1.042e-05
0.000406542
2.81096e-06
0.000364977
1.13071e-06
8.75995e-07
4.65387e-07
0.000331827
-2.62952e-06
-7.00536e-06
0.000373927
-1.05879e-05
-7.52217e-06
0.000407115
-8.46096e-06
1.16957e-05
0.000429954
3.3813e-08
2.33972e-05
0.000441612
8.46649e-06
2.32997e-05
0.000441612
1.0484e-05
1.15485e-05
0.000429953
2.50938e-06
-7.54438e-06
0.000407115
-9.55286e-07
-6.93381e-06
0.000373927
8.32242e-07
0.000331826
1.0347e-06
-4.26229e-07
-1.54065e-07
0.000298386
-3.57484e-06
-3.84497e-06
0.00034054
-8.76218e-06
-2.31697e-06
0.000373773
-6.63862e-06
9.59163e-06
0.000396729
1.86977e-08
1.67608e-05
0.000408508
6.6308e-06
1.67087e-05
0.000408508
8.68624e-06
9.51289e-06
0.000396729
3.4942e-06
-2.33443e-06
0.000373773
3.83651e-07
-3.81151e-06
0.00034054
8.59376e-08
0.000298386
1.13522e-06
-1.384e-06
-2.4227e-08
0.000264805
-3.91117e-06
-1.31336e-06
0.000306785
-7.01039e-06
7.90971e-07
0.000339743
-5.07353e-06
7.66656e-06
0.000362424
1.02895e-08
1.16902e-05
0.000373997
5.06591e-06
1.16662e-05
0.000373997
6.96221e-06
7.62817e-06
0.000362424
3.86035e-06
7.76213e-07
0.000339743
1.35877e-06
-1.3054e-06
0.000306785
1.23215e-07
0.000264805
1.3217e-06
-1.99155e-06
4.95231e-07
0.000231178
-3.78428e-06
4.78416e-07
0.000272879
-5.33502e-06
2.34301e-06
0.000305435
-3.6615e-06
5.99617e-06
0.000327747
2.38011e-09
8.03035e-06
0.000339089
3.65032e-06
8.02244e-06
0.000339089
5.29935e-06
5.98239e-06
0.000327747
3.74714e-06
2.32958e-06
0.000305435
1.97268e-06
4.68004e-07
0.000272879
5.80958e-07
0.000231178
1.51207e-06
-2.30515e-06
0.00019758
-3.41815e-06
0.000238963
-3.92979e-06
0.000271058
-2.53169e-06
0.000292957
-6.7774e-09
0.00030406
2.5086e-06
0.00030406
3.8925e-06
0.000292957
3.37964e-06
0.000271058
2.27907e-06
0.000238963
0.00019758
1.67281e-06
2.26347e-05
-4.01164e-06
0.000422517
2.24862e-05
2.9436e-06
0.000323416
2.06215e-05
3.63701e-06
0.000337094
1.43646e-05
8.42959e-06
0.000348342
-3.4319e-07
1.69694e-05
0.000346901
-1.43545e-05
1.62589e-05
0.000347254
-1.96761e-05
7.48542e-06
0.000348746
-2.17832e-05
3.89705e-06
0.000336982
-2.19224e-05
2.94299e-06
0.000323198
-3.17943e-06
0.000422326
-1.7651e-05
-3.1911e-05
2.18452e-05
0.000449613
-1.1063e-05
-1.59734e-05
0.00037745
1.54241e-05
-2.12666e-05
0.000347423
1.36425e-05
1.15676e-05
0.000358014
5.94822e-08
3.19874e-05
0.000370067
-1.3527e-05
3.12842e-05
0.000369863
-1.51791e-05
1.05048e-05
0.000357738
1.13697e-05
-2.10803e-05
0.000347467
3.20725e-05
-1.58237e-05
0.000377333
2.29225e-05
0.000449527
6.34085e-06
5.4026e-06
1.21509e-05
0.00042812
5.97944e-06
-1.57292e-05
0.000449824
1.21129e-05
-2.51424e-05
0.00037845
1.20004e-05
1.32934e-05
0.000350465
1.69271e-07
4.53591e-05
0.000355379
-1.18783e-05
4.48724e-05
0.000355338
-1.21732e-05
1.24168e-05
0.000350452
-5.99084e-06
-2.50004e-05
0.00037839
-5.46782e-06
-1.55231e-05
0.00044979
1.31298e-05
0.00042811
4.45201e-06
2.74584e-06
7.07775e-06
0.000397427
-8.45123e-07
-1.20088e-05
0.000436735
1.32802e-06
-2.65856e-05
0.000452417
8.02133e-07
1.56632e-05
0.000412015
1.3563e-07
4.77841e-05
0.000397196
-7.5648e-07
4.75186e-05
0.000397297
-1.70095e-06
1.51964e-05
0.000412217
6.70404e-07
-2.66407e-05
0.000452423
-2.86956e-06
-1.18532e-05
0.000436731
7.85219e-06
0.000397423
2.47411e-06
1.51131e-06
3.78355e-06
0.000364939
-1.64056e-06
-8.7929e-06
0.000406479
-1.44868e-05
-1.36222e-05
0.000438094
-1.42689e-05
1.57245e-05
0.000456235
8.11728e-08
3.38453e-05
0.000462628
1.43297e-05
3.36792e-05
0.000462658
1.43449e-05
1.54593e-05
0.000456263
1.48576e-06
-1.36646e-05
0.000438096
-1.6214e-06
-8.68191e-06
0.000406478
4.3481e-06
0.000364937
1.92208e-06
2.01888e-07
1.92184e-06
0.000331805
-3.16156e-06
-5.38914e-06
0.000373887
-1.09473e-05
-5.78118e-06
0.000407059
-8.6527e-06
1.34762e-05
0.000429907
3.55307e-08
2.52183e-05
0.00044155
8.65935e-06
2.51167e-05
0.000441551
1.08413e-05
1.33236e-05
0.000429906
3.03801e-06
-5.80615e-06
0.00040706
-2.8467e-07
-5.31893e-06
0.000373887
2.30554e-06
0.000331804
1.77978e-06
-1.04536e-06
1.22602e-06
0.000298377
-4.07745e-06
-2.33522e-06
0.000340518
-9.0976e-06
-7.27738e-07
0.000373739
-6.81042e-06
1.12246e-05
0.000396694
1.98862e-08
1.84261e-05
0.00040847
6.80318e-06
1.83716e-05
0.000408469
9.01983e-06
1.11428e-05
0.000396693
3.99409e-06
-7.47216e-07
0.000373739
9.97579e-07
-2.30069e-06
0.000340518
1.47449e-06
0.000298376
1.83853e-06
-1.99064e-06
1.29152e-06
0.000264804
-4.39159e-06
7.35743e-08
0.000306778
-7.34047e-06
2.23692e-06
0.000339727
-5.24204e-06
9.14722e-06
0.000362403
1.11417e-08
1.31965e-05
0.000373973
5.23488e-06
1.31713e-05
0.000373973
7.29101e-06
9.10741e-06
0.000362403
4.33953e-06
2.21998e-06
0.000339727
1.96494e-06
8.18088e-08
0.000306778
1.44379e-06
0.000264804
1.99611e-06
-2.57039e-06
1.73699e-06
0.000231183
-4.24712e-06
1.74786e-06
0.000272882
-5.65566e-06
3.64691e-06
0.000305434
-3.82727e-06
7.32335e-06
0.000327742
2.88478e-09
9.37238e-06
0.000339083
3.81634e-06
9.36404e-06
0.000339083
5.61949e-06
7.30885e-06
0.000327742
4.20852e-06
3.6322e-06
0.000305434
2.55142e-06
1.73632e-06
0.000272882
1.82547e-06
0.000231183
2.16402e-06
-2.8587e-06
0.00019759
-3.86347e-06
0.000238973
-4.24104e-06
0.000271068
-2.69249e-06
0.000292967
-6.69558e-09
0.000304069
2.66912e-06
0.000304069
4.20281e-06
0.000292967
3.82348e-06
0.000271068
2.83146e-06
0.000238973
0.00019759
2.30745e-06
1.95944e-05
-2.90082e-06
0.000420309
1.99832e-05
4.94105e-06
0.000318086
1.90541e-05
4.43925e-06
0.000333583
1.35339e-05
9.76493e-06
0.000344097
-3.65708e-07
1.82609e-05
0.000342539
-1.35483e-05
1.75323e-05
0.000342905
-1.81141e-05
8.79775e-06
0.000344514
-1.92922e-05
4.70753e-06
0.000333452
-1.89495e-05
4.99161e-06
0.000317863
-2.05183e-06
0.000420001
-1.45724e-05
-3.51103e-05
2.47513e-05
0.000448765
-1.33885e-05
-1.28586e-05
0.000373528
1.40393e-05
-1.99432e-05
0.000344376
1.28491e-05
1.36097e-05
0.00035536
5.16276e-08
3.38608e-05
0.000367264
-1.27548e-05
3.31444e-05
0.000367058
-1.38229e-05
1.25223e-05
0.000355081
1.37006e-05
-1.97865e-05
0.000344438
3.5296e-05
-1.26786e-05
0.000373407
2.58561e-05
0.000448696
8.21925e-06
3.47395e-06
1.5352e-05
0.00042786
4.52302e-06
-1.20842e-05
0.000448001
1.09303e-05
-2.19526e-05
0.000374051
1.12455e-05
1.64507e-05
0.00034731
1.69521e-07
4.79495e-05
0.000352367
-1.1138e-05
4.74665e-05
0.000352323
-1.10442e-05
1.55858e-05
0.000347294
-4.51486e-06
-2.19194e-05
0.000373993
-3.53495e-06
-1.18304e-05
0.000447962
1.63611e-05
0.000427851
6.2192e-06
1.20911e-06
1.02489e-05
0.000397288
-2.30763e-06
-8.29254e-06
0.00043646
7.85616e-08
-2.27999e-05
0.000450878
3.3575e-07
1.98192e-05
0.00040839
1.41879e-07
5.1611e-05
0.000393727
-2.59954e-07
5.13333e-05
0.000393832
-3.82034e-07
1.93316e-05
0.000408592
2.07938e-06
-2.28436e-05
0.000450886
-1.34304e-06
-8.13324e-06
0.000436457
1.10439e-05
0.000397285
4.11263e-06
1.24998e-07
6.84469e-06
0.00036485
-2.6794e-06
-5.34684e-06
0.000406337
-1.53525e-05
-9.88116e-06
0.000437848
-1.45425e-05
1.9591e-05
0.000455654
8.42679e-08
3.78275e-05
0.000461784
1.46058e-05
3.76525e-05
0.000461817
1.52017e-05
1.93141e-05
0.000455685
2.52266e-06
-9.9196e-06
0.000437851
-2.38443e-07
-5.23119e-06
0.000406337
7.42562e-06
0.000364849
3.46874e-06
-1.11143e-06
4.8602e-06
0.00033175
-4.21103e-06
-2.15531e-06
0.000373795
-1.16729e-05
-2.30124e-06
0.000406941
-9.03935e-06
1.70552e-05
0.00042981
3.76945e-08
2.88799e-05
0.000441421
9.04719e-06
2.87724e-05
0.000441422
1.15627e-05
1.68959e-05
0.000429809
4.08717e-06
-2.32635e-06
0.000406942
1.0314e-06
-2.08382e-06
0.000373795
5.26035e-06
0.00033175
3.25095e-06
-2.30159e-06
4.03414e-06
0.000298348
-5.08513e-06
6.81986e-07
0.000340465
-9.77512e-06
2.46266e-06
0.000373665
-7.15911e-06
1.45155e-05
0.000396617
2.13625e-08
2.17801e-05
0.000408389
7.15232e-06
2.17221e-05
0.000408389
9.69477e-06
1.44299e-05
0.000396617
5.00056e-06
2.44153e-06
0.000373666
2.25146e-06
7.18648e-07
0.000340465
4.29343e-06
0.000298347
3.24725e-06
-3.20151e-06
3.96435e-06
0.000264795
-5.35985e-06
2.86488e-06
0.000306753
-8.00708e-06
5.1489e-06
0.000339688
-5.58303e-06
1.21393e-05
0.000362355
1.21288e-08
1.62373e-05
0.00037392
5.57612e-06
1.62103e-05
0.000373921
7.95603e-06
1.20975e-05
0.000362356
5.306e-06
5.13038e-06
0.000339688
3.17553e-06
2.87345e-06
0.000306753
4.12366e-06
0.000264795
3.35413e-06
-3.73188e-06
4.25868e-06
0.000231189
-5.17865e-06
4.31354e-06
0.00027288
-6.30465e-06
6.28399e-06
0.000305425
-4.16185e-06
1.00111e-05
0.000327728
3.57699e-09
1.20892e-05
0.000339066
4.15106e-06
1.20803e-05
0.000339066
6.26736e-06
9.99567e-06
0.000327728
5.13847e-06
6.26803e-06
0.000305425
3.71228e-06
4.30116e-06
0.00027288
4.35083e-06
0.000231189
3.47961e-06
-3.97355e-06
0.000197605
-4.76167e-06
0.000238989
-4.87043e-06
0.000271083
-3.01736e-06
0.000292982
-6.62137e-09
0.000304084
2.99352e-06
0.000304084
4.83075e-06
0.000292982
4.7197e-06
0.000271083
3.94476e-06
0.000238989
0.000197606
3.59019e-06
1.56192e-05
2.99441e-07
0.000412694
1.62181e-05
9.08469e-06
0.000308403
1.65363e-05
6.44403e-06
0.00032682
1.2171e-05
1.2456e-05
0.000336007
-3.94668e-07
2.08614e-05
0.000334243
-1.22187e-05
2.01075e-05
0.00033462
-1.56087e-05
1.14699e-05
0.000336434
-1.55794e-05
6.75122e-06
0.000326671
-1.50429e-05
9.15518e-06
0.000308172
1.209e-06
0.000412086
-8.33699e-06
-4.07006e-05
3.05559e-05
0.000447341
-1.71732e-05
-6.84396e-06
0.000365929
1.17881e-05
-1.70305e-05
0.000338889
1.15609e-05
1.75772e-05
0.000350467
4.08117e-08
3.75886e-05
0.000362057
-1.1491e-05
3.68445e-05
0.000361852
-1.15931e-05
1.64664e-05
0.000350187
1.74606e-05
-1.68357e-05
0.000338971
4.08702e-05
-6.65439e-06
0.000365807
3.16798e-05
0.000447312
1.17843e-05
-2.65241e-07
2.16719e-05
0.000427535
2.29193e-06
-5.38794e-06
0.000443988
9.02409e-06
-1.56074e-05
0.000365896
1.00454e-05
2.23751e-05
0.00034149
1.67606e-07
5.30452e-05
0.000346788
-9.94956e-06
5.2542e-05
0.000346742
-9.15557e-06
2.14993e-05
0.000341467
-2.29025e-06
-1.55499e-05
0.000365842
2.11007e-07
-5.1307e-06
0.000443936
2.26914e-05
0.000427537
9.51356e-06
-1.59167e-06
1.63917e-05
0.00039711
-5.20123e-06
-1.27611e-06
0.000435958
-2.06374e-06
-1.56409e-05
0.000447774
-6.08127e-07
2.76746e-05
0.000401635
1.39004e-07
5.88218e-05
0.000387204
6.66654e-07
5.85344e-05
0.000387312
1.75391e-06
2.71723e-05
0.000401832
5.01052e-06
-1.57035e-05
0.000447783
1.49148e-06
-1.1103e-06
0.000435955
1.72184e-05
0.000397111
7.13812e-06
-2.40593e-06
1.26999e-05
0.000364724
-4.64994e-06
1.18998e-06
0.000406115
-1.69737e-05
-2.85857e-06
0.00043739
-1.50443e-05
2.69121e-05
0.000454487
8.71973e-08
4.53605e-05
0.000460114
1.5112e-05
4.51749e-05
0.000460152
1.68244e-05
2.66212e-05
0.000454524
4.4874e-06
-2.90919e-06
0.000437394
2.29304e-06
1.30464e-06
0.000406116
1.33059e-05
0.000364725
6.32933e-06
-3.53515e-06
1.04284e-05
0.000331674
-6.15188e-06
3.95167e-06
0.00037365
-1.30422e-05
4.22405e-06
0.000406749
-9.77025e-06
2.37921e-05
0.000429658
4.1274e-08
3.57732e-05
0.000441196
9.78257e-06
3.56575e-05
0.000441198
1.29322e-05
2.36227e-05
0.000429657
6.02486e-06
4.18956e-06
0.000406751
3.45032e-06
4.02271e-06
0.000373652
1.08448e-05
0.000331676
5.98518e-06
-4.65087e-06
9.32842e-06
0.000298314
-6.95335e-06
6.33439e-06
0.000340384
-1.10539e-05
8.44016e-06
0.00037355
-7.81653e-06
2.06664e-05
0.000396506
2.44912e-08
2.80522e-05
0.000408269
7.81312e-06
2.79889e-05
0.000408269
1.09735e-05
2.0574e-05
0.000396505
6.86581e-06
8.41203e-06
0.000373551
4.59925e-06
6.36822e-06
0.000340386
9.59793e-06
0.000298315
5.87841e-06
-5.46224e-06
8.97581e-06
0.000264794
-7.16761e-06
8.06784e-06
0.000306725
-9.2477e-06
1.05723e-05
0.000339636
-6.22096e-06
1.77044e-05
0.000362291
1.47299e-08
2.18887e-05
0.000373848
6.21686e-06
2.18586e-05
0.000373849
9.19692e-06
1.76581e-05
0.000362291
7.11223e-06
1.05482e-05
0.000339637
5.43463e-06
8.07305e-06
0.000306726
9.14014e-06
0.000264795
5.89198e-06
-5.89935e-06
8.96582e-06
0.000231211
-6.91828e-06
9.07476e-06
0.000272892
-7.51501e-06
1.11676e-05
0.000305426
-4.78523e-06
1.49807e-05
0.000327721
5.821e-09
1.71079e-05
0.000339055
4.77693e-06
1.70978e-05
0.000339056
7.47806e-06
1.49629e-05
0.000327722
6.87657e-06
1.11475e-05
0.000305427
5.87826e-06
9.05849e-06
0.000272893
9.05903e-06
0.000231212
5.93573e-06
-6.05179e-06
0.000197643
-6.436e-06
0.000239031
-6.04257e-06
0.000271127
-3.62126e-06
0.000293026
-5.28626e-09
0.000304129
3.59923e-06
0.000304129
6.00292e-06
0.000293027
6.39217e-06
0.000271127
6.02062e-06
0.000239031
0.000197644
5.98201e-06
8.80349e-06
8.88714e-06
0.000390561
1.05136e-05
1.45278e-05
0.000292167
1.24052e-05
1.02567e-05
0.000314672
9.94856e-06
1.71425e-05
0.000321322
-4.21076e-07
2.53182e-05
0.000319294
-1.00259e-05
2.45449e-05
0.00031968
-1.14802e-05
1.61219e-05
0.000321766
-9.88905e-06
1.05769e-05
0.000314503
-8.30394e-06
1.46335e-05
0.000291955
9.70882e-06
0.000389731
4.34219e-06
-5.07572e-05
4.41959e-05
0.0004434
-2.37991e-05
2.64349e-06
0.000350857
8.01237e-06
-1.21646e-05
0.000329498
9.47045e-06
2.43433e-05
0.000341808
4.14776e-08
4.40959e-05
0.000352708
-9.40168e-06
4.33232e-05
0.000352517
-7.82115e-06
2.31993e-05
0.00034153
2.40689e-05
-1.19426e-05
0.0003296
5.09393e-05
2.82125e-06
0.000350748
4.5288e-05
0.000443369
1.93029e-05
-6.59203e-06
3.53263e-05
0.000426823
-1.70903e-06
8.84516e-06
0.000432904
6.04946e-06
-4.27114e-06
0.000350243
8.15934e-06
3.26502e-05
0.000331073
1.7775e-07
6.22526e-05
0.000336614
-8.04885e-06
6.17283e-05
0.000336563
-6.18875e-06
3.17715e-05
0.000331035
1.74803e-06
-4.24398e-06
0.000350207
6.58225e-06
9.09027e-06
0.000432833
3.63546e-05
0.000426839
1.62146e-05
-6.80537e-06
2.93188e-05
0.000396689
-1.01581e-05
1.36833e-05
0.000434473
-5.14911e-06
-4.57943e-07
0.000438951
-2.28767e-06
4.32477e-05
0.000388176
1.51749e-07
7.27719e-05
0.000374245
2.36367e-06
7.24748e-05
0.000374354
4.87427e-06
4.27217e-05
0.000388372
9.98325e-06
-5.38377e-07
0.000438968
6.69575e-06
1.38603e-05
0.000434473
3.01402e-05
0.000396698
1.3323e-05
-7.68827e-06
2.52047e-05
0.000364379
-8.70252e-06
1.52216e-05
0.000405591
-1.99767e-05
1.20191e-05
0.000436187
-1.59146e-05
4.21097e-05
0.000451563
9.54885e-08
6.09225e-05
0.000455954
1.59994e-05
6.07221e-05
0.000456001
1.98364e-05
4.17983e-05
0.00045161
8.54355e-06
1.19542e-05
0.000436194
7.58581e-06
1.53383e-05
0.000405596
2.5809e-05
0.000364386
1.22567e-05
-8.62364e-06
2.24672e-05
0.000331433
-1.01185e-05
1.70806e-05
0.000373286
-1.57533e-05
1.80645e-05
0.000406338
-1.12065e-05
3.79448e-05
0.000429276
5.05794e-08
5.01834e-05
0.000440678
1.12342e-05
5.00553e-05
0.000440681
1.5652e-05
3.77603e-05
0.000429277
9.99825e-06
1.80168e-05
0.000406342
8.54714e-06
1.71507e-05
0.00037329
2.2883e-05
0.000331438
1.17105e-05
-9.5703e-06
2.08591e-05
0.000298168
-1.07981e-05
1.85388e-05
0.000340154
-1.3639e-05
2.11846e-05
0.00037327
-9.13715e-06
3.37058e-05
0.000396243
3.25422e-08
4.12755e-05
0.000408007
9.14625e-06
4.12034e-05
0.000408007
1.35661e-05
3.36027e-05
0.000396243
1.07161e-05
2.11446e-05
0.000373273
9.52539e-06
1.85695e-05
0.000340157
2.11288e-05
0.000298172
1.14229e-05
-1.02291e-05
1.99553e-05
0.000264726
-1.09283e-05
1.93571e-05
0.000306606
-1.18089e-05
2.22245e-05
0.000339476
-7.52264e-06
2.95984e-05
0.000362112
2.16843e-08
3.39204e-05
0.000373659
7.52902e-06
3.3885e-05
0.000373659
1.17654e-05
2.95444e-05
0.000362113
1.08776e-05
2.21907e-05
0.000339478
1.02071e-05
1.93578e-05
0.000306609
2.01189e-05
0.00026473
1.12826e-05
-1.05097e-05
1.93302e-05
0.000231203
-1.05841e-05
1.94616e-05
0.000272862
-1.0052e-05
2.17417e-05
0.000305377
-6.08303e-06
2.56928e-05
0.000327658
1.18924e-08
2.78964e-05
0.000338984
6.08385e-06
2.78839e-05
0.000338985
1.00216e-05
2.56697e-05
0.000327659
1.05463e-05
2.17145e-05
0.000305379
1.04934e-05
1.94395e-05
0.000272864
1.94204e-05
0.000231206
1.11984e-05
-1.05135e-05
0.000197678
-1.00083e-05
0.000239071
-8.53226e-06
0.00027117
-4.89873e-06
0.000293071
-1.0452e-09
0.000304174
4.88397e-06
0.000304175
8.49705e-06
0.000293072
9.9663e-06
0.000271171
1.04843e-05
0.000239073
0.00019768
1.11557e-05
-7.73128e-06
1.81468e-05
0.000351898
-2.18454e-06
2.32436e-05
0.000263378
3.33471e-06
2.09274e-05
0.000288226
5.13524e-06
2.88662e-05
0.000290656
-4.73114e-07
3.68694e-05
0.000288033
-5.29356e-06
3.60884e-05
0.000288412
-2.36853e-06
2.77245e-05
0.000291117
3.02035e-06
2.11191e-05
0.000287995
8.1502e-06
2.35717e-05
0.000263254
1.8594e-05
0.000351143
2.81442e-05
-7.18793e-05
6.53464e-05
0.000435406
-3.95695e-05
1.76198e-05
0.00032417
-4.38221e-07
9.6534e-07
0.000310329
4.70866e-06
4.18983e-05
0.00032363
2.08378e-08
6.07413e-05
0.000333524
-4.68496e-06
5.99572e-05
0.000333353
5.08487e-07
4.06891e-05
0.000323372
3.97564e-05
1.03554e-06
0.000310437
7.21209e-05
1.78606e-05
0.000324094
6.61776e-05
0.000435327
3.25782e-05
-2.07491e-05
5.90571e-05
0.000426056
-1.40649e-05
3.29051e-05
0.000410935
-1.49965e-06
1.74837e-05
0.000321159
3.92114e-06
5.65218e-05
0.000311028
1.78913e-07
8.39702e-05
0.000317127
-3.83239e-06
8.34701e-05
0.00031706
1.36272e-06
5.55618e-05
0.000310968
1.40486e-05
1.74327e-05
0.000321125
2.08126e-05
3.3085e-05
0.000410844
5.99217e-05
0.00042607
2.78372e-05
-1.64894e-05
5.18622e-05
0.000396471
-2.10615e-05
3.93749e-05
0.000432575
-1.23324e-05
2.87098e-05
0.000418995
-5.69482e-06
7.34449e-05
0.000364616
1.70512e-07
0.000100863
0.000351485
5.85943e-06
0.000100554
0.000351581
1.20928e-05
7.2892e-05
0.000364808
2.09133e-05
2.85606e-05
0.00041902
1.63928e-05
3.95071e-05
0.000432572
5.25459e-05
0.000396488
2.39786e-05
-1.70005e-05
4.67335e-05
0.000364143
-1.68515e-05
3.9516e-05
0.000405301
-2.59633e-05
3.91687e-05
0.000434839
-1.78751e-05
7.01078e-05
0.000446812
1.09502e-07
8.99404e-05
0.000448893
1.79898e-05
8.97205e-05
0.000448954
2.58457e-05
6.97676e-05
0.000446879
1.67024e-05
3.90487e-05
0.00043485
1.69083e-05
3.95878e-05
0.00040531
4.72255e-05
0.000364157
2.24578e-05
-1.76326e-05
4.30529e-05
0.000331266
-1.76376e-05
3.98143e-05
0.000372993
-2.09964e-05
4.27384e-05
0.000406127
-1.40808e-05
6.34171e-05
0.000429051
6.93793e-08
7.63494e-05
0.000440119
1.41437e-05
7.62028e-05
0.000440125
2.09202e-05
6.32139e-05
0.000429055
1.75325e-05
4.26457e-05
0.000406132
1.75668e-05
3.9843e-05
0.000373001
4.33836e-05
0.000331277
2.15702e-05
-1.82853e-05
4.04863e-05
0.000298116
-1.78887e-05
3.9618e-05
0.000339954
-1.84864e-05
4.35894e-05
0.000373017
-1.16655e-05
5.67801e-05
0.000396059
5.2223e-08
6.48116e-05
0.000407827
1.17094e-05
6.47255e-05
0.000407827
1.8442e-05
5.66646e-05
0.00039606
1.7823e-05
4.35162e-05
0.000373022
1.82478e-05
3.96148e-05
0.000339961
4.06927e-05
0.000298124
2.09864e-05
-1.86435e-05
3.8569e-05
0.000264782
-1.77392e-05
3.87566e-05
0.000306563
-1.64964e-05
4.24687e-05
0.000339354
-9.92932e-06
5.03558e-05
0.000361969
4.1034e-08
5.49944e-05
0.000373506
9.96859e-06
5.49506e-05
0.000373506
1.64809e-05
5.02939e-05
0.000361971
1.77041e-05
4.24133e-05
0.000339358
1.86266e-05
3.87328e-05
0.000306568
3.86849e-05
0.000264789
2.05753e-05
-1.86168e-05
3.68472e-05
0.000231336
-1.71513e-05
3.71948e-05
0.000272959
-1.46353e-05
3.9894e-05
0.000305436
-8.44177e-06
4.41274e-05
0.000327693
2.90927e-08
4.65014e-05
0.000339007
8.47173e-06
4.64853e-05
0.000339008
1.46284e-05
4.41013e-05
0.000327695
1.71253e-05
3.9856e-05
0.000305439
1.86034e-05
3.71562e-05
0.000272963
3.68996e-05
0.000231341
2.0253e-05
-1.83284e-05
0.000197855
-1.63435e-05
0.000239266
-1.29758e-05
0.000271374
-7.18771e-06
0.00029328
1.2778e-08
0.000304386
7.19573e-06
0.000304386
1.29572e-05
0.000293282
1.63087e-05
0.000271377
1.82996e-05
0.00023927
0.000197859
2.00338e-05
-3.09176e-05
2.86681e-05
0.000283918
-1.97814e-05
1.68352e-05
0.000235407
-5.94001e-06
2.13913e-05
0.000252994
1.97936e-08
3.27138e-05
0.000251982
-4.5939e-07
3.86099e-05
0.000249902
-2.09973e-07
3.7928e-05
0.000250235
6.73869e-06
3.17669e-05
0.000252403
2.03225e-05
2.16998e-05
0.000252711
3.14496e-05
1.68582e-05
0.000235269
2.87874e-05
0.00028363
7.01758e-05
-8.65627e-05
9.85659e-05
0.000397067
-5.46658e-05
2.35792e-05
0.000285527
-8.65149e-06
-2.75786e-06
0.000288463
-3.35723e-07
4.85671e-05
0.00029946
5.43608e-08
6.48229e-05
0.000306922
4.01575e-07
6.40659e-05
0.000306867
8.85836e-06
4.73252e-05
0.000299356
5.49927e-05
-2.54675e-06
0.00028855
8.68186e-05
2.36356e-05
0.000285492
9.89863e-05
0.000397036
5.49108e-05
-4.23108e-05
0.000106056
0.000413719
-2.3713e-05
6.54677e-05
0.000350449
-7.30441e-06
1.57025e-05
0.00028629
-1.30899e-07
6.63591e-05
0.000286062
2.261e-07
8.99976e-05
0.000291595
2.52392e-07
8.95313e-05
0.000291567
7.2171e-06
6.52873e-05
0.00028604
2.39179e-05
1.55737e-05
0.000286304
4.24425e-05
6.5526e-05
0.000350429
0.000106576
0.000413757
4.71647e-05
-3.11826e-05
9.77942e-05
0.000393359
-3.08245e-05
8.55101e-05
0.000412175
-1.93963e-05
6.55459e-05
0.000357724
-8.54868e-06
0.000103508
0.00031662
2.2395e-07
0.000124884
0.000307825
8.86345e-06
0.00012456
0.000307913
1.9234e-05
0.000102904
0.00031682
3.07436e-05
6.5268e-05
0.000357817
3.11085e-05
8.5523e-05
0.00041221
9.81882e-05
0.000393386
4.2598e-05
-3.20191e-05
9.03469e-05
0.000363003
-2.87205e-05
8.60442e-05
0.000401469
-3.36999e-05
8.74284e-05
0.000417935
-2.06721e-05
0.000118225
0.000419067
1.48227e-07
0.00013783
0.000415126
2.08675e-05
0.000137564
0.000415231
3.36451e-05
0.000117793
0.000419212
2.86069e-05
8.71597e-05
0.000417996
3.19458e-05
8.60007e-05
0.000401493
9.0616e-05
0.000363019
4.06554e-05
-3.29437e-05
8.45413e-05
0.000330587
-2.97272e-05
8.35479e-05
0.000372273
-2.97876e-05
8.88478e-05
0.000404768
-1.87874e-05
0.00011158
0.000424696
1.20867e-07
0.000125546
0.000433495
1.89388e-05
0.000125354
0.000433517
2.97733e-05
0.00011129
0.000424724
2.96528e-05
8.86278e-05
0.000404784
3.28951e-05
8.3476e-05
0.000372283
8.47139e-05
0.000330598
3.94755e-05
-3.34011e-05
7.98705e-05
0.000297668
-2.97452e-05
8.02207e-05
0.000339625
-2.69286e-05
8.58728e-05
0.000373176
-1.6059e-05
0.000100699
0.00039607
1.03238e-07
0.000109646
0.000407564
1.61895e-05
0.00010953
0.000407566
2.69501e-05
0.000100517
0.000396072
2.97145e-05
8.57059e-05
0.000373179
3.3372e-05
8.01479e-05
0.000339631
7.99706e-05
0.000297675
3.8565e-05
-3.35341e-05
7.58758e-05
0.000264521
-2.94731e-05
7.63756e-05
0.000306347
-2.47204e-05
8.1159e-05
0.000339315
-1.41662e-05
9.01121e-05
0.000362001
8.59098e-08
9.53455e-05
0.000373554
1.4284e-05
9.52837e-05
0.000373554
2.47655e-05
9.00042e-05
0.000362002
2.94685e-05
8.10443e-05
0.000339317
3.35242e-05
7.63106e-05
0.00030635
7.59206e-05
0.000264526
3.78369e-05
-3.32122e-05
7.19591e-05
0.00023124
-2.8708e-05
7.19434e-05
0.000272887
-2.2722e-05
7.51998e-05
0.000305409
-1.25969e-05
7.99824e-05
0.000327697
6.6407e-08
8.26577e-05
0.000339031
1.26937e-05
8.26324e-05
0.000339032
2.27643e-05
7.99307e-05
0.000327698
2.87055e-05
7.51319e-05
0.00030541
3.32071e-05
7.1883e-05
0.000272889
7.19591e-05
0.000231244
3.72656e-05
-3.25862e-05
0.000197901
-2.77119e-05
0.000239372
-2.0926e-05
0.000271527
-1.12701e-05
0.000293468
4.12069e-08
0.000304595
1.1329e-05
0.000304595
2.09432e-05
0.000293468
2.76934e-05
0.000271528
3.25628e-05
0.000239375
0.000197905
3.69076e-05
-0.000143189
7.81035e-05
-8.97737e-05
5.0356e-05
-5.63456e-05
8.28486e-05
-2.67745e-05
9.40134e-05
-5.31713e-07
0.000100855
2.62733e-05
0.000100323
5.66848e-05
9.31679e-05
8.96355e-05
8.33064e-05
0.000142995
5.04002e-05
7.7672e-05
0.000179764
-0.000167033
0.00015395
-0.00012908
0.0001029
-6.55021e-05
0.000102732
-3.14064e-05
0.000148646
-1.49105e-07
0.000162307
3.11176e-05
0.000161675
6.53223e-05
0.000147561
0.000129035
0.000103029
0.000167029
0.000102803
0.000153555
0.000140008
-0.000139941
0.00020579
-0.000113175
0.000165588
-6.50157e-05
0.000137472
-3.10807e-05
0.00019214
4.65368e-08
0.000209884
3.09703e-05
0.000209414
6.47036e-05
0.000191206
0.000113168
0.000137353
0.000139902
0.000165407
0.000205387
0.000106367
-8.74559e-05
0.000206577
-9.21405e-05
0.000198235
-7.16105e-05
0.000201631
-3.32303e-05
0.000239846
7.66549e-08
0.000261559
3.31971e-05
0.000261252
7.12791e-05
0.000239155
9.19762e-05
0.000201238
8.73388e-05
0.000197947
0.0002061
9.34407e-05
-7.57916e-05
0.000197432
-7.15262e-05
0.000201805
-5.87077e-05
0.000211738
-3.20579e-05
0.000248507
1.40957e-07
0.000271934
3.22423e-05
0.000271666
5.86203e-05
0.00024799
7.14053e-05
0.000211314
7.57406e-05
0.000201424
0.000196965
8.85376e-05
-7.43206e-05
0.000187988
-6.44161e-05
0.000195172
-5.47642e-05
0.000206963
-3.15248e-05
0.000233744
1.95193e-07
0.000251073
3.18326e-05
0.00025087
5.4864e-05
0.000233407
6.44329e-05
0.000206602
7.43223e-05
0.000194799
0.000187577
8.61456e-05
-7.37914e-05
0.000178977
-6.22052e-05
0.000185601
-4.98222e-05
0.000196595
-2.81122e-05
0.000214615
2.06313e-07
0.000225809
2.84574e-05
0.000225673
5.0032e-05
0.000214412
6.23276e-05
0.000196319
7.38412e-05
0.000185297
0.000178641
8.447e-05
-7.3308e-05
0.000170271
-6.11033e-05
0.000174764
-4.65721e-05
0.000183509
-2.54415e-05
0.000195076
1.81082e-07
0.000201895
2.57506e-05
0.000201814
4.68071e-05
0.00019495
6.12567e-05
0.000183315
7.33694e-05
0.000174551
0.000169997
8.31509e-05
-7.2575e-05
0.000161464
-6.02239e-05
0.000163259
-4.4552e-05
0.000168797
-2.37682e-05
0.000175342
1.6202e-07
0.000179069
2.40504e-05
0.000179031
4.47724e-05
0.00017528
6.03602e-05
0.000168688
7.26376e-05
0.00016312
0.000161233
8.20849e-05
-7.1407e-05
-5.8999e-05
-4.28635e-05
-2.2568e-05
1.2423e-07
2.27824e-05
4.30188e-05
5.90839e-05
7.14538e-05
8.12731e-05
2.94949e-07
1.36226e-05
0.00046991
3.79617e-07
1.29149e-05
0.000513486
3.5453e-07
1.2593e-05
0.000548681
2.69247e-07
1.24407e-05
0.000573391
1.50396e-07
1.23773e-05
0.00058614
3.17477e-08
1.23662e-05
0.000586151
-7.57936e-08
1.24308e-05
0.000573423
-1.35324e-07
1.25485e-05
0.00054876
-1.01644e-07
1.27382e-05
0.000513713
1.31159e-05
0.00047045
2.45783e-07
8.80827e-06
0.000455748
3.59719e-07
8.32177e-06
0.000498127
3.60913e-07
8.02736e-06
0.000532547
2.80419e-07
7.84072e-06
0.000556781
1.53185e-07
7.74231e-06
0.000569296
9.91259e-09
7.72247e-06
0.000569321
-1.01891e-07
7.78738e-06
0.000556855
-1.50916e-07
7.93242e-06
0.000532647
-1.08459e-07
8.16106e-06
0.000498182
8.52572e-06
0.000455624
1.91742e-07
6.7516e-06
0.00042046
3.22564e-07
6.41204e-06
0.000462589
3.36909e-07
6.18153e-06
0.000496547
2.70034e-07
6.02342e-06
0.000520338
1.56721e-07
5.93313e-06
0.000532591
2.96234e-08
5.9087e-06
0.00053261
-7.50014e-08
5.95301e-06
0.000520393
-1.22761e-07
6.06476e-06
0.000496631
-8.06471e-08
6.24655e-06
0.000462683
6.53648e-06
0.000420527
1.62071e-07
5.46283e-06
0.000387199
2.96929e-07
5.20036e-06
0.00042905
3.19046e-07
5.02081e-06
0.000462588
2.62623e-07
4.89115e-06
0.000485996
1.60964e-07
4.8123e-06
0.000498026
4.5762e-08
4.78607e-06
0.000498042
-5.11759e-08
4.81559e-06
0.000486042
-9.6377e-08
4.8988e-06
0.000462661
-5.85595e-08
5.0399e-06
0.000429142
5.27548e-06
0.000387297
1.41504e-07
4.47845e-06
0.000354409
2.73028e-07
4.24744e-06
0.000395957
3.01201e-07
4.10536e-06
0.00042907
2.54404e-07
4.00051e-06
0.000452099
1.63451e-07
3.9336e-06
0.000463908
5.83709e-08
3.90826e-06
0.000463922
-2.971e-08
3.92691e-06
0.000452138
-7.00954e-08
3.9888e-06
0.000429133
-3.36237e-08
4.09965e-06
0.000396039
4.31003e-06
0.000354503
1.27881e-07
3.66431e-06
0.000321748
2.533e-07
3.43893e-06
0.000362981
2.85085e-07
3.32646e-06
0.000395664
2.46208e-07
3.24481e-06
0.00041831
1.64657e-07
3.19078e-06
0.000429898
6.89096e-08
3.16816e-06
0.00042991
-1.17121e-08
3.17894e-06
0.000418344
-4.78451e-08
3.22329e-06
0.000395718
-1.32168e-08
3.31061e-06
0.000363052
3.51447e-06
0.00032183
1.22371e-07
2.96953e-06
0.000289129
2.40128e-07
2.73937e-06
0.000330042
2.72654e-07
2.6523e-06
0.000362292
2.39165e-07
2.59293e-06
0.000384554
1.64958e-07
2.55252e-06
0.000395921
7.66426e-08
2.53406e-06
0.000395931
1.43569e-09
2.53943e-06
0.000384583
-3.25787e-08
2.56893e-06
0.000362339
-7.30571e-10
2.63634e-06
0.000330103
2.84033e-06
0.000289197
1.26371e-07
2.36571e-06
0.000256527
2.35505e-07
2.13356e-06
0.000297119
2.65025e-07
2.07064e-06
0.000328936
2.33802e-07
2.03179e-06
0.000350815
1.64442e-07
2.00492e-06
0.000361961
8.10408e-08
1.99194e-06
0.000361969
8.93504e-09
1.99409e-06
0.00035084
-2.59844e-08
2.01205e-06
0.000328976
2.5554e-09
2.06032e-06
0.00029717
2.26056e-06
0.000256583
1.44535e-07
1.82838e-06
0.000223934
2.43374e-07
1.61309e-06
0.000264207
2.64037e-07
1.5767e-06
0.000295591
2.30959e-07
1.55437e-06
0.000317087
1.63659e-07
1.5393e-06
0.000328012
8.28294e-08
1.53261e-06
0.000328019
1.0653e-08
1.53465e-06
0.000317108
-2.9283e-08
1.54557e-06
0.000295624
-5.9523e-09
1.57347e-06
0.000264248
1.75179e-06
0.00022398
2.0573e-07
0.00019135
2.68064e-07
0.000231303
2.70455e-07
0.000262254
2.30687e-07
0.000283368
1.63691e-07
0.000294072
8.50555e-08
0.000294078
1.15626e-08
0.000283385
-3.74275e-08
0.000262281
-3.72422e-08
0.000231336
0.000191386
1.40081e-06
1.40198e-05
0.00045617
1.05924e-06
1.26324e-05
0.000501195
8.50323e-07
1.20589e-05
0.000536831
6.25725e-07
1.18214e-05
0.000561794
3.80745e-07
1.17362e-05
0.000574649
1.5271e-07
1.17511e-05
0.000574628
-2.64046e-08
1.18522e-05
0.00056175
-1.17322e-07
1.20248e-05
0.000536826
-7.45502e-08
1.22522e-05
0.000501418
1.26887e-05
0.000457613
1.03396e-06
1.16484e-05
0.00045782
1.05704e-06
1.06907e-05
0.000500046
9.17069e-07
1.02099e-05
0.000534536
6.83176e-07
9.98346e-06
0.000558853
4.08419e-07
9.88571e-06
0.000571421
1.40651e-07
9.87859e-06
0.000571461
-7.31363e-08
9.95801e-06
0.000558963
-1.86102e-07
1.01085e-05
0.000534677
-1.6657e-07
1.03303e-05
0.000500085
1.07163e-05
0.000457348
9.6227e-07
9.65345e-06
0.000422149
1.02098e-06
8.95694e-06
0.000464264
9.04282e-07
8.56522e-06
0.000498309
6.92572e-07
8.35572e-06
0.000522178
4.36637e-07
8.25715e-06
0.000534476
1.82331e-07
8.24196e-06
0.000534501
-2.22249e-08
8.30527e-06
0.00052225
-1.36279e-07
8.43614e-06
0.000498418
-1.24384e-07
8.63408e-06
0.000464367
8.94806e-06
0.000422087
9.52824e-07
8.09581e-06
0.000388495
1.01003e-06
7.54258e-06
0.000430407
9.07011e-07
7.22077e-06
0.000464035
7.07196e-07
7.03624e-06
0.000487516
4.6127e-07
6.94421e-06
0.000499585
2.14746e-07
6.92585e-06
0.000499604
1.50256e-08
6.97428e-06
0.000487573
-9.71734e-08
7.0825e-06
0.000464126
-8.65792e-08
7.25017e-06
0.000430515
7.51504e-06
0.000388557
9.57451e-07
6.80467e-06
0.000355479
1.00999e-06
6.32624e-06
0.00039712
9.19184e-07
6.05477e-06
0.000430327
7.3047e-07
5.89814e-06
0.000453426
4.91636e-07
5.81779e-06
0.000465274
2.49716e-07
5.799e-06
0.000465291
5.13934e-08
5.83515e-06
0.000453476
-6.03329e-08
5.92032e-06
0.000430407
-5.53611e-08
6.06206e-06
0.000397222
6.29826e-06
0.000355574
9.60068e-07
5.67017e-06
0.000322673
1.0146e-06
5.23914e-06
0.000364013
9.34361e-07
5.00906e-06
0.00039679
7.55172e-07
4.8823e-06
0.000419505
5.22761e-07
4.81711e-06
0.000431131
2.8463e-07
4.80022e-06
0.000431147
8.74747e-08
4.82593e-06
0.00041955
-2.72157e-08
4.89135e-06
0.000396862
-3.08884e-08
5.01271e-06
0.000364105
5.23183e-06
0.000322769
9.59798e-07
4.63353e-06
0.000289945
1.02201e-06
4.24963e-06
0.000330969
9.4995e-07
4.06249e-06
0.00036331
7.78379e-07
3.96839e-06
0.00038564
5.51814e-07
3.92119e-06
0.000397044
3.17198e-07
3.90829e-06
0.000397058
1.20121e-07
3.92571e-06
0.000385681
5.91567e-10
3.97451e-06
0.000363375
-1.27068e-08
4.07894e-06
0.00033105
4.28283e-06
0.00029003
9.63377e-07
3.66575e-06
0.000257248
1.03478e-06
3.34675e-06
0.000297951
9.67133e-07
3.21072e-06
0.000329855
8.00711e-07
3.15157e-06
0.000351798
5.793e-07
3.12398e-06
0.000362979
3.47453e-07
3.1174e-06
0.000362992
1.48329e-07
3.1299e-06
0.000351835
2.11731e-08
3.16538e-06
0.000329912
-7.3584e-10
3.25175e-06
0.000298019
3.43426e-06
0.000257319
9.70842e-07
2.7552e-06
0.000224565
1.05274e-06
2.52715e-06
0.000264944
9.86123e-07
2.45483e-06
0.000296413
8.22882e-07
2.43122e-06
0.00031797
6.05972e-07
2.42353e-06
0.000328929
3.7585e-07
2.42619e-06
0.00032894
1.72678e-07
2.43834e-06
0.000318003
3.62701e-08
2.46369e-06
0.000296462
7.64134e-09
2.52731e-06
0.000265002
2.6763e-06
0.000224621
9.8428e-07
0.000191886
1.06746e-06
0.000231944
1.00072e-06
0.000262979
8.41756e-07
0.000284152
6.31077e-07
0.000294889
4.05018e-07
0.000294899
2.00112e-07
0.00028418
5.62647e-08
0.000263021
2.43106e-08
0.000231992
0.000191932
5.4009e-06
1.07e-05
0.000446511
3.90253e-06
8.64301e-06
0.00049405
2.99406e-06
8.05584e-06
0.000529683
2.21084e-06
7.82767e-06
0.00055475
1.50116e-06
7.74186e-06
0.000567617
8.95154e-07
7.78132e-06
0.000567453
4.21936e-07
7.90985e-06
0.000554313
1.13394e-07
8.10063e-06
0.000529034
1.47859e-08
8.30022e-06
0.000493217
8.57513e-06
0.000448941
4.89216e-06
1.10802e-05
0.000458441
3.98846e-06
9.22715e-06
0.000500365
3.1492e-06
8.43449e-06
0.000534996
2.35744e-06
8.15305e-06
0.000559319
1.61719e-06
8.09714e-06
0.000571806
9.64431e-07
8.17291e-06
0.000571722
4.47879e-07
8.3328e-06
0.000559057
1.05255e-07
8.5518e-06
0.000534568
-3.33428e-08
8.78624e-06
0.000499737
9.08996e-06
0.0004567
4.95645e-06
9.9633e-06
0.000424096
4.18441e-06
8.15653e-06
0.000466107
3.36013e-06
7.33882e-06
0.000500229
2.53729e-06
7.03281e-06
0.000524121
1.76362e-06
6.97275e-06
0.000536374
1.08663e-06
7.05489e-06
0.000536296
5.49174e-07
7.22968e-06
0.000523891
1.89846e-07
7.46431e-06
0.000499865
2.9808e-08
7.72061e-06
0.000465593
8.02377e-06
0.000423068
5.07678e-06
8.60891e-06
0.000390358
4.35427e-06
6.96171e-06
0.000432324
3.53565e-06
6.16183e-06
0.000466031
2.69929e-06
5.84645e-06
0.000489538
1.90424e-06
5.77879e-06
0.000501574
1.20468e-06
5.85438e-06
0.000501504
6.46354e-07
6.02456e-06
0.000489336
2.66774e-07
6.2543e-06
0.000465716
8.65942e-08
6.51116e-06
0.000431904
6.8023e-06
0.000389728
5.14931e-06
7.25473e-06
0.000357158
4.49786e-06
5.8176e-06
0.000398916
3.70758e-06
5.07621e-06
0.000432203
2.87416e-06
4.77469e-06
0.000455331
2.06929e-06
4.70381e-06
0.000467154
1.35081e-06
4.76903e-06
0.000467094
7.68575e-07
4.92325e-06
0.000455159
3.61982e-07
5.13274e-06
0.000431935
1.53074e-07
5.37271e-06
0.000398569
5.63901e-06
0.000356723
5.14412e-06
5.91202e-06
0.000324178
4.59482e-06
4.72808e-06
0.000365652
3.86078e-06
4.08834e-06
0.000398512
3.052e-06
3.82768e-06
0.00042126
2.24834e-06
3.76805e-06
0.000432871
1.51656e-06
3.82544e-06
0.000432822
9.12063e-07
3.9587e-06
0.000421119
4.7664e-07
4.13984e-06
0.00039829
2.33488e-07
4.35397e-06
0.000365367
4.58688e-06
0.000323846
5.09146e-06
4.5633e-06
0.000291289
4.66138e-06
3.67572e-06
0.000332452
3.99985e-06
3.1819e-06
0.000364878
3.22631e-06
2.99432e-06
0.000387247
2.43287e-06
2.96263e-06
0.000398643
1.69438e-06
3.01836e-06
0.000398603
1.07113e-06
3.13053e-06
0.000387132
6.06872e-07
3.28106e-06
0.000364698
3.2646e-07
3.46639e-06
0.000332218
3.66157e-06
0.000291022
5.02411e-06
3.19911e-06
0.000258441
4.7193e-06
2.64911e-06
0.000299282
4.13031e-06
2.35174e-06
0.000331274
3.39639e-06
2.26573e-06
0.000353261
2.62051e-06
2.27685e-06
0.000364441
1.88199e-06
2.33915e-06
0.00036441
1.24342e-06
2.43474e-06
0.000353169
7.50629e-07
2.55687e-06
0.000331129
4.31965e-07
2.71346e-06
0.000299091
2.87134e-06
0.000258221
4.94684e-06
1.83081e-06
0.000225607
4.75922e-06
1.65407e-06
0.000266127
4.24148e-06
1.59625e-06
0.000297686
3.55443e-06
1.63175e-06
0.000319291
2.80583e-06
1.69887e-06
0.000330256
2.07449e-06
1.77952e-06
0.000330231
1.42331e-06
1.86891e-06
0.00031922
9.02388e-07
1.96887e-06
0.000297571
5.47254e-07
2.09707e-06
0.000265973
2.22242e-06
0.000225428
4.82671e-06
0.00019277
4.72644e-06
0.00023297
4.29103e-06
0.000264102
3.67309e-06
0.00028533
2.97033e-06
0.00029608
2.25743e-06
0.000296062
1.59891e-06
0.000285276
1.0517e-06
0.000264016
6.68117e-07
0.000232855
0.000192635
1.19992e-05
6.43496e-06
0.000442208
9.83674e-06
3.74875e-06
0.000492464
7.95345e-06
3.73078e-06
0.000527836
6.27483e-06
3.63381e-06
0.000552795
4.79866e-06
3.56535e-06
0.000565528
3.5225e-06
3.62579e-06
0.000565103
2.46982e-06
3.75113e-06
0.000551615
1.66197e-06
3.91263e-06
0.000525929
1.1455e-06
4.04669e-06
0.000489687
4.16288e-06
0.000445002
1.35782e-05
1.03244e-05
0.00045913
1.05939e-05
6.12271e-06
0.000500975
8.47185e-06
5.15611e-06
0.000535693
6.67163e-06
4.81462e-06
0.000559938
5.07069e-06
4.76615e-06
0.000572206
3.68594e-06
4.89916e-06
0.000571833
2.54569e-06
5.12357e-06
0.000558825
1.67332e-06
5.39038e-06
0.000533963
1.08505e-06
5.6236e-06
0.000498749
5.83447e-06
0.000455304
1.3905e-05
1.07219e-05
0.000426784
1.12685e-05
6.09891e-06
0.000468767
9.13167e-06
4.61115e-06
0.00050291
7.22067e-06
4.09778e-06
0.000526748
5.50417e-06
4.0119e-06
0.000538845
4.01207e-06
4.15825e-06
0.000538528
2.77884e-06
4.42307e-06
0.000525825
1.8334e-06
4.7405e-06
0.00050146
1.1888e-06
5.02878e-06
0.000466832
5.27968e-06
0.00042394
1.40683e-05
9.73381e-06
0.000393109
1.1795e-05
5.49045e-06
0.000435206
9.68753e-06
3.78207e-06
0.000468968
7.7231e-06
3.15711e-06
0.000492443
5.93178e-06
3.02342e-06
0.000504354
4.36353e-06
3.1499e-06
0.000504081
3.05717e-06
3.41704e-06
0.000491649
2.04439e-06
3.74643e-06
0.000467723
1.33894e-06
4.05427e-06
0.000433584
4.30364e-06
0.000391074
1.39741e-05
8.10914e-06
0.000359732
1.21382e-05
4.56707e-06
0.000401675
1.01534e-05
2.92851e-06
0.000435041
8.20327e-06
2.28399e-06
0.000458154
6.37896e-06
2.12604e-06
0.000469875
4.75274e-06
2.2294e-06
0.000469641
3.37894e-06
2.47829e-06
0.000457472
2.29675e-06
2.79171e-06
0.000433972
1.52457e-06
3.08892e-06
0.000400307
3.31339e-06
0.000358151
1.37961e-05
6.19661e-06
0.00032652
1.23479e-05
3.46636e-06
0.000368201
1.05547e-05
2.08038e-06
0.000401153
8.6743e-06
1.52178e-06
0.000423903
6.85029e-06
1.38713e-06
0.000435434
5.18422e-06
1.48258e-06
0.000435235
3.7496e-06
1.70749e-06
0.000423324
2.59601e-06
1.98964e-06
0.000400246
1.74642e-06
2.25882e-06
0.000367047
2.44581e-06
0.000325237
1.35781e-05
4.10919e-06
0.000293396
1.2491e-05
2.24217e-06
0.000334763
1.09129e-05
1.24349e-06
0.000367293
9.13419e-06
8.66459e-07
0.000389681
7.33696e-06
8.08993e-07
0.000401018
5.64995e-06
9.21494e-07
0.000400851
4.16502e-06
1.12865e-06
0.000389196
2.94172e-06
1.37706e-06
0.000366534
2.0057e-06
1.61541e-06
0.000333797
1.76439e-06
0.000292329
1.33634e-05
1.91167e-06
0.000260302
1.26094e-05
9.29914e-07
0.000301348
1.12439e-05
4.25893e-07
0.000333458
9.58166e-06
3.09396e-07
0.00035548
7.83265e-06
3.78265e-07
0.000366621
6.14439e-06
5.36789e-07
0.000366483
4.62211e-06
7.41622e-07
0.000355079
3.33373e-06
9.64699e-07
0.00033283
2.30622e-06
1.18238e-06
0.000300551
1.30984e-06
0.000259422
1.31545e-05
-3.64169e-07
0.000227219
1.26964e-05
-4.34499e-07
0.00026795
1.15321e-05
-3.62594e-07
0.000299639
9.99934e-06
-1.61472e-07
0.000321295
8.32147e-06
7.52705e-08
0.000332237
6.65207e-06
3.13434e-07
0.000332124
5.10322e-06
5.42481e-07
0.000320968
3.75196e-06
7.59496e-07
0.000299127
2.63118e-06
9.73101e-07
0.000267303
1.10392e-06
0.000226508
1.28939e-05
0.000194128
1.26481e-05
0.000234552
1.16861e-05
0.000265825
1.03213e-05
0.000287116
8.75318e-06
0.000297859
7.12709e-06
0.00029777
5.55725e-06
0.000286856
4.13565e-06
0.000265419
2.92508e-06
0.000234044
0.00019358
1.86909e-05
3.51032e-06
0.000443553
1.71252e-05
-3.79002e-09
0.000494033
1.48677e-05
7.35139e-07
0.000529358
1.25732e-05
8.36037e-07
0.000554253
1.04645e-05
7.77184e-07
0.000566859
8.54231e-06
7.78189e-07
0.000566247
6.81751e-06
8.28438e-07
0.000552511
5.30784e-06
9.08237e-07
0.00052653
4.06338e-06
9.70666e-07
0.000489961
1.00686e-06
0.000444947
2.40249e-05
1.11973e-05
0.000460451
1.90294e-05
3.07332e-06
0.000502894
1.5853e-05
2.0132e-06
0.000537591
1.31864e-05
1.642e-06
0.000561799
1.08117e-05
1.42669e-06
0.000573931
8.67824e-06
1.4127e-06
0.000573333
6.79138e-06
1.51308e-06
0.000560027
5.17005e-06
1.67228e-06
0.00053482
3.84518e-06
1.8054e-06
0.000499239
1.90776e-06
0.000455405
2.49212e-05
1.32856e-05
0.00042977
2.02958e-05
4.39389e-06
0.000472072
1.69319e-05
2.00924e-06
0.000506278
1.41237e-05
1.11097e-06
0.000530088
1.15651e-05
7.66241e-07
0.000542063
9.25001e-06
7.1086e-07
0.000541545
7.20103e-06
8.15753e-07
0.000528571
5.44277e-06
1.00565e-06
0.000503885
4.00219e-06
1.17472e-06
0.000468903
1.28438e-06
0.000425633
2.45559e-05
1.219e-05
0.000396248
2.1025e-05
4.47757e-06
0.000438653
1.78598e-05
1.63089e-06
0.000472511
1.49953e-05
4.37795e-07
0.000495981
1.23401e-05
-1.92214e-08
0.000507795
9.90989e-06
-1.2025e-07
0.000507342
7.73968e-06
-2.71783e-08
0.000494662
5.86913e-06
1.64349e-07
0.000470435
4.3246e-06
3.45701e-07
0.000435958
4.31825e-07
0.000393086
2.39627e-05
9.83208e-06
0.000362727
2.13814e-05
3.7764e-06
0.000404957
1.8567e-05
1.04063e-06
0.000438446
1.57589e-05
-1.74785e-07
0.000461575
1.30655e-05
-6.6929e-07
0.000473219
1.05569e-05
-7.96922e-07
0.000472826
8.29058e-06
-7.17954e-07
0.000460429
6.31634e-06
-5.35496e-07
0.000436647
4.66738e-06
-3.56762e-07
0.000402658
-2.98361e-07
0.000360156
2.33311e-05
7.01016e-06
0.000329272
2.15801e-05
2.49944e-06
0.000371229
1.91454e-05
3.03762e-07
0.000404325
1.64801e-05
-7.1765e-07
0.000427111
1.3807e-05
-1.14667e-06
0.000438584
1.12492e-05
-1.25e-06
0.000438246
8.8949e-06
-1.16519e-06
0.000426126
6.81133e-06
-9.87281e-07
0.000402781
5.04213e-06
-8.14244e-07
0.000369273
-7.84516e-07
0.000327131
2.28866e-05
3.88111e-06
0.000295861
2.17127e-05
9.30014e-07
0.000337506
1.96416e-05
-5.29889e-07
0.000370198
1.71734e-05
-1.21018e-06
0.000392641
1.45676e-05
-1.46378e-06
0.000403941
1.19893e-05
-1.47393e-06
0.000403654
9.56097e-06
-1.34636e-06
0.000391806
7.36995e-06
-1.15411e-06
0.000368892
5.46826e-06
-9.73944e-07
0.000335858
-9.5915e-07
0.000294068
2.24834e-05
6.09297e-07
0.000262467
2.17837e-05
-8.1654e-07
0.000303795
2.0081e-05
-1.45183e-06
0.000336082
1.784e-05
-1.66978e-06
0.000358181
1.53339e-05
-1.63956e-06
0.000369303
1.27654e-05
-1.4844e-06
0.000369062
1.02846e-05
-1.26785e-06
0.000357481
7.99689e-06
-1.03061e-06
0.000334994
5.95837e-06
-8.13709e-07
0.000302429
-7.72891e-07
0.000260985
2.21207e-05
-2.7173e-06
0.000229081
2.18328e-05
-2.67927e-06
0.0002701
2.04855e-05
-2.44764e-06
0.000301982
1.84697e-05
-2.08999e-06
0.000323731
1.60851e-05
-1.68933e-06
0.000334671
1.35555e-05
-1.30311e-06
0.000334473
1.10448e-05
-9.45052e-07
0.000323155
8.67049e-06
-6.19559e-07
0.00030109
6.49789e-06
-3.28718e-07
0.000268991
-2.06057e-07
0.000227888
2.17989e-05
0.000195704
2.18671e-05
0.000236422
2.07928e-05
0.000267895
1.89956e-05
0.000289289
1.6762e-05
0.000300045
1.43e-05
0.000299885
1.17756e-05
0.000288827
9.31545e-06
0.00026718
7.02104e-06
0.00023554
0.000194775
1.95274e-05
2.75393e-06
0.000448224
1.92728e-05
-1.85516e-06
0.000496143
1.74924e-05
-4.85972e-07
0.000531624
1.5344e-05
-2.5028e-07
0.000556651
1.32498e-05
-3.68423e-07
0.000569322
1.12217e-05
-4.7711e-07
0.000568752
9.2736e-06
-5.44128e-07
0.000555003
7.44292e-06
-5.82157e-07
0.000528943
5.79177e-06
-6.09554e-07
0.000492221
-6.35959e-07
0.000447001
2.80192e-05
1.19336e-05
0.000461973
2.25096e-05
1.43898e-06
0.000505109
1.93166e-05
4.28181e-07
0.00053987
1.67229e-05
-5.76748e-08
0.0005642
1.42994e-05
-4.48993e-07
0.000576435
1.19972e-05
-7.00092e-07
0.000575858
9.8217e-06
-8.37515e-07
0.000562496
7.80589e-06
-9.03405e-07
0.000537157
6.00364e-06
-9.46915e-07
0.000501378
-9.71458e-07
0.000457284
2.88348e-05
1.46397e-05
0.000431981
2.39664e-05
3.55317e-06
0.000474826
2.06565e-05
7.91822e-07
0.000509224
1.78956e-05
-3.71123e-07
0.000533162
1.53206e-05
-1.02306e-06
0.000545212
1.28695e-05
-1.40308e-06
0.000544699
1.0555e-05
-1.6091e-06
0.000531657
8.41138e-06
-1.70563e-06
0.000506831
6.48125e-06
-1.75423e-06
0.000471641
-1.78921e-06
0.0004281
2.78114e-05
1.31465e-05
0.000398622
2.44694e-05
4.12306e-06
0.000441425
2.14829e-05
7.97801e-07
0.000475492
1.87367e-05
-7.37458e-07
0.000499093
1.61007e-05
-1.5676e-06
0.000510975
1.35606e-05
-2.04179e-06
0.000510521
1.11452e-05
-2.29714e-06
0.000497765
8.89689e-06
-2.41258e-06
0.00047339
6.85925e-06
-2.45517e-06
0.000438697
-2.50099e-06
0.00039555
2.66912e-05
1.02927e-05
0.000365016
2.45826e-05
3.61148e-06
0.000407577
2.20483e-05
4.97601e-07
0.000441281
1.94336e-05
-1.096e-06
0.000464548
1.68026e-05
-1.97731e-06
0.00047626
1.42066e-05
-2.4802e-06
0.00047586
1.1702e-05
-2.7459e-06
0.000463382
9.3485e-06
-2.85787e-06
0.000439445
7.20323e-06
-2.88581e-06
0.000405234
-2.93975e-06
0.000362455
2.57811e-05
7.00285e-06
0.000331385
2.45452e-05
2.43658e-06
0.000373639
2.25033e-05
-9.38276e-08
0.000406958
2.00999e-05
-1.47172e-06
0.00042989
1.75276e-05
-2.25156e-06
0.000441431
1.48992e-05
-2.68894e-06
0.000441083
1.23083e-05
-2.90656e-06
0.000428878
9.84065e-06
-2.9821e-06
0.000405373
7.57116e-06
-2.98079e-06
0.000371638
-3.04049e-06
0.000329216
2.50104e-05
3.62341e-06
0.000297747
2.44719e-05
7.96387e-07
0.000339685
2.28896e-05
-9.22396e-07
0.000372609
2.0743e-05
-1.88727e-06
0.000395204
1.82717e-05
-2.41125e-06
0.000406572
1.56377e-05
-2.67508e-06
0.000406273
1.29732e-05
-2.77324e-06
0.000394337
1.03916e-05
-2.7683e-06
0.00037126
7.9862e-06
-2.71222e-06
0.000337995
-2.76814e-06
0.000295925
2.44031e-05
2.28916e-07
0.000264114
2.43642e-05
-1.10578e-06
0.000305736
2.32213e-05
-1.95824e-06
0.000338261
2.13492e-05
-2.34932e-06
0.000360515
1.9008e-05
-2.47505e-06
0.000371708
1.63982e-05
-2.45891e-06
0.000371455
1.36834e-05
-2.36198e-06
0.000359785
1.1e-05
-2.22314e-06
0.000337132
8.45487e-06
-2.07276e-06
0.000304335
-2.09637e-06
0.000262612
2.38628e-05
-3.17768e-06
0.000230497
2.43095e-05
-3.2627e-06
0.00027181
2.3548e-05
-3.14365e-06
0.000303929
2.19272e-05
-2.83156e-06
0.000325834
1.9726e-05
-2.44868e-06
0.000336846
1.7168e-05
-2.06515e-06
0.000336637
1.44334e-05
-1.70218e-06
0.00032523
1.1669e-05
-1.36951e-06
0.000303001
8.9849e-06
-1.06871e-06
0.000270671
-1.00568e-06
0.00022929
2.3689e-05
0.000196919
2.44391e-05
0.000237926
2.39203e-05
0.000269626
2.24853e-05
0.000291169
2.04164e-05
0.000301994
1.79296e-05
0.000301823
1.52008e-05
0.000290679
1.23766e-05
0.000268874
9.5835e-06
0.000237011
0.000195969
1.2806e-05
-1.6487e-06
0.000452426
1.45926e-05
-3.24205e-06
0.000497598
1.3828e-05
-9.80038e-07
0.000533369
1.24747e-05
-6.12351e-07
0.000558617
1.09949e-05
-6.56731e-07
0.000571458
9.48105e-06
-7.65314e-07
0.000571031
7.96526e-06
-8.51044e-07
0.00055737
6.49123e-06
-9.11786e-07
0.000531329
5.10823e-06
-9.45675e-07
0.00049455
-9.56113e-07
0.000449207
2.18959e-05
6.50615e-06
0.000463093
1.7899e-05
-6.94375e-07
0.000506559
1.58179e-05
-5.89451e-07
0.000541561
1.40368e-05
-7.39403e-07
0.000566108
1.22872e-05
-1.01695e-06
0.000578545
1.05488e-05
-1.27509e-06
0.000578106
8.83838e-06
-1.45861e-06
0.000564814
7.19132e-06
-1.57753e-06
0.000539469
5.65249e-06
-1.64066e-06
0.000503612
-1.63286e-06
0.000459369
2.22832e-05
9.17851e-06
0.000432999
1.87432e-05
1.28975e-06
0.000476382
1.65506e-05
-2.33919e-07
0.000511061
1.46943e-05
-9.39185e-07
0.000535218
1.28853e-05
-1.44448e-06
0.000547449
1.10811e-05
-1.82931e-06
0.000547058
9.30054e-06
-2.09112e-06
0.00053407
7.57952e-06
-2.25062e-06
0.000509225
5.95696e-06
-2.31886e-06
0.000473941
-2.29537e-06
0.00043024
2.09476e-05
8.13774e-06
0.000399739
1.87541e-05
1.98213e-06
0.000442926
1.68574e-05
-1.09045e-07
0.000477264
1.50665e-05
-1.1351e-06
0.00050108
1.32633e-05
-1.79587e-06
0.00051313
1.14328e-05
-2.2619e-06
0.000512784
9.60586e-06
-2.56768e-06
0.000500069
7.8267e-06
-2.74189e-06
0.00047566
6.14308e-06
-2.79892e-06
0.00044086
-2.76363e-06
0.000397544
1.97503e-05
5.99981e-06
0.000366107
1.85613e-05
1.77699e-06
0.000408971
1.70477e-05
-2.46834e-07
0.000442932
1.53963e-05
-1.34352e-06
0.000466408
1.3631e-05
-2.04736e-06
0.000478277
1.1783e-05
-2.52561e-06
0.000477972
9.90568e-06
-2.82864e-06
0.00046552
8.06126e-06
-2.989e-06
0.000441537
6.31156e-06
-3.02124e-06
0.000407206
-2.97345e-06
0.00036425
1.88713e-05
3.62264e-06
0.000332393
1.83716e-05
1.00261e-06
0.000374914
1.72405e-05
-6.36261e-07
0.000408479
1.57695e-05
-1.59327e-06
0.000431611
1.40656e-05
-2.20948e-06
0.000443297
1.22056e-05
-2.61359e-06
0.000443031
1.02709e-05
-2.85498e-06
0.000430839
8.34641e-06
-2.96591e-06
0.000407275
6.51311e-06
-2.95883e-06
0.000373409
-2.90191e-06
0.000330803
1.82121e-05
1.28908e-06
0.000298651
1.82032e-05
-1.37842e-07
0.000340834
1.74284e-05
-1.24746e-06
0.000373995
1.61584e-05
-1.90029e-06
0.000396781
1.45371e-05
-2.29907e-06
0.000408283
1.26779e-05
-2.53496e-06
0.000408054
1.06903e-05
-2.64892e-06
0.000396118
8.68266e-06
-2.66919e-06
0.000372971
6.75644e-06
-2.60409e-06
0.000339567
-2.54035e-06
0.000297308
1.76806e-05
-9.5036e-07
0.000264905
1.80462e-05
-1.52721e-06
0.00030676
1.75921e-05
-2.04279e-06
0.000339511
1.65262e-05
-2.26435e-06
0.000361944
1.50032e-05
-2.32854e-06
0.00037326
1.31626e-05
-2.30537e-06
0.000373066
1.11368e-05
-2.22513e-06
0.000361386
9.05346e-06
-2.10862e-06
0.000338655
7.03224e-06
-1.96053e-06
0.000305713
-1.88585e-06
0.000263799
1.72933e-05
-3.2023e-06
0.000231183
1.79697e-05
-3.10949e-06
0.000272716
1.77785e-05
-2.96831e-06
0.000305046
1.68862e-05
-2.65566e-06
0.000327117
1.54594e-05
-2.29603e-06
0.00033824
1.36539e-05
-1.94267e-06
0.00033808
1.1613e-05
-1.61018e-06
0.000326656
9.4706e-06
-1.30865e-06
0.000304344
7.35288e-06
-1.03926e-06
0.000271867
-9.313e-07
0.000230297
1.72722e-05
0.000197521
1.81511e-05
0.000238736
1.8099e-05
0.000270626
1.73038e-05
0.000292317
1.59476e-05
0.000303237
1.41853e-05
0.000303106
1.21531e-05
0.00029194
9.97391e-06
0.000270054
7.77168e-06
0.00023805
0.000196821
4.16972e-06
-7.79577e-06
0.000454727
7.68233e-06
-4.17808e-06
0.000498264
8.05551e-06
-1.25315e-06
0.000534249
7.61156e-06
-6.4931e-07
0.00055971
6.90985e-06
-5.85864e-07
0.000572746
6.09512e-06
-6.36146e-07
0.000572482
5.21963e-06
-6.92282e-07
0.000558938
4.3298e-06
-7.36503e-07
0.000532956
3.46613e-06
-7.5749e-07
0.000496171
-7.40302e-07
0.000450768
1.23104e-05
-1.07636e-06
0.000463504
1.02197e-05
-2.62601e-06
0.000507097
9.48511e-06
-1.33524e-06
0.000542377
8.72408e-06
-9.32574e-07
0.000567152
7.85551e-06
-9.73654e-07
0.000579801
6.90946e-06
-1.11236e-06
0.000579528
5.9181e-06
-1.2364e-06
0.000566349
4.91913e-06
-1.32563e-06
0.000541057
3.94498e-06
-1.36177e-06
0.00050519
-1.31158e-06
0.000460881
1.25699e-05
1.74651e-06
0.000433147
1.05894e-05
-1.14816e-06
0.000476885
9.66953e-06
-1.18775e-06
0.000511834
8.8692e-06
-1.1268e-06
0.000536213
7.99613e-06
-1.28987e-06
0.000548638
7.0431e-06
-1.49893e-06
0.000548397
6.03819e-06
-1.6692e-06
0.000535508
5.01733e-06
-1.78104e-06
0.000510701
4.01462e-06
-1.81282e-06
0.000475395
-1.73672e-06
0.000431618
1.14991e-05
1.65413e-06
0.00039992
1.04062e-05
-5.08238e-07
0.000443379
9.61827e-06
-1.09503e-06
0.000477959
8.86196e-06
-1.27536e-06
0.000501985
8.01431e-06
-1.52616e-06
0.000514214
7.06879e-06
-1.77239e-06
0.000514003
6.05787e-06
-1.95992e-06
0.00050137
5.02348e-06
-2.07221e-06
0.000476986
4.00638e-06
-2.08554e-06
0.00044215
-1.98513e-06
0.000398749
1.06387e-05
7.51677e-07
0.000366295
1.01798e-05
-4.55733e-07
0.000409378
9.59188e-06
-1.13128e-06
0.000443556
8.91157e-06
-1.41429e-06
0.000467227
8.09298e-06
-1.69072e-06
0.00047926
7.14737e-06
-1.92978e-06
0.000479075
6.11695e-06
-2.10069e-06
0.000466691
5.05407e-06
-2.19081e-06
0.000442718
4.01146e-06
-2.17643e-06
0.00040834
-2.05728e-06
0.000365291
1.00834e-05
-3.12693e-07
0.000332575
1.00294e-05
-7.68969e-07
0.000375281
9.64407e-06
-1.31051e-06
0.000409043
9.05326e-06
-1.56734e-06
0.000432355
8.26433e-06
-1.79396e-06
0.000444189
7.31092e-06
-1.97384e-06
0.000444029
6.24857e-06
-2.09029e-06
0.000431891
5.14264e-06
-2.13479e-06
0.000408325
4.06e-06
-2.0855e-06
0.0003744
-1.956e-06
0.000331697
9.73875e-06
-1.3156e-06
0.000298821
9.94231e-06
-1.30467e-06
0.000341166
9.73676e-06
-1.61562e-06
0.000374506
9.23981e-06
-1.74433e-06
0.000397455
8.48473e-06
-1.84548e-06
0.000409089
7.52411e-06
-1.91084e-06
0.000408952
6.42729e-06
-1.93292e-06
0.000397058
5.27315e-06
-1.90763e-06
0.000373898
4.14342e-06
-1.81682e-06
0.000340428
-1.6869e-06
0.000298068
9.5089e-06
-2.23385e-06
0.000265061
9.88486e-06
-1.97953e-06
0.000307058
9.83296e-06
-2.02256e-06
0.000339969
9.42762e-06
-1.94415e-06
0.00036255
8.71102e-06
-1.8513e-06
0.000373982
7.7494e-06
-1.74919e-06
0.000373866
6.62349e-06
-1.63757e-06
0.000362217
5.42343e-06
-1.51715e-06
0.000339465
4.24464e-06
-1.37696e-06
0.000306452
-1.25695e-06
0.000264437
9.38506e-06
-3.15519e-06
0.000231327
9.89413e-06
-2.75855e-06
0.000272986
9.9588e-06
-2.49772e-06
0.000305456
9.62337e-06
-2.14756e-06
0.000327656
8.94039e-06
-1.80878e-06
0.000338881
7.98494e-06
-1.499e-06
0.000338785
6.8425e-06
-1.22162e-06
0.000327382
5.60558e-06
-9.80742e-07
0.000305044
4.37456e-06
-7.75021e-07
0.000272496
-6.64482e-07
0.000230826
9.50693e-06
0.000197663
1.01027e-05
0.000238989
1.0213e-05
0.000270999
9.89665e-06
0.000292798
9.22602e-06
0.000303803
8.27988e-06
0.000303724
7.1377e-06
0.000292574
5.87895e-06
0.000270662
4.59577e-06
0.000238592
0.000197264
-1.82863e-06
-1.15026e-05
0.000455674
2.46556e-06
-4.55859e-06
0.000498528
3.56286e-06
-1.43658e-06
0.000534589
3.68172e-06
-5.96274e-07
0.000560188
3.51389e-06
-4.53229e-07
0.000573367
3.20268e-06
-4.31458e-07
0.000573225
2.8136e-06
-4.44635e-07
0.000559772
2.38713e-06
-4.59108e-07
0.000533841
1.95157e-06
-4.60077e-07
0.000497066
-4.3437e-07
0.000451638
5.32343e-06
-5.62723e-06
0.000463491
4.28007e-06
-3.59156e-06
0.000507174
4.3806e-06
-1.8155e-06
0.000542655
4.27594e-06
-9.37585e-07
0.000567598
4.01585e-06
-7.93969e-07
0.000580402
3.64551e-06
-7.88228e-07
0.000580255
3.20408e-06
-8.23371e-07
0.000567169
2.72595e-06
-8.54728e-07
0.000541931
2.23474e-06
-8.55363e-07
0.000506077
-7.97921e-07
0.000461743
5.66548e-06
-2.73293e-06
0.000432991
4.55227e-06
-2.50851e-06
0.000476915
4.35027e-06
-1.82374e-06
0.000512044
4.19756e-06
-1.15306e-06
0.000536581
3.93642e-06
-1.04262e-06
0.000549148
3.57659e-06
-1.05254e-06
0.000549022
3.14481e-06
-1.09736e-06
0.000536213
2.67192e-06
-1.1309e-06
0.00051145
2.18319e-06
-1.11986e-06
0.000476148
-1.03436e-06
0.000432341
5.02533e-06
-2.19172e-06
0.000399779
4.46387e-06
-1.95333e-06
0.000443385
4.2394e-06
-1.76011e-06
0.00047812
4.08071e-06
-1.29876e-06
0.000502289
3.82843e-06
-1.22259e-06
0.000514646
3.47833e-06
-1.23662e-06
0.000514537
3.05286e-06
-1.27594e-06
0.000501974
2.58307e-06
-1.29789e-06
0.000477623
2.09864e-06
-1.26741e-06
0.000442782
-1.15884e-06
0.000399346
4.56257e-06
-2.29271e-06
0.000366174
4.36899e-06
-1.75671e-06
0.000409375
4.20241e-06
-1.72424e-06
0.000443687
4.05206e-06
-1.40816e-06
0.000467487
3.8021e-06
-1.34727e-06
0.000479634
3.449e-06
-1.34837e-06
0.00047954
3.01536e-06
-1.36637e-06
0.000467216
2.53528e-06
-1.3652e-06
0.000443266
2.04469e-06
-1.31154e-06
0.000408875
-1.18713e-06
0.000365786
4.31687e-06
-2.51761e-06
0.000332474
4.34531e-06
-1.78227e-06
0.000375278
4.25199e-06
-1.74423e-06
0.000409156
4.11492e-06
-1.49913e-06
0.000432583
3.86034e-06
-1.42291e-06
0.000444519
3.49311e-06
-1.39053e-06
0.000444438
3.0391e-06
-1.37131e-06
0.00043235
2.53711e-06
-1.33729e-06
0.000408799
2.02988e-06
-1.25934e-06
0.000374856
-1.12771e-06
0.00033211
4.23283e-06
-2.69609e-06
0.000298741
4.38037e-06
-1.93127e-06
0.000341168
4.35053e-06
-1.81612e-06
0.000374608
4.22718e-06
-1.5785e-06
0.000397657
3.96573e-06
-1.45375e-06
0.000409382
3.57955e-06
-1.36504e-06
0.000409312
3.09952e-06
-1.29249e-06
0.000397459
2.56985e-06
-1.21707e-06
0.000374307
2.04046e-06
-1.11578e-06
0.000340814
-9.87261e-07
0.000298411
4.24564e-06
-2.81835e-06
0.000265001
4.44801e-06
-2.14076e-06
0.000307066
4.4666e-06
-1.92706e-06
0.000340062
4.35516e-06
-1.64649e-06
0.000362729
4.08691e-06
-1.44222e-06
0.000374239
3.68154e-06
-1.27451e-06
0.000374181
3.17491e-06
-1.13302e-06
0.000362564
2.61608e-06
-1.00792e-06
0.000339814
2.06169e-06
-8.84855e-07
0.000306775
-7.71408e-07
0.000264718
4.32972e-06
-2.95143e-06
0.000231285
4.56028e-06
-2.38478e-06
0.000273
4.60878e-06
-2.06008e-06
0.000305541
4.4997e-06
-1.6954e-06
0.000327814
4.22155e-06
-1.38731e-06
0.000339104
3.79885e-06
-1.12338e-06
0.000339056
3.26988e-06
-9.00912e-07
0.000327679
2.68405e-06
-7.1789e-07
0.00030534
2.09976e-06
-5.69808e-07
0.000272765
-4.78483e-07
0.000231054
4.53166e-06
0.000197641
4.78253e-06
0.000239012
4.83357e-06
0.000271079
4.70553e-06
0.000292939
4.40778e-06
0.000303997
3.9697e-06
0.000303958
3.42692e-06
0.000292829
2.81999e-06
0.000270915
2.19969e-06
0.000238821
0.000197453
-4.96964e-06
-1.26675e-05
0.000455965
-2.92353e-07
-4.7545e-06
0.000498605
1.0143e-06
-1.40767e-06
0.00053469
1.36015e-06
-5.15036e-07
0.000560357
1.45422e-06
-3.3912e-07
0.000573612
1.40341e-06
-2.63209e-07
0.000573539
1.28248e-06
-2.46079e-07
0.000560139
1.12151e-06
-2.38199e-07
0.00053424
9.42127e-07
-2.29646e-07
0.000497475
-2.0817e-07
0.000452039
1.71019e-06
-7.11122e-06
0.000463372
9.14082e-07
-3.90577e-06
0.000507121
1.43142e-06
-1.97772e-06
0.000542708
1.60972e-06
-8.46068e-07
0.000567751
1.65146e-06
-6.20871e-07
0.000580642
1.58289e-06
-5.08768e-07
0.000580569
1.44672e-06
-4.80255e-07
0.00056754
1.26984e-06
-4.66921e-07
0.000542337
1.07011e-06
-4.48634e-07
0.000506495
-4.02008e-07
0.000462155
2.19498e-06
-4.26943e-06
0.000432835
1.3224e-06
-2.96053e-06
0.000476842
1.40322e-06
-2.07598e-06
0.000512061
1.52077e-06
-1.07127e-06
0.000536689
1.54481e-06
-8.31935e-07
0.000549335
1.48429e-06
-7.01756e-07
0.000549275
1.35911e-06
-6.57954e-07
0.000536516
1.19227e-06
-6.32316e-07
0.000511782
1.00125e-06
-5.98422e-07
0.000476489
-5.29252e-07
0.000432673
1.86554e-06
-3.52981e-06
0.00039964
1.41468e-06
-2.43461e-06
0.00044331
1.37181e-06
-2.0333e-06
0.00047812
1.44669e-06
-1.22409e-06
0.000502367
1.45594e-06
-9.89421e-07
0.000514794
1.39564e-06
-8.48163e-07
0.000514744
1.27442e-06
-7.85747e-07
0.000502223
1.11202e-06
-7.42326e-07
0.000477895
9.26954e-07
-6.89655e-07
0.000443059
-6.02413e-07
0.000399612
1.65673e-06
-3.34695e-06
0.000366054
1.46808e-06
-2.17629e-06
0.000409305
1.40348e-06
-1.96238e-06
0.000443681
1.44544e-06
-1.3266e-06
0.000467547
1.4349e-06
-1.10138e-06
0.000479757
1.36354e-06
-9.50568e-07
0.000479714
1.2348e-06
-8.66915e-07
0.000467426
1.06695e-06
-8.02616e-07
0.000443494
8.8017e-07
-7.30995e-07
0.000409103
-6.31109e-07
0.000366002
1.58709e-06
-3.2497e-06
0.000332374
1.5541e-06
-2.08296e-06
0.000375218
1.4959e-06
-1.89703e-06
0.000409149
1.51185e-06
-1.39278e-06
0.000432633
1.47561e-06
-1.16954e-06
0.000444624
1.38319e-06
-1.00721e-06
0.000444587
1.23705e-06
-9.00543e-07
0.000432529
1.05528e-06
-8.14447e-07
0.000408992
8.59803e-07
-7.25989e-07
0.000375046
-6.19833e-07
0.000332286
1.64082e-06
-3.10129e-06
0.000298659
1.67715e-06
-2.06976e-06
0.000341118
1.62984e-06
-1.84429e-06
0.000374602
1.61952e-06
-1.42601e-06
0.000397701
1.55457e-06
-1.19473e-06
0.000409472
1.4351e-06
-1.01618e-06
0.000409441
1.26537e-06
-8.84867e-07
0.000397613
1.06425e-06
-7.77502e-07
0.000374471
8.55598e-07
-6.76208e-07
0.000340972
-5.71301e-07
0.000298555
1.77887e-06
-2.9065e-06
0.000264937
1.82656e-06
-2.07889e-06
0.000307027
1.78485e-06
-1.79979e-06
0.000340059
1.74804e-06
-1.42723e-06
0.000362767
1.65367e-06
-1.17781e-06
0.000374317
1.50441e-06
-9.76687e-07
0.000374291
1.30783e-06
-8.18968e-07
0.000362695
1.084e-06
-6.91362e-07
0.000339952
8.58766e-07
-5.82075e-07
0.000306906
-4.87091e-07
0.000264835
1.96853e-06
-2.72387e-06
0.000231238
2.00304e-06
-2.08497e-06
0.000272971
1.95994e-06
-1.75676e-06
0.000305541
1.89518e-06
-1.39589e-06
0.000327848
1.77056e-06
-1.11921e-06
0.00033917
1.59109e-06
-8.8989e-07
0.000339149
1.36718e-06
-7.04621e-07
0.000327789
1.11883e-06
-5.57464e-07
0.000305454
8.72047e-07
-4.42842e-07
0.000272873
-3.64502e-07
0.000231148
2.19748e-06
0.000197606
2.22426e-06
0.000238992
2.17452e-06
0.000271083
2.07975e-06
0.000292969
1.92383e-06
0.000304053
1.71574e-06
0.000304036
1.46707e-06
0.000292921
1.19409e-06
0.000271011
9.18943e-07
0.000238911
0.00019753
-6.41661e-06
-1.28135e-05
0.000456027
-1.59718e-06
-4.83081e-06
0.000498617
-2.24542e-07
-1.39502e-06
0.000534712
2.08628e-07
-4.84696e-07
0.000560409
4.08385e-07
-2.8166e-07
0.000573694
4.70365e-07
-1.77466e-07
0.000573654
4.73118e-07
-1.44537e-07
0.000560281
4.38391e-07
-1.24517e-07
0.000534399
3.85579e-07
-1.13418e-07
0.000497642
-9.90243e-08
0.000452204
2.2234e-07
-7.39225e-06
0.000463277
-5.1201e-07
-4.04566e-06
0.00050707
3.27303e-08
-1.93671e-06
0.000542705
2.95117e-07
-7.91958e-07
0.000567796
4.60153e-07
-5.31114e-07
0.000580726
5.2116e-07
-3.60951e-07
0.000580692
5.24211e-07
-2.99165e-07
0.000567691
4.89506e-07
-2.61056e-07
0.000542508
4.32282e-07
-2.36459e-07
0.000506676
-2.04381e-07
0.000462335
7.83983e-07
-4.60226e-06
0.000432748
-8.1734e-08
-3.1269e-06
0.000476789
7.10614e-08
-2.07405e-06
0.000512046
2.63389e-07
-1.01185e-06
0.000536716
3.93899e-07
-7.24789e-07
0.000549398
4.55774e-07
-5.19413e-07
0.000549372
4.6442e-07
-4.29641e-07
0.000536638
4.36899e-07
-3.71773e-07
0.00051192
3.8582e-07
-3.30226e-07
0.000476634
-2.81283e-07
0.000432817
6.16154e-07
-3.83795e-06
0.000399567
1.0064e-07
-2.56419e-06
0.000443263
1.2092e-07
-2.07545e-06
0.000478101
2.55838e-07
-1.16454e-06
0.000502385
3.56434e-07
-8.74181e-07
0.000514843
4.10178e-07
-6.50638e-07
0.000514821
4.17675e-07
-5.36071e-07
0.000502322
3.91754e-07
-4.58e-07
0.000478007
3.43431e-07
-3.98279e-07
0.000443175
-3.34612e-07
0.000399726
5.3043e-07
-3.61073e-06
0.000365993
2.54649e-07
-2.24777e-06
0.000409264
2.22164e-07
-2.02486e-06
0.000443662
3.02945e-07
-1.258e-06
0.00046756
3.66554e-07
-9.77524e-07
0.000479796
4.02409e-07
-7.50899e-07
0.000479778
4.00307e-07
-6.16588e-07
0.000467508
3.68923e-07
-5.19816e-07
0.000443587
3.18296e-07
-4.43242e-07
0.000409198
-3.68097e-07
0.000366094
5.28025e-07
-3.435e-06
0.000332324
4.17116e-07
-2.10256e-06
0.000375183
3.40921e-07
-1.93337e-06
0.000409134
3.85756e-07
-1.31272e-06
0.000432643
4.1676e-07
-1.042e-06
0.000444657
4.27949e-07
-8.16724e-07
0.000444642
4.08676e-07
-6.67452e-07
0.000432599
3.6556e-07
-5.55271e-07
0.000409071
3.07983e-07
-4.65146e-07
0.000375126
-3.82757e-07
0.000332362
6.28216e-07
-3.17949e-06
0.00029862
5.90847e-07
-2.03728e-06
0.00034109
4.96383e-07
-1.82692e-06
0.00037459
5.03682e-07
-1.32846e-06
0.000397709
4.96994e-07
-1.06399e-06
0.0004095
4.77514e-07
-8.43881e-07
0.000409487
4.35216e-07
-6.84768e-07
0.000397673
3.75475e-07
-5.61717e-07
0.000374537
3.07184e-07
-4.62912e-07
0.000341039
-3.78481e-07
0.000298617
8.10136e-07
-2.87453e-06
0.000264906
7.7816e-07
-1.98368e-06
0.000307005
6.73989e-07
-1.71385e-06
0.00034005
6.41507e-07
-1.30353e-06
0.000362775
5.97514e-07
-1.04451e-06
0.000374341
5.44143e-07
-8.30053e-07
0.000374331
4.748e-07
-6.65615e-07
0.000362745
3.94525e-07
-5.36634e-07
0.000340007
3.11988e-07
-4.34761e-07
0.000306961
-3.54225e-07
0.000264885
1.03948e-06
-2.58151e-06
0.000231216
9.79756e-07
-1.90788e-06
0.000272955
8.67576e-07
-1.59549e-06
0.000305535
7.96509e-07
-1.23945e-06
0.000327855
7.15913e-07
-9.84785e-07
0.000339191
6.27577e-07
-7.74862e-07
0.000339182
5.28881e-07
-6.08745e-07
0.000327831
4.24816e-07
-4.78262e-07
0.0003055
3.23704e-07
-3.78182e-07
0.000272918
-3.06781e-07
0.000231189
1.27336e-06
0.00019759
1.1928e-06
0.00023898
1.07539e-06
0.000271078
9.72453e-07
0.000292976
8.58162e-07
0.000304071
7.36212e-07
0.000304064
6.07704e-07
0.000292956
4.77133e-07
0.00027105
3.5177e-07
0.000238948
0.000197563
-7.01199e-06
-1.28233e-05
0.000456034
-2.16114e-06
-4.84608e-06
0.000498612
-7.55342e-07
-1.40766e-06
0.000534714
-2.94227e-07
-4.7553e-07
0.000560423
-6.40581e-08
-2.5916e-07
0.000573723
3.9359e-08
-1.46473e-07
0.000573697
9.05303e-08
-1.05603e-07
0.000560335
1.08793e-07
-8.07819e-08
0.000534462
1.11216e-07
-6.86507e-08
0.000497708
-5.84166e-08
0.00045227
-4.32745e-07
-7.3706e-06
0.000463227
-1.13193e-06
-4.11934e-06
0.000507042
-5.6567e-07
-1.96564e-06
0.000542697
-2.66929e-07
-7.86636e-07
0.000567808
-6.79739e-08
-4.8955e-07
0.000580758
3.91421e-08
-3.02131e-07
0.00058074
9.67167e-08
-2.25158e-07
0.000567753
1.20188e-07
-1.75843e-07
0.000542579
1.24035e-07
-1.49058e-07
0.000506752
-1.25879e-07
0.000462412
2.96533e-07
-4.63638e-06
0.00043271
-6.22412e-07
-3.17578e-06
0.000476765
-4.7014e-07
-2.1081e-06
0.000512036
-2.56905e-07
-1.00747e-06
0.000536724
-9.70446e-08
-6.73713e-07
0.000549422
6.37338e-09
-4.44643e-07
0.000549411
6.5533e-08
-3.34894e-07
0.000536689
9.36211e-08
-2.6246e-07
0.000511979
1.00615e-07
-2.18314e-07
0.000476696
-1.81436e-07
0.000432879
1.81216e-07
-3.89499e-06
0.000399538
-3.56698e-07
-2.61807e-06
0.000443243
-3.69236e-07
-2.08706e-06
0.000478092
-2.25012e-07
-1.15712e-06
0.00050239
-1.00362e-07
-8.17804e-07
0.000514862
-8.52884e-09
-5.68436e-07
0.000514853
4.67862e-08
-4.31842e-07
0.000502364
7.45789e-08
-3.38236e-07
0.000478055
8.18686e-08
-2.76093e-07
0.000443226
-2.26023e-07
0.000399776
1.27336e-07
-3.6593e-06
0.00036597
-1.7582e-07
-2.2991e-06
0.000409249
-2.48998e-07
-2.00692e-06
0.000443655
-1.60848e-07
-1.24973e-06
0.000467565
-7.17725e-08
-9.23107e-07
0.000479813
8.82955e-10
-6.68071e-07
0.000479805
4.57677e-08
-5.11837e-07
0.000467543
6.77702e-08
-4.00439e-07
0.000443627
7.19659e-08
-3.22116e-07
0.00040924
-2.60709e-07
0.000366135
1.52973e-07
-3.48505e-06
0.000332305
-1.94841e-08
-2.11425e-06
0.000375171
-1.06327e-07
-1.91442e-06
0.000409128
-6.34911e-08
-1.29661e-06
0.000432647
-1.33051e-08
-9.87271e-07
0.000444671
3.30598e-08
-7.37546e-07
0.000444665
6.09224e-08
-5.69712e-07
0.00043263
7.19277e-08
-4.45558e-07
0.000409105
6.96277e-08
-3.54821e-07
0.000375161
-2.85178e-07
0.000332396
2.63299e-07
-3.20531e-06
0.000298605
1.67035e-07
-2.00842e-06
0.000341081
6.97798e-08
-1.81298e-06
0.000374586
5.95371e-08
-1.29042e-06
0.000397713
6.98258e-08
-1.0098e-06
0.000409513
8.44548e-08
-7.72122e-07
0.000409507
8.97273e-08
-6.00679e-07
0.000397699
8.52189e-08
-4.69935e-07
0.000374566
7.30607e-08
-3.71928e-07
0.000341068
-2.98175e-07
0.000298645
4.48888e-07
-2.85914e-06
0.000264896
3.80368e-07
-1.93279e-06
0.000306998
2.45587e-07
-1.67563e-06
0.000340048
2.03257e-07
-1.25196e-06
0.000362779
1.72356e-07
-9.89623e-07
0.000374352
1.52142e-07
-7.69035e-07
0.000374348
1.30599e-07
-6.00944e-07
0.000362767
1.06588e-07
-4.70179e-07
0.000340031
8.1127e-08
-3.70732e-07
0.000306985
-2.97573e-07
0.000264908
6.88725e-07
-2.52211e-06
0.000231208
5.8983e-07
-1.82888e-06
0.00027295
4.43271e-07
-1.52769e-06
0.000305534
3.61753e-07
-1.17422e-06
0.000327859
2.92035e-07
-9.29283e-07
0.0003392
2.35523e-07
-7.27056e-07
0.000339197
1.84344e-07
-5.68128e-07
0.000327849
1.37258e-07
-4.43347e-07
0.00030552
9.47235e-08
-3.48182e-07
0.000272938
-2.80071e-07
0.000231207
9.22361e-07
0.000197584
7.9649e-07
0.000238977
6.4552e-07
0.000271078
5.3237e-07
0.000292979
4.28711e-07
0.000304079
3.37129e-07
0.000304077
2.54671e-07
0.000292972
1.80959e-07
0.000271067
1.16633e-07
0.000238965
0.000197578
-7.25674e-06
-1.2852e-05
0.000456037
-2.39806e-06
-4.85504e-06
0.000498608
-9.79712e-07
-1.41915e-06
0.000534715
-5.11105e-07
-4.74337e-07
0.000560429
-2.70412e-07
-2.52534e-07
0.000573734
-1.50128e-07
-1.38125e-07
0.000573715
-8.01068e-08
-9.27929e-08
0.000560358
-4.13656e-08
-6.49991e-08
0.000534488
-1.6466e-08
-5.27093e-08
0.000497736
-4.46466e-08
0.000452296
-6.98619e-07
-7.37671e-06
0.000463206
-1.38465e-06
-4.15786e-06
0.000507031
-8.13066e-07
-1.98766e-06
0.000542694
-5.05043e-07
-7.87448e-07
0.000567813
-2.94058e-07
-4.76588e-07
0.000580771
-1.69126e-07
-2.83599e-07
0.000580761
-9.1071e-08
-1.97479e-07
0.00056778
-4.445e-08
-1.42722e-07
0.000542611
-1.59397e-08
-1.14752e-07
0.000506786
-9.60076e-08
0.000462446
9.26869e-08
-4.65194e-06
0.000432696
-8.39676e-07
-3.21648e-06
0.000476756
-6.9114e-07
-2.13337e-06
0.000512033
-4.72646e-07
-1.01001e-06
0.000536728
-3.0288e-07
-6.57375e-07
0.000549433
-1.84208e-07
-4.19656e-07
0.000549428
-1.05853e-07
-2.98322e-07
0.000536711
-5.58399e-08
-2.18878e-07
0.000512005
-2.55549e-08
-1.73005e-07
0.000476724
-1.41674e-07
0.000432908
1.04815e-08
-3.92157e-06
0.000399528
-5.45049e-07
-2.65459e-06
0.000443236
-5.68125e-07
-2.10833e-06
0.00047809
-4.22183e-07
-1.15962e-06
0.000502394
-2.89566e-07
-7.99439e-07
0.000514872
-1.84188e-07
-5.39788e-07
0.000514868
-1.10589e-07
-3.9095e-07
0.000502383
-6.16449e-08
-2.89706e-07
0.000478077
-3.20381e-08
-2.25679e-07
0.000443249
-1.8145e-07
0.000399799
-2.56725e-08
-3.67353e-06
0.000365962
-3.46802e-07
-2.32877e-06
0.000409244
-4.3405e-07
-2.01988e-06
0.000443654
-3.47608e-07
-1.24951e-06
0.000467568
-2.52035e-07
-9.03273e-07
0.000479821
-1.667e-07
-6.3793e-07
0.000479818
-1.03808e-07
-4.70169e-07
0.00046756
-6.07437e-08
-3.5136e-07
0.000443646
-3.44822e-08
-2.71291e-07
0.00040926
-2.15507e-07
0.000366154
6.31011e-09
-3.48738e-06
0.000332299
-1.7479e-07
-2.14423e-06
0.000375167
-2.83443e-07
-1.91067e-06
0.000409128
-2.46288e-07
-1.28987e-06
0.00043265
-1.90128e-07
-9.66783e-07
0.000444679
-1.31407e-07
-7.07814e-07
0.000444676
-8.54294e-08
-5.30278e-07
0.000432644
-5.29833e-08
-3.99757e-07
0.000409121
-3.29586e-08
-3.07648e-07
0.000375177
-2.43092e-07
0.000332412
1.29182e-07
-3.21308e-06
0.000298601
-2.95597e-09
-2.0098e-06
0.000341078
-1.14358e-07
-1.79919e-06
0.000374586
-1.21088e-07
-1.28624e-06
0.000397716
-1.06133e-07
-9.88328e-07
0.000409519
-7.92329e-08
-7.44538e-07
0.000409517
-5.55671e-08
-5.66214e-07
0.000397711
-3.80941e-08
-4.30855e-07
0.00037458
-2.7415e-08
-3.32081e-07
0.000341082
-2.62577e-07
0.000298658
3.07159e-07
-2.85403e-06
0.000264893
2.15848e-07
-1.917e-06
0.000306997
7.64435e-08
-1.66022e-06
0.000340048
2.2221e-08
-1.23508e-06
0.000362782
-3.41391e-09
-9.68595e-07
0.000374358
-1.14758e-08
-7.4508e-07
0.000374356
-1.42946e-08
-5.73946e-07
0.000362777
-1.56895e-08
-4.41027e-07
0.000340043
-1.76647e-08
-3.41612e-07
0.000306996
-2.71463e-07
0.000264918
5.46223e-07
-2.49859e-06
0.000231206
4.29368e-07
-1.79929e-06
0.000272949
2.69524e-07
-1.50113e-06
0.000305534
1.81686e-07
-1.1502e-06
0.000327862
1.15661e-07
-9.07878e-07
0.000339205
7.11835e-08
-7.08041e-07
0.000339204
3.89771e-08
-5.50765e-07
0.000327858
1.52181e-08
-4.27051e-07
0.00030553
-2.84357e-09
-3.33092e-07
0.000272947
-2.6645e-07
0.000231216
7.78133e-07
0.000197583
6.32536e-07
0.000238976
4.67496e-07
0.000271079
3.48614e-07
0.000292982
2.48454e-07
0.000304084
1.68724e-07
0.000304083
1.05131e-07
0.000292979
5.52688e-08
0.000271075
1.68668e-08
0.000238973
0.000197585
-7.37328e-06
-1.28793e-05
0.000456041
-2.50393e-06
-4.86854e-06
0.000498608
-1.07582e-06
-1.42945e-06
0.000534716
-6.04101e-07
-4.74822e-07
0.000560432
-3.59582e-07
-2.50697e-07
0.000573741
-2.32675e-07
-1.35634e-07
0.000573724
-1.55576e-07
-8.79755e-08
0.000560369
-1.08559e-07
-5.9371e-08
0.0005345
-7.44843e-08
-4.69671e-08
0.000497749
-4.04026e-08
0.000452308
-8.12033e-07
-7.39639e-06
0.000463198
-1.49386e-06
-4.18292e-06
0.000507027
-9.1849e-07
-2.0045e-06
0.000542693
-6.06344e-07
-7.89778e-07
0.000567816
-3.90819e-07
-4.72695e-07
0.000580777
-2.5886e-07
-2.77238e-07
0.000580771
-1.72735e-07
-1.86456e-07
0.000567792
-1.16937e-07
-1.29536e-07
0.000542625
-7.84515e-08
-1.00921e-07
0.000506801
-8.46074e-08
0.000462462
1.91192e-09
-4.67366e-06
0.000432691
-9.33844e-07
-3.24412e-06
0.000476753
-7.86305e-07
-2.1519e-06
0.000512033
-5.65171e-07
-1.01347e-06
0.00053673
-3.91342e-07
-6.52264e-07
0.000549439
-2.66478e-07
-4.1055e-07
0.000549436
-1.80288e-07
-2.83299e-07
0.000536722
-1.21348e-07
-2.00763e-07
0.000512017
-8.14999e-08
-1.5387e-07
0.000476737
-1.25217e-07
0.000432921
-6.47478e-08
-3.94634e-06
0.000399525
-6.27349e-07
-2.67956e-06
0.000443234
-6.54917e-07
-2.12449e-06
0.000478091
-5.07789e-07
-1.16303e-06
0.000502396
-3.71637e-07
-7.93465e-07
0.000514877
-2.6056e-07
-5.28941e-07
0.000514875
-1.79248e-07
-3.73803e-07
0.000502392
-1.21465e-07
-2.6898e-07
0.000478088
-8.25356e-08
-2.03703e-07
0.00044326
-1.62072e-07
0.000399809
-9.27688e-08
-3.68765e-06
0.00036596
-4.2224e-07
-2.34872e-06
0.000409243
-5.15962e-07
-2.03116e-06
0.000443655
-4.29482e-07
-1.25184e-06
0.00046757
-3.30854e-07
-8.96549e-07
0.000479825
-2.40057e-07
-6.26185e-07
0.000479824
-1.69438e-07
-4.52377e-07
0.000467568
-1.1744e-07
-3.29908e-07
0.000443655
-8.18185e-08
-2.48537e-07
0.000409269
-1.95136e-07
0.000366163
-5.79183e-08
-3.49289e-06
0.000332297
-2.47204e-07
-2.15848e-06
0.000375167
-3.62828e-07
-1.91607e-06
0.000409128
-3.26655e-07
-1.29016e-06
0.000432653
-2.67859e-07
-9.59356e-07
0.000444683
-2.03792e-07
-6.95902e-07
0.000444682
-1.49982e-07
-5.1311e-07
0.000432651
-1.08372e-07
-3.79234e-07
0.000409129
-7.87412e-08
-2.85968e-07
0.000375185
-2.23542e-07
0.000332419
6.60327e-08
-3.2174e-06
0.0002986
-6.86893e-08
-2.0232e-06
0.000341078
-1.92491e-07
-1.79292e-06
0.000374587
-2.01328e-07
-1.28338e-06
0.000397718
-1.83887e-07
-9.8041e-07
0.000409523
-1.51644e-07
-7.33182e-07
0.000409522
-1.19979e-07
-5.50851e-07
0.000397717
-9.30211e-08
-4.12805e-07
0.000374587
-7.23765e-08
-3.13194e-07
0.000341088
-2.45537e-07
0.000298665
2.45664e-07
-2.85368e-06
0.000264892
1.38332e-07
-1.91564e-06
0.000306997
-1.59509e-09
-1.65379e-06
0.000340049
-5.71069e-08
-1.22983e-06
0.000362784
-8.14602e-08
-9.59311e-07
0.000374361
-8.42854e-08
-7.34811e-07
0.000374361
-7.88877e-08
-5.61501e-07
0.000362783
-7.03783e-08
-4.26963e-07
0.000340049
-6.19449e-08
-3.27165e-07
0.000307002
-2.58482e-07
0.000264923
4.81684e-07
-2.48946e-06
0.000231205
3.55459e-07
-1.78941e-06
0.000272949
1.90904e-07
-1.49006e-06
0.000305535
1.00067e-07
-1.14088e-06
0.000327863
3.65322e-08
-8.98746e-07
0.000339208
-2.55443e-09
-6.99602e-07
0.000339208
-2.62379e-08
-5.42349e-07
0.000327863
-3.95262e-08
-4.18489e-07
0.000305535
-4.65553e-08
-3.24726e-07
0.000272952
-2.59072e-07
0.00023122
7.12055e-07
0.000197583
5.57102e-07
0.000238976
3.86253e-07
0.00027108
2.64816e-07
0.000292984
1.666e-07
0.000304087
9.24692e-08
0.000304086
3.76655e-08
0.000292983
-1.15654e-09
0.000271079
-2.75044e-08
0.000238977
0.000197589
-7.43467e-06
-1.29006e-05
0.000456045
-2.55535e-06
-4.87991e-06
0.000498608
-1.1192e-06
-1.43756e-06
0.000534718
-6.45347e-07
-4.75762e-07
0.000560434
-3.99062e-07
-2.49721e-07
0.000573744
-2.69263e-07
-1.34421e-07
0.000573728
-1.89419e-07
-8.54547e-08
0.000560374
-1.39164e-07
-5.64941e-08
0.000534507
-1.01294e-07
-4.42481e-08
0.000497755
-3.90484e-08
0.000452313
-8.72306e-07
-7.41156e-06
0.000463195
-1.54608e-06
-4.205e-06
0.000507026
-9.66752e-07
-2.01729e-06
0.000542694
-6.51846e-07
-7.9241e-07
0.000567817
-4.33941e-07
-4.71043e-07
0.000580781
-2.98835e-07
-2.74326e-07
0.000580775
-2.09286e-07
-1.81031e-07
0.000567798
-1.49669e-07
-1.23058e-07
0.000542632
-1.06988e-07
-9.43525e-08
0.000506809
-7.98007e-08
0.000462469
-4.202e-08
-4.68992e-06
0.000432689
-9.78562e-07
-3.26731e-06
0.000476752
-8.30666e-07
-2.16552e-06
0.000512034
-6.07733e-07
-1.01687e-06
0.000536732
-4.31538e-07
-6.50266e-07
0.000549442
-3.03734e-07
-4.06361e-07
0.000549441
-2.13965e-07
-2.75976e-07
0.000536727
-1.51082e-07
-1.91872e-07
0.000512023
-1.0707e-07
-1.44642e-07
0.000476744
-1.17714e-07
0.000432927
-9.89974e-08
-3.96326e-06
0.000399523
-6.6596e-07
-2.69968e-06
0.000443234
-6.95697e-07
-2.13612e-06
0.000478091
-5.47805e-07
-1.16616e-06
0.000502398
-4.09539e-07
-7.91156e-07
0.00051488
-2.95639e-07
-5.23901e-07
0.000514879
-2.10648e-07
-3.65457e-07
0.000502397
-1.48799e-07
-2.58765e-07
0.000478093
-1.05701e-07
-1.92941e-07
0.000443265
-1.52861e-07
0.000399815
-1.22765e-07
-3.69684e-06
0.000365959
-4.57259e-07
-2.36471e-06
0.000409242
-5.54506e-07
-2.03926e-06
0.000443655
-4.68021e-07
-1.25397e-06
0.000467572
-3.67591e-07
-8.93861e-07
0.000479828
-2.74039e-07
-6.20669e-07
0.000479828
-1.99682e-07
-4.43679e-07
0.000467572
-1.43504e-07
-3.19247e-07
0.000443659
-1.03619e-07
-2.37222e-07
0.000409273
-1.85181e-07
0.000366167
-8.69765e-08
-3.49546e-06
0.000332297
-2.80709e-07
-2.17063e-06
0.000375166
-4.00164e-07
-1.92024e-06
0.000409129
-3.64509e-07
-1.2908e-06
0.000432654
-3.0424e-07
-9.56187e-07
0.000444685
-2.37474e-07
-6.90227e-07
0.000444685
-1.79878e-07
-5.04622e-07
0.000432654
-1.3396e-07
-3.68892e-07
0.000409132
-9.98943e-08
-2.74997e-07
0.000375189
-2.13778e-07
0.000332423
3.81655e-08
-3.21871e-06
0.000298599
-1.0024e-07
-2.03206e-06
0.000341078
-2.2907e-07
-1.79184e-06
0.000374587
-2.39032e-07
-1.28195e-06
0.000397719
-2.20356e-07
-9.76706e-07
0.000409525
-1.85446e-07
-7.27658e-07
0.000409525
-1.49925e-07
-5.43113e-07
0.00039772
-1.18491e-07
-4.0351e-07
0.00037459
-9.31907e-08
-3.03417e-07
0.000341091
-2.36843e-07
0.000298667
2.18123e-07
-2.85264e-06
0.000264891
1.01326e-07
-1.91525e-06
0.000306997
-4.0464e-08
-1.65056e-06
0.000340049
-9.52413e-08
-1.22819e-06
0.000362785
-1.18279e-07
-9.55319e-07
0.000374363
-1.18412e-07
-7.29762e-07
0.000374363
-1.09026e-07
-5.55061e-07
0.000362785
-9.58053e-08
-4.1946e-07
0.000340051
-8.24518e-08
-3.19413e-07
0.000307005
-2.51653e-07
0.000264926
4.51947e-07
-2.484e-06
0.000231205
3.20964e-07
-1.78433e-06
0.000272949
1.5418e-07
-1.48427e-06
0.000305536
6.15063e-08
-1.13654e-06
0.000327864
-1.01008e-09
-8.94346e-07
0.00033921
-3.72766e-08
-6.95427e-07
0.00033921
-5.67706e-08
-5.37783e-07
0.000327865
-6.50108e-08
-4.1356e-07
0.000305537
-6.67716e-08
-3.19828e-07
0.000272954
-2.54869e-07
0.000231222
6.80912e-07
0.000197583
5.21353e-07
0.000238976
3.4777e-07
0.00027108
2.24996e-07
0.000292985
1.2778e-07
0.000304088
5.64001e-08
0.000304088
5.95818e-09
0.000292985
-2.74783e-08
0.000271081
-4.80544e-08
0.000238979
0.00019759
-7.47227e-06
-1.29135e-05
0.000456048
-2.58203e-06
-4.89147e-06
0.000498609
-1.13934e-06
-1.44384e-06
0.000534719
-6.63835e-07
-4.76641e-07
0.000560435
-4.16796e-07
-2.48902e-07
0.000573746
-2.8567e-07
-1.33559e-07
0.000573731
-2.04875e-07
-8.36741e-08
0.000560377
-1.53528e-07
-5.4487e-08
0.00053451
-1.14122e-07
-4.25503e-08
0.000497758
-3.85466e-08
0.000452315
-9.05845e-07
-7.42097e-06
0.000463193
-1.57268e-06
-4.22451e-06
0.000507026
-9.89999e-07
-2.02695e-06
0.000542694
-6.72968e-07
-7.94718e-07
0.000567818
-4.53723e-07
-4.69946e-07
0.000580782
-3.17094e-07
-2.72611e-07
0.000580778
-2.26052e-07
-1.77696e-07
0.000567801
-1.64867e-07
-1.19091e-07
0.000542635
-1.20403e-07
-9.06513e-08
0.000506812
-7.75646e-08
0.000462473
-6.36443e-08
-4.70001e-06
0.000432688
-1.00044e-06
-3.28724e-06
0.000476751
-8.52217e-07
-2.17545e-06
0.000512034
-6.27997e-07
-1.01977e-06
0.000536733
-4.50348e-07
-6.49161e-07
0.000549444
-3.2105e-07
-4.04034e-07
0.000549443
-2.29547e-07
-2.71703e-07
0.00053673
-1.64852e-07
-1.86672e-07
0.000512026
-1.1898e-07
-1.39568e-07
0.000476747
-1.14033e-07
0.00043293
-1.12659e-07
-3.97244e-06
0.000399523
-6.83926e-07
-2.71572e-06
0.000443233
-7.15353e-07
-2.1442e-06
0.000478091
-5.67023e-07
-1.16882e-06
0.000502399
-4.2747e-07
-7.90021e-07
0.000514881
-3.12105e-07
-5.21185e-07
0.000514881
-2.25245e-07
-3.60748e-07
0.000502399
-1.61415e-07
-2.52951e-07
0.000478095
-1.16398e-07
-1.87077e-07
0.000443267
-1.4822e-07
0.000399817
-1.34908e-07
-3.69977e-06
0.000365958
-4.73078e-07
-2.37733e-06
0.000409242
-5.72791e-07
-2.04467e-06
0.000443655
-4.86464e-07
-1.25583e-06
0.000467572
-3.84995e-07
-8.92577e-07
0.000479829
-2.90023e-07
-6.17733e-07
0.000479829
-2.13752e-07
-4.38867e-07
0.000467573
-1.55508e-07
-3.13268e-07
0.000443661
-1.13631e-07
-2.31065e-07
0.000409275
-1.80081e-07
0.000366169
-9.79344e-08
-3.49376e-06
0.000332296
-2.95493e-07
-2.17958e-06
0.000375166
-4.17574e-07
-1.9228e-06
0.000409129
-3.82452e-07
-1.29152e-06
0.000432654
-3.214e-07
-9.54621e-07
0.000444686
-2.53273e-07
-6.8719e-07
0.000444686
-1.93768e-07
-4.99948e-07
0.000432656
-1.45733e-07
-3.631e-07
0.000409134
-1.09577e-07
-2.68989e-07
0.00037519
-2.08709e-07
0.000332424
2.85504e-08
-3.21634e-06
0.000298599
-1.14022e-07
-2.03693e-06
0.000341078
-2.45944e-07
-1.79108e-06
0.000374587
-2.5669e-07
-1.28131e-06
0.00039772
-2.37451e-07
-9.74743e-07
0.000409526
-2.01233e-07
-7.24637e-07
0.000409526
-1.63806e-07
-5.38802e-07
0.000397721
-1.30194e-07
-3.98232e-07
0.000374591
-1.02688e-07
-2.97973e-07
0.000341093
-2.3226e-07
0.000298669
2.07477e-07
-2.84949e-06
0.000264891
8.5136e-08
-1.91459e-06
0.000306997
-5.78143e-08
-1.64839e-06
0.00034005
-1.12912e-07
-1.2267e-06
0.000362785
-1.35468e-07
-9.52966e-07
0.000374364
-1.34298e-07
-7.26898e-07
0.000374364
-1.22965e-07
-5.51351e-07
0.000362786
-1.07465e-07
-4.15042e-07
0.000340053
-9.17731e-08
-3.14935e-07
0.000307006
-2.47947e-07
0.000264927
4.39474e-07
-2.4792e-06
0.000231205
3.0555e-07
-1.78071e-06
0.000272949
1.37227e-07
-1.4803e-06
0.000305536
4.35497e-08
-1.13353e-06
0.000327865
-1.85103e-08
-8.91662e-07
0.000339211
-5.34358e-08
-6.92886e-07
0.000339211
-7.08811e-08
-5.34951e-07
0.000327866
-7.66688e-08
-4.10385e-07
0.000305538
-7.59203e-08
-3.16714e-07
0.000272955
-2.52377e-07
0.000231223
6.66836e-07
0.000197582
5.04799e-07
0.000238977
3.29708e-07
0.00027108
2.06241e-07
0.000292985
1.09473e-07
0.000304089
3.94755e-08
0.000304089
-8.80423e-09
0.000292986
-3.95546e-08
0.000271082
-5.73622e-08
0.00023898
0.000197591
-7.49839e-06
-1.29212e-05
0.00045605
-2.59698e-06
-4.9028e-06
0.000498611
-1.14862e-06
-1.44918e-06
0.00053472
-6.71785e-07
-4.77427e-07
0.000560436
-4.24559e-07
-2.48186e-07
0.000573747
-2.92897e-07
-1.32908e-07
0.000573732
-2.12031e-07
-8.23107e-08
0.000560378
-1.60613e-07
-5.29605e-08
0.000534511
-1.20694e-07
-4.14183e-08
0.00049776
-3.83918e-08
0.000452317
-9.26685e-07
-7.42634e-06
0.000463193
-1.58707e-06
-4.24267e-06
0.000507026
-1.00137e-06
-2.03518e-06
0.000542695
-6.82678e-07
-7.96715e-07
0.000567819
-4.62715e-07
-4.69078e-07
0.000580783
-3.25391e-07
-2.71442e-07
0.000580779
-2.33815e-07
-1.75345e-07
0.000567803
-1.72134e-07
-1.16325e-07
0.000542637
-1.2699e-07
-8.83473e-08
0.000506814
-7.65197e-08
0.000462475
-7.4386e-08
-4.70534e-06
0.000432688
-1.01107e-06
-3.30576e-06
0.000476751
-8.62678e-07
-2.18375e-06
0.000512034
-6.37565e-07
-1.02225e-06
0.000536733
-4.59059e-07
-6.48394e-07
0.000549444
-3.29038e-07
-4.0254e-07
0.000549444
-2.36742e-07
-2.68835e-07
0.000536731
-1.71269e-07
-1.83205e-07
0.000512028
-1.24621e-07
-1.36483e-07
0.000476748
-1.12176e-07
0.000432931
-1.16566e-07
-3.97486e-06
0.000399523
-6.91419e-07
-2.73084e-06
0.000443233
-7.24542e-07
-2.15069e-06
0.000478091
-5.76105e-07
-1.17104e-06
0.000502399
-4.35828e-07
-7.89318e-07
0.000514881
-3.19741e-07
-5.19506e-07
0.000514882
-2.31941e-07
-3.57706e-07
0.0005024
-1.67156e-07
-2.49198e-07
0.000478096
-1.21295e-07
-1.83545e-07
0.000443268
-1.45776e-07
0.000399818
-1.35374e-07
-3.6988e-06
0.000365958
-4.78708e-07
-2.38743e-06
0.000409242
-5.80927e-07
-2.04855e-06
0.000443655
-4.95036e-07
-1.25728e-06
0.000467573
-3.93062e-07
-8.91789e-07
0.000479829
-2.97405e-07
-6.15944e-07
0.00047983
-2.2016e-07
-4.3583e-07
0.000467574
-1.60892e-07
-3.09478e-07
0.000443662
-1.18116e-07
-2.27354e-07
0.000409276
-1.7731e-07
0.00036617
-9.79899e-08
-3.4906e-06
0.000332296
-3.00422e-07
-2.1849e-06
0.000375166
-4.24983e-07
-1.92409e-06
0.000409129
-3.90589e-07
-1.29194e-06
0.000432655
-3.29246e-07
-9.53602e-07
0.000444686
-2.60495e-07
-6.85319e-07
0.000444687
-2.00044e-07
-4.9701e-07
0.000432656
-1.50976e-07
-3.59432e-07
0.000409135
-1.13863e-07
-2.65324e-07
0.000375191
-2.0588e-07
0.000332425
2.73202e-08
-3.21205e-06
0.000298599
-1.18778e-07
-2.03879e-06
0.000341078
-2.52941e-07
-1.79e-06
0.000374587
-2.64514e-07
-1.28063e-06
0.00039772
-2.45145e-07
-9.73381e-07
0.000409526
-2.08366e-07
-7.22707e-07
0.000409527
-1.70031e-07
-5.36039e-07
0.000397722
-1.35377e-07
-3.94822e-07
0.000374592
-1.06851e-07
-2.94561e-07
0.000341094
-2.29619e-07
0.000298669
2.04844e-07
-2.84501e-06
0.000264891
7.91436e-08
-1.9131e-06
0.000306997
-6.49362e-08
-1.64606e-06
0.00034005
-1.20621e-07
-1.22516e-06
0.000362786
-1.43122e-07
-9.51235e-07
0.000374364
-1.41414e-07
-7.24959e-07
0.000374364
-1.29176e-07
-5.48857e-07
0.000362787
-1.12595e-07
-4.1205e-07
0.000340053
-9.58171e-08
-3.11977e-07
0.000307006
-2.45689e-07
0.000264927
4.35251e-07
-2.4744e-06
0.000231205
2.99451e-07
-1.77732e-06
0.000272949
1.30065e-07
-1.47677e-06
0.000305536
3.56459e-08
-1.13099e-06
0.000327865
-2.63159e-08
-8.89647e-07
0.000339211
-6.06734e-08
-6.91029e-07
0.000339211
-7.71556e-08
-5.32871e-07
0.000327866
-8.17659e-08
-4.08012e-07
0.000305539
-7.98446e-08
-3.14404e-07
0.000272956
-2.50652e-07
0.000231223
6.60965e-07
0.000197582
4.97579e-07
0.000238977
3.21681e-07
0.00027108
1.97764e-07
0.000292985
1.01131e-07
0.000304089
3.17807e-08
0.000304089
-1.54321e-08
0.000292986
-4.48627e-08
0.000271083
-6.13482e-08
0.00023898
0.000197592
-7.51869e-06
-1.29264e-05
0.000456052
-2.60606e-06
-4.91408e-06
0.000498612
-1.15254e-06
-1.45417e-06
0.00053472
-6.74652e-07
-4.78214e-07
0.000560436
-4.27569e-07
-2.47606e-07
0.000573747
-2.95798e-07
-1.3245e-07
0.000573732
-2.15319e-07
-8.12412e-08
0.000560379
-1.64342e-07
-5.17583e-08
0.000534512
-1.24409e-07
-4.06483e-08
0.000497761
-3.84535e-08
0.000452317
-9.41137e-07
-7.42975e-06
0.000463192
-1.59531e-06
-4.26034e-06
0.000507026
-1.00684e-06
-2.04288e-06
0.000542695
-6.86819e-07
-7.98622e-07
0.000567819
-4.66505e-07
-4.68442e-07
0.000580784
-3.28934e-07
-2.7066e-07
0.00058078
-2.37329e-07
-1.73586e-07
0.000567803
-1.75691e-07
-1.14256e-07
0.000542638
-1.30406e-07
-8.6833e-08
0.000506815
-7.61418e-08
0.000462475
-7.95818e-08
-4.70835e-06
0.000432688
-1.01603e-06
-3.32379e-06
0.000476751
-8.67615e-07
-2.19143e-06
0.000512034
-6.41866e-07
-1.02461e-06
0.000536733
-4.62853e-07
-6.47925e-07
0.000549445
-3.32529e-07
-4.0158e-07
0.000549444
-2.39932e-07
-2.66766e-07
0.000536732
-1.74208e-07
-1.80699e-07
0.000512028
-1.2732e-07
-1.34476e-07
0.000476749
-1.11311e-07
0.000432932
-1.15482e-07
-3.97394e-06
0.000399522
-6.93643e-07
-2.74568e-06
0.000443233
-7.28524e-07
-2.15657e-06
0.000478091
-5.80186e-07
-1.17315e-06
0.000502399
-4.39509e-07
-7.88956e-07
0.000514882
-3.23101e-07
-5.18455e-07
0.000514882
-2.34847e-07
-3.55582e-07
0.000502401
-1.69625e-07
-2.46557e-07
0.000478097
-1.23452e-07
-1.81247e-07
0.000443269
-1.44502e-07
0.000399819
-1.29955e-07
-3.69599e-06
0.000365958
-4.79271e-07
-2.39635e-06
0.000409242
-5.84024e-07
-2.05185e-06
0.000443656
-4.98742e-07
-1.25864e-06
0.000467573
-3.96565e-07
-8.91367e-07
0.00047983
-3.00616e-07
-6.14829e-07
0.00047983
-2.22883e-07
-4.33756e-07
0.000467575
-1.63119e-07
-3.06849e-07
0.000443663
-1.19985e-07
-2.24914e-07
0.000409277
-1.75762e-07
0.000366171
-9.26119e-08
-3.48684e-06
0.000332296
-3.00486e-07
-2.18843e-06
0.000375166
-4.27451e-07
-1.92493e-06
0.000409129
-3.93896e-07
-1.29232e-06
0.000432655
-3.32542e-07
-9.52961e-07
0.000444686
-2.63564e-07
-6.84116e-07
0.000444687
-2.0266e-07
-4.95006e-07
0.000432657
-1.53103e-07
-3.5688e-07
0.000409135
-1.15593e-07
-2.62863e-07
0.000375192
-2.04213e-07
0.000332425
3.02338e-08
-3.20698e-06
0.000298599
-1.19083e-07
-2.03911e-06
0.000341078
-2.55062e-07
-1.78897e-06
0.000374588
-2.67503e-07
-1.28001e-06
0.00039772
-2.48254e-07
-9.72412e-07
0.000409526
-2.11307e-07
-7.214e-07
0.000409527
-1.72575e-07
-5.34108e-07
0.000397722
-1.3745e-07
-3.92392e-07
0.000374592
-1.08486e-07
-2.92189e-07
0.000341094
-2.27974e-07
0.00029867
2.06146e-07
-2.84001e-06
0.000264891
7.83132e-08
-1.91127e-06
0.000306997
-6.70466e-08
-1.64368e-06
0.00034005
-1.23462e-07
-1.22368e-06
0.000362786
-1.46133e-07
-9.49906e-07
0.000374364
-1.44285e-07
-7.23555e-07
0.000374365
-1.3167e-07
-5.47025e-07
0.000362787
-1.14605e-07
-4.09812e-07
0.000340053
-9.73521e-08
-3.09797e-07
0.000307007
-2.44163e-07
0.000264928
4.35048e-07
-2.46968e-06
0.000231205
2.97871e-07
-1.77407e-06
0.000272949
1.27708e-07
-1.47352e-06
0.000305536
3.26753e-08
-1.12878e-06
0.000327865
-2.94138e-08
-8.8802e-07
0.000339211
-6.36e-08
-6.89583e-07
0.000339212
-7.96603e-08
-5.31222e-07
0.000327867
-8.37264e-08
-4.06078e-07
0.000305539
-8.12811e-08
-3.12516e-07
0.000272956
-2.49304e-07
0.000231223
6.59082e-07
0.000197582
4.94913e-07
0.000238977
3.18553e-07
0.00027108
1.94286e-07
0.000292985
9.76273e-08
0.000304089
2.85423e-08
0.000304089
-1.8157e-08
0.000292987
-4.69335e-08
0.000271083
-6.27996e-08
0.000238981
0.000197592
-7.53597e-06
-1.29304e-05
0.000456054
-2.61218e-06
-4.92528e-06
0.000498613
-1.1538e-06
-1.45896e-06
0.000534721
-6.75038e-07
-4.7897e-07
0.000560437
-4.28289e-07
-2.47083e-07
0.000573748
-2.9663e-07
-1.32087e-07
0.000573733
-2.16768e-07
-8.03214e-08
0.00056038
-1.66477e-07
-5.07323e-08
0.000534512
-1.26768e-07
-4.00734e-08
0.000497761
-3.86698e-08
0.000452318
-9.5232e-07
-7.43229e-06
0.000463192
-1.60044e-06
-4.27771e-06
0.000507027
-1.00937e-06
-2.05026e-06
0.000542695
-6.88225e-07
-8.00434e-07
0.00056782
-4.67762e-07
-4.67905e-07
0.000580784
-3.30176e-07
-2.70071e-07
0.00058078
-2.38793e-07
-1.72135e-07
0.000567804
-1.77465e-07
-1.12566e-07
0.000542638
-1.32305e-07
-8.57518e-08
0.000506815
-7.61648e-08
0.000462476
-8.19332e-08
-4.71031e-06
0.000432688
-1.01815e-06
-3.34148e-06
0.000476751
-8.69823e-07
-2.19873e-06
0.000512034
-6.43584e-07
-1.02685e-06
0.000536734
-4.64249e-07
-6.47579e-07
0.000549445
-3.33835e-07
-4.00882e-07
0.000549445
-2.4118e-07
-2.65111e-07
0.000536732
-1.75462e-07
-1.78705e-07
0.000512029
-1.28597e-07
-1.33055e-07
0.000476749
-1.11016e-07
0.000432933
-1.1181e-07
-3.97147e-06
0.000399522
-6.93256e-07
-2.76017e-06
0.000443233
-7.29949e-07
-2.16207e-06
0.000478092
-5.81825e-07
-1.17513e-06
0.000502399
-4.40913e-07
-7.88733e-07
0.000514882
-3.24385e-07
-5.17709e-07
0.000514882
-2.35912e-07
-3.53931e-07
0.000502401
-1.70507e-07
-2.44502e-07
0.000478097
-1.24283e-07
-1.79614e-07
0.000443269
-1.43891e-07
0.000399819
-1.21853e-07
-3.692e-06
0.000365958
-4.77363e-07
-2.40474e-06
0.000409242
-5.84658e-07
-2.05481e-06
0.000443656
-5.00082e-07
-1.25988e-06
0.000467573
-3.97857e-07
-8.91094e-07
0.00047983
-3.01812e-07
-6.14037e-07
0.000479831
-2.23824e-07
-4.32173e-07
0.000467575
-1.63817e-07
-3.04829e-07
0.000443663
-1.20587e-07
-2.23159e-07
0.000409277
-1.74904e-07
0.000366171
-8.436e-08
-3.48259e-06
0.000332296
-2.98148e-07
-2.19096e-06
0.000375166
-4.27517e-07
-1.9255e-06
0.000409129
-3.94876e-07
-1.29262e-06
0.000432655
-3.33651e-07
-9.52475e-07
0.000444687
-2.64637e-07
-6.83235e-07
0.000444687
-2.03516e-07
-4.93477e-07
0.000432657
-1.5373e-07
-3.54913e-07
0.000409136
-1.1609e-07
-2.61052e-07
0.000375192
-2.03201e-07
0.000332426
3.52394e-08
-3.20132e-06
0.000298599
-1.17194e-07
-2.03857e-06
0.000341078
-2.54832e-07
-1.78788e-06
0.000374588
-2.68181e-07
-1.27937e-06
0.000397721
-2.49179e-07
-9.71608e-07
0.000409526
-2.12253e-07
-7.20394e-07
0.000409527
-1.73364e-07
-5.32601e-07
0.000397722
-1.38032e-07
-3.90476e-07
0.000374593
-1.08906e-07
-2.90378e-07
0.000341094
-2.26894e-07
0.00029867
2.09414e-07
-2.8346e-06
0.000264891
8.00052e-08
-1.90918e-06
0.000306997
-6.67719e-08
-1.64118e-06
0.00034005
-1.24001e-07
-1.2222e-06
0.000362786
-1.46961e-07
-9.48749e-07
0.000374364
-1.45162e-07
-7.2241e-07
0.000374365
-1.32411e-07
-5.45534e-07
0.000362788
-1.15136e-07
-4.07973e-07
0.000340054
-9.76902e-08
-3.0804e-07
0.000307007
-2.43056e-07
0.000264928
4.36828e-07
-2.46488e-06
0.000231205
2.98457e-07
-1.7708e-06
0.000272949
1.27614e-07
-1.47034e-06
0.000305536
3.20036e-08
-1.12669e-06
0.000327865
-3.03321e-08
-8.86563e-07
0.000339211
-6.453e-08
-6.88344e-07
0.000339212
-8.04119e-08
-5.29803e-07
0.000327867
-8.42125e-08
-4.04386e-07
0.000305539
-8.15302e-08
-3.1087e-07
0.000272956
-2.48171e-07
0.000231223
6.59155e-07
0.000197582
4.94403e-07
0.000238977
3.17696e-07
0.000271081
1.9309e-07
0.000292986
9.63147e-08
0.000304089
2.73215e-08
0.00030409
-1.90997e-08
0.000292987
-4.75013e-08
0.000271083
-6.30491e-08
0.000238981
0.000197592
-7.5517e-06
-1.29338e-05
0.000456055
-2.61695e-06
-4.93618e-06
0.000498615
-1.1539e-06
-1.46355e-06
0.000534721
-6.74349e-07
-4.79643e-07
0.000560437
-4.28011e-07
-2.46543e-07
0.000573748
-2.96552e-07
-1.31738e-07
0.000573733
-2.17398e-07
-7.94505e-08
0.00056038
-1.67895e-07
-4.97733e-08
0.000534513
-1.28515e-07
-3.95746e-08
0.000497761
-3.89265e-08
0.000452318
-9.6183e-07
-7.43445e-06
0.000463192
-1.60415e-06
-4.29443e-06
0.000507027
-1.01061e-06
-2.05729e-06
0.000542695
-6.88428e-07
-8.02075e-07
0.00056782
-4.67897e-07
-4.67326e-07
0.000580784
-3.30388e-07
-2.69502e-07
0.00058078
-2.3933e-07
-1.7077e-07
0.000567804
-1.78427e-07
-1.10999e-07
0.000542638
-1.33513e-07
-8.48169e-08
0.000506816
-7.63063e-08
0.000462476
-8.27385e-08
-4.71195e-06
0.000432688
-1.019e-06
-3.35816e-06
0.000476751
-8.70858e-07
-2.20555e-06
0.000512034
-6.44183e-07
-1.02887e-06
0.000536734
-4.64587e-07
-6.47175e-07
0.000549445
-3.34162e-07
-4.0021e-07
0.000549445
-2.41545e-07
-2.6356e-07
0.000536732
-1.75943e-07
-1.76865e-07
0.000512029
-1.29221e-07
-1.31813e-07
0.000476749
-1.10882e-07
0.000432933
-1.0659e-07
-3.96911e-06
0.000399522
-6.91807e-07
-2.7731e-06
0.000443233
-7.30324e-07
-2.16705e-06
0.000478092
-5.82424e-07
-1.17689e-06
0.000502399
-4.41322e-07
-7.88449e-07
0.000514882
-3.24741e-07
-5.16992e-07
0.000514883
-2.36141e-07
-3.5239e-07
0.000502401
-1.70659e-07
-2.42608e-07
0.000478097
-1.24502e-07
-1.78164e-07
0.00044327
-1.43451e-07
0.000399819
-1.14026e-07
-3.68739e-06
0.000365958
-4.74705e-07
-2.41251e-06
0.000409242
-5.84337e-07
-2.05745e-06
0.000443656
-5.00436e-07
-1.26093e-06
0.000467573
-3.9819e-07
-8.90769e-07
0.00047983
-3.02111e-07
-6.13274e-07
0.000479831
-2.23958e-07
-4.30692e-07
0.000467575
-1.63816e-07
-3.02955e-07
0.000443663
-1.20607e-07
-2.21569e-07
0.000409277
-1.74204e-07
0.000366171
-7.66425e-08
-3.47689e-06
0.000332296
-2.95145e-07
-2.19404e-06
0.000375166
-4.26663e-07
-1.92599e-06
0.000409129
-3.94892e-07
-1.29278e-06
0.000432655
-3.33818e-07
-9.51957e-07
0.000444687
-2.64826e-07
-6.82379e-07
0.000444687
-2.0358e-07
-4.9203e-07
0.000432657
-1.53673e-07
-3.53062e-07
0.000409136
-1.1602e-07
-2.59369e-07
0.000375192
-2.02317e-07
0.000332426
4.1575e-08
-3.19497e-06
0.000298599
-1.14445e-07
-2.0381e-06
0.000341078
-2.53668e-07
-1.7868e-06
0.000374588
-2.67898e-07
-1.27865e-06
0.000397721
-2.49167e-07
-9.70788e-07
0.000409527
-2.12324e-07
-7.19405e-07
0.000409527
-1.73369e-07
-5.31147e-07
0.000397723
-1.37943e-07
-3.88632e-07
0.000374593
-1.08772e-07
-2.88644e-07
0.000341094
-2.25896e-07
0.00029867
2.13752e-07
-2.82886e-06
0.000264891
8.2748e-08
-1.90717e-06
0.000306997
-6.55062e-08
-1.63866e-06
0.00034005
-1.23565e-07
-1.22066e-06
0.000362786
-1.46851e-07
-9.47585e-07
0.000374364
-1.45168e-07
-7.21267e-07
0.000374365
-1.3238e-07
-5.44056e-07
0.000362788
-1.15007e-07
-4.06152e-07
0.000340054
-9.74824e-08
-3.06302e-07
0.000307007
-2.41978e-07
0.000264928
4.39601e-07
-2.46004e-06
0.000231205
3.00012e-07
-1.76764e-06
0.000272949
1.285e-07
-1.4672e-06
0.000305536
3.23235e-08
-1.12461e-06
0.000327865
-3.03104e-08
-8.851e-07
0.000339211
-6.45962e-08
-6.87082e-07
0.000339212
-8.04023e-08
-5.28348e-07
0.000327867
-8.40511e-08
-4.02652e-07
0.000305539
-8.12432e-08
-3.09179e-07
0.000272956
-2.4701e-07
0.000231223
6.60197e-07
0.000197582
4.94886e-07
0.000238977
3.17853e-07
0.000271081
1.92892e-07
0.000292986
9.59493e-08
0.000304089
2.69668e-08
0.00030409
-1.9278e-08
0.000292987
-4.74171e-08
0.000271083
-6.27585e-08
0.000238981
0.000197592
-7.56681e-06
-1.2937e-05
0.000456057
-2.62117e-06
-4.9471e-06
0.000498616
-1.15344e-06
-1.46817e-06
0.000534722
-6.73098e-07
-4.80384e-07
0.000560437
-4.27157e-07
-2.46074e-07
0.000573748
-2.95903e-07
-1.31447e-07
0.000573733
-2.17473e-07
-7.86269e-08
0.00056038
-1.68791e-07
-4.88418e-08
0.000534513
-1.29789e-07
-3.9082e-08
0.000497762
-3.91702e-08
0.000452318
-9.70714e-07
-7.43651e-06
0.000463192
-1.60729e-06
-4.31113e-06
0.000507027
-1.01123e-06
-2.06438e-06
0.000542696
-6.88011e-07
-8.03806e-07
0.00056782
-4.67408e-07
-4.66852e-07
0.000580784
-3.29987e-07
-2.69029e-07
0.00058078
-2.39279e-07
-1.69494e-07
0.000567804
-1.78842e-07
-1.09501e-07
0.000542638
-1.34231e-07
-8.39267e-08
0.000506816
-7.64558e-08
0.000462476
-8.30467e-08
-4.71351e-06
0.000432688
-1.01934e-06
-3.37482e-06
0.000476751
-8.71333e-07
-2.21247e-06
0.000512034
-6.44201e-07
-1.03101e-06
0.000536734
-4.64341e-07
-6.46901e-07
0.000549445
-3.33915e-07
-3.9966e-07
0.000549445
-2.41364e-07
-2.62127e-07
0.000536732
-1.7592e-07
-1.75123e-07
0.000512029
-1.29399e-07
-1.30643e-07
0.00047675
-1.10778e-07
0.000432933
-1.01008e-07
-3.96685e-06
0.000399522
-6.89895e-07
-2.7861e-06
0.000443233
-7.30181e-07
-2.17217e-06
0.000478092
-5.82475e-07
-1.17878e-06
0.000502399
-4.41175e-07
-7.88314e-07
0.000514882
-3.24553e-07
-5.16415e-07
0.000514883
-2.35855e-07
-3.50981e-07
0.000502401
-1.70342e-07
-2.40827e-07
0.000478097
-1.24312e-07
-1.76801e-07
0.00044327
-1.43062e-07
0.000399819
-1.05905e-07
-3.68297e-06
0.000365958
-4.71608e-07
-2.42048e-06
0.000409242
-5.83521e-07
-2.06026e-06
0.000443656
-5.00254e-07
-1.26216e-06
0.000467573
-3.97973e-07
-8.90611e-07
0.00047983
-3.0187e-07
-6.12662e-07
0.000479831
-2.23585e-07
-4.29349e-07
0.000467575
-1.63358e-07
-3.01199e-07
0.000443663
-1.20232e-07
-2.20072e-07
0.000409277
-1.73568e-07
0.000366171
-6.86387e-08
-3.47146e-06
0.000332296
-2.9171e-07
-2.19743e-06
0.000375166
-4.25313e-07
-1.92669e-06
0.000409129
-3.94362e-07
-1.29314e-06
0.000432655
-3.33419e-07
-9.51617e-07
0.000444687
-2.64461e-07
-6.81676e-07
0.000444687
-2.03125e-07
-4.90716e-07
0.000432657
-1.53152e-07
-3.51322e-07
0.000409136
-1.15554e-07
-2.57776e-07
0.000375192
-2.01505e-07
0.000332426
4.82304e-08
-3.18898e-06
0.000298599
-1.11276e-07
-2.03799e-06
0.000341078
-2.51983e-07
-1.78599e-06
0.000374588
-2.67041e-07
-1.27815e-06
0.000397721
-2.48563e-07
-9.70147e-07
0.000409527
-2.11816e-07
-7.18558e-07
0.000409527
-1.72835e-07
-5.29812e-07
0.000397723
-1.37375e-07
-3.86883e-07
0.000374593
-1.08233e-07
-2.86989e-07
0.000341094
-2.24972e-07
0.00029867
2.18465e-07
-2.82352e-06
0.000264891
8.59823e-08
-1.90556e-06
0.000306997
-6.36723e-08
-1.63641e-06
0.00034005
-1.22518e-07
-1.21933e-06
0.000362786
-1.46113e-07
-9.4659e-07
0.000374364
-1.44562e-07
-7.20248e-07
0.000374365
-1.3178e-07
-5.42671e-07
0.000362788
-1.1438e-07
-4.044e-07
0.000340054
-9.68611e-08
-3.04621e-07
0.000307007
-2.40968e-07
0.000264928
4.42811e-07
-2.4556e-06
0.000231205
3.0208e-07
-1.76486e-06
0.000272949
1.2998e-07
-1.46433e-06
0.000305536
3.33037e-08
-1.12275e-06
0.000327865
-2.9613e-08
-8.83785e-07
0.000339211
-6.40045e-08
-6.85918e-07
0.000339212
-7.97894e-08
-5.26951e-07
0.000327867
-8.33693e-08
-4.00948e-07
0.000305539
-8.05381e-08
-3.0751e-07
0.000272956
-2.45899e-07
0.000231224
6.61725e-07
0.000197582
4.95935e-07
0.000238977
3.18665e-07
0.000271081
1.93412e-07
0.000292986
9.63261e-08
0.000304089
2.7334e-08
0.00030409
-1.87974e-08
0.000292987
-4.67748e-08
0.000271083
-6.20391e-08
0.000238981
0.000197592
-7.58166e-06
-1.29403e-05
0.000456058
-2.62504e-06
-4.95803e-06
0.000498618
-1.15265e-06
-1.47285e-06
0.000534722
-6.715e-07
-4.81191e-07
0.000560437
-4.25956e-07
-2.45683e-07
0.000573748
-2.94917e-07
-1.3123e-07
0.000573733
-2.17227e-07
-7.78783e-08
0.00056038
-1.69387e-07
-4.79806e-08
0.000534513
-1.30786e-07
-3.86532e-08
0.000497762
-3.94724e-08
0.000452318
-9.79277e-07
-7.43854e-06
0.000463192
-1.61007e-06
-4.32781e-06
0.000507028
-1.0115e-06
-2.07156e-06
0.000542696
-6.87228e-07
-8.05649e-07
0.00056782
-4.66558e-07
-4.66513e-07
0.000580784
-3.29242e-07
-2.68691e-07
0.00058078
-2.38906e-07
-1.68355e-07
0.000567804
-1.78958e-07
-1.08138e-07
0.000542639
-1.34673e-07
-8.31656e-08
0.000506816
-7.67318e-08
0.000462476
-8.31181e-08
-4.71505e-06
0.000432688
-1.01936e-06
-3.39152e-06
0.000476751
-8.71469e-07
-2.21953e-06
0.000512034
-6.43876e-07
-1.0333e-06
0.000536734
-4.63762e-07
-6.46804e-07
0.000549445
-3.33357e-07
-3.9929e-07
0.000549445
-2.40899e-07
-2.60878e-07
0.000536732
-1.7564e-07
-1.73568e-07
0.000512029
-1.29341e-07
-1.29662e-07
0.00047675
-1.10864e-07
0.000432933
-9.52757e-08
-3.96471e-06
0.000399522
-6.87708e-07
-2.79923e-06
0.000443233
-7.29723e-07
-2.17747e-06
0.000478092
-5.82201e-07
-1.18087e-06
0.0005024
-4.40715e-07
-7.88388e-07
0.000514882
-3.24075e-07
-5.16048e-07
0.000514883
-2.3531e-07
-3.49791e-07
0.000502401
-1.69795e-07
-2.39271e-07
0.000478098
-1.23914e-07
-1.75677e-07
0.00044327
-1.42912e-07
0.000399819
-9.76721e-08
-3.67882e-06
0.000365958
-4.68265e-07
-2.42869e-06
0.000409242
-5.82409e-07
-2.0633e-06
0.000443656
-4.99758e-07
-1.2636e-06
0.000467573
-3.97451e-07
-8.90684e-07
0.00047983
-3.01347e-07
-6.12281e-07
0.000479831
-2.2296e-07
-4.28247e-07
0.000467575
-1.62679e-07
-2.99697e-07
0.000443663
-1.19661e-07
-2.18849e-07
0.000409278
-1.7321e-07
0.000366171
-6.05217e-08
-3.46643e-06
0.000332296
-2.88041e-07
-2.20115e-06
0.000375166
-4.23672e-07
-1.92767e-06
0.000409129
-3.93516e-07
-1.29376e-06
0.000432655
-3.32711e-07
-9.51525e-07
0.000444687
-2.63809e-07
-6.81216e-07
0.000444688
-2.02414e-07
-4.89656e-07
0.000432657
-1.52407e-07
-3.49853e-07
0.000409136
-1.14893e-07
-2.56477e-07
0.000375192
-2.00992e-07
0.000332426
5.50352e-08
-3.18348e-06
0.000298599
-1.07878e-07
-2.03826e-06
0.000341078
-2.49996e-07
-1.78551e-06
0.000374588
-2.65857e-07
-1.27792e-06
0.000397721
-2.47637e-07
-9.69761e-07
0.000409527
-2.11005e-07
-7.17959e-07
0.000409527
-1.7203e-07
-5.28732e-07
0.000397723
-1.36572e-07
-3.8541e-07
0.000374593
-1.07496e-07
-2.85634e-07
0.000341094
-2.24349e-07
0.00029867
2.23388e-07
-2.81866e-06
0.000264891
8.94942e-08
-1.90435e-06
0.000306997
-6.1513e-08
-1.63452e-06
0.00034005
-1.21127e-07
-1.21828e-06
0.000362786
-1.45032e-07
-9.45851e-07
0.000374365
-1.43632e-07
-7.1947e-07
0.000374365
-1.30891e-07
-5.41533e-07
0.000362788
-1.13505e-07
-4.02911e-07
0.000340054
-9.60427e-08
-3.03222e-07
0.000307007
-2.40234e-07
0.000264928
4.46296e-07
-2.45159e-06
0.000231205
3.04465e-07
-1.76248e-06
0.00027295
1.31804e-07
-1.46181e-06
0.000305536
3.46543e-08
-1.12116e-06
0.000327865
-2.85443e-08
-8.82716e-07
0.000339211
-6.30593e-08
-6.84979e-07
0.000339212
-7.88594e-08
-5.25774e-07
0.000327867
-8.24241e-08
-3.99473e-07
0.000305539
-7.96389e-08
-3.06077e-07
0.000272956
-2.45009e-07
0.000231224
6.63575e-07
0.000197583
4.9733e-07
0.000238977
3.19857e-07
0.000271081
1.94339e-07
0.000292986
9.71185e-08
0.000304089
2.81013e-08
0.00030409
-1.796e-08
0.000292987
-4.58459e-08
0.000271083
-6.11233e-08
0.000238981
0.000197592
-7.59579e-06
-1.29426e-05
0.000456059
-2.62843e-06
-4.96879e-06
0.000498619
-1.15151e-06
-1.47739e-06
0.000534723
-6.69657e-07
-4.81913e-07
0.000560437
-4.24594e-07
-2.45248e-07
0.000573748
-2.93849e-07
-1.31002e-07
0.000573733
-2.16965e-07
-7.71553e-08
0.00056038
-1.70018e-07
-4.71792e-08
0.000534513
-1.31852e-07
-3.83112e-08
0.000497762
-3.98409e-08
0.000452318
-9.87128e-07
-7.43973e-06
0.000463192
-1.61238e-06
-4.34415e-06
0.000507028
-1.0114e-06
-2.07852e-06
0.000542696
-6.8618e-07
-8.07366e-07
0.00056782
-4.65526e-07
-4.66113e-07
0.000580785
-3.28389e-07
-2.68336e-07
0.000580781
-2.3849e-07
-1.67246e-07
0.000567805
-1.79083e-07
-1.06844e-07
0.000542639
-1.35154e-07
-8.25078e-08
0.000506816
-7.7123e-08
0.000462477
-8.2647e-08
-4.71565e-06
0.000432688
-1.01896e-06
-3.40781e-06
0.000476752
-8.71262e-07
-2.22632e-06
0.000512035
-6.43287e-07
-1.03543e-06
0.000536734
-4.62997e-07
-6.46631e-07
0.000549445
-3.32682e-07
-3.98898e-07
0.000549445
-2.40379e-07
-2.59659e-07
0.000536733
-1.75356e-07
-1.72086e-07
0.000512029
-1.29308e-07
-1.28793e-07
0.00047675
-1.11086e-07
0.000432933
-8.90941e-08
-3.9616e-06
0.000399522
-6.85141e-07
-2.81193e-06
0.000443233
-7.28944e-07
-2.1825e-06
0.000478092
-5.81672e-07
-1.18279e-06
0.0005024
-4.40068e-07
-7.88377e-07
0.000514882
-3.23476e-07
-5.15657e-07
0.000514883
-2.34702e-07
-3.48627e-07
0.000502401
-1.69234e-07
-2.37788e-07
0.000478098
-1.2353e-07
-1.74663e-07
0.00044327
-1.429e-07
0.00039982
-8.90826e-08
-3.67395e-06
0.000365958
-4.64586e-07
-2.43651e-06
0.000409242
-5.80996e-07
-2.06609e-06
0.000443656
-4.99014e-07
-1.2649e-06
0.000467573
-3.96747e-07
-8.90672e-07
0.00047983
-3.00707e-07
-6.11871e-07
0.000479831
-2.22277e-07
-4.27167e-07
0.000467576
-1.61986e-07
-2.98262e-07
0.000443663
-1.19103e-07
-2.17731e-07
0.000409278
-1.72975e-07
0.000366171
-5.20934e-08
-3.46091e-06
0.000332296
-2.84061e-07
-2.20454e-06
0.000375166
-4.21747e-07
-1.92843e-06
0.000409129
-3.92439e-07
-1.29424e-06
0.000432655
-3.31834e-07
-9.51353e-07
0.000444687
-2.63052e-07
-6.80726e-07
0.000444688
-2.01655e-07
-4.88613e-07
0.000432658
-1.51657e-07
-3.48445e-07
0.000409136
-1.14252e-07
-2.55272e-07
0.000375192
-2.00575e-07
0.000332426
6.21389e-08
-3.17764e-06
0.000298599
-1.04199e-07
-2.03824e-06
0.000341078
-2.47744e-07
-1.78487e-06
0.000374588
-2.64458e-07
-1.27758e-06
0.000397721
-2.46558e-07
-9.69308e-07
0.000409527
-2.10106e-07
-7.17334e-07
0.000409527
-1.7119e-07
-5.27666e-07
0.000397723
-1.35775e-07
-3.83986e-07
0.000374593
-1.06791e-07
-2.84352e-07
0.000341095
-2.23788e-07
0.00029867
2.28613e-07
-2.81357e-06
0.000264891
9.33135e-08
-1.90296e-06
0.000306997
-5.90868e-08
-1.63253e-06
0.00034005
-1.19539e-07
-1.21714e-06
0.000362786
-1.43819e-07
-9.4506e-07
0.000374365
-1.42632e-07
-7.18672e-07
0.000374365
-1.29984e-07
-5.40404e-07
0.000362788
-1.12651e-07
-4.01457e-07
0.000340054
-9.5265e-08
-3.01874e-07
0.000307007
-2.39529e-07
0.000264928
4.501e-07
-2.44747e-06
0.000231205
3.07154e-07
-1.76001e-06
0.00027295
1.33871e-07
-1.45923e-06
0.000305536
3.61821e-08
-1.11953e-06
0.000327866
-2.73675e-08
-8.81615e-07
0.000339212
-6.20696e-08
-6.84027e-07
0.000339212
-7.79344e-08
-5.24606e-07
0.000327867
-8.15135e-08
-3.98023e-07
0.00030554
-7.87823e-08
-3.04673e-07
0.000272956
-2.44115e-07
0.000231224
6.65765e-07
0.000197583
4.99029e-07
0.000238977
3.21277e-07
0.000271081
1.95416e-07
0.000292986
9.79825e-08
0.000304089
2.88742e-08
0.00030409
-1.71622e-08
0.000292987
-4.49762e-08
0.000271083
-6.02538e-08
0.000238981
0.000197592
-7.60939e-06
-1.29445e-05
0.00045606
-2.63129e-06
-4.97953e-06
0.00049862
-1.14989e-06
-1.48184e-06
0.000534723
-6.67381e-07
-4.82584e-07
0.000560437
-4.22838e-07
-2.44769e-07
0.000573748
-2.92433e-07
-1.30728e-07
0.000573734
-2.16408e-07
-7.63855e-08
0.00056038
-1.70415e-07
-4.63291e-08
0.000534513
-1.32754e-07
-3.792e-08
0.000497762
-4.01724e-08
0.000452319
-9.94299e-07
-7.4404e-06
0.000463192
-1.61413e-06
-4.3603e-06
0.000507029
-1.0108e-06
-2.08532e-06
0.000542696
-6.8467e-07
-8.08975e-07
0.00056782
-4.64067e-07
-4.65631e-07
0.000580785
-3.27152e-07
-2.67911e-07
0.000580781
-2.37745e-07
-1.66076e-07
0.000567805
-1.78945e-07
-1.05495e-07
0.000542639
-1.35451e-07
-8.17947e-08
0.000506817
-7.74458e-08
0.000462477
-8.15655e-08
-4.71564e-06
0.000432688
-1.01801e-06
-3.42382e-06
0.000476752
-8.70551e-07
-2.23289e-06
0.000512035
-6.42223e-07
-1.03743e-06
0.000536734
-4.61784e-07
-6.46354e-07
0.000549446
-3.31599e-07
-3.98421e-07
0.000549445
-2.39503e-07
-2.58369e-07
0.000536733
-1.7478e-07
-1.70539e-07
0.00051203
-1.29065e-07
-1.27853e-07
0.00047675
-1.11214e-07
0.000432933
-8.2306e-08
-3.95775e-06
0.000399522
-6.82037e-07
-2.82426e-06
0.000443233
-7.27652e-07
-2.18727e-06
0.000478092
-5.80652e-07
-1.18454e-06
0.0005024
-4.38957e-07
-7.88248e-07
0.000514883
-3.22449e-07
-5.15172e-07
0.000514883
-2.33719e-07
-3.47385e-07
0.000502402
-1.68362e-07
-2.36231e-07
0.000478098
-1.22918e-07
-1.73563e-07
0.00044327
-1.42773e-07
0.00039982
-7.99014e-08
-3.66844e-06
0.000365958
-4.60383e-07
-2.44387e-06
0.000409242
-5.79057e-07
-2.06862e-06
0.000443656
-4.97763e-07
-1.26601e-06
0.000467573
-3.95561e-07
-8.90533e-07
0.00047983
-2.99621e-07
-6.11363e-07
0.000479831
-2.21201e-07
-4.26002e-07
0.000467576
-1.6097e-07
-2.96742e-07
0.000443664
-1.18306e-07
-2.16508e-07
0.000409278
-1.72606e-07
0.000366172
-4.30939e-08
-3.45485e-06
0.000332296
-2.79561e-07
-2.20742e-06
0.000375166
-4.19281e-07
-1.92896e-06
0.000409129
-3.90832e-07
-1.29454e-06
0.000432655
-3.30453e-07
-9.51048e-07
0.000444687
-2.61829e-07
-6.80133e-07
0.000444688
-2.00486e-07
-4.87475e-07
0.000432658
-1.50571e-07
-3.46935e-07
0.000409136
-1.13363e-07
-2.53943e-07
0.000375193
-2.0001e-07
0.000332426
6.97786e-08
-3.17131e-06
0.000298599
-1.00005e-07
-2.03771e-06
0.000341078
-2.44926e-07
-1.78406e-06
0.000374588
-2.62506e-07
-1.27707e-06
0.000397721
-2.44953e-07
-9.6872e-07
0.000409527
-2.08723e-07
-7.16598e-07
0.000409528
-1.69928e-07
-5.26493e-07
0.000397723
-1.34632e-07
-3.82444e-07
0.000374593
-1.05826e-07
-2.82927e-07
0.000341095
-2.2307e-07
0.000298671
2.34312e-07
-2.80806e-06
0.000264891
9.7844e-08
-1.9013e-06
0.000306997
-5.60686e-08
-1.63026e-06
0.00034005
-1.17378e-07
-1.21583e-06
0.000362786
-1.4206e-07
-9.44139e-07
0.000374365
-1.41133e-07
-7.17758e-07
0.000374365
-1.28643e-07
-5.39157e-07
0.000362788
-1.11439e-07
-3.99871e-07
0.000340054
-9.42125e-08
-3.0037e-07
0.000307007
-2.38665e-07
0.000264928
4.54404e-07
-2.44309e-06
0.000231205
3.1038e-07
-1.75733e-06
0.00027295
1.36529e-07
-1.45646e-06
0.000305536
3.8305e-08
-1.11775e-06
0.000327866
-2.56291e-08
-8.80388e-07
0.000339212
-6.05688e-08
-6.82957e-07
0.000339212
-7.6564e-08
-5.23311e-07
0.000327867
-8.02328e-08
-3.96432e-07
0.00030554
-7.76317e-08
-3.03112e-07
0.000272956
-2.43079e-07
0.000231224
6.6844e-07
0.000197583
5.01284e-07
0.000238977
3.23299e-07
0.000271081
1.9709e-07
0.000292986
9.94135e-08
0.00030409
3.01633e-08
0.00030409
-1.5909e-08
0.000292987
-4.37161e-08
0.000271083
-5.90596e-08
0.000238981
0.000197592
-7.62221e-06
-1.29461e-05
0.000456061
-2.6333e-06
-4.99036e-06
0.000498622
-1.14748e-06
-1.48636e-06
0.000534724
-6.6433e-07
-4.83359e-07
0.000560438
-4.20334e-07
-2.44403e-07
0.000573749
-2.90309e-07
-1.30559e-07
0.000573734
-2.15187e-07
-7.57142e-08
0.000560381
-1.70203e-07
-4.55641e-08
0.000534514
-1.33114e-07
-3.75965e-08
0.000497763
-4.05675e-08
0.000452319
-1.00049e-06
-7.44096e-06
0.000463192
-1.61498e-06
-4.37649e-06
0.000507029
-1.00936e-06
-2.09219e-06
0.000542697
-6.82347e-07
-8.10728e-07
0.000567821
-4.61833e-07
-4.65323e-07
0.000580785
-3.25184e-07
-2.67661e-07
0.000580781
-2.3632e-07
-1.6508e-07
0.000567805
-1.78188e-07
-1.0431e-07
0.00054264
-1.35207e-07
-8.12265e-08
0.000506817
-7.78776e-08
0.000462478
-7.95279e-08
-4.7156e-06
0.000432688
-1.01612e-06
-3.43988e-06
0.000476752
-8.68949e-07
-2.23953e-06
0.000512035
-6.40315e-07
-1.03958e-06
0.000536735
-4.59775e-07
-6.46289e-07
0.000549446
-3.29769e-07
-3.98171e-07
0.000549446
-2.37937e-07
-2.57312e-07
0.000536733
-1.73581e-07
-1.69221e-07
0.00051203
-1.28283e-07
-1.2712e-07
0.000476751
-1.11497e-07
0.000432934
-7.44733e-08
-3.95385e-06
0.000399522
-6.77949e-07
-2.83661e-06
0.000443234
-7.25428e-07
-2.1921e-06
0.000478092
-5.78755e-07
-1.18646e-06
0.0005024
-4.37024e-07
-7.88351e-07
0.000514883
-3.20657e-07
-5.14946e-07
0.000514884
-2.32034e-07
-3.46418e-07
0.000502402
-1.66864e-07
-2.34949e-07
0.000478098
-1.2177e-07
-1.72717e-07
0.000443271
-1.42842e-07
0.00039982
-6.95964e-08
-3.66284e-06
0.000365958
-4.55173e-07
-2.45115e-06
0.000409242
-5.76145e-07
-2.0712e-06
0.000443656
-4.95595e-07
-1.26727e-06
0.000467574
-3.93514e-07
-8.90627e-07
0.000479831
-2.97738e-07
-6.11128e-07
0.000479832
-2.19399e-07
-4.25134e-07
0.000467576
-1.59312e-07
-2.95523e-07
0.000443664
-1.16965e-07
-2.15566e-07
0.000409278
-1.72469e-07
0.000366172
-3.29801e-08
-3.44865e-06
0.000332296
-2.74038e-07
-2.21013e-06
0.000375166
-4.15808e-07
-1.92953e-06
0.00040913
-3.88259e-07
-1.29497e-06
0.000432656
-3.28162e-07
-9.50966e-07
0.000444687
-2.59763e-07
-6.79809e-07
0.000444688
-1.98556e-07
-4.86635e-07
0.000432658
-1.48818e-07
-3.45732e-07
0.000409137
-1.11913e-07
-2.52902e-07
0.000375193
-1.997e-07
0.000332427
7.84477e-08
-3.16475e-06
0.000298599
-9.48358e-08
-2.03693e-06
0.000341078
-2.41078e-07
-1.78335e-06
0.000374588
-2.59536e-07
-1.27668e-06
0.000397721
-2.42381e-07
-9.68333e-07
0.000409527
-2.06445e-07
-7.16109e-07
0.000409528
-1.6786e-07
-5.25597e-07
0.000397723
-1.3279e-07
-3.81191e-07
0.000374594
-1.0428e-07
-2.81778e-07
0.000341095
-2.22613e-07
0.000298671
2.40936e-07
-2.80236e-06
0.000264891
1.03502e-07
-1.89956e-06
0.000306997
-5.19471e-08
-1.62804e-06
0.00034005
-1.1414e-07
-1.21461e-06
0.000362786
-1.39268e-07
-9.43385e-07
0.000374365
-1.38673e-07
-7.17051e-07
0.000374366
-1.26442e-07
-5.38142e-07
0.000362788
-1.09491e-07
-3.98528e-07
0.000340055
-9.25573e-08
-2.99105e-07
0.000307008
-2.38044e-07
0.000264929
4.59591e-07
-2.43862e-06
0.000231205
3.14634e-07
-1.75464e-06
0.00027295
1.40273e-07
-1.45373e-06
0.000305537
4.15564e-08
-1.11608e-06
0.000327866
-2.27887e-08
-8.79295e-07
0.000339212
-5.80346e-08
-6.82042e-07
0.000339212
-7.42679e-08
-5.22184e-07
0.000327868
-7.8164e-08
-3.95012e-07
0.00030554
-7.58519e-08
-3.01719e-07
0.000272957
-2.42228e-07
0.000231224
6.71968e-07
0.000197583
5.04543e-07
0.000238977
3.26436e-07
0.000271081
1.99939e-07
0.000292986
1.02022e-07
0.00030409
3.25753e-08
0.00030409
-1.36382e-08
0.000292988
-4.15895e-08
0.000271084
-5.71848e-08
0.000238981
0.000197592
-7.63283e-06
-1.29458e-05
0.000456062
-2.6335e-06
-5.00077e-06
0.000498623
-1.14359e-06
-1.49065e-06
0.000534725
-6.60025e-07
-4.84092e-07
0.000560438
-4.16767e-07
-2.44104e-07
0.000573749
-2.87285e-07
-1.30542e-07
0.000573735
-2.13197e-07
-7.52683e-08
0.000560382
-1.69318e-07
-4.50775e-08
0.000534515
-1.32872e-07
-3.75801e-08
0.000497764
-4.12084e-08
0.00045232
-1.00423e-06
-7.4398e-06
0.000463192
-1.61397e-06
-4.39178e-06
0.00050703
-1.00635e-06
-2.09873e-06
0.000542697
-6.78705e-07
-8.12451e-07
0.000567821
-4.58477e-07
-4.65159e-07
0.000580786
-3.22265e-07
-2.6767e-07
0.000580782
-2.34082e-07
-1.64438e-07
0.000567806
-1.76725e-07
-1.0355e-07
0.000542641
-1.34336e-07
-8.11209e-08
0.000506818
-7.87294e-08
0.000462479
-7.53236e-08
-4.71379e-06
0.000432688
-1.01233e-06
-3.45487e-06
0.000476752
-8.65727e-07
-2.24575e-06
0.000512035
-6.37018e-07
-1.0417e-06
0.000536735
-4.56577e-07
-6.46414e-07
0.000549447
-3.26922e-07
-3.98258e-07
0.000549447
-2.35502e-07
-2.56706e-07
0.000536734
-1.71633e-07
-1.68438e-07
0.000512031
-1.26851e-07
-1.26963e-07
0.000476752
-1.12314e-07
0.000432935
-6.45729e-08
-3.94799e-06
0.000399522
-6.71963e-07
-2.84782e-06
0.000443234
-7.21534e-07
-2.19644e-06
0.000478093
-5.75408e-07
-1.18833e-06
0.000502401
-4.3384e-07
-7.88667e-07
0.000514884
-3.17793e-07
-5.15107e-07
0.000514884
-2.29434e-07
-3.45967e-07
0.000502403
-1.64585e-07
-2.34275e-07
0.000478099
-1.19957e-07
-1.72518e-07
0.000443272
-1.43514e-07
0.000399821
-5.74351e-08
-3.65541e-06
0.000365958
-4.48046e-07
-2.45746e-06
0.000409242
-5.71523e-07
-2.07324e-06
0.000443657
-4.91923e-07
-1.26845e-06
0.000467574
-3.90165e-07
-8.90939e-07
0.000479831
-2.94739e-07
-6.11301e-07
0.000479832
-2.1665e-07
-4.24813e-07
0.000467577
-1.56852e-07
-2.94949e-07
0.000443665
-1.14953e-07
-2.15307e-07
0.000409279
-1.72965e-07
0.000366173
-2.0983e-08
-3.44097e-06
0.000332296
-2.66685e-07
-2.21191e-06
0.000375166
-4.10606e-07
-1.92962e-06
0.00040913
-3.84134e-07
-1.29533e-06
0.000432656
-3.24518e-07
-9.51089e-07
0.000444688
-2.56541e-07
-6.79883e-07
0.000444689
-1.9565e-07
-4.86337e-07
0.000432659
-1.4625e-07
-3.45171e-07
0.000409137
-1.09789e-07
-2.52541e-07
0.000375194
-2.00019e-07
0.000332427
8.88885e-08
-3.157e-06
0.000298599
-8.79942e-08
-2.03524e-06
0.000341078
-2.35497e-07
-1.78235e-06
0.000374588
-2.54965e-07
-1.27626e-06
0.000397722
-2.38402e-07
-9.68128e-07
0.000409528
-2.02961e-07
-7.15982e-07
0.000409529
-1.64782e-07
-5.25201e-07
0.000397724
-1.30118e-07
-3.80533e-07
0.000374594
-1.02061e-07
-2.81264e-07
0.000341096
-2.22748e-07
0.000298672
2.49169e-07
-2.79579e-06
0.000264891
1.11055e-07
-1.8973e-06
0.000306997
-4.60075e-08
-1.62559e-06
0.000340051
-1.09253e-07
-1.21333e-06
0.000362787
-1.35009e-07
-9.42785e-07
0.000374366
-1.34954e-07
-7.16645e-07
0.000374366
-1.23189e-07
-5.37547e-07
0.000362789
-1.06689e-07
-3.97692e-07
0.000340055
-9.02237e-08
-2.98381e-07
0.000307008
-2.37934e-07
0.000264929
4.66341e-07
-2.43366e-06
0.000231205
3.20603e-07
-1.75171e-06
0.00027295
1.45745e-07
-1.45093e-06
0.000305537
4.64883e-08
-1.11444e-06
0.000327866
-1.84204e-08
-8.78338e-07
0.000339212
-5.4169e-08
-6.81355e-07
0.000339213
-7.08579e-08
-5.21364e-07
0.000327868
-7.5199e-08
-3.93963e-07
0.000305541
-7.33765e-08
-3.0072e-07
0.000272957
-2.41746e-07
0.000231225
6.77022e-07
0.000197583
5.0948e-07
0.000238977
3.31301e-07
0.000271081
2.04479e-07
0.000292986
1.06205e-07
0.00030409
3.63891e-08
0.000304091
-1.01759e-08
0.000292988
-3.85021e-08
0.000271084
-5.45683e-08
0.000238982
0.000197593
-7.63936e-06
-1.29421e-05
0.000456062
-2.63027e-06
-5.0105e-06
0.000498625
-1.13673e-06
-1.49454e-06
0.000534726
-6.53047e-07
-4.84737e-07
0.00056044
-4.10782e-07
-2.43859e-07
0.000573751
-2.82101e-07
-1.30658e-07
0.000573737
-2.09306e-07
-7.50206e-08
0.000560384
-1.66801e-07
-4.48278e-08
0.000534518
-1.31271e-07
-3.78267e-08
0.000497767
-4.21043e-08
0.000452323
-1.00339e-06
-7.43512e-06
0.000463192
-1.60943e-06
-4.40536e-06
0.00050703
-1.00025e-06
-2.10457e-06
0.000542698
-6.72276e-07
-8.13999e-07
0.000567822
-4.52599e-07
-4.65105e-07
0.000580787
-3.17088e-07
-2.67957e-07
0.000580784
-2.29864e-07
-1.64205e-07
0.000567808
-1.73567e-07
-1.03285e-07
0.000542643
-1.32075e-07
-8.15489e-08
0.000506821
-8.00391e-08
0.000462481
-6.70904e-08
-4.70825e-06
0.000432688
-1.00498e-06
-3.46773e-06
0.000476752
-8.59292e-07
-2.25104e-06
0.000512036
-6.30802e-07
-1.04357e-06
0.000536736
-4.50729e-07
-6.46687e-07
0.000549448
-3.21705e-07
-3.98734e-07
0.000549448
-2.30994e-07
-2.56668e-07
0.000536736
-1.67926e-07
-1.6834e-07
0.000512033
-1.23999e-07
-1.27531e-07
0.000476754
-1.13739e-07
0.000432937
-5.08455e-08
-3.93815e-06
0.000399522
-6.62376e-07
-2.85671e-06
0.000443234
-7.14321e-07
-2.1997e-06
0.000478093
-5.69017e-07
-1.18988e-06
0.000502402
-4.27891e-07
-7.89146e-07
0.000514885
-3.12461e-07
-5.15728e-07
0.000514886
-2.24687e-07
-3.4619e-07
0.000502405
-1.605e-07
-2.34415e-07
0.000478101
-1.16702e-07
-1.73166e-07
0.000443274
-1.44897e-07
0.000399823
-4.17396e-08
-3.64464e-06
0.000365958
-4.37314e-07
-2.46156e-06
0.000409242
-5.63489e-07
-2.07414e-06
0.000443657
-4.85083e-07
-1.26929e-06
0.000467575
-3.83933e-07
-8.91407e-07
0.000479833
-2.89177e-07
-6.11957e-07
0.000479834
-2.11685e-07
-4.25215e-07
0.000467579
-1.52548e-07
-2.95252e-07
0.000443667
-1.11481e-07
-2.15955e-07
0.000409281
-1.74226e-07
0.000366175
-5.72047e-09
-3.4305e-06
0.000332296
-2.55718e-07
-2.2119e-06
0.000375167
-4.01902e-07
-1.92857e-06
0.000409131
-3.76708e-07
-1.29533e-06
0.000432657
-3.17864e-07
-9.5134e-07
0.000444689
-2.50652e-07
-6.80419e-07
0.00044469
-1.90457e-07
-4.86752e-07
0.00043266
-1.41799e-07
-3.45482e-07
0.000409139
-1.0619e-07
-2.53085e-07
0.000375195
-2.0111e-07
0.000332429
1.02621e-07
-3.14698e-06
0.000298599
-7.78648e-08
-2.03181e-06
0.000341078
-2.26358e-07
-1.78063e-06
0.000374589
-2.46955e-07
-1.27554e-06
0.000397722
-2.31273e-07
-9.68009e-07
0.000409529
-1.96694e-07
-7.16249e-07
0.00040953
-1.59337e-07
-5.25442e-07
0.000397726
-1.25515e-07
-3.80675e-07
0.000374596
-9.8343e-08
-2.81587e-07
0.000341097
-2.23604e-07
0.000298673
2.6051e-07
-2.7876e-06
0.000264891
1.22415e-07
-1.89409e-06
0.000306997
-3.6242e-08
-1.62257e-06
0.000340051
-1.00789e-07
-1.2117e-06
0.000362788
-1.27456e-07
-9.42223e-07
0.000374366
-1.28316e-07
-7.16536e-07
0.000374367
-1.17464e-07
-5.37457e-07
0.00036279
-1.01887e-07
-3.97509e-07
0.000340056
-8.63603e-08
-2.9835e-07
0.00030701
-2.38431e-07
0.00026493
4.76224e-07
-2.42787e-06
0.000231205
3.30102e-07
-1.74829e-06
0.00027295
1.54883e-07
-1.44782e-06
0.000305537
5.50933e-08
-1.11263e-06
0.000327867
-1.06165e-08
-8.77403e-07
0.000339213
-4.72405e-08
-6.80853e-07
0.000339214
-6.48478e-08
-5.20872e-07
0.000327869
-7.01401e-08
-3.93358e-07
0.000305542
-6.9318e-08
-3.00191e-07
0.000272958
-2.41686e-07
0.000231226
6.85214e-07
0.000197583
5.17937e-07
0.000238977
3.39881e-07
0.000271082
2.12745e-07
0.000292987
1.1393e-07
0.000304091
4.34089e-08
0.000304092
-3.95083e-09
0.000292989
-3.31773e-08
0.000271085
-5.02479e-08
0.000238983
0.000197594
-7.63862e-06
-1.29333e-05
0.000456061
-2.6204e-06
-5.0196e-06
0.000498626
-1.12387e-06
-1.49801e-06
0.000534727
-6.40428e-07
-4.85437e-07
0.000560442
-3.99553e-07
-2.43845e-07
0.000573754
-2.72174e-07
-1.31093e-07
0.000573741
-2.01255e-07
-7.51678e-08
0.000560388
-1.60776e-07
-4.50176e-08
0.000534522
-1.26863e-07
-3.85331e-08
0.000497771
-4.34487e-08
0.000452328
-9.94303e-07
-7.42585e-06
0.000463192
-1.5981e-06
-4.41675e-06
0.000507031
-9.87863e-07
-2.10955e-06
0.000542699
-6.59992e-07
-8.15517e-07
0.000567824
-4.413e-07
-4.65441e-07
0.00058079
-3.07013e-07
-2.6887e-07
0.000580788
-2.21361e-07
-1.64778e-07
0.000567812
-1.66806e-07
-1.03926e-07
0.000542647
-1.2695e-07
-8.28914e-08
0.000506825
-8.21284e-08
0.000462485
-5.15383e-08
-4.69787e-06
0.000432687
-9.90674e-07
-3.47794e-06
0.000476753
-8.46334e-07
-2.25516e-06
0.000512037
-6.1849e-07
-1.04531e-06
0.000536738
-4.39266e-07
-6.4744e-07
0.000549451
-3.11439e-07
-4.00052e-07
0.000549452
-2.22094e-07
-2.57735e-07
0.00053674
-1.60551e-07
-1.69491e-07
0.000512037
-1.18245e-07
-1.29344e-07
0.000476758
-1.16212e-07
0.000432941
-3.00953e-08
-3.92251e-06
0.000399522
-6.45745e-07
-2.86292e-06
0.000443234
-7.00382e-07
-2.2016e-06
0.000478094
-5.56309e-07
-1.19123e-06
0.000502404
-4.16132e-07
-7.90136e-07
0.000514888
-3.01926e-07
-5.17317e-07
0.000514889
-2.1544e-07
-3.47708e-07
0.000502408
-1.52678e-07
-2.36029e-07
0.000478105
-1.10501e-07
-1.75283e-07
0.000443277
-1.47526e-07
0.000399827
-1.91166e-08
-3.62899e-06
0.000365958
-4.19507e-07
-2.46308e-06
0.000409243
-5.48564e-07
-2.07361e-06
0.000443658
-4.71702e-07
-1.26987e-06
0.000467577
-3.71674e-07
-8.92375e-07
0.000479835
-2.78229e-07
-6.13625e-07
0.000479837
-2.02083e-07
-4.26991e-07
0.000467582
-1.44415e-07
-2.97135e-07
0.00044367
-1.05001e-07
-2.1818e-07
0.000409284
-1.76848e-07
0.000366178
1.62964e-08
-3.41618e-06
0.000332296
-2.37675e-07
-2.20958e-06
0.000375167
-3.86186e-07
-1.92617e-06
0.000409132
-3.62506e-07
-1.29513e-06
0.000432659
-3.04936e-07
-9.52058e-07
0.000444691
-2.39162e-07
-6.81928e-07
0.000444693
-1.80456e-07
-4.88511e-07
0.000432663
-1.33394e-07
-3.47359e-07
0.000409142
-9.94979e-08
-2.55196e-07
0.000375198
-2.03576e-07
0.000332432
1.2292e-07
-3.1338e-06
0.000298599
-6.1337e-08
-2.02586e-06
0.000341079
-2.10123e-07
-1.77836e-06
0.00037459
-2.31905e-07
-1.27484e-06
0.000397724
-2.17602e-07
-9.68291e-07
0.000409531
-1.84581e-07
-7.1738e-07
0.000409532
-1.48883e-07
-5.2689e-07
0.000397728
-1.16807e-07
-3.82244e-07
0.000374599
-9.14283e-08
-2.8334e-07
0.0003411
-2.25736e-07
0.000298675
2.78129e-07
-2.77723e-06
0.000264892
1.41553e-07
-1.88983e-06
0.000306998
-1.85773e-08
-1.61924e-06
0.000340052
-8.49861e-08
-1.20975e-06
0.000362789
-1.13088e-07
-9.41933e-07
0.000374368
-1.15556e-07
-7.17133e-07
0.00037437
-1.06491e-07
-5.38333e-07
0.000362793
-9.27931e-08
-3.98491e-07
0.000340059
-7.91715e-08
-2.99477e-07
0.000307012
-2.39974e-07
0.000264933
4.92541e-07
-2.42116e-06
0.000231206
3.46831e-07
-1.74462e-06
0.000272951
1.71428e-07
-1.44468e-06
0.000305538
7.1222e-08
-1.11085e-06
0.000327868
4.3701e-09
-8.76758e-07
0.000339215
-3.38737e-08
-6.80792e-07
0.000339216
-5.33118e-08
-5.21001e-07
0.000327871
-6.05461e-08
-3.93542e-07
0.000305544
-6.1763e-08
-3.00396e-07
0.00027296
-2.42287e-07
0.000231227
6.99893e-07
0.000197583
5.33615e-07
0.000238978
3.56049e-07
0.000271082
2.28676e-07
0.000292988
1.28995e-07
0.000304092
5.71784e-08
0.000304093
8.21916e-09
0.000292991
-2.2973e-08
0.000271087
-4.21339e-08
0.000238985
0.000197595
-7.62271e-06
-1.29136e-05
0.000456057
-2.59659e-06
-5.02748e-06
0.000498627
-1.09865e-06
-1.50036e-06
0.000534729
-6.16582e-07
-4.85984e-07
0.000560446
-3.78262e-07
-2.44112e-07
0.00057376
-2.53456e-07
-1.32094e-07
0.000573748
-1.85718e-07
-7.61494e-08
0.000560397
-1.48576e-07
-4.62184e-08
0.000534531
-1.17564e-07
-4.03512e-08
0.000497781
-4.58509e-08
0.000452338
-9.68081e-07
-7.40723e-06
0.000463191
-1.57254e-06
-4.42411e-06
0.000507032
-9.62558e-07
-2.11273e-06
0.000542702
-6.35971e-07
-8.16749e-07
0.000567829
-4.19472e-07
-4.66316e-07
0.000580796
-2.87717e-07
-2.70822e-07
0.000580794
-2.05012e-07
-1.6679e-07
0.00056782
-1.5359e-07
-1.06243e-07
0.000542656
-1.16724e-07
-8.60179e-08
0.000506833
-8.60058e-08
0.000462494
-2.11003e-08
-4.67829e-06
0.000432687
-9.62016e-07
-3.48376e-06
0.000476754
-8.20052e-07
-2.25706e-06
0.00051204
-5.93959e-07
-1.04669e-06
0.000536742
-4.16811e-07
-6.48892e-07
0.000549456
-2.91531e-07
-4.02732e-07
0.000549458
-2.04996e-07
-2.60652e-07
0.000536747
-1.46444e-07
-1.72771e-07
0.000512045
-1.0718e-07
-1.33403e-07
0.000476766
-1.20995e-07
0.000432949
5.15237e-09
-3.89682e-06
0.000399522
-6.14687e-07
-2.86487e-06
0.000443235
-6.7284e-07
-2.20106e-06
0.000478097
-5.30985e-07
-1.19218e-06
0.000502407
-3.92965e-07
-7.91923e-07
0.000514893
-2.81364e-07
-5.20454e-07
0.000514895
-1.97662e-07
-3.51305e-07
0.000502415
-1.37857e-07
-2.40022e-07
0.000478112
-9.87807e-08
-1.79907e-07
0.000443285
-1.5279e-07
0.000399834
1.76287e-08
-3.60494e-06
0.000365957
-3.87301e-07
-2.46086e-06
0.000409244
-5.19876e-07
-2.0706e-06
0.000443661
-4.4536e-07
-1.27018e-06
0.00046758
-3.47606e-07
-8.94212e-07
0.00047984
-2.56868e-07
-6.16901e-07
0.000479842
-1.8361e-07
-4.30901e-07
0.000467588
-1.29003e-07
-3.01442e-07
0.000443677
-9.27798e-08
-2.22967e-07
0.000409291
-1.82216e-07
0.000366184
5.20981e-08
-3.39529e-06
0.000332296
-2.05387e-07
-2.20428e-06
0.000375168
-3.567e-07
-1.92135e-06
0.000409134
-3.35023e-07
-1.29504e-06
0.000432662
-2.79793e-07
-9.53721e-07
0.000444696
-2.16853e-07
-6.84993e-07
0.000444698
-1.61215e-07
-4.92286e-07
0.000432669
-1.17396e-07
-3.51499e-07
0.000409148
-8.68134e-08
-2.597e-07
0.000375204
-2.08672e-07
0.000332438
1.56605e-07
-3.1151e-06
0.000298599
-3.29564e-08
-2.01577e-06
0.00034108
-1.80348e-07
-1.77588e-06
0.000374592
-2.03207e-07
-1.27518e-06
0.000397727
-1.91301e-07
-9.69564e-07
0.000409535
-1.6123e-07
-7.199e-07
0.000409537
-1.28786e-07
-5.30081e-07
0.000397733
-1.00152e-07
-3.85715e-07
0.000374604
-7.82355e-08
-2.87089e-07
0.000341105
-2.30142e-07
0.000298681
3.08745e-07
-2.76321e-06
0.000264892
1.76281e-07
-1.88436e-06
0.000306999
1.54006e-08
-1.61689e-06
0.000340054
-5.50374e-08
-1.2075e-06
0.000362792
-8.567e-08
-9.4252e-07
0.000374372
-9.11442e-08
-7.18825e-07
0.000374374
-8.54522e-08
-5.40545e-07
0.000362797
-7.5362e-08
-4.00824e-07
0.000340064
-6.53784e-08
-3.01976e-07
0.000307017
-2.43168e-07
0.000264937
5.22202e-07
-2.41325e-06
0.000231206
3.78107e-07
-1.74127e-06
0.000272952
2.02007e-07
-1.4425e-06
0.00030554
1.01523e-07
-1.10961e-06
0.000327871
3.25226e-08
-8.76847e-07
0.000339218
-8.48226e-09
-6.81652e-07
0.00033922
-3.12338e-08
-5.22012e-07
0.000327876
-4.21725e-08
-3.94336e-07
0.000305548
-4.72242e-08
-3.01131e-07
0.000272965
-2.43617e-07
0.000231231
7.27958e-07
0.000197584
5.63639e-07
0.000238979
3.86668e-07
0.000271084
2.58953e-07
0.00029299
1.57708e-07
0.000304095
8.33533e-08
0.000304097
3.11895e-08
0.000292994
-3.48886e-09
0.000271091
-2.65001e-08
0.000238988
0.000197598
-7.57671e-06
-1.28722e-05
0.000456049
-2.54464e-06
-5.03359e-06
0.000498629
-1.04872e-06
-1.50056e-06
0.000534734
-5.70462e-07
-4.86402e-07
0.000560454
-3.371e-07
-2.45002e-07
0.000573771
-2.1739e-07
-1.34251e-07
0.000573762
-1.55379e-07
-7.87599e-08
0.000560413
-1.24128e-07
-4.93295e-08
0.000534549
-9.84568e-08
-4.42715e-08
0.000497799
-5.06153e-08
0.000452357
-9.07062e-07
-7.37084e-06
0.00046319
-1.51851e-06
-4.42393e-06
0.000507033
-9.11344e-07
-2.11265e-06
0.000542707
-5.88536e-07
-8.17625e-07
0.000567837
-3.76702e-07
-4.68189e-07
0.000580807
-2.50085e-07
-2.74682e-07
0.000580808
-1.73051e-07
-1.71447e-07
0.000567836
-1.27525e-07
-1.11688e-07
0.000542672
-9.63026e-08
-9.26557e-08
0.000506851
-9.39215e-08
0.000462511
3.88779e-08
-4.64186e-06
0.000432685
-9.04893e-07
-3.48156e-06
0.000476755
-7.67159e-07
-2.25527e-06
0.000512045
-5.45021e-07
-1.04761e-06
0.00053675
-3.72401e-07
-6.51547e-07
0.000549467
-2.5233e-07
-4.07789e-07
0.000549471
-1.71457e-07
-2.6684e-07
0.000536762
-1.18824e-07
-1.79936e-07
0.000512061
-8.54393e-08
-1.41877e-07
0.000476782
-1.30975e-07
0.000432964
6.91483e-08
-3.85419e-06
0.00039952
-5.55347e-07
-2.8589e-06
0.000443237
-6.18224e-07
-2.19698e-06
0.000478101
-4.80464e-07
-1.19275e-06
0.000502415
-3.46973e-07
-7.95011e-07
0.000514902
-2.40659e-07
-5.26194e-07
0.000514907
-1.62682e-07
-3.58459e-07
0.000502429
-1.08892e-07
-2.48247e-07
0.000478127
-7.5906e-08
-1.89398e-07
0.000443299
-1.63913e-07
0.000399848
8.26505e-08
-3.56931e-06
0.000365957
-3.27398e-07
-2.4507e-06
0.000409246
-4.63808e-07
-2.06502e-06
0.000443665
-3.93143e-07
-1.27038e-06
0.000467587
-2.99919e-07
-8.97369e-07
0.000479849
-2.14548e-07
-6.22794e-07
0.000479853
-1.47169e-07
-4.38341e-07
0.000467601
-9.87833e-08
-3.0994e-07
0.00044369
-6.88887e-08
-2.32619e-07
0.000409305
-1.93599e-07
0.000366197
1.16921e-07
-3.36501e-06
0.000332296
-1.47477e-07
-2.18819e-06
0.00037517
-2.99396e-07
-1.91741e-06
0.000409138
-2.81024e-07
-1.29515e-06
0.000432668
-2.30289e-07
-9.56621e-07
0.000444704
-1.72759e-07
-6.9054e-07
0.000444708
-1.2319e-07
-4.99289e-07
0.000432681
-8.58594e-08
-3.59417e-07
0.00040916
-6.18762e-08
-2.68614e-07
0.000375217
-2.19416e-07
0.000332449
2.08258e-07
-3.08342e-06
0.0002986
2.41369e-08
-2.00621e-06
0.000341082
-1.20853e-07
-1.77639e-06
0.000374596
-1.47553e-07
-1.2744e-06
0.000397733
-1.40055e-07
-9.7193e-07
0.000409543
-1.15318e-07
-7.24724e-07
0.000409546
-8.90869e-08
-5.35973e-07
0.000397744
-6.71792e-08
-3.92224e-07
0.000374615
-5.21477e-08
-2.94352e-07
0.000341116
-2.39287e-07
0.000298691
3.66636e-07
-2.74226e-06
0.000264893
2.37735e-07
-1.87946e-06
0.000307001
7.13692e-08
-1.61386e-06
0.000340058
2.48011e-10
-1.20875e-06
0.000362797
-3.29012e-08
-9.45854e-07
0.000374379
-4.34452e-08
-7.22723e-07
0.000374382
-4.40344e-08
-5.44718e-07
0.000362807
-4.08151e-08
-4.05192e-07
0.000340074
-3.80051e-08
-3.0668e-07
0.000307026
-2.49633e-07
0.000264946
5.78239e-07
-2.40399e-06
0.000231207
4.37152e-07
-1.74048e-06
0.000272954
2.62304e-07
-1.44252e-06
0.000305544
1.59814e-07
-1.11135e-06
0.000327876
8.6939e-08
-8.7945e-07
0.000339224
4.09373e-08
-6.84229e-07
0.000339227
1.21766e-08
-5.24194e-07
0.000327884
-5.82925e-09
-3.95778e-07
0.000305557
-1.83649e-08
-3.02349e-07
0.000272973
-2.46156e-07
0.000231239
7.82774e-07
0.000197585
6.2239e-07
0.000238981
4.46805e-07
0.000271087
3.17798e-07
0.000292995
2.13298e-07
0.000304101
1.34246e-07
0.000304103
7.617e-08
0.000293002
3.47784e-08
0.000271098
4.2158e-09
0.000238995
0.000197605
-7.47008e-06
-1.27885e-05
0.000456033
-2.43721e-06
-5.03508e-06
0.000498631
-9.50593e-07
-1.49638e-06
0.000534744
-4.80351e-07
-4.86823e-07
0.000560471
-2.56472e-07
-2.47354e-07
0.000573795
-1.4674e-07
-1.38566e-07
0.000573791
-9.52947e-08
-8.44638e-08
0.000560446
-7.50503e-08
-5.60317e-08
0.000534585
-5.96785e-08
-5.22846e-08
0.000497836
-6.01863e-08
0.000452395
-7.78968e-07
-7.29765e-06
0.000463187
-1.40828e-06
-4.40957e-06
0.000507037
-8.09356e-07
-2.10594e-06
0.000542718
-4.94865e-07
-8.18044e-07
0.000567853
-2.92363e-07
-4.72436e-07
0.00058083
-1.75892e-07
-2.82309e-07
0.000580835
-1.09794e-07
-1.8139e-07
0.000567867
-7.57008e-08
-1.23322e-07
0.000542705
-5.55053e-08
-1.0639e-07
0.000506884
-1.09962e-07
0.000462544
1.57726e-07
-4.57025e-06
0.000432682
-7.91454e-07
-3.4643e-06
0.000476759
-6.62117e-07
-2.24578e-06
0.000512055
-4.47897e-07
-1.04795e-06
0.000536766
-2.84414e-07
-6.57193e-07
0.000549488
-1.74663e-07
-4.17715e-07
0.000549497
-1.05035e-07
-2.79715e-07
0.000536791
-6.41714e-08
-1.94961e-07
0.000512091
-4.23946e-08
-1.59433e-07
0.000476813
-1.51413e-07
0.000432995
1.90402e-07
-3.78117e-06
0.000399518
-4.39962e-07
-2.83838e-06
0.000443241
-5.106e-07
-2.18503e-06
0.000478111
-3.80157e-07
-1.19313e-06
0.000502429
-2.55649e-07
-8.01513e-07
0.000514922
-1.59787e-07
-5.3744e-07
0.000514931
-9.33421e-08
-3.73007e-07
0.000502455
-5.16615e-08
-2.65204e-07
0.000478155
-3.0802e-08
-2.09049e-07
0.000443328
-1.86868e-07
0.000399876
2.04446e-07
-3.50269e-06
0.000365955
-2.13049e-07
-2.42538e-06
0.00040925
-3.54327e-07
-2.05308e-06
0.000443675
-2.8967e-07
-1.27161e-06
0.000467601
-2.05217e-07
-9.04232e-07
0.000479867
-1.30367e-07
-6.34408e-07
0.000479875
-7.48221e-08
-4.53232e-07
0.000467626
-3.89897e-08
-3.27239e-07
0.000443716
-2.17805e-08
-2.52577e-07
0.000409331
-2.17178e-07
0.000366222
2.36881e-07
-3.30102e-06
0.000332296
-4.30235e-08
-2.15007e-06
0.000375175
-1.88146e-07
-1.91658e-06
0.000409147
-1.7427e-07
-1.29821e-06
0.000432681
-1.32051e-07
-9.63406e-07
0.000444721
-8.50202e-08
-7.0164e-07
0.000444729
-4.75659e-08
-5.1319e-07
0.000432703
-2.32932e-08
-3.75393e-07
0.000409184
-1.26141e-08
-2.87013e-07
0.00037524
-2.41656e-07
0.000332471
3.1418e-07
-3.02883e-06
0.0002986
1.50436e-07
-1.99081e-06
0.000341087
5.43167e-10
-1.7746e-06
0.000374604
-3.80662e-08
-1.27155e-06
0.000397745
-3.83079e-08
-9.7865e-07
0.000409558
-2.39655e-08
-7.34508e-07
0.000409565
-9.9894e-09
-5.47695e-07
0.000397764
-1.51841e-09
-4.05333e-07
0.000374636
-4.74928e-10
-3.0926e-07
0.000341137
-2.58088e-07
0.00029871
4.76694e-07
-2.70825e-06
0.000264894
3.54483e-07
-1.87295e-06
0.000307005
1.84261e-07
-1.61196e-06
0.000340065
1.13513e-07
-1.21168e-06
0.000362808
7.2222e-08
-9.51378e-07
0.000374393
5.13277e-08
-7.30336e-07
0.000374399
3.84905e-08
-5.53227e-07
0.000362825
2.78885e-08
-4.139e-07
0.000340093
1.61839e-08
-3.16339e-07
0.000307045
-2.62887e-07
0.000264963
6.86015e-07
-2.39161e-06
0.000231209
5.51736e-07
-1.74288e-06
0.000272958
3.78961e-07
-1.44617e-06
0.000305551
2.73691e-07
-1.11642e-06
0.000327886
1.94523e-07
-8.84929e-07
0.000339237
1.38778e-07
-6.89409e-07
0.000339242
9.77117e-08
-5.28422e-07
0.0003279
6.59594e-08
-3.99037e-07
0.000305574
3.84078e-08
-3.05056e-07
0.000272989
-2.51755e-07
0.000231253
8.89892e-07
0.000197587
7.37493e-07
0.000238985
5.64553e-07
0.000271094
4.33465e-07
0.000293004
3.23079e-07
0.000304112
2.34958e-07
0.000304116
1.65367e-07
0.000293016
1.1051e-07
0.000271113
6.51673e-08
0.000239009
0.000197617
-7.23862e-06
-1.26274e-05
0.000456
-2.22138e-06
-5.02063e-06
0.000498634
-7.60984e-07
-1.47983e-06
0.000534763
-3.05347e-07
-4.88186e-07
0.000560504
-1.00112e-07
-2.52245e-07
0.000573842
-1.14975e-08
-1.46546e-07
0.000573849
2.01161e-08
-9.73903e-08
0.000560512
2.26494e-08
-7.30248e-08
0.000534655
1.9151e-08
-6.96552e-08
0.00049791
-7.73249e-08
0.00045247
-5.0225e-07
-7.17545e-06
0.000463182
-1.1888e-06
-4.34288e-06
0.000507045
-6.10889e-07
-2.07912e-06
0.000542739
-3.11988e-07
-8.19559e-07
0.000567886
-1.28597e-07
-4.80758e-07
0.000580875
-3.18392e-08
-2.97478e-07
0.00058089
1.23568e-08
-2.02495e-07
0.000567928
2.6366e-08
-1.5213e-07
0.00054277
2.56709e-08
-1.3582e-07
0.000506951
-1.40399e-07
0.00046261
3.77435e-07
-4.44008e-06
0.000432677
-5.73511e-07
-3.40102e-06
0.000476769
-4.58248e-07
-2.2151e-06
0.000512076
-2.57825e-07
-1.05075e-06
0.000536796
-1.13169e-07
-6.67648e-07
0.00054953
-2.32607e-08
-4.38053e-07
0.000549547
2.48378e-08
-3.07229e-07
0.000536847
4.23545e-08
-2.30065e-07
0.000512152
4.1777e-08
-1.96787e-07
0.000476874
-1.9146e-07
0.000433054
4.0575e-07
-3.64406e-06
0.000399515
-2.26531e-07
-2.77818e-06
0.00044325
-3.0193e-07
-2.1587e-06
0.000478131
-1.8382e-07
-1.19802e-06
0.000502459
-7.76404e-08
-8.13048e-07
0.000514961
-2.16334e-09
-5.60613e-07
0.000514978
4.2228e-08
-4.04395e-07
0.000502508
5.9557e-08
-3.0344e-07
0.000478211
5.69832e-08
-2.50799e-07
0.000443385
-2.3257e-07
0.00039993
4.20717e-07
-3.35634e-06
0.000365954
-1.22903e-08
-2.35455e-06
0.000409259
-1.3977e-07
-2.04866e-06
0.000443692
-8.7246e-08
-1.2781e-06
0.000467628
-2.06257e-08
-9.15804e-07
0.000479904
3.34125e-08
-6.58186e-07
0.000479919
6.63278e-08
-4.85877e-07
0.000467674
7.71742e-08
-3.65742e-07
0.000443768
6.9799e-08
-2.95125e-07
0.000409382
-2.64604e-07
0.000366271
4.4623e-07
-3.16062e-06
0.000332296
1.91125e-07
-2.1084e-06
0.000375184
4.45004e-08
-1.91859e-06
0.000409163
2.87769e-08
-1.28808e-06
0.000432707
5.90089e-08
-9.79332e-07
0.000444755
8.6258e-08
-7.25235e-07
0.000444768
9.9809e-08
-5.43771e-07
0.000432748
9.82197e-08
-4.11018e-07
0.000409231
8.30453e-08
-3.2663e-07
0.000375287
-2.86852e-07
0.000332516
5.35117e-07
-2.92246e-06
0.000298602
3.8682e-07
-1.96896e-06
0.000341095
2.15769e-07
-1.7634e-06
0.00037462
1.77115e-07
-1.27304e-06
0.000397769
1.60314e-07
-9.93009e-07
0.000409589
1.54203e-07
-7.55479e-07
0.000409601
1.43831e-07
-5.73719e-07
0.000397805
1.25567e-07
-4.3493e-07
0.000374679
9.95161e-08
-3.4225e-07
0.000341179
-2.9707e-07
0.000298749
6.94342e-07
-2.64427e-06
0.000264897
5.79102e-07
-1.86247e-06
0.000307014
4.09795e-07
-1.60915e-06
0.00034008
3.33181e-07
-1.218e-06
0.00036283
2.77128e-07
-9.64618e-07
0.000374421
2.362e-07
-7.4737e-07
0.000374432
1.98895e-07
-5.72538e-07
0.000362861
1.61019e-07
-4.3467e-07
0.00034013
1.20922e-07
-3.38985e-07
0.000307082
-2.91359e-07
0.000264997
8.97063e-07
-2.36972e-06
0.000231213
7.75643e-07
-1.74959e-06
0.000272967
6.07353e-07
-1.45485e-06
0.000305565
4.97331e-07
-1.12777e-06
0.000327905
4.05092e-07
-8.97441e-07
0.000339262
3.30092e-07
-7.01606e-07
0.000339271
2.64957e-07
-5.39439e-07
0.000327932
2.05759e-07
-4.08605e-07
0.000305607
1.48635e-07
-3.13818e-07
0.000273021
-2.6502e-07
0.000231282
1.09972e-06
0.000197591
9.63026e-07
0.000238993
7.95757e-07
0.000271107
6.60845e-07
0.000293022
5.38651e-07
0.000304135
4.32376e-07
0.000304142
3.39651e-07
0.000293044
2.57954e-07
0.000271141
1.8314e-07
0.000239037
0.000197641
-6.75039e-06
-1.23241e-05
0.000455933
-1.80159e-06
-4.9503e-06
0.000498635
-3.94114e-07
-1.44102e-06
0.000534797
3.04676e-08
-4.9004e-07
0.000560569
2.07031e-07
-2.66765e-07
0.000573932
2.62781e-07
-1.68524e-07
0.000573962
2.54966e-07
-1.21434e-07
0.000560641
2.14629e-07
-9.88696e-08
0.000534794
1.71169e-07
-9.97943e-08
0.000498053
-1.11545e-07
0.000452613
5.31007e-09
-6.90224e-06
0.000463171
-7.67955e-07
-4.19375e-06
0.000507062
-2.1768e-07
-2.02972e-06
0.000542778
3.88532e-08
-8.12689e-07
0.000567952
1.94306e-07
-5.0855e-07
0.000580961
2.53679e-07
-3.33053e-07
0.000580995
2.57827e-07
-2.44953e-07
0.000568047
2.28214e-07
-1.97425e-07
0.000542898
1.86138e-07
-1.88855e-07
0.000507082
-1.99873e-07
0.000462739
7.93928e-07
-4.12479e-06
0.000432668
-1.6683e-07
-3.25022e-06
0.000476786
-3.6283e-08
-2.19739e-06
0.000512113
1.17664e-07
-1.02926e-06
0.000536859
2.25576e-07
-6.98297e-07
0.000549612
2.75693e-07
-4.82136e-07
0.000549646
2.80832e-07
-3.61711e-07
0.000536959
2.55027e-07
-2.90968e-07
0.000512271
2.11117e-07
-2.66332e-07
0.000476996
-2.68258e-07
0.000433173
8.41876e-07
-3.32423e-06
0.000399508
2.02484e-07
-2.62794e-06
0.000443267
1.25561e-07
-2.1562e-06
0.000478166
2.07642e-07
-1.16993e-06
0.000502517
2.75409e-07
-8.42867e-07
0.000515038
3.09857e-07
-6.09142e-07
0.000515071
3.09633e-07
-4.65772e-07
0.000502612
2.81762e-07
-3.74086e-07
0.000478322
2.33617e-07
-3.30378e-07
0.000443497
-3.20075e-07
0.000400039
8.58698e-07
-3.04998e-06
0.000365952
4.61173e-07
-2.24701e-06
0.000409276
2.87266e-07
-2.017e-06
0.000443727
3.15415e-07
-1.25247e-06
0.000467683
3.46304e-07
-9.45005e-07
0.000479975
3.58871e-07
-7.07523e-07
0.000480005
3.45622e-07
-5.4877e-07
0.000467771
3.08821e-07
-4.39391e-07
0.00044387
2.53451e-07
-3.77737e-07
0.000409485
-3.55873e-07
0.00036637
8.80925e-07
-2.89763e-06
0.000332298
6.47794e-07
-2.03051e-06
0.0003752
4.6613e-07
-1.86858e-06
0.000409197
4.47743e-07
-1.28422e-06
0.000432757
4.40242e-07
-1.00332e-06
0.00044482
4.24881e-07
-7.70899e-07
0.000444847
3.91612e-07
-6.03516e-07
0.000432836
3.40095e-07
-4.80922e-07
0.000409324
2.74263e-07
-4.04828e-07
0.00037538
-3.74462e-07
0.000332604
9.63838e-07
-2.73049e-06
0.000298607
8.28446e-07
-1.91214e-06
0.000341112
6.57123e-07
-1.72866e-06
0.000374652
6.00627e-07
-1.27416e-06
0.000397815
5.54029e-07
-1.01701e-06
0.000409649
5.06932e-07
-7.95709e-07
0.000409673
4.48727e-07
-6.25276e-07
0.000397885
3.78406e-07
-4.94456e-07
0.000374762
2.98945e-07
-4.08453e-07
0.000341262
-3.73186e-07
0.000298827
1.11371e-06
-2.52882e-06
0.000264903
1.01841e-06
-1.83398e-06
0.000307031
8.56616e-07
-1.59659e-06
0.00034011
7.6712e-07
-1.22737e-06
0.000362873
6.83276e-07
-9.8801e-07
0.000374476
6.02708e-07
-7.80151e-07
0.000374497
5.17134e-07
-6.11486e-07
0.000362933
4.25495e-07
-4.77654e-07
0.000340205
3.29266e-07
-3.85679e-07
0.000307155
-3.47616e-07
0.000265065
1.30693e-06
-2.33139e-06
0.00023122
1.21532e-06
-1.75927e-06
0.000272984
1.05927e-06
-1.46832e-06
0.000305593
9.40555e-07
-1.14788e-06
0.000327945
8.23172e-07
-9.20321e-07
0.000339312
7.10047e-07
-7.25156e-07
0.00033933
5.96945e-07
-5.62168e-07
0.000327996
4.83027e-07
-4.2972e-07
0.000305673
3.67103e-07
-3.33662e-07
0.000273085
-2.92406e-07
0.00023134
1.51014e-06
0.000197599
1.40721e-06
0.00023901
1.25374e-06
0.000271133
1.11247e-06
0.000293058
9.67643e-07
0.000304179
8.25421e-07
0.000304194
6.86337e-07
0.0002931
5.50676e-07
0.000271199
4.16815e-07
0.000239091
0.000197689
-5.76982e-06
-1.1746e-05
0.000455798
-1.01335e-06
-4.75764e-06
0.000498636
3.51781e-07
-1.42637e-06
0.000534858
7.03251e-07
-4.81187e-07
0.000560699
8.05852e-07
-2.88408e-07
0.000574117
7.88492e-07
-2.10339e-07
0.000574189
7.04529e-07
-1.74561e-07
0.000560899
5.86972e-07
-1.59741e-07
0.000535072
4.69018e-07
-1.67012e-07
0.000498338
-1.8216e-07
0.000452895
8.38412e-07
-6.21915e-06
0.000463146
-1.59026e-08
-3.9353e-06
0.000507093
5.38148e-07
-2.05647e-06
0.000542854
7.3967e-07
-8.1019e-07
0.000568079
8.21126e-07
-5.42812e-07
0.000581134
8.03845e-07
-4.02413e-07
0.000581204
7.28177e-07
-3.354e-07
0.000568283
6.1743e-07
-3.01892e-07
0.000543151
4.96608e-07
-3.04789e-07
0.000507341
-3.22838e-07
0.000462993
1.68319e-06
-3.43276e-06
0.00043265
7.21201e-07
-3.00567e-06
0.000476818
7.34632e-07
-2.14599e-06
0.000512189
8.37703e-07
-1.03403e-06
0.00053698
8.79481e-07
-7.46555e-07
0.000549774
8.51341e-07
-5.69689e-07
0.000549841
7.73428e-07
-4.77296e-07
0.000537179
6.62714e-07
-4.2531e-07
0.000512505
5.35516e-07
-4.15391e-07
0.000477234
-4.27008e-07
0.000433404
1.72863e-06
-2.67602e-06
0.000399497
1.09391e-06
-2.40343e-06
0.0004433
9.26499e-07
-2.05165e-06
0.00047824
9.51707e-07
-1.17283e-06
0.000502631
9.54017e-07
-8.99882e-07
0.000515189
9.09406e-07
-7.06935e-07
0.000515253
8.23219e-07
-5.95377e-07
0.000502817
7.06713e-07
-5.25517e-07
0.000478539
5.70876e-07
-4.98237e-07
0.000443716
-4.9979e-07
0.00040025
1.72486e-06
-2.47546e-06
0.000365949
1.32773e-06
-2.03911e-06
0.000409308
1.11489e-06
-1.90808e-06
0.000443796
1.08601e-06
-1.25014e-06
0.000467789
1.04997e-06
-1.00373e-06
0.000480115
9.82813e-07
-8.07937e-07
0.000480173
8.80875e-07
-6.81669e-07
0.000467959
7.51421e-07
-5.95072e-07
0.000444069
6.03717e-07
-5.50209e-07
0.000409685
-5.42193e-07
0.000366561
1.72656e-06
-2.42589e-06
0.000332301
1.50832e-06
-1.85424e-06
0.000375234
1.30847e-06
-1.77392e-06
0.000409262
1.24333e-06
-1.28368e-06
0.000432856
1.17014e-06
-1.05963e-06
0.000444949
1.07483e-06
-8.66898e-07
0.000445002
9.50368e-07
-7.29321e-07
0.000433008
8.01958e-07
-6.27893e-07
0.000409505
6.38746e-07
-5.67495e-07
0.00037556
-5.52842e-07
0.000332774
1.78827e-06
-2.3847e-06
0.000298616
1.68345e-06
-1.78345e-06
0.000341146
1.51095e-06
-1.66366e-06
0.000374714
1.41812e-06
-1.2823e-06
0.000397907
1.31016e-06
-1.07008e-06
0.000409767
1.18357e-06
-8.81085e-07
0.000409814
1.03226e-06
-7.34235e-07
0.000398041
8.61049e-07
-6.20059e-07
0.000374926
6.78943e-07
-5.4677e-07
0.000341424
-5.2855e-07
0.000298978
1.9174e-06
-2.31898e-06
0.000264916
1.86892e-06
-1.76917e-06
0.000307066
1.72039e-06
-1.57401e-06
0.000340169
1.60396e-06
-1.25011e-06
0.000362957
1.46437e-06
-1.03832e-06
0.000374584
1.30595e-06
-8.49954e-07
0.000374624
1.12623e-06
-6.94817e-07
0.000363073
9.30373e-07
-5.69962e-07
0.000340351
7.26213e-07
-4.85177e-07
0.000307298
-4.63904e-07
0.000265195
2.09379e-06
-2.26429e-06
0.000231236
2.06535e-06
-1.77441e-06
0.000273017
1.93258e-06
-1.49631e-06
0.000305648
1.79522e-06
-1.18998e-06
0.000328022
1.62776e-06
-9.68428e-07
0.000339409
1.43961e-06
-7.75714e-07
0.000339443
1.23277e-06
-6.12615e-07
0.000328121
1.01263e-06
-4.78253e-07
0.000305801
7.83467e-07
-3.80027e-07
0.000273209
-3.52225e-07
0.000231452
2.30003e-06
0.000197616
2.26524e-06
0.000239043
2.13815e-06
0.000271184
1.98358e-06
0.000293128
1.79389e-06
0.000304267
1.58099e-06
0.000304295
1.35119e-06
0.00029321
1.11054e-06
0.00027131
8.62658e-07
0.000239198
0.000197783
-3.86174e-06
-1.03878e-05
0.000455475
5.73707e-07
-4.38738e-06
0.000498588
1.84346e-06
-1.38948e-06
0.000534978
2.05854e-06
-4.66772e-07
0.000560951
2.03076e-06
-3.2347e-07
0.000574469
1.87414e-06
-2.75462e-07
0.000574621
1.64111e-06
-2.59642e-07
0.000561392
1.369e-06
-2.58881e-07
0.000535603
1.09774e-06
-2.75717e-07
0.000498885
-2.94199e-07
0.000453436
2.67113e-06
-4.79355e-06
0.000463101
1.75922e-06
-3.52359e-06
0.000507141
2.092e-06
-1.86298e-06
0.000542994
2.16126e-06
-7.75457e-07
0.000568318
2.10759e-06
-5.97302e-07
0.000581461
1.94364e-06
-5.13024e-07
0.000581606
1.71032e-06
-4.83723e-07
0.000568741
1.4357e-06
-4.76763e-07
0.000543644
1.15194e-06
-4.98188e-07
0.000507847
-5.25394e-07
0.000463492
3.50051e-06
-2.0322e-06
0.000432607
2.4437e-06
-2.51618e-06
0.000476868
2.34154e-06
-1.89914e-06
0.000512327
2.32383e-06
-9.86412e-07
0.000537209
2.2273e-06
-8.11331e-07
0.000550084
2.04643e-06
-7.11942e-07
0.000550221
1.80318e-06
-6.72099e-07
0.000537611
1.51971e-06
-6.56749e-07
0.000512969
1.21971e-06
-6.72264e-07
0.000477708
-6.98802e-07
0.000433868
3.50725e-06
-1.39294e-06
0.000399463
2.82492e-06
-1.88506e-06
0.000443351
2.57373e-06
-1.78103e-06
0.000478373
2.49073e-06
-1.11981e-06
0.000502847
2.35699e-06
-9.70169e-07
0.000515482
2.15584e-06
-8.67913e-07
0.00051561
1.89769e-06
-8.19388e-07
0.000503222
1.60012e-06
-7.93371e-07
0.000478973
1.28216e-06
-7.9651e-07
0.000444158
-8.18726e-07
0.00040068
3.45462e-06
-1.36103e-06
0.000365931
3.06261e-06
-1.54674e-06
0.000409362
2.79753e-06
-1.64352e-06
0.000443924
2.67294e-06
-1.19826e-06
0.000467992
2.50646e-06
-1.07628e-06
0.000480388
2.28107e-06
-9.74355e-07
0.000480505
2.00118e-06
-9.1514e-07
0.000468334
1.68218e-06
-8.75431e-07
0.00044447
1.34267e-06
-8.63498e-07
0.000410091
-8.81709e-07
0.000366953
3.41243e-06
-1.51982e-06
0.000332299
3.24098e-06
-1.43206e-06
0.000375291
3.02227e-06
-1.54712e-06
0.000409385
2.87698e-06
-1.24248e-06
0.000433045
2.68083e-06
-1.13238e-06
0.000445202
2.42751e-06
-1.02629e-06
0.000445307
2.11991e-06
-9.51785e-07
0.000433352
1.77337e-06
-8.94839e-07
0.000409871
1.40789e-06
-8.66496e-07
0.000375929
-8.83077e-07
0.000333126
3.43256e-06
-1.71492e-06
0.000298625
3.41106e-06
-1.47045e-06
0.000341206
3.25062e-06
-1.50378e-06
0.000374831
3.09586e-06
-1.26419e-06
0.000398083
2.8741e-06
-1.1426e-06
0.000409999
2.59151e-06
-1.02256e-06
0.000410092
2.25328e-06
-9.26238e-07
0.000398353
1.87596e-06
-8.4778e-07
0.000375256
1.48081e-06
-8.01233e-07
0.000341754
-8.17658e-07
0.000299289
3.52494e-06
-1.90507e-06
0.000264936
3.59257e-06
-1.60007e-06
0.000307128
3.48192e-06
-1.50495e-06
0.000340281
3.3221e-06
-1.26786e-06
0.000363121
3.07906e-06
-1.11151e-06
0.000374796
2.76842e-06
-9.64518e-07
0.000374876
2.39994e-06
-8.38938e-07
0.000363355
1.99138e-06
-7.3415e-07
0.000340646
1.56349e-06
-6.65078e-07
0.00030759
-6.781e-07
0.000265467
3.67519e-06
-2.1267e-06
0.000231262
3.79198e-06
-1.77951e-06
0.00027308
3.71566e-06
-1.53445e-06
0.000305754
3.55083e-06
-1.25371e-06
0.000328173
3.29047e-06
-1.04353e-06
0.000339602
2.95578e-06
-8.56503e-07
0.00033967
2.56107e-06
-6.94486e-07
0.000328371
2.1243e-06
-5.5765e-07
0.000306061
1.66077e-06
-4.5597e-07
0.000273464
-4.55536e-07
0.000231684
3.89498e-06
0.000197646
4.01122e-06
0.000239105
3.94623e-06
0.000271284
3.77392e-06
0.000293265
3.50102e-06
0.000304439
3.14999e-06
0.000304496
2.73827e-06
0.00029343
2.2834e-06
0.000271537
1.79973e-06
0.000239416
0.000197978
-4.53292e-07
-7.40957e-06
0.000455001
3.66976e-06
-4.12928e-06
0.000498595
4.60073e-06
-1.25504e-06
0.000535302
4.53699e-06
-4.9628e-07
0.000561511
4.24222e-06
-4.59954e-07
0.000575223
3.80834e-06
-4.75402e-07
0.000575531
3.28921e-06
-5.04204e-07
0.000562415
2.73021e-06
-5.34843e-07
0.000536697
2.18413e-06
-5.73696e-07
0.000500005
-6.01438e-07
0.000454536
6.32994e-06
-1.68866e-06
0.000462834
4.92858e-06
-2.85125e-06
0.000507264
4.95386e-06
-1.59911e-06
0.000543313
4.75872e-06
-8.18573e-07
0.000568835
4.42692e-06
-8.10794e-07
0.000582144
3.97146e-06
-8.41348e-07
0.000582427
3.43534e-06
-8.91139e-07
0.000569664
2.85647e-06
-9.39715e-07
0.000544628
2.28088e-06
-9.99871e-07
0.000508849
-1.04762e-06
0.000464472
7.02324e-06
8.47586e-07
0.000432561
5.67037e-06
-1.62817e-06
0.000476998
5.31038e-06
-1.54275e-06
0.000512631
5.03507e-06
-1.01924e-06
0.000537685
4.65629e-06
-1.06089e-06
0.000550713
4.17262e-06
-1.11333e-06
0.000550977
3.61183e-06
-1.17751e-06
0.000538458
3.0076e-06
-1.23468e-06
0.000513868
2.39834e-06
-1.30018e-06
0.000478617
-1.35727e-06
0.000434749
6.89766e-06
1.11594e-06
0.000399435
6.0691e-06
-9.28613e-07
0.000443479
5.62172e-06
-1.38077e-06
0.000478658
5.2976e-06
-1.13576e-06
0.000503288
4.88434e-06
-1.22861e-06
0.000516063
4.37315e-06
-1.29938e-06
0.000516307
3.78518e-06
-1.36978e-06
0.000504002
3.15175e-06
-1.42607e-06
0.000479798
2.50823e-06
-1.48548e-06
0.000444987
-1.54656e-06
0.000401475
6.71741e-06
7.31823e-07
0.000365927
6.30138e-06
-6.42016e-07
0.000409491
5.90429e-06
-1.25274e-06
0.000444193
5.56552e-06
-1.20594e-06
0.000468401
5.12836e-06
-1.32813e-06
0.000480925
4.58948e-06
-1.40316e-06
0.000481147
3.96901e-06
-1.46662e-06
0.000469052
3.29913e-06
-1.51145e-06
0.000445225
2.61717e-06
-1.55743e-06
0.000410845
-1.62187e-06
0.000367668
6.56722e-06
1.30709e-07
0.000332317
6.46325e-06
-6.69331e-07
0.000375422
6.17603e-06
-1.2202e-06
0.000409639
5.85047e-06
-1.25992e-06
0.000433425
5.39807e-06
-1.37047e-06
0.000445697
4.83155e-06
-1.42654e-06
0.000445897
4.17431e-06
-1.46555e-06
0.000434009
3.4618e-06
-1.48661e-06
0.000410559
2.73559e-06
-1.51255e-06
0.00037661
-1.58214e-06
0.000333765
6.49141e-06
-5.20292e-07
0.000298663
6.61238e-06
-9.23464e-07
0.000341339
6.44194e-06
-1.29073e-06
0.000375072
6.14387e-06
-1.31356e-06
0.000398435
5.68454e-06
-1.3651e-06
0.000410454
5.09311e-06
-1.37333e-06
0.000410631
4.39899e-06
-1.36709e-06
0.000398949
3.64184e-06
-1.34994e-06
0.000375877
2.86691e-06
-1.34716e-06
0.000342363
-1.42137e-06
0.000299853
6.50581e-06
-1.18631e-06
0.000264988
6.77546e-06
-1.32645e-06
0.000307261
6.70451e-06
-1.44707e-06
0.000340508
6.43755e-06
-1.37074e-06
0.000363445
5.97814e-06
-1.31942e-06
0.00037521
5.36703e-06
-1.24911e-06
0.000375363
4.64022e-06
-1.17562e-06
0.00036389
3.84061e-06
-1.10394e-06
0.000341199
3.01387e-06
-1.05868e-06
0.000308128
-1.12845e-06
0.000265957
6.60089e-06
-1.91261e-06
0.000231323
6.97029e-06
-1.82673e-06
0.000273211
6.96993e-06
-1.65932e-06
0.000305966
6.72864e-06
-1.42631e-06
0.000328469
6.27356e-06
-1.23847e-06
0.000339976
5.6508e-06
-1.06238e-06
0.000340106
4.90083e-06
-9.0118e-07
0.000328847
4.06668e-06
-7.57153e-07
0.000306548
3.18504e-06
-6.44947e-07
0.000273932
-6.89032e-07
0.000232102
6.84011e-06
0.000197712
7.21585e-06
0.000239231
7.23882e-06
0.000271481
7.0095e-06
0.000293535
6.56221e-06
0.000304774
5.94118e-06
0.000304882
5.18697e-06
0.000293847
4.34009e-06
0.00027196
3.43499e-06
0.000239816
0.000198326
7.80714e-06
3.37286e-07
0.000451198
1.03592e-05
-2.63438e-06
0.000498677
1.0615e-05
-7.59364e-07
0.000535805
1.00641e-05
-3.9108e-07
0.000562453
9.29054e-06
-5.18565e-07
0.000576516
8.33558e-06
-6.54978e-07
0.00057714
7.24278e-06
-7.61646e-07
0.000564269
6.06766e-06
-8.41953e-07
0.000538714
4.88511e-06
-9.11605e-07
0.000502099
-9.44406e-07
0.000456618
1.37951e-05
5.05165e-06
0.000463628
1.17901e-05
-7.43672e-07
0.000507379
1.12523e-05
-6.68918e-07
0.000543761
1.05877e-05
-5.52892e-07
0.000569662
9.75398e-06
-8.85811e-07
0.000583345
8.74446e-06
-1.14764e-06
0.000583929
7.59466e-06
-1.34974e-06
0.000571402
6.3562e-06
-1.50045e-06
0.000546524
5.09955e-06
-1.62798e-06
0.000510822
-1.70691e-06
0.00046644
1.43342e-05
6.96696e-06
0.000432526
1.26266e-05
8.42712e-07
0.000477119
1.1867e-05
-3.6623e-07
0.000513088
1.11526e-05
-6.46895e-07
0.000538493
1.027e-05
-1.14462e-06
0.000551854
9.20813e-06
-1.51619e-06
0.000552407
7.99908e-06
-1.799e-06
0.000540117
6.69405e-06
-2.00721e-06
0.00051568
5.35806e-06
-2.17421e-06
0.000480499
-2.29422e-06
0.00043662
1.39589e-05
6.48638e-06
0.00039928
1.30745e-05
1.60161e-06
0.000443605
1.23704e-05
-1.05031e-07
0.000479101
1.16564e-05
-7.02083e-07
0.000504057
1.07495e-05
-1.31781e-06
0.000517143
9.64636e-06
-1.7665e-06
0.00051766
8.38256e-06
-2.10494e-06
0.000505572
7.01195e-06
-2.35148e-06
0.000481513
5.60055e-06
-2.54219e-06
0.000446766
-2.70062e-06
0.000403237
1.35741e-05
5.28879e-06
0.000365807
1.33156e-05
1.71943e-06
0.000409632
1.27964e-05
-1.50388e-08
0.000444622
1.21343e-05
-7.6664e-07
0.000469128
1.12266e-05
-1.421e-06
0.000481935
1.00909e-05
-1.89191e-06
0.000482409
8.77182e-06
-2.24411e-06
0.000470511
7.32996e-06
-2.49848e-06
0.000446814
5.83913e-06
-2.69402e-06
0.000412488
-2.88774e-06
0.000369286
1.32481e-05
3.81307e-06
0.000332255
1.34697e-05
1.33535e-06
0.000375584
1.31849e-05
-1.48793e-07
0.000410058
1.26135e-05
-8.7954e-07
0.00043411
1.17244e-05
-1.47066e-06
0.000446636
1.05641e-05
-1.8936e-06
0.000447059
9.18971e-06
-2.2059e-06
0.000435345
7.67143e-06
-2.4285e-06
0.000412007
6.0933e-06
-2.60403e-06
0.000378098
-2.82808e-06
0.000335218
1.30232e-05
2.21985e-06
0.000298656
1.36024e-05
5.71636e-07
0.000341524
1.35517e-05
-5.06578e-07
0.000375481
1.30851e-05
-1.05578e-06
0.000399078
1.22298e-05
-1.48217e-06
0.00041132
1.10553e-05
-1.78134e-06
0.000411693
9.63146e-06
-1.99442e-06
0.000400162
8.03837e-06
-2.14017e-06
0.000377181
6.36839e-06
-2.26364e-06
0.000343693
-2.50533e-06
0.000301137
1.29172e-05
5.47423e-07
0.000265026
1.37569e-05
-4.7006e-07
0.000307463
1.39038e-05
-1.05012e-06
0.000340905
1.35404e-05
-1.29304e-06
0.000364046
1.27285e-05
-1.46555e-06
0.000376005
1.1552e-05
-1.56833e-06
0.000376327
1.0091e-05
-1.62346e-06
0.00036498
8.43218e-06
-1.64454e-06
0.000342362
6.66943e-06
-1.67433e-06
0.000309301
-1.90297e-06
0.000267074
1.29445e-05
-1.26937e-06
0.000231394
1.3978e-05
-1.7159e-06
0.000273423
1.42628e-05
-1.71631e-06
0.000306348
1.39813e-05
-1.56942e-06
0.000329027
1.32148e-05
-1.4237e-06
0.0003407
1.20508e-05
-1.27108e-06
0.000340973
1.05738e-05
-1.1169e-06
0.000329817
8.86926e-06
-9.65714e-07
0.000307574
7.01333e-06
-8.41171e-07
0.000274955
-1.00291e-06
0.000233059
1.3273e-05
0.000197804
1.43168e-05
0.000239448
1.46397e-05
0.000271845
1.43987e-05
0.00029405
1.36734e-05
0.000305429
1.25436e-05
0.000305654
1.10883e-05
0.000294701
9.38559e-06
0.000272851
7.50889e-06
0.000240692
0.000199126
2.24652e-05
1.91106e-05
0.000437766
2.21325e-05
1.65098e-06
0.000497359
2.09504e-05
3.83713e-07
0.000536603
1.92945e-05
-3.67236e-07
0.000564477
1.74534e-05
-1.14393e-06
0.000579501
1.54554e-05
-1.61213e-06
0.00058075
1.32951e-05
-1.94405e-06
0.000568374
1.10536e-05
-2.19766e-06
0.000543153
8.85933e-06
-2.40384e-06
0.000506698
-2.52944e-06
0.00046118
2.75099e-05
1.87634e-05
0.000469044
2.3783e-05
3.18014e-06
0.000509577
2.20521e-05
4.55449e-07
0.00054542
2.03381e-05
-7.56046e-07
0.000571764
1.84431e-05
-1.8552e-06
0.000585951
1.63241e-05
-2.67123e-06
0.000587107
1.40316e-05
-3.2646e-06
0.000575015
1.16508e-05
-3.71076e-06
0.000550418
9.30856e-06
-4.0658e-06
0.000514826
-4.30647e-06
0.000470379
2.73377e-05
1.83827e-05
0.000433406
2.47863e-05
5.20092e-06
0.00047765
2.30409e-05
1.09388e-06
0.000514195
2.1326e-05
-7.922e-07
0.000540244
1.9378e-05
-2.24235e-06
0.00055419
1.71694e-05
-3.29667e-06
0.000555241
1.47613e-05
-4.06575e-06
0.000543326
1.22506e-05
-4.63595e-06
0.000519116
9.76508e-06
-5.07721e-06
0.000483996
-5.40369e-06
0.000440013
2.63023e-05
1.60743e-05
0.000399265
2.52e-05
5.87959e-06
0.000444029
2.37843e-05
1.48503e-06
0.000480126
2.21636e-05
-7.6859e-07
0.000505654
2.02097e-05
-2.40825e-06
0.000519263
1.79387e-05
-3.58855e-06
0.000520223
1.54319e-05
-4.44818e-06
0.000508462
1.28012e-05
-5.07524e-06
0.000484583
1.01841e-05
-5.54761e-06
0.000449854
-5.92954e-06
0.000406184
2.54278e-05
1.31091e-05
0.000365803
2.53352e-05
5.5163e-06
0.000410088
2.43674e-05
1.48212e-06
0.000445593
2.2924e-05
-8.01265e-07
0.000470604
2.10124e-05
-2.44518e-06
0.000483884
1.8703e-05
-3.62858e-06
0.000484758
1.61045e-05
-4.48934e-06
0.00047315
1.33501e-05
-5.1084e-06
0.000449602
1.05959e-05
-5.56762e-06
0.000415262
-5.98704e-06
0.000371891
2.47143e-05
9.87509e-06
0.000332345
2.5367e-05
4.38167e-06
0.000376066
2.48767e-05
1.05071e-06
0.00041098
2.36644e-05
-9.60505e-07
0.000435481
2.18347e-05
-2.4139e-06
0.000448434
1.95096e-05
-3.46416e-06
0.00044922
1.68272e-05
-4.22562e-06
0.000437764
1.39447e-05
-4.76535e-06
0.000414546
1.10403e-05
-5.1667e-06
0.000380602
-5.61294e-06
0.000337534
2.41715e-05
6.52112e-06
0.000298825
2.5386e-05
2.67177e-06
0.000342019
2.53373e-05
2.24153e-07
0.000376356
2.43751e-05
-1.27299e-06
0.000400352
2.26566e-05
-2.35076e-06
0.000412976
2.03413e-05
-3.12613e-06
0.00041367
1.75931e-05
-3.67875e-06
0.000402363
1.45903e-05
-4.05833e-06
0.000379477
1.15292e-05
-4.34619e-06
0.000345934
-4.79982e-06
0.000303176
2.38127e-05
3.06143e-06
0.000265248
2.54553e-05
5.31213e-07
0.00030796
2.57711e-05
-9.1924e-07
0.000341732
2.5046e-05
-1.72603e-06
0.000365224
2.34546e-05
-2.27211e-06
0.000377518
2.11761e-05
-2.64019e-06
0.000378119
1.83907e-05
-2.87427e-06
0.000366961
1.52887e-05
-3.0045e-06
0.00034441
1.20719e-05
-3.10424e-06
0.000311276
-3.51498e-06
0.000268837
2.36797e-05
-6.17464e-07
0.000231646
2.5657e-05
-1.93414e-06
0.000273911
2.62274e-05
-2.26456e-06
0.000307123
2.56872e-05
-2.26602e-06
0.000330108
2.42217e-05
-2.17556e-06
0.000342069
2.20089e-05
-2.03326e-06
0.000342579
1.92301e-05
-1.85296e-06
0.000331575
1.60697e-05
-1.64141e-06
0.000309371
1.27011e-05
-1.44231e-06
0.000276661
-1.71419e-06
0.000234546
2.40808e-05
0.000198065
2.60811e-05
0.000239917
2.67255e-05
0.000272564
2.62861e-05
0.000295032
2.49332e-05
0.000306655
2.28247e-05
0.000307075
2.01254e-05
0.000296238
1.6994e-05
0.000274404
1.36062e-05
0.000242144
0.000200359
5.34326e-05
6.1837e-05
0.000392672
4.74257e-05
1.7197e-05
0.000486169
4.27143e-05
5.87022e-06
0.000535445
3.90702e-05
2.29514e-06
0.000565826
3.56228e-05
-1.28076e-07
0.000583076
3.20244e-05
-1.11671e-06
0.000585465
2.80889e-05
-1.63052e-06
0.00057394
2.38129e-05
-1.93676e-06
0.000549366
1.9329e-05
-2.12247e-06
0.000513304
-2.10188e-06
0.000467884
5.53431e-05
5.95492e-05
0.0004709
4.79299e-05
1.64734e-05
0.000517713
4.37895e-05
5.62882e-06
0.000549802
4.05699e-05
1.94718e-06
0.000575332
3.72455e-05
-4.63451e-07
0.000589611
3.35127e-05
-2.00899e-06
0.000591732
2.93139e-05
-3.00947e-06
0.000580592
2.4738e-05
-3.66878e-06
0.000556726
1.99514e-05
-4.10502e-06
0.000521594
-4.27259e-06
0.000477339
5.30096e-05
4.95357e-05
0.000437574
4.88754e-05
1.74845e-05
0.000480773
4.56219e-05
6.88635e-06
0.000516191
4.26963e-05
2.32021e-06
0.000542797
3.93792e-05
-6.97393e-07
0.000557741
3.54997e-05
-2.79391e-06
0.000559906
3.10694e-05
-4.25332e-06
0.000549
2.61993e-05
-5.26482e-06
0.000525582
2.1074e-05
-5.95612e-06
0.000490973
-6.38218e-06
0.000447203
5.04457e-05
4.07282e-05
0.000400225
4.93087e-05
1.75937e-05
0.000445056
4.71262e-05
7.6849e-06
0.00048151
4.45413e-05
2.58405e-06
0.000507975
4.12882e-05
-8.79909e-07
0.000522698
3.73174e-05
-3.37282e-06
0.000524773
3.26976e-05
-5.1816e-06
0.00051401
2.75687e-05
-6.47937e-06
0.000490926
2.21403e-05
-7.39759e-06
0.000456724
-8.11784e-06
0.000413281
4.84896e-05
3.29543e-05
0.000365742
4.93692e-05
1.62296e-05
0.000410573
4.82689e-05
7.55103e-06
0.000446827
4.61385e-05
2.50702e-06
0.000472811
4.30313e-05
-1.02861e-06
0.00048714
3.90215e-05
-3.63926e-06
0.000489034
3.42392e-05
-5.58418e-06
0.000478336
2.88628e-05
-7.01279e-06
0.000455511
2.31397e-05
-8.06378e-06
0.000421652
-9.06106e-06
0.000378477
4.69913e-05
2.56389e-05
0.000332145
4.92914e-05
1.35142e-05
0.000376481
4.92129e-05
6.42218e-06
0.000412187
4.7609e-05
2.00026e-06
0.000437592
4.47158e-05
-1.17994e-06
0.000451479
4.07137e-05
-3.57637e-06
0.00045316
3.5793e-05
-5.39064e-06
0.000442491
3.01748e-05
-6.7422e-06
0.000419894
2.41469e-05
-7.78225e-06
0.000386349
-9.00453e-06
0.000343418
4.5879e-05
1.84284e-05
0.000298721
4.92165e-05
9.70207e-06
0.000342494
5.00284e-05
4.4028e-06
0.000377564
4.89608e-05
1.05488e-06
0.000402365
4.63272e-05
-1.37258e-06
0.000415802
4.238e-05
-3.22292e-06
0.000417264
3.73596e-05
-4.62917e-06
0.000406622
3.1525e-05
-5.67809e-06
0.000384247
2.51956e-05
-6.53189e-06
0.000351013
-7.88709e-06
0.000308322
4.51544e-05
1.10786e-05
0.000265281
4.92711e-05
5.03509e-06
0.00030851
5.07877e-05
1.6846e-06
0.000342934
5.02001e-05
-2.63173e-07
0.00036713
4.78403e-05
-1.61904e-06
0.000380124
4.3993e-05
-2.63164e-06
0.000381375
3.89293e-05
-3.37324e-06
0.000370768
3.29326e-05
-3.89815e-06
0.000348627
2.63238e-05
-4.36277e-06
0.000315716
-5.68372e-06
0.000273274
4.49135e-05
3.28194e-06
0.000231795
4.96402e-05
-2.98797e-07
0.000274519
5.16083e-05
-1.4636e-06
0.000308303
5.13649e-05
-1.8099e-06
0.000331898
4.92516e-05
-1.89346e-06
0.000344457
4.55479e-05
-1.85855e-06
0.000345509
4.05276e-05
-1.73254e-06
0.000334954
3.44721e-05
-1.54026e-06
0.000313069
2.76139e-05
-1.34917e-06
0.000280506
-2.3714e-06
0.000238326
4.5809e-05
0.000198304
5.05231e-05
0.000240562
5.25479e-05
0.00027371
5.2435e-05
0.0002967
5.05035e-05
0.000308824
4.70027e-05
0.000309689
4.21697e-05
0.000299207
3.62718e-05
0.000277605
2.95238e-05
0.000245416
0.000203495
0.00012066
0.000106532
0.000104494
3.49464e-05
0.000101206
9.8219e-06
9.71577e-05
4.13776e-06
9.17654e-05
-1.46434e-06
8.46167e-05
-6.11718e-06
7.56041e-05
-1.01486e-05
6.50224e-05
-1.36079e-05
5.35574e-05
-1.64758e-05
-1.85335e-05
0.000127627
0.000127892
0.000114807
4.7435e-05
0.000107724
1.68872e-05
0.000102856
6.46515e-06
9.71576e-05
-2.20943e-06
8.96376e-05
-9.84875e-06
8.00508e-05
-1.64593e-05
6.87584e-05
-2.21304e-05
5.64553e-05
-2.68419e-05
-3.04231e-05
0.0001184
0.000116914
0.000115364
5.14148e-05
0.000110902
2.18488e-05
0.000106899
8.25355e-06
0.000101353
-2.47285e-06
9.35868e-05
-1.17484e-05
8.35951e-05
-1.97601e-05
7.17683e-05
-2.66037e-05
5.87975e-05
-3.22732e-05
-3.68361e-05
0.000112487
9.9907e-05
0.000115103
5.03857e-05
0.000113246
2.39258e-05
0.000110076
9.13935e-06
0.000104714
-2.42916e-06
9.68173e-05
-1.23072e-05
8.65081e-05
-2.0804e-05
7.42312e-05
-2.80223e-05
6.07189e-05
-3.39949e-05
-3.90963e-05
0.000108474
8.21105e-05
0.000114483
4.57311e-05
0.000115
2.32316e-05
0.000112823
8.93183e-06
0.000107795
-2.35072e-06
9.98645e-05
-1.1929e-05
8.92796e-05
-2.01382e-05
7.65623e-05
-2.70829e-05
6.2518e-05
-3.28573e-05
-3.81607e-05
0.000105415
6.45804e-05
0.000113853
3.82029e-05
0.000116488
2.00546e-05
0.000115411
7.5491e-06
0.000110844
-2.41554e-06
0.000102967
-1.08559e-05
9.21528e-05
-1.807e-05
7.90073e-05
-2.41592e-05
6.44069e-05
-2.92933e-05
-3.45182e-05
0.000103178
4.7111e-05
0.000113398
2.84365e-05
0.000117813
1.47956e-05
0.000117817
5.05233e-06
0.000113782
-2.69973e-06
0.000106046
-9.23782e-06
9.50881e-05
-1.48048e-05
8.15802e-05
-1.94969e-05
6.64374e-05
-2.35508e-05
-2.83808e-05
0.000101699
2.93336e-05
0.000113291
1.69029e-05
0.000119104
7.91191e-06
0.000120043
1.64217e-06
0.000116539
-3.18511e-06
0.000109023
-7.1817e-06
9.80414e-05
-1.05364e-05
8.42957e-05
-1.33332e-05
6.86615e-05
-1.583e-05
-1.98058e-05
0.000101034
1.07674e-05
0.00011382
3.8657e-06
0.000120583
-7.22102e-08
0.000122183
-2.35145e-06
0.000119126
-3.76756e-06
0.0001119
-4.77509e-06
0.000101061
-5.48892e-06
8.72754e-05
-5.95759e-06
7.1213e-05
-6.31752e-06
-8.76848e-06
0.000102018
0.000115184
0.000122313
0.000124202
0.000121482
0.000114632
0.000104155
9.0638e-05
7.46227e-05
)
;

boundaryField
{
    inlet
    {
        type            calculated;
        value           nonuniform List<scalar> 
500
(
-0.000305554
-0.000305554
-0.000305554
-0.000305554
-0.000305554
-0.000305554
-0.000305554
-0.000305554
-0.000305554
-0.000305554
-0.000305554
-0.000305554
-0.000305554
-0.000305554
-0.000305554
-0.000305554
-0.000305554
-0.000305554
-0.000305554
-0.000305554
-0.000305554
-0.000305554
-0.000305554
-0.000305554
-0.000305554
-0.000305554
-0.000305554
-0.000305554
-0.000305554
-0.000305554
-0.000305554
-0.000305554
-0.000305554
-0.000305554
-0.000305554
-0.000305554
-0.000305554
-0.000305554
-0.000305554
-0.000305554
-0.000305554
-0.000305554
-0.000305554
-0.000305554
-0.000305554
-0.000305554
-0.000305554
-0.000305554
-0.000305554
-0.000305554
-0.000305554
-0.000305554
-0.000305554
-0.000305554
-0.000305554
-0.000305554
-0.000305554
-0.000305554
-0.000305554
-0.000305554
-0.000305554
-0.000305554
-0.000305554
-0.000305554
-0.000305554
-0.000305554
-0.000305554
-0.000305554
-0.000305554
-0.000305554
-0.000305554
-0.000305554
-0.000305554
-0.000305554
-0.000305554
-0.000305554
-0.000305554
-0.000305554
-0.000305554
-0.000305554
-0.000305554
-0.000305554
-0.000305554
-0.000305554
-0.000305554
-0.000305554
-0.000305554
-0.000305554
-0.000305554
-0.000305554
-0.000305554
-0.000305554
-0.000305554
-0.000305554
-0.000305554
-0.000305554
-0.000305554
-0.000305554
-0.000305554
-0.000305554
-0.000483748
-0.000451227
-0.000418706
-0.000386184
-0.000353663
-0.000321142
-0.00028862
-0.000256099
-0.000223577
-0.000191056
-0.000526485
-0.000493648
-0.00046081
-0.000427973
-0.000395135
-0.000362298
-0.00032946
-0.000296622
-0.000263785
-0.000230947
-0.000561249
-0.000527982
-0.000494716
-0.000461449
-0.000428183
-0.000394917
-0.00036165
-0.000328384
-0.000295117
-0.000261851
-0.000585747
-0.0005521
-0.000518454
-0.000484808
-0.000451161
-0.000417515
-0.000383869
-0.000350222
-0.000316576
-0.00028293
-0.000598399
-0.000564534
-0.000530669
-0.000496804
-0.000462939
-0.000429074
-0.000395209
-0.000361344
-0.000327479
-0.000293614
-0.000598399
-0.000564534
-0.000530669
-0.000496804
-0.000462939
-0.000429074
-0.000395209
-0.000361344
-0.000327479
-0.000293614
-0.000585747
-0.0005521
-0.000518454
-0.000484808
-0.000451161
-0.000417515
-0.000383869
-0.000350222
-0.000316576
-0.00028293
-0.000561249
-0.000527982
-0.000494716
-0.000461449
-0.000428183
-0.000394917
-0.00036165
-0.000328384
-0.000295117
-0.000261851
-0.000526485
-0.000493648
-0.00046081
-0.000427973
-0.000395135
-0.000362298
-0.00032946
-0.000296622
-0.000263785
-0.000230947
-0.000483748
-0.000451227
-0.000418706
-0.000386184
-0.000353663
-0.000321142
-0.00028862
-0.000256099
-0.000223577
-0.000191056
-0.000483748
-0.000451227
-0.000418706
-0.000386184
-0.000353663
-0.000321142
-0.00028862
-0.000256099
-0.000223577
-0.000191056
-0.000526485
-0.000493648
-0.00046081
-0.000427973
-0.000395135
-0.000362298
-0.00032946
-0.000296622
-0.000263785
-0.000230947
-0.000561249
-0.000527982
-0.000494716
-0.000461449
-0.000428183
-0.000394917
-0.00036165
-0.000328384
-0.000295117
-0.000261851
-0.000585747
-0.0005521
-0.000518454
-0.000484808
-0.000451161
-0.000417515
-0.000383869
-0.000350222
-0.000316576
-0.00028293
-0.000598399
-0.000564534
-0.000530669
-0.000496804
-0.000462939
-0.000429074
-0.000395209
-0.000361344
-0.000327479
-0.000293614
-0.000598399
-0.000564534
-0.000530669
-0.000496804
-0.000462939
-0.000429074
-0.000395209
-0.000361344
-0.000327479
-0.000293614
-0.000585747
-0.0005521
-0.000518454
-0.000484808
-0.000451161
-0.000417515
-0.000383869
-0.000350222
-0.000316576
-0.00028293
-0.000561249
-0.000527982
-0.000494716
-0.000461449
-0.000428183
-0.000394917
-0.00036165
-0.000328384
-0.000295117
-0.000261851
-0.000526485
-0.000493648
-0.00046081
-0.000427973
-0.000395135
-0.000362298
-0.00032946
-0.000296622
-0.000263785
-0.000230947
-0.000483748
-0.000451227
-0.000418706
-0.000386184
-0.000353663
-0.000321142
-0.00028862
-0.000256099
-0.000223577
-0.000191056
-0.000483748
-0.000451227
-0.000418706
-0.000386184
-0.000353663
-0.000321142
-0.00028862
-0.000256099
-0.000223577
-0.000191056
-0.000526485
-0.000493648
-0.00046081
-0.000427973
-0.000395135
-0.000362298
-0.00032946
-0.000296622
-0.000263785
-0.000230947
-0.000561249
-0.000527982
-0.000494716
-0.000461449
-0.000428183
-0.000394917
-0.00036165
-0.000328384
-0.000295117
-0.000261851
-0.000585747
-0.0005521
-0.000518454
-0.000484808
-0.000451161
-0.000417515
-0.000383869
-0.000350222
-0.000316576
-0.00028293
-0.000598399
-0.000564534
-0.000530669
-0.000496804
-0.000462939
-0.000429074
-0.000395209
-0.000361344
-0.000327479
-0.000293614
-0.000598399
-0.000564534
-0.000530669
-0.000496804
-0.000462939
-0.000429074
-0.000395209
-0.000361344
-0.000327479
-0.000293614
-0.000585747
-0.0005521
-0.000518454
-0.000484808
-0.000451161
-0.000417515
-0.000383869
-0.000350222
-0.000316576
-0.00028293
-0.000561249
-0.000527982
-0.000494716
-0.000461449
-0.000428183
-0.000394917
-0.00036165
-0.000328384
-0.000295117
-0.000261851
-0.000526485
-0.000493648
-0.00046081
-0.000427973
-0.000395135
-0.000362298
-0.00032946
-0.000296622
-0.000263785
-0.000230947
-0.000483748
-0.000451227
-0.000418706
-0.000386184
-0.000353663
-0.000321142
-0.00028862
-0.000256099
-0.000223577
-0.000191056
-0.000483748
-0.000451227
-0.000418706
-0.000386184
-0.000353663
-0.000321142
-0.00028862
-0.000256099
-0.000223577
-0.000191056
-0.000526485
-0.000493648
-0.00046081
-0.000427973
-0.000395135
-0.000362298
-0.00032946
-0.000296622
-0.000263785
-0.000230947
-0.000561249
-0.000527982
-0.000494716
-0.000461449
-0.000428183
-0.000394917
-0.00036165
-0.000328384
-0.000295117
-0.000261851
-0.000585747
-0.0005521
-0.000518454
-0.000484808
-0.000451161
-0.000417515
-0.000383869
-0.000350222
-0.000316576
-0.00028293
-0.000598399
-0.000564534
-0.000530669
-0.000496804
-0.000462939
-0.000429074
-0.000395209
-0.000361344
-0.000327479
-0.000293614
-0.000598399
-0.000564534
-0.000530669
-0.000496804
-0.000462939
-0.000429074
-0.000395209
-0.000361344
-0.000327479
-0.000293614
-0.000585747
-0.0005521
-0.000518454
-0.000484808
-0.000451161
-0.000417515
-0.000383869
-0.000350222
-0.000316576
-0.00028293
-0.000561249
-0.000527982
-0.000494716
-0.000461449
-0.000428183
-0.000394917
-0.00036165
-0.000328384
-0.000295117
-0.000261851
-0.000526485
-0.000493648
-0.00046081
-0.000427973
-0.000395135
-0.000362298
-0.00032946
-0.000296622
-0.000263785
-0.000230947
-0.000483748
-0.000451227
-0.000418706
-0.000386184
-0.000353663
-0.000321142
-0.00028862
-0.000256099
-0.000223577
-0.000191056
)
;
    }
    outlet
    {
        type            calculated;
        value           nonuniform List<scalar> 
500
(
0.000333261
0.000331709
0.000330043
0.000328334
0.000326599
0.000324849
0.000323081
0.000321286
0.00031944
0.000317523
0.000333453
0.000331808
0.000330087
0.000328349
0.000326607
0.000324867
0.000323126
0.000321376
0.000319593
0.000317755
0.000333546
0.000331842
0.000330096
0.000328349
0.000326607
0.000324874
0.000323146
0.000321417
0.000319671
0.000317899
0.000333593
0.000331852
0.000330096
0.000328346
0.000326605
0.000324875
0.000323154
0.000321436
0.000319711
0.000317983
0.000333614
0.000331855
0.000330095
0.000328343
0.000326604
0.000324876
0.000323158
0.000321444
0.000319729
0.000318025
0.000333614
0.000331855
0.000330095
0.000328343
0.000326604
0.000324876
0.000323158
0.000321444
0.000319729
0.000318024
0.000333594
0.000331852
0.000330096
0.000328346
0.000326605
0.000324875
0.000323155
0.000321437
0.000319711
0.000317982
0.000333548
0.000331842
0.000330097
0.000328349
0.000326606
0.000324873
0.000323146
0.000321418
0.000319671
0.000317898
0.000333456
0.00033181
0.000330087
0.000328348
0.000326605
0.000324865
0.000323126
0.000321376
0.000319593
0.000317755
0.000333265
0.000331712
0.000330044
0.000328332
0.000326596
0.000324845
0.000323079
0.000321284
0.000319439
0.000317522
0.000500872
0.000505558
0.000469816
0.000431679
0.000393732
0.000356132
0.000318829
0.000281812
0.000245123
0.000208843
0.000556746
0.000557376
0.000520085
0.000480827
0.000441889
0.000403356
0.000365167
0.000327316
0.000289848
0.00025283
0.000601096
0.000599465
0.000560833
0.000520488
0.000480553
0.000441063
0.000401952
0.000363211
0.000324874
0.000286997
0.000632228
0.000629172
0.000589513
0.000548306
0.000507568
0.000467303
0.000427445
0.000387979
0.000348928
0.000310335
0.000648321
0.000644562
0.00060434
0.000562653
0.000521467
0.00048077
0.000440494
0.000400625
0.000361175
0.000322179
0.000648322
0.000644563
0.00060434
0.000562653
0.000521467
0.000480769
0.000440494
0.000400624
0.000361175
0.000322179
0.000632232
0.000629173
0.000589513
0.000548306
0.000507567
0.000467303
0.000427444
0.000387979
0.000348928
0.000310335
0.000601098
0.000599466
0.000560833
0.000520488
0.000480552
0.000441062
0.000401951
0.000363211
0.000324874
0.000286998
0.000556747
0.000557377
0.000520085
0.000480826
0.000441888
0.000403356
0.000365167
0.000327317
0.000289849
0.000252832
0.000500874
0.000505559
0.000469816
0.000431679
0.000393732
0.000356132
0.00031883
0.000281814
0.000245125
0.000208845
0.000498014
0.000501588
0.000466622
0.000429094
0.000391642
0.000354475
0.000317557
0.000280871
0.000244438
0.000208336
0.000541252
0.000544268
0.000509376
0.000471958
0.000434559
0.000397385
0.000360413
0.00032363
0.000287057
0.00025076
0.000573564
0.000576545
0.000541883
0.000504622
0.000467288
0.000430115
0.000393091
0.000356208
0.000319478
0.000282954
0.000593101
0.000596489
0.000562291
0.000525361
0.000488253
0.000451235
0.000414313
0.000377479
0.000340742
0.000304141
0.000598723
0.000602978
0.000569566
0.000533223
0.000496583
0.00045996
0.000423378
0.00038683
0.000350324
0.000313892
0.000589939
0.000596041
0.00056354
0.000528007
0.000492079
0.000456103
0.000420113
0.000384107
0.00034809
0.000312099
0.000565785
0.000577826
0.000544998
0.000510248
0.000475185
0.000440042
0.000404847
0.000369592
0.000334285
0.000298969
0.000528758
0.000549873
0.000515689
0.000481281
0.000446995
0.000412719
0.000378399
0.000343997
0.000309518
0.00027501
0.00046703
0.000518158
0.000479849
0.000443456
0.000409207
0.000375563
0.000342035
0.000308448
0.000274767
0.000241036
0.000345095
0.000461847
0.000436491
0.000398164
0.000363583
0.000330392
0.000297475
0.000264506
0.00023141
0.000198211
0.000169097
0.000348107
0.000395377
0.000386526
0.000359334
0.000328148
0.000295971
0.000263385
0.000230559
0.000197573
0.000131636
0.000195029
0.000260996
0.000384212
0.000393633
0.000369
0.000337611
0.000304979
0.000272041
0.000238987
0.000136717
0.000205002
0.00020339
0.000273036
0.000395008
0.000399893
0.000371161
0.00033787
0.000304449
0.000271093
0.000128398
0.00021073
0.000208633
0.000230535
0.000383757
0.000416219
0.000393489
0.000360409
0.000326647
0.000293002
0.000122804
0.000214211
0.00021289
0.000222842
0.000372552
0.000422636
0.00040451
0.000371845
0.000337927
0.000304113
0.000123107
0.000214249
0.000212905
0.000222957
0.000372716
0.000422674
0.000404512
0.000371843
0.000337926
0.000304113
0.000128823
0.000210756
0.000208662
0.000230789
0.000383999
0.000416276
0.000393492
0.000360407
0.000326646
0.000293003
0.000136456
0.000205114
0.000203514
0.000273235
0.000395135
0.000399928
0.000371167
0.000337871
0.00030445
0.000271094
0.000131509
0.000195096
0.000261091
0.000384307
0.000393681
0.000369018
0.00033762
0.000304983
0.000272043
0.000238987
0.000169188
0.000348174
0.00039546
0.000386571
0.000359357
0.000328163
0.000295981
0.000263389
0.00023056
0.000197572
0.000345244
0.000461922
0.000436518
0.000398187
0.000363603
0.000330406
0.000297483
0.00026451
0.000231411
0.000198212
0.000467389
0.000518044
0.00047983
0.000443468
0.000409218
0.000375572
0.000342041
0.000308452
0.00027477
0.000241038
0.00052891
0.000549821
0.000515691
0.000481291
0.000447004
0.000412728
0.000378407
0.000344004
0.000309523
0.000275012
0.000565736
0.000577872
0.000545012
0.000510259
0.000475195
0.000440053
0.000404857
0.0003696
0.000334292
0.000298973
0.000589933
0.000596054
0.00056355
0.000528016
0.000492088
0.000456111
0.000420121
0.000384114
0.000348096
0.000312104
0.000598731
0.000602985
0.000569572
0.000533228
0.000496587
0.000459964
0.000423382
0.000386835
0.000350328
0.000313896
0.000593101
0.000596489
0.000562292
0.000525363
0.000488255
0.000451237
0.000414315
0.000377482
0.000340745
0.000304143
0.000573556
0.000576541
0.000541882
0.000504622
0.000467289
0.000430116
0.000393093
0.000356209
0.000319479
0.000282954
0.000541245
0.000544264
0.000509375
0.000471958
0.000434559
0.000397385
0.000360413
0.000323629
0.000287056
0.000250758
0.000498012
0.000501586
0.000466621
0.000429093
0.000391641
0.000354474
0.000317556
0.00028087
0.000244437
0.000208335
)
;
    }
    walls
    {
        type            calculated;
        value           uniform 0;
    }
}


// ************************************************************************* //
