{
  "name": "Deepwater Medium-Crude-Oil Subsea Tie-back (32 km, 10.75-in) \u2014 normal production (as-operated)",
  "pipeline": {
    "length_m": 32000.0,
    "diameter_m": 0.2545,
    "roughness_m": 4.6e-05,
    "n_cells": 70,
    "elevation_m": [
      -1118.4329406555514,
      -1134.08371765528,
      -1134.9891360973802,
      -1126.606686620636,
      -1117.9663077949851,
      -1114.5292373984391,
      -1114.9560032519805,
      -1113.9186657363994,
      -1107.970234562522,
      -1099.0835714866564,
      -1092.7341985858404,
      -1092.323636205973,
      -1095.0856419495094,
      -1093.4921815121925,
      -1081.4745771501957,
      -1060.4538131801478,
      -1039.9418512336385,
      -1031.6690895108043,
      -1041.4431946356165,
      -1064.9368524810056,
      -1090.6455761056054,
      -1107.7025980812743,
      -1112.5620884158823,
      -1109.6938854965722,
      -1106.364625677693,
      -1106.2284396703192,
      -1107.0463268552755,
      -1104.0420746052353,
      -1095.4878512522664,
      -1085.2606317841273,
      -1079.8568315484642,
      -1082.3265181507093,
      -1088.5172888387317,
      -1089.3293198712017,
      -1077.6950224280633,
      -1054.852209780834,
      -1030.7030935809607,
      -1017.5892033984028,
      -1022.0296748092376,
      -1040.6241112173157,
      -1063.0541923527462,
      -1079.5810848278468,
      -1087.1059746449757,
      -1089.3644472150409,
      -1091.8034923844564,
      -1095.9685280430822,
      -1098.3011956905796,
      -1094.1761181361064,
      -1083.3180505355015,
      -1071.454429459887,
      -1066.2886073423049,
      -1070.8992711324865,
      -1080.1946389245436,
      -1083.835207423364,
      -1073.8070845293944,
      -1050.8746352496469,
      -1024.783704833324,
      -1007.8947551412393,
      -1007.0412183188231,
      -1019.7048453757155,
      -1037.066443995093,
      -1051.0494128290243,
      -1059.5547294381856,
      -1065.9764456836022,
      -1074.078461924751,
      -1083.1729096785948,
      -1088.059242246051,
      -733.7061614973675,
      -379.35308074868374,
      -25.0
    ],
    "wall_layers": null,
    "h_inner": 1500.0,
    "h_outer": 300.0
  },
  "fluids": {
    "rho_oil": 858.0,
    "rho_water": 1025.0,
    "water_cut": 0.35,
    "mu_liquid": 0.005,
    "mu_gas": 1.3e-05,
    "sigma": 0.022,
    "gas_MW": 0.019,
    "gas_Z": 0.9,
    "cp_liquid": 2050.0,
    "cp_gas": 2300.0,
    "L_hyd": 450000.0,
    "rho_hyd": 920.0,
    "hyd_water_massfrac": 0.86,
    "interfacial_Ci": 0.012,
    "gas_wall_drag_frac": 0.1,
    "vm_coeff": 1.2,
    "gas_sg": 0.6,
    "salinity_wt": 4.5,
    "hyd_Teq_table": null,
    "gas_Z_corr": false,
    "gas_Z_table": null,
    "oil_water_slip": false,
    "mu_oil": 0.002,
    "mu_water": 0.0008,
    "droplet_entrainment": false,
    "droplet_field": false,
    "water_drift": false,
    "gas_visc_corr": true,
    "oil_pvt_corr": true,
    "pvt_table": null,
    "composition": {
      "N2": 0.004,
      "CO2": 0.02,
      "C1": 0.43,
      "C2": 0.075,
      "C3": 0.058,
      "iC4": 0.012,
      "nC4": 0.028,
      "iC5": 0.013,
      "nC5": 0.016,
      "C6": 0.03,
      "C7+": 0.314
    },
    "n_pseudo": 1,
    "MW_plus": 140.0,
    "L_condensation": 300000.0,
    "condensation_latent": true,
    "k_liquid": 0.6,
    "water_droplet_d_m": 0.0005,
    "water_droplet_Cd": 0.44,
    "settling_slip_coeff": 0.05,
    "slurry_visc_exp": -2.5,
    "api14e_C_factor": 122.0,
    "wax_appearance_C": 32.0
  },
  "operating": {
    "q_liquid_insitu": 0.055,
    "q_gas_insitu_inlet": 0.15,
    "P_inlet_bar": 150.0,
    "T_inlet_C": 58.0,
    "T_seabed_C": 4.0,
    "U_wall": 22.0,
    "MEG_wt_inlet": 0.0,
    "MEG_basis": "aqueous",
    "MEG_design_margin_C": 2.0
  },
  "kinetics": {
    "kg0": 6e-07,
    "growth_exp_n": 1.0,
    "phi_max": 0.55,
    "Ea_over_R": 1200.0,
    "D_phi": 0.005,
    "nuc_tau0_h": 0.6,
    "nuc_beta_C": 14.0,
    "nuc_dTsub_min": 1.0,
    "k_dep": 0.00012,
    "wall_capture_eff": 1.0,
    "k_ero": 0.002,
    "delta_max_frac": 0.92,
    "consol_restriction": 0.18,
    "C_phi": 1500.0,
    "f_slug_floor_Hz": 0.0001,
    "phi_internal_cap": 50.0,
    "phi_report_cap": 10000.0,
    "k_dep_insul": 0.6,
    "deposit_k_hyd": 0.5,
    "T_ref_K": 283.15,
    "nuc_tau_exp_cap": 50.0,
    "wall_capture_Tsub_ref_C": 8.0,
    "slug_body_holdup_base": 0.7,
    "slug_body_holdup_slope": 0.25,
    "slug_fraction_ref_Hz": 0.05
  },
  "numerics": {
    "t_end_h": 48.0,
    "cfl": 0.4,
    "dt_max_h": 0.05,
    "n_ensemble": 12,
    "seed": 13,
    "monitor_frac": 0.92,
    "plug_restriction_trip": 0.85,
    "n_snapshots": 80,
    "engine": "implicit",
    "uq_inputs": null,
    "dynamic_U": false,
    "deterministic": false,
    "flux_limiter": "minmod",
    "splitting": "strang",
    "substep_cfl_growth": 2.0,
    "clip_warn_frac": 0.05,
    "outlet_open_frac": 0.1,
    "subgrid_slug": false,
    "volume_consistent_pressure": 0.0,
    "acoustic": 0.0,
    "advanced_physics": false,
    "tvd_energy": false,
    "error_dt": false,
    "lhs_uq": false,
    "auto_refine": false,
    "soil_transient": false,
    "soil_thermal_mass": 2000000.0,
    "soil_far_h": 5.0,
    "soil_nodes": 1,
    "soil_far_radius_m": 2.0,
    "soil_conductivity": 2.0,
    "soil_rhocp": 2500000.0,
    "within_step_iters": 1,
    "slug_tracking": false,
    "surge_factor": 1.6,
    "transportable_mu_rel_max": 10.0,
    "twofluid_mass_iters": 8,
    "twofluid_mass_newton_w": 0.85,
    "full_newton_iters": 12,
    "full_newton_tol": 1e-07,
    "full_newton_relax": 1.0,
    "strict": false,
    "cx_velocity_exp": 0.142857,
    "cx_deposit_skew": 1.6,
    "cx_gas_vel_factor": 1.25,
    "cx_liq_vel_factor": 0.85,
    "drift_C0_factor": 1.0
  },
  "scenario": {
    "kind": "steady",
    "event_time_h": 6.0,
    "turndown_factor": 0.5,
    "shutin_residual": 0.02
  }
}