{
  "Vm_peak_mps": 5.0,
  "Vm_bulk_mps": 2.0,
  "Vsl_inlet_mps": 1.0811780865510625,
  "erosional_limit_mps": 5.837998435120011,
  "dP_total_bar": 113.82433473051836,
  "arrival_T_C": 5.314391144298328,
  "monitor_T_C": 5.987729231646605,
  "monitor_km": 29.02857142857143,
  "max_subcooling_C": 20.906882740546305,
  "dT_design_C": 23.733454609537716,
  "MEG_wt_pct": 59.681345356985425,
  "MEG_Lph": 94470.12894978927,
  "MEG_injected_wt": 0.0,
  "under_inhibited_km": 24.22857142857143,
  "U_eff_WmK": 22.0,
  "cooldown_to_hydrate_h": 1.509903313490213e-14,
  "cooldown_source": "transient",
  "slurry_rel_viscosity": 11.287468918394124,
  "slurry_transportable": 0.0,
  "V_surge_P90_m3": 0.3575211391307773,
  "P_plug": 1.0,
  "time_to_plug_P50_h": 2.7746031746032163,
  "time_to_plug_P10_h": 2.132952380952343,
  "time_to_plug_P90_h": 3.5931428571430386,
  "coupled_hotspot_km": 28.571428571428573,
  "max_Phi_SH": 6101.490989917919,
  "Phi_SH_saturated": 0.0,
  "peak_deposit_mm": 117.07000000000001,
  "deposit_full_bore": 1.0,
  "deposit_from_phi_mm": 21.72127677596879,
  "mass_conservation_err": 0.001514285061118988,
  "mass_conservation_warning": 0.0,
  "gas_mass_conservation_err": 1.7724024804479175e-15,
  "hydrate_mass_formed_kg": 9755464.883233722,
  "water_to_hydrate_m3": 8166.171652006985,
  "clip_activations": 13459479.0,
  "clip_warning": 0.0,
  "clip_frac_velocity": 0.010936822877299067,
  "clip_frac_pressure": 0.0033228772990677754,
  "slug_length_mean_m": 15.59469905778246,
  "slug_length_max_m": 36.643508912319305,
  "slug_body_holdup": 0.8928181910193099,
  "slug_film_holdup": 0.001,
  "slug_fraction": 0.8137218130124629,
  "sound_speed_min_mps": 161.80395216217065,
  "scaling_tendency_max": 0.4707838144334917,
  "scaling_risk": 1.0,
  "wax_risk": 1.0,
  "wax_under_km": 22.857142857142858,
  "wax_onset_km": 9.37142857142857,
  "wax_appearance_C": 32.0,
  "gas_water_content_gpSm3": 0.2784170865850648,
  "free_water": 1.0,
  "dew_point_bar": 1.0000000000000004,
  "droplet_entrained_peak": 0.0,
  "gas_holdup_consistency": 0.9971080181454429,
  "water_frac_peak": 0.35,
  "water_accum_km": 0.2285714285714286,
  "fallbacks": 0.0
}