# vtk DataFile Version 3.0
SHCT quasi-3-D reconstructed field
ASCII
DATASET STRUCTURED_GRID
DIMENSIONS 6 24 60
POINTS 8640 float
228.5714 -1118.43294 0.00000
228.5714 -1118.45839 0.00000
228.5714 -1118.48384 0.00000
228.5714 -1118.50929 0.00000
228.5714 -1118.53474 0.00000
228.5714 -1118.56019 0.00000
228.5714 -1118.43294 0.00000
228.5714 -1118.45752 0.00659
228.5714 -1118.48211 0.01317
228.5714 -1118.50669 0.01976
228.5714 -1118.53127 0.02635
228.5714 -1118.55585 0.03293
228.5714 -1118.43294 0.00000
228.5714 -1118.45498 0.01272
228.5714 -1118.47702 0.02545
228.5714 -1118.49906 0.03818
228.5714 -1118.52110 0.05090
228.5714 -1118.54314 0.06362
228.5714 -1118.43294 0.00000
228.5714 -1118.45094 0.01800
228.5714 -1118.46893 0.03599
228.5714 -1118.48693 0.05399
228.5714 -1118.50492 0.07198
228.5714 -1118.52292 0.08998
228.5714 -1118.43294 0.00000
228.5714 -1118.44567 0.02204
228.5714 -1118.45839 0.04408
228.5714 -1118.47112 0.06612
228.5714 -1118.48384 0.08816
228.5714 -1118.49657 0.11020
228.5714 -1118.43294 0.00000
228.5714 -1118.43953 0.02458
228.5714 -1118.44611 0.04917
228.5714 -1118.45270 0.07375
228.5714 -1118.45929 0.09833
228.5714 -1118.46588 0.12291
228.5714 -1118.43294 0.00000
228.5714 -1118.43294 0.02545
228.5714 -1118.43294 0.05090
228.5714 -1118.43294 0.07635
228.5714 -1118.43294 0.10180
228.5714 -1118.43294 0.12725
228.5714 -1118.43294 0.00000
228.5714 -1118.42635 0.02458
228.5714 -1118.41977 0.04917
228.5714 -1118.41318 0.07375
228.5714 -1118.40659 0.09833
228.5714 -1118.40001 0.12291
228.5714 -1118.43294 0.00000
228.5714 -1118.42022 0.02204
228.5714 -1118.40749 0.04408
228.5714 -1118.39477 0.06612
228.5714 -1118.38204 0.08816
228.5714 -1118.36932 0.11020
228.5714 -1118.43294 0.00000
228.5714 -1118.41494 0.01800
228.5714 -1118.39695 0.03599
228.5714 -1118.37895 0.05399
228.5714 -1118.36096 0.07198
228.5714 -1118.34296 0.08998
228.5714 -1118.43294 0.00000
228.5714 -1118.41090 0.01273
228.5714 -1118.38886 0.02545
228.5714 -1118.36682 0.03818
228.5714 -1118.34478 0.05090
228.5714 -1118.32274 0.06363
228.5714 -1118.43294 0.00000
228.5714 -1118.40836 0.00659
228.5714 -1118.38378 0.01317
228.5714 -1118.35919 0.01976
228.5714 -1118.33461 0.02635
228.5714 -1118.31003 0.03293
228.5714 -1118.43294 0.00000
228.5714 -1118.40749 0.00000
228.5714 -1118.38204 0.00000
228.5714 -1118.35659 0.00000
228.5714 -1118.33114 0.00000
228.5714 -1118.30569 0.00000
228.5714 -1118.43294 -0.00000
228.5714 -1118.40836 -0.00659
228.5714 -1118.38378 -0.01317
228.5714 -1118.35919 -0.01976
228.5714 -1118.33461 -0.02635
228.5714 -1118.31003 -0.03293
228.5714 -1118.43294 -0.00000
228.5714 -1118.41090 -0.01272
228.5714 -1118.38886 -0.02545
228.5714 -1118.36682 -0.03817
228.5714 -1118.34478 -0.05090
228.5714 -1118.32274 -0.06362
228.5714 -1118.43294 -0.00000
228.5714 -1118.41494 -0.01800
228.5714 -1118.39695 -0.03599
228.5714 -1118.37895 -0.05399
228.5714 -1118.36096 -0.07198
228.5714 -1118.34296 -0.08998
228.5714 -1118.43294 -0.00000
228.5714 -1118.42022 -0.02204
228.5714 -1118.40749 -0.04408
228.5714 -1118.39477 -0.06612
228.5714 -1118.38204 -0.08816
228.5714 -1118.36932 -0.11020
228.5714 -1118.43294 -0.00000
228.5714 -1118.42635 -0.02458
228.5714 -1118.41977 -0.04917
228.5714 -1118.41318 -0.07375
228.5714 -1118.40659 -0.09833
228.5714 -1118.40001 -0.12291
228.5714 -1118.43294 -0.00000
228.5714 -1118.43294 -0.02545
228.5714 -1118.43294 -0.05090
228.5714 -1118.43294 -0.07635
228.5714 -1118.43294 -0.10180
228.5714 -1118.43294 -0.12725
228.5714 -1118.43294 -0.00000
228.5714 -1118.43953 -0.02458
228.5714 -1118.44611 -0.04917
228.5714 -1118.45270 -0.07375
228.5714 -1118.45929 -0.09833
228.5714 -1118.46588 -0.12291
228.5714 -1118.43294 -0.00000
228.5714 -1118.44567 -0.02204
228.5714 -1118.45839 -0.04408
228.5714 -1118.47112 -0.06612
228.5714 -1118.48384 -0.08816
228.5714 -1118.49657 -0.11020
228.5714 -1118.43294 -0.00000
228.5714 -1118.45094 -0.01800
228.5714 -1118.46893 -0.03599
228.5714 -1118.48693 -0.05399
228.5714 -1118.50492 -0.07198
228.5714 -1118.52292 -0.08998
228.5714 -1118.43294 -0.00000
228.5714 -1118.45498 -0.01273
228.5714 -1118.47702 -0.02545
228.5714 -1118.49906 -0.03818
228.5714 -1118.52110 -0.05090
228.5714 -1118.54314 -0.06363
228.5714 -1118.43294 -0.00000
228.5714 -1118.45752 -0.00659
228.5714 -1118.48211 -0.01317
228.5714 -1118.50669 -0.01976
228.5714 -1118.53127 -0.02635
228.5714 -1118.55585 -0.03293
685.7143 -1134.08372 0.00000
685.7143 -1134.10917 0.00000
685.7143 -1134.13462 0.00000
685.7143 -1134.16007 0.00000
685.7143 -1134.18552 0.00000
685.7143 -1134.21097 0.00000
685.7143 -1134.08372 0.00000
685.7143 -1134.10830 0.00659
685.7143 -1134.13288 0.01317
685.7143 -1134.15747 0.01976
685.7143 -1134.18205 0.02635
685.7143 -1134.20663 0.03293
685.7143 -1134.08372 0.00000
685.7143 -1134.10576 0.01272
685.7143 -1134.12780 0.02545
685.7143 -1134.14984 0.03818
685.7143 -1134.17188 0.05090
685.7143 -1134.19392 0.06362
685.7143 -1134.08372 0.00000
685.7143 -1134.10171 0.01800
685.7143 -1134.11971 0.03599
685.7143 -1134.13771 0.05399
685.7143 -1134.15570 0.07198
685.7143 -1134.17370 0.08998
685.7143 -1134.08372 0.00000
685.7143 -1134.09644 0.02204
685.7143 -1134.10917 0.04408
685.7143 -1134.12189 0.06612
685.7143 -1134.13462 0.08816
685.7143 -1134.14734 0.11020
685.7143 -1134.08372 0.00000
685.7143 -1134.09030 0.02458
685.7143 -1134.09689 0.04917
685.7143 -1134.10348 0.07375
685.7143 -1134.11007 0.09833
685.7143 -1134.11665 0.12291
685.7143 -1134.08372 0.00000
685.7143 -1134.08372 0.02545
685.7143 -1134.08372 0.05090
685.7143 -1134.08372 0.07635
685.7143 -1134.08372 0.10180
685.7143 -1134.08372 0.12725
685.7143 -1134.08372 0.00000
685.7143 -1134.07713 0.02458
685.7143 -1134.07054 0.04917
685.7143 -1134.06396 0.07375
685.7143 -1134.05737 0.09833
685.7143 -1134.05078 0.12291
685.7143 -1134.08372 0.00000
685.7143 -1134.07099 0.02204
685.7143 -1134.05827 0.04408
685.7143 -1134.04554 0.06612
685.7143 -1134.03282 0.08816
685.7143 -1134.02009 0.11020
685.7143 -1134.08372 0.00000
685.7143 -1134.06572 0.01800
685.7143 -1134.04773 0.03599
685.7143 -1134.02973 0.05399
685.7143 -1134.01173 0.07198
685.7143 -1133.99374 0.08998
685.7143 -1134.08372 0.00000
685.7143 -1134.06168 0.01273
685.7143 -1134.03964 0.02545
685.7143 -1134.01760 0.03818
685.7143 -1133.99556 0.05090
685.7143 -1133.97352 0.06363
685.7143 -1134.08372 0.00000
685.7143 -1134.05913 0.00659
685.7143 -1134.03455 0.01317
685.7143 -1134.00997 0.01976
685.7143 -1133.98539 0.02635
685.7143 -1133.96080 0.03293
685.7143 -1134.08372 0.00000
685.7143 -1134.05827 0.00000
685.7143 -1134.03282 0.00000
685.7143 -1134.00737 0.00000
685.7143 -1133.98192 0.00000
685.7143 -1133.95647 0.00000
685.7143 -1134.08372 -0.00000
685.7143 -1134.05913 -0.00659
685.7143 -1134.03455 -0.01317
685.7143 -1134.00997 -0.01976
685.7143 -1133.98539 -0.02635
685.7143 -1133.96080 -0.03293
685.7143 -1134.08372 -0.00000
685.7143 -1134.06168 -0.01272
685.7143 -1134.03964 -0.02545
685.7143 -1134.01760 -0.03817
685.7143 -1133.99556 -0.05090
685.7143 -1133.97352 -0.06362
685.7143 -1134.08372 -0.00000
685.7143 -1134.06572 -0.01800
685.7143 -1134.04773 -0.03599
685.7143 -1134.02973 -0.05399
685.7143 -1134.01173 -0.07198
685.7143 -1133.99374 -0.08998
685.7143 -1134.08372 -0.00000
685.7143 -1134.07099 -0.02204
685.7143 -1134.05827 -0.04408
685.7143 -1134.04554 -0.06612
685.7143 -1134.03282 -0.08816
685.7143 -1134.02009 -0.11020
685.7143 -1134.08372 -0.00000
685.7143 -1134.07713 -0.02458
685.7143 -1134.07054 -0.04917
685.7143 -1134.06396 -0.07375
685.7143 -1134.05737 -0.09833
685.7143 -1134.05078 -0.12291
685.7143 -1134.08372 -0.00000
685.7143 -1134.08372 -0.02545
685.7143 -1134.08372 -0.05090
685.7143 -1134.08372 -0.07635
685.7143 -1134.08372 -0.10180
685.7143 -1134.08372 -0.12725
685.7143 -1134.08372 -0.00000
685.7143 -1134.09030 -0.02458
685.7143 -1134.09689 -0.04917
685.7143 -1134.10348 -0.07375
685.7143 -1134.11007 -0.09833
685.7143 -1134.11665 -0.12291
685.7143 -1134.08372 -0.00000
685.7143 -1134.09644 -0.02204
685.7143 -1134.10917 -0.04408
685.7143 -1134.12189 -0.06612
685.7143 -1134.13462 -0.08816
685.7143 -1134.14734 -0.11020
685.7143 -1134.08372 -0.00000
685.7143 -1134.10171 -0.01800
685.7143 -1134.11971 -0.03599
685.7143 -1134.13771 -0.05399
685.7143 -1134.15570 -0.07198
685.7143 -1134.17370 -0.08998
685.7143 -1134.08372 -0.00000
685.7143 -1134.10576 -0.01273
685.7143 -1134.12780 -0.02545
685.7143 -1134.14984 -0.03818
685.7143 -1134.17188 -0.05090
685.7143 -1134.19392 -0.06363
685.7143 -1134.08372 -0.00000
685.7143 -1134.10830 -0.00659
685.7143 -1134.13288 -0.01317
685.7143 -1134.15747 -0.01976
685.7143 -1134.18205 -0.02635
685.7143 -1134.20663 -0.03293
1142.8571 -1134.98914 0.00000
1142.8571 -1135.01459 0.00000
1142.8571 -1135.04004 0.00000
1142.8571 -1135.06549 0.00000
1142.8571 -1135.09094 0.00000
1142.8571 -1135.11639 0.00000
1142.8571 -1134.98914 0.00000
1142.8571 -1135.01372 0.00659
1142.8571 -1135.03830 0.01317
1142.8571 -1135.06288 0.01976
1142.8571 -1135.08747 0.02635
1142.8571 -1135.11205 0.03293
1142.8571 -1134.98914 0.00000
1142.8571 -1135.01118 0.01272
1142.8571 -1135.03322 0.02545
1142.8571 -1135.05526 0.03818
1142.8571 -1135.07730 0.05090
1142.8571 -1135.09934 0.06362
1142.8571 -1134.98914 0.00000
1142.8571 -1135.00713 0.01800
1142.8571 -1135.02513 0.03599
1142.8571 -1135.04312 0.05399
1142.8571 -1135.06112 0.07198
1142.8571 -1135.07912 0.08998
1142.8571 -1134.98914 0.00000
1142.8571 -1135.00186 0.02204
1142.8571 -1135.01459 0.04408
1142.8571 -1135.02731 0.06612
1142.8571 -1135.04004 0.08816
1142.8571 -1135.05276 0.11020
1142.8571 -1134.98914 0.00000
1142.8571 -1134.99572 0.02458
1142.8571 -1135.00231 0.04917
1142.8571 -1135.00890 0.07375
1142.8571 -1135.01548 0.09833
1142.8571 -1135.02207 0.12291
1142.8571 -1134.98914 0.00000
1142.8571 -1134.98914 0.02545
1142.8571 -1134.98914 0.05090
1142.8571 -1134.98914 0.07635
1142.8571 -1134.98914 0.10180
1142.8571 -1134.98914 0.12725
1142.8571 -1134.98914 0.00000
1142.8571 -1134.98255 0.02458
1142.8571 -1134.97596 0.04917
1142.8571 -1134.96938 0.07375
1142.8571 -1134.96279 0.09833
1142.8571 -1134.95620 0.12291
1142.8571 -1134.98914 0.00000
1142.8571 -1134.97641 0.02204
1142.8571 -1134.96369 0.04408
1142.8571 -1134.95096 0.06612
1142.8571 -1134.93824 0.08816
1142.8571 -1134.92551 0.11020
1142.8571 -1134.98914 0.00000
1142.8571 -1134.97114 0.01800
1142.8571 -1134.95314 0.03599
1142.8571 -1134.93515 0.05399
1142.8571 -1134.91715 0.07198
1142.8571 -1134.89916 0.08998
1142.8571 -1134.98914 0.00000
1142.8571 -1134.96710 0.01273
1142.8571 -1134.94506 0.02545
1142.8571 -1134.92302 0.03818
1142.8571 -1134.90097 0.05090
1142.8571 -1134.87893 0.06363
1142.8571 -1134.98914 0.00000
1142.8571 -1134.96455 0.00659
1142.8571 -1134.93997 0.01317
1142.8571 -1134.91539 0.01976
1142.8571 -1134.89080 0.02635
1142.8571 -1134.86622 0.03293
1142.8571 -1134.98914 0.00000
1142.8571 -1134.96369 0.00000
1142.8571 -1134.93824 0.00000
1142.8571 -1134.91279 0.00000
1142.8571 -1134.88734 0.00000
1142.8571 -1134.86189 0.00000
1142.8571 -1134.98914 -0.00000
1142.8571 -1134.96455 -0.00659
1142.8571 -1134.93997 -0.01317
1142.8571 -1134.91539 -0.01976
1142.8571 -1134.89080 -0.02635
1142.8571 -1134.86622 -0.03293
1142.8571 -1134.98914 -0.00000
1142.8571 -1134.96710 -0.01272
1142.8571 -1134.94506 -0.02545
1142.8571 -1134.92302 -0.03817
1142.8571 -1134.90097 -0.05090
1142.8571 -1134.87893 -0.06362
1142.8571 -1134.98914 -0.00000
1142.8571 -1134.97114 -0.01800
1142.8571 -1134.95314 -0.03599
1142.8571 -1134.93515 -0.05399
1142.8571 -1134.91715 -0.07198
1142.8571 -1134.89916 -0.08998
1142.8571 -1134.98914 -0.00000
1142.8571 -1134.97641 -0.02204
1142.8571 -1134.96369 -0.04408
1142.8571 -1134.95096 -0.06612
1142.8571 -1134.93824 -0.08816
1142.8571 -1134.92551 -0.11020
1142.8571 -1134.98914 -0.00000
1142.8571 -1134.98255 -0.02458
1142.8571 -1134.97596 -0.04917
1142.8571 -1134.96938 -0.07375
1142.8571 -1134.96279 -0.09833
1142.8571 -1134.95620 -0.12291
1142.8571 -1134.98914 -0.00000
1142.8571 -1134.98914 -0.02545
1142.8571 -1134.98914 -0.05090
1142.8571 -1134.98914 -0.07635
1142.8571 -1134.98914 -0.10180
1142.8571 -1134.98914 -0.12725
1142.8571 -1134.98914 -0.00000
1142.8571 -1134.99572 -0.02458
1142.8571 -1135.00231 -0.04917
1142.8571 -1135.00890 -0.07375
1142.8571 -1135.01548 -0.09833
1142.8571 -1135.02207 -0.12291
1142.8571 -1134.98914 -0.00000
1142.8571 -1135.00186 -0.02204
1142.8571 -1135.01459 -0.04408
1142.8571 -1135.02731 -0.06612
1142.8571 -1135.04004 -0.08816
1142.8571 -1135.05276 -0.11020
1142.8571 -1134.98914 -0.00000
1142.8571 -1135.00713 -0.01800
1142.8571 -1135.02513 -0.03599
1142.8571 -1135.04312 -0.05399
1142.8571 -1135.06112 -0.07198
1142.8571 -1135.07912 -0.08998
1142.8571 -1134.98914 -0.00000
1142.8571 -1135.01118 -0.01273
1142.8571 -1135.03322 -0.02545
1142.8571 -1135.05526 -0.03818
1142.8571 -1135.07730 -0.05090
1142.8571 -1135.09934 -0.06363
1142.8571 -1134.98914 -0.00000
1142.8571 -1135.01372 -0.00659
1142.8571 -1135.03830 -0.01317
1142.8571 -1135.06288 -0.01976
1142.8571 -1135.08747 -0.02635
1142.8571 -1135.11205 -0.03293
1600.0000 -1126.60669 0.00000
1600.0000 -1126.63214 0.00000
1600.0000 -1126.65759 0.00000
1600.0000 -1126.68304 0.00000
1600.0000 -1126.70849 0.00000
1600.0000 -1126.73394 0.00000
1600.0000 -1126.60669 0.00000
1600.0000 -1126.63127 0.00659
1600.0000 -1126.65585 0.01317
1600.0000 -1126.68044 0.01976
1600.0000 -1126.70502 0.02635
1600.0000 -1126.72960 0.03293
1600.0000 -1126.60669 0.00000
1600.0000 -1126.62873 0.01272
1600.0000 -1126.65077 0.02545
1600.0000 -1126.67281 0.03818
1600.0000 -1126.69485 0.05090
1600.0000 -1126.71689 0.06362
1600.0000 -1126.60669 0.00000
1600.0000 -1126.62468 0.01800
1600.0000 -1126.64268 0.03599
1600.0000 -1126.66067 0.05399
1600.0000 -1126.67867 0.07198
1600.0000 -1126.69667 0.08998
1600.0000 -1126.60669 0.00000
1600.0000 -1126.61941 0.02204
1600.0000 -1126.63214 0.04408
1600.0000 -1126.64486 0.06612
1600.0000 -1126.65759 0.08816
1600.0000 -1126.67031 0.11020
1600.0000 -1126.60669 0.00000
1600.0000 -1126.61327 0.02458
1600.0000 -1126.61986 0.04917
1600.0000 -1126.62645 0.07375
1600.0000 -1126.63303 0.09833
1600.0000 -1126.63962 0.12291
1600.0000 -1126.60669 0.00000
1600.0000 -1126.60669 0.02545
1600.0000 -1126.60669 0.05090
1600.0000 -1126.60669 0.07635
1600.0000 -1126.60669 0.10180
1600.0000 -1126.60669 0.12725
1600.0000 -1126.60669 0.00000
1600.0000 -1126.60010 0.02458
1600.0000 -1126.59351 0.04917
1600.0000 -1126.58693 0.07375
1600.0000 -1126.58034 0.09833
1600.0000 -1126.57375 0.12291
1600.0000 -1126.60669 0.00000
1600.0000 -1126.59396 0.02204
1600.0000 -1126.58124 0.04408
1600.0000 -1126.56851 0.06612
1600.0000 -1126.55579 0.08816
1600.0000 -1126.54306 0.11020
1600.0000 -1126.60669 0.00000
1600.0000 -1126.58869 0.01800
1600.0000 -1126.57069 0.03599
1600.0000 -1126.55270 0.05399
1600.0000 -1126.53470 0.07198
1600.0000 -1126.51671 0.08998
1600.0000 -1126.60669 0.00000
1600.0000 -1126.58465 0.01273
1600.0000 -1126.56261 0.02545
1600.0000 -1126.54057 0.03818
1600.0000 -1126.51853 0.05090
1600.0000 -1126.49648 0.06363
1600.0000 -1126.60669 0.00000
1600.0000 -1126.58210 0.00659
1600.0000 -1126.55752 0.01317
1600.0000 -1126.53294 0.01976
1600.0000 -1126.50836 0.02635
1600.0000 -1126.48377 0.03293
1600.0000 -1126.60669 0.00000
1600.0000 -1126.58124 0.00000
1600.0000 -1126.55579 0.00000
1600.0000 -1126.53034 0.00000
1600.0000 -1126.50489 0.00000
1600.0000 -1126.47944 0.00000
1600.0000 -1126.60669 -0.00000
1600.0000 -1126.58210 -0.00659
1600.0000 -1126.55752 -0.01317
1600.0000 -1126.53294 -0.01976
1600.0000 -1126.50836 -0.02635
1600.0000 -1126.48377 -0.03293
1600.0000 -1126.60669 -0.00000
1600.0000 -1126.58465 -0.01272
1600.0000 -1126.56261 -0.02545
1600.0000 -1126.54057 -0.03817
1600.0000 -1126.51853 -0.05090
1600.0000 -1126.49648 -0.06362
1600.0000 -1126.60669 -0.00000
1600.0000 -1126.58869 -0.01800
1600.0000 -1126.57069 -0.03599
1600.0000 -1126.55270 -0.05399
1600.0000 -1126.53470 -0.07198
1600.0000 -1126.51671 -0.08998
1600.0000 -1126.60669 -0.00000
1600.0000 -1126.59396 -0.02204
1600.0000 -1126.58124 -0.04408
1600.0000 -1126.56851 -0.06612
1600.0000 -1126.55579 -0.08816
1600.0000 -1126.54306 -0.11020
1600.0000 -1126.60669 -0.00000
1600.0000 -1126.60010 -0.02458
1600.0000 -1126.59351 -0.04917
1600.0000 -1126.58693 -0.07375
1600.0000 -1126.58034 -0.09833
1600.0000 -1126.57375 -0.12291
1600.0000 -1126.60669 -0.00000
1600.0000 -1126.60669 -0.02545
1600.0000 -1126.60669 -0.05090
1600.0000 -1126.60669 -0.07635
1600.0000 -1126.60669 -0.10180
1600.0000 -1126.60669 -0.12725
1600.0000 -1126.60669 -0.00000
1600.0000 -1126.61327 -0.02458
1600.0000 -1126.61986 -0.04917
1600.0000 -1126.62645 -0.07375
1600.0000 -1126.63303 -0.09833
1600.0000 -1126.63962 -0.12291
1600.0000 -1126.60669 -0.00000
1600.0000 -1126.61941 -0.02204
1600.0000 -1126.63214 -0.04408
1600.0000 -1126.64486 -0.06612
1600.0000 -1126.65759 -0.08816
1600.0000 -1126.67031 -0.11020
1600.0000 -1126.60669 -0.00000
1600.0000 -1126.62468 -0.01800
1600.0000 -1126.64268 -0.03599
1600.0000 -1126.66067 -0.05399
1600.0000 -1126.67867 -0.07198
1600.0000 -1126.69667 -0.08998
1600.0000 -1126.60669 -0.00000
1600.0000 -1126.62873 -0.01273
1600.0000 -1126.65077 -0.02545
1600.0000 -1126.67281 -0.03818
1600.0000 -1126.69485 -0.05090
1600.0000 -1126.71689 -0.06363
1600.0000 -1126.60669 -0.00000
1600.0000 -1126.63127 -0.00659
1600.0000 -1126.65585 -0.01317
1600.0000 -1126.68044 -0.01976
1600.0000 -1126.70502 -0.02635
1600.0000 -1126.72960 -0.03293
2057.1429 -1117.96631 0.00000
2057.1429 -1117.99176 0.00000
2057.1429 -1118.01721 0.00000
2057.1429 -1118.04266 0.00000
2057.1429 -1118.06811 0.00000
2057.1429 -1118.09356 0.00000
2057.1429 -1117.96631 0.00000
2057.1429 -1117.99089 0.00659
2057.1429 -1118.01547 0.01317
2057.1429 -1118.04006 0.01976
2057.1429 -1118.06464 0.02635
2057.1429 -1118.08922 0.03293
2057.1429 -1117.96631 0.00000
2057.1429 -1117.98835 0.01272
2057.1429 -1118.01039 0.02545
2057.1429 -1118.03243 0.03818
2057.1429 -1118.05447 0.05090
2057.1429 -1118.07651 0.06362
2057.1429 -1117.96631 0.00000
2057.1429 -1117.98430 0.01800
2057.1429 -1118.00230 0.03599
2057.1429 -1118.02030 0.05399
2057.1429 -1118.03829 0.07198
2057.1429 -1118.05629 0.08998
2057.1429 -1117.96631 0.00000
2057.1429 -1117.97903 0.02204
2057.1429 -1117.99176 0.04408
2057.1429 -1118.00448 0.06612
2057.1429 -1118.01721 0.08816
2057.1429 -1118.02993 0.11020
2057.1429 -1117.96631 0.00000
2057.1429 -1117.97289 0.02458
2057.1429 -1117.97948 0.04917
2057.1429 -1117.98607 0.07375
2057.1429 -1117.99266 0.09833
2057.1429 -1117.99924 0.12291
2057.1429 -1117.96631 0.00000
2057.1429 -1117.96631 0.02545
2057.1429 -1117.96631 0.05090
2057.1429 -1117.96631 0.07635
2057.1429 -1117.96631 0.10180
2057.1429 -1117.96631 0.12725
2057.1429 -1117.96631 0.00000
2057.1429 -1117.95972 0.02458
2057.1429 -1117.95313 0.04917
2057.1429 -1117.94655 0.07375
2057.1429 -1117.93996 0.09833
2057.1429 -1117.93337 0.12291
2057.1429 -1117.96631 0.00000
2057.1429 -1117.95358 0.02204
2057.1429 -1117.94086 0.04408
2057.1429 -1117.92813 0.06612
2057.1429 -1117.91541 0.08816
2057.1429 -1117.90268 0.11020
2057.1429 -1117.96631 0.00000
2057.1429 -1117.94831 0.01800
2057.1429 -1117.93032 0.03599
2057.1429 -1117.91232 0.05399
2057.1429 -1117.89432 0.07198
2057.1429 -1117.87633 0.08998
2057.1429 -1117.96631 0.00000
2057.1429 -1117.94427 0.01273
2057.1429 -1117.92223 0.02545
2057.1429 -1117.90019 0.03818
2057.1429 -1117.87815 0.05090
2057.1429 -1117.85611 0.06363
2057.1429 -1117.96631 0.00000
2057.1429 -1117.94172 0.00659
2057.1429 -1117.91714 0.01317
2057.1429 -1117.89256 0.01976
2057.1429 -1117.86798 0.02635
2057.1429 -1117.84339 0.03293
2057.1429 -1117.96631 0.00000
2057.1429 -1117.94086 0.00000
2057.1429 -1117.91541 0.00000
2057.1429 -1117.88996 0.00000
2057.1429 -1117.86451 0.00000
2057.1429 -1117.83906 0.00000
2057.1429 -1117.96631 -0.00000
2057.1429 -1117.94172 -0.00659
2057.1429 -1117.91714 -0.01317
2057.1429 -1117.89256 -0.01976
2057.1429 -1117.86798 -0.02635
2057.1429 -1117.84339 -0.03293
2057.1429 -1117.96631 -0.00000
2057.1429 -1117.94427 -0.01272
2057.1429 -1117.92223 -0.02545
2057.1429 -1117.90019 -0.03817
2057.1429 -1117.87815 -0.05090
2057.1429 -1117.85611 -0.06362
2057.1429 -1117.96631 -0.00000
2057.1429 -1117.94831 -0.01800
2057.1429 -1117.93032 -0.03599
2057.1429 -1117.91232 -0.05399
2057.1429 -1117.89432 -0.07198
2057.1429 -1117.87633 -0.08998
2057.1429 -1117.96631 -0.00000
2057.1429 -1117.95358 -0.02204
2057.1429 -1117.94086 -0.04408
2057.1429 -1117.92813 -0.06612
2057.1429 -1117.91541 -0.08816
2057.1429 -1117.90268 -0.11020
2057.1429 -1117.96631 -0.00000
2057.1429 -1117.95972 -0.02458
2057.1429 -1117.95313 -0.04917
2057.1429 -1117.94655 -0.07375
2057.1429 -1117.93996 -0.09833
2057.1429 -1117.93337 -0.12291
2057.1429 -1117.96631 -0.00000
2057.1429 -1117.96631 -0.02545
2057.1429 -1117.96631 -0.05090
2057.1429 -1117.96631 -0.07635
2057.1429 -1117.96631 -0.10180
2057.1429 -1117.96631 -0.12725
2057.1429 -1117.96631 -0.00000
2057.1429 -1117.97289 -0.02458
2057.1429 -1117.97948 -0.04917
2057.1429 -1117.98607 -0.07375
2057.1429 -1117.99266 -0.09833
2057.1429 -1117.99924 -0.12291
2057.1429 -1117.96631 -0.00000
2057.1429 -1117.97903 -0.02204
2057.1429 -1117.99176 -0.04408
2057.1429 -1118.00448 -0.06612
2057.1429 -1118.01721 -0.08816
2057.1429 -1118.02993 -0.11020
2057.1429 -1117.96631 -0.00000
2057.1429 -1117.98430 -0.01800
2057.1429 -1118.00230 -0.03599
2057.1429 -1118.02030 -0.05399
2057.1429 -1118.03829 -0.07198
2057.1429 -1118.05629 -0.08998
2057.1429 -1117.96631 -0.00000
2057.1429 -1117.98835 -0.01273
2057.1429 -1118.01039 -0.02545
2057.1429 -1118.03243 -0.03818
2057.1429 -1118.05447 -0.05090
2057.1429 -1118.07651 -0.06363
2057.1429 -1117.96631 -0.00000
2057.1429 -1117.99089 -0.00659
2057.1429 -1118.01547 -0.01317
2057.1429 -1118.04006 -0.01976
2057.1429 -1118.06464 -0.02635
2057.1429 -1118.08922 -0.03293
2514.2857 -1114.52924 0.00000
2514.2857 -1114.55469 0.00000
2514.2857 -1114.58014 0.00000
2514.2857 -1114.60559 0.00000
2514.2857 -1114.63104 0.00000
2514.2857 -1114.65649 0.00000
2514.2857 -1114.52924 0.00000
2514.2857 -1114.55382 0.00659
2514.2857 -1114.57840 0.01317
2514.2857 -1114.60299 0.01976
2514.2857 -1114.62757 0.02635
2514.2857 -1114.65215 0.03293
2514.2857 -1114.52924 0.00000
2514.2857 -1114.55128 0.01272
2514.2857 -1114.57332 0.02545
2514.2857 -1114.59536 0.03818
2514.2857 -1114.61740 0.05090
2514.2857 -1114.63944 0.06362
2514.2857 -1114.52924 0.00000
2514.2857 -1114.54723 0.01800
2514.2857 -1114.56523 0.03599
2514.2857 -1114.58323 0.05399
2514.2857 -1114.60122 0.07198
2514.2857 -1114.61922 0.08998
2514.2857 -1114.52924 0.00000
2514.2857 -1114.54196 0.02204
2514.2857 -1114.55469 0.04408
2514.2857 -1114.56741 0.06612
2514.2857 -1114.58014 0.08816
2514.2857 -1114.59286 0.11020
2514.2857 -1114.52924 0.00000
2514.2857 -1114.53582 0.02458
2514.2857 -1114.54241 0.04917
2514.2857 -1114.54900 0.07375
2514.2857 -1114.55559 0.09833
2514.2857 -1114.56217 0.12291
2514.2857 -1114.52924 0.00000
2514.2857 -1114.52924 0.02545
2514.2857 -1114.52924 0.05090
2514.2857 -1114.52924 0.07635
2514.2857 -1114.52924 0.10180
2514.2857 -1114.52924 0.12725
2514.2857 -1114.52924 0.00000
2514.2857 -1114.52265 0.02458
2514.2857 -1114.51606 0.04917
2514.2857 -1114.50948 0.07375
2514.2857 -1114.50289 0.09833
2514.2857 -1114.49630 0.12291
2514.2857 -1114.52924 0.00000
2514.2857 -1114.51651 0.02204
2514.2857 -1114.50379 0.04408
2514.2857 -1114.49106 0.06612
2514.2857 -1114.47834 0.08816
2514.2857 -1114.46561 0.11020
2514.2857 -1114.52924 0.00000
2514.2857 -1114.51124 0.01800
2514.2857 -1114.49325 0.03599
2514.2857 -1114.47525 0.05399
2514.2857 -1114.45725 0.07198
2514.2857 -1114.43926 0.08998
2514.2857 -1114.52924 0.00000
2514.2857 -1114.50720 0.01273
2514.2857 -1114.48516 0.02545
2514.2857 -1114.46312 0.03818
2514.2857 -1114.44108 0.05090
2514.2857 -1114.41904 0.06363
2514.2857 -1114.52924 0.00000
2514.2857 -1114.50465 0.00659
2514.2857 -1114.48007 0.01317
2514.2857 -1114.45549 0.01976
2514.2857 -1114.43091 0.02635
2514.2857 -1114.40632 0.03293
2514.2857 -1114.52924 0.00000
2514.2857 -1114.50379 0.00000
2514.2857 -1114.47834 0.00000
2514.2857 -1114.45289 0.00000
2514.2857 -1114.42744 0.00000
2514.2857 -1114.40199 0.00000
2514.2857 -1114.52924 -0.00000
2514.2857 -1114.50465 -0.00659
2514.2857 -1114.48007 -0.01317
2514.2857 -1114.45549 -0.01976
2514.2857 -1114.43091 -0.02635
2514.2857 -1114.40632 -0.03293
2514.2857 -1114.52924 -0.00000
2514.2857 -1114.50720 -0.01272
2514.2857 -1114.48516 -0.02545
2514.2857 -1114.46312 -0.03817
2514.2857 -1114.44108 -0.05090
2514.2857 -1114.41904 -0.06362
2514.2857 -1114.52924 -0.00000
2514.2857 -1114.51124 -0.01800
2514.2857 -1114.49325 -0.03599
2514.2857 -1114.47525 -0.05399
2514.2857 -1114.45725 -0.07198
2514.2857 -1114.43926 -0.08998
2514.2857 -1114.52924 -0.00000
2514.2857 -1114.51651 -0.02204
2514.2857 -1114.50379 -0.04408
2514.2857 -1114.49106 -0.06612
2514.2857 -1114.47834 -0.08816
2514.2857 -1114.46561 -0.11020
2514.2857 -1114.52924 -0.00000
2514.2857 -1114.52265 -0.02458
2514.2857 -1114.51606 -0.04917
2514.2857 -1114.50948 -0.07375
2514.2857 -1114.50289 -0.09833
2514.2857 -1114.49630 -0.12291
2514.2857 -1114.52924 -0.00000
2514.2857 -1114.52924 -0.02545
2514.2857 -1114.52924 -0.05090
2514.2857 -1114.52924 -0.07635
2514.2857 -1114.52924 -0.10180
2514.2857 -1114.52924 -0.12725
2514.2857 -1114.52924 -0.00000
2514.2857 -1114.53582 -0.02458
2514.2857 -1114.54241 -0.04917
2514.2857 -1114.54900 -0.07375
2514.2857 -1114.55559 -0.09833
2514.2857 -1114.56217 -0.12291
2514.2857 -1114.52924 -0.00000
2514.2857 -1114.54196 -0.02204
2514.2857 -1114.55469 -0.04408
2514.2857 -1114.56741 -0.06612
2514.2857 -1114.58014 -0.08816
2514.2857 -1114.59286 -0.11020
2514.2857 -1114.52924 -0.00000
2514.2857 -1114.54723 -0.01800
2514.2857 -1114.56523 -0.03599
2514.2857 -1114.58323 -0.05399
2514.2857 -1114.60122 -0.07198
2514.2857 -1114.61922 -0.08998
2514.2857 -1114.52924 -0.00000
2514.2857 -1114.55128 -0.01273
2514.2857 -1114.57332 -0.02545
2514.2857 -1114.59536 -0.03818
2514.2857 -1114.61740 -0.05090
2514.2857 -1114.63944 -0.06363
2514.2857 -1114.52924 -0.00000
2514.2857 -1114.55382 -0.00659
2514.2857 -1114.57840 -0.01317
2514.2857 -1114.60299 -0.01976
2514.2857 -1114.62757 -0.02635
2514.2857 -1114.65215 -0.03293
3428.5714 -1113.91867 0.00000
3428.5714 -1113.94412 0.00000
3428.5714 -1113.96957 0.00000
3428.5714 -1113.99502 0.00000
3428.5714 -1114.02047 0.00000
3428.5714 -1114.04592 0.00000
3428.5714 -1113.91867 0.00000
3428.5714 -1113.94325 0.00659
3428.5714 -1113.96783 0.01317
3428.5714 -1113.99241 0.01976
3428.5714 -1114.01700 0.02635
3428.5714 -1114.04158 0.03293
3428.5714 -1113.91867 0.00000
3428.5714 -1113.94071 0.01272
3428.5714 -1113.96275 0.02545
3428.5714 -1113.98479 0.03818
3428.5714 -1114.00683 0.05090
3428.5714 -1114.02887 0.06362
3428.5714 -1113.91867 0.00000
3428.5714 -1113.93666 0.01800
3428.5714 -1113.95466 0.03599
3428.5714 -1113.97265 0.05399
3428.5714 -1113.99065 0.07198
3428.5714 -1114.00865 0.08998
3428.5714 -1113.91867 0.00000
3428.5714 -1113.93139 0.02204
3428.5714 -1113.94412 0.04408
3428.5714 -1113.95684 0.06612
3428.5714 -1113.96957 0.08816
3428.5714 -1113.98229 0.11020
3428.5714 -1113.91867 0.00000
3428.5714 -1113.92525 0.02458
3428.5714 -1113.93184 0.04917
3428.5714 -1113.93843 0.07375
3428.5714 -1113.94501 0.09833
3428.5714 -1113.95160 0.12291
3428.5714 -1113.91867 0.00000
3428.5714 -1113.91867 0.02545
3428.5714 -1113.91867 0.05090
3428.5714 -1113.91867 0.07635
3428.5714 -1113.91867 0.10180
3428.5714 -1113.91867 0.12725
3428.5714 -1113.91867 0.00000
3428.5714 -1113.91208 0.02458
3428.5714 -1113.90549 0.04917
3428.5714 -1113.89890 0.07375
3428.5714 -1113.89232 0.09833
3428.5714 -1113.88573 0.12291
3428.5714 -1113.91867 0.00000
3428.5714 -1113.90594 0.02204
3428.5714 -1113.89322 0.04408
3428.5714 -1113.88049 0.06612
3428.5714 -1113.86777 0.08816
3428.5714 -1113.85504 0.11020
3428.5714 -1113.91867 0.00000
3428.5714 -1113.90067 0.01800
3428.5714 -1113.88267 0.03599
3428.5714 -1113.86468 0.05399
3428.5714 -1113.84668 0.07198
3428.5714 -1113.82869 0.08998
3428.5714 -1113.91867 0.00000
3428.5714 -1113.89663 0.01273
3428.5714 -1113.87459 0.02545
3428.5714 -1113.85254 0.03818
3428.5714 -1113.83050 0.05090
3428.5714 -1113.80846 0.06363
3428.5714 -1113.91867 0.00000
3428.5714 -1113.89408 0.00659
3428.5714 -1113.86950 0.01317
3428.5714 -1113.84492 0.01976
3428.5714 -1113.82033 0.02635
3428.5714 -1113.79575 0.03293
3428.5714 -1113.91867 0.00000
3428.5714 -1113.89322 0.00000
3428.5714 -1113.86777 0.00000
3428.5714 -1113.84232 0.00000
3428.5714 -1113.81687 0.00000
3428.5714 -1113.79142 0.00000
3428.5714 -1113.91867 -0.00000
3428.5714 -1113.89408 -0.00659
3428.5714 -1113.86950 -0.01317
3428.5714 -1113.84492 -0.01976
3428.5714 -1113.82033 -0.02635
3428.5714 -1113.79575 -0.03293
3428.5714 -1113.91867 -0.00000
3428.5714 -1113.89663 -0.01272
3428.5714 -1113.87459 -0.02545
3428.5714 -1113.85254 -0.03817
3428.5714 -1113.83050 -0.05090
3428.5714 -1113.80846 -0.06362
3428.5714 -1113.91867 -0.00000
3428.5714 -1113.90067 -0.01800
3428.5714 -1113.88267 -0.03599
3428.5714 -1113.86468 -0.05399
3428.5714 -1113.84668 -0.07198
3428.5714 -1113.82869 -0.08998
3428.5714 -1113.91867 -0.00000
3428.5714 -1113.90594 -0.02204
3428.5714 -1113.89322 -0.04408
3428.5714 -1113.88049 -0.06612
3428.5714 -1113.86777 -0.08816
3428.5714 -1113.85504 -0.11020
3428.5714 -1113.91867 -0.00000
3428.5714 -1113.91208 -0.02458
3428.5714 -1113.90549 -0.04917
3428.5714 -1113.89890 -0.07375
3428.5714 -1113.89232 -0.09833
3428.5714 -1113.88573 -0.12291
3428.5714 -1113.91867 -0.00000
3428.5714 -1113.91867 -0.02545
3428.5714 -1113.91867 -0.05090
3428.5714 -1113.91867 -0.07635
3428.5714 -1113.91867 -0.10180
3428.5714 -1113.91867 -0.12725
3428.5714 -1113.91867 -0.00000
3428.5714 -1113.92525 -0.02458
3428.5714 -1113.93184 -0.04917
3428.5714 -1113.93843 -0.07375
3428.5714 -1113.94501 -0.09833
3428.5714 -1113.95160 -0.12291
3428.5714 -1113.91867 -0.00000
3428.5714 -1113.93139 -0.02204
3428.5714 -1113.94412 -0.04408
3428.5714 -1113.95684 -0.06612
3428.5714 -1113.96957 -0.08816
3428.5714 -1113.98229 -0.11020
3428.5714 -1113.91867 -0.00000
3428.5714 -1113.93666 -0.01800
3428.5714 -1113.95466 -0.03599
3428.5714 -1113.97265 -0.05399
3428.5714 -1113.99065 -0.07198
3428.5714 -1114.00865 -0.08998
3428.5714 -1113.91867 -0.00000
3428.5714 -1113.94071 -0.01273
3428.5714 -1113.96275 -0.02545
3428.5714 -1113.98479 -0.03818
3428.5714 -1114.00683 -0.05090
3428.5714 -1114.02887 -0.06363
3428.5714 -1113.91867 -0.00000
3428.5714 -1113.94325 -0.00659
3428.5714 -1113.96783 -0.01317
3428.5714 -1113.99241 -0.01976
3428.5714 -1114.01700 -0.02635
3428.5714 -1114.04158 -0.03293
3885.7143 -1107.97023 0.00000
3885.7143 -1107.99568 0.00000
3885.7143 -1108.02113 0.00000
3885.7143 -1108.04658 0.00000
3885.7143 -1108.07203 0.00000
3885.7143 -1108.09748 0.00000
3885.7143 -1107.97023 0.00000
3885.7143 -1107.99482 0.00659
3885.7143 -1108.01940 0.01317
3885.7143 -1108.04398 0.01976
3885.7143 -1108.06857 0.02635
3885.7143 -1108.09315 0.03293
3885.7143 -1107.97023 0.00000
3885.7143 -1107.99227 0.01272
3885.7143 -1108.01432 0.02545
3885.7143 -1108.03636 0.03818
3885.7143 -1108.05840 0.05090
3885.7143 -1108.08044 0.06362
3885.7143 -1107.97023 0.00000
3885.7143 -1107.98823 0.01800
3885.7143 -1108.00623 0.03599
3885.7143 -1108.02422 0.05399
3885.7143 -1108.04222 0.07198
3885.7143 -1108.06021 0.08998
3885.7143 -1107.97023 0.00000
3885.7143 -1107.98296 0.02204
3885.7143 -1107.99568 0.04408
3885.7143 -1108.00841 0.06612
3885.7143 -1108.02113 0.08816
3885.7143 -1108.03386 0.11020
3885.7143 -1107.97023 0.00000
3885.7143 -1107.97682 0.02458
3885.7143 -1107.98341 0.04917
3885.7143 -1107.99000 0.07375
3885.7143 -1107.99658 0.09833
3885.7143 -1108.00317 0.12291
3885.7143 -1107.97023 0.00000
3885.7143 -1107.97023 0.02545
3885.7143 -1107.97023 0.05090
3885.7143 -1107.97023 0.07635
3885.7143 -1107.97023 0.10180
3885.7143 -1107.97023 0.12725
3885.7143 -1107.97023 0.00000
3885.7143 -1107.96365 0.02458
3885.7143 -1107.95706 0.04917
3885.7143 -1107.95047 0.07375
3885.7143 -1107.94389 0.09833
3885.7143 -1107.93730 0.12291
3885.7143 -1107.97023 0.00000
3885.7143 -1107.95751 0.02204
3885.7143 -1107.94478 0.04408
3885.7143 -1107.93206 0.06612
3885.7143 -1107.91933 0.08816
3885.7143 -1107.90661 0.11020
3885.7143 -1107.97023 0.00000
3885.7143 -1107.95224 0.01800
3885.7143 -1107.93424 0.03599
3885.7143 -1107.91625 0.05399
3885.7143 -1107.89825 0.07198
3885.7143 -1107.88026 0.08998
3885.7143 -1107.97023 0.00000
3885.7143 -1107.94819 0.01273
3885.7143 -1107.92615 0.02545
3885.7143 -1107.90411 0.03818
3885.7143 -1107.88207 0.05090
3885.7143 -1107.86003 0.06363
3885.7143 -1107.97023 0.00000
3885.7143 -1107.94565 0.00659
3885.7143 -1107.92107 0.01317
3885.7143 -1107.89649 0.01976
3885.7143 -1107.87190 0.02635
3885.7143 -1107.84732 0.03293
3885.7143 -1107.97023 0.00000
3885.7143 -1107.94478 0.00000
3885.7143 -1107.91933 0.00000
3885.7143 -1107.89388 0.00000
3885.7143 -1107.86843 0.00000
3885.7143 -1107.84298 0.00000
3885.7143 -1107.97023 -0.00000
3885.7143 -1107.94565 -0.00659
3885.7143 -1107.92107 -0.01317
3885.7143 -1107.89649 -0.01976
3885.7143 -1107.87190 -0.02635
3885.7143 -1107.84732 -0.03293
3885.7143 -1107.97023 -0.00000
3885.7143 -1107.94819 -0.01272
3885.7143 -1107.92615 -0.02545
3885.7143 -1107.90411 -0.03817
3885.7143 -1107.88207 -0.05090
3885.7143 -1107.86003 -0.06362
3885.7143 -1107.97023 -0.00000
3885.7143 -1107.95224 -0.01800
3885.7143 -1107.93424 -0.03599
3885.7143 -1107.91625 -0.05399
3885.7143 -1107.89825 -0.07198
3885.7143 -1107.88026 -0.08998
3885.7143 -1107.97023 -0.00000
3885.7143 -1107.95751 -0.02204
3885.7143 -1107.94478 -0.04408
3885.7143 -1107.93206 -0.06612
3885.7143 -1107.91933 -0.08816
3885.7143 -1107.90661 -0.11020
3885.7143 -1107.97023 -0.00000
3885.7143 -1107.96365 -0.02458
3885.7143 -1107.95706 -0.04917
3885.7143 -1107.95047 -0.07375
3885.7143 -1107.94389 -0.09833
3885.7143 -1107.93730 -0.12291
3885.7143 -1107.97023 -0.00000
3885.7143 -1107.97023 -0.02545
3885.7143 -1107.97023 -0.05090
3885.7143 -1107.97023 -0.07635
3885.7143 -1107.97023 -0.10180
3885.7143 -1107.97023 -0.12725
3885.7143 -1107.97023 -0.00000
3885.7143 -1107.97682 -0.02458
3885.7143 -1107.98341 -0.04917
3885.7143 -1107.99000 -0.07375
3885.7143 -1107.99658 -0.09833
3885.7143 -1108.00317 -0.12291
3885.7143 -1107.97023 -0.00000
3885.7143 -1107.98296 -0.02204
3885.7143 -1107.99568 -0.04408
3885.7143 -1108.00841 -0.06612
3885.7143 -1108.02113 -0.08816
3885.7143 -1108.03386 -0.11020
3885.7143 -1107.97023 -0.00000
3885.7143 -1107.98823 -0.01800
3885.7143 -1108.00623 -0.03599
3885.7143 -1108.02422 -0.05399
3885.7143 -1108.04222 -0.07198
3885.7143 -1108.06021 -0.08998
3885.7143 -1107.97023 -0.00000
3885.7143 -1107.99227 -0.01273
3885.7143 -1108.01432 -0.02545
3885.7143 -1108.03636 -0.03818
3885.7143 -1108.05840 -0.05090
3885.7143 -1108.08044 -0.06363
3885.7143 -1107.97023 -0.00000
3885.7143 -1107.99482 -0.00659
3885.7143 -1108.01940 -0.01317
3885.7143 -1108.04398 -0.01976
3885.7143 -1108.06857 -0.02635
3885.7143 -1108.09315 -0.03293
4342.8571 -1099.08357 0.00000
4342.8571 -1099.10902 0.00000
4342.8571 -1099.13447 0.00000
4342.8571 -1099.15992 0.00000
4342.8571 -1099.18537 0.00000
4342.8571 -1099.21082 0.00000
4342.8571 -1099.08357 0.00000
4342.8571 -1099.10815 0.00659
4342.8571 -1099.13274 0.01317
4342.8571 -1099.15732 0.01976
4342.8571 -1099.18190 0.02635
4342.8571 -1099.20649 0.03293
4342.8571 -1099.08357 0.00000
4342.8571 -1099.10561 0.01272
4342.8571 -1099.12765 0.02545
4342.8571 -1099.14969 0.03818
4342.8571 -1099.17173 0.05090
4342.8571 -1099.19377 0.06362
4342.8571 -1099.08357 0.00000
4342.8571 -1099.10157 0.01800
4342.8571 -1099.11956 0.03599
4342.8571 -1099.13756 0.05399
4342.8571 -1099.15555 0.07198
4342.8571 -1099.17355 0.08998
4342.8571 -1099.08357 0.00000
4342.8571 -1099.09630 0.02204
4342.8571 -1099.10902 0.04408
4342.8571 -1099.12175 0.06612
4342.8571 -1099.13447 0.08816
4342.8571 -1099.14720 0.11020
4342.8571 -1099.08357 0.00000
4342.8571 -1099.09016 0.02458
4342.8571 -1099.09675 0.04917
4342.8571 -1099.10333 0.07375
4342.8571 -1099.10992 0.09833
4342.8571 -1099.11651 0.12291
4342.8571 -1099.08357 0.00000
4342.8571 -1099.08357 0.02545
4342.8571 -1099.08357 0.05090
4342.8571 -1099.08357 0.07635
4342.8571 -1099.08357 0.10180
4342.8571 -1099.08357 0.12725
4342.8571 -1099.08357 0.00000
4342.8571 -1099.07698 0.02458
4342.8571 -1099.07040 0.04917
4342.8571 -1099.06381 0.07375
4342.8571 -1099.05722 0.09833
4342.8571 -1099.05064 0.12291
4342.8571 -1099.08357 0.00000
4342.8571 -1099.07085 0.02204
4342.8571 -1099.05812 0.04408
4342.8571 -1099.04540 0.06612
4342.8571 -1099.03267 0.08816
4342.8571 -1099.01995 0.11020
4342.8571 -1099.08357 0.00000
4342.8571 -1099.06558 0.01800
4342.8571 -1099.04758 0.03599
4342.8571 -1099.02958 0.05399
4342.8571 -1099.01159 0.07198
4342.8571 -1098.99359 0.08998
4342.8571 -1099.08357 0.00000
4342.8571 -1099.06153 0.01273
4342.8571 -1099.03949 0.02545
4342.8571 -1099.01745 0.03818
4342.8571 -1098.99541 0.05090
4342.8571 -1098.97337 0.06363
4342.8571 -1099.08357 0.00000
4342.8571 -1099.05899 0.00659
4342.8571 -1099.03441 0.01317
4342.8571 -1099.00982 0.01976
4342.8571 -1098.98524 0.02635
4342.8571 -1098.96066 0.03293
4342.8571 -1099.08357 0.00000
4342.8571 -1099.05812 0.00000
4342.8571 -1099.03267 0.00000
4342.8571 -1099.00722 0.00000
4342.8571 -1098.98177 0.00000
4342.8571 -1098.95632 0.00000
4342.8571 -1099.08357 -0.00000
4342.8571 -1099.05899 -0.00659
4342.8571 -1099.03441 -0.01317
4342.8571 -1099.00982 -0.01976
4342.8571 -1098.98524 -0.02635
4342.8571 -1098.96066 -0.03293
4342.8571 -1099.08357 -0.00000
4342.8571 -1099.06153 -0.01272
4342.8571 -1099.03949 -0.02545
4342.8571 -1099.01745 -0.03817
4342.8571 -1098.99541 -0.05090
4342.8571 -1098.97337 -0.06362
4342.8571 -1099.08357 -0.00000
4342.8571 -1099.06558 -0.01800
4342.8571 -1099.04758 -0.03599
4342.8571 -1099.02958 -0.05399
4342.8571 -1099.01159 -0.07198
4342.8571 -1098.99359 -0.08998
4342.8571 -1099.08357 -0.00000
4342.8571 -1099.07085 -0.02204
4342.8571 -1099.05812 -0.04408
4342.8571 -1099.04540 -0.06612
4342.8571 -1099.03267 -0.08816
4342.8571 -1099.01995 -0.11020
4342.8571 -1099.08357 -0.00000
4342.8571 -1099.07698 -0.02458
4342.8571 -1099.07040 -0.04917
4342.8571 -1099.06381 -0.07375
4342.8571 -1099.05722 -0.09833
4342.8571 -1099.05064 -0.12291
4342.8571 -1099.08357 -0.00000
4342.8571 -1099.08357 -0.02545
4342.8571 -1099.08357 -0.05090
4342.8571 -1099.08357 -0.07635
4342.8571 -1099.08357 -0.10180
4342.8571 -1099.08357 -0.12725
4342.8571 -1099.08357 -0.00000
4342.8571 -1099.09016 -0.02458
4342.8571 -1099.09675 -0.04917
4342.8571 -1099.10333 -0.07375
4342.8571 -1099.10992 -0.09833
4342.8571 -1099.11651 -0.12291
4342.8571 -1099.08357 -0.00000
4342.8571 -1099.09630 -0.02204
4342.8571 -1099.10902 -0.04408
4342.8571 -1099.12175 -0.06612
4342.8571 -1099.13447 -0.08816
4342.8571 -1099.14720 -0.11020
4342.8571 -1099.08357 -0.00000
4342.8571 -1099.10157 -0.01800
4342.8571 -1099.11956 -0.03599
4342.8571 -1099.13756 -0.05399
4342.8571 -1099.15555 -0.07198
4342.8571 -1099.17355 -0.08998
4342.8571 -1099.08357 -0.00000
4342.8571 -1099.10561 -0.01273
4342.8571 -1099.12765 -0.02545
4342.8571 -1099.14969 -0.03818
4342.8571 -1099.17173 -0.05090
4342.8571 -1099.19377 -0.06363
4342.8571 -1099.08357 -0.00000
4342.8571 -1099.10815 -0.00659
4342.8571 -1099.13274 -0.01317
4342.8571 -1099.15732 -0.01976
4342.8571 -1099.18190 -0.02635
4342.8571 -1099.20649 -0.03293
4800.0000 -1092.73420 0.00000
4800.0000 -1092.75965 0.00000
4800.0000 -1092.78510 0.00000
4800.0000 -1092.81055 0.00000
4800.0000 -1092.83600 0.00000
4800.0000 -1092.86145 0.00000
4800.0000 -1092.73420 0.00000
4800.0000 -1092.75878 0.00659
4800.0000 -1092.78336 0.01317
4800.0000 -1092.80795 0.01976
4800.0000 -1092.83253 0.02635
4800.0000 -1092.85711 0.03293
4800.0000 -1092.73420 0.00000
4800.0000 -1092.75624 0.01272
4800.0000 -1092.77828 0.02545
4800.0000 -1092.80032 0.03818
4800.0000 -1092.82236 0.05090
4800.0000 -1092.84440 0.06362
4800.0000 -1092.73420 0.00000
4800.0000 -1092.75219 0.01800
4800.0000 -1092.77019 0.03599
4800.0000 -1092.78819 0.05399
4800.0000 -1092.80618 0.07198
4800.0000 -1092.82418 0.08998
4800.0000 -1092.73420 0.00000
4800.0000 -1092.74692 0.02204
4800.0000 -1092.75965 0.04408
4800.0000 -1092.77237 0.06612
4800.0000 -1092.78510 0.08816
4800.0000 -1092.79782 0.11020
4800.0000 -1092.73420 0.00000
4800.0000 -1092.74079 0.02458
4800.0000 -1092.74737 0.04917
4800.0000 -1092.75396 0.07375
4800.0000 -1092.76055 0.09833
4800.0000 -1092.76713 0.12291
4800.0000 -1092.73420 0.00000
4800.0000 -1092.73420 0.02545
4800.0000 -1092.73420 0.05090
4800.0000 -1092.73420 0.07635
4800.0000 -1092.73420 0.10180
4800.0000 -1092.73420 0.12725
4800.0000 -1092.73420 0.00000
4800.0000 -1092.72761 0.02458
4800.0000 -1092.72102 0.04917
4800.0000 -1092.71444 0.07375
4800.0000 -1092.70785 0.09833
4800.0000 -1092.70126 0.12291
4800.0000 -1092.73420 0.00000
4800.0000 -1092.72147 0.02204
4800.0000 -1092.70875 0.04408
4800.0000 -1092.69602 0.06612
4800.0000 -1092.68330 0.08816
4800.0000 -1092.67057 0.11020
4800.0000 -1092.73420 0.00000
4800.0000 -1092.71620 0.01800
4800.0000 -1092.69821 0.03599
4800.0000 -1092.68021 0.05399
4800.0000 -1092.66222 0.07198
4800.0000 -1092.64422 0.08998
4800.0000 -1092.73420 0.00000
4800.0000 -1092.71216 0.01273
4800.0000 -1092.69012 0.02545
4800.0000 -1092.66808 0.03818
4800.0000 -1092.64604 0.05090
4800.0000 -1092.62400 0.06363
4800.0000 -1092.73420 0.00000
4800.0000 -1092.70962 0.00659
4800.0000 -1092.68503 0.01317
4800.0000 -1092.66045 0.01976
4800.0000 -1092.63587 0.02635
4800.0000 -1092.61128 0.03293
4800.0000 -1092.73420 0.00000
4800.0000 -1092.70875 0.00000
4800.0000 -1092.68330 0.00000
4800.0000 -1092.65785 0.00000
4800.0000 -1092.63240 0.00000
4800.0000 -1092.60695 0.00000
4800.0000 -1092.73420 -0.00000
4800.0000 -1092.70962 -0.00659
4800.0000 -1092.68503 -0.01317
4800.0000 -1092.66045 -0.01976
4800.0000 -1092.63587 -0.02635
4800.0000 -1092.61128 -0.03293
4800.0000 -1092.73420 -0.00000
4800.0000 -1092.71216 -0.01272
4800.0000 -1092.69012 -0.02545
4800.0000 -1092.66808 -0.03817
4800.0000 -1092.64604 -0.05090
4800.0000 -1092.62400 -0.06362
4800.0000 -1092.73420 -0.00000
4800.0000 -1092.71620 -0.01800
4800.0000 -1092.69821 -0.03599
4800.0000 -1092.68021 -0.05399
4800.0000 -1092.66222 -0.07198
4800.0000 -1092.64422 -0.08998
4800.0000 -1092.73420 -0.00000
4800.0000 -1092.72147 -0.02204
4800.0000 -1092.70875 -0.04408
4800.0000 -1092.69602 -0.06612
4800.0000 -1092.68330 -0.08816
4800.0000 -1092.67057 -0.11020
4800.0000 -1092.73420 -0.00000
4800.0000 -1092.72761 -0.02458
4800.0000 -1092.72102 -0.04917
4800.0000 -1092.71444 -0.07375
4800.0000 -1092.70785 -0.09833
4800.0000 -1092.70126 -0.12291
4800.0000 -1092.73420 -0.00000
4800.0000 -1092.73420 -0.02545
4800.0000 -1092.73420 -0.05090
4800.0000 -1092.73420 -0.07635
4800.0000 -1092.73420 -0.10180
4800.0000 -1092.73420 -0.12725
4800.0000 -1092.73420 -0.00000
4800.0000 -1092.74079 -0.02458
4800.0000 -1092.74737 -0.04917
4800.0000 -1092.75396 -0.07375
4800.0000 -1092.76055 -0.09833
4800.0000 -1092.76713 -0.12291
4800.0000 -1092.73420 -0.00000
4800.0000 -1092.74692 -0.02204
4800.0000 -1092.75965 -0.04408
4800.0000 -1092.77237 -0.06612
4800.0000 -1092.78510 -0.08816
4800.0000 -1092.79782 -0.11020
4800.0000 -1092.73420 -0.00000
4800.0000 -1092.75219 -0.01800
4800.0000 -1092.77019 -0.03599
4800.0000 -1092.78819 -0.05399
4800.0000 -1092.80618 -0.07198
4800.0000 -1092.82418 -0.08998
4800.0000 -1092.73420 -0.00000
4800.0000 -1092.75624 -0.01273
4800.0000 -1092.77828 -0.02545
4800.0000 -1092.80032 -0.03818
4800.0000 -1092.82236 -0.05090
4800.0000 -1092.84440 -0.06363
4800.0000 -1092.73420 -0.00000
4800.0000 -1092.75878 -0.00659
4800.0000 -1092.78336 -0.01317
4800.0000 -1092.80795 -0.01976
4800.0000 -1092.83253 -0.02635
4800.0000 -1092.85711 -0.03293
5257.1429 -1092.32364 0.00000
5257.1429 -1092.34909 0.00000
5257.1429 -1092.37454 0.00000
5257.1429 -1092.39999 0.00000
5257.1429 -1092.42544 0.00000
5257.1429 -1092.45089 0.00000
5257.1429 -1092.32364 0.00000
5257.1429 -1092.34822 0.00659
5257.1429 -1092.37280 0.01317
5257.1429 -1092.39738 0.01976
5257.1429 -1092.42197 0.02635
5257.1429 -1092.44655 0.03293
5257.1429 -1092.32364 0.00000
5257.1429 -1092.34568 0.01272
5257.1429 -1092.36772 0.02545
5257.1429 -1092.38976 0.03818
5257.1429 -1092.41180 0.05090
5257.1429 -1092.43384 0.06362
5257.1429 -1092.32364 0.00000
5257.1429 -1092.34163 0.01800
5257.1429 -1092.35963 0.03599
5257.1429 -1092.37762 0.05399
5257.1429 -1092.39562 0.07198
5257.1429 -1092.41362 0.08998
5257.1429 -1092.32364 0.00000
5257.1429 -1092.33636 0.02204
5257.1429 -1092.34909 0.04408
5257.1429 -1092.36181 0.06612
5257.1429 -1092.37454 0.08816
5257.1429 -1092.38726 0.11020
5257.1429 -1092.32364 0.00000
5257.1429 -1092.33022 0.02458
5257.1429 -1092.33681 0.04917
5257.1429 -1092.34340 0.07375
5257.1429 -1092.34998 0.09833
5257.1429 -1092.35657 0.12291
5257.1429 -1092.32364 0.00000
5257.1429 -1092.32364 0.02545
5257.1429 -1092.32364 0.05090
5257.1429 -1092.32364 0.07635
5257.1429 -1092.32364 0.10180
5257.1429 -1092.32364 0.12725
5257.1429 -1092.32364 0.00000
5257.1429 -1092.31705 0.02458
5257.1429 -1092.31046 0.04917
5257.1429 -1092.30388 0.07375
5257.1429 -1092.29729 0.09833
5257.1429 -1092.29070 0.12291
5257.1429 -1092.32364 0.00000
5257.1429 -1092.31091 0.02204
5257.1429 -1092.29819 0.04408
5257.1429 -1092.28546 0.06612
5257.1429 -1092.27274 0.08816
5257.1429 -1092.26001 0.11020
5257.1429 -1092.32364 0.00000
5257.1429 -1092.30564 0.01800
5257.1429 -1092.28764 0.03599
5257.1429 -1092.26965 0.05399
5257.1429 -1092.25165 0.07198
5257.1429 -1092.23366 0.08998
5257.1429 -1092.32364 0.00000
5257.1429 -1092.30160 0.01273
5257.1429 -1092.27956 0.02545
5257.1429 -1092.25752 0.03818
5257.1429 -1092.23547 0.05090
5257.1429 -1092.21343 0.06363
5257.1429 -1092.32364 0.00000
5257.1429 -1092.29905 0.00659
5257.1429 -1092.27447 0.01317
5257.1429 -1092.24989 0.01976
5257.1429 -1092.22530 0.02635
5257.1429 -1092.20072 0.03293
5257.1429 -1092.32364 0.00000
5257.1429 -1092.29819 0.00000
5257.1429 -1092.27274 0.00000
5257.1429 -1092.24729 0.00000
5257.1429 -1092.22184 0.00000
5257.1429 -1092.19639 0.00000
5257.1429 -1092.32364 -0.00000
5257.1429 -1092.29905 -0.00659
5257.1429 -1092.27447 -0.01317
5257.1429 -1092.24989 -0.01976
5257.1429 -1092.22530 -0.02635
5257.1429 -1092.20072 -0.03293
5257.1429 -1092.32364 -0.00000
5257.1429 -1092.30160 -0.01272
5257.1429 -1092.27956 -0.02545
5257.1429 -1092.25752 -0.03817
5257.1429 -1092.23547 -0.05090
5257.1429 -1092.21343 -0.06362
5257.1429 -1092.32364 -0.00000
5257.1429 -1092.30564 -0.01800
5257.1429 -1092.28764 -0.03599
5257.1429 -1092.26965 -0.05399
5257.1429 -1092.25165 -0.07198
5257.1429 -1092.23366 -0.08998
5257.1429 -1092.32364 -0.00000
5257.1429 -1092.31091 -0.02204
5257.1429 -1092.29819 -0.04408
5257.1429 -1092.28546 -0.06612
5257.1429 -1092.27274 -0.08816
5257.1429 -1092.26001 -0.11020
5257.1429 -1092.32364 -0.00000
5257.1429 -1092.31705 -0.02458
5257.1429 -1092.31046 -0.04917
5257.1429 -1092.30388 -0.07375
5257.1429 -1092.29729 -0.09833
5257.1429 -1092.29070 -0.12291
5257.1429 -1092.32364 -0.00000
5257.1429 -1092.32364 -0.02545
5257.1429 -1092.32364 -0.05090
5257.1429 -1092.32364 -0.07635
5257.1429 -1092.32364 -0.10180
5257.1429 -1092.32364 -0.12725
5257.1429 -1092.32364 -0.00000
5257.1429 -1092.33022 -0.02458
5257.1429 -1092.33681 -0.04917
5257.1429 -1092.34340 -0.07375
5257.1429 -1092.34998 -0.09833
5257.1429 -1092.35657 -0.12291
5257.1429 -1092.32364 -0.00000
5257.1429 -1092.33636 -0.02204
5257.1429 -1092.34909 -0.04408
5257.1429 -1092.36181 -0.06612
5257.1429 -1092.37454 -0.08816
5257.1429 -1092.38726 -0.11020
5257.1429 -1092.32364 -0.00000
5257.1429 -1092.34163 -0.01800
5257.1429 -1092.35963 -0.03599
5257.1429 -1092.37762 -0.05399
5257.1429 -1092.39562 -0.07198
5257.1429 -1092.41362 -0.08998
5257.1429 -1092.32364 -0.00000
5257.1429 -1092.34568 -0.01273
5257.1429 -1092.36772 -0.02545
5257.1429 -1092.38976 -0.03818
5257.1429 -1092.41180 -0.05090
5257.1429 -1092.43384 -0.06363
5257.1429 -1092.32364 -0.00000
5257.1429 -1092.34822 -0.00659
5257.1429 -1092.37280 -0.01317
5257.1429 -1092.39738 -0.01976
5257.1429 -1092.42197 -0.02635
5257.1429 -1092.44655 -0.03293
5714.2857 -1095.08564 0.00000
5714.2857 -1095.11109 0.00000
5714.2857 -1095.13654 0.00000
5714.2857 -1095.16199 0.00000
5714.2857 -1095.18744 0.00000
5714.2857 -1095.21289 0.00000
5714.2857 -1095.08564 0.00000
5714.2857 -1095.11022 0.00659
5714.2857 -1095.13481 0.01317
5714.2857 -1095.15939 0.01976
5714.2857 -1095.18397 0.02635
5714.2857 -1095.20856 0.03293
5714.2857 -1095.08564 0.00000
5714.2857 -1095.10768 0.01272
5714.2857 -1095.12972 0.02545
5714.2857 -1095.15176 0.03818
5714.2857 -1095.17380 0.05090
5714.2857 -1095.19584 0.06362
5714.2857 -1095.08564 0.00000
5714.2857 -1095.10364 0.01800
5714.2857 -1095.12163 0.03599
5714.2857 -1095.13963 0.05399
5714.2857 -1095.15763 0.07198
5714.2857 -1095.17562 0.08998
5714.2857 -1095.08564 0.00000
5714.2857 -1095.09837 0.02204
5714.2857 -1095.11109 0.04408
5714.2857 -1095.12382 0.06612
5714.2857 -1095.13654 0.08816
5714.2857 -1095.14927 0.11020
5714.2857 -1095.08564 0.00000
5714.2857 -1095.09223 0.02458
5714.2857 -1095.09882 0.04917
5714.2857 -1095.10540 0.07375
5714.2857 -1095.11199 0.09833
5714.2857 -1095.11858 0.12291
5714.2857 -1095.08564 0.00000
5714.2857 -1095.08564 0.02545
5714.2857 -1095.08564 0.05090
5714.2857 -1095.08564 0.07635
5714.2857 -1095.08564 0.10180
5714.2857 -1095.08564 0.12725
5714.2857 -1095.08564 0.00000
5714.2857 -1095.07906 0.02458
5714.2857 -1095.07247 0.04917
5714.2857 -1095.06588 0.07375
5714.2857 -1095.05929 0.09833
5714.2857 -1095.05271 0.12291
5714.2857 -1095.08564 0.00000
5714.2857 -1095.07292 0.02204
5714.2857 -1095.06019 0.04408
5714.2857 -1095.04747 0.06612
5714.2857 -1095.03474 0.08816
5714.2857 -1095.02202 0.11020
5714.2857 -1095.08564 0.00000
5714.2857 -1095.06765 0.01800
5714.2857 -1095.04965 0.03599
5714.2857 -1095.03165 0.05399
5714.2857 -1095.01366 0.07198
5714.2857 -1094.99566 0.08998
5714.2857 -1095.08564 0.00000
5714.2857 -1095.06360 0.01273
5714.2857 -1095.04156 0.02545
5714.2857 -1095.01952 0.03818
5714.2857 -1094.99748 0.05090
5714.2857 -1094.97544 0.06363
5714.2857 -1095.08564 0.00000
5714.2857 -1095.06106 0.00659
5714.2857 -1095.03648 0.01317
5714.2857 -1095.01189 0.01976
5714.2857 -1094.98731 0.02635
5714.2857 -1094.96273 0.03293
5714.2857 -1095.08564 0.00000
5714.2857 -1095.06019 0.00000
5714.2857 -1095.03474 0.00000
5714.2857 -1095.00929 0.00000
5714.2857 -1094.98384 0.00000
5714.2857 -1094.95839 0.00000
5714.2857 -1095.08564 -0.00000
5714.2857 -1095.06106 -0.00659
5714.2857 -1095.03648 -0.01317
5714.2857 -1095.01189 -0.01976
5714.2857 -1094.98731 -0.02635
5714.2857 -1094.96273 -0.03293
5714.2857 -1095.08564 -0.00000
5714.2857 -1095.06360 -0.01272
5714.2857 -1095.04156 -0.02545
5714.2857 -1095.01952 -0.03817
5714.2857 -1094.99748 -0.05090
5714.2857 -1094.97544 -0.06362
5714.2857 -1095.08564 -0.00000
5714.2857 -1095.06765 -0.01800
5714.2857 -1095.04965 -0.03599
5714.2857 -1095.03165 -0.05399
5714.2857 -1095.01366 -0.07198
5714.2857 -1094.99566 -0.08998
5714.2857 -1095.08564 -0.00000
5714.2857 -1095.07292 -0.02204
5714.2857 -1095.06019 -0.04408
5714.2857 -1095.04747 -0.06612
5714.2857 -1095.03474 -0.08816
5714.2857 -1095.02202 -0.11020
5714.2857 -1095.08564 -0.00000
5714.2857 -1095.07906 -0.02458
5714.2857 -1095.07247 -0.04917
5714.2857 -1095.06588 -0.07375
5714.2857 -1095.05929 -0.09833
5714.2857 -1095.05271 -0.12291
5714.2857 -1095.08564 -0.00000
5714.2857 -1095.08564 -0.02545
5714.2857 -1095.08564 -0.05090
5714.2857 -1095.08564 -0.07635
5714.2857 -1095.08564 -0.10180
5714.2857 -1095.08564 -0.12725
5714.2857 -1095.08564 -0.00000
5714.2857 -1095.09223 -0.02458
5714.2857 -1095.09882 -0.04917
5714.2857 -1095.10540 -0.07375
5714.2857 -1095.11199 -0.09833
5714.2857 -1095.11858 -0.12291
5714.2857 -1095.08564 -0.00000
5714.2857 -1095.09837 -0.02204
5714.2857 -1095.11109 -0.04408
5714.2857 -1095.12382 -0.06612
5714.2857 -1095.13654 -0.08816
5714.2857 -1095.14927 -0.11020
5714.2857 -1095.08564 -0.00000
5714.2857 -1095.10364 -0.01800
5714.2857 -1095.12163 -0.03599
5714.2857 -1095.13963 -0.05399
5714.2857 -1095.15763 -0.07198
5714.2857 -1095.17562 -0.08998
5714.2857 -1095.08564 -0.00000
5714.2857 -1095.10768 -0.01273
5714.2857 -1095.12972 -0.02545
5714.2857 -1095.15176 -0.03818
5714.2857 -1095.17380 -0.05090
5714.2857 -1095.19584 -0.06363
5714.2857 -1095.08564 -0.00000
5714.2857 -1095.11022 -0.00659
5714.2857 -1095.13481 -0.01317
5714.2857 -1095.15939 -0.01976
5714.2857 -1095.18397 -0.02635
5714.2857 -1095.20856 -0.03293
6628.5714 -1081.47458 0.00000
6628.5714 -1081.50003 0.00000
6628.5714 -1081.52548 0.00000
6628.5714 -1081.55093 0.00000
6628.5714 -1081.57638 0.00000
6628.5714 -1081.60183 0.00000
6628.5714 -1081.47458 0.00000
6628.5714 -1081.49916 0.00659
6628.5714 -1081.52374 0.01317
6628.5714 -1081.54833 0.01976
6628.5714 -1081.57291 0.02635
6628.5714 -1081.59749 0.03293
6628.5714 -1081.47458 0.00000
6628.5714 -1081.49662 0.01272
6628.5714 -1081.51866 0.02545
6628.5714 -1081.54070 0.03818
6628.5714 -1081.56274 0.05090
6628.5714 -1081.58478 0.06362
6628.5714 -1081.47458 0.00000
6628.5714 -1081.49257 0.01800
6628.5714 -1081.51057 0.03599
6628.5714 -1081.52856 0.05399
6628.5714 -1081.54656 0.07198
6628.5714 -1081.56456 0.08998
6628.5714 -1081.47458 0.00000
6628.5714 -1081.48730 0.02204
6628.5714 -1081.50003 0.04408
6628.5714 -1081.51275 0.06612
6628.5714 -1081.52548 0.08816
6628.5714 -1081.53820 0.11020
6628.5714 -1081.47458 0.00000
6628.5714 -1081.48116 0.02458
6628.5714 -1081.48775 0.04917
6628.5714 -1081.49434 0.07375
6628.5714 -1081.50092 0.09833
6628.5714 -1081.50751 0.12291
6628.5714 -1081.47458 0.00000
6628.5714 -1081.47458 0.02545
6628.5714 -1081.47458 0.05090
6628.5714 -1081.47458 0.07635
6628.5714 -1081.47458 0.10180
6628.5714 -1081.47458 0.12725
6628.5714 -1081.47458 0.00000
6628.5714 -1081.46799 0.02458
6628.5714 -1081.46140 0.04917
6628.5714 -1081.45482 0.07375
6628.5714 -1081.44823 0.09833
6628.5714 -1081.44164 0.12291
6628.5714 -1081.47458 0.00000
6628.5714 -1081.46185 0.02204
6628.5714 -1081.44913 0.04408
6628.5714 -1081.43640 0.06612
6628.5714 -1081.42368 0.08816
6628.5714 -1081.41095 0.11020
6628.5714 -1081.47458 0.00000
6628.5714 -1081.45658 0.01800
6628.5714 -1081.43859 0.03599
6628.5714 -1081.42059 0.05399
6628.5714 -1081.40259 0.07198
6628.5714 -1081.38460 0.08998
6628.5714 -1081.47458 0.00000
6628.5714 -1081.45254 0.01273
6628.5714 -1081.43050 0.02545
6628.5714 -1081.40846 0.03818
6628.5714 -1081.38642 0.05090
6628.5714 -1081.36438 0.06363
6628.5714 -1081.47458 0.00000
6628.5714 -1081.44999 0.00659
6628.5714 -1081.42541 0.01317
6628.5714 -1081.40083 0.01976
6628.5714 -1081.37625 0.02635
6628.5714 -1081.35166 0.03293
6628.5714 -1081.47458 0.00000
6628.5714 -1081.44913 0.00000
6628.5714 -1081.42368 0.00000
6628.5714 -1081.39823 0.00000
6628.5714 -1081.37278 0.00000
6628.5714 -1081.34733 0.00000
6628.5714 -1081.47458 -0.00000
6628.5714 -1081.44999 -0.00659
6628.5714 -1081.42541 -0.01317
6628.5714 -1081.40083 -0.01976
6628.5714 -1081.37625 -0.02635
6628.5714 -1081.35166 -0.03293
6628.5714 -1081.47458 -0.00000
6628.5714 -1081.45254 -0.01272
6628.5714 -1081.43050 -0.02545
6628.5714 -1081.40846 -0.03817
6628.5714 -1081.38642 -0.05090
6628.5714 -1081.36438 -0.06362
6628.5714 -1081.47458 -0.00000
6628.5714 -1081.45658 -0.01800
6628.5714 -1081.43859 -0.03599
6628.5714 -1081.42059 -0.05399
6628.5714 -1081.40259 -0.07198
6628.5714 -1081.38460 -0.08998
6628.5714 -1081.47458 -0.00000
6628.5714 -1081.46185 -0.02204
6628.5714 -1081.44913 -0.04408
6628.5714 -1081.43640 -0.06612
6628.5714 -1081.42368 -0.08816
6628.5714 -1081.41095 -0.11020
6628.5714 -1081.47458 -0.00000
6628.5714 -1081.46799 -0.02458
6628.5714 -1081.46140 -0.04917
6628.5714 -1081.45482 -0.07375
6628.5714 -1081.44823 -0.09833
6628.5714 -1081.44164 -0.12291
6628.5714 -1081.47458 -0.00000
6628.5714 -1081.47458 -0.02545
6628.5714 -1081.47458 -0.05090
6628.5714 -1081.47458 -0.07635
6628.5714 -1081.47458 -0.10180
6628.5714 -1081.47458 -0.12725
6628.5714 -1081.47458 -0.00000
6628.5714 -1081.48116 -0.02458
6628.5714 -1081.48775 -0.04917
6628.5714 -1081.49434 -0.07375
6628.5714 -1081.50092 -0.09833
6628.5714 -1081.50751 -0.12291
6628.5714 -1081.47458 -0.00000
6628.5714 -1081.48730 -0.02204
6628.5714 -1081.50003 -0.04408
6628.5714 -1081.51275 -0.06612
6628.5714 -1081.52548 -0.08816
6628.5714 -1081.53820 -0.11020
6628.5714 -1081.47458 -0.00000
6628.5714 -1081.49257 -0.01800
6628.5714 -1081.51057 -0.03599
6628.5714 -1081.52856 -0.05399
6628.5714 -1081.54656 -0.07198
6628.5714 -1081.56456 -0.08998
6628.5714 -1081.47458 -0.00000
6628.5714 -1081.49662 -0.01273
6628.5714 -1081.51866 -0.02545
6628.5714 -1081.54070 -0.03818
6628.5714 -1081.56274 -0.05090
6628.5714 -1081.58478 -0.06363
6628.5714 -1081.47458 -0.00000
6628.5714 -1081.49916 -0.00659
6628.5714 -1081.52374 -0.01317
6628.5714 -1081.54833 -0.01976
6628.5714 -1081.57291 -0.02635
6628.5714 -1081.59749 -0.03293
7085.7143 -1060.45381 0.00000
7085.7143 -1060.47926 0.00000
7085.7143 -1060.50471 0.00000
7085.7143 -1060.53016 0.00000
7085.7143 -1060.55561 0.00000
7085.7143 -1060.58106 0.00000
7085.7143 -1060.45381 0.00000
7085.7143 -1060.47840 0.00659
7085.7143 -1060.50298 0.01317
7085.7143 -1060.52756 0.01976
7085.7143 -1060.55214 0.02635
7085.7143 -1060.57673 0.03293
7085.7143 -1060.45381 0.00000
7085.7143 -1060.47585 0.01272
7085.7143 -1060.49789 0.02545
7085.7143 -1060.51993 0.03818
7085.7143 -1060.54197 0.05090
7085.7143 -1060.56401 0.06362
7085.7143 -1060.45381 0.00000
7085.7143 -1060.47181 0.01800
7085.7143 -1060.48980 0.03599
7085.7143 -1060.50780 0.05399
7085.7143 -1060.52580 0.07198
7085.7143 -1060.54379 0.08998
7085.7143 -1060.45381 0.00000
7085.7143 -1060.46654 0.02204
7085.7143 -1060.47926 0.04408
7085.7143 -1060.49199 0.06612
7085.7143 -1060.50471 0.08816
7085.7143 -1060.51744 0.11020
7085.7143 -1060.45381 0.00000
7085.7143 -1060.46040 0.02458
7085.7143 -1060.46699 0.04917
7085.7143 -1060.47357 0.07375
7085.7143 -1060.48016 0.09833
7085.7143 -1060.48675 0.12291
7085.7143 -1060.45381 0.00000
7085.7143 -1060.45381 0.02545
7085.7143 -1060.45381 0.05090
7085.7143 -1060.45381 0.07635
7085.7143 -1060.45381 0.10180
7085.7143 -1060.45381 0.12725
7085.7143 -1060.45381 0.00000
7085.7143 -1060.44723 0.02458
7085.7143 -1060.44064 0.04917
7085.7143 -1060.43405 0.07375
7085.7143 -1060.42747 0.09833
7085.7143 -1060.42088 0.12291
7085.7143 -1060.45381 0.00000
7085.7143 -1060.44109 0.02204
7085.7143 -1060.42836 0.04408
7085.7143 -1060.41564 0.06612
7085.7143 -1060.40291 0.08816
7085.7143 -1060.39019 0.11020
7085.7143 -1060.45381 0.00000
7085.7143 -1060.43582 0.01800
7085.7143 -1060.41782 0.03599
7085.7143 -1060.39983 0.05399
7085.7143 -1060.38183 0.07198
7085.7143 -1060.36383 0.08998
7085.7143 -1060.45381 0.00000
7085.7143 -1060.43177 0.01273
7085.7143 -1060.40973 0.02545
7085.7143 -1060.38769 0.03818
7085.7143 -1060.36565 0.05090
7085.7143 -1060.34361 0.06363
7085.7143 -1060.45381 0.00000
7085.7143 -1060.42923 0.00659
7085.7143 -1060.40465 0.01317
7085.7143 -1060.38006 0.01976
7085.7143 -1060.35548 0.02635
7085.7143 -1060.33090 0.03293
7085.7143 -1060.45381 0.00000
7085.7143 -1060.42836 0.00000
7085.7143 -1060.40291 0.00000
7085.7143 -1060.37746 0.00000
7085.7143 -1060.35201 0.00000
7085.7143 -1060.32656 0.00000
7085.7143 -1060.45381 -0.00000
7085.7143 -1060.42923 -0.00659
7085.7143 -1060.40465 -0.01317
7085.7143 -1060.38006 -0.01976
7085.7143 -1060.35548 -0.02635
7085.7143 -1060.33090 -0.03293
7085.7143 -1060.45381 -0.00000
7085.7143 -1060.43177 -0.01272
7085.7143 -1060.40973 -0.02545
7085.7143 -1060.38769 -0.03817
7085.7143 -1060.36565 -0.05090
7085.7143 -1060.34361 -0.06362
7085.7143 -1060.45381 -0.00000
7085.7143 -1060.43582 -0.01800
7085.7143 -1060.41782 -0.03599
7085.7143 -1060.39983 -0.05399
7085.7143 -1060.38183 -0.07198
7085.7143 -1060.36383 -0.08998
7085.7143 -1060.45381 -0.00000
7085.7143 -1060.44109 -0.02204
7085.7143 -1060.42836 -0.04408
7085.7143 -1060.41564 -0.06612
7085.7143 -1060.40291 -0.08816
7085.7143 -1060.39019 -0.11020
7085.7143 -1060.45381 -0.00000
7085.7143 -1060.44723 -0.02458
7085.7143 -1060.44064 -0.04917
7085.7143 -1060.43405 -0.07375
7085.7143 -1060.42747 -0.09833
7085.7143 -1060.42088 -0.12291
7085.7143 -1060.45381 -0.00000
7085.7143 -1060.45381 -0.02545
7085.7143 -1060.45381 -0.05090
7085.7143 -1060.45381 -0.07635
7085.7143 -1060.45381 -0.10180
7085.7143 -1060.45381 -0.12725
7085.7143 -1060.45381 -0.00000
7085.7143 -1060.46040 -0.02458
7085.7143 -1060.46699 -0.04917
7085.7143 -1060.47357 -0.07375
7085.7143 -1060.48016 -0.09833
7085.7143 -1060.48675 -0.12291
7085.7143 -1060.45381 -0.00000
7085.7143 -1060.46654 -0.02204
7085.7143 -1060.47926 -0.04408
7085.7143 -1060.49199 -0.06612
7085.7143 -1060.50471 -0.08816
7085.7143 -1060.51744 -0.11020
7085.7143 -1060.45381 -0.00000
7085.7143 -1060.47181 -0.01800
7085.7143 -1060.48980 -0.03599
7085.7143 -1060.50780 -0.05399
7085.7143 -1060.52580 -0.07198
7085.7143 -1060.54379 -0.08998
7085.7143 -1060.45381 -0.00000
7085.7143 -1060.47585 -0.01273
7085.7143 -1060.49789 -0.02545
7085.7143 -1060.51993 -0.03818
7085.7143 -1060.54197 -0.05090
7085.7143 -1060.56401 -0.06363
7085.7143 -1060.45381 -0.00000
7085.7143 -1060.47840 -0.00659
7085.7143 -1060.50298 -0.01317
7085.7143 -1060.52756 -0.01976
7085.7143 -1060.55214 -0.02635
7085.7143 -1060.57673 -0.03293
7542.8571 -1039.94185 0.00000
7542.8571 -1039.96730 0.00000
7542.8571 -1039.99275 0.00000
7542.8571 -1040.01820 0.00000
7542.8571 -1040.04365 0.00000
7542.8571 -1040.06910 0.00000
7542.8571 -1039.94185 0.00000
7542.8571 -1039.96643 0.00659
7542.8571 -1039.99102 0.01317
7542.8571 -1040.01560 0.01976
7542.8571 -1040.04018 0.02635
7542.8571 -1040.06477 0.03293
7542.8571 -1039.94185 0.00000
7542.8571 -1039.96389 0.01272
7542.8571 -1039.98593 0.02545
7542.8571 -1040.00797 0.03818
7542.8571 -1040.03001 0.05090
7542.8571 -1040.05205 0.06362
7542.8571 -1039.94185 0.00000
7542.8571 -1039.95985 0.01800
7542.8571 -1039.97784 0.03599
7542.8571 -1039.99584 0.05399
7542.8571 -1040.01383 0.07198
7542.8571 -1040.03183 0.08998
7542.8571 -1039.94185 0.00000
7542.8571 -1039.95458 0.02204
7542.8571 -1039.96730 0.04408
7542.8571 -1039.98003 0.06612
7542.8571 -1039.99275 0.08816
7542.8571 -1040.00548 0.11020
7542.8571 -1039.94185 0.00000
7542.8571 -1039.94844 0.02458
7542.8571 -1039.95503 0.04917
7542.8571 -1039.96161 0.07375
7542.8571 -1039.96820 0.09833
7542.8571 -1039.97479 0.12291
7542.8571 -1039.94185 0.00000
7542.8571 -1039.94185 0.02545
7542.8571 -1039.94185 0.05090
7542.8571 -1039.94185 0.07635
7542.8571 -1039.94185 0.10180
7542.8571 -1039.94185 0.12725
7542.8571 -1039.94185 0.00000
7542.8571 -1039.93526 0.02458
7542.8571 -1039.92868 0.04917
7542.8571 -1039.92209 0.07375
7542.8571 -1039.91550 0.09833
7542.8571 -1039.90892 0.12291
7542.8571 -1039.94185 0.00000
7542.8571 -1039.92913 0.02204
7542.8571 -1039.91640 0.04408
7542.8571 -1039.90368 0.06612
7542.8571 -1039.89095 0.08816
7542.8571 -1039.87823 0.11020
7542.8571 -1039.94185 0.00000
7542.8571 -1039.92386 0.01800
7542.8571 -1039.90586 0.03599
7542.8571 -1039.88786 0.05399
7542.8571 -1039.86987 0.07198
7542.8571 -1039.85187 0.08998
7542.8571 -1039.94185 0.00000
7542.8571 -1039.91981 0.01273
7542.8571 -1039.89777 0.02545
7542.8571 -1039.87573 0.03818
7542.8571 -1039.85369 0.05090
7542.8571 -1039.83165 0.06363
7542.8571 -1039.94185 0.00000
7542.8571 -1039.91727 0.00659
7542.8571 -1039.89269 0.01317
7542.8571 -1039.86810 0.01976
7542.8571 -1039.84352 0.02635
7542.8571 -1039.81894 0.03293
7542.8571 -1039.94185 0.00000
7542.8571 -1039.91640 0.00000
7542.8571 -1039.89095 0.00000
7542.8571 -1039.86550 0.00000
7542.8571 -1039.84005 0.00000
7542.8571 -1039.81460 0.00000
7542.8571 -1039.94185 -0.00000
7542.8571 -1039.91727 -0.00659
7542.8571 -1039.89269 -0.01317
7542.8571 -1039.86810 -0.01976
7542.8571 -1039.84352 -0.02635
7542.8571 -1039.81894 -0.03293
7542.8571 -1039.94185 -0.00000
7542.8571 -1039.91981 -0.01272
7542.8571 -1039.89777 -0.02545
7542.8571 -1039.87573 -0.03817
7542.8571 -1039.85369 -0.05090
7542.8571 -1039.83165 -0.06362
7542.8571 -1039.94185 -0.00000
7542.8571 -1039.92386 -0.01800
7542.8571 -1039.90586 -0.03599
7542.8571 -1039.88786 -0.05399
7542.8571 -1039.86987 -0.07198
7542.8571 -1039.85187 -0.08998
7542.8571 -1039.94185 -0.00000
7542.8571 -1039.92913 -0.02204
7542.8571 -1039.91640 -0.04408
7542.8571 -1039.90368 -0.06612
7542.8571 -1039.89095 -0.08816
7542.8571 -1039.87823 -0.11020
7542.8571 -1039.94185 -0.00000
7542.8571 -1039.93526 -0.02458
7542.8571 -1039.92868 -0.04917
7542.8571 -1039.92209 -0.07375
7542.8571 -1039.91550 -0.09833
7542.8571 -1039.90892 -0.12291
7542.8571 -1039.94185 -0.00000
7542.8571 -1039.94185 -0.02545
7542.8571 -1039.94185 -0.05090
7542.8571 -1039.94185 -0.07635
7542.8571 -1039.94185 -0.10180
7542.8571 -1039.94185 -0.12725
7542.8571 -1039.94185 -0.00000
7542.8571 -1039.94844 -0.02458
7542.8571 -1039.95503 -0.04917
7542.8571 -1039.96161 -0.07375
7542.8571 -1039.96820 -0.09833
7542.8571 -1039.97479 -0.12291
7542.8571 -1039.94185 -0.00000
7542.8571 -1039.95458 -0.02204
7542.8571 -1039.96730 -0.04408
7542.8571 -1039.98003 -0.06612
7542.8571 -1039.99275 -0.08816
7542.8571 -1040.00548 -0.11020
7542.8571 -1039.94185 -0.00000
7542.8571 -1039.95985 -0.01800
7542.8571 -1039.97784 -0.03599
7542.8571 -1039.99584 -0.05399
7542.8571 -1040.01383 -0.07198
7542.8571 -1040.03183 -0.08998
7542.8571 -1039.94185 -0.00000
7542.8571 -1039.96389 -0.01273
7542.8571 -1039.98593 -0.02545
7542.8571 -1040.00797 -0.03818
7542.8571 -1040.03001 -0.05090
7542.8571 -1040.05205 -0.06363
7542.8571 -1039.94185 -0.00000
7542.8571 -1039.96643 -0.00659
7542.8571 -1039.99102 -0.01317
7542.8571 -1040.01560 -0.01976
7542.8571 -1040.04018 -0.02635
7542.8571 -1040.06477 -0.03293
8000.0000 -1031.66909 0.00000
8000.0000 -1031.69454 0.00000
8000.0000 -1031.71999 0.00000
8000.0000 -1031.74544 0.00000
8000.0000 -1031.77089 0.00000
8000.0000 -1031.79634 0.00000
8000.0000 -1031.66909 0.00000
8000.0000 -1031.69367 0.00659
8000.0000 -1031.71826 0.01317
8000.0000 -1031.74284 0.01976
8000.0000 -1031.76742 0.02635
8000.0000 -1031.79200 0.03293
8000.0000 -1031.66909 0.00000
8000.0000 -1031.69113 0.01272
8000.0000 -1031.71317 0.02545
8000.0000 -1031.73521 0.03818
8000.0000 -1031.75725 0.05090
8000.0000 -1031.77929 0.06362
8000.0000 -1031.66909 0.00000
8000.0000 -1031.68709 0.01800
8000.0000 -1031.70508 0.03599
8000.0000 -1031.72308 0.05399
8000.0000 -1031.74107 0.07198
8000.0000 -1031.75907 0.08998
8000.0000 -1031.66909 0.00000
8000.0000 -1031.68181 0.02204
8000.0000 -1031.69454 0.04408
8000.0000 -1031.70726 0.06612
8000.0000 -1031.71999 0.08816
8000.0000 -1031.73271 0.11020
8000.0000 -1031.66909 0.00000
8000.0000 -1031.67568 0.02458
8000.0000 -1031.68226 0.04917
8000.0000 -1031.68885 0.07375
8000.0000 -1031.69544 0.09833
8000.0000 -1031.70202 0.12291
8000.0000 -1031.66909 0.00000
8000.0000 -1031.66909 0.02545
8000.0000 -1031.66909 0.05090
8000.0000 -1031.66909 0.07635
8000.0000 -1031.66909 0.10180
8000.0000 -1031.66909 0.12725
8000.0000 -1031.66909 0.00000
8000.0000 -1031.66250 0.02458
8000.0000 -1031.65592 0.04917
8000.0000 -1031.64933 0.07375
8000.0000 -1031.64274 0.09833
8000.0000 -1031.63615 0.12291
8000.0000 -1031.66909 0.00000
8000.0000 -1031.65636 0.02204
8000.0000 -1031.64364 0.04408
8000.0000 -1031.63091 0.06612
8000.0000 -1031.61819 0.08816
8000.0000 -1031.60546 0.11020
8000.0000 -1031.66909 0.00000
8000.0000 -1031.65109 0.01800
8000.0000 -1031.63310 0.03599
8000.0000 -1031.61510 0.05399
8000.0000 -1031.59711 0.07198
8000.0000 -1031.57911 0.08998
8000.0000 -1031.66909 0.00000
8000.0000 -1031.64705 0.01273
8000.0000 -1031.62501 0.02545
8000.0000 -1031.60297 0.03818
8000.0000 -1031.58093 0.05090
8000.0000 -1031.55889 0.06363
8000.0000 -1031.66909 0.00000
8000.0000 -1031.64451 0.00659
8000.0000 -1031.61992 0.01317
8000.0000 -1031.59534 0.01976
8000.0000 -1031.57076 0.02635
8000.0000 -1031.54618 0.03293
8000.0000 -1031.66909 0.00000
8000.0000 -1031.64364 0.00000
8000.0000 -1031.61819 0.00000
8000.0000 -1031.59274 0.00000
8000.0000 -1031.56729 0.00000
8000.0000 -1031.54184 0.00000
8000.0000 -1031.66909 -0.00000
8000.0000 -1031.64451 -0.00659
8000.0000 -1031.61992 -0.01317
8000.0000 -1031.59534 -0.01976
8000.0000 -1031.57076 -0.02635
8000.0000 -1031.54618 -0.03293
8000.0000 -1031.66909 -0.00000
8000.0000 -1031.64705 -0.01272
8000.0000 -1031.62501 -0.02545
8000.0000 -1031.60297 -0.03817
8000.0000 -1031.58093 -0.05090
8000.0000 -1031.55889 -0.06362
8000.0000 -1031.66909 -0.00000
8000.0000 -1031.65109 -0.01800
8000.0000 -1031.63310 -0.03599
8000.0000 -1031.61510 -0.05399
8000.0000 -1031.59711 -0.07198
8000.0000 -1031.57911 -0.08998
8000.0000 -1031.66909 -0.00000
8000.0000 -1031.65636 -0.02204
8000.0000 -1031.64364 -0.04408
8000.0000 -1031.63091 -0.06612
8000.0000 -1031.61819 -0.08816
8000.0000 -1031.60546 -0.11020
8000.0000 -1031.66909 -0.00000
8000.0000 -1031.66250 -0.02458
8000.0000 -1031.65592 -0.04917
8000.0000 -1031.64933 -0.07375
8000.0000 -1031.64274 -0.09833
8000.0000 -1031.63615 -0.12291
8000.0000 -1031.66909 -0.00000
8000.0000 -1031.66909 -0.02545
8000.0000 -1031.66909 -0.05090
8000.0000 -1031.66909 -0.07635
8000.0000 -1031.66909 -0.10180
8000.0000 -1031.66909 -0.12725
8000.0000 -1031.66909 -0.00000
8000.0000 -1031.67568 -0.02458
8000.0000 -1031.68226 -0.04917
8000.0000 -1031.68885 -0.07375
8000.0000 -1031.69544 -0.09833
8000.0000 -1031.70202 -0.12291
8000.0000 -1031.66909 -0.00000
8000.0000 -1031.68181 -0.02204
8000.0000 -1031.69454 -0.04408
8000.0000 -1031.70726 -0.06612
8000.0000 -1031.71999 -0.08816
8000.0000 -1031.73271 -0.11020
8000.0000 -1031.66909 -0.00000
8000.0000 -1031.68709 -0.01800
8000.0000 -1031.70508 -0.03599
8000.0000 -1031.72308 -0.05399
8000.0000 -1031.74107 -0.07198
8000.0000 -1031.75907 -0.08998
8000.0000 -1031.66909 -0.00000
8000.0000 -1031.69113 -0.01273
8000.0000 -1031.71317 -0.02545
8000.0000 -1031.73521 -0.03818
8000.0000 -1031.75725 -0.05090
8000.0000 -1031.77929 -0.06363
8000.0000 -1031.66909 -0.00000
8000.0000 -1031.69367 -0.00659
8000.0000 -1031.71826 -0.01317
8000.0000 -1031.74284 -0.01976
8000.0000 -1031.76742 -0.02635
8000.0000 -1031.79200 -0.03293
8457.1429 -1041.44319 0.00000
8457.1429 -1041.46864 0.00000
8457.1429 -1041.49409 0.00000
8457.1429 -1041.51954 0.00000
8457.1429 -1041.54499 0.00000
8457.1429 -1041.57044 0.00000
8457.1429 -1041.44319 0.00000
8457.1429 -1041.46778 0.00659
8457.1429 -1041.49236 0.01317
8457.1429 -1041.51694 0.01976
8457.1429 -1041.54153 0.02635
8457.1429 -1041.56611 0.03293
8457.1429 -1041.44319 0.00000
8457.1429 -1041.46523 0.01272
8457.1429 -1041.48728 0.02545
8457.1429 -1041.50932 0.03818
8457.1429 -1041.53136 0.05090
8457.1429 -1041.55340 0.06362
8457.1429 -1041.44319 0.00000
8457.1429 -1041.46119 0.01800
8457.1429 -1041.47919 0.03599
8457.1429 -1041.49718 0.05399
8457.1429 -1041.51518 0.07198
8457.1429 -1041.53317 0.08998
8457.1429 -1041.44319 0.00000
8457.1429 -1041.45592 0.02204
8457.1429 -1041.46864 0.04408
8457.1429 -1041.48137 0.06612
8457.1429 -1041.49409 0.08816
8457.1429 -1041.50682 0.11020
8457.1429 -1041.44319 0.00000
8457.1429 -1041.44978 0.02458
8457.1429 -1041.45637 0.04917
8457.1429 -1041.46296 0.07375
8457.1429 -1041.46954 0.09833
8457.1429 -1041.47613 0.12291
8457.1429 -1041.44319 0.00000
8457.1429 -1041.44319 0.02545
8457.1429 -1041.44319 0.05090
8457.1429 -1041.44319 0.07635
8457.1429 -1041.44319 0.10180
8457.1429 -1041.44319 0.12725
8457.1429 -1041.44319 0.00000
8457.1429 -1041.43661 0.02458
8457.1429 -1041.43002 0.04917
8457.1429 -1041.42343 0.07375
8457.1429 -1041.41685 0.09833
8457.1429 -1041.41026 0.12291
8457.1429 -1041.44319 0.00000
8457.1429 -1041.43047 0.02204
8457.1429 -1041.41774 0.04408
8457.1429 -1041.40502 0.06612
8457.1429 -1041.39229 0.08816
8457.1429 -1041.37957 0.11020
8457.1429 -1041.44319 0.00000
8457.1429 -1041.42520 0.01800
8457.1429 -1041.40720 0.03599
8457.1429 -1041.38921 0.05399
8457.1429 -1041.37121 0.07198
8457.1429 -1041.35322 0.08998
8457.1429 -1041.44319 0.00000
8457.1429 -1041.42115 0.01273
8457.1429 -1041.39911 0.02545
8457.1429 -1041.37707 0.03818
8457.1429 -1041.35503 0.05090
8457.1429 -1041.33299 0.06363
8457.1429 -1041.44319 0.00000
8457.1429 -1041.41861 0.00659
8457.1429 -1041.39403 0.01317
8457.1429 -1041.36945 0.01976
8457.1429 -1041.34486 0.02635
8457.1429 -1041.32028 0.03293
8457.1429 -1041.44319 0.00000
8457.1429 -1041.41774 0.00000
8457.1429 -1041.39229 0.00000
8457.1429 -1041.36684 0.00000
8457.1429 -1041.34139 0.00000
8457.1429 -1041.31594 0.00000
8457.1429 -1041.44319 -0.00000
8457.1429 -1041.41861 -0.00659
8457.1429 -1041.39403 -0.01317
8457.1429 -1041.36945 -0.01976
8457.1429 -1041.34486 -0.02635
8457.1429 -1041.32028 -0.03293
8457.1429 -1041.44319 -0.00000
8457.1429 -1041.42115 -0.01272
8457.1429 -1041.39911 -0.02545
8457.1429 -1041.37707 -0.03817
8457.1429 -1041.35503 -0.05090
8457.1429 -1041.33299 -0.06362
8457.1429 -1041.44319 -0.00000
8457.1429 -1041.42520 -0.01800
8457.1429 -1041.40720 -0.03599
8457.1429 -1041.38921 -0.05399
8457.1429 -1041.37121 -0.07198
8457.1429 -1041.35322 -0.08998
8457.1429 -1041.44319 -0.00000
8457.1429 -1041.43047 -0.02204
8457.1429 -1041.41774 -0.04408
8457.1429 -1041.40502 -0.06612
8457.1429 -1041.39229 -0.08816
8457.1429 -1041.37957 -0.11020
8457.1429 -1041.44319 -0.00000
8457.1429 -1041.43661 -0.02458
8457.1429 -1041.43002 -0.04917
8457.1429 -1041.42343 -0.07375
8457.1429 -1041.41685 -0.09833
8457.1429 -1041.41026 -0.12291
8457.1429 -1041.44319 -0.00000
8457.1429 -1041.44319 -0.02545
8457.1429 -1041.44319 -0.05090
8457.1429 -1041.44319 -0.07635
8457.1429 -1041.44319 -0.10180
8457.1429 -1041.44319 -0.12725
8457.1429 -1041.44319 -0.00000
8457.1429 -1041.44978 -0.02458
8457.1429 -1041.45637 -0.04917
8457.1429 -1041.46296 -0.07375
8457.1429 -1041.46954 -0.09833
8457.1429 -1041.47613 -0.12291
8457.1429 -1041.44319 -0.00000
8457.1429 -1041.45592 -0.02204
8457.1429 -1041.46864 -0.04408
8457.1429 -1041.48137 -0.06612
8457.1429 -1041.49409 -0.08816
8457.1429 -1041.50682 -0.11020
8457.1429 -1041.44319 -0.00000
8457.1429 -1041.46119 -0.01800
8457.1429 -1041.47919 -0.03599
8457.1429 -1041.49718 -0.05399
8457.1429 -1041.51518 -0.07198
8457.1429 -1041.53317 -0.08998
8457.1429 -1041.44319 -0.00000
8457.1429 -1041.46523 -0.01273
8457.1429 -1041.48728 -0.02545
8457.1429 -1041.50932 -0.03818
8457.1429 -1041.53136 -0.05090
8457.1429 -1041.55340 -0.06363
8457.1429 -1041.44319 -0.00000
8457.1429 -1041.46778 -0.00659
8457.1429 -1041.49236 -0.01317
8457.1429 -1041.51694 -0.01976
8457.1429 -1041.54153 -0.02635
8457.1429 -1041.56611 -0.03293
8914.2857 -1064.93685 0.00000
8914.2857 -1064.96230 0.00000
8914.2857 -1064.98775 0.00000
8914.2857 -1065.01320 0.00000
8914.2857 -1065.03865 0.00000
8914.2857 -1065.06410 0.00000
8914.2857 -1064.93685 0.00000
8914.2857 -1064.96144 0.00659
8914.2857 -1064.98602 0.01317
8914.2857 -1065.01060 0.01976
8914.2857 -1065.03518 0.02635
8914.2857 -1065.05977 0.03293
8914.2857 -1064.93685 0.00000
8914.2857 -1064.95889 0.01272
8914.2857 -1064.98093 0.02545
8914.2857 -1065.00297 0.03818
8914.2857 -1065.02501 0.05090
8914.2857 -1065.04705 0.06362
8914.2857 -1064.93685 0.00000
8914.2857 -1064.95485 0.01800
8914.2857 -1064.97284 0.03599
8914.2857 -1064.99084 0.05399
8914.2857 -1065.00884 0.07198
8914.2857 -1065.02683 0.08998
8914.2857 -1064.93685 0.00000
8914.2857 -1064.94958 0.02204
8914.2857 -1064.96230 0.04408
8914.2857 -1064.97503 0.06612
8914.2857 -1064.98775 0.08816
8914.2857 -1065.00048 0.11020
8914.2857 -1064.93685 0.00000
8914.2857 -1064.94344 0.02458
8914.2857 -1064.95003 0.04917
8914.2857 -1064.95661 0.07375
8914.2857 -1064.96320 0.09833
8914.2857 -1064.96979 0.12291
8914.2857 -1064.93685 0.00000
8914.2857 -1064.93685 0.02545
8914.2857 -1064.93685 0.05090
8914.2857 -1064.93685 0.07635
8914.2857 -1064.93685 0.10180
8914.2857 -1064.93685 0.12725
8914.2857 -1064.93685 0.00000
8914.2857 -1064.93027 0.02458
8914.2857 -1064.92368 0.04917
8914.2857 -1064.91709 0.07375
8914.2857 -1064.91050 0.09833
8914.2857 -1064.90392 0.12291
8914.2857 -1064.93685 0.00000
8914.2857 -1064.92413 0.02204
8914.2857 -1064.91140 0.04408
8914.2857 -1064.89868 0.06612
8914.2857 -1064.88595 0.08816
8914.2857 -1064.87323 0.11020
8914.2857 -1064.93685 0.00000
8914.2857 -1064.91886 0.01800
8914.2857 -1064.90086 0.03599
8914.2857 -1064.88286 0.05399
8914.2857 -1064.86487 0.07198
8914.2857 -1064.84687 0.08998
8914.2857 -1064.93685 0.00000
8914.2857 -1064.91481 0.01273
8914.2857 -1064.89277 0.02545
8914.2857 -1064.87073 0.03818
8914.2857 -1064.84869 0.05090
8914.2857 -1064.82665 0.06363
8914.2857 -1064.93685 0.00000
8914.2857 -1064.91227 0.00659
8914.2857 -1064.88769 0.01317
8914.2857 -1064.86310 0.01976
8914.2857 -1064.83852 0.02635
8914.2857 -1064.81394 0.03293
8914.2857 -1064.93685 0.00000
8914.2857 -1064.91140 0.00000
8914.2857 -1064.88595 0.00000
8914.2857 -1064.86050 0.00000
8914.2857 -1064.83505 0.00000
8914.2857 -1064.80960 0.00000
8914.2857 -1064.93685 -0.00000
8914.2857 -1064.91227 -0.00659
8914.2857 -1064.88769 -0.01317
8914.2857 -1064.86310 -0.01976
8914.2857 -1064.83852 -0.02635
8914.2857 -1064.81394 -0.03293
8914.2857 -1064.93685 -0.00000
8914.2857 -1064.91481 -0.01272
8914.2857 -1064.89277 -0.02545
8914.2857 -1064.87073 -0.03817
8914.2857 -1064.84869 -0.05090
8914.2857 -1064.82665 -0.06362
8914.2857 -1064.93685 -0.00000
8914.2857 -1064.91886 -0.01800
8914.2857 -1064.90086 -0.03599
8914.2857 -1064.88286 -0.05399
8914.2857 -1064.86487 -0.07198
8914.2857 -1064.84687 -0.08998
8914.2857 -1064.93685 -0.00000
8914.2857 -1064.92413 -0.02204
8914.2857 -1064.91140 -0.04408
8914.2857 -1064.89868 -0.06612
8914.2857 -1064.88595 -0.08816
8914.2857 -1064.87323 -0.11020
8914.2857 -1064.93685 -0.00000
8914.2857 -1064.93027 -0.02458
8914.2857 -1064.92368 -0.04917
8914.2857 -1064.91709 -0.07375
8914.2857 -1064.91050 -0.09833
8914.2857 -1064.90392 -0.12291
8914.2857 -1064.93685 -0.00000
8914.2857 -1064.93685 -0.02545
8914.2857 -1064.93685 -0.05090
8914.2857 -1064.93685 -0.07635
8914.2857 -1064.93685 -0.10180
8914.2857 -1064.93685 -0.12725
8914.2857 -1064.93685 -0.00000
8914.2857 -1064.94344 -0.02458
8914.2857 -1064.95003 -0.04917
8914.2857 -1064.95661 -0.07375
8914.2857 -1064.96320 -0.09833
8914.2857 -1064.96979 -0.12291
8914.2857 -1064.93685 -0.00000
8914.2857 -1064.94958 -0.02204
8914.2857 -1064.96230 -0.04408
8914.2857 -1064.97503 -0.06612
8914.2857 -1064.98775 -0.08816
8914.2857 -1065.00048 -0.11020
8914.2857 -1064.93685 -0.00000
8914.2857 -1064.95485 -0.01800
8914.2857 -1064.97284 -0.03599
8914.2857 -1064.99084 -0.05399
8914.2857 -1065.00884 -0.07198
8914.2857 -1065.02683 -0.08998
8914.2857 -1064.93685 -0.00000
8914.2857 -1064.95889 -0.01273
8914.2857 -1064.98093 -0.02545
8914.2857 -1065.00297 -0.03818
8914.2857 -1065.02501 -0.05090
8914.2857 -1065.04705 -0.06363
8914.2857 -1064.93685 -0.00000
8914.2857 -1064.96144 -0.00659
8914.2857 -1064.98602 -0.01317
8914.2857 -1065.01060 -0.01976
8914.2857 -1065.03518 -0.02635
8914.2857 -1065.05977 -0.03293
9828.5714 -1107.70260 0.00000
9828.5714 -1107.72805 0.00000
9828.5714 -1107.75350 0.00000
9828.5714 -1107.77895 0.00000
9828.5714 -1107.80440 0.00000
9828.5714 -1107.82985 0.00000
9828.5714 -1107.70260 0.00000
9828.5714 -1107.72718 0.00659
9828.5714 -1107.75176 0.01317
9828.5714 -1107.77635 0.01976
9828.5714 -1107.80093 0.02635
9828.5714 -1107.82551 0.03293
9828.5714 -1107.70260 0.00000
9828.5714 -1107.72464 0.01272
9828.5714 -1107.74668 0.02545
9828.5714 -1107.76872 0.03818
9828.5714 -1107.79076 0.05090
9828.5714 -1107.81280 0.06362
9828.5714 -1107.70260 0.00000
9828.5714 -1107.72059 0.01800
9828.5714 -1107.73859 0.03599
9828.5714 -1107.75659 0.05399
9828.5714 -1107.77458 0.07198
9828.5714 -1107.79258 0.08998
9828.5714 -1107.70260 0.00000
9828.5714 -1107.71532 0.02204
9828.5714 -1107.72805 0.04408
9828.5714 -1107.74077 0.06612
9828.5714 -1107.75350 0.08816
9828.5714 -1107.76622 0.11020
9828.5714 -1107.70260 0.00000
9828.5714 -1107.70919 0.02458
9828.5714 -1107.71577 0.04917
9828.5714 -1107.72236 0.07375
9828.5714 -1107.72895 0.09833
9828.5714 -1107.73553 0.12291
9828.5714 -1107.70260 0.00000
9828.5714 -1107.70260 0.02545
9828.5714 -1107.70260 0.05090
9828.5714 -1107.70260 0.07635
9828.5714 -1107.70260 0.10180
9828.5714 -1107.70260 0.12725
9828.5714 -1107.70260 0.00000
9828.5714 -1107.69601 0.02458
9828.5714 -1107.68942 0.04917
9828.5714 -1107.68284 0.07375
9828.5714 -1107.67625 0.09833
9828.5714 -1107.66966 0.12291
9828.5714 -1107.70260 0.00000
9828.5714 -1107.68987 0.02204
9828.5714 -1107.67715 0.04408
9828.5714 -1107.66442 0.06612
9828.5714 -1107.65170 0.08816
9828.5714 -1107.63897 0.11020
9828.5714 -1107.70260 0.00000
9828.5714 -1107.68460 0.01800
9828.5714 -1107.66661 0.03599
9828.5714 -1107.64861 0.05399
9828.5714 -1107.63061 0.07198
9828.5714 -1107.61262 0.08998
9828.5714 -1107.70260 0.00000
9828.5714 -1107.68056 0.01273
9828.5714 -1107.65852 0.02545
9828.5714 -1107.63648 0.03818
9828.5714 -1107.61444 0.05090
9828.5714 -1107.59240 0.06363
9828.5714 -1107.70260 0.00000
9828.5714 -1107.67802 0.00659
9828.5714 -1107.65343 0.01317
9828.5714 -1107.62885 0.01976
9828.5714 -1107.60427 0.02635
9828.5714 -1107.57968 0.03293
9828.5714 -1107.70260 0.00000
9828.5714 -1107.67715 0.00000
9828.5714 -1107.65170 0.00000
9828.5714 -1107.62625 0.00000
9828.5714 -1107.60080 0.00000
9828.5714 -1107.57535 0.00000
9828.5714 -1107.70260 -0.00000
9828.5714 -1107.67802 -0.00659
9828.5714 -1107.65343 -0.01317
9828.5714 -1107.62885 -0.01976
9828.5714 -1107.60427 -0.02635
9828.5714 -1107.57968 -0.03293
9828.5714 -1107.70260 -0.00000
9828.5714 -1107.68056 -0.01272
9828.5714 -1107.65852 -0.02545
9828.5714 -1107.63648 -0.03817
9828.5714 -1107.61444 -0.05090
9828.5714 -1107.59240 -0.06362
9828.5714 -1107.70260 -0.00000
9828.5714 -1107.68460 -0.01800
9828.5714 -1107.66661 -0.03599
9828.5714 -1107.64861 -0.05399
9828.5714 -1107.63061 -0.07198
9828.5714 -1107.61262 -0.08998
9828.5714 -1107.70260 -0.00000
9828.5714 -1107.68987 -0.02204
9828.5714 -1107.67715 -0.04408
9828.5714 -1107.66442 -0.06612
9828.5714 -1107.65170 -0.08816
9828.5714 -1107.63897 -0.11020
9828.5714 -1107.70260 -0.00000
9828.5714 -1107.69601 -0.02458
9828.5714 -1107.68942 -0.04917
9828.5714 -1107.68284 -0.07375
9828.5714 -1107.67625 -0.09833
9828.5714 -1107.66966 -0.12291
9828.5714 -1107.70260 -0.00000
9828.5714 -1107.70260 -0.02545
9828.5714 -1107.70260 -0.05090
9828.5714 -1107.70260 -0.07635
9828.5714 -1107.70260 -0.10180
9828.5714 -1107.70260 -0.12725
9828.5714 -1107.70260 -0.00000
9828.5714 -1107.70919 -0.02458
9828.5714 -1107.71577 -0.04917
9828.5714 -1107.72236 -0.07375
9828.5714 -1107.72895 -0.09833
9828.5714 -1107.73553 -0.12291
9828.5714 -1107.70260 -0.00000
9828.5714 -1107.71532 -0.02204
9828.5714 -1107.72805 -0.04408
9828.5714 -1107.74077 -0.06612
9828.5714 -1107.75350 -0.08816
9828.5714 -1107.76622 -0.11020
9828.5714 -1107.70260 -0.00000
9828.5714 -1107.72059 -0.01800
9828.5714 -1107.73859 -0.03599
9828.5714 -1107.75659 -0.05399
9828.5714 -1107.77458 -0.07198
9828.5714 -1107.79258 -0.08998
9828.5714 -1107.70260 -0.00000
9828.5714 -1107.72464 -0.01273
9828.5714 -1107.74668 -0.02545
9828.5714 -1107.76872 -0.03818
9828.5714 -1107.79076 -0.05090
9828.5714 -1107.81280 -0.06363
9828.5714 -1107.70260 -0.00000
9828.5714 -1107.72718 -0.00659
9828.5714 -1107.75176 -0.01317
9828.5714 -1107.77635 -0.01976
9828.5714 -1107.80093 -0.02635
9828.5714 -1107.82551 -0.03293
10285.7143 -1112.56209 0.00000
10285.7143 -1112.58754 0.00000
10285.7143 -1112.61299 0.00000
10285.7143 -1112.63844 0.00000
10285.7143 -1112.66389 0.00000
10285.7143 -1112.68934 0.00000
10285.7143 -1112.56209 0.00000
10285.7143 -1112.58667 0.00659
10285.7143 -1112.61125 0.01317
10285.7143 -1112.63584 0.01976
10285.7143 -1112.66042 0.02635
10285.7143 -1112.68500 0.03293
10285.7143 -1112.56209 0.00000
10285.7143 -1112.58413 0.01272
10285.7143 -1112.60617 0.02545
10285.7143 -1112.62821 0.03818
10285.7143 -1112.65025 0.05090
10285.7143 -1112.67229 0.06362
10285.7143 -1112.56209 0.00000
10285.7143 -1112.58008 0.01800
10285.7143 -1112.59808 0.03599
10285.7143 -1112.61608 0.05399
10285.7143 -1112.63407 0.07198
10285.7143 -1112.65207 0.08998
10285.7143 -1112.56209 0.00000
10285.7143 -1112.57481 0.02204
10285.7143 -1112.58754 0.04408
10285.7143 -1112.60026 0.06612
10285.7143 -1112.61299 0.08816
10285.7143 -1112.62571 0.11020
10285.7143 -1112.56209 0.00000
10285.7143 -1112.56868 0.02458
10285.7143 -1112.57526 0.04917
10285.7143 -1112.58185 0.07375
10285.7143 -1112.58844 0.09833
10285.7143 -1112.59502 0.12291
10285.7143 -1112.56209 0.00000
10285.7143 -1112.56209 0.02545
10285.7143 -1112.56209 0.05090
10285.7143 -1112.56209 0.07635
10285.7143 -1112.56209 0.10180
10285.7143 -1112.56209 0.12725
10285.7143 -1112.56209 0.00000
10285.7143 -1112.55550 0.02458
10285.7143 -1112.54891 0.04917
10285.7143 -1112.54233 0.07375
10285.7143 -1112.53574 0.09833
10285.7143 -1112.52915 0.12291
10285.7143 -1112.56209 0.00000
10285.7143 -1112.54936 0.02204
10285.7143 -1112.53664 0.04408
10285.7143 -1112.52391 0.06612
10285.7143 -1112.51119 0.08816
10285.7143 -1112.49846 0.11020
10285.7143 -1112.56209 0.00000
10285.7143 -1112.54409 0.01800
10285.7143 -1112.52610 0.03599
10285.7143 -1112.50810 0.05399
10285.7143 -1112.49010 0.07198
10285.7143 -1112.47211 0.08998
10285.7143 -1112.56209 0.00000
10285.7143 -1112.54005 0.01273
10285.7143 -1112.51801 0.02545
10285.7143 -1112.49597 0.03818
10285.7143 -1112.47393 0.05090
10285.7143 -1112.45189 0.06363
10285.7143 -1112.56209 0.00000
10285.7143 -1112.53751 0.00659
10285.7143 -1112.51292 0.01317
10285.7143 -1112.48834 0.01976
10285.7143 -1112.46376 0.02635
10285.7143 -1112.43917 0.03293
10285.7143 -1112.56209 0.00000
10285.7143 -1112.53664 0.00000
10285.7143 -1112.51119 0.00000
10285.7143 -1112.48574 0.00000
10285.7143 -1112.46029 0.00000
10285.7143 -1112.43484 0.00000
10285.7143 -1112.56209 -0.00000
10285.7143 -1112.53751 -0.00659
10285.7143 -1112.51292 -0.01317
10285.7143 -1112.48834 -0.01976
10285.7143 -1112.46376 -0.02635
10285.7143 -1112.43917 -0.03293
10285.7143 -1112.56209 -0.00000
10285.7143 -1112.54005 -0.01272
10285.7143 -1112.51801 -0.02545
10285.7143 -1112.49597 -0.03817
10285.7143 -1112.47393 -0.05090
10285.7143 -1112.45189 -0.06362
10285.7143 -1112.56209 -0.00000
10285.7143 -1112.54409 -0.01800
10285.7143 -1112.52610 -0.03599
10285.7143 -1112.50810 -0.05399
10285.7143 -1112.49010 -0.07198
10285.7143 -1112.47211 -0.08998
10285.7143 -1112.56209 -0.00000
10285.7143 -1112.54936 -0.02204
10285.7143 -1112.53664 -0.04408
10285.7143 -1112.52391 -0.06612
10285.7143 -1112.51119 -0.08816
10285.7143 -1112.49846 -0.11020
10285.7143 -1112.56209 -0.00000
10285.7143 -1112.55550 -0.02458
10285.7143 -1112.54891 -0.04917
10285.7143 -1112.54233 -0.07375
10285.7143 -1112.53574 -0.09833
10285.7143 -1112.52915 -0.12291
10285.7143 -1112.56209 -0.00000
10285.7143 -1112.56209 -0.02545
10285.7143 -1112.56209 -0.05090
10285.7143 -1112.56209 -0.07635
10285.7143 -1112.56209 -0.10180
10285.7143 -1112.56209 -0.12725
10285.7143 -1112.56209 -0.00000
10285.7143 -1112.56868 -0.02458
10285.7143 -1112.57526 -0.04917
10285.7143 -1112.58185 -0.07375
10285.7143 -1112.58844 -0.09833
10285.7143 -1112.59502 -0.12291
10285.7143 -1112.56209 -0.00000
10285.7143 -1112.57481 -0.02204
10285.7143 -1112.58754 -0.04408
10285.7143 -1112.60026 -0.06612
10285.7143 -1112.61299 -0.08816
10285.7143 -1112.62571 -0.11020
10285.7143 -1112.56209 -0.00000
10285.7143 -1112.58008 -0.01800
10285.7143 -1112.59808 -0.03599
10285.7143 -1112.61608 -0.05399
10285.7143 -1112.63407 -0.07198
10285.7143 -1112.65207 -0.08998
10285.7143 -1112.56209 -0.00000
10285.7143 -1112.58413 -0.01273
10285.7143 -1112.60617 -0.02545
10285.7143 -1112.62821 -0.03818
10285.7143 -1112.65025 -0.05090
10285.7143 -1112.67229 -0.06363
10285.7143 -1112.56209 -0.00000
10285.7143 -1112.58667 -0.00659
10285.7143 -1112.61125 -0.01317
10285.7143 -1112.63584 -0.01976
10285.7143 -1112.66042 -0.02635
10285.7143 -1112.68500 -0.03293
10742.8571 -1109.69389 0.00000
10742.8571 -1109.71934 0.00000
10742.8571 -1109.74479 0.00000
10742.8571 -1109.77024 0.00000
10742.8571 -1109.79569 0.00000
10742.8571 -1109.82114 0.00000
10742.8571 -1109.69389 0.00000
10742.8571 -1109.71847 0.00659
10742.8571 -1109.74305 0.01317
10742.8571 -1109.76763 0.01976
10742.8571 -1109.79222 0.02635
10742.8571 -1109.81680 0.03293
10742.8571 -1109.69389 0.00000
10742.8571 -1109.71593 0.01272
10742.8571 -1109.73797 0.02545
10742.8571 -1109.76001 0.03818
10742.8571 -1109.78205 0.05090
10742.8571 -1109.80409 0.06362
10742.8571 -1109.69389 0.00000
10742.8571 -1109.71188 0.01800
10742.8571 -1109.72988 0.03599
10742.8571 -1109.74787 0.05399
10742.8571 -1109.76587 0.07198
10742.8571 -1109.78386 0.08998
10742.8571 -1109.69389 0.00000
10742.8571 -1109.70661 0.02204
10742.8571 -1109.71934 0.04408
10742.8571 -1109.73206 0.06612
10742.8571 -1109.74479 0.08816
10742.8571 -1109.75751 0.11020
10742.8571 -1109.69389 0.00000
10742.8571 -1109.70047 0.02458
10742.8571 -1109.70706 0.04917
10742.8571 -1109.71365 0.07375
10742.8571 -1109.72023 0.09833
10742.8571 -1109.72682 0.12291
10742.8571 -1109.69389 0.00000
10742.8571 -1109.69389 0.02545
10742.8571 -1109.69389 0.05090
10742.8571 -1109.69389 0.07635
10742.8571 -1109.69389 0.10180
10742.8571 -1109.69389 0.12725
10742.8571 -1109.69389 0.00000
10742.8571 -1109.68730 0.02458
10742.8571 -1109.68071 0.04917
10742.8571 -1109.67412 0.07375
10742.8571 -1109.66754 0.09833
10742.8571 -1109.66095 0.12291
10742.8571 -1109.69389 0.00000
10742.8571 -1109.68116 0.02204
10742.8571 -1109.66844 0.04408
10742.8571 -1109.65571 0.06612
10742.8571 -1109.64299 0.08816
10742.8571 -1109.63026 0.11020
10742.8571 -1109.69389 0.00000
10742.8571 -1109.67589 0.01800
10742.8571 -1109.65789 0.03599
10742.8571 -1109.63990 0.05399
10742.8571 -1109.62190 0.07198
10742.8571 -1109.60391 0.08998
10742.8571 -1109.69389 0.00000
10742.8571 -1109.67185 0.01273
10742.8571 -1109.64980 0.02545
10742.8571 -1109.62776 0.03818
10742.8571 -1109.60572 0.05090
10742.8571 -1109.58368 0.06363
10742.8571 -1109.69389 0.00000
10742.8571 -1109.66930 0.00659
10742.8571 -1109.64472 0.01317
10742.8571 -1109.62014 0.01976
10742.8571 -1109.59555 0.02635
10742.8571 -1109.57097 0.03293
10742.8571 -1109.69389 0.00000
10742.8571 -1109.66844 0.00000
10742.8571 -1109.64299 0.00000
10742.8571 -1109.61754 0.00000
10742.8571 -1109.59209 0.00000
10742.8571 -1109.56664 0.00000
10742.8571 -1109.69389 -0.00000
10742.8571 -1109.66930 -0.00659
10742.8571 -1109.64472 -0.01317
10742.8571 -1109.62014 -0.01976
10742.8571 -1109.59555 -0.02635
10742.8571 -1109.57097 -0.03293
10742.8571 -1109.69389 -0.00000
10742.8571 -1109.67185 -0.01272
10742.8571 -1109.64980 -0.02545
10742.8571 -1109.62776 -0.03817
10742.8571 -1109.60572 -0.05090
10742.8571 -1109.58368 -0.06362
10742.8571 -1109.69389 -0.00000
10742.8571 -1109.67589 -0.01800
10742.8571 -1109.65789 -0.03599
10742.8571 -1109.63990 -0.05399
10742.8571 -1109.62190 -0.07198
10742.8571 -1109.60391 -0.08998
10742.8571 -1109.69389 -0.00000
10742.8571 -1109.68116 -0.02204
10742.8571 -1109.66844 -0.04408
10742.8571 -1109.65571 -0.06612
10742.8571 -1109.64299 -0.08816
10742.8571 -1109.63026 -0.11020
10742.8571 -1109.69389 -0.00000
10742.8571 -1109.68730 -0.02458
10742.8571 -1109.68071 -0.04917
10742.8571 -1109.67412 -0.07375
10742.8571 -1109.66754 -0.09833
10742.8571 -1109.66095 -0.12291
10742.8571 -1109.69389 -0.00000
10742.8571 -1109.69389 -0.02545
10742.8571 -1109.69389 -0.05090
10742.8571 -1109.69389 -0.07635
10742.8571 -1109.69389 -0.10180
10742.8571 -1109.69389 -0.12725
10742.8571 -1109.69389 -0.00000
10742.8571 -1109.70047 -0.02458
10742.8571 -1109.70706 -0.04917
10742.8571 -1109.71365 -0.07375
10742.8571 -1109.72023 -0.09833
10742.8571 -1109.72682 -0.12291
10742.8571 -1109.69389 -0.00000
10742.8571 -1109.70661 -0.02204
10742.8571 -1109.71934 -0.04408
10742.8571 -1109.73206 -0.06612
10742.8571 -1109.74479 -0.08816
10742.8571 -1109.75751 -0.11020
10742.8571 -1109.69389 -0.00000
10742.8571 -1109.71188 -0.01800
10742.8571 -1109.72988 -0.03599
10742.8571 -1109.74787 -0.05399
10742.8571 -1109.76587 -0.07198
10742.8571 -1109.78386 -0.08998
10742.8571 -1109.69389 -0.00000
10742.8571 -1109.71593 -0.01273
10742.8571 -1109.73797 -0.02545
10742.8571 -1109.76001 -0.03818
10742.8571 -1109.78205 -0.05090
10742.8571 -1109.80409 -0.06363
10742.8571 -1109.69389 -0.00000
10742.8571 -1109.71847 -0.00659
10742.8571 -1109.74305 -0.01317
10742.8571 -1109.76763 -0.01976
10742.8571 -1109.79222 -0.02635
10742.8571 -1109.81680 -0.03293
11200.0000 -1106.36463 0.00000
11200.0000 -1106.39008 0.00000
11200.0000 -1106.41553 0.00000
11200.0000 -1106.44098 0.00000
11200.0000 -1106.46643 0.00000
11200.0000 -1106.49188 0.00000
11200.0000 -1106.36463 0.00000
11200.0000 -1106.38921 0.00659
11200.0000 -1106.41379 0.01317
11200.0000 -1106.43837 0.01976
11200.0000 -1106.46296 0.02635
11200.0000 -1106.48754 0.03293
11200.0000 -1106.36463 0.00000
11200.0000 -1106.38667 0.01272
11200.0000 -1106.40871 0.02545
11200.0000 -1106.43075 0.03818
11200.0000 -1106.45279 0.05090
11200.0000 -1106.47483 0.06362
11200.0000 -1106.36463 0.00000
11200.0000 -1106.38262 0.01800
11200.0000 -1106.40062 0.03599
11200.0000 -1106.41861 0.05399
11200.0000 -1106.43661 0.07198
11200.0000 -1106.45461 0.08998
11200.0000 -1106.36463 0.00000
11200.0000 -1106.37735 0.02204
11200.0000 -1106.39008 0.04408
11200.0000 -1106.40280 0.06612
11200.0000 -1106.41553 0.08816
11200.0000 -1106.42825 0.11020
11200.0000 -1106.36463 0.00000
11200.0000 -1106.37121 0.02458
11200.0000 -1106.37780 0.04917
11200.0000 -1106.38439 0.07375
11200.0000 -1106.39097 0.09833
11200.0000 -1106.39756 0.12291
11200.0000 -1106.36463 0.00000
11200.0000 -1106.36463 0.02545
11200.0000 -1106.36463 0.05090
11200.0000 -1106.36463 0.07635
11200.0000 -1106.36463 0.10180
11200.0000 -1106.36463 0.12725
11200.0000 -1106.36463 0.00000
11200.0000 -1106.35804 0.02458
11200.0000 -1106.35145 0.04917
11200.0000 -1106.34486 0.07375
11200.0000 -1106.33828 0.09833
11200.0000 -1106.33169 0.12291
11200.0000 -1106.36463 0.00000
11200.0000 -1106.35190 0.02204
11200.0000 -1106.33918 0.04408
11200.0000 -1106.32645 0.06612
11200.0000 -1106.31373 0.08816
11200.0000 -1106.30100 0.11020
11200.0000 -1106.36463 0.00000
11200.0000 -1106.34663 0.01800
11200.0000 -1106.32863 0.03599
11200.0000 -1106.31064 0.05399
11200.0000 -1106.29264 0.07198
11200.0000 -1106.27465 0.08998
11200.0000 -1106.36463 0.00000
11200.0000 -1106.34259 0.01273
11200.0000 -1106.32054 0.02545
11200.0000 -1106.29850 0.03818
11200.0000 -1106.27646 0.05090
11200.0000 -1106.25442 0.06363
11200.0000 -1106.36463 0.00000
11200.0000 -1106.34004 0.00659
11200.0000 -1106.31546 0.01317
11200.0000 -1106.29088 0.01976
11200.0000 -1106.26629 0.02635
11200.0000 -1106.24171 0.03293
11200.0000 -1106.36463 0.00000
11200.0000 -1106.33918 0.00000
11200.0000 -1106.31373 0.00000
11200.0000 -1106.28828 0.00000
11200.0000 -1106.26283 0.00000
11200.0000 -1106.23738 0.00000
11200.0000 -1106.36463 -0.00000
11200.0000 -1106.34004 -0.00659
11200.0000 -1106.31546 -0.01317
11200.0000 -1106.29088 -0.01976
11200.0000 -1106.26629 -0.02635
11200.0000 -1106.24171 -0.03293
11200.0000 -1106.36463 -0.00000
11200.0000 -1106.34259 -0.01272
11200.0000 -1106.32054 -0.02545
11200.0000 -1106.29850 -0.03817
11200.0000 -1106.27646 -0.05090
11200.0000 -1106.25442 -0.06362
11200.0000 -1106.36463 -0.00000
11200.0000 -1106.34663 -0.01800
11200.0000 -1106.32863 -0.03599
11200.0000 -1106.31064 -0.05399
11200.0000 -1106.29264 -0.07198
11200.0000 -1106.27465 -0.08998
11200.0000 -1106.36463 -0.00000
11200.0000 -1106.35190 -0.02204
11200.0000 -1106.33918 -0.04408
11200.0000 -1106.32645 -0.06612
11200.0000 -1106.31373 -0.08816
11200.0000 -1106.30100 -0.11020
11200.0000 -1106.36463 -0.00000
11200.0000 -1106.35804 -0.02458
11200.0000 -1106.35145 -0.04917
11200.0000 -1106.34486 -0.07375
11200.0000 -1106.33828 -0.09833
11200.0000 -1106.33169 -0.12291
11200.0000 -1106.36463 -0.00000
11200.0000 -1106.36463 -0.02545
11200.0000 -1106.36463 -0.05090
11200.0000 -1106.36463 -0.07635
11200.0000 -1106.36463 -0.10180
11200.0000 -1106.36463 -0.12725
11200.0000 -1106.36463 -0.00000
11200.0000 -1106.37121 -0.02458
11200.0000 -1106.37780 -0.04917
11200.0000 -1106.38439 -0.07375
11200.0000 -1106.39097 -0.09833
11200.0000 -1106.39756 -0.12291
11200.0000 -1106.36463 -0.00000
11200.0000 -1106.37735 -0.02204
11200.0000 -1106.39008 -0.04408
11200.0000 -1106.40280 -0.06612
11200.0000 -1106.41553 -0.08816
11200.0000 -1106.42825 -0.11020
11200.0000 -1106.36463 -0.00000
11200.0000 -1106.38262 -0.01800
11200.0000 -1106.40062 -0.03599
11200.0000 -1106.41861 -0.05399
11200.0000 -1106.43661 -0.07198
11200.0000 -1106.45461 -0.08998
11200.0000 -1106.36463 -0.00000
11200.0000 -1106.38667 -0.01273
11200.0000 -1106.40871 -0.02545
11200.0000 -1106.43075 -0.03818
11200.0000 -1106.45279 -0.05090
11200.0000 -1106.47483 -0.06363
11200.0000 -1106.36463 -0.00000
11200.0000 -1106.38921 -0.00659
11200.0000 -1106.41379 -0.01317
11200.0000 -1106.43837 -0.01976
11200.0000 -1106.46296 -0.02635
11200.0000 -1106.48754 -0.03293
11657.1429 -1106.22844 0.00000
11657.1429 -1106.25389 0.00000
11657.1429 -1106.27934 0.00000
11657.1429 -1106.30479 0.00000
11657.1429 -1106.33024 0.00000
11657.1429 -1106.35569 0.00000
11657.1429 -1106.22844 0.00000
11657.1429 -1106.25302 0.00659
11657.1429 -1106.27761 0.01317
11657.1429 -1106.30219 0.01976
11657.1429 -1106.32677 0.02635
11657.1429 -1106.35135 0.03293
11657.1429 -1106.22844 0.00000
11657.1429 -1106.25048 0.01272
11657.1429 -1106.27252 0.02545
11657.1429 -1106.29456 0.03818
11657.1429 -1106.31660 0.05090
11657.1429 -1106.33864 0.06362
11657.1429 -1106.22844 0.00000
11657.1429 -1106.24644 0.01800
11657.1429 -1106.26443 0.03599
11657.1429 -1106.28243 0.05399
11657.1429 -1106.30042 0.07198
11657.1429 -1106.31842 0.08998
11657.1429 -1106.22844 0.00000
11657.1429 -1106.24116 0.02204
11657.1429 -1106.25389 0.04408
11657.1429 -1106.26661 0.06612
11657.1429 -1106.27934 0.08816
11657.1429 -1106.29206 0.11020
11657.1429 -1106.22844 0.00000
11657.1429 -1106.23503 0.02458
11657.1429 -1106.24161 0.04917
11657.1429 -1106.24820 0.07375
11657.1429 -1106.25479 0.09833
11657.1429 -1106.26137 0.12291
11657.1429 -1106.22844 0.00000
11657.1429 -1106.22844 0.02545
11657.1429 -1106.22844 0.05090
11657.1429 -1106.22844 0.07635
11657.1429 -1106.22844 0.10180
11657.1429 -1106.22844 0.12725
11657.1429 -1106.22844 0.00000
11657.1429 -1106.22185 0.02458
11657.1429 -1106.21527 0.04917
11657.1429 -1106.20868 0.07375
11657.1429 -1106.20209 0.09833
11657.1429 -1106.19550 0.12291
11657.1429 -1106.22844 0.00000
11657.1429 -1106.21571 0.02204
11657.1429 -1106.20299 0.04408
11657.1429 -1106.19026 0.06612
11657.1429 -1106.17754 0.08816
11657.1429 -1106.16481 0.11020
11657.1429 -1106.22844 0.00000
11657.1429 -1106.21044 0.01800
11657.1429 -1106.19245 0.03599
11657.1429 -1106.17445 0.05399
11657.1429 -1106.15646 0.07198
11657.1429 -1106.13846 0.08998
11657.1429 -1106.22844 0.00000
11657.1429 -1106.20640 0.01273
11657.1429 -1106.18436 0.02545
11657.1429 -1106.16232 0.03818
11657.1429 -1106.14028 0.05090
11657.1429 -1106.11824 0.06363
11657.1429 -1106.22844 0.00000
11657.1429 -1106.20386 0.00659
11657.1429 -1106.17927 0.01317
11657.1429 -1106.15469 0.01976
11657.1429 -1106.13011 0.02635
11657.1429 -1106.10553 0.03293
11657.1429 -1106.22844 0.00000
11657.1429 -1106.20299 0.00000
11657.1429 -1106.17754 0.00000
11657.1429 -1106.15209 0.00000
11657.1429 -1106.12664 0.00000
11657.1429 -1106.10119 0.00000
11657.1429 -1106.22844 -0.00000
11657.1429 -1106.20386 -0.00659
11657.1429 -1106.17927 -0.01317
11657.1429 -1106.15469 -0.01976
11657.1429 -1106.13011 -0.02635
11657.1429 -1106.10553 -0.03293
11657.1429 -1106.22844 -0.00000
11657.1429 -1106.20640 -0.01272
11657.1429 -1106.18436 -0.02545
11657.1429 -1106.16232 -0.03817
11657.1429 -1106.14028 -0.05090
11657.1429 -1106.11824 -0.06362
11657.1429 -1106.22844 -0.00000
11657.1429 -1106.21044 -0.01800
11657.1429 -1106.19245 -0.03599
11657.1429 -1106.17445 -0.05399
11657.1429 -1106.15646 -0.07198
11657.1429 -1106.13846 -0.08998
11657.1429 -1106.22844 -0.00000
11657.1429 -1106.21571 -0.02204
11657.1429 -1106.20299 -0.04408
11657.1429 -1106.19026 -0.06612
11657.1429 -1106.17754 -0.08816
11657.1429 -1106.16481 -0.11020
11657.1429 -1106.22844 -0.00000
11657.1429 -1106.22185 -0.02458
11657.1429 -1106.21527 -0.04917
11657.1429 -1106.20868 -0.07375
11657.1429 -1106.20209 -0.09833
11657.1429 -1106.19550 -0.12291
11657.1429 -1106.22844 -0.00000
11657.1429 -1106.22844 -0.02545
11657.1429 -1106.22844 -0.05090
11657.1429 -1106.22844 -0.07635
11657.1429 -1106.22844 -0.10180
11657.1429 -1106.22844 -0.12725
11657.1429 -1106.22844 -0.00000
11657.1429 -1106.23503 -0.02458
11657.1429 -1106.24161 -0.04917
11657.1429 -1106.24820 -0.07375
11657.1429 -1106.25479 -0.09833
11657.1429 -1106.26137 -0.12291
11657.1429 -1106.22844 -0.00000
11657.1429 -1106.24116 -0.02204
11657.1429 -1106.25389 -0.04408
11657.1429 -1106.26661 -0.06612
11657.1429 -1106.27934 -0.08816
11657.1429 -1106.29206 -0.11020
11657.1429 -1106.22844 -0.00000
11657.1429 -1106.24644 -0.01800
11657.1429 -1106.26443 -0.03599
11657.1429 -1106.28243 -0.05399
11657.1429 -1106.30042 -0.07198
11657.1429 -1106.31842 -0.08998
11657.1429 -1106.22844 -0.00000
11657.1429 -1106.25048 -0.01273
11657.1429 -1106.27252 -0.02545
11657.1429 -1106.29456 -0.03818
11657.1429 -1106.31660 -0.05090
11657.1429 -1106.33864 -0.06363
11657.1429 -1106.22844 -0.00000
11657.1429 -1106.25302 -0.00659
11657.1429 -1106.27761 -0.01317
11657.1429 -1106.30219 -0.01976
11657.1429 -1106.32677 -0.02635
11657.1429 -1106.35135 -0.03293
12114.2857 -1107.04633 0.00000
12114.2857 -1107.07178 0.00000
12114.2857 -1107.09723 0.00000
12114.2857 -1107.12268 0.00000
12114.2857 -1107.14813 0.00000
12114.2857 -1107.17358 0.00000
12114.2857 -1107.04633 0.00000
12114.2857 -1107.07091 0.00659
12114.2857 -1107.09549 0.01317
12114.2857 -1107.12008 0.01976
12114.2857 -1107.14466 0.02635
12114.2857 -1107.16924 0.03293
12114.2857 -1107.04633 0.00000
12114.2857 -1107.06837 0.01272
12114.2857 -1107.09041 0.02545
12114.2857 -1107.11245 0.03818
12114.2857 -1107.13449 0.05090
12114.2857 -1107.15653 0.06362
12114.2857 -1107.04633 0.00000
12114.2857 -1107.06432 0.01800
12114.2857 -1107.08232 0.03599
12114.2857 -1107.10031 0.05399
12114.2857 -1107.11831 0.07198
12114.2857 -1107.13631 0.08998
12114.2857 -1107.04633 0.00000
12114.2857 -1107.05905 0.02204
12114.2857 -1107.07178 0.04408
12114.2857 -1107.08450 0.06612
12114.2857 -1107.09723 0.08816
12114.2857 -1107.10995 0.11020
12114.2857 -1107.04633 0.00000
12114.2857 -1107.05291 0.02458
12114.2857 -1107.05950 0.04917
12114.2857 -1107.06609 0.07375
12114.2857 -1107.07267 0.09833
12114.2857 -1107.07926 0.12291
12114.2857 -1107.04633 0.00000
12114.2857 -1107.04633 0.02545
12114.2857 -1107.04633 0.05090
12114.2857 -1107.04633 0.07635
12114.2857 -1107.04633 0.10180
12114.2857 -1107.04633 0.12725
12114.2857 -1107.04633 0.00000
12114.2857 -1107.03974 0.02458
12114.2857 -1107.03315 0.04917
12114.2857 -1107.02657 0.07375
12114.2857 -1107.01998 0.09833
12114.2857 -1107.01339 0.12291
12114.2857 -1107.04633 0.00000
12114.2857 -1107.03360 0.02204
12114.2857 -1107.02088 0.04408
12114.2857 -1107.00815 0.06612
12114.2857 -1106.99543 0.08816
12114.2857 -1106.98270 0.11020
12114.2857 -1107.04633 0.00000
12114.2857 -1107.02833 0.01800
12114.2857 -1107.01034 0.03599
12114.2857 -1106.99234 0.05399
12114.2857 -1106.97434 0.07198
12114.2857 -1106.95635 0.08998
12114.2857 -1107.04633 0.00000
12114.2857 -1107.02429 0.01273
12114.2857 -1107.00225 0.02545
12114.2857 -1106.98021 0.03818
12114.2857 -1106.95817 0.05090
12114.2857 -1106.93613 0.06363
12114.2857 -1107.04633 0.00000
12114.2857 -1107.02174 0.00659
12114.2857 -1106.99716 0.01317
12114.2857 -1106.97258 0.01976
12114.2857 -1106.94800 0.02635
12114.2857 -1106.92341 0.03293
12114.2857 -1107.04633 0.00000
12114.2857 -1107.02088 0.00000
12114.2857 -1106.99543 0.00000
12114.2857 -1106.96998 0.00000
12114.2857 -1106.94453 0.00000
12114.2857 -1106.91908 0.00000
12114.2857 -1107.04633 -0.00000
12114.2857 -1107.02174 -0.00659
12114.2857 -1106.99716 -0.01317
12114.2857 -1106.97258 -0.01976
12114.2857 -1106.94800 -0.02635
12114.2857 -1106.92341 -0.03293
12114.2857 -1107.04633 -0.00000
12114.2857 -1107.02429 -0.01272
12114.2857 -1107.00225 -0.02545
12114.2857 -1106.98021 -0.03817
12114.2857 -1106.95817 -0.05090
12114.2857 -1106.93613 -0.06362
12114.2857 -1107.04633 -0.00000
12114.2857 -1107.02833 -0.01800
12114.2857 -1107.01034 -0.03599
12114.2857 -1106.99234 -0.05399
12114.2857 -1106.97434 -0.07198
12114.2857 -1106.95635 -0.08998
12114.2857 -1107.04633 -0.00000
12114.2857 -1107.03360 -0.02204
12114.2857 -1107.02088 -0.04408
12114.2857 -1107.00815 -0.06612
12114.2857 -1106.99543 -0.08816
12114.2857 -1106.98270 -0.11020
12114.2857 -1107.04633 -0.00000
12114.2857 -1107.03974 -0.02458
12114.2857 -1107.03315 -0.04917
12114.2857 -1107.02657 -0.07375
12114.2857 -1107.01998 -0.09833
12114.2857 -1107.01339 -0.12291
12114.2857 -1107.04633 -0.00000
12114.2857 -1107.04633 -0.02545
12114.2857 -1107.04633 -0.05090
12114.2857 -1107.04633 -0.07635
12114.2857 -1107.04633 -0.10180
12114.2857 -1107.04633 -0.12725
12114.2857 -1107.04633 -0.00000
12114.2857 -1107.05291 -0.02458
12114.2857 -1107.05950 -0.04917
12114.2857 -1107.06609 -0.07375
12114.2857 -1107.07267 -0.09833
12114.2857 -1107.07926 -0.12291
12114.2857 -1107.04633 -0.00000
12114.2857 -1107.05905 -0.02204
12114.2857 -1107.07178 -0.04408
12114.2857 -1107.08450 -0.06612
12114.2857 -1107.09723 -0.08816
12114.2857 -1107.10995 -0.11020
12114.2857 -1107.04633 -0.00000
12114.2857 -1107.06432 -0.01800
12114.2857 -1107.08232 -0.03599
12114.2857 -1107.10031 -0.05399
12114.2857 -1107.11831 -0.07198
12114.2857 -1107.13631 -0.08998
12114.2857 -1107.04633 -0.00000
12114.2857 -1107.06837 -0.01273
12114.2857 -1107.09041 -0.02545
12114.2857 -1107.11245 -0.03818
12114.2857 -1107.13449 -0.05090
12114.2857 -1107.15653 -0.06363
12114.2857 -1107.04633 -0.00000
12114.2857 -1107.07091 -0.00659
12114.2857 -1107.09549 -0.01317
12114.2857 -1107.12008 -0.01976
12114.2857 -1107.14466 -0.02635
12114.2857 -1107.16924 -0.03293
13028.5714 -1095.48785 0.00000
13028.5714 -1095.51330 0.00000
13028.5714 -1095.53875 0.00000
13028.5714 -1095.56420 0.00000
13028.5714 -1095.58965 0.00000
13028.5714 -1095.61510 0.00000
13028.5714 -1095.48785 0.00000
13028.5714 -1095.51243 0.00659
13028.5714 -1095.53702 0.01317
13028.5714 -1095.56160 0.01976
13028.5714 -1095.58618 0.02635
13028.5714 -1095.61077 0.03293
13028.5714 -1095.48785 0.00000
13028.5714 -1095.50989 0.01272
13028.5714 -1095.53193 0.02545
13028.5714 -1095.55397 0.03818
13028.5714 -1095.57601 0.05090
13028.5714 -1095.59805 0.06362
13028.5714 -1095.48785 0.00000
13028.5714 -1095.50585 0.01800
13028.5714 -1095.52384 0.03599
13028.5714 -1095.54184 0.05399
13028.5714 -1095.55983 0.07198
13028.5714 -1095.57783 0.08998
13028.5714 -1095.48785 0.00000
13028.5714 -1095.50058 0.02204
13028.5714 -1095.51330 0.04408
13028.5714 -1095.52603 0.06612
13028.5714 -1095.53875 0.08816
13028.5714 -1095.55148 0.11020
13028.5714 -1095.48785 0.00000
13028.5714 -1095.49444 0.02458
13028.5714 -1095.50103 0.04917
13028.5714 -1095.50761 0.07375
13028.5714 -1095.51420 0.09833
13028.5714 -1095.52079 0.12291
13028.5714 -1095.48785 0.00000
13028.5714 -1095.48785 0.02545
13028.5714 -1095.48785 0.05090
13028.5714 -1095.48785 0.07635
13028.5714 -1095.48785 0.10180
13028.5714 -1095.48785 0.12725
13028.5714 -1095.48785 0.00000
13028.5714 -1095.48126 0.02458
13028.5714 -1095.47468 0.04917
13028.5714 -1095.46809 0.07375
13028.5714 -1095.46150 0.09833
13028.5714 -1095.45492 0.12291
13028.5714 -1095.48785 0.00000
13028.5714 -1095.47513 0.02204
13028.5714 -1095.46240 0.04408
13028.5714 -1095.44968 0.06612
13028.5714 -1095.43695 0.08816
13028.5714 -1095.42423 0.11020
13028.5714 -1095.48785 0.00000
13028.5714 -1095.46986 0.01800
13028.5714 -1095.45186 0.03599
13028.5714 -1095.43386 0.05399
13028.5714 -1095.41587 0.07198
13028.5714 -1095.39787 0.08998
13028.5714 -1095.48785 0.00000
13028.5714 -1095.46581 0.01273
13028.5714 -1095.44377 0.02545
13028.5714 -1095.42173 0.03818
13028.5714 -1095.39969 0.05090
13028.5714 -1095.37765 0.06363
13028.5714 -1095.48785 0.00000
13028.5714 -1095.46327 0.00659
13028.5714 -1095.43869 0.01317
13028.5714 -1095.41410 0.01976
13028.5714 -1095.38952 0.02635
13028.5714 -1095.36494 0.03293
13028.5714 -1095.48785 0.00000
13028.5714 -1095.46240 0.00000
13028.5714 -1095.43695 0.00000
13028.5714 -1095.41150 0.00000
13028.5714 -1095.38605 0.00000
13028.5714 -1095.36060 0.00000
13028.5714 -1095.48785 -0.00000
13028.5714 -1095.46327 -0.00659
13028.5714 -1095.43869 -0.01317
13028.5714 -1095.41410 -0.01976
13028.5714 -1095.38952 -0.02635
13028.5714 -1095.36494 -0.03293
13028.5714 -1095.48785 -0.00000
13028.5714 -1095.46581 -0.01272
13028.5714 -1095.44377 -0.02545
13028.5714 -1095.42173 -0.03817
13028.5714 -1095.39969 -0.05090
13028.5714 -1095.37765 -0.06362
13028.5714 -1095.48785 -0.00000
13028.5714 -1095.46986 -0.01800
13028.5714 -1095.45186 -0.03599
13028.5714 -1095.43386 -0.05399
13028.5714 -1095.41587 -0.07198
13028.5714 -1095.39787 -0.08998
13028.5714 -1095.48785 -0.00000
13028.5714 -1095.47513 -0.02204
13028.5714 -1095.46240 -0.04408
13028.5714 -1095.44968 -0.06612
13028.5714 -1095.43695 -0.08816
13028.5714 -1095.42423 -0.11020
13028.5714 -1095.48785 -0.00000
13028.5714 -1095.48126 -0.02458
13028.5714 -1095.47468 -0.04917
13028.5714 -1095.46809 -0.07375
13028.5714 -1095.46150 -0.09833
13028.5714 -1095.45492 -0.12291
13028.5714 -1095.48785 -0.00000
13028.5714 -1095.48785 -0.02545
13028.5714 -1095.48785 -0.05090
13028.5714 -1095.48785 -0.07635
13028.5714 -1095.48785 -0.10180
13028.5714 -1095.48785 -0.12725
13028.5714 -1095.48785 -0.00000
13028.5714 -1095.49444 -0.02458
13028.5714 -1095.50103 -0.04917
13028.5714 -1095.50761 -0.07375
13028.5714 -1095.51420 -0.09833
13028.5714 -1095.52079 -0.12291
13028.5714 -1095.48785 -0.00000
13028.5714 -1095.50058 -0.02204
13028.5714 -1095.51330 -0.04408
13028.5714 -1095.52603 -0.06612
13028.5714 -1095.53875 -0.08816
13028.5714 -1095.55148 -0.11020
13028.5714 -1095.48785 -0.00000
13028.5714 -1095.50585 -0.01800
13028.5714 -1095.52384 -0.03599
13028.5714 -1095.54184 -0.05399
13028.5714 -1095.55983 -0.07198
13028.5714 -1095.57783 -0.08998
13028.5714 -1095.48785 -0.00000
13028.5714 -1095.50989 -0.01273
13028.5714 -1095.53193 -0.02545
13028.5714 -1095.55397 -0.03818
13028.5714 -1095.57601 -0.05090
13028.5714 -1095.59805 -0.06363
13028.5714 -1095.48785 -0.00000
13028.5714 -1095.51243 -0.00659
13028.5714 -1095.53702 -0.01317
13028.5714 -1095.56160 -0.01976
13028.5714 -1095.58618 -0.02635
13028.5714 -1095.61077 -0.03293
13485.7143 -1085.26063 0.00000
13485.7143 -1085.28608 0.00000
13485.7143 -1085.31153 0.00000
13485.7143 -1085.33698 0.00000
13485.7143 -1085.36243 0.00000
13485.7143 -1085.38788 0.00000
13485.7143 -1085.26063 0.00000
13485.7143 -1085.28521 0.00659
13485.7143 -1085.30980 0.01317
13485.7143 -1085.33438 0.01976
13485.7143 -1085.35896 0.02635
13485.7143 -1085.38355 0.03293
13485.7143 -1085.26063 0.00000
13485.7143 -1085.28267 0.01272
13485.7143 -1085.30471 0.02545
13485.7143 -1085.32675 0.03818
13485.7143 -1085.34879 0.05090
13485.7143 -1085.37083 0.06362
13485.7143 -1085.26063 0.00000
13485.7143 -1085.27863 0.01800
13485.7143 -1085.29662 0.03599
13485.7143 -1085.31462 0.05399
13485.7143 -1085.33262 0.07198
13485.7143 -1085.35061 0.08998
13485.7143 -1085.26063 0.00000
13485.7143 -1085.27336 0.02204
13485.7143 -1085.28608 0.04408
13485.7143 -1085.29881 0.06612
13485.7143 -1085.31153 0.08816
13485.7143 -1085.32426 0.11020
13485.7143 -1085.26063 0.00000
13485.7143 -1085.26722 0.02458
13485.7143 -1085.27381 0.04917
13485.7143 -1085.28039 0.07375
13485.7143 -1085.28698 0.09833
13485.7143 -1085.29357 0.12291
13485.7143 -1085.26063 0.00000
13485.7143 -1085.26063 0.02545
13485.7143 -1085.26063 0.05090
13485.7143 -1085.26063 0.07635
13485.7143 -1085.26063 0.10180
13485.7143 -1085.26063 0.12725
13485.7143 -1085.26063 0.00000
13485.7143 -1085.25404 0.02458
13485.7143 -1085.24746 0.04917
13485.7143 -1085.24087 0.07375
13485.7143 -1085.23428 0.09833
13485.7143 -1085.22770 0.12291
13485.7143 -1085.26063 0.00000
13485.7143 -1085.24791 0.02204
13485.7143 -1085.23518 0.04408
13485.7143 -1085.22246 0.06612
13485.7143 -1085.20973 0.08816
13485.7143 -1085.19701 0.11020
13485.7143 -1085.26063 0.00000
13485.7143 -1085.24264 0.01800
13485.7143 -1085.22464 0.03599
13485.7143 -1085.20664 0.05399
13485.7143 -1085.18865 0.07198
13485.7143 -1085.17065 0.08998
13485.7143 -1085.26063 0.00000
13485.7143 -1085.23859 0.01273
13485.7143 -1085.21655 0.02545
13485.7143 -1085.19451 0.03818
13485.7143 -1085.17247 0.05090
13485.7143 -1085.15043 0.06363
13485.7143 -1085.26063 0.00000
13485.7143 -1085.23605 0.00659
13485.7143 -1085.21147 0.01317
13485.7143 -1085.18688 0.01976
13485.7143 -1085.16230 0.02635
13485.7143 -1085.13772 0.03293
13485.7143 -1085.26063 0.00000
13485.7143 -1085.23518 0.00000
13485.7143 -1085.20973 0.00000
13485.7143 -1085.18428 0.00000
13485.7143 -1085.15883 0.00000
13485.7143 -1085.13338 0.00000
13485.7143 -1085.26063 -0.00000
13485.7143 -1085.23605 -0.00659
13485.7143 -1085.21147 -0.01317
13485.7143 -1085.18688 -0.01976
13485.7143 -1085.16230 -0.02635
13485.7143 -1085.13772 -0.03293
13485.7143 -1085.26063 -0.00000
13485.7143 -1085.23859 -0.01272
13485.7143 -1085.21655 -0.02545
13485.7143 -1085.19451 -0.03817
13485.7143 -1085.17247 -0.05090
13485.7143 -1085.15043 -0.06362
13485.7143 -1085.26063 -0.00000
13485.7143 -1085.24264 -0.01800
13485.7143 -1085.22464 -0.03599
13485.7143 -1085.20664 -0.05399
13485.7143 -1085.18865 -0.07198
13485.7143 -1085.17065 -0.08998
13485.7143 -1085.26063 -0.00000
13485.7143 -1085.24791 -0.02204
13485.7143 -1085.23518 -0.04408
13485.7143 -1085.22246 -0.06612
13485.7143 -1085.20973 -0.08816
13485.7143 -1085.19701 -0.11020
13485.7143 -1085.26063 -0.00000
13485.7143 -1085.25404 -0.02458
13485.7143 -1085.24746 -0.04917
13485.7143 -1085.24087 -0.07375
13485.7143 -1085.23428 -0.09833
13485.7143 -1085.22770 -0.12291
13485.7143 -1085.26063 -0.00000
13485.7143 -1085.26063 -0.02545
13485.7143 -1085.26063 -0.05090
13485.7143 -1085.26063 -0.07635
13485.7143 -1085.26063 -0.10180
13485.7143 -1085.26063 -0.12725
13485.7143 -1085.26063 -0.00000
13485.7143 -1085.26722 -0.02458
13485.7143 -1085.27381 -0.04917
13485.7143 -1085.28039 -0.07375
13485.7143 -1085.28698 -0.09833
13485.7143 -1085.29357 -0.12291
13485.7143 -1085.26063 -0.00000
13485.7143 -1085.27336 -0.02204
13485.7143 -1085.28608 -0.04408
13485.7143 -1085.29881 -0.06612
13485.7143 -1085.31153 -0.08816
13485.7143 -1085.32426 -0.11020
13485.7143 -1085.26063 -0.00000
13485.7143 -1085.27863 -0.01800
13485.7143 -1085.29662 -0.03599
13485.7143 -1085.31462 -0.05399
13485.7143 -1085.33262 -0.07198
13485.7143 -1085.35061 -0.08998
13485.7143 -1085.26063 -0.00000
13485.7143 -1085.28267 -0.01273
13485.7143 -1085.30471 -0.02545
13485.7143 -1085.32675 -0.03818
13485.7143 -1085.34879 -0.05090
13485.7143 -1085.37083 -0.06363
13485.7143 -1085.26063 -0.00000
13485.7143 -1085.28521 -0.00659
13485.7143 -1085.30980 -0.01317
13485.7143 -1085.33438 -0.01976
13485.7143 -1085.35896 -0.02635
13485.7143 -1085.38355 -0.03293
13942.8571 -1079.85683 0.00000
13942.8571 -1079.88228 0.00000
13942.8571 -1079.90773 0.00000
13942.8571 -1079.93318 0.00000
13942.8571 -1079.95863 0.00000
13942.8571 -1079.98408 0.00000
13942.8571 -1079.85683 0.00000
13942.8571 -1079.88141 0.00659
13942.8571 -1079.90600 0.01317
13942.8571 -1079.93058 0.01976
13942.8571 -1079.95516 0.02635
13942.8571 -1079.97975 0.03293
13942.8571 -1079.85683 0.00000
13942.8571 -1079.87887 0.01272
13942.8571 -1079.90091 0.02545
13942.8571 -1079.92295 0.03818
13942.8571 -1079.94499 0.05090
13942.8571 -1079.96703 0.06362
13942.8571 -1079.85683 0.00000
13942.8571 -1079.87483 0.01800
13942.8571 -1079.89282 0.03599
13942.8571 -1079.91082 0.05399
13942.8571 -1079.92882 0.07198
13942.8571 -1079.94681 0.08998
13942.8571 -1079.85683 0.00000
13942.8571 -1079.86956 0.02204
13942.8571 -1079.88228 0.04408
13942.8571 -1079.89501 0.06612
13942.8571 -1079.90773 0.08816
13942.8571 -1079.92046 0.11020
13942.8571 -1079.85683 0.00000
13942.8571 -1079.86342 0.02458
13942.8571 -1079.87001 0.04917
13942.8571 -1079.87659 0.07375
13942.8571 -1079.88318 0.09833
13942.8571 -1079.88977 0.12291
13942.8571 -1079.85683 0.00000
13942.8571 -1079.85683 0.02545
13942.8571 -1079.85683 0.05090
13942.8571 -1079.85683 0.07635
13942.8571 -1079.85683 0.10180
13942.8571 -1079.85683 0.12725
13942.8571 -1079.85683 0.00000
13942.8571 -1079.85024 0.02458
13942.8571 -1079.84366 0.04917
13942.8571 -1079.83707 0.07375
13942.8571 -1079.83048 0.09833
13942.8571 -1079.82390 0.12291
13942.8571 -1079.85683 0.00000
13942.8571 -1079.84411 0.02204
13942.8571 -1079.83138 0.04408
13942.8571 -1079.81866 0.06612
13942.8571 -1079.80593 0.08816
13942.8571 -1079.79321 0.11020
13942.8571 -1079.85683 0.00000
13942.8571 -1079.83884 0.01800
13942.8571 -1079.82084 0.03599
13942.8571 -1079.80284 0.05399
13942.8571 -1079.78485 0.07198
13942.8571 -1079.76685 0.08998
13942.8571 -1079.85683 0.00000
13942.8571 -1079.83479 0.01273
13942.8571 -1079.81275 0.02545
13942.8571 -1079.79071 0.03818
13942.8571 -1079.76867 0.05090
13942.8571 -1079.74663 0.06363
13942.8571 -1079.85683 0.00000
13942.8571 -1079.83225 0.00659
13942.8571 -1079.80767 0.01317
13942.8571 -1079.78308 0.01976
13942.8571 -1079.75850 0.02635
13942.8571 -1079.73392 0.03293
13942.8571 -1079.85683 0.00000
13942.8571 -1079.83138 0.00000
13942.8571 -1079.80593 0.00000
13942.8571 -1079.78048 0.00000
13942.8571 -1079.75503 0.00000
13942.8571 -1079.72958 0.00000
13942.8571 -1079.85683 -0.00000
13942.8571 -1079.83225 -0.00659
13942.8571 -1079.80767 -0.01317
13942.8571 -1079.78308 -0.01976
13942.8571 -1079.75850 -0.02635
13942.8571 -1079.73392 -0.03293
13942.8571 -1079.85683 -0.00000
13942.8571 -1079.83479 -0.01272
13942.8571 -1079.81275 -0.02545
13942.8571 -1079.79071 -0.03817
13942.8571 -1079.76867 -0.05090
13942.8571 -1079.74663 -0.06362
13942.8571 -1079.85683 -0.00000
13942.8571 -1079.83884 -0.01800
13942.8571 -1079.82084 -0.03599
13942.8571 -1079.80284 -0.05399
13942.8571 -1079.78485 -0.07198
13942.8571 -1079.76685 -0.08998
13942.8571 -1079.85683 -0.00000
13942.8571 -1079.84411 -0.02204
13942.8571 -1079.83138 -0.04408
13942.8571 -1079.81866 -0.06612
13942.8571 -1079.80593 -0.08816
13942.8571 -1079.79321 -0.11020
13942.8571 -1079.85683 -0.00000
13942.8571 -1079.85024 -0.02458
13942.8571 -1079.84366 -0.04917
13942.8571 -1079.83707 -0.07375
13942.8571 -1079.83048 -0.09833
13942.8571 -1079.82390 -0.12291
13942.8571 -1079.85683 -0.00000
13942.8571 -1079.85683 -0.02545
13942.8571 -1079.85683 -0.05090
13942.8571 -1079.85683 -0.07635
13942.8571 -1079.85683 -0.10180
13942.8571 -1079.85683 -0.12725
13942.8571 -1079.85683 -0.00000
13942.8571 -1079.86342 -0.02458
13942.8571 -1079.87001 -0.04917
13942.8571 -1079.87659 -0.07375
13942.8571 -1079.88318 -0.09833
13942.8571 -1079.88977 -0.12291
13942.8571 -1079.85683 -0.00000
13942.8571 -1079.86956 -0.02204
13942.8571 -1079.88228 -0.04408
13942.8571 -1079.89501 -0.06612
13942.8571 -1079.90773 -0.08816
13942.8571 -1079.92046 -0.11020
13942.8571 -1079.85683 -0.00000
13942.8571 -1079.87483 -0.01800
13942.8571 -1079.89282 -0.03599
13942.8571 -1079.91082 -0.05399
13942.8571 -1079.92882 -0.07198
13942.8571 -1079.94681 -0.08998
13942.8571 -1079.85683 -0.00000
13942.8571 -1079.87887 -0.01273
13942.8571 -1079.90091 -0.02545
13942.8571 -1079.92295 -0.03818
13942.8571 -1079.94499 -0.05090
13942.8571 -1079.96703 -0.06363
13942.8571 -1079.85683 -0.00000
13942.8571 -1079.88141 -0.00659
13942.8571 -1079.90600 -0.01317
13942.8571 -1079.93058 -0.01976
13942.8571 -1079.95516 -0.02635
13942.8571 -1079.97975 -0.03293
14400.0000 -1082.32652 0.00000
14400.0000 -1082.35197 0.00000
14400.0000 -1082.37742 0.00000
14400.0000 -1082.40287 0.00000
14400.0000 -1082.42832 0.00000
14400.0000 -1082.45377 0.00000
14400.0000 -1082.32652 0.00000
14400.0000 -1082.35110 0.00659
14400.0000 -1082.37568 0.01317
14400.0000 -1082.40027 0.01976
14400.0000 -1082.42485 0.02635
14400.0000 -1082.44943 0.03293
14400.0000 -1082.32652 0.00000
14400.0000 -1082.34856 0.01272
14400.0000 -1082.37060 0.02545
14400.0000 -1082.39264 0.03818
14400.0000 -1082.41468 0.05090
14400.0000 -1082.43672 0.06362
14400.0000 -1082.32652 0.00000
14400.0000 -1082.34451 0.01800
14400.0000 -1082.36251 0.03599
14400.0000 -1082.38051 0.05399
14400.0000 -1082.39850 0.07198
14400.0000 -1082.41650 0.08998
14400.0000 -1082.32652 0.00000
14400.0000 -1082.33924 0.02204
14400.0000 -1082.35197 0.04408
14400.0000 -1082.36469 0.06612
14400.0000 -1082.37742 0.08816
14400.0000 -1082.39014 0.11020
14400.0000 -1082.32652 0.00000
14400.0000 -1082.33311 0.02458
14400.0000 -1082.33969 0.04917
14400.0000 -1082.34628 0.07375
14400.0000 -1082.35287 0.09833
14400.0000 -1082.35945 0.12291
14400.0000 -1082.32652 0.00000
14400.0000 -1082.32652 0.02545
14400.0000 -1082.32652 0.05090
14400.0000 -1082.32652 0.07635
14400.0000 -1082.32652 0.10180
14400.0000 -1082.32652 0.12725
14400.0000 -1082.32652 0.00000
14400.0000 -1082.31993 0.02458
14400.0000 -1082.31334 0.04917
14400.0000 -1082.30676 0.07375
14400.0000 -1082.30017 0.09833
14400.0000 -1082.29358 0.12291
14400.0000 -1082.32652 0.00000
14400.0000 -1082.31379 0.02204
14400.0000 -1082.30107 0.04408
14400.0000 -1082.28834 0.06612
14400.0000 -1082.27562 0.08816
14400.0000 -1082.26289 0.11020
14400.0000 -1082.32652 0.00000
14400.0000 -1082.30852 0.01800
14400.0000 -1082.29053 0.03599
14400.0000 -1082.27253 0.05399
14400.0000 -1082.25453 0.07198
14400.0000 -1082.23654 0.08998
14400.0000 -1082.32652 0.00000
14400.0000 -1082.30448 0.01273
14400.0000 -1082.28244 0.02545
14400.0000 -1082.26040 0.03818
14400.0000 -1082.23836 0.05090
14400.0000 -1082.21632 0.06363
14400.0000 -1082.32652 0.00000
14400.0000 -1082.30194 0.00659
14400.0000 -1082.27735 0.01317
14400.0000 -1082.25277 0.01976
14400.0000 -1082.22819 0.02635
14400.0000 -1082.20360 0.03293
14400.0000 -1082.32652 0.00000
14400.0000 -1082.30107 0.00000
14400.0000 -1082.27562 0.00000
14400.0000 -1082.25017 0.00000
14400.0000 -1082.22472 0.00000
14400.0000 -1082.19927 0.00000
14400.0000 -1082.32652 -0.00000
14400.0000 -1082.30194 -0.00659
14400.0000 -1082.27735 -0.01317
14400.0000 -1082.25277 -0.01976
14400.0000 -1082.22819 -0.02635
14400.0000 -1082.20360 -0.03293
14400.0000 -1082.32652 -0.00000
14400.0000 -1082.30448 -0.01272
14400.0000 -1082.28244 -0.02545
14400.0000 -1082.26040 -0.03817
14400.0000 -1082.23836 -0.05090
14400.0000 -1082.21632 -0.06362
14400.0000 -1082.32652 -0.00000
14400.0000 -1082.30852 -0.01800
14400.0000 -1082.29053 -0.03599
14400.0000 -1082.27253 -0.05399
14400.0000 -1082.25453 -0.07198
14400.0000 -1082.23654 -0.08998
14400.0000 -1082.32652 -0.00000
14400.0000 -1082.31379 -0.02204
14400.0000 -1082.30107 -0.04408
14400.0000 -1082.28834 -0.06612
14400.0000 -1082.27562 -0.08816
14400.0000 -1082.26289 -0.11020
14400.0000 -1082.32652 -0.00000
14400.0000 -1082.31993 -0.02458
14400.0000 -1082.31334 -0.04917
14400.0000 -1082.30676 -0.07375
14400.0000 -1082.30017 -0.09833
14400.0000 -1082.29358 -0.12291
14400.0000 -1082.32652 -0.00000
14400.0000 -1082.32652 -0.02545
14400.0000 -1082.32652 -0.05090
14400.0000 -1082.32652 -0.07635
14400.0000 -1082.32652 -0.10180
14400.0000 -1082.32652 -0.12725
14400.0000 -1082.32652 -0.00000
14400.0000 -1082.33311 -0.02458
14400.0000 -1082.33969 -0.04917
14400.0000 -1082.34628 -0.07375
14400.0000 -1082.35287 -0.09833
14400.0000 -1082.35945 -0.12291
14400.0000 -1082.32652 -0.00000
14400.0000 -1082.33924 -0.02204
14400.0000 -1082.35197 -0.04408
14400.0000 -1082.36469 -0.06612
14400.0000 -1082.37742 -0.08816
14400.0000 -1082.39014 -0.11020
14400.0000 -1082.32652 -0.00000
14400.0000 -1082.34451 -0.01800
14400.0000 -1082.36251 -0.03599
14400.0000 -1082.38051 -0.05399
14400.0000 -1082.39850 -0.07198
14400.0000 -1082.41650 -0.08998
14400.0000 -1082.32652 -0.00000
14400.0000 -1082.34856 -0.01273
14400.0000 -1082.37060 -0.02545
14400.0000 -1082.39264 -0.03818
14400.0000 -1082.41468 -0.05090
14400.0000 -1082.43672 -0.06363
14400.0000 -1082.32652 -0.00000
14400.0000 -1082.35110 -0.00659
14400.0000 -1082.37568 -0.01317
14400.0000 -1082.40027 -0.01976
14400.0000 -1082.42485 -0.02635
14400.0000 -1082.44943 -0.03293
14857.1429 -1088.51729 0.00000
14857.1429 -1088.54274 0.00000
14857.1429 -1088.56819 0.00000
14857.1429 -1088.59364 0.00000
14857.1429 -1088.61909 0.00000
14857.1429 -1088.64454 0.00000
14857.1429 -1088.51729 0.00000
14857.1429 -1088.54187 0.00659
14857.1429 -1088.56645 0.01317
14857.1429 -1088.59104 0.01976
14857.1429 -1088.61562 0.02635
14857.1429 -1088.64020 0.03293
14857.1429 -1088.51729 0.00000
14857.1429 -1088.53933 0.01272
14857.1429 -1088.56137 0.02545
14857.1429 -1088.58341 0.03818
14857.1429 -1088.60545 0.05090
14857.1429 -1088.62749 0.06362
14857.1429 -1088.51729 0.00000
14857.1429 -1088.53528 0.01800
14857.1429 -1088.55328 0.03599
14857.1429 -1088.57128 0.05399
14857.1429 -1088.58927 0.07198
14857.1429 -1088.60727 0.08998
14857.1429 -1088.51729 0.00000
14857.1429 -1088.53001 0.02204
14857.1429 -1088.54274 0.04408
14857.1429 -1088.55546 0.06612
14857.1429 -1088.56819 0.08816
14857.1429 -1088.58091 0.11020
14857.1429 -1088.51729 0.00000
14857.1429 -1088.52388 0.02458
14857.1429 -1088.53046 0.04917
14857.1429 -1088.53705 0.07375
14857.1429 -1088.54364 0.09833
14857.1429 -1088.55022 0.12291
14857.1429 -1088.51729 0.00000
14857.1429 -1088.51729 0.02545
14857.1429 -1088.51729 0.05090
14857.1429 -1088.51729 0.07635
14857.1429 -1088.51729 0.10180
14857.1429 -1088.51729 0.12725
14857.1429 -1088.51729 0.00000
14857.1429 -1088.51070 0.02458
14857.1429 -1088.50411 0.04917
14857.1429 -1088.49753 0.07375
14857.1429 -1088.49094 0.09833
14857.1429 -1088.48435 0.12291
14857.1429 -1088.51729 0.00000
14857.1429 -1088.50456 0.02204
14857.1429 -1088.49184 0.04408
14857.1429 -1088.47911 0.06612
14857.1429 -1088.46639 0.08816
14857.1429 -1088.45366 0.11020
14857.1429 -1088.51729 0.00000
14857.1429 -1088.49929 0.01800
14857.1429 -1088.48130 0.03599
14857.1429 -1088.46330 0.05399
14857.1429 -1088.44531 0.07198
14857.1429 -1088.42731 0.08998
14857.1429 -1088.51729 0.00000
14857.1429 -1088.49525 0.01273
14857.1429 -1088.47321 0.02545
14857.1429 -1088.45117 0.03818
14857.1429 -1088.42913 0.05090
14857.1429 -1088.40709 0.06363
14857.1429 -1088.51729 0.00000
14857.1429 -1088.49271 0.00659
14857.1429 -1088.46812 0.01317
14857.1429 -1088.44354 0.01976
14857.1429 -1088.41896 0.02635
14857.1429 -1088.39437 0.03293
14857.1429 -1088.51729 0.00000
14857.1429 -1088.49184 0.00000
14857.1429 -1088.46639 0.00000
14857.1429 -1088.44094 0.00000
14857.1429 -1088.41549 0.00000
14857.1429 -1088.39004 0.00000
14857.1429 -1088.51729 -0.00000
14857.1429 -1088.49271 -0.00659
14857.1429 -1088.46812 -0.01317
14857.1429 -1088.44354 -0.01976
14857.1429 -1088.41896 -0.02635
14857.1429 -1088.39437 -0.03293
14857.1429 -1088.51729 -0.00000
14857.1429 -1088.49525 -0.01272
14857.1429 -1088.47321 -0.02545
14857.1429 -1088.45117 -0.03817
14857.1429 -1088.42913 -0.05090
14857.1429 -1088.40709 -0.06362
14857.1429 -1088.51729 -0.00000
14857.1429 -1088.49929 -0.01800
14857.1429 -1088.48130 -0.03599
14857.1429 -1088.46330 -0.05399
14857.1429 -1088.44531 -0.07198
14857.1429 -1088.42731 -0.08998
14857.1429 -1088.51729 -0.00000
14857.1429 -1088.50456 -0.02204
14857.1429 -1088.49184 -0.04408
14857.1429 -1088.47911 -0.06612
14857.1429 -1088.46639 -0.08816
14857.1429 -1088.45366 -0.11020
14857.1429 -1088.51729 -0.00000
14857.1429 -1088.51070 -0.02458
14857.1429 -1088.50411 -0.04917
14857.1429 -1088.49753 -0.07375
14857.1429 -1088.49094 -0.09833
14857.1429 -1088.48435 -0.12291
14857.1429 -1088.51729 -0.00000
14857.1429 -1088.51729 -0.02545
14857.1429 -1088.51729 -0.05090
14857.1429 -1088.51729 -0.07635
14857.1429 -1088.51729 -0.10180
14857.1429 -1088.51729 -0.12725
14857.1429 -1088.51729 -0.00000
14857.1429 -1088.52388 -0.02458
14857.1429 -1088.53046 -0.04917
14857.1429 -1088.53705 -0.07375
14857.1429 -1088.54364 -0.09833
14857.1429 -1088.55022 -0.12291
14857.1429 -1088.51729 -0.00000
14857.1429 -1088.53001 -0.02204
14857.1429 -1088.54274 -0.04408
14857.1429 -1088.55546 -0.06612
14857.1429 -1088.56819 -0.08816
14857.1429 -1088.58091 -0.11020
14857.1429 -1088.51729 -0.00000
14857.1429 -1088.53528 -0.01800
14857.1429 -1088.55328 -0.03599
14857.1429 -1088.57128 -0.05399
14857.1429 -1088.58927 -0.07198
14857.1429 -1088.60727 -0.08998
14857.1429 -1088.51729 -0.00000
14857.1429 -1088.53933 -0.01273
14857.1429 -1088.56137 -0.02545
14857.1429 -1088.58341 -0.03818
14857.1429 -1088.60545 -0.05090
14857.1429 -1088.62749 -0.06363
14857.1429 -1088.51729 -0.00000
14857.1429 -1088.54187 -0.00659
14857.1429 -1088.56645 -0.01317
14857.1429 -1088.59104 -0.01976
14857.1429 -1088.61562 -0.02635
14857.1429 -1088.64020 -0.03293
15314.2857 -1089.32932 0.00000
15314.2857 -1089.35477 0.00000
15314.2857 -1089.38022 0.00000
15314.2857 -1089.40567 0.00000
15314.2857 -1089.43112 0.00000
15314.2857 -1089.45657 0.00000
15314.2857 -1089.32932 0.00000
15314.2857 -1089.35390 0.00659
15314.2857 -1089.37849 0.01317
15314.2857 -1089.40307 0.01976
15314.2857 -1089.42765 0.02635
15314.2857 -1089.45223 0.03293
15314.2857 -1089.32932 0.00000
15314.2857 -1089.35136 0.01272
15314.2857 -1089.37340 0.02545
15314.2857 -1089.39544 0.03818
15314.2857 -1089.41748 0.05090
15314.2857 -1089.43952 0.06362
15314.2857 -1089.32932 0.00000
15314.2857 -1089.34732 0.01800
15314.2857 -1089.36531 0.03599
15314.2857 -1089.38331 0.05399
15314.2857 -1089.40130 0.07198
15314.2857 -1089.41930 0.08998
15314.2857 -1089.32932 0.00000
15314.2857 -1089.34204 0.02204
15314.2857 -1089.35477 0.04408
15314.2857 -1089.36749 0.06612
15314.2857 -1089.38022 0.08816
15314.2857 -1089.39294 0.11020
15314.2857 -1089.32932 0.00000
15314.2857 -1089.33591 0.02458
15314.2857 -1089.34249 0.04917
15314.2857 -1089.34908 0.07375
15314.2857 -1089.35567 0.09833
15314.2857 -1089.36225 0.12291
15314.2857 -1089.32932 0.00000
15314.2857 -1089.32932 0.02545
15314.2857 -1089.32932 0.05090
15314.2857 -1089.32932 0.07635
15314.2857 -1089.32932 0.10180
15314.2857 -1089.32932 0.12725
15314.2857 -1089.32932 0.00000
15314.2857 -1089.32273 0.02458
15314.2857 -1089.31615 0.04917
15314.2857 -1089.30956 0.07375
15314.2857 -1089.30297 0.09833
15314.2857 -1089.29639 0.12291
15314.2857 -1089.32932 0.00000
15314.2857 -1089.31659 0.02204
15314.2857 -1089.30387 0.04408
15314.2857 -1089.29114 0.06612
15314.2857 -1089.27842 0.08816
15314.2857 -1089.26569 0.11020
15314.2857 -1089.32932 0.00000
15314.2857 -1089.31132 0.01800
15314.2857 -1089.29333 0.03599
15314.2857 -1089.27533 0.05399
15314.2857 -1089.25734 0.07198
15314.2857 -1089.23934 0.08998
15314.2857 -1089.32932 0.00000
15314.2857 -1089.30728 0.01273
15314.2857 -1089.28524 0.02545
15314.2857 -1089.26320 0.03818
15314.2857 -1089.24116 0.05090
15314.2857 -1089.21912 0.06363
15314.2857 -1089.32932 0.00000
15314.2857 -1089.30474 0.00659
15314.2857 -1089.28015 0.01317
15314.2857 -1089.25557 0.01976
15314.2857 -1089.23099 0.02635
15314.2857 -1089.20641 0.03293
15314.2857 -1089.32932 0.00000
15314.2857 -1089.30387 0.00000
15314.2857 -1089.27842 0.00000
15314.2857 -1089.25297 0.00000
15314.2857 -1089.22752 0.00000
15314.2857 -1089.20207 0.00000
15314.2857 -1089.32932 -0.00000
15314.2857 -1089.30474 -0.00659
15314.2857 -1089.28015 -0.01317
15314.2857 -1089.25557 -0.01976
15314.2857 -1089.23099 -0.02635
15314.2857 -1089.20641 -0.03293
15314.2857 -1089.32932 -0.00000
15314.2857 -1089.30728 -0.01272
15314.2857 -1089.28524 -0.02545
15314.2857 -1089.26320 -0.03817
15314.2857 -1089.24116 -0.05090
15314.2857 -1089.21912 -0.06362
15314.2857 -1089.32932 -0.00000
15314.2857 -1089.31132 -0.01800
15314.2857 -1089.29333 -0.03599
15314.2857 -1089.27533 -0.05399
15314.2857 -1089.25734 -0.07198
15314.2857 -1089.23934 -0.08998
15314.2857 -1089.32932 -0.00000
15314.2857 -1089.31659 -0.02204
15314.2857 -1089.30387 -0.04408
15314.2857 -1089.29114 -0.06612
15314.2857 -1089.27842 -0.08816
15314.2857 -1089.26569 -0.11020
15314.2857 -1089.32932 -0.00000
15314.2857 -1089.32273 -0.02458
15314.2857 -1089.31615 -0.04917
15314.2857 -1089.30956 -0.07375
15314.2857 -1089.30297 -0.09833
15314.2857 -1089.29639 -0.12291
15314.2857 -1089.32932 -0.00000
15314.2857 -1089.32932 -0.02545
15314.2857 -1089.32932 -0.05090
15314.2857 -1089.32932 -0.07635
15314.2857 -1089.32932 -0.10180
15314.2857 -1089.32932 -0.12725
15314.2857 -1089.32932 -0.00000
15314.2857 -1089.33591 -0.02458
15314.2857 -1089.34249 -0.04917
15314.2857 -1089.34908 -0.07375
15314.2857 -1089.35567 -0.09833
15314.2857 -1089.36225 -0.12291
15314.2857 -1089.32932 -0.00000
15314.2857 -1089.34204 -0.02204
15314.2857 -1089.35477 -0.04408
15314.2857 -1089.36749 -0.06612
15314.2857 -1089.38022 -0.08816
15314.2857 -1089.39294 -0.11020
15314.2857 -1089.32932 -0.00000
15314.2857 -1089.34732 -0.01800
15314.2857 -1089.36531 -0.03599
15314.2857 -1089.38331 -0.05399
15314.2857 -1089.40130 -0.07198
15314.2857 -1089.41930 -0.08998
15314.2857 -1089.32932 -0.00000
15314.2857 -1089.35136 -0.01273
15314.2857 -1089.37340 -0.02545
15314.2857 -1089.39544 -0.03818
15314.2857 -1089.41748 -0.05090
15314.2857 -1089.43952 -0.06363
15314.2857 -1089.32932 -0.00000
15314.2857 -1089.35390 -0.00659
15314.2857 -1089.37849 -0.01317
15314.2857 -1089.40307 -0.01976
15314.2857 -1089.42765 -0.02635
15314.2857 -1089.45223 -0.03293
16228.5714 -1054.85221 0.00000
16228.5714 -1054.87766 0.00000
16228.5714 -1054.90311 0.00000
16228.5714 -1054.92856 0.00000
16228.5714 -1054.95401 0.00000
16228.5714 -1054.97946 0.00000
16228.5714 -1054.85221 0.00000
16228.5714 -1054.87679 0.00659
16228.5714 -1054.90138 0.01317
16228.5714 -1054.92596 0.01976
16228.5714 -1054.95054 0.02635
16228.5714 -1054.97512 0.03293
16228.5714 -1054.85221 0.00000
16228.5714 -1054.87425 0.01272
16228.5714 -1054.89629 0.02545
16228.5714 -1054.91833 0.03818
16228.5714 -1054.94037 0.05090
16228.5714 -1054.96241 0.06362
16228.5714 -1054.85221 0.00000
16228.5714 -1054.87021 0.01800
16228.5714 -1054.88820 0.03599
16228.5714 -1054.90620 0.05399
16228.5714 -1054.92419 0.07198
16228.5714 -1054.94219 0.08998
16228.5714 -1054.85221 0.00000
16228.5714 -1054.86493 0.02204
16228.5714 -1054.87766 0.04408
16228.5714 -1054.89038 0.06612
16228.5714 -1054.90311 0.08816
16228.5714 -1054.91583 0.11020
16228.5714 -1054.85221 0.00000
16228.5714 -1054.85880 0.02458
16228.5714 -1054.86538 0.04917
16228.5714 -1054.87197 0.07375
16228.5714 -1054.87856 0.09833
16228.5714 -1054.88514 0.12291
16228.5714 -1054.85221 0.00000
16228.5714 -1054.85221 0.02545
16228.5714 -1054.85221 0.05090
16228.5714 -1054.85221 0.07635
16228.5714 -1054.85221 0.10180
16228.5714 -1054.85221 0.12725
16228.5714 -1054.85221 0.00000
16228.5714 -1054.84562 0.02458
16228.5714 -1054.83904 0.04917
16228.5714 -1054.83245 0.07375
16228.5714 -1054.82586 0.09833
16228.5714 -1054.81928 0.12291
16228.5714 -1054.85221 0.00000
16228.5714 -1054.83948 0.02204
16228.5714 -1054.82676 0.04408
16228.5714 -1054.81403 0.06612
16228.5714 -1054.80131 0.08816
16228.5714 -1054.78858 0.11020
16228.5714 -1054.85221 0.00000
16228.5714 -1054.83421 0.01800
16228.5714 -1054.81622 0.03599
16228.5714 -1054.79822 0.05399
16228.5714 -1054.78023 0.07198
16228.5714 -1054.76223 0.08998
16228.5714 -1054.85221 0.00000
16228.5714 -1054.83017 0.01273
16228.5714 -1054.80813 0.02545
16228.5714 -1054.78609 0.03818
16228.5714 -1054.76405 0.05090
16228.5714 -1054.74201 0.06363
16228.5714 -1054.85221 0.00000
16228.5714 -1054.82763 0.00659
16228.5714 -1054.80304 0.01317
16228.5714 -1054.77846 0.01976
16228.5714 -1054.75388 0.02635
16228.5714 -1054.72930 0.03293
16228.5714 -1054.85221 0.00000
16228.5714 -1054.82676 0.00000
16228.5714 -1054.80131 0.00000
16228.5714 -1054.77586 0.00000
16228.5714 -1054.75041 0.00000
16228.5714 -1054.72496 0.00000
16228.5714 -1054.85221 -0.00000
16228.5714 -1054.82763 -0.00659
16228.5714 -1054.80304 -0.01317
16228.5714 -1054.77846 -0.01976
16228.5714 -1054.75388 -0.02635
16228.5714 -1054.72930 -0.03293
16228.5714 -1054.85221 -0.00000
16228.5714 -1054.83017 -0.01272
16228.5714 -1054.80813 -0.02545
16228.5714 -1054.78609 -0.03817
16228.5714 -1054.76405 -0.05090
16228.5714 -1054.74201 -0.06362
16228.5714 -1054.85221 -0.00000
16228.5714 -1054.83421 -0.01800
16228.5714 -1054.81622 -0.03599
16228.5714 -1054.79822 -0.05399
16228.5714 -1054.78023 -0.07198
16228.5714 -1054.76223 -0.08998
16228.5714 -1054.85221 -0.00000
16228.5714 -1054.83948 -0.02204
16228.5714 -1054.82676 -0.04408
16228.5714 -1054.81403 -0.06612
16228.5714 -1054.80131 -0.08816
16228.5714 -1054.78858 -0.11020
16228.5714 -1054.85221 -0.00000
16228.5714 -1054.84562 -0.02458
16228.5714 -1054.83904 -0.04917
16228.5714 -1054.83245 -0.07375
16228.5714 -1054.82586 -0.09833
16228.5714 -1054.81928 -0.12291
16228.5714 -1054.85221 -0.00000
16228.5714 -1054.85221 -0.02545
16228.5714 -1054.85221 -0.05090
16228.5714 -1054.85221 -0.07635
16228.5714 -1054.85221 -0.10180
16228.5714 -1054.85221 -0.12725
16228.5714 -1054.85221 -0.00000
16228.5714 -1054.85880 -0.02458
16228.5714 -1054.86538 -0.04917
16228.5714 -1054.87197 -0.07375
16228.5714 -1054.87856 -0.09833
16228.5714 -1054.88514 -0.12291
16228.5714 -1054.85221 -0.00000
16228.5714 -1054.86493 -0.02204
16228.5714 -1054.87766 -0.04408
16228.5714 -1054.89038 -0.06612
16228.5714 -1054.90311 -0.08816
16228.5714 -1054.91583 -0.11020
16228.5714 -1054.85221 -0.00000
16228.5714 -1054.87021 -0.01800
16228.5714 -1054.88820 -0.03599
16228.5714 -1054.90620 -0.05399
16228.5714 -1054.92419 -0.07198
16228.5714 -1054.94219 -0.08998
16228.5714 -1054.85221 -0.00000
16228.5714 -1054.87425 -0.01273
16228.5714 -1054.89629 -0.02545
16228.5714 -1054.91833 -0.03818
16228.5714 -1054.94037 -0.05090
16228.5714 -1054.96241 -0.06363
16228.5714 -1054.85221 -0.00000
16228.5714 -1054.87679 -0.00659
16228.5714 -1054.90138 -0.01317
16228.5714 -1054.92596 -0.01976
16228.5714 -1054.95054 -0.02635
16228.5714 -1054.97512 -0.03293
16685.7143 -1030.70309 0.00000
16685.7143 -1030.72854 0.00000
16685.7143 -1030.75399 0.00000
16685.7143 -1030.77944 0.00000
16685.7143 -1030.80489 0.00000
16685.7143 -1030.83034 0.00000
16685.7143 -1030.70309 0.00000
16685.7143 -1030.72768 0.00659
16685.7143 -1030.75226 0.01317
16685.7143 -1030.77684 0.01976
16685.7143 -1030.80142 0.02635
16685.7143 -1030.82601 0.03293
16685.7143 -1030.70309 0.00000
16685.7143 -1030.72513 0.01272
16685.7143 -1030.74717 0.02545
16685.7143 -1030.76921 0.03818
16685.7143 -1030.79125 0.05090
16685.7143 -1030.81330 0.06362
16685.7143 -1030.70309 0.00000
16685.7143 -1030.72109 0.01800
16685.7143 -1030.73909 0.03599
16685.7143 -1030.75708 0.05399
16685.7143 -1030.77508 0.07198
16685.7143 -1030.79307 0.08998
16685.7143 -1030.70309 0.00000
16685.7143 -1030.71582 0.02204
16685.7143 -1030.72854 0.04408
16685.7143 -1030.74127 0.06612
16685.7143 -1030.75399 0.08816
16685.7143 -1030.76672 0.11020
16685.7143 -1030.70309 0.00000
16685.7143 -1030.70968 0.02458
16685.7143 -1030.71627 0.04917
16685.7143 -1030.72285 0.07375
16685.7143 -1030.72944 0.09833
16685.7143 -1030.73603 0.12291
16685.7143 -1030.70309 0.00000
16685.7143 -1030.70309 0.02545
16685.7143 -1030.70309 0.05090
16685.7143 -1030.70309 0.07635
16685.7143 -1030.70309 0.10180
16685.7143 -1030.70309 0.12725
16685.7143 -1030.70309 0.00000
16685.7143 -1030.69651 0.02458
16685.7143 -1030.68992 0.04917
16685.7143 -1030.68333 0.07375
16685.7143 -1030.67675 0.09833
16685.7143 -1030.67016 0.12291
16685.7143 -1030.70309 0.00000
16685.7143 -1030.69037 0.02204
16685.7143 -1030.67764 0.04408
16685.7143 -1030.66492 0.06612
16685.7143 -1030.65219 0.08816
16685.7143 -1030.63947 0.11020
16685.7143 -1030.70309 0.00000
16685.7143 -1030.68510 0.01800
16685.7143 -1030.66710 0.03599
16685.7143 -1030.64911 0.05399
16685.7143 -1030.63111 0.07198
16685.7143 -1030.61311 0.08998
16685.7143 -1030.70309 0.00000
16685.7143 -1030.68105 0.01273
16685.7143 -1030.65901 0.02545
16685.7143 -1030.63697 0.03818
16685.7143 -1030.61493 0.05090
16685.7143 -1030.59289 0.06363
16685.7143 -1030.70309 0.00000
16685.7143 -1030.67851 0.00659
16685.7143 -1030.65393 0.01317
16685.7143 -1030.62935 0.01976
16685.7143 -1030.60476 0.02635
16685.7143 -1030.58018 0.03293
16685.7143 -1030.70309 0.00000
16685.7143 -1030.67764 0.00000
16685.7143 -1030.65219 0.00000
16685.7143 -1030.62674 0.00000
16685.7143 -1030.60129 0.00000
16685.7143 -1030.57584 0.00000
16685.7143 -1030.70309 -0.00000
16685.7143 -1030.67851 -0.00659
16685.7143 -1030.65393 -0.01317
16685.7143 -1030.62935 -0.01976
16685.7143 -1030.60476 -0.02635
16685.7143 -1030.58018 -0.03293
16685.7143 -1030.70309 -0.00000
16685.7143 -1030.68105 -0.01272
16685.7143 -1030.65901 -0.02545
16685.7143 -1030.63697 -0.03817
16685.7143 -1030.61493 -0.05090
16685.7143 -1030.59289 -0.06362
16685.7143 -1030.70309 -0.00000
16685.7143 -1030.68510 -0.01800
16685.7143 -1030.66710 -0.03599
16685.7143 -1030.64911 -0.05399
16685.7143 -1030.63111 -0.07198
16685.7143 -1030.61311 -0.08998
16685.7143 -1030.70309 -0.00000
16685.7143 -1030.69037 -0.02204
16685.7143 -1030.67764 -0.04408
16685.7143 -1030.66492 -0.06612
16685.7143 -1030.65219 -0.08816
16685.7143 -1030.63947 -0.11020
16685.7143 -1030.70309 -0.00000
16685.7143 -1030.69651 -0.02458
16685.7143 -1030.68992 -0.04917
16685.7143 -1030.68333 -0.07375
16685.7143 -1030.67675 -0.09833
16685.7143 -1030.67016 -0.12291
16685.7143 -1030.70309 -0.00000
16685.7143 -1030.70309 -0.02545
16685.7143 -1030.70309 -0.05090
16685.7143 -1030.70309 -0.07635
16685.7143 -1030.70309 -0.10180
16685.7143 -1030.70309 -0.12725
16685.7143 -1030.70309 -0.00000
16685.7143 -1030.70968 -0.02458
16685.7143 -1030.71627 -0.04917
16685.7143 -1030.72285 -0.07375
16685.7143 -1030.72944 -0.09833
16685.7143 -1030.73603 -0.12291
16685.7143 -1030.70309 -0.00000
16685.7143 -1030.71582 -0.02204
16685.7143 -1030.72854 -0.04408
16685.7143 -1030.74127 -0.06612
16685.7143 -1030.75399 -0.08816
16685.7143 -1030.76672 -0.11020
16685.7143 -1030.70309 -0.00000
16685.7143 -1030.72109 -0.01800
16685.7143 -1030.73909 -0.03599
16685.7143 -1030.75708 -0.05399
16685.7143 -1030.77508 -0.07198
16685.7143 -1030.79307 -0.08998
16685.7143 -1030.70309 -0.00000
16685.7143 -1030.72513 -0.01273
16685.7143 -1030.74717 -0.02545
16685.7143 -1030.76921 -0.03818
16685.7143 -1030.79125 -0.05090
16685.7143 -1030.81330 -0.06363
16685.7143 -1030.70309 -0.00000
16685.7143 -1030.72768 -0.00659
16685.7143 -1030.75226 -0.01317
16685.7143 -1030.77684 -0.01976
16685.7143 -1030.80142 -0.02635
16685.7143 -1030.82601 -0.03293
17142.8571 -1017.58920 0.00000
17142.8571 -1017.61465 0.00000
17142.8571 -1017.64010 0.00000
17142.8571 -1017.66555 0.00000
17142.8571 -1017.69100 0.00000
17142.8571 -1017.71645 0.00000
17142.8571 -1017.58920 0.00000
17142.8571 -1017.61379 0.00659
17142.8571 -1017.63837 0.01317
17142.8571 -1017.66295 0.01976
17142.8571 -1017.68753 0.02635
17142.8571 -1017.71212 0.03293
17142.8571 -1017.58920 0.00000
17142.8571 -1017.61124 0.01272
17142.8571 -1017.63328 0.02545
17142.8571 -1017.65532 0.03818
17142.8571 -1017.67736 0.05090
17142.8571 -1017.69941 0.06362
17142.8571 -1017.58920 0.00000
17142.8571 -1017.60720 0.01800
17142.8571 -1017.62520 0.03599
17142.8571 -1017.64319 0.05399
17142.8571 -1017.66119 0.07198
17142.8571 -1017.67918 0.08998
17142.8571 -1017.58920 0.00000
17142.8571 -1017.60193 0.02204
17142.8571 -1017.61465 0.04408
17142.8571 -1017.62738 0.06612
17142.8571 -1017.64010 0.08816
17142.8571 -1017.65283 0.11020
17142.8571 -1017.58920 0.00000
17142.8571 -1017.59579 0.02458
17142.8571 -1017.60238 0.04917
17142.8571 -1017.60896 0.07375
17142.8571 -1017.61555 0.09833
17142.8571 -1017.62214 0.12291
17142.8571 -1017.58920 0.00000
17142.8571 -1017.58920 0.02545
17142.8571 -1017.58920 0.05090
17142.8571 -1017.58920 0.07635
17142.8571 -1017.58920 0.10180
17142.8571 -1017.58920 0.12725
17142.8571 -1017.58920 0.00000
17142.8571 -1017.58262 0.02458
17142.8571 -1017.57603 0.04917
17142.8571 -1017.56944 0.07375
17142.8571 -1017.56286 0.09833
17142.8571 -1017.55627 0.12291
17142.8571 -1017.58920 0.00000
17142.8571 -1017.57648 0.02204
17142.8571 -1017.56375 0.04408
17142.8571 -1017.55103 0.06612
17142.8571 -1017.53830 0.08816
17142.8571 -1017.52558 0.11020
17142.8571 -1017.58920 0.00000
17142.8571 -1017.57121 0.01800
17142.8571 -1017.55321 0.03599
17142.8571 -1017.53522 0.05399
17142.8571 -1017.51722 0.07198
17142.8571 -1017.49922 0.08998
17142.8571 -1017.58920 0.00000
17142.8571 -1017.56716 0.01273
17142.8571 -1017.54512 0.02545
17142.8571 -1017.52308 0.03818
17142.8571 -1017.50104 0.05090
17142.8571 -1017.47900 0.06363
17142.8571 -1017.58920 0.00000
17142.8571 -1017.56462 0.00659
17142.8571 -1017.54004 0.01317
17142.8571 -1017.51545 0.01976
17142.8571 -1017.49087 0.02635
17142.8571 -1017.46629 0.03293
17142.8571 -1017.58920 0.00000
17142.8571 -1017.56375 0.00000
17142.8571 -1017.53830 0.00000
17142.8571 -1017.51285 0.00000
17142.8571 -1017.48740 0.00000
17142.8571 -1017.46195 0.00000
17142.8571 -1017.58920 -0.00000
17142.8571 -1017.56462 -0.00659
17142.8571 -1017.54004 -0.01317
17142.8571 -1017.51545 -0.01976
17142.8571 -1017.49087 -0.02635
17142.8571 -1017.46629 -0.03293
17142.8571 -1017.58920 -0.00000
17142.8571 -1017.56716 -0.01272
17142.8571 -1017.54512 -0.02545
17142.8571 -1017.52308 -0.03817
17142.8571 -1017.50104 -0.05090
17142.8571 -1017.47900 -0.06362
17142.8571 -1017.58920 -0.00000
17142.8571 -1017.57121 -0.01800
17142.8571 -1017.55321 -0.03599
17142.8571 -1017.53522 -0.05399
17142.8571 -1017.51722 -0.07198
17142.8571 -1017.49922 -0.08998
17142.8571 -1017.58920 -0.00000
17142.8571 -1017.57648 -0.02204
17142.8571 -1017.56375 -0.04408
17142.8571 -1017.55103 -0.06612
17142.8571 -1017.53830 -0.08816
17142.8571 -1017.52558 -0.11020
17142.8571 -1017.58920 -0.00000
17142.8571 -1017.58262 -0.02458
17142.8571 -1017.57603 -0.04917
17142.8571 -1017.56944 -0.07375
17142.8571 -1017.56286 -0.09833
17142.8571 -1017.55627 -0.12291
17142.8571 -1017.58920 -0.00000
17142.8571 -1017.58920 -0.02545
17142.8571 -1017.58920 -0.05090
17142.8571 -1017.58920 -0.07635
17142.8571 -1017.58920 -0.10180
17142.8571 -1017.58920 -0.12725
17142.8571 -1017.58920 -0.00000
17142.8571 -1017.59579 -0.02458
17142.8571 -1017.60238 -0.04917
17142.8571 -1017.60896 -0.07375
17142.8571 -1017.61555 -0.09833
17142.8571 -1017.62214 -0.12291
17142.8571 -1017.58920 -0.00000
17142.8571 -1017.60193 -0.02204
17142.8571 -1017.61465 -0.04408
17142.8571 -1017.62738 -0.06612
17142.8571 -1017.64010 -0.08816
17142.8571 -1017.65283 -0.11020
17142.8571 -1017.58920 -0.00000
17142.8571 -1017.60720 -0.01800
17142.8571 -1017.62520 -0.03599
17142.8571 -1017.64319 -0.05399
17142.8571 -1017.66119 -0.07198
17142.8571 -1017.67918 -0.08998
17142.8571 -1017.58920 -0.00000
17142.8571 -1017.61124 -0.01273
17142.8571 -1017.63328 -0.02545
17142.8571 -1017.65532 -0.03818
17142.8571 -1017.67736 -0.05090
17142.8571 -1017.69941 -0.06363
17142.8571 -1017.58920 -0.00000
17142.8571 -1017.61379 -0.00659
17142.8571 -1017.63837 -0.01317
17142.8571 -1017.66295 -0.01976
17142.8571 -1017.68753 -0.02635
17142.8571 -1017.71212 -0.03293
17600.0000 -1022.02967 0.00000
17600.0000 -1022.05512 0.00000
17600.0000 -1022.08057 0.00000
17600.0000 -1022.10602 0.00000
17600.0000 -1022.13147 0.00000
17600.0000 -1022.15692 0.00000
17600.0000 -1022.02967 0.00000
17600.0000 -1022.05426 0.00659
17600.0000 -1022.07884 0.01317
17600.0000 -1022.10342 0.01976
17600.0000 -1022.12801 0.02635
17600.0000 -1022.15259 0.03293
17600.0000 -1022.02967 0.00000
17600.0000 -1022.05172 0.01272
17600.0000 -1022.07376 0.02545
17600.0000 -1022.09580 0.03818
17600.0000 -1022.11784 0.05090
17600.0000 -1022.13988 0.06362
17600.0000 -1022.02967 0.00000
17600.0000 -1022.04767 0.01800
17600.0000 -1022.06567 0.03599
17600.0000 -1022.08366 0.05399
17600.0000 -1022.10166 0.07198
17600.0000 -1022.11965 0.08998
17600.0000 -1022.02967 0.00000
17600.0000 -1022.04240 0.02204
17600.0000 -1022.05512 0.04408
17600.0000 -1022.06785 0.06612
17600.0000 -1022.08057 0.08816
17600.0000 -1022.09330 0.11020
17600.0000 -1022.02967 0.00000
17600.0000 -1022.03626 0.02458
17600.0000 -1022.04285 0.04917
17600.0000 -1022.04944 0.07375
17600.0000 -1022.05602 0.09833
17600.0000 -1022.06261 0.12291
17600.0000 -1022.02967 0.00000
17600.0000 -1022.02967 0.02545
17600.0000 -1022.02967 0.05090
17600.0000 -1022.02967 0.07635
17600.0000 -1022.02967 0.10180
17600.0000 -1022.02967 0.12725
17600.0000 -1022.02967 0.00000
17600.0000 -1022.02309 0.02458
17600.0000 -1022.01650 0.04917
17600.0000 -1022.00991 0.07375
17600.0000 -1022.00333 0.09833
17600.0000 -1021.99674 0.12291
17600.0000 -1022.02967 0.00000
17600.0000 -1022.01695 0.02204
17600.0000 -1022.00422 0.04408
17600.0000 -1021.99150 0.06612
17600.0000 -1021.97877 0.08816
17600.0000 -1021.96605 0.11020
17600.0000 -1022.02967 0.00000
17600.0000 -1022.01168 0.01800
17600.0000 -1021.99368 0.03599
17600.0000 -1021.97569 0.05399
17600.0000 -1021.95769 0.07198
17600.0000 -1021.93970 0.08998
17600.0000 -1022.02967 0.00000
17600.0000 -1022.00763 0.01273
17600.0000 -1021.98559 0.02545
17600.0000 -1021.96355 0.03818
17600.0000 -1021.94151 0.05090
17600.0000 -1021.91947 0.06363
17600.0000 -1022.02967 0.00000
17600.0000 -1022.00509 0.00659
17600.0000 -1021.98051 0.01317
17600.0000 -1021.95593 0.01976
17600.0000 -1021.93134 0.02635
17600.0000 -1021.90676 0.03293
17600.0000 -1022.02967 0.00000
17600.0000 -1022.00422 0.00000
17600.0000 -1021.97877 0.00000
17600.0000 -1021.95332 0.00000
17600.0000 -1021.92787 0.00000
17600.0000 -1021.90242 0.00000
17600.0000 -1022.02967 -0.00000
17600.0000 -1022.00509 -0.00659
17600.0000 -1021.98051 -0.01317
17600.0000 -1021.95593 -0.01976
17600.0000 -1021.93134 -0.02635
17600.0000 -1021.90676 -0.03293
17600.0000 -1022.02967 -0.00000
17600.0000 -1022.00763 -0.01272
17600.0000 -1021.98559 -0.02545
17600.0000 -1021.96355 -0.03817
17600.0000 -1021.94151 -0.05090
17600.0000 -1021.91947 -0.06362
17600.0000 -1022.02967 -0.00000
17600.0000 -1022.01168 -0.01800
17600.0000 -1021.99368 -0.03599
17600.0000 -1021.97569 -0.05399
17600.0000 -1021.95769 -0.07198
17600.0000 -1021.93970 -0.08998
17600.0000 -1022.02967 -0.00000
17600.0000 -1022.01695 -0.02204
17600.0000 -1022.00422 -0.04408
17600.0000 -1021.99150 -0.06612
17600.0000 -1021.97877 -0.08816
17600.0000 -1021.96605 -0.11020
17600.0000 -1022.02967 -0.00000
17600.0000 -1022.02309 -0.02458
17600.0000 -1022.01650 -0.04917
17600.0000 -1022.00991 -0.07375
17600.0000 -1022.00333 -0.09833
17600.0000 -1021.99674 -0.12291
17600.0000 -1022.02967 -0.00000
17600.0000 -1022.02967 -0.02545
17600.0000 -1022.02967 -0.05090
17600.0000 -1022.02967 -0.07635
17600.0000 -1022.02967 -0.10180
17600.0000 -1022.02967 -0.12725
17600.0000 -1022.02967 -0.00000
17600.0000 -1022.03626 -0.02458
17600.0000 -1022.04285 -0.04917
17600.0000 -1022.04944 -0.07375
17600.0000 -1022.05602 -0.09833
17600.0000 -1022.06261 -0.12291
17600.0000 -1022.02967 -0.00000
17600.0000 -1022.04240 -0.02204
17600.0000 -1022.05512 -0.04408
17600.0000 -1022.06785 -0.06612
17600.0000 -1022.08057 -0.08816
17600.0000 -1022.09330 -0.11020
17600.0000 -1022.02967 -0.00000
17600.0000 -1022.04767 -0.01800
17600.0000 -1022.06567 -0.03599
17600.0000 -1022.08366 -0.05399
17600.0000 -1022.10166 -0.07198
17600.0000 -1022.11965 -0.08998
17600.0000 -1022.02967 -0.00000
17600.0000 -1022.05172 -0.01273
17600.0000 -1022.07376 -0.02545
17600.0000 -1022.09580 -0.03818
17600.0000 -1022.11784 -0.05090
17600.0000 -1022.13988 -0.06363
17600.0000 -1022.02967 -0.00000
17600.0000 -1022.05426 -0.00659
17600.0000 -1022.07884 -0.01317
17600.0000 -1022.10342 -0.01976
17600.0000 -1022.12801 -0.02635
17600.0000 -1022.15259 -0.03293
18057.1429 -1040.62411 0.00000
18057.1429 -1040.64956 0.00000
18057.1429 -1040.67501 0.00000
18057.1429 -1040.70046 0.00000
18057.1429 -1040.72591 0.00000
18057.1429 -1040.75136 0.00000
18057.1429 -1040.62411 0.00000
18057.1429 -1040.64869 0.00659
18057.1429 -1040.67328 0.01317
18057.1429 -1040.69786 0.01976
18057.1429 -1040.72244 0.02635
18057.1429 -1040.74703 0.03293
18057.1429 -1040.62411 0.00000
18057.1429 -1040.64615 0.01272
18057.1429 -1040.66819 0.02545
18057.1429 -1040.69023 0.03818
18057.1429 -1040.71227 0.05090
18057.1429 -1040.73431 0.06362
18057.1429 -1040.62411 0.00000
18057.1429 -1040.64211 0.01800
18057.1429 -1040.66010 0.03599
18057.1429 -1040.67810 0.05399
18057.1429 -1040.69609 0.07198
18057.1429 -1040.71409 0.08998
18057.1429 -1040.62411 0.00000
18057.1429 -1040.63684 0.02204
18057.1429 -1040.64956 0.04408
18057.1429 -1040.66229 0.06612
18057.1429 -1040.67501 0.08816
18057.1429 -1040.68774 0.11020
18057.1429 -1040.62411 0.00000
18057.1429 -1040.63070 0.02458
18057.1429 -1040.63729 0.04917
18057.1429 -1040.64387 0.07375
18057.1429 -1040.65046 0.09833
18057.1429 -1040.65705 0.12291
18057.1429 -1040.62411 0.00000
18057.1429 -1040.62411 0.02545
18057.1429 -1040.62411 0.05090
18057.1429 -1040.62411 0.07635
18057.1429 -1040.62411 0.10180
18057.1429 -1040.62411 0.12725
18057.1429 -1040.62411 0.00000
18057.1429 -1040.61752 0.02458
18057.1429 -1040.61094 0.04917
18057.1429 -1040.60435 0.07375
18057.1429 -1040.59776 0.09833
18057.1429 -1040.59118 0.12291
18057.1429 -1040.62411 0.00000
18057.1429 -1040.61139 0.02204
18057.1429 -1040.59866 0.04408
18057.1429 -1040.58594 0.06612
18057.1429 -1040.57321 0.08816
18057.1429 -1040.56049 0.11020
18057.1429 -1040.62411 0.00000
18057.1429 -1040.60612 0.01800
18057.1429 -1040.58812 0.03599
18057.1429 -1040.57012 0.05399
18057.1429 -1040.55213 0.07198
18057.1429 -1040.53413 0.08998
18057.1429 -1040.62411 0.00000
18057.1429 -1040.60207 0.01273
18057.1429 -1040.58003 0.02545
18057.1429 -1040.55799 0.03818
18057.1429 -1040.53595 0.05090
18057.1429 -1040.51391 0.06363
18057.1429 -1040.62411 0.00000
18057.1429 -1040.59953 0.00659
18057.1429 -1040.57495 0.01317
18057.1429 -1040.55036 0.01976
18057.1429 -1040.52578 0.02635
18057.1429 -1040.50120 0.03293
18057.1429 -1040.62411 0.00000
18057.1429 -1040.59866 0.00000
18057.1429 -1040.57321 0.00000
18057.1429 -1040.54776 0.00000
18057.1429 -1040.52231 0.00000
18057.1429 -1040.49686 0.00000
18057.1429 -1040.62411 -0.00000
18057.1429 -1040.59953 -0.00659
18057.1429 -1040.57495 -0.01317
18057.1429 -1040.55036 -0.01976
18057.1429 -1040.52578 -0.02635
18057.1429 -1040.50120 -0.03293
18057.1429 -1040.62411 -0.00000
18057.1429 -1040.60207 -0.01272
18057.1429 -1040.58003 -0.02545
18057.1429 -1040.55799 -0.03817
18057.1429 -1040.53595 -0.05090
18057.1429 -1040.51391 -0.06362
18057.1429 -1040.62411 -0.00000
18057.1429 -1040.60612 -0.01800
18057.1429 -1040.58812 -0.03599
18057.1429 -1040.57012 -0.05399
18057.1429 -1040.55213 -0.07198
18057.1429 -1040.53413 -0.08998
18057.1429 -1040.62411 -0.00000
18057.1429 -1040.61139 -0.02204
18057.1429 -1040.59866 -0.04408
18057.1429 -1040.58594 -0.06612
18057.1429 -1040.57321 -0.08816
18057.1429 -1040.56049 -0.11020
18057.1429 -1040.62411 -0.00000
18057.1429 -1040.61752 -0.02458
18057.1429 -1040.61094 -0.04917
18057.1429 -1040.60435 -0.07375
18057.1429 -1040.59776 -0.09833
18057.1429 -1040.59118 -0.12291
18057.1429 -1040.62411 -0.00000
18057.1429 -1040.62411 -0.02545
18057.1429 -1040.62411 -0.05090
18057.1429 -1040.62411 -0.07635
18057.1429 -1040.62411 -0.10180
18057.1429 -1040.62411 -0.12725
18057.1429 -1040.62411 -0.00000
18057.1429 -1040.63070 -0.02458
18057.1429 -1040.63729 -0.04917
18057.1429 -1040.64387 -0.07375
18057.1429 -1040.65046 -0.09833
18057.1429 -1040.65705 -0.12291
18057.1429 -1040.62411 -0.00000
18057.1429 -1040.63684 -0.02204
18057.1429 -1040.64956 -0.04408
18057.1429 -1040.66229 -0.06612
18057.1429 -1040.67501 -0.08816
18057.1429 -1040.68774 -0.11020
18057.1429 -1040.62411 -0.00000
18057.1429 -1040.64211 -0.01800
18057.1429 -1040.66010 -0.03599
18057.1429 -1040.67810 -0.05399
18057.1429 -1040.69609 -0.07198
18057.1429 -1040.71409 -0.08998
18057.1429 -1040.62411 -0.00000
18057.1429 -1040.64615 -0.01273
18057.1429 -1040.66819 -0.02545
18057.1429 -1040.69023 -0.03818
18057.1429 -1040.71227 -0.05090
18057.1429 -1040.73431 -0.06363
18057.1429 -1040.62411 -0.00000
18057.1429 -1040.64869 -0.00659
18057.1429 -1040.67328 -0.01317
18057.1429 -1040.69786 -0.01976
18057.1429 -1040.72244 -0.02635
18057.1429 -1040.74703 -0.03293
18514.2857 -1063.05419 0.00000
18514.2857 -1063.07964 0.00000
18514.2857 -1063.10509 0.00000
18514.2857 -1063.13054 0.00000
18514.2857 -1063.15599 0.00000
18514.2857 -1063.18144 0.00000
18514.2857 -1063.05419 0.00000
18514.2857 -1063.07878 0.00659
18514.2857 -1063.10336 0.01317
18514.2857 -1063.12794 0.01976
18514.2857 -1063.15252 0.02635
18514.2857 -1063.17711 0.03293
18514.2857 -1063.05419 0.00000
18514.2857 -1063.07623 0.01272
18514.2857 -1063.09827 0.02545
18514.2857 -1063.12031 0.03818
18514.2857 -1063.14235 0.05090
18514.2857 -1063.16439 0.06362
18514.2857 -1063.05419 0.00000
18514.2857 -1063.07219 0.01800
18514.2857 -1063.09018 0.03599
18514.2857 -1063.10818 0.05399
18514.2857 -1063.12618 0.07198
18514.2857 -1063.14417 0.08998
18514.2857 -1063.05419 0.00000
18514.2857 -1063.06692 0.02204
18514.2857 -1063.07964 0.04408
18514.2857 -1063.09237 0.06612
18514.2857 -1063.10509 0.08816
18514.2857 -1063.11782 0.11020
18514.2857 -1063.05419 0.00000
18514.2857 -1063.06078 0.02458
18514.2857 -1063.06737 0.04917
18514.2857 -1063.07395 0.07375
18514.2857 -1063.08054 0.09833
18514.2857 -1063.08713 0.12291
18514.2857 -1063.05419 0.00000
18514.2857 -1063.05419 0.02545
18514.2857 -1063.05419 0.05090
18514.2857 -1063.05419 0.07635
18514.2857 -1063.05419 0.10180
18514.2857 -1063.05419 0.12725
18514.2857 -1063.05419 0.00000
18514.2857 -1063.04761 0.02458
18514.2857 -1063.04102 0.04917
18514.2857 -1063.03443 0.07375
18514.2857 -1063.02784 0.09833
18514.2857 -1063.02126 0.12291
18514.2857 -1063.05419 0.00000
18514.2857 -1063.04147 0.02204
18514.2857 -1063.02874 0.04408
18514.2857 -1063.01602 0.06612
18514.2857 -1063.00329 0.08816
18514.2857 -1062.99057 0.11020
18514.2857 -1063.05419 0.00000
18514.2857 -1063.03620 0.01800
18514.2857 -1063.01820 0.03599
18514.2857 -1063.00020 0.05399
18514.2857 -1062.98221 0.07198
18514.2857 -1062.96421 0.08998
18514.2857 -1063.05419 0.00000
18514.2857 -1063.03215 0.01273
18514.2857 -1063.01011 0.02545
18514.2857 -1062.98807 0.03818
18514.2857 -1062.96603 0.05090
18514.2857 -1062.94399 0.06363
18514.2857 -1063.05419 0.00000
18514.2857 -1063.02961 0.00659
18514.2857 -1063.00503 0.01317
18514.2857 -1062.98044 0.01976
18514.2857 -1062.95586 0.02635
18514.2857 -1062.93128 0.03293
18514.2857 -1063.05419 0.00000
18514.2857 -1063.02874 0.00000
18514.2857 -1063.00329 0.00000
18514.2857 -1062.97784 0.00000
18514.2857 -1062.95239 0.00000
18514.2857 -1062.92694 0.00000
18514.2857 -1063.05419 -0.00000
18514.2857 -1063.02961 -0.00659
18514.2857 -1063.00503 -0.01317
18514.2857 -1062.98044 -0.01976
18514.2857 -1062.95586 -0.02635
18514.2857 -1062.93128 -0.03293
18514.2857 -1063.05419 -0.00000
18514.2857 -1063.03215 -0.01272
18514.2857 -1063.01011 -0.02545
18514.2857 -1062.98807 -0.03817
18514.2857 -1062.96603 -0.05090
18514.2857 -1062.94399 -0.06362
18514.2857 -1063.05419 -0.00000
18514.2857 -1063.03620 -0.01800
18514.2857 -1063.01820 -0.03599
18514.2857 -1063.00020 -0.05399
18514.2857 -1062.98221 -0.07198
18514.2857 -1062.96421 -0.08998
18514.2857 -1063.05419 -0.00000
18514.2857 -1063.04147 -0.02204
18514.2857 -1063.02874 -0.04408
18514.2857 -1063.01602 -0.06612
18514.2857 -1063.00329 -0.08816
18514.2857 -1062.99057 -0.11020
18514.2857 -1063.05419 -0.00000
18514.2857 -1063.04761 -0.02458
18514.2857 -1063.04102 -0.04917
18514.2857 -1063.03443 -0.07375
18514.2857 -1063.02784 -0.09833
18514.2857 -1063.02126 -0.12291
18514.2857 -1063.05419 -0.00000
18514.2857 -1063.05419 -0.02545
18514.2857 -1063.05419 -0.05090
18514.2857 -1063.05419 -0.07635
18514.2857 -1063.05419 -0.10180
18514.2857 -1063.05419 -0.12725
18514.2857 -1063.05419 -0.00000
18514.2857 -1063.06078 -0.02458
18514.2857 -1063.06737 -0.04917
18514.2857 -1063.07395 -0.07375
18514.2857 -1063.08054 -0.09833
18514.2857 -1063.08713 -0.12291
18514.2857 -1063.05419 -0.00000
18514.2857 -1063.06692 -0.02204
18514.2857 -1063.07964 -0.04408
18514.2857 -1063.09237 -0.06612
18514.2857 -1063.10509 -0.08816
18514.2857 -1063.11782 -0.11020
18514.2857 -1063.05419 -0.00000
18514.2857 -1063.07219 -0.01800
18514.2857 -1063.09018 -0.03599
18514.2857 -1063.10818 -0.05399
18514.2857 -1063.12618 -0.07198
18514.2857 -1063.14417 -0.08998
18514.2857 -1063.05419 -0.00000
18514.2857 -1063.07623 -0.01273
18514.2857 -1063.09827 -0.02545
18514.2857 -1063.12031 -0.03818
18514.2857 -1063.14235 -0.05090
18514.2857 -1063.16439 -0.06363
18514.2857 -1063.05419 -0.00000
18514.2857 -1063.07878 -0.00659
18514.2857 -1063.10336 -0.01317
18514.2857 -1063.12794 -0.01976
18514.2857 -1063.15252 -0.02635
18514.2857 -1063.17711 -0.03293
19428.5714 -1087.10597 0.00000
19428.5714 -1087.13142 0.00000
19428.5714 -1087.15687 0.00000
19428.5714 -1087.18232 0.00000
19428.5714 -1087.20777 0.00000
19428.5714 -1087.23322 0.00000
19428.5714 -1087.10597 0.00000
19428.5714 -1087.13056 0.00659
19428.5714 -1087.15514 0.01317
19428.5714 -1087.17972 0.01976
19428.5714 -1087.20431 0.02635
19428.5714 -1087.22889 0.03293
19428.5714 -1087.10597 0.00000
19428.5714 -1087.12801 0.01272
19428.5714 -1087.15006 0.02545
19428.5714 -1087.17210 0.03818
19428.5714 -1087.19414 0.05090
19428.5714 -1087.21618 0.06362
19428.5714 -1087.10597 0.00000
19428.5714 -1087.12397 0.01800
19428.5714 -1087.14197 0.03599
19428.5714 -1087.15996 0.05399
19428.5714 -1087.17796 0.07198
19428.5714 -1087.19595 0.08998
19428.5714 -1087.10597 0.00000
19428.5714 -1087.11870 0.02204
19428.5714 -1087.13142 0.04408
19428.5714 -1087.14415 0.06612
19428.5714 -1087.15687 0.08816
19428.5714 -1087.16960 0.11020
19428.5714 -1087.10597 0.00000
19428.5714 -1087.11256 0.02458
19428.5714 -1087.11915 0.04917
19428.5714 -1087.12574 0.07375
19428.5714 -1087.13232 0.09833
19428.5714 -1087.13891 0.12291
19428.5714 -1087.10597 0.00000
19428.5714 -1087.10597 0.02545
19428.5714 -1087.10597 0.05090
19428.5714 -1087.10597 0.07635
19428.5714 -1087.10597 0.10180
19428.5714 -1087.10597 0.12725
19428.5714 -1087.10597 0.00000
19428.5714 -1087.09939 0.02458
19428.5714 -1087.09280 0.04917
19428.5714 -1087.08621 0.07375
19428.5714 -1087.07963 0.09833
19428.5714 -1087.07304 0.12291
19428.5714 -1087.10597 0.00000
19428.5714 -1087.09325 0.02204
19428.5714 -1087.08052 0.04408
19428.5714 -1087.06780 0.06612
19428.5714 -1087.05507 0.08816
19428.5714 -1087.04235 0.11020
19428.5714 -1087.10597 0.00000
19428.5714 -1087.08798 0.01800
19428.5714 -1087.06998 0.03599
19428.5714 -1087.05199 0.05399
19428.5714 -1087.03399 0.07198
19428.5714 -1087.01600 0.08998
19428.5714 -1087.10597 0.00000
19428.5714 -1087.08393 0.01273
19428.5714 -1087.06189 0.02545
19428.5714 -1087.03985 0.03818
19428.5714 -1087.01781 0.05090
19428.5714 -1086.99577 0.06363
19428.5714 -1087.10597 0.00000
19428.5714 -1087.08139 0.00659
19428.5714 -1087.05681 0.01317
19428.5714 -1087.03223 0.01976
19428.5714 -1087.00764 0.02635
19428.5714 -1086.98306 0.03293
19428.5714 -1087.10597 0.00000
19428.5714 -1087.08052 0.00000
19428.5714 -1087.05507 0.00000
19428.5714 -1087.02962 0.00000
19428.5714 -1087.00417 0.00000
19428.5714 -1086.97872 0.00000
19428.5714 -1087.10597 -0.00000
19428.5714 -1087.08139 -0.00659
19428.5714 -1087.05681 -0.01317
19428.5714 -1087.03223 -0.01976
19428.5714 -1087.00764 -0.02635
19428.5714 -1086.98306 -0.03293
19428.5714 -1087.10597 -0.00000
19428.5714 -1087.08393 -0.01272
19428.5714 -1087.06189 -0.02545
19428.5714 -1087.03985 -0.03817
19428.5714 -1087.01781 -0.05090
19428.5714 -1086.99577 -0.06362
19428.5714 -1087.10597 -0.00000
19428.5714 -1087.08798 -0.01800
19428.5714 -1087.06998 -0.03599
19428.5714 -1087.05199 -0.05399
19428.5714 -1087.03399 -0.07198
19428.5714 -1087.01600 -0.08998
19428.5714 -1087.10597 -0.00000
19428.5714 -1087.09325 -0.02204
19428.5714 -1087.08052 -0.04408
19428.5714 -1087.06780 -0.06612
19428.5714 -1087.05507 -0.08816
19428.5714 -1087.04235 -0.11020
19428.5714 -1087.10597 -0.00000
19428.5714 -1087.09939 -0.02458
19428.5714 -1087.09280 -0.04917
19428.5714 -1087.08621 -0.07375
19428.5714 -1087.07963 -0.09833
19428.5714 -1087.07304 -0.12291
19428.5714 -1087.10597 -0.00000
19428.5714 -1087.10597 -0.02545
19428.5714 -1087.10597 -0.05090
19428.5714 -1087.10597 -0.07635
19428.5714 -1087.10597 -0.10180
19428.5714 -1087.10597 -0.12725
19428.5714 -1087.10597 -0.00000
19428.5714 -1087.11256 -0.02458
19428.5714 -1087.11915 -0.04917
19428.5714 -1087.12574 -0.07375
19428.5714 -1087.13232 -0.09833
19428.5714 -1087.13891 -0.12291
19428.5714 -1087.10597 -0.00000
19428.5714 -1087.11870 -0.02204
19428.5714 -1087.13142 -0.04408
19428.5714 -1087.14415 -0.06612
19428.5714 -1087.15687 -0.08816
19428.5714 -1087.16960 -0.11020
19428.5714 -1087.10597 -0.00000
19428.5714 -1087.12397 -0.01800
19428.5714 -1087.14197 -0.03599
19428.5714 -1087.15996 -0.05399
19428.5714 -1087.17796 -0.07198
19428.5714 -1087.19595 -0.08998
19428.5714 -1087.10597 -0.00000
19428.5714 -1087.12801 -0.01273
19428.5714 -1087.15006 -0.02545
19428.5714 -1087.17210 -0.03818
19428.5714 -1087.19414 -0.05090
19428.5714 -1087.21618 -0.06363
19428.5714 -1087.10597 -0.00000
19428.5714 -1087.13056 -0.00659
19428.5714 -1087.15514 -0.01317
19428.5714 -1087.17972 -0.01976
19428.5714 -1087.20431 -0.02635
19428.5714 -1087.22889 -0.03293
19885.7143 -1089.36445 0.00000
19885.7143 -1089.38990 0.00000
19885.7143 -1089.41535 0.00000
19885.7143 -1089.44080 0.00000
19885.7143 -1089.46625 0.00000
19885.7143 -1089.49170 0.00000
19885.7143 -1089.36445 0.00000
19885.7143 -1089.38903 0.00659
19885.7143 -1089.41361 0.01317
19885.7143 -1089.43820 0.01976
19885.7143 -1089.46278 0.02635
19885.7143 -1089.48736 0.03293
19885.7143 -1089.36445 0.00000
19885.7143 -1089.38649 0.01272
19885.7143 -1089.40853 0.02545
19885.7143 -1089.43057 0.03818
19885.7143 -1089.45261 0.05090
19885.7143 -1089.47465 0.06362
19885.7143 -1089.36445 0.00000
19885.7143 -1089.38244 0.01800
19885.7143 -1089.40044 0.03599
19885.7143 -1089.41843 0.05399
19885.7143 -1089.43643 0.07198
19885.7143 -1089.45443 0.08998
19885.7143 -1089.36445 0.00000
19885.7143 -1089.37717 0.02204
19885.7143 -1089.38990 0.04408
19885.7143 -1089.40262 0.06612
19885.7143 -1089.41535 0.08816
19885.7143 -1089.42807 0.11020
19885.7143 -1089.36445 0.00000
19885.7143 -1089.37103 0.02458
19885.7143 -1089.37762 0.04917
19885.7143 -1089.38421 0.07375
19885.7143 -1089.39079 0.09833
19885.7143 -1089.39738 0.12291
19885.7143 -1089.36445 0.00000
19885.7143 -1089.36445 0.02545
19885.7143 -1089.36445 0.05090
19885.7143 -1089.36445 0.07635
19885.7143 -1089.36445 0.10180
19885.7143 -1089.36445 0.12725
19885.7143 -1089.36445 0.00000
19885.7143 -1089.35786 0.02458
19885.7143 -1089.35127 0.04917
19885.7143 -1089.34469 0.07375
19885.7143 -1089.33810 0.09833
19885.7143 -1089.33151 0.12291
19885.7143 -1089.36445 0.00000
19885.7143 -1089.35172 0.02204
19885.7143 -1089.33900 0.04408
19885.7143 -1089.32627 0.06612
19885.7143 -1089.31355 0.08816
19885.7143 -1089.30082 0.11020
19885.7143 -1089.36445 0.00000
19885.7143 -1089.34645 0.01800
19885.7143 -1089.32846 0.03599
19885.7143 -1089.31046 0.05399
19885.7143 -1089.29246 0.07198
19885.7143 -1089.27447 0.08998
19885.7143 -1089.36445 0.00000
19885.7143 -1089.34241 0.01273
19885.7143 -1089.32037 0.02545
19885.7143 -1089.29833 0.03818
19885.7143 -1089.27629 0.05090
19885.7143 -1089.25425 0.06363
19885.7143 -1089.36445 0.00000
19885.7143 -1089.33986 0.00659
19885.7143 -1089.31528 0.01317
19885.7143 -1089.29070 0.01976
19885.7143 -1089.26612 0.02635
19885.7143 -1089.24153 0.03293
19885.7143 -1089.36445 0.00000
19885.7143 -1089.33900 0.00000
19885.7143 -1089.31355 0.00000
19885.7143 -1089.28810 0.00000
19885.7143 -1089.26265 0.00000
19885.7143 -1089.23720 0.00000
19885.7143 -1089.36445 -0.00000
19885.7143 -1089.33986 -0.00659
19885.7143 -1089.31528 -0.01317
19885.7143 -1089.29070 -0.01976
19885.7143 -1089.26612 -0.02635
19885.7143 -1089.24153 -0.03293
19885.7143 -1089.36445 -0.00000
19885.7143 -1089.34241 -0.01272
19885.7143 -1089.32037 -0.02545
19885.7143 -1089.29833 -0.03817
19885.7143 -1089.27629 -0.05090
19885.7143 -1089.25425 -0.06362
19885.7143 -1089.36445 -0.00000
19885.7143 -1089.34645 -0.01800
19885.7143 -1089.32846 -0.03599
19885.7143 -1089.31046 -0.05399
19885.7143 -1089.29246 -0.07198
19885.7143 -1089.27447 -0.08998
19885.7143 -1089.36445 -0.00000
19885.7143 -1089.35172 -0.02204
19885.7143 -1089.33900 -0.04408
19885.7143 -1089.32627 -0.06612
19885.7143 -1089.31355 -0.08816
19885.7143 -1089.30082 -0.11020
19885.7143 -1089.36445 -0.00000
19885.7143 -1089.35786 -0.02458
19885.7143 -1089.35127 -0.04917
19885.7143 -1089.34469 -0.07375
19885.7143 -1089.33810 -0.09833
19885.7143 -1089.33151 -0.12291
19885.7143 -1089.36445 -0.00000
19885.7143 -1089.36445 -0.02545
19885.7143 -1089.36445 -0.05090
19885.7143 -1089.36445 -0.07635
19885.7143 -1089.36445 -0.10180
19885.7143 -1089.36445 -0.12725
19885.7143 -1089.36445 -0.00000
19885.7143 -1089.37103 -0.02458
19885.7143 -1089.37762 -0.04917
19885.7143 -1089.38421 -0.07375
19885.7143 -1089.39079 -0.09833
19885.7143 -1089.39738 -0.12291
19885.7143 -1089.36445 -0.00000
19885.7143 -1089.37717 -0.02204
19885.7143 -1089.38990 -0.04408
19885.7143 -1089.40262 -0.06612
19885.7143 -1089.41535 -0.08816
19885.7143 -1089.42807 -0.11020
19885.7143 -1089.36445 -0.00000
19885.7143 -1089.38244 -0.01800
19885.7143 -1089.40044 -0.03599
19885.7143 -1089.41843 -0.05399
19885.7143 -1089.43643 -0.07198
19885.7143 -1089.45443 -0.08998
19885.7143 -1089.36445 -0.00000
19885.7143 -1089.38649 -0.01273
19885.7143 -1089.40853 -0.02545
19885.7143 -1089.43057 -0.03818
19885.7143 -1089.45261 -0.05090
19885.7143 -1089.47465 -0.06363
19885.7143 -1089.36445 -0.00000
19885.7143 -1089.38903 -0.00659
19885.7143 -1089.41361 -0.01317
19885.7143 -1089.43820 -0.01976
19885.7143 -1089.46278 -0.02635
19885.7143 -1089.48736 -0.03293
20342.8571 -1091.80349 0.00000
20342.8571 -1091.82894 0.00000
20342.8571 -1091.85439 0.00000
20342.8571 -1091.87984 0.00000
20342.8571 -1091.90529 0.00000
20342.8571 -1091.93074 0.00000
20342.8571 -1091.80349 0.00000
20342.8571 -1091.82808 0.00659
20342.8571 -1091.85266 0.01317
20342.8571 -1091.87724 0.01976
20342.8571 -1091.90182 0.02635
20342.8571 -1091.92641 0.03293
20342.8571 -1091.80349 0.00000
20342.8571 -1091.82553 0.01272
20342.8571 -1091.84757 0.02545
20342.8571 -1091.86961 0.03818
20342.8571 -1091.89165 0.05090
20342.8571 -1091.91369 0.06362
20342.8571 -1091.80349 0.00000
20342.8571 -1091.82149 0.01800
20342.8571 -1091.83948 0.03599
20342.8571 -1091.85748 0.05399
20342.8571 -1091.87548 0.07198
20342.8571 -1091.89347 0.08998
20342.8571 -1091.80349 0.00000
20342.8571 -1091.81622 0.02204
20342.8571 -1091.82894 0.04408
20342.8571 -1091.84167 0.06612
20342.8571 -1091.85439 0.08816
20342.8571 -1091.86712 0.11020
20342.8571 -1091.80349 0.00000
20342.8571 -1091.81008 0.02458
20342.8571 -1091.81667 0.04917
20342.8571 -1091.82325 0.07375
20342.8571 -1091.82984 0.09833
20342.8571 -1091.83643 0.12291
20342.8571 -1091.80349 0.00000
20342.8571 -1091.80349 0.02545
20342.8571 -1091.80349 0.05090
20342.8571 -1091.80349 0.07635
20342.8571 -1091.80349 0.10180
20342.8571 -1091.80349 0.12725
20342.8571 -1091.80349 0.00000
20342.8571 -1091.79691 0.02458
20342.8571 -1091.79032 0.04917
20342.8571 -1091.78373 0.07375
20342.8571 -1091.77714 0.09833
20342.8571 -1091.77056 0.12291
20342.8571 -1091.80349 0.00000
20342.8571 -1091.79077 0.02204
20342.8571 -1091.77804 0.04408
20342.8571 -1091.76532 0.06612
20342.8571 -1091.75259 0.08816
20342.8571 -1091.73987 0.11020
20342.8571 -1091.80349 0.00000
20342.8571 -1091.78550 0.01800
20342.8571 -1091.76750 0.03599
20342.8571 -1091.74950 0.05399
20342.8571 -1091.73151 0.07198
20342.8571 -1091.71351 0.08998
20342.8571 -1091.80349 0.00000
20342.8571 -1091.78145 0.01273
20342.8571 -1091.75941 0.02545
20342.8571 -1091.73737 0.03818
20342.8571 -1091.71533 0.05090
20342.8571 -1091.69329 0.06363
20342.8571 -1091.80349 0.00000
20342.8571 -1091.77891 0.00659
20342.8571 -1091.75433 0.01317
20342.8571 -1091.72974 0.01976
20342.8571 -1091.70516 0.02635
20342.8571 -1091.68058 0.03293
20342.8571 -1091.80349 0.00000
20342.8571 -1091.77804 0.00000
20342.8571 -1091.75259 0.00000
20342.8571 -1091.72714 0.00000
20342.8571 -1091.70169 0.00000
20342.8571 -1091.67624 0.00000
20342.8571 -1091.80349 -0.00000
20342.8571 -1091.77891 -0.00659
20342.8571 -1091.75433 -0.01317
20342.8571 -1091.72974 -0.01976
20342.8571 -1091.70516 -0.02635
20342.8571 -1091.68058 -0.03293
20342.8571 -1091.80349 -0.00000
20342.8571 -1091.78145 -0.01272
20342.8571 -1091.75941 -0.02545
20342.8571 -1091.73737 -0.03817
20342.8571 -1091.71533 -0.05090
20342.8571 -1091.69329 -0.06362
20342.8571 -1091.80349 -0.00000
20342.8571 -1091.78550 -0.01800
20342.8571 -1091.76750 -0.03599
20342.8571 -1091.74950 -0.05399
20342.8571 -1091.73151 -0.07198
20342.8571 -1091.71351 -0.08998
20342.8571 -1091.80349 -0.00000
20342.8571 -1091.79077 -0.02204
20342.8571 -1091.77804 -0.04408
20342.8571 -1091.76532 -0.06612
20342.8571 -1091.75259 -0.08816
20342.8571 -1091.73987 -0.11020
20342.8571 -1091.80349 -0.00000
20342.8571 -1091.79691 -0.02458
20342.8571 -1091.79032 -0.04917
20342.8571 -1091.78373 -0.07375
20342.8571 -1091.77714 -0.09833
20342.8571 -1091.77056 -0.12291
20342.8571 -1091.80349 -0.00000
20342.8571 -1091.80349 -0.02545
20342.8571 -1091.80349 -0.05090
20342.8571 -1091.80349 -0.07635
20342.8571 -1091.80349 -0.10180
20342.8571 -1091.80349 -0.12725
20342.8571 -1091.80349 -0.00000
20342.8571 -1091.81008 -0.02458
20342.8571 -1091.81667 -0.04917
20342.8571 -1091.82325 -0.07375
20342.8571 -1091.82984 -0.09833
20342.8571 -1091.83643 -0.12291
20342.8571 -1091.80349 -0.00000
20342.8571 -1091.81622 -0.02204
20342.8571 -1091.82894 -0.04408
20342.8571 -1091.84167 -0.06612
20342.8571 -1091.85439 -0.08816
20342.8571 -1091.86712 -0.11020
20342.8571 -1091.80349 -0.00000
20342.8571 -1091.82149 -0.01800
20342.8571 -1091.83948 -0.03599
20342.8571 -1091.85748 -0.05399
20342.8571 -1091.87548 -0.07198
20342.8571 -1091.89347 -0.08998
20342.8571 -1091.80349 -0.00000
20342.8571 -1091.82553 -0.01273
20342.8571 -1091.84757 -0.02545
20342.8571 -1091.86961 -0.03818
20342.8571 -1091.89165 -0.05090
20342.8571 -1091.91369 -0.06363
20342.8571 -1091.80349 -0.00000
20342.8571 -1091.82808 -0.00659
20342.8571 -1091.85266 -0.01317
20342.8571 -1091.87724 -0.01976
20342.8571 -1091.90182 -0.02635
20342.8571 -1091.92641 -0.03293
20800.0000 -1095.96853 0.00000
20800.0000 -1095.99398 0.00000
20800.0000 -1096.01943 0.00000
20800.0000 -1096.04488 0.00000
20800.0000 -1096.07033 0.00000
20800.0000 -1096.09578 0.00000
20800.0000 -1095.96853 0.00000
20800.0000 -1095.99311 0.00659
20800.0000 -1096.01769 0.01317
20800.0000 -1096.04228 0.01976
20800.0000 -1096.06686 0.02635
20800.0000 -1096.09144 0.03293
20800.0000 -1095.96853 0.00000
20800.0000 -1095.99057 0.01272
20800.0000 -1096.01261 0.02545
20800.0000 -1096.03465 0.03818
20800.0000 -1096.05669 0.05090
20800.0000 -1096.07873 0.06362
20800.0000 -1095.96853 0.00000
20800.0000 -1095.98652 0.01800
20800.0000 -1096.00452 0.03599
20800.0000 -1096.02252 0.05399
20800.0000 -1096.04051 0.07198
20800.0000 -1096.05851 0.08998
20800.0000 -1095.96853 0.00000
20800.0000 -1095.98125 0.02204
20800.0000 -1095.99398 0.04408
20800.0000 -1096.00670 0.06612
20800.0000 -1096.01943 0.08816
20800.0000 -1096.03215 0.11020
20800.0000 -1095.96853 0.00000
20800.0000 -1095.97511 0.02458
20800.0000 -1095.98170 0.04917
20800.0000 -1095.98829 0.07375
20800.0000 -1095.99488 0.09833
20800.0000 -1096.00146 0.12291
20800.0000 -1095.96853 0.00000
20800.0000 -1095.96853 0.02545
20800.0000 -1095.96853 0.05090
20800.0000 -1095.96853 0.07635
20800.0000 -1095.96853 0.10180
20800.0000 -1095.96853 0.12725
20800.0000 -1095.96853 0.00000
20800.0000 -1095.96194 0.02458
20800.0000 -1095.95535 0.04917
20800.0000 -1095.94877 0.07375
20800.0000 -1095.94218 0.09833
20800.0000 -1095.93559 0.12291
20800.0000 -1095.96853 0.00000
20800.0000 -1095.95580 0.02204
20800.0000 -1095.94308 0.04408
20800.0000 -1095.93035 0.06612
20800.0000 -1095.91763 0.08816
20800.0000 -1095.90490 0.11020
20800.0000 -1095.96853 0.00000
20800.0000 -1095.95053 0.01800
20800.0000 -1095.93254 0.03599
20800.0000 -1095.91454 0.05399
20800.0000 -1095.89654 0.07198
20800.0000 -1095.87855 0.08998
20800.0000 -1095.96853 0.00000
20800.0000 -1095.94649 0.01273
20800.0000 -1095.92445 0.02545
20800.0000 -1095.90241 0.03818
20800.0000 -1095.88037 0.05090
20800.0000 -1095.85833 0.06363
20800.0000 -1095.96853 0.00000
20800.0000 -1095.94395 0.00659
20800.0000 -1095.91936 0.01317
20800.0000 -1095.89478 0.01976
20800.0000 -1095.87020 0.02635
20800.0000 -1095.84561 0.03293
20800.0000 -1095.96853 0.00000
20800.0000 -1095.94308 0.00000
20800.0000 -1095.91763 0.00000
20800.0000 -1095.89218 0.00000
20800.0000 -1095.86673 0.00000
20800.0000 -1095.84128 0.00000
20800.0000 -1095.96853 -0.00000
20800.0000 -1095.94395 -0.00659
20800.0000 -1095.91936 -0.01317
20800.0000 -1095.89478 -0.01976
20800.0000 -1095.87020 -0.02635
20800.0000 -1095.84561 -0.03293
20800.0000 -1095.96853 -0.00000
20800.0000 -1095.94649 -0.01272
20800.0000 -1095.92445 -0.02545
20800.0000 -1095.90241 -0.03817
20800.0000 -1095.88037 -0.05090
20800.0000 -1095.85833 -0.06362
20800.0000 -1095.96853 -0.00000
20800.0000 -1095.95053 -0.01800
20800.0000 -1095.93254 -0.03599
20800.0000 -1095.91454 -0.05399
20800.0000 -1095.89654 -0.07198
20800.0000 -1095.87855 -0.08998
20800.0000 -1095.96853 -0.00000
20800.0000 -1095.95580 -0.02204
20800.0000 -1095.94308 -0.04408
20800.0000 -1095.93035 -0.06612
20800.0000 -1095.91763 -0.08816
20800.0000 -1095.90490 -0.11020
20800.0000 -1095.96853 -0.00000
20800.0000 -1095.96194 -0.02458
20800.0000 -1095.95535 -0.04917
20800.0000 -1095.94877 -0.07375
20800.0000 -1095.94218 -0.09833
20800.0000 -1095.93559 -0.12291
20800.0000 -1095.96853 -0.00000
20800.0000 -1095.96853 -0.02545
20800.0000 -1095.96853 -0.05090
20800.0000 -1095.96853 -0.07635
20800.0000 -1095.96853 -0.10180
20800.0000 -1095.96853 -0.12725
20800.0000 -1095.96853 -0.00000
20800.0000 -1095.97511 -0.02458
20800.0000 -1095.98170 -0.04917
20800.0000 -1095.98829 -0.07375
20800.0000 -1095.99488 -0.09833
20800.0000 -1096.00146 -0.12291
20800.0000 -1095.96853 -0.00000
20800.0000 -1095.98125 -0.02204
20800.0000 -1095.99398 -0.04408
20800.0000 -1096.00670 -0.06612
20800.0000 -1096.01943 -0.08816
20800.0000 -1096.03215 -0.11020
20800.0000 -1095.96853 -0.00000
20800.0000 -1095.98652 -0.01800
20800.0000 -1096.00452 -0.03599
20800.0000 -1096.02252 -0.05399
20800.0000 -1096.04051 -0.07198
20800.0000 -1096.05851 -0.08998
20800.0000 -1095.96853 -0.00000
20800.0000 -1095.99057 -0.01273
20800.0000 -1096.01261 -0.02545
20800.0000 -1096.03465 -0.03818
20800.0000 -1096.05669 -0.05090
20800.0000 -1096.07873 -0.06363
20800.0000 -1095.96853 -0.00000
20800.0000 -1095.99311 -0.00659
20800.0000 -1096.01769 -0.01317
20800.0000 -1096.04228 -0.01976
20800.0000 -1096.06686 -0.02635
20800.0000 -1096.09144 -0.03293
21257.1429 -1098.30120 0.00000
21257.1429 -1098.32665 0.00000
21257.1429 -1098.35210 0.00000
21257.1429 -1098.37755 0.00000
21257.1429 -1098.40300 0.00000
21257.1429 -1098.42845 0.00000
21257.1429 -1098.30120 0.00000
21257.1429 -1098.32578 0.00659
21257.1429 -1098.35036 0.01317
21257.1429 -1098.37494 0.01976
21257.1429 -1098.39953 0.02635
21257.1429 -1098.42411 0.03293
21257.1429 -1098.30120 0.00000
21257.1429 -1098.32324 0.01272
21257.1429 -1098.34528 0.02545
21257.1429 -1098.36732 0.03818
21257.1429 -1098.38936 0.05090
21257.1429 -1098.41140 0.06362
21257.1429 -1098.30120 0.00000
21257.1429 -1098.31919 0.01800
21257.1429 -1098.33719 0.03599
21257.1429 -1098.35518 0.05399
21257.1429 -1098.37318 0.07198
21257.1429 -1098.39118 0.08998
21257.1429 -1098.30120 0.00000
21257.1429 -1098.31392 0.02204
21257.1429 -1098.32665 0.04408
21257.1429 -1098.33937 0.06612
21257.1429 -1098.35210 0.08816
21257.1429 -1098.36482 0.11020
21257.1429 -1098.30120 0.00000
21257.1429 -1098.30778 0.02458
21257.1429 -1098.31437 0.04917
21257.1429 -1098.32096 0.07375
21257.1429 -1098.32754 0.09833
21257.1429 -1098.33413 0.12291
21257.1429 -1098.30120 0.00000
21257.1429 -1098.30120 0.02545
21257.1429 -1098.30120 0.05090
21257.1429 -1098.30120 0.07635
21257.1429 -1098.30120 0.10180
21257.1429 -1098.30120 0.12725
21257.1429 -1098.30120 0.00000
21257.1429 -1098.29461 0.02458
21257.1429 -1098.28802 0.04917
21257.1429 -1098.28143 0.07375
21257.1429 -1098.27485 0.09833
21257.1429 -1098.26826 0.12291
21257.1429 -1098.30120 0.00000
21257.1429 -1098.28847 0.02204
21257.1429 -1098.27575 0.04408
21257.1429 -1098.26302 0.06612
21257.1429 -1098.25030 0.08816
21257.1429 -1098.23757 0.11020
21257.1429 -1098.30120 0.00000
21257.1429 -1098.28320 0.01800
21257.1429 -1098.26520 0.03599
21257.1429 -1098.24721 0.05399
21257.1429 -1098.22921 0.07198
21257.1429 -1098.21122 0.08998
21257.1429 -1098.30120 0.00000
21257.1429 -1098.27916 0.01273
21257.1429 -1098.25711 0.02545
21257.1429 -1098.23507 0.03818
21257.1429 -1098.21303 0.05090
21257.1429 -1098.19099 0.06363
21257.1429 -1098.30120 0.00000
21257.1429 -1098.27661 0.00659
21257.1429 -1098.25203 0.01317
21257.1429 -1098.22745 0.01976
21257.1429 -1098.20286 0.02635
21257.1429 -1098.17828 0.03293
21257.1429 -1098.30120 0.00000
21257.1429 -1098.27575 0.00000
21257.1429 -1098.25030 0.00000
21257.1429 -1098.22485 0.00000
21257.1429 -1098.19940 0.00000
21257.1429 -1098.17395 0.00000
21257.1429 -1098.30120 -0.00000
21257.1429 -1098.27661 -0.00659
21257.1429 -1098.25203 -0.01317
21257.1429 -1098.22745 -0.01976
21257.1429 -1098.20286 -0.02635
21257.1429 -1098.17828 -0.03293
21257.1429 -1098.30120 -0.00000
21257.1429 -1098.27916 -0.01272
21257.1429 -1098.25711 -0.02545
21257.1429 -1098.23507 -0.03817
21257.1429 -1098.21303 -0.05090
21257.1429 -1098.19099 -0.06362
21257.1429 -1098.30120 -0.00000
21257.1429 -1098.28320 -0.01800
21257.1429 -1098.26520 -0.03599
21257.1429 -1098.24721 -0.05399
21257.1429 -1098.22921 -0.07198
21257.1429 -1098.21122 -0.08998
21257.1429 -1098.30120 -0.00000
21257.1429 -1098.28847 -0.02204
21257.1429 -1098.27575 -0.04408
21257.1429 -1098.26302 -0.06612
21257.1429 -1098.25030 -0.08816
21257.1429 -1098.23757 -0.11020
21257.1429 -1098.30120 -0.00000
21257.1429 -1098.29461 -0.02458
21257.1429 -1098.28802 -0.04917
21257.1429 -1098.28143 -0.07375
21257.1429 -1098.27485 -0.09833
21257.1429 -1098.26826 -0.12291
21257.1429 -1098.30120 -0.00000
21257.1429 -1098.30120 -0.02545
21257.1429 -1098.30120 -0.05090
21257.1429 -1098.30120 -0.07635
21257.1429 -1098.30120 -0.10180
21257.1429 -1098.30120 -0.12725
21257.1429 -1098.30120 -0.00000
21257.1429 -1098.30778 -0.02458
21257.1429 -1098.31437 -0.04917
21257.1429 -1098.32096 -0.07375
21257.1429 -1098.32754 -0.09833
21257.1429 -1098.33413 -0.12291
21257.1429 -1098.30120 -0.00000
21257.1429 -1098.31392 -0.02204
21257.1429 -1098.32665 -0.04408
21257.1429 -1098.33937 -0.06612
21257.1429 -1098.35210 -0.08816
21257.1429 -1098.36482 -0.11020
21257.1429 -1098.30120 -0.00000
21257.1429 -1098.31919 -0.01800
21257.1429 -1098.33719 -0.03599
21257.1429 -1098.35518 -0.05399
21257.1429 -1098.37318 -0.07198
21257.1429 -1098.39118 -0.08998
21257.1429 -1098.30120 -0.00000
21257.1429 -1098.32324 -0.01273
21257.1429 -1098.34528 -0.02545
21257.1429 -1098.36732 -0.03818
21257.1429 -1098.38936 -0.05090
21257.1429 -1098.41140 -0.06363
21257.1429 -1098.30120 -0.00000
21257.1429 -1098.32578 -0.00659
21257.1429 -1098.35036 -0.01317
21257.1429 -1098.37494 -0.01976
21257.1429 -1098.39953 -0.02635
21257.1429 -1098.42411 -0.03293
21714.2857 -1094.17612 0.00000
21714.2857 -1094.20157 0.00000
21714.2857 -1094.22702 0.00000
21714.2857 -1094.25247 0.00000
21714.2857 -1094.27792 0.00000
21714.2857 -1094.30337 0.00000
21714.2857 -1094.17612 0.00000
21714.2857 -1094.20070 0.00659
21714.2857 -1094.22528 0.01317
21714.2857 -1094.24987 0.01976
21714.2857 -1094.27445 0.02635
21714.2857 -1094.29903 0.03293
21714.2857 -1094.17612 0.00000
21714.2857 -1094.19816 0.01272
21714.2857 -1094.22020 0.02545
21714.2857 -1094.24224 0.03818
21714.2857 -1094.26428 0.05090
21714.2857 -1094.28632 0.06362
21714.2857 -1094.17612 0.00000
21714.2857 -1094.19411 0.01800
21714.2857 -1094.21211 0.03599
21714.2857 -1094.23011 0.05399
21714.2857 -1094.24810 0.07198
21714.2857 -1094.26610 0.08998
21714.2857 -1094.17612 0.00000
21714.2857 -1094.18884 0.02204
21714.2857 -1094.20157 0.04408
21714.2857 -1094.21429 0.06612
21714.2857 -1094.22702 0.08816
21714.2857 -1094.23974 0.11020
21714.2857 -1094.17612 0.00000
21714.2857 -1094.18271 0.02458
21714.2857 -1094.18929 0.04917
21714.2857 -1094.19588 0.07375
21714.2857 -1094.20247 0.09833
21714.2857 -1094.20905 0.12291
21714.2857 -1094.17612 0.00000
21714.2857 -1094.17612 0.02545
21714.2857 -1094.17612 0.05090
21714.2857 -1094.17612 0.07635
21714.2857 -1094.17612 0.10180
21714.2857 -1094.17612 0.12725
21714.2857 -1094.17612 0.00000
21714.2857 -1094.16953 0.02458
21714.2857 -1094.16294 0.04917
21714.2857 -1094.15636 0.07375
21714.2857 -1094.14977 0.09833
21714.2857 -1094.14318 0.12291
21714.2857 -1094.17612 0.00000
21714.2857 -1094.16339 0.02204
21714.2857 -1094.15067 0.04408
21714.2857 -1094.13794 0.06612
21714.2857 -1094.12522 0.08816
21714.2857 -1094.11249 0.11020
21714.2857 -1094.17612 0.00000
21714.2857 -1094.15812 0.01800
21714.2857 -1094.14013 0.03599
21714.2857 -1094.12213 0.05399
21714.2857 -1094.10413 0.07198
21714.2857 -1094.08614 0.08998
21714.2857 -1094.17612 0.00000
21714.2857 -1094.15408 0.01273
21714.2857 -1094.13204 0.02545
21714.2857 -1094.11000 0.03818
21714.2857 -1094.08796 0.05090
21714.2857 -1094.06592 0.06363
21714.2857 -1094.17612 0.00000
21714.2857 -1094.15154 0.00659
21714.2857 -1094.12695 0.01317
21714.2857 -1094.10237 0.01976
21714.2857 -1094.07779 0.02635
21714.2857 -1094.05320 0.03293
21714.2857 -1094.17612 0.00000
21714.2857 -1094.15067 0.00000
21714.2857 -1094.12522 0.00000
21714.2857 -1094.09977 0.00000
21714.2857 -1094.07432 0.00000
21714.2857 -1094.04887 0.00000
21714.2857 -1094.17612 -0.00000
21714.2857 -1094.15154 -0.00659
21714.2857 -1094.12695 -0.01317
21714.2857 -1094.10237 -0.01976
21714.2857 -1094.07779 -0.02635
21714.2857 -1094.05320 -0.03293
21714.2857 -1094.17612 -0.00000
21714.2857 -1094.15408 -0.01272
21714.2857 -1094.13204 -0.02545
21714.2857 -1094.11000 -0.03817
21714.2857 -1094.08796 -0.05090
21714.2857 -1094.06592 -0.06362
21714.2857 -1094.17612 -0.00000
21714.2857 -1094.15812 -0.01800
21714.2857 -1094.14013 -0.03599
21714.2857 -1094.12213 -0.05399
21714.2857 -1094.10413 -0.07198
21714.2857 -1094.08614 -0.08998
21714.2857 -1094.17612 -0.00000
21714.2857 -1094.16339 -0.02204
21714.2857 -1094.15067 -0.04408
21714.2857 -1094.13794 -0.06612
21714.2857 -1094.12522 -0.08816
21714.2857 -1094.11249 -0.11020
21714.2857 -1094.17612 -0.00000
21714.2857 -1094.16953 -0.02458
21714.2857 -1094.16294 -0.04917
21714.2857 -1094.15636 -0.07375
21714.2857 -1094.14977 -0.09833
21714.2857 -1094.14318 -0.12291
21714.2857 -1094.17612 -0.00000
21714.2857 -1094.17612 -0.02545
21714.2857 -1094.17612 -0.05090
21714.2857 -1094.17612 -0.07635
21714.2857 -1094.17612 -0.10180
21714.2857 -1094.17612 -0.12725
21714.2857 -1094.17612 -0.00000
21714.2857 -1094.18271 -0.02458
21714.2857 -1094.18929 -0.04917
21714.2857 -1094.19588 -0.07375
21714.2857 -1094.20247 -0.09833
21714.2857 -1094.20905 -0.12291
21714.2857 -1094.17612 -0.00000
21714.2857 -1094.18884 -0.02204
21714.2857 -1094.20157 -0.04408
21714.2857 -1094.21429 -0.06612
21714.2857 -1094.22702 -0.08816
21714.2857 -1094.23974 -0.11020
21714.2857 -1094.17612 -0.00000
21714.2857 -1094.19411 -0.01800
21714.2857 -1094.21211 -0.03599
21714.2857 -1094.23011 -0.05399
21714.2857 -1094.24810 -0.07198
21714.2857 -1094.26610 -0.08998
21714.2857 -1094.17612 -0.00000
21714.2857 -1094.19816 -0.01273
21714.2857 -1094.22020 -0.02545
21714.2857 -1094.24224 -0.03818
21714.2857 -1094.26428 -0.05090
21714.2857 -1094.28632 -0.06363
21714.2857 -1094.17612 -0.00000
21714.2857 -1094.20070 -0.00659
21714.2857 -1094.22528 -0.01317
21714.2857 -1094.24987 -0.01976
21714.2857 -1094.27445 -0.02635
21714.2857 -1094.29903 -0.03293
22628.5714 -1071.45443 0.00000
22628.5714 -1071.47988 0.00000
22628.5714 -1071.50533 0.00000
22628.5714 -1071.53078 0.00000
22628.5714 -1071.55623 0.00000
22628.5714 -1071.58168 0.00000
22628.5714 -1071.45443 0.00000
22628.5714 -1071.47901 0.00659
22628.5714 -1071.50360 0.01317
22628.5714 -1071.52818 0.01976
22628.5714 -1071.55276 0.02635
22628.5714 -1071.57734 0.03293
22628.5714 -1071.45443 0.00000
22628.5714 -1071.47647 0.01272
22628.5714 -1071.49851 0.02545
22628.5714 -1071.52055 0.03818
22628.5714 -1071.54259 0.05090
22628.5714 -1071.56463 0.06362
22628.5714 -1071.45443 0.00000
22628.5714 -1071.47243 0.01800
22628.5714 -1071.49042 0.03599
22628.5714 -1071.50842 0.05399
22628.5714 -1071.52641 0.07198
22628.5714 -1071.54441 0.08998
22628.5714 -1071.45443 0.00000
22628.5714 -1071.46715 0.02204
22628.5714 -1071.47988 0.04408
22628.5714 -1071.49260 0.06612
22628.5714 -1071.50533 0.08816
22628.5714 -1071.51805 0.11020
22628.5714 -1071.45443 0.00000
22628.5714 -1071.46102 0.02458
22628.5714 -1071.46760 0.04917
22628.5714 -1071.47419 0.07375
22628.5714 -1071.48078 0.09833
22628.5714 -1071.48736 0.12291
22628.5714 -1071.45443 0.00000
22628.5714 -1071.45443 0.02545
22628.5714 -1071.45443 0.05090
22628.5714 -1071.45443 0.07635
22628.5714 -1071.45443 0.10180
22628.5714 -1071.45443 0.12725
22628.5714 -1071.45443 0.00000
22628.5714 -1071.44784 0.02458
22628.5714 -1071.44126 0.04917
22628.5714 -1071.43467 0.07375
22628.5714 -1071.42808 0.09833
22628.5714 -1071.42149 0.12291
22628.5714 -1071.45443 0.00000
22628.5714 -1071.44170 0.02204
22628.5714 -1071.42898 0.04408
22628.5714 -1071.41625 0.06612
22628.5714 -1071.40353 0.08816
22628.5714 -1071.39080 0.11020
22628.5714 -1071.45443 0.00000
22628.5714 -1071.43643 0.01800
22628.5714 -1071.41844 0.03599
22628.5714 -1071.40044 0.05399
22628.5714 -1071.38245 0.07198
22628.5714 -1071.36445 0.08998
22628.5714 -1071.45443 0.00000
22628.5714 -1071.43239 0.01273
22628.5714 -1071.41035 0.02545
22628.5714 -1071.38831 0.03818
22628.5714 -1071.36627 0.05090
22628.5714 -1071.34423 0.06363
22628.5714 -1071.45443 0.00000
22628.5714 -1071.42985 0.00659
22628.5714 -1071.40526 0.01317
22628.5714 -1071.38068 0.01976
22628.5714 -1071.35610 0.02635
22628.5714 -1071.33152 0.03293
22628.5714 -1071.45443 0.00000
22628.5714 -1071.42898 0.00000
22628.5714 -1071.40353 0.00000
22628.5714 -1071.37808 0.00000
22628.5714 -1071.35263 0.00000
22628.5714 -1071.32718 0.00000
22628.5714 -1071.45443 -0.00000
22628.5714 -1071.42985 -0.00659
22628.5714 -1071.40526 -0.01317
22628.5714 -1071.38068 -0.01976
22628.5714 -1071.35610 -0.02635
22628.5714 -1071.33152 -0.03293
22628.5714 -1071.45443 -0.00000
22628.5714 -1071.43239 -0.01272
22628.5714 -1071.41035 -0.02545
22628.5714 -1071.38831 -0.03817
22628.5714 -1071.36627 -0.05090
22628.5714 -1071.34423 -0.06362
22628.5714 -1071.45443 -0.00000
22628.5714 -1071.43643 -0.01800
22628.5714 -1071.41844 -0.03599
22628.5714 -1071.40044 -0.05399
22628.5714 -1071.38245 -0.07198
22628.5714 -1071.36445 -0.08998
22628.5714 -1071.45443 -0.00000
22628.5714 -1071.44170 -0.02204
22628.5714 -1071.42898 -0.04408
22628.5714 -1071.41625 -0.06612
22628.5714 -1071.40353 -0.08816
22628.5714 -1071.39080 -0.11020
22628.5714 -1071.45443 -0.00000
22628.5714 -1071.44784 -0.02458
22628.5714 -1071.44126 -0.04917
22628.5714 -1071.43467 -0.07375
22628.5714 -1071.42808 -0.09833
22628.5714 -1071.42149 -0.12291
22628.5714 -1071.45443 -0.00000
22628.5714 -1071.45443 -0.02545
22628.5714 -1071.45443 -0.05090
22628.5714 -1071.45443 -0.07635
22628.5714 -1071.45443 -0.10180
22628.5714 -1071.45443 -0.12725
22628.5714 -1071.45443 -0.00000
22628.5714 -1071.46102 -0.02458
22628.5714 -1071.46760 -0.04917
22628.5714 -1071.47419 -0.07375
22628.5714 -1071.48078 -0.09833
22628.5714 -1071.48736 -0.12291
22628.5714 -1071.45443 -0.00000
22628.5714 -1071.46715 -0.02204
22628.5714 -1071.47988 -0.04408
22628.5714 -1071.49260 -0.06612
22628.5714 -1071.50533 -0.08816
22628.5714 -1071.51805 -0.11020
22628.5714 -1071.45443 -0.00000
22628.5714 -1071.47243 -0.01800
22628.5714 -1071.49042 -0.03599
22628.5714 -1071.50842 -0.05399
22628.5714 -1071.52641 -0.07198
22628.5714 -1071.54441 -0.08998
22628.5714 -1071.45443 -0.00000
22628.5714 -1071.47647 -0.01273
22628.5714 -1071.49851 -0.02545
22628.5714 -1071.52055 -0.03818
22628.5714 -1071.54259 -0.05090
22628.5714 -1071.56463 -0.06363
22628.5714 -1071.45443 -0.00000
22628.5714 -1071.47901 -0.00659
22628.5714 -1071.50360 -0.01317
22628.5714 -1071.52818 -0.01976
22628.5714 -1071.55276 -0.02635
22628.5714 -1071.57734 -0.03293
23085.7143 -1066.28861 0.00000
23085.7143 -1066.31406 0.00000
23085.7143 -1066.33951 0.00000
23085.7143 -1066.36496 0.00000
23085.7143 -1066.39041 0.00000
23085.7143 -1066.41586 0.00000
23085.7143 -1066.28861 0.00000
23085.7143 -1066.31319 0.00659
23085.7143 -1066.33777 0.01317
23085.7143 -1066.36236 0.01976
23085.7143 -1066.38694 0.02635
23085.7143 -1066.41152 0.03293
23085.7143 -1066.28861 0.00000
23085.7143 -1066.31065 0.01272
23085.7143 -1066.33269 0.02545
23085.7143 -1066.35473 0.03818
23085.7143 -1066.37677 0.05090
23085.7143 -1066.39881 0.06362
23085.7143 -1066.28861 0.00000
23085.7143 -1066.30660 0.01800
23085.7143 -1066.32460 0.03599
23085.7143 -1066.34259 0.05399
23085.7143 -1066.36059 0.07198
23085.7143 -1066.37859 0.08998
23085.7143 -1066.28861 0.00000
23085.7143 -1066.30133 0.02204
23085.7143 -1066.31406 0.04408
23085.7143 -1066.32678 0.06612
23085.7143 -1066.33951 0.08816
23085.7143 -1066.35223 0.11020
23085.7143 -1066.28861 0.00000
23085.7143 -1066.29519 0.02458
23085.7143 -1066.30178 0.04917
23085.7143 -1066.30837 0.07375
23085.7143 -1066.31496 0.09833
23085.7143 -1066.32154 0.12291
23085.7143 -1066.28861 0.00000
23085.7143 -1066.28861 0.02545
23085.7143 -1066.28861 0.05090
23085.7143 -1066.28861 0.07635
23085.7143 -1066.28861 0.10180
23085.7143 -1066.28861 0.12725
23085.7143 -1066.28861 0.00000
23085.7143 -1066.28202 0.02458
23085.7143 -1066.27543 0.04917
23085.7143 -1066.26885 0.07375
23085.7143 -1066.26226 0.09833
23085.7143 -1066.25567 0.12291
23085.7143 -1066.28861 0.00000
23085.7143 -1066.27588 0.02204
23085.7143 -1066.26316 0.04408
23085.7143 -1066.25043 0.06612
23085.7143 -1066.23771 0.08816
23085.7143 -1066.22498 0.11020
23085.7143 -1066.28861 0.00000
23085.7143 -1066.27061 0.01800
23085.7143 -1066.25262 0.03599
23085.7143 -1066.23462 0.05399
23085.7143 -1066.21662 0.07198
23085.7143 -1066.19863 0.08998
23085.7143 -1066.28861 0.00000
23085.7143 -1066.26657 0.01273
23085.7143 -1066.24453 0.02545
23085.7143 -1066.22249 0.03818
23085.7143 -1066.20045 0.05090
23085.7143 -1066.17841 0.06363
23085.7143 -1066.28861 0.00000
23085.7143 -1066.26402 0.00659
23085.7143 -1066.23944 0.01317
23085.7143 -1066.21486 0.01976
23085.7143 -1066.19028 0.02635
23085.7143 -1066.16569 0.03293
23085.7143 -1066.28861 0.00000
23085.7143 -1066.26316 0.00000
23085.7143 -1066.23771 0.00000
23085.7143 -1066.21226 0.00000
23085.7143 -1066.18681 0.00000
23085.7143 -1066.16136 0.00000
23085.7143 -1066.28861 -0.00000
23085.7143 -1066.26402 -0.00659
23085.7143 -1066.23944 -0.01317
23085.7143 -1066.21486 -0.01976
23085.7143 -1066.19028 -0.02635
23085.7143 -1066.16569 -0.03293
23085.7143 -1066.28861 -0.00000
23085.7143 -1066.26657 -0.01272
23085.7143 -1066.24453 -0.02545
23085.7143 -1066.22249 -0.03817
23085.7143 -1066.20045 -0.05090
23085.7143 -1066.17841 -0.06362
23085.7143 -1066.28861 -0.00000
23085.7143 -1066.27061 -0.01800
23085.7143 -1066.25262 -0.03599
23085.7143 -1066.23462 -0.05399
23085.7143 -1066.21662 -0.07198
23085.7143 -1066.19863 -0.08998
23085.7143 -1066.28861 -0.00000
23085.7143 -1066.27588 -0.02204
23085.7143 -1066.26316 -0.04408
23085.7143 -1066.25043 -0.06612
23085.7143 -1066.23771 -0.08816
23085.7143 -1066.22498 -0.11020
23085.7143 -1066.28861 -0.00000
23085.7143 -1066.28202 -0.02458
23085.7143 -1066.27543 -0.04917
23085.7143 -1066.26885 -0.07375
23085.7143 -1066.26226 -0.09833
23085.7143 -1066.25567 -0.12291
23085.7143 -1066.28861 -0.00000
23085.7143 -1066.28861 -0.02545
23085.7143 -1066.28861 -0.05090
23085.7143 -1066.28861 -0.07635
23085.7143 -1066.28861 -0.10180
23085.7143 -1066.28861 -0.12725
23085.7143 -1066.28861 -0.00000
23085.7143 -1066.29519 -0.02458
23085.7143 -1066.30178 -0.04917
23085.7143 -1066.30837 -0.07375
23085.7143 -1066.31496 -0.09833
23085.7143 -1066.32154 -0.12291
23085.7143 -1066.28861 -0.00000
23085.7143 -1066.30133 -0.02204
23085.7143 -1066.31406 -0.04408
23085.7143 -1066.32678 -0.06612
23085.7143 -1066.33951 -0.08816
23085.7143 -1066.35223 -0.11020
23085.7143 -1066.28861 -0.00000
23085.7143 -1066.30660 -0.01800
23085.7143 -1066.32460 -0.03599
23085.7143 -1066.34259 -0.05399
23085.7143 -1066.36059 -0.07198
23085.7143 -1066.37859 -0.08998
23085.7143 -1066.28861 -0.00000
23085.7143 -1066.31065 -0.01273
23085.7143 -1066.33269 -0.02545
23085.7143 -1066.35473 -0.03818
23085.7143 -1066.37677 -0.05090
23085.7143 -1066.39881 -0.06363
23085.7143 -1066.28861 -0.00000
23085.7143 -1066.31319 -0.00659
23085.7143 -1066.33777 -0.01317
23085.7143 -1066.36236 -0.01976
23085.7143 -1066.38694 -0.02635
23085.7143 -1066.41152 -0.03293
23542.8571 -1070.89927 0.00000
23542.8571 -1070.92472 0.00000
23542.8571 -1070.95017 0.00000
23542.8571 -1070.97562 0.00000
23542.8571 -1071.00107 0.00000
23542.8571 -1071.02652 0.00000
23542.8571 -1070.89927 0.00000
23542.8571 -1070.92385 0.00659
23542.8571 -1070.94844 0.01317
23542.8571 -1070.97302 0.01976
23542.8571 -1070.99760 0.02635
23542.8571 -1071.02219 0.03293
23542.8571 -1070.89927 0.00000
23542.8571 -1070.92131 0.01272
23542.8571 -1070.94335 0.02545
23542.8571 -1070.96539 0.03818
23542.8571 -1070.98743 0.05090
23542.8571 -1071.00947 0.06362
23542.8571 -1070.89927 0.00000
23542.8571 -1070.91727 0.01800
23542.8571 -1070.93526 0.03599
23542.8571 -1070.95326 0.05399
23542.8571 -1070.97125 0.07198
23542.8571 -1070.98925 0.08998
23542.8571 -1070.89927 0.00000
23542.8571 -1070.91200 0.02204
23542.8571 -1070.92472 0.04408
23542.8571 -1070.93745 0.06612
23542.8571 -1070.95017 0.08816
23542.8571 -1070.96290 0.11020
23542.8571 -1070.89927 0.00000
23542.8571 -1070.90586 0.02458
23542.8571 -1070.91245 0.04917
23542.8571 -1070.91903 0.07375
23542.8571 -1070.92562 0.09833
23542.8571 -1070.93221 0.12291
23542.8571 -1070.89927 0.00000
23542.8571 -1070.89927 0.02545
23542.8571 -1070.89927 0.05090
23542.8571 -1070.89927 0.07635
23542.8571 -1070.89927 0.10180
23542.8571 -1070.89927 0.12725
23542.8571 -1070.89927 0.00000
23542.8571 -1070.89268 0.02458
23542.8571 -1070.88610 0.04917
23542.8571 -1070.87951 0.07375
23542.8571 -1070.87292 0.09833
23542.8571 -1070.86634 0.12291
23542.8571 -1070.89927 0.00000
23542.8571 -1070.88655 0.02204
23542.8571 -1070.87382 0.04408
23542.8571 -1070.86110 0.06612
23542.8571 -1070.84837 0.08816
23542.8571 -1070.83565 0.11020
23542.8571 -1070.89927 0.00000
23542.8571 -1070.88128 0.01800
23542.8571 -1070.86328 0.03599
23542.8571 -1070.84528 0.05399
23542.8571 -1070.82729 0.07198
23542.8571 -1070.80929 0.08998
23542.8571 -1070.89927 0.00000
23542.8571 -1070.87723 0.01273
23542.8571 -1070.85519 0.02545
23542.8571 -1070.83315 0.03818
23542.8571 -1070.81111 0.05090
23542.8571 -1070.78907 0.06363
23542.8571 -1070.89927 0.00000
23542.8571 -1070.87469 0.00659
23542.8571 -1070.85011 0.01317
23542.8571 -1070.82552 0.01976
23542.8571 -1070.80094 0.02635
23542.8571 -1070.77636 0.03293
23542.8571 -1070.89927 0.00000
23542.8571 -1070.87382 0.00000
23542.8571 -1070.84837 0.00000
23542.8571 -1070.82292 0.00000
23542.8571 -1070.79747 0.00000
23542.8571 -1070.77202 0.00000
23542.8571 -1070.89927 -0.00000
23542.8571 -1070.87469 -0.00659
23542.8571 -1070.85011 -0.01317
23542.8571 -1070.82552 -0.01976
23542.8571 -1070.80094 -0.02635
23542.8571 -1070.77636 -0.03293
23542.8571 -1070.89927 -0.00000
23542.8571 -1070.87723 -0.01272
23542.8571 -1070.85519 -0.02545
23542.8571 -1070.83315 -0.03817
23542.8571 -1070.81111 -0.05090
23542.8571 -1070.78907 -0.06362
23542.8571 -1070.89927 -0.00000
23542.8571 -1070.88128 -0.01800
23542.8571 -1070.86328 -0.03599
23542.8571 -1070.84528 -0.05399
23542.8571 -1070.82729 -0.07198
23542.8571 -1070.80929 -0.08998
23542.8571 -1070.89927 -0.00000
23542.8571 -1070.88655 -0.02204
23542.8571 -1070.87382 -0.04408
23542.8571 -1070.86110 -0.06612
23542.8571 -1070.84837 -0.08816
23542.8571 -1070.83565 -0.11020
23542.8571 -1070.89927 -0.00000
23542.8571 -1070.89268 -0.02458
23542.8571 -1070.88610 -0.04917
23542.8571 -1070.87951 -0.07375
23542.8571 -1070.87292 -0.09833
23542.8571 -1070.86634 -0.12291
23542.8571 -1070.89927 -0.00000
23542.8571 -1070.89927 -0.02545
23542.8571 -1070.89927 -0.05090
23542.8571 -1070.89927 -0.07635
23542.8571 -1070.89927 -0.10180
23542.8571 -1070.89927 -0.12725
23542.8571 -1070.89927 -0.00000
23542.8571 -1070.90586 -0.02458
23542.8571 -1070.91245 -0.04917
23542.8571 -1070.91903 -0.07375
23542.8571 -1070.92562 -0.09833
23542.8571 -1070.93221 -0.12291
23542.8571 -1070.89927 -0.00000
23542.8571 -1070.91200 -0.02204
23542.8571 -1070.92472 -0.04408
23542.8571 -1070.93745 -0.06612
23542.8571 -1070.95017 -0.08816
23542.8571 -1070.96290 -0.11020
23542.8571 -1070.89927 -0.00000
23542.8571 -1070.91727 -0.01800
23542.8571 -1070.93526 -0.03599
23542.8571 -1070.95326 -0.05399
23542.8571 -1070.97125 -0.07198
23542.8571 -1070.98925 -0.08998
23542.8571 -1070.89927 -0.00000
23542.8571 -1070.92131 -0.01273
23542.8571 -1070.94335 -0.02545
23542.8571 -1070.96539 -0.03818
23542.8571 -1070.98743 -0.05090
23542.8571 -1071.00947 -0.06363
23542.8571 -1070.89927 -0.00000
23542.8571 -1070.92385 -0.00659
23542.8571 -1070.94844 -0.01317
23542.8571 -1070.97302 -0.01976
23542.8571 -1070.99760 -0.02635
23542.8571 -1071.02219 -0.03293
24000.0000 -1080.19464 0.00000
24000.0000 -1080.22009 0.00000
24000.0000 -1080.24554 0.00000
24000.0000 -1080.27099 0.00000
24000.0000 -1080.29644 0.00000
24000.0000 -1080.32189 0.00000
24000.0000 -1080.19464 0.00000
24000.0000 -1080.21922 0.00659
24000.0000 -1080.24380 0.01317
24000.0000 -1080.26839 0.01976
24000.0000 -1080.29297 0.02635
24000.0000 -1080.31755 0.03293
24000.0000 -1080.19464 0.00000
24000.0000 -1080.21668 0.01272
24000.0000 -1080.23872 0.02545
24000.0000 -1080.26076 0.03818
24000.0000 -1080.28280 0.05090
24000.0000 -1080.30484 0.06362
24000.0000 -1080.19464 0.00000
24000.0000 -1080.21263 0.01800
24000.0000 -1080.23063 0.03599
24000.0000 -1080.24863 0.05399
24000.0000 -1080.26662 0.07198
24000.0000 -1080.28462 0.08998
24000.0000 -1080.19464 0.00000
24000.0000 -1080.20736 0.02204
24000.0000 -1080.22009 0.04408
24000.0000 -1080.23281 0.06612
24000.0000 -1080.24554 0.08816
24000.0000 -1080.25826 0.11020
24000.0000 -1080.19464 0.00000
24000.0000 -1080.20123 0.02458
24000.0000 -1080.20781 0.04917
24000.0000 -1080.21440 0.07375
24000.0000 -1080.22099 0.09833
24000.0000 -1080.22757 0.12291
24000.0000 -1080.19464 0.00000
24000.0000 -1080.19464 0.02545
24000.0000 -1080.19464 0.05090
24000.0000 -1080.19464 0.07635
24000.0000 -1080.19464 0.10180
24000.0000 -1080.19464 0.12725
24000.0000 -1080.19464 0.00000
24000.0000 -1080.18805 0.02458
24000.0000 -1080.18147 0.04917
24000.0000 -1080.17488 0.07375
24000.0000 -1080.16829 0.09833
24000.0000 -1080.16170 0.12291
24000.0000 -1080.19464 0.00000
24000.0000 -1080.18191 0.02204
24000.0000 -1080.16919 0.04408
24000.0000 -1080.15646 0.06612
24000.0000 -1080.14374 0.08816
24000.0000 -1080.13101 0.11020
24000.0000 -1080.19464 0.00000
24000.0000 -1080.17664 0.01800
24000.0000 -1080.15865 0.03599
24000.0000 -1080.14065 0.05399
24000.0000 -1080.12266 0.07198
24000.0000 -1080.10466 0.08998
24000.0000 -1080.19464 0.00000
24000.0000 -1080.17260 0.01273
24000.0000 -1080.15056 0.02545
24000.0000 -1080.12852 0.03818
24000.0000 -1080.10648 0.05090
24000.0000 -1080.08444 0.06363
24000.0000 -1080.19464 0.00000
24000.0000 -1080.17006 0.00659
24000.0000 -1080.14547 0.01317
24000.0000 -1080.12089 0.01976
24000.0000 -1080.09631 0.02635
24000.0000 -1080.07172 0.03293
24000.0000 -1080.19464 0.00000
24000.0000 -1080.16919 0.00000
24000.0000 -1080.14374 0.00000
24000.0000 -1080.11829 0.00000
24000.0000 -1080.09284 0.00000
24000.0000 -1080.06739 0.00000
24000.0000 -1080.19464 -0.00000
24000.0000 -1080.17006 -0.00659
24000.0000 -1080.14547 -0.01317
24000.0000 -1080.12089 -0.01976
24000.0000 -1080.09631 -0.02635
24000.0000 -1080.07172 -0.03293
24000.0000 -1080.19464 -0.00000
24000.0000 -1080.17260 -0.01272
24000.0000 -1080.15056 -0.02545
24000.0000 -1080.12852 -0.03817
24000.0000 -1080.10648 -0.05090
24000.0000 -1080.08444 -0.06362
24000.0000 -1080.19464 -0.00000
24000.0000 -1080.17664 -0.01800
24000.0000 -1080.15865 -0.03599
24000.0000 -1080.14065 -0.05399
24000.0000 -1080.12266 -0.07198
24000.0000 -1080.10466 -0.08998
24000.0000 -1080.19464 -0.00000
24000.0000 -1080.18191 -0.02204
24000.0000 -1080.16919 -0.04408
24000.0000 -1080.15646 -0.06612
24000.0000 -1080.14374 -0.08816
24000.0000 -1080.13101 -0.11020
24000.0000 -1080.19464 -0.00000
24000.0000 -1080.18805 -0.02458
24000.0000 -1080.18147 -0.04917
24000.0000 -1080.17488 -0.07375
24000.0000 -1080.16829 -0.09833
24000.0000 -1080.16170 -0.12291
24000.0000 -1080.19464 -0.00000
24000.0000 -1080.19464 -0.02545
24000.0000 -1080.19464 -0.05090
24000.0000 -1080.19464 -0.07635
24000.0000 -1080.19464 -0.10180
24000.0000 -1080.19464 -0.12725
24000.0000 -1080.19464 -0.00000
24000.0000 -1080.20123 -0.02458
24000.0000 -1080.20781 -0.04917
24000.0000 -1080.21440 -0.07375
24000.0000 -1080.22099 -0.09833
24000.0000 -1080.22757 -0.12291
24000.0000 -1080.19464 -0.00000
24000.0000 -1080.20736 -0.02204
24000.0000 -1080.22009 -0.04408
24000.0000 -1080.23281 -0.06612
24000.0000 -1080.24554 -0.08816
24000.0000 -1080.25826 -0.11020
24000.0000 -1080.19464 -0.00000
24000.0000 -1080.21263 -0.01800
24000.0000 -1080.23063 -0.03599
24000.0000 -1080.24863 -0.05399
24000.0000 -1080.26662 -0.07198
24000.0000 -1080.28462 -0.08998
24000.0000 -1080.19464 -0.00000
24000.0000 -1080.21668 -0.01273
24000.0000 -1080.23872 -0.02545
24000.0000 -1080.26076 -0.03818
24000.0000 -1080.28280 -0.05090
24000.0000 -1080.30484 -0.06363
24000.0000 -1080.19464 -0.00000
24000.0000 -1080.21922 -0.00659
24000.0000 -1080.24380 -0.01317
24000.0000 -1080.26839 -0.01976
24000.0000 -1080.29297 -0.02635
24000.0000 -1080.31755 -0.03293
24457.1429 -1083.83521 0.00000
24457.1429 -1083.86066 0.00000
24457.1429 -1083.88611 0.00000
24457.1429 -1083.91156 0.00000
24457.1429 -1083.93701 0.00000
24457.1429 -1083.96246 0.00000
24457.1429 -1083.83521 0.00000
24457.1429 -1083.85979 0.00659
24457.1429 -1083.88437 0.01317
24457.1429 -1083.90896 0.01976
24457.1429 -1083.93354 0.02635
24457.1429 -1083.95812 0.03293
24457.1429 -1083.83521 0.00000
24457.1429 -1083.85725 0.01272
24457.1429 -1083.87929 0.02545
24457.1429 -1083.90133 0.03818
24457.1429 -1083.92337 0.05090
24457.1429 -1083.94541 0.06362
24457.1429 -1083.83521 0.00000
24457.1429 -1083.85320 0.01800
24457.1429 -1083.87120 0.03599
24457.1429 -1083.88920 0.05399
24457.1429 -1083.90719 0.07198
24457.1429 -1083.92519 0.08998
24457.1429 -1083.83521 0.00000
24457.1429 -1083.84793 0.02204
24457.1429 -1083.86066 0.04408
24457.1429 -1083.87338 0.06612
24457.1429 -1083.88611 0.08816
24457.1429 -1083.89883 0.11020
24457.1429 -1083.83521 0.00000
24457.1429 -1083.84179 0.02458
24457.1429 -1083.84838 0.04917
24457.1429 -1083.85497 0.07375
24457.1429 -1083.86156 0.09833
24457.1429 -1083.86814 0.12291
24457.1429 -1083.83521 0.00000
24457.1429 -1083.83521 0.02545
24457.1429 -1083.83521 0.05090
24457.1429 -1083.83521 0.07635
24457.1429 -1083.83521 0.10180
24457.1429 -1083.83521 0.12725
24457.1429 -1083.83521 0.00000
24457.1429 -1083.82862 0.02458
24457.1429 -1083.82203 0.04917
24457.1429 -1083.81545 0.07375
24457.1429 -1083.80886 0.09833
24457.1429 -1083.80227 0.12291
24457.1429 -1083.83521 0.00000
24457.1429 -1083.82248 0.02204
24457.1429 -1083.80976 0.04408
24457.1429 -1083.79703 0.06612
24457.1429 -1083.78431 0.08816
24457.1429 -1083.77158 0.11020
24457.1429 -1083.83521 0.00000
24457.1429 -1083.81721 0.01800
24457.1429 -1083.79922 0.03599
24457.1429 -1083.78122 0.05399
24457.1429 -1083.76322 0.07198
24457.1429 -1083.74523 0.08998
24457.1429 -1083.83521 0.00000
24457.1429 -1083.81317 0.01273
24457.1429 -1083.79113 0.02545
24457.1429 -1083.76909 0.03818
24457.1429 -1083.74705 0.05090
24457.1429 -1083.72501 0.06363
24457.1429 -1083.83521 0.00000
24457.1429 -1083.81062 0.00659
24457.1429 -1083.78604 0.01317
24457.1429 -1083.76146 0.01976
24457.1429 -1083.73688 0.02635
24457.1429 -1083.71229 0.03293
24457.1429 -1083.83521 0.00000
24457.1429 -1083.80976 0.00000
24457.1429 -1083.78431 0.00000
24457.1429 -1083.75886 0.00000
24457.1429 -1083.73341 0.00000
24457.1429 -1083.70796 0.00000
24457.1429 -1083.83521 -0.00000
24457.1429 -1083.81062 -0.00659
24457.1429 -1083.78604 -0.01317
24457.1429 -1083.76146 -0.01976
24457.1429 -1083.73688 -0.02635
24457.1429 -1083.71229 -0.03293
24457.1429 -1083.83521 -0.00000
24457.1429 -1083.81317 -0.01272
24457.1429 -1083.79113 -0.02545
24457.1429 -1083.76909 -0.03817
24457.1429 -1083.74705 -0.05090
24457.1429 -1083.72501 -0.06362
24457.1429 -1083.83521 -0.00000
24457.1429 -1083.81721 -0.01800
24457.1429 -1083.79922 -0.03599
24457.1429 -1083.78122 -0.05399
24457.1429 -1083.76322 -0.07198
24457.1429 -1083.74523 -0.08998
24457.1429 -1083.83521 -0.00000
24457.1429 -1083.82248 -0.02204
24457.1429 -1083.80976 -0.04408
24457.1429 -1083.79703 -0.06612
24457.1429 -1083.78431 -0.08816
24457.1429 -1083.77158 -0.11020
24457.1429 -1083.83521 -0.00000
24457.1429 -1083.82862 -0.02458
24457.1429 -1083.82203 -0.04917
24457.1429 -1083.81545 -0.07375
24457.1429 -1083.80886 -0.09833
24457.1429 -1083.80227 -0.12291
24457.1429 -1083.83521 -0.00000
24457.1429 -1083.83521 -0.02545
24457.1429 -1083.83521 -0.05090
24457.1429 -1083.83521 -0.07635
24457.1429 -1083.83521 -0.10180
24457.1429 -1083.83521 -0.12725
24457.1429 -1083.83521 -0.00000
24457.1429 -1083.84179 -0.02458
24457.1429 -1083.84838 -0.04917
24457.1429 -1083.85497 -0.07375
24457.1429 -1083.86156 -0.09833
24457.1429 -1083.86814 -0.12291
24457.1429 -1083.83521 -0.00000
24457.1429 -1083.84793 -0.02204
24457.1429 -1083.86066 -0.04408
24457.1429 -1083.87338 -0.06612
24457.1429 -1083.88611 -0.08816
24457.1429 -1083.89883 -0.11020
24457.1429 -1083.83521 -0.00000
24457.1429 -1083.85320 -0.01800
24457.1429 -1083.87120 -0.03599
24457.1429 -1083.88920 -0.05399
24457.1429 -1083.90719 -0.07198
24457.1429 -1083.92519 -0.08998
24457.1429 -1083.83521 -0.00000
24457.1429 -1083.85725 -0.01273
24457.1429 -1083.87929 -0.02545
24457.1429 -1083.90133 -0.03818
24457.1429 -1083.92337 -0.05090
24457.1429 -1083.94541 -0.06363
24457.1429 -1083.83521 -0.00000
24457.1429 -1083.85979 -0.00659
24457.1429 -1083.88437 -0.01317
24457.1429 -1083.90896 -0.01976
24457.1429 -1083.93354 -0.02635
24457.1429 -1083.95812 -0.03293
24914.2857 -1073.80708 0.00000
24914.2857 -1073.83253 0.00000
24914.2857 -1073.85798 0.00000
24914.2857 -1073.88343 0.00000
24914.2857 -1073.90888 0.00000
24914.2857 -1073.93433 0.00000
24914.2857 -1073.80708 0.00000
24914.2857 -1073.83167 0.00659
24914.2857 -1073.85625 0.01317
24914.2857 -1073.88083 0.01976
24914.2857 -1073.90542 0.02635
24914.2857 -1073.93000 0.03293
24914.2857 -1073.80708 0.00000
24914.2857 -1073.82912 0.01272
24914.2857 -1073.85117 0.02545
24914.2857 -1073.87321 0.03818
24914.2857 -1073.89525 0.05090
24914.2857 -1073.91729 0.06362
24914.2857 -1073.80708 0.00000
24914.2857 -1073.82508 0.01800
24914.2857 -1073.84308 0.03599
24914.2857 -1073.86107 0.05399
24914.2857 -1073.87907 0.07198
24914.2857 -1073.89706 0.08998
24914.2857 -1073.80708 0.00000
24914.2857 -1073.81981 0.02204
24914.2857 -1073.83253 0.04408
24914.2857 -1073.84526 0.06612
24914.2857 -1073.85798 0.08816
24914.2857 -1073.87071 0.11020
24914.2857 -1073.80708 0.00000
24914.2857 -1073.81367 0.02458
24914.2857 -1073.82026 0.04917
24914.2857 -1073.82685 0.07375
24914.2857 -1073.83343 0.09833
24914.2857 -1073.84002 0.12291
24914.2857 -1073.80708 0.00000
24914.2857 -1073.80708 0.02545
24914.2857 -1073.80708 0.05090
24914.2857 -1073.80708 0.07635
24914.2857 -1073.80708 0.10180
24914.2857 -1073.80708 0.12725
24914.2857 -1073.80708 0.00000
24914.2857 -1073.80050 0.02458
24914.2857 -1073.79391 0.04917
24914.2857 -1073.78732 0.07375
24914.2857 -1073.78074 0.09833
24914.2857 -1073.77415 0.12291
24914.2857 -1073.80708 0.00000
24914.2857 -1073.79436 0.02204
24914.2857 -1073.78163 0.04408
24914.2857 -1073.76891 0.06612
24914.2857 -1073.75618 0.08816
24914.2857 -1073.74346 0.11020
24914.2857 -1073.80708 0.00000
24914.2857 -1073.78909 0.01800
24914.2857 -1073.77109 0.03599
24914.2857 -1073.75310 0.05399
24914.2857 -1073.73510 0.07198
24914.2857 -1073.71711 0.08998
24914.2857 -1073.80708 0.00000
24914.2857 -1073.78504 0.01273
24914.2857 -1073.76300 0.02545
24914.2857 -1073.74096 0.03818
24914.2857 -1073.71892 0.05090
24914.2857 -1073.69688 0.06363
24914.2857 -1073.80708 0.00000
24914.2857 -1073.78250 0.00659
24914.2857 -1073.75792 0.01317
24914.2857 -1073.73334 0.01976
24914.2857 -1073.70875 0.02635
24914.2857 -1073.68417 0.03293
24914.2857 -1073.80708 0.00000
24914.2857 -1073.78163 0.00000
24914.2857 -1073.75618 0.00000
24914.2857 -1073.73073 0.00000
24914.2857 -1073.70528 0.00000
24914.2857 -1073.67983 0.00000
24914.2857 -1073.80708 -0.00000
24914.2857 -1073.78250 -0.00659
24914.2857 -1073.75792 -0.01317
24914.2857 -1073.73334 -0.01976
24914.2857 -1073.70875 -0.02635
24914.2857 -1073.68417 -0.03293
24914.2857 -1073.80708 -0.00000
24914.2857 -1073.78504 -0.01272
24914.2857 -1073.76300 -0.02545
24914.2857 -1073.74096 -0.03817
24914.2857 -1073.71892 -0.05090
24914.2857 -1073.69688 -0.06362
24914.2857 -1073.80708 -0.00000
24914.2857 -1073.78909 -0.01800
24914.2857 -1073.77109 -0.03599
24914.2857 -1073.75310 -0.05399
24914.2857 -1073.73510 -0.07198
24914.2857 -1073.71711 -0.08998
24914.2857 -1073.80708 -0.00000
24914.2857 -1073.79436 -0.02204
24914.2857 -1073.78163 -0.04408
24914.2857 -1073.76891 -0.06612
24914.2857 -1073.75618 -0.08816
24914.2857 -1073.74346 -0.11020
24914.2857 -1073.80708 -0.00000
24914.2857 -1073.80050 -0.02458
24914.2857 -1073.79391 -0.04917
24914.2857 -1073.78732 -0.07375
24914.2857 -1073.78074 -0.09833
24914.2857 -1073.77415 -0.12291
24914.2857 -1073.80708 -0.00000
24914.2857 -1073.80708 -0.02545
24914.2857 -1073.80708 -0.05090
24914.2857 -1073.80708 -0.07635
24914.2857 -1073.80708 -0.10180
24914.2857 -1073.80708 -0.12725
24914.2857 -1073.80708 -0.00000
24914.2857 -1073.81367 -0.02458
24914.2857 -1073.82026 -0.04917
24914.2857 -1073.82685 -0.07375
24914.2857 -1073.83343 -0.09833
24914.2857 -1073.84002 -0.12291
24914.2857 -1073.80708 -0.00000
24914.2857 -1073.81981 -0.02204
24914.2857 -1073.83253 -0.04408
24914.2857 -1073.84526 -0.06612
24914.2857 -1073.85798 -0.08816
24914.2857 -1073.87071 -0.11020
24914.2857 -1073.80708 -0.00000
24914.2857 -1073.82508 -0.01800
24914.2857 -1073.84308 -0.03599
24914.2857 -1073.86107 -0.05399
24914.2857 -1073.87907 -0.07198
24914.2857 -1073.89706 -0.08998
24914.2857 -1073.80708 -0.00000
24914.2857 -1073.82912 -0.01273
24914.2857 -1073.85117 -0.02545
24914.2857 -1073.87321 -0.03818
24914.2857 -1073.89525 -0.05090
24914.2857 -1073.91729 -0.06363
24914.2857 -1073.80708 -0.00000
24914.2857 -1073.83167 -0.00659
24914.2857 -1073.85625 -0.01317
24914.2857 -1073.88083 -0.01976
24914.2857 -1073.90542 -0.02635
24914.2857 -1073.93000 -0.03293
25828.5714 -1024.78370 0.00000
25828.5714 -1024.80915 0.00000
25828.5714 -1024.83460 0.00000
25828.5714 -1024.86005 0.00000
25828.5714 -1024.88550 0.00000
25828.5714 -1024.91095 0.00000
25828.5714 -1024.78370 0.00000
25828.5714 -1024.80829 0.00659
25828.5714 -1024.83287 0.01317
25828.5714 -1024.85745 0.01976
25828.5714 -1024.88204 0.02635
25828.5714 -1024.90662 0.03293
25828.5714 -1024.78370 0.00000
25828.5714 -1024.80575 0.01272
25828.5714 -1024.82779 0.02545
25828.5714 -1024.84983 0.03818
25828.5714 -1024.87187 0.05090
25828.5714 -1024.89391 0.06362
25828.5714 -1024.78370 0.00000
25828.5714 -1024.80170 0.01800
25828.5714 -1024.81970 0.03599
25828.5714 -1024.83769 0.05399
25828.5714 -1024.85569 0.07198
25828.5714 -1024.87368 0.08998
25828.5714 -1024.78370 0.00000
25828.5714 -1024.79643 0.02204
25828.5714 -1024.80915 0.04408
25828.5714 -1024.82188 0.06612
25828.5714 -1024.83460 0.08816
25828.5714 -1024.84733 0.11020
25828.5714 -1024.78370 0.00000
25828.5714 -1024.79029 0.02458
25828.5714 -1024.79688 0.04917
25828.5714 -1024.80347 0.07375
25828.5714 -1024.81005 0.09833
25828.5714 -1024.81664 0.12291
25828.5714 -1024.78370 0.00000
25828.5714 -1024.78370 0.02545
25828.5714 -1024.78370 0.05090
25828.5714 -1024.78370 0.07635
25828.5714 -1024.78370 0.10180
25828.5714 -1024.78370 0.12725
25828.5714 -1024.78370 0.00000
25828.5714 -1024.77712 0.02458
25828.5714 -1024.77053 0.04917
25828.5714 -1024.76394 0.07375
25828.5714 -1024.75736 0.09833
25828.5714 -1024.75077 0.12291
25828.5714 -1024.78370 0.00000
25828.5714 -1024.77098 0.02204
25828.5714 -1024.75825 0.04408
25828.5714 -1024.74553 0.06612
25828.5714 -1024.73280 0.08816
25828.5714 -1024.72008 0.11020
25828.5714 -1024.78370 0.00000
25828.5714 -1024.76571 0.01800
25828.5714 -1024.74771 0.03599
25828.5714 -1024.72972 0.05399
25828.5714 -1024.71172 0.07198
25828.5714 -1024.69373 0.08998
25828.5714 -1024.78370 0.00000
25828.5714 -1024.76166 0.01273
25828.5714 -1024.73962 0.02545
25828.5714 -1024.71758 0.03818
25828.5714 -1024.69554 0.05090
25828.5714 -1024.67350 0.06363
25828.5714 -1024.78370 0.00000
25828.5714 -1024.75912 0.00659
25828.5714 -1024.73454 0.01317
25828.5714 -1024.70996 0.01976
25828.5714 -1024.68537 0.02635
25828.5714 -1024.66079 0.03293
25828.5714 -1024.78370 0.00000
25828.5714 -1024.75825 0.00000
25828.5714 -1024.73280 0.00000
25828.5714 -1024.70735 0.00000
25828.5714 -1024.68190 0.00000
25828.5714 -1024.65645 0.00000
25828.5714 -1024.78370 -0.00000
25828.5714 -1024.75912 -0.00659
25828.5714 -1024.73454 -0.01317
25828.5714 -1024.70996 -0.01976
25828.5714 -1024.68537 -0.02635
25828.5714 -1024.66079 -0.03293
25828.5714 -1024.78370 -0.00000
25828.5714 -1024.76166 -0.01272
25828.5714 -1024.73962 -0.02545
25828.5714 -1024.71758 -0.03817
25828.5714 -1024.69554 -0.05090
25828.5714 -1024.67350 -0.06362
25828.5714 -1024.78370 -0.00000
25828.5714 -1024.76571 -0.01800
25828.5714 -1024.74771 -0.03599
25828.5714 -1024.72972 -0.05399
25828.5714 -1024.71172 -0.07198
25828.5714 -1024.69373 -0.08998
25828.5714 -1024.78370 -0.00000
25828.5714 -1024.77098 -0.02204
25828.5714 -1024.75825 -0.04408
25828.5714 -1024.74553 -0.06612
25828.5714 -1024.73280 -0.08816
25828.5714 -1024.72008 -0.11020
25828.5714 -1024.78370 -0.00000
25828.5714 -1024.77712 -0.02458
25828.5714 -1024.77053 -0.04917
25828.5714 -1024.76394 -0.07375
25828.5714 -1024.75736 -0.09833
25828.5714 -1024.75077 -0.12291
25828.5714 -1024.78370 -0.00000
25828.5714 -1024.78370 -0.02545
25828.5714 -1024.78370 -0.05090
25828.5714 -1024.78370 -0.07635
25828.5714 -1024.78370 -0.10180
25828.5714 -1024.78370 -0.12725
25828.5714 -1024.78370 -0.00000
25828.5714 -1024.79029 -0.02458
25828.5714 -1024.79688 -0.04917
25828.5714 -1024.80347 -0.07375
25828.5714 -1024.81005 -0.09833
25828.5714 -1024.81664 -0.12291
25828.5714 -1024.78370 -0.00000
25828.5714 -1024.79643 -0.02204
25828.5714 -1024.80915 -0.04408
25828.5714 -1024.82188 -0.06612
25828.5714 -1024.83460 -0.08816
25828.5714 -1024.84733 -0.11020
25828.5714 -1024.78370 -0.00000
25828.5714 -1024.80170 -0.01800
25828.5714 -1024.81970 -0.03599
25828.5714 -1024.83769 -0.05399
25828.5714 -1024.85569 -0.07198
25828.5714 -1024.87368 -0.08998
25828.5714 -1024.78370 -0.00000
25828.5714 -1024.80575 -0.01273
25828.5714 -1024.82779 -0.02545
25828.5714 -1024.84983 -0.03818
25828.5714 -1024.87187 -0.05090
25828.5714 -1024.89391 -0.06363
25828.5714 -1024.78370 -0.00000
25828.5714 -1024.80829 -0.00659
25828.5714 -1024.83287 -0.01317
25828.5714 -1024.85745 -0.01976
25828.5714 -1024.88204 -0.02635
25828.5714 -1024.90662 -0.03293
26285.7143 -1007.89476 0.00000
26285.7143 -1007.92021 0.00000
26285.7143 -1007.94566 0.00000
26285.7143 -1007.97111 0.00000
26285.7143 -1007.99656 0.00000
26285.7143 -1008.02201 0.00000
26285.7143 -1007.89476 0.00000
26285.7143 -1007.91934 0.00659
26285.7143 -1007.94392 0.01317
26285.7143 -1007.96850 0.01976
26285.7143 -1007.99309 0.02635
26285.7143 -1008.01767 0.03293
26285.7143 -1007.89476 0.00000
26285.7143 -1007.91680 0.01272
26285.7143 -1007.93884 0.02545
26285.7143 -1007.96088 0.03818
26285.7143 -1007.98292 0.05090
26285.7143 -1008.00496 0.06362
26285.7143 -1007.89476 0.00000
26285.7143 -1007.91275 0.01800
26285.7143 -1007.93075 0.03599
26285.7143 -1007.94874 0.05399
26285.7143 -1007.96674 0.07198
26285.7143 -1007.98473 0.08998
26285.7143 -1007.89476 0.00000
26285.7143 -1007.90748 0.02204
26285.7143 -1007.92021 0.04408
26285.7143 -1007.93293 0.06612
26285.7143 -1007.94566 0.08816
26285.7143 -1007.95838 0.11020
26285.7143 -1007.89476 0.00000
26285.7143 -1007.90134 0.02458
26285.7143 -1007.90793 0.04917
26285.7143 -1007.91452 0.07375
26285.7143 -1007.92110 0.09833
26285.7143 -1007.92769 0.12291
26285.7143 -1007.89476 0.00000
26285.7143 -1007.89476 0.02545
26285.7143 -1007.89476 0.05090
26285.7143 -1007.89476 0.07635
26285.7143 -1007.89476 0.10180
26285.7143 -1007.89476 0.12725
26285.7143 -1007.89476 0.00000
26285.7143 -1007.88817 0.02458
26285.7143 -1007.88158 0.04917
26285.7143 -1007.87499 0.07375
26285.7143 -1007.86841 0.09833
26285.7143 -1007.86182 0.12291
26285.7143 -1007.89476 0.00000
26285.7143 -1007.88203 0.02204
26285.7143 -1007.86931 0.04408
26285.7143 -1007.85658 0.06612
26285.7143 -1007.84386 0.08816
26285.7143 -1007.83113 0.11020
26285.7143 -1007.89476 0.00000
26285.7143 -1007.87676 0.01800
26285.7143 -1007.85876 0.03599
26285.7143 -1007.84077 0.05399
26285.7143 -1007.82277 0.07198
26285.7143 -1007.80478 0.08998
26285.7143 -1007.89476 0.00000
26285.7143 -1007.87271 0.01273
26285.7143 -1007.85067 0.02545
26285.7143 -1007.82863 0.03818
26285.7143 -1007.80659 0.05090
26285.7143 -1007.78455 0.06363
26285.7143 -1007.89476 0.00000
26285.7143 -1007.87017 0.00659
26285.7143 -1007.84559 0.01317
26285.7143 -1007.82101 0.01976
26285.7143 -1007.79642 0.02635
26285.7143 -1007.77184 0.03293
26285.7143 -1007.89476 0.00000
26285.7143 -1007.86931 0.00000
26285.7143 -1007.84386 0.00000
26285.7143 -1007.81841 0.00000
26285.7143 -1007.79296 0.00000
26285.7143 -1007.76751 0.00000
26285.7143 -1007.89476 -0.00000
26285.7143 -1007.87017 -0.00659
26285.7143 -1007.84559 -0.01317
26285.7143 -1007.82101 -0.01976
26285.7143 -1007.79642 -0.02635
26285.7143 -1007.77184 -0.03293
26285.7143 -1007.89476 -0.00000
26285.7143 -1007.87271 -0.01272
26285.7143 -1007.85067 -0.02545
26285.7143 -1007.82863 -0.03817
26285.7143 -1007.80659 -0.05090
26285.7143 -1007.78455 -0.06362
26285.7143 -1007.89476 -0.00000
26285.7143 -1007.87676 -0.01800
26285.7143 -1007.85876 -0.03599
26285.7143 -1007.84077 -0.05399
26285.7143 -1007.82277 -0.07198
26285.7143 -1007.80478 -0.08998
26285.7143 -1007.89476 -0.00000
26285.7143 -1007.88203 -0.02204
26285.7143 -1007.86931 -0.04408
26285.7143 -1007.85658 -0.06612
26285.7143 -1007.84386 -0.08816
26285.7143 -1007.83113 -0.11020
26285.7143 -1007.89476 -0.00000
26285.7143 -1007.88817 -0.02458
26285.7143 -1007.88158 -0.04917
26285.7143 -1007.87499 -0.07375
26285.7143 -1007.86841 -0.09833
26285.7143 -1007.86182 -0.12291
26285.7143 -1007.89476 -0.00000
26285.7143 -1007.89476 -0.02545
26285.7143 -1007.89476 -0.05090
26285.7143 -1007.89476 -0.07635
26285.7143 -1007.89476 -0.10180
26285.7143 -1007.89476 -0.12725
26285.7143 -1007.89476 -0.00000
26285.7143 -1007.90134 -0.02458
26285.7143 -1007.90793 -0.04917
26285.7143 -1007.91452 -0.07375
26285.7143 -1007.92110 -0.09833
26285.7143 -1007.92769 -0.12291
26285.7143 -1007.89476 -0.00000
26285.7143 -1007.90748 -0.02204
26285.7143 -1007.92021 -0.04408
26285.7143 -1007.93293 -0.06612
26285.7143 -1007.94566 -0.08816
26285.7143 -1007.95838 -0.11020
26285.7143 -1007.89476 -0.00000
26285.7143 -1007.91275 -0.01800
26285.7143 -1007.93075 -0.03599
26285.7143 -1007.94874 -0.05399
26285.7143 -1007.96674 -0.07198
26285.7143 -1007.98473 -0.08998
26285.7143 -1007.89476 -0.00000
26285.7143 -1007.91680 -0.01273
26285.7143 -1007.93884 -0.02545
26285.7143 -1007.96088 -0.03818
26285.7143 -1007.98292 -0.05090
26285.7143 -1008.00496 -0.06363
26285.7143 -1007.89476 -0.00000
26285.7143 -1007.91934 -0.00659
26285.7143 -1007.94392 -0.01317
26285.7143 -1007.96850 -0.01976
26285.7143 -1007.99309 -0.02635
26285.7143 -1008.01767 -0.03293
26742.8571 -1007.04122 0.00000
26742.8571 -1007.06667 0.00000
26742.8571 -1007.09212 0.00000
26742.8571 -1007.11757 0.00000
26742.8571 -1007.14302 0.00000
26742.8571 -1007.16847 0.00000
26742.8571 -1007.04122 0.00000
26742.8571 -1007.06580 0.00659
26742.8571 -1007.09038 0.01317
26742.8571 -1007.11497 0.01976
26742.8571 -1007.13955 0.02635
26742.8571 -1007.16413 0.03293
26742.8571 -1007.04122 0.00000
26742.8571 -1007.06326 0.01272
26742.8571 -1007.08530 0.02545
26742.8571 -1007.10734 0.03818
26742.8571 -1007.12938 0.05090
26742.8571 -1007.15142 0.06362
26742.8571 -1007.04122 0.00000
26742.8571 -1007.05921 0.01800
26742.8571 -1007.07721 0.03599
26742.8571 -1007.09521 0.05399
26742.8571 -1007.11320 0.07198
26742.8571 -1007.13120 0.08998
26742.8571 -1007.04122 0.00000
26742.8571 -1007.05394 0.02204
26742.8571 -1007.06667 0.04408
26742.8571 -1007.07939 0.06612
26742.8571 -1007.09212 0.08816
26742.8571 -1007.10484 0.11020
26742.8571 -1007.04122 0.00000
26742.8571 -1007.04781 0.02458
26742.8571 -1007.05439 0.04917
26742.8571 -1007.06098 0.07375
26742.8571 -1007.06757 0.09833
26742.8571 -1007.07415 0.12291
26742.8571 -1007.04122 0.00000
26742.8571 -1007.04122 0.02545
26742.8571 -1007.04122 0.05090
26742.8571 -1007.04122 0.07635
26742.8571 -1007.04122 0.10180
26742.8571 -1007.04122 0.12725
26742.8571 -1007.04122 0.00000
26742.8571 -1007.03463 0.02458
26742.8571 -1007.02804 0.04917
26742.8571 -1007.02146 0.07375
26742.8571 -1007.01487 0.09833
26742.8571 -1007.00828 0.12291
26742.8571 -1007.04122 0.00000
26742.8571 -1007.02849 0.02204
26742.8571 -1007.01577 0.04408
26742.8571 -1007.00304 0.06612
26742.8571 -1006.99032 0.08816
26742.8571 -1006.97759 0.11020
26742.8571 -1007.04122 0.00000
26742.8571 -1007.02322 0.01800
26742.8571 -1007.00523 0.03599
26742.8571 -1006.98723 0.05399
26742.8571 -1006.96923 0.07198
26742.8571 -1006.95124 0.08998
26742.8571 -1007.04122 0.00000
26742.8571 -1007.01918 0.01273
26742.8571 -1006.99714 0.02545
26742.8571 -1006.97510 0.03818
26742.8571 -1006.95306 0.05090
26742.8571 -1006.93102 0.06363
26742.8571 -1007.04122 0.00000
26742.8571 -1007.01664 0.00659
26742.8571 -1006.99205 0.01317
26742.8571 -1006.96747 0.01976
26742.8571 -1006.94289 0.02635
26742.8571 -1006.91830 0.03293
26742.8571 -1007.04122 0.00000
26742.8571 -1007.01577 0.00000
26742.8571 -1006.99032 0.00000
26742.8571 -1006.96487 0.00000
26742.8571 -1006.93942 0.00000
26742.8571 -1006.91397 0.00000
26742.8571 -1007.04122 -0.00000
26742.8571 -1007.01664 -0.00659
26742.8571 -1006.99205 -0.01317
26742.8571 -1006.96747 -0.01976
26742.8571 -1006.94289 -0.02635
26742.8571 -1006.91830 -0.03293
26742.8571 -1007.04122 -0.00000
26742.8571 -1007.01918 -0.01272
26742.8571 -1006.99714 -0.02545
26742.8571 -1006.97510 -0.03817
26742.8571 -1006.95306 -0.05090
26742.8571 -1006.93102 -0.06362
26742.8571 -1007.04122 -0.00000
26742.8571 -1007.02322 -0.01800
26742.8571 -1007.00523 -0.03599
26742.8571 -1006.98723 -0.05399
26742.8571 -1006.96923 -0.07198
26742.8571 -1006.95124 -0.08998
26742.8571 -1007.04122 -0.00000
26742.8571 -1007.02849 -0.02204
26742.8571 -1007.01577 -0.04408
26742.8571 -1007.00304 -0.06612
26742.8571 -1006.99032 -0.08816
26742.8571 -1006.97759 -0.11020
26742.8571 -1007.04122 -0.00000
26742.8571 -1007.03463 -0.02458
26742.8571 -1007.02804 -0.04917
26742.8571 -1007.02146 -0.07375
26742.8571 -1007.01487 -0.09833
26742.8571 -1007.00828 -0.12291
26742.8571 -1007.04122 -0.00000
26742.8571 -1007.04122 -0.02545
26742.8571 -1007.04122 -0.05090
26742.8571 -1007.04122 -0.07635
26742.8571 -1007.04122 -0.10180
26742.8571 -1007.04122 -0.12725
26742.8571 -1007.04122 -0.00000
26742.8571 -1007.04781 -0.02458
26742.8571 -1007.05439 -0.04917
26742.8571 -1007.06098 -0.07375
26742.8571 -1007.06757 -0.09833
26742.8571 -1007.07415 -0.12291
26742.8571 -1007.04122 -0.00000
26742.8571 -1007.05394 -0.02204
26742.8571 -1007.06667 -0.04408
26742.8571 -1007.07939 -0.06612
26742.8571 -1007.09212 -0.08816
26742.8571 -1007.10484 -0.11020
26742.8571 -1007.04122 -0.00000
26742.8571 -1007.05921 -0.01800
26742.8571 -1007.07721 -0.03599
26742.8571 -1007.09521 -0.05399
26742.8571 -1007.11320 -0.07198
26742.8571 -1007.13120 -0.08998
26742.8571 -1007.04122 -0.00000
26742.8571 -1007.06326 -0.01273
26742.8571 -1007.08530 -0.02545
26742.8571 -1007.10734 -0.03818
26742.8571 -1007.12938 -0.05090
26742.8571 -1007.15142 -0.06363
26742.8571 -1007.04122 -0.00000
26742.8571 -1007.06580 -0.00659
26742.8571 -1007.09038 -0.01317
26742.8571 -1007.11497 -0.01976
26742.8571 -1007.13955 -0.02635
26742.8571 -1007.16413 -0.03293
27200.0000 -1019.70485 0.00000
27200.0000 -1019.73030 0.00000
27200.0000 -1019.75575 0.00000
27200.0000 -1019.78120 0.00000
27200.0000 -1019.80665 0.00000
27200.0000 -1019.83210 0.00000
27200.0000 -1019.70485 0.00000
27200.0000 -1019.72943 0.00659
27200.0000 -1019.75401 0.01317
27200.0000 -1019.77859 0.01976
27200.0000 -1019.80318 0.02635
27200.0000 -1019.82776 0.03293
27200.0000 -1019.70485 0.00000
27200.0000 -1019.72689 0.01272
27200.0000 -1019.74893 0.02545
27200.0000 -1019.77097 0.03818
27200.0000 -1019.79301 0.05090
27200.0000 -1019.81505 0.06362
27200.0000 -1019.70485 0.00000
27200.0000 -1019.72284 0.01800
27200.0000 -1019.74084 0.03599
27200.0000 -1019.75883 0.05399
27200.0000 -1019.77683 0.07198
27200.0000 -1019.79482 0.08998
27200.0000 -1019.70485 0.00000
27200.0000 -1019.71757 0.02204
27200.0000 -1019.73030 0.04408
27200.0000 -1019.74302 0.06612
27200.0000 -1019.75575 0.08816
27200.0000 -1019.76847 0.11020
27200.0000 -1019.70485 0.00000
27200.0000 -1019.71143 0.02458
27200.0000 -1019.71802 0.04917
27200.0000 -1019.72461 0.07375
27200.0000 -1019.73119 0.09833
27200.0000 -1019.73778 0.12291
27200.0000 -1019.70485 0.00000
27200.0000 -1019.70485 0.02545
27200.0000 -1019.70485 0.05090
27200.0000 -1019.70485 0.07635
27200.0000 -1019.70485 0.10180
27200.0000 -1019.70485 0.12725
27200.0000 -1019.70485 0.00000
27200.0000 -1019.69826 0.02458
27200.0000 -1019.69167 0.04917
27200.0000 -1019.68508 0.07375
27200.0000 -1019.67850 0.09833
27200.0000 -1019.67191 0.12291
27200.0000 -1019.70485 0.00000
27200.0000 -1019.69212 0.02204
27200.0000 -1019.67940 0.04408
27200.0000 -1019.66667 0.06612
27200.0000 -1019.65395 0.08816
27200.0000 -1019.64122 0.11020
27200.0000 -1019.70485 0.00000
27200.0000 -1019.68685 0.01800
27200.0000 -1019.66885 0.03599
27200.0000 -1019.65086 0.05399
27200.0000 -1019.63286 0.07198
27200.0000 -1019.61487 0.08998
27200.0000 -1019.70485 0.00000
27200.0000 -1019.68281 0.01273
27200.0000 -1019.66076 0.02545
27200.0000 -1019.63872 0.03818
27200.0000 -1019.61668 0.05090
27200.0000 -1019.59464 0.06363
27200.0000 -1019.70485 0.00000
27200.0000 -1019.68026 0.00659
27200.0000 -1019.65568 0.01317
27200.0000 -1019.63110 0.01976
27200.0000 -1019.60651 0.02635
27200.0000 -1019.58193 0.03293
27200.0000 -1019.70485 0.00000
27200.0000 -1019.67940 0.00000
27200.0000 -1019.65395 0.00000
27200.0000 -1019.62850 0.00000
27200.0000 -1019.60305 0.00000
27200.0000 -1019.57760 0.00000
27200.0000 -1019.70485 -0.00000
27200.0000 -1019.68026 -0.00659
27200.0000 -1019.65568 -0.01317
27200.0000 -1019.63110 -0.01976
27200.0000 -1019.60651 -0.02635
27200.0000 -1019.58193 -0.03293
27200.0000 -1019.70485 -0.00000
27200.0000 -1019.68281 -0.01272
27200.0000 -1019.66076 -0.02545
27200.0000 -1019.63872 -0.03817
27200.0000 -1019.61668 -0.05090
27200.0000 -1019.59464 -0.06362
27200.0000 -1019.70485 -0.00000
27200.0000 -1019.68685 -0.01800
27200.0000 -1019.66885 -0.03599
27200.0000 -1019.65086 -0.05399
27200.0000 -1019.63286 -0.07198
27200.0000 -1019.61487 -0.08998
27200.0000 -1019.70485 -0.00000
27200.0000 -1019.69212 -0.02204
27200.0000 -1019.67940 -0.04408
27200.0000 -1019.66667 -0.06612
27200.0000 -1019.65395 -0.08816
27200.0000 -1019.64122 -0.11020
27200.0000 -1019.70485 -0.00000
27200.0000 -1019.69826 -0.02458
27200.0000 -1019.69167 -0.04917
27200.0000 -1019.68508 -0.07375
27200.0000 -1019.67850 -0.09833
27200.0000 -1019.67191 -0.12291
27200.0000 -1019.70485 -0.00000
27200.0000 -1019.70485 -0.02545
27200.0000 -1019.70485 -0.05090
27200.0000 -1019.70485 -0.07635
27200.0000 -1019.70485 -0.10180
27200.0000 -1019.70485 -0.12725
27200.0000 -1019.70485 -0.00000
27200.0000 -1019.71143 -0.02458
27200.0000 -1019.71802 -0.04917
27200.0000 -1019.72461 -0.07375
27200.0000 -1019.73119 -0.09833
27200.0000 -1019.73778 -0.12291
27200.0000 -1019.70485 -0.00000
27200.0000 -1019.71757 -0.02204
27200.0000 -1019.73030 -0.04408
27200.0000 -1019.74302 -0.06612
27200.0000 -1019.75575 -0.08816
27200.0000 -1019.76847 -0.11020
27200.0000 -1019.70485 -0.00000
27200.0000 -1019.72284 -0.01800
27200.0000 -1019.74084 -0.03599
27200.0000 -1019.75883 -0.05399
27200.0000 -1019.77683 -0.07198
27200.0000 -1019.79482 -0.08998
27200.0000 -1019.70485 -0.00000
27200.0000 -1019.72689 -0.01273
27200.0000 -1019.74893 -0.02545
27200.0000 -1019.77097 -0.03818
27200.0000 -1019.79301 -0.05090
27200.0000 -1019.81505 -0.06363
27200.0000 -1019.70485 -0.00000
27200.0000 -1019.72943 -0.00659
27200.0000 -1019.75401 -0.01317
27200.0000 -1019.77859 -0.01976
27200.0000 -1019.80318 -0.02635
27200.0000 -1019.82776 -0.03293
27657.1429 -1037.06644 0.00000
27657.1429 -1037.09189 0.00000
27657.1429 -1037.11734 0.00000
27657.1429 -1037.14279 0.00000
27657.1429 -1037.16824 0.00000
27657.1429 -1037.19369 0.00000
27657.1429 -1037.06644 0.00000
27657.1429 -1037.09103 0.00659
27657.1429 -1037.11561 0.01317
27657.1429 -1037.14019 0.01976
27657.1429 -1037.16478 0.02635
27657.1429 -1037.18936 0.03293
27657.1429 -1037.06644 0.00000
27657.1429 -1037.08848 0.01272
27657.1429 -1037.11052 0.02545
27657.1429 -1037.13257 0.03818
27657.1429 -1037.15461 0.05090
27657.1429 -1037.17665 0.06362
27657.1429 -1037.06644 0.00000
27657.1429 -1037.08444 0.01800
27657.1429 -1037.10244 0.03599
27657.1429 -1037.12043 0.05399
27657.1429 -1037.13843 0.07198
27657.1429 -1037.15642 0.08998
27657.1429 -1037.06644 0.00000
27657.1429 -1037.07917 0.02204
27657.1429 -1037.09189 0.04408
27657.1429 -1037.10462 0.06612
27657.1429 -1037.11734 0.08816
27657.1429 -1037.13007 0.11020
27657.1429 -1037.06644 0.00000
27657.1429 -1037.07303 0.02458
27657.1429 -1037.07962 0.04917
27657.1429 -1037.08620 0.07375
27657.1429 -1037.09279 0.09833
27657.1429 -1037.09938 0.12291
27657.1429 -1037.06644 0.00000
27657.1429 -1037.06644 0.02545
27657.1429 -1037.06644 0.05090
27657.1429 -1037.06644 0.07635
27657.1429 -1037.06644 0.10180
27657.1429 -1037.06644 0.12725
27657.1429 -1037.06644 0.00000
27657.1429 -1037.05986 0.02458
27657.1429 -1037.05327 0.04917
27657.1429 -1037.04668 0.07375
27657.1429 -1037.04010 0.09833
27657.1429 -1037.03351 0.12291
27657.1429 -1037.06644 0.00000
27657.1429 -1037.05372 0.02204
27657.1429 -1037.04099 0.04408
27657.1429 -1037.02827 0.06612
27657.1429 -1037.01554 0.08816
27657.1429 -1037.00282 0.11020
27657.1429 -1037.06644 0.00000
27657.1429 -1037.04845 0.01800
27657.1429 -1037.03045 0.03599
27657.1429 -1037.01246 0.05399
27657.1429 -1036.99446 0.07198
27657.1429 -1036.97646 0.08998
27657.1429 -1037.06644 0.00000
27657.1429 -1037.04440 0.01273
27657.1429 -1037.02236 0.02545
27657.1429 -1037.00032 0.03818
27657.1429 -1036.97828 0.05090
27657.1429 -1036.95624 0.06363
27657.1429 -1037.06644 0.00000
27657.1429 -1037.04186 0.00659
27657.1429 -1037.01728 0.01317
27657.1429 -1036.99270 0.01976
27657.1429 -1036.96811 0.02635
27657.1429 -1036.94353 0.03293
27657.1429 -1037.06644 0.00000
27657.1429 -1037.04099 0.00000
27657.1429 -1037.01554 0.00000
27657.1429 -1036.99009 0.00000
27657.1429 -1036.96464 0.00000
27657.1429 -1036.93919 0.00000
27657.1429 -1037.06644 -0.00000
27657.1429 -1037.04186 -0.00659
27657.1429 -1037.01728 -0.01317
27657.1429 -1036.99270 -0.01976
27657.1429 -1036.96811 -0.02635
27657.1429 -1036.94353 -0.03293
27657.1429 -1037.06644 -0.00000
27657.1429 -1037.04440 -0.01272
27657.1429 -1037.02236 -0.02545
27657.1429 -1037.00032 -0.03817
27657.1429 -1036.97828 -0.05090
27657.1429 -1036.95624 -0.06362
27657.1429 -1037.06644 -0.00000
27657.1429 -1037.04845 -0.01800
27657.1429 -1037.03045 -0.03599
27657.1429 -1037.01246 -0.05399
27657.1429 -1036.99446 -0.07198
27657.1429 -1036.97646 -0.08998
27657.1429 -1037.06644 -0.00000
27657.1429 -1037.05372 -0.02204
27657.1429 -1037.04099 -0.04408
27657.1429 -1037.02827 -0.06612
27657.1429 -1037.01554 -0.08816
27657.1429 -1037.00282 -0.11020
27657.1429 -1037.06644 -0.00000
27657.1429 -1037.05986 -0.02458
27657.1429 -1037.05327 -0.04917
27657.1429 -1037.04668 -0.07375
27657.1429 -1037.04010 -0.09833
27657.1429 -1037.03351 -0.12291
27657.1429 -1037.06644 -0.00000
27657.1429 -1037.06644 -0.02545
27657.1429 -1037.06644 -0.05090
27657.1429 -1037.06644 -0.07635
27657.1429 -1037.06644 -0.10180
27657.1429 -1037.06644 -0.12725
27657.1429 -1037.06644 -0.00000
27657.1429 -1037.07303 -0.02458
27657.1429 -1037.07962 -0.04917
27657.1429 -1037.08620 -0.07375
27657.1429 -1037.09279 -0.09833
27657.1429 -1037.09938 -0.12291
27657.1429 -1037.06644 -0.00000
27657.1429 -1037.07917 -0.02204
27657.1429 -1037.09189 -0.04408
27657.1429 -1037.10462 -0.06612
27657.1429 -1037.11734 -0.08816
27657.1429 -1037.13007 -0.11020
27657.1429 -1037.06644 -0.00000
27657.1429 -1037.08444 -0.01800
27657.1429 -1037.10244 -0.03599
27657.1429 -1037.12043 -0.05399
27657.1429 -1037.13843 -0.07198
27657.1429 -1037.15642 -0.08998
27657.1429 -1037.06644 -0.00000
27657.1429 -1037.08848 -0.01273
27657.1429 -1037.11052 -0.02545
27657.1429 -1037.13257 -0.03818
27657.1429 -1037.15461 -0.05090
27657.1429 -1037.17665 -0.06363
27657.1429 -1037.06644 -0.00000
27657.1429 -1037.09103 -0.00659
27657.1429 -1037.11561 -0.01317
27657.1429 -1037.14019 -0.01976
27657.1429 -1037.16478 -0.02635
27657.1429 -1037.18936 -0.03293
28114.2857 -1051.04941 0.00000
28114.2857 -1051.07486 0.00000
28114.2857 -1051.10031 0.00000
28114.2857 -1051.12576 0.00000
28114.2857 -1051.15121 0.00000
28114.2857 -1051.17666 0.00000
28114.2857 -1051.04941 0.00000
28114.2857 -1051.07400 0.00659
28114.2857 -1051.09858 0.01317
28114.2857 -1051.12316 0.01976
28114.2857 -1051.14774 0.02635
28114.2857 -1051.17233 0.03293
28114.2857 -1051.04941 0.00000
28114.2857 -1051.07145 0.01272
28114.2857 -1051.09349 0.02545
28114.2857 -1051.11553 0.03818
28114.2857 -1051.13757 0.05090
28114.2857 -1051.15961 0.06362
28114.2857 -1051.04941 0.00000
28114.2857 -1051.06741 0.01800
28114.2857 -1051.08540 0.03599
28114.2857 -1051.10340 0.05399
28114.2857 -1051.12140 0.07198
28114.2857 -1051.13939 0.08998
28114.2857 -1051.04941 0.00000
28114.2857 -1051.06214 0.02204
28114.2857 -1051.07486 0.04408
28114.2857 -1051.08759 0.06612
28114.2857 -1051.10031 0.08816
28114.2857 -1051.11304 0.11020
28114.2857 -1051.04941 0.00000
28114.2857 -1051.05600 0.02458
28114.2857 -1051.06259 0.04917
28114.2857 -1051.06917 0.07375
28114.2857 -1051.07576 0.09833
28114.2857 -1051.08235 0.12291
28114.2857 -1051.04941 0.00000
28114.2857 -1051.04941 0.02545
28114.2857 -1051.04941 0.05090
28114.2857 -1051.04941 0.07635
28114.2857 -1051.04941 0.10180
28114.2857 -1051.04941 0.12725
28114.2857 -1051.04941 0.00000
28114.2857 -1051.04283 0.02458
28114.2857 -1051.03624 0.04917
28114.2857 -1051.02965 0.07375
28114.2857 -1051.02307 0.09833
28114.2857 -1051.01648 0.12291
28114.2857 -1051.04941 0.00000
28114.2857 -1051.03669 0.02204
28114.2857 -1051.02396 0.04408
28114.2857 -1051.01124 0.06612
28114.2857 -1050.99851 0.08816
28114.2857 -1050.98579 0.11020
28114.2857 -1051.04941 0.00000
28114.2857 -1051.03142 0.01800
28114.2857 -1051.01342 0.03599
28114.2857 -1050.99543 0.05399
28114.2857 -1050.97743 0.07198
28114.2857 -1050.95943 0.08998
28114.2857 -1051.04941 0.00000
28114.2857 -1051.02737 0.01273
28114.2857 -1051.00533 0.02545
28114.2857 -1050.98329 0.03818
28114.2857 -1050.96125 0.05090
28114.2857 -1050.93921 0.06363
28114.2857 -1051.04941 0.00000
28114.2857 -1051.02483 0.00659
28114.2857 -1051.00025 0.01317
28114.2857 -1050.97566 0.01976
28114.2857 -1050.95108 0.02635
28114.2857 -1050.92650 0.03293
28114.2857 -1051.04941 0.00000
28114.2857 -1051.02396 0.00000
28114.2857 -1050.99851 0.00000
28114.2857 -1050.97306 0.00000
28114.2857 -1050.94761 0.00000
28114.2857 -1050.92216 0.00000
28114.2857 -1051.04941 -0.00000
28114.2857 -1051.02483 -0.00659
28114.2857 -1051.00025 -0.01317
28114.2857 -1050.97566 -0.01976
28114.2857 -1050.95108 -0.02635
28114.2857 -1050.92650 -0.03293
28114.2857 -1051.04941 -0.00000
28114.2857 -1051.02737 -0.01272
28114.2857 -1051.00533 -0.02545
28114.2857 -1050.98329 -0.03817
28114.2857 -1050.96125 -0.05090
28114.2857 -1050.93921 -0.06362
28114.2857 -1051.04941 -0.00000
28114.2857 -1051.03142 -0.01800
28114.2857 -1051.01342 -0.03599
28114.2857 -1050.99543 -0.05399
28114.2857 -1050.97743 -0.07198
28114.2857 -1050.95943 -0.08998
28114.2857 -1051.04941 -0.00000
28114.2857 -1051.03669 -0.02204
28114.2857 -1051.02396 -0.04408
28114.2857 -1051.01124 -0.06612
28114.2857 -1050.99851 -0.08816
28114.2857 -1050.98579 -0.11020
28114.2857 -1051.04941 -0.00000
28114.2857 -1051.04283 -0.02458
28114.2857 -1051.03624 -0.04917
28114.2857 -1051.02965 -0.07375
28114.2857 -1051.02307 -0.09833
28114.2857 -1051.01648 -0.12291
28114.2857 -1051.04941 -0.00000
28114.2857 -1051.04941 -0.02545
28114.2857 -1051.04941 -0.05090
28114.2857 -1051.04941 -0.07635
28114.2857 -1051.04941 -0.10180
28114.2857 -1051.04941 -0.12725
28114.2857 -1051.04941 -0.00000
28114.2857 -1051.05600 -0.02458
28114.2857 -1051.06259 -0.04917
28114.2857 -1051.06917 -0.07375
28114.2857 -1051.07576 -0.09833
28114.2857 -1051.08235 -0.12291
28114.2857 -1051.04941 -0.00000
28114.2857 -1051.06214 -0.02204
28114.2857 -1051.07486 -0.04408
28114.2857 -1051.08759 -0.06612
28114.2857 -1051.10031 -0.08816
28114.2857 -1051.11304 -0.11020
28114.2857 -1051.04941 -0.00000
28114.2857 -1051.06741 -0.01800
28114.2857 -1051.08540 -0.03599
28114.2857 -1051.10340 -0.05399
28114.2857 -1051.12140 -0.07198
28114.2857 -1051.13939 -0.08998
28114.2857 -1051.04941 -0.00000
28114.2857 -1051.07145 -0.01273
28114.2857 -1051.09349 -0.02545
28114.2857 -1051.11553 -0.03818
28114.2857 -1051.13757 -0.05090
28114.2857 -1051.15961 -0.06363
28114.2857 -1051.04941 -0.00000
28114.2857 -1051.07400 -0.00659
28114.2857 -1051.09858 -0.01317
28114.2857 -1051.12316 -0.01976
28114.2857 -1051.14774 -0.02635
28114.2857 -1051.17233 -0.03293
29028.5714 -1065.97645 0.00000
29028.5714 -1066.00190 0.00000
29028.5714 -1066.02735 0.00000
29028.5714 -1066.05280 0.00000
29028.5714 -1066.07825 0.00000
29028.5714 -1066.10370 0.00000
29028.5714 -1065.97645 0.00000
29028.5714 -1066.00103 0.00659
29028.5714 -1066.02561 0.01317
29028.5714 -1066.05019 0.01976
29028.5714 -1066.07478 0.02635
29028.5714 -1066.09936 0.03293
29028.5714 -1065.97645 0.00000
29028.5714 -1065.99849 0.01272
29028.5714 -1066.02053 0.02545
29028.5714 -1066.04257 0.03818
29028.5714 -1066.06461 0.05090
29028.5714 -1066.08665 0.06362
29028.5714 -1065.97645 0.00000
29028.5714 -1065.99444 0.01800
29028.5714 -1066.01244 0.03599
29028.5714 -1066.03043 0.05399
29028.5714 -1066.04843 0.07198
29028.5714 -1066.06643 0.08998
29028.5714 -1065.97645 0.00000
29028.5714 -1065.98917 0.02204
29028.5714 -1066.00190 0.04408
29028.5714 -1066.01462 0.06612
29028.5714 -1066.02735 0.08816
29028.5714 -1066.04007 0.11020
29028.5714 -1065.97645 0.00000
29028.5714 -1065.98303 0.02458
29028.5714 -1065.98962 0.04917
29028.5714 -1065.99621 0.07375
29028.5714 -1066.00279 0.09833
29028.5714 -1066.00938 0.12291
29028.5714 -1065.97645 0.00000
29028.5714 -1065.97645 0.02545
29028.5714 -1065.97645 0.05090
29028.5714 -1065.97645 0.07635
29028.5714 -1065.97645 0.10180
29028.5714 -1065.97645 0.12725
29028.5714 -1065.97645 0.00000
29028.5714 -1065.96986 0.02458
29028.5714 -1065.96327 0.04917
29028.5714 -1065.95668 0.07375
29028.5714 -1065.95010 0.09833
29028.5714 -1065.94351 0.12291
29028.5714 -1065.97645 0.00000
29028.5714 -1065.96372 0.02204
29028.5714 -1065.95100 0.04408
29028.5714 -1065.93827 0.06612
29028.5714 -1065.92555 0.08816
29028.5714 -1065.91282 0.11020
29028.5714 -1065.97645 0.00000
29028.5714 -1065.95845 0.01800
29028.5714 -1065.94045 0.03599
29028.5714 -1065.92246 0.05399
29028.5714 -1065.90446 0.07198
29028.5714 -1065.88647 0.08998
29028.5714 -1065.97645 0.00000
29028.5714 -1065.95441 0.01273
29028.5714 -1065.93236 0.02545
29028.5714 -1065.91032 0.03818
29028.5714 -1065.88828 0.05090
29028.5714 -1065.86624 0.06363
29028.5714 -1065.97645 0.00000
29028.5714 -1065.95186 0.00659
29028.5714 -1065.92728 0.01317
29028.5714 -1065.90270 0.01976
29028.5714 -1065.87811 0.02635
29028.5714 -1065.85353 0.03293
29028.5714 -1065.97645 0.00000
29028.5714 -1065.95100 0.00000
29028.5714 -1065.92555 0.00000
29028.5714 -1065.90010 0.00000
29028.5714 -1065.87465 0.00000
29028.5714 -1065.84920 0.00000
29028.5714 -1065.97645 -0.00000
29028.5714 -1065.95186 -0.00659
29028.5714 -1065.92728 -0.01317
29028.5714 -1065.90270 -0.01976
29028.5714 -1065.87811 -0.02635
29028.5714 -1065.85353 -0.03293
29028.5714 -1065.97645 -0.00000
29028.5714 -1065.95441 -0.01272
29028.5714 -1065.93236 -0.02545
29028.5714 -1065.91032 -0.03817
29028.5714 -1065.88828 -0.05090
29028.5714 -1065.86624 -0.06362
29028.5714 -1065.97645 -0.00000
29028.5714 -1065.95845 -0.01800
29028.5714 -1065.94045 -0.03599
29028.5714 -1065.92246 -0.05399
29028.5714 -1065.90446 -0.07198
29028.5714 -1065.88647 -0.08998
29028.5714 -1065.97645 -0.00000
29028.5714 -1065.96372 -0.02204
29028.5714 -1065.95100 -0.04408
29028.5714 -1065.93827 -0.06612
29028.5714 -1065.92555 -0.08816
29028.5714 -1065.91282 -0.11020
29028.5714 -1065.97645 -0.00000
29028.5714 -1065.96986 -0.02458
29028.5714 -1065.96327 -0.04917
29028.5714 -1065.95668 -0.07375
29028.5714 -1065.95010 -0.09833
29028.5714 -1065.94351 -0.12291
29028.5714 -1065.97645 -0.00000
29028.5714 -1065.97645 -0.02545
29028.5714 -1065.97645 -0.05090
29028.5714 -1065.97645 -0.07635
29028.5714 -1065.97645 -0.10180
29028.5714 -1065.97645 -0.12725
29028.5714 -1065.97645 -0.00000
29028.5714 -1065.98303 -0.02458
29028.5714 -1065.98962 -0.04917
29028.5714 -1065.99621 -0.07375
29028.5714 -1066.00279 -0.09833
29028.5714 -1066.00938 -0.12291
29028.5714 -1065.97645 -0.00000
29028.5714 -1065.98917 -0.02204
29028.5714 -1066.00190 -0.04408
29028.5714 -1066.01462 -0.06612
29028.5714 -1066.02735 -0.08816
29028.5714 -1066.04007 -0.11020
29028.5714 -1065.97645 -0.00000
29028.5714 -1065.99444 -0.01800
29028.5714 -1066.01244 -0.03599
29028.5714 -1066.03043 -0.05399
29028.5714 -1066.04843 -0.07198
29028.5714 -1066.06643 -0.08998
29028.5714 -1065.97645 -0.00000
29028.5714 -1065.99849 -0.01273
29028.5714 -1066.02053 -0.02545
29028.5714 -1066.04257 -0.03818
29028.5714 -1066.06461 -0.05090
29028.5714 -1066.08665 -0.06363
29028.5714 -1065.97645 -0.00000
29028.5714 -1066.00103 -0.00659
29028.5714 -1066.02561 -0.01317
29028.5714 -1066.05019 -0.01976
29028.5714 -1066.07478 -0.02635
29028.5714 -1066.09936 -0.03293
29485.7143 -1074.07846 0.00000
29485.7143 -1074.10391 0.00000
29485.7143 -1074.12936 0.00000
29485.7143 -1074.15481 0.00000
29485.7143 -1074.18026 0.00000
29485.7143 -1074.20571 0.00000
29485.7143 -1074.07846 0.00000
29485.7143 -1074.10304 0.00659
29485.7143 -1074.12763 0.01317
29485.7143 -1074.15221 0.01976
29485.7143 -1074.17679 0.02635
29485.7143 -1074.20138 0.03293
29485.7143 -1074.07846 0.00000
29485.7143 -1074.10050 0.01272
29485.7143 -1074.12254 0.02545
29485.7143 -1074.14458 0.03818
29485.7143 -1074.16662 0.05090
29485.7143 -1074.18866 0.06362
29485.7143 -1074.07846 0.00000
29485.7143 -1074.09646 0.01800
29485.7143 -1074.11445 0.03599
29485.7143 -1074.13245 0.05399
29485.7143 -1074.15045 0.07198
29485.7143 -1074.16844 0.08998
29485.7143 -1074.07846 0.00000
29485.7143 -1074.09119 0.02204
29485.7143 -1074.10391 0.04408
29485.7143 -1074.11664 0.06612
29485.7143 -1074.12936 0.08816
29485.7143 -1074.14209 0.11020
29485.7143 -1074.07846 0.00000
29485.7143 -1074.08505 0.02458
29485.7143 -1074.09164 0.04917
29485.7143 -1074.09822 0.07375
29485.7143 -1074.10481 0.09833
29485.7143 -1074.11140 0.12291
29485.7143 -1074.07846 0.00000
29485.7143 -1074.07846 0.02545
29485.7143 -1074.07846 0.05090
29485.7143 -1074.07846 0.07635
29485.7143 -1074.07846 0.10180
29485.7143 -1074.07846 0.12725
29485.7143 -1074.07846 0.00000
29485.7143 -1074.07187 0.02458
29485.7143 -1074.06529 0.04917
29485.7143 -1074.05870 0.07375
29485.7143 -1074.05211 0.09833
29485.7143 -1074.04553 0.12291
29485.7143 -1074.07846 0.00000
29485.7143 -1074.06574 0.02204
29485.7143 -1074.05301 0.04408
29485.7143 -1074.04029 0.06612
29485.7143 -1074.02756 0.08816
29485.7143 -1074.01484 0.11020
29485.7143 -1074.07846 0.00000
29485.7143 -1074.06047 0.01800
29485.7143 -1074.04247 0.03599
29485.7143 -1074.02447 0.05399
29485.7143 -1074.00648 0.07198
29485.7143 -1073.98848 0.08998
29485.7143 -1074.07846 0.00000
29485.7143 -1074.05642 0.01273
29485.7143 -1074.03438 0.02545
29485.7143 -1074.01234 0.03818
29485.7143 -1073.99030 0.05090
29485.7143 -1073.96826 0.06363
29485.7143 -1074.07846 0.00000
29485.7143 -1074.05388 0.00659
29485.7143 -1074.02930 0.01317
29485.7143 -1074.00471 0.01976
29485.7143 -1073.98013 0.02635
29485.7143 -1073.95555 0.03293
29485.7143 -1074.07846 0.00000
29485.7143 -1074.05301 0.00000
29485.7143 -1074.02756 0.00000
29485.7143 -1074.00211 0.00000
29485.7143 -1073.97666 0.00000
29485.7143 -1073.95121 0.00000
29485.7143 -1074.07846 -0.00000
29485.7143 -1074.05388 -0.00659
29485.7143 -1074.02930 -0.01317
29485.7143 -1074.00471 -0.01976
29485.7143 -1073.98013 -0.02635
29485.7143 -1073.95555 -0.03293
29485.7143 -1074.07846 -0.00000
29485.7143 -1074.05642 -0.01272
29485.7143 -1074.03438 -0.02545
29485.7143 -1074.01234 -0.03817
29485.7143 -1073.99030 -0.05090
29485.7143 -1073.96826 -0.06362
29485.7143 -1074.07846 -0.00000
29485.7143 -1074.06047 -0.01800
29485.7143 -1074.04247 -0.03599
29485.7143 -1074.02447 -0.05399
29485.7143 -1074.00648 -0.07198
29485.7143 -1073.98848 -0.08998
29485.7143 -1074.07846 -0.00000
29485.7143 -1074.06574 -0.02204
29485.7143 -1074.05301 -0.04408
29485.7143 -1074.04029 -0.06612
29485.7143 -1074.02756 -0.08816
29485.7143 -1074.01484 -0.11020
29485.7143 -1074.07846 -0.00000
29485.7143 -1074.07187 -0.02458
29485.7143 -1074.06529 -0.04917
29485.7143 -1074.05870 -0.07375
29485.7143 -1074.05211 -0.09833
29485.7143 -1074.04553 -0.12291
29485.7143 -1074.07846 -0.00000
29485.7143 -1074.07846 -0.02545
29485.7143 -1074.07846 -0.05090
29485.7143 -1074.07846 -0.07635
29485.7143 -1074.07846 -0.10180
29485.7143 -1074.07846 -0.12725
29485.7143 -1074.07846 -0.00000
29485.7143 -1074.08505 -0.02458
29485.7143 -1074.09164 -0.04917
29485.7143 -1074.09822 -0.07375
29485.7143 -1074.10481 -0.09833
29485.7143 -1074.11140 -0.12291
29485.7143 -1074.07846 -0.00000
29485.7143 -1074.09119 -0.02204
29485.7143 -1074.10391 -0.04408
29485.7143 -1074.11664 -0.06612
29485.7143 -1074.12936 -0.08816
29485.7143 -1074.14209 -0.11020
29485.7143 -1074.07846 -0.00000
29485.7143 -1074.09646 -0.01800
29485.7143 -1074.11445 -0.03599
29485.7143 -1074.13245 -0.05399
29485.7143 -1074.15045 -0.07198
29485.7143 -1074.16844 -0.08998
29485.7143 -1074.07846 -0.00000
29485.7143 -1074.10050 -0.01273
29485.7143 -1074.12254 -0.02545
29485.7143 -1074.14458 -0.03818
29485.7143 -1074.16662 -0.05090
29485.7143 -1074.18866 -0.06363
29485.7143 -1074.07846 -0.00000
29485.7143 -1074.10304 -0.00659
29485.7143 -1074.12763 -0.01317
29485.7143 -1074.15221 -0.01976
29485.7143 -1074.17679 -0.02635
29485.7143 -1074.20138 -0.03293
29942.8571 -1083.17291 0.00000
29942.8571 -1083.19836 0.00000
29942.8571 -1083.22381 0.00000
29942.8571 -1083.24926 0.00000
29942.8571 -1083.27471 0.00000
29942.8571 -1083.30016 0.00000
29942.8571 -1083.17291 0.00000
29942.8571 -1083.19749 0.00659
29942.8571 -1083.22208 0.01317
29942.8571 -1083.24666 0.01976
29942.8571 -1083.27124 0.02635
29942.8571 -1083.29582 0.03293
29942.8571 -1083.17291 0.00000
29942.8571 -1083.19495 0.01272
29942.8571 -1083.21699 0.02545
29942.8571 -1083.23903 0.03818
29942.8571 -1083.26107 0.05090
29942.8571 -1083.28311 0.06362
29942.8571 -1083.17291 0.00000
29942.8571 -1083.19091 0.01800
29942.8571 -1083.20890 0.03599
29942.8571 -1083.22690 0.05399
29942.8571 -1083.24489 0.07198
29942.8571 -1083.26289 0.08998
29942.8571 -1083.17291 0.00000
29942.8571 -1083.18563 0.02204
29942.8571 -1083.19836 0.04408
29942.8571 -1083.21108 0.06612
29942.8571 -1083.22381 0.08816
29942.8571 -1083.23653 0.11020
29942.8571 -1083.17291 0.00000
29942.8571 -1083.17950 0.02458
29942.8571 -1083.18608 0.04917
29942.8571 -1083.19267 0.07375
29942.8571 -1083.19926 0.09833
29942.8571 -1083.20584 0.12291
29942.8571 -1083.17291 0.00000
29942.8571 -1083.17291 0.02545
29942.8571 -1083.17291 0.05090
29942.8571 -1083.17291 0.07635
29942.8571 -1083.17291 0.10180
29942.8571 -1083.17291 0.12725
29942.8571 -1083.17291 0.00000
29942.8571 -1083.16632 0.02458
29942.8571 -1083.15974 0.04917
29942.8571 -1083.15315 0.07375
29942.8571 -1083.14656 0.09833
29942.8571 -1083.13997 0.12291
29942.8571 -1083.17291 0.00000
29942.8571 -1083.16018 0.02204
29942.8571 -1083.14746 0.04408
29942.8571 -1083.13473 0.06612
29942.8571 -1083.12201 0.08816
29942.8571 -1083.10928 0.11020
29942.8571 -1083.17291 0.00000
29942.8571 -1083.15491 0.01800
29942.8571 -1083.13692 0.03599
29942.8571 -1083.11892 0.05399
29942.8571 -1083.10093 0.07198
29942.8571 -1083.08293 0.08998
29942.8571 -1083.17291 0.00000
29942.8571 -1083.15087 0.01273
29942.8571 -1083.12883 0.02545
29942.8571 -1083.10679 0.03818
29942.8571 -1083.08475 0.05090
29942.8571 -1083.06271 0.06363
29942.8571 -1083.17291 0.00000
29942.8571 -1083.14833 0.00659
29942.8571 -1083.12374 0.01317
29942.8571 -1083.09916 0.01976
29942.8571 -1083.07458 0.02635
29942.8571 -1083.05000 0.03293
29942.8571 -1083.17291 0.00000
29942.8571 -1083.14746 0.00000
29942.8571 -1083.12201 0.00000
29942.8571 -1083.09656 0.00000
29942.8571 -1083.07111 0.00000
29942.8571 -1083.04566 0.00000
29942.8571 -1083.17291 -0.00000
29942.8571 -1083.14833 -0.00659
29942.8571 -1083.12374 -0.01317
29942.8571 -1083.09916 -0.01976
29942.8571 -1083.07458 -0.02635
29942.8571 -1083.05000 -0.03293
29942.8571 -1083.17291 -0.00000
29942.8571 -1083.15087 -0.01272
29942.8571 -1083.12883 -0.02545
29942.8571 -1083.10679 -0.03817
29942.8571 -1083.08475 -0.05090
29942.8571 -1083.06271 -0.06362
29942.8571 -1083.17291 -0.00000
29942.8571 -1083.15491 -0.01800
29942.8571 -1083.13692 -0.03599
29942.8571 -1083.11892 -0.05399
29942.8571 -1083.10093 -0.07198
29942.8571 -1083.08293 -0.08998
29942.8571 -1083.17291 -0.00000
29942.8571 -1083.16018 -0.02204
29942.8571 -1083.14746 -0.04408
29942.8571 -1083.13473 -0.06612
29942.8571 -1083.12201 -0.08816
29942.8571 -1083.10928 -0.11020
29942.8571 -1083.17291 -0.00000
29942.8571 -1083.16632 -0.02458
29942.8571 -1083.15974 -0.04917
29942.8571 -1083.15315 -0.07375
29942.8571 -1083.14656 -0.09833
29942.8571 -1083.13997 -0.12291
29942.8571 -1083.17291 -0.00000
29942.8571 -1083.17291 -0.02545
29942.8571 -1083.17291 -0.05090
29942.8571 -1083.17291 -0.07635
29942.8571 -1083.17291 -0.10180
29942.8571 -1083.17291 -0.12725
29942.8571 -1083.17291 -0.00000
29942.8571 -1083.17950 -0.02458
29942.8571 -1083.18608 -0.04917
29942.8571 -1083.19267 -0.07375
29942.8571 -1083.19926 -0.09833
29942.8571 -1083.20584 -0.12291
29942.8571 -1083.17291 -0.00000
29942.8571 -1083.18563 -0.02204
29942.8571 -1083.19836 -0.04408
29942.8571 -1083.21108 -0.06612
29942.8571 -1083.22381 -0.08816
29942.8571 -1083.23653 -0.11020
29942.8571 -1083.17291 -0.00000
29942.8571 -1083.19091 -0.01800
29942.8571 -1083.20890 -0.03599
29942.8571 -1083.22690 -0.05399
29942.8571 -1083.24489 -0.07198
29942.8571 -1083.26289 -0.08998
29942.8571 -1083.17291 -0.00000
29942.8571 -1083.19495 -0.01273
29942.8571 -1083.21699 -0.02545
29942.8571 -1083.23903 -0.03818
29942.8571 -1083.26107 -0.05090
29942.8571 -1083.28311 -0.06363
29942.8571 -1083.17291 -0.00000
29942.8571 -1083.19749 -0.00659
29942.8571 -1083.22208 -0.01317
29942.8571 -1083.24666 -0.01976
29942.8571 -1083.27124 -0.02635
29942.8571 -1083.29582 -0.03293
30400.0000 -1088.05924 0.00000
30400.0000 -1088.08293 0.00000
30400.0000 -1088.10662 0.00000
30400.0000 -1088.13031 0.00000
30400.0000 -1088.15400 0.00000
30400.0000 -1088.17769 0.00000
30400.0000 -1088.05924 0.00000
30400.0000 -1088.08212 0.00613
30400.0000 -1088.10501 0.01226
30400.0000 -1088.12789 0.01839
30400.0000 -1088.15077 0.02452
30400.0000 -1088.17365 0.03066
30400.0000 -1088.05924 0.00000
30400.0000 -1088.07976 0.01184
30400.0000 -1088.10027 0.02369
30400.0000 -1088.12079 0.03553
30400.0000 -1088.14130 0.04738
30400.0000 -1088.16182 0.05922
30400.0000 -1088.05924 0.00000
30400.0000 -1088.07599 0.01675
30400.0000 -1088.09274 0.03350
30400.0000 -1088.10949 0.05025
30400.0000 -1088.12624 0.06700
30400.0000 -1088.14299 0.08375
30400.0000 -1088.05924 0.00000
30400.0000 -1088.07109 0.02052
30400.0000 -1088.08293 0.04103
30400.0000 -1088.09478 0.06155
30400.0000 -1088.10662 0.08206
30400.0000 -1088.11846 0.10258
30400.0000 -1088.05924 0.00000
30400.0000 -1088.06537 0.02288
30400.0000 -1088.07150 0.04576
30400.0000 -1088.07764 0.06864
30400.0000 -1088.08377 0.09153
30400.0000 -1088.08990 0.11441
30400.0000 -1088.05924 0.00000
30400.0000 -1088.05924 0.02369
30400.0000 -1088.05924 0.04738
30400.0000 -1088.05924 0.07107
30400.0000 -1088.05924 0.09476
30400.0000 -1088.05924 0.11844
30400.0000 -1088.05924 0.00000
30400.0000 -1088.05311 0.02288
30400.0000 -1088.04698 0.04576
30400.0000 -1088.04085 0.06864
30400.0000 -1088.03472 0.09153
30400.0000 -1088.02859 0.11441
30400.0000 -1088.05924 0.00000
30400.0000 -1088.04740 0.02052
30400.0000 -1088.03555 0.04103
30400.0000 -1088.02371 0.06155
30400.0000 -1088.01186 0.08206
30400.0000 -1088.00002 0.10258
30400.0000 -1088.05924 0.00000
30400.0000 -1088.04249 0.01675
30400.0000 -1088.02574 0.03350
30400.0000 -1088.00899 0.05025
30400.0000 -1087.99224 0.06700
30400.0000 -1087.97549 0.08375
30400.0000 -1088.05924 0.00000
30400.0000 -1088.03873 0.01184
30400.0000 -1088.01821 0.02369
30400.0000 -1087.99770 0.03553
30400.0000 -1087.97718 0.04738
30400.0000 -1087.95667 0.05922
30400.0000 -1088.05924 0.00000
30400.0000 -1088.03636 0.00613
30400.0000 -1088.01348 0.01226
30400.0000 -1087.99060 0.01839
30400.0000 -1087.96772 0.02452
30400.0000 -1087.94483 0.03066
30400.0000 -1088.05924 0.00000
30400.0000 -1088.03555 0.00000
30400.0000 -1088.01186 0.00000
30400.0000 -1087.98818 0.00000
30400.0000 -1087.96449 0.00000
30400.0000 -1087.94080 0.00000
30400.0000 -1088.05924 -0.00000
30400.0000 -1088.03636 -0.00613
30400.0000 -1088.01348 -0.01226
30400.0000 -1087.99060 -0.01839
30400.0000 -1087.96772 -0.02452
30400.0000 -1087.94483 -0.03066
30400.0000 -1088.05924 -0.00000
30400.0000 -1088.03873 -0.01184
30400.0000 -1088.01821 -0.02369
30400.0000 -1087.99770 -0.03553
30400.0000 -1087.97718 -0.04738
30400.0000 -1087.95667 -0.05922
30400.0000 -1088.05924 -0.00000
30400.0000 -1088.04249 -0.01675
30400.0000 -1088.02574 -0.03350
30400.0000 -1088.00899 -0.05025
30400.0000 -1087.99224 -0.06700
30400.0000 -1087.97549 -0.08375
30400.0000 -1088.05924 -0.00000
30400.0000 -1088.04740 -0.02052
30400.0000 -1088.03555 -0.04103
30400.0000 -1088.02371 -0.06155
30400.0000 -1088.01186 -0.08206
30400.0000 -1088.00002 -0.10258
30400.0000 -1088.05924 -0.00000
30400.0000 -1088.05311 -0.02288
30400.0000 -1088.04698 -0.04576
30400.0000 -1088.04085 -0.06864
30400.0000 -1088.03472 -0.09153
30400.0000 -1088.02859 -0.11441
30400.0000 -1088.05924 -0.00000
30400.0000 -1088.05924 -0.02369
30400.0000 -1088.05924 -0.04738
30400.0000 -1088.05924 -0.07107
30400.0000 -1088.05924 -0.09476
30400.0000 -1088.05924 -0.11844
30400.0000 -1088.05924 -0.00000
30400.0000 -1088.06537 -0.02288
30400.0000 -1088.07150 -0.04576
30400.0000 -1088.07764 -0.06864
30400.0000 -1088.08377 -0.09153
30400.0000 -1088.08990 -0.11441
30400.0000 -1088.05924 -0.00000
30400.0000 -1088.07109 -0.02052
30400.0000 -1088.08293 -0.04103
30400.0000 -1088.09478 -0.06155
30400.0000 -1088.10662 -0.08206
30400.0000 -1088.11846 -0.10258
30400.0000 -1088.05924 -0.00000
30400.0000 -1088.07599 -0.01675
30400.0000 -1088.09274 -0.03350
30400.0000 -1088.10949 -0.05025
30400.0000 -1088.12624 -0.06700
30400.0000 -1088.14299 -0.08375
30400.0000 -1088.05924 -0.00000
30400.0000 -1088.07976 -0.01184
30400.0000 -1088.10027 -0.02369
30400.0000 -1088.12079 -0.03553
30400.0000 -1088.14130 -0.04738
30400.0000 -1088.16182 -0.05922
30400.0000 -1088.05924 -0.00000
30400.0000 -1088.08212 -0.00613
30400.0000 -1088.10501 -0.01226
30400.0000 -1088.12789 -0.01839
30400.0000 -1088.15077 -0.02452
30400.0000 -1088.17365 -0.03066
30857.1429 -733.70616 0.00000
30857.1429 -733.73161 0.00000
30857.1429 -733.75706 0.00000
30857.1429 -733.78251 0.00000
30857.1429 -733.80796 0.00000
30857.1429 -733.83341 0.00000
30857.1429 -733.70616 0.00000
30857.1429 -733.73074 0.00659
30857.1429 -733.75533 0.01317
30857.1429 -733.77991 0.01976
30857.1429 -733.80449 0.02635
30857.1429 -733.82908 0.03293
30857.1429 -733.70616 0.00000
30857.1429 -733.72820 0.01272
30857.1429 -733.75024 0.02545
30857.1429 -733.77228 0.03818
30857.1429 -733.79432 0.05090
30857.1429 -733.81636 0.06362
30857.1429 -733.70616 0.00000
30857.1429 -733.72416 0.01800
30857.1429 -733.74215 0.03599
30857.1429 -733.76015 0.05399
30857.1429 -733.77814 0.07198
30857.1429 -733.79614 0.08998
30857.1429 -733.70616 0.00000
30857.1429 -733.71889 0.02204
30857.1429 -733.73161 0.04408
30857.1429 -733.74434 0.06612
30857.1429 -733.75706 0.08816
30857.1429 -733.76979 0.11020
30857.1429 -733.70616 0.00000
30857.1429 -733.71275 0.02458
30857.1429 -733.71934 0.04917
30857.1429 -733.72592 0.07375
30857.1429 -733.73251 0.09833
30857.1429 -733.73910 0.12291
30857.1429 -733.70616 0.00000
30857.1429 -733.70616 0.02545
30857.1429 -733.70616 0.05090
30857.1429 -733.70616 0.07635
30857.1429 -733.70616 0.10180
30857.1429 -733.70616 0.12725
30857.1429 -733.70616 0.00000
30857.1429 -733.69957 0.02458
30857.1429 -733.69299 0.04917
30857.1429 -733.68640 0.07375
30857.1429 -733.67981 0.09833
30857.1429 -733.67323 0.12291
30857.1429 -733.70616 0.00000
30857.1429 -733.69344 0.02204
30857.1429 -733.68071 0.04408
30857.1429 -733.66799 0.06612
30857.1429 -733.65526 0.08816
30857.1429 -733.64254 0.11020
30857.1429 -733.70616 0.00000
30857.1429 -733.68817 0.01800
30857.1429 -733.67017 0.03599
30857.1429 -733.65217 0.05399
30857.1429 -733.63418 0.07198
30857.1429 -733.61618 0.08998
30857.1429 -733.70616 0.00000
30857.1429 -733.68412 0.01273
30857.1429 -733.66208 0.02545
30857.1429 -733.64004 0.03818
30857.1429 -733.61800 0.05090
30857.1429 -733.59596 0.06363
30857.1429 -733.70616 0.00000
30857.1429 -733.68158 0.00659
30857.1429 -733.65700 0.01317
30857.1429 -733.63241 0.01976
30857.1429 -733.60783 0.02635
30857.1429 -733.58325 0.03293
30857.1429 -733.70616 0.00000
30857.1429 -733.68071 0.00000
30857.1429 -733.65526 0.00000
30857.1429 -733.62981 0.00000
30857.1429 -733.60436 0.00000
30857.1429 -733.57891 0.00000
30857.1429 -733.70616 -0.00000
30857.1429 -733.68158 -0.00659
30857.1429 -733.65700 -0.01317
30857.1429 -733.63241 -0.01976
30857.1429 -733.60783 -0.02635
30857.1429 -733.58325 -0.03293
30857.1429 -733.70616 -0.00000
30857.1429 -733.68412 -0.01272
30857.1429 -733.66208 -0.02545
30857.1429 -733.64004 -0.03817
30857.1429 -733.61800 -0.05090
30857.1429 -733.59596 -0.06362
30857.1429 -733.70616 -0.00000
30857.1429 -733.68817 -0.01800
30857.1429 -733.67017 -0.03599
30857.1429 -733.65217 -0.05399
30857.1429 -733.63418 -0.07198
30857.1429 -733.61618 -0.08998
30857.1429 -733.70616 -0.00000
30857.1429 -733.69344 -0.02204
30857.1429 -733.68071 -0.04408
30857.1429 -733.66799 -0.06612
30857.1429 -733.65526 -0.08816
30857.1429 -733.64254 -0.11020
30857.1429 -733.70616 -0.00000
30857.1429 -733.69957 -0.02458
30857.1429 -733.69299 -0.04917
30857.1429 -733.68640 -0.07375
30857.1429 -733.67981 -0.09833
30857.1429 -733.67323 -0.12291
30857.1429 -733.70616 -0.00000
30857.1429 -733.70616 -0.02545
30857.1429 -733.70616 -0.05090
30857.1429 -733.70616 -0.07635
30857.1429 -733.70616 -0.10180
30857.1429 -733.70616 -0.12725
30857.1429 -733.70616 -0.00000
30857.1429 -733.71275 -0.02458
30857.1429 -733.71934 -0.04917
30857.1429 -733.72592 -0.07375
30857.1429 -733.73251 -0.09833
30857.1429 -733.73910 -0.12291
30857.1429 -733.70616 -0.00000
30857.1429 -733.71889 -0.02204
30857.1429 -733.73161 -0.04408
30857.1429 -733.74434 -0.06612
30857.1429 -733.75706 -0.08816
30857.1429 -733.76979 -0.11020
30857.1429 -733.70616 -0.00000
30857.1429 -733.72416 -0.01800
30857.1429 -733.74215 -0.03599
30857.1429 -733.76015 -0.05399
30857.1429 -733.77814 -0.07198
30857.1429 -733.79614 -0.08998
30857.1429 -733.70616 -0.00000
30857.1429 -733.72820 -0.01273
30857.1429 -733.75024 -0.02545
30857.1429 -733.77228 -0.03818
30857.1429 -733.79432 -0.05090
30857.1429 -733.81636 -0.06363
30857.1429 -733.70616 -0.00000
30857.1429 -733.73074 -0.00659
30857.1429 -733.75533 -0.01317
30857.1429 -733.77991 -0.01976
30857.1429 -733.80449 -0.02635
30857.1429 -733.82908 -0.03293
31771.4286 -25.00000 0.00000
31771.4286 -25.02545 0.00000
31771.4286 -25.05090 0.00000
31771.4286 -25.07635 0.00000
31771.4286 -25.10180 0.00000
31771.4286 -25.12725 0.00000
31771.4286 -25.00000 0.00000
31771.4286 -25.02458 0.00659
31771.4286 -25.04917 0.01317
31771.4286 -25.07375 0.01976
31771.4286 -25.09833 0.02635
31771.4286 -25.12291 0.03293
31771.4286 -25.00000 0.00000
31771.4286 -25.02204 0.01272
31771.4286 -25.04408 0.02545
31771.4286 -25.06612 0.03818
31771.4286 -25.08816 0.05090
31771.4286 -25.11020 0.06362
31771.4286 -25.00000 0.00000
31771.4286 -25.01800 0.01800
31771.4286 -25.03599 0.03599
31771.4286 -25.05399 0.05399
31771.4286 -25.07198 0.07198
31771.4286 -25.08998 0.08998
31771.4286 -25.00000 0.00000
31771.4286 -25.01272 0.02204
31771.4286 -25.02545 0.04408
31771.4286 -25.03817 0.06612
31771.4286 -25.05090 0.08816
31771.4286 -25.06362 0.11020
31771.4286 -25.00000 0.00000
31771.4286 -25.00659 0.02458
31771.4286 -25.01317 0.04917
31771.4286 -25.01976 0.07375
31771.4286 -25.02635 0.09833
31771.4286 -25.03293 0.12291
31771.4286 -25.00000 0.00000
31771.4286 -25.00000 0.02545
31771.4286 -25.00000 0.05090
31771.4286 -25.00000 0.07635
31771.4286 -25.00000 0.10180
31771.4286 -25.00000 0.12725
31771.4286 -25.00000 0.00000
31771.4286 -24.99341 0.02458
31771.4286 -24.98683 0.04917
31771.4286 -24.98024 0.07375
31771.4286 -24.97365 0.09833
31771.4286 -24.96707 0.12291
31771.4286 -25.00000 0.00000
31771.4286 -24.98728 0.02204
31771.4286 -24.97455 0.04408
31771.4286 -24.96183 0.06612
31771.4286 -24.94910 0.08816
31771.4286 -24.93638 0.11020
31771.4286 -25.00000 0.00000
31771.4286 -24.98200 0.01800
31771.4286 -24.96401 0.03599
31771.4286 -24.94601 0.05399
31771.4286 -24.92802 0.07198
31771.4286 -24.91002 0.08998
31771.4286 -25.00000 0.00000
31771.4286 -24.97796 0.01273
31771.4286 -24.95592 0.02545
31771.4286 -24.93388 0.03818
31771.4286 -24.91184 0.05090
31771.4286 -24.88980 0.06363
31771.4286 -25.00000 0.00000
31771.4286 -24.97542 0.00659
31771.4286 -24.95083 0.01317
31771.4286 -24.92625 0.01976
31771.4286 -24.90167 0.02635
31771.4286 -24.87709 0.03293
31771.4286 -25.00000 0.00000
31771.4286 -24.97455 0.00000
31771.4286 -24.94910 0.00000
31771.4286 -24.92365 0.00000
31771.4286 -24.89820 0.00000
31771.4286 -24.87275 0.00000
31771.4286 -25.00000 -0.00000
31771.4286 -24.97542 -0.00659
31771.4286 -24.95083 -0.01317
31771.4286 -24.92625 -0.01976
31771.4286 -24.90167 -0.02635
31771.4286 -24.87709 -0.03293
31771.4286 -25.00000 -0.00000
31771.4286 -24.97796 -0.01272
31771.4286 -24.95592 -0.02545
31771.4286 -24.93388 -0.03817
31771.4286 -24.91184 -0.05090
31771.4286 -24.88980 -0.06362
31771.4286 -25.00000 -0.00000
31771.4286 -24.98200 -0.01800
31771.4286 -24.96401 -0.03599
31771.4286 -24.94601 -0.05399
31771.4286 -24.92802 -0.07198
31771.4286 -24.91002 -0.08998
31771.4286 -25.00000 -0.00000
31771.4286 -24.98728 -0.02204
31771.4286 -24.97455 -0.04408
31771.4286 -24.96183 -0.06612
31771.4286 -24.94910 -0.08816
31771.4286 -24.93637 -0.11020
31771.4286 -25.00000 -0.00000
31771.4286 -24.99341 -0.02458
31771.4286 -24.98683 -0.04917
31771.4286 -24.98024 -0.07375
31771.4286 -24.97365 -0.09833
31771.4286 -24.96707 -0.12291
31771.4286 -25.00000 -0.00000
31771.4286 -25.00000 -0.02545
31771.4286 -25.00000 -0.05090
31771.4286 -25.00000 -0.07635
31771.4286 -25.00000 -0.10180
31771.4286 -25.00000 -0.12725
31771.4286 -25.00000 -0.00000
31771.4286 -25.00659 -0.02458
31771.4286 -25.01317 -0.04917
31771.4286 -25.01976 -0.07375
31771.4286 -25.02635 -0.09833
31771.4286 -25.03293 -0.12291
31771.4286 -25.00000 -0.00000
31771.4286 -25.01272 -0.02204
31771.4286 -25.02545 -0.04408
31771.4286 -25.03817 -0.06612
31771.4286 -25.05090 -0.08816
31771.4286 -25.06362 -0.11020
31771.4286 -25.00000 -0.00000
31771.4286 -25.01800 -0.01800
31771.4286 -25.03599 -0.03599
31771.4286 -25.05399 -0.05399
31771.4286 -25.07198 -0.07198
31771.4286 -25.08998 -0.08998
31771.4286 -25.00000 -0.00000
31771.4286 -25.02204 -0.01273
31771.4286 -25.04408 -0.02545
31771.4286 -25.06612 -0.03818
31771.4286 -25.08816 -0.05090
31771.4286 -25.11020 -0.06363
31771.4286 -25.00000 -0.00000
31771.4286 -25.02458 -0.00659
31771.4286 -25.04917 -0.01317
31771.4286 -25.07375 -0.01976
31771.4286 -25.09833 -0.02635
31771.4286 -25.12291 -0.03293
POINT_DATA 8640
SCALARS velocity_mps float 1
LOOKUP_TABLE default
3.6588
2.4099
2.3129
2.1827
1.9769
0.92741
3.6588
2.4099
2.3129
2.1827
1.9769
0.92741
3.6588
2.4099
2.3129
2.1827
1.9769
0.92741
3.6588
2.4099
2.3129
2.1827
1.9769
0.92741
3.6588
3.544
2.3129
2.1827
1.9769
0.92741
3.6588
3.544
3.4013
2.1827
1.9769
0.92741
3.6588
3.544
3.4013
3.2099
2.9072
1.3638
3.6588
3.544
3.4013
3.2099
2.9072
1.3638
3.6588
3.544
3.4013
3.2099
2.9072
1.3638
3.6588
3.544
3.4013
3.2099
2.9072
1.3638
3.6588
3.544
3.4013
3.2099
2.9072
1.3638
3.6588
3.544
3.4013
3.2099
2.9072
1.3638
3.6588
3.544
3.4013
3.2099
2.9072
1.3638
3.6588
3.544
3.4013
3.2099
2.9072
1.3638
3.6588
3.544
3.4013
3.2099
2.9072
1.3638
3.6588
3.544
3.4013
3.2099
2.9072
1.3638
3.6588
3.544
3.4013
3.2099
2.9072
1.3638
3.6588
3.544
3.4013
3.2099
2.9072
1.3638
3.6588
3.544
3.4013
3.2099
2.9072
1.3638
3.6588
3.544
3.4013
2.1827
1.9769
0.92741
3.6588
3.544
2.3129
2.1827
1.9769
0.92741
3.6588
2.4099
2.3129
2.1827
1.9769
0.92741
3.6588
2.4099
2.3129
2.1827
1.9769
0.92741
3.6588
2.4099
2.3129
2.1827
1.9769
0.92741
3.3237
2.1892
2.1011
1.9828
1.7959
0.84249
3.3237
2.1892
2.1011
1.9828
1.7959
0.84249
3.3237
2.1892
2.1011
1.9828
1.7959
0.84249
3.3237
2.1892
2.1011
1.9828
1.7959
0.84249
3.3237
2.1892
2.1011
1.9828
1.7959
0.84249
3.3237
3.2195
2.1011
1.9828
1.7959
0.84249
3.3237
3.2195
3.0898
2.9159
2.641
1.239
3.3237
3.2195
3.0898
2.9159
2.641
1.239
3.3237
3.2195
3.0898
2.9159
2.641
1.239
3.3237
3.2195
3.0898
2.9159
2.641
1.239
3.3237
3.2195
3.0898
2.9159
2.641
1.239
3.3237
3.2195
3.0898
2.9159
2.641
1.239
3.3237
3.2195
3.0898
2.9159
2.641
1.239
3.3237
3.2195
3.0898
2.9159
2.641
1.239
3.3237
3.2195
3.0898
2.9159
2.641
1.239
3.3237
3.2195
3.0898
2.9159
2.641
1.239
3.3237
3.2195
3.0898
2.9159
2.641
1.239
3.3237
3.2195
3.0898
2.9159
2.641
1.239
3.3237
3.2195
3.0898
2.9159
2.641
1.239
3.3237
3.2195
2.1011
1.9828
1.7959
0.84249
3.3237
2.1892
2.1011
1.9828
1.7959
0.84249
3.3237
2.1892
2.1011
1.9828
1.7959
0.84249
3.3237
2.1892
2.1011
1.9828
1.7959
0.84249
3.3237
2.1892
2.1011
1.9828
1.7959
0.84249
1.8134
1.7565
1.6858
1.5909
1.4409
0.67597
1.8134
1.7565
1.6858
1.5909
1.4409
0.67597
1.8134
1.7565
1.6858
1.5909
1.4409
0.67597
1.8134
1.7565
1.6858
1.5909
1.4409
0.67597
1.8134
1.7565
1.6858
1.5909
1.4409
0.67597
1.8134
1.7565
1.6858
1.5909
1.4409
0.67597
1.8134
1.7565
1.6858
1.5909
1.4409
0.67597
1.8134
2.5831
2.4791
2.3396
2.119
0.99408
1.8134
2.5831
2.4791
2.3396
2.119
0.99408
1.8134
2.5831
2.4791
2.3396
2.119
0.99408
1.8134
2.5831
2.4791
2.3396
2.119
0.99408
1.8134
2.5831
2.4791
2.3396
2.119
0.99408
1.8134
2.5831
2.4791
2.3396
2.119
0.99408
1.8134
2.5831
2.4791
2.3396
2.119
0.99408
1.8134
2.5831
2.4791
2.3396
2.119
0.99408
1.8134
2.5831
2.4791
2.3396
2.119
0.99408
1.8134
2.5831
2.4791
2.3396
2.119
0.99408
1.8134
2.5831
2.4791
2.3396
2.119
0.99408
1.8134
1.7565
1.6858
1.5909
1.4409
0.67597
1.8134
1.7565
1.6858
1.5909
1.4409
0.67597
1.8134
1.7565
1.6858
1.5909
1.4409
0.67597
1.8134
1.7565
1.6858
1.5909
1.4409
0.67597
1.8134
1.7565
1.6858
1.5909
1.4409
0.67597
1.8134
1.7565
1.6858
1.5909
1.4409
0.67597
1.7959
1.7396
1.6695
1.5756
1.427
0.66944
1.7959
1.7396
1.6695
1.5756
1.427
0.66944
1.7959
1.7396
1.6695
1.5756
1.427
0.66944
1.7959
1.7396
1.6695
1.5756
1.427
0.66944
1.7959
1.7396
1.6695
1.5756
1.427
0.66944
1.7959
1.7396
1.6695
1.5756
1.427
0.66944
1.7959
1.7396
1.6695
1.5756
1.427
0.66944
1.7959
2.5582
2.4552
2.317
2.0986
0.98447
1.7959
2.5582
2.4552
2.317
2.0986
0.98447
1.7959
2.5582
2.4552
2.317
2.0986
0.98447
1.7959
2.5582
2.4552
2.317
2.0986
0.98447
1.7959
2.5582
2.4552
2.317
2.0986
0.98447
1.7959
2.5582
2.4552
2.317
2.0986
0.98447
1.7959
2.5582
2.4552
2.317
2.0986
0.98447
1.7959
2.5582
2.4552
2.317
2.0986
0.98447
1.7959
2.5582
2.4552
2.317
2.0986
0.98447
1.7959
2.5582
2.4552
2.317
2.0986
0.98447
1.7959
2.5582
2.4552
2.317
2.0986
0.98447
1.7959
1.7396
1.6695
1.5756
1.427
0.66944
1.7959
1.7396
1.6695
1.5756
1.427
0.66944
1.7959
1.7396
1.6695
1.5756
1.427
0.66944
1.7959
1.7396
1.6695
1.5756
1.427
0.66944
1.7959
1.7396
1.6695
1.5756
1.427
0.66944
1.7959
1.7396
1.6695
1.5756
1.427
0.66944
2.937
1.9345
1.8566
1.7521
1.5869
0.74445
2.937
1.9345
1.8566
1.7521
1.5869
0.74445
2.937
1.9345
1.8566
1.7521
1.5869
0.74445
2.937
1.9345
1.8566
1.7521
1.5869
0.74445
2.937
1.9345
1.8566
1.7521
1.5869
0.74445
2.937
1.9345
1.8566
1.7521
1.5869
0.74445
2.937
2.8448
2.7303
2.5766
2.3337
1.0948
2.937
2.8448
2.7303
2.5766
2.3337
1.0948
2.937
2.8448
2.7303
2.5766
2.3337
1.0948
2.937
2.8448
2.7303
2.5766
2.3337
1.0948
2.937
2.8448
2.7303
2.5766
2.3337
1.0948
2.937
2.8448
2.7303
2.5766
2.3337
1.0948
2.937
2.8448
2.7303
2.5766
2.3337
1.0948
2.937
2.8448
2.7303
2.5766
2.3337
1.0948
2.937
2.8448
2.7303
2.5766
2.3337
1.0948
2.937
2.8448
2.7303
2.5766
2.3337
1.0948
2.937
2.8448
2.7303
2.5766
2.3337
1.0948
2.937
2.8448
2.7303
2.5766
2.3337
1.0948
2.937
2.8448
2.7303
2.5766
2.3337
1.0948
2.937
1.9345
1.8566
1.7521
1.5869
0.74445
2.937
1.9345
1.8566
1.7521
1.5869
0.74445
2.937
1.9345
1.8566
1.7521
1.5869
0.74445
2.937
1.9345
1.8566
1.7521
1.5869
0.74445
2.937
1.9345
1.8566
1.7521
1.5869
0.74445
3.2206
2.1213
2.0359
1.9213
1.7402
0.81635
3.2206
2.1213
2.0359
1.9213
1.7402
0.81635
3.2206
2.1213
2.0359
1.9213
1.7402
0.81635
3.2206
2.1213
2.0359
1.9213
1.7402
0.81635
3.2206
2.1213
2.0359
1.9213
1.7402
0.81635
3.2206
3.1196
2.0359
1.9213
1.7402
0.81635
3.2206
3.1196
2.994
2.8255
2.5591
1.2005
3.2206
3.1196
2.994
2.8255
2.5591
1.2005
3.2206
3.1196
2.994
2.8255
2.5591
1.2005
3.2206
3.1196
2.994
2.8255
2.5591
1.2005
3.2206
3.1196
2.994
2.8255
2.5591
1.2005
3.2206
3.1196
2.994
2.8255
2.5591
1.2005
3.2206
3.1196
2.994
2.8255
2.5591
1.2005
3.2206
3.1196
2.994
2.8255
2.5591
1.2005
3.2206
3.1196
2.994
2.8255
2.5591
1.2005
3.2206
3.1196
2.994
2.8255
2.5591
1.2005
3.2206
3.1196
2.994
2.8255
2.5591
1.2005
3.2206
3.1196
2.994
2.8255
2.5591
1.2005
3.2206
3.1196
2.994
2.8255
2.5591
1.2005
3.2206
3.1196
2.0359
1.9213
1.7402
0.81635
3.2206
2.1213
2.0359
1.9213
1.7402
0.81635
3.2206
2.1213
2.0359
1.9213
1.7402
0.81635
3.2206
2.1213
2.0359
1.9213
1.7402
0.81635
3.2206
2.1213
2.0359
1.9213
1.7402
0.81635
3.0932
2.0374
1.9553
1.8453
1.6713
0.78404
3.0932
2.0374
1.9553
1.8453
1.6713
0.78404
3.0932
2.0374
1.9553
1.8453
1.6713
0.78404
3.0932
2.0374
1.9553
1.8453
1.6713
0.78404
3.0932
2.0374
1.9553
1.8453
1.6713
0.78404
3.0932
2.0374
1.9553
1.8453
1.6713
0.78404
3.0932
2.9961
2.8755
2.7137
2.4578
1.153
3.0932
2.9961
2.8755
2.7137
2.4578
1.153
3.0932
2.9961
2.8755
2.7137
2.4578
1.153
3.0932
2.9961
2.8755
2.7137
2.4578
1.153
3.0932
2.9961
2.8755
2.7137
2.4578
1.153
3.0932
2.9961
2.8755
2.7137
2.4578
1.153
3.0932
2.9961
2.8755
2.7137
2.4578
1.153
3.0932
2.9961
2.8755
2.7137
2.4578
1.153
3.0932
2.9961
2.8755
2.7137
2.4578
1.153
3.0932
2.9961
2.8755
2.7137
2.4578
1.153
3.0932
2.9961
2.8755
2.7137
2.4578
1.153
3.0932
2.9961
2.8755
2.7137
2.4578
1.153
3.0932
2.9961
2.8755
2.7137
2.4578
1.153
3.0932
2.0374
1.9553
1.8453
1.6713
0.78404
3.0932
2.0374
1.9553
1.8453
1.6713
0.78404
3.0932
2.0374
1.9553
1.8453
1.6713
0.78404
3.0932
2.0374
1.9553
1.8453
1.6713
0.78404
3.0932
2.0374
1.9553
1.8453
1.6713
0.78404
1.9126
1.8526
1.778
1.6779
1.5197
0.71293
1.9126
1.8526
1.778
1.6779
1.5197
0.71293
1.9126
1.8526
1.778
1.6779
1.5197
0.71293
1.9126
1.8526
1.778
1.6779
1.5197
0.71293
1.9126
1.8526
1.778
1.6779
1.5197
0.71293
1.9126
1.8526
1.778
1.6779
1.5197
0.71293
1.9126
1.8526
1.778
1.6779
1.5197
0.71293
1.9126
2.7244
2.6147
2.4675
2.2349
1.0484
1.9126
2.7244
2.6147
2.4675
2.2349
1.0484
1.9126
2.7244
2.6147
2.4675
2.2349
1.0484
1.9126
2.7244
2.6147
2.4675
2.2349
1.0484
1.9126
2.7244
2.6147
2.4675
2.2349
1.0484
1.9126
2.7244
2.6147
2.4675
2.2349
1.0484
1.9126
2.7244
2.6147
2.4675
2.2349
1.0484
1.9126
2.7244
2.6147
2.4675
2.2349
1.0484
1.9126
2.7244
2.6147
2.4675
2.2349
1.0484
1.9126
2.7244
2.6147
2.4675
2.2349
1.0484
1.9126
2.7244
2.6147
2.4675
2.2349
1.0484
1.9126
1.8526
1.778
1.6779
1.5197
0.71293
1.9126
1.8526
1.778
1.6779
1.5197
0.71293
1.9126
1.8526
1.778
1.6779
1.5197
0.71293
1.9126
1.8526
1.778
1.6779
1.5197
0.71293
1.9126
1.8526
1.778
1.6779
1.5197
0.71293
1.9126
1.8526
1.778
1.6779
1.5197
0.71293
1.9058
1.846
1.7716
1.6719
1.5143
0.71039
1.9058
1.846
1.7716
1.6719
1.5143
0.71039
1.9058
1.846
1.7716
1.6719
1.5143
0.71039
1.9058
1.846
1.7716
1.6719
1.5143
0.71039
1.9058
1.846
1.7716
1.6719
1.5143
0.71039
1.9058
1.846
1.7716
1.6719
1.5143
0.71039
1.9058
1.846
1.7716
1.6719
1.5143
0.71039
1.9058
2.7146
2.6053
2.4587
2.2269
1.0447
1.9058
2.7146
2.6053
2.4587
2.2269
1.0447
1.9058
2.7146
2.6053
2.4587
2.2269
1.0447
1.9058
2.7146
2.6053
2.4587
2.2269
1.0447
1.9058
2.7146
2.6053
2.4587
2.2269
1.0447
1.9058
2.7146
2.6053
2.4587
2.2269
1.0447
1.9058
2.7146
2.6053
2.4587
2.2269
1.0447
1.9058
2.7146
2.6053
2.4587
2.2269
1.0447
1.9058
2.7146
2.6053
2.4587
2.2269
1.0447
1.9058
2.7146
2.6053
2.4587
2.2269
1.0447
1.9058
2.7146
2.6053
2.4587
2.2269
1.0447
1.9058
1.846
1.7716
1.6719
1.5143
0.71039
1.9058
1.846
1.7716
1.6719
1.5143
0.71039
1.9058
1.846
1.7716
1.6719
1.5143
0.71039
1.9058
1.846
1.7716
1.6719
1.5143
0.71039
1.9058
1.846
1.7716
1.6719
1.5143
0.71039
1.9058
1.846
1.7716
1.6719
1.5143
0.71039
3.025
1.9925
1.9122
1.8046
1.6345
0.76676
3.025
1.9925
1.9122
1.8046
1.6345
0.76676
3.025
1.9925
1.9122
1.8046
1.6345
0.76676
3.025
1.9925
1.9122
1.8046
1.6345
0.76676
3.025
1.9925
1.9122
1.8046
1.6345
0.76676
3.025
1.9925
1.9122
1.8046
1.6345
0.76676
3.025
2.9301
2.8121
2.6538
2.4037
1.1276
3.025
2.9301
2.8121
2.6538
2.4037
1.1276
3.025
2.9301
2.8121
2.6538
2.4037
1.1276
3.025
2.9301
2.8121
2.6538
2.4037
1.1276
3.025
2.9301
2.8121
2.6538
2.4037
1.1276
3.025
2.9301
2.8121
2.6538
2.4037
1.1276
3.025
2.9301
2.8121
2.6538
2.4037
1.1276
3.025
2.9301
2.8121
2.6538
2.4037
1.1276
3.025
2.9301
2.8121
2.6538
2.4037
1.1276
3.025
2.9301
2.8121
2.6538
2.4037
1.1276
3.025
2.9301
2.8121
2.6538
2.4037
1.1276
3.025
2.9301
2.8121
2.6538
2.4037
1.1276
3.025
2.9301
2.8121
2.6538
2.4037
1.1276
3.025
1.9925
1.9122
1.8046
1.6345
0.76676
3.025
1.9925
1.9122
1.8046
1.6345
0.76676
3.025
1.9925
1.9122
1.8046
1.6345
0.76676
3.025
1.9925
1.9122
1.8046
1.6345
0.76676
3.025
1.9925
1.9122
1.8046
1.6345
0.76676
3.2941
2.1697
2.0824
1.9652
1.7799
0.83498
3.2941
2.1697
2.0824
1.9652
1.7799
0.83498
3.2941
2.1697
2.0824
1.9652
1.7799
0.83498
3.2941
2.1697
2.0824
1.9652
1.7799
0.83498
3.2941
2.1697
2.0824
1.9652
1.7799
0.83498
3.2941
3.1908
2.0824
1.9652
1.7799
0.83498
3.2941
3.1908
3.0623
2.89
2.6175
1.2279
3.2941
3.1908
3.0623
2.89
2.6175
1.2279
3.2941
3.1908
3.0623
2.89
2.6175
1.2279
3.2941
3.1908
3.0623
2.89
2.6175
1.2279
3.2941
3.1908
3.0623
2.89
2.6175
1.2279
3.2941
3.1908
3.0623
2.89
2.6175
1.2279
3.2941
3.1908
3.0623
2.89
2.6175
1.2279
3.2941
3.1908
3.0623
2.89
2.6175
1.2279
3.2941
3.1908
3.0623
2.89
2.6175
1.2279
3.2941
3.1908
3.0623
2.89
2.6175
1.2279
3.2941
3.1908
3.0623
2.89
2.6175
1.2279
3.2941
3.1908
3.0623
2.89
2.6175
1.2279
3.2941
3.1908
3.0623
2.89
2.6175
1.2279
3.2941
3.1908
2.0824
1.9652
1.7799
0.83498
3.2941
2.1697
2.0824
1.9652
1.7799
0.83498
3.2941
2.1697
2.0824
1.9652
1.7799
0.83498
3.2941
2.1697
2.0824
1.9652
1.7799
0.83498
3.2941
2.1697
2.0824
1.9652
1.7799
0.83498
3.3642
2.2159
2.1267
2.007
1.8178
0.85275
3.3642
2.2159
2.1267
2.007
1.8178
0.85275
3.3642
2.2159
2.1267
2.007
1.8178
0.85275
3.3642
2.2159
2.1267
2.007
1.8178
0.85275
3.3642
2.2159
2.1267
2.007
1.8178
0.85275
3.3642
3.2587
2.1267
2.007
1.8178
0.85275
3.3642
3.2587
3.1275
2.9514
2.6732
1.254
3.3642
3.2587
3.1275
2.9514
2.6732
1.254
3.3642
3.2587
3.1275
2.9514
2.6732
1.254
3.3642
3.2587
3.1275
2.9514
2.6732
1.254
3.3642
3.2587
3.1275
2.9514
2.6732
1.254
3.3642
3.2587
3.1275
2.9514
2.6732
1.254
3.3642
3.2587
3.1275
2.9514
2.6732
1.254
3.3642
3.2587
3.1275
2.9514
2.6732
1.254
3.3642
3.2587
3.1275
2.9514
2.6732
1.254
3.3642
3.2587
3.1275
2.9514
2.6732
1.254
3.3642
3.2587
3.1275
2.9514
2.6732
1.254
3.3642
3.2587
3.1275
2.9514
2.6732
1.254
3.3642
3.2587
3.1275
2.9514
2.6732
1.254
3.3642
3.2587
2.1267
2.007
1.8178
0.85275
3.3642
2.2159
2.1267
2.007
1.8178
0.85275
3.3642
2.2159
2.1267
2.007
1.8178
0.85275
3.3642
2.2159
2.1267
2.007
1.8178
0.85275
3.3642
2.2159
2.1267
2.007
1.8178
0.85275
1.8996
1.84
1.7659
1.6666
1.5094
0.70811
1.8996
1.84
1.7659
1.6666
1.5094
0.70811
1.8996
1.84
1.7659
1.6666
1.5094
0.70811
1.8996
1.84
1.7659
1.6666
1.5094
0.70811
1.8996
1.84
1.7659
1.6666
1.5094
0.70811
1.8996
1.84
1.7659
1.6666
1.5094
0.70811
1.8996
1.84
1.7659
1.6666
1.5094
0.70811
1.8996
2.7059
2.597
2.4508
2.2198
1.0413
1.8996
2.7059
2.597
2.4508
2.2198
1.0413
1.8996
2.7059
2.597
2.4508
2.2198
1.0413
1.8996
2.7059
2.597
2.4508
2.2198
1.0413
1.8996
2.7059
2.597
2.4508
2.2198
1.0413
1.8996
2.7059
2.597
2.4508
2.2198
1.0413
1.8996
2.7059
2.597
2.4508
2.2198
1.0413
1.8996
2.7059
2.597
2.4508
2.2198
1.0413
1.8996
2.7059
2.597
2.4508
2.2198
1.0413
1.8996
2.7059
2.597
2.4508
2.2198
1.0413
1.8996
2.7059
2.597
2.4508
2.2198
1.0413
1.8996
1.84
1.7659
1.6666
1.5094
0.70811
1.8996
1.84
1.7659
1.6666
1.5094
0.70811
1.8996
1.84
1.7659
1.6666
1.5094
0.70811
1.8996
1.84
1.7659
1.6666
1.5094
0.70811
1.8996
1.84
1.7659
1.6666
1.5094
0.70811
1.8996
1.84
1.7659
1.6666
1.5094
0.70811
1.5716
1.5223
1.461
1.3788
1.2488
0.58584
1.5716
1.5223
1.461
1.3788
1.2488
0.58584
1.5716
1.5223
1.461
1.3788
1.2488
0.58584
1.5716
1.5223
1.461
1.3788
1.2488
0.58584
1.5716
1.5223
1.461
1.3788
1.2488
0.58584
1.5716
1.5223
1.461
1.3788
1.2488
0.58584
1.5716
1.5223
1.461
1.3788
1.2488
0.58584
1.5716
1.5223
1.461
2.0277
1.8365
0.86154
1.5716
1.5223
2.1486
2.0277
1.8365
0.86154
1.5716
2.2387
2.1486
2.0277
1.8365
0.86154
1.5716
2.2387
2.1486
2.0277
1.8365
0.86154
1.5716
2.2387
2.1486
2.0277
1.8365
0.86154
1.5716
2.2387
2.1486
2.0277
1.8365
0.86154
1.5716
2.2387
2.1486
2.0277
1.8365
0.86154
1.5716
2.2387
2.1486
2.0277
1.8365
0.86154
1.5716
2.2387
2.1486
2.0277
1.8365
0.86154
1.5716
1.5223
2.1486
2.0277
1.8365
0.86154
1.5716
1.5223
1.461
2.0277
1.8365
0.86154
1.5716
1.5223
1.461
1.3788
1.2488
0.58584
1.5716
1.5223
1.461
1.3788
1.2488
0.58584
1.5716
1.5223
1.461
1.3788
1.2488
0.58584
1.5716
1.5223
1.461
1.3788
1.2488
0.58584
1.5716
1.5223
1.461
1.3788
1.2488
0.58584
1.5716
1.5223
1.461
1.3788
1.2488
0.58584
1.8016
1.7451
1.6749
1.5806
1.4316
0.67158
1.8016
1.7451
1.6749
1.5806
1.4316
0.67158
1.8016
1.7451
1.6749
1.5806
1.4316
0.67158
1.8016
1.7451
1.6749
1.5806
1.4316
0.67158
1.8016
1.7451
1.6749
1.5806
1.4316
0.67158
1.8016
1.7451
1.6749
1.5806
1.4316
0.67158
1.8016
1.7451
1.6749
1.5806
1.4316
0.67158
1.8016
2.5664
2.463
2.3244
2.1053
0.98762
1.8016
2.5664
2.463
2.3244
2.1053
0.98762
1.8016
2.5664
2.463
2.3244
2.1053
0.98762
1.8016
2.5664
2.463
2.3244
2.1053
0.98762
1.8016
2.5664
2.463
2.3244
2.1053
0.98762
1.8016
2.5664
2.463
2.3244
2.1053
0.98762
1.8016
2.5664
2.463
2.3244
2.1053
0.98762
1.8016
2.5664
2.463
2.3244
2.1053
0.98762
1.8016
2.5664
2.463
2.3244
2.1053
0.98762
1.8016
2.5664
2.463
2.3244
2.1053
0.98762
1.8016
2.5664
2.463
2.3244
2.1053
0.98762
1.8016
1.7451
1.6749
1.5806
1.4316
0.67158
1.8016
1.7451
1.6749
1.5806
1.4316
0.67158
1.8016
1.7451
1.6749
1.5806
1.4316
0.67158
1.8016
1.7451
1.6749
1.5806
1.4316
0.67158
1.8016
1.7451
1.6749
1.5806
1.4316
0.67158
1.8016
1.7451
1.6749
1.5806
1.4316
0.67158
3.1053
2.0453
1.963
1.8525
1.6779
0.78711
3.1053
2.0453
1.963
1.8525
1.6779
0.78711
3.1053
2.0453
1.963
1.8525
1.6779
0.78711
3.1053
2.0453
1.963
1.8525
1.6779
0.78711
3.1053
2.0453
1.963
1.8525
1.6779
0.78711
3.1053
2.0453
1.963
1.8525
1.6779
0.78711
3.1053
3.0078
2.8867
2.7243
2.4674
1.1575
3.1053
3.0078
2.8867
2.7243
2.4674
1.1575
3.1053
3.0078
2.8867
2.7243
2.4674
1.1575
3.1053
3.0078
2.8867
2.7243
2.4674
1.1575
3.1053
3.0078
2.8867
2.7243
2.4674
1.1575
3.1053
3.0078
2.8867
2.7243
2.4674
1.1575
3.1053
3.0078
2.8867
2.7243
2.4674
1.1575
3.1053
3.0078
2.8867
2.7243
2.4674
1.1575
3.1053
3.0078
2.8867
2.7243
2.4674
1.1575
3.1053
3.0078
2.8867
2.7243
2.4674
1.1575
3.1053
3.0078
2.8867
2.7243
2.4674
1.1575
3.1053
3.0078
2.8867
2.7243
2.4674
1.1575
3.1053
3.0078
2.8867
2.7243
2.4674
1.1575
3.1053
2.0453
1.963
1.8525
1.6779
0.78711
3.1053
2.0453
1.963
1.8525
1.6779
0.78711
3.1053
2.0453
1.963
1.8525
1.6779
0.78711
3.1053
2.0453
1.963
1.8525
1.6779
0.78711
3.1053
2.0453
1.963
1.8525
1.6779
0.78711
3.42
2.2526
2.1619
2.0403
1.8479
0.8669
3.42
2.2526
2.1619
2.0403
1.8479
0.8669
3.42
2.2526
2.1619
2.0403
1.8479
0.8669
3.42
2.2526
2.1619
2.0403
1.8479
0.8669
3.42
3.3127
2.1619
2.0403
1.8479
0.8669
3.42
3.3127
2.1619
2.0403
1.8479
0.8669
3.42
3.3127
3.1793
3.0004
2.7175
1.2748
3.42
3.3127
3.1793
3.0004
2.7175
1.2748
3.42
3.3127
3.1793
3.0004
2.7175
1.2748
3.42
3.3127
3.1793
3.0004
2.7175
1.2748
3.42
3.3127
3.1793
3.0004
2.7175
1.2748
3.42
3.3127
3.1793
3.0004
2.7175
1.2748
3.42
3.3127
3.1793
3.0004
2.7175
1.2748
3.42
3.3127
3.1793
3.0004
2.7175
1.2748
3.42
3.3127
3.1793
3.0004
2.7175
1.2748
3.42
3.3127
3.1793
3.0004
2.7175
1.2748
3.42
3.3127
3.1793
3.0004
2.7175
1.2748
3.42
3.3127
3.1793
3.0004
2.7175
1.2748
3.42
3.3127
3.1793
3.0004
2.7175
1.2748
3.42
3.3127
2.1619
2.0403
1.8479
0.8669
3.42
3.3127
2.1619
2.0403
1.8479
0.8669
3.42
2.2526
2.1619
2.0403
1.8479
0.8669
3.42
2.2526
2.1619
2.0403
1.8479
0.8669
3.42
2.2526
2.1619
2.0403
1.8479
0.8669
3.5158
2.3158
2.2225
2.0974
1.8997
0.89118
3.5158
2.3158
2.2225
2.0974
1.8997
0.89118
3.5158
2.3158
2.2225
2.0974
1.8997
0.89118
3.5158
2.3158
2.2225
2.0974
1.8997
0.89118
3.5158
3.4055
2.2225
2.0974
1.8997
0.89118
3.5158
3.4055
3.2684
2.0974
1.8997
0.89118
3.5158
3.4055
3.2684
3.0845
2.7937
1.3106
3.5158
3.4055
3.2684
3.0845
2.7937
1.3106
3.5158
3.4055
3.2684
3.0845
2.7937
1.3106
3.5158
3.4055
3.2684
3.0845
2.7937
1.3106
3.5158
3.4055
3.2684
3.0845
2.7937
1.3106
3.5158
3.4055
3.2684
3.0845
2.7937
1.3106
3.5158
3.4055
3.2684
3.0845
2.7937
1.3106
3.5158
3.4055
3.2684
3.0845
2.7937
1.3106
3.5158
3.4055
3.2684
3.0845
2.7937
1.3106
3.5158
3.4055
3.2684
3.0845
2.7937
1.3106
3.5158
3.4055
3.2684
3.0845
2.7937
1.3106
3.5158
3.4055
3.2684
3.0845
2.7937
1.3106
3.5158
3.4055
3.2684
3.0845
2.7937
1.3106
3.5158
3.4055
3.2684
2.0974
1.8997
0.89118
3.5158
3.4055
2.2225
2.0974
1.8997
0.89118
3.5158
2.3158
2.2225
2.0974
1.8997
0.89118
3.5158
2.3158
2.2225
2.0974
1.8997
0.89118
3.5158
2.3158
2.2225
2.0974
1.8997
0.89118
3.0684
2.0211
1.9397
1.8305
1.6579
0.77777
3.0684
2.0211
1.9397
1.8305
1.6579
0.77777
3.0684
2.0211
1.9397
1.8305
1.6579
0.77777
3.0684
2.0211
1.9397
1.8305
1.6579
0.77777
3.0684
2.0211
1.9397
1.8305
1.6579
0.77777
3.0684
2.0211
1.9397
1.8305
1.6579
0.77777
3.0684
2.9721
2.8525
2.6919
2.4382
1.1438
3.0684
2.9721
2.8525
2.6919
2.4382
1.1438
3.0684
2.9721
2.8525
2.6919
2.4382
1.1438
3.0684
2.9721
2.8525
2.6919
2.4382
1.1438
3.0684
2.9721
2.8525
2.6919
2.4382
1.1438
3.0684
2.9721
2.8525
2.6919
2.4382
1.1438
3.0684
2.9721
2.8525
2.6919
2.4382
1.1438
3.0684
2.9721
2.8525
2.6919
2.4382
1.1438
3.0684
2.9721
2.8525
2.6919
2.4382
1.1438
3.0684
2.9721
2.8525
2.6919
2.4382
1.1438
3.0684
2.9721
2.8525
2.6919
2.4382
1.1438
3.0684
2.9721
2.8525
2.6919
2.4382
1.1438
3.0684
2.9721
2.8525
2.6919
2.4382
1.1438
3.0684
2.0211
1.9397
1.8305
1.6579
0.77777
3.0684
2.0211
1.9397
1.8305
1.6579
0.77777
3.0684
2.0211
1.9397
1.8305
1.6579
0.77777
3.0684
2.0211
1.9397
1.8305
1.6579
0.77777
3.0684
2.0211
1.9397
1.8305
1.6579
0.77777
1.8678
1.8092
1.7364
1.6387
1.4842
0.69625
1.8678
1.8092
1.7364
1.6387
1.4842
0.69625
1.8678
1.8092
1.7364
1.6387
1.4842
0.69625
1.8678
1.8092
1.7364
1.6387
1.4842
0.69625
1.8678
1.8092
1.7364
1.6387
1.4842
0.69625
1.8678
1.8092
1.7364
1.6387
1.4842
0.69625
1.8678
1.8092
1.7364
1.6387
1.4842
0.69625
1.8678
2.6606
2.5535
2.4098
2.1826
1.0239
1.8678
2.6606
2.5535
2.4098
2.1826
1.0239
1.8678
2.6606
2.5535
2.4098
2.1826
1.0239
1.8678
2.6606
2.5535
2.4098
2.1826
1.0239
1.8678
2.6606
2.5535
2.4098
2.1826
1.0239
1.8678
2.6606
2.5535
2.4098
2.1826
1.0239
1.8678
2.6606
2.5535
2.4098
2.1826
1.0239
1.8678
2.6606
2.5535
2.4098
2.1826
1.0239
1.8678
2.6606
2.5535
2.4098
2.1826
1.0239
1.8678
2.6606
2.5535
2.4098
2.1826
1.0239
1.8678
2.6606
2.5535
2.4098
2.1826
1.0239
1.8678
1.8092
1.7364
1.6387
1.4842
0.69625
1.8678
1.8092
1.7364
1.6387
1.4842
0.69625
1.8678
1.8092
1.7364
1.6387
1.4842
0.69625
1.8678
1.8092
1.7364
1.6387
1.4842
0.69625
1.8678
1.8092
1.7364
1.6387
1.4842
0.69625
1.8678
1.8092
1.7364
1.6387
1.4842
0.69625
1.8721
1.8134
1.7404
1.6424
1.4876
0.69786
1.8721
1.8134
1.7404
1.6424
1.4876
0.69786
1.8721
1.8134
1.7404
1.6424
1.4876
0.69786
1.8721
1.8134
1.7404
1.6424
1.4876
0.69786
1.8721
1.8134
1.7404
1.6424
1.4876
0.69786
1.8721
1.8134
1.7404
1.6424
1.4876
0.69786
1.8721
1.8134
1.7404
1.6424
1.4876
0.69786
1.8721
2.6668
2.5594
2.4154
2.1877
1.0263
1.8721
2.6668
2.5594
2.4154
2.1877
1.0263
1.8721
2.6668
2.5594
2.4154
2.1877
1.0263
1.8721
2.6668
2.5594
2.4154
2.1877
1.0263
1.8721
2.6668
2.5594
2.4154
2.1877
1.0263
1.8721
2.6668
2.5594
2.4154
2.1877
1.0263
1.8721
2.6668
2.5594
2.4154
2.1877
1.0263
1.8721
2.6668
2.5594
2.4154
2.1877
1.0263
1.8721
2.6668
2.5594
2.4154
2.1877
1.0263
1.8721
2.6668
2.5594
2.4154
2.1877
1.0263
1.8721
2.6668
2.5594
2.4154
2.1877
1.0263
1.8721
1.8134
1.7404
1.6424
1.4876
0.69786
1.8721
1.8134
1.7404
1.6424
1.4876
0.69786
1.8721
1.8134
1.7404
1.6424
1.4876
0.69786
1.8721
1.8134
1.7404
1.6424
1.4876
0.69786
1.8721
1.8134
1.7404
1.6424
1.4876
0.69786
1.8721
1.8134
1.7404
1.6424
1.4876
0.69786
3.0019
1.9772
1.8976
1.7908
1.622
0.76091
3.0019
1.9772
1.8976
1.7908
1.622
0.76091
3.0019
1.9772
1.8976
1.7908
1.622
0.76091
3.0019
1.9772
1.8976
1.7908
1.622
0.76091
3.0019
1.9772
1.8976
1.7908
1.622
0.76091
3.0019
1.9772
1.8976
1.7908
1.622
0.76091
3.0019
2.9077
2.7906
2.6336
2.3853
1.119
3.0019
2.9077
2.7906
2.6336
2.3853
1.119
3.0019
2.9077
2.7906
2.6336
2.3853
1.119
3.0019
2.9077
2.7906
2.6336
2.3853
1.119
3.0019
2.9077
2.7906
2.6336
2.3853
1.119
3.0019
2.9077
2.7906
2.6336
2.3853
1.119
3.0019
2.9077
2.7906
2.6336
2.3853
1.119
3.0019
2.9077
2.7906
2.6336
2.3853
1.119
3.0019
2.9077
2.7906
2.6336
2.3853
1.119
3.0019
2.9077
2.7906
2.6336
2.3853
1.119
3.0019
2.9077
2.7906
2.6336
2.3853
1.119
3.0019
2.9077
2.7906
2.6336
2.3853
1.119
3.0019
2.9077
2.7906
2.6336
2.3853
1.119
3.0019
1.9772
1.8976
1.7908
1.622
0.76091
3.0019
1.9772
1.8976
1.7908
1.622
0.76091
3.0019
1.9772
1.8976
1.7908
1.622
0.76091
3.0019
1.9772
1.8976
1.7908
1.622
0.76091
3.0019
1.9772
1.8976
1.7908
1.622
0.76091
3.218
2.1196
2.0343
1.9198
1.7388
0.8157
3.218
2.1196
2.0343
1.9198
1.7388
0.8157
3.218
2.1196
2.0343
1.9198
1.7388
0.8157
3.218
2.1196
2.0343
1.9198
1.7388
0.8157
3.218
2.1196
2.0343
1.9198
1.7388
0.8157
3.218
3.1171
2.0343
1.9198
1.7388
0.8157
3.218
3.1171
2.9916
2.8232
2.557
1.1996
3.218
3.1171
2.9916
2.8232
2.557
1.1996
3.218
3.1171
2.9916
2.8232
2.557
1.1996
3.218
3.1171
2.9916
2.8232
2.557
1.1996
3.218
3.1171
2.9916
2.8232
2.557
1.1996
3.218
3.1171
2.9916
2.8232
2.557
1.1996
3.218
3.1171
2.9916
2.8232
2.557
1.1996
3.218
3.1171
2.9916
2.8232
2.557
1.1996
3.218
3.1171
2.9916
2.8232
2.557
1.1996
3.218
3.1171
2.9916
2.8232
2.557
1.1996
3.218
3.1171
2.9916
2.8232
2.557
1.1996
3.218
3.1171
2.9916
2.8232
2.557
1.1996
3.218
3.1171
2.9916
2.8232
2.557
1.1996
3.218
3.1171
2.0343
1.9198
1.7388
0.8157
3.218
2.1196
2.0343
1.9198
1.7388
0.8157
3.218
2.1196
2.0343
1.9198
1.7388
0.8157
3.218
2.1196
2.0343
1.9198
1.7388
0.8157
3.218
2.1196
2.0343
1.9198
1.7388
0.8157
3.2041
2.1104
2.0254
1.9115
1.7312
0.81216
3.2041
2.1104
2.0254
1.9115
1.7312
0.81216
3.2041
2.1104
2.0254
1.9115
1.7312
0.81216
3.2041
2.1104
2.0254
1.9115
1.7312
0.81216
3.2041
2.1104
2.0254
1.9115
1.7312
0.81216
3.2041
3.1035
2.0254
1.9115
1.7312
0.81216
3.2041
3.1035
2.9786
2.811
2.5459
1.1943
3.2041
3.1035
2.9786
2.811
2.5459
1.1943
3.2041
3.1035
2.9786
2.811
2.5459
1.1943
3.2041
3.1035
2.9786
2.811
2.5459
1.1943
3.2041
3.1035
2.9786
2.811
2.5459
1.1943
3.2041
3.1035
2.9786
2.811
2.5459
1.1943
3.2041
3.1035
2.9786
2.811
2.5459
1.1943
3.2041
3.1035
2.9786
2.811
2.5459
1.1943
3.2041
3.1035
2.9786
2.811
2.5459
1.1943
3.2041
3.1035
2.9786
2.811
2.5459
1.1943
3.2041
3.1035
2.9786
2.811
2.5459
1.1943
3.2041
3.1035
2.9786
2.811
2.5459
1.1943
3.2041
3.1035
2.9786
2.811
2.5459
1.1943
3.2041
3.1035
2.0254
1.9115
1.7312
0.81216
3.2041
2.1104
2.0254
1.9115
1.7312
0.81216
3.2041
2.1104
2.0254
1.9115
1.7312
0.81216
3.2041
2.1104
2.0254
1.9115
1.7312
0.81216
3.2041
2.1104
2.0254
1.9115
1.7312
0.81216
1.8531
1.795
1.7227
1.6258
1.4725
0.69078
1.8531
1.795
1.7227
1.6258
1.4725
0.69078
1.8531
1.795
1.7227
1.6258
1.4725
0.69078
1.8531
1.795
1.7227
1.6258
1.4725
0.69078
1.8531
1.795
1.7227
1.6258
1.4725
0.69078
1.8531
1.795
1.7227
1.6258
1.4725
0.69078
1.8531
1.795
1.7227
1.6258
1.4725
0.69078
1.8531
2.6397
2.5334
2.3909
2.1655
1.0159
1.8531
2.6397
2.5334
2.3909
2.1655
1.0159
1.8531
2.6397
2.5334
2.3909
2.1655
1.0159
1.8531
2.6397
2.5334
2.3909
2.1655
1.0159
1.8531
2.6397
2.5334
2.3909
2.1655
1.0159
1.8531
2.6397
2.5334
2.3909
2.1655
1.0159
1.8531
2.6397
2.5334
2.3909
2.1655
1.0159
1.8531
2.6397
2.5334
2.3909
2.1655
1.0159
1.8531
2.6397
2.5334
2.3909
2.1655
1.0159
1.8531
2.6397
2.5334
2.3909
2.1655
1.0159
1.8531
2.6397
2.5334
2.3909
2.1655
1.0159
1.8531
1.795
1.7227
1.6258
1.4725
0.69078
1.8531
1.795
1.7227
1.6258
1.4725
0.69078
1.8531
1.795
1.7227
1.6258
1.4725
0.69078
1.8531
1.795
1.7227
1.6258
1.4725
0.69078
1.8531
1.795
1.7227
1.6258
1.4725
0.69078
1.8531
1.795
1.7227
1.6258
1.4725
0.69078
1.9022
1.8425
1.7683
1.6688
1.5115
0.70907
1.9022
1.8425
1.7683
1.6688
1.5115
0.70907
1.9022
1.8425
1.7683
1.6688
1.5115
0.70907
1.9022
1.8425
1.7683
1.6688
1.5115
0.70907
1.9022
1.8425
1.7683
1.6688
1.5115
0.70907
1.9022
1.8425
1.7683
1.6688
1.5115
0.70907
1.9022
1.8425
1.7683
1.6688
1.5115
0.70907
1.9022
2.7096
2.6005
2.4542
2.2228
1.0427
1.9022
2.7096
2.6005
2.4542
2.2228
1.0427
1.9022
2.7096
2.6005
2.4542
2.2228
1.0427
1.9022
2.7096
2.6005
2.4542
2.2228
1.0427
1.9022
2.7096
2.6005
2.4542
2.2228
1.0427
1.9022
2.7096
2.6005
2.4542
2.2228
1.0427
1.9022
2.7096
2.6005
2.4542
2.2228
1.0427
1.9022
2.7096
2.6005
2.4542
2.2228
1.0427
1.9022
2.7096
2.6005
2.4542
2.2228
1.0427
1.9022
2.7096
2.6005
2.4542
2.2228
1.0427
1.9022
2.7096
2.6005
2.4542
2.2228
1.0427
1.9022
1.8425
1.7683
1.6688
1.5115
0.70907
1.9022
1.8425
1.7683
1.6688
1.5115
0.70907
1.9022
1.8425
1.7683
1.6688
1.5115
0.70907
1.9022
1.8425
1.7683
1.6688
1.5115
0.70907
1.9022
1.8425
1.7683
1.6688
1.5115
0.70907
1.9022
1.8425
1.7683
1.6688
1.5115
0.70907
3.0797
2.0285
1.9468
1.8372
1.664
0.78063
3.0797
2.0285
1.9468
1.8372
1.664
0.78063
3.0797
2.0285
1.9468
1.8372
1.664
0.78063
3.0797
2.0285
1.9468
1.8372
1.664
0.78063
3.0797
2.0285
1.9468
1.8372
1.664
0.78063
3.0797
2.0285
1.9468
1.8372
1.664
0.78063
3.0797
2.9831
2.8629
2.7018
2.4471
1.148
3.0797
2.9831
2.8629
2.7018
2.4471
1.148
3.0797
2.9831
2.8629
2.7018
2.4471
1.148
3.0797
2.9831
2.8629
2.7018
2.4471
1.148
3.0797
2.9831
2.8629
2.7018
2.4471
1.148
3.0797
2.9831
2.8629
2.7018
2.4471
1.148
3.0797
2.9831
2.8629
2.7018
2.4471
1.148
3.0797
2.9831
2.8629
2.7018
2.4471
1.148
3.0797
2.9831
2.8629
2.7018
2.4471
1.148
3.0797
2.9831
2.8629
2.7018
2.4471
1.148
3.0797
2.9831
2.8629
2.7018
2.4471
1.148
3.0797
2.9831
2.8629
2.7018
2.4471
1.148
3.0797
2.9831
2.8629
2.7018
2.4471
1.148
3.0797
2.0285
1.9468
1.8372
1.664
0.78063
3.0797
2.0285
1.9468
1.8372
1.664
0.78063
3.0797
2.0285
1.9468
1.8372
1.664
0.78063
3.0797
2.0285
1.9468
1.8372
1.664
0.78063
3.0797
2.0285
1.9468
1.8372
1.664
0.78063
3.3555
2.2102
2.1212
2.0018
1.8131
0.85055
3.3555
2.2102
2.1212
2.0018
1.8131
0.85055
3.3555
2.2102
2.1212
2.0018
1.8131
0.85055
3.3555
2.2102
2.1212
2.0018
1.8131
0.85055
3.3555
2.2102
2.1212
2.0018
1.8131
0.85055
3.3555
3.2503
2.1212
2.0018
1.8131
0.85055
3.3555
3.2503
3.1194
2.9438
2.6663
1.2508
3.3555
3.2503
3.1194
2.9438
2.6663
1.2508
3.3555
3.2503
3.1194
2.9438
2.6663
1.2508
3.3555
3.2503
3.1194
2.9438
2.6663
1.2508
3.3555
3.2503
3.1194
2.9438
2.6663
1.2508
3.3555
3.2503
3.1194
2.9438
2.6663
1.2508
3.3555
3.2503
3.1194
2.9438
2.6663
1.2508
3.3555
3.2503
3.1194
2.9438
2.6663
1.2508
3.3555
3.2503
3.1194
2.9438
2.6663
1.2508
3.3555
3.2503
3.1194
2.9438
2.6663
1.2508
3.3555
3.2503
3.1194
2.9438
2.6663
1.2508
3.3555
3.2503
3.1194
2.9438
2.6663
1.2508
3.3555
3.2503
3.1194
2.9438
2.6663
1.2508
3.3555
3.2503
2.1212
2.0018
1.8131
0.85055
3.3555
2.2102
2.1212
2.0018
1.8131
0.85055
3.3555
2.2102
2.1212
2.0018
1.8131
0.85055
3.3555
2.2102
2.1212
2.0018
1.8131
0.85055
3.3555
2.2102
2.1212
2.0018
1.8131
0.85055
3.4141
2.2488
2.1582
2.0368
1.8448
0.86541
3.4141
2.2488
2.1582
2.0368
1.8448
0.86541
3.4141
2.2488
2.1582
2.0368
1.8448
0.86541
3.4141
2.2488
2.1582
2.0368
1.8448
0.86541
3.4141
2.2488
2.1582
2.0368
1.8448
0.86541
3.4141
3.307
2.1582
2.0368
1.8448
0.86541
3.4141
3.307
3.1739
2.9953
2.7129
1.2727
3.4141
3.307
3.1739
2.9953
2.7129
1.2727
3.4141
3.307
3.1739
2.9953
2.7129
1.2727
3.4141
3.307
3.1739
2.9953
2.7129
1.2727
3.4141
3.307
3.1739
2.9953
2.7129
1.2727
3.4141
3.307
3.1739
2.9953
2.7129
1.2727
3.4141
3.307
3.1739
2.9953
2.7129
1.2727
3.4141
3.307
3.1739
2.9953
2.7129
1.2727
3.4141
3.307
3.1739
2.9953
2.7129
1.2727
3.4141
3.307
3.1739
2.9953
2.7129
1.2727
3.4141
3.307
3.1739
2.9953
2.7129
1.2727
3.4141
3.307
3.1739
2.9953
2.7129
1.2727
3.4141
3.307
3.1739
2.9953
2.7129
1.2727
3.4141
3.307
2.1582
2.0368
1.8448
0.86541
3.4141
2.2488
2.1582
2.0368
1.8448
0.86541
3.4141
2.2488
2.1582
2.0368
1.8448
0.86541
3.4141
2.2488
2.1582
2.0368
1.8448
0.86541
3.4141
2.2488
2.1582
2.0368
1.8448
0.86541
3.2621
2.1487
2.0621
1.9461
1.7626
0.82688
3.2621
2.1487
2.0621
1.9461
1.7626
0.82688
3.2621
2.1487
2.0621
1.9461
1.7626
0.82688
3.2621
2.1487
2.0621
1.9461
1.7626
0.82688
3.2621
2.1487
2.0621
1.9461
1.7626
0.82688
3.2621
3.1598
2.0621
1.9461
1.7626
0.82688
3.2621
3.1598
3.0326
2.8619
2.5921
1.216
3.2621
3.1598
3.0326
2.8619
2.5921
1.216
3.2621
3.1598
3.0326
2.8619
2.5921
1.216
3.2621
3.1598
3.0326
2.8619
2.5921
1.216
3.2621
3.1598
3.0326
2.8619
2.5921
1.216
3.2621
3.1598
3.0326
2.8619
2.5921
1.216
3.2621
3.1598
3.0326
2.8619
2.5921
1.216
3.2621
3.1598
3.0326
2.8619
2.5921
1.216
3.2621
3.1598
3.0326
2.8619
2.5921
1.216
3.2621
3.1598
3.0326
2.8619
2.5921
1.216
3.2621
3.1598
3.0326
2.8619
2.5921
1.216
3.2621
3.1598
3.0326
2.8619
2.5921
1.216
3.2621
3.1598
3.0326
2.8619
2.5921
1.216
3.2621
3.1598
2.0621
1.9461
1.7626
0.82688
3.2621
2.1487
2.0621
1.9461
1.7626
0.82688
3.2621
2.1487
2.0621
1.9461
1.7626
0.82688
3.2621
2.1487
2.0621
1.9461
1.7626
0.82688
3.2621
2.1487
2.0621
1.9461
1.7626
0.82688
1.5139
1.4664
1.4074
1.3282
1.203
0.56434
1.5139
1.4664
1.4074
1.3282
1.203
0.56434
1.5139
1.4664
1.4074
1.3282
1.203
0.56434
1.5139
1.4664
1.4074
1.3282
1.203
0.56434
1.5139
1.4664
1.4074
1.3282
1.203
0.56434
1.5139
1.4664
1.4074
1.3282
1.203
0.56434
1.5139
1.4664
1.4074
1.3282
1.203
0.56434
1.5139
1.4664
1.4074
1.9532
1.7691
0.82991
1.5139
1.4664
2.0697
1.9532
1.7691
0.82991
1.5139
2.1565
2.0697
1.9532
1.7691
0.82991
1.5139
2.1565
2.0697
1.9532
1.7691
0.82991
1.5139
2.1565
2.0697
1.9532
1.7691
0.82991
1.5139
2.1565
2.0697
1.9532
1.7691
0.82991
1.5139
2.1565
2.0697
1.9532
1.7691
0.82991
1.5139
2.1565
2.0697
1.9532
1.7691
0.82991
1.5139
2.1565
2.0697
1.9532
1.7691
0.82991
1.5139
1.4664
2.0697
1.9532
1.7691
0.82991
1.5139
1.4664
1.4074
1.9532
1.7691
0.82991
1.5139
1.4664
1.4074
1.3282
1.203
0.56434
1.5139
1.4664
1.4074
1.3282
1.203
0.56434
1.5139
1.4664
1.4074
1.3282
1.203
0.56434
1.5139
1.4664
1.4074
1.3282
1.203
0.56434
1.5139
1.4664
1.4074
1.3282
1.203
0.56434
1.5139
1.4664
1.4074
1.3282
1.203
0.56434
1.7681
1.7126
1.6437
1.5512
1.4049
0.65907
1.7681
1.7126
1.6437
1.5512
1.4049
0.65907
1.7681
1.7126
1.6437
1.5512
1.4049
0.65907
1.7681
1.7126
1.6437
1.5512
1.4049
0.65907
1.7681
1.7126
1.6437
1.5512
1.4049
0.65907
1.7681
1.7126
1.6437
1.5512
1.4049
0.65907
1.7681
1.7126
1.6437
1.5512
1.4049
0.65907
1.7681
2.5186
2.4172
2.2811
2.0661
0.96923
1.7681
2.5186
2.4172
2.2811
2.0661
0.96923
1.7681
2.5186
2.4172
2.2811
2.0661
0.96923
1.7681
2.5186
2.4172
2.2811
2.0661
0.96923
1.7681
2.5186
2.4172
2.2811
2.0661
0.96923
1.7681
2.5186
2.4172
2.2811
2.0661
0.96923
1.7681
2.5186
2.4172
2.2811
2.0661
0.96923
1.7681
2.5186
2.4172
2.2811
2.0661
0.96923
1.7681
2.5186
2.4172
2.2811
2.0661
0.96923
1.7681
2.5186
2.4172
2.2811
2.0661
0.96923
1.7681
2.5186
2.4172
2.2811
2.0661
0.96923
1.7681
1.7126
1.6437
1.5512
1.4049
0.65907
1.7681
1.7126
1.6437
1.5512
1.4049
0.65907
1.7681
1.7126
1.6437
1.5512
1.4049
0.65907
1.7681
1.7126
1.6437
1.5512
1.4049
0.65907
1.7681
1.7126
1.6437
1.5512
1.4049
0.65907
1.7681
1.7126
1.6437
1.5512
1.4049
0.65907
3.0677
2.0206
1.9393
1.8301
1.6576
0.7776
3.0677
2.0206
1.9393
1.8301
1.6576
0.7776
3.0677
2.0206
1.9393
1.8301
1.6576
0.7776
3.0677
2.0206
1.9393
1.8301
1.6576
0.7776
3.0677
2.0206
1.9393
1.8301
1.6576
0.7776
3.0677
2.0206
1.9393
1.8301
1.6576
0.7776
3.0677
2.9715
2.8518
2.6914
2.4376
1.1435
3.0677
2.9715
2.8518
2.6914
2.4376
1.1435
3.0677
2.9715
2.8518
2.6914
2.4376
1.1435
3.0677
2.9715
2.8518
2.6914
2.4376
1.1435
3.0677
2.9715
2.8518
2.6914
2.4376
1.1435
3.0677
2.9715
2.8518
2.6914
2.4376
1.1435
3.0677
2.9715
2.8518
2.6914
2.4376
1.1435
3.0677
2.9715
2.8518
2.6914
2.4376
1.1435
3.0677
2.9715
2.8518
2.6914
2.4376
1.1435
3.0677
2.9715
2.8518
2.6914
2.4376
1.1435
3.0677
2.9715
2.8518
2.6914
2.4376
1.1435
3.0677
2.9715
2.8518
2.6914
2.4376
1.1435
3.0677
2.9715
2.8518
2.6914
2.4376
1.1435
3.0677
2.0206
1.9393
1.8301
1.6576
0.7776
3.0677
2.0206
1.9393
1.8301
1.6576
0.7776
3.0677
2.0206
1.9393
1.8301
1.6576
0.7776
3.0677
2.0206
1.9393
1.8301
1.6576
0.7776
3.0677
2.0206
1.9393
1.8301
1.6576
0.7776
3.3805
2.2266
2.1369
2.0167
1.8265
0.85687
3.3805
2.2266
2.1369
2.0167
1.8265
0.85687
3.3805
2.2266
2.1369
2.0167
1.8265
0.85687
3.3805
2.2266
2.1369
2.0167
1.8265
0.85687
3.3805
2.2266
2.1369
2.0167
1.8265
0.85687
3.3805
3.2744
2.1369
2.0167
1.8265
0.85687
3.3805
3.2744
3.1426
2.9657
2.6861
1.2601
3.3805
3.2744
3.1426
2.9657
2.6861
1.2601
3.3805
3.2744
3.1426
2.9657
2.6861
1.2601
3.3805
3.2744
3.1426
2.9657
2.6861
1.2601
3.3805
3.2744
3.1426
2.9657
2.6861
1.2601
3.3805
3.2744
3.1426
2.9657
2.6861
1.2601
3.3805
3.2744
3.1426
2.9657
2.6861
1.2601
3.3805
3.2744
3.1426
2.9657
2.6861
1.2601
3.3805
3.2744
3.1426
2.9657
2.6861
1.2601
3.3805
3.2744
3.1426
2.9657
2.6861
1.2601
3.3805
3.2744
3.1426
2.9657
2.6861
1.2601
3.3805
3.2744
3.1426
2.9657
2.6861
1.2601
3.3805
3.2744
3.1426
2.9657
2.6861
1.2601
3.3805
3.2744
2.1369
2.0167
1.8265
0.85687
3.3805
2.2266
2.1369
2.0167
1.8265
0.85687
3.3805
2.2266
2.1369
2.0167
1.8265
0.85687
3.3805
2.2266
2.1369
2.0167
1.8265
0.85687
3.3805
2.2266
2.1369
2.0167
1.8265
0.85687
3.4665
2.2832
2.1913
2.068
1.873
0.87867
3.4665
2.2832
2.1913
2.068
1.873
0.87867
3.4665
2.2832
2.1913
2.068
1.873
0.87867
3.4665
2.2832
2.1913
2.068
1.873
0.87867
3.4665
3.3577
2.1913
2.068
1.873
0.87867
3.4665
3.3577
3.2225
2.068
1.873
0.87867
3.4665
3.3577
3.2225
3.0412
2.7544
1.2922
3.4665
3.3577
3.2225
3.0412
2.7544
1.2922
3.4665
3.3577
3.2225
3.0412
2.7544
1.2922
3.4665
3.3577
3.2225
3.0412
2.7544
1.2922
3.4665
3.3577
3.2225
3.0412
2.7544
1.2922
3.4665
3.3577
3.2225
3.0412
2.7544
1.2922
3.4665
3.3577
3.2225
3.0412
2.7544
1.2922
3.4665
3.3577
3.2225
3.0412
2.7544
1.2922
3.4665
3.3577
3.2225
3.0412
2.7544
1.2922
3.4665
3.3577
3.2225
3.0412
2.7544
1.2922
3.4665
3.3577
3.2225
3.0412
2.7544
1.2922
3.4665
3.3577
3.2225
3.0412
2.7544
1.2922
3.4665
3.3577
3.2225
3.0412
2.7544
1.2922
3.4665
3.3577
3.2225
2.068
1.873
0.87867
3.4665
3.3577
2.1913
2.068
1.873
0.87867
3.4665
2.2832
2.1913
2.068
1.873
0.87867
3.4665
2.2832
2.1913
2.068
1.873
0.87867
3.4665
2.2832
2.1913
2.068
1.873
0.87867
3.3288
2.1926
2.1043
1.9859
1.7987
0.84378
3.3288
2.1926
2.1043
1.9859
1.7987
0.84378
3.3288
2.1926
2.1043
1.9859
1.7987
0.84378
3.3288
2.1926
2.1043
1.9859
1.7987
0.84378
3.3288
2.1926
2.1043
1.9859
1.7987
0.84378
3.3288
3.2244
2.1043
1.9859
1.7987
0.84378
3.3288
3.2244
3.0946
2.9204
2.6451
1.2409
3.3288
3.2244
3.0946
2.9204
2.6451
1.2409
3.3288
3.2244
3.0946
2.9204
2.6451
1.2409
3.3288
3.2244
3.0946
2.9204
2.6451
1.2409
3.3288
3.2244
3.0946
2.9204
2.6451
1.2409
3.3288
3.2244
3.0946
2.9204
2.6451
1.2409
3.3288
3.2244
3.0946
2.9204
2.6451
1.2409
3.3288
3.2244
3.0946
2.9204
2.6451
1.2409
3.3288
3.2244
3.0946
2.9204
2.6451
1.2409
3.3288
3.2244
3.0946
2.9204
2.6451
1.2409
3.3288
3.2244
3.0946
2.9204
2.6451
1.2409
3.3288
3.2244
3.0946
2.9204
2.6451
1.2409
3.3288
3.2244
3.0946
2.9204
2.6451
1.2409
3.3288
3.2244
2.1043
1.9859
1.7987
0.84378
3.3288
2.1926
2.1043
1.9859
1.7987
0.84378
3.3288
2.1926
2.1043
1.9859
1.7987
0.84378
3.3288
2.1926
2.1043
1.9859
1.7987
0.84378
3.3288
2.1926
2.1043
1.9859
1.7987
0.84378
1.9068
1.847
1.7726
1.6729
1.5152
0.71079
1.9068
1.847
1.7726
1.6729
1.5152
0.71079
1.9068
1.847
1.7726
1.6729
1.5152
0.71079
1.9068
1.847
1.7726
1.6729
1.5152
0.71079
1.9068
1.847
1.7726
1.6729
1.5152
0.71079
1.9068
1.847
1.7726
1.6729
1.5152
0.71079
1.9068
1.847
1.7726
1.6729
1.5152
0.71079
1.9068
2.7162
2.6068
2.4601
2.2282
1.0453
1.9068
2.7162
2.6068
2.4601
2.2282
1.0453
1.9068
2.7162
2.6068
2.4601
2.2282
1.0453
1.9068
2.7162
2.6068
2.4601
2.2282
1.0453
1.9068
2.7162
2.6068
2.4601
2.2282
1.0453
1.9068
2.7162
2.6068
2.4601
2.2282
1.0453
1.9068
2.7162
2.6068
2.4601
2.2282
1.0453
1.9068
2.7162
2.6068
2.4601
2.2282
1.0453
1.9068
2.7162
2.6068
2.4601
2.2282
1.0453
1.9068
2.7162
2.6068
2.4601
2.2282
1.0453
1.9068
2.7162
2.6068
2.4601
2.2282
1.0453
1.9068
1.847
1.7726
1.6729
1.5152
0.71079
1.9068
1.847
1.7726
1.6729
1.5152
0.71079
1.9068
1.847
1.7726
1.6729
1.5152
0.71079
1.9068
1.847
1.7726
1.6729
1.5152
0.71079
1.9068
1.847
1.7726
1.6729
1.5152
0.71079
1.9068
1.847
1.7726
1.6729
1.5152
0.71079
2.8469
1.8751
1.7996
1.6984
1.5383
0.72162
2.8469
1.8751
1.7996
1.6984
1.5383
0.72162
2.8469
1.8751
1.7996
1.6984
1.5383
0.72162
2.8469
1.8751
1.7996
1.6984
1.5383
0.72162
2.8469
1.8751
1.7996
1.6984
1.5383
0.72162
2.8469
1.8751
1.7996
1.6984
1.5383
0.72162
2.8469
2.7576
2.6465
2.4976
2.2621
1.0612
2.8469
2.7576
2.6465
2.4976
2.2621
1.0612
2.8469
2.7576
2.6465
2.4976
2.2621
1.0612
2.8469
2.7576
2.6465
2.4976
2.2621
1.0612
2.8469
2.7576
2.6465
2.4976
2.2621
1.0612
2.8469
2.7576
2.6465
2.4976
2.2621
1.0612
2.8469
2.7576
2.6465
2.4976
2.2621
1.0612
2.8469
2.7576
2.6465
2.4976
2.2621
1.0612
2.8469
2.7576
2.6465
2.4976
2.2621
1.0612
2.8469
2.7576
2.6465
2.4976
2.2621
1.0612
2.8469
2.7576
2.6465
2.4976
2.2621
1.0612
2.8469
2.7576
2.6465
2.4976
2.2621
1.0612
2.8469
2.7576
2.6465
2.4976
2.2621
1.0612
2.8469
1.8751
1.7996
1.6984
1.5383
0.72162
2.8469
1.8751
1.7996
1.6984
1.5383
0.72162
2.8469
1.8751
1.7996
1.6984
1.5383
0.72162
2.8469
1.8751
1.7996
1.6984
1.5383
0.72162
2.8469
1.8751
1.7996
1.6984
1.5383
0.72162
3.0685
2.0211
1.9398
1.8306
1.658
0.7778
3.0685
2.0211
1.9398
1.8306
1.658
0.7778
3.0685
2.0211
1.9398
1.8306
1.658
0.7778
3.0685
2.0211
1.9398
1.8306
1.658
0.7778
3.0685
2.0211
1.9398
1.8306
1.658
0.7778
3.0685
2.0211
1.9398
1.8306
1.658
0.7778
3.0685
2.9723
2.8526
2.6921
2.4383
1.1438
3.0685
2.9723
2.8526
2.6921
2.4383
1.1438
3.0685
2.9723
2.8526
2.6921
2.4383
1.1438
3.0685
2.9723
2.8526
2.6921
2.4383
1.1438
3.0685
2.9723
2.8526
2.6921
2.4383
1.1438
3.0685
2.9723
2.8526
2.6921
2.4383
1.1438
3.0685
2.9723
2.8526
2.6921
2.4383
1.1438
3.0685
2.9723
2.8526
2.6921
2.4383
1.1438
3.0685
2.9723
2.8526
2.6921
2.4383
1.1438
3.0685
2.9723
2.8526
2.6921
2.4383
1.1438
3.0685
2.9723
2.8526
2.6921
2.4383
1.1438
3.0685
2.9723
2.8526
2.6921
2.4383
1.1438
3.0685
2.9723
2.8526
2.6921
2.4383
1.1438
3.0685
2.0211
1.9398
1.8306
1.658
0.7778
3.0685
2.0211
1.9398
1.8306
1.658
0.7778
3.0685
2.0211
1.9398
1.8306
1.658
0.7778
3.0685
2.0211
1.9398
1.8306
1.658
0.7778
3.0685
2.0211
1.9398
1.8306
1.658
0.7778
3.2202
2.1211
2.0357
1.9211
1.74
0.81625
3.2202
2.1211
2.0357
1.9211
1.74
0.81625
3.2202
2.1211
2.0357
1.9211
1.74
0.81625
3.2202
2.1211
2.0357
1.9211
1.74
0.81625
3.2202
2.1211
2.0357
1.9211
1.74
0.81625
3.2202
3.1192
2.0357
1.9211
1.74
0.81625
3.2202
3.1192
2.9936
2.8251
2.5588
1.2004
3.2202
3.1192
2.9936
2.8251
2.5588
1.2004
3.2202
3.1192
2.9936
2.8251
2.5588
1.2004
3.2202
3.1192
2.9936
2.8251
2.5588
1.2004
3.2202
3.1192
2.9936
2.8251
2.5588
1.2004
3.2202
3.1192
2.9936
2.8251
2.5588
1.2004
3.2202
3.1192
2.9936
2.8251
2.5588
1.2004
3.2202
3.1192
2.9936
2.8251
2.5588
1.2004
3.2202
3.1192
2.9936
2.8251
2.5588
1.2004
3.2202
3.1192
2.9936
2.8251
2.5588
1.2004
3.2202
3.1192
2.9936
2.8251
2.5588
1.2004
3.2202
3.1192
2.9936
2.8251
2.5588
1.2004
3.2202
3.1192
2.9936
2.8251
2.5588
1.2004
3.2202
3.1192
2.0357
1.9211
1.74
0.81625
3.2202
2.1211
2.0357
1.9211
1.74
0.81625
3.2202
2.1211
2.0357
1.9211
1.74
0.81625
3.2202
2.1211
2.0357
1.9211
1.74
0.81625
3.2202
2.1211
2.0357
1.9211
1.74
0.81625
3.1625
2.083
1.9992
1.8867
1.7088
0.80162
3.1625
2.083
1.9992
1.8867
1.7088
0.80162
3.1625
2.083
1.9992
1.8867
1.7088
0.80162
3.1625
2.083
1.9992
1.8867
1.7088
0.80162
3.1625
2.083
1.9992
1.8867
1.7088
0.80162
3.1625
3.0633
1.9992
1.8867
1.7088
0.80162
3.1625
3.0633
2.94
2.7745
2.5129
1.1789
3.1625
3.0633
2.94
2.7745
2.5129
1.1789
3.1625
3.0633
2.94
2.7745
2.5129
1.1789
3.1625
3.0633
2.94
2.7745
2.5129
1.1789
3.1625
3.0633
2.94
2.7745
2.5129
1.1789
3.1625
3.0633
2.94
2.7745
2.5129
1.1789
3.1625
3.0633
2.94
2.7745
2.5129
1.1789
3.1625
3.0633
2.94
2.7745
2.5129
1.1789
3.1625
3.0633
2.94
2.7745
2.5129
1.1789
3.1625
3.0633
2.94
2.7745
2.5129
1.1789
3.1625
3.0633
2.94
2.7745
2.5129
1.1789
3.1625
3.0633
2.94
2.7745
2.5129
1.1789
3.1625
3.0633
2.94
2.7745
2.5129
1.1789
3.1625
3.0633
1.9992
1.8867
1.7088
0.80162
3.1625
2.083
1.9992
1.8867
1.7088
0.80162
3.1625
2.083
1.9992
1.8867
1.7088
0.80162
3.1625
2.083
1.9992
1.8867
1.7088
0.80162
3.1625
2.083
1.9992
1.8867
1.7088
0.80162
2.9135
1.919
1.8417
1.7381
1.5742
0.73849
2.9135
1.919
1.8417
1.7381
1.5742
0.73849
2.9135
1.919
1.8417
1.7381
1.5742
0.73849
2.9135
1.919
1.8417
1.7381
1.5742
0.73849
2.9135
1.919
1.8417
1.7381
1.5742
0.73849
2.9135
1.919
1.8417
1.7381
1.5742
0.73849
2.9135
2.8221
2.7084
2.556
2.315
1.086
2.9135
2.8221
2.7084
2.556
2.315
1.086
2.9135
2.8221
2.7084
2.556
2.315
1.086
2.9135
2.8221
2.7084
2.556
2.315
1.086
2.9135
2.8221
2.7084
2.556
2.315
1.086
2.9135
2.8221
2.7084
2.556
2.315
1.086
2.9135
2.8221
2.7084
2.556
2.315
1.086
2.9135
2.8221
2.7084
2.556
2.315
1.086
2.9135
2.8221
2.7084
2.556
2.315
1.086
2.9135
2.8221
2.7084
2.556
2.315
1.086
2.9135
2.8221
2.7084
2.556
2.315
1.086
2.9135
2.8221
2.7084
2.556
2.315
1.086
2.9135
2.8221
2.7084
2.556
2.315
1.086
2.9135
1.919
1.8417
1.7381
1.5742
0.73849
2.9135
1.919
1.8417
1.7381
1.5742
0.73849
2.9135
1.919
1.8417
1.7381
1.5742
0.73849
2.9135
1.919
1.8417
1.7381
1.5742
0.73849
2.9135
1.919
1.8417
1.7381
1.5742
0.73849
1.8756
1.8168
1.7436
1.6455
1.4904
0.69915
1.8756
1.8168
1.7436
1.6455
1.4904
0.69915
1.8756
1.8168
1.7436
1.6455
1.4904
0.69915
1.8756
1.8168
1.7436
1.6455
1.4904
0.69915
1.8756
1.8168
1.7436
1.6455
1.4904
0.69915
1.8756
1.8168
1.7436
1.6455
1.4904
0.69915
1.8756
1.8168
1.7436
1.6455
1.4904
0.69915
1.8756
2.6717
2.5641
2.4198
2.1917
1.0282
1.8756
2.6717
2.5641
2.4198
2.1917
1.0282
1.8756
2.6717
2.5641
2.4198
2.1917
1.0282
1.8756
2.6717
2.5641
2.4198
2.1917
1.0282
1.8756
2.6717
2.5641
2.4198
2.1917
1.0282
1.8756
2.6717
2.5641
2.4198
2.1917
1.0282
1.8756
2.6717
2.5641
2.4198
2.1917
1.0282
1.8756
2.6717
2.5641
2.4198
2.1917
1.0282
1.8756
2.6717
2.5641
2.4198
2.1917
1.0282
1.8756
2.6717
2.5641
2.4198
2.1917
1.0282
1.8756
2.6717
2.5641
2.4198
2.1917
1.0282
1.8756
1.8168
1.7436
1.6455
1.4904
0.69915
1.8756
1.8168
1.7436
1.6455
1.4904
0.69915
1.8756
1.8168
1.7436
1.6455
1.4904
0.69915
1.8756
1.8168
1.7436
1.6455
1.4904
0.69915
1.8756
1.8168
1.7436
1.6455
1.4904
0.69915
1.8756
1.8168
1.7436
1.6455
1.4904
0.69915
3.108
2.0471
1.9647
1.8541
1.6793
0.7878
3.108
2.0471
1.9647
1.8541
1.6793
0.7878
3.108
2.0471
1.9647
1.8541
1.6793
0.7878
3.108
2.0471
1.9647
1.8541
1.6793
0.7878
3.108
2.0471
1.9647
1.8541
1.6793
0.7878
3.108
2.0471
1.9647
1.8541
1.6793
0.7878
3.108
3.0105
2.8892
2.7266
2.4696
1.1585
3.108
3.0105
2.8892
2.7266
2.4696
1.1585
3.108
3.0105
2.8892
2.7266
2.4696
1.1585
3.108
3.0105
2.8892
2.7266
2.4696
1.1585
3.108
3.0105
2.8892
2.7266
2.4696
1.1585
3.108
3.0105
2.8892
2.7266
2.4696
1.1585
3.108
3.0105
2.8892
2.7266
2.4696
1.1585
3.108
3.0105
2.8892
2.7266
2.4696
1.1585
3.108
3.0105
2.8892
2.7266
2.4696
1.1585
3.108
3.0105
2.8892
2.7266
2.4696
1.1585
3.108
3.0105
2.8892
2.7266
2.4696
1.1585
3.108
3.0105
2.8892
2.7266
2.4696
1.1585
3.108
3.0105
2.8892
2.7266
2.4696
1.1585
3.108
2.0471
1.9647
1.8541
1.6793
0.7878
3.108
2.0471
1.9647
1.8541
1.6793
0.7878
3.108
2.0471
1.9647
1.8541
1.6793
0.7878
3.108
2.0471
1.9647
1.8541
1.6793
0.7878
3.108
2.0471
1.9647
1.8541
1.6793
0.7878
3.3745
2.2227
2.1332
2.0131
1.8233
0.85535
3.3745
2.2227
2.1332
2.0131
1.8233
0.85535
3.3745
2.2227
2.1332
2.0131
1.8233
0.85535
3.3745
2.2227
2.1332
2.0131
1.8233
0.85535
3.3745
2.2227
2.1332
2.0131
1.8233
0.85535
3.3745
3.2686
2.1332
2.0131
1.8233
0.85535
3.3745
3.2686
3.137
2.9605
2.6814
1.2579
3.3745
3.2686
3.137
2.9605
2.6814
1.2579
3.3745
3.2686
3.137
2.9605
2.6814
1.2579
3.3745
3.2686
3.137
2.9605
2.6814
1.2579
3.3745
3.2686
3.137
2.9605
2.6814
1.2579
3.3745
3.2686
3.137
2.9605
2.6814
1.2579
3.3745
3.2686
3.137
2.9605
2.6814
1.2579
3.3745
3.2686
3.137
2.9605
2.6814
1.2579
3.3745
3.2686
3.137
2.9605
2.6814
1.2579
3.3745
3.2686
3.137
2.9605
2.6814
1.2579
3.3745
3.2686
3.137
2.9605
2.6814
1.2579
3.3745
3.2686
3.137
2.9605
2.6814
1.2579
3.3745
3.2686
3.137
2.9605
2.6814
1.2579
3.3745
3.2686
2.1332
2.0131
1.8233
0.85535
3.3745
2.2227
2.1332
2.0131
1.8233
0.85535
3.3745
2.2227
2.1332
2.0131
1.8233
0.85535
3.3745
2.2227
2.1332
2.0131
1.8233
0.85535
3.3745
2.2227
2.1332
2.0131
1.8233
0.85535
3.4554
2.2759
2.1843
2.0614
1.867
0.87585
3.4554
2.2759
2.1843
2.0614
1.867
0.87585
3.4554
2.2759
2.1843
2.0614
1.867
0.87585
3.4554
2.2759
2.1843
2.0614
1.867
0.87585
3.4554
3.3469
2.1843
2.0614
1.867
0.87585
3.4554
3.3469
2.1843
2.0614
1.867
0.87585
3.4554
3.3469
3.2122
3.0314
2.7456
1.288
3.4554
3.3469
3.2122
3.0314
2.7456
1.288
3.4554
3.3469
3.2122
3.0314
2.7456
1.288
3.4554
3.3469
3.2122
3.0314
2.7456
1.288
3.4554
3.3469
3.2122
3.0314
2.7456
1.288
3.4554
3.3469
3.2122
3.0314
2.7456
1.288
3.4554
3.3469
3.2122
3.0314
2.7456
1.288
3.4554
3.3469
3.2122
3.0314
2.7456
1.288
3.4554
3.3469
3.2122
3.0314
2.7456
1.288
3.4554
3.3469
3.2122
3.0314
2.7456
1.288
3.4554
3.3469
3.2122
3.0314
2.7456
1.288
3.4554
3.3469
3.2122
3.0314
2.7456
1.288
3.4554
3.3469
3.2122
3.0314
2.7456
1.288
3.4554
3.3469
2.1843
2.0614
1.867
0.87585
3.4554
3.3469
2.1843
2.0614
1.867
0.87585
3.4554
2.2759
2.1843
2.0614
1.867
0.87585
3.4554
2.2759
2.1843
2.0614
1.867
0.87585
3.4554
2.2759
2.1843
2.0614
1.867
0.87585
3.3108
2.1807
2.0929
1.9751
1.7889
0.83922
3.3108
2.1807
2.0929
1.9751
1.7889
0.83922
3.3108
2.1807
2.0929
1.9751
1.7889
0.83922
3.3108
2.1807
2.0929
1.9751
1.7889
0.83922
3.3108
2.1807
2.0929
1.9751
1.7889
0.83922
3.3108
3.207
2.0929
1.9751
1.7889
0.83922
3.3108
3.207
3.0778
2.9046
2.6308
1.2341
3.3108
3.207
3.0778
2.9046
2.6308
1.2341
3.3108
3.207
3.0778
2.9046
2.6308
1.2341
3.3108
3.207
3.0778
2.9046
2.6308
1.2341
3.3108
3.207
3.0778
2.9046
2.6308
1.2341
3.3108
3.207
3.0778
2.9046
2.6308
1.2341
3.3108
3.207
3.0778
2.9046
2.6308
1.2341
3.3108
3.207
3.0778
2.9046
2.6308
1.2341
3.3108
3.207
3.0778
2.9046
2.6308
1.2341
3.3108
3.207
3.0778
2.9046
2.6308
1.2341
3.3108
3.207
3.0778
2.9046
2.6308
1.2341
3.3108
3.207
3.0778
2.9046
2.6308
1.2341
3.3108
3.207
3.0778
2.9046
2.6308
1.2341
3.3108
3.207
2.0929
1.9751
1.7889
0.83922
3.3108
2.1807
2.0929
1.9751
1.7889
0.83922
3.3108
2.1807
2.0929
1.9751
1.7889
0.83922
3.3108
2.1807
2.0929
1.9751
1.7889
0.83922
3.3108
2.1807
2.0929
1.9751
1.7889
0.83922
1.943
1.882
1.8062
1.7046
1.5439
0.72426
1.943
1.882
1.8062
1.7046
1.5439
0.72426
1.943
1.882
1.8062
1.7046
1.5439
0.72426
1.943
1.882
1.8062
1.7046
1.5439
0.72426
1.943
1.882
1.8062
1.7046
1.5439
0.72426
1.943
1.882
1.8062
1.7046
1.5439
0.72426
1.943
1.882
1.8062
1.7046
1.5439
0.72426
1.943
2.7677
2.6562
2.5067
2.2704
1.0651
1.943
2.7677
2.6562
2.5067
2.2704
1.0651
1.943
2.7677
2.6562
2.5067
2.2704
1.0651
1.943
2.7677
2.6562
2.5067
2.2704
1.0651
1.943
2.7677
2.6562
2.5067
2.2704
1.0651
1.943
2.7677
2.6562
2.5067
2.2704
1.0651
1.943
2.7677
2.6562
2.5067
2.2704
1.0651
1.943
2.7677
2.6562
2.5067
2.2704
1.0651
1.943
2.7677
2.6562
2.5067
2.2704
1.0651
1.943
2.7677
2.6562
2.5067
2.2704
1.0651
1.943
2.7677
2.6562
2.5067
2.2704
1.0651
1.943
1.882
1.8062
1.7046
1.5439
0.72426
1.943
1.882
1.8062
1.7046
1.5439
0.72426
1.943
1.882
1.8062
1.7046
1.5439
0.72426
1.943
1.882
1.8062
1.7046
1.5439
0.72426
1.943
1.882
1.8062
1.7046
1.5439
0.72426
1.943
1.882
1.8062
1.7046
1.5439
0.72426
1.7282
1.674
1.6066
1.5162
1.3732
0.6442
1.7282
1.674
1.6066
1.5162
1.3732
0.6442
1.7282
1.674
1.6066
1.5162
1.3732
0.6442
1.7282
1.674
1.6066
1.5162
1.3732
0.6442
1.7282
1.674
1.6066
1.5162
1.3732
0.6442
1.7282
1.674
1.6066
1.5162
1.3732
0.6442
1.7282
1.674
1.6066
1.5162
1.3732
0.6442
1.7282
2.4617
2.3626
2.2297
2.0195
0.94736
1.7282
2.4617
2.3626
2.2297
2.0195
0.94736
1.7282
2.4617
2.3626
2.2297
2.0195
0.94736
1.7282
2.4617
2.3626
2.2297
2.0195
0.94736
1.7282
2.4617
2.3626
2.2297
2.0195
0.94736
1.7282
2.4617
2.3626
2.2297
2.0195
0.94736
1.7282
2.4617
2.3626
2.2297
2.0195
0.94736
1.7282
2.4617
2.3626
2.2297
2.0195
0.94736
1.7282
2.4617
2.3626
2.2297
2.0195
0.94736
1.7282
2.4617
2.3626
2.2297
2.0195
0.94736
1.7282
2.4617
2.3626
2.2297
2.0195
0.94736
1.7282
1.674
1.6066
1.5162
1.3732
0.6442
1.7282
1.674
1.6066
1.5162
1.3732
0.6442
1.7282
1.674
1.6066
1.5162
1.3732
0.6442
1.7282
1.674
1.6066
1.5162
1.3732
0.6442
1.7282
1.674
1.6066
1.5162
1.3732
0.6442
1.7282
1.674
1.6066
1.5162
1.3732
0.6442
3.0273
1.994
1.9137
1.806
1.6357
0.76734
3.0273
1.994
1.9137
1.806
1.6357
0.76734
3.0273
1.994
1.9137
1.806
1.6357
0.76734
3.0273
1.994
1.9137
1.806
1.6357
0.76734
3.0273
1.994
1.9137
1.806
1.6357
0.76734
3.0273
1.994
1.9137
1.806
1.6357
0.76734
3.0273
2.9323
2.8142
2.6558
2.4055
1.1284
3.0273
2.9323
2.8142
2.6558
2.4055
1.1284
3.0273
2.9323
2.8142
2.6558
2.4055
1.1284
3.0273
2.9323
2.8142
2.6558
2.4055
1.1284
3.0273
2.9323
2.8142
2.6558
2.4055
1.1284
3.0273
2.9323
2.8142
2.6558
2.4055
1.1284
3.0273
2.9323
2.8142
2.6558
2.4055
1.1284
3.0273
2.9323
2.8142
2.6558
2.4055
1.1284
3.0273
2.9323
2.8142
2.6558
2.4055
1.1284
3.0273
2.9323
2.8142
2.6558
2.4055
1.1284
3.0273
2.9323
2.8142
2.6558
2.4055
1.1284
3.0273
2.9323
2.8142
2.6558
2.4055
1.1284
3.0273
2.9323
2.8142
2.6558
2.4055
1.1284
3.0273
1.994
1.9137
1.806
1.6357
0.76734
3.0273
1.994
1.9137
1.806
1.6357
0.76734
3.0273
1.994
1.9137
1.806
1.6357
0.76734
3.0273
1.994
1.9137
1.806
1.6357
0.76734
3.0273
1.994
1.9137
1.806
1.6357
0.76734
3.335
2.1966
2.1082
1.9896
1.802
0.84534
3.335
2.1966
2.1082
1.9896
1.802
0.84534
3.335
2.1966
2.1082
1.9896
1.802
0.84534
3.335
2.1966
2.1082
1.9896
1.802
0.84534
3.335
2.1966
2.1082
1.9896
1.802
0.84534
3.335
3.2304
2.1082
1.9896
1.802
0.84534
3.335
3.2304
3.1003
2.9258
2.65
1.2431
3.335
3.2304
3.1003
2.9258
2.65
1.2431
3.335
3.2304
3.1003
2.9258
2.65
1.2431
3.335
3.2304
3.1003
2.9258
2.65
1.2431
3.335
3.2304
3.1003
2.9258
2.65
1.2431
3.335
3.2304
3.1003
2.9258
2.65
1.2431
3.335
3.2304
3.1003
2.9258
2.65
1.2431
3.335
3.2304
3.1003
2.9258
2.65
1.2431
3.335
3.2304
3.1003
2.9258
2.65
1.2431
3.335
3.2304
3.1003
2.9258
2.65
1.2431
3.335
3.2304
3.1003
2.9258
2.65
1.2431
3.335
3.2304
3.1003
2.9258
2.65
1.2431
3.335
3.2304
3.1003
2.9258
2.65
1.2431
3.335
3.2304
2.1082
1.9896
1.802
0.84534
3.335
2.1966
2.1082
1.9896
1.802
0.84534
3.335
2.1966
2.1082
1.9896
1.802
0.84534
3.335
2.1966
2.1082
1.9896
1.802
0.84534
3.335
2.1966
2.1082
1.9896
1.802
0.84534
3.412
2.2474
2.1569
2.0355
1.8436
0.86487
3.412
2.2474
2.1569
2.0355
1.8436
0.86487
3.412
2.2474
2.1569
2.0355
1.8436
0.86487
3.412
2.2474
2.1569
2.0355
1.8436
0.86487
3.412
2.2474
2.1569
2.0355
1.8436
0.86487
3.412
3.305
2.1569
2.0355
1.8436
0.86487
3.412
3.305
3.1719
2.9934
2.7112
1.2719
3.412
3.305
3.1719
2.9934
2.7112
1.2719
3.412
3.305
3.1719
2.9934
2.7112
1.2719
3.412
3.305
3.1719
2.9934
2.7112
1.2719
3.412
3.305
3.1719
2.9934
2.7112
1.2719
3.412
3.305
3.1719
2.9934
2.7112
1.2719
3.412
3.305
3.1719
2.9934
2.7112
1.2719
3.412
3.305
3.1719
2.9934
2.7112
1.2719
3.412
3.305
3.1719
2.9934
2.7112
1.2719
3.412
3.305
3.1719
2.9934
2.7112
1.2719
3.412
3.305
3.1719
2.9934
2.7112
1.2719
3.412
3.305
3.1719
2.9934
2.7112
1.2719
3.412
3.305
3.1719
2.9934
2.7112
1.2719
3.412
3.305
2.1569
2.0355
1.8436
0.86487
3.412
2.2474
2.1569
2.0355
1.8436
0.86487
3.412
2.2474
2.1569
2.0355
1.8436
0.86487
3.412
2.2474
2.1569
2.0355
1.8436
0.86487
3.412
2.2474
2.1569
2.0355
1.8436
0.86487
3.2538
2.1432
2.0569
1.9411
1.7581
0.82477
3.2538
2.1432
2.0569
1.9411
1.7581
0.82477
3.2538
2.1432
2.0569
1.9411
1.7581
0.82477
3.2538
2.1432
2.0569
1.9411
1.7581
0.82477
3.2538
2.1432
2.0569
1.9411
1.7581
0.82477
3.2538
3.1517
2.0569
1.9411
1.7581
0.82477
3.2538
3.1517
3.0248
2.8546
2.5855
1.2129
3.2538
3.1517
3.0248
2.8546
2.5855
1.2129
3.2538
3.1517
3.0248
2.8546
2.5855
1.2129
3.2538
3.1517
3.0248
2.8546
2.5855
1.2129
3.2538
3.1517
3.0248
2.8546
2.5855
1.2129
3.2538
3.1517
3.0248
2.8546
2.5855
1.2129
3.2538
3.1517
3.0248
2.8546
2.5855
1.2129
3.2538
3.1517
3.0248
2.8546
2.5855
1.2129
3.2538
3.1517
3.0248
2.8546
2.5855
1.2129
3.2538
3.1517
3.0248
2.8546
2.5855
1.2129
3.2538
3.1517
3.0248
2.8546
2.5855
1.2129
3.2538
3.1517
3.0248
2.8546
2.5855
1.2129
3.2538
3.1517
3.0248
2.8546
2.5855
1.2129
3.2538
3.1517
2.0569
1.9411
1.7581
0.82477
3.2538
2.1432
2.0569
1.9411
1.7581
0.82477
3.2538
2.1432
2.0569
1.9411
1.7581
0.82477
3.2538
2.1432
2.0569
1.9411
1.7581
0.82477
3.2538
2.1432
2.0569
1.9411
1.7581
0.82477
2.0731
2.0081
1.9272
1.8188
1.6473
0.77277
2.0731
2.0081
1.9272
1.8188
1.6473
0.77277
2.0731
2.0081
1.9272
1.8188
1.6473
0.77277
2.0731
2.0081
1.9272
1.8188
1.6473
0.77277
2.0731
2.0081
1.9272
1.8188
1.6473
0.77277
2.0731
2.0081
1.9272
1.8188
1.6473
0.77277
2.0731
2.0081
1.9272
1.8188
1.6473
0.77277
2.0731
2.953
2.8341
2.6746
2.4225
1.1364
2.0731
2.953
2.8341
2.6746
2.4225
1.1364
2.0731
2.953
2.8341
2.6746
2.4225
1.1364
2.0731
2.953
2.8341
2.6746
2.4225
1.1364
2.0731
2.953
2.8341
2.6746
2.4225
1.1364
2.0731
2.953
2.8341
2.6746
2.4225
1.1364
2.0731
2.953
2.8341
2.6746
2.4225
1.1364
2.0731
2.953
2.8341
2.6746
2.4225
1.1364
2.0731
2.953
2.8341
2.6746
2.4225
1.1364
2.0731
2.953
2.8341
2.6746
2.4225
1.1364
2.0731
2.953
2.8341
2.6746
2.4225
1.1364
2.0731
2.0081
1.9272
1.8188
1.6473
0.77277
2.0731
2.0081
1.9272
1.8188
1.6473
0.77277
2.0731
2.0081
1.9272
1.8188
1.6473
0.77277
2.0731
2.0081
1.9272
1.8188
1.6473
0.77277
2.0731
2.0081
1.9272
1.8188
1.6473
0.77277
2.0731
2.0081
1.9272
1.8188
1.6473
0.77277
1.9355
1.8748
1.7993
1.698
1.5379
0.72148
1.9355
1.8748
1.7993
1.698
1.5379
0.72148
1.9355
1.8748
1.7993
1.698
1.5379
0.72148
1.9355
1.8748
1.7993
1.698
1.5379
0.72148
1.9355
1.8748
1.7993
1.698
1.5379
0.72148
1.9355
1.8748
1.7993
1.698
1.5379
0.72148
1.9355
1.8748
1.7993
1.698
1.5379
0.72148
1.9355
1.8748
1.7993
1.698
1.5379
0.72148
1.9355
1.8748
1.7993
1.698
2.2617
1.061
1.9355
1.8748
1.7993
2.4971
2.2617
1.061
1.9355
1.8748
1.7993
2.4971
2.2617
1.061
1.9355
1.8748
2.646
2.4971
2.2617
1.061
1.9355
1.8748
2.646
2.4971
2.2617
1.061
1.9355
1.8748
2.646
2.4971
2.2617
1.061
1.9355
1.8748
1.7993
2.4971
2.2617
1.061
1.9355
1.8748
1.7993
2.4971
2.2617
1.061
1.9355
1.8748
1.7993
1.698
2.2617
1.061
1.9355
1.8748
1.7993
1.698
1.5379
0.72148
1.9355
1.8748
1.7993
1.698
1.5379
0.72148
1.9355
1.8748
1.7993
1.698
1.5379
0.72148
1.9355
1.8748
1.7993
1.698
1.5379
0.72148
1.9355
1.8748
1.7993
1.698
1.5379
0.72148
1.9355
1.8748
1.7993
1.698
1.5379
0.72148
1.9355
1.8748
1.7993
1.698
1.5379
0.72148
3.5358
3.4249
3.287
2.1094
1.9105
0.89625
3.5358
3.4249
3.287
2.1094
1.9105
0.89625
3.5358
3.4249
3.287
2.1094
1.9105
0.89625
3.5358
3.4249
3.287
2.1094
1.9105
0.89625
3.5358
3.4249
3.287
3.102
2.8096
0.89625
3.5358
3.4249
3.287
3.102
2.8096
1.318
3.5358
3.4249
3.287
3.102
2.8096
1.318
3.5358
3.4249
3.287
3.102
2.8096
1.318
3.5358
3.4249
3.287
3.102
2.8096
1.318
3.5358
3.4249
3.287
3.102
2.8096
1.318
3.5358
3.4249
3.287
3.102
2.8096
1.318
3.5358
3.4249
3.287
3.102
2.8096
1.318
3.5358
3.4249
3.287
3.102
2.8096
1.318
3.5358
3.4249
3.287
3.102
2.8096
1.318
3.5358
3.4249
3.287
3.102
2.8096
1.318
3.5358
3.4249
3.287
3.102
2.8096
1.318
3.5358
3.4249
3.287
3.102
2.8096
1.318
3.5358
3.4249
3.287
3.102
2.8096
1.318
3.5358
3.4249
3.287
3.102
2.8096
1.318
3.5358
3.4249
3.287
3.102
2.8096
1.318
3.5358
3.4249
3.287
3.102
2.8096
0.89625
3.5358
3.4249
3.287
2.1094
1.9105
0.89625
3.5358
3.4249
3.287
2.1094
1.9105
0.89625
3.5358
3.4249
3.287
2.1094
1.9105
0.89625
10.355
10.03
6.5461
6.1777
5.5952
2.6248
10.355
10.03
6.5461
6.1777
5.5952
2.6248
10.355
10.03
6.5461
6.1777
5.5952
2.6248
10.355
10.03
9.6265
6.1777
5.5952
2.6248
10.355
10.03
9.6265
6.1777
5.5952
2.6248
10.355
10.03
9.6265
9.0848
8.2283
3.86
10.355
10.03
9.6265
9.0848
8.2283
3.86
10.355
10.03
9.6265
9.0848
8.2283
3.86
10.355
10.03
9.6265
9.0848
8.2283
3.86
10.355
10.03
9.6265
9.0848
8.2283
3.86
10.355
10.03
9.6265
9.0848
8.2283
3.86
10.355
10.03
9.6265
9.0848
8.2283
3.86
10.355
10.03
9.6265
9.0848
8.2283
3.86
10.355
10.03
9.6265
9.0848
8.2283
3.86
10.355
10.03
9.6265
9.0848
8.2283
3.86
10.355
10.03
9.6265
9.0848
8.2283
3.86
10.355
10.03
9.6265
9.0848
8.2283
3.86
10.355
10.03
9.6265
9.0848
8.2283
3.86
10.355
10.03
9.6265
9.0848
8.2283
3.86
10.355
10.03
9.6265
9.0848
8.2283
3.86
10.355
10.03
9.6265
6.1777
5.5952
2.6248
10.355
10.03
9.6265
6.1777
5.5952
2.6248
10.355
10.03
6.5461
6.1777
5.5952
2.6248
10.355
10.03
6.5461
6.1777
5.5952
2.6248
0
0
0
0
0
0
0
0
0
0
0
0
0
0
0
0
0
0
0
0
0
0
0
0
0
0
0
0
0
0
0
0
0
0
0
0
0
0
0
0
0
0
0
0
0
0
0
0
0
0
0
0
0
0
0
0
0
0
0
0
0
0
0
0
0
0
0
0
0
0
0
0
0
0
0
0
0
0
0
0
0
0
0
0
0
0
0
0
0
0
0
0
0
0
0
0
0
0
0
0
0
0
0
0
0
0
0
0
0
0
0
0
0
0
0
0
0
0
0
0
0
0
0
0
0
0
0
0
0
0
0
0
0
0
0
0
0
0
0
0
0
0
0
0
3.7278
2.4554
2.3565
2.2239
2.0143
0.94492
3.7278
2.4554
2.3565
2.2239
2.0143
0.94492
3.7278
2.4554
2.3565
2.2239
2.0143
0.94492
3.7278
2.4554
2.3565
2.2239
2.0143
0.94492
3.7278
2.4554
2.3565
2.2239
2.0143
0.94492
3.7278
2.4554
2.3565
2.2239
2.0143
0.94492
3.7278
3.6109
3.4655
3.2705
2.9621
1.3896
3.7278
3.6109
3.4655
3.2705
2.9621
1.3896
3.7278
3.6109
3.4655
3.2705
2.9621
1.3896
3.7278
3.6109
3.4655
3.2705
2.9621
1.3896
3.7278
3.6109
3.4655
3.2705
2.9621
1.3896
3.7278
3.6109
3.4655
3.2705
2.9621
1.3896
3.7278
3.6109
3.4655
3.2705
2.9621
1.3896
3.7278
3.6109
3.4655
3.2705
2.9621
1.3896
3.7278
3.6109
3.4655
3.2705
2.9621
1.3896
3.7278
3.6109
3.4655
3.2705
2.9621
1.3896
3.7278
3.6109
3.4655
3.2705
2.9621
1.3896
3.7278
3.6109
3.4655
3.2705
2.9621
1.3896
3.7278
3.6109
3.4655
3.2705
2.9621
1.3896
3.7278
2.4554
2.3565
2.2239
2.0143
0.94492
3.7278
2.4554
2.3565
2.2239
2.0143
0.94492
3.7278
2.4554
2.3565
2.2239
2.0143
0.94492
3.7278
2.4554
2.3565
2.2239
2.0143
0.94492
3.7278
2.4554
2.3565
2.2239
2.0143
0.94492
6.1777
4.069
3.9052
3.6854
3.338
1.5659
6.1777
4.069
3.9052
3.6854
3.338
1.5659
6.1777
4.069
3.9052
3.6854
3.338
1.5659
6.1777
4.069
3.9052
3.6854
3.338
1.5659
6.1777
4.069
3.9052
3.6854
3.338
1.5659
6.1777
5.9839
3.9052
3.6854
3.338
1.5659
6.1777
5.9839
5.7429
5.4197
4.9088
2.3028
6.1777
5.9839
5.7429
5.4197
4.9088
2.3028
6.1777
5.9839
5.7429
5.4197
4.9088
2.3028
6.1777
5.9839
5.7429
5.4197
4.9088
2.3028
6.1777
5.9839
5.7429
5.4197
4.9088
2.3028
6.1777
5.9839
5.7429
5.4197
4.9088
2.3028
6.1777
5.9839
5.7429
5.4197
4.9088
2.3028
6.1777
5.9839
5.7429
5.4197
4.9088
2.3028
6.1777
5.9839
5.7429
5.4197
4.9088
2.3028
6.1777
5.9839
5.7429
5.4197
4.9088
2.3028
6.1777
5.9839
5.7429
5.4197
4.9088
2.3028
6.1777
5.9839
5.7429
5.4197
4.9088
2.3028
6.1777
5.9839
5.7429
5.4197
4.9088
2.3028
6.1777
5.9839
3.9052
3.6854
3.338
1.5659
6.1777
4.069
3.9052
3.6854
3.338
1.5659
6.1777
4.069
3.9052
3.6854
3.338
1.5659
6.1777
4.069
3.9052
3.6854
3.338
1.5659
6.1777
4.069
3.9052
3.6854
3.338
1.5659
SCALARS temperature_C float 1
LOOKUP_TABLE default
55.804
53.732
47.516
37.155
22.65
4
55.804
53.732
47.516
37.155
22.65
4
55.804
53.732
47.516
37.155
22.65
4
55.804
53.732
47.516
37.155
22.65
4
55.804
53.732
47.516
37.155
22.65
4
55.804
53.732
47.516
37.155
22.65
4
55.804
53.732
47.516
37.155
22.65
4
55.804
53.732
47.516
37.155
22.65
4
55.804
53.732
47.516
37.155
22.65
4
55.804
53.732
47.516
37.155
22.65
4
55.804
53.732
47.516
37.155
22.65
4
55.804
53.732
47.516
37.155
22.65
4
55.804
53.732
47.516
37.155
22.65
4
55.804
53.732
47.516
37.155
22.65
4
55.804
53.732
47.516
37.155
22.65
4
55.804
53.732
47.516
37.155
22.65
4
55.804
53.732
47.516
37.155
22.65
4
55.804
53.732
47.516
37.155
22.65
4
55.804
53.732
47.516
37.155
22.65
4
55.804
53.732
47.516
37.155
22.65
4
55.804
53.732
47.516
37.155
22.65
4
55.804
53.732
47.516
37.155
22.65
4
55.804
53.732
47.516
37.155
22.65
4
55.804
53.732
47.516
37.155
22.65
4
53.728
51.739
45.771
35.826
21.902
4
53.728
51.739
45.771
35.826
21.902
4
53.728
51.739
45.771
35.826
21.902
4
53.728
51.739
45.771
35.826
21.902
4
53.728
51.739
45.771
35.826
21.902
4
53.728
51.739
45.771
35.826
21.902
4
53.728
51.739
45.771
35.826
21.902
4
53.728
51.739
45.771
35.826
21.902
4
53.728
51.739
45.771
35.826
21.902
4
53.728
51.739
45.771
35.826
21.902
4
53.728
51.739
45.771
35.826
21.902
4
53.728
51.739
45.771
35.826
21.902
4
53.728
51.739
45.771
35.826
21.902
4
53.728
51.739
45.771
35.826
21.902
4
53.728
51.739
45.771
35.826
21.902
4
53.728
51.739
45.771
35.826
21.902
4
53.728
51.739
45.771
35.826
21.902
4
53.728
51.739
45.771
35.826
21.902
4
53.728
51.739
45.771
35.826
21.902
4
53.728
51.739
45.771
35.826
21.902
4
53.728
51.739
45.771
35.826
21.902
4
53.728
51.739
45.771
35.826
21.902
4
53.728
51.739
45.771
35.826
21.902
4
53.728
51.739
45.771
35.826
21.902
4
51.517
49.616
43.914
34.411
21.106
4
51.517
49.616
43.914
34.411
21.106
4
51.517
49.616
43.914
34.411
21.106
4
51.517
49.616
43.914
34.411
21.106
4
51.517
49.616
43.914
34.411
21.106
4
51.517
49.616
43.914
34.411
21.106
4
51.517
49.616
43.914
34.411
21.106
4
51.517
49.616
43.914
34.411
21.106
4
51.517
49.616
43.914
34.411
21.106
4
51.517
49.616
43.914
34.411
21.106
4
51.517
49.616
43.914
34.411
21.106
4
51.517
49.616
43.914
34.411
21.106
4
51.517
49.616
43.914
34.411
21.106
4
51.517
49.616
43.914
34.411
21.106
4
51.517
49.616
43.914
34.411
21.106
4
51.517
49.616
43.914
34.411
21.106
4
51.517
49.616
43.914
34.411
21.106
4
51.517
49.616
43.914
34.411
21.106
4
51.517
49.616
43.914
34.411
21.106
4
51.517
49.616
43.914
34.411
21.106
4
51.517
49.616
43.914
34.411
21.106
4
51.517
49.616
43.914
34.411
21.106
4
51.517
49.616
43.914
34.411
21.106
4
51.517
49.616
43.914
34.411
21.106
4
49.355
47.541
42.098
33.027
20.328
4
49.355
47.541
42.098
33.027
20.328
4
49.355
47.541
42.098
33.027
20.328
4
49.355
47.541
42.098
33.027
20.328
4
49.355
47.541
42.098
33.027
20.328
4
49.355
47.541
42.098
33.027
20.328
4
49.355
47.541
42.098
33.027
20.328
4
49.355
47.541
42.098
33.027
20.328
4
49.355
47.541
42.098
33.027
20.328
4
49.355
47.541
42.098
33.027
20.328
4
49.355
47.541
42.098
33.027
20.328
4
49.355
47.541
42.098
33.027
20.328
4
49.355
47.541
42.098
33.027
20.328
4
49.355
47.541
42.098
33.027
20.328
4
49.355
47.541
42.098
33.027
20.328
4
49.355
47.541
42.098
33.027
20.328
4
49.355
47.541
42.098
33.027
20.328
4
49.355
47.541
42.098
33.027
20.328
4
49.355
47.541
42.098
33.027
20.328
4
49.355
47.541
42.098
33.027
20.328
4
49.355
47.541
42.098
33.027
20.328
4
49.355
47.541
42.098
33.027
20.328
4
49.355
47.541
42.098
33.027
20.328
4
49.355
47.541
42.098
33.027
20.328
4
47.415
45.678
40.468
31.785
19.629
4
47.415
45.678
40.468
31.785
19.629
4
47.415
45.678
40.468
31.785
19.629
4
47.415
45.678
40.468
31.785
19.629
4
47.415
45.678
40.468
31.785
19.629
4
47.415
45.678
40.468
31.785
19.629
4
47.415
45.678
40.468
31.785
19.629
4
47.415
45.678
40.468
31.785
19.629
4
47.415
45.678
40.468
31.785
19.629
4
47.415
45.678
40.468
31.785
19.629
4
47.415
45.678
40.468
31.785
19.629
4
47.415
45.678
40.468
31.785
19.629
4
47.415
45.678
40.468
31.785
19.629
4
47.415
45.678
40.468
31.785
19.629
4
47.415
45.678
40.468
31.785
19.629
4
47.415
45.678
40.468
31.785
19.629
4
47.415
45.678
40.468
31.785
19.629
4
47.415
45.678
40.468
31.785
19.629
4
47.415
45.678
40.468
31.785
19.629
4
47.415
45.678
40.468
31.785
19.629
4
47.415
45.678
40.468
31.785
19.629
4
47.415
45.678
40.468
31.785
19.629
4
47.415
45.678
40.468
31.785
19.629
4
47.415
45.678
40.468
31.785
19.629
4
45.626
43.961
38.966
30.641
18.985
4
45.626
43.961
38.966
30.641
18.985
4
45.626
43.961
38.966
30.641
18.985
4
45.626
43.961
38.966
30.641
18.985
4
45.626
43.961
38.966
30.641
18.985
4
45.626
43.961
38.966
30.641
18.985
4
45.626
43.961
38.966
30.641
18.985
4
45.626
43.961
38.966
30.641
18.985
4
45.626
43.961
38.966
30.641
18.985
4
45.626
43.961
38.966
30.641
18.985
4
45.626
43.961
38.966
30.641
18.985
4
45.626
43.961
38.966
30.641
18.985
4
45.626
43.961
38.966
30.641
18.985
4
45.626
43.961
38.966
30.641
18.985
4
45.626
43.961
38.966
30.641
18.985
4
45.626
43.961
38.966
30.641
18.985
4
45.626
43.961
38.966
30.641
18.985
4
45.626
43.961
38.966
30.641
18.985
4
45.626
43.961
38.966
30.641
18.985
4
45.626
43.961
38.966
30.641
18.985
4
45.626
43.961
38.966
30.641
18.985
4
45.626
43.961
38.966
30.641
18.985
4
45.626
43.961
38.966
30.641
18.985
4
45.626
43.961
38.966
30.641
18.985
4
42.27
40.739
36.147
28.493
17.777
4
42.27
40.739
36.147
28.493
17.777
4
42.27
40.739
36.147
28.493
17.777
4
42.27
40.739
36.147
28.493
17.777
4
42.27
40.739
36.147
28.493
17.777
4
42.27
40.739
36.147
28.493
17.777
4
42.27
40.739
36.147
28.493
17.777
4
42.27
40.739
36.147
28.493
17.777
4
42.27
40.739
36.147
28.493
17.777
4
42.27
40.739
36.147
28.493
17.777
4
42.27
40.739
36.147
28.493
17.777
4
42.27
40.739
36.147
28.493
17.777
4
42.27
40.739
36.147
28.493
17.777
4
42.27
40.739
36.147
28.493
17.777
4
42.27
40.739
36.147
28.493
17.777
4
42.27
40.739
36.147
28.493
17.777
4
42.27
40.739
36.147
28.493
17.777
4
42.27
40.739
36.147
28.493
17.777
4
42.27
40.739
36.147
28.493
17.777
4
42.27
40.739
36.147
28.493
17.777
4
42.27
40.739
36.147
28.493
17.777
4
42.27
40.739
36.147
28.493
17.777
4
42.27
40.739
36.147
28.493
17.777
4
42.27
40.739
36.147
28.493
17.777
4
40.609
39.145
34.752
27.43
17.179
4
40.609
39.145
34.752
27.43
17.179
4
40.609
39.145
34.752
27.43
17.179
4
40.609
39.145
34.752
27.43
17.179
4
40.609
39.145
34.752
27.43
17.179
4
40.609
39.145
34.752
27.43
17.179
4
40.609
39.145
34.752
27.43
17.179
4
40.609
39.145
34.752
27.43
17.179
4
40.609
39.145
34.752
27.43
17.179
4
40.609
39.145
34.752
27.43
17.179
4
40.609
39.145
34.752
27.43
17.179
4
40.609
39.145
34.752
27.43
17.179
4
40.609
39.145
34.752
27.43
17.179
4
40.609
39.145
34.752
27.43
17.179
4
40.609
39.145
34.752
27.43
17.179
4
40.609
39.145
34.752
27.43
17.179
4
40.609
39.145
34.752
27.43
17.179
4
40.609
39.145
34.752
27.43
17.179
4
40.609
39.145
34.752
27.43
17.179
4
40.609
39.145
34.752
27.43
17.179
4
40.609
39.145
34.752
27.43
17.179
4
40.609
39.145
34.752
27.43
17.179
4
40.609
39.145
34.752
27.43
17.179
4
40.609
39.145
34.752
27.43
17.179
4
39.083
37.679
33.47
26.453
16.63
4
39.083
37.679
33.47
26.453
16.63
4
39.083
37.679
33.47
26.453
16.63
4
39.083
37.679
33.47
26.453
16.63
4
39.083
37.679
33.47
26.453
16.63
4
39.083
37.679
33.47
26.453
16.63
4
39.083
37.679
33.47
26.453
16.63
4
39.083
37.679
33.47
26.453
16.63
4
39.083
37.679
33.47
26.453
16.63
4
39.083
37.679
33.47
26.453
16.63
4
39.083
37.679
33.47
26.453
16.63
4
39.083
37.679
33.47
26.453
16.63
4
39.083
37.679
33.47
26.453
16.63
4
39.083
37.679
33.47
26.453
16.63
4
39.083
37.679
33.47
26.453
16.63
4
39.083
37.679
33.47
26.453
16.63
4
39.083
37.679
33.47
26.453
16.63
4
39.083
37.679
33.47
26.453
16.63
4
39.083
37.679
33.47
26.453
16.63
4
39.083
37.679
33.47
26.453
16.63
4
39.083
37.679
33.47
26.453
16.63
4
39.083
37.679
33.47
26.453
16.63
4
39.083
37.679
33.47
26.453
16.63
4
39.083
37.679
33.47
26.453
16.63
4
37.68
36.332
32.291
25.555
16.125
4
37.68
36.332
32.291
25.555
16.125
4
37.68
36.332
32.291
25.555
16.125
4
37.68
36.332
32.291
25.555
16.125
4
37.68
36.332
32.291
25.555
16.125
4
37.68
36.332
32.291
25.555
16.125
4
37.68
36.332
32.291
25.555
16.125
4
37.68
36.332
32.291
25.555
16.125
4
37.68
36.332
32.291
25.555
16.125
4
37.68
36.332
32.291
25.555
16.125
4
37.68
36.332
32.291
25.555
16.125
4
37.68
36.332
32.291
25.555
16.125
4
37.68
36.332
32.291
25.555
16.125
4
37.68
36.332
32.291
25.555
16.125
4
37.68
36.332
32.291
25.555
16.125
4
37.68
36.332
32.291
25.555
16.125
4
37.68
36.332
32.291
25.555
16.125
4
37.68
36.332
32.291
25.555
16.125
4
37.68
36.332
32.291
25.555
16.125
4
37.68
36.332
32.291
25.555
16.125
4
37.68
36.332
32.291
25.555
16.125
4
37.68
36.332
32.291
25.555
16.125
4
37.68
36.332
32.291
25.555
16.125
4
37.68
36.332
32.291
25.555
16.125
4
36.38
35.085
31.199
24.723
15.657
4
36.38
35.085
31.199
24.723
15.657
4
36.38
35.085
31.199
24.723
15.657
4
36.38
35.085
31.199
24.723
15.657
4
36.38
35.085
31.199
24.723
15.657
4
36.38
35.085
31.199
24.723
15.657
4
36.38
35.085
31.199
24.723
15.657
4
36.38
35.085
31.199
24.723
15.657
4
36.38
35.085
31.199
24.723
15.657
4
36.38
35.085
31.199
24.723
15.657
4
36.38
35.085
31.199
24.723
15.657
4
36.38
35.085
31.199
24.723
15.657
4
36.38
35.085
31.199
24.723
15.657
4
36.38
35.085
31.199
24.723
15.657
4
36.38
35.085
31.199
24.723
15.657
4
36.38
35.085
31.199
24.723
15.657
4
36.38
35.085
31.199
24.723
15.657
4
36.38
35.085
31.199
24.723
15.657
4
36.38
35.085
31.199
24.723
15.657
4
36.38
35.085
31.199
24.723
15.657
4
36.38
35.085
31.199
24.723
15.657
4
36.38
35.085
31.199
24.723
15.657
4
36.38
35.085
31.199
24.723
15.657
4
36.38
35.085
31.199
24.723
15.657
4
35.152
33.906
30.168
23.937
15.215
4
35.152
33.906
30.168
23.937
15.215
4
35.152
33.906
30.168
23.937
15.215
4
35.152
33.906
30.168
23.937
15.215
4
35.152
33.906
30.168
23.937
15.215
4
35.152
33.906
30.168
23.937
15.215
4
35.152
33.906
30.168
23.937
15.215
4
35.152
33.906
30.168
23.937
15.215
4
35.152
33.906
30.168
23.937
15.215
4
35.152
33.906
30.168
23.937
15.215
4
35.152
33.906
30.168
23.937
15.215
4
35.152
33.906
30.168
23.937
15.215
4
35.152
33.906
30.168
23.937
15.215
4
35.152
33.906
30.168
23.937
15.215
4
35.152
33.906
30.168
23.937
15.215
4
35.152
33.906
30.168
23.937
15.215
4
35.152
33.906
30.168
23.937
15.215
4
35.152
33.906
30.168
23.937
15.215
4
35.152
33.906
30.168
23.937
15.215
4
35.152
33.906
30.168
23.937
15.215
4
35.152
33.906
30.168
23.937
15.215
4
35.152
33.906
30.168
23.937
15.215
4
35.152
33.906
30.168
23.937
15.215
4
35.152
33.906
30.168
23.937
15.215
4
32.737
31.587
28.139
22.391
14.345
4
32.737
31.587
28.139
22.391
14.345
4
32.737
31.587
28.139
22.391
14.345
4
32.737
31.587
28.139
22.391
14.345
4
32.737
31.587
28.139
22.391
14.345
4
32.737
31.587
28.139
22.391
14.345
4
32.737
31.587
28.139
22.391
14.345
4
32.737
31.587
28.139
22.391
14.345
4
32.737
31.587
28.139
22.391
14.345
4
32.737
31.587
28.139
22.391
14.345
4
32.737
31.587
28.139
22.391
14.345
4
32.737
31.587
28.139
22.391
14.345
4
32.737
31.587
28.139
22.391
14.345
4
32.737
31.587
28.139
22.391
14.345
4
32.737
31.587
28.139
22.391
14.345
4
32.737
31.587
28.139
22.391
14.345
4
32.737
31.587
28.139
22.391
14.345
4
32.737
31.587
28.139
22.391
14.345
4
32.737
31.587
28.139
22.391
14.345
4
32.737
31.587
28.139
22.391
14.345
4
32.737
31.587
28.139
22.391
14.345
4
32.737
31.587
28.139
22.391
14.345
4
32.737
31.587
28.139
22.391
14.345
4
32.737
31.587
28.139
22.391
14.345
4
31.416
30.319
27.029
21.546
13.87
4
31.416
30.319
27.029
21.546
13.87
4
31.416
30.319
27.029
21.546
13.87
4
31.416
30.319
27.029
21.546
13.87
4
31.416
30.319
27.029
21.546
13.87
4
31.416
30.319
27.029
21.546
13.87
4
31.416
30.319
27.029
21.546
13.87
4
31.416
30.319
27.029
21.546
13.87
4
31.416
30.319
27.029
21.546
13.87
4
31.416
30.319
27.029
21.546
13.87
4
31.416
30.319
27.029
21.546
13.87
4
31.416
30.319
27.029
21.546
13.87
4
31.416
30.319
27.029
21.546
13.87
4
31.416
30.319
27.029
21.546
13.87
4
31.416
30.319
27.029
21.546
13.87
4
31.416
30.319
27.029
21.546
13.87
4
31.416
30.319
27.029
21.546
13.87
4
31.416
30.319
27.029
21.546
13.87
4
31.416
30.319
27.029
21.546
13.87
4
31.416
30.319
27.029
21.546
13.87
4
31.416
30.319
27.029
21.546
13.87
4
31.416
30.319
27.029
21.546
13.87
4
31.416
30.319
27.029
21.546
13.87
4
31.416
30.319
27.029
21.546
13.87
4
30.273
29.222
26.069
20.814
13.458
4
30.273
29.222
26.069
20.814
13.458
4
30.273
29.222
26.069
20.814
13.458
4
30.273
29.222
26.069
20.814
13.458
4
30.273
29.222
26.069
20.814
13.458
4
30.273
29.222
26.069
20.814
13.458
4
30.273
29.222
26.069
20.814
13.458
4
30.273
29.222
26.069
20.814
13.458
4
30.273
29.222
26.069
20.814
13.458
4
30.273
29.222
26.069
20.814
13.458
4
30.273
29.222
26.069
20.814
13.458
4
30.273
29.222
26.069
20.814
13.458
4
30.273
29.222
26.069
20.814
13.458
4
30.273
29.222
26.069
20.814
13.458
4
30.273
29.222
26.069
20.814
13.458
4
30.273
29.222
26.069
20.814
13.458
4
30.273
29.222
26.069
20.814
13.458
4
30.273
29.222
26.069
20.814
13.458
4
30.273
29.222
26.069
20.814
13.458
4
30.273
29.222
26.069
20.814
13.458
4
30.273
29.222
26.069
20.814
13.458
4
30.273
29.222
26.069
20.814
13.458
4
30.273
29.222
26.069
20.814
13.458
4
30.273
29.222
26.069
20.814
13.458
4
29.288
28.276
25.242
20.184
13.104
4
29.288
28.276
25.242
20.184
13.104
4
29.288
28.276
25.242
20.184
13.104
4
29.288
28.276
25.242
20.184
13.104
4
29.288
28.276
25.242
20.184
13.104
4
29.288
28.276
25.242
20.184
13.104
4
29.288
28.276
25.242
20.184
13.104
4
29.288
28.276
25.242
20.184
13.104
4
29.288
28.276
25.242
20.184
13.104
4
29.288
28.276
25.242
20.184
13.104
4
29.288
28.276
25.242
20.184
13.104
4
29.288
28.276
25.242
20.184
13.104
4
29.288
28.276
25.242
20.184
13.104
4
29.288
28.276
25.242
20.184
13.104
4
29.288
28.276
25.242
20.184
13.104
4
29.288
28.276
25.242
20.184
13.104
4
29.288
28.276
25.242
20.184
13.104
4
29.288
28.276
25.242
20.184
13.104
4
29.288
28.276
25.242
20.184
13.104
4
29.288
28.276
25.242
20.184
13.104
4
29.288
28.276
25.242
20.184
13.104
4
29.288
28.276
25.242
20.184
13.104
4
29.288
28.276
25.242
20.184
13.104
4
29.288
28.276
25.242
20.184
13.104
4
28.376
27.401
24.476
19.601
12.776
4
28.376
27.401
24.476
19.601
12.776
4
28.376
27.401
24.476
19.601
12.776
4
28.376
27.401
24.476
19.601
12.776
4
28.376
27.401
24.476
19.601
12.776
4
28.376
27.401
24.476
19.601
12.776
4
28.376
27.401
24.476
19.601
12.776
4
28.376
27.401
24.476
19.601
12.776
4
28.376
27.401
24.476
19.601
12.776
4
28.376
27.401
24.476
19.601
12.776
4
28.376
27.401
24.476
19.601
12.776
4
28.376
27.401
24.476
19.601
12.776
4
28.376
27.401
24.476
19.601
12.776
4
28.376
27.401
24.476
19.601
12.776
4
28.376
27.401
24.476
19.601
12.776
4
28.376
27.401
24.476
19.601
12.776
4
28.376
27.401
24.476
19.601
12.776
4
28.376
27.401
24.476
19.601
12.776
4
28.376
27.401
24.476
19.601
12.776
4
28.376
27.401
24.476
19.601
12.776
4
28.376
27.401
24.476
19.601
12.776
4
28.376
27.401
24.476
19.601
12.776
4
28.376
27.401
24.476
19.601
12.776
4
28.376
27.401
24.476
19.601
12.776
4
27.516
26.575
23.753
19.05
12.466
4
27.516
26.575
23.753
19.05
12.466
4
27.516
26.575
23.753
19.05
12.466
4
27.516
26.575
23.753
19.05
12.466
4
27.516
26.575
23.753
19.05
12.466
4
27.516
26.575
23.753
19.05
12.466
4
27.516
26.575
23.753
19.05
12.466
4
27.516
26.575
23.753
19.05
12.466
4
27.516
26.575
23.753
19.05
12.466
4
27.516
26.575
23.753
19.05
12.466
4
27.516
26.575
23.753
19.05
12.466
4
27.516
26.575
23.753
19.05
12.466
4
27.516
26.575
23.753
19.05
12.466
4
27.516
26.575
23.753
19.05
12.466
4
27.516
26.575
23.753
19.05
12.466
4
27.516
26.575
23.753
19.05
12.466
4
27.516
26.575
23.753
19.05
12.466
4
27.516
26.575
23.753
19.05
12.466
4
27.516
26.575
23.753
19.05
12.466
4
27.516
26.575
23.753
19.05
12.466
4
27.516
26.575
23.753
19.05
12.466
4
27.516
26.575
23.753
19.05
12.466
4
27.516
26.575
23.753
19.05
12.466
4
27.516
26.575
23.753
19.05
12.466
4
25.82
24.948
22.329
17.965
11.855
4
25.82
24.948
22.329
17.965
11.855
4
25.82
24.948
22.329
17.965
11.855
4
25.82
24.948
22.329
17.965
11.855
4
25.82
24.948
22.329
17.965
11.855
4
25.82
24.948
22.329
17.965
11.855
4
25.82
24.948
22.329
17.965
11.855
4
25.82
24.948
22.329
17.965
11.855
4
25.82
24.948
22.329
17.965
11.855
4
25.82
24.948
22.329
17.965
11.855
4
25.82
24.948
22.329
17.965
11.855
4
25.82
24.948
22.329
17.965
11.855
4
25.82
24.948
22.329
17.965
11.855
4
25.82
24.948
22.329
17.965
11.855
4
25.82
24.948
22.329
17.965
11.855
4
25.82
24.948
22.329
17.965
11.855
4
25.82
24.948
22.329
17.965
11.855
4
25.82
24.948
22.329
17.965
11.855
4
25.82
24.948
22.329
17.965
11.855
4
25.82
24.948
22.329
17.965
11.855
4
25.82
24.948
22.329
17.965
11.855
4
25.82
24.948
22.329
17.965
11.855
4
25.82
24.948
22.329
17.965
11.855
4
25.82
24.948
22.329
17.965
11.855
4
24.957
24.119
21.604
17.413
11.545
4
24.957
24.119
21.604
17.413
11.545
4
24.957
24.119
21.604
17.413
11.545
4
24.957
24.119
21.604
17.413
11.545
4
24.957
24.119
21.604
17.413
11.545
4
24.957
24.119
21.604
17.413
11.545
4
24.957
24.119
21.604
17.413
11.545
4
24.957
24.119
21.604
17.413
11.545
4
24.957
24.119
21.604
17.413
11.545
4
24.957
24.119
21.604
17.413
11.545
4
24.957
24.119
21.604
17.413
11.545
4
24.957
24.119
21.604
17.413
11.545
4
24.957
24.119
21.604
17.413
11.545
4
24.957
24.119
21.604
17.413
11.545
4
24.957
24.119
21.604
17.413
11.545
4
24.957
24.119
21.604
17.413
11.545
4
24.957
24.119
21.604
17.413
11.545
4
24.957
24.119
21.604
17.413
11.545
4
24.957
24.119
21.604
17.413
11.545
4
24.957
24.119
21.604
17.413
11.545
4
24.957
24.119
21.604
17.413
11.545
4
24.957
24.119
21.604
17.413
11.545
4
24.957
24.119
21.604
17.413
11.545
4
24.957
24.119
21.604
17.413
11.545
4
24.119
23.314
20.9
16.876
11.243
4
24.119
23.314
20.9
16.876
11.243
4
24.119
23.314
20.9
16.876
11.243
4
24.119
23.314
20.9
16.876
11.243
4
24.119
23.314
20.9
16.876
11.243
4
24.119
23.314
20.9
16.876
11.243
4
24.119
23.314
20.9
16.876
11.243
4
24.119
23.314
20.9
16.876
11.243
4
24.119
23.314
20.9
16.876
11.243
4
24.119
23.314
20.9
16.876
11.243
4
24.119
23.314
20.9
16.876
11.243
4
24.119
23.314
20.9
16.876
11.243
4
24.119
23.314
20.9
16.876
11.243
4
24.119
23.314
20.9
16.876
11.243
4
24.119
23.314
20.9
16.876
11.243
4
24.119
23.314
20.9
16.876
11.243
4
24.119
23.314
20.9
16.876
11.243
4
24.119
23.314
20.9
16.876
11.243
4
24.119
23.314
20.9
16.876
11.243
4
24.119
23.314
20.9
16.876
11.243
4
24.119
23.314
20.9
16.876
11.243
4
24.119
23.314
20.9
16.876
11.243
4
24.119
23.314
20.9
16.876
11.243
4
24.119
23.314
20.9
16.876
11.243
4
23.354
22.579
20.257
16.386
10.967
4
23.354
22.579
20.257
16.386
10.967
4
23.354
22.579
20.257
16.386
10.967
4
23.354
22.579
20.257
16.386
10.967
4
23.354
22.579
20.257
16.386
10.967
4
23.354
22.579
20.257
16.386
10.967
4
23.354
22.579
20.257
16.386
10.967
4
23.354
22.579
20.257
16.386
10.967
4
23.354
22.579
20.257
16.386
10.967
4
23.354
22.579
20.257
16.386
10.967
4
23.354
22.579
20.257
16.386
10.967
4
23.354
22.579
20.257
16.386
10.967
4
23.354
22.579
20.257
16.386
10.967
4
23.354
22.579
20.257
16.386
10.967
4
23.354
22.579
20.257
16.386
10.967
4
23.354
22.579
20.257
16.386
10.967
4
23.354
22.579
20.257
16.386
10.967
4
23.354
22.579
20.257
16.386
10.967
4
23.354
22.579
20.257
16.386
10.967
4
23.354
22.579
20.257
16.386
10.967
4
23.354
22.579
20.257
16.386
10.967
4
23.354
22.579
20.257
16.386
10.967
4
23.354
22.579
20.257
16.386
10.967
4
23.354
22.579
20.257
16.386
10.967
4
22.64
21.894
19.658
15.93
10.71
4
22.64
21.894
19.658
15.93
10.71
4
22.64
21.894
19.658
15.93
10.71
4
22.64
21.894
19.658
15.93
10.71
4
22.64
21.894
19.658
15.93
10.71
4
22.64
21.894
19.658
15.93
10.71
4
22.64
21.894
19.658
15.93
10.71
4
22.64
21.894
19.658
15.93
10.71
4
22.64
21.894
19.658
15.93
10.71
4
22.64
21.894
19.658
15.93
10.71
4
22.64
21.894
19.658
15.93
10.71
4
22.64
21.894
19.658
15.93
10.71
4
22.64
21.894
19.658
15.93
10.71
4
22.64
21.894
19.658
15.93
10.71
4
22.64
21.894
19.658
15.93
10.71
4
22.64
21.894
19.658
15.93
10.71
4
22.64
21.894
19.658
15.93
10.71
4
22.64
21.894
19.658
15.93
10.71
4
22.64
21.894
19.658
15.93
10.71
4
22.64
21.894
19.658
15.93
10.71
4
22.64
21.894
19.658
15.93
10.71
4
22.64
21.894
19.658
15.93
10.71
4
22.64
21.894
19.658
15.93
10.71
4
22.64
21.894
19.658
15.93
10.71
4
21.957
21.239
19.084
15.492
10.464
4
21.957
21.239
19.084
15.492
10.464
4
21.957
21.239
19.084
15.492
10.464
4
21.957
21.239
19.084
15.492
10.464
4
21.957
21.239
19.084
15.492
10.464
4
21.957
21.239
19.084
15.492
10.464
4
21.957
21.239
19.084
15.492
10.464
4
21.957
21.239
19.084
15.492
10.464
4
21.957
21.239
19.084
15.492
10.464
4
21.957
21.239
19.084
15.492
10.464
4
21.957
21.239
19.084
15.492
10.464
4
21.957
21.239
19.084
15.492
10.464
4
21.957
21.239
19.084
15.492
10.464
4
21.957
21.239
19.084
15.492
10.464
4
21.957
21.239
19.084
15.492
10.464
4
21.957
21.239
19.084
15.492
10.464
4
21.957
21.239
19.084
15.492
10.464
4
21.957
21.239
19.084
15.492
10.464
4
21.957
21.239
19.084
15.492
10.464
4
21.957
21.239
19.084
15.492
10.464
4
21.957
21.239
19.084
15.492
10.464
4
21.957
21.239
19.084
15.492
10.464
4
21.957
21.239
19.084
15.492
10.464
4
21.957
21.239
19.084
15.492
10.464
4
20.594
19.93
17.939
14.62
9.9739
4
20.594
19.93
17.939
14.62
9.9739
4
20.594
19.93
17.939
14.62
9.9739
4
20.594
19.93
17.939
14.62
9.9739
4
20.594
19.93
17.939
14.62
9.9739
4
20.594
19.93
17.939
14.62
9.9739
4
20.594
19.93
17.939
14.62
9.9739
4
20.594
19.93
17.939
14.62
9.9739
4
20.594
19.93
17.939
14.62
9.9739
4
20.594
19.93
17.939
14.62
9.9739
4
20.594
19.93
17.939
14.62
9.9739
4
20.594
19.93
17.939
14.62
9.9739
4
20.594
19.93
17.939
14.62
9.9739
4
20.594
19.93
17.939
14.62
9.9739
4
20.594
19.93
17.939
14.62
9.9739
4
20.594
19.93
17.939
14.62
9.9739
4
20.594
19.93
17.939
14.62
9.9739
4
20.594
19.93
17.939
14.62
9.9739
4
20.594
19.93
17.939
14.62
9.9739
4
20.594
19.93
17.939
14.62
9.9739
4
20.594
19.93
17.939
14.62
9.9739
4
20.594
19.93
17.939
14.62
9.9739
4
20.594
19.93
17.939
14.62
9.9739
4
20.594
19.93
17.939
14.62
9.9739
4
19.957
19.319
17.404
14.213
9.7446
4
19.957
19.319
17.404
14.213
9.7446
4
19.957
19.319
17.404
14.213
9.7446
4
19.957
19.319
17.404
14.213
9.7446
4
19.957
19.319
17.404
14.213
9.7446
4
19.957
19.319
17.404
14.213
9.7446
4
19.957
19.319
17.404
14.213
9.7446
4
19.957
19.319
17.404
14.213
9.7446
4
19.957
19.319
17.404
14.213
9.7446
4
19.957
19.319
17.404
14.213
9.7446
4
19.957
19.319
17.404
14.213
9.7446
4
19.957
19.319
17.404
14.213
9.7446
4
19.957
19.319
17.404
14.213
9.7446
4
19.957
19.319
17.404
14.213
9.7446
4
19.957
19.319
17.404
14.213
9.7446
4
19.957
19.319
17.404
14.213
9.7446
4
19.957
19.319
17.404
14.213
9.7446
4
19.957
19.319
17.404
14.213
9.7446
4
19.957
19.319
17.404
14.213
9.7446
4
19.957
19.319
17.404
14.213
9.7446
4
19.957
19.319
17.404
14.213
9.7446
4
19.957
19.319
17.404
14.213
9.7446
4
19.957
19.319
17.404
14.213
9.7446
4
19.957
19.319
17.404
14.213
9.7446
4
19.395
18.779
16.931
13.853
9.5421
4
19.395
18.779
16.931
13.853
9.5421
4
19.395
18.779
16.931
13.853
9.5421
4
19.395
18.779
16.931
13.853
9.5421
4
19.395
18.779
16.931
13.853
9.5421
4
19.395
18.779
16.931
13.853
9.5421
4
19.395
18.779
16.931
13.853
9.5421
4
19.395
18.779
16.931
13.853
9.5421
4
19.395
18.779
16.931
13.853
9.5421
4
19.395
18.779
16.931
13.853
9.5421
4
19.395
18.779
16.931
13.853
9.5421
4
19.395
18.779
16.931
13.853
9.5421
4
19.395
18.779
16.931
13.853
9.5421
4
19.395
18.779
16.931
13.853
9.5421
4
19.395
18.779
16.931
13.853
9.5421
4
19.395
18.779
16.931
13.853
9.5421
4
19.395
18.779
16.931
13.853
9.5421
4
19.395
18.779
16.931
13.853
9.5421
4
19.395
18.779
16.931
13.853
9.5421
4
19.395
18.779
16.931
13.853
9.5421
4
19.395
18.779
16.931
13.853
9.5421
4
19.395
18.779
16.931
13.853
9.5421
4
19.395
18.779
16.931
13.853
9.5421
4
19.395
18.779
16.931
13.853
9.5421
4
18.87
18.276
16.491
13.517
9.3534
4
18.87
18.276
16.491
13.517
9.3534
4
18.87
18.276
16.491
13.517
9.3534
4
18.87
18.276
16.491
13.517
9.3534
4
18.87
18.276
16.491
13.517
9.3534
4
18.87
18.276
16.491
13.517
9.3534
4
18.87
18.276
16.491
13.517
9.3534
4
18.87
18.276
16.491
13.517
9.3534
4
18.87
18.276
16.491
13.517
9.3534
4
18.87
18.276
16.491
13.517
9.3534
4
18.87
18.276
16.491
13.517
9.3534
4
18.87
18.276
16.491
13.517
9.3534
4
18.87
18.276
16.491
13.517
9.3534
4
18.87
18.276
16.491
13.517
9.3534
4
18.87
18.276
16.491
13.517
9.3534
4
18.87
18.276
16.491
13.517
9.3534
4
18.87
18.276
16.491
13.517
9.3534
4
18.87
18.276
16.491
13.517
9.3534
4
18.87
18.276
16.491
13.517
9.3534
4
18.87
18.276
16.491
13.517
9.3534
4
18.87
18.276
16.491
13.517
9.3534
4
18.87
18.276
16.491
13.517
9.3534
4
18.87
18.276
16.491
13.517
9.3534
4
18.87
18.276
16.491
13.517
9.3534
4
18.373
17.798
16.074
13.199
9.1744
4
18.373
17.798
16.074
13.199
9.1744
4
18.373
17.798
16.074
13.199
9.1744
4
18.373
17.798
16.074
13.199
9.1744
4
18.373
17.798
16.074
13.199
9.1744
4
18.373
17.798
16.074
13.199
9.1744
4
18.373
17.798
16.074
13.199
9.1744
4
18.373
17.798
16.074
13.199
9.1744
4
18.373
17.798
16.074
13.199
9.1744
4
18.373
17.798
16.074
13.199
9.1744
4
18.373
17.798
16.074
13.199
9.1744
4
18.373
17.798
16.074
13.199
9.1744
4
18.373
17.798
16.074
13.199
9.1744
4
18.373
17.798
16.074
13.199
9.1744
4
18.373
17.798
16.074
13.199
9.1744
4
18.373
17.798
16.074
13.199
9.1744
4
18.373
17.798
16.074
13.199
9.1744
4
18.373
17.798
16.074
13.199
9.1744
4
18.373
17.798
16.074
13.199
9.1744
4
18.373
17.798
16.074
13.199
9.1744
4
18.373
17.798
16.074
13.199
9.1744
4
18.373
17.798
16.074
13.199
9.1744
4
18.373
17.798
16.074
13.199
9.1744
4
18.373
17.798
16.074
13.199
9.1744
4
17.885
17.33
15.664
12.887
8.9987
4
17.885
17.33
15.664
12.887
8.9987
4
17.885
17.33
15.664
12.887
8.9987
4
17.885
17.33
15.664
12.887
8.9987
4
17.885
17.33
15.664
12.887
8.9987
4
17.885
17.33
15.664
12.887
8.9987
4
17.885
17.33
15.664
12.887
8.9987
4
17.885
17.33
15.664
12.887
8.9987
4
17.885
17.33
15.664
12.887
8.9987
4
17.885
17.33
15.664
12.887
8.9987
4
17.885
17.33
15.664
12.887
8.9987
4
17.885
17.33
15.664
12.887
8.9987
4
17.885
17.33
15.664
12.887
8.9987
4
17.885
17.33
15.664
12.887
8.9987
4
17.885
17.33
15.664
12.887
8.9987
4
17.885
17.33
15.664
12.887
8.9987
4
17.885
17.33
15.664
12.887
8.9987
4
17.885
17.33
15.664
12.887
8.9987
4
17.885
17.33
15.664
12.887
8.9987
4
17.885
17.33
15.664
12.887
8.9987
4
17.885
17.33
15.664
12.887
8.9987
4
17.885
17.33
15.664
12.887
8.9987
4
17.885
17.33
15.664
12.887
8.9987
4
17.885
17.33
15.664
12.887
8.9987
4
16.827
16.314
14.774
12.209
8.6176
4
16.827
16.314
14.774
12.209
8.6176
4
16.827
16.314
14.774
12.209
8.6176
4
16.827
16.314
14.774
12.209
8.6176
4
16.827
16.314
14.774
12.209
8.6176
4
16.827
16.314
14.774
12.209
8.6176
4
16.827
16.314
14.774
12.209
8.6176
4
16.827
16.314
14.774
12.209
8.6176
4
16.827
16.314
14.774
12.209
8.6176
4
16.827
16.314
14.774
12.209
8.6176
4
16.827
16.314
14.774
12.209
8.6176
4
16.827
16.314
14.774
12.209
8.6176
4
16.827
16.314
14.774
12.209
8.6176
4
16.827
16.314
14.774
12.209
8.6176
4
16.827
16.314
14.774
12.209
8.6176
4
16.827
16.314
14.774
12.209
8.6176
4
16.827
16.314
14.774
12.209
8.6176
4
16.827
16.314
14.774
12.209
8.6176
4
16.827
16.314
14.774
12.209
8.6176
4
16.827
16.314
14.774
12.209
8.6176
4
16.827
16.314
14.774
12.209
8.6176
4
16.827
16.314
14.774
12.209
8.6176
4
16.827
16.314
14.774
12.209
8.6176
4
16.827
16.314
14.774
12.209
8.6176
4
16.333
15.839
14.36
11.893
8.4398
4
16.333
15.839
14.36
11.893
8.4398
4
16.333
15.839
14.36
11.893
8.4398
4
16.333
15.839
14.36
11.893
8.4398
4
16.333
15.839
14.36
11.893
8.4398
4
16.333
15.839
14.36
11.893
8.4398
4
16.333
15.839
14.36
11.893
8.4398
4
16.333
15.839
14.36
11.893
8.4398
4
16.333
15.839
14.36
11.893
8.4398
4
16.333
15.839
14.36
11.893
8.4398
4
16.333
15.839
14.36
11.893
8.4398
4
16.333
15.839
14.36
11.893
8.4398
4
16.333
15.839
14.36
11.893
8.4398
4
16.333
15.839
14.36
11.893
8.4398
4
16.333
15.839
14.36
11.893
8.4398
4
16.333
15.839
14.36
11.893
8.4398
4
16.333
15.839
14.36
11.893
8.4398
4
16.333
15.839
14.36
11.893
8.4398
4
16.333
15.839
14.36
11.893
8.4398
4
16.333
15.839
14.36
11.893
8.4398
4
16.333
15.839
14.36
11.893
8.4398
4
16.333
15.839
14.36
11.893
8.4398
4
16.333
15.839
14.36
11.893
8.4398
4
16.333
15.839
14.36
11.893
8.4398
4
15.896
15.42
13.993
11.613
8.2826
4
15.896
15.42
13.993
11.613
8.2826
4
15.896
15.42
13.993
11.613
8.2826
4
15.896
15.42
13.993
11.613
8.2826
4
15.896
15.42
13.993
11.613
8.2826
4
15.896
15.42
13.993
11.613
8.2826
4
15.896
15.42
13.993
11.613
8.2826
4
15.896
15.42
13.993
11.613
8.2826
4
15.896
15.42
13.993
11.613
8.2826
4
15.896
15.42
13.993
11.613
8.2826
4
15.896
15.42
13.993
11.613
8.2826
4
15.896
15.42
13.993
11.613
8.2826
4
15.896
15.42
13.993
11.613
8.2826
4
15.896
15.42
13.993
11.613
8.2826
4
15.896
15.42
13.993
11.613
8.2826
4
15.896
15.42
13.993
11.613
8.2826
4
15.896
15.42
13.993
11.613
8.2826
4
15.896
15.42
13.993
11.613
8.2826
4
15.896
15.42
13.993
11.613
8.2826
4
15.896
15.42
13.993
11.613
8.2826
4
15.896
15.42
13.993
11.613
8.2826
4
15.896
15.42
13.993
11.613
8.2826
4
15.896
15.42
13.993
11.613
8.2826
4
15.896
15.42
13.993
11.613
8.2826
4
15.491
15.031
13.652
11.354
8.1367
4
15.491
15.031
13.652
11.354
8.1367
4
15.491
15.031
13.652
11.354
8.1367
4
15.491
15.031
13.652
11.354
8.1367
4
15.491
15.031
13.652
11.354
8.1367
4
15.491
15.031
13.652
11.354
8.1367
4
15.491
15.031
13.652
11.354
8.1367
4
15.491
15.031
13.652
11.354
8.1367
4
15.491
15.031
13.652
11.354
8.1367
4
15.491
15.031
13.652
11.354
8.1367
4
15.491
15.031
13.652
11.354
8.1367
4
15.491
15.031
13.652
11.354
8.1367
4
15.491
15.031
13.652
11.354
8.1367
4
15.491
15.031
13.652
11.354
8.1367
4
15.491
15.031
13.652
11.354
8.1367
4
15.491
15.031
13.652
11.354
8.1367
4
15.491
15.031
13.652
11.354
8.1367
4
15.491
15.031
13.652
11.354
8.1367
4
15.491
15.031
13.652
11.354
8.1367
4
15.491
15.031
13.652
11.354
8.1367
4
15.491
15.031
13.652
11.354
8.1367
4
15.491
15.031
13.652
11.354
8.1367
4
15.491
15.031
13.652
11.354
8.1367
4
15.491
15.031
13.652
11.354
8.1367
4
15.108
14.663
13.33
11.109
7.9987
4
15.108
14.663
13.33
11.109
7.9987
4
15.108
14.663
13.33
11.109
7.9987
4
15.108
14.663
13.33
11.109
7.9987
4
15.108
14.663
13.33
11.109
7.9987
4
15.108
14.663
13.33
11.109
7.9987
4
15.108
14.663
13.33
11.109
7.9987
4
15.108
14.663
13.33
11.109
7.9987
4
15.108
14.663
13.33
11.109
7.9987
4
15.108
14.663
13.33
11.109
7.9987
4
15.108
14.663
13.33
11.109
7.9987
4
15.108
14.663
13.33
11.109
7.9987
4
15.108
14.663
13.33
11.109
7.9987
4
15.108
14.663
13.33
11.109
7.9987
4
15.108
14.663
13.33
11.109
7.9987
4
15.108
14.663
13.33
11.109
7.9987
4
15.108
14.663
13.33
11.109
7.9987
4
15.108
14.663
13.33
11.109
7.9987
4
15.108
14.663
13.33
11.109
7.9987
4
15.108
14.663
13.33
11.109
7.9987
4
15.108
14.663
13.33
11.109
7.9987
4
15.108
14.663
13.33
11.109
7.9987
4
15.108
14.663
13.33
11.109
7.9987
4
15.108
14.663
13.33
11.109
7.9987
4
14.731
14.302
13.014
10.868
7.8632
4
14.731
14.302
13.014
10.868
7.8632
4
14.731
14.302
13.014
10.868
7.8632
4
14.731
14.302
13.014
10.868
7.8632
4
14.731
14.302
13.014
10.868
7.8632
4
14.731
14.302
13.014
10.868
7.8632
4
14.731
14.302
13.014
10.868
7.8632
4
14.731
14.302
13.014
10.868
7.8632
4
14.731
14.302
13.014
10.868
7.8632
4
14.731
14.302
13.014
10.868
7.8632
4
14.731
14.302
13.014
10.868
7.8632
4
14.731
14.302
13.014
10.868
7.8632
4
14.731
14.302
13.014
10.868
7.8632
4
14.731
14.302
13.014
10.868
7.8632
4
14.731
14.302
13.014
10.868
7.8632
4
14.731
14.302
13.014
10.868
7.8632
4
14.731
14.302
13.014
10.868
7.8632
4
14.731
14.302
13.014
10.868
7.8632
4
14.731
14.302
13.014
10.868
7.8632
4
14.731
14.302
13.014
10.868
7.8632
4
14.731
14.302
13.014
10.868
7.8632
4
14.731
14.302
13.014
10.868
7.8632
4
14.731
14.302
13.014
10.868
7.8632
4
14.731
14.302
13.014
10.868
7.8632
4
13.965
13.566
12.37
10.377
7.5872
4
13.965
13.566
12.37
10.377
7.5872
4
13.965
13.566
12.37
10.377
7.5872
4
13.965
13.566
12.37
10.377
7.5872
4
13.965
13.566
12.37
10.377
7.5872
4
13.965
13.566
12.37
10.377
7.5872
4
13.965
13.566
12.37
10.377
7.5872
4
13.965
13.566
12.37
10.377
7.5872
4
13.965
13.566
12.37
10.377
7.5872
4
13.965
13.566
12.37
10.377
7.5872
4
13.965
13.566
12.37
10.377
7.5872
4
13.965
13.566
12.37
10.377
7.5872
4
13.965
13.566
12.37
10.377
7.5872
4
13.965
13.566
12.37
10.377
7.5872
4
13.965
13.566
12.37
10.377
7.5872
4
13.965
13.566
12.37
10.377
7.5872
4
13.965
13.566
12.37
10.377
7.5872
4
13.965
13.566
12.37
10.377
7.5872
4
13.965
13.566
12.37
10.377
7.5872
4
13.965
13.566
12.37
10.377
7.5872
4
13.965
13.566
12.37
10.377
7.5872
4
13.965
13.566
12.37
10.377
7.5872
4
13.965
13.566
12.37
10.377
7.5872
4
13.965
13.566
12.37
10.377
7.5872
4
13.594
13.211
12.059
10.14
7.454
4
13.594
13.211
12.059
10.14
7.454
4
13.594
13.211
12.059
10.14
7.454
4
13.594
13.211
12.059
10.14
7.454
4
13.594
13.211
12.059
10.14
7.454
4
13.594
13.211
12.059
10.14
7.454
4
13.594
13.211
12.059
10.14
7.454
4
13.594
13.211
12.059
10.14
7.454
4
13.594
13.211
12.059
10.14
7.454
4
13.594
13.211
12.059
10.14
7.454
4
13.594
13.211
12.059
10.14
7.454
4
13.594
13.211
12.059
10.14
7.454
4
13.594
13.211
12.059
10.14
7.454
4
13.594
13.211
12.059
10.14
7.454
4
13.594
13.211
12.059
10.14
7.454
4
13.594
13.211
12.059
10.14
7.454
4
13.594
13.211
12.059
10.14
7.454
4
13.594
13.211
12.059
10.14
7.454
4
13.594
13.211
12.059
10.14
7.454
4
13.594
13.211
12.059
10.14
7.454
4
13.594
13.211
12.059
10.14
7.454
4
13.594
13.211
12.059
10.14
7.454
4
13.594
13.211
12.059
10.14
7.454
4
13.594
13.211
12.059
10.14
7.454
4
13.253
12.883
11.773
9.922
7.3311
4
13.253
12.883
11.773
9.922
7.3311
4
13.253
12.883
11.773
9.922
7.3311
4
13.253
12.883
11.773
9.922
7.3311
4
13.253
12.883
11.773
9.922
7.3311
4
13.253
12.883
11.773
9.922
7.3311
4
13.253
12.883
11.773
9.922
7.3311
4
13.253
12.883
11.773
9.922
7.3311
4
13.253
12.883
11.773
9.922
7.3311
4
13.253
12.883
11.773
9.922
7.3311
4
13.253
12.883
11.773
9.922
7.3311
4
13.253
12.883
11.773
9.922
7.3311
4
13.253
12.883
11.773
9.922
7.3311
4
13.253
12.883
11.773
9.922
7.3311
4
13.253
12.883
11.773
9.922
7.3311
4
13.253
12.883
11.773
9.922
7.3311
4
13.253
12.883
11.773
9.922
7.3311
4
13.253
12.883
11.773
9.922
7.3311
4
13.253
12.883
11.773
9.922
7.3311
4
13.253
12.883
11.773
9.922
7.3311
4
13.253
12.883
11.773
9.922
7.3311
4
13.253
12.883
11.773
9.922
7.3311
4
13.253
12.883
11.773
9.922
7.3311
4
13.253
12.883
11.773
9.922
7.3311
4
12.932
12.575
11.503
9.7165
7.2155
4
12.932
12.575
11.503
9.7165
7.2155
4
12.932
12.575
11.503
9.7165
7.2155
4
12.932
12.575
11.503
9.7165
7.2155
4
12.932
12.575
11.503
9.7165
7.2155
4
12.932
12.575
11.503
9.7165
7.2155
4
12.932
12.575
11.503
9.7165
7.2155
4
12.932
12.575
11.503
9.7165
7.2155
4
12.932
12.575
11.503
9.7165
7.2155
4
12.932
12.575
11.503
9.7165
7.2155
4
12.932
12.575
11.503
9.7165
7.2155
4
12.932
12.575
11.503
9.7165
7.2155
4
12.932
12.575
11.503
9.7165
7.2155
4
12.932
12.575
11.503
9.7165
7.2155
4
12.932
12.575
11.503
9.7165
7.2155
4
12.932
12.575
11.503
9.7165
7.2155
4
12.932
12.575
11.503
9.7165
7.2155
4
12.932
12.575
11.503
9.7165
7.2155
4
12.932
12.575
11.503
9.7165
7.2155
4
12.932
12.575
11.503
9.7165
7.2155
4
12.932
12.575
11.503
9.7165
7.2155
4
12.932
12.575
11.503
9.7165
7.2155
4
12.932
12.575
11.503
9.7165
7.2155
4
12.932
12.575
11.503
9.7165
7.2155
4
12.586
12.243
11.212
9.4951
7.091
4
12.586
12.243
11.212
9.4951
7.091
4
12.586
12.243
11.212
9.4951
7.091
4
12.586
12.243
11.212
9.4951
7.091
4
12.586
12.243
11.212
9.4951
7.091
4
12.586
12.243
11.212
9.4951
7.091
4
12.586
12.243
11.212
9.4951
7.091
4
12.586
12.243
11.212
9.4951
7.091
4
12.586
12.243
11.212
9.4951
7.091
4
12.586
12.243
11.212
9.4951
7.091
4
12.586
12.243
11.212
9.4951
7.091
4
12.586
12.243
11.212
9.4951
7.091
4
12.586
12.243
11.212
9.4951
7.091
4
12.586
12.243
11.212
9.4951
7.091
4
12.586
12.243
11.212
9.4951
7.091
4
12.586
12.243
11.212
9.4951
7.091
4
12.586
12.243
11.212
9.4951
7.091
4
12.586
12.243
11.212
9.4951
7.091
4
12.586
12.243
11.212
9.4951
7.091
4
12.586
12.243
11.212
9.4951
7.091
4
12.586
12.243
11.212
9.4951
7.091
4
12.586
12.243
11.212
9.4951
7.091
4
12.586
12.243
11.212
9.4951
7.091
4
12.586
12.243
11.212
9.4951
7.091
4
12.238
11.909
10.92
9.2726
6.9658
4
12.238
11.909
10.92
9.2726
6.9658
4
12.238
11.909
10.92
9.2726
6.9658
4
12.238
11.909
10.92
9.2726
6.9658
4
12.238
11.909
10.92
9.2726
6.9658
4
12.238
11.909
10.92
9.2726
6.9658
4
12.238
11.909
10.92
9.2726
6.9658
4
12.238
11.909
10.92
9.2726
6.9658
4
12.238
11.909
10.92
9.2726
6.9658
4
12.238
11.909
10.92
9.2726
6.9658
4
12.238
11.909
10.92
9.2726
6.9658
4
12.238
11.909
10.92
9.2726
6.9658
4
12.238
11.909
10.92
9.2726
6.9658
4
12.238
11.909
10.92
9.2726
6.9658
4
12.238
11.909
10.92
9.2726
6.9658
4
12.238
11.909
10.92
9.2726
6.9658
4
12.238
11.909
10.92
9.2726
6.9658
4
12.238
11.909
10.92
9.2726
6.9658
4
12.238
11.909
10.92
9.2726
6.9658
4
12.238
11.909
10.92
9.2726
6.9658
4
12.238
11.909
10.92
9.2726
6.9658
4
12.238
11.909
10.92
9.2726
6.9658
4
12.238
11.909
10.92
9.2726
6.9658
4
12.238
11.909
10.92
9.2726
6.9658
4
11.548
11.246
10.34
8.8307
6.7173
4
11.548
11.246
10.34
8.8307
6.7173
4
11.548
11.246
10.34
8.8307
6.7173
4
11.548
11.246
10.34
8.8307
6.7173
4
11.548
11.246
10.34
8.8307
6.7173
4
11.548
11.246
10.34
8.8307
6.7173
4
11.548
11.246
10.34
8.8307
6.7173
4
11.548
11.246
10.34
8.8307
6.7173
4
11.548
11.246
10.34
8.8307
6.7173
4
11.548
11.246
10.34
8.8307
6.7173
4
11.548
11.246
10.34
8.8307
6.7173
4
11.548
11.246
10.34
8.8307
6.7173
4
11.548
11.246
10.34
8.8307
6.7173
4
11.548
11.246
10.34
8.8307
6.7173
4
11.548
11.246
10.34
8.8307
6.7173
4
11.548
11.246
10.34
8.8307
6.7173
4
11.548
11.246
10.34
8.8307
6.7173
4
11.548
11.246
10.34
8.8307
6.7173
4
11.548
11.246
10.34
8.8307
6.7173
4
11.548
11.246
10.34
8.8307
6.7173
4
11.548
11.246
10.34
8.8307
6.7173
4
11.548
11.246
10.34
8.8307
6.7173
4
11.548
11.246
10.34
8.8307
6.7173
4
11.548
11.246
10.34
8.8307
6.7173
4
11.248
10.958
10.088
8.6388
6.6093
4
11.248
10.958
10.088
8.6388
6.6093
4
11.248
10.958
10.088
8.6388
6.6093
4
11.248
10.958
10.088
8.6388
6.6093
4
11.248
10.958
10.088
8.6388
6.6093
4
11.248
10.958
10.088
8.6388
6.6093
4
11.248
10.958
10.088
8.6388
6.6093
4
11.248
10.958
10.088
8.6388
6.6093
4
11.248
10.958
10.088
8.6388
6.6093
4
11.248
10.958
10.088
8.6388
6.6093
4
11.248
10.958
10.088
8.6388
6.6093
4
11.248
10.958
10.088
8.6388
6.6093
4
11.248
10.958
10.088
8.6388
6.6093
4
11.248
10.958
10.088
8.6388
6.6093
4
11.248
10.958
10.088
8.6388
6.6093
4
11.248
10.958
10.088
8.6388
6.6093
4
11.248
10.958
10.088
8.6388
6.6093
4
11.248
10.958
10.088
8.6388
6.6093
4
11.248
10.958
10.088
8.6388
6.6093
4
11.248
10.958
10.088
8.6388
6.6093
4
11.248
10.958
10.088
8.6388
6.6093
4
11.248
10.958
10.088
8.6388
6.6093
4
11.248
10.958
10.088
8.6388
6.6093
4
11.248
10.958
10.088
8.6388
6.6093
4
11.066
10.783
9.9356
8.5223
6.5438
4
11.066
10.783
9.9356
8.5223
6.5438
4
11.066
10.783
9.9356
8.5223
6.5438
4
11.066
10.783
9.9356
8.5223
6.5438
4
11.066
10.783
9.9356
8.5223
6.5438
4
11.066
10.783
9.9356
8.5223
6.5438
4
11.066
10.783
9.9356
8.5223
6.5438
4
11.066
10.783
9.9356
8.5223
6.5438
4
11.066
10.783
9.9356
8.5223
6.5438
4
11.066
10.783
9.9356
8.5223
6.5438
4
11.066
10.783
9.9356
8.5223
6.5438
4
11.066
10.783
9.9356
8.5223
6.5438
4
11.066
10.783
9.9356
8.5223
6.5438
4
11.066
10.783
9.9356
8.5223
6.5438
4
11.066
10.783
9.9356
8.5223
6.5438
4
11.066
10.783
9.9356
8.5223
6.5438
4
11.066
10.783
9.9356
8.5223
6.5438
4
11.066
10.783
9.9356
8.5223
6.5438
4
11.066
10.783
9.9356
8.5223
6.5438
4
11.066
10.783
9.9356
8.5223
6.5438
4
11.066
10.783
9.9356
8.5223
6.5438
4
11.066
10.783
9.9356
8.5223
6.5438
4
11.066
10.783
9.9356
8.5223
6.5438
4
11.066
10.783
9.9356
8.5223
6.5438
4
10.795
10.523
9.7077
8.3487
6.4462
4
10.795
10.523
9.7077
8.3487
6.4462
4
10.795
10.523
9.7077
8.3487
6.4462
4
10.795
10.523
9.7077
8.3487
6.4462
4
10.795
10.523
9.7077
8.3487
6.4462
4
10.795
10.523
9.7077
8.3487
6.4462
4
10.795
10.523
9.7077
8.3487
6.4462
4
10.795
10.523
9.7077
8.3487
6.4462
4
10.795
10.523
9.7077
8.3487
6.4462
4
10.795
10.523
9.7077
8.3487
6.4462
4
10.795
10.523
9.7077
8.3487
6.4462
4
10.795
10.523
9.7077
8.3487
6.4462
4
10.795
10.523
9.7077
8.3487
6.4462
4
10.795
10.523
9.7077
8.3487
6.4462
4
10.795
10.523
9.7077
8.3487
6.4462
4
10.795
10.523
9.7077
8.3487
6.4462
4
10.795
10.523
9.7077
8.3487
6.4462
4
10.795
10.523
9.7077
8.3487
6.4462
4
10.795
10.523
9.7077
8.3487
6.4462
4
10.795
10.523
9.7077
8.3487
6.4462
4
10.795
10.523
9.7077
8.3487
6.4462
4
10.795
10.523
9.7077
8.3487
6.4462
4
10.795
10.523
9.7077
8.3487
6.4462
4
10.795
10.523
9.7077
8.3487
6.4462
4
10.529
10.268
9.4843
8.1785
6.3504
4
10.529
10.268
9.4843
8.1785
6.3504
4
10.529
10.268
9.4843
8.1785
6.3504
4
10.529
10.268
9.4843
8.1785
6.3504
4
10.529
10.268
9.4843
8.1785
6.3504
4
10.529
10.268
9.4843
8.1785
6.3504
4
10.529
10.268
9.4843
8.1785
6.3504
4
10.529
10.268
9.4843
8.1785
6.3504
4
10.529
10.268
9.4843
8.1785
6.3504
4
10.529
10.268
9.4843
8.1785
6.3504
4
10.529
10.268
9.4843
8.1785
6.3504
4
10.529
10.268
9.4843
8.1785
6.3504
4
10.529
10.268
9.4843
8.1785
6.3504
4
10.529
10.268
9.4843
8.1785
6.3504
4
10.529
10.268
9.4843
8.1785
6.3504
4
10.529
10.268
9.4843
8.1785
6.3504
4
10.529
10.268
9.4843
8.1785
6.3504
4
10.529
10.268
9.4843
8.1785
6.3504
4
10.529
10.268
9.4843
8.1785
6.3504
4
10.529
10.268
9.4843
8.1785
6.3504
4
10.529
10.268
9.4843
8.1785
6.3504
4
10.529
10.268
9.4843
8.1785
6.3504
4
10.529
10.268
9.4843
8.1785
6.3504
4
10.529
10.268
9.4843
8.1785
6.3504
4
10.45
10.192
9.418
8.128
6.322
4
10.45
10.192
9.418
8.128
6.322
4
10.45
10.192
9.418
8.128
6.322
4
10.45
10.192
9.418
8.128
6.322
4
10.45
10.192
9.418
8.128
6.322
4
10.45
10.192
9.418
8.128
6.322
4
10.45
10.192
9.418
8.128
6.322
4
10.45
10.192
9.418
8.128
6.322
4
10.45
10.192
9.418
8.128
6.322
4
10.45
10.192
9.418
8.128
6.322
4
10.45
10.192
9.418
8.128
6.322
4
10.45
10.192
9.418
8.128
6.322
4
10.45
10.192
9.418
8.128
6.322
4
10.45
10.192
9.418
8.128
6.322
4
10.45
10.192
9.418
8.128
6.322
4
10.45
10.192
9.418
8.128
6.322
4
10.45
10.192
9.418
8.128
6.322
4
10.45
10.192
9.418
8.128
6.322
4
10.45
10.192
9.418
8.128
6.322
4
10.45
10.192
9.418
8.128
6.322
4
10.45
10.192
9.418
8.128
6.322
4
10.45
10.192
9.418
8.128
6.322
4
10.45
10.192
9.418
8.128
6.322
4
10.45
10.192
9.418
8.128
6.322
4
10.129
9.8837
9.1482
7.9224
6.2064
4
10.129
9.8837
9.1482
7.9224
6.2064
4
10.129
9.8837
9.1482
7.9224
6.2064
4
10.129
9.8837
9.1482
7.9224
6.2064
4
10.129
9.8837
9.1482
7.9224
6.2064
4
10.129
9.8837
9.1482
7.9224
6.2064
4
10.129
9.8837
9.1482
7.9224
6.2064
4
10.129
9.8837
9.1482
7.9224
6.2064
4
10.129
9.8837
9.1482
7.9224
6.2064
4
10.129
9.8837
9.1482
7.9224
6.2064
4
10.129
9.8837
9.1482
7.9224
6.2064
4
10.129
9.8837
9.1482
7.9224
6.2064
4
10.129
9.8837
9.1482
7.9224
6.2064
4
10.129
9.8837
9.1482
7.9224
6.2064
4
10.129
9.8837
9.1482
7.9224
6.2064
4
10.129
9.8837
9.1482
7.9224
6.2064
4
10.129
9.8837
9.1482
7.9224
6.2064
4
10.129
9.8837
9.1482
7.9224
6.2064
4
10.129
9.8837
9.1482
7.9224
6.2064
4
10.129
9.8837
9.1482
7.9224
6.2064
4
10.129
9.8837
9.1482
7.9224
6.2064
4
10.129
9.8837
9.1482
7.9224
6.2064
4
10.129
9.8837
9.1482
7.9224
6.2064
4
10.129
9.8837
9.1482
7.9224
6.2064
4
9.9056
9.6694
8.9607
7.7796
6.126
4
9.9056
9.6694
8.9607
7.7796
6.126
4
9.9056
9.6694
8.9607
7.7796
6.126
4
9.9056
9.6694
8.9607
7.7796
6.126
4
9.9056
9.6694
8.9607
7.7796
6.126
4
9.9056
9.6694
8.9607
7.7796
6.126
4
9.9056
9.6694
8.9607
7.7796
6.126
4
9.9056
9.6694
8.9607
7.7796
6.126
4
9.9056
9.6694
8.9607
7.7796
6.126
4
9.9056
9.6694
8.9607
7.7796
6.126
4
9.9056
9.6694
8.9607
7.7796
6.126
4
9.9056
9.6694
8.9607
7.7796
6.126
4
9.9056
9.6694
8.9607
7.7796
6.126
4
9.9056
9.6694
8.9607
7.7796
6.126
4
9.9056
9.6694
8.9607
7.7796
6.126
4
9.9056
9.6694
8.9607
7.7796
6.126
4
9.9056
9.6694
8.9607
7.7796
6.126
4
9.9056
9.6694
8.9607
7.7796
6.126
4
9.9056
9.6694
8.9607
7.7796
6.126
4
9.9056
9.6694
8.9607
7.7796
6.126
4
9.9056
9.6694
8.9607
7.7796
6.126
4
9.9056
9.6694
8.9607
7.7796
6.126
4
9.9056
9.6694
8.9607
7.7796
6.126
4
9.9056
9.6694
8.9607
7.7796
6.126
4
9.6944
9.4667
8.7833
7.6444
6.05
4
9.6944
9.4667
8.7833
7.6444
6.05
4
9.6944
9.4667
8.7833
7.6444
6.05
4
9.6944
9.4667
8.7833
7.6444
6.05
4
9.6944
9.4667
8.7833
7.6444
6.05
4
9.6944
9.4667
8.7833
7.6444
6.05
4
9.6944
9.4667
8.7833
7.6444
6.05
4
9.6944
9.4667
8.7833
7.6444
6.05
4
9.6944
9.4667
8.7833
7.6444
6.05
4
9.6944
9.4667
8.7833
7.6444
6.05
4
9.6944
9.4667
8.7833
7.6444
6.05
4
9.6944
9.4667
8.7833
7.6444
6.05
4
9.6944
9.4667
8.7833
7.6444
6.05
4
9.6944
9.4667
8.7833
7.6444
6.05
4
9.6944
9.4667
8.7833
7.6444
6.05
4
9.6944
9.4667
8.7833
7.6444
6.05
4
9.6944
9.4667
8.7833
7.6444
6.05
4
9.6944
9.4667
8.7833
7.6444
6.05
4
9.6944
9.4667
8.7833
7.6444
6.05
4
9.6944
9.4667
8.7833
7.6444
6.05
4
9.6944
9.4667
8.7833
7.6444
6.05
4
9.6944
9.4667
8.7833
7.6444
6.05
4
9.6944
9.4667
8.7833
7.6444
6.05
4
9.6944
9.4667
8.7833
7.6444
6.05
4
9.486
9.2665
8.6082
7.511
5.975
4
9.486
9.2665
8.6082
7.511
5.975
4
9.486
9.2665
8.6082
7.511
5.975
4
9.486
9.2665
8.6082
7.511
5.975
4
9.486
9.2665
8.6082
7.511
5.975
4
9.486
9.2665
8.6082
7.511
5.975
4
9.486
9.2665
8.6082
7.511
5.975
4
9.486
9.2665
8.6082
7.511
5.975
4
9.486
9.2665
8.6082
7.511
5.975
4
9.486
9.2665
8.6082
7.511
5.975
4
9.486
9.2665
8.6082
7.511
5.975
4
9.486
9.2665
8.6082
7.511
5.975
4
9.486
9.2665
8.6082
7.511
5.975
4
9.486
9.2665
8.6082
7.511
5.975
4
9.486
9.2665
8.6082
7.511
5.975
4
9.486
9.2665
8.6082
7.511
5.975
4
9.486
9.2665
8.6082
7.511
5.975
4
9.486
9.2665
8.6082
7.511
5.975
4
9.486
9.2665
8.6082
7.511
5.975
4
9.486
9.2665
8.6082
7.511
5.975
4
9.486
9.2665
8.6082
7.511
5.975
4
9.486
9.2665
8.6082
7.511
5.975
4
9.486
9.2665
8.6082
7.511
5.975
4
9.486
9.2665
8.6082
7.511
5.975
4
9.405
9.1888
8.5402
7.4592
5.9458
4
9.405
9.1888
8.5402
7.4592
5.9458
4
9.405
9.1888
8.5402
7.4592
5.9458
4
9.405
9.1888
8.5402
7.4592
5.9458
4
9.405
9.1888
8.5402
7.4592
5.9458
4
9.405
9.1888
8.5402
7.4592
5.9458
4
9.405
9.1888
8.5402
7.4592
5.9458
4
9.405
9.1888
8.5402
7.4592
5.9458
4
9.405
9.1888
8.5402
7.4592
5.9458
4
9.405
9.1888
8.5402
7.4592
5.9458
4
9.405
9.1888
8.5402
7.4592
5.9458
4
9.405
9.1888
8.5402
7.4592
5.9458
4
9.405
9.1888
8.5402
7.4592
5.9458
4
9.405
9.1888
8.5402
7.4592
5.9458
4
9.405
9.1888
8.5402
7.4592
5.9458
4
9.405
9.1888
8.5402
7.4592
5.9458
4
9.405
9.1888
8.5402
7.4592
5.9458
4
9.405
9.1888
8.5402
7.4592
5.9458
4
9.405
9.1888
8.5402
7.4592
5.9458
4
9.405
9.1888
8.5402
7.4592
5.9458
4
9.405
9.1888
8.5402
7.4592
5.9458
4
9.405
9.1888
8.5402
7.4592
5.9458
4
9.405
9.1888
8.5402
7.4592
5.9458
4
9.405
9.1888
8.5402
7.4592
5.9458
4
9.2845
9.0731
8.439
7.3821
5.9024
4
9.2845
9.0731
8.439
7.3821
5.9024
4
9.2845
9.0731
8.439
7.3821
5.9024
4
9.2845
9.0731
8.439
7.3821
5.9024
4
9.2845
9.0731
8.439
7.3821
5.9024
4
9.2845
9.0731
8.439
7.3821
5.9024
4
9.2845
9.0731
8.439
7.3821
5.9024
4
9.2845
9.0731
8.439
7.3821
5.9024
4
9.2845
9.0731
8.439
7.3821
5.9024
4
9.2845
9.0731
8.439
7.3821
5.9024
4
9.2845
9.0731
8.439
7.3821
5.9024
4
9.2845
9.0731
8.439
7.3821
5.9024
4
9.2845
9.0731
8.439
7.3821
5.9024
4
9.2845
9.0731
8.439
7.3821
5.9024
4
9.2845
9.0731
8.439
7.3821
5.9024
4
9.2845
9.0731
8.439
7.3821
5.9024
4
9.2845
9.0731
8.439
7.3821
5.9024
4
9.2845
9.0731
8.439
7.3821
5.9024
4
9.2845
9.0731
8.439
7.3821
5.9024
4
9.2845
9.0731
8.439
7.3821
5.9024
4
9.2845
9.0731
8.439
7.3821
5.9024
4
9.2845
9.0731
8.439
7.3821
5.9024
4
9.2845
9.0731
8.439
7.3821
5.9024
4
9.2845
9.0731
8.439
7.3821
5.9024
4
9.5279
9.3068
8.6434
7.5378
5.99
4
9.5279
9.3068
8.6434
7.5378
5.99
4
9.5279
9.3068
8.6434
7.5378
5.99
4
9.5279
9.3068
8.6434
7.5378
5.99
4
9.5279
9.3068
8.6434
7.5378
5.99
4
9.5279
9.3068
8.6434
7.5378
5.99
4
9.5279
9.3068
8.6434
7.5378
5.99
4
9.5279
9.3068
8.6434
7.5378
5.99
4
9.5279
9.3068
8.6434
7.5378
5.99
4
9.5279
9.3068
8.6434
7.5378
5.99
4
9.5279
9.3068
8.6434
7.5378
5.99
4
9.5279
9.3068
8.6434
7.5378
5.99
4
9.5279
9.3068
8.6434
7.5378
5.99
4
9.5279
9.3068
8.6434
7.5378
5.99
4
9.5279
9.3068
8.6434
7.5378
5.99
4
9.5279
9.3068
8.6434
7.5378
5.99
4
9.5279
9.3068
8.6434
7.5378
5.99
4
9.5279
9.3068
8.6434
7.5378
5.99
4
9.5279
9.3068
8.6434
7.5378
5.99
4
9.5279
9.3068
8.6434
7.5378
5.99
4
9.5279
9.3068
8.6434
7.5378
5.99
4
9.5279
9.3068
8.6434
7.5378
5.99
4
9.5279
9.3068
8.6434
7.5378
5.99
4
9.5279
9.3068
8.6434
7.5378
5.99
4
9.415
9.1984
8.5486
7.4656
5.9494
4
9.415
9.1984
8.5486
7.4656
5.9494
4
9.415
9.1984
8.5486
7.4656
5.9494
4
9.415
9.1984
8.5486
7.4656
5.9494
4
9.415
9.1984
8.5486
7.4656
5.9494
4
9.415
9.1984
8.5486
7.4656
5.9494
4
9.415
9.1984
8.5486
7.4656
5.9494
4
9.415
9.1984
8.5486
7.4656
5.9494
4
9.415
9.1984
8.5486
7.4656
5.9494
4
9.415
9.1984
8.5486
7.4656
5.9494
4
9.415
9.1984
8.5486
7.4656
5.9494
4
9.415
9.1984
8.5486
7.4656
5.9494
4
9.415
9.1984
8.5486
7.4656
5.9494
4
9.415
9.1984
8.5486
7.4656
5.9494
4
9.415
9.1984
8.5486
7.4656
5.9494
4
9.415
9.1984
8.5486
7.4656
5.9494
4
9.415
9.1984
8.5486
7.4656
5.9494
4
9.415
9.1984
8.5486
7.4656
5.9494
4
9.415
9.1984
8.5486
7.4656
5.9494
4
9.415
9.1984
8.5486
7.4656
5.9494
4
9.415
9.1984
8.5486
7.4656
5.9494
4
9.415
9.1984
8.5486
7.4656
5.9494
4
9.415
9.1984
8.5486
7.4656
5.9494
4
9.415
9.1984
8.5486
7.4656
5.9494
4
9.3645
9.15
8.5062
7.4333
5.9312
4
9.3645
9.15
8.5062
7.4333
5.9312
4
9.3645
9.15
8.5062
7.4333
5.9312
4
9.3645
9.15
8.5062
7.4333
5.9312
4
9.3645
9.15
8.5062
7.4333
5.9312
4
9.3645
9.15
8.5062
7.4333
5.9312
4
9.3645
9.15
8.5062
7.4333
5.9312
4
9.3645
9.15
8.5062
7.4333
5.9312
4
9.3645
9.15
8.5062
7.4333
5.9312
4
9.3645
9.15
8.5062
7.4333
5.9312
4
9.3645
9.15
8.5062
7.4333
5.9312
4
9.3645
9.15
8.5062
7.4333
5.9312
4
9.3645
9.15
8.5062
7.4333
5.9312
4
9.3645
9.15
8.5062
7.4333
5.9312
4
9.3645
9.15
8.5062
7.4333
5.9312
4
9.3645
9.15
8.5062
7.4333
5.9312
4
9.3645
9.15
8.5062
7.4333
5.9312
4
9.3645
9.15
8.5062
7.4333
5.9312
4
9.3645
9.15
8.5062
7.4333
5.9312
4
9.3645
9.15
8.5062
7.4333
5.9312
4
9.3645
9.15
8.5062
7.4333
5.9312
4
9.3645
9.15
8.5062
7.4333
5.9312
4
9.3645
9.15
8.5062
7.4333
5.9312
4
9.3645
9.15
8.5062
7.4333
5.9312
4
8.5759
8.3929
7.8438
6.9286
5.6473
4
8.5759
8.3929
7.8438
6.9286
5.6473
4
8.5759
8.3929
7.8438
6.9286
5.6473
4
8.5759
8.3929
7.8438
6.9286
5.6473
4
8.5759
8.3929
7.8438
6.9286
5.6473
4
8.5759
8.3929
7.8438
6.9286
5.6473
4
8.5759
8.3929
7.8438
6.9286
5.6473
4
8.5759
8.3929
7.8438
6.9286
5.6473
4
8.5759
8.3929
7.8438
6.9286
5.6473
4
8.5759
8.3929
7.8438
6.9286
5.6473
4
8.5759
8.3929
7.8438
6.9286
5.6473
4
8.5759
8.3929
7.8438
6.9286
5.6473
4
8.5759
8.3929
7.8438
6.9286
5.6473
4
8.5759
8.3929
7.8438
6.9286
5.6473
4
8.5759
8.3929
7.8438
6.9286
5.6473
4
8.5759
8.3929
7.8438
6.9286
5.6473
4
8.5759
8.3929
7.8438
6.9286
5.6473
4
8.5759
8.3929
7.8438
6.9286
5.6473
4
8.5759
8.3929
7.8438
6.9286
5.6473
4
8.5759
8.3929
7.8438
6.9286
5.6473
4
8.5759
8.3929
7.8438
6.9286
5.6473
4
8.5759
8.3929
7.8438
6.9286
5.6473
4
8.5759
8.3929
7.8438
6.9286
5.6473
4
8.5759
8.3929
7.8438
6.9286
5.6473
4
8.5294
8.3482
7.8047
6.8988
5.6306
4
8.5294
8.3482
7.8047
6.8988
5.6306
4
8.5294
8.3482
7.8047
6.8988
5.6306
4
8.5294
8.3482
7.8047
6.8988
5.6306
4
8.5294
8.3482
7.8047
6.8988
5.6306
4
8.5294
8.3482
7.8047
6.8988
5.6306
4
8.5294
8.3482
7.8047
6.8988
5.6306
4
8.5294
8.3482
7.8047
6.8988
5.6306
4
8.5294
8.3482
7.8047
6.8988
5.6306
4
8.5294
8.3482
7.8047
6.8988
5.6306
4
8.5294
8.3482
7.8047
6.8988
5.6306
4
8.5294
8.3482
7.8047
6.8988
5.6306
4
8.5294
8.3482
7.8047
6.8988
5.6306
4
8.5294
8.3482
7.8047
6.8988
5.6306
4
8.5294
8.3482
7.8047
6.8988
5.6306
4
8.5294
8.3482
7.8047
6.8988
5.6306
4
8.5294
8.3482
7.8047
6.8988
5.6306
4
8.5294
8.3482
7.8047
6.8988
5.6306
4
8.5294
8.3482
7.8047
6.8988
5.6306
4
8.5294
8.3482
7.8047
6.8988
5.6306
4
8.5294
8.3482
7.8047
6.8988
5.6306
4
8.5294
8.3482
7.8047
6.8988
5.6306
4
8.5294
8.3482
7.8047
6.8988
5.6306
4
8.5294
8.3482
7.8047
6.8988
5.6306
4
7.9865
7.8271
7.3487
6.5514
5.4352
4
7.9865
7.8271
7.3487
6.5514
5.4352
4
7.9865
7.8271
7.3487
6.5514
5.4352
4
7.9865
7.8271
7.3487
6.5514
5.4352
4
7.9865
7.8271
7.3487
6.5514
5.4352
4
7.9865
7.8271
7.3487
6.5514
5.4352
4
7.9865
7.8271
7.3487
6.5514
5.4352
4
7.9865
7.8271
7.3487
6.5514
5.4352
4
7.9865
7.8271
7.3487
6.5514
5.4352
4
7.9865
7.8271
7.3487
6.5514
5.4352
4
7.9865
7.8271
7.3487
6.5514
5.4352
4
7.9865
7.8271
7.3487
6.5514
5.4352
4
7.9865
7.8271
7.3487
6.5514
5.4352
4
7.9865
7.8271
7.3487
6.5514
5.4352
4
7.9865
7.8271
7.3487
6.5514
5.4352
4
7.9865
7.8271
7.3487
6.5514
5.4352
4
7.9865
7.8271
7.3487
6.5514
5.4352
4
7.9865
7.8271
7.3487
6.5514
5.4352
4
7.9865
7.8271
7.3487
6.5514
5.4352
4
7.9865
7.8271
7.3487
6.5514
5.4352
4
7.9865
7.8271
7.3487
6.5514
5.4352
4
7.9865
7.8271
7.3487
6.5514
5.4352
4
7.9865
7.8271
7.3487
6.5514
5.4352
4
7.9865
7.8271
7.3487
6.5514
5.4352
4
SCALARS phase_liquid float 1
LOOKUP_TABLE default
0
1
1
1
1
1
0
1
1
1
1
1
0
1
1
1
1
1
0
1
1
1
1
1
0
0
1
1
1
1
0
0
0
1
1
1
0
0
0
0
0
0
0
0
0
0
0
0
0
0
0
0
0
0
0
0
0
0
0
0
0
0
0
0
0
0
0
0
0
0
0
0
0
0
0
0
0
0
0
0
0
0
0
0
0
0
0
0
0
0
0
0
0
0
0
0
0
0
0
0
0
0
0
0
0
0
0
0
0
0
0
0
0
0
0
0
0
1
1
1
0
0
1
1
1
1
0
1
1
1
1
1
0
1
1
1
1
1
0
1
1
1
1
1
0
1
1
1
1
1
0
1
1
1
1
1
0
1
1
1
1
1
0
1
1
1
1
1
0
1
1
1
1
1
0
0
1
1
1
1
0
0
0
0
0
0
0
0
0
0
0
0
0
0
0
0
0
0
0
0
0
0
0
0
0
0
0
0
0
0
0
0
0
0
0
0
0
0
0
0
0
0
0
0
0
0
0
0
0
0
0
0
0
0
0
0
0
0
0
0
0
0
0
0
0
0
0
0
0
0
0
0
0
0
0
0
0
0
0
0
1
1
1
1
0
1
1
1
1
1
0
1
1
1
1
1
0
1
1
1
1
1
0
1
1
1
1
1
1
1
1
1
1
1
1
1
1
1
1
1
1
1
1
1
1
1
1
1
1
1
1
1
1
1
1
1
1
1
1
1
1
1
1
1
1
1
1
1
1
1
1
0
0
0
0
0
1
0
0
0
0
0
1
0
0
0
0
0
1
0
0
0
0
0
1
0
0
0
0
0
1
0
0
0
0
0
1
0
0
0
0
0
1
0
0
0
0
0
1
0
0
0
0
0
1
0
0
0
0
0
1
0
0
0
0
0
1
1
1
1
1
1
1
1
1
1
1
1
1
1
1
1
1
1
1
1
1
1
1
1
1
1
1
1
1
1
1
1
1
1
1
1
1
1
1
1
1
1
1
1
1
1
1
1
1
1
1
1
1
1
1
1
1
1
1
1
1
1
1
1
1
1
1
1
1
1
1
1
1
1
1
1
1
1
1
0
0
0
0
0
1
0
0
0
0
0
1
0
0
0
0
0
1
0
0
0
0
0
1
0
0
0
0
0
1
0
0
0
0
0
1
0
0
0
0
0
1
0
0
0
0
0
1
0
0
0
0
0
1
0
0
0
0
0
1
0
0
0
0
0
1
1
1
1
1
1
1
1
1
1
1
1
1
1
1
1
1
1
1
1
1
1
1
1
1
1
1
1
1
1
1
1
1
1
1
1
0
1
1
1
1
1
0
1
1
1
1
1
0
1
1
1
1
1
0
1
1
1
1
1
0
1
1
1
1
1
0
1
1
1
1
1
0
0
0
0
0
0
0
0
0
0
0
0
0
0
0
0
0
0
0
0
0
0
0
0
0
0
0
0
0
0
0
0
0
0
0
0
0
0
0
0
0
0
0
0
0
0
0
0
0
0
0
0
0
0
0
0
0
0
0
0
0
0
0
0
0
0
0
0
0
0
0
0
0
0
0
0
0
0
0
1
1
1
1
1
0
1
1
1
1
1
0
1
1
1
1
1
0
1
1
1
1
1
0
1
1
1
1
1
0
1
1
1
1
1
0
1
1
1
1
1
0
1
1
1
1
1
0
1
1
1
1
1
0
1
1
1
1
1
0
0
1
1
1
1
0
0
0
0
0
0
0
0
0
0
0
0
0
0
0
0
0
0
0
0
0
0
0
0
0
0
0
0
0
0
0
0
0
0
0
0
0
0
0
0
0
0
0
0
0
0
0
0
0
0
0
0
0
0
0
0
0
0
0
0
0
0
0
0
0
0
0
0
0
0
0
0
0
0
0
0
0
0
0
0
1
1
1
1
0
1
1
1
1
1
0
1
1
1
1
1
0
1
1
1
1
1
0
1
1
1
1
1
0
1
1
1
1
1
0
1
1
1
1
1
0
1
1
1
1
1
0
1
1
1
1
1
0
1
1
1
1
1
0
1
1
1
1
1
0
0
0
0
0
0
0
0
0
0
0
0
0
0
0
0
0
0
0
0
0
0
0
0
0
0
0
0
0
0
0
0
0
0
0
0
0
0
0
0
0
0
0
0
0
0
0
0
0
0
0
0
0
0
0
0
0
0
0
0
0
0
0
0
0
0
0
0
0
0
0
0
0
0
0
0
0
0
0
1
1
1
1
1
0
1
1
1
1
1
0
1
1
1
1
1
0
1
1
1
1
1
0
1
1
1
1
1
1
1
1
1
1
1
1
1
1
1
1
1
1
1
1
1
1
1
1
1
1
1
1
1
1
1
1
1
1
1
1
1
1
1
1
1
1
1
1
1
1
1
1
0
0
0
0
0
1
0
0
0
0
0
1
0
0
0
0
0
1
0
0
0
0
0
1
0
0
0
0
0
1
0
0
0
0
0
1
0
0
0
0
0
1
0
0
0
0
0
1
0
0
0
0
0
1
0
0
0
0
0
1
0
0
0
0
0
1
1
1
1
1
1
1
1
1
1
1
1
1
1
1
1
1
1
1
1
1
1
1
1
1
1
1
1
1
1
1
1
1
1
1
1
1
1
1
1
1
1
1
1
1
1
1
1
1
1
1
1
1
1
1
1
1
1
1
1
1
1
1
1
1
1
1
1
1
1
1
1
1
1
1
1
1
1
1
0
0
0
0
0
1
0
0
0
0
0
1
0
0
0
0
0
1
0
0
0
0
0
1
0
0
0
0
0
1
0
0
0
0
0
1
0
0
0
0
0
1
0
0
0
0
0
1
0
0
0
0
0
1
0
0
0
0
0
1
0
0
0
0
0
1
1
1
1
1
1
1
1
1
1
1
1
1
1
1
1
1
1
1
1
1
1
1
1
1
1
1
1
1
1
1
1
1
1
1
1
0
1
1
1
1
1
0
1
1
1
1
1
0
1
1
1
1
1
0
1
1
1
1
1
0
1
1
1
1
1
0
1
1
1
1
1
0
0
0
0
0
0
0
0
0
0
0
0
0
0
0
0
0
0
0
0
0
0
0
0
0
0
0
0
0
0
0
0
0
0
0
0
0
0
0
0
0
0
0
0
0
0
0
0
0
0
0
0
0
0
0
0
0
0
0
0
0
0
0
0
0
0
0
0
0
0
0
0
0
0
0
0
0
0
0
1
1
1
1
1
0
1
1
1
1
1
0
1
1
1
1
1
0
1
1
1
1
1
0
1
1
1
1
1
0
1
1
1
1
1
0
1
1
1
1
1
0
1
1
1
1
1
0
1
1
1
1
1
0
1
1
1
1
1
0
0
1
1
1
1
0
0
0
0
0
0
0
0
0
0
0
0
0
0
0
0
0
0
0
0
0
0
0
0
0
0
0
0
0
0
0
0
0
0
0
0
0
0
0
0
0
0
0
0
0
0
0
0
0
0
0
0
0
0
0
0
0
0
0
0
0
0
0
0
0
0
0
0
0
0
0
0
0
0
0
0
0
0
0
0
1
1
1
1
0
1
1
1
1
1
0
1
1
1
1
1
0
1
1
1
1
1
0
1
1
1
1
1
0
1
1
1
1
1
0
1
1
1
1
1
0
1
1
1
1
1
0
1
1
1
1
1
0
1
1
1
1
1
0
0
1
1
1
1
0
0
0
0
0
0
0
0
0
0
0
0
0
0
0
0
0
0
0
0
0
0
0
0
0
0
0
0
0
0
0
0
0
0
0
0
0
0
0
0
0
0
0
0
0
0
0
0
0
0
0
0
0
0
0
0
0
0
0
0
0
0
0
0
0
0
0
0
0
0
0
0
0
0
0
0
0
0
0
0
1
1
1
1
0
1
1
1
1
1
0
1
1
1
1
1
0
1
1
1
1
1
0
1
1
1
1
1
1
1
1
1
1
1
1
1
1
1
1
1
1
1
1
1
1
1
1
1
1
1
1
1
1
1
1
1
1
1
1
1
1
1
1
1
1
1
1
1
1
1
1
0
0
0
0
0
1
0
0
0
0
0
1
0
0
0
0
0
1
0
0
0
0
0
1
0
0
0
0
0
1
0
0
0
0
0
1
0
0
0
0
0
1
0
0
0
0
0
1
0
0
0
0
0
1
0
0
0
0
0
1
0
0
0
0
0
1
1
1
1
1
1
1
1
1
1
1
1
1
1
1
1
1
1
1
1
1
1
1
1
1
1
1
1
1
1
1
1
1
1
1
1
1
1
1
1
1
1
1
1
1
1
1
1
1
1
1
1
1
1
1
1
1
1
1
1
1
1
1
1
1
1
1
1
1
1
1
1
1
1
1
1
1
1
1
1
1
0
0
0
1
1
0
0
0
0
1
0
0
0
0
0
1
0
0
0
0
0
1
0
0
0
0
0
1
0
0
0
0
0
1
0
0
0
0
0
1
0
0
0
0
0
1
0
0
0
0
0
1
1
0
0
0
0
1
1
1
0
0
0
1
1
1
1
1
1
1
1
1
1
1
1
1
1
1
1
1
1
1
1
1
1
1
1
1
1
1
1
1
1
1
1
1
1
1
1
1
1
1
1
1
1
1
1
1
1
1
1
1
1
1
1
1
1
1
1
1
1
1
1
1
1
1
1
1
1
1
1
1
1
1
1
1
1
1
1
1
1
1
0
0
0
0
0
1
0
0
0
0
0
1
0
0
0
0
0
1
0
0
0
0
0
1
0
0
0
0
0
1
0
0
0
0
0
1
0
0
0
0
0
1
0
0
0
0
0
1
0
0
0
0
0
1
0
0
0
0
0
1
0
0
0
0
0
1
1
1
1
1
1
1
1
1
1
1
1
1
1
1
1
1
1
1
1
1
1
1
1
1
1
1
1
1
1
1
1
1
1
1
1
0
1
1
1
1
1
0
1
1
1
1
1
0
1
1
1
1
1
0
1
1
1
1
1
0
1
1
1
1
1
0
1
1
1
1
1
0
0
0
0
0
0
0
0
0
0
0
0
0
0
0
0
0
0
0
0
0
0
0
0
0
0
0
0
0
0
0
0
0
0
0
0
0
0
0
0
0
0
0
0
0
0
0
0
0
0
0
0
0
0
0
0
0
0
0
0
0
0
0
0
0
0
0
0
0
0
0
0
0
0
0
0
0
0
0
1
1
1
1
1
0
1
1
1
1
1
0
1
1
1
1
1
0
1
1
1
1
1
0
1
1
1
1
1
0
1
1
1
1
1
0
1
1
1
1
1
0
1
1
1
1
1
0
1
1
1
1
1
0
0
1
1
1
1
0
0
1
1
1
1
0
0
0
0
0
0
0
0
0
0
0
0
0
0
0
0
0
0
0
0
0
0
0
0
0
0
0
0
0
0
0
0
0
0
0
0
0
0
0
0
0
0
0
0
0
0
0
0
0
0
0
0
0
0
0
0
0
0
0
0
0
0
0
0
0
0
0
0
0
0
0
0
0
0
0
0
0
0
0
0
1
1
1
1
0
0
1
1
1
1
0
1
1
1
1
1
0
1
1
1
1
1
0
1
1
1
1
1
0
1
1
1
1
1
0
1
1
1
1
1
0
1
1
1
1
1
0
1
1
1
1
1
0
0
1
1
1
1
0
0
0
1
1
1
0
0
0
0
0
0
0
0
0
0
0
0
0
0
0
0
0
0
0
0
0
0
0
0
0
0
0
0
0
0
0
0
0
0
0
0
0
0
0
0
0
0
0
0
0
0
0
0
0
0
0
0
0
0
0
0
0
0
0
0
0
0
0
0
0
0
0
0
0
0
0
0
0
0
0
0
0
0
0
0
0
1
1
1
0
0
1
1
1
1
0
1
1
1
1
1
0
1
1
1
1
1
0
1
1
1
1
1
0
1
1
1
1
1
0
1
1
1
1
1
0
1
1
1
1
1
0
1
1
1
1
1
0
1
1
1
1
1
0
1
1
1
1
1
0
0
0
0
0
0
0
0
0
0
0
0
0
0
0
0
0
0
0
0
0
0
0
0
0
0
0
0
0
0
0
0
0
0
0
0
0
0
0
0
0
0
0
0
0
0
0
0
0
0
0
0
0
0
0
0
0
0
0
0
0
0
0
0
0
0
0
0
0
0
0
0
0
0
0
0
0
0
0
1
1
1
1
1
0
1
1
1
1
1
0
1
1
1
1
1
0
1
1
1
1
1
0
1
1
1
1
1
1
1
1
1
1
1
1
1
1
1
1
1
1
1
1
1
1
1
1
1
1
1
1
1
1
1
1
1
1
1
1
1
1
1
1
1
1
1
1
1
1
1
1
0
0
0
0
0
1
0
0
0
0
0
1
0
0
0
0
0
1
0
0
0
0
0
1
0
0
0
0
0
1
0
0
0
0
0
1
0
0
0
0
0
1
0
0
0
0
0
1
0
0
0
0
0
1
0
0
0
0
0
1
0
0
0
0
0
1
1
1
1
1
1
1
1
1
1
1
1
1
1
1
1
1
1
1
1
1
1
1
1
1
1
1
1
1
1
1
1
1
1
1
1
1
1
1
1
1
1
1
1
1
1
1
1
1
1
1
1
1
1
1
1
1
1
1
1
1
1
1
1
1
1
1
1
1
1
1
1
1
1
1
1
1
1
1
0
0
0
0
0
1
0
0
0
0
0
1
0
0
0
0
0
1
0
0
0
0
0
1
0
0
0
0
0
1
0
0
0
0
0
1
0
0
0
0
0
1
0
0
0
0
0
1
0
0
0
0
0
1
0
0
0
0
0
1
0
0
0
0
0
1
1
1
1
1
1
1
1
1
1
1
1
1
1
1
1
1
1
1
1
1
1
1
1
1
1
1
1
1
1
1
1
1
1
1
1
0
1
1
1
1
1
0
1
1
1
1
1
0
1
1
1
1
1
0
1
1
1
1
1
0
1
1
1
1
1
0
1
1
1
1
1
0
0
0
0
0
0
0
0
0
0
0
0
0
0
0
0
0
0
0
0
0
0
0
0
0
0
0
0
0
0
0
0
0
0
0
0
0
0
0
0
0
0
0
0
0
0
0
0
0
0
0
0
0
0
0
0
0
0
0
0
0
0
0
0
0
0
0
0
0
0
0
0
0
0
0
0
0
0
0
1
1
1
1
1
0
1
1
1
1
1
0
1
1
1
1
1
0
1
1
1
1
1
0
1
1
1
1
1
0
1
1
1
1
1
0
1
1
1
1
1
0
1
1
1
1
1
0
1
1
1
1
1
0
1
1
1
1
1
0
0
1
1
1
1
0
0
0
0
0
0
0
0
0
0
0
0
0
0
0
0
0
0
0
0
0
0
0
0
0
0
0
0
0
0
0
0
0
0
0
0
0
0
0
0
0
0
0
0
0
0
0
0
0
0
0
0
0
0
0
0
0
0
0
0
0
0
0
0
0
0
0
0
0
0
0
0
0
0
0
0
0
0
0
0
1
1
1
1
0
1
1
1
1
1
0
1
1
1
1
1
0
1
1
1
1
1
0
1
1
1
1
1
0
1
1
1
1
1
0
1
1
1
1
1
0
1
1
1
1
1
0
1
1
1
1
1
0
1
1
1
1
1
0
0
1
1
1
1
0
0
0
0
0
0
0
0
0
0
0
0
0
0
0
0
0
0
0
0
0
0
0
0
0
0
0
0
0
0
0
0
0
0
0
0
0
0
0
0
0
0
0
0
0
0
0
0
0
0
0
0
0
0
0
0
0
0
0
0
0
0
0
0
0
0
0
0
0
0
0
0
0
0
0
0
0
0
0
0
1
1
1
1
0
1
1
1
1
1
0
1
1
1
1
1
0
1
1
1
1
1
0
1
1
1
1
1
1
1
1
1
1
1
1
1
1
1
1
1
1
1
1
1
1
1
1
1
1
1
1
1
1
1
1
1
1
1
1
1
1
1
1
1
1
1
1
1
1
1
1
0
0
0
0
0
1
0
0
0
0
0
1
0
0
0
0
0
1
0
0
0
0
0
1
0
0
0
0
0
1
0
0
0
0
0
1
0
0
0
0
0
1
0
0
0
0
0
1
0
0
0
0
0
1
0
0
0
0
0
1
0
0
0
0
0
1
1
1
1
1
1
1
1
1
1
1
1
1
1
1
1
1
1
1
1
1
1
1
1
1
1
1
1
1
1
1
1
1
1
1
1
1
1
1
1
1
1
1
1
1
1
1
1
1
1
1
1
1
1
1
1
1
1
1
1
1
1
1
1
1
1
1
1
1
1
1
1
1
1
1
1
1
1
1
0
0
0
0
0
1
0
0
0
0
0
1
0
0
0
0
0
1
0
0
0
0
0
1
0
0
0
0
0
1
0
0
0
0
0
1
0
0
0
0
0
1
0
0
0
0
0
1
0
0
0
0
0
1
0
0
0
0
0
1
0
0
0
0
0
1
1
1
1
1
1
1
1
1
1
1
1
1
1
1
1
1
1
1
1
1
1
1
1
1
1
1
1
1
1
1
1
1
1
1
1
0
1
1
1
1
1
0
1
1
1
1
1
0
1
1
1
1
1
0
1
1
1
1
1
0
1
1
1
1
1
0
1
1
1
1
1
0
0
0
0
0
0
0
0
0
0
0
0
0
0
0
0
0
0
0
0
0
0
0
0
0
0
0
0
0
0
0
0
0
0
0
0
0
0
0
0
0
0
0
0
0
0
0
0
0
0
0
0
0
0
0
0
0
0
0
0
0
0
0
0
0
0
0
0
0
0
0
0
0
0
0
0
0
0
0
1
1
1
1
1
0
1
1
1
1
1
0
1
1
1
1
1
0
1
1
1
1
1
0
1
1
1
1
1
0
1
1
1
1
1
0
1
1
1
1
1
0
1
1
1
1
1
0
1
1
1
1
1
0
1
1
1
1
1
0
0
1
1
1
1
0
0
0
0
0
0
0
0
0
0
0
0
0
0
0
0
0
0
0
0
0
0
0
0
0
0
0
0
0
0
0
0
0
0
0
0
0
0
0
0
0
0
0
0
0
0
0
0
0
0
0
0
0
0
0
0
0
0
0
0
0
0
0
0
0
0
0
0
0
0
0
0
0
0
0
0
0
0
0
0
1
1
1
1
0
1
1
1
1
1
0
1
1
1
1
1
0
1
1
1
1
1
0
1
1
1
1
1
0
1
1
1
1
1
0
1
1
1
1
1
0
1
1
1
1
1
0
1
1
1
1
1
0
1
1
1
1
1
0
0
1
1
1
1
0
0
0
0
0
0
0
0
0
0
0
0
0
0
0
0
0
0
0
0
0
0
0
0
0
0
0
0
0
0
0
0
0
0
0
0
0
0
0
0
0
0
0
0
0
0
0
0
0
0
0
0
0
0
0
0
0
0
0
0
0
0
0
0
0
0
0
0
0
0
0
0
0
0
0
0
0
0
0
0
1
1
1
1
0
1
1
1
1
1
0
1
1
1
1
1
0
1
1
1
1
1
0
1
1
1
1
1
0
1
1
1
1
1
0
1
1
1
1
1
0
1
1
1
1
1
0
1
1
1
1
1
0
1
1
1
1
1
0
0
1
1
1
1
0
0
0
0
0
0
0
0
0
0
0
0
0
0
0
0
0
0
0
0
0
0
0
0
0
0
0
0
0
0
0
0
0
0
0
0
0
0
0
0
0
0
0
0
0
0
0
0
0
0
0
0
0
0
0
0
0
0
0
0
0
0
0
0
0
0
0
0
0
0
0
0
0
0
0
0
0
0
0
0
1
1
1
1
0
1
1
1
1
1
0
1
1
1
1
1
0
1
1
1
1
1
0
1
1
1
1
1
1
1
1
1
1
1
1
1
1
1
1
1
1
1
1
1
1
1
1
1
1
1
1
1
1
1
1
1
1
1
1
1
1
1
1
1
1
1
1
1
1
1
1
1
1
0
0
0
1
1
0
0
0
0
1
0
0
0
0
0
1
0
0
0
0
0
1
0
0
0
0
0
1
0
0
0
0
0
1
0
0
0
0
0
1
0
0
0
0
0
1
0
0
0
0
0
1
1
0
0
0
0
1
1
1
0
0
0
1
1
1
1
1
1
1
1
1
1
1
1
1
1
1
1
1
1
1
1
1
1
1
1
1
1
1
1
1
1
1
1
1
1
1
1
1
1
1
1
1
1
1
1
1
1
1
1
1
1
1
1
1
1
1
1
1
1
1
1
1
1
1
1
1
1
1
1
1
1
1
1
1
1
1
1
1
1
1
0
0
0
0
0
1
0
0
0
0
0
1
0
0
0
0
0
1
0
0
0
0
0
1
0
0
0
0
0
1
0
0
0
0
0
1
0
0
0
0
0
1
0
0
0
0
0
1
0
0
0
0
0
1
0
0
0
0
0
1
0
0
0
0
0
1
1
1
1
1
1
1
1
1
1
1
1
1
1
1
1
1
1
1
1
1
1
1
1
1
1
1
1
1
1
1
1
1
1
1
1
0
1
1
1
1
1
0
1
1
1
1
1
0
1
1
1
1
1
0
1
1
1
1
1
0
1
1
1
1
1
0
1
1
1
1
1
0
0
0
0
0
0
0
0
0
0
0
0
0
0
0
0
0
0
0
0
0
0
0
0
0
0
0
0
0
0
0
0
0
0
0
0
0
0
0
0
0
0
0
0
0
0
0
0
0
0
0
0
0
0
0
0
0
0
0
0
0
0
0
0
0
0
0
0
0
0
0
0
0
0
0
0
0
0
0
1
1
1
1
1
0
1
1
1
1
1
0
1
1
1
1
1
0
1
1
1
1
1
0
1
1
1
1
1
0
1
1
1
1
1
0
1
1
1
1
1
0
1
1
1
1
1
0
1
1
1
1
1
0
1
1
1
1
1
0
0
1
1
1
1
0
0
0
0
0
0
0
0
0
0
0
0
0
0
0
0
0
0
0
0
0
0
0
0
0
0
0
0
0
0
0
0
0
0
0
0
0
0
0
0
0
0
0
0
0
0
0
0
0
0
0
0
0
0
0
0
0
0
0
0
0
0
0
0
0
0
0
0
0
0
0
0
0
0
0
0
0
0
0
0
1
1
1
1
0
1
1
1
1
1
0
1
1
1
1
1
0
1
1
1
1
1
0
1
1
1
1
1
0
1
1
1
1
1
0
1
1
1
1
1
0
1
1
1
1
1
0
1
1
1
1
1
0
0
1
1
1
1
0
0
0
1
1
1
0
0
0
0
0
0
0
0
0
0
0
0
0
0
0
0
0
0
0
0
0
0
0
0
0
0
0
0
0
0
0
0
0
0
0
0
0
0
0
0
0
0
0
0
0
0
0
0
0
0
0
0
0
0
0
0
0
0
0
0
0
0
0
0
0
0
0
0
0
0
0
0
0
0
0
0
0
0
0
0
0
1
1
1
0
0
1
1
1
1
0
1
1
1
1
1
0
1
1
1
1
1
0
1
1
1
1
1
0
1
1
1
1
1
0
1
1
1
1
1
0
1
1
1
1
1
0
1
1
1
1
1
0
1
1
1
1
1
0
0
1
1
1
1
0
0
0
0
0
0
0
0
0
0
0
0
0
0
0
0
0
0
0
0
0
0
0
0
0
0
0
0
0
0
0
0
0
0
0
0
0
0
0
0
0
0
0
0
0
0
0
0
0
0
0
0
0
0
0
0
0
0
0
0
0
0
0
0
0
0
0
0
0
0
0
0
0
0
0
0
0
0
0
0
1
1
1
1
0
1
1
1
1
1
0
1
1
1
1
1
0
1
1
1
1
1
0
1
1
1
1
1
1
1
1
1
1
1
1
1
1
1
1
1
1
1
1
1
1
1
1
1
1
1
1
1
1
1
1
1
1
1
1
1
1
1
1
1
1
1
1
1
1
1
1
0
0
0
0
0
1
0
0
0
0
0
1
0
0
0
0
0
1
0
0
0
0
0
1
0
0
0
0
0
1
0
0
0
0
0
1
0
0
0
0
0
1
0
0
0
0
0
1
0
0
0
0
0
1
0
0
0
0
0
1
0
0
0
0
0
1
1
1
1
1
1
1
1
1
1
1
1
1
1
1
1
1
1
1
1
1
1
1
1
1
1
1
1
1
1
1
1
1
1
1
1
0
1
1
1
1
1
0
1
1
1
1
1
0
1
1
1
1
1
0
1
1
1
1
1
0
1
1
1
1
1
0
1
1
1
1
1
0
0
0
0
0
0
0
0
0
0
0
0
0
0
0
0
0
0
0
0
0
0
0
0
0
0
0
0
0
0
0
0
0
0
0
0
0
0
0
0
0
0
0
0
0
0
0
0
0
0
0
0
0
0
0
0
0
0
0
0
0
0
0
0
0
0
0
0
0
0
0
0
0
0
0
0
0
0
0
1
1
1
1
1
0
1
1
1
1
1
0
1
1
1
1
1
0
1
1
1
1
1
0
1
1
1
1
1
0
1
1
1
1
1
0
1
1
1
1
1
0
1
1
1
1
1
0
1
1
1
1
1
0
1
1
1
1
1
0
1
1
1
1
1
0
0
0
0
0
0
0
0
0
0
0
0
0
0
0
0
0
0
0
0
0
0
0
0
0
0
0
0
0
0
0
0
0
0
0
0
0
0
0
0
0
0
0
0
0
0
0
0
0
0
0
0
0
0
0
0
0
0
0
0
0
0
0
0
0
0
0
0
0
0
0
0
0
0
0
0
0
0
0
1
1
1
1
1
0
1
1
1
1
1
0
1
1
1
1
1
0
1
1
1
1
1
0
1
1
1
1
1
0
1
1
1
1
1
0
1
1
1
1
1
0
1
1
1
1
1
0
1
1
1
1
1
0
1
1
1
1
1
0
0
1
1
1
1
0
0
0
0
0
0
0
0
0
0
0
0
0
0
0
0
0
0
0
0
0
0
0
0
0
0
0
0
0
0
0
0
0
0
0
0
0
0
0
0
0
0
0
0
0
0
0
0
0
0
0
0
0
0
0
0
0
0
0
0
0
0
0
0
0
0
0
0
0
0
0
0
0
0
0
0
0
0
0
0
1
1
1
1
0
1
1
1
1
1
0
1
1
1
1
1
0
1
1
1
1
1
0
1
1
1
1
1
0
1
1
1
1
1
0
1
1
1
1
1
0
1
1
1
1
1
0
1
1
1
1
1
0
1
1
1
1
1
0
0
1
1
1
1
0
0
0
0
0
0
0
0
0
0
0
0
0
0
0
0
0
0
0
0
0
0
0
0
0
0
0
0
0
0
0
0
0
0
0
0
0
0
0
0
0
0
0
0
0
0
0
0
0
0
0
0
0
0
0
0
0
0
0
0
0
0
0
0
0
0
0
0
0
0
0
0
0
0
0
0
0
0
0
0
1
1
1
1
0
1
1
1
1
1
0
1
1
1
1
1
0
1
1
1
1
1
0
1
1
1
1
1
0
1
1
1
1
1
0
1
1
1
1
1
0
1
1
1
1
1
0
1
1
1
1
1
0
1
1
1
1
1
0
1
1
1
1
1
0
0
0
0
0
0
0
0
0
0
0
0
0
0
0
0
0
0
0
0
0
0
0
0
0
0
0
0
0
0
0
0
0
0
0
0
0
0
0
0
0
0
0
0
0
0
0
0
0
0
0
0
0
0
0
0
0
0
0
0
0
0
0
0
0
0
0
0
0
0
0
0
0
0
0
0
0
0
0
1
1
1
1
1
0
1
1
1
1
1
0
1
1
1
1
1
0
1
1
1
1
1
0
1
1
1
1
1
1
1
1
1
1
1
1
1
1
1
1
1
1
1
1
1
1
1
1
1
1
1
1
1
1
1
1
1
1
1
1
1
1
1
1
1
1
1
1
1
1
1
1
0
0
0
0
0
1
0
0
0
0
0
1
0
0
0
0
0
1
0
0
0
0
0
1
0
0
0
0
0
1
0
0
0
0
0
1
0
0
0
0
0
1
0
0
0
0
0
1
0
0
0
0
0
1
0
0
0
0
0
1
0
0
0
0
0
1
1
1
1
1
1
1
1
1
1
1
1
1
1
1
1
1
1
1
1
1
1
1
1
1
1
1
1
1
1
1
1
1
1
1
1
0
1
1
1
1
1
0
1
1
1
1
1
0
1
1
1
1
1
0
1
1
1
1
1
0
1
1
1
1
1
0
1
1
1
1
1
0
0
0
0
0
0
0
0
0
0
0
0
0
0
0
0
0
0
0
0
0
0
0
0
0
0
0
0
0
0
0
0
0
0
0
0
0
0
0
0
0
0
0
0
0
0
0
0
0
0
0
0
0
0
0
0
0
0
0
0
0
0
0
0
0
0
0
0
0
0
0
0
0
0
0
0
0
0
0
1
1
1
1
1
0
1
1
1
1
1
0
1
1
1
1
1
0
1
1
1
1
1
0
1
1
1
1
1
0
1
1
1
1
1
0
1
1
1
1
1
0
1
1
1
1
1
0
1
1
1
1
1
0
1
1
1
1
1
0
0
1
1
1
1
0
0
0
0
0
0
0
0
0
0
0
0
0
0
0
0
0
0
0
0
0
0
0
0
0
0
0
0
0
0
0
0
0
0
0
0
0
0
0
0
0
0
0
0
0
0
0
0
0
0
0
0
0
0
0
0
0
0
0
0
0
0
0
0
0
0
0
0
0
0
0
0
0
0
0
0
0
0
0
0
1
1
1
1
0
1
1
1
1
1
0
1
1
1
1
1
0
1
1
1
1
1
0
1
1
1
1
1
0
1
1
1
1
1
0
1
1
1
1
1
0
1
1
1
1
1
0
1
1
1
1
1
0
0
1
1
1
1
0
0
1
1
1
1
0
0
0
0
0
0
0
0
0
0
0
0
0
0
0
0
0
0
0
0
0
0
0
0
0
0
0
0
0
0
0
0
0
0
0
0
0
0
0
0
0
0
0
0
0
0
0
0
0
0
0
0
0
0
0
0
0
0
0
0
0
0
0
0
0
0
0
0
0
0
0
0
0
0
0
0
0
0
0
0
1
1
1
1
0
0
1
1
1
1
0
1
1
1
1
1
0
1
1
1
1
1
0
1
1
1
1
1
0
1
1
1
1
1
0
1
1
1
1
1
0
1
1
1
1
1
0
1
1
1
1
1
0
1
1
1
1
1
0
0
1
1
1
1
0
0
0
0
0
0
0
0
0
0
0
0
0
0
0
0
0
0
0
0
0
0
0
0
0
0
0
0
0
0
0
0
0
0
0
0
0
0
0
0
0
0
0
0
0
0
0
0
0
0
0
0
0
0
0
0
0
0
0
0
0
0
0
0
0
0
0
0
0
0
0
0
0
0
0
0
0
0
0
0
1
1
1
1
0
1
1
1
1
1
0
1
1
1
1
1
0
1
1
1
1
1
0
1
1
1
1
1
1
1
1
1
1
1
1
1
1
1
1
1
1
1
1
1
1
1
1
1
1
1
1
1
1
1
1
1
1
1
1
1
1
1
1
1
1
1
1
1
1
1
1
0
0
0
0
0
1
0
0
0
0
0
1
0
0
0
0
0
1
0
0
0
0
0
1
0
0
0
0
0
1
0
0
0
0
0
1
0
0
0
0
0
1
0
0
0
0
0
1
0
0
0
0
0
1
0
0
0
0
0
1
0
0
0
0
0
1
1
1
1
1
1
1
1
1
1
1
1
1
1
1
1
1
1
1
1
1
1
1
1
1
1
1
1
1
1
1
1
1
1
1
1
1
1
1
1
1
1
1
1
1
1
1
1
1
1
1
1
1
1
1
1
1
1
1
1
1
1
1
1
1
1
1
1
1
1
1
1
1
1
1
1
1
1
1
0
0
0
0
0
1
0
0
0
0
0
1
0
0
0
0
0
1
0
0
0
0
0
1
0
0
0
0
0
1
0
0
0
0
0
1
0
0
0
0
0
1
0
0
0
0
0
1
0
0
0
0
0
1
0
0
0
0
0
1
0
0
0
0
0
1
1
1
1
1
1
1
1
1
1
1
1
1
1
1
1
1
1
1
1
1
1
1
1
1
1
1
1
1
1
1
1
1
1
1
1
0
1
1
1
1
1
0
1
1
1
1
1
0
1
1
1
1
1
0
1
1
1
1
1
0
1
1
1
1
1
0
1
1
1
1
1
0
0
0
0
0
0
0
0
0
0
0
0
0
0
0
0
0
0
0
0
0
0
0
0
0
0
0
0
0
0
0
0
0
0
0
0
0
0
0
0
0
0
0
0
0
0
0
0
0
0
0
0
0
0
0
0
0
0
0
0
0
0
0
0
0
0
0
0
0
0
0
0
0
0
0
0
0
0
0
1
1
1
1
1
0
1
1
1
1
1
0
1
1
1
1
1
0
1
1
1
1
1
0
1
1
1
1
1
0
1
1
1
1
1
0
1
1
1
1
1
0
1
1
1
1
1
0
1
1
1
1
1
0
1
1
1
1
1
0
0
1
1
1
1
0
0
0
0
0
0
0
0
0
0
0
0
0
0
0
0
0
0
0
0
0
0
0
0
0
0
0
0
0
0
0
0
0
0
0
0
0
0
0
0
0
0
0
0
0
0
0
0
0
0
0
0
0
0
0
0
0
0
0
0
0
0
0
0
0
0
0
0
0
0
0
0
0
0
0
0
0
0
0
0
1
1
1
1
0
1
1
1
1
1
0
1
1
1
1
1
0
1
1
1
1
1
0
1
1
1
1
1
0
1
1
1
1
1
0
1
1
1
1
1
0
1
1
1
1
1
0
1
1
1
1
1
0
1
1
1
1
1
0
0
1
1
1
1
0
0
0
0
0
0
0
0
0
0
0
0
0
0
0
0
0
0
0
0
0
0
0
0
0
0
0
0
0
0
0
0
0
0
0
0
0
0
0
0
0
0
0
0
0
0
0
0
0
0
0
0
0
0
0
0
0
0
0
0
0
0
0
0
0
0
0
0
0
0
0
0
0
0
0
0
0
0
0
0
1
1
1
1
0
1
1
1
1
1
0
1
1
1
1
1
0
1
1
1
1
1
0
1
1
1
1
1
0
1
1
1
1
1
0
1
1
1
1
1
0
1
1
1
1
1
0
1
1
1
1
1
0
1
1
1
1
1
0
0
1
1
1
1
0
0
0
0
0
0
0
0
0
0
0
0
0
0
0
0
0
0
0
0
0
0
0
0
0
0
0
0
0
0
0
0
0
0
0
0
0
0
0
0
0
0
0
0
0
0
0
0
0
0
0
0
0
0
0
0
0
0
0
0
0
0
0
0
0
0
0
0
0
0
0
0
0
0
0
0
0
0
0
0
1
1
1
1
0
1
1
1
1
1
0
1
1
1
1
1
0
1
1
1
1
1
0
1
1
1
1
1
1
1
1
1
1
1
1
1
1
1
1
1
1
1
1
1
1
1
1
1
1
1
1
1
1
1
1
1
1
1
1
1
1
1
1
1
1
1
1
1
1
1
1
0
0
0
0
0
1
0
0
0
0
0
1
0
0
0
0
0
1
0
0
0
0
0
1
0
0
0
0
0
1
0
0
0
0
0
1
0
0
0
0
0
1
0
0
0
0
0
1
0
0
0
0
0
1
0
0
0
0
0
1
0
0
0
0
0
1
1
1
1
1
1
1
1
1
1
1
1
1
1
1
1
1
1
1
1
1
1
1
1
1
1
1
1
1
1
1
1
1
1
1
1
1
1
1
1
1
1
1
1
1
1
1
1
1
1
1
1
1
1
1
1
1
1
1
1
1
1
1
1
1
1
1
1
1
1
1
1
1
1
1
1
1
1
1
1
1
1
1
1
1
1
1
1
0
0
1
1
1
0
0
0
1
1
1
0
0
0
1
1
0
0
0
0
1
1
0
0
0
0
1
1
0
0
0
0
1
1
1
0
0
0
1
1
1
0
0
0
1
1
1
1
0
0
1
1
1
1
1
1
1
1
1
1
1
1
1
1
1
1
1
1
1
1
1
1
1
1
1
1
1
1
1
1
1
1
1
1
1
1
1
1
1
1
1
1
0
0
0
1
1
1
0
0
0
1
1
1
0
0
0
1
1
1
0
0
0
1
1
1
0
0
0
0
0
1
0
0
0
0
0
0
0
0
0
0
0
0
0
0
0
0
0
0
0
0
0
0
0
0
0
0
0
0
0
0
0
0
0
0
0
0
0
0
0
0
0
0
0
0
0
0
0
0
0
0
0
0
0
0
0
0
0
0
0
0
0
0
0
0
0
0
0
0
0
0
0
0
0
0
0
0
0
0
0
0
0
0
0
0
0
0
0
0
0
0
0
0
0
0
0
1
0
0
0
1
1
1
0
0
0
1
1
1
0
0
0
1
1
1
0
0
1
1
1
1
0
0
1
1
1
1
0
0
1
1
1
1
0
0
0
1
1
1
0
0
0
1
1
1
0
0
0
0
0
0
0
0
0
0
0
0
0
0
0
0
0
0
0
0
0
0
0
0
0
0
0
0
0
0
0
0
0
0
0
0
0
0
0
0
0
0
0
0
0
0
0
0
0
0
0
0
0
0
0
0
0
0
0
0
0
0
0
0
0
0
0
0
0
0
0
0
0
0
0
0
0
0
0
0
0
0
0
0
0
0
0
0
0
0
0
0
0
1
1
1
0
0
0
1
1
1
0
0
1
1
1
1
0
0
1
1
1
1
1
1
1
1
1
1
1
1
1
1
1
1
1
1
1
1
1
1
1
1
1
1
1
1
1
1
1
1
1
1
1
1
1
1
1
1
1
1
1
1
1
1
1
1
1
1
1
1
1
1
1
1
1
1
1
1
1
1
1
1
1
1
1
1
1
1
1
1
1
1
1
0
1
1
1
1
1
0
1
1
1
1
1
0
1
1
1
1
1
1
1
1
1
1
1
1
1
1
1
1
1
1
1
1
1
1
1
1
1
1
1
1
1
1
1
1
1
1
1
1
1
1
1
1
1
1
1
1
1
1
1
1
1
1
1
1
1
1
1
1
1
1
1
1
0
1
1
1
1
1
0
1
1
1
1
1
0
1
1
1
1
1
0
1
1
1
1
1
0
1
1
1
1
1
0
1
1
1
1
1
0
0
0
0
0
0
0
0
0
0
0
0
0
0
0
0
0
0
0
0
0
0
0
0
0
0
0
0
0
0
0
0
0
0
0
0
0
0
0
0
0
0
0
0
0
0
0
0
0
0
0
0
0
0
0
0
0
0
0
0
0
0
0
0
0
0
0
0
0
0
0
0
0
0
0
0
0
0
0
1
1
1
1
1
0
1
1
1
1
1
0
1
1
1
1
1
0
1
1
1
1
1
0
1
1
1
1
1
0
1
1
1
1
1
0
1
1
1
1
1
0
1
1
1
1
1
0
1
1
1
1
1
0
1
1
1
1
1
0
0
1
1
1
1
0
0
0
0
0
0
0
0
0
0
0
0
0
0
0
0
0
0
0
0
0
0
0
0
0
0
0
0
0
0
0
0
0
0
0
0
0
0
0
0
0
0
0
0
0
0
0
0
0
0
0
0
0
0
0
0
0
0
0
0
0
0
0
0
0
0
0
0
0
0
0
0
0
0
0
0
0
0
0
0
1
1
1
1
0
1
1
1
1
1
0
1
1
1
1
1
0
1
1
1
1
1
0
1
1
1
1
1
SCALARS deposit float 1
LOOKUP_TABLE default
0
0
0
0
0
0
0
0
0
0
0
0
0
0
0
0
0
0
0
0
0
0
0
0
0
0
0
0
0
0
0
0
0
0
0
0
0
0
0
0
0
0
0
0
0
0
0
0
0
0
0
0
0
0
0
0
0
0
0
0
0
0
0
0
0
0
0
0
0
0
0
0
0
0
0
0
0
0
0
0
0
0
0
0
0
0
0
0
0
0
0
0
0
0
0
0
0
0
0
0
0
0
0
0
0
0
0
0
0
0
0
0
0
0
0
0
0
0
0
0
0
0
0
0
0
0
0
0
0
0
0
0
0
0
0
0
0
0
0
0
0
0
0
0
0
0
0
0
0
0
0
0
0
0
0
0
0
0
0
0
0
0
0
0
0
0
0
0
0
0
0
0
0
0
0
0
0
0
0
0
0
0
0
0
0
0
0
0
0
0
0
0
0
0
0
0
0
0
0
0
0
0
0
0
0
0
0
0
0
0
0
0
0
0
0
0
0
0
0
0
0
0
0
0
0
0
0
0
0
0
0
0
0
0
0
0
0
0
0
0
0
0
0
0
0
0
0
0
0
0
0
0
0
0
0
0
0
0
0
0
0
0
0
0
0
0
0
0
0
0
0
0
0
0
0
0
0
0
0
0
0
0
0
0
0
0
0
0
0
0
0
0
0
0
0
0
0
0
0
0
0
0
0
0
0
0
0
0
0
0
0
0
0
0
0
0
0
0
0
0
0
0
0
0
0
0
0
0
0
0
0
0
0
0
0
0
0
0
0
0
0
0
0
0
0
0
0
0
0
0
0
0
0
0
0
0
0
0
0
0
0
0
0
0
0
0
0
0
0
0
0
0
0
0
0
0
0
0
0
0
0
0
0
0
0
0
0
0
0
0
0
0
0
0
0
0
0
0
0
0
0
0
0
0
0
0
0
0
0
0
0
0
0
0
0
0
0
0
0
0
0
0
0
0
0
0
0
0
0
0
0
0
0
0
0
0
0
0
0
0
0
0
0
0
0
0
0
0
0
0
0
0
0
0
0
0
0
0
0
0
0
0
0
0
0
0
0
0
0
0
0
0
0
0
0
0
0
0
0
0
0
0
0
0
0
0
0
0
0
0
0
0
0
0
0
0
0
0
0
0
0
0
0
0
0
0
0
0
0
0
0
0
0
0
0
0
0
0
0
0
0
0
0
0
0
0
0
0
0
0
0
0
0
0
0
0
0
0
0
0
0
0
0
0
0
0
0
0
0
0
0
0
0
0
0
0
0
0
0
0
0
0
0
0
0
0
0
0
0
0
0
0
0
0
0
0
0
0
0
0
0
0
0
0
0
0
0
0
0
0
0
0
0
0
0
0
0
0
0
0
0
0
0
0
0
0
0
0
0
0
0
0
0
0
0
0
0
0
0
0
0
0
0
0
0
0
0
0
0
0
0
0
0
0
0
0
0
0
0
0
0
0
0
0
0
0
0
0
0
0
0
0
0
0
0
0
0
0
0
0
0
0
0
0
0
0
0
0
0
0
0
0
0
0
0
0
0
0
0
0
0
0
0
0
0
0
0
0
0
0
0
0
0
0
0
0
0
0
0
0
0
0
0
0
0
0
0
0
0
0
0
0
0
0
0
0
0
0
0
0
0
0
0
0
0
0
0
0
0
0
0
0
0
0
0
0
0
0
0
0
0
0
0
0
0
0
0
0
0
0
0
0
0
0
0
0
0
0
0
0
0
0
0
0
0
0
0
0
0
0
0
0
0
0
0
0
0
0
0
0
0
0
0
0
0
0
0
0
0
0
0
0
0
0
0
0
0
0
0
0
0
0
0
0
0
0
0
0
0
0
0
0
0
0
0
0
0
0
0
0
0
0
0
0
0
0
0
0
0
0
0
0
0
0
0
0
0
0
0
0
0
0
0
0
0
0
0
0
0
0
0
0
0
0
0
0
0
0
0
0
0
0
0
0
0
0
0
0
0
0
0
0
0
0
0
0
0
0
0
0
0
0
0
0
0
0
0
0
0
0
0
0
0
0
0
0
0
0
0
0
0
0
0
0
0
0
0
0
0
0
0
0
0
0
0
0
0
0
0
0
0
0
0
0
0
0
0
0
0
0
0
0
0
0
0
0
0
0
0
0
0
0
0
0
0
0
0
0
0
0
0
0
0
0
0
0
0
0
0
0
0
0
0
0
0
0
0
0
0
0
0
0
0
0
0
0
0
0
0
0
0
0
0
0
0
0
0
0
0
0
0
0
0
0
0
0
0
0
0
0
0
0
0
0
0
0
0
0
0
0
0
0
0
0
0
0
0
0
0
0
0
0
0
0
0
0
0
0
0
0
0
0
0
0
0
0
0
0
0
0
0
0
0
0
0
0
0
0
0
0
0
0
0
0
0
0
0
0
0
0
0
0
0
0
0
0
0
0
0
0
0
0
0
0
0
0
0
0
0
0
0
0
0
0
0
0
0
0
0
0
0
0
0
0
0
0
0
0
0
0
0
0
0
0
0
0
0
0
0
0
0
0
0
0
0
0
0
0
0
0
0
0
0
0
0
0
0
0
0
0
0
0
0
0
0
0
0
0
0
0
0
0
0
0
0
0
0
0
0
0
0
0
0
0
0
0
0
0
0
0
0
0
0
0
0
0
0
0
0
0
0
0
0
0
0
0
0
0
0
0
0
0
0
0
0
0
0
0
0
0
0
0
0
0
0
0
0
0
0
0
0
0
0
0
0
0
0
0
0
0
0
0
0
0
0
0
0
0
0
0
0
0
0
0
0
0
0
0
0
0
0
0
0
0
0
0
0
0
0
0
0
0
0
0
0
0
0
0
0
0
0
0
0
0
0
0
0
0
0
0
0
0
0
0
0
0
0
0
0
0
0
0
0
0
0
0
0
0
0
0
0
0
0
0
0
0
0
0
0
0
0
0
0
0
0
0
0
0
0
0
0
0
0
0
0
0
0
0
0
0
0
0
0
0
0
0
0
0
0
0
0
0
0
0
0
0
0
0
0
0
0
0
0
0
0
0
0
0
0
0
0
0
0
0
0
0
0
0
0
0
0
0
0
0
0
0
0
0
0
0
0
0
0
0
0
0
0
0
0
0
0
0
0
0
0
0
0
0
0
0
0
0
0
0
0
0
0
0
0
0
0
0
0
0
0
0
0
0
0
0
0
0
0
0
0
0
0
0
0
0
0
0
0
0
0
0
0
0
0
0
0
0
0
0
0
0
0
0
0
0
0
0
0
0
0
0
0
0
0
0
0
0
0
0
0
0
0
0
0
0
0
0
0
0
0
0
0
0
0
0
0
0
0
0
0
0
0
0
0
0
0
0
0
0
0
0
0
0
0
0
0
0
0
0
0
0
0
0
0
0
0
0
0
0
0
0
0
0
0
0
0
0
0
0
0
0
0
0
0
0
0
0
0
0
0
0
0
0
0
0
0
0
0
0
0
0
0
0
0
0
0
0
0
0
0
0
0
0
0
0
0
0
0
0
0
0
0
0
0
0
0
0
0
0
0
0
0
0
0
0
0
0
0
0
0
0
0
0
0
0
0
0
0
0
0
0
0
0
0
0
0
0
0
0
0
0
0
0
0
0
0
0
0
0
0
0
0
0
0
0
0
0
0
0
0
0
0
0
0
0
0
0
0
0
0
0
0
0
0
0
0
0
0
0
0
0
0
0
0
0
0
0
0
0
0
0
0
0
0
0
0
0
0
0
0
0
0
0
0
0
0
0
0
0
0
0
0
0
0
0
0
0
0
0
0
0
0
0
0
0
0
0
0
0
0
0
0
0
0
0
0
0
0
0
0
0
0
0
0
0
0
0
0
0
0
0
0
0
0
0
0
0
0
0
0
0
0
0
0
0
0
0
0
0
0
0
0
0
0
0
0
0
0
0
0
0
0
0
0
0
0
0
0
0
0
0
0
0
0
0
0
0
0
0
0
0
0
0
0
0
0
0
0
0
0
0
0
0
0
0
0
0
0
0
0
0
0
0
0
0
0
0
0
0
0
0
0
0
0
0
0
0
0
0
0
0
0
0
0
0
0
0
0
0
0
0
0
0
0
0
0
0
0
0
0
0
0
0
0
0
0
0
0
0
0
0
0
0
0
0
0
0
0
0
0
0
0
0
0
0
0
0
0
0
0
0
0
0
0
0
0
0
0
0
0
0
0
0
0
0
0
0
0
0
0
0
0
0
0
0
0
0
0
0
0
0
0
0
0
0
0
0
0
0
0
0
0
0
0
0
0
0
0
0
0
0
0
0
0
0
0
0
0
0
0
0
0
0
0
0
0
0
0
0
0
0
0
0
0
0
0
0
0
0
0
0
0
0
0
0
0
0
0
0
0
0
0
0
0
0
0
0
0
0
0
0
0
0
0
0
0
0
0
0
0
0
0
0
0
0
0
0
0
0
0
0
0
0
0
0
0
0
0
0
0
0
0
0
0
0
0
0
0
0
0
0
0
0
0
0
0
0
0
0
0
0
0
0
0
0
0
0
0
0
0
0
0
0
0
0
0
0
0
0
0
0
0
0
0
0
0
0
0
0
0
0
0
0
0
0
0
0
0
0
0
0
0
0
0
0
0
0
0
0
0
0
0
0
0
0
0
0
0
0
0
0
0
0
0
0
0
0
0
0
0
0
0
0
0
0
0
0
0
0
0
0
0
0
0
0
0
0
0
0
0
0
0
0
0
0
0
0
0
0
0
0
0
0
0
0
0
0
0
0
0
0
0
0
0
0
0
0
0
0
0
0
0
0
0
0
0
0
0
0
0
0
0
0
0
0
0
0
0
0
0
0
0
0
0
0
0
0
0
0
0
0
0
0
0
0
0
0
0
0
0
0
0
0
0
0
0
0
0
0
0
0
0
0
0
0
0
0
0
0
0
0
0
0
0
0
0
0
0
0
0
0
0
0
0
0
0
0
0
0
0
0
0
0
0
0
0
0
0
0
0
0
0
0
0
0
0
0
0
0
0
0
0
0
0
0
0
0
0
0
0
0
0
0
0
0
0
0
0
0
0
0
0
0
0
0
0
0
0
0
0
0
0
0
0
0
0
0
0
0
0
0
0
0
0
0
0
0
0
0
0
0
0
0
0
0
0
0
0
0
0
0
0
0
0
0
0
0
0
0
0
0
0
0
0
0
0
0
0
0
0
0
0
0
0
0
0
0
0
0
0
0
0
0
0
0
0
0
0
0
0
0
0
0
0
0
0
0
0
0
0
0
0
0
0
0
0
0
0
0
0
0
0
0
0
0
0
0
0
0
0
0
0
0
0
0
0
0
0
0
0
0
0
0
0
0
0
0
0
0
0
0
0
0
0
0
0
0
0
0
0
0
0
0
0
0
0
0
0
0
0
0
0
0
0
0
0
0
0
0
0
0
0
0
0
0
0
0
0
0
0
0
0
0
0
0
0
0
0
0
0
0
0
0
0
0
0
0
0
0
0
0
0
0
0
0
0
0
0
0
0
0
0
0
0
0
0
0
0
0
0
0
0
0
0
0
0
0
0
0
0
0
0
0
0
0
0
0
0
0
0
0
0
0
0
0
0
0
0
0
0
0
0
0
0
0
0
0
0
0
0
0
0
0
0
0
0
0
0
0
0
0
0
0
0
0
0
0
0
0
0
0
0
0
0
0
0
0
0
0
0
0
0
0
0
0
0
0
0
0
0
0
0
0
0
0
0
0
0
0
0
0
0
0
0
0
0
0
0
0
0
0
0
0
0
0
0
0
0
0
0
0
0
0
0
0
0
0
0
0
0
0
0
0
0
0
0
0
0
0
0
0
0
0
0
0
0
0
0
0
0
0
0
0
0
0
0
0
0
0
0
0
0
0
0
0
0
0
0
0
0
0
0
0
0
0
0
0
0
0
0
0
0
0
0
0
0
0
0
0
0
0
0
0
0
0
0
0
0
0
0
0
0
0
0
0
0
0
0
0
0
0
0
0
0
0
0
0
0
0
0
0
0
0
0
0
0
0
0
0
0
0
0
0
0
0
0
0
0
0
0
0
0
0
0
0
0
0
0
0
0
0
0
0
0
0
0
0
0
0
0
0
0
0
0
0
0
0
0
0
0
0
0
0
0
0
0
0
0
0
0
0
0
0
0
0
0
0
0
0
0
0
0
0
0
0
0
0
0
0
0
0
0
0
0
0
0
0
0
0
0
0
0
0
0
0
0
0
0
0
0
0
0
0
0
0
0
0
0
0
0
0
0
0
0
0
0
0
0
0
0
0
0
0
0
0
0
0
0
0
0
0
0
0
0
0
0
0
0
0
0
0
0
0
0
0
0
0
0
0
0
0
0
0
0
0
0
0
0
0
0
0
0
0
0
0
0
0
0
0
0
0
0
0
0
0
0
0
0
0
0
0
0
0
0
0
0
0
0
0
0
0
0
0
0
0
0
0
0
0
0
0
0
0
0
0
0
0
0
0
0
0
0
0
0
0
0
0
0
0
0
0
0
0
0
0
0
0
0
0
0
0
0
0
0
0
0
0
0
0
0
0
0
0
0
0
0
0
0
0
0
0
0
0
0
0
0
0
0
0
0
0
0
0
0
0
0
0
0
0
0
0
0
0
0
0
0
0
0
0
0
0
0
0
0
0
0
0
0
0
0
0
0
0
0
0
0
0
0
0
0
0
0
0
0
0
0
0
0
0
0
0
0
0
0
0
0
0
0
0
0
0
0
0
0
0
0
0
0
0
0
0
0
0
0
0
0
0
0
0
0
0
0
0
0
0
0
0
0
0
0
0
0
0
0
0
0
0
0
0
0
0
0
0
0
0
0
0
0
0
0
0
0
0
0
0
0
0
0
0
0
0
0
0
0
0
0
0
0
0
0
0
0
0
0
0
0
0
0
0
0
0
0
0
0
0
0
0
0
0
0
0
0
0
0
0
0
0
0
0
0
0
0
0
0
0
0
0
0
0
0
0
0
0
0
0
0
0
0
0
0
0
0
0
0
0
0
0
0
0
0
0
0
0
0
0
0
0
0
0
0
0
0
0
0
0
0
0
0
0
0
0
0
0
0
0
0
0
0
0
0
0
0
0
0
0
0
0
0
0
0
0
0
0
0
0
0
0
0
0
0
0
0
0
0
0
0
0
0
0
0
0
0
0
0
0
0
0
0
0
0
0
0
0
0
0
0
0
0
0
0
0
0
0
0
0
0
0
0
0
0
0
0
0
0
0
0
0
0
0
0
0
0
0
0
0
0
0
0
0
0
0
0
0
0
0
0
0
0
0
0
0
0
0
0
0
0
0
0
0
0
0
0
0
0
0
0
0
0
0
0
0
0
0
0
0
0
0
0
0
0
0
0
0
0
0
0
0
0
0
0
0
0
0
0
0
0
0
0
0
0
0
0
0
0
0
0
0
0
0
0
0
0
0
0
0
0
0
0
0
0
0
0
0
0
0
0
0
0
0
0
0
0
0
0
0
0
0
0
0
0
0
0
0
0
0
0
0
0
0
0
0
0
0
0
0
0
0
0
0
0
0
0
0
0
0
0
0
0
0
0
0
0
0
0
0
0
0
0
0
0
0
0
0
0
0
0
0
0
0
0
0
0
0
0
0
0
0
0
0
0
0
0
0
0
0
0
0
0
0
0
0
0
0
0
0
0
0
0
0
0
0
0
0
0
0
0
0
0
0
0
0
0
0
0
0
0
0
0
0
0
0
0
0
0
0
0
0
0
0
0
0
0
0
0
0
0
0
0
0
0
0
0
0
0
0
0
0
0
0
0
0
0
0
0
0
0
0
0
0
0
0
0
0
0
0
0
0
0
0
0
0
0
0
0
0
0
0
0
0
0
0
0
0
0
0
0
0
0
0
0
0
0
0
0
0
0
0
0
0
0
0
0
0
0
0
0
0
0
0
0
0
0
0
0
0
0
0
0
0
0
0
0
0
0
0
0
0
0
0
0
0
0
0
0
0
0
0
0
0
0
0
0
0
0
0
0
0
0
0
0
0
0
0
0
0
0
0
0
0
0
0
0
0
0
0
0
0
0
0
0
0
0
0
0
0
0
0
0
0
0
0
0
0
0
0
0
0
0
0
0
0
0
0
0
0
0
0
0
0
0
0
0
0
0
0
0
0
0
0
0
0
0
0
0
0
0
0
0
0
0
0
0
0
0
0
0
0
0
0
0
0
0
0
0
0
0
0
0
0
0
0
0
0
0
0
0
0
0
0
0
0
0
0
0
0
0
0
0
0
0
0
0
0
0
0
0
0
0
0
0
0
0
0
0
0
0
0
0
0
0
0
0
0
0
0
0
0
0
0
0
0
0
0
0
0
0
0
0
0
0
0
0
0
0
0
0
0
0
0
0
0
0
0
0
0
0
0
0
0
0
0
0
0
0
0
0
0
0
0
0
0
0
0
0
0
0
0
0
0
0
0
0
0
0
0
0
0
0
0
0
0
0
0
0
0
0
0
0
0
0
0
0
0
0
0
0
0
0
0
0
0
0
0
0
0
0
0
0
0
0
0
0
0
0
0
0
0
0
0
0
0
0
0
0
0
0
0
0
0
0
0
0
0
0
0
0
0
0
0
0
0
0
0
0
0
0
0
0
0
0
0
0
0
0
0
0
0
0
0
0
0
0
0
0
0
0
0
0
0
0
0
0
0
0
0
0
0
0
0
0
0
0
0
0
0
0
0
0
0
0
0
0
0
0
0
0
0
0
0
0
0
0
0
0
0
0
0
0
0
0
0
0
0
0
0
0
0
0
0
0
0
0
0
0
0
0
0
0
0
0
0
0
0
0
0
0
0
0
0
0
0
0
0
0
0
0
0
0
0
0
0
0
0
0
0
0
0
0
0
0
0
0
0
0
0
0
0
0
0
0
0
0
0
0
0
0
0
0
0
0
0
0
0
0
0
0
0
0
0
0
0
0
0
0
0
0
0
0
0
0
0
0
0
0
0
0
0
0
0
0
0
0
0
0
0
0
0
0
0
0
0
0
0
0
0
0
0
0
0
0
0
0
0
0
0
0
0
0
0
0
0
0
0
0
0
0
0
0
0
0
0
0
0
0
0
0
0
0
0
0
0
0
0
0
0
0
0
0
0
0
0
0
0
0
0
0
0
0
0
0
0
0
0
0
0
0
0
0
0
0
0
0
0
0
0
0
0
0
0
0
0
0
0
0
0
0
0
0
0
0
0
0
0
0
0
0
0
0
0
0
0
0
0
0
0
0
0
0
0
0
0
0
0
0
0
0
0
0
0
0
0
0
0
0
0
0
0
0
0
0
0
0
0
0
0
0
0
0
0
0
0
0
0
0
0
0
0
0
0
0
0
0
0
0
0
0
0
0
0
0
0
0
0
0
0
0
0
0
0
0
0
0
0
0
0
0
0
0
0
0
0
0
0
0
0
0
0
0
0
0
0
0
0
0
0
0
0
0
0
0
0
0
0
0
0
0
0
0
0
0
0
0
0
0
0
0
0
0
0
0
0
0
0
0
0
0
0
0
0
0
0
0
0
0
0
0
0
0
0
0
0
0
0
0
0
0
0
0
0
0
0
0
0
0
0
0
0
0
0
0
0
0
0
0
0
0
0
0
0
0
0
0
0
0
0
0
0
0
0
0
0
0
0
0
0
0
0
0
0
0
0
0
0
0
0
0
0
0
0
0
0
0
0
0
0
0
0
0
0
0
0
0
0
0
0
0
0
0
0
0
0
0
0
0
0
0
0
0
0
0
0
0
0
0
0
0
0
0
0
0
0
0
0
0
0
0
0
0
0
0
0
0
0
0
0
0
0
0
0
0
0
0
0
0
0
0
0
0
0
0
0
0
0
0
0
0
0
0
0
0
0
0
0
0
0
0
0
0
0
0
0
0
0
0
0
0
0
0
0
0
0
0
0
0
0
0
0
0
0
0
0
0
0
0
0
0
0
0
0
0
0
0
0
0
0
0
0
0
0
0
0
0
0
0
0
0
0
0
0
0
0
0
0
0
0
0
0
0
0
0
0
0
0
0
0
0
0
0
0
0
0
0
0
0
0
0
0
0
0
0
0
0
0
0
0
0
0
0
0
0
0
0
0
0
0
0
0
0
0
0
0
0
0
0
0
0
0
0
0
0
0
0
0
0
0
0
0
0
0
0
0
0
0
0
0
0
0
0
0
0
0
0
0
0
0
0
0
0
0
0
0
0
0
0
0
0
0
0
0
0
0
0
0
0
0
0
0
0
0
0
0
0
0
0
0
0
0
0
0
0
0
0
0
0
0
0
0
0
0
0
0
0
0
0
0
0
0
0
0
0
0
0
0
0
0
0
0
0
0
0
0
0
0
0
0
0
0
0
0
0
0
0
0
0
0
0
0
0
0
0
0
0
0
0
0
0
0
0
0
0
0
0
0
0
0
0
0
0
0
0
0
0
0
0
0
0
0
0
0
0
0
0
0
0
0
0
0
0
0
0
0
0
0
0
0
0
0
0
0
0
0
0
0
0
0
0
0
0
0
0
0
0
0
0
0
0
0
0
0
0
0
0
0
0
0
0
0
0
0
0
0
0
0
0
0
0
0
0
0
0
0
0
0
0
0
0
0
0
0
0
0
0
0
0
0
0
0
0
0
0
0
0
0
0
0
0
0
0
0
0
0
0
0
0
0
0
0
0
0
0
0
0
0
0
0
0
0
0
0
0
0
0
0
0
0
0
0
0
0
0
0
0
0
0
0
0
0
0
0
0
0
0
0
0
0
0
0
0
0
0
0
0
0
0
0
0
0
0
0
0
0
0
0
0
0
0
0
0
0
0
0
0
0
0
0
0
0
0
0
0
0
0
0
0
0
0
0
0
0
0
0
0
0
0
0
0
0
0
0
0
0
0
0
0
0
0
0
0
0
0
0
0
0
0
0
0
0
0
0
0
0
0
0
0
0
0
0
0
0
0
0
0
0
0
0
0
0
0
0
0
0
0
0
0
0
0
0
0
0
0
0
0
0
0
0
0
0
0
0
0
0
0
0
0
0
0
0
0
0
0
0
0
0
0
0
0
0
0
0
0
0
0
0
0
0
0
0
0
0
0
0
0
0
0
0
0
0
0
0
0
0
0
0
0
0
0
0
0
0
0
0
0
0
0
0
0
0
0
0
0
0
0
0
0
0
0
0
0
0
0
0
0
0
0
0
0
0
0
0
0
0
0
0
0
0
0
0
0
0
0
0
0
0
0
0
0
0
0
0
0
0
0
0
0
0
0
0
0
0
0
0
0
0
0
0
0
0
0
0
0
0
0
0
0
0
0
0
0
0
0
0
0
0
0
0
0
0
0
0
0
0
0
0
0
0
0
0
0
0
0
0
0
0
0
0
0
0
0
0
0
0
0
0
0
0
0
0
0
0
0
0
0
0
0
0
0
0
0
0
0
0
0
0
0
0
0
0
0
0
0
0
0
0
0
0
0
0
0
0
0
0
0
0
0
0
0
0
0
0
0
0
0
0
0
0
0
0
0
0
0
0
0
0
0
0
0
0
0
0
0
0
0
0
0
0
0
0
0
0
0
0
0
0
0
0
0
0
0
0
0
0
0
0
0
0
0
0
0
0
0
0
0
0
0
0
0
0
0
0
0
0
0
0
0
0
0
0
0
0
0
0
0
0
0
0
0
0
0
0
0
0
0
0
0
0
0
0
0
0
0
0
0
0
0
0
0
0
0
0
0
0
0
0
0
0
0
0
0
0
0
0
0
0
0
0
0
0
0
0
0
0
0
0
0
0
0
0
0
0
0
0
0
0
0
0
0
0
0
0
0
0
0
0
0
0
0
0
0
0
0
0
0
0
0
0
0
0
0
0
0
0
0
0
0
0
0
0
0
0
0
0
0
0
0
0
0
0
0
0
0
0
0
0
0
0
0
0
0
0
0
0
0
0
0
0
0
0
0
0
0
0
0
0
0
0
0
0
0
0
0
0
0
0
0
0
0
0
0
0
0
0
0
0
0
0
0
0
0
0
0
0
0
0
0
0
0
0
0
0
0
0
0
0
0
0
0
0
0
0
0
0
0
0
0
0
0
0
0
0
0
0
0
0
0
0
0
0
0
0
0
0
0
0
0
0
0
0
0
0
0
0
0
0
0
0
0
0
0
0
0
0
0
0
0
0
0
0
0
0
0
0
0
0
0
0
0
0
0
0
0
0
0
0
0
0
0
0
0
0
0
0
0
0
0
0
0
0
0
0
0
0
0
0
0
0
0
0
0
0
0
0
0
0
0
0
0
0
0
0
0
0
0
0
0
0
0
0
0
0
0
0
0
0
0
0
0
0
0
0
0
0
0
0
0
0
0
0
0
0
0
0
0
0
0
0
0
0
0
0
0
0
0
0
0
0
0
0
0
0
0
0
0
0
0
0
0
0
0
0
0
0
0
0
0
0
0
0
0
0
0
0
0
0
0
0
0
0
0
0
0
0
0
0
0
0
0
0
0
0
0
0
0
0
0
0
0
0
0
0
0
0
0
0
0
0
0
0
0
0
0
0
0
0
0
0
0
0
0
0
0
0
0
0
0
0
0
0
0
0
0
0
0
0
0
0
0
0
0
0
0
0
0
0
0
0
0
0
0
0
0
0
0
0
0
0
0
0
0
0
0
0
0
0
0
0
0
0
0
0
0
0
0
0
0
0
0
0
0
0
0
0
0
0
0
0
0
0
0
0
0
0
0
0
0
0
0
0
0
0
0
0
0
0
0
0
0
0
0
0
0
0
0
0
0
0
0
0
0
0
0
0
0
0
0
0
0
0
0
0
0
0
0
0
0
0
0
0
0
0
0
0
0
0
0
0
0
0
0
0
0
0
0
0
0
0
0
0
0
0
0
0
0
0
0
0
0
0
0
0
0
0
0
0
0
0
0
0
0
0
0
0
0
0
0
0
0
0
0
0
0
0
0
0
0
0
0
0
0
0
0
0
0
0
0
0
0
0
0
0
0
0
0
0
0
0
0
0
0
0
0
0
0
0
0
0
0
0
0
0
0
0
0
0
0
0
0
0
0
0
0
0
0
0
0
0
0
0
0
0
0
0
0
0
0
0
0
0
0
0
0
0
0
0
0
0
0
0
0
0
0
0
0
0
0
0
0
0
0
0
0
0
0
0
0
0
0
0
0
0
0
0
0
0
0
0
0
0
0
0
0
0
0
0
0
0
0
0
0
0
0
0
0
0
0
0
0
0
0
0
0
0
0
0
0
0
0
0
0
0
0
0
0
0
0
0
0
0
0
0
0
0
0
0
0
0
0
0
0
0
0
0
0
0
0
0
0
0
0
0
0
0
0
0
0
0
0
0
0
0
0
0
0
0
0
0
0
0
0
0
0
0
0
0
0
0
0
0
0
0
0
0
0
0
0
0
0
0
0
0
0
0
0
0
0
0
0
0
0
0
0
0
0
0
0
0
0
0
0
0
0
0
0
0
0
0
0
0
0
0
0
0
0
0
0
0
0
0
0
0
0
0
0
0
0
0
0
0
0
0
0
0
0
0
0
0
0
0
0
0
0
0
0
0
0
0
0
0
0
0
0
0
0
0
0
0
0
0
0
0
0
0
0
0
0
0
0
0
0
0
0
0
0
0
0
0
0
0
0
0
0
0
0
0
0
0
0
0
0
0
0
0
0
0
0
0
0
0
0
0
0
0
0
0
0
0
0
0
0
0
0
0
0
0
0
0
0
0
0
0
0
0
0
0
0
0
0
0
0
0
0
0
0
0
0
0
0
0
0
0
0
0
0
0
0
0
0
0
0
0
0
0
0
0
0
0
0
0
0
0
0
0
0
0
0
0
0
0
0
0
0
0
0
0
0
0
0
0
0
0
0
0
0
0
0
0
0
0
0
0
0
0
0
0
0
0
0
0
0
0
0
0
0
0
0
0
0
0
0
0
0
0
0
0
0
0
0
0
0
0
0
0
0
0
0
0
0
0
0
0
0
0
0
0
0
0
0
0
0
0
0
0
0
0
0
0
0
0
0
0
0
0
0
0
0
0
0
0
0
0
0
0
0
0
0
0
0
0
0
0
0
0
0
0
0
0
0
0
0
0
0
0
0
0
0
0
0
0
0
0
0
0
0
0
0
0
0
0
0
0
0
0
0
0
0
0
0
0
0
0
0
0
0
0
0
0
0
0
0
0
0
0
0
0
0
0
0
0
0
0
0
0
0
0
0
0
0
0
0
0
0
0
0
0
0
0
0
0
0
0
0
0
0
0
0
0
0
0
0
0
0
0
0
0
0
0
0
0
0
0
0
0
0
0
0
0
0
0
0
0
0
0
0
0
0
0
0
0
0
0
0
0
0
0
0
0
0
0
0
0
0
0
0
0
0
0
0
0
0
0
0
0
0
0
0
0
0
0
0
0
0
0
0
0
0
0
0
0
0
0
0
0
0
0
0
0
0
0
0
0
0
0
0
0
0
0
0
0
0
0
0
0
0
0
0
0
0
0
0
0
0
0
0
0
0
0
0
0
0
0
0
0
0
0
0
0
0
0
0
0
0
0
0
0
0
0
0
0
0
0
0
0
0
0
0
0
0
0
0
0
0
0
0
0
0
0
0
0
0
0
0
0
0
0
0
0
0
0
0
0
0
0
0
0
0
0
0
0
0
0
0
0
0
0
0
0
0
0
0
0
0
0
0
0
0
0
0
0
0
0
0
0
0
0
0
0
0
0
0
0
0
0
0
0
0
0
0
0
0
0
0
0
0
0
0
0
0
0
0
0
0
0
0
0
0
0
0
0
0
0
0
0
0
0
0
0
0
0
0
0
0
0
0
0
0
0
0
0
0
0
0
0
0
0
0
0
0
0
0
0
0
0
0
0
0
0
0
0
0
0
0
0
0
0
0
0
0
0
0
0
0
0
0
0
0
0
0
0
0
0
0
0
0
0
0
0
0
0
0
0
0
0
0
0
0
0
0
0
0
0
0
0
0
0
0
0
0
0
0
0
0
0
0
0
0
0
0
0
0
0
0
0
0
0
0
0
0
0
0
0
0
0
0
0
0
0
0
0
0
0
0
0
0
0
0
0
0
0
0
0
0
0
0
0
0
0
0
0
0
0
0
0
0
0
0
0
0
0
0
0
0
0
0
0
0
0
0
0
0
0
0
0
0
0
0
0
0
0
0
0
0
0
0
0
0
0
0
0
0
0
0
0
0
0
0
0
0
0
0
0
0
0
0
0
0
0
0
0
0
0
0
0
0
0
0
0
0
0
0
0
0
0
0
0
0
0
0
0
0
0
0
0
0
0
0
0
0
0
0
0
0
0
0
0
0
0
0
0
0
0
0
0
0
0
0
0
0
0
0
0
0
0
0
0
0
0
0
0
0
0
0
0
0
0
0
0
0
0
0
0
0
0
0
0
0
0
0
0
0
0
0
0
0
0
0
0
0
0
0
0
0
0
0
0
0
0
0
0
0
0
0
0
0
0
0
0
0
0
0
0
0
0
0
0
0
0
0
0
0
0
0
0
0
0
0
0
0
0
0
0
0
0
0
0
0
0
0
0
0
0
0
0
0
0
0
0
0
0
0
0
0
0
0
0
0
0
0
0
0
0
0
0
0
0
0
0
0
0
0
0
0
0
0
0
0
0
0
0
0
0
0
0
0
0
0
0
0
0
0
0
0
0
0
0
0
0
0
0
0
0
0
0
0
0
0
0
0
0
0
0
0
0
0
0
0
0
0
0
0
0
0
0
0
0
0
0
0
0
0
0
0
0
0
0
0
0
0
0
0
0
0
0
0
0
0
0
0
0
0
0
0
0
0
0
0
0
0
0
0
0
0
0
0
0
0
0
0
0
0
0
0
0
0
0
0
0
0
0
0
0
0
0
0
0
0
0
0
0
0
0
0
0
0
0
0
0
0
0
0
0
0
0
0
0
0
0
0
0
0
0
0
0
0
0
0
0
0
0
0
0
0
0
0
0
0
0
0
0
0
0
0
0
0
0
0
0
0
0
0
0
0
0
0
0
0
0
0
0
0
0
0
0
0
0
0
0
0
0
0
0
0
0
0
0
0
0
0
0
0
0
0
0
0
0
0
0
0
0
0
0
0
0
0
0
0
0
0
0
0
0
0
0
0
0
0
0
0
0
0
0
0
0
0
0
0
0
0
0
0
0
0
0
0
0
0
0
0
0
0
0
0
0
0
0
0
0
0
0
0
0
0
0
0
0
0
0
0
0
0
0
0
0
0
0
0
0
0
0
0
0
0
0
0
0
0
0
0
0
0
0
0
0
0
0
0
0
0
0
0
0
0
0
0
0
0
0
0
0
0
0
0
0
0
0
0
0
0
0
0
0
0
0
0
0
0
0
0
0
0
0
0
0
0
0
0
0
0
0
0
0
0
0
0
0
0
0
0
0
0
0
0
0
0
0
0
0
0
0
0
0
0
0
0
0
0
0
0
0
0
0
0
0
0
0
0
0
0
0
0
0
0
0
0
0
0
0
0
0
0
0
0
0
0
0
0
0
0
0
0
0
0
0
0
0
0
0
0
0
0
0
0
0
0
0
0
0
0
0
0
0
0
0
0
0
0
0
0
0
0
0
0
0
0
0
0
0
0
0
0
0
0
0
0
0
0
0
0
0
0
0
0
0
0
0
0
0
0
0
0
0
0
0
0
0
0
0
0
0
0
0
0
0
0
0
0
0
0
0
0
0
0
0
0
0
0
0
0
0
0
0
0
0
0
0
0
0
0
0
0
0
0
0
0
0
0
0
0
0
0
0
0
0
0
0
0
0
0
0
0
0
0
0
0
0
0
0
0
0
0
0
0
0
0
0
0
0
0
0
0
0
0
0
0
0
0
0
0
0
0
0
0
0
0
0
0
0
0
0
0
0
0
0
0
0
0
0
0
0
0
0
0
0
0
0
0
0
0
0
0
0
0
0
0
0
0
0
0
0
0
0
0
0
0
0
0
0
0
0
0
0
0
0
0
0
0
0
0
0
0
0
0
0
0
0
0
0
0
0
0
0
0
0
0
0
0
0
0
0
0
0
0
0
0
0
0
0
0
0
0
0
0
0
0
0
0
0
0
0
0
0
0
0
0
0
0
0
0
0
0
0
0
0
0
0
0
0
0
0
0
0
0
0
0
0
0
0
0
0
0
0
0
0
0
0
0
0
0
0
0
0
0
0
0
0
0
0
0
0
0
0
0
0
0
0
0
0
0
0
0
0
0
0
0
0
0
0
0
0
0
0
0
0
0
0
0
0
0
0
0
0
0
0
0
0
0
0
0
0
0
0
0
0
0
0
0
0
0
0
0
0
0
0
0
0
0
0
0
0
0
0
0
0
0
0
0
0
0
0
0
0
0
0
0
0
0
0
0
0
0
0
0
0
0
0
0
0
0
0
0
0
0
0
0
0
0
0
0
0
0
0
0
0
0
0
0
0
0
0
0
0
0
0
0
0
0
0
0
0
0
0
0
0
0
0
0
0
0
0
0
0
0
0
0
0
0
0
0
0
0
0
0
0
0
0
0
0
0
0
0
0
0
0
0
0
0
0
0
0
0
0
0
0
0
0
0
0
0
0
0
0
0
0
0
0
0
0
0
0
0
0
0
0
0
0
0
0
0
0
0
0
0
0
0
0
0
0
0
0
0
0
0
0
0
0
0
0
0
0
0
0
0
0
0
0
0
0
0
0
0
0
0
0
0
0
0
0
0
0
0
0
0
0
0
0
0
0
0
0
0
0
0
0
0
0
0
0
0
0
0
0
0
0
0
0
0
0
0
0
0
0
0
0
0
0
0
0
0
0
0
0
0
0
0
0
0
0
0
0
0
0
0
0
0
0
0
0
0
0
0
0
0
0
0
0
0
0
0
0
0
0
0
0
0
0
0
0
0
0
0
0
0
0
0
0
0
0
0
0
0
0
0
0
0
0
0
0
0
0
0
0
0
0
0
0
0
0
0
0
0
0
0
0
0
0
0
0
0
0
0
0
0
0
0
0
0
0
0
0
0
0
0
0
0
0
0
0
0
0
0
0
0
0
0
0
0
0
0
0
0
0
0
0
0
0
0
0
0
0
0
0
0
0
0
0
0
0
0
0
0
0
0
0
0
0
0
0
0
0
0
0
0
0
0
0
0
0
0
0
0
0
0
0
0
0
0
0
0
0
0
0
0
0
0
0
0
0
0
0
0
0
0
0
0
0
0
0
0
0
0
0
0
0
0
0
0
0
0
0
0
0
0
0
0
0
0
0
0
0
0
0
0
0
0
0
0
0
0
0
0
0
0
0
0
0
0
0
0
0
0
0
0
0
0
0
0
0
0
0
0
0
0
0
0
0
0
0
0
0
0
0
0
0
0
0
0
0
0
0
0
0
0
0
0
0
0
0
0
0
0
0
0
0
0
0
0
0
0
0
0
0
0
0
0
0
0
0
0
0
0
0
0
0
0
0
0
0
0
0
0
0
0
0
0
0
0
0
0
0
0
0
0
0
0
0
0
0
0
0
0
0
0
0
0
0
0
0
0
0
0
0
0
0
0
0
0
0
0
0
0
0
0
0
0
0
0
0
0
0
0
1
0
0
0
0
0
1
0
0
0
0
0
1
0
0
0
0
0
1
0
0
0
0
0
1
0
0
0
0
0
1
0
0
0
0
0
1
0
0
0
0
0
1
0
0
0
0
0
1
0
0
0
0
0
1
0
0
0
0
0
1
0
0
0
0
0
1
0
0
0
0
0
1
0
0
0
0
0
1
0
0
0
0
0
1
0
0
0
0
0
1
0
0
0
0
0
1
0
0
0
0
0
1
0
0
0
0
0
1
0
0
0
0
0
1
0
0
0
0
0
1
0
0
0
0
0
1
0
0
0
0
0
1
0
0
0
0
0
1
0
0
0
0
0
0
0
0
0
0
0
0
0
0
0
0
0
0
0
0
0
0
0
0
0
0
0
0
0
0
0
0
0
0
0
0
0
0
0
0
0
0
0
0
0
0
0
0
0
0
0
0
0
0
0
0
0
0
0
0
0
0
0
0
0
0
0
0
0
0
0
0
0
0
0
0
0
0
0
0
0
0
0
0
0
0
0
0
0
0
0
0
0
0
0
0
0
0
0
0
0
0
0
0
0
0
0
0
0
0
0
0
0
0
0
0
0
0
0
0
0
0
0
0
0
0
0
0
0
0
0
0
0
0
0
0
0
0
0
0
0
0
0
0
0
0
0
0
0
0
0
0
0
0
0
0
0
0
0
0
0
0
0
0
0
0
0
0
0
0
0
0
0
0
0
0
0
0
0
0
0
0
0
0
0
0
0
0
0
0
0
0
0
0
0
0
0
0
0
0
0
0
0
0
0
0
0
0
0
0
0
0
0
0
0
0
0
0
0
0
0
0
0
0
0
0
0
0
0
0
0
0
0
0
0
0
0
0
0
0
0
0
0
0
0
0
0
0
0
0
0
0
0
0
0
0
0
0
0
0
0
0
0
0
0
0
0
0
0
0
0
0
0
0
0
0
0
0
0
0
0
0
0
0
0
0
0
0
SCALARS holdup float 1
LOOKUP_TABLE default
0.42292
0.42292
0.42292
0.42292
0.42292
0.42292
0.42292
0.42292
0.42292
0.42292
0.42292
0.42292
0.42292
0.42292
0.42292
0.42292
0.42292
0.42292
0.42292
0.42292
0.42292
0.42292
0.42292
0.42292
0.42292
0.42292
0.42292
0.42292
0.42292
0.42292
0.42292
0.42292
0.42292
0.42292
0.42292
0.42292
0.42292
0.42292
0.42292
0.42292
0.42292
0.42292
0.42292
0.42292
0.42292
0.42292
0.42292
0.42292
0.42292
0.42292
0.42292
0.42292
0.42292
0.42292
0.42292
0.42292
0.42292
0.42292
0.42292
0.42292
0.42292
0.42292
0.42292
0.42292
0.42292
0.42292
0.42292
0.42292
0.42292
0.42292
0.42292
0.42292
0.42292
0.42292
0.42292
0.42292
0.42292
0.42292
0.42292
0.42292
0.42292
0.42292
0.42292
0.42292
0.42292
0.42292
0.42292
0.42292
0.42292
0.42292
0.42292
0.42292
0.42292
0.42292
0.42292
0.42292
0.42292
0.42292
0.42292
0.42292
0.42292
0.42292
0.42292
0.42292
0.42292
0.42292
0.42292
0.42292
0.42292
0.42292
0.42292
0.42292
0.42292
0.42292
0.42292
0.42292
0.42292
0.42292
0.42292
0.42292
0.42292
0.42292
0.42292
0.42292
0.42292
0.42292
0.42292
0.42292
0.42292
0.42292
0.42292
0.42292
0.42292
0.42292
0.42292
0.42292
0.42292
0.42292
0.42292
0.42292
0.42292
0.42292
0.42292
0.42292
0.45487
0.45487
0.45487
0.45487
0.45487
0.45487
0.45487
0.45487
0.45487
0.45487
0.45487
0.45487
0.45487
0.45487
0.45487
0.45487
0.45487
0.45487
0.45487
0.45487
0.45487
0.45487
0.45487
0.45487
0.45487
0.45487
0.45487
0.45487
0.45487
0.45487
0.45487
0.45487
0.45487
0.45487
0.45487
0.45487
0.45487
0.45487
0.45487
0.45487
0.45487
0.45487
0.45487
0.45487
0.45487
0.45487
0.45487
0.45487
0.45487
0.45487
0.45487
0.45487
0.45487
0.45487
0.45487
0.45487
0.45487
0.45487
0.45487
0.45487
0.45487
0.45487
0.45487
0.45487
0.45487
0.45487
0.45487
0.45487
0.45487
0.45487
0.45487
0.45487
0.45487
0.45487
0.45487
0.45487
0.45487
0.45487
0.45487
0.45487
0.45487
0.45487
0.45487
0.45487
0.45487
0.45487
0.45487
0.45487
0.45487
0.45487
0.45487
0.45487
0.45487
0.45487
0.45487
0.45487
0.45487
0.45487
0.45487
0.45487
0.45487
0.45487
0.45487
0.45487
0.45487
0.45487
0.45487
0.45487
0.45487
0.45487
0.45487
0.45487
0.45487
0.45487
0.45487
0.45487
0.45487
0.45487
0.45487
0.45487
0.45487
0.45487
0.45487
0.45487
0.45487
0.45487
0.45487
0.45487
0.45487
0.45487
0.45487
0.45487
0.45487
0.45487
0.45487
0.45487
0.45487
0.45487
0.45487
0.45487
0.45487
0.45487
0.45487
0.45487
0.52627
0.52627
0.52627
0.52627
0.52627
0.52627
0.52627
0.52627
0.52627
0.52627
0.52627
0.52627
0.52627
0.52627
0.52627
0.52627
0.52627
0.52627
0.52627
0.52627
0.52627
0.52627
0.52627
0.52627
0.52627
0.52627
0.52627
0.52627
0.52627
0.52627
0.52627
0.52627
0.52627
0.52627
0.52627
0.52627
0.52627
0.52627
0.52627
0.52627
0.52627
0.52627
0.52627
0.52627
0.52627
0.52627
0.52627
0.52627
0.52627
0.52627
0.52627
0.52627
0.52627
0.52627
0.52627
0.52627
0.52627
0.52627
0.52627
0.52627
0.52627
0.52627
0.52627
0.52627
0.52627
0.52627
0.52627
0.52627
0.52627
0.52627
0.52627
0.52627
0.52627
0.52627
0.52627
0.52627
0.52627
0.52627
0.52627
0.52627
0.52627
0.52627
0.52627
0.52627
0.52627
0.52627
0.52627
0.52627
0.52627
0.52627
0.52627
0.52627
0.52627
0.52627
0.52627
0.52627
0.52627
0.52627
0.52627
0.52627
0.52627
0.52627
0.52627
0.52627
0.52627
0.52627
0.52627
0.52627
0.52627
0.52627
0.52627
0.52627
0.52627
0.52627
0.52627
0.52627
0.52627
0.52627
0.52627
0.52627
0.52627
0.52627
0.52627
0.52627
0.52627
0.52627
0.52627
0.52627
0.52627
0.52627
0.52627
0.52627
0.52627
0.52627
0.52627
0.52627
0.52627
0.52627
0.52627
0.52627
0.52627
0.52627
0.52627
0.52627
0.51806
0.51806
0.51806
0.51806
0.51806
0.51806
0.51806
0.51806
0.51806
0.51806
0.51806
0.51806
0.51806
0.51806
0.51806
0.51806
0.51806
0.51806
0.51806
0.51806
0.51806
0.51806
0.51806
0.51806
0.51806
0.51806
0.51806
0.51806
0.51806
0.51806
0.51806
0.51806
0.51806
0.51806
0.51806
0.51806
0.51806
0.51806
0.51806
0.51806
0.51806
0.51806
0.51806
0.51806
0.51806
0.51806
0.51806
0.51806
0.51806
0.51806
0.51806
0.51806
0.51806
0.51806
0.51806
0.51806
0.51806
0.51806
0.51806
0.51806
0.51806
0.51806
0.51806
0.51806
0.51806
0.51806
0.51806
0.51806
0.51806
0.51806
0.51806
0.51806
0.51806
0.51806
0.51806
0.51806
0.51806
0.51806
0.51806
0.51806
0.51806
0.51806
0.51806
0.51806
0.51806
0.51806
0.51806
0.51806
0.51806
0.51806
0.51806
0.51806
0.51806
0.51806
0.51806
0.51806
0.51806
0.51806
0.51806
0.51806
0.51806
0.51806
0.51806
0.51806
0.51806
0.51806
0.51806
0.51806
0.51806
0.51806
0.51806
0.51806
0.51806
0.51806
0.51806
0.51806
0.51806
0.51806
0.51806
0.51806
0.51806
0.51806
0.51806
0.51806
0.51806
0.51806
0.51806
0.51806
0.51806
0.51806
0.51806
0.51806
0.51806
0.51806
0.51806
0.51806
0.51806
0.51806
0.51806
0.51806
0.51806
0.51806
0.51806
0.51806
0.48946
0.48946
0.48946
0.48946
0.48946
0.48946
0.48946
0.48946
0.48946
0.48946
0.48946
0.48946
0.48946
0.48946
0.48946
0.48946
0.48946
0.48946
0.48946
0.48946
0.48946
0.48946
0.48946
0.48946
0.48946
0.48946
0.48946
0.48946
0.48946
0.48946
0.48946
0.48946
0.48946
0.48946
0.48946
0.48946
0.48946
0.48946
0.48946
0.48946
0.48946
0.48946
0.48946
0.48946
0.48946
0.48946
0.48946
0.48946
0.48946
0.48946
0.48946
0.48946
0.48946
0.48946
0.48946
0.48946
0.48946
0.48946
0.48946
0.48946
0.48946
0.48946
0.48946
0.48946
0.48946
0.48946
0.48946
0.48946
0.48946
0.48946
0.48946
0.48946
0.48946
0.48946
0.48946
0.48946
0.48946
0.48946
0.48946
0.48946
0.48946
0.48946
0.48946
0.48946
0.48946
0.48946
0.48946
0.48946
0.48946
0.48946
0.48946
0.48946
0.48946
0.48946
0.48946
0.48946
0.48946
0.48946
0.48946
0.48946
0.48946
0.48946
0.48946
0.48946
0.48946
0.48946
0.48946
0.48946
0.48946
0.48946
0.48946
0.48946
0.48946
0.48946
0.48946
0.48946
0.48946
0.48946
0.48946
0.48946
0.48946
0.48946
0.48946
0.48946
0.48946
0.48946
0.48946
0.48946
0.48946
0.48946
0.48946
0.48946
0.48946
0.48946
0.48946
0.48946
0.48946
0.48946
0.48946
0.48946
0.48946
0.48946
0.48946
0.48946
0.45553
0.45553
0.45553
0.45553
0.45553
0.45553
0.45553
0.45553
0.45553
0.45553
0.45553
0.45553
0.45553
0.45553
0.45553
0.45553
0.45553
0.45553
0.45553
0.45553
0.45553
0.45553
0.45553
0.45553
0.45553
0.45553
0.45553
0.45553
0.45553
0.45553
0.45553
0.45553
0.45553
0.45553
0.45553
0.45553
0.45553
0.45553
0.45553
0.45553
0.45553
0.45553
0.45553
0.45553
0.45553
0.45553
0.45553
0.45553
0.45553
0.45553
0.45553
0.45553
0.45553
0.45553
0.45553
0.45553
0.45553
0.45553
0.45553
0.45553
0.45553
0.45553
0.45553
0.45553
0.45553
0.45553
0.45553
0.45553
0.45553
0.45553
0.45553
0.45553
0.45553
0.45553
0.45553
0.45553
0.45553
0.45553
0.45553
0.45553
0.45553
0.45553
0.45553
0.45553
0.45553
0.45553
0.45553
0.45553
0.45553
0.45553
0.45553
0.45553
0.45553
0.45553
0.45553
0.45553
0.45553
0.45553
0.45553
0.45553
0.45553
0.45553
0.45553
0.45553
0.45553
0.45553
0.45553
0.45553
0.45553
0.45553
0.45553
0.45553
0.45553
0.45553
0.45553
0.45553
0.45553
0.45553
0.45553
0.45553
0.45553
0.45553
0.45553
0.45553
0.45553
0.45553
0.45553
0.45553
0.45553
0.45553
0.45553
0.45553
0.45553
0.45553
0.45553
0.45553
0.45553
0.45553
0.45553
0.45553
0.45553
0.45553
0.45553
0.45553
0.4749
0.4749
0.4749
0.4749
0.4749
0.4749
0.4749
0.4749
0.4749
0.4749
0.4749
0.4749
0.4749
0.4749
0.4749
0.4749
0.4749
0.4749
0.4749
0.4749
0.4749
0.4749
0.4749
0.4749
0.4749
0.4749
0.4749
0.4749
0.4749
0.4749
0.4749
0.4749
0.4749
0.4749
0.4749
0.4749
0.4749
0.4749
0.4749
0.4749
0.4749
0.4749
0.4749
0.4749
0.4749
0.4749
0.4749
0.4749
0.4749
0.4749
0.4749
0.4749
0.4749
0.4749
0.4749
0.4749
0.4749
0.4749
0.4749
0.4749
0.4749
0.4749
0.4749
0.4749
0.4749
0.4749
0.4749
0.4749
0.4749
0.4749
0.4749
0.4749
0.4749
0.4749
0.4749
0.4749
0.4749
0.4749
0.4749
0.4749
0.4749
0.4749
0.4749
0.4749
0.4749
0.4749
0.4749
0.4749
0.4749
0.4749
0.4749
0.4749
0.4749
0.4749
0.4749
0.4749
0.4749
0.4749
0.4749
0.4749
0.4749
0.4749
0.4749
0.4749
0.4749
0.4749
0.4749
0.4749
0.4749
0.4749
0.4749
0.4749
0.4749
0.4749
0.4749
0.4749
0.4749
0.4749
0.4749
0.4749
0.4749
0.4749
0.4749
0.4749
0.4749
0.4749
0.4749
0.4749
0.4749
0.4749
0.4749
0.4749
0.4749
0.4749
0.4749
0.4749
0.4749
0.4749
0.4749
0.4749
0.4749
0.4749
0.4749
0.4749
0.50744
0.50744
0.50744
0.50744
0.50744
0.50744
0.50744
0.50744
0.50744
0.50744
0.50744
0.50744
0.50744
0.50744
0.50744
0.50744
0.50744
0.50744
0.50744
0.50744
0.50744
0.50744
0.50744
0.50744
0.50744
0.50744
0.50744
0.50744
0.50744
0.50744
0.50744
0.50744
0.50744
0.50744
0.50744
0.50744
0.50744
0.50744
0.50744
0.50744
0.50744
0.50744
0.50744
0.50744
0.50744
0.50744
0.50744
0.50744
0.50744
0.50744
0.50744
0.50744
0.50744
0.50744
0.50744
0.50744
0.50744
0.50744
0.50744
0.50744
0.50744
0.50744
0.50744
0.50744
0.50744
0.50744
0.50744
0.50744
0.50744
0.50744
0.50744
0.50744
0.50744
0.50744
0.50744
0.50744
0.50744
0.50744
0.50744
0.50744
0.50744
0.50744
0.50744
0.50744
0.50744
0.50744
0.50744
0.50744
0.50744
0.50744
0.50744
0.50744
0.50744
0.50744
0.50744
0.50744
0.50744
0.50744
0.50744
0.50744
0.50744
0.50744
0.50744
0.50744
0.50744
0.50744
0.50744
0.50744
0.50744
0.50744
0.50744
0.50744
0.50744
0.50744
0.50744
0.50744
0.50744
0.50744
0.50744
0.50744
0.50744
0.50744
0.50744
0.50744
0.50744
0.50744
0.50744
0.50744
0.50744
0.50744
0.50744
0.50744
0.50744
0.50744
0.50744
0.50744
0.50744
0.50744
0.50744
0.50744
0.50744
0.50744
0.50744
0.50744
0.50031
0.50031
0.50031
0.50031
0.50031
0.50031
0.50031
0.50031
0.50031
0.50031
0.50031
0.50031
0.50031
0.50031
0.50031
0.50031
0.50031
0.50031
0.50031
0.50031
0.50031
0.50031
0.50031
0.50031
0.50031
0.50031
0.50031
0.50031
0.50031
0.50031
0.50031
0.50031
0.50031
0.50031
0.50031
0.50031
0.50031
0.50031
0.50031
0.50031
0.50031
0.50031
0.50031
0.50031
0.50031
0.50031
0.50031
0.50031
0.50031
0.50031
0.50031
0.50031
0.50031
0.50031
0.50031
0.50031
0.50031
0.50031
0.50031
0.50031
0.50031
0.50031
0.50031
0.50031
0.50031
0.50031
0.50031
0.50031
0.50031
0.50031
0.50031
0.50031
0.50031
0.50031
0.50031
0.50031
0.50031
0.50031
0.50031
0.50031
0.50031
0.50031
0.50031
0.50031
0.50031
0.50031
0.50031
0.50031
0.50031
0.50031
0.50031
0.50031
0.50031
0.50031
0.50031
0.50031
0.50031
0.50031
0.50031
0.50031
0.50031
0.50031
0.50031
0.50031
0.50031
0.50031
0.50031
0.50031
0.50031
0.50031
0.50031
0.50031
0.50031
0.50031
0.50031
0.50031
0.50031
0.50031
0.50031
0.50031
0.50031
0.50031
0.50031
0.50031
0.50031
0.50031
0.50031
0.50031
0.50031
0.50031
0.50031
0.50031
0.50031
0.50031
0.50031
0.50031
0.50031
0.50031
0.50031
0.50031
0.50031
0.50031
0.50031
0.50031
0.47775
0.47775
0.47775
0.47775
0.47775
0.47775
0.47775
0.47775
0.47775
0.47775
0.47775
0.47775
0.47775
0.47775
0.47775
0.47775
0.47775
0.47775
0.47775
0.47775
0.47775
0.47775
0.47775
0.47775
0.47775
0.47775
0.47775
0.47775
0.47775
0.47775
0.47775
0.47775
0.47775
0.47775
0.47775
0.47775
0.47775
0.47775
0.47775
0.47775
0.47775
0.47775
0.47775
0.47775
0.47775
0.47775
0.47775
0.47775
0.47775
0.47775
0.47775
0.47775
0.47775
0.47775
0.47775
0.47775
0.47775
0.47775
0.47775
0.47775
0.47775
0.47775
0.47775
0.47775
0.47775
0.47775
0.47775
0.47775
0.47775
0.47775
0.47775
0.47775
0.47775
0.47775
0.47775
0.47775
0.47775
0.47775
0.47775
0.47775
0.47775
0.47775
0.47775
0.47775
0.47775
0.47775
0.47775
0.47775
0.47775
0.47775
0.47775
0.47775
0.47775
0.47775
0.47775
0.47775
0.47775
0.47775
0.47775
0.47775
0.47775
0.47775
0.47775
0.47775
0.47775
0.47775
0.47775
0.47775
0.47775
0.47775
0.47775
0.47775
0.47775
0.47775
0.47775
0.47775
0.47775
0.47775
0.47775
0.47775
0.47775
0.47775
0.47775
0.47775
0.47775
0.47775
0.47775
0.47775
0.47775
0.47775
0.47775
0.47775
0.47775
0.47775
0.47775
0.47775
0.47775
0.47775
0.47775
0.47775
0.47775
0.47775
0.47775
0.47775
0.44767
0.44767
0.44767
0.44767
0.44767
0.44767
0.44767
0.44767
0.44767
0.44767
0.44767
0.44767
0.44767
0.44767
0.44767
0.44767
0.44767
0.44767
0.44767
0.44767
0.44767
0.44767
0.44767
0.44767
0.44767
0.44767
0.44767
0.44767
0.44767
0.44767
0.44767
0.44767
0.44767
0.44767
0.44767
0.44767
0.44767
0.44767
0.44767
0.44767
0.44767
0.44767
0.44767
0.44767
0.44767
0.44767
0.44767
0.44767
0.44767
0.44767
0.44767
0.44767
0.44767
0.44767
0.44767
0.44767
0.44767
0.44767
0.44767
0.44767
0.44767
0.44767
0.44767
0.44767
0.44767
0.44767
0.44767
0.44767
0.44767
0.44767
0.44767
0.44767
0.44767
0.44767
0.44767
0.44767
0.44767
0.44767
0.44767
0.44767
0.44767
0.44767
0.44767
0.44767
0.44767
0.44767
0.44767
0.44767
0.44767
0.44767
0.44767
0.44767
0.44767
0.44767
0.44767
0.44767
0.44767
0.44767
0.44767
0.44767
0.44767
0.44767
0.44767
0.44767
0.44767
0.44767
0.44767
0.44767
0.44767
0.44767
0.44767
0.44767
0.44767
0.44767
0.44767
0.44767
0.44767
0.44767
0.44767
0.44767
0.44767
0.44767
0.44767
0.44767
0.44767
0.44767
0.44767
0.44767
0.44767
0.44767
0.44767
0.44767
0.44767
0.44767
0.44767
0.44767
0.44767
0.44767
0.44767
0.44767
0.44767
0.44767
0.44767
0.44767
0.4455
0.4455
0.4455
0.4455
0.4455
0.4455
0.4455
0.4455
0.4455
0.4455
0.4455
0.4455
0.4455
0.4455
0.4455
0.4455
0.4455
0.4455
0.4455
0.4455
0.4455
0.4455
0.4455
0.4455
0.4455
0.4455
0.4455
0.4455
0.4455
0.4455
0.4455
0.4455
0.4455
0.4455
0.4455
0.4455
0.4455
0.4455
0.4455
0.4455
0.4455
0.4455
0.4455
0.4455
0.4455
0.4455
0.4455
0.4455
0.4455
0.4455
0.4455
0.4455
0.4455
0.4455
0.4455
0.4455
0.4455
0.4455
0.4455
0.4455
0.4455
0.4455
0.4455
0.4455
0.4455
0.4455
0.4455
0.4455
0.4455
0.4455
0.4455
0.4455
0.4455
0.4455
0.4455
0.4455
0.4455
0.4455
0.4455
0.4455
0.4455
0.4455
0.4455
0.4455
0.4455
0.4455
0.4455
0.4455
0.4455
0.4455
0.4455
0.4455
0.4455
0.4455
0.4455
0.4455
0.4455
0.4455
0.4455
0.4455
0.4455
0.4455
0.4455
0.4455
0.4455
0.4455
0.4455
0.4455
0.4455
0.4455
0.4455
0.4455
0.4455
0.4455
0.4455
0.4455
0.4455
0.4455
0.4455
0.4455
0.4455
0.4455
0.4455
0.4455
0.4455
0.4455
0.4455
0.4455
0.4455
0.4455
0.4455
0.4455
0.4455
0.4455
0.4455
0.4455
0.4455
0.4455
0.4455
0.4455
0.4455
0.4455
0.4455
0.4455
0.51889
0.51889
0.51889
0.51889
0.51889
0.51889
0.51889
0.51889
0.51889
0.51889
0.51889
0.51889
0.51889
0.51889
0.51889
0.51889
0.51889
0.51889
0.51889
0.51889
0.51889
0.51889
0.51889
0.51889
0.51889
0.51889
0.51889
0.51889
0.51889
0.51889
0.51889
0.51889
0.51889
0.51889
0.51889
0.51889
0.51889
0.51889
0.51889
0.51889
0.51889
0.51889
0.51889
0.51889
0.51889
0.51889
0.51889
0.51889
0.51889
0.51889
0.51889
0.51889
0.51889
0.51889
0.51889
0.51889
0.51889
0.51889
0.51889
0.51889
0.51889
0.51889
0.51889
0.51889
0.51889
0.51889
0.51889
0.51889
0.51889
0.51889
0.51889
0.51889
0.51889
0.51889
0.51889
0.51889
0.51889
0.51889
0.51889
0.51889
0.51889
0.51889
0.51889
0.51889
0.51889
0.51889
0.51889
0.51889
0.51889
0.51889
0.51889
0.51889
0.51889
0.51889
0.51889
0.51889
0.51889
0.51889
0.51889
0.51889
0.51889
0.51889
0.51889
0.51889
0.51889
0.51889
0.51889
0.51889
0.51889
0.51889
0.51889
0.51889
0.51889
0.51889
0.51889
0.51889
0.51889
0.51889
0.51889
0.51889
0.51889
0.51889
0.51889
0.51889
0.51889
0.51889
0.51889
0.51889
0.51889
0.51889
0.51889
0.51889
0.51889
0.51889
0.51889
0.51889
0.51889
0.51889
0.51889
0.51889
0.51889
0.51889
0.51889
0.51889
0.56717
0.56717
0.56717
0.56717
0.56717
0.56717
0.56717
0.56717
0.56717
0.56717
0.56717
0.56717
0.56717
0.56717
0.56717
0.56717
0.56717
0.56717
0.56717
0.56717
0.56717
0.56717
0.56717
0.56717
0.56717
0.56717
0.56717
0.56717
0.56717
0.56717
0.56717
0.56717
0.56717
0.56717
0.56717
0.56717
0.56717
0.56717
0.56717
0.56717
0.56717
0.56717
0.56717
0.56717
0.56717
0.56717
0.56717
0.56717
0.56717
0.56717
0.56717
0.56717
0.56717
0.56717
0.56717
0.56717
0.56717
0.56717
0.56717
0.56717
0.56717
0.56717
0.56717
0.56717
0.56717
0.56717
0.56717
0.56717
0.56717
0.56717
0.56717
0.56717
0.56717
0.56717
0.56717
0.56717
0.56717
0.56717
0.56717
0.56717
0.56717
0.56717
0.56717
0.56717
0.56717
0.56717
0.56717
0.56717
0.56717
0.56717
0.56717
0.56717
0.56717
0.56717
0.56717
0.56717
0.56717
0.56717
0.56717
0.56717
0.56717
0.56717
0.56717
0.56717
0.56717
0.56717
0.56717
0.56717
0.56717
0.56717
0.56717
0.56717
0.56717
0.56717
0.56717
0.56717
0.56717
0.56717
0.56717
0.56717
0.56717
0.56717
0.56717
0.56717
0.56717
0.56717
0.56717
0.56717
0.56717
0.56717
0.56717
0.56717
0.56717
0.56717
0.56717
0.56717
0.56717
0.56717
0.56717
0.56717
0.56717
0.56717
0.56717
0.56717
0.52237
0.52237
0.52237
0.52237
0.52237
0.52237
0.52237
0.52237
0.52237
0.52237
0.52237
0.52237
0.52237
0.52237
0.52237
0.52237
0.52237
0.52237
0.52237
0.52237
0.52237
0.52237
0.52237
0.52237
0.52237
0.52237
0.52237
0.52237
0.52237
0.52237
0.52237
0.52237
0.52237
0.52237
0.52237
0.52237
0.52237
0.52237
0.52237
0.52237
0.52237
0.52237
0.52237
0.52237
0.52237
0.52237
0.52237
0.52237
0.52237
0.52237
0.52237
0.52237
0.52237
0.52237
0.52237
0.52237
0.52237
0.52237
0.52237
0.52237
0.52237
0.52237
0.52237
0.52237
0.52237
0.52237
0.52237
0.52237
0.52237
0.52237
0.52237
0.52237
0.52237
0.52237
0.52237
0.52237
0.52237
0.52237
0.52237
0.52237
0.52237
0.52237
0.52237
0.52237
0.52237
0.52237
0.52237
0.52237
0.52237
0.52237
0.52237
0.52237
0.52237
0.52237
0.52237
0.52237
0.52237
0.52237
0.52237
0.52237
0.52237
0.52237
0.52237
0.52237
0.52237
0.52237
0.52237
0.52237
0.52237
0.52237
0.52237
0.52237
0.52237
0.52237
0.52237
0.52237
0.52237
0.52237
0.52237
0.52237
0.52237
0.52237
0.52237
0.52237
0.52237
0.52237
0.52237
0.52237
0.52237
0.52237
0.52237
0.52237
0.52237
0.52237
0.52237
0.52237
0.52237
0.52237
0.52237
0.52237
0.52237
0.52237
0.52237
0.52237
0.4716
0.4716
0.4716
0.4716
0.4716
0.4716
0.4716
0.4716
0.4716
0.4716
0.4716
0.4716
0.4716
0.4716
0.4716
0.4716
0.4716
0.4716
0.4716
0.4716
0.4716
0.4716
0.4716
0.4716
0.4716
0.4716
0.4716
0.4716
0.4716
0.4716
0.4716
0.4716
0.4716
0.4716
0.4716
0.4716
0.4716
0.4716
0.4716
0.4716
0.4716
0.4716
0.4716
0.4716
0.4716
0.4716
0.4716
0.4716
0.4716
0.4716
0.4716
0.4716
0.4716
0.4716
0.4716
0.4716
0.4716
0.4716
0.4716
0.4716
0.4716
0.4716
0.4716
0.4716
0.4716
0.4716
0.4716
0.4716
0.4716
0.4716
0.4716
0.4716
0.4716
0.4716
0.4716
0.4716
0.4716
0.4716
0.4716
0.4716
0.4716
0.4716
0.4716
0.4716
0.4716
0.4716
0.4716
0.4716
0.4716
0.4716
0.4716
0.4716
0.4716
0.4716
0.4716
0.4716
0.4716
0.4716
0.4716
0.4716
0.4716
0.4716
0.4716
0.4716
0.4716
0.4716
0.4716
0.4716
0.4716
0.4716
0.4716
0.4716
0.4716
0.4716
0.4716
0.4716
0.4716
0.4716
0.4716
0.4716
0.4716
0.4716
0.4716
0.4716
0.4716
0.4716
0.4716
0.4716
0.4716
0.4716
0.4716
0.4716
0.4716
0.4716
0.4716
0.4716
0.4716
0.4716
0.4716
0.4716
0.4716
0.4716
0.4716
0.4716
0.43516
0.43516
0.43516
0.43516
0.43516
0.43516
0.43516
0.43516
0.43516
0.43516
0.43516
0.43516
0.43516
0.43516
0.43516
0.43516
0.43516
0.43516
0.43516
0.43516
0.43516
0.43516
0.43516
0.43516
0.43516
0.43516
0.43516
0.43516
0.43516
0.43516
0.43516
0.43516
0.43516
0.43516
0.43516
0.43516
0.43516
0.43516
0.43516
0.43516
0.43516
0.43516
0.43516
0.43516
0.43516
0.43516
0.43516
0.43516
0.43516
0.43516
0.43516
0.43516
0.43516
0.43516
0.43516
0.43516
0.43516
0.43516
0.43516
0.43516
0.43516
0.43516
0.43516
0.43516
0.43516
0.43516
0.43516
0.43516
0.43516
0.43516
0.43516
0.43516
0.43516
0.43516
0.43516
0.43516
0.43516
0.43516
0.43516
0.43516
0.43516
0.43516
0.43516
0.43516
0.43516
0.43516
0.43516
0.43516
0.43516
0.43516
0.43516
0.43516
0.43516
0.43516
0.43516
0.43516
0.43516
0.43516
0.43516
0.43516
0.43516
0.43516
0.43516
0.43516
0.43516
0.43516
0.43516
0.43516
0.43516
0.43516
0.43516
0.43516
0.43516
0.43516
0.43516
0.43516
0.43516
0.43516
0.43516
0.43516
0.43516
0.43516
0.43516
0.43516
0.43516
0.43516
0.43516
0.43516
0.43516
0.43516
0.43516
0.43516
0.43516
0.43516
0.43516
0.43516
0.43516
0.43516
0.43516
0.43516
0.43516
0.43516
0.43516
0.43516
0.4306
0.4306
0.4306
0.4306
0.4306
0.4306
0.4306
0.4306
0.4306
0.4306
0.4306
0.4306
0.4306
0.4306
0.4306
0.4306
0.4306
0.4306
0.4306
0.4306
0.4306
0.4306
0.4306
0.4306
0.4306
0.4306
0.4306
0.4306
0.4306
0.4306
0.4306
0.4306
0.4306
0.4306
0.4306
0.4306
0.4306
0.4306
0.4306
0.4306
0.4306
0.4306
0.4306
0.4306
0.4306
0.4306
0.4306
0.4306
0.4306
0.4306
0.4306
0.4306
0.4306
0.4306
0.4306
0.4306
0.4306
0.4306
0.4306
0.4306
0.4306
0.4306
0.4306
0.4306
0.4306
0.4306
0.4306
0.4306
0.4306
0.4306
0.4306
0.4306
0.4306
0.4306
0.4306
0.4306
0.4306
0.4306
0.4306
0.4306
0.4306
0.4306
0.4306
0.4306
0.4306
0.4306
0.4306
0.4306
0.4306
0.4306
0.4306
0.4306
0.4306
0.4306
0.4306
0.4306
0.4306
0.4306
0.4306
0.4306
0.4306
0.4306
0.4306
0.4306
0.4306
0.4306
0.4306
0.4306
0.4306
0.4306
0.4306
0.4306
0.4306
0.4306
0.4306
0.4306
0.4306
0.4306
0.4306
0.4306
0.4306
0.4306
0.4306
0.4306
0.4306
0.4306
0.4306
0.4306
0.4306
0.4306
0.4306
0.4306
0.4306
0.4306
0.4306
0.4306
0.4306
0.4306
0.4306
0.4306
0.4306
0.4306
0.4306
0.4306
0.47485
0.47485
0.47485
0.47485
0.47485
0.47485
0.47485
0.47485
0.47485
0.47485
0.47485
0.47485
0.47485
0.47485
0.47485
0.47485
0.47485
0.47485
0.47485
0.47485
0.47485
0.47485
0.47485
0.47485
0.47485
0.47485
0.47485
0.47485
0.47485
0.47485
0.47485
0.47485
0.47485
0.47485
0.47485
0.47485
0.47485
0.47485
0.47485
0.47485
0.47485
0.47485
0.47485
0.47485
0.47485
0.47485
0.47485
0.47485
0.47485
0.47485
0.47485
0.47485
0.47485
0.47485
0.47485
0.47485
0.47485
0.47485
0.47485
0.47485
0.47485
0.47485
0.47485
0.47485
0.47485
0.47485
0.47485
0.47485
0.47485
0.47485
0.47485
0.47485
0.47485
0.47485
0.47485
0.47485
0.47485
0.47485
0.47485
0.47485
0.47485
0.47485
0.47485
0.47485
0.47485
0.47485
0.47485
0.47485
0.47485
0.47485
0.47485
0.47485
0.47485
0.47485
0.47485
0.47485
0.47485
0.47485
0.47485
0.47485
0.47485
0.47485
0.47485
0.47485
0.47485
0.47485
0.47485
0.47485
0.47485
0.47485
0.47485
0.47485
0.47485
0.47485
0.47485
0.47485
0.47485
0.47485
0.47485
0.47485
0.47485
0.47485
0.47485
0.47485
0.47485
0.47485
0.47485
0.47485
0.47485
0.47485
0.47485
0.47485
0.47485
0.47485
0.47485
0.47485
0.47485
0.47485
0.47485
0.47485
0.47485
0.47485
0.47485
0.47485
0.51473
0.51473
0.51473
0.51473
0.51473
0.51473
0.51473
0.51473
0.51473
0.51473
0.51473
0.51473
0.51473
0.51473
0.51473
0.51473
0.51473
0.51473
0.51473
0.51473
0.51473
0.51473
0.51473
0.51473
0.51473
0.51473
0.51473
0.51473
0.51473
0.51473
0.51473
0.51473
0.51473
0.51473
0.51473
0.51473
0.51473
0.51473
0.51473
0.51473
0.51473
0.51473
0.51473
0.51473
0.51473
0.51473
0.51473
0.51473
0.51473
0.51473
0.51473
0.51473
0.51473
0.51473
0.51473
0.51473
0.51473
0.51473
0.51473
0.51473
0.51473
0.51473
0.51473
0.51473
0.51473
0.51473
0.51473
0.51473
0.51473
0.51473
0.51473
0.51473
0.51473
0.51473
0.51473
0.51473
0.51473
0.51473
0.51473
0.51473
0.51473
0.51473
0.51473
0.51473
0.51473
0.51473
0.51473
0.51473
0.51473
0.51473
0.51473
0.51473
0.51473
0.51473
0.51473
0.51473
0.51473
0.51473
0.51473
0.51473
0.51473
0.51473
0.51473
0.51473
0.51473
0.51473
0.51473
0.51473
0.51473
0.51473
0.51473
0.51473
0.51473
0.51473
0.51473
0.51473
0.51473
0.51473
0.51473
0.51473
0.51473
0.51473
0.51473
0.51473
0.51473
0.51473
0.51473
0.51473
0.51473
0.51473
0.51473
0.51473
0.51473
0.51473
0.51473
0.51473
0.51473
0.51473
0.51473
0.51473
0.51473
0.51473
0.51473
0.51473
0.50548
0.50548
0.50548
0.50548
0.50548
0.50548
0.50548
0.50548
0.50548
0.50548
0.50548
0.50548
0.50548
0.50548
0.50548
0.50548
0.50548
0.50548
0.50548
0.50548
0.50548
0.50548
0.50548
0.50548
0.50548
0.50548
0.50548
0.50548
0.50548
0.50548
0.50548
0.50548
0.50548
0.50548
0.50548
0.50548
0.50548
0.50548
0.50548
0.50548
0.50548
0.50548
0.50548
0.50548
0.50548
0.50548
0.50548
0.50548
0.50548
0.50548
0.50548
0.50548
0.50548
0.50548
0.50548
0.50548
0.50548
0.50548
0.50548
0.50548
0.50548
0.50548
0.50548
0.50548
0.50548
0.50548
0.50548
0.50548
0.50548
0.50548
0.50548
0.50548
0.50548
0.50548
0.50548
0.50548
0.50548
0.50548
0.50548
0.50548
0.50548
0.50548
0.50548
0.50548
0.50548
0.50548
0.50548
0.50548
0.50548
0.50548
0.50548
0.50548
0.50548
0.50548
0.50548
0.50548
0.50548
0.50548
0.50548
0.50548
0.50548
0.50548
0.50548
0.50548
0.50548
0.50548
0.50548
0.50548
0.50548
0.50548
0.50548
0.50548
0.50548
0.50548
0.50548
0.50548
0.50548
0.50548
0.50548
0.50548
0.50548
0.50548
0.50548
0.50548
0.50548
0.50548
0.50548
0.50548
0.50548
0.50548
0.50548
0.50548
0.50548
0.50548
0.50548
0.50548
0.50548
0.50548
0.50548
0.50548
0.50548
0.50548
0.50548
0.50548
0.48142
0.48142
0.48142
0.48142
0.48142
0.48142
0.48142
0.48142
0.48142
0.48142
0.48142
0.48142
0.48142
0.48142
0.48142
0.48142
0.48142
0.48142
0.48142
0.48142
0.48142
0.48142
0.48142
0.48142
0.48142
0.48142
0.48142
0.48142
0.48142
0.48142
0.48142
0.48142
0.48142
0.48142
0.48142
0.48142
0.48142
0.48142
0.48142
0.48142
0.48142
0.48142
0.48142
0.48142
0.48142
0.48142
0.48142
0.48142
0.48142
0.48142
0.48142
0.48142
0.48142
0.48142
0.48142
0.48142
0.48142
0.48142
0.48142
0.48142
0.48142
0.48142
0.48142
0.48142
0.48142
0.48142
0.48142
0.48142
0.48142
0.48142
0.48142
0.48142
0.48142
0.48142
0.48142
0.48142
0.48142
0.48142
0.48142
0.48142
0.48142
0.48142
0.48142
0.48142
0.48142
0.48142
0.48142
0.48142
0.48142
0.48142
0.48142
0.48142
0.48142
0.48142
0.48142
0.48142
0.48142
0.48142
0.48142
0.48142
0.48142
0.48142
0.48142
0.48142
0.48142
0.48142
0.48142
0.48142
0.48142
0.48142
0.48142
0.48142
0.48142
0.48142
0.48142
0.48142
0.48142
0.48142
0.48142
0.48142
0.48142
0.48142
0.48142
0.48142
0.48142
0.48142
0.48142
0.48142
0.48142
0.48142
0.48142
0.48142
0.48142
0.48142
0.48142
0.48142
0.48142
0.48142
0.48142
0.48142
0.48142
0.48142
0.48142
0.48142
0.45576
0.45576
0.45576
0.45576
0.45576
0.45576
0.45576
0.45576
0.45576
0.45576
0.45576
0.45576
0.45576
0.45576
0.45576
0.45576
0.45576
0.45576
0.45576
0.45576
0.45576
0.45576
0.45576
0.45576
0.45576
0.45576
0.45576
0.45576
0.45576
0.45576
0.45576
0.45576
0.45576
0.45576
0.45576
0.45576
0.45576
0.45576
0.45576
0.45576
0.45576
0.45576
0.45576
0.45576
0.45576
0.45576
0.45576
0.45576
0.45576
0.45576
0.45576
0.45576
0.45576
0.45576
0.45576
0.45576
0.45576
0.45576
0.45576
0.45576
0.45576
0.45576
0.45576
0.45576
0.45576
0.45576
0.45576
0.45576
0.45576
0.45576
0.45576
0.45576
0.45576
0.45576
0.45576
0.45576
0.45576
0.45576
0.45576
0.45576
0.45576
0.45576
0.45576
0.45576
0.45576
0.45576
0.45576
0.45576
0.45576
0.45576
0.45576
0.45576
0.45576
0.45576
0.45576
0.45576
0.45576
0.45576
0.45576
0.45576
0.45576
0.45576
0.45576
0.45576
0.45576
0.45576
0.45576
0.45576
0.45576
0.45576
0.45576
0.45576
0.45576
0.45576
0.45576
0.45576
0.45576
0.45576
0.45576
0.45576
0.45576
0.45576
0.45576
0.45576
0.45576
0.45576
0.45576
0.45576
0.45576
0.45576
0.45576
0.45576
0.45576
0.45576
0.45576
0.45576
0.45576
0.45576
0.45576
0.45576
0.45576
0.45576
0.45576
0.45576
0.46129
0.46129
0.46129
0.46129
0.46129
0.46129
0.46129
0.46129
0.46129
0.46129
0.46129
0.46129
0.46129
0.46129
0.46129
0.46129
0.46129
0.46129
0.46129
0.46129
0.46129
0.46129
0.46129
0.46129
0.46129
0.46129
0.46129
0.46129
0.46129
0.46129
0.46129
0.46129
0.46129
0.46129
0.46129
0.46129
0.46129
0.46129
0.46129
0.46129
0.46129
0.46129
0.46129
0.46129
0.46129
0.46129
0.46129
0.46129
0.46129
0.46129
0.46129
0.46129
0.46129
0.46129
0.46129
0.46129
0.46129
0.46129
0.46129
0.46129
0.46129
0.46129
0.46129
0.46129
0.46129
0.46129
0.46129
0.46129
0.46129
0.46129
0.46129
0.46129
0.46129
0.46129
0.46129
0.46129
0.46129
0.46129
0.46129
0.46129
0.46129
0.46129
0.46129
0.46129
0.46129
0.46129
0.46129
0.46129
0.46129
0.46129
0.46129
0.46129
0.46129
0.46129
0.46129
0.46129
0.46129
0.46129
0.46129
0.46129
0.46129
0.46129
0.46129
0.46129
0.46129
0.46129
0.46129
0.46129
0.46129
0.46129
0.46129
0.46129
0.46129
0.46129
0.46129
0.46129
0.46129
0.46129
0.46129
0.46129
0.46129
0.46129
0.46129
0.46129
0.46129
0.46129
0.46129
0.46129
0.46129
0.46129
0.46129
0.46129
0.46129
0.46129
0.46129
0.46129
0.46129
0.46129
0.46129
0.46129
0.46129
0.46129
0.46129
0.46129
0.5175
0.5175
0.5175
0.5175
0.5175
0.5175
0.5175
0.5175
0.5175
0.5175
0.5175
0.5175
0.5175
0.5175
0.5175
0.5175
0.5175
0.5175
0.5175
0.5175
0.5175
0.5175
0.5175
0.5175
0.5175
0.5175
0.5175
0.5175
0.5175
0.5175
0.5175
0.5175
0.5175
0.5175
0.5175
0.5175
0.5175
0.5175
0.5175
0.5175
0.5175
0.5175
0.5175
0.5175
0.5175
0.5175
0.5175
0.5175
0.5175
0.5175
0.5175
0.5175
0.5175
0.5175
0.5175
0.5175
0.5175
0.5175
0.5175
0.5175
0.5175
0.5175
0.5175
0.5175
0.5175
0.5175
0.5175
0.5175
0.5175
0.5175
0.5175
0.5175
0.5175
0.5175
0.5175
0.5175
0.5175
0.5175
0.5175
0.5175
0.5175
0.5175
0.5175
0.5175
0.5175
0.5175
0.5175
0.5175
0.5175
0.5175
0.5175
0.5175
0.5175
0.5175
0.5175
0.5175
0.5175
0.5175
0.5175
0.5175
0.5175
0.5175
0.5175
0.5175
0.5175
0.5175
0.5175
0.5175
0.5175
0.5175
0.5175
0.5175
0.5175
0.5175
0.5175
0.5175
0.5175
0.5175
0.5175
0.5175
0.5175
0.5175
0.5175
0.5175
0.5175
0.5175
0.5175
0.5175
0.5175
0.5175
0.5175
0.5175
0.5175
0.5175
0.5175
0.5175
0.5175
0.5175
0.5175
0.5175
0.5175
0.5175
0.5175
0.5175
0.50183
0.50183
0.50183
0.50183
0.50183
0.50183
0.50183
0.50183
0.50183
0.50183
0.50183
0.50183
0.50183
0.50183
0.50183
0.50183
0.50183
0.50183
0.50183
0.50183
0.50183
0.50183
0.50183
0.50183
0.50183
0.50183
0.50183
0.50183
0.50183
0.50183
0.50183
0.50183
0.50183
0.50183
0.50183
0.50183
0.50183
0.50183
0.50183
0.50183
0.50183
0.50183
0.50183
0.50183
0.50183
0.50183
0.50183
0.50183
0.50183
0.50183
0.50183
0.50183
0.50183
0.50183
0.50183
0.50183
0.50183
0.50183
0.50183
0.50183
0.50183
0.50183
0.50183
0.50183
0.50183
0.50183
0.50183
0.50183
0.50183
0.50183
0.50183
0.50183
0.50183
0.50183
0.50183
0.50183
0.50183
0.50183
0.50183
0.50183
0.50183
0.50183
0.50183
0.50183
0.50183
0.50183
0.50183
0.50183
0.50183
0.50183
0.50183
0.50183
0.50183
0.50183
0.50183
0.50183
0.50183
0.50183
0.50183
0.50183
0.50183
0.50183
0.50183
0.50183
0.50183
0.50183
0.50183
0.50183
0.50183
0.50183
0.50183
0.50183
0.50183
0.50183
0.50183
0.50183
0.50183
0.50183
0.50183
0.50183
0.50183
0.50183
0.50183
0.50183
0.50183
0.50183
0.50183
0.50183
0.50183
0.50183
0.50183
0.50183
0.50183
0.50183
0.50183
0.50183
0.50183
0.50183
0.50183
0.50183
0.50183
0.50183
0.50183
0.50183
0.47395
0.47395
0.47395
0.47395
0.47395
0.47395
0.47395
0.47395
0.47395
0.47395
0.47395
0.47395
0.47395
0.47395
0.47395
0.47395
0.47395
0.47395
0.47395
0.47395
0.47395
0.47395
0.47395
0.47395
0.47395
0.47395
0.47395
0.47395
0.47395
0.47395
0.47395
0.47395
0.47395
0.47395
0.47395
0.47395
0.47395
0.47395
0.47395
0.47395
0.47395
0.47395
0.47395
0.47395
0.47395
0.47395
0.47395
0.47395
0.47395
0.47395
0.47395
0.47395
0.47395
0.47395
0.47395
0.47395
0.47395
0.47395
0.47395
0.47395
0.47395
0.47395
0.47395
0.47395
0.47395
0.47395
0.47395
0.47395
0.47395
0.47395
0.47395
0.47395
0.47395
0.47395
0.47395
0.47395
0.47395
0.47395
0.47395
0.47395
0.47395
0.47395
0.47395
0.47395
0.47395
0.47395
0.47395
0.47395
0.47395
0.47395
0.47395
0.47395
0.47395
0.47395
0.47395
0.47395
0.47395
0.47395
0.47395
0.47395
0.47395
0.47395
0.47395
0.47395
0.47395
0.47395
0.47395
0.47395
0.47395
0.47395
0.47395
0.47395
0.47395
0.47395
0.47395
0.47395
0.47395
0.47395
0.47395
0.47395
0.47395
0.47395
0.47395
0.47395
0.47395
0.47395
0.47395
0.47395
0.47395
0.47395
0.47395
0.47395
0.47395
0.47395
0.47395
0.47395
0.47395
0.47395
0.47395
0.47395
0.47395
0.47395
0.47395
0.47395
0.44157
0.44157
0.44157
0.44157
0.44157
0.44157
0.44157
0.44157
0.44157
0.44157
0.44157
0.44157
0.44157
0.44157
0.44157
0.44157
0.44157
0.44157
0.44157
0.44157
0.44157
0.44157
0.44157
0.44157
0.44157
0.44157
0.44157
0.44157
0.44157
0.44157
0.44157
0.44157
0.44157
0.44157
0.44157
0.44157
0.44157
0.44157
0.44157
0.44157
0.44157
0.44157
0.44157
0.44157
0.44157
0.44157
0.44157
0.44157
0.44157
0.44157
0.44157
0.44157
0.44157
0.44157
0.44157
0.44157
0.44157
0.44157
0.44157
0.44157
0.44157
0.44157
0.44157
0.44157
0.44157
0.44157
0.44157
0.44157
0.44157
0.44157
0.44157
0.44157
0.44157
0.44157
0.44157
0.44157
0.44157
0.44157
0.44157
0.44157
0.44157
0.44157
0.44157
0.44157
0.44157
0.44157
0.44157
0.44157
0.44157
0.44157
0.44157
0.44157
0.44157
0.44157
0.44157
0.44157
0.44157
0.44157
0.44157
0.44157
0.44157
0.44157
0.44157
0.44157
0.44157
0.44157
0.44157
0.44157
0.44157
0.44157
0.44157
0.44157
0.44157
0.44157
0.44157
0.44157
0.44157
0.44157
0.44157
0.44157
0.44157
0.44157
0.44157
0.44157
0.44157
0.44157
0.44157
0.44157
0.44157
0.44157
0.44157
0.44157
0.44157
0.44157
0.44157
0.44157
0.44157
0.44157
0.44157
0.44157
0.44157
0.44157
0.44157
0.44157
0.44054
0.44054
0.44054
0.44054
0.44054
0.44054
0.44054
0.44054
0.44054
0.44054
0.44054
0.44054
0.44054
0.44054
0.44054
0.44054
0.44054
0.44054
0.44054
0.44054
0.44054
0.44054
0.44054
0.44054
0.44054
0.44054
0.44054
0.44054
0.44054
0.44054
0.44054
0.44054
0.44054
0.44054
0.44054
0.44054
0.44054
0.44054
0.44054
0.44054
0.44054
0.44054
0.44054
0.44054
0.44054
0.44054
0.44054
0.44054
0.44054
0.44054
0.44054
0.44054
0.44054
0.44054
0.44054
0.44054
0.44054
0.44054
0.44054
0.44054
0.44054
0.44054
0.44054
0.44054
0.44054
0.44054
0.44054
0.44054
0.44054
0.44054
0.44054
0.44054
0.44054
0.44054
0.44054
0.44054
0.44054
0.44054
0.44054
0.44054
0.44054
0.44054
0.44054
0.44054
0.44054
0.44054
0.44054
0.44054
0.44054
0.44054
0.44054
0.44054
0.44054
0.44054
0.44054
0.44054
0.44054
0.44054
0.44054
0.44054
0.44054
0.44054
0.44054
0.44054
0.44054
0.44054
0.44054
0.44054
0.44054
0.44054
0.44054
0.44054
0.44054
0.44054
0.44054
0.44054
0.44054
0.44054
0.44054
0.44054
0.44054
0.44054
0.44054
0.44054
0.44054
0.44054
0.44054
0.44054
0.44054
0.44054
0.44054
0.44054
0.44054
0.44054
0.44054
0.44054
0.44054
0.44054
0.44054
0.44054
0.44054
0.44054
0.44054
0.44054
0.45745
0.45745
0.45745
0.45745
0.45745
0.45745
0.45745
0.45745
0.45745
0.45745
0.45745
0.45745
0.45745
0.45745
0.45745
0.45745
0.45745
0.45745
0.45745
0.45745
0.45745
0.45745
0.45745
0.45745
0.45745
0.45745
0.45745
0.45745
0.45745
0.45745
0.45745
0.45745
0.45745
0.45745
0.45745
0.45745
0.45745
0.45745
0.45745
0.45745
0.45745
0.45745
0.45745
0.45745
0.45745
0.45745
0.45745
0.45745
0.45745
0.45745
0.45745
0.45745
0.45745
0.45745
0.45745
0.45745
0.45745
0.45745
0.45745
0.45745
0.45745
0.45745
0.45745
0.45745
0.45745
0.45745
0.45745
0.45745
0.45745
0.45745
0.45745
0.45745
0.45745
0.45745
0.45745
0.45745
0.45745
0.45745
0.45745
0.45745
0.45745
0.45745
0.45745
0.45745
0.45745
0.45745
0.45745
0.45745
0.45745
0.45745
0.45745
0.45745
0.45745
0.45745
0.45745
0.45745
0.45745
0.45745
0.45745
0.45745
0.45745
0.45745
0.45745
0.45745
0.45745
0.45745
0.45745
0.45745
0.45745
0.45745
0.45745
0.45745
0.45745
0.45745
0.45745
0.45745
0.45745
0.45745
0.45745
0.45745
0.45745
0.45745
0.45745
0.45745
0.45745
0.45745
0.45745
0.45745
0.45745
0.45745
0.45745
0.45745
0.45745
0.45745
0.45745
0.45745
0.45745
0.45745
0.45745
0.45745
0.45745
0.45745
0.45745
0.45745
0.5811
0.5811
0.5811
0.5811
0.5811
0.5811
0.5811
0.5811
0.5811
0.5811
0.5811
0.5811
0.5811
0.5811
0.5811
0.5811
0.5811
0.5811
0.5811
0.5811
0.5811
0.5811
0.5811
0.5811
0.5811
0.5811
0.5811
0.5811
0.5811
0.5811
0.5811
0.5811
0.5811
0.5811
0.5811
0.5811
0.5811
0.5811
0.5811
0.5811
0.5811
0.5811
0.5811
0.5811
0.5811
0.5811
0.5811
0.5811
0.5811
0.5811
0.5811
0.5811
0.5811
0.5811
0.5811
0.5811
0.5811
0.5811
0.5811
0.5811
0.5811
0.5811
0.5811
0.5811
0.5811
0.5811
0.5811
0.5811
0.5811
0.5811
0.5811
0.5811
0.5811
0.5811
0.5811
0.5811
0.5811
0.5811
0.5811
0.5811
0.5811
0.5811
0.5811
0.5811
0.5811
0.5811
0.5811
0.5811
0.5811
0.5811
0.5811
0.5811
0.5811
0.5811
0.5811
0.5811
0.5811
0.5811
0.5811
0.5811
0.5811
0.5811
0.5811
0.5811
0.5811
0.5811
0.5811
0.5811
0.5811
0.5811
0.5811
0.5811
0.5811
0.5811
0.5811
0.5811
0.5811
0.5811
0.5811
0.5811
0.5811
0.5811
0.5811
0.5811
0.5811
0.5811
0.5811
0.5811
0.5811
0.5811
0.5811
0.5811
0.5811
0.5811
0.5811
0.5811
0.5811
0.5811
0.5811
0.5811
0.5811
0.5811
0.5811
0.5811
0.53058
0.53058
0.53058
0.53058
0.53058
0.53058
0.53058
0.53058
0.53058
0.53058
0.53058
0.53058
0.53058
0.53058
0.53058
0.53058
0.53058
0.53058
0.53058
0.53058
0.53058
0.53058
0.53058
0.53058
0.53058
0.53058
0.53058
0.53058
0.53058
0.53058
0.53058
0.53058
0.53058
0.53058
0.53058
0.53058
0.53058
0.53058
0.53058
0.53058
0.53058
0.53058
0.53058
0.53058
0.53058
0.53058
0.53058
0.53058
0.53058
0.53058
0.53058
0.53058
0.53058
0.53058
0.53058
0.53058
0.53058
0.53058
0.53058
0.53058
0.53058
0.53058
0.53058
0.53058
0.53058
0.53058
0.53058
0.53058
0.53058
0.53058
0.53058
0.53058
0.53058
0.53058
0.53058
0.53058
0.53058
0.53058
0.53058
0.53058
0.53058
0.53058
0.53058
0.53058
0.53058
0.53058
0.53058
0.53058
0.53058
0.53058
0.53058
0.53058
0.53058
0.53058
0.53058
0.53058
0.53058
0.53058
0.53058
0.53058
0.53058
0.53058
0.53058
0.53058
0.53058
0.53058
0.53058
0.53058
0.53058
0.53058
0.53058
0.53058
0.53058
0.53058
0.53058
0.53058
0.53058
0.53058
0.53058
0.53058
0.53058
0.53058
0.53058
0.53058
0.53058
0.53058
0.53058
0.53058
0.53058
0.53058
0.53058
0.53058
0.53058
0.53058
0.53058
0.53058
0.53058
0.53058
0.53058
0.53058
0.53058
0.53058
0.53058
0.53058
0.47519
0.47519
0.47519
0.47519
0.47519
0.47519
0.47519
0.47519
0.47519
0.47519
0.47519
0.47519
0.47519
0.47519
0.47519
0.47519
0.47519
0.47519
0.47519
0.47519
0.47519
0.47519
0.47519
0.47519
0.47519
0.47519
0.47519
0.47519
0.47519
0.47519
0.47519
0.47519
0.47519
0.47519
0.47519
0.47519
0.47519
0.47519
0.47519
0.47519
0.47519
0.47519
0.47519
0.47519
0.47519
0.47519
0.47519
0.47519
0.47519
0.47519
0.47519
0.47519
0.47519
0.47519
0.47519
0.47519
0.47519
0.47519
0.47519
0.47519
0.47519
0.47519
0.47519
0.47519
0.47519
0.47519
0.47519
0.47519
0.47519
0.47519
0.47519
0.47519
0.47519
0.47519
0.47519
0.47519
0.47519
0.47519
0.47519
0.47519
0.47519
0.47519
0.47519
0.47519
0.47519
0.47519
0.47519
0.47519
0.47519
0.47519
0.47519
0.47519
0.47519
0.47519
0.47519
0.47519
0.47519
0.47519
0.47519
0.47519
0.47519
0.47519
0.47519
0.47519
0.47519
0.47519
0.47519
0.47519
0.47519
0.47519
0.47519
0.47519
0.47519
0.47519
0.47519
0.47519
0.47519
0.47519
0.47519
0.47519
0.47519
0.47519
0.47519
0.47519
0.47519
0.47519
0.47519
0.47519
0.47519
0.47519
0.47519
0.47519
0.47519
0.47519
0.47519
0.47519
0.47519
0.47519
0.47519
0.47519
0.47519
0.47519
0.47519
0.47519
0.43714
0.43714
0.43714
0.43714
0.43714
0.43714
0.43714
0.43714
0.43714
0.43714
0.43714
0.43714
0.43714
0.43714
0.43714
0.43714
0.43714
0.43714
0.43714
0.43714
0.43714
0.43714
0.43714
0.43714
0.43714
0.43714
0.43714
0.43714
0.43714
0.43714
0.43714
0.43714
0.43714
0.43714
0.43714
0.43714
0.43714
0.43714
0.43714
0.43714
0.43714
0.43714
0.43714
0.43714
0.43714
0.43714
0.43714
0.43714
0.43714
0.43714
0.43714
0.43714
0.43714
0.43714
0.43714
0.43714
0.43714
0.43714
0.43714
0.43714
0.43714
0.43714
0.43714
0.43714
0.43714
0.43714
0.43714
0.43714
0.43714
0.43714
0.43714
0.43714
0.43714
0.43714
0.43714
0.43714
0.43714
0.43714
0.43714
0.43714
0.43714
0.43714
0.43714
0.43714
0.43714
0.43714
0.43714
0.43714
0.43714
0.43714
0.43714
0.43714
0.43714
0.43714
0.43714
0.43714
0.43714
0.43714
0.43714
0.43714
0.43714
0.43714
0.43714
0.43714
0.43714
0.43714
0.43714
0.43714
0.43714
0.43714
0.43714
0.43714
0.43714
0.43714
0.43714
0.43714
0.43714
0.43714
0.43714
0.43714
0.43714
0.43714
0.43714
0.43714
0.43714
0.43714
0.43714
0.43714
0.43714
0.43714
0.43714
0.43714
0.43714
0.43714
0.43714
0.43714
0.43714
0.43714
0.43714
0.43714
0.43714
0.43714
0.43714
0.43714
0.43302
0.43302
0.43302
0.43302
0.43302
0.43302
0.43302
0.43302
0.43302
0.43302
0.43302
0.43302
0.43302
0.43302
0.43302
0.43302
0.43302
0.43302
0.43302
0.43302
0.43302
0.43302
0.43302
0.43302
0.43302
0.43302
0.43302
0.43302
0.43302
0.43302
0.43302
0.43302
0.43302
0.43302
0.43302
0.43302
0.43302
0.43302
0.43302
0.43302
0.43302
0.43302
0.43302
0.43302
0.43302
0.43302
0.43302
0.43302
0.43302
0.43302
0.43302
0.43302
0.43302
0.43302
0.43302
0.43302
0.43302
0.43302
0.43302
0.43302
0.43302
0.43302
0.43302
0.43302
0.43302
0.43302
0.43302
0.43302
0.43302
0.43302
0.43302
0.43302
0.43302
0.43302
0.43302
0.43302
0.43302
0.43302
0.43302
0.43302
0.43302
0.43302
0.43302
0.43302
0.43302
0.43302
0.43302
0.43302
0.43302
0.43302
0.43302
0.43302
0.43302
0.43302
0.43302
0.43302
0.43302
0.43302
0.43302
0.43302
0.43302
0.43302
0.43302
0.43302
0.43302
0.43302
0.43302
0.43302
0.43302
0.43302
0.43302
0.43302
0.43302
0.43302
0.43302
0.43302
0.43302
0.43302
0.43302
0.43302
0.43302
0.43302
0.43302
0.43302
0.43302
0.43302
0.43302
0.43302
0.43302
0.43302
0.43302
0.43302
0.43302
0.43302
0.43302
0.43302
0.43302
0.43302
0.43302
0.43302
0.43302
0.43302
0.43302
0.43302
0.44848
0.44848
0.44848
0.44848
0.44848
0.44848
0.44848
0.44848
0.44848
0.44848
0.44848
0.44848
0.44848
0.44848
0.44848
0.44848
0.44848
0.44848
0.44848
0.44848
0.44848
0.44848
0.44848
0.44848
0.44848
0.44848
0.44848
0.44848
0.44848
0.44848
0.44848
0.44848
0.44848
0.44848
0.44848
0.44848
0.44848
0.44848
0.44848
0.44848
0.44848
0.44848
0.44848
0.44848
0.44848
0.44848
0.44848
0.44848
0.44848
0.44848
0.44848
0.44848
0.44848
0.44848
0.44848
0.44848
0.44848
0.44848
0.44848
0.44848
0.44848
0.44848
0.44848
0.44848
0.44848
0.44848
0.44848
0.44848
0.44848
0.44848
0.44848
0.44848
0.44848
0.44848
0.44848
0.44848
0.44848
0.44848
0.44848
0.44848
0.44848
0.44848
0.44848
0.44848
0.44848
0.44848
0.44848
0.44848
0.44848
0.44848
0.44848
0.44848
0.44848
0.44848
0.44848
0.44848
0.44848
0.44848
0.44848
0.44848
0.44848
0.44848
0.44848
0.44848
0.44848
0.44848
0.44848
0.44848
0.44848
0.44848
0.44848
0.44848
0.44848
0.44848
0.44848
0.44848
0.44848
0.44848
0.44848
0.44848
0.44848
0.44848
0.44848
0.44848
0.44848
0.44848
0.44848
0.44848
0.44848
0.44848
0.44848
0.44848
0.44848
0.44848
0.44848
0.44848
0.44848
0.44848
0.44848
0.44848
0.44848
0.44848
0.44848
0.44848
0.50462
0.50462
0.50462
0.50462
0.50462
0.50462
0.50462
0.50462
0.50462
0.50462
0.50462
0.50462
0.50462
0.50462
0.50462
0.50462
0.50462
0.50462
0.50462
0.50462
0.50462
0.50462
0.50462
0.50462
0.50462
0.50462
0.50462
0.50462
0.50462
0.50462
0.50462
0.50462
0.50462
0.50462
0.50462
0.50462
0.50462
0.50462
0.50462
0.50462
0.50462
0.50462
0.50462
0.50462
0.50462
0.50462
0.50462
0.50462
0.50462
0.50462
0.50462
0.50462
0.50462
0.50462
0.50462
0.50462
0.50462
0.50462
0.50462
0.50462
0.50462
0.50462
0.50462
0.50462
0.50462
0.50462
0.50462
0.50462
0.50462
0.50462
0.50462
0.50462
0.50462
0.50462
0.50462
0.50462
0.50462
0.50462
0.50462
0.50462
0.50462
0.50462
0.50462
0.50462
0.50462
0.50462
0.50462
0.50462
0.50462
0.50462
0.50462
0.50462
0.50462
0.50462
0.50462
0.50462
0.50462
0.50462
0.50462
0.50462
0.50462
0.50462
0.50462
0.50462
0.50462
0.50462
0.50462
0.50462
0.50462
0.50462
0.50462
0.50462
0.50462
0.50462
0.50462
0.50462
0.50462
0.50462
0.50462
0.50462
0.50462
0.50462
0.50462
0.50462
0.50462
0.50462
0.50462
0.50462
0.50462
0.50462
0.50462
0.50462
0.50462
0.50462
0.50462
0.50462
0.50462
0.50462
0.50462
0.50462
0.50462
0.50462
0.50462
0.50462
0.4955
0.4955
0.4955
0.4955
0.4955
0.4955
0.4955
0.4955
0.4955
0.4955
0.4955
0.4955
0.4955
0.4955
0.4955
0.4955
0.4955
0.4955
0.4955
0.4955
0.4955
0.4955
0.4955
0.4955
0.4955
0.4955
0.4955
0.4955
0.4955
0.4955
0.4955
0.4955
0.4955
0.4955
0.4955
0.4955
0.4955
0.4955
0.4955
0.4955
0.4955
0.4955
0.4955
0.4955
0.4955
0.4955
0.4955
0.4955
0.4955
0.4955
0.4955
0.4955
0.4955
0.4955
0.4955
0.4955
0.4955
0.4955
0.4955
0.4955
0.4955
0.4955
0.4955
0.4955
0.4955
0.4955
0.4955
0.4955
0.4955
0.4955
0.4955
0.4955
0.4955
0.4955
0.4955
0.4955
0.4955
0.4955
0.4955
0.4955
0.4955
0.4955
0.4955
0.4955
0.4955
0.4955
0.4955
0.4955
0.4955
0.4955
0.4955
0.4955
0.4955
0.4955
0.4955
0.4955
0.4955
0.4955
0.4955
0.4955
0.4955
0.4955
0.4955
0.4955
0.4955
0.4955
0.4955
0.4955
0.4955
0.4955
0.4955
0.4955
0.4955
0.4955
0.4955
0.4955
0.4955
0.4955
0.4955
0.4955
0.4955
0.4955
0.4955
0.4955
0.4955
0.4955
0.4955
0.4955
0.4955
0.4955
0.4955
0.4955
0.4955
0.4955
0.4955
0.4955
0.4955
0.4955
0.4955
0.4955
0.4955
0.4955
0.4955
0.4955
0.47211
0.47211
0.47211
0.47211
0.47211
0.47211
0.47211
0.47211
0.47211
0.47211
0.47211
0.47211
0.47211
0.47211
0.47211
0.47211
0.47211
0.47211
0.47211
0.47211
0.47211
0.47211
0.47211
0.47211
0.47211
0.47211
0.47211
0.47211
0.47211
0.47211
0.47211
0.47211
0.47211
0.47211
0.47211
0.47211
0.47211
0.47211
0.47211
0.47211
0.47211
0.47211
0.47211
0.47211
0.47211
0.47211
0.47211
0.47211
0.47211
0.47211
0.47211
0.47211
0.47211
0.47211
0.47211
0.47211
0.47211
0.47211
0.47211
0.47211
0.47211
0.47211
0.47211
0.47211
0.47211
0.47211
0.47211
0.47211
0.47211
0.47211
0.47211
0.47211
0.47211
0.47211
0.47211
0.47211
0.47211
0.47211
0.47211
0.47211
0.47211
0.47211
0.47211
0.47211
0.47211
0.47211
0.47211
0.47211
0.47211
0.47211
0.47211
0.47211
0.47211
0.47211
0.47211
0.47211
0.47211
0.47211
0.47211
0.47211
0.47211
0.47211
0.47211
0.47211
0.47211
0.47211
0.47211
0.47211
0.47211
0.47211
0.47211
0.47211
0.47211
0.47211
0.47211
0.47211
0.47211
0.47211
0.47211
0.47211
0.47211
0.47211
0.47211
0.47211
0.47211
0.47211
0.47211
0.47211
0.47211
0.47211
0.47211
0.47211
0.47211
0.47211
0.47211
0.47211
0.47211
0.47211
0.47211
0.47211
0.47211
0.47211
0.47211
0.47211
0.45593
0.45593
0.45593
0.45593
0.45593
0.45593
0.45593
0.45593
0.45593
0.45593
0.45593
0.45593
0.45593
0.45593
0.45593
0.45593
0.45593
0.45593
0.45593
0.45593
0.45593
0.45593
0.45593
0.45593
0.45593
0.45593
0.45593
0.45593
0.45593
0.45593
0.45593
0.45593
0.45593
0.45593
0.45593
0.45593
0.45593
0.45593
0.45593
0.45593
0.45593
0.45593
0.45593
0.45593
0.45593
0.45593
0.45593
0.45593
0.45593
0.45593
0.45593
0.45593
0.45593
0.45593
0.45593
0.45593
0.45593
0.45593
0.45593
0.45593
0.45593
0.45593
0.45593
0.45593
0.45593
0.45593
0.45593
0.45593
0.45593
0.45593
0.45593
0.45593
0.45593
0.45593
0.45593
0.45593
0.45593
0.45593
0.45593
0.45593
0.45593
0.45593
0.45593
0.45593
0.45593
0.45593
0.45593
0.45593
0.45593
0.45593
0.45593
0.45593
0.45593
0.45593
0.45593
0.45593
0.45593
0.45593
0.45593
0.45593
0.45593
0.45593
0.45593
0.45593
0.45593
0.45593
0.45593
0.45593
0.45593
0.45593
0.45593
0.45593
0.45593
0.45593
0.45593
0.45593
0.45593
0.45593
0.45593
0.45593
0.45593
0.45593
0.45593
0.45593
0.45593
0.45593
0.45593
0.45593
0.45593
0.45593
0.45593
0.45593
0.45593
0.45593
0.45593
0.45593
0.45593
0.45593
0.45593
0.45593
0.45593
0.45593
0.45593
0.45593
0.46342
0.46342
0.46342
0.46342
0.46342
0.46342
0.46342
0.46342
0.46342
0.46342
0.46342
0.46342
0.46342
0.46342
0.46342
0.46342
0.46342
0.46342
0.46342
0.46342
0.46342
0.46342
0.46342
0.46342
0.46342
0.46342
0.46342
0.46342
0.46342
0.46342
0.46342
0.46342
0.46342
0.46342
0.46342
0.46342
0.46342
0.46342
0.46342
0.46342
0.46342
0.46342
0.46342
0.46342
0.46342
0.46342
0.46342
0.46342
0.46342
0.46342
0.46342
0.46342
0.46342
0.46342
0.46342
0.46342
0.46342
0.46342
0.46342
0.46342
0.46342
0.46342
0.46342
0.46342
0.46342
0.46342
0.46342
0.46342
0.46342
0.46342
0.46342
0.46342
0.46342
0.46342
0.46342
0.46342
0.46342
0.46342
0.46342
0.46342
0.46342
0.46342
0.46342
0.46342
0.46342
0.46342
0.46342
0.46342
0.46342
0.46342
0.46342
0.46342
0.46342
0.46342
0.46342
0.46342
0.46342
0.46342
0.46342
0.46342
0.46342
0.46342
0.46342
0.46342
0.46342
0.46342
0.46342
0.46342
0.46342
0.46342
0.46342
0.46342
0.46342
0.46342
0.46342
0.46342
0.46342
0.46342
0.46342
0.46342
0.46342
0.46342
0.46342
0.46342
0.46342
0.46342
0.46342
0.46342
0.46342
0.46342
0.46342
0.46342
0.46342
0.46342
0.46342
0.46342
0.46342
0.46342
0.46342
0.46342
0.46342
0.46342
0.46342
0.46342
0.49303
0.49303
0.49303
0.49303
0.49303
0.49303
0.49303
0.49303
0.49303
0.49303
0.49303
0.49303
0.49303
0.49303
0.49303
0.49303
0.49303
0.49303
0.49303
0.49303
0.49303
0.49303
0.49303
0.49303
0.49303
0.49303
0.49303
0.49303
0.49303
0.49303
0.49303
0.49303
0.49303
0.49303
0.49303
0.49303
0.49303
0.49303
0.49303
0.49303
0.49303
0.49303
0.49303
0.49303
0.49303
0.49303
0.49303
0.49303
0.49303
0.49303
0.49303
0.49303
0.49303
0.49303
0.49303
0.49303
0.49303
0.49303
0.49303
0.49303
0.49303
0.49303
0.49303
0.49303
0.49303
0.49303
0.49303
0.49303
0.49303
0.49303
0.49303
0.49303
0.49303
0.49303
0.49303
0.49303
0.49303
0.49303
0.49303
0.49303
0.49303
0.49303
0.49303
0.49303
0.49303
0.49303
0.49303
0.49303
0.49303
0.49303
0.49303
0.49303
0.49303
0.49303
0.49303
0.49303
0.49303
0.49303
0.49303
0.49303
0.49303
0.49303
0.49303
0.49303
0.49303
0.49303
0.49303
0.49303
0.49303
0.49303
0.49303
0.49303
0.49303
0.49303
0.49303
0.49303
0.49303
0.49303
0.49303
0.49303
0.49303
0.49303
0.49303
0.49303
0.49303
0.49303
0.49303
0.49303
0.49303
0.49303
0.49303
0.49303
0.49303
0.49303
0.49303
0.49303
0.49303
0.49303
0.49303
0.49303
0.49303
0.49303
0.49303
0.49303
0.50477
0.50477
0.50477
0.50477
0.50477
0.50477
0.50477
0.50477
0.50477
0.50477
0.50477
0.50477
0.50477
0.50477
0.50477
0.50477
0.50477
0.50477
0.50477
0.50477
0.50477
0.50477
0.50477
0.50477
0.50477
0.50477
0.50477
0.50477
0.50477
0.50477
0.50477
0.50477
0.50477
0.50477
0.50477
0.50477
0.50477
0.50477
0.50477
0.50477
0.50477
0.50477
0.50477
0.50477
0.50477
0.50477
0.50477
0.50477
0.50477
0.50477
0.50477
0.50477
0.50477
0.50477
0.50477
0.50477
0.50477
0.50477
0.50477
0.50477
0.50477
0.50477
0.50477
0.50477
0.50477
0.50477
0.50477
0.50477
0.50477
0.50477
0.50477
0.50477
0.50477
0.50477
0.50477
0.50477
0.50477
0.50477
0.50477
0.50477
0.50477
0.50477
0.50477
0.50477
0.50477
0.50477
0.50477
0.50477
0.50477
0.50477
0.50477
0.50477
0.50477
0.50477
0.50477
0.50477
0.50477
0.50477
0.50477
0.50477
0.50477
0.50477
0.50477
0.50477
0.50477
0.50477
0.50477
0.50477
0.50477
0.50477
0.50477
0.50477
0.50477
0.50477
0.50477
0.50477
0.50477
0.50477
0.50477
0.50477
0.50477
0.50477
0.50477
0.50477
0.50477
0.50477
0.50477
0.50477
0.50477
0.50477
0.50477
0.50477
0.50477
0.50477
0.50477
0.50477
0.50477
0.50477
0.50477
0.50477
0.50477
0.50477
0.50477
0.50477
0.46938
0.46938
0.46938
0.46938
0.46938
0.46938
0.46938
0.46938
0.46938
0.46938
0.46938
0.46938
0.46938
0.46938
0.46938
0.46938
0.46938
0.46938
0.46938
0.46938
0.46938
0.46938
0.46938
0.46938
0.46938
0.46938
0.46938
0.46938
0.46938
0.46938
0.46938
0.46938
0.46938
0.46938
0.46938
0.46938
0.46938
0.46938
0.46938
0.46938
0.46938
0.46938
0.46938
0.46938
0.46938
0.46938
0.46938
0.46938
0.46938
0.46938
0.46938
0.46938
0.46938
0.46938
0.46938
0.46938
0.46938
0.46938
0.46938
0.46938
0.46938
0.46938
0.46938
0.46938
0.46938
0.46938
0.46938
0.46938
0.46938
0.46938
0.46938
0.46938
0.46938
0.46938
0.46938
0.46938
0.46938
0.46938
0.46938
0.46938
0.46938
0.46938
0.46938
0.46938
0.46938
0.46938
0.46938
0.46938
0.46938
0.46938
0.46938
0.46938
0.46938
0.46938
0.46938
0.46938
0.46938
0.46938
0.46938
0.46938
0.46938
0.46938
0.46938
0.46938
0.46938
0.46938
0.46938
0.46938
0.46938
0.46938
0.46938
0.46938
0.46938
0.46938
0.46938
0.46938
0.46938
0.46938
0.46938
0.46938
0.46938
0.46938
0.46938
0.46938
0.46938
0.46938
0.46938
0.46938
0.46938
0.46938
0.46938
0.46938
0.46938
0.46938
0.46938
0.46938
0.46938
0.46938
0.46938
0.46938
0.46938
0.46938
0.46938
0.46938
0.43749
0.43749
0.43749
0.43749
0.43749
0.43749
0.43749
0.43749
0.43749
0.43749
0.43749
0.43749
0.43749
0.43749
0.43749
0.43749
0.43749
0.43749
0.43749
0.43749
0.43749
0.43749
0.43749
0.43749
0.43749
0.43749
0.43749
0.43749
0.43749
0.43749
0.43749
0.43749
0.43749
0.43749
0.43749
0.43749
0.43749
0.43749
0.43749
0.43749
0.43749
0.43749
0.43749
0.43749
0.43749
0.43749
0.43749
0.43749
0.43749
0.43749
0.43749
0.43749
0.43749
0.43749
0.43749
0.43749
0.43749
0.43749
0.43749
0.43749
0.43749
0.43749
0.43749
0.43749
0.43749
0.43749
0.43749
0.43749
0.43749
0.43749
0.43749
0.43749
0.43749
0.43749
0.43749
0.43749
0.43749
0.43749
0.43749
0.43749
0.43749
0.43749
0.43749
0.43749
0.43749
0.43749
0.43749
0.43749
0.43749
0.43749
0.43749
0.43749
0.43749
0.43749
0.43749
0.43749
0.43749
0.43749
0.43749
0.43749
0.43749
0.43749
0.43749
0.43749
0.43749
0.43749
0.43749
0.43749
0.43749
0.43749
0.43749
0.43749
0.43749
0.43749
0.43749
0.43749
0.43749
0.43749
0.43749
0.43749
0.43749
0.43749
0.43749
0.43749
0.43749
0.43749
0.43749
0.43749
0.43749
0.43749
0.43749
0.43749
0.43749
0.43749
0.43749
0.43749
0.43749
0.43749
0.43749
0.43749
0.43749
0.43749
0.43749
0.43749
0.43536
0.43536
0.43536
0.43536
0.43536
0.43536
0.43536
0.43536
0.43536
0.43536
0.43536
0.43536
0.43536
0.43536
0.43536
0.43536
0.43536
0.43536
0.43536
0.43536
0.43536
0.43536
0.43536
0.43536
0.43536
0.43536
0.43536
0.43536
0.43536
0.43536
0.43536
0.43536
0.43536
0.43536
0.43536
0.43536
0.43536
0.43536
0.43536
0.43536
0.43536
0.43536
0.43536
0.43536
0.43536
0.43536
0.43536
0.43536
0.43536
0.43536
0.43536
0.43536
0.43536
0.43536
0.43536
0.43536
0.43536
0.43536
0.43536
0.43536
0.43536
0.43536
0.43536
0.43536
0.43536
0.43536
0.43536
0.43536
0.43536
0.43536
0.43536
0.43536
0.43536
0.43536
0.43536
0.43536
0.43536
0.43536
0.43536
0.43536
0.43536
0.43536
0.43536
0.43536
0.43536
0.43536
0.43536
0.43536
0.43536
0.43536
0.43536
0.43536
0.43536
0.43536
0.43536
0.43536
0.43536
0.43536
0.43536
0.43536
0.43536
0.43536
0.43536
0.43536
0.43536
0.43536
0.43536
0.43536
0.43536
0.43536
0.43536
0.43536
0.43536
0.43536
0.43536
0.43536
0.43536
0.43536
0.43536
0.43536
0.43536
0.43536
0.43536
0.43536
0.43536
0.43536
0.43536
0.43536
0.43536
0.43536
0.43536
0.43536
0.43536
0.43536
0.43536
0.43536
0.43536
0.43536
0.43536
0.43536
0.43536
0.43536
0.43536
0.43536
0.45188
0.45188
0.45188
0.45188
0.45188
0.45188
0.45188
0.45188
0.45188
0.45188
0.45188
0.45188
0.45188
0.45188
0.45188
0.45188
0.45188
0.45188
0.45188
0.45188
0.45188
0.45188
0.45188
0.45188
0.45188
0.45188
0.45188
0.45188
0.45188
0.45188
0.45188
0.45188
0.45188
0.45188
0.45188
0.45188
0.45188
0.45188
0.45188
0.45188
0.45188
0.45188
0.45188
0.45188
0.45188
0.45188
0.45188
0.45188
0.45188
0.45188
0.45188
0.45188
0.45188
0.45188
0.45188
0.45188
0.45188
0.45188
0.45188
0.45188
0.45188
0.45188
0.45188
0.45188
0.45188
0.45188
0.45188
0.45188
0.45188
0.45188
0.45188
0.45188
0.45188
0.45188
0.45188
0.45188
0.45188
0.45188
0.45188
0.45188
0.45188
0.45188
0.45188
0.45188
0.45188
0.45188
0.45188
0.45188
0.45188
0.45188
0.45188
0.45188
0.45188
0.45188
0.45188
0.45188
0.45188
0.45188
0.45188
0.45188
0.45188
0.45188
0.45188
0.45188
0.45188
0.45188
0.45188
0.45188
0.45188
0.45188
0.45188
0.45188
0.45188
0.45188
0.45188
0.45188
0.45188
0.45188
0.45188
0.45188
0.45188
0.45188
0.45188
0.45188
0.45188
0.45188
0.45188
0.45188
0.45188
0.45188
0.45188
0.45188
0.45188
0.45188
0.45188
0.45188
0.45188
0.45188
0.45188
0.45188
0.45188
0.45188
0.45188
0.45188
0.51578
0.51578
0.51578
0.51578
0.51578
0.51578
0.51578
0.51578
0.51578
0.51578
0.51578
0.51578
0.51578
0.51578
0.51578
0.51578
0.51578
0.51578
0.51578
0.51578
0.51578
0.51578
0.51578
0.51578
0.51578
0.51578
0.51578
0.51578
0.51578
0.51578
0.51578
0.51578
0.51578
0.51578
0.51578
0.51578
0.51578
0.51578
0.51578
0.51578
0.51578
0.51578
0.51578
0.51578
0.51578
0.51578
0.51578
0.51578
0.51578
0.51578
0.51578
0.51578
0.51578
0.51578
0.51578
0.51578
0.51578
0.51578
0.51578
0.51578
0.51578
0.51578
0.51578
0.51578
0.51578
0.51578
0.51578
0.51578
0.51578
0.51578
0.51578
0.51578
0.51578
0.51578
0.51578
0.51578
0.51578
0.51578
0.51578
0.51578
0.51578
0.51578
0.51578
0.51578
0.51578
0.51578
0.51578
0.51578
0.51578
0.51578
0.51578
0.51578
0.51578
0.51578
0.51578
0.51578
0.51578
0.51578
0.51578
0.51578
0.51578
0.51578
0.51578
0.51578
0.51578
0.51578
0.51578
0.51578
0.51578
0.51578
0.51578
0.51578
0.51578
0.51578
0.51578
0.51578
0.51578
0.51578
0.51578
0.51578
0.51578
0.51578
0.51578
0.51578
0.51578
0.51578
0.51578
0.51578
0.51578
0.51578
0.51578
0.51578
0.51578
0.51578
0.51578
0.51578
0.51578
0.51578
0.51578
0.51578
0.51578
0.51578
0.51578
0.51578
0.5327
0.5327
0.5327
0.5327
0.5327
0.5327
0.5327
0.5327
0.5327
0.5327
0.5327
0.5327
0.5327
0.5327
0.5327
0.5327
0.5327
0.5327
0.5327
0.5327
0.5327
0.5327
0.5327
0.5327
0.5327
0.5327
0.5327
0.5327
0.5327
0.5327
0.5327
0.5327
0.5327
0.5327
0.5327
0.5327
0.5327
0.5327
0.5327
0.5327
0.5327
0.5327
0.5327
0.5327
0.5327
0.5327
0.5327
0.5327
0.5327
0.5327
0.5327
0.5327
0.5327
0.5327
0.5327
0.5327
0.5327
0.5327
0.5327
0.5327
0.5327
0.5327
0.5327
0.5327
0.5327
0.5327
0.5327
0.5327
0.5327
0.5327
0.5327
0.5327
0.5327
0.5327
0.5327
0.5327
0.5327
0.5327
0.5327
0.5327
0.5327
0.5327
0.5327
0.5327
0.5327
0.5327
0.5327
0.5327
0.5327
0.5327
0.5327
0.5327
0.5327
0.5327
0.5327
0.5327
0.5327
0.5327
0.5327
0.5327
0.5327
0.5327
0.5327
0.5327
0.5327
0.5327
0.5327
0.5327
0.5327
0.5327
0.5327
0.5327
0.5327
0.5327
0.5327
0.5327
0.5327
0.5327
0.5327
0.5327
0.5327
0.5327
0.5327
0.5327
0.5327
0.5327
0.5327
0.5327
0.5327
0.5327
0.5327
0.5327
0.5327
0.5327
0.5327
0.5327
0.5327
0.5327
0.5327
0.5327
0.5327
0.5327
0.5327
0.5327
0.48087
0.48087
0.48087
0.48087
0.48087
0.48087
0.48087
0.48087
0.48087
0.48087
0.48087
0.48087
0.48087
0.48087
0.48087
0.48087
0.48087
0.48087
0.48087
0.48087
0.48087
0.48087
0.48087
0.48087
0.48087
0.48087
0.48087
0.48087
0.48087
0.48087
0.48087
0.48087
0.48087
0.48087
0.48087
0.48087
0.48087
0.48087
0.48087
0.48087
0.48087
0.48087
0.48087
0.48087
0.48087
0.48087
0.48087
0.48087
0.48087
0.48087
0.48087
0.48087
0.48087
0.48087
0.48087
0.48087
0.48087
0.48087
0.48087
0.48087
0.48087
0.48087
0.48087
0.48087
0.48087
0.48087
0.48087
0.48087
0.48087
0.48087
0.48087
0.48087
0.48087
0.48087
0.48087
0.48087
0.48087
0.48087
0.48087
0.48087
0.48087
0.48087
0.48087
0.48087
0.48087
0.48087
0.48087
0.48087
0.48087
0.48087
0.48087
0.48087
0.48087
0.48087
0.48087
0.48087
0.48087
0.48087
0.48087
0.48087
0.48087
0.48087
0.48087
0.48087
0.48087
0.48087
0.48087
0.48087
0.48087
0.48087
0.48087
0.48087
0.48087
0.48087
0.48087
0.48087
0.48087
0.48087
0.48087
0.48087
0.48087
0.48087
0.48087
0.48087
0.48087
0.48087
0.48087
0.48087
0.48087
0.48087
0.48087
0.48087
0.48087
0.48087
0.48087
0.48087
0.48087
0.48087
0.48087
0.48087
0.48087
0.48087
0.48087
0.48087
0.43833
0.43833
0.43833
0.43833
0.43833
0.43833
0.43833
0.43833
0.43833
0.43833
0.43833
0.43833
0.43833
0.43833
0.43833
0.43833
0.43833
0.43833
0.43833
0.43833
0.43833
0.43833
0.43833
0.43833
0.43833
0.43833
0.43833
0.43833
0.43833
0.43833
0.43833
0.43833
0.43833
0.43833
0.43833
0.43833
0.43833
0.43833
0.43833
0.43833
0.43833
0.43833
0.43833
0.43833
0.43833
0.43833
0.43833
0.43833
0.43833
0.43833
0.43833
0.43833
0.43833
0.43833
0.43833
0.43833
0.43833
0.43833
0.43833
0.43833
0.43833
0.43833
0.43833
0.43833
0.43833
0.43833
0.43833
0.43833
0.43833
0.43833
0.43833
0.43833
0.43833
0.43833
0.43833
0.43833
0.43833
0.43833
0.43833
0.43833
0.43833
0.43833
0.43833
0.43833
0.43833
0.43833
0.43833
0.43833
0.43833
0.43833
0.43833
0.43833
0.43833
0.43833
0.43833
0.43833
0.43833
0.43833
0.43833
0.43833
0.43833
0.43833
0.43833
0.43833
0.43833
0.43833
0.43833
0.43833
0.43833
0.43833
0.43833
0.43833
0.43833
0.43833
0.43833
0.43833
0.43833
0.43833
0.43833
0.43833
0.43833
0.43833
0.43833
0.43833
0.43833
0.43833
0.43833
0.43833
0.43833
0.43833
0.43833
0.43833
0.43833
0.43833
0.43833
0.43833
0.43833
0.43833
0.43833
0.43833
0.43833
0.43833
0.43833
0.43833
0.43983
0.43983
0.43983
0.43983
0.43983
0.43983
0.43983
0.43983
0.43983
0.43983
0.43983
0.43983
0.43983
0.43983
0.43983
0.43983
0.43983
0.43983
0.43983
0.43983
0.43983
0.43983
0.43983
0.43983
0.43983
0.43983
0.43983
0.43983
0.43983
0.43983
0.43983
0.43983
0.43983
0.43983
0.43983
0.43983
0.43983
0.43983
0.43983
0.43983
0.43983
0.43983
0.43983
0.43983
0.43983
0.43983
0.43983
0.43983
0.43983
0.43983
0.43983
0.43983
0.43983
0.43983
0.43983
0.43983
0.43983
0.43983
0.43983
0.43983
0.43983
0.43983
0.43983
0.43983
0.43983
0.43983
0.43983
0.43983
0.43983
0.43983
0.43983
0.43983
0.43983
0.43983
0.43983
0.43983
0.43983
0.43983
0.43983
0.43983
0.43983
0.43983
0.43983
0.43983
0.43983
0.43983
0.43983
0.43983
0.43983
0.43983
0.43983
0.43983
0.43983
0.43983
0.43983
0.43983
0.43983
0.43983
0.43983
0.43983
0.43983
0.43983
0.43983
0.43983
0.43983
0.43983
0.43983
0.43983
0.43983
0.43983
0.43983
0.43983
0.43983
0.43983
0.43983
0.43983
0.43983
0.43983
0.43983
0.43983
0.43983
0.43983
0.43983
0.43983
0.43983
0.43983
0.43983
0.43983
0.43983
0.43983
0.43983
0.43983
0.43983
0.43983
0.43983
0.43983
0.43983
0.43983
0.43983
0.43983
0.43983
0.43983
0.43983
0.43983
0.44566
0.44566
0.44566
0.44566
0.44566
0.44566
0.44566
0.44566
0.44566
0.44566
0.44566
0.44566
0.44566
0.44566
0.44566
0.44566
0.44566
0.44566
0.44566
0.44566
0.44566
0.44566
0.44566
0.44566
0.44566
0.44566
0.44566
0.44566
0.44566
0.44566
0.44566
0.44566
0.44566
0.44566
0.44566
0.44566
0.44566
0.44566
0.44566
0.44566
0.44566
0.44566
0.44566
0.44566
0.44566
0.44566
0.44566
0.44566
0.44566
0.44566
0.44566
0.44566
0.44566
0.44566
0.44566
0.44566
0.44566
0.44566
0.44566
0.44566
0.44566
0.44566
0.44566
0.44566
0.44566
0.44566
0.44566
0.44566
0.44566
0.44566
0.44566
0.44566
0.44566
0.44566
0.44566
0.44566
0.44566
0.44566
0.44566
0.44566
0.44566
0.44566
0.44566
0.44566
0.44566
0.44566
0.44566
0.44566
0.44566
0.44566
0.44566
0.44566
0.44566
0.44566
0.44566
0.44566
0.44566
0.44566
0.44566
0.44566
0.44566
0.44566
0.44566
0.44566
0.44566
0.44566
0.44566
0.44566
0.44566
0.44566
0.44566
0.44566
0.44566
0.44566
0.44566
0.44566
0.44566
0.44566
0.44566
0.44566
0.44566
0.44566
0.44566
0.44566
0.44566
0.44566
0.44566
0.44566
0.44566
0.44566
0.44566
0.44566
0.44566
0.44566
0.44566
0.44566
0.44566
0.44566
0.44566
0.44566
0.44566
0.44566
0.44566
0.44566
0.5042
0.5042
0.5042
0.5042
0.5042
0.5042
0.5042
0.5042
0.5042
0.5042
0.5042
0.5042
0.5042
0.5042
0.5042
0.5042
0.5042
0.5042
0.5042
0.5042
0.5042
0.5042
0.5042
0.5042
0.5042
0.5042
0.5042
0.5042
0.5042
0.5042
0.5042
0.5042
0.5042
0.5042
0.5042
0.5042
0.5042
0.5042
0.5042
0.5042
0.5042
0.5042
0.5042
0.5042
0.5042
0.5042
0.5042
0.5042
0.5042
0.5042
0.5042
0.5042
0.5042
0.5042
0.5042
0.5042
0.5042
0.5042
0.5042
0.5042
0.5042
0.5042
0.5042
0.5042
0.5042
0.5042
0.5042
0.5042
0.5042
0.5042
0.5042
0.5042
0.5042
0.5042
0.5042
0.5042
0.5042
0.5042
0.5042
0.5042
0.5042
0.5042
0.5042
0.5042
0.5042
0.5042
0.5042
0.5042
0.5042
0.5042
0.5042
0.5042
0.5042
0.5042
0.5042
0.5042
0.5042
0.5042
0.5042
0.5042
0.5042
0.5042
0.5042
0.5042
0.5042
0.5042
0.5042
0.5042
0.5042
0.5042
0.5042
0.5042
0.5042
0.5042
0.5042
0.5042
0.5042
0.5042
0.5042
0.5042
0.5042
0.5042
0.5042
0.5042
0.5042
0.5042
0.5042
0.5042
0.5042
0.5042
0.5042
0.5042
0.5042
0.5042
0.5042
0.5042
0.5042
0.5042
0.5042
0.5042
0.5042
0.5042
0.5042
0.5042
0.72058
0.72058
0.72058
0.72058
0.72058
0.72058
0.72058
0.72058
0.72058
0.72058
0.72058
0.72058
0.72058
0.72058
0.72058
0.72058
0.72058
0.72058
0.72058
0.72058
0.72058
0.72058
0.72058
0.72058
0.72058
0.72058
0.72058
0.72058
0.72058
0.72058
0.72058
0.72058
0.72058
0.72058
0.72058
0.72058
0.72058
0.72058
0.72058
0.72058
0.72058
0.72058
0.72058
0.72058
0.72058
0.72058
0.72058
0.72058
0.72058
0.72058
0.72058
0.72058
0.72058
0.72058
0.72058
0.72058
0.72058
0.72058
0.72058
0.72058
0.72058
0.72058
0.72058
0.72058
0.72058
0.72058
0.72058
0.72058
0.72058
0.72058
0.72058
0.72058
0.72058
0.72058
0.72058
0.72058
0.72058
0.72058
0.72058
0.72058
0.72058
0.72058
0.72058
0.72058
0.72058
0.72058
0.72058
0.72058
0.72058
0.72058
0.72058
0.72058
0.72058
0.72058
0.72058
0.72058
0.72058
0.72058
0.72058
0.72058
0.72058
0.72058
0.72058
0.72058
0.72058
0.72058
0.72058
0.72058
0.72058
0.72058
0.72058
0.72058
0.72058
0.72058
0.72058
0.72058
0.72058
0.72058
0.72058
0.72058
0.72058
0.72058
0.72058
0.72058
0.72058
0.72058
0.72058
0.72058
0.72058
0.72058
0.72058
0.72058
0.72058
0.72058
0.72058
0.72058
0.72058
0.72058
0.72058
0.72058
0.72058
0.72058
0.72058
0.72058
0.25039
0.25039
0.25039
0.25039
0.25039
0.25039
0.25039
0.25039
0.25039
0.25039
0.25039
0.25039
0.25039
0.25039
0.25039
0.25039
0.25039
0.25039
0.25039
0.25039
0.25039
0.25039
0.25039
0.25039
0.25039
0.25039
0.25039
0.25039
0.25039
0.25039
0.25039
0.25039
0.25039
0.25039
0.25039
0.25039
0.25039
0.25039
0.25039
0.25039
0.25039
0.25039
0.25039
0.25039
0.25039
0.25039
0.25039
0.25039
0.25039
0.25039
0.25039
0.25039
0.25039
0.25039
0.25039
0.25039
0.25039
0.25039
0.25039
0.25039
0.25039
0.25039
0.25039
0.25039
0.25039
0.25039
0.25039
0.25039
0.25039
0.25039
0.25039
0.25039
0.25039
0.25039
0.25039
0.25039
0.25039
0.25039
0.25039
0.25039
0.25039
0.25039
0.25039
0.25039
0.25039
0.25039
0.25039
0.25039
0.25039
0.25039
0.25039
0.25039
0.25039
0.25039
0.25039
0.25039
0.25039
0.25039
0.25039
0.25039
0.25039
0.25039
0.25039
0.25039
0.25039
0.25039
0.25039
0.25039
0.25039
0.25039
0.25039
0.25039
0.25039
0.25039
0.25039
0.25039
0.25039
0.25039
0.25039
0.25039
0.25039
0.25039
0.25039
0.25039
0.25039
0.25039
0.25039
0.25039
0.25039
0.25039
0.25039
0.25039
0.25039
0.25039
0.25039
0.25039
0.25039
0.25039
0.25039
0.25039
0.25039
0.25039
0.25039
0.25039
0.31782
0.31782
0.31782
0.31782
0.31782
0.31782
0.31782
0.31782
0.31782
0.31782
0.31782
0.31782
0.31782
0.31782
0.31782
0.31782
0.31782
0.31782
0.31782
0.31782
0.31782
0.31782
0.31782
0.31782
0.31782
0.31782
0.31782
0.31782
0.31782
0.31782
0.31782
0.31782
0.31782
0.31782
0.31782
0.31782
0.31782
0.31782
0.31782
0.31782
0.31782
0.31782
0.31782
0.31782
0.31782
0.31782
0.31782
0.31782
0.31782
0.31782
0.31782
0.31782
0.31782
0.31782
0.31782
0.31782
0.31782
0.31782
0.31782
0.31782
0.31782
0.31782
0.31782
0.31782
0.31782
0.31782
0.31782
0.31782
0.31782
0.31782
0.31782
0.31782
0.31782
0.31782
0.31782
0.31782
0.31782
0.31782
0.31782
0.31782
0.31782
0.31782
0.31782
0.31782
0.31782
0.31782
0.31782
0.31782
0.31782
0.31782
0.31782
0.31782
0.31782
0.31782
0.31782
0.31782
0.31782
0.31782
0.31782
0.31782
0.31782
0.31782
0.31782
0.31782
0.31782
0.31782
0.31782
0.31782
0.31782
0.31782
0.31782
0.31782
0.31782
0.31782
0.31782
0.31782
0.31782
0.31782
0.31782
0.31782
0.31782
0.31782
0.31782
0.31782
0.31782
0.31782
0.31782
0.31782
0.31782
0.31782
0.31782
0.31782
0.31782
0.31782
0.31782
0.31782
0.31782
0.31782
0.31782
0.31782
0.31782
0.31782
0.31782
0.31782
0.97448
0.97448
0.97448
0.97448
0.97448
0.97448
0.97448
0.97448
0.97448
0.97448
0.97448
0.97448
0.97448
0.97448
0.97448
0.97448
0.97448
0.97448
0.97448
0.97448
0.97448
0.97448
0.97448
0.97448
0.97448
0.97448
0.97448
0.97448
0.97448
0.97448
0.97448
0.97448
0.97448
0.97448
0.97448
0.97448
0.97448
0.97448
0.97448
0.97448
0.97448
0.97448
0.97448
0.97448
0.97448
0.97448
0.97448
0.97448
0.97448
0.97448
0.97448
0.97448
0.97448
0.97448
0.97448
0.97448
0.97448
0.97448
0.97448
0.97448
0.97448
0.97448
0.97448
0.97448
0.97448
0.97448
0.97448
0.97448
0.97448
0.97448
0.97448
0.97448
0.97448
0.97448
0.97448
0.97448
0.97448
0.97448
0.97448
0.97448
0.97448
0.97448
0.97448
0.97448
0.97448
0.97448
0.97448
0.97448
0.97448
0.97448
0.97448
0.97448
0.97448
0.97448
0.97448
0.97448
0.97448
0.97448
0.97448
0.97448
0.97448
0.97448
0.97448
0.97448
0.97448
0.97448
0.97448
0.97448
0.97448
0.97448
0.97448
0.97448
0.97448
0.97448
0.97448
0.97448
0.97448
0.97448
0.97448
0.97448
0.97448
0.97448
0.97448
0.97448
0.97448
0.97448
0.97448
0.97448
0.97448
0.97448
0.97448
0.97448
0.97448
0.97448
0.97448
0.97448
0.97448
0.97448
0.97448
0.97448
0.97448
0.97448
0.97448
0.97448
0.47411
0.47411
0.47411
0.47411
0.47411
0.47411
0.47411
0.47411
0.47411
0.47411
0.47411
0.47411
0.47411
0.47411
0.47411
0.47411
0.47411
0.47411
0.47411
0.47411
0.47411
0.47411
0.47411
0.47411
0.47411
0.47411
0.47411
0.47411
0.47411
0.47411
0.47411
0.47411
0.47411
0.47411
0.47411
0.47411
0.47411
0.47411
0.47411
0.47411
0.47411
0.47411
0.47411
0.47411
0.47411
0.47411
0.47411
0.47411
0.47411
0.47411
0.47411
0.47411
0.47411
0.47411
0.47411
0.47411
0.47411
0.47411
0.47411
0.47411
0.47411
0.47411
0.47411
0.47411
0.47411
0.47411
0.47411
0.47411
0.47411
0.47411
0.47411
0.47411
0.47411
0.47411
0.47411
0.47411
0.47411
0.47411
0.47411
0.47411
0.47411
0.47411
0.47411
0.47411
0.47411
0.47411
0.47411
0.47411
0.47411
0.47411
0.47411
0.47411
0.47411
0.47411
0.47411
0.47411
0.47411
0.47411
0.47411
0.47411
0.47411
0.47411
0.47411
0.47411
0.47411
0.47411
0.47411
0.47411
0.47411
0.47411
0.47411
0.47411
0.47411
0.47411
0.47411
0.47411
0.47411
0.47411
0.47411
0.47411
0.47411
0.47411
0.47411
0.47411
0.47411
0.47411
0.47411
0.47411
0.47411
0.47411
0.47411
0.47411
0.47411
0.47411
0.47411
0.47411
0.47411
0.47411
0.47411
0.47411
0.47411
0.47411
0.47411
0.47411
0.44796
0.44796
0.44796
0.44796
0.44796
0.44796
0.44796
0.44796
0.44796
0.44796
0.44796
0.44796
0.44796
0.44796
0.44796
0.44796
0.44796
0.44796
0.44796
0.44796
0.44796
0.44796
0.44796
0.44796
0.44796
0.44796
0.44796
0.44796
0.44796
0.44796
0.44796
0.44796
0.44796
0.44796
0.44796
0.44796
0.44796
0.44796
0.44796
0.44796
0.44796
0.44796
0.44796
0.44796
0.44796
0.44796
0.44796
0.44796
0.44796
0.44796
0.44796
0.44796
0.44796
0.44796
0.44796
0.44796
0.44796
0.44796
0.44796
0.44796
0.44796
0.44796
0.44796
0.44796
0.44796
0.44796
0.44796
0.44796
0.44796
0.44796
0.44796
0.44796
0.44796
0.44796
0.44796
0.44796
0.44796
0.44796
0.44796
0.44796
0.44796
0.44796
0.44796
0.44796
0.44796
0.44796
0.44796
0.44796
0.44796
0.44796
0.44796
0.44796
0.44796
0.44796
0.44796
0.44796
0.44796
0.44796
0.44796
0.44796
0.44796
0.44796
0.44796
0.44796
0.44796
0.44796
0.44796
0.44796
0.44796
0.44796
0.44796
0.44796
0.44796
0.44796
0.44796
0.44796
0.44796
0.44796
0.44796
0.44796
0.44796
0.44796
0.44796
0.44796
0.44796
0.44796
0.44796
0.44796
0.44796
0.44796
0.44796
0.44796
0.44796
0.44796
0.44796
0.44796
0.44796
0.44796
0.44796
0.44796
0.44796
0.44796
0.44796
0.44796
SCALARS subcooling_C float 1
LOOKUP_TABLE default
-41.843
-41.843
-41.843
-41.843
-41.843
-41.843
-41.843
-41.843
-41.843
-41.843
-41.843
-41.843
-41.843
-41.843
-41.843
-41.843
-41.843
-41.843
-41.843
-41.843
-41.843
-41.843
-41.843
-41.843
-41.843
-41.843
-41.843
-41.843
-41.843
-41.843
-41.843
-41.843
-41.843
-41.843
-41.843
-41.843
-41.843
-41.843
-41.843
-41.843
-41.843
-41.843
-41.843
-41.843
-41.843
-41.843
-41.843
-41.843
-41.843
-41.843
-41.843
-41.843
-41.843
-41.843
-41.843
-41.843
-41.843
-41.843
-41.843
-41.843
-41.843
-41.843
-41.843
-41.843
-41.843
-41.843
-41.843
-41.843
-41.843
-41.843
-41.843
-41.843
-41.843
-41.843
-41.843
-41.843
-41.843
-41.843
-41.843
-41.843
-41.843
-41.843
-41.843
-41.843
-41.843
-41.843
-41.843
-41.843
-41.843
-41.843
-41.843
-41.843
-41.843
-41.843
-41.843
-41.843
-41.843
-41.843
-41.843
-41.843
-41.843
-41.843
-41.843
-41.843
-41.843
-41.843
-41.843
-41.843
-41.843
-41.843
-41.843
-41.843
-41.843
-41.843
-41.843
-41.843
-41.843
-41.843
-41.843
-41.843
-41.843
-41.843
-41.843
-41.843
-41.843
-41.843
-41.843
-41.843
-41.843
-41.843
-41.843
-41.843
-41.843
-41.843
-41.843
-41.843
-41.843
-41.843
-41.843
-41.843
-41.843
-41.843
-41.843
-41.843
-39.759
-39.759
-39.759
-39.759
-39.759
-39.759
-39.759
-39.759
-39.759
-39.759
-39.759
-39.759
-39.759
-39.759
-39.759
-39.759
-39.759
-39.759
-39.759
-39.759
-39.759
-39.759
-39.759
-39.759
-39.759
-39.759
-39.759
-39.759
-39.759
-39.759
-39.759
-39.759
-39.759
-39.759
-39.759
-39.759
-39.759
-39.759
-39.759
-39.759
-39.759
-39.759
-39.759
-39.759
-39.759
-39.759
-39.759
-39.759
-39.759
-39.759
-39.759
-39.759
-39.759
-39.759
-39.759
-39.759
-39.759
-39.759
-39.759
-39.759
-39.759
-39.759
-39.759
-39.759
-39.759
-39.759
-39.759
-39.759
-39.759
-39.759
-39.759
-39.759
-39.759
-39.759
-39.759
-39.759
-39.759
-39.759
-39.759
-39.759
-39.759
-39.759
-39.759
-39.759
-39.759
-39.759
-39.759
-39.759
-39.759
-39.759
-39.759
-39.759
-39.759
-39.759
-39.759
-39.759
-39.759
-39.759
-39.759
-39.759
-39.759
-39.759
-39.759
-39.759
-39.759
-39.759
-39.759
-39.759
-39.759
-39.759
-39.759
-39.759
-39.759
-39.759
-39.759
-39.759
-39.759
-39.759
-39.759
-39.759
-39.759
-39.759
-39.759
-39.759
-39.759
-39.759
-39.759
-39.759
-39.759
-39.759
-39.759
-39.759
-39.759
-39.759
-39.759
-39.759
-39.759
-39.759
-39.759
-39.759
-39.759
-39.759
-39.759
-39.759
-37.575
-37.575
-37.575
-37.575
-37.575
-37.575
-37.575
-37.575
-37.575
-37.575
-37.575
-37.575
-37.575
-37.575
-37.575
-37.575
-37.575
-37.575
-37.575
-37.575
-37.575
-37.575
-37.575
-37.575
-37.575
-37.575
-37.575
-37.575
-37.575
-37.575
-37.575
-37.575
-37.575
-37.575
-37.575
-37.575
-37.575
-37.575
-37.575
-37.575
-37.575
-37.575
-37.575
-37.575
-37.575
-37.575
-37.575
-37.575
-37.575
-37.575
-37.575
-37.575
-37.575
-37.575
-37.575
-37.575
-37.575
-37.575
-37.575
-37.575
-37.575
-37.575
-37.575
-37.575
-37.575
-37.575
-37.575
-37.575
-37.575
-37.575
-37.575
-37.575
-37.575
-37.575
-37.575
-37.575
-37.575
-37.575
-37.575
-37.575
-37.575
-37.575
-37.575
-37.575
-37.575
-37.575
-37.575
-37.575
-37.575
-37.575
-37.575
-37.575
-37.575
-37.575
-37.575
-37.575
-37.575
-37.575
-37.575
-37.575
-37.575
-37.575
-37.575
-37.575
-37.575
-37.575
-37.575
-37.575
-37.575
-37.575
-37.575
-37.575
-37.575
-37.575
-37.575
-37.575
-37.575
-37.575
-37.575
-37.575
-37.575
-37.575
-37.575
-37.575
-37.575
-37.575
-37.575
-37.575
-37.575
-37.575
-37.575
-37.575
-37.575
-37.575
-37.575
-37.575
-37.575
-37.575
-37.575
-37.575
-37.575
-37.575
-37.575
-37.575
-35.472
-35.472
-35.472
-35.472
-35.472
-35.472
-35.472
-35.472
-35.472
-35.472
-35.472
-35.472
-35.472
-35.472
-35.472
-35.472
-35.472
-35.472
-35.472
-35.472
-35.472
-35.472
-35.472
-35.472
-35.472
-35.472
-35.472
-35.472
-35.472
-35.472
-35.472
-35.472
-35.472
-35.472
-35.472
-35.472
-35.472
-35.472
-35.472
-35.472
-35.472
-35.472
-35.472
-35.472
-35.472
-35.472
-35.472
-35.472
-35.472
-35.472
-35.472
-35.472
-35.472
-35.472
-35.472
-35.472
-35.472
-35.472
-35.472
-35.472
-35.472
-35.472
-35.472
-35.472
-35.472
-35.472
-35.472
-35.472
-35.472
-35.472
-35.472
-35.472
-35.472
-35.472
-35.472
-35.472
-35.472
-35.472
-35.472
-35.472
-35.472
-35.472
-35.472
-35.472
-35.472
-35.472
-35.472
-35.472
-35.472
-35.472
-35.472
-35.472
-35.472
-35.472
-35.472
-35.472
-35.472
-35.472
-35.472
-35.472
-35.472
-35.472
-35.472
-35.472
-35.472
-35.472
-35.472
-35.472
-35.472
-35.472
-35.472
-35.472
-35.472
-35.472
-35.472
-35.472
-35.472
-35.472
-35.472
-35.472
-35.472
-35.472
-35.472
-35.472
-35.472
-35.472
-35.472
-35.472
-35.472
-35.472
-35.472
-35.472
-35.472
-35.472
-35.472
-35.472
-35.472
-35.472
-35.472
-35.472
-35.472
-35.472
-35.472
-35.472
-33.594
-33.594
-33.594
-33.594
-33.594
-33.594
-33.594
-33.594
-33.594
-33.594
-33.594
-33.594
-33.594
-33.594
-33.594
-33.594
-33.594
-33.594
-33.594
-33.594
-33.594
-33.594
-33.594
-33.594
-33.594
-33.594
-33.594
-33.594
-33.594
-33.594
-33.594
-33.594
-33.594
-33.594
-33.594
-33.594
-33.594
-33.594
-33.594
-33.594
-33.594
-33.594
-33.594
-33.594
-33.594
-33.594
-33.594
-33.594
-33.594
-33.594
-33.594
-33.594
-33.594
-33.594
-33.594
-33.594
-33.594
-33.594
-33.594
-33.594
-33.594
-33.594
-33.594
-33.594
-33.594
-33.594
-33.594
-33.594
-33.594
-33.594
-33.594
-33.594
-33.594
-33.594
-33.594
-33.594
-33.594
-33.594
-33.594
-33.594
-33.594
-33.594
-33.594
-33.594
-33.594
-33.594
-33.594
-33.594
-33.594
-33.594
-33.594
-33.594
-33.594
-33.594
-33.594
-33.594
-33.594
-33.594
-33.594
-33.594
-33.594
-33.594
-33.594
-33.594
-33.594
-33.594
-33.594
-33.594
-33.594
-33.594
-33.594
-33.594
-33.594
-33.594
-33.594
-33.594
-33.594
-33.594
-33.594
-33.594
-33.594
-33.594
-33.594
-33.594
-33.594
-33.594
-33.594
-33.594
-33.594
-33.594
-33.594
-33.594
-33.594
-33.594
-33.594
-33.594
-33.594
-33.594
-33.594
-33.594
-33.594
-33.594
-33.594
-33.594
-31.855
-31.855
-31.855
-31.855
-31.855
-31.855
-31.855
-31.855
-31.855
-31.855
-31.855
-31.855
-31.855
-31.855
-31.855
-31.855
-31.855
-31.855
-31.855
-31.855
-31.855
-31.855
-31.855
-31.855
-31.855
-31.855
-31.855
-31.855
-31.855
-31.855
-31.855
-31.855
-31.855
-31.855
-31.855
-31.855
-31.855
-31.855
-31.855
-31.855
-31.855
-31.855
-31.855
-31.855
-31.855
-31.855
-31.855
-31.855
-31.855
-31.855
-31.855
-31.855
-31.855
-31.855
-31.855
-31.855
-31.855
-31.855
-31.855
-31.855
-31.855
-31.855
-31.855
-31.855
-31.855
-31.855
-31.855
-31.855
-31.855
-31.855
-31.855
-31.855
-31.855
-31.855
-31.855
-31.855
-31.855
-31.855
-31.855
-31.855
-31.855
-31.855
-31.855
-31.855
-31.855
-31.855
-31.855
-31.855
-31.855
-31.855
-31.855
-31.855
-31.855
-31.855
-31.855
-31.855
-31.855
-31.855
-31.855
-31.855
-31.855
-31.855
-31.855
-31.855
-31.855
-31.855
-31.855
-31.855
-31.855
-31.855
-31.855
-31.855
-31.855
-31.855
-31.855
-31.855
-31.855
-31.855
-31.855
-31.855
-31.855
-31.855
-31.855
-31.855
-31.855
-31.855
-31.855
-31.855
-31.855
-31.855
-31.855
-31.855
-31.855
-31.855
-31.855
-31.855
-31.855
-31.855
-31.855
-31.855
-31.855
-31.855
-31.855
-31.855
-28.577
-28.577
-28.577
-28.577
-28.577
-28.577
-28.577
-28.577
-28.577
-28.577
-28.577
-28.577
-28.577
-28.577
-28.577
-28.577
-28.577
-28.577
-28.577
-28.577
-28.577
-28.577
-28.577
-28.577
-28.577
-28.577
-28.577
-28.577
-28.577
-28.577
-28.577
-28.577
-28.577
-28.577
-28.577
-28.577
-28.577
-28.577
-28.577
-28.577
-28.577
-28.577
-28.577
-28.577
-28.577
-28.577
-28.577
-28.577
-28.577
-28.577
-28.577
-28.577
-28.577
-28.577
-28.577
-28.577
-28.577
-28.577
-28.577
-28.577
-28.577
-28.577
-28.577
-28.577
-28.577
-28.577
-28.577
-28.577
-28.577
-28.577
-28.577
-28.577
-28.577
-28.577
-28.577
-28.577
-28.577
-28.577
-28.577
-28.577
-28.577
-28.577
-28.577
-28.577
-28.577
-28.577
-28.577
-28.577
-28.577
-28.577
-28.577
-28.577
-28.577
-28.577
-28.577
-28.577
-28.577
-28.577
-28.577
-28.577
-28.577
-28.577
-28.577
-28.577
-28.577
-28.577
-28.577
-28.577
-28.577
-28.577
-28.577
-28.577
-28.577
-28.577
-28.577
-28.577
-28.577
-28.577
-28.577
-28.577
-28.577
-28.577
-28.577
-28.577
-28.577
-28.577
-28.577
-28.577
-28.577
-28.577
-28.577
-28.577
-28.577
-28.577
-28.577
-28.577
-28.577
-28.577
-28.577
-28.577
-28.577
-28.577
-28.577
-28.577
-26.972
-26.972
-26.972
-26.972
-26.972
-26.972
-26.972
-26.972
-26.972
-26.972
-26.972
-26.972
-26.972
-26.972
-26.972
-26.972
-26.972
-26.972
-26.972
-26.972
-26.972
-26.972
-26.972
-26.972
-26.972
-26.972
-26.972
-26.972
-26.972
-26.972
-26.972
-26.972
-26.972
-26.972
-26.972
-26.972
-26.972
-26.972
-26.972
-26.972
-26.972
-26.972
-26.972
-26.972
-26.972
-26.972
-26.972
-26.972
-26.972
-26.972
-26.972
-26.972
-26.972
-26.972
-26.972
-26.972
-26.972
-26.972
-26.972
-26.972
-26.972
-26.972
-26.972
-26.972
-26.972
-26.972
-26.972
-26.972
-26.972
-26.972
-26.972
-26.972
-26.972
-26.972
-26.972
-26.972
-26.972
-26.972
-26.972
-26.972
-26.972
-26.972
-26.972
-26.972
-26.972
-26.972
-26.972
-26.972
-26.972
-26.972
-26.972
-26.972
-26.972
-26.972
-26.972
-26.972
-26.972
-26.972
-26.972
-26.972
-26.972
-26.972
-26.972
-26.972
-26.972
-26.972
-26.972
-26.972
-26.972
-26.972
-26.972
-26.972
-26.972
-26.972
-26.972
-26.972
-26.972
-26.972
-26.972
-26.972
-26.972
-26.972
-26.972
-26.972
-26.972
-26.972
-26.972
-26.972
-26.972
-26.972
-26.972
-26.972
-26.972
-26.972
-26.972
-26.972
-26.972
-26.972
-26.972
-26.972
-26.972
-26.972
-26.972
-26.972
-25.51
-25.51
-25.51
-25.51
-25.51
-25.51
-25.51
-25.51
-25.51
-25.51
-25.51
-25.51
-25.51
-25.51
-25.51
-25.51
-25.51
-25.51
-25.51
-25.51
-25.51
-25.51
-25.51
-25.51
-25.51
-25.51
-25.51
-25.51
-25.51
-25.51
-25.51
-25.51
-25.51
-25.51
-25.51
-25.51
-25.51
-25.51
-25.51
-25.51
-25.51
-25.51
-25.51
-25.51
-25.51
-25.51
-25.51
-25.51
-25.51
-25.51
-25.51
-25.51
-25.51
-25.51
-25.51
-25.51
-25.51
-25.51
-25.51
-25.51
-25.51
-25.51
-25.51
-25.51
-25.51
-25.51
-25.51
-25.51
-25.51
-25.51
-25.51
-25.51
-25.51
-25.51
-25.51
-25.51
-25.51
-25.51
-25.51
-25.51
-25.51
-25.51
-25.51
-25.51
-25.51
-25.51
-25.51
-25.51
-25.51
-25.51
-25.51
-25.51
-25.51
-25.51
-25.51
-25.51
-25.51
-25.51
-25.51
-25.51
-25.51
-25.51
-25.51
-25.51
-25.51
-25.51
-25.51
-25.51
-25.51
-25.51
-25.51
-25.51
-25.51
-25.51
-25.51
-25.51
-25.51
-25.51
-25.51
-25.51
-25.51
-25.51
-25.51
-25.51
-25.51
-25.51
-25.51
-25.51
-25.51
-25.51
-25.51
-25.51
-25.51
-25.51
-25.51
-25.51
-25.51
-25.51
-25.51
-25.51
-25.51
-25.51
-25.51
-25.51
-24.164
-24.164
-24.164
-24.164
-24.164
-24.164
-24.164
-24.164
-24.164
-24.164
-24.164
-24.164
-24.164
-24.164
-24.164
-24.164
-24.164
-24.164
-24.164
-24.164
-24.164
-24.164
-24.164
-24.164
-24.164
-24.164
-24.164
-24.164
-24.164
-24.164
-24.164
-24.164
-24.164
-24.164
-24.164
-24.164
-24.164
-24.164
-24.164
-24.164
-24.164
-24.164
-24.164
-24.164
-24.164
-24.164
-24.164
-24.164
-24.164
-24.164
-24.164
-24.164
-24.164
-24.164
-24.164
-24.164
-24.164
-24.164
-24.164
-24.164
-24.164
-24.164
-24.164
-24.164
-24.164
-24.164
-24.164
-24.164
-24.164
-24.164
-24.164
-24.164
-24.164
-24.164
-24.164
-24.164
-24.164
-24.164
-24.164
-24.164
-24.164
-24.164
-24.164
-24.164
-24.164
-24.164
-24.164
-24.164
-24.164
-24.164
-24.164
-24.164
-24.164
-24.164
-24.164
-24.164
-24.164
-24.164
-24.164
-24.164
-24.164
-24.164
-24.164
-24.164
-24.164
-24.164
-24.164
-24.164
-24.164
-24.164
-24.164
-24.164
-24.164
-24.164
-24.164
-24.164
-24.164
-24.164
-24.164
-24.164
-24.164
-24.164
-24.164
-24.164
-24.164
-24.164
-24.164
-24.164
-24.164
-24.164
-24.164
-24.164
-24.164
-24.164
-24.164
-24.164
-24.164
-24.164
-24.164
-24.164
-24.164
-24.164
-24.164
-24.164
-22.904
-22.904
-22.904
-22.904
-22.904
-22.904
-22.904
-22.904
-22.904
-22.904
-22.904
-22.904
-22.904
-22.904
-22.904
-22.904
-22.904
-22.904
-22.904
-22.904
-22.904
-22.904
-22.904
-22.904
-22.904
-22.904
-22.904
-22.904
-22.904
-22.904
-22.904
-22.904
-22.904
-22.904
-22.904
-22.904
-22.904
-22.904
-22.904
-22.904
-22.904
-22.904
-22.904
-22.904
-22.904
-22.904
-22.904
-22.904
-22.904
-22.904
-22.904
-22.904
-22.904
-22.904
-22.904
-22.904
-22.904
-22.904
-22.904
-22.904
-22.904
-22.904
-22.904
-22.904
-22.904
-22.904
-22.904
-22.904
-22.904
-22.904
-22.904
-22.904
-22.904
-22.904
-22.904
-22.904
-22.904
-22.904
-22.904
-22.904
-22.904
-22.904
-22.904
-22.904
-22.904
-22.904
-22.904
-22.904
-22.904
-22.904
-22.904
-22.904
-22.904
-22.904
-22.904
-22.904
-22.904
-22.904
-22.904
-22.904
-22.904
-22.904
-22.904
-22.904
-22.904
-22.904
-22.904
-22.904
-22.904
-22.904
-22.904
-22.904
-22.904
-22.904
-22.904
-22.904
-22.904
-22.904
-22.904
-22.904
-22.904
-22.904
-22.904
-22.904
-22.904
-22.904
-22.904
-22.904
-22.904
-22.904
-22.904
-22.904
-22.904
-22.904
-22.904
-22.904
-22.904
-22.904
-22.904
-22.904
-22.904
-22.904
-22.904
-22.904
-21.708
-21.708
-21.708
-21.708
-21.708
-21.708
-21.708
-21.708
-21.708
-21.708
-21.708
-21.708
-21.708
-21.708
-21.708
-21.708
-21.708
-21.708
-21.708
-21.708
-21.708
-21.708
-21.708
-21.708
-21.708
-21.708
-21.708
-21.708
-21.708
-21.708
-21.708
-21.708
-21.708
-21.708
-21.708
-21.708
-21.708
-21.708
-21.708
-21.708
-21.708
-21.708
-21.708
-21.708
-21.708
-21.708
-21.708
-21.708
-21.708
-21.708
-21.708
-21.708
-21.708
-21.708
-21.708
-21.708
-21.708
-21.708
-21.708
-21.708
-21.708
-21.708
-21.708
-21.708
-21.708
-21.708
-21.708
-21.708
-21.708
-21.708
-21.708
-21.708
-21.708
-21.708
-21.708
-21.708
-21.708
-21.708
-21.708
-21.708
-21.708
-21.708
-21.708
-21.708
-21.708
-21.708
-21.708
-21.708
-21.708
-21.708
-21.708
-21.708
-21.708
-21.708
-21.708
-21.708
-21.708
-21.708
-21.708
-21.708
-21.708
-21.708
-21.708
-21.708
-21.708
-21.708
-21.708
-21.708
-21.708
-21.708
-21.708
-21.708
-21.708
-21.708
-21.708
-21.708
-21.708
-21.708
-21.708
-21.708
-21.708
-21.708
-21.708
-21.708
-21.708
-21.708
-21.708
-21.708
-21.708
-21.708
-21.708
-21.708
-21.708
-21.708
-21.708
-21.708
-21.708
-21.708
-21.708
-21.708
-21.708
-21.708
-21.708
-21.708
-19.42
-19.42
-19.42
-19.42
-19.42
-19.42
-19.42
-19.42
-19.42
-19.42
-19.42
-19.42
-19.42
-19.42
-19.42
-19.42
-19.42
-19.42
-19.42
-19.42
-19.42
-19.42
-19.42
-19.42
-19.42
-19.42
-19.42
-19.42
-19.42
-19.42
-19.42
-19.42
-19.42
-19.42
-19.42
-19.42
-19.42
-19.42
-19.42
-19.42
-19.42
-19.42
-19.42
-19.42
-19.42
-19.42
-19.42
-19.42
-19.42
-19.42
-19.42
-19.42
-19.42
-19.42
-19.42
-19.42
-19.42
-19.42
-19.42
-19.42
-19.42
-19.42
-19.42
-19.42
-19.42
-19.42
-19.42
-19.42
-19.42
-19.42
-19.42
-19.42
-19.42
-19.42
-19.42
-19.42
-19.42
-19.42
-19.42
-19.42
-19.42
-19.42
-19.42
-19.42
-19.42
-19.42
-19.42
-19.42
-19.42
-19.42
-19.42
-19.42
-19.42
-19.42
-19.42
-19.42
-19.42
-19.42
-19.42
-19.42
-19.42
-19.42
-19.42
-19.42
-19.42
-19.42
-19.42
-19.42
-19.42
-19.42
-19.42
-19.42
-19.42
-19.42
-19.42
-19.42
-19.42
-19.42
-19.42
-19.42
-19.42
-19.42
-19.42
-19.42
-19.42
-19.42
-19.42
-19.42
-19.42
-19.42
-19.42
-19.42
-19.42
-19.42
-19.42
-19.42
-19.42
-19.42
-19.42
-19.42
-19.42
-19.42
-19.42
-19.42
-18.216
-18.216
-18.216
-18.216
-18.216
-18.216
-18.216
-18.216
-18.216
-18.216
-18.216
-18.216
-18.216
-18.216
-18.216
-18.216
-18.216
-18.216
-18.216
-18.216
-18.216
-18.216
-18.216
-18.216
-18.216
-18.216
-18.216
-18.216
-18.216
-18.216
-18.216
-18.216
-18.216
-18.216
-18.216
-18.216
-18.216
-18.216
-18.216
-18.216
-18.216
-18.216
-18.216
-18.216
-18.216
-18.216
-18.216
-18.216
-18.216
-18.216
-18.216
-18.216
-18.216
-18.216
-18.216
-18.216
-18.216
-18.216
-18.216
-18.216
-18.216
-18.216
-18.216
-18.216
-18.216
-18.216
-18.216
-18.216
-18.216
-18.216
-18.216
-18.216
-18.216
-18.216
-18.216
-18.216
-18.216
-18.216
-18.216
-18.216
-18.216
-18.216
-18.216
-18.216
-18.216
-18.216
-18.216
-18.216
-18.216
-18.216
-18.216
-18.216
-18.216
-18.216
-18.216
-18.216
-18.216
-18.216
-18.216
-18.216
-18.216
-18.216
-18.216
-18.216
-18.216
-18.216
-18.216
-18.216
-18.216
-18.216
-18.216
-18.216
-18.216
-18.216
-18.216
-18.216
-18.216
-18.216
-18.216
-18.216
-18.216
-18.216
-18.216
-18.216
-18.216
-18.216
-18.216
-18.216
-18.216
-18.216
-18.216
-18.216
-18.216
-18.216
-18.216
-18.216
-18.216
-18.216
-18.216
-18.216
-18.216
-18.216
-18.216
-18.216
-17.188
-17.188
-17.188
-17.188
-17.188
-17.188
-17.188
-17.188
-17.188
-17.188
-17.188
-17.188
-17.188
-17.188
-17.188
-17.188
-17.188
-17.188
-17.188
-17.188
-17.188
-17.188
-17.188
-17.188
-17.188
-17.188
-17.188
-17.188
-17.188
-17.188
-17.188
-17.188
-17.188
-17.188
-17.188
-17.188
-17.188
-17.188
-17.188
-17.188
-17.188
-17.188
-17.188
-17.188
-17.188
-17.188
-17.188
-17.188
-17.188
-17.188
-17.188
-17.188
-17.188
-17.188
-17.188
-17.188
-17.188
-17.188
-17.188
-17.188
-17.188
-17.188
-17.188
-17.188
-17.188
-17.188
-17.188
-17.188
-17.188
-17.188
-17.188
-17.188
-17.188
-17.188
-17.188
-17.188
-17.188
-17.188
-17.188
-17.188
-17.188
-17.188
-17.188
-17.188
-17.188
-17.188
-17.188
-17.188
-17.188
-17.188
-17.188
-17.188
-17.188
-17.188
-17.188
-17.188
-17.188
-17.188
-17.188
-17.188
-17.188
-17.188
-17.188
-17.188
-17.188
-17.188
-17.188
-17.188
-17.188
-17.188
-17.188
-17.188
-17.188
-17.188
-17.188
-17.188
-17.188
-17.188
-17.188
-17.188
-17.188
-17.188
-17.188
-17.188
-17.188
-17.188
-17.188
-17.188
-17.188
-17.188
-17.188
-17.188
-17.188
-17.188
-17.188
-17.188
-17.188
-17.188
-17.188
-17.188
-17.188
-17.188
-17.188
-17.188
-16.27
-16.27
-16.27
-16.27
-16.27
-16.27
-16.27
-16.27
-16.27
-16.27
-16.27
-16.27
-16.27
-16.27
-16.27
-16.27
-16.27
-16.27
-16.27
-16.27
-16.27
-16.27
-16.27
-16.27
-16.27
-16.27
-16.27
-16.27
-16.27
-16.27
-16.27
-16.27
-16.27
-16.27
-16.27
-16.27
-16.27
-16.27
-16.27
-16.27
-16.27
-16.27
-16.27
-16.27
-16.27
-16.27
-16.27
-16.27
-16.27
-16.27
-16.27
-16.27
-16.27
-16.27
-16.27
-16.27
-16.27
-16.27
-16.27
-16.27
-16.27
-16.27
-16.27
-16.27
-16.27
-16.27
-16.27
-16.27
-16.27
-16.27
-16.27
-16.27
-16.27
-16.27
-16.27
-16.27
-16.27
-16.27
-16.27
-16.27
-16.27
-16.27
-16.27
-16.27
-16.27
-16.27
-16.27
-16.27
-16.27
-16.27
-16.27
-16.27
-16.27
-16.27
-16.27
-16.27
-16.27
-16.27
-16.27
-16.27
-16.27
-16.27
-16.27
-16.27
-16.27
-16.27
-16.27
-16.27
-16.27
-16.27
-16.27
-16.27
-16.27
-16.27
-16.27
-16.27
-16.27
-16.27
-16.27
-16.27
-16.27
-16.27
-16.27
-16.27
-16.27
-16.27
-16.27
-16.27
-16.27
-16.27
-16.27
-16.27
-16.27
-16.27
-16.27
-16.27
-16.27
-16.27
-16.27
-16.27
-16.27
-16.27
-16.27
-16.27
-15.363
-15.363
-15.363
-15.363
-15.363
-15.363
-15.363
-15.363
-15.363
-15.363
-15.363
-15.363
-15.363
-15.363
-15.363
-15.363
-15.363
-15.363
-15.363
-15.363
-15.363
-15.363
-15.363
-15.363
-15.363
-15.363
-15.363
-15.363
-15.363
-15.363
-15.363
-15.363
-15.363
-15.363
-15.363
-15.363
-15.363
-15.363
-15.363
-15.363
-15.363
-15.363
-15.363
-15.363
-15.363
-15.363
-15.363
-15.363
-15.363
-15.363
-15.363
-15.363
-15.363
-15.363
-15.363
-15.363
-15.363
-15.363
-15.363
-15.363
-15.363
-15.363
-15.363
-15.363
-15.363
-15.363
-15.363
-15.363
-15.363
-15.363
-15.363
-15.363
-15.363
-15.363
-15.363
-15.363
-15.363
-15.363
-15.363
-15.363
-15.363
-15.363
-15.363
-15.363
-15.363
-15.363
-15.363
-15.363
-15.363
-15.363
-15.363
-15.363
-15.363
-15.363
-15.363
-15.363
-15.363
-15.363
-15.363
-15.363
-15.363
-15.363
-15.363
-15.363
-15.363
-15.363
-15.363
-15.363
-15.363
-15.363
-15.363
-15.363
-15.363
-15.363
-15.363
-15.363
-15.363
-15.363
-15.363
-15.363
-15.363
-15.363
-15.363
-15.363
-15.363
-15.363
-15.363
-15.363
-15.363
-15.363
-15.363
-15.363
-15.363
-15.363
-15.363
-15.363
-15.363
-15.363
-15.363
-15.363
-15.363
-15.363
-15.363
-15.363
-14.464
-14.464
-14.464
-14.464
-14.464
-14.464
-14.464
-14.464
-14.464
-14.464
-14.464
-14.464
-14.464
-14.464
-14.464
-14.464
-14.464
-14.464
-14.464
-14.464
-14.464
-14.464
-14.464
-14.464
-14.464
-14.464
-14.464
-14.464
-14.464
-14.464
-14.464
-14.464
-14.464
-14.464
-14.464
-14.464
-14.464
-14.464
-14.464
-14.464
-14.464
-14.464
-14.464
-14.464
-14.464
-14.464
-14.464
-14.464
-14.464
-14.464
-14.464
-14.464
-14.464
-14.464
-14.464
-14.464
-14.464
-14.464
-14.464
-14.464
-14.464
-14.464
-14.464
-14.464
-14.464
-14.464
-14.464
-14.464
-14.464
-14.464
-14.464
-14.464
-14.464
-14.464
-14.464
-14.464
-14.464
-14.464
-14.464
-14.464
-14.464
-14.464
-14.464
-14.464
-14.464
-14.464
-14.464
-14.464
-14.464
-14.464
-14.464
-14.464
-14.464
-14.464
-14.464
-14.464
-14.464
-14.464
-14.464
-14.464
-14.464
-14.464
-14.464
-14.464
-14.464
-14.464
-14.464
-14.464
-14.464
-14.464
-14.464
-14.464
-14.464
-14.464
-14.464
-14.464
-14.464
-14.464
-14.464
-14.464
-14.464
-14.464
-14.464
-14.464
-14.464
-14.464
-14.464
-14.464
-14.464
-14.464
-14.464
-14.464
-14.464
-14.464
-14.464
-14.464
-14.464
-14.464
-14.464
-14.464
-14.464
-14.464
-14.464
-14.464
-12.697
-12.697
-12.697
-12.697
-12.697
-12.697
-12.697
-12.697
-12.697
-12.697
-12.697
-12.697
-12.697
-12.697
-12.697
-12.697
-12.697
-12.697
-12.697
-12.697
-12.697
-12.697
-12.697
-12.697
-12.697
-12.697
-12.697
-12.697
-12.697
-12.697
-12.697
-12.697
-12.697
-12.697
-12.697
-12.697
-12.697
-12.697
-12.697
-12.697
-12.697
-12.697
-12.697
-12.697
-12.697
-12.697
-12.697
-12.697
-12.697
-12.697
-12.697
-12.697
-12.697
-12.697
-12.697
-12.697
-12.697
-12.697
-12.697
-12.697
-12.697
-12.697
-12.697
-12.697
-12.697
-12.697
-12.697
-12.697
-12.697
-12.697
-12.697
-12.697
-12.697
-12.697
-12.697
-12.697
-12.697
-12.697
-12.697
-12.697
-12.697
-12.697
-12.697
-12.697
-12.697
-12.697
-12.697
-12.697
-12.697
-12.697
-12.697
-12.697
-12.697
-12.697
-12.697
-12.697
-12.697
-12.697
-12.697
-12.697
-12.697
-12.697
-12.697
-12.697
-12.697
-12.697
-12.697
-12.697
-12.697
-12.697
-12.697
-12.697
-12.697
-12.697
-12.697
-12.697
-12.697
-12.697
-12.697
-12.697
-12.697
-12.697
-12.697
-12.697
-12.697
-12.697
-12.697
-12.697
-12.697
-12.697
-12.697
-12.697
-12.697
-12.697
-12.697
-12.697
-12.697
-12.697
-12.697
-12.697
-12.697
-12.697
-12.697
-12.697
-11.848
-11.848
-11.848
-11.848
-11.848
-11.848
-11.848
-11.848
-11.848
-11.848
-11.848
-11.848
-11.848
-11.848
-11.848
-11.848
-11.848
-11.848
-11.848
-11.848
-11.848
-11.848
-11.848
-11.848
-11.848
-11.848
-11.848
-11.848
-11.848
-11.848
-11.848
-11.848
-11.848
-11.848
-11.848
-11.848
-11.848
-11.848
-11.848
-11.848
-11.848
-11.848
-11.848
-11.848
-11.848
-11.848
-11.848
-11.848
-11.848
-11.848
-11.848
-11.848
-11.848
-11.848
-11.848
-11.848
-11.848
-11.848
-11.848
-11.848
-11.848
-11.848
-11.848
-11.848
-11.848
-11.848
-11.848
-11.848
-11.848
-11.848
-11.848
-11.848
-11.848
-11.848
-11.848
-11.848
-11.848
-11.848
-11.848
-11.848
-11.848
-11.848
-11.848
-11.848
-11.848
-11.848
-11.848
-11.848
-11.848
-11.848
-11.848
-11.848
-11.848
-11.848
-11.848
-11.848
-11.848
-11.848
-11.848
-11.848
-11.848
-11.848
-11.848
-11.848
-11.848
-11.848
-11.848
-11.848
-11.848
-11.848
-11.848
-11.848
-11.848
-11.848
-11.848
-11.848
-11.848
-11.848
-11.848
-11.848
-11.848
-11.848
-11.848
-11.848
-11.848
-11.848
-11.848
-11.848
-11.848
-11.848
-11.848
-11.848
-11.848
-11.848
-11.848
-11.848
-11.848
-11.848
-11.848
-11.848
-11.848
-11.848
-11.848
-11.848
-11.051
-11.051
-11.051
-11.051
-11.051
-11.051
-11.051
-11.051
-11.051
-11.051
-11.051
-11.051
-11.051
-11.051
-11.051
-11.051
-11.051
-11.051
-11.051
-11.051
-11.051
-11.051
-11.051
-11.051
-11.051
-11.051
-11.051
-11.051
-11.051
-11.051
-11.051
-11.051
-11.051
-11.051
-11.051
-11.051
-11.051
-11.051
-11.051
-11.051
-11.051
-11.051
-11.051
-11.051
-11.051
-11.051
-11.051
-11.051
-11.051
-11.051
-11.051
-11.051
-11.051
-11.051
-11.051
-11.051
-11.051
-11.051
-11.051
-11.051
-11.051
-11.051
-11.051
-11.051
-11.051
-11.051
-11.051
-11.051
-11.051
-11.051
-11.051
-11.051
-11.051
-11.051
-11.051
-11.051
-11.051
-11.051
-11.051
-11.051
-11.051
-11.051
-11.051
-11.051
-11.051
-11.051
-11.051
-11.051
-11.051
-11.051
-11.051
-11.051
-11.051
-11.051
-11.051
-11.051
-11.051
-11.051
-11.051
-11.051
-11.051
-11.051
-11.051
-11.051
-11.051
-11.051
-11.051
-11.051
-11.051
-11.051
-11.051
-11.051
-11.051
-11.051
-11.051
-11.051
-11.051
-11.051
-11.051
-11.051
-11.051
-11.051
-11.051
-11.051
-11.051
-11.051
-11.051
-11.051
-11.051
-11.051
-11.051
-11.051
-11.051
-11.051
-11.051
-11.051
-11.051
-11.051
-11.051
-11.051
-11.051
-11.051
-11.051
-11.051
-10.334
-10.334
-10.334
-10.334
-10.334
-10.334
-10.334
-10.334
-10.334
-10.334
-10.334
-10.334
-10.334
-10.334
-10.334
-10.334
-10.334
-10.334
-10.334
-10.334
-10.334
-10.334
-10.334
-10.334
-10.334
-10.334
-10.334
-10.334
-10.334
-10.334
-10.334
-10.334
-10.334
-10.334
-10.334
-10.334
-10.334
-10.334
-10.334
-10.334
-10.334
-10.334
-10.334
-10.334
-10.334
-10.334
-10.334
-10.334
-10.334
-10.334
-10.334
-10.334
-10.334
-10.334
-10.334
-10.334
-10.334
-10.334
-10.334
-10.334
-10.334
-10.334
-10.334
-10.334
-10.334
-10.334
-10.334
-10.334
-10.334
-10.334
-10.334
-10.334
-10.334
-10.334
-10.334
-10.334
-10.334
-10.334
-10.334
-10.334
-10.334
-10.334
-10.334
-10.334
-10.334
-10.334
-10.334
-10.334
-10.334
-10.334
-10.334
-10.334
-10.334
-10.334
-10.334
-10.334
-10.334
-10.334
-10.334
-10.334
-10.334
-10.334
-10.334
-10.334
-10.334
-10.334
-10.334
-10.334
-10.334
-10.334
-10.334
-10.334
-10.334
-10.334
-10.334
-10.334
-10.334
-10.334
-10.334
-10.334
-10.334
-10.334
-10.334
-10.334
-10.334
-10.334
-10.334
-10.334
-10.334
-10.334
-10.334
-10.334
-10.334
-10.334
-10.334
-10.334
-10.334
-10.334
-10.334
-10.334
-10.334
-10.334
-10.334
-10.334
-9.6603
-9.6603
-9.6603
-9.6603
-9.6603
-9.6603
-9.6603
-9.6603
-9.6603
-9.6603
-9.6603
-9.6603
-9.6603
-9.6603
-9.6603
-9.6603
-9.6603
-9.6603
-9.6603
-9.6603
-9.6603
-9.6603
-9.6603
-9.6603
-9.6603
-9.6603
-9.6603
-9.6603
-9.6603
-9.6603
-9.6603
-9.6603
-9.6603
-9.6603
-9.6603
-9.6603
-9.6603
-9.6603
-9.6603
-9.6603
-9.6603
-9.6603
-9.6603
-9.6603
-9.6603
-9.6603
-9.6603
-9.6603
-9.6603
-9.6603
-9.6603
-9.6603
-9.6603
-9.6603
-9.6603
-9.6603
-9.6603
-9.6603
-9.6603
-9.6603
-9.6603
-9.6603
-9.6603
-9.6603
-9.6603
-9.6603
-9.6603
-9.6603
-9.6603
-9.6603
-9.6603
-9.6603
-9.6603
-9.6603
-9.6603
-9.6603
-9.6603
-9.6603
-9.6603
-9.6603
-9.6603
-9.6603
-9.6603
-9.6603
-9.6603
-9.6603
-9.6603
-9.6603
-9.6603
-9.6603
-9.6603
-9.6603
-9.6603
-9.6603
-9.6603
-9.6603
-9.6603
-9.6603
-9.6603
-9.6603
-9.6603
-9.6603
-9.6603
-9.6603
-9.6603
-9.6603
-9.6603
-9.6603
-9.6603
-9.6603
-9.6603
-9.6603
-9.6603
-9.6603
-9.6603
-9.6603
-9.6603
-9.6603
-9.6603
-9.6603
-9.6603
-9.6603
-9.6603
-9.6603
-9.6603
-9.6603
-9.6603
-9.6603
-9.6603
-9.6603
-9.6603
-9.6603
-9.6603
-9.6603
-9.6603
-9.6603
-9.6603
-9.6603
-9.6603
-9.6603
-9.6603
-9.6603
-9.6603
-9.6603
-9.0155
-9.0155
-9.0155
-9.0155
-9.0155
-9.0155
-9.0155
-9.0155
-9.0155
-9.0155
-9.0155
-9.0155
-9.0155
-9.0155
-9.0155
-9.0155
-9.0155
-9.0155
-9.0155
-9.0155
-9.0155
-9.0155
-9.0155
-9.0155
-9.0155
-9.0155
-9.0155
-9.0155
-9.0155
-9.0155
-9.0155
-9.0155
-9.0155
-9.0155
-9.0155
-9.0155
-9.0155
-9.0155
-9.0155
-9.0155
-9.0155
-9.0155
-9.0155
-9.0155
-9.0155
-9.0155
-9.0155
-9.0155
-9.0155
-9.0155
-9.0155
-9.0155
-9.0155
-9.0155
-9.0155
-9.0155
-9.0155
-9.0155
-9.0155
-9.0155
-9.0155
-9.0155
-9.0155
-9.0155
-9.0155
-9.0155
-9.0155
-9.0155
-9.0155
-9.0155
-9.0155
-9.0155
-9.0155
-9.0155
-9.0155
-9.0155
-9.0155
-9.0155
-9.0155
-9.0155
-9.0155
-9.0155
-9.0155
-9.0155
-9.0155
-9.0155
-9.0155
-9.0155
-9.0155
-9.0155
-9.0155
-9.0155
-9.0155
-9.0155
-9.0155
-9.0155
-9.0155
-9.0155
-9.0155
-9.0155
-9.0155
-9.0155
-9.0155
-9.0155
-9.0155
-9.0155
-9.0155
-9.0155
-9.0155
-9.0155
-9.0155
-9.0155
-9.0155
-9.0155
-9.0155
-9.0155
-9.0155
-9.0155
-9.0155
-9.0155
-9.0155
-9.0155
-9.0155
-9.0155
-9.0155
-9.0155
-9.0155
-9.0155
-9.0155
-9.0155
-9.0155
-9.0155
-9.0155
-9.0155
-9.0155
-9.0155
-9.0155
-9.0155
-9.0155
-9.0155
-9.0155
-9.0155
-9.0155
-9.0155
-7.7734
-7.7734
-7.7734
-7.7734
-7.7734
-7.7734
-7.7734
-7.7734
-7.7734
-7.7734
-7.7734
-7.7734
-7.7734
-7.7734
-7.7734
-7.7734
-7.7734
-7.7734
-7.7734
-7.7734
-7.7734
-7.7734
-7.7734
-7.7734
-7.7734
-7.7734
-7.7734
-7.7734
-7.7734
-7.7734
-7.7734
-7.7734
-7.7734
-7.7734
-7.7734
-7.7734
-7.7734
-7.7734
-7.7734
-7.7734
-7.7734
-7.7734
-7.7734
-7.7734
-7.7734
-7.7734
-7.7734
-7.7734
-7.7734
-7.7734
-7.7734
-7.7734
-7.7734
-7.7734
-7.7734
-7.7734
-7.7734
-7.7734
-7.7734
-7.7734
-7.7734
-7.7734
-7.7734
-7.7734
-7.7734
-7.7734
-7.7734
-7.7734
-7.7734
-7.7734
-7.7734
-7.7734
-7.7734
-7.7734
-7.7734
-7.7734
-7.7734
-7.7734
-7.7734
-7.7734
-7.7734
-7.7734
-7.7734
-7.7734
-7.7734
-7.7734
-7.7734
-7.7734
-7.7734
-7.7734
-7.7734
-7.7734
-7.7734
-7.7734
-7.7734
-7.7734
-7.7734
-7.7734
-7.7734
-7.7734
-7.7734
-7.7734
-7.7734
-7.7734
-7.7734
-7.7734
-7.7734
-7.7734
-7.7734
-7.7734
-7.7734
-7.7734
-7.7734
-7.7734
-7.7734
-7.7734
-7.7734
-7.7734
-7.7734
-7.7734
-7.7734
-7.7734
-7.7734
-7.7734
-7.7734
-7.7734
-7.7734
-7.7734
-7.7734
-7.7734
-7.7734
-7.7734
-7.7734
-7.7734
-7.7734
-7.7734
-7.7734
-7.7734
-7.7734
-7.7734
-7.7734
-7.7734
-7.7734
-7.7734
-7.2114
-7.2114
-7.2114
-7.2114
-7.2114
-7.2114
-7.2114
-7.2114
-7.2114
-7.2114
-7.2114
-7.2114
-7.2114
-7.2114
-7.2114
-7.2114
-7.2114
-7.2114
-7.2114
-7.2114
-7.2114
-7.2114
-7.2114
-7.2114
-7.2114
-7.2114
-7.2114
-7.2114
-7.2114
-7.2114
-7.2114
-7.2114
-7.2114
-7.2114
-7.2114
-7.2114
-7.2114
-7.2114
-7.2114
-7.2114
-7.2114
-7.2114
-7.2114
-7.2114
-7.2114
-7.2114
-7.2114
-7.2114
-7.2114
-7.2114
-7.2114
-7.2114
-7.2114
-7.2114
-7.2114
-7.2114
-7.2114
-7.2114
-7.2114
-7.2114
-7.2114
-7.2114
-7.2114
-7.2114
-7.2114
-7.2114
-7.2114
-7.2114
-7.2114
-7.2114
-7.2114
-7.2114
-7.2114
-7.2114
-7.2114
-7.2114
-7.2114
-7.2114
-7.2114
-7.2114
-7.2114
-7.2114
-7.2114
-7.2114
-7.2114
-7.2114
-7.2114
-7.2114
-7.2114
-7.2114
-7.2114
-7.2114
-7.2114
-7.2114
-7.2114
-7.2114
-7.2114
-7.2114
-7.2114
-7.2114
-7.2114
-7.2114
-7.2114
-7.2114
-7.2114
-7.2114
-7.2114
-7.2114
-7.2114
-7.2114
-7.2114
-7.2114
-7.2114
-7.2114
-7.2114
-7.2114
-7.2114
-7.2114
-7.2114
-7.2114
-7.2114
-7.2114
-7.2114
-7.2114
-7.2114
-7.2114
-7.2114
-7.2114
-7.2114
-7.2114
-7.2114
-7.2114
-7.2114
-7.2114
-7.2114
-7.2114
-7.2114
-7.2114
-7.2114
-7.2114
-7.2114
-7.2114
-7.2114
-7.2114
-6.707
-6.707
-6.707
-6.707
-6.707
-6.707
-6.707
-6.707
-6.707
-6.707
-6.707
-6.707
-6.707
-6.707
-6.707
-6.707
-6.707
-6.707
-6.707
-6.707
-6.707
-6.707
-6.707
-6.707
-6.707
-6.707
-6.707
-6.707
-6.707
-6.707
-6.707
-6.707
-6.707
-6.707
-6.707
-6.707
-6.707
-6.707
-6.707
-6.707
-6.707
-6.707
-6.707
-6.707
-6.707
-6.707
-6.707
-6.707
-6.707
-6.707
-6.707
-6.707
-6.707
-6.707
-6.707
-6.707
-6.707
-6.707
-6.707
-6.707
-6.707
-6.707
-6.707
-6.707
-6.707
-6.707
-6.707
-6.707
-6.707
-6.707
-6.707
-6.707
-6.707
-6.707
-6.707
-6.707
-6.707
-6.707
-6.707
-6.707
-6.707
-6.707
-6.707
-6.707
-6.707
-6.707
-6.707
-6.707
-6.707
-6.707
-6.707
-6.707
-6.707
-6.707
-6.707
-6.707
-6.707
-6.707
-6.707
-6.707
-6.707
-6.707
-6.707
-6.707
-6.707
-6.707
-6.707
-6.707
-6.707
-6.707
-6.707
-6.707
-6.707
-6.707
-6.707
-6.707
-6.707
-6.707
-6.707
-6.707
-6.707
-6.707
-6.707
-6.707
-6.707
-6.707
-6.707
-6.707
-6.707
-6.707
-6.707
-6.707
-6.707
-6.707
-6.707
-6.707
-6.707
-6.707
-6.707
-6.707
-6.707
-6.707
-6.707
-6.707
-6.2155
-6.2155
-6.2155
-6.2155
-6.2155
-6.2155
-6.2155
-6.2155
-6.2155
-6.2155
-6.2155
-6.2155
-6.2155
-6.2155
-6.2155
-6.2155
-6.2155
-6.2155
-6.2155
-6.2155
-6.2155
-6.2155
-6.2155
-6.2155
-6.2155
-6.2155
-6.2155
-6.2155
-6.2155
-6.2155
-6.2155
-6.2155
-6.2155
-6.2155
-6.2155
-6.2155
-6.2155
-6.2155
-6.2155
-6.2155
-6.2155
-6.2155
-6.2155
-6.2155
-6.2155
-6.2155
-6.2155
-6.2155
-6.2155
-6.2155
-6.2155
-6.2155
-6.2155
-6.2155
-6.2155
-6.2155
-6.2155
-6.2155
-6.2155
-6.2155
-6.2155
-6.2155
-6.2155
-6.2155
-6.2155
-6.2155
-6.2155
-6.2155
-6.2155
-6.2155
-6.2155
-6.2155
-6.2155
-6.2155
-6.2155
-6.2155
-6.2155
-6.2155
-6.2155
-6.2155
-6.2155
-6.2155
-6.2155
-6.2155
-6.2155
-6.2155
-6.2155
-6.2155
-6.2155
-6.2155
-6.2155
-6.2155
-6.2155
-6.2155
-6.2155
-6.2155
-6.2155
-6.2155
-6.2155
-6.2155
-6.2155
-6.2155
-6.2155
-6.2155
-6.2155
-6.2155
-6.2155
-6.2155
-6.2155
-6.2155
-6.2155
-6.2155
-6.2155
-6.2155
-6.2155
-6.2155
-6.2155
-6.2155
-6.2155
-6.2155
-6.2155
-6.2155
-6.2155
-6.2155
-6.2155
-6.2155
-6.2155
-6.2155
-6.2155
-6.2155
-6.2155
-6.2155
-6.2155
-6.2155
-6.2155
-6.2155
-6.2155
-6.2155
-6.2155
-6.2155
-6.2155
-6.2155
-6.2155
-6.2155
-5.7409
-5.7409
-5.7409
-5.7409
-5.7409
-5.7409
-5.7409
-5.7409
-5.7409
-5.7409
-5.7409
-5.7409
-5.7409
-5.7409
-5.7409
-5.7409
-5.7409
-5.7409
-5.7409
-5.7409
-5.7409
-5.7409
-5.7409
-5.7409
-5.7409
-5.7409
-5.7409
-5.7409
-5.7409
-5.7409
-5.7409
-5.7409
-5.7409
-5.7409
-5.7409
-5.7409
-5.7409
-5.7409
-5.7409
-5.7409
-5.7409
-5.7409
-5.7409
-5.7409
-5.7409
-5.7409
-5.7409
-5.7409
-5.7409
-5.7409
-5.7409
-5.7409
-5.7409
-5.7409
-5.7409
-5.7409
-5.7409
-5.7409
-5.7409
-5.7409
-5.7409
-5.7409
-5.7409
-5.7409
-5.7409
-5.7409
-5.7409
-5.7409
-5.7409
-5.7409
-5.7409
-5.7409
-5.7409
-5.7409
-5.7409
-5.7409
-5.7409
-5.7409
-5.7409
-5.7409
-5.7409
-5.7409
-5.7409
-5.7409
-5.7409
-5.7409
-5.7409
-5.7409
-5.7409
-5.7409
-5.7409
-5.7409
-5.7409
-5.7409
-5.7409
-5.7409
-5.7409
-5.7409
-5.7409
-5.7409
-5.7409
-5.7409
-5.7409
-5.7409
-5.7409
-5.7409
-5.7409
-5.7409
-5.7409
-5.7409
-5.7409
-5.7409
-5.7409
-5.7409
-5.7409
-5.7409
-5.7409
-5.7409
-5.7409
-5.7409
-5.7409
-5.7409
-5.7409
-5.7409
-5.7409
-5.7409
-5.7409
-5.7409
-5.7409
-5.7409
-5.7409
-5.7409
-5.7409
-5.7409
-5.7409
-5.7409
-5.7409
-5.7409
-5.7409
-5.7409
-5.7409
-5.7409
-5.7409
-5.7409
-5.2942
-5.2942
-5.2942
-5.2942
-5.2942
-5.2942
-5.2942
-5.2942
-5.2942
-5.2942
-5.2942
-5.2942
-5.2942
-5.2942
-5.2942
-5.2942
-5.2942
-5.2942
-5.2942
-5.2942
-5.2942
-5.2942
-5.2942
-5.2942
-5.2942
-5.2942
-5.2942
-5.2942
-5.2942
-5.2942
-5.2942
-5.2942
-5.2942
-5.2942
-5.2942
-5.2942
-5.2942
-5.2942
-5.2942
-5.2942
-5.2942
-5.2942
-5.2942
-5.2942
-5.2942
-5.2942
-5.2942
-5.2942
-5.2942
-5.2942
-5.2942
-5.2942
-5.2942
-5.2942
-5.2942
-5.2942
-5.2942
-5.2942
-5.2942
-5.2942
-5.2942
-5.2942
-5.2942
-5.2942
-5.2942
-5.2942
-5.2942
-5.2942
-5.2942
-5.2942
-5.2942
-5.2942
-5.2942
-5.2942
-5.2942
-5.2942
-5.2942
-5.2942
-5.2942
-5.2942
-5.2942
-5.2942
-5.2942
-5.2942
-5.2942
-5.2942
-5.2942
-5.2942
-5.2942
-5.2942
-5.2942
-5.2942
-5.2942
-5.2942
-5.2942
-5.2942
-5.2942
-5.2942
-5.2942
-5.2942
-5.2942
-5.2942
-5.2942
-5.2942
-5.2942
-5.2942
-5.2942
-5.2942
-5.2942
-5.2942
-5.2942
-5.2942
-5.2942
-5.2942
-5.2942
-5.2942
-5.2942
-5.2942
-5.2942
-5.2942
-5.2942
-5.2942
-5.2942
-5.2942
-5.2942
-5.2942
-5.2942
-5.2942
-5.2942
-5.2942
-5.2942
-5.2942
-5.2942
-5.2942
-5.2942
-5.2942
-5.2942
-5.2942
-5.2942
-5.2942
-5.2942
-5.2942
-5.2942
-5.2942
-4.4573
-4.4573
-4.4573
-4.4573
-4.4573
-4.4573
-4.4573
-4.4573
-4.4573
-4.4573
-4.4573
-4.4573
-4.4573
-4.4573
-4.4573
-4.4573
-4.4573
-4.4573
-4.4573
-4.4573
-4.4573
-4.4573
-4.4573
-4.4573
-4.4573
-4.4573
-4.4573
-4.4573
-4.4573
-4.4573
-4.4573
-4.4573
-4.4573
-4.4573
-4.4573
-4.4573
-4.4573
-4.4573
-4.4573
-4.4573
-4.4573
-4.4573
-4.4573
-4.4573
-4.4573
-4.4573
-4.4573
-4.4573
-4.4573
-4.4573
-4.4573
-4.4573
-4.4573
-4.4573
-4.4573
-4.4573
-4.4573
-4.4573
-4.4573
-4.4573
-4.4573
-4.4573
-4.4573
-4.4573
-4.4573
-4.4573
-4.4573
-4.4573
-4.4573
-4.4573
-4.4573
-4.4573
-4.4573
-4.4573
-4.4573
-4.4573
-4.4573
-4.4573
-4.4573
-4.4573
-4.4573
-4.4573
-4.4573
-4.4573
-4.4573
-4.4573
-4.4573
-4.4573
-4.4573
-4.4573
-4.4573
-4.4573
-4.4573
-4.4573
-4.4573
-4.4573
-4.4573
-4.4573
-4.4573
-4.4573
-4.4573
-4.4573
-4.4573
-4.4573
-4.4573
-4.4573
-4.4573
-4.4573
-4.4573
-4.4573
-4.4573
-4.4573
-4.4573
-4.4573
-4.4573
-4.4573
-4.4573
-4.4573
-4.4573
-4.4573
-4.4573
-4.4573
-4.4573
-4.4573
-4.4573
-4.4573
-4.4573
-4.4573
-4.4573
-4.4573
-4.4573
-4.4573
-4.4573
-4.4573
-4.4573
-4.4573
-4.4573
-4.4573
-4.4573
-4.4573
-4.4573
-4.4573
-4.4573
-4.4573
-4.1046
-4.1046
-4.1046
-4.1046
-4.1046
-4.1046
-4.1046
-4.1046
-4.1046
-4.1046
-4.1046
-4.1046
-4.1046
-4.1046
-4.1046
-4.1046
-4.1046
-4.1046
-4.1046
-4.1046
-4.1046
-4.1046
-4.1046
-4.1046
-4.1046
-4.1046
-4.1046
-4.1046
-4.1046
-4.1046
-4.1046
-4.1046
-4.1046
-4.1046
-4.1046
-4.1046
-4.1046
-4.1046
-4.1046
-4.1046
-4.1046
-4.1046
-4.1046
-4.1046
-4.1046
-4.1046
-4.1046
-4.1046
-4.1046
-4.1046
-4.1046
-4.1046
-4.1046
-4.1046
-4.1046
-4.1046
-4.1046
-4.1046
-4.1046
-4.1046
-4.1046
-4.1046
-4.1046
-4.1046
-4.1046
-4.1046
-4.1046
-4.1046
-4.1046
-4.1046
-4.1046
-4.1046
-4.1046
-4.1046
-4.1046
-4.1046
-4.1046
-4.1046
-4.1046
-4.1046
-4.1046
-4.1046
-4.1046
-4.1046
-4.1046
-4.1046
-4.1046
-4.1046
-4.1046
-4.1046
-4.1046
-4.1046
-4.1046
-4.1046
-4.1046
-4.1046
-4.1046
-4.1046
-4.1046
-4.1046
-4.1046
-4.1046
-4.1046
-4.1046
-4.1046
-4.1046
-4.1046
-4.1046
-4.1046
-4.1046
-4.1046
-4.1046
-4.1046
-4.1046
-4.1046
-4.1046
-4.1046
-4.1046
-4.1046
-4.1046
-4.1046
-4.1046
-4.1046
-4.1046
-4.1046
-4.1046
-4.1046
-4.1046
-4.1046
-4.1046
-4.1046
-4.1046
-4.1046
-4.1046
-4.1046
-4.1046
-4.1046
-4.1046
-4.1046
-4.1046
-4.1046
-4.1046
-4.1046
-4.1046
-3.7608
-3.7608
-3.7608
-3.7608
-3.7608
-3.7608
-3.7608
-3.7608
-3.7608
-3.7608
-3.7608
-3.7608
-3.7608
-3.7608
-3.7608
-3.7608
-3.7608
-3.7608
-3.7608
-3.7608
-3.7608
-3.7608
-3.7608
-3.7608
-3.7608
-3.7608
-3.7608
-3.7608
-3.7608
-3.7608
-3.7608
-3.7608
-3.7608
-3.7608
-3.7608
-3.7608
-3.7608
-3.7608
-3.7608
-3.7608
-3.7608
-3.7608
-3.7608
-3.7608
-3.7608
-3.7608
-3.7608
-3.7608
-3.7608
-3.7608
-3.7608
-3.7608
-3.7608
-3.7608
-3.7608
-3.7608
-3.7608
-3.7608
-3.7608
-3.7608
-3.7608
-3.7608
-3.7608
-3.7608
-3.7608
-3.7608
-3.7608
-3.7608
-3.7608
-3.7608
-3.7608
-3.7608
-3.7608
-3.7608
-3.7608
-3.7608
-3.7608
-3.7608
-3.7608
-3.7608
-3.7608
-3.7608
-3.7608
-3.7608
-3.7608
-3.7608
-3.7608
-3.7608
-3.7608
-3.7608
-3.7608
-3.7608
-3.7608
-3.7608
-3.7608
-3.7608
-3.7608
-3.7608
-3.7608
-3.7608
-3.7608
-3.7608
-3.7608
-3.7608
-3.7608
-3.7608
-3.7608
-3.7608
-3.7608
-3.7608
-3.7608
-3.7608
-3.7608
-3.7608
-3.7608
-3.7608
-3.7608
-3.7608
-3.7608
-3.7608
-3.7608
-3.7608
-3.7608
-3.7608
-3.7608
-3.7608
-3.7608
-3.7608
-3.7608
-3.7608
-3.7608
-3.7608
-3.7608
-3.7608
-3.7608
-3.7608
-3.7608
-3.7608
-3.7608
-3.7608
-3.7608
-3.7608
-3.7608
-3.7608
-3.382
-3.382
-3.382
-3.382
-3.382
-3.382
-3.382
-3.382
-3.382
-3.382
-3.382
-3.382
-3.382
-3.382
-3.382
-3.382
-3.382
-3.382
-3.382
-3.382
-3.382
-3.382
-3.382
-3.382
-3.382
-3.382
-3.382
-3.382
-3.382
-3.382
-3.382
-3.382
-3.382
-3.382
-3.382
-3.382
-3.382
-3.382
-3.382
-3.382
-3.382
-3.382
-3.382
-3.382
-3.382
-3.382
-3.382
-3.382
-3.382
-3.382
-3.382
-3.382
-3.382
-3.382
-3.382
-3.382
-3.382
-3.382
-3.382
-3.382
-3.382
-3.382
-3.382
-3.382
-3.382
-3.382
-3.382
-3.382
-3.382
-3.382
-3.382
-3.382
-3.382
-3.382
-3.382
-3.382
-3.382
-3.382
-3.382
-3.382
-3.382
-3.382
-3.382
-3.382
-3.382
-3.382
-3.382
-3.382
-3.382
-3.382
-3.382
-3.382
-3.382
-3.382
-3.382
-3.382
-3.382
-3.382
-3.382
-3.382
-3.382
-3.382
-3.382
-3.382
-3.382
-3.382
-3.382
-3.382
-3.382
-3.382
-3.382
-3.382
-3.382
-3.382
-3.382
-3.382
-3.382
-3.382
-3.382
-3.382
-3.382
-3.382
-3.382
-3.382
-3.382
-3.382
-3.382
-3.382
-3.382
-3.382
-3.382
-3.382
-3.382
-3.382
-3.382
-3.382
-3.382
-3.382
-3.382
-3.382
-3.382
-3.382
-3.382
-3.382
-2.975
-2.975
-2.975
-2.975
-2.975
-2.975
-2.975
-2.975
-2.975
-2.975
-2.975
-2.975
-2.975
-2.975
-2.975
-2.975
-2.975
-2.975
-2.975
-2.975
-2.975
-2.975
-2.975
-2.975
-2.975
-2.975
-2.975
-2.975
-2.975
-2.975
-2.975
-2.975
-2.975
-2.975
-2.975
-2.975
-2.975
-2.975
-2.975
-2.975
-2.975
-2.975
-2.975
-2.975
-2.975
-2.975
-2.975
-2.975
-2.975
-2.975
-2.975
-2.975
-2.975
-2.975
-2.975
-2.975
-2.975
-2.975
-2.975
-2.975
-2.975
-2.975
-2.975
-2.975
-2.975
-2.975
-2.975
-2.975
-2.975
-2.975
-2.975
-2.975
-2.975
-2.975
-2.975
-2.975
-2.975
-2.975
-2.975
-2.975
-2.975
-2.975
-2.975
-2.975
-2.975
-2.975
-2.975
-2.975
-2.975
-2.975
-2.975
-2.975
-2.975
-2.975
-2.975
-2.975
-2.975
-2.975
-2.975
-2.975
-2.975
-2.975
-2.975
-2.975
-2.975
-2.975
-2.975
-2.975
-2.975
-2.975
-2.975
-2.975
-2.975
-2.975
-2.975
-2.975
-2.975
-2.975
-2.975
-2.975
-2.975
-2.975
-2.975
-2.975
-2.975
-2.975
-2.975
-2.975
-2.975
-2.975
-2.975
-2.975
-2.975
-2.975
-2.975
-2.975
-2.975
-2.975
-2.975
-2.975
-2.975
-2.975
-2.975
-2.975
-2.5583
-2.5583
-2.5583
-2.5583
-2.5583
-2.5583
-2.5583
-2.5583
-2.5583
-2.5583
-2.5583
-2.5583
-2.5583
-2.5583
-2.5583
-2.5583
-2.5583
-2.5583
-2.5583
-2.5583
-2.5583
-2.5583
-2.5583
-2.5583
-2.5583
-2.5583
-2.5583
-2.5583
-2.5583
-2.5583
-2.5583
-2.5583
-2.5583
-2.5583
-2.5583
-2.5583
-2.5583
-2.5583
-2.5583
-2.5583
-2.5583
-2.5583
-2.5583
-2.5583
-2.5583
-2.5583
-2.5583
-2.5583
-2.5583
-2.5583
-2.5583
-2.5583
-2.5583
-2.5583
-2.5583
-2.5583
-2.5583
-2.5583
-2.5583
-2.5583
-2.5583
-2.5583
-2.5583
-2.5583
-2.5583
-2.5583
-2.5583
-2.5583
-2.5583
-2.5583
-2.5583
-2.5583
-2.5583
-2.5583
-2.5583
-2.5583
-2.5583
-2.5583
-2.5583
-2.5583
-2.5583
-2.5583
-2.5583
-2.5583
-2.5583
-2.5583
-2.5583
-2.5583
-2.5583
-2.5583
-2.5583
-2.5583
-2.5583
-2.5583
-2.5583
-2.5583
-2.5583
-2.5583
-2.5583
-2.5583
-2.5583
-2.5583
-2.5583
-2.5583
-2.5583
-2.5583
-2.5583
-2.5583
-2.5583
-2.5583
-2.5583
-2.5583
-2.5583
-2.5583
-2.5583
-2.5583
-2.5583
-2.5583
-2.5583
-2.5583
-2.5583
-2.5583
-2.5583
-2.5583
-2.5583
-2.5583
-2.5583
-2.5583
-2.5583
-2.5583
-2.5583
-2.5583
-2.5583
-2.5583
-2.5583
-2.5583
-2.5583
-2.5583
-2.5583
-2.5583
-2.5583
-2.5583
-2.5583
-2.5583
-1.772
-1.772
-1.772
-1.772
-1.772
-1.772
-1.772
-1.772
-1.772
-1.772
-1.772
-1.772
-1.772
-1.772
-1.772
-1.772
-1.772
-1.772
-1.772
-1.772
-1.772
-1.772
-1.772
-1.772
-1.772
-1.772
-1.772
-1.772
-1.772
-1.772
-1.772
-1.772
-1.772
-1.772
-1.772
-1.772
-1.772
-1.772
-1.772
-1.772
-1.772
-1.772
-1.772
-1.772
-1.772
-1.772
-1.772
-1.772
-1.772
-1.772
-1.772
-1.772
-1.772
-1.772
-1.772
-1.772
-1.772
-1.772
-1.772
-1.772
-1.772
-1.772
-1.772
-1.772
-1.772
-1.772
-1.772
-1.772
-1.772
-1.772
-1.772
-1.772
-1.772
-1.772
-1.772
-1.772
-1.772
-1.772
-1.772
-1.772
-1.772
-1.772
-1.772
-1.772
-1.772
-1.772
-1.772
-1.772
-1.772
-1.772
-1.772
-1.772
-1.772
-1.772
-1.772
-1.772
-1.772
-1.772
-1.772
-1.772
-1.772
-1.772
-1.772
-1.772
-1.772
-1.772
-1.772
-1.772
-1.772
-1.772
-1.772
-1.772
-1.772
-1.772
-1.772
-1.772
-1.772
-1.772
-1.772
-1.772
-1.772
-1.772
-1.772
-1.772
-1.772
-1.772
-1.772
-1.772
-1.772
-1.772
-1.772
-1.772
-1.772
-1.772
-1.772
-1.772
-1.772
-1.772
-1.772
-1.772
-1.772
-1.772
-1.772
-1.772
-1.4274
-1.4274
-1.4274
-1.4274
-1.4274
-1.4274
-1.4274
-1.4274
-1.4274
-1.4274
-1.4274
-1.4274
-1.4274
-1.4274
-1.4274
-1.4274
-1.4274
-1.4274
-1.4274
-1.4274
-1.4274
-1.4274
-1.4274
-1.4274
-1.4274
-1.4274
-1.4274
-1.4274
-1.4274
-1.4274
-1.4274
-1.4274
-1.4274
-1.4274
-1.4274
-1.4274
-1.4274
-1.4274
-1.4274
-1.4274
-1.4274
-1.4274
-1.4274
-1.4274
-1.4274
-1.4274
-1.4274
-1.4274
-1.4274
-1.4274
-1.4274
-1.4274
-1.4274
-1.4274
-1.4274
-1.4274
-1.4274
-1.4274
-1.4274
-1.4274
-1.4274
-1.4274
-1.4274
-1.4274
-1.4274
-1.4274
-1.4274
-1.4274
-1.4274
-1.4274
-1.4274
-1.4274
-1.4274
-1.4274
-1.4274
-1.4274
-1.4274
-1.4274
-1.4274
-1.4274
-1.4274
-1.4274
-1.4274
-1.4274
-1.4274
-1.4274
-1.4274
-1.4274
-1.4274
-1.4274
-1.4274
-1.4274
-1.4274
-1.4274
-1.4274
-1.4274
-1.4274
-1.4274
-1.4274
-1.4274
-1.4274
-1.4274
-1.4274
-1.4274
-1.4274
-1.4274
-1.4274
-1.4274
-1.4274
-1.4274
-1.4274
-1.4274
-1.4274
-1.4274
-1.4274
-1.4274
-1.4274
-1.4274
-1.4274
-1.4274
-1.4274
-1.4274
-1.4274
-1.4274
-1.4274
-1.4274
-1.4274
-1.4274
-1.4274
-1.4274
-1.4274
-1.4274
-1.4274
-1.4274
-1.4274
-1.4274
-1.4274
-1.4274
-1.4274
-1.4274
-1.4274
-1.4274
-1.4274
-1.4274
-1.1152
-1.1152
-1.1152
-1.1152
-1.1152
-1.1152
-1.1152
-1.1152
-1.1152
-1.1152
-1.1152
-1.1152
-1.1152
-1.1152
-1.1152
-1.1152
-1.1152
-1.1152
-1.1152
-1.1152
-1.1152
-1.1152
-1.1152
-1.1152
-1.1152
-1.1152
-1.1152
-1.1152
-1.1152
-1.1152
-1.1152
-1.1152
-1.1152
-1.1152
-1.1152
-1.1152
-1.1152
-1.1152
-1.1152
-1.1152
-1.1152
-1.1152
-1.1152
-1.1152
-1.1152
-1.1152
-1.1152
-1.1152
-1.1152
-1.1152
-1.1152
-1.1152
-1.1152
-1.1152
-1.1152
-1.1152
-1.1152
-1.1152
-1.1152
-1.1152
-1.1152
-1.1152
-1.1152
-1.1152
-1.1152
-1.1152
-1.1152
-1.1152
-1.1152
-1.1152
-1.1152
-1.1152
-1.1152
-1.1152
-1.1152
-1.1152
-1.1152
-1.1152
-1.1152
-1.1152
-1.1152
-1.1152
-1.1152
-1.1152
-1.1152
-1.1152
-1.1152
-1.1152
-1.1152
-1.1152
-1.1152
-1.1152
-1.1152
-1.1152
-1.1152
-1.1152
-1.1152
-1.1152
-1.1152
-1.1152
-1.1152
-1.1152
-1.1152
-1.1152
-1.1152
-1.1152
-1.1152
-1.1152
-1.1152
-1.1152
-1.1152
-1.1152
-1.1152
-1.1152
-1.1152
-1.1152
-1.1152
-1.1152
-1.1152
-1.1152
-1.1152
-1.1152
-1.1152
-1.1152
-1.1152
-1.1152
-1.1152
-1.1152
-1.1152
-1.1152
-1.1152
-1.1152
-1.1152
-1.1152
-1.1152
-1.1152
-1.1152
-1.1152
-1.1152
-1.1152
-1.1152
-1.1152
-1.1152
-1.1152
-0.8209
-0.8209
-0.8209
-0.8209
-0.8209
-0.8209
-0.8209
-0.8209
-0.8209
-0.8209
-0.8209
-0.8209
-0.8209
-0.8209
-0.8209
-0.8209
-0.8209
-0.8209
-0.8209
-0.8209
-0.8209
-0.8209
-0.8209
-0.8209
-0.8209
-0.8209
-0.8209
-0.8209
-0.8209
-0.8209
-0.8209
-0.8209
-0.8209
-0.8209
-0.8209
-0.8209
-0.8209
-0.8209
-0.8209
-0.8209
-0.8209
-0.8209
-0.8209
-0.8209
-0.8209
-0.8209
-0.8209
-0.8209
-0.8209
-0.8209
-0.8209
-0.8209
-0.8209
-0.8209
-0.8209
-0.8209
-0.8209
-0.8209
-0.8209
-0.8209
-0.8209
-0.8209
-0.8209
-0.8209
-0.8209
-0.8209
-0.8209
-0.8209
-0.8209
-0.8209
-0.8209
-0.8209
-0.8209
-0.8209
-0.8209
-0.8209
-0.8209
-0.8209
-0.8209
-0.8209
-0.8209
-0.8209
-0.8209
-0.8209
-0.8209
-0.8209
-0.8209
-0.8209
-0.8209
-0.8209
-0.8209
-0.8209
-0.8209
-0.8209
-0.8209
-0.8209
-0.8209
-0.8209
-0.8209
-0.8209
-0.8209
-0.8209
-0.8209
-0.8209
-0.8209
-0.8209
-0.8209
-0.8209
-0.8209
-0.8209
-0.8209
-0.8209
-0.8209
-0.8209
-0.8209
-0.8209
-0.8209
-0.8209
-0.8209
-0.8209
-0.8209
-0.8209
-0.8209
-0.8209
-0.8209
-0.8209
-0.8209
-0.8209
-0.8209
-0.8209
-0.8209
-0.8209
-0.8209
-0.8209
-0.8209
-0.8209
-0.8209
-0.8209
-0.8209
-0.8209
-0.8209
-0.8209
-0.8209
-0.8209
-0.51083
-0.51083
-0.51083
-0.51083
-0.51083
-0.51083
-0.51083
-0.51083
-0.51083
-0.51083
-0.51083
-0.51083
-0.51083
-0.51083
-0.51083
-0.51083
-0.51083
-0.51083
-0.51083
-0.51083
-0.51083
-0.51083
-0.51083
-0.51083
-0.51083
-0.51083
-0.51083
-0.51083
-0.51083
-0.51083
-0.51083
-0.51083
-0.51083
-0.51083
-0.51083
-0.51083
-0.51083
-0.51083
-0.51083
-0.51083
-0.51083
-0.51083
-0.51083
-0.51083
-0.51083
-0.51083
-0.51083
-0.51083
-0.51083
-0.51083
-0.51083
-0.51083
-0.51083
-0.51083
-0.51083
-0.51083
-0.51083
-0.51083
-0.51083
-0.51083
-0.51083
-0.51083
-0.51083
-0.51083
-0.51083
-0.51083
-0.51083
-0.51083
-0.51083
-0.51083
-0.51083
-0.51083
-0.51083
-0.51083
-0.51083
-0.51083
-0.51083
-0.51083
-0.51083
-0.51083
-0.51083
-0.51083
-0.51083
-0.51083
-0.51083
-0.51083
-0.51083
-0.51083
-0.51083
-0.51083
-0.51083
-0.51083
-0.51083
-0.51083
-0.51083
-0.51083
-0.51083
-0.51083
-0.51083
-0.51083
-0.51083
-0.51083
-0.51083
-0.51083
-0.51083
-0.51083
-0.51083
-0.51083
-0.51083
-0.51083
-0.51083
-0.51083
-0.51083
-0.51083
-0.51083
-0.51083
-0.51083
-0.51083
-0.51083
-0.51083
-0.51083
-0.51083
-0.51083
-0.51083
-0.51083
-0.51083
-0.51083
-0.51083
-0.51083
-0.51083
-0.51083
-0.51083
-0.51083
-0.51083
-0.51083
-0.51083
-0.51083
-0.51083
-0.51083
-0.51083
-0.51083
-0.51083
-0.51083
-0.51083
-0.22189
-0.22189
-0.22189
-0.22189
-0.22189
-0.22189
-0.22189
-0.22189
-0.22189
-0.22189
-0.22189
-0.22189
-0.22189
-0.22189
-0.22189
-0.22189
-0.22189
-0.22189
-0.22189
-0.22189
-0.22189
-0.22189
-0.22189
-0.22189
-0.22189
-0.22189
-0.22189
-0.22189
-0.22189
-0.22189
-0.22189
-0.22189
-0.22189
-0.22189
-0.22189
-0.22189
-0.22189
-0.22189
-0.22189
-0.22189
-0.22189
-0.22189
-0.22189
-0.22189
-0.22189
-0.22189
-0.22189
-0.22189
-0.22189
-0.22189
-0.22189
-0.22189
-0.22189
-0.22189
-0.22189
-0.22189
-0.22189
-0.22189
-0.22189
-0.22189
-0.22189
-0.22189
-0.22189
-0.22189
-0.22189
-0.22189
-0.22189
-0.22189
-0.22189
-0.22189
-0.22189
-0.22189
-0.22189
-0.22189
-0.22189
-0.22189
-0.22189
-0.22189
-0.22189
-0.22189
-0.22189
-0.22189
-0.22189
-0.22189
-0.22189
-0.22189
-0.22189
-0.22189
-0.22189
-0.22189
-0.22189
-0.22189
-0.22189
-0.22189
-0.22189
-0.22189
-0.22189
-0.22189
-0.22189
-0.22189
-0.22189
-0.22189
-0.22189
-0.22189
-0.22189
-0.22189
-0.22189
-0.22189
-0.22189
-0.22189
-0.22189
-0.22189
-0.22189
-0.22189
-0.22189
-0.22189
-0.22189
-0.22189
-0.22189
-0.22189
-0.22189
-0.22189
-0.22189
-0.22189
-0.22189
-0.22189
-0.22189
-0.22189
-0.22189
-0.22189
-0.22189
-0.22189
-0.22189
-0.22189
-0.22189
-0.22189
-0.22189
-0.22189
-0.22189
-0.22189
-0.22189
-0.22189
-0.22189
-0.22189
0.29498
0.29498
0.29498
0.29498
0.29498
0.29498
0.29498
0.29498
0.29498
0.29498
0.29498
0.29498
0.29498
0.29498
0.29498
0.29498
0.29498
0.29498
0.29498
0.29498
0.29498
0.29498
0.29498
0.29498
0.29498
0.29498
0.29498
0.29498
0.29498
0.29498
0.29498
0.29498
0.29498
0.29498
0.29498
0.29498
0.29498
0.29498
0.29498
0.29498
0.29498
0.29498
0.29498
0.29498
0.29498
0.29498
0.29498
0.29498
0.29498
0.29498
0.29498
0.29498
0.29498
0.29498
0.29498
0.29498
0.29498
0.29498
0.29498
0.29498
0.29498
0.29498
0.29498
0.29498
0.29498
0.29498
0.29498
0.29498
0.29498
0.29498
0.29498
0.29498
0.29498
0.29498
0.29498
0.29498
0.29498
0.29498
0.29498
0.29498
0.29498
0.29498
0.29498
0.29498
0.29498
0.29498
0.29498
0.29498
0.29498
0.29498
0.29498
0.29498
0.29498
0.29498
0.29498
0.29498
0.29498
0.29498
0.29498
0.29498
0.29498
0.29498
0.29498
0.29498
0.29498
0.29498
0.29498
0.29498
0.29498
0.29498
0.29498
0.29498
0.29498
0.29498
0.29498
0.29498
0.29498
0.29498
0.29498
0.29498
0.29498
0.29498
0.29498
0.29498
0.29498
0.29498
0.29498
0.29498
0.29498
0.29498
0.29498
0.29498
0.29498
0.29498
0.29498
0.29498
0.29498
0.29498
0.29498
0.29498
0.29498
0.29498
0.29498
0.29498
0.53241
0.53241
0.53241
0.53241
0.53241
0.53241
0.53241
0.53241
0.53241
0.53241
0.53241
0.53241
0.53241
0.53241
0.53241
0.53241
0.53241
0.53241
0.53241
0.53241
0.53241
0.53241
0.53241
0.53241
0.53241
0.53241
0.53241
0.53241
0.53241
0.53241
0.53241
0.53241
0.53241
0.53241
0.53241
0.53241
0.53241
0.53241
0.53241
0.53241
0.53241
0.53241
0.53241
0.53241
0.53241
0.53241
0.53241
0.53241
0.53241
0.53241
0.53241
0.53241
0.53241
0.53241
0.53241
0.53241
0.53241
0.53241
0.53241
0.53241
0.53241
0.53241
0.53241
0.53241
0.53241
0.53241
0.53241
0.53241
0.53241
0.53241
0.53241
0.53241
0.53241
0.53241
0.53241
0.53241
0.53241
0.53241
0.53241
0.53241
0.53241
0.53241
0.53241
0.53241
0.53241
0.53241
0.53241
0.53241
0.53241
0.53241
0.53241
0.53241
0.53241
0.53241
0.53241
0.53241
0.53241
0.53241
0.53241
0.53241
0.53241
0.53241
0.53241
0.53241
0.53241
0.53241
0.53241
0.53241
0.53241
0.53241
0.53241
0.53241
0.53241
0.53241
0.53241
0.53241
0.53241
0.53241
0.53241
0.53241
0.53241
0.53241
0.53241
0.53241
0.53241
0.53241
0.53241
0.53241
0.53241
0.53241
0.53241
0.53241
0.53241
0.53241
0.53241
0.53241
0.53241
0.53241
0.53241
0.53241
0.53241
0.53241
0.53241
0.53241
0.68882
0.68882
0.68882
0.68882
0.68882
0.68882
0.68882
0.68882
0.68882
0.68882
0.68882
0.68882
0.68882
0.68882
0.68882
0.68882
0.68882
0.68882
0.68882
0.68882
0.68882
0.68882
0.68882
0.68882
0.68882
0.68882
0.68882
0.68882
0.68882
0.68882
0.68882
0.68882
0.68882
0.68882
0.68882
0.68882
0.68882
0.68882
0.68882
0.68882
0.68882
0.68882
0.68882
0.68882
0.68882
0.68882
0.68882
0.68882
0.68882
0.68882
0.68882
0.68882
0.68882
0.68882
0.68882
0.68882
0.68882
0.68882
0.68882
0.68882
0.68882
0.68882
0.68882
0.68882
0.68882
0.68882
0.68882
0.68882
0.68882
0.68882
0.68882
0.68882
0.68882
0.68882
0.68882
0.68882
0.68882
0.68882
0.68882
0.68882
0.68882
0.68882
0.68882
0.68882
0.68882
0.68882
0.68882
0.68882
0.68882
0.68882
0.68882
0.68882
0.68882
0.68882
0.68882
0.68882
0.68882
0.68882
0.68882
0.68882
0.68882
0.68882
0.68882
0.68882
0.68882
0.68882
0.68882
0.68882
0.68882
0.68882
0.68882
0.68882
0.68882
0.68882
0.68882
0.68882
0.68882
0.68882
0.68882
0.68882
0.68882
0.68882
0.68882
0.68882
0.68882
0.68882
0.68882
0.68882
0.68882
0.68882
0.68882
0.68882
0.68882
0.68882
0.68882
0.68882
0.68882
0.68882
0.68882
0.68882
0.68882
0.68882
0.68882
0.68882
0.94456
0.94456
0.94456
0.94456
0.94456
0.94456
0.94456
0.94456
0.94456
0.94456
0.94456
0.94456
0.94456
0.94456
0.94456
0.94456
0.94456
0.94456
0.94456
0.94456
0.94456
0.94456
0.94456
0.94456
0.94456
0.94456
0.94456
0.94456
0.94456
0.94456
0.94456
0.94456
0.94456
0.94456
0.94456
0.94456
0.94456
0.94456
0.94456
0.94456
0.94456
0.94456
0.94456
0.94456
0.94456
0.94456
0.94456
0.94456
0.94456
0.94456
0.94456
0.94456
0.94456
0.94456
0.94456
0.94456
0.94456
0.94456
0.94456
0.94456
0.94456
0.94456
0.94456
0.94456
0.94456
0.94456
0.94456
0.94456
0.94456
0.94456
0.94456
0.94456
0.94456
0.94456
0.94456
0.94456
0.94456
0.94456
0.94456
0.94456
0.94456
0.94456
0.94456
0.94456
0.94456
0.94456
0.94456
0.94456
0.94456
0.94456
0.94456
0.94456
0.94456
0.94456
0.94456
0.94456
0.94456
0.94456
0.94456
0.94456
0.94456
0.94456
0.94456
0.94456
0.94456
0.94456
0.94456
0.94456
0.94456
0.94456
0.94456
0.94456
0.94456
0.94456
0.94456
0.94456
0.94456
0.94456
0.94456
0.94456
0.94456
0.94456
0.94456
0.94456
0.94456
0.94456
0.94456
0.94456
0.94456
0.94456
0.94456
0.94456
0.94456
0.94456
0.94456
0.94456
0.94456
0.94456
0.94456
0.94456
0.94456
0.94456
0.94456
0.94456
1.1779
1.1779
1.1779
1.1779
1.1779
1.1779
1.1779
1.1779
1.1779
1.1779
1.1779
1.1779
1.1779
1.1779
1.1779
1.1779
1.1779
1.1779
1.1779
1.1779
1.1779
1.1779
1.1779
1.1779
1.1779
1.1779
1.1779
1.1779
1.1779
1.1779
1.1779
1.1779
1.1779
1.1779
1.1779
1.1779
1.1779
1.1779
1.1779
1.1779
1.1779
1.1779
1.1779
1.1779
1.1779
1.1779
1.1779
1.1779
1.1779
1.1779
1.1779
1.1779
1.1779
1.1779
1.1779
1.1779
1.1779
1.1779
1.1779
1.1779
1.1779
1.1779
1.1779
1.1779
1.1779
1.1779
1.1779
1.1779
1.1779
1.1779
1.1779
1.1779
1.1779
1.1779
1.1779
1.1779
1.1779
1.1779
1.1779
1.1779
1.1779
1.1779
1.1779
1.1779
1.1779
1.1779
1.1779
1.1779
1.1779
1.1779
1.1779
1.1779
1.1779
1.1779
1.1779
1.1779
1.1779
1.1779
1.1779
1.1779
1.1779
1.1779
1.1779
1.1779
1.1779
1.1779
1.1779
1.1779
1.1779
1.1779
1.1779
1.1779
1.1779
1.1779
1.1779
1.1779
1.1779
1.1779
1.1779
1.1779
1.1779
1.1779
1.1779
1.1779
1.1779
1.1779
1.1779
1.1779
1.1779
1.1779
1.1779
1.1779
1.1779
1.1779
1.1779
1.1779
1.1779
1.1779
1.1779
1.1779
1.1779
1.1779
1.1779
1.1779
1.198
1.198
1.198
1.198
1.198
1.198
1.198
1.198
1.198
1.198
1.198
1.198
1.198
1.198
1.198
1.198
1.198
1.198
1.198
1.198
1.198
1.198
1.198
1.198
1.198
1.198
1.198
1.198
1.198
1.198
1.198
1.198
1.198
1.198
1.198
1.198
1.198
1.198
1.198
1.198
1.198
1.198
1.198
1.198
1.198
1.198
1.198
1.198
1.198
1.198
1.198
1.198
1.198
1.198
1.198
1.198
1.198
1.198
1.198
1.198
1.198
1.198
1.198
1.198
1.198
1.198
1.198
1.198
1.198
1.198
1.198
1.198
1.198
1.198
1.198
1.198
1.198
1.198
1.198
1.198
1.198
1.198
1.198
1.198
1.198
1.198
1.198
1.198
1.198
1.198
1.198
1.198
1.198
1.198
1.198
1.198
1.198
1.198
1.198
1.198
1.198
1.198
1.198
1.198
1.198
1.198
1.198
1.198
1.198
1.198
1.198
1.198
1.198
1.198
1.198
1.198
1.198
1.198
1.198
1.198
1.198
1.198
1.198
1.198
1.198
1.198
1.198
1.198
1.198
1.198
1.198
1.198
1.198
1.198
1.198
1.198
1.198
1.198
1.198
1.198
1.198
1.198
1.198
1.198
1.1722
1.1722
1.1722
1.1722
1.1722
1.1722
1.1722
1.1722
1.1722
1.1722
1.1722
1.1722
1.1722
1.1722
1.1722
1.1722
1.1722
1.1722
1.1722
1.1722
1.1722
1.1722
1.1722
1.1722
1.1722
1.1722
1.1722
1.1722
1.1722
1.1722
1.1722
1.1722
1.1722
1.1722
1.1722
1.1722
1.1722
1.1722
1.1722
1.1722
1.1722
1.1722
1.1722
1.1722
1.1722
1.1722
1.1722
1.1722
1.1722
1.1722
1.1722
1.1722
1.1722
1.1722
1.1722
1.1722
1.1722
1.1722
1.1722
1.1722
1.1722
1.1722
1.1722
1.1722
1.1722
1.1722
1.1722
1.1722
1.1722
1.1722
1.1722
1.1722
1.1722
1.1722
1.1722
1.1722
1.1722
1.1722
1.1722
1.1722
1.1722
1.1722
1.1722
1.1722
1.1722
1.1722
1.1722
1.1722
1.1722
1.1722
1.1722
1.1722
1.1722
1.1722
1.1722
1.1722
1.1722
1.1722
1.1722
1.1722
1.1722
1.1722
1.1722
1.1722
1.1722
1.1722
1.1722
1.1722
1.1722
1.1722
1.1722
1.1722
1.1722
1.1722
1.1722
1.1722
1.1722
1.1722
1.1722
1.1722
1.1722
1.1722
1.1722
1.1722
1.1722
1.1722
1.1722
1.1722
1.1722
1.1722
1.1722
1.1722
1.1722
1.1722
1.1722
1.1722
1.1722
1.1722
1.1722
1.1722
1.1722
1.1722
1.1722
1.1722
1.2719
1.2719
1.2719
1.2719
1.2719
1.2719
1.2719
1.2719
1.2719
1.2719
1.2719
1.2719
1.2719
1.2719
1.2719
1.2719
1.2719
1.2719
1.2719
1.2719
1.2719
1.2719
1.2719
1.2719
1.2719
1.2719
1.2719
1.2719
1.2719
1.2719
1.2719
1.2719
1.2719
1.2719
1.2719
1.2719
1.2719
1.2719
1.2719
1.2719
1.2719
1.2719
1.2719
1.2719
1.2719
1.2719
1.2719
1.2719
1.2719
1.2719
1.2719
1.2719
1.2719
1.2719
1.2719
1.2719
1.2719
1.2719
1.2719
1.2719
1.2719
1.2719
1.2719
1.2719
1.2719
1.2719
1.2719
1.2719
1.2719
1.2719
1.2719
1.2719
1.2719
1.2719
1.2719
1.2719
1.2719
1.2719
1.2719
1.2719
1.2719
1.2719
1.2719
1.2719
1.2719
1.2719
1.2719
1.2719
1.2719
1.2719
1.2719
1.2719
1.2719
1.2719
1.2719
1.2719
1.2719
1.2719
1.2719
1.2719
1.2719
1.2719
1.2719
1.2719
1.2719
1.2719
1.2719
1.2719
1.2719
1.2719
1.2719
1.2719
1.2719
1.2719
1.2719
1.2719
1.2719
1.2719
1.2719
1.2719
1.2719
1.2719
1.2719
1.2719
1.2719
1.2719
1.2719
1.2719
1.2719
1.2719
1.2719
1.2719
1.2719
1.2719
1.2719
1.2719
1.2719
1.2719
1.2719
1.2719
1.2719
1.2719
1.2719
1.2719
1.4334
1.4334
1.4334
1.4334
1.4334
1.4334
1.4334
1.4334
1.4334
1.4334
1.4334
1.4334
1.4334
1.4334
1.4334
1.4334
1.4334
1.4334
1.4334
1.4334
1.4334
1.4334
1.4334
1.4334
1.4334
1.4334
1.4334
1.4334
1.4334
1.4334
1.4334
1.4334
1.4334
1.4334
1.4334
1.4334
1.4334
1.4334
1.4334
1.4334
1.4334
1.4334
1.4334
1.4334
1.4334
1.4334
1.4334
1.4334
1.4334
1.4334
1.4334
1.4334
1.4334
1.4334
1.4334
1.4334
1.4334
1.4334
1.4334
1.4334
1.4334
1.4334
1.4334
1.4334
1.4334
1.4334
1.4334
1.4334
1.4334
1.4334
1.4334
1.4334
1.4334
1.4334
1.4334
1.4334
1.4334
1.4334
1.4334
1.4334
1.4334
1.4334
1.4334
1.4334
1.4334
1.4334
1.4334
1.4334
1.4334
1.4334
1.4334
1.4334
1.4334
1.4334
1.4334
1.4334
1.4334
1.4334
1.4334
1.4334
1.4334
1.4334
1.4334
1.4334
1.4334
1.4334
1.4334
1.4334
1.4334
1.4334
1.4334
1.4334
1.4334
1.4334
1.4334
1.4334
1.4334
1.4334
1.4334
1.4334
1.4334
1.4334
1.4334
1.4334
1.4334
1.4334
1.4334
1.4334
1.4334
1.4334
1.4334
1.4334
1.4334
1.4334
1.4334
1.4334
1.4334
1.4334
1.4334
1.4334
1.4334
1.4334
1.4334
1.4334
1.6453
1.6453
1.6453
1.6453
1.6453
1.6453
1.6453
1.6453
1.6453
1.6453
1.6453
1.6453
1.6453
1.6453
1.6453
1.6453
1.6453
1.6453
1.6453
1.6453
1.6453
1.6453
1.6453
1.6453
1.6453
1.6453
1.6453
1.6453
1.6453
1.6453
1.6453
1.6453
1.6453
1.6453
1.6453
1.6453
1.6453
1.6453
1.6453
1.6453
1.6453
1.6453
1.6453
1.6453
1.6453
1.6453
1.6453
1.6453
1.6453
1.6453
1.6453
1.6453
1.6453
1.6453
1.6453
1.6453
1.6453
1.6453
1.6453
1.6453
1.6453
1.6453
1.6453
1.6453
1.6453
1.6453
1.6453
1.6453
1.6453
1.6453
1.6453
1.6453
1.6453
1.6453
1.6453
1.6453
1.6453
1.6453
1.6453
1.6453
1.6453
1.6453
1.6453
1.6453
1.6453
1.6453
1.6453
1.6453
1.6453
1.6453
1.6453
1.6453
1.6453
1.6453
1.6453
1.6453
1.6453
1.6453
1.6453
1.6453
1.6453
1.6453
1.6453
1.6453
1.6453
1.6453
1.6453
1.6453
1.6453
1.6453
1.6453
1.6453
1.6453
1.6453
1.6453
1.6453
1.6453
1.6453
1.6453
1.6453
1.6453
1.6453
1.6453
1.6453
1.6453
1.6453
1.6453
1.6453
1.6453
1.6453
1.6453
1.6453
1.6453
1.6453
1.6453
1.6453
1.6453
1.6453
1.6453
1.6453
1.6453
1.6453
1.6453
1.6453
1.7932
1.7932
1.7932
1.7932
1.7932
1.7932
1.7932
1.7932
1.7932
1.7932
1.7932
1.7932
1.7932
1.7932
1.7932
1.7932
1.7932
1.7932
1.7932
1.7932
1.7932
1.7932
1.7932
1.7932
1.7932
1.7932
1.7932
1.7932
1.7932
1.7932
1.7932
1.7932
1.7932
1.7932
1.7932
1.7932
1.7932
1.7932
1.7932
1.7932
1.7932
1.7932
1.7932
1.7932
1.7932
1.7932
1.7932
1.7932
1.7932
1.7932
1.7932
1.7932
1.7932
1.7932
1.7932
1.7932
1.7932
1.7932
1.7932
1.7932
1.7932
1.7932
1.7932
1.7932
1.7932
1.7932
1.7932
1.7932
1.7932
1.7932
1.7932
1.7932
1.7932
1.7932
1.7932
1.7932
1.7932
1.7932
1.7932
1.7932
1.7932
1.7932
1.7932
1.7932
1.7932
1.7932
1.7932
1.7932
1.7932
1.7932
1.7932
1.7932
1.7932
1.7932
1.7932
1.7932
1.7932
1.7932
1.7932
1.7932
1.7932
1.7932
1.7932
1.7932
1.7932
1.7932
1.7932
1.7932
1.7932
1.7932
1.7932
1.7932
1.7932
1.7932
1.7932
1.7932
1.7932
1.7932
1.7932
1.7932
1.7932
1.7932
1.7932
1.7932
1.7932
1.7932
1.7932
1.7932
1.7932
1.7932
1.7932
1.7932
1.7932
1.7932
1.7932
1.7932
1.7932
1.7932
1.7932
1.7932
1.7932
1.7932
1.7932
1.7932
1.9164
1.9164
1.9164
1.9164
1.9164
1.9164
1.9164
1.9164
1.9164
1.9164
1.9164
1.9164
1.9164
1.9164
1.9164
1.9164
1.9164
1.9164
1.9164
1.9164
1.9164
1.9164
1.9164
1.9164
1.9164
1.9164
1.9164
1.9164
1.9164
1.9164
1.9164
1.9164
1.9164
1.9164
1.9164
1.9164
1.9164
1.9164
1.9164
1.9164
1.9164
1.9164
1.9164
1.9164
1.9164
1.9164
1.9164
1.9164
1.9164
1.9164
1.9164
1.9164
1.9164
1.9164
1.9164
1.9164
1.9164
1.9164
1.9164
1.9164
1.9164
1.9164
1.9164
1.9164
1.9164
1.9164
1.9164
1.9164
1.9164
1.9164
1.9164
1.9164
1.9164
1.9164
1.9164
1.9164
1.9164
1.9164
1.9164
1.9164
1.9164
1.9164
1.9164
1.9164
1.9164
1.9164
1.9164
1.9164
1.9164
1.9164
1.9164
1.9164
1.9164
1.9164
1.9164
1.9164
1.9164
1.9164
1.9164
1.9164
1.9164
1.9164
1.9164
1.9164
1.9164
1.9164
1.9164
1.9164
1.9164
1.9164
1.9164
1.9164
1.9164
1.9164
1.9164
1.9164
1.9164
1.9164
1.9164
1.9164
1.9164
1.9164
1.9164
1.9164
1.9164
1.9164
1.9164
1.9164
1.9164
1.9164
1.9164
1.9164
1.9164
1.9164
1.9164
1.9164
1.9164
1.9164
1.9164
1.9164
1.9164
1.9164
1.9164
1.9164
1.6875
1.6875
1.6875
1.6875
1.6875
1.6875
1.6875
1.6875
1.6875
1.6875
1.6875
1.6875
1.6875
1.6875
1.6875
1.6875
1.6875
1.6875
1.6875
1.6875
1.6875
1.6875
1.6875
1.6875
1.6875
1.6875
1.6875
1.6875
1.6875
1.6875
1.6875
1.6875
1.6875
1.6875
1.6875
1.6875
1.6875
1.6875
1.6875
1.6875
1.6875
1.6875
1.6875
1.6875
1.6875
1.6875
1.6875
1.6875
1.6875
1.6875
1.6875
1.6875
1.6875
1.6875
1.6875
1.6875
1.6875
1.6875
1.6875
1.6875
1.6875
1.6875
1.6875
1.6875
1.6875
1.6875
1.6875
1.6875
1.6875
1.6875
1.6875
1.6875
1.6875
1.6875
1.6875
1.6875
1.6875
1.6875
1.6875
1.6875
1.6875
1.6875
1.6875
1.6875
1.6875
1.6875
1.6875
1.6875
1.6875
1.6875
1.6875
1.6875
1.6875
1.6875
1.6875
1.6875
1.6875
1.6875
1.6875
1.6875
1.6875
1.6875
1.6875
1.6875
1.6875
1.6875
1.6875
1.6875
1.6875
1.6875
1.6875
1.6875
1.6875
1.6875
1.6875
1.6875
1.6875
1.6875
1.6875
1.6875
1.6875
1.6875
1.6875
1.6875
1.6875
1.6875
1.6875
1.6875
1.6875
1.6875
1.6875
1.6875
1.6875
1.6875
1.6875
1.6875
1.6875
1.6875
1.6875
1.6875
1.6875
1.6875
1.6875
1.6875
1.7659
1.7659
1.7659
1.7659
1.7659
1.7659
1.7659
1.7659
1.7659
1.7659
1.7659
1.7659
1.7659
1.7659
1.7659
1.7659
1.7659
1.7659
1.7659
1.7659
1.7659
1.7659
1.7659
1.7659
1.7659
1.7659
1.7659
1.7659
1.7659
1.7659
1.7659
1.7659
1.7659
1.7659
1.7659
1.7659
1.7659
1.7659
1.7659
1.7659
1.7659
1.7659
1.7659
1.7659
1.7659
1.7659
1.7659
1.7659
1.7659
1.7659
1.7659
1.7659
1.7659
1.7659
1.7659
1.7659
1.7659
1.7659
1.7659
1.7659
1.7659
1.7659
1.7659
1.7659
1.7659
1.7659
1.7659
1.7659
1.7659
1.7659
1.7659
1.7659
1.7659
1.7659
1.7659
1.7659
1.7659
1.7659
1.7659
1.7659
1.7659
1.7659
1.7659
1.7659
1.7659
1.7659
1.7659
1.7659
1.7659
1.7659
1.7659
1.7659
1.7659
1.7659
1.7659
1.7659
1.7659
1.7659
1.7659
1.7659
1.7659
1.7659
1.7659
1.7659
1.7659
1.7659
1.7659
1.7659
1.7659
1.7659
1.7659
1.7659
1.7659
1.7659
1.7659
1.7659
1.7659
1.7659
1.7659
1.7659
1.7659
1.7659
1.7659
1.7659
1.7659
1.7659
1.7659
1.7659
1.7659
1.7659
1.7659
1.7659
1.7659
1.7659
1.7659
1.7659
1.7659
1.7659
1.7659
1.7659
1.7659
1.7659
1.7659
1.7659
1.7554
1.7554
1.7554
1.7554
1.7554
1.7554
1.7554
1.7554
1.7554
1.7554
1.7554
1.7554
1.7554
1.7554
1.7554
1.7554
1.7554
1.7554
1.7554
1.7554
1.7554
1.7554
1.7554
1.7554
1.7554
1.7554
1.7554
1.7554
1.7554
1.7554
1.7554
1.7554
1.7554
1.7554
1.7554
1.7554
1.7554
1.7554
1.7554
1.7554
1.7554
1.7554
1.7554
1.7554
1.7554
1.7554
1.7554
1.7554
1.7554
1.7554
1.7554
1.7554
1.7554
1.7554
1.7554
1.7554
1.7554
1.7554
1.7554
1.7554
1.7554
1.7554
1.7554
1.7554
1.7554
1.7554
1.7554
1.7554
1.7554
1.7554
1.7554
1.7554
1.7554
1.7554
1.7554
1.7554
1.7554
1.7554
1.7554
1.7554
1.7554
1.7554
1.7554
1.7554
1.7554
1.7554
1.7554
1.7554
1.7554
1.7554
1.7554
1.7554
1.7554
1.7554
1.7554
1.7554
1.7554
1.7554
1.7554
1.7554
1.7554
1.7554
1.7554
1.7554
1.7554
1.7554
1.7554
1.7554
1.7554
1.7554
1.7554
1.7554
1.7554
1.7554
1.7554
1.7554
1.7554
1.7554
1.7554
1.7554
1.7554
1.7554
1.7554
1.7554
1.7554
1.7554
1.7554
1.7554
1.7554
1.7554
1.7554
1.7554
1.7554
1.7554
1.7554
1.7554
1.7554
1.7554
1.7554
1.7554
1.7554
1.7554
1.7554
1.7554
1.8819
1.8819
1.8819
1.8819
1.8819
1.8819
1.8819
1.8819
1.8819
1.8819
1.8819
1.8819
1.8819
1.8819
1.8819
1.8819
1.8819
1.8819
1.8819
1.8819
1.8819
1.8819
1.8819
1.8819
1.8819
1.8819
1.8819
1.8819
1.8819
1.8819
1.8819
1.8819
1.8819
1.8819
1.8819
1.8819
1.8819
1.8819
1.8819
1.8819
1.8819
1.8819
1.8819
1.8819
1.8819
1.8819
1.8819
1.8819
1.8819
1.8819
1.8819
1.8819
1.8819
1.8819
1.8819
1.8819
1.8819
1.8819
1.8819
1.8819
1.8819
1.8819
1.8819
1.8819
1.8819
1.8819
1.8819
1.8819
1.8819
1.8819
1.8819
1.8819
1.8819
1.8819
1.8819
1.8819
1.8819
1.8819
1.8819
1.8819
1.8819
1.8819
1.8819
1.8819
1.8819
1.8819
1.8819
1.8819
1.8819
1.8819
1.8819
1.8819
1.8819
1.8819
1.8819
1.8819
1.8819
1.8819
1.8819
1.8819
1.8819
1.8819
1.8819
1.8819
1.8819
1.8819
1.8819
1.8819
1.8819
1.8819
1.8819
1.8819
1.8819
1.8819
1.8819
1.8819
1.8819
1.8819
1.8819
1.8819
1.8819
1.8819
1.8819
1.8819
1.8819
1.8819
1.8819
1.8819
1.8819
1.8819
1.8819
1.8819
1.8819
1.8819
1.8819
1.8819
1.8819
1.8819
1.8819
1.8819
1.8819
1.8819
1.8819
1.8819
0.41908
0.41908
0.41908
0.41908
0.41908
0.41908
0.41908
0.41908
0.41908
0.41908
0.41908
0.41908
0.41908
0.41908
0.41908
0.41908
0.41908
0.41908
0.41908
0.41908
0.41908
0.41908
0.41908
0.41908
0.41908
0.41908
0.41908
0.41908
0.41908
0.41908
0.41908
0.41908
0.41908
0.41908
0.41908
0.41908
0.41908
0.41908
0.41908
0.41908
0.41908
0.41908
0.41908
0.41908
0.41908
0.41908
0.41908
0.41908
0.41908
0.41908
0.41908
0.41908
0.41908
0.41908
0.41908
0.41908
0.41908
0.41908
0.41908
0.41908
0.41908
0.41908
0.41908
0.41908
0.41908
0.41908
0.41908
0.41908
0.41908
0.41908
0.41908
0.41908
0.41908
0.41908
0.41908
0.41908
0.41908
0.41908
0.41908
0.41908
0.41908
0.41908
0.41908
0.41908
0.41908
0.41908
0.41908
0.41908
0.41908
0.41908
0.41908
0.41908
0.41908
0.41908
0.41908
0.41908
0.41908
0.41908
0.41908
0.41908
0.41908
0.41908
0.41908
0.41908
0.41908
0.41908
0.41908
0.41908
0.41908
0.41908
0.41908
0.41908
0.41908
0.41908
0.41908
0.41908
0.41908
0.41908
0.41908
0.41908
0.41908
0.41908
0.41908
0.41908
0.41908
0.41908
0.41908
0.41908
0.41908
0.41908
0.41908
0.41908
0.41908
0.41908
0.41908
0.41908
0.41908
0.41908
0.41908
0.41908
0.41908
0.41908
0.41908
0.41908
-2.8584
-2.8584
-2.8584
-2.8584
-2.8584
-2.8584
-2.8584
-2.8584
-2.8584
-2.8584
-2.8584
-2.8584
-2.8584
-2.8584
-2.8584
-2.8584
-2.8584
-2.8584
-2.8584
-2.8584
-2.8584
-2.8584
-2.8584
-2.8584
-2.8584
-2.8584
-2.8584
-2.8584
-2.8584
-2.8584
-2.8584
-2.8584
-2.8584
-2.8584
-2.8584
-2.8584
-2.8584
-2.8584
-2.8584
-2.8584
-2.8584
-2.8584
-2.8584
-2.8584
-2.8584
-2.8584
-2.8584
-2.8584
-2.8584
-2.8584
-2.8584
-2.8584
-2.8584
-2.8584
-2.8584
-2.8584
-2.8584
-2.8584
-2.8584
-2.8584
-2.8584
-2.8584
-2.8584
-2.8584
-2.8584
-2.8584
-2.8584
-2.8584
-2.8584
-2.8584
-2.8584
-2.8584
-2.8584
-2.8584
-2.8584
-2.8584
-2.8584
-2.8584
-2.8584
-2.8584
-2.8584
-2.8584
-2.8584
-2.8584
-2.8584
-2.8584
-2.8584
-2.8584
-2.8584
-2.8584
-2.8584
-2.8584
-2.8584
-2.8584
-2.8584
-2.8584
-2.8584
-2.8584
-2.8584
-2.8584
-2.8584
-2.8584
-2.8584
-2.8584
-2.8584
-2.8584
-2.8584
-2.8584
-2.8584
-2.8584
-2.8584
-2.8584
-2.8584
-2.8584
-2.8584
-2.8584
-2.8584
-2.8584
-2.8584
-2.8584
-2.8584
-2.8584
-2.8584
-2.8584
-2.8584
-2.8584
-2.8584
-2.8584
-2.8584
-2.8584
-2.8584
-2.8584
-2.8584
-2.8584
-2.8584
-2.8584
-2.8584
-2.8584
-2.8584
-2.8584
-2.8584
-2.8584
-2.8584
-2.8584
SCALARS Phi_SH float 1
LOOKUP_TABLE default
0.95149
0.95149
0.95149
0.95149
0.95149
0.95149
0.95149
0.95149
0.95149
0.95149
0.95149
0.95149
0.95149
0.95149
0.95149
0.95149
0.95149
0.95149
0.95149
0.95149
0.95149
0.95149
0.95149
0.95149
0.95149
0.95149
0.95149
0.95149
0.95149
0.95149
0.95149
0.95149
0.95149
0.95149
0.95149
0.95149
0.95149
0.95149
0.95149
0.95149
0.95149
0.95149
0.95149
0.95149
0.95149
0.95149
0.95149
0.95149
0.95149
0.95149
0.95149
0.95149
0.95149
0.95149
0.95149
0.95149
0.95149
0.95149
0.95149
0.95149
0.95149
0.95149
0.95149
0.95149
0.95149
0.95149
0.95149
0.95149
0.95149
0.95149
0.95149
0.95149
0.95149
0.95149
0.95149
0.95149
0.95149
0.95149
0.95149
0.95149
0.95149
0.95149
0.95149
0.95149
0.95149
0.95149
0.95149
0.95149
0.95149
0.95149
0.95149
0.95149
0.95149
0.95149
0.95149
0.95149
0.95149
0.95149
0.95149
0.95149
0.95149
0.95149
0.95149
0.95149
0.95149
0.95149
0.95149
0.95149
0.95149
0.95149
0.95149
0.95149
0.95149
0.95149
0.95149
0.95149
0.95149
0.95149
0.95149
0.95149
0.95149
0.95149
0.95149
0.95149
0.95149
0.95149
0.95149
0.95149
0.95149
0.95149
0.95149
0.95149
0.95149
0.95149
0.95149
0.95149
0.95149
0.95149
0.95149
0.95149
0.95149
0.95149
0.95149
0.95149
1.1158
1.1158
1.1158
1.1158
1.1158
1.1158
1.1158
1.1158
1.1158
1.1158
1.1158
1.1158
1.1158
1.1158
1.1158
1.1158
1.1158
1.1158
1.1158
1.1158
1.1158
1.1158
1.1158
1.1158
1.1158
1.1158
1.1158
1.1158
1.1158
1.1158
1.1158
1.1158
1.1158
1.1158
1.1158
1.1158
1.1158
1.1158
1.1158
1.1158
1.1158
1.1158
1.1158
1.1158
1.1158
1.1158
1.1158
1.1158
1.1158
1.1158
1.1158
1.1158
1.1158
1.1158
1.1158
1.1158
1.1158
1.1158
1.1158
1.1158
1.1158
1.1158
1.1158
1.1158
1.1158
1.1158
1.1158
1.1158
1.1158
1.1158
1.1158
1.1158
1.1158
1.1158
1.1158
1.1158
1.1158
1.1158
1.1158
1.1158
1.1158
1.1158
1.1158
1.1158
1.1158
1.1158
1.1158
1.1158
1.1158
1.1158
1.1158
1.1158
1.1158
1.1158
1.1158
1.1158
1.1158
1.1158
1.1158
1.1158
1.1158
1.1158
1.1158
1.1158
1.1158
1.1158
1.1158
1.1158
1.1158
1.1158
1.1158
1.1158
1.1158
1.1158
1.1158
1.1158
1.1158
1.1158
1.1158
1.1158
1.1158
1.1158
1.1158
1.1158
1.1158
1.1158
1.1158
1.1158
1.1158
1.1158
1.1158
1.1158
1.1158
1.1158
1.1158
1.1158
1.1158
1.1158
1.1158
1.1158
1.1158
1.1158
1.1158
1.1158
1.4589
1.4589
1.4589
1.4589
1.4589
1.4589
1.4589
1.4589
1.4589
1.4589
1.4589
1.4589
1.4589
1.4589
1.4589
1.4589
1.4589
1.4589
1.4589
1.4589
1.4589
1.4589
1.4589
1.4589
1.4589
1.4589
1.4589
1.4589
1.4589
1.4589
1.4589
1.4589
1.4589
1.4589
1.4589
1.4589
1.4589
1.4589
1.4589
1.4589
1.4589
1.4589
1.4589
1.4589
1.4589
1.4589
1.4589
1.4589
1.4589
1.4589
1.4589
1.4589
1.4589
1.4589
1.4589
1.4589
1.4589
1.4589
1.4589
1.4589
1.4589
1.4589
1.4589
1.4589
1.4589
1.4589
1.4589
1.4589
1.4589
1.4589
1.4589
1.4589
1.4589
1.4589
1.4589
1.4589
1.4589
1.4589
1.4589
1.4589
1.4589
1.4589
1.4589
1.4589
1.4589
1.4589
1.4589
1.4589
1.4589
1.4589
1.4589
1.4589
1.4589
1.4589
1.4589
1.4589
1.4589
1.4589
1.4589
1.4589
1.4589
1.4589
1.4589
1.4589
1.4589
1.4589
1.4589
1.4589
1.4589
1.4589
1.4589
1.4589
1.4589
1.4589
1.4589
1.4589
1.4589
1.4589
1.4589
1.4589
1.4589
1.4589
1.4589
1.4589
1.4589
1.4589
1.4589
1.4589
1.4589
1.4589
1.4589
1.4589
1.4589
1.4589
1.4589
1.4589
1.4589
1.4589
1.4589
1.4589
1.4589
1.4589
1.4589
1.4589
1.2864
1.2864
1.2864
1.2864
1.2864
1.2864
1.2864
1.2864
1.2864
1.2864
1.2864
1.2864
1.2864
1.2864
1.2864
1.2864
1.2864
1.2864
1.2864
1.2864
1.2864
1.2864
1.2864
1.2864
1.2864
1.2864
1.2864
1.2864
1.2864
1.2864
1.2864
1.2864
1.2864
1.2864
1.2864
1.2864
1.2864
1.2864
1.2864
1.2864
1.2864
1.2864
1.2864
1.2864
1.2864
1.2864
1.2864
1.2864
1.2864
1.2864
1.2864
1.2864
1.2864
1.2864
1.2864
1.2864
1.2864
1.2864
1.2864
1.2864
1.2864
1.2864
1.2864
1.2864
1.2864
1.2864
1.2864
1.2864
1.2864
1.2864
1.2864
1.2864
1.2864
1.2864
1.2864
1.2864
1.2864
1.2864
1.2864
1.2864
1.2864
1.2864
1.2864
1.2864
1.2864
1.2864
1.2864
1.2864
1.2864
1.2864
1.2864
1.2864
1.2864
1.2864
1.2864
1.2864
1.2864
1.2864
1.2864
1.2864
1.2864
1.2864
1.2864
1.2864
1.2864
1.2864
1.2864
1.2864
1.2864
1.2864
1.2864
1.2864
1.2864
1.2864
1.2864
1.2864
1.2864
1.2864
1.2864
1.2864
1.2864
1.2864
1.2864
1.2864
1.2864
1.2864
1.2864
1.2864
1.2864
1.2864
1.2864
1.2864
1.2864
1.2864
1.2864
1.2864
1.2864
1.2864
1.2864
1.2864
1.2864
1.2864
1.2864
1.2864
1.2522
1.2522
1.2522
1.2522
1.2522
1.2522
1.2522
1.2522
1.2522
1.2522
1.2522
1.2522
1.2522
1.2522
1.2522
1.2522
1.2522
1.2522
1.2522
1.2522
1.2522
1.2522
1.2522
1.2522
1.2522
1.2522
1.2522
1.2522
1.2522
1.2522
1.2522
1.2522
1.2522
1.2522
1.2522
1.2522
1.2522
1.2522
1.2522
1.2522
1.2522
1.2522
1.2522
1.2522
1.2522
1.2522
1.2522
1.2522
1.2522
1.2522
1.2522
1.2522
1.2522
1.2522
1.2522
1.2522
1.2522
1.2522
1.2522
1.2522
1.2522
1.2522
1.2522
1.2522
1.2522
1.2522
1.2522
1.2522
1.2522
1.2522
1.2522
1.2522
1.2522
1.2522
1.2522
1.2522
1.2522
1.2522
1.2522
1.2522
1.2522
1.2522
1.2522
1.2522
1.2522
1.2522
1.2522
1.2522
1.2522
1.2522
1.2522
1.2522
1.2522
1.2522
1.2522
1.2522
1.2522
1.2522
1.2522
1.2522
1.2522
1.2522
1.2522
1.2522
1.2522
1.2522
1.2522
1.2522
1.2522
1.2522
1.2522
1.2522
1.2522
1.2522
1.2522
1.2522
1.2522
1.2522
1.2522
1.2522
1.2522
1.2522
1.2522
1.2522
1.2522
1.2522
1.2522
1.2522
1.2522
1.2522
1.2522
1.2522
1.2522
1.2522
1.2522
1.2522
1.2522
1.2522
1.2522
1.2522
1.2522
1.2522
1.2522
1.2522
1.4085
1.4085
1.4085
1.4085
1.4085
1.4085
1.4085
1.4085
1.4085
1.4085
1.4085
1.4085
1.4085
1.4085
1.4085
1.4085
1.4085
1.4085
1.4085
1.4085
1.4085
1.4085
1.4085
1.4085
1.4085
1.4085
1.4085
1.4085
1.4085
1.4085
1.4085
1.4085
1.4085
1.4085
1.4085
1.4085
1.4085
1.4085
1.4085
1.4085
1.4085
1.4085
1.4085
1.4085
1.4085
1.4085
1.4085
1.4085
1.4085
1.4085
1.4085
1.4085
1.4085
1.4085
1.4085
1.4085
1.4085
1.4085
1.4085
1.4085
1.4085
1.4085
1.4085
1.4085
1.4085
1.4085
1.4085
1.4085
1.4085
1.4085
1.4085
1.4085
1.4085
1.4085
1.4085
1.4085
1.4085
1.4085
1.4085
1.4085
1.4085
1.4085
1.4085
1.4085
1.4085
1.4085
1.4085
1.4085
1.4085
1.4085
1.4085
1.4085
1.4085
1.4085
1.4085
1.4085
1.4085
1.4085
1.4085
1.4085
1.4085
1.4085
1.4085
1.4085
1.4085
1.4085
1.4085
1.4085
1.4085
1.4085
1.4085
1.4085
1.4085
1.4085
1.4085
1.4085
1.4085
1.4085
1.4085
1.4085
1.4085
1.4085
1.4085
1.4085
1.4085
1.4085
1.4085
1.4085
1.4085
1.4085
1.4085
1.4085
1.4085
1.4085
1.4085
1.4085
1.4085
1.4085
1.4085
1.4085
1.4085
1.4085
1.4085
1.4085
1.348
1.348
1.348
1.348
1.348
1.348
1.348
1.348
1.348
1.348
1.348
1.348
1.348
1.348
1.348
1.348
1.348
1.348
1.348
1.348
1.348
1.348
1.348
1.348
1.348
1.348
1.348
1.348
1.348
1.348
1.348
1.348
1.348
1.348
1.348
1.348
1.348
1.348
1.348
1.348
1.348
1.348
1.348
1.348
1.348
1.348
1.348
1.348
1.348
1.348
1.348
1.348
1.348
1.348
1.348
1.348
1.348
1.348
1.348
1.348
1.348
1.348
1.348
1.348
1.348
1.348
1.348
1.348
1.348
1.348
1.348
1.348
1.348
1.348
1.348
1.348
1.348
1.348
1.348
1.348
1.348
1.348
1.348
1.348
1.348
1.348
1.348
1.348
1.348
1.348
1.348
1.348
1.348
1.348
1.348
1.348
1.348
1.348
1.348
1.348
1.348
1.348
1.348
1.348
1.348
1.348
1.348
1.348
1.348
1.348
1.348
1.348
1.348
1.348
1.348
1.348
1.348
1.348
1.348
1.348
1.348
1.348
1.348
1.348
1.348
1.348
1.348
1.348
1.348
1.348
1.348
1.348
1.348
1.348
1.348
1.348
1.348
1.348
1.348
1.348
1.348
1.348
1.348
1.348
1.2658
1.2658
1.2658
1.2658
1.2658
1.2658
1.2658
1.2658
1.2658
1.2658
1.2658
1.2658
1.2658
1.2658
1.2658
1.2658
1.2658
1.2658
1.2658
1.2658
1.2658
1.2658
1.2658
1.2658
1.2658
1.2658
1.2658
1.2658
1.2658
1.2658
1.2658
1.2658
1.2658
1.2658
1.2658
1.2658
1.2658
1.2658
1.2658
1.2658
1.2658
1.2658
1.2658
1.2658
1.2658
1.2658
1.2658
1.2658
1.2658
1.2658
1.2658
1.2658
1.2658
1.2658
1.2658
1.2658
1.2658
1.2658
1.2658
1.2658
1.2658
1.2658
1.2658
1.2658
1.2658
1.2658
1.2658
1.2658
1.2658
1.2658
1.2658
1.2658
1.2658
1.2658
1.2658
1.2658
1.2658
1.2658
1.2658
1.2658
1.2658
1.2658
1.2658
1.2658
1.2658
1.2658
1.2658
1.2658
1.2658
1.2658
1.2658
1.2658
1.2658
1.2658
1.2658
1.2658
1.2658
1.2658
1.2658
1.2658
1.2658
1.2658
1.2658
1.2658
1.2658
1.2658
1.2658
1.2658
1.2658
1.2658
1.2658
1.2658
1.2658
1.2658
1.2658
1.2658
1.2658
1.2658
1.2658
1.2658
1.2658
1.2658
1.2658
1.2658
1.2658
1.2658
1.2658
1.2658
1.2658
1.2658
1.2658
1.2658
1.2658
1.2658
1.2658
1.2658
1.2658
1.2658
1.2658
1.2658
1.2658
1.2658
1.2658
1.2658
1.2189
1.2189
1.2189
1.2189
1.2189
1.2189
1.2189
1.2189
1.2189
1.2189
1.2189
1.2189
1.2189
1.2189
1.2189
1.2189
1.2189
1.2189
1.2189
1.2189
1.2189
1.2189
1.2189
1.2189
1.2189
1.2189
1.2189
1.2189
1.2189
1.2189
1.2189
1.2189
1.2189
1.2189
1.2189
1.2189
1.2189
1.2189
1.2189
1.2189
1.2189
1.2189
1.2189
1.2189
1.2189
1.2189
1.2189
1.2189
1.2189
1.2189
1.2189
1.2189
1.2189
1.2189
1.2189
1.2189
1.2189
1.2189
1.2189
1.2189
1.2189
1.2189
1.2189
1.2189
1.2189
1.2189
1.2189
1.2189
1.2189
1.2189
1.2189
1.2189
1.2189
1.2189
1.2189
1.2189
1.2189
1.2189
1.2189
1.2189
1.2189
1.2189
1.2189
1.2189
1.2189
1.2189
1.2189
1.2189
1.2189
1.2189
1.2189
1.2189
1.2189
1.2189
1.2189
1.2189
1.2189
1.2189
1.2189
1.2189
1.2189
1.2189
1.2189
1.2189
1.2189
1.2189
1.2189
1.2189
1.2189
1.2189
1.2189
1.2189
1.2189
1.2189
1.2189
1.2189
1.2189
1.2189
1.2189
1.2189
1.2189
1.2189
1.2189
1.2189
1.2189
1.2189
1.2189
1.2189
1.2189
1.2189
1.2189
1.2189
1.2189
1.2189
1.2189
1.2189
1.2189
1.2189
1.2189
1.2189
1.2189
1.2189
1.2189
1.2189
1.2871
1.2871
1.2871
1.2871
1.2871
1.2871
1.2871
1.2871
1.2871
1.2871
1.2871
1.2871
1.2871
1.2871
1.2871
1.2871
1.2871
1.2871
1.2871
1.2871
1.2871
1.2871
1.2871
1.2871
1.2871
1.2871
1.2871
1.2871
1.2871
1.2871
1.2871
1.2871
1.2871
1.2871
1.2871
1.2871
1.2871
1.2871
1.2871
1.2871
1.2871
1.2871
1.2871
1.2871
1.2871
1.2871
1.2871
1.2871
1.2871
1.2871
1.2871
1.2871
1.2871
1.2871
1.2871
1.2871
1.2871
1.2871
1.2871
1.2871
1.2871
1.2871
1.2871
1.2871
1.2871
1.2871
1.2871
1.2871
1.2871
1.2871
1.2871
1.2871
1.2871
1.2871
1.2871
1.2871
1.2871
1.2871
1.2871
1.2871
1.2871
1.2871
1.2871
1.2871
1.2871
1.2871
1.2871
1.2871
1.2871
1.2871
1.2871
1.2871
1.2871
1.2871
1.2871
1.2871
1.2871
1.2871
1.2871
1.2871
1.2871
1.2871
1.2871
1.2871
1.2871
1.2871
1.2871
1.2871
1.2871
1.2871
1.2871
1.2871
1.2871
1.2871
1.2871
1.2871
1.2871
1.2871
1.2871
1.2871
1.2871
1.2871
1.2871
1.2871
1.2871
1.2871
1.2871
1.2871
1.2871
1.2871
1.2871
1.2871
1.2871
1.2871
1.2871
1.2871
1.2871
1.2871
1.2871
1.2871
1.2871
1.2871
1.2871
1.2871
1.406
1.406
1.406
1.406
1.406
1.406
1.406
1.406
1.406
1.406
1.406
1.406
1.406
1.406
1.406
1.406
1.406
1.406
1.406
1.406
1.406
1.406
1.406
1.406
1.406
1.406
1.406
1.406
1.406
1.406
1.406
1.406
1.406
1.406
1.406
1.406
1.406
1.406
1.406
1.406
1.406
1.406
1.406
1.406
1.406
1.406
1.406
1.406
1.406
1.406
1.406
1.406
1.406
1.406
1.406
1.406
1.406
1.406
1.406
1.406
1.406
1.406
1.406
1.406
1.406
1.406
1.406
1.406
1.406
1.406
1.406
1.406
1.406
1.406
1.406
1.406
1.406
1.406
1.406
1.406
1.406
1.406
1.406
1.406
1.406
1.406
1.406
1.406
1.406
1.406
1.406
1.406
1.406
1.406
1.406
1.406
1.406
1.406
1.406
1.406
1.406
1.406
1.406
1.406
1.406
1.406
1.406
1.406
1.406
1.406
1.406
1.406
1.406
1.406
1.406
1.406
1.406
1.406
1.406
1.406
1.406
1.406
1.406
1.406
1.406
1.406
1.406
1.406
1.406
1.406
1.406
1.406
1.406
1.406
1.406
1.406
1.406
1.406
1.406
1.406
1.406
1.406
1.406
1.406
1.5111
1.5111
1.5111
1.5111
1.5111
1.5111
1.5111
1.5111
1.5111
1.5111
1.5111
1.5111
1.5111
1.5111
1.5111
1.5111
1.5111
1.5111
1.5111
1.5111
1.5111
1.5111
1.5111
1.5111
1.5111
1.5111
1.5111
1.5111
1.5111
1.5111
1.5111
1.5111
1.5111
1.5111
1.5111
1.5111
1.5111
1.5111
1.5111
1.5111
1.5111
1.5111
1.5111
1.5111
1.5111
1.5111
1.5111
1.5111
1.5111
1.5111
1.5111
1.5111
1.5111
1.5111
1.5111
1.5111
1.5111
1.5111
1.5111
1.5111
1.5111
1.5111
1.5111
1.5111
1.5111
1.5111
1.5111
1.5111
1.5111
1.5111
1.5111
1.5111
1.5111
1.5111
1.5111
1.5111
1.5111
1.5111
1.5111
1.5111
1.5111
1.5111
1.5111
1.5111
1.5111
1.5111
1.5111
1.5111
1.5111
1.5111
1.5111
1.5111
1.5111
1.5111
1.5111
1.5111
1.5111
1.5111
1.5111
1.5111
1.5111
1.5111
1.5111
1.5111
1.5111
1.5111
1.5111
1.5111
1.5111
1.5111
1.5111
1.5111
1.5111
1.5111
1.5111
1.5111
1.5111
1.5111
1.5111
1.5111
1.5111
1.5111
1.5111
1.5111
1.5111
1.5111
1.5111
1.5111
1.5111
1.5111
1.5111
1.5111
1.5111
1.5111
1.5111
1.5111
1.5111
1.5111
1.5111
1.5111
1.5111
1.5111
1.5111
1.5111
1.1537
1.1537
1.1537
1.1537
1.1537
1.1537
1.1537
1.1537
1.1537
1.1537
1.1537
1.1537
1.1537
1.1537
1.1537
1.1537
1.1537
1.1537
1.1537
1.1537
1.1537
1.1537
1.1537
1.1537
1.1537
1.1537
1.1537
1.1537
1.1537
1.1537
1.1537
1.1537
1.1537
1.1537
1.1537
1.1537
1.1537
1.1537
1.1537
1.1537
1.1537
1.1537
1.1537
1.1537
1.1537
1.1537
1.1537
1.1537
1.1537
1.1537
1.1537
1.1537
1.1537
1.1537
1.1537
1.1537
1.1537
1.1537
1.1537
1.1537
1.1537
1.1537
1.1537
1.1537
1.1537
1.1537
1.1537
1.1537
1.1537
1.1537
1.1537
1.1537
1.1537
1.1537
1.1537
1.1537
1.1537
1.1537
1.1537
1.1537
1.1537
1.1537
1.1537
1.1537
1.1537
1.1537
1.1537
1.1537
1.1537
1.1537
1.1537
1.1537
1.1537
1.1537
1.1537
1.1537
1.1537
1.1537
1.1537
1.1537
1.1537
1.1537
1.1537
1.1537
1.1537
1.1537
1.1537
1.1537
1.1537
1.1537
1.1537
1.1537
1.1537
1.1537
1.1537
1.1537
1.1537
1.1537
1.1537
1.1537
1.1537
1.1537
1.1537
1.1537
1.1537
1.1537
1.1537
1.1537
1.1537
1.1537
1.1537
1.1537
1.1537
1.1537
1.1537
1.1537
1.1537
1.1537
1.1537
1.1537
1.1537
1.1537
1.1537
1.1537
1.1161
1.1161
1.1161
1.1161
1.1161
1.1161
1.1161
1.1161
1.1161
1.1161
1.1161
1.1161
1.1161
1.1161
1.1161
1.1161
1.1161
1.1161
1.1161
1.1161
1.1161
1.1161
1.1161
1.1161
1.1161
1.1161
1.1161
1.1161
1.1161
1.1161
1.1161
1.1161
1.1161
1.1161
1.1161
1.1161
1.1161
1.1161
1.1161
1.1161
1.1161
1.1161
1.1161
1.1161
1.1161
1.1161
1.1161
1.1161
1.1161
1.1161
1.1161
1.1161
1.1161
1.1161
1.1161
1.1161
1.1161
1.1161
1.1161
1.1161
1.1161
1.1161
1.1161
1.1161
1.1161
1.1161
1.1161
1.1161
1.1161
1.1161
1.1161
1.1161
1.1161
1.1161
1.1161
1.1161
1.1161
1.1161
1.1161
1.1161
1.1161
1.1161
1.1161
1.1161
1.1161
1.1161
1.1161
1.1161
1.1161
1.1161
1.1161
1.1161
1.1161
1.1161
1.1161
1.1161
1.1161
1.1161
1.1161
1.1161
1.1161
1.1161
1.1161
1.1161
1.1161
1.1161
1.1161
1.1161
1.1161
1.1161
1.1161
1.1161
1.1161
1.1161
1.1161
1.1161
1.1161
1.1161
1.1161
1.1161
1.1161
1.1161
1.1161
1.1161
1.1161
1.1161
1.1161
1.1161
1.1161
1.1161
1.1161
1.1161
1.1161
1.1161
1.1161
1.1161
1.1161
1.1161
1.1161
1.1161
1.1161
1.1161
1.1161
1.1161
1.0869
1.0869
1.0869
1.0869
1.0869
1.0869
1.0869
1.0869
1.0869
1.0869
1.0869
1.0869
1.0869
1.0869
1.0869
1.0869
1.0869
1.0869
1.0869
1.0869
1.0869
1.0869
1.0869
1.0869
1.0869
1.0869
1.0869
1.0869
1.0869
1.0869
1.0869
1.0869
1.0869
1.0869
1.0869
1.0869
1.0869
1.0869
1.0869
1.0869
1.0869
1.0869
1.0869
1.0869
1.0869
1.0869
1.0869
1.0869
1.0869
1.0869
1.0869
1.0869
1.0869
1.0869
1.0869
1.0869
1.0869
1.0869
1.0869
1.0869
1.0869
1.0869
1.0869
1.0869
1.0869
1.0869
1.0869
1.0869
1.0869
1.0869
1.0869
1.0869
1.0869
1.0869
1.0869
1.0869
1.0869
1.0869
1.0869
1.0869
1.0869
1.0869
1.0869
1.0869
1.0869
1.0869
1.0869
1.0869
1.0869
1.0869
1.0869
1.0869
1.0869
1.0869
1.0869
1.0869
1.0869
1.0869
1.0869
1.0869
1.0869
1.0869
1.0869
1.0869
1.0869
1.0869
1.0869
1.0869
1.0869
1.0869
1.0869
1.0869
1.0869
1.0869
1.0869
1.0869
1.0869
1.0869
1.0869
1.0869
1.0869
1.0869
1.0869
1.0869
1.0869
1.0869
1.0869
1.0869
1.0869
1.0869
1.0869
1.0869
1.0869
1.0869
1.0869
1.0869
1.0869
1.0869
1.0869
1.0869
1.0869
1.0869
1.0869
1.0869
1.4121
1.4121
1.4121
1.4121
1.4121
1.4121
1.4121
1.4121
1.4121
1.4121
1.4121
1.4121
1.4121
1.4121
1.4121
1.4121
1.4121
1.4121
1.4121
1.4121
1.4121
1.4121
1.4121
1.4121
1.4121
1.4121
1.4121
1.4121
1.4121
1.4121
1.4121
1.4121
1.4121
1.4121
1.4121
1.4121
1.4121
1.4121
1.4121
1.4121
1.4121
1.4121
1.4121
1.4121
1.4121
1.4121
1.4121
1.4121
1.4121
1.4121
1.4121
1.4121
1.4121
1.4121
1.4121
1.4121
1.4121
1.4121
1.4121
1.4121
1.4121
1.4121
1.4121
1.4121
1.4121
1.4121
1.4121
1.4121
1.4121
1.4121
1.4121
1.4121
1.4121
1.4121
1.4121
1.4121
1.4121
1.4121
1.4121
1.4121
1.4121
1.4121
1.4121
1.4121
1.4121
1.4121
1.4121
1.4121
1.4121
1.4121
1.4121
1.4121
1.4121
1.4121
1.4121
1.4121
1.4121
1.4121
1.4121
1.4121
1.4121
1.4121
1.4121
1.4121
1.4121
1.4121
1.4121
1.4121
1.4121
1.4121
1.4121
1.4121
1.4121
1.4121
1.4121
1.4121
1.4121
1.4121
1.4121
1.4121
1.4121
1.4121
1.4121
1.4121
1.4121
1.4121
1.4121
1.4121
1.4121
1.4121
1.4121
1.4121
1.4121
1.4121
1.4121
1.4121
1.4121
1.4121
1.4121
1.4121
1.4121
1.4121
1.4121
1.4121
0.89675
0.89675
0.89675
0.89675
0.89675
0.89675
0.89675
0.89675
0.89675
0.89675
0.89675
0.89675
0.89675
0.89675
0.89675
0.89675
0.89675
0.89675
0.89675
0.89675
0.89675
0.89675
0.89675
0.89675
0.89675
0.89675
0.89675
0.89675
0.89675
0.89675
0.89675
0.89675
0.89675
0.89675
0.89675
0.89675
0.89675
0.89675
0.89675
0.89675
0.89675
0.89675
0.89675
0.89675
0.89675
0.89675
0.89675
0.89675
0.89675
0.89675
0.89675
0.89675
0.89675
0.89675
0.89675
0.89675
0.89675
0.89675
0.89675
0.89675
0.89675
0.89675
0.89675
0.89675
0.89675
0.89675
0.89675
0.89675
0.89675
0.89675
0.89675
0.89675
0.89675
0.89675
0.89675
0.89675
0.89675
0.89675
0.89675
0.89675
0.89675
0.89675
0.89675
0.89675
0.89675
0.89675
0.89675
0.89675
0.89675
0.89675
0.89675
0.89675
0.89675
0.89675
0.89675
0.89675
0.89675
0.89675
0.89675
0.89675
0.89675
0.89675
0.89675
0.89675
0.89675
0.89675
0.89675
0.89675
0.89675
0.89675
0.89675
0.89675
0.89675
0.89675
0.89675
0.89675
0.89675
0.89675
0.89675
0.89675
0.89675
0.89675
0.89675
0.89675
0.89675
0.89675
0.89675
0.89675
0.89675
0.89675
0.89675
0.89675
0.89675
0.89675
0.89675
0.89675
0.89675
0.89675
0.89675
0.89675
0.89675
0.89675
0.89675
0.89675
0.84025
0.84025
0.84025
0.84025
0.84025
0.84025
0.84025
0.84025
0.84025
0.84025
0.84025
0.84025
0.84025
0.84025
0.84025
0.84025
0.84025
0.84025
0.84025
0.84025
0.84025
0.84025
0.84025
0.84025
0.84025
0.84025
0.84025
0.84025
0.84025
0.84025
0.84025
0.84025
0.84025
0.84025
0.84025
0.84025
0.84025
0.84025
0.84025
0.84025
0.84025
0.84025
0.84025
0.84025
0.84025
0.84025
0.84025
0.84025
0.84025
0.84025
0.84025
0.84025
0.84025
0.84025
0.84025
0.84025
0.84025
0.84025
0.84025
0.84025
0.84025
0.84025
0.84025
0.84025
0.84025
0.84025
0.84025
0.84025
0.84025
0.84025
0.84025
0.84025
0.84025
0.84025
0.84025
0.84025
0.84025
0.84025
0.84025
0.84025
0.84025
0.84025
0.84025
0.84025
0.84025
0.84025
0.84025
0.84025
0.84025
0.84025
0.84025
0.84025
0.84025
0.84025
0.84025
0.84025
0.84025
0.84025
0.84025
0.84025
0.84025
0.84025
0.84025
0.84025
0.84025
0.84025
0.84025
0.84025
0.84025
0.84025
0.84025
0.84025
0.84025
0.84025
0.84025
0.84025
0.84025
0.84025
0.84025
0.84025
0.84025
0.84025
0.84025
0.84025
0.84025
0.84025
0.84025
0.84025
0.84025
0.84025
0.84025
0.84025
0.84025
0.84025
0.84025
0.84025
0.84025
0.84025
0.84025
0.84025
0.84025
0.84025
0.84025
0.84025
1.0696
1.0696
1.0696
1.0696
1.0696
1.0696
1.0696
1.0696
1.0696
1.0696
1.0696
1.0696
1.0696
1.0696
1.0696
1.0696
1.0696
1.0696
1.0696
1.0696
1.0696
1.0696
1.0696
1.0696
1.0696
1.0696
1.0696
1.0696
1.0696
1.0696
1.0696
1.0696
1.0696
1.0696
1.0696
1.0696
1.0696
1.0696
1.0696
1.0696
1.0696
1.0696
1.0696
1.0696
1.0696
1.0696
1.0696
1.0696
1.0696
1.0696
1.0696
1.0696
1.0696
1.0696
1.0696
1.0696
1.0696
1.0696
1.0696
1.0696
1.0696
1.0696
1.0696
1.0696
1.0696
1.0696
1.0696
1.0696
1.0696
1.0696
1.0696
1.0696
1.0696
1.0696
1.0696
1.0696
1.0696
1.0696
1.0696
1.0696
1.0696
1.0696
1.0696
1.0696
1.0696
1.0696
1.0696
1.0696
1.0696
1.0696
1.0696
1.0696
1.0696
1.0696
1.0696
1.0696
1.0696
1.0696
1.0696
1.0696
1.0696
1.0696
1.0696
1.0696
1.0696
1.0696
1.0696
1.0696
1.0696
1.0696
1.0696
1.0696
1.0696
1.0696
1.0696
1.0696
1.0696
1.0696
1.0696
1.0696
1.0696
1.0696
1.0696
1.0696
1.0696
1.0696
1.0696
1.0696
1.0696
1.0696
1.0696
1.0696
1.0696
1.0696
1.0696
1.0696
1.0696
1.0696
1.0696
1.0696
1.0696
1.0696
1.0696
1.0696
1.5303
1.5303
1.5303
1.5303
1.5303
1.5303
1.5303
1.5303
1.5303
1.5303
1.5303
1.5303
1.5303
1.5303
1.5303
1.5303
1.5303
1.5303
1.5303
1.5303
1.5303
1.5303
1.5303
1.5303
1.5303
1.5303
1.5303
1.5303
1.5303
1.5303
1.5303
1.5303
1.5303
1.5303
1.5303
1.5303
1.5303
1.5303
1.5303
1.5303
1.5303
1.5303
1.5303
1.5303
1.5303
1.5303
1.5303
1.5303
1.5303
1.5303
1.5303
1.5303
1.5303
1.5303
1.5303
1.5303
1.5303
1.5303
1.5303
1.5303
1.5303
1.5303
1.5303
1.5303
1.5303
1.5303
1.5303
1.5303
1.5303
1.5303
1.5303
1.5303
1.5303
1.5303
1.5303
1.5303
1.5303
1.5303
1.5303
1.5303
1.5303
1.5303
1.5303
1.5303
1.5303
1.5303
1.5303
1.5303
1.5303
1.5303
1.5303
1.5303
1.5303
1.5303
1.5303
1.5303
1.5303
1.5303
1.5303
1.5303
1.5303
1.5303
1.5303
1.5303
1.5303
1.5303
1.5303
1.5303
1.5303
1.5303
1.5303
1.5303
1.5303
1.5303
1.5303
1.5303
1.5303
1.5303
1.5303
1.5303
1.5303
1.5303
1.5303
1.5303
1.5303
1.5303
1.5303
1.5303
1.5303
1.5303
1.5303
1.5303
1.5303
1.5303
1.5303
1.5303
1.5303
1.5303
1.5303
1.5303
1.5303
1.5303
1.5303
1.5303
1.304
1.304
1.304
1.304
1.304
1.304
1.304
1.304
1.304
1.304
1.304
1.304
1.304
1.304
1.304
1.304
1.304
1.304
1.304
1.304
1.304
1.304
1.304
1.304
1.304
1.304
1.304
1.304
1.304
1.304
1.304
1.304
1.304
1.304
1.304
1.304
1.304
1.304
1.304
1.304
1.304
1.304
1.304
1.304
1.304
1.304
1.304
1.304
1.304
1.304
1.304
1.304
1.304
1.304
1.304
1.304
1.304
1.304
1.304
1.304
1.304
1.304
1.304
1.304
1.304
1.304
1.304
1.304
1.304
1.304
1.304
1.304
1.304
1.304
1.304
1.304
1.304
1.304
1.304
1.304
1.304
1.304
1.304
1.304
1.304
1.304
1.304
1.304
1.304
1.304
1.304
1.304
1.304
1.304
1.304
1.304
1.304
1.304
1.304
1.304
1.304
1.304
1.304
1.304
1.304
1.304
1.304
1.304
1.304
1.304
1.304
1.304
1.304
1.304
1.304
1.304
1.304
1.304
1.304
1.304
1.304
1.304
1.304
1.304
1.304
1.304
1.304
1.304
1.304
1.304
1.304
1.304
1.304
1.304
1.304
1.304
1.304
1.304
1.304
1.304
1.304
1.304
1.304
1.304
1.3185
1.3185
1.3185
1.3185
1.3185
1.3185
1.3185
1.3185
1.3185
1.3185
1.3185
1.3185
1.3185
1.3185
1.3185
1.3185
1.3185
1.3185
1.3185
1.3185
1.3185
1.3185
1.3185
1.3185
1.3185
1.3185
1.3185
1.3185
1.3185
1.3185
1.3185
1.3185
1.3185
1.3185
1.3185
1.3185
1.3185
1.3185
1.3185
1.3185
1.3185
1.3185
1.3185
1.3185
1.3185
1.3185
1.3185
1.3185
1.3185
1.3185
1.3185
1.3185
1.3185
1.3185
1.3185
1.3185
1.3185
1.3185
1.3185
1.3185
1.3185
1.3185
1.3185
1.3185
1.3185
1.3185
1.3185
1.3185
1.3185
1.3185
1.3185
1.3185
1.3185
1.3185
1.3185
1.3185
1.3185
1.3185
1.3185
1.3185
1.3185
1.3185
1.3185
1.3185
1.3185
1.3185
1.3185
1.3185
1.3185
1.3185
1.3185
1.3185
1.3185
1.3185
1.3185
1.3185
1.3185
1.3185
1.3185
1.3185
1.3185
1.3185
1.3185
1.3185
1.3185
1.3185
1.3185
1.3185
1.3185
1.3185
1.3185
1.3185
1.3185
1.3185
1.3185
1.3185
1.3185
1.3185
1.3185
1.3185
1.3185
1.3185
1.3185
1.3185
1.3185
1.3185
1.3185
1.3185
1.3185
1.3185
1.3185
1.3185
1.3185
1.3185
1.3185
1.3185
1.3185
1.3185
1.3185
1.3185
1.3185
1.3185
1.3185
1.3185
1.4934
1.4934
1.4934
1.4934
1.4934
1.4934
1.4934
1.4934
1.4934
1.4934
1.4934
1.4934
1.4934
1.4934
1.4934
1.4934
1.4934
1.4934
1.4934
1.4934
1.4934
1.4934
1.4934
1.4934
1.4934
1.4934
1.4934
1.4934
1.4934
1.4934
1.4934
1.4934
1.4934
1.4934
1.4934
1.4934
1.4934
1.4934
1.4934
1.4934
1.4934
1.4934
1.4934
1.4934
1.4934
1.4934
1.4934
1.4934
1.4934
1.4934
1.4934
1.4934
1.4934
1.4934
1.4934
1.4934
1.4934
1.4934
1.4934
1.4934
1.4934
1.4934
1.4934
1.4934
1.4934
1.4934
1.4934
1.4934
1.4934
1.4934
1.4934
1.4934
1.4934
1.4934
1.4934
1.4934
1.4934
1.4934
1.4934
1.4934
1.4934
1.4934
1.4934
1.4934
1.4934
1.4934
1.4934
1.4934
1.4934
1.4934
1.4934
1.4934
1.4934
1.4934
1.4934
1.4934
1.4934
1.4934
1.4934
1.4934
1.4934
1.4934
1.4934
1.4934
1.4934
1.4934
1.4934
1.4934
1.4934
1.4934
1.4934
1.4934
1.4934
1.4934
1.4934
1.4934
1.4934
1.4934
1.4934
1.4934
1.4934
1.4934
1.4934
1.4934
1.4934
1.4934
1.4934
1.4934
1.4934
1.4934
1.4934
1.4934
1.4934
1.4934
1.4934
1.4934
1.4934
1.4934
1.4934
1.4934
1.4934
1.4934
1.4934
1.4934
1.3319
1.3319
1.3319
1.3319
1.3319
1.3319
1.3319
1.3319
1.3319
1.3319
1.3319
1.3319
1.3319
1.3319
1.3319
1.3319
1.3319
1.3319
1.3319
1.3319
1.3319
1.3319
1.3319
1.3319
1.3319
1.3319
1.3319
1.3319
1.3319
1.3319
1.3319
1.3319
1.3319
1.3319
1.3319
1.3319
1.3319
1.3319
1.3319
1.3319
1.3319
1.3319
1.3319
1.3319
1.3319
1.3319
1.3319
1.3319
1.3319
1.3319
1.3319
1.3319
1.3319
1.3319
1.3319
1.3319
1.3319
1.3319
1.3319
1.3319
1.3319
1.3319
1.3319
1.3319
1.3319
1.3319
1.3319
1.3319
1.3319
1.3319
1.3319
1.3319
1.3319
1.3319
1.3319
1.3319
1.3319
1.3319
1.3319
1.3319
1.3319
1.3319
1.3319
1.3319
1.3319
1.3319
1.3319
1.3319
1.3319
1.3319
1.3319
1.3319
1.3319
1.3319
1.3319
1.3319
1.3319
1.3319
1.3319
1.3319
1.3319
1.3319
1.3319
1.3319
1.3319
1.3319
1.3319
1.3319
1.3319
1.3319
1.3319
1.3319
1.3319
1.3319
1.3319
1.3319
1.3319
1.3319
1.3319
1.3319
1.3319
1.3319
1.3319
1.3319
1.3319
1.3319
1.3319
1.3319
1.3319
1.3319
1.3319
1.3319
1.3319
1.3319
1.3319
1.3319
1.3319
1.3319
1.3319
1.3319
1.3319
1.3319
1.3319
1.3319
1.1039
1.1039
1.1039
1.1039
1.1039
1.1039
1.1039
1.1039
1.1039
1.1039
1.1039
1.1039
1.1039
1.1039
1.1039
1.1039
1.1039
1.1039
1.1039
1.1039
1.1039
1.1039
1.1039
1.1039
1.1039
1.1039
1.1039
1.1039
1.1039
1.1039
1.1039
1.1039
1.1039
1.1039
1.1039
1.1039
1.1039
1.1039
1.1039
1.1039
1.1039
1.1039
1.1039
1.1039
1.1039
1.1039
1.1039
1.1039
1.1039
1.1039
1.1039
1.1039
1.1039
1.1039
1.1039
1.1039
1.1039
1.1039
1.1039
1.1039
1.1039
1.1039
1.1039
1.1039
1.1039
1.1039
1.1039
1.1039
1.1039
1.1039
1.1039
1.1039
1.1039
1.1039
1.1039
1.1039
1.1039
1.1039
1.1039
1.1039
1.1039
1.1039
1.1039
1.1039
1.1039
1.1039
1.1039
1.1039
1.1039
1.1039
1.1039
1.1039
1.1039
1.1039
1.1039
1.1039
1.1039
1.1039
1.1039
1.1039
1.1039
1.1039
1.1039
1.1039
1.1039
1.1039
1.1039
1.1039
1.1039
1.1039
1.1039
1.1039
1.1039
1.1039
1.1039
1.1039
1.1039
1.1039
1.1039
1.1039
1.1039
1.1039
1.1039
1.1039
1.1039
1.1039
1.1039
1.1039
1.1039
1.1039
1.1039
1.1039
1.1039
1.1039
1.1039
1.1039
1.1039
1.1039
1.1039
1.1039
1.1039
1.1039
1.1039
1.1039
1.0779
1.0779
1.0779
1.0779
1.0779
1.0779
1.0779
1.0779
1.0779
1.0779
1.0779
1.0779
1.0779
1.0779
1.0779
1.0779
1.0779
1.0779
1.0779
1.0779
1.0779
1.0779
1.0779
1.0779
1.0779
1.0779
1.0779
1.0779
1.0779
1.0779
1.0779
1.0779
1.0779
1.0779
1.0779
1.0779
1.0779
1.0779
1.0779
1.0779
1.0779
1.0779
1.0779
1.0779
1.0779
1.0779
1.0779
1.0779
1.0779
1.0779
1.0779
1.0779
1.0779
1.0779
1.0779
1.0779
1.0779
1.0779
1.0779
1.0779
1.0779
1.0779
1.0779
1.0779
1.0779
1.0779
1.0779
1.0779
1.0779
1.0779
1.0779
1.0779
1.0779
1.0779
1.0779
1.0779
1.0779
1.0779
1.0779
1.0779
1.0779
1.0779
1.0779
1.0779
1.0779
1.0779
1.0779
1.0779
1.0779
1.0779
1.0779
1.0779
1.0779
1.0779
1.0779
1.0779
1.0779
1.0779
1.0779
1.0779
1.0779
1.0779
1.0779
1.0779
1.0779
1.0779
1.0779
1.0779
1.0779
1.0779
1.0779
1.0779
1.0779
1.0779
1.0779
1.0779
1.0779
1.0779
1.0779
1.0779
1.0779
1.0779
1.0779
1.0779
1.0779
1.0779
1.0779
1.0779
1.0779
1.0779
1.0779
1.0779
1.0779
1.0779
1.0779
1.0779
1.0779
1.0779
1.0779
1.0779
1.0779
1.0779
1.0779
1.0779
1.2383
1.2383
1.2383
1.2383
1.2383
1.2383
1.2383
1.2383
1.2383
1.2383
1.2383
1.2383
1.2383
1.2383
1.2383
1.2383
1.2383
1.2383
1.2383
1.2383
1.2383
1.2383
1.2383
1.2383
1.2383
1.2383
1.2383
1.2383
1.2383
1.2383
1.2383
1.2383
1.2383
1.2383
1.2383
1.2383
1.2383
1.2383
1.2383
1.2383
1.2383
1.2383
1.2383
1.2383
1.2383
1.2383
1.2383
1.2383
1.2383
1.2383
1.2383
1.2383
1.2383
1.2383
1.2383
1.2383
1.2383
1.2383
1.2383
1.2383
1.2383
1.2383
1.2383
1.2383
1.2383
1.2383
1.2383
1.2383
1.2383
1.2383
1.2383
1.2383
1.2383
1.2383
1.2383
1.2383
1.2383
1.2383
1.2383
1.2383
1.2383
1.2383
1.2383
1.2383
1.2383
1.2383
1.2383
1.2383
1.2383
1.2383
1.2383
1.2383
1.2383
1.2383
1.2383
1.2383
1.2383
1.2383
1.2383
1.2383
1.2383
1.2383
1.2383
1.2383
1.2383
1.2383
1.2383
1.2383
1.2383
1.2383
1.2383
1.2383
1.2383
1.2383
1.2383
1.2383
1.2383
1.2383
1.2383
1.2383
1.2383
1.2383
1.2383
1.2383
1.2383
1.2383
1.2383
1.2383
1.2383
1.2383
1.2383
1.2383
1.2383
1.2383
1.2383
1.2383
1.2383
1.2383
1.2383
1.2383
1.2383
1.2383
1.2383
1.2383
1.0395
1.0395
1.0395
1.0395
1.0395
1.0395
1.0395
1.0395
1.0395
1.0395
1.0395
1.0395
1.0395
1.0395
1.0395
1.0395
1.0395
1.0395
1.0395
1.0395
1.0395
1.0395
1.0395
1.0395
1.0395
1.0395
1.0395
1.0395
1.0395
1.0395
1.0395
1.0395
1.0395
1.0395
1.0395
1.0395
1.0395
1.0395
1.0395
1.0395
1.0395
1.0395
1.0395
1.0395
1.0395
1.0395
1.0395
1.0395
1.0395
1.0395
1.0395
1.0395
1.0395
1.0395
1.0395
1.0395
1.0395
1.0395
1.0395
1.0395
1.0395
1.0395
1.0395
1.0395
1.0395
1.0395
1.0395
1.0395
1.0395
1.0395
1.0395
1.0395
1.0395
1.0395
1.0395
1.0395
1.0395
1.0395
1.0395
1.0395
1.0395
1.0395
1.0395
1.0395
1.0395
1.0395
1.0395
1.0395
1.0395
1.0395
1.0395
1.0395
1.0395
1.0395
1.0395
1.0395
1.0395
1.0395
1.0395
1.0395
1.0395
1.0395
1.0395
1.0395
1.0395
1.0395
1.0395
1.0395
1.0395
1.0395
1.0395
1.0395
1.0395
1.0395
1.0395
1.0395
1.0395
1.0395
1.0395
1.0395
1.0395
1.0395
1.0395
1.0395
1.0395
1.0395
1.0395
1.0395
1.0395
1.0395
1.0395
1.0395
1.0395
1.0395
1.0395
1.0395
1.0395
1.0395
1.0395
1.0395
1.0395
1.0395
1.0395
1.0395
1.0436
1.0436
1.0436
1.0436
1.0436
1.0436
1.0436
1.0436
1.0436
1.0436
1.0436
1.0436
1.0436
1.0436
1.0436
1.0436
1.0436
1.0436
1.0436
1.0436
1.0436
1.0436
1.0436
1.0436
1.0436
1.0436
1.0436
1.0436
1.0436
1.0436
1.0436
1.0436
1.0436
1.0436
1.0436
1.0436
1.0436
1.0436
1.0436
1.0436
1.0436
1.0436
1.0436
1.0436
1.0436
1.0436
1.0436
1.0436
1.0436
1.0436
1.0436
1.0436
1.0436
1.0436
1.0436
1.0436
1.0436
1.0436
1.0436
1.0436
1.0436
1.0436
1.0436
1.0436
1.0436
1.0436
1.0436
1.0436
1.0436
1.0436
1.0436
1.0436
1.0436
1.0436
1.0436
1.0436
1.0436
1.0436
1.0436
1.0436
1.0436
1.0436
1.0436
1.0436
1.0436
1.0436
1.0436
1.0436
1.0436
1.0436
1.0436
1.0436
1.0436
1.0436
1.0436
1.0436
1.0436
1.0436
1.0436
1.0436
1.0436
1.0436
1.0436
1.0436
1.0436
1.0436
1.0436
1.0436
1.0436
1.0436
1.0436
1.0436
1.0436
1.0436
1.0436
1.0436
1.0436
1.0436
1.0436
1.0436
1.0436
1.0436
1.0436
1.0436
1.0436
1.0436
1.0436
1.0436
1.0436
1.0436
1.0436
1.0436
1.0436
1.0436
1.0436
1.0436
1.0436
1.0436
1.0436
1.0436
1.0436
1.0436
1.0436
1.0436
1.0228
1.0228
1.0228
1.0228
1.0228
1.0228
1.0228
1.0228
1.0228
1.0228
1.0228
1.0228
1.0228
1.0228
1.0228
1.0228
1.0228
1.0228
1.0228
1.0228
1.0228
1.0228
1.0228
1.0228
1.0228
1.0228
1.0228
1.0228
1.0228
1.0228
1.0228
1.0228
1.0228
1.0228
1.0228
1.0228
1.0228
1.0228
1.0228
1.0228
1.0228
1.0228
1.0228
1.0228
1.0228
1.0228
1.0228
1.0228
1.0228
1.0228
1.0228
1.0228
1.0228
1.0228
1.0228
1.0228
1.0228
1.0228
1.0228
1.0228
1.0228
1.0228
1.0228
1.0228
1.0228
1.0228
1.0228
1.0228
1.0228
1.0228
1.0228
1.0228
1.0228
1.0228
1.0228
1.0228
1.0228
1.0228
1.0228
1.0228
1.0228
1.0228
1.0228
1.0228
1.0228
1.0228
1.0228
1.0228
1.0228
1.0228
1.0228
1.0228
1.0228
1.0228
1.0228
1.0228
1.0228
1.0228
1.0228
1.0228
1.0228
1.0228
1.0228
1.0228
1.0228
1.0228
1.0228
1.0228
1.0228
1.0228
1.0228
1.0228
1.0228
1.0228
1.0228
1.0228
1.0228
1.0228
1.0228
1.0228
1.0228
1.0228
1.0228
1.0228
1.0228
1.0228
1.0228
1.0228
1.0228
1.0228
1.0228
1.0228
1.0228
1.0228
1.0228
1.0228
1.0228
1.0228
1.0228
1.0228
1.0228
1.0228
1.0228
1.0228
0.98869
0.98869
0.98869
0.98869
0.98869
0.98869
0.98869
0.98869
0.98869
0.98869
0.98869
0.98869
0.98869
0.98869
0.98869
0.98869
0.98869
0.98869
0.98869
0.98869
0.98869
0.98869
0.98869
0.98869
0.98869
0.98869
0.98869
0.98869
0.98869
0.98869
0.98869
0.98869
0.98869
0.98869
0.98869
0.98869
0.98869
0.98869
0.98869
0.98869
0.98869
0.98869
0.98869
0.98869
0.98869
0.98869
0.98869
0.98869
0.98869
0.98869
0.98869
0.98869
0.98869
0.98869
0.98869
0.98869
0.98869
0.98869
0.98869
0.98869
0.98869
0.98869
0.98869
0.98869
0.98869
0.98869
0.98869
0.98869
0.98869
0.98869
0.98869
0.98869
0.98869
0.98869
0.98869
0.98869
0.98869
0.98869
0.98869
0.98869
0.98869
0.98869
0.98869
0.98869
0.98869
0.98869
0.98869
0.98869
0.98869
0.98869
0.98869
0.98869
0.98869
0.98869
0.98869
0.98869
0.98869
0.98869
0.98869
0.98869
0.98869
0.98869
0.98869
0.98869
0.98869
0.98869
0.98869
0.98869
0.98869
0.98869
0.98869
0.98869
0.98869
0.98869
0.98869
0.98869
0.98869
0.98869
0.98869
0.98869
0.98869
0.98869
0.98869
0.98869
0.98869
0.98869
0.98869
0.98869
0.98869
0.98869
0.98869
0.98869
0.98869
0.98869
0.98869
0.98869
0.98869
0.98869
0.98869
0.98869
0.98869
0.98869
0.98869
0.98869
0.93587
0.93587
0.93587
0.93587
0.93587
0.93587
0.93587
0.93587
0.93587
0.93587
0.93587
0.93587
0.93587
0.93587
0.93587
0.93587
0.93587
0.93587
0.93587
0.93587
0.93587
0.93587
0.93587
0.93587
0.93587
0.93587
0.93587
0.93587
0.93587
0.93587
0.93587
0.93587
0.93587
0.93587
0.93587
0.93587
0.93587
0.93587
0.93587
0.93587
0.93587
0.93587
0.93587
0.93587
0.93587
0.93587
0.93587
0.93587
0.93587
0.93587
0.93587
0.93587
0.93587
0.93587
0.93587
0.93587
0.93587
0.93587
0.93587
0.93587
0.93587
0.93587
0.93587
0.93587
0.93587
0.93587
0.93587
0.93587
0.93587
0.93587
0.93587
0.93587
0.93587
0.93587
0.93587
0.93587
0.93587
0.93587
0.93587
0.93587
0.93587
0.93587
0.93587
0.93587
0.93587
0.93587
0.93587
0.93587
0.93587
0.93587
0.93587
0.93587
0.93587
0.93587
0.93587
0.93587
0.93587
0.93587
0.93587
0.93587
0.93587
0.93587
0.93587
0.93587
0.93587
0.93587
0.93587
0.93587
0.93587
0.93587
0.93587
0.93587
0.93587
0.93587
0.93587
0.93587
0.93587
0.93587
0.93587
0.93587
0.93587
0.93587
0.93587
0.93587
0.93587
0.93587
0.93587
0.93587
0.93587
0.93587
0.93587
0.93587
0.93587
0.93587
0.93587
0.93587
0.93587
0.93587
0.93587
0.93587
0.93587
0.93587
0.93587
0.93587
1.0239
1.0239
1.0239
1.0239
1.0239
1.0239
1.0239
1.0239
1.0239
1.0239
1.0239
1.0239
1.0239
1.0239
1.0239
1.0239
1.0239
1.0239
1.0239
1.0239
1.0239
1.0239
1.0239
1.0239
1.0239
1.0239
1.0239
1.0239
1.0239
1.0239
1.0239
1.0239
1.0239
1.0239
1.0239
1.0239
1.0239
1.0239
1.0239
1.0239
1.0239
1.0239
1.0239
1.0239
1.0239
1.0239
1.0239
1.0239
1.0239
1.0239
1.0239
1.0239
1.0239
1.0239
1.0239
1.0239
1.0239
1.0239
1.0239
1.0239
1.0239
1.0239
1.0239
1.0239
1.0239
1.0239
1.0239
1.0239
1.0239
1.0239
1.0239
1.0239
1.0239
1.0239
1.0239
1.0239
1.0239
1.0239
1.0239
1.0239
1.0239
1.0239
1.0239
1.0239
1.0239
1.0239
1.0239
1.0239
1.0239
1.0239
1.0239
1.0239
1.0239
1.0239
1.0239
1.0239
1.0239
1.0239
1.0239
1.0239
1.0239
1.0239
1.0239
1.0239
1.0239
1.0239
1.0239
1.0239
1.0239
1.0239
1.0239
1.0239
1.0239
1.0239
1.0239
1.0239
1.0239
1.0239
1.0239
1.0239
1.0239
1.0239
1.0239
1.0239
1.0239
1.0239
1.0239
1.0239
1.0239
1.0239
1.0239
1.0239
1.0239
1.0239
1.0239
1.0239
1.0239
1.0239
1.0239
1.0239
1.0239
1.0239
1.0239
1.0239
0.84243
0.84243
0.84243
0.84243
0.84243
0.84243
0.84243
0.84243
0.84243
0.84243
0.84243
0.84243
0.84243
0.84243
0.84243
0.84243
0.84243
0.84243
0.84243
0.84243
0.84243
0.84243
0.84243
0.84243
0.84243
0.84243
0.84243
0.84243
0.84243
0.84243
0.84243
0.84243
0.84243
0.84243
0.84243
0.84243
0.84243
0.84243
0.84243
0.84243
0.84243
0.84243
0.84243
0.84243
0.84243
0.84243
0.84243
0.84243
0.84243
0.84243
0.84243
0.84243
0.84243
0.84243
0.84243
0.84243
0.84243
0.84243
0.84243
0.84243
0.84243
0.84243
0.84243
0.84243
0.84243
0.84243
0.84243
0.84243
0.84243
0.84243
0.84243
0.84243
0.84243
0.84243
0.84243
0.84243
0.84243
0.84243
0.84243
0.84243
0.84243
0.84243
0.84243
0.84243
0.84243
0.84243
0.84243
0.84243
0.84243
0.84243
0.84243
0.84243
0.84243
0.84243
0.84243
0.84243
0.84243
0.84243
0.84243
0.84243
0.84243
0.84243
0.84243
0.84243
0.84243
0.84243
0.84243
0.84243
0.84243
0.84243
0.84243
0.84243
0.84243
0.84243
0.84243
0.84243
0.84243
0.84243
0.84243
0.84243
0.84243
0.84243
0.84243
0.84243
0.84243
0.84243
0.84243
0.84243
0.84243
0.84243
0.84243
0.84243
0.84243
0.84243
0.84243
0.84243
0.84243
0.84243
0.84243
0.84243
0.84243
0.84243
0.84243
0.84243
0.76475
0.76475
0.76475
0.76475
0.76475
0.76475
0.76475
0.76475
0.76475
0.76475
0.76475
0.76475
0.76475
0.76475
0.76475
0.76475
0.76475
0.76475
0.76475
0.76475
0.76475
0.76475
0.76475
0.76475
0.76475
0.76475
0.76475
0.76475
0.76475
0.76475
0.76475
0.76475
0.76475
0.76475
0.76475
0.76475
0.76475
0.76475
0.76475
0.76475
0.76475
0.76475
0.76475
0.76475
0.76475
0.76475
0.76475
0.76475
0.76475
0.76475
0.76475
0.76475
0.76475
0.76475
0.76475
0.76475
0.76475
0.76475
0.76475
0.76475
0.76475
0.76475
0.76475
0.76475
0.76475
0.76475
0.76475
0.76475
0.76475
0.76475
0.76475
0.76475
0.76475
0.76475
0.76475
0.76475
0.76475
0.76475
0.76475
0.76475
0.76475
0.76475
0.76475
0.76475
0.76475
0.76475
0.76475
0.76475
0.76475
0.76475
0.76475
0.76475
0.76475
0.76475
0.76475
0.76475
0.76475
0.76475
0.76475
0.76475
0.76475
0.76475
0.76475
0.76475
0.76475
0.76475
0.76475
0.76475
0.76475
0.76475
0.76475
0.76475
0.76475
0.76475
0.76475
0.76475
0.76475
0.76475
0.76475
0.76475
0.76475
0.76475
0.76475
0.76475
0.76475
0.76475
0.76475
0.76475
0.76475
0.76475
0.76475
0.76475
0.76475
0.76475
0.76475
0.76475
0.76475
0.76475
0.76475
0.76475
0.76475
0.76475
0.76475
0.76475
0.79518
0.79518
0.79518
0.79518
0.79518
0.79518
0.79518
0.79518
0.79518
0.79518
0.79518
0.79518
0.79518
0.79518
0.79518
0.79518
0.79518
0.79518
0.79518
0.79518
0.79518
0.79518
0.79518
0.79518
0.79518
0.79518
0.79518
0.79518
0.79518
0.79518
0.79518
0.79518
0.79518
0.79518
0.79518
0.79518
0.79518
0.79518
0.79518
0.79518
0.79518
0.79518
0.79518
0.79518
0.79518
0.79518
0.79518
0.79518
0.79518
0.79518
0.79518
0.79518
0.79518
0.79518
0.79518
0.79518
0.79518
0.79518
0.79518
0.79518
0.79518
0.79518
0.79518
0.79518
0.79518
0.79518
0.79518
0.79518
0.79518
0.79518
0.79518
0.79518
0.79518
0.79518
0.79518
0.79518
0.79518
0.79518
0.79518
0.79518
0.79518
0.79518
0.79518
0.79518
0.79518
0.79518
0.79518
0.79518
0.79518
0.79518
0.79518
0.79518
0.79518
0.79518
0.79518
0.79518
0.79518
0.79518
0.79518
0.79518
0.79518
0.79518
0.79518
0.79518
0.79518
0.79518
0.79518
0.79518
0.79518
0.79518
0.79518
0.79518
0.79518
0.79518
0.79518
0.79518
0.79518
0.79518
0.79518
0.79518
0.79518
0.79518
0.79518
0.79518
0.79518
0.79518
0.79518
0.79518
0.79518
0.79518
0.79518
0.79518
0.79518
0.79518
0.79518
0.79518
0.79518
0.79518
0.79518
0.79518
0.79518
0.79518
0.79518
0.79518
1.0711
1.0711
1.0711
1.0711
1.0711
1.0711
1.0711
1.0711
1.0711
1.0711
1.0711
1.0711
1.0711
1.0711
1.0711
1.0711
1.0711
1.0711
1.0711
1.0711
1.0711
1.0711
1.0711
1.0711
1.0711
1.0711
1.0711
1.0711
1.0711
1.0711
1.0711
1.0711
1.0711
1.0711
1.0711
1.0711
1.0711
1.0711
1.0711
1.0711
1.0711
1.0711
1.0711
1.0711
1.0711
1.0711
1.0711
1.0711
1.0711
1.0711
1.0711
1.0711
1.0711
1.0711
1.0711
1.0711
1.0711
1.0711
1.0711
1.0711
1.0711
1.0711
1.0711
1.0711
1.0711
1.0711
1.0711
1.0711
1.0711
1.0711
1.0711
1.0711
1.0711
1.0711
1.0711
1.0711
1.0711
1.0711
1.0711
1.0711
1.0711
1.0711
1.0711
1.0711
1.0711
1.0711
1.0711
1.0711
1.0711
1.0711
1.0711
1.0711
1.0711
1.0711
1.0711
1.0711
1.0711
1.0711
1.0711
1.0711
1.0711
1.0711
1.0711
1.0711
1.0711
1.0711
1.0711
1.0711
1.0711
1.0711
1.0711
1.0711
1.0711
1.0711
1.0711
1.0711
1.0711
1.0711
1.0711
1.0711
1.0711
1.0711
1.0711
1.0711
1.0711
1.0711
1.0711
1.0711
1.0711
1.0711
1.0711
1.0711
1.0711
1.0711
1.0711
1.0711
1.0711
1.0711
1.0711
1.0711
1.0711
1.0711
1.0711
1.0711
1.1456
1.1456
1.1456
1.1456
1.1456
1.1456
1.1456
1.1456
1.1456
1.1456
1.1456
1.1456
1.1456
1.1456
1.1456
1.1456
1.1456
1.1456
1.1456
1.1456
1.1456
1.1456
1.1456
1.1456
1.1456
1.1456
1.1456
1.1456
1.1456
1.1456
1.1456
1.1456
1.1456
1.1456
1.1456
1.1456
1.1456
1.1456
1.1456
1.1456
1.1456
1.1456
1.1456
1.1456
1.1456
1.1456
1.1456
1.1456
1.1456
1.1456
1.1456
1.1456
1.1456
1.1456
1.1456
1.1456
1.1456
1.1456
1.1456
1.1456
1.1456
1.1456
1.1456
1.1456
1.1456
1.1456
1.1456
1.1456
1.1456
1.1456
1.1456
1.1456
1.1456
1.1456
1.1456
1.1456
1.1456
1.1456
1.1456
1.1456
1.1456
1.1456
1.1456
1.1456
1.1456
1.1456
1.1456
1.1456
1.1456
1.1456
1.1456
1.1456
1.1456
1.1456
1.1456
1.1456
1.1456
1.1456
1.1456
1.1456
1.1456
1.1456
1.1456
1.1456
1.1456
1.1456
1.1456
1.1456
1.1456
1.1456
1.1456
1.1456
1.1456
1.1456
1.1456
1.1456
1.1456
1.1456
1.1456
1.1456
1.1456
1.1456
1.1456
1.1456
1.1456
1.1456
1.1456
1.1456
1.1456
1.1456
1.1456
1.1456
1.1456
1.1456
1.1456
1.1456
1.1456
1.1456
1.1456
1.1456
1.1456
1.1456
1.1456
1.1456
1.051
1.051
1.051
1.051
1.051
1.051
1.051
1.051
1.051
1.051
1.051
1.051
1.051
1.051
1.051
1.051
1.051
1.051
1.051
1.051
1.051
1.051
1.051
1.051
1.051
1.051
1.051
1.051
1.051
1.051
1.051
1.051
1.051
1.051
1.051
1.051
1.051
1.051
1.051
1.051
1.051
1.051
1.051
1.051
1.051
1.051
1.051
1.051
1.051
1.051
1.051
1.051
1.051
1.051
1.051
1.051
1.051
1.051
1.051
1.051
1.051
1.051
1.051
1.051
1.051
1.051
1.051
1.051
1.051
1.051
1.051
1.051
1.051
1.051
1.051
1.051
1.051
1.051
1.051
1.051
1.051
1.051
1.051
1.051
1.051
1.051
1.051
1.051
1.051
1.051
1.051
1.051
1.051
1.051
1.051
1.051
1.051
1.051
1.051
1.051
1.051
1.051
1.051
1.051
1.051
1.051
1.051
1.051
1.051
1.051
1.051
1.051
1.051
1.051
1.051
1.051
1.051
1.051
1.051
1.051
1.051
1.051
1.051
1.051
1.051
1.051
1.051
1.051
1.051
1.051
1.051
1.051
1.051
1.051
1.051
1.051
1.051
1.051
1.051
1.051
1.051
1.051
1.051
1.051
1.0227
1.0227
1.0227
1.0227
1.0227
1.0227
1.0227
1.0227
1.0227
1.0227
1.0227
1.0227
1.0227
1.0227
1.0227
1.0227
1.0227
1.0227
1.0227
1.0227
1.0227
1.0227
1.0227
1.0227
1.0227
1.0227
1.0227
1.0227
1.0227
1.0227
1.0227
1.0227
1.0227
1.0227
1.0227
1.0227
1.0227
1.0227
1.0227
1.0227
1.0227
1.0227
1.0227
1.0227
1.0227
1.0227
1.0227
1.0227
1.0227
1.0227
1.0227
1.0227
1.0227
1.0227
1.0227
1.0227
1.0227
1.0227
1.0227
1.0227
1.0227
1.0227
1.0227
1.0227
1.0227
1.0227
1.0227
1.0227
1.0227
1.0227
1.0227
1.0227
1.0227
1.0227
1.0227
1.0227
1.0227
1.0227
1.0227
1.0227
1.0227
1.0227
1.0227
1.0227
1.0227
1.0227
1.0227
1.0227
1.0227
1.0227
1.0227
1.0227
1.0227
1.0227
1.0227
1.0227
1.0227
1.0227
1.0227
1.0227
1.0227
1.0227
1.0227
1.0227
1.0227
1.0227
1.0227
1.0227
1.0227
1.0227
1.0227
1.0227
1.0227
1.0227
1.0227
1.0227
1.0227
1.0227
1.0227
1.0227
1.0227
1.0227
1.0227
1.0227
1.0227
1.0227
1.0227
1.0227
1.0227
1.0227
1.0227
1.0227
1.0227
1.0227
1.0227
1.0227
1.0227
1.0227
1.0227
1.0227
1.0227
1.0227
1.0227
1.0227
1.2153
1.2153
1.2153
1.2153
1.2153
1.2153
1.2153
1.2153
1.2153
1.2153
1.2153
1.2153
1.2153
1.2153
1.2153
1.2153
1.2153
1.2153
1.2153
1.2153
1.2153
1.2153
1.2153
1.2153
1.2153
1.2153
1.2153
1.2153
1.2153
1.2153
1.2153
1.2153
1.2153
1.2153
1.2153
1.2153
1.2153
1.2153
1.2153
1.2153
1.2153
1.2153
1.2153
1.2153
1.2153
1.2153
1.2153
1.2153
1.2153
1.2153
1.2153
1.2153
1.2153
1.2153
1.2153
1.2153
1.2153
1.2153
1.2153
1.2153
1.2153
1.2153
1.2153
1.2153
1.2153
1.2153
1.2153
1.2153
1.2153
1.2153
1.2153
1.2153
1.2153
1.2153
1.2153
1.2153
1.2153
1.2153
1.2153
1.2153
1.2153
1.2153
1.2153
1.2153
1.2153
1.2153
1.2153
1.2153
1.2153
1.2153
1.2153
1.2153
1.2153
1.2153
1.2153
1.2153
1.2153
1.2153
1.2153
1.2153
1.2153
1.2153
1.2153
1.2153
1.2153
1.2153
1.2153
1.2153
1.2153
1.2153
1.2153
1.2153
1.2153
1.2153
1.2153
1.2153
1.2153
1.2153
1.2153
1.2153
1.2153
1.2153
1.2153
1.2153
1.2153
1.2153
1.2153
1.2153
1.2153
1.2153
1.2153
1.2153
1.2153
1.2153
1.2153
1.2153
1.2153
1.2153
1.2153
1.2153
1.2153
1.2153
1.2153
1.2153
1.004
1.004
1.004
1.004
1.004
1.004
1.004
1.004
1.004
1.004
1.004
1.004
1.004
1.004
1.004
1.004
1.004
1.004
1.004
1.004
1.004
1.004
1.004
1.004
1.004
1.004
1.004
1.004
1.004
1.004
1.004
1.004
1.004
1.004
1.004
1.004
1.004
1.004
1.004
1.004
1.004
1.004
1.004
1.004
1.004
1.004
1.004
1.004
1.004
1.004
1.004
1.004
1.004
1.004
1.004
1.004
1.004
1.004
1.004
1.004
1.004
1.004
1.004
1.004
1.004
1.004
1.004
1.004
1.004
1.004
1.004
1.004
1.004
1.004
1.004
1.004
1.004
1.004
1.004
1.004
1.004
1.004
1.004
1.004
1.004
1.004
1.004
1.004
1.004
1.004
1.004
1.004
1.004
1.004
1.004
1.004
1.004
1.004
1.004
1.004
1.004
1.004
1.004
1.004
1.004
1.004
1.004
1.004
1.004
1.004
1.004
1.004
1.004
1.004
1.004
1.004
1.004
1.004
1.004
1.004
1.004
1.004
1.004
1.004
1.004
1.004
1.004
1.004
1.004
1.004
1.004
1.004
1.004
1.004
1.004
1.004
1.004
1.004
1.004
1.004
1.004
1.004
1.004
1.004
0.92951
0.92951
0.92951
0.92951
0.92951
0.92951
0.92951
0.92951
0.92951
0.92951
0.92951
0.92951
0.92951
0.92951
0.92951
0.92951
0.92951
0.92951
0.92951
0.92951
0.92951
0.92951
0.92951
0.92951
0.92951
0.92951
0.92951
0.92951
0.92951
0.92951
0.92951
0.92951
0.92951
0.92951
0.92951
0.92951
0.92951
0.92951
0.92951
0.92951
0.92951
0.92951
0.92951
0.92951
0.92951
0.92951
0.92951
0.92951
0.92951
0.92951
0.92951
0.92951
0.92951
0.92951
0.92951
0.92951
0.92951
0.92951
0.92951
0.92951
0.92951
0.92951
0.92951
0.92951
0.92951
0.92951
0.92951
0.92951
0.92951
0.92951
0.92951
0.92951
0.92951
0.92951
0.92951
0.92951
0.92951
0.92951
0.92951
0.92951
0.92951
0.92951
0.92951
0.92951
0.92951
0.92951
0.92951
0.92951
0.92951
0.92951
0.92951
0.92951
0.92951
0.92951
0.92951
0.92951
0.92951
0.92951
0.92951
0.92951
0.92951
0.92951
0.92951
0.92951
0.92951
0.92951
0.92951
0.92951
0.92951
0.92951
0.92951
0.92951
0.92951
0.92951
0.92951
0.92951
0.92951
0.92951
0.92951
0.92951
0.92951
0.92951
0.92951
0.92951
0.92951
0.92951
0.92951
0.92951
0.92951
0.92951
0.92951
0.92951
0.92951
0.92951
0.92951
0.92951
0.92951
0.92951
0.92951
0.92951
0.92951
0.92951
0.92951
0.92951
1.2593
1.2593
1.2593
1.2593
1.2593
1.2593
1.2593
1.2593
1.2593
1.2593
1.2593
1.2593
1.2593
1.2593
1.2593
1.2593
1.2593
1.2593
1.2593
1.2593
1.2593
1.2593
1.2593
1.2593
1.2593
1.2593
1.2593
1.2593
1.2593
1.2593
1.2593
1.2593
1.2593
1.2593
1.2593
1.2593
1.2593
1.2593
1.2593
1.2593
1.2593
1.2593
1.2593
1.2593
1.2593
1.2593
1.2593
1.2593
1.2593
1.2593
1.2593
1.2593
1.2593
1.2593
1.2593
1.2593
1.2593
1.2593
1.2593
1.2593
1.2593
1.2593
1.2593
1.2593
1.2593
1.2593
1.2593
1.2593
1.2593
1.2593
1.2593
1.2593
1.2593
1.2593
1.2593
1.2593
1.2593
1.2593
1.2593
1.2593
1.2593
1.2593
1.2593
1.2593
1.2593
1.2593
1.2593
1.2593
1.2593
1.2593
1.2593
1.2593
1.2593
1.2593
1.2593
1.2593
1.2593
1.2593
1.2593
1.2593
1.2593
1.2593
1.2593
1.2593
1.2593
1.2593
1.2593
1.2593
1.2593
1.2593
1.2593
1.2593
1.2593
1.2593
1.2593
1.2593
1.2593
1.2593
1.2593
1.2593
1.2593
1.2593
1.2593
1.2593
1.2593
1.2593
1.2593
1.2593
1.2593
1.2593
1.2593
1.2593
1.2593
1.2593
1.2593
1.2593
1.2593
1.2593
1.2593
1.2593
1.2593
1.2593
1.2593
1.2593
0.82214
0.82214
0.82214
0.82214
0.82214
0.82214
0.82214
0.82214
0.82214
0.82214
0.82214
0.82214
0.82214
0.82214
0.82214
0.82214
0.82214
0.82214
0.82214
0.82214
0.82214
0.82214
0.82214
0.82214
0.82214
0.82214
0.82214
0.82214
0.82214
0.82214
0.82214
0.82214
0.82214
0.82214
0.82214
0.82214
0.82214
0.82214
0.82214
0.82214
0.82214
0.82214
0.82214
0.82214
0.82214
0.82214
0.82214
0.82214
0.82214
0.82214
0.82214
0.82214
0.82214
0.82214
0.82214
0.82214
0.82214
0.82214
0.82214
0.82214
0.82214
0.82214
0.82214
0.82214
0.82214
0.82214
0.82214
0.82214
0.82214
0.82214
0.82214
0.82214
0.82214
0.82214
0.82214
0.82214
0.82214
0.82214
0.82214
0.82214
0.82214
0.82214
0.82214
0.82214
0.82214
0.82214
0.82214
0.82214
0.82214
0.82214
0.82214
0.82214
0.82214
0.82214
0.82214
0.82214
0.82214
0.82214
0.82214
0.82214
0.82214
0.82214
0.82214
0.82214
0.82214
0.82214
0.82214
0.82214
0.82214
0.82214
0.82214
0.82214
0.82214
0.82214
0.82214
0.82214
0.82214
0.82214
0.82214
0.82214
0.82214
0.82214
0.82214
0.82214
0.82214
0.82214
0.82214
0.82214
0.82214
0.82214
0.82214
0.82214
0.82214
0.82214
0.82214
0.82214
0.82214
0.82214
0.82214
0.82214
0.82214
0.82214
0.82214
0.82214
0.83758
0.83758
0.83758
0.83758
0.83758
0.83758
0.83758
0.83758
0.83758
0.83758
0.83758
0.83758
0.83758
0.83758
0.83758
0.83758
0.83758
0.83758
0.83758
0.83758
0.83758
0.83758
0.83758
0.83758
0.83758
0.83758
0.83758
0.83758
0.83758
0.83758
0.83758
0.83758
0.83758
0.83758
0.83758
0.83758
0.83758
0.83758
0.83758
0.83758
0.83758
0.83758
0.83758
0.83758
0.83758
0.83758
0.83758
0.83758
0.83758
0.83758
0.83758
0.83758
0.83758
0.83758
0.83758
0.83758
0.83758
0.83758
0.83758
0.83758
0.83758
0.83758
0.83758
0.83758
0.83758
0.83758
0.83758
0.83758
0.83758
0.83758
0.83758
0.83758
0.83758
0.83758
0.83758
0.83758
0.83758
0.83758
0.83758
0.83758
0.83758
0.83758
0.83758
0.83758
0.83758
0.83758
0.83758
0.83758
0.83758
0.83758
0.83758
0.83758
0.83758
0.83758
0.83758
0.83758
0.83758
0.83758
0.83758
0.83758
0.83758
0.83758
0.83758
0.83758
0.83758
0.83758
0.83758
0.83758
0.83758
0.83758
0.83758
0.83758
0.83758
0.83758
0.83758
0.83758
0.83758
0.83758
0.83758
0.83758
0.83758
0.83758
0.83758
0.83758
0.83758
0.83758
0.83758
0.83758
0.83758
0.83758
0.83758
0.83758
0.83758
0.83758
0.83758
0.83758
0.83758
0.83758
0.83758
0.83758
0.83758
0.83758
0.83758
0.83758
0.97113
0.97113
0.97113
0.97113
0.97113
0.97113
0.97113
0.97113
0.97113
0.97113
0.97113
0.97113
0.97113
0.97113
0.97113
0.97113
0.97113
0.97113
0.97113
0.97113
0.97113
0.97113
0.97113
0.97113
0.97113
0.97113
0.97113
0.97113
0.97113
0.97113
0.97113
0.97113
0.97113
0.97113
0.97113
0.97113
0.97113
0.97113
0.97113
0.97113
0.97113
0.97113
0.97113
0.97113
0.97113
0.97113
0.97113
0.97113
0.97113
0.97113
0.97113
0.97113
0.97113
0.97113
0.97113
0.97113
0.97113
0.97113
0.97113
0.97113
0.97113
0.97113
0.97113
0.97113
0.97113
0.97113
0.97113
0.97113
0.97113
0.97113
0.97113
0.97113
0.97113
0.97113
0.97113
0.97113
0.97113
0.97113
0.97113
0.97113
0.97113
0.97113
0.97113
0.97113
0.97113
0.97113
0.97113
0.97113
0.97113
0.97113
0.97113
0.97113
0.97113
0.97113
0.97113
0.97113
0.97113
0.97113
0.97113
0.97113
0.97113
0.97113
0.97113
0.97113
0.97113
0.97113
0.97113
0.97113
0.97113
0.97113
0.97113
0.97113
0.97113
0.97113
0.97113
0.97113
0.97113
0.97113
0.97113
0.97113
0.97113
0.97113
0.97113
0.97113
0.97113
0.97113
0.97113
0.97113
0.97113
0.97113
0.97113
0.97113
0.97113
0.97113
0.97113
0.97113
0.97113
0.97113
0.97113
0.97113
0.97113
0.97113
0.97113
0.97113
0.93018
0.93018
0.93018
0.93018
0.93018
0.93018
0.93018
0.93018
0.93018
0.93018
0.93018
0.93018
0.93018
0.93018
0.93018
0.93018
0.93018
0.93018
0.93018
0.93018
0.93018
0.93018
0.93018
0.93018
0.93018
0.93018
0.93018
0.93018
0.93018
0.93018
0.93018
0.93018
0.93018
0.93018
0.93018
0.93018
0.93018
0.93018
0.93018
0.93018
0.93018
0.93018
0.93018
0.93018
0.93018
0.93018
0.93018
0.93018
0.93018
0.93018
0.93018
0.93018
0.93018
0.93018
0.93018
0.93018
0.93018
0.93018
0.93018
0.93018
0.93018
0.93018
0.93018
0.93018
0.93018
0.93018
0.93018
0.93018
0.93018
0.93018
0.93018
0.93018
0.93018
0.93018
0.93018
0.93018
0.93018
0.93018
0.93018
0.93018
0.93018
0.93018
0.93018
0.93018
0.93018
0.93018
0.93018
0.93018
0.93018
0.93018
0.93018
0.93018
0.93018
0.93018
0.93018
0.93018
0.93018
0.93018
0.93018
0.93018
0.93018
0.93018
0.93018
0.93018
0.93018
0.93018
0.93018
0.93018
0.93018
0.93018
0.93018
0.93018
0.93018
0.93018
0.93018
0.93018
0.93018
0.93018
0.93018
0.93018
0.93018
0.93018
0.93018
0.93018
0.93018
0.93018
0.93018
0.93018
0.93018
0.93018
0.93018
0.93018
0.93018
0.93018
0.93018
0.93018
0.93018
0.93018
0.93018
0.93018
0.93018
0.93018
0.93018
0.93018
0.82357
0.82357
0.82357
0.82357
0.82357
0.82357
0.82357
0.82357
0.82357
0.82357
0.82357
0.82357
0.82357
0.82357
0.82357
0.82357
0.82357
0.82357
0.82357
0.82357
0.82357
0.82357
0.82357
0.82357
0.82357
0.82357
0.82357
0.82357
0.82357
0.82357
0.82357
0.82357
0.82357
0.82357
0.82357
0.82357
0.82357
0.82357
0.82357
0.82357
0.82357
0.82357
0.82357
0.82357
0.82357
0.82357
0.82357
0.82357
0.82357
0.82357
0.82357
0.82357
0.82357
0.82357
0.82357
0.82357
0.82357
0.82357
0.82357
0.82357
0.82357
0.82357
0.82357
0.82357
0.82357
0.82357
0.82357
0.82357
0.82357
0.82357
0.82357
0.82357
0.82357
0.82357
0.82357
0.82357
0.82357
0.82357
0.82357
0.82357
0.82357
0.82357
0.82357
0.82357
0.82357
0.82357
0.82357
0.82357
0.82357
0.82357
0.82357
0.82357
0.82357
0.82357
0.82357
0.82357
0.82357
0.82357
0.82357
0.82357
0.82357
0.82357
0.82357
0.82357
0.82357
0.82357
0.82357
0.82357
0.82357
0.82357
0.82357
0.82357
0.82357
0.82357
0.82357
0.82357
0.82357
0.82357
0.82357
0.82357
0.82357
0.82357
0.82357
0.82357
0.82357
0.82357
0.82357
0.82357
0.82357
0.82357
0.82357
0.82357
0.82357
0.82357
0.82357
0.82357
0.82357
0.82357
0.82357
0.82357
0.82357
0.82357
0.82357
0.82357
0.83861
0.83861
0.83861
0.83861
0.83861
0.83861
0.83861
0.83861
0.83861
0.83861
0.83861
0.83861
0.83861
0.83861
0.83861
0.83861
0.83861
0.83861
0.83861
0.83861
0.83861
0.83861
0.83861
0.83861
0.83861
0.83861
0.83861
0.83861
0.83861
0.83861
0.83861
0.83861
0.83861
0.83861
0.83861
0.83861
0.83861
0.83861
0.83861
0.83861
0.83861
0.83861
0.83861
0.83861
0.83861
0.83861
0.83861
0.83861
0.83861
0.83861
0.83861
0.83861
0.83861
0.83861
0.83861
0.83861
0.83861
0.83861
0.83861
0.83861
0.83861
0.83861
0.83861
0.83861
0.83861
0.83861
0.83861
0.83861
0.83861
0.83861
0.83861
0.83861
0.83861
0.83861
0.83861
0.83861
0.83861
0.83861
0.83861
0.83861
0.83861
0.83861
0.83861
0.83861
0.83861
0.83861
0.83861
0.83861
0.83861
0.83861
0.83861
0.83861
0.83861
0.83861
0.83861
0.83861
0.83861
0.83861
0.83861
0.83861
0.83861
0.83861
0.83861
0.83861
0.83861
0.83861
0.83861
0.83861
0.83861
0.83861
0.83861
0.83861
0.83861
0.83861
0.83861
0.83861
0.83861
0.83861
0.83861
0.83861
0.83861
0.83861
0.83861
0.83861
0.83861
0.83861
0.83861
0.83861
0.83861
0.83861
0.83861
0.83861
0.83861
0.83861
0.83861
0.83861
0.83861
0.83861
0.83861
0.83861
0.83861
0.83861
0.83861
0.83861
0.77884
0.77884
0.77884
0.77884
0.77884
0.77884
0.77884
0.77884
0.77884
0.77884
0.77884
0.77884
0.77884
0.77884
0.77884
0.77884
0.77884
0.77884
0.77884
0.77884
0.77884
0.77884
0.77884
0.77884
0.77884
0.77884
0.77884
0.77884
0.77884
0.77884
0.77884
0.77884
0.77884
0.77884
0.77884
0.77884
0.77884
0.77884
0.77884
0.77884
0.77884
0.77884
0.77884
0.77884
0.77884
0.77884
0.77884
0.77884
0.77884
0.77884
0.77884
0.77884
0.77884
0.77884
0.77884
0.77884
0.77884
0.77884
0.77884
0.77884
0.77884
0.77884
0.77884
0.77884
0.77884
0.77884
0.77884
0.77884
0.77884
0.77884
0.77884
0.77884
0.77884
0.77884
0.77884
0.77884
0.77884
0.77884
0.77884
0.77884
0.77884
0.77884
0.77884
0.77884
0.77884
0.77884
0.77884
0.77884
0.77884
0.77884
0.77884
0.77884
0.77884
0.77884
0.77884
0.77884
0.77884
0.77884
0.77884
0.77884
0.77884
0.77884
0.77884
0.77884
0.77884
0.77884
0.77884
0.77884
0.77884
0.77884
0.77884
0.77884
0.77884
0.77884
0.77884
0.77884
0.77884
0.77884
0.77884
0.77884
0.77884
0.77884
0.77884
0.77884
0.77884
0.77884
0.77884
0.77884
0.77884
0.77884
0.77884
0.77884
0.77884
0.77884
0.77884
0.77884
0.77884
0.77884
0.77884
0.77884
0.77884
0.77884
0.77884
0.77884
0.6915
0.6915
0.6915
0.6915
0.6915
0.6915
0.6915
0.6915
0.6915
0.6915
0.6915
0.6915
0.6915
0.6915
0.6915
0.6915
0.6915
0.6915
0.6915
0.6915
0.6915
0.6915
0.6915
0.6915
0.6915
0.6915
0.6915
0.6915
0.6915
0.6915
0.6915
0.6915
0.6915
0.6915
0.6915
0.6915
0.6915
0.6915
0.6915
0.6915
0.6915
0.6915
0.6915
0.6915
0.6915
0.6915
0.6915
0.6915
0.6915
0.6915
0.6915
0.6915
0.6915
0.6915
0.6915
0.6915
0.6915
0.6915
0.6915
0.6915
0.6915
0.6915
0.6915
0.6915
0.6915
0.6915
0.6915
0.6915
0.6915
0.6915
0.6915
0.6915
0.6915
0.6915
0.6915
0.6915
0.6915
0.6915
0.6915
0.6915
0.6915
0.6915
0.6915
0.6915
0.6915
0.6915
0.6915
0.6915
0.6915
0.6915
0.6915
0.6915
0.6915
0.6915
0.6915
0.6915
0.6915
0.6915
0.6915
0.6915
0.6915
0.6915
0.6915
0.6915
0.6915
0.6915
0.6915
0.6915
0.6915
0.6915
0.6915
0.6915
0.6915
0.6915
0.6915
0.6915
0.6915
0.6915
0.6915
0.6915
0.6915
0.6915
0.6915
0.6915
0.6915
0.6915
0.6915
0.6915
0.6915
0.6915
0.6915
0.6915
0.6915
0.6915
0.6915
0.6915
0.6915
0.6915
0.6915
0.6915
0.6915
0.6915
0.6915
0.6915
0.69755
0.69755
0.69755
0.69755
0.69755
0.69755
0.69755
0.69755
0.69755
0.69755
0.69755
0.69755
0.69755
0.69755
0.69755
0.69755
0.69755
0.69755
0.69755
0.69755
0.69755
0.69755
0.69755
0.69755
0.69755
0.69755
0.69755
0.69755
0.69755
0.69755
0.69755
0.69755
0.69755
0.69755
0.69755
0.69755
0.69755
0.69755
0.69755
0.69755
0.69755
0.69755
0.69755
0.69755
0.69755
0.69755
0.69755
0.69755
0.69755
0.69755
0.69755
0.69755
0.69755
0.69755
0.69755
0.69755
0.69755
0.69755
0.69755
0.69755
0.69755
0.69755
0.69755
0.69755
0.69755
0.69755
0.69755
0.69755
0.69755
0.69755
0.69755
0.69755
0.69755
0.69755
0.69755
0.69755
0.69755
0.69755
0.69755
0.69755
0.69755
0.69755
0.69755
0.69755
0.69755
0.69755
0.69755
0.69755
0.69755
0.69755
0.69755
0.69755
0.69755
0.69755
0.69755
0.69755
0.69755
0.69755
0.69755
0.69755
0.69755
0.69755
0.69755
0.69755
0.69755
0.69755
0.69755
0.69755
0.69755
0.69755
0.69755
0.69755
0.69755
0.69755
0.69755
0.69755
0.69755
0.69755
0.69755
0.69755
0.69755
0.69755
0.69755
0.69755
0.69755
0.69755
0.69755
0.69755
0.69755
0.69755
0.69755
0.69755
0.69755
0.69755
0.69755
0.69755
0.69755
0.69755
0.69755
0.69755
0.69755
0.69755
0.69755
0.69755
0.82543
0.82543
0.82543
0.82543
0.82543
0.82543
0.82543
0.82543
0.82543
0.82543
0.82543
0.82543
0.82543
0.82543
0.82543
0.82543
0.82543
0.82543
0.82543
0.82543
0.82543
0.82543
0.82543
0.82543
0.82543
0.82543
0.82543
0.82543
0.82543
0.82543
0.82543
0.82543
0.82543
0.82543
0.82543
0.82543
0.82543
0.82543
0.82543
0.82543
0.82543
0.82543
0.82543
0.82543
0.82543
0.82543
0.82543
0.82543
0.82543
0.82543
0.82543
0.82543
0.82543
0.82543
0.82543
0.82543
0.82543
0.82543
0.82543
0.82543
0.82543
0.82543
0.82543
0.82543
0.82543
0.82543
0.82543
0.82543
0.82543
0.82543
0.82543
0.82543
0.82543
0.82543
0.82543
0.82543
0.82543
0.82543
0.82543
0.82543
0.82543
0.82543
0.82543
0.82543
0.82543
0.82543
0.82543
0.82543
0.82543
0.82543
0.82543
0.82543
0.82543
0.82543
0.82543
0.82543
0.82543
0.82543
0.82543
0.82543
0.82543
0.82543
0.82543
0.82543
0.82543
0.82543
0.82543
0.82543
0.82543
0.82543
0.82543
0.82543
0.82543
0.82543
0.82543
0.82543
0.82543
0.82543
0.82543
0.82543
0.82543
0.82543
0.82543
0.82543
0.82543
0.82543
0.82543
0.82543
0.82543
0.82543
0.82543
0.82543
0.82543
0.82543
0.82543
0.82543
0.82543
0.82543
0.82543
0.82543
0.82543
0.82543
0.82543
0.82543
1.2583
1.2583
1.2583
1.2583
1.2583
1.2583
1.2583
1.2583
1.2583
1.2583
1.2583
1.2583
1.2583
1.2583
1.2583
1.2583
1.2583
1.2583
1.2583
1.2583
1.2583
1.2583
1.2583
1.2583
1.2583
1.2583
1.2583
1.2583
1.2583
1.2583
1.2583
1.2583
1.2583
1.2583
1.2583
1.2583
1.2583
1.2583
1.2583
1.2583
1.2583
1.2583
1.2583
1.2583
1.2583
1.2583
1.2583
1.2583
1.2583
1.2583
1.2583
1.2583
1.2583
1.2583
1.2583
1.2583
1.2583
1.2583
1.2583
1.2583
1.2583
1.2583
1.2583
1.2583
1.2583
1.2583
1.2583
1.2583
1.2583
1.2583
1.2583
1.2583
1.2583
1.2583
1.2583
1.2583
1.2583
1.2583
1.2583
1.2583
1.2583
1.2583
1.2583
1.2583
1.2583
1.2583
1.2583
1.2583
1.2583
1.2583
1.2583
1.2583
1.2583
1.2583
1.2583
1.2583
1.2583
1.2583
1.2583
1.2583
1.2583
1.2583
1.2583
1.2583
1.2583
1.2583
1.2583
1.2583
1.2583
1.2583
1.2583
1.2583
1.2583
1.2583
1.2583
1.2583
1.2583
1.2583
1.2583
1.2583
1.2583
1.2583
1.2583
1.2583
1.2583
1.2583
1.2583
1.2583
1.2583
1.2583
1.2583
1.2583
1.2583
1.2583
1.2583
1.2583
1.2583
1.2583
1.2583
1.2583
1.2583
1.2583
1.2583
1.2583
0.53599
0.53599
0.53599
0.53599
0.53599
0.53599
0.53599
0.53599
0.53599
0.53599
0.53599
0.53599
0.53599
0.53599
0.53599
0.53599
0.53599
0.53599
0.53599
0.53599
0.53599
0.53599
0.53599
0.53599
0.53599
0.53599
0.53599
0.53599
0.53599
0.53599
0.53599
0.53599
0.53599
0.53599
0.53599
0.53599
0.53599
0.53599
0.53599
0.53599
0.53599
0.53599
0.53599
0.53599
0.53599
0.53599
0.53599
0.53599
0.53599
0.53599
0.53599
0.53599
0.53599
0.53599
0.53599
0.53599
0.53599
0.53599
0.53599
0.53599
0.53599
0.53599
0.53599
0.53599
0.53599
0.53599
0.53599
0.53599
0.53599
0.53599
0.53599
0.53599
0.53599
0.53599
0.53599
0.53599
0.53599
0.53599
0.53599
0.53599
0.53599
0.53599
0.53599
0.53599
0.53599
0.53599
0.53599
0.53599
0.53599
0.53599
0.53599
0.53599
0.53599
0.53599
0.53599
0.53599
0.53599
0.53599
0.53599
0.53599
0.53599
0.53599
0.53599
0.53599
0.53599
0.53599
0.53599
0.53599
0.53599
0.53599
0.53599
0.53599
0.53599
0.53599
0.53599
0.53599
0.53599
0.53599
0.53599
0.53599
0.53599
0.53599
0.53599
0.53599
0.53599
0.53599
0.53599
0.53599
0.53599
0.53599
0.53599
0.53599
0.53599
0.53599
0.53599
0.53599
0.53599
0.53599
0.53599
0.53599
0.53599
0.53599
0.53599
0.53599
0.73493
0.73493
0.73493
0.73493
0.73493
0.73493
0.73493
0.73493
0.73493
0.73493
0.73493
0.73493
0.73493
0.73493
0.73493
0.73493
0.73493
0.73493
0.73493
0.73493
0.73493
0.73493
0.73493
0.73493
0.73493
0.73493
0.73493
0.73493
0.73493
0.73493
0.73493
0.73493
0.73493
0.73493
0.73493
0.73493
0.73493
0.73493
0.73493
0.73493
0.73493
0.73493
0.73493
0.73493
0.73493
0.73493
0.73493
0.73493
0.73493
0.73493
0.73493
0.73493
0.73493
0.73493
0.73493
0.73493
0.73493
0.73493
0.73493
0.73493
0.73493
0.73493
0.73493
0.73493
0.73493
0.73493
0.73493
0.73493
0.73493
0.73493
0.73493
0.73493
0.73493
0.73493
0.73493
0.73493
0.73493
0.73493
0.73493
0.73493
0.73493
0.73493
0.73493
0.73493
0.73493
0.73493
0.73493
0.73493
0.73493
0.73493
0.73493
0.73493
0.73493
0.73493
0.73493
0.73493
0.73493
0.73493
0.73493
0.73493
0.73493
0.73493
0.73493
0.73493
0.73493
0.73493
0.73493
0.73493
0.73493
0.73493
0.73493
0.73493
0.73493
0.73493
0.73493
0.73493
0.73493
0.73493
0.73493
0.73493
0.73493
0.73493
0.73493
0.73493
0.73493
0.73493
0.73493
0.73493
0.73493
0.73493
0.73493
0.73493
0.73493
0.73493
0.73493
0.73493
0.73493
0.73493
0.73493
0.73493
0.73493
0.73493
0.73493
0.73493
0.90007
0.90007
0.90007
0.90007
0.90007
0.90007
0.90007
0.90007
0.90007
0.90007
0.90007
0.90007
0.90007
0.90007
0.90007
0.90007
0.90007
0.90007
0.90007
0.90007
0.90007
0.90007
0.90007
0.90007
0.90007
0.90007
0.90007
0.90007
0.90007
0.90007
0.90007
0.90007
0.90007
0.90007
0.90007
0.90007
0.90007
0.90007
0.90007
0.90007
0.90007
0.90007
0.90007
0.90007
0.90007
0.90007
0.90007
0.90007
0.90007
0.90007
0.90007
0.90007
0.90007
0.90007
0.90007
0.90007
0.90007
0.90007
0.90007
0.90007
0.90007
0.90007
0.90007
0.90007
0.90007
0.90007
0.90007
0.90007
0.90007
0.90007
0.90007
0.90007
0.90007
0.90007
0.90007
0.90007
0.90007
0.90007
0.90007
0.90007
0.90007
0.90007
0.90007
0.90007
0.90007
0.90007
0.90007
0.90007
0.90007
0.90007
0.90007
0.90007
0.90007
0.90007
0.90007
0.90007
0.90007
0.90007
0.90007
0.90007
0.90007
0.90007
0.90007
0.90007
0.90007
0.90007
0.90007
0.90007
0.90007
0.90007
0.90007
0.90007
0.90007
0.90007
0.90007
0.90007
0.90007
0.90007
0.90007
0.90007
0.90007
0.90007
0.90007
0.90007
0.90007
0.90007
0.90007
0.90007
0.90007
0.90007
0.90007
0.90007
0.90007
0.90007
0.90007
0.90007
0.90007
0.90007
0.90007
0.90007
0.90007
0.90007
0.90007
0.90007
0.47976
0.47976
0.47976
0.47976
0.47976
0.47976
0.47976
0.47976
0.47976
0.47976
0.47976
0.47976
0.47976
0.47976
0.47976
0.47976
0.47976
0.47976
0.47976
0.47976
0.47976
0.47976
0.47976
0.47976
0.47976
0.47976
0.47976
0.47976
0.47976
0.47976
0.47976
0.47976
0.47976
0.47976
0.47976
0.47976
0.47976
0.47976
0.47976
0.47976
0.47976
0.47976
0.47976
0.47976
0.47976
0.47976
0.47976
0.47976
0.47976
0.47976
0.47976
0.47976
0.47976
0.47976
0.47976
0.47976
0.47976
0.47976
0.47976
0.47976
0.47976
0.47976
0.47976
0.47976
0.47976
0.47976
0.47976
0.47976
0.47976
0.47976
0.47976
0.47976
0.47976
0.47976
0.47976
0.47976
0.47976
0.47976
0.47976
0.47976
0.47976
0.47976
0.47976
0.47976
0.47976
0.47976
0.47976
0.47976
0.47976
0.47976
0.47976
0.47976
0.47976
0.47976
0.47976
0.47976
0.47976
0.47976
0.47976
0.47976
0.47976
0.47976
0.47976
0.47976
0.47976
0.47976
0.47976
0.47976
0.47976
0.47976
0.47976
0.47976
0.47976
0.47976
0.47976
0.47976
0.47976
0.47976
0.47976
0.47976
0.47976
0.47976
0.47976
0.47976
0.47976
0.47976
0.47976
0.47976
0.47976
0.47976
0.47976
0.47976
0.47976
0.47976
0.47976
0.47976
0.47976
0.47976
0.47976
0.47976
0.47976
0.47976
0.47976
0.47976
0.17269
0.17269
0.17269
0.17269
0.17269
0.17269
0.17269
0.17269
0.17269
0.17269
0.17269
0.17269
0.17269
0.17269
0.17269
0.17269
0.17269
0.17269
0.17269
0.17269
0.17269
0.17269
0.17269
0.17269
0.17269
0.17269
0.17269
0.17269
0.17269
0.17269
0.17269
0.17269
0.17269
0.17269
0.17269
0.17269
0.17269
0.17269
0.17269
0.17269
0.17269
0.17269
0.17269
0.17269
0.17269
0.17269
0.17269
0.17269
0.17269
0.17269
0.17269
0.17269
0.17269
0.17269
0.17269
0.17269
0.17269
0.17269
0.17269
0.17269
0.17269
0.17269
0.17269
0.17269
0.17269
0.17269
0.17269
0.17269
0.17269
0.17269
0.17269
0.17269
0.17269
0.17269
0.17269
0.17269
0.17269
0.17269
0.17269
0.17269
0.17269
0.17269
0.17269
0.17269
0.17269
0.17269
0.17269
0.17269
0.17269
0.17269
0.17269
0.17269
0.17269
0.17269
0.17269
0.17269
0.17269
0.17269
0.17269
0.17269
0.17269
0.17269
0.17269
0.17269
0.17269
0.17269
0.17269
0.17269
0.17269
0.17269
0.17269
0.17269
0.17269
0.17269
0.17269
0.17269
0.17269
0.17269
0.17269
0.17269
0.17269
0.17269
0.17269
0.17269
0.17269
0.17269
0.17269
0.17269
0.17269
0.17269
0.17269
0.17269
0.17269
0.17269
0.17269
0.17269
0.17269
0.17269
0.17269
0.17269
0.17269
0.17269
0.17269
0.17269
