time_h,bc_rate_frac,P_bar,T_C,subcooling_C,holdup,v_m_mps,f_slug_Hz,phi_hydrate,deposit_mm,Phi_SH
0,1,113.69,14.173,-3.703,0.35014,1.6612,0.12974,0,0,0.17835
0.0095811,1,114.68,14.169,-3.6349,0.35291,1.5684,0.13022,0,0,0.18095
0.01505,1,114.46,14.189,-3.6465,0.35317,2.154,0.13011,0,0,0.18081
0.023338,1,114.65,14.199,-3.654,0.35806,2.031,0.1302,0,0,0.18355
0.029245,1,114.73,14.213,-3.6587,0.36458,2.0955,0.13024,0,0,0.18699
0.036016,1,114.68,14.226,-3.6754,0.37218,2.175,0.13021,0,0,0.19084
0.041563,1,114.44,14.247,-3.7052,0.38182,2.3285,0.13009,0,0,0.19547
0.048162,1,114.45,14.264,-3.7254,0.39238,2.2556,0.13009,0,0,0.20089
0.054124,1,114.39,14.283,-3.7463,0.40385,2.2913,0.13006,0,0,0.20669
0.060315,1,114.39,14.3,-3.7649,0.41574,2.272,0.13006,0,0,0.21278
0.066243,1,114.35,14.318,-3.7842,0.42801,2.2848,0.13004,0,0,0.21902
0.072209,1,114.35,14.335,-3.8026,0.44027,2.2777,0.13003,0,0,0.22528
0.078054,1,114.36,14.352,-3.8191,0.45243,2.2643,0.13003,0,0,0.23153
0.083885,1,114.4,14.368,-3.8331,0.46452,2.2415,0.13005,0,0,0.23778
0.089739,1,114.43,14.384,-3.8471,0.47645,2.2328,0.13006,0,0,0.24395
0.095618,1,114.46,14.399,-3.861,0.48818,2.2244,0.13007,0,0,0.25
0.10151,1,114.49,14.414,-3.8746,0.49963,2.2181,0.13008,0,0,0.25592
0.10741,1,114.52,14.429,-3.8877,0.51074,2.2091,0.13009,0,0,0.26167
0.11333,1,114.55,14.443,-3.9004,0.5214,2.2027,0.13011,0,0,0.26719
0.11926,1,114.57,14.457,-3.9128,0.5315,2.1969,0.13012,0,0,0.27242
0.1252,1,114.6,14.47,-3.9247,0.54091,2.1924,0.13013,0,0,0.2773
0.13116,1,114.62,14.482,-3.9363,0.5495,2.1885,0.13014,0,0,0.28175
0.13713,1,114.64,14.494,-3.9474,0.55714,2.1852,0.13014,0,0,0.28572
0.14311,1,114.66,14.505,-3.9579,0.56371,2.1824,0.13015,0,0,0.28913
0.1491,1,114.68,14.516,-3.9678,0.5691,2.1803,0.13016,0,0,0.29194
0.15511,1,114.7,14.525,-3.9769,0.57324,2.1784,0.13016,0,0,0.2941
0.16113,1,114.71,14.534,-3.9854,0.57608,2.1771,0.13017,0,0,0.2956
0.16717,1,114.73,14.541,-3.9929,0.57763,2.1763,0.13018,0,0,0.29643
0.17322,1,114.74,14.548,-3.9996,0.5779,2.1758,0.13018,0,0,0.2966
0.17929,1,114.76,14.554,-4.0054,0.57697,2.1756,0.13019,0,0,0.29616
0.18538,1,114.77,14.558,-4.0103,0.57494,2.1756,0.13019,0,0,0.29515
0.19149,1,114.78,14.562,-4.0141,0.57194,2.1759,0.1302,0,0,0.29364
0.19763,1,114.79,14.564,-4.0168,0.56814,2.1759,0.1302,0,0,0.29172
0.20378,1,114.82,14.565,-4.0176,0.56378,2.1704,0.13021,0,0,0.28953
0.20997,1,114.85,14.565,-4.0168,0.55911,2.1646,0.13023,0,0,0.28719
0.21612,1,114.87,14.564,-4.0149,0.55428,2.1628,0.13024,0,0,0.28476
0.22226,1,114.9,14.562,-4.012,0.5495,2.1616,0.13025,0,0,0.28235
0.22835,1,114.91,14.559,-4.0089,0.54492,2.1659,0.13026,0,0,0.28003
0.23434,1,114.92,14.555,-4.0055,0.5407,2.1719,0.13026,0,0,0.27787
0.24023,1,114.88,14.551,-4.0045,0.53673,2.1987,0.13024,0,0,0.27576
0.246,1,114.82,14.547,-4.0043,0.53299,2.2215,0.13022,0,0,0.27374
0.2516,1,114.84,14.542,-3.9987,0.52985,2.1935,0.13023,0,0,0.27216
0.25709,1,114.85,14.537,-3.993,0.52686,2.1929,0.13023,0,0,0.27064
0.26251,1,114.86,14.531,-3.9871,0.52411,2.1948,0.13024,0,0,0.26924
0.2678,1,114.86,14.524,-3.9808,0.52154,2.1944,0.13024,0,0,0.26793
0.27301,1,114.87,14.518,-3.974,0.51914,2.1937,0.13025,0,0,0.2667
0.27814,1,114.89,14.511,-3.9663,0.51693,2.1893,0.13026,0,0,0.26559
0.28318,1,115.02,14.503,-3.9504,0.51565,2.1212,0.13032,0,0,0.26516
0.28819,1,115.12,14.493,-3.9357,0.51372,2.1097,0.13037,0,0,0.26433
0.29401,1,115.28,14.482,-3.9152,0.51302,2.0649,0.13045,0,0,0.26424
0.29956,1,115.36,14.472,-3.8992,0.51252,2.0764,0.13049,0,0,0.26411
0.30508,1,115.45,14.461,-3.8822,0.51288,2.0625,0.13054,0,0,0.26445
0.31024,1,115.51,14.451,-3.8681,0.51362,2.0714,0.13057,0,0,0.26493
0.31525,1,115.57,14.442,-3.8542,0.51496,2.0691,0.1306,0,0,0.26573
0.32003,1,115.61,14.433,-3.8422,0.51668,2.0792,0.13062,0,0,0.26667
0.32474,1,115.63,14.424,-3.8318,0.51875,2.0934,0.13063,0,0,0.26777
0.32943,1,115.61,14.415,-3.8238,0.52106,2.1176,0.13063,0,0,0.26895
0.3342,1,115.58,14.407,-3.8176,0.5236,2.1444,0.13061,0,0,0.2702
0.33908,1,115.52,14.399,-3.8131,0.52617,2.1725,0.13059,0,0,0.27141
0.34412,1,115.45,14.391,-3.8098,0.5287,2.1992,0.13055,0,0,0.27259
0.34936,1,115.36,14.383,-3.8077,0.53121,2.2243,0.13051,0,0,0.27373
0.35483,1,115.26,14.376,-3.8065,0.53371,2.247,0.13047,0,0,0.27484
0.36057,1,115.15,14.369,-3.8064,0.53612,2.273,0.13041,0,0,0.27589
0.36635,1,115.04,14.363,-3.8076,0.53842,2.2965,0.13036,0,0,0.27686
0.37209,1,114.93,14.358,-3.8091,0.54056,2.3119,0.13031,0,0,0.27776
0.37776,1,114.83,14.353,-3.8104,0.54248,2.3218,0.13026,0,0,0.27858
0.38337,1,114.75,14.349,-3.8114,0.54427,2.3262,0.13022,0,0,0.27936
0.38891,1,114.67,14.346,-3.8127,0.54593,2.3331,0.13018,0,0,0.28009
0.39439,1,114.57,14.343,-3.8158,0.54726,2.35,0.13013,0,0,0.2806
0.39993,1,114.46,14.341,-3.8203,0.54804,2.3676,0.13008,0,0,0.28082
0.40555,1,114.35,14.339,-3.8253,0.54807,2.3789,0.13003,0,0,0.28066
0.4113,1,114.26,14.338,-3.83,0.54719,2.3841,0.12998,0,0,0.28006
0.41714,1,114.18,14.337,-3.8336,0.54537,2.3808,0.12995,0,0,0.27902
0.42307,1,114.14,14.336,-3.8359,0.54265,2.3716,0.12993,0,0,0.27756
0.42905,1,114.13,14.335,-3.8359,0.53928,2.3533,0.12992,0,0,0.27582
0.43508,1,114.14,14.334,-3.8343,0.53548,2.3338,0.12993,0,0,0.27391
0.44111,1,114.16,14.333,-3.8316,0.53145,2.316,0.12994,0,0,0.27191
0.44717,1,114.21,14.332,-3.8275,0.52747,2.2947,0.12996,0,0,0.26995
0.45323,1,114.27,14.331,-3.8223,0.5237,2.274,0.12999,0,0,0.26812
0.45932,1,114.33,14.33,-3.8172,0.52022,2.2612,0.13002,0,0,0.26643
0.46542,1,114.37,14.329,-3.8131,0.51704,2.2572,0.13004,0,0,0.26486
0.47153,1,114.39,14.328,-3.8104,0.51419,2.2595,0.13005,0,0,0.26343
0.47764,1,114.4,14.327,-3.809,0.51172,2.2639,0.13006,0,0,0.26217
0.48375,1,114.4,14.327,-3.8088,0.50962,2.2704,0.13005,0,0,0.26107
0.48987,1,114.38,14.328,-3.8099,0.50786,2.2798,0.13005,0,0,0.26013
0.49597,1,114.35,14.329,-3.8125,0.50641,2.2922,0.13003,0,0,0.25931
0.50207,1,114.29,14.33,-3.8171,0.50524,2.3094,0.13,0,0,0.2586
0.50805,1,114.24,14.332,-3.822,0.5044,2.318,0.12998,0,0,0.25807
0.51391,1,114.2,14.334,-3.8269,0.50381,2.322,0.12996,0,0,0.25768
0.51974,1,114.16,14.337,-3.832,0.50345,2.3268,0.12994,0,0,0.25741
0.52547,1,114.12,14.34,-3.8372,0.50328,2.3305,0.12992,0,0,0.25724
0.53113,1,114.08,14.343,-3.8428,0.50326,2.3352,0.1299,0,0,0.25715
0.53666,1,114.05,14.345,-3.8474,0.50344,2.3312,0.12988,0,0,0.25719
0.54206,1,114.06,14.348,-3.8497,0.50376,2.3124,0.12989,0,0,0.25734
0.5477,1,114.08,14.351,-3.8507,0.50407,2.2956,0.1299,0,0,0.2575
0.55377,1,114.1,14.353,-3.8521,0.50449,2.29,0.1299,0,0,0.25772
0.55982,1,114.12,14.355,-3.8533,0.50492,2.283,0.12991,0,0,0.258
0.56587,1,114.13,14.357,-3.8543,0.50545,2.2773,0.12992,0,0,0.2583
0.5719,1,114.15,14.359,-3.8552,0.50599,2.2725,0.12993,0,0,0.2586
0.57793,1,114.17,14.36,-3.856,0.50647,2.2686,0.12994,0,0,0.25888
0.58394,1,114.18,14.362,-3.8567,0.50686,2.2657,0.12994,0,0,0.2591
0.58993,1,114.19,14.363,-3.8573,0.5071,2.2634,0.12995,0,0,0.25924
0.5959,1,114.2,14.364,-3.8579,0.50704,2.2618,0.12995,0,0,0.25926
0.60186,1,114.21,14.365,-3.8583,0.50675,2.2607,0.12995,0,0,0.25914
0.60778,1,114.21,14.365,-3.8585,0.50616,2.2594,0.12996,0,0,0.25886
0.61368,1,114.22,14.365,-3.8587,0.50516,2.2591,0.12996,0,0,0.25836
0.61955,1,114.22,14.365,-3.8589,0.50368,2.2613,0.12996,0,0,0.25762
0.62542,1,114.21,14.365,-3.8593,0.50172,2.2645,0.12996,0,0,0.25661
0.63128,1,114.2,14.365,-3.8599,0.49925,2.2692,0.12995,0,0,0.25533
0.63716,1,114.18,14.364,-3.8607,0.49632,2.2744,0.12994,0,0,0.25381
0.64305,1,114.16,14.364,-3.8616,0.49295,2.2807,0.12993,0,0,0.25205
0.64896,1,114.07,14.363,-3.8671,0.48879,2.3227,0.12989,0,0,0.24977
0.6549,1,113.89,14.364,-3.8793,0.48373,2.3921,0.1298,0,0,0.24689
0.66083,1,113.65,14.366,-3.8963,0.47794,2.4621,0.12968,0,0,0.24355
0.66673,1,113.36,14.369,-3.9175,0.47165,2.5336,0.12954,0,0,0.23988
0.67253,1,113.04,14.373,-3.9422,0.46502,2.6059,0.12939,0,0,0.236
0.67823,1,112.82,14.377,-3.9617,0.45893,2.6116,0.12928,0,0,0.23254
0.68381,1,112.59,14.38,-3.9807,0.45306,2.6363,0.12917,0,0,0.22921
0.68931,1,112.36,14.384,-4.0002,0.44757,2.6656,0.12906,0,0,0.22607
0.69472,1,112.06,14.39,-4.0252,0.44154,2.7292,0.12891,0,0,0.22255
0.70046,1,112,14.392,-4.0342,0.43704,2.6334,0.12888,0,0,0.22019
0.70609,1,112.02,14.394,-4.0354,0.43319,2.5641,0.12889,0,0,0.21829
0.71183,1,112.15,14.393,-4.028,0.43044,2.4711,0.12895,0,0,0.2171
0.71759,1,112.28,14.391,-4.0187,0.42842,2.4185,0.12901,0,0,0.21628
0.72347,1,112.39,14.388,-4.0091,0.42726,2.3836,0.12907,0,0,0.21586
0.72937,1,112.47,14.385,-4.0005,0.42689,2.3658,0.12911,0,0,0.2158
0.73532,1,112.54,14.381,-3.9925,0.42736,2.3529,0.12914,0,0,0.21614
0.74128,1,112.59,14.377,-3.9855,0.42859,2.3468,0.12916,0,0,0.21684
0.74727,1,112.62,14.373,-3.9795,0.43058,2.3438,0.12918,0,0,0.2179
0.75325,1,112.63,14.369,-3.9743,0.43325,2.3441,0.12919,0,0,0.21928
0.75924,1,112.64,14.365,-3.9701,0.43655,2.346,0.12919,0,0,0.22096
0.76523,1,112.63,14.362,-3.967,0.44034,2.3521,0.12919,0,0,0.22287
0.771,1,112.63,14.358,-3.9632,0.44459,2.3447,0.12919,0,0,0.22503
0.77649,1,112.67,14.354,-3.9567,0.44953,2.3168,0.12921,0,0,0.2276
0.78242,1,112.71,14.349,-3.9497,0.45497,2.3063,0.12923,0,0,0.23043
0.78839,1,112.74,14.345,-3.9431,0.46084,2.299,0.12925,0,0,0.23345
0.79436,1,112.77,14.34,-3.9366,0.46707,2.2925,0.12926,0,0,0.23666
0.80031,1,112.8,14.336,-3.9302,0.47358,2.2868,0.12927,0,0,0.24001
0.80626,1,112.82,14.331,-3.9239,0.4803,2.2816,0.12929,0,0,0.24345
0.81219,1,112.84,14.326,-3.9178,0.4871,2.2772,0.1293,0,0,0.24694
0.81811,1,112.86,14.321,-3.9117,0.49389,2.2734,0.12931,0,0,0.25042
0.82401,1,112.88,14.316,-3.9057,0.50052,2.2701,0.12932,0,0,0.25381
0.8299,1,112.89,14.311,-3.8997,0.50683,2.2673,0.12933,0,0,0.25704
0.83577,1,112.91,14.306,-3.8938,0.51265,2.2649,0.12933,0,0,0.26002
0.84161,1,112.92,14.301,-3.8878,0.5178,2.263,0.12934,0,0,0.26265
0.84744,1,112.93,14.296,-3.8819,0.52207,2.2615,0.12935,0,0,0.26484
0.85324,1,112.94,14.29,-3.8758,0.52528,2.2604,0.12935,0,0,0.26648
0.85902,1,112.95,14.284,-3.8694,0.52726,2.2582,0.12936,0,0,0.2675
0.86477,1,112.96,14.278,-3.8629,0.52787,2.2585,0.12936,0,0,0.26781
0.87051,1,112.97,14.272,-3.8563,0.52709,2.2598,0.12937,0,0,0.26741
0.87625,1,112.97,14.265,-3.8497,0.52494,2.2624,0.12937,0,0,0.26631
0.882,1,112.97,14.258,-3.843,0.52156,2.2663,0.12937,0,0,0.26458
0.88777,1,112.96,14.25,-3.8362,0.51713,2.2713,0.12937,0,0,0.26231
0.89357,1,112.96,14.242,-3.8291,0.51187,2.2757,0.12937,0,0,0.25961
0.8994,1,112.94,14.233,-3.8221,0.50597,2.284,0.12936,0,0,0.25657
0.90527,1,112.84,14.225,-3.8206,0.49912,2.3345,0.12931,0,0,0.25291
0.91118,1,112.65,14.217,-3.8247,0.49155,2.4029,0.12923,0,0,0.24874
0.91708,1,112.42,14.21,-3.833,0.48351,2.4708,0.12912,0,0,0.24427
0.92298,1,112.15,14.204,-3.8443,0.47547,2.5381,0.12899,0,0,0.23975
0.92876,1,111.86,14.197,-3.8581,0.4676,2.6029,0.12884,0,0,0.23528
0.93448,1,111.61,14.191,-3.8686,0.46059,2.6244,0.12873,0,0,0.23135
0.94008,1,111.43,14.185,-3.8754,0.45448,2.6331,0.12864,0,0,0.22796
0.94561,1,111.24,14.178,-3.8818,0.4492,2.6469,0.12855,0,0,0.225
0.95101,1,110.94,14.171,-3.8955,0.44366,2.7191,0.12841,0,0,0.22177
0.95672,1,110.82,14.163,-3.8968,0.43957,2.6635,0.12835,0,0,0.21953
0.9624,1,110.82,14.153,-3.8887,0.43641,2.5912,0.12835,0,0,0.21795
0.96815,1,110.9,14.141,-3.8736,0.43431,2.5219,0.12839,0,0,0.21702
0.97388,1,111.04,14.128,-3.8521,0.43322,2.4418,0.12846,0,0,0.21671
0.97965,1,111.17,14.113,-3.83,0.43281,2.4015,0.12853,0,0,0.21671
0.98553,1,111.28,14.098,-3.8078,0.43319,2.3736,0.12858,0,0,0.21708
0.99142,1,111.37,14.082,-3.7862,0.43431,2.3573,0.12863,0,0,0.21779
0.99736,1,111.44,14.065,-3.7648,0.43615,2.3454,0.12867,0,0,0.21884
1.0033,1,111.49,14.047,-3.7439,0.43866,2.3391,0.1287,0,0,0.22019
1.0093,1,111.54,14.029,-3.7234,0.44177,2.3355,0.12872,0,0,0.22183
1.0153,1,111.56,14.01,-3.7033,0.44539,2.3347,0.12874,0,0,0.22371
1.0212,1,111.58,13.991,-3.6838,0.44942,2.3367,0.12875,0,0,0.22577
1.0271,1,111.57,13.973,-3.6653,0.45368,2.3429,0.12875,0,0,0.22791
1.0327,1,111.57,13.956,-3.648,0.45805,2.3463,0.12875,0,0,0.2301
1.038,1,111.58,13.938,-3.6297,0.46256,2.3357,0.12876,0,0,0.2324
1.0432,1,111.62,13.92,-3.6095,0.46734,2.3134,0.12878,0,0,0.23487
1.0486,1,111.67,13.899,-3.5872,0.47242,2.2958,0.12881,0,0,0.23752
1.0544,1,111.71,13.877,-3.5635,0.4776,2.2899,0.12883,0,0,0.24019
1.0604,1,111.73,13.854,-3.5397,0.48273,2.2871,0.12885,0,0,0.24283
1.0663,1,111.76,13.832,-3.5157,0.48775,2.2833,0.12886,0,0,0.24539
1.0723,1,111.78,13.808,-3.4914,0.49256,2.2797,0.12888,0,0,0.24786
1.0782,1,111.8,13.785,-3.4668,0.49711,2.2756,0.12889,0,0,0.25018
1.0841,1,111.82,13.76,-3.4417,0.5013,2.2719,0.1289,0,0,0.25232
1.0901,1,111.84,13.736,-3.4163,0.50506,2.2684,0.12892,0,0,0.25423
1.096,1,111.85,13.711,-3.3905,0.50831,2.2654,0.12893,0,0,0.25589
1.1019,1,111.87,13.685,-3.3644,0.51099,2.2627,0.12894,0,0,0.25725
1.1078,1,111.88,13.659,-3.3379,0.51302,2.2605,0.12895,0,0,0.25828
1.1137,1,111.89,13.633,-3.3111,0.51435,2.2585,0.12896,0,0,0.25896
1.1196,1,111.9,13.606,-3.284,0.51494,2.257,0.12897,0,0,0.25925
1.1254,1,111.91,13.579,-3.2566,0.51474,2.2559,0.12898,0,0,0.25915
1.1313,1,111.92,13.551,-3.2288,0.51373,2.2542,0.12899,0,0,0.25864
1.1371,1,111.93,13.523,-3.2006,0.5119,2.2534,0.129,0,0,0.25771
1.1429,1,111.93,13.495,-3.1725,0.50925,2.2548,0.12901,0,0,0.25636
1.1487,1,111.93,13.466,-3.1442,0.50581,2.2572,0.12902,0,0,0.25461
1.1545,1,111.93,13.437,-3.1159,0.50167,2.2614,0.12902,0,0,0.2525
1.1603,1,111.91,13.407,-3.0875,0.49692,2.2666,0.12902,0,0,0.25007
1.1661,1,111.9,13.377,-3.0589,0.49169,2.2715,0.12902,0,0,0.2474
1.172,1,111.87,13.346,-3.0304,0.48605,2.28,0.12901,0,0,0.2445
1.1779,1,111.76,13.316,-3.0073,0.47962,2.3317,0.12896,0,0,0.2411
1.1838,1,111.57,13.284,-2.9898,0.47242,2.4021,0.12887,0,0,0.23716
1.1898,1,111.32,13.254,-2.9761,0.46471,2.4751,0.12876,0,0,0.23288
1.1957,1,111.02,13.223,-2.9655,0.45669,2.5464,0.12862,0,0,0.22838
1.2016,1,110.7,13.193,-2.9573,0.44873,2.6164,0.12847,0,0,0.22387
1.2073,1,110.45,13.163,-2.9448,0.44145,2.6445,0.12836,0,0,0.21978
1.213,1,110.18,13.134,-2.934,0.43465,2.6658,0.12823,0,0,0.21594
1.2185,1,110.02,13.106,-2.9164,0.42897,2.648,0.12816,0,0,0.21281
1.224,1,109.74,13.076,-2.9073,0.42305,2.7064,0.12804,0,0,0.20942
1.2295,1,109.61,13.046,-2.8873,0.41798,2.666,0.12797,0,0,0.20669
1.2353,1,109.63,13.015,-2.8551,0.41414,2.5752,0.12799,0,0,0.2048
1.241,1,109.71,12.984,-2.8185,0.41118,2.5031,0.12804,0,0,0.20343
1.2467,1,109.83,12.952,-2.7791,0.40913,2.4421,0.1281,0,0,0.20257
1.2525,1,109.93,12.92,-2.7399,0.40776,2.4051,0.12815,0,0,0.20205
1.2583,1,110.02,12.888,-2.7019,0.4071,2.3846,0.1282,0,0,0.20184
1.2642,1,110.09,12.855,-2.6649,0.40716,2.3702,0.12824,0,0,0.20197
1.2701,1,110.13,12.823,-2.6292,0.40793,2.3642,0.12827,0,0,0.20243
1.2761,1,110.17,12.791,-2.5946,0.40941,2.362,0.12829,0,0,0.20322
1.282,1,110.19,12.759,-2.561,0.41155,2.3621,0.1283,0,0,0.20432
1.288,1,110.19,12.728,-2.5287,0.41432,2.3656,0.12831,0,0,0.20572
1.2937,1,110.18,12.699,-2.4985,0.41757,2.3703,0.12831,0,0,0.20733
1.2992,1,110.18,12.671,-2.4698,0.42127,2.363,0.12832,0,0,0.20919
1.3045,1,110.21,12.644,-2.4397,0.42552,2.3438,0.12834,0,0,0.21137
1.3097,1,110.26,12.617,-2.409,0.43025,2.3251,0.12837,0,0,0.2138
1.315,1,110.32,12.587,-2.3774,0.43575,2.304,0.1284,0,0,0.21665
1.3208,1,110.37,12.556,-2.3437,0.44186,2.2963,0.12843,0,0,0.2198
1.3268,1,110.41,12.526,-2.3108,0.44848,2.2942,0.12846,0,0,0.22317
1.3328,1,110.44,12.496,-2.2784,0.45556,2.2898,0.12848,0,0,0.22677
1.3387,1,110.47,12.467,-2.2468,0.46305,2.2864,0.1285,0,0,0.23057
1.3447,1,110.5,12.438,-2.2156,0.47059,2.2826,0.12852,0,0,0.23434
1.3506,1,110.52,12.41,-2.185,0.4778,2.2795,0.12853,0,0,0.23795
1.3566,1,110.55,12.382,-2.1549,0.48471,2.2766,0.12855,0,0,0.2414
1.3625,1,110.57,12.354,-2.1253,0.49132,2.2742,0.12857,0,0,0.2447
1.3684,1,110.59,12.326,-2.0961,0.49766,2.272,0.12858,0,0,0.24787
1.3744,1,110.6,12.299,-2.0674,0.50376,2.2701,0.12859,0,0,0.25091
1.3803,1,110.62,12.272,-2.039,0.50962,2.268,0.12861,0,0,0.25384
1.3862,1,110.64,12.245,-2.011,0.51527,2.2659,0.12862,0,0,0.25666
1.3921,1,110.65,12.219,-1.9833,0.52044,2.2638,0.12863,0,0,0.25923
1.398,1,110.67,12.193,-1.9559,0.52475,2.2618,0.12864,0,0,0.26138
1.4039,1,110.68,12.167,-1.9288,0.52803,2.2601,0.12866,0,0,0.26302
1.4098,1,110.7,12.142,-1.9019,0.53011,2.2587,0.12867,0,0,0.26406
1.4157,1,110.71,12.116,-1.8753,0.53085,2.2577,0.12868,0,0,0.26444
1.4216,1,110.73,12.091,-1.8489,0.53015,2.2567,0.12869,0,0,0.2641
1.4275,1,110.74,12.066,-1.8226,0.52797,2.2569,0.12871,0,0,0.26305
1.4334,1,110.76,12.042,-1.7969,0.5244,2.2577,0.12872,0,0,0.26129
1.4393,1,110.76,12.017,-1.7717,0.51958,2.2604,0.12872,0,0,0.25891
1.4451,1,110.76,11.992,-1.7469,0.51373,2.2649,0.12873,0,0,0.25601
1.451,1,110.76,11.968,-1.7227,0.50709,2.2707,0.12873,0,0,0.25271
1.4569,1,110.76,11.943,-1.6986,0.49994,2.2757,0.12873,0,0,0.24915
1.4628,1,110.74,11.919,-1.6751,0.49248,2.2839,0.12873,0,0,0.2454
1.4687,1,110.65,11.895,-1.6567,0.48448,2.3271,0.12869,0,0,0.2413
1.4747,1,110.48,11.871,-1.6447,0.47595,2.3958,0.12861,0,0,0.23683
1.4808,1,110.24,11.847,-1.6374,0.46729,2.4679,0.1285,0,0,0.23219
1.4868,1,109.94,11.825,-1.6348,0.45896,2.5479,0.12836,0,0,0.22761
1.4926,1,109.62,11.803,-1.6351,0.45106,2.6152,0.12821,0,0,0.22322
1.4984,1,109.28,11.783,-1.6372,0.44369,2.635,0.12805,0,0,0.21903
1.5041,1,109,11.762,-1.6364,0.43726,2.6231,0.12792,0,0,0.21552
1.5098,1,108.91,11.742,-1.6219,0.43261,2.6486,0.12788,0,0,0.21267
1.5153,1,108.78,11.722,-1.6109,0.42842,2.6223,0.12782,0,0,0.21059
1.5209,1,108.52,11.703,-1.6094,0.42476,2.6293,0.12771,0,0,0.2086
1.5262,1,108.53,11.682,-1.59,0.42216,2.5905,0.12773,0,0,0.20692
1.5321,1,108.59,11.661,-1.5647,0.42054,2.531,0.12777,0,0,0.20623
1.5378,1,108.7,11.64,-1.5361,0.41971,2.4627,0.12781,0,0,0.20585
1.5437,1,108.79,11.618,-1.508,0.41956,2.4323,0.12785,0,0,0.20589
1.5496,1,108.89,11.596,-1.4798,0.42006,2.4004,0.1279,0,0,0.20618
1.5555,1,108.96,11.574,-1.4531,0.42109,2.3881,0.12793,0,0,0.20676
1.5614,1,109.01,11.553,-1.4274,0.42284,2.3797,0.12796,0,0,0.20754
1.5674,1,109.04,11.531,-1.4033,0.42526,2.3777,0.12798,0,0,0.20855
1.5733,1,109.05,11.512,-1.3816,0.42784,2.3823,0.12799,0,0,0.20972
1.5787,1,109.05,11.493,-1.3619,0.43076,2.3806,0.12799,0,0,0.21104
1.5838,1,109.06,11.474,-1.3423,0.43403,2.3681,0.128,0,0,0.21253
1.5891,1,109.08,11.455,-1.322,0.43759,2.3594,0.12802,0,0,0.21417
1.5943,1,109.12,11.436,-1.3007,0.44118,2.3431,0.12804,0,0,0.21601
1.5996,1,109.16,11.417,-1.2784,0.44492,2.3337,0.12806,0,0,0.21794
1.6048,1,109.21,11.398,-1.256,0.44891,2.315,0.12809,0,0,0.22004
1.6101,1,109.26,11.379,-1.2336,0.45307,2.3083,0.12812,0,0,0.22217
1.6154,1,109.32,11.358,-1.2104,0.45761,2.2903,0.12815,0,0,0.22452
1.6212,1,109.37,11.337,-1.1858,0.46236,2.2859,0.12818,0,0,0.22693
1.6272,1,109.41,11.315,-1.1614,0.46721,2.2836,0.1282,0,0,0.22936
1.6333,1,109.44,11.293,-1.1372,0.47204,2.2816,0.12822,0,0,0.23177
1.6394,1,109.47,11.271,-1.1133,0.47678,2.2798,0.12824,0,0,0.23413
1.6455,1,109.5,11.249,-1.0896,0.48136,2.277,0.12825,0,0,0.2364
1.6516,1,109.52,11.227,-1.066,0.48571,2.2742,0.12827,0,0,0.23855
1.6576,1,109.55,11.206,-1.0425,0.48989,2.2711,0.12829,0,0,0.24055
1.6637,1,109.57,11.184,-1.0191,0.49372,2.2684,0.1283,0,0,0.24235
1.6698,1,109.59,11.162,-0.99574,0.4967,2.2658,0.12832,0,0,0.24391
1.6759,1,109.62,11.141,-0.97247,0.49892,2.2635,0.12833,0,0,0.2452
1.6819,1,109.64,11.119,-0.94929,0.50033,2.2616,0.12835,0,0,0.24618
1.688,1,109.66,11.097,-0.92621,0.50086,2.26,0.12836,0,0,0.24679
1.694,1,109.68,11.076,-0.90313,0.50096,2.258,0.12838,0,0,0.247
1.7,1,109.7,11.054,-0.88021,0.50023,2.2576,0.12839,0,0,0.24677
1.706,1,109.71,11.033,-0.85767,0.49879,2.2593,0.1284,0,0,0.24609
1.712,1,109.72,11.011,-0.83562,0.49653,2.2626,0.12841,0,0,0.24495
1.718,1,109.73,10.99,-0.81405,0.49347,2.2677,0.12841,0,0,0.2434
1.724,1,109.72,10.969,-0.79291,0.48968,2.274,0.12842,0,0,0.24147
1.73,1,109.71,10.947,-0.77202,0.48531,2.2797,0.12842,0,0,0.23925
1.736,1,109.69,10.925,-0.75184,0.48038,2.2902,0.12841,0,0,0.23674
1.742,1,109.6,10.904,-0.73646,0.47456,2.3435,0.12837,0,0,0.23365
1.7481,1,109.43,10.882,-0.72743,0.46789,2.4179,0.12828,0,0,0.22997
1.7542,1,109.18,10.861,-0.72343,0.46061,2.502,0.12815,0,0,0.22588
1.7602,1,108.85,10.841,-0.72471,0.45327,2.59,0.12799,0,0,0.22168
1.7661,1,108.47,10.822,-0.73068,0.44579,2.6702,0.12781,0,0,0.21738
1.7719,1,108.11,10.803,-0.738,0.43873,2.6737,0.12764,0,0,0.21332
1.7777,1,107.86,10.784,-0.73623,0.43248,2.6482,0.12753,0,0,0.20991
1.7834,1,107.82,10.764,-0.72121,0.42788,2.606,0.12753,0,0,0.20771
1.7891,1,107.77,10.745,-0.70523,0.42358,2.618,0.12751,0,0,0.20548
1.7946,1,107.63,10.726,-0.6954,0.41922,2.6117,0.12742,0,0,0.2031
1.8005,1,107.58,10.707,-0.68032,0.4168,2.565,0.12743,0,0,0.20196
1.8059,1,107.66,10.686,-0.65632,0.41457,2.4954,0.12747,0,0,0.20102
1.812,1,107.73,10.667,-0.63063,0.41339,2.4598,0.12751,0,0,0.20059
1.8178,1,107.81,10.645,-0.60486,0.41265,2.43,0.12755,0,0,0.20036
1.8239,1,107.86,10.625,-0.58014,0.41263,2.4247,0.12758,0,0,0.20044
1.8298,1,107.89,10.604,-0.5571,0.41297,2.4175,0.1276,0,0,0.20071
1.8358,1,107.92,10.584,-0.53444,0.4138,2.4113,0.12762,0,0,0.20125
1.8418,1,107.91,10.564,-0.51439,0.41518,2.4119,0.12762,0,0,0.20195
1.8473,1,107.93,10.545,-0.49408,0.41757,2.3989,0.12763,0,0,0.20295
1.8528,1,107.98,10.526,-0.47151,0.42044,2.3779,0.12766,0,0,0.20422
1.8585,1,108.03,10.508,-0.44836,0.42337,2.3667,0.12768,0,0,0.20573
1.8638,1,108.1,10.489,-0.42477,0.42652,2.339,0.12772,0,0,0.20751
1.8693,1,108.17,10.47,-0.40105,0.43009,2.3268,0.12776,0,0,0.20947
1.8748,1,108.23,10.451,-0.37803,0.43421,2.3163,0.12779,0,0,0.21159
1.8802,1,108.3,10.431,-0.35395,0.43887,2.2989,0.12783,0,0,0.214
1.8861,1,108.37,10.41,-0.3289,0.44394,2.293,0.12786,0,0,0.21659
1.8922,1,108.42,10.388,-0.30421,0.44933,2.2909,0.12789,0,0,0.21932
1.8984,1,108.46,10.367,-0.27988,0.45496,2.2883,0.12792,0,0,0.22214
1.9045,1,108.5,10.346,-0.25596,0.46073,2.2859,0.12794,0,0,0.22503
1.9107,1,108.54,10.325,-0.23224,0.46655,2.283,0.12796,0,0,0.22793
1.9168,1,108.58,10.304,-0.20865,0.47234,2.2796,0.12799,0,0,0.2308
1.923,1,108.61,10.283,-0.18515,0.47797,2.2761,0.12801,0,0,0.2336
1.9291,1,108.64,10.262,-0.16177,0.48334,2.2728,0.12803,0,0,0.23626
1.9353,1,108.68,10.24,-0.13849,0.48832,2.2698,0.12805,0,0,0.23872
1.9414,1,108.71,10.218,-0.11415,0.49239,2.2672,0.12806,0,0,0.24091
1.9475,1,108.74,10.196,-0.090056,0.49562,2.265,0.12808,0,0,0.24275
1.9537,1,108.77,10.174,-0.066015,0.49768,2.2647,0.1281,0,0,0.24417
1.9598,1,108.79,10.152,-0.042328,0.49894,2.2637,0.12812,0,0,0.24508
1.9659,1,108.81,10.13,-0.019137,0.49955,2.2651,0.12813,0,0,0.24542
1.9719,1,108.82,10.109,0.0035261,0.49895,2.2679,0.12814,0,0,0.24518
1.978,1,108.83,10.087,0.025623,0.4972,2.2737,0.12815,0,0,0.24435
1.984,1,108.83,10.065,0.047269,0.49437,2.2803,0.12815,0,0,0.24299
1.9901,1,108.82,10.043,0.068788,0.49063,2.286,0.12815,0,0,0.24117
1.9961,1,108.79,10.021,0.088452,0.48605,2.3001,0.12814,0,0,0.23889
2.0022,1,108.66,9.9988,0.10138,0.48029,2.3596,0.12809,0,0,0.236
2.0083,1,108.45,9.9771,0.10761,0.47364,2.4389,0.12799,0,0,0.23261
2.0143,1,108.15,9.9562,0.10788,0.46644,2.5286,0.12785,0,0,0.22875
2.0201,1,107.81,9.9352,0.10359,0.45859,2.6114,0.12769,0,0,0.22449
2.026,1,107.43,9.9143,0.096922,0.45049,2.6353,0.1275,0,0,0.21999
2.0319,1,107.02,9.8932,0.0906,0.44228,2.6193,0.12732,0,0,0.21536
2.0378,1,106.86,9.8725,0.10065,0.4356,2.6046,0.12726,0,0,0.21162
2.0436,1,106.92,9.8513,0.12511,0.43016,2.6386,0.12727,0,0,0.20843
2.0494,1,106.91,9.8304,0.1445,0.4253,2.5906,0.12727,0,0,0.206
2.0552,1,106.76,9.8093,0.15607,0.42056,2.5662,0.12722,0,0,0.20351
2.061,1,106.75,9.7879,0.17624,0.41699,2.5403,0.12723,0,0,0.20149
2.0668,1,106.8,9.7676,0.20117,0.41458,2.5122,0.12724,0,0,0.20009
2.0724,1,106.89,9.745,0.22809,0.41242,2.4577,0.12728,0,0,0.19905
2.0785,1,106.95,9.723,0.25529,0.41103,2.4416,0.12731,0,0,0.19835
2.0844,1,107.01,9.7003,0.28111,0.41039,2.4357,0.12734,0,0,0.19789
2.0906,1,107.01,9.6783,0.30428,0.411,2.4363,0.12735,0,0,0.19771
2.0963,1,107.02,9.6567,0.32704,0.41125,2.4262,0.12737,0,0,0.19775
2.1019,1,107.04,9.6355,0.34975,0.41153,2.4193,0.1274,0,0,0.19801
2.1074,1,107.07,9.6146,0.37315,0.41256,2.4024,0.12744,0,0,0.19851
2.1128,1,107.13,9.5938,0.39852,0.41355,2.3777,0.12746,0,0,0.19924
2.1182,1,107.21,9.5726,0.42489,0.41543,2.3515,0.12749,0,0,0.20019
2.1238,1,107.28,9.5517,0.45131,0.41794,2.3362,0.12752,0,0,0.20139
2.1292,1,107.35,9.5306,0.47722,0.42086,2.3224,0.12756,0,0,0.20281
2.1347,1,107.41,9.5099,0.50272,0.42417,2.3144,0.12759,0,0,0.2044
2.1401,1,107.47,9.4888,0.52784,0.42787,2.3049,0.12762,0,0,0.20619
2.1457,1,107.54,9.4662,0.55396,0.43205,2.2926,0.12766,0,0,0.20823
2.1516,1,107.61,9.4429,0.58095,0.43668,2.2878,0.12769,0,0,0.21047
2.1578,1,107.66,9.4195,0.60789,0.44166,2.2867,0.12772,0,0,0.21288
2.164,1,107.7,9.3961,0.63442,0.44691,2.2856,0.12775,0,0,0.21542
2.1702,1,107.74,9.3729,0.66063,0.45238,2.2835,0.12777,0,0,0.21807
2.1765,1,107.78,9.3497,0.68665,0.45797,2.2806,0.1278,0,0,0.22079
2.1827,1,107.82,9.3267,0.71249,0.46359,2.2774,0.12782,0,0,0.22355
2.1889,1,107.85,9.3038,0.73814,0.46913,2.2743,0.12784,0,0,0.22628
2.1951,1,107.89,9.2811,0.76356,0.47443,2.2716,0.12786,0,0,0.22893
2.2013,1,107.92,9.2586,0.78874,0.47932,2.2689,0.12788,0,0,0.23141
2.2075,1,107.96,9.2361,0.8138,0.4836,2.2695,0.1279,0,0,0.23364
2.2137,1,107.99,9.2137,0.83866,0.48492,2.2681,0.12791,0,0,0.2355
2.2199,1,108.02,9.1915,0.86321,0.48699,2.2671,0.12792,0,0,0.23688
2.2261,1,108.04,9.1694,0.88707,0.48895,2.2691,0.12794,0,0,0.23768
2.2322,1,108.06,9.1475,0.91024,0.48989,2.2714,0.12795,0,0,0.23783
2.2384,1,108.07,9.1257,0.93272,0.48891,2.2777,0.12796,0,0,0.23732
2.2445,1,108.07,9.104,0.9547,0.48593,2.2841,0.12796,0,0,0.23617
2.2506,1,108.07,9.0824,0.97606,0.48178,2.2924,0.12796,0,0,0.23442
2.2567,1,108.02,9.0611,0.9942,0.47653,2.3214,0.12794,0,0,0.23191
2.2628,1,107.9,9.0405,1.0072,0.47038,2.3732,0.12789,0,0,0.22894
2.2687,1,107.69,9.0198,1.0127,0.46294,2.4509,0.12779,0,0,0.22442
2.2746,1,107.41,8.9993,1.0132,0.45468,2.5351,0.12766,0,0,0.21924
2.2806,1,107.04,8.9792,1.0076,0.44584,2.5654,0.12749,0,0,0.214
2.2865,1,106.66,8.9591,0.99993,0.43679,2.5715,0.1273,0,0,0.20901
2.2925,1,106.35,8.9393,0.99582,0.42814,2.6402,0.12717,0,0,0.20546
2.2984,1,106.19,8.9197,1.0019,0.42055,2.5996,0.12709,0,0,0.20275
2.3043,1,106.22,8.9003,1.0243,0.41457,2.6128,0.1271,0,0,0.1998
2.3102,1,106.24,8.8805,1.0469,0.4093,2.6003,0.1271,0,0,0.19691
2.3161,1,106.19,8.8613,1.0616,0.40477,2.5316,0.12713,0,0,0.19471
2.322,1,106.12,8.8424,1.0756,0.40116,2.5293,0.12711,0,0,0.19303
2.3278,1,106.16,8.8235,1.0978,0.3988,2.5175,0.12709,0,0,0.19138
2.3337,1,106.21,8.8045,1.1212,0.39725,2.4817,0.12712,0,0,0.19057
2.3395,1,106.26,8.7865,1.1438,0.39684,2.4632,0.12714,0,0,0.19011
2.3452,1,106.31,8.7669,1.1663,0.3978,2.4424,0.12718,0,0,0.18996
2.3513,1,106.33,8.7493,1.1864,0.39773,2.4545,0.1272,0,0,0.19011
2.357,1,106.37,8.7318,1.2045,0.3988,2.4436,0.12722,0,0,0.19059
2.3626,1,106.41,8.7148,1.2235,0.40044,2.4352,0.12723,0,0,0.19138
2.3681,1,106.45,8.6984,1.2429,0.40174,2.4226,0.12726,0,0,0.19236
2.3735,1,106.53,8.6815,1.2656,0.40442,2.3813,0.1273,0,0,0.19362
2.379,1,106.6,8.6651,1.2883,0.40756,2.3632,0.12733,0,0,0.19513
2.3845,1,106.68,8.6482,1.3113,0.41124,2.3404,0.12736,0,0,0.19695
2.3901,1,106.74,8.6324,1.333,0.41528,2.336,0.12739,0,0,0.1989
2.3954,1,106.81,8.6159,1.3544,0.41985,2.3199,0.12743,0,0,0.20113
2.401,1,106.86,8.6007,1.3748,0.42464,2.3197,0.12746,0,0,0.20344
2.4062,1,106.93,8.5848,1.3948,0.42991,2.3072,0.12749,0,0,0.206
2.4117,1,107,8.5685,1.4157,0.43563,2.2975,0.12753,0,0,0.20879
2.4174,1,107.06,8.5518,1.4366,0.44178,2.2922,0.12757,0,0,0.21178
2.4233,1,107.12,8.5345,1.4579,0.44833,2.2869,0.1276,0,0,0.21497
2.4294,1,107.17,8.517,1.4792,0.45519,2.2853,0.12763,0,0,0.21831
2.4357,1,107.22,8.4997,1.5,0.46213,2.2856,0.12766,0,0,0.22169
2.4419,1,107.26,8.4826,1.5203,0.46904,2.2851,0.12769,0,0,0.22505
2.4482,1,107.3,8.4656,1.5402,0.47581,2.2837,0.12771,0,0,0.22836
2.4544,1,107.34,8.4489,1.5598,0.48229,2.2824,0.12773,0,0,0.23155
2.4607,1,107.37,8.4324,1.5791,0.48837,2.2803,0.12775,0,0,0.23455
2.4669,1,107.41,8.416,1.5982,0.49392,2.2776,0.12777,0,0,0.23729
2.4731,1,107.45,8.3998,1.6173,0.49883,2.2745,0.12779,0,0,0.23971
2.4792,1,107.49,8.3836,1.6363,0.50291,2.2715,0.12782,0,0,0.24173
2.4854,1,107.53,8.3676,1.6551,0.50526,2.2726,0.12784,0,0,0.24326
2.4916,1,107.56,8.3517,1.6738,0.50504,2.2705,0.12786,0,0,0.24423
2.4978,1,107.59,8.3358,1.6927,0.50693,2.2686,0.12787,0,0,0.2446
2.504,1,107.62,8.32,1.711,0.50728,2.2682,0.12789,0,0,0.24436
2.5102,1,107.63,8.3044,1.7287,0.50677,2.2697,0.1279,0,0,0.24351
2.5164,1,107.65,8.2887,1.7458,0.50448,2.273,0.12791,0,0,0.24212
2.5226,1,107.66,8.2732,1.7622,0.50057,2.28,0.12792,0,0,0.24021
2.5288,1,107.66,8.2578,1.7779,0.49583,2.288,0.12792,0,0,0.23763
2.5349,1,107.66,8.243,1.7932,0.49076,2.2954,0.12792,0,0,0.23468
2.5409,1,107.62,8.228,1.8007,0.48491,2.3175,0.12791,0,0,0.23122
2.547,1,107.47,8.2132,1.7975,0.47809,2.3919,0.12784,0,0,0.22744
2.5531,1,107.24,8.199,1.7891,0.47091,2.4699,0.12773,0,0,0.22334
2.559,1,106.93,8.1851,1.7771,0.46313,2.5372,0.12758,0,0,0.21909
2.5649,1,106.57,8.1713,1.776,0.45503,2.5959,0.12741,0,0,0.21505
2.5709,1,106.16,8.1581,1.7719,0.44707,2.6028,0.12721,0,0,0.21169
2.5767,1,105.83,8.1451,1.7561,0.43945,2.6156,0.12706,0,0,0.20871
2.5826,1,105.73,8.1317,1.7664,0.43354,2.642,0.12702,0,0,0.20512
2.5886,1,105.83,8.1182,1.7871,0.4288,2.57,0.12703,0,0,0.20294
2.5945,1,105.79,8.1052,1.7961,0.42449,2.581,0.12705,0,0,0.20146
2.6003,1,105.71,8.0924,1.7964,0.42051,2.5542,0.12706,0,0,0.20018
2.6061,1,105.78,8.0793,1.8152,0.41811,2.5224,0.12703,0,0,0.19875
2.6119,1,105.84,8.0656,1.8334,0.41605,2.4895,0.12705,0,0,0.19815
2.618,1,105.87,8.0533,1.8522,0.41597,2.4606,0.12706,0,0,0.19779
2.6236,1,105.91,8.0403,1.8693,0.41596,2.4425,0.12709,0,0,0.19771
2.6294,1,105.96,8.0274,1.886,0.4151,2.4323,0.12712,0,0,0.19788
2.6353,1,106.01,8.015,1.8997,0.41537,2.438,0.12715,0,0,0.19833
2.641,1,106.05,8.0026,1.9128,0.416,2.4297,0.12717,0,0,0.19898
2.6467,1,106.12,7.9901,1.9282,0.41677,2.4176,0.12719,0,0,0.1998
2.6525,1,106.19,7.9778,1.9453,0.41821,2.393,0.12722,0,0,0.20086
2.6583,1,106.28,7.9654,1.9647,0.42036,2.3607,0.12726,0,0,0.20215
2.6641,1,106.35,7.9536,1.9824,0.42291,2.352,0.12728,0,0,0.20366
2.6696,1,106.41,7.9423,1.9994,0.42587,2.3385,0.12732,0,0,0.20531
2.675,1,106.51,7.9295,2.0182,0.42934,2.3126,0.12737,0,0,0.20728
2.6811,1,106.57,7.9179,2.0358,0.43312,2.3157,0.12741,0,0,0.2093
2.6867,1,106.64,7.9056,2.0529,0.43735,2.304,0.12745,0,0,0.21154
2.6927,1,106.71,7.8928,2.0711,0.44204,2.2945,0.12749,0,0,0.21399
2.699,1,106.77,7.8801,2.0884,0.44703,2.2948,0.12752,0,0,0.21652
2.7053,1,106.83,7.8677,2.1053,0.45227,2.292,0.12755,0,0,0.21913
2.7115,1,106.88,7.8554,2.1217,0.45766,2.2887,0.12758,0,0,0.22175
2.7178,1,106.94,7.8433,2.138,0.46312,2.2848,0.12761,0,0,0.22434
2.724,1,106.99,7.8314,2.1539,0.46854,2.2811,0.12764,0,0,0.22682
2.7302,1,107.04,7.8196,2.1696,0.47378,2.2773,0.12767,0,0,0.22913
2.7364,1,107.08,7.808,2.1851,0.4787,2.2746,0.1277,0,0,0.23115
2.7427,1,107.13,7.7965,2.2004,0.48309,2.2764,0.12773,0,0,0.23281
2.7489,1,107.16,7.7851,2.2155,0.48673,2.2754,0.12775,0,0,0.23405
2.7551,1,107.19,7.7739,2.2297,0.48806,2.2744,0.12777,0,0,0.2348
2.7613,1,107.21,7.7628,2.2432,0.48902,2.2773,0.12779,0,0,0.23505
2.7675,1,107.21,7.7518,2.2558,0.49034,2.2815,0.1278,0,0,0.23477
2.7737,1,107.22,7.741,2.2677,0.48989,2.289,0.1278,0,0,0.23374
2.7799,1,107.23,7.7303,2.2793,0.48878,2.295,0.12781,0,0,0.23204
2.7861,1,107.23,7.72,2.2821,0.48616,2.3061,0.12781,0,0,0.22981
2.7921,1,107.12,7.7103,2.2737,0.48247,2.3655,0.12776,0,0,0.22719
2.798,1,106.93,7.7009,2.2599,0.47765,2.4368,0.12767,0,0,0.22399
2.8039,1,106.65,7.6917,2.2429,0.4716,2.5226,0.12754,0,0,0.22046
2.8099,1,106.3,7.6829,2.2341,0.46485,2.573,0.12736,0,0,0.21721
2.8159,1,105.86,7.6747,2.2289,0.45771,2.5708,0.12716,0,0,0.21423
2.8218,1,105.43,7.667,2.2154,0.45065,2.6343,0.12695,0,0,0.21135
2.8277,1,105.26,7.659,2.2094,0.44451,2.6294,0.12689,0,0,0.20825
2.8336,1,105.31,7.6508,2.2199,0.43968,2.5856,0.12691,0,0,0.20615
2.8395,1,105.38,7.6425,2.2358,0.43582,2.562,0.12691,0,0,0.20485
2.8454,1,105.32,7.6345,2.2377,0.43205,2.5909,0.12692,0,0,0.20387
2.8513,1,105.34,7.6265,2.2391,0.42914,2.547,0.12695,0,0,0.20286
2.8572,1,105.4,7.6184,2.2529,0.42757,2.5159,0.12695,0,0,0.2024
2.8632,1,105.43,7.6104,2.2658,0.4267,2.4912,0.12697,0,0,0.20237
2.8691,1,105.48,7.6025,2.2798,0.42765,2.46,0.12697,0,0,0.2026
2.875,1,105.54,7.5947,2.2915,0.42901,2.4528,0.12699,0,0,0.20316
2.8808,1,105.62,7.5867,2.3029,0.42964,2.4461,0.12702,0,0,0.20402
2.8869,1,105.65,7.5794,2.3106,0.43063,2.4563,0.12704,0,0,0.20508
2.8925,1,105.74,7.5722,2.3209,0.43228,2.4349,0.12707,0,0,0.20632
2.8981,1,105.84,7.565,2.3347,0.43385,2.4015,0.12711,0,0,0.20787
2.9037,1,105.92,7.5573,2.3504,0.43676,2.3652,0.12716,0,0,0.20972
2.9098,1,105.97,7.5502,2.3651,0.44011,2.3556,0.12719,0,0,0.21166
2.9154,1,106.06,7.5429,2.3792,0.44386,2.3394,0.12724,0,0,0.2138
2.9211,1,106.17,7.5355,2.3941,0.44806,2.322,0.12729,0,0,0.21613
2.9271,1,106.25,7.5285,2.4072,0.45249,2.3209,0.12732,0,0,0.2185
2.9327,1,106.33,7.5215,2.42,0.45722,2.3112,0.12736,0,0,0.22098
2.9384,1,106.42,7.5141,2.4338,0.46234,2.2985,0.12741,0,0,0.22365
2.9446,1,106.51,7.5065,2.4473,0.4677,2.2948,0.12745,0,0,0.22638
2.9509,1,106.58,7.4992,2.4601,0.47315,2.2931,0.12749,0,0,0.22908
2.9572,1,106.65,7.4919,2.4725,0.4786,2.2892,0.12752,0,0,0.23173
2.9635,1,106.72,7.4848,2.4846,0.48394,2.2853,0.12756,0,0,0.23425
2.9697,1,106.78,7.4777,2.4965,0.48908,2.281,0.12759,0,0,0.2366
2.976,1,106.85,7.4708,2.5082,0.49387,2.2775,0.12763,0,0,0.23872
2.9822,1,106.9,7.4639,2.5197,0.4982,2.2761,0.12766,0,0,0.24051
2.9885,1,106.95,7.4572,2.5309,0.50192,2.2779,0.12769,0,0,0.24193
2.9947,1,106.99,7.4505,2.5416,0.50485,2.2767,0.12772,0,0,0.24293
3.001,1,107.02,7.4439,2.5516,0.50588,2.2778,0.12774,0,0,0.24347
3.0072,1,107.04,7.4374,2.5606,0.50649,2.2803,0.12776,0,0,0.24359
3.0135,1,107.05,7.431,2.5689,0.50717,2.2877,0.12777,0,0,0.24327
3.0197,1,107.05,7.4247,2.5765,0.50666,2.2958,0.12778,0,0,0.24229
3.0259,1,107.04,7.4187,2.582,0.50616,2.3046,0.12778,0,0,0.24087
3.0319,1,106.96,7.413,2.5734,0.50392,2.3455,0.12775,0,0,0.23883
3.038,1,106.8,7.4078,2.5557,0.50065,2.4278,0.12767,0,0,0.23622
3.0438,1,106.54,7.4029,2.5323,0.49625,2.5111,0.12754,0,0,0.23306
3.0498,1,106.21,7.3984,2.5079,0.49102,2.5721,0.12737,0,0,0.22971
3.0558,1,105.82,7.3945,2.4952,0.48518,2.5957,0.12717,0,0,0.22685
3.0617,1,105.41,7.3909,2.4886,0.47937,2.6091,0.12696,0,0,0.22435
3.0675,1,105.21,7.3871,2.4828,0.47386,2.6259,0.12687,0,0,0.22184
3.0734,1,105.11,7.3832,2.4792,0.46979,2.6358,0.12687,0,0,0.21993
3.0792,1,105.1,7.3792,2.4807,0.46617,2.6004,0.12688,0,0,0.21881
3.0851,1,105.09,7.3751,2.4827,0.46228,2.6374,0.12687,0,0,0.21746
3.091,1,105.19,7.3711,2.4832,0.45989,2.5727,0.12692,0,0,0.21681
3.0968,1,105.27,7.3669,2.492,0.45827,2.5233,0.12694,0,0,0.21649
3.1026,1,105.31,7.3623,2.5046,0.45711,2.4734,0.12692,0,0,0.21636
3.1086,1,105.38,7.3578,2.5161,0.45704,2.4512,0.12695,0,0,0.2164
3.1145,1,105.45,7.3531,2.5268,0.45762,2.4356,0.12695,0,0,0.21668
3.1205,1,105.56,7.3483,2.5365,0.4587,2.4288,0.12701,0,0,0.21718
3.1267,1,105.65,7.3436,2.5458,0.45803,2.4289,0.12706,0,0,0.21781
3.1329,1,105.74,7.3391,2.5542,0.45841,2.4252,0.12709,0,0,0.21865
3.1388,1,105.83,7.3344,2.5646,0.45926,2.4,0.12711,0,0,0.21971
3.1448,1,105.91,7.3297,2.5759,0.46113,2.3648,0.12715,0,0,0.221
3.1508,1,105.99,7.3251,2.5883,0.46331,2.353,0.12718,0,0,0.22239
3.1567,1,106.1,7.3202,2.6012,0.46583,2.3281,0.12724,0,0,0.22396
3.1629,1,106.19,7.3154,2.6138,0.46866,2.3205,0.12729,0,0,0.2256
3.169,1,106.3,7.3105,2.626,0.47176,2.3076,0.12734,0,0,0.22731
3.1753,1,106.39,7.3056,2.6381,0.47507,2.2995,0.12739,0,0,0.22906
3.1816,1,106.48,7.3007,2.6496,0.47851,2.2934,0.12744,0,0,0.23076
3.1878,1,106.56,7.2958,2.6607,0.48199,2.2874,0.12749,0,0,0.23237
3.1941,1,106.63,7.291,2.6715,0.4854,2.2858,0.12753,0,0,0.23383
3.2004,1,106.69,7.2863,2.6819,0.48862,2.288,0.12757,0,0,0.23508
3.2067,1,106.74,7.2816,2.6916,0.49151,2.2847,0.12761,0,0,0.23609
3.213,1,106.78,7.277,2.7005,0.49391,2.2824,0.12764,0,0,0.23681
3.2193,1,106.77,7.2725,2.7084,0.49369,2.2865,0.12765,0,0,0.23709
3.2255,1,106.78,7.2681,2.7152,0.4936,2.292,0.12767,0,0,0.23675
3.2317,1,106.8,7.2639,2.7176,0.49311,2.3006,0.12768,0,0,0.23592
3.2377,1,106.78,7.2599,2.7055,0.49398,2.3073,0.12768,0,0,0.23462
3.2437,1,106.69,7.2563,2.6861,0.49433,2.3492,0.12766,0,0,0.23275
3.2496,1,106.51,7.2529,2.663,0.49342,2.4293,0.12759,0,0,0.2304
3.2556,1,106.28,7.2501,2.6431,0.49144,2.5184,0.12746,0,0,0.22803
3.2615,1,105.96,7.2477,2.6324,0.48741,2.6119,0.12729,0,0,0.2259
3.2675,1,105.56,7.2459,2.6189,0.48261,2.6124,0.12708,0,0,0.22356
3.2732,1,105.14,7.2441,2.6011,0.47724,2.6978,0.12688,0,0,0.22067
3.2792,1,104.95,7.2423,2.609,0.47221,2.6526,0.12677,0,0,0.21891
3.285,1,104.87,7.2403,2.6036,0.46849,2.6161,0.12678,0,0,0.21779
3.2908,1,104.82,7.2384,2.5983,0.46495,2.644,0.12678,0,0,0.21684
3.2966,1,104.87,7.2361,2.6044,0.46092,2.6018,0.12682,0,0,0.21558
3.3024,1,104.96,7.2339,2.6007,0.45848,2.5709,0.12679,0,0,0.21521
3.3083,1,105.06,7.2313,2.6124,0.4565,2.5312,0.1268,0,0,0.21489
3.3142,1,105.15,7.2286,2.6219,0.45559,2.4812,0.12683,0,0,0.21486
3.32,1,105.26,7.2256,2.6339,0.45476,2.4522,0.12687,0,0,0.21494
3.3261,1,105.36,7.2225,2.6434,0.45438,2.4368,0.12693,0,0,0.21526
3.3323,1,105.43,7.2195,2.6516,0.45395,2.4349,0.12697,0,0,0.21575
3.3385,1,105.51,7.2165,2.6591,0.45429,2.4343,0.127,0,0,0.21639
3.3447,1,105.59,7.2135,2.6668,0.45433,2.4228,0.12702,0,0,0.21724
3.3509,1,105.68,7.2104,2.6764,0.45546,2.3936,0.12706,0,0,0.21832
3.357,1,105.79,7.2072,2.6873,0.45706,2.3644,0.12711,0,0,0.2196
3.3632,1,105.91,7.204,2.699,0.45904,2.3475,0.12717,0,0,0.22101
3.3694,1,106,7.2009,2.7096,0.46141,2.3346,0.12722,0,0,0.22252
3.3754,1,106.1,7.1976,2.7209,0.46408,2.3189,0.12728,0,0,0.22413
3.3817,1,106.18,7.1944,2.7318,0.46705,2.3091,0.12733,0,0,0.22579
3.388,1,106.27,7.1911,2.7422,0.47021,2.302,0.12738,0,0,0.22742
3.3943,1,106.35,7.1879,2.7522,0.4735,2.2984,0.12743,0,0,0.22898
3.4005,1,106.42,7.1847,2.7619,0.47681,2.2952,0.12747,0,0,0.23042
3.4068,1,106.47,7.1816,2.771,0.48003,2.2902,0.12751,0,0,0.23168
3.4131,1,106.52,7.1785,2.7795,0.48288,2.2853,0.12755,0,0,0.23272
3.4194,1,106.56,7.1756,2.787,0.48445,2.2886,0.12756,0,0,0.23351
3.4256,1,106.56,7.1728,2.7932,0.48587,2.2928,0.12757,0,0,0.23395
3.4316,1,106.55,7.1701,2.7987,0.48806,2.297,0.12759,0,0,0.23382
3.4376,1,106.59,7.1674,2.8033,0.48843,2.3014,0.1276,0,0,0.23319
3.4437,1,106.56,7.165,2.7899,0.4889,2.3115,0.12759,0,0,0.23211
3.4496,1,106.48,7.1629,2.7695,0.4884,2.3551,0.12758,0,0,0.23046
3.4555,1,106.32,7.1611,2.7459,0.48776,2.4329,0.12751,0,0,0.22834
3.4615,1,106.1,7.1598,2.7218,0.48571,2.5209,0.12738,0,0,0.22587
3.4676,1,105.77,7.1591,2.7066,0.48238,2.5923,0.1272,0,0,0.22386
3.4733,1,105.35,7.1588,2.694,0.47784,2.6319,0.127,0,0,0.22167
3.4792,1,104.94,7.1588,2.6782,0.47303,2.705,0.1268,0,0,0.21911
3.485,1,104.81,7.1585,2.6805,0.46827,2.6984,0.12673,0,0,0.21716
3.4909,1,104.75,7.1582,2.6749,0.46476,2.6266,0.12671,0,0,0.21608
3.4967,1,104.67,7.1579,2.6668,0.46143,2.6305,0.12672,0,0,0.21515
3.5025,1,104.73,7.1571,2.6731,0.45759,2.5949,0.12675,0,0,0.21396
3.5084,1,104.82,7.1563,2.6714,0.45512,2.5928,0.12669,0,0,0.21348
3.5144,1,104.91,7.1552,2.678,0.45411,2.5285,0.12675,0,0,0.21314
3.5206,1,105.02,7.154,2.6861,0.45294,2.4906,0.1268,0,0,0.21308
3.5264,1,105.13,7.1525,2.6957,0.45219,2.4551,0.12684,0,0,0.21317
3.5325,1,105.21,7.151,2.7042,0.45141,2.4412,0.12688,0,0,0.2135
3.5386,1,105.27,7.1494,2.7107,0.45114,2.439,0.1269,0,0,0.21398
3.5449,1,105.34,7.1478,2.7168,0.45142,2.4404,0.12693,0,0,0.21461
3.551,1,105.43,7.1463,2.723,0.45154,2.4261,0.12697,0,0,0.21547
3.5572,1,105.52,7.1446,2.7312,0.45259,2.3937,0.12702,0,0,0.21653
3.5633,1,105.64,7.1428,2.7409,0.45411,2.367,0.12707,0,0,0.21782
3.5695,1,105.75,7.1409,2.7513,0.45607,2.3501,0.12713,0,0,0.21923
3.5757,1,105.85,7.1391,2.7606,0.45844,2.339,0.12718,0,0,0.22077
3.5817,1,105.96,7.1371,2.7708,0.46114,2.3214,0.12724,0,0,0.22242
3.588,1,106.06,7.1351,2.7807,0.46416,2.3115,0.12729,0,0,0.22415
3.5943,1,106.13,7.1332,2.79,0.46743,2.3041,0.12733,0,0,0.22588
3.6006,1,106.21,7.1312,2.7989,0.47087,2.297,0.12738,0,0,0.22757
3.6068,1,106.28,7.1292,2.8075,0.47439,2.2915,0.12742,0,0,0.22915
3.6131,1,106.35,7.1273,2.8159,0.47787,2.2897,0.12745,0,0,0.23057
3.6194,1,106.4,7.1254,2.8235,0.48118,2.2873,0.12749,0,0,0.23179
3.6256,1,106.44,7.1236,2.8303,0.48318,2.2853,0.12753,0,0,0.23276
3.6317,1,106.47,7.1219,2.8359,0.48561,2.2913,0.12753,0,0,0.23347
3.6375,1,106.45,7.1202,2.8417,0.48757,2.2889,0.12754,0,0,0.23363
3.6438,1,106.49,7.1185,2.8465,0.48793,2.2976,0.12756,0,0,0.23323
3.6501,1,106.5,7.117,2.8452,0.48926,2.3083,0.12757,0,0,0.23233
3.656,1,106.48,7.1157,2.8297,0.48976,2.3236,0.12756,0,0,0.231
3.6619,1,106.4,7.1147,2.8075,0.48818,2.3892,0.12754,0,0,0.22909
3.6678,1,106.22,7.114,2.7817,0.48615,2.4639,0.12744,0,0,0.22662
3.6739,1,105.96,7.1139,2.7627,0.48224,2.5358,0.12729,0,0,0.22426
3.6801,1,105.57,7.1145,2.7492,0.47793,2.604,0.1271,0,0,0.22218
3.6859,1,105.14,7.1154,2.7323,0.47301,2.6809,0.12689,0,0,0.21977
3.6916,1,104.79,7.1165,2.7151,0.46774,2.7371,0.12673,0,0,0.21696
3.6975,1,104.69,7.1173,2.7194,0.4631,2.6415,0.12669,0,0,0.21515
3.7036,1,104.69,7.1181,2.71,0.45956,2.6178,0.12669,0,0,0.214
3.7094,1,104.69,7.1187,2.7017,0.45589,2.6064,0.12669,0,0,0.21305
3.7152,1,104.65,7.1189,2.7063,0.45265,2.6034,0.12669,0,0,0.21182
3.7209,1,104.77,7.1192,2.7016,0.45101,2.5455,0.12667,0,0,0.21138
3.7271,1,104.85,7.119,2.7107,0.44903,2.5159,0.12674,0,0,0.21101
3.7331,1,104.95,7.1187,2.717,0.44844,2.476,0.12678,0,0,0.21098
3.7388,1,105.06,7.1181,2.7263,0.44774,2.4529,0.12681,0,0,0.21111
3.7448,1,105.14,7.1175,2.7333,0.44685,2.4405,0.12685,0,0,0.2115
3.7509,1,105.21,7.1169,2.7392,0.44662,2.4377,0.12689,0,0,0.212
3.7572,1,105.29,7.1163,2.7438,0.447,2.4391,0.12691,0,0,0.21267
3.7632,1,105.37,7.1156,2.7496,0.44758,2.4138,0.12694,0,0,0.21354
3.7694,1,105.46,7.1148,2.7561,0.44889,2.3912,0.12698,0,0,0.21464
3.7753,1,105.58,7.1138,2.7653,0.45058,2.3614,0.12704,0,0,0.21595
3.7816,1,105.69,7.1128,2.7747,0.45271,2.3474,0.1271,0,0,0.21741
3.7878,1,105.78,7.1118,2.7829,0.45524,2.3384,0.12715,0,0,0.21897
3.7937,1,105.89,7.1107,2.7924,0.45813,2.3198,0.1272,0,0,0.22068
3.7999,1,105.99,7.1095,2.8015,0.46135,2.3105,0.12726,0,0,0.22245
3.8062,1,106.08,7.1083,2.81,0.46484,2.3071,0.12731,0,0,0.22424
3.8125,1,106.15,7.1071,2.8182,0.46851,2.2991,0.12735,0,0,0.226
3.8188,1,106.22,7.106,2.8261,0.47226,2.2932,0.12739,0,0,0.22764
3.8251,1,106.28,7.1048,2.8335,0.47597,2.2914,0.12743,0,0,0.22913
3.8313,1,106.34,7.1037,2.8402,0.47817,2.2896,0.12747,0,0,0.23042
3.8373,1,106.38,7.1027,2.8464,0.4815,2.285,0.1275,0,0,0.23149
3.8432,1,106.42,7.1016,2.8528,0.48442,2.284,0.12753,0,0,0.23227
3.8495,1,106.39,7.1006,2.858,0.48677,2.2889,0.12752,0,0,0.23246
3.8558,1,106.42,7.0997,2.8614,0.4865,2.2994,0.12754,0,0,0.23216
3.8617,1,106.45,7.0988,2.8611,0.4877,2.3038,0.12755,0,0,0.23134
3.8676,1,106.46,7.0981,2.8478,0.48772,2.3117,0.12756,0,0,0.23006
3.8737,1,106.4,7.0976,2.8262,0.48738,2.3577,0.12754,0,0,0.22838
3.8795,1,106.29,7.0975,2.8008,0.48594,2.4202,0.12748,0,0,0.22603
3.8857,1,106.11,7.0978,2.7847,0.48291,2.4664,0.12737,0,0,0.22405
3.8918,1,105.77,7.0987,2.7728,0.47904,2.5621,0.1272,0,0,0.22218
3.8976,1,105.38,7.1001,2.756,0.47441,2.6376,0.12701,0,0,0.21996
3.9034,1,104.96,7.1019,2.732,0.46904,2.7174,0.12681,0,0,0.21718
3.9092,1,104.79,7.1035,2.7343,0.46414,2.6745,0.12673,0,0,0.21514
3.9151,1,104.75,7.105,2.7284,0.46017,2.6056,0.12669,0,0,0.21377
3.9209,1,104.77,7.1062,2.7221,0.4564,2.5853,0.12673,0,0,0.21291
3.9267,1,104.77,7.1072,2.7207,0.45284,2.5797,0.12673,0,0,0.21196
3.9325,1,104.75,7.1079,2.7228,0.45063,2.5712,0.12667,0,0,0.21094
3.9383,1,104.84,7.1088,2.7188,0.44831,2.5256,0.12673,0,0,0.21057
3.9444,1,104.91,7.1092,2.7259,0.44682,2.4987,0.12676,0,0,0.21036
3.9501,1,105.03,7.1094,2.7328,0.44622,2.4594,0.12681,0,0,0.21047
3.9563,1,105.11,7.1094,2.74,0.4461,2.4555,0.12685,0,0,0.21078
3.9625,1,105.21,7.1095,2.7447,0.44566,2.4468,0.12689,0,0,0.21125
3.9687,1,105.28,7.1095,2.7488,0.44508,2.4431,0.1269,0,0,0.2119
3.9748,1,105.36,7.1094,2.7537,0.446,2.4218,0.12694,0,0,0.21276
3.9809,1,105.48,7.1093,2.7599,0.44731,2.3835,0.12699,0,0,0.21394
3.987,1,105.59,7.1089,2.7693,0.44893,2.3655,0.12704,0,0,0.21525
3.9932,1,105.7,7.2065,2.778,0.45098,2.3463,0.1271,0,0,0.21677
3.9994,1,105.8,7.3024,2.7042,0.45347,2.3356,0.12715,0,0,0.21841
4.0056,1,105.91,7.3803,2.6157,0.45636,2.3222,0.1272,0,0,0.22019
4.0119,1,106,7.4255,2.5447,0.45961,2.3144,0.12725,0,0,0.22204
4.0182,1,106.05,7.4247,2.5107,0.46315,2.3073,0.1273,0,0,0.22392
4.0245,1,106.13,7.424,2.5183,0.4669,2.2998,0.12734,0,0,0.22577
4.0307,1,106.21,7.4232,2.5255,0.47073,2.2939,0.12738,0,0,0.22752
4.0369,1,106.27,7.4225,2.5321,0.47451,2.2911,0.12742,0,0,0.22909
4.043,1,106.32,7.4218,2.5382,0.47654,2.2893,0.12745,0,0,0.23047
4.0489,1,106.38,7.4211,2.545,0.48008,2.282,0.12749,0,0,0.23164
4.0552,1,106.42,7.4204,2.5506,0.4832,2.2852,0.12752,0,0,0.2325
4.0614,1,106.39,7.4198,2.5543,0.48536,2.2922,0.12753,0,0,0.23279
4.0674,1,106.43,7.4193,2.5574,0.48721,2.298,0.12754,0,0,0.23259
4.0732,1,106.47,7.4188,2.5604,0.48876,2.3007,0.12756,0,0,0.23179
4.0794,1,106.49,7.4184,2.5624,0.48824,2.3118,0.12757,0,0,0.23056
4.0853,1,106.47,7.4182,2.5604,0.48727,2.3596,0.12754,0,0,0.22886
4.0911,1,106.39,7.4184,2.5503,0.48649,2.433,0.12747,0,0,0.22652
4.0973,1,106.09,7.4192,2.5324,0.48349,2.5192,0.12734,0,0,0.22449
4.1033,1,105.7,7.4207,2.5072,0.47948,2.5962,0.12716,0,0,0.22252
4.1091,1,105.28,7.4227,2.4769,0.47459,2.6825,0.12696,0,0,0.22026
4.1149,1,104.91,7.4252,2.4445,0.46905,2.684,0.12677,0,0,0.2174
4.1208,1,104.79,7.4278,2.4159,0.46381,2.6897,0.12668,0,0,0.2153
4.1267,1,104.74,7.4296,2.4128,0.45967,2.652,0.12668,0,0,0.21388
4.1325,1,104.78,7.4308,2.4176,0.45597,2.5952,0.12668,0,0,0.21296
4.1384,1,104.73,7.4324,2.4096,0.45287,2.6153,0.12668,0,0,0.2119
4.1443,1,104.75,7.4339,2.4012,0.44999,2.5911,0.12667,0,0,0.21092
4.15,1,104.84,7.4348,2.4085,0.4478,2.5305,0.1267,0,0,0.21052
4.1561,1,104.9,7.4355,2.4139,0.44635,2.4976,0.12672,0,0,0.21031
4.1619,1,105.02,7.4359,2.4229,0.44565,2.4571,0.12676,0,0,0.21042
4.1681,1,105.12,7.4362,2.4289,0.44532,2.4488,0.12682,0,0,0.21072
4.1742,1,105.22,7.4365,2.4336,0.44529,2.4443,0.12686,0,0,0.2112
4.1804,1,105.29,7.4368,2.436,0.44494,2.4471,0.12689,0,0,0.21185
4.1865,1,105.37,7.4371,2.4399,0.44545,2.434,0.12693,0,0,0.21271
4.1926,1,105.48,7.4371,2.4478,0.44647,2.3992,0.12697,0,0,0.21387
4.1988,1,105.6,7.4369,2.4561,0.44814,2.3762,0.12701,0,0,0.2152
4.2048,1,105.71,7.4366,2.4652,0.45022,2.3539,0.12706,0,0,0.21672
4.211,1,105.81,7.4363,2.4734,0.45275,2.3422,0.12711,0,0,0.21836
4.2171,1,105.92,7.4359,2.482,0.45567,2.3273,0.12717,0,0,0.22014
4.2234,1,106.02,7.4355,2.4904,0.45897,2.317,0.12722,0,0,0.22201
4.2296,1,106.02,7.435,2.4982,0.46258,2.309,0.12727,0,0,0.2239
4.2359,1,106.11,7.4345,2.5058,0.46644,2.301,0.12731,0,0,0.22575
4.2422,1,106.18,7.434,2.5128,0.47043,2.296,0.12736,0,0,0.2275
4.2484,1,106.24,7.4335,2.5191,0.47441,2.2929,0.1274,0,0,0.22908
4.2543,1,106.3,7.433,2.5256,0.47815,2.2864,0.12743,0,0,0.23048
4.2604,1,106.37,7.4325,2.5325,0.4819,2.2806,0.12747,0,0,0.23168
4.2667,1,106.41,7.432,2.5383,0.48524,2.2841,0.12751,0,0,0.23255
4.273,1,106.39,7.4316,2.5422,0.48802,2.2901,0.12752,0,0,0.23285
4.2788,1,106.44,7.4312,2.546,0.48956,2.2899,0.12754,0,0,0.23267
4.2849,1,106.48,7.4309,2.5493,0.4902,2.2946,0.12756,0,0,0.23188
4.2911,1,106.51,7.4306,2.5515,0.49062,2.3039,0.12758,0,0,0.23061
4.2971,1,106.53,7.4304,2.5527,0.49055,2.3143,0.12758,0,0,0.22897
4.303,1,106.49,7.4306,2.5469,0.48942,2.3723,0.12755,0,0,0.22686
4.309,1,106.32,7.4313,2.534,0.48779,2.4458,0.12746,0,0,0.22502
4.3151,1,106.03,7.4325,2.5127,0.48456,2.5382,0.12732,0,0,0.2232
4.321,1,105.66,7.4344,2.4859,0.48014,2.6022,0.12714,0,0,0.22095
4.3268,1,105.26,7.4368,2.4534,0.4749,2.698,0.12694,0,0,0.21827
4.3327,1,104.9,7.4397,2.4196,0.46914,2.7224,0.12677,0,0,0.21609
4.3386,1,104.77,7.4421,2.4036,0.46423,2.6783,0.12669,0,0,0.21461
4.3444,1,104.82,7.4437,2.4066,0.46023,2.652,0.12672,0,0,0.21369
4.3503,1,104.81,7.4451,2.4072,0.45662,2.5888,0.12671,0,0,0.21275
4.3561,1,104.81,7.4471,2.3913,0.45269,2.6333,0.12666,0,0,0.21153
4.362,1,104.87,7.4484,2.3939,0.4501,2.5673,0.12669,0,0,0.21115
4.3679,1,104.96,7.4494,2.399,0.44807,2.5309,0.12673,0,0,0.21095
4.3738,1,105.09,7.45,2.4072,0.44707,2.4801,0.12676,0,0,0.21113
4.3798,1,105.21,7.4505,2.4143,0.44592,2.4573,0.12678,0,0,0.21139
4.386,1,105.29,7.451,2.4199,0.44528,2.4462,0.12683,0,0,0.21186
4.3922,1,105.34,7.4514,2.423,0.44511,2.446,0.12687,0,0,0.21248
4.3983,1,105.38,7.4518,2.4259,0.44529,2.4442,0.12691,0,0,0.21332
4.4044,1,105.48,7.452,2.4322,0.44622,2.4183,0.12695,0,0,0.21446
4.4105,1,105.59,7.452,2.4401,0.44746,2.3871,0.12699,0,0,0.21575
4.4167,1,105.7,7.4519,2.4485,0.44921,2.3669,0.12703,0,0,0.2172
4.4228,1,105.81,7.4518,2.4566,0.45136,2.351,0.12708,0,0,0.21875
4.4288,1,105.93,7.4514,2.4656,0.45392,2.332,0.12714,0,0,0.22022
4.4351,1,106.04,7.4511,2.4739,0.45688,2.3222,0.12719,0,0,0.22186
4.4413,1,106.07,7.4507,2.4818,0.46018,2.3169,0.12724,0,0,0.22367
4.4476,1,106.14,7.4502,2.4895,0.46377,2.3079,0.12729,0,0,0.2256
4.4539,1,106.21,7.4498,2.4967,0.46754,2.3015,0.12733,0,0,0.22716
4.4601,1,106.25,7.4494,2.5031,0.47136,2.2972,0.12737,0,0,0.22855
4.4661,1,106.31,7.4489,2.5097,0.47473,2.2903,0.12741,0,0,0.22976
4.4721,1,106.35,7.4484,2.5165,0.47859,2.2831,0.12746,0,0,0.23069
4.4784,1,106.35,7.448,2.5225,0.48214,2.2833,0.12749,0,0,0.23103
4.4847,1,106.38,7.4476,2.5267,0.4848,2.291,0.12751,0,0,0.23091
4.4906,1,106.44,7.4473,2.5305,0.48747,2.2893,0.12754,0,0,0.23027
4.4965,1,106.49,7.447,2.5339,0.48956,2.2916,0.12756,0,0,0.22916
4.5025,1,106.52,7.4467,2.5363,0.48964,2.2999,0.12758,0,0,0.22774
4.5085,1,106.55,7.4466,2.5369,0.48975,2.3057,0.12759,0,0,0.22594
4.5145,1,106.54,7.4468,2.5318,0.49056,2.3343,0.12757,0,0,0.22446
4.5204,1,106.38,7.4473,2.5207,0.48952,2.4017,0.12753,0,0,0.22284
4.5263,1,106.14,7.4485,2.5021,0.48666,2.4496,0.12743,0,0,0.22064
4.5323,1,105.86,7.4502,2.4769,0.48268,2.5386,0.12728,0,0,0.21824
4.5381,1,105.51,7.4525,2.4476,0.47785,2.622,0.12709,0,0,0.21627
4.5439,1,105.09,7.4551,2.4171,0.47227,2.7032,0.12692,0,0,0.21434
4.5498,1,104.91,7.4576,2.3997,0.46652,2.6333,0.12674,0,0,0.21319
4.5559,1,104.86,7.4597,2.3886,0.46178,2.6279,0.12671,0,0,0.21235
4.5617,1,104.85,7.4615,2.3835,0.45777,2.6481,0.1267,0,0,0.21135
4.5675,1,104.83,7.4631,2.3815,0.45558,2.5919,0.12669,0,0,0.21058
4.5734,1,104.89,7.4645,2.3795,0.45142,2.6276,0.12668,0,0,0.21035
4.5794,1,104.95,7.4657,2.3808,0.44868,2.5575,0.12673,0,0,0.21044
4.5853,1,105.06,7.4665,2.3879,0.44714,2.5122,0.12676,0,0,0.21074
4.5912,1,105.17,7.4671,2.3946,0.44564,2.4709,0.12679,0,0,0.21123
4.5972,1,105.27,7.4675,2.4016,0.44496,2.4533,0.12681,0,0,0.21187
4.6034,1,105.33,7.4679,2.4059,0.44463,2.4453,0.12685,0,0,0.21266
4.6096,1,105.39,7.4683,2.4098,0.44425,2.4452,0.12691,0,0,0.21365
4.6157,1,105.46,7.4686,2.4144,0.44443,2.4403,0.12694,0,0,0.21486
4.6218,1,105.54,7.4687,2.4206,0.4454,2.4176,0.12697,0,0,0.21557
4.6279,1,105.65,7.4687,2.4287,0.44687,2.3819,0.12701,0,0,0.21655
4.634,1,105.76,7.4686,2.437,0.44877,2.3656,0.12705,0,0,0.21777
4.64,1,105.87,7.4683,2.4452,0.4511,2.3472,0.1271,0,0,0.21918
4.6461,1,105.99,7.468,2.454,0.45381,2.3364,0.12716,0,0,0.2208
4.6523,1,106.02,7.4676,2.4621,0.45691,2.326,0.12722,0,0,0.22257
4.6586,1,106.11,7.4672,2.4697,0.46033,2.3173,0.12725,0,0,0.22448
4.6648,1,106.19,7.4668,2.4766,0.46399,2.3104,0.12729,0,0,0.22647
4.6709,1,106.27,7.4664,2.4832,0.46779,2.3034,0.12734,0,0,0.22851
4.6768,1,106.33,7.466,2.4907,0.46985,2.2922,0.12739,0,0,0.23063
4.6831,1,106.37,7.4655,2.4976,0.47388,2.2884,0.12744,0,0,0.23179
4.6893,1,106.34,7.4651,2.5029,0.47776,2.2912,0.12747,0,0,0.23222
4.6953,1,106.38,7.4647,2.5081,0.48144,2.289,0.1275,0,0,0.23219
4.7012,1,106.42,7.4642,2.5135,0.48462,2.2846,0.12754,0,0,0.23158
4.7074,1,106.48,7.4639,2.5173,0.48713,2.2877,0.12756,0,0,0.23048
4.7134,1,106.52,7.4636,2.52,0.48891,2.2949,0.12758,0,0,0.22898
4.7193,1,106.56,7.4633,2.5229,0.48849,2.2982,0.1276,0,0,0.22719
4.7255,1,106.59,7.4632,2.5226,0.48978,2.3063,0.12761,0,0,0.22585
4.7315,1,106.56,7.4634,2.5173,0.48951,2.3309,0.12759,0,0,0.22439
4.7374,1,106.4,7.464,2.5063,0.48837,2.4061,0.12756,0,0,0.22248
4.7432,1,106.26,7.4652,2.488,0.48527,2.434,0.12746,0,0,0.2199
4.7494,1,106.02,7.467,2.4623,0.48127,2.5293,0.1273,0,0,0.21788
4.7553,1,105.65,7.4693,2.4327,0.47622,2.6069,0.12712,0,0,0.21571
4.7613,1,105.24,7.4719,2.4038,0.47076,2.6191,0.12699,0,0,0.21396
4.7671,1,105.02,7.4742,2.3865,0.46513,2.6792,0.12682,0,0,0.21285
4.773,1,104.95,7.4763,2.3754,0.46071,2.6352,0.12673,0,0,0.212
4.7789,1,104.9,7.4782,2.369,0.45766,2.6217,0.12675,0,0,0.21095
4.7847,1,104.91,7.4796,2.3687,0.45523,2.5913,0.12675,0,0,0.21044
4.7905,1,104.93,7.481,2.3668,0.45119,2.6018,0.12672,0,0,0.21043
4.7963,1,104.99,7.4821,2.3679,0.44844,2.5424,0.12675,0,0,0.21058
4.8022,1,105.09,7.4829,2.3748,0.44749,2.5141,0.12678,0,0,0.21098
4.8081,1,105.19,7.4834,2.3806,0.44591,2.4737,0.12679,0,0,0.21154
4.8138,1,105.31,7.4838,2.3881,0.44458,2.4521,0.12683,0,0,0.21225
4.82,1,105.37,7.4842,2.3923,0.44413,2.45,0.12688,0,0,0.21309
4.8261,1,105.43,7.4845,2.3965,0.44355,2.4445,0.12693,0,0,0.21412
4.8323,1,105.49,7.4848,2.4012,0.4436,2.4358,0.12696,0,0,0.21454
4.8384,1,105.57,7.4849,2.4075,0.44461,2.3981,0.12699,0,0,0.21513
4.8446,1,105.69,7.4848,2.4155,0.44604,2.3733,0.12703,0,0,0.21602
4.8508,1,105.8,7.4845,2.4239,0.44796,2.3569,0.12709,0,0,0.21714
4.8568,1,105.91,7.4843,2.4319,0.45031,2.3507,0.12714,0,0,0.21845
4.8629,1,105.92,7.4838,2.4407,0.45306,2.3331,0.1272,0,0,0.21998
4.8691,1,106.02,7.4834,2.4486,0.45619,2.3249,0.12723,0,0,0.22165
4.8753,1,106.1,7.483,2.4556,0.45961,2.3182,0.12728,0,0,0.22346
4.8813,1,106.19,7.4825,2.4632,0.4633,2.3062,0.12733,0,0,0.2254
4.8874,1,106.29,7.4819,2.4709,0.46522,2.3001,0.12738,0,0,0.22744
4.8937,1,106.31,7.4814,2.4778,0.46912,2.2953,0.12742,0,0,0.22948
4.8999,1,106.3,7.4809,2.4835,0.47293,2.2945,0.12745,0,0,0.22975
4.9057,1,106.36,7.4804,2.4898,0.47664,2.2855,0.12748,0,0,0.22955
4.9118,1,106.43,7.4798,2.4957,0.47981,2.2825,0.12753,0,0,0.22888
4.9179,1,106.49,7.4794,2.5003,0.48301,2.29,0.12756,0,0,0.22779
4.9238,1,106.55,7.4789,2.505,0.48541,2.2872,0.12759,0,0,0.22638
4.9301,1,106.59,7.4784,2.5086,0.48713,2.2959,0.12761,0,0,0.2252
4.9363,1,106.62,7.4781,2.511,0.48766,2.3058,0.12762,0,0,0.22438
4.9424,1,106.61,7.4778,2.5112,0.4883,2.323,0.12762,0,0,0.22336
4.9482,1,106.59,7.4778,2.5075,0.48768,2.3672,0.1276,0,0,0.22149
4.9543,1,106.42,7.4782,2.4986,0.4856,2.4256,0.12752,0,0,0.22015
4.9602,1,106.16,7.4791,2.4815,0.48226,2.4721,0.12739,0,0,0.21843
4.9662,1,105.83,7.4806,2.4584,0.47751,2.5167,0.12723,0,0,0.21668
4.9722,1,105.44,7.4826,2.4302,0.47199,2.5893,0.12708,0,0,0.21484
4.9781,1,105.14,7.4851,2.3996,0.46637,2.6382,0.12695,0,0,0.21316
4.9839,1,105.02,7.4873,2.3813,0.46123,2.6755,0.1268,0,0,0.21218
4.9897,1,105,7.4893,2.3694,0.45751,2.6257,0.12677,0,0,0.2115
4.9957,1,105.02,7.4909,2.3647,0.45584,2.6176,0.12677,0,0,0.2108
5.0015,1,105.02,7.4924,2.3616,0.45199,2.5905,0.12677,0,0,0.21027
5.0074,1,104.99,7.4936,2.3624,0.44838,2.5768,0.12676,0,0,0.21038
5.0133,1,105.05,7.4948,2.3593,0.44772,2.5252,0.12678,0,0,0.21066
5.0192,1,105.15,7.4954,2.3666,0.44552,2.4891,0.12683,0,0,0.21122
5.0251,1,105.25,7.4959,2.372,0.44372,2.464,0.12684,0,0,0.21192
5.031,1,105.35,7.4962,2.3789,0.44252,2.4505,0.12687,0,0,0.21278
5.0371,1,105.39,7.4966,2.3817,0.44266,2.4571,0.12689,0,0,0.21314
5.0427,1,105.47,7.4968,2.387,0.44231,2.4396,0.12695,0,0,0.21333
5.0489,1,105.54,7.4969,2.3927,0.44255,2.4181,0.12698,0,0,0.21376
5.0551,1,105.61,7.4969,2.3984,0.44351,2.3935,0.12701,0,0,0.21442
5.0612,1,105.73,7.4967,2.407,0.44525,2.365,0.12706,0,0,0.2154
5.0674,1,105.85,7.4964,2.4154,0.44745,2.3514,0.12711,0,0,0.21658
5.0735,1,105.96,7.4959,2.4237,0.45009,2.3491,0.12717,0,0,0.21798
5.0795,1,106.01,7.4954,2.4324,0.45313,2.3334,0.12722,0,0,0.21958
5.0858,1,106.02,7.4949,2.4405,0.45653,2.3238,0.12727,0,0,0.22135
5.092,1,106.12,7.4943,2.4478,0.46021,2.3174,0.1273,0,0,0.22324
5.098,1,106.21,7.4938,2.4547,0.46408,2.3101,0.12734,0,0,0.22523
5.1039,1,106.31,7.4931,2.4626,0.46476,2.2995,0.12739,0,0,0.22736
5.1102,1,106.4,7.4925,2.4699,0.46867,2.2941,0.12744,0,0,0.22951
5.1165,1,106.36,7.4919,2.4758,0.47267,2.2939,0.12748,0,0,0.23068
5.1225,1,106.39,7.4913,2.4816,0.47654,2.2901,0.1275,0,0,0.23063
5.1283,1,106.47,7.4906,2.4879,0.4792,2.2798,0.12755,0,0,0.23004
5.1345,1,106.53,7.49,2.4931,0.48204,2.2848,0.12758,0,0,0.22903
5.1405,1,106.58,7.4895,2.4972,0.48504,2.2875,0.1276,0,0,0.22769
5.1465,1,106.63,7.4889,2.5012,0.48708,2.2873,0.12762,0,0,0.22608
5.1527,1,106.67,7.4885,2.5043,0.48872,2.2981,0.12764,0,0,0.22496
5.159,1,106.68,7.4881,2.5054,0.48946,2.3125,0.12765,0,0,0.22402
5.1649,1,106.64,7.488,2.5022,0.48866,2.3528,0.12763,0,0,0.22244
5.1709,1,106.56,7.4881,2.4955,0.48816,2.4109,0.12758,0,0,0.2206
5.1769,1,106.35,7.4888,2.4802,0.48436,2.4291,0.12748,0,0,0.2189
5.183,1,106.06,7.4901,2.4584,0.4794,2.4927,0.12731,0,0,0.21707
5.1888,1,105.71,7.4919,2.431,0.4738,2.5643,0.12714,0,0,0.21519
5.1947,1,105.41,7.4942,2.4013,0.46846,2.653,0.12707,0,0,0.21336
5.2006,1,105.15,7.4963,2.3821,0.46347,2.6663,0.1269,0,0,0.21228
5.2064,1,105.09,7.4981,2.3694,0.45931,2.5795,0.12682,0,0,0.21157
5.2122,1,105.14,7.4996,2.3659,0.4564,2.6277,0.12683,0,0,0.21087
5.218,1,105.14,7.501,2.3618,0.45403,2.5708,0.12684,0,0,0.21018
5.2239,1,105.1,7.502,2.3633,0.45112,2.5632,0.12681,0,0,0.21021
5.2297,1,105.15,7.5032,2.3582,0.44764,2.5301,0.12683,0,0,0.21038
5.2356,1,105.24,7.5038,2.365,0.4455,2.4974,0.12685,0,0,0.21085
5.2415,1,105.34,7.5043,2.3699,0.4435,2.4687,0.12687,0,0,0.21145
5.2474,1,105.44,7.5046,2.3767,0.44211,2.4546,0.12691,0,0,0.21223
5.2536,1,105.49,7.5049,2.3805,0.44179,2.4561,0.12694,0,0,0.21305
5.2598,1,105.55,7.5051,2.3843,0.44157,2.4474,0.12697,0,0,0.21316
5.2657,1,105.6,7.5051,2.3907,0.44162,2.4109,0.12701,0,0,0.21354
5.2718,1,105.7,7.505,2.3967,0.44273,2.3817,0.12705,0,0,0.21409
5.2779,1,105.82,7.5047,2.4062,0.44431,2.3612,0.12711,0,0,0.215
5.2841,1,105.92,7.5044,2.4142,0.4464,2.3644,0.12716,0,0,0.2161
5.2902,1,106.01,7.5039,2.4227,0.44892,2.3476,0.12722,0,0,0.21743
5.2962,1,105.99,7.5033,2.4311,0.45185,2.3325,0.12727,0,0,0.21896
5.3025,1,106.1,7.5028,2.439,0.45515,2.3246,0.12729,0,0,0.22066
5.3085,1,106.18,7.5022,2.4456,0.4587,2.3197,0.12733,0,0,0.22247
5.3143,1,106.3,7.5015,2.4539,0.46179,2.3018,0.12738,0,0,0.22449
5.3207,1,106.4,7.5008,2.4615,0.46343,2.3004,0.12743,0,0,0.22658
5.3269,1,106.45,7.5002,2.4678,0.46743,2.2985,0.12747,0,0,0.22865
5.333,1,106.4,7.4996,2.4736,0.4714,2.2947,0.12751,0,0,0.22997
5.3387,1,106.49,7.4989,2.4803,0.47534,2.283,0.12753,0,0,0.22976
5.345,1,106.55,7.4982,2.4861,0.47727,2.2843,0.12757,0,0,0.22903
5.3511,1,106.6,7.4976,2.4905,0.48076,2.2911,0.12761,0,0,0.22784
5.3571,1,106.65,7.497,2.4946,0.48377,2.2875,0.12763,0,0,0.22638
5.3632,1,106.69,7.4965,2.4983,0.48574,2.2899,0.12766,0,0,0.22482
5.3695,1,106.71,7.496,2.5007,0.48614,2.2984,0.12766,0,0,0.22369
5.3757,1,106.68,7.4958,2.4974,0.48652,2.31,0.12765,0,0,0.22243
5.3816,1,106.61,7.4959,2.4917,0.48753,2.3574,0.12761,0,0,0.22106
5.3876,1,106.47,7.4964,2.4798,0.4864,2.4183,0.12752,0,0,0.21914
5.3935,1,106.23,7.4974,2.4608,0.48347,2.4738,0.12736,0,0,0.21683
5.3995,1,105.91,7.499,2.4356,0.47956,2.5128,0.12718,0,0,0.21493
5.4053,1,105.52,7.5011,2.4059,0.47454,2.5906,0.12709,0,0,0.21303
5.4113,1,105.36,7.5031,2.3876,0.46906,2.6658,0.12701,0,0,0.21192
5.4171,1,105.22,7.5048,2.3759,0.46345,2.6339,0.12691,0,0,0.21119
5.423,1,105.1,7.5066,2.3615,0.45859,2.6273,0.12679,0,0,0.21045
5.4287,1,105.08,7.5084,2.3509,0.45704,2.6387,0.12679,0,0,0.20947
5.4346,1,105.1,7.5094,2.3567,0.45312,2.5791,0.12681,0,0,0.20943
5.4405,1,105.1,7.5104,2.355,0.44909,2.5831,0.12682,0,0,0.2095
5.4463,1,105.13,7.5114,2.3546,0.44561,2.5247,0.12684,0,0,0.20989
5.4522,1,105.24,7.5119,2.3601,0.44387,2.4851,0.12687,0,0,0.21041
5.4581,1,105.33,7.5124,2.3646,0.44209,2.4636,0.12689,0,0,0.21113
5.4638,1,105.45,7.5126,2.3709,0.44071,2.4511,0.12691,0,0,0.21197
5.47,1,105.52,7.5128,2.3761,0.44111,2.4447,0.12695,0,0,0.21286
5.4761,1,105.58,7.5127,2.3839,0.44137,2.4338,0.12699,0,0,0.21314
5.4823,1,105.62,7.5127,2.3892,0.44216,2.4295,0.12703,0,0,0.21352
5.4884,1,105.68,7.5126,2.3941,0.44277,2.4146,0.12706,0,0,0.2142
5.4941,1,105.8,7.5123,2.4028,0.44469,2.3701,0.12711,0,0,0.21518
5.5003,1,105.92,7.5118,2.4116,0.44717,2.3557,0.12717,0,0,0.21636
5.5064,1,106.04,7.5113,2.42,0.45006,2.3475,0.12722,0,0,0.21776
5.5126,1,106.02,7.5107,2.4284,0.45336,2.3348,0.12728,0,0,0.21935
5.5188,1,106.11,7.5101,2.4361,0.45694,2.3261,0.12729,0,0,0.22111
5.525,1,106.2,7.5095,2.4429,0.4607,2.32,0.12733,0,0,0.22298
5.5309,1,106.3,7.5089,2.4506,0.46273,2.3057,0.12738,0,0,0.225
5.5371,1,106.39,7.5082,2.458,0.46372,2.3003,0.12743,0,0,0.22709
5.5434,1,106.48,7.5075,2.4647,0.46787,2.2975,0.12748,0,0,0.22916
5.5495,1,106.51,7.5069,2.47,0.47196,2.2956,0.12752,0,0,0.23111
5.5554,1,106.5,7.5062,2.476,0.47602,2.2857,0.12756,0,0,0.23159
5.5615,1,106.57,7.5056,2.4812,0.47986,2.2862,0.12759,0,0,0.23096
5.5677,1,106.63,7.505,2.4857,0.48143,2.2883,0.12763,0,0,0.22976
5.5739,1,106.68,7.5045,2.4893,0.48464,2.2879,0.12764,0,0,0.22816
5.5798,1,106.72,7.504,2.492,0.48563,2.2859,0.12767,0,0,0.22622
5.586,1,106.75,7.5038,2.4896,0.4858,2.2916,0.12767,0,0,0.22397
5.5922,1,106.62,7.5039,2.4834,0.48717,2.3008,0.12764,0,0,0.222
5.5984,1,106.56,7.5044,2.4726,0.48675,2.3102,0.1276,0,0,0.22083
5.6043,1,106.57,7.5051,2.459,0.48748,2.3474,0.12754,0,0,0.21929
5.6102,1,106.52,7.5063,2.4403,0.48604,2.3918,0.12752,0,0,0.2174
5.6161,1,106.37,7.508,2.4172,0.48275,2.4533,0.12742,0,0,0.21508
5.6219,1,106.11,7.5094,2.4052,0.47824,2.5334,0.1273,0,0,0.21307
5.6279,1,105.72,7.5108,2.3953,0.47299,2.5788,0.12713,0,0,0.21106
5.6337,1,105.4,7.5125,2.3775,0.46712,2.6017,0.127,0,0,0.20971
5.6396,1,105.19,7.5147,2.354,0.46161,2.6475,0.12685,0,0,0.20872
5.6454,1,105.14,7.5163,2.3485,0.45805,2.6818,0.12682,0,0,0.20839
5.6513,1,105.2,7.5173,2.3517,0.45507,2.5782,0.12686,0,0,0.20822
5.6571,1,105.18,7.5181,2.3564,0.45119,2.5778,0.12686,0,0,0.20841
5.6629,1,105.16,7.5191,2.3512,0.44684,2.5633,0.12686,0,0,0.20877
5.6688,1,105.23,7.5198,2.3545,0.44436,2.541,0.12688,0,0,0.20933
5.6745,1,105.34,7.5202,2.3588,0.44251,2.4992,0.12691,0,0,0.21002
5.6805,1,105.46,7.5205,2.3653,0.44087,2.4646,0.12693,0,0,0.21092
5.6866,1,105.55,7.5205,2.3737,0.44092,2.4506,0.12696,0,0,0.21212
5.6928,1,105.62,7.5205,2.3809,0.44119,2.4402,0.12701,0,0,0.21321
5.699,1,105.66,7.5203,2.3875,0.44041,2.4336,0.12704,0,0,0.21373
5.7052,1,105.71,7.5202,2.3921,0.44123,2.4253,0.12708,0,0,0.21449
5.7112,1,105.8,7.5199,2.3983,0.44299,2.3919,0.12711,0,0,0.21558
5.7172,1,105.92,7.5195,2.4065,0.44514,2.3691,0.12716,0,0,0.21687
5.7234,1,106.01,7.5192,2.4128,0.44747,2.3613,0.1272,0,0,0.2183
5.729,1,106.13,7.5186,2.4219,0.44962,2.3418,0.12727,0,0,0.21998
5.7353,1,106.12,7.5179,2.4304,0.45222,2.3303,0.12732,0,0,0.22182
5.7415,1,106.21,7.5173,2.4377,0.45524,2.3232,0.12734,0,0,0.22375
5.7477,1,106.3,7.5166,2.4444,0.45862,2.3157,0.12739,0,0,0.22575
5.7537,1,106.39,7.516,2.4512,0.46229,2.3052,0.12743,0,0,0.22779
5.7598,1,106.48,7.5153,2.4585,0.46399,2.2969,0.12748,0,0,0.22985
5.7661,1,106.57,7.5146,2.4647,0.46814,2.2919,0.12753,0,0,0.2318
5.7723,1,106.58,7.5139,2.4696,0.47217,2.2938,0.12756,0,0,0.23303
5.7782,1,106.57,7.5133,2.4743,0.47604,2.2908,0.1276,0,0,0.23272
5.7842,1,106.64,7.5127,2.4793,0.47962,2.2859,0.12763,0,0,0.2318
5.7905,1,106.69,7.5121,2.4835,0.48142,2.2857,0.12766,0,0,0.2303
5.7966,1,106.73,7.5116,2.4854,0.48422,2.2892,0.12767,0,0,0.22832
5.8026,1,106.76,7.5114,2.4826,0.4857,2.2927,0.12768,0,0,0.22579
5.8087,1,106.64,7.5114,2.4761,0.48502,2.2992,0.12766,0,0,0.22296
5.8149,1,106.56,7.5119,2.4648,0.48689,2.3081,0.12762,0,0,0.22046
5.8209,1,106.58,7.5127,2.4505,0.48673,2.3462,0.12755,0,0,0.21861
5.8269,1,106.54,7.5137,2.4346,0.48461,2.4105,0.12752,0,0,0.21708
5.8328,1,106.46,7.5151,2.4156,0.48139,2.4251,0.12746,0,0,0.21542
5.8387,1,106.15,7.5162,2.4072,0.47699,2.5032,0.12737,0,0,0.21421
5.8447,1,105.76,7.5173,2.3994,0.47178,2.5645,0.12718,0,0,0.21309
5.8506,1,105.38,7.5188,2.3831,0.46594,2.5899,0.1271,0,0,0.2114
5.8564,1,105.35,7.5206,2.3619,0.46048,2.6052,0.12697,0,0,0.20956
5.8622,1,105.22,7.5223,2.3484,0.456,2.6199,0.12686,0,0,0.20795
5.868,1,105.27,7.5235,2.3482,0.45495,2.5796,0.12687,0,0,0.20723
5.8739,1,105.26,7.5241,2.3558,0.45158,2.5626,0.1269,0,0,0.20727
5.8797,1,105.25,7.5247,2.358,0.44746,2.5683,0.1269,0,0,0.20756
5.8855,1,105.24,7.5256,2.3514,0.44425,2.5392,0.12691,0,0,0.20804
5.8913,1,105.35,7.526,2.3556,0.44266,2.5037,0.12692,0,0,0.20868
5.8971,1,105.43,7.5264,2.3594,0.44102,2.4711,0.12694,0,0,0.20952
5.903,1,105.55,7.5264,2.3682,0.43991,2.4523,0.12698,0,0,0.21065
5.9091,1,105.62,7.5263,2.3755,0.44044,2.4485,0.12703,0,0,0.21197
5.9153,1,105.67,7.526,2.3825,0.44002,2.4477,0.12705,0,0,0.21331
5.9215,1,105.71,7.5258,2.3874,0.44042,2.4375,0.12708,0,0,0.21409
5.9275,1,105.79,7.5255,2.3933,0.44203,2.3911,0.12712,0,0,0.2152
5.9337,1,105.91,7.5251,2.4017,0.44423,2.3715,0.12716,0,0,0.21649
5.9398,1,106.03,7.5245,2.4099,0.44556,2.3504,0.12722,0,0,0.21798
5.946,1,106.13,7.5239,2.4177,0.44709,2.3417,0.12727,0,0,0.21963
5.9519,1,106.24,7.5232,2.4255,0.44899,2.3351,0.12732,0,0,0.22145
5.958,1,106.23,7.5225,2.4321,0.45134,2.3303,0.12737,0,0,0.22334
5.9638,1,106.34,7.5217,2.44,0.45478,2.3124,0.1274,0,0,0.22539
5.97,1,106.43,7.521,2.447,0.45863,2.3072,0.12744,0,0,0.22745
5.976,1,106.51,7.5202,2.4535,0.46266,2.3017,0.12749,0,0,0.2295
5.982,1,106.6,7.5194,2.4606,0.46388,2.2932,0.12754,0,0,0.23152
5.9883,1,106.65,7.5186,2.4666,0.46809,2.2907,0.12758,0,0,0.23337
5.9945,1,106.68,7.5179,2.4713,0.47217,2.2929,0.12761,0,0,0.23406
6.0005,1,106.66,7.5172,2.4757,0.47604,2.2924,0.12765,0,0,0.23381
6.0064,1,106.73,7.5164,2.4807,0.47961,2.2844,0.12766,0,0,0.23292
6.0126,1,106.77,7.5157,2.4845,0.48192,2.2854,0.12768,0,0,0.23143
6.0188,1,106.78,7.5152,2.4846,0.4843,2.2925,0.1277,0,0,0.22932
6.0249,1,106.74,7.515,2.4795,0.48457,2.3019,0.12767,0,0,0.22666
6.0307,1,106.62,7.5151,2.4714,0.48529,2.3034,0.12761,0,0,0.22345
6.0368,1,106.54,7.5156,2.4594,0.4863,2.3232,0.12753,0,0,0.22068
6.0427,1,106.5,7.5163,2.444,0.48522,2.3916,0.12751,0,0,0.21796
6.0486,1,106.42,7.5175,2.4243,0.48243,2.4431,0.12747,0,0,0.21576
6.0544,1,106.29,7.5189,2.4074,0.4782,2.4881,0.12741,0,0,0.21456
6.0604,1,105.95,7.52,2.3968,0.47329,2.5467,0.12727,0,0,0.21377
6.0662,1,105.62,7.5212,2.386,0.46756,2.5797,0.12714,0,0,0.21297
6.0721,1,105.45,7.5229,2.365,0.46153,2.6092,0.12702,0,0,0.21177
6.0779,1,105.3,7.5247,2.3468,0.4567,2.635,0.12691,0,0,0.21086
6.0838,1,105.23,7.526,2.3434,0.45247,2.5532,0.1269,0,0,0.21015
6.0898,1,105.29,7.5267,2.348,0.4515,2.5399,0.12692,0,0,0.20925
6.0956,1,105.32,7.5272,2.3527,0.44735,2.5458,0.12692,0,0,0.20812
6.1014,1,105.33,7.5281,2.3469,0.44397,2.5482,0.12693,0,0,0.20695
6.1072,1,105.41,7.5284,2.3521,0.44148,2.5192,0.12693,0,0,0.20732
6.1131,1,105.42,7.5287,2.3556,0.44005,2.4765,0.12696,0,0,0.20792
6.1189,1,105.52,7.5287,2.3621,0.4384,2.46,0.12698,0,0,0.20872
6.1251,1,105.6,7.5286,2.3683,0.43886,2.4545,0.12703,0,0,0.20978
6.131,1,105.65,7.5284,2.3749,0.43923,2.4531,0.12707,0,0,0.21107
6.1368,1,105.72,7.5281,2.3817,0.43961,2.439,0.1271,0,0,0.21256
6.1429,1,105.8,7.5277,2.3877,0.44068,2.3956,0.12714,0,0,0.21392
6.1491,1,105.89,7.5273,2.3936,0.44274,2.3801,0.12718,0,0,0.21515
6.1551,1,105.99,7.5267,2.402,0.44469,2.356,0.12723,0,0,0.2166
6.1611,1,106.07,7.526,2.4105,0.44524,2.3393,0.12729,0,0,0.21826
6.1673,1,106.16,7.5252,2.4183,0.44638,2.3375,0.12734,0,0,0.22006
6.1733,1,106.25,7.5244,2.4265,0.44917,2.3266,0.12739,0,0,0.22204
6.1796,1,106.28,7.5236,2.4343,0.45271,2.3181,0.12744,0,0,0.22414
6.1858,1,106.37,7.5227,2.4411,0.45655,2.3132,0.12743,0,0,0.22628
6.1919,1,106.44,7.522,2.447,0.46052,2.3101,0.12747,0,0,0.22839
6.1976,1,106.53,7.5211,2.4543,0.46354,2.2942,0.12752,0,0,0.23058
6.2038,1,106.62,7.5201,2.4615,0.46604,2.293,0.12756,0,0,0.23241
6.21,1,106.68,7.5193,2.4675,0.47018,2.2925,0.1276,0,0,0.2332
6.2163,1,106.7,7.5185,2.4724,0.47408,2.2918,0.12764,0,0,0.23364
6.2222,1,106.71,7.5176,2.4773,0.47768,2.29,0.12766,0,0,0.23343
6.2282,1,106.76,7.5168,2.4822,0.48072,2.2903,0.12767,0,0,0.23262
6.2345,1,106.81,7.516,2.4861,0.48282,2.29,0.12769,0,0,0.23117
6.2407,1,106.83,7.5153,2.4887,0.48392,2.2971,0.12772,0,0,0.22926
6.2468,1,106.8,7.5149,2.4861,0.48511,2.3056,0.12772,0,0,0.2268
6.2526,1,106.76,7.5147,2.4812,0.48387,2.3198,0.12768,0,0,0.22391
6.2585,1,106.62,7.5148,2.4726,0.48437,2.3656,0.1276,0,0,0.22126
6.2647,1,106.48,7.5153,2.4594,0.4826,2.4246,0.12746,0,0,0.21874
6.2707,1,106.39,7.5162,2.4388,0.47887,2.4566,0.12739,0,0,0.21601
6.2765,1,106.05,7.5176,2.4167,0.47395,2.504,0.12731,0,0,0.21443
6.2824,1,105.67,7.5188,2.4042,0.46825,2.541,0.12716,0,0,0.21382
6.2884,1,105.39,7.5199,2.3951,0.46217,2.5587,0.12708,0,0,0.21339
6.2943,1,105.45,7.5212,2.38,0.45681,2.5561,0.12704,0,0,0.21279
6.3001,1,105.31,7.5232,2.3543,0.45234,2.6245,0.12692,0,0,0.21167
6.3059,1,105.31,7.5242,2.3542,0.45063,2.5493,0.12692,0,0,0.21108
6.3119,1,105.34,7.5249,2.3588,0.44979,2.5445,0.12693,0,0,0.21071
6.3177,1,105.4,7.5253,2.3632,0.44571,2.5078,0.12697,0,0,0.21023
6.3235,1,105.46,7.5261,2.3565,0.44234,2.4895,0.12694,0,0,0.20963
6.3293,1,105.49,7.5263,2.3622,0.43976,2.4832,0.12697,0,0,0.20875
6.3354,1,105.58,7.5266,2.3646,0.43934,2.4708,0.127,0,0,0.20778
6.3412,1,105.56,7.5266,2.3706,0.43807,2.4561,0.12703,0,0,0.20834
6.3472,1,105.65,7.5263,2.3785,0.4372,2.4515,0.12707,0,0,0.20945
6.3533,1,105.71,7.526,2.385,0.43825,2.4463,0.1271,0,0,0.21069
6.3594,1,105.79,7.5257,2.3904,0.4386,2.4254,0.12713,0,0,0.21215
6.3654,1,105.87,7.5253,2.396,0.44023,2.3888,0.12716,0,0,0.21336
6.3713,1,105.99,7.5246,2.4056,0.4426,2.3645,0.12723,0,0,0.21455
6.3774,1,106.08,7.5239,2.4141,0.44542,2.3446,0.12728,0,0,0.21598
6.3836,1,106.14,7.5231,2.4226,0.44662,2.3345,0.12734,0,0,0.2176
6.3898,1,106.21,7.5223,2.43,0.44755,2.3271,0.12739,0,0,0.21938
6.3958,1,106.31,7.5214,2.4381,0.45041,2.3212,0.12744,0,0,0.22134
6.4021,1,106.39,7.5204,2.4458,0.45429,2.3135,0.12748,0,0,0.22344
6.4083,1,106.47,7.5195,2.4529,0.45842,2.3068,0.12748,0,0,0.22559
6.4145,1,106.56,7.5186,2.4596,0.46272,2.3008,0.12753,0,0,0.22776
6.4206,1,106.62,7.5177,2.4654,0.46512,2.2981,0.12756,0,0,0.22984
6.4265,1,106.68,7.5169,2.4703,0.46621,2.2984,0.12759,0,0,0.23162
6.432,1,106.73,7.516,2.4771,0.4705,2.2804,0.12764,0,0,0.23235
6.4383,1,106.76,7.5151,2.4824,0.47458,2.2905,0.12767,0,0,0.23266
6.4443,1,106.79,7.5143,2.4861,0.47822,2.3016,0.12767,0,0,0.23232
6.4502,1,106.83,7.5135,2.4903,0.48017,2.2963,0.12771,0,0,0.23145
6.4563,1,106.83,7.5127,2.4931,0.48202,2.2932,0.12771,0,0,0.22989
6.4626,1,106.83,7.5122,2.4903,0.48307,2.2966,0.12772,0,0,0.22765
6.4686,1,106.75,7.5121,2.4842,0.48023,2.3043,0.12768,0,0,0.22494
6.4745,1,106.63,7.5122,2.4752,0.47974,2.3085,0.12761,0,0,0.22168
6.4806,1,106.44,7.5126,2.4619,0.48181,2.3591,0.12752,0,0,0.21898
6.4865,1,106.38,7.5136,2.441,0.48312,2.4347,0.12745,0,0,0.21634
6.4923,1,106.3,7.5151,2.4167,0.4797,2.4901,0.12741,0,0,0.21347
6.4982,1,106.15,7.5164,2.4032,0.47489,2.5857,0.12734,0,0,0.21122
6.5041,1,105.74,7.5175,2.3931,0.46903,2.5735,0.12717,0,0,0.21117
6.51,1,105.43,7.519,2.3761,0.46286,2.6329,0.12702,0,0,0.21106
6.5158,1,105.27,7.5209,2.3523,0.45699,2.6476,0.1269,0,0,0.2106
6.5217,1,105.37,7.522,2.3535,0.45207,2.5349,0.12694,0,0,0.21074
6.5278,1,105.34,7.5226,2.359,0.44805,2.5384,0.12694,0,0,0.21109
6.5336,1,105.32,7.523,2.3619,0.445,2.5288,0.12693,0,0,0.21132
6.5394,1,105.38,7.5237,2.3568,0.44115,2.5093,0.12693,0,0,0.21144
6.5452,1,105.4,7.524,2.3623,0.4388,2.4866,0.12695,0,0,0.21157
6.5511,1,105.53,7.5241,2.3669,0.43696,2.4581,0.12699,0,0,0.21162
6.5573,1,105.62,7.5241,2.372,0.43584,2.4551,0.12703,0,0,0.21138
6.5633,1,105.7,7.524,2.3781,0.43581,2.4436,0.12705,0,0,0.21099
6.5691,1,105.74,7.5236,2.3856,0.43708,2.4436,0.12709,0,0,0.21033
6.5754,1,105.78,7.5233,2.3915,0.43913,2.4495,0.12711,0,0,0.21092
6.5815,1,105.79,7.5229,2.3966,0.4396,2.4336,0.12713,0,0,0.21238
6.5874,1,105.9,7.5222,2.406,0.44085,2.3858,0.12719,0,0,0.21357
6.5936,1,106,7.5216,2.4138,0.44338,2.372,0.12725,0,0,0.21493
6.5996,1,106.09,7.5208,2.4223,0.44635,2.3489,0.1273,0,0,0.21653
6.6057,1,106.13,7.5201,2.4292,0.44964,2.3439,0.12735,0,0,0.21825
6.6115,1,106.21,7.5192,2.4372,0.44974,2.3251,0.1274,0,0,0.22019
6.6176,1,106.32,7.5183,2.445,0.45019,2.3179,0.12745,0,0,0.22227
6.6237,1,106.38,7.5174,2.4524,0.45356,2.3107,0.12749,0,0,0.22445
6.63,1,106.46,7.5165,2.4594,0.45767,2.3041,0.12752,0,0,0.22668
6.6362,1,106.53,7.5156,2.4659,0.46196,2.2992,0.12754,0,0,0.2289
6.6424,1,106.61,7.5147,2.4719,0.46631,2.2949,0.12758,0,0,0.23104
6.6484,1,106.68,7.5139,2.4776,0.46954,2.2893,0.12761,0,0,0.23299
6.6545,1,106.76,7.513,2.4832,0.47398,2.2833,0.12765,0,0,0.23367
6.6607,1,106.8,7.5122,2.4876,0.47812,2.2889,0.12767,0,0,0.23395
6.6667,1,106.8,7.5115,2.4909,0.48181,2.2975,0.12769,0,0,0.23378
6.6723,1,106.84,7.5107,2.4949,0.48458,2.2943,0.1277,0,0,0.23296
6.6783,1,106.89,7.51,2.498,0.4868,2.2943,0.12773,0,0,0.23143
6.6845,1,106.88,7.5095,2.4952,0.48672,2.3066,0.12773,0,0,0.22907
6.6907,1,106.77,7.5094,2.4889,0.48437,2.3074,0.12769,0,0,0.22619
6.6967,1,106.63,7.5095,2.4792,0.48107,2.3084,0.12762,0,0,0.22288
6.7027,1,106.47,7.51,2.4666,0.4797,2.3475,0.12754,0,0,0.21938
6.7088,1,106.35,7.511,2.4462,0.47654,2.4213,0.12742,0,0,0.21651
6.7146,1,106.3,7.5124,2.4227,0.47661,2.454,0.12737,0,0,0.21369
6.7205,1,106.21,7.5136,2.4106,0.4755,2.5374,0.12731,0,0,0.21128
6.7265,1,105.89,7.5147,2.4006,0.46994,2.618,0.12722,0,0,0.20968
6.7324,1,105.46,7.5162,2.3825,0.46378,2.579,0.1271,0,0,0.20836
6.7382,1,105.33,7.5181,2.3597,0.45781,2.6394,0.12692,0,0,0.20822
6.7442,1,105.39,7.5192,2.3593,0.45312,2.5997,0.12693,0,0,0.20863
6.7501,1,105.45,7.5198,2.3652,0.44893,2.5485,0.12696,0,0,0.20924
6.7559,1,105.4,7.5202,2.3696,0.44713,2.5294,0.12697,0,0,0.20995
6.7617,1,105.47,7.5209,2.3638,0.44267,2.5055,0.12695,0,0,0.21058
6.7676,1,105.52,7.5211,2.3688,0.43976,2.489,0.12697,0,0,0.2111
6.7734,1,105.46,7.5213,2.3719,0.43758,2.4657,0.12698,0,0,0.21156
6.7791,1,105.56,7.5213,2.3773,0.43673,2.4537,0.12703,0,0,0.212
6.785,1,105.64,7.5212,2.3824,0.43596,2.4513,0.12704,0,0,0.21239
6.7908,1,105.7,7.521,2.3889,0.43633,2.4308,0.12707,0,0,0.21269
6.7967,1,105.8,7.5206,2.3954,0.43715,2.4075,0.12711,0,0,0.21266
6.8029,1,105.89,7.5202,2.4018,0.43789,2.4228,0.12716,0,0,0.21241
6.8091,1,106,7.5196,2.4098,0.43928,2.3901,0.12721,0,0,0.21311
6.8151,1,105.97,7.5189,2.4178,0.44164,2.3706,0.12725,0,0,0.21433
6.8211,1,106.05,7.5182,2.4255,0.44445,2.3526,0.1273,0,0,0.21577
6.827,1,106.13,7.5173,2.4341,0.44766,2.3337,0.12735,0,0,0.21743
6.8333,1,106.21,7.5165,2.4419,0.45124,2.3257,0.1274,0,0,0.21924
6.8394,1,106.31,7.5156,2.449,0.4551,2.3192,0.12744,0,0,0.22119
6.8455,1,106.41,7.5148,2.4551,0.45498,2.3186,0.12747,0,0,0.22319
6.8512,1,106.46,7.5138,2.4628,0.45636,2.3013,0.12752,0,0,0.22537
6.8576,1,106.55,7.5129,2.4696,0.46056,2.2979,0.12754,0,0,0.22754
6.8637,1,106.64,7.512,2.476,0.46488,2.293,0.12758,0,0,0.22969
6.8699,1,106.71,7.5112,2.4817,0.46788,2.2897,0.12761,0,0,0.23173
6.8759,1,106.77,7.5106,2.4871,0.47128,2.2854,0.12764,0,0,0.23362
6.882,1,106.82,7.5101,2.4924,0.47534,2.2827,0.12768,0,0,0.23474
6.8882,1,106.87,7.51,2.4963,0.47896,2.2845,0.12771,0,0,0.23493
6.8945,1,106.9,7.5103,2.4986,0.48199,2.2947,0.12772,0,0,0.23477
6.9004,1,106.9,7.5109,2.5002,0.48479,2.2969,0.12774,0,0,0.23414
6.9063,1,106.91,7.5121,2.4986,0.48589,2.3057,0.12774,0,0,0.23296
6.9119,1,106.89,7.5139,2.4938,0.48543,2.3137,0.12773,0,0,0.23079
6.9181,1,106.75,7.5166,2.4841,0.48447,2.3255,0.1277,0,0,0.2279
6.9243,1,106.58,7.5202,2.4667,0.48238,2.3766,0.12764,0,0,0.22445
6.9304,1,106.4,7.5247,2.4422,0.47814,2.4492,0.1275,0,0,0.22074
6.9363,1,106.22,7.5304,2.4132,0.47285,2.5122,0.12733,0,0,0.217
6.9422,1,106.09,7.5372,2.3809,0.46918,2.6053,0.12723,0,0,0.21399
6.9482,1,105.8,7.5441,2.3594,0.46612,2.6237,0.12714,0,0,0.212
6.9541,1,105.38,7.5516,2.3399,0.45982,2.6233,0.127,0,0,0.20995
6.96,1,105.35,7.5594,2.3181,0.45437,2.6358,0.12693,0,0,0.208
6.966,1,105.32,7.5666,2.3095,0.4499,2.614,0.12696,0,0,0.20676
6.9719,1,105.35,7.5731,2.3093,0.44583,2.5724,0.1269,0,0,0.20709
6.9777,1,105.35,7.58,2.3025,0.44278,2.5733,0.12692,0,0,0.20793
6.9837,1,105.46,7.5867,2.2982,0.43954,2.5227,0.12695,0,0,0.20879
6.9896,1,105.5,7.5927,2.2981,0.43737,2.4921,0.12696,0,0,0.20964
6.9955,1,105.47,7.5987,2.2992,0.43556,2.4574,0.12698,0,0,0.21045
7.0017,1,105.56,7.6044,2.2985,0.43451,2.4539,0.12702,0,0,0.21114
7.0078,1,105.61,7.6095,2.2957,0.43502,2.4621,0.12704,0,0,0.21177
7.0135,1,105.63,7.6144,2.2943,0.43473,2.4515,0.12705,0,0,0.21217
7.0192,1,105.71,7.6192,2.2956,0.43537,2.4202,0.12709,0,0,0.21267
7.0252,1,105.79,7.6239,2.2969,0.43706,2.3804,0.12714,0,0,0.21337
7.0313,1,105.9,7.628,2.2997,0.43798,2.3667,0.12719,0,0,0.21387
7.0373,1,105.99,7.6319,2.3034,0.44029,2.3541,0.12725,0,0,0.21395
7.0433,1,106.09,7.6355,2.3079,0.44305,2.3452,0.1273,0,0,0.2147
7.0495,1,106.16,7.6388,2.3119,0.44627,2.3317,0.12733,0,0,0.2162
7.0557,1,106.2,7.6419,2.3152,0.44985,2.3254,0.12737,0,0,0.21789
7.0619,1,106.27,7.6447,2.3179,0.45371,2.3201,0.12741,0,0,0.21969
7.0677,1,106.36,7.6473,2.3213,0.45784,2.3098,0.12745,0,0,0.22165
7.0737,1,106.47,7.6499,2.3254,0.46223,2.3026,0.1275,0,0,0.22377
7.08,1,106.5,7.6522,2.3284,0.46282,2.3005,0.12753,0,0,0.2259
7.0861,1,106.56,7.6543,2.3305,0.46715,2.2999,0.12753,0,0,0.22799
7.0918,1,106.64,7.6563,2.3344,0.47156,2.2863,0.12758,0,0,0.23015
7.098,1,106.71,7.6581,2.3374,0.47389,2.2857,0.12761,0,0,0.23221
7.104,1,106.77,7.6599,2.3402,0.47808,2.2815,0.12765,0,0,0.23413
7.1101,1,106.83,7.6616,2.3432,0.48194,2.2797,0.12768,0,0,0.23517
7.1163,1,106.87,7.6632,2.3452,0.48519,2.2846,0.12771,0,0,0.23558
7.1226,1,106.9,7.6647,2.3458,0.48744,2.295,0.12773,0,0,0.23561
7.1285,1,106.93,7.6662,2.3465,0.48864,2.2996,0.12774,0,0,0.23524
7.1345,1,106.94,7.6677,2.347,0.48758,2.3036,0.12775,0,0,0.2343
7.1407,1,106.93,7.6692,2.343,0.48718,2.338,0.12774,0,0,0.23264
7.1466,1,106.84,7.6709,2.3352,0.48416,2.4017,0.12772,0,0,0.23031
7.1525,1,106.73,7.6731,2.323,0.48035,2.4076,0.1276,0,0,0.22718
7.1587,1,106.43,7.6757,2.3022,0.47512,2.4483,0.12743,0,0,0.22361
7.1647,1,106.02,7.6789,2.2756,0.46904,2.5206,0.12723,0,0,0.21979
7.1707,1,105.75,7.6827,2.2457,0.46255,2.6134,0.12706,0,0,0.216
7.1767,1,105.61,7.6867,2.2166,0.45984,2.677,0.12706,0,0,0.21324
7.1826,1,105.4,7.6903,2.2047,0.45645,2.6326,0.12699,0,0,0.21134
7.1885,1,105.39,7.6938,2.1894,0.45153,2.5871,0.12693,0,0,0.20921
7.1943,1,105.26,7.6969,2.1779,0.44688,2.6167,0.12692,0,0,0.20726
7.2003,1,105.26,7.6991,2.1775,0.44397,2.579,0.12685,0,0,0.20632
7.2061,1,105.34,7.7012,2.1825,0.442,2.531,0.12689,0,0,0.20582
7.2121,1,105.44,7.7015,2.1895,0.43878,2.5067,0.12694,0,0,0.2067
7.2179,1,105.42,7.7015,2.1973,0.43641,2.463,0.12697,0,0,0.20766
7.2239,1,105.5,7.7014,2.204,0.43453,2.4518,0.127,0,0,0.20862
7.2301,1,105.58,7.7013,2.2087,0.43383,2.4459,0.12702,0,0,0.20954
7.2363,1,105.64,7.7013,2.2104,0.43398,2.4578,0.12704,0,0,0.21039
7.2422,1,105.69,7.7012,2.213,0.43409,2.4482,0.12705,0,0,0.21119
7.2479,1,105.72,7.7009,2.2184,0.43515,2.4176,0.1271,0,0,0.2118
7.2535,1,105.81,7.7004,2.2276,0.43684,2.3777,0.12715,0,0,0.21248
7.2596,1,105.87,7.6998,2.2358,0.43889,2.3624,0.1272,0,0,0.2133
7.2654,1,105.95,7.6991,2.2446,0.44153,2.3423,0.12726,0,0,0.21398
7.2715,1,106.04,7.6983,2.253,0.44461,2.3304,0.12731,0,0,0.21436
7.2775,1,106.13,7.6974,2.2613,0.44809,2.3287,0.12736,0,0,0.21493
7.2838,1,106.21,7.6965,2.2689,0.45193,2.3216,0.12738,0,0,0.21696
7.29,1,106.24,7.6956,2.2755,0.45601,2.3171,0.12742,0,0,0.21883
7.296,1,106.32,7.6948,2.282,0.46029,2.311,0.12746,0,0,0.22076
7.302,1,106.42,7.6939,2.2885,0.46468,2.3081,0.1275,0,0,0.22282
7.3079,1,106.47,7.693,2.2959,0.46861,2.2955,0.12754,0,0,0.22503
7.3142,1,106.55,7.692,2.3024,0.47005,2.2925,0.12755,0,0,0.22728
7.3205,1,106.61,7.6912,2.3075,0.47305,2.294,0.12758,0,0,0.22944
7.3263,1,106.68,7.6903,2.3133,0.47388,2.2857,0.12761,0,0,0.2316
7.3324,1,106.75,7.6894,2.319,0.47802,2.2816,0.12765,0,0,0.23327
7.3384,1,106.82,7.6885,2.3242,0.48182,2.2785,0.12768,0,0,0.23454
7.3447,1,106.87,7.6876,2.3284,0.48504,2.2829,0.12771,0,0,0.23539
7.3509,1,106.9,7.6869,2.3312,0.48752,2.2939,0.12773,0,0,0.23583
7.3569,1,106.93,7.6862,2.3336,0.48922,2.2968,0.12774,0,0,0.23587
7.3628,1,106.97,7.6854,2.3361,0.48904,2.2998,0.12775,0,0,0.23546
7.3691,1,106.97,7.6849,2.3344,0.4878,2.3181,0.12775,0,0,0.2346
7.3753,1,106.87,7.6848,2.3259,0.48437,2.3803,0.12772,0,0,0.23297
7.3814,1,106.73,7.6853,2.3134,0.48234,2.424,0.12765,0,0,0.23087
7.3869,1,106.57,7.6864,2.3001,0.47719,2.4377,0.12752,0,0,0.22788
7.3931,1,106.2,7.688,2.2814,0.47144,2.5029,0.12735,0,0,0.22455
7.399,1,105.85,7.6902,2.2604,0.46516,2.6013,0.12715,0,0,0.22077
7.4048,1,105.7,7.6924,2.2353,0.45973,2.694,0.12705,0,0,0.21697
7.4108,1,105.47,7.6943,2.2081,0.45831,2.6349,0.12703,0,0,0.21395
7.4168,1,105.39,7.6955,2.1918,0.45303,2.5844,0.12693,0,0,0.21198
7.4226,1,105.31,7.6967,2.1859,0.44852,2.6442,0.12694,0,0,0.20993
7.4285,1,105.29,7.6978,2.1805,0.44423,2.5953,0.12686,0,0,0.20789
7.4344,1,105.33,7.6986,2.182,0.4425,2.5555,0.12688,0,0,0.20673
7.4403,1,105.39,7.699,2.1886,0.43896,2.5251,0.1269,0,0,0.20604
7.446,1,105.37,7.6991,2.1959,0.43668,2.48,0.12695,0,0,0.20657
7.4519,1,105.5,7.6991,2.2037,0.43477,2.4534,0.127,0,0,0.20752
7.458,1,105.58,7.699,2.2094,0.43396,2.4431,0.12702,0,0,0.20851
7.4642,1,105.66,7.6989,2.2123,0.43387,2.4542,0.12705,0,0,0.20945
7.4701,1,105.72,7.6988,2.2156,0.43412,2.4437,0.12707,0,0,0.21039
7.4761,1,105.75,7.6986,2.22,0.43493,2.4327,0.12709,0,0,0.21129
7.4819,1,105.81,7.6983,2.2257,0.4364,2.4132,0.12713,0,0,0.21191
7.4876,1,105.88,7.6977,2.234,0.43701,2.3776,0.12719,0,0,0.21257
7.4936,1,105.97,7.6971,2.2423,0.43931,2.3592,0.12724,0,0,0.21343
7.4994,1,106.09,7.6963,2.2513,0.44205,2.3377,0.1273,0,0,0.21442
7.5056,1,106.18,7.6955,2.2598,0.44522,2.3268,0.12735,0,0,0.21495
7.5119,1,106.26,7.6946,2.2675,0.44877,2.3197,0.12739,0,0,0.21527
7.5181,1,106.33,7.6938,2.2748,0.45265,2.3188,0.12743,0,0,0.21661
7.5243,1,106.32,7.693,2.2803,0.45664,2.3198,0.12744,0,0,0.21862
7.53,1,106.44,7.6921,2.2879,0.46096,2.3033,0.12749,0,0,0.22082
7.5362,1,106.47,7.6912,2.2946,0.46534,2.3001,0.12753,0,0,0.22303
7.5422,1,106.52,7.6903,2.3005,0.46968,2.2965,0.12755,0,0,0.22521
7.5482,1,106.6,7.6894,2.307,0.47202,2.287,0.12756,0,0,0.22739
7.5543,1,106.67,7.6885,2.3128,0.47346,2.2865,0.1276,0,0,0.22942
7.5603,1,106.73,7.6876,2.3179,0.47761,2.2842,0.12763,0,0,0.23126
7.5662,1,106.8,7.6868,2.3233,0.48147,2.2782,0.12766,0,0,0.2329
7.5723,1,106.86,7.6859,2.3283,0.4848,2.2791,0.1277,0,0,0.23421
7.5786,1,106.9,7.6851,2.3316,0.48703,2.2897,0.12772,0,0,0.23512
7.5845,1,106.94,7.6844,2.3345,0.48813,2.2923,0.12773,0,0,0.23563
7.5905,1,106.97,7.6836,2.3375,0.48845,2.293,0.12776,0,0,0.23569
7.5967,1,106.99,7.683,2.3381,0.4882,2.3022,0.12777,0,0,0.23534
7.6029,1,106.98,7.6826,2.3333,0.48604,2.321,0.12775,0,0,0.23447
7.6092,1,106.8,7.6827,2.3236,0.48454,2.3825,0.12771,0,0,0.23285
7.6154,1,106.63,7.6834,2.3118,0.48134,2.4272,0.12761,0,0,0.23046
7.6215,1,106.37,7.6847,2.2934,0.4769,2.5082,0.12746,0,0,0.22775
7.627,1,106.03,7.6864,2.2711,0.47101,2.5839,0.1273,0,0,0.22431
7.6331,1,105.77,7.6884,2.2447,0.46478,2.6753,0.12711,0,0,0.22065
7.639,1,105.61,7.6903,2.2119,0.45839,2.6724,0.12703,0,0,0.21686
7.6449,1,105.41,7.692,2.1963,0.4558,2.617,0.12694,0,0,0.21388
7.6508,1,105.34,7.6934,2.1916,0.45094,2.6182,0.1269,0,0,0.21189
7.6567,1,105.35,7.6944,2.1908,0.44674,2.6011,0.12689,0,0,0.20983
7.6626,1,105.34,7.6953,2.1889,0.44269,2.5651,0.1269,0,0,0.20792
7.6685,1,105.27,7.6961,2.1894,0.43927,2.5487,0.12688,0,0,0.20664
7.6745,1,105.33,7.6964,2.1962,0.43709,2.5132,0.12692,0,0,0.20595
7.6804,1,105.44,7.6965,2.2033,0.43522,2.4722,0.12697,0,0,0.20546
7.6866,1,105.55,7.6964,2.2097,0.43412,2.4518,0.12701,0,0,0.20641
7.6928,1,105.64,7.6964,2.2133,0.4336,2.4547,0.12704,0,0,0.20746
7.6988,1,105.7,7.6963,2.2172,0.43362,2.4478,0.12705,0,0,0.20852
7.7046,1,105.73,7.6961,2.2229,0.43399,2.435,0.12709,0,0,0.20962
7.7108,1,105.78,7.6958,2.2278,0.43501,2.4339,0.12711,0,0,0.21066
7.7165,1,105.82,7.6955,2.2334,0.43632,2.3988,0.12714,0,0,0.21176
7.7222,1,105.94,7.6949,2.2425,0.43791,2.3663,0.1272,0,0,0.21276
7.7282,1,106.06,7.6941,2.2515,0.44064,2.3454,0.12726,0,0,0.21378
7.7344,1,106.18,7.6933,2.2601,0.44383,2.3339,0.12731,0,0,0.21459
7.7407,1,106.27,7.6925,2.2679,0.44733,2.3245,0.12736,0,0,0.21529
7.7469,1,106.34,7.6916,2.2753,0.45103,2.3177,0.12741,0,0,0.21587
7.7531,1,106.39,7.6909,2.2815,0.45495,2.3182,0.12744,0,0,0.21686
7.7589,1,106.46,7.69,2.288,0.45908,2.3098,0.12747,0,0,0.21895
7.7648,1,106.47,7.6891,2.2956,0.46348,2.2962,0.12752,0,0,0.2212
7.7711,1,106.55,7.6882,2.3022,0.46793,2.2942,0.12753,0,0,0.22345
7.7773,1,106.62,7.6873,2.3078,0.47091,2.2925,0.12756,0,0,0.22564
7.7832,1,106.69,7.6865,2.3136,0.47345,2.2876,0.12759,0,0,0.22777
7.7892,1,106.76,7.6855,2.3196,0.47761,2.281,0.12763,0,0,0.22983
7.7954,1,106.82,7.6847,2.325,0.48147,2.2795,0.12767,0,0,0.23169
7.8016,1,106.86,7.6839,2.3289,0.48474,2.2841,0.12769,0,0,0.23325
7.8074,1,106.9,7.6831,2.3327,0.48739,2.2852,0.12771,0,0,0.23449
7.8134,1,106.94,7.6823,2.3362,0.48928,2.2894,0.12774,0,0,0.23537
7.8194,1,106.96,7.6816,2.3391,0.4893,2.2911,0.12775,0,0,0.23579
7.8257,1,106.99,7.681,2.338,0.48887,2.2998,0.12775,0,0,0.23575
7.8319,1,106.96,7.6808,2.3321,0.48683,2.3085,0.12775,0,0,0.23529
7.8382,1,106.82,7.6809,2.325,0.48563,2.3615,0.12774,0,0,0.23435
7.8444,1,106.73,7.6816,2.3147,0.48279,2.4344,0.12766,0,0,0.23257
7.8505,1,106.49,7.6829,2.2998,0.47823,2.4847,0.12752,0,0,0.23019
7.8564,1,106.15,7.6846,2.2794,0.47259,2.5731,0.12736,0,0,0.22713
7.8623,1,105.74,7.6863,2.2531,0.46672,2.6712,0.12715,0,0,0.22387
7.8679,1,105.41,7.6878,2.2227,0.46016,2.6535,0.127,0,0,0.22004
7.8738,1,105.48,7.6894,2.2067,0.45446,2.648,0.12693,0,0,0.21643
7.8796,1,105.23,7.6914,2.186,0.45038,2.6611,0.12688,0,0,0.21355
7.8855,1,105.31,7.6924,2.1896,0.44633,2.577,0.12689,0,0,0.21167
7.8913,1,105.37,7.6932,2.193,0.442,2.5613,0.1269,0,0,0.20961
7.8972,1,105.25,7.6941,2.1896,0.43999,2.5631,0.12689,0,0,0.20748
7.9031,1,105.26,7.6946,2.194,0.43747,2.5255,0.1269,0,0,0.20644
7.9091,1,105.35,7.6948,2.1997,0.43575,2.4878,0.12695,0,0,0.20574
7.9149,1,105.48,7.6948,2.2068,0.43441,2.453,0.12698,0,0,0.20534
7.9211,1,105.59,7.6948,2.2122,0.43388,2.4469,0.12702,0,0,0.20549
7.9274,1,105.66,7.6947,2.2164,0.43371,2.4487,0.12705,0,0,0.20655
7.9332,1,105.7,7.6945,2.2228,0.43386,2.4341,0.12708,0,0,0.20769
7.9393,1,105.74,7.6941,2.2289,0.43465,2.4293,0.1271,0,0,0.20885
7.9453,1,105.8,7.6938,2.234,0.43591,2.4054,0.12712,0,0,0.20998
7.9512,1,105.86,7.6934,2.2393,0.43696,2.377,0.12715,0,0,0.2112
7.9569,1,105.97,7.6928,2.2468,0.43949,2.3561,0.1272,0,0,0.21243
7.9627,1,106.1,7.6921,2.256,0.44243,2.3332,0.12726,0,0,0.21361
7.969,1,106.19,7.6913,2.2643,0.44571,2.3258,0.12732,0,0,0.21466
7.9752,1,106.27,7.6905,2.272,0.44918,2.3189,0.12737,0,0,0.21556
7.9815,1,106.34,7.6896,2.2794,0.45301,2.312,0.12742,0,0,0.21635
7.9877,1,106.41,7.6889,2.2849,0.45695,2.3141,0.12745,0,0,0.21703
7.9933,1,106.5,7.688,2.292,0.46127,2.3033,0.1275,0,0,0.21893
7.9994,1,106.58,7.6871,2.2994,0.46581,2.2942,0.12752,0,0,0.22118
8.0057,1,106.61,7.6862,2.3057,0.47034,2.2923,0.12754,0,0,0.22344
8.012,1,106.68,7.6854,2.3117,0.47339,2.2892,0.12757,0,0,0.22566
8.0181,1,106.74,7.6846,2.3167,0.47755,2.2882,0.1276,0,0,0.22778
8.024,1,106.8,7.6838,2.3216,0.48002,2.2833,0.12764,0,0,0.22979
8.0299,1,106.86,7.6829,2.3269,0.48365,2.28,0.12767,0,0,0.23171
8.0361,1,106.9,7.6821,2.3313,0.48649,2.2875,0.1277,0,0,0.23334
8.0423,1,106.92,7.6814,2.3345,0.48856,2.2968,0.12772,0,0,0.23462
8.0482,1,106.95,7.6806,2.3375,0.48941,2.2942,0.12774,0,0,0.23555
8.0542,1,106.97,7.6801,2.3369,0.48841,2.298,0.12774,0,0,0.23604
8.0605,1,106.94,7.6799,2.3315,0.48595,2.3085,0.12775,0,0,0.23607
8.0667,1,106.83,7.68,2.3267,0.48436,2.3581,0.12774,0,0,0.23568
8.073,1,106.83,7.6804,2.3217,0.48314,2.4256,0.12769,0,0,0.23491
8.0791,1,106.68,7.6813,2.3118,0.47873,2.4492,0.12755,0,0,0.23354
8.0849,1,106.44,7.6827,2.2904,0.47316,2.4985,0.12738,0,0,0.2314
8.091,1,106.06,7.684,2.2702,0.46703,2.5951,0.12719,0,0,0.22866
8.0969,1,105.64,7.6851,2.2465,0.46065,2.62,0.12699,0,0,0.22543
8.1027,1,105.45,7.6863,2.2316,0.45526,2.6295,0.12697,0,0,0.22194
8.1084,1,105.27,7.6883,2.2068,0.45069,2.6773,0.1269,0,0,0.21814
8.1142,1,105.33,7.6899,2.1946,0.44885,2.5692,0.12688,0,0,0.215
8.12,1,105.35,7.691,2.1945,0.44469,2.5503,0.12691,0,0,0.21292
8.1259,1,105.37,7.6916,2.2008,0.44208,2.5267,0.12692,0,0,0.21105
8.1317,1,105.3,7.6922,2.2,0.43988,2.5251,0.12692,0,0,0.20875
8.1377,1,105.34,7.6929,2.1987,0.43755,2.4884,0.12695,0,0,0.20733
8.1437,1,105.44,7.6932,2.2035,0.43585,2.4695,0.12698,0,0,0.20654
8.1495,1,105.54,7.6933,2.2091,0.43479,2.4498,0.127,0,0,0.206
8.1558,1,105.62,7.6933,2.2153,0.4346,2.4502,0.12703,0,0,0.20576
8.1618,1,105.68,7.6931,2.221,0.43484,2.4394,0.12706,0,0,0.20576
8.1676,1,105.67,7.6927,2.2289,0.43531,2.4043,0.12709,0,0,0.20667
8.1737,1,105.75,7.6924,2.2349,0.43677,2.3879,0.12712,0,0,0.20782
8.1797,1,105.82,7.692,2.2406,0.43785,2.3649,0.12715,0,0,0.20898
8.1857,1,105.93,7.6916,2.2447,0.43988,2.3535,0.12718,0,0,0.21021
8.1914,1,106.03,7.6911,2.2508,0.44267,2.339,0.12723,0,0,0.21151
8.197,1,106.15,7.6903,2.2602,0.4458,2.3175,0.1273,0,0,0.21281
8.2033,1,106.24,7.6896,2.2685,0.44934,2.312,0.12735,0,0,0.214
8.2095,1,106.31,7.6887,2.2761,0.45321,2.3079,0.12739,0,0,0.21505
8.2158,1,106.38,7.6879,2.2835,0.45736,2.3018,0.12744,0,0,0.21599
8.222,1,106.45,7.6871,2.289,0.46154,2.3101,0.12747,0,0,0.21679
8.2277,1,106.53,7.6863,2.2954,0.46583,2.2989,0.1275,0,0,0.2182
8.2336,1,106.59,7.6854,2.3029,0.47021,2.291,0.12752,0,0,0.22038
8.2399,1,106.66,7.6845,2.3095,0.47436,2.2893,0.12756,0,0,0.22258
8.2461,1,106.72,7.6836,2.3152,0.47575,2.2871,0.12759,0,0,0.22476
8.2523,1,106.78,7.6828,2.32,0.4797,2.2871,0.12762,0,0,0.22686
8.2582,1,106.84,7.6911,2.3248,0.48178,2.2848,0.12766,0,0,0.2289
8.2642,1,106.89,7.7175,2.3046,0.48412,2.2889,0.12769,0,0,0.23078
8.2702,1,106.93,7.7428,2.2816,0.48577,2.2945,0.12771,0,0,0.23246
8.2764,1,106.95,7.7539,2.2606,0.48749,2.3008,0.12773,0,0,0.2338
8.2823,1,106.94,7.7534,2.2595,0.48755,2.3054,0.12774,0,0,0.23478
8.2882,1,106.95,7.7532,2.2548,0.48536,2.3366,0.12772,0,0,0.23539
8.2943,1,106.82,7.7534,2.2449,0.4811,2.3851,0.12759,0,0,0.23554
8.3005,1,106.7,7.7543,2.2338,0.4799,2.4458,0.12749,0,0,0.23531
8.3065,1,106.46,7.7558,2.2195,0.47578,2.4637,0.12737,0,0,0.23471
8.3124,1,106.09,7.7578,2.1987,0.46999,2.4804,0.1272,0,0,0.2335
8.3182,1,105.9,7.7601,2.1724,0.46344,2.543,0.12711,0,0,0.23149
8.3243,1,105.76,7.7623,2.1409,0.45736,2.5788,0.12704,0,0,0.22886
8.3302,1,105.53,7.7644,2.1214,0.45192,2.579,0.12696,0,0,0.22577
8.336,1,105.26,7.7663,2.1102,0.44932,2.6491,0.12687,0,0,0.22221
8.3419,1,105.3,7.7674,2.1134,0.44796,2.6189,0.12688,0,0,0.2186
8.3475,1,105.38,7.7684,2.1156,0.44563,2.5465,0.12689,0,0,0.21542
8.3534,1,105.36,7.7694,2.1121,0.44132,2.5117,0.12691,0,0,0.21303
8.3594,1,105.36,7.7699,2.1179,0.44016,2.4742,0.12694,0,0,0.21117
8.3652,1,105.39,7.7702,2.1226,0.43704,2.4903,0.12695,0,0,0.20905
8.371,1,105.45,7.7702,2.1295,0.43529,2.4574,0.12698,0,0,0.20734
8.3771,1,105.54,7.7702,2.133,0.43493,2.4569,0.12701,0,0,0.20653
8.3831,1,105.61,7.77,2.137,0.43476,2.4497,0.12704,0,0,0.20597
8.3891,1,105.65,7.7698,2.1407,0.43542,2.4398,0.12703,0,0,0.20577
8.395,1,105.69,7.7693,2.147,0.43588,2.4042,0.12707,0,0,0.20573
8.401,1,105.76,7.7686,2.1551,0.43692,2.3861,0.1271,0,0,0.20588
8.4069,1,105.79,7.7678,2.1637,0.43882,2.362,0.12714,0,0,0.20684
8.4128,1,105.91,7.7667,2.1731,0.43899,2.3414,0.1272,0,0,0.20811
8.4189,1,105.99,7.7658,2.1799,0.44134,2.3406,0.12724,0,0,0.20938
8.4245,1,106.08,7.7648,2.1872,0.44454,2.3276,0.12729,0,0,0.21079
8.4302,1,106.18,7.7636,2.1957,0.44814,2.3115,0.12734,0,0,0.21226
8.4362,1,106.28,7.7624,2.204,0.45211,2.303,0.12739,0,0,0.21369
8.4424,1,106.37,7.7611,2.2116,0.45635,2.299,0.12744,0,0,0.215
8.4487,1,106.45,7.7599,2.2187,0.46079,2.2974,0.12747,0,0,0.21619
8.4549,1,106.53,7.7587,2.2254,0.46531,2.2977,0.1275,0,0,0.21723
8.4611,1,106.58,7.7577,2.2305,0.46964,2.2996,0.12751,0,0,0.21812
8.4667,1,106.57,7.7567,2.2366,0.47389,2.289,0.12754,0,0,0.21996
8.4725,1,106.66,7.7555,2.2437,0.47789,2.2858,0.12754,0,0,0.22217
8.4788,1,106.72,7.7544,2.2494,0.47896,2.2871,0.12758,0,0,0.22438
8.485,1,106.79,7.7535,2.254,0.48256,2.2864,0.12761,0,0,0.22652
8.491,1,106.84,7.7526,2.2578,0.48546,2.2899,0.12765,0,0,0.22858
8.497,1,106.89,7.7518,2.2612,0.48454,2.2951,0.12768,0,0,0.23054
8.5031,1,106.92,7.7511,2.2636,0.48553,2.303,0.12771,0,0,0.23228
8.509,1,106.91,7.7505,2.2647,0.48699,2.3075,0.12768,0,0,0.23377
8.515,1,106.76,7.7503,2.2609,0.48583,2.3438,0.12768,0,0,0.23494
8.5208,1,106.79,7.7504,2.2527,0.4821,2.3897,0.12762,0,0,0.23575
8.5266,1,106.69,7.7511,2.2372,0.47726,2.47,0.12751,0,0,0.23619
8.5325,1,106.49,7.7523,2.2247,0.47608,2.496,0.12743,0,0,0.23619
8.5385,1,106.14,7.7543,2.2048,0.47068,2.5022,0.12727,0,0,0.23587
8.5443,1,105.96,7.7568,2.1789,0.46461,2.5255,0.12714,0,0,0.23515
8.5501,1,105.64,7.7591,2.1494,0.45882,2.5852,0.12699,0,0,0.23374
8.5561,1,105.65,7.7612,2.1334,0.45346,2.5505,0.12699,0,0,0.23161
8.562,1,105.47,7.7628,2.1225,0.4496,2.5618,0.12692,0,0,0.22889
8.5678,1,105.31,7.7643,2.1183,0.44746,2.613,0.1269,0,0,0.22558
8.5737,1,105.4,7.7654,2.1196,0.44563,2.5517,0.12695,0,0,0.22194
8.5796,1,105.39,7.7666,2.1145,0.44236,2.5201,0.12693,0,0,0.21809
8.5855,1,105.34,7.7671,2.1202,0.43936,2.4832,0.1269,0,0,0.215
8.5911,1,105.39,7.7674,2.1259,0.43913,2.4583,0.12692,0,0,0.21287
8.5971,1,105.46,7.7675,2.1318,0.43676,2.4525,0.12696,0,0,0.21088
8.6029,1,105.55,7.7675,2.136,0.4367,2.4533,0.12701,0,0,0.20854
8.609,1,105.62,7.7674,2.1402,0.43625,2.4454,0.12705,0,0,0.20716
8.6151,1,105.67,7.7671,2.1449,0.4358,2.4369,0.12709,0,0,0.20636
8.6211,1,105.7,7.7667,2.1505,0.43645,2.4134,0.12712,0,0,0.20591
8.6271,1,105.77,7.766,2.1587,0.43693,2.385,0.12709,0,0,0.20572
8.6331,1,105.88,7.7652,2.1676,0.43902,2.3601,0.12715,0,0,0.20572
8.6392,1,105.92,7.7643,2.1753,0.44185,2.3512,0.12719,0,0,0.20591
8.645,1,106.01,7.7633,2.184,0.44203,2.3309,0.12725,0,0,0.20625
8.651,1,106.11,7.7621,2.1925,0.44473,2.3204,0.12729,0,0,0.20747
8.6571,1,106.18,7.7612,2.1987,0.44831,2.3229,0.12732,0,0,0.20877
8.6627,1,106.26,7.7602,2.205,0.45213,2.3145,0.12736,0,0,0.21019
8.6682,1,106.37,7.7589,2.2138,0.4564,2.2926,0.1274,0,0,0.21176
8.6745,1,106.46,7.7577,2.2215,0.46086,2.2936,0.12744,0,0,0.21326
8.6808,1,106.53,7.7565,2.2283,0.46541,2.2961,0.12748,0,0,0.21466
8.687,1,106.61,7.7554,2.2349,0.46993,2.2909,0.12751,0,0,0.21596
8.6932,1,106.6,7.7543,2.241,0.47425,2.2944,0.12753,0,0,0.21711
8.6993,1,106.59,7.7534,2.2455,0.47812,2.2999,0.1275,0,0,0.2184
8.7048,1,106.67,7.7523,2.2517,0.47873,2.283,0.12753,0,0,0.22057
8.7111,1,106.73,7.7514,2.2567,0.48238,2.2876,0.12756,0,0,0.22274
8.7171,1,106.75,7.7506,2.2601,0.48298,2.2945,0.12759,0,0,0.22488
8.723,1,106.84,7.7498,2.2637,0.48312,2.2956,0.1276,0,0,0.22706
8.7292,1,106.77,7.7491,2.2662,0.4851,2.3046,0.12762,0,0,0.22912
8.7353,1,106.73,7.7487,2.2647,0.486,2.3255,0.12762,0,0,0.23099
8.7412,1,106.69,7.7486,2.2593,0.4842,2.3594,0.12764,0,0,0.23268
8.747,1,106.75,7.7489,2.25,0.47992,2.4032,0.12757,0,0,0.23413
8.7532,1,106.59,7.7497,2.2384,0.47458,2.4697,0.12746,0,0,0.2352
8.7592,1,106.36,7.7512,2.2239,0.47081,2.4982,0.12735,0,0,0.23589
8.7649,1,106.01,7.7533,2.2033,0.46965,2.5436,0.12721,0,0,0.23621
8.7708,1,105.88,7.7556,2.1774,0.46376,2.5787,0.1271,0,0,0.23611
8.7769,1,105.7,7.7578,2.1453,0.45814,2.536,0.12702,0,0,0.23568
8.7827,1,105.52,7.76,2.125,0.45353,2.5074,0.12697,0,0,0.23479
8.7886,1,105.32,7.7619,2.1162,0.45027,2.5244,0.1269,0,0,0.23311
8.7945,1,105.37,7.7632,2.1196,0.44761,2.5238,0.12692,0,0,0.23073
8.8005,1,105.38,7.7642,2.1217,0.44548,2.5371,0.12692,0,0,0.2278
8.8063,1,105.4,7.7654,2.1167,0.44136,2.5043,0.12692,0,0,0.2243
8.8123,1,105.35,7.7659,2.1226,0.43863,2.4693,0.12697,0,0,0.22054
8.8182,1,105.36,7.7663,2.1275,0.43833,2.4565,0.12694,0,0,0.21669
8.8241,1,105.35,7.7664,2.1325,0.43949,2.4534,0.12694,0,0,0.21402
8.8298,1,105.44,7.7664,2.1366,0.4387,2.4499,0.12698,0,0,0.21215
8.8357,1,105.52,7.7664,2.1402,0.43909,2.452,0.127,0,0,0.21007
8.8415,1,105.59,7.7662,2.1447,0.43798,2.4266,0.12704,0,0,0.2079
8.8474,1,105.66,7.7658,2.1507,0.43769,2.4129,0.12706,0,0,0.20697
8.8534,1,105.76,7.7651,2.1588,0.43797,2.3814,0.12709,0,0,0.20622
8.8594,1,105.81,7.7644,2.167,0.43961,2.3644,0.12711,0,0,0.20591
8.8652,1,105.95,7.7634,2.1763,0.4426,2.3412,0.12716,0,0,0.20572
8.8713,1,105.99,7.7625,2.1834,0.44504,2.3386,0.1272,0,0,0.2058
8.877,1,106.09,7.7615,2.1916,0.44518,2.322,0.12725,0,0,0.20598
8.883,1,106.19,7.7603,2.1999,0.44885,2.3118,0.12729,0,0,0.20632
8.8891,1,106.26,7.7593,2.2067,0.45277,2.3105,0.12733,0,0,0.20724
8.895,1,106.32,7.7582,2.2131,0.45688,2.3056,0.12736,0,0,0.20864
8.9007,1,106.4,7.7571,2.2206,0.46127,2.2961,0.1274,0,0,0.21021
8.9067,1,106.48,7.7559,2.228,0.46582,2.2934,0.12744,0,0,0.2118
8.913,1,106.56,7.7548,2.2348,0.47034,2.2914,0.12748,0,0,0.21337
8.9192,1,106.54,7.7537,2.2411,0.47471,2.2938,0.12751,0,0,0.21487
8.9254,1,106.57,7.7526,2.247,0.47653,2.2951,0.12748,0,0,0.21625
8.9316,1,106.61,7.7518,2.2513,0.47873,2.2984,0.1275,0,0,0.21746
8.9372,1,106.65,7.7509,2.2563,0.48234,2.2885,0.12752,0,0,0.21912
8.9432,1,106.69,7.75,2.2608,0.4837,2.2879,0.12755,0,0,0.22131
8.9493,1,106.74,7.7492,2.2641,0.48226,2.2926,0.12757,0,0,0.22352
8.9555,1,106.76,7.7486,2.2665,0.48368,2.3017,0.12759,0,0,0.2257
8.9616,1,106.75,7.7481,2.2671,0.4855,2.3184,0.12761,0,0,0.22779
8.9674,1,106.67,7.7478,2.2635,0.48566,2.338,0.12761,0,0,0.22979
8.9734,1,106.69,7.748,2.2551,0.4826,2.3838,0.12759,0,0,0.23166
8.9796,1,106.66,7.7488,2.2387,0.48078,2.4771,0.12749,0,0,0.23324
8.9855,1,106.42,7.7503,2.2244,0.47452,2.5068,0.12741,0,0,0.23449
8.9914,1,106.06,7.7524,2.2041,0.47111,2.5393,0.12724,0,0,0.23539
8.9973,1,105.83,7.755,2.1773,0.46698,2.5533,0.12708,0,0,0.23589
9.0033,1,105.66,7.7574,2.1466,0.46159,2.5367,0.127,0,0,0.23599
9.0092,1,105.66,7.7595,2.1332,0.45615,2.5148,0.12702,0,0,0.23571
9.0152,1,105.44,7.7612,2.1215,0.45197,2.5442,0.12693,0,0,0.23505
9.0211,1,105.35,7.7627,2.1183,0.44868,2.5392,0.12693,0,0,0.23365
9.027,1,105.47,7.7638,2.1183,0.44564,2.5035,0.12695,0,0,0.23155
9.033,1,105.47,7.7649,2.1156,0.4418,2.5131,0.12696,0,0,0.2285
9.0389,1,105.46,7.7654,2.1232,0.43885,2.4759,0.12698,0,0,0.22487
9.045,1,105.49,7.7658,2.1279,0.43932,2.4621,0.12701,0,0,0.2217
9.0509,1,105.45,7.7659,2.1334,0.44168,2.4517,0.12699,0,0,0.21791
9.0568,1,105.39,7.7659,2.1373,0.44076,2.4524,0.12698,0,0,0.21456
9.0628,1,105.43,7.7658,2.1406,0.44064,2.45,0.127,0,0,0.21273
9.0686,1,105.5,7.7655,2.1454,0.44071,2.448,0.12703,0,0,0.21079
9.0744,1,105.58,7.7651,2.1514,0.43946,2.4242,0.12705,0,0,0.20841
9.0802,1,105.69,7.7644,2.1601,0.43954,2.3878,0.12709,0,0,0.20725
9.0863,1,105.8,7.7636,2.1685,0.43969,2.3682,0.12714,0,0,0.20643
9.0922,1,105.89,7.7626,2.1777,0.44195,2.3451,0.12712,0,0,0.20598
9.0984,1,105.96,7.7616,2.1867,0.44522,2.3317,0.12717,0,0,0.20572
9.1046,1,106.03,7.7606,2.1936,0.44656,2.3302,0.12721,0,0,0.20575
9.1104,1,106.12,7.7594,2.2014,0.44857,2.3162,0.12726,0,0,0.20592
9.1165,1,106.21,7.7583,2.2093,0.45262,2.3076,0.1273,0,0,0.20623
9.1227,1,106.29,7.7571,2.2165,0.45691,2.303,0.12735,0,0,0.20668
9.1288,1,106.34,7.7561,2.2219,0.4612,2.3057,0.12737,0,0,0.20748
9.1343,1,106.42,7.7551,2.2287,0.4657,2.295,0.12741,0,0,0.20905
9.1403,1,106.51,7.7539,2.2363,0.47032,2.2916,0.12746,0,0,0.2107
9.1465,1,106.56,7.7528,2.2428,0.47479,2.2958,0.1275,0,0,0.21235
9.1528,1,106.5,7.7517,2.2486,0.47899,2.2974,0.1275,0,0,0.21397
9.159,1,106.56,7.7507,2.254,0.47979,2.293,0.12748,0,0,0.2155
9.1652,1,106.6,7.7499,2.258,0.48073,2.2972,0.1275,0,0,0.21688
9.1712,1,106.62,7.7492,2.2605,0.48007,2.303,0.12748,0,0,0.21875
9.1766,1,106.6,7.7484,2.2643,0.47913,2.2968,0.12751,0,0,0.22092
9.1826,1,106.66,7.7478,2.267,0.48209,2.2933,0.12755,0,0,0.22311
9.1886,1,106.76,7.7474,2.2655,0.48303,2.2959,0.12758,0,0,0.22534
9.1949,1,106.68,7.7473,2.2593,0.48319,2.3207,0.1276,0,0,0.22746
9.2008,1,106.62,7.7477,2.2482,0.47952,2.3446,0.12754,0,0,0.22947
9.2067,1,106.53,7.7486,2.2381,0.48261,2.42,0.12747,0,0,0.23136
9.2127,1,106.42,7.7502,2.2233,0.47974,2.5063,0.12741,0,0,0.23301
9.2186,1,106.09,7.7524,2.2015,0.47412,2.529,0.12728,0,0,0.23438
9.2246,1,105.89,7.7548,2.1737,0.47039,2.565,0.12711,0,0,0.23539
9.2306,1,105.73,7.7569,2.141,0.4658,2.5399,0.12703,0,0,0.236
9.2365,1,105.5,7.7591,2.1241,0.45939,2.5201,0.12696,0,0,0.23624
9.2423,1,105.28,7.7612,2.1134,0.45392,2.5057,0.12689,0,0,0.23609
9.2482,1,105.36,7.7623,2.1196,0.44942,2.5404,0.12691,0,0,0.23557
9.2541,1,105.42,7.7633,2.1205,0.44529,2.5279,0.12694,0,0,0.23452
9.26,1,105.43,7.7644,2.1175,0.44096,2.4801,0.12694,0,0,0.23234
9.2659,1,105.4,7.7649,2.1243,0.43859,2.4615,0.12698,0,0,0.229
9.2721,1,105.5,7.7652,2.1297,0.43894,2.4691,0.12702,0,0,0.22544
9.2783,1,105.59,7.7653,2.1349,0.4419,2.4541,0.12704,0,0,0.2223
9.2843,1,105.55,7.7654,2.1379,0.44324,2.4532,0.12702,0,0,0.21922
9.2902,1,105.49,7.7652,2.1425,0.44214,2.4406,0.12701,0,0,0.21549
9.2963,1,105.5,7.765,2.1472,0.44226,2.4287,0.12704,0,0,0.21306
9.3023,1,105.57,7.7646,2.1522,0.44232,2.4426,0.12705,0,0,0.2113
9.308,1,105.68,7.764,2.1605,0.44126,2.4033,0.12709,0,0,0.20889
9.3138,1,105.8,7.7631,2.1697,0.44204,2.3733,0.12714,0,0,0.20734
9.3199,1,105.91,7.7622,2.1785,0.44271,2.354,0.1272,0,0,0.20645
9.326,1,106,7.7612,2.1861,0.44562,2.344,0.1272,0,0,0.20594
9.3318,1,105.94,7.7601,2.1948,0.44902,2.3244,0.1272,0,0,0.20566
9.338,1,106.02,7.759,2.2022,0.44896,2.3211,0.12724,0,0,0.20562
9.344,1,106.09,7.758,2.2085,0.45071,2.3183,0.12728,0,0,0.20578
9.3498,1,106.19,7.7568,2.2166,0.45472,2.3016,0.12733,0,0,0.20605
9.356,1,106.27,7.7557,2.2237,0.45906,2.2984,0.12737,0,0,0.2065
9.3621,1,106.33,7.7547,2.2291,0.46345,2.3004,0.1274,0,0,0.20708
9.3678,1,106.39,7.7538,2.2346,0.46784,2.2997,0.12743,0,0,0.20802
9.3734,1,106.48,7.7527,2.2421,0.4724,2.2905,0.12748,0,0,0.20958
9.3797,1,106.53,7.7516,2.2484,0.47678,2.2979,0.12751,0,0,0.21131
9.3859,1,106.47,7.7506,2.2538,0.48079,2.296,0.1275,0,0,0.21304
9.3922,1,106.52,7.7497,2.2584,0.48173,2.296,0.12746,0,0,0.21474
9.3984,1,106.57,7.7489,2.262,0.48041,2.2984,0.12745,0,0,0.21633
9.4045,1,106.53,7.7482,2.2643,0.47857,2.3033,0.12747,0,0,0.21802
9.4102,1,106.58,7.7477,2.2661,0.48054,2.3066,0.12749,0,0,0.22008
9.4159,1,106.65,7.7472,2.2655,0.48161,2.2937,0.12754,0,0,0.22233
9.4222,1,106.68,7.7472,2.2599,0.48191,2.3019,0.12757,0,0,0.22453
9.4283,1,106.69,7.7476,2.2478,0.48147,2.3259,0.12757,0,0,0.22664
9.4341,1,106.62,7.7486,2.2373,0.47925,2.3573,0.12749,0,0,0.22873
9.4402,1,106.57,7.7502,2.2219,0.48058,2.438,0.12747,0,0,0.23067
9.4461,1,106.31,7.7525,2.1996,0.47649,2.5228,0.12734,0,0,0.23243
9.452,1,105.95,7.755,2.1715,0.47041,2.5301,0.12716,0,0,0.23394
9.458,1,105.76,7.7572,2.1392,0.46624,2.5412,0.12701,0,0,0.2351
9.4639,1,105.52,7.7594,2.1223,0.46048,2.5102,0.12697,0,0,0.2359
9.4697,1,105.28,7.7614,2.1118,0.45443,2.5151,0.12689,0,0,0.23632
9.4756,1,105.33,7.7625,2.1172,0.44949,2.5063,0.12689,0,0,0.23633
9.4815,1,105.42,7.7637,2.1172,0.4453,2.5232,0.12692,0,0,0.23598
9.4874,1,105.41,7.7647,2.1153,0.44116,2.4981,0.12695,0,0,0.23528
9.4932,1,105.45,7.7652,2.122,0.43967,2.4615,0.12697,0,0,0.23272
9.4992,1,105.43,7.7655,2.1281,0.43957,2.4515,0.12702,0,0,0.22947
9.5053,1,105.55,7.7655,2.1344,0.44119,2.4658,0.12705,0,0,0.22594
9.5116,1,105.65,7.7655,2.1379,0.44384,2.4552,0.12706,0,0,0.22286
9.5177,1,105.61,7.7654,2.1413,0.4435,2.4509,0.12708,0,0,0.22002
9.5237,1,105.53,7.7651,2.1457,0.44242,2.4302,0.12704,0,0,0.21689
9.5297,1,105.59,7.7646,2.1523,0.44322,2.4282,0.12705,0,0,0.21404
9.5357,1,105.69,7.764,2.1603,0.44471,2.4084,0.12709,0,0,0.21225
9.5417,1,105.79,7.7632,2.1682,0.44433,2.4077,0.12713,0,0,0.21027
9.5475,1,105.9,7.7623,2.1768,0.44337,2.3712,0.12719,0,0,0.20788
9.5534,1,106.01,7.7612,2.1859,0.44522,2.3457,0.12725,0,0,0.20697
9.5595,1,106.11,7.7602,2.1935,0.44866,2.3354,0.12728,0,0,0.2062
9.5655,1,106.11,7.7591,2.2012,0.45246,2.3234,0.12722,0,0,0.2059
9.5715,1,106.04,7.758,2.2084,0.45266,2.317,0.12726,0,0,0.20575
9.5775,1,106.14,7.7568,2.2156,0.45499,2.3084,0.1273,0,0,0.20584
9.5836,1,106.19,7.7558,2.2218,0.45915,2.3059,0.12734,0,0,0.20606
9.5894,1,106.28,7.7546,2.2292,0.46358,2.2928,0.12738,0,0,0.20644
9.5956,1,106.36,7.7536,2.2358,0.46807,2.2919,0.12742,0,0,0.20692
9.6017,1,106.41,7.7526,2.2405,0.47231,2.3008,0.12745,0,0,0.20767
9.6072,1,106.47,7.7517,2.2465,0.47653,2.2934,0.12749,0,0,0.2088
9.6132,1,106.5,7.7506,2.2528,0.48054,2.2948,0.12753,0,0,0.21014
9.6194,1,106.45,7.7497,2.2576,0.48194,2.2978,0.12751,0,0,0.21168
9.6257,1,106.5,7.7489,2.2613,0.48125,2.2999,0.12745,0,0,0.21338
9.6318,1,106.44,7.7482,2.2641,0.4797,2.3026,0.12741,0,0,0.21521
9.6378,1,106.51,7.7476,2.2663,0.47802,2.3074,0.12745,0,0,0.21717
9.6438,1,106.55,7.7472,2.2647,0.47959,2.3143,0.12747,0,0,0.21915
9.6493,1,106.62,7.7471,2.2605,0.4801,2.2992,0.12751,0,0,0.22133
9.6556,1,106.63,7.7474,2.2505,0.47999,2.3174,0.12755,0,0,0.22347
9.6614,1,106.64,7.7483,2.2383,0.47671,2.3466,0.12747,0,0,0.22561
9.6674,1,106.61,7.7498,2.2245,0.47589,2.4019,0.12749,0,0,0.22772
9.6733,1,106.48,7.7519,2.2032,0.47816,2.4825,0.12746,0,0,0.22971
9.6792,1,106.28,7.7544,2.1762,0.47283,2.5078,0.12735,0,0,0.23156
9.6853,1,105.97,7.7566,2.1439,0.46648,2.4999,0.12718,0,0,0.23317
9.6912,1,105.76,7.7589,2.1239,0.46357,2.5143,0.12706,0,0,0.23447
9.697,1,105.42,7.7608,2.116,0.45721,2.5177,0.12691,0,0,0.23544
9.7029,1,105.34,7.7621,2.1187,0.45193,2.5021,0.12688,0,0,0.23603
9.7089,1,105.41,7.7631,2.1204,0.4475,2.4908,0.12692,0,0,0.23622
9.7147,1,105.4,7.7643,2.1161,0.44326,2.5038,0.12693,0,0,0.23604
9.7206,1,105.43,7.7648,2.1222,0.43954,2.4686,0.12697,0,0,0.23553
9.7264,1,105.48,7.7652,2.1275,0.43949,2.4538,0.12699,0,0,0.23328
9.7324,1,105.48,7.7653,2.134,0.43992,2.4448,0.12703,0,0,0.23025
9.7385,1,105.59,7.7653,2.1381,0.44243,2.4569,0.12706,0,0,0.2269
9.7447,1,105.68,7.7652,2.1417,0.44368,2.4514,0.12708,0,0,0.22386
9.7508,1,105.64,7.765,2.1455,0.44333,2.4431,0.12712,0,0,0.22098
9.7567,1,105.68,7.7646,2.1515,0.44271,2.4331,0.12712,0,0,0.21788
9.7626,1,105.71,7.7639,2.1604,0.44382,2.4046,0.12709,0,0,0.21528
9.7687,1,105.82,7.7631,2.169,0.44538,2.3949,0.12714,0,0,0.213
9.7747,1,105.91,7.7622,2.1768,0.44581,2.3799,0.12719,0,0,0.21119
9.7805,1,106.01,7.7613,2.1845,0.44657,2.3628,0.12724,0,0,0.20891
9.7862,1,106.1,7.7603,2.1923,0.4475,2.3429,0.12729,0,0,0.20747
9.792,1,106.2,7.7592,2.2003,0.4503,2.329,0.12731,0,0,0.20662
9.798,1,106.16,7.7581,2.2078,0.4535,2.3199,0.12726,0,0,0.20609
9.804,1,106.11,7.757,2.215,0.45449,2.3131,0.1273,0,0,0.20585
9.81,1,106.19,7.7559,2.2217,0.45848,2.3055,0.12734,0,0,0.20582
9.816,1,106.26,7.7549,2.2275,0.46269,2.3028,0.12738,0,0,0.20599
9.8217,1,106.35,7.7538,2.2349,0.46714,2.2892,0.12742,0,0,0.20626
9.8279,1,106.42,7.7527,2.2414,0.47155,2.2879,0.12746,0,0,0.20669
9.834,1,106.45,7.7518,2.246,0.47568,2.2967,0.12749,0,0,0.20727
9.8396,1,106.49,7.7509,2.251,0.47957,2.2949,0.12752,0,0,0.20819
9.8453,1,106.53,7.75,2.2564,0.48242,2.298,0.12755,0,0,0.20939
9.8514,1,106.49,7.7491,2.2609,0.48247,2.299,0.12752,0,0,0.21081
9.8576,1,106.46,7.7484,2.2639,0.48172,2.3035,0.12741,0,0,0.21238
9.8636,1,106.38,7.7478,2.2662,0.48011,2.3047,0.12738,0,0,0.2141
9.8695,1,106.46,7.7472,2.2673,0.47757,2.3158,0.12742,0,0,0.21598
9.8755,1,106.52,7.747,2.263,0.47849,2.3176,0.12744,0,0,0.21791
9.8812,1,106.56,7.7472,2.2553,0.47874,2.3158,0.12748,0,0,0.21998
9.8872,1,106.58,7.7479,2.2399,0.47831,2.343,0.1275,0,0,0.22211
9.8931,1,106.56,7.7492,2.2272,0.47301,2.3943,0.12746,0,0,0.22425
9.8991,1,106.42,7.7512,2.2077,0.47324,2.4715,0.12743,0,0,0.22635
9.9049,1,106.27,7.7538,2.1825,0.47316,2.529,0.12738,0,0,0.22843
9.9109,1,106.08,7.7561,2.1523,0.46712,2.5023,0.12722,0,0,0.23035
9.9168,1,105.9,7.7583,2.1338,0.46147,2.4861,0.12711,0,0,0.2321
9.9227,1,105.74,7.7601,2.1231,0.45806,2.4594,0.12703,0,0,0.23362
9.9285,1,105.73,7.7615,2.1205,0.45279,2.4912,0.12703,0,0,0.23483
9.9345,1,105.66,7.7626,2.122,0.44846,2.493,0.12701,0,0,0.23568
9.9404,1,105.49,7.7639,2.1168,0.44436,2.4824,0.12696,0,0,0.23615
9.9462,1,105.47,7.7644,2.1244,0.43992,2.4647,0.12699,0,0,0.23618
9.9524,1,105.55,7.7648,2.1286,0.43982,2.4632,0.12702,0,0,0.23587
9.9583,1,105.62,7.7649,2.1347,0.44009,2.4488,0.12702,0,0,0.23405
9.9644,1,105.53,7.765,2.1372,0.44106,2.4608,0.12705,0,0,0.23149
9.9701,1,105.64,7.7649,2.142,0.44351,2.4435,0.12709,0,0,0.22842
9.9762,1,105.72,7.7646,2.1475,0.44449,2.4461,0.12714,0,0,0.22572
9.9823,1,105.78,7.7642,2.153,0.44401,2.4498,0.12719,0,0,0.22316
9.9883,1,105.78,7.7636,2.161,0.44404,2.4227,0.12717,0,0,0.2202
9.9942,1,105.82,7.7629,2.1692,0.44565,2.3918,0.12714,0,0,0.21716
10,1,105.94,7.7619,2.1787,0.44698,2.3612,0.1272,0,0,0.21466
10.006,1,106.04,7.7609,2.187,0.44849,2.3567,0.12725,0,0,0.21266
10.012,1,106.12,7.7599,2.1943,0.44805,2.3453,0.1273,0,0,0.21066
10.018,1,106.22,7.7588,2.2023,0.44847,2.3279,0.12735,0,0,0.20831
10.024,1,106.29,7.7578,2.2083,0.45101,2.3289,0.12736,0,0,0.20734
10.03,1,106.26,7.7567,2.2155,0.45396,2.3135,0.1273,0,0,0.20659
10.036,1,106.2,7.7556,2.223,0.4566,2.3037,0.12734,0,0,0.2062
10.042,1,106.29,7.7545,2.2301,0.45954,2.297,0.12739,0,0,0.20597
10.048,1,106.34,7.7535,2.2359,0.46323,2.3005,0.12742,0,0,0.20603
10.054,1,106.4,7.7524,2.2425,0.46737,2.2918,0.12746,0,0,0.20619
10.06,1,106.46,7.7514,2.2486,0.47182,2.29,0.1275,0,0,0.2065
10.066,1,106.5,7.7504,2.2537,0.47607,2.2929,0.12753,0,0,0.20695
10.072,1,106.53,7.7496,2.2572,0.47936,2.3025,0.12754,0,0,0.20766
10.078,1,106.54,7.7488,2.2613,0.48157,2.3052,0.12748,0,0,0.20876
10.084,1,106.38,7.7481,2.2647,0.48409,2.3064,0.1274,0,0,0.21004
10.09,1,106.27,7.7475,2.2671,0.48282,2.3089,0.12736,0,0,0.21154
10.096,1,106.35,7.7471,2.2655,0.47962,2.3305,0.12735,0,0,0.21321
10.102,1,106.41,7.747,2.2591,0.47467,2.3246,0.12739,0,0,0.215
10.108,1,106.43,7.7474,2.248,0.47471,2.3249,0.12743,0,0,0.21691
10.114,1,106.43,7.7483,2.2369,0.47434,2.3902,0.1274,0,0,0.21886
10.119,1,106.52,7.7499,2.2233,0.4684,2.403,0.12743,0,0,0.22097
10.125,1,106.4,7.752,2.2024,0.46689,2.4778,0.12742,0,0,0.22312
10.131,1,106.27,7.7544,2.175,0.47049,2.5094,0.12737,0,0,0.22525
10.137,1,105.95,7.7566,2.1427,0.46652,2.5414,0.12719,0,0,0.22734
10.143,1,105.78,7.7588,2.1237,0.46007,2.4932,0.12705,0,0,0.22933
10.149,1,105.69,7.7608,2.1147,0.45721,2.4721,0.12701,0,0,0.2312
10.155,1,105.72,7.762,2.119,0.45242,2.457,0.12702,0,0,0.23286
10.161,1,105.78,7.7631,2.1201,0.44796,2.4471,0.12705,0,0,0.23421
10.167,1,105.83,7.7642,2.1165,0.44364,2.4653,0.12708,0,0,0.23523
10.173,1,105.71,7.7647,2.1235,0.43962,2.4515,0.12704,0,0,0.23586
10.179,1,105.54,7.765,2.1282,0.43906,2.4516,0.12701,0,0,0.23609
10.185,1,105.62,7.7651,2.1336,0.43964,2.448,0.12704,0,0,0.23531
10.191,1,105.54,7.7652,2.137,0.4407,2.4513,0.12702,0,0,0.23304
10.196,1,105.61,7.765,2.1418,0.44252,2.4355,0.12706,0,0,0.2304
10.202,1,105.65,7.7648,2.1453,0.44437,2.4245,0.12709,0,0,0.22797
10.208,1,105.72,7.7644,2.152,0.44339,2.4422,0.12715,0,0,0.22558
10.214,1,105.79,7.7638,2.1599,0.44307,2.419,0.1272,0,0,0.22315
10.22,1,105.83,7.7629,2.1688,0.4459,2.3889,0.12722,0,0,0.22008
10.226,1,105.9,7.7621,2.1772,0.44761,2.3657,0.1272,0,0,0.21751
10.232,1,106,7.761,2.186,0.44936,2.3454,0.12725,0,0,0.21503
10.238,1,106.09,7.7599,2.1946,0.45113,2.3372,0.12731,0,0,0.21307
10.245,1,106.16,7.7589,2.2012,0.44788,2.3368,0.12735,0,0,0.21128
10.25,1,106.23,7.7578,2.2083,0.45055,2.3227,0.12739,0,0,0.20886
10.256,1,106.32,7.7566,2.2161,0.45454,2.3103,0.12744,0,0,0.20726
10.263,1,106.37,7.7557,2.2216,0.45861,2.3145,0.1274,0,0,0.20654
10.268,1,106.3,7.7546,2.2281,0.46223,2.3013,0.12738,0,0,0.20605
10.274,1,106.33,7.7535,2.2356,0.46292,2.2909,0.12743,0,0,0.20577
10.28,1,106.39,7.7524,2.2421,0.46742,2.2951,0.12747,0,0,0.20569
10.286,1,106.44,7.7515,2.2471,0.47175,2.3022,0.1275,0,0,0.20585
10.292,1,106.49,7.7505,2.2529,0.476,2.2927,0.12753,0,0,0.20612
10.298,1,106.54,7.7496,2.2578,0.47959,2.2941,0.12756,0,0,0.20659
10.305,1,106.57,7.7489,2.2606,0.47906,2.3038,0.12753,0,0,0.20718
10.31,1,106.54,7.7483,2.2631,0.47981,2.3135,0.12745,0,0,0.20814
10.316,1,106.31,7.7476,2.2661,0.48245,2.3061,0.12739,0,0,0.20936
10.322,1,106.24,7.7471,2.2671,0.48229,2.319,0.12736,0,0,0.21081
10.328,1,106.31,7.7469,2.2623,0.47953,2.3359,0.12732,0,0,0.21243
10.334,1,106.38,7.7472,2.2521,0.47449,2.3332,0.12736,0,0,0.21419
10.34,1,106.41,7.7481,2.2368,0.47412,2.3868,0.1274,0,0,0.21607
10.346,1,106.41,7.7497,2.2219,0.47189,2.4304,0.12739,0,0,0.21809
10.352,1,106.3,7.7518,2.1993,0.46593,2.5117,0.12738,0,0,0.2201
10.357,1,106.13,7.7543,2.1724,0.46529,2.533,0.12729,0,0,0.22226
10.363,1,105.98,7.7566,2.1416,0.46626,2.531,0.12715,0,0,0.22444
10.369,1,105.8,7.7588,2.1241,0.46006,2.5165,0.12706,0,0,0.22656
10.375,1,105.69,7.7607,2.117,0.45426,2.4911,0.12701,0,0,0.22862
10.381,1,105.72,7.7621,2.1176,0.45151,2.4778,0.12702,0,0,0.23058
10.387,1,105.78,7.7632,2.1194,0.44729,2.4544,0.12705,0,0,0.23234
10.393,1,105.83,7.7643,2.1149,0.44313,2.4366,0.12708,0,0,0.23387
10.399,1,105.95,7.7648,2.1227,0.43944,2.4298,0.12714,0,0,0.2351
10.405,1,105.92,7.7652,2.1279,0.43924,2.4535,0.12714,0,0,0.23593
10.411,1,105.77,7.7653,2.1338,0.43962,2.4477,0.12707,0,0,0.23633
10.417,1,105.67,7.7653,2.1369,0.44061,2.4522,0.12702,0,0,0.23465
10.423,1,105.59,7.7652,2.1408,0.44257,2.4437,0.12704,0,0,0.23239
10.429,1,105.63,7.765,2.1447,0.44496,2.4238,0.12707,0,0,0.23007
10.435,1,105.68,7.7646,2.1514,0.44377,2.3905,0.12711,0,0,0.22809
10.441,1,105.75,7.764,2.1587,0.44282,2.4169,0.12716,0,0,0.22624
10.447,1,105.85,7.7632,2.1673,0.44395,2.3877,0.12721,0,0,0.22393
10.453,1,105.93,7.7623,2.1768,0.4474,2.3597,0.12726,0,0,0.22101
10.459,1,105.98,7.7613,2.1849,0.45037,2.3485,0.12728,0,0,0.21874
10.465,1,106.01,7.7603,2.1922,0.45164,2.3375,0.12729,0,0,0.21644
10.471,1,106.11,7.7591,2.2009,0.45352,2.3191,0.12734,0,0,0.21422
10.477,1,106.19,7.758,2.2083,0.4513,2.3196,0.12738,0,0,0.2128
10.483,1,106.25,7.7569,2.2144,0.45471,2.3185,0.12742,0,0,0.21088
10.489,1,106.33,7.7558,2.2219,0.45891,2.3032,0.12746,0,0,0.20836
10.495,1,106.41,7.7547,2.2286,0.46325,2.2998,0.12749,0,0,0.20732
10.501,1,106.46,7.7538,2.2337,0.46747,2.303,0.12743,0,0,0.20662
10.506,1,106.34,7.7527,2.2401,0.46841,2.2967,0.12745,0,0,0.20628
10.512,1,106.42,7.7517,2.247,0.47289,2.3045,0.1275,0,0,0.20604
10.519,1,106.48,7.7507,2.2526,0.47716,2.2987,0.12753,0,0,0.20603
10.525,1,106.51,7.7498,2.2564,0.48,2.3047,0.12754,0,0,0.2062
10.53,1,106.56,7.749,2.2608,0.47917,2.2953,0.12751,0,0,0.20691
10.537,1,106.5,7.7483,2.264,0.47772,2.3021,0.12743,0,0,0.20784
10.543,1,106.33,7.7477,2.2656,0.47976,2.3164,0.12736,0,0,0.20872
10.548,1,106.31,7.7472,2.2666,0.48015,2.3184,0.12738,0,0,0.20963
10.554,1,106.24,7.747,2.2628,0.47993,2.3515,0.12735,0,0,0.21041
10.561,1,106.3,7.7472,2.2533,0.47726,2.3485,0.1273,0,0,0.21152
10.566,1,106.35,7.748,2.2385,0.47292,2.3704,0.12735,0,0,0.21316
10.572,1,106.32,7.7494,2.2247,0.47209,2.42,0.12737,0,0,0.21497
10.578,1,106.35,7.7515,2.2035,0.46593,2.4793,0.12739,0,0,0.21688
10.584,1,106.13,7.7541,2.1762,0.46052,2.5173,0.12728,0,0,0.2189
10.59,1,105.97,7.7563,2.1434,0.46261,2.5253,0.12719,0,0,0.22089
10.596,1,105.83,7.7585,2.1261,0.4611,2.5058,0.12708,0,0,0.22304
10.602,1,105.71,7.7603,2.1206,0.45536,2.5074,0.12702,0,0,0.22518
10.608,1,105.72,7.7617,2.1192,0.45066,2.4877,0.12702,0,0,0.22728
10.614,1,105.79,7.7628,2.1209,0.44851,2.4726,0.12705,0,0,0.22927
10.619,1,105.81,7.764,2.1152,0.44445,2.4491,0.12707,0,0,0.2311
10.625,1,105.93,7.7646,2.1228,0.4401,2.4157,0.12713,0,0,0.23279
10.631,1,106.03,7.765,2.1281,0.43948,2.446,0.12718,0,0,0.23418
10.637,1,105.98,7.7651,2.1345,0.43978,2.4511,0.12716,0,0,0.23519
10.644,1,105.8,7.7651,2.1378,0.44074,2.4513,0.12707,0,0,0.23493
10.65,1,105.64,7.7651,2.141,0.44247,2.4486,0.12703,0,0,0.23301
10.656,1,105.63,7.7649,2.1454,0.44492,2.4275,0.12705,0,0,0.23083
10.661,1,105.68,7.7645,2.1516,0.4443,2.3921,0.12709,0,0,0.22915
10.667,1,105.76,7.7638,2.1601,0.44292,2.3668,0.12713,0,0,0.22755
10.673,1,105.85,7.763,2.1682,0.44219,2.3927,0.12717,0,0,0.22572
10.679,1,105.97,7.7621,2.1771,0.44509,2.3649,0.12723,0,0,0.2231
10.685,1,106.03,7.7611,2.186,0.44879,2.3468,0.12729,0,0,0.22093
10.691,1,106.06,7.76,2.1937,0.45167,2.3365,0.1273,0,0,0.21867
10.697,1,106.03,7.759,2.2009,0.45454,2.3287,0.12732,0,0,0.21651
10.703,1,106.13,7.7578,2.209,0.4553,2.3137,0.12736,0,0,0.21437
10.71,1,106.21,7.7567,2.2165,0.45448,2.311,0.12741,0,0,0.21288
10.716,1,106.27,7.7557,2.2224,0.45859,2.3122,0.12744,0,0,0.21106
10.722,1,106.35,7.7546,2.2291,0.46292,2.2999,0.12748,0,0,0.20854
10.728,1,106.43,7.7535,2.2361,0.46738,2.2921,0.12752,0,0,0.20717
10.734,1,106.48,7.7525,2.2414,0.47156,2.3001,0.12751,0,0,0.20643
10.739,1,106.48,7.7515,2.2473,0.47194,2.2972,0.12749,0,0,0.20597
10.746,1,106.46,7.7506,2.2527,0.47613,2.3129,0.12752,0,0,0.20578
10.751,1,106.52,7.7496,2.2578,0.48005,2.3023,0.12755,0,0,0.20575
10.758,1,106.57,7.7488,2.2617,0.47998,2.3021,0.12756,0,0,0.20607
10.764,1,106.59,7.7482,2.2638,0.47877,2.3079,0.12748,0,0,0.20689
10.769,1,106.43,7.7475,2.2662,0.47672,2.307,0.1274,0,0,0.20765
10.775,1,106.37,7.7472,2.265,0.47897,2.3326,0.12739,0,0,0.20834
10.781,1,106.32,7.7471,2.2597,0.47951,2.3581,0.12739,0,0,0.20903
10.787,1,106.25,7.7474,2.2508,0.47933,2.3622,0.12735,0,0,0.20963
10.793,1,106.3,7.7483,2.2372,0.47489,2.3877,0.1273,0,0,0.21102
10.799,1,106.24,7.7498,2.2232,0.47124,2.4223,0.12731,0,0,0.21263
10.805,1,106.23,7.7519,2.2026,0.46842,2.4893,0.12735,0,0,0.21439
10.811,1,105.99,7.7545,2.1751,0.46217,2.5593,0.12722,0,0,0.21626
10.817,1,105.96,7.7568,2.1444,0.45935,2.5611,0.12713,0,0,0.21826
10.822,1,105.81,7.759,2.1264,0.459,2.5128,0.12706,0,0,0.22031
10.828,1,105.66,7.7607,2.1152,0.45456,2.5308,0.12699,0,0,0.22233
10.834,1,105.7,7.7621,2.1166,0.44975,2.4981,0.12702,0,0,0.22448
10.84,1,105.79,7.7632,2.1172,0.446,2.4803,0.12705,0,0,0.22661
10.846,1,105.8,7.7643,2.1145,0.4439,2.4656,0.12706,0,0,0.22863
10.851,1,105.87,7.7649,2.121,0.43985,2.4461,0.1271,0,0,0.23055
10.857,1,105.94,7.7652,2.1258,0.43933,2.4547,0.12713,0,0,0.23228
10.863,1,105.98,7.7652,2.1333,0.43929,2.4366,0.12716,0,0,0.23385
10.869,1,105.82,7.7652,2.1373,0.43993,2.448,0.12708,0,0,0.23467
10.875,1,105.73,7.7652,2.1404,0.44124,2.4519,0.12707,0,0,0.23306
10.881,1,105.8,7.765,2.1445,0.44344,2.4306,0.12711,0,0,0.23121
10.887,1,105.71,7.7646,2.1505,0.44475,2.407,0.12708,0,0,0.22974
10.893,1,105.73,7.764,2.1577,0.44344,2.3776,0.12712,0,0,0.22852
10.899,1,105.83,7.7632,2.1663,0.44263,2.3603,0.12716,0,0,0.22727
10.905,1,105.95,7.7623,2.1755,0.44315,2.3525,0.12722,0,0,0.22528
10.911,1,106.06,7.7613,2.1836,0.44652,2.3535,0.12727,0,0,0.22365
10.917,1,106.17,7.7602,2.1916,0.45025,2.3371,0.12733,0,0,0.22182
10.923,1,106.13,7.7591,2.1998,0.4528,2.3241,0.12735,0,0,0.21985
10.929,1,106.14,7.758,2.2068,0.45431,2.3203,0.12733,0,0,0.21789
10.935,1,106.14,7.757,2.2134,0.45818,2.3144,0.12737,0,0,0.21595
10.941,1,106.24,7.7558,2.2213,0.45794,2.2999,0.12742,0,0,0.21398
10.947,1,106.32,7.7547,2.2282,0.46228,2.3001,0.12746,0,0,0.2128
10.953,1,106.37,7.7537,2.2334,0.46658,2.3014,0.12748,0,0,0.21092
10.959,1,106.45,7.7526,2.2403,0.47102,2.2874,0.12752,0,0,0.2083
10.965,1,106.53,7.7516,2.2455,0.47534,2.2901,0.12756,0,0,0.20725
10.971,1,106.58,7.7507,2.2506,0.47618,2.297,0.12754,0,0,0.20651
10.977,1,106.54,7.7498,2.2561,0.48018,2.2998,0.12752,0,0,0.20615
10.983,1,106.52,7.749,2.2599,0.4837,2.3121,0.12755,0,0,0.20641
10.988,1,106.57,7.7482,2.2637,0.48412,2.3067,0.12757,0,0,0.20718
10.995,1,106.61,7.7475,2.2667,0.48277,2.3064,0.12758,0,0,0.20784
11.001,1,106.63,7.7471,2.2669,0.48021,2.3125,0.1275,0,0,0.20839
11.007,1,106.44,7.7469,2.2635,0.47646,2.3232,0.12741,0,0,0.20882
11.013,1,106.39,7.747,2.2558,0.47672,2.3974,0.12742,0,0,0.20923
11.018,1,106.32,7.7476,2.2416,0.47638,2.3826,0.12738,0,0,0.20959
11.024,1,106.2,7.7489,2.2301,0.47331,2.4221,0.12731,0,0,0.21006
11.03,1,106.09,7.7507,2.2112,0.47049,2.4718,0.12728,0,0,0.21151
11.036,1,106.13,7.7531,2.187,0.46411,2.5505,0.12729,0,0,0.21314
11.042,1,105.88,7.7554,2.1572,0.45765,2.5846,0.12717,0,0,0.21491
11.048,1,105.79,7.7576,2.1343,0.45505,2.5376,0.12705,0,0,0.2168
11.054,1,105.69,7.7593,2.1275,0.45656,2.5154,0.12701,0,0,0.21879
11.059,1,105.68,7.761,2.1216,0.45249,2.5076,0.12701,0,0,0.22086
11.065,1,105.76,7.762,2.124,0.44841,2.4977,0.12704,0,0,0.22288
11.071,1,105.79,7.7634,2.1182,0.44387,2.4706,0.12706,0,0,0.22501
11.077,1,105.88,7.764,2.1246,0.44153,2.4459,0.1271,0,0,0.22713
11.083,1,105.94,7.7644,2.1298,0.43865,2.4538,0.12713,0,0,0.22916
11.089,1,105.96,7.7647,2.1343,0.43838,2.4628,0.12715,0,0,0.23097
11.095,1,105.81,7.7647,2.139,0.43854,2.4455,0.12708,0,0,0.23266
11.101,1,105.74,7.7647,2.1424,0.43933,2.4489,0.12708,0,0,0.23219
11.107,1,105.84,7.7645,2.1488,0.44112,2.4182,0.12713,0,0,0.23051
11.113,1,105.9,7.7642,2.1531,0.44337,2.4263,0.12716,0,0,0.22938
11.119,1,105.9,7.7636,2.1608,0.44303,2.3796,0.12714,0,0,0.2284
11.125,1,105.86,7.7629,2.1691,0.44218,2.3686,0.12718,0,0,0.2274
11.13,1,105.96,7.762,2.1769,0.44247,2.3494,0.12723,0,0,0.22584
11.136,1,106.09,7.761,2.1864,0.44539,2.3349,0.12729,0,0,0.22477
11.142,1,106.2,7.7599,2.1949,0.44872,2.3346,0.12734,0,0,0.22328
11.149,1,106.29,7.7589,2.2018,0.45235,2.3311,0.12738,0,0,0.22187
11.155,1,106.24,7.7578,2.2093,0.45455,2.3186,0.12741,0,0,0.22017
11.161,1,106.25,7.7566,2.2167,0.45623,2.3106,0.12738,0,0,0.21839
11.167,1,106.2,7.7556,2.2231,0.46053,2.3065,0.1274,0,0,0.21652
11.173,1,106.29,7.7544,2.2305,0.46108,2.2949,0.12744,0,0,0.21469
11.179,1,106.37,7.7533,2.2369,0.46543,2.2972,0.12748,0,0,0.21322
11.185,1,106.43,7.7523,2.2426,0.46972,2.2952,0.12751,0,0,0.21142
11.191,1,106.5,7.7513,2.2482,0.47392,2.2899,0.12755,0,0,0.20903
11.197,1,106.57,7.7503,2.2474,0.47795,2.2877,0.12759,0,0,0.20738
11.203,1,106.63,7.7494,2.2544,0.47957,2.2942,0.12761,0,0,0.2065
11.209,1,106.66,7.7487,2.2589,0.4823,2.3092,0.12753,0,0,0.20604
11.215,1,106.53,7.7479,2.2649,0.48483,2.311,0.12755,0,0,0.20654
11.221,1,106.57,7.7473,2.2673,0.48456,2.3136,0.12757,0,0,0.20723
11.227,1,106.61,7.7469,2.2653,0.48172,2.313,0.12759,0,0,0.2078
11.233,1,106.63,7.7469,2.2593,0.47724,2.3215,0.12751,0,0,0.20825
11.239,1,106.44,7.7474,2.2458,0.47223,2.3889,0.12741,0,0,0.20861
11.245,1,106.35,7.7484,2.2348,0.47069,2.43,0.12735,0,0,0.20892
11.25,1,106.06,7.75,2.2197,0.47146,2.473,0.12726,0,0,0.20926
11.256,1,105.92,7.7523,2.199,0.47189,2.5179,0.12724,0,0,0.20946
11.262,1,105.89,7.7546,2.1711,0.46582,2.54,0.12718,0,0,0.21085
11.268,1,105.93,7.7567,2.1425,0.45918,2.5594,0.12717,0,0,0.21243
11.274,1,105.74,7.7588,2.1277,0.45344,2.5608,0.12709,0,0,0.21415
11.279,1,105.57,7.7608,2.1144,0.45204,2.5411,0.12698,0,0,0.21602
11.285,1,105.62,7.762,2.1195,0.44992,2.5134,0.12698,0,0,0.21797
11.291,1,105.72,7.7631,2.119,0.44565,2.4872,0.12702,0,0,0.22002
11.297,1,105.81,7.7641,2.1178,0.44162,2.4565,0.12707,0,0,0.22214
11.303,1,105.85,7.7646,2.122,0.44064,2.4603,0.12709,0,0,0.22417
11.308,1,105.93,7.7649,2.1286,0.43939,2.434,0.12713,0,0,0.22632
11.315,1,105.98,7.7649,2.135,0.43695,2.4509,0.12715,0,0,0.22844
11.321,1,105.87,7.765,2.1369,0.43712,2.4624,0.1271,0,0,0.2303
11.326,1,105.76,7.7648,2.142,0.43834,2.4355,0.12709,0,0,0.23177
11.332,1,105.86,7.7645,2.1485,0.44006,2.4117,0.12714,0,0,0.23046
11.338,1,105.93,7.764,2.1542,0.44223,2.3887,0.12717,0,0,0.22907
11.344,1,106,7.7634,2.1617,0.44433,2.3909,0.12722,0,0,0.22823
11.35,1,106.09,7.7626,2.1699,0.44351,2.3726,0.12725,0,0,0.22754
11.356,1,106,7.7617,2.1786,0.44374,2.3518,0.12723,0,0,0.22645
11.362,1,106.05,7.7607,2.186,0.44681,2.3435,0.12727,0,0,0.22536
11.368,1,106.15,7.7597,2.194,0.45023,2.3282,0.12733,0,0,0.2246
11.374,1,106.27,7.7585,2.2029,0.45403,2.3199,0.12738,0,0,0.2235
11.38,1,106.37,7.7573,2.2107,0.4581,2.3153,0.12743,0,0,0.2222
11.386,1,106.31,7.7563,2.2171,0.45974,2.3151,0.12746,0,0,0.22075
11.392,1,106.36,7.7552,2.2239,0.46087,2.3043,0.12743,0,0,0.21912
11.398,1,106.24,7.7541,2.2304,0.46473,2.2991,0.12741,0,0,0.21741
11.404,1,106.31,7.753,2.2366,0.46563,2.2935,0.12745,0,0,0.21576
11.41,1,106.39,7.752,2.2431,0.47018,2.2901,0.12749,0,0,0.21436
11.416,1,106.46,7.751,2.2487,0.47461,2.2904,0.12752,0,0,0.21257
11.422,1,106.52,7.7501,2.253,0.47871,2.2953,0.12755,0,0,0.21061
11.428,1,106.59,7.7492,2.2465,0.48254,2.2945,0.12759,0,0,0.20802
11.434,1,106.65,7.7484,2.253,0.48455,2.3029,0.12762,0,0,0.20712
11.44,1,106.69,7.7477,2.2582,0.48359,2.3174,0.12763,0,0,0.20627
11.447,1,106.71,7.7473,2.2634,0.48394,2.3437,0.12755,0,0,0.20683
11.452,1,106.56,7.7471,2.2588,0.48166,2.339,0.12757,0,0,0.20747
11.458,1,106.6,7.7473,2.2503,0.47719,2.3323,0.12752,0,0,0.20806
11.464,1,106.42,7.7479,2.245,0.47162,2.3533,0.12737,0,0,0.2085
11.47,1,106.16,7.7491,2.2401,0.46763,2.4132,0.12725,0,0,0.20885
11.476,1,106.06,7.7508,2.2279,0.46692,2.437,0.12722,0,0,0.20907
11.482,1,105.93,7.7527,2.2097,0.46987,2.4924,0.12724,0,0,0.20928
11.487,1,105.89,7.7546,2.1864,0.46885,2.5677,0.12717,0,0,0.20936
11.493,1,105.74,7.7565,2.1574,0.46379,2.5573,0.12713,0,0,0.2102
11.499,1,105.82,7.7589,2.1266,0.45782,2.556,0.12708,0,0,0.21165
11.505,1,105.78,7.7609,2.1161,0.45253,2.5614,0.12702,0,0,0.2133
11.511,1,105.63,7.762,2.1212,0.45057,2.514,0.12701,0,0,0.21505
11.517,1,105.71,7.7629,2.1244,0.44842,2.4812,0.12701,0,0,0.21692
11.523,1,105.76,7.7641,2.119,0.44409,2.4539,0.12704,0,0,0.21891
11.529,1,105.85,7.7647,2.1253,0.44048,2.439,0.12709,0,0,0.22102
11.535,1,105.9,7.7651,2.1291,0.43902,2.4425,0.12711,0,0,0.22313
11.541,1,105.91,7.7653,2.1322,0.43905,2.4529,0.12712,0,0,0.22514
11.546,1,105.96,7.7653,2.1372,0.43732,2.4452,0.12714,0,0,0.22723
11.552,1,105.94,7.7652,2.1422,0.4378,2.4336,0.12714,0,0,0.22918
11.558,1,105.86,7.7649,2.1489,0.43964,2.4076,0.12714,0,0,0.23106
11.564,1,105.94,7.7645,2.1544,0.44191,2.3914,0.12717,0,0,0.2305
11.57,1,106,7.7639,2.1611,0.44462,2.3638,0.12723,0,0,0.22916
11.576,1,106.1,7.7632,2.1694,0.44716,2.3521,0.12727,0,0,0.2284
11.582,1,106.21,7.7623,2.1779,0.4466,2.3548,0.12733,0,0,0.22782
11.588,1,106.24,7.7614,2.1858,0.4476,2.3431,0.12731,0,0,0.22696
11.593,1,106.17,7.7604,2.1931,0.451,2.3333,0.12734,0,0,0.22578
11.599,1,106.28,7.7593,2.2015,0.45472,2.318,0.12739,0,0,0.22506
11.605,1,106.37,7.7582,2.2084,0.45863,2.321,0.12743,0,0,0.22428
11.611,1,106.47,7.757,2.2162,0.46279,2.3098,0.12748,0,0,0.22322
11.617,1,106.45,7.7559,2.2237,0.46324,2.304,0.12752,0,0,0.22187
11.624,1,106.49,7.7548,2.2296,0.46314,2.3042,0.12751,0,0,0.22038
11.63,1,106.4,7.7537,2.2359,0.46729,2.2958,0.12745,0,0,0.21873
11.636,1,106.36,7.7527,2.2418,0.46717,2.2913,0.12747,0,0,0.21706
11.642,1,106.44,7.7517,2.2478,0.47133,2.2838,0.12751,0,0,0.21554
11.648,1,106.52,7.7507,2.2529,0.47566,2.2873,0.12755,0,0,0.21341
11.654,1,106.56,7.7499,2.257,0.47957,2.2945,0.12758,0,0,0.21164
11.66,1,106.61,7.7491,2.2577,0.48302,2.3005,0.1276,0,0,0.20942
11.666,1,106.67,7.7483,2.2522,0.48582,2.2998,0.12763,0,0,0.20755
11.672,1,106.71,7.7477,2.258,0.48526,2.3188,0.12765,0,0,0.20668
11.678,1,106.73,7.7475,2.2614,0.48435,2.3526,0.12765,0,0,0.20656
11.684,1,106.71,7.7476,2.2535,0.48217,2.3852,0.12757,0,0,0.20715
11.69,1,106.55,7.7481,2.2443,0.4774,2.406,0.12751,0,0,0.20768
11.696,1,106.31,7.7492,2.2367,0.47189,2.4209,0.12737,0,0,0.20813
11.702,1,106.16,7.7508,2.2223,0.46602,2.438,0.12727,0,0,0.20842
11.707,1,105.86,7.753,2.2007,0.46381,2.4782,0.12715,0,0,0.20862
11.713,1,105.81,7.7551,2.1728,0.46209,2.5632,0.12711,0,0,0.20875
11.719,1,105.81,7.757,2.1404,0.46012,2.5833,0.12711,0,0,0.20877
11.725,1,105.65,7.7593,2.1236,0.45465,2.5874,0.12704,0,0,0.20937
11.731,1,105.64,7.7612,2.1151,0.44997,2.5537,0.12693,0,0,0.21074
11.736,1,105.75,7.7623,2.1212,0.4477,2.5444,0.12699,0,0,0.21228
11.742,1,105.6,7.7633,2.1219,0.44836,2.517,0.12699,0,0,0.21397
11.748,1,105.72,7.7644,2.1184,0.4442,2.4659,0.12703,0,0,0.21581
11.754,1,105.8,7.765,2.1238,0.44045,2.4561,0.12706,0,0,0.21775
11.76,1,105.89,7.7653,2.1293,0.4372,2.4362,0.12711,0,0,0.21984
11.766,1,105.92,7.7655,2.1338,0.4368,2.4478,0.12712,0,0,0.22194
11.772,1,105.97,7.7655,2.1378,0.43729,2.4478,0.12715,0,0,0.22408
11.778,1,106.01,7.7654,2.1421,0.43689,2.4528,0.12716,0,0,0.22611
11.784,1,105.92,7.7651,2.1473,0.43836,2.4323,0.12713,0,0,0.22811
11.789,1,105.93,7.7647,2.1535,0.44027,2.3933,0.12717,0,0,0.23007
11.795,1,106.01,7.7641,2.1612,0.44258,2.3731,0.12722,0,0,0.22912
11.801,1,106.1,7.7633,2.1694,0.44531,2.3547,0.12727,0,0,0.22811
11.807,1,106.2,7.7624,2.1773,0.44768,2.3425,0.12731,0,0,0.22752
11.813,1,106.3,7.7615,2.1858,0.44752,2.3276,0.12736,0,0,0.22702
11.819,1,106.4,7.7604,2.1939,0.45093,2.328,0.12739,0,0,0.22613
11.825,1,106.38,7.7594,2.2007,0.45456,2.3255,0.12736,0,0,0.22527
11.83,1,106.36,7.7582,2.2089,0.45852,2.3088,0.12742,0,0,0.22463
11.837,1,106.45,7.7571,2.2164,0.46264,2.3086,0.12746,0,0,0.22392
11.843,1,106.53,7.756,2.2227,0.46679,2.3131,0.1275,0,0,0.22313
11.849,1,106.55,7.7549,2.2298,0.47037,2.3019,0.12754,0,0,0.22196
11.855,1,106.54,7.7537,2.2367,0.46943,2.296,0.12754,0,0,0.22054
11.861,1,106.43,7.7527,2.2426,0.47166,2.2933,0.12747,0,0,0.21891
11.867,1,106.36,7.7518,2.2472,0.47059,2.2936,0.12748,0,0,0.21736
11.873,1,106.44,7.7508,2.2525,0.47424,2.2844,0.12752,0,0,0.21592
11.879,1,106.51,7.7499,2.2527,0.47836,2.2878,0.12756,0,0,0.21421
11.885,1,106.57,7.7491,2.2567,0.48205,2.2944,0.12759,0,0,0.21233
11.891,1,106.61,7.7484,2.258,0.4852,2.3029,0.12761,0,0,0.21038
11.897,1,106.67,7.7478,2.2505,0.4866,2.3045,0.12764,0,0,0.20789
11.903,1,106.7,7.7476,2.2559,0.48579,2.3267,0.12766,0,0,0.20698
11.909,1,106.7,7.7477,2.2522,0.48356,2.3653,0.12761,0,0,0.2069
11.916,1,106.57,7.7483,2.2453,0.47903,2.3929,0.12757,0,0,0.20745
11.922,1,106.57,7.7495,2.2398,0.47369,2.435,0.12751,0,0,0.2079
11.928,1,106.38,7.7511,2.2267,0.46842,2.4497,0.12733,0,0,0.20832
11.933,1,106.1,7.7531,2.2086,0.46507,2.466,0.12722,0,0,0.20859
11.939,1,105.74,7.7549,2.1841,0.46189,2.5115,0.12711,0,0,0.20876
11.945,1,105.74,7.7568,2.1534,0.45929,2.5399,0.12708,0,0,0.20884
11.951,1,105.77,7.7592,2.1239,0.45733,2.6016,0.12707,0,0,0.20881
11.957,1,105.56,7.7611,2.1173,0.45235,2.6337,0.12699,0,0,0.20903
11.962,1,105.6,7.7622,2.1231,0.44809,2.5521,0.12691,0,0,0.21037
11.968,1,105.71,7.763,2.127,0.44619,2.5379,0.12696,0,0,0.21186
11.974,1,105.65,7.7642,2.1216,0.44665,2.485,0.12699,0,0,0.21353
11.98,1,105.76,7.7648,2.127,0.44318,2.4546,0.12704,0,0,0.21535
11.986,1,105.84,7.7652,2.1308,0.43989,2.4446,0.12708,0,0,0.21727
11.992,1,105.91,7.7653,2.1365,0.43657,2.4338,0.12712,0,0,0.21935
11.998,1,105.95,7.7654,2.1398,0.43609,2.438,0.12713,0,0,0.22147
12.004,1,106.01,7.7653,2.1445,0.43703,2.4311,0.12716,0,0,0.22362
12.01,1,106.08,7.765,2.1502,0.43794,2.4388,0.1272,0,0,0.22583
12.016,1,106.02,7.7647,2.1546,0.43961,2.4356,0.12717,0,0,0.22788
12.021,1,106,7.764,2.164,0.44172,2.3845,0.12719,0,0,0.22994
12.027,1,106.11,7.7632,2.1728,0.44424,2.3652,0.12725,0,0,0.22949
12.033,1,106.22,7.7623,2.1816,0.44716,2.3457,0.1273,0,0,0.22826
12.04,1,106.31,7.7613,2.189,0.44846,2.339,0.12735,0,0,0.22767
12.046,1,106.41,7.7603,2.1967,0.44884,2.3261,0.1274,0,0,0.22725
12.051,1,106.5,7.7593,2.2042,0.4524,2.3177,0.12744,0,0,0.22648
12.057,1,106.55,7.7582,2.2111,0.45618,2.3167,0.12744,0,0,0.22557
12.063,1,106.51,7.757,2.2188,0.46024,2.3075,0.12745,0,0,0.22499
12.069,1,106.58,7.7559,2.2262,0.46446,2.3019,0.12749,0,0,0.22429
12.076,1,106.56,7.7548,2.2328,0.4687,2.3066,0.12753,0,0,0.2236
12.082,1,106.54,7.7537,2.2387,0.47284,2.3034,0.12755,0,0,0.22206
12.088,1,106.62,7.7527,2.2449,0.47318,2.2938,0.12758,0,0,0.22031
12.094,1,106.58,7.7517,2.2501,0.47441,2.2922,0.12757,0,0,0.21846
12.1,1,106.44,7.7508,2.2547,0.47463,2.2886,0.12752,0,0,0.21674
12.106,1,106.45,7.75,2.2585,0.47593,2.2898,0.12755,0,0,0.21574
12.112,1,106.52,7.7492,2.2621,0.47948,2.2869,0.12758,0,0,0.21522
12.118,1,106.57,7.7485,2.2618,0.48237,2.2929,0.1276,0,0,0.21292
12.123,1,106.62,7.748,2.2653,0.48464,2.2952,0.12763,0,0,0.21072
12.129,1,106.66,7.7478,2.2611,0.48584,2.3029,0.12765,0,0,0.20925
12.135,1,106.7,7.7479,2.2527,0.4836,2.3149,0.12761,0,0,0.20761
12.142,1,106.56,7.7487,2.2384,0.48356,2.36,0.12755,0,0,0.20707
12.148,1,106.57,7.7502,2.2272,0.48138,2.4312,0.12752,0,0,0.20761
12.154,1,106.42,7.7523,2.2082,0.47657,2.4488,0.12745,0,0,0.20813
12.16,1,106.25,7.7549,2.1831,0.47081,2.4851,0.12736,0,0,0.2085
12.166,1,106.1,7.7572,2.1532,0.46681,2.5372,0.12728,0,0,0.2088
12.171,1,105.85,7.7593,2.1386,0.46108,2.5042,0.1271,0,0,0.20898
12.177,1,105.62,7.761,2.1192,0.45542,2.5726,0.12699,0,0,0.20916
12.183,1,105.66,7.7624,2.1157,0.45246,2.5875,0.12699,0,0,0.20915
12.189,1,105.67,7.7636,2.1158,0.44835,2.5571,0.12701,0,0,0.20942
12.194,1,105.5,7.7647,2.1129,0.4457,2.5385,0.12695,0,0,0.21072
12.2,1,105.63,7.7652,2.1202,0.44339,2.5514,0.12696,0,0,0.21221
12.206,1,105.65,7.7655,2.1254,0.44298,2.5218,0.12697,0,0,0.21386
12.212,1,105.75,7.7656,2.1315,0.44081,2.4691,0.12703,0,0,0.21566
12.218,1,105.82,7.7656,2.1353,0.43773,2.4544,0.12707,0,0,0.21758
12.224,1,105.9,7.7654,2.14,0.43529,2.4336,0.12711,0,0,0.21965
12.23,1,105.98,7.7652,2.1442,0.4359,2.4336,0.12715,0,0,0.22175
12.236,1,106.07,7.7648,2.15,0.43699,2.4335,0.12719,0,0,0.22391
12.242,1,106.14,7.7641,2.1578,0.43657,2.4288,0.12721,0,0,0.22605
12.248,1,106.05,7.7633,2.1663,0.43778,2.4136,0.12716,0,0,0.22813
12.254,1,106.06,7.7626,2.1731,0.43953,2.4011,0.1272,0,0,0.22938
12.26,1,106.19,7.7615,2.1828,0.44174,2.3572,0.12726,0,0,0.22824
12.266,1,106.31,7.7604,2.1915,0.44435,2.3457,0.12732,0,0,0.22719
12.272,1,106.4,7.7594,2.1984,0.44698,2.3389,0.12736,0,0,0.22665
12.278,1,106.49,7.7583,2.2058,0.4505,2.3264,0.12741,0,0,0.22625
12.284,1,106.58,7.7572,2.2132,0.45426,2.3169,0.12745,0,0,0.2254
12.29,1,106.63,7.7561,2.2197,0.45806,2.3131,0.12748,0,0,0.22474
12.296,1,106.66,7.7549,2.2271,0.46213,2.3024,0.1275,0,0,0.22416
12.302,1,106.66,7.7538,2.2342,0.46634,2.3025,0.12755,0,0,0.22353
12.308,1,106.69,7.7527,2.2406,0.47056,2.3033,0.12758,0,0,0.22274
12.314,1,106.65,7.7517,2.2464,0.47472,2.299,0.1276,0,0,0.22163
12.321,1,106.64,7.7508,2.2515,0.47783,2.2958,0.12758,0,0,0.22031
12.327,1,106.49,7.7499,2.256,0.47679,2.2922,0.12751,0,0,0.21881
12.333,1,106.44,7.7491,2.2595,0.47509,2.2936,0.12753,0,0,0.21731
12.338,1,106.51,7.7484,2.2629,0.47726,2.2925,0.12756,0,0,0.21591
12.344,1,106.56,7.7478,2.2577,0.48028,2.2953,0.12759,0,0,0.21425
12.35,1,106.6,7.7474,2.2605,0.48276,2.2996,0.12761,0,0,0.21238
12.356,1,106.64,7.7473,2.2597,0.48432,2.3059,0.12762,0,0,0.21034
12.362,1,106.64,7.7475,2.246,0.48255,2.3236,0.12758,0,0,0.208
12.368,1,106.5,7.7484,2.2399,0.48169,2.3591,0.12753,0,0,0.20707
12.374,1,106.45,7.7499,2.2313,0.48054,2.3862,0.12753,0,0,0.20726
12.38,1,106.25,7.7521,2.2145,0.47555,2.4168,0.12741,0,0,0.20778
12.386,1,106.11,7.7545,2.1915,0.46973,2.4511,0.12723,0,0,0.2082
12.392,1,105.93,7.7567,2.1621,0.46406,2.4909,0.12715,0,0,0.20854
12.398,1,105.89,7.759,2.1409,0.46308,2.5121,0.12717,0,0,0.20875
12.404,1,105.7,7.7609,2.119,0.45908,2.5525,0.12707,0,0,0.20889
12.41,1,105.58,7.7622,2.1183,0.455,2.5418,0.12707,0,0,0.20897
12.416,1,105.59,7.7632,2.12,0.45373,2.5557,0.12695,0,0,0.20888
12.421,1,105.61,7.7644,2.116,0.45016,2.5298,0.12701,0,0,0.20911
12.427,1,105.71,7.765,2.1217,0.44617,2.536,0.12699,0,0,0.21043
12.433,1,105.61,7.7653,2.1278,0.44337,2.507,0.12696,0,0,0.21197
12.439,1,105.65,7.7655,2.1332,0.44369,2.472,0.12695,0,0,0.21365
12.445,1,105.73,7.7655,2.1368,0.44088,2.461,0.12697,0,0,0.21547
12.451,1,105.82,7.7655,2.1405,0.43806,2.4511,0.12704,0,0,0.21742
12.457,1,105.91,7.7653,2.1446,0.43634,2.4543,0.12709,0,0,0.21945
12.463,1,106.01,7.7649,2.1504,0.43709,2.4338,0.12713,0,0,0.22157
12.469,1,106.1,7.7643,2.1592,0.43767,2.4187,0.12717,0,0,0.22374
12.475,1,106.19,7.7635,2.1684,0.43639,2.3974,0.1272,0,0,0.22595
12.481,1,106.06,7.7626,2.1765,0.43811,2.3895,0.12719,0,0,0.22804
12.487,1,106.12,7.7617,2.1837,0.44056,2.3686,0.12723,0,0,0.22999
12.492,1,106.21,7.7608,2.1905,0.44339,2.3549,0.12726,0,0,0.22906
12.498,1,106.33,7.7596,2.1993,0.44663,2.3286,0.12732,0,0,0.22805
12.504,1,106.42,7.7586,2.2062,0.44855,2.328,0.12736,0,0,0.22756
12.51,1,106.52,7.7575,2.2133,0.45134,2.3165,0.12741,0,0,0.22715
12.516,1,106.61,7.7564,2.2206,0.4552,2.3081,0.12746,0,0,0.22636
12.522,1,106.66,7.7554,2.2268,0.45923,2.3059,0.1275,0,0,0.22584
12.528,1,106.72,7.7542,2.234,0.46351,2.2972,0.12754,0,0,0.22552
12.534,1,106.76,7.7531,2.2408,0.46789,2.2994,0.12758,0,0,0.22476
12.54,1,106.78,7.752,2.2469,0.47221,2.3053,0.12762,0,0,0.22382
12.546,1,106.74,7.751,2.2525,0.47636,2.3006,0.12764,0,0,0.22285
12.553,1,106.79,7.7501,2.2571,0.47765,2.2959,0.12767,0,0,0.22142
12.559,1,106.66,7.7493,2.2607,0.47878,2.2948,0.1276,0,0,0.2197
12.565,1,106.5,7.7486,2.2632,0.4797,2.2979,0.12755,0,0,0.21799
12.571,1,106.51,7.748,2.2656,0.47819,2.2984,0.12757,0,0,0.21649
12.577,1,106.57,7.7474,2.267,0.48165,2.2961,0.1276,0,0,0.21525
12.583,1,106.61,7.7473,2.262,0.48254,2.308,0.12762,0,0,0.21298
12.589,1,106.64,7.7476,2.2503,0.48243,2.3342,0.12758,0,0,0.21109
12.595,1,106.51,7.7485,2.2348,0.47968,2.3593,0.12752,0,0,0.20896
12.6,1,106.47,7.7501,2.2237,0.47948,2.3916,0.12746,0,0,0.20744
12.607,1,106.23,7.7523,2.2047,0.47533,2.4465,0.12739,0,0,0.20696
12.612,1,106.01,7.7551,2.179,0.46956,2.4553,0.12725,0,0,0.20747
12.618,1,105.84,7.7576,2.1549,0.46335,2.4524,0.12717,0,0,0.20789
12.624,1,105.86,7.7595,2.144,0.46115,2.4457,0.12714,0,0,0.20822
12.63,1,105.69,7.761,2.1261,0.45921,2.4846,0.12707,0,0,0.20842
12.636,1,105.53,7.7625,2.1172,0.45386,2.5077,0.12707,0,0,0.20852
12.642,1,105.57,7.7638,2.1128,0.45146,2.5235,0.12708,0,0,0.20857
12.648,1,105.56,7.7647,2.1157,0.45024,2.5401,0.12703,0,0,0.20841
12.653,1,105.58,7.7652,2.1215,0.448,2.4994,0.12699,0,0,0.20852
12.659,1,105.67,7.7654,2.1275,0.44472,2.5063,0.12698,0,0,0.20974
12.665,1,105.71,7.7655,2.1329,0.44394,2.4722,0.12701,0,0,0.21113
12.671,1,105.58,7.7655,2.137,0.4443,2.4574,0.12697,0,0,0.21272
12.677,1,105.67,7.7654,2.1406,0.44267,2.4489,0.12701,0,0,0.21445
12.683,1,105.79,7.7651,2.145,0.43944,2.4541,0.12704,0,0,0.2163
12.689,1,105.91,7.7647,2.1516,0.43749,2.4385,0.12707,0,0,0.21829
12.695,1,106.01,7.764,2.1598,0.43808,2.4116,0.1271,0,0,0.22035
12.701,1,106.1,7.7632,2.1687,0.4384,2.4015,0.12715,0,0,0.22249
12.707,1,106.16,7.7623,2.177,0.4384,2.3916,0.12719,0,0,0.22461
12.712,1,106.11,7.7612,2.1858,0.4408,2.3589,0.12722,0,0,0.22674
12.719,1,106.17,7.7602,2.1932,0.44363,2.3515,0.12727,0,0,0.22874
12.725,1,106.24,7.7593,2.1994,0.44678,2.343,0.12731,0,0,0.22848
12.73,1,106.33,7.7583,2.206,0.45023,2.331,0.12735,0,0,0.22753
12.736,1,106.44,7.7572,2.2135,0.45046,2.3157,0.1274,0,0,0.22703
12.741,1,106.54,7.7561,2.221,0.45419,2.3067,0.12744,0,0,0.22666
12.747,1,106.63,7.7551,2.2276,0.45813,2.3028,0.12748,0,0,0.22599
12.753,1,106.7,7.7539,2.2346,0.46231,2.2955,0.12751,0,0,0.22502
12.76,1,106.76,7.7529,2.2411,0.46658,2.2989,0.12754,0,0,0.22488
12.766,1,106.82,7.7518,2.2472,0.47083,2.3038,0.12758,0,0,0.22433
12.772,1,106.81,7.7508,2.2528,0.47491,2.3091,0.12762,0,0,0.22324
12.778,1,106.81,7.7499,2.2574,0.47866,2.3039,0.12764,0,0,0.22221
12.784,1,106.78,7.7491,2.2612,0.47855,2.2979,0.12765,0,0,0.22099
12.791,1,106.64,7.7484,2.264,0.47653,2.299,0.12758,0,0,0.21951
12.797,1,106.48,7.7478,2.2658,0.47951,2.3044,0.12755,0,0,0.21787
12.803,1,106.53,7.7474,2.2653,0.47803,2.304,0.12757,0,0,0.21641
12.809,1,106.58,7.7472,2.2608,0.47961,2.3096,0.1276,0,0,0.21444
12.815,1,106.57,7.7477,2.2471,0.47957,2.3687,0.12755,0,0,0.21245
12.821,1,106.44,7.7488,2.2329,0.47788,2.4068,0.12748,0,0,0.21056
12.827,1,106.32,7.7506,2.2216,0.47675,2.4402,0.12744,0,0,0.20824
12.833,1,106.02,7.753,2.203,0.47182,2.4737,0.12729,0,0,0.20705
12.839,1,105.84,7.7557,2.1774,0.46582,2.5052,0.12712,0,0,0.20671
12.845,1,105.75,7.7582,2.1549,0.45911,2.4546,0.12707,0,0,0.20717
12.851,1,105.83,7.76,2.1422,0.45591,2.4483,0.12711,0,0,0.20754
12.857,1,105.66,7.7615,2.121,0.45594,2.442,0.12706,0,0,0.20782
12.863,1,105.51,7.7628,2.1173,0.45242,2.4464,0.12704,0,0,0.20799
12.868,1,105.55,7.7642,2.1117,0.45013,2.4814,0.12707,0,0,0.20803
12.874,1,105.62,7.765,2.1175,0.44853,2.5079,0.12708,0,0,0.20787
12.88,1,105.67,7.7654,2.1217,0.44731,2.5007,0.12707,0,0,0.20753
12.886,1,105.59,7.7656,2.1289,0.44649,2.4781,0.12703,0,0,0.20854
12.892,1,105.68,7.7656,2.1343,0.44613,2.4599,0.12699,0,0,0.20982
12.898,1,105.66,7.7656,2.1372,0.44548,2.4546,0.127,0,0,0.21128
12.904,1,105.64,7.7656,2.14,0.44695,2.4531,0.127,0,0,0.2129
12.909,1,105.67,7.7653,2.1449,0.4432,2.4484,0.12703,0,0,0.2147
12.915,1,105.74,7.7648,2.1527,0.43979,2.4307,0.12705,0,0,0.21661
12.921,1,105.83,7.7641,2.1614,0.43923,2.3962,0.12709,0,0,0.21862
12.927,1,105.95,7.7633,2.1699,0.43981,2.3734,0.12714,0,0,0.22071
12.933,1,106.05,7.7623,2.1788,0.43977,2.3818,0.12719,0,0,0.22288
12.939,1,106.14,7.7612,2.1875,0.44245,2.3572,0.12724,0,0,0.22507
12.945,1,106.19,7.7601,2.1954,0.44556,2.3445,0.12728,0,0,0.22721
12.952,1,106.26,7.7591,2.2023,0.44901,2.3359,0.12732,0,0,0.22921
12.958,1,106.31,7.7581,2.2085,0.4527,2.3308,0.12735,0,0,0.22862
12.963,1,106.39,7.757,2.2159,0.4535,2.3153,0.12739,0,0,0.22772
12.969,1,106.47,7.7561,2.2216,0.45633,2.3163,0.12742,0,0,0.22729
12.975,1,106.56,7.755,2.2287,0.4604,2.2997,0.12746,0,0,0.22684
12.98,1,106.64,7.7539,2.2353,0.46459,2.295,0.12749,0,0,0.22602
12.986,1,106.73,7.7528,2.2421,0.46891,2.2898,0.12753,0,0,0.22565
12.993,1,106.82,7.7518,2.2484,0.47317,2.2979,0.12757,0,0,0.22559
12.999,1,106.88,7.7508,2.2536,0.47723,2.306,0.1276,0,0,0.2251
13.005,1,106.9,7.7499,2.258,0.48095,2.306,0.12764,0,0,0.22408
13.011,1,106.83,7.7491,2.2615,0.48252,2.3058,0.12767,0,0,0.22237
13.018,1,106.71,7.7484,2.2641,0.47936,2.2999,0.12763,0,0,0.2204
13.024,1,106.55,7.7478,2.2662,0.47548,2.3046,0.12757,0,0,0.21876
13.03,1,106.49,7.7474,2.2654,0.47744,2.3085,0.12756,0,0,0.21718
13.036,1,106.53,7.7475,2.2569,0.48104,2.3346,0.12756,0,0,0.21578
13.042,1,106.54,7.7482,2.2417,0.47895,2.3486,0.12753,0,0,0.21478
13.048,1,106.43,7.7495,2.2275,0.47675,2.3696,0.12745,0,0,0.21275
13.054,1,106.24,7.7515,2.2091,0.47459,2.4102,0.12736,0,0,0.21092
13.059,1,106.04,7.7542,2.187,0.47203,2.4893,0.12727,0,0,0.20854
13.065,1,105.92,7.7571,2.1644,0.46601,2.541,0.12721,0,0,0.20747
13.071,1,105.75,7.7594,2.1501,0.46003,2.5375,0.12713,0,0,0.20772
13.077,1,105.73,7.7609,2.1376,0.45647,2.4873,0.12706,0,0,0.20791
13.083,1,105.54,7.7623,2.1179,0.45604,2.4615,0.127,0,0,0.2081
13.089,1,105.46,7.7639,2.1079,0.45259,2.4403,0.12702,0,0,0.20814
13.095,1,105.51,7.7649,2.1091,0.4495,2.444,0.12704,0,0,0.20813
13.101,1,105.58,7.7655,2.1149,0.44742,2.4496,0.12706,0,0,0.20798
13.107,1,105.65,7.7658,2.1222,0.44535,2.477,0.12708,0,0,0.20752
13.113,1,105.7,7.7659,2.1277,0.44425,2.4632,0.12708,0,0,0.20712
13.119,1,105.62,7.7659,2.1328,0.44442,2.4645,0.12704,0,0,0.20811
13.124,1,105.69,7.7658,2.1359,0.44622,2.4608,0.12705,0,0,0.20932
13.13,1,105.67,7.7656,2.1385,0.44555,2.4543,0.127,0,0,0.21071
13.136,1,105.62,7.7653,2.1442,0.44606,2.4419,0.12703,0,0,0.21231
13.142,1,105.69,7.7648,2.1511,0.44566,2.4323,0.12703,0,0,0.214
13.148,1,105.75,7.764,2.1603,0.44147,2.3987,0.12708,0,0,0.21586
13.154,1,105.85,7.7631,2.1691,0.44159,2.3711,0.12712,0,0,0.21783
13.159,1,105.94,7.7622,2.1771,0.44078,2.3633,0.12716,0,0,0.21985
13.165,1,106.05,7.761,2.1864,0.44199,2.3563,0.12722,0,0,0.22203
13.171,1,106.13,7.7599,2.1948,0.44502,2.3454,0.12727,0,0,0.22423
13.178,1,106.19,7.7588,2.2022,0.44843,2.3339,0.12728,0,0,0.22637
13.184,1,106.24,7.7577,2.209,0.45214,2.3285,0.12732,0,0,0.2284
13.19,1,106.29,7.7567,2.2149,0.45508,2.3236,0.12735,0,0,0.22885
13.195,1,106.38,7.7555,2.2226,0.45474,2.3061,0.1274,0,0,0.22783
13.202,1,106.45,7.7545,2.2287,0.45875,2.3056,0.12743,0,0,0.22736
13.207,1,106.53,7.7536,2.2344,0.46287,2.2997,0.12746,0,0,0.22698
13.213,1,106.62,7.7525,2.2411,0.46714,2.2884,0.12749,0,0,0.22616
13.219,1,106.71,7.7515,2.2475,0.47141,2.2885,0.12754,0,0,0.22533
13.225,1,106.81,7.7505,2.253,0.47549,2.2984,0.12758,0,0,0.22548
13.232,1,106.87,7.7497,2.2575,0.47922,2.3045,0.12761,0,0,0.22529
13.238,1,106.9,7.7489,2.2611,0.48244,2.3065,0.12764,0,0,0.22468
13.244,1,106.89,7.7482,2.2639,0.48388,2.3037,0.12767,0,0,0.22343
13.25,1,106.85,7.7476,2.266,0.48011,2.3053,0.12764,0,0,0.22163
13.257,1,106.71,7.7472,2.2653,0.4761,2.3043,0.12759,0,0,0.21996
13.263,1,106.55,7.7473,2.2584,0.47607,2.3201,0.12755,0,0,0.21861
13.269,1,106.49,7.7478,2.2442,0.47805,2.3836,0.12751,0,0,0.21721
13.275,1,106.36,7.749,2.2319,0.47808,2.4118,0.12744,0,0,0.2155
13.281,1,106.31,7.7509,2.2195,0.47634,2.4519,0.12742,0,0,0.21325
13.286,1,105.99,7.7533,2.1997,0.47134,2.5013,0.12728,0,0,0.21147
13.292,1,105.71,7.7561,2.1739,0.46521,2.5718,0.12708,0,0,0.20923
13.298,1,105.61,7.7586,2.1531,0.45994,2.5785,0.127,0,0,0.2076
13.304,1,105.7,7.7602,2.1409,0.45502,2.5369,0.12703,0,0,0.20749
13.31,1,105.58,7.7617,2.1213,0.45356,2.4969,0.12701,0,0,0.2076
13.316,1,105.45,7.763,2.1184,0.45426,2.4655,0.12698,0,0,0.2077
13.322,1,105.51,7.7644,2.113,0.45084,2.4461,0.12702,0,0,0.20766
13.328,1,105.59,7.765,2.1189,0.44828,2.4427,0.12705,0,0,0.20755
13.334,1,105.65,7.7655,2.1245,0.44585,2.4433,0.12707,0,0,0.20711
13.34,1,105.71,7.7657,2.1307,0.44407,2.4606,0.12709,0,0,0.20654
13.346,1,105.74,7.7658,2.1343,0.44321,2.4684,0.12707,0,0,0.20715
13.352,1,105.59,7.7658,2.1378,0.444,2.4521,0.12705,0,0,0.20812
13.357,1,105.61,7.7657,2.1403,0.44559,2.4576,0.12701,0,0,0.20929
13.363,1,105.69,7.7655,2.145,0.44531,2.4508,0.12701,0,0,0.21066
13.369,1,105.72,7.7649,2.1547,0.44581,2.4133,0.12705,0,0,0.21222
13.375,1,105.78,7.7642,2.1626,0.44771,2.3887,0.12709,0,0,0.2139
13.381,1,105.77,7.7633,2.1715,0.44347,2.3649,0.12713,0,0,0.21573
13.387,1,105.88,7.7624,2.1801,0.44102,2.3469,0.12718,0,0,0.21769
13.393,1,106,7.7613,2.1889,0.44283,2.3494,0.12724,0,0,0.21978
13.399,1,106.1,7.7602,2.197,0.44597,2.3412,0.12729,0,0,0.22193
13.405,1,106.18,7.7591,2.2047,0.4495,2.3302,0.12729,0,0,0.2241
13.411,1,106.16,7.758,2.2118,0.45335,2.3234,0.12729,0,0,0.22622
13.418,1,106.2,7.7569,2.2183,0.4574,2.3183,0.12733,0,0,0.22822
13.423,1,106.26,7.7559,2.2239,0.45829,2.315,0.12736,0,0,0.22807
13.429,1,106.34,7.7548,2.2311,0.46073,2.2978,0.12741,0,0,0.22714
13.435,1,106.43,7.7538,2.2373,0.46496,2.296,0.12744,0,0,0.22663
13.441,1,106.5,7.7529,2.2423,0.46908,2.2969,0.12747,0,0,0.22621
13.446,1,106.6,7.7519,2.2489,0.47329,2.2853,0.12752,0,0,0.22521
13.453,1,106.7,7.751,2.2545,0.4773,2.2903,0.12757,0,0,0.22446
13.459,1,106.79,7.7501,2.2587,0.4809,2.2995,0.1276,0,0,0.22445
13.465,1,106.85,7.7493,2.262,0.48396,2.3042,0.12763,0,0,0.22429
13.471,1,106.9,7.7486,2.2644,0.48447,2.3069,0.12766,0,0,0.22343
13.477,1,106.81,7.748,2.2665,0.48273,2.3075,0.12764,0,0,0.22203
13.484,1,106.79,7.7477,2.265,0.47799,2.3054,0.12763,0,0,0.2201
13.49,1,106.75,7.7479,2.2536,0.47645,2.3254,0.12757,0,0,0.21773
13.496,1,106.59,7.7488,2.2362,0.47543,2.3997,0.12747,0,0,0.21621
13.502,1,106.31,7.7503,2.2242,0.47477,2.4291,0.12741,0,0,0.21483
13.508,1,106.15,7.7525,2.2057,0.47519,2.4628,0.12732,0,0,0.21441
13.514,1,105.77,7.7553,2.1827,0.47465,2.5154,0.12717,0,0,0.2124
13.52,1,105.6,7.7581,2.1618,0.47078,2.5837,0.12705,0,0,0.21033
13.525,1,105.56,7.76,2.1487,0.46448,2.6139,0.12697,0,0,0.20873
13.531,1,105.65,7.7612,2.1359,0.45932,2.5426,0.12701,0,0,0.20805
13.537,1,105.49,7.7625,2.1206,0.45519,2.5302,0.12697,0,0,0.20804
13.543,1,105.42,7.7641,2.1094,0.45503,2.4983,0.12694,0,0,0.20788
13.549,1,105.49,7.7649,2.1158,0.45193,2.4599,0.12697,0,0,0.20773
13.555,1,105.55,7.7655,2.1202,0.44879,2.4568,0.127,0,0,0.20752
13.561,1,105.63,7.7656,2.128,0.44566,2.4498,0.12704,0,0,0.20714
13.567,1,105.7,7.7657,2.1333,0.44352,2.4358,0.12707,0,0,0.20639
13.573,1,105.74,7.7657,2.136,0.44237,2.4584,0.12709,0,0,0.20626
13.579,1,105.82,7.7657,2.1388,0.44287,2.4534,0.12708,0,0,0.20702
13.585,1,105.64,7.7655,2.142,0.44418,2.4522,0.12705,0,0,0.20795
13.591,1,105.69,7.7651,2.1499,0.44588,2.435,0.12705,0,0,0.20915
13.596,1,105.73,7.7644,2.1583,0.44643,2.4228,0.12709,0,0,0.21058
13.602,1,105.73,7.7637,2.1668,0.44609,2.3879,0.12709,0,0,0.21214
13.608,1,105.82,7.7627,2.176,0.44579,2.3576,0.12713,0,0,0.2139
13.614,1,105.86,7.7618,2.1838,0.44538,2.345,0.12718,0,0,0.21574
13.619,1,105.94,7.7607,2.1922,0.4446,2.3285,0.12723,0,0,0.21775
13.626,1,106.04,7.7596,2.2002,0.44755,2.3401,0.12729,0,0,0.21985
13.632,1,106.13,7.7585,2.2079,0.45122,2.329,0.12734,0,0,0.22201
13.638,1,106.2,7.7573,2.2154,0.45521,2.3213,0.12731,0,0,0.22419
13.644,1,106.19,7.7562,2.2222,0.4594,2.315,0.12731,0,0,0.22631
13.65,1,106.23,7.7552,2.2284,0.4618,2.3109,0.12733,0,0,0.22832
13.656,1,106.29,7.7543,2.2337,0.46091,2.308,0.12736,0,0,0.22832
13.662,1,106.39,7.7533,2.2407,0.4652,2.2913,0.12741,0,0,0.22752
13.668,1,106.47,7.7523,2.2464,0.46941,2.2919,0.12745,0,0,0.22724
13.674,1,106.56,7.7515,2.2514,0.47353,2.2891,0.1275,0,0,0.22701
13.68,1,106.63,7.7507,2.255,0.47733,2.2945,0.12753,0,0,0.2261
13.685,1,106.72,7.7499,2.2595,0.48091,2.2897,0.12758,0,0,0.22518
13.691,1,106.79,7.7492,2.263,0.48398,2.2979,0.12762,0,0,0.22452
13.698,1,106.82,7.7486,2.2652,0.48633,2.3042,0.12764,0,0,0.22438
13.704,1,106.85,7.7481,2.2666,0.48567,2.3083,0.12766,0,0,0.22359
13.71,1,106.86,7.748,2.2611,0.48198,2.3098,0.12761,0,0,0.2222
13.716,1,106.78,7.7485,2.2475,0.47729,2.3142,0.12756,0,0,0.22033
13.723,1,106.69,7.7497,2.2374,0.47633,2.3482,0.12755,0,0,0.21815
13.729,1,106.43,7.7516,2.2255,0.47289,2.3796,0.12746,0,0,0.21577
13.734,1,106.24,7.7541,2.2092,0.47155,2.4003,0.12741,0,0,0.2145
13.74,1,106.09,7.7571,2.1878,0.47231,2.4414,0.1273,0,0,0.21413
13.747,1,105.79,7.7594,2.1662,0.4715,2.5349,0.12711,0,0,0.21389
13.752,1,105.66,7.7609,2.1538,0.46718,2.5685,0.12698,0,0,0.21123
13.758,1,105.61,7.762,2.1419,0.46177,2.5661,0.12699,0,0,0.21045
13.764,1,105.54,7.7637,2.1223,0.45646,2.5549,0.12699,0,0,0.21005
13.77,1,105.39,7.7648,2.1128,0.45383,2.506,0.12693,0,0,0.20924
13.776,1,105.44,7.7654,2.1179,0.45343,2.4844,0.12695,0,0,0.20861
13.782,1,105.54,7.7657,2.1244,0.45318,2.454,0.127,0,0,0.20816
13.788,1,105.61,7.7659,2.1303,0.44919,2.455,0.12703,0,0,0.20765
13.794,1,105.68,7.7658,2.1357,0.44593,2.4487,0.12707,0,0,0.20684
13.8,1,105.73,7.7657,2.139,0.44376,2.4491,0.12709,0,0,0.20586
13.806,1,105.75,7.7656,2.1409,0.44285,2.4559,0.1271,0,0,0.20627
13.812,1,105.76,7.7652,2.1486,0.44347,2.4446,0.12709,0,0,0.20692
13.818,1,105.65,7.7646,2.156,0.44458,2.4436,0.12708,0,0,0.20778
13.824,1,105.74,7.7639,2.1647,0.44608,2.4287,0.12709,0,0,0.20881
13.829,1,105.73,7.763,2.1727,0.44683,2.4114,0.12713,0,0,0.2101
13.835,1,105.75,7.7621,2.1813,0.44607,2.3883,0.12715,0,0,0.21158
13.841,1,105.78,7.7611,2.189,0.44608,2.3675,0.12719,0,0,0.21321
13.847,1,105.87,7.7601,2.1966,0.44716,2.3445,0.12724,0,0,0.21497
13.853,1,105.95,7.7591,2.2038,0.44757,2.3319,0.12729,0,0,0.21684
13.858,1,106.06,7.7579,2.2119,0.45034,2.3266,0.12735,0,0,0.21886
13.864,1,106.15,7.7568,2.2193,0.45412,2.3206,0.12738,0,0,0.22094
13.871,1,106.24,7.7557,2.2263,0.45815,2.3128,0.12734,0,0,0.22306
13.877,1,106.22,7.7547,2.2329,0.46233,2.3083,0.12732,0,0,0.22515
13.883,1,106.26,7.7537,2.2387,0.46482,2.3048,0.12735,0,0,0.22715
13.889,1,106.31,7.7528,2.244,0.4654,2.3,0.12737,0,0,0.22716
13.895,1,106.37,7.752,2.2487,0.46943,2.2967,0.12741,0,0,0.22644
13.9,1,106.47,7.7511,2.2539,0.47341,2.2846,0.12746,0,0,0.2262
13.906,1,106.56,7.7503,2.2579,0.47709,2.2877,0.1275,0,0,0.22612
13.912,1,106.64,7.7497,2.2608,0.48035,2.295,0.12754,0,0,0.22572
13.918,1,106.7,7.7492,2.2625,0.48309,2.3055,0.12757,0,0,0.2255
13.924,1,106.79,7.7487,2.2637,0.48519,2.3037,0.1276,0,0,0.22477
13.93,1,106.83,7.7486,2.2595,0.48462,2.3081,0.12758,0,0,0.22419
13.936,1,106.79,7.7489,2.251,0.48219,2.3162,0.12754,0,0,0.22374
13.942,1,106.77,7.7499,2.2467,0.47822,2.3198,0.12755,0,0,0.22282
13.949,1,106.65,7.7516,2.2386,0.47412,2.3175,0.12752,0,0,0.22138
13.954,1,106.36,7.7539,2.2272,0.47324,2.3338,0.12745,0,0,0.21955
13.961,1,106.21,7.7565,2.2106,0.46909,2.3903,0.12739,0,0,0.21739
13.966,1,106.28,7.7588,2.1893,0.46808,2.4157,0.12743,0,0,0.21545
13.972,1,106.18,7.7608,2.1666,0.47156,2.4493,0.1274,0,0,0.21477
13.978,1,105.99,7.7625,2.1534,0.47049,2.5281,0.12725,0,0,0.21456
13.984,1,105.83,7.7638,2.1413,0.46461,2.564,0.12707,0,0,0.21402
13.99,1,105.65,7.7648,2.1217,0.45846,2.5475,0.127,0,0,0.21133
13.996,1,105.33,7.7657,2.1117,0.4531,2.5197,0.12689,0,0,0.21064
14.002,1,105.37,7.766,2.1185,0.45069,2.4888,0.12692,0,0,0.20991
14.008,1,105.49,7.7662,2.1242,0.45065,2.4585,0.12697,0,0,0.20873
14.014,1,105.58,7.7661,2.1303,0.45068,2.4493,0.12702,0,0,0.20777
14.02,1,105.65,7.766,2.1344,0.44877,2.4439,0.12705,0,0,0.20674
14.026,1,105.71,7.7658,2.1387,0.44569,2.4458,0.12708,0,0,0.20573
14.032,1,105.74,7.7655,2.1432,0.44364,2.4588,0.1271,0,0,0.20579
14.038,1,105.77,7.765,2.1492,0.44325,2.4461,0.1271,0,0,0.20606
14.043,1,105.87,7.7643,2.1572,0.44352,2.4217,0.12715,0,0,0.2066
14.049,1,105.83,7.7634,2.1664,0.44451,2.4326,0.12718,0,0,0.20731
14.055,1,105.75,7.7625,2.1746,0.44603,2.4288,0.12715,0,0,0.2082
14.061,1,105.82,7.7615,2.1825,0.44769,2.4292,0.12719,0,0,0.20926
14.067,1,105.9,7.7606,2.1899,0.44763,2.4086,0.12723,0,0,0.21057
14.073,1,106.01,7.7595,2.1976,0.44805,2.3743,0.12719,0,0,0.21209
14.079,1,105.94,7.7585,2.2044,0.45058,2.3608,0.12724,0,0,0.21373
14.084,1,106.05,7.7574,2.2122,0.4523,2.3378,0.1273,0,0,0.21556
14.09,1,106.1,7.7565,2.2185,0.45181,2.3352,0.12734,0,0,0.21743
14.096,1,106.2,7.7554,2.226,0.45507,2.3165,0.12739,0,0,0.21946
14.102,1,106.24,7.7543,2.2327,0.45868,2.3133,0.12736,0,0,0.22152
14.108,1,106.15,7.7533,2.2389,0.46257,2.3072,0.12731,0,0,0.22358
14.115,1,106.22,7.7524,2.2446,0.46457,2.3032,0.12734,0,0,0.22558
14.121,1,106.27,7.7515,2.25,0.46669,2.2966,0.12737,0,0,0.22661
14.127,1,106.32,7.7508,2.254,0.47088,2.2962,0.12739,0,0,0.22574
14.132,1,106.4,7.7501,2.2579,0.47503,2.289,0.12743,0,0,0.2255
14.138,1,106.49,7.7494,2.2614,0.47899,2.2941,0.12748,0,0,0.22554
14.144,1,106.58,7.7489,2.2639,0.4826,2.302,0.12752,0,0,0.22534
14.15,1,106.65,7.7485,2.2652,0.48547,2.3124,0.12755,0,0,0.22483
14.156,1,106.72,7.7483,2.2625,0.48611,2.322,0.12756,0,0,0.22416
14.162,1,106.71,7.7484,2.2562,0.48293,2.3267,0.12755,0,0,0.22303
14.168,1,106.63,7.7492,2.2464,0.47849,2.3338,0.1275,0,0,0.22223
14.174,1,106.63,7.7507,2.2382,0.4731,2.3264,0.12745,0,0,0.22127
14.18,1,106.37,7.7528,2.2264,0.46776,2.3228,0.1274,0,0,0.21995
14.186,1,106.18,7.7556,2.2109,0.46763,2.3241,0.12737,0,0,0.21819
14.192,1,106.23,7.7581,2.1904,0.46249,2.3723,0.12741,0,0,0.21624
14.198,1,106.3,7.7602,2.1684,0.46479,2.4125,0.12744,0,0,0.21543
14.204,1,106.36,7.7616,2.1554,0.46908,2.446,0.12746,0,0,0.2155
14.21,1,106.17,7.7632,2.1435,0.4716,2.4797,0.12736,0,0,0.21535
14.216,1,105.8,7.7644,2.1242,0.46653,2.4963,0.12718,0,0,0.21499
14.222,1,105.6,7.7654,2.1142,0.46016,2.5312,0.12705,0,0,0.21424
14.227,1,105.56,7.7658,2.1216,0.45424,2.4864,0.12696,0,0,0.21244
14.234,1,105.49,7.7661,2.1265,0.44975,2.4688,0.12696,0,0,0.21123
14.239,1,105.55,7.7662,2.1322,0.44923,2.4543,0.127,0,0,0.21005
14.245,1,105.63,7.7661,2.1363,0.44917,2.4432,0.12704,0,0,0.20822
14.251,1,105.69,7.766,2.1405,0.45,2.4423,0.12707,0,0,0.20645
14.257,1,105.73,7.7657,2.1457,0.44763,2.4449,0.12709,0,0,0.20623
14.263,1,105.77,7.7652,2.1521,0.44537,2.4342,0.12711,0,0,0.20615
14.269,1,105.83,7.7646,2.1589,0.44519,2.4191,0.12714,0,0,0.20643
14.275,1,105.96,7.7637,2.1685,0.4453,2.4088,0.1272,0,0,0.20693
14.281,1,106.03,7.7628,2.1768,0.44615,2.4225,0.12724,0,0,0.20764
14.287,1,105.84,7.7618,2.1851,0.44694,2.4319,0.12722,0,0,0.20849
14.293,1,105.92,7.7608,2.1925,0.44795,2.4135,0.12724,0,0,0.20951
14.299,1,106.03,7.7598,2.2001,0.44992,2.3957,0.12729,0,0,0.21066
14.305,1,106.11,7.7589,2.2062,0.45145,2.3933,0.12725,0,0,0.21201
14.31,1,106.08,7.7577,2.2142,0.45338,2.3541,0.12725,0,0,0.21363
14.316,1,106.02,7.7568,2.2204,0.45236,2.3514,0.12729,0,0,0.21529
14.322,1,106.11,7.7557,2.2274,0.45118,2.345,0.12735,0,0,0.21712
14.328,1,106.17,7.7547,2.234,0.45396,2.3361,0.12737,0,0,0.21902
14.334,1,106.18,7.7537,2.2407,0.45731,2.3176,0.12733,0,0,0.22101
14.34,1,106.1,7.7527,2.2465,0.461,2.3118,0.12728,0,0,0.223
14.346,1,106.16,7.7518,2.251,0.46478,2.3078,0.12732,0,0,0.22492
14.352,1,106.23,7.751,2.2556,0.46547,2.2973,0.12735,0,0,0.22493
14.358,1,106.29,7.7503,2.2593,0.46965,2.2982,0.12738,0,0,0.22405
14.364,1,106.33,7.7497,2.2613,0.47377,2.3052,0.1274,0,0,0.22391
14.37,1,106.42,7.7492,2.2628,0.47794,2.31,0.12744,0,0,0.22399
14.376,1,106.51,7.749,2.2597,0.48104,2.3101,0.12749,0,0,0.22379
14.382,1,106.61,7.7491,2.253,0.48098,2.3107,0.12747,0,0,0.22373
14.388,1,106.52,7.7498,2.2506,0.48031,2.3367,0.12741,0,0,0.22409
14.394,1,106.49,7.7509,2.2465,0.47665,2.3561,0.12741,0,0,0.22334
14.399,1,106.53,7.7527,2.2402,0.47132,2.3439,0.12744,0,0,0.22224
14.405,1,106.57,7.755,2.2302,0.46881,2.3305,0.12741,0,0,0.22117
14.412,1,106.31,7.7571,2.2146,0.46794,2.3361,0.1274,0,0,0.2201
14.417,1,106.18,7.759,2.1933,0.46639,2.3702,0.12738,0,0,0.21865
14.423,1,106.25,7.7611,2.1688,0.46006,2.3873,0.12741,0,0,0.21698
14.429,1,106.32,7.7629,2.1552,0.4613,2.3691,0.12744,0,0,0.21575
14.435,1,106.2,7.7638,2.1441,0.46554,2.3966,0.12736,0,0,0.21614
14.441,1,106.02,7.7647,2.1263,0.46668,2.423,0.12727,0,0,0.21646
14.447,1,105.97,7.7655,2.1171,0.46544,2.4051,0.12723,0,0,0.21652
14.453,1,105.85,7.7658,2.1232,0.46058,2.4405,0.12718,0,0,0.21633
14.459,1,105.69,7.766,2.1275,0.45529,2.4703,0.12709,0,0,0.21467
14.465,1,105.7,7.7659,2.1327,0.45212,2.4578,0.12704,0,0,0.21255
14.471,1,105.6,7.7658,2.1365,0.45154,2.4504,0.12702,0,0,0.21055
14.477,1,105.68,7.7655,2.1426,0.45165,2.4438,0.12705,0,0,0.20872
14.483,1,105.75,7.7651,2.1477,0.45179,2.4478,0.12709,0,0,0.2073
14.489,1,105.76,7.7645,2.1543,0.45109,2.4354,0.12712,0,0,0.20643
14.495,1,105.81,7.7638,2.1622,0.45014,2.4086,0.12713,0,0,0.20628
14.501,1,105.89,7.763,2.1702,0.44937,2.4047,0.12718,0,0,0.2063
14.507,1,105.99,7.762,2.1788,0.44971,2.4181,0.12723,0,0,0.2067
14.512,1,106.07,7.761,2.1876,0.44913,2.3977,0.12729,0,0,0.20728
14.518,1,106.01,7.76,2.195,0.4472,2.3941,0.12725,0,0,0.20806
14.524,1,106.01,7.7589,2.2023,0.4487,2.4054,0.12727,0,0,0.20899
14.53,1,106.12,7.7578,2.2104,0.45214,2.3816,0.12733,0,0,0.2101
14.536,1,106.21,7.7568,2.2169,0.45179,2.3808,0.12737,0,0,0.21129
14.542,1,106.28,7.7559,2.2225,0.45282,2.3812,0.12733,0,0,0.21263
14.548,1,106.19,7.7549,2.2294,0.45494,2.3544,0.12729,0,0,0.21423
14.554,1,106.09,7.754,2.2354,0.45399,2.3559,0.12733,0,0,0.21593
14.56,1,106.18,7.7531,2.241,0.4545,2.3647,0.12734,0,0,0.21772
14.565,1,106.14,7.7523,2.2463,0.45766,2.3438,0.12731,0,0,0.21957
14.571,1,106.04,7.7514,2.2523,0.46115,2.3215,0.12726,0,0,0.22152
14.577,1,106.08,7.7506,2.2567,0.4635,2.316,0.12728,0,0,0.22344
14.583,1,106.15,7.75,2.26,0.4618,2.3098,0.12731,0,0,0.22441
14.589,1,106.23,7.7493,2.2634,0.46405,2.3007,0.12735,0,0,0.22329
14.596,1,106.29,7.7488,2.2656,0.46818,2.3048,0.12738,0,0,0.22298
14.602,1,106.33,7.7486,2.2619,0.47227,2.3189,0.12739,0,0,0.22309
14.607,1,106.4,7.7487,2.2561,0.47646,2.313,0.12743,0,0,0.22302
14.613,1,106.48,7.7493,2.2508,0.47801,2.3332,0.12739,0,0,0.22288
14.619,1,106.45,7.7505,2.2464,0.47693,2.3515,0.12734,0,0,0.2233
14.625,1,106.38,7.7523,2.2379,0.47307,2.344,0.12738,0,0,0.22375
14.631,1,106.41,7.7547,2.2266,0.4692,2.3609,0.12738,0,0,0.2232
14.637,1,106.37,7.7569,2.2117,0.46848,2.3478,0.12736,0,0,0.22203
14.643,1,106.44,7.759,2.1908,0.4631,2.3808,0.1274,0,0,0.22064
14.649,1,106.38,7.7609,2.1681,0.46126,2.4025,0.12742,0,0,0.21966
14.655,1,106.26,7.7628,2.1554,0.46097,2.3901,0.1274,0,0,0.21829
14.661,1,106.15,7.7638,2.1439,0.46005,2.3632,0.12733,0,0,0.21672
14.667,1,105.98,7.7648,2.1243,0.46183,2.3502,0.12725,0,0,0.21645
14.673,1,105.95,7.7656,2.118,0.46083,2.3597,0.12721,0,0,0.217
14.679,1,106.02,7.766,2.1227,0.4605,2.4014,0.12724,0,0,0.2175
14.684,1,106.11,7.7662,2.1282,0.4604,2.3942,0.12728,0,0,0.2179
14.69,1,105.99,7.7661,2.1334,0.45824,2.4117,0.12725,0,0,0.21801
14.696,1,105.85,7.766,2.1381,0.45671,2.4413,0.12718,0,0,0.21672
14.702,1,105.9,7.7657,2.1441,0.45556,2.4507,0.12713,0,0,0.2134
14.708,1,105.79,7.7652,2.1503,0.45448,2.4486,0.1271,0,0,0.21014
14.714,1,105.74,7.7647,2.1562,0.4545,2.4386,0.1271,0,0,0.20915
14.72,1,105.81,7.764,2.1636,0.45323,2.4086,0.12713,0,0,0.20831
14.726,1,105.9,7.763,2.173,0.4492,2.3746,0.12718,0,0,0.20717
14.732,1,105.97,7.7621,2.1815,0.44813,2.3798,0.12723,0,0,0.20678
14.738,1,106.04,7.7612,2.1883,0.44785,2.4118,0.12728,0,0,0.20678
14.744,1,106.15,7.7601,2.1963,0.44989,2.3892,0.12733,0,0,0.20713
14.75,1,106.07,7.759,2.2046,0.45089,2.3631,0.12735,0,0,0.20764
14.756,1,106.18,7.758,2.2116,0.45198,2.3781,0.1273,0,0,0.20837
14.762,1,106.2,7.7569,2.2184,0.45594,2.3915,0.12735,0,0,0.20925
14.768,1,106.31,7.7558,2.2259,0.45263,2.3738,0.1274,0,0,0.21029
14.774,1,106.39,7.7548,2.2322,0.4526,2.3673,0.12744,0,0,0.21146
14.78,1,106.36,7.7539,2.2374,0.45635,2.3706,0.12735,0,0,0.21275
14.786,1,106.21,7.7531,2.243,0.45797,2.3852,0.12731,0,0,0.21428
14.792,1,106.17,7.7522,2.2486,0.45737,2.3862,0.12729,0,0,0.21598
14.798,1,106.06,7.7514,2.2524,0.45856,2.382,0.12725,0,0,0.21769
14.803,1,105.89,7.7507,2.2565,0.46167,2.3507,0.12719,0,0,0.21951
14.809,1,105.97,7.7501,2.26,0.45999,2.3349,0.12722,0,0,0.22135
14.815,1,106.07,7.7495,2.2622,0.45781,2.3195,0.12727,0,0,0.22199
14.821,1,106.15,7.7493,2.2591,0.45844,2.3182,0.12731,0,0,0.22116
14.828,1,106.22,7.7494,2.2519,0.46226,2.3135,0.12734,0,0,0.22094
14.834,1,106.26,7.75,2.2502,0.46624,2.313,0.1273,0,0,0.22104
14.84,1,106.21,7.751,2.2502,0.469,2.3346,0.12723,0,0,0.22088
14.845,1,106.29,7.7526,2.2464,0.46806,2.3863,0.12727,0,0,0.22123
14.851,1,106.39,7.7546,2.2397,0.46887,2.3552,0.12733,0,0,0.22176
14.857,1,106.31,7.7565,2.2283,0.47117,2.345,0.12737,0,0,0.22242
14.864,1,106.28,7.7582,2.2103,0.4705,2.3814,0.1273,0,0,0.22247
14.869,1,106.34,7.7602,2.1885,0.4646,2.4113,0.12731,0,0,0.22139
14.875,1,106.43,7.7624,2.167,0.45788,2.4032,0.12736,0,0,0.21992
14.881,1,106.35,7.7637,2.1533,0.45686,2.4039,0.12737,0,0,0.21831
14.887,1,106.06,7.7645,2.1396,0.45838,2.3926,0.12729,0,0,0.21666
14.893,1,105.89,7.7652,2.1191,0.45746,2.3678,0.12721,0,0,0.21531
14.899,1,105.86,7.7658,2.1193,0.4568,2.3454,0.12718,0,0,0.21626
14.905,1,105.95,7.766,2.1246,0.45634,2.3368,0.12721,0,0,0.21713
14.911,1,106.04,7.7661,2.1285,0.45628,2.3522,0.12725,0,0,0.21791
14.917,1,106.12,7.766,2.1343,0.45611,2.3824,0.12728,0,0,0.21863
14.923,1,106.18,7.7656,2.1418,0.45937,2.3869,0.12731,0,0,0.21924
14.929,1,106.06,7.7651,2.1486,0.46035,2.4093,0.12728,0,0,0.21957
14.935,1,105.98,7.7645,2.154,0.4593,2.4406,0.1272,0,0,0.21683
14.941,1,105.91,7.7639,2.1602,0.4583,2.4406,0.12716,0,0,0.21355
14.947,1,105.86,7.7631,2.1676,0.45745,2.4072,0.12713,0,0,0.21015
14.953,1,105.88,7.7622,2.1763,0.45271,2.3773,0.12718,0,0,0.20892
14.959,1,105.95,7.7613,2.1841,0.45171,2.3605,0.12724,0,0,0.20825
14.965,1,106.03,7.7602,2.1922,0.45138,2.3426,0.12729,0,0,0.20729
14.971,1,106.11,7.7594,2.1985,0.45303,2.4094,0.12733,0,0,0.20716
14.977,1,106.15,7.7583,2.2061,0.45486,2.3723,0.12738,0,0,0.20737
14.983,1,106.12,7.7572,2.2142,0.45435,2.3513,0.12736,0,0,0.2078
14.989,1,106.23,7.7562,2.2209,0.45558,2.3393,0.12738,0,0,0.20847
14.995,1,106.27,7.7553,2.2273,0.45781,2.363,0.12737,0,0,0.20932
15.001,1,106.36,7.7543,2.2339,0.45549,2.3794,0.12742,0,0,0.21033
15.007,1,106.45,7.7533,2.2404,0.45542,2.3695,0.12747,0,0,0.21147
15.013,1,106.52,7.7525,2.2454,0.45948,2.3703,0.12748,0,0,0.21272
15.019,1,106.45,7.7517,2.2494,0.46339,2.404,0.12736,0,0,0.21408
15.025,1,106.24,7.751,2.2539,0.46251,2.404,0.12725,0,0,0.21565
15.03,1,106.03,7.7503,2.2582,0.46198,2.3694,0.12722,0,0,0.21738
15.037,1,105.88,7.7498,2.2608,0.45993,2.3613,0.12715,0,0,0.21909
15.042,1,105.87,7.7494,2.2612,0.45767,2.3456,0.12717,0,0,0.22083
15.048,1,105.98,7.7492,2.2581,0.45521,2.331,0.12723,0,0,0.22069
15.054,1,106.08,7.7495,2.2502,0.4539,2.3224,0.12728,0,0,0.22007
15.061,1,106.15,7.7502,2.2501,0.45744,2.3149,0.12728,0,0,0.21991
15.067,1,106.11,7.7514,2.25,0.46121,2.3398,0.12723,0,0,0.22
15.072,1,106.18,7.7531,2.2457,0.46296,2.4038,0.12726,0,0,0.21965
15.079,1,106.23,7.7551,2.2372,0.46381,2.4078,0.12728,0,0,0.2202
15.084,1,106.23,7.7569,2.2257,0.46806,2.379,0.12732,0,0,0.22079
15.09,1,106.2,7.7587,2.21,0.46948,2.3533,0.12726,0,0,0.22158
15.096,1,106.27,7.7608,2.1887,0.46364,2.3942,0.12725,0,0,0.22238
15.102,1,106.32,7.7629,2.1666,0.45755,2.4346,0.12727,0,0,0.22238
15.107,1,106.4,7.7641,2.1536,0.4529,2.4295,0.12731,0,0,0.22108
15.113,1,106.27,7.7648,2.1431,0.45277,2.4082,0.12732,0,0,0.21958
15.119,1,106.01,7.7655,2.1243,0.45676,2.3885,0.12728,0,0,0.21814
15.125,1,105.85,7.7662,2.1176,0.45785,2.3584,0.12721,0,0,0.21674
15.131,1,105.9,7.7664,2.124,0.45423,2.3439,0.12719,0,0,0.21608
15.137,1,105.98,7.7665,2.1276,0.45386,2.3365,0.12722,0,0,0.21721
15.143,1,106.06,7.7664,2.1324,0.4537,2.335,0.12726,0,0,0.21826
15.149,1,106.14,7.766,2.1389,0.45346,2.3635,0.12729,0,0,0.21925
15.155,1,106.15,7.7655,2.1466,0.45728,2.391,0.12727,0,0,0.22012
15.161,1,106.03,7.7649,2.1527,0.46128,2.4021,0.12722,0,0,0.22088
15.167,1,106.08,7.7642,2.1587,0.46136,2.3912,0.12721,0,0,0.22095
15.173,1,105.98,7.7635,2.1655,0.4603,2.392,0.12725,0,0,0.2184
15.179,1,106.08,7.7626,2.1738,0.45835,2.3844,0.12725,0,0,0.21536
15.185,1,106.13,7.7615,2.1831,0.4527,2.3573,0.12724,0,0,0.21198
15.191,1,106.03,7.7605,2.191,0.4523,2.347,0.12728,0,0,0.20931
15.197,1,106.11,7.7595,2.198,0.45275,2.338,0.12732,0,0,0.20865
15.203,1,106.21,7.7585,2.2049,0.45662,2.354,0.12737,0,0,0.20785
15.209,1,106.28,7.7575,2.212,0.46068,2.3684,0.12741,0,0,0.20758
15.214,1,106.21,7.7564,2.2196,0.46046,2.3494,0.12741,0,0,0.20778
15.221,1,106.28,7.7555,2.2254,0.46052,2.344,0.12741,0,0,0.20824
15.226,1,106.37,7.7546,2.2318,0.46153,2.3297,0.12745,0,0,0.20893
15.232,1,106.39,7.7536,2.2382,0.46029,2.3606,0.12743,0,0,0.20979
15.238,1,106.43,7.7527,2.2438,0.45874,2.3832,0.12747,0,0,0.2108
15.244,1,106.52,7.7519,2.249,0.45986,2.4205,0.12746,0,0,0.21192
15.25,1,106.5,7.7511,2.2533,0.46403,2.4181,0.12739,0,0,0.21316
15.256,1,106.22,7.7505,2.2566,0.46536,2.4026,0.12721,0,0,0.21447
15.262,1,105.85,7.7499,2.2596,0.46353,2.3885,0.12709,0,0,0.21594
15.267,1,105.75,7.7494,2.2623,0.45764,2.3565,0.12712,0,0,0.2176
15.273,1,105.83,7.7492,2.2602,0.45266,2.3687,0.12717,0,0,0.2185
15.279,1,105.86,7.7493,2.2544,0.4508,2.3756,0.12721,0,0,0.21792
15.285,1,105.97,7.7496,2.2493,0.45073,2.3391,0.12726,0,0,0.21774
15.291,1,106.06,7.7504,2.2514,0.45379,2.3335,0.12726,0,0,0.21767
15.297,1,106.07,7.7518,2.2488,0.45721,2.3571,0.12722,0,0,0.21728
15.303,1,106.15,7.7537,2.2436,0.46071,2.4112,0.12726,0,0,0.21774
15.309,1,106.21,7.7556,2.2339,0.46311,2.4168,0.12729,0,0,0.21827
15.315,1,106.22,7.7573,2.2199,0.46696,2.4072,0.1273,0,0,0.21909
15.321,1,106.14,7.7592,2.1991,0.46829,2.3898,0.12724,0,0,0.21998
15.326,1,106.21,7.7616,2.1761,0.46215,2.392,0.12722,0,0,0.22098
15.332,1,106.28,7.763,2.1634,0.45603,2.3962,0.12725,0,0,0.22199
15.339,1,106.29,7.7638,2.1529,0.45147,2.4393,0.12727,0,0,0.2223
15.344,1,106.09,7.7645,2.134,0.45015,2.4235,0.12727,0,0,0.22137
15.35,1,106.15,7.7653,2.1219,0.45229,2.3759,0.12732,0,0,0.22025
15.356,1,106.01,7.7656,2.1278,0.45422,2.3596,0.12729,0,0,0.21902
15.362,1,105.9,7.7658,2.1317,0.45423,2.3443,0.1272,0,0,0.2178
15.368,1,105.98,7.7657,2.1359,0.45403,2.3373,0.12722,0,0,0.21699
15.373,1,106.07,7.7656,2.141,0.45367,2.3412,0.12727,0,0,0.21821
15.379,1,106.15,7.7652,2.1471,0.45355,2.3595,0.1273,0,0,0.21953
15.385,1,106.11,7.7647,2.1536,0.4571,2.3409,0.12726,0,0,0.22076
15.391,1,106.07,7.7641,2.1599,0.46123,2.371,0.1272,0,0,0.22186
15.397,1,106.15,7.7633,2.1678,0.46259,2.3704,0.12725,0,0,0.22281
15.403,1,106.23,7.7625,2.1755,0.46147,2.3552,0.12728,0,0,0.22122
15.409,1,106.21,7.7615,2.1845,0.46042,2.3609,0.12733,0,0,0.21866
15.415,1,106.31,7.7605,2.1922,0.45794,2.3579,0.12734,0,0,0.2157
15.421,1,106.22,7.7595,2.1996,0.45679,2.3431,0.12731,0,0,0.21243
15.427,1,106.26,7.7584,2.2074,0.45614,2.3286,0.12735,0,0,0.20986
15.433,1,106.36,7.7574,2.2142,0.45886,2.3274,0.12739,0,0,0.20923
15.439,1,106.41,7.7565,2.2201,0.46285,2.3521,0.12742,0,0,0.20863
15.445,1,106.39,7.7554,2.228,0.46359,2.346,0.12746,0,0,0.20797
15.451,1,106.36,7.7544,2.2347,0.46351,2.3404,0.12745,0,0,0.20817
15.457,1,106.43,7.7535,2.2401,0.46375,2.3324,0.12749,0,0,0.20856
15.463,1,106.42,7.7526,2.2457,0.46261,2.3236,0.12744,0,0,0.20925
15.469,1,106.41,7.7518,2.2506,0.46128,2.3562,0.12745,0,0,0.21008
15.475,1,106.5,7.751,2.2556,0.46018,2.4285,0.12744,0,0,0.21108
15.481,1,106.43,7.7503,2.2591,0.46389,2.4261,0.12739,0,0,0.21218
15.487,1,106.3,7.7497,2.2621,0.46768,2.4061,0.12732,0,0,0.21339
15.492,1,106.08,7.7492,2.2645,0.46656,2.3843,0.12723,0,0,0.2147
15.498,1,105.88,7.749,2.2616,0.46088,2.4021,0.12714,0,0,0.21608
15.504,1,105.74,7.749,2.2569,0.45432,2.3972,0.12714,0,0,0.21706
15.51,1,105.86,7.7494,2.2522,0.45039,2.3849,0.12719,0,0,0.21635
15.516,1,105.89,7.7504,2.2493,0.4504,2.3946,0.12723,0,0,0.21616
15.522,1,105.92,7.752,2.2445,0.4534,2.3976,0.12717,0,0,0.21583
15.528,1,106.02,7.7542,2.2364,0.45675,2.3817,0.12721,0,0,0.21564
15.534,1,106.1,7.7563,2.2241,0.45626,2.4102,0.12725,0,0,0.21607
15.54,1,106.06,7.7582,2.2043,0.45887,2.4318,0.12719,0,0,0.21667
15.546,1,106.13,7.7602,2.1803,0.46092,2.4394,0.12716,0,0,0.21751
15.552,1,106.03,7.7623,2.1639,0.46041,2.4249,0.12719,0,0,0.21846
15.557,1,106.11,7.7634,2.1543,0.45844,2.3973,0.12717,0,0,0.21953
15.563,1,106.05,7.7642,2.1399,0.45334,2.3968,0.1272,0,0,0.22063
15.569,1,105.98,7.7653,2.1183,0.4501,2.432,0.12723,0,0,0.22179
15.575,1,106.06,7.7657,2.1231,0.44964,2.4232,0.12726,0,0,0.22143
15.581,1,106.12,7.766,2.1266,0.44945,2.408,0.12728,0,0,0.22041
15.586,1,105.99,7.766,2.1327,0.44934,2.3703,0.12727,0,0,0.21927
15.592,1,105.89,7.7659,2.1372,0.44982,2.353,0.1272,0,0,0.21816
15.598,1,105.98,7.7657,2.1431,0.45149,2.3386,0.12723,0,0,0.21722
15.604,1,106.08,7.7652,2.1501,0.45079,2.3277,0.12727,0,0,0.2183
15.61,1,106.14,7.7648,2.1541,0.451,2.3494,0.1273,0,0,0.21983
15.616,1,106.14,7.7641,2.1612,0.45485,2.3319,0.12729,0,0,0.2213
15.622,1,106.13,7.7632,2.1707,0.45898,2.3218,0.12724,0,0,0.22267
15.628,1,106.22,7.7623,2.1788,0.46322,2.3466,0.12728,0,0,0.22384
15.634,1,106.3,7.7613,2.1871,0.463,2.3319,0.12733,0,0,0.22357
15.64,1,106.34,7.7604,2.1941,0.46197,2.3275,0.12737,0,0,0.22184
15.646,1,106.42,7.7593,2.2025,0.46343,2.33,0.12738,0,0,0.21939
15.652,1,106.48,7.7582,2.2097,0.46244,2.3412,0.12738,0,0,0.21649
15.658,1,106.38,7.7572,2.2165,0.46141,2.3282,0.12735,0,0,0.21324
15.664,1,106.46,7.7561,2.224,0.46427,2.3222,0.12739,0,0,0.21001
15.67,1,106.47,7.7552,2.2297,0.46838,2.3321,0.12742,0,0,0.20946
15.676,1,106.42,7.7542,2.2356,0.47122,2.3428,0.12745,0,0,0.20903
15.682,1,106.38,7.7532,2.2426,0.46999,2.3327,0.12747,0,0,0.20837
15.688,1,106.47,7.7523,2.2481,0.46524,2.3265,0.1275,0,0,0.20867
15.694,1,106.54,7.7515,2.2523,0.46341,2.3267,0.1275,0,0,0.2091
15.7,1,106.42,7.7508,2.2567,0.4671,2.3307,0.12745,0,0,0.20985
15.706,1,106.46,7.7501,2.26,0.4661,2.3852,0.12743,0,0,0.21073
15.712,1,106.44,7.7495,2.2629,0.46685,2.4116,0.1274,0,0,0.21179
15.718,1,106.31,7.7492,2.2622,0.46773,2.4127,0.12733,0,0,0.21293
15.724,1,106.19,7.7491,2.2569,0.46674,2.4347,0.1273,0,0,0.21415
15.729,1,106.08,7.7495,2.2487,0.46409,2.4246,0.12723,0,0,0.21549
15.736,1,105.93,7.7503,2.2481,0.45797,2.4264,0.12714,0,0,0.21648
15.741,1,105.79,7.7517,2.2447,0.45219,2.4142,0.12714,0,0,0.21567
15.747,1,105.84,7.7536,2.2375,0.45056,2.4395,0.12711,0,0,0.21535
15.753,1,105.89,7.7559,2.226,0.45159,2.4345,0.12715,0,0,0.21505
15.759,1,105.94,7.7579,2.2117,0.45148,2.4102,0.12718,0,0,0.21471
15.765,1,105.84,7.7598,2.1947,0.45104,2.3927,0.12711,0,0,0.2151
15.771,1,105.94,7.762,2.1746,0.45414,2.4272,0.12708,0,0,0.2156
15.776,1,106.06,7.7637,2.164,0.45442,2.4458,0.12713,0,0,0.21639
15.783,1,106.06,7.7646,2.1535,0.45434,2.4448,0.12716,0,0,0.21729
15.789,1,105.93,7.7655,2.1329,0.4544,2.4283,0.12716,0,0,0.21831
15.794,1,105.82,7.7662,2.1153,0.45119,2.3944,0.12715,0,0,0.21945
15.8,1,105.92,7.7664,2.1217,0.44928,2.4005,0.1272,0,0,0.22066
15.806,1,106.01,7.7665,2.1271,0.44836,2.4171,0.12722,0,0,0.22207
15.812,1,106.08,7.7664,2.1316,0.44693,2.4113,0.12725,0,0,0.22171
15.818,1,106.14,7.7663,2.1346,0.44687,2.3962,0.12727,0,0,0.22078
15.824,1,106.03,7.7659,2.1413,0.44822,2.3613,0.12726,0,0,0.21968
15.83,1,106,7.7654,2.1478,0.45168,2.3453,0.12722,0,0,0.21865
15.836,1,106.09,7.7648,2.1543,0.45088,2.3472,0.12726,0,0,0.21793
15.842,1,106.17,7.764,2.1617,0.45049,2.3382,0.1273,0,0,0.21901
15.848,1,106.09,7.7632,2.1694,0.45288,2.3314,0.12728,0,0,0.22068
15.854,1,106.17,7.7622,2.1787,0.45691,2.3139,0.12728,0,0,0.22234
15.86,1,106.25,7.7611,2.1867,0.46107,2.3155,0.12732,0,0,0.22381
15.866,1,106.34,7.7601,2.1949,0.46161,2.3174,0.12737,0,0,0.225
15.872,1,106.42,7.7591,2.2016,0.46426,2.3157,0.12741,0,0,0.22388
15.877,1,106.47,7.758,2.2092,0.46867,2.3043,0.12746,0,0,0.22216
15.883,1,106.55,7.7569,2.2161,0.46925,2.3058,0.12744,0,0,0.22007
15.889,1,106.6,7.7559,2.2227,0.4683,2.327,0.12743,0,0,0.21735
15.895,1,106.54,7.7548,2.2299,0.47123,2.3307,0.12741,0,0,0.21431
15.901,1,106.45,7.7538,2.2364,0.4737,2.3225,0.12745,0,0,0.2112
15.908,1,106.34,7.753,2.2412,0.47374,2.325,0.12743,0,0,0.20966
15.913,1,106.37,7.7522,2.2464,0.47313,2.3388,0.12746,0,0,0.20926
15.919,1,106.46,7.7513,2.2519,0.46813,2.3328,0.12749,0,0,0.20867
15.925,1,106.55,7.7505,2.2566,0.46714,2.3268,0.12751,0,0,0.20893
15.931,1,106.57,7.7498,2.2603,0.46917,2.3422,0.12749,0,0,0.20933
15.937,1,106.42,7.7493,2.2626,0.46971,2.3857,0.1274,0,0,0.21006
15.943,1,106.37,7.7488,2.2644,0.46857,2.3784,0.12736,0,0,0.21092
15.949,1,106.25,7.7486,2.262,0.46534,2.4034,0.1273,0,0,0.21196
15.955,1,106.17,7.7487,2.2566,0.4641,2.4444,0.12729,0,0,0.21308
15.961,1,106.11,7.7492,2.2487,0.46289,2.4483,0.12726,0,0,0.21428
15.967,1,105.92,7.7503,2.2462,0.46,2.4312,0.1272,0,0,0.21558
15.973,1,105.75,7.7519,2.2394,0.45541,2.4554,0.12712,0,0,0.21474
15.978,1,105.73,7.7542,2.2296,0.45313,2.4362,0.12707,0,0,0.21431
15.984,1,105.84,7.7564,2.2174,0.45303,2.4343,0.12712,0,0,0.21379
15.99,1,105.83,7.7584,2.2007,0.45024,2.4365,0.12709,0,0,0.21351
15.996,1,105.73,7.7604,2.1798,0.44895,2.4209,0.12701,0,0,0.21387
16.002,1,105.84,7.7623,2.1707,0.4505,2.4229,0.12704,0,0,0.21439
16.008,1,105.93,7.7633,2.1644,0.451,2.4316,0.12709,0,0,0.21516
16.013,1,106.04,7.7642,2.1503,0.45086,2.4492,0.12712,0,0,0.21605
16.019,1,105.95,7.7652,2.1261,0.45076,2.444,0.12712,0,0,0.21709
16.025,1,105.73,7.7657,2.1231,0.45024,2.4288,0.12714,0,0,0.21819
16.031,1,105.84,7.7658,2.1293,0.44848,2.3938,0.12715,0,0,0.21944
16.037,1,105.92,7.7659,2.1341,0.44769,2.4107,0.12718,0,0,0.22086
16.043,1,105.99,7.7658,2.1374,0.44745,2.4096,0.12721,0,0,0.22236
16.048,1,106.08,7.7656,2.1425,0.44806,2.3962,0.12724,0,0,0.22211
16.054,1,106.14,7.7653,2.1476,0.44777,2.3732,0.12726,0,0,0.22124
16.06,1,106.01,7.7648,2.1535,0.44973,2.3513,0.12724,0,0,0.22023
16.066,1,106.1,7.7641,2.1623,0.45172,2.3356,0.12727,0,0,0.21928
16.072,1,106.2,7.7632,2.1716,0.45039,2.3347,0.12732,0,0,0.21874
16.078,1,106.24,7.7622,2.18,0.45089,2.3281,0.12735,0,0,0.21934
16.084,1,106.25,7.7613,2.1873,0.45472,2.3241,0.12733,0,0,0.22115
16.09,1,106.35,7.7602,2.1955,0.45882,2.3106,0.12738,0,0,0.22292
16.096,1,106.44,7.7592,2.2031,0.46169,2.3139,0.12742,0,0,0.22451
16.102,1,106.53,7.758,2.211,0.4632,2.3056,0.12747,0,0,0.22436
16.108,1,106.58,7.7571,2.2169,0.4673,2.3082,0.1275,0,0,0.22335
16.114,1,106.57,7.756,2.2239,0.47147,2.2973,0.12751,0,0,0.22177
16.12,1,106.62,7.755,2.2305,0.47156,2.2987,0.12746,0,0,0.21984
16.126,1,106.64,7.754,2.2368,0.47274,2.3161,0.12745,0,0,0.21726
16.132,1,106.61,7.753,2.2434,0.47665,2.3216,0.12746,0,0,0.21431
16.138,1,106.57,7.7521,2.2489,0.47816,2.3151,0.1275,0,0,0.21131
16.144,1,106.48,7.7513,2.2527,0.47791,2.3199,0.12747,0,0,0.20985
16.15,1,106.46,7.7506,2.2566,0.47578,2.3326,0.12747,0,0,0.20945
16.155,1,106.52,7.7499,2.2607,0.47154,2.3336,0.12749,0,0,0.2089
16.161,1,106.55,7.7493,2.2636,0.47058,2.3372,0.12751,0,0,0.20922
16.167,1,106.53,7.7489,2.264,0.47124,2.3711,0.12748,0,0,0.20965
16.174,1,106.44,7.7488,2.2589,0.47041,2.4134,0.12738,0,0,0.21041
16.179,1,106.28,7.7491,2.2506,0.46823,2.4201,0.12732,0,0,0.21129
16.185,1,106.02,7.7498,2.2496,0.46406,2.4294,0.12719,0,0,0.21233
16.191,1,105.8,7.7512,2.2463,0.4627,2.4685,0.12711,0,0,0.21346
16.197,1,105.71,7.7531,2.2392,0.45873,2.474,0.12709,0,0,0.21466
16.203,1,105.65,7.7554,2.2288,0.45269,2.4752,0.12713,0,0,0.21511
16.209,1,105.72,7.7574,2.2147,0.45038,2.457,0.12715,0,0,0.21458
16.215,1,105.71,7.7593,2.1986,0.45052,2.4415,0.12705,0,0,0.21412
16.22,1,105.76,7.7615,2.1791,0.45054,2.4345,0.12701,0,0,0.21344
16.226,1,105.83,7.7632,2.169,0.44886,2.4596,0.12704,0,0,0.21364
16.232,1,105.76,7.7641,2.1603,0.44745,2.4522,0.12703,0,0,0.21399
16.238,1,105.83,7.765,2.144,0.4469,2.4215,0.12705,0,0,0.21464
16.244,1,105.8,7.7658,2.1236,0.44675,2.4431,0.12706,0,0,0.21541
16.25,1,105.77,7.7661,2.1229,0.44734,2.436,0.12705,0,0,0.21636
16.256,1,105.84,7.7662,2.1276,0.44585,2.4406,0.12711,0,0,0.21741
16.262,1,105.73,7.7662,2.1309,0.44481,2.4314,0.12713,0,0,0.21854
16.267,1,105.83,7.766,2.136,0.44368,2.3905,0.12714,0,0,0.21998
16.273,1,105.92,7.7657,2.142,0.44394,2.3877,0.12718,0,0,0.22149
16.279,1,106.01,7.7652,2.1485,0.44733,2.37,0.12721,0,0,0.2231
16.285,1,106.07,7.7647,2.1534,0.44752,2.3615,0.12723,0,0,0.2231
16.291,1,106.14,7.764,2.1605,0.44744,2.3457,0.12726,0,0,0.2223
16.297,1,106.11,7.7632,2.1688,0.45076,2.3492,0.12726,0,0,0.22145
16.302,1,106.2,7.7622,2.178,0.45396,2.3382,0.12731,0,0,0.22057
16.309,1,106.25,7.7611,2.1872,0.45272,2.3254,0.12734,0,0,0.21994
16.315,1,106.34,7.7601,2.195,0.45492,2.3205,0.12737,0,0,0.22029
16.321,1,106.41,7.7591,2.2013,0.45912,2.3199,0.12741,0,0,0.22213
16.327,1,106.51,7.758,2.2095,0.46119,2.308,0.12745,0,0,0.22396
16.333,1,106.58,7.7569,2.2168,0.46468,2.3071,0.12748,0,0,0.22497
16.339,1,106.64,7.7558,2.2236,0.46889,2.3015,0.12751,0,0,0.22426
16.345,1,106.58,7.7549,2.2288,0.47284,2.304,0.12753,0,0,0.22323
16.351,1,106.63,7.7539,2.2358,0.4735,2.2928,0.12749,0,0,0.22157
16.357,1,106.67,7.753,2.2424,0.47533,2.2945,0.12749,0,0,0.21952
16.363,1,106.67,7.7521,2.2473,0.47919,2.3129,0.12749,0,0,0.21694
16.369,1,106.66,7.7512,2.2529,0.48107,2.3135,0.12752,0,0,0.21395
16.375,1,106.59,7.7504,2.2573,0.48069,2.312,0.12751,0,0,0.21116
16.381,1,106.44,7.7499,2.2597,0.4797,2.3211,0.12746,0,0,0.20948
16.387,1,106.5,7.7493,2.2629,0.47785,2.341,0.12748,0,0,0.20895
16.393,1,106.5,7.7488,2.265,0.47666,2.3649,0.12748,0,0,0.20863
16.398,1,106.45,7.7485,2.2628,0.47385,2.4055,0.12746,0,0,0.20893
16.405,1,106.37,7.7486,2.2573,0.47128,2.4242,0.12743,0,0,0.20942
16.41,1,106.38,7.7491,2.2505,0.46904,2.423,0.12736,0,0,0.21019
16.416,1,106.07,7.7502,2.2475,0.46266,2.428,0.1272,0,0,0.21109
16.422,1,105.7,7.7519,2.2409,0.45873,2.4619,0.12707,0,0,0.21214
16.428,1,105.73,7.7543,2.2311,0.45575,2.4851,0.12709,0,0,0.2133
16.434,1,105.76,7.7564,2.2175,0.45172,2.503,0.12711,0,0,0.21415
16.44,1,105.63,7.7584,2.2001,0.4505,2.4682,0.1271,0,0,0.21342
16.446,1,105.53,7.7604,2.1786,0.45093,2.453,0.12701,0,0,0.21269
16.451,1,105.65,7.7624,2.1687,0.45064,2.4738,0.12702,0,0,0.21236
16.458,1,105.76,7.7634,2.1603,0.4487,2.4638,0.12701,0,0,0.21253
16.464,1,105.85,7.7643,2.1433,0.447,2.4594,0.12705,0,0,0.21295
16.469,1,105.74,7.7652,2.1206,0.44538,2.4444,0.12701,0,0,0.21362
16.475,1,105.53,7.7656,2.1237,0.44533,2.4289,0.12695,0,0,0.21445
16.481,1,105.65,7.7658,2.1299,0.44594,2.4303,0.127,0,0,0.21545
16.487,1,105.72,7.7658,2.1347,0.44319,2.4422,0.12705,0,0,0.21653
16.493,1,105.74,7.7657,2.1382,0.44145,2.4393,0.1271,0,0,0.21774
16.499,1,105.73,7.7655,2.1432,0.44056,2.4101,0.12709,0,0,0.21917
16.504,1,105.83,7.765,2.1504,0.44172,2.3672,0.12714,0,0,0.2208
16.511,1,105.94,7.7644,2.1568,0.4449,2.3609,0.12719,0,0,0.22252
16.517,1,106.02,7.7637,2.1641,0.44694,2.3511,0.12722,0,0,0.22402
16.523,1,106.11,7.7629,2.1726,0.44691,2.3362,0.12726,0,0,0.22331
16.529,1,106.17,7.762,2.1803,0.45025,2.342,0.12729,0,0,0.22257
16.535,1,106.21,7.7611,2.1871,0.4538,2.3412,0.1273,0,0,0.22174
16.54,1,106.29,7.76,2.1964,0.45516,2.3174,0.12736,0,0,0.221
16.546,1,106.36,7.759,2.2038,0.45684,2.3171,0.12737,0,0,0.221
16.552,1,106.42,7.7579,2.2107,0.46112,2.3107,0.1274,0,0,0.22178
16.558,1,106.49,7.7568,2.2183,0.46319,2.3015,0.12744,0,0,0.2238
16.564,1,106.56,7.7557,2.2256,0.465,2.3005,0.12748,0,0,0.22528
16.57,1,106.61,7.7547,2.2324,0.46924,2.301,0.12752,0,0,0.22528
16.576,1,106.63,7.7538,2.2377,0.47323,2.3028,0.12754,0,0,0.22475
16.582,1,106.61,7.7528,2.2437,0.47627,2.2965,0.12756,0,0,0.22374
16.588,1,106.66,7.7518,2.2497,0.47573,2.2951,0.12751,0,0,0.22212
16.594,1,106.7,7.751,2.2544,0.47877,2.2949,0.12753,0,0,0.2201
16.601,1,106.73,7.7503,2.2579,0.48145,2.2976,0.12754,0,0,0.21777
16.606,1,106.69,7.7496,2.2618,0.48146,2.3116,0.12754,0,0,0.21495
16.613,1,106.6,7.749,2.2641,0.4806,2.3171,0.12748,0,0,0.21252
16.619,1,106.47,7.7487,2.2614,0.48155,2.3521,0.12747,0,0,0.2104
16.624,1,106.5,7.7488,2.2564,0.48199,2.3789,0.12749,0,0,0.2095
16.63,1,106.42,7.7491,2.2486,0.47938,2.4265,0.12744,0,0,0.20914
16.636,1,106.32,7.75,2.2499,0.47339,2.4466,0.12734,0,0,0.2095
16.642,1,106.2,7.7514,2.2458,0.47005,2.472,0.12728,0,0,0.21001
16.648,1,105.98,7.7535,2.2384,0.46481,2.486,0.12713,0,0,0.21079
16.654,1,105.73,7.7555,2.2272,0.45974,2.5124,0.12706,0,0,0.2117
16.66,1,105.68,7.7573,2.2135,0.45465,2.5181,0.12708,0,0,0.21276
16.666,1,105.73,7.7592,2.1972,0.45151,2.4877,0.12706,0,0,0.21389
16.671,1,105.55,7.7615,2.1785,0.4504,2.5138,0.12702,0,0,0.21381
16.677,1,105.48,7.7629,2.1697,0.45129,2.479,0.127,0,0,0.21299
16.683,1,105.58,7.7637,2.1611,0.4488,2.4976,0.12704,0,0,0.21221
16.689,1,105.69,7.7645,2.1438,0.44642,2.4663,0.12705,0,0,0.21225
16.695,1,105.79,7.7653,2.1241,0.44464,2.4631,0.12702,0,0,0.21245
16.701,1,105.68,7.7655,2.1258,0.44579,2.4468,0.12701,0,0,0.21298
16.707,1,105.71,7.7657,2.129,0.44621,2.4347,0.127,0,0,0.21366
16.713,1,105.6,7.7656,2.1333,0.44584,2.4466,0.12699,0,0,0.21454
16.718,1,105.71,7.7654,2.1397,0.44309,2.4192,0.12704,0,0,0.21554
16.724,1,105.82,7.7649,2.1477,0.43986,2.4,0.1271,0,0,0.21669
16.73,1,105.8,7.7645,2.1523,0.43902,2.3951,0.12715,0,0,0.21807
16.736,1,105.87,7.7639,2.1577,0.44009,2.3729,0.12715,0,0,0.21957
16.742,1,105.97,7.7632,2.1653,0.44295,2.3654,0.1272,0,0,0.22124
16.748,1,106.09,7.7622,2.1748,0.4462,2.3467,0.12725,0,0,0.22301
16.754,1,106.18,7.7613,2.1822,0.44866,2.3409,0.12729,0,0,0.22419
16.76,1,106.27,7.7603,2.1911,0.45224,2.3329,0.12734,0,0,0.2234
16.766,1,106.24,7.7593,2.1981,0.45604,2.3316,0.12731,0,0,0.2226
16.772,1,106.24,7.7583,2.2055,0.46005,2.3204,0.12733,0,0,0.22176
16.777,1,106.32,7.7572,2.2135,0.45943,2.3086,0.12733,0,0,0.22117
16.784,1,106.38,7.7561,2.2202,0.46331,2.307,0.12737,0,0,0.2214
16.79,1,106.44,7.7552,2.2262,0.46243,2.3034,0.12741,0,0,0.22189
16.795,1,106.52,7.7541,2.2335,0.46689,2.2959,0.12745,0,0,0.2236
16.802,1,106.58,7.7531,2.2399,0.47129,2.3013,0.12749,0,0,0.22396
16.808,1,106.62,7.7523,2.2448,0.47545,2.301,0.12753,0,0,0.22375
16.814,1,106.63,7.7515,2.2493,0.47888,2.2994,0.12756,0,0,0.22308
16.819,1,106.69,7.7507,2.2544,0.47829,2.2936,0.12754,0,0,0.22177
16.826,1,106.72,7.75,2.2585,0.47829,2.2961,0.12755,0,0,0.22
16.832,1,106.74,7.7494,2.2611,0.47968,2.3035,0.12757,0,0,0.21788
16.838,1,106.75,7.749,2.2609,0.48027,2.3179,0.12756,0,0,0.21549
16.844,1,106.68,7.7489,2.2557,0.48006,2.3541,0.12752,0,0,0.21297
16.85,1,106.41,7.7493,2.2455,0.47996,2.3763,0.12744,0,0,0.21106
16.856,1,106.18,7.7501,2.2488,0.47905,2.3749,0.12737,0,0,0.20895
16.862,1,106.18,7.7512,2.2512,0.47455,2.4132,0.12733,0,0,0.20841
16.867,1,106.23,7.7529,2.2483,0.47087,2.4357,0.12729,0,0,0.20872
16.873,1,106.12,7.7547,2.2425,0.47003,2.499,0.12724,0,0,0.20915
16.879,1,105.95,7.7563,2.232,0.46558,2.5252,0.12721,0,0,0.20989
16.885,1,105.9,7.758,2.2186,0.46007,2.5131,0.12715,0,0,0.21077
16.891,1,105.74,7.7601,2.201,0.45824,2.521,0.12708,0,0,0.21182
16.897,1,105.54,7.7622,2.1793,0.45326,2.5179,0.127,0,0,0.21299
16.903,1,105.57,7.7634,2.1674,0.45088,2.5235,0.12702,0,0,0.21293
16.909,1,105.57,7.7641,2.1578,0.4494,2.4998,0.12702,0,0,0.21202
16.915,1,105.47,7.7647,2.1392,0.447,2.4728,0.12701,0,0,0.21151
16.921,1,105.59,7.7653,2.1196,0.44478,2.4551,0.12698,0,0,0.21161
16.927,1,105.58,7.7655,2.126,0.44339,2.4423,0.12696,0,0,0.21188
16.933,1,105.65,7.7655,2.1303,0.4448,2.4507,0.12699,0,0,0.21245
16.939,1,105.72,7.7654,2.1347,0.44588,2.4482,0.12701,0,0,0.2132
16.945,1,105.65,7.7651,2.1406,0.44295,2.4244,0.12704,0,0,0.21414
16.951,1,105.73,7.7646,2.1467,0.44034,2.4115,0.12708,0,0,0.21519
16.956,1,105.82,7.764,2.1533,0.43849,2.3889,0.12712,0,0,0.21642
16.962,1,105.87,7.7634,2.1593,0.43958,2.3827,0.12713,0,0,0.21788
16.968,1,105.96,7.7626,2.1665,0.44182,2.3663,0.12715,0,0,0.21947
16.974,1,106.05,7.7618,2.1739,0.44448,2.3532,0.1272,0,0,0.22115
16.98,1,106.16,7.7608,2.1834,0.44685,2.348,0.12726,0,0,0.22302
16.986,1,106.24,7.7598,2.191,0.44735,2.343,0.1273,0,0,0.22487
16.992,1,106.32,7.7587,2.1993,0.45101,2.329,0.12735,0,0,0.22472
16.998,1,106.29,7.7577,2.2062,0.45484,2.3273,0.12736,0,0,0.22407
17.003,1,106.16,7.7568,2.2117,0.45872,2.3261,0.1273,0,0,0.22332
17.009,1,106.23,7.7557,2.2199,0.45952,2.3041,0.1273,0,0,0.22263
17.015,1,106.31,7.7547,2.2267,0.46244,2.3035,0.12734,0,0,0.22235
17.021,1,106.38,7.7537,2.2331,0.46495,2.2979,0.12739,0,0,0.22265
17.027,1,106.44,7.7528,2.2389,0.46929,2.2987,0.12744,0,0,0.22385
17.033,1,106.53,7.7518,2.2451,0.47364,2.2944,0.12749,0,0,0.22445
17.039,1,106.6,7.751,2.25,0.4777,2.2985,0.12752,0,0,0.22475
17.045,1,106.66,7.7502,2.2544,0.4814,2.2956,0.12756,0,0,0.22448
17.051,1,106.66,7.7495,2.259,0.48224,2.2915,0.12761,0,0,0.22365
17.057,1,106.7,7.7488,2.2625,0.4809,2.2958,0.12757,0,0,0.22222
17.064,1,106.73,7.7483,2.2648,0.48022,2.299,0.12758,0,0,0.22036
17.07,1,106.75,7.7481,2.2619,0.48145,2.3085,0.12758,0,0,0.21819
17.076,1,106.75,7.7482,2.2563,0.48219,2.3133,0.12754,0,0,0.21575
17.082,1,106.53,7.7487,2.2495,0.4815,2.3455,0.12748,0,0,0.21333
17.088,1,106.3,7.7497,2.2488,0.47967,2.3903,0.12743,0,0,0.21152
17.093,1,106.2,7.7513,2.2451,0.47537,2.4201,0.12733,0,0,0.20924
17.099,1,106.23,7.7534,2.2381,0.47141,2.4451,0.1273,0,0,0.20871
17.105,1,106.13,7.7553,2.2269,0.47077,2.5022,0.12724,0,0,0.20905
17.111,1,105.87,7.7571,2.2127,0.4681,2.53,0.12713,0,0,0.20951
17.117,1,105.62,7.759,2.196,0.46169,2.5197,0.12705,0,0,0.21028
17.123,1,105.51,7.7614,2.1789,0.45668,2.5097,0.12704,0,0,0.21117
17.129,1,105.55,7.7627,2.17,0.45603,2.512,0.12705,0,0,0.21221
17.135,1,105.58,7.7636,2.1621,0.45246,2.5403,0.127,0,0,0.21335
17.141,1,105.6,7.7644,2.145,0.45189,2.5166,0.12704,0,0,0.21259
17.146,1,105.61,7.7651,2.1244,0.44891,2.5122,0.12704,0,0,0.21164
17.152,1,105.47,7.7654,2.1244,0.4463,2.4656,0.12695,0,0,0.21153
17.158,1,105.54,7.7656,2.1292,0.44469,2.4563,0.12696,0,0,0.21161
17.164,1,105.62,7.7655,2.1349,0.44388,2.4473,0.127,0,0,0.21202
17.17,1,105.72,7.7653,2.1409,0.44432,2.4368,0.12704,0,0,0.21259
17.175,1,105.81,7.7648,2.1476,0.44369,2.4491,0.12708,0,0,0.21337
17.181,1,105.81,7.7644,2.1527,0.44222,2.4301,0.12711,0,0,0.21428
17.187,1,105.88,7.7639,2.1582,0.44095,2.419,0.12713,0,0,0.21534
17.193,1,105.81,7.7631,2.1656,0.44118,2.3911,0.12715,0,0,0.21668
17.199,1,105.95,7.7622,2.1751,0.44224,2.3599,0.12715,0,0,0.2182
17.205,1,106.05,7.7613,2.1827,0.44497,2.3523,0.12719,0,0,0.21983
17.211,1,106.14,7.7604,2.1896,0.44617,2.3438,0.12722,0,0,0.22153
17.216,1,106.24,7.7594,2.1976,0.44559,2.3366,0.12727,0,0,0.22338
17.222,1,106.33,7.7584,2.2056,0.44828,2.3319,0.12732,0,0,0.22531
17.228,1,106.41,7.7573,2.2134,0.45215,2.3258,0.12737,0,0,0.22571
17.234,1,106.29,7.7562,2.2205,0.45628,2.3209,0.12737,0,0,0.22504
17.24,1,106.2,7.7553,2.2261,0.46044,2.3205,0.12729,0,0,0.22431
17.246,1,106.28,7.7544,2.2319,0.46227,2.3128,0.12733,0,0,0.22365
17.252,1,106.37,7.7534,2.2386,0.46314,2.2979,0.12739,0,0,0.22333
17.258,1,106.46,7.7525,2.2444,0.46741,2.2944,0.12744,0,0,0.22365
17.264,1,106.52,7.7517,2.2485,0.47154,2.3001,0.12748,0,0,0.22314
17.27,1,106.6,7.7509,2.2531,0.47559,2.2967,0.12752,0,0,0.22382
17.276,1,106.67,7.7503,2.2566,0.47932,2.3004,0.12756,0,0,0.22423
17.281,1,106.71,7.7496,2.2604,0.48273,2.2945,0.1276,0,0,0.22407
17.288,1,106.69,7.7492,2.2593,0.48246,2.2936,0.12763,0,0,0.22335
17.294,1,106.72,7.7493,2.2535,0.47881,2.2964,0.12754,0,0,0.22202
17.3,1,106.7,7.7497,2.2457,0.47841,2.3023,0.1275,0,0,0.22026
17.306,1,106.71,7.7505,2.249,0.48026,2.312,0.12751,0,0,0.21818
17.312,1,106.69,7.7517,2.2513,0.48136,2.3199,0.12751,0,0,0.216
17.318,1,106.57,7.7535,2.2497,0.48121,2.3642,0.12748,0,0,0.21374
17.324,1,106.38,7.755,2.2438,0.47803,2.4287,0.12742,0,0,0.21202
17.33,1,106.28,7.7563,2.2349,0.47327,2.4554,0.12728,0,0,0.20984
17.335,1,106.06,7.7578,2.224,0.47046,2.4841,0.12721,0,0,0.20871
17.341,1,105.8,7.7599,2.2078,0.46706,2.5093,0.1271,0,0,0.20902
17.347,1,105.55,7.7618,2.1858,0.46044,2.5328,0.12702,0,0,0.20944
17.353,1,105.57,7.7631,2.1735,0.4542,2.5042,0.12703,0,0,0.21017
17.359,1,105.67,7.7637,2.1642,0.45347,2.5219,0.12708,0,0,0.21103
17.365,1,105.72,7.7641,2.1494,0.45478,2.5144,0.12704,0,0,0.21206
17.371,1,105.57,7.7649,2.1249,0.45409,2.5244,0.127,0,0,0.21215
17.377,1,105.47,7.7651,2.1277,0.45143,2.4929,0.12699,0,0,0.21116
17.383,1,105.5,7.7652,2.1302,0.4483,2.5177,0.12698,0,0,0.21094
17.389,1,105.54,7.7651,2.1356,0.44565,2.4729,0.127,0,0,0.21091
17.394,1,105.66,7.7647,2.1426,0.44231,2.4465,0.12705,0,0,0.21125
17.4,1,105.75,7.7642,2.1498,0.44019,2.4329,0.12709,0,0,0.21176
17.406,1,105.82,7.7636,2.1563,0.44079,2.4414,0.12708,0,0,0.21247
17.413,1,105.91,7.763,2.1619,0.44369,2.4479,0.12712,0,0,0.21334
17.419,1,105.93,7.7622,2.1691,0.44583,2.4201,0.12716,0,0,0.2144
17.424,1,105.85,7.7614,2.1766,0.44566,2.401,0.12718,0,0,0.21575
17.43,1,105.95,7.7605,2.1847,0.4458,2.371,0.12714,0,0,0.21726
17.436,1,106.05,7.7594,2.1938,0.44801,2.3415,0.12717,0,0,0.21899
17.442,1,106.14,7.7584,2.2006,0.44719,2.3392,0.1272,0,0,0.22077
17.448,1,106.22,7.7575,2.2072,0.44674,2.3376,0.12724,0,0,0.22265
17.454,1,106.32,7.7564,2.2153,0.44788,2.3372,0.12729,0,0,0.22469
17.46,1,106.35,7.7553,2.2227,0.45176,2.3318,0.12734,0,0,0.2264
17.466,1,106.3,7.7543,2.2295,0.45589,2.3235,0.12734,0,0,0.22581
17.472,1,106.26,7.7533,2.2356,0.46015,2.3186,0.12731,0,0,0.22512
17.478,1,106.31,7.7525,2.2406,0.46104,2.3169,0.12733,0,0,0.22444
17.484,1,106.4,7.7516,2.2464,0.46268,2.3018,0.12738,0,0,0.22389
17.49,1,106.5,7.7508,2.252,0.46692,2.2946,0.12742,0,0,0.22377
17.496,1,106.58,7.7501,2.2557,0.47098,2.2986,0.12746,0,0,0.22301
17.502,1,106.66,7.7494,2.252,0.4749,2.2971,0.1275,0,0,0.22331
17.508,1,106.72,7.7489,2.2553,0.47849,2.2988,0.12753,0,0,0.22401
17.514,1,106.76,7.7484,2.2575,0.48169,2.3016,0.12757,0,0,0.22442
17.519,1,106.74,7.7483,2.2576,0.48408,2.2977,0.12761,0,0,0.22427
17.526,1,106.65,7.7486,2.2515,0.4814,2.2998,0.12757,0,0,0.22352
17.532,1,106.68,7.7493,2.2502,0.48021,2.308,0.1275,0,0,0.22222
17.538,1,106.7,7.7506,2.2481,0.47872,2.32,0.1275,0,0,0.22053
17.544,1,106.71,7.7525,2.2432,0.47911,2.3203,0.12751,0,0,0.21848
17.55,1,106.63,7.7546,2.2344,0.47874,2.3768,0.12749,0,0,0.21624
17.556,1,106.35,7.7565,2.2215,0.47459,2.4371,0.12742,0,0,0.21416
17.562,1,106.17,7.7584,2.2064,0.46915,2.3983,0.12731,0,0,0.21239
17.568,1,105.95,7.7606,2.1892,0.46728,2.4235,0.12723,0,0,0.21029
17.574,1,105.74,7.7622,2.1811,0.46213,2.4879,0.12708,0,0,0.20895
17.579,1,105.63,7.7631,2.1768,0.45537,2.5142,0.12704,0,0,0.20933
17.585,1,105.64,7.7637,2.1647,0.45098,2.548,0.12706,0,0,0.20983
17.591,1,105.58,7.7646,2.141,0.45048,2.5533,0.12703,0,0,0.21063
17.597,1,105.6,7.7649,2.128,0.45436,2.5003,0.12701,0,0,0.21155
17.603,1,105.51,7.7651,2.1307,0.45616,2.4806,0.12699,0,0,0.21148
17.609,1,105.58,7.765,2.1355,0.45298,2.4609,0.12699,0,0,0.2107
17.615,1,105.62,7.7649,2.1391,0.44885,2.49,0.12702,0,0,0.21041
17.621,1,105.65,7.7646,2.1445,0.44451,2.4763,0.12705,0,0,0.21034
17.627,1,105.63,7.7642,2.1494,0.44103,2.4674,0.12708,0,0,0.21054
17.633,1,105.73,7.7637,2.1556,0.43893,2.442,0.12712,0,0,0.211
17.638,1,105.79,7.7627,2.1665,0.44005,2.398,0.12709,0,0,0.21167
17.644,1,105.89,7.7618,2.1754,0.44288,2.4266,0.12715,0,0,0.21248
17.651,1,105.92,7.7609,2.1828,0.44593,2.4376,0.12719,0,0,0.21348
17.656,1,105.97,7.7598,2.191,0.4452,2.4041,0.12724,0,0,0.21479
17.662,1,105.9,7.7588,2.1987,0.44732,2.3849,0.12718,0,0,0.21629
17.668,1,105.95,7.7578,2.205,0.44966,2.3687,0.12716,0,0,0.2179
17.674,1,106.06,7.7567,2.213,0.45245,2.3441,0.12719,0,0,0.21974
17.68,1,106.14,7.7557,2.2196,0.45226,2.3365,0.12723,0,0,0.22164
17.686,1,106.22,7.7548,2.2254,0.45181,2.3429,0.12727,0,0,0.22359
17.691,1,106.33,7.7537,2.233,0.45508,2.326,0.12733,0,0,0.22574
17.698,1,106.33,7.7526,2.2399,0.45896,2.3196,0.12737,0,0,0.22746
17.704,1,106.35,7.7516,2.246,0.46311,2.3144,0.12738,0,0,0.22688
17.71,1,106.29,7.7508,2.2511,0.46396,2.3113,0.12732,0,0,0.22617
17.716,1,106.34,7.7501,2.2546,0.46122,2.311,0.12734,0,0,0.22534
17.721,1,106.44,7.7493,2.2593,0.46371,2.2927,0.12739,0,0,0.22439
17.727,1,106.53,7.7486,2.2628,0.46802,2.2926,0.12744,0,0,0.22393
17.734,1,106.6,7.7481,2.264,0.47208,2.3017,0.12747,0,0,0.22322
17.739,1,106.69,7.7476,2.2545,0.47599,2.2966,0.12751,0,0,0.22318
17.745,1,106.74,7.7474,2.2539,0.47947,2.3079,0.12755,0,0,0.22394
17.751,1,106.71,7.7477,2.25,0.48245,2.3133,0.12756,0,0,0.22445
17.757,1,106.67,7.7486,2.2397,0.48302,2.3128,0.12754,0,0,0.22459
17.763,1,106.68,7.7501,2.2317,0.48062,2.3263,0.12753,0,0,0.2241
17.769,1,106.58,7.7524,2.2199,0.4761,2.326,0.12749,0,0,0.22318
17.775,1,106.43,7.7552,2.205,0.47414,2.3223,0.12747,0,0,0.2218
17.781,1,106.34,7.7579,2.1896,0.47309,2.3402,0.12744,0,0,0.21996
17.787,1,106.3,7.7597,2.1846,0.4699,2.4244,0.12742,0,0,0.21783
17.793,1,106.2,7.7609,2.1863,0.46679,2.421,0.12737,0,0,0.21563
17.798,1,106.01,7.7625,2.1827,0.46623,2.3884,0.12724,0,0,0.21359
17.804,1,105.88,7.7639,2.1669,0.46497,2.4471,0.12717,0,0,0.21164
17.81,1,105.86,7.7647,2.1585,0.45844,2.5218,0.12714,0,0,0.21026
17.816,1,105.74,7.7651,2.1477,0.45166,2.4941,0.12708,0,0,0.20999
17.822,1,105.65,7.7653,2.1352,0.44992,2.5088,0.12706,0,0,0.21048
17.828,1,105.57,7.7653,2.1349,0.45234,2.4883,0.127,0,0,0.21108
17.834,1,105.62,7.7653,2.1385,0.45411,2.4608,0.12702,0,0,0.21196
17.84,1,105.66,7.7652,2.1414,0.45411,2.4505,0.12704,0,0,0.2112
17.846,1,105.68,7.765,2.1452,0.45042,2.448,0.12703,0,0,0.21082
17.852,1,105.81,7.7644,2.1532,0.44623,2.4596,0.12708,0,0,0.21049
17.858,1,105.83,7.7638,2.1611,0.44314,2.4608,0.12711,0,0,0.21053
17.863,1,105.76,7.7629,2.1706,0.44138,2.4458,0.12715,0,0,0.21064
17.87,1,105.87,7.762,2.1783,0.44233,2.4412,0.12716,0,0,0.211
17.875,1,105.81,7.7611,2.1863,0.4452,2.4127,0.1271,0,0,0.21158
17.881,1,105.85,7.76,2.1948,0.4476,2.4121,0.12715,0,0,0.21239
17.887,1,105.91,7.759,2.2018,0.44853,2.4146,0.12717,0,0,0.2135
17.893,1,105.97,7.7579,2.2095,0.44733,2.3865,0.12722,0,0,0.21482
17.899,1,105.96,7.7568,2.2169,0.44938,2.3635,0.12721,0,0,0.21634
17.905,1,106.04,7.7558,2.2226,0.45178,2.3585,0.12721,0,0,0.21796
17.911,1,106.15,7.7548,2.2298,0.45373,2.3353,0.12724,0,0,0.21981
17.917,1,106.23,7.7538,2.2356,0.45261,2.3399,0.12728,0,0,0.22172
17.923,1,106.32,7.7529,2.2418,0.45249,2.3271,0.12733,0,0,0.22377
17.928,1,106.33,7.7519,2.248,0.45603,2.3166,0.12737,0,0,0.22591
17.934,1,106.34,7.751,2.2534,0.4599,2.3092,0.12736,0,0,0.22588
17.941,1,106.29,7.7502,2.2575,0.46374,2.3058,0.12731,0,0,0.22504
17.947,1,106.34,7.7495,2.2606,0.46128,2.3013,0.12734,0,0,0.22405
17.953,1,106.39,7.7489,2.2591,0.46467,2.2999,0.12737,0,0,0.2232
17.958,1,106.45,7.7484,2.261,0.4689,2.3053,0.1274,0,0,0.22302
17.964,1,106.54,7.748,2.2601,0.47307,2.3039,0.12744,0,0,0.22263
17.97,1,106.63,7.7481,2.2456,0.477,2.3194,0.12747,0,0,0.22174
17.976,1,106.64,7.7487,2.2401,0.48031,2.3087,0.12749,0,0,0.22266
17.982,1,106.62,7.75,2.2325,0.47825,2.3139,0.12748,0,0,0.22355
17.988,1,106.55,7.7519,2.2225,0.47764,2.3101,0.12746,0,0,0.2242
17.994,1,106.6,7.7544,2.2096,0.47646,2.3109,0.12746,0,0,0.22457
18,1,106.64,7.7574,2.1947,0.47506,2.3302,0.12748,0,0,0.22446
18.006,1,106.66,7.7598,2.183,0.4751,2.3237,0.1275,0,0,0.22373
18.012,1,106.52,7.7613,2.183,0.47475,2.3485,0.12748,0,0,0.22253
18.018,1,106.3,7.7627,2.1839,0.47393,2.3972,0.12739,0,0,0.22091
18.024,1,106.21,7.7643,2.1728,0.47078,2.4253,0.12734,0,0,0.21899
18.029,1,106.05,7.7653,2.1623,0.46507,2.4522,0.12729,0,0,0.21688
18.035,1,105.92,7.7658,2.1538,0.46388,2.4329,0.12724,0,0,0.21453
18.041,1,105.85,7.7661,2.1425,0.45996,2.4323,0.12717,0,0,0.21255
18.047,1,105.71,7.7661,2.1298,0.45355,2.4608,0.12709,0,0,0.21124
18.053,1,105.72,7.766,2.1341,0.44943,2.4731,0.12708,0,0,0.21086
18.059,1,105.64,7.7659,2.1371,0.45074,2.5151,0.12702,0,0,0.2112
18.065,1,105.64,7.7657,2.1398,0.45064,2.4944,0.12704,0,0,0.2118
18.071,1,105.71,7.7653,2.1449,0.45065,2.4653,0.12707,0,0,0.21077
18.077,1,105.73,7.7647,2.1531,0.44843,2.4327,0.12703,0,0,0.21021
18.083,1,105.8,7.7639,2.1618,0.44522,2.4173,0.12707,0,0,0.20988
18.089,1,105.86,7.7631,2.17,0.44448,2.4467,0.12711,0,0,0.20984
18.094,1,105.86,7.762,2.1795,0.44358,2.4467,0.12715,0,0,0.2099
18.101,1,105.95,7.7609,2.1881,0.44684,2.4421,0.12719,0,0,0.21016
18.107,1,106.01,7.7599,2.1949,0.44933,2.4478,0.1272,0,0,0.21055
18.113,1,105.94,7.759,2.2012,0.45073,2.4274,0.12712,0,0,0.21126
18.118,1,105.89,7.7579,2.2093,0.45108,2.4126,0.12715,0,0,0.21232
18.124,1,105.98,7.7568,2.216,0.44915,2.3984,0.12719,0,0,0.21357
18.13,1,106.02,7.7558,2.2225,0.44721,2.3722,0.12725,0,0,0.21503
18.136,1,106.04,7.7548,2.2292,0.44815,2.3528,0.12723,0,0,0.21668
18.142,1,106.1,7.7538,2.2351,0.45045,2.3421,0.12726,0,0,0.21846
18.148,1,106.15,7.7529,2.2408,0.45256,2.3368,0.12729,0,0,0.22037
18.153,1,106.21,7.7521,2.2458,0.45158,2.3444,0.12732,0,0,0.22235
18.159,1,106.21,7.7512,2.2514,0.45454,2.3235,0.12732,0,0,0.22449
18.165,1,106.27,7.7504,2.2566,0.458,2.3099,0.12732,0,0,0.22623
18.171,1,106.32,7.7497,2.2601,0.46174,2.3077,0.12736,0,0,0.22562
18.177,1,106.31,7.749,2.263,0.46545,2.3009,0.12732,0,0,0.22478
18.183,1,106.36,7.7485,2.2653,0.46557,2.2998,0.12735,0,0,0.22384
18.189,1,106.41,7.748,2.2616,0.46957,2.3081,0.12738,0,0,0.223
18.195,1,106.48,7.7479,2.2592,0.4737,2.3149,0.12741,0,0,0.22285
18.2,1,106.56,7.7482,2.2532,0.47761,2.3336,0.12745,0,0,0.22256
18.206,1,106.58,7.7491,2.2351,0.47842,2.318,0.12745,0,0,0.22168
18.212,1,106.57,7.7507,2.2293,0.47625,2.3116,0.12746,0,0,0.22234
18.218,1,106.47,7.7529,2.2172,0.47556,2.3161,0.12742,0,0,0.22335
18.224,1,106.52,7.7557,2.2023,0.47426,2.3095,0.12743,0,0,0.22415
18.23,1,106.59,7.7585,2.1879,0.47252,2.3027,0.12746,0,0,0.22466
18.236,1,106.63,7.7603,2.186,0.4751,2.3157,0.12748,0,0,0.22482
18.242,1,106.66,7.7615,2.1888,0.47581,2.3365,0.12748,0,0,0.22443
18.248,1,106.62,7.7632,2.183,0.47587,2.3987,0.12746,0,0,0.22363
18.254,1,106.38,7.7645,2.1684,0.4754,2.4194,0.12745,0,0,0.22233
18.26,1,106.15,7.7653,2.1602,0.47214,2.4273,0.1274,0,0,0.22067
18.266,1,106.07,7.7657,2.1492,0.46611,2.434,0.12727,0,0,0.21863
18.271,1,105.89,7.7658,2.137,0.46278,2.4131,0.12719,0,0,0.21639
18.277,1,105.67,7.7658,2.1356,0.45744,2.4037,0.1271,0,0,0.21405
18.283,1,105.75,7.7657,2.1396,0.45204,2.4388,0.12712,0,0,0.2123
18.289,1,105.8,7.7657,2.1408,0.44992,2.4863,0.12714,0,0,0.21222
18.295,1,105.8,7.7654,2.1447,0.45006,2.5077,0.12708,0,0,0.21195
18.301,1,105.82,7.7649,2.1533,0.45007,2.4795,0.12712,0,0,0.2123
18.307,1,105.93,7.7642,2.1615,0.45087,2.4559,0.12714,0,0,0.21139
18.313,1,105.84,7.7632,2.1714,0.4483,2.4087,0.12709,0,0,0.21069
18.319,1,105.91,7.7623,2.1801,0.44718,2.429,0.12714,0,0,0.21033
18.325,1,105.95,7.7613,2.1871,0.44669,2.4574,0.12717,0,0,0.21024
18.331,1,106.02,7.7602,2.1957,0.44904,2.4404,0.12722,0,0,0.21028
18.337,1,106.09,7.7591,2.2036,0.45236,2.4476,0.12725,0,0,0.21045
18.343,1,106.1,7.758,2.2104,0.45326,2.4413,0.12719,0,0,0.21109
18.349,1,105.94,7.7571,2.2164,0.45368,2.4224,0.12715,0,0,0.21203
18.355,1,106.01,7.756,2.2239,0.45064,2.3801,0.12721,0,0,0.21288
18.361,1,106.07,7.7549,2.2307,0.44848,2.3643,0.12726,0,0,0.21389
18.367,1,105.97,7.7539,2.2369,0.44633,2.349,0.12725,0,0,0.21534
18.373,1,106.05,7.7529,2.243,0.44735,2.3373,0.12726,0,0,0.21697
18.379,1,106.12,7.7519,2.2493,0.44942,2.3334,0.1273,0,0,0.2188
18.385,1,106.16,7.7511,2.2532,0.45185,2.3371,0.12732,0,0,0.22067
18.39,1,106.19,7.7504,2.2569,0.45466,2.3504,0.12731,0,0,0.22267
18.396,1,106.23,7.7496,2.2611,0.45783,2.3256,0.12728,0,0,0.22487
18.402,1,106.31,7.749,2.2639,0.46204,2.3172,0.12733,0,0,0.22513
18.408,1,106.33,7.7484,2.2662,0.46271,2.3086,0.12736,0,0,0.22449
18.414,1,106.36,7.748,2.2669,0.46522,2.3154,0.12735,0,0,0.22364
18.42,1,106.42,7.748,2.2596,0.46485,2.3413,0.12739,0,0,0.22269
18.426,1,106.46,7.7486,2.2451,0.469,2.371,0.12742,0,0,0.22215
18.432,1,106.44,7.7498,2.2301,0.47316,2.3541,0.12742,0,0,0.22215
18.438,1,106.37,7.7516,2.2199,0.4729,2.332,0.12737,0,0,0.22182
18.443,1,106.34,7.7541,2.2063,0.46956,2.3209,0.12733,0,0,0.22115
18.449,1,106.4,7.757,2.1913,0.46845,2.3157,0.12737,0,0,0.22134
18.455,1,106.47,7.7594,2.1831,0.46746,2.3122,0.12741,0,0,0.22241
18.461,1,106.53,7.7609,2.1844,0.46957,2.3123,0.12744,0,0,0.22324
18.467,1,106.57,7.762,2.1823,0.4731,2.3376,0.12745,0,0,0.2238
18.473,1,106.62,7.7639,2.1698,0.47409,2.3603,0.12745,0,0,0.22397
18.479,1,106.58,7.7649,2.1596,0.47385,2.4307,0.12742,0,0,0.22353
18.485,1,106.3,7.7655,2.149,0.47318,2.4198,0.12738,0,0,0.2226
18.491,1,106.02,7.7658,2.1359,0.4686,2.4101,0.12729,0,0,0.22123
18.497,1,105.78,7.766,2.1297,0.46245,2.4365,0.12719,0,0,0.21959
18.503,1,105.81,7.7659,2.1354,0.45845,2.4126,0.12714,0,0,0.21755
18.509,1,105.77,7.7658,2.1393,0.45246,2.3999,0.12717,0,0,0.21537
18.515,1,105.76,7.7657,2.141,0.4482,2.4126,0.12712,0,0,0.2137
18.52,1,105.83,7.7653,2.1468,0.44841,2.4206,0.12715,0,0,0.21232
18.526,1,105.92,7.7647,2.1551,0.44964,2.4427,0.1272,0,0,0.21192
18.532,1,105.98,7.7639,2.1645,0.44884,2.4438,0.12719,0,0,0.21142
18.538,1,106.06,7.763,2.1726,0.44978,2.4166,0.12724,0,0,0.21053
18.544,1,106.03,7.7621,2.1809,0.45174,2.4013,0.12717,0,0,0.20998
18.55,1,105.99,7.761,2.1899,0.4502,2.3835,0.1272,0,0,0.20965
18.557,1,106.06,7.7599,2.1977,0.45001,2.4176,0.12723,0,0,0.20956
18.563,1,106.09,7.7589,2.2038,0.45378,2.454,0.12725,0,0,0.20969
18.568,1,106.19,7.7578,2.2117,0.45651,2.4227,0.1273,0,0,0.20995
18.575,1,106.27,7.7567,2.2184,0.45717,2.4143,0.12734,0,0,0.21094
18.58,1,106.27,7.7557,2.2247,0.45797,2.386,0.12727,0,0,0.21196
18.586,1,106.13,7.7548,2.2308,0.45428,2.3941,0.12722,0,0,0.2129
18.592,1,106.13,7.7537,2.2377,0.45087,2.3611,0.12728,0,0,0.21377
18.598,1,106.02,7.7528,2.2434,0.44878,2.3537,0.1273,0,0,0.21514
18.604,1,105.96,7.7519,2.2487,0.44921,2.3401,0.12722,0,0,0.21681
18.61,1,106.05,7.751,2.2543,0.45127,2.3386,0.12726,0,0,0.2187
18.616,1,106.12,7.7502,2.2586,0.45185,2.3334,0.12729,0,0,0.22072
18.622,1,106.13,7.7495,2.2612,0.45399,2.3566,0.12728,0,0,0.22279
18.628,1,106.18,7.749,2.2634,0.45809,2.3555,0.12724,0,0,0.22494
18.633,1,106.27,7.7484,2.2659,0.4624,2.3306,0.12729,0,0,0.225
18.639,1,106.36,7.748,2.266,0.46334,2.3298,0.12733,0,0,0.22443
18.645,1,106.34,7.7481,2.258,0.46332,2.344,0.12733,0,0,0.22366
18.651,1,106.4,7.7489,2.2422,0.46181,2.3765,0.12737,0,0,0.22278
18.657,1,106.3,7.7502,2.2329,0.46418,2.3755,0.12737,0,0,0.22201
18.663,1,106.29,7.7522,2.2216,0.46778,2.3689,0.12733,0,0,0.22198
18.669,1,106.17,7.7548,2.2077,0.46637,2.3475,0.12726,0,0,0.22183
18.675,1,106.25,7.7577,2.1938,0.46517,2.3287,0.12729,0,0,0.22117
18.681,1,106.33,7.7601,2.1828,0.46405,2.3253,0.12733,0,0,0.22106
18.687,1,106.38,7.7616,2.1793,0.46381,2.3506,0.12737,0,0,0.22155
18.693,1,106.45,7.763,2.1761,0.466,2.3547,0.12741,0,0,0.22263
18.699,1,106.51,7.7646,2.1621,0.46822,2.3464,0.12743,0,0,0.22347
18.705,1,106.48,7.7656,2.1479,0.4675,2.3747,0.12741,0,0,0.22403
18.711,1,106.22,7.7661,2.135,0.46651,2.388,0.12732,0,0,0.22426
18.717,1,106.04,7.7663,2.1228,0.46536,2.4113,0.12726,0,0,0.22393
18.723,1,105.93,7.7663,2.1296,0.46203,2.4024,0.12726,0,0,0.22312
18.729,1,105.98,7.7663,2.1336,0.45845,2.4004,0.12729,0,0,0.22187
18.734,1,105.87,7.7662,2.1369,0.45722,2.4196,0.12723,0,0,0.22027
18.74,1,105.87,7.766,2.1398,0.4556,2.404,0.12717,0,0,0.21827
18.746,1,105.8,7.7656,2.1454,0.45076,2.378,0.12719,0,0,0.21613
18.752,1,105.86,7.765,2.1528,0.4502,2.3799,0.12717,0,0,0.21442
18.758,1,105.97,7.7642,2.1621,0.45222,2.3727,0.12722,0,0,0.2134
18.764,1,106.06,7.7633,2.1707,0.45123,2.4041,0.12726,0,0,0.21321
18.77,1,106.11,7.7622,2.1799,0.45124,2.3916,0.12729,0,0,0.21139
18.776,1,106.19,7.7612,2.1876,0.455,2.39,0.12729,0,0,0.21065
18.782,1,106.08,7.7602,2.195,0.45584,2.3871,0.12721,0,0,0.21018
18.788,1,106.07,7.759,2.2029,0.45495,2.3912,0.12725,0,0,0.21002
18.794,1,106.15,7.758,2.21,0.45882,2.4204,0.12729,0,0,0.21
18.8,1,106.23,7.757,2.2163,0.46232,2.4112,0.12733,0,0,0.21044
18.806,1,106.32,7.7559,2.2231,0.46225,2.3822,0.12738,0,0,0.21155
18.811,1,106.4,7.7549,2.23,0.4612,2.3618,0.12734,0,0,0.21257
18.818,1,106.25,7.7539,2.2359,0.45695,2.3862,0.12726,0,0,0.21355
18.823,1,106.12,7.753,2.2408,0.45326,2.3931,0.12726,0,0,0.21442
18.829,1,106.1,7.7521,2.2475,0.45256,2.3541,0.12731,0,0,0.21523
18.835,1,105.96,7.7512,2.2522,0.45279,2.3512,0.12726,0,0,0.21637
18.841,1,106.04,7.7504,2.2566,0.45476,2.3395,0.12721,0,0,0.21812
18.847,1,106.13,7.7497,2.2609,0.45411,2.3461,0.12726,0,0,0.22005
18.853,1,106.18,7.749,2.2638,0.45338,2.3345,0.1273,0,0,0.22212
18.859,1,106.16,7.7485,2.2653,0.45652,2.3655,0.12724,0,0,0.22418
18.865,1,106.23,7.7481,2.2661,0.46057,2.3655,0.12727,0,0,0.22492
18.87,1,106.32,7.7479,2.2634,0.46134,2.3565,0.12732,0,0,0.22455
18.876,1,106.34,7.7483,2.2529,0.46021,2.3691,0.12737,0,0,0.2239
18.882,1,106.34,7.7493,2.2371,0.46248,2.3799,0.12736,0,0,0.22306
18.888,1,106.24,7.7509,2.2277,0.46081,2.3766,0.12733,0,0,0.22216
18.894,1,106.19,7.7532,2.2154,0.46308,2.375,0.12728,0,0,0.22157
18.9,1,106.06,7.7559,2.1997,0.46319,2.3663,0.12719,0,0,0.22164
18.906,1,106.14,7.7586,2.1854,0.46152,2.3378,0.12723,0,0,0.2215
18.912,1,106.23,7.7603,2.1843,0.46098,2.3339,0.12728,0,0,0.22091
18.918,1,106.29,7.7615,2.1828,0.46093,2.3676,0.12732,0,0,0.22097
18.923,1,106.35,7.7631,2.1734,0.46303,2.3821,0.12736,0,0,0.22095
18.929,1,106.43,7.7644,2.157,0.46649,2.3684,0.12739,0,0,0.22192
18.935,1,106.36,7.7652,2.1475,0.46551,2.4006,0.12735,0,0,0.22283
18.941,1,106.09,7.7656,2.1333,0.46434,2.3957,0.12726,0,0,0.22351
18.947,1,105.91,7.7658,2.1305,0.46318,2.3784,0.1272,0,0,0.22395
18.953,1,105.87,7.7658,2.1362,0.46016,2.3799,0.12723,0,0,0.22328
18.959,1,105.93,7.7657,2.1403,0.45565,2.3956,0.12726,0,0,0.22175
18.965,1,105.99,7.7657,2.1415,0.45449,2.3873,0.12729,0,0,0.22032
18.971,1,105.97,7.7654,2.1456,0.45392,2.3988,0.12729,0,0,0.21928
18.976,1,105.95,7.7649,2.1535,0.4547,2.3732,0.12721,0,0,0.21835
18.982,1,105.96,7.7642,2.1622,0.45334,2.3554,0.12725,0,0,0.21701
18.988,1,106.05,7.7634,2.1712,0.4524,2.353,0.12724,0,0,0.21508
18.994,1,106.16,7.7624,2.1797,0.45331,2.3396,0.12729,0,0,0.21405
19,1,106.25,7.7615,2.1872,0.45191,2.3696,0.12733,0,0,0.21329
19.006,1,106.3,7.7604,2.1955,0.45375,2.3833,0.12735,0,0,0.21183
19.012,1,106.16,7.7594,2.2027,0.45762,2.384,0.12727,0,0,0.21044
19.018,1,106.11,7.7583,2.2097,0.4568,2.3619,0.12728,0,0,0.21008
19.024,1,106.2,7.7573,2.2169,0.46059,2.3602,0.12733,0,0,0.21001
19.03,1,106.28,7.7562,2.2234,0.46479,2.3915,0.12737,0,0,0.21013
19.036,1,106.37,7.7552,2.2301,0.46712,2.379,0.12741,0,0,0.21123
19.042,1,106.45,7.7542,2.2364,0.46704,2.3606,0.12745,0,0,0.21235
19.048,1,106.52,7.7532,2.2427,0.46312,2.3432,0.1274,0,0,0.2134
19.054,1,106.37,7.7523,2.2483,0.45824,2.3687,0.12732,0,0,0.21438
19.06,1,106.24,7.7514,2.2527,0.45644,2.3887,0.1273,0,0,0.21526
19.065,1,106.17,7.7506,2.2578,0.45604,2.3537,0.12734,0,0,0.21606
19.071,1,106.03,7.7499,2.2611,0.45615,2.3501,0.12728,0,0,0.21736
19.077,1,106.09,7.7492,2.2638,0.45869,2.369,0.12722,0,0,0.21918
19.083,1,106.17,7.7486,2.2665,0.45757,2.3471,0.12726,0,0,0.22119
19.089,1,106.1,7.7482,2.2672,0.45692,2.3577,0.12724,0,0,0.22326
19.095,1,106.16,7.7482,2.2614,0.4587,2.412,0.12725,0,0,0.22359
19.101,1,106.26,7.7486,2.2501,0.45902,2.398,0.1273,0,0,0.2233
19.107,1,106.31,7.7496,2.2388,0.45782,2.4077,0.12734,0,0,0.2228
19.112,1,106.14,7.7512,2.2304,0.45856,2.3825,0.12727,0,0,0.22207
19.118,1,106.14,7.7535,2.2188,0.45926,2.3759,0.12727,0,0,0.22129
19.124,1,105.97,7.7564,2.2034,0.45745,2.373,0.12719,0,0,0.22051
19.13,1,105.99,7.759,2.188,0.45862,2.3629,0.12716,0,0,0.22046
19.136,1,106.05,7.7606,2.1844,0.45815,2.374,0.12718,0,0,0.2205
19.142,1,106.13,7.7617,2.1838,0.4581,2.3909,0.12722,0,0,0.22014
19.148,1,106.2,7.7633,2.1762,0.45812,2.4038,0.12726,0,0,0.22023
19.154,1,106.29,7.7646,2.158,0.46044,2.3882,0.12731,0,0,0.22033
19.16,1,106.25,7.7653,2.1468,0.46143,2.3832,0.1273,0,0,0.2205
19.165,1,106.07,7.7657,2.1326,0.46,2.3877,0.12722,0,0,0.22111
19.171,1,106.04,7.7658,2.1316,0.45849,2.3976,0.12727,0,0,0.22211
19.177,1,105.99,7.7658,2.1353,0.45797,2.3871,0.12724,0,0,0.22285
19.183,1,105.86,7.7657,2.1392,0.45781,2.3596,0.1272,0,0,0.22331
19.189,1,105.88,7.7656,2.1414,0.45543,2.3773,0.12724,0,0,0.22202
19.195,1,105.94,7.7653,2.1465,0.45388,2.3777,0.12726,0,0,0.2206
19.201,1,106.03,7.7648,2.154,0.45313,2.3711,0.1273,0,0,0.21972
19.207,1,106.01,7.764,2.1635,0.45276,2.36,0.1273,0,0,0.21897
19.213,1,106.1,7.7632,2.1719,0.45614,2.3498,0.12727,0,0,0.21815
19.219,1,106.16,7.7622,2.181,0.45506,2.334,0.12729,0,0,0.21666
19.225,1,106.26,7.7612,2.1891,0.45429,2.3296,0.12734,0,0,0.21523
19.231,1,106.35,7.7601,2.197,0.45416,2.3191,0.12739,0,0,0.21493
19.237,1,106.42,7.7591,2.2037,0.45576,2.3458,0.12742,0,0,0.21393
19.242,1,106.45,7.758,2.2114,0.4599,2.3499,0.12737,0,0,0.21265
19.249,1,106.23,7.7569,2.2182,0.46278,2.3407,0.12732,0,0,0.21125
19.254,1,106.28,7.7559,2.225,0.46552,2.3289,0.12737,0,0,0.2104
19.26,1,106.37,7.7549,2.2315,0.46986,2.3308,0.12741,0,0,0.2104
19.266,1,106.44,7.7539,2.2374,0.47326,2.3613,0.12745,0,0,0.21118
19.272,1,106.53,7.7529,2.2441,0.47234,2.3493,0.12749,0,0,0.21226
19.278,1,106.59,7.7519,2.2501,0.47018,2.338,0.12752,0,0,0.21326
19.284,1,106.64,7.7511,2.2543,0.46545,2.3583,0.12749,0,0,0.21417
19.29,1,106.54,7.7503,2.2586,0.46291,2.3851,0.12742,0,0,0.215
19.296,1,106.21,7.7497,2.2615,0.46208,2.3824,0.12733,0,0,0.21577
19.302,1,106.05,7.749,2.2647,0.46145,2.352,0.12728,0.00044216,0,0.21652
19.308,1,106.09,7.7485,2.2667,0.45823,2.3887,0.1272,0.00077047,0,0.21817
19.314,1,106.16,7.7481,2.2673,0.45689,2.3686,0.12724,0.0010294,0,0.21999
19.319,1,106.08,7.748,2.2618,0.45563,2.3752,0.12726,0.0012583,0,0.222
19.326,1,106.11,7.7486,2.2476,0.4561,2.4219,0.12726,0.0014586,0,0.22372
19.332,1,106.17,7.7506,2.2147,0.45741,2.4446,0.12728,0.0016251,0,0.22362
19.337,1,106.12,7.7757,2.2014,0.45589,2.4304,0.12727,0.0017841,0,0.2232
19.343,1,106.09,7.7769,2.1704,0.45543,2.4276,0.12725,0.0019216,0,0.22263
19.349,1,105.93,7.7783,2.1375,0.45602,2.3932,0.12719,0.0020637,0,0.22181
19.355,1,105.78,7.7792,2.1205,0.45454,2.3849,0.12711,0.0021338,0,0.22102
19.361,1,105.87,7.7799,2.1233,0.4545,2.3917,0.12711,0.0021132,0,0.22038
19.367,1,105.95,7.7808,2.1249,0.4543,2.4365,0.12714,0.0020946,0,0.22047
19.372,1,106.03,7.7823,2.1116,0.4542,2.4346,0.12717,0.0020749,0,0.22042
19.378,1,106.1,7.7835,2.1105,0.45406,2.424,0.1272,0.0020644,0,0.22003
19.384,1,106.02,7.7849,2.1162,0.45635,2.4011,0.12719,0.0020543,0,0.22025
19.39,1,105.86,7.7863,2.1096,0.45452,2.4062,0.12711,0.0020482,0,0.22038
19.396,1,105.87,7.7875,2.1011,0.45307,2.4267,0.12712,0.0020442,0,0.22056
19.402,1,105.95,7.7881,2.1046,0.4522,2.4035,0.12714,0.0020419,0,0.22057
19.408,1,105.8,7.7885,2.1071,0.45198,2.3907,0.12707,0.0020421,0,0.22123
19.413,1,105.79,7.7891,2.1021,0.45166,2.362,0.12708,0.0020438,0,0.22012
19.419,1,105.86,7.7893,2.1047,0.45075,2.3463,0.12711,0.0020483,0,0.21894
19.425,1,105.95,7.7892,2.112,0.44964,2.3654,0.12715,0.002055,0,0.21815
19.431,1,106.04,7.7889,2.1196,0.44924,2.3508,0.1272,0.002064,0,0.21774
19.437,1,106.14,7.7883,2.1277,0.45035,2.3424,0.12724,0.0020749,0,0.21733
19.443,1,106.15,7.7876,2.1357,0.45431,2.3345,0.12729,0.0020879,0,0.2164
19.449,1,106.23,7.7869,2.1418,0.45789,2.3285,0.1273,0.0021027,0,0.21588
19.455,1,106.26,7.7862,2.1473,0.45674,2.3265,0.12735,0.0021193,0,0.21538
19.461,1,106.35,7.7855,2.1528,0.45712,2.3204,0.12738,0.0021373,0,0.21422
19.467,1,106.44,7.7847,2.1596,0.45709,2.3129,0.12742,0.0021564,0,0.21441
19.473,1,106.51,7.7838,2.1668,0.46125,2.3303,0.12745,0.002176,0,0.21373
19.479,1,106.46,7.7828,2.1751,0.46561,2.3279,0.1274,0.0021964,0,0.21275
19.485,1,106.32,7.7819,2.1823,0.46763,2.3211,0.12739,0.0022164,0,0.21157
19.491,1,106.4,7.781,2.1893,0.47184,2.317,0.12743,0.0022359,0,0.21054
19.496,1,106.48,7.78,2.1966,0.47596,2.3174,0.12747,0.0022543,0,0.21126
19.502,1,106.55,7.7791,2.2026,0.47696,2.3507,0.1275,0.0022705,0,0.21238
19.508,1,106.62,7.7782,2.2093,0.47543,2.3288,0.12753,0.0022841,0,0.21347
19.514,1,106.68,7.7773,2.2152,0.47049,2.3238,0.12756,0.0022941,0,0.21446
19.521,1,106.72,7.7766,2.2195,0.46874,2.338,0.12752,0.0023005,0,0.21535
19.526,1,106.57,7.7759,2.224,0.46787,2.3702,0.12739,0.0023029,0,0.21615
19.532,1,106.26,7.7753,2.2275,0.46706,2.3885,0.12725,0.0023025,0,0.21677
19.538,1,106.14,7.7747,2.2312,0.46404,2.3967,0.1272,0.0022969,0,0.21821
19.544,1,106.13,7.7744,2.2302,0.46292,2.3975,0.12723,0.0022856,0,0.22002
19.55,1,106.01,7.7744,2.2258,0.46195,2.4126,0.12724,0.0022698,0,0.22192
19.556,1,106.05,7.7747,2.2182,0.46101,2.4234,0.12725,0.0022479,0,0.22306
19.562,1,106.09,7.7755,2.207,0.45585,2.4259,0.12725,0.0022227,0,0.22302
19.568,1,105.98,7.7765,2.1816,0.45354,2.4659,0.1272,0.0021953,0,0.22277
19.573,1,105.93,7.7779,2.1491,0.45285,2.4367,0.12717,0.0021653,0,0.22226
19.579,1,105.98,7.7789,2.1272,0.45256,2.4286,0.12719,0.0021406,0,0.22161
19.585,1,105.8,7.7796,2.1253,0.45129,2.4079,0.12713,0.002121,0,0.22078
19.591,1,105.77,7.7803,2.13,0.45163,2.411,0.12709,0.0021021,0,0.22003
19.597,1,105.83,7.7817,2.1203,0.45371,2.4452,0.12711,0.0020814,0,0.21996
19.602,1,105.92,7.7828,2.1145,0.45349,2.4389,0.12712,0.0020694,0,0.22003
19.608,1,106,7.784,2.1193,0.45329,2.4322,0.12715,0.0020594,0,0.21981
19.614,1,105.87,7.7852,2.1207,0.45367,2.4198,0.12712,0.002053,0,0.21984
19.62,1,105.79,7.7867,2.1077,0.45183,2.4056,0.12708,0.0020475,0,0.22011
19.626,1,105.86,7.7875,2.107,0.45058,2.4374,0.12711,0.0020454,0,0.22037
19.632,1,105.92,7.7879,2.1115,0.44998,2.4273,0.12714,0.0020452,0,0.22062
19.638,1,105.81,7.7883,2.1108,0.44958,2.3928,0.12708,0.0020467,0,0.2206
19.644,1,105.77,7.7889,2.106,0.44929,2.3689,0.12709,0.0020503,0,0.21905
19.649,1,105.88,7.7888,2.1145,0.45021,2.344,0.12714,0.0020565,0,0.21787
19.656,1,105.99,7.7885,2.1217,0.44872,2.3322,0.12719,0.0020644,0,0.21716
19.662,1,106.09,7.788,2.1297,0.44807,2.3418,0.12724,0.002075,0,0.21686
19.668,1,106.16,7.7875,2.1349,0.44925,2.3386,0.12728,0.0020873,0,0.21672
19.673,1,106.27,7.7868,2.1427,0.45317,2.3234,0.12734,0.0021016,0,0.21596
19.679,1,106.3,7.7861,2.1485,0.45735,2.3168,0.12736,0.0021177,0,0.21584
19.686,1,106.28,7.7854,2.1533,0.46023,2.3143,0.12736,0.0021351,0,0.21562
19.692,1,106.37,7.7846,2.1607,0.45921,2.3167,0.12736,0.0021538,0,0.21546
19.698,1,106.45,7.7837,2.1684,0.46102,2.3111,0.1274,0.0021733,0,0.21456
19.704,1,106.53,7.7828,2.1766,0.46473,2.3014,0.12744,0.0021935,0,0.21489
19.71,1,106.59,7.7819,2.1833,0.46895,2.3029,0.12746,0.0022131,0,0.21452
19.715,1,106.52,7.7809,2.1908,0.46984,2.3138,0.12746,0.0022325,0,0.21383
19.722,1,106.46,7.78,2.1977,0.47281,2.3115,0.12746,0.0022506,0,0.21311
19.727,1,106.54,7.779,2.2042,0.47676,2.3099,0.12749,0.0022666,0,0.21224
19.733,1,106.61,7.7781,2.2107,0.48041,2.3206,0.12753,0.0022798,0,0.21272
19.74,1,106.66,7.7773,2.2153,0.48126,2.3319,0.12755,0.0022897,0,0.21379
19.745,1,106.72,7.7765,2.2209,0.47709,2.316,0.12757,0.0022956,0,0.21478
19.752,1,106.78,7.7758,2.2256,0.47183,2.3156,0.12757,0.0022975,0,0.21568
19.758,1,106.64,7.7751,2.2294,0.47092,2.3298,0.12747,0.0022956,0,0.21646
19.764,1,106.4,7.7746,2.2313,0.46986,2.3856,0.12732,0.0022904,0,0.21704
19.769,1,106.28,7.7744,2.2288,0.46881,2.4297,0.12728,0.0022799,0,0.21781
19.775,1,106.19,7.7745,2.2243,0.4674,2.4383,0.12723,0.0022622,0,0.21957
19.781,1,105.97,7.7749,2.2145,0.46675,2.4717,0.12721,0.0022404,0,0.22138
19.787,1,105.91,7.7758,2.1979,0.46573,2.4352,0.1272,0.0022139,0,0.22272
19.793,1,105.79,7.777,2.1659,0.45951,2.4315,0.12713,0.0021844,0,0.22278
19.799,1,105.68,7.7784,2.1328,0.45386,2.4383,0.12706,0.0021549,0,0.22263
19.805,1,105.78,7.7793,2.119,0.45098,2.4548,0.12709,0.002133,0,0.22226
19.81,1,105.9,7.7798,2.1239,0.44907,2.4325,0.12715,0.0021129,0,0.22164
19.816,1,105.91,7.7806,2.1252,0.44659,2.4273,0.12718,0.0020943,0,0.22088
19.822,1,105.74,7.7819,2.111,0.4482,2.4705,0.1271,0.002076,0,0.2201
19.828,1,105.74,7.7831,2.1131,0.45196,2.4538,0.12706,0.0020637,0,0.21952
19.834,1,105.83,7.7844,2.1179,0.45305,2.4417,0.12709,0.0020538,0,0.21962
19.84,1,105.7,7.7857,2.1141,0.45249,2.442,0.12703,0.0020484,0,0.21963
19.845,1,105.67,7.787,2.1021,0.45078,2.4304,0.12702,0.0020452,0,0.21932
19.851,1,105.77,7.7877,2.1045,0.44762,2.4222,0.12707,0.0020434,0,0.21969
19.857,1,105.84,7.7881,2.1085,0.44672,2.4428,0.1271,0.0020435,0,0.21998
19.863,1,105.89,7.7886,2.1059,0.44597,2.4367,0.12712,0.0020453,0,0.22034
19.869,1,105.73,7.789,2.105,0.44574,2.4062,0.12708,0.0020502,0,0.21957
19.875,1,105.84,7.7888,2.1131,0.447,2.3713,0.12713,0.002057,0,0.21744
19.881,1,105.97,7.7884,2.1216,0.448,2.3497,0.12719,0.002066,0,0.21535
19.887,1,106.08,7.7878,2.1303,0.44662,2.3361,0.12725,0.0020773,0,0.21464
19.893,1,106.18,7.7872,2.1367,0.44605,2.3303,0.12729,0.0020908,0,0.2146
19.899,1,106.26,7.7866,2.1418,0.4493,2.3297,0.12733,0.002106,0,0.2144
19.905,1,106.37,7.7858,2.1483,0.45308,2.3091,0.12738,0.0021231,0,0.21404
19.911,1,106.36,7.7851,2.1542,0.45715,2.3091,0.12742,0.0021416,0,0.21419
19.917,1,106.38,7.7842,2.1608,0.46139,2.3054,0.12739,0.0021611,0,0.21427
19.923,1,106.32,7.7834,2.1686,0.46275,2.3065,0.12739,0.0021813,0,0.21442
19.929,1,106.41,7.7824,2.1768,0.46652,2.3057,0.12739,0.0022021,0,0.21462
19.935,1,106.49,7.7814,2.1842,0.47038,2.3031,0.12742,0.0022225,0,0.2146
19.941,1,106.57,7.7804,2.1916,0.47474,2.2949,0.12746,0.0022423,0,0.21421
19.947,1,106.63,7.7796,2.1976,0.47561,2.3149,0.12746,0.0022603,0,0.21397
19.953,1,106.54,7.7786,2.2043,0.47444,2.3032,0.12747,0.0022763,0,0.21355
19.959,1,106.58,7.7778,2.2104,0.47807,2.3028,0.12751,0.0022894,0,0.21292
19.965,1,106.64,7.777,2.2158,0.48132,2.3038,0.12754,0.0022989,0,0.21303
19.971,1,106.7,7.7762,2.2209,0.48133,2.32,0.12756,0.0023045,0,0.21417
19.977,1,106.75,7.7755,2.2245,0.47987,2.3213,0.12757,0.0023065,0,0.21521
19.983,1,106.79,7.7748,2.2294,0.47714,2.3114,0.12758,0.0023037,0,0.21617
19.989,1,106.8,7.7743,2.2324,0.47637,2.3202,0.12756,0.002297,0,0.217
19.995,1,106.57,7.7741,2.2299,0.47526,2.3863,0.12745,0.0022844,0,0.21758
20.001,1,106.29,7.7742,2.2246,0.47182,2.4458,0.12734,0.0022672,0,0.2182
20.007,1,106.19,7.7746,2.2152,0.46934,2.4808,0.12729,0.002246,0,0.21976
20.012,1,106.04,7.7754,2.1987,0.46873,2.4788,0.1272,0.0022185,0,0.22153
20.018,1,105.84,7.7766,2.1666,0.46627,2.4573,0.1271,0.0021897,0,0.22189
20.024,1,105.56,7.778,2.1333,0.45968,2.4311,0.127,0.0021593,0,0.22194
20.03,1,105.59,7.7789,2.1215,0.45359,2.4329,0.127,0.0021339,0,0.22171
20.036,1,105.68,7.7794,2.125,0.44898,2.4838,0.12705,0.0021146,0,0.22123
20.042,1,105.78,7.7802,2.1252,0.44805,2.4569,0.12709,0.0020977,0,0.22063
20.048,1,105.85,7.7816,2.1108,0.44504,2.4686,0.12715,0.0020772,0,0.21981
20.054,1,105.7,7.7827,2.1134,0.44491,2.4893,0.12708,0.0020661,0,0.219
20.059,1,105.65,7.784,2.1179,0.44837,2.4758,0.12704,0.0020566,0,0.21846
20.065,1,105.64,7.7853,2.1183,0.4514,2.4451,0.12703,0.0020503,0,0.21856
20.071,1,105.58,7.7866,2.1048,0.45118,2.4447,0.12698,0.0020464,0,0.21865
20.077,1,105.68,7.7874,2.1056,0.44824,2.4328,0.12703,0.0020444,0,0.21831
20.083,1,105.73,7.7878,2.1089,0.44523,2.4436,0.12705,0.0020449,0,0.21879
20.089,1,105.81,7.7883,2.1088,0.44386,2.4384,0.12709,0.0020466,0,0.21919
20.094,1,105.88,7.7886,2.1079,0.44299,2.4155,0.12711,0.002051,0,0.21966
20.101,1,105.84,7.7885,2.1143,0.44328,2.3986,0.12713,0.0020579,0,0.21904
20.106,1,105.95,7.7882,2.1216,0.44531,2.3681,0.12718,0.0020668,0,0.21697
20.112,1,106.08,7.7876,2.131,0.44714,2.3444,0.12724,0.0020778,0,0.215
20.118,1,106.19,7.7869,2.1385,0.44559,2.3331,0.12728,0.002091,0,0.21407
20.125,1,106.28,7.7863,2.144,0.44685,2.3296,0.12732,0.002106,0,0.21407
20.131,1,106.35,7.7857,2.1479,0.45017,2.3283,0.12735,0.0021224,0,0.21384
20.136,1,106.44,7.785,2.1544,0.45392,2.3084,0.12739,0.0021406,0,0.2138
20.142,1,106.5,7.7841,2.1618,0.45793,2.3061,0.12743,0.0021599,0,0.21409
20.148,1,106.41,7.7832,2.1703,0.46218,2.2978,0.12745,0.0021802,0,0.21437
20.155,1,106.39,7.7822,2.178,0.46655,2.2979,0.12741,0.0022008,0,0.21467
20.161,1,106.37,7.7813,2.1849,0.47042,2.303,0.12741,0.0022207,0,0.21501
20.167,1,106.46,7.7803,2.1926,0.4728,2.2977,0.12742,0.0022403,0,0.2156
20.173,1,106.54,7.7793,2.1993,0.47697,2.2958,0.12746,0.0022581,0,0.21503
20.179,1,106.61,7.7784,2.2054,0.47927,2.2928,0.12749,0.0022735,0,0.21501
20.185,1,106.68,7.7776,2.2114,0.4783,2.2995,0.12749,0.0022859,0,0.21497
20.191,1,106.65,7.7767,2.2168,0.47875,2.2966,0.1275,0.0022947,0,0.21465
20.197,1,106.67,7.776,2.2213,0.48168,2.2984,0.12753,0.0022998,0,0.21418
20.203,1,106.72,7.7753,2.2257,0.48378,2.3039,0.12755,0.0023008,0,0.2144
20.209,1,106.75,7.7746,2.2298,0.48401,2.3214,0.12756,0.0022978,0,0.21545
20.215,1,106.77,7.7743,2.2296,0.48147,2.3479,0.12757,0.0022903,0,0.21638
20.22,1,106.75,7.7741,2.2268,0.48049,2.3949,0.12758,0.0022748,0,0.21721
20.227,1,106.58,7.7744,2.2192,0.47603,2.4428,0.1275,0.0022537,0,0.21778
20.233,1,106.3,7.7751,2.2073,0.47028,2.4515,0.12732,0.0022281,0,0.21816
20.239,1,106.12,7.7762,2.1848,0.46469,2.4655,0.12719,0.0021995,0,0.21965
20.245,1,105.84,7.7775,2.1515,0.4638,2.481,0.12714,0.0021704,0,0.22104
20.25,1,105.75,7.7787,2.1257,0.45828,2.4831,0.12706,0.0021426,0,0.22132
20.256,1,105.76,7.7795,2.1159,0.45319,2.4627,0.12702,0.0021212,0,0.2213
20.262,1,105.47,7.7801,2.1185,0.45014,2.4481,0.12695,0.0021019,0,0.22105
20.268,1,105.57,7.7811,2.1145,0.4478,2.4879,0.12699,0.0020819,0,0.22055
20.274,1,105.67,7.7822,2.1061,0.44626,2.5231,0.12704,0.0020674,0,0.21989
20.28,1,105.77,7.7833,2.1082,0.44445,2.5101,0.12709,0.0020584,0,0.21913
20.285,1,105.64,7.7845,2.1153,0.44518,2.4697,0.12705,0.0020505,0,0.21834
20.291,1,105.6,7.7857,2.1139,0.44502,2.4461,0.12701,0.0020456,0,0.21781
20.297,1,105.48,7.7869,2.1012,0.4484,2.4519,0.12696,0.0020442,0,0.21804
20.302,1,105.56,7.7876,2.1024,0.44938,2.4332,0.12699,0.002044,0,0.2181
20.308,1,105.63,7.7879,2.1078,0.44614,2.4309,0.12702,0.0020451,0,0.21788
20.314,1,105.7,7.7883,2.1064,0.44272,2.4331,0.12704,0.0020477,0,0.21839
20.32,1,105.75,7.7887,2.1034,0.44086,2.4314,0.12706,0.0020533,0,0.21889
20.326,1,105.84,7.7885,2.1114,0.4407,2.3956,0.12711,0.0020611,0,0.21952
20.332,1,105.89,7.7882,2.1184,0.44191,2.3725,0.12712,0.0020707,0,0.21984
20.337,1,105.99,7.7877,2.1273,0.4443,2.3504,0.12717,0.0020824,0,0.21769
20.343,1,106.07,7.7871,2.1333,0.44729,2.344,0.12721,0.0020958,0,0.2158
20.349,1,106.17,7.7863,2.1413,0.44817,2.3214,0.12726,0.0021112,0,0.21448
20.355,1,106.25,7.7856,2.1466,0.45025,2.3187,0.1273,0.002128,0,0.21369
20.361,1,106.32,7.785,2.1507,0.45393,2.3169,0.12733,0.0021459,0,0.21316
20.367,1,106.39,7.7842,2.1571,0.45787,2.3134,0.12737,0.0021647,0,0.21291
20.373,1,106.48,7.7832,2.1661,0.46209,2.3021,0.12741,0.0021848,0,0.21329
20.379,1,106.56,7.7822,2.1747,0.46646,2.2996,0.12745,0.0022053,0,0.21362
20.385,1,106.45,7.7812,2.1826,0.47084,2.2966,0.12747,0.0022256,0,0.21408
20.391,1,106.43,7.7802,2.1897,0.47114,2.2977,0.12743,0.0022451,0,0.21445
20.397,1,106.43,7.7793,2.1961,0.47254,2.3015,0.12745,0.0022629,0,0.21565
20.403,1,106.52,7.7783,2.2031,0.4753,2.2943,0.12747,0.0022788,0,0.21631
20.41,1,106.61,7.7774,2.2091,0.47952,2.2922,0.1275,0.0022917,0,0.21514
20.416,1,106.69,7.7766,2.2148,0.48061,2.2896,0.12753,0.0023011,0,0.21535
20.422,1,106.75,7.7759,2.2193,0.47948,2.2939,0.12751,0.0023069,0,0.21551
20.427,1,106.68,7.7751,2.2241,0.48145,2.293,0.12751,0.0023085,0,0.21542
20.433,1,106.68,7.7745,2.2282,0.48422,2.3006,0.12753,0.0023068,0,0.21516
20.439,1,106.72,7.7739,2.2316,0.48584,2.3086,0.12755,0.0023013,0,0.2152
20.445,1,106.76,7.7736,2.2316,0.48623,2.3317,0.12757,0.0022891,0,0.21616
20.451,1,106.72,7.7736,2.2269,0.48408,2.4171,0.12758,0.002273,0,0.21701
20.457,1,106.57,7.7739,2.2193,0.47923,2.4565,0.12752,0.0022491,0,0.21767
20.463,1,106.32,7.7747,2.2077,0.47354,2.4577,0.12738,0.0022215,0,0.21797
20.469,1,106.18,7.7758,2.1759,0.46742,2.4902,0.12727,0.0021913,0,0.21914
20.475,1,105.84,7.7773,2.1427,0.46357,2.4682,0.12713,0.0021612,0,0.22059
20.481,1,105.65,7.7784,2.1195,0.45776,2.466,0.12703,0.0021368,0,0.22112
20.487,1,105.73,7.7791,2.1203,0.4533,2.4892,0.12706,0.0021147,0,0.22122
20.493,1,105.78,7.7799,2.1243,0.45026,2.4712,0.12707,0.0020962,0,0.221
20.499,1,105.58,7.7812,2.1138,0.44753,2.4788,0.12697,0.0020753,0,0.22056
20.504,1,105.58,7.7824,2.1097,0.44553,2.56,0.127,0.0020629,0,0.21986
20.51,1,105.68,7.7836,2.1148,0.44471,2.5314,0.12704,0.0020531,0,0.21906
20.516,1,105.7,7.7849,2.1174,0.44427,2.4854,0.12707,0.0020479,0,0.21817
20.522,1,105.5,7.7863,2.1044,0.44562,2.4565,0.12696,0.0020441,0,0.21738
20.528,1,105.57,7.7871,2.1064,0.44575,2.4315,0.127,0.0020416,0,0.21712
20.534,1,105.61,7.7875,2.11,0.44789,2.4448,0.12702,0.0020422,0,0.21726
20.539,1,105.64,7.7879,2.1098,0.44611,2.4329,0.12703,0.0020439,0,0.21711
20.545,1,105.69,7.7885,2.1053,0.44212,2.4311,0.12706,0.0020473,0,0.21726
20.551,1,105.79,7.7884,2.1119,0.44023,2.4195,0.1271,0.0020535,0,0.21781
20.557,1,105.88,7.7882,2.1178,0.44008,2.4032,0.12711,0.0020619,0,0.21843
20.563,1,105.88,7.7878,2.1261,0.44131,2.3743,0.12712,0.0020722,0,0.21913
20.569,1,105.99,7.7871,2.1343,0.44372,2.3474,0.12717,0.0020844,0,0.21698
20.575,1,106.09,7.7864,2.1414,0.44655,2.3355,0.12722,0.0020986,0,0.21498
20.581,1,106.15,7.7859,2.145,0.44879,2.3356,0.12725,0.0021141,0,0.21387
20.587,1,106.24,7.7852,2.1505,0.45239,2.3186,0.1273,0.0021312,0,0.21312
20.593,1,106.33,7.7844,2.1581,0.45628,2.3104,0.12734,0.0021495,0,0.2122
20.599,1,106.39,7.7835,2.1649,0.46029,2.3122,0.12737,0.0021684,0,0.21159
20.604,1,106.47,7.7826,2.1732,0.46451,2.3037,0.12741,0.0021881,0,0.21177
20.61,1,106.56,7.7815,2.1819,0.46886,2.2986,0.12745,0.0022083,0,0.21227
20.617,1,106.54,7.7805,2.1897,0.47315,2.2984,0.12748,0.0022281,0,0.21288
20.623,1,106.54,7.7795,2.1968,0.47495,2.2971,0.12745,0.0022467,0,0.21344
20.629,1,106.47,7.7785,2.2033,0.47346,2.2985,0.12747,0.0022635,0,0.2146
20.635,1,106.55,7.7776,2.209,0.47311,2.3013,0.12747,0.0022775,0,0.21585
20.641,1,106.62,7.7768,2.2146,0.47721,2.2926,0.12749,0.0022884,0,0.21553
20.647,1,106.67,7.776,2.2196,0.48116,2.2917,0.12752,0.0022959,0,0.21517
20.653,1,106.72,7.7752,2.2243,0.48125,2.2919,0.12755,0.0022994,0,0.21553
20.659,1,106.71,7.7745,2.2286,0.48039,2.2991,0.12751,0.0022992,0,0.21574
20.665,1,106.66,7.7739,2.2324,0.48265,2.3066,0.12752,0.0022951,0,0.21565
20.671,1,106.7,7.7735,2.2325,0.48354,2.3351,0.12754,0.0022859,0,0.21537
20.677,1,106.73,7.7734,2.2287,0.48386,2.3669,0.12756,0.00227,0,0.2162
20.683,1,106.6,7.7737,2.2207,0.48242,2.4006,0.12751,0.0022485,0,0.21706
20.689,1,106.35,7.7744,2.2075,0.47683,2.4405,0.12738,0.002224,0,0.21768
20.695,1,106.15,7.7755,2.1769,0.47062,2.4656,0.12725,0.0021946,0,0.218
20.7,1,105.96,7.7769,2.1452,0.46499,2.4904,0.12717,0.0021641,0,0.21913
20.706,1,105.75,7.7781,2.1188,0.46391,2.4959,0.12713,0.0021363,0,0.22056
20.712,1,105.62,7.779,2.1167,0.45982,2.4642,0.12705,0.0021144,0,0.22087
20.718,1,105.66,7.7799,2.1206,0.45547,2.4677,0.12703,0.0020974,0,0.22106
20.724,1,105.71,7.7812,2.1133,0.4519,2.509,0.12705,0.0020768,0,0.22107
20.73,1,105.78,7.7826,2.1069,0.44876,2.5389,0.12708,0.0020627,0,0.22079
20.736,1,105.65,7.784,2.1128,0.44423,2.5168,0.12699,0.0020522,0,0.22026
20.742,1,105.58,7.7855,2.1091,0.44348,2.4989,0.127,0.002045,0,0.21952
20.747,1,105.57,7.7868,2.099,0.44315,2.4669,0.12698,0.002041,0,0.2187
20.753,1,105.65,7.7876,2.1001,0.44403,2.459,0.12703,0.0020396,0,0.21783
20.759,1,105.59,7.7879,2.1056,0.44544,2.4443,0.12701,0.0020396,0,0.217
20.765,1,105.63,7.7884,2.1036,0.44489,2.4402,0.12703,0.0020411,0,0.217
20.771,1,105.65,7.7889,2.1004,0.44664,2.4406,0.12704,0.0020446,0,0.21713
20.776,1,105.74,7.7889,2.1066,0.4437,2.4136,0.12708,0.0020503,0,0.21698
20.782,1,105.87,7.7885,2.1155,0.4411,2.3927,0.12714,0.0020582,0,0.21726
20.788,1,105.98,7.788,2.1243,0.44003,2.3887,0.12716,0.0020683,0,0.21779
20.794,1,105.86,7.7875,2.1301,0.44174,2.3869,0.12711,0.0020806,0,0.21844
20.8,1,105.95,7.7869,2.1361,0.44467,2.3622,0.12716,0.0020945,0,0.21746
20.806,1,106.06,7.7861,2.1431,0.44804,2.3356,0.12721,0.0021104,0,0.21531
20.812,1,106.15,7.7853,2.1489,0.44983,2.3275,0.12725,0.0021279,0,0.21394
20.818,1,106.21,7.7846,2.1543,0.45276,2.3283,0.12728,0.002146,0,0.21315
20.824,1,106.3,7.7837,2.1626,0.45658,2.3118,0.12732,0.0021655,0,0.21224
20.83,1,106.38,7.7828,2.1706,0.4606,2.3063,0.12736,0.0021855,0,0.2114
20.836,1,106.44,7.7819,2.1772,0.46463,2.3115,0.1274,0.0022052,0,0.21163
20.841,1,106.53,7.7808,2.1859,0.46888,2.2957,0.12745,0.0022257,0,0.21219
20.848,1,106.58,7.7798,2.1937,0.47305,2.2985,0.12749,0.0022453,0,0.21288
20.854,1,106.56,7.7788,2.2005,0.4765,2.2981,0.12753,0.0022633,0,0.21354
20.86,1,106.58,7.7778,2.2073,0.47578,2.2976,0.1275,0.0022791,0,0.21419
20.866,1,106.53,7.7769,2.2131,0.47539,2.2978,0.12748,0.0022915,0,0.21538
20.873,1,106.59,7.7761,2.2181,0.47548,2.2941,0.12748,0.0023005,0,0.21665
20.879,1,106.65,7.7754,2.2229,0.47956,2.2913,0.1275,0.0023055,0,0.21635
20.885,1,106.7,7.7747,2.2274,0.48125,2.2969,0.12754,0.0023066,0,0.21622
20.891,1,106.75,7.774,2.2315,0.48166,2.2963,0.12757,0.0023037,0,0.21663
20.897,1,106.7,7.7735,2.2345,0.48527,2.3109,0.12752,0.0022979,0,0.21695
20.902,1,106.66,7.7732,2.2336,0.48549,2.3559,0.12752,0.0022859,0,0.21698
20.908,1,106.7,7.7732,2.2294,0.48259,2.3872,0.12754,0.0022695,0,0.21682
20.914,1,106.52,7.7736,2.2207,0.48179,2.4188,0.12746,0.0022458,0,0.21717
20.92,1,106.14,7.7743,2.1923,0.47917,2.4071,0.12728,0.0022192,0,0.21779
20.926,1,105.95,7.7755,2.1587,0.47275,2.4438,0.12715,0.00219,0,0.21809
20.932,1,105.87,7.777,2.1274,0.46684,2.4766,0.12714,0.002157,0,0.21895
20.938,1,105.76,7.7781,2.1218,0.46638,2.5057,0.12712,0.0021309,0,0.22031
20.945,1,105.61,7.7791,2.1267,0.46439,2.4916,0.12703,0.0021105,0,0.22064
20.95,1,105.65,7.7801,2.1227,0.45895,2.4886,0.12707,0.0020923,0,0.22071
20.956,1,105.66,7.7818,2.1098,0.45418,2.528,0.12705,0.0020732,0,0.22073
20.962,1,105.69,7.7834,2.1155,0.45047,2.5191,0.12707,0.0020618,0,0.22048
20.968,1,105.71,7.7849,2.1124,0.44673,2.494,0.12706,0.0020521,0,0.22004
20.974,1,105.61,7.7864,2.1015,0.44344,2.4687,0.12698,0.0020459,0,0.21934
20.98,1,105.65,7.7873,2.1031,0.44338,2.4545,0.12699,0.0020412,0,0.21846
20.986,1,105.71,7.7878,2.107,0.44363,2.4587,0.12701,0.0020403,0,0.21754
20.991,1,105.64,7.7883,2.1058,0.44309,2.4497,0.12701,0.0020402,0,0.21663
20.997,1,105.68,7.7889,2.1025,0.44348,2.4444,0.12705,0.0020424,0,0.21616
21.003,1,105.78,7.7889,2.1099,0.44675,2.4072,0.1271,0.0020471,0,0.21632
21.009,1,105.87,7.7888,2.1155,0.44648,2.418,0.12714,0.0020543,0,0.21636
21.015,1,106.01,7.7882,2.1255,0.44295,2.3802,0.12719,0.0020629,0,0.2162
21.021,1,105.97,7.7876,2.1331,0.44286,2.3788,0.12715,0.002074,0,0.21681
21.027,1,105.93,7.7871,2.1384,0.44454,2.3763,0.12716,0.002087,0,0.21741
21.033,1,105.98,7.7865,2.1431,0.44774,2.3547,0.12718,0.0021017,0,0.21659
21.038,1,106.06,7.7858,2.1484,0.45074,2.3395,0.12721,0.0021178,0,0.21481
21.044,1,106.16,7.785,2.1561,0.45008,2.3223,0.12726,0.0021355,0,0.21362
21.05,1,106.24,7.7841,2.1641,0.45229,2.3156,0.12731,0.0021543,0,0.21273
21.056,1,106.34,7.7832,2.1717,0.45591,2.309,0.12736,0.0021737,0,0.21171
21.062,1,106.43,7.7821,2.1805,0.45978,2.3001,0.12741,0.0021939,0,0.21099
21.068,1,106.48,7.7812,2.1868,0.46365,2.3099,0.12745,0.0022132,0,0.21089
21.074,1,106.54,7.7803,2.1935,0.46755,2.3073,0.12749,0.0022319,0,0.21108
21.08,1,106.59,7.7792,2.2015,0.47146,2.3021,0.12754,0.0022496,0,0.21165
21.086,1,106.57,7.7782,2.2081,0.47348,2.2999,0.12754,0.0022646,0,0.21246
21.092,1,106.6,7.7773,2.214,0.47347,2.2994,0.12751,0.0022763,0,0.21329
21.098,1,106.49,7.7764,2.2191,0.47571,2.2954,0.12749,0.0022843,0,0.21423
21.105,1,106.54,7.7757,2.2231,0.47493,2.2972,0.12745,0.0022886,0,0.21567
21.111,1,106.6,7.775,2.2273,0.47838,2.3015,0.12749,0.0022892,0,0.217
21.117,1,106.66,7.7744,2.2307,0.47882,2.3041,0.12753,0.0022859,0,0.21717
21.123,1,106.72,7.774,2.2301,0.48116,2.3137,0.12754,0.0022754,0,0.21692
21.129,1,106.68,7.7739,2.2258,0.48266,2.3215,0.12753,0.0022607,0,0.2175
21.135,1,106.65,7.7743,2.2171,0.47861,2.3202,0.12748,0.0022409,0,0.21798
21.141,1,106.55,7.775,2.2045,0.47768,2.3453,0.12745,0.0022158,0,0.21818
21.147,1,106.25,7.776,2.1734,0.47653,2.3808,0.1273,0.0021887,0,0.21819
21.152,1,106.1,7.7774,2.1394,0.47495,2.4425,0.12719,0.002159,0,0.21796
21.158,1,105.98,7.7783,2.1227,0.4704,2.4556,0.12713,0.0021348,0,0.21799
21.164,1,105.83,7.7789,2.1244,0.47027,2.4677,0.12711,0.0021148,0,0.21899
21.17,1,105.7,7.7796,2.1275,0.46971,2.4786,0.12707,0.0020968,0,0.22023
21.176,1,105.55,7.781,2.1144,0.46695,2.4978,0.12701,0.0020762,0,0.22048
21.182,1,105.63,7.7822,2.1137,0.46133,2.4977,0.12705,0.0020645,0,0.22055
21.188,1,105.68,7.7836,2.118,0.4563,2.4852,0.12708,0.0020553,0,0.22057
21.194,1,105.58,7.7849,2.1141,0.45177,2.4896,0.12704,0.0020496,0,0.22044
21.2,1,105.54,7.7863,2.1033,0.44843,2.4658,0.12703,0.0020457,0,0.2201
21.205,1,105.64,7.787,2.1045,0.4442,2.4656,0.12702,0.0020438,0,0.21954
21.211,1,105.66,7.7875,2.1085,0.44278,2.4511,0.12702,0.0020435,0,0.21875
21.217,1,105.68,7.788,2.1057,0.44281,2.4542,0.12704,0.0020459,0,0.21792
21.223,1,105.77,7.7883,2.1064,0.44224,2.425,0.12708,0.0020507,0,0.2169
21.229,1,105.84,7.7882,2.1141,0.4454,2.412,0.12707,0.0020574,0,0.216
21.235,1,105.96,7.7879,2.1221,0.44788,2.3935,0.12713,0.0020662,0,0.21557
21.241,1,106.06,7.7874,2.1305,0.44777,2.4223,0.12718,0.0020771,0,0.21569
21.247,1,106.13,7.7868,2.1364,0.4447,2.4195,0.12722,0.00209,0,0.21563
21.252,1,106.1,7.7861,2.1436,0.44598,2.387,0.12716,0.0021048,0,0.21567
21.258,1,106.03,7.7856,2.148,0.44937,2.3818,0.12716,0.0021211,0,0.21632
21.264,1,106.09,7.7848,2.1539,0.45314,2.3476,0.12718,0.002139,0,0.217
21.27,1,106.14,7.7841,2.16,0.45463,2.3396,0.12721,0.0021579,0,0.21504
21.276,1,106.22,7.7834,2.1668,0.45424,2.3295,0.12725,0.002177,0,0.21381
21.282,1,106.33,7.7824,2.1752,0.45463,2.3096,0.1273,0.0021971,0,0.21291
21.288,1,106.4,7.7815,2.1827,0.45814,2.3065,0.12735,0.0022168,0,0.21192
21.293,1,106.46,7.7807,2.1891,0.46175,2.3067,0.1274,0.0022354,0,0.21113
21.299,1,106.54,7.7797,2.1972,0.46552,2.2983,0.12745,0.0022532,0,0.21083
21.305,1,106.58,7.7788,2.2028,0.46942,2.306,0.12749,0.0022682,0,0.21081
21.311,1,106.62,7.778,2.208,0.47302,2.3075,0.12753,0.0022804,0,0.21115
21.317,1,106.63,7.7772,2.2144,0.4739,2.2962,0.12757,0.002289,0,0.21168
21.323,1,106.61,7.7764,2.2195,0.47414,2.2946,0.12755,0.0022934,0,0.21241
21.329,1,106.64,7.7757,2.2239,0.47422,2.2997,0.12752,0.0022938,0,0.21329
21.336,1,106.56,7.7751,2.2273,0.47783,2.3037,0.12754,0.0022907,0,0.21437
21.342,1,106.54,7.7748,2.226,0.47908,2.3134,0.12748,0.0022819,0,0.21573
21.347,1,106.61,7.7747,2.2228,0.48161,2.3136,0.1275,0.0022668,0,0.2173
21.353,1,106.58,7.775,2.2147,0.48063,2.3357,0.12751,0.0022468,0,0.21882
21.359,1,106.65,7.7757,2.2037,0.47876,2.322,0.12752,0.0022213,0,0.21768
21.365,1,106.59,7.7767,2.1894,0.47475,2.3171,0.12746,0.0021936,0,0.21828
21.371,1,106.44,7.7781,2.161,0.47394,2.3144,0.12739,0.0021635,0,0.21892
21.377,1,106.32,7.779,2.141,0.47274,2.3339,0.1273,0.0021396,0,0.21931
21.383,1,106.27,7.7795,2.1278,0.47123,2.3744,0.12727,0.0021182,0,0.21942
21.389,1,106.17,7.7799,2.1262,0.47082,2.4483,0.12723,0.0020998,0,0.21929
21.395,1,106.04,7.7809,2.1206,0.47086,2.4794,0.12716,0.0020782,0,0.21912
21.401,1,105.74,7.7816,2.1213,0.47042,2.4635,0.12709,0.0020664,0,0.22021
21.407,1,105.6,7.7825,2.1167,0.46947,2.4868,0.12702,0.0020555,0,0.22053
21.413,1,105.6,7.7834,2.1235,0.46542,2.4802,0.12702,0.0020486,0,0.2207
21.419,1,105.69,7.7845,2.1263,0.45983,2.4639,0.12706,0.0020443,0,0.22075
21.425,1,105.55,7.7859,2.1109,0.45509,2.4486,0.12704,0.0020422,0,0.2207
21.43,1,105.6,7.7866,2.1094,0.45049,2.4472,0.12707,0.0020416,0,0.2205
21.436,1,105.64,7.787,2.1139,0.44662,2.4529,0.12708,0.002044,0,0.22011
21.442,1,105.72,7.7871,2.1188,0.44286,2.4579,0.12711,0.0020489,0,0.21958
21.448,1,105.75,7.7874,2.1144,0.44189,2.4551,0.12711,0.0020556,0,0.21883
21.454,1,105.81,7.7873,2.1208,0.44239,2.4289,0.12716,0.0020644,0,0.21799
21.459,1,105.91,7.787,2.128,0.44347,2.3961,0.12721,0.002075,0,0.21698
21.465,1,105.93,7.7864,2.1366,0.4458,2.3831,0.12715,0.0020876,0,0.21598
21.471,1,106.03,7.7858,2.1426,0.44739,2.4196,0.1272,0.0021021,0,0.21537
21.477,1,106.13,7.7851,2.1493,0.44963,2.4272,0.12722,0.0021183,0,0.21552
21.483,1,106.12,7.7846,2.1533,0.44923,2.4263,0.12716,0.0021357,0,0.21555
21.489,1,106.04,7.784,2.1577,0.45179,2.3998,0.12716,0.0021541,0,0.21539
21.494,1,106.13,7.7831,2.1661,0.45478,2.3607,0.1272,0.0021737,0,0.21602
21.501,1,106.22,7.7822,2.1747,0.45483,2.3392,0.12724,0.0021939,0,0.21559
21.507,1,106.28,7.7813,2.1813,0.45377,2.3348,0.12728,0.0022133,0,0.21414
21.513,1,106.37,7.7804,2.1884,0.45331,2.3202,0.12732,0.0022319,0,0.21312
21.518,1,106.48,7.7795,2.1956,0.45557,2.3092,0.12737,0.0022491,0,0.21207
21.524,1,106.55,7.7786,2.2026,0.45937,2.2995,0.12742,0.0022639,0,0.21093
21.531,1,106.59,7.7778,2.2074,0.46337,2.309,0.12746,0.0022755,0,0.21067
21.536,1,106.66,7.777,2.2133,0.46773,2.2993,0.12751,0.0022834,0,0.21045
21.542,1,106.7,7.7763,2.2175,0.47209,2.3018,0.12755,0.0022882,0,0.21064
21.548,1,106.7,7.7756,2.2217,0.47319,2.3042,0.12759,0.0022891,0,0.21104
21.554,1,106.66,7.775,2.2259,0.47358,2.3007,0.12758,0.0022849,0,0.21168
21.56,1,106.65,7.7747,2.2242,0.47326,2.3033,0.12754,0.0022736,0,0.21246
21.566,1,106.57,7.7747,2.2187,0.4772,2.3067,0.1275,0.0022574,0,0.21345
21.573,1,106.46,7.7751,2.2095,0.47662,2.3183,0.12745,0.0022359,0,0.21474
21.578,1,106.49,7.7759,2.1975,0.47581,2.3316,0.12745,0.0022094,0,0.21623
21.584,1,106.56,7.777,2.1834,0.47658,2.3381,0.12748,0.002181,0,0.21789
21.59,1,106.52,7.7784,2.1641,0.47618,2.3288,0.12745,0.0021517,0,0.21911
21.596,1,106.57,7.7792,2.1462,0.47167,2.3176,0.12744,0.0021286,0,0.21872
21.602,1,106.52,7.7796,2.1339,0.47008,2.3153,0.12738,0.0021088,0,0.2196
21.608,1,106.35,7.7801,2.1202,0.46901,2.321,0.1273,0.0020902,0,0.22039
21.614,1,106.33,7.781,2.1125,0.46773,2.3688,0.12733,0.0020705,0,0.22105
21.62,1,106.28,7.7816,2.1179,0.4693,2.4448,0.12733,0.0020596,0,0.22137
21.626,1,106.18,7.7824,2.1153,0.46943,2.4947,0.12729,0.0020506,0,0.22148
21.632,1,105.97,7.7832,2.1168,0.46905,2.4814,0.12719,0.0020444,0,0.2209
21.638,1,105.69,7.7843,2.1218,0.46663,2.4678,0.127,0.002041,0,0.22011
21.644,1,105.5,7.7856,2.1106,0.46002,2.4767,0.12696,0.0020395,0,0.22039
21.649,1,105.54,7.7864,2.1088,0.45414,2.4562,0.12701,0.0020394,0,0.22055
21.656,1,105.61,7.7867,2.1133,0.44965,2.4549,0.12704,0.002042,0,0.2206
21.661,1,105.68,7.7867,2.1178,0.4456,2.4432,0.12706,0.0020476,0,0.22058
21.667,1,105.74,7.7871,2.1129,0.44132,2.4445,0.12708,0.0020549,0,0.22047
21.673,1,105.81,7.7869,2.1206,0.4392,2.4318,0.12712,0.0020644,0,0.22009
21.679,1,105.86,7.7866,2.1267,0.43935,2.4482,0.12714,0.0020759,0,0.21956
21.685,1,105.74,7.786,2.1348,0.44201,2.4518,0.12719,0.0020893,0,0.21878
21.691,1,105.82,7.7855,2.1401,0.44392,2.4329,0.12723,0.0021043,0,0.21797
21.696,1,105.9,7.7848,2.1471,0.44746,2.3969,0.12723,0.002121,0,0.21696
21.702,1,105.95,7.7841,2.1529,0.44926,2.4133,0.12721,0.0021393,0,0.21601
21.708,1,106.04,7.7835,2.1571,0.45129,2.435,0.12721,0.0021582,0,0.21546
21.714,1,106.08,7.7827,2.1653,0.45001,2.4047,0.12716,0.0021783,0,0.21563
21.72,1,106.12,7.7819,2.1721,0.45171,2.401,0.1272,0.0021983,0,0.21567
21.726,1,106.2,7.781,2.1791,0.45416,2.3739,0.12724,0.002218,0,0.21555
21.731,1,106.3,7.7801,2.187,0.45303,2.3496,0.12728,0.0022374,0,0.21592
21.737,1,106.37,7.7791,2.1949,0.45132,2.3328,0.12732,0.0022556,0,0.2141
21.744,1,106.42,7.7783,2.2005,0.45229,2.3306,0.12735,0.0022712,0,0.21307
21.749,1,106.5,7.7775,2.2064,0.45549,2.3151,0.12739,0.0022841,0,0.21188
21.755,1,106.59,7.7766,2.213,0.45909,2.299,0.12744,0.0022936,0,0.21073
21.761,1,106.66,7.7758,2.2183,0.46299,2.2955,0.12749,0.0022989,0,0.21027
21.767,1,106.7,7.7752,2.2216,0.46697,2.3032,0.12752,0.0023012,0,0.21011
21.773,1,106.75,7.7745,2.2263,0.47122,2.297,0.12757,0.0022987,0,0.21015
21.779,1,106.77,7.774,2.2289,0.47543,2.305,0.1276,0.0022935,0,0.21043
21.785,1,106.76,7.7738,2.2273,0.47904,2.307,0.12761,0.0022817,0,0.21096
21.791,1,106.61,7.7738,2.2236,0.47907,2.3019,0.12756,0.0022629,0,0.21168
21.797,1,106.39,7.7743,2.2142,0.47821,2.3136,0.12745,0.002239,0,0.21258
21.803,1,106.44,7.7751,2.2015,0.47783,2.3195,0.12743,0.0022115,0,0.21381
21.809,1,106.47,7.7763,2.1862,0.47758,2.3189,0.12746,0.0021816,0,0.21522
21.815,1,106.51,7.7777,2.171,0.4752,2.3402,0.12744,0.0021504,0,0.21684
21.821,1,106.45,7.7786,2.158,0.47349,2.3291,0.12741,0.0021261,0,0.21863
21.827,1,106.52,7.7791,2.1453,0.47258,2.3287,0.1274,0.0021065,0,0.21958
21.833,1,106.56,7.7798,2.1269,0.47046,2.356,0.12742,0.0020874,0,0.21924
21.839,1,106.46,7.781,2.1174,0.4695,2.3829,0.12735,0.0020686,0,0.22034
21.845,1,106.34,7.7819,2.1245,0.46838,2.4338,0.1273,0.0020578,0,0.22124
21.851,1,106.28,7.783,2.1264,0.46508,2.4632,0.12731,0.0020491,0,0.22192
21.856,1,106.12,7.7842,2.1213,0.46442,2.481,0.12723,0.0020438,0,0.22224
21.862,1,105.82,7.7855,2.1103,0.46359,2.47,0.12711,0.0020406,0,0.22214
21.868,1,105.54,7.7864,2.1091,0.46293,2.4743,0.12701,0.002039,0,0.22157
21.874,1,105.61,7.7868,2.1129,0.4573,2.4597,0.12702,0.0020392,0,0.22055
21.88,1,105.64,7.7871,2.1149,0.45205,2.4654,0.12701,0.0020418,0,0.22048
21.886,1,105.71,7.7876,2.1103,0.44708,2.4565,0.12704,0.0020472,0,0.22068
21.892,1,105.78,7.7875,2.1169,0.44366,2.4513,0.12708,0.0020545,0,0.22076
21.898,1,105.86,7.7872,2.1236,0.4404,2.4371,0.12712,0.0020642,0,0.22074
21.903,1,105.98,7.7867,2.1314,0.43933,2.4142,0.12712,0.0020758,0,0.22062
21.909,1,105.93,7.7862,2.1378,0.4411,2.4171,0.12715,0.0020893,0,0.2203
21.915,1,106.04,7.7855,2.1447,0.4437,2.434,0.12719,0.0021046,0,0.2198
21.921,1,105.84,7.7849,2.1495,0.44406,2.4434,0.1272,0.0021214,0,0.21907
21.927,1,105.83,7.7843,2.1533,0.4445,2.4346,0.12723,0.002139,0,0.21831
21.932,1,105.94,7.7835,2.1617,0.44798,2.4007,0.12726,0.0021582,0,0.21734
21.938,1,106.02,7.7826,2.1703,0.45086,2.3964,0.12728,0.0021782,0,0.21639
21.944,1,106.08,7.7816,2.1778,0.45434,2.3866,0.12723,0.0021984,0,0.21573
21.95,1,106.12,7.7807,2.1851,0.45179,2.3762,0.12723,0.0022183,0,0.21587
21.956,1,106.19,7.7798,2.1916,0.45174,2.3605,0.12727,0.0022373,0,0.21594
21.962,1,106.27,7.7789,2.1986,0.45209,2.3406,0.12732,0.0022551,0,0.21575
21.968,1,106.32,7.7781,2.2043,0.45117,2.3344,0.12735,0.0022706,0,0.21503
21.974,1,106.38,7.7772,2.2109,0.45403,2.3153,0.12738,0.0022835,0,0.21363
21.98,1,106.43,7.7764,2.2164,0.45721,2.3112,0.12741,0.0022932,0,0.21244
21.985,1,106.47,7.7757,2.22,0.4606,2.3124,0.12743,0.0022996,0,0.21121
21.991,1,106.56,7.7749,2.2257,0.46432,2.2946,0.12747,0.0023014,0,0.21064
21.997,1,106.64,7.7742,2.2306,0.46823,2.2944,0.12751,0.0022992,0,0.21016
22.003,1,106.7,7.7736,2.2335,0.47217,2.2989,0.12754,0.0022931,0,0.21005
22.009,1,106.74,7.7734,2.2309,0.47593,2.3102,0.12756,0.002283,0,0.21015
22.015,1,106.71,7.7734,2.2266,0.4796,2.3167,0.12755,0.0022674,0,0.21049
22.021,1,106.56,7.7737,2.2193,0.48003,2.3225,0.12751,0.0022446,0,0.21103
22.027,1,106.44,7.7745,2.2077,0.47828,2.3157,0.12751,0.0022178,0,0.21175
22.033,1,106.39,7.7756,2.1924,0.47538,2.3236,0.12746,0.0021891,0,0.2128
22.039,1,106.35,7.7771,2.1611,0.4714,2.3189,0.12736,0.0021574,0,0.21408
22.045,1,106.42,7.778,2.1411,0.47038,2.3233,0.1274,0.0021337,0,0.21555
22.05,1,106.38,7.7787,2.1279,0.47064,2.3423,0.12744,0.0021128,0,0.2172
22.056,1,106.42,7.7796,2.126,0.46993,2.3791,0.12738,0.0020946,0,0.21899
22.062,1,106.5,7.7812,2.1203,0.4689,2.4106,0.12738,0.0020738,0,0.22021
22.068,1,106.39,7.7825,2.1209,0.4693,2.4325,0.12736,0.0020625,0,0.21941
22.074,1,106.28,7.7839,2.1161,0.46831,2.4305,0.12727,0.0020529,0,0.22019
22.08,1,106.14,7.7855,2.1068,0.46197,2.4434,0.12719,0.0020468,0,0.22119
22.086,1,105.98,7.7864,2.1057,0.45848,2.4847,0.12712,0.002043,0,0.22199
22.092,1,105.8,7.7868,2.1123,0.45823,2.4577,0.12711,0.002041,0,0.22253
22.098,1,105.69,7.7872,2.1129,0.45843,2.462,0.12703,0.0020412,0,0.22262
22.103,1,105.66,7.7879,2.1061,0.45275,2.4425,0.12704,0.002043,0,0.22225
22.109,1,105.74,7.7879,2.1141,0.44759,2.4505,0.12708,0.0020479,0,0.22135
22.115,1,105.81,7.7877,2.1206,0.44367,2.4486,0.12709,0.0020548,0,0.22021
22.122,1,105.84,7.7872,2.1285,0.44138,2.4534,0.12709,0.0020642,0,0.22037
22.128,1,105.95,7.7867,2.1348,0.44046,2.4314,0.12714,0.0020758,0,0.22041
22.133,1,106.07,7.7861,2.1418,0.44146,2.4103,0.12719,0.0020893,0,0.22033
22.139,1,106.14,7.7855,2.1464,0.44435,2.3993,0.12716,0.0021046,0,0.22005
22.145,1,105.98,7.7849,2.1509,0.44759,2.4298,0.12715,0.0021212,0,0.21955
22.151,1,106.08,7.784,2.1602,0.45005,2.4022,0.1272,0.0021397,0,0.21881
22.157,1,106.04,7.7832,2.1673,0.44988,2.4063,0.12722,0.0021589,0,0.21793
22.163,1,105.98,7.7824,2.1745,0.44731,2.4196,0.12725,0.0021785,0,0.217
22.169,1,105.91,7.7814,2.1822,0.4486,2.417,0.12728,0.0021986,0,0.21595
22.174,1,106.01,7.7804,2.1904,0.45044,2.392,0.12725,0.0022188,0,0.21493
22.181,1,106.02,7.7795,2.1972,0.45239,2.3759,0.12721,0.0022379,0,0.21477
22.186,1,106.1,7.7785,2.2034,0.45329,2.3582,0.12725,0.0022553,0,0.21482
22.192,1,106.2,7.7776,2.21,0.45368,2.3378,0.1273,0.0022703,0,0.21461
22.198,1,106.27,7.7767,2.2161,0.45331,2.3255,0.12733,0.0022821,0,0.21471
22.205,1,106.32,7.776,2.2201,0.45587,2.3263,0.12736,0.0022905,0,0.21343
22.21,1,106.38,7.7753,2.2247,0.45879,2.3116,0.12738,0.002295,0,0.21207
22.216,1,106.43,7.7746,2.2294,0.46196,2.3049,0.12741,0.0022957,0,0.21078
22.222,1,106.47,7.7741,2.2318,0.46527,2.3161,0.12743,0.0022938,0,0.21034
22.228,1,106.56,7.7737,2.2324,0.4688,2.2997,0.12748,0.002284,0,0.20993
22.234,1,106.64,7.7736,2.229,0.47244,2.2997,0.12749,0.0022685,0,0.2098
22.24,1,106.58,7.7739,2.2201,0.47263,2.3161,0.12745,0.0022467,0,0.20986
22.246,1,106.46,7.7746,2.2073,0.47212,2.3235,0.12743,0.0022232,0,0.21015
22.252,1,106.5,7.7758,2.1917,0.47574,2.3187,0.12747,0.0021948,0,0.21071
22.258,1,106.46,7.7772,2.172,0.47842,2.3302,0.12746,0.0021643,0,0.21151
22.264,1,106.34,7.7782,2.1531,0.47463,2.3234,0.1274,0.0021395,0,0.21264
22.27,1,106.28,7.7789,2.1396,0.47,2.3285,0.12739,0.0021185,0,0.21396
22.276,1,106.35,7.7798,2.1254,0.46923,2.3479,0.12736,0.0021002,0,0.21547
22.282,1,106.43,7.7813,2.1151,0.46822,2.3335,0.1274,0.002079,0,0.21717
22.288,1,106.36,7.7826,2.121,0.46967,2.3332,0.12739,0.0020673,0,0.21902
22.294,1,106.11,7.784,2.1196,0.46883,2.3698,0.12731,0.0020575,0,0.22098
22.299,1,106.16,7.7855,2.1082,0.46473,2.3968,0.12723,0.002051,0,0.22138
22.305,1,106.24,7.7864,2.1071,0.46369,2.4115,0.12725,0.0020465,0,0.22058
22.311,1,106.29,7.7869,2.1127,0.46335,2.4442,0.12729,0.0020442,0,0.22089
22.317,1,106.16,7.7873,2.1138,0.46247,2.4647,0.12723,0.0020441,0,0.22191
22.323,1,105.79,7.8094,2.1063,0.46166,2.4523,0.12708,0.0020462,0,0.22272
22.329,1,105.71,7.8753,2.0806,0.45906,2.4212,0.12707,0.0020509,0,0.22326
22.335,1,105.79,7.926,2.0021,0.45341,2.4136,0.1271,0.0020575,0,0.22331
22.341,1,105.86,7.9485,1.9821,0.44778,2.4304,0.12714,0.0020663,0,0.22286
22.347,1,105.97,7.9416,1.9792,0.44314,2.4244,0.1272,0.0020772,0,0.22186
22.353,1,105.91,7.9326,1.975,0.44214,2.4473,0.12715,0.0020903,0,0.22059
22.359,1,105.96,7.9218,1.9702,0.44321,2.4492,0.12719,0.0021052,0,0.22059
22.365,1,106.05,7.9108,1.9703,0.44625,2.4348,0.12722,0.0021216,0,0.22052
22.37,1,106.16,7.9009,1.976,0.44968,2.3865,0.12727,0.0021396,0,0.22026
22.377,1,106.12,7.8976,1.9882,0.45338,2.3846,0.1272,0.0021585,0,0.21972
22.382,1,106.15,7.896,1.996,0.45423,2.4099,0.12723,0.0021777,0,0.21907
22.388,1,106.25,7.8913,1.9944,0.45328,2.3943,0.12728,0.002198,0,0.21817
22.394,1,106.24,7.8912,2.0051,0.44993,2.4352,0.12724,0.0022175,0,0.21719
22.4,1,105.94,7.8926,2.0116,0.44912,2.4375,0.12724,0.0022361,0,0.21611
22.406,1,105.91,7.8954,2.0179,0.45014,2.423,0.12719,0.0022531,0,0.21513
22.411,1,105.88,7.8986,2.0222,0.45358,2.3886,0.12714,0.002268,0,0.21444
22.417,1,106.01,7.9022,2.0265,0.45415,2.3584,0.1272,0.00228,0,0.21445
22.423,1,106.09,7.9049,2.0273,0.45413,2.3508,0.12724,0.0022886,0,0.21443
22.429,1,106.17,7.9073,2.029,0.45352,2.3352,0.12728,0.0022934,0,0.21417
22.435,1,106.25,7.9094,2.0312,0.45324,2.322,0.12732,0.0022946,0,0.2137
22.441,1,106.31,7.9111,2.0327,0.4551,2.3171,0.12735,0.0022919,0,0.21216
22.447,1,106.34,7.9128,2.0348,0.45785,2.3519,0.12737,0.0022848,0,0.21103
22.452,1,106.41,7.9161,2.0403,0.46093,2.323,0.1274,0.0022705,0,0.21038
22.458,1,106.45,7.9189,2.037,0.46421,2.3226,0.12736,0.0022527,0,0.21003
22.464,1,106.35,7.9224,2.0259,0.46723,2.3162,0.12731,0.0022278,0,0.20987
22.47,1,106.37,7.9253,2.0097,0.46665,2.3335,0.12725,0.0022004,0,0.20989
22.476,1,106.44,7.9285,1.9924,0.46813,2.3196,0.1273,0.0021682,0,0.21005
22.482,1,106.44,7.9309,1.9842,0.47237,2.3293,0.12733,0.0021435,0,0.21042
22.487,1,106.28,7.9332,1.9848,0.47323,2.3608,0.12728,0.0021236,0,0.21106
22.493,1,106.25,7.9358,1.9872,0.47225,2.3458,0.12727,0.0021044,0,0.21205
22.499,1,106.34,7.9387,1.9804,0.46937,2.3445,0.12731,0.002082,0,0.21326
22.505,1,106.31,7.9415,1.9818,0.46875,2.3316,0.12734,0.0020681,0,0.21467
22.511,1,106.16,7.9442,1.9839,0.46783,2.342,0.12731,0.0020578,0,0.21625
22.517,1,106.19,7.947,1.9809,0.46201,2.3291,0.12724,0.0020505,0,0.21801
22.523,1,106.19,7.9492,1.9797,0.46022,2.3208,0.12728,0.0020456,0,0.21993
22.529,1,106.08,7.9508,1.985,0.46415,2.3472,0.12728,0.0020429,0,0.22197
22.535,1,106.16,7.9522,1.9855,0.46443,2.3843,0.12721,0.0020425,0,0.22121
22.541,1,106.24,7.9538,1.9781,0.46333,2.4066,0.12725,0.0020434,0,0.22039
22.547,1,106.3,7.9547,1.9814,0.46659,2.4344,0.12724,0.0020473,0,0.22108
22.552,1,106.2,7.9553,1.9845,0.46574,2.4104,0.1272,0.0020537,0,0.22224
22.558,1,105.92,7.9554,1.9882,0.46493,2.413,0.12712,0.002062,0,0.22314
22.564,1,105.88,7.9554,1.9913,0.46084,2.396,0.12715,0.0020724,0,0.22378
22.57,1,105.98,7.9552,1.994,0.4554,2.3729,0.1272,0.0020848,0,0.22412
22.576,1,106.08,7.9535,1.9921,0.45051,2.3604,0.12725,0.002099,0,0.224
22.582,1,106.19,7.9495,1.99,0.44885,2.3809,0.1273,0.0021149,0,0.22332
22.588,1,106.22,7.943,1.989,0.4486,2.3973,0.12729,0.0021323,0,0.22216
22.594,1,106.19,7.9341,1.9872,0.45105,2.4068,0.1273,0.002151,0,0.2205
22.6,1,106.29,7.9238,1.9857,0.45475,2.3957,0.12734,0.0021703,0,0.22023
22.605,1,106.39,7.9121,1.9875,0.45871,2.3647,0.12739,0.0021903,0,0.21987
22.611,1,106.37,7.9013,1.9922,0.4605,2.397,0.12732,0.0022103,0,0.21918
22.617,1,106.27,7.8969,2.0016,0.45951,2.3956,0.12729,0.0022292,0,0.21834
22.623,1,106.33,7.8955,2.012,0.45742,2.3893,0.12732,0.0022472,0,0.21735
22.629,1,106.17,7.8918,2.0109,0.45603,2.4336,0.12726,0.0022633,0,0.21625
22.635,1,106.02,7.8906,2.0174,0.45648,2.4394,0.12723,0.0022765,0,0.21506
22.641,1,105.88,7.8915,2.0242,0.45448,2.4264,0.12716,0.0022867,0,0.21408
22.646,1,105.86,7.8941,2.0306,0.45175,2.3762,0.12713,0.0022933,0,0.21387
22.652,1,105.96,7.8973,2.0351,0.45341,2.3607,0.12718,0.0022962,0,0.21387
22.658,1,106.07,7.9008,2.0381,0.45333,2.3388,0.12724,0.002295,0,0.21364
22.664,1,106.16,7.9037,2.0398,0.4545,2.3303,0.12728,0.0022895,0,0.21383
22.67,1,106.24,7.906,2.04,0.45415,2.3659,0.12732,0.0022779,0,0.21302
22.676,1,106.32,7.9083,2.0416,0.45402,2.3586,0.12736,0.0022596,0,0.21126
22.682,1,106.33,7.9099,2.0284,0.45708,2.3599,0.1273,0.0022371,0,0.21062
22.688,1,106.15,7.912,2.0135,0.46111,2.3544,0.12721,0.0022118,0,0.21017
22.694,1,106.21,7.9151,1.9993,0.46239,2.3629,0.12717,0.0021827,0,0.21
22.699,1,106.27,7.9178,1.9836,0.46172,2.3752,0.1272,0.0021558,0,0.21
22.705,1,106.38,7.9218,1.9833,0.46419,2.3598,0.12726,0.0021303,0,0.21014
22.711,1,106.35,7.9254,1.986,0.46817,2.3885,0.1273,0.0021104,0,0.21039
22.717,1,106.15,7.9286,1.9834,0.46708,2.3755,0.12721,0.0020924,0,0.21091
22.723,1,106.21,7.9323,1.9761,0.46587,2.3487,0.12725,0.0020732,0,0.21176
22.728,1,106.06,7.9356,1.9777,0.46321,2.3468,0.12725,0.0020633,0,0.21288
22.734,1,106.16,7.9396,1.9819,0.46155,2.3437,0.12726,0.0020529,0,0.21419
22.74,1,106.24,7.9427,1.9763,0.46071,2.3389,0.12729,0.0020472,0,0.21568
22.746,1,106.16,7.9456,1.9781,0.46064,2.332,0.12731,0.0020426,0,0.21736
22.752,1,106.13,7.9477,1.9796,0.46056,2.3272,0.12724,0.0020412,0,0.21917
22.758,1,106.21,7.9499,1.973,0.46006,2.3181,0.12725,0.0020413,0,0.22111
22.764,1,106.1,7.9519,1.9757,0.46401,2.3308,0.12729,0.0020426,0,0.22323
22.77,1,106.18,7.9532,1.9785,0.46617,2.381,0.12722,0.0020473,0,0.22248
22.776,1,106.26,7.9544,1.9836,0.46503,2.4001,0.12726,0.0020541,0,0.22164
22.782,1,106.24,7.9551,1.9871,0.46818,2.4081,0.12722,0.0020633,0,0.22127
22.788,1,106.18,7.9557,1.9912,0.46732,2.393,0.12726,0.0020744,0,0.22258
22.794,1,106.07,7.9559,1.9931,0.46638,2.3816,0.1272,0.0020875,0,0.2236
22.799,1,106.09,7.956,1.9953,0.4597,2.3515,0.12725,0.0021025,0,0.22432
22.806,1,106.19,7.9559,1.9982,0.45416,2.3409,0.1273,0.0021192,0,0.2247
22.812,1,106.28,7.9554,2.0017,0.45306,2.3331,0.12734,0.002137,0,0.22475
22.817,1,106.37,7.9527,2.0023,0.45289,2.3446,0.12739,0.0021561,0,0.22422
22.823,1,106.43,7.948,2.0024,0.45501,2.3504,0.12739,0.002176,0,0.2232
22.829,1,106.41,7.9405,2.001,0.45897,2.3802,0.12741,0.0021965,0,0.2216
22.835,1,106.49,7.9312,1.9986,0.46299,2.3791,0.12745,0.0022165,0,0.21983
22.841,1,106.58,7.9197,1.9956,0.46627,2.3822,0.12748,0.0022359,0,0.21924
22.847,1,106.59,7.9078,2.0001,0.46532,2.3999,0.12743,0.0022542,0,0.21841
22.853,1,106.41,7.8994,2.0032,0.46436,2.428,0.1273,0.0022702,0,0.21737
22.859,1,106.25,7.8968,2.0167,0.46308,2.416,0.12725,0.0022835,0,0.21629
22.865,1,106.03,7.8953,2.023,0.4631,2.4271,0.12721,0.0022937,0,0.21512
22.871,1,105.86,7.8904,2.0183,0.45838,2.4355,0.12722,0.0023004,0,0.214
22.876,1,105.88,7.8906,2.0291,0.45453,2.4057,0.12721,0.0023037,0,0.21328
22.882,1,105.82,7.8921,2.0354,0.45113,2.3657,0.12715,0.0023026,0,0.21318
22.888,1,105.91,7.8949,2.0407,0.45022,2.3533,0.12717,0.0022984,0,0.21318
22.894,1,106.03,7.8982,2.0437,0.45159,2.3506,0.12723,0.0022877,0,0.21284
22.9,1,106.12,7.9011,2.0448,0.45461,2.3752,0.12727,0.0022724,0,0.21314
22.906,1,106.21,7.9038,2.0393,0.45529,2.3677,0.12731,0.002251,0,0.21141
22.911,1,106.2,7.9062,2.0249,0.45549,2.3672,0.12724,0.0022244,0,0.21067
22.918,1,106.11,7.9079,2.0065,0.45957,2.4085,0.12715,0.0021947,0,0.21009
22.923,1,106.16,7.9099,1.9888,0.46144,2.4162,0.12715,0.0021651,0,0.20991
22.929,1,106.23,7.9133,1.9825,0.46076,2.3975,0.12718,0.0021369,0,0.20981
22.935,1,106.21,7.9165,1.9818,0.46261,2.431,0.12721,0.0021166,0,0.20994
22.941,1,106.04,7.9205,1.9843,0.46162,2.4055,0.12716,0.0020973,0,0.21019
22.947,1,106.07,7.9245,1.9779,0.46002,2.3914,0.12718,0.0020775,0,0.21063
22.952,1,105.99,7.9289,1.9775,0.45916,2.3635,0.12721,0.0020633,0,0.21145
22.958,1,105.98,7.9334,1.9804,0.45648,2.3462,0.12719,0.0020527,0,0.21252
22.964,1,106.07,7.937,1.9777,0.45545,2.347,0.12723,0.0020457,0,0.21378
22.97,1,106.16,7.9401,1.9796,0.45507,2.3452,0.12726,0.0020414,0,0.21524
22.976,1,106.21,7.9429,1.9811,0.45587,2.3341,0.12729,0.0020393,0,0.21688
22.982,1,106.09,7.946,1.9738,0.45965,2.3233,0.12728,0.0020385,0,0.21871
22.988,1,106.14,7.9483,1.9763,0.46016,2.3229,0.12721,0.0020398,0,0.22067
22.994,1,106.22,7.9503,1.9793,0.45957,2.3152,0.12725,0.002043,0,0.22274
23,1,106.23,7.9519,1.9842,0.46347,2.3294,0.12729,0.0020488,0,0.22472
23.006,1,106.21,7.9533,1.9879,0.46694,2.3617,0.1273,0.0020571,0,0.22402
23.012,1,106.28,7.9543,1.9907,0.46638,2.3969,0.12726,0.0020677,0,0.22315
23.018,1,106.23,7.9551,1.9927,0.47075,2.3724,0.12726,0.0020803,0,0.22225
23.024,1,106.26,7.9557,1.9948,0.46994,2.3524,0.12729,0.0020947,0,0.22232
23.03,1,106.18,7.9557,1.9982,0.46639,2.3409,0.1273,0.0021108,0,0.22331
23.036,1,106.27,7.9555,2.0028,0.45998,2.33,0.12734,0.0021282,0,0.22398
23.042,1,106.38,7.9553,2.0086,0.45723,2.3134,0.12739,0.0021472,0,0.2243
23.048,1,106.46,7.9544,2.0119,0.45685,2.3142,0.12743,0.0021665,0,0.22426
23.054,1,106.54,7.9514,2.0123,0.45848,2.3241,0.12746,0.0021866,0,0.22364
23.06,1,106.54,7.9465,2.0125,0.46265,2.3299,0.12746,0.002207,0,0.22254
23.066,1,106.63,7.9391,2.0104,0.46688,2.368,0.12749,0.0022268,0,0.22091
23.072,1,106.71,7.9297,2.0086,0.47108,2.3904,0.12752,0.0022456,0,0.21913
23.078,1,106.75,7.9184,2.0053,0.47166,2.415,0.12753,0.0022626,0,0.21822
23.084,1,106.62,7.9064,2.0088,0.47077,2.4263,0.1274,0.002277,0,0.21701
23.09,1,106.25,7.8985,2.0128,0.46774,2.4396,0.12724,0.0022883,0,0.21563
23.096,1,105.96,7.8964,2.0266,0.46555,2.4314,0.12717,0.0022962,0,0.21427
23.101,1,105.81,7.8947,2.0311,0.46046,2.411,0.12718,0.0023005,0,0.21303
23.107,1,105.86,7.89,2.0268,0.45544,2.4305,0.12721,0.0023011,0,0.21208
23.113,1,105.87,7.8901,2.037,0.45234,2.4058,0.12725,0.0022988,0,0.21192
23.118,1,105.9,7.8915,2.0419,0.45024,2.3671,0.12719,0.0022914,0,0.21177
23.124,1,105.89,7.8945,2.0468,0.44955,2.3819,0.12716,0.0022778,0,0.21134
23.13,1,106,7.8975,2.045,0.45085,2.386,0.12722,0.0022591,0,0.21176
23.136,1,106.11,7.901,2.0334,0.45364,2.3757,0.12723,0.0022334,0,0.21109
23.142,1,106.03,7.9036,2.0161,0.4564,2.4221,0.12716,0.0022046,0,0.21037
23.148,1,106.03,7.9057,1.997,0.45686,2.4272,0.12709,0.0021746,0,0.20983
23.154,1,106.12,7.9082,1.9817,0.45816,2.4242,0.12714,0.0021435,0,0.2096
23.16,1,106.03,7.9107,1.979,0.45799,2.4375,0.12715,0.0021219,0,0.20958
23.166,1,105.91,7.9149,1.9839,0.45802,2.4284,0.12711,0.0021018,0,0.20972
23.172,1,105.87,7.919,1.98,0.45621,2.4264,0.12713,0.0020832,0,0.21002
23.177,1,105.72,7.9239,1.9764,0.45512,2.4055,0.12707,0.0020663,0,0.21046
23.183,1,105.81,7.9284,1.9741,0.45283,2.379,0.1271,0.0020559,0,0.2113
23.189,1,105.92,7.9326,1.9749,0.44955,2.3537,0.12716,0.0020469,0,0.21239
23.195,1,106.01,7.9361,1.9762,0.44909,2.3428,0.1272,0.0020419,0,0.21368
23.201,1,106.11,7.9397,1.9705,0.45031,2.3429,0.12723,0.0020384,0,0.21519
23.207,1,106.18,7.9424,1.9687,0.45372,2.341,0.12726,0.0020384,0,0.21681
23.212,1,106.18,7.9452,1.9733,0.45744,2.3211,0.12729,0.0020389,0,0.21867
23.219,1,106.12,7.9477,1.9776,0.46138,2.3162,0.12727,0.0020413,0,0.22068
23.225,1,106.19,7.9494,1.9807,0.46142,2.3276,0.12723,0.0020468,0,0.22273
23.231,1,106.27,7.9512,1.985,0.46101,2.3112,0.12727,0.0020545,0,0.22495
23.237,1,106.28,7.9527,1.9879,0.46485,2.3296,0.12731,0.0020645,0,0.22578
23.243,1,106.21,7.9538,1.9892,0.46659,2.3506,0.12731,0.0020768,0,0.22512
23.249,1,106.29,7.9548,1.9923,0.46797,2.3544,0.12726,0.0020909,0,0.22423
23.255,1,106.23,7.9555,1.9967,0.47225,2.3394,0.12729,0.0021069,0,0.22327
23.261,1,106.32,7.9558,2.0018,0.47175,2.3271,0.12732,0.0021244,0,0.22326
23.267,1,106.34,7.9557,2.0062,0.46707,2.3219,0.12735,0.002143,0,0.22415
23.273,1,106.42,7.9553,2.0106,0.46282,2.3141,0.12739,0.0021624,0,0.22471
23.278,1,106.52,7.9549,2.0162,0.46173,2.2999,0.12744,0.002183,0,0.2249
23.284,1,106.59,7.954,2.0192,0.46272,2.306,0.12746,0.0022032,0,0.22474
23.29,1,106.65,7.951,2.0191,0.467,2.3093,0.12746,0.0022233,0,0.22398
23.296,1,106.69,7.9461,2.0191,0.4713,2.3169,0.1275,0.0022429,0,0.22276
23.302,1,106.75,7.9387,2.0167,0.47546,2.3654,0.12752,0.0022609,0,0.22097
23.308,1,106.77,7.9294,2.0142,0.47752,2.4067,0.12752,0.0022765,0,0.21882
23.314,1,106.73,7.9182,2.0109,0.47694,2.4307,0.1275,0.0022891,0,0.21781
23.32,1,106.49,7.9064,2.0139,0.47452,2.4354,0.12736,0.0022983,0,0.21649
23.326,1,106.17,7.8982,2.0176,0.46988,2.4376,0.12718,0.0023037,0,0.21507
23.332,1,105.86,7.8958,2.031,0.4649,2.4332,0.12716,0.0023057,0,0.21364
23.338,1,105.79,7.8942,2.0356,0.45977,2.4106,0.12717,0.002304,0,0.21239
23.343,1,105.86,7.8895,2.0308,0.45388,2.4182,0.12721,0.0022983,0,0.21162
23.349,1,105.85,7.8896,2.0401,0.44961,2.4066,0.12724,0.0022882,0,0.21153
23.355,1,105.94,7.8911,2.0445,0.44865,2.4025,0.12725,0.0022722,0,0.21128
23.361,1,105.88,7.8941,2.0417,0.44898,2.4005,0.12719,0.0022509,0,0.21104
23.367,1,105.97,7.8973,2.0293,0.45027,2.4107,0.12717,0.0022252,0,0.21152
23.373,1,105.9,7.9005,2.013,0.45311,2.437,0.1271,0.0021959,0,0.21067
23.378,1,105.95,7.9039,1.9952,0.45692,2.4209,0.12706,0.0021635,0,0.20999
23.385,1,106.03,7.9065,1.9845,0.45703,2.4414,0.1271,0.0021371,0,0.20971
23.391,1,105.89,7.9091,1.984,0.45696,2.4297,0.12711,0.0021162,0,0.20963
23.396,1,105.85,7.9122,1.9848,0.45537,2.4325,0.12708,0.0020984,0,0.20974
23.402,1,105.76,7.9168,1.9786,0.45365,2.4221,0.1271,0.0020767,0,0.20998
23.408,1,105.67,7.9214,1.9752,0.45267,2.4286,0.12706,0.0020648,0,0.21034
23.414,1,105.73,7.9254,1.9729,0.45061,2.4139,0.12707,0.0020558,0,0.21105
23.419,1,105.84,7.9295,1.9778,0.44688,2.3722,0.12712,0.0020487,0,0.21205
23.425,1,105.94,7.9334,1.9755,0.44603,2.3563,0.12716,0.0020441,0,0.21328
23.431,1,106.05,7.9376,1.9703,0.44739,2.3356,0.1272,0.0020412,0,0.21473
23.437,1,106.15,7.9408,1.9736,0.45062,2.3351,0.12724,0.0020406,0,0.21637
23.444,1,106.22,7.9433,1.9752,0.4541,2.3336,0.12726,0.0020423,0,0.21812
23.449,1,106.21,7.9456,1.9796,0.45781,2.3216,0.12729,0.0020463,0,0.22005
23.455,1,106.16,7.9479,1.9836,0.46178,2.3136,0.12728,0.0020528,0,0.22216
23.461,1,106.24,7.9497,1.986,0.46247,2.3244,0.12726,0.0020614,0,0.22432
23.467,1,106.31,7.9514,1.988,0.46339,2.315,0.12729,0.0020722,0,0.22657
23.474,1,106.31,7.9528,1.9908,0.46776,2.3222,0.12733,0.0020851,0,0.22626
23.48,1,106.29,7.9539,1.9947,0.46921,2.3389,0.12733,0.0020999,0,0.22556
23.486,1,106.35,7.9547,1.9999,0.46928,2.3311,0.12734,0.0021163,0,0.22464
23.492,1,106.36,7.9551,2.0048,0.47139,2.3205,0.12738,0.0021342,0,0.22366
23.498,1,106.42,7.9553,2.01,0.47045,2.3111,0.12737,0.0021533,0,0.22354
23.504,1,106.47,7.9552,2.0143,0.46781,2.3063,0.12741,0.0021731,0,0.22437
23.509,1,106.54,7.9547,2.0183,0.46657,2.3011,0.12744,0.0021931,0,0.22485
23.515,1,106.62,7.9543,2.0234,0.46547,2.292,0.12747,0.0022135,0,0.22495
23.521,1,106.68,7.9534,2.0262,0.46939,2.3009,0.1275,0.0022328,0,0.2247
23.527,1,106.68,7.9503,2.0259,0.47351,2.3046,0.12748,0.002251,0,0.22388
23.533,1,106.76,7.9454,2.0257,0.47741,2.3128,0.1275,0.0022673,0,0.22257
23.539,1,106.78,7.9379,2.023,0.4809,2.3726,0.12751,0.0022806,0,0.22058
23.545,1,106.72,7.9285,2.0207,0.48158,2.4303,0.12748,0.0022905,0,0.2181
23.551,1,106.53,7.9172,2.0169,0.47814,2.4501,0.12743,0.0022967,0,0.21687
23.557,1,106.2,7.9052,2.0193,0.47283,2.4335,0.12728,0.0022986,0,0.21537
23.563,1,106.03,7.8972,2.0237,0.46656,2.4367,0.12719,0.0022971,0,0.21381
23.569,1,105.87,7.8953,2.0369,0.46041,2.4345,0.12714,0.0022922,0,0.21233
23.575,1,105.81,7.8936,2.0398,0.45491,2.4166,0.12716,0.0022811,0,0.21118
23.581,1,105.9,7.889,2.0343,0.45082,2.4272,0.1272,0.0022645,0,0.21087
23.587,1,105.89,7.8893,2.0313,0.44788,2.439,0.12723,0.0022442,0,0.2107
23.592,1,105.93,7.8909,2.0207,0.44809,2.4646,0.12725,0.0022179,0,0.21024
23.598,1,105.84,7.8939,2.0074,0.44907,2.4849,0.12706,0.002189,0,0.21055
23.604,1,105.73,7.8973,1.9901,0.45039,2.4744,0.12695,0.0021584,0,0.21054
23.61,1,105.85,7.9011,1.9861,0.45242,2.4719,0.12701,0.002134,0,0.2099
23.616,1,105.69,7.9047,1.9884,0.45481,2.4507,0.12701,0.0021136,0,0.20957
23.622,1,105.73,7.9078,1.9856,0.45775,2.4387,0.12702,0.0020953,0,0.20947
23.628,1,105.74,7.9111,1.9755,0.45326,2.4315,0.12706,0.0020751,0,0.20955
23.633,1,105.57,7.9145,1.974,0.45078,2.433,0.127,0.0020648,0,0.20978
23.639,1,105.61,7.919,1.975,0.45035,2.4224,0.12701,0.0020544,0,0.21014
23.645,1,105.67,7.9227,1.9781,0.44808,2.4212,0.12705,0.0020487,0,0.21078
23.651,1,105.74,7.9264,1.9754,0.4457,2.4013,0.12707,0.0020457,0,0.21171
23.656,1,105.87,7.9311,1.9715,0.44386,2.3584,0.12713,0.0020432,0,0.21295
23.663,1,105.98,7.935,1.9746,0.44499,2.3478,0.12717,0.0020427,0,0.21437
23.669,1,106.08,7.9384,1.9771,0.44781,2.3344,0.12721,0.0020441,0,0.216
23.675,1,106.16,7.9411,1.9802,0.45111,2.3325,0.12724,0.0020489,0,0.21778
23.681,1,106.25,7.9437,1.9833,0.45471,2.3211,0.12727,0.0020559,0,0.21974
23.687,1,106.14,7.9455,1.9842,0.45842,2.3235,0.12729,0.0020653,0,0.22172
23.693,1,106.2,7.9477,1.9873,0.46241,2.3068,0.12724,0.0020766,0,0.22391
23.699,1,106.27,7.9496,1.9892,0.46269,2.3156,0.12728,0.0020899,0,0.22615
23.705,1,106.35,7.9511,1.9935,0.46699,2.3154,0.12732,0.002105,0,0.22808
23.711,1,106.43,7.9525,1.9994,0.4714,2.3113,0.12737,0.0021221,0,0.22788
23.717,1,106.42,7.9535,2.0046,0.47331,2.3181,0.12739,0.0021406,0,0.22727
23.723,1,106.44,7.954,2.0089,0.47243,2.3148,0.1274,0.00216,0,0.22647
23.729,1,106.52,7.9544,2.0135,0.47057,2.3067,0.12744,0.00218,0,0.2254
23.735,1,106.53,7.9545,2.0184,0.46965,2.297,0.12743,0.0022006,0,0.22428
23.741,1,106.61,7.9543,2.0222,0.47298,2.2949,0.12746,0.0022209,0,0.22478
23.747,1,106.68,7.9539,2.0266,0.47154,2.2923,0.12749,0.0022406,0,0.22516
23.753,1,106.73,7.9534,2.0305,0.47513,2.2973,0.1275,0.0022588,0,0.22519
23.759,1,106.75,7.9523,2.0331,0.47898,2.3021,0.1275,0.0022748,0,0.22486
23.764,1,106.71,7.9491,2.0326,0.48248,2.3096,0.12748,0.0022881,0,0.22395
23.77,1,106.73,7.9438,2.0317,0.48424,2.3434,0.12749,0.002298,0,0.22251
23.776,1,106.68,7.9359,2.0287,0.48309,2.4257,0.12746,0.002304,0,0.22034
23.782,1,106.58,7.9263,2.0258,0.48061,2.4543,0.12741,0.0023062,0,0.21812
23.788,1,106.33,7.9148,2.0221,0.47655,2.4463,0.12734,0.0023046,0,0.21679
23.794,1,106.17,7.9031,2.0241,0.47074,2.4355,0.12724,0.0022989,0,0.21524
23.8,1,106,7.8953,2.0278,0.46454,2.4353,0.12716,0.0022875,0,0.21362
23.806,1,105.75,7.8938,2.0417,0.45811,2.4316,0.12713,0.0022703,0,0.21197
23.812,1,105.8,7.8919,2.033,0.45339,2.4419,0.12715,0.00225,0,0.2108
23.818,1,105.84,7.8871,2.0133,0.44925,2.4265,0.12718,0.002225,0,0.21047
23.824,1,105.71,7.8875,2.0057,0.44796,2.4552,0.12715,0.0021985,0,0.21023
23.829,1,105.75,7.8897,1.9924,0.44728,2.4943,0.1271,0.0021665,0,0.20964
23.835,1,105.85,7.8935,1.99,0.44778,2.5104,0.12708,0.0021408,0,0.20998
23.841,1,105.74,7.8976,1.9912,0.44922,2.4985,0.12702,0.0021198,0,0.21
23.847,1,105.56,7.9019,1.9914,0.45169,2.4653,0.12694,0.0021012,0,0.20965
23.853,1,105.66,7.9062,1.9809,0.45449,2.4433,0.12699,0.0020799,0,0.20943
23.859,1,105.56,7.91,1.9757,0.45424,2.4321,0.12699,0.0020679,0,0.20945
23.865,1,105.57,7.9131,1.9728,0.45166,2.4291,0.127,0.0020578,0,0.2096
23.871,1,105.6,7.9155,1.9746,0.45027,2.4338,0.12702,0.0020521,0,0.20993
23.876,1,105.62,7.9192,1.9736,0.4472,2.4197,0.12704,0.0020476,0,0.21056
23.882,1,105.66,7.9229,1.9689,0.44442,2.4063,0.12706,0.0020462,0,0.21137
23.888,1,105.75,7.9267,1.9728,0.44373,2.3748,0.12709,0.0020459,0,0.21247
23.894,1,105.87,7.9308,1.9772,0.44434,2.3487,0.12714,0.0020467,0,0.21383
23.9,1,105.97,7.9343,1.9805,0.44575,2.3407,0.12717,0.0020504,0,0.21537
23.906,1,106.08,7.9376,1.9836,0.44887,2.3279,0.12721,0.0020567,0,0.21712
23.912,1,106.16,7.9404,1.9855,0.45231,2.3244,0.12725,0.0020651,0,0.21902
23.918,1,106.25,7.943,1.987,0.45605,2.3165,0.12729,0.002076,0,0.22108
23.924,1,106.18,7.9449,1.9876,0.4599,2.3168,0.12732,0.0020889,0,0.22316
23.93,1,106.23,7.9469,1.9921,0.46395,2.3041,0.1273,0.0021036,0,0.22539
23.936,1,106.31,7.9485,1.9971,0.46547,2.3072,0.12734,0.00212,0,0.22767
23.942,1,106.4,7.9499,2.0025,0.46985,2.3069,0.12739,0.002138,0,0.22856
23.948,1,106.48,7.9511,2.0082,0.47419,2.3081,0.12741,0.0021574,0,0.22844
23.955,1,106.54,7.952,2.0131,0.47624,2.3102,0.12744,0.0021777,0,0.22789
23.961,1,106.58,7.9526,2.0172,0.47342,2.3079,0.12743,0.0021978,0,0.22708
23.967,1,106.64,7.953,2.0216,0.47154,2.2995,0.12745,0.0022179,0,0.22599
23.973,1,106.66,7.9532,2.0261,0.47266,2.2915,0.12747,0.0022371,0,0.2248
23.979,1,106.71,7.953,2.03,0.47398,2.2919,0.12749,0.0022547,0,0.22508
23.985,1,106.75,7.9528,2.0344,0.47661,2.2888,0.1275,0.00227,0,0.2254
23.991,1,106.76,7.9522,2.0374,0.48077,2.297,0.12751,0.0022822,0,0.2254
23.997,1,106.77,7.9515,2.0406,0.4841,2.3023,0.12751,0.002291,0,0.22506
24.002,1,106.7,7.9494,2.0414,0.48515,2.3211,0.12748,0.0022963,0,0.22425
24.008,1,106.62,7.9449,2.0402,0.48475,2.3792,0.12743,0.0022972,0,0.22275
24.014,1,106.52,7.938,2.0371,0.48477,2.4427,0.12738,0.0022944,0,0.22051
24.02,1,106.37,7.9288,2.0332,0.48027,2.4649,0.12731,0.0022857,0,0.21769
24.026,1,106.2,7.9181,2.0294,0.4749,2.449,0.12727,0.0022711,0,0.21582
24.032,1,106.08,7.9067,2.0198,0.46893,2.4429,0.12721,0.0022506,0,0.2142
24.038,1,105.88,7.8959,2.0065,0.46268,2.4408,0.12713,0.0022262,0,0.21249
24.044,1,105.71,7.8918,1.9983,0.45651,2.4409,0.12707,0.0021973,0,0.21092
24.05,1,105.6,7.8905,1.9871,0.4523,2.4844,0.12705,0.0021685,0,0.21019
24.056,1,105.69,7.8872,1.9732,0.44821,2.5142,0.12707,0.0021426,0,0.20981
24.061,1,105.6,7.8866,1.9762,0.44666,2.5482,0.12703,0.0021229,0,0.20933
24.067,1,105.64,7.8889,1.9831,0.44641,2.5265,0.12697,0.0021034,0,0.20925
24.073,1,105.71,7.8929,1.9805,0.44685,2.5216,0.12694,0.0020827,0,0.20959
24.079,1,105.74,7.8978,1.9798,0.44837,2.4746,0.12699,0.0020675,0,0.20983
24.085,1,105.47,7.9025,1.978,0.44976,2.4594,0.12696,0.0020575,0,0.20961
24.091,1,105.5,7.9068,1.9765,0.45047,2.4347,0.12697,0.0020495,0,0.20956
24.097,1,105.59,7.9099,1.9774,0.44849,2.433,0.12701,0.0020449,0,0.20968
24.103,1,105.59,7.9129,1.9725,0.44664,2.4281,0.12702,0.0020426,0,0.20996
24.108,1,105.64,7.9157,1.9671,0.44535,2.4244,0.12705,0.0020425,0,0.21055
24.114,1,105.68,7.9184,1.9702,0.44455,2.4149,0.12707,0.0020442,0,0.2113
24.12,1,105.75,7.9217,1.9742,0.444,2.3946,0.1271,0.0020478,0,0.21233
24.125,1,105.85,7.9256,1.9799,0.44405,2.3586,0.12715,0.0020532,0,0.21365
24.131,1,105.94,7.9296,1.9837,0.44458,2.3431,0.12719,0.002061,0,0.21516
24.138,1,106.05,7.9331,1.9855,0.44664,2.3341,0.12724,0.002071,0,0.21686
24.144,1,106.15,7.9362,1.9859,0.44981,2.3285,0.12727,0.0020832,0,0.21869
24.15,1,106.25,7.9392,1.9879,0.45332,2.3199,0.12731,0.0020975,0,0.2207
24.156,1,106.32,7.9416,1.9913,0.45708,2.3139,0.12734,0.0021135,0,0.22282
24.162,1,106.25,7.9435,1.995,0.46107,2.3111,0.12737,0.0021306,0,0.22496
24.168,1,106.35,7.9455,2.0004,0.46536,2.3008,0.12738,0.0021493,0,0.22723
24.174,1,106.44,7.947,2.005,0.46892,2.3004,0.12741,0.0021689,0,0.22911
24.18,1,106.54,7.9485,2.0104,0.47323,2.3085,0.12742,0.0021893,0,0.22957
24.186,1,106.56,7.9497,2.0153,0.47736,2.3098,0.12747,0.0022101,0,0.22953
24.192,1,106.57,7.9506,2.0197,0.47869,2.3043,0.12751,0.0022304,0,0.2291
24.198,1,106.63,7.9512,2.0236,0.47783,2.3021,0.12748,0.0022492,0,0.22834
24.204,1,106.7,7.9517,2.0279,0.47471,2.2948,0.12746,0.0022664,0,0.2273
24.21,1,106.68,7.9519,2.032,0.47243,2.2923,0.12747,0.0022811,0,0.226
24.216,1,106.72,7.9519,2.0359,0.47632,2.2871,0.12749,0.0022928,0,0.22523
24.222,1,106.75,7.9518,2.0403,0.48042,2.2857,0.1275,0.0023006,0,0.22553
24.228,1,106.76,7.9513,2.0431,0.48415,2.2979,0.12751,0.0023047,0,0.22546
24.234,1,106.75,7.9507,2.0463,0.48652,2.3035,0.1275,0.0023053,0,0.2251
24.24,1,106.69,7.9497,2.0494,0.48737,2.308,0.12747,0.0023011,0,0.22424
24.246,1,106.64,7.946,2.0469,0.48678,2.3825,0.12745,0.0022923,0,0.22251
24.252,1,106.56,7.9403,2.0437,0.48298,2.4534,0.12741,0.0022772,0,0.22024
24.258,1,106.33,7.9323,2.0351,0.47817,2.4662,0.12734,0.0022569,0,0.21735
24.264,1,106.09,7.9225,2.0171,0.47243,2.4486,0.12721,0.0022309,0,0.21466
24.27,1,105.86,7.9111,1.9948,0.46638,2.4446,0.12713,0.0022022,0,0.2129
24.276,1,105.52,7.8995,1.9782,0.46014,2.4893,0.12708,0.0021721,0,0.2112
24.282,1,105.55,7.8935,1.9695,0.45439,2.5028,0.12702,0.0021426,0,0.20998
24.288,1,105.6,7.8924,1.9772,0.45057,2.5456,0.12706,0.0021205,0,0.20948
24.294,1,105.54,7.891,1.9782,0.44655,2.5913,0.127,0.0021019,0,0.20898
24.299,1,105.51,7.8888,1.9704,0.44529,2.5932,0.12687,0.0020836,0,0.20851
24.305,1,105.64,7.8914,1.9748,0.44626,2.5176,0.12691,0.002066,0,0.20875
24.311,1,105.55,7.8947,1.9753,0.44665,2.5092,0.12692,0.0020555,0,0.20916
24.317,1,105.61,7.8992,1.977,0.44791,2.4664,0.12697,0.0020468,0,0.20961
24.323,1,105.52,7.9032,1.9795,0.44854,2.4552,0.12698,0.0020419,0,0.20953
24.329,1,105.55,7.9074,1.9753,0.44623,2.4332,0.12699,0.0020389,0,0.20962
24.335,1,105.61,7.9111,1.9702,0.44448,2.4321,0.12702,0.0020382,0,0.20987
24.341,1,105.66,7.9137,1.9714,0.44366,2.4192,0.12706,0.0020393,0,0.21046
24.347,1,105.72,7.9162,1.9738,0.44363,2.4173,0.12709,0.0020422,0,0.2112
24.353,1,105.76,7.9182,1.9758,0.44398,2.4111,0.12711,0.0020482,0,0.2122
24.358,1,105.83,7.921,1.9796,0.44387,2.3765,0.12714,0.0020563,0,0.21345
24.364,1,105.96,7.9248,1.9846,0.44402,2.3423,0.1272,0.0020661,0,0.21496
24.37,1,106.06,7.9283,1.9854,0.4452,2.3384,0.12724,0.002078,0,0.21659
24.376,1,106.17,7.932,1.988,0.44817,2.3228,0.12728,0.0020918,0,0.21843
24.382,1,106.26,7.935,1.9902,0.45155,2.3214,0.12732,0.0021073,0,0.22036
24.388,1,106.36,7.938,1.9956,0.45552,2.3114,0.12735,0.0021245,0,0.22248
24.394,1,106.41,7.9406,1.9999,0.45972,2.3051,0.12738,0.0021431,0,0.22471
24.4,1,106.41,7.9424,2.0027,0.46389,2.3081,0.12741,0.0021622,0,0.22686
24.406,1,106.5,7.9443,2.0075,0.46734,2.2985,0.12742,0.0021821,0,0.22907
24.412,1,106.59,7.9459,2.0121,0.47098,2.2975,0.12745,0.0022023,0,0.22981
24.418,1,106.64,7.9475,2.0167,0.47503,2.3032,0.1275,0.0022225,0,0.23021
24.424,1,106.66,7.9488,2.0214,0.47893,2.2974,0.12754,0.002242,0,0.23011
24.43,1,106.68,7.9498,2.0256,0.48155,2.2936,0.12756,0.0022598,0,0.22958
24.436,1,106.74,7.9504,2.0292,0.48095,2.2941,0.12753,0.0022751,0,0.22869
24.442,1,106.7,7.951,2.0333,0.47787,2.2936,0.12746,0.0022873,0,0.2275
24.448,1,106.7,7.9513,2.0373,0.47847,2.2883,0.12748,0.0022962,0,0.22606
24.454,1,106.73,7.9514,2.0411,0.48207,2.289,0.12749,0.0023012,0,0.22509
24.46,1,106.76,7.9514,2.045,0.48482,2.2944,0.1275,0.0023019,0,0.22529
24.466,1,106.73,7.9509,2.0477,0.48533,2.3036,0.12749,0.0022996,0,0.22515
24.472,1,106.65,7.9504,2.0503,0.48776,2.3173,0.12745,0.0022939,0,0.22471
24.478,1,106.69,7.9499,2.0532,0.48607,2.3751,0.12747,0.0022805,0,0.22358
24.484,1,106.66,7.9468,2.0506,0.48228,2.4514,0.12746,0.0022623,0,0.22171
24.49,1,106.45,7.9417,2.0366,0.47746,2.4573,0.12739,0.0022393,0,0.21923
24.496,1,106.12,7.9342,2.0172,0.47185,2.4657,0.12724,0.0022126,0,0.21622
24.502,1,105.85,7.925,1.9948,0.46565,2.4772,0.12706,0.0021831,0,0.21296
24.508,1,105.48,7.9142,1.9718,0.4592,2.5173,0.12705,0.0021525,0,0.21119
24.514,1,105.47,7.9033,1.9671,0.4539,2.5395,0.12708,0.0021291,0,0.20982
24.52,1,105.54,7.8955,1.9717,0.44962,2.5712,0.12702,0.002109,0,0.20919
24.526,1,105.39,7.894,1.982,0.44572,2.5812,0.12697,0.0020913,0,0.20855
24.531,1,105.45,7.894,1.9754,0.44542,2.5599,0.12694,0.0020721,0,0.20783
24.537,1,105.45,7.8907,1.9639,0.44578,2.5353,0.12689,0.0020625,0,0.20805
24.543,1,105.49,7.8923,1.9714,0.44381,2.4933,0.12691,0.0020527,0,0.20835
24.549,1,105.6,7.8946,1.9773,0.44472,2.4707,0.12696,0.0020467,0,0.20896
24.555,1,105.66,7.8985,1.9781,0.44645,2.4571,0.12699,0.0020428,0,0.20954
24.56,1,105.57,7.9027,1.972,0.44503,2.4446,0.12699,0.0020414,0,0.20965
24.566,1,105.63,7.9069,1.9757,0.44355,2.4317,0.12703,0.0020411,0,0.20989
24.572,1,105.68,7.9101,1.976,0.44264,2.4265,0.12706,0.0020433,0,0.21044
24.578,1,105.74,7.9129,1.9787,0.44264,2.4088,0.12709,0.0020482,0,0.21119
24.584,1,105.8,7.9149,1.9791,0.44368,2.4021,0.12712,0.0020554,0,0.21217
24.59,1,105.9,7.917,1.9809,0.44517,2.3766,0.12717,0.0020646,0,0.21343
24.596,1,106,7.9198,1.9829,0.44533,2.3607,0.12721,0.0020757,0,0.21486
24.601,1,106.12,7.9236,1.9866,0.44553,2.3324,0.12726,0.0020887,0,0.21653
24.607,1,106.21,7.9269,1.9892,0.44777,2.3271,0.12729,0.0021033,0,0.21831
24.613,1,106.32,7.9306,1.9951,0.45144,2.3109,0.12734,0.0021198,0,0.2203
24.619,1,106.41,7.9339,1.9994,0.45542,2.3078,0.12738,0.0021379,0,0.22242
24.626,1,106.5,7.9368,2.0035,0.45961,2.3059,0.12743,0.0021573,0,0.22462
24.632,1,106.53,7.9393,2.0075,0.46394,2.2997,0.12747,0.0021774,0,0.2269
24.638,1,106.61,7.9413,2.0109,0.46829,2.2988,0.12745,0.0021977,0,0.22911
24.644,1,106.66,7.9428,2.0131,0.4707,2.3065,0.12748,0.0022169,0,0.23002
24.65,1,106.71,7.9445,2.0184,0.4748,2.294,0.12753,0.0022361,0,0.23078
24.656,1,106.76,7.9462,2.0233,0.47873,2.2915,0.12758,0.0022542,0,0.23123
24.662,1,106.75,7.9476,2.0274,0.48222,2.2889,0.12762,0.0022697,0,0.23112
24.668,1,106.78,7.9486,2.0315,0.48246,2.2871,0.12761,0.002282,0,0.23058
24.674,1,106.83,7.9493,2.0348,0.4822,2.2924,0.12755,0.0022908,0,0.22962
24.68,1,106.72,7.9499,2.0385,0.48117,2.2987,0.12747,0.0022959,0,0.22837
24.686,1,106.69,7.9503,2.0423,0.48434,2.2979,0.12747,0.0022974,0,0.22677
24.692,1,106.72,7.9505,2.0459,0.48628,2.3007,0.12749,0.0022949,0,0.22508
24.698,1,106.73,7.9504,2.0491,0.48605,2.3201,0.12749,0.0022867,0,0.2252
24.704,1,106.65,7.9501,2.0511,0.48299,2.3683,0.12745,0.0022732,0,0.22496
24.71,1,106.53,7.9497,2.0481,0.4825,2.4152,0.12743,0.0022545,0,0.22425
24.715,1,106.4,7.9491,2.0362,0.47889,2.4408,0.12737,0.0022289,0,0.22289
24.721,1,106.23,7.9465,2.0166,0.47356,2.4808,0.12728,0.0022003,0,0.22084
24.727,1,106.01,7.9416,1.9948,0.46743,2.4721,0.12716,0.0021694,0,0.21814
24.733,1,105.88,7.9346,1.977,0.46139,2.4949,0.12712,0.0021413,0,0.21501
24.739,1,105.69,7.9259,1.9709,0.45575,2.5486,0.12704,0.0021189,0,0.21163
24.745,1,105.43,7.9159,1.9671,0.45063,2.5754,0.12705,0.0020997,0,0.20996
24.751,1,105.36,7.9057,1.9597,0.44696,2.6237,0.12698,0.00208,0,0.20913
24.757,1,105.38,7.8974,1.9586,0.44542,2.6043,0.12693,0.0020655,0,0.20841
24.763,1,105.42,7.8956,1.9671,0.44394,2.5384,0.12693,0.0020553,0,0.20743
24.769,1,105.43,7.8952,1.9693,0.44483,2.5108,0.12691,0.0020485,0,0.20735
24.774,1,105.52,7.8916,1.9654,0.44254,2.4805,0.12688,0.0020451,0,0.20757
24.78,1,105.56,7.8922,1.9705,0.44162,2.4552,0.12693,0.0020425,0,0.20802
24.786,1,105.65,7.8949,1.9691,0.44262,2.4516,0.12698,0.0020414,0,0.20864
24.792,1,105.75,7.8987,1.9752,0.44289,2.4512,0.12703,0.0020422,0,0.20944
24.798,1,105.66,7.9025,1.9779,0.44238,2.441,0.12705,0.0020453,0,0.20965
24.804,1,105.71,7.9061,1.9812,0.4416,2.4168,0.12708,0.0020512,0,0.2102
24.81,1,105.77,7.9098,1.9837,0.44195,2.3962,0.12711,0.0020594,0,0.21094
24.816,1,105.83,7.9122,1.9828,0.44329,2.3957,0.12714,0.0020698,0,0.21188
24.822,1,105.92,7.9144,1.9825,0.44505,2.3788,0.12718,0.0020823,0,0.21311
24.828,1,106.03,7.9165,1.9832,0.44716,2.3547,0.12723,0.0020965,0,0.21458
24.834,1,106.12,7.9188,1.9864,0.44838,2.348,0.12726,0.0021121,0,0.21617
24.839,1,106.24,7.9224,1.994,0.44959,2.323,0.12732,0.0021295,0,0.21803
24.845,1,106.35,7.926,1.9992,0.45369,2.3165,0.12737,0.0021484,0,0.22004
24.852,1,106.44,7.9295,2.0036,0.45774,2.31,0.12742,0.0021684,0,0.22216
24.858,1,106.53,7.9326,2.0076,0.46175,2.3063,0.12746,0.002189,0,0.2244
24.864,1,106.61,7.9355,2.0114,0.46599,2.3004,0.12751,0.0022099,0,0.2267
24.87,1,106.67,7.9379,2.015,0.47036,2.2956,0.12754,0.0022304,0,0.22876
24.877,1,106.72,7.9401,2.0185,0.473,2.2944,0.12755,0.0022497,0,0.22986
24.883,1,106.74,7.9415,2.0205,0.47632,2.3066,0.12757,0.0022669,0,0.23076
24.888,1,106.82,7.9432,2.0252,0.48013,2.2941,0.12761,0.0022822,0,0.23147
24.894,1,106.86,7.9449,2.0301,0.48343,2.2847,0.12765,0.0022945,0,0.23174
24.9,1,106.83,7.9461,2.0337,0.48383,2.2868,0.12767,0.0023029,0,0.23149
24.907,1,106.88,7.9471,2.0371,0.48258,2.2938,0.12762,0.0023074,0,0.23078
24.913,1,106.88,7.9478,2.0406,0.48397,2.3016,0.12755,0.002308,0,0.22966
24.919,1,106.72,7.9485,2.0445,0.48669,2.3016,0.12747,0.0023047,0,0.22816
24.925,1,106.69,7.949,2.0476,0.48731,2.3066,0.12747,0.0022975,0,0.22643
24.931,1,106.66,7.9493,2.0502,0.48535,2.3402,0.12746,0.002284,0,0.22551
24.937,1,106.59,7.9493,2.0521,0.4817,2.3837,0.12742,0.0022663,0,0.22556
24.942,1,106.43,7.9491,2.043,0.47912,2.4129,0.12738,0.0022436,0,0.22523
24.948,1,106.28,7.9488,2.0301,0.47852,2.4463,0.12731,0.0022176,0,0.22435
24.954,1,106.11,7.9486,2.0146,0.47347,2.4784,0.12723,0.0021876,0,0.22298
24.96,1,106.02,7.948,1.9977,0.46734,2.4928,0.12717,0.0021557,0,0.22098
24.966,1,105.86,7.9451,1.9888,0.46161,2.5003,0.12709,0.0021309,0,0.21837
24.972,1,105.71,7.9405,1.9874,0.45627,2.5036,0.12702,0.0021113,0,0.21534
24.978,1,105.4,7.9339,1.981,0.4513,2.5593,0.127,0.0020929,0,0.2121
24.984,1,105.4,7.9259,1.9671,0.44739,2.6343,0.12702,0.0020722,0,0.20962
24.99,1,105.37,7.9162,1.9556,0.4459,2.5586,0.12693,0.0020613,0,0.20892
24.996,1,105.38,7.9057,1.9553,0.44457,2.5284,0.1269,0.0020521,0,0.20811
25.001,1,105.44,7.9002,1.9607,0.44148,2.4853,0.12692,0.0020465,0,0.2073
25.007,1,105.48,7.9002,1.9642,0.44194,2.473,0.12691,0.0020434,0,0.20739
25.013,1,105.53,7.9003,1.9611,0.44073,2.4589,0.12693,0.0020423,0,0.20766
25.018,1,105.63,7.9001,1.9595,0.44082,2.4474,0.12698,0.0020419,0,0.20819
25.024,1,105.73,7.9054,1.9684,0.4411,2.4467,0.12702,0.0020432,0,0.20887
25.031,1,105.82,7.9121,1.9698,0.44209,2.4418,0.12706,0.0020479,0,0.20975
25.037,1,105.77,7.9211,1.9709,0.44261,2.4154,0.12709,0.0020547,0,0.21046
25.043,1,105.85,7.9308,1.9675,0.44313,2.404,0.12713,0.0020637,0,0.21118
25.049,1,105.94,7.9411,1.9616,0.44417,2.3865,0.12715,0.0020749,0,0.21209
25.054,1,106.04,7.9413,1.9542,0.44563,2.3671,0.1272,0.002088,0,0.2132
25.06,1,106.14,7.94,1.9505,0.44743,2.3477,0.12723,0.0021028,0,0.21458
25.066,1,106.25,7.9368,1.9547,0.44954,2.3337,0.12726,0.0021192,0,0.21618
25.072,1,106.32,7.9355,1.9595,0.44965,2.3344,0.12729,0.0021365,0,0.21786
25.077,1,106.42,7.9364,1.9666,0.45233,2.3138,0.12734,0.0021553,0,0.21978
25.083,1,106.53,7.9383,1.9742,0.45557,2.3052,0.12739,0.0021754,0,0.22186
25.09,1,106.61,7.9409,1.9801,0.4592,2.3044,0.12744,0.0021958,0,0.22403
25.096,1,106.67,7.9434,1.9842,0.46361,2.3031,0.12748,0.0022161,0,0.22626
25.102,1,106.66,7.9456,1.9882,0.46806,2.2966,0.12753,0.0022356,0,0.22798
25.108,1,106.71,7.9473,1.9924,0.47243,2.291,0.12756,0.0022535,0,0.22929
25.115,1,106.78,7.9489,1.9963,0.47301,2.2934,0.1276,0.0022689,0,0.23038
25.121,1,106.83,7.95,1.9985,0.47692,2.3012,0.12762,0.0022812,0,0.23127
25.127,1,106.9,7.9522,2.0018,0.48071,2.2907,0.12766,0.0022902,0,0.23196
25.132,1,106.93,7.955,2.0053,0.48456,2.2885,0.1277,0.0022951,0,0.23232
25.139,1,106.88,7.9576,2.0081,0.48428,2.2999,0.12772,0.0022962,0,0.23214
25.145,1,106.91,7.9602,2.0111,0.48419,2.3079,0.12767,0.0022936,0,0.23152
25.151,1,106.88,7.9626,2.0137,0.48607,2.3119,0.12755,0.0022859,0,0.23044
25.157,1,106.71,7.9649,2.0161,0.48437,2.3172,0.12747,0.0022717,0,0.22898
25.163,1,106.57,7.9669,2.0131,0.4809,2.3595,0.12739,0.0022525,0,0.22717
25.168,1,106.31,7.9688,2.0005,0.47638,2.4131,0.12732,0.0022287,0,0.22527
25.174,1,106.2,7.9705,1.9855,0.47447,2.4566,0.12723,0.0022002,0,0.22424
25.18,1,106.08,7.9722,1.9695,0.47366,2.4815,0.12717,0.0021703,0,0.22387
25.186,1,106.07,7.9739,1.9577,0.46889,2.4799,0.12716,0.0021423,0,0.22214
25.192,1,105.83,7.9758,1.9578,0.46252,2.4937,0.12708,0.0021193,0,0.21987
25.198,1,105.68,7.9777,1.9609,0.45674,2.5456,0.12701,0.0021002,0,0.21815
25.204,1,105.55,7.9799,1.9575,0.45132,2.5072,0.12695,0.0020801,0,0.21642
25.21,1,105.52,7.982,1.955,0.44801,2.5026,0.127,0.0020649,0,0.21407
25.216,1,105.36,7.9843,1.9551,0.44613,2.5224,0.12697,0.0020547,0,0.21085
25.222,1,105.39,7.982,1.9547,0.44458,2.523,0.12695,0.0020471,0,0.20944
25.228,1,105.42,7.9798,1.9582,0.44351,2.4972,0.12694,0.0020429,0,0.20865
25.234,1,105.43,7.9779,1.9556,0.44123,2.466,0.12692,0.0020405,0,0.20763
25.24,1,105.48,7.9767,1.9517,0.4409,2.4596,0.12696,0.0020403,0,0.20716
25.245,1,105.53,7.9757,1.9543,0.43925,2.468,0.12698,0.0020425,0,0.20722
25.251,1,105.6,7.9748,1.9573,0.43993,2.4472,0.12699,0.0020458,0,0.20755
25.257,1,105.71,7.9741,1.9571,0.44067,2.4264,0.12704,0.0020516,0,0.20808
25.263,1,105.79,7.9735,1.9552,0.44092,2.4207,0.12708,0.0020597,0,0.20879
25.269,1,105.92,7.9733,1.9505,0.44293,2.4097,0.12711,0.0020699,0,0.20966
25.275,1,105.95,7.9678,1.9445,0.44376,2.3864,0.12713,0.0020824,0,0.21067
25.281,1,106.04,7.9584,1.9407,0.44487,2.3668,0.12717,0.0020968,0,0.21183
25.287,1,106.14,7.9487,1.9469,0.44642,2.3509,0.1272,0.0021128,0,0.2131
25.293,1,106.24,7.9431,1.9538,0.44834,2.3377,0.12723,0.0021301,0,0.21459
25.299,1,106.31,7.9413,1.9609,0.45172,2.3243,0.12728,0.0021488,0,0.21625
25.305,1,106.37,7.939,1.9666,0.45279,2.3205,0.12732,0.0021682,0,0.21797
25.31,1,106.44,7.9357,1.971,0.45411,2.3191,0.12735,0.0021877,0,0.2197
25.316,1,106.55,7.9361,1.9777,0.4583,2.2989,0.1274,0.0022082,0,0.22157
25.322,1,106.64,7.9373,1.9834,0.46269,2.2947,0.12745,0.0022286,0,0.22343
25.328,1,106.68,7.9397,1.988,0.46713,2.2988,0.1275,0.002248,0,0.22522
25.335,1,106.71,7.9421,1.9924,0.47153,2.2932,0.12754,0.0022658,0,0.2269
25.341,1,106.76,7.9445,1.9964,0.47574,2.2914,0.12758,0.0022811,0,0.22842
25.347,1,106.8,7.9464,2.0003,0.47732,2.2909,0.12759,0.002293,0,0.22975
25.353,1,106.85,7.948,2.0034,0.47812,2.2922,0.12763,0.0023011,0,0.23084
25.36,1,106.89,7.9491,2.0055,0.48167,2.2979,0.12766,0.0023055,0,0.2317
25.366,1,106.92,7.9506,2.0069,0.48332,2.3019,0.12769,0.0023066,0,0.23235
25.371,1,106.94,7.953,2.0094,0.48506,2.3008,0.12772,0.0023035,0,0.23263
25.377,1,106.92,7.9559,2.0136,0.48518,2.3096,0.12772,0.0022955,0,0.23232
25.383,1,106.86,7.9586,2.0161,0.48454,2.3196,0.12761,0.0022811,0,0.23147
25.389,1,106.7,7.961,2.0172,0.48285,2.3536,0.12746,0.0022628,0,0.23019
25.395,1,106.45,7.9633,2.0075,0.47859,2.4102,0.12733,0.0022397,0,0.22858
25.401,1,106.17,7.9655,1.9943,0.47332,2.4941,0.12723,0.0022127,0,0.22665
25.407,1,106.03,7.9676,1.9781,0.4694,2.5227,0.12715,0.0021827,0,0.22462
25.413,1,106.01,7.9698,1.9622,0.46829,2.4964,0.12713,0.0021524,0,0.22264
25.419,1,105.85,7.972,1.9594,0.46278,2.497,0.12709,0.0021293,0,0.22076
25.425,1,105.52,7.9746,1.9644,0.45669,2.5201,0.12695,0.0021091,0,0.21927
25.431,1,105.45,7.9771,1.9641,0.45137,2.5706,0.12689,0.0020907,0,0.218
25.436,1,105.48,7.9798,1.9564,0.44725,2.5361,0.12692,0.0020712,0,0.21669
25.442,1,105.38,7.9822,1.9513,0.44538,2.4854,0.12692,0.0020604,0,0.21467
25.448,1,105.33,7.9835,1.9523,0.4437,2.4889,0.12694,0.0020508,0,0.2126
25.454,1,105.39,7.981,1.9553,0.44279,2.4912,0.12697,0.0020453,0,0.21005
25.46,1,105.46,7.9792,1.9509,0.44069,2.4778,0.12696,0.0020415,0,0.20849
25.466,1,105.49,7.9777,1.9501,0.43818,2.4616,0.12696,0.0020401,0,0.20742
25.472,1,105.57,7.9763,1.9542,0.438,2.4552,0.12699,0.00204,0,0.20674
25.478,1,105.62,7.9754,1.9575,0.43811,2.4514,0.12702,0.0020425,0,0.20661
25.484,1,105.68,7.9747,1.9605,0.43833,2.4379,0.12703,0.0020484,0,0.20683
25.489,1,105.7,7.9741,1.9641,0.44013,2.4003,0.12706,0.0020554,0,0.20731
25.495,1,105.77,7.9736,1.9632,0.44025,2.3725,0.1271,0.0020647,0,0.20794
25.501,1,105.86,7.9736,1.9593,0.44228,2.3927,0.12714,0.002076,0,0.20876
25.507,1,105.99,7.9739,1.9551,0.4453,2.3611,0.12719,0.0020894,0,0.20972
25.513,1,106.06,7.9702,1.9509,0.44621,2.3534,0.12718,0.0021046,0,0.21084
25.519,1,106.15,7.9611,1.9535,0.44749,2.3372,0.12722,0.0021213,0,0.21206
25.525,1,106.2,7.9518,1.9587,0.45018,2.3355,0.12726,0.0021389,0,0.21345
25.531,1,106.3,7.9441,1.9665,0.45396,2.3132,0.12731,0.0021583,0,0.21512
25.537,1,106.36,7.9416,1.9728,0.45654,2.3095,0.12735,0.0021785,0,0.21688
25.543,1,106.42,7.9396,1.9767,0.45754,2.3117,0.12738,0.0021982,0,0.21866
25.549,1,106.5,7.9352,1.9812,0.46178,2.3024,0.12741,0.0022178,0,0.2205
25.555,1,106.58,7.9349,1.9858,0.46611,2.2953,0.12745,0.0022367,0,0.22238
25.56,1,106.66,7.9359,1.9913,0.47054,2.2889,0.1275,0.0022545,0,0.2243
25.567,1,106.7,7.9381,1.9959,0.47481,2.2881,0.12755,0.0022699,0,0.22615
25.573,1,106.72,7.9405,1.9997,0.47873,2.2936,0.12759,0.0022819,0,0.22786
25.579,1,106.77,7.943,2.0029,0.4812,2.29,0.1276,0.00229,0,0.2294
25.585,1,106.83,7.945,2.0056,0.48151,2.293,0.12761,0.002294,0,0.23071
25.592,1,106.88,7.9466,2.0076,0.48406,2.2989,0.12764,0.0022942,0,0.23177
25.598,1,106.91,7.9478,2.0087,0.48339,2.3056,0.12767,0.0022911,0,0.23259
25.604,1,106.93,7.949,2.0092,0.485,2.316,0.12768,0.0022834,0,0.23319
25.609,1,106.84,7.9518,2.0136,0.48353,2.3325,0.12767,0.0022676,0,0.23334
25.615,1,106.66,7.9544,2.0099,0.48189,2.3759,0.12758,0.0022461,0,0.2329
25.622,1,106.41,7.957,1.9963,0.47842,2.415,0.12745,0.0022212,0,0.23198
25.627,1,106.26,7.9595,1.9798,0.47325,2.4951,0.12733,0.0021927,0,0.23063
25.633,1,106.19,7.9621,1.9632,0.46716,2.5329,0.12726,0.002162,0,0.22833
25.639,1,106.03,7.9647,1.9569,0.46256,2.538,0.12714,0.0021371,0,0.22442
25.645,1,105.86,7.9674,1.9593,0.46134,2.5107,0.12709,0.0021157,0,0.22048
25.651,1,105.71,7.9702,1.9603,0.45735,2.529,0.12702,0.0020974,0,0.2189
25.657,1,105.52,7.9729,1.9512,0.45229,2.524,0.12693,0.002077,0,0.21831
25.663,1,105.39,7.9759,1.9548,0.4479,2.544,0.12687,0.0020656,0,0.2174
25.669,1,105.42,7.9789,1.9513,0.44593,2.5438,0.12691,0.0020553,0,0.21605
25.675,1,105.38,7.9812,1.9505,0.44415,2.5035,0.12691,0.0020488,0,0.21526
25.68,1,105.45,7.9797,1.9544,0.44296,2.4742,0.12694,0.0020447,0,0.21437
25.686,1,105.39,7.9778,1.9526,0.44178,2.4586,0.12696,0.0020429,0,0.21308
25.692,1,105.47,7.9766,1.9492,0.4388,2.4456,0.127,0.0020424,0,0.21098
25.698,1,105.55,7.9755,1.9524,0.43724,2.4643,0.12701,0.0020444,0,0.20863
25.704,1,105.63,7.9746,1.9563,0.43658,2.4488,0.12703,0.0020485,0,0.20696
25.71,1,105.7,7.974,1.9608,0.43788,2.4429,0.12704,0.0020555,0,0.20672
25.716,1,105.76,7.9734,1.9637,0.43814,2.4333,0.12706,0.0020641,0,0.2066
25.722,1,105.74,7.9733,1.9655,0.43988,2.4136,0.12708,0.0020749,0,0.20692
25.727,1,105.82,7.9733,1.9682,0.44194,2.3671,0.12712,0.0020874,0,0.2074
25.733,1,105.89,7.9736,1.9668,0.44291,2.3569,0.12715,0.0021019,0,0.20809
25.739,1,105.99,7.9742,1.9649,0.44579,2.3515,0.1272,0.0021177,0,0.20892
25.745,1,106.11,7.9749,1.964,0.44849,2.3319,0.12726,0.0021354,0,0.20991
25.751,1,106.13,7.9712,1.9612,0.44899,2.325,0.12724,0.0021543,0,0.21103
25.757,1,106.2,7.9625,1.9657,0.45251,2.3267,0.12728,0.0021735,0,0.21228
25.763,1,106.3,7.9529,1.9717,0.45657,2.3116,0.12732,0.0021935,0,0.2139
25.769,1,106.39,7.9434,1.978,0.46088,2.3009,0.12737,0.0022139,0,0.21578
25.775,1,106.45,7.9399,1.983,0.46262,2.2978,0.1274,0.0022336,0,0.21748
25.782,1,106.5,7.9381,1.9863,0.46692,2.2999,0.12743,0.0022515,0,0.21913
25.787,1,106.54,7.9339,1.9894,0.47112,2.2964,0.12746,0.0022674,0,0.22096
25.793,1,106.59,7.9331,1.9935,0.47521,2.2926,0.12751,0.0022809,0,0.22284
25.798,1,106.66,7.9341,1.9988,0.47916,2.2798,0.12756,0.0022912,0,0.22479
25.805,1,106.71,7.9362,2.0027,0.48262,2.2861,0.1276,0.0022975,0,0.22664
25.811,1,106.74,7.9386,2.0055,0.48314,2.2956,0.12761,0.0022994,0,0.22834
25.817,1,106.8,7.9412,2.0079,0.48441,2.2983,0.12758,0.0022973,0,0.22985
25.823,1,106.86,7.9433,2.0096,0.48589,2.3015,0.12762,0.0022909,0,0.23112
25.83,1,106.89,7.9449,2.0106,0.4845,2.3021,0.12764,0.0022782,0,0.23212
25.836,1,106.84,7.9462,2.0108,0.48163,2.3053,0.1276,0.002261,0,0.23287
25.842,1,106.79,7.9475,1.9999,0.48039,2.3159,0.12757,0.00224,0,0.23337
25.847,1,106.67,7.95,1.9887,0.47945,2.3607,0.12755,0.0022128,0,0.23339
25.853,1,106.46,7.9526,1.9739,0.48129,2.424,0.12747,0.0021835,0,0.23286
25.859,1,106.36,7.9553,1.9584,0.47771,2.5106,0.12738,0.0021535,0,0.23181
25.865,1,106.23,7.9583,1.9561,0.47234,2.6028,0.12732,0.0021302,0,0.22891
25.871,1,106.06,7.9615,1.961,0.46624,2.5379,0.12724,0.0021103,0,0.22499
25.877,1,105.82,7.9647,1.9604,0.46167,2.5561,0.12708,0.0020919,0,0.22154
25.883,1,105.51,7.9682,1.9527,0.45611,2.5696,0.12692,0.0020719,0,0.21848
25.889,1,105.54,7.9716,1.9556,0.45173,2.5059,0.12695,0.0020611,0,0.21664
25.895,1,105.4,7.9747,1.9483,0.44777,2.5295,0.12692,0.0020524,0,0.21582
25.9,1,105.38,7.9775,1.9484,0.44366,2.5294,0.1269,0.0020464,0,0.21528
25.906,1,105.47,7.9796,1.9522,0.44202,2.5003,0.12693,0.0020425,0,0.2148
25.912,1,105.46,7.9789,1.9499,0.4413,2.4791,0.12694,0.002041,0,0.21431
25.918,1,105.39,7.9774,1.9457,0.43883,2.4662,0.12694,0.0020413,0,0.21373
25.924,1,105.51,7.976,1.9505,0.4372,2.4557,0.127,0.0020434,0,0.21207
25.93,1,105.6,7.9751,1.9538,0.43625,2.4455,0.12704,0.002049,0,0.21012
25.936,1,105.68,7.9743,1.9589,0.43605,2.4417,0.12708,0.002056,0,0.20746
25.942,1,105.74,7.9737,1.9622,0.43771,2.4444,0.12707,0.0020657,0,0.20635
25.948,1,105.76,7.9733,1.9654,0.43898,2.4332,0.12708,0.0020771,0,0.20612
25.954,1,105.84,7.9733,1.9666,0.44104,2.4192,0.12709,0.0020907,0,0.20624
25.96,1,105.87,7.9735,1.9682,0.44352,2.3899,0.12711,0.0021057,0,0.2066
25.965,1,105.94,7.9739,1.9728,0.44248,2.3594,0.12717,0.0021225,0,0.20721
25.971,1,106.03,7.9744,1.9767,0.4441,2.3463,0.12722,0.0021406,0,0.20796
25.977,1,106.13,7.9752,1.9768,0.44707,2.3365,0.12728,0.00216,0,0.20887
25.983,1,106.23,7.9762,1.9764,0.44941,2.3251,0.12733,0.0021803,0,0.20995
25.989,1,106.27,7.9747,1.9725,0.45292,2.3268,0.12732,0.0022002,0,0.21117
25.995,1,106.27,7.9666,1.9769,0.45708,2.3106,0.12735,0.0022203,0,0.21268
26.001,1,106.33,7.9572,1.9815,0.46136,2.3083,0.12738,0.0022393,0,0.21431
26.007,1,106.41,7.9468,1.9868,0.46581,2.2978,0.12742,0.0022569,0,0.21612
26.013,1,106.48,7.9406,1.9916,0.46818,2.2932,0.12745,0.002272,0,0.21804
26.02,1,106.52,7.9386,1.9941,0.47228,2.2988,0.12748,0.0022837,0,0.21992
26.025,1,106.58,7.9363,1.9981,0.47631,2.2902,0.12752,0.002292,0,0.2219
26.031,1,106.62,7.933,2.0014,0.48005,2.2915,0.12756,0.0022968,0,0.22386
26.037,1,106.65,7.933,2.0038,0.48319,2.3034,0.12758,0.0022982,0,0.22575
26.042,1,106.7,7.9343,2.0076,0.48457,2.2979,0.12761,0.0022945,0,0.22767
26.049,1,106.76,7.9367,2.01,0.48538,2.3083,0.12761,0.0022842,0,0.22941
26.055,1,106.79,7.9391,2.0117,0.48477,2.3102,0.12756,0.0022675,0,0.23092
26.061,1,106.81,7.9414,2.0061,0.48103,2.3079,0.12755,0.0022456,0,0.23217
26.067,1,106.8,7.9432,1.9907,0.47938,2.3057,0.12755,0.0022196,0,0.23315
26.073,1,106.72,7.9447,1.9727,0.47561,2.3201,0.12753,0.0021903,0,0.23385
26.079,1,106.61,7.9462,1.9552,0.47502,2.3733,0.12749,0.0021594,0,0.23423
26.085,1,106.48,7.9478,1.9483,0.47666,2.4143,0.12737,0.0021359,0,0.23425
26.09,1,106.37,7.9507,1.9534,0.47863,2.4537,0.12731,0.0021154,0,0.23289
26.096,1,106.23,7.9538,1.9546,0.47377,2.5365,0.12724,0.0020965,0,0.22972
26.102,1,106.02,7.9574,1.9466,0.46769,2.5775,0.12715,0.0020751,0,0.22619
26.108,1,105.9,7.9612,1.9499,0.46133,2.589,0.12714,0.0020634,0,0.22316
26.114,1,105.57,7.9651,1.9527,0.45904,2.5314,0.12703,0.0020532,0,0.2203
26.12,1,105.45,7.969,1.9497,0.45396,2.4898,0.12694,0.0020469,0,0.21741
26.126,1,105.43,7.9722,1.948,0.44939,2.4822,0.12693,0.0020428,0,0.21496
26.132,1,105.49,7.9748,1.9525,0.44501,2.5031,0.12692,0.0020409,0,0.21492
26.138,1,105.5,7.9773,1.9514,0.44279,2.4907,0.12694,0.002041,0,0.21485
26.143,1,105.5,7.9775,1.9452,0.44012,2.4697,0.12695,0.0020428,0,0.21483
26.149,1,105.51,7.9759,1.9495,0.43803,2.4606,0.12696,0.0020464,0,0.21438
26.155,1,105.57,7.9748,1.9517,0.43673,2.4637,0.12699,0.0020529,0,0.2133
26.161,1,105.66,7.9738,1.9569,0.43662,2.4418,0.12704,0.0020613,0,0.21243
26.167,1,105.72,7.9731,1.961,0.43751,2.4369,0.12707,0.0020718,0,0.2108
26.173,1,105.77,7.9727,1.9639,0.43836,2.4215,0.1271,0.0020843,0,0.20899
26.179,1,105.83,7.9724,1.9665,0.43791,2.41,0.12712,0.0020988,0,0.20738
26.185,1,105.9,7.9726,1.969,0.43949,2.4011,0.1271,0.002115,0,0.20604
26.191,1,105.87,7.9729,1.9717,0.44232,2.3908,0.12712,0.0021322,0,0.20619
26.197,1,105.95,7.9734,1.976,0.4429,2.3671,0.12716,0.0021504,0,0.20657
26.202,1,106.06,7.974,1.982,0.44468,2.3402,0.12722,0.00217,0,0.20718
26.208,1,106.16,7.9749,1.9871,0.44811,2.3271,0.12728,0.0021904,0,0.20794
26.215,1,106.23,7.9759,1.9871,0.45191,2.3335,0.12732,0.0022105,0,0.20888
26.22,1,106.29,7.9771,1.9854,0.45494,2.3241,0.12737,0.0022302,0,0.20995
26.226,1,106.31,7.9757,1.982,0.45857,2.321,0.12733,0.0022486,0,0.21131
26.232,1,106.31,7.9679,1.986,0.46283,2.3027,0.12736,0.002266,0,0.21313
26.238,1,106.38,7.9587,1.9905,0.46702,2.3008,0.12739,0.0022808,0,0.21479
26.244,1,106.45,7.9486,1.9947,0.46977,2.2949,0.12742,0.0022923,0,0.21634
26.25,1,106.51,7.94,1.9984,0.47117,2.2911,0.12745,0.0023004,0,0.21825
26.256,1,106.55,7.9366,2.0007,0.47515,2.2968,0.12748,0.0023053,0,0.22013
26.262,1,106.61,7.935,2.0046,0.47906,2.2891,0.12753,0.002306,0,0.22215
26.268,1,106.66,7.9313,2.0084,0.48271,2.2889,0.12757,0.0023025,0,0.22421
26.274,1,106.68,7.9305,2.0104,0.48509,2.3024,0.1276,0.0022951,0,0.22618
26.28,1,106.71,7.931,2.0107,0.48568,2.311,0.12761,0.0022839,0,0.22797
26.285,1,106.75,7.9333,2.0129,0.4844,2.3065,0.12759,0.0022641,0,0.22979
26.291,1,106.79,7.9358,2.0036,0.48282,2.3102,0.12756,0.0022396,0,0.23138
26.297,1,106.79,7.9382,1.9887,0.48052,2.3261,0.12754,0.0022119,0,0.23267
26.303,1,106.74,7.9404,1.9714,0.47822,2.3583,0.12753,0.0021815,0,0.23372
26.309,1,106.63,7.9423,1.9542,0.47484,2.3764,0.12748,0.0021503,0,0.23444
26.315,1,106.31,7.9444,1.9511,0.47411,2.4124,0.12732,0.0021257,0,0.23481
26.321,1,106.09,7.9463,1.953,0.47131,2.4541,0.12717,0.002107,0,0.23419
26.327,1,105.93,7.9494,1.953,0.4704,2.5253,0.12709,0.0020876,0,0.23176
26.333,1,105.93,7.9533,1.9481,0.46495,2.5501,0.12706,0.0020686,0,0.22866
26.339,1,105.8,7.9574,1.9517,0.45933,2.5364,0.12708,0.0020575,0,0.22588
26.345,1,105.67,7.9618,1.9483,0.45697,2.5386,0.12702,0.0020484,0,0.22325
26.351,1,105.53,7.9654,1.9466,0.4562,2.5076,0.12698,0.0020431,0,0.22041
26.356,1,105.48,7.9685,1.951,0.45138,2.4874,0.12696,0.0020395,0,0.21728
26.362,1,105.49,7.9715,1.9494,0.44725,2.5049,0.12696,0.0020384,0,0.21504
26.368,1,105.5,7.9745,1.9435,0.44418,2.4876,0.12695,0.0020389,0,0.21375
26.374,1,105.54,7.9769,1.947,0.44251,2.4625,0.12696,0.0020415,0,0.21412
26.38,1,105.6,7.9768,1.9505,0.43908,2.4556,0.12699,0.0020467,0,0.21436
26.386,1,105.68,7.9754,1.9555,0.43671,2.4502,0.12701,0.002054,0,0.21374
26.392,1,105.72,7.9744,1.958,0.43725,2.4592,0.12705,0.0020638,0,0.21287
26.398,1,105.76,7.9738,1.9608,0.43825,2.4464,0.12709,0.0020755,0,0.21207
26.404,1,105.84,7.9732,1.9637,0.43902,2.4064,0.12712,0.0020892,0,0.21058
26.41,1,105.91,7.973,1.9661,0.43864,2.3862,0.12715,0.0021047,0,0.20951
26.416,1,105.94,7.9729,1.9715,0.43857,2.3772,0.12717,0.0021219,0,0.20824
26.422,1,106.04,7.9731,1.9769,0.44155,2.361,0.1272,0.0021406,0,0.20699
26.428,1,106.02,7.9736,1.9805,0.44485,2.3561,0.12717,0.0021597,0,0.2057
26.434,1,106.03,7.9742,1.985,0.44577,2.3403,0.1272,0.0021795,0,0.20607
26.44,1,106.11,7.975,1.9899,0.44968,2.3258,0.12725,0.0021997,0,0.20668
26.445,1,106.2,7.9759,1.9951,0.45392,2.3136,0.12729,0.0022201,0,0.20747
26.452,1,106.28,7.9771,1.9988,0.45834,2.3087,0.12733,0.0022396,0,0.20843
26.458,1,106.33,7.9783,1.9966,0.45911,2.323,0.12736,0.002257,0,0.2096
26.464,1,106.4,7.9792,1.9959,0.46272,2.3062,0.12739,0.0022724,0,0.21134
26.47,1,106.38,7.9728,1.9952,0.46723,2.2978,0.12737,0.0022847,0,0.21302
26.476,1,106.45,7.9648,1.9991,0.47163,2.2966,0.1274,0.0022933,0,0.21451
26.482,1,106.51,7.9553,2.0022,0.47441,2.2976,0.12743,0.0022981,0,0.21622
26.488,1,106.57,7.9451,2.0057,0.4755,2.2964,0.12746,0.002299,0,0.2182
26.494,1,106.6,7.9394,2.0078,0.47927,2.3001,0.12749,0.0022975,0,0.22015
26.499,1,106.65,7.9377,2.0111,0.4828,2.2903,0.12753,0.0022899,0,0.22226
26.505,1,106.63,7.936,2.0129,0.48452,2.3012,0.12757,0.0022771,0,0.22432
26.511,1,106.68,7.9321,2.013,0.48298,2.3002,0.12754,0.0022567,0,0.2264
26.517,1,106.71,7.9322,1.9992,0.48339,2.3124,0.12755,0.0022331,0,0.22833
26.523,1,106.74,7.9329,1.982,0.48365,2.3349,0.12756,0.0022067,0,0.23008
26.529,1,106.74,7.9351,1.9681,0.47971,2.3517,0.12754,0.0021776,0,0.2317
26.535,1,106.69,7.9377,1.9549,0.47736,2.3842,0.1275,0.0021457,0,0.23308
26.541,1,106.41,7.9404,1.9527,0.47165,2.4253,0.12737,0.0021213,0,0.23412
26.547,1,106.02,7.9428,1.9535,0.47059,2.4754,0.12718,0.0021017,0,0.23475
26.553,1,105.79,7.9451,1.9481,0.46454,2.4854,0.12703,0.002082,0,0.23321
26.559,1,105.73,7.9481,1.9445,0.46311,2.5213,0.12697,0.0020652,0,0.23145
26.565,1,105.63,7.9519,1.9492,0.45798,2.4881,0.12699,0.0020543,0,0.2292
26.571,1,105.57,7.9561,1.9451,0.45308,2.5006,0.12697,0.0020463,0,0.22692
26.577,1,105.59,7.9598,1.9458,0.45184,2.4945,0.12698,0.0020416,0,0.22458
26.582,1,105.68,7.9632,1.9486,0.45112,2.5165,0.12702,0.0020391,0,0.22177
26.588,1,105.6,7.967,1.944,0.45062,2.4857,0.12702,0.0020385,0,0.219
26.594,1,105.5,7.9702,1.9428,0.44875,2.4957,0.12697,0.0020398,0,0.21665
26.6,1,105.58,7.9731,1.9466,0.44679,2.4636,0.127,0.0020429,0,0.21442
26.606,1,105.65,7.9755,1.9498,0.44515,2.4609,0.12701,0.0020488,0,0.21328
26.612,1,105.66,7.9758,1.9539,0.44289,2.4515,0.12704,0.0020572,0,0.21349
26.618,1,105.69,7.9745,1.9581,0.43942,2.446,0.12701,0.0020674,0,0.21405
26.624,1,105.77,7.9736,1.9607,0.43936,2.4396,0.12704,0.00208,0,0.21322
26.63,1,105.84,7.9731,1.962,0.44055,2.4318,0.12708,0.0020943,0,0.21251
26.636,1,105.92,7.9727,1.965,0.44088,2.3985,0.12712,0.0021105,0,0.2117
26.642,1,106.01,7.9725,1.9693,0.44036,2.3736,0.12716,0.0021281,0,0.21069
26.648,1,106.09,7.9725,1.9742,0.44089,2.3601,0.12716,0.0021468,0,0.20988
26.654,1,106.1,7.9726,1.9801,0.44354,2.3403,0.12719,0.0021669,0,0.20906
26.66,1,106.18,7.9731,1.9851,0.44665,2.3367,0.12722,0.0021876,0,0.20804
26.666,1,106.2,7.9738,1.9881,0.44675,2.3381,0.1272,0.0022076,0,0.20692
26.672,1,106.11,7.9747,1.9924,0.44956,2.3244,0.12724,0.0022274,0,0.20617
26.678,1,106.19,7.9756,1.9968,0.45351,2.315,0.12728,0.0022465,0,0.20682
26.683,1,106.27,7.9767,2.001,0.45771,2.3045,0.12731,0.0022644,0,0.20766
26.69,1,106.34,7.9779,2.0003,0.46201,2.3182,0.12735,0.0022798,0,0.20893
26.695,1,106.4,7.9792,1.998,0.46613,2.3172,0.12737,0.0022923,0,0.21048
26.701,1,106.36,7.974,1.9963,0.47049,2.3031,0.12734,0.0023014,0,0.21203
26.707,1,106.41,7.9663,2.0009,0.47468,2.2958,0.12738,0.0023065,0,0.21348
26.713,1,106.47,7.9569,2.0042,0.47749,2.2996,0.1274,0.0023078,0,0.21475
26.719,1,106.54,7.9468,2.0081,0.47566,2.2968,0.12744,0.0023048,0,0.21664
26.725,1,106.59,7.9388,2.0106,0.47809,2.2997,0.12747,0.0022986,0,0.21861
26.731,1,106.62,7.9356,2.0116,0.48085,2.3038,0.12749,0.0022885,0,0.22055
26.736,1,106.61,7.934,2.0137,0.48199,2.3002,0.12754,0.0022721,0,0.22263
26.742,1,106.63,7.9302,2.0096,0.48129,2.2978,0.12752,0.0022491,0,0.22476
26.748,1,106.7,7.9299,1.9956,0.48203,2.3167,0.12755,0.0022221,0,0.22681
26.755,1,106.73,7.9307,1.978,0.48298,2.3253,0.12756,0.0021933,0,0.22872
26.76,1,106.73,7.9328,1.9593,0.48054,2.3581,0.12756,0.0021627,0,0.2305
26.766,1,106.58,7.935,1.9552,0.47764,2.4059,0.1275,0.0021399,0,0.23206
26.772,1,106.31,7.9382,1.9592,0.47214,2.4432,0.12736,0.0021176,0,0.23342
26.778,1,105.95,7.9411,1.9594,0.46671,2.4884,0.1272,0.0020991,0,0.23447
26.784,1,105.71,7.944,1.9488,0.46424,2.4778,0.12701,0.0020775,0,0.23394
26.789,1,105.59,7.9468,1.95,0.46048,2.4872,0.12692,0.0020658,0,0.23228
26.795,1,105.47,7.95,1.9449,0.45754,2.4662,0.12695,0.002056,0,0.23055
26.801,1,105.52,7.9537,1.9449,0.45233,2.4663,0.12694,0.0020491,0,0.22918
26.807,1,105.62,7.9571,1.9501,0.45019,2.4628,0.12699,0.0020443,0,0.22734
26.813,1,105.67,7.9605,1.9501,0.44945,2.463,0.12701,0.0020422,0,0.22519
26.819,1,105.73,7.9644,1.9428,0.44966,2.4808,0.12705,0.0020415,0,0.22236
26.825,1,105.77,7.9678,1.9467,0.45118,2.4533,0.12705,0.0020429,0,0.22009
26.831,1,105.67,7.9707,1.9489,0.44876,2.4808,0.12706,0.0020471,0,0.21772
26.837,1,105.75,7.9731,1.9528,0.44712,2.4604,0.12704,0.0020538,0,0.21564
26.842,1,105.72,7.9754,1.9557,0.4457,2.4581,0.12707,0.0020624,0,0.21405
26.848,1,105.7,7.976,1.9588,0.44408,2.4459,0.12707,0.002073,0,0.21318
26.854,1,105.72,7.975,1.9603,0.44278,2.4325,0.12702,0.0020856,0,0.21359
26.86,1,105.79,7.9742,1.9628,0.44221,2.4257,0.12705,0.0021,0,0.21313
26.866,1,105.9,7.9735,1.9668,0.44338,2.4051,0.12711,0.002116,0,0.21259
26.872,1,106.02,7.973,1.9725,0.44222,2.3774,0.12716,0.0021336,0,0.21148
26.878,1,106.12,7.9728,1.9779,0.44256,2.3565,0.12722,0.0021525,0,0.21081
26.884,1,106.19,7.9729,1.9827,0.4454,2.3478,0.12719,0.002172,0,0.21041
26.89,1,106.16,7.9732,1.988,0.44867,2.3303,0.1272,0.0021921,0,0.21008
26.896,1,106.22,7.9738,1.9929,0.45008,2.3218,0.12723,0.0022121,0,0.20954
26.902,1,106.26,7.9746,1.9958,0.44992,2.3287,0.12725,0.0022306,0,0.20878
26.908,1,106.34,7.9755,1.9999,0.45344,2.3178,0.12725,0.0022477,0,0.20781
26.914,1,106.27,7.9765,2.0037,0.45752,2.3113,0.12729,0.0022625,0,0.20674
26.919,1,106.34,7.9776,2.0075,0.46178,2.3031,0.12734,0.0022746,0,0.20771
26.925,1,106.42,7.9788,2.0087,0.46613,2.3158,0.12737,0.0022833,0,0.20919
26.931,1,106.47,7.98,2.0066,0.46918,2.3134,0.1274,0.0022886,0,0.21058
26.937,1,106.45,7.9747,2.0048,0.47137,2.3034,0.12736,0.0022893,0,0.21194
26.943,1,106.47,7.9673,2.0084,0.47541,2.3125,0.12739,0.0022865,0,0.21313
26.949,1,106.53,7.9585,2.0111,0.47839,2.3153,0.12741,0.0022777,0,0.21429
26.955,1,106.59,7.9489,2.0137,0.47658,2.3065,0.12744,0.0022637,0,0.21616
26.961,1,106.54,7.9391,2.0087,0.47461,2.3006,0.12746,0.0022428,0,0.21818
26.967,1,106.52,7.935,1.994,0.47413,2.3121,0.12748,0.0022197,0,0.22017
26.973,1,106.51,7.9334,1.9763,0.47439,2.3179,0.1275,0.0021924,0,0.22223
26.978,1,106.62,7.9301,1.9598,0.47822,2.3305,0.12753,0.0021624,0,0.22437
26.985,1,106.69,7.9289,1.9556,0.47944,2.3384,0.12755,0.0021381,0,0.22647
26.991,1,106.6,7.93,1.9557,0.47837,2.3901,0.1275,0.002119,0,0.22844
26.996,1,106.51,7.9323,1.9565,0.47508,2.4333,0.12746,0.0021009,0,0.23029
27.002,1,106.26,7.9356,1.9495,0.47001,2.4739,0.12735,0.0020808,0,0.23199
27.008,1,105.93,7.9388,1.9511,0.46531,2.4952,0.12719,0.0020708,0,0.2334
27.014,1,105.55,7.9427,1.9538,0.46366,2.4679,0.127,0.0020608,0,0.23328
27.02,1,105.46,7.9463,1.9451,0.45722,2.4463,0.12692,0.0020541,0,0.23181
27.025,1,105.47,7.949,1.9418,0.45393,2.445,0.12693,0.0020497,0,0.23021
27.031,1,105.51,7.9513,1.9444,0.44923,2.4348,0.12695,0.0020476,0,0.2291
27.037,1,105.54,7.9541,1.9424,0.44672,2.4512,0.12695,0.0020473,0,0.22825
27.043,1,105.62,7.9577,1.9394,0.44714,2.4393,0.12699,0.002049,0,0.22689
27.049,1,105.75,7.9613,1.9444,0.44794,2.4149,0.12705,0.0020532,0,0.22459
27.055,1,105.86,7.9646,1.9475,0.44925,2.445,0.12709,0.0020596,0,0.22277
27.061,1,105.96,7.9675,1.9516,0.45096,2.4476,0.12711,0.0020683,0,0.22073
27.067,1,105.8,7.9703,1.9549,0.44978,2.4521,0.12713,0.0020792,0,0.21874
27.073,1,105.8,7.9728,1.9571,0.44852,2.448,0.1271,0.0020921,0,0.21667
27.079,1,105.83,7.9749,1.9582,0.4474,2.435,0.12712,0.0021066,0,0.21487
27.085,1,105.72,7.9744,1.9609,0.44987,2.409,0.12708,0.002123,0,0.21373
27.091,1,105.81,7.9736,1.9645,0.44946,2.3864,0.12705,0.0021407,0,0.21277
27.096,1,105.91,7.9729,1.969,0.44663,2.382,0.12709,0.0021593,0,0.21219
27.102,1,106.01,7.9724,1.974,0.44596,2.3765,0.12715,0.0021787,0,0.21184
27.108,1,106.12,7.9721,1.9801,0.44558,2.3492,0.12721,0.0021989,0,0.21091
27.114,1,106.21,7.9722,1.9852,0.44883,2.3391,0.12726,0.0022188,0,0.21062
27.12,1,106.29,7.9726,1.9896,0.45242,2.3322,0.12724,0.0022375,0,0.21053
27.126,1,106.2,7.9732,1.9943,0.45603,2.3224,0.1272,0.0022546,0,0.21033
27.132,1,106.26,7.974,1.9992,0.45505,2.3108,0.12723,0.0022691,0,0.21002
27.139,1,106.3,7.975,2.0022,0.45609,2.3152,0.12726,0.0022804,0,0.20963
27.144,1,106.38,7.9761,2.006,0.46034,2.3122,0.1273,0.0022883,0,0.20897
27.15,1,106.44,7.9773,2.0103,0.46476,2.3017,0.12732,0.0022924,0,0.20804
27.156,1,106.41,7.9785,2.0128,0.46901,2.3079,0.12735,0.0022937,0,0.20827
27.162,1,106.48,7.9798,2.0159,0.47328,2.3124,0.12739,0.0022904,0,0.20953
27.167,1,106.53,7.981,2.0148,0.47559,2.3471,0.12741,0.0022818,0,0.21067
27.173,1,106.57,7.9773,2.0137,0.47559,2.3238,0.12741,0.002265,0,0.21175
27.179,1,106.42,7.971,2.0061,0.47698,2.3187,0.12741,0.0022425,0,0.21267
27.186,1,106.37,7.963,1.9915,0.47583,2.3149,0.12739,0.0022158,0,0.21375
27.192,1,106.42,7.9538,1.9742,0.4715,2.3155,0.12741,0.002188,0,0.21555
27.197,1,106.49,7.9438,1.9568,0.47019,2.3196,0.12745,0.0021562,0,0.21755
27.204,1,106.43,7.9368,1.9529,0.46948,2.3634,0.12748,0.0021341,0,0.21955
27.209,1,106.52,7.935,1.9555,0.47254,2.3557,0.12751,0.0021138,0,0.22164
27.215,1,106.57,7.9334,1.9524,0.47366,2.385,0.1275,0.0020952,0,0.22373
27.221,1,106.59,7.9296,1.9425,0.47277,2.3873,0.12745,0.0020756,0,0.22583
27.227,1,106.58,7.9306,1.9424,0.47308,2.4193,0.12743,0.0020643,0,0.22786
27.233,1,106.3,7.9328,1.9476,0.46882,2.4649,0.12731,0.0020541,0,0.22979
27.239,1,105.93,7.9364,1.9545,0.4634,2.463,0.12713,0.0020483,0,0.23154
27.245,1,105.55,7.9404,1.946,0.45962,2.4516,0.12695,0.0020446,0,0.23232
27.251,1,105.46,7.9437,1.9438,0.45737,2.442,0.12695,0.0020436,0,0.23109
27.256,1,105.48,7.9467,1.9478,0.45192,2.4348,0.12693,0.0020435,0,0.22969
27.262,1,105.53,7.9492,1.9454,0.4492,2.4362,0.12694,0.0020454,0,0.2288
27.268,1,105.57,7.952,1.938,0.44573,2.4093,0.12692,0.0020501,0,0.22801
27.274,1,105.66,7.954,1.9399,0.44586,2.4303,0.12697,0.0020571,0,0.227
27.28,1,105.75,7.9567,1.9445,0.44644,2.401,0.12701,0.0020661,0,0.2257
27.285,1,105.84,7.9599,1.9506,0.44738,2.4061,0.12705,0.0020772,0,0.22436
27.292,1,105.91,7.9629,1.9536,0.4488,2.4423,0.12708,0.0020905,0,0.22282
27.298,1,105.89,7.9659,1.9566,0.45143,2.4453,0.1271,0.0021056,0,0.22116
27.304,1,105.95,7.9688,1.9586,0.45167,2.4265,0.12714,0.0021225,0,0.21931
27.31,1,105.93,7.9714,1.9601,0.4516,2.412,0.12717,0.0021406,0,0.21744
27.316,1,105.92,7.9736,1.9638,0.45388,2.3836,0.12718,0.0021598,0,0.21565
27.322,1,105.88,7.9731,1.969,0.4525,2.3587,0.12711,0.0021799,0,0.21428
27.328,1,105.98,7.9724,1.9737,0.4507,2.3565,0.12712,0.0022003,0,0.21294
27.334,1,106.07,7.9719,1.9778,0.44934,2.3705,0.12715,0.0022201,0,0.2112
27.339,1,106.16,7.9717,1.9826,0.44909,2.351,0.12719,0.0022394,0,0.21099
27.345,1,106.26,7.9717,1.9881,0.45237,2.3322,0.12723,0.0022576,0,0.21053
27.351,1,106.35,7.972,1.9926,0.45627,2.3254,0.12725,0.0022736,0,0.21058
27.357,1,106.18,7.9726,1.9965,0.45903,2.3213,0.12717,0.0022866,0,0.21072
27.363,1,106.25,7.9734,2.0019,0.45785,2.3073,0.12721,0.0022959,0,0.21068
27.369,1,106.3,7.9744,2.0064,0.4584,2.3033,0.12725,0.0023012,0,0.21056
27.376,1,106.34,7.9755,2.009,0.46261,2.3106,0.12728,0.0023033,0,0.21039
27.381,1,106.41,7.9766,2.0127,0.46691,2.3057,0.12731,0.0023016,0,0.21038
27.387,1,106.51,7.9779,2.0171,0.47126,2.3095,0.12735,0.002295,0,0.21034
27.393,1,106.52,7.9792,2.0196,0.4753,2.329,0.12736,0.0022837,0,0.20992
27.399,1,106.53,7.9805,2.0226,0.47821,2.3161,0.1274,0.002267,0,0.21005
27.404,1,106.46,7.9818,2.0169,0.47795,2.3205,0.1274,0.0022454,0,0.21097
27.41,1,106.47,7.9794,1.9996,0.47644,2.3308,0.12741,0.0022186,0,0.21178
27.416,1,106.49,7.9748,1.978,0.47499,2.3251,0.1274,0.0021896,0,0.21248
27.422,1,106.39,7.968,1.9598,0.47328,2.3248,0.12739,0.0021566,0,0.21351
27.428,1,106.44,7.9598,1.9557,0.47444,2.3467,0.1274,0.0021314,0,0.21534
27.434,1,106.38,7.9501,1.9576,0.47321,2.3869,0.12744,0.0021118,0,0.21724
27.44,1,106.42,7.9409,1.9547,0.47222,2.418,0.12747,0.0020948,0,0.21916
27.446,1,106.42,7.9363,1.9464,0.46775,2.4267,0.12741,0.002074,0,0.22127
27.452,1,106.49,7.9354,1.9469,0.46732,2.4318,0.12742,0.0020627,0,0.22336
27.457,1,106.33,7.9339,1.9426,0.47086,2.429,0.12735,0.0020527,0,0.22544
27.463,1,106.1,7.9326,1.9435,0.46584,2.4513,0.12721,0.0020465,0,0.22749
27.469,1,105.8,7.9346,1.9393,0.46011,2.4459,0.12707,0.0020424,0,0.22942
27.475,1,105.61,7.937,1.9401,0.45798,2.4714,0.12698,0.002041,0,0.23119
27.481,1,105.52,7.9401,1.9468,0.45674,2.4485,0.12697,0.002041,0,0.23065
27.487,1,105.46,7.9434,1.9451,0.45197,2.443,0.12697,0.0020428,0,0.22932
27.493,1,105.41,7.9465,1.939,0.44828,2.4215,0.12691,0.0020477,0,0.22858
27.499,1,105.52,7.9492,1.942,0.44742,2.401,0.12696,0.0020545,0,0.228
27.505,1,105.6,7.9513,1.9432,0.44491,2.4002,0.127,0.0020635,0,0.22717
27.511,1,105.69,7.9532,1.9466,0.44502,2.422,0.12704,0.0020746,0,0.2259
27.516,1,105.74,7.955,1.9483,0.44574,2.4231,0.12706,0.0020876,0,0.22534
27.522,1,105.83,7.9581,1.9548,0.44774,2.3928,0.12709,0.0021025,0,0.22427
27.528,1,105.91,7.961,1.956,0.45064,2.4102,0.12712,0.0021189,0,0.22303
27.534,1,105.99,7.964,1.9586,0.45391,2.4103,0.12711,0.0021366,0,0.22148
27.54,1,106,7.9669,1.9631,0.45602,2.3805,0.12714,0.0021558,0,0.21977
27.546,1,106.04,7.9694,1.9677,0.45569,2.3599,0.12718,0.0021756,0,0.21792
27.552,1,106.02,7.9715,1.9713,0.45583,2.3505,0.12718,0.0021955,0,0.21623
27.558,1,106,7.9727,1.9767,0.45437,2.3304,0.12711,0.0022156,0,0.21487
27.564,1,106.1,7.9721,1.9817,0.45321,2.3337,0.12713,0.0022354,0,0.21296
27.57,1,106.16,7.9718,1.9848,0.45317,2.3503,0.12716,0.0022533,0,0.21121
27.576,1,106.23,7.9718,1.9891,0.45625,2.336,0.12719,0.0022695,0,0.20997
27.581,1,106.33,7.972,1.9946,0.46042,2.3175,0.12723,0.0022831,0,0.20953
27.587,1,106.4,7.9726,1.9988,0.46472,2.3141,0.12726,0.0022933,0,0.20974
27.594,1,106.24,7.9734,2.0024,0.46373,2.3112,0.12719,0.0022997,0,0.21003
27.599,1,106.27,7.9743,2.0073,0.46269,2.3036,0.12722,0.0023018,0,0.2102
27.606,1,106.32,7.9755,2.0117,0.4646,2.303,0.12726,0.0022998,0,0.21028
27.612,1,106.36,7.9767,2.0143,0.46879,2.3138,0.12729,0.0022953,0,0.21079
27.618,1,106.44,7.9779,2.018,0.47291,2.306,0.12732,0.0022847,0,0.21135
27.623,1,106.53,7.9792,2.0219,0.47572,2.2971,0.12736,0.002268,0,0.21154
27.63,1,106.53,7.9806,2.0209,0.47569,2.3287,0.12737,0.0022476,0,0.21117
27.635,1,106.49,7.982,2.0084,0.47511,2.3192,0.12739,0.0022231,0,0.21039
27.641,1,106.44,7.9821,1.9925,0.47519,2.3165,0.12741,0.0021955,0,0.2106
27.647,1,106.51,7.9799,1.9726,0.47884,2.3358,0.12743,0.0021639,0,0.21123
27.653,1,106.54,7.9761,1.9624,0.47795,2.3455,0.12743,0.0021388,0,0.21173
27.659,1,106.43,7.9701,1.9609,0.47608,2.3484,0.12735,0.002117,0,0.21325
27.665,1,106.35,7.9629,1.961,0.47236,2.4189,0.12739,0.0020989,0,0.21507
27.671,1,106.27,7.9541,1.9505,0.47151,2.4556,0.12737,0.0020775,0,0.21701
27.677,1,106.3,7.9455,1.951,0.46804,2.4854,0.12736,0.0020672,0,0.21898
27.682,1,106.26,7.9392,1.9501,0.46387,2.4461,0.12731,0.0020569,0,0.22109
27.688,1,106.1,7.9378,1.9473,0.46629,2.4511,0.12724,0.0020504,0,0.22322
27.694,1,105.91,7.9378,1.9386,0.46331,2.4843,0.12712,0.0020463,0,0.22531
27.7,1,105.77,7.9347,1.9291,0.45833,2.4487,0.12706,0.0020443,0,0.22738
27.706,1,105.58,7.9352,1.9405,0.45615,2.4441,0.12698,0.002044,0,0.22934
27.712,1,105.56,7.9369,1.942,0.45562,2.4745,0.12699,0.0020459,0,0.22943
27.718,1,105.61,7.9403,1.9394,0.45134,2.4314,0.12702,0.0020502,0,0.22825
27.724,1,105.56,7.9432,1.9432,0.44747,2.4297,0.12705,0.002057,0,0.22766
27.73,1,105.59,7.9462,1.9459,0.44602,2.4199,0.12701,0.0020657,0,0.22723
27.736,1,105.66,7.9483,1.948,0.4462,2.4189,0.12704,0.0020768,0,0.22652
27.741,1,105.73,7.9505,1.9504,0.44447,2.4025,0.12707,0.0020895,0,0.22566
27.747,1,105.78,7.9523,1.952,0.44568,2.4251,0.1271,0.0021042,0,0.22516
27.753,1,105.83,7.9541,1.9525,0.448,2.4139,0.12712,0.0021202,0,0.22465
27.759,1,105.92,7.9571,1.9572,0.45074,2.3687,0.12717,0.002138,0,0.22406
27.765,1,106.02,7.9599,1.9616,0.45383,2.368,0.12722,0.0021568,0,0.22319
27.771,1,106,7.9627,1.967,0.4563,2.3597,0.12716,0.0021765,0,0.22206
27.777,1,106.1,7.9656,1.9725,0.45484,2.3409,0.1272,0.0021967,0,0.2205
27.783,1,106.07,7.9681,1.9767,0.4565,2.3335,0.12722,0.0022164,0,0.2189
27.789,1,106,7.9701,1.9802,0.45899,2.3274,0.12716,0.002235,0,0.2174
27.795,1,106.05,7.971,1.9851,0.45799,2.3124,0.1271,0.0022522,0,0.21606
27.801,1,106.14,7.9708,1.9894,0.45707,2.3222,0.12714,0.002267,0,0.21323
27.807,1,106.21,7.9709,1.9931,0.46069,2.3301,0.12717,0.0022785,0,0.21147
27.813,1,106.28,7.9713,1.9965,0.46486,2.3237,0.1272,0.0022867,0,0.20937
27.819,1,106.37,7.9719,2.0018,0.46922,2.309,0.12724,0.0022906,0,0.2092
27.825,1,106.44,7.9727,2.0058,0.46925,2.3116,0.12728,0.0022909,0,0.20955
27.831,1,106.3,7.9737,2.0091,0.46817,2.3223,0.12722,0.0022873,0,0.2099
27.837,1,106.33,7.9749,2.0137,0.4674,2.3158,0.12725,0.0022764,0,0.21024
27.843,1,106.38,7.9761,2.0176,0.47081,2.3109,0.12729,0.0022598,0,0.21111
27.849,1,106.34,7.9774,2.0126,0.47092,2.3145,0.12731,0.00224,0,0.21191
27.855,1,106.38,7.9787,1.9997,0.47039,2.2988,0.12733,0.0022136,0,0.21241
27.861,1,106.47,7.9801,1.9843,0.46954,2.3009,0.12737,0.0021852,0,0.21256
27.867,1,106.56,7.9816,1.968,0.47018,2.3025,0.12739,0.0021552,0,0.21228
27.873,1,106.61,7.9818,1.9647,0.47408,2.3411,0.12741,0.0021343,0,0.21155
27.878,1,106.55,7.9813,1.9694,0.47774,2.3479,0.12743,0.0021146,0,0.2103
27.884,1,106.52,7.9791,1.965,0.47808,2.3632,0.12743,0.002096,0,0.21053
27.89,1,106.48,7.9755,1.9525,0.47733,2.4056,0.12737,0.0020749,0,0.2115
27.896,1,106.27,7.9703,1.9512,0.4746,2.4524,0.12732,0.0020638,0,0.21316
27.902,1,106.18,7.9637,1.9521,0.46982,2.4697,0.12731,0.002054,0,0.21495
27.908,1,106.12,7.9559,1.9548,0.4676,2.4476,0.12725,0.0020481,0,0.21687
27.914,1,105.94,7.9479,1.9524,0.46249,2.4447,0.12716,0.0020449,0,0.21882
27.92,1,105.88,7.9419,1.9331,0.46253,2.437,0.12713,0.0020437,0,0.22087
27.925,1,105.94,7.9403,1.9333,0.46259,2.4764,0.12714,0.0020436,0,0.22299
27.931,1,105.8,7.9393,1.9379,0.4583,2.4914,0.12707,0.0020458,0,0.22506
27.937,1,105.66,7.9358,1.9255,0.45366,2.4501,0.127,0.0020507,0,0.22712
27.943,1,105.63,7.9368,1.9315,0.45256,2.444,0.12703,0.0020575,0,0.22882
27.949,1,105.76,7.9384,1.9381,0.45068,2.4439,0.12709,0.0020666,0,0.22762
27.955,1,105.73,7.9412,1.9449,0.44682,2.4327,0.12713,0.0020781,0,0.22706
27.962,1,105.67,7.9438,1.9489,0.44477,2.4306,0.12705,0.0020916,0,0.22679
27.967,1,105.72,7.9465,1.9521,0.4458,2.4207,0.12707,0.002107,0,0.22618
27.973,1,105.79,7.949,1.9541,0.44646,2.4134,0.1271,0.0021241,0,0.22536
27.979,1,105.83,7.9506,1.9524,0.44603,2.423,0.12712,0.0021421,0,0.22507
27.985,1,105.92,7.9524,1.9543,0.44737,2.3979,0.12716,0.0021615,0,0.22464
27.991,1,106,7.9541,1.9568,0.44917,2.3782,0.12721,0.0021812,0,0.22431
27.997,1,106.13,7.9568,1.9644,0.45141,2.3462,0.12727,0.0022018,0,0.22374
28.003,1,106.12,7.9593,1.9691,0.4541,2.3561,0.12721,0.002222,0,0.22292
28.009,1,106.06,7.9623,1.9754,0.45461,2.331,0.12719,0.0022417,0,0.22176
28.015,1,106.11,7.9649,1.9795,0.45561,2.3253,0.12724,0.0022598,0,0.22044
28.021,1,106.02,7.9672,1.9829,0.45903,2.3198,0.12723,0.0022754,0,0.21919
28.027,1,105.99,7.9694,1.9872,0.46238,2.308,0.12714,0.0022882,0,0.21786
28.033,1,106.08,7.9707,1.9918,0.46182,2.3031,0.1271,0.0022973,0,0.21619
28.039,1,106.15,7.9708,1.9956,0.46562,2.312,0.12713,0.0023025,0,0.21321
28.045,1,106.22,7.9712,1.9985,0.46985,2.3227,0.12716,0.0023041,0,0.21155
28.051,1,106.29,7.9718,2.0024,0.47403,2.3182,0.12719,0.0023021,0,0.20941
28.056,1,106.37,7.9726,2.0073,0.47517,2.3224,0.12723,0.0022943,0,0.20842
28.063,1,106.44,7.9736,2.011,0.47421,2.3307,0.12727,0.0022799,0,0.20888
28.069,1,106.36,7.9747,2.0142,0.47218,2.3254,0.12725,0.0022607,0,0.20945
28.075,1,106.28,7.9759,2.0089,0.46831,2.3138,0.12728,0.0022353,0,0.21101
28.081,1,106.28,7.9772,1.9939,0.46761,2.312,0.12727,0.0022073,0,0.21222
28.087,1,106.34,7.9786,1.9778,0.46677,2.3121,0.1273,0.0021787,0,0.2131
28.092,1,106.44,7.98,1.9654,0.46574,2.3051,0.12734,0.0021486,0,0.21365
28.098,1,106.54,7.9815,1.965,0.46819,2.3179,0.12738,0.0021238,0,0.21375
28.105,1,106.61,7.9816,1.9672,0.4722,2.3224,0.12741,0.002104,0,0.21348
28.11,1,106.67,7.9814,1.9631,0.47401,2.3321,0.12743,0.0020855,0,0.21292
28.116,1,106.59,7.9812,1.9593,0.47363,2.3702,0.12743,0.0020687,0,0.21179
28.122,1,106.44,7.9797,1.9593,0.47267,2.3627,0.12732,0.0020577,0,0.21026
28.128,1,106.33,7.9767,1.957,0.4708,2.4243,0.12729,0.002049,0,0.21146
28.134,1,106.27,7.9719,1.9557,0.46914,2.4406,0.12732,0.0020436,0,0.21314
28.14,1,106.01,7.9657,1.9568,0.46808,2.4405,0.12719,0.0020409,0,0.21492
28.146,1,105.85,7.9582,1.9408,0.46558,2.4373,0.1271,0.0020404,0,0.21682
28.152,1,105.84,7.9499,1.9307,0.46318,2.4497,0.12712,0.0020416,0,0.21879
28.157,1,105.89,7.9423,1.9244,0.46299,2.4902,0.12713,0.0020447,0,0.2208
28.163,1,105.8,7.9397,1.9334,0.46192,2.4715,0.12707,0.0020501,0,0.2229
28.169,1,105.66,7.9391,1.9315,0.4576,2.44,0.12702,0.0020578,0,0.22499
28.175,1,105.74,7.9361,1.9294,0.45281,2.408,0.12708,0.0020674,0,0.22707
28.181,1,105.84,7.9358,1.9367,0.45109,2.4397,0.12713,0.0020792,0,0.2266
28.187,1,105.92,7.9372,1.9452,0.44701,2.4441,0.12717,0.0020932,0,0.22615
28.193,1,105.8,7.9395,1.95,0.44678,2.4456,0.12717,0.0021089,0,0.22598
28.199,1,105.78,7.9422,1.9538,0.44809,2.4273,0.1271,0.0021261,0,0.22544
28.205,1,105.85,7.9452,1.9559,0.44935,2.408,0.12713,0.0021448,0,0.22496
28.211,1,105.94,7.9478,1.9571,0.44632,2.3992,0.12717,0.0021645,0,0.22475
28.217,1,106.05,7.9499,1.96,0.44509,2.4046,0.12723,0.002185,0,0.22446
28.224,1,106.13,7.9512,1.9617,0.44628,2.3959,0.12727,0.0022048,0,0.22429
28.229,1,106.23,7.9526,1.9657,0.44801,2.359,0.12732,0.0022245,0,0.22403
28.235,1,106.29,7.9547,1.9717,0.45056,2.3419,0.1273,0.0022435,0,0.22365
28.241,1,106.16,7.9574,1.978,0.45382,2.3379,0.12723,0.0022614,0,0.22286
28.247,1,106.14,7.9601,1.983,0.45591,2.326,0.12723,0.002277,0,0.22186
28.253,1,106.16,7.9627,1.9871,0.45904,2.3175,0.12728,0.0022896,0,0.22074
28.259,1,106.03,7.9649,1.9901,0.46273,2.3136,0.12723,0.0022988,0,0.21965
28.264,1,106,7.9672,1.9944,0.46436,2.301,0.12715,0.0023042,0,0.21842
28.27,1,106.08,7.9693,1.9982,0.46559,2.2988,0.1271,0.0023059,0,0.21718
28.276,1,106.17,7.9701,2.0024,0.46986,2.3055,0.12714,0.0023031,0,0.21389
28.282,1,106.23,7.9707,2.0047,0.47404,2.326,0.12717,0.002298,0,0.21206
28.288,1,106.3,7.9715,2.0086,0.47821,2.3482,0.1272,0.0022865,0,0.20996
28.294,1,106.38,7.9724,2.013,0.47943,2.3372,0.12724,0.0022693,0,0.20792
28.3,1,106.45,7.9736,2.015,0.47506,2.3272,0.12727,0.0022459,0,0.20816
28.306,1,106.35,7.9748,2.002,0.46916,2.3223,0.12729,0.0022195,0,0.20877
28.312,1,106.24,7.9762,1.9862,0.46622,2.3163,0.12724,0.0021903,0,0.2103
28.318,1,106.3,7.9775,1.9695,0.46526,2.3161,0.12728,0.0021608,0,0.21153
28.324,1,106.39,7.979,1.9672,0.46475,2.3212,0.12732,0.002136,0,0.21245
28.33,1,106.47,7.9802,1.97,0.46562,2.3388,0.12735,0.0021156,0,0.21298
28.335,1,106.55,7.9805,1.9718,0.4695,2.3454,0.12738,0.0020971,0,0.21312
28.341,1,106.61,7.981,1.9636,0.4691,2.3728,0.12741,0.0020748,0,0.21286
28.347,1,106.45,7.9814,1.9655,0.46847,2.3761,0.12741,0.0020641,0,0.21228
28.353,1,106.4,7.982,1.9677,0.46755,2.3746,0.12737,0.002055,0,0.21112
28.359,1,106.26,7.9828,1.9719,0.46478,2.3799,0.12728,0.0020481,0,0.21025
28.365,1,106.19,7.9819,1.9691,0.46357,2.3983,0.12723,0.0020435,0,0.21099
28.371,1,106.14,7.9796,1.9498,0.46242,2.4327,0.12725,0.0020414,0,0.2126
28.377,1,106.13,7.9748,1.9419,0.46203,2.4421,0.12727,0.0020413,0,0.21432
28.382,1,106.03,7.968,1.9384,0.46481,2.4362,0.12719,0.0020434,0,0.21618
28.388,1,105.92,7.96,1.9275,0.46393,2.4531,0.12717,0.0020484,0,0.21812
28.394,1,105.98,7.9514,1.9176,0.46314,2.4476,0.12716,0.0020551,0,0.22016
28.4,1,105.85,7.9444,1.9213,0.46059,2.4147,0.1271,0.002064,0,0.22224
28.406,1,105.86,7.9421,1.9342,0.45722,2.401,0.12714,0.0020748,0,0.22434
28.412,1,105.94,7.9408,1.9409,0.45266,2.3924,0.12718,0.0020877,0,0.22607
28.418,1,106.02,7.9366,1.9365,0.45009,2.4241,0.12722,0.0021024,0,0.22566
28.424,1,106.05,7.9371,1.9473,0.44918,2.4454,0.12725,0.0021188,0,0.22567
28.43,1,105.92,7.9382,1.9503,0.45003,2.4293,0.12723,0.0021364,0,0.22556
28.436,1,105.91,7.9409,1.9561,0.45137,2.4002,0.12717,0.0021554,0,0.22494
28.442,1,106.02,7.9434,1.9603,0.45025,2.3837,0.12721,0.0021751,0,0.22494
28.448,1,106.14,7.9462,1.9659,0.44676,2.386,0.12727,0.0021954,0,0.22473
28.454,1,106.25,7.9483,1.9692,0.4453,2.3736,0.12733,0.0022154,0,0.22459
28.46,1,106.34,7.9497,1.9709,0.44768,2.3529,0.12737,0.0022339,0,0.22438
28.466,1,106.42,7.9509,1.9739,0.45043,2.3404,0.12738,0.0022507,0,0.22417
28.472,1,106.29,7.9524,1.9777,0.45355,2.3268,0.1273,0.0022652,0,0.22384
28.477,1,106.17,7.955,1.9847,0.45572,2.3268,0.12724,0.0022768,0,0.22313
28.483,1,106.24,7.9577,1.9898,0.45689,2.3267,0.12726,0.0022846,0,0.22232
28.489,1,106.22,7.9603,1.9936,0.46083,2.3183,0.1273,0.0022887,0,0.2213
28.495,1,106.11,7.9628,1.9973,0.46502,2.312,0.12723,0.0022892,0,0.22022
28.501,1,106.01,7.9652,2.0008,0.46756,2.3185,0.12715,0.0022854,0,0.21907
28.507,1,106.09,7.9673,2.0041,0.46761,2.3241,0.12712,0.0022752,0,0.21769
28.513,1,106.17,7.9694,2.0079,0.4719,2.338,0.12715,0.0022587,0,0.21442
28.519,1,106.25,7.9712,2.006,0.47337,2.3645,0.12719,0.0022367,0,0.21224
28.525,1,106.19,7.9727,1.9914,0.47272,2.3533,0.12719,0.0022107,0,0.21022
28.531,1,106.27,7.9738,1.9761,0.46888,2.3364,0.12722,0.0021821,0,0.20812
28.537,1,106.34,7.975,1.9607,0.46425,2.3245,0.12726,0.0021516,0,0.20809
28.543,1,106.26,7.9763,1.9586,0.46341,2.3225,0.12724,0.002129,0,0.20944
28.549,1,106.31,7.9776,1.9631,0.46253,2.3292,0.12727,0.0021093,0,0.21087
28.555,1,106.36,7.9784,1.9616,0.46266,2.3677,0.1273,0.0020912,0,0.21195
28.561,1,106.43,7.9792,1.9561,0.46279,2.3592,0.12733,0.0020732,0,0.21271
28.566,1,106.52,7.9802,1.9608,0.46464,2.3767,0.12737,0.0020611,0,0.2131
28.573,1,106.38,7.9811,1.9635,0.46385,2.3834,0.12738,0.0020516,0,0.21305
28.579,1,106.39,7.982,1.9674,0.46286,2.3935,0.12738,0.0020462,0,0.21241
28.585,1,106.23,7.9829,1.9697,0.46198,2.4251,0.12728,0.0020433,0,0.21135
28.59,1,106.08,7.984,1.9723,0.46145,2.4093,0.12717,0.0020428,0,0.21133
28.596,1,106.11,7.9853,1.9602,0.46017,2.3718,0.12722,0.002043,0,0.21128
28.602,1,106.19,7.9842,1.9543,0.45967,2.3879,0.12726,0.0020453,0,0.21098
28.608,1,106.27,7.981,1.9526,0.45954,2.4125,0.12724,0.0020504,0,0.21245
28.614,1,106.12,7.976,1.9436,0.46039,2.4321,0.12727,0.0020576,0,0.21416
28.619,1,106.01,7.9694,1.9309,0.45952,2.468,0.1272,0.0020671,0,0.21599
28.625,1,105.96,7.9612,1.9258,0.45937,2.4465,0.12715,0.0020787,0,0.21785
28.631,1,105.87,7.9521,1.9236,0.46054,2.4125,0.12715,0.0020921,0,0.21987
28.637,1,105.96,7.9442,1.9275,0.45992,2.3978,0.12719,0.0021075,0,0.22198
28.643,1,106.01,7.9414,1.9396,0.45514,2.3986,0.12722,0.0021243,0,0.224
28.649,1,106.07,7.9401,1.9458,0.45383,2.4099,0.12724,0.0021425,0,0.22377
28.655,1,106.16,7.9363,1.9403,0.45278,2.4234,0.12729,0.0021618,0,0.22383
28.661,1,106.08,7.9364,1.949,0.45332,2.4047,0.1273,0.0021819,0,0.22366
28.667,1,106.01,7.9374,1.9546,0.45422,2.3897,0.12724,0.002202,0,0.22355
28.673,1,106.12,7.9396,1.9625,0.45276,2.3617,0.12726,0.0022222,0,0.2239
28.678,1,106.23,7.9421,1.968,0.44945,2.3457,0.12732,0.0022417,0,0.22417
28.684,1,106.34,7.9447,1.9735,0.44789,2.3509,0.12737,0.0022601,0,0.22427
28.691,1,106.44,7.947,1.9769,0.44958,2.3401,0.12742,0.0022762,0,0.22424
28.697,1,106.52,7.9484,1.9785,0.45269,2.3293,0.12746,0.0022892,0,0.22418
28.703,1,106.6,7.9497,1.981,0.4563,2.3208,0.12745,0.0022988,0,0.22404
28.709,1,106.45,7.951,1.9839,0.46026,2.3205,0.12738,0.0023051,0,0.22389
28.714,1,106.32,7.9536,1.9908,0.45994,2.3269,0.12731,0.002307,0,0.22346
28.72,1,106.36,7.9564,1.9961,0.46372,2.3342,0.12731,0.0023045,0,0.2228
28.726,1,106.32,7.959,1.9997,0.46804,2.3231,0.12731,0.0022984,0,0.22193
28.732,1,106.17,7.9614,2.0025,0.47119,2.3395,0.12723,0.0022871,0,0.22104
28.738,1,106,7.9638,2.0062,0.46727,2.3241,0.12715,0.0022703,0,0.22003
28.744,1,106.04,7.9661,2.0098,0.46588,2.3175,0.12718,0.0022478,0,0.21851
28.75,1,106.1,7.9681,1.9973,0.46954,2.3354,0.12718,0.002221,0,0.2152
28.756,1,106.1,7.9699,1.9812,0.46877,2.3647,0.12714,0.0021917,0,0.21263
28.762,1,106.18,7.9715,1.9646,0.46766,2.3482,0.12718,0.0021611,0,0.21061
28.768,1,106.25,7.973,1.9614,0.46809,2.3358,0.12721,0.0021372,0,0.2094
28.774,1,106.33,7.9744,1.9658,0.46737,2.3384,0.12725,0.002116,0,0.20881
28.78,1,106.28,7.9755,1.967,0.46651,2.3754,0.12722,0.0020977,0,0.20965
28.786,1,106.34,7.9768,1.9591,0.46547,2.3755,0.12725,0.0020752,0,0.21094
28.792,1,106.39,7.9778,1.9614,0.46447,2.4143,0.12728,0.0020647,0,0.21187
28.797,1,106.26,7.9791,1.9643,0.46006,2.4086,0.12729,0.002055,0,0.21255
28.803,1,106.25,7.9806,1.9691,0.45904,2.3942,0.12734,0.0020484,0,0.21287
28.809,1,106.19,7.9821,1.9723,0.45791,2.3859,0.12734,0.0020435,0,0.21257
28.815,1,106.01,7.9836,1.9743,0.45765,2.4307,0.1272,0.0020416,0,0.21177
28.821,1,106.02,7.9851,1.9587,0.45595,2.4313,0.12715,0.0020417,0,0.21137
28.827,1,106,7.986,1.9575,0.45532,2.4129,0.12716,0.0020439,0,0.21171
28.833,1,106.09,7.9863,1.9611,0.45527,2.3832,0.1272,0.0020493,0,0.21203
28.838,1,106.19,7.9858,1.9588,0.45514,2.3582,0.12725,0.0020558,0,0.21216
28.844,1,106.29,7.9837,1.9477,0.45838,2.3902,0.12729,0.0020645,0,0.21196
28.85,1,106.34,7.9789,1.9446,0.45755,2.4427,0.12727,0.0020754,0,0.21357
28.856,1,106.11,7.9722,1.9393,0.45715,2.4452,0.12722,0.0020884,0,0.21535
28.862,1,105.88,7.9642,1.9351,0.45688,2.4375,0.12717,0.002103,0,0.21719
28.868,1,105.93,7.9549,1.9313,0.45806,2.412,0.1272,0.0021193,0,0.2192
28.874,1,106.01,7.9457,1.9331,0.45653,2.3948,0.12724,0.0021373,0,0.22131
28.88,1,106.08,7.9417,1.9406,0.45957,2.3782,0.12729,0.0021561,0,0.22262
28.886,1,106.18,7.9404,1.9483,0.45809,2.3737,0.12734,0.0021757,0,0.2227
28.892,1,106.26,7.9373,1.9477,0.45424,2.3836,0.12738,0.0021954,0,0.22267
28.898,1,106.19,7.9358,1.9549,0.45416,2.3555,0.12736,0.0022152,0,0.22245
28.904,1,106.25,7.9367,1.9646,0.45489,2.3429,0.12733,0.0022339,0,0.22291
28.91,1,106.34,7.9383,1.971,0.45434,2.3354,0.12737,0.0022504,0,0.22337
28.916,1,106.45,7.9409,1.978,0.45269,2.345,0.12742,0.0022644,0,0.22395
28.922,1,106.55,7.9435,1.9824,0.45261,2.3334,0.12747,0.0022749,0,0.22434
28.928,1,106.63,7.9457,1.9856,0.45661,2.3198,0.12751,0.0022816,0,0.22441
28.935,1,106.66,7.9472,1.9869,0.46076,2.3159,0.12748,0.0022848,0,0.22438
28.94,1,106.5,7.9487,1.99,0.46303,2.3083,0.1274,0.002284,0,0.22431
28.946,1,106.34,7.95,1.9923,0.46239,2.3513,0.12732,0.0022782,0,0.22428
28.952,1,106.34,7.9519,1.9968,0.46649,2.3821,0.12731,0.0022671,0,0.22399
28.958,1,106.27,7.9546,2.0026,0.47083,2.3439,0.12727,0.0022483,0,0.22344
28.964,1,106.13,7.957,1.9959,0.47279,2.3475,0.1272,0.0022264,0,0.22275
28.97,1,106.02,7.9596,1.9809,0.46886,2.329,0.12712,0.0021988,0,0.22191
28.976,1,105.94,7.9621,1.965,0.46263,2.3198,0.12714,0.00217,0,0.221
28.981,1,105.96,7.9645,1.9549,0.46314,2.3137,0.12716,0.0021417,0,0.21955
28.988,1,106.04,7.9666,1.9542,0.4638,2.3405,0.12713,0.0021202,0,0.21632
28.993,1,106.11,7.9684,1.9561,0.4634,2.3639,0.12715,0.0021015,0,0.2136
28.999,1,106.19,7.9702,1.9508,0.46774,2.3576,0.12718,0.0020813,0,0.21122
29.005,1,106.27,7.9718,1.9505,0.46953,2.3851,0.12722,0.0020666,0,0.21082
29.011,1,106.34,7.9734,1.9541,0.46875,2.3873,0.12726,0.0020562,0,0.21018
29.017,1,106.25,7.9749,1.9578,0.46777,2.4331,0.1272,0.0020493,0,0.2096
29.023,1,106.18,7.9766,1.9622,0.4635,2.4442,0.12723,0.0020449,0,0.21011
29.029,1,106.04,7.9783,1.9648,0.45876,2.4321,0.12723,0.0020436,0,0.21094
29.034,1,106,7.9804,1.9687,0.454,2.3987,0.12726,0.0020434,0,0.21154
29.04,1,105.88,7.9827,1.9687,0.4535,2.3877,0.12722,0.0020443,0,0.21162
29.046,1,105.95,7.9847,1.9557,0.45349,2.4221,0.1272,0.0020472,0,0.21118
29.052,1,105.98,7.986,1.955,0.45201,2.4206,0.12714,0.0020528,0,0.21076
29.058,1,105.9,7.9866,1.9579,0.45179,2.4027,0.12713,0.0020608,0,0.21127
29.064,1,106,7.9874,1.9549,0.45151,2.3736,0.12718,0.0020707,0,0.21178
29.07,1,106.09,7.988,1.9517,0.45266,2.3567,0.12723,0.0020826,0,0.21223
29.075,1,106.18,7.988,1.9547,0.456,2.3718,0.12728,0.0020963,0,0.21259
29.081,1,106.28,7.9862,1.9548,0.45568,2.3617,0.12731,0.0021119,0,0.21274
29.087,1,106.28,7.9827,1.9536,0.45512,2.414,0.12729,0.0021288,0,0.21307
29.093,1,106.33,7.9771,1.9501,0.45537,2.4376,0.12727,0.0021471,0,0.21481
29.099,1,106,7.9701,1.9447,0.45929,2.4362,0.1272,0.0021659,0,0.2166
29.105,1,105.96,7.9614,1.9388,0.45872,2.396,0.12723,0.0021856,0,0.21855
29.111,1,106.07,7.9524,1.9355,0.46188,2.3694,0.12728,0.0022056,0,0.22056
29.116,1,106.16,7.9451,1.9385,0.46248,2.3543,0.12733,0.0022253,0,0.22104
29.122,1,106.25,7.9423,1.9524,0.4619,2.3385,0.12738,0.0022444,0,0.22102
29.128,1,106.34,7.9407,1.9597,0.45763,2.3489,0.12743,0.0022622,0,0.22082
29.134,1,106.36,7.9363,1.957,0.45593,2.3311,0.12744,0.0022781,0,0.22133
29.14,1,106.42,7.9363,1.9695,0.45665,2.3208,0.12741,0.0022912,0,0.22184
29.146,1,106.49,7.9369,1.9749,0.4597,2.3213,0.12744,0.0023009,0,0.22256
29.152,1,106.58,7.939,1.9825,0.45832,2.3239,0.12749,0.0023069,0,0.22327
29.158,1,106.67,7.9415,1.988,0.46016,2.3174,0.12754,0.0023084,0,0.22398
29.164,1,106.75,7.944,1.9919,0.46446,2.309,0.12758,0.0023056,0,0.22447
29.17,1,106.8,7.9458,1.9937,0.46875,2.3118,0.12755,0.0022998,0,0.22454
29.176,1,106.67,7.9472,1.9952,0.46917,2.3379,0.12748,0.0022887,0,0.22471
29.182,1,106.43,7.9485,1.9977,0.46833,2.3568,0.12737,0.0022723,0,0.2248
29.188,1,106.22,7.9498,2.0003,0.47241,2.3836,0.12725,0.0022519,0,0.22467
29.194,1,106.09,7.9519,1.9948,0.47297,2.364,0.12718,0.0022274,0,0.22437
29.199,1,105.95,7.9544,1.9808,0.47215,2.3468,0.12711,0.0021979,0,0.22383
29.205,1,106.04,7.9573,1.9661,0.46676,2.3269,0.12712,0.0021661,0,0.22309
29.211,1,105.98,7.9599,1.9557,0.46094,2.3207,0.12716,0.0021376,0,0.22226
29.217,1,106.06,7.9625,1.9559,0.45945,2.3111,0.12717,0.002114,0,0.22123
29.223,1,106.01,7.9647,1.9578,0.46319,2.3221,0.1272,0.002095,0,0.21794
29.229,1,106.08,7.9667,1.9521,0.46342,2.3933,0.12715,0.002075,0,0.21524
29.235,1,106.16,7.9685,1.951,0.46768,2.417,0.12719,0.0020613,0,0.21246
29.241,1,106.25,7.9708,1.9555,0.47213,2.398,0.12723,0.00205,0,0.21201
29.247,1,106.3,7.9727,1.9585,0.47189,2.4371,0.12726,0.0020431,0,0.21153
29.253,1,106.23,7.9747,1.9623,0.46602,2.4451,0.1272,0.0020392,0,0.21059
29.259,1,106.08,7.9771,1.9666,0.45953,2.4356,0.12722,0.0020368,0,0.20995
29.265,1,105.92,7.9792,1.968,0.45479,2.4364,0.12722,0.0020375,0,0.21023
29.27,1,105.9,7.9818,1.9614,0.45051,2.4022,0.12718,0.0020389,0,0.21085
29.276,1,105.88,7.9837,1.9579,0.4498,2.3994,0.12721,0.0020426,0,0.21098
29.282,1,105.95,7.9851,1.9621,0.44956,2.4095,0.1272,0.0020486,0,0.21067
29.288,1,105.97,7.9861,1.963,0.44921,2.4068,0.12714,0.002057,0,0.21038
29.294,1,105.88,7.9873,1.9541,0.44883,2.392,0.12716,0.0020674,0,0.2111
29.3,1,105.99,7.9879,1.9578,0.44969,2.3629,0.12721,0.0020796,0,0.21182
29.305,1,106.1,7.9883,1.9604,0.45313,2.3852,0.12726,0.0020937,0,0.21245
29.311,1,106.17,7.9882,1.9636,0.45674,2.3849,0.1273,0.002109,0,0.21299
29.317,1,106.27,7.9873,1.9658,0.45739,2.3471,0.12728,0.0021263,0,0.21342
29.323,1,106.34,7.9842,1.9626,0.45715,2.3845,0.12731,0.0021446,0,0.21369
29.329,1,106.4,7.9792,1.9577,0.45762,2.3937,0.12731,0.0021637,0,0.21423
29.335,1,106.25,7.9725,1.952,0.45693,2.4019,0.12725,0.0021834,0,0.21603
29.341,1,106.09,7.9646,1.9476,0.45668,2.3868,0.12728,0.0022026,0,0.21787
29.346,1,106.19,7.955,1.9454,0.46055,2.3506,0.12734,0.0022222,0,0.21969
29.352,1,106.29,7.9458,1.9491,0.46263,2.3411,0.12739,0.0022409,0,0.21966
29.358,1,106.39,7.9411,1.9593,0.46196,2.3334,0.12744,0.0022584,0,0.21934
29.364,1,106.44,7.9394,1.97,0.46084,2.3313,0.12749,0.0022735,0,0.21987
29.37,1,106.45,7.9363,1.9702,0.45795,2.3214,0.12749,0.0022854,0,0.22043
29.376,1,106.53,7.9341,1.9741,0.45968,2.3139,0.12752,0.0022941,0,0.22123
29.382,1,106.61,7.9347,1.9837,0.46263,2.3063,0.12756,0.0022987,0,0.22205
29.388,1,106.69,7.9362,1.9902,0.46305,2.3176,0.1276,0.0022994,0,0.22292
29.394,1,106.77,7.9388,1.9966,0.46718,2.3162,0.12765,0.0022958,0,0.22373
29.4,1,106.83,7.941,1.9996,0.4712,2.3239,0.12766,0.0022886,0,0.22453
29.406,1,106.82,7.9431,2.0022,0.47288,2.3575,0.12758,0.0022752,0,0.22499
29.412,1,106.58,7.9448,2.0042,0.47188,2.3461,0.12744,0.0022567,0,0.22525
29.418,1,106.21,7.9463,2.0002,0.46967,2.3452,0.12726,0.0022335,0,0.22545
29.424,1,105.97,7.9476,1.985,0.46889,2.3763,0.12713,0.0022068,0,0.22535
29.43,1,105.94,7.9494,1.9695,0.46801,2.3649,0.12707,0.0021783,0,0.22509
29.436,1,106.01,7.9516,1.9554,0.46729,2.3492,0.12711,0.002151,0,0.22465
29.441,1,106.11,7.9545,1.9555,0.46214,2.3409,0.12716,0.0021261,0,0.22399
29.447,1,106.01,7.9573,1.9596,0.4602,2.3786,0.12719,0.0021067,0,0.22323
29.453,1,106.07,7.9597,1.9586,0.4587,2.3912,0.12717,0.0020886,0,0.22207
29.459,1,106.02,7.9626,1.9511,0.46092,2.4144,0.12722,0.0020683,0,0.21883
29.465,1,106,7.9651,1.9535,0.46368,2.4326,0.12718,0.0020583,0,0.21613
29.471,1,105.99,7.9678,1.9558,0.46514,2.4412,0.12708,0.0020497,0,0.21337
29.477,1,106.07,7.9708,1.9609,0.46422,2.4462,0.12712,0.002044,0,0.21243
29.483,1,106.06,7.9737,1.9633,0.45997,2.4469,0.12715,0.0020409,0,0.21199
29.489,1,105.92,7.9766,1.9572,0.45488,2.4412,0.12715,0.0020403,0,0.2112
29.494,1,105.95,7.9791,1.9534,0.45019,2.4425,0.12716,0.0020411,0,0.21006
29.5,1,105.8,7.9808,1.9558,0.44798,2.4355,0.12712,0.0020439,0,0.20956
29.506,1,105.89,7.9825,1.9584,0.44791,2.3894,0.12716,0.0020491,0,0.20951
29.512,1,105.93,7.9845,1.9506,0.44581,2.3747,0.12719,0.0020562,0,0.2097
29.517,1,105.99,7.986,1.9552,0.44477,2.3857,0.1272,0.0020653,0,0.20946
29.524,1,106.03,7.9871,1.9582,0.44553,2.3844,0.12718,0.0020766,0,0.20966
29.53,1,105.97,7.9877,1.9615,0.44866,2.3964,0.12721,0.0020898,0,0.21054
29.535,1,106.06,7.988,1.9648,0.45211,2.416,0.12725,0.0021048,0,0.21145
29.541,1,106.18,7.9883,1.9687,0.4559,2.3934,0.12728,0.0021216,0,0.21231
29.547,1,106.15,7.9883,1.9697,0.45981,2.386,0.12723,0.0021393,0,0.21303
29.553,1,106.23,7.9881,1.9707,0.45994,2.3613,0.12727,0.002158,0,0.21367
29.559,1,106.31,7.9863,1.9708,0.4581,2.3581,0.12733,0.0021775,0,0.21423
29.565,1,106.39,7.9825,1.9713,0.45368,2.3429,0.12736,0.0021979,0,0.21459
29.571,1,106.37,7.9766,1.9686,0.45424,2.3509,0.12733,0.0022179,0,0.21552
29.577,1,106.37,7.9692,1.9646,0.45587,2.3473,0.12733,0.0022366,0,0.21733
29.582,1,106.41,7.96,1.9617,0.45975,2.3255,0.12738,0.0022546,0,0.21719
29.588,1,106.52,7.9503,1.9618,0.4635,2.3161,0.12743,0.0022706,0,0.21715
29.595,1,106.6,7.942,1.967,0.46252,2.3307,0.12747,0.0022837,0,0.21768
29.6,1,106.57,7.9388,1.9772,0.46434,2.3153,0.12752,0.0022932,0,0.21835
29.607,1,106.55,7.9371,1.9842,0.46576,2.3147,0.12753,0.0022993,0,0.21923
29.612,1,106.62,7.9329,1.9812,0.46556,2.3102,0.12757,0.0023016,0,0.22019
29.618,1,106.7,7.9325,1.9907,0.46449,2.3069,0.12761,0.0023001,0,0.22123
29.624,1,106.78,7.9333,1.9974,0.46858,2.3289,0.12764,0.0022943,0,0.22228
29.63,1,106.8,7.9354,2.0038,0.47266,2.3556,0.12767,0.0022822,0,0.22334
29.636,1,106.73,7.9376,2.0076,0.47655,2.3643,0.12761,0.0022653,0,0.22451
29.642,1,106.61,7.94,2.006,0.47555,2.3452,0.12746,0.0022429,0,0.2256
29.648,1,106.25,7.9419,1.9917,0.46977,2.3345,0.12728,0.0022168,0,0.22606
29.654,1,105.97,7.9435,1.974,0.46544,2.3354,0.12708,0.0021878,0,0.22644
29.66,1,105.93,7.9453,1.9569,0.4642,2.3582,0.12707,0.0021558,0,0.22648
29.666,1,105.99,7.9467,1.9521,0.46399,2.375,0.1271,0.0021334,0,0.2264
29.672,1,106.07,7.949,1.9579,0.46392,2.3756,0.12714,0.0021144,0,0.22607
29.678,1,106.14,7.9515,1.9579,0.46266,2.3887,0.12717,0.0020974,0,0.22564
29.683,1,106.07,7.9548,1.9513,0.4617,2.4183,0.12721,0.0020766,0,0.225
29.689,1,106.07,7.9584,1.955,0.46077,2.4696,0.12718,0.0020646,0,0.22367
29.695,1,106,7.9619,1.9565,0.46229,2.4704,0.12717,0.0020548,0,0.22052
29.701,1,105.89,7.9656,1.9604,0.46231,2.4355,0.12713,0.0020488,0,0.21793
29.707,1,105.72,7.9692,1.957,0.462,2.4248,0.12705,0.0020451,0,0.21514
29.713,1,105.74,7.9726,1.951,0.45598,2.4367,0.12705,0.002043,0,0.21378
29.719,1,105.8,7.9752,1.9527,0.4514,2.4433,0.12709,0.0020431,0,0.21282
29.725,1,105.88,7.9774,1.9538,0.44741,2.4387,0.12713,0.0020452,0,0.21207
29.73,1,105.97,7.98,1.9458,0.44294,2.4149,0.12717,0.00205,0,0.21087
29.736,1,105.87,7.9817,1.9481,0.44261,2.4019,0.12713,0.002057,0,0.20981
29.742,1,105.93,7.9836,1.9532,0.44464,2.3571,0.12719,0.0020657,0,0.20875
29.748,1,106.02,7.9849,1.9578,0.44666,2.3832,0.12723,0.0020767,0,0.20816
29.754,1,106.11,7.986,1.9619,0.44582,2.3851,0.12721,0.0020897,0,0.2079
29.76,1,106.01,7.987,1.9659,0.44858,2.378,0.12723,0.0021046,0,0.20883
29.766,1,106.05,7.9875,1.9669,0.45207,2.4167,0.12725,0.0021209,0,0.20987
29.772,1,106.16,7.9881,1.9696,0.45593,2.3916,0.12729,0.0021389,0,0.211
29.778,1,106.13,7.9883,1.9723,0.45998,2.3719,0.12725,0.002158,0,0.21202
29.784,1,106.18,7.9881,1.977,0.46233,2.3521,0.12731,0.0021779,0,0.21295
29.79,1,106.26,7.9877,1.9806,0.45991,2.3458,0.12735,0.0021975,0,0.21377
29.796,1,106.36,7.9866,1.9841,0.4542,2.3269,0.12739,0.0022174,0,0.21449
29.802,1,106.47,7.9835,1.9841,0.45222,2.3242,0.12743,0.0022368,0,0.2151
29.808,1,106.52,7.9783,1.9817,0.45485,2.3222,0.12741,0.0022543,0,0.21553
29.814,1,106.56,7.9713,1.9777,0.45866,2.3329,0.1274,0.0022693,0,0.21653
29.819,1,106.52,7.9632,1.9742,0.4626,2.3243,0.12742,0.0022816,0,0.21621
29.825,1,106.62,7.9534,1.9706,0.46669,2.3143,0.12747,0.0022906,0,0.21666
29.831,1,106.66,7.9434,1.9761,0.46686,2.3266,0.12751,0.0022955,0,0.21718
29.837,1,106.62,7.9386,1.9815,0.46865,2.3216,0.12752,0.0022968,0,0.21799
29.843,1,106.6,7.9368,1.9922,0.4706,2.3178,0.12751,0.0022943,0,0.21888
29.849,1,106.67,7.934,1.9921,0.46868,2.3432,0.12755,0.0022868,0,0.21989
29.855,1,106.64,7.9315,1.9944,0.46744,2.3326,0.12759,0.0022725,0,0.22095
29.861,1,106.54,7.9318,2.0023,0.47106,2.3471,0.12754,0.0022537,0,0.22208
29.866,1,106.41,7.9334,1.9928,0.4715,2.3571,0.12748,0.0022278,0,0.22342
29.873,1,106.23,7.9356,1.9787,0.47046,2.3495,0.12738,0.0021992,0,0.22471
29.878,1,106.26,7.9379,1.9619,0.46789,2.3324,0.12724,0.0021686,0,0.22603
29.884,1,106.17,7.9402,1.9511,0.46589,2.3303,0.12718,0.0021405,0,0.22654
29.89,1,106,7.942,1.9494,0.46486,2.3651,0.1271,0.0021186,0,0.22679
29.896,1,105.98,7.9436,1.9503,0.46396,2.4193,0.12709,0.0020993,0,0.22675
29.902,1,106.06,7.9455,1.944,0.46411,2.4149,0.12713,0.0020789,0,0.22646
29.908,1,106.13,7.9479,1.9434,0.46244,2.4492,0.12717,0.0020652,0,0.22598
29.914,1,106.03,7.9513,1.9486,0.46156,2.4347,0.12719,0.0020548,0,0.22538
29.92,1,105.72,7.9549,1.9521,0.4607,2.4312,0.12706,0.0020481,0,0.22472
29.925,1,105.76,7.959,1.957,0.45662,2.4466,0.12701,0.0020435,0,0.22341
29.931,1,105.68,7.9636,1.9514,0.45484,2.4499,0.12698,0.0020405,0,0.22091
29.937,1,105.78,7.9669,1.9479,0.45496,2.4395,0.12701,0.0020405,0,0.21844
29.943,1,105.73,7.97,1.9526,0.45437,2.4111,0.12706,0.0020416,0,0.21677
29.949,1,105.7,7.9728,1.9516,0.45313,2.4372,0.12704,0.0020447,0,0.21539
29.955,1,105.78,7.9756,1.9443,0.44801,2.4207,0.12707,0.0020503,0,0.21384
29.96,1,105.89,7.9782,1.949,0.44431,2.3969,0.12713,0.0020581,0,0.21283
29.967,1,105.98,7.9801,1.9511,0.44249,2.3985,0.12717,0.0020682,0,0.21179
29.972,1,106.03,7.9815,1.9545,0.44253,2.3845,0.12716,0.0020802,0,0.21041
29.978,1,106,7.9832,1.9599,0.44599,2.345,0.1272,0.0020942,0,0.20906
29.984,1,106.1,7.9846,1.9633,0.44923,2.3803,0.12724,0.0021101,0,0.20757
29.99,1,106.13,7.9856,1.9642,0.44913,2.4142,0.12719,0.002127,0,0.20658
29.996,1,106.05,7.9866,1.9669,0.45273,2.4127,0.12722,0.0021454,0,0.20761
30.002,1,106.12,7.9872,1.9706,0.45654,2.3917,0.12723,0.0021645,0,0.2089
30.008,1,106.1,7.9876,1.9764,0.46063,2.3568,0.12727,0.0021846,0,0.2103
30.014,1,106.2,7.9877,1.9811,0.46234,2.3469,0.12732,0.0022049,0,0.21162
30.02,1,106.32,7.9876,1.9864,0.45941,2.3286,0.12736,0.0022252,0,0.21288
30.026,1,106.4,7.9872,1.9905,0.45447,2.3261,0.12739,0.0022444,0,0.21401
30.032,1,106.48,7.9866,1.9936,0.45398,2.3225,0.12742,0.0022619,0,0.215
30.037,1,106.56,7.9845,1.9943,0.45724,2.312,0.12747,0.0022779,0,0.21591
30.043,1,106.63,7.9806,1.9937,0.46134,2.3028,0.12748,0.002291,0,0.21581
30.049,1,106.66,7.9746,1.9903,0.46553,2.3004,0.12749,0.0023006,0,0.21469
30.055,1,106.67,7.9673,1.9857,0.4696,2.3251,0.12747,0.002307,0,0.21448
30.061,1,106.6,7.958,1.982,0.47376,2.3134,0.1275,0.0023091,0,0.2151
30.067,1,106.65,7.9482,1.9831,0.47477,2.319,0.12754,0.0023071,0,0.21587
30.073,1,106.64,7.9398,1.9879,0.47793,2.3229,0.12753,0.002301,0,0.21679
30.079,1,106.57,7.9365,1.9949,0.47697,2.3495,0.12749,0.00229,0,0.21783
30.085,1,106.57,7.9349,2.0014,0.47107,2.3603,0.12752,0.0022741,0,0.21901
30.09,1,106.48,7.9308,1.995,0.46826,2.3333,0.12751,0.0022513,0,0.22044
30.097,1,106.34,7.9305,1.9871,0.46833,2.3445,0.12744,0.0022245,0,0.22196
30.102,1,106.15,7.9313,1.9733,0.4672,2.3483,0.12736,0.002195,0,0.2235
30.108,1,106.19,7.9336,1.9611,0.4658,2.3292,0.12734,0.0021624,0,0.22514
30.114,1,106.27,7.9359,1.951,0.46684,2.3641,0.12729,0.0021336,0,0.22674
30.12,1,106.19,7.9382,1.9505,0.46588,2.3828,0.12722,0.0021119,0,0.22791
30.126,1,106.03,7.9405,1.9516,0.46489,2.4168,0.12714,0.0020931,0,0.22822
30.132,1,106.07,7.943,1.9447,0.4639,2.4339,0.12714,0.0020717,0,0.22823
30.138,1,106.03,7.9452,1.943,0.46069,2.4794,0.12715,0.0020586,0,0.228
30.144,1,105.95,7.9479,1.9459,0.45979,2.4541,0.12706,0.0020496,0,0.22758
30.15,1,105.7,7.952,1.952,0.45949,2.4407,0.12703,0.0020425,0,0.22698
30.156,1,105.6,7.9564,1.9482,0.45546,2.4338,0.127,0.002038,0,0.22625
30.162,1,105.62,7.9599,1.9456,0.45348,2.4279,0.12698,0.0020368,0,0.22378
30.167,1,105.66,7.9635,1.9506,0.45061,2.4499,0.12699,0.0020367,0,0.22163
30.173,1,105.74,7.9668,1.9489,0.44945,2.4387,0.12702,0.0020385,0,0.21928
30.179,1,105.83,7.9704,1.9436,0.44843,2.407,0.12707,0.0020416,0,0.21792
30.185,1,105.71,7.9731,1.9465,0.44869,2.4188,0.12711,0.0020477,0,0.21653
30.191,1,105.82,7.9758,1.9502,0.44708,2.3966,0.12711,0.002056,0,0.21484
30.197,1,105.93,7.978,1.9551,0.44517,2.3895,0.12716,0.0020664,0,0.2133
30.203,1,106.01,7.9798,1.9574,0.44455,2.3896,0.12721,0.0020791,0,0.21231
30.209,1,106.08,7.9812,1.959,0.44422,2.3836,0.1272,0.0020932,0,0.2111
30.215,1,106.07,7.983,1.9629,0.44782,2.3768,0.12724,0.0021094,0,0.2092
30.221,1,106.16,7.9844,1.9656,0.4514,2.3952,0.12725,0.002127,0,0.20772
30.227,1,106.12,7.9853,1.9688,0.45145,2.3871,0.12718,0.0021454,0,0.20622
30.233,1,106.09,7.9861,1.9739,0.45516,2.3643,0.12722,0.0021646,0,0.20679
30.239,1,106.19,7.9867,1.9794,0.45718,2.3435,0.12727,0.0021846,0,0.20824
30.244,1,106.3,7.9871,1.9853,0.45563,2.3264,0.12732,0.0022051,0,0.20975
30.251,1,106.38,7.9872,1.99,0.45693,2.3194,0.12736,0.0022253,0,0.21122
30.257,1,106.46,7.9869,1.9936,0.45855,2.3165,0.12739,0.0022441,0,0.21258
30.263,1,106.53,7.9862,1.9976,0.45836,2.3086,0.12743,0.0022614,0,0.21384
30.269,1,106.59,7.9828,2.0007,0.46008,2.3058,0.12747,0.0022763,0,0.21497
30.274,1,106.66,7.9792,2.0015,0.46427,2.3021,0.12751,0.0022884,0,0.21474
30.28,1,106.66,7.9758,2.0006,0.46857,2.2933,0.12749,0.0022969,0,0.21408
30.287,1,106.68,7.9731,1.9966,0.4727,2.2995,0.12749,0.0023014,0,0.2135
30.293,1,106.67,7.9661,1.9916,0.47649,2.3289,0.12748,0.002303,0,0.21349
30.298,1,106.6,7.9567,1.9875,0.47747,2.3196,0.1275,0.0023003,0,0.21439
30.304,1,106.61,7.9469,1.9896,0.47983,2.3349,0.12752,0.0022933,0,0.21541
30.31,1,106.57,7.9385,1.9937,0.47974,2.3635,0.12749,0.0022803,0,0.21658
30.316,1,106.51,7.9352,1.9992,0.47581,2.3711,0.12748,0.002263,0,0.21802
30.322,1,106.41,7.9337,1.9983,0.46958,2.3535,0.12748,0.002241,0,0.21958
30.328,1,106.28,7.9298,1.9805,0.46762,2.3415,0.12742,0.0022149,0,0.22129
30.334,1,106.11,7.9294,1.9693,0.46444,2.3635,0.12734,0.0021862,0,0.22307
30.34,1,106.16,7.9302,1.9549,0.46317,2.3926,0.12733,0.0021559,0,0.22492
30.346,1,106.23,7.9326,1.9553,0.46357,2.3968,0.12729,0.0021304,0,0.22684
30.352,1,106.08,7.9352,1.9583,0.46551,2.4333,0.12722,0.0021103,0,0.22869
30.358,1,105.96,7.9382,1.959,0.46448,2.467,0.12713,0.0020922,0,0.2301
30.363,1,105.96,7.9413,1.9495,0.45978,2.4391,0.12707,0.0020715,0,0.2304
30.369,1,105.85,7.9443,1.9509,0.45768,2.4556,0.12702,0.00206,0,0.2304
30.375,1,105.75,7.9474,1.9533,0.45732,2.4604,0.12704,0.0020503,0,0.2301
30.381,1,105.6,7.9504,1.9439,0.45236,2.4498,0.12696,0.0020451,0,0.22965
30.387,1,105.53,7.9539,1.9441,0.45039,2.4365,0.12695,0.0020412,0,0.22762
30.393,1,105.57,7.9573,1.9479,0.44935,2.4337,0.12697,0.0020395,0,0.22541
30.399,1,105.62,7.9608,1.9444,0.44964,2.4314,0.12697,0.00204,0,0.22344
30.405,1,105.72,7.9646,1.9415,0.44883,2.4409,0.12702,0.002042,0,0.22144
30.411,1,105.81,7.9675,1.9441,0.44794,2.4165,0.12707,0.0020472,0,0.21942
30.416,1,105.93,7.9707,1.9489,0.44724,2.3758,0.12713,0.0020538,0,0.21831
30.422,1,105.84,7.9733,1.9527,0.44768,2.3943,0.12717,0.002063,0,0.21686
30.428,1,105.94,7.9755,1.9556,0.44938,2.3875,0.12715,0.0020741,0,0.21512
30.434,1,106.04,7.9778,1.959,0.44761,2.368,0.12719,0.0020874,0,0.2133
30.441,1,106.1,7.9795,1.9596,0.4471,2.3641,0.12721,0.0021023,0,0.21219
30.446,1,106.14,7.981,1.9616,0.44735,2.3826,0.12725,0.0021187,0,0.21093
30.452,1,106.18,7.9825,1.9667,0.45126,2.3589,0.1273,0.0021368,0,0.20886
30.458,1,106.14,7.9837,1.9726,0.45208,2.3598,0.12724,0.0021561,0,0.20726
30.464,1,106.12,7.9845,1.9767,0.45268,2.3518,0.12723,0.0021757,0,0.20624
30.47,1,106.19,7.9851,1.9813,0.45613,2.3405,0.12726,0.0021953,0,0.20691
30.476,1,106.28,7.9857,1.9867,0.45529,2.3241,0.12731,0.0022149,0,0.20843
30.482,1,106.38,7.9862,1.9924,0.45936,2.3102,0.12735,0.0022341,0,0.21002
30.488,1,106.45,7.9862,1.9961,0.46353,2.3104,0.12739,0.0022513,0,0.21153
30.494,1,106.52,7.986,1.9997,0.46426,2.3051,0.12743,0.0022659,0,0.21297
30.5,1,106.57,7.9834,2.0036,0.46598,2.2979,0.12748,0.0022776,0,0.21432
30.506,1,106.61,7.9799,2.0071,0.4701,2.2951,0.12751,0.002286,0,0.21503
30.511,1,106.65,7.9768,2.0087,0.47419,2.3026,0.12753,0.0022907,0,0.21471
30.517,1,106.68,7.9737,2.0079,0.4782,2.2963,0.12751,0.002291,0,0.21434
30.523,1,106.69,7.9714,2.0047,0.48189,2.3046,0.12749,0.0022874,0,0.21386
30.529,1,106.69,7.9679,1.9995,0.48314,2.3357,0.12749,0.0022791,0,0.21334
30.535,1,106.62,7.9592,1.9956,0.48054,2.3554,0.12746,0.0022648,0,0.21415
30.541,1,106.55,7.9496,1.9891,0.47871,2.3501,0.12742,0.0022451,0,0.21527
30.547,1,106.33,7.9397,1.9777,0.47558,2.3755,0.12743,0.0022201,0,0.21667
30.553,1,106.25,7.9354,1.9629,0.47042,2.3629,0.12746,0.0021928,0,0.2182
30.559,1,106.12,7.9338,1.9515,0.46612,2.362,0.1274,0.0021629,0,0.21989
30.565,1,106.03,7.9309,1.9444,0.46504,2.347,0.12733,0.0021386,0,0.22172
30.571,1,106.12,7.9291,1.9479,0.46276,2.3613,0.12726,0.0021177,0,0.22364
30.577,1,106.03,7.93,1.954,0.46256,2.4283,0.12719,0.0020996,0,0.22558
30.583,1,105.88,7.9322,1.9475,0.46132,2.4792,0.12711,0.0020784,0,0.22757
30.589,1,105.97,7.9355,1.9521,0.45989,2.4931,0.12709,0.0020665,0,0.22955
30.594,1,106.05,7.939,1.954,0.4604,2.4736,0.12713,0.0020564,0,0.23124
30.6,1,105.88,7.9426,1.9571,0.46025,2.4502,0.12708,0.00205,0,0.23152
30.606,1,105.59,7.9461,1.9454,0.45685,2.4526,0.12696,0.0020456,0,0.23152
30.612,1,105.68,7.949,1.9449,0.45219,2.4379,0.127,0.0020431,0,0.23116
30.618,1,105.65,7.9512,1.9485,0.44817,2.444,0.12699,0.0020431,0,0.22974
30.624,1,105.58,7.9542,1.9473,0.44653,2.4296,0.12698,0.0020453,0,0.22768
30.63,1,105.67,7.9581,1.9425,0.44744,2.3995,0.127,0.0020503,0,0.22546
30.636,1,105.76,7.9613,1.9452,0.44927,2.3922,0.12704,0.0020573,0,0.22366
30.642,1,105.87,7.9644,1.9475,0.4484,2.4006,0.12707,0.0020666,0,0.22184
30.648,1,105.97,7.9674,1.9523,0.44723,2.3774,0.12711,0.0020778,0,0.22003
30.654,1,106.07,7.9704,1.9558,0.44806,2.3556,0.12716,0.002091,0,0.21886
30.66,1,106.01,7.9729,1.9582,0.45123,2.3827,0.12719,0.0021062,0,0.21731
30.666,1,106.09,7.9751,1.9589,0.45475,2.3672,0.1272,0.0021228,0,0.21544
30.672,1,106.16,7.9773,1.9619,0.45394,2.3535,0.12724,0.0021411,0,0.21338
30.678,1,106.23,7.9789,1.9649,0.45384,2.3792,0.12727,0.00216,0,0.21207
30.683,1,106.31,7.9804,1.9703,0.454,2.3716,0.12726,0.0021798,0,0.21044
30.689,1,106.14,7.9817,1.9761,0.45352,2.3556,0.12726,0.0022,0,0.20818
30.695,1,106.13,7.9828,1.9809,0.45273,2.3433,0.12724,0.0022196,0,0.2068
30.701,1,106.19,7.9837,1.9858,0.45649,2.3313,0.12728,0.0022383,0,0.20663
30.707,1,106.24,7.9842,1.9895,0.4565,2.3297,0.1273,0.0022546,0,0.20681
30.713,1,106.33,7.9849,1.9955,0.46057,2.3086,0.12734,0.0022688,0,0.20841
30.719,1,106.39,7.9852,1.9996,0.46296,2.3071,0.12738,0.0022797,0,0.20999
30.725,1,106.46,7.9853,2.0033,0.46256,2.3016,0.12742,0.0022869,0,0.21157
30.731,1,106.52,7.982,2.0071,0.46653,2.2989,0.12746,0.0022906,0,0.2131
30.737,1,106.58,7.9782,2.0113,0.47077,2.2966,0.1275,0.0022896,0,0.21453
30.743,1,106.62,7.9752,2.0144,0.47483,2.304,0.12752,0.0022845,0,0.21451
30.749,1,106.66,7.9725,2.0166,0.47869,2.3098,0.12754,0.0022726,0,0.2145
30.755,1,106.65,7.9701,2.0157,0.48018,2.3304,0.1275,0.0022533,0,0.21432
30.761,1,106.61,7.9684,1.9982,0.47917,2.3264,0.1274,0.0022287,0,0.21407
30.767,1,106.54,7.9672,1.974,0.47894,2.3283,0.12735,0.002202,0,0.21376
30.773,1,106.55,7.9607,1.9506,0.47889,2.3448,0.12735,0.0021742,0,0.21418
30.778,1,106.52,7.9511,1.9338,0.47753,2.369,0.12737,0.0021467,0,0.21555
30.784,1,106.32,7.941,1.9349,0.47249,2.3853,0.12742,0.0021236,0,0.21709
30.79,1,106.19,7.9357,1.9377,0.46749,2.3627,0.12743,0.0021041,0,0.21878
30.796,1,106.06,7.9342,1.9385,0.46453,2.3468,0.12734,0.0020834,0,0.2206
30.802,1,105.94,7.9324,1.935,0.46338,2.399,0.12714,0.0020679,0,0.22253
30.808,1,105.79,7.9299,1.938,0.46236,2.4764,0.12707,0.0020569,0,0.22456
30.814,1,105.9,7.9315,1.9451,0.45966,2.5063,0.12705,0.0020481,0,0.22667
30.82,1,105.97,7.9338,1.9503,0.45937,2.4834,0.12709,0.0020434,0,0.22871
30.826,1,105.82,7.9376,1.9558,0.46003,2.4511,0.12705,0.0020408,0,0.23074
30.832,1,105.7,7.9415,1.9439,0.45866,2.4405,0.12701,0.0020401,0,0.23234
30.838,1,105.58,7.9451,1.9445,0.45298,2.4377,0.12696,0.0020406,0,0.2325
30.844,1,105.66,7.9476,1.9457,0.44896,2.4506,0.12699,0.0020438,0,0.23183
30.85,1,105.67,7.95,1.9405,0.44552,2.4356,0.127,0.0020496,0,0.2305
30.856,1,105.67,7.9525,1.9399,0.44498,2.4161,0.12705,0.0020577,0,0.22876
30.862,1,105.64,7.9548,1.9428,0.44579,2.4107,0.12705,0.0020678,0,0.22686
30.867,1,105.71,7.9582,1.9479,0.4469,2.3798,0.12703,0.00208,0,0.2246
30.874,1,105.81,7.9614,1.9519,0.44808,2.3878,0.12706,0.0020942,0,0.22283
30.88,1,105.88,7.9641,1.953,0.44732,2.4256,0.12709,0.0021098,0,0.22107
30.885,1,105.99,7.9671,1.9569,0.45015,2.3763,0.12714,0.0021273,0,0.22013
30.891,1,106.05,7.9701,1.959,0.45337,2.3538,0.1272,0.0021462,0,0.21866
30.898,1,106.13,7.9726,1.9607,0.45694,2.3586,0.1272,0.002166,0,0.21681
30.904,1,106.2,7.9747,1.9642,0.45765,2.3492,0.12722,0.0021862,0,0.21475
30.91,1,106.25,7.9764,1.9682,0.45653,2.3601,0.12725,0.0022063,0,0.2127
30.915,1,106.31,7.9781,1.9733,0.45719,2.3649,0.12727,0.0022262,0,0.211
30.921,1,106.3,7.9795,1.9783,0.45978,2.3536,0.12728,0.0022453,0,0.20904
30.927,1,106.07,7.9808,1.9833,0.45862,2.338,0.12721,0.0022631,0,0.20684
30.933,1,106.11,7.9819,1.9883,0.4565,2.3259,0.12725,0.0022786,0,0.20648
30.939,1,106.18,7.9827,1.9921,0.45569,2.3231,0.12727,0.0022909,0,0.2064
30.945,1,106.25,7.9834,1.9963,0.45982,2.3153,0.1273,0.0023,0,0.2067
30.951,1,106.32,7.984,2.0012,0.46391,2.3031,0.12735,0.0023052,0,0.20786
30.957,1,106.39,7.9844,2.0053,0.4647,2.2997,0.12739,0.0023065,0,0.20951
30.962,1,106.45,7.9822,2.0089,0.46891,2.3004,0.12743,0.0023043,0,0.21117
30.968,1,106.53,7.9785,2.0132,0.47318,2.3004,0.12748,0.0022972,0,0.21284
30.975,1,106.59,7.9752,2.0168,0.4773,2.3012,0.12751,0.0022835,0,0.21369
30.981,1,106.62,7.9726,2.0194,0.48105,2.3034,0.12752,0.0022667,0,0.21393
30.986,1,106.59,7.9704,2.0186,0.48097,2.3065,0.12747,0.0022452,0,0.21409
30.992,1,106.66,7.9686,2.0027,0.47923,2.3293,0.12746,0.0022179,0,0.21414
30.998,1,106.65,7.9673,1.9823,0.47778,2.3319,0.12742,0.0021891,0,0.21407
31.004,1,106.53,7.9663,1.9575,0.4794,2.3376,0.12736,0.0021592,0,0.21397
31.01,1,106.58,7.9635,1.9477,0.48045,2.3537,0.12736,0.0021335,0,0.2146
31.016,1,106.52,7.9546,1.9419,0.4782,2.3968,0.12737,0.0021131,0,0.21604
31.022,1,106.28,7.945,1.9425,0.47297,2.363,0.12741,0.0020944,0,0.21768
31.027,1,106.11,7.9377,1.9347,0.46733,2.3709,0.12733,0.0020725,0,0.21949
31.034,1,105.8,7.9356,1.9408,0.46354,2.4072,0.12714,0.0020609,0,0.22139
31.039,1,105.78,7.9348,1.9455,0.45852,2.4526,0.12701,0.0020511,0,0.22339
31.045,1,105.88,7.9316,1.9498,0.45868,2.456,0.12705,0.0020442,0,0.22551
31.051,1,105.87,7.9329,1.9536,0.46199,2.4996,0.12707,0.0020401,0,0.22761
31.057,1,105.74,7.9355,1.9431,0.459,2.4794,0.12701,0.0020382,0,0.22973
31.063,1,105.79,7.9387,1.9438,0.45756,2.4566,0.12704,0.0020382,0,0.2318
31.069,1,105.78,7.9418,1.9493,0.45553,2.4405,0.12705,0.0020399,0,0.23331
31.075,1,105.7,7.9449,1.9485,0.45158,2.4351,0.12701,0.0020446,0,0.23291
31.081,1,105.83,7.9482,1.9412,0.44855,2.4418,0.12708,0.0020512,0,0.23194
31.087,1,105.85,7.9503,1.9442,0.44609,2.4375,0.1271,0.0020601,0,0.23063
31.092,1,105.85,7.9524,1.9476,0.44496,2.4198,0.12715,0.0020709,0,0.22885
31.098,1,105.7,7.9542,1.951,0.44559,2.4152,0.12706,0.0020837,0,0.22697
31.104,1,105.78,7.9572,1.9544,0.44726,2.3869,0.12708,0.0020983,0,0.22493
31.11,1,105.91,7.9603,1.9568,0.45007,2.3708,0.12713,0.0021147,0,0.22342
31.116,1,106,7.9631,1.9573,0.44979,2.3927,0.12716,0.0021322,0,0.22225
31.122,1,106.08,7.9657,1.9587,0.45212,2.375,0.1272,0.0021506,0,0.22148
31.128,1,106.18,7.9687,1.9647,0.45489,2.3445,0.12725,0.0021704,0,0.22009
31.134,1,106.16,7.9712,1.9694,0.45805,2.3443,0.12729,0.0021906,0,0.21826
31.14,1,106.21,7.9733,1.9734,0.45956,2.3505,0.12726,0.0022102,0,0.21607
31.146,1,106.26,7.975,1.9771,0.45832,2.3506,0.12728,0.0022288,0,0.21366
31.152,1,106.36,7.9768,1.9827,0.45995,2.3531,0.12728,0.0022464,0,0.21121
31.158,1,106.16,7.9782,1.9868,0.46124,2.3436,0.12723,0.0022615,0,0.20908
31.164,1,106.01,7.9794,1.9907,0.458,2.3324,0.12722,0.0022737,0,0.20813
31.169,1,106.09,7.9805,1.9952,0.45557,2.3197,0.12725,0.0022827,0,0.20721
31.175,1,106.16,7.9814,1.9993,0.45974,2.3136,0.12728,0.0022881,0,0.20713
31.181,1,106.24,7.9822,2.0035,0.46399,2.3084,0.12731,0.0022899,0,0.20726
31.187,1,106.31,7.9829,2.008,0.46561,2.308,0.12736,0.0022879,0,0.20773
31.193,1,106.38,7.9822,2.0119,0.46778,2.3256,0.1274,0.00228,0,0.20936
31.199,1,106.45,7.9785,2.0158,0.47173,2.3144,0.12744,0.0022658,0,0.21108
31.205,1,106.51,7.9751,2.0195,0.47477,2.305,0.12743,0.0022445,0,0.21282
31.211,1,106.5,7.9723,2.0059,0.474,2.3047,0.12738,0.0022187,0,0.21364
31.217,1,106.56,7.9701,1.989,0.47278,2.3079,0.12741,0.0021899,0,0.21405
31.223,1,106.6,7.9685,1.9715,0.47244,2.3098,0.12744,0.0021616,0,0.21444
31.228,1,106.67,7.9671,1.9614,0.47595,2.3403,0.12747,0.0021339,0,0.21467
31.235,1,106.68,7.9661,1.9571,0.47778,2.3949,0.12743,0.0021127,0,0.21481
31.241,1,106.54,7.9654,1.95,0.47801,2.3886,0.12736,0.0020959,0,0.21504
31.246,1,106.5,7.9635,1.9352,0.47744,2.3628,0.12736,0.0020742,0,0.21519
31.252,1,106.29,7.9549,1.9312,0.4741,2.3662,0.12737,0.002062,0,0.21623
31.258,1,106.15,7.9458,1.9339,0.46756,2.3759,0.12736,0.0020516,0,0.21791
31.264,1,106.02,7.9377,1.9407,0.46103,2.4034,0.12722,0.0020446,0,0.21977
31.27,1,105.92,7.9355,1.9462,0.46004,2.4156,0.12706,0.0020405,0,0.22173
31.276,1,105.73,7.9355,1.9509,0.45735,2.4482,0.12701,0.0020392,0,0.22378
31.282,1,105.67,7.9335,1.9393,0.45877,2.4888,0.12698,0.0020394,0,0.22592
31.288,1,105.74,7.9339,1.9409,0.46009,2.5046,0.12701,0.002041,0,0.22815
31.294,1,105.8,7.9355,1.9443,0.46165,2.4775,0.12704,0.0020449,0,0.23031
31.3,1,105.8,7.9384,1.9407,0.45931,2.437,0.12706,0.0020514,0,0.23226
31.306,1,105.71,7.9418,1.9394,0.45378,2.4147,0.12706,0.00206,0,0.23224
31.312,1,105.83,7.945,1.9436,0.44993,2.4388,0.12711,0.0020708,0,0.23175
31.318,1,105.86,7.9473,1.9463,0.44686,2.4439,0.12714,0.0020835,0,0.23085
31.324,1,105.93,7.9496,1.9515,0.44562,2.4348,0.12717,0.0020982,0,0.22945
31.33,1,105.84,7.9515,1.9541,0.4469,2.4296,0.12714,0.0021145,0,0.22773
31.336,1,105.81,7.9532,1.955,0.44918,2.4128,0.12711,0.0021317,0,0.2259
31.342,1,105.91,7.9561,1.9567,0.45052,2.3688,0.12716,0.0021505,0,0.22426
31.348,1,106.02,7.9591,1.9583,0.44953,2.3509,0.1272,0.0021702,0,0.22291
31.354,1,106.11,7.9619,1.9617,0.44897,2.3755,0.12724,0.00219,0,0.2221
31.359,1,106.19,7.9645,1.9665,0.45108,2.3543,0.12729,0.0022099,0,0.22112
31.365,1,106.2,7.967,1.9709,0.45417,2.3577,0.12733,0.0022292,0,0.2197
31.371,1,106.21,7.9696,1.9768,0.45792,2.3421,0.12733,0.0022482,0,0.21772
31.377,1,106.26,7.9716,1.9804,0.45994,2.348,0.12725,0.0022652,0,0.21524
31.383,1,106.23,7.9732,1.9832,0.45908,2.374,0.12724,0.0022798,0,0.21258
31.388,1,106.22,7.9751,1.9886,0.46279,2.3404,0.12727,0.0022917,0,0.20984
31.394,1,106.06,7.9766,1.9926,0.46142,2.3345,0.12723,0.0023001,0,0.20906
31.4,1,105.97,7.9778,1.9962,0.45907,2.3264,0.12722,0.0023049,0,0.20826
31.406,1,106.07,7.9792,2.0015,0.46122,2.3102,0.12726,0.002305,0,0.20719
31.412,1,106.13,7.98,2.0044,0.46458,2.3144,0.12728,0.0023027,0,0.20715
31.418,1,106.2,7.9808,2.0086,0.46416,2.3154,0.12732,0.0022957,0,0.20728
31.424,1,106.28,7.9814,2.0128,0.46617,2.3348,0.12737,0.0022831,0,0.20777
31.43,1,106.35,7.9779,2.0169,0.47029,2.3213,0.12741,0.0022644,0,0.20861
31.436,1,106.42,7.9746,2.0163,0.47423,2.3108,0.1274,0.0022396,0,0.21043
31.442,1,106.42,7.9718,2.0026,0.4733,2.312,0.12734,0.0022114,0,0.212
31.448,1,106.49,7.9697,1.986,0.47207,2.3136,0.12738,0.0021817,0,0.2127
31.454,1,106.57,7.9679,1.9695,0.47091,2.3167,0.12742,0.0021489,0,0.21341
31.46,1,106.62,7.9668,1.9664,0.47452,2.3629,0.12744,0.0021265,0,0.21398
31.466,1,106.66,7.9658,1.9696,0.47461,2.3513,0.12747,0.0021066,0,0.21454
31.472,1,106.61,7.9651,1.9642,0.4742,2.3756,0.12743,0.0020876,0,0.21511
31.478,1,106.48,7.9649,1.9508,0.47346,2.3988,0.12734,0.0020697,0,0.21562
31.483,1,106.4,7.9652,1.9477,0.47219,2.3678,0.12731,0.0020581,0,0.21607
31.489,1,106.25,7.9616,1.9436,0.46813,2.352,0.12737,0.0020477,0,0.21696
31.495,1,106.16,7.9534,1.9442,0.46277,2.3424,0.12735,0.0020418,0,0.21875
31.501,1,105.9,7.9451,1.9489,0.46096,2.3758,0.12721,0.0020382,0,0.22067
31.507,1,105.85,7.9401,1.94,0.4597,2.4008,0.12711,0.0020367,0,0.22274
31.513,1,105.85,7.9394,1.9403,0.45841,2.4403,0.12699,0.0020367,0,0.22491
31.519,1,105.73,7.9381,1.9447,0.45904,2.4833,0.12701,0.0020393,0,0.22708
31.525,1,105.83,7.935,1.9444,0.46327,2.4522,0.12706,0.0020446,0,0.22931
31.531,1,105.93,7.9363,1.9394,0.46604,2.4205,0.1271,0.0020517,0,0.23155
31.537,1,105.98,7.9378,1.9431,0.46227,2.4079,0.12714,0.0020613,0,0.23211
31.542,1,105.87,7.9406,1.9465,0.4569,2.4302,0.12712,0.0020728,0,0.23206
31.548,1,105.95,7.9435,1.9515,0.45219,2.4398,0.12715,0.0020864,0,0.23154
31.554,1,106,7.9462,1.954,0.44861,2.4353,0.12717,0.0021016,0,0.2306
31.56,1,106.01,7.9487,1.9569,0.44879,2.4131,0.12721,0.0021185,0,0.22926
31.566,1,105.89,7.9507,1.9576,0.44996,2.4024,0.12715,0.0021367,0,0.22759
31.572,1,105.98,7.9527,1.9594,0.4512,2.3846,0.1272,0.0021562,0,0.22567
31.578,1,106.07,7.9542,1.9613,0.44972,2.3803,0.12724,0.0021758,0,0.22452
31.584,1,106.18,7.9565,1.9648,0.44854,2.3511,0.12729,0.0021959,0,0.22373
31.59,1,106.28,7.959,1.9699,0.45011,2.3477,0.12733,0.0022158,0,0.22336
31.596,1,106.39,7.962,1.9763,0.45326,2.3353,0.12736,0.0022353,0,0.22229
31.602,1,106.42,7.9644,1.9799,0.45673,2.3514,0.12739,0.0022529,0,0.22081
31.608,1,106.26,7.9664,1.9829,0.46038,2.3747,0.12735,0.002268,0,0.21894
31.613,1,106.15,7.9688,1.988,0.46433,2.3578,0.12724,0.0022806,0,0.21645
31.619,1,106.21,7.9705,1.9907,0.46454,2.376,0.12722,0.0022901,0,0.21363
31.624,1,106.14,7.9725,1.9957,0.46084,2.3414,0.12725,0.0022956,0,0.21077
31.631,1,106.13,7.9742,1.9998,0.46223,2.3335,0.12728,0.0022974,0,0.20974
31.636,1,105.99,7.9756,2.0032,0.46137,2.3251,0.12723,0.0022954,0,0.209
31.642,1,106.01,7.9769,2.0072,0.46187,2.3318,0.12725,0.0022888,0,0.20807
31.648,1,106.08,7.9778,2.0101,0.46324,2.3666,0.12729,0.002277,0,0.20771
31.654,1,106.16,7.9788,2.0144,0.46299,2.3404,0.12733,0.0022587,0,0.20786
31.66,1,106.23,7.9787,2.0085,0.46514,2.3309,0.12732,0.0022357,0,0.20824
31.666,1,106.23,7.9754,1.9949,0.4678,2.3172,0.12726,0.0022075,0,0.20886
31.672,1,106.31,7.9725,1.9798,0.46664,2.3145,0.12729,0.0021776,0,0.20972
31.678,1,106.4,7.9701,1.9652,0.46523,2.3154,0.12733,0.0021454,0,0.21125
31.684,1,106.48,7.9683,1.9641,0.46732,2.351,0.12737,0.0021205,0,0.21214
31.69,1,106.54,7.967,1.9669,0.47114,2.3704,0.1274,0.0021009,0,0.21298
31.696,1,106.6,7.9662,1.9638,0.47131,2.3781,0.12742,0.002081,0,0.21383
31.702,1,106.45,7.9657,1.9589,0.47076,2.4169,0.12734,0.0020656,0,0.21474
31.708,1,106.5,7.9657,1.9616,0.46969,2.3827,0.1273,0.0020549,0,0.21562
31.713,1,106.48,7.9664,1.9595,0.46859,2.3783,0.12732,0.0020469,0,0.21644
31.719,1,106.32,7.9675,1.957,0.46373,2.3668,0.12729,0.002043,0,0.21715
31.725,1,106.11,7.9692,1.9544,0.45841,2.3506,0.1273,0.0020397,0,0.21781
31.731,1,105.99,7.9648,1.9381,0.45524,2.3422,0.12724,0.002039,0,0.21891
31.736,1,105.97,7.9567,1.9369,0.45406,2.3286,0.12722,0.0020397,0,0.22084
31.742,1,105.91,7.9478,1.9427,0.45729,2.3611,0.12715,0.0020421,0,0.2229
31.748,1,105.99,7.942,1.9426,0.45875,2.4189,0.12712,0.0020476,0,0.22502
31.754,1,106.02,7.9412,1.9373,0.45989,2.4204,0.12709,0.0020552,0,0.22726
31.76,1,105.95,7.9397,1.9411,0.46404,2.4137,0.12711,0.0020651,0,0.22945
31.766,1,106.04,7.9362,1.9448,0.46827,2.3956,0.12716,0.0020771,0,0.23091
31.772,1,106.08,7.9368,1.9495,0.46648,2.4133,0.12715,0.002091,0,0.2312
31.778,1,106.01,7.9384,1.9538,0.46008,2.4407,0.12716,0.0021068,0,0.23101
31.784,1,106.11,7.9411,1.9568,0.45553,2.4238,0.1272,0.0021242,0,0.23037
31.79,1,106.17,7.9436,1.9575,0.45507,2.413,0.12724,0.0021426,0,0.22938
31.796,1,106.04,7.9465,1.9591,0.4551,2.3874,0.12724,0.0021622,0,0.22802
31.802,1,106.08,7.9487,1.9619,0.45462,2.3787,0.12724,0.0021824,0,0.22645
31.808,1,106.2,7.9508,1.9662,0.45039,2.3508,0.12728,0.0022033,0,0.22481
31.814,1,106.3,7.9524,1.9696,0.44916,2.3398,0.12732,0.0022239,0,0.22376
31.82,1,106.38,7.9536,1.9714,0.44944,2.3382,0.12734,0.0022428,0,0.2236
31.826,1,106.48,7.956,1.9767,0.4523,2.3303,0.12738,0.002261,0,0.22324
31.832,1,106.55,7.9586,1.9824,0.45552,2.3649,0.12741,0.0022769,0,0.22222
31.838,1,106.48,7.9614,1.9873,0.45905,2.3438,0.12737,0.0022897,0,0.22063
31.844,1,106.21,7.9639,1.9913,0.4628,2.3615,0.12728,0.0022987,0,0.21833
31.85,1,106.11,7.9658,1.9933,0.46381,2.4223,0.12723,0.0023044,0,0.21576
31.856,1,106.11,7.9678,1.9973,0.46292,2.3835,0.1272,0.0023064,0,0.21263
31.861,1,106.04,7.97,2.0022,0.46177,2.3491,0.12725,0.0023039,0,0.21076
31.868,1,106.11,7.9717,2.0052,0.46135,2.339,0.12729,0.0022981,0,0.20964
31.873,1,106.07,7.9733,2.0086,0.45986,2.3594,0.12722,0.0022863,0,0.20901
31.879,1,105.96,7.9746,2.0117,0.45947,2.3777,0.12724,0.0022707,0,0.20831
31.885,1,106.05,7.9759,2.014,0.4616,2.3528,0.12729,0.0022487,0,0.20786
31.891,1,106.1,7.9769,2.002,0.46179,2.3404,0.12727,0.002224,0,0.20811
31.897,1,106.1,7.975,1.987,0.46501,2.3301,0.1272,0.0021947,0,0.20852
31.903,1,106.2,7.9721,1.9713,0.46367,2.351,0.12724,0.0021628,0,0.20921
31.909,1,106.29,7.9698,1.967,0.46283,2.3822,0.12728,0.0021354,0,0.21003
31.915,1,106.37,7.968,1.9694,0.46499,2.3767,0.12732,0.0021136,0,0.21011
31.921,1,106.35,7.9669,1.9703,0.46612,2.3849,0.1273,0.0020954,0,0.21094
31.927,1,106.29,7.9662,1.9617,0.46513,2.415,0.12721,0.0020749,0,0.21202
31.933,1,106.35,7.9659,1.9649,0.464,2.4205,0.12723,0.0020631,0,0.21326
31.939,1,106.41,7.9662,1.9665,0.46357,2.4121,0.12726,0.002054,0,0.21447
31.944,1,106.3,7.9671,1.9712,0.46204,2.377,0.12728,0.0020475,0,0.21571
31.95,1,106.1,7.9686,1.972,0.45702,2.3629,0.12723,0.0020436,0,0.21687
31.956,1,106.09,7.9705,1.9559,0.45419,2.3682,0.12726,0.0020425,0,0.21792
31.961,1,106.18,7.9722,1.9492,0.45262,2.3477,0.12732,0.0020417,0,0.21893
31.968,1,106.09,7.972,1.9463,0.45183,2.341,0.12731,0.0020432,0,0.21983
31.974,1,105.96,7.9648,1.9439,0.45444,2.3329,0.1272,0.0020475,0,0.22178
31.979,1,105.97,7.9562,1.9369,0.45806,2.3489,0.12716,0.0020542,0,0.22387
31.985,1,106.08,7.9467,1.9422,0.46021,2.3551,0.12721,0.0020626,0,0.22609
31.991,1,106.18,7.9426,1.9461,0.46306,2.3817,0.12725,0.0020734,0,0.22838
31.998,1,106.16,7.9413,1.9501,0.46561,2.3955,0.1272,0.0020862,0,0.22992
32.004,1,106.19,7.9386,1.9532,0.46668,2.3709,0.12721,0.0021009,0,0.23051
32.009,1,106.1,7.9368,1.9561,0.46552,2.389,0.12719,0.0021172,0,0.23066
32.015,1,106.2,7.9379,1.9586,0.46249,2.4039,0.12724,0.0021353,0,0.2304
32.022,1,106.3,7.9398,1.9607,0.46106,2.3923,0.12728,0.0021545,0,0.2297
32.028,1,106.27,7.942,1.9634,0.46102,2.374,0.12731,0.0021739,0,0.22876
32.033,1,106.22,7.9443,1.967,0.46064,2.3533,0.12726,0.0021937,0,0.22746
32.039,1,106.34,7.9467,1.9715,0.45504,2.3318,0.12731,0.0022138,0,0.22596
32.045,1,106.44,7.9487,1.9751,0.45401,2.3222,0.12735,0.0022332,0,0.22466
32.051,1,106.52,7.9502,1.9779,0.45395,2.3215,0.12738,0.0022509,0,0.22384
32.057,1,106.56,7.9515,1.9801,0.45599,2.3344,0.12741,0.002266,0,0.2238
32.063,1,106.59,7.9537,1.9857,0.45994,2.3458,0.12741,0.0022782,0,0.22337
32.069,1,106.53,7.9564,1.9914,0.46407,2.3619,0.12736,0.0022869,0,0.2223
32.075,1,106.38,7.9592,1.9959,0.46639,2.3525,0.12727,0.0022915,0,0.22047
32.082,1,106.25,7.9617,1.9994,0.46532,2.3901,0.12723,0.0022925,0,0.21798
32.088,1,106.06,7.9639,2.0021,0.46425,2.4236,0.12719,0.0022905,0,0.21507
32.093,1,105.92,7.9659,2.005,0.46305,2.4023,0.12719,0.0022834,0,0.2134
32.099,1,106.02,7.968,2.0092,0.46191,2.3962,0.12724,0.0022699,0,0.21172
32.105,1,106.11,7.97,2.0129,0.4601,2.3853,0.12728,0.0022502,0,0.21024
32.111,1,106.1,7.9717,2.0006,0.45841,2.3859,0.12723,0.0022264,0,0.20954
32.117,1,105.82,7.973,1.9844,0.45775,2.3753,0.12713,0.0021998,0,0.20903
32.122,1,105.91,7.9745,1.9692,0.45964,2.3636,0.12711,0.0021701,0,0.20828
32.128,1,106,7.9742,1.9608,0.45742,2.3945,0.12714,0.0021442,0,0.20848
32.134,1,106.1,7.9714,1.9626,0.45695,2.4074,0.12719,0.0021212,0,0.20878
32.14,1,106.19,7.9692,1.9643,0.45824,2.4054,0.12723,0.0021025,0,0.20942
32.146,1,106.11,7.9676,1.9585,0.46113,2.4106,0.12718,0.0020816,0,0.20987
32.152,1,106.09,7.9667,1.9597,0.45975,2.4389,0.12711,0.0020677,0,0.20995
32.158,1,106.18,7.9665,1.963,0.45856,2.434,0.12715,0.002057,0,0.21019
32.164,1,106.27,7.9667,1.9672,0.45812,2.4163,0.12719,0.0020496,0,0.21124
32.17,1,106.09,7.9676,1.9704,0.45802,2.4133,0.12718,0.0020456,0,0.21266
32.176,1,105.93,7.9691,1.9648,0.453,2.3982,0.12715,0.0020439,0,0.21413
32.182,1,105.99,7.9705,1.9566,0.45095,2.3737,0.12718,0.0020442,0,0.2156
32.187,1,106.07,7.9718,1.9572,0.4495,2.3463,0.12722,0.0020456,0,0.21705
32.193,1,106.13,7.9732,1.9531,0.44879,2.3686,0.12725,0.0020497,0,0.21835
32.199,1,106.21,7.9752,1.9417,0.44994,2.3509,0.12731,0.0020557,0,0.21962
32.205,1,106.13,7.9741,1.9362,0.45356,2.3389,0.1273,0.0020637,0,0.22075
32.211,1,106.01,7.9663,1.9392,0.4575,2.3304,0.12722,0.0020741,0,0.22261
32.217,1,106.09,7.957,1.9437,0.46041,2.3378,0.12724,0.0020866,0,0.22474
32.223,1,106.19,7.9471,1.9488,0.46188,2.324,0.12729,0.002101,0,0.227
32.229,1,106.27,7.9428,1.9524,0.46257,2.3626,0.12731,0.0021171,0,0.22844
32.235,1,106.3,7.9414,1.9548,0.46477,2.3451,0.12728,0.0021345,0,0.2292
32.241,1,106.24,7.9386,1.9566,0.46642,2.358,0.12726,0.0021531,0,0.22963
32.247,1,106.23,7.9368,1.9596,0.46561,2.3846,0.12725,0.0021728,0,0.22963
32.253,1,106.31,7.9376,1.9631,0.46961,2.3672,0.12729,0.0021929,0,0.22925
32.259,1,106.39,7.9394,1.9677,0.46832,2.3443,0.12733,0.0022132,0,0.22846
32.265,1,106.29,7.9415,1.9705,0.46513,2.3407,0.12728,0.0022324,0,0.22748
32.271,1,106.38,7.9438,1.9741,0.45974,2.3231,0.12732,0.0022508,0,0.22624
32.277,1,106.47,7.9461,1.9782,0.45838,2.3154,0.12736,0.0022676,0,0.22486
32.283,1,106.54,7.9481,1.9814,0.45822,2.3145,0.12739,0.0022815,0,0.22415
32.289,1,106.59,7.9493,1.9829,0.46225,2.3365,0.12742,0.0022921,0,0.22441
32.295,1,106.6,7.9508,1.986,0.46633,2.3619,0.12739,0.0022992,0,0.22432
32.301,1,106.5,7.9528,1.9911,0.47013,2.345,0.12734,0.0023026,0,0.22391
32.306,1,106.39,7.9556,1.9969,0.46937,2.3436,0.12728,0.0023016,0,0.22293
32.313,1,106.36,7.9582,2.0006,0.46828,2.3609,0.12726,0.0022972,0,0.22118
32.319,1,106.28,7.961,2.0046,0.4669,2.3961,0.12722,0.002286,0,0.2181
32.325,1,106.11,7.9631,2.0068,0.46536,2.4349,0.12719,0.0022712,0,0.2149
32.33,1,105.92,7.9653,2.01,0.46431,2.4231,0.12723,0.0022509,0,0.21364
32.336,1,106,7.9673,1.9981,0.46313,2.404,0.12723,0.0022263,0,0.21242
32.342,1,105.85,7.9692,1.9824,0.46092,2.3886,0.12719,0.0021974,0,0.21082
32.348,1,105.9,7.971,1.9654,0.45705,2.382,0.12714,0.0021672,0,0.21004
32.354,1,105.82,7.9724,1.9593,0.45611,2.3985,0.12707,0.0021427,0,0.20965
32.359,1,105.91,7.9734,1.9617,0.45683,2.4149,0.12712,0.0021207,0,0.20909
32.365,1,105.98,7.9708,1.9639,0.45649,2.4167,0.12714,0.0021019,0,0.20899
32.371,1,106.09,7.9687,1.958,0.45669,2.4001,0.12718,0.00208,0,0.20933
32.377,1,105.96,7.9674,1.9584,0.45851,2.4415,0.12711,0.0020667,0,0.2099
32.383,1,105.96,7.9667,1.9628,0.4568,2.4563,0.12704,0.0020549,0,0.20999
32.389,1,106.07,7.9668,1.9668,0.45609,2.4431,0.12709,0.0020473,0,0.2101
32.395,1,106.07,7.9673,1.9701,0.45593,2.4216,0.12714,0.0020427,0,0.21056
32.401,1,105.9,7.9684,1.969,0.45487,2.4105,0.1271,0.0020407,0,0.21129
32.407,1,105.91,7.9699,1.957,0.45053,2.3926,0.12713,0.0020399,0,0.21297
32.413,1,105.99,7.9711,1.9567,0.44853,2.3844,0.12715,0.0020415,0,0.21463
32.419,1,106.03,7.9723,1.9585,0.44735,2.3619,0.12717,0.0020462,0,0.21625
32.425,1,106.11,7.974,1.9531,0.44604,2.339,0.12721,0.0020529,0,0.21793
32.431,1,106.17,7.9757,1.9463,0.44904,2.3613,0.12724,0.0020616,0,0.21944
32.436,1,106.28,7.9773,1.9455,0.45246,2.3365,0.12731,0.0020721,0,0.22094
32.442,1,106.2,7.9752,1.9423,0.45627,2.329,0.12731,0.0020849,0,0.22227
32.449,1,106.13,7.9672,1.947,0.46033,2.3261,0.12729,0.0020995,0,0.22367
32.455,1,106.2,7.9578,1.9502,0.46267,2.3266,0.12731,0.0021158,0,0.22583
32.461,1,106.29,7.9479,1.9536,0.46262,2.3139,0.12736,0.0021337,0,0.22741
32.467,1,106.38,7.9431,1.9561,0.462,2.3287,0.12736,0.002153,0,0.22828
32.473,1,106.41,7.9415,1.9581,0.4644,2.329,0.12735,0.0021727,0,0.22897
32.479,1,106.28,7.9388,1.9616,0.46616,2.357,0.12727,0.0021928,0,0.22926
32.485,1,106.37,7.9364,1.9665,0.47043,2.3469,0.12732,0.0022129,0,0.22921
32.491,1,106.45,7.937,1.9706,0.47458,2.3355,0.12737,0.0022322,0,0.22875
32.497,1,106.38,7.9384,1.974,0.47249,2.325,0.12736,0.0022499,0,0.228
32.503,1,106.43,7.9407,1.9772,0.46613,2.3154,0.12734,0.0022653,0,0.22692
32.508,1,106.51,7.9433,1.9819,0.46283,2.3108,0.12738,0.0022778,0,0.22562
32.515,1,106.57,7.9453,1.9843,0.46283,2.3172,0.12741,0.0022869,0,0.22459
32.52,1,106.63,7.9472,1.9874,0.46576,2.3305,0.12743,0.0022918,0,0.22397
32.527,1,106.6,7.9485,1.9889,0.46983,2.3666,0.12739,0.0022938,0,0.224
32.532,1,106.48,7.9499,1.992,0.472,2.3635,0.12733,0.0022916,0,0.22383
32.538,1,106.37,7.9517,1.9962,0.47144,2.3776,0.12727,0.0022844,0,0.22335
32.544,1,106.36,7.9543,2.0015,0.47026,2.3683,0.12726,0.0022705,0,0.22122
32.55,1,106.3,7.9571,2.0059,0.46867,2.4147,0.12723,0.0022498,0,0.2181
32.556,1,106.14,7.9598,1.9972,0.46407,2.4227,0.12717,0.0022245,0,0.21491
32.562,1,105.86,7.9619,1.9798,0.46285,2.4376,0.12714,0.0021979,0,0.21377
32.568,1,105.78,7.9642,1.9647,0.46147,2.4238,0.12719,0.0021684,0,0.21293
32.573,1,105.8,7.9663,1.9546,0.45843,2.4221,0.12716,0.0021416,0,0.21201
32.579,1,105.85,7.9681,1.9538,0.45329,2.4344,0.12718,0.0021212,0,0.21125
32.585,1,105.92,7.9698,1.956,0.45185,2.4605,0.12716,0.0021027,0,0.21057
32.59,1,105.87,7.9716,1.9517,0.45523,2.4458,0.1271,0.002082,0,0.21017
32.596,1,105.96,7.9706,1.951,0.45552,2.4179,0.12714,0.0020664,0,0.20963
32.602,1,105.81,7.9688,1.9541,0.45548,2.4347,0.12704,0.002056,0,0.20942
32.608,1,105.74,7.9676,1.9592,0.45303,2.4603,0.12694,0.0020473,0,0.20974
32.614,1,105.83,7.9672,1.9639,0.4521,2.4593,0.12698,0.0020418,0,0.21017
32.62,1,105.91,7.9675,1.967,0.45177,2.4483,0.12702,0.0020394,0,0.21021
32.626,1,105.88,7.9682,1.9701,0.45149,2.4256,0.12707,0.0020391,0,0.21057
32.632,1,105.79,7.9694,1.9582,0.45115,2.4027,0.12707,0.0020399,0,0.21113
32.638,1,105.87,7.9704,1.9571,0.44861,2.3984,0.12711,0.0020429,0,0.21189
32.645,1,105.95,7.9713,1.9602,0.44692,2.3843,0.12713,0.0020488,0,0.21284
32.65,1,106.03,7.9727,1.9581,0.4455,2.3497,0.12715,0.0020572,0,0.21463
32.656,1,106.08,7.9743,1.9529,0.44599,2.3474,0.12718,0.0020677,0,0.21642
32.662,1,106.16,7.9758,1.9565,0.44905,2.3212,0.12722,0.00208,0,0.2183
32.668,1,106.23,7.9773,1.9543,0.45239,2.3466,0.12725,0.0020941,0,0.22003
32.673,1,106.33,7.9788,1.9547,0.45614,2.3275,0.12731,0.0021099,0,0.22177
32.68,1,106.25,7.9773,1.9511,0.46016,2.3226,0.12734,0.0021273,0,0.22333
32.686,1,106.17,7.9699,1.9532,0.46444,2.3278,0.12733,0.002146,0,0.22475
32.692,1,106.25,7.9612,1.9548,0.4647,2.3252,0.12736,0.0021656,0,0.22576
32.698,1,106.34,7.9515,1.9576,0.46696,2.315,0.12738,0.0021858,0,0.22663
32.704,1,106.43,7.9442,1.9625,0.46619,2.3144,0.1274,0.0022065,0,0.22733
32.71,1,106.46,7.9423,1.9672,0.46723,2.3224,0.1274,0.0022267,0,0.22759
32.716,1,106.47,7.9404,1.9707,0.46824,2.3409,0.12737,0.0022454,0,0.22759
32.722,1,106.45,7.936,1.9752,0.47232,2.3221,0.1274,0.0022631,0,0.22722
32.728,1,106.42,7.9362,1.9793,0.47276,2.3118,0.12737,0.0022784,0,0.22656
32.734,1,106.49,7.9369,1.9816,0.47235,2.3139,0.12737,0.0022906,0,0.22563
32.74,1,106.56,7.9391,1.9847,0.47235,2.3093,0.1274,0.0022994,0,0.22459
32.746,1,106.63,7.9415,1.9895,0.47103,2.3067,0.12744,0.002304,0,0.22385
32.752,1,106.69,7.9438,1.9931,0.47049,2.3232,0.12743,0.0023047,0,0.22342
32.758,1,106.62,7.9456,1.9949,0.47408,2.3653,0.1274,0.002302,0,0.22369
32.764,1,106.51,7.9473,1.9976,0.47391,2.3688,0.12734,0.0022948,0,0.22364
32.77,1,106.34,7.9487,2,0.47317,2.403,0.12725,0.0022815,0,0.22312
32.776,1,106.28,7.9499,2.0017,0.47214,2.4176,0.12722,0.0022656,0,0.22085
32.781,1,106.21,7.9525,2.0068,0.46858,2.3995,0.12719,0.0022418,0,0.21764
32.787,1,106.04,7.9551,1.9947,0.46233,2.4246,0.12714,0.0022146,0,0.21497
32.793,1,105.78,7.9576,1.9788,0.45992,2.4282,0.1271,0.0021854,0,0.21374
32.799,1,105.82,7.9599,1.9609,0.45829,2.4319,0.12714,0.0021559,0,0.21298
32.805,1,105.79,7.9624,1.9586,0.45735,2.4211,0.12719,0.0021313,0,0.21205
32.811,1,105.83,7.9646,1.9612,0.45548,2.4691,0.12717,0.0021111,0,0.21124
32.817,1,105.89,7.9665,1.9611,0.45194,2.4847,0.1272,0.0020941,0,0.21121
32.822,1,105.98,7.9684,1.953,0.45185,2.4494,0.12718,0.0020744,0,0.21112
32.828,1,105.76,7.9707,1.9564,0.45325,2.449,0.12703,0.0020623,0,0.21085
32.834,1,105.71,7.9695,1.9591,0.45273,2.488,0.12696,0.0020517,0,0.21045
32.84,1,105.76,7.9688,1.9628,0.45141,2.4692,0.12695,0.0020456,0,0.21037
32.846,1,105.69,7.9688,1.9664,0.45095,2.4537,0.12695,0.0020411,0,0.2106
32.852,1,105.68,7.9694,1.9646,0.45062,2.4441,0.12698,0.0020391,0,0.21044
32.858,1,105.67,7.9701,1.9529,0.45071,2.4213,0.12698,0.0020388,0,0.21069
32.864,1,105.76,7.9707,1.9543,0.44806,2.405,0.12703,0.00204,0,0.21112
32.87,1,105.86,7.9713,1.9567,0.44615,2.3923,0.12707,0.0020446,0,0.2118
32.876,1,105.96,7.9725,1.9518,0.4445,2.3691,0.12712,0.0020514,0,0.21264
32.881,1,106.06,7.9738,1.9518,0.44364,2.3447,0.12717,0.0020601,0,0.21369
32.888,1,106.15,7.975,1.9549,0.44633,2.3381,0.12721,0.0020711,0,0.21488
32.894,1,106.2,7.9764,1.958,0.44941,2.3301,0.12723,0.002084,0,0.21638
32.899,1,106.27,7.9777,1.9627,0.45289,2.3126,0.12725,0.0020987,0,0.2184
32.905,1,106.33,7.9792,1.9624,0.45659,2.3303,0.12728,0.0021147,0,0.22027
32.911,1,106.43,7.9807,1.961,0.46068,2.3206,0.12732,0.0021325,0,0.22219
32.917,1,106.39,7.9796,1.9568,0.46505,2.3175,0.12736,0.0021517,0,0.22397
32.923,1,106.3,7.9724,1.9567,0.46843,2.3318,0.12735,0.0021715,0,0.22508
32.929,1,106.38,7.9638,1.96,0.46977,2.3263,0.12738,0.0021916,0,0.22591
32.935,1,106.46,7.9543,1.965,0.4709,2.3172,0.1274,0.0022115,0,0.2266
32.941,1,106.55,7.9446,1.9704,0.46855,2.3114,0.12743,0.0022309,0,0.2269
32.947,1,106.48,7.9408,1.9747,0.4659,2.308,0.12743,0.0022487,0,0.2269
32.953,1,106.54,7.9391,1.9782,0.46813,2.3182,0.12742,0.002264,0,0.22656
32.959,1,106.47,7.9356,1.9818,0.47133,2.3073,0.1274,0.0022766,0,0.22594
32.965,1,106.52,7.9344,1.9845,0.47197,2.3073,0.12739,0.0022857,0,0.22507
32.971,1,106.58,7.935,1.9866,0.476,2.3098,0.12742,0.0022912,0,0.22412
32.977,1,106.65,7.9368,1.9894,0.47875,2.3049,0.12743,0.0022928,0,0.2234
32.983,1,106.7,7.9392,1.9947,0.47713,2.3257,0.12743,0.0022904,0,0.2233
32.989,1,106.62,7.9412,1.9972,0.47653,2.3962,0.1274,0.0022834,0,0.22385
32.995,1,106.52,7.9436,2.0012,0.47629,2.4239,0.12735,0.0022686,0,0.22399
33.001,1,106.27,7.9452,2.0021,0.47537,2.4445,0.12727,0.0022493,0,0.22377
33.007,1,106.1,7.9467,1.9934,0.46941,2.4275,0.12721,0.0022243,0,0.22134
33.013,1,105.91,7.9481,1.9765,0.4633,2.424,0.12712,0.0021971,0,0.21838
33.018,1,105.85,7.9503,1.962,0.45679,2.4044,0.12707,0.0021671,0,0.21509
33.024,1,105.74,7.953,1.9527,0.45212,2.4252,0.12707,0.0021386,0,0.21371
33.03,1,105.74,7.9555,1.952,0.45113,2.4344,0.1271,0.0021175,0,0.21288
33.036,1,105.81,7.958,1.9544,0.45061,2.4302,0.12713,0.0020991,0,0.21198
33.042,1,105.79,7.9608,1.9503,0.45128,2.4646,0.12718,0.0020781,0,0.21111
33.048,1,105.84,7.963,1.948,0.45317,2.4888,0.12716,0.0020644,0,0.21102
33.054,1,105.86,7.9655,1.9518,0.45165,2.4638,0.12715,0.002054,0,0.21117
33.059,1,105.7,7.9679,1.9551,0.45229,2.4722,0.12705,0.0020469,0,0.21144
33.065,1,105.59,7.9698,1.9584,0.45266,2.4711,0.12695,0.0020432,0,0.21129
33.071,1,105.66,7.9691,1.9629,0.45043,2.4504,0.12698,0.0020406,0,0.21092
33.077,1,105.71,7.9692,1.9655,0.44988,2.4551,0.12698,0.0020404,0,0.21096
33.083,1,105.58,7.9699,1.9563,0.44988,2.4401,0.12693,0.0020414,0,0.21073
33.089,1,105.61,7.9703,1.9531,0.44978,2.4286,0.12693,0.0020445,0,0.21082
33.095,1,105.7,7.9706,1.9577,0.44758,2.4036,0.12698,0.0020503,0,0.2112
33.1,1,105.82,7.9711,1.9585,0.44568,2.3762,0.12702,0.0020585,0,0.21179
33.106,1,105.95,7.9724,1.9513,0.44368,2.352,0.12708,0.0020686,0,0.21257
33.112,1,106.05,7.9734,1.9556,0.4437,2.3387,0.12712,0.0020809,0,0.21351
33.119,1,106.14,7.9747,1.9585,0.44609,2.3293,0.12716,0.0020952,0,0.21463
33.125,1,106.21,7.976,1.9623,0.44899,2.3263,0.12719,0.0021112,0,0.2159
33.131,1,106.28,7.9774,1.9649,0.45232,2.3196,0.12721,0.0021284,0,0.21741
33.136,1,106.36,7.9789,1.9688,0.45609,2.3053,0.12724,0.0021473,0,0.21918
33.143,1,106.41,7.9805,1.9688,0.46003,2.3086,0.12726,0.0021666,0,0.22098
33.148,1,106.49,7.9822,1.9666,0.46446,2.3213,0.12731,0.0021867,0,0.22295
33.154,1,106.47,7.9824,1.966,0.46898,2.3187,0.12737,0.0022073,0,0.2242
33.16,1,106.44,7.9763,1.9656,0.47285,2.3196,0.12737,0.0022277,0,0.22501
33.166,1,106.51,7.9686,1.9702,0.47732,2.3166,0.1274,0.0022471,0,0.2257
33.172,1,106.58,7.9591,1.9746,0.47656,2.3183,0.12744,0.0022648,0,0.22608
33.178,1,106.66,7.949,1.9795,0.47024,2.3068,0.12744,0.0022806,0,0.22609
33.184,1,106.56,7.9423,1.9829,0.46592,2.3047,0.12744,0.0022932,0,0.22579
33.19,1,106.52,7.9405,1.986,0.46985,2.2986,0.12744,0.0023023,0,0.22521
33.196,1,106.58,7.9386,1.9883,0.47172,2.306,0.12744,0.0023079,0,0.22446
33.202,1,106.58,7.9344,1.9912,0.47578,2.3018,0.12742,0.0023092,0,0.22358
33.208,1,106.63,7.9344,1.9934,0.47957,2.3069,0.12744,0.0023073,0,0.22277
33.214,1,106.68,7.9353,1.9952,0.48306,2.3227,0.12744,0.0023004,0,0.22253
33.22,1,106.63,7.9373,2.0009,0.48205,2.4038,0.1274,0.0022887,0,0.22276
33.226,1,106.51,7.9395,2.0047,0.4775,2.4449,0.12735,0.0022711,0,0.22305
33.232,1,106.26,7.9419,2.0079,0.47559,2.4342,0.12724,0.002247,0,0.22272
33.238,1,106.04,7.9437,1.9928,0.46943,2.4396,0.12717,0.0022195,0,0.22018
33.244,1,105.87,7.9451,1.9743,0.46294,2.4479,0.12708,0.0021895,0,0.21687
33.25,1,105.62,7.9465,1.9565,0.45644,2.4263,0.12698,0.002158,0,0.21478
33.256,1,105.55,7.948,1.9506,0.45241,2.4269,0.12702,0.0021342,0,0.21362
33.261,1,105.66,7.9506,1.9563,0.4495,2.431,0.12707,0.0021128,0,0.21274
33.267,1,105.72,7.953,1.9567,0.44866,2.4557,0.1271,0.0020946,0,0.21188
33.273,1,105.81,7.9561,1.9492,0.4494,2.4296,0.12714,0.0020727,0,0.21096
33.279,1,105.77,7.959,1.9519,0.45069,2.4564,0.12713,0.0020614,0,0.2108
33.285,1,105.6,7.9619,1.954,0.44984,2.517,0.1271,0.0020519,0,0.2109
33.291,1,105.65,7.9654,1.9595,0.44957,2.4692,0.12706,0.0020448,0,0.21133
33.297,1,105.75,7.9687,1.9621,0.44941,2.466,0.1271,0.0020405,0,0.21176
33.303,1,105.59,7.9709,1.9625,0.44682,2.4557,0.127,0.002039,0,0.21163
33.308,1,105.44,7.9711,1.9493,0.4493,2.4499,0.12693,0.0020394,0,0.21136
33.314,1,105.52,7.9712,1.9499,0.44978,2.4369,0.12695,0.0020409,0,0.21104
33.32,1,105.6,7.9712,1.9533,0.44669,2.4199,0.12695,0.0020447,0,0.211
33.326,1,105.66,7.9716,1.9503,0.44425,2.3876,0.12695,0.0020511,0,0.21122
33.332,1,105.77,7.9723,1.9475,0.44266,2.3659,0.127,0.0020595,0,0.21171
33.338,1,105.88,7.9731,1.9523,0.44297,2.3472,0.12705,0.0020701,0,0.2124
33.344,1,106,7.974,1.9566,0.44517,2.3352,0.12709,0.0020829,0,0.21329
33.35,1,106.09,7.9751,1.9609,0.44789,2.3285,0.12713,0.0020976,0,0.21435
33.356,1,106.17,7.9764,1.9643,0.45104,2.3186,0.12717,0.002114,0,0.21559
33.363,1,106.23,7.9778,1.9661,0.45454,2.3136,0.12721,0.0021317,0,0.21696
33.368,1,106.29,7.9793,1.9677,0.45836,2.3056,0.12725,0.0021504,0,0.21859
33.374,1,106.35,7.9809,1.971,0.46252,2.2972,0.12729,0.0021703,0,0.22042
33.38,1,106.39,7.9824,1.9734,0.46675,2.3044,0.12732,0.00219,0,0.22229
33.386,1,106.43,7.9838,1.9736,0.47105,2.3203,0.12736,0.0022094,0,0.22375
33.392,1,106.52,7.9824,1.975,0.47402,2.3147,0.12738,0.0022291,0,0.22462
33.398,1,106.56,7.9764,1.9747,0.47808,2.3119,0.12739,0.0022474,0,0.22536
33.404,1,106.61,7.9688,1.9787,0.47988,2.3154,0.12742,0.0022633,0,0.22597
33.41,1,106.66,7.9595,1.9826,0.47435,2.3162,0.12745,0.0022765,0,0.22623
33.416,1,106.61,7.9495,1.9862,0.46961,2.3079,0.12746,0.0022863,0,0.2262
33.422,1,106.64,7.9424,1.9891,0.47038,2.3029,0.12749,0.0022925,0,0.22584
33.428,1,106.62,7.94,1.9916,0.47186,2.3008,0.12745,0.0022948,0,0.22524
33.434,1,106.67,7.9382,1.9937,0.47225,2.3024,0.12746,0.0022939,0,0.22444
33.439,1,106.63,7.934,1.9956,0.47613,2.3187,0.12744,0.0022892,0,0.22358
33.445,1,106.65,7.934,1.9961,0.47986,2.3666,0.12743,0.0022771,0,0.22291
33.451,1,106.62,7.9348,2.0005,0.4814,2.4473,0.1274,0.0022596,0,0.22287
33.457,1,106.35,7.9365,2.0033,0.48011,2.4678,0.12733,0.0022385,0,0.22328
33.463,1,106.02,7.9387,1.9911,0.47578,2.4465,0.12718,0.002212,0,0.22323
33.469,1,105.77,7.9409,1.9751,0.46925,2.4409,0.12705,0.0021835,0,0.22078
33.475,1,105.71,7.943,1.9571,0.46236,2.4407,0.12701,0.0021517,0,0.21739
33.481,1,105.68,7.9446,1.9527,0.45697,2.4423,0.12699,0.0021269,0,0.21493
33.487,1,105.51,7.9458,1.9544,0.45286,2.4456,0.12698,0.0021084,0,0.21363
33.493,1,105.58,7.9474,1.9544,0.44957,2.438,0.12703,0.0020904,0,0.21277
33.499,1,105.67,7.95,1.9483,0.44902,2.4315,0.12707,0.0020709,0,0.21171
33.504,1,105.73,7.9525,1.9504,0.44912,2.4764,0.12709,0.0020612,0,0.21098
33.51,1,105.71,7.956,1.955,0.44957,2.4614,0.1271,0.0020511,0,0.21069
33.516,1,105.78,7.9593,1.9584,0.44952,2.4589,0.12713,0.0020456,0,0.21068
33.522,1,105.65,7.963,1.9618,0.44883,2.4681,0.12711,0.0020416,0,0.211
33.527,1,105.69,7.9667,1.9643,0.44875,2.4595,0.12705,0.0020401,0,0.21151
33.533,1,105.49,7.9706,1.9528,0.4484,2.4518,0.12696,0.0020398,0,0.21215
33.539,1,105.49,7.9712,1.9508,0.44695,2.4491,0.12696,0.0020416,0,0.21202
33.545,1,105.59,7.9711,1.9545,0.44872,2.4269,0.12699,0.0020463,0,0.21174
33.551,1,105.65,7.9711,1.9531,0.44764,2.4076,0.12702,0.0020533,0,0.21148
33.557,1,105.75,7.9717,1.9472,0.44594,2.378,0.12703,0.0020622,0,0.21159
33.562,1,105.69,7.972,1.9521,0.44368,2.3505,0.127,0.002073,0,0.21188
33.569,1,105.75,7.9727,1.9543,0.44425,2.3468,0.12703,0.0020859,0,0.21249
33.574,1,105.83,7.9735,1.9601,0.44655,2.3275,0.12707,0.0021007,0,0.21327
33.581,1,105.93,7.9745,1.9627,0.44931,2.3278,0.12711,0.002117,0,0.21425
33.586,1,106.05,7.9757,1.9668,0.45248,2.312,0.12717,0.002135,0,0.21539
33.593,1,106.16,7.9772,1.9689,0.45607,2.3044,0.12722,0.0021544,0,0.21668
33.599,1,106.23,7.9787,1.9703,0.45993,2.3026,0.12726,0.0021743,0,0.21806
33.605,1,106.29,7.9801,1.973,0.46389,2.3081,0.12729,0.0021939,0,0.2196
33.61,1,106.37,7.9816,1.9794,0.46822,2.2908,0.12734,0.0022144,0,0.22125
33.617,1,106.44,7.9831,1.9834,0.4725,2.2995,0.12738,0.0022338,0,0.2222
33.622,1,106.49,7.9845,1.9834,0.47676,2.3095,0.12741,0.002252,0,0.22305
33.628,1,106.55,7.9814,1.9838,0.47868,2.3105,0.12742,0.0022685,0,0.2238
33.634,1,106.56,7.975,1.9839,0.48293,2.3152,0.12741,0.0022818,0,0.22441
33.641,1,106.61,7.967,1.9874,0.48072,2.3177,0.12745,0.0022916,0,0.22468
33.647,1,106.66,7.9572,1.9904,0.47484,2.3121,0.12748,0.0022978,0,0.22467
33.653,1,106.66,7.9467,1.9937,0.47318,2.3012,0.12749,0.0022998,0,0.22434
33.659,1,106.61,7.9405,1.9959,0.46908,2.3031,0.12744,0.0022986,0,0.2238
33.664,1,106.65,7.9388,1.9983,0.46952,2.3043,0.12745,0.002293,0,0.22302
33.67,1,106.68,7.9372,2.0001,0.47362,2.3068,0.12746,0.0022821,0,0.22224
33.676,1,106.69,7.9331,2.0008,0.47755,2.3144,0.12746,0.002266,0,0.22197
33.682,1,106.63,7.9332,2.0002,0.47933,2.3675,0.12741,0.0022429,0,0.22217
33.688,1,106.46,7.9337,1.988,0.47941,2.4538,0.12731,0.0022178,0,0.22276
33.694,1,106.17,7.9356,1.9748,0.47853,2.4667,0.12717,0.0021885,0,0.22315
33.7,1,105.86,7.9377,1.9586,0.47692,2.4525,0.12701,0.0021574,0,0.22218
33.706,1,105.72,7.9398,1.955,0.47094,2.4423,0.12698,0.002133,0,0.21904
33.712,1,105.72,7.9416,1.9575,0.46402,2.4621,0.12704,0.0021127,0,0.21559
33.718,1,105.64,7.9429,1.9552,0.4582,2.4632,0.12698,0.0020944,0,0.21403
33.723,1,105.54,7.9448,1.947,0.45394,2.4316,0.127,0.0020742,0,0.21312
33.729,1,105.61,7.9474,1.951,0.45244,2.4351,0.12704,0.0020633,0,0.2122
33.735,1,105.57,7.9508,1.9545,0.45102,2.4724,0.12703,0.0020536,0,0.21111
33.741,1,105.64,7.9541,1.9577,0.45067,2.4705,0.12707,0.0020488,0,0.2109
33.747,1,105.72,7.9581,1.9615,0.44987,2.4877,0.12711,0.002045,0,0.21081
33.752,1,105.74,7.9622,1.9629,0.44703,2.4744,0.1271,0.0020435,0,0.21111
33.758,1,105.6,7.9664,1.9498,0.44629,2.4586,0.12708,0.002043,0,0.21156
33.764,1,105.51,7.97,1.9489,0.44774,2.4522,0.12701,0.0020443,0,0.21222
33.77,1,105.58,7.9728,1.9517,0.44817,2.442,0.127,0.0020486,0,0.21303
33.776,1,105.7,7.973,1.9485,0.44649,2.4272,0.12703,0.0020552,0,0.21329
33.782,1,105.73,7.9731,1.9445,0.44488,2.4172,0.12701,0.0020641,0,0.21311
33.788,1,105.79,7.9732,1.9485,0.44522,2.4003,0.12704,0.0020749,0,0.21232
33.794,1,105.72,7.9734,1.9511,0.44459,2.3832,0.12702,0.0020876,0,0.21251
33.799,1,105.75,7.9738,1.9574,0.44538,2.3433,0.12706,0.0021022,0,0.21277
33.805,1,105.84,7.9744,1.96,0.44766,2.341,0.1271,0.0021182,0,0.2134
33.811,1,105.96,7.9753,1.9645,0.45033,2.3176,0.12716,0.0021359,0,0.21417
33.817,1,106.08,7.9765,1.9668,0.45342,2.3105,0.12721,0.0021551,0,0.21517
33.823,1,106.18,7.9779,1.9686,0.45685,2.3076,0.12725,0.0021749,0,0.21628
33.83,1,106.27,7.9793,1.9716,0.46057,2.3041,0.12729,0.0021949,0,0.21753
33.835,1,106.36,7.9807,1.9772,0.46498,2.2973,0.12734,0.0022152,0,0.21895
33.842,1,106.41,7.9821,1.9809,0.46921,2.3024,0.12737,0.0022341,0,0.22044
33.847,1,106.51,7.9835,1.9859,0.47345,2.2958,0.12742,0.0022522,0,0.22151
33.854,1,106.53,7.9845,1.9849,0.47663,2.303,0.12744,0.0022679,0,0.22227
33.859,1,106.48,7.9805,1.9835,0.4768,2.3093,0.12741,0.0022808,0,0.22296
33.865,1,106.56,7.9745,1.9864,0.48013,2.3032,0.1274,0.0022905,0,0.22353
33.871,1,106.64,7.9667,1.9905,0.48277,2.3146,0.12743,0.0022962,0,0.22393
33.877,1,106.7,7.9574,1.9932,0.47739,2.3124,0.12746,0.0022981,0,0.22395
33.883,1,106.74,7.9473,1.9964,0.47635,2.3069,0.12748,0.0022958,0,0.22369
33.889,1,106.56,7.9617,1.9415,0.47272,2.3125,0.12748,0.0022894,0,0.22317
33.895,1,106.6,7.9954,1.8987,0.47196,2.3111,0.12744,0.0022769,0,0.2225
33.901,1,106.62,8.0242,1.8648,0.47302,2.3135,0.12745,0.0022599,0,0.22167
33.907,1,106.56,8.0503,1.8261,0.47375,2.3316,0.12739,0.0022361,0,0.22104
33.913,1,106.54,8.0756,1.7938,0.47463,2.3766,0.12737,0.0022101,0,0.22183
33.919,1,106.44,8.0993,1.775,0.47701,2.4086,0.12731,0.0021804,0,0.22239
33.925,1,106.31,8.1225,1.7617,0.47601,2.4067,0.12723,0.0021499,0,0.22257
33.931,1,106.09,8.1412,1.7462,0.47396,2.4429,0.12712,0.0021263,0,0.22118
33.937,1,106.04,8.1423,1.7318,0.46844,2.465,0.1271,0.0021065,0,0.21821
33.943,1,105.92,8.1418,1.723,0.46276,2.4563,0.12704,0.0020872,0,0.21538
33.948,1,105.76,8.1401,1.7256,0.45721,2.4582,0.12704,0.0020689,0,0.21338
33.954,1,105.57,8.1382,1.732,0.45358,2.4511,0.12696,0.0020583,0,0.21238
33.96,1,105.41,8.1367,1.731,0.45151,2.459,0.12688,0.0020507,0,0.21134
33.966,1,105.5,8.1364,1.7363,0.44993,2.4439,0.12693,0.0020446,0,0.21053
33.972,1,105.59,8.1361,1.7434,0.44901,2.447,0.12697,0.0020416,0,0.21028
33.978,1,105.65,8.1362,1.7493,0.44837,2.4633,0.127,0.0020416,0,0.21027
33.983,1,105.58,8.1368,1.7569,0.44651,2.4637,0.12696,0.0020426,0,0.21059
33.989,1,105.66,8.138,1.7638,0.44651,2.4493,0.12698,0.0020446,0,0.21109
33.995,1,105.67,8.1394,1.7678,0.4471,2.4646,0.12703,0.0020497,0,0.21178
34.001,1,105.67,8.1409,1.7699,0.44588,2.4529,0.12702,0.0020571,0,0.21262
34.007,1,105.77,8.1427,1.7728,0.44603,2.4328,0.12706,0.0020666,0,0.21364
34.013,1,105.85,8.1443,1.7769,0.44658,2.4196,0.12709,0.0020782,0,0.21393
34.019,1,105.77,8.1459,1.7818,0.44475,2.4058,0.12704,0.0020917,0,0.2137
34.024,1,105.86,8.1479,1.7878,0.44616,2.3861,0.12708,0.0021071,0,0.21302
34.031,1,105.88,8.1498,1.7913,0.447,2.3862,0.1271,0.0021238,0,0.21334
34.036,1,105.86,8.1515,1.7944,0.44577,2.3673,0.12713,0.0021414,0,0.21381
34.042,1,105.98,8.1539,1.7999,0.44726,2.3334,0.12718,0.0021608,0,0.21456
34.048,1,106.09,8.1564,1.8038,0.45042,2.3239,0.12721,0.0021811,0,0.21546
34.054,1,106.18,8.1587,1.8058,0.45395,2.3182,0.12725,0.0022014,0,0.21654
34.06,1,106.27,8.161,1.8086,0.45784,2.3056,0.12729,0.0022219,0,0.21777
34.066,1,106.36,8.1632,1.8105,0.46203,2.2981,0.12733,0.0022417,0,0.2191
34.073,1,106.45,8.1652,1.812,0.46641,2.2971,0.12736,0.0022599,0,0.2202
34.079,1,106.5,8.1668,1.8123,0.47071,2.3003,0.12738,0.0022755,0,0.22093
34.084,1,106.58,8.1685,1.8141,0.47522,2.2917,0.12741,0.0022884,0,0.22167
34.091,1,106.61,8.1683,1.8107,0.4784,2.3001,0.12743,0.0022981,0,0.22232
34.096,1,106.59,8.1664,1.8061,0.47873,2.3063,0.12742,0.0023039,0,0.2229
34.102,1,106.61,8.1626,1.8011,0.48277,2.3016,0.1274,0.0023052,0,0.22334
34.108,1,106.69,8.1568,1.7939,0.4834,2.3133,0.12744,0.0023027,0,0.22341
34.115,1,106.75,8.1495,1.7854,0.48078,2.3204,0.12747,0.0022966,0,0.22324
34.121,1,106.68,8.1417,1.7786,0.47556,2.3208,0.12749,0.0022844,0,0.22281
34.127,1,106.57,8.1356,1.778,0.47433,2.3111,0.12743,0.0022668,0,0.22217
34.133,1,106.53,8.1347,1.7875,0.47156,2.3135,0.1274,0.0022449,0,0.22139
34.138,1,106.52,8.1346,1.7878,0.47018,2.3217,0.12735,0.0022192,0,0.22061
34.144,1,106.56,8.132,1.7741,0.46995,2.3567,0.12737,0.0021901,0,0.22123
34.15,1,106.48,8.1334,1.773,0.47392,2.405,0.12734,0.0021607,0,0.22221
34.156,1,106.36,8.1352,1.7636,0.47489,2.4526,0.12727,0.0021371,0,0.22296
34.162,1,106.2,8.1378,1.7536,0.47365,2.4575,0.12717,0.0021162,0,0.22343
34.168,1,106.09,8.1394,1.7384,0.47004,2.4661,0.12711,0.002098,0,0.22141
34.173,1,106.05,8.1402,1.7262,0.46368,2.4675,0.12709,0.0020766,0,0.21823
34.179,1,105.9,8.1394,1.7257,0.45804,2.4684,0.12704,0.0020658,0,0.21559
34.185,1,105.57,8.1379,1.7334,0.45248,2.4889,0.12698,0.0020557,0,0.21321
34.191,1,105.49,8.1365,1.7359,0.45007,2.4703,0.12692,0.0020499,0,0.21223
34.197,1,105.49,8.1353,1.7309,0.44863,2.4532,0.12696,0.0020463,0,0.21112
34.203,1,105.54,8.1346,1.7394,0.44744,2.4416,0.12698,0.0020446,0,0.21081
34.209,1,105.52,8.1348,1.7467,0.44632,2.442,0.12694,0.0020444,0,0.21057
34.215,1,105.58,8.1351,1.7529,0.44652,2.4546,0.12696,0.0020469,0,0.21075
34.22,1,105.69,8.1362,1.7597,0.44535,2.4332,0.12701,0.0020515,0,0.21113
34.226,1,105.8,8.1376,1.7649,0.44439,2.4543,0.12707,0.002058,0,0.21172
34.232,1,105.76,8.1393,1.7679,0.44479,2.4609,0.12711,0.0020667,0,0.21245
34.238,1,105.84,8.1411,1.7706,0.44459,2.4463,0.12706,0.0020775,0,0.21338
34.244,1,105.89,8.1429,1.7755,0.44502,2.4253,0.12709,0.0020904,0,0.21439
34.25,1,105.91,8.1447,1.7807,0.44729,2.4049,0.1271,0.0021051,0,0.21435
34.256,1,105.84,8.1466,1.7851,0.44724,2.3928,0.12709,0.0021213,0,0.21415
34.262,1,105.96,8.1488,1.7903,0.4472,2.3645,0.12713,0.0021391,0,0.21354
34.268,1,105.96,8.1509,1.7938,0.4455,2.3538,0.12715,0.0021577,0,0.21391
34.274,1,106.05,8.1531,1.7976,0.44542,2.3387,0.12718,0.0021772,0,0.2144
34.28,1,106.13,8.1552,1.7998,0.44761,2.335,0.1272,0.0021964,0,0.21521
34.285,1,106.25,8.1579,1.8046,0.45065,2.3126,0.12726,0.0022164,0,0.21616
34.291,1,106.34,8.1606,1.8077,0.45408,2.3061,0.1273,0.0022356,0,0.21729
34.298,1,106.43,8.163,1.8096,0.45785,2.3016,0.12734,0.0022531,0,0.21853
34.304,1,106.51,8.1653,1.8116,0.46189,2.2947,0.12738,0.0022679,0,0.21948
34.31,1,106.57,8.1674,1.8129,0.46626,2.2943,0.1274,0.0022794,0,0.22013
34.316,1,106.6,8.169,1.8128,0.47044,2.2978,0.12742,0.0022876,0,0.22073
34.322,1,106.66,8.1709,1.8151,0.47488,2.2934,0.12745,0.0022916,0,0.22133
34.328,1,106.68,8.172,1.8147,0.47734,2.3034,0.12748,0.0022929,0,0.22187
34.334,1,106.71,8.1715,1.8106,0.48173,2.3136,0.12748,0.0022901,0,0.22232
34.339,1,106.65,8.1693,1.8066,0.48507,2.3427,0.12745,0.0022799,0,0.22241
34.346,1,106.72,8.1648,1.7988,0.48265,2.3347,0.12745,0.0022641,0,0.22223
34.352,1,106.56,8.1587,1.7907,0.47842,2.3279,0.12745,0.002243,0,0.22176
34.358,1,106.5,8.1508,1.7814,0.47323,2.3216,0.12741,0.0022185,0,0.22113
34.364,1,106.43,8.1426,1.7743,0.46708,2.3191,0.1273,0.0021905,0,0.22036
34.37,1,106.47,8.1387,1.7762,0.46313,2.342,0.12733,0.0021606,0,0.21959
34.375,1,106.47,8.1386,1.7777,0.46651,2.3988,0.12735,0.0021367,0,0.21966
34.381,1,106.36,8.1378,1.7657,0.47062,2.4868,0.1273,0.0021174,0,0.22104
34.387,1,106.22,8.135,1.747,0.4719,2.5436,0.12722,0.0020996,0,0.22219
34.393,1,105.97,8.135,1.7389,0.46989,2.542,0.12712,0.0020794,0,0.22311
34.399,1,105.83,8.1347,1.727,0.46352,2.5149,0.12708,0.0020677,0,0.22122
34.405,1,105.66,8.1344,1.7238,0.45717,2.466,0.127,0.0020575,0,0.21902
34.411,1,105.64,8.1336,1.729,0.45129,2.4659,0.127,0.0020505,0,0.21696
34.417,1,105.73,8.1325,1.7352,0.44797,2.4628,0.127,0.0020467,0,0.2149
34.423,1,105.58,8.1314,1.7323,0.44601,2.4623,0.12702,0.0020451,0,0.21227
34.429,1,105.62,8.13,1.7346,0.44411,2.4624,0.12699,0.0020452,0,0.21048
34.435,1,105.46,8.1287,1.7406,0.44291,2.4395,0.1269,0.0020473,0,0.21019
34.441,1,105.44,8.128,1.7466,0.44266,2.4422,0.1269,0.0020528,0,0.21018
34.446,1,105.55,8.1285,1.7551,0.44369,2.4251,0.12696,0.0020597,0,0.21043
34.452,1,105.62,8.1295,1.7602,0.44339,2.4314,0.127,0.0020689,0,0.21093
34.457,1,105.74,8.1314,1.7663,0.44242,2.4079,0.12705,0.0020796,0,0.21159
34.463,1,105.85,8.1336,1.7699,0.44494,2.436,0.12709,0.0020925,0,0.2124
34.469,1,105.8,8.136,1.7721,0.44706,2.4512,0.12712,0.0021071,0,0.21336
34.475,1,105.86,8.1382,1.7764,0.44859,2.4286,0.12707,0.0021234,0,0.21463
34.481,1,105.94,8.1405,1.7808,0.44923,2.4014,0.12711,0.0021411,0,0.21533
34.487,1,106.03,8.1429,1.7856,0.44906,2.3722,0.12713,0.0021599,0,0.21535
34.493,1,105.96,8.1453,1.7895,0.44925,2.3583,0.12712,0.0021793,0,0.21517
34.499,1,106.09,8.148,1.7942,0.44762,2.3372,0.12715,0.0021996,0,0.21469
34.505,1,106.1,8.1505,1.7965,0.44647,2.3364,0.12718,0.0022191,0,0.21519
34.511,1,106.2,8.1534,1.8007,0.44874,2.3177,0.12723,0.0022385,0,0.21577
34.517,1,106.28,8.1561,1.8031,0.45259,2.3165,0.12727,0.0022564,0,0.21667
34.523,1,106.34,8.1583,1.8037,0.4565,2.3204,0.1273,0.0022716,0,0.21767
34.528,1,106.45,8.1613,1.8082,0.46083,2.2954,0.12735,0.0022845,0,0.21875
34.534,1,106.53,8.164,1.8107,0.4653,2.2927,0.12739,0.0022938,0,0.21948
34.541,1,106.6,8.1666,1.8122,0.46976,2.2922,0.12742,0.0022989,0,0.22008
34.547,1,106.66,8.1689,1.8135,0.47414,2.2937,0.12745,0.0022999,0,0.22058
34.553,1,106.69,8.1706,1.8133,0.4781,2.3039,0.12746,0.0022985,0,0.22102
34.559,1,106.75,8.1726,1.8156,0.48117,2.2904,0.1275,0.0022903,0,0.22145
34.565,1,106.78,8.1742,1.8155,0.48133,2.3001,0.12751,0.0022775,0,0.22184
34.571,1,106.65,8.1744,1.8124,0.48125,2.3294,0.12748,0.0022585,0,0.22201
34.577,1,106.63,8.1727,1.8077,0.48261,2.3382,0.12741,0.0022333,0,0.22184
34.583,1,106.55,8.1688,1.8,0.48252,2.3384,0.12739,0.0022045,0,0.22141
34.589,1,106.43,8.163,1.7919,0.48129,2.326,0.12742,0.0021734,0,0.22073
34.595,1,106.46,8.1555,1.783,0.47542,2.3213,0.12737,0.0021448,0,0.21996
34.601,1,106.45,8.1475,1.7739,0.46922,2.3362,0.12732,0.0021222,0,0.21914
34.606,1,106.42,8.1408,1.7654,0.46398,2.4114,0.12731,0.0021031,0,0.2184
34.612,1,106.38,8.1388,1.7653,0.46587,2.4872,0.12731,0.0020824,0,0.21915
34.618,1,106.24,8.1382,1.7568,0.46996,2.5604,0.12724,0.0020667,0,0.22075
34.624,1,106.01,8.1346,1.7355,0.46902,2.5697,0.12717,0.0020566,0,0.22212
34.63,1,105.68,8.1327,1.7263,0.46315,2.5367,0.12701,0.0020489,0,0.2223
34.636,1,105.52,8.1315,1.7195,0.45631,2.4957,0.12693,0.0020433,0,0.22022
34.642,1,105.57,8.1303,1.725,0.45092,2.4748,0.12695,0.0020402,0,0.21861
34.648,1,105.68,8.1293,1.7338,0.447,2.4662,0.12701,0.0020398,0,0.21726
34.654,1,105.68,8.1286,1.7352,0.44481,2.4558,0.12703,0.0020413,0,0.21554
34.66,1,105.58,8.128,1.7339,0.44278,2.4362,0.12695,0.0020445,0,0.21345
34.666,1,105.55,8.1269,1.74,0.44178,2.4501,0.12699,0.0020505,0,0.21166
34.672,1,105.63,8.126,1.7451,0.4412,2.4334,0.12701,0.002059,0,0.20997
34.678,1,105.61,8.1255,1.7509,0.44182,2.435,0.12696,0.0020696,0,0.21016
34.684,1,105.61,8.1264,1.7581,0.44135,2.4111,0.12699,0.0020821,0,0.21059
34.689,1,105.68,8.1277,1.7622,0.44288,2.4292,0.12702,0.0020963,0,0.21125
34.695,1,105.78,8.1301,1.7679,0.44591,2.4188,0.12707,0.0021124,0,0.21205
34.701,1,105.85,8.1326,1.7703,0.44654,2.4482,0.1271,0.0021299,0,0.21304
34.707,1,105.9,8.135,1.7748,0.4489,2.4074,0.12715,0.0021485,0,0.21431
34.713,1,106.01,8.1377,1.7803,0.45082,2.3791,0.12713,0.0021684,0,0.2158
34.719,1,106.1,8.1403,1.7844,0.45034,2.3623,0.12715,0.0021886,0,0.21601
34.725,1,106.02,8.1431,1.789,0.44821,2.3442,0.12712,0.0022092,0,0.21604
34.731,1,106.06,8.1458,1.7918,0.44928,2.3384,0.12716,0.002229,0,0.21598
34.737,1,106.15,8.1486,1.7954,0.44881,2.326,0.1272,0.0022481,0,0.21568
34.743,1,106.24,8.1515,1.7986,0.45056,2.317,0.12725,0.0022657,0,0.21627
34.749,1,106.34,8.1547,1.8019,0.45458,2.307,0.1273,0.0022811,0,0.21694
34.755,1,106.43,8.1577,1.8045,0.45885,2.3016,0.12734,0.0022932,0,0.21792
34.761,1,106.5,8.1604,1.8058,0.46315,2.3021,0.12737,0.0023017,0,0.21877
34.767,1,106.55,8.1629,1.8072,0.4674,2.3003,0.1274,0.0023068,0,0.21953
34.773,1,106.63,8.1658,1.8108,0.47181,2.2906,0.12744,0.002307,0,0.22017
34.779,1,106.7,8.1685,1.8126,0.47602,2.2927,0.12746,0.0023033,0,0.22066
34.785,1,106.75,8.1708,1.8134,0.47865,2.2927,0.12747,0.0022956,0,0.22101
34.791,1,106.78,8.1725,1.8134,0.48016,2.2997,0.12749,0.0022838,0,0.22136
34.797,1,106.71,8.1745,1.8151,0.47945,2.2939,0.12751,0.0022647,0,0.22169
34.803,1,106.62,8.1761,1.8149,0.47856,2.2997,0.12745,0.0022429,0,0.22194
34.809,1,106.6,8.1769,1.8128,0.48277,2.3213,0.1274,0.0022169,0,0.22192
34.815,1,106.66,8.1758,1.8081,0.4842,2.3467,0.12743,0.0021869,0,0.22168
34.82,1,106.58,8.1727,1.8016,0.48195,2.3327,0.1274,0.0021553,0,0.22112
34.827,1,106.41,8.1675,1.7931,0.48189,2.3576,0.12741,0.0021314,0,0.22044
34.832,1,106.44,8.1609,1.783,0.47626,2.4016,0.12738,0.0021113,0,0.21957
34.838,1,106.38,8.1529,1.7678,0.4701,2.4884,0.1273,0.0020932,0,0.21877
34.844,1,106.33,8.1443,1.7521,0.46535,2.5605,0.12727,0.0020724,0,0.21827
34.85,1,105.96,8.1406,1.7484,0.46666,2.5585,0.12715,0.0020617,0,0.21849
34.856,1,105.68,8.1389,1.7396,0.46348,2.5471,0.127,0.0020527,0,0.22003
34.862,1,105.58,8.1351,1.7226,0.45768,2.535,0.12696,0.0020473,0,0.2214
34.867,1,105.5,8.1306,1.7128,0.45197,2.5416,0.12695,0.0020427,0,0.21979
34.873,1,105.59,8.128,1.7202,0.44761,2.5103,0.12697,0.0020413,0,0.21869
34.879,1,105.65,8.1261,1.7309,0.44439,2.4721,0.12699,0.0020411,0,0.21769
34.885,1,105.59,8.1254,1.7348,0.44248,2.46,0.12702,0.0020431,0,0.21635
34.891,1,105.7,8.1249,1.7347,0.44086,2.4401,0.12703,0.0020478,0,0.21481
34.897,1,105.65,8.1242,1.7411,0.44012,2.4382,0.12705,0.0020548,0,0.21367
34.903,1,105.7,8.1235,1.7457,0.44121,2.4374,0.12708,0.0020641,0,0.2123
34.909,1,105.77,8.1232,1.7528,0.44067,2.4239,0.12711,0.0020753,0,0.21073
34.915,1,105.8,8.1232,1.7562,0.44103,2.433,0.12705,0.0020885,0,0.21027
34.921,1,105.66,8.1242,1.7613,0.44336,2.4195,0.12703,0.0021033,0,0.21084
34.927,1,105.75,8.1263,1.7663,0.44571,2.4044,0.12708,0.0021199,0,0.21156
34.933,1,105.87,8.1288,1.7699,0.44623,2.3816,0.12713,0.0021379,0,0.21247
34.939,1,105.85,8.1314,1.7744,0.44655,2.3938,0.12716,0.0021569,0,0.21366
34.945,1,105.94,8.1341,1.7792,0.44972,2.3699,0.12711,0.0021765,0,0.21507
34.95,1,106.03,8.1371,1.7844,0.45235,2.3496,0.12715,0.0021967,0,0.21588
34.956,1,106.11,8.1401,1.7884,0.44966,2.3386,0.12719,0.0022166,0,0.21566
34.962,1,106.11,8.1431,1.7918,0.45137,2.3296,0.12718,0.0022356,0,0.21577
34.968,1,106.19,8.1463,1.7952,0.4542,2.3197,0.12722,0.0022531,0,0.21567
34.974,1,106.28,8.1496,1.7983,0.45417,2.3114,0.12726,0.0022681,0,0.21583
34.98,1,106.35,8.1525,1.7998,0.4574,2.3117,0.12729,0.0022801,0,0.21646
34.986,1,106.45,8.1559,1.8035,0.46178,2.2967,0.12733,0.0022884,0,0.21714
34.992,1,106.53,8.159,1.8056,0.46621,2.2982,0.12736,0.0022928,0,0.21792
34.999,1,106.6,8.1621,1.8076,0.47061,2.2993,0.12739,0.002293,0,0.21867
35.005,1,106.66,8.1648,1.8087,0.47471,2.3014,0.12742,0.0022905,0,0.21938
35.011,1,106.7,8.1673,1.8099,0.47769,2.2989,0.12743,0.0022826,0,0.21998
35.016,1,106.74,8.17,1.8128,0.48013,2.2851,0.12746,0.0022674,0,0.22048
35.022,1,106.64,8.1723,1.8136,0.47967,2.2925,0.12744,0.0022474,0,0.22083
35.028,1,106.66,8.1741,1.8134,0.47962,2.3023,0.12742,0.0022249,0,0.22121
35.034,1,106.69,8.1759,1.8145,0.48068,2.3016,0.12743,0.0021968,0,0.22155
35.04,1,106.66,8.1776,1.8146,0.48246,2.3057,0.12741,0.0021681,0,0.22161
35.045,1,106.61,8.1786,1.8133,0.48415,2.3359,0.1274,0.0021429,0,0.22141
35.051,1,106.65,8.1777,1.8082,0.48216,2.3719,0.12743,0.0021201,0,0.22089
35.057,1,106.47,8.1748,1.8013,0.47904,2.4096,0.1274,0.0021016,0,0.2202
35.063,1,106.34,8.1698,1.7921,0.4763,2.448,0.12734,0.0020811,0,0.21937
35.069,1,106.23,8.1635,1.7792,0.47049,2.4926,0.12728,0.0020676,0,0.21853
35.075,1,106.19,8.1553,1.7616,0.46421,2.5093,0.12718,0.0020575,0,0.21785
35.081,1,105.9,8.1461,1.7436,0.46327,2.5309,0.12707,0.0020496,0,0.21794
35.087,1,105.69,8.1411,1.7356,0.46349,2.5418,0.12697,0.0020457,0,0.21907
35.093,1,105.61,8.1385,1.7282,0.45953,2.5744,0.12697,0.0020437,0,0.22018
35.099,1,105.52,8.1339,1.7143,0.45398,2.5846,0.12694,0.0020434,0,0.2195
35.105,1,105.57,8.1281,1.7138,0.44941,2.5363,0.12695,0.0020447,0,0.21869
35.111,1,105.54,8.1253,1.7286,0.44602,2.4874,0.12696,0.0020486,0,0.21807
35.117,1,105.65,8.1236,1.7337,0.44302,2.4682,0.12701,0.0020554,0,0.21715
35.123,1,105.75,8.1232,1.7335,0.44119,2.45,0.12706,0.0020638,0,0.21593
35.129,1,105.84,8.1227,1.7411,0.442,2.435,0.12706,0.0020746,0,0.21521
35.134,1,105.73,8.1227,1.7471,0.44163,2.4286,0.12709,0.0020872,0,0.21437
35.141,1,105.76,8.1225,1.7529,0.44134,2.4269,0.12711,0.0021018,0,0.21348
35.147,1,105.8,8.1225,1.756,0.44125,2.4287,0.12712,0.0021178,0,0.21236
35.152,1,105.88,8.1228,1.7593,0.44261,2.4156,0.12717,0.0021353,0,0.21109
35.158,1,105.97,8.1237,1.7619,0.44447,2.3982,0.12712,0.0021535,0,0.21147
35.164,1,105.92,8.1259,1.7671,0.44674,2.3669,0.12716,0.0021729,0,0.21235
35.17,1,105.99,8.1284,1.7729,0.44807,2.381,0.1272,0.0021928,0,0.21354
35.175,1,105.92,8.1314,1.7792,0.44876,2.3614,0.12724,0.0022129,0,0.21491
35.182,1,105.94,8.1344,1.7836,0.45217,2.3492,0.12716,0.0022322,0,0.21647
35.188,1,106.04,8.1376,1.7875,0.4554,2.3393,0.12719,0.0022501,0,0.2174
35.193,1,106.13,8.1408,1.7912,0.45525,2.3295,0.12721,0.002266,0,0.21688
35.199,1,106.17,8.1443,1.7947,0.45415,2.32,0.12718,0.0022792,0,0.21708
35.205,1,106.23,8.1474,1.7965,0.45394,2.3201,0.12721,0.002289,0,0.21715
35.211,1,106.3,8.1507,1.7993,0.4556,2.3101,0.12725,0.0022952,0,0.21696
35.217,1,106.38,8.1539,1.8017,0.45984,2.3044,0.12728,0.0022977,0,0.21757
35.223,1,106.45,8.1574,1.8047,0.46416,2.3007,0.12732,0.0022956,0,0.2181
35.229,1,106.53,8.1607,1.807,0.46836,2.296,0.12736,0.0022888,0,0.2188
35.235,1,106.59,8.1639,1.8087,0.4723,2.2929,0.12739,0.0022747,0,0.21942
35.242,1,106.6,8.167,1.8105,0.4758,2.2893,0.12742,0.0022548,0,0.22
35.248,1,106.57,8.1695,1.811,0.47615,2.2956,0.12737,0.0022319,0,0.22047
35.254,1,106.62,8.172,1.8125,0.47932,2.2948,0.1274,0.0022043,0,0.22084
35.259,1,106.67,8.1744,1.8141,0.48126,2.2958,0.12742,0.0021742,0,0.22107
35.265,1,106.69,8.1763,1.8137,0.48259,2.3064,0.12743,0.0021465,0,0.22128
35.271,1,106.72,8.1782,1.8143,0.48315,2.3127,0.12744,0.0021229,0,0.22143
35.277,1,106.71,8.1798,1.8139,0.48206,2.3322,0.12744,0.0021045,0,0.22133
35.283,1,106.64,8.181,1.8127,0.48265,2.3486,0.1274,0.002086,0,0.22105
35.288,1,106.57,8.1807,1.8089,0.47794,2.3558,0.12742,0.0020671,0,0.22045
35.295,1,106.4,8.1787,1.8001,0.47263,2.3959,0.12739,0.0020559,0,0.21968
35.301,1,106.25,8.1744,1.7853,0.47116,2.4763,0.12729,0.0020473,0,0.21878
35.307,1,106.19,8.1682,1.7676,0.46491,2.4979,0.1272,0.0020418,0,0.21789
35.313,1,106.01,8.1597,1.7461,0.46164,2.567,0.12712,0.0020389,0,0.21733
35.318,1,105.6,8.1497,1.7243,0.46307,2.5786,0.12697,0.0020382,0,0.21755
35.324,1,105.61,8.1412,1.7107,0.46129,2.5969,0.12697,0.0020394,0,0.21838
35.33,1,105.64,8.1362,1.713,0.45607,2.5989,0.12699,0.0020422,0,0.21813
35.336,1,105.45,8.1314,1.7192,0.4516,2.5468,0.1269,0.0020478,0,0.21696
35.342,1,105.52,8.1236,1.7185,0.44716,2.5151,0.12694,0.0020554,0,0.21668
35.348,1,105.63,8.1206,1.7269,0.4438,2.4662,0.127,0.0020652,0,0.21602
35.354,1,105.73,8.1185,1.7304,0.44276,2.4551,0.12704,0.0020771,0,0.21542
35.36,1,105.83,8.1179,1.742,0.4422,2.4453,0.12708,0.0020911,0,0.21504
35.366,1,105.83,8.1179,1.7493,0.44132,2.4367,0.1271,0.0021069,0,0.21458
35.372,1,105.79,8.1183,1.7557,0.44023,2.4331,0.12712,0.0021242,0,0.21417
35.378,1,105.86,8.1189,1.76,0.44055,2.4225,0.12715,0.002143,0,0.21365
35.384,1,105.93,8.1193,1.7611,0.44148,2.4292,0.12718,0.0021622,0,0.21296
35.39,1,106.04,8.1203,1.7638,0.4428,2.4085,0.12722,0.0021825,0,0.21197
35.396,1,106.13,8.1215,1.7655,0.44473,2.3969,0.12719,0.0022024,0,0.21185
35.401,1,106.03,8.124,1.7728,0.44709,2.3674,0.12721,0.0022227,0,0.213
35.407,1,106.09,8.1269,1.7785,0.44862,2.3688,0.12725,0.0022422,0,0.21437
35.413,1,106.05,8.1303,1.784,0.45213,2.3514,0.1273,0.0022602,0,0.21592
35.419,1,106.04,8.1338,1.7881,0.45563,2.3401,0.12724,0.0022761,0,0.21765
35.425,1,106.14,8.1374,1.7915,0.45869,2.3335,0.12724,0.0022888,0,0.21809
35.431,1,106.23,8.1409,1.7942,0.45727,2.3269,0.12725,0.0022982,0,0.21735
35.437,1,106.15,8.1446,1.797,0.45594,2.3182,0.12718,0.0023037,0,0.21741
35.443,1,106.22,8.1481,1.7989,0.45436,2.3142,0.12722,0.0023055,0,0.21752
35.449,1,106.3,8.1518,1.8017,0.45809,2.3038,0.12726,0.002303,0,0.21726
35.455,1,106.36,8.1551,1.8028,0.46244,2.306,0.12729,0.0022978,0,0.21771
35.461,1,106.45,8.1588,1.8059,0.46691,2.293,0.12733,0.0022847,0,0.21817
35.467,1,106.52,8.1622,1.8076,0.47117,2.2923,0.12737,0.002267,0,0.21876
35.473,1,106.5,8.1655,1.8092,0.47512,2.2893,0.1274,0.0022429,0,0.21927
35.479,1,106.54,8.1685,1.8106,0.47819,2.292,0.12736,0.0022156,0,0.21973
35.485,1,106.6,8.1712,1.8117,0.48108,2.2991,0.12738,0.0021859,0,0.22009
35.491,1,106.63,8.1735,1.8121,0.48334,2.3008,0.1274,0.0021572,0,0.22035
35.497,1,106.68,8.176,1.8136,0.48483,2.2995,0.12743,0.0021324,0,0.2205
35.503,1,106.71,8.178,1.8134,0.48335,2.3117,0.12744,0.0021127,0,0.22056
35.508,1,106.73,8.1797,1.813,0.48086,2.3223,0.12745,0.0020948,0,0.22044
35.514,1,106.6,8.1813,1.8129,0.47904,2.3223,0.12742,0.0020749,0,0.22012
35.52,1,106.53,8.1824,1.8118,0.47757,2.3546,0.12732,0.0020638,0,0.21956
35.526,1,106.42,8.1819,1.8061,0.47274,2.361,0.12733,0.0020533,0,0.21876
35.532,1,106.29,8.1798,1.795,0.46825,2.4207,0.1273,0.0020465,0,0.21783
35.538,1,106.22,8.1755,1.7786,0.46725,2.4896,0.12728,0.002042,0,0.21686
35.544,1,106.09,8.169,1.759,0.46217,2.5739,0.12715,0.0020402,0,0.21611
35.55,1,105.86,8.1602,1.7366,0.46083,2.6292,0.12707,0.00204,0,0.21616
35.555,1,105.65,8.1498,1.716,0.46025,2.6151,0.12699,0.0020422,0,0.2169
35.561,1,105.58,8.14,1.7046,0.45624,2.5728,0.12696,0.002047,0,0.21829
35.567,1,105.61,8.1343,1.7157,0.45127,2.541,0.12697,0.002054,0,0.21749
35.573,1,105.54,8.1293,1.7261,0.44707,2.4982,0.12698,0.0020632,0,0.21645
35.579,1,105.62,8.1219,1.7209,0.44314,2.466,0.127,0.0020743,0,0.21544
35.585,1,105.71,8.119,1.7276,0.44232,2.4459,0.12705,0.0020875,0,0.21492
35.591,1,105.8,8.117,1.7378,0.44263,2.4423,0.12708,0.0021026,0,0.21489
35.597,1,105.88,8.1168,1.7473,0.44102,2.4451,0.1271,0.0021194,0,0.21473
35.603,1,105.94,8.117,1.7546,0.44042,2.4364,0.12712,0.0021376,0,0.21463
35.609,1,105.89,8.1179,1.7598,0.44113,2.4275,0.12715,0.002157,0,0.21441
35.615,1,105.96,8.1186,1.7617,0.44233,2.4293,0.12717,0.0021765,0,0.21419
35.621,1,106.06,8.1196,1.7634,0.44388,2.4074,0.1272,0.0021965,0,0.21383
35.627,1,106.13,8.1207,1.7656,0.44578,2.3813,0.12724,0.0022163,0,0.2132
35.633,1,106.2,8.1219,1.7689,0.44809,2.4055,0.12726,0.0022345,0,0.2127
35.638,1,106.22,8.1245,1.7766,0.45081,2.3647,0.12726,0.0022515,0,0.21404
35.644,1,106.25,8.1278,1.7831,0.45056,2.3506,0.12732,0.0022663,0,0.21561
35.65,1,106.25,8.1314,1.7874,0.45371,2.3421,0.12737,0.0022776,0,0.2173
35.656,1,106.16,8.1352,1.7915,0.45718,2.3308,0.12734,0.0022853,0,0.21917
35.662,1,106.25,8.1389,1.794,0.4605,2.3268,0.12729,0.0022893,0,0.21976
35.668,1,106.26,8.1427,1.7967,0.45991,2.3186,0.12723,0.0022895,0,0.21893
35.674,1,106.15,8.1463,1.7985,0.45789,2.3191,0.1272,0.0022858,0,0.21874
35.68,1,106.23,8.1501,1.801,0.45859,2.3095,0.12724,0.0022752,0,0.21888
35.686,1,106.31,8.1537,1.8029,0.46293,2.3047,0.12728,0.0022592,0,0.21878
35.692,1,106.33,8.1571,1.8041,0.46726,2.3032,0.12731,0.0022384,0,0.21879
35.698,1,106.39,8.1606,1.8066,0.46987,2.2932,0.12729,0.0022119,0,0.21922
35.704,1,106.45,8.1638,1.808,0.47145,2.2929,0.12732,0.0021834,0,0.21962
35.71,1,106.53,8.1672,1.8102,0.4753,2.2913,0.12735,0.0021515,0,0.22
35.716,1,106.6,8.1704,1.812,0.47863,2.2955,0.12738,0.0021268,0,0.22027
35.722,1,106.64,8.1732,1.8124,0.48121,2.3009,0.1274,0.0021072,0,0.22046
35.728,1,106.68,8.1757,1.8129,0.48262,2.3007,0.12742,0.002088,0,0.22054
35.734,1,106.7,8.1778,1.8126,0.48119,2.3088,0.12743,0.0020712,0,0.22058
35.74,1,106.65,8.1799,1.8133,0.47846,2.3195,0.12745,0.0020596,0,0.22034
35.746,1,106.53,8.1815,1.8122,0.4761,2.335,0.12736,0.0020517,0,0.21993
35.751,1,106.54,8.1829,1.8119,0.4776,2.3403,0.12733,0.0020465,0,0.21933
35.757,1,106.49,8.184,1.8084,0.47597,2.3888,0.12731,0.002044,0,0.21862
35.763,1,106.37,8.1838,1.7995,0.47078,2.424,0.12731,0.002042,0,0.21765
35.769,1,106.22,8.1815,1.7843,0.46506,2.4832,0.12726,0.0020422,0,0.21663
35.775,1,106.01,8.1766,1.7645,0.46389,2.5486,0.12719,0.0020445,0,0.21562
35.78,1,105.92,8.1693,1.7428,0.45927,2.6362,0.12709,0.0020498,0,0.21523
35.786,1,105.71,8.1594,1.721,0.4578,2.572,0.12703,0.0020569,0,0.21532
35.792,1,105.56,8.1478,1.7042,0.45468,2.5818,0.12695,0.0020664,0,0.21614
35.798,1,105.66,8.1359,1.7037,0.4504,2.5195,0.127,0.0020779,0,0.21705
35.804,1,105.69,8.129,1.7204,0.44624,2.5052,0.12701,0.0020914,0,0.21624
35.81,1,105.59,8.1245,1.7277,0.44457,2.4781,0.127,0.0021066,0,0.21505
35.816,1,105.68,8.1182,1.7218,0.44507,2.4511,0.12704,0.0021236,0,0.21365
35.822,1,105.75,8.1142,1.7329,0.44315,2.4424,0.12708,0.0021422,0,0.21352
35.828,1,105.86,8.1126,1.7431,0.44143,2.4229,0.12712,0.0021616,0,0.21374
35.834,1,105.98,8.1126,1.7536,0.44127,2.4373,0.12715,0.0021822,0,0.214
35.84,1,106.03,8.1136,1.7601,0.44173,2.4262,0.12714,0.0022031,0,0.21414
35.846,1,105.97,8.1149,1.7638,0.44275,2.4323,0.12716,0.0022236,0,0.2142
35.852,1,106.01,8.1161,1.764,0.44428,2.428,0.12718,0.0022427,0,0.21419
35.858,1,106.07,8.1174,1.7658,0.44611,2.3979,0.12721,0.0022607,0,0.21415
35.864,1,106.15,8.1189,1.7701,0.44828,2.3683,0.12724,0.0022767,0,0.2141
35.87,1,106.22,8.1204,1.7733,0.45078,2.3715,0.12728,0.0022898,0,0.21385
35.875,1,106.33,8.1232,1.7804,0.451,2.364,0.12731,0.0022997,0,0.21505
35.881,1,106.36,8.127,1.7869,0.45096,2.3452,0.12737,0.0023055,0,0.21676
35.887,1,106.42,8.131,1.791,0.45416,2.3358,0.12742,0.002307,0,0.2186
35.893,1,106.28,8.135,1.7935,0.45764,2.3313,0.12742,0.0023051,0,0.22056
35.899,1,106.31,8.1391,1.7962,0.4614,2.3209,0.12734,0.0022989,0,0.221
35.905,1,106.33,8.1432,1.7985,0.46188,2.3193,0.12727,0.0022863,0,0.22015
35.911,1,106.17,8.147,1.7998,0.4619,2.317,0.12722,0.0022693,0,0.21951
35.917,1,106.23,8.1507,1.8014,0.46382,2.3108,0.12725,0.0022474,0,0.21959
35.923,1,106.26,8.1544,1.8032,0.46814,2.3038,0.12727,0.0022214,0,0.21965
35.929,1,106.33,8.1579,1.8046,0.46829,2.3004,0.12726,0.0021926,0,0.21932
35.934,1,106.41,8.1617,1.8073,0.47004,2.2945,0.1273,0.0021601,0,0.2196
35.941,1,106.48,8.1652,1.8087,0.47417,2.2985,0.12733,0.0021344,0,0.21982
35.947,1,106.55,8.1683,1.8098,0.47785,2.3088,0.12736,0.0021138,0,0.22011
35.953,1,106.6,8.1712,1.8105,0.48094,2.3038,0.12739,0.0020954,0,0.22033
35.959,1,106.66,8.1743,1.8125,0.48023,2.2927,0.12741,0.0020734,0,0.22041
35.965,1,106.6,8.1771,1.8129,0.47841,2.2981,0.12743,0.0020617,0,0.22037
35.971,1,106.47,8.1794,1.8123,0.47575,2.3065,0.12733,0.0020518,0,0.22024
35.977,1,106.49,8.1811,1.8112,0.4751,2.3358,0.12731,0.0020472,0,0.22003
35.983,1,106.52,8.1827,1.811,0.47703,2.3825,0.12732,0.0020439,0,0.21951
35.988,1,106.54,8.1842,1.8091,0.47865,2.3705,0.12733,0.0020426,0,0.21885
35.994,1,106.48,8.1854,1.8024,0.47677,2.3999,0.12732,0.0020433,0,0.21806
36,1,106.33,8.1856,1.7922,0.4719,2.4357,0.1273,0.0020451,0,0.2171
36.006,1,105.99,8.1834,1.7765,0.46591,2.461,0.12716,0.0020499,0,0.21604
36.011,1,105.9,8.1785,1.7588,0.46098,2.5061,0.12706,0.0020565,0,0.21501
36.017,1,105.96,8.1708,1.7385,0.45508,2.5404,0.12711,0.0020655,0,0.21459
36.023,1,105.91,8.1607,1.716,0.45458,2.5162,0.12707,0.0020765,0,0.21469
36.029,1,105.65,8.1482,1.7069,0.45263,2.5146,0.12701,0.0020895,0,0.21565
36.035,1,105.73,8.1349,1.7097,0.44917,2.5058,0.12703,0.0021043,0,0.21644
36.041,1,105.74,8.1275,1.7223,0.44883,2.4989,0.12704,0.0021205,0,0.21553
36.047,1,105.64,8.1232,1.7259,0.44838,2.4769,0.12703,0.0021382,0,0.21423
36.053,1,105.73,8.1175,1.7295,0.44721,2.4388,0.12708,0.0021569,0,0.2135
36.058,1,105.84,8.1128,1.736,0.44408,2.4067,0.12713,0.0021769,0,0.21281
36.065,1,105.97,8.1114,1.7493,0.44381,2.4058,0.12717,0.0021972,0,0.21336
36.071,1,106.09,8.1116,1.7571,0.44408,2.4395,0.12715,0.0022174,0,0.21384
36.077,1,106.02,8.113,1.7633,0.445,2.4284,0.12714,0.0022368,0,0.21427
36.083,1,106.02,8.1146,1.7653,0.4464,2.4211,0.12717,0.0022543,0,0.21457
36.089,1,106.09,8.1161,1.766,0.44825,2.4059,0.1272,0.0022693,0,0.21486
36.095,1,106.17,8.1178,1.7712,0.45036,2.3668,0.12725,0.0022817,0,0.21519
36.101,1,106.24,8.1194,1.7743,0.45277,2.3546,0.1273,0.0022907,0,0.21545
36.107,1,106.31,8.1211,1.7777,0.45174,2.3443,0.12734,0.0022963,0,0.2157
36.112,1,106.43,8.1242,1.7841,0.45083,2.3392,0.12737,0.002298,0,0.21586
36.118,1,106.52,8.1282,1.7901,0.45217,2.3435,0.12739,0.002295,0,0.21767
36.124,1,106.48,8.1325,1.7937,0.45602,2.3397,0.12744,0.0022866,0,0.2196
36.131,1,106.36,8.1369,1.7964,0.4601,2.3324,0.12745,0.0022714,0,0.22167
36.137,1,106.31,8.1411,1.798,0.46428,2.3277,0.12736,0.0022512,0,0.22182
36.143,1,106.17,8.1451,1.7995,0.46497,2.3225,0.12726,0.0022268,0,0.22095
36.149,1,106.17,8.149,1.8012,0.46409,2.3147,0.12719,0.0021985,0,0.22016
36.154,1,106.19,8.1532,1.8038,0.46299,2.3038,0.12719,0.0021672,0,0.2201
36.161,1,106.25,8.1569,1.8044,0.46308,2.3075,0.12722,0.00214,0,0.22016
36.166,1,106.32,8.1604,1.8055,0.46709,2.3077,0.12725,0.0021187,0,0.21986
36.172,1,106.39,8.1639,1.8074,0.4713,2.3122,0.12729,0.0020995,0,0.21997
36.178,1,106.47,8.1673,1.8092,0.47521,2.3153,0.12732,0.0020787,0,0.22016
36.184,1,106.54,8.1708,1.8107,0.47741,2.3047,0.12736,0.0020627,0,0.22033
36.19,1,106.55,8.1739,1.8113,0.47647,2.3039,0.12739,0.0020519,0,0.22044
36.196,1,106.38,8.1768,1.8115,0.47483,2.3054,0.12732,0.0020447,0,0.22046
36.203,1,106.39,8.1792,1.8112,0.47262,2.326,0.12726,0.0020408,0,0.2204
36.208,1,106.45,8.1816,1.8116,0.47326,2.3596,0.12729,0.0020385,0,0.22018
36.215,1,106.5,8.1836,1.811,0.47476,2.3819,0.12731,0.0020385,0,0.2197
36.221,1,106.39,8.185,1.8052,0.47466,2.4256,0.12731,0.0020411,0,0.21905
36.226,1,106.28,8.1863,1.7999,0.47409,2.4121,0.12724,0.0020454,0,0.21823
36.232,1,106.25,8.187,1.7961,0.469,2.3998,0.12722,0.0020524,0,0.21737
36.238,1,105.99,8.1863,1.7891,0.4628,2.384,0.12722,0.0020611,0,0.2163
36.244,1,105.88,8.1828,1.7749,0.45997,2.4431,0.12719,0.002072,0,0.21527
36.25,1,105.98,8.1762,1.7567,0.45673,2.4776,0.12715,0.0020849,0,0.21426
36.256,1,105.99,8.1665,1.7364,0.45158,2.5157,0.12713,0.0020996,0,0.21415
36.262,1,105.88,8.1549,1.7164,0.45323,2.5212,0.12706,0.0021158,0,0.21421
36.267,1,105.73,8.142,1.7164,0.45378,2.4915,0.12703,0.0021334,0,0.21562
36.273,1,105.83,8.1293,1.7108,0.45381,2.467,0.12708,0.0021524,0,0.21467
36.279,1,105.84,8.1223,1.7219,0.45392,2.4392,0.12709,0.0021717,0,0.21394
36.285,1,105.83,8.118,1.7351,0.45021,2.4144,0.12711,0.0021918,0,0.21336
36.291,1,105.93,8.1126,1.7382,0.4467,2.3976,0.12715,0.0022123,0,0.21269
36.297,1,106.01,8.1089,1.746,0.44607,2.3876,0.12718,0.0022325,0,0.21184
36.303,1,106.12,8.1085,1.7563,0.44635,2.4197,0.1272,0.0022517,0,0.21224
36.309,1,106.11,8.1091,1.7613,0.44722,2.4296,0.12715,0.0022689,0,0.21301
36.315,1,106.06,8.1112,1.7663,0.44851,2.4,0.12718,0.002284,0,0.21373
36.321,1,106.13,8.1131,1.7687,0.45026,2.3982,0.12722,0.0022959,0,0.21443
36.327,1,106.21,8.1152,1.7737,0.45231,2.3694,0.12726,0.0023043,0,0.21518
36.333,1,106.29,8.1175,1.7781,0.45576,2.3438,0.12731,0.0023085,0,0.2158
36.339,1,106.35,8.1194,1.7799,0.45504,2.3421,0.12735,0.0023095,0,0.21635
36.345,1,106.43,8.1217,1.7832,0.45467,2.3284,0.12738,0.002307,0,0.21686
36.351,1,106.53,8.125,1.7885,0.45435,2.3288,0.1274,0.0023004,0,0.21728
36.356,1,106.61,8.1295,1.7936,0.45761,2.3507,0.12742,0.0022863,0,0.21923
36.363,1,106.48,8.134,1.7967,0.46177,2.3412,0.12747,0.0022672,0,0.22132
36.369,1,106.3,8.1387,1.7989,0.46604,2.3319,0.12741,0.0022424,0,0.22241
36.375,1,106.16,8.1431,1.8003,0.46508,2.3269,0.12725,0.0022147,0,0.2216
36.381,1,106.18,8.1473,1.8013,0.46377,2.3224,0.12722,0.0021852,0,0.22077
36.387,1,106.12,8.1513,1.8028,0.4649,2.314,0.12717,0.0021544,0,0.2201
36.393,1,106.18,8.1557,1.8051,0.46581,2.3098,0.12719,0.0021289,0,0.22012
36.399,1,106.25,8.1593,1.8054,0.46571,2.3376,0.12722,0.0021097,0,0.22013
36.405,1,106.31,8.1628,1.8063,0.46655,2.3507,0.12725,0.0020918,0,0.21972
36.411,1,106.4,8.1666,1.8087,0.47072,2.3238,0.12729,0.0020706,0,0.21994
36.417,1,106.41,8.17,1.8094,0.47038,2.3159,0.12733,0.002059,0,0.22005
36.423,1,106.23,8.1731,1.8094,0.46927,2.314,0.12725,0.0020496,0,0.22022
36.429,1,106.24,8.1761,1.8099,0.46774,2.317,0.12718,0.0020436,0,0.22027
36.435,1,106.32,8.1791,1.8103,0.46692,2.3567,0.12723,0.0020394,0,0.22021
36.441,1,106.4,8.1815,1.8099,0.47012,2.3621,0.12726,0.0020379,0,0.22003
36.447,1,106.39,8.1835,1.8068,0.47105,2.3872,0.12728,0.0020387,0,0.21976
36.453,1,106.22,8.1853,1.8001,0.47038,2.417,0.12725,0.0020417,0,0.21915
36.459,1,106.22,8.1865,1.7997,0.46973,2.4247,0.12716,0.0020481,0,0.2184
36.465,1,106.09,8.187,1.7973,0.4654,2.4038,0.12713,0.002056,0,0.21755
36.47,1,106.09,8.1867,1.7918,0.46038,2.3947,0.12717,0.002066,0,0.21667
36.476,1,105.97,8.1846,1.7825,0.45632,2.3761,0.12721,0.0020777,0,0.21557
36.482,1,106,8.1794,1.7661,0.45454,2.4199,0.12725,0.0020913,0,0.21455
36.488,1,106.06,8.1713,1.7472,0.45136,2.4564,0.1272,0.0021067,0,0.21389
36.494,1,105.94,8.1612,1.7287,0.45176,2.4944,0.12712,0.0021235,0,0.214
36.5,1,105.81,8.1502,1.725,0.45489,2.4787,0.12703,0.0021414,0,0.21437
36.505,1,105.79,8.1379,1.7142,0.45538,2.4388,0.12703,0.0021605,0,0.21396
36.511,1,105.87,8.1253,1.7156,0.45541,2.4178,0.12706,0.0021802,0,0.21376
36.517,1,105.92,8.118,1.7313,0.45291,2.3976,0.1271,0.0022005,0,0.21336
36.523,1,105.99,8.1142,1.7449,0.45086,2.398,0.12713,0.0022202,0,0.21303
36.529,1,106.06,8.1096,1.7469,0.45007,2.3885,0.12715,0.0022391,0,0.21258
36.535,1,106.13,8.1062,1.7506,0.45001,2.3708,0.12719,0.0022562,0,0.21202
36.541,1,106.23,8.1063,1.7603,0.45057,2.3806,0.12724,0.0022711,0,0.21165
36.547,1,106.21,8.1075,1.7649,0.45161,2.3941,0.12722,0.0022828,0,0.21265
36.553,1,106.16,8.1097,1.7713,0.45315,2.3827,0.12723,0.0022908,0,0.21377
36.559,1,106.23,8.1119,1.7751,0.45554,2.3689,0.12726,0.0022955,0,0.21487
36.565,1,106.31,8.1147,1.7808,0.45935,2.3418,0.12729,0.0022958,0,0.21597
36.571,1,106.37,8.1172,1.7831,0.45958,2.3352,0.12733,0.0022929,0,0.21697
36.577,1,106.43,8.1195,1.7843,0.45887,2.3507,0.12735,0.0022853,0,0.21786
36.582,1,106.54,8.1223,1.7877,0.45859,2.3306,0.12739,0.0022712,0,0.2187
36.588,1,106.51,8.1256,1.7908,0.45853,2.3262,0.12741,0.0022526,0,0.21945
36.594,1,106.53,8.1301,1.7957,0.4618,2.3329,0.12742,0.002227,0,0.22118
36.6,1,106.55,8.1345,1.7977,0.46309,2.3505,0.12741,0.0021988,0,0.22329
36.606,1,106.38,8.1395,1.8008,0.46166,2.3308,0.12739,0.0021666,0,0.22392
36.612,1,106.23,8.1443,1.8023,0.46577,2.3242,0.12731,0.0021387,0,0.22321
36.618,1,106.22,8.1487,1.8029,0.46542,2.3213,0.12724,0.0021169,0,0.22232
36.624,1,106.18,8.1528,1.8038,0.46566,2.3229,0.1272,0.0020983,0,0.22149
36.63,1,106.16,8.1572,1.8056,0.46983,2.3489,0.12718,0.0020762,0,0.221
36.636,1,106.24,8.1612,1.8067,0.46918,2.3723,0.12721,0.0020632,0,0.22103
36.642,1,106.3,8.1647,1.8068,0.46916,2.3534,0.12724,0.0020537,0,0.22081
36.648,1,106.31,8.1681,1.8074,0.46678,2.3365,0.12728,0.0020477,0,0.22043
36.654,1,106.14,8.1714,1.8082,0.46587,2.3291,0.12721,0.0020437,0,0.22056
36.66,1,106.1,8.1747,1.8091,0.4646,2.3524,0.12712,0.0020413,0,0.2205
36.666,1,106.22,8.1778,1.8092,0.46377,2.3749,0.12717,0.0020409,0,0.22046
36.672,1,106.3,8.1804,1.8087,0.46598,2.3792,0.12721,0.0020426,0,0.22031
36.678,1,106.21,8.1826,1.807,0.46607,2.385,0.12724,0.0020471,0,0.22016
36.684,1,106.1,8.1847,1.8017,0.46509,2.3983,0.12716,0.0020542,0,0.21982
36.69,1,106.18,8.1865,1.7994,0.46405,2.4084,0.12718,0.002063,0,0.21908
36.696,1,106.12,8.1875,1.8007,0.46345,2.4167,0.12718,0.0020742,0,0.21803
36.702,1,106.12,8.1874,1.7969,0.45857,2.4272,0.12718,0.0020872,0,0.21691
36.707,1,106.15,8.1863,1.7909,0.45423,2.412,0.12721,0.002102,0,0.21582
36.713,1,105.99,8.1837,1.7816,0.45198,2.3732,0.1272,0.0021184,0,0.21459
36.719,1,106.07,8.1779,1.7655,0.45234,2.3929,0.12725,0.0021365,0,0.21344
36.725,1,106.13,8.1701,1.7457,0.45352,2.4463,0.12725,0.0021556,0,0.21305
36.731,1,105.98,8.1608,1.7346,0.45461,2.4327,0.12714,0.0021753,0,0.21303
36.737,1,105.89,8.15,1.7236,0.45495,2.4144,0.12708,0.0021957,0,0.21336
36.743,1,105.84,8.1378,1.723,0.45392,2.4015,0.12705,0.0022159,0,0.2134
36.749,1,105.89,8.1256,1.7223,0.45384,2.4006,0.12707,0.0022354,0,0.21329
36.755,1,105.97,8.117,1.7349,0.45438,2.3796,0.12711,0.0022541,0,0.21318
36.761,1,106.06,8.1136,1.7497,0.45383,2.3617,0.12715,0.0022708,0,0.21293
36.767,1,106.14,8.1103,1.7529,0.45351,2.348,0.12719,0.0022846,0,0.21264
36.773,1,106.24,8.1059,1.7515,0.45326,2.3318,0.12724,0.002295,0,0.21207
36.779,1,106.33,8.106,1.7614,0.4541,2.3699,0.12726,0.0023016,0,0.21119
36.785,1,106.32,8.107,1.7684,0.45521,2.3721,0.12721,0.0023041,0,0.21228
36.791,1,106.28,8.1094,1.7758,0.45893,2.3576,0.12722,0.0023031,0,0.21363
36.797,1,106.34,8.1118,1.7794,0.4627,2.3482,0.12725,0.0022993,0,0.21497
36.802,1,106.41,8.1152,1.7853,0.46512,2.3565,0.1273,0.0022881,0,0.21634
36.809,1,106.45,8.1181,1.7868,0.46378,2.3498,0.12733,0.002273,0,0.21759
36.814,1,106.41,8.1208,1.7882,0.4632,2.3383,0.12736,0.0022527,0,0.21873
36.82,1,106.37,8.1239,1.7906,0.46301,2.3231,0.12735,0.0022271,0,0.21979
36.826,1,106.45,8.1268,1.7916,0.46067,2.324,0.12738,0.0021997,0,0.22076
36.832,1,106.55,8.1312,1.7965,0.45921,2.33,0.12741,0.0021682,0,0.2229
36.838,1,106.64,8.136,1.7996,0.46056,2.3321,0.12744,0.0021404,0,0.22514
36.844,1,106.5,8.1408,1.8014,0.46488,2.3451,0.12742,0.0021175,0,0.22515
36.85,1,106.37,8.1453,1.8022,0.46915,2.3862,0.12736,0.0020989,0,0.22455
36.856,1,106.25,8.1499,1.8039,0.46719,2.3823,0.12728,0.0020765,0,0.22375
36.862,1,106.18,8.1542,1.8047,0.46567,2.3778,0.1272,0.0020647,0,0.2229
36.868,1,106.05,8.1582,1.8055,0.4687,2.3779,0.12716,0.0020545,0,0.22203
36.874,1,105.98,8.1623,1.8069,0.46595,2.3714,0.12708,0.0020476,0,0.22188
36.88,1,106.02,8.1659,1.8067,0.4604,2.3782,0.12708,0.0020436,0,0.22173
36.885,1,105.93,8.1696,1.8075,0.45882,2.3966,0.12708,0.0020414,0,0.22109
36.891,1,106.01,8.1729,1.8074,0.45875,2.3951,0.12711,0.0020411,0,0.22089
36.897,1,106.1,8.176,1.8074,0.45881,2.3851,0.12713,0.0020425,0,0.22069
36.903,1,105.97,8.1787,1.8072,0.46071,2.3667,0.12713,0.0020466,0,0.2205
36.909,1,105.93,8.1814,1.8055,0.45917,2.3613,0.1271,0.0020532,0,0.2202
36.915,1,106.04,8.1841,1.7993,0.45803,2.3942,0.12716,0.0020617,0,0.2198
36.922,1,106.13,8.186,1.7973,0.45778,2.401,0.1272,0.0020727,0,0.21907
36.928,1,106.08,8.187,1.7985,0.45803,2.421,0.12717,0.0020856,0,0.21813
36.934,1,106.17,8.187,1.7994,0.45532,2.4205,0.12717,0.0021005,0,0.21694
36.94,1,106.24,8.1856,1.7954,0.45384,2.424,0.12719,0.0021167,0,0.21565
36.945,1,106.09,8.1831,1.789,0.4527,2.4177,0.12718,0.0021342,0,0.21438
36.951,1,106.09,8.1797,1.7796,0.45257,2.3909,0.12718,0.0021525,0,0.21326
36.957,1,106.19,8.1747,1.7661,0.45252,2.3637,0.12723,0.0021721,0,0.21235
36.963,1,106.23,8.1681,1.7474,0.45161,2.3835,0.12726,0.002192,0,0.2122
36.968,1,106.01,8.1599,1.734,0.45319,2.3949,0.12719,0.0022116,0,0.2121
36.974,1,105.92,8.1496,1.7348,0.45435,2.3842,0.12715,0.0022309,0,0.21261
36.98,1,105.85,8.1386,1.7338,0.45325,2.3817,0.12707,0.0022487,0,0.21274
36.986,1,105.92,8.1272,1.7338,0.45586,2.3659,0.12709,0.0022642,0,0.2129
36.992,1,106.04,8.1159,1.7353,0.45999,2.335,0.12714,0.0022772,0,0.21288
36.998,1,106.13,8.111,1.7499,0.46099,2.3297,0.12719,0.0022865,0,0.21277
37.004,1,106.21,8.1088,1.7574,0.46107,2.3217,0.12723,0.0022923,0,0.21256
37.01,1,106.3,8.1049,1.7548,0.46096,2.3192,0.12727,0.0022939,0,0.21219
37.016,1,106.38,8.1036,1.7625,0.46211,2.3573,0.12725,0.0022922,0,0.21164
37.022,1,106.36,8.1048,1.7725,0.46609,2.3635,0.12721,0.0022843,0,0.2121
37.028,1,106.29,8.1069,1.7785,0.46994,2.401,0.12722,0.0022716,0,0.21365
37.034,1,106.35,8.11,1.7844,0.47054,2.3724,0.12725,0.0022526,0,0.21525
37.04,1,106.22,8.1137,1.7886,0.47007,2.3503,0.12729,0.002228,0,0.21687
37.046,1,106.19,8.1169,1.7896,0.46786,2.3456,0.12727,0.0022012,0,0.21834
37.052,1,106.29,8.1201,1.7913,0.46194,2.3293,0.12731,0.0021719,0,0.21977
37.058,1,106.38,8.1233,1.7922,0.45674,2.3231,0.12736,0.0021441,0,0.22106
37.063,1,106.48,8.1266,1.7935,0.45535,2.3154,0.12739,0.0021221,0,0.22236
37.069,1,106.57,8.1305,1.7964,0.45945,2.3271,0.12742,0.0021032,0,0.22451
37.075,1,106.66,8.1352,1.7997,0.46372,2.3566,0.12744,0.0020829,0,0.22633
37.081,1,106.61,8.1404,1.8025,0.46811,2.3391,0.12746,0.0020647,0,0.22612
37.087,1,106.51,8.1455,1.8038,0.47207,2.3679,0.12741,0.0020533,0,0.22556
37.093,1,106.26,8.1502,1.8044,0.46906,2.3872,0.1273,0.002045,0,0.22481
37.099,1,106.03,8.1546,1.8049,0.46503,2.3813,0.12715,0.0020406,0,0.22385
37.105,1,106.01,8.159,1.8059,0.46259,2.3761,0.12708,0.0020379,0,0.22289
37.111,1,105.96,8.163,1.806,0.46218,2.4148,0.12705,0.0020378,0,0.22249
37.117,1,106.03,8.1667,1.806,0.46052,2.419,0.12708,0.0020392,0,0.22228
37.123,1,105.99,8.1703,1.8061,0.4602,2.4006,0.12709,0.0020426,0,0.22166
37.129,1,105.97,8.1736,1.8058,0.46016,2.3728,0.12713,0.0020487,0,0.22114
37.135,1,105.82,8.1766,1.8056,0.45993,2.3511,0.12712,0.0020571,0,0.2209
37.141,1,105.88,8.1796,1.8047,0.45601,2.344,0.12709,0.0020675,0,0.2205
37.147,1,106.01,8.1824,1.7984,0.45516,2.3795,0.12715,0.0020802,0,0.22009
37.153,1,106.1,8.1845,1.7951,0.45505,2.3894,0.12719,0.0020948,0,0.21961
37.159,1,106.1,8.1859,1.7971,0.4564,2.4176,0.12715,0.0021111,0,0.21882
37.165,1,106.17,8.1864,1.7991,0.45895,2.421,0.12715,0.0021289,0,0.21776
37.171,1,106.24,8.1855,1.7996,0.45762,2.4178,0.12718,0.002148,0,0.21645
37.177,1,106.21,8.1832,1.7948,0.45645,2.4142,0.12721,0.0021679,0,0.21498
37.183,1,106.14,8.18,1.7866,0.45598,2.4264,0.12718,0.0021876,0,0.21361
37.189,1,106.22,8.1763,1.7768,0.45249,2.3896,0.12723,0.0022076,0,0.21245
37.194,1,106.32,8.1725,1.7644,0.45093,2.3673,0.12727,0.0022276,0,0.21191
37.2,1,106.29,8.167,1.7456,0.44995,2.3614,0.12726,0.0022468,0,0.21178
37.206,1,106.05,8.1598,1.7449,0.45172,2.3859,0.12721,0.0022645,0,0.21151
37.212,1,106,8.1509,1.7447,0.45335,2.3578,0.12723,0.0022799,0,0.21224
37.218,1,106.01,8.141,1.7444,0.45539,2.349,0.12717,0.0022923,0,0.21254
37.224,1,106.04,8.13,1.7413,0.45937,2.3341,0.12714,0.0023011,0,0.21272
37.23,1,106.13,8.1189,1.7409,0.46358,2.3185,0.12719,0.0023057,0,0.21279
37.236,1,106.21,8.1119,1.7475,0.46425,2.3132,0.12723,0.0023061,0,0.21269
37.242,1,106.28,8.1096,1.7589,0.46422,2.3143,0.12725,0.0023034,0,0.21256
37.248,1,106.35,8.107,1.7625,0.46406,2.3233,0.12725,0.0022969,0,0.21237
37.254,1,106.4,8.1039,1.764,0.46731,2.3805,0.12723,0.0022831,0,0.21186
37.26,1,106.3,8.1049,1.7759,0.47112,2.3965,0.12719,0.0022649,0,0.21208
37.266,1,106.26,8.1065,1.7802,0.47171,2.3905,0.12721,0.0022442,0,0.21372
37.272,1,106.16,8.11,1.7878,0.47101,2.3534,0.12725,0.0022175,0,0.21552
37.278,1,106.15,8.1136,1.7909,0.46994,2.3447,0.12725,0.0021887,0,0.21727
37.283,1,106.22,8.1173,1.7929,0.46342,2.3348,0.12728,0.0021587,0,0.21894
37.289,1,106.3,8.1208,1.7937,0.45828,2.326,0.12731,0.0021353,0,0.22053
37.295,1,106.41,8.1245,1.7955,0.45631,2.3323,0.12735,0.0021136,0,0.22204
37.301,1,106.5,8.1279,1.7958,0.45825,2.3319,0.12738,0.0020952,0,0.22393
37.307,1,106.58,8.1311,1.7961,0.46234,2.3295,0.12741,0.0020753,0,0.22606
37.312,1,106.55,8.1355,1.7998,0.46658,2.3672,0.12743,0.0020631,0,0.22709
37.318,1,106.54,8.1402,1.8021,0.469,2.352,0.12738,0.0020524,0,0.22705
37.324,1,106.44,8.1451,1.8038,0.46779,2.3449,0.12738,0.0020455,0,0.22664
37.33,1,106.26,8.1501,1.8054,0.46714,2.3947,0.12733,0.0020405,0,0.22593
37.336,1,106.12,8.1546,1.8056,0.46522,2.4388,0.12716,0.0020385,0,0.22499
37.342,1,106.04,8.1589,1.8056,0.46213,2.443,0.12709,0.0020384,0,0.22397
37.348,1,105.93,8.1631,1.8058,0.46113,2.4396,0.12706,0.0020401,0,0.22316
37.354,1,105.93,8.1667,1.8048,0.45941,2.4093,0.12709,0.0020448,0,0.22293
37.36,1,105.82,8.1701,1.8046,0.45846,2.3745,0.12705,0.0020517,0,0.22245
37.366,1,105.76,8.1738,1.8055,0.45774,2.3437,0.12706,0.0020601,0,0.22139
37.372,1,105.87,8.1768,1.8028,0.45399,2.3456,0.12711,0.002071,0,0.22102
37.378,1,105.96,8.1796,1.7963,0.45232,2.3793,0.12715,0.0020836,0,0.22053
37.383,1,106.1,8.1822,1.7923,0.45247,2.3796,0.12719,0.0020983,0,0.22001
37.39,1,106.06,8.184,1.7949,0.45468,2.404,0.12713,0.0021147,0,0.21919
37.396,1,106.07,8.1848,1.7969,0.45872,2.4354,0.12714,0.0021325,0,0.21815
37.402,1,106.14,8.1843,1.799,0.45801,2.4177,0.12718,0.0021515,0,0.21683
37.408,1,106.22,8.1824,1.8007,0.45672,2.3935,0.12722,0.0021715,0,0.21527
37.414,1,106.16,8.1793,1.797,0.45628,2.4008,0.12723,0.0021917,0,0.21364
37.42,1,106.23,8.1758,1.7901,0.45236,2.4301,0.1272,0.0022111,0,0.2122
37.426,1,106.31,8.1726,1.781,0.45051,2.3937,0.12723,0.00223,0,0.21116
37.431,1,106.39,8.1694,1.7697,0.45016,2.3675,0.12728,0.0022477,0,0.21089
37.437,1,106.4,8.1656,1.7538,0.45093,2.3712,0.12727,0.0022631,0,0.21071
37.443,1,106.19,8.1602,1.7559,0.45409,2.3529,0.12726,0.002276,0,0.21088
37.449,1,106.1,8.1532,1.7576,0.45415,2.3363,0.1273,0.0022854,0,0.21204
37.455,1,106.17,8.1448,1.7553,0.45609,2.3291,0.12729,0.002291,0,0.21246
37.461,1,106.02,8.1358,1.752,0.45771,2.3249,0.12721,0.0022932,0,0.21282
37.466,1,106.06,8.1253,1.7463,0.46167,2.3143,0.12718,0.0022916,0,0.21306
37.472,1,106.15,8.115,1.7439,0.46549,2.3286,0.12721,0.0022842,0,0.21317
37.478,1,106.22,8.1102,1.7576,0.46507,2.3592,0.12723,0.0022708,0,0.21332
37.484,1,106.29,8.1086,1.7689,0.46737,2.3451,0.12724,0.002252,0,0.21338
37.49,1,106.2,8.106,1.7702,0.47045,2.3648,0.12723,0.0022276,0,0.21317
37.496,1,106.16,8.1046,1.7739,0.46959,2.3929,0.12716,0.0021997,0,0.2128
37.502,1,106.1,8.1059,1.7817,0.46863,2.379,0.12716,0.0021721,0,0.21398
37.508,1,106.08,8.1089,1.7888,0.46748,2.3452,0.12721,0.0021431,0,0.21562
37.514,1,106.15,8.1127,1.7931,0.46431,2.3389,0.12724,0.002121,0,0.21755
37.52,1,106.22,8.1165,1.7947,0.46124,2.3319,0.12726,0.0021026,0,0.21941
37.525,1,106.32,8.1208,1.7973,0.46034,2.3533,0.1273,0.0020818,0,0.22131
37.531,1,106.43,8.1248,1.7978,0.45994,2.3386,0.12734,0.0020655,0,0.22336
37.538,1,106.51,8.128,1.7967,0.46125,2.3354,0.12737,0.0020561,0,0.22548
37.543,1,106.45,8.1316,1.7979,0.46549,2.3285,0.12738,0.0020484,0,0.22704
37.549,1,106.52,8.1355,1.7994,0.46661,2.3807,0.12737,0.0020443,0,0.22732
37.555,1,106.55,8.1407,1.8035,0.46522,2.3605,0.1274,0.0020409,0,0.22723
37.561,1,106.44,8.1458,1.805,0.46666,2.3943,0.12742,0.00204,0,0.22677
37.567,1,106.29,8.1506,1.8052,0.4661,2.3923,0.12737,0.0020413,0,0.22606
37.573,1,106.18,8.1551,1.8051,0.46469,2.4103,0.12722,0.0020448,0,0.22514
37.579,1,106,8.1595,1.8053,0.4609,2.4211,0.12714,0.0020507,0,0.22417
37.585,1,105.91,8.164,1.8057,0.45763,2.4004,0.12708,0.002059,0,0.22342
37.591,1,105.87,8.1677,1.8043,0.45302,2.3855,0.12707,0.0020695,0,0.22317
37.597,1,105.89,8.1712,1.8036,0.45284,2.3532,0.12708,0.002082,0,0.22257
37.603,1,105.87,8.1744,1.8023,0.45303,2.3408,0.12711,0.0020962,0,0.22171
37.608,1,105.96,8.1778,1.7973,0.45597,2.3616,0.12715,0.0021123,0,0.22127
37.615,1,106.04,8.1806,1.7899,0.45558,2.3833,0.12717,0.0021298,0,0.22073
37.621,1,106.02,8.1826,1.792,0.45546,2.3772,0.12715,0.0021484,0,0.22027
37.627,1,105.99,8.1838,1.7946,0.45947,2.3802,0.12714,0.0021682,0,0.2195
37.633,1,106.1,8.1838,1.7967,0.46163,2.4049,0.12719,0.0021884,0,0.21788
37.639,1,106.2,8.1825,1.7988,0.46028,2.3875,0.12724,0.0022092,0,0.21581
37.645,1,106.28,8.1797,1.7963,0.45986,2.3958,0.12728,0.0022296,0,0.2146
37.651,1,106.27,8.1765,1.7892,0.45627,2.4303,0.12722,0.0022487,0,0.21389
37.657,1,106.31,8.1734,1.7789,0.45486,2.4264,0.1272,0.002266,0,0.21247
37.662,1,106.38,8.1705,1.767,0.45382,2.3956,0.12724,0.0022813,0,0.2114
37.668,1,106.38,8.1674,1.7553,0.45353,2.3624,0.12726,0.0022939,0,0.2111
37.674,1,106.34,8.1642,1.7604,0.45354,2.3528,0.12728,0.0023031,0,0.21088
37.68,1,106.35,8.1597,1.7621,0.45229,2.3617,0.12729,0.0023089,0,0.21058
37.685,1,106.28,8.1539,1.7635,0.45173,2.3315,0.12734,0.0023101,0,0.21164
37.692,1,106.2,8.1467,1.7605,0.45449,2.3306,0.12732,0.0023084,0,0.21216
37.697,1,106.07,8.1383,1.7563,0.45619,2.3159,0.12724,0.0023025,0,0.21254
37.703,1,106.01,8.1287,1.7513,0.45982,2.3398,0.12718,0.0022908,0,0.21284
37.709,1,106.1,8.1185,1.7509,0.46373,2.3512,0.12722,0.0022724,0,0.21315
37.715,1,106.19,8.1115,1.7583,0.46698,2.3403,0.12724,0.0022483,0,0.21334
37.722,1,106.08,8.1101,1.7731,0.47117,2.3547,0.12719,0.0022215,0,0.21335
37.727,1,106.05,8.1089,1.7769,0.47118,2.3873,0.12711,0.0021919,0,0.21313
37.733,1,106.12,8.1058,1.7734,0.46978,2.3846,0.12714,0.002161,0,0.21353
37.739,1,106,8.1068,1.7833,0.46887,2.3733,0.12716,0.0021368,0,0.21489
37.745,1,106.07,8.1093,1.7892,0.46547,2.3632,0.1272,0.0021149,0,0.21653
37.751,1,106.14,8.1131,1.7944,0.46236,2.3925,0.12722,0.0020959,0,0.21828
37.756,1,106.2,8.1166,1.7955,0.46127,2.3807,0.12724,0.0020769,0,0.22011
37.762,1,106.33,8.1214,1.7996,0.46053,2.3427,0.12729,0.0020633,0,0.22219
37.768,1,106.35,8.1255,1.7996,0.46044,2.3372,0.12731,0.0020528,0,0.2243
37.774,1,106.42,8.1292,1.7992,0.45996,2.3268,0.12734,0.002046,0,0.22644
37.78,1,106.5,8.133,1.7998,0.45891,2.3526,0.12737,0.0020413,0,0.2273
37.786,1,106.56,8.1363,1.7992,0.45973,2.3862,0.12738,0.0020399,0,0.22772
37.791,1,106.64,8.1407,1.8022,0.46366,2.4007,0.12741,0.0020398,0,0.22777
37.797,1,106.43,8.1455,1.8044,0.46772,2.3996,0.12741,0.002041,0,0.22747
37.803,1,106.05,8.1501,1.8047,0.46685,2.3923,0.12731,0.0020446,0,0.22687
37.809,1,105.88,8.155,1.8054,0.46361,2.3648,0.12718,0.0020507,0,0.22601
37.815,1,105.97,8.1593,1.8046,0.45962,2.3863,0.12713,0.002059,0,0.22498
37.821,1,105.97,8.1637,1.8045,0.45428,2.3905,0.12712,0.0020694,0,0.22384
37.827,1,106.01,8.1673,1.803,0.4502,2.3705,0.12707,0.0020817,0,0.22343
37.833,1,105.98,8.1709,1.8008,0.44896,2.3552,0.1271,0.0020957,0,0.22297
37.839,1,105.98,8.1743,1.795,0.45195,2.3783,0.12713,0.0021114,0,0.22206
37.845,1,106.05,8.1775,1.786,0.456,2.3754,0.12716,0.0021286,0,0.2213
37.851,1,105.97,8.1798,1.7887,0.45973,2.3571,0.12715,0.0021471,0,0.22071
37.857,1,105.97,8.1811,1.7909,0.45954,2.3422,0.12713,0.0021664,0,0.21956
37.863,1,106.08,8.1811,1.7933,0.45962,2.3531,0.12718,0.0021862,0,0.21735
37.869,1,106.2,8.1798,1.7959,0.45828,2.3822,0.12724,0.0022065,0,0.2152
37.875,1,106.28,8.1774,1.798,0.45816,2.3788,0.12727,0.0022262,0,0.21389
37.881,1,106.33,8.1745,1.7971,0.46158,2.3743,0.12729,0.0022445,0,0.21305
37.887,1,106.25,8.1717,1.7921,0.46037,2.4021,0.12723,0.002261,0,0.21211
37.893,1,106.29,8.169,1.7836,0.4593,2.3956,0.12726,0.0022748,0,0.21144
37.899,1,106.35,8.1661,1.772,0.45855,2.3804,0.12729,0.0022857,0,0.21103
37.904,1,106.45,8.1634,1.7617,0.45844,2.3441,0.12735,0.0022929,0,0.21064
37.91,1,106.46,8.1611,1.7687,0.45563,2.3558,0.12731,0.0022966,0,0.21042
37.916,1,106.52,8.1586,1.7723,0.45426,2.3409,0.1273,0.0022967,0,0.2106
37.922,1,106.43,8.1547,1.7712,0.45394,2.3591,0.12732,0.0022937,0,0.21199
37.928,1,106.3,8.1493,1.7687,0.45703,2.3544,0.12735,0.0022846,0,0.21264
37.933,1,106.2,8.1423,1.7646,0.45769,2.3812,0.1273,0.0022695,0,0.21317
37.939,1,106.06,8.1341,1.7625,0.46059,2.364,0.12723,0.0022486,0,0.21371
37.945,1,105.99,8.1246,1.7588,0.46466,2.349,0.12717,0.0022237,0,0.21417
37.951,1,105.83,8.115,1.7575,0.46702,2.3323,0.12709,0.0021945,0,0.21457
37.957,1,105.94,8.1104,1.7689,0.46515,2.3247,0.12708,0.002164,0,0.21486
37.963,1,106.02,8.1097,1.7803,0.4652,2.3553,0.12712,0.0021366,0,0.21486
37.969,1,106.09,8.1084,1.7812,0.46527,2.3843,0.12714,0.0021148,0,0.21466
37.975,1,106.1,8.107,1.7802,0.46578,2.413,0.12715,0.0020974,0,0.21596
37.981,1,106.12,8.1092,1.7897,0.46706,2.3926,0.12719,0.002076,0,0.21769
37.987,1,106.17,8.1122,1.7936,0.46669,2.3933,0.12721,0.0020621,0,0.21953
37.993,1,106.19,8.116,1.7967,0.46571,2.3815,0.12723,0.0020532,0,0.22142
37.998,1,106.29,8.1205,1.7999,0.46496,2.3697,0.12727,0.0020457,0,0.22351
38.004,1,106.38,8.1252,1.8015,0.45923,2.3862,0.12731,0.0020407,0,0.22567
38.01,1,106.45,8.1291,1.8006,0.45628,2.3845,0.12734,0.0020386,0,0.2267
38.016,1,106.45,8.1328,1.7999,0.45592,2.38,0.12736,0.0020388,0,0.22744
38.022,1,106.28,8.1363,1.8001,0.45928,2.3712,0.12729,0.0020403,0,0.22798
38.028,1,106.08,8.1397,1.8001,0.45966,2.408,0.12719,0.0020441,0,0.22819
38.033,1,106.1,8.1445,1.8033,0.45889,2.3843,0.12722,0.0020497,0,0.22805
38.039,1,106.02,8.1494,1.8046,0.45855,2.3603,0.12726,0.0020576,0,0.22754
38.045,1,105.89,8.154,1.8041,0.46148,2.3536,0.12723,0.0020677,0,0.22679
38.051,1,105.97,8.1586,1.8038,0.45983,2.3385,0.12716,0.0020798,0,0.22575
38.057,1,106,8.1631,1.8038,0.4567,2.3578,0.12712,0.0020938,0,0.22461
38.063,1,106.08,8.167,1.8018,0.45165,2.3704,0.12715,0.0021094,0,0.2238
38.069,1,106.06,8.1708,1.7963,0.45044,2.3807,0.12711,0.0021264,0,0.22337
38.075,1,106.02,8.1741,1.7884,0.45458,2.3824,0.12714,0.0021447,0,0.22255
38.081,1,106.08,8.1768,1.7851,0.45885,2.354,0.12719,0.0021638,0,0.22156
38.087,1,105.97,8.1789,1.7883,0.46324,2.3355,0.12715,0.0021839,0,0.22098
38.093,1,106.05,8.1797,1.7905,0.46292,2.3261,0.12717,0.0022039,0,0.21857
38.098,1,106.17,8.1792,1.7927,0.45854,2.341,0.12721,0.0022237,0,0.21632
38.104,1,106.27,8.1774,1.7949,0.45817,2.352,0.12725,0.0022427,0,0.21481
38.11,1,106.36,8.175,1.7969,0.45943,2.3405,0.12729,0.0022604,0,0.21381
38.116,1,106.35,8.1727,1.796,0.4636,2.3496,0.12733,0.0022757,0,0.21297
38.122,1,106.33,8.1705,1.7913,0.46437,2.3764,0.12731,0.0022882,0,0.21179
38.128,1,106.39,8.168,1.7828,0.46333,2.3754,0.12732,0.0022974,0,0.21152
38.134,1,106.44,8.1655,1.7709,0.46242,2.3734,0.12733,0.002303,0,0.21108
38.14,1,106.47,8.1633,1.7657,0.46169,2.3552,0.12732,0.0023052,0,0.21063
38.146,1,106.52,8.1614,1.7716,0.46049,2.3439,0.1273,0.0023034,0,0.21035
38.151,1,106.58,8.1597,1.7766,0.45935,2.3457,0.12732,0.0022974,0,0.20986
38.158,1,106.51,8.1571,1.7759,0.45919,2.3635,0.12731,0.0022859,0,0.2112
38.163,1,106.39,8.1529,1.7727,0.46017,2.407,0.12734,0.0022702,0,0.21228
38.169,1,106.25,8.1469,1.772,0.4589,2.376,0.12735,0.002247,0,0.21304
38.175,1,106.12,8.1394,1.7696,0.45892,2.3612,0.12723,0.0022209,0,0.2137
38.181,1,105.71,8.1308,1.7665,0.46287,2.3431,0.12706,0.002191,0,0.21426
38.187,1,105.8,8.1221,1.7654,0.46241,2.3272,0.12705,0.0021596,0,0.21476
38.193,1,105.91,8.1138,1.7653,0.46387,2.3268,0.12709,0.0021318,0,0.2151
38.199,1,105.99,8.1113,1.7778,0.4636,2.3911,0.12712,0.0021109,0,0.21512
38.205,1,106.06,8.1113,1.7853,0.46369,2.4335,0.12715,0.0020923,0,0.21515
38.211,1,106.11,8.1094,1.7817,0.46377,2.4147,0.12718,0.0020721,0,0.21667
38.217,1,106.18,8.1103,1.7882,0.46358,2.394,0.12721,0.0020598,0,0.21842
38.223,1,106.15,8.1128,1.7933,0.46274,2.4265,0.1272,0.0020502,0,0.22027
38.228,1,106.22,8.1162,1.7965,0.46184,2.4484,0.12722,0.0020451,0,0.22218
38.234,1,106.34,8.121,1.8012,0.45919,2.4022,0.12727,0.0020402,0,0.22428
38.24,1,106.27,8.1256,1.8022,0.45587,2.3929,0.12728,0.0020384,0,0.22585
38.246,1,106.09,8.1297,1.8017,0.45563,2.3857,0.12718,0.0020387,0,0.22683
38.252,1,106.06,8.1339,1.8019,0.45419,2.3753,0.12716,0.0020403,0,0.22769
38.258,1,106.13,8.1376,1.8011,0.45354,2.3718,0.12719,0.0020443,0,0.22841
38.264,1,106.2,8.1411,1.8,0.4534,2.3888,0.12722,0.0020512,0,0.22888
38.27,1,106.27,8.1452,1.8011,0.4545,2.3798,0.12726,0.0020599,0,0.22896
38.276,1,106.22,8.1502,1.8029,0.45764,2.3505,0.1273,0.0020706,0,0.22864
38.282,1,106.11,8.155,1.8028,0.46102,2.3405,0.12733,0.0020834,0,0.22793
38.288,1,106.03,8.1595,1.8016,0.46056,2.3352,0.12727,0.0020981,0,0.22698
38.294,1,106.01,8.1637,1.7963,0.45912,2.3676,0.12713,0.0021143,0,0.2258
38.3,1,106.03,8.1678,1.789,0.45365,2.3883,0.12718,0.0021321,0,0.22449
38.306,1,106.11,8.1712,1.7793,0.45354,2.3677,0.12718,0.0021511,0,0.22381
38.312,1,105.98,8.1736,1.7816,0.45639,2.3503,0.1271,0.0021706,0,0.22312
38.318,1,106,8.1749,1.7848,0.45925,2.3329,0.12713,0.0021906,0,0.21991
38.324,1,106.09,8.175,1.788,0.45804,2.3164,0.12718,0.0022108,0,0.21708
38.33,1,106.19,8.1737,1.7908,0.46035,2.3137,0.12722,0.0022306,0,0.21509
38.336,1,106.28,8.1716,1.7925,0.46026,2.3357,0.12726,0.0022489,0,0.21377
38.342,1,106.35,8.1695,1.794,0.4602,2.3268,0.1273,0.0022649,0,0.21273
38.348,1,106.44,8.1678,1.7962,0.46445,2.3177,0.12735,0.0022783,0,0.21129
38.354,1,106.37,8.1657,1.7945,0.46798,2.3431,0.12736,0.0022882,0,0.2108
38.36,1,106.42,8.1637,1.7881,0.46697,2.3732,0.12729,0.0022944,0,0.21046
38.366,1,106.48,8.162,1.7793,0.4658,2.3667,0.12731,0.0022963,0,0.21044
38.372,1,106.53,8.1605,1.7698,0.46749,2.3677,0.12732,0.0022958,0,0.21028
38.378,1,106.46,8.1592,1.7749,0.46659,2.3484,0.1273,0.0022903,0,0.20991
38.384,1,106.54,8.1583,1.7777,0.46569,2.3677,0.12731,0.0022794,0,0.20951
38.39,1,106.6,8.1574,1.7815,0.46477,2.3603,0.12733,0.0022626,0,0.20989
38.396,1,106.46,8.1563,1.787,0.46127,2.3658,0.12732,0.0022395,0,0.21139
38.402,1,106.14,8.1535,1.7855,0.46028,2.3929,0.12729,0.0022152,0,0.21269
38.407,1,105.97,8.1494,1.7849,0.45927,2.3655,0.1272,0.0021859,0,0.21392
38.413,1,105.95,8.1436,1.7826,0.45709,2.3446,0.12715,0.0021556,0,0.215
38.419,1,105.89,8.1367,1.7797,0.45644,2.3577,0.12709,0.0021304,0,0.21591
38.425,1,105.88,8.1285,1.7742,0.46012,2.3862,0.12711,0.002111,0,0.21653
38.431,1,105.96,8.1201,1.7699,0.46398,2.3926,0.12713,0.0020927,0,0.21685
38.437,1,106.06,8.1159,1.7783,0.46381,2.424,0.12717,0.0020725,0,0.21692
38.443,1,106.02,8.1158,1.7888,0.46322,2.4227,0.12716,0.002062,0,0.21783
38.449,1,106.01,8.1156,1.7899,0.46027,2.4227,0.12712,0.0020526,0,0.21938
38.454,1,106.11,8.1142,1.7867,0.45991,2.4496,0.12715,0.0020468,0,0.22089
38.46,1,106.19,8.1165,1.7948,0.45995,2.4448,0.12718,0.002043,0,0.22239
38.466,1,106.17,8.1192,1.7968,0.45765,2.4368,0.1272,0.0020424,0,0.22377
38.472,1,106.03,8.1238,1.8023,0.45651,2.4046,0.12714,0.0020422,0,0.22511
38.478,1,105.98,8.1283,1.8034,0.45602,2.3957,0.12712,0.0020438,0,0.2263
38.484,1,106.06,8.1329,1.8035,0.45255,2.3766,0.12715,0.0020482,0,0.22733
38.49,1,106.15,8.137,1.8022,0.44994,2.3559,0.1272,0.0020549,0,0.22821
38.496,1,106.22,8.1404,1.7997,0.45005,2.3649,0.12723,0.0020638,0,0.22894
38.501,1,106.32,8.1442,1.7994,0.45194,2.3708,0.12728,0.0020747,0,0.22937
38.507,1,106.37,8.1474,1.7973,0.45452,2.3997,0.12731,0.0020875,0,0.22942
38.513,1,106.32,8.152,1.7978,0.45746,2.3586,0.12734,0.0021022,0,0.22901
38.519,1,106.21,8.1564,1.7911,0.45943,2.382,0.12735,0.0021186,0,0.22826
38.525,1,106.08,8.1605,1.7808,0.45763,2.3644,0.12723,0.0021362,0,0.22721
38.531,1,105.96,8.1639,1.7718,0.45716,2.3506,0.12712,0.0021549,0,0.2259
38.537,1,105.98,8.1665,1.7755,0.4569,2.337,0.12712,0.0021746,0,0.22415
38.543,1,106.05,8.1676,1.778,0.45449,2.3489,0.12715,0.0021944,0,0.22113
38.549,1,106.13,8.1676,1.7812,0.45152,2.3297,0.12716,0.0022143,0,0.21828
38.554,1,106.08,8.1664,1.7847,0.45254,2.3151,0.12717,0.0022338,0,0.21573
38.561,1,106.17,8.1647,1.7871,0.45662,2.3173,0.12721,0.0022519,0,0.21399
38.566,1,106.26,8.1632,1.7894,0.4608,2.324,0.12726,0.002268,0,0.21245
38.572,1,106.35,8.1617,1.7922,0.46485,2.3115,0.1273,0.0022814,0,0.21096
38.579,1,106.43,8.16,1.7941,0.46616,2.3101,0.12734,0.0022912,0,0.21031
38.585,1,106.34,8.1584,1.7951,0.4696,2.3151,0.1273,0.0022973,0,0.20991
38.591,1,106.4,8.1572,1.7943,0.46878,2.3303,0.12726,0.0022997,0,0.20982
38.597,1,106.45,8.1565,1.7901,0.47017,2.3617,0.12729,0.0022976,0,0.20983
38.603,1,106.48,8.156,1.7809,0.47247,2.3749,0.1273,0.0022925,0,0.20939
38.609,1,106.52,8.1555,1.7761,0.4721,2.4011,0.12732,0.0022828,0,0.20888
38.614,1,106.48,8.1553,1.7799,0.47133,2.3837,0.12733,0.0022673,0,0.20826
38.62,1,106.5,8.155,1.7853,0.47027,2.3643,0.12732,0.0022465,0,0.20836
38.626,1,106.37,8.1549,1.7909,0.46434,2.3429,0.1273,0.0022204,0,0.20988
38.632,1,106.23,8.1549,1.795,0.4592,2.3556,0.12731,0.0021924,0,0.21128
38.638,1,106.18,8.1538,1.7956,0.4575,2.357,0.1273,0.0021621,0,0.21258
38.644,1,106.09,8.1511,1.7939,0.45686,2.4156,0.12724,0.0021385,0,0.21376
38.649,1,105.99,8.1469,1.7901,0.45765,2.4099,0.1272,0.0021187,0,0.21478
38.655,1,106.02,8.1411,1.786,0.45631,2.3907,0.12715,0.0021,0,0.21568
38.661,1,105.91,8.134,1.7812,0.45798,2.3796,0.12714,0.0020784,0,0.2164
38.667,1,105.84,8.1264,1.7771,0.45985,2.3933,0.1271,0.002066,0,0.21672
38.673,1,105.9,8.1192,1.773,0.46018,2.4264,0.12713,0.002057,0,0.21677
38.678,1,106,8.1171,1.7842,0.46244,2.4378,0.12712,0.00205,0,0.21803
38.684,1,106,8.1178,1.7924,0.46237,2.4453,0.1271,0.0020453,0,0.21966
38.69,1,106.09,8.1171,1.7896,0.46235,2.4397,0.12713,0.0020431,0,0.22129
38.696,1,106.05,8.1173,1.7905,0.45861,2.4437,0.12715,0.0020427,0,0.2229
38.702,1,105.88,8.1197,1.7954,0.45657,2.4349,0.12707,0.0020448,0,0.2244
38.707,1,105.98,8.1238,1.8003,0.45561,2.3862,0.12712,0.0020483,0,0.22586
38.714,1,106.07,8.1282,1.802,0.45415,2.368,0.12716,0.0020549,0,0.22715
38.72,1,106.15,8.1325,1.8017,0.44985,2.3538,0.1272,0.0020631,0,0.22826
38.725,1,106.25,8.1372,1.8018,0.44903,2.3323,0.12725,0.0020736,0,0.22922
38.732,1,106.33,8.1411,1.7994,0.44949,2.3325,0.12729,0.0020861,0,0.22998
38.738,1,106.41,8.1446,1.7974,0.45155,2.3714,0.12733,0.0021007,0,0.23051
38.744,1,106.47,8.1478,1.7946,0.45521,2.406,0.12736,0.0021166,0,0.2306
38.749,1,106.47,8.1516,1.7899,0.45909,2.3821,0.12739,0.0021341,0,0.23035
38.755,1,106.35,8.156,1.7835,0.4632,2.3562,0.12736,0.002153,0,0.22964
38.761,1,106.16,8.1597,1.7715,0.46229,2.3463,0.12725,0.0021725,0,0.22863
38.767,1,105.86,8.1627,1.7717,0.45971,2.3371,0.12712,0.0021924,0,0.22725
38.773,1,105.95,8.1647,1.7752,0.45694,2.3261,0.12715,0.0022123,0,0.22337
38.779,1,106.05,8.1652,1.7781,0.45382,2.327,0.1272,0.0022313,0,0.21995
38.785,1,106.15,8.1645,1.7815,0.45305,2.322,0.12725,0.0022491,0,0.21765
38.791,1,106.24,8.1632,1.7838,0.45601,2.3189,0.12722,0.0022645,0,0.2157
38.797,1,106.24,8.1619,1.7862,0.46031,2.3128,0.12721,0.0022771,0,0.21364
38.803,1,106.32,8.1609,1.7891,0.46472,2.3118,0.12725,0.0022863,0,0.21189
38.809,1,106.39,8.1595,1.7909,0.469,2.3092,0.12729,0.0022917,0,0.21104
38.815,1,106.46,8.1583,1.7934,0.4677,2.3007,0.12732,0.0022928,0,0.21038
38.821,1,106.4,8.1574,1.795,0.47113,2.3088,0.12734,0.0022901,0,0.21007
38.827,1,106.4,8.1566,1.7928,0.47017,2.3695,0.12726,0.0022819,0,0.21
38.833,1,106.45,8.1563,1.7878,0.47273,2.4295,0.12729,0.0022671,0,0.21009
38.839,1,106.43,8.1563,1.779,0.47475,2.4279,0.12731,0.0022461,0,0.2097
38.845,1,106.39,8.1562,1.7778,0.47308,2.4357,0.12727,0.002223,0,0.20918
38.851,1,106.41,8.156,1.7833,0.46738,2.3992,0.12727,0.0021961,0,0.20865
38.856,1,106.26,8.1561,1.7892,0.46108,2.3711,0.12723,0.0021664,0,0.20832
38.862,1,106.16,8.1564,1.795,0.45493,2.3481,0.12727,0.0021393,0,0.20971
38.868,1,106.23,8.1569,1.7993,0.45065,2.3626,0.12731,0.0021169,0,0.211
38.875,1,106.17,8.1572,1.8017,0.45039,2.3833,0.12729,0.0020987,0,0.21214
38.88,1,106.09,8.1561,1.8009,0.4537,2.3891,0.12725,0.0020765,0,0.21318
38.886,1,106.05,8.1537,1.798,0.45696,2.4239,0.12723,0.0020652,0,0.21407
38.892,1,105.93,8.1494,1.7935,0.45558,2.405,0.12714,0.0020553,0,0.21481
38.898,1,105.92,8.1438,1.7894,0.45749,2.4324,0.12713,0.0020481,0,0.21522
38.904,1,105.85,8.1365,1.7825,0.45719,2.446,0.1271,0.0020439,0,0.21527
38.91,1,105.91,8.1287,1.7767,0.46066,2.4482,0.1271,0.0020426,0,0.21596
38.916,1,105.87,8.1239,1.7811,0.46236,2.4391,0.12706,0.0020426,0,0.21753
38.922,1,105.73,8.1238,1.7922,0.46106,2.4378,0.127,0.0020441,0,0.21915
38.927,1,105.78,8.1242,1.7947,0.45636,2.4323,0.12702,0.002048,0,0.22077
38.933,1,105.89,8.122,1.7879,0.45185,2.4083,0.12707,0.0020544,0,0.2224
38.939,1,105.96,8.1236,1.7948,0.45005,2.3974,0.12711,0.0020629,0,0.22392
38.945,1,106.06,8.1267,1.7985,0.45073,2.3575,0.12716,0.0020731,0,0.22541
38.951,1,106.16,8.1309,1.8018,0.44906,2.3443,0.1272,0.0020854,0,0.22676
38.957,1,106.25,8.1356,1.8023,0.44765,2.3281,0.12725,0.0020996,0,0.22793
38.963,1,106.34,8.14,1.8016,0.44973,2.3217,0.12729,0.0021157,0,0.22892
38.969,1,106.41,8.1438,1.7989,0.45343,2.3233,0.12732,0.0021331,0,0.22972
38.975,1,106.47,8.1468,1.7916,0.4573,2.3855,0.12735,0.0021515,0,0.23036
38.981,1,106.5,8.15,1.784,0.46147,2.3872,0.12735,0.0021712,0,0.23053
38.987,1,106.39,8.1527,1.772,0.46561,2.397,0.12733,0.0021908,0,0.2304
38.993,1,106.34,8.1559,1.7642,0.4697,2.3605,0.12737,0.0022108,0,0.2298
38.999,1,106.19,8.1581,1.7679,0.46427,2.35,0.12731,0.0022303,0,0.22844
39.004,1,106.02,8.1594,1.7717,0.45782,2.336,0.1272,0.0022485,0,0.22444
39.01,1,106.08,8.1595,1.7759,0.45629,2.3206,0.12721,0.0022654,0,0.22096
39.016,1,106.18,8.1588,1.7787,0.45574,2.3176,0.12726,0.0022794,0,0.21813
39.022,1,106.27,8.1578,1.7814,0.45677,2.324,0.12729,0.0022901,0,0.21623
39.028,1,106.35,8.157,1.7839,0.46029,2.3164,0.12726,0.0022974,0,0.21404
39.034,1,106.26,8.1562,1.7872,0.46419,2.308,0.12722,0.0023004,0,0.21196
39.04,1,106.3,8.1553,1.7896,0.46837,2.3036,0.12725,0.0022994,0,0.21096
39.046,1,106.37,8.1546,1.7911,0.47234,2.3083,0.12728,0.002295,0,0.21025
39.052,1,106.44,8.1542,1.7933,0.47105,2.3364,0.12731,0.0022838,0,0.20988
39.058,1,106.36,8.1542,1.7949,0.47155,2.3683,0.12732,0.0022667,0,0.20969
39.065,1,106.37,8.1543,1.7924,0.47533,2.398,0.12725,0.0022446,0,0.20975
39.071,1,106.29,8.1547,1.7863,0.47546,2.4386,0.12724,0.0022191,0,0.20999
39.076,1,106.34,8.155,1.7812,0.4726,2.4262,0.12722,0.0021901,0,0.20952
39.082,1,106.39,8.1553,1.7864,0.46683,2.4072,0.12724,0.0021607,0,0.20898
39.088,1,106.41,8.1558,1.7911,0.4615,2.3839,0.12727,0.0021373,0,0.20845
39.094,1,106.26,8.1564,1.7964,0.45605,2.3689,0.12723,0.0021157,0,0.20894
39.099,1,106.18,8.1571,1.8002,0.45124,2.3569,0.12726,0.0020969,0,0.21021
39.105,1,106.2,8.1581,1.8042,0.45054,2.3361,0.1273,0.0020745,0,0.21142
39.111,1,106.04,8.1587,1.8056,0.45024,2.3693,0.12729,0.0020625,0,0.21247
39.117,1,106.04,8.1577,1.8034,0.45347,2.4016,0.12721,0.0020519,0,0.21341
39.123,1,106.11,8.1551,1.8006,0.45566,2.4404,0.12716,0.0020444,0,0.2142
39.129,1,105.96,8.1505,1.7942,0.45701,2.4562,0.12716,0.0020406,0,0.21485
39.135,1,105.86,8.1446,1.789,0.45645,2.4429,0.1271,0.0020388,0,0.21523
39.141,1,105.83,8.1371,1.7826,0.45734,2.4417,0.12709,0.0020387,0,0.21529
39.147,1,105.7,8.1293,1.7772,0.45709,2.446,0.12705,0.0020404,0,0.21566
39.153,1,105.78,8.1252,1.7827,0.45629,2.4311,0.12699,0.0020448,0,0.21716
39.158,1,105.77,8.1256,1.7943,0.45558,2.401,0.12704,0.0020513,0,0.21879
39.164,1,105.86,8.126,1.7952,0.45163,2.3988,0.12707,0.0020597,0,0.22041
39.17,1,105.97,8.124,1.788,0.44906,2.3856,0.12712,0.0020701,0,0.22204
39.176,1,106.04,8.1258,1.7946,0.44963,2.3788,0.12715,0.0020824,0,0.22355
39.181,1,106.14,8.1289,1.7974,0.45029,2.3459,0.12719,0.0020965,0,0.22502
39.187,1,106.22,8.133,1.7999,0.45076,2.3362,0.12724,0.0021123,0,0.22635
39.193,1,106.3,8.137,1.7991,0.45049,2.3299,0.12727,0.0021293,0,0.2275
39.199,1,106.39,8.1415,1.7963,0.45347,2.3435,0.12731,0.0021479,0,0.2285
39.205,1,106.46,8.1455,1.7871,0.45738,2.3375,0.12732,0.0021675,0,0.2293
39.211,1,106.35,8.1483,1.7732,0.4614,2.3684,0.12729,0.0021872,0,0.22987
39.217,1,106.42,8.1505,1.759,0.46557,2.3985,0.12733,0.0022072,0,0.22997
39.223,1,106.46,8.1517,1.757,0.46506,2.3967,0.12736,0.002226,0,0.22979
39.229,1,106.37,8.153,1.7637,0.46365,2.3543,0.1274,0.0022441,0,0.22745
39.235,1,106.35,8.153,1.7674,0.46112,2.3458,0.12732,0.00226,0,0.22402
39.241,1,106.18,8.1523,1.7703,0.46015,2.336,0.12724,0.0022731,0,0.22105
39.247,1,106.2,8.1516,1.7744,0.45616,2.3182,0.12726,0.0022831,0,0.21825
39.253,1,106.3,8.1511,1.7781,0.45563,2.3081,0.12729,0.0022894,0,0.216
39.259,1,106.38,8.1503,1.7805,0.45932,2.3059,0.1273,0.0022921,0,0.2148
39.265,1,106.43,8.1496,1.7832,0.46326,2.3091,0.1273,0.0022912,0,0.21361
39.27,1,106.39,8.1492,1.7865,0.46745,2.3052,0.12728,0.0022852,0,0.21214
39.276,1,106.29,8.1491,1.7889,0.47175,2.312,0.12724,0.0022724,0,0.2105
39.283,1,106.37,8.1493,1.7909,0.47603,2.3478,0.12728,0.0022536,0,0.20988
39.289,1,106.33,8.1497,1.7924,0.47553,2.3767,0.1273,0.00223,0,0.20979
39.295,1,106.3,8.1504,1.794,0.47307,2.3711,0.12722,0.0022021,0,0.20983
39.301,1,106.27,8.1512,1.7931,0.47098,2.3917,0.12725,0.0021725,0,0.21014
39.307,1,106.27,8.152,1.7879,0.46934,2.4201,0.1272,0.002143,0,0.2107
39.313,1,106.32,8.153,1.7877,0.46742,2.411,0.12721,0.0021205,0,0.21099
39.319,1,106.37,8.1539,1.792,0.46376,2.4076,0.12723,0.0021025,0,0.21
39.324,1,106.44,8.1548,1.796,0.45941,2.4056,0.12727,0.0020844,0,0.20963
39.33,1,106.28,8.156,1.8005,0.45514,2.3718,0.12722,0.002067,0,0.20921
39.336,1,106.1,8.1573,1.8043,0.45148,2.3665,0.12726,0.0020553,0,0.21028
39.342,1,105.93,8.1586,1.8066,0.45082,2.3942,0.12722,0.0020468,0,0.21153
39.348,1,105.97,8.1598,1.8084,0.45274,2.4156,0.12724,0.0020416,0,0.21267
39.353,1,106.07,8.1597,1.8074,0.45579,2.4319,0.12721,0.0020378,0,0.21369
39.36,1,106.02,8.1577,1.8031,0.45661,2.4412,0.12714,0.002037,0,0.21454
39.365,1,105.69,8.1539,1.7975,0.45756,2.4475,0.12704,0.0020379,0,0.21527
39.371,1,105.78,8.1485,1.7917,0.45418,2.4438,0.12706,0.0020406,0,0.21583
39.377,1,105.72,8.1418,1.7849,0.45043,2.4289,0.12704,0.0020462,0,0.21605
39.382,1,105.78,8.1344,1.7803,0.44951,2.4343,0.12709,0.0020536,0,0.21599
39.388,1,105.86,8.1278,1.7781,0.4487,2.4265,0.1271,0.0020632,0,0.2171
39.394,1,105.86,8.126,1.7879,0.44882,2.4011,0.12711,0.0020746,0,0.21861
39.4,1,105.91,8.1265,1.7939,0.45038,2.3934,0.12713,0.002088,0,0.22014
39.406,1,106.01,8.1255,1.7896,0.44967,2.3834,0.12715,0.0021031,0,0.22169
39.412,1,106.08,8.1257,1.79,0.44996,2.3782,0.12717,0.0021195,0,0.22314
39.417,1,106.17,8.1284,1.7946,0.45252,2.3502,0.12721,0.0021373,0,0.22454
39.423,1,106.25,8.1319,1.7968,0.45495,2.3365,0.12727,0.0021563,0,0.22584
39.429,1,106.34,8.1363,1.7977,0.45431,2.3319,0.12732,0.0021762,0,0.22697
39.435,1,106.41,8.1407,1.7918,0.45598,2.3376,0.12737,0.0021966,0,0.22794
39.441,1,106.37,8.1448,1.7825,0.45974,2.3441,0.12735,0.002217,0,0.22873
39.448,1,106.39,8.1476,1.7677,0.46357,2.3531,0.12732,0.0022362,0,0.22937
39.453,1,106.47,8.1496,1.7549,0.46433,2.3634,0.12737,0.0022544,0,0.2296
39.459,1,106.54,8.1503,1.757,0.46302,2.3685,0.12742,0.0022704,0,0.2287
39.465,1,106.44,8.1504,1.7606,0.46313,2.3545,0.12735,0.0022837,0,0.2273
39.471,1,106.3,8.15,1.7661,0.46214,2.3369,0.12736,0.0022939,0,0.22435
39.477,1,106.16,8.1494,1.7702,0.45996,2.3246,0.12727,0.0023004,0,0.22159
39.483,1,106.25,8.1491,1.7736,0.45795,2.3153,0.12723,0.0023032,0,0.21875
39.488,1,106.34,8.1489,1.7767,0.4597,2.3073,0.12726,0.0023024,0,0.21614
39.494,1,106.4,8.1487,1.7808,0.46364,2.3032,0.12729,0.0022969,0,0.21539
39.5,1,106.45,8.1483,1.7828,0.46766,2.3098,0.12731,0.0022865,0,0.21459
39.506,1,106.48,8.1483,1.7858,0.4718,2.3022,0.12733,0.0022691,0,0.21376
39.512,1,106.4,8.1486,1.7884,0.47595,2.313,0.12731,0.0022456,0,0.21256
39.519,1,106.33,8.1491,1.79,0.47548,2.3523,0.12724,0.0022177,0,0.21122
39.525,1,106.23,8.1498,1.7914,0.47341,2.3711,0.12718,0.0021877,0,0.2099
39.531,1,106.3,8.1506,1.7931,0.4732,2.37,0.12722,0.0021561,0,0.20997
39.537,1,106.26,8.1514,1.7918,0.47427,2.3816,0.12724,0.0021302,0,0.21042
39.542,1,106.27,8.1524,1.7868,0.47241,2.411,0.12719,0.0021092,0,0.211
39.548,1,106.32,8.1535,1.7901,0.47104,2.4396,0.12721,0.0020905,0,0.21068
39.554,1,106.37,8.1546,1.7936,0.46736,2.4315,0.12723,0.0020717,0,0.20975
39.56,1,106.38,8.156,1.7984,0.4624,2.4014,0.12728,0.0020604,0,0.2093
39.565,1,105.99,8.1575,1.8024,0.45732,2.4132,0.12716,0.0020504,0,0.20886
39.571,1,105.85,8.1592,1.8062,0.45264,2.4166,0.12717,0.002043,0,0.20944
39.577,1,105.93,8.1607,1.8084,0.45154,2.4045,0.12722,0.0020384,0,0.21074
39.583,1,105.94,8.1622,1.8099,0.45269,2.4185,0.12721,0.002037,0,0.21191
39.589,1,105.77,8.1635,1.8113,0.45297,2.4392,0.12713,0.0020375,0,0.21297
39.595,1,105.85,8.1634,1.8096,0.45372,2.4246,0.12709,0.002039,0,0.21391
39.601,1,105.76,8.1615,1.8056,0.45341,2.4327,0.12706,0.0020427,0,0.21469
39.607,1,105.78,8.1576,1.7991,0.45087,2.4335,0.12708,0.0020492,0,0.2153
39.613,1,105.86,8.152,1.7933,0.44674,2.4218,0.12712,0.0020579,0,0.21555
39.619,1,105.85,8.1451,1.7854,0.44485,2.445,0.12713,0.0020686,0,0.21556
39.625,1,105.93,8.1376,1.7797,0.44628,2.4273,0.12711,0.002081,0,0.21671
39.63,1,105.91,8.132,1.781,0.44902,2.3963,0.12714,0.0020953,0,0.21832
39.636,1,105.95,8.1309,1.7898,0.45215,2.3928,0.12715,0.002111,0,0.2199
39.642,1,106.04,8.1312,1.7931,0.45462,2.3777,0.12718,0.002128,0,0.2215
39.648,1,106.11,8.1292,1.7852,0.45449,2.3645,0.12722,0.0021459,0,0.22303
39.653,1,106.24,8.1305,1.7909,0.45585,2.3359,0.12728,0.0021653,0,0.22454
39.659,1,106.34,8.133,1.7898,0.45543,2.3527,0.12733,0.002185,0,0.2259
39.665,1,106.42,8.1369,1.7856,0.45488,2.3354,0.12737,0.002205,0,0.2271
39.671,1,106.34,8.1408,1.776,0.45659,2.323,0.12734,0.0022249,0,0.22815
39.678,1,106.39,8.144,1.7619,0.46041,2.3242,0.12739,0.0022437,0,0.22892
39.684,1,106.46,8.1458,1.7529,0.46081,2.3282,0.12743,0.0022608,0,0.22786
39.69,1,106.56,8.1462,1.7559,0.46063,2.3435,0.12748,0.0022756,0,0.2267
39.696,1,106.58,8.1451,1.7587,0.46484,2.3555,0.12752,0.0022872,0,0.22587
39.702,1,106.55,8.1433,1.7603,0.46894,2.3501,0.12744,0.0022954,0,0.22514
39.708,1,106.4,8.1423,1.7658,0.46724,2.3322,0.12734,0.0022999,0,0.22252
39.714,1,106.25,8.1419,1.7702,0.46377,2.321,0.12726,0.0023005,0,0.2194
39.72,1,106.25,8.1415,1.7743,0.46269,2.3162,0.12721,0.0022973,0,0.21681
39.726,1,106.31,8.1414,1.7773,0.4636,2.3215,0.12724,0.0022904,0,0.21471
39.731,1,106.38,8.1416,1.7808,0.46732,2.3142,0.12727,0.0022768,0,0.21441
39.738,1,106.4,8.142,1.7831,0.47103,2.3098,0.1273,0.002259,0,0.2141
39.743,1,106.3,8.1429,1.786,0.47179,2.3011,0.12732,0.0022345,0,0.21366
39.75,1,106.23,8.144,1.7881,0.47089,2.3167,0.12725,0.0022067,0,0.21303
39.756,1,106.3,8.1453,1.7896,0.46979,2.3549,0.12724,0.0021766,0,0.21211
39.761,1,106.29,8.1467,1.7915,0.47351,2.3869,0.12719,0.002146,0,0.21103
39.767,1,106.31,8.1482,1.7932,0.47371,2.4127,0.12722,0.0021218,0,0.21046
39.774,1,106.27,8.1496,1.7909,0.47457,2.4019,0.12725,0.0021022,0,0.21105
39.779,1,106.31,8.1512,1.7896,0.47455,2.4351,0.1272,0.0020835,0,0.21184
39.785,1,106.22,8.153,1.7945,0.46834,2.4338,0.12723,0.0020647,0,0.21058
39.791,1,106.09,8.1547,1.7977,0.46299,2.4759,0.12715,0.0020551,0,0.20963
39.797,1,106.13,8.1564,1.801,0.45791,2.4749,0.12717,0.0020469,0,0.20915
39.803,1,105.99,8.1583,1.8042,0.45328,2.4335,0.12713,0.0020419,0,0.20867
39.809,1,105.7,8.1601,1.8068,0.45165,2.4151,0.12713,0.0020384,0,0.20942
39.814,1,105.73,8.1619,1.809,0.45089,2.4011,0.12709,0.0020372,0,0.21066
39.82,1,105.78,8.1635,1.8105,0.45028,2.4247,0.12711,0.0020378,0,0.21176
39.826,1,105.76,8.165,1.812,0.44831,2.4391,0.12713,0.0020403,0,0.21275
39.832,1,105.86,8.1651,1.8097,0.44796,2.4085,0.12709,0.0020459,0,0.21361
39.838,1,105.8,8.1633,1.8056,0.44952,2.4197,0.12711,0.0020531,0,0.2143
39.844,1,105.86,8.1594,1.7993,0.44917,2.4305,0.12715,0.002063,0,0.21464
39.85,1,105.97,8.1538,1.7933,0.44594,2.4264,0.12714,0.0020747,0,0.21465
39.856,1,105.93,8.1467,1.7858,0.4451,2.4394,0.12711,0.0020886,0,0.21526
39.862,1,105.84,8.1391,1.7786,0.44759,2.4315,0.12712,0.0021038,0,0.21665
39.868,1,105.93,8.1329,1.778,0.45051,2.3933,0.12716,0.0021207,0,0.21824
39.873,1,106.05,8.1317,1.7881,0.4538,2.3651,0.1272,0.0021391,0,0.21987
39.879,1,106.15,8.1319,1.7909,0.45601,2.3531,0.12723,0.0021583,0,0.22148
39.885,1,106.22,8.1297,1.783,0.45568,2.3459,0.12727,0.0021776,0,0.22301
39.891,1,106.33,8.1307,1.7869,0.45374,2.3309,0.12732,0.0021978,0,0.22454
39.897,1,106.44,8.1332,1.7847,0.45313,2.3362,0.12737,0.0022179,0,0.22595
39.903,1,106.45,8.137,1.7791,0.45565,2.3228,0.12736,0.0022373,0,0.2272
39.909,1,106.47,8.1405,1.7673,0.45964,2.3169,0.12741,0.0022552,0,0.22827
39.915,1,106.55,8.1432,1.752,0.46354,2.3222,0.12745,0.0022703,0,0.22768
39.921,1,106.64,8.1445,1.7527,0.4623,2.3152,0.12749,0.0022824,0,0.22661
39.927,1,106.72,8.1444,1.7553,0.46573,2.3205,0.12754,0.0022909,0,0.22552
39.933,1,106.71,8.1429,1.7583,0.46998,2.3467,0.12758,0.0022952,0,0.22514
39.94,1,106.6,8.141,1.7596,0.47027,2.3431,0.12751,0.0022964,0,0.2251
39.945,1,106.42,8.14,1.7643,0.47114,2.3371,0.12737,0.0022938,0,0.22247
39.951,1,106.28,8.1398,1.7697,0.4703,2.3465,0.1273,0.0022851,0,0.21961
39.957,1,106.23,8.1396,1.7729,0.46919,2.3396,0.12721,0.0022711,0,0.21722
39.963,1,106.22,8.1398,1.7766,0.4673,2.3239,0.12723,0.0022508,0,0.21534
39.969,1,106.08,8.1403,1.7797,0.46635,2.3142,0.12722,0.002226,0,0.21459
39.975,1,106.04,8.1412,1.7824,0.46509,2.3044,0.12714,0.0021969,0,0.21445
39.981,1,106.12,8.1423,1.7849,0.4638,2.3035,0.12716,0.0021665,0,0.21423
39.987,1,106.2,8.1438,1.7876,0.46635,2.3132,0.1272,0.0021364,0,0.21385
39.993,1,106.27,8.1452,1.7889,0.47073,2.3696,0.12723,0.0021141,0,0.2133
39.999,1,106.34,8.1466,1.7903,0.47523,2.4146,0.12725,0.0020951,0,0.21266
40.005,1,106.31,8.1482,1.7922,0.47563,2.4043,0.12721,0.0020738,0,0.2118
40.011,1,106.27,8.1499,1.7898,0.47178,2.4192,0.12725,0.0020598,0,0.21162
40.017,1,106.09,8.1517,1.7923,0.47024,2.447,0.12718,0.00205,0,0.21235
40.023,1,106.09,8.1537,1.7968,0.46549,2.4628,0.12714,0.0020429,0,0.21061
40.029,1,106.02,8.1556,1.7995,0.46002,2.4564,0.12717,0.0020398,0,0.20962
40.035,1,105.87,8.1577,1.8031,0.45546,2.4427,0.12711,0.0020381,0,0.20942
40.041,1,105.72,8.1596,1.8052,0.45493,2.4326,0.1271,0.002039,0,0.20921
40.046,1,105.63,8.1617,1.8085,0.45305,2.4055,0.12708,0.0020405,0,0.20988
40.052,1,105.73,8.1637,1.8104,0.44989,2.3991,0.12712,0.0020441,0,0.21093
40.058,1,105.77,8.1653,1.8113,0.44705,2.3912,0.12716,0.0020505,0,0.21185
40.064,1,105.86,8.1673,1.814,0.44614,2.4038,0.12719,0.0020589,0,0.21267
40.07,1,105.97,8.1688,1.8145,0.44736,2.3951,0.12715,0.0020696,0,0.21334
40.076,1,105.93,8.1683,1.8106,0.44899,2.3981,0.12716,0.0020825,0,0.21374
40.082,1,105.96,8.1662,1.806,0.44977,2.4299,0.12719,0.0020973,0,0.21379
40.088,1,106.06,8.1621,1.7996,0.44807,2.4343,0.12715,0.0021138,0,0.2138
40.094,1,105.93,8.1564,1.7929,0.44877,2.4227,0.12714,0.0021317,0,0.21512
40.101,1,105.95,8.1491,1.7832,0.45144,2.4186,0.12716,0.0021501,0,0.21654
40.106,1,106.06,8.1413,1.7769,0.45449,2.376,0.12721,0.0021696,0,0.21814
40.112,1,106.15,8.1373,1.7825,0.4572,2.3488,0.12725,0.00219,0,0.21979
40.118,1,106.22,8.1374,1.791,0.4565,2.3351,0.12728,0.0022104,0,0.22143
40.124,1,106.28,8.1372,1.7861,0.45625,2.3541,0.12732,0.0022296,0,0.22297
40.129,1,106.4,8.1349,1.7727,0.45276,2.3281,0.12735,0.0022488,0,0.22452
40.135,1,106.42,8.1364,1.7702,0.45599,2.3178,0.12736,0.0022667,0,0.22596
40.141,1,106.52,8.1381,1.7586,0.46001,2.3129,0.12741,0.0022821,0,0.22716
40.147,1,106.6,8.14,1.7456,0.46376,2.3119,0.12745,0.0022943,0,0.22607
40.153,1,106.69,8.141,1.7505,0.46222,2.3105,0.1275,0.0023028,0,0.22491
40.159,1,106.77,8.1407,1.754,0.46632,2.3104,0.12754,0.0023074,0,0.22409
40.166,1,106.82,8.139,1.7553,0.47036,2.3261,0.12757,0.0023085,0,0.2239
40.171,1,106.78,8.1371,1.7578,0.4722,2.3512,0.12758,0.0023057,0,0.22389
40.177,1,106.56,8.1357,1.7615,0.47255,2.3439,0.12749,0.0022989,0,0.22349
40.183,1,106.32,8.1345,1.7645,0.47416,2.3755,0.12735,0.0022873,0,0.22121
40.189,1,106.18,8.1344,1.7703,0.47309,2.3495,0.12729,0.0022691,0,0.21894
40.195,1,106.17,8.1346,1.7734,0.46983,2.3418,0.1272,0.0022468,0,0.21674
40.201,1,106.01,8.1354,1.7767,0.46396,2.3262,0.12718,0.0022208,0,0.21516
40.207,1,105.93,8.1365,1.7799,0.462,2.3136,0.12711,0.0021915,0,0.21435
40.213,1,106.02,8.1381,1.7831,0.46031,2.3127,0.12711,0.0021599,0,0.21455
40.218,1,106.1,8.1399,1.7855,0.46211,2.3099,0.12715,0.0021343,0,0.21461
40.224,1,106.18,8.1418,1.7877,0.46621,2.315,0.12719,0.0021125,0,0.21458
40.23,1,106.25,8.1435,1.7891,0.47048,2.36,0.12722,0.002094,0,0.21461
40.236,1,106.21,8.1455,1.7911,0.47187,2.3922,0.12723,0.0020723,0,0.21446
40.242,1,106.28,8.1476,1.7927,0.47215,2.4172,0.12721,0.0020604,0,0.21407
40.248,1,106.28,8.1499,1.7927,0.47116,2.433,0.1272,0.0020495,0,0.21344
40.254,1,106.08,8.1521,1.7962,0.46754,2.4409,0.1272,0.0020434,0,0.2126
40.26,1,105.85,8.1544,1.7994,0.46128,2.4537,0.1271,0.0020395,0,0.21087
40.266,1,105.74,8.1565,1.8017,0.45584,2.4527,0.12709,0.0020387,0,0.21002
40.272,1,105.81,8.1589,1.8052,0.45316,2.4423,0.12712,0.0020387,0,0.21007
40.278,1,105.8,8.1609,1.8065,0.45339,2.4393,0.12712,0.0020413,0,0.20987
40.283,1,105.67,8.163,1.8091,0.45176,2.3925,0.12711,0.0020458,0,0.21013
40.289,1,105.77,8.1651,1.8115,0.45115,2.3671,0.12717,0.0020524,0,0.21114
40.295,1,105.86,8.1669,1.8122,0.4488,2.3561,0.12721,0.0020612,0,0.212
40.301,1,105.97,8.1687,1.8141,0.44686,2.3643,0.12727,0.0020721,0,0.21275
40.307,1,106.08,8.1696,1.8132,0.44766,2.3884,0.12726,0.002085,0,0.21337
40.313,1,106.11,8.1682,1.8082,0.44977,2.4225,0.12722,0.0020999,0,0.21379
40.32,1,106.04,8.1648,1.8021,0.4535,2.4153,0.12722,0.0021164,0,0.21384
40.326,1,106.05,8.1595,1.7947,0.45285,2.427,0.12718,0.0021342,0,0.21364
40.331,1,106,8.1527,1.7874,0.45141,2.4245,0.12714,0.0021533,0,0.21491
40.337,1,105.99,8.1453,1.7799,0.45349,2.4169,0.12717,0.0021726,0,0.21631
40.343,1,106.08,8.1378,1.775,0.45621,2.3785,0.12723,0.0021925,0,0.21789
40.349,1,106.14,8.1352,1.7827,0.4555,2.3675,0.12727,0.0022117,0,0.21946
40.354,1,106.23,8.1354,1.7886,0.45519,2.3401,0.12733,0.0022308,0,0.22112
40.36,1,106.31,8.1344,1.7793,0.45518,2.3389,0.12737,0.0022482,0,0.2227
40.366,1,106.41,8.1336,1.7704,0.45538,2.3216,0.12737,0.0022637,0,0.22424
40.372,1,106.5,8.1355,1.7654,0.45715,2.3083,0.1274,0.0022766,0,0.22572
40.378,1,106.59,8.1373,1.7538,0.46094,2.3076,0.12745,0.0022858,0,0.22619
40.384,1,106.67,8.139,1.745,0.46206,2.3062,0.12749,0.0022915,0,0.22508
40.39,1,106.76,8.1399,1.7502,0.46541,2.3069,0.12754,0.0022926,0,0.22389
40.396,1,106.85,8.1392,1.7536,0.46966,2.3093,0.12758,0.0022897,0,0.22351
40.402,1,106.89,8.1376,1.7547,0.47374,2.345,0.12761,0.0022822,0,0.22354
40.408,1,106.78,8.1361,1.7571,0.47634,2.397,0.12758,0.0022686,0,0.22344
40.414,1,106.56,8.135,1.76,0.47439,2.404,0.12743,0.0022496,0,0.22314
40.42,1,106.28,8.1342,1.7641,0.4739,2.3783,0.12726,0.0022262,0,0.22197
40.426,1,105.94,8.1343,1.7692,0.46858,2.354,0.12718,0.0021977,0,0.21989
40.431,1,105.79,8.135,1.773,0.46229,2.3401,0.12709,0.0021679,0,0.21782
40.437,1,105.86,8.1361,1.7764,0.45617,2.3245,0.12704,0.0021399,0,0.21583
40.443,1,105.94,8.1376,1.7799,0.45518,2.3191,0.12707,0.0021168,0,0.21438
40.449,1,106.02,8.1393,1.7823,0.45869,2.3159,0.12711,0.0020978,0,0.2146
40.455,1,106.09,8.1409,1.7841,0.46247,2.3256,0.12715,0.0020789,0,0.21495
40.461,1,106.18,8.1428,1.787,0.46661,2.354,0.12719,0.0020628,0,0.21533
40.467,1,106.12,8.1447,1.7884,0.46744,2.3889,0.12717,0.0020531,0,0.21562
40.473,1,106.22,8.1469,1.7908,0.46666,2.395,0.12717,0.0020446,0,0.21586
40.479,1,106.24,8.1491,1.7921,0.46819,2.3886,0.12721,0.00204,0,0.21596
40.485,1,106.27,8.1513,1.7941,0.46698,2.4079,0.12718,0.002038,0,0.21579
40.491,1,106.14,8.1536,1.7975,0.46196,2.4413,0.12719,0.0020382,0,0.2141
40.497,1,106.02,8.1562,1.8017,0.45603,2.4403,0.1271,0.0020393,0,0.21122
40.503,1,105.86,8.1585,1.8035,0.45244,2.4489,0.12713,0.0020432,0,0.20994
40.509,1,105.9,8.1608,1.806,0.4526,2.4267,0.12715,0.0020495,0,0.20985
40.514,1,105.88,8.163,1.8081,0.45288,2.4041,0.12712,0.0020581,0,0.20968
40.52,1,105.78,8.1654,1.8112,0.45139,2.3635,0.12716,0.0020685,0,0.20989
40.526,1,105.86,8.1675,1.8125,0.45081,2.3542,0.12721,0.002081,0,0.21085
40.532,1,105.95,8.1693,1.8132,0.45048,2.3555,0.12726,0.0020953,0,0.2117
40.538,1,106.06,8.1713,1.8154,0.44942,2.3823,0.12729,0.0021116,0,0.21244
40.544,1,106.13,8.173,1.8161,0.45037,2.3604,0.12726,0.0021293,0,0.21304
40.55,1,106.08,8.1726,1.8117,0.45424,2.374,0.1273,0.0021484,0,0.21346
40.557,1,106.18,8.1705,1.8063,0.45565,2.4131,0.12729,0.0021682,0,0.21351
40.562,1,106.27,8.1663,1.7991,0.4542,2.4102,0.12723,0.0021888,0,0.21329
40.569,1,106.05,8.1604,1.7916,0.45486,2.3943,0.1272,0.0022095,0,0.21451
40.575,1,106.11,8.1529,1.7816,0.45846,2.3948,0.12723,0.0022289,0,0.2159
40.58,1,106.21,8.1445,1.7745,0.4608,2.3564,0.12729,0.0022482,0,0.21751
40.586,1,106.27,8.1405,1.776,0.46015,2.3722,0.12734,0.0022658,0,0.21913
40.592,1,106.34,8.1404,1.7772,0.46016,2.3635,0.12736,0.002281,0,0.22076
40.598,1,106.28,8.1399,1.7667,0.45737,2.3462,0.12731,0.0022934,0,0.22235
40.603,1,106.39,8.1366,1.7477,0.45526,2.3247,0.12736,0.0023026,0,0.22392
40.609,1,106.49,8.1364,1.7404,0.4586,2.3136,0.12741,0.0023081,0,0.22397
40.615,1,106.59,8.1361,1.739,0.45911,2.3028,0.12746,0.0023089,0,0.22279
40.621,1,106.69,8.1358,1.7465,0.46303,2.3001,0.12751,0.0023056,0,0.22197
40.627,1,106.77,8.1346,1.7505,0.46715,2.3141,0.12755,0.0022983,0,0.22176
40.634,1,106.84,8.1334,1.7532,0.4713,2.3501,0.12758,0.0022859,0,0.22182
40.64,1,106.81,8.1321,1.7555,0.47551,2.3852,0.12757,0.0022683,0,0.22154
40.645,1,106.59,8.1306,1.7585,0.47743,2.4079,0.12753,0.0022437,0,0.22179
40.652,1,106.37,8.1296,1.7618,0.47178,2.3953,0.12736,0.0022166,0,0.22213
40.658,1,106.24,8.1295,1.7657,0.46939,2.3753,0.12724,0.0021866,0,0.22034
40.663,1,105.89,8.1305,1.7709,0.46297,2.3545,0.12716,0.0021546,0,0.21842
40.669,1,105.82,8.1318,1.774,0.45723,2.3428,0.12704,0.0021302,0,0.21649
40.675,1,105.91,8.1337,1.7777,0.4539,2.3277,0.12707,0.0021091,0,0.21463
40.681,1,105.95,8.1357,1.7804,0.45483,2.3437,0.12708,0.0020907,0,0.2137
40.687,1,105.97,8.1379,1.7831,0.45828,2.3781,0.12712,0.0020702,0,0.21436
40.693,1,105.98,8.1402,1.7859,0.46059,2.359,0.12704,0.0020583,0,0.21515
40.699,1,106.06,8.1427,1.7882,0.45991,2.35,0.12709,0.0020476,0,0.21583
40.705,1,106.05,8.1451,1.7896,0.46415,2.3821,0.12713,0.0020416,0,0.21643
40.711,1,106.13,8.1475,1.791,0.46323,2.3993,0.12712,0.0020379,0,0.21698
40.717,1,106.22,8.1504,1.7958,0.46223,2.3778,0.12716,0.0020358,0,0.21744
40.723,1,106.28,8.1532,1.7992,0.46042,2.4003,0.12719,0.0020356,0,0.2171
40.729,1,106.17,8.1558,1.8012,0.45635,2.4426,0.12718,0.0020382,0,0.21409
40.735,1,106.13,8.1586,1.8045,0.45523,2.4358,0.12715,0.0020437,0,0.21074
40.741,1,105.99,8.161,1.8058,0.45499,2.4352,0.12717,0.0020511,0,0.20973
40.747,1,106.08,8.1633,1.8077,0.45529,2.4092,0.12721,0.0020608,0,0.20975
40.752,1,105.98,8.1657,1.8101,0.45227,2.3765,0.12718,0.0020723,0,0.20942
40.758,1,105.98,8.1679,1.8122,0.45046,2.3524,0.12724,0.0020858,0,0.21016
40.765,1,106.07,8.1699,1.8132,0.44996,2.3411,0.12729,0.0021012,0,0.21115
40.771,1,106.15,8.1715,1.8134,0.45179,2.3435,0.12733,0.0021179,0,0.21201
40.776,1,106.27,8.1729,1.8141,0.4528,2.3403,0.12734,0.0021364,0,0.21277
40.783,1,106.3,8.1719,1.8092,0.4545,2.3689,0.12735,0.002156,0,0.2134
40.789,1,106.24,8.169,1.8029,0.45856,2.3721,0.12736,0.002176,0,0.21375
40.795,1,106.2,8.1642,1.7957,0.45837,2.3905,0.12724,0.0021963,0,0.21377
40.801,1,106.18,8.1578,1.7881,0.45709,2.3957,0.12721,0.002216,0,0.21386
40.807,1,106.14,8.1499,1.7791,0.46102,2.3806,0.12724,0.0022345,0,0.21518
40.813,1,106.2,8.1418,1.7718,0.46327,2.3769,0.12728,0.002251,0,0.21663
40.818,1,106.3,8.1389,1.7775,0.46286,2.3694,0.12733,0.0022653,0,0.21829
40.824,1,106.35,8.1388,1.7773,0.46223,2.3861,0.12734,0.0022764,0,0.21992
40.83,1,106.23,8.1376,1.7638,0.4594,2.3753,0.1273,0.0022842,0,0.22152
40.836,1,106.3,8.1356,1.7486,0.45928,2.3485,0.12732,0.0022885,0,0.22311
40.841,1,106.41,8.1357,1.7398,0.45852,2.3297,0.12737,0.0022889,0,0.22326
40.847,1,106.52,8.1358,1.7362,0.45653,2.3176,0.12742,0.0022841,0,0.22204
40.853,1,106.61,8.1356,1.7429,0.45844,2.3213,0.12747,0.0022724,0,0.22122
40.86,1,106.67,8.1346,1.7471,0.4623,2.3178,0.1275,0.0022548,0,0.22099
40.866,1,106.54,8.1334,1.7497,0.46629,2.3462,0.12743,0.0022328,0,0.22107
40.872,1,106.41,8.1322,1.7524,0.46935,2.373,0.12736,0.0022057,0,0.22079
40.878,1,106.45,8.1306,1.7545,0.46864,2.4012,0.12734,0.0021771,0,0.22109
40.884,1,106.38,8.1297,1.7579,0.47015,2.4068,0.12731,0.0021482,0,0.22158
40.889,1,106.29,8.1298,1.7633,0.46916,2.4032,0.12724,0.0021246,0,0.22156
40.896,1,106.04,8.1306,1.7671,0.4658,2.3783,0.12716,0.0021059,0,0.2198
40.901,1,105.76,8.132,1.7711,0.45976,2.3563,0.1271,0.0020868,0,0.21792
40.907,1,105.86,8.1339,1.7747,0.45648,2.3396,0.12704,0.0020683,0,0.21611
40.913,1,105.84,8.1358,1.7774,0.45512,2.3689,0.127,0.0020579,0,0.21447
40.919,1,105.82,8.1381,1.7807,0.45469,2.3847,0.12696,0.0020488,0,0.21371
40.925,1,105.9,8.1402,1.7831,0.45422,2.3626,0.127,0.0020434,0,0.21455
40.931,1,105.98,8.1424,1.7854,0.45423,2.3505,0.12704,0.00204,0,0.21553
40.936,1,105.94,8.1447,1.7875,0.4585,2.3392,0.12709,0.0020388,0,0.21646
40.942,1,106.04,8.1475,1.7916,0.45801,2.3618,0.12707,0.0020387,0,0.21728
40.948,1,106.13,8.1502,1.7954,0.45757,2.3829,0.12712,0.0020409,0,0.21799
40.955,1,106.2,8.1528,1.798,0.45753,2.3668,0.12715,0.0020464,0,0.21861
40.961,1,106.26,8.1554,1.8007,0.45918,2.3832,0.12718,0.002054,0,0.21799
40.966,1,106.2,8.1581,1.8035,0.45885,2.41,0.1272,0.002064,0,0.21516
40.972,1,106.26,8.1607,1.8061,0.45789,2.4364,0.12721,0.0020759,0,0.21208
40.978,1,106.16,8.1629,1.807,0.45759,2.4315,0.12724,0.0020896,0,0.21015
40.984,1,106.25,8.1653,1.8098,0.45787,2.4007,0.12727,0.0021051,0,0.21022
40.99,1,106.1,8.1673,1.8109,0.45564,2.3848,0.12723,0.0021218,0,0.21004
40.995,1,106.19,8.1696,1.8136,0.45463,2.348,0.12727,0.0021404,0,0.21033
41.001,1,106.29,8.1716,1.8149,0.45476,2.3399,0.12731,0.0021601,0,0.21135
41.008,1,106.36,8.1732,1.8148,0.45717,2.3478,0.12734,0.0021799,0,0.21222
41.013,1,106.41,8.1745,1.8147,0.4568,2.3303,0.12735,0.0022004,0,0.21301
41.019,1,106.34,8.1738,1.8103,0.45671,2.3474,0.12738,0.0022209,0,0.21367
41.025,1,106.35,8.1712,1.8042,0.4582,2.3345,0.12738,0.0022407,0,0.21412
41.031,1,106.25,8.1664,1.7959,0.45805,2.3634,0.12731,0.002259,0,0.21421
41.037,1,106.3,8.16,1.7885,0.46222,2.3816,0.12729,0.002275,0,0.21402
41.043,1,106.2,8.1521,1.7788,0.46641,2.3781,0.12729,0.002288,0,0.21513
41.049,1,106.25,8.1439,1.7668,0.46916,2.4066,0.12732,0.0022978,0,0.21653
41.055,1,106.33,8.1405,1.7688,0.4687,2.3948,0.12731,0.0023038,0,0.21812
41.061,1,106.22,8.14,1.766,0.46453,2.3893,0.12727,0.0023059,0,0.21972
41.067,1,106.23,8.1383,1.7509,0.46388,2.3834,0.12728,0.0023049,0,0.22131
41.072,1,106.31,8.1352,1.732,0.46171,2.3649,0.12733,0.0023009,0,0.222
41.078,1,106.42,8.1342,1.7302,0.45627,2.3552,0.12738,0.0022903,0,0.22086
41.084,1,106.53,8.1329,1.7383,0.45344,2.3332,0.12743,0.0022731,0,0.2202
41.09,1,106.56,8.1321,1.7449,0.4568,2.3237,0.12745,0.0022504,0,0.21997
41.096,1,106.42,8.1313,1.7485,0.46041,2.3187,0.12739,0.0022245,0,0.22002
41.102,1,106.29,8.1308,1.752,0.46425,2.322,0.12731,0.0021949,0,0.21972
41.108,1,106.38,8.13,1.7552,0.46368,2.377,0.12729,0.0021629,0,0.22007
41.114,1,106.44,8.1289,1.7566,0.46709,2.4311,0.12733,0.0021374,0,0.22059
41.12,1,106.42,8.1284,1.7601,0.47131,2.4087,0.12733,0.0021162,0,0.22127
41.126,1,106.29,8.1287,1.7642,0.47122,2.412,0.12727,0.0020974,0,0.222
41.131,1,106.12,8.13,1.7687,0.4671,2.3853,0.12719,0.0020766,0,0.22149
41.137,1,105.86,8.132,1.7734,0.4606,2.384,0.12705,0.0020639,0,0.2198
41.143,1,105.77,8.1342,1.7767,0.45529,2.4009,0.12703,0.0020533,0,0.21805
41.149,1,105.86,8.1366,1.7799,0.45445,2.3773,0.127,0.0020466,0,0.21646
41.155,1,105.82,8.1389,1.7823,0.45212,2.3582,0.12699,0.0020423,0,0.2154
41.161,1,105.77,8.1415,1.7848,0.45175,2.3464,0.12702,0.0020403,0,0.21507
41.167,1,105.81,8.144,1.7878,0.45377,2.3386,0.127,0.0020405,0,0.21631
41.173,1,105.92,8.1471,1.7928,0.45342,2.3224,0.12704,0.0020415,0,0.21751
41.179,1,106.02,8.1499,1.7956,0.45358,2.3582,0.12709,0.0020455,0,0.21858
41.185,1,106.11,8.1528,1.7985,0.45472,2.3531,0.12714,0.0020523,0,0.21953
41.191,1,106.21,8.156,1.8022,0.45885,2.3701,0.12719,0.0020607,0,0.22039
41.197,1,106.28,8.159,1.8046,0.46257,2.3809,0.12723,0.0020717,0,0.21858
41.203,1,106.3,8.1618,1.8064,0.46156,2.3813,0.12725,0.0020847,0,0.21603
41.209,1,106.36,8.1646,1.8087,0.46055,2.4132,0.12728,0.0020997,0,0.21309
41.215,1,106.28,8.1671,1.8099,0.45921,2.4179,0.12724,0.002116,0,0.21041
41.221,1,106.17,8.1693,1.8113,0.45649,2.3869,0.12724,0.0021335,0,0.20974
41.227,1,106.26,8.1714,1.8128,0.45593,2.3643,0.12728,0.002152,0,0.20956
41.232,1,106.37,8.1735,1.8146,0.456,2.3411,0.12732,0.0021717,0,0.20991
41.238,1,106.45,8.1754,1.8149,0.4579,2.3336,0.12735,0.0021915,0,0.21087
41.244,1,106.55,8.1773,1.8158,0.45835,2.3229,0.12738,0.0022118,0,0.21175
41.25,1,106.54,8.1786,1.8143,0.45796,2.3272,0.12735,0.0022312,0,0.21247
41.256,1,106.48,8.1777,1.8085,0.45955,2.3345,0.12738,0.0022492,0,0.21309
41.262,1,106.46,8.175,1.8027,0.46371,2.3209,0.12739,0.0022654,0,0.21352
41.268,1,106.35,8.1701,1.7928,0.46279,2.3642,0.12736,0.0022784,0,0.21356
41.275,1,106.3,8.1637,1.7784,0.46554,2.4323,0.1273,0.0022881,0,0.21335
41.28,1,106.22,8.1555,1.76,0.46924,2.4374,0.12723,0.0022942,0,0.21446
41.286,1,106.08,8.1465,1.7412,0.46818,2.4279,0.12717,0.002297,0,0.21585
41.292,1,106.07,8.1416,1.7352,0.46624,2.396,0.12721,0.0022954,0,0.21743
41.298,1,106.15,8.1391,1.7288,0.46455,2.394,0.12724,0.0022907,0,0.21902
41.304,1,106.25,8.1351,1.7233,0.45882,2.3893,0.12729,0.0022794,0,0.21796
41.31,1,106.35,8.129,1.7233,0.45451,2.3857,0.12735,0.0022627,0,0.21744
41.315,1,106.39,8.1258,1.7323,0.45253,2.3763,0.12738,0.002243,0,0.21743
41.321,1,106.27,8.1239,1.7397,0.45227,2.3401,0.12733,0.0022174,0,0.21732
41.327,1,106.11,8.1232,1.7462,0.45539,2.3298,0.12726,0.002189,0,0.21705
41.333,1,106.15,8.1227,1.7514,0.45738,2.3153,0.1272,0.0021566,0,0.21749
41.339,1,106.25,8.1226,1.7553,0.4594,2.3523,0.12725,0.0021305,0,0.21803
41.345,1,106.32,8.1222,1.7569,0.46329,2.4053,0.12729,0.0021102,0,0.21882
41.351,1,106.26,8.1219,1.7581,0.46732,2.4346,0.12726,0.0020921,0,0.21968
41.357,1,106.12,8.1225,1.762,0.47149,2.4094,0.12719,0.0020721,0,0.22063
41.363,1,105.95,8.1239,1.7663,0.46905,2.4192,0.12711,0.0020612,0,0.22159
41.369,1,105.91,8.126,1.7703,0.46298,2.4336,0.12706,0.0020523,0,0.2207
41.374,1,105.83,8.1285,1.7746,0.45725,2.3844,0.12708,0.0020463,0,0.21939
41.38,1,105.77,8.1313,1.7787,0.45417,2.3675,0.12703,0.0020426,0,0.218
41.386,1,105.84,8.1343,1.7835,0.45303,2.3524,0.12701,0.0020412,0,0.21676
41.392,1,105.78,8.1373,1.7871,0.45145,2.3451,0.127,0.0020419,0,0.21617
41.398,1,105.79,8.1407,1.7918,0.45028,2.3285,0.12702,0.0020435,0,0.21613
41.404,1,105.88,8.1439,1.7945,0.44864,2.3262,0.12706,0.0020483,0,0.21748
41.41,1,105.96,8.1472,1.7973,0.44915,2.319,0.12711,0.0020553,0,0.21906
41.416,1,106.06,8.1508,1.8006,0.45339,2.3333,0.12716,0.0020643,0,0.22057
41.422,1,106.14,8.1543,1.8029,0.45776,2.3397,0.12721,0.0020757,0,0.22192
41.428,1,106.22,8.1578,1.8052,0.46217,2.3761,0.12725,0.0020892,0,0.22122
41.434,1,106.3,8.161,1.8068,0.46645,2.3779,0.12728,0.0021047,0,0.21927
41.44,1,106.32,8.1641,1.8085,0.46719,2.3599,0.12727,0.0021218,0,0.21699
41.446,1,106.4,8.1671,1.8104,0.46357,2.3483,0.12728,0.0021403,0,0.21442
41.452,1,106.4,8.1696,1.8111,0.46016,2.3832,0.12726,0.0021596,0,0.2118
41.458,1,106.37,8.172,1.8125,0.45932,2.3708,0.12729,0.0021796,0,0.20973
41.464,1,106.42,8.1741,1.8131,0.45949,2.3534,0.12732,0.0021995,0,0.20959
41.469,1,106.52,8.1761,1.8141,0.46021,2.335,0.12736,0.0022197,0,0.2099
41.475,1,106.59,8.178,1.8145,0.4641,2.3288,0.12737,0.0022393,0,0.21091
41.481,1,106.62,8.1798,1.8147,0.46249,2.3292,0.12737,0.0022579,0,0.21181
41.487,1,106.57,8.1808,1.8126,0.46178,2.3211,0.12738,0.0022743,0,0.21255
41.494,1,106.6,8.1792,1.8055,0.46239,2.3268,0.12741,0.0022874,0,0.21318
41.5,1,106.52,8.1757,1.7963,0.4622,2.3362,0.12739,0.0022971,0,0.2136
41.506,1,106.36,8.1703,1.7816,0.46252,2.4141,0.12734,0.002303,0,0.21368
41.511,1,106.28,8.163,1.764,0.46663,2.4332,0.12722,0.0023048,0,0.21345
41.518,1,106.04,8.1541,1.7434,0.46874,2.4319,0.12716,0.0023031,0,0.21455
41.523,1,105.99,8.1444,1.7222,0.46808,2.4336,0.12717,0.002298,0,0.21593
41.529,1,106.05,8.1389,1.7172,0.46776,2.4125,0.1272,0.0022874,0,0.21747
41.535,1,106.14,8.1352,1.7208,0.46314,2.4134,0.12724,0.0022725,0,0.21682
41.54,1,106.26,8.1295,1.7234,0.45799,2.3889,0.1273,0.0022505,0,0.21622
41.547,1,106.22,8.1239,1.7267,0.45383,2.3834,0.12733,0.0022247,0,0.21606
41.552,1,106.05,8.1214,1.7361,0.4516,2.3743,0.12725,0.0021956,0,0.21582
41.558,1,105.88,8.1199,1.7416,0.45187,2.3692,0.12716,0.0021668,0,0.21568
41.564,1,106,8.1195,1.7492,0.45466,2.3789,0.12716,0.0021396,0,0.21615
41.57,1,106.1,8.1194,1.7531,0.45547,2.3817,0.1272,0.0021175,0,0.21674
41.576,1,106.07,8.1195,1.7554,0.45897,2.3749,0.12717,0.002099,0,0.21758
41.582,1,105.92,8.1198,1.758,0.46274,2.4044,0.12709,0.0020775,0,0.21852
41.588,1,105.74,8.1201,1.7592,0.46336,2.4337,0.12701,0.0020667,0,0.21954
41.594,1,105.7,8.1211,1.7628,0.46235,2.4205,0.12695,0.0020568,0,0.22061
41.599,1,105.79,8.1229,1.7674,0.46206,2.4378,0.127,0.0020502,0,0.22172
41.605,1,105.88,8.1252,1.7713,0.45812,2.41,0.12704,0.0020463,0,0.22218
41.611,1,105.76,8.1282,1.7777,0.45615,2.3741,0.12706,0.002044,0,0.22102
41.617,1,105.7,8.1314,1.783,0.45464,2.3534,0.127,0.0020435,0,0.21978
41.623,1,105.75,8.1348,1.7872,0.45196,2.3434,0.12701,0.0020447,0,0.2186
41.629,1,105.83,8.138,1.7899,0.45066,2.3396,0.12703,0.0020487,0,0.21769
41.635,1,105.83,8.1416,1.7937,0.44701,2.3257,0.12706,0.0020551,0,0.2176
41.641,1,105.92,8.145,1.7962,0.44867,2.322,0.1271,0.0020634,0,0.21796
41.647,1,106.03,8.1487,1.7992,0.45291,2.3125,0.12714,0.0020738,0,0.21977
41.653,1,106.13,8.1524,1.8018,0.45733,2.3114,0.12718,0.0020863,0,0.22149
41.659,1,106.22,8.156,1.8036,0.46178,2.3454,0.12722,0.0021008,0,0.22303
41.665,1,106.29,8.1591,1.8048,0.4661,2.3687,0.12725,0.0021169,0,0.22218
41.671,1,106.38,8.1625,1.8075,0.47039,2.3382,0.12729,0.0021347,0,0.22058
41.677,1,106.4,8.1656,1.8092,0.47108,2.3296,0.12732,0.0021538,0,0.21861
41.683,1,106.37,8.1685,1.8103,0.46481,2.3217,0.12728,0.0021734,0,0.2163
41.689,1,106.42,8.1709,1.811,0.46289,2.3411,0.1273,0.0021929,0,0.21387
41.695,1,106.51,8.1736,1.8134,0.46197,2.3416,0.12731,0.0022132,0,0.21143
41.701,1,106.53,8.1757,1.8133,0.46367,2.3402,0.12734,0.0022322,0,0.2105
41.707,1,106.59,8.1776,1.8132,0.46758,2.329,0.12735,0.00225,0,0.2101
41.712,1,106.66,8.1795,1.8138,0.47098,2.3197,0.12738,0.0022662,0,0.21055
41.718,1,106.7,8.1811,1.8133,0.46963,2.3204,0.12741,0.0022794,0,0.21139
41.725,1,106.66,8.1821,1.8119,0.46827,2.3103,0.12742,0.0022891,0,0.2121
41.731,1,106.69,8.1807,1.8037,0.46586,2.3345,0.12744,0.0022948,0,0.21269
41.737,1,106.54,8.1773,1.7896,0.46483,2.38,0.12739,0.0022969,0,0.21307
41.743,1,106.25,8.1717,1.7723,0.46725,2.4127,0.12728,0.0022948,0,0.21311
41.749,1,106.15,8.1642,1.7519,0.47116,2.4422,0.12715,0.0022892,0,0.21289
41.755,1,106.03,8.1544,1.7282,0.46929,2.4316,0.12716,0.0022771,0,0.21413
41.761,1,106.01,8.1435,1.7096,0.46728,2.4472,0.12718,0.0022595,0,0.2155
41.767,1,106.07,8.1368,1.7113,0.46695,2.4335,0.12721,0.0022371,0,0.2159
41.772,1,106.01,8.1322,1.7202,0.46291,2.4205,0.12721,0.0022126,0,0.21526
41.778,1,105.86,8.1261,1.723,0.45781,2.388,0.12715,0.0021826,0,0.21498
41.784,1,105.73,8.1208,1.7262,0.45374,2.386,0.12708,0.0021531,0,0.21468
41.79,1,105.79,8.1185,1.7357,0.45055,2.4062,0.12709,0.0021298,0,0.21435
41.796,1,105.86,8.1171,1.7418,0.45012,2.4377,0.12714,0.002111,0,0.21477
41.801,1,105.94,8.1168,1.7476,0.45165,2.414,0.12716,0.0020926,0,0.2153
41.807,1,105.89,8.1172,1.7535,0.45472,2.385,0.12708,0.0020726,0,0.2161
41.813,1,105.74,8.1178,1.7576,0.45805,2.4199,0.127,0.0020619,0,0.21699
41.819,1,105.57,8.1188,1.7619,0.45817,2.4397,0.12692,0.0020515,0,0.21803
41.825,1,105.61,8.1197,1.7625,0.45736,2.4467,0.12693,0.002046,0,0.2191
41.831,1,105.69,8.1209,1.7644,0.45718,2.4244,0.12698,0.0020428,0,0.22024
41.837,1,105.66,8.1228,1.77,0.45602,2.4266,0.127,0.0020419,0,0.22158
41.843,1,105.6,8.1254,1.7759,0.45389,2.3939,0.12698,0.0020427,0,0.22281
41.849,1,105.69,8.1288,1.7825,0.45246,2.3589,0.12699,0.0020445,0,0.22177
41.855,1,105.7,8.1321,1.7864,0.44993,2.3514,0.12703,0.0020497,0,0.22071
41.861,1,105.78,8.1356,1.7897,0.44776,2.3425,0.12702,0.0020571,0,0.21965
41.866,1,105.89,8.1397,1.7943,0.4481,2.3249,0.12707,0.0020664,0,0.21872
41.873,1,105.98,8.1436,1.7967,0.44799,2.3231,0.1271,0.002078,0,0.21867
41.879,1,106.04,8.1471,1.798,0.44927,2.3227,0.12713,0.0020917,0,0.21882
41.885,1,106.13,8.1509,1.8008,0.45362,2.3125,0.12716,0.0021072,0,0.22055
41.891,1,106.21,8.1546,1.8028,0.45808,2.3116,0.1272,0.0021244,0,0.22237
41.897,1,106.29,8.1583,1.805,0.46262,2.3323,0.12725,0.0021432,0,0.22176
41.903,1,106.36,8.1618,1.8067,0.46709,2.3279,0.1273,0.0021631,0,0.22057
41.909,1,106.35,8.165,1.8079,0.46916,2.3218,0.12734,0.0021836,0,0.21897
41.915,1,106.4,8.1679,1.8091,0.46991,2.3147,0.12733,0.0022041,0,0.217
41.921,1,106.41,8.1706,1.8102,0.46933,2.3127,0.12729,0.002224,0,0.21499
41.927,1,106.49,8.1733,1.8121,0.46831,2.303,0.12732,0.0022436,0,0.21326
41.933,1,106.59,8.1759,1.8133,0.46773,2.3197,0.12736,0.0022619,0,0.21158
41.939,1,106.61,8.1779,1.8125,0.47016,2.3226,0.12737,0.0022777,0,0.20998
41.945,1,106.64,8.1798,1.8124,0.47225,2.3184,0.1274,0.0022907,0,0.20969
41.95,1,106.68,8.1816,1.8128,0.47392,2.3114,0.12743,0.0023003,0,0.21065
41.957,1,106.69,8.1831,1.812,0.47516,2.3154,0.12745,0.002306,0,0.21147
41.963,1,106.72,8.1837,1.8072,0.47306,2.33,0.12743,0.0023074,0,0.21217
41.969,1,106.64,8.182,1.7943,0.46789,2.3641,0.12739,0.0023046,0,0.21274
41.975,1,106.37,8.1779,1.7765,0.46982,2.3824,0.12736,0.0022976,0,0.21305
41.981,1,106.13,8.1713,1.7546,0.47191,2.4273,0.12723,0.0022856,0,0.21303
41.987,1,106.14,8.1622,1.7312,0.4706,2.4485,0.12714,0.0022682,0,0.21299
41.993,1,106,8.1512,1.7105,0.46807,2.4832,0.12716,0.0022456,0,0.21434
41.999,1,106.01,8.1393,1.7009,0.46701,2.4697,0.12719,0.0022195,0,0.21543
42.005,1,105.85,8.1319,1.7116,0.4636,2.4393,0.12713,0.0021902,0,0.2148
42.01,1,105.69,8.127,1.7238,0.45872,2.4247,0.12705,0.0021623,0,0.21457
42.016,1,105.74,8.1211,1.7225,0.45377,2.4194,0.12707,0.0021375,0,0.21414
42.022,1,105.85,8.1163,1.727,0.44981,2.4668,0.12713,0.002117,0,0.21402
42.028,1,105.9,8.114,1.736,0.4498,2.4707,0.12716,0.0020987,0,0.21445
42.034,1,105.63,8.1132,1.7449,0.4497,2.4458,0.12701,0.0020781,0,0.21505
42.04,1,105.44,8.1134,1.7529,0.45104,2.4377,0.12693,0.0020674,0,0.21589
42.045,1,105.35,8.1143,1.7583,0.45302,2.4515,0.12688,0.0020581,0,0.21684
42.051,1,105.47,8.1158,1.7635,0.45163,2.4271,0.12692,0.002051,0,0.21793
42.057,1,105.55,8.117,1.764,0.45094,2.4509,0.12695,0.0020469,0,0.21904
42.063,1,105.63,8.1184,1.7654,0.45082,2.4281,0.12695,0.0020447,0,0.22024
42.069,1,105.52,8.1199,1.7691,0.45166,2.4167,0.12692,0.0020446,0,0.2216
42.075,1,105.58,8.1221,1.7745,0.45004,2.4096,0.12696,0.0020468,0,0.223
42.081,1,105.69,8.1249,1.7801,0.44907,2.3829,0.12699,0.002052,0,0.22371
42.087,1,105.78,8.1285,1.7857,0.44829,2.3537,0.12701,0.0020585,0,0.22286
42.093,1,105.82,8.1323,1.7896,0.44801,2.3405,0.12706,0.0020675,0,0.22198
42.098,1,105.87,8.1361,1.7925,0.44703,2.3339,0.12707,0.0020784,0,0.22097
42.104,1,105.97,8.1404,1.7962,0.45039,2.3203,0.12711,0.0020914,0,0.22008
42.111,1,106.05,8.1445,1.7983,0.4506,2.3172,0.12714,0.0021063,0,0.22005
42.117,1,106.12,8.1482,1.7992,0.45323,2.3159,0.12717,0.0021226,0,0.22027
42.122,1,106.2,8.152,1.8017,0.45739,2.3066,0.12722,0.0021406,0,0.22101
42.129,1,106.28,8.1559,1.804,0.46175,2.3055,0.12727,0.0021599,0,0.22126
42.135,1,106.35,8.1595,1.8052,0.46614,2.3221,0.12731,0.0021798,0,0.22058
42.141,1,106.42,8.1629,1.8068,0.46985,2.3145,0.12735,0.0021999,0,0.21942
42.147,1,106.45,8.1662,1.8082,0.47015,2.3077,0.12733,0.0022197,0,0.21787
42.153,1,106.52,8.1693,1.8097,0.47252,2.3037,0.12736,0.0022385,0,0.21608
42.159,1,106.48,8.1719,1.8102,0.47096,2.3065,0.12733,0.002255,0,0.21429
42.165,1,106.54,8.1745,1.8114,0.4696,2.3006,0.12736,0.0022693,0,0.21306
42.17,1,106.62,8.177,1.8123,0.47234,2.298,0.12739,0.0022806,0,0.21176
42.176,1,106.66,8.179,1.8119,0.47466,2.3156,0.12739,0.0022885,0,0.21117
42.182,1,106.65,8.1809,1.8116,0.47655,2.3124,0.12742,0.0022928,0,0.21064
42.188,1,106.71,8.1826,1.8119,0.47784,2.3129,0.12745,0.0022926,0,0.21068
42.194,1,106.73,8.1841,1.8102,0.47827,2.3284,0.12743,0.0022882,0,0.21147
42.2,1,106.66,8.1851,1.8022,0.47482,2.3721,0.12739,0.0022774,0,0.21214
42.206,1,106.53,8.1837,1.7877,0.4734,2.4139,0.12736,0.0022606,0,0.2127
42.212,1,106.23,8.18,1.7692,0.47114,2.4453,0.12738,0.0022381,0,0.21306
42.218,1,106.08,8.1735,1.7465,0.46789,2.4409,0.12723,0.0022122,0,0.21308
42.224,1,105.98,8.1646,1.7252,0.46159,2.4586,0.12713,0.002184,0,0.21285
42.23,1,105.87,8.1532,1.7056,0.46032,2.5037,0.12707,0.0021556,0,0.21416
42.236,1,105.73,8.1402,1.7012,0.45992,2.486,0.127,0.0021327,0,0.21475
42.242,1,105.66,8.1315,1.7168,0.45578,2.4668,0.12704,0.0021135,0,0.21445
42.248,1,105.69,8.1268,1.7275,0.45257,2.4709,0.12704,0.0020967,0,0.2142
42.253,1,105.65,8.1221,1.725,0.45055,2.493,0.12703,0.0020774,0,0.21382
42.259,1,105.75,8.1159,1.7272,0.45011,2.4703,0.12708,0.0020656,0,0.21417
42.265,1,105.57,8.1135,1.7395,0.45071,2.461,0.127,0.0020564,0,0.21467
42.271,1,105.41,8.1127,1.7501,0.44993,2.4683,0.12692,0.0020494,0,0.21544
42.277,1,105.42,8.1134,1.7581,0.45028,2.4543,0.12693,0.0020449,0,0.21633
42.283,1,105.5,8.1143,1.7614,0.44861,2.4518,0.12696,0.0020439,0,0.21735
42.289,1,105.49,8.1158,1.764,0.4475,2.4386,0.12696,0.0020444,0,0.21846
42.295,1,105.45,8.1175,1.7662,0.44753,2.4367,0.12689,0.0020463,0,0.21968
42.301,1,105.51,8.1188,1.7698,0.44901,2.4052,0.12692,0.0020514,0,0.2211
42.307,1,105.6,8.1205,1.7739,0.44733,2.3904,0.12696,0.0020586,0,0.22255
42.313,1,105.68,8.1228,1.7789,0.4459,2.3813,0.12698,0.0020682,0,0.22404
42.319,1,105.78,8.126,1.7844,0.44608,2.358,0.12702,0.0020798,0,0.224
42.324,1,105.82,8.1299,1.7899,0.448,2.3362,0.12704,0.0020934,0,0.22315
42.33,1,105.89,8.134,1.7932,0.44849,2.3328,0.12709,0.0021089,0,0.22223
42.336,1,105.95,8.1379,1.7951,0.44988,2.3273,0.12711,0.0021257,0,0.22134
42.342,1,106.04,8.1421,1.7977,0.45264,2.3138,0.12715,0.0021441,0,0.22062
42.348,1,106.12,8.1463,1.8003,0.45596,2.3029,0.12719,0.0021638,0,0.22073
42.354,1,106.19,8.1501,1.8013,0.46007,2.3069,0.12723,0.0021839,0,0.22099
42.36,1,106.27,8.1542,1.8036,0.46448,2.3021,0.12726,0.0022046,0,0.22092
42.366,1,106.35,8.1579,1.805,0.46898,2.306,0.1273,0.002225,0,0.22087
42.372,1,106.44,8.1617,1.807,0.47359,2.3079,0.12733,0.0022448,0,0.22036
42.379,1,106.52,8.1654,1.8085,0.476,2.3029,0.12736,0.002263,0,0.21937
42.385,1,106.56,8.1687,1.8096,0.47552,2.3005,0.12735,0.0022786,0,0.21801
42.391,1,106.61,8.1716,1.8103,0.4741,2.3,0.12738,0.0022909,0,0.21637
42.397,1,106.52,8.1742,1.8104,0.47227,2.3026,0.12737,0.0023,0,0.21475
42.402,1,106.59,8.1769,1.8116,0.47397,2.2975,0.12738,0.0023051,0,0.21361
42.408,1,106.65,8.1794,1.8119,0.47628,2.3017,0.1274,0.0023063,0,0.21248
42.414,1,106.7,8.1812,1.811,0.47809,2.3087,0.12741,0.0023044,0,0.2119
42.42,1,106.73,8.1829,1.8106,0.47936,2.3309,0.12743,0.0022978,0,0.21164
42.426,1,106.7,8.1846,1.8082,0.4796,2.3589,0.12742,0.0022833,0,0.21082
42.432,1,106.6,8.186,1.8007,0.47784,2.3941,0.12738,0.0022631,0,0.21141
42.438,1,106.29,8.1861,1.7879,0.47604,2.3978,0.12733,0.0022372,0,0.21209
42.444,1,105.94,8.1833,1.7682,0.47011,2.4305,0.12725,0.0022084,0,0.21266
42.45,1,105.98,8.1778,1.746,0.46662,2.4484,0.12722,0.0021782,0,0.21299
42.456,1,106.08,8.1691,1.7251,0.46128,2.4326,0.12716,0.002147,0,0.21297
42.462,1,105.94,8.1577,1.7098,0.46002,2.4667,0.12713,0.0021233,0,0.21308
42.468,1,105.84,8.145,1.706,0.46001,2.5041,0.12706,0.0021046,0,0.21394
42.474,1,105.68,8.132,1.7085,0.45889,2.5462,0.12699,0.0020842,0,0.21349
42.48,1,105.55,8.1247,1.7175,0.45523,2.57,0.12698,0.0020681,0,0.2129
42.486,1,105.6,8.1203,1.7257,0.45242,2.528,0.12701,0.0020588,0,0.21282
42.491,1,105.47,8.1147,1.7304,0.44962,2.4688,0.12695,0.00205,0,0.21312
42.497,1,105.36,8.1103,1.7373,0.44948,2.4834,0.1269,0.0020447,0,0.21365
42.503,1,105.39,8.109,1.7492,0.44992,2.4631,0.12691,0.0020416,0,0.2144
42.509,1,105.47,8.1091,1.7569,0.44813,2.4547,0.12695,0.0020409,0,0.2153
42.515,1,105.45,8.1105,1.7631,0.44522,2.4474,0.12694,0.0020417,0,0.21634
42.521,1,105.33,8.1125,1.7665,0.44466,2.4345,0.12688,0.0020442,0,0.21749
42.527,1,105.37,8.1142,1.7668,0.44533,2.4423,0.1269,0.00205,0,0.2187
42.533,1,105.47,8.116,1.7705,0.44599,2.4145,0.12695,0.002058,0,0.22015
42.539,1,105.55,8.1179,1.7745,0.44405,2.3895,0.12695,0.002068,0,0.22171
42.545,1,105.64,8.12,1.7782,0.44346,2.3727,0.12699,0.0020801,0,0.22329
42.551,1,105.72,8.1229,1.7833,0.44552,2.372,0.12703,0.0020941,0,0.22491
42.557,1,105.76,8.1263,1.7875,0.44822,2.3547,0.127,0.0021096,0,0.2255
42.562,1,105.87,8.1307,1.7925,0.45098,2.3325,0.12706,0.002127,0,0.22482
42.568,1,105.87,8.1347,1.7944,0.45136,2.3307,0.1271,0.0021452,0,0.22413
42.574,1,105.97,8.139,1.7968,0.45499,2.3209,0.1271,0.0021645,0,0.22323
42.58,1,106.08,8.1435,1.7997,0.45548,2.306,0.12715,0.0021848,0,0.22251
42.586,1,106.18,8.1478,1.8013,0.45894,2.3014,0.12718,0.0022054,0,0.22253
42.592,1,106.26,8.1517,1.8022,0.46314,2.3055,0.12722,0.0022254,0,0.22258
42.598,1,106.33,8.1557,1.804,0.46753,2.3028,0.12725,0.0022448,0,0.2207
42.604,1,106.41,8.1597,1.8059,0.47204,2.3034,0.1273,0.0022629,0,0.21954
42.61,1,106.48,8.1635,1.8073,0.47617,2.3009,0.12735,0.0022786,0,0.21899
42.617,1,106.5,8.167,1.8086,0.47586,2.2968,0.12739,0.002291,0,0.21802
42.623,1,106.56,8.1702,1.8092,0.47668,2.2946,0.12738,0.0022998,0,0.21672
42.629,1,106.61,8.173,1.8095,0.47517,2.2956,0.1274,0.0023049,0,0.2153
42.635,1,106.6,8.1755,1.8095,0.47716,2.3028,0.12736,0.0023069,0,0.21396
42.64,1,106.67,8.1782,1.8109,0.47968,2.2975,0.12738,0.0023044,0,0.21303
42.646,1,106.7,8.1805,1.8109,0.4816,2.3072,0.12739,0.0022983,0,0.21202
42.652,1,106.73,8.1824,1.8102,0.48287,2.3158,0.12742,0.0022867,0,0.21208
42.658,1,106.73,8.184,1.8082,0.481,2.3289,0.12743,0.0022708,0,0.21206
42.664,1,106.62,8.1856,1.8027,0.47847,2.3684,0.12739,0.0022471,0,0.21139
42.67,1,106.4,8.1868,1.7931,0.47533,2.4048,0.1273,0.0022202,0,0.21147
42.676,1,106.09,8.1868,1.7787,0.46989,2.4031,0.12722,0.002191,0,0.21213
42.682,1,105.89,8.184,1.7592,0.46682,2.413,0.1272,0.0021597,0,0.21269
42.688,1,105.97,8.1785,1.7391,0.46561,2.4479,0.12722,0.0021354,0,0.21306
42.694,1,106.07,8.1697,1.7202,0.46156,2.4332,0.12718,0.0021144,0,0.21308
42.7,1,105.97,8.1588,1.7151,0.46103,2.4815,0.12714,0.0020963,0,0.21285
42.706,1,105.88,8.1459,1.7146,0.46087,2.5668,0.12708,0.0020765,0,0.21342
42.711,1,105.73,8.1332,1.7116,0.46075,2.5728,0.12701,0.002066,0,0.21289
42.717,1,105.54,8.1246,1.7158,0.45711,2.563,0.12699,0.002056,0,0.21237
42.723,1,105.39,8.12,1.7305,0.45416,2.5048,0.12691,0.0020511,0,0.21261
42.728,1,105.41,8.1156,1.7373,0.45091,2.4987,0.12692,0.0020469,0,0.21299
42.734,1,105.52,8.11,1.7392,0.45013,2.4613,0.12698,0.0020448,0,0.21364
42.74,1,105.52,8.1085,1.751,0.44813,2.4635,0.12698,0.0020447,0,0.21443
42.746,1,105.37,8.1086,1.7591,0.44776,2.4466,0.1269,0.0020458,0,0.21539
42.752,1,105.42,8.1103,1.7649,0.4457,2.4328,0.12692,0.0020498,0,0.21644
42.758,1,105.51,8.1123,1.7669,0.44477,2.4309,0.12697,0.0020567,0,0.21761
42.764,1,105.55,8.1144,1.7714,0.44486,2.4182,0.12699,0.0020655,0,0.21904
42.77,1,105.55,8.1162,1.7741,0.44327,2.414,0.12696,0.0020765,0,0.22054
42.776,1,105.66,8.1185,1.7791,0.44387,2.379,0.12701,0.0020893,0,0.22221
42.782,1,105.73,8.1208,1.7825,0.44584,2.3645,0.12704,0.0021042,0,0.22391
42.788,1,105.78,8.1231,1.7841,0.44821,2.394,0.12707,0.0021201,0,0.22554
42.794,1,105.86,8.1267,1.7895,0.45102,2.3588,0.12706,0.0021375,0,0.2263
42.799,1,105.93,8.1311,1.7945,0.45164,2.3367,0.12711,0.0021566,0,0.22573
42.806,1,105.91,8.1354,1.7964,0.45237,2.3331,0.12713,0.0021761,0,0.22508
42.811,1,105.98,8.1398,1.7985,0.456,2.3223,0.12711,0.0021959,0,0.22427
42.817,1,106.08,8.1445,1.8013,0.4573,2.3049,0.12717,0.0022161,0,0.22356
42.823,1,106.17,8.1491,1.803,0.45997,2.2981,0.12722,0.0022355,0,0.22345
42.83,1,106.24,8.1531,1.8035,0.46388,2.3015,0.12726,0.0022532,0,0.22285
42.836,1,106.31,8.1571,1.8047,0.46806,2.3052,0.1273,0.0022686,0,0.2212
42.842,1,106.4,8.1612,1.8067,0.47253,2.2986,0.12735,0.002281,0,0.2198
42.848,1,106.48,8.165,1.808,0.47699,2.2962,0.12739,0.0022897,0,0.21951
42.854,1,106.56,8.1686,1.8089,0.47673,2.2953,0.12742,0.0022942,0,0.21876
42.86,1,106.6,8.1719,1.8094,0.47679,2.2973,0.12739,0.0022949,0,0.21769
42.867,1,106.65,8.1747,1.8092,0.47776,2.3001,0.1274,0.0022923,0,0.2163
42.872,1,106.62,8.1772,1.8088,0.48062,2.3035,0.12735,0.0022852,0,0.21487
42.878,1,106.67,8.1798,1.8098,0.48196,2.3014,0.12737,0.0022713,0,0.21387
42.884,1,106.63,8.1822,1.8099,0.48001,2.3081,0.12739,0.0022512,0,0.21295
42.89,1,106.69,8.1841,1.8066,0.47968,2.3285,0.1274,0.0022268,0,0.21223
42.896,1,106.65,8.1855,1.7988,0.48102,2.3321,0.12739,0.0022011,0,0.21237
42.901,1,106.67,8.1869,1.7903,0.47777,2.3359,0.12736,0.0021699,0,0.2119
42.907,1,106.53,8.1875,1.7776,0.47307,2.3813,0.1273,0.0021416,0,0.2113
42.914,1,106.28,8.1868,1.7611,0.46756,2.4049,0.12726,0.0021196,0,0.21196
42.92,1,106.01,8.1832,1.7419,0.46565,2.4409,0.12721,0.0021009,0,0.21253
42.925,1,105.97,8.1769,1.728,0.46464,2.4463,0.12722,0.0020801,0,0.21286
42.931,1,106.06,8.1678,1.7244,0.46353,2.4861,0.12719,0.0020674,0,0.21289
42.937,1,106.04,8.1568,1.7252,0.46237,2.5038,0.12715,0.0020572,0,0.21287
42.943,1,105.75,8.1445,1.718,0.46201,2.5316,0.12702,0.0020504,0,0.21206
42.949,1,105.45,8.1317,1.7116,0.45731,2.5463,0.1269,0.0020464,0,0.21154
42.955,1,105.4,8.1222,1.7221,0.45256,2.562,0.12692,0.0020445,0,0.21165
42.961,1,105.46,8.1174,1.7366,0.44949,2.5383,0.12695,0.0020451,0,0.21199
42.966,1,105.44,8.1139,1.7467,0.44673,2.4879,0.12694,0.0020466,0,0.21258
42.972,1,105.32,8.1082,1.7448,0.44746,2.4568,0.12687,0.0020498,0,0.21331
42.978,1,105.37,8.1072,1.7564,0.44856,2.4471,0.1269,0.0020557,0,0.2142
42.984,1,105.46,8.1074,1.7615,0.44776,2.4403,0.12694,0.0020637,0,0.2152
42.99,1,105.45,8.1093,1.7673,0.44518,2.4329,0.12694,0.0020738,0,0.21635
42.996,1,105.49,8.1113,1.7716,0.44441,2.4215,0.12695,0.0020859,0,0.21774
43.002,1,105.59,8.114,1.7777,0.44459,2.4097,0.127,0.0020999,0,0.21931
43.008,1,105.65,8.1161,1.7795,0.44559,2.419,0.12702,0.0021155,0,0.22093
43.014,1,105.74,8.1186,1.7834,0.44657,2.3816,0.12706,0.0021327,0,0.2227
43.02,1,105.83,8.1211,1.7856,0.44806,2.3699,0.1271,0.0021511,0,0.22449
43.026,1,105.93,8.1243,1.7895,0.45001,2.3743,0.12714,0.0021704,0,0.22628
43.032,1,105.91,8.1281,1.7928,0.45244,2.3637,0.1271,0.00219,0,0.22796
43.037,1,105.94,8.1327,1.7968,0.45207,2.3386,0.12714,0.0022102,0,0.22758
43.043,1,105.96,8.1371,1.7987,0.45456,2.3306,0.12718,0.0022298,0,0.22708
43.049,1,106.01,8.1417,1.8006,0.45824,2.3193,0.12719,0.0022484,0,0.22635
43.055,1,106.12,8.1465,1.8031,0.45808,2.3042,0.12722,0.0022657,0,0.22565
43.061,1,106.22,8.1511,1.8045,0.45981,2.2996,0.12727,0.0022803,0,0.22394
43.068,1,106.31,8.1554,1.8053,0.46391,2.298,0.1273,0.0022916,0,0.22268
43.074,1,106.38,8.1591,1.8052,0.46807,2.303,0.12733,0.0022994,0,0.2211
43.079,1,106.47,8.1633,1.8078,0.47247,2.295,0.12737,0.0023028,0,0.21874
43.086,1,106.56,8.1671,1.8087,0.4754,2.2993,0.12741,0.0023024,0,0.21773
43.092,1,106.53,8.1707,1.8093,0.47847,2.2976,0.1274,0.0022976,0,0.21688
43.098,1,106.59,8.1738,1.8092,0.47995,2.295,0.12738,0.002288,0,0.21575
43.104,1,106.65,8.1769,1.8094,0.47932,2.2965,0.1274,0.0022718,0,0.21443
43.11,1,106.55,8.1793,1.8086,0.47845,2.306,0.12735,0.0022524,0,0.21338
43.116,1,106.57,8.1817,1.809,0.47929,2.3057,0.12734,0.0022266,0,0.21271
43.122,1,106.63,8.1838,1.8068,0.48149,2.3262,0.12737,0.0021978,0,0.21187
43.127,1,106.64,8.1857,1.8004,0.48115,2.3267,0.1274,0.0021664,0,0.21224
43.134,1,106.67,8.1869,1.7903,0.47859,2.328,0.12736,0.0021394,0,0.21242
43.139,1,106.68,8.1875,1.7785,0.47465,2.3314,0.12736,0.0021155,0,0.21204
43.145,1,106.53,8.1871,1.7633,0.46998,2.4118,0.12731,0.0020966,0,0.21115
43.151,1,106.3,8.1839,1.745,0.46607,2.4663,0.12726,0.0020756,0,0.21178
43.157,1,106.02,8.1776,1.7289,0.46538,2.4504,0.12722,0.0020603,0,0.21228
43.164,1,105.98,8.1682,1.7244,0.46425,2.4898,0.12718,0.0020501,0,0.21255
43.17,1,105.86,8.1571,1.7246,0.45858,2.4671,0.12711,0.0020435,0,0.2125
43.175,1,105.67,8.1445,1.7176,0.45738,2.5038,0.12703,0.0020395,0,0.21178
43.181,1,105.62,8.132,1.7109,0.45709,2.6045,0.12695,0.0020383,0,0.21122
43.187,1,105.49,8.1215,1.7192,0.45333,2.5524,0.12695,0.0020385,0,0.2113
43.193,1,105.45,8.1161,1.7348,0.44898,2.5472,0.12694,0.0020403,0,0.21159
43.199,1,105.3,8.1125,1.7442,0.44716,2.5356,0.12687,0.0020444,0,0.21218
43.204,1,105.37,8.1072,1.7442,0.44743,2.4839,0.1269,0.0020502,0,0.21291
43.21,1,105.47,8.1056,1.7541,0.44736,2.4643,0.12695,0.0020585,0,0.21381
43.216,1,105.48,8.1058,1.7599,0.44579,2.451,0.12695,0.0020688,0,0.21481
43.222,1,105.47,8.1076,1.7659,0.44465,2.4357,0.12695,0.0020812,0,0.21597
43.228,1,105.56,8.1098,1.7712,0.44448,2.4164,0.12699,0.0020954,0,0.21738
43.234,1,105.63,8.1127,1.7771,0.44395,2.3977,0.12703,0.0021115,0,0.21897
43.24,1,105.71,8.1154,1.7806,0.44425,2.4114,0.12706,0.0021291,0,0.22069
43.246,1,105.79,8.1176,1.7818,0.44506,2.414,0.1271,0.0021476,0,0.22243
43.252,1,105.88,8.1198,1.7836,0.44635,2.3851,0.12713,0.0021667,0,0.22423
43.258,1,105.98,8.1226,1.787,0.44809,2.3674,0.12717,0.0021863,0,0.22608
43.263,1,106.09,8.1267,1.7921,0.45046,2.3508,0.12718,0.0022065,0,0.22795
43.269,1,106,8.1307,1.7943,0.45397,2.3445,0.12715,0.0022261,0,0.22794
43.275,1,106.03,8.1357,1.7984,0.45461,2.3208,0.12721,0.0022454,0,0.22743
43.281,1,106.01,8.1403,1.8,0.45794,2.3168,0.12722,0.002263,0,0.2268
43.287,1,106.11,8.1449,1.8012,0.45863,2.3098,0.12721,0.0022783,0,0.22608
43.293,1,106.21,8.1497,1.8035,0.4616,2.2969,0.12725,0.0022907,0,0.22477
43.299,1,106.3,8.1541,1.8044,0.46575,2.2977,0.12729,0.0022993,0,0.22353
43.306,1,106.37,8.1579,1.8044,0.46994,2.299,0.12732,0.0023043,0,0.22227
43.311,1,106.45,8.162,1.8064,0.47426,2.2966,0.12736,0.0023048,0,0.22021
43.318,1,106.53,8.1659,1.8076,0.47854,2.2989,0.12739,0.0023014,0,0.21862
43.324,1,106.59,8.1696,1.8082,0.47979,2.2958,0.12742,0.0022937,0,0.21799
43.33,1,106.51,8.173,1.8084,0.48074,2.2944,0.12742,0.0022796,0,0.21717
43.336,1,106.57,8.176,1.808,0.47958,2.2984,0.12737,0.0022612,0,0.21608
43.342,1,106.58,8.1789,1.8082,0.47757,2.3006,0.12738,0.0022371,0,0.21486
43.348,1,106.5,8.1811,1.8072,0.48011,2.3117,0.12731,0.0022119,0,0.21375
43.354,1,106.56,8.1832,1.8044,0.48226,2.3336,0.12734,0.002183,0,0.21317
43.36,1,106.57,8.1852,1.7982,0.48078,2.3338,0.12737,0.0021535,0,0.21245
43.366,1,106.62,8.1864,1.7878,0.47851,2.3481,0.12735,0.0021311,0,0.21279
43.371,1,106.66,8.187,1.7755,0.47533,2.3631,0.12736,0.0021126,0,0.21311
43.377,1,106.67,8.1868,1.7614,0.47123,2.3605,0.12736,0.0020945,0,0.21307
43.383,1,106.53,8.1852,1.7482,0.46604,2.3841,0.12734,0.0020734,0,0.21247
43.389,1,106.22,8.1809,1.7336,0.4651,2.4314,0.12729,0.0020622,0,0.21232
43.395,1,105.97,8.1737,1.7302,0.4636,2.4569,0.12712,0.0020526,0,0.21291
43.401,1,105.91,8.1643,1.7319,0.45723,2.474,0.12707,0.0020468,0,0.2133
43.407,1,105.86,8.1535,1.7267,0.4543,2.5186,0.12711,0.002043,0,0.21304
43.413,1,105.68,8.1415,1.7179,0.45421,2.5244,0.12705,0.0020416,0,0.21071
43.419,1,105.68,8.1291,1.7187,0.4542,2.5608,0.127,0.0020422,0,0.21056
43.424,1,105.48,8.1185,1.7231,0.45018,2.5543,0.12689,0.0020449,0,0.21071
43.43,1,105.39,8.1131,1.7398,0.44754,2.5042,0.12691,0.0020502,0,0.21116
43.436,1,105.47,8.1099,1.7482,0.44694,2.4952,0.12695,0.0020574,0,0.21178
43.442,1,105.53,8.1052,1.7474,0.44628,2.4586,0.12698,0.0020665,0,0.21259
43.447,1,105.49,8.1037,1.7554,0.44651,2.4552,0.12696,0.0020774,0,0.21353
43.453,1,105.56,8.1041,1.7609,0.44665,2.4554,0.12699,0.0020903,0,0.21459
43.459,1,105.62,8.106,1.7689,0.44608,2.4262,0.12702,0.0021049,0,0.21595
43.465,1,105.71,8.1088,1.7758,0.44548,2.4014,0.12706,0.0021213,0,0.21749
43.471,1,105.78,8.1117,1.7801,0.44434,2.3901,0.1271,0.002139,0,0.21916
43.477,1,105.88,8.115,1.7841,0.44408,2.373,0.12715,0.002158,0,0.22097
43.484,1,105.94,8.1176,1.7847,0.44467,2.394,0.12717,0.0021771,0,0.22281
43.489,1,106.04,8.1205,1.7871,0.44557,2.3743,0.12721,0.0021967,0,0.22474
43.495,1,106.12,8.1231,1.7878,0.44792,2.3729,0.12725,0.0022155,0,0.22665
43.501,1,106.21,8.1266,1.7911,0.45096,2.361,0.12726,0.0022337,0,0.22856
43.506,1,106.13,8.1308,1.7951,0.45432,2.3428,0.12723,0.0022505,0,0.2296
43.512,1,106.19,8.1359,1.7989,0.45617,2.3204,0.12728,0.0022652,0,0.22916
43.518,1,106.1,8.1407,1.8006,0.45994,2.3133,0.12727,0.0022766,0,0.22856
43.524,1,106.14,8.1451,1.8009,0.46191,2.311,0.12721,0.0022847,0,0.22716
43.53,1,106.24,8.15,1.8034,0.46432,2.2965,0.12725,0.0022885,0,0.22528
43.536,1,106.31,8.1545,1.8043,0.46844,2.2995,0.12729,0.0022887,0,0.22401
43.542,1,106.38,8.1584,1.8044,0.47269,2.3021,0.12732,0.0022854,0,0.22281
43.548,1,106.45,8.1625,1.8059,0.47715,2.296,0.12736,0.0022752,0,0.22101
43.554,1,106.52,8.1665,1.8068,0.47916,2.2945,0.12739,0.0022589,0,0.21938
43.561,1,106.43,8.1702,1.807,0.47782,2.2954,0.12738,0.0022365,0,0.21769
43.567,1,106.47,8.1734,1.8066,0.47746,2.2994,0.12732,0.0022103,0,0.217
43.573,1,106.48,8.1763,1.8063,0.48001,2.3019,0.12733,0.002182,0,0.21622
43.579,1,106.54,8.179,1.8063,0.4806,2.3067,0.12731,0.0021526,0,0.21516
43.585,1,106.51,8.1814,1.8048,0.48291,2.3229,0.12733,0.0021305,0,0.21406
43.59,1,106.54,8.1836,1.7995,0.48214,2.3616,0.12732,0.0021119,0,0.2134
43.596,1,106.54,8.1855,1.7912,0.48038,2.3825,0.12734,0.0020934,0,0.21297
43.602,1,106.62,8.1867,1.7796,0.4777,2.3933,0.12735,0.0020746,0,0.21258
43.608,1,106.61,8.187,1.7658,0.47296,2.3699,0.12736,0.002064,0,0.21311
43.614,1,106.46,8.1861,1.7511,0.4667,2.3491,0.12734,0.0020542,0,0.21326
43.62,1,106.22,8.184,1.7387,0.46092,2.4012,0.1273,0.0020485,0,0.21304
43.625,1,106.15,8.1805,1.7401,0.4594,2.4567,0.12728,0.0020436,0,0.21262
43.632,1,106.05,8.1746,1.744,0.45888,2.4541,0.12721,0.002042,0,0.21271
43.638,1,105.98,8.1675,1.7421,0.45544,2.4612,0.12713,0.0020425,0,0.21312
43.643,1,105.87,8.1588,1.7309,0.45401,2.4891,0.12711,0.0020451,0,0.21252
43.649,1,105.75,8.1481,1.7315,0.45232,2.5018,0.12709,0.0020506,0,0.21079
43.655,1,105.68,8.1364,1.7292,0.44705,2.5333,0.12698,0.0020579,0,0.21054
43.661,1,105.55,8.1248,1.7287,0.44408,2.5034,0.12695,0.0020677,0,0.21079
43.667,1,105.5,8.1161,1.7367,0.44289,2.4676,0.12696,0.0020793,0,0.21124
43.673,1,105.47,8.1124,1.7496,0.44304,2.4681,0.12695,0.0020927,0,0.21188
43.678,1,105.56,8.11,1.7556,0.446,2.4544,0.12699,0.0021078,0,0.21266
43.684,1,105.63,8.1052,1.7509,0.44933,2.4511,0.12703,0.0021247,0,0.21361
43.69,1,105.7,8.1049,1.7629,0.44884,2.4338,0.12706,0.0021427,0,0.21482
43.696,1,105.8,8.1061,1.7714,0.44816,2.3922,0.12711,0.0021622,0,0.21624
43.702,1,105.89,8.1089,1.7796,0.44598,2.3701,0.12715,0.0021825,0,0.21783
43.708,1,105.97,8.1122,1.7845,0.44434,2.3524,0.12719,0.0022032,0,0.21958
43.715,1,106.05,8.1158,1.788,0.44406,2.367,0.12723,0.0022236,0,0.22146
43.721,1,106.13,8.1188,1.7887,0.44508,2.3751,0.12727,0.0022425,0,0.22337
43.727,1,106.25,8.1222,1.7909,0.44821,2.3465,0.12732,0.0022603,0,0.22541
43.733,1,106.33,8.1251,1.791,0.452,2.3594,0.12737,0.0022751,0,0.22741
43.739,1,106.31,8.1283,1.7924,0.45597,2.3624,0.12729,0.002287,0,0.22935
43.744,1,106.28,8.1326,1.7966,0.45981,2.3401,0.12731,0.0022956,0,0.23045
43.75,1,106.23,8.1376,1.8002,0.45928,2.3192,0.12736,0.0022999,0,0.2296
43.756,1,106.17,8.1424,1.8018,0.4613,2.3142,0.12729,0.0023006,0,0.22828
43.762,1,106.19,8.147,1.8024,0.45989,2.3106,0.12723,0.0022977,0,0.22665
43.768,1,106.28,8.152,1.8047,0.46236,2.2988,0.12727,0.0022874,0,0.22476
43.774,1,106.36,8.1566,1.8054,0.46665,2.2998,0.12731,0.0022713,0,0.22356
43.78,1,106.33,8.1606,1.8052,0.47098,2.2993,0.12733,0.0022505,0,0.2224
43.786,1,106.25,8.1647,1.8061,0.47342,2.2936,0.12727,0.0022239,0,0.22062
43.792,1,106.32,8.1684,1.8057,0.47689,2.301,0.12725,0.0021949,0,0.21907
43.798,1,106.4,8.1722,1.8064,0.47968,2.2973,0.12729,0.002162,0,0.21731
43.804,1,106.48,8.1756,1.8063,0.48029,2.3026,0.12733,0.0021345,0,0.21584
43.811,1,106.46,8.1786,1.8053,0.48021,2.3149,0.1273,0.0021128,0,0.21499
43.817,1,106.52,8.1812,1.8011,0.48007,2.3736,0.1273,0.0020943,0,0.21401
43.822,1,106.46,8.1834,1.7937,0.47956,2.4321,0.12729,0.0020751,0,0.21309
43.828,1,106.5,8.1855,1.7847,0.47781,2.4046,0.1273,0.0020626,0,0.21271
43.834,1,106.47,8.1866,1.7717,0.47249,2.3988,0.12733,0.0020523,0,0.21233
43.84,1,106.28,8.1865,1.7556,0.46643,2.3905,0.12725,0.0020467,0,0.21247
43.846,1,106.18,8.1852,1.7418,0.46015,2.4055,0.12724,0.0020429,0,0.21314
43.851,1,106.18,8.1824,1.736,0.45484,2.4013,0.12728,0.0020402,0,0.21338
43.858,1,106.16,8.1788,1.7399,0.45426,2.4394,0.12728,0.0020398,0,0.21319
43.864,1,106,8.1745,1.7458,0.45416,2.4613,0.12723,0.0020415,0,0.21313
43.87,1,105.9,8.1687,1.7405,0.45526,2.4352,0.12706,0.0020459,0,0.21321
43.876,1,105.84,8.161,1.7374,0.45386,2.4437,0.12709,0.0024904,0,0.21272
43.882,1,105.94,8.1515,1.7375,0.4512,2.4782,0.12713,0.002863,0,0.21128
43.888,1,105.85,8.1528,1.7374,0.44579,2.4832,0.12707,0.003178,0,0.2097
43.893,1,105.71,8.2045,1.7354,0.44328,2.4694,0.12701,0.0034453,0,0.20963
43.899,1,105.61,8.2188,1.6926,0.44313,2.4553,0.12696,0.0036878,0,0.20999
43.905,1,105.56,8.2175,1.6909,0.4438,2.4549,0.12699,0.0039011,0,0.21057
43.911,1,105.63,8.2164,1.6975,0.44666,2.4495,0.12703,0.004108,0,0.21132
43.917,1,105.71,8.2156,1.7034,0.44862,2.446,0.12706,0.0042925,0,0.21225
43.923,1,105.79,8.2148,1.7118,0.44813,2.408,0.1271,0.0044687,0,0.21349
43.929,1,105.88,8.2144,1.7201,0.44903,2.3813,0.12715,0.0046323,0,0.21493
43.935,1,105.96,8.2142,1.7289,0.44754,2.3561,0.12719,0.0047951,0,0.21659
43.941,1,106.04,8.2143,1.7364,0.44541,2.344,0.12723,0.0049463,0,0.21841
43.947,1,106.13,8.2147,1.7426,0.44551,2.3699,0.12727,0.0050858,0,0.22033
43.953,1,106.24,8.2154,1.7488,0.44742,2.3512,0.12731,0.0052199,0,0.2224
43.959,1,106.33,8.2162,1.7539,0.45121,2.3419,0.12735,0.0053426,0,0.22451
43.965,1,106.44,8.2172,1.7592,0.45531,2.3267,0.12739,0.0054599,0,0.22671
43.971,1,106.35,8.2183,1.7633,0.45956,2.3553,0.12731,0.0055639,0,0.22885
43.977,1,106.32,8.2195,1.7663,0.45994,2.3506,0.12732,0.0056539,0,0.23072
43.982,1,106.32,8.2207,1.7707,0.45969,2.3318,0.12737,0.005739,0,0.23017
43.988,1,106.2,8.222,1.7749,0.46385,2.3263,0.12734,0.0058141,0,0.22918
43.994,1,106.15,8.2233,1.7781,0.46305,2.3228,0.12727,0.0058738,0,0.22782
44,1,106.23,8.2247,1.781,0.46202,2.3115,0.12725,0.0059198,0,0.22621
44.006,1,106.25,8.2262,1.7837,0.46548,2.2996,0.12729,0.0059511,0,0.22441
44.012,1,106.12,8.2277,1.7853,0.46831,2.2984,0.12723,0.0059683,0,0.22324
44.019,1,106.18,8.2291,1.7857,0.4688,2.3009,0.12719,0.0059738,0,0.22205
44.024,1,106.27,8.2306,1.7864,0.4732,2.2982,0.12723,0.0059622,0,0.22011
44.03,1,106.35,8.2322,1.7833,0.47775,2.3,0.12727,0.0059334,0,0.2185
44.037,1,106.41,8.234,1.7752,0.48042,2.3105,0.1273,0.0058872,0,0.21673
44.043,1,106.44,8.2359,1.7637,0.47892,2.3442,0.12726,0.0058234,0,0.21498
44.048,1,106.45,8.2382,1.748,0.47931,2.3923,0.12727,0.0057376,0,0.21395
44.055,1,106.41,8.2405,1.7257,0.4787,2.431,0.12727,0.005656,0,0.21304
44.06,1,106.4,8.2428,1.7004,0.47594,2.4105,0.12728,0.0055712,0,0.21215
44.066,1,106.23,8.2446,1.6735,0.47011,2.4022,0.12723,0.0055263,0,0.21184
44.072,1,106.12,8.2449,1.6598,0.4636,2.4245,0.12718,0.0054988,0,0.21153
44.078,1,106.14,8.2442,1.6441,0.45762,2.4461,0.1272,0.0054657,0,0.21231
44.084,1,106.04,8.2427,1.6239,0.45292,2.428,0.12723,0.0054449,0,0.21304
44.089,1,105.91,8.2397,1.6297,0.45229,2.408,0.12724,0.0054463,0,0.21338
44.095,1,105.77,8.2363,1.6404,0.45206,2.4017,0.12717,0.0054602,0,0.21332
44.101,1,105.82,8.233,1.6468,0.4514,2.4174,0.12717,0.0054854,0,0.2132
44.107,1,105.94,8.2298,1.65,0.45044,2.4048,0.12713,0.0055185,0,0.2134
44.113,1,106.01,8.2265,1.6604,0.45015,2.4371,0.12716,0.0055557,0,0.21268
44.119,1,106.09,8.2238,1.6687,0.44827,2.4502,0.12715,0.0055958,0,0.21119
44.125,1,105.93,8.2213,1.6784,0.44585,2.4581,0.12708,0.0056424,0,0.2097
44.131,1,105.76,8.2196,1.684,0.44499,2.461,0.12697,0.0056898,0,0.20962
44.137,1,105.62,8.2183,1.6877,0.44667,2.4626,0.12697,0.0057445,0,0.21014
44.143,1,105.68,8.2173,1.692,0.44977,2.4559,0.12702,0.0058066,0,0.21085
44.148,1,105.79,8.2163,1.7,0.45191,2.4213,0.12707,0.0058802,0,0.21176
44.154,1,105.87,8.2156,1.7076,0.45142,2.3996,0.12711,0.0059543,0,0.21291
44.16,1,105.95,8.215,1.7167,0.45081,2.3701,0.12714,0.0060341,0,0.2143
44.166,1,106.02,8.2147,1.7247,0.45052,2.3549,0.12717,0.0061144,0,0.21586
44.172,1,106.11,8.2148,1.7322,0.44847,2.3408,0.12721,0.0061958,0,0.21759
44.178,1,106.23,8.2151,1.7397,0.44807,2.3342,0.12727,0.0062788,0,0.21951
44.184,1,106.34,8.2157,1.7464,0.44921,2.3413,0.12731,0.00636,0,0.22156
44.19,1,106.44,8.2165,1.752,0.45299,2.331,0.12736,0.0064372,0,0.2237
44.196,1,106.51,8.2175,1.7557,0.45703,2.3305,0.12739,0.0065056,0,0.2258
44.202,1,106.52,8.2187,1.7608,0.46134,2.3141,0.12739,0.0065725,0,0.22804
44.208,1,106.38,8.2198,1.7648,0.46174,2.326,0.12735,0.0066318,0,0.23021
44.214,1,106.44,8.221,1.7672,0.4611,2.3698,0.12738,0.0066809,0,0.23173
44.22,1,106.43,8.2222,1.7711,0.46529,2.3636,0.12742,0.0067218,0,0.23144
44.225,1,106.33,8.2235,1.7752,0.46955,2.3434,0.12741,0.0067541,0,0.2307
44.231,1,106.07,8.2249,1.7792,0.46905,2.3243,0.12732,0.0067748,0,0.22951
44.237,1,105.94,8.2262,1.7817,0.46535,2.3176,0.12712,0.0067826,0,0.22796
44.243,1,106.02,8.2277,1.784,0.46077,2.3052,0.12712,0.0067793,0,0.22619
44.249,1,106.11,8.2292,1.7858,0.46352,2.2953,0.12716,0.0067674,0,0.22464
44.255,1,106.19,8.2306,1.7861,0.46756,2.2987,0.12719,0.0067536,0,0.22349
44.261,1,106.26,8.232,1.7858,0.47177,2.3071,0.12722,0.0067361,0,0.22201
44.267,1,106.33,8.2335,1.7833,0.47619,2.3261,0.12726,0.0066993,0,0.22026
44.273,1,106.41,8.2351,1.7764,0.48072,2.3645,0.1273,0.0066422,0,0.21871
44.28,1,106.48,8.237,1.7643,0.4795,2.3823,0.12733,0.0065638,0,0.21685
44.286,1,106.41,8.2392,1.7434,0.47553,2.4316,0.12728,0.0064699,0,0.21542
44.292,1,106.35,8.2413,1.7181,0.4735,2.4404,0.12725,0.0063697,0,0.21458
44.297,1,106.2,8.243,1.6909,0.46848,2.4196,0.12718,0.0062556,0,0.21364
44.303,1,106.06,8.2442,1.6621,0.46224,2.4396,0.12716,0.0061503,0,0.21278
44.309,1,106.13,8.2435,1.6488,0.45645,2.4386,0.12718,0.006086,0,0.21241
44.315,1,105.95,8.2418,1.6357,0.45175,2.4416,0.12719,0.0060439,0,0.21229
44.321,1,105.7,8.2397,1.6264,0.45109,2.4205,0.1271,0.0059925,0,0.21314
44.327,1,105.68,8.2364,1.6383,0.45084,2.3802,0.12713,0.0059674,0,0.21366
44.333,1,105.79,8.2334,1.6447,0.44727,2.3845,0.12718,0.0059626,0,0.21375
44.338,1,105.89,8.2323,1.6461,0.4463,2.4099,0.12722,0.0059739,0,0.21349
44.344,1,105.99,8.2303,1.6567,0.44573,2.408,0.12718,0.0059965,0,0.21393
44.35,1,106.01,8.2266,1.6665,0.44893,2.4302,0.12721,0.0060279,0,0.21358
44.356,1,106.08,8.222,1.6752,0.45238,2.4327,0.12722,0.0060634,0,0.21239
44.362,1,106.07,8.22,1.683,0.45092,2.4528,0.12716,0.0061036,0,0.21089
44.368,1,105.89,8.2186,1.6881,0.4503,2.4525,0.12703,0.0061473,0,0.20956
44.374,1,105.75,8.2176,1.691,0.45282,2.4463,0.127,0.0061916,0,0.20991
44.38,1,105.8,8.2169,1.6944,0.45381,2.4369,0.12703,0.0062427,0,0.21056
44.385,1,105.9,8.216,1.7051,0.45257,2.3831,0.12707,0.0063083,0,0.21163
44.392,1,105.96,8.2155,1.713,0.45187,2.3756,0.1271,0.0063747,0,0.21281
44.397,1,106.06,8.2152,1.7216,0.45108,2.3518,0.12715,0.0064461,0,0.21424
44.403,1,106.16,8.2153,1.7291,0.45206,2.3413,0.1272,0.0065183,0,0.21583
44.409,1,106.28,8.2156,1.7371,0.45187,2.3243,0.12725,0.0065944,0,0.21765
44.415,1,106.38,8.2162,1.7437,0.45259,2.3342,0.1273,0.0066682,0,0.2196
44.422,1,106.47,8.2171,1.7495,0.45458,2.3252,0.12735,0.0067398,0,0.22169
44.428,1,106.56,8.2181,1.7547,0.45883,2.318,0.12739,0.0068081,0,0.22389
44.434,1,106.63,8.2192,1.7583,0.46306,2.3184,0.12742,0.0068693,0,0.22606
44.44,1,106.56,8.2204,1.763,0.46383,2.311,0.12737,0.0069288,0,0.22835
44.446,1,106.5,8.2217,1.7657,0.46297,2.3512,0.12737,0.0069798,0,0.23058
44.452,1,106.56,8.223,1.769,0.4673,2.373,0.1274,0.0070236,0,0.23143
44.457,1,106.47,8.2243,1.7737,0.47161,2.3595,0.1274,0.0070597,0,0.2313
44.463,1,106.26,8.2256,1.7764,0.47358,2.3506,0.12733,0.0070876,0,0.2308
44.469,1,105.95,8.2269,1.7799,0.46932,2.3303,0.12724,0.0071077,0,0.22991
44.475,1,105.94,8.2282,1.7828,0.46291,2.3165,0.12716,0.0071194,0,0.22862
44.481,1,106.03,8.2296,1.7844,0.45917,2.3079,0.12712,0.007127,0,0.22707
44.487,1,106.11,8.231,1.7854,0.46155,2.3008,0.12716,0.0071292,0,0.22536
44.493,1,106.18,8.2324,1.7854,0.46536,2.3025,0.12719,0.0071251,0,0.22431
44.499,1,106.26,8.2336,1.7851,0.46942,2.3092,0.12722,0.0071102,0,0.2232
44.504,1,106.34,8.235,1.7821,0.47373,2.307,0.12726,0.0070946,0,0.22152
44.511,1,106.42,8.2366,1.7719,0.47697,2.3516,0.1273,0.0070602,0,0.22009
44.517,1,106.38,8.2385,1.7535,0.47866,2.4287,0.1273,0.0070042,0,0.21854
44.523,1,106.31,8.2403,1.7292,0.47497,2.4468,0.12725,0.0069272,0,0.21692
44.529,1,106.35,8.2417,1.7008,0.47368,2.4665,0.12722,0.0068388,0,0.21559
44.534,1,106.22,8.2424,1.6714,0.46946,2.4453,0.12717,0.0067264,0,0.21478
44.54,1,105.96,8.2422,1.6438,0.46288,2.4422,0.12715,0.0066059,0,0.21382
44.546,1,105.77,8.2403,1.6356,0.45671,2.4314,0.12709,0.0064924,0,0.21288
44.552,1,105.75,8.2375,1.6375,0.45403,2.4106,0.12709,0.0064271,0,0.21256
44.558,1,105.67,8.2349,1.6345,0.45376,2.3993,0.12712,0.0063841,0,0.21258
44.563,1,105.79,8.232,1.6387,0.44956,2.3707,0.12718,0.0063304,0,0.21328
44.569,1,105.88,8.2323,1.6413,0.446,2.3823,0.12723,0.0062995,0,0.21358
44.575,1,106.02,8.2321,1.6542,0.44484,2.4017,0.12726,0.0062931,0,0.21325
44.581,1,106.04,8.2295,1.6647,0.44698,2.4151,0.12721,0.0063028,0,0.21329
44.588,1,106,8.2251,1.6751,0.45052,2.4387,0.12724,0.006326,0,0.21376
44.594,1,106.07,8.219,1.6815,0.45203,2.4364,0.1272,0.0063561,0,0.21302
44.599,1,106.03,8.2176,1.6884,0.45039,2.4203,0.12717,0.0063931,0,0.21197
44.606,1,105.98,8.2167,1.6916,0.45006,2.4421,0.12713,0.006431,0,0.21073
44.611,1,105.87,8.2161,1.695,0.45255,2.4415,0.12705,0.0064735,0,0.21004
44.617,1,105.82,8.2157,1.7003,0.45336,2.427,0.12703,0.0065147,0,0.21075
44.623,1,105.91,8.2153,1.7083,0.45243,2.3925,0.12708,0.0065651,0,0.21179
44.628,1,106.03,8.2151,1.7172,0.45191,2.3598,0.12714,0.0066245,0,0.21308
44.634,1,106.15,8.2151,1.7258,0.45155,2.3428,0.12719,0.0066878,0,0.21456
44.64,1,106.25,8.2155,1.7324,0.45325,2.3362,0.12724,0.0067512,0,0.21618
44.646,1,106.35,8.2161,1.7391,0.45406,2.3235,0.12729,0.0068164,0,0.21801
44.652,1,106.45,8.2169,1.7455,0.45406,2.3184,0.12734,0.0068822,0,0.22001
44.658,1,106.54,8.2179,1.751,0.45725,2.3131,0.12738,0.0069466,0,0.22213
44.664,1,106.63,8.2191,1.756,0.46152,2.327,0.12742,0.0070072,0,0.22435
44.671,1,106.69,8.2204,1.7594,0.46577,2.3711,0.12745,0.0070594,0,0.22655
44.676,1,106.59,8.2217,1.7633,0.46729,2.3495,0.12739,0.0071086,0,0.22887
44.683,1,106.29,8.223,1.7654,0.46965,2.3534,0.12731,0.007151,0,0.23048
44.688,1,106.11,8.2243,1.7683,0.47059,2.3668,0.12722,0.0071868,0,0.23088
44.694,1,106.16,8.2256,1.7734,0.46953,2.3583,0.12718,0.0072207,0,0.23091
44.7,1,106.14,8.227,1.7771,0.46682,2.3439,0.12721,0.0072522,0,0.23053
44.706,1,105.96,8.2282,1.7791,0.46338,2.3396,0.12724,0.0072836,0,0.22986
44.711,1,105.93,8.2296,1.7821,0.46195,2.3162,0.12718,0.0073147,0,0.22884
44.717,1,106.02,8.2309,1.7837,0.4605,2.3172,0.12711,0.0073378,0,0.22748
44.723,1,106.11,8.2322,1.785,0.46015,2.3042,0.12716,0.0073535,0,0.22584
44.729,1,106.19,8.2336,1.7854,0.464,2.3042,0.12719,0.0073658,0,0.22482
44.735,1,106.26,8.2348,1.7847,0.46814,2.3111,0.12722,0.00737,0,0.22383
44.741,1,106.26,8.236,1.7816,0.46846,2.3357,0.1272,0.0073691,0,0.22241
44.747,1,106.33,8.2375,1.7698,0.47261,2.4104,0.12723,0.0073599,0,0.2212
44.753,1,106.38,8.2391,1.7517,0.47735,2.4311,0.12726,0.00733,0,0.21993
44.76,1,106.31,8.2405,1.726,0.47375,2.4425,0.12721,0.0072751,0,0.2185
44.766,1,106.28,8.2414,1.6962,0.46898,2.4629,0.1272,0.0072035,0,0.21707
44.771,1,106.18,8.2416,1.6651,0.46269,2.4289,0.12717,0.0071084,0,0.21565
44.777,1,105.9,8.2407,1.6388,0.45642,2.4067,0.12707,0.0069942,0,0.21479
44.783,1,105.81,8.2381,1.6398,0.45162,2.3996,0.1271,0.0068727,0,0.2138
44.789,1,105.86,8.2352,1.6473,0.44917,2.3943,0.12714,0.0067593,0,0.21285
44.795,1,105.83,8.2329,1.6407,0.44935,2.3852,0.12717,0.006699,0,0.21258
44.801,1,105.92,8.2316,1.6388,0.45117,2.3722,0.12722,0.0066584,0,0.21296
44.807,1,106,8.2321,1.6495,0.45081,2.3954,0.12726,0.0066032,0,0.21345
44.813,1,106.06,8.232,1.6604,0.45128,2.3954,0.12723,0.0065767,0,0.21306
44.819,1,105.95,8.2298,1.6713,0.45237,2.4035,0.12721,0.0065758,0,0.21328
44.825,1,106,8.2258,1.6791,0.45171,2.4246,0.12725,0.0065901,0,0.21403
44.831,1,106.08,8.2198,1.6858,0.45015,2.4116,0.12725,0.0066162,0,0.21393
44.837,1,106.14,8.2177,1.6908,0.44867,2.4254,0.12718,0.0066487,0,0.21331
44.843,1,106.07,8.217,1.6938,0.45132,2.4306,0.12716,0.0066835,0,0.21248
44.849,1,106.07,8.2165,1.6995,0.45495,2.4193,0.12718,0.0067195,0,0.2116
44.855,1,106,8.2162,1.7057,0.45719,2.4024,0.12712,0.0067558,0,0.21107
44.86,1,105.98,8.216,1.7141,0.45703,2.3701,0.12711,0.0067941,0,0.21205
44.866,1,106.08,8.216,1.7217,0.45703,2.3547,0.12716,0.0068398,0,0.21329
44.872,1,106.2,8.2163,1.7285,0.45461,2.3348,0.12722,0.0068918,0,0.21477
44.878,1,106.29,8.2168,1.7362,0.45261,2.3304,0.12726,0.0069446,0,0.2164
44.884,1,106.39,8.2176,1.7423,0.45456,2.3195,0.12731,0.0069997,0,0.21821
44.89,1,106.48,8.2185,1.7478,0.45779,2.3138,0.12735,0.007055,0,0.22016
44.896,1,106.58,8.2196,1.7536,0.46192,2.3407,0.1274,0.0071087,0,0.22229
44.902,1,106.65,8.2208,1.7583,0.46615,2.3652,0.12744,0.0071585,0,0.22448
44.908,1,106.53,8.2221,1.7617,0.47025,2.3689,0.12738,0.0072024,0,0.22667
44.914,1,106.48,8.2234,1.7641,0.47084,2.3518,0.12734,0.0072451,0,0.22894
44.92,1,106.31,8.2247,1.7672,0.46983,2.3488,0.12726,0.0072839,0,0.22968
44.926,1,106.15,8.2261,1.7723,0.46837,2.3601,0.12718,0.0072985,0,0.23006
44.932,1,106.21,8.2274,1.7754,0.46761,2.3578,0.12721,0.0073145,0,0.23005
44.938,1,106.11,8.2287,1.7788,0.46391,2.3426,0.12724,0.0073418,0,0.22969
44.943,1,105.97,8.23,1.7812,0.46258,2.3291,0.12724,0.007377,0,0.22901
44.949,1,105.94,8.2313,1.7821,0.46132,2.3335,0.12717,0.0074136,0,0.2281
44.955,1,106.03,8.2325,1.7838,0.45976,2.3134,0.12712,0.0074657,0,0.22687
44.961,1,106.13,8.2338,1.785,0.45969,2.3072,0.12716,0.0075241,0,0.22551
44.967,1,106.2,8.2349,1.7849,0.46361,2.3142,0.1272,0.0075747,0,0.22465
44.973,1,106.18,8.2361,1.7821,0.46519,2.3318,0.12716,0.0075906,0,0.22385
44.979,1,106.25,8.2374,1.7721,0.46575,2.3955,0.12719,0.0075982,0,0.22249
44.985,1,106.31,8.2386,1.755,0.4702,2.4309,0.12723,0.0075978,0,0.22148
44.991,1,106.21,8.2396,1.7305,0.47128,2.4379,0.12718,0.0075903,0,0.22061
44.997,1,106.19,8.2401,1.7014,0.46879,2.4154,0.12713,0.0075613,0,0.2191
45.003,1,106.24,8.2399,1.6712,0.46303,2.4259,0.12715,0.007515,0,0.2171
45.008,1,106.11,8.2385,1.648,0.45732,2.404,0.12717,0.0074386,0,0.2152
45.014,1,106.18,8.2363,1.6376,0.45215,2.3964,0.12721,0.0073416,0,0.21442
45.02,1,106.07,8.2333,1.6466,0.44891,2.3914,0.12714,0.0072251,0,0.21432
45.026,1,105.97,8.2306,1.6472,0.44853,2.3849,0.12717,0.007106,0,0.21375
45.032,1,106.01,8.2311,1.6357,0.45208,2.3792,0.12719,0.0069975,0,0.21295
45.038,1,106.06,8.2315,1.6448,0.45579,2.3748,0.12722,0.0069412,0,0.21272
45.043,1,106.13,8.2316,1.6545,0.457,2.379,0.12726,0.0068991,0,0.21301
45.049,1,106.17,8.2297,1.6667,0.4569,2.3859,0.12725,0.0068426,0,0.21288
45.055,1,106.09,8.226,1.6764,0.45746,2.4028,0.12725,0.0068151,0,0.21294
45.061,1,106.08,8.2201,1.684,0.45345,2.3967,0.12728,0.0068116,0,0.21381
45.067,1,106.05,8.2167,1.688,0.45189,2.4084,0.12723,0.0068227,0,0.21429
45.073,1,106.13,8.216,1.6924,0.45034,2.4148,0.12719,0.0068435,0,0.21412
45.079,1,106.12,8.2155,1.698,0.45327,2.3985,0.12721,0.0068686,0,0.2139
45.085,1,106.18,8.2153,1.7036,0.45707,2.3931,0.12724,0.0068949,0,0.21345
45.091,1,106.25,8.2153,1.7094,0.45799,2.3933,0.12722,0.0069189,0,0.2129
45.097,1,106.18,8.2154,1.7176,0.45791,2.3613,0.12718,0.0069451,0,0.21263
45.102,1,106.15,8.2158,1.7219,0.45782,2.3485,0.12718,0.006972,0,0.2138
45.108,1,106.24,8.2164,1.7319,0.45567,2.3339,0.12723,0.0070066,0,0.21523
45.114,1,106.34,8.2171,1.7381,0.4554,2.3391,0.12728,0.0070433,0,0.21685
45.12,1,106.43,8.2181,1.7444,0.45719,2.3215,0.12733,0.0070822,0,0.21867
45.126,1,106.38,8.2192,1.7493,0.4587,2.3263,0.12732,0.0071195,0,0.2206
45.132,1,106.29,8.2205,1.7537,0.46125,2.3634,0.12725,0.0071559,0,0.22264
45.138,1,106.36,8.2217,1.7579,0.46552,2.3656,0.12726,0.0071914,0,0.22475
45.144,1,106.44,8.223,1.7604,0.46831,2.3623,0.1273,0.0072278,0,0.22692
45.15,1,106.53,8.2244,1.7634,0.47075,2.3464,0.12734,0.0072365,0,0.22823
45.156,1,106.37,8.2258,1.7655,0.4698,2.3532,0.12728,0.0072406,0,0.22903
45.161,1,106.21,8.2271,1.7703,0.46886,2.3433,0.12721,0.0072582,0,0.22968
45.167,1,106.22,8.2285,1.7747,0.46857,2.3519,0.12721,0.0072819,0,0.22992
45.173,1,106.23,8.2299,1.7782,0.46683,2.3515,0.12725,0.0073218,0,0.22985
45.179,1,106.12,8.2312,1.781,0.4658,2.3374,0.12729,0.0073697,0,0.22938
45.185,1,106,8.2326,1.7824,0.46462,2.3259,0.12725,0.0074257,0,0.22858
45.191,1,106.03,8.2338,1.782,0.4636,2.3366,0.12717,0.0074828,0,0.22759
45.197,1,105.98,8.2349,1.7831,0.4619,2.3334,0.1271,0.0075493,0,0.22643
45.202,1,106.1,8.236,1.7835,0.45895,2.3248,0.12712,0.0076227,0,0.22523
45.209,1,106.19,8.2372,1.7781,0.45951,2.3567,0.12716,0.0076975,0,0.22451
45.215,1,106.19,8.2382,1.767,0.46376,2.3935,0.12719,0.0077707,0,0.22364
45.221,1,106.16,8.2391,1.7495,0.46443,2.3998,0.12715,0.0077844,0,0.22229
45.227,1,106.09,8.2396,1.7269,0.46758,2.3915,0.12714,0.0077904,0,0.22115
45.233,1,106.16,8.2396,1.699,0.4667,2.3864,0.12718,0.0077858,0,0.21871
45.239,1,106.23,8.2388,1.6701,0.46214,2.4035,0.12722,0.0077561,0,0.21654
45.244,1,106.16,8.2371,1.6543,0.45652,2.4234,0.12718,0.0077045,0,0.21512
45.25,1,106.26,8.2349,1.6465,0.45263,2.3972,0.12722,0.0076227,0,0.21408
45.256,1,106.31,8.2324,1.6524,0.45237,2.3964,0.12719,0.0075247,0,0.21394
45.262,1,106.13,8.2301,1.6469,0.45373,2.389,0.12716,0.0074052,0,0.21328
45.268,1,106.14,8.2311,1.6454,0.45762,2.376,0.12719,0.0072782,0,0.21325
45.274,1,106.2,8.2316,1.6508,0.46101,2.3852,0.12722,0.0071893,0,0.21268
45.28,1,106.27,8.2319,1.6614,0.46083,2.3806,0.12726,0.0071434,0,0.2126
45.286,1,106.2,8.231,1.6701,0.46082,2.3679,0.12724,0.0070986,0,0.21264
45.291,1,106.1,8.228,1.679,0.45736,2.3744,0.1273,0.0070322,0,0.21286
45.298,1,106.17,8.223,1.6849,0.45308,2.3742,0.12733,0.0070186,0,0.21366
45.304,1,106.11,8.2182,1.69,0.44946,2.3992,0.12723,0.0070106,0,0.21466
45.31,1,106.15,8.2176,1.6971,0.45246,2.384,0.12723,0.0070196,0,0.21505
45.316,1,106.18,8.2173,1.703,0.4563,2.3653,0.12726,0.0070309,0,0.21517
45.322,1,106.23,8.2173,1.7022,0.46032,2.35,0.12729,0.0070465,0,0.21518
45.327,1,106.29,8.2176,1.7135,0.4627,2.3762,0.12728,0.0070604,0,0.21497
45.333,1,106.38,8.2179,1.7217,0.4617,2.3522,0.12726,0.007075,0,0.21456
45.339,1,106.27,8.2185,1.7269,0.45856,2.3724,0.12723,0.0070855,0,0.21465
45.345,1,106.27,8.2192,1.73,0.45847,2.3755,0.12727,0.0070965,0,0.21594
45.35,1,106.25,8.2201,1.7396,0.45829,2.3474,0.12729,0.0071137,0,0.21752
45.356,1,106.14,8.2212,1.7463,0.46196,2.3283,0.12723,0.0071355,0,0.21929
45.362,1,106.23,8.2223,1.7507,0.46156,2.324,0.1272,0.0071594,0,0.22114
45.368,1,106.32,8.2235,1.7556,0.46076,2.3481,0.12724,0.0071874,0,0.22314
45.374,1,106.4,8.2248,1.7588,0.46433,2.3664,0.12728,0.0071822,0,0.22518
45.38,1,106.48,8.2261,1.7609,0.46824,2.3635,0.12732,0.0071748,0,0.22641
45.386,1,106.55,8.2274,1.7626,0.47139,2.3548,0.12735,0.0071721,0,0.22738
45.392,1,106.55,8.2288,1.7655,0.47047,2.3525,0.12733,0.0071748,0,0.22822
45.398,1,106.39,8.2301,1.7698,0.46951,2.3742,0.12725,0.0071971,0,0.2289
45.404,1,106.27,8.2314,1.7735,0.46893,2.3724,0.12721,0.0072301,0,0.22921
45.409,1,106.31,8.2327,1.7783,0.46501,2.3462,0.12726,0.0072757,0,0.22919
45.415,1,106.12,8.2339,1.7795,0.46378,2.3414,0.12722,0.0073272,0,0.22882
45.421,1,105.93,8.235,1.7807,0.46222,2.3572,0.12714,0.0073864,0,0.22815
45.427,1,105.9,8.2361,1.7812,0.46073,2.3647,0.12711,0.0074524,0,0.2272
45.433,1,105.96,8.2371,1.7763,0.45754,2.3983,0.12705,0.0075183,0,0.22615
45.438,1,106.07,8.238,1.7703,0.45669,2.3842,0.12711,0.0075933,0,0.2252
45.444,1,106.03,8.2386,1.7605,0.46095,2.3643,0.12714,0.0076706,0,0.22473
45.45,1,105.96,8.2386,1.7465,0.46156,2.3527,0.12711,0.0077511,0,0.22347
45.456,1,106.02,8.2382,1.7263,0.46123,2.3813,0.12713,0.0078338,0,0.22028
45.462,1,106.12,8.2369,1.7023,0.45959,2.375,0.12717,0.0079192,0,0.21757
45.468,1,106.2,8.2347,1.6877,0.45879,2.3807,0.12719,0.0079857,0,0.21568
45.473,1,106.27,8.2323,1.6793,0.45959,2.3712,0.12722,0.0079903,0,0.21437
45.479,1,106.22,8.2302,1.6693,0.45831,2.3767,0.12719,0.0079705,0,0.21332
45.485,1,106.3,8.2285,1.6516,0.45709,2.3915,0.12719,0.0079236,0,0.21231
45.491,1,106.39,8.2284,1.654,0.45669,2.3919,0.12722,0.0078451,0,0.21242
45.497,1,106.35,8.2295,1.6594,0.45706,2.3809,0.12721,0.0077469,0,0.21261
45.503,1,106.19,8.2308,1.6566,0.46087,2.357,0.12722,0.0076236,0,0.21284
45.509,1,106.27,8.2314,1.662,0.4637,2.3494,0.12726,0.0074987,0,0.21301
45.515,1,106.36,8.2319,1.6703,0.46258,2.3646,0.1273,0.0073867,0,0.21306
45.521,1,106.37,8.2319,1.678,0.4623,2.3504,0.1273,0.0073255,0,0.21251
45.527,1,106.27,8.2298,1.684,0.46193,2.3638,0.1273,0.0072735,0,0.21258
45.533,1,106.33,8.2259,1.6924,0.45646,2.3475,0.12734,0.0071915,0,0.21359
45.539,1,106.29,8.22,1.6999,0.45414,2.3571,0.12732,0.0071643,0,0.21469
45.545,1,106.27,8.217,1.7071,0.45513,2.349,0.1273,0.0071422,0,0.21567
45.551,1,106.18,8.2173,1.7103,0.45913,2.3398,0.12731,0.0071377,0,0.2165
45.557,1,106.24,8.2179,1.7049,0.46329,2.3273,0.12732,0.0071364,0,0.21702
45.563,1,106.29,8.2186,1.7107,0.46354,2.3603,0.12733,0.007138,0,0.21743
45.569,1,106.39,8.2195,1.7253,0.46343,2.3713,0.12732,0.0071372,0,0.21753
45.575,1,106.45,8.2205,1.7306,0.46399,2.3919,0.1273,0.0071342,0,0.21746
45.58,1,106.18,8.2217,1.7273,0.46356,2.3745,0.12726,0.0071297,0,0.21752
45.586,1,106.07,8.2228,1.7382,0.46275,2.3711,0.12717,0.0071285,0,0.21901
45.592,1,106.16,8.2241,1.7448,0.46169,2.3427,0.12717,0.0071374,0,0.22052
45.598,1,106.27,8.2254,1.7525,0.46251,2.3346,0.12722,0.0071598,0,0.22193
45.604,1,106.35,8.2269,1.7562,0.46313,2.3723,0.12726,0.0071717,0,0.22322
45.61,1,106.43,8.2282,1.7589,0.46304,2.3751,0.12729,0.0071601,0,0.2244
45.616,1,106.5,8.2296,1.7608,0.46647,2.3772,0.12733,0.0071495,0,0.22548
45.622,1,106.57,8.231,1.7637,0.46817,2.3979,0.12734,0.0071503,0,0.22644
45.628,1,106.4,8.2324,1.7662,0.46702,2.4085,0.12725,0.0071592,0,0.22726
45.634,1,106.25,8.2337,1.7704,0.46595,2.3802,0.12718,0.0071822,0,0.22791
45.64,1,106.08,8.235,1.7748,0.46256,2.375,0.12718,0.0072186,0,0.22818
45.646,1,105.88,8.2361,1.7762,0.4589,2.3965,0.1271,0.0072631,0,0.22817
45.652,1,105.83,8.2372,1.7773,0.45687,2.3737,0.12703,0.0073185,0,0.22778
45.658,1,105.93,8.2383,1.7732,0.45578,2.4074,0.12707,0.0073805,0,0.22709
45.664,1,105.88,8.2392,1.7653,0.45623,2.4193,0.1271,0.0074477,0,0.22614
45.67,1,105.87,8.2396,1.7542,0.45643,2.399,0.12706,0.0075199,0,0.22514
45.676,1,105.88,8.2394,1.7408,0.45449,2.3888,0.12705,0.0075943,0,0.22447
45.681,1,105.98,8.2382,1.7264,0.45394,2.3542,0.12708,0.0076758,0,0.22179
45.687,1,106.07,8.236,1.7125,0.45417,2.3409,0.12712,0.0077584,0,0.2189
45.693,1,106.16,8.2327,1.7078,0.45279,2.3617,0.12716,0.0078466,0,0.21617
45.699,1,106.25,8.2294,1.7073,0.45403,2.3677,0.12719,0.0079344,0,0.2147
45.705,1,106.32,8.2267,1.7,0.45767,2.3705,0.12721,0.0080181,0,0.21332
45.711,1,106.37,8.2248,1.6814,0.46154,2.3627,0.12723,0.0080975,0,0.21192
45.717,1,106.29,8.2242,1.6723,0.46296,2.3509,0.12721,0.0081345,0,0.21128
45.722,1,106.3,8.2267,1.6641,0.46188,2.3722,0.12722,0.0080998,0,0.21075
45.728,1,106.37,8.2285,1.6668,0.46135,2.3574,0.12727,0.008033,0,0.21117
45.735,1,106.39,8.2296,1.6719,0.46242,2.3471,0.12729,0.0079401,0,0.21164
45.741,1,106.29,8.2308,1.6682,0.46611,2.3326,0.12727,0.0078226,0,0.21206
45.747,1,106.36,8.2314,1.6685,0.46687,2.3322,0.12729,0.007694,0,0.21237
45.752,1,106.45,8.2316,1.6756,0.46553,2.338,0.12731,0.0075521,0,0.21258
45.758,1,106.5,8.2303,1.6851,0.46507,2.3496,0.12729,0.0074657,0,0.21223
45.765,1,106.41,8.2266,1.6938,0.46373,2.347,0.12732,0.0074018,0,0.21206
45.771,1,106.36,8.2209,1.7022,0.46059,2.3458,0.12732,0.0073179,0,0.21338
45.777,1,106.27,8.2166,1.7089,0.45938,2.3401,0.1273,0.0072588,0,0.2147
45.783,1,106.16,8.2172,1.7101,0.46103,2.3351,0.12729,0.007224,0,0.21589
45.789,1,106.21,8.2181,1.7062,0.46391,2.3691,0.12731,0.0071981,0,0.21695
45.795,1,106.26,8.2192,1.7053,0.46295,2.3754,0.12732,0.0071807,0,0.21784
45.801,1,106.3,8.2204,1.7164,0.4649,2.3715,0.12731,0.0071665,0,0.21861
45.806,1,106.26,8.2216,1.7245,0.46623,2.3483,0.12725,0.0071533,0,0.21921
45.812,1,106.36,8.2229,1.7229,0.46152,2.3572,0.1273,0.0071396,0,0.21942
45.818,1,106.41,8.2242,1.7323,0.46034,2.3786,0.12729,0.0071302,0,0.21931
45.824,1,106.3,8.2255,1.7395,0.46009,2.3737,0.12724,0.0071305,0,0.21909
45.83,1,106.19,8.2269,1.7458,0.46286,2.3538,0.12718,0.007137,0,0.22037
45.835,1,106.29,8.2282,1.7514,0.46676,2.3352,0.12723,0.0071167,0,0.22167
45.841,1,106.38,8.2296,1.756,0.4668,2.3825,0.12727,0.0071045,0,0.2229
45.847,1,106.47,8.231,1.7589,0.46546,2.43,0.12731,0.0071048,0,0.22401
45.854,1,106.54,8.2325,1.7607,0.46579,2.4295,0.12735,0.0071099,0,0.22498
45.86,1,106.39,8.2338,1.7618,0.46821,2.4341,0.12731,0.0071224,0,0.22583
45.865,1,106.11,8.235,1.7645,0.46599,2.412,0.1272,0.0071431,0,0.22658
45.871,1,105.74,8.2361,1.7693,0.45982,2.386,0.12701,0.0071781,0,0.22714
45.877,1,105.74,8.2372,1.7735,0.45415,2.385,0.12699,0.0072261,0,0.22728
45.883,1,105.82,8.2383,1.7711,0.45145,2.4126,0.12702,0.0072813,0,0.22709
45.889,1,105.79,8.2392,1.7647,0.45146,2.4231,0.12705,0.0073439,0,0.22662
45.895,1,105.81,8.2397,1.7556,0.4546,2.3983,0.1271,0.0074143,0,0.22596
45.901,1,105.86,8.2396,1.7439,0.45671,2.3881,0.12704,0.0074902,0,0.22503
45.907,1,105.9,8.2387,1.7297,0.45439,2.3802,0.12701,0.0075713,0,0.22382
45.913,1,106.01,8.2366,1.7163,0.44999,2.372,0.12706,0.0076567,0,0.22056
45.919,1,106.09,8.2335,1.7101,0.44935,2.3653,0.1271,0.007742,0,0.21801
45.924,1,106.18,8.2296,1.7145,0.44975,2.3396,0.12714,0.0078334,0,0.21558
45.93,1,106.26,8.2259,1.7171,0.45288,2.3671,0.12717,0.007924,0,0.21379
45.936,1,106.32,8.2226,1.7095,0.45637,2.3701,0.1272,0.0080154,0,0.21209
45.942,1,106.38,8.2198,1.7015,0.46016,2.3659,0.12724,0.0081042,0,0.21092
45.948,1,106.42,8.2209,1.6951,0.4641,2.355,0.12725,0.0081857,0,0.21037
45.954,1,106.37,8.2228,1.686,0.46513,2.3418,0.12726,0.0082591,0,0.21011
45.959,1,106.36,8.2252,1.6792,0.46402,2.3465,0.12729,0.0082436,0,0.21069
45.966,1,106.45,8.2273,1.6754,0.46328,2.3397,0.12733,0.0082238,0,0.21128
45.972,1,106.51,8.2284,1.6812,0.46363,2.3328,0.12736,0.0081468,0,0.21175
45.978,1,106.42,8.2294,1.6789,0.46754,2.3266,0.12729,0.0080391,0,0.21211
45.984,1,106.41,8.2303,1.6725,0.4689,2.323,0.12731,0.007912,0,0.21241
45.989,1,106.5,8.2309,1.6811,0.46774,2.3168,0.12734,0.0077679,0,0.21272
45.995,1,106.53,8.2311,1.6898,0.46649,2.3197,0.12735,0.0076225,0,0.21275
46.001,1,106.48,8.2289,1.6993,0.46783,2.3518,0.12729,0.0075305,0,0.21249
46.008,1,106.38,8.2249,1.7055,0.4684,2.3463,0.12732,0.0074569,0,0.21283
46.013,1,106.19,8.2188,1.7124,0.46729,2.3569,0.12731,0.0073487,0,0.21438
46.02,1,106.13,8.2171,1.7157,0.46978,2.3824,0.12727,0.0072933,0,0.21579
46.025,1,106.2,8.2182,1.7095,0.46923,2.3744,0.12729,0.0072451,0,0.21705
46.031,1,106.19,8.2196,1.7054,0.46795,2.3704,0.12725,0.0072114,0,0.21818
46.037,1,106.2,8.221,1.7109,0.46484,2.369,0.12722,0.007185,0,0.2191
46.043,1,106.28,8.2224,1.7243,0.46079,2.3489,0.12726,0.0071651,0,0.21987
46.049,1,106.37,8.2238,1.7294,0.46075,2.3326,0.1273,0.0071546,0,0.22043
46.055,1,106.46,8.2252,1.7266,0.46076,2.3547,0.12733,0.0071496,0,0.22054
46.061,1,106.44,8.2267,1.7383,0.46202,2.374,0.12729,0.0071516,0,0.2203
46.066,1,106.32,8.228,1.7435,0.46569,2.3857,0.12724,0.0071349,0,0.22058
46.072,1,106.27,8.2294,1.7512,0.46935,2.3983,0.12722,0.0071151,0,0.22179
46.078,1,106.35,8.2308,1.7554,0.46878,2.4008,0.12726,0.007104,0,0.22291
46.084,1,106.31,8.2322,1.7596,0.46716,2.4207,0.12727,0.0071049,0,0.22394
46.09,1,106.14,8.2336,1.7613,0.46607,2.4304,0.12719,0.007111,0,0.22484
46.096,1,105.97,8.2349,1.7634,0.46291,2.4291,0.12711,0.0071222,0,0.22562
46.102,1,106.01,8.2361,1.7652,0.46177,2.4279,0.12713,0.0071399,0,0.22631
46.108,1,105.85,8.2372,1.7688,0.45643,2.4007,0.12707,0.0071691,0,0.22685
46.114,1,105.75,8.2381,1.7711,0.45178,2.3847,0.12702,0.0072141,0,0.22705
46.119,1,105.83,8.2391,1.7676,0.45088,2.3886,0.12708,0.0072672,0,0.22697
46.125,1,105.84,8.2399,1.7609,0.45283,2.4059,0.12703,0.007328,0,0.22661
46.131,1,105.86,8.2401,1.7518,0.45498,2.3809,0.12703,0.0073995,0,0.22596
46.137,1,105.81,8.2397,1.7395,0.45461,2.3741,0.12701,0.0074758,0,0.22511
46.143,1,105.87,8.2385,1.7247,0.45158,2.3733,0.12701,0.0075556,0,0.22379
46.149,1,105.99,8.2358,1.7126,0.45038,2.3635,0.12706,0.0076445,0,0.22002
46.155,1,106.08,8.2321,1.7147,0.45014,2.3626,0.1271,0.0077352,0,0.21774
46.161,1,106.15,8.2284,1.722,0.45039,2.3656,0.12712,0.0078222,0,0.2159
46.167,1,106.22,8.2251,1.7215,0.45349,2.374,0.12716,0.0079128,0,0.21368
46.173,1,106.3,8.2221,1.7124,0.45681,2.3728,0.12719,0.0080052,0,0.21202
46.179,1,106.36,8.2192,1.7101,0.46029,2.3455,0.12723,0.0080963,0,0.21105
46.185,1,106.4,8.2207,1.7031,0.46379,2.3366,0.12726,0.0081795,0,0.21091
46.191,1,106.39,8.2226,1.6933,0.46278,2.3318,0.12728,0.0082513,0,0.21157
46.196,1,106.42,8.2251,1.6846,0.46158,2.3123,0.12731,0.0082549,0,0.21217
46.203,1,106.51,8.2272,1.6798,0.46076,2.3336,0.12734,0.0082322,0,0.21268
46.209,1,106.57,8.2282,1.6853,0.46272,2.3265,0.12736,0.0082138,0,0.21301
46.215,1,106.6,8.229,1.6839,0.46697,2.3234,0.12734,0.0081786,0,0.21329
46.221,1,106.51,8.23,1.6792,0.47131,2.3212,0.12737,0.0080552,0,0.21364
46.226,1,106.57,8.2304,1.6875,0.47259,2.32,0.12738,0.0079025,0,0.21389
46.232,1,106.63,8.23,1.6959,0.47136,2.3248,0.12738,0.0077284,0,0.21363
46.238,1,106.54,8.227,1.7048,0.47042,2.3677,0.1273,0.0075891,0,0.21284
46.245,1,106.31,8.2219,1.711,0.4701,2.395,0.12728,0.0074927,0,0.21278
46.251,1,106.06,8.2177,1.7161,0.46694,2.3851,0.12718,0.0073902,0,0.2132
46.257,1,106.04,8.2189,1.7131,0.46599,2.3795,0.12717,0.0072811,0,0.21483
46.263,1,106.13,8.2202,1.7084,0.46438,2.3727,0.1272,0.0072203,0,0.21632
46.268,1,106.21,8.2217,1.7044,0.46305,2.3702,0.12723,0.0071752,0,0.21768
46.275,1,106.27,8.2231,1.7157,0.46182,2.3634,0.12725,0.0071556,0,0.21882
46.28,1,106.36,8.2245,1.7271,0.46118,2.3366,0.1273,0.0071407,0,0.2198
46.286,1,106.43,8.2259,1.7275,0.46118,2.3326,0.12734,0.007137,0,0.2206
46.292,1,106.51,8.2274,1.7331,0.46136,2.3337,0.12737,0.007141,0,0.22114
46.298,1,106.58,8.2288,1.7427,0.46355,2.3706,0.12737,0.0071085,0,0.22128
46.304,1,106.57,8.2303,1.7487,0.46692,2.4168,0.12734,0.0070852,0,0.22096
46.31,1,106.36,8.2316,1.7526,0.46637,2.4283,0.12728,0.0070807,0,0.22126
46.316,1,106.06,8.2329,1.7579,0.46525,2.3914,0.12715,0.0070845,0,0.22241
46.322,1,105.92,8.2342,1.7611,0.46408,2.4241,0.12709,0.0070958,0,0.22347
46.328,1,105.89,8.2355,1.7631,0.46374,2.4351,0.12707,0.0071113,0,0.2244
46.334,1,105.99,8.2366,1.7655,0.46356,2.4262,0.12712,0.0071335,0,0.22521
46.34,1,105.9,8.2376,1.7677,0.46289,2.4029,0.12716,0.0071643,0,0.22591
46.346,1,105.75,8.2386,1.7675,0.45869,2.3784,0.12708,0.007209,0,0.22651
46.351,1,105.74,8.2395,1.7628,0.45306,2.3699,0.12699,0.0072672,0,0.2268
46.358,1,105.83,8.2399,1.7539,0.45137,2.402,0.12703,0.0073352,0,0.22672
46.364,1,105.86,8.2398,1.7414,0.45017,2.4312,0.12704,0.0074069,0,0.22637
46.369,1,105.78,8.2388,1.727,0.45381,2.4039,0.12698,0.0074857,0,0.22578
46.375,1,105.78,8.2366,1.7135,0.45591,2.3825,0.12702,0.0075718,0,0.22441
46.381,1,105.87,8.2332,1.7119,0.45436,2.3748,0.12703,0.0076608,0,0.22095
46.387,1,105.99,8.2291,1.7187,0.44865,2.3669,0.12707,0.0077544,0,0.21793
46.393,1,106.07,8.2254,1.7246,0.44861,2.3747,0.12711,0.0078462,0,0.216
46.399,1,106.16,8.2223,1.7153,0.44879,2.4036,0.12715,0.007938,0,0.21375
46.405,1,106.22,8.2194,1.7134,0.45133,2.394,0.12718,0.0080273,0,0.21195
46.411,1,106.28,8.2171,1.7085,0.45439,2.3702,0.12721,0.0081127,0,0.211
46.417,1,106.35,8.2195,1.7038,0.45768,2.337,0.12724,0.0081989,0,0.21025
46.423,1,106.34,8.2218,1.6941,0.45822,2.3311,0.12725,0.008274,0,0.21041
46.428,1,106.39,8.224,1.6818,0.4569,2.3251,0.12727,0.0082703,0,0.21118
46.434,1,106.5,8.2263,1.678,0.45594,2.3048,0.12732,0.0082476,0,0.21191
46.44,1,106.6,8.2277,1.6829,0.45961,2.3035,0.12734,0.0082279,0,0.2125
46.446,1,106.65,8.2288,1.682,0.46377,2.3183,0.12736,0.0082158,0,0.21306
46.452,1,106.68,8.2302,1.6807,0.46821,2.3139,0.1274,0.0082083,0,0.21364
46.458,1,106.65,8.2306,1.6877,0.47265,2.3216,0.12738,0.0082054,0,0.21407
46.464,1,106.64,8.2308,1.6941,0.47679,2.3219,0.12738,0.0080909,0,0.21449
46.47,1,106.58,8.2304,1.7027,0.47782,2.3275,0.12737,0.0079137,0,0.21471
46.476,1,106.43,8.2281,1.71,0.47294,2.3648,0.12728,0.0077258,0,0.21378
46.482,1,106.31,8.2241,1.7151,0.46999,2.3899,0.12721,0.0075832,0,0.2133
46.487,1,106.1,8.2191,1.72,0.46935,2.3784,0.1272,0.0074762,0,0.2133
46.494,1,106.08,8.2204,1.7175,0.4684,2.3743,0.1272,0.0073738,0,0.21352
46.499,1,106.16,8.222,1.7104,0.4657,2.3761,0.12722,0.007274,0,0.21522
46.505,1,106.22,8.2235,1.7064,0.46456,2.3683,0.12725,0.0072227,0,0.2168
46.511,1,106.3,8.225,1.7127,0.46294,2.3512,0.12729,0.0071809,0,0.21824
46.517,1,106.39,8.2264,1.7283,0.46289,2.3403,0.12733,0.007165,0,0.21954
46.523,1,106.45,8.2279,1.7321,0.46289,2.3744,0.12736,0.0071588,0,0.2206
46.528,1,106.53,8.2294,1.7294,0.46262,2.3683,0.12739,0.0071635,0,0.22145
46.535,1,106.6,8.2309,1.7423,0.46496,2.3673,0.12741,0.0071217,0,0.22206
46.541,1,106.45,8.2323,1.748,0.46387,2.3633,0.12736,0.0070916,0,0.22237
46.547,1,106.26,8.2337,1.7544,0.46271,2.4024,0.12722,0.0070864,0,0.22224
46.553,1,106.19,8.235,1.7573,0.46168,2.4394,0.12711,0.0070901,0,0.22179
46.558,1,106.12,8.2362,1.7625,0.4612,2.4093,0.12708,0.0071052,0,0.22276
46.564,1,106.01,8.2373,1.7646,0.46438,2.425,0.12711,0.0071248,0,0.22371
46.57,1,105.95,8.2384,1.7648,0.46358,2.4312,0.12715,0.0071487,0,0.22454
46.576,1,105.77,8.2394,1.7605,0.46203,2.4212,0.12709,0.007178,0,0.22528
46.582,1,105.79,8.2401,1.7534,0.46062,2.4111,0.12709,0.0072146,0,0.22594
46.587,1,105.77,8.2403,1.7442,0.45532,2.3798,0.12703,0.0072666,0,0.22645
46.593,1,105.69,8.2398,1.7322,0.45207,2.3795,0.127,0.0073272,0,0.22661
46.599,1,105.74,8.2383,1.7192,0.45301,2.4038,0.12703,0.0073976,0,0.22574
46.605,1,105.76,8.2357,1.7083,0.45538,2.3965,0.12701,0.0074744,0,0.22474
46.611,1,105.86,8.2318,1.7115,0.45426,2.3909,0.12704,0.0075587,0,0.22404
46.617,1,105.86,8.2278,1.7208,0.4539,2.3889,0.12708,0.0076446,0,0.2212
46.623,1,105.94,8.2242,1.7247,0.4505,2.3676,0.12707,0.0077316,0,0.21827
46.629,1,106.05,8.2206,1.7223,0.44963,2.3445,0.12711,0.0078249,0,0.21534
46.635,1,106.15,8.2173,1.7258,0.44976,2.3685,0.12714,0.007916,0,0.21396
46.641,1,106.22,8.2149,1.7236,0.44999,2.3886,0.12717,0.008,0,0.21259
46.647,1,106.31,8.2164,1.7208,0.45319,2.3576,0.12721,0.0080863,0,0.21111
46.653,1,106.37,8.2185,1.7118,0.45689,2.3574,0.12724,0.0081611,0,0.21066
46.659,1,106.39,8.2209,1.7014,0.45945,2.3326,0.12727,0.0082327,0,0.21044
46.665,1,106.43,8.2233,1.6885,0.45834,2.3258,0.12728,0.0082175,0,0.21134
46.671,1,106.49,8.2254,1.6789,0.45765,2.3214,0.12731,0.0082037,0,0.2122
46.676,1,106.59,8.2271,1.6889,0.46018,2.3093,0.12735,0.0081899,0,0.21318
46.682,1,106.64,8.2284,1.6907,0.46405,2.3107,0.12738,0.0081826,0,0.21401
46.688,1,106.67,8.2301,1.6853,0.46818,2.3147,0.12742,0.0081743,0,0.21478
46.694,1,106.71,8.2308,1.6933,0.47043,2.3166,0.12738,0.0081721,0,0.21543
46.7,1,106.68,8.2311,1.6979,0.46966,2.3231,0.12736,0.0081774,0,0.21601
46.706,1,106.52,8.2311,1.7059,0.47205,2.3185,0.12728,0.0080403,0,0.21648
46.712,1,106.43,8.2306,1.7119,0.47362,2.3454,0.12726,0.0078587,0,0.21566
46.718,1,106.36,8.2279,1.7179,0.47226,2.3668,0.12723,0.0076707,0,0.21444
46.724,1,106.15,8.2235,1.721,0.47063,2.3894,0.1272,0.0075291,0,0.21384
46.73,1,106.2,8.2228,1.7227,0.47047,2.3733,0.12724,0.0074339,0,0.21389
46.736,1,106.14,8.2245,1.7169,0.47041,2.3795,0.12723,0.0073489,0,0.21385
46.742,1,106.2,8.2261,1.7099,0.46913,2.3832,0.12725,0.0072522,0,0.21497
46.748,1,106.27,8.2277,1.7076,0.46565,2.408,0.12728,0.0072115,0,0.21658
46.753,1,106.38,8.2292,1.7201,0.46325,2.4095,0.12732,0.0071806,0,0.2181
46.759,1,106.46,8.2307,1.7318,0.46319,2.3989,0.12736,0.0071743,0,0.2194
46.765,1,106.3,8.2321,1.7342,0.46245,2.4167,0.12732,0.0071767,0,0.22048
46.771,1,106.14,8.2335,1.7354,0.458,2.429,0.12723,0.007157,0,0.22135
46.777,1,106.19,8.2349,1.7463,0.45645,2.4235,0.12719,0.007124,0,0.22196
46.783,1,106.02,8.2362,1.7516,0.4559,2.4134,0.12717,0.0071083,0,0.22228
46.789,1,105.82,8.2374,1.7578,0.45695,2.3943,0.1271,0.0071123,0,0.2221
46.795,1,105.88,8.2384,1.7598,0.4555,2.4177,0.12707,0.0071254,0,0.22173
46.8,1,105.99,8.2394,1.7596,0.45399,2.4234,0.12706,0.0071479,0,0.22266
46.806,1,105.95,8.2403,1.7555,0.45303,2.4322,0.12703,0.0071748,0,0.2235
46.812,1,105.81,8.2409,1.7473,0.45369,2.4513,0.12704,0.0072052,0,0.22423
46.818,1,105.77,8.2409,1.7371,0.45707,2.4237,0.12706,0.0072415,0,0.22487
46.824,1,105.6,8.2403,1.7241,0.45862,2.4059,0.12697,0.0072863,0,0.22423
46.829,1,105.68,8.2383,1.714,0.45715,2.3619,0.12698,0.0073489,0,0.22311
46.836,1,105.74,8.2355,1.7048,0.45238,2.3999,0.12703,0.0074148,0,0.22211
46.841,1,105.81,8.2318,1.7081,0.452,2.4007,0.12705,0.0074876,0,0.22182
46.847,1,105.87,8.2276,1.718,0.45218,2.3732,0.12709,0.0075674,0,0.2219
46.853,1,105.91,8.2238,1.7216,0.45272,2.3563,0.12713,0.0076502,0,0.22053
46.859,1,105.98,8.2204,1.7206,0.45175,2.3457,0.12708,0.0077336,0,0.21754
46.865,1,106.06,8.2168,1.7285,0.44977,2.3318,0.12712,0.0078192,0,0.21513
46.871,1,106.15,8.2138,1.7314,0.44951,2.3513,0.12717,0.0079065,0,0.21355
46.877,1,106.22,8.213,1.7308,0.45162,2.3453,0.12721,0.0079867,0,0.21246
46.883,1,106.29,8.2154,1.7256,0.45567,2.3284,0.12726,0.0080656,0,0.21109
46.889,1,106.38,8.2179,1.717,0.45986,2.3176,0.1273,0.00814,0,0.21038
46.895,1,106.39,8.2202,1.7028,0.46301,2.3196,0.12725,0.0082034,0,0.21009
46.901,1,106.47,8.2228,1.6901,0.46202,2.3126,0.12727,0.0082033,0,0.21098
46.907,1,106.53,8.2249,1.6835,0.46211,2.3334,0.1273,0.0081933,0,0.21209
46.912,1,106.59,8.2267,1.693,0.46638,2.3078,0.12734,0.0081804,0,0.21321
46.918,1,106.61,8.2281,1.6944,0.47054,2.3067,0.12736,0.0081758,0,0.21424
46.924,1,106.67,8.2299,1.6888,0.47129,2.2971,0.12737,0.0081715,0,0.21517
46.93,1,106.69,8.2307,1.6959,0.47031,2.3174,0.12738,0.0081755,0,0.216
46.936,1,106.71,8.231,1.7007,0.47199,2.3197,0.12738,0.0081867,0,0.21672
46.942,1,106.71,8.2312,1.7075,0.47579,2.317,0.12738,0.0082047,0,0.21732
46.948,1,106.5,8.2311,1.714,0.47704,2.3216,0.12727,0.0080498,0,0.21749
46.954,1,106.3,8.2291,1.7184,0.47778,2.3614,0.12722,0.0078839,0,0.21633
46.96,1,106.27,8.2252,1.7223,0.47281,2.3857,0.12724,0.0077007,0,0.21521
46.966,1,106.23,8.2239,1.7249,0.47191,2.3762,0.12724,0.00755,0,0.21454
46.972,1,106.12,8.2257,1.7186,0.47254,2.4134,0.12721,0.0074631,0,0.21465
46.978,1,106.18,8.2274,1.7125,0.47131,2.4447,0.12723,0.0073848,0,0.21469
46.983,1,106.27,8.229,1.7101,0.46665,2.4261,0.12727,0.0072864,0,0.21568
46.989,1,106.31,8.2305,1.7151,0.46336,2.4173,0.12731,0.0072454,0,0.21746
46.995,1,106.14,8.232,1.7288,0.46328,2.4572,0.12724,0.0072177,0,0.21903
47.001,1,106,8.2334,1.7357,0.4582,2.4472,0.12716,0.007213,0,0.22043
47.007,1,106,8.2348,1.7323,0.45368,2.4305,0.12718,0.0071617,0,0.22163
47.013,1,105.83,8.2361,1.7439,0.45344,2.4152,0.1271,0.0071284,0,0.22254
47.019,1,105.78,8.2374,1.7499,0.45491,2.3973,0.12705,0.0071085,0,0.22321
47.025,1,105.87,8.2385,1.758,0.45307,2.3791,0.12706,0.0071098,0,0.22357
47.031,1,105.94,8.2395,1.7592,0.45133,2.3919,0.1271,0.0071218,0,0.22348
47.037,1,105.99,8.2405,1.755,0.45009,2.4217,0.12712,0.0071438,0,0.22293
47.042,1,106.1,8.2412,1.7497,0.45167,2.4457,0.1271,0.0071724,0,0.22308
47.048,1,106.06,8.2415,1.7405,0.45467,2.4414,0.12708,0.0072049,0,0.22377
47.055,1,105.74,8.2411,1.7281,0.45799,2.4396,0.12704,0.007241,0,0.22329
47.06,1,105.68,8.2398,1.7145,0.46084,2.4091,0.12705,0.0072836,0,0.22201
47.066,1,105.73,8.2372,1.7048,0.45505,2.3786,0.12701,0.007341,0,0.22086
47.072,1,105.83,8.2334,1.7082,0.45179,2.3765,0.12706,0.0074082,0,0.22037
47.078,1,105.83,8.2296,1.7173,0.45451,2.3731,0.12707,0.0074778,0,0.2204
47.084,1,105.89,8.2259,1.7223,0.45398,2.3506,0.1271,0.0075535,0,0.2204
47.09,1,105.96,8.2224,1.7193,0.45382,2.3359,0.12715,0.0076351,0,0.22015
47.096,1,106.05,8.2189,1.7271,0.45393,2.3305,0.12714,0.0077159,0,0.21804
47.102,1,106.16,8.2157,1.7334,0.45186,2.3198,0.12716,0.0077997,0,0.21558
47.108,1,106.25,8.2132,1.7357,0.4509,2.3283,0.1272,0.007882,0,0.21393
47.114,1,106.31,8.2125,1.7324,0.45421,2.3251,0.12724,0.0079585,0,0.21287
47.12,1,106.38,8.2149,1.7251,0.45842,2.3171,0.12727,0.0080314,0,0.21171
47.126,1,106.46,8.2175,1.7147,0.46273,2.3075,0.1273,0.0081014,0,0.21082
47.132,1,106.44,8.2201,1.701,0.46464,2.3122,0.12726,0.0081638,0,0.21068
47.138,1,106.5,8.2227,1.6899,0.46458,2.3427,0.12728,0.0081944,0,0.21191
47.144,1,106.54,8.2246,1.6877,0.46832,2.3448,0.12731,0.0081858,0,0.21305
47.149,1,106.54,8.2265,1.6952,0.47193,2.3158,0.12734,0.0081766,0,0.21421
47.155,1,106.61,8.2282,1.6943,0.47277,2.3108,0.12736,0.0081731,0,0.21525
47.161,1,106.68,8.2297,1.6925,0.47168,2.3091,0.12737,0.0081753,0,0.21616
47.167,1,106.71,8.2306,1.7,0.4699,2.3073,0.12738,0.0081833,0,0.21698
47.173,1,106.72,8.2311,1.7058,0.47066,2.3166,0.12739,0.0082057,0,0.21767
47.179,1,106.67,8.2311,1.7105,0.47226,2.3258,0.12737,0.008241,0,0.21806
47.185,1,106.51,8.231,1.716,0.4735,2.3302,0.12728,0.0081215,0,0.21833
47.191,1,106.23,8.2302,1.7215,0.47413,2.3707,0.12724,0.0079589,0,0.21721
47.197,1,106.27,8.2272,1.7246,0.47496,2.4158,0.12724,0.0077893,0,0.21602
47.203,1,106.23,8.2264,1.7274,0.47372,2.4525,0.12726,0.0076165,0,0.21496
47.209,1,106.19,8.2281,1.7231,0.47249,2.448,0.12722,0.0075075,0,0.21479
47.215,1,106.01,8.2298,1.7178,0.46649,2.4467,0.12718,0.0074332,0,0.21488
47.22,1,105.85,8.2313,1.7136,0.46066,2.4768,0.1271,0.0073481,0,0.21477
47.226,1,105.92,8.2328,1.7128,0.4586,2.4943,0.12713,0.0072795,0,0.21616
47.232,1,105.88,8.2343,1.7266,0.45746,2.4753,0.12714,0.0072469,0,0.21795
47.238,1,105.7,8.2356,1.7366,0.4546,2.446,0.12706,0.0072333,0,0.21954
47.244,1,105.71,8.2369,1.7374,0.45298,2.4044,0.12701,0.0072251,0,0.22097
47.25,1,105.81,8.2381,1.7419,0.45103,2.3888,0.12705,0.0071655,0,0.22216
47.256,1,105.89,8.2392,1.7505,0.44883,2.3825,0.12709,0.0071441,0,0.22304
47.262,1,105.96,8.2402,1.7538,0.44759,2.3949,0.12714,0.0071389,0,0.22365
47.268,1,106.04,8.2411,1.7493,0.44811,2.4133,0.12719,0.0071507,0,0.22393
47.274,1,106.05,8.2417,1.7398,0.45041,2.4346,0.12716,0.0071709,0,0.22388
47.28,1,105.92,8.2416,1.7289,0.45315,2.423,0.12708,0.0071991,0,0.22294
47.286,1,105.93,8.2405,1.7161,0.45625,2.4369,0.12709,0.0072309,0,0.22067
47.292,1,106.01,8.2383,1.7038,0.45722,2.4178,0.12709,0.0072671,0,0.21924
47.298,1,105.89,8.2351,1.7001,0.45575,2.3955,0.12712,0.0073095,0,0.21832
47.303,1,105.8,8.231,1.7065,0.45325,2.371,0.12704,0.0073634,0,0.21798
47.309,1,105.83,8.2269,1.7158,0.45262,2.3585,0.12706,0.0074264,0,0.21795
47.315,1,105.88,8.2232,1.7167,0.45444,2.346,0.1271,0.0074936,0,0.21774
47.321,1,105.97,8.2194,1.7207,0.45628,2.3291,0.12716,0.0075676,0,0.21791
47.327,1,106,8.216,1.7281,0.4558,2.3296,0.1272,0.0076394,0,0.2185
47.333,1,106.07,8.2129,1.7359,0.45832,2.3169,0.12718,0.0077143,0,0.21774
47.339,1,106.15,8.2104,1.7421,0.45846,2.3252,0.12716,0.0077885,0,0.2157
47.345,1,106.24,8.2098,1.7423,0.45737,2.3156,0.1272,0.007863,0,0.21378
47.351,1,106.32,8.2123,1.7376,0.46085,2.3118,0.12724,0.0079344,0,0.2128
47.358,1,106.37,8.2146,1.7268,0.46515,2.3513,0.12726,0.0079959,0,0.21199
47.363,1,106.44,8.2173,1.716,0.46595,2.358,0.1273,0.0080537,0,0.21098
47.369,1,106.43,8.22,1.7039,0.46648,2.356,0.12725,0.0081038,0,0.21129
47.375,1,106.4,8.2229,1.6935,0.47066,2.3386,0.12727,0.008122,0,0.21268
47.381,1,106.45,8.2247,1.6945,0.47013,2.3348,0.12729,0.0081154,0,0.21397
47.387,1,106.52,8.2263,1.6981,0.46861,2.3256,0.12732,0.0081152,0,0.21521
47.392,1,106.6,8.2283,1.6944,0.46713,2.3125,0.12735,0.0081269,0,0.2164
47.398,1,106.67,8.2297,1.6975,0.46549,2.3117,0.12737,0.0081495,0,0.21744
47.404,1,106.69,8.2305,1.7026,0.46716,2.3151,0.12738,0.0081828,0,0.21834
47.41,1,106.71,8.2309,1.7093,0.46859,2.3161,0.12739,0.0082201,0,0.21911
47.416,1,106.67,8.231,1.714,0.46989,2.3338,0.12737,0.0082434,0,0.21959
47.422,1,106.57,8.2309,1.7185,0.47093,2.3711,0.12731,0.0081722,0,0.21885
47.428,1,106.36,8.2303,1.7237,0.47136,2.3841,0.12726,0.0080337,0,0.21777
47.434,1,106.15,8.2274,1.7266,0.47074,2.4106,0.12724,0.0078768,0,0.21658
47.44,1,106.12,8.2273,1.7288,0.47444,2.4407,0.12715,0.0077136,0,0.21548
47.446,1,106.09,8.2291,1.7245,0.47094,2.4662,0.12717,0.0075763,0,0.21483
47.452,1,105.95,8.2307,1.7194,0.46591,2.5135,0.1271,0.0075031,0,0.21493
47.457,1,105.92,8.2323,1.715,0.46117,2.4777,0.12712,0.0074349,0,0.21499
47.463,1,105.84,8.2338,1.7145,0.45819,2.4568,0.12712,0.0073462,0,0.21478
47.469,1,105.69,8.2352,1.7271,0.45703,2.4375,0.12706,0.0073137,0,0.21619
47.475,1,105.75,8.2365,1.7382,0.45349,2.4201,0.12707,0.0072958,0,0.21803
47.481,1,105.86,8.2378,1.7396,0.45232,2.3865,0.12713,0.0072777,0,0.21976
47.487,1,105.95,8.2389,1.7415,0.45039,2.3765,0.12716,0.0072203,0,0.22128
47.493,1,106.05,8.2399,1.7521,0.44978,2.3708,0.1272,0.007201,0,0.22257
47.499,1,106.12,8.2409,1.7508,0.45173,2.4146,0.12722,0.0071973,0,0.22355
47.505,1,106.11,8.2417,1.7439,0.45401,2.4168,0.1272,0.0072126,0,0.22418
47.512,1,105.95,8.2418,1.7333,0.45658,2.4274,0.12713,0.0072358,0,0.22447
47.518,1,105.9,8.2414,1.7194,0.45939,2.424,0.1271,0.0072642,0,0.22309
47.523,1,106.02,8.2397,1.7077,0.45714,2.3804,0.12715,0.0072967,0,0.22029
47.529,1,106.12,8.2369,1.6996,0.45511,2.3833,0.12718,0.0073313,0,0.21798
47.535,1,106.23,8.2331,1.7038,0.45388,2.3719,0.12715,0.0073697,0,0.2174
47.541,1,105.95,8.2291,1.7136,0.45383,2.3598,0.12709,0.0074154,0,0.21727
47.546,1,105.93,8.2253,1.718,0.45304,2.3444,0.12711,0.0074696,0,0.21706
47.552,1,106.01,8.2218,1.7176,0.45503,2.3468,0.12716,0.0075267,0,0.21687
47.558,1,106.08,8.2181,1.7263,0.45902,2.3299,0.12721,0.0075877,0,0.21737
47.564,1,106.1,8.2148,1.734,0.46041,2.3177,0.12725,0.0076505,0,0.21798
47.57,1,106.06,8.2122,1.7413,0.46339,2.3284,0.12723,0.0077099,0,0.21878
47.576,1,106.14,8.2102,1.7445,0.46306,2.3368,0.12715,0.0077656,0,0.21673
47.582,1,106.23,8.2095,1.7435,0.46309,2.3676,0.12719,0.0078203,0,0.2148
47.588,1,106.26,8.2121,1.7367,0.46734,2.3734,0.12723,0.0078699,0,0.21366
47.595,1,106.29,8.2146,1.7258,0.46682,2.3711,0.12719,0.0079138,0,0.21293
47.601,1,106.36,8.2174,1.7166,0.46506,2.3573,0.12722,0.0079567,0,0.2121
47.607,1,106.35,8.2201,1.7047,0.4639,2.3472,0.12724,0.0079976,0,0.21194
47.612,1,106.4,8.2231,1.6943,0.46269,2.3285,0.12726,0.008043,0,0.21342
47.619,1,106.44,8.2248,1.6981,0.46245,2.3276,0.12728,0.0080548,0,0.21479
47.624,1,106.52,8.2265,1.7013,0.46187,2.3204,0.12732,0.0080681,0,0.21613
47.63,1,106.59,8.2284,1.6948,0.46163,2.3186,0.12735,0.0080937,0,0.21735
47.636,1,106.66,8.2296,1.6984,0.46416,2.3349,0.12736,0.008132,0,0.21844
47.641,1,106.7,8.2306,1.7048,0.46648,2.3173,0.12738,0.0081797,0,0.21942
47.648,1,106.72,8.2311,1.7115,0.46845,2.3224,0.12739,0.0082126,0,0.22024
47.654,1,106.59,8.2311,1.7159,0.46851,2.3202,0.12738,0.0082126,0,0.22081
47.66,1,106.4,8.231,1.7191,0.46789,2.3798,0.12727,0.0081773,0,0.21897
47.665,1,106.33,8.2305,1.7236,0.46767,2.408,0.12721,0.0080481,0,0.21789
47.671,1,106.08,8.228,1.727,0.47026,2.4339,0.12721,0.0078993,0,0.21669
47.677,1,106.11,8.2294,1.7291,0.47241,2.4424,0.12716,0.007742,0,0.21554
47.683,1,106,8.2312,1.7251,0.46981,2.4902,0.12715,0.0076007,0,0.21468
47.689,1,105.88,8.2327,1.7206,0.46473,2.5129,0.12709,0.0075239,0,0.21467
47.695,1,105.74,8.2342,1.7177,0.45955,2.4652,0.12702,0.0074607,0,0.21472
47.701,1,105.72,8.2357,1.7169,0.45736,2.4405,0.12704,0.00738,0,0.2145
47.707,1,105.81,8.237,1.7245,0.45375,2.4205,0.12707,0.0073443,0,0.21492
47.712,1,105.91,8.2382,1.7384,0.45155,2.396,0.12711,0.0073308,0,0.21665
47.718,1,105.99,8.2393,1.7418,0.45431,2.3884,0.12714,0.0073372,0,0.21852
47.724,1,106.08,8.2403,1.7401,0.45413,2.3826,0.12718,0.0072772,0,0.22031
47.73,1,106.14,8.2413,1.7473,0.45558,2.4202,0.1272,0.0072609,0,0.22185
47.737,1,106.07,8.242,1.7398,0.45764,2.4243,0.1272,0.0072553,0,0.2231
47.743,1,105.94,8.2421,1.729,0.45993,2.4152,0.12714,0.0072709,0,0.22404
47.749,1,105.91,8.2413,1.7163,0.45783,2.4013,0.12714,0.0072927,0,0.22356
47.755,1,105.97,8.2396,1.7041,0.45524,2.4175,0.12717,0.0073208,0,0.22133
47.76,1,106.06,8.2368,1.6961,0.45311,2.3842,0.12721,0.0073492,0,0.21915
47.766,1,106.18,8.2329,1.7017,0.45164,2.3498,0.12726,0.0073794,0,0.21728
47.772,1,106.28,8.2287,1.7122,0.45391,2.3551,0.12725,0.007409,0,0.21591
47.778,1,106.18,8.2251,1.7153,0.45609,2.3479,0.12717,0.00744,0,0.21564
47.783,1,106.18,8.2214,1.7163,0.45529,2.3309,0.12713,0.0074816,0,0.21543
47.789,1,106.13,8.2177,1.7254,0.45852,2.3371,0.12715,0.0075272,0,0.21589
47.796,1,106.15,8.2146,1.7324,0.46256,2.3287,0.12717,0.0075746,0,0.21648
47.801,1,106.12,8.2117,1.7412,0.46604,2.3219,0.12722,0.0076237,0,0.21735
47.808,1,106.05,8.2096,1.747,0.46471,2.3188,0.12724,0.007671,0,0.21832
47.814,1,106.12,8.2081,1.7475,0.46276,2.349,0.12715,0.0077144,0,0.21683
47.82,1,106.15,8.2082,1.7429,0.46689,2.3847,0.12718,0.0077563,0,0.21508
47.825,1,106.22,8.2107,1.7351,0.46845,2.3817,0.12715,0.0077967,0,0.21393
47.831,1,106.3,8.2136,1.7274,0.46655,2.3589,0.12719,0.0078381,0,0.21346
47.837,1,106.34,8.2164,1.7174,0.46395,2.3468,0.12722,0.0078849,0,0.21293
47.843,1,106.36,8.2193,1.7062,0.46285,2.3329,0.12724,0.0079348,0,0.21255
47.849,1,106.4,8.2221,1.6963,0.46183,2.3259,0.12726,0.0079842,0,0.2138
47.855,1,106.45,8.224,1.7008,0.46155,2.3237,0.12728,0.0080276,0,0.21533
47.861,1,106.52,8.2257,1.7029,0.46097,2.3261,0.12731,0.0080756,0,0.2168
47.866,1,106.61,8.2281,1.696,0.46275,2.3371,0.12736,0.0081209,0,0.21819
47.873,1,106.68,8.2295,1.7018,0.46547,2.3301,0.12737,0.00816,0,0.2194
47.879,1,106.66,8.2303,1.7048,0.46738,2.3302,0.12738,0.0081891,0,0.22042
47.884,1,106.49,8.2308,1.7107,0.46688,2.325,0.12736,0.0082105,0,0.22134
47.89,1,106.49,8.2311,1.7159,0.46603,2.3377,0.12732,0.0082227,0,0.22204
47.896,1,106.45,8.2311,1.7201,0.4651,2.3959,0.1273,0.0082257,0,0.22087
47.902,1,106.37,8.231,1.7232,0.46855,2.4243,0.12724,0.0082218,0,0.21979
47.907,1,106.2,8.2303,1.727,0.4683,2.3982,0.1272,0.008109,0,0.21878
47.913,1,105.95,8.2307,1.7287,0.46581,2.4128,0.12716,0.0079777,0,0.21772
47.919,1,105.94,8.2324,1.7304,0.46464,2.4487,0.1271,0.0078253,0,0.21658
47.925,1,106.02,8.234,1.7257,0.4628,2.4846,0.12713,0.0076892,0,0.21571
47.931,1,105.98,8.2355,1.7243,0.45794,2.4398,0.12708,0.0075991,0,0.21558
47.937,1,105.86,8.2369,1.7208,0.45755,2.4164,0.12705,0.007541,0,0.21567
47.942,1,105.94,8.2382,1.7182,0.45702,2.4006,0.12709,0.0074703,0,0.21554
47.948,1,106.02,8.2394,1.729,0.45657,2.3878,0.12712,0.0074231,0,0.21578
47.954,1,106.08,8.2404,1.7417,0.45636,2.3852,0.12715,0.0074076,0,0.2165
47.96,1,106.12,8.2415,1.7437,0.45608,2.4241,0.12717,0.0073866,0,0.21842
47.966,1,106.17,8.2423,1.7402,0.45638,2.428,0.1272,0.007327,0,0.22022
47.972,1,106.09,8.2426,1.7326,0.45811,2.3966,0.12721,0.0073091,0,0.22189
47.978,1,105.97,8.2423,1.7219,0.45961,2.3872,0.12718,0.0073027,0,0.22328
47.984,1,106.01,8.2411,1.7089,0.45647,2.4002,0.12721,0.0073135,0,0.22268
47.99,1,106.1,8.2388,1.6966,0.45339,2.4145,0.12725,0.0073289,0,0.2207
47.996,1,106.1,8.2366,1.6933,0.45234,2.4505,0.12724,0.007345,0,0.21976
