/*--------------------------------*- C++ -*----------------------------------*\
| =========                 |                                                 |
| \\      /  F ield         | OpenFOAM: The Open Source CFD Toolbox           |
|  \\    /   O peration     | Version:  2406                                  |
|   \\  /    A nd           | Website:  www.openfoam.com                      |
|    \\/     M anipulation  |                                                 |
\*---------------------------------------------------------------------------*/
FoamFile
{
    version     2.0;
    format      ascii;
    arch        "LSB;label=32;scalar=64";
    class       volScalarField;
    location    "1.9";
    object      nut;
}
// * * * * * * * * * * * * * * * * * * * * * * * * * * * * * * * * * * * * * //

dimensions      [0 2 -1 0 0 0 0];

internalField   nonuniform List<scalar> 
20000
(
0.00156995
0.00156995
0.00156996
0.00156997
0.00156998
0.00156998
0.00156997
0.00156996
0.00156995
0.00156995
0.00156995
0.00156996
0.00156999
0.00157004
0.00157008
0.00157008
0.00157004
0.00156999
0.00156996
0.00156995
0.00156996
0.00156999
0.0015701
0.00157021
0.00157029
0.00157029
0.00157021
0.0015701
0.00156999
0.00156996
0.00156997
0.00157004
0.00157021
0.00157043
0.00157056
0.00157056
0.00157043
0.00157021
0.00157004
0.00156997
0.00156998
0.00157008
0.00157029
0.00157056
0.0015708
0.0015708
0.00157056
0.00157029
0.00157008
0.00156998
0.00156998
0.00157008
0.00157029
0.00157056
0.0015708
0.0015708
0.00157056
0.00157029
0.00157008
0.00156998
0.00156997
0.00157004
0.00157021
0.00157043
0.00157056
0.00157056
0.00157043
0.00157021
0.00157004
0.00156997
0.00156996
0.00156999
0.0015701
0.00157021
0.00157029
0.00157029
0.00157021
0.0015701
0.00156999
0.00156996
0.00156995
0.00156996
0.00156999
0.00157004
0.00157008
0.00157008
0.00157004
0.00156999
0.00156996
0.00156995
0.00156995
0.00156995
0.00156996
0.00156997
0.00156998
0.00156998
0.00156997
0.00156996
0.00156995
0.00156995
0.00156239
0.00156239
0.00156241
0.00156245
0.00156248
0.00156248
0.00156245
0.00156241
0.00156239
0.00156239
0.00156239
0.00156243
0.00156253
0.00156266
0.00156277
0.00156277
0.00156266
0.00156253
0.00156243
0.00156239
0.00156241
0.00156253
0.0015628
0.00156312
0.00156334
0.00156334
0.00156312
0.0015628
0.00156253
0.00156241
0.00156245
0.00156266
0.00156312
0.00156372
0.00156407
0.00156407
0.00156372
0.00156312
0.00156266
0.00156245
0.00156248
0.00156277
0.00156334
0.00156407
0.00156468
0.00156468
0.00156407
0.00156334
0.00156277
0.00156248
0.00156248
0.00156277
0.00156334
0.00156407
0.00156468
0.00156468
0.00156407
0.00156334
0.00156277
0.00156248
0.00156245
0.00156266
0.00156312
0.00156372
0.00156407
0.00156407
0.00156372
0.00156312
0.00156266
0.00156245
0.00156241
0.00156253
0.0015628
0.00156312
0.00156334
0.00156334
0.00156312
0.0015628
0.00156253
0.00156241
0.00156239
0.00156243
0.00156253
0.00156266
0.00156277
0.00156277
0.00156266
0.00156253
0.00156243
0.00156239
0.00156239
0.00156239
0.00156241
0.00156245
0.00156248
0.00156248
0.00156245
0.00156241
0.00156239
0.00156239
0.00155505
0.00155506
0.0015551
0.00155516
0.00155521
0.00155521
0.00155516
0.0015551
0.00155506
0.00155505
0.00155506
0.00155512
0.00155528
0.0015555
0.00155566
0.00155566
0.0015555
0.00155528
0.00155512
0.00155506
0.0015551
0.00155528
0.0015557
0.00155619
0.00155654
0.00155654
0.00155619
0.00155571
0.00155528
0.0015551
0.00155516
0.0015555
0.00155619
0.00155709
0.00155764
0.00155764
0.00155709
0.00155619
0.0015555
0.00155516
0.00155521
0.00155566
0.00155654
0.00155764
0.00155854
0.00155854
0.00155764
0.00155654
0.00155566
0.00155521
0.00155521
0.00155566
0.00155654
0.00155764
0.00155854
0.00155854
0.00155764
0.00155654
0.00155566
0.00155521
0.00155516
0.0015555
0.00155619
0.00155709
0.00155764
0.00155764
0.00155709
0.00155619
0.0015555
0.00155516
0.0015551
0.00155528
0.00155571
0.00155619
0.00155654
0.00155654
0.00155619
0.00155571
0.00155528
0.0015551
0.00155506
0.00155512
0.00155528
0.0015555
0.00155566
0.00155566
0.0015555
0.00155528
0.00155512
0.00155506
0.00155505
0.00155506
0.0015551
0.00155516
0.00155521
0.00155521
0.00155516
0.0015551
0.00155506
0.00155505
0.00154795
0.00154796
0.00154802
0.00154811
0.00154817
0.00154817
0.00154811
0.00154802
0.00154796
0.00154795
0.00154796
0.00154806
0.00154827
0.00154856
0.00154877
0.00154877
0.00154856
0.00154827
0.00154806
0.00154796
0.00154802
0.00154827
0.00154881
0.00154945
0.00154989
0.00154989
0.00154945
0.00154881
0.00154827
0.00154802
0.00154811
0.00154855
0.00154945
0.00155058
0.0015513
0.0015513
0.00155058
0.00154945
0.00154856
0.00154811
0.00154817
0.00154877
0.00154989
0.0015513
0.0015524
0.0015524
0.0015513
0.00154989
0.00154877
0.00154817
0.00154817
0.00154877
0.00154989
0.0015513
0.0015524
0.0015524
0.0015513
0.00154989
0.00154877
0.00154817
0.00154811
0.00154856
0.00154945
0.00155058
0.0015513
0.0015513
0.00155058
0.00154945
0.00154856
0.00154811
0.00154802
0.00154827
0.00154881
0.00154945
0.00154989
0.00154989
0.00154945
0.00154881
0.00154827
0.00154802
0.00154796
0.00154806
0.00154827
0.00154856
0.00154877
0.00154877
0.00154856
0.00154827
0.00154806
0.00154796
0.00154795
0.00154796
0.00154802
0.00154811
0.00154817
0.00154817
0.00154811
0.00154802
0.00154796
0.00154795
0.00154107
0.0015411
0.00154118
0.00154129
0.00154137
0.00154137
0.00154129
0.00154118
0.0015411
0.00154107
0.0015411
0.00154122
0.00154149
0.00154183
0.00154208
0.00154208
0.00154183
0.00154149
0.00154122
0.0015411
0.00154118
0.00154149
0.00154213
0.00154288
0.0015434
0.0015434
0.00154288
0.00154213
0.00154149
0.00154118
0.00154129
0.00154183
0.00154288
0.00154419
0.00154504
0.00154504
0.00154419
0.00154288
0.00154183
0.00154129
0.00154137
0.00154208
0.0015434
0.00154504
0.0015463
0.0015463
0.00154504
0.0015434
0.00154208
0.00154137
0.00154137
0.00154208
0.0015434
0.00154504
0.0015463
0.0015463
0.00154504
0.0015434
0.00154208
0.00154137
0.00154129
0.00154183
0.00154288
0.00154419
0.00154504
0.00154504
0.00154419
0.00154288
0.00154183
0.00154129
0.00154118
0.00154149
0.00154213
0.00154288
0.0015434
0.0015434
0.00154288
0.00154213
0.00154149
0.00154118
0.0015411
0.00154122
0.00154149
0.00154183
0.00154208
0.00154208
0.00154183
0.00154149
0.00154122
0.0015411
0.00154107
0.0015411
0.00154118
0.00154129
0.00154137
0.00154137
0.00154129
0.00154118
0.0015411
0.00154107
0.00153436
0.00153446
0.00153455
0.00153469
0.00153478
0.00153478
0.00153469
0.00153456
0.00153446
0.00153436
0.00153446
0.00153461
0.00153492
0.00153531
0.00153559
0.00153559
0.00153531
0.00153492
0.00153461
0.00153446
0.00153455
0.00153492
0.00153563
0.00153648
0.00153707
0.00153707
0.00153648
0.00153563
0.00153492
0.00153455
0.00153469
0.00153531
0.00153648
0.00153793
0.00153888
0.00153888
0.00153793
0.00153648
0.00153531
0.00153468
0.00153478
0.00153559
0.00153707
0.00153888
0.00154026
0.00154026
0.00153888
0.00153707
0.00153559
0.00153478
0.00153478
0.00153559
0.00153707
0.00153888
0.00154026
0.00154026
0.00153888
0.00153707
0.00153559
0.00153478
0.00153469
0.00153531
0.00153648
0.00153793
0.00153888
0.00153888
0.00153793
0.00153648
0.00153531
0.00153468
0.00153456
0.00153492
0.00153563
0.00153648
0.00153707
0.00153707
0.00153648
0.00153563
0.00153492
0.00153455
0.00153446
0.00153461
0.00153492
0.00153531
0.00153559
0.00153559
0.00153531
0.00153492
0.00153461
0.00153446
0.00153437
0.00153446
0.00153455
0.00153468
0.00153478
0.00153478
0.00153469
0.00153455
0.00153446
0.00153437
0.00152774
0.001528
0.00152813
0.00152829
0.0015284
0.0015284
0.00152829
0.00152813
0.001528
0.00152774
0.001528
0.0015282
0.00152854
0.00152898
0.00152929
0.00152929
0.00152898
0.00152855
0.0015282
0.001528
0.00152813
0.00152855
0.00152932
0.00153024
0.00153088
0.00153088
0.00153024
0.00152932
0.00152855
0.00152813
0.00152829
0.00152898
0.00153024
0.00153179
0.00153282
0.00153282
0.00153179
0.00153024
0.00152898
0.00152828
0.0015284
0.00152929
0.00153088
0.00153282
0.00153428
0.00153428
0.00153282
0.00153088
0.00152929
0.0015284
0.0015284
0.00152929
0.00153088
0.00153282
0.00153428
0.00153428
0.00153282
0.00153088
0.00152929
0.0015284
0.00152829
0.00152898
0.00153024
0.00153179
0.00153281
0.00153282
0.00153179
0.00153024
0.00152897
0.00152828
0.00152814
0.00152855
0.00152932
0.00153024
0.00153088
0.00153088
0.00153024
0.00152932
0.00152855
0.00152813
0.00152801
0.0015282
0.00152855
0.00152898
0.00152929
0.00152929
0.00152898
0.00152855
0.0015282
0.00152801
0.00152775
0.00152801
0.00152813
0.00152829
0.0015284
0.0015284
0.00152829
0.00152813
0.00152801
0.00152776
0.00152107
0.00152168
0.00152188
0.00152206
0.00152219
0.00152219
0.00152207
0.00152189
0.00152168
0.00152106
0.00152168
0.00152196
0.00152235
0.00152282
0.00152315
0.00152315
0.00152282
0.00152235
0.00152196
0.00152167
0.00152188
0.00152235
0.00152318
0.00152415
0.00152482
0.00152482
0.00152415
0.00152318
0.00152235
0.00152188
0.00152206
0.00152282
0.00152415
0.00152577
0.00152685
0.00152685
0.00152577
0.00152415
0.00152282
0.00152206
0.00152219
0.00152315
0.00152482
0.00152685
0.00152837
0.00152837
0.00152685
0.00152482
0.00152315
0.00152219
0.00152219
0.00152315
0.00152482
0.00152685
0.00152837
0.00152837
0.00152685
0.00152482
0.00152315
0.00152219
0.00152207
0.00152282
0.00152415
0.00152578
0.00152685
0.00152685
0.00152577
0.00152415
0.00152282
0.00152207
0.00152189
0.00152236
0.00152318
0.00152415
0.00152482
0.00152482
0.00152415
0.00152318
0.00152235
0.00152189
0.00152168
0.00152197
0.00152236
0.00152282
0.00152315
0.00152315
0.00152282
0.00152235
0.00152197
0.00152168
0.00152108
0.00152168
0.00152189
0.00152207
0.00152219
0.00152219
0.00152206
0.00152189
0.00152168
0.00152108
0.00151417
0.00151541
0.00151577
0.001516
0.00151614
0.00151614
0.001516
0.00151577
0.00151541
0.00151416
0.00151541
0.00151587
0.00151632
0.00151682
0.00151717
0.00151717
0.00151682
0.00151632
0.00151587
0.0015154
0.00151577
0.00151632
0.00151719
0.0015182
0.0015189
0.0015189
0.0015182
0.00151719
0.00151632
0.00151576
0.001516
0.00151682
0.0015182
0.00151987
0.00152098
0.00152098
0.00151987
0.0015182
0.00151682
0.001516
0.00151614
0.00151717
0.0015189
0.00152099
0.00152255
0.00152255
0.00152099
0.0015189
0.00151717
0.00151614
0.00151614
0.00151717
0.0015189
0.00152099
0.00152255
0.00152255
0.00152099
0.0015189
0.00151717
0.00151614
0.001516
0.00151682
0.0015182
0.00151988
0.00152099
0.00152099
0.00151987
0.0015182
0.00151682
0.001516
0.00151577
0.00151633
0.0015172
0.0015182
0.0015189
0.0015189
0.0015182
0.00151719
0.00151632
0.00151577
0.00151541
0.00151588
0.00151633
0.00151682
0.00151717
0.00151716
0.00151682
0.00151632
0.00151587
0.00151541
0.00151419
0.00151542
0.00151577
0.001516
0.00151614
0.00151614
0.001516
0.00151577
0.00151541
0.00151418
0.00150688
0.0015091
0.00150974
0.00151005
0.00151022
0.00151022
0.00151005
0.00150973
0.00150909
0.00150686
0.00150909
0.00150988
0.00151043
0.00151096
0.00151133
0.00151133
0.00151096
0.00151043
0.00150987
0.00150908
0.00150973
0.00151043
0.00151135
0.00151238
0.0015131
0.0015131
0.00151238
0.00151135
0.00151043
0.00150973
0.00151005
0.00151096
0.00151238
0.00151408
0.00151522
0.00151522
0.00151408
0.00151238
0.00151096
0.00151005
0.00151022
0.00151132
0.0015131
0.00151522
0.0015168
0.0015168
0.00151522
0.0015131
0.00151133
0.00151022
0.00151022
0.00151133
0.0015131
0.00151522
0.00151681
0.00151681
0.00151522
0.0015131
0.00151133
0.00151022
0.00151005
0.00151096
0.00151239
0.00151409
0.00151522
0.00151522
0.00151408
0.00151239
0.00151096
0.00151005
0.00150973
0.00151043
0.00151135
0.00151239
0.0015131
0.0015131
0.00151238
0.00151135
0.00151043
0.00150973
0.0015091
0.00150988
0.00151043
0.00151096
0.00151133
0.00151133
0.00151096
0.00151043
0.00150987
0.00150909
0.0015069
0.00150911
0.00150974
0.00151005
0.00151022
0.00151022
0.00151005
0.00150973
0.00150909
0.00150687
0.00149902
0.00150263
0.00150371
0.00150417
0.00150439
0.00150439
0.00150417
0.0015037
0.00150261
0.00149899
0.00150262
0.00150393
0.00150465
0.00150523
0.00150561
0.00150561
0.00150523
0.00150464
0.00150392
0.00150261
0.00150371
0.00150465
0.00150563
0.00150669
0.00150742
0.00150742
0.00150669
0.00150563
0.00150464
0.0015037
0.00150417
0.00150523
0.00150669
0.00150841
0.00150955
0.00150955
0.0015084
0.00150669
0.00150523
0.00150417
0.00150439
0.00150561
0.00150742
0.00150955
0.00151115
0.00151115
0.00150955
0.00150742
0.00150561
0.00150439
0.00150439
0.00150562
0.00150742
0.00150956
0.00151115
0.00151115
0.00150955
0.00150742
0.00150561
0.00150439
0.00150417
0.00150524
0.0015067
0.00150841
0.00150956
0.00150956
0.00150841
0.00150669
0.00150523
0.00150417
0.00150371
0.00150465
0.00150563
0.00150669
0.00150742
0.00150742
0.00150669
0.00150563
0.00150464
0.00150371
0.00150263
0.00150393
0.00150465
0.00150523
0.00150561
0.00150561
0.00150523
0.00150464
0.00150392
0.00150262
0.00149905
0.00150264
0.00150371
0.00150417
0.00150439
0.00150439
0.00150417
0.0015037
0.00150261
0.00149902
0.00149047
0.00149589
0.00149763
0.00149832
0.00149861
0.00149861
0.00149831
0.00149761
0.00149587
0.00149043
0.00149589
0.00149795
0.00149893
0.00149961
0.00150001
0.00150001
0.0014996
0.00149893
0.00149793
0.00149587
0.00149762
0.00149893
0.00150003
0.00150112
0.00150185
0.00150185
0.00150112
0.00150003
0.00149893
0.00149761
0.00149832
0.00149961
0.00150112
0.00150284
0.00150399
0.00150399
0.00150283
0.00150112
0.0014996
0.00149831
0.00149862
0.00150002
0.00150185
0.00150399
0.00150558
0.00150558
0.00150399
0.00150185
0.00150001
0.00149861
0.00149862
0.00150002
0.00150185
0.00150399
0.00150558
0.00150558
0.00150399
0.00150185
0.00150001
0.00149861
0.00149832
0.00149961
0.00150112
0.00150283
0.00150399
0.00150399
0.00150284
0.00150112
0.0014996
0.00149831
0.00149763
0.00149894
0.00150003
0.00150112
0.00150185
0.00150185
0.00150112
0.00150003
0.00149893
0.00149762
0.0014959
0.00149795
0.00149893
0.0014996
0.00150001
0.00150001
0.00149961
0.00149893
0.00149794
0.00149589
0.00149051
0.0014959
0.00149763
0.00149832
0.00149861
0.00149861
0.00149831
0.00149761
0.00149588
0.00149047
0.00148115
0.00148879
0.00149139
0.00149242
0.00149283
0.00149283
0.00149241
0.00149138
0.00148876
0.0014811
0.00148878
0.00149187
0.00149325
0.00149406
0.0014945
0.0014945
0.00149405
0.00149324
0.00149186
0.00148876
0.00149139
0.00149325
0.00149452
0.00149565
0.00149639
0.00149639
0.00149565
0.00149451
0.00149324
0.00149138
0.00149242
0.00149406
0.00149565
0.00149737
0.00149852
0.00149852
0.00149737
0.00149565
0.00149405
0.00149242
0.00149284
0.00149451
0.00149639
0.00149852
0.0015001
0.0015001
0.00149852
0.00149639
0.0014945
0.00149283
0.00149284
0.0014945
0.00149639
0.00149852
0.0015001
0.0015001
0.00149852
0.00149639
0.0014945
0.00149283
0.00149243
0.00149406
0.00149565
0.00149737
0.00149851
0.00149852
0.00149737
0.00149565
0.00149405
0.00149242
0.0014914
0.00149325
0.00149451
0.00149564
0.00149639
0.00149639
0.00149565
0.00149451
0.00149324
0.00149139
0.0014888
0.00149188
0.00149325
0.00149405
0.0014945
0.0014945
0.00149405
0.00149324
0.00149187
0.00148878
0.00148117
0.0014888
0.0014914
0.00149242
0.00149283
0.00149283
0.00149242
0.00149138
0.00148877
0.00148114
0.00147101
0.00148124
0.00148494
0.00148642
0.00148699
0.00148699
0.00148642
0.00148493
0.00148121
0.00147097
0.00148123
0.00148563
0.00148754
0.00148854
0.00148905
0.00148905
0.00148854
0.00148753
0.00148562
0.00148121
0.00148494
0.00148754
0.00148906
0.00149027
0.00149102
0.00149103
0.00149027
0.00148906
0.00148754
0.00148493
0.00148642
0.00148855
0.00149027
0.00149201
0.00149315
0.00149315
0.00149201
0.00149027
0.00148854
0.00148642
0.001487
0.00148906
0.00149103
0.00149315
0.00149471
0.00149471
0.00149315
0.00149102
0.00148905
0.001487
0.001487
0.00148906
0.00149102
0.00149315
0.00149471
0.00149471
0.00149314
0.00149102
0.00148905
0.001487
0.00148643
0.00148855
0.00149027
0.001492
0.00149314
0.00149314
0.001492
0.00149026
0.00148854
0.00148643
0.00148495
0.00148755
0.00148906
0.00149027
0.00149102
0.00149102
0.00149026
0.00148906
0.00148754
0.00148494
0.00148125
0.00148564
0.00148755
0.00148855
0.00148905
0.00148905
0.00148854
0.00148753
0.00148563
0.00148122
0.001471
0.00148124
0.00148495
0.00148643
0.001487
0.00148699
0.00148641
0.00148493
0.00148121
0.00147096
0.00146005
0.00147318
0.00147821
0.00148026
0.00148104
0.00148104
0.00148026
0.0014782
0.00147317
0.00146004
0.00147318
0.00147917
0.00148176
0.00148304
0.00148363
0.00148363
0.00148304
0.00148176
0.00147917
0.00147316
0.0014782
0.00148176
0.00148364
0.00148496
0.00148574
0.00148574
0.00148496
0.00148364
0.00148177
0.0014782
0.00148026
0.00148304
0.00148496
0.00148672
0.00148787
0.00148787
0.00148673
0.00148496
0.00148304
0.00148027
0.00148105
0.00148364
0.00148574
0.00148787
0.00148942
0.00148942
0.00148787
0.00148574
0.00148364
0.00148106
0.00148106
0.00148364
0.00148574
0.00148787
0.00148942
0.00148942
0.00148787
0.00148574
0.00148364
0.00148106
0.00148027
0.00148305
0.00148496
0.00148673
0.00148787
0.00148787
0.00148672
0.00148496
0.00148304
0.00148028
0.00147822
0.00148178
0.00148365
0.00148497
0.00148574
0.00148574
0.00148495
0.00148364
0.00148176
0.00147821
0.00147318
0.00147919
0.00148178
0.00148305
0.00148364
0.00148363
0.00148303
0.00148176
0.00147915
0.00147314
0.00146
0.00147318
0.00147823
0.00148028
0.00148106
0.00148105
0.00148025
0.00147819
0.00147313
0.00145993
0.00144826
0.00146457
0.00147113
0.00147388
0.00147494
0.00147494
0.00147389
0.00147114
0.00146458
0.00144829
0.00146457
0.00147243
0.00147587
0.0014775
0.00147822
0.00147822
0.0014775
0.00147587
0.00147243
0.00146458
0.00147113
0.00147587
0.00147821
0.00147969
0.00148052
0.00148052
0.0014797
0.00147822
0.00147588
0.00147114
0.00147389
0.0014775
0.00147969
0.00148152
0.00148267
0.00148267
0.00148153
0.0014797
0.00147751
0.0014739
0.00147495
0.00147822
0.00148053
0.00148268
0.00148421
0.00148421
0.00148268
0.00148053
0.00147823
0.00147496
0.00147495
0.00147823
0.00148053
0.00148268
0.00148421
0.00148421
0.00148268
0.00148053
0.00147823
0.00147496
0.00147391
0.00147751
0.00147971
0.00148154
0.00148268
0.00148268
0.00148153
0.0014797
0.00147751
0.0014739
0.00147116
0.0014759
0.00147824
0.00147971
0.00148053
0.00148053
0.0014797
0.00147822
0.00147587
0.00147113
0.00146458
0.00147245
0.0014759
0.00147752
0.00147823
0.00147822
0.0014775
0.00147587
0.00147241
0.00146452
0.00144821
0.00146459
0.00147116
0.00147391
0.00147496
0.00147495
0.00147388
0.00147112
0.00146452
0.00144812
0.00143569
0.00145541
0.00146369
0.00146727
0.00146864
0.00146864
0.00146726
0.00146368
0.00145539
0.00143572
0.0014554
0.00146538
0.00146984
0.0014719
0.00147278
0.00147278
0.00147189
0.00146983
0.00146537
0.00145542
0.00146369
0.00146983
0.00147276
0.00147446
0.00147536
0.00147536
0.00147446
0.00147276
0.00146984
0.0014637
0.00146727
0.0014719
0.00147446
0.00147639
0.00147756
0.00147756
0.00147639
0.00147447
0.0014719
0.00146727
0.00146865
0.00147278
0.00147536
0.00147756
0.00147909
0.00147909
0.00147756
0.00147536
0.00147278
0.00146865
0.00146865
0.00147279
0.00147537
0.00147757
0.0014791
0.00147909
0.00147756
0.00147536
0.00147278
0.00146864
0.00146729
0.00147192
0.00147448
0.00147641
0.00147757
0.00147757
0.0014764
0.00147447
0.0014719
0.00146726
0.00146373
0.00146986
0.00147279
0.00147448
0.00147537
0.00147536
0.00147447
0.00147276
0.00146983
0.00146368
0.00145544
0.00146541
0.00146986
0.00147192
0.00147279
0.00147278
0.0014719
0.00146982
0.00146535
0.00145537
0.0014357
0.00145544
0.00146373
0.00146729
0.00146865
0.00146865
0.00146726
0.00146368
0.00145538
0.0014356
0.0014224
0.00144569
0.00145587
0.00146038
0.00146212
0.00146211
0.00146034
0.00145581
0.00144561
0.00142236
0.00144567
0.00145798
0.00146361
0.00146621
0.00146729
0.00146728
0.00146619
0.00146358
0.00145794
0.00144566
0.00145586
0.00146361
0.00146726
0.00146924
0.00147023
0.00147022
0.00146923
0.00146724
0.00146359
0.00145585
0.00146036
0.0014662
0.00146924
0.00147132
0.00147252
0.00147251
0.00147131
0.00146923
0.0014662
0.00146035
0.00146211
0.00146728
0.00147023
0.00147252
0.00147405
0.00147405
0.00147251
0.00147022
0.00146728
0.0014621
0.00146211
0.00146729
0.00147023
0.00147252
0.00147405
0.00147405
0.00147252
0.00147022
0.00146727
0.00146209
0.00146038
0.00146622
0.00146925
0.00147132
0.00147252
0.00147252
0.00147132
0.00146924
0.00146619
0.00146034
0.00145591
0.00146363
0.00146727
0.00146925
0.00147023
0.00147023
0.00146924
0.00146725
0.00146359
0.00145584
0.00144576
0.00145802
0.00146363
0.00146621
0.00146728
0.00146728
0.0014662
0.00146359
0.00145796
0.00144568
0.00142253
0.00144575
0.00145589
0.00146037
0.00146211
0.00146211
0.00146036
0.00145585
0.0014457
0.00142245
0.00140849
0.00143544
0.00144765
0.00145318
0.00145534
0.00145532
0.00145311
0.00144753
0.00143528
0.00140834
0.0014354
0.00145022
0.00145718
0.0014604
0.00146171
0.0014617
0.00146036
0.00145712
0.00145015
0.00143533
0.0014476
0.00145716
0.00146167
0.00146401
0.00146511
0.0014651
0.00146399
0.00146163
0.00145712
0.00144756
0.00145313
0.00146038
0.001464
0.00146627
0.00146753
0.00146752
0.00146626
0.00146398
0.00146036
0.00145311
0.0014553
0.0014617
0.0014651
0.00146753
0.00146908
0.00146907
0.00146752
0.00146509
0.00146168
0.00145528
0.00145531
0.0014617
0.0014651
0.00146752
0.00146907
0.00146907
0.00146752
0.00146509
0.00146168
0.00145528
0.00145316
0.00146039
0.001464
0.00146627
0.00146752
0.00146752
0.00146626
0.00146398
0.00146036
0.00145311
0.00144767
0.00145719
0.00146167
0.00146399
0.0014651
0.0014651
0.00146399
0.00146164
0.00145714
0.00144759
0.00143554
0.00145028
0.00145718
0.00146038
0.00146169
0.00146169
0.00146037
0.00145714
0.00145022
0.00143545
0.00140873
0.00143552
0.00144763
0.00145313
0.00145529
0.0014553
0.00145313
0.00144761
0.00143547
0.00140868
0.00139406
0.00142469
0.00143901
0.00144565
0.00144827
0.00144824
0.00144556
0.00143887
0.00142451
0.00139388
0.00142463
0.0014421
0.0014505
0.00145443
0.00145601
0.001456
0.00145439
0.00145043
0.00144201
0.00142452
0.00143893
0.00145047
0.00145596
0.00145872
0.00145998
0.00145997
0.0014587
0.00145592
0.00145042
0.00143886
0.00144556
0.0014544
0.00145872
0.00146125
0.00146258
0.00146257
0.00146124
0.00145869
0.00145437
0.00144553
0.0014482
0.00145599
0.00145997
0.00146257
0.00146416
0.00146416
0.00146256
0.00145995
0.00145597
0.00144818
0.00144821
0.00145599
0.00145997
0.00146257
0.00146415
0.00146415
0.00146256
0.00145995
0.00145597
0.00144819
0.00144559
0.0014544
0.00145871
0.00146123
0.00146256
0.00146256
0.00146122
0.00145869
0.00145437
0.00144554
0.00143899
0.0014505
0.00145595
0.0014587
0.00145995
0.00145995
0.00145869
0.00145592
0.00145045
0.00143891
0.00142477
0.00144214
0.00145048
0.00145439
0.00145598
0.00145597
0.00145437
0.00145045
0.00144208
0.00142468
0.0013943
0.00142474
0.00143895
0.00144556
0.00144818
0.00144818
0.00144554
0.00143893
0.00142469
0.00139426
0.0013792
0.00141347
0.00142995
0.00143775
0.00144087
0.00144085
0.00143769
0.00142988
0.00141341
0.00137915
0.00141343
0.00143361
0.00144356
0.00144827
0.00145017
0.00145016
0.00144824
0.00144353
0.00143357
0.00141335
0.00142985
0.00144353
0.0014501
0.00145337
0.00145481
0.00145481
0.00145336
0.00145009
0.0014435
0.0014298
0.00143764
0.00144823
0.00145336
0.00145622
0.00145765
0.00145765
0.00145621
0.00145335
0.00144821
0.00143763
0.00144079
0.00145014
0.0014548
0.00145764
0.00145929
0.00145929
0.00145764
0.00145479
0.00145013
0.00144079
0.0014408
0.00145014
0.00145479
0.00145763
0.00145928
0.00145928
0.00145763
0.00145478
0.00145013
0.00144079
0.00143766
0.00144823
0.00145335
0.0014562
0.00145763
0.00145762
0.00145619
0.00145333
0.00144821
0.00143763
0.00142987
0.00144353
0.00145009
0.00145335
0.00145479
0.00145478
0.00145333
0.00145006
0.00144349
0.00142981
0.00141344
0.00143361
0.00144353
0.00144823
0.00145013
0.00145011
0.00144819
0.00144348
0.00143355
0.00141336
0.00137922
0.00141343
0.00142986
0.00143765
0.00144077
0.00144074
0.0014376
0.00142981
0.00141337
0.00137918
0.00136395
0.00140182
0.00142046
0.00142946
0.00143313
0.00143313
0.00142949
0.00142053
0.00140198
0.0013642
0.0014018
0.00142476
0.00143633
0.00144189
0.00144415
0.00144416
0.00144191
0.00143638
0.00142484
0.00140188
0.00142038
0.00143631
0.00144408
0.00144792
0.00144958
0.00144959
0.00144794
0.00144411
0.00143635
0.00142041
0.00142939
0.00144186
0.00144791
0.00145116
0.00145273
0.00145273
0.00145117
0.00144793
0.00144188
0.00142941
0.00143307
0.00144413
0.00144957
0.00145272
0.00145446
0.00145446
0.00145272
0.00144958
0.00144414
0.00143309
0.00143307
0.00144412
0.00144957
0.00145272
0.00145445
0.00145445
0.00145271
0.00144957
0.00144413
0.00143308
0.00142937
0.00144185
0.00144791
0.00145115
0.00145271
0.00145271
0.00145114
0.0014479
0.00144185
0.00142937
0.00142031
0.00143628
0.00144407
0.00144792
0.00144957
0.00144956
0.00144789
0.00144404
0.00143625
0.00142029
0.00140161
0.00142468
0.0014363
0.00144187
0.00144413
0.0014441
0.00144182
0.00143624
0.00142463
0.00140155
0.00136359
0.00140163
0.00142036
0.0014294
0.00143306
0.00143301
0.00142931
0.00142027
0.00140156
0.00136353
0.00134829
0.00138973
0.00141056
0.00142081
0.00142506
0.00142509
0.00142093
0.00141078
0.00139013
0.00134889
0.00138976
0.00141555
0.00142881
0.00143529
0.00143795
0.00143797
0.00143535
0.00142894
0.00141576
0.00139005
0.00141055
0.00142882
0.00143788
0.00144236
0.00144428
0.00144429
0.0014424
0.00143796
0.00142893
0.00141069
0.0014208
0.00143528
0.00144236
0.00144606
0.00144779
0.0014478
0.00144608
0.00144241
0.00143535
0.00142089
0.00142504
0.00143794
0.00144428
0.00144779
0.00144964
0.00144965
0.0014478
0.0014443
0.00143798
0.0014251
0.00142502
0.00143793
0.00144428
0.00144779
0.00144965
0.00144965
0.0014478
0.00144429
0.00143796
0.00142507
0.00142073
0.00143526
0.00144237
0.00144607
0.0014478
0.0014478
0.00144607
0.00144236
0.00143527
0.00142078
0.00141037
0.00142875
0.00143789
0.00144238
0.00144429
0.00144428
0.00144235
0.00143786
0.00142874
0.00141039
0.00138938
0.0014154
0.00142879
0.00143531
0.00143796
0.00143793
0.00143525
0.00142874
0.00141536
0.00138935
0.00134763
0.00138943
0.00141048
0.00142083
0.00142507
0.00142502
0.00142072
0.00141038
0.00138937
0.00134755
0.00133221
0.00137724
0.00140028
0.00141183
0.00141669
0.00141674
0.001412
0.00140057
0.00137771
0.00133295
0.00137729
0.00140598
0.00142101
0.00142846
0.00143156
0.00143159
0.00142855
0.00142117
0.00140625
0.00137771
0.00140036
0.00142104
0.00143149
0.00143668
0.00143889
0.00143891
0.00143672
0.00143158
0.00142119
0.00140058
0.00141191
0.00142849
0.00143668
0.00144091
0.00144284
0.00144285
0.00144094
0.00143674
0.00142858
0.00141204
0.00141671
0.00143156
0.00143889
0.00144284
0.00144484
0.00144484
0.00144286
0.00143893
0.00143162
0.00141681
0.00141667
0.00143155
0.0014389
0.00144285
0.00144484
0.00144485
0.00144286
0.00143892
0.0014316
0.00141677
0.00141179
0.00142846
0.0014367
0.00144094
0.00144286
0.00144286
0.00144094
0.00143671
0.00142849
0.00141189
0.00140013
0.00142097
0.00143151
0.00143672
0.00143893
0.00143892
0.00143671
0.0014315
0.00142099
0.00140021
0.00137688
0.00140584
0.00142102
0.00142852
0.00143161
0.0014316
0.00142849
0.00142099
0.00140582
0.00137691
0.00133158
0.00137698
0.00140027
0.00141193
0.0014168
0.00141678
0.00141187
0.00140021
0.00137694
0.00133151
0.00131577
0.00136439
0.00138968
0.00140257
0.00140805
0.00140809
0.0014027
0.00138988
0.00136468
0.00131624
0.00136444
0.00139608
0.00141295
0.00142143
0.00142499
0.001425
0.00142148
0.00141304
0.00139625
0.00136475
0.00138982
0.001413
0.00142491
0.00143087
0.00143341
0.00143342
0.0014309
0.00142497
0.0014131
0.00139001
0.00140271
0.00142148
0.00143088
0.00143569
0.00143785
0.00143785
0.00143571
0.00143092
0.00142155
0.00140282
0.0014081
0.001425
0.00143341
0.00143785
0.00144002
0.00144002
0.00143786
0.00143344
0.00142506
0.00140821
0.00140806
0.00142499
0.00143342
0.00143786
0.00144003
0.00144004
0.00143787
0.00143344
0.00142505
0.0014082
0.00140259
0.00142146
0.00143091
0.00143572
0.00143788
0.00143788
0.00143574
0.00143093
0.00142151
0.00140275
0.00138965
0.00141297
0.00142495
0.00143093
0.00143345
0.00143346
0.00143094
0.00142497
0.00141302
0.00138982
0.00136426
0.00139606
0.001413
0.00142152
0.00142506
0.00142508
0.00142154
0.00141303
0.00139609
0.00136439
0.00131564
0.00136437
0.00138979
0.00140274
0.00140823
0.00140826
0.00140278
0.00138981
0.00136441
0.00131566
0.00129904
0.00135125
0.00137882
0.00139306
0.00139913
0.00139914
0.00139307
0.00137878
0.00135114
0.00129894
0.00135129
0.0013859
0.00140465
0.00141419
0.00141821
0.00141821
0.00141418
0.0014046
0.00138581
0.00135125
0.00137897
0.0014047
0.00141815
0.00142493
0.0014278
0.0014278
0.00142492
0.00141812
0.00140466
0.00137897
0.00139321
0.00141425
0.00142495
0.0014304
0.0014328
0.0014328
0.00143039
0.00142494
0.00141425
0.00139324
0.00139923
0.00141825
0.00142782
0.00143281
0.00143518
0.00143518
0.00143281
0.00142783
0.00141828
0.00139931
0.0013992
0.00141825
0.00142783
0.00143282
0.00143519
0.0014352
0.00143283
0.00142785
0.00141831
0.00139935
0.00139316
0.00141427
0.00142498
0.00143043
0.00143284
0.00143284
0.00143045
0.00142501
0.00141435
0.00139337
0.00137899
0.00140477
0.00141822
0.00142499
0.00142786
0.00142788
0.00142503
0.00141827
0.00140487
0.00137925
0.00135153
0.00138609
0.00140478
0.0014143
0.00141831
0.00141836
0.00141438
0.00140486
0.00138621
0.00135182
0.00129975
0.00135165
0.00137908
0.00139326
0.00139934
0.00139942
0.0013934
0.0013792
0.0013518
0.00129999
0.00128216
0.00133794
0.00136775
0.00138333
0.00138996
0.00138991
0.00138315
0.00136743
0.00133738
0.00128147
0.00133791
0.00137548
0.00139613
0.00140676
0.00141124
0.00141121
0.00140666
0.00139593
0.00137513
0.00133747
0.00136784
0.00139617
0.00141122
0.00141885
0.00142208
0.00142206
0.00141879
0.00141109
0.00139597
0.00136761
0.00138344
0.00140682
0.00141888
0.00142502
0.00142769
0.00142768
0.00142498
0.00141881
0.00140673
0.00138334
0.00139009
0.00141132
0.00142213
0.00142771
0.00143031
0.0014303
0.0014277
0.0014221
0.0014113
0.00139012
0.0013901
0.00141134
0.00142214
0.00142772
0.00143032
0.00143032
0.00142772
0.00142214
0.00141137
0.00139022
0.00138351
0.00140689
0.00141892
0.00142504
0.00142773
0.00142774
0.00142507
0.00141895
0.00140697
0.00138372
0.00136812
0.00139636
0.00141132
0.00141891
0.00142215
0.00142217
0.00141897
0.00141139
0.00139649
0.00136842
0.00133865
0.00137592
0.00139637
0.00140688
0.00141136
0.00141141
0.00140699
0.00139647
0.0013761
0.00133905
0.00128375
0.00133877
0.00136817
0.00138352
0.00139016
0.00139025
0.00138371
0.00136832
0.00133898
0.00128417
0.00126529
0.00132453
0.00135653
0.00137337
0.00138055
0.00138044
0.00137302
0.001356
0.00132373
0.00126434
0.00132443
0.00136489
0.00138743
0.00139914
0.00140408
0.00140402
0.00139896
0.00138713
0.00136441
0.0013238
0.00135651
0.00138744
0.00140411
0.00141263
0.00141624
0.00141621
0.00141254
0.00140393
0.00138716
0.00135614
0.00137343
0.00139919
0.00141266
0.00141954
0.00142252
0.0014225
0.00141949
0.00141256
0.00139904
0.00137323
0.00138072
0.00140421
0.00141631
0.00142254
0.00142539
0.00142538
0.00142252
0.00141626
0.00140414
0.00138066
0.00138077
0.00140423
0.00141632
0.00142255
0.00142539
0.00142539
0.00142254
0.00141631
0.00140423
0.00138081
0.00137361
0.0013993
0.00141271
0.00141956
0.00142254
0.00142255
0.00141957
0.00141273
0.00139935
0.00137374
0.00135699
0.00138771
0.00140424
0.0014127
0.0014163
0.00141632
0.00141273
0.00140428
0.00138782
0.00135721
0.00132549
0.00136548
0.00138772
0.00139927
0.0014042
0.00140423
0.00139933
0.00138779
0.00136563
0.00132583
0.00126735
0.00132557
0.00135698
0.00137354
0.00138071
0.00138075
0.00137364
0.00135709
0.00132573
0.00126774
0.00124855
0.00131107
0.00134516
0.0013632
0.00137095
0.00137081
0.0013628
0.0013446
0.00131039
0.00124784
0.00131096
0.00135418
0.00137856
0.00139133
0.00139675
0.00139669
0.00139115
0.00137828
0.0013538
0.0013105
0.00134508
0.00137855
0.00139683
0.00140627
0.00141028
0.00141024
0.00140618
0.00139668
0.00137832
0.00134475
0.00136325
0.00139139
0.0014063
0.00141396
0.00141727
0.00141725
0.00141391
0.00140622
0.00139124
0.00136303
0.00137115
0.00139691
0.00141035
0.00141729
0.00142041
0.00142041
0.00141726
0.0014103
0.00139682
0.00137101
0.00137121
0.00139693
0.00141036
0.00141729
0.00142041
0.00142041
0.00141728
0.00141034
0.00139689
0.00137112
0.00136345
0.00139148
0.00140634
0.00141397
0.00141727
0.00141727
0.00141396
0.00140633
0.00139147
0.00136341
0.00134555
0.00137878
0.00139693
0.00140631
0.00141032
0.0014103
0.0014063
0.00139693
0.00137881
0.00134557
0.00131192
0.00135466
0.00137875
0.00139141
0.00139683
0.0013968
0.00139139
0.00137877
0.00135471
0.001312
0.00125021
0.00131186
0.00134542
0.00136326
0.00137099
0.00137094
0.00136321
0.00134543
0.00131188
0.00125037
0.00123184
0.00129756
0.00133363
0.00135285
0.0013612
0.00136111
0.00135259
0.00133325
0.00129728
0.00123163
0.00129754
0.00134337
0.00136953
0.00138336
0.0013893
0.00138925
0.00138325
0.00136938
0.00134327
0.00129746
0.00133361
0.00136952
0.0013894
0.00139977
0.0014042
0.00140418
0.00139972
0.00138934
0.00136944
0.00133345
0.00135295
0.00138342
0.0013998
0.00140827
0.00141193
0.00141192
0.00140824
0.00139976
0.00138334
0.00135277
0.00136142
0.00138943
0.00140426
0.00141194
0.00141537
0.00141537
0.00141192
0.00140422
0.00138934
0.00136121
0.00136145
0.00138943
0.00140425
0.00141193
0.00141536
0.00141536
0.00141192
0.00140422
0.00138935
0.00136123
0.00135304
0.00138344
0.00139979
0.00140825
0.0014119
0.00141189
0.00140822
0.00139975
0.00138336
0.00135283
0.00133379
0.00136956
0.00138937
0.00139974
0.00140417
0.00140414
0.00139968
0.00138933
0.00136948
0.00133358
0.00129786
0.00134342
0.00136945
0.0013833
0.00138923
0.00138916
0.00138319
0.00136939
0.00134334
0.00129765
0.00123203
0.00129756
0.00133343
0.00135268
0.00136101
0.00136091
0.00135249
0.00133334
0.00129746
0.001232
0.00121507
0.001284
0.00132198
0.00134242
0.00135139
0.00135138
0.00134238
0.00132189
0.00128408
0.00121515
0.00128413
0.00133246
0.00136036
0.00137528
0.00138174
0.00138173
0.00137527
0.00136038
0.00133263
0.00128435
0.0013221
0.00136037
0.00138184
0.00139316
0.00139803
0.00139803
0.00139316
0.00138187
0.00136045
0.0013221
0.00134257
0.00137532
0.00139316
0.00140248
0.00140651
0.00140651
0.00140248
0.00139317
0.0013753
0.00134242
0.00135155
0.00138179
0.00139803
0.0014065
0.00141026
0.00141026
0.00140649
0.00139801
0.0013817
0.0013513
0.00135151
0.00138175
0.001398
0.00140647
0.00141023
0.00141023
0.00140645
0.00139795
0.00138162
0.0013512
0.00134241
0.00137518
0.00139305
0.00140238
0.00140642
0.0014064
0.00140235
0.00139299
0.00137504
0.00134207
0.00132172
0.00136005
0.00138158
0.00139296
0.00139785
0.00139782
0.0013929
0.00138151
0.00135991
0.00132137
0.00128327
0.00133179
0.00135984
0.00137491
0.0013814
0.00138133
0.00137478
0.00135975
0.00133166
0.00128295
0.00121293
0.00128272
0.00132108
0.00134179
0.00135078
0.00135068
0.00134156
0.00132093
0.0012826
0.00121297
0.00119816
0.00127039
0.0013103
0.00133198
0.00134157
0.00134164
0.00133214
0.00131046
0.00127061
0.00119814
0.0012707
0.00132152
0.00135112
0.00136714
0.00137413
0.00137415
0.0013672
0.00135123
0.00132173
0.00127087
0.00131055
0.00135116
0.0013742
0.00138648
0.0013918
0.0013918
0.00138651
0.00137426
0.00135126
0.00131055
0.00133208
0.00136711
0.00138643
0.00139661
0.00140103
0.00140103
0.00139662
0.00138645
0.00136709
0.00133192
0.00134154
0.00137401
0.00139169
0.00140097
0.00140508
0.00140508
0.00140096
0.00139166
0.0013739
0.00134125
0.00134139
0.00137389
0.0013916
0.00140089
0.00140501
0.00140501
0.00140088
0.00139154
0.00137374
0.00134102
0.00133156
0.0013667
0.00138613
0.00139636
0.0014008
0.00140079
0.00139633
0.00138607
0.00136654
0.00133115
0.00130936
0.00135027
0.00137356
0.00138598
0.00139134
0.00139132
0.00138594
0.0013735
0.00135015
0.001309
0.00126822
0.00131985
0.00134998
0.00136627
0.00137333
0.0013733
0.00136619
0.00134993
0.00131981
0.00126808
0.00119317
0.00126752
0.00130848
0.0013306
0.00134028
0.00134022
0.00133044
0.00130834
0.0012676
0.00119372
0.00118103
0.00125695
0.00129885
0.00132172
0.00133189
0.00133198
0.00132195
0.00129909
0.00125699
0.00118063
0.0012573
0.00131071
0.00134199
0.00135906
0.00136656
0.00136659
0.00135913
0.00134206
0.00131069
0.00125708
0.00129901
0.00134199
0.00136658
0.0013798
0.00138556
0.00138556
0.00137981
0.00136658
0.00134194
0.00129884
0.00132155
0.00135887
0.00137968
0.00139072
0.00139552
0.00139552
0.0013907
0.00137964
0.00135878
0.00132133
0.0013314
0.00136613
0.00138527
0.00139539
0.00139987
0.00139986
0.00139537
0.00138522
0.001366
0.00133111
0.00133109
0.00136589
0.00138508
0.00139523
0.00139972
0.00139972
0.00139521
0.00138501
0.00136572
0.00133072
0.00132048
0.00135802
0.00137903
0.00139019
0.00139505
0.00139506
0.00139018
0.00137898
0.00135787
0.00132007
0.00129672
0.00134025
0.00136531
0.00137878
0.00138464
0.00138466
0.0013788
0.00136531
0.0013402
0.00129644
0.00125273
0.00130764
0.00133986
0.00135733
0.00136497
0.001365
0.00135737
0.00133991
0.00130779
0.00125296
0.00117262
0.00125192
0.00129547
0.00131896
0.00132929
0.00132932
0.00131895
0.00129546
0.00125233
0.0011739
0.00116382
0.00124395
0.00128794
0.00131194
0.00132264
0.00132273
0.00131213
0.00128811
0.0012437
0.00116316
0.0012441
0.00130023
0.00133319
0.00135126
0.00135925
0.00135927
0.00135128
0.00133313
0.00129987
0.00124344
0.00128766
0.00133303
0.00135915
0.00137328
0.00137947
0.00137946
0.00137325
0.00135904
0.00133277
0.00128727
0.00131113
0.00135074
0.00137302
0.00138491
0.0013901
0.00139009
0.00138486
0.00137292
0.00135056
0.00131086
0.00132126
0.00135828
0.00137888
0.00138983
0.00139467
0.00139466
0.00138979
0.0013788
0.00135813
0.001321
0.00132064
0.00135778
0.00137848
0.0013895
0.00139437
0.00139437
0.00138948
0.00137842
0.00135764
0.00132034
0.00130911
0.00134911
0.00137172
0.00138383
0.00138914
0.00138915
0.00138385
0.0013717
0.001349
0.00130879
0.00128361
0.00132984
0.00135667
0.0013712
0.00137757
0.00137761
0.00137128
0.00135674
0.00132987
0.0012835
0.00123654
0.00129485
0.00132909
0.00134773
0.00135595
0.00135603
0.00134789
0.00132928
0.00129515
0.00123707
0.00115086
0.00123544
0.00128138
0.00130621
0.00131721
0.00131733
0.00130644
0.00128169
0.00123613
0.00115261
0.00114762
0.00123206
0.0012782
0.00130327
0.00131445
0.00131452
0.00130341
0.00127829
0.00123173
0.00114712
0.00123181
0.00129061
0.00132522
0.00134422
0.00135264
0.00135266
0.00134421
0.00132506
0.00129009
0.00123095
0.00127705
0.0013247
0.00135229
0.00136729
0.00137389
0.00137388
0.00136724
0.00135212
0.00132433
0.0012765
0.00130126
0.00134306
0.00136676
0.00137949
0.00138507
0.00138505
0.00137943
0.00136664
0.00134284
0.00130094
0.00131146
0.00135071
0.00137276
0.00138454
0.00138976
0.00138975
0.00138451
0.0013727
0.0013506
0.00131123
0.00131033
0.00134983
0.00137206
0.00138395
0.00138922
0.00138922
0.00138395
0.00137204
0.00134977
0.00131015
0.00129767
0.00134022
0.00136451
0.00137761
0.00138336
0.00138337
0.00137763
0.00136453
0.00134022
0.00129758
0.00127015
0.00131935
0.00134805
0.00136369
0.00137058
0.00137063
0.00136379
0.00134813
0.00131945
0.00127034
0.00121937
0.00128164
0.00131799
0.00133787
0.0013467
0.0013468
0.00133812
0.00131828
0.00128201
0.00122018
0.0011266
0.00121739
0.00126594
0.00129226
0.00130405
0.00130424
0.00129275
0.00126661
0.00121832
0.00112876
0.00113373
0.00122195
0.00127019
0.00129623
0.0013078
0.00130786
0.00129634
0.00127029
0.00122194
0.00113399
0.00122112
0.00128238
0.00131852
0.00133836
0.00134718
0.00134719
0.00133837
0.0013184
0.00128202
0.0012205
0.00126769
0.00131745
0.0013464
0.00136222
0.00136921
0.0013692
0.00136219
0.00134627
0.00131713
0.00126713
0.00129233
0.00133619
0.00136124
0.0013748
0.00138078
0.00138077
0.00137478
0.00136118
0.00133601
0.00129194
0.00130224
0.00134368
0.00136717
0.00137981
0.00138542
0.00138542
0.00137982
0.00136718
0.00134365
0.00130201
0.00130009
0.00134197
0.00136579
0.00137862
0.00138429
0.00138431
0.00137865
0.00136586
0.00134205
0.00130008
0.00128546
0.00133066
0.00135671
0.00137083
0.00137702
0.00137703
0.00137086
0.00135679
0.00133083
0.00128577
0.00125466
0.00130685
0.00133744
0.00135416
0.00136152
0.00136154
0.00135421
0.00133754
0.00130712
0.00125533
0.00119845
0.00126481
0.00130313
0.00132409
0.00133345
0.00133352
0.00132429
0.0013034
0.00126526
0.00119959
0.00109471
0.00119403
0.00124574
0.00127348
0.00128603
0.00128622
0.00127407
0.00124657
0.0011951
0.00109697
0.00112412
0.00121539
0.00126549
0.00129233
0.00130419
0.00130423
0.00129242
0.00126572
0.00121601
0.00112556
0.00121363
0.00127702
0.00131445
0.001335
0.00134411
0.00134414
0.00133506
0.00131451
0.00127707
0.0012136
0.00126082
0.00131248
0.00134262
0.00135916
0.00136649
0.0013665
0.00135919
0.00134262
0.00131234
0.00126038
0.00128543
0.0013312
0.00135747
0.00137181
0.00137818
0.00137818
0.00137184
0.00135749
0.00133106
0.00128498
0.00129488
0.00133834
0.00136315
0.00137665
0.00138268
0.00138269
0.00137669
0.00136321
0.00133833
0.00129465
0.00129201
0.00133605
0.00136137
0.00137515
0.00138127
0.00138129
0.0013752
0.0013615
0.00133624
0.0012922
0.0012764
0.00132413
0.00135198
0.00136723
0.00137395
0.00137396
0.00136727
0.00135213
0.00132451
0.00127711
0.00124383
0.00129978
0.00133282
0.0013511
0.00135922
0.00135921
0.0013511
0.00133295
0.00130022
0.00124492
0.00118176
0.00125595
0.00129849
0.00132182
0.00133223
0.00133223
0.00132187
0.0012986
0.00125636
0.00118292
0.00105339
0.00117303
0.00123393
0.00126596
0.00127998
0.00128005
0.0012663
0.00123432
0.00117381
0.00105512
0.00111933
0.00121266
0.00126398
0.00129134
0.00130337
0.00130338
0.00129143
0.00126437
0.0012138
0.00112168
0.00120918
0.00127417
0.00131259
0.00133371
0.00134305
0.00134309
0.00133383
0.00131283
0.00127461
0.00120974
0.00125573
0.00130916
0.00134039
0.00135759
0.00136523
0.00136526
0.00135768
0.00134049
0.00130916
0.00125549
0.00127928
0.00132713
0.00135468
0.00136978
0.00137653
0.00137655
0.00136983
0.0013547
0.00132699
0.0012789
0.00128664
0.00133269
0.00135908
0.00137351
0.00138
0.00138
0.00137354
0.00135913
0.00133269
0.00128656
0.00127932
0.00132671
0.00135407
0.00136902
0.00137571
0.00137572
0.00136909
0.00135425
0.00132703
0.00127981
0.00125521
0.00130676
0.00133699
0.00135358
0.00136092
0.00136096
0.00135371
0.00133732
0.00130743
0.00125635
0.00120862
0.00126786
0.00130252
0.00132145
0.00132962
0.00132969
0.00132162
0.00130291
0.0012687
0.00121007
0.00112381
0.00120158
0.00124382
0.00126538
0.00127421
0.00127438
0.00126585
0.00124443
0.00120249
0.00112507
0.000967456
0.00108845
0.00115029
0.00117972
0.00119141
0.00119201
0.00118112
0.00115189
0.00109009
0.000968967
0.0011087
0.00107069
0.00106111
0.00106332
0.00106617
0.00106535
0.00106209
0.00105822
0.00106529
0.00109914
0.00110101
0.00108414
0.00108064
0.00108014
0.00108196
0.00108103
0.00107993
0.00108076
0.00108952
0.00109966
0.00109688
0.00108692
0.00108941
0.00108894
0.00108991
0.00108995
0.00109119
0.00109341
0.00109667
0.00109603
0.00108789
0.00108253
0.00109026
0.0010921
0.00109099
0.00109124
0.00109474
0.00109723
0.00109343
0.00108985
0.00108003
0.00107931
0.00108565
0.0010898
0.00108822
0.00108931
0.00109123
0.00109209
0.00108734
0.00108539
0.00106776
0.00107359
0.00107843
0.00108123
0.00107875
0.0010799
0.00107944
0.00107829
0.0010771
0.00107388
0.00104625
0.00106048
0.00106478
0.00106572
0.00106065
0.00106143
0.00106223
0.00106101
0.00106292
0.00105385
0.00100589
0.00104066
0.00104328
0.00104149
0.00103952
0.00104121
0.00104643
0.00104746
0.00104569
0.00101874
0.000939463
0.00101894
0.00101416
0.00101039
0.0010116
0.00101327
0.0010239
0.00103079
0.00102624
0.000949723
0.000836425
0.000957794
0.00093646
0.000930638
0.000928406
0.000924809
0.000939424
0.000952922
0.000970078
0.00084439
0.000882945
0.000829553
0.000820763
0.00082682
0.000833594
0.000833053
0.000827852
0.000820853
0.000826527
0.000875829
0.00086711
0.000849653
0.000843189
0.000846626
0.000852364
0.000851888
0.000848263
0.000844897
0.0008469
0.000858354
0.000867142
0.000864842
0.000863581
0.000868397
0.000874457
0.000874346
0.000870826
0.000867661
0.000863032
0.000858198
0.000864574
0.000870113
0.000878837
0.000887149
0.000891403
0.000891507
0.000889233
0.000885184
0.000872993
0.000862889
0.000861262
0.000873937
0.000889906
0.000900042
0.000899872
0.000899789
0.000898858
0.000894526
0.000882691
0.000870481
0.000854695
0.000879018
0.00089748
0.000904995
0.000899564
0.000899413
0.00089885
0.000896178
0.000889151
0.000869342
0.000832472
0.000873895
0.00089292
0.00089671
0.000888454
0.000888318
0.000888877
0.000888293
0.000883526
0.000845686
0.00077448
0.000844274
0.000860449
0.000863809
0.00086069
0.000861527
0.000862917
0.000860145
0.000850131
0.000781396
0.000686898
0.000781765
0.000795934
0.00080444
0.000807838
0.000808571
0.000806065
0.000796347
0.000781592
0.000686804
0.000633717
0.000708549
0.000730568
0.000745133
0.000751569
0.000750409
0.000740216
0.000721888
0.000702639
0.000627707
1.88959e-05
1.99643e-05
2.08548e-05
2.14897e-05
2.18178e-05
2.18197e-05
2.14885e-05
2.08543e-05
1.99651e-05
1.88941e-05
0.000875692
0.00096772
0.00102012
0.0010519
0.00106605
0.00106697
0.00105189
0.00101919
0.000967751
0.000875267
0.00150412
0.00153263
0.00154281
0.00154747
0.00154934
0.00154948
0.00154756
0.00154276
0.0015326
0.00150449
0.00156973
0.00157176
0.00157175
0.00157153
0.00157141
0.00157142
0.00157155
0.00157175
0.00157174
0.00156981
0.00157129
0.00157088
0.00157058
0.00157042
0.00157036
0.00157035
0.00157043
0.00157058
0.00157087
0.0015713
0.00157029
0.0015701
0.00157003
0.00157
0.00156999
0.00156999
0.00157
0.00157003
0.0015701
0.00157029
0.00157
0.00156996
0.00156995
0.00156995
0.00156995
0.00156995
0.00156995
0.00156995
0.00156996
0.00157
0.00156995
0.00156995
0.00156995
0.00156995
0.00156995
0.00156995
0.00156995
0.00156995
0.00156995
0.00156995
0.00156995
0.00156995
0.00156995
0.00156995
0.00156995
0.00156995
0.00156995
0.00156995
0.00156995
0.00156995
0.00156995
0.00156995
0.00156995
0.00156995
0.00156995
0.00156995
0.00156995
0.00156995
0.00156995
0.00156995
3.03802e-05
3.10638e-05
3.16774e-05
3.2142e-05
3.23762e-05
3.23857e-05
3.21421e-05
3.16734e-05
3.10675e-05
3.03636e-05
0.000414243
0.000480511
0.000533081
0.000569843
0.000589793
0.000589052
0.000569697
0.00053356
0.000480579
0.000415599
0.00113658
0.00123285
0.00129041
0.0013251
0.0013418
0.0013417
0.00132495
0.00129059
0.00123281
0.00113759
0.00148679
0.00151768
0.00153118
0.00153807
0.00154103
0.00154105
0.00153799
0.00153121
0.00151771
0.00148713
0.00155323
0.00155887
0.00156052
0.00156117
0.00156142
0.00156142
0.00156115
0.00156052
0.00155889
0.00155334
0.00156198
0.00156254
0.00156254
0.00156252
0.0015625
0.0015625
0.00156251
0.00156254
0.00156254
0.001562
0.00156256
0.00156251
0.00156245
0.00156243
0.00156242
0.00156242
0.00156243
0.00156245
0.00156251
0.00156256
0.00156245
0.00156241
0.0015624
0.00156239
0.00156239
0.00156239
0.00156239
0.0015624
0.00156241
0.00156246
0.0015624
0.00156239
0.00156239
0.00156239
0.00156239
0.00156239
0.00156239
0.00156239
0.00156239
0.0015624
0.00156239
0.00156239
0.00156239
0.00156239
0.0015624
0.0015624
0.00156239
0.00156239
0.00156239
0.00156239
4.13058e-05
4.19464e-05
4.24567e-05
4.28331e-05
4.30111e-05
4.30201e-05
4.28401e-05
4.24417e-05
4.19418e-05
4.12686e-05
0.000290293
0.000333945
0.000371064
0.000397826
0.000412961
0.000412376
0.000397515
0.000371924
0.000334294
0.000291847
0.000847727
0.000952049
0.00102701
0.00107603
0.00110067
0.00110051
0.00107579
0.00102743
0.000952208
0.000849118
0.00134541
0.0014093
0.00144497
0.00146523
0.00147418
0.00147432
0.00146508
0.001445
0.00140953
0.00134601
0.0015097
0.00153027
0.00153918
0.00154354
0.00154528
0.00154531
0.00154349
0.0015392
0.0015304
0.00150997
0.00154736
0.00155209
0.00155355
0.00155413
0.00155434
0.00155435
0.00155412
0.00155355
0.00155212
0.00154747
0.00155415
0.00155493
0.00155504
0.00155507
0.00155507
0.00155507
0.00155506
0.00155504
0.00155493
0.00155418
0.00155504
0.0015551
0.00155508
0.00155507
0.00155506
0.00155506
0.00155506
0.00155507
0.0015551
0.00155505
0.00155508
0.00155506
0.00155505
0.00155505
0.00155505
0.00155505
0.00155505
0.00155505
0.00155506
0.00155508
0.00155506
0.00155505
0.00155505
0.00155506
0.00155507
0.00155507
0.00155506
0.00155505
0.00155505
0.00155506
4.97606e-05
5.09368e-05
5.17262e-05
5.22177e-05
5.24481e-05
5.24516e-05
5.22272e-05
5.16903e-05
5.09063e-05
4.97211e-05
0.000246757
0.000276444
0.000303593
0.000324177
0.000335482
0.000335313
0.0003238
0.000304698
0.000277383
0.000248077
0.00066061
0.000764631
0.00083319
0.000880165
0.000904811
0.000904614
0.000879934
0.000834279
0.000765257
0.000660846
0.00119442
0.00128657
0.00133655
0.0013668
0.00138106
0.00138115
0.00136691
0.00133699
0.00128721
0.00119451
0.00144474
0.00148511
0.00150375
0.00151362
0.00151788
0.00151791
0.00151369
0.00150392
0.00148545
0.00144503
0.00152322
0.00153613
0.00154088
0.00154305
0.00154391
0.00154392
0.00154307
0.00154094
0.00153625
0.00152338
0.00154306
0.00154633
0.00154717
0.00154749
0.0015476
0.0015476
0.00154749
0.00154718
0.00154636
0.00154312
0.0015472
0.00154784
0.00154792
0.00154794
0.00154794
0.00154794
0.00154794
0.00154792
0.00154785
0.00154722
0.00154788
0.00154796
0.00154795
0.00154795
0.00154795
0.00154795
0.00154795
0.00154795
0.00154796
0.00154789
0.00154795
0.00154795
0.00154795
0.00154797
0.00154798
0.00154798
0.00154797
0.00154795
0.00154795
0.00154795
5.50089e-05
5.71075e-05
5.85316e-05
5.93604e-05
5.97599e-05
5.97667e-05
5.93648e-05
5.84743e-05
5.70526e-05
5.49912e-05
0.000237006
0.000258814
0.000277067
0.000292587
0.000300836
0.000300716
0.000292392
0.000278586
0.000260561
0.000237373
0.000503166
0.000602556
0.000681439
0.000735296
0.000762525
0.000762515
0.000734891
0.000681551
0.000601729
0.000503128
0.00102201
0.00114145
0.0012159
0.00126022
0.00128111
0.00128102
0.00126046
0.00121577
0.00114084
0.00102189
0.00135797
0.00142262
0.00145505
0.00147242
0.00148014
0.0014801
0.00147261
0.00145521
0.00142276
0.00135817
0.00148716
0.00151259
0.00152296
0.00152788
0.00152992
0.00152992
0.00152795
0.00152307
0.00151273
0.0014873
0.0015274
0.00153554
0.00153808
0.00153912
0.00153952
0.00153952
0.00153915
0.00153813
0.00153561
0.00152747
0.00153809
0.00154028
0.00154072
0.00154087
0.00154093
0.00154093
0.00154088
0.00154074
0.00154031
0.00153813
0.00154053
0.00154102
0.00154105
0.00154106
0.00154107
0.00154107
0.00154106
0.00154105
0.00154103
0.00154054
0.00154099
0.00154108
0.00154108
0.00154111
0.00154113
0.00154113
0.00154111
0.00154108
0.00154108
0.001541
5.75709e-05
6.06034e-05
6.27544e-05
6.40384e-05
6.46622e-05
6.46869e-05
6.40359e-05
6.26976e-05
6.05557e-05
5.75735e-05
0.000224681
0.000247382
0.000268536
0.00028435
0.000292543
0.000291884
0.000284832
0.000268964
0.000247665
0.000225027
0.000404464
0.000482128
0.000549976
0.000600291
0.000626345
0.000627122
0.000599726
0.000550196
0.000481888
0.000404326
0.000867544
0.000991801
0.00107913
0.00113446
0.00116118
0.00116163
0.00113432
0.00107868
0.000990986
0.000867328
0.00125787
0.00134439
0.00139217
0.00141863
0.00143061
0.00143059
0.00141874
0.00139218
0.00134423
0.0012579
0.00143898
0.00147997
0.00149835
0.00150737
0.00151119
0.00151117
0.00150744
0.00149845
0.00148004
0.00143904
0.00150567
0.00152134
0.00152689
0.00152928
0.00153022
0.00153022
0.00152931
0.00152696
0.00152141
0.00150572
0.00152675
0.00153186
0.00153318
0.00153365
0.00153383
0.00153383
0.00153367
0.00153321
0.0015319
0.00152678
0.0015326
0.00153405
0.00153427
0.00153434
0.00153436
0.00153436
0.00153434
0.00153428
0.00153407
0.00153261
0.00153403
0.0015344
0.00153443
0.00153446
0.00153449
0.00153449
0.00153446
0.00153443
0.00153441
0.00153403
5.83115e-05
6.21109e-05
6.49251e-05
6.66786e-05
6.75245e-05
6.75634e-05
6.66769e-05
6.48855e-05
6.20859e-05
5.83184e-05
0.000223562
0.000241079
0.000257791
0.000270869
0.000278078
0.000277948
0.00027125
0.00025841
0.000241494
0.000223656
0.000346128
0.000405951
0.000459797
0.000501531
0.000523385
0.000524199
0.000501394
0.000460376
0.000406234
0.000345981
0.00074542
0.000861949
0.000949947
0.00100902
0.00103803
0.00103906
0.00100903
0.000949725
0.000861585
0.000745321
0.00115636
0.00125772
0.00131852
0.00135382
0.00137006
0.00137021
0.00135387
0.00131846
0.00125746
0.00115633
0.00138141
0.00143844
0.00146634
0.00148063
0.00148677
0.00148677
0.00148067
0.00146642
0.00143842
0.0013814
0.00147733
0.0015027
0.00151272
0.00151722
0.00151902
0.00151902
0.00151725
0.0015128
0.00150275
0.00147734
0.00151229
0.00152192
0.00152484
0.00152596
0.00152637
0.00152637
0.00152597
0.00152488
0.00152197
0.00151231
0.00152356
0.00152679
0.00152746
0.00152767
0.00152775
0.00152775
0.00152768
0.00152748
0.00152682
0.00152357
0.00152681
0.00152781
0.00152794
0.001528
0.00152804
0.00152804
0.001528
0.00152794
0.00152782
0.00152681
5.80071e-05
6.23613e-05
6.56824e-05
6.78215e-05
6.88626e-05
6.89085e-05
6.78371e-05
6.5667e-05
6.23473e-05
5.80063e-05
0.000230098
0.00024348
0.000256252
0.00026655
0.000272277
0.000271846
0.0002668
0.00025681
0.000243739
0.000229915
0.0003093
0.000358061
0.000401682
0.000435481
0.000453485
0.000453849
0.00043583
0.000402463
0.00035843
0.000309072
0.000651572
0.000757749
0.000840554
0.000898127
0.000927055
0.000928149
0.000898949
0.000840924
0.000757884
0.000651821
0.00106159
0.00117081
0.00124037
0.00128259
0.00130242
0.00130276
0.00128286
0.00124048
0.0011707
0.00106175
0.00131865
0.00138997
0.00142756
0.00144766
0.00145647
0.00145652
0.00144773
0.00142767
0.00138997
0.00131873
0.00144299
0.00147924
0.00149495
0.00150232
0.00150533
0.00150533
0.00150235
0.00149503
0.0014793
0.00144303
0.00149423
0.00150987
0.00151524
0.00151742
0.00151823
0.00151823
0.00151743
0.00151528
0.00150991
0.00149425
0.0015129
0.0015189
0.00152041
0.00152093
0.00152111
0.00152111
0.00152093
0.00152043
0.00151892
0.00151291
0.00151903
0.00152118
0.00152154
0.00152168
0.00152174
0.00152174
0.00152168
0.00152155
0.00152119
0.00151903
5.72711e-05
6.19339e-05
6.55751e-05
6.79799e-05
6.9178e-05
6.92197e-05
6.80202e-05
6.55768e-05
6.19073e-05
5.72638e-05
0.00024157
0.000251886
0.000261385
0.000269238
0.000273606
0.000273091
0.00026909
0.000261667
0.000251821
0.000241214
0.000285112
0.000326111
0.000363006
0.000391082
0.00040628
0.000406142
0.000391683
0.00036369
0.000326192
0.000284716
0.000579081
0.000675674
0.0007519
0.000805467
0.000833202
0.000833703
0.000807013
0.000752771
0.000675936
0.000579532
0.000977048
0.00108922
0.00116356
0.00121009
0.00123246
0.00123282
0.00121068
0.00116394
0.00108931
0.000977415
0.00125466
0.00133749
0.00138379
0.00140948
0.00142098
0.00142108
0.00140963
0.00138397
0.0013376
0.0012549
0.00140407
0.00145134
0.00147345
0.00148426
0.00148876
0.00148877
0.00148429
0.00147353
0.00145143
0.0014042
0.00147254
0.00149532
0.00150398
0.00150766
0.00150908
0.00150908
0.00150767
0.00150401
0.00149536
0.00147258
0.00150026
0.00151002
0.00151288
0.00151392
0.00151429
0.00151428
0.00151392
0.00151289
0.00151003
0.00150027
0.00151039
0.00151431
0.00151513
0.00151542
0.00151553
0.00151553
0.00151542
0.00151514
0.00151431
0.00151039
5.65115e-05
6.12602e-05
6.50304e-05
6.75746e-05
6.88767e-05
6.88985e-05
6.76175e-05
6.5026e-05
6.12068e-05
5.65128e-05
0.000256024
0.000264067
0.000271156
0.000277198
0.000280371
0.000279871
0.000276651
0.000271045
0.000263788
0.000255583
0.000270056
0.000304338
0.000336031
0.000359856
0.00037288
0.000372382
0.000360211
0.000336318
0.000303975
0.000269558
0.000521393
0.000610645
0.000680618
0.000729542
0.000755417
0.000755037
0.000730768
0.000681386
0.000610689
0.000521919
0.000902783
0.00101531
0.00109164
0.00114036
0.00116412
0.00116424
0.00114083
0.001092
0.0010155
0.000903376
0.00119262
0.00128368
0.00133723
0.00136782
0.00138171
0.00138178
0.00136791
0.00133735
0.00128389
0.00119298
0.00136245
0.00141985
0.00144856
0.00146312
0.00146927
0.00146927
0.0014631
0.00144859
0.00141998
0.00136264
0.00144767
0.00147816
0.00149081
0.00149644
0.00149864
0.00149863
0.00149642
0.00149081
0.00147819
0.00144772
0.0014855
0.00149986
0.00150462
0.00150645
0.0015071
0.0015071
0.00150644
0.00150461
0.00149986
0.00148549
0.00150065
0.001507
0.00150858
0.00150913
0.00150933
0.00150933
0.00150913
0.00150858
0.00150699
0.00150063
5.59365e-05
6.0606e-05
6.43536e-05
6.69399e-05
6.82773e-05
6.82789e-05
6.69502e-05
6.4331e-05
6.0532e-05
5.59639e-05
0.000272043
0.000278476
0.000283866
0.00028872
0.000291085
0.000290554
0.000287929
0.000283521
0.000278179
0.000271596
0.000263249
0.000290105
0.000316978
0.000337574
0.000348692
0.000348062
0.00033735
0.000316836
0.00028947
0.000262865
0.000462174
0.000557936
0.00062325
0.000667291
0.000690719
0.000689689
0.000666987
0.000623539
0.000557246
0.000462727
0.000826799
0.000949371
0.00102639
0.00107529
0.00109945
0.00109926
0.00107506
0.00102649
0.000949234
0.000827623
0.0011315
0.00123091
0.00128985
0.00132432
0.00134016
0.00134016
0.00132415
0.00128978
0.00123101
0.00113193
0.00131932
0.001386
0.00142093
0.00143926
0.00144709
0.00144708
0.00143913
0.00142084
0.00138607
0.00131948
0.00142026
0.00145859
0.00147566
0.00148358
0.00148673
0.00148671
0.00148352
0.00147559
0.00145858
0.00142027
0.00146865
0.00148826
0.00149544
0.00149834
0.0014994
0.00149939
0.00149831
0.0014954
0.00148823
0.00146861
0.00148963
0.00149907
0.00150175
0.00150272
0.00150306
0.00150306
0.0015027
0.00150173
0.00149904
0.00148959
5.56156e-05
6.00994e-05
6.37374e-05
6.62888e-05
6.76114e-05
6.76045e-05
6.62642e-05
6.37025e-05
6.00253e-05
5.56682e-05
0.000288517
0.000294034
0.000298442
0.000302372
0.000304422
0.000303821
0.000301854
0.000298109
0.000293843
0.000288173
0.000262391
0.000282969
0.000304446
0.000321855
0.000331367
0.000330782
0.000321356
0.000304138
0.000282376
0.000262195
0.000409636
0.000502942
0.000573635
0.000617078
0.000637846
0.000636896
0.000614672
0.000572901
0.000501348
0.000410404
0.000753082
0.000881765
0.000966101
0.00101671
0.00104056
0.00104027
0.00101541
0.000965452
0.000880886
0.000754197
0.00107088
0.00117867
0.00124299
0.00128066
0.001298
0.00129794
0.00128017
0.0012426
0.00117841
0.00107137
0.00127525
0.00135068
0.00139133
0.00141324
0.00142275
0.00142273
0.00141302
0.00139109
0.00135054
0.00127533
0.0013909
0.00143698
0.00145863
0.00146908
0.00147331
0.00147329
0.00146898
0.00145849
0.00143687
0.00139083
0.00144993
0.00147519
0.00148519
0.00148944
0.00149103
0.00149102
0.0014894
0.00148512
0.00147511
0.00144984
0.0014773
0.00149036
0.0014945
0.00149606
0.00149662
0.00149662
0.00149604
0.00149447
0.00149032
0.00147723
5.55483e-05
5.97822e-05
6.32683e-05
6.57404e-05
6.70318e-05
6.70239e-05
6.57265e-05
6.32425e-05
5.97253e-05
5.55939e-05
0.000304906
0.000310026
0.00031396
0.000317373
0.00031949
0.000318717
0.00031739
0.000313959
0.000309929
0.000304454
0.000266109
0.000281191
0.000298255
0.00031254
0.000320503
0.000319904
0.000312402
0.000298146
0.000280802
0.000265956
0.000368556
0.000450876
0.000520172
0.000566005
0.000587805
0.000587909
0.000562135
0.000518394
0.000449205
0.000369473
0.000686818
0.000813896
0.000902587
0.000957313
0.000983108
0.00098322
0.000955062
0.000901048
0.000812556
0.000688076
0.0010118
0.00112626
0.00119581
0.00123676
0.00125579
0.00125582
0.00123614
0.00119512
0.00112558
0.00101234
0.00123074
0.00131427
0.00136024
0.00138552
0.00139675
0.00139676
0.00138535
0.00135992
0.00131388
0.00123075
0.00136009
0.00141368
0.00143989
0.00145297
0.00145843
0.00145843
0.00145291
0.00143974
0.00141345
0.00135996
0.00142957
0.00146069
0.00147382
0.00147964
0.0014819
0.0014819
0.00147961
0.00147374
0.00146057
0.00142945
0.00146368
0.0014808
0.00148672
0.00148906
0.00148992
0.00148992
0.00148905
0.00148668
0.00148074
0.0014636
5.56833e-05
5.96571e-05
6.29725e-05
6.53632e-05
6.66169e-05
6.66168e-05
6.54053e-05
6.29689e-05
5.96219e-05
5.56894e-05
0.000320745
0.000325944
0.000329739
0.000333423
0.000335518
0.000334599
0.00033384
0.000330098
0.000325875
0.00031994
0.000273656
0.000283571
0.00029707
0.000308868
0.000315576
0.000315044
0.000309162
0.000297261
0.000283381
0.000273332
0.000338474
0.000407402
0.000468871
0.000512794
0.000535222
0.000535976
0.000511008
0.000467339
0.00040617
0.000339228
0.000630009
0.000750055
0.000837602
0.000894344
0.000922426
0.00092301
0.000893482
0.000836248
0.000748715
0.000631034
0.000955802
0.00107395
0.00114754
0.00119171
0.00121282
0.00121303
0.0011917
0.00114705
0.00107308
0.000956274
0.00118642
0.00127693
0.0013278
0.00135631
0.00136937
0.00136946
0.00135645
0.00132767
0.00127643
0.00118642
0.00132826
0.00138895
0.00141963
0.00143538
0.00144218
0.00144222
0.00143547
0.00141959
0.00138868
0.00132813
0.00140784
0.00144486
0.00146131
0.0014689
0.00147194
0.00147195
0.00146892
0.00146129
0.00144474
0.00140773
0.00144885
0.00147034
0.00147832
0.00148163
0.00148287
0.00148287
0.00148163
0.0014783
0.00147029
0.00144878
5.59369e-05
5.97052e-05
6.28679e-05
6.51951e-05
6.6392e-05
6.64074e-05
6.5274e-05
6.28705e-05
5.96883e-05
5.59039e-05
0.000335509
0.000341471
0.000345682
0.000349856
0.000351762
0.000350953
0.000350297
0.000345923
0.000341318
0.000334511
0.000284399
0.000289676
0.000300085
0.000309733
0.000315128
0.000314927
0.000309953
0.000300286
0.000289478
0.000283884
0.000317562
0.000373372
0.000425427
0.000465169
0.000487188
0.000487835
0.000467045
0.00042506
0.000372758
0.000317912
0.000582264
0.000692439
0.000775482
0.000831991
0.000861761
0.000862547
0.000834343
0.000775469
0.000691621
0.000582779
0.000903626
0.00102254
0.00109872
0.00114566
0.00116893
0.0011693
0.00114693
0.00109899
0.0010219
0.000903972
0.00114279
0.00123889
0.00129426
0.00132586
0.00134076
0.00134093
0.00132651
0.00129455
0.00123854
0.00114289
0.00129572
0.00136297
0.00139806
0.0014165
0.00142468
0.00142474
0.00141678
0.00139824
0.00136282
0.00129572
0.00138495
0.00142781
0.00144773
0.00145721
0.00146112
0.00146114
0.0014573
0.00144779
0.00142776
0.00138494
0.0014329
0.00145897
0.00146927
0.00147371
0.00147541
0.00147541
0.00147372
0.00146928
0.00145896
0.00143289
5.62211e-05
5.98889e-05
6.29618e-05
6.52193e-05
6.63395e-05
6.63686e-05
6.52741e-05
6.29264e-05
5.98851e-05
5.61873e-05
0.000348635
0.00035631
0.000361681
0.000366107
0.00036759
0.000367152
0.000366025
0.000361298
0.000355976
0.000347943
0.000297959
0.00029932
0.000306855
0.000314351
0.000318174
0.000318376
0.000313855
0.000306506
0.00029881
0.000297528
0.000303823
0.000348005
0.000391631
0.000426864
0.000447507
0.000447906
0.000430899
0.000392217
0.000347913
0.000303822
0.000542705
0.000641802
0.000719473
0.000774555
0.000804837
0.000805591
0.000779384
0.000720963
0.000641872
0.00054282
0.000855914
0.000973011
0.00105074
0.0010999
0.00112481
0.00112526
0.0011022
0.00105189
0.000973029
0.000856262
0.00110034
0.00120055
0.00126013
0.00129471
0.0013112
0.00131139
0.00129566
0.00126079
0.00120061
0.00110066
0.00126278
0.00133598
0.00137548
0.00139661
0.00140608
0.00140615
0.00139698
0.00137581
0.00133606
0.00126301
0.00136108
0.00140965
0.00143317
0.00144467
0.00144948
0.0014495
0.00144479
0.00143329
0.0014097
0.0013612
0.00141592
0.00144672
0.00145954
0.00146526
0.00146749
0.0014675
0.00146529
0.00145957
0.00144674
0.00141598
5.64781e-05
6.01646e-05
6.32195e-05
6.53862e-05
6.64172e-05
6.64442e-05
6.5361e-05
6.3123e-05
6.01635e-05
5.64915e-05
0.000360063
0.000370163
0.000377279
0.000381542
0.000382619
0.000382664
0.000380938
0.000376042
0.000369744
0.000359992
0.000314172
0.000312192
0.000316799
0.000321957
0.000324131
0.000324549
0.000320638
0.000315649
0.000311133
0.000314156
0.000296457
0.000330411
0.000367203
0.000398111
0.000416268
0.000416491
0.000401433
0.000367701
0.000330496
0.000296423
0.000507101
0.000598131
0.000671263
0.000724495
0.000753619
0.000754088
0.000728787
0.000673095
0.000598938
0.000507127
0.000810298
0.000926113
0.00100511
0.001056
0.00108153
0.00108185
0.00105795
0.00100638
0.000926776
0.000810753
0.00105915
0.00116248
0.00122602
0.00126346
0.00128109
0.0012812
0.00126411
0.00122664
0.00116293
0.00105972
0.00122975
0.00130829
0.00135216
0.00137602
0.00138662
0.00138663
0.0013762
0.0013524
0.00130855
0.00123016
0.00133644
0.00139053
0.00141776
0.00143139
0.00143708
0.00143708
0.00143143
0.00141783
0.00139062
0.00133665
0.00139803
0.00143362
0.00144916
0.0014563
0.00145911
0.00145911
0.0014563
0.00144916
0.00143363
0.00139811
5.66988e-05
6.04884e-05
6.35628e-05
6.56271e-05
6.65905e-05
6.65956e-05
6.55259e-05
6.34191e-05
6.04718e-05
5.67735e-05
0.000370077
0.000382859
0.000391688
0.000395841
0.000396936
0.000397045
0.000394937
0.000390084
0.000382507
0.000370637
0.000332736
0.000327674
0.000329159
0.00033176
0.000332803
0.000333149
0.000330317
0.000327468
0.000326224
0.000333409
0.000295629
0.000319542
0.000350784
0.000377471
0.000392172
0.000392126
0.000378001
0.000350272
0.000319409
0.00029591
0.000467921
0.000562096
0.000631064
0.000682183
0.000708392
0.000708246
0.000682688
0.000631419
0.000562997
0.000468182
0.000760208
0.000883289
0.000962758
0.00101486
0.00103989
0.00103984
0.00101479
0.000962904
0.000884185
0.00076084
0.00101781
0.00112559
0.00119251
0.00123253
0.00125082
0.00125074
0.0012322
0.00119238
0.00112614
0.00101849
0.00119668
0.00128036
0.00132839
0.00135492
0.00136648
0.00136639
0.00135462
0.00132818
0.0012806
0.0011971
0.00131127
0.00137068
0.00140164
0.00141745
0.00142401
0.00142396
0.00141728
0.00140147
0.00137068
0.00131143
0.00137938
0.00141978
0.00143816
0.00144683
0.00145027
0.00145024
0.00144675
0.00143805
0.00141969
0.00137938
5.68907e-05
6.0819e-05
6.38984e-05
6.58816e-05
6.68385e-05
6.6807e-05
6.57531e-05
6.37466e-05
6.07607e-05
5.70185e-05
0.000379018
0.000394352
0.000404337
0.000408878
0.00041065
0.000410237
0.000407981
0.000402987
0.000393791
0.000380074
0.000353369
0.00034508
0.000343268
0.000343313
0.000344057
0.00034429
0.000342774
0.000341617
0.000343802
0.000354832
0.000299925
0.000315321
0.000340376
0.000362841
0.000373996
0.000373455
0.000360572
0.000338718
0.000314907
0.000300786
0.000432156
0.000527065
0.000597957
0.000645936
0.000668429
0.000667443
0.000641592
0.000595981
0.000527357
0.000432734
0.000710036
0.000840128
0.000923964
0.000976142
0.0010001
0.000999576
0.000973414
0.000922339
0.000840678
0.000710721
0.000976128
0.00108976
0.00115983
0.00120188
0.00122058
0.00122029
0.00120037
0.00115865
0.00109
0.000976633
0.00116361
0.00125257
0.00130429
0.0013333
0.00134575
0.00134558
0.00133247
0.0013035
0.00125254
0.0011638
0.00128579
0.00135034
0.00138487
0.00140285
0.0014103
0.0014102
0.00140245
0.00138441
0.00135015
0.00128574
0.00136016
0.00140529
0.00142656
0.00143684
0.00144094
0.00144089
0.00143666
0.00142632
0.00140508
0.00136001
5.70639e-05
6.11143e-05
6.41759e-05
6.61212e-05
6.71361e-05
6.7068e-05
6.60197e-05
6.40497e-05
6.10061e-05
5.72166e-05
0.000387165
0.000404507
0.000415113
0.000420593
0.000423779
0.000422568
0.000419844
0.000414249
0.000403416
0.000388604
0.000376056
0.000364016
0.000358878
0.000356746
0.000357622
0.000357788
0.000357648
0.00035789
0.000363439
0.000377979
0.000308649
0.00031667
0.000334804
0.000352262
0.00036088
0.00035983
0.00034891
0.000332609
0.000316341
0.000310157
0.000403859
0.000491465
0.000567065
0.000614192
0.000633182
0.000631437
0.000606991
0.000563169
0.000490463
0.000405002
0.000664002
0.000795062
0.000885995
0.000939555
0.000962305
0.000961375
0.000935235
0.000882875
0.000794341
0.000664744
0.000935133
0.00105424
0.00112772
0.00117132
0.00119049
0.00119004
0.0011692
0.00112585
0.00105381
0.000935393
0.00113078
0.00122497
0.00127988
0.00131103
0.00132449
0.00132426
0.00130999
0.0012788
0.00122457
0.00113072
0.00126021
0.00132969
0.00136747
0.00138752
0.00139593
0.00139581
0.00138704
0.0013669
0.00132934
0.00126
0.00134055
0.00139028
0.00141438
0.00142628
0.0014311
0.00143104
0.00142607
0.00141409
0.00139001
0.00134031
5.72333e-05
6.13528e-05
6.43833e-05
6.63406e-05
6.74437e-05
6.73511e-05
6.62972e-05
6.43019e-05
6.12136e-05
5.73503e-05
0.000394728
0.000413458
0.000424663
0.000431362
0.000435991
0.000434116
0.000430631
0.000424067
0.000412086
0.000396023
0.000400844
0.000384442
0.000376158
0.000372465
0.000373212
0.000373326
0.000374371
0.000375981
0.000384714
0.000402346
0.000321534
0.000322212
0.000333825
0.000345763
0.000352497
0.000351259
0.000343395
0.000331903
0.000322209
0.000323327
0.000383696
0.000459883
0.000532076
0.000580844
0.00060093
0.000598869
0.000573862
0.000527899
0.000457947
0.000385642
0.000623976
0.00075099
0.000844015
0.000901182
0.000925701
0.000924577
0.000896849
0.000840645
0.000748946
0.000625065
0.000895863
0.00101869
0.00109511
0.00114032
0.0011606
0.00116015
0.0011386
0.00109339
0.00101757
0.000896131
0.00109842
0.0011974
0.00125511
0.00128805
0.00130271
0.00130253
0.00128733
0.00125428
0.00119679
0.00109837
0.00123464
0.0013088
0.00134952
0.00137145
0.00138091
0.00138083
0.00137114
0.00134914
0.00130849
0.00123453
0.00132065
0.00137481
0.00140163
0.00141514
0.00142073
0.00142069
0.001415
0.00140146
0.00137467
0.00132056
5.73902e-05
6.15315e-05
6.45439e-05
6.65556e-05
6.77198e-05
6.76342e-05
6.65602e-05
6.44967e-05
6.14024e-05
5.74174e-05
0.000401953
0.000421564
0.000433305
0.000441109
0.000446537
0.000444861
0.000440812
0.000433106
0.000420094
0.000402131
0.000427375
0.00040663
0.000395419
0.000390616
0.000390601
0.000390575
0.000392387
0.000395596
0.00040737
0.000427528
0.000338317
0.00033152
0.000336709
0.000344026
0.000349409
0.000348302
0.000343298
0.000335524
0.000331645
0.00033973
0.000370903
0.000434205
0.000496956
0.000542423
0.000565169
0.000563665
0.000539842
0.000494579
0.000432172
0.000373307
0.000591409
0.000709777
0.000799552
0.000857545
0.000885424
0.000884591
0.0008561
0.000797945
0.000707383
0.000592973
0.000860038
0.000983204
0.00106137
0.00110814
0.00113025
0.00113
0.00110786
0.00106088
0.000981972
0.000860703
0.00106705
0.00116966
0.00122986
0.00126443
0.00128044
0.00128038
0.00126449
0.00122984
0.00116921
0.00106741
0.00120919
0.00128761
0.00133106
0.00135475
0.00136527
0.00136527
0.00135482
0.00133116
0.0012876
0.0012095
0.00130053
0.00135893
0.00138836
0.00140345
0.00140983
0.00140984
0.00140349
0.00138845
0.00135909
0.00130081
5.75155e-05
6.16602e-05
6.46869e-05
6.67686e-05
6.79348e-05
6.78994e-05
6.67955e-05
6.4653e-05
6.15596e-05
5.74482e-05
0.000408772
0.000428835
0.000441227
0.000449998
0.000455398
0.000454819
0.000450393
0.000441394
0.000427576
0.000407494
0.0004548
0.000431033
0.000416941
0.000411056
0.000409459
0.000409314
0.000411473
0.00041676
0.000431162
0.000453679
0.000358763
0.000344676
0.000343479
0.000346902
0.000350789
0.00034999
0.000347039
0.000342803
0.000344178
0.000359381
0.000365673
0.000414719
0.000466187
0.000505566
0.000529439
0.000529084
0.000508189
0.000466262
0.000413257
0.000367818
0.000560872
0.000672094
0.000755837
0.000812092
0.000842799
0.000842705
0.000814955
0.000757155
0.000670727
0.00056267
0.000823569
0.000947953
0.00102689
0.00107494
0.00109912
0.00109919
0.0010766
0.00102821
0.000947526
0.000824815
0.00103611
0.00114166
0.00120422
0.00124041
0.00125775
0.00125785
0.00124133
0.00120519
0.00114181
0.00103714
0.00118378
0.00126606
0.00131219
0.0013376
0.00134915
0.00134923
0.00133808
0.00131282
0.00126652
0.00118468
0.00128014
0.00134262
0.00137462
0.0013913
0.00139848
0.00139854
0.00139153
0.001375
0.00134312
0.00128089
5.75964e-05
6.17433e-05
6.48202e-05
6.69764e-05
6.81041e-05
6.8122e-05
6.6981e-05
6.47775e-05
6.16682e-05
5.748e-05
0.000414893
0.000435463
0.000448645
0.000458108
0.000462982
0.000464105
0.000459244
0.000448965
0.000434235
0.000412958
0.000482245
0.000457529
0.000441006
0.000433641
0.000429726
0.00042957
0.000431813
0.000439672
0.000455961
0.000480925
0.000382706
0.000361683
0.000354485
0.000354304
0.000355945
0.000355492
0.000353835
0.000353419
0.00035966
0.000382707
0.000367287
0.000401154
0.000441974
0.000475214
0.000498025
0.000498565
0.000480312
0.000443532
0.000400147
0.000368551
0.000528647
0.00063838
0.000715601
0.000769159
0.000800841
0.000801497
0.000774781
0.000719297
0.000638536
0.000530224
0.000783031
0.000913502
0.000992718
0.00104182
0.00106744
0.00106785
0.00104473
0.00099541
0.000914209
0.000784707
0.00100408
0.00111357
0.00117844
0.00121637
0.00123477
0.00123502
0.00121778
0.00118005
0.00111446
0.00100565
0.00115799
0.00124418
0.00129303
0.00132023
0.00133268
0.00133283
0.00132093
0.00129396
0.00124504
0.00115929
0.0012594
0.0013259
0.0013605
0.0013788
0.00138676
0.00138685
0.00137913
0.00136102
0.00132658
0.0012604
5.76386e-05
6.17844e-05
6.49297e-05
6.71664e-05
6.82689e-05
6.82943e-05
6.71207e-05
6.48747e-05
6.17283e-05
5.75438e-05
0.000420376
0.000441458
0.000455389
0.00046583
0.000470466
0.000472099
0.000466566
0.000455931
0.000440249
0.000418814
0.000508678
0.000485191
0.000467347
0.00045806
0.000451877
0.00045159
0.000454084
0.000464417
0.000482085
0.000508265
0.000409733
0.000382184
0.000369671
0.000365895
0.000364761
0.000364544
0.000363821
0.000367327
0.000378442
0.000409682
0.000373862
0.000393572
0.000424702
0.000452763
0.000472536
0.000473141
0.000456507
0.000425926
0.000392043
0.00037405
0.000499357
0.000607093
0.000680131
0.000731396
0.000761666
0.000762432
0.000736177
0.000683949
0.000609102
0.000500146
0.000742023
0.00087901
0.000959665
0.00100993
0.00103584
0.00103631
0.00101243
0.000962263
0.000881301
0.000743596
0.000970746
0.0010855
0.00115278
0.0011926
0.00121164
0.00121192
0.00119377
0.00115421
0.00108696
0.000972332
0.00113158
0.0012221
0.00127371
0.00130277
0.00131598
0.00131614
0.00130334
0.00127447
0.00122302
0.00113277
0.00123827
0.00130886
0.00134608
0.00136603
0.00137475
0.00137483
0.00136631
0.00134647
0.00130939
0.00123907
5.7676e-05
6.18031e-05
6.50056e-05
6.73317e-05
6.84591e-05
6.84292e-05
6.72211e-05
6.49494e-05
6.17718e-05
5.76403e-05
0.000425608
0.000447048
0.000461408
0.000473538
0.000478642
0.000478929
0.000472376
0.000461981
0.000446351
0.000425048
0.000533106
0.000512896
0.000494798
0.000483729
0.000476304
0.000475735
0.00047891
0.000491236
0.000509612
0.000533646
0.000439091
0.000405699
0.000388257
0.000380883
0.000377292
0.000377225
0.000377696
0.000384934
0.000401101
0.000439443
0.000384555
0.000392611
0.00041365
0.000437491
0.000453153
0.000453035
0.000437475
0.000412881
0.000390058
0.000384011
0.000475492
0.000572528
0.000650193
0.000699288
0.000726417
0.000726389
0.000699825
0.000651631
0.000575037
0.000475242
0.000702995
0.000839865
0.000928713
0.000979746
0.00100495
0.00100505
0.000980056
0.000929722
0.000842924
0.000703811
0.000936497
0.0010567
0.00112764
0.00116919
0.00118854
0.00118864
0.00116932
0.001128
0.00105814
0.000937433
0.0011045
0.00119986
0.00125436
0.00128526
0.00129912
0.00129919
0.00128532
0.00125446
0.00120039
0.00110503
0.00121676
0.00129162
0.00133145
0.00135304
0.00136247
0.0013625
0.00135308
0.00133145
0.00129167
0.00121693
5.77303e-05
6.18309e-05
6.50573e-05
6.74566e-05
6.86484e-05
6.85558e-05
6.73079e-05
6.49945e-05
6.18131e-05
5.77477e-05
0.000431218
0.000452575
0.000467223
0.000480982
0.000487194
0.000485623
0.000478078
0.000467092
0.000452672
0.000431444
0.00055497
0.000539752
0.000522091
0.00050994
0.000502478
0.000502055
0.000506486
0.000519703
0.000537574
0.000555807
0.000470068
0.000431939
0.000409201
0.000398272
0.000393226
0.000393579
0.000396041
0.000406729
0.000427971
0.00047087
0.000399136
0.000396816
0.000409001
0.000427619
0.000439572
0.000438449
0.000424156
0.000406319
0.000393667
0.000398525
0.000457427
0.000540094
0.000619537
0.000672285
0.00069562
0.000694227
0.000667609
0.000616525
0.000540638
0.000456468
0.000668581
0.000799808
0.000895595
0.000951459
0.000975344
0.000974738
0.000948851
0.00089338
0.000801111
0.00066826
0.000903611
0.00102727
0.00110257
0.00114614
0.0011656
0.00116534
0.00114482
0.0011012
0.00102758
0.000903464
0.00107753
0.00117754
0.00123503
0.00126769
0.00128214
0.00128199
0.001267
0.0012342
0.00117722
0.00107711
0.00119515
0.00127429
0.00131669
0.00133987
0.00134995
0.00134986
0.00133953
0.00131617
0.00127369
0.00119452
5.7789e-05
6.18809e-05
6.51226e-05
6.75217e-05
6.87981e-05
6.87016e-05
6.74307e-05
6.50225e-05
6.1859e-05
5.78533e-05
0.000436783
0.000458161
0.00047352
0.000487617
0.000494705
0.000492595
0.0004846
0.000471728
0.000458507
0.000437799
0.000574133
0.000564923
0.000548768
0.000535977
0.000529465
0.000530118
0.000535958
0.000548535
0.000564138
0.000574713
0.000501992
0.00046063
0.000431999
0.000417445
0.000412063
0.000413234
0.000418499
0.000432574
0.000458652
0.000503042
0.000417563
0.000405419
0.000409423
0.000422366
0.000431011
0.000429544
0.000418494
0.000406772
0.000402793
0.000417495
0.000447329
0.00051346
0.000587789
0.000645213
0.000669175
0.000665961
0.000635175
0.000579918
0.000511249
0.000446457
0.000633914
0.000761965
0.000859637
0.0009219
0.000947475
0.000945563
0.000915271
0.000853001
0.000759734
0.000632211
0.000867833
0.000997683
0.0010769
0.00112298
0.00114306
0.00114224
0.00112013
0.00107352
0.000995903
0.000866147
0.00105041
0.00115529
0.00121564
0.00124994
0.00126505
0.00126463
0.00124855
0.0012139
0.00115391
0.00104904
0.00117364
0.00125699
0.00130183
0.00132648
0.00133719
0.00133697
0.00132578
0.00130087
0.00125585
0.00117244
5.78348e-05
6.19569e-05
6.52301e-05
6.75426e-05
6.8889e-05
6.88584e-05
6.75821e-05
6.50855e-05
6.18995e-05
5.79471e-05
0.000441615
0.00046394
0.000480766
0.000492956
0.000500698
0.000499725
0.000491972
0.000476986
0.000463849
0.000443568
0.000590825
0.000587736
0.000574738
0.000561876
0.000556842
0.00055834
0.000565303
0.000576192
0.000587826
0.000591093
0.0005341
0.000491111
0.000456972
0.000438762
0.000433529
0.000435159
0.000443566
0.000461394
0.000491868
0.000535474
0.000439588
0.000418123
0.00041378
0.000421351
0.000427941
0.000427013
0.000419768
0.000413278
0.000417368
0.000440503
0.000444758
0.000493368
0.000558426
0.000614154
0.000640023
0.000636412
0.0006036
0.000549032
0.000489662
0.00044445
0.000600147
0.000727247
0.000823025
0.000887921
0.000916498
0.00091386
0.000879642
0.000813938
0.000722169
0.00059769
0.000829491
0.000968053
0.00105033
0.00109883
0.00112031
0.00111913
0.00109526
0.00104572
0.000964508
0.00082662
0.00102267
0.00113306
0.00119601
0.00123184
0.00124784
0.00124726
0.00123019
0.00119379
0.00113096
0.00102069
0.0011522
0.00123974
0.00128685
0.00131283
0.00132425
0.00132396
0.00131202
0.00128573
0.00123847
0.00115089
5.78664e-05
6.20461e-05
6.5367e-05
6.75664e-05
6.89215e-05
6.8979e-05
6.77178e-05
6.52127e-05
6.19414e-05
5.80293e-05
0.000446068
0.00047006
0.000488218
0.000497717
0.000505808
0.000506167
0.000499306
0.000483958
0.000468759
0.000448549
0.000605539
0.000607985
0.000599414
0.000588074
0.000584127
0.000585006
0.000592436
0.000601453
0.000608373
0.000606072
0.000565765
0.000522547
0.000484735
0.000463336
0.000457532
0.000458286
0.000469402
0.000491688
0.000525973
0.000567813
0.000464847
0.000434657
0.000422232
0.000424255
0.000429475
0.000429269
0.000425595
0.000424623
0.000436533
0.000466998
0.000447985
0.000479673
0.000533384
0.000582627
0.000609136
0.000607934
0.000577486
0.000526459
0.000476636
0.000448438
0.000572159
0.000696627
0.000787608
0.00085124
0.000882385
0.000881035
0.000846135
0.000779789
0.000689957
0.000569475
0.000793037
0.000939231
0.00102311
0.00107338
0.00109677
0.00109593
0.00107089
0.00101892
0.000934293
0.000789549
0.000994531
0.00111094
0.00117606
0.00121337
0.00123045
0.00123001
0.00121222
0.00117412
0.00110863
0.000992397
0.00113059
0.0012225
0.00127171
0.00129899
0.00131117
0.00131096
0.00129844
0.00127082
0.00122151
0.00112955
5.79082e-05
6.21124e-05
6.54845e-05
6.76411e-05
6.89411e-05
6.90486e-05
6.78113e-05
6.53792e-05
6.20095e-05
5.80938e-05
0.000450779
0.000475846
0.000494776
0.000503607
0.000510597
0.000511575
0.000505511
0.00049198
0.000474057
0.000452996
0.000618968
0.000625896
0.000622205
0.000614111
0.000610795
0.000610238
0.000616643
0.000623829
0.000626439
0.000620153
0.000596612
0.000554564
0.00051563
0.000491893
0.000484105
0.000482664
0.00049512
0.000522113
0.000559546
0.00059919
0.00049316
0.000454909
0.000435511
0.000431795
0.000434874
0.000434893
0.000434267
0.000439325
0.000458812
0.000496106
0.000456223
0.000473762
0.000513781
0.000554844
0.000580682
0.000582763
0.000557039
0.000511346
0.000472495
0.000457296
0.000550563
0.00066434
0.000754594
0.000815113
0.000847874
0.000849039
0.000816248
0.000750852
0.000657647
0.00054847
0.000760369
0.0009067
0.000995699
0.00104728
0.00107258
0.00107271
0.00104743
0.000993433
0.00090115
0.000757178
0.000966778
0.00108817
0.00115588
0.00119474
0.00121296
0.00121291
0.00119468
0.00115489
0.00108604
0.000964821
0.00110879
0.00120512
0.00125644
0.0012851
0.00129807
0.00129804
0.00128506
0.00125608
0.00120457
0.00110804
5.79734e-05
6.21516e-05
6.55494e-05
6.7766e-05
6.89985e-05
6.90792e-05
6.78821e-05
6.55366e-05
6.21172e-05
5.81397e-05
0.000455728
0.000481007
0.000500375
0.000510972
0.000516337
0.00051695
0.000510728
0.000499298
0.000480263
0.000457322
0.000631656
0.000642132
0.000642806
0.000638504
0.000636066
0.000634503
0.000638829
0.00064343
0.000642697
0.000633481
0.000623281
0.00058723
0.00054933
0.000523913
0.000512826
0.000509167
0.000521663
0.000551889
0.000591608
0.000625739
0.000524032
0.000478994
0.000453969
0.000444536
0.000443989
0.000443501
0.000445295
0.00045613
0.000482812
0.0005264
0.000469053
0.000474251
0.000500495
0.000533414
0.000557198
0.0005612
0.000540377
0.000501871
0.00047417
0.000470052
0.000535348
0.000632922
0.000725139
0.000782416
0.000815364
0.000818678
0.000788955
0.000726331
0.000628944
0.000534613
0.000729536
0.000871707
0.000968871
0.00102164
0.00104826
0.00104953
0.00102454
0.000969263
0.000868064
0.000728125
0.000937887
0.00106421
0.00113578
0.00117621
0.00119545
0.00119588
0.00117731
0.00113605
0.00106292
0.000936906
0.00108654
0.00118743
0.00124117
0.00127128
0.00128501
0.00128518
0.00127172
0.00124142
0.00118733
0.0010862
5.80538e-05
6.21917e-05
6.5577e-05
6.78945e-05
6.90885e-05
6.91001e-05
6.79558e-05
6.56449e-05
6.22396e-05
5.81734e-05
0.000460559
0.000486059
0.000505712
0.000518483
0.000523373
0.000522984
0.000516349
0.000505348
0.000486267
0.000461305
0.000643947
0.000657065
0.000661143
0.000660008
0.000658663
0.00065715
0.000659414
0.000661059
0.000657484
0.000645894
0.000646574
0.000620239
0.000584388
0.000557455
0.000542462
0.00053805
0.000550324
0.000581234
0.000620065
0.000647589
0.00055544
0.000506944
0.000476803
0.000461723
0.000456488
0.000455286
0.000459234
0.000474781
0.000508101
0.000557024
0.000485983
0.000479789
0.000495381
0.00051907
0.000539831
0.000543669
0.000526417
0.000497569
0.000479677
0.00048607
0.00052734
0.000605982
0.00069379
0.000755072
0.000786878
0.000790809
0.000763629
0.000700646
0.000605512
0.000527788
0.000695771
0.000836759
0.000938502
0.000997622
0.00102475
0.00102674
0.00100217
0.000943195
0.000836761
0.000697528
0.000903423
0.00103913
0.00111567
0.00115829
0.00117824
0.00117905
0.00116013
0.00111733
0.0010394
0.000904832
0.00106279
0.00116971
0.00122628
0.00125782
0.0012722
0.0012725
0.00125851
0.00122695
0.00116991
0.00106315
5.81384e-05
6.22612e-05
6.56101e-05
6.79878e-05
6.91858e-05
6.91371e-05
6.80254e-05
6.57057e-05
6.23512e-05
5.82097e-05
0.000465191
0.00049172
0.000511242
0.000525056
0.000530289
0.000529256
0.00052303
0.000510656
0.000491793
0.000464718
0.00065581
0.000670727
0.000677399
0.000678589
0.000678256
0.000677319
0.000678021
0.000677156
0.000670998
0.00065718
0.000669996
0.000648229
0.000618414
0.000590121
0.00057196
0.000568426
0.00058122
0.000610523
0.000645233
0.000669996
0.000580152
0.000537668
0.000502069
0.000481603
0.000471884
0.000470486
0.000476716
0.000495586
0.000534917
0.00058459
0.000506092
0.000489692
0.000496505
0.000512373
0.000528354
0.000530621
0.000516506
0.000497358
0.000488453
0.000504891
0.000524484
0.000584611
0.000664448
0.000729474
0.000763807
0.000767134
0.000738767
0.00067424
0.000587064
0.000525673
0.000664783
0.000804204
0.000907647
0.000973527
0.00100381
0.00100594
0.00097953
0.000915475
0.000807747
0.000669011
0.000868434
0.00101397
0.00109597
0.00114147
0.00116227
0.00116319
0.00114357
0.00109872
0.00101584
0.000871958
0.00103812
0.00115223
0.00121213
0.00124516
0.00126013
0.00126045
0.00124586
0.00121298
0.00115263
0.00103926
5.82233e-05
6.23618e-05
6.56753e-05
6.80495e-05
6.92572e-05
6.91852e-05
6.80839e-05
6.57349e-05
6.243e-05
5.82647e-05
0.000469235
0.000497633
0.000516862
0.000530466
0.000536508
0.000535659
0.000529974
0.000515926
0.000496954
0.000468286
0.0006672
0.000683322
0.000691924
0.00069482
0.000695384
0.000694895
0.000694463
0.000691877
0.000683412
0.000667589
0.000694547
0.000674777
0.000649213
0.000620209
0.000600526
0.000598953
0.000613156
0.000639709
0.000671577
0.000693666
0.000607717
0.000569073
0.000527759
0.000502558
0.000489542
0.00048873
0.000497601
0.000518798
0.000563164
0.000609826
0.000528302
0.000503274
0.000501761
0.000511956
0.000523198
0.0005237
0.000512951
0.00050088
0.000500705
0.000526084
0.000526102
0.000569945
0.000641335
0.000705781
0.000744319
0.000745815
0.000712098
0.000650478
0.000573603
0.000527493
0.000640955
0.000776266
0.000880583
0.000950254
0.00098518
0.000986478
0.000955021
0.000888855
0.000782573
0.000646128
0.000838357
0.000990356
0.00107804
0.00112662
0.00114867
0.00114933
0.0011283
0.0010812
0.000993876
0.000842885
0.00101509
0.00113575
0.00119946
0.00123409
0.00124968
0.00124992
0.00123464
0.00120033
0.00113646
0.00101686
5.832e-05
6.24759e-05
6.57717e-05
6.80991e-05
6.92898e-05
6.92393e-05
6.81333e-05
6.57586e-05
6.25009e-05
5.83466e-05
0.000473639
0.00050374
0.000523037
0.000536086
0.000542681
0.00054256
0.000537184
0.000522055
0.000502547
0.000472881
0.000677845
0.000694924
0.000704947
0.000709072
0.000710494
0.000710052
0.000708852
0.000705128
0.000694833
0.000677258
0.000716545
0.000701735
0.000675016
0.000646271
0.000627447
0.000627889
0.000643593
0.00066771
0.000699093
0.000715189
0.00063703
0.00059853
0.000551882
0.000522792
0.00050841
0.00050865
0.000520228
0.000543772
0.00059175
0.000635975
0.000550931
0.000519137
0.000509801
0.000515728
0.000523643
0.000523074
0.000515019
0.000507995
0.000516127
0.000548699
0.000531636
0.000563365
0.000625797
0.000687731
0.000726609
0.000725455
0.000689228
0.000631893
0.000566654
0.000532935
0.000625499
0.000750697
0.000859439
0.000931106
0.000968251
0.000967825
0.000932649
0.000865807
0.000758585
0.0006302
0.00081578
0.000967136
0.0010632
0.00111468
0.00113793
0.00113806
0.00111539
0.00106598
0.000972232
0.000820514
0.000996028
0.00112085
0.00118905
0.00122527
0.00124142
0.00124154
0.00122555
0.00118984
0.00112216
0.000998527
5.84021e-05
6.2572e-05
6.58631e-05
6.81331e-05
6.92887e-05
6.92841e-05
6.81577e-05
6.57815e-05
6.25625e-05
5.84168e-05
0.000477597
0.00050864
0.00052822
0.000540952
0.000547861
0.000548149
0.000542902
0.000527423
0.00050744
0.000477008
0.000688212
0.000706216
0.000717532
0.000722589
0.000724693
0.000724053
0.000722476
0.000717748
0.000706045
0.000686897
0.000733123
0.000723396
0.000697496
0.000669117
0.000653148
0.000654766
0.000671273
0.000694053
0.000720425
0.000731568
0.000660197
0.000624761
0.000574247
0.000542154
0.00052823
0.000529377
0.000543255
0.000569958
0.000619743
0.00065765
0.000572463
0.000536241
0.000520295
0.000522821
0.000528418
0.000527549
0.000521763
0.000518849
0.000534282
0.000571509
0.000540468
0.000563745
0.000618036
0.000677002
0.000712734
0.000709899
0.000674334
0.000620344
0.000566367
0.000541911
0.000619241
0.000731358
0.000845829
0.000918692
0.000955232
0.000953419
0.000916954
0.000848934
0.000737557
0.000622827
0.000800529
0.000947798
0.0010535
0.00110758
0.00113147
0.00113107
0.00110718
0.0010552
0.000952477
0.000804844
0.000981816
0.0011093
0.00118267
0.00122036
0.00123695
0.00123692
0.00122037
0.00118332
0.00111118
0.000984928
5.84992e-05
6.26484e-05
6.58992e-05
6.81073e-05
6.92205e-05
6.92451e-05
6.8113e-05
6.57883e-05
6.26197e-05
5.85022e-05
0.000483998
0.000517304
0.000537596
0.000550772
0.000558006
0.000558667
0.000552936
0.000537738
0.000516505
0.000483345
0.000697733
0.000716341
0.000728608
0.000734106
0.000736306
0.000735626
0.000734081
0.000728644
0.000716195
0.00069612
0.000746304
0.000738109
0.000714324
0.000686777
0.000673697
0.000675586
0.000692277
0.000715184
0.000736947
0.000744913
0.00069102
0.000644764
0.000592491
0.000558464
0.00054569
0.000547266
0.000562704
0.000593106
0.000643288
0.00068953
0.000590628
0.000551982
0.000531852
0.000532233
0.000536431
0.000535773
0.000531562
0.000531548
0.000552146
0.00059162
0.000550868
0.000569402
0.000618351
0.000675338
0.000707542
0.000704405
0.000670154
0.000617259
0.000571256
0.000552834
0.000620902
0.000722635
0.00084172
0.000915799
0.0009506
0.000948293
0.000911874
0.000841346
0.000725484
0.000623564
0.000793897
0.000936966
0.00105056
0.00110681
0.00113075
0.00113003
0.00110556
0.00105088
0.000939657
0.000796772
0.000974246
0.00110282
0.00118084
0.0012197
0.00123649
0.00123634
0.00121949
0.00118131
0.00110475
0.000976969
5.85007e-05
6.26747e-05
6.5914e-05
6.81143e-05
6.92237e-05
6.92568e-05
6.80992e-05
6.58037e-05
6.26285e-05
5.8502e-05
0.000481209
0.000515548
0.000535042
0.000548035
0.000555386
0.000555963
0.000550068
0.000536276
0.000515534
0.000480555
0.000707196
0.000727193
0.000740837
0.000747193
0.000749347
0.000748917
0.000747175
0.000740468
0.000727011
0.000705613
0.000760652
0.0007527
0.000727984
0.000706209
0.000695157
0.000696702
0.000708854
0.00072981
0.000754086
0.000759652
0.000689853
0.000661453
0.000610655
0.000575421
0.000563065
0.00056459
0.000581298
0.000615566
0.000663682
0.000689464
0.000606208
0.000566717
0.000542854
0.000540613
0.000543228
0.000543015
0.000540525
0.000543828
0.000569451
0.000609499
0.000560554
0.000575487
0.000619587
0.000673318
0.000701823
0.000699341
0.000667272
0.000615824
0.000576556
0.000563335
0.000624986
0.000717799
0.000840788
0.000915317
0.000947808
0.000945722
0.000910419
0.000836959
0.000716842
0.000626657
0.000793104
0.000931149
0.00105201
0.00105616
0.00105119
0.00105276
0.00105793
0.0010506
0.000930743
0.000793379
0.000973324
0.00104333
0.00105012
0.00105211
0.00105307
0.0010533
0.00105183
0.00104383
0.00103275
0.000974171
5.82381e-05
6.21114e-05
6.50454e-05
6.70223e-05
6.80256e-05
6.80312e-05
6.70013e-05
6.49982e-05
6.20797e-05
5.82317e-05
0.000506104
0.000556752
0.000584686
0.000601802
0.000609581
0.000610032
0.000604393
0.000587708
0.00055792
0.000505449
0.000726397
0.000744923
0.000756855
0.000760274
0.000760241
0.000760162
0.000760449
0.000756357
0.000745035
0.000725621
0.000770628
0.00075935
0.000735668
0.000707256
0.000693048
0.000694025
0.000712423
0.000740201
0.000761874
0.000771102
0.000711618
0.000666458
0.000617205
0.00058401
0.000571543
0.000572641
0.000588465
0.000622467
0.000671445
0.000715273
0.000613331
0.000583678
0.000569386
0.000575091
0.000582049
0.000582079
0.000574327
0.000569407
0.000586977
0.000617395
0.000586994
0.000615143
0.000675814
0.000742259
0.000778668
0.000777044
0.000735643
0.000669497
0.000614307
0.000589211
0.000676078
0.000780278
0.000869858
0.000840305
0.000823529
0.000826042
0.000843753
0.000868312
0.000775347
0.00067587
0.000843348
0.000847413
0.000831791
0.000821521
0.000813476
0.000814013
0.00082017
0.000826671
0.00084544
0.000856175
0.000768959
0.000815501
0.000816956
0.00082018
0.000821864
0.000821504
0.000819393
0.000815108
0.000816977
0.00077621
1.88931e-05
1.99652e-05
2.08537e-05
2.14895e-05
2.18194e-05
2.18195e-05
2.14895e-05
2.08559e-05
1.99659e-05
1.88941e-05
0.000875337
0.000967842
0.00102061
0.00105155
0.00106708
0.00106751
0.00105226
0.00102063
0.000967859
0.00087478
0.00150472
0.00153249
0.00154295
0.00154762
0.00154948
0.00154948
0.00154756
0.00154278
0.00153239
0.00150487
0.00156986
0.00157172
0.00157177
0.00157157
0.00157143
0.00157142
0.00157155
0.00157173
0.0015717
0.0015699
0.00157131
0.00157087
0.00157059
0.00157043
0.00157036
0.00157036
0.00157043
0.00157058
0.00157086
0.00157131
0.00157029
0.0015701
0.00157003
0.00157001
0.00156999
0.00156999
0.00157001
0.00157003
0.0015701
0.00157029
0.00157
0.00156996
0.00156995
0.00156995
0.00156995
0.00156995
0.00156995
0.00156995
0.00156996
0.00157
0.00156995
0.00156995
0.00156995
0.00156995
0.00156995
0.00156995
0.00156995
0.00156995
0.00156995
0.00156995
0.00156995
0.00156995
0.00156995
0.00156995
0.00156995
0.00156995
0.00156995
0.00156995
0.00156995
0.00156995
0.00156995
0.00156995
0.00156995
0.00156995
0.00156995
0.00156995
0.00156995
0.00156995
0.00156995
0.00156995
3.03657e-05
3.10644e-05
3.16802e-05
3.2137e-05
3.23829e-05
3.23852e-05
3.21424e-05
3.16824e-05
3.10669e-05
3.03601e-05
0.000415301
0.000480608
0.000532817
0.000569904
0.000589135
0.000588944
0.000569646
0.000532822
0.000480718
0.000415984
0.00113758
0.0012329
0.00129028
0.00132532
0.00134164
0.0013414
0.00132482
0.00129024
0.00123269
0.00113806
0.00148719
0.00151778
0.00153117
0.00153814
0.00154101
0.00154093
0.00153796
0.00153113
0.00151765
0.00148738
0.00155336
0.00155891
0.00156051
0.00156119
0.00156142
0.0015614
0.00156115
0.0015605
0.00155888
0.0015534
0.00156201
0.00156255
0.00156254
0.00156252
0.0015625
0.0015625
0.00156251
0.00156254
0.00156254
0.00156201
0.00156257
0.00156251
0.00156245
0.00156243
0.00156242
0.00156242
0.00156243
0.00156245
0.0015625
0.00156256
0.00156246
0.00156241
0.0015624
0.00156239
0.00156239
0.00156239
0.00156239
0.0015624
0.00156241
0.00156245
0.0015624
0.00156239
0.00156239
0.00156239
0.00156239
0.00156239
0.00156239
0.00156239
0.00156239
0.0015624
0.00156239
0.00156239
0.00156239
0.00156239
0.0015624
0.0015624
0.00156239
0.00156239
0.00156239
0.00156239
4.12879e-05
4.19378e-05
4.24731e-05
4.28277e-05
4.3022e-05
4.30289e-05
4.28359e-05
4.24567e-05
4.19299e-05
4.12531e-05
0.000291116
0.000334137
0.000370245
0.000397853
0.000412181
0.000411872
0.000397603
0.000371013
0.000334711
0.000292651
0.00084841
0.000952234
0.00102655
0.00107603
0.00110035
0.0011001
0.00107572
0.00102695
0.000952489
0.000850207
0.00134567
0.00140975
0.00144492
0.00146504
0.00147406
0.00147397
0.00146491
0.00144514
0.00140968
0.00134686
0.00150984
0.00153046
0.00153917
0.00154347
0.00154523
0.0015452
0.00154345
0.00153925
0.00153046
0.00151029
0.00154742
0.00155214
0.00155354
0.00155412
0.00155433
0.00155433
0.00155412
0.00155356
0.00155215
0.00154756
0.00155417
0.00155494
0.00155504
0.00155506
0.00155507
0.00155507
0.00155506
0.00155504
0.00155494
0.00155421
0.00155505
0.0015551
0.00155508
0.00155507
0.00155506
0.00155506
0.00155507
0.00155508
0.0015551
0.00155506
0.00155508
0.00155506
0.00155505
0.00155505
0.00155505
0.00155505
0.00155505
0.00155505
0.00155506
0.00155508
0.00155506
0.00155505
0.00155505
0.00155506
0.00155507
0.00155507
0.00155506
0.00155505
0.00155505
0.00155506
4.97576e-05
5.09255e-05
5.175e-05
5.22256e-05
5.24675e-05
5.24716e-05
5.22211e-05
5.17101e-05
5.08933e-05
4.96765e-05
0.000246883
0.000276572
0.000302599
0.000323572
0.000334624
0.000334546
0.000323898
0.000303939
0.000277681
0.000249625
0.000661708
0.000764222
0.000832399
0.00087978
0.000904046
0.000904044
0.000880031
0.0008331
0.000765184
0.000660299
0.00119499
0.00128629
0.00133617
0.00136604
0.00138059
0.00138073
0.00136648
0.00133663
0.001287
0.001194
0.00144491
0.00148506
0.00150361
0.00151333
0.00151768
0.00151773
0.0015135
0.00150386
0.00148542
0.0014452
0.00152328
0.00153613
0.00154084
0.00154298
0.00154385
0.00154386
0.00154303
0.00154093
0.00153627
0.00152354
0.00154308
0.00154633
0.00154716
0.00154747
0.00154759
0.00154759
0.00154748
0.00154718
0.00154637
0.00154319
0.00154721
0.00154785
0.00154792
0.00154793
0.00154794
0.00154794
0.00154793
0.00154792
0.00154786
0.00154725
0.00154789
0.00154796
0.00154795
0.00154795
0.00154795
0.00154795
0.00154795
0.00154795
0.00154797
0.0015479
0.00154795
0.00154795
0.00154795
0.00154797
0.00154798
0.00154798
0.00154797
0.00154795
0.00154795
0.00154795
5.5017e-05
5.71236e-05
5.85483e-05
5.93967e-05
5.97957e-05
5.97877e-05
5.93685e-05
5.85157e-05
5.70614e-05
5.49247e-05
0.000237096
0.000257881
0.000276146
0.000291
0.000299529
0.000299923
0.000292185
0.000277245
0.000259872
0.000237439
0.00050382
0.000604367
0.000681763
0.000736705
0.000762568
0.000762105
0.000735342
0.000682215
0.000603484
0.000503262
0.00102271
0.00114234
0.00121579
0.00126043
0.00128088
0.00128089
0.00126023
0.00121623
0.00114197
0.00102096
0.00135819
0.00142248
0.00145478
0.00147215
0.00147986
0.00147996
0.00147236
0.00145513
0.0014229
0.001358
0.00148719
0.00151247
0.00152283
0.00152775
0.0015298
0.00152984
0.00152785
0.001523
0.00151276
0.00148744
0.0015274
0.0015355
0.00153804
0.00153908
0.00153948
0.00153949
0.00153912
0.00153811
0.00153562
0.00152759
0.00153809
0.00154027
0.00154071
0.00154086
0.00154092
0.00154092
0.00154087
0.00154073
0.00154031
0.00153818
0.00154053
0.00154102
0.00154105
0.00154106
0.00154106
0.00154106
0.00154106
0.00154105
0.00154103
0.00154057
0.00154099
0.00154108
0.00154108
0.00154111
0.00154113
0.00154113
0.00154111
0.00154108
0.00154108
0.00154101
5.75795e-05
6.06607e-05
6.27615e-05
6.40853e-05
6.47186e-05
6.46937e-05
6.40488e-05
6.27589e-05
6.05842e-05
5.75017e-05
0.000224611
0.000247469
0.00026823
0.000284562
0.00029047
0.000291451
0.000284516
0.000269072
0.000248313
0.000225487
0.000404384
0.000484041
0.000550382
0.000600992
0.000627418
0.000626324
0.000599755
0.000551391
0.000483628
0.000405237
0.000867764
0.000994079
0.0010793
0.00113509
0.00116196
0.00116132
0.00113439
0.00108019
0.000993034
0.000866986
0.001258
0.00134465
0.0013919
0.00141853
0.00143049
0.00143048
0.00141861
0.00139236
0.00134478
0.00125764
0.00143897
0.00147984
0.00149816
0.00150723
0.00151105
0.00151109
0.00150734
0.00149839
0.00148014
0.00143913
0.00150564
0.00152125
0.00152681
0.00152921
0.00153015
0.00153017
0.00152927
0.00152691
0.00152143
0.00150586
0.00152673
0.00153183
0.00153315
0.00153363
0.0015338
0.00153381
0.00153365
0.00153319
0.00153191
0.00152687
0.00153259
0.00153404
0.00153426
0.00153433
0.00153435
0.00153436
0.00153433
0.00153427
0.00153407
0.00153266
0.00153403
0.0015344
0.00153442
0.00153446
0.00153449
0.00153449
0.00153446
0.00153443
0.00153441
0.00153405
5.83202e-05
6.22042e-05
6.49306e-05
6.67119e-05
6.75807e-05
6.75527e-05
6.66957e-05
6.49573e-05
6.21239e-05
5.82577e-05
0.000223447
0.00024073
0.000257455
0.000270651
0.000277653
0.000277552
0.000271
0.00025822
0.000241602
0.000224352
0.000345674
0.000406729
0.000459988
0.000500935
0.000523758
0.000523228
0.000500928
0.000461104
0.000407284
0.000346973
0.00074524
0.000864489
0.000950446
0.00100902
0.00103882
0.00103822
0.00100892
0.000951639
0.000863417
0.000745234
0.00115636
0.00125849
0.00131844
0.00135377
0.00137009
0.00137
0.00135384
0.00131896
0.00125822
0.00115606
0.00138136
0.00143842
0.00146617
0.00148051
0.00148666
0.00148668
0.0014806
0.00146641
0.0014386
0.0013814
0.00147727
0.00150259
0.00151261
0.00151714
0.00151895
0.00151896
0.00151719
0.00151274
0.00150279
0.00147745
0.00151225
0.00152187
0.00152479
0.00152592
0.00152634
0.00152635
0.00152594
0.00152485
0.00152198
0.0015124
0.00152354
0.00152677
0.00152744
0.00152766
0.00152774
0.00152774
0.00152767
0.00152746
0.00152682
0.00152362
0.0015268
0.00152781
0.00152793
0.001528
0.00152804
0.00152804
0.001528
0.00152794
0.00152783
0.00152684
5.80369e-05
6.24631e-05
6.56922e-05
6.78343e-05
6.88989e-05
6.88841e-05
6.78586e-05
6.57275e-05
6.23791e-05
5.79598e-05
0.000230006
0.000242621
0.000255817
0.000266187
0.000271659
0.000271698
0.000266865
0.000256258
0.000243438
0.000230629
0.000308869
0.00035788
0.000401705
0.00043447
0.000453162
0.000453194
0.000435227
0.000402632
0.000358808
0.000309793
0.000651541
0.000759272
0.000841179
0.000897466
0.000927196
0.000927134
0.000898417
0.000842438
0.000758541
0.000651262
0.00106171
0.00117166
0.00124054
0.00128244
0.00130238
0.00130237
0.00128276
0.00124105
0.00117115
0.00106122
0.0013187
0.00139008
0.00142745
0.00144753
0.00145636
0.00145639
0.00144766
0.00142769
0.00139012
0.00131855
0.00144296
0.00147915
0.00149483
0.00150223
0.00150525
0.00150527
0.00150229
0.00149497
0.00147934
0.00144304
0.00149419
0.00150979
0.00151517
0.00151736
0.00151819
0.0015182
0.00151739
0.00151524
0.00150993
0.0014943
0.00151287
0.00151886
0.00152038
0.00152091
0.00152109
0.0015211
0.00152092
0.00152041
0.00151893
0.00151295
0.00151901
0.00152116
0.00152153
0.00152167
0.00152174
0.00152174
0.00152167
0.00152154
0.00152119
0.00151906
5.73441e-05
6.20128e-05
6.5587e-05
6.79822e-05
6.91832e-05
6.91926e-05
6.80391e-05
6.56071e-05
6.19261e-05
5.72363e-05
0.000241582
0.000250742
0.00026083
0.000269142
0.000273136
0.000273244
0.000269409
0.000260909
0.000251513
0.000241912
0.000284977
0.000325378
0.000362824
0.000390264
0.000405704
0.000406034
0.000391316
0.000363486
0.000326088
0.000285269
0.00057933
0.000675506
0.000752166
0.000804565
0.000832649
0.000833179
0.000806387
0.000753307
0.000675118
0.000578404
0.000977282
0.00108959
0.00116369
0.00120977
0.00123223
0.00123241
0.00121046
0.00116418
0.00108905
0.000976531
0.00125483
0.0013376
0.00138369
0.0014093
0.00142086
0.00142092
0.00140952
0.00138393
0.00133755
0.0012545
0.00140412
0.00145127
0.00147331
0.00148415
0.00148869
0.00148871
0.00148423
0.00147346
0.00145144
0.00140408
0.00147252
0.00149524
0.00150389
0.0015076
0.00150904
0.00150905
0.00150764
0.00150398
0.00149538
0.00147258
0.00150022
0.00150996
0.00151284
0.00151389
0.00151427
0.00151427
0.0015139
0.00151288
0.00151004
0.00150029
0.00151036
0.00151429
0.00151512
0.00151541
0.00151552
0.00151553
0.00151541
0.00151513
0.00151432
0.00151041
5.66285e-05
6.13015e-05
6.50343e-05
6.75743e-05
6.88512e-05
6.88775e-05
6.763e-05
6.50284e-05
6.12266e-05
5.65023e-05
0.000256161
0.00026302
0.00027063
0.000277361
0.000280342
0.000280279
0.000276925
0.000270372
0.000263752
0.000256377
0.000270171
0.000303467
0.000335587
0.000359368
0.000372332
0.000372743
0.000360255
0.000335922
0.0003038
0.000270107
0.000522786
0.00060903
0.000679878
0.000728646
0.000754409
0.000755304
0.000730658
0.000680636
0.000608949
0.0005202
0.000903808
0.00101498
0.00109128
0.00113981
0.00116369
0.00116406
0.00114071
0.00109164
0.00101461
0.000901892
0.00119301
0.00128372
0.00133699
0.00136753
0.00138156
0.00138167
0.00136782
0.00133718
0.00128365
0.0011924
0.00136258
0.00141983
0.00144838
0.00146296
0.0014692
0.00146923
0.00146305
0.00144851
0.00141995
0.00136245
0.00144766
0.0014781
0.00149071
0.00149636
0.00149861
0.00149861
0.0014964
0.00149079
0.00147822
0.00144769
0.00148545
0.00149981
0.00150457
0.00150642
0.00150709
0.00150709
0.00150643
0.00150461
0.00149988
0.0014855
0.00150061
0.00150697
0.00150856
0.00150912
0.00150933
0.00150933
0.00150912
0.00150858
0.00150701
0.00150065
5.6077e-05
6.06227e-05
6.43448e-05
6.69404e-05
6.82389e-05
6.82652e-05
6.69457e-05
6.431e-05
6.05754e-05
5.59675e-05
0.000272246
0.000277745
0.000283419
0.000288915
0.000291471
0.000291156
0.000288004
0.000283023
0.00027845
0.000272456
0.0002635
0.000289266
0.000316408
0.000337349
0.000348369
0.000348654
0.00033763
0.000316414
0.000289544
0.000263295
0.000464937
0.000556425
0.000621553
0.000666342
0.00068956
0.000690427
0.000667648
0.000621713
0.000555502
0.00046195
0.000829103
0.000949012
0.00102546
0.00107451
0.00109893
0.00109932
0.00107521
0.00102568
0.000948204
0.000826598
0.00113232
0.00123096
0.00128942
0.00132387
0.00134
0.00134011
0.00132414
0.00128955
0.00123078
0.00113153
0.00131954
0.00138603
0.00142071
0.00143904
0.00144704
0.00144707
0.00143912
0.00142078
0.00138607
0.0013194
0.00142025
0.00145855
0.00147555
0.00148349
0.00148671
0.00148672
0.00148352
0.0014756
0.00145862
0.0014203
0.00146859
0.00148821
0.00149539
0.0014983
0.00149939
0.00149939
0.00149831
0.00149542
0.00148827
0.00146867
0.00148958
0.00149903
0.00150173
0.0015027
0.00150306
0.00150306
0.00150271
0.00150174
0.00149907
0.00148964
5.57563e-05
6.01198e-05
6.37138e-05
6.62992e-05
6.75891e-05
6.75917e-05
6.6227e-05
6.36558e-05
6.01007e-05
5.56841e-05
0.000288656
0.000293641
0.000298099
0.000302704
0.000305075
0.000304634
0.000301488
0.000297592
0.000294266
0.000289068
0.000262615
0.000282139
0.000303938
0.000321913
0.000331432
0.000331427
0.000321426
0.00030381
0.000282705
0.000262409
0.000412998
0.000503481
0.000571366
0.000615932
0.00063683
0.000637438
0.000616143
0.000569926
0.000501019
0.000411326
0.000756285
0.000882568
0.00096466
0.00101567
0.00104003
0.00104036
0.00101602
0.000964047
0.000880751
0.00075466
0.00107218
0.00117901
0.00124245
0.00128013
0.00129782
0.00129791
0.00128027
0.00124238
0.00117853
0.0010716
0.00127558
0.00135076
0.00139113
0.00141301
0.00142269
0.00142271
0.00141304
0.00139112
0.00135067
0.00127556
0.00139089
0.00143693
0.00145854
0.001469
0.0014733
0.0014733
0.001469
0.00145855
0.00143695
0.00139103
0.00144984
0.00147512
0.00148515
0.00148941
0.00149104
0.00149104
0.00148942
0.00148516
0.00147517
0.00144998
0.00147723
0.00149032
0.00149448
0.00149605
0.00149662
0.00149662
0.00149606
0.00149449
0.00149036
0.00147732
5.56615e-05
5.98281e-05
6.32515e-05
6.5771e-05
6.70443e-05
6.70093e-05
6.56456e-05
6.31841e-05
5.98209e-05
5.56202e-05
0.000304849
0.00030985
0.000313827
0.000317818
0.000320172
0.000319633
0.000316731
0.000313381
0.000310222
0.000305319
0.000266079
0.000280414
0.000297909
0.000312824
0.000320957
0.000320637
0.000311983
0.000297827
0.000281293
0.00026602
0.000371885
0.00045346
0.000518799
0.000565571
0.000587181
0.000587203
0.00056328
0.000515436
0.000450486
0.000371496
0.000690325
0.000816187
0.00090162
0.000956745
0.000982613
0.000982681
0.000955579
0.000899512
0.000813926
0.000690033
0.00101345
0.00112704
0.00119551
0.00123649
0.00125562
0.00125563
0.00123624
0.00119499
0.00112632
0.00101332
0.00123119
0.00131439
0.00136017
0.00138544
0.0013967
0.0013967
0.00138537
0.00136005
0.00131421
0.0012313
0.0013601
0.00141359
0.00143986
0.00145296
0.00145843
0.00145843
0.00145295
0.00143984
0.0014136
0.00136029
0.00142949
0.00146059
0.00147379
0.00147964
0.00148191
0.00148192
0.00147965
0.0014738
0.00146064
0.00142964
0.00146361
0.00148074
0.0014867
0.00148906
0.00148993
0.00148993
0.00148907
0.00148671
0.00148078
0.0014637
5.57418e-05
5.97222e-05
6.29935e-05
6.54104e-05
6.66621e-05
6.66033e-05
6.52934e-05
6.29374e-05
5.97044e-05
5.57101e-05
0.000320193
0.000325748
0.000329954
0.000333548
0.000335921
0.000335578
0.000333217
0.000329873
0.000325779
0.000320575
0.000273328
0.000282932
0.000296854
0.000309112
0.000316115
0.000315736
0.000308551
0.000296884
0.000283797
0.000273398
0.000341009
0.000410862
0.000469792
0.000514361
0.000536082
0.00053489
0.000509762
0.000465755
0.000408402
0.000341191
0.000632877
0.000753201
0.000838548
0.000895613
0.000922855
0.000922085
0.000892395
0.000835429
0.000751318
0.000633497
0.00095735
0.00107504
0.00114806
0.00119229
0.00121292
0.00121271
0.00119138
0.00114709
0.0010744
0.000957506
0.00118694
0.00127708
0.00132805
0.00135661
0.0013694
0.00136936
0.00135641
0.00132784
0.00127692
0.00118697
0.00132834
0.00138884
0.00141971
0.00143553
0.00144221
0.00144221
0.0014355
0.0014197
0.00138885
0.00132838
0.00140782
0.00144476
0.00146132
0.00146895
0.00147197
0.00147198
0.00146895
0.00146133
0.0014448
0.00140784
0.00144881
0.00147028
0.00147831
0.00148165
0.00148289
0.0014829
0.00148166
0.00147833
0.0014703
0.00144882
5.59379e-05
5.97627e-05
6.29281e-05
6.52334e-05
6.64505e-05
6.64002e-05
6.51889e-05
6.29044e-05
5.97139e-05
5.58884e-05
0.000334391
0.000340998
0.000345988
0.000349449
0.000351707
0.000351833
0.000350162
0.000346511
0.000340758
0.00033449
0.000284181
0.000289305
0.0002998
0.000309566
0.000315472
0.000315367
0.000309809
0.000299893
0.000289551
0.000284066
0.000318777
0.000376304
0.000428429
0.000468549
0.000489371
0.000487348
0.000463539
0.000425317
0.000375003
0.000318814
0.000583603
0.000695253
0.000778672
0.000835539
0.000863485
0.00086189
0.000831307
0.000775878
0.000694345
0.000584207
0.000904633
0.00102362
0.00110027
0.0011474
0.00116951
0.00116903
0.00114599
0.00109926
0.00102333
0.000904579
0.00114329
0.0012391
0.00129489
0.00132665
0.00134097
0.00134088
0.00132635
0.00129468
0.00123901
0.00114297
0.00129593
0.00136296
0.00139829
0.00141684
0.00142479
0.00142478
0.00141679
0.00139827
0.00136293
0.00129562
0.00138503
0.00142778
0.00144779
0.00145733
0.00146119
0.00146119
0.00145734
0.00144779
0.00142775
0.00138479
0.00143292
0.00145894
0.00146928
0.00147374
0.00147545
0.00147545
0.00147375
0.00146928
0.00145891
0.00143277
5.62127e-05
5.99212e-05
6.30161e-05
6.52204e-05
6.63869e-05
6.63727e-05
6.52702e-05
6.30259e-05
5.9825e-05
5.61101e-05
0.000347625
0.000355611
0.000361647
0.000365231
0.000367193
0.000367744
0.000366641
0.000362456
0.000354889
0.000347059
0.000298315
0.000299277
0.000306275
0.000313537
0.000318148
0.000318516
0.00031466
0.000306242
0.000298471
0.000297638
0.000304054
0.000349563
0.0003951
0.000430533
0.000449934
0.000447936
0.000427029
0.000393936
0.000349259
0.000303293
0.00054252
0.000643244
0.000723568
0.000779109
0.000807209
0.000805402
0.000775684
0.000722497
0.000643445
0.00054213
0.000856293
0.000973814
0.00105278
0.00110225
0.0011258
0.00112517
0.00110093
0.00105229
0.000973897
0.000855608
0.0011008
0.00120093
0.00126092
0.00129571
0.0013116
0.00131146
0.00129541
0.00126081
0.00120087
0.00110003
0.00126311
0.00133619
0.00137577
0.001397
0.00140628
0.00140626
0.00139696
0.00137575
0.00133606
0.00126246
0.00136126
0.00140975
0.00143327
0.00144481
0.00144957
0.00144957
0.00144481
0.00143325
0.00140962
0.0013608
0.001416
0.00144675
0.00145957
0.0014653
0.00146754
0.00146754
0.00146531
0.00145955
0.00144666
0.00141572
5.65254e-05
6.01785e-05
6.32133e-05
6.53358e-05
6.64445e-05
6.64686e-05
6.54408e-05
6.32212e-05
6.00108e-05
5.63406e-05
0.000359995
0.000369577
0.000376657
0.000380575
0.000382278
0.000382839
0.000381775
0.000377096
0.000368168
0.000358331
0.000315108
0.000312428
0.000315946
0.000320673
0.000323772
0.000324537
0.000322159
0.000315531
0.000310484
0.000313718
0.000296622
0.000330665
0.000369266
0.000400236
0.000417861
0.000416579
0.000399196
0.000370018
0.000330431
0.000294677
0.000506262
0.000598027
0.000674048
0.000727603
0.000755365
0.000754078
0.000726403
0.000675171
0.000598443
0.000504046
0.000810281
0.000926646
0.00100656
0.00105762
0.00108242
0.00108189
0.00105703
0.00100687
0.000926595
0.000808602
0.00105966
0.0011631
0.00122657
0.00126406
0.00128149
0.00128134
0.0012639
0.00122661
0.00116289
0.00105851
0.00123017
0.00130872
0.00135235
0.0013762
0.0013868
0.00138676
0.00137617
0.00135231
0.0013085
0.00122942
0.00133666
0.00139075
0.00141784
0.00143144
0.00143715
0.00143714
0.00143143
0.00141779
0.00139057
0.00133622
0.00139812
0.00143371
0.00144919
0.00145631
0.00145913
0.00145913
0.0014563
0.00144915
0.00143359
0.00139788
5.68251e-05
6.05043e-05
6.34696e-05
6.55346e-05
6.65956e-05
6.66383e-05
6.56296e-05
6.34482e-05
6.02531e-05
5.65762e-05
0.000371258
0.000382634
0.000390609
0.000395029
0.000396845
0.000396963
0.00039537
0.000390343
0.000380595
0.000368616
0.00033384
0.000327979
0.000328347
0.000330694
0.000332339
0.000333127
0.000331674
0.000327497
0.000325379
0.000331936
0.000296215
0.000319208
0.000350507
0.000376997
0.000392411
0.00039212
0.0003782
0.00035219
0.000317896
0.000293319
0.000468568
0.000561304
0.000630817
0.000681678
0.000708417
0.000708126
0.000682997
0.000633046
0.000560321
0.00046397
0.000761199
0.000883789
0.000962672
0.00101447
0.00104004
0.00103983
0.00101481
0.000963276
0.000882903
0.000757961
0.00101864
0.00112637
0.0011924
0.00123217
0.00125091
0.0012508
0.00123217
0.00119239
0.00112581
0.00101721
0.00119715
0.00128086
0.00132828
0.00135463
0.00136648
0.00136644
0.0013546
0.00132819
0.00128057
0.00119659
0.00131143
0.00137088
0.00140158
0.0014173
0.00142398
0.00142397
0.00141728
0.00140153
0.00137076
0.00131128
0.0013794
0.00141982
0.00143813
0.00144676
0.00145023
0.00145023
0.00144675
0.0014381
0.00141979
0.00137939
5.70739e-05
6.08396e-05
6.37414e-05
6.57774e-05
6.68184e-05
6.68499e-05
6.58276e-05
6.37036e-05
6.05467e-05
5.68199e-05
0.000381055
0.000394387
0.000402963
0.000408244
0.000410554
0.000410166
0.000407851
0.000402758
0.00039223
0.000378111
0.000353994
0.000345042
0.000342825
0.000343273
0.000343835
0.000344135
0.000343102
0.000342001
0.000342789
0.000352124
0.000300814
0.000315047
0.000338221
0.000360215
0.000372999
0.000373489
0.000362521
0.000339581
0.000312367
0.000297689
0.000435061
0.00052747
0.000594878
0.000641485
0.000666434
0.000667132
0.000644267
0.000596302
0.000522849
0.000429054
0.000712862
0.000841348
0.000922341
0.000973435
0.000999152
0.000999309
0.000974258
0.000922406
0.000838186
0.000708343
0.00097753
0.00109061
0.00115902
0.00120043
0.00122013
0.00122009
0.00120045
0.0011587
0.00108934
0.000975827
0.00116409
0.0012529
0.00130382
0.00133251
0.00134547
0.00134543
0.00133244
0.00130363
0.00125251
0.00116377
0.00128582
0.00135034
0.0013846
0.00140247
0.00141011
0.0014101
0.00140244
0.00138457
0.00135035
0.00128601
0.00136005
0.00140519
0.00142641
0.00143666
0.00144082
0.00144082
0.00143666
0.00142643
0.00140532
0.00136034
5.72521e-05
6.11196e-05
6.40021e-05
6.60381e-05
6.70877e-05
6.71017e-05
6.60633e-05
6.39964e-05
6.0868e-05
5.70607e-05
0.000389206
0.000404472
0.000413699
0.000420166
0.0004233
0.000422654
0.000419826
0.000414618
0.000403146
0.000386948
0.000375688
0.000362999
0.000358756
0.000357947
0.000358005
0.00035764
0.000356956
0.000358949
0.000362409
0.000374494
0.000309382
0.000316599
0.000332169
0.000349129
0.000359295
0.00036
0.000351184
0.000332694
0.000313333
0.000306904
0.000408211
0.000494195
0.00056266
0.000607809
0.000629935
0.000630976
0.000610154
0.000560804
0.000485781
0.000402391
0.000668285
0.0007976
0.000883443
0.000935604
0.000960495
0.000960813
0.000936168
0.000881483
0.000791279
0.000663264
0.000937112
0.00105516
0.00112657
0.00116933
0.0011895
0.00118951
0.00116918
0.00112558
0.00105271
0.000934976
0.00113135
0.001225
0.00127921
0.00131001
0.00132389
0.00132385
0.00130985
0.00127884
0.00122432
0.00113089
0.0012602
0.00132945
0.00136705
0.00138702
0.00139558
0.00139557
0.00138698
0.00136701
0.00132946
0.0012604
0.00134038
0.00139004
0.00141412
0.00142603
0.00143092
0.00143092
0.00142604
0.00141417
0.00139022
0.00134072
5.73459e-05
6.13143e-05
6.42473e-05
6.63047e-05
6.73804e-05
6.73972e-05
6.63468e-05
6.4302e-05
6.11668e-05
5.72768e-05
0.000395927
0.000412812
0.000423345
0.00043101
0.000435125
0.000435033
0.000431739
0.000425397
0.000412801
0.000395097
0.000399373
0.000382022
0.000375895
0.000374288
0.000374279
0.00037369
0.000373685
0.000378026
0.000384045
0.000399444
0.000321808
0.000321957
0.000331873
0.000343877
0.000351328
0.000351823
0.000345079
0.000331794
0.000319441
0.000320568
0.000388095
0.000463913
0.000528925
0.00057498
0.000597581
0.00059849
0.000575323
0.00052317
0.000454179
0.00038368
0.000628427
0.000754203
0.000842009
0.000897306
0.00092345
0.000923804
0.00089686
0.000837274
0.000745975
0.000623745
0.000898032
0.00101951
0.00109423
0.00113868
0.00115938
0.00115939
0.00113818
0.00109226
0.0010159
0.000895292
0.00109917
0.00119723
0.00125456
0.00128728
0.00130198
0.00130195
0.001287
0.00125385
0.001196
0.00109797
0.00123482
0.00130848
0.00134913
0.00137105
0.00138051
0.0013805
0.00137096
0.00134893
0.00130817
0.00123439
0.00132064
0.00137458
0.00140137
0.00141492
0.00142054
0.00142054
0.0014149
0.00140135
0.00137456
0.00132052
5.73817e-05
6.14384e-05
6.44877e-05
6.65766e-05
6.76772e-05
6.77206e-05
6.66519e-05
6.45634e-05
6.13923e-05
5.74486e-05
0.000401199
0.000419823
0.000432575
0.000441151
0.000445941
0.000446788
0.000443054
0.000434589
0.000420644
0.000402399
0.000425309
0.000403197
0.000394652
0.000392091
0.000391942
0.000391812
0.000393085
0.000398639
0.000407326
0.000426819
0.000338442
0.000330635
0.000335804
0.000343849
0.000349274
0.000349677
0.000344633
0.000335646
0.000329734
0.000338375
0.000374023
0.000437234
0.000496637
0.000540493
0.000563414
0.000563705
0.000538166
0.000489211
0.000429453
0.000371667
0.000594684
0.000711988
0.000799433
0.000856213
0.000883791
0.00088383
0.000854124
0.000793315
0.000704632
0.000590818
0.000862017
0.00098363
0.00106132
0.00110776
0.00112937
0.00112932
0.00110685
0.00105868
0.000979606
0.000858487
0.00106803
0.00116953
0.00122976
0.00126433
0.00127994
0.0012799
0.00126395
0.00122869
0.00116763
0.00106565
0.00120974
0.00128752
0.00133094
0.00135469
0.00136503
0.001365
0.0013545
0.00133047
0.00128658
0.0012082
0.00130087
0.00135893
0.00138825
0.00140338
0.00140974
0.00140972
0.00140329
0.00138804
0.00135842
0.00129987
5.74252e-05
6.15326e-05
6.47154e-05
6.68333e-05
6.79431e-05
6.8011e-05
6.69203e-05
6.47504e-05
6.15368e-05
5.75773e-05
0.000406519
0.000426616
0.000441566
0.000450706
0.000455608
0.000456831
0.000452795
0.000442335
0.000427086
0.000408951
0.000453577
0.000427818
0.000415813
0.000411415
0.000410633
0.000411364
0.000414393
0.000420136
0.000431808
0.00045566
0.000359726
0.000343449
0.000343228
0.000347697
0.000351581
0.000352212
0.000348754
0.000343255
0.00034353
0.000359949
0.000367476
0.000415037
0.000467886
0.000508181
0.000530241
0.00053001
0.000504675
0.000461856
0.000411052
0.000366817
0.000560811
0.000671498
0.000757322
0.000814443
0.000842979
0.000842692
0.000811645
0.0007525
0.000667647
0.00055936
0.000823623
0.000947516
0.00102764
0.00107622
0.00109914
0.00109905
0.00107523
0.00102533
0.000944398
0.000820861
0.00103686
0.00114174
0.00120467
0.00124113
0.00125781
0.00125777
0.00124071
0.00120346
0.00113951
0.00103392
0.00118462
0.00126642
0.00131251
0.00133798
0.00134924
0.00134919
0.0013377
0.00131174
0.00126486
0.00118221
0.00128085
0.001343
0.00137482
0.00139147
0.00139856
0.00139851
0.00139128
0.00137434
0.00134192
0.00127906
5.7525e-05
6.16401e-05
6.4913e-05
6.70524e-05
6.81512e-05
6.81944e-05
6.70889e-05
6.48645e-05
6.16474e-05
5.76873e-05
0.000413226
0.00043382
0.000450076
0.000459398
0.000463832
0.000464534
0.00046035
0.000449289
0.000433375
0.000415272
0.000483226
0.000456631
0.000440082
0.000432515
0.000430234
0.000431508
0.000436221
0.00044216
0.000457612
0.000484593
0.000385434
0.000361514
0.000354301
0.000354767
0.000356983
0.000357867
0.000356144
0.000353941
0.000360534
0.000384869
0.00036847
0.000398867
0.000443595
0.000480058
0.000500695
0.000500533
0.000477542
0.000441001
0.000398165
0.000368649
0.000525644
0.000634816
0.000717043
0.000773895
0.00080303
0.000802887
0.000772218
0.000715801
0.000635026
0.000527617
0.000780804
0.000912243
0.000993555
0.00104419
0.00106863
0.00106865
0.00104377
0.000992759
0.000910932
0.000780795
0.00100416
0.00111383
0.00117916
0.00121758
0.00123551
0.00123552
0.00121738
0.00117836
0.0011121
0.00100224
0.00115877
0.00124488
0.00129367
0.00132091
0.00133315
0.0013331
0.00132065
0.00129291
0.00124331
0.00115662
0.00126021
0.00132655
0.00136096
0.00137917
0.00138702
0.00138697
0.00137895
0.00136039
0.00132532
0.00125842
5.76668e-05
6.17814e-05
6.50706e-05
6.72128e-05
6.82914e-05
6.8262e-05
6.71462e-05
6.4938e-05
6.17696e-05
5.7783e-05
0.000420932
0.000441614
0.000457887
0.000467098
0.000470926
0.000469824
0.0004654
0.000455644
0.000440427
0.000421813
0.000511656
0.000488357
0.000467384
0.000455534
0.000450802
0.000451408
0.000457097
0.000465
0.000484899
0.000511714
0.000414169
0.000384735
0.000369479
0.000365049
0.00036503
0.000365641
0.000365646
0.000367382
0.000380747
0.000412523
0.000375155
0.000390999
0.000424895
0.00045683
0.000475582
0.000475829
0.000456469
0.000425694
0.000391019
0.000375512
0.000495942
0.000600235
0.000679947
0.000735858
0.000764968
0.000765402
0.000736586
0.000682871
0.00060544
0.000500233
0.000739075
0.000875694
0.000959702
0.00101215
0.00103795
0.00103827
0.00101289
0.000961139
0.000878535
0.000742405
0.000970158
0.0010854
0.00115327
0.00119373
0.00121293
0.00121306
0.00119402
0.0011535
0.00108555
0.000970877
0.00113191
0.0012227
0.00127431
0.00130345
0.00131673
0.00131675
0.00130345
0.00127411
0.00122216
0.00113154
0.00123876
0.00130943
0.00134658
0.00136646
0.00137513
0.00137511
0.00136637
0.00134631
0.00130882
0.00123816
5.77883e-05
6.19285e-05
6.51761e-05
6.73062e-05
6.83874e-05
6.82892e-05
6.71591e-05
6.49917e-05
6.19037e-05
5.78609e-05
0.000427988
0.000449349
0.000464996
0.000473698
0.000477491
0.000474992
0.000469696
0.000461563
0.000447628
0.000427846
0.00053664
0.000519435
0.0004965
0.000480247
0.000472791
0.000471565
0.000477235
0.000489403
0.00051297
0.000535519
0.000444125
0.000411291
0.000388739
0.000378725
0.000375905
0.000375508
0.000376931
0.000383756
0.000404208
0.000442045
0.000386252
0.000391684
0.000412643
0.000438896
0.000455126
0.000455589
0.000440216
0.000414798
0.000390579
0.000386679
0.000473645
0.00056602
0.0006483
0.000701142
0.000729453
0.000730412
0.000704066
0.000653821
0.000573496
0.000478827
0.000701064
0.000835881
0.000927745
0.000980683
0.00100731
0.00100793
0.000982529
0.000931146
0.00084255
0.000707288
0.00093572
0.001056
0.00112752
0.00116972
0.00118999
0.00119028
0.00117061
0.00112908
0.00105882
0.000939822
0.00110425
0.00119991
0.00125456
0.00128564
0.00129993
0.00130007
0.0012861
0.00125535
0.00120123
0.00110667
0.00121663
0.00129169
0.0013317
0.00135335
0.00136287
0.00136295
0.00135358
0.00133211
0.00129243
0.00121816
5.78502e-05
6.20351e-05
6.5231e-05
6.73586e-05
6.84768e-05
6.83779e-05
6.7204e-05
6.50348e-05
6.20051e-05
5.79084e-05
0.000433396
0.000455658
0.000470836
0.00047929
0.00048402
0.00048185
0.000475575
0.000467206
0.000453941
0.000433018
0.00055797
0.000546939
0.000525337
0.000506192
0.000496936
0.000494109
0.000499144
0.000515967
0.000540287
0.000555903
0.000474407
0.000438921
0.000411216
0.000395807
0.000390119
0.000388547
0.000391063
0.000403661
0.000430722
0.000472556
0.000400997
0.000398058
0.000408267
0.000426321
0.000439581
0.000439866
0.000427738
0.000408917
0.000395563
0.000401852
0.000457733
0.000537618
0.000616793
0.000670956
0.00069702
0.000698
0.000674642
0.00062365
0.000543549
0.000463183
0.000668561
0.000797645
0.000893758
0.00095087
0.000976998
0.000977658
0.000953165
0.000899154
0.000805364
0.000676715
0.000903196
0.00102629
0.00110179
0.0011459
0.0011667
0.00116707
0.00114719
0.00110457
0.00103128
0.000910193
0.00107691
0.00117685
0.00123466
0.0012676
0.00128274
0.00128299
0.0012685
0.00123646
0.00118006
0.00108195
0.00119447
0.0012737
0.00131649
0.00133989
0.00135025
0.00135043
0.00134048
0.00131769
0.00127592
0.00119809
5.78571e-05
6.20609e-05
6.52398e-05
6.74028e-05
6.85888e-05
6.85587e-05
6.73235e-05
6.50572e-05
6.20377e-05
5.79286e-05
0.000437639
0.000460448
0.000475331
0.000484616
0.000491008
0.00049084
0.000483608
0.000472521
0.000459222
0.000437377
0.00057651
0.000570535
0.00055234
0.00053317
0.000524101
0.00052138
0.000525803
0.000544216
0.000565487
0.000573731
0.000505121
0.000466437
0.000435586
0.000416141
0.000408325
0.000406362
0.000410108
0.000427668
0.000459729
0.000503695
0.000419223
0.000407935
0.000410231
0.000420036
0.000429109
0.000429091
0.000420104
0.000408529
0.00040514
0.000420902
0.000449014
0.000515534
0.00058609
0.000641347
0.00066855
0.000669241
0.000644794
0.000589836
0.000518549
0.00045455
0.000636037
0.000762782
0.000858098
0.000919919
0.000947868
0.000948374
0.000922308
0.00086235
0.000768955
0.00064469
0.000868576
0.000996991
0.00107595
0.00112222
0.00114342
0.00114374
0.00112348
0.00107886
0.00100241
0.000876699
0.00105
0.00115421
0.00121491
0.00124953
0.00126526
0.00126554
0.00125054
0.00121709
0.00115818
0.00105603
0.00117284
0.001256
0.00130128
0.00132624
0.00133733
0.00133756
0.001327
0.00130285
0.00125889
0.0011773
5.7846e-05
6.19942e-05
6.52344e-05
6.74839e-05
6.87382e-05
6.87797e-05
6.74845e-05
6.50872e-05
6.20206e-05
5.79444e-05
0.000441464
0.000463671
0.000479368
0.000490681
0.000498616
0.000500224
0.000492611
0.000477703
0.000463384
0.00044148
0.0005928
0.000591211
0.000577471
0.000561289
0.000554284
0.000553202
0.000557583
0.000572615
0.00058799
0.000590331
0.00053652
0.000494104
0.000461018
0.000439537
0.000430869
0.000429768
0.000435551
0.000455756
0.000490621
0.000535752
0.000441148
0.000420459
0.000416144
0.000419845
0.000425196
0.000425192
0.000419088
0.00041319
0.000418996
0.00044382
0.000446813
0.000498039
0.000559145
0.000610113
0.000637893
0.000637834
0.000610268
0.000557932
0.000499042
0.00045237
0.00060278
0.000730326
0.000823172
0.000885668
0.000915499
0.000915408
0.000885903
0.000823824
0.000733779
0.000609579
0.000830785
0.000968161
0.00104999
0.00109811
0.00111989
0.00111999
0.00109863
0.0010515
0.000971908
0.000836929
0.00102264
0.00113226
0.00119542
0.00123145
0.00124766
0.00124785
0.00123211
0.00119695
0.00113525
0.00102727
0.00115171
0.00123892
0.00128629
0.00131256
0.00132422
0.00132439
0.00131312
0.00128749
0.00124114
0.00115513
5.78733e-05
6.19148e-05
6.52682e-05
6.76144e-05
6.88895e-05
6.8948e-05
6.76353e-05
6.51599e-05
6.19946e-05
5.79639e-05
0.000445814
0.000466414
0.000484414
0.000497957
0.0005064
0.000507772
0.00050044
0.000483546
0.000467277
0.000445565
0.000607278
0.000609792
0.000601321
0.000589891
0.000585459
0.000586104
0.000590634
0.00059917
0.000608091
0.000606277
0.000568487
0.000523048
0.00048771
0.000465715
0.000457246
0.000457819
0.000466479
0.000486908
0.00052312
0.000568852
0.000467087
0.000436095
0.000424967
0.000424315
0.000427185
0.000427536
0.000424123
0.000422907
0.000437001
0.000470653
0.000449834
0.000484039
0.000536151
0.000581072
0.000606605
0.000605703
0.000577512
0.000531718
0.000484862
0.000454994
0.000573166
0.000700457
0.000789709
0.000850478
0.000880566
0.000879707
0.000847761
0.000786885
0.000700984
0.000577222
0.000793204
0.00094047
0.00102384
0.00107333
0.00109593
0.0010957
0.00107258
0.00102316
0.000940895
0.000795639
0.000994348
0.00111094
0.00117602
0.00121333
0.00123009
0.00123007
0.00121325
0.00117613
0.00111152
0.000995814
0.00113043
0.00122236
0.00127149
0.0012989
0.00131106
0.00131108
0.00129895
0.00127171
0.0012228
0.00113135
5.79684e-05
6.1922e-05
6.53525e-05
6.77518e-05
6.89953e-05
6.89954e-05
6.77337e-05
6.52716e-05
6.19796e-05
5.79454e-05
0.000451138
0.000471001
0.000491303
0.000505633
0.000513088
0.000513222
0.000506473
0.00048992
0.000471394
0.000449119
0.000620429
0.000626827
0.000623858
0.000617166
0.000614609
0.000615994
0.000620098
0.000622429
0.000626166
0.000620904
0.000600003
0.000554391
0.000516624
0.000494294
0.000486138
0.000488126
0.000499672
0.000519509
0.00055692
0.000598062
0.000496744
0.000456077
0.000437171
0.00043272
0.000433837
0.000434593
0.000434079
0.000437437
0.000459123
0.000500874
0.000458024
0.000476395
0.000517079
0.000556153
0.000578659
0.0005773
0.000550857
0.000512278
0.000477889
0.000462202
0.000549353
0.000666302
0.000757344
0.000816286
0.000846024
0.000844722
0.00081183
0.000753017
0.000663732
0.000550525
0.000758577
0.000907873
0.000997076
0.00104798
0.00107164
0.00107111
0.00104609
0.00099454
0.000904116
0.000757236
0.00096591
0.00108889
0.00115644
0.00119506
0.00121256
0.00121229
0.00119414
0.00115496
0.00108641
0.000963887
0.00110865
0.00120572
0.00125668
0.0012852
0.00129789
0.00129772
0.00128465
0.0012557
0.00120391
0.00110666
5.80988e-05
6.20412e-05
6.54706e-05
6.78599e-05
6.90151e-05
6.89176e-05
6.77871e-05
6.54041e-05
6.19994e-05
5.78931e-05
0.000456986
0.000478293
0.000498779
0.000512389
0.000518297
0.000516676
0.000511389
0.000496577
0.000475569
0.000450099
0.000632491
0.000642415
0.000644317
0.000641517
0.000639878
0.00064058
0.000643923
0.000642422
0.000642333
0.000633502
0.000626435
0.000588108
0.000548389
0.000524795
0.000515977
0.000518083
0.000531685
0.000552333
0.000591421
0.000627419
0.000528475
0.000481132
0.000453866
0.00044498
0.000444208
0.000445002
0.000447391
0.000456025
0.000485285
0.000533318
0.000471198
0.000475539
0.000502661
0.00053594
0.000555575
0.000554066
0.000531017
0.000499447
0.000476948
0.000474312
0.000533644
0.000631473
0.000727132
0.000784206
0.000813539
0.000812182
0.000779713
0.000721747
0.000626762
0.000532302
0.000725112
0.000871019
0.000970279
0.00102237
0.00104723
0.00104653
0.00101988
0.000965683
0.000863957
0.000719845
0.000935017
0.00106495
0.00113669
0.00117655
0.00119492
0.00119445
0.00117494
0.00113367
0.00105964
0.000929419
0.00108583
0.00118845
0.00124171
0.00127137
0.00128464
0.00128429
0.00127025
0.00123957
0.00118449
0.00108127
5.82144e-05
6.22176e-05
6.5584e-05
6.79157e-05
6.89435e-05
6.88056e-05
6.78425e-05
6.55331e-05
6.20737e-05
5.78494e-05
0.000462676
0.000486343
0.000505898
0.000518463
0.000522297
0.000519412
0.000516448
0.000503379
0.000480305
0.000449704
0.000643887
0.000656217
0.000662167
0.000662479
0.000660879
0.000660039
0.000662826
0.000659999
0.000656716
0.000643923
0.000649642
0.000622044
0.000582333
0.000556533
0.000545402
0.000546078
0.000560796
0.000584837
0.000625391
0.000657575
0.000560509
0.000510358
0.000475486
0.000461103
0.000457448
0.000457585
0.000462647
0.000477809
0.000514979
0.000566465
0.00048838
0.000480832
0.000495879
0.000520713
0.000537431
0.000535939
0.000517029
0.000493762
0.000481246
0.000491172
0.000526453
0.000602728
0.00069419
0.000755753
0.00078366
0.000782397
0.000751347
0.000686989
0.000595299
0.000522858
0.000691424
0.000834508
0.000939166
0.000997647
0.00102287
0.00102198
0.000994305
0.000932047
0.00082369
0.000681974
0.000899798
0.00103941
0.00111625
0.0011581
0.00117711
0.00117639
0.00115568
0.00111147
0.00103069
0.000890225
0.00106138
0.00117061
0.0012266
0.00125748
0.00127129
0.00127074
0.00125572
0.00122321
0.00116417
0.00105413
5.8292e-05
6.23648e-05
6.56708e-05
6.79323e-05
6.88549e-05
6.87717e-05
6.79156e-05
6.56327e-05
6.2191e-05
5.78072e-05
0.000467437
0.000493291
0.000512417
0.00052433
0.000525883
0.000524365
0.000522506
0.000509949
0.000486419
0.000448633
0.00065481
0.00066894
0.000677473
0.000680102
0.000678297
0.000676591
0.000678927
0.000675933
0.000669608
0.000652487
0.00067156
0.000651342
0.00061635
0.000588453
0.000573659
0.000572284
0.000587972
0.000617252
0.000657362
0.000680435
0.000585605
0.000541194
0.00050091
0.000480602
0.000472782
0.000471669
0.000479495
0.000502474
0.000547629
0.000595792
0.000507954
0.000491082
0.000496025
0.000511959
0.00052396
0.00052246
0.000508809
0.000493467
0.000491228
0.000512814
0.000524873
0.000582362
0.000663087
0.00072756
0.000757007
0.00075567
0.000722373
0.000652903
0.000570914
0.000520364
0.000662887
0.000802173
0.000906478
0.000971583
0.000999199
0.000997872
0.000966643
0.000896043
0.000785943
0.000649247
0.000865775
0.00101384
0.00109529
0.00113983
0.00115932
0.00115816
0.00113608
0.001088
0.000999916
0.00085114
0.00103643
0.00115268
0.00121156
0.00124378
0.00125794
0.00125704
0.00124098
0.00120629
0.00114211
0.00102511
5.83272e-05
6.24371e-05
6.57235e-05
6.7944e-05
6.88443e-05
6.88708e-05
6.79904e-05
6.5704e-05
6.23099e-05
5.76818e-05
0.000471158
0.000498599
0.000518396
0.000530338
0.000531844
0.000532456
0.000529386
0.000516603
0.000493521
0.000445152
0.000665434
0.000681356
0.000691108
0.000695218
0.000693739
0.000692498
0.000694199
0.000690884
0.000680705
0.000658828
0.000694499
0.000678127
0.000647959
0.000619283
0.000601091
0.000598565
0.000616097
0.000649755
0.000685564
0.000699288
0.000608862
0.000571185
0.000527799
0.000502162
0.000489689
0.000487495
0.000498845
0.000529978
0.000581598
0.000624866
0.000529013
0.000504521
0.000501078
0.000509517
0.000516231
0.000514431
0.000505523
0.000497204
0.000506052
0.000537626
0.000527201
0.000569687
0.000638502
0.000698928
0.000729736
0.000727715
0.000690981
0.000622489
0.000553837
0.000521378
0.000641283
0.000775637
0.00087687
0.000943495
0.000973546
0.000971348
0.000935334
0.000859236
0.000744655
0.00061928
0.000836684
0.000990126
0.00107501
0.00112181
0.00114161
0.00113973
0.00111568
0.00106255
0.000962511
0.000812281
0.00101321
0.00113586
0.00119725
0.00123065
0.00124487
0.00124344
0.00122615
0.00118853
0.00111667
0.000993932
5.8362e-05
6.24642e-05
6.57518e-05
6.79798e-05
6.89609e-05
6.90492e-05
6.80474e-05
6.57889e-05
6.24112e-05
5.73489e-05
0.000474996
0.000503144
0.000524504
0.000537316
0.000540877
0.000542198
0.000537221
0.00052435
0.000501276
0.00043922
0.000675816
0.000693651
0.000703916
0.000708824
0.000708356
0.000707989
0.000709049
0.000705172
0.000691377
0.000663997
0.000714926
0.000702442
0.000675573
0.000647952
0.000628556
0.000626874
0.000647168
0.000682264
0.000711497
0.00071839
0.000634668
0.000598597
0.000553737
0.000524272
0.000508212
0.000506218
0.000522365
0.000561561
0.000619289
0.000662127
0.000550765
0.000519429
0.000509138
0.000511367
0.000513761
0.000511704
0.000506623
0.000506745
0.000530016
0.000573821
0.000532676
0.000563833
0.000620678
0.000674115
0.000702827
0.000699014
0.000661076
0.000598731
0.000548806
0.000535897
0.000626332
0.000751789
0.000851978
0.000916744
0.000946547
0.000942324
0.000902517
0.000822721
0.000703735
0.000603564
0.000813961
0.000967559
0.00105665
0.0011046
0.00112416
0.00112088
0.00109399
0.00103388
0.000917222
0.000772175
0.000993733
0.00112103
0.0011844
0.00121845
0.00123233
0.00122988
0.00121066
0.0011684
0.0010851
0.000954673
5.83962e-05
6.24659e-05
6.57667e-05
6.80506e-05
6.91615e-05
6.92314e-05
6.81161e-05
6.58749e-05
6.23337e-05
5.68666e-05
0.000479013
0.000507039
0.000529773
0.000544432
0.000550794
0.000552332
0.000545559
0.000532041
0.000501731
0.000430609
0.0006861
0.000705826
0.000716539
0.000721759
0.000722304
0.000722682
0.00072308
0.000716549
0.000695373
0.000658671
0.000731547
0.000722568
0.000699553
0.000674366
0.000656806
0.000658202
0.000680764
0.000711432
0.000728289
0.000723669
0.00065769
0.000623288
0.000577657
0.000546057
0.000528799
0.000529109
0.000550877
0.000595188
0.000651667
0.000688863
0.000572578
0.000534978
0.000518798
0.000515941
0.000515127
0.000512911
0.00051139
0.000520054
0.000552719
0.000597468
0.000541085
0.000562952
0.000608688
0.000655011
0.000679328
0.000672244
0.000633837
0.00057858
0.000542022
0.000537109
0.000618617
0.000732087
0.000832355
0.000894015
0.000921743
0.000914499
0.000870532
0.000782512
0.000657398
0.000572081
0.000796295
0.000948171
0.00104162
0.00108966
0.00110886
0.00110414
0.00107353
0.00100102
0.000861476
0.000709382
0.00097789
0.00110977
0.00117436
0.0012084
0.00122194
0.0012188
0.0011978
0.0011487
0.00104664
0.000895369
5.84843e-05
6.25124e-05
6.58128e-05
6.81843e-05
6.94009e-05
6.94156e-05
6.82342e-05
6.60853e-05
6.27305e-05
5.71283e-05
0.000486699
0.000514486
0.000537576
0.000553653
0.000561583
0.000561647
0.00055235
0.000534661
0.000502559
0.000430595
0.000695296
0.000716698
0.000728337
0.000734026
0.000735451
0.000736129
0.0007346
0.000726524
0.000712487
0.000683506
0.000745386
0.000739124
0.000719918
0.000698832
0.000686327
0.000691822
0.000713494
0.000738552
0.000758297
0.000770942
0.000687611
0.000644324
0.000598834
0.000567881
0.000553469
0.000558599
0.000585472
0.00063571
0.00069718
0.000765545
0.000592645
0.000549849
0.000529043
0.000523008
0.000521208
0.000520512
0.000524244
0.000546567
0.000604
0.000674626
0.000551177
0.000565206
0.000601443
0.000640893
0.000659399
0.000648858
0.000612948
0.000573746
0.000567291
0.000608958
0.000617302
0.000718576
0.000817563
0.000874566
0.000897023
0.000883813
0.000832992
0.000736584
0.000639238
0.000606557
0.00078388
0.000933808
0.00102978
0.001076
0.00109204
0.00108139
0.00104012
0.000946243
0.000804326
0.00068946
0.000965863
0.0011021
0.00116669
0.00119933
0.00121032
0.00120196
0.0011715
0.00110564
0.000983783
0.000837632
5.84643e-05
6.25062e-05
6.58269e-05
6.82464e-05
6.94742e-05
6.94829e-05
6.84582e-05
6.62187e-05
6.1281e-05
5.24619e-05
0.000486154
0.000515111
0.000538661
0.000556598
0.000566349
0.000567059
0.000551272
0.000515491
0.00042821
0.000308056
0.000703702
0.000726552
0.000739253
0.000744986
0.000746528
0.000747467
0.000747749
0.00074
0.000687238
0.000550176
0.000759411
0.000754681
0.000737973
0.000720124
0.000712556
0.000722332
0.000745663
0.000768924
0.000760684
0.000658515
0.000690112
0.000664077
0.00061739
0.00058704
0.000575496
0.000585463
0.000620918
0.000665943
0.000702893
0.000664404
0.000611667
0.000564201
0.000538454
0.000529693
0.000526026
0.000524325
0.000534166
0.00057114
0.000591938
0.000565927
0.000561781
0.000568065
0.000597188
0.000631992
0.000645919
0.000629312
0.00059066
0.000560302
0.000555991
0.000494595
0.000618042
0.000708636
0.000807231
0.000863581
0.000886274
0.000872932
0.00080738
0.000688816
0.000587087
0.00050177
0.000773968
0.000924242
0.00102349
0.00106314
0.00105375
0.00103375
0.000999317
0.000914733
0.000738204
0.000582501
0.000956836
0.00109975
0.00110365
0.00108845
0.00107243
0.00104506
0.00100083
0.000933746
0.000859084
0.000748612
5.83768e-05
6.23029e-05
6.56044e-05
6.80607e-05
6.94142e-05
6.94467e-05
6.77e-05
6.33804e-05
5.59561e-05
4.71307e-05
0.000522646
0.000551053
0.000570099
0.000583413
0.000588016
0.000577531
0.000538088
0.000468606
0.000403219
0.000387435
0.000720252
0.000743058
0.000755804
0.000762332
0.000764692
0.00076254
0.000746705
0.000698135
0.000629415
0.000634651
0.000772014
0.000767576
0.000756192
0.00074888
0.000753301
0.000768218
0.000781281
0.000773012
0.000739845
0.000750866
0.000723003
0.000674934
0.000636825
0.000619733
0.000625728
0.000655252
0.000687144
0.000732899
0.000774379
0.00080221
0.000622022
0.000577468
0.000556021
0.000550763
0.000553412
0.000568631
0.000596013
0.000627924
0.000700382
0.000786915
0.000580425
0.000588727
0.000613423
0.000634381
0.000631234
0.000610977
0.000596468
0.000584578
0.000627723
0.000729375
0.00064856
0.000741273
0.000824808
0.000831332
0.000806008
0.000760303
0.00068491
0.000613416
0.000603937
0.000667821
0.000814476
0.000857658
0.000831162
0.00082526
0.000816852
0.0007945
0.000746012
0.000671235
0.000627047
0.00063597
0.000942767
0.000869431
0.000859287
0.000851543
0.000842073
0.000817018
0.00076969
0.000712483
0.000693377
0.000650787
1.8897e-05
1.99641e-05
2.08557e-05
2.14882e-05
2.1818e-05
2.18179e-05
2.14903e-05
2.08544e-05
1.99646e-05
1.88941e-05
0.000874953
0.000968172
0.00102145
0.00105296
0.00106706
0.00106716
0.00105225
0.00102101
0.000968065
0.000875538
0.00150435
0.00153248
0.00154293
0.00154769
0.00154947
0.00154944
0.0015476
0.00154287
0.00153242
0.00150444
0.00156977
0.00157172
0.00157176
0.00157158
0.00157143
0.00157142
0.00157156
0.00157174
0.00157171
0.00156981
0.00157129
0.00157087
0.00157059
0.00157044
0.00157036
0.00157036
0.00157043
0.00157058
0.00157087
0.00157131
0.00157029
0.0015701
0.00157003
0.00157001
0.00156999
0.00156999
0.00157001
0.00157003
0.0015701
0.00157029
0.00157
0.00156996
0.00156995
0.00156995
0.00156995
0.00156995
0.00156995
0.00156995
0.00156996
0.00157
0.00156995
0.00156995
0.00156995
0.00156995
0.00156995
0.00156995
0.00156995
0.00156995
0.00156995
0.00156995
0.00156995
0.00156995
0.00156995
0.00156995
0.00156995
0.00156995
0.00156995
0.00156995
0.00156995
0.00156995
0.00156995
0.00156995
0.00156995
0.00156995
0.00156995
0.00156995
0.00156995
0.00156995
0.00156995
0.00156995
3.03737e-05
3.10682e-05
3.1688e-05
3.21461e-05
3.2378e-05
3.23801e-05
3.21435e-05
3.16847e-05
3.10647e-05
3.03748e-05
0.000415062
0.000480339
0.00053224
0.000569325
0.000589516
0.000589304
0.000569562
0.000532565
0.00048061
0.000414748
0.00113733
0.00123262
0.00128997
0.00132442
0.00134154
0.00134163
0.00132479
0.00129016
0.00123268
0.00113688
0.00148706
0.00151765
0.00153106
0.00153779
0.00154094
0.00154099
0.00153793
0.00153114
0.00151763
0.00148686
0.0015533
0.00155886
0.00156048
0.00156112
0.0015614
0.00156141
0.00156114
0.0015605
0.00155887
0.00155325
0.00156199
0.00156253
0.00156253
0.00156251
0.0015625
0.0015625
0.00156251
0.00156254
0.00156254
0.00156198
0.00156256
0.0015625
0.00156245
0.00156243
0.00156242
0.00156242
0.00156243
0.00156245
0.00156251
0.00156256
0.00156245
0.00156241
0.0015624
0.00156239
0.00156239
0.00156239
0.00156239
0.0015624
0.00156241
0.00156245
0.0015624
0.00156239
0.00156239
0.00156239
0.00156239
0.00156239
0.00156239
0.00156239
0.00156239
0.0015624
0.00156239
0.00156239
0.00156239
0.00156239
0.0015624
0.0015624
0.00156239
0.00156239
0.00156239
0.00156239
4.12714e-05
4.19503e-05
4.24751e-05
4.28546e-05
4.3026e-05
4.30283e-05
4.28368e-05
4.24712e-05
4.19422e-05
4.12939e-05
0.000291841
0.000333767
0.000370046
0.000396617
0.000411988
0.000411869
0.000397541
0.000370393
0.0003341
0.000290842
0.000849416
0.000951996
0.00102629
0.00107494
0.00110005
0.00110006
0.00107561
0.00102647
0.000952038
0.000848411
0.0013465
0.00140948
0.00144468
0.00146448
0.001474
0.00147405
0.0014648
0.00144487
0.00140948
0.00134569
0.00151013
0.00153035
0.00153907
0.00154331
0.00154521
0.00154522
0.0015434
0.00153915
0.00153036
0.00150981
0.0015475
0.0015521
0.00155351
0.00155408
0.00155433
0.00155433
0.0015541
0.00155353
0.00155211
0.0015474
0.00155419
0.00155493
0.00155503
0.00155505
0.00155507
0.00155507
0.00155506
0.00155503
0.00155493
0.00155416
0.00155505
0.0015551
0.00155507
0.00155506
0.00155506
0.00155506
0.00155506
0.00155507
0.0015551
0.00155504
0.00155508
0.00155506
0.00155505
0.00155505
0.00155505
0.00155505
0.00155505
0.00155505
0.00155506
0.00155508
0.00155506
0.00155505
0.00155505
0.00155506
0.00155507
0.00155507
0.00155506
0.00155505
0.00155505
0.00155506
4.96981e-05
5.09293e-05
5.1736e-05
5.22555e-05
5.2485e-05
5.24853e-05
5.22197e-05
5.17299e-05
5.09242e-05
4.97352e-05
0.000248938
0.000276656
0.000303022
0.000322676
0.00033412
0.000334109
0.000323905
0.000303342
0.000276762
0.000247535
0.000659996
0.000764532
0.000832935
0.000879053
0.0009035
0.000903652
0.000880089
0.000833056
0.000764479
0.000660738
0.00119404
0.00128664
0.00133641
0.00136607
0.00138073
0.00138069
0.00136657
0.00133658
0.00128667
0.00119428
0.0014451
0.00148521
0.00150366
0.00151334
0.00151775
0.00151774
0.00151351
0.00150376
0.00148522
0.00144484
0.00152346
0.00153618
0.00154085
0.00154297
0.00154387
0.00154386
0.00154301
0.00154088
0.00153617
0.0015233
0.00154316
0.00154634
0.00154716
0.00154746
0.00154759
0.00154759
0.00154748
0.00154716
0.00154634
0.00154309
0.00154723
0.00154785
0.00154791
0.00154793
0.00154794
0.00154794
0.00154793
0.00154792
0.00154785
0.00154721
0.00154789
0.00154796
0.00154795
0.00154794
0.00154795
0.00154794
0.00154794
0.00154795
0.00154796
0.00154788
0.00154795
0.00154795
0.00154795
0.00154797
0.00154798
0.00154798
0.00154797
0.00154795
0.00154795
0.00154795
5.49471e-05
5.70967e-05
5.85173e-05
5.94013e-05
5.98105e-05
5.98095e-05
5.93586e-05
5.85091e-05
5.70952e-05
5.49736e-05
0.000236976
0.000259168
0.000277317
0.000291256
0.000299376
0.000299371
0.000292567
0.000277562
0.000259005
0.000237183
0.000502905
0.000602573
0.000680728
0.000734586
0.000761272
0.000761917
0.000734798
0.000681192
0.000603007
0.000503207
0.00102104
0.00114134
0.00121539
0.00126002
0.0012808
0.0012809
0.00126016
0.00121553
0.00114169
0.00102153
0.00135801
0.00142263
0.00145495
0.00147228
0.00147997
0.00147997
0.00147245
0.001455
0.00142268
0.00135791
0.00148739
0.00151265
0.00152295
0.00152781
0.00152984
0.00152984
0.00152788
0.00152297
0.00151263
0.00148723
0.00152756
0.00153559
0.00153809
0.0015391
0.00153949
0.00153949
0.00153912
0.00153809
0.00153557
0.00152746
0.00153817
0.00154031
0.00154073
0.00154087
0.00154092
0.00154092
0.00154087
0.00154073
0.00154029
0.00153812
0.00154056
0.00154103
0.00154105
0.00154106
0.00154106
0.00154106
0.00154106
0.00154105
0.00154102
0.00154054
0.00154101
0.00154108
0.00154108
0.00154111
0.00154113
0.00154113
0.00154111
0.00154108
0.00154108
0.001541
5.75234e-05
6.06144e-05
6.27292e-05
6.40587e-05
6.4712e-05
6.47064e-05
6.4032e-05
6.27174e-05
6.0604e-05
5.75338e-05
0.000225065
0.000247927
0.000268364
0.000284658
0.000291068
0.000291311
0.000284258
0.000268303
0.000247744
0.000225215
0.000404782
0.000482724
0.000549382
0.000599059
0.000625719
0.000625862
0.000598844
0.000550075
0.000483125
0.000404756
0.000866848
0.000992302
0.00107841
0.00113393
0.00116104
0.001161
0.00113377
0.00107866
0.000992675
0.00086711
0.00125768
0.00134451
0.00139204
0.00141853
0.00143041
0.00143042
0.00141866
0.00139205
0.00134455
0.00125767
0.00143913
0.00148006
0.00149836
0.00150733
0.00151107
0.00151109
0.0015074
0.00149836
0.00148003
0.00143902
0.00150584
0.00152141
0.00152692
0.00152926
0.00153017
0.00153018
0.00152929
0.00152692
0.00152138
0.00150575
0.00152686
0.0015319
0.00153319
0.00153365
0.00153381
0.00153381
0.00153365
0.00153319
0.00153188
0.0015268
0.00153265
0.00153407
0.00153428
0.00153433
0.00153436
0.00153436
0.00153434
0.00153427
0.00153406
0.00153263
0.00153405
0.00153441
0.00153443
0.00153446
0.00153449
0.00153449
0.00153446
0.00153443
0.0015344
0.00153404
5.8289e-05
6.2167e-05
6.49067e-05
6.66716e-05
6.75544e-05
6.7544e-05
6.6667e-05
6.4888e-05
6.21287e-05
5.82824e-05
0.000224033
0.000241417
0.000257572
0.000270906
0.000277976
0.000277613
0.000270733
0.000257569
0.000241168
0.000224291
0.000346604
0.000406617
0.000459661
0.000500698
0.00052323
0.000522756
0.000500171
0.000460059
0.000406869
0.000346746
0.000745116
0.00086321
0.000949624
0.00100836
0.00103818
0.00103765
0.00100784
0.000949646
0.000863187
0.000745275
0.00115614
0.00125822
0.00131848
0.00135365
0.00136988
0.00136982
0.00135368
0.00131839
0.0012581
0.00115617
0.00138146
0.00143862
0.00146638
0.00148058
0.00148663
0.00148666
0.00148065
0.00146637
0.00143857
0.00138141
0.00147746
0.00150278
0.00151275
0.0015172
0.00151896
0.00151897
0.00151724
0.00151276
0.00150278
0.0014774
0.0015124
0.00152197
0.00152485
0.00152595
0.00152635
0.00152635
0.00152596
0.00152486
0.00152197
0.00151236
0.00152361
0.00152682
0.00152747
0.00152767
0.00152774
0.00152775
0.00152767
0.00152747
0.00152681
0.0015236
0.00152684
0.00152782
0.00152794
0.001528
0.00152804
0.00152804
0.001528
0.00152794
0.00152782
0.00152683
5.80155e-05
6.24589e-05
6.56926e-05
6.78058e-05
6.88715e-05
6.88596e-05
6.7818e-05
6.56471e-05
6.23702e-05
5.79944e-05
0.000230566
0.000243199
0.000256104
0.000266642
0.000272065
0.000272044
0.000266707
0.000255997
0.000243182
0.00023087
0.00030982
0.000358574
0.000401862
0.000435354
0.000453707
0.00045301
0.000434752
0.000401825
0.000358502
0.000310169
0.00065187
0.000759532
0.00084104
0.000898087
0.000927682
0.000926667
0.000897246
0.000840289
0.000758522
0.000651817
0.00106164
0.00117182
0.00124065
0.0012825
0.00130239
0.00130217
0.00128237
0.00124028
0.0011712
0.00106148
0.00131874
0.00139033
0.00142766
0.00144762
0.00145636
0.00145636
0.00144765
0.0014276
0.00139015
0.00131862
0.00144309
0.00147936
0.00149497
0.0015023
0.00150527
0.00150529
0.00150234
0.001495
0.00147935
0.00144303
0.00149431
0.00150991
0.00151524
0.0015174
0.00151821
0.00151822
0.00151742
0.00151527
0.00150993
0.00149429
0.00151294
0.00151891
0.00152041
0.00152092
0.0015211
0.00152111
0.00152093
0.00152042
0.00151893
0.00151294
0.00151905
0.00152119
0.00152154
0.00152167
0.00152174
0.00152174
0.00152168
0.00152155
0.00152119
0.00151906
5.73009e-05
6.20426e-05
6.56138e-05
6.79764e-05
6.91695e-05
6.91656e-05
6.79911e-05
6.55325e-05
6.19119e-05
5.72704e-05
0.000241853
0.000250735
0.000261115
0.000269257
0.000273402
0.000273678
0.000269496
0.000261056
0.000251213
0.000242253
0.000285549
0.00032626
0.000363286
0.000391328
0.000406587
0.000406083
0.000390996
0.000362716
0.000325914
0.00028597
0.000579963
0.000677578
0.000753171
0.000806165
0.000833909
0.000832884
0.000805436
0.000751321
0.000675224
0.000579652
0.000977508
0.00109063
0.00116422
0.00121023
0.0012326
0.00123229
0.00121001
0.00116339
0.0010892
0.000977064
0.00125493
0.00133806
0.00138396
0.00140947
0.00142096
0.00142092
0.00140947
0.00138378
0.00133757
0.00125461
0.00140422
0.00145151
0.00147346
0.00148424
0.00148874
0.00148874
0.00148427
0.00147348
0.00145143
0.00140407
0.0014726
0.00149535
0.00150396
0.00150765
0.00150907
0.00150908
0.00150768
0.00150401
0.00149538
0.00147257
0.00150028
0.00151001
0.00151287
0.00151391
0.00151428
0.00151429
0.00151392
0.0015129
0.00151005
0.0015003
0.0015104
0.0015143
0.00151513
0.00151541
0.00151553
0.00151553
0.00151542
0.00151514
0.00151433
0.00151042
5.65418e-05
6.13339e-05
6.50674e-05
6.75885e-05
6.88496e-05
6.88712e-05
6.7586e-05
6.49766e-05
6.12052e-05
5.65083e-05
0.000256026
0.000262218
0.000270587
0.000277055
0.000280198
0.000280642
0.000277235
0.00027069
0.000263604
0.000256512
0.000270176
0.000303865
0.000336052
0.000360021
0.000372972
0.00037291
0.000360035
0.000335305
0.000303719
0.000270658
0.000523138
0.000612014
0.000681935
0.000730189
0.000755427
0.000755039
0.00073016
0.000679231
0.000609014
0.000521929
0.000904099
0.00101669
0.00109234
0.00114048
0.00116414
0.00116398
0.00114043
0.00109108
0.00101473
0.000902825
0.00119321
0.00128436
0.00133738
0.00136777
0.00138173
0.0013817
0.00136779
0.00133705
0.00128358
0.00119258
0.00136272
0.00142007
0.00144853
0.00146307
0.00146928
0.00146929
0.0014631
0.00144851
0.00141987
0.00136244
0.00144776
0.00147819
0.00149076
0.00149641
0.00149864
0.00149865
0.00149644
0.00149081
0.0014782
0.0014477
0.00148551
0.00149984
0.00150459
0.00150643
0.00150711
0.00150711
0.00150645
0.00150463
0.0014999
0.00148554
0.00150064
0.00150698
0.00150857
0.00150912
0.00150933
0.00150934
0.00150913
0.00150859
0.00150703
0.00150068
5.59435e-05
6.06156e-05
6.43734e-05
6.69605e-05
6.82487e-05
6.82902e-05
6.69235e-05
6.42872e-05
6.05325e-05
5.59236e-05
0.000271755
0.000276271
0.00028322
0.000288557
0.000291077
0.000291461
0.000288378
0.00028346
0.0002782
0.000272263
0.000262979
0.000288831
0.000316642
0.000337516
0.00034859
0.000348893
0.000337535
0.000316045
0.000289381
0.000263607
0.000464369
0.000559225
0.00062382
0.000666881
0.000689547
0.000690138
0.000667587
0.000621222
0.000555476
0.00046214
0.000828901
0.000950999
0.00102672
0.00107493
0.00109896
0.00109924
0.00107523
0.00102544
0.000948226
0.000826564
0.00113246
0.00123163
0.00128986
0.00132406
0.00134006
0.00134016
0.00132419
0.00128947
0.00123065
0.00113146
0.00131973
0.00138624
0.00142083
0.0014391
0.00144709
0.00144713
0.00143917
0.00142078
0.00138596
0.00131937
0.00142041
0.00145862
0.00147558
0.00148352
0.00148674
0.00148675
0.00148356
0.00147562
0.00145861
0.00142034
0.00146869
0.00148824
0.00149539
0.00149831
0.00149941
0.00149941
0.00149833
0.00149544
0.00148829
0.00146872
0.00148964
0.00149904
0.00150173
0.00150271
0.00150307
0.00150307
0.00150272
0.00150175
0.00149909
0.00148968
5.5597e-05
6.00626e-05
6.37469e-05
6.63197e-05
6.76059e-05
6.76436e-05
6.62428e-05
6.36528e-05
6.00176e-05
5.55958e-05
0.00028803
0.000291972
0.000297993
0.000302544
0.000304638
0.000304742
0.000301978
0.000298132
0.000293876
0.000288616
0.00026181
0.000281244
0.000303985
0.000321892
0.000331363
0.000331731
0.000321549
0.000303531
0.000282278
0.000262655
0.000411509
0.000503705
0.000573248
0.000615201
0.000635526
0.000637058
0.000616098
0.00057105
0.000500653
0.000409143
0.000755313
0.000883185
0.000965878
0.00101552
0.00103929
0.00104009
0.00101611
0.000964638
0.000880487
0.000752587
0.001072
0.00117926
0.0012428
0.00128011
0.00129759
0.00129788
0.00128038
0.00124249
0.00117839
0.00107079
0.00127572
0.00135082
0.00139116
0.00141296
0.00142263
0.00142273
0.0014131
0.00139114
0.00135063
0.00127535
0.00139107
0.00143695
0.00145851
0.00146896
0.00147328
0.00147331
0.00146902
0.00145855
0.00143698
0.00139103
0.00144998
0.00147514
0.00148513
0.0014894
0.00149103
0.00149104
0.00148943
0.00148517
0.0014752
0.00145002
0.00147731
0.00149033
0.00149447
0.00149605
0.00149663
0.00149663
0.00149606
0.0014945
0.00149038
0.00147736
5.55121e-05
5.97562e-05
6.32992e-05
6.57901e-05
6.70623e-05
6.70693e-05
6.56947e-05
6.31787e-05
5.96983e-05
5.55147e-05
0.000304287
0.000308519
0.000313833
0.000317988
0.000319783
0.000319633
0.00031718
0.00031396
0.000309963
0.000304896
0.000265414
0.000279719
0.000298166
0.0003129
0.000320786
0.000320837
0.000312297
0.000297558
0.000280615
0.000266389
0.000369755
0.000450589
0.000518692
0.000563916
0.000585114
0.000587821
0.000563368
0.000517554
0.000449324
0.0003679
0.000688485
0.000814278
0.000901533
0.000955843
0.000981285
0.000982848
0.000955754
0.000900788
0.000812808
0.00068617
0.00101267
0.0011264
0.00119542
0.00123618
0.00125513
0.00125561
0.00123635
0.00119529
0.00112595
0.00101155
0.00123104
0.00131417
0.00136004
0.00138526
0.00139651
0.00139668
0.00138542
0.00136011
0.00131419
0.00123072
0.00136016
0.00141354
0.00143976
0.00145286
0.00145836
0.00145841
0.00145295
0.00143985
0.00141365
0.00136015
0.00142957
0.00146059
0.00147374
0.0014796
0.00148189
0.00148191
0.00147964
0.0014738
0.00146068
0.00142962
0.00146367
0.00148075
0.00148668
0.00148905
0.00148992
0.00148993
0.00148907
0.00148672
0.00148081
0.00146372
5.56339e-05
5.96951e-05
6.30565e-05
6.54272e-05
6.66755e-05
6.66364e-05
6.53378e-05
6.29039e-05
5.9582e-05
5.56324e-05
0.00032001
0.000325246
0.00032998
0.000333924
0.000335672
0.000335236
0.000333276
0.000330315
0.000326013
0.000320709
0.000273123
0.00028297
0.000297613
0.000309376
0.000315804
0.000315534
0.000308797
0.000296758
0.000283324
0.000273954
0.000338784
0.000406804
0.000467679
0.000512669
0.000534904
0.000537011
0.000510441
0.000466925
0.000406138
0.000337804
0.000630396
0.000749567
0.000836681
0.000894282
0.000922048
0.000923388
0.000892965
0.000836062
0.000748786
0.000629115
0.000955862
0.00107361
0.00114732
0.00119177
0.00121255
0.00121297
0.00119154
0.00114719
0.00107336
0.000955149
0.00118627
0.00127661
0.00132774
0.00135637
0.00136923
0.00136938
0.00135643
0.00132784
0.0012767
0.00118606
0.00132805
0.00138868
0.00141957
0.0014354
0.00144213
0.00144219
0.00143548
0.00141969
0.00138884
0.00132808
0.00140768
0.0014447
0.00146125
0.00146889
0.00147193
0.00147196
0.00146894
0.00146134
0.00144482
0.00140776
0.00144875
0.00147026
0.00147829
0.00148162
0.00148287
0.00148289
0.00148165
0.00147834
0.00147033
0.00144882
5.58854e-05
5.98159e-05
6.29973e-05
6.52407e-05
6.64491e-05
6.6373e-05
6.51671e-05
6.28292e-05
5.96568e-05
5.58847e-05
0.000334649
0.00034151
0.000345965
0.000349786
0.000351697
0.000351051
0.000349482
0.000346475
0.000341742
0.000335637
0.000284219
0.000290017
0.000300999
0.00030996
0.000314913
0.00031456
0.000309577
0.000300214
0.000290013
0.000284829
0.000316968
0.000373455
0.000425727
0.000467377
0.000489798
0.00049006
0.000464583
0.000424227
0.000371972
0.000316872
0.000581043
0.000692197
0.00077597
0.000834339
0.000864064
0.000864176
0.000832177
0.000774546
0.000690545
0.000580836
0.00090265
0.00102229
0.0010992
0.00114691
0.00116975
0.00116976
0.00114619
0.00109858
0.00102142
0.000902317
0.00114208
0.00123861
0.00129452
0.00132649
0.00134105
0.00134105
0.00132634
0.00129445
0.0012384
0.00114191
0.0012952
0.00136272
0.00139814
0.00141675
0.00142479
0.0014248
0.00141677
0.00139823
0.00136277
0.0012952
0.0013846
0.00142764
0.00144771
0.00145728
0.00146117
0.00146119
0.00145733
0.00144781
0.00142773
0.00138468
0.00143269
0.00145887
0.00146924
0.00147371
0.00147543
0.00147544
0.00147375
0.0014693
0.00145895
0.00143278
5.61847e-05
6.00437e-05
6.30908e-05
6.5214e-05
6.63716e-05
6.62764e-05
6.51466e-05
6.2924e-05
5.98856e-05
5.62148e-05
0.000347919
0.000356615
0.000361531
0.000365231
0.000367366
0.000366686
0.000365339
0.000362079
0.000356849
0.000349327
0.000298005
0.000299956
0.000307515
0.000313946
0.000317498
0.000317177
0.000313643
0.000307188
0.000300212
0.000298791
0.000302687
0.000349253
0.000393361
0.000429999
0.000451339
0.00045001
0.000427823
0.000390722
0.000346524
0.000303228
0.000540213
0.000643146
0.000721745
0.000778603
0.000809039
0.000807815
0.000776428
0.00071891
0.000639332
0.000540787
0.000854201
0.000973772
0.00105214
0.00110212
0.00112674
0.0011262
0.00110107
0.00105062
0.000971431
0.000854092
0.00109937
0.00120084
0.00126077
0.00129577
0.001312
0.00131179
0.00129538
0.00126027
0.00119984
0.00109906
0.00126218
0.00133603
0.00137572
0.00139706
0.00140642
0.00140635
0.00139696
0.00137566
0.00133572
0.00126202
0.0013607
0.0014096
0.00143323
0.00144481
0.00144961
0.0014496
0.00144483
0.00143328
0.00140957
0.00136069
0.00141569
0.00144665
0.00145953
0.00146529
0.00146753
0.00146754
0.00146532
0.00145959
0.0014467
0.00141576
5.64816e-05
6.03142e-05
6.3291e-05
6.53245e-05
6.64176e-05
6.63278e-05
6.52399e-05
6.31366e-05
6.02084e-05
5.6562e-05
0.000359745
0.000370349
0.000376493
0.000380114
0.000382439
0.000381776
0.00038049
0.000376837
0.000370937
0.000361571
0.000313987
0.000312167
0.000316661
0.000321026
0.000323408
0.000323198
0.000320561
0.000316792
0.00031325
0.000315604
0.000295199
0.000332469
0.000369361
0.000400213
0.000419271
0.000416969
0.000398998
0.00036604
0.000329097
0.000296336
0.000504974
0.000601427
0.000674622
0.000728048
0.00075756
0.000755356
0.000726383
0.000670528
0.000595613
0.000504596
0.000809134
0.000928376
0.00100713
0.00105805
0.00108365
0.00108264
0.00105689
0.00100463
0.000924465
0.000807928
0.00105868
0.00116367
0.00122693
0.00126442
0.00128204
0.00128164
0.00126383
0.00122585
0.00116176
0.0010578
0.00122955
0.00130885
0.00135251
0.00137642
0.00138702
0.00138688
0.00137619
0.00135218
0.00130808
0.00122906
0.00133632
0.00139072
0.00141788
0.00143152
0.00143724
0.00143719
0.00143147
0.00141782
0.00139051
0.00133615
0.00139794
0.00143364
0.00144917
0.00145633
0.00145916
0.00145915
0.00145634
0.0014492
0.00143365
0.00139794
5.67559e-05
6.05894e-05
6.35475e-05
6.55389e-05
6.65618e-05
6.65069e-05
6.54316e-05
6.34169e-05
6.05571e-05
5.68731e-05
0.000370242
0.000382646
0.000390398
0.000394474
0.00039672
0.00039618
0.000394833
0.000390652
0.000383795
0.000372221
0.000331935
0.000326532
0.000328124
0.000330966
0.000332456
0.000332619
0.00033028
0.000328442
0.000328337
0.000334825
0.000294515
0.000321527
0.000352312
0.000377316
0.000393242
0.000390473
0.000376581
0.000348962
0.000318596
0.000296165
0.000468138
0.000566319
0.000634028
0.00068293
0.000709936
0.000707027
0.000681532
0.000629351
0.000560215
0.000466343
0.000761269
0.000886593
0.000964593
0.00101537
0.00104087
0.00103951
0.00101409
0.000961414
0.000882034
0.000758536
0.00101864
0.00112748
0.0011933
0.00123269
0.00125125
0.00125073
0.00123194
0.00119171
0.00112509
0.001017
0.00119729
0.00128134
0.00132868
0.00135492
0.00136663
0.00136644
0.00135459
0.00132804
0.00128031
0.00119642
0.00131164
0.0013711
0.00140173
0.00141743
0.00142404
0.00142398
0.00141732
0.00140155
0.00137076
0.00131128
0.00137957
0.0014199
0.00143817
0.00144681
0.00145026
0.00145024
0.00144679
0.00143815
0.00141986
0.00137947
5.7003e-05
6.08461e-05
6.38109e-05
6.58146e-05
6.67866e-05
6.67756e-05
6.56913e-05
6.37213e-05
6.08785e-05
5.71155e-05
0.000379713
0.000393647
0.000402988
0.000408167
0.000410171
0.000410108
0.000408082
0.000403524
0.00039512
0.00038138
0.000352162
0.000343212
0.000341785
0.000343466
0.000344377
0.000344865
0.000342707
0.000341871
0.000345057
0.000355934
0.000299211
0.000316507
0.000340855
0.000360733
0.000373069
0.000370571
0.000359726
0.000338012
0.000314736
0.00030119
0.000434574
0.000531569
0.000599517
0.000643019
0.000666494
0.000663513
0.000641198
0.000595127
0.00052699
0.000432404
0.000713412
0.000844143
0.000925002
0.000974393
0.000998964
0.000997559
0.000972858
0.000921712
0.000840127
0.000710102
0.000978369
0.00109186
0.00116021
0.00120085
0.00121994
0.00121943
0.00119997
0.00115839
0.00108965
0.000976384
0.00116499
0.00125362
0.00130436
0.0013327
0.00134535
0.00134518
0.0013323
0.00130353
0.00125264
0.001164
0.00128661
0.00135081
0.00138484
0.00140256
0.00141006
0.00141001
0.00140242
0.00138456
0.00135049
0.00128617
0.0013606
0.00140546
0.00142652
0.00143671
0.00144083
0.00144081
0.00143668
0.00142647
0.00140541
0.00136045
5.72183e-05
6.10732e-05
6.40501e-05
6.60993e-05
6.70623e-05
6.70943e-05
6.59876e-05
6.40055e-05
6.11422e-05
5.72973e-05
0.000388311
0.000403418
0.000414053
0.000420817
0.000422835
0.000423344
0.000419993
0.000414978
0.000404964
0.000389107
0.000375099
0.000362196
0.00035762
0.000358068
0.000358596
0.000359097
0.00035753
0.000357213
0.000363517
0.000378705
0.00030859
0.000317329
0.000334548
0.00034973
0.000358648
0.000357019
0.000348014
0.000332423
0.000316587
0.000310565
0.000407197
0.000494484
0.000567096
0.000608911
0.000628295
0.000625971
0.000606079
0.000563575
0.000492907
0.000405839
0.000668271
0.000798047
0.000886094
0.000936149
0.000959107
0.000957926
0.000934186
0.00088314
0.000796073
0.000665788
0.00093788
0.00105581
0.00112766
0.00116939
0.00118869
0.00118827
0.00116842
0.00112592
0.00105439
0.000936353
0.00113234
0.00122566
0.0012797
0.00130996
0.00132346
0.00132335
0.00130956
0.00127887
0.00122498
0.0011316
0.00126107
0.00132996
0.0013673
0.00138699
0.00139539
0.00139537
0.00138687
0.001367
0.00132976
0.00126074
0.00134099
0.00139036
0.00141424
0.00142604
0.00143086
0.00143086
0.00142602
0.00141419
0.00139035
0.00134087
5.73996e-05
6.12702e-05
6.425e-05
6.63398e-05
6.73608e-05
6.74232e-05
6.62733e-05
6.42323e-05
6.13387e-05
5.74472e-05
0.000396139
0.000412331
0.000423808
0.000431888
0.000434484
0.000435412
0.000431214
0.000424417
0.000413544
0.000396331
0.000400885
0.000383378
0.000375575
0.00037431
0.000374377
0.00037472
0.000374001
0.00037485
0.000384002
0.000403247
0.000322491
0.000322898
0.000333491
0.000344343
0.000350069
0.000349435
0.000342193
0.000331894
0.000322746
0.000323892
0.000386892
0.000461052
0.000530527
0.000575083
0.00059455
0.000593359
0.000571722
0.000528319
0.000461715
0.000386845
0.00062727
0.000751891
0.000842876
0.000897108
0.000921174
0.000920465
0.000894925
0.000840818
0.000751968
0.000626703
0.000897679
0.00101908
0.00109462
0.00113828
0.00115818
0.0011579
0.00113736
0.0010933
0.00101863
0.000897319
0.00109924
0.00119738
0.00125472
0.00128693
0.00130137
0.00130132
0.00128663
0.00125408
0.00119708
0.00109905
0.00123497
0.00130865
0.0013492
0.00137086
0.00138022
0.00138024
0.00137082
0.00134899
0.00130858
0.00123487
0.00132074
0.00137468
0.00140139
0.00141483
0.00142041
0.00142045
0.00141487
0.00140139
0.00137471
0.00132072
5.75446e-05
6.1437e-05
6.44114e-05
6.65266e-05
6.76501e-05
6.77236e-05
6.65366e-05
6.43998e-05
6.14688e-05
5.75761e-05
0.000403502
0.000420605
0.000432277
0.000441011
0.000445022
0.000446382
0.00044148
0.000432153
0.000421105
0.000403512
0.000428976
0.000406636
0.000395489
0.000391904
0.000391267
0.000391355
0.000391733
0.000394699
0.000406715
0.00042934
0.000340688
0.000332582
0.000336544
0.000343888
0.000347474
0.000347666
0.000341864
0.000335326
0.000332463
0.000340735
0.000373665
0.00043401
0.000494624
0.000539121
0.000560244
0.000560722
0.000536907
0.000493798
0.000435483
0.00037454
0.000592665
0.000708631
0.00079766
0.00085493
0.000881658
0.000881844
0.000853537
0.000796827
0.000709848
0.000593934
0.000860017
0.000982278
0.0010606
0.00110694
0.00112827
0.00112825
0.00110637
0.00105998
0.00098249
0.000860693
0.00106653
0.00116885
0.00122937
0.00126378
0.00127939
0.00127941
0.00126366
0.0012291
0.00116882
0.00106684
0.00120858
0.00128698
0.00133065
0.00135433
0.00136474
0.00136481
0.00135439
0.00133062
0.00128699
0.00120872
0.00130001
0.00135853
0.00138805
0.00140318
0.00140958
0.00140965
0.00140329
0.00138813
0.00135858
0.00130009
5.76462e-05
6.15675e-05
6.4544e-05
6.66809e-05
6.79009e-05
6.79709e-05
6.67706e-05
6.45449e-05
6.15519e-05
5.76709e-05
0.000410551
0.000428284
0.00043975
0.000448907
0.000454748
0.000456233
0.000450558
0.000439225
0.000427621
0.000410102
0.000458023
0.000431842
0.00041712
0.000410958
0.00040925
0.000409035
0.000411035
0.00041616
0.000431318
0.000456101
0.000362549
0.000346001
0.000343154
0.000347099
0.000349589
0.000350337
0.000345722
0.000342176
0.000345382
0.000360594
0.000368457
0.00041374
0.000463586
0.000505434
0.000528064
0.00053
0.000505064
0.000464232
0.000414886
0.000368947
0.000559674
0.00066949
0.000753761
0.000812198
0.000841885
0.000843001
0.000812211
0.00075435
0.000671062
0.000563433
0.000821209
0.00094606
0.00102602
0.00107519
0.00109864
0.00109894
0.00107519
0.00102621
0.000946644
0.000823873
0.00103427
0.00114036
0.00120372
0.00124053
0.00125757
0.00125767
0.00124063
0.00120387
0.00114048
0.00103519
0.00118234
0.00126515
0.0013118
0.00133755
0.00134909
0.00134916
0.00133769
0.00131196
0.00126518
0.00118269
0.00127911
0.00134205
0.00137434
0.00139118
0.00139844
0.00139851
0.00139132
0.00137447
0.00134208
0.00127928
5.7708e-05
6.16614e-05
6.4672e-05
6.68322e-05
6.81151e-05
6.81733e-05
6.69723e-05
6.46935e-05
6.16202e-05
5.77258e-05
0.000416666
0.000435234
0.000446853
0.000456465
0.000463764
0.000465013
0.00045835
0.000446398
0.000433474
0.000415703
0.000486209
0.000458578
0.000440353
0.000431517
0.000428691
0.000428513
0.000432277
0.000438985
0.000457158
0.00048267
0.000387171
0.000362742
0.000353277
0.000353537
0.000355437
0.000356404
0.000353066
0.000352324
0.000361347
0.00038323
0.000370245
0.000399737
0.000439135
0.000476891
0.000500043
0.000502474
0.000477738
0.000440856
0.000400022
0.000369582
0.000527499
0.000635298
0.000713584
0.000771478
0.000803266
0.000804882
0.000772553
0.000715355
0.000636642
0.000531902
0.000780511
0.000911419
0.000991873
0.00104333
0.00106891
0.00106943
0.00104378
0.000992671
0.000912107
0.000784196
0.00100215
0.00111237
0.00117807
0.00121719
0.00123567
0.00123582
0.00121739
0.00117846
0.00111253
0.00100346
0.00115656
0.00124344
0.00129283
0.00132059
0.0013332
0.00133326
0.00132071
0.00129304
0.00124342
0.00115701
0.00125839
0.00132544
0.00136038
0.00137892
0.00138701
0.00138704
0.00137901
0.00136049
0.00132541
0.00125859
5.77494e-05
6.1737e-05
6.48052e-05
6.69974e-05
6.82995e-05
6.83387e-05
6.71455e-05
6.48554e-05
6.16879e-05
5.77401e-05
0.000422013
0.000441313
0.000453997
0.00046371
0.000472211
0.000472953
0.000465567
0.000453655
0.00043925
0.000420761
0.000512307
0.000486273
0.000465106
0.000453977
0.000450309
0.000450337
0.000455491
0.000463694
0.000483932
0.000508537
0.000413939
0.000382566
0.000366966
0.000363371
0.000364671
0.000365531
0.000363718
0.000366039
0.000380527
0.000408904
0.000376968
0.00039203
0.000421634
0.000454066
0.000476209
0.000478438
0.00045536
0.000423409
0.000391223
0.000375004
0.000500367
0.000604326
0.000678205
0.000733979
0.000766013
0.000767732
0.0007355
0.000680318
0.000605372
0.00050314
0.000741988
0.000877497
0.000958898
0.00101171
0.00103857
0.00103919
0.0010123
0.000959823
0.000878316
0.000744769
0.000970575
0.00108514
0.00115267
0.00119369
0.00121325
0.00121341
0.00119383
0.001153
0.00108523
0.000971622
0.00113138
0.00122207
0.00127384
0.00130342
0.00131691
0.00131692
0.00130341
0.00127392
0.00122194
0.00113169
0.0012381
0.00130889
0.00134625
0.00136641
0.00137523
0.0013752
0.00136636
0.00134623
0.00130874
0.00123819
5.77858e-05
6.18134e-05
6.49388e-05
6.71684e-05
6.84546e-05
6.8469e-05
6.72985e-05
6.50275e-05
6.17562e-05
5.77276e-05
0.000427223
0.000447273
0.00046123
0.000471015
0.000479837
0.000480098
0.000472752
0.00046121
0.000445051
0.000425732
0.000535751
0.000514566
0.000491557
0.000478791
0.000474619
0.000474587
0.000480549
0.000490943
0.000511381
0.000533085
0.000442545
0.000405731
0.000384385
0.000376985
0.000377307
0.00037778
0.000377761
0.00038388
0.000403338
0.000438039
0.000387776
0.000391114
0.000410474
0.000436751
0.000456358
0.000458186
0.000438186
0.000411382
0.000389534
0.000385003
0.000479159
0.000571589
0.000648459
0.000699929
0.000730264
0.000731975
0.000701524
0.000649905
0.00057157
0.000479107
0.000706813
0.000840255
0.000928174
0.000980486
0.00100753
0.00100818
0.000981041
0.000928726
0.000840528
0.000707164
0.00093939
0.0010578
0.00112782
0.00116991
0.00119008
0.00119021
0.00116993
0.00112783
0.0010576
0.000939397
0.00110645
0.00120093
0.00125487
0.00128592
0.00130005
0.00129999
0.00128575
0.0012547
0.00120062
0.00110629
0.00121807
0.0012924
0.00133196
0.00135356
0.00136301
0.00136291
0.00135337
0.00133177
0.00129212
0.00121787
5.78345e-05
6.1897e-05
6.50685e-05
6.73296e-05
6.85852e-05
6.8561e-05
6.74361e-05
6.51861e-05
6.18383e-05
5.77121e-05
0.000432261
0.000453401
0.000468274
0.000478355
0.000486306
0.000486057
0.000479908
0.000468976
0.000451231
0.000431001
0.000556682
0.000542508
0.000519846
0.000505947
0.000501351
0.000500901
0.000507557
0.00052028
0.0005388
0.000555471
0.000472911
0.000432461
0.000405825
0.000394624
0.00039332
0.000393254
0.000395468
0.00040609
0.000430032
0.000470491
0.000402528
0.000395726
0.000406139
0.000424681
0.000440805
0.000442111
0.000426095
0.000406127
0.00039402
0.000400071
0.000462928
0.000541006
0.000618093
0.00067006
0.000696996
0.00069864
0.000671551
0.000618586
0.00053977
0.000460397
0.000675804
0.000802109
0.00089528
0.000950496
0.000976508
0.000977183
0.000950967
0.000895434
0.000801379
0.000673821
0.000909538
0.00102968
0.00110292
0.00114603
0.00116636
0.00116649
0.00114597
0.00110264
0.00102911
0.000908512
0.00108164
0.00117952
0.00123575
0.00126803
0.00128265
0.00128259
0.00126781
0.00123541
0.00117908
0.00108099
0.00119793
0.00127572
0.0013174
0.00134033
0.00135034
0.00135023
0.00134009
0.00131714
0.00127541
0.00119745
5.78982e-05
6.19694e-05
6.51806e-05
6.74685e-05
6.86855e-05
6.86274e-05
6.75445e-05
6.53087e-05
6.19266e-05
5.77179e-05
0.000437369
0.000458973
0.000474484
0.00048522
0.000491934
0.000490789
0.000486405
0.000475981
0.000458146
0.000436252
0.000575408
0.000568466
0.000548944
0.000534669
0.000529464
0.000528553
0.000535948
0.000549929
0.000564938
0.000575092
0.000504997
0.000462381
0.000431106
0.00041611
0.000412444
0.000411972
0.000416895
0.000432148
0.000460332
0.000505279
0.00042145
0.000405194
0.00040785
0.000418758
0.000430119
0.000430688
0.000420036
0.000407691
0.000404123
0.000420488
0.000453291
0.000515007
0.000585832
0.000640095
0.000667422
0.000668489
0.000641591
0.000585413
0.00051358
0.000450131
0.000641373
0.000764623
0.000858596
0.000918865
0.000946576
0.000947137
0.000919432
0.0008583
0.000763303
0.000637812
0.00087432
0.00100023
0.00107698
0.00112191
0.00114272
0.00114286
0.00112191
0.00107658
0.000999483
0.000872269
0.00105519
0.00115739
0.00121621
0.00124977
0.00126497
0.00126497
0.00124965
0.00121589
0.00115703
0.0010543
0.00117697
0.00125856
0.00130247
0.00132668
0.00133731
0.00133727
0.00132654
0.00130227
0.00125835
0.00117646
5.79625e-05
6.20155e-05
6.52383e-05
6.7563e-05
6.87491e-05
6.86701e-05
6.76065e-05
6.53777e-05
6.20056e-05
5.7746e-05
0.000442464
0.000463345
0.000479258
0.000490789
0.000496563
0.00049497
0.000491427
0.0004821
0.00046456
0.00044061
0.000592012
0.000591174
0.000576642
0.000563047
0.000557532
0.000556423
0.000564238
0.000577844
0.000588703
0.000592036
0.000538252
0.000494459
0.000459246
0.000440511
0.000434268
0.000433703
0.000441445
0.000460815
0.000493382
0.000540779
0.000444675
0.000419317
0.000414095
0.000419065
0.000425743
0.000425691
0.000420262
0.000414704
0.000419419
0.000445641
0.000450087
0.000494407
0.000556127
0.000608221
0.000635646
0.000635539
0.000609157
0.000555893
0.000494005
0.000447717
0.000604313
0.00072843
0.000821092
0.000883747
0.000913612
0.000913624
0.00088412
0.000820785
0.000727747
0.000600556
0.000832919
0.000969278
0.00104978
0.00109713
0.00111899
0.00111906
0.00109721
0.00104949
0.000968951
0.000830565
0.00102564
0.00113422
0.00119607
0.0012312
0.00124721
0.00124726
0.00123126
0.00119591
0.00113422
0.0010248
0.00115448
0.0012407
0.00128708
0.00131265
0.00132402
0.00132408
0.00131272
0.00128703
0.00124075
0.00115418
5.79973e-05
6.20316e-05
6.52425e-05
6.75897e-05
6.8765e-05
6.86807e-05
6.75985e-05
6.53863e-05
6.20386e-05
5.77706e-05
0.000446493
0.000466536
0.000482059
0.000494051
0.000499658
0.000497998
0.000495329
0.000486272
0.000468747
0.000443176
0.000606538
0.000610246
0.000601051
0.00058933
0.000584046
0.000583073
0.000590906
0.000602866
0.0006096
0.000606681
0.000571352
0.000527453
0.00048886
0.000466757
0.000458195
0.000457847
0.000468011
0.000490802
0.000527917
0.000573815
0.00047182
0.00043779
0.00042414
0.000424131
0.000426936
0.000426562
0.000425347
0.000425975
0.000439186
0.000474085
0.00045251
0.000479941
0.000531271
0.000578523
0.000603837
0.000602777
0.000579055
0.000532444
0.000481103
0.000451247
0.000571688
0.000694674
0.000785037
0.000847806
0.000878383
0.000877755
0.000848059
0.000785549
0.000694891
0.000568614
0.000791025
0.000937562
0.0010217
0.00107165
0.00109477
0.00109469
0.00107185
0.00102188
0.00093764
0.000788887
0.000993617
0.00111018
0.00117529
0.0012124
0.00122938
0.00122946
0.00121263
0.00117545
0.00111056
0.000992801
0.00113041
0.0012222
0.00127123
0.00129839
0.00131058
0.0013107
0.00129863
0.00127138
0.00122251
0.00113024
5.79784e-05
6.20197e-05
6.52004e-05
6.75314e-05
6.87095e-05
6.8641e-05
6.75008e-05
6.53086e-05
6.20095e-05
5.77627e-05
0.000448325
0.000468346
0.000482894
0.000494449
0.000500331
0.00049895
0.000495722
0.000487638
0.000469697
0.000444161
0.000619219
0.000626121
0.000621708
0.000612876
0.000608383
0.00060787
0.000614876
0.000624685
0.000627534
0.000619415
0.000602584
0.000560245
0.000519037
0.000494189
0.000483825
0.000483992
0.000495741
0.000521318
0.00056255
0.000603977
0.000501917
0.000460058
0.000437808
0.000432903
0.000432561
0.000432157
0.000434175
0.000440589
0.000462524
0.000504358
0.000460504
0.000473789
0.000511946
0.000552898
0.000575392
0.000573923
0.000553629
0.000514849
0.000475835
0.000459892
0.000546435
0.000658007
0.000751037
0.000812682
0.000843161
0.000842178
0.000813361
0.000752921
0.00065815
0.000543832
0.000753191
0.000900717
0.000992953
0.00104554
0.00106993
0.00106974
0.00104603
0.000993907
0.000900561
0.000751011
0.000961597
0.00108489
0.00115396
0.00119335
0.00121136
0.00121143
0.00119371
0.00115453
0.00108525
0.00096049
0.00110559
0.00120319
0.00125502
0.00128395
0.00129699
0.00129711
0.00128426
0.00125536
0.00120354
0.00110524
5.79008e-05
6.19487e-05
6.50882e-05
6.73542e-05
6.84849e-05
6.84548e-05
6.72872e-05
6.50902e-05
6.18838e-05
5.77123e-05
0.000446914
0.000467292
0.000480042
0.0004897
0.000493885
0.000493169
0.000489701
0.000482715
0.000466998
0.000443527
0.000630331
0.000639741
0.000639297
0.000633866
0.000629925
0.000629906
0.000635936
0.000643255
0.000642544
0.000630484
0.000630716
0.00059214
0.000549721
0.000522892
0.000511147
0.000511939
0.000524858
0.00055235
0.000596008
0.000632961
0.00053369
0.000485546
0.000455167
0.000444981
0.000442126
0.000441954
0.000446346
0.000458195
0.000488656
0.00053553
0.000473804
0.000474491
0.000498309
0.000531747
0.000551452
0.000549971
0.000532455
0.000502113
0.000476143
0.000473315
0.000530504
0.000623797
0.000719339
0.000778673
0.000808492
0.000807425
0.000779588
0.000722058
0.000622977
0.00052804
0.000717146
0.000861981
0.000964062
0.00101859
0.00104391
0.00104365
0.00101926
0.000965481
0.000860877
0.000713042
0.000927426
0.00105853
0.00113247
0.00117383
0.00119277
0.00119279
0.00117424
0.00113328
0.00105829
0.000924258
0.00108032
0.00118402
0.00123865
0.0012693
0.0012831
0.00128317
0.00126957
0.00123908
0.00118408
0.00107895
5.77496e-05
6.17197e-05
6.47328e-05
6.68129e-05
6.7817e-05
6.78318e-05
6.67255e-05
6.46034e-05
6.1589e-05
5.7587e-05
0.000442164
0.000459526
0.000466443
0.000469794
0.000467847
0.00046784
0.000468979
0.000466202
0.00045768
0.00043977
0.000639966
0.000651562
0.000653841
0.000650584
0.000645162
0.000645537
0.000651897
0.000657673
0.000654301
0.000639997
0.000655589
0.00062299
0.000581825
0.000554022
0.000540482
0.000541784
0.000556356
0.000584637
0.000627221
0.000656946
0.000566356
0.000514087
0.000476937
0.000461172
0.000455611
0.000455887
0.000462808
0.000479673
0.00051725
0.000567664
0.000491834
0.000480384
0.000491568
0.000514587
0.000530948
0.000529753
0.00051454
0.000494615
0.000480999
0.000491491
0.00052276
0.000594887
0.000682402
0.000746179
0.000774632
0.000773529
0.000745438
0.000683993
0.000592679
0.000519998
0.000680077
0.000822741
0.000928932
0.000991236
0.00101676
0.00101636
0.000991028
0.000929632
0.00082026
0.00067415
0.000888009
0.00103014
0.00110964
0.00115355
0.00117299
0.00117289
0.00115368
0.00111017
0.00102885
0.000882589
0.00105304
0.00116433
0.00122193
0.00125406
0.00126846
0.00126843
0.00125415
0.00122217
0.00116382
0.00105019
5.73924e-05
6.10517e-05
6.37147e-05
6.5369e-05
6.62258e-05
6.62615e-05
6.52922e-05
6.35265e-05
6.09181e-05
5.72496e-05
0.000431014
0.000438704
0.000434166
0.000426196
0.000421317
0.000421335
0.00042543
0.000433512
0.000436807
0.000429879
0.000647329
0.00066119
0.00066418
0.000657114
0.000651467
0.000651935
0.000657417
0.000665817
0.000662216
0.000647114
0.000677779
0.000653883
0.000618337
0.000588509
0.000573895
0.000575224
0.000590958
0.000620358
0.000656884
0.000678535
0.000595546
0.000547447
0.000506502
0.000483992
0.00047424
0.000474922
0.00048603
0.000508613
0.000549963
0.000597628
0.000514967
0.000491778
0.000490721
0.000501768
0.000509475
0.000508938
0.000500959
0.000491841
0.000491594
0.000515297
0.000520792
0.000570356
0.0006422
0.000702917
0.000732717
0.000731216
0.000698864
0.000641106
0.000567112
0.000518074
0.00064605
0.000784365
0.000886931
0.0009547
0.000984778
0.000983756
0.000952004
0.00088551
0.000780416
0.000639313
0.000846906
0.00100069
0.00108368
0.00113084
0.00115142
0.00115105
0.0011301
0.00108304
0.000998191
0.000840227
0.00102319
0.00114384
0.00120396
0.00123748
0.00125233
0.00125216
0.00123719
0.0012036
0.00114266
0.00101929
5.6596e-05
5.92609e-05
6.07364e-05
6.06021e-05
5.79437e-05
5.80327e-05
6.05772e-05
6.06527e-05
5.92534e-05
5.64565e-05
0.000412453
0.000401088
0.000382744
0.000367021
0.000342365
0.000343067
0.000367368
0.000383872
0.000401635
0.000411142
0.000649856
0.000659291
0.000648118
0.000631393
0.00061271
0.000613636
0.000631259
0.000647868
0.000658442
0.000648899
0.000697631
0.000683481
0.000645642
0.000611189
0.000597652
0.000598657
0.000612482
0.000645531
0.000683948
0.000697723
0.000628111
0.000588052
0.00054427
0.000515879
0.000509196
0.000509644
0.000517069
0.000544719
0.000588956
0.000630661
0.000543229
0.000510428
0.000496796
0.000495036
0.00049858
0.000498148
0.000493481
0.000495902
0.000509738
0.000544304
0.00052154
0.000548463
0.00059579
0.000640575
0.000662045
0.000660562
0.000635627
0.000592636
0.000545346
0.000519552
0.000611008
0.000730649
0.000830679
0.00089583
0.000925285
0.000923906
0.000891663
0.00082721
0.000725385
0.000605079
0.000799481
0.000956371
0.00104973
0.00109985
0.00112234
0.00112172
0.00109811
0.00104757
0.000952089
0.000791955
0.000987371
0.0011186
0.00118322
0.00121826
0.00123397
0.00123368
0.00121746
0.00118203
0.00111651
0.000982088
5.52706e-05
5.62188e-05
5.27873e-05
4.34779e-05
3.64108e-05
3.64266e-05
4.36443e-05
5.29242e-05
5.64301e-05
5.51889e-05
0.000391947
0.000372529
0.000337697
0.000297794
0.00027575
0.000275733
0.00029911
0.000340082
0.000374776
0.00039197
0.000643792
0.000637574
0.000604613
0.000555945
0.000476427
0.000478161
0.000557179
0.000605437
0.000638059
0.000642735
0.000715061
0.000692553
0.000637648
0.000588489
0.000538436
0.000540111
0.000590644
0.000637745
0.000692689
0.000714686
0.000676826
0.000628927
0.000576947
0.000546719
0.0005243
0.000525909
0.00054817
0.000576334
0.000628578
0.00067843
0.000585913
0.000545178
0.000518225
0.000512265
0.000516284
0.000516438
0.000510776
0.000515934
0.000543745
0.000583709
0.000541494
0.000546597
0.000567004
0.000592736
0.000613365
0.000611952
0.000588685
0.000563132
0.000543652
0.00053985
0.000594316
0.000680348
0.000763339
0.000820845
0.000846316
0.000844646
0.000816731
0.000758983
0.000675595
0.000589686
0.000747216
0.000899711
0.000999662
0.00105588
0.00107695
0.00107611
0.00105344
0.000996387
0.000895211
0.000740833
0.000935324
0.0010843
0.00115627
0.00119408
0.00120988
0.00120953
0.00119288
0.00115447
0.00108178
0.000930264
5.38518e-05
5.12026e-05
4.2733e-05
5.181e-05
0.000136514
0.000132529
4.94779e-05
4.19822e-05
5.10954e-05
5.38205e-05
0.000383738
0.000360736
0.000333354
0.00035467
0.000433754
0.000432078
0.000350064
0.000325157
0.000357448
0.000384747
0.000628687
0.000612393
0.000571981
0.00052008
0.000588571
0.000585505
0.000516589
0.000561005
0.000609386
0.000629355
0.000713298
0.000677098
0.00059896
0.000536816
0.000536926
0.000533608
0.000530852
0.000593853
0.000678134
0.000714361
0.000695227
0.000641411
0.000573907
0.000490462
0.000425211
0.000424097
0.000489181
0.000573997
0.000643779
0.000696416
0.000602688
0.000552598
0.000516369
0.000480618
0.00043095
0.00043237
0.000482064
0.000517123
0.00055335
0.000598752
0.00053592
0.000508282
0.000511242
0.000528412
0.000534028
0.000535174
0.000528849
0.000510592
0.000506983
0.000533839
0.000545486
0.000579656
0.000635986
0.00069319
0.000734718
0.00073435
0.000691934
0.000633891
0.000576534
0.00054128
0.0006592
0.000788585
0.000882557
0.000946413
0.000984698
0.000983951
0.000944696
0.000880068
0.000784873
0.000654138
0.000851836
0.00102424
0.00110885
0.00115451
0.00117511
0.00117486
0.00115351
0.00110749
0.00102198
0.000847975
5.20631e-05
4.66668e-05
5.95714e-05
0.000287422
0.000333114
0.000332963
0.000285748
5.94996e-05
4.63859e-05
5.17913e-05
0.000363507
0.000345378
0.00044942
0.000666208
0.00085335
0.000848725
0.000660266
0.000447358
0.000340711
0.000361019
0.000620111
0.00057862
0.000641812
0.000873973
0.0010158
0.0010124
0.000867778
0.000635731
0.000569403
0.000618028
0.000751078
0.000648824
0.000603535
0.000720308
0.000874534
0.000870306
0.000711131
0.000589121
0.000639069
0.00075138
0.000787071
0.000689607
0.000545998
0.000499955
0.000550878
0.000546478
0.000489825
0.000533086
0.000686615
0.000790316
0.000723295
0.000681854
0.00057095
0.000432699
0.000365308
0.000361739
0.000426242
0.000567359
0.000685689
0.000720944
0.000643681
0.000653241
0.000611775
0.000530367
0.000456481
0.000455935
0.000535541
0.000613553
0.000658062
0.000639905
0.000627467
0.000669577
0.000698673
0.0007191
0.000731896
0.000733578
0.000723139
0.000699695
0.00067085
0.000626558
0.000672921
0.000770659
0.000852971
0.000923666
0.000971379
0.000976616
0.000925336
0.000851205
0.000768388
0.000670454
0.000791591
0.000934901
0.00101857
0.00106968
0.00109358
0.00109371
0.00106834
0.00101581
0.000931886
0.000789052
4.68166e-05
6.37416e-05
0.000191086
0.000366309
0.000392119
0.000391569
0.000367116
0.000197937
6.55968e-05
4.66992e-05
0.000284156
0.000488374
0.000802699
0.00124735
0.00140654
0.00140338
0.00124106
0.000819392
0.000498776
0.00028645
0.000485723
0.000727917
0.00113758
0.00149279
0.00157981
0.00157722
0.00147801
0.00115195
0.00073173
0.000486666
0.000510986
0.0006048
0.000903798
0.0012967
0.00156773
0.00157105
0.00130531
0.000915278
0.000607893
0.000503706
0.000504343
0.000412841
0.000548087
0.00080868
0.00101703
0.00101992
0.000811898
0.00054884
0.000404828
0.000483046
0.000415819
0.000235151
0.00018061
0.0002966
0.000428505
0.000427771
0.000288966
0.000165095
0.000214721
0.000392649
0.000345658
0.000139453
4.69413e-05
3.26567e-05
0.000176832
0.000174794
0.00014237
3.15083e-05
0.000113343
0.000324941
0.000326211
0.00016442
6.3441e-05
9.75093e-05
8.09453e-05
7.67422e-05
8.63327e-05
5.22128e-05
0.000143842
0.000309678
0.000394195
0.0003528
0.000227356
0.000111336
8.67721e-05
2.62234e-05
8.96596e-05
0.000204165
0.000331863
0.000382942
0.000605568
0.000740697
0.000649185
0.000621761
0.000618523
0.000603479
0.00060978
0.000636689
0.00073228
0.000599153
4.6156e-05
0.000107555
5.0901e-05
2.02018e-05
1.83608e-05
1.81739e-05
1.98302e-05
4.54762e-05
0.000115898
4.80938e-05
0.000441536
0.000494573
0.000416327
5.98105e-05
6.43443e-05
6.09479e-05
3.2827e-05
0.000395832
0.000493525
0.000447314
0.000784728
0.000924799
0.000825517
0.000733092
0.000721009
0.000712464
0.000726531
0.000814739
0.000912483
0.00080493
0.000895039
0.00118018
0.00144987
0.00129435
0.00123417
0.00122708
0.00127669
0.00142339
0.00120165
0.000917489
0.00091297
0.00114245
0.00140584
0.00165074
0.00180491
0.00181069
0.00166871
0.00142759
0.00116479
0.000932047
0.000872068
0.00101432
0.00120608
0.00141751
0.00156505
0.00157327
0.00143717
0.00122717
0.00103376
0.000886632
0.000799636
0.000869011
0.000994425
0.00112905
0.00121671
0.00122396
0.00114298
0.00101273
0.000884867
0.00081042
0.000695428
0.000746879
0.000825539
0.000900117
0.000945733
0.000950806
0.000911271
0.000840638
0.000759927
0.000708739
0.000599448
0.000669815
0.000712044
0.000748814
0.000771948
0.000772881
0.000755518
0.000722828
0.000679985
0.00061221
0.00058189
0.000658702
0.000679882
0.000693775
0.000700675
0.000700569
0.000695958
0.000685171
0.000664485
0.000593391
1.88958e-05
1.99631e-05
2.08562e-05
2.14896e-05
2.18176e-05
2.18191e-05
2.14895e-05
2.08555e-05
1.99652e-05
1.88966e-05
0.000875352
0.000967623
0.00102087
0.00105117
0.00106734
0.00106747
0.00105196
0.0010211
0.000968818
0.000875659
0.00150442
0.00153241
0.00154278
0.00154754
0.00154965
0.0015495
0.00154749
0.00154287
0.0015323
0.00150409
0.00156981
0.00157172
0.00157173
0.00157155
0.00157145
0.00157143
0.00157154
0.00157173
0.00157168
0.00156973
0.00157131
0.00157087
0.00157058
0.00157043
0.00157036
0.00157036
0.00157043
0.00157058
0.00157087
0.00157129
0.00157029
0.0015701
0.00157003
0.00157
0.00156999
0.00156999
0.00157
0.00157003
0.0015701
0.00157029
0.00157
0.00156996
0.00156995
0.00156995
0.00156995
0.00156995
0.00156995
0.00156995
0.00156996
0.00157
0.00156995
0.00156995
0.00156995
0.00156995
0.00156995
0.00156995
0.00156995
0.00156995
0.00156995
0.00156995
0.00156995
0.00156995
0.00156995
0.00156995
0.00156995
0.00156995
0.00156995
0.00156995
0.00156995
0.00156995
0.00156995
0.00156995
0.00156995
0.00156995
0.00156995
0.00156995
0.00156995
0.00156995
0.00156995
0.00156995
3.03762e-05
3.10606e-05
3.16871e-05
3.21346e-05
3.23837e-05
3.23848e-05
3.2138e-05
3.16845e-05
3.10684e-05
3.03814e-05
0.000414668
0.000480985
0.000532546
0.000570146
0.000589066
0.000588978
0.000569938
0.000532662
0.000480252
0.000414087
0.00113688
0.00123287
0.00129007
0.00132542
0.00134154
0.00134151
0.00132508
0.00129021
0.00123227
0.00113643
0.00148686
0.00151768
0.0015311
0.00153814
0.001541
0.00154096
0.00153803
0.00153118
0.00151744
0.00148675
0.00155324
0.00155887
0.00156049
0.00156119
0.00156141
0.00156141
0.00156117
0.00156051
0.00155882
0.00155322
0.00156198
0.00156254
0.00156254
0.00156252
0.0015625
0.0015625
0.00156252
0.00156254
0.00156253
0.00156197
0.00156256
0.0015625
0.00156245
0.00156243
0.00156242
0.00156242
0.00156243
0.00156245
0.0015625
0.00156256
0.00156245
0.00156241
0.0015624
0.00156239
0.00156239
0.00156239
0.00156239
0.0015624
0.00156241
0.00156245
0.0015624
0.00156239
0.00156239
0.00156239
0.00156239
0.00156239
0.00156239
0.00156239
0.00156239
0.0015624
0.00156239
0.00156239
0.00156239
0.00156239
0.0015624
0.0015624
0.00156239
0.00156239
0.00156239
0.00156239
4.12925e-05
4.19345e-05
4.24641e-05
4.28208e-05
4.30348e-05
4.30305e-05
4.28304e-05
4.24649e-05
4.19527e-05
4.13027e-05
0.000290917
0.000334493
0.000370793
0.000398288
0.000411622
0.000411804
0.000397815
0.000370621
0.000333487
0.000290308
0.000848618
0.000952407
0.00102681
0.0010763
0.00109989
0.0011001
0.00107597
0.00102661
0.000951619
0.00084762
0.00134583
0.00140966
0.00144504
0.0014652
0.00147396
0.00147404
0.00146506
0.00144504
0.00140926
0.00134522
0.00150985
0.00153043
0.00153922
0.00154352
0.0015452
0.00154522
0.00154348
0.00153921
0.00153028
0.00150965
0.00154741
0.00155213
0.00155355
0.00155413
0.00155432
0.00155433
0.00155412
0.00155355
0.00155209
0.00154736
0.00155416
0.00155493
0.00155504
0.00155506
0.00155507
0.00155507
0.00155506
0.00155504
0.00155493
0.00155415
0.00155504
0.0015551
0.00155508
0.00155507
0.00155506
0.00155506
0.00155507
0.00155508
0.0015551
0.00155504
0.00155508
0.00155506
0.00155505
0.00155505
0.00155505
0.00155505
0.00155505
0.00155505
0.00155506
0.00155508
0.00155506
0.00155505
0.00155505
0.00155506
0.00155507
0.00155507
0.00155506
0.00155505
0.00155505
0.00155506
4.97296e-05
5.0916e-05
5.17092e-05
5.22117e-05
5.24846e-05
5.24743e-05
5.22277e-05
5.17209e-05
5.09434e-05
4.97561e-05
0.000247794
0.000277165
0.000304056
0.000324204
0.00033408
0.000334387
0.000323701
0.000303516
0.000275993
0.000246728
0.000660516
0.000764634
0.000833431
0.000880279
0.000903764
0.000903856
0.000879801
0.000833047
0.000763907
0.000661009
0.00119414
0.00128674
0.00133683
0.00136662
0.00138065
0.00138074
0.00136644
0.00133663
0.00128646
0.00119442
0.00144485
0.0014853
0.00150388
0.00151355
0.00151772
0.00151773
0.00151347
0.0015038
0.00148514
0.00144469
0.00152331
0.00153622
0.00154093
0.00154303
0.00154386
0.00154386
0.00154301
0.00154089
0.00153614
0.0015232
0.0015431
0.00154635
0.00154718
0.00154748
0.00154759
0.00154759
0.00154748
0.00154717
0.00154633
0.00154305
0.00154721
0.00154785
0.00154792
0.00154793
0.00154794
0.00154794
0.00154793
0.00154792
0.00154785
0.0015472
0.00154789
0.00154796
0.00154795
0.00154794
0.00154795
0.00154795
0.00154795
0.00154795
0.00154796
0.00154788
0.00154795
0.00154795
0.00154795
0.00154797
0.00154798
0.00154798
0.00154797
0.00154795
0.00154795
0.00154795
5.49656e-05
5.70976e-05
5.84923e-05
5.93703e-05
5.9793e-05
5.97916e-05
5.93924e-05
5.85076e-05
5.71228e-05
5.50107e-05
0.000237005
0.000259145
0.000278082
0.000292098
0.000299711
0.000299693
0.000291448
0.000277421
0.000258044
0.000237397
0.00050291
0.000602849
0.000680922
0.000735937
0.000762097
0.000762103
0.000735758
0.000681568
0.000603029
0.00050376
0.00102119
0.00114166
0.00121552
0.00126045
0.00128083
0.00128096
0.00126053
0.00121571
0.00114201
0.00102253
0.00135787
0.00142271
0.00145506
0.0014724
0.00147994
0.00147996
0.00147234
0.00145498
0.00142269
0.00135806
0.00148725
0.00151265
0.00152299
0.00152786
0.00152983
0.00152983
0.00152782
0.00152293
0.00151257
0.00148715
0.00152747
0.00153558
0.0015381
0.00153912
0.00153949
0.00153949
0.0015391
0.00153807
0.00153554
0.00152739
0.00153813
0.0015403
0.00154073
0.00154087
0.00154092
0.00154092
0.00154087
0.00154072
0.00154028
0.00153809
0.00154055
0.00154102
0.00154105
0.00154106
0.00154106
0.00154106
0.00154106
0.00154105
0.00154102
0.00154053
0.001541
0.00154108
0.00154108
0.00154111
0.00154113
0.00154113
0.00154111
0.00154108
0.00154108
0.00154099
5.75291e-05
6.06249e-05
6.27251e-05
6.40555e-05
6.46797e-05
6.4695e-05
6.40726e-05
6.27284e-05
6.06298e-05
5.75878e-05
0.000225139
0.000248047
0.00026868
0.000284483
0.000291972
0.00029132
0.000284794
0.000268305
0.000247676
0.000225147
0.000404484
0.000483013
0.000550208
0.000600284
0.000625858
0.000626552
0.000600281
0.000550442
0.000482967
0.000404916
0.000866658
0.00099288
0.00107908
0.00113459
0.00116078
0.00116143
0.00113486
0.00107902
0.00099295
0.000868306
0.00125755
0.0013446
0.00139212
0.00141862
0.00143037
0.00143049
0.00141866
0.00139197
0.00134454
0.00125813
0.001439
0.00148001
0.00149835
0.00150735
0.00151109
0.00151109
0.00150731
0.00149826
0.00147991
0.00143901
0.00150575
0.00152137
0.00152691
0.00152927
0.00153018
0.00153017
0.00152925
0.00152687
0.0015213
0.00150566
0.00152681
0.00153189
0.00153319
0.00153365
0.00153381
0.00153381
0.00153364
0.00153317
0.00153185
0.00152674
0.00153263
0.00153406
0.00153428
0.00153434
0.00153436
0.00153436
0.00153433
0.00153427
0.00153405
0.0015326
0.00153404
0.0015344
0.00153443
0.00153446
0.00153449
0.00153449
0.00153446
0.00153443
0.0015344
0.00153403
5.82969e-05
6.21738e-05
6.49349e-05
6.6691e-05
6.75296e-05
6.75502e-05
6.66952e-05
6.49137e-05
6.21556e-05
5.8345e-05
0.000224341
0.000241607
0.000257945
0.000270621
0.000277483
0.000277425
0.000270755
0.000257612
0.000241
0.000223895
0.000346489
0.000406766
0.000460517
0.000501015
0.000522777
0.000523459
0.000501092
0.000460244
0.000406688
0.000346482
0.000744886
0.000863678
0.000950799
0.00100876
0.00103748
0.00103826
0.00100894
0.00095021
0.000863525
0.00074612
0.00115603
0.00125825
0.0013187
0.00135373
0.00136977
0.00137
0.00135381
0.00131836
0.00125807
0.0011567
0.00138137
0.00143852
0.00146636
0.00148059
0.00148666
0.00148669
0.00148058
0.00146623
0.00143839
0.00138148
0.00147739
0.00150272
0.00151273
0.00151721
0.00151898
0.00151898
0.00151718
0.00151268
0.00150265
0.00147732
0.00151235
0.00152195
0.00152484
0.00152595
0.00152636
0.00152635
0.00152594
0.00152482
0.00152191
0.00151229
0.00152359
0.00152681
0.00152746
0.00152767
0.00152775
0.00152774
0.00152767
0.00152746
0.00152679
0.00152355
0.00152683
0.00152782
0.00152794
0.001528
0.00152804
0.00152804
0.001528
0.00152794
0.00152781
0.00152681
5.80416e-05
6.2446e-05
6.57305e-05
6.7828e-05
6.88642e-05
6.88752e-05
6.78151e-05
6.56902e-05
6.242e-05
5.80479e-05
0.000230921
0.000243323
0.000256039
0.000266377
0.00027198
0.000271689
0.000266307
0.000256105
0.000243088
0.000230183
0.000310146
0.000358684
0.000402348
0.000434919
0.000452893
0.000453311
0.000435072
0.000401913
0.000358563
0.000309613
0.000652055
0.000759554
0.00084202
0.000897728
0.000926493
0.00092701
0.000897784
0.00084109
0.000759442
0.000652098
0.00106168
0.00117165
0.00124093
0.00128247
0.00130215
0.00130234
0.00128248
0.00124039
0.00117141
0.00106193
0.00131872
0.0013902
0.00142769
0.00144762
0.00145638
0.00145642
0.00144761
0.00142749
0.00139006
0.00131878
0.00144306
0.0014793
0.00149496
0.00150231
0.0015053
0.0015053
0.00150229
0.00149491
0.00147923
0.00144302
0.00149429
0.00150989
0.00151523
0.0015174
0.00151822
0.00151822
0.0015174
0.00151522
0.00150986
0.00149423
0.00151293
0.0015189
0.00152041
0.00152092
0.00152111
0.0015211
0.00152092
0.0015204
0.00151889
0.0015129
0.00151905
0.00152118
0.00152154
0.00152168
0.00152174
0.00152174
0.00152167
0.00152154
0.00152118
0.00151903
5.73388e-05
6.20012e-05
6.56209e-05
6.79918e-05
6.91888e-05
6.91732e-05
6.79668e-05
6.5595e-05
6.19931e-05
5.73042e-05
0.000242196
0.000251079
0.00026054
0.000269397
0.000273759
0.000273362
0.000269046
0.000261256
0.000251163
0.000241458
0.000286211
0.000326393
0.000363237
0.000390738
0.000405838
0.000405888
0.000390814
0.00036298
0.000326269
0.000285284
0.000580833
0.000677129
0.000753287
0.000805205
0.000832587
0.000832694
0.000805173
0.000752296
0.000676985
0.000579236
0.00097784
0.00109021
0.00116431
0.00121003
0.0012323
0.00123229
0.0012099
0.00116371
0.00108997
0.000977222
0.00125502
0.00133792
0.00138403
0.00140948
0.00142095
0.00142094
0.00140942
0.00138381
0.00133777
0.0012548
0.00140425
0.00145148
0.00147348
0.00148425
0.00148875
0.00148875
0.00148424
0.00147343
0.00145142
0.00140413
0.00147262
0.00149533
0.00150396
0.00150765
0.00150907
0.00150908
0.00150765
0.00150396
0.00149532
0.00147255
0.0015003
0.00151001
0.00151287
0.00151391
0.00151428
0.00151428
0.00151391
0.00151287
0.00151
0.00150026
0.00151041
0.00151431
0.00151513
0.00151541
0.00151553
0.00151553
0.00151542
0.00151513
0.0015143
0.00151039
5.65684e-05
6.12877e-05
6.50341e-05
6.76016e-05
6.89026e-05
6.88573e-05
6.75758e-05
6.50436e-05
6.13069e-05
5.65281e-05
0.00025635
0.000262996
0.00027007
0.000277598
0.000280953
0.000280774
0.000277246
0.000270972
0.000263231
0.000255837
0.000270815
0.00030411
0.000335588
0.000359824
0.000372745
0.000372421
0.000359691
0.000335761
0.000304139
0.000270036
0.000525161
0.000611487
0.000681051
0.000729461
0.000754715
0.000754307
0.00072919
0.000680209
0.00061103
0.000521355
0.000905192
0.00101626
0.00109209
0.00114027
0.00116399
0.00116374
0.00114002
0.00109157
0.00101591
0.000902876
0.00119356
0.00128427
0.00133741
0.00136778
0.00138172
0.00138164
0.00136767
0.00133724
0.00128411
0.00119274
0.00136283
0.00142009
0.00144858
0.00146308
0.00146927
0.00146926
0.00146306
0.00144854
0.00142001
0.00136252
0.00144782
0.0014782
0.00149078
0.00149641
0.00149864
0.00149864
0.00149642
0.00149079
0.00147817
0.00144768
0.00148556
0.00149985
0.0015046
0.00150643
0.0015071
0.0015071
0.00150644
0.00150461
0.00149984
0.00148548
0.00150068
0.001507
0.00150857
0.00150912
0.00150933
0.00150933
0.00150913
0.00150858
0.00150699
0.00150064
5.59499e-05
6.06035e-05
6.43227e-05
6.69835e-05
6.83177e-05
6.82696e-05
6.69652e-05
6.43442e-05
6.06279e-05
5.5949e-05
0.000272039
0.00027765
0.000283281
0.000289211
0.000291726
0.000291952
0.000288914
0.000283486
0.000277576
0.000271824
0.000263534
0.000289383
0.000316163
0.000337786
0.000348891
0.000348535
0.000337558
0.000316559
0.000289594
0.000263109
0.000465942
0.000558703
0.000622627
0.000667096
0.000690077
0.000689329
0.000666517
0.000621877
0.000557638
0.000462391
0.000829692
0.00095045
0.00102633
0.00107501
0.00109926
0.00109888
0.00107467
0.00102594
0.00094986
0.000827103
0.0011327
0.00123153
0.00128981
0.0013241
0.00134014
0.00134001
0.00132401
0.00128976
0.00123134
0.00113169
0.00131981
0.00138626
0.00142087
0.00143912
0.00144708
0.00144706
0.00143912
0.00142088
0.00138617
0.00131938
0.00142047
0.00145865
0.00147562
0.00148353
0.00148672
0.00148673
0.00148354
0.00147562
0.0014586
0.00142026
0.00146875
0.00148827
0.00149542
0.00149832
0.0014994
0.0014994
0.00149832
0.00149542
0.00148824
0.00146863
0.00148968
0.00149907
0.00150174
0.00150271
0.00150306
0.00150307
0.00150271
0.00150174
0.00149906
0.00148962
5.55994e-05
6.01128e-05
6.37265e-05
6.63454e-05
6.76569e-05
6.76459e-05
6.63385e-05
6.36989e-05
6.00933e-05
5.56503e-05
0.000288511
0.000293895
0.00029885
0.000302815
0.00030481
0.00030553
0.00030274
0.000297793
0.000293144
0.000288484
0.000262597
0.000282237
0.000303948
0.000322255
0.000331773
0.000331771
0.000322138
0.000303999
0.000282297
0.000262218
0.00041119
0.000503403
0.000571914
0.000616666
0.000637677
0.000636714
0.000615627
0.000571113
0.000502282
0.000410593
0.000754342
0.00088243
0.000965172
0.00101616
0.00104029
0.00103978
0.00101567
0.000964906
0.000881991
0.000754083
0.00107145
0.00117893
0.00124261
0.00128024
0.00129785
0.00129772
0.00128018
0.00124269
0.00117891
0.00107131
0.0012755
0.00135076
0.00139115
0.00141299
0.00142268
0.00142266
0.00141303
0.00139122
0.00135073
0.00127537
0.00139105
0.00143701
0.00145857
0.00146899
0.00147329
0.00147328
0.00146899
0.00145857
0.00143696
0.00139091
0.00145002
0.00147521
0.00148518
0.00148942
0.00149104
0.00149104
0.00148942
0.00148516
0.00147517
0.00144992
0.00147736
0.00149038
0.0014945
0.00149606
0.00149663
0.00149663
0.00149606
0.00149449
0.00149035
0.00147729
5.55341e-05
5.98629e-05
6.3347e-05
6.58047e-05
6.70578e-05
6.71044e-05
6.58002e-05
6.32209e-05
5.97572e-05
5.56009e-05
0.000305073
0.000310855
0.000315433
0.000317516
0.000319246
0.000320253
0.000317765
0.000313233
0.00030913
0.000304945
0.000266728
0.000281239
0.000298705
0.000313039
0.00032072
0.000321041
0.000312926
0.000297857
0.000280511
0.000265896
0.000368023
0.000450783
0.000518319
0.000566341
0.000589713
0.000589224
0.000565433
0.00051755
0.000450235
0.000370094
0.000685733
0.00081359
0.000901167
0.000957232
0.000983788
0.000983542
0.000956934
0.000901052
0.000813815
0.000688559
0.0010111
0.00112582
0.00119519
0.00123647
0.00125575
0.0012557
0.00123652
0.00119536
0.00112617
0.00101256
0.00123039
0.00131398
0.00135999
0.00138533
0.00139667
0.00139666
0.00138539
0.00136009
0.00131412
0.00123095
0.00135999
0.0014136
0.00143982
0.00145292
0.0014584
0.0014584
0.00145291
0.00143983
0.0014136
0.00136015
0.00142957
0.0014607
0.00147382
0.00147965
0.00148191
0.0014819
0.00147963
0.00147379
0.00146067
0.00142959
0.00146371
0.00148082
0.00148673
0.00148907
0.00148993
0.00148993
0.00148906
0.00148671
0.00148079
0.00146369
5.56917e-05
5.9829e-05
6.31777e-05
6.54255e-05
6.66014e-05
6.66879e-05
6.54104e-05
6.29664e-05
5.96309e-05
5.57195e-05
0.000321133
0.000327612
0.000331983
0.00033294
0.000334411
0.000335304
0.000333367
0.000329367
0.000325021
0.000320507
0.000274885
0.00028493
0.000298623
0.000309322
0.000315364
0.000315555
0.000308832
0.000296741
0.000283017
0.000273399
0.000337003
0.000407634
0.000468917
0.000514523
0.000538901
0.000540125
0.000514701
0.000467895
0.000407126
0.000339861
0.000627191
0.000749331
0.000837336
0.000895679
0.000924614
0.000925496
0.00089617
0.000837144
0.000749879
0.000631794
0.000953868
0.00107303
0.00114736
0.00119219
0.00121332
0.00121353
0.0011924
0.00114741
0.00107358
0.000956633
0.0011854
0.00127637
0.00132775
0.00135651
0.00136948
0.0013695
0.00135655
0.00132776
0.00127662
0.00118668
0.00132781
0.00138875
0.00141965
0.00143549
0.00144223
0.00144221
0.00143546
0.00141962
0.00138883
0.00132835
0.00140768
0.00144484
0.00146134
0.00146895
0.00147197
0.00147196
0.00146892
0.00146131
0.00144484
0.00140788
0.0014488
0.00147035
0.00147834
0.00148166
0.00148289
0.00148289
0.00148164
0.00147832
0.00147033
0.00144887
5.59713e-05
5.99376e-05
6.31747e-05
6.52346e-05
6.63163e-05
6.64003e-05
6.52037e-05
6.29345e-05
5.9692e-05
5.59267e-05
0.000336101
0.000343415
0.000347886
0.000348751
0.000349942
0.00035043
0.00034926
0.000345809
0.000340643
0.00033483
0.000286077
0.000292155
0.000302237
0.000309865
0.000314407
0.000314238
0.000308891
0.000299735
0.00028931
0.000284217
0.000316262
0.000374901
0.000428476
0.000468156
0.000490788
0.000492989
0.000468904
0.000426758
0.000373592
0.000318176
0.000579079
0.000692539
0.000777844
0.000835206
0.000864899
0.00086655
0.000836088
0.000777076
0.000692547
0.000583221
0.000901251
0.00102201
0.00109981
0.00114735
0.00117011
0.00117056
0.00114755
0.00109939
0.00102226
0.000904188
0.00114146
0.00123848
0.00129476
0.00132671
0.00134121
0.00134126
0.00132663
0.00129451
0.00123866
0.00114303
0.00129507
0.0013628
0.00139828
0.00141687
0.00142487
0.00142484
0.00141678
0.00139816
0.00136289
0.00129583
0.00138466
0.00142777
0.00144781
0.00145735
0.0014612
0.00146119
0.0014573
0.00144775
0.0014278
0.001385
0.00143278
0.00145896
0.0014693
0.00147375
0.00147545
0.00147544
0.00147373
0.00146927
0.00145896
0.00143292
5.62809e-05
6.01151e-05
6.32807e-05
6.52219e-05
6.61983e-05
6.62503e-05
6.51924e-05
6.30764e-05
5.98948e-05
5.61733e-05
0.000349417
0.000357744
0.000362999
0.000364627
0.000365399
0.000365499
0.000365234
0.00036213
0.000355772
0.000347802
0.000299608
0.000301945
0.000308682
0.000313891
0.000316945
0.000316725
0.000312861
0.000306273
0.000299016
0.000297933
0.000303371
0.000350988
0.000397102
0.000430135
0.000449156
0.000450963
0.000430588
0.000394682
0.000348612
0.000303633
0.000540512
0.000643795
0.000724696
0.000778954
0.000807429
0.000808696
0.000779216
0.000722969
0.00064258
0.000542489
0.000854102
0.000973836
0.00105343
0.00110253
0.00112626
0.0011266
0.00110232
0.00105233
0.000973367
0.00085604
0.0010993
0.00120086
0.00126131
0.00129603
0.00131189
0.0013119
0.00129573
0.00126072
0.00120073
0.00110052
0.00126224
0.00133608
0.00137593
0.00139718
0.0014064
0.00140636
0.00139701
0.00137567
0.00133605
0.0012629
0.0013608
0.00140967
0.00143332
0.00144487
0.00144961
0.00144959
0.0014448
0.00143322
0.00140966
0.00136113
0.00141579
0.00144672
0.00145959
0.00146532
0.00146754
0.00146753
0.00146529
0.00145955
0.00144671
0.00141594
5.65588e-05
6.03087e-05
6.34448e-05
6.53487e-05
6.62294e-05
6.62549e-05
6.53543e-05
6.33208e-05
6.01859e-05
5.64373e-05
0.000360921
0.000370523
0.000377192
0.000379975
0.000380451
0.000380618
0.000381059
0.000377564
0.000369969
0.000359492
0.000315223
0.000313561
0.000317538
0.000320863
0.000322519
0.000322989
0.000320672
0.000315928
0.000311674
0.000314218
0.000296839
0.000334084
0.000373253
0.000400264
0.00041505
0.000415793
0.00040014
0.000370552
0.000331082
0.000295914
0.000507229
0.00060218
0.000678082
0.000728149
0.000753869
0.000753964
0.000727238
0.000675455
0.000599601
0.000505983
0.000810237
0.000928665
0.00100886
0.00105839
0.00108229
0.0010822
0.00105755
0.00100719
0.000927357
0.000809995
0.00105906
0.00116381
0.00122767
0.00126463
0.0012816
0.0012815
0.00126413
0.00122683
0.00116326
0.0010593
0.00122968
0.00130882
0.00135277
0.00137649
0.00138688
0.00138683
0.00137628
0.00135241
0.0013086
0.00122988
0.0013364
0.00139069
0.00141795
0.00143154
0.00143719
0.00143718
0.00143148
0.00141782
0.00139059
0.00133648
0.00139802
0.00143368
0.00144922
0.00145634
0.00145915
0.00145914
0.00145632
0.00144916
0.00143362
0.00139803
5.67802e-05
6.04905e-05
6.36279e-05
6.55586e-05
6.63794e-05
6.6407e-05
6.56333e-05
6.35976e-05
6.05097e-05
5.67075e-05
0.000370659
0.000381766
0.00039032
0.000394324
0.000394922
0.000395698
0.00039615
0.000391381
0.000382951
0.000370127
0.000333032
0.000326923
0.000328735
0.000330566
0.000330937
0.000332547
0.000331796
0.000328265
0.000326832
0.000332808
0.000296388
0.000322515
0.000355454
0.00037747
0.00038844
0.000388455
0.000377196
0.000352964
0.000319895
0.000295193
0.000470489
0.000566936
0.000637044
0.000682937
0.00070535
0.000704471
0.000681263
0.000633981
0.000563711
0.000466979
0.000762404
0.000886975
0.000966193
0.00101557
0.00103908
0.00103853
0.00101429
0.000964362
0.000885121
0.000759986
0.00101896
0.00112766
0.00119398
0.00123279
0.00125065
0.00125044
0.00123223
0.00119314
0.00112682
0.00101802
0.00119729
0.00128127
0.00132889
0.00135493
0.00136642
0.00136637
0.00135474
0.00132855
0.0012809
0.00119683
0.00131161
0.00137101
0.00140179
0.00141741
0.00142398
0.00142398
0.00141736
0.00140164
0.0013708
0.0013113
0.00137958
0.00141992
0.00143821
0.00144681
0.00145025
0.00145024
0.00144679
0.00143813
0.00141978
0.00137937
5.69567e-05
6.06585e-05
6.38019e-05
6.58031e-05
6.66286e-05
6.6682e-05
6.59542e-05
6.38612e-05
6.0815e-05
5.69608e-05
0.000378979
0.000391738
0.000402255
0.000407568
0.000408805
0.000410243
0.000409888
0.00040354
0.000394408
0.0003799
0.000353237
0.000342426
0.000342434
0.000342869
0.000342085
0.000344599
0.000345382
0.00034284
0.000343948
0.00035347
0.000300672
0.000316382
0.000342636
0.00036085
0.000369
0.00036892
0.00036096
0.000340815
0.000315112
0.000299768
0.000435232
0.000531623
0.00060141
0.000643114
0.000662783
0.000661588
0.000641407
0.000598347
0.000528752
0.000432272
0.000713174
0.000844247
0.000926054
0.000974484
0.000997536
0.000996797
0.00097326
0.000924375
0.000842295
0.000710489
0.000978003
0.00109191
0.0011606
0.00120086
0.00121951
0.00121926
0.0012004
0.00115994
0.001091
0.000976498
0.00116468
0.00125356
0.00130448
0.00133269
0.00134525
0.00134519
0.00133256
0.00130419
0.00125307
0.00116377
0.00128642
0.00135075
0.00138491
0.00140257
0.00141006
0.00141005
0.00140252
0.00138474
0.00135045
0.00128581
0.00136054
0.00140549
0.00142658
0.00143673
0.00144084
0.00144083
0.0014367
0.00142647
0.00140528
0.00136014
5.71146e-05
6.08309e-05
6.3958e-05
6.60559e-05
6.69407e-05
6.70266e-05
6.62666e-05
6.41015e-05
6.1052e-05
5.71641e-05
0.000386541
0.00040098
0.000413012
0.000419745
0.000422178
0.00042392
0.000422329
0.000414245
0.000403866
0.000388456
0.000375969
0.00036047
0.000358573
0.000357521
0.000355773
0.000358381
0.000360587
0.000359256
0.000362419
0.000375939
0.000309283
0.00031581
0.000334997
0.000349573
0.0003561
0.000356224
0.000350418
0.000334164
0.000315959
0.000308546
0.00040581
0.000493091
0.000566852
0.000609316
0.000626888
0.000625897
0.000608094
0.000565022
0.000492687
0.000405029
0.000666122
0.000796964
0.000885851
0.000936328
0.000958738
0.000958123
0.000935453
0.000884924
0.000796625
0.000665251
0.000936537
0.00105529
0.00112754
0.00116943
0.00118875
0.00118854
0.00116919
0.00112719
0.0010549
0.000935704
0.00113165
0.0012255
0.0012797
0.00131003
0.00132362
0.00132356
0.00130994
0.00127949
0.00122513
0.00113096
0.00126077
0.00132997
0.00136738
0.00138709
0.00139553
0.00139549
0.001387
0.00136721
0.0013297
0.00126024
0.0013409
0.00139044
0.00141433
0.00142611
0.00143093
0.00143091
0.00142605
0.00141422
0.00139024
0.00134054
5.72852e-05
6.10293e-05
6.41242e-05
6.63057e-05
6.7275e-05
6.73829e-05
6.65509e-05
6.43261e-05
6.12057e-05
5.72853e-05
0.000394143
0.000410109
0.000422738
0.000431107
0.000434625
0.000436207
0.000433492
0.000423751
0.000411272
0.00039555
0.000401237
0.000381258
0.000376804
0.000374212
0.000371766
0.000373568
0.000376725
0.000377161
0.000382074
0.000400069
0.000322326
0.000320091
0.000333016
0.000343985
0.000349023
0.000349319
0.000345575
0.000333209
0.000320953
0.000321082
0.000384122
0.000457548
0.000527947
0.000575475
0.000596127
0.000595744
0.000576014
0.000529196
0.00046021
0.000385056
0.000623811
0.000748864
0.000840975
0.000897267
0.000922355
0.000922129
0.000897507
0.000842005
0.000751151
0.000625341
0.000895669
0.00101756
0.00109387
0.00113839
0.00115879
0.00115873
0.00113852
0.00109418
0.00101832
0.000896319
0.00109834
0.00119698
0.00125456
0.00128712
0.00130178
0.00130174
0.0012871
0.00125456
0.00119706
0.00109851
0.00123464
0.00130868
0.00134928
0.00137106
0.00138047
0.00138041
0.00137096
0.0013492
0.00130866
0.00123466
0.00132066
0.00137477
0.0014015
0.00141497
0.00142054
0.00142051
0.0014149
0.00140145
0.00137476
0.00132066
5.74739e-05
6.12644e-05
6.43245e-05
6.65519e-05
6.75812e-05
6.77044e-05
6.6804e-05
6.45351e-05
6.13009e-05
5.73286e-05
0.000402151
0.000419106
0.000431994
0.000441629
0.000445523
0.000446807
0.000443442
0.000432591
0.000418029
0.000401238
0.000428625
0.000404797
0.000396776
0.000392623
0.000389776
0.000390259
0.000393828
0.000396673
0.000403475
0.00042578
0.000339619
0.000329022
0.000335703
0.000343734
0.000347652
0.000347912
0.000345798
0.000336789
0.000329617
0.000337413
0.000370367
0.000428743
0.000490842
0.000538936
0.000562835
0.000564011
0.000542453
0.000495302
0.000433175
0.000371368
0.000588758
0.000703756
0.000794587
0.000854723
0.000883171
0.000884044
0.000857064
0.000798014
0.000708188
0.000591958
0.000857694
0.000979696
0.00105929
0.00110697
0.00112895
0.00112919
0.00110775
0.00106059
0.000981831
0.000860116
0.00106557
0.00116805
0.00122901
0.00126396
0.00127978
0.0012798
0.00126413
0.00122943
0.00116893
0.00106695
0.00120828
0.00128689
0.00133067
0.00135453
0.00136496
0.00136493
0.00135453
0.00133083
0.00128738
0.00120914
0.00129994
0.00135855
0.00138813
0.00140332
0.0014097
0.00140968
0.00140331
0.00138823
0.00135888
0.00130051
5.76462e-05
6.15207e-05
6.45623e-05
6.67764e-05
6.78291e-05
6.79583e-05
6.70154e-05
6.47375e-05
6.13973e-05
5.73537e-05
0.000409892
0.000428034
0.000441199
0.00045109
0.000454657
0.000455589
0.000452232
0.000441499
0.000425283
0.000406269
0.000456597
0.00043102
0.000418525
0.000412418
0.000409307
0.000408678
0.000412441
0.000418227
0.000427773
0.000453001
0.000360353
0.000342515
0.000342499
0.000347521
0.000350475
0.000350715
0.000349817
0.000344283
0.000342443
0.000357884
0.00036505
0.00040785
0.000459763
0.000504617
0.000528998
0.000531683
0.000510732
0.000466375
0.000412203
0.000365059
0.000557052
0.000663907
0.000750283
0.000811354
0.000841828
0.000843907
0.000815843
0.000755624
0.000668769
0.000559282
0.000819816
0.000942856
0.00102434
0.00107484
0.00109853
0.00109918
0.00107647
0.00102672
0.000945901
0.000822339
0.00103358
0.0011391
0.0012031
0.00124045
0.0012575
0.00125767
0.00124099
0.00120417
0.00114085
0.00103558
0.00118211
0.0012648
0.00131162
0.00133755
0.00134904
0.0013491
0.00133779
0.00131219
0.00126586
0.00118359
0.00127904
0.00134193
0.00137429
0.00139121
0.00139843
0.00139846
0.00139133
0.00137462
0.00134261
0.00128009
5.77585e-05
6.17421e-05
6.48136e-05
6.69653e-05
6.80233e-05
6.81447e-05
6.71659e-05
6.49305e-05
6.15394e-05
5.74232e-05
0.000416447
0.000436421
0.000450005
0.000459088
0.000462386
0.00046293
0.000459922
0.000450332
0.000433404
0.000412288
0.000483314
0.000459189
0.000442311
0.000433423
0.000429696
0.000428595
0.000432812
0.000442122
0.00045576
0.000481407
0.000383601
0.000360164
0.000353221
0.000354551
0.000356279
0.000356677
0.000356926
0.000355634
0.000360157
0.00038273
0.000366988
0.000394606
0.000436037
0.00047554
0.000498275
0.000501787
0.000483008
0.000443398
0.000397721
0.000366236
0.000526993
0.000630424
0.000710254
0.000769767
0.000800797
0.000803626
0.000775748
0.000716642
0.000634324
0.000524894
0.000780795
0.000908309
0.000990001
0.00104232
0.00106745
0.00106849
0.00104478
0.000993296
0.000911572
0.000780053
0.00100202
0.00111083
0.00117713
0.00121659
0.00123485
0.00123522
0.00121763
0.00117887
0.00111303
0.00100294
0.00115639
0.00124275
0.00129234
0.00132022
0.00133275
0.00133293
0.00132078
0.00129332
0.00124411
0.0011576
0.00125829
0.00132513
0.00136014
0.00137872
0.00138678
0.00138687
0.00137901
0.00136065
0.00132593
0.00125927
5.77954e-05
6.18901e-05
6.50244e-05
6.7124e-05
6.82057e-05
6.83006e-05
6.72603e-05
6.50876e-05
6.17022e-05
5.7548e-05
0.000421715
0.000443171
0.000457856
0.000466031
0.000469783
0.000470181
0.000466608
0.000458382
0.000441698
0.000419317
0.000508295
0.000487982
0.000468095
0.000455648
0.000450652
0.000449824
0.00045506
0.000468413
0.000486501
0.000509342
0.000409153
0.000381357
0.000367713
0.000364552
0.000364589
0.000365363
0.000366995
0.000370885
0.000382705
0.000411381
0.000374039
0.000388594
0.000419633
0.000452656
0.000472638
0.000476223
0.000460024
0.000426468
0.000390769
0.000373273
0.000501428
0.000601634
0.000675447
0.000731753
0.00076205
0.00076495
0.000738098
0.00068172
0.000602075
0.000495176
0.000743561
0.000875554
0.00095712
0.00101017
0.0010362
0.00103743
0.00101315
0.000960693
0.000876548
0.000738392
0.000970957
0.00108365
0.00115149
0.00119261
0.00121192
0.00121246
0.00119406
0.00115356
0.00108522
0.000969246
0.00113124
0.00122111
0.00127306
0.00130268
0.00131615
0.00131643
0.00130347
0.0012742
0.00122216
0.00113105
0.00123789
0.00130838
0.00134582
0.00136598
0.00137481
0.00137495
0.00136635
0.00134634
0.00130891
0.00123809
5.77795e-05
6.1947e-05
6.51542e-05
6.72625e-05
6.84036e-05
6.84656e-05
6.73371e-05
6.51862e-05
6.18363e-05
5.76678e-05
0.000426334
0.000448689
0.000464377
0.000472655
0.000477815
0.000477992
0.000472713
0.000465061
0.000448672
0.000425986
0.000532182
0.00051613
0.000495158
0.000479475
0.000472787
0.000472852
0.000479454
0.000496494
0.000517152
0.000534535
0.000437538
0.000405509
0.000385634
0.000377607
0.000375546
0.000376928
0.000380319
0.000389735
0.000408786
0.000442231
0.000385263
0.000389627
0.000409681
0.000435911
0.000452703
0.000455749
0.000442026
0.000415112
0.000391276
0.000384995
0.000480708
0.000571602
0.000646733
0.000698157
0.000726821
0.000729197
0.000703616
0.0006514
0.000568055
0.00047246
0.000708639
0.000840113
0.000926841
0.000979087
0.00100548
0.00100665
0.000982006
0.000929617
0.000837455
0.000700131
0.000939886
0.0010567
0.00112668
0.00116878
0.0011889
0.00118948
0.0011703
0.00112835
0.00105653
0.00093518
0.00110623
0.00119986
0.00125399
0.00128508
0.00129934
0.00129963
0.00128584
0.0012548
0.00119993
0.001104
0.0012177
0.00129175
0.00133144
0.00135305
0.00136258
0.0013627
0.00135335
0.00133171
0.00129164
0.00121658
5.77413e-05
6.19212e-05
6.51925e-05
6.74031e-05
6.86102e-05
6.8645e-05
6.74281e-05
6.5227e-05
6.19137e-05
5.77375e-05
0.000431036
0.000453033
0.00046944
0.00047969
0.000486107
0.000485973
0.000479151
0.000470304
0.000453844
0.000431397
0.00055459
0.000542356
0.000522218
0.000505556
0.000497298
0.000498518
0.000506333
0.000524765
0.000544811
0.000556092
0.000469013
0.000432013
0.000406528
0.000394105
0.000389711
0.000391849
0.000397292
0.000411395
0.000436322
0.00047351
0.000400636
0.000395709
0.000406267
0.000424738
0.000438364
0.000440583
0.000429039
0.000410157
0.000396755
0.000400321
0.000464098
0.000543209
0.000618971
0.000669683
0.000695532
0.000697065
0.000673327
0.000619676
0.000537757
0.000456181
0.000677354
0.000803767
0.000895643
0.000949968
0.000975725
0.000976629
0.000952188
0.000895738
0.000798384
0.000667024
0.000910083
0.00102941
0.00110241
0.00114541
0.00116592
0.00116639
0.00114654
0.00110281
0.00102698
0.000902669
0.00108141
0.00117872
0.00123517
0.0012675
0.00128235
0.00128255
0.00126791
0.00123517
0.00117736
0.00107711
0.00119751
0.00127514
0.00131701
0.00133996
0.0013501
0.00135016
0.00134003
0.0013168
0.00127416
0.00119496
5.77251e-05
6.1863e-05
6.5161e-05
6.75425e-05
6.87843e-05
6.87987e-05
6.75487e-05
6.52481e-05
6.19425e-05
5.77757e-05
0.000435526
0.000456274
0.000473331
0.000487037
0.000493733
0.000493609
0.000486245
0.000474612
0.000457975
0.000435974
0.000574535
0.000566099
0.000548387
0.00053402
0.000524743
0.000526716
0.0005353
0.000551849
0.000568484
0.000574446
0.000502928
0.000460494
0.000430117
0.000414468
0.000407708
0.000410439
0.000417946
0.000435023
0.000463866
0.000504212
0.000420461
0.000405733
0.000408536
0.000419427
0.000429217
0.000430737
0.00042222
0.000410714
0.000405683
0.000418529
0.00045385
0.000518496
0.000589579
0.000642866
0.000669055
0.000669345
0.000643308
0.000587414
0.000513298
0.00044733
0.000642922
0.000767771
0.000861268
0.00092059
0.000947926
0.00094817
0.000920939
0.000859196
0.000761777
0.000633865
0.000875306
0.0010012
0.00107773
0.00112242
0.00114333
0.00114353
0.00112272
0.00107664
0.000997167
0.000867629
0.00105534
0.00115735
0.00121633
0.00124993
0.00126528
0.0012653
0.00124983
0.00121542
0.00115475
0.0010502
0.00117682
0.00125836
0.00130242
0.00132669
0.00133741
0.00133737
0.00132648
0.00130173
0.00125665
0.00117349
5.7754e-05
6.18236e-05
6.51106e-05
6.76489e-05
6.88986e-05
6.89091e-05
6.76833e-05
6.52935e-05
6.19627e-05
5.78204e-05
0.000439868
0.000459998
0.00047695
0.000493924
0.000500027
0.00050001
0.000493397
0.000479472
0.000462188
0.000440617
0.000591818
0.000587589
0.000573535
0.000563727
0.000554571
0.000556322
0.000564738
0.000577471
0.000589061
0.000590426
0.000537925
0.000490846
0.000456435
0.000438793
0.000429985
0.00043267
0.000441787
0.000460399
0.000491505
0.000534367
0.000444642
0.000419543
0.000414935
0.000420116
0.000426207
0.000427281
0.000421687
0.000415604
0.000417694
0.000439538
0.000450268
0.000498296
0.000561554
0.000613313
0.000641171
0.000640071
0.000611651
0.000558672
0.000494571
0.000445032
0.000605247
0.000732512
0.00082555
0.000887533
0.000917703
0.000917
0.00088638
0.00082286
0.000728025
0.000601417
0.000834048
0.00097156
0.00105188
0.00109894
0.00112073
0.00112057
0.0010984
0.00105001
0.000967599
0.000830334
0.00102639
0.00113529
0.00119707
0.00123223
0.00124815
0.001248
0.0012317
0.0011957
0.00113247
0.00102282
0.00115487
0.00124114
0.00128753
0.0013132
0.00132455
0.00132444
0.00131283
0.00128668
0.00123938
0.00115216
5.78092e-05
6.18517e-05
6.51171e-05
6.77011e-05
6.89458e-05
6.89722e-05
6.77937e-05
6.53662e-05
6.20115e-05
5.78987e-05
0.00044408
0.000465144
0.000481641
0.000499688
0.000505394
0.000505792
0.000500041
0.000485553
0.000467227
0.000445694
0.000606829
0.000607167
0.000597669
0.000592435
0.000585166
0.000585865
0.000592749
0.000601558
0.000607688
0.000604815
0.000572246
0.000522903
0.000485458
0.00046647
0.000456391
0.000458164
0.000468112
0.000487828
0.000520399
0.000564724
0.000472437
0.000437246
0.000424875
0.000425521
0.000428747
0.000429356
0.000426168
0.000424565
0.000433353
0.000463996
0.000452233
0.000483402
0.000536865
0.000584094
0.000611066
0.000609894
0.000582375
0.000534895
0.00048107
0.000448076
0.000571759
0.000699239
0.000790383
0.00085249
0.000883954
0.000883093
0.000851113
0.000788557
0.000698268
0.000573581
0.000792024
0.000941062
0.00102486
0.00107441
0.00109742
0.00109709
0.00107359
0.00102339
0.000939582
0.000794262
0.00099466
0.00111232
0.00117712
0.00121414
0.00123089
0.00123069
0.0012136
0.00117611
0.00111083
0.000995011
0.00113118
0.00122329
0.00127223
0.00129945
0.00131153
0.00131143
0.00129917
0.00127171
0.00122245
0.00113077
5.78563e-05
6.19502e-05
6.52123e-05
6.77005e-05
6.89308e-05
6.89908e-05
6.78619e-05
6.54557e-05
6.2099e-05
5.7999e-05
0.000447405
0.000471599
0.000488222
0.000504033
0.00051043
0.000511424
0.000505847
0.000492035
0.000473189
0.000451481
0.000620111
0.000625135
0.000620345
0.00061796
0.00061376
0.000613588
0.000618363
0.000623702
0.0006249
0.000618122
0.000602908
0.000556309
0.000516577
0.000496048
0.000485514
0.000485947
0.000496387
0.000517666
0.000551749
0.000595428
0.000502649
0.000458873
0.00043838
0.000434752
0.000435537
0.000435717
0.000434863
0.000437821
0.000453648
0.000492454
0.0004596
0.000476211
0.000516728
0.000558244
0.000582804
0.000582417
0.00055775
0.000516508
0.000474825
0.000456267
0.000545376
0.000661846
0.000756756
0.000818007
0.000849525
0.000849158
0.000817385
0.000756717
0.000666258
0.000551435
0.000753527
0.000904324
0.000996866
0.001049
0.00107339
0.00107319
0.00104859
0.000996855
0.00090798
0.000761312
0.000962405
0.00108743
0.00115644
0.0011956
0.00121343
0.00121337
0.00119551
0.00115658
0.00108886
0.000967408
0.00110629
0.00120456
0.00125651
0.00128543
0.00129836
0.00129837
0.00128551
0.00125683
0.00120561
0.00110919
5.78787e-05
6.20866e-05
6.5378e-05
6.76843e-05
6.88788e-05
6.8981e-05
6.78846e-05
6.55509e-05
6.22063e-05
5.80995e-05
0.000449616
0.000478446
0.000496244
0.000508069
0.000515008
0.000516706
0.000511108
0.00049836
0.000479963
0.000457182
0.000632124
0.00064165
0.000640998
0.000639725
0.000638123
0.000638086
0.000641426
0.000643604
0.00064083
0.000630802
0.000632157
0.000590568
0.000548827
0.000525953
0.000515197
0.000514688
0.00052623
0.000549782
0.000585671
0.000621455
0.000534136
0.000484374
0.000455503
0.000447217
0.000445617
0.000445531
0.000447346
0.00045548
0.000479097
0.000524126
0.000472279
0.000475426
0.000502113
0.000537263
0.000558894
0.000559479
0.000538352
0.000503627
0.00047541
0.000469489
0.000528442
0.000625595
0.000725708
0.000785869
0.000816837
0.000817196
0.00078641
0.000728108
0.000633867
0.000535842
0.000715502
0.000864006
0.000968598
0.00102329
0.00104909
0.00104924
0.00102372
0.000970888
0.000872977
0.000730122
0.000926625
0.00106019
0.00113528
0.00117666
0.00119579
0.00119597
0.0011773
0.00113709
0.00106565
0.000938579
0.00108013
0.00118488
0.00124044
0.00127114
0.00128504
0.00128521
0.00127177
0.00124194
0.00118856
0.00108712
5.78818e-05
6.2224e-05
6.55608e-05
6.77148e-05
6.88436e-05
6.89502e-05
6.78672e-05
6.56375e-05
6.23151e-05
5.81809e-05
0.000451197
0.000484866
0.000504057
0.000513547
0.000519524
0.000521628
0.000516482
0.000504714
0.000486567
0.000462224
0.000643159
0.000656563
0.000659382
0.000658765
0.000658303
0.000659003
0.000661665
0.000661349
0.000655611
0.000643157
0.000657971
0.000624484
0.000581714
0.000555606
0.000543942
0.00054322
0.000556906
0.000583238
0.000620242
0.000645976
0.000566362
0.000513445
0.000476257
0.000462402
0.000458161
0.0004581
0.000463133
0.000477105
0.000508739
0.000555812
0.000489873
0.000480047
0.000494911
0.0005213
0.000539982
0.000541449
0.000524034
0.000498
0.00048154
0.000487078
0.000520158
0.000595034
0.000691168
0.000756916
0.00078677
0.000787885
0.000759211
0.00069742
0.000606439
0.000528021
0.000677381
0.000823125
0.000935348
0.00099799
0.00102477
0.00102539
0.000999751
0.000941239
0.000837948
0.000696084
0.000886173
0.00103012
0.00111296
0.00115749
0.00117786
0.00117838
0.00115913
0.00111707
0.00104099
0.000903783
0.00105188
0.00116394
0.00122395
0.00125661
0.00127149
0.00127191
0.00125798
0.00122698
0.0011712
0.00106322
5.78201e-05
6.23372e-05
6.57125e-05
6.78164e-05
6.88831e-05
6.89287e-05
6.78432e-05
6.57036e-05
6.2405e-05
5.82365e-05
0.000450456
0.000490569
0.000510965
0.000520747
0.000525745
0.00052685
0.000522019
0.000511079
0.00049265
0.000466691
0.000653037
0.000669983
0.00067595
0.000676515
0.000676079
0.00067714
0.000679235
0.000677116
0.000669514
0.000655256
0.000680637
0.00065665
0.000615455
0.000585465
0.000571686
0.000571188
0.000587371
0.000616319
0.000648452
0.000671062
0.000596303
0.000545878
0.000500991
0.000480135
0.000472647
0.00047283
0.000481469
0.000501583
0.000540129
0.000581745
0.000512464
0.000490449
0.000493907
0.000511285
0.000525782
0.000527976
0.000515473
0.00049848
0.00049206
0.000507784
0.000518537
0.000571366
0.000656414
0.000726444
0.00075974
0.000761906
0.00073266
0.000667798
0.000585969
0.000525666
0.000644501
0.000784505
0.000898819
0.000969945
0.00100084
0.00100226
0.000974779
0.000909804
0.00080582
0.000665
0.00084623
0.000997991
0.00108893
0.00113773
0.00115971
0.00116075
0.00114111
0.00109652
0.00101577
0.000868021
0.00102202
0.00114116
0.00120668
0.00124172
0.00125774
0.00125855
0.00124433
0.00121212
0.00115367
0.0010379
5.76005e-05
6.23912e-05
6.58126e-05
6.79529e-05
6.90046e-05
6.89618e-05
6.78461e-05
6.57445e-05
6.24628e-05
5.82732e-05
0.000445211
0.000495108
0.000517931
0.000528999
0.000533902
0.000533603
0.000528236
0.000517143
0.000498275
0.000470682
0.000660327
0.000681371
0.000690814
0.000693488
0.000693098
0.000693759
0.000694822
0.000691381
0.00068282
0.000666899
0.000700128
0.000685297
0.000649665
0.000616669
0.00059987
0.000599405
0.000616968
0.000647283
0.000675528
0.000696571
0.000625103
0.000580474
0.000529739
0.000500838
0.000489327
0.00048958
0.000501524
0.000527526
0.000571116
0.000609825
0.000538207
0.000505869
0.000497605
0.000506906
0.000517246
0.000519877
0.000512488
0.000503328
0.000505766
0.000530398
0.00052013
0.000554332
0.000624447
0.000692416
0.000730912
0.000735284
0.000704841
0.000643342
0.000572416
0.000527527
0.000614734
0.000742522
0.000860413
0.000937019
0.000973983
0.000977237
0.000947591
0.000880712
0.000778679
0.000640704
0.000806852
0.000959403
0.00106242
0.00111674
0.00114122
0.00114322
0.00112336
0.00107658
0.000992012
0.000836467
0.00099014
0.00111492
0.00118825
0.00122655
0.00124405
0.00124551
0.00123128
0.00119798
0.00113698
0.00101355
5.71529e-05
6.23822e-05
6.58891e-05
6.80845e-05
6.91674e-05
6.90746e-05
6.78969e-05
6.57657e-05
6.24994e-05
5.83199e-05
0.000437028
0.000498517
0.000525791
0.000537821
0.000543094
0.000542064
0.000535709
0.000523553
0.0005037
0.000475193
0.000665393
0.000691706
0.000704305
0.000709147
0.000709374
0.000709478
0.000709084
0.000704649
0.000695414
0.000677585
0.000719419
0.000711587
0.000683285
0.000649872
0.000630005
0.000628731
0.000645554
0.00067522
0.000702644
0.00071707
0.000664084
0.000619407
0.000563165
0.000525631
0.000509297
0.000508906
0.000522875
0.000553555
0.000600258
0.000637837
0.000574603
0.0005306
0.000507677
0.000507593
0.000514151
0.0005168
0.000513423
0.000511194
0.000521376
0.000553339
0.0005349
0.000549023
0.000598866
0.000659836
0.000700426
0.000707406
0.000679276
0.000624696
0.000565864
0.000532863
0.000599928
0.000701486
0.00082184
0.000901814
0.000943592
0.000949829
0.000920831
0.00085551
0.000753196
0.000624081
0.0007671
0.000913795
0.00103241
0.00109383
0.00112185
0.00112574
0.00110639
0.00105847
0.000968517
0.000811412
0.000950753
0.0010828
0.00116721
0.00121039
0.00123027
0.00123302
0.00121925
0.00118531
0.00112188
0.000992427
5.66412e-05
6.21779e-05
6.59402e-05
6.82073e-05
6.93266e-05
6.92327e-05
6.79914e-05
6.57728e-05
6.25097e-05
5.83623e-05
0.000428258
0.000495161
0.000532716
0.000546796
0.000552629
0.000551325
0.000543393
0.000529434
0.000508222
0.000479896
0.000659829
0.000694494
0.000714727
0.000722861
0.00072431
0.00072414
0.000722585
0.000717529
0.000707448
0.000687564
0.000724578
0.000727984
0.000712491
0.000684012
0.000662612
0.000659372
0.000673416
0.000700498
0.000725499
0.000734114
0.000691784
0.000652007
0.000598092
0.000555027
0.00053345
0.000531132
0.000545402
0.000578959
0.000627132
0.000660658
0.000596641
0.000552992
0.000521553
0.000512561
0.000515145
0.000517557
0.000517274
0.000521107
0.000537975
0.000575384
0.000535009
0.000541442
0.000577552
0.00063075
0.000671539
0.000681522
0.000658156
0.00061142
0.00056453
0.0005411
0.000568725
0.000655541
0.000779776
0.000867337
0.000913532
0.000923311
0.000896973
0.000834955
0.000731613
0.000615879
0.000705759
0.000858891
0.000998298
0.00107178
0.0011039
0.00110983
0.00109142
0.00104343
0.000947506
0.000791274
0.000892604
0.00104456
0.00114681
0.00119675
0.00121871
0.00122251
0.00120935
0.00117537
0.00110983
0.00097403
5.69131e-05
6.25243e-05
6.61115e-05
6.83632e-05
6.94987e-05
6.94314e-05
6.81427e-05
6.5816e-05
6.25484e-05
5.84555e-05
0.000429301
0.000495974
0.000533888
0.00055429
0.000561675
0.000561697
0.000553228
0.000537721
0.000515747
0.000487796
0.000684578
0.00071136
0.000724657
0.00073383
0.000737376
0.000737472
0.00073518
0.000729417
0.00071804
0.000696342
0.000773343
0.000758579
0.000739095
0.000715778
0.000696295
0.000690685
0.000700178
0.000722536
0.000742742
0.000747812
0.000767419
0.000701439
0.000638979
0.000589709
0.000563621
0.00055758
0.000569308
0.000602538
0.000649886
0.000689961
0.000678193
0.000604272
0.000548341
0.000525781
0.000522642
0.000523277
0.000524184
0.000532031
0.000553675
0.000594707
0.00060798
0.000566663
0.000572379
0.000609262
0.000646507
0.000658962
0.00064152
0.000602871
0.000566484
0.000550767
0.000605176
0.000638571
0.000733772
0.000828194
0.000880576
0.000896216
0.000875501
0.00081871
0.000716998
0.000614468
0.000688131
0.000803719
0.000943826
0.00103704
0.00107953
0.0010918
0.00107708
0.00103104
0.000931988
0.000777901
0.000836506
0.000982864
0.00110372
0.00116968
0.00120106
0.00121037
0.00120007
0.00116752
0.00110135
0.000960499
5.20627e-05
6.09681e-05
6.61594e-05
6.85876e-05
6.95791e-05
6.94874e-05
6.82096e-05
6.58217e-05
6.25401e-05
5.84484e-05
0.000305967
0.000422887
0.000512935
0.00055372
0.000568075
0.000566742
0.000556789
0.000539128
0.000515963
0.000486991
0.000544175
0.000681224
0.000737648
0.000747089
0.00074802
0.000748084
0.000746114
0.000740251
0.000727864
0.000704839
0.000650036
0.000756895
0.000768534
0.000746768
0.000725771
0.000717545
0.00072372
0.000742217
0.000758872
0.000761786
0.000652788
0.000702397
0.000669715
0.000624641
0.000590593
0.000581201
0.000591469
0.000623959
0.000667451
0.000691773
0.000555875
0.000590791
0.000572036
0.000536238
0.000526848
0.000528309
0.000531427
0.000542469
0.000568235
0.000612043
0.000482577
0.000551037
0.000558975
0.000588231
0.000626285
0.000643029
0.000629896
0.000597498
0.000569134
0.000560566
0.000488169
0.00058463
0.000687792
0.000802948
0.000867726
0.000882347
0.000861425
0.000805545
0.000706895
0.000615494
0.00057587
0.000738204
0.000915229
0.0010062
0.00104443
0.00106431
0.00106985
0.00102279
0.00092222
0.000769324
0.000744254
0.000841777
0.000922028
0.00100142
0.00105376
0.00108263
0.00109796
0.00111017
0.00109869
0.000952454
4.74234e-05
5.58175e-05
6.32765e-05
6.77389e-05
6.95214e-05
6.9437e-05
6.80382e-05
6.55835e-05
6.23212e-05
5.83901e-05
0.000394625
0.000404671
0.000466843
0.000538116
0.000578307
0.000588937
0.000584366
0.000570763
0.000550289
0.000521676
0.000647701
0.000630629
0.00069505
0.000745253
0.00076249
0.000765298
0.000762806
0.000756314
0.000744141
0.000721578
0.000763727
0.000741088
0.000770788
0.000780165
0.00076906
0.000756247
0.000752609
0.000760621
0.00077122
0.000773732
0.000810531
0.000774655
0.000734012
0.000689444
0.000657513
0.000630138
0.000625346
0.000644202
0.000680725
0.000723698
0.00079165
0.000704774
0.000628932
0.000597601
0.000569613
0.000555218
0.000552739
0.000559792
0.000581075
0.000621418
0.000732463
0.000627658
0.000583376
0.000594523
0.00060937
0.000628821
0.000630986
0.000611801
0.000589071
0.000578939
0.000670143
0.000602187
0.000611448
0.000687277
0.000765566
0.000809807
0.000830753
0.000820126
0.000738495
0.000646639
0.000637584
0.000625834
0.000667235
0.000742273
0.000794809
0.00082125
0.000829288
0.000833862
0.000856124
0.000812004
0.000651124
0.000691737
0.000706825
0.000763915
0.000812384
0.000841113
0.000855833
0.000865816
0.000874832
0.000944072
)
;

boundaryField
{
    inlet
    {
        type            calculated;
        value           nonuniform List<scalar> 
500
(
0.00157384
0.00157384
0.00157384
0.00157384
0.00157384
0.00157384
0.00157384
0.00157384
0.00157384
0.00157384
0.00157384
0.00157384
0.00157384
0.00157384
0.00157384
0.00157384
0.00157384
0.00157384
0.00157384
0.00157384
0.00157384
0.00157384
0.00157384
0.00157384
0.00157384
0.00157384
0.00157384
0.00157384
0.00157384
0.00157384
0.00157384
0.00157384
0.00157384
0.00157384
0.00157384
0.00157384
0.00157384
0.00157384
0.00157384
0.00157384
0.00157384
0.00157384
0.00157384
0.00157384
0.00157384
0.00157384
0.00157384
0.00157384
0.00157384
0.00157384
0.00157384
0.00157384
0.00157384
0.00157384
0.00157384
0.00157384
0.00157384
0.00157384
0.00157384
0.00157384
0.00157384
0.00157384
0.00157384
0.00157384
0.00157384
0.00157384
0.00157384
0.00157384
0.00157384
0.00157384
0.00157384
0.00157384
0.00157384
0.00157384
0.00157384
0.00157384
0.00157384
0.00157384
0.00157384
0.00157384
0.00157384
0.00157384
0.00157384
0.00157384
0.00157384
0.00157384
0.00157384
0.00157384
0.00157384
0.00157384
0.00157384
0.00157384
0.00157384
0.00157384
0.00157384
0.00157384
0.00157384
0.00157384
0.00157384
0.00157384
1.3782e-05
0.00157384
0.00157384
0.00157384
0.00157384
0.00157384
0.00157384
0.00157384
0.00157384
0.00157384
1.49912e-05
0.00157384
0.00157384
0.00157384
0.00157384
0.00157384
0.00157384
0.00157384
0.00157384
0.00157384
1.59748e-05
0.00157384
0.00157384
0.00157384
0.00157384
0.00157384
0.00157384
0.00157384
0.00157384
0.00157384
1.66675e-05
0.00157384
0.00157384
0.00157384
0.00157384
0.00157384
0.00157384
0.00157384
0.00157384
0.00157384
1.70264e-05
0.00157384
0.00157384
0.00157384
0.00157384
0.00157384
0.00157384
0.00157384
0.00157384
0.00157384
1.70252e-05
0.00157384
0.00157384
0.00157384
0.00157384
0.00157384
0.00157384
0.00157384
0.00157384
0.00157384
1.66673e-05
0.00157384
0.00157384
0.00157384
0.00157384
0.00157384
0.00157384
0.00157384
0.00157384
0.00157384
1.59755e-05
0.00157384
0.00157384
0.00157384
0.00157384
0.00157384
0.00157384
0.00157384
0.00157384
0.00157384
1.49911e-05
0.00157384
0.00157384
0.00157384
0.00157384
0.00157384
0.00157384
0.00157384
0.00157384
0.00157384
1.37837e-05
0.00157384
0.00157384
0.00157384
0.00157384
0.00157384
0.00157384
0.00157384
0.00157384
0.00157384
1.37836e-05
0.00157384
0.00157384
0.00157384
0.00157384
0.00157384
0.00157384
0.00157384
0.00157384
0.00157384
1.49911e-05
0.00157384
0.00157384
0.00157384
0.00157384
0.00157384
0.00157384
0.00157384
0.00157384
0.00157384
1.59746e-05
0.00157384
0.00157384
0.00157384
0.00157384
0.00157384
0.00157384
0.00157384
0.00157384
0.00157384
1.66676e-05
0.00157384
0.00157384
0.00157384
0.00157384
0.00157384
0.00157384
0.00157384
0.00157384
0.00157384
1.70253e-05
0.00157384
0.00157384
0.00157384
0.00157384
0.00157384
0.00157384
0.00157384
0.00157384
0.00157384
1.70249e-05
0.00157384
0.00157384
0.00157384
0.00157384
0.00157384
0.00157384
0.00157384
0.00157384
0.00157384
1.66671e-05
0.00157384
0.00157384
0.00157384
0.00157384
0.00157384
0.00157384
0.00157384
0.00157384
0.00157384
1.59743e-05
0.00157384
0.00157384
0.00157384
0.00157384
0.00157384
0.00157384
0.00157384
0.00157384
0.00157384
1.4991e-05
0.00157384
0.00157384
0.00157384
0.00157384
0.00157384
0.00157384
0.00157384
0.00157384
0.00157384
1.37842e-05
0.00155664
0.00157384
0.00157384
0.00157384
0.00157384
0.00157384
0.00157384
0.00157384
0.00157384
1.3783e-05
0.00157384
0.00157384
0.00157384
0.00157384
0.00157384
0.00157384
0.00157384
0.00157384
0.00157384
1.4991e-05
0.00157384
0.00157384
0.00157384
0.00157384
0.00157384
0.00157384
0.00157384
0.00157384
0.00157384
1.59737e-05
0.00157384
0.00157384
0.00157384
0.00157384
0.00157384
0.00157384
0.00157384
0.00157384
0.00157384
1.66671e-05
0.00157384
0.00157384
0.00157384
0.00157384
0.00157384
0.00157384
0.00157384
0.00157384
0.00157384
1.70257e-05
0.00157384
0.00157384
0.00157384
0.00157384
0.00157384
0.00157384
0.00157384
0.00157384
0.00157384
1.70256e-05
0.00157384
0.00157384
0.00157384
0.00157384
0.00157384
0.00157384
0.00157384
0.00157384
0.00157384
1.6667e-05
0.00157384
0.00157384
0.00157384
0.00157384
0.00157384
0.00157384
0.00157384
0.00157384
0.00157384
1.59743e-05
0.00157384
0.00157384
0.00157384
0.00157384
0.00157384
0.00157384
0.00157384
0.00157384
0.00157384
1.49911e-05
0.00157384
0.00157384
0.00157384
0.00157384
0.00157384
0.00157384
0.00157384
0.00157384
0.00157384
1.37829e-05
0.00157384
0.00157384
0.00157384
0.00157384
0.00157384
0.00157384
0.00157384
0.00157384
0.00157384
1.37826e-05
0.00157384
0.00157384
0.00157384
0.00157384
0.00157384
0.00157384
0.00157384
0.00157384
0.00157384
1.49919e-05
0.00157384
0.00157384
0.00157384
0.00157384
0.00157384
0.00157384
0.00157384
0.00157384
0.00157384
1.59739e-05
0.00157384
0.00157384
0.00157384
0.00157384
0.00157384
0.00157384
0.00157384
0.00157384
0.00157384
1.66679e-05
0.00157384
0.00157384
0.00157384
0.00157384
0.00157384
0.00157384
0.00157384
0.00157384
0.00157384
1.70253e-05
0.00157384
0.00157384
0.00157384
0.00157384
0.00157384
0.00157384
0.00157384
0.00157384
0.00157384
1.7025e-05
0.00157384
0.00157384
0.00157384
0.00157384
0.00157384
0.00157384
0.00157384
0.00157384
0.00157384
1.66674e-05
0.00157384
0.00157384
0.00157384
0.00157384
0.00157384
0.00157384
0.00157384
0.00157384
0.00157384
1.59742e-05
0.00157384
0.00157384
0.00157384
0.00157384
0.00157384
0.00157384
0.00157384
0.00157384
0.00157384
1.49904e-05
0.00157384
0.00157384
0.00157384
0.00157384
0.00157384
0.00157384
0.00157384
0.00157384
0.00157384
1.37817e-05
0.00157384
0.00157384
0.00157384
0.00157384
0.00157384
0.00157384
0.00157384
0.00157384
0.00157384
)
;
    }
    outlet
    {
        type            calculated;
        value           nonuniform List<scalar> 
500
(
0.0011611
0.0011622
0.00114597
0.00112607
0.00110926
0.00109033
0.00104695
0.000945861
0.000802161
0.000676148
0.00109119
0.00112145
0.0011373
0.00113494
0.00113229
0.00113386
0.00112137
0.00106858
0.000921579
0.000738799
0.00107258
0.00110459
0.00113147
0.00115
0.0011637
0.00117124
0.00115645
0.0010963
0.000972439
0.000768489
0.00108534
0.00111079
0.00114069
0.00116643
0.00118158
0.00118264
0.00116199
0.00110143
0.00099414
0.000779674
0.00109927
0.001123
0.00115326
0.0011738
0.00117954
0.00116936
0.00114297
0.00109498
0.00100007
0.000781292
0.00109796
0.00112175
0.00115283
0.00117353
0.00117886
0.00116884
0.00114241
0.00109614
0.00100166
0.000781765
0.00108655
0.00111393
0.00114546
0.00116946
0.00117772
0.00116899
0.00114486
0.00109885
0.000997577
0.000780942
0.00107101
0.00110772
0.00114009
0.00116279
0.00117088
0.00116624
0.00114648
0.00109419
0.000977862
0.000769534
0.00108083
0.00111301
0.00113265
0.00114188
0.00115119
0.00115516
0.00114019
0.00107868
0.000927629
0.000739762
0.00116189
0.00114105
0.00112696
0.00112349
0.00112822
0.00111826
0.00107113
0.000957132
0.000801938
0.000676907
5.82319e-05
0.000505982
0.000726397
0.000770628
0.000711618
0.000613331
0.000586994
0.000676078
0.000858479
0.000970679
6.21038e-05
0.000556756
0.000744923
0.00075935
0.000666458
0.000583678
0.000615143
0.000780278
0.000990197
0.00107389
6.50365e-05
0.000584698
0.000756855
0.000735668
0.000617205
0.000569386
0.000675814
0.000909439
0.00110796
0.00108033
6.70123e-05
0.000601767
0.000760274
0.000707256
0.00058401
0.000575091
0.000742259
0.000990443
0.00109959
0.00108706
6.80149e-05
0.000609514
0.000760241
0.000693048
0.000571543
0.000582049
0.000778668
0.00102419
0.0010833
0.00108963
6.80204e-05
0.000609979
0.000760162
0.000694025
0.000572641
0.000582079
0.000777044
0.00102276
0.00108419
0.00108879
6.69912e-05
0.00060438
0.000760449
0.000712423
0.000588465
0.000574327
0.000735643
0.000985474
0.0010958
0.00108447
6.49893e-05
0.000587758
0.000756357
0.000740201
0.000622467
0.000569407
0.000669497
0.000903177
0.00110185
0.00107301
6.20721e-05
0.000557907
0.000745035
0.000761874
0.000671445
0.000586977
0.000614307
0.000775347
0.000986716
0.0010711
5.82254e-05
0.000505296
0.000725621
0.000771102
0.000715273
0.000617395
0.000589211
0.00067587
0.000857094
0.000980292
5.83709e-05
0.000522869
0.000720252
0.000772014
0.000723003
0.000622022
0.000580425
0.00064856
0.000814476
0.000995672
6.22961e-05
0.00055127
0.000743058
0.000767576
0.000674934
0.000577468
0.000588727
0.000741273
0.000958527
0.00112846
6.55972e-05
0.000570483
0.000755804
0.000756192
0.000636825
0.000556021
0.000613423
0.000824808
0.00103953
0.00113228
6.80537e-05
0.000584042
0.000762332
0.00074888
0.000619733
0.000550763
0.000634381
0.000858512
0.00104289
0.00110358
6.94084e-05
0.000588931
0.000764692
0.000753301
0.000625728
0.000553412
0.000631234
0.000848768
0.00102008
0.0010737
6.94419e-05
0.000578561
0.00076254
0.000768218
0.000655252
0.000568631
0.000610977
0.000790115
0.000975345
0.00102033
6.76954e-05
0.000538972
0.000746705
0.000781281
0.000701883
0.00060618
0.000596468
0.000702586
0.000879074
0.000936642
6.33774e-05
0.000469358
0.000698135
0.000773012
0.000749543
0.000650488
0.000612106
0.000636655
0.000739928
0.000841927
5.59602e-05
0.00040405
0.000629415
0.000739845
0.000774379
0.000724839
0.000657111
0.000627694
0.000653596
0.00073203
4.71484e-05
0.000388533
0.000634651
0.000750866
0.00080221
0.000786915
0.000729375
0.000667821
0.00063597
0.000650787
4.62536e-05
0.000443351
0.000784728
0.000895039
0.00091297
0.000872068
0.000799636
0.000718807
0.000631462
0.00062694
9.00183e-05
0.0004975
0.000931466
0.00118018
0.00114245
0.00101432
0.000869011
0.000746879
0.000669815
0.000658702
6.41126e-05
4.21316e-05
0.000830191
0.00144987
0.00140584
0.00120608
0.000994425
0.000825539
0.000712044
0.000679882
4.18902e-05
7.66412e-05
0.000738498
0.00130315
0.00165074
0.00141751
0.00112905
0.000900117
0.000748814
0.000693775
4.10221e-05
0.00011728
3.56457e-05
0.00124193
0.00180491
0.00156505
0.00121671
0.000945733
0.000771948
0.000700675
4.08027e-05
0.000119903
3.57753e-05
0.00123479
0.00181069
0.00157327
0.00122396
0.000950806
0.000772881
0.000700569
4.09253e-05
8.33088e-05
0.000732109
0.00128523
0.00166871
0.00143717
0.00114298
0.000911271
0.000755518
0.000695958
6.07781e-05
4.39456e-05
0.000819436
0.00143617
0.00142759
0.00122717
0.00101273
0.000840638
0.000722828
0.000685171
9.68505e-05
0.000496653
0.000918885
0.00120165
0.00116479
0.00103376
0.000884867
0.000759927
0.000679985
0.000664485
4.82101e-05
0.000449193
0.00080493
0.000917489
0.000932047
0.000886632
0.00081042
0.000727244
0.000644628
0.000636099
4.74428e-05
0.000395788
0.000647701
0.000763727
0.000810531
0.00079165
0.000732463
0.000670143
0.000637584
0.000651124
5.58219e-05
0.000405534
0.000630629
0.000741088
0.000774655
0.000728836
0.000656796
0.000626236
0.000652485
0.000730002
6.32735e-05
0.000467602
0.00069505
0.000770788
0.000748497
0.000651316
0.000609506
0.000634938
0.000739023
0.000833819
6.77346e-05
0.00053902
0.000745253
0.000780165
0.000703078
0.000605749
0.000594523
0.000701319
0.000878637
0.000927866
6.95166e-05
0.000579335
0.00076249
0.00076906
0.000657513
0.000569613
0.00060937
0.000788309
0.000975391
0.00101193
6.94308e-05
0.000589835
0.000765298
0.000756247
0.000630138
0.000555218
0.000628821
0.000845545
0.0010274
0.00107035
6.8031e-05
0.000585007
0.000762806
0.000752609
0.000625346
0.000552739
0.000630986
0.000854345
0.00104908
0.00111071
6.55763e-05
0.000571195
0.000756314
0.000760621
0.000644202
0.000559792
0.000611801
0.000820126
0.00103632
0.0011462
6.23144e-05
0.000550534
0.000744141
0.00077122
0.000680725
0.000581075
0.000589071
0.000738495
0.00095567
0.00112704
5.83841e-05
0.000521899
0.000721578
0.000773732
0.000723698
0.000621418
0.000578939
0.000646639
0.000812004
0.000993526
)
;
    }
    walls
    {
        type            nutkWallFunction;
        blending        stepwise;
        value           nonuniform List<scalar> 
1600
(
1.63896e-05
2.10503e-05
2.45209e-05
2.67428e-05
2.78882e-05
2.82857e-05
2.82281e-05
2.79324e-05
2.75563e-05
2.72006e-05
2.69142e-05
2.67104e-05
2.65875e-05
2.6531e-05
2.65148e-05
2.65097e-05
2.64985e-05
2.64802e-05
2.64612e-05
2.64468e-05
2.64402e-05
2.64412e-05
2.64434e-05
2.64381e-05
2.6422e-05
2.64027e-05
2.63886e-05
2.63777e-05
2.63651e-05
2.63549e-05
2.63546e-05
2.63677e-05
2.63957e-05
2.64487e-05
2.65371e-05
2.67084e-05
2.69134e-05
2.73922e-05
2.75001e-05
2.9262e-05
1.76673e-05
2.22508e-05
2.58246e-05
2.8297e-05
2.97439e-05
3.04046e-05
3.05464e-05
3.03881e-05
3.00859e-05
2.97476e-05
2.94356e-05
2.91777e-05
2.8981e-05
2.88433e-05
2.87578e-05
2.8715e-05
2.87047e-05
2.8718e-05
2.87444e-05
2.87708e-05
2.87881e-05
2.87929e-05
2.87842e-05
2.87614e-05
2.87262e-05
2.86868e-05
2.86531e-05
2.86313e-05
2.86254e-05
2.86331e-05
2.86431e-05
2.86521e-05
2.86707e-05
2.8722e-05
2.88204e-05
2.90087e-05
2.92301e-05
2.97565e-05
2.98885e-05
3.18188e-05
1.87087e-05
2.32303e-05
2.68535e-05
2.94834e-05
3.11533e-05
3.2031e-05
3.23538e-05
3.23249e-05
3.20973e-05
3.17827e-05
3.14555e-05
3.11609e-05
3.09162e-05
3.07246e-05
3.05925e-05
3.05252e-05
3.05148e-05
3.05376e-05
3.05652e-05
3.05793e-05
3.05753e-05
3.05589e-05
3.05385e-05
3.05159e-05
3.04885e-05
3.0457e-05
3.04284e-05
3.0416e-05
3.04281e-05
3.04565e-05
3.04824e-05
3.04962e-05
3.05097e-05
3.05529e-05
3.06484e-05
3.08487e-05
3.10893e-05
3.16473e-05
3.17754e-05
3.3807e-05
1.94424e-05
2.39256e-05
2.75719e-05
3.02842e-05
3.20808e-05
3.30991e-05
3.35546e-05
3.36272e-05
3.34637e-05
3.31774e-05
3.28535e-05
3.25421e-05
3.22714e-05
3.20593e-05
3.19137e-05
3.18292e-05
3.17905e-05
3.17782e-05
3.17747e-05
3.17701e-05
3.1763e-05
3.17562e-05
3.1751e-05
3.17477e-05
3.17468e-05
3.175e-05
3.17525e-05
3.17445e-05
3.17217e-05
3.16951e-05
3.16897e-05
3.17173e-05
3.177e-05
3.18464e-05
3.19545e-05
3.21519e-05
3.23813e-05
3.29415e-05
3.30588e-05
3.51535e-05
1.98197e-05
2.42783e-05
2.79319e-05
3.06877e-05
3.25511e-05
3.36392e-05
3.41551e-05
3.42785e-05
3.41546e-05
3.38928e-05
3.35748e-05
3.32572e-05
3.29773e-05
3.27541e-05
3.25918e-05
3.24831e-05
3.24146e-05
3.2377e-05
3.23666e-05
3.23793e-05
3.24027e-05
3.24189e-05
3.24166e-05
3.24015e-05
3.2391e-05
3.23993e-05
3.24223e-05
3.24428e-05
3.24443e-05
3.24237e-05
3.23985e-05
3.23959e-05
3.24307e-05
3.25115e-05
3.26346e-05
3.28349e-05
3.30476e-05
3.35898e-05
3.36892e-05
3.58233e-05
1.98213e-05
2.42834e-05
2.79358e-05
3.06883e-05
3.25527e-05
3.36472e-05
3.41691e-05
3.42956e-05
3.41709e-05
3.3902e-05
3.35754e-05
3.32527e-05
3.29703e-05
3.27475e-05
3.25894e-05
3.24871e-05
3.24228e-05
3.23809e-05
3.23558e-05
3.23484e-05
3.23555e-05
3.23716e-05
3.23912e-05
3.24063e-05
3.24074e-05
3.23966e-05
3.23879e-05
3.23938e-05
3.24142e-05
3.2435e-05
3.24457e-05
3.24492e-05
3.24624e-05
3.25116e-05
3.26092e-05
3.28018e-05
3.30249e-05
3.35848e-05
3.36986e-05
3.58342e-05
1.94423e-05
2.39264e-05
2.7576e-05
3.02898e-05
3.20834e-05
3.30981e-05
3.35528e-05
3.36327e-05
3.34801e-05
3.31962e-05
3.28593e-05
3.25323e-05
3.22612e-05
3.20667e-05
3.19376e-05
3.18507e-05
3.17903e-05
3.17514e-05
3.17309e-05
3.17237e-05
3.17258e-05
3.17346e-05
3.17467e-05
3.17533e-05
3.17449e-05
3.17195e-05
3.16933e-05
3.16888e-05
3.17092e-05
3.17391e-05
3.17646e-05
3.17897e-05
3.18266e-05
3.18895e-05
3.1987e-05
3.21702e-05
3.23804e-05
3.29233e-05
3.30303e-05
3.51409e-05
1.87081e-05
2.32274e-05
2.68466e-05
2.94703e-05
3.11338e-05
3.20117e-05
3.23405e-05
3.23215e-05
3.21015e-05
3.17848e-05
3.14489e-05
3.11466e-05
3.09036e-05
3.07208e-05
3.05919e-05
3.05126e-05
3.048e-05
3.04852e-05
3.05078e-05
3.05262e-05
3.05312e-05
3.05248e-05
3.05113e-05
3.04938e-05
3.04729e-05
3.0445e-05
3.04074e-05
3.03689e-05
3.03521e-05
3.03723e-05
3.04211e-05
3.04804e-05
3.05413e-05
3.06129e-05
3.07067e-05
3.08764e-05
3.10717e-05
3.15938e-05
3.16979e-05
3.37588e-05
1.76675e-05
2.2252e-05
2.58223e-05
2.82851e-05
2.97236e-05
3.03862e-05
3.05355e-05
3.03818e-05
3.00762e-05
2.97294e-05
2.94102e-05
2.91512e-05
2.89591e-05
2.8828e-05
2.87487e-05
2.87116e-05
2.87063e-05
2.87192e-05
2.87325e-05
2.87349e-05
2.87294e-05
2.87235e-05
2.87182e-05
2.87068e-05
2.86872e-05
2.86659e-05
2.86451e-05
2.86232e-05
2.86011e-05
2.85855e-05
2.85902e-05
2.86228e-05
2.86792e-05
2.87599e-05
2.88654e-05
2.90426e-05
2.92438e-05
2.97494e-05
2.98619e-05
3.17909e-05
1.63883e-05
2.10415e-05
2.45054e-05
2.67285e-05
2.78823e-05
2.82862e-05
2.82305e-05
2.79335e-05
2.75559e-05
2.72022e-05
2.69236e-05
2.67297e-05
2.66059e-05
2.65352e-05
2.65037e-05
2.64973e-05
2.65021e-05
2.65083e-05
2.65126e-05
2.65109e-05
2.64961e-05
2.64656e-05
2.64268e-05
2.63925e-05
2.63727e-05
2.63691e-05
2.6377e-05
2.63911e-05
2.64074e-05
2.64214e-05
2.64317e-05
2.64417e-05
2.64562e-05
2.64931e-05
2.65722e-05
2.67396e-05
2.69396e-05
2.74115e-05
2.75167e-05
2.92648e-05
1.63878e-05
2.10429e-05
2.45139e-05
2.67429e-05
2.78934e-05
2.82912e-05
2.82337e-05
2.79452e-05
2.7585e-05
2.72469e-05
2.69719e-05
2.67718e-05
2.66413e-05
2.65622e-05
2.65182e-05
2.65036e-05
2.65127e-05
2.65321e-05
2.65457e-05
2.65418e-05
2.6511e-05
2.64585e-05
2.64111e-05
2.63951e-05
2.64087e-05
2.64279e-05
2.64313e-05
2.64131e-05
2.63849e-05
2.63684e-05
2.63775e-05
2.64115e-05
2.64625e-05
2.6528e-05
2.66127e-05
2.67655e-05
2.69492e-05
2.73936e-05
2.75013e-05
2.91876e-05
1.76676e-05
2.22508e-05
2.58214e-05
2.82941e-05
2.9752e-05
3.04293e-05
3.05843e-05
3.04275e-05
3.01146e-05
2.97631e-05
2.94454e-05
2.91921e-05
2.90061e-05
2.88752e-05
2.8786e-05
2.87328e-05
2.87151e-05
2.87279e-05
2.87556e-05
2.87779e-05
2.87793e-05
2.87572e-05
2.87257e-05
2.87026e-05
2.87005e-05
2.87147e-05
2.87276e-05
2.87172e-05
2.86707e-05
2.861e-05
2.85765e-05
2.85941e-05
2.86571e-05
2.87494e-05
2.8856e-05
2.90093e-05
2.9183e-05
2.96026e-05
2.97352e-05
3.13404e-05
1.87084e-05
2.32328e-05
2.68623e-05
2.94948e-05
3.11607e-05
3.20333e-05
3.23546e-05
3.23276e-05
3.21018e-05
3.17851e-05
3.14527e-05
3.11525e-05
3.09102e-05
3.07331e-05
3.06159e-05
3.05482e-05
3.05179e-05
3.05104e-05
3.05104e-05
3.05101e-05
3.05109e-05
3.05179e-05
3.05295e-05
3.05394e-05
3.05438e-05
3.05386e-05
3.05194e-05
3.04853e-05
3.04458e-05
3.04205e-05
3.04206e-05
3.04444e-05
3.04874e-05
3.05526e-05
3.06452e-05
3.07994e-05
3.09864e-05
3.13939e-05
3.1558e-05
3.30402e-05
1.94424e-05
2.39234e-05
2.75707e-05
3.02904e-05
3.20971e-05
3.31176e-05
3.35643e-05
3.36276e-05
3.34613e-05
3.31758e-05
3.28527e-05
3.25456e-05
3.22829e-05
3.20761e-05
3.19276e-05
3.18319e-05
3.1778e-05
3.17513e-05
3.17383e-05
3.17323e-05
3.17334e-05
3.17442e-05
3.1761e-05
3.1775e-05
3.1777e-05
3.17611e-05
3.17315e-05
3.17002e-05
3.16845e-05
3.1693e-05
3.17156e-05
3.17396e-05
3.17607e-05
3.17921e-05
3.18569e-05
3.20009e-05
3.22105e-05
3.26319e-05
3.28516e-05
3.41792e-05
1.98212e-05
2.42822e-05
2.79372e-05
3.06957e-05
3.25648e-05
3.36596e-05
3.4175e-05
3.42901e-05
3.41551e-05
3.38833e-05
3.35606e-05
3.32472e-05
3.29784e-05
3.27664e-05
3.26097e-05
3.24999e-05
3.24289e-05
3.23881e-05
3.23687e-05
3.23642e-05
3.23722e-05
3.23899e-05
3.24074e-05
3.24139e-05
3.24048e-05
3.23849e-05
3.23649e-05
3.23555e-05
3.23629e-05
3.23798e-05
3.23909e-05
3.23809e-05
3.23488e-05
3.23293e-05
3.23741e-05
3.25344e-05
3.27888e-05
3.32154e-05
3.34631e-05
3.46138e-05
1.98215e-05
2.42839e-05
2.79405e-05
3.06971e-05
3.25607e-05
3.36489e-05
3.4163e-05
3.42844e-05
3.41604e-05
3.38959e-05
3.35733e-05
3.32513e-05
3.29673e-05
3.27444e-05
3.25884e-05
3.24899e-05
3.24313e-05
3.23973e-05
3.23776e-05
3.23715e-05
3.2385e-05
3.24145e-05
3.244e-05
3.24344e-05
3.2393e-05
3.23435e-05
3.23217e-05
3.23392e-05
3.23761e-05
3.24005e-05
3.23902e-05
3.23418e-05
3.2289e-05
3.22844e-05
3.23622e-05
3.25373e-05
3.27846e-05
3.31399e-05
3.33815e-05
3.42797e-05
1.94427e-05
2.39265e-05
2.75741e-05
3.02873e-05
3.20848e-05
3.31026e-05
3.3559e-05
3.36401e-05
3.34869e-05
3.32008e-05
3.28592e-05
3.25212e-05
3.22337e-05
3.20253e-05
3.19015e-05
3.18411e-05
3.181e-05
3.17843e-05
3.17606e-05
3.1749e-05
3.17578e-05
3.17818e-05
3.1802e-05
3.17945e-05
3.1752e-05
3.16975e-05
3.16615e-05
3.16584e-05
3.16748e-05
3.16898e-05
3.16924e-05
3.16889e-05
3.16991e-05
3.17389e-05
3.18157e-05
3.19439e-05
3.21383e-05
3.23914e-05
3.26653e-05
3.30404e-05
1.87094e-05
2.32329e-05
2.68542e-05
2.94785e-05
3.11491e-05
3.20351e-05
3.23682e-05
3.23446e-05
3.21124e-05
3.17837e-05
3.1438e-05
3.1125e-05
3.08761e-05
3.07042e-05
3.06043e-05
3.05542e-05
3.05257e-05
3.05041e-05
3.04932e-05
3.0501e-05
3.05221e-05
3.05401e-05
3.05439e-05
3.05319e-05
3.05079e-05
3.04746e-05
3.04349e-05
3.03915e-05
3.03575e-05
3.03478e-05
3.03639e-05
3.03966e-05
3.04348e-05
3.04759e-05
3.05362e-05
3.06489e-05
3.08375e-05
3.10267e-05
3.12818e-05
3.0573e-05
1.76679e-05
2.22515e-05
2.58177e-05
2.82817e-05
2.97303e-05
3.04022e-05
3.05545e-05
3.03953e-05
3.00814e-05
2.97329e-05
2.94227e-05
2.9178e-05
2.89949e-05
2.88593e-05
2.87601e-05
2.86906e-05
2.86469e-05
2.86274e-05
2.86343e-05
2.86636e-05
2.86967e-05
2.87128e-05
2.87083e-05
2.87003e-05
2.87053e-05
2.87196e-05
2.87256e-05
2.87088e-05
2.86711e-05
2.86259e-05
2.85839e-05
2.8554e-05
2.85458e-05
2.8568e-05
2.86245e-05
2.8723e-05
2.88409e-05
2.89598e-05
2.87301e-05
2.65275e-05
1.63881e-05
2.10386e-05
2.44976e-05
2.67121e-05
2.78603e-05
2.82643e-05
2.82114e-05
2.7916e-05
2.75416e-05
2.7194e-05
2.69236e-05
2.67386e-05
2.66226e-05
2.65501e-05
2.6501e-05
2.64639e-05
2.64359e-05
2.64207e-05
2.64215e-05
2.64357e-05
2.64534e-05
2.64649e-05
2.64684e-05
2.64711e-05
2.64784e-05
2.64865e-05
2.6486e-05
2.64738e-05
2.64534e-05
2.64223e-05
2.637e-05
2.63004e-05
2.62345e-05
2.61809e-05
2.61213e-05
2.60267e-05
2.59336e-05
2.58868e-05
2.45275e-05
2.12856e-05
1.63896e-05
2.10452e-05
2.45052e-05
2.67191e-05
2.78658e-05
2.8269e-05
2.82213e-05
2.79388e-05
2.75726e-05
2.72177e-05
2.69224e-05
2.67071e-05
2.65739e-05
2.65089e-05
2.64885e-05
2.64899e-05
2.6498e-05
2.65063e-05
2.65126e-05
2.65149e-05
2.65137e-05
2.65111e-05
2.65057e-05
2.64927e-05
2.64738e-05
2.64558e-05
2.64412e-05
2.64326e-05
2.64283e-05
2.64164e-05
2.63822e-05
2.63161e-05
2.62106e-05
2.60252e-05
2.56802e-05
2.5125e-05
2.4603e-05
2.38165e-05
2.16475e-05
1.65575e-05
1.76671e-05
2.22528e-05
2.58264e-05
2.82945e-05
2.97403e-05
3.04091e-05
3.05676e-05
3.04258e-05
3.01294e-05
2.97804e-05
2.94451e-05
2.91668e-05
2.89675e-05
2.88485e-05
2.87923e-05
2.87734e-05
2.8771e-05
2.87723e-05
2.87703e-05
2.8764e-05
2.87557e-05
2.87459e-05
2.87319e-05
2.87107e-05
2.86861e-05
2.86685e-05
2.86606e-05
2.86532e-05
2.86391e-05
2.86185e-05
2.85891e-05
2.85286e-05
2.83847e-05
2.80439e-05
2.7225e-05
2.58111e-05
2.40386e-05
2.17059e-05
2.21188e-05
1.39649e-05
1.87098e-05
2.32364e-05
2.68621e-05
2.94877e-05
3.11475e-05
3.20199e-05
3.23449e-05
3.23288e-05
3.21149e-05
3.18022e-05
3.14686e-05
3.11669e-05
3.09242e-05
3.07477e-05
3.0633e-05
3.05714e-05
3.05491e-05
3.05471e-05
3.0547e-05
3.05377e-05
3.05161e-05
3.04861e-05
3.0456e-05
3.04354e-05
3.04271e-05
3.04269e-05
3.04296e-05
3.04283e-05
3.04131e-05
3.03816e-05
3.03339e-05
3.02465e-05
3.0031e-05
2.94885e-05
2.80451e-05
2.47779e-05
2.09018e-05
1.61914e-05
2.4882e-05
1.19944e-05
1.94423e-05
2.39291e-05
2.75829e-05
3.03008e-05
3.20963e-05
3.31061e-05
3.35511e-05
3.36218e-05
3.34633e-05
3.31817e-05
3.28584e-05
3.25506e-05
3.22884e-05
3.20822e-05
3.19321e-05
3.18313e-05
3.17724e-05
3.17474e-05
3.17457e-05
3.17529e-05
3.17515e-05
3.17344e-05
3.17095e-05
3.16893e-05
3.16794e-05
3.16802e-05
3.16884e-05
3.16989e-05
3.17e-05
3.16772e-05
3.16157e-05
3.14839e-05
3.11756e-05
3.03573e-05
2.8075e-05
2.19986e-05
1.5263e-05
2.63904e-05
3.27674e-05
9.90125e-06
1.98204e-05
2.42802e-05
2.79391e-05
3.07019e-05
3.25686e-05
3.36558e-05
3.4166e-05
3.42819e-05
3.4151e-05
3.38806e-05
3.35595e-05
3.32491e-05
3.29841e-05
3.27752e-05
3.26179e-05
3.25034e-05
3.24227e-05
3.23696e-05
3.23431e-05
3.23409e-05
3.23565e-05
3.23792e-05
3.23988e-05
3.24108e-05
3.24141e-05
3.24079e-05
3.23941e-05
3.23761e-05
3.23533e-05
3.23197e-05
3.22556e-05
3.21048e-05
3.17293e-05
3.07389e-05
2.73118e-05
1.92184e-05
1.95632e-05
3.02484e-05
3.48544e-05
9.7519e-06
1.98205e-05
2.42814e-05
2.79403e-05
3.07024e-05
3.25686e-05
3.36532e-05
3.41599e-05
3.42756e-05
3.41494e-05
3.38899e-05
3.35776e-05
3.32665e-05
3.29903e-05
3.2763e-05
3.25885e-05
3.24633e-05
3.23812e-05
3.23387e-05
3.23311e-05
3.23498e-05
3.23817e-05
3.24132e-05
3.24329e-05
3.24389e-05
3.24337e-05
3.24178e-05
3.23903e-05
3.23572e-05
3.2323e-05
3.2283e-05
3.22208e-05
3.20821e-05
3.1726e-05
3.07499e-05
2.73432e-05
1.92536e-05
1.94579e-05
3.02331e-05
3.48155e-05
9.73051e-06
1.94431e-05
2.39269e-05
2.75739e-05
3.02859e-05
3.20802e-05
3.30948e-05
3.35464e-05
3.36227e-05
3.34669e-05
3.31824e-05
3.28481e-05
3.25253e-05
3.22526e-05
3.20456e-05
3.18994e-05
3.18006e-05
3.17363e-05
3.17026e-05
3.16935e-05
3.17016e-05
3.17181e-05
3.17343e-05
3.17435e-05
3.17434e-05
3.17396e-05
3.17398e-05
3.17458e-05
3.17478e-05
3.17313e-05
3.16882e-05
3.16018e-05
3.14433e-05
3.11195e-05
3.03059e-05
2.80494e-05
2.20655e-05
1.51619e-05
2.63062e-05
3.28524e-05
9.92232e-06
1.87089e-05
2.32344e-05
2.686e-05
2.94851e-05
3.11453e-05
3.20167e-05
3.23372e-05
3.23073e-05
3.20776e-05
3.17601e-05
3.14304e-05
3.11307e-05
3.08832e-05
3.06966e-05
3.0571e-05
3.05015e-05
3.04766e-05
3.04817e-05
3.05014e-05
3.05169e-05
3.05131e-05
3.049e-05
3.04627e-05
3.04453e-05
3.04443e-05
3.04616e-05
3.04872e-05
3.0504e-05
3.05001e-05
3.04654e-05
3.03911e-05
3.02442e-05
2.99599e-05
2.93846e-05
2.79778e-05
2.4822e-05
2.07818e-05
1.61832e-05
2.51243e-05
1.16686e-05
1.76674e-05
2.22511e-05
2.58229e-05
2.82926e-05
2.97406e-05
3.04064e-05
3.05527e-05
3.03889e-05
3.00734e-05
2.97255e-05
2.94097e-05
2.91505e-05
2.8951e-05
2.881e-05
2.87274e-05
2.8699e-05
2.87119e-05
2.87459e-05
2.8779e-05
2.87958e-05
2.87905e-05
2.87646e-05
2.87265e-05
2.86905e-05
2.86657e-05
2.86518e-05
2.86487e-05
2.86542e-05
2.86553e-05
2.86328e-05
2.85773e-05
2.84782e-05
2.83e-05
2.79521e-05
2.71846e-05
2.58691e-05
2.40369e-05
2.15855e-05
2.20325e-05
1.40029e-05
1.63885e-05
2.10472e-05
2.45157e-05
2.67343e-05
2.78774e-05
2.82749e-05
2.82206e-05
2.79307e-05
2.75585e-05
2.72011e-05
2.69096e-05
2.67012e-05
2.65717e-05
2.65066e-05
2.64876e-05
2.64977e-05
2.6521e-05
2.65432e-05
2.65526e-05
2.65471e-05
2.65378e-05
2.65324e-05
2.65262e-05
2.65102e-05
2.64811e-05
2.64407e-05
2.63968e-05
2.6359e-05
2.63281e-05
2.62958e-05
2.62556e-05
2.62015e-05
2.61138e-05
2.59424e-05
2.56e-05
2.50649e-05
2.45622e-05
2.37018e-05
2.14745e-05
1.61576e-05
1.63893e-05
2.10478e-05
2.45148e-05
2.67314e-05
2.78733e-05
2.82731e-05
2.82278e-05
2.7952e-05
2.75897e-05
2.72299e-05
2.69239e-05
2.67025e-05
2.65747e-05
2.6526e-05
2.65246e-05
2.65367e-05
2.65395e-05
2.65236e-05
2.64932e-05
2.64639e-05
2.64547e-05
2.64707e-05
2.64971e-05
2.65142e-05
2.65095e-05
2.64777e-05
2.64256e-05
2.63702e-05
2.63309e-05
2.6309e-05
2.62917e-05
2.62683e-05
2.62376e-05
2.61856e-05
2.60888e-05
2.59377e-05
2.58107e-05
2.57627e-05
2.43293e-05
2.11717e-05
1.76663e-05
2.22484e-05
2.58193e-05
2.82891e-05
2.97411e-05
3.04152e-05
3.05733e-05
3.04226e-05
3.01136e-05
2.97603e-05
2.94376e-05
2.91857e-05
2.90142e-05
2.89104e-05
2.88498e-05
2.88102e-05
2.87765e-05
2.87401e-05
2.87015e-05
2.86689e-05
2.86537e-05
2.86621e-05
2.8692e-05
2.87262e-05
2.87443e-05
2.87354e-05
2.86968e-05
2.86397e-05
2.85866e-05
2.85567e-05
2.85555e-05
2.85742e-05
2.86017e-05
2.86324e-05
2.86685e-05
2.87218e-05
2.87831e-05
2.88692e-05
2.86007e-05
2.64126e-05
1.87097e-05
2.32351e-05
2.68565e-05
2.94767e-05
3.11387e-05
3.20207e-05
3.23578e-05
3.23431e-05
3.21149e-05
3.17854e-05
3.14468e-05
3.11598e-05
3.09464e-05
3.08004e-05
3.0707e-05
3.06498e-05
3.0613e-05
3.05813e-05
3.05439e-05
3.05003e-05
3.04624e-05
3.04453e-05
3.04558e-05
3.04842e-05
3.05097e-05
3.05148e-05
3.04922e-05
3.04459e-05
3.03922e-05
3.03574e-05
3.03585e-05
3.03923e-05
3.0442e-05
3.04985e-05
3.05721e-05
3.06902e-05
3.08729e-05
3.10495e-05
3.12758e-05
3.0533e-05
1.94421e-05
2.39218e-05
2.7567e-05
3.0284e-05
3.20865e-05
3.31051e-05
3.35553e-05
3.36248e-05
3.34662e-05
3.319e-05
3.28759e-05
3.257e-05
3.22981e-05
3.20785e-05
3.1921e-05
3.18244e-05
3.17743e-05
3.1751e-05
3.17391e-05
3.17321e-05
3.17304e-05
3.17355e-05
3.17412e-05
3.17404e-05
3.1734e-05
3.17279e-05
3.17308e-05
3.1741e-05
3.17466e-05
3.17359e-05
3.17085e-05
3.16789e-05
3.16717e-05
3.17069e-05
3.17942e-05
3.1945e-05
3.21656e-05
3.24444e-05
3.27333e-05
3.30762e-05
1.98204e-05
2.42835e-05
2.79437e-05
3.07029e-05
3.25632e-05
3.36435e-05
3.41527e-05
3.42742e-05
3.41559e-05
3.39042e-05
3.35947e-05
3.32801e-05
3.29917e-05
3.2749e-05
3.25608e-05
3.24257e-05
3.23387e-05
3.22929e-05
3.2284e-05
3.2303e-05
3.23339e-05
3.23574e-05
3.23622e-05
3.23536e-05
3.23528e-05
3.23745e-05
3.24116e-05
3.24429e-05
3.24512e-05
3.24306e-05
3.23872e-05
3.23367e-05
3.23047e-05
3.23242e-05
3.24132e-05
3.2586e-05
3.28251e-05
3.31765e-05
3.34298e-05
3.43285e-05
1.98213e-05
2.42835e-05
2.79407e-05
3.06979e-05
3.25627e-05
3.36506e-05
3.41624e-05
3.42795e-05
3.41486e-05
3.38835e-05
3.35722e-05
3.32736e-05
3.30112e-05
3.27875e-05
3.25993e-05
3.24484e-05
3.2346e-05
3.22975e-05
3.22979e-05
3.23309e-05
3.23744e-05
3.24091e-05
3.24218e-05
3.24155e-05
3.24092e-05
3.24165e-05
3.24351e-05
3.24508e-05
3.2453e-05
3.24408e-05
3.24182e-05
3.23908e-05
3.2366e-05
3.23676e-05
3.24265e-05
3.25827e-05
3.28188e-05
3.32273e-05
3.34687e-05
3.46328e-05
1.94425e-05
2.3924e-05
2.75712e-05
3.02897e-05
3.20944e-05
3.31125e-05
3.35591e-05
3.36222e-05
3.34556e-05
3.31745e-05
3.28596e-05
3.25597e-05
3.2297e-05
3.20824e-05
3.19227e-05
3.18221e-05
3.17778e-05
3.17749e-05
3.17911e-05
3.18124e-05
3.18331e-05
3.18489e-05
3.1854e-05
3.18428e-05
3.18162e-05
3.17859e-05
3.17656e-05
3.17625e-05
3.1772e-05
3.17827e-05
3.17863e-05
3.17801e-05
3.17701e-05
3.17776e-05
3.18291e-05
3.19701e-05
3.21824e-05
3.26072e-05
3.28266e-05
3.41666e-05
1.87093e-05
2.3234e-05
2.68575e-05
2.94822e-05
3.11453e-05
3.20214e-05
3.23482e-05
3.23263e-05
3.21046e-05
3.17891e-05
3.1453e-05
3.1145e-05
3.08941e-05
3.07159e-05
3.06122e-05
3.05696e-05
3.05626e-05
3.05652e-05
3.05633e-05
3.05554e-05
3.05456e-05
3.05379e-05
3.05396e-05
3.05505e-05
3.05582e-05
3.05482e-05
3.0519e-05
3.04852e-05
3.0465e-05
3.0463e-05
3.04739e-05
3.0496e-05
3.05327e-05
3.05898e-05
3.06735e-05
3.08192e-05
3.09986e-05
3.13997e-05
3.15557e-05
3.30285e-05
1.7668e-05
2.22535e-05
2.58284e-05
2.83009e-05
2.9751e-05
3.04162e-05
3.05645e-05
3.04118e-05
3.01097e-05
2.97665e-05
2.94448e-05
2.91762e-05
2.89714e-05
2.88316e-05
2.87516e-05
2.87197e-05
2.87193e-05
2.87349e-05
2.87519e-05
2.87534e-05
2.87313e-05
2.86952e-05
2.86654e-05
2.86574e-05
2.86659e-05
2.86722e-05
2.86653e-05
2.86486e-05
2.86341e-05
2.86322e-05
2.86474e-05
2.86795e-05
2.87273e-05
2.87944e-05
2.88848e-05
2.90334e-05
2.92042e-05
2.96161e-05
2.97419e-05
3.13409e-05
1.63902e-05
2.1051e-05
2.452e-05
2.67423e-05
2.78914e-05
2.82957e-05
2.8245e-05
2.79518e-05
2.75716e-05
2.72081e-05
2.69186e-05
2.67228e-05
2.66085e-05
2.65479e-05
2.65159e-05
2.64965e-05
2.64846e-05
2.64817e-05
2.64861e-05
2.64856e-05
2.6466e-05
2.6424e-05
2.63762e-05
2.6352e-05
2.6358e-05
2.63741e-05
2.63796e-05
2.63741e-05
2.63695e-05
2.63761e-05
2.6397e-05
2.64268e-05
2.64624e-05
2.65122e-05
2.65859e-05
2.67308e-05
2.6909e-05
2.73527e-05
2.74643e-05
2.91722e-05
)
;
    }
}


// ************************************************************************* //
