/*--------------------------------*- C++ -*----------------------------------*\
| =========                 |                                                 |
| \\      /  F ield         | OpenFOAM: The Open Source CFD Toolbox           |
|  \\    /   O peration     | Version:  2406                                  |
|   \\  /    A nd           | Website:  www.openfoam.com                      |
|    \\/     M anipulation  |                                                 |
\*---------------------------------------------------------------------------*/
FoamFile
{
    version     2.0;
    format      ascii;
    arch        "LSB;label=32;scalar=64";
    class       surfaceScalarField;
    location    "1.5";
    object      phi;
}
// * * * * * * * * * * * * * * * * * * * * * * * * * * * * * * * * * * * * * //

dimensions      [0 3 -1 0 0 0 0];

oriented        oriented;

internalField   nonuniform List<scalar> 
58700
(
1.24615e-06
1.24558e-06
0.00041082
-1.55726e-06
-1.5597e-06
9.08197e-07
1.16773e-06
0.000410805
-1.43971e-06
5.95485e-07
1.13377e-06
0.000410792
-1.41833e-06
2.95271e-07
1.11711e-06
0.000410784
-1.40589e-06
-5.43154e-10
1.10891e-06
0.00041078
-1.39806e-06
-2.96149e-07
1.10862e-06
0.00041078
-1.39799e-06
-5.96721e-07
1.1165e-06
0.000410784
-1.40501e-06
-9.09506e-07
1.13326e-06
0.000410792
-1.41782e-06
-1.24719e-06
1.16949e-06
0.000410805
-1.44169e-06
1.24737e-06
0.00041082
-1.55983e-06
-1.55996e-06
1.16876e-06
9.08757e-07
0.000410805
-1.44173e-06
8.71058e-07
8.7119e-07
0.000410789
5.76063e-07
8.46973e-07
0.000410777
2.86575e-07
8.3296e-07
0.000410768
-4.57075e-10
8.26338e-07
0.000410764
-2.8755e-07
8.26113e-07
0.000410764
-5.77142e-07
8.32414e-07
0.000410768
-8.72331e-07
8.4657e-07
0.000410777
-1.1694e-06
8.72303e-07
0.000410789
9.0973e-07
0.000410805
-1.44162e-06
1.13375e-06
5.96163e-07
0.000410792
-1.4184e-06
8.46627e-07
5.76552e-07
0.000410777
5.61618e-07
5.62137e-07
0.000410765
2.79706e-07
5.52886e-07
0.000410757
-3.77425e-10
5.48326e-07
0.000410753
-2.80609e-07
5.48262e-07
0.000410753
-5.62527e-07
5.52305e-07
0.000410757
-8.47634e-07
5.61797e-07
0.000410765
-1.13425e-06
5.77124e-07
0.000410777
5.96771e-07
0.000410792
-1.41857e-06
1.11662e-06
2.95606e-07
0.000410784
-1.40507e-06
8.32454e-07
2.87145e-07
0.000410768
5.52417e-07
2.80226e-07
0.000410757
2.75244e-07
2.75756e-07
0.000410749
-3.05431e-10
2.73381e-07
0.000410745
-2.75917e-07
2.73371e-07
0.000410745
-5.53236e-07
2.7528e-07
0.000410749
-8.33437e-07
2.80028e-07
0.000410757
-1.11719e-06
2.87284e-07
0.000410768
2.96006e-07
0.000410784
-1.40545e-06
1.1085e-06
5.65012e-11
0.00041078
-1.39787e-06
8.25838e-07
2.74108e-10
0.000410764
5.47996e-07
2.1838e-11
0.000410753
2.7306e-07
2.17919e-10
0.000410745
-2.79026e-10
-1.78753e-11
0.000410742
-2.73629e-07
-1.79486e-11
0.000410742
-5.48731e-07
-1.36473e-10
0.000410745
-8.26802e-07
1.545e-11
0.000410753
-1.10914e-06
4.68869e-11
0.000410764
5.65984e-11
0.00041078
-1.39811e-06
1.10857e-06
-2.95535e-07
0.00041078
-1.39788e-06
8.25845e-07
-2.86572e-07
0.000410764
5.47863e-07
-2.80077e-07
0.000410753
2.73037e-07
-2.75431e-07
0.000410745
-3.13468e-10
-2.734e-07
0.000410742
-2.73629e-07
-2.7344e-07
0.000410742
-5.48594e-07
-2.75675e-07
0.000410745
-8.26745e-07
-2.79915e-07
0.000410753
-1.10924e-06
-2.87021e-07
0.000410764
-2.9589e-07
0.00041078
-1.39821e-06
1.11648e-06
-5.96e-07
0.000410784
-1.40502e-06
8.32416e-07
-5.76082e-07
0.000410768
5.52216e-07
-5.61829e-07
0.000410757
2.75181e-07
-5.52684e-07
0.000410749
-3.46063e-10
-5.48362e-07
0.000410745
-2.75904e-07
-5.48367e-07
0.000410745
-5.53032e-07
-5.52837e-07
0.000410749
-8.33156e-07
-5.61744e-07
0.000410757
-1.11719e-06
-5.76605e-07
0.000410768
-5.9623e-07
0.000410784
-1.40589e-06
1.13321e-06
-9.08687e-07
0.000410792
-1.41779e-06
8.4648e-07
-8.71104e-07
0.000410777
5.61568e-07
-8.46717e-07
0.000410765
2.79656e-07
-8.3271e-07
0.000410757
-4.70716e-10
-8.26291e-07
0.000410753
-2.80477e-07
-8.26413e-07
0.000410753
-5.62298e-07
-8.32988e-07
0.000410757
-8.47037e-07
-8.46881e-07
0.000410765
-1.13392e-06
-8.71578e-07
0.000410777
-9.08101e-07
0.000410792
-1.41937e-06
1.16811e-06
-1.24625e-06
0.000410805
-1.44038e-06
8.70934e-07
-1.1681e-06
0.000410789
5.76162e-07
-1.13367e-06
0.000410777
2.86497e-07
-1.1166e-06
0.000410768
-6.29515e-10
-1.10869e-06
0.000410764
-2.87344e-07
-1.10925e-06
0.000410764
-5.76619e-07
-1.11734e-06
0.000410768
-8.71589e-07
-1.13377e-06
0.000410777
-1.16939e-06
-1.16809e-06
0.000410789
-1.24545e-06
0.000410805
-1.44174e-06
1.24561e-06
0.00041082
-1.5585e-06
-1.55853e-06
9.07968e-07
0.000410805
-1.44022e-06
5.95634e-07
0.000410792
-1.41858e-06
2.95211e-07
0.000410784
-1.40518e-06
-7.47391e-10
0.00041078
-1.39763e-06
-2.96387e-07
0.00041078
-1.39856e-06
-5.96481e-07
0.000410784
-1.4063e-06
-9.09131e-07
0.000410792
-1.41832e-06
-1.24771e-06
0.000410804
-1.43916e-06
0.00041082
-1.55988e-06
-1.55824e-06
2.08203e-06
2.08173e-06
0.000411815
-2.57805e-06
-2.5805e-06
1.5443e-06
1.99259e-06
0.000411795
-2.44542e-06
1.01969e-06
1.95937e-06
0.00041178
-2.42257e-06
5.07181e-07
1.94566e-06
0.00041177
-2.41919e-06
-8.1298e-10
1.93917e-06
0.000411765
-2.4163e-06
-5.09132e-07
1.93987e-06
0.000411765
-2.41668e-06
-1.02203e-06
1.94448e-06
0.00041177
-2.41765e-06
-1.5459e-06
1.95868e-06
0.00041178
-2.42271e-06
-2.08364e-06
1.99556e-06
0.000411795
-2.44846e-06
2.08305e-06
0.000411815
-2.57902e-06
-2.58255e-06
1.99484e-06
1.54535e-06
0.000411795
-2.4491e-06
1.49991e-06
1.50071e-06
0.000411776
9.99023e-07
1.47627e-06
0.000411761
4.99034e-07
1.46353e-06
0.000411751
-6.15854e-10
1.45767e-06
0.000411746
-5.0028e-07
1.45844e-06
0.000411746
-1.00059e-06
1.46266e-06
0.000411751
-1.50203e-06
1.47607e-06
0.000411761
-1.99587e-06
1.50254e-06
0.000411776
1.54695e-06
0.000411795
-2.45041e-06
1.96003e-06
1.0215e-06
0.00041178
-2.42403e-06
1.47616e-06
1.00059e-06
0.000411761
9.85436e-07
9.85937e-07
0.000411746
4.92773e-07
9.77153e-07
0.000411736
-7.01655e-10
9.73122e-07
0.000411731
-4.93636e-07
9.73367e-07
0.000411731
-9.86439e-07
9.7644e-07
0.000411736
-1.47771e-06
9.86351e-07
0.000411746
-1.96099e-06
1.00182e-06
0.000411761
1.02365e-06
0.00041178
-2.42558e-06
1.94618e-06
5.08089e-07
0.00041177
-2.41873e-06
1.46439e-06
5.00306e-07
0.00041175
9.77733e-07
4.93583e-07
0.000411736
4.88906e-07
4.89045e-07
0.000411726
-5.54199e-10
4.86702e-07
0.000411721
-4.89804e-07
4.86738e-07
0.000411721
-9.78701e-07
4.88449e-07
0.000411726
-1.46522e-06
4.93897e-07
0.000411736
-1.94693e-06
5.01429e-07
0.000411751
5.10867e-07
0.00041177
-2.42013e-06
1.94015e-06
-4.30856e-10
0.000411765
-2.41671e-06
1.45888e-06
4.67944e-10
0.000411745
9.74225e-07
2.70768e-10
0.000411731
4.87153e-07
2.68901e-10
0.000411721
-3.36287e-10
-6.06541e-10
0.000411716
-4.87878e-07
-5.183e-10
0.000411716
-9.74902e-07
-3.73375e-10
0.000411721
-1.45957e-06
5.9259e-10
0.000411731
-1.94097e-06
1.76175e-09
0.000411745
2.40835e-09
0.000411765
-2.41755e-06
1.94033e-06
-5.08818e-07
0.000411765
-2.41703e-06
1.4588e-06
-4.99113e-07
0.000411745
9.73836e-07
-4.92742e-07
0.000411731
4.87223e-07
-4.88958e-07
0.000411721
-2.07814e-10
-4.87952e-07
0.000411716
-4.87733e-07
-4.87777e-07
0.000411716
-9.74614e-07
-4.89333e-07
0.000411721
-1.45948e-06
-4.92495e-07
0.000411731
-1.9408e-06
-4.97953e-07
0.000411745
-5.06001e-07
0.000411765
-2.41741e-06
1.94618e-06
-1.02184e-06
0.00041177
-2.41917e-06
1.46395e-06
-9.98964e-07
0.00041175
9.77167e-07
-9.84933e-07
0.000411736
4.88895e-07
-9.77564e-07
0.000411726
-3.17977e-10
-9.74576e-07
0.000411721
-4.89574e-07
-9.74352e-07
0.000411721
-9.78111e-07
-9.77672e-07
0.000411726
-1.46443e-06
-9.8516e-07
0.000411736
-1.946e-06
-9.98391e-07
0.00041175
-1.01814e-06
0.00041177
-2.41978e-06
1.95919e-06
-1.54541e-06
0.00041178
-2.42345e-06
1.47556e-06
-1.49935e-06
0.000411761
9.85086e-07
-1.47547e-06
0.000411746
4.92742e-07
-1.46419e-06
0.000411736
-3.84817e-10
-1.45941e-06
0.000411731
-4.93256e-07
-1.45945e-06
0.000411731
-9.85348e-07
-1.46457e-06
0.000411736
-1.47561e-06
-1.47596e-06
0.000411746
-1.95906e-06
-1.49897e-06
0.000411761
-1.53919e-06
0.00041178
-2.42579e-06
1.99288e-06
-2.08185e-06
0.000411795
-2.44702e-06
1.49926e-06
-1.9926e-06
0.000411776
9.9895e-07
-1.95918e-06
0.000411761
4.99343e-07
-1.94667e-06
0.00041175
-1.41059e-10
-1.94105e-06
0.000411745
-4.99099e-07
-1.94162e-06
0.000411745
-9.98382e-07
-1.94741e-06
0.000411751
-1.49951e-06
-1.95887e-06
0.000411761
-1.99474e-06
-1.99059e-06
0.000411776
-2.07345e-06
0.000411795
-2.4509e-06
2.07952e-06
0.000411815
-2.57882e-06
-2.57732e-06
1.54312e-06
0.000411795
-2.44671e-06
1.0204e-06
0.00041178
-2.4242e-06
5.08029e-07
0.00041177
-2.42031e-06
1.78829e-10
0.000411765
-2.4183e-06
-5.08155e-07
0.000411765
-2.41837e-06
-1.02066e-06
0.00041177
-2.4209e-06
-1.54458e-06
0.00041178
-2.42267e-06
-2.08323e-06
0.000411795
-2.44259e-06
0.000411815
-2.5784e-06
-2.57304e-06
2.29337e-06
2.29286e-06
0.00041292
-2.84497e-06
-2.84598e-06
1.71284e-06
2.2179e-06
0.000412894
-2.7359e-06
1.13427e-06
2.17874e-06
0.000412876
-2.69602e-06
5.64456e-07
2.16136e-06
0.000412864
-2.68569e-06
-5.07747e-10
2.15516e-06
0.000412858
-2.68341e-06
-5.66632e-07
2.15684e-06
0.000412858
-2.68389e-06
-1.13612e-06
2.16127e-06
0.000412864
-2.68587e-06
-1.71374e-06
2.17771e-06
0.000412876
-2.69595e-06
-2.29546e-06
2.21737e-06
0.000412894
-2.73429e-06
2.29122e-06
0.00041292
-2.84189e-06
-2.84952e-06
2.2172e-06
1.71227e-06
0.000412894
-2.73532e-06
1.66975e-06
1.67099e-06
0.00041287
1.11338e-06
1.64278e-06
0.000412853
5.56144e-07
1.62762e-06
0.000412842
-4.26615e-10
1.62145e-06
0.000412836
-5.57105e-07
1.62326e-06
0.000412836
-1.11453e-06
1.62775e-06
0.000412842
-1.67221e-06
1.64311e-06
0.000412853
-2.22044e-06
1.67117e-06
0.00041287
1.712e-06
0.000412894
-2.7399e-06
2.17827e-06
1.13463e-06
0.000412876
-2.69651e-06
1.64309e-06
1.11379e-06
0.000412853
1.09817e-06
1.09726e-06
0.000412836
5.49274e-07
1.08739e-06
0.000412825
-7.91292e-10
1.08308e-06
0.000412819
-5.49726e-07
1.08372e-06
0.000412819
-1.09925e-06
1.08819e-06
0.000412825
-1.64546e-06
1.09895e-06
0.000412836
-2.18136e-06
1.11471e-06
0.000412853
1.13575e-06
0.000412876
-2.70105e-06
2.16363e-06
5.64465e-07
0.000412864
-2.68753e-06
1.63037e-06
5.5599e-07
0.000412842
1.08961e-06
5.48829e-07
0.000412825
5.44972e-07
5.44114e-07
0.000412814
-7.89021e-10
5.41553e-07
0.000412808
-5.4613e-07
5.41795e-07
0.000412808
-1.09067e-06
5.449e-07
0.000412814
-1.63112e-06
5.50257e-07
0.000412825
-2.16543e-06
5.57972e-07
0.000412842
5.67508e-07
0.000412864
-2.69129e-06
2.15811e-06
-1.68902e-09
0.000412858
-2.68514e-06
1.62467e-06
-9.52534e-10
0.000412836
1.08587e-06
-8.88127e-10
0.000412819
5.43153e-07
-4.44253e-10
0.000412808
-7.50118e-10
-1.20297e-09
0.000412803
-5.44477e-07
-1.1419e-09
0.000412803
-1.08637e-06
-4.33948e-10
0.000412808
-1.6248e-06
2.03106e-10
0.000412819
-2.15942e-06
2.29238e-09
0.000412836
2.96408e-09
0.000412858
-2.68808e-06
2.15813e-06
-5.67551e-07
0.000412858
-2.6855e-06
1.62466e-06
-5.57801e-07
0.000412836
1.08559e-06
-5.50302e-07
0.000412819
5.43284e-07
-5.45402e-07
0.000412808
-4.65662e-10
-5.44098e-07
0.000412803
-5.44354e-07
-5.43917e-07
0.000412803
-1.08643e-06
-5.45623e-07
0.000412808
-1.62484e-06
-5.49862e-07
0.000412819
-2.15854e-06
-5.5431e-07
0.000412836
-5.61571e-07
0.000412858
-2.68723e-06
2.16419e-06
-1.13736e-06
0.000412864
-2.68846e-06
1.63028e-06
-1.11495e-06
0.000412842
1.08925e-06
-1.09842e-06
0.000412825
5.4521e-07
-1.08925e-06
0.000412814
-3.39243e-10
-1.0858e-06
0.000412808
-5.46182e-07
-1.08534e-06
0.000412808
-1.09052e-06
-1.08918e-06
0.000412814
-1.63062e-06
-1.09896e-06
0.000412825
-2.16316e-06
-1.11273e-06
0.000412841
-1.13057e-06
0.000412864
-2.6882e-06
2.17943e-06
-1.71468e-06
0.000412876
-2.69799e-06
1.64341e-06
-1.67138e-06
0.000412853
1.09793e-06
-1.64345e-06
0.000412836
5.4942e-07
-1.62992e-06
0.000412825
-3.44659e-11
-1.62483e-06
0.000412819
-5.49924e-07
-1.62394e-06
0.000412819
-1.09855e-06
-1.62968e-06
0.000412825
-1.64376e-06
-1.6442e-06
0.000412836
-2.17757e-06
-1.67125e-06
0.000412853
-1.70705e-06
0.000412876
-2.69684e-06
2.21778e-06
-2.29451e-06
0.000412894
-2.73653e-06
1.67006e-06
-2.21817e-06
0.00041287
1.11305e-06
-2.17891e-06
0.000412853
5.56663e-07
-2.16462e-06
0.000412842
9.16092e-10
-2.15948e-06
0.000412836
-5.55914e-07
-2.15745e-06
0.000412836
-1.11339e-06
-2.16319e-06
0.000412842
-1.67131e-06
-2.17853e-06
0.000412853
-2.2174e-06
-2.21949e-06
0.00041287
-2.28603e-06
0.000412894
-2.73715e-06
2.29254e-06
0.000412919
-2.84696e-06
-2.84478e-06
1.71252e-06
0.000412894
-2.73676e-06
1.13543e-06
0.000412876
-2.69763e-06
5.66225e-07
0.000412864
-2.68949e-06
2.09085e-09
0.000412858
-2.68854e-06
-5.64388e-07
0.000412858
-2.68399e-06
-1.1363e-06
0.000412864
-2.68524e-06
-1.71416e-06
0.000412876
-2.69659e-06
-2.29358e-06
0.000412894
-2.73904e-06
0.00041292
-2.84448e-06
-2.84014e-06
2.54596e-06
2.54557e-06
0.000414144
-3.15922e-06
-3.15711e-06
1.90854e-06
2.47652e-06
0.000414116
-3.06085e-06
1.26833e-06
2.43026e-06
0.000414096
-3.00986e-06
6.3211e-07
2.40779e-06
0.000414083
-2.99011e-06
-7.45562e-10
2.40073e-06
0.000414076
-2.9857e-06
-6.34642e-07
2.40179e-06
0.000414076
-2.98574e-06
-1.27015e-06
2.40908e-06
0.000414083
-2.99205e-06
-1.90985e-06
2.43013e-06
0.000414096
-3.01016e-06
-2.54838e-06
2.47132e-06
0.000414116
-3.05468e-06
2.54217e-06
0.000414145
-3.15579e-06
-3.15969e-06
2.47271e-06
1.90599e-06
0.000414116
-3.05495e-06
1.86472e-06
1.8652e-06
0.00041409
1.24505e-06
1.83247e-06
0.00041407
6.21976e-07
1.81469e-06
0.000414058
-9.22617e-10
1.8081e-06
0.000414051
-6.23511e-07
1.80879e-06
0.000414051
-1.24669e-06
1.81612e-06
0.000414058
-1.86779e-06
1.83384e-06
0.00041407
-2.47842e-06
1.86251e-06
0.00041409
1.90372e-06
0.000414116
-3.0619e-06
2.42806e-06
1.2663e-06
0.000414096
-3.0082e-06
1.83292e-06
1.2428e-06
0.00041407
1.22595e-06
1.22371e-06
0.000414052
6.13227e-07
1.21295e-06
0.000414039
-1.03681e-09
1.20852e-06
0.000414033
-6.14792e-07
1.20865e-06
0.000414033
-1.22817e-06
1.21506e-06
0.000414039
-1.83584e-06
1.22576e-06
0.000414052
-2.43379e-06
1.24284e-06
0.000414071
1.26541e-06
0.000414096
-3.01539e-06
2.40934e-06
6.31411e-07
0.000414082
-2.99296e-06
1.8165e-06
6.19324e-07
0.000414058
1.2145e-06
6.11133e-07
0.00041404
6.07456e-07
6.06661e-07
0.000414027
-1.26314e-09
6.04479e-07
0.000414021
-6.09809e-07
6.04464e-07
0.000414021
-1.21683e-06
6.08743e-07
0.000414027
-1.81838e-06
6.12666e-07
0.00041404
-2.41316e-06
6.21257e-07
0.000414058
6.31856e-07
0.000414083
-2.99819e-06
2.40254e-06
-1.86007e-09
0.000414076
-2.98708e-06
1.80935e-06
-3.15551e-09
0.000414052
1.2095e-06
-2.99168e-09
0.000414033
6.04948e-07
-1.57723e-09
0.000414021
-1.5945e-09
-1.14975e-09
0.000414015
-6.07799e-07
-1.51994e-09
0.000414015
-1.21118e-06
-6.2226e-10
0.000414021
-1.8108e-06
-1.67936e-09
0.000414033
-2.40504e-06
-2.44074e-10
0.000414052
-5.27095e-11
0.000414076
-2.99117e-06
2.40213e-06
-6.34857e-07
0.000414076
-2.98698e-06
1.8096e-06
-6.26217e-07
0.000414051
1.20969e-06
-6.17022e-07
0.000414033
6.05245e-07
-6.09918e-07
0.000414021
-1.281e-09
-6.06808e-07
0.000414015
-6.0799e-07
-6.07012e-07
0.000414015
-1.21164e-06
-6.09758e-07
0.000414021
-1.8104e-06
-6.16907e-07
0.000414033
-2.40369e-06
-6.22771e-07
0.000414052
-6.3197e-07
0.000414076
-2.98986e-06
2.41007e-06
-1.27025e-06
0.000414082
-2.99311e-06
1.81708e-06
-1.24953e-06
0.000414058
1.215e-06
-1.22952e-06
0.000414039
6.08077e-07
-1.21639e-06
0.000414027
-9.69539e-10
-1.21055e-06
0.000414021
-6.1032e-07
-1.21046e-06
0.000414021
-1.21721e-06
-1.21633e-06
0.000414027
-1.81817e-06
-1.2306e-06
0.00041404
-2.41023e-06
-1.2471e-06
0.000414058
-1.26731e-06
0.000414082
-2.99351e-06
2.43142e-06
-1.9102e-06
0.000414096
-3.01118e-06
1.83425e-06
-1.86992e-06
0.000414071
1.22602e-06
-1.83714e-06
0.000414052
6.13357e-07
-1.81837e-06
0.00041404
-7.34574e-10
-1.81042e-06
0.000414033
-6.15772e-07
-1.80941e-06
0.000414033
-1.22847e-06
-1.81821e-06
0.000414039
-1.83628e-06
-1.83851e-06
0.000414052
-2.43003e-06
-1.87073e-06
0.00041407
-1.91098e-06
0.000414095
-3.00613e-06
2.47697e-06
-2.54899e-06
0.000414116
-3.05993e-06
1.86667e-06
-2.47905e-06
0.00041409
1.24439e-06
-2.43247e-06
0.000414071
6.21662e-07
-2.41201e-06
0.000414058
-3.80079e-10
-2.40407e-06
0.000414052
-6.2507e-07
-2.40035e-06
0.000414051
-1.24907e-06
-2.41038e-06
0.000414058
-1.86897e-06
-2.43597e-06
0.00041407
-2.47358e-06
-2.48541e-06
0.00041409
-2.55291e-06
0.000414116
-3.05386e-06
2.54905e-06
0.000414144
-3.16252e-06
-3.16039e-06
1.91077e-06
0.000414116
-3.06276e-06
1.26863e-06
0.000414096
-3.01026e-06
6.32498e-07
0.000414082
-2.99433e-06
-5.03722e-10
0.000414076
-2.98889e-06
-6.34578e-07
0.000414076
-2.98399e-06
-1.27285e-06
0.000414082
-2.99051e-06
-1.91207e-06
0.000414096
-3.01689e-06
-2.54463e-06
0.000414116
-3.07511e-06
0.000414145
-3.15479e-06
-3.1681e-06
2.70542e-06
2.70307e-06
0.000415452
-3.35823e-06
-3.35752e-06
2.03132e-06
2.64376e-06
0.00041542
-3.27427e-06
1.35272e-06
2.60022e-06
0.000415399
-3.2249e-06
6.75014e-07
2.57951e-06
0.000415385
-3.20435e-06
-7.48078e-10
2.57368e-06
0.000415378
-3.20011e-06
-6.77044e-07
2.57275e-06
0.000415378
-3.1987e-06
-1.35431e-06
2.58223e-06
0.000415385
-3.20738e-06
-2.03268e-06
2.60265e-06
0.000415399
-3.2274e-06
-2.7059e-06
2.63758e-06
0.000415421
-3.26902e-06
2.70131e-06
0.000415452
-3.35925e-06
-3.35533e-06
2.64207e-06
2.02575e-06
0.00041542
-3.26932e-06
1.99306e-06
1.98964e-06
0.000415393
1.3315e-06
1.95973e-06
0.000415372
6.65215e-07
1.94444e-06
0.000415359
-8.36589e-10
1.9387e-06
0.000415352
-6.67363e-07
1.93821e-06
0.000415352
-1.33367e-06
1.94724e-06
0.000415359
-1.99474e-06
1.96174e-06
0.000415372
-2.64559e-06
1.98528e-06
0.000415393
2.02435e-06
0.000415421
-3.27332e-06
2.60013e-06
1.34713e-06
0.000415399
-3.22481e-06
1.96208e-06
1.32558e-06
0.000415373
1.31261e-06
1.30806e-06
0.000415353
6.56601e-07
1.29992e-06
0.00041534
-8.95681e-10
1.29594e-06
0.000415333
-6.58852e-07
1.2959e-06
0.000415334
-1.31499e-06
1.30285e-06
0.00041534
-1.964e-06
1.30948e-06
0.000415353
-2.60408e-06
1.32318e-06
0.000415373
1.34561e-06
0.000415399
-3.22867e-06
2.58064e-06
6.72439e-07
0.000415385
-3.20861e-06
1.94464e-06
6.60085e-07
0.000415359
1.3003e-06
6.51775e-07
0.00041534
6.5079e-07
6.49404e-07
0.000415327
-1.22107e-09
6.48174e-07
0.000415321
-6.53296e-07
6.48209e-07
0.000415321
-1.30252e-06
6.51996e-07
0.000415327
-1.94704e-06
6.53274e-07
0.00041534
-2.5841e-06
6.58691e-07
0.000415359
6.69157e-07
0.000415385
-3.21035e-06
2.57322e-06
-1.55678e-09
0.000415378
-3.20149e-06
1.93715e-06
-5.01358e-09
0.000415353
1.29486e-06
-6.34173e-09
0.000415334
6.47857e-07
-3.46091e-09
0.000415321
-1.88776e-09
-1.64676e-09
0.000415315
-6.50968e-07
-2.29381e-09
0.000415315
-1.29703e-06
-1.79924e-09
0.000415321
-1.93969e-06
-4.5059e-09
0.000415334
-2.57544e-06
-6.94153e-09
0.000415353
-6.5781e-09
0.000415379
-3.20221e-06
2.57247e-06
-6.75804e-07
0.000415378
-3.20043e-06
1.93768e-06
-6.71346e-07
0.000415353
1.29519e-06
-6.64262e-07
0.000415334
6.47853e-07
-6.56015e-07
0.000415321
-1.82225e-09
-6.51583e-07
0.000415315
-6.51569e-07
-6.52156e-07
0.000415315
-1.29725e-06
-6.56015e-07
0.000415321
-1.93848e-06
-6.63757e-07
0.000415334
-2.5741e-06
-6.72764e-07
0.000415353
-6.81567e-07
0.000415379
-3.20163e-06
2.58014e-06
-1.35146e-06
0.000415385
-3.20699e-06
1.9454e-06
-1.33806e-06
0.000415359
1.30071e-06
-1.32028e-06
0.00041534
6.50952e-07
-1.30647e-06
0.000415327
-1.65031e-09
-1.29889e-06
0.000415321
-6.53839e-07
-1.2999e-06
0.000415321
-1.30279e-06
-1.30733e-06
0.000415328
-1.94585e-06
-1.32149e-06
0.00041534
-2.58213e-06
-1.33818e-06
0.000415359
-1.35906e-06
0.000415385
-3.20748e-06
2.60223e-06
-2.03063e-06
0.000415399
-3.22624e-06
1.9628e-06
-2.00069e-06
0.000415373
1.31206e-06
-1.97078e-06
0.000415353
6.55805e-07
-1.95096e-06
0.00041534
-2.02408e-09
-1.94152e-06
0.000415334
-6.59904e-07
-1.9425e-06
0.000415334
-1.31592e-06
-1.95206e-06
0.00041534
-1.9656e-06
-1.97293e-06
0.000415353
-2.60232e-06
-2.00349e-06
0.000415372
-2.04386e-06
0.000415399
-3.22095e-06
2.64592e-06
-2.70756e-06
0.00041542
-3.27363e-06
1.99402e-06
-2.65195e-06
0.000415393
1.33013e-06
-2.609e-06
0.000415373
6.62418e-07
-2.58478e-06
0.000415359
-3.77211e-09
-2.57652e-06
0.000415353
-6.71251e-07
-2.57625e-06
0.000415353
-1.33804e-06
-2.58667e-06
0.000415359
-1.9972e-06
-2.61586e-06
0.000415372
-2.64064e-06
-2.66329e-06
0.000415393
-2.72476e-06
0.000415421
-3.26478e-06
2.70978e-06
0.000415452
-3.36285e-06
-3.36189e-06
2.03282e-06
0.000415421
-3.2799e-06
1.34958e-06
0.000415399
-3.2293e-06
6.71036e-07
0.000415385
-3.20887e-06
-6.74186e-09
0.000415378
-3.20105e-06
-6.81186e-07
0.000415378
-3.20422e-06
-1.35776e-06
0.000415385
-3.21284e-06
-2.03428e-06
0.0004154
-3.24308e-06
-2.70148e-06
0.000415421
-3.30114e-06
0.000415453
-3.35381e-06
-3.38026e-06
2.75377e-06
2.75041e-06
0.000416796
-3.4227e-06
-3.42596e-06
2.06793e-06
2.70119e-06
0.00041676
-3.35494e-06
1.37814e-06
2.66574e-06
0.000416736
-3.31331e-06
6.8876e-07
2.64935e-06
0.000416721
-3.29618e-06
-3.765e-10
2.64402e-06
0.000416714
-3.29062e-06
-6.89172e-07
2.64316e-06
0.000416714
-3.2901e-06
-1.37889e-06
2.65401e-06
0.000416721
-3.30034e-06
-2.06833e-06
2.67153e-06
0.000416736
-3.31926e-06
-2.75082e-06
2.70023e-06
0.00041676
-3.3572e-06
2.75348e-06
0.000416796
-3.43054e-06
-3.41823e-06
2.70446e-06
2.06219e-06
0.00041676
-3.35573e-06
2.03795e-06
2.03084e-06
0.00041673
1.36084e-06
2.00742e-06
0.000416708
6.80211e-07
1.99539e-06
0.000416694
-5.44697e-10
1.99051e-06
0.000416687
-6.82117e-07
1.99052e-06
0.000416687
-1.36205e-06
1.99942e-06
0.000416694
-2.03564e-06
2.00985e-06
0.000416708
-2.70161e-06
2.02952e-06
0.00041673
2.06385e-06
0.00041676
-3.35142e-06
2.66917e-06
1.37209e-06
0.000416736
-3.31648e-06
2.01095e-06
1.35364e-06
0.000416708
1.34424e-06
1.33987e-06
0.000416687
6.72627e-07
1.33334e-06
0.000416674
-6.20997e-10
1.33033e-06
0.000416667
-6.74191e-07
1.33075e-06
0.000416667
-1.34521e-06
1.33676e-06
0.000416674
-2.00942e-06
1.33969e-06
0.000416687
-2.66694e-06
1.35168e-06
0.000416708
1.37155e-06
0.000416736
-3.31182e-06
2.64978e-06
6.85368e-07
0.000416721
-3.29945e-06
1.99398e-06
6.74823e-07
0.000416694
1.33287e-06
6.67332e-07
0.000416674
6.6754e-07
6.65556e-07
0.00041666
-4.60773e-10
6.65477e-07
0.000416654
-6.68324e-07
6.65731e-07
0.000416654
-1.33335e-06
6.68552e-07
0.000416661
-1.99526e-06
6.67857e-07
0.000416674
-2.64905e-06
6.70908e-07
0.000416694
6.80451e-07
0.000416722
-3.29426e-06
2.64188e-06
6.1202e-11
0.000416714
-3.29249e-06
1.9866e-06
-4.16825e-09
0.000416687
1.3275e-06
-7.01376e-09
0.000416667
6.64738e-07
-4.62862e-09
0.000416654
-6.96991e-10
-1.74798e-09
0.000416647
-6.65688e-07
-1.93841e-09
0.000416647
-1.32813e-06
-1.99572e-09
0.000416654
-1.98848e-06
-5.28675e-09
0.000416667
-2.64105e-06
-1.09427e-08
0.000416687
-9.44974e-09
0.000416714
-3.287e-06
2.64163e-06
-6.86049e-07
0.000416714
-3.29132e-06
1.98752e-06
-6.84354e-07
0.000416687
1.3279e-06
-6.80894e-07
0.000416667
6.6458e-07
-6.74317e-07
0.000416654
-8.54681e-10
-6.69053e-07
0.000416648
-6.65959e-07
-6.69535e-07
0.000416648
-1.32781e-06
-6.73124e-07
0.000416654
-1.98698e-06
-6.79623e-07
0.000416667
-2.64135e-06
-6.90982e-07
0.000416687
-6.9884e-07
0.000416714
-3.2878e-06
2.64912e-06
-1.374e-06
0.000416721
-3.29748e-06
1.99531e-06
-1.36514e-06
0.000416694
1.33314e-06
-1.35249e-06
0.000416674
6.6728e-07
-1.34175e-06
0.000416661
-8.40176e-10
-1.33396e-06
0.000416654
-6.6791e-07
-1.33549e-06
0.000416654
-1.33227e-06
-1.34198e-06
0.000416661
-1.99413e-06
-1.35147e-06
0.000416674
-2.65077e-06
-1.36913e-06
0.000416694
-1.38895e-06
0.000416722
-3.29711e-06
2.66857e-06
-2.0647e-06
0.000416736
-3.31524e-06
2.01114e-06
-2.04295e-06
0.000416708
1.34363e-06
-2.01917e-06
0.000416687
6.7166e-07
-2.00352e-06
0.000416674
-1.71487e-09
-1.99411e-06
0.000416667
-6.73815e-07
-1.99692e-06
0.000416667
-1.34543e-06
-2.00414e-06
0.000416674
-2.01181e-06
-2.01932e-06
0.000416687
-2.67014e-06
-2.04624e-06
0.000416708
-2.08281e-06
0.000416737
-3.31393e-06
2.70519e-06
-2.75307e-06
0.00041676
-3.35651e-06
2.03692e-06
-2.71136e-06
0.00041673
1.35911e-06
-2.6766e-06
0.000416708
6.76626e-07
-2.6557e-06
0.000416694
-4.92618e-09
-2.64685e-06
0.000416687
-6.85196e-07
-2.65102e-06
0.000416687
-1.36503e-06
-2.65903e-06
0.000416694
-2.03773e-06
-2.68215e-06
0.000416708
-2.70122e-06
-2.71965e-06
0.00041673
-2.77391e-06
0.000416761
-3.34998e-06
2.7566e-06
0.000416796
-3.42654e-06
-3.42785e-06
2.0673e-06
0.00041676
-3.36181e-06
1.37297e-06
0.000416737
-3.31987e-06
6.8134e-07
0.000416721
-3.30055e-06
-9.08108e-09
0.000416714
-3.29243e-06
-6.94933e-07
0.000416714
-3.30139e-06
-1.37826e-06
0.000416722
-3.31243e-06
-2.06757e-06
0.000416737
-3.33058e-06
-2.74825e-06
0.000416761
-3.37851e-06
0.000416798
-3.42405e-06
-3.44293e-06
2.7299e-06
2.7262e-06
0.000418141
-3.39821e-06
-3.40309e-06
2.04873e-06
2.68916e-06
0.000418099
-3.34695e-06
1.36575e-06
2.66269e-06
0.000418072
-3.31573e-06
6.82946e-07
2.65078e-06
0.000418056
-3.30253e-06
6.46083e-11
2.64452e-06
0.000418048
-3.29573e-06
-6.83011e-07
2.64579e-06
0.000418048
-3.29675e-06
-1.36536e-06
2.65684e-06
0.000418056
-3.30898e-06
-2.04868e-06
2.67172e-06
0.000418072
-3.32428e-06
-2.72516e-06
2.69655e-06
0.000418099
-3.35874e-06
2.73733e-06
0.000418142
-3.4096e-06
-3.39799e-06
2.69638e-06
2.04558e-06
0.000418099
-3.35466e-06
2.02857e-06
2.0217e-06
0.000418065
1.35328e-06
2.00449e-06
0.000418041
6.7646e-07
1.99496e-06
0.000418026
-3.2692e-10
1.98899e-06
0.000418019
-6.78452e-07
1.9917e-06
0.000418019
-1.35285e-06
1.99859e-06
0.000418026
-2.02254e-06
2.00799e-06
0.000418041
-2.68644e-06
2.02554e-06
0.000418065
2.05485e-06
0.000418099
-3.34257e-06
2.66893e-06
1.36195e-06
0.000418072
-3.32136e-06
2.00737e-06
1.34984e-06
0.000418041
1.34016e-06
1.33957e-06
0.000418019
6.7061e-07
1.33291e-06
0.000418005
-1.12447e-09
1.32936e-06
0.000417998
-6.72008e-07
1.33131e-06
0.000417998
-1.33949e-06
1.3344e-06
0.000418005
-2.00213e-06
1.33844e-06
0.00041802
-2.66038e-06
1.35052e-06
0.000418041
1.36753e-06
0.000418072
-3.30876e-06
2.65119e-06
6.80331e-07
0.000418056
-3.3043e-06
1.99213e-06
6.76427e-07
0.000418026
1.33102e-06
6.69245e-07
0.000418005
6.6695e-07
6.66012e-07
0.000417991
-3.386e-10
6.65901e-07
0.000417985
-6.66442e-07
6.66573e-07
0.000417985
-1.33008e-06
6.66915e-07
0.000417992
-1.99157e-06
6.68491e-07
0.000418005
-2.64608e-06
6.72654e-07
0.000418026
6.80424e-07
0.000418056
-3.29349e-06
2.64299e-06
8.72084e-10
0.000418048
-3.29773e-06
1.98559e-06
1.69854e-09
0.000418019
1.32646e-06
-2.81379e-09
0.000417998
6.64669e-07
-2.95203e-09
0.000417985
6.95461e-10
-6.52729e-10
0.000417978
-6.6323e-07
-2.85831e-11
0.000417978
-1.32619e-06
-9.67002e-10
0.000417985
-1.98672e-06
-2.24391e-09
0.000417998
-2.6393e-06
-6.84746e-09
0.000418019
-4.51112e-09
0.000418048
-3.2882e-06
2.64333e-06
-6.79406e-07
0.000418048
-3.29715e-06
1.98689e-06
-6.74028e-07
0.000418019
1.32684e-06
-6.74003e-07
0.000417998
6.64366e-07
-6.71273e-07
0.000417985
5.20465e-10
-6.67387e-07
0.000417978
-6.6288e-07
-6.67163e-07
0.000417978
-1.32553e-06
-6.69102e-07
0.000417985
-1.98639e-06
-6.7261e-07
0.000417999
-2.64166e-06
-6.83571e-07
0.000418019
-6.89659e-07
0.000418048
-3.29031e-06
2.65085e-06
-1.36186e-06
0.000418056
-3.30317e-06
1.99448e-06
-1.35008e-06
0.000418026
1.33151e-06
-1.34249e-06
0.000418005
6.66616e-07
-1.33736e-06
0.000417992
2.03881e-10
-1.33176e-06
0.000417985
-6.65248e-07
-1.33247e-06
0.000417985
-1.32903e-06
-1.33619e-06
0.000417992
-1.992e-06
-1.341e-06
0.000418005
-2.652e-06
-1.35611e-06
0.000418027
-1.37542e-06
0.000418056
-3.30088e-06
2.66655e-06
-2.04651e-06
0.000418072
-3.31798e-06
2.00773e-06
-2.02446e-06
0.000418041
1.34105e-06
-2.0077e-06
0.000418019
6.71417e-07
-1.99905e-06
0.000418005
-3.21623e-10
-1.99123e-06
0.000417998
-6.70789e-07
-1.9932e-06
0.000417999
-1.33946e-06
-1.999e-06
0.000418005
-2.00446e-06
-2.00818e-06
0.000418019
-2.66906e-06
-2.02509e-06
0.000418041
-2.05953e-06
0.000418073
-3.32124e-06
2.69327e-06
-2.72829e-06
0.000418099
-3.3506e-06
2.0267e-06
-2.69287e-06
0.000418065
1.35445e-06
-2.66862e-06
0.000418041
6.76206e-07
-2.65313e-06
0.000418026
-2.36358e-09
-2.64474e-06
0.000418019
-6.78338e-07
-2.64939e-06
0.000418019
-1.3535e-06
-2.65662e-06
0.000418027
-2.0228e-06
-2.67257e-06
0.000418042
-2.69248e-06
-2.69074e-06
0.000418065
-2.73983e-06
0.0004181
-3.35117e-06
2.73014e-06
0.000418142
-3.4001e-06
-3.40368e-06
2.04818e-06
0.000418099
-3.3497e-06
1.36446e-06
0.000418073
-3.32084e-06
6.78858e-07
0.000418056
-3.3022e-06
-4.01186e-09
0.000418048
-3.29604e-06
-6.85621e-07
0.000418049
-3.30215e-06
-1.36362e-06
0.000418057
-3.3136e-06
-2.04649e-06
0.000418073
-3.3256e-06
-2.72676e-06
0.000418099
-3.34901e-06
0.000418143
-3.4078e-06
-3.40395e-06
2.65043e-06
2.64949e-06
0.000419459
-3.30764e-06
-3.3102e-06
1.98725e-06
2.62359e-06
0.00041941
-3.27135e-06
1.32413e-06
2.60587e-06
0.00041938
-3.25011e-06
6.61568e-07
2.59735e-06
0.000419362
-3.24054e-06
-3.81668e-10
2.59026e-06
0.000419353
-3.23356e-06
-6.63666e-07
2.5932e-06
0.000419353
-3.23516e-06
-1.32433e-06
2.60144e-06
0.000419361
-3.24667e-06
-1.98805e-06
2.61399e-06
0.000419379
-3.25778e-06
-2.64943e-06
2.63999e-06
0.000419409
-3.2893e-06
2.66297e-06
0.000419459
-3.31606e-06
-3.31421e-06
2.63259e-06
1.9884e-06
0.00041941
-3.28237e-06
1.97674e-06
1.97294e-06
0.000419371
1.31691e-06
1.96131e-06
0.000419346
6.5836e-07
1.95238e-06
0.00041933
-1.16986e-09
1.94659e-06
0.000419322
-6.61543e-07
1.95033e-06
0.000419322
-1.31687e-06
1.95309e-06
0.00041933
-1.97145e-06
1.96404e-06
0.000419346
-2.62133e-06
1.98364e-06
0.000419371
2.00229e-06
0.000419409
-3.27137e-06
2.61362e-06
1.32392e-06
0.00041938
-3.25658e-06
1.96304e-06
1.31927e-06
0.000419346
1.30913e-06
1.31234e-06
0.000419322
6.54368e-07
1.30473e-06
0.000419308
-2.20547e-09
1.30099e-06
0.0004193
-6.56319e-07
1.30227e-06
0.0004193
-1.30844e-06
1.3027e-06
0.000419308
-1.95867e-06
1.31135e-06
0.000419323
-2.6034e-06
1.32424e-06
0.000419346
1.33536e-06
0.000419379
-3.24374e-06
2.59904e-06
6.60815e-07
0.000419362
-3.24179e-06
1.95164e-06
6.63383e-07
0.00041933
1.30295e-06
6.58835e-07
0.000419307
6.52194e-07
6.53666e-07
0.000419293
-8.8016e-10
6.52429e-07
0.000419286
-6.52367e-07
6.52034e-07
0.000419286
-1.3027e-06
6.51157e-07
0.000419294
-1.95024e-06
6.56754e-07
0.000419308
-2.59271e-06
6.63533e-07
0.00041933
6.68911e-07
0.000419362
-3.232e-06
2.59194e-06
2.41964e-12
0.000419353
-3.23639e-06
1.94627e-06
6.10176e-09
0.000419322
1.29981e-06
3.39468e-09
0.0004193
6.51024e-07
9.23976e-10
0.000419286
8.84533e-10
1.14184e-09
0.000419279
-6.50311e-07
1.80712e-09
0.000419279
-1.30058e-06
-2.20407e-10
0.000419287
-1.9467e-06
8.68145e-10
0.000419301
-2.58774e-06
1.84614e-09
0.000419322
4.44109e-09
0.000419353
-3.22818e-06
2.59334e-06
-6.62291e-07
0.000419353
-3.23634e-06
1.94745e-06
-6.51091e-07
0.000419322
1.30037e-06
-6.51503e-07
0.0004193
6.50791e-07
-6.51019e-07
0.000419286
7.66192e-10
-6.50218e-07
0.000419279
-6.49473e-07
-6.49332e-07
0.000419279
-1.30064e-06
-6.50656e-07
0.000419286
-1.94918e-06
-6.52565e-07
0.000419301
-2.59083e-06
-6.59235e-07
0.000419322
-6.62788e-07
0.000419353
-3.22857e-06
2.5997e-06
-1.32575e-06
0.000419362
-3.24228e-06
1.95405e-06
-1.30877e-06
0.00041933
1.30423e-06
-1.30382e-06
0.000419308
6.52252e-07
-1.30064e-06
0.000419293
2.31364e-10
-1.2997e-06
0.000419286
-6.51805e-07
-1.29879e-06
0.000419286
-1.30337e-06
-1.30072e-06
0.000419293
-1.95371e-06
-1.30444e-06
0.000419308
-2.59882e-06
-1.31754e-06
0.00041933
-1.33048e-06
0.000419362
-3.23702e-06
2.61039e-06
-1.9895e-06
0.00041938
-3.25435e-06
1.96374e-06
-1.96637e-06
0.000419345
1.31177e-06
-1.95456e-06
0.000419322
6.57134e-07
-1.94798e-06
0.000419307
6.93769e-10
-1.94517e-06
0.0004193
-6.55772e-07
-1.94423e-06
0.0004193
-1.3087e-06
-1.95004e-06
0.000419308
-1.9598e-06
-1.95652e-06
0.000419323
-2.61246e-06
-1.96962e-06
0.000419346
-1.9929e-06
0.000419381
-3.25771e-06
2.62746e-06
-2.65036e-06
0.00041941
-3.27765e-06
1.97517e-06
-2.6204e-06
0.000419371
1.32096e-06
-2.60447e-06
0.000419345
6.63491e-07
-2.59363e-06
0.00041933
2.60433e-09
-2.58718e-06
0.000419322
-6.57383e-07
-2.58726e-06
0.000419322
-1.31443e-06
-2.59665e-06
0.00041933
-1.97163e-06
-2.60395e-06
0.000419346
-2.63125e-06
-2.61674e-06
0.000419372
-2.65227e-06
0.000419411
-3.28271e-06
2.64798e-06
0.00041946
-3.30672e-06
-3.30955e-06
1.98734e-06
0.00041941
-3.27028e-06
1.32869e-06
0.00041938
-3.2529e-06
6.67512e-07
0.000419362
-3.23828e-06
6.67602e-09
0.000419353
-3.23151e-06
-6.59931e-07
0.000419354
-3.22585e-06
-1.32348e-06
0.000419363
-3.23895e-06
-1.98866e-06
0.00041938
-3.24568e-06
-2.65586e-06
0.00041941
-3.26004e-06
0.00041946
-3.32539e-06
-3.30039e-06
2.53569e-06
2.53986e-06
0.000420732
-3.17502e-06
-3.17306e-06
1.90022e-06
2.52424e-06
0.000420675
-3.15365e-06
1.2651e-06
2.51522e-06
0.00042064
-3.14085e-06
6.30952e-07
2.50711e-06
0.000420621
-3.13189e-06
-6.74421e-10
2.50076e-06
0.000420611
-3.12739e-06
-6.33737e-07
2.50107e-06
0.000420612
-3.12635e-06
-1.266e-06
2.50708e-06
0.000420621
-3.13412e-06
-1.9018e-06
2.51765e-06
0.000420641
-3.14309e-06
-2.53981e-06
2.54307e-06
0.000420674
-3.16999e-06
2.54951e-06
0.000420732
-3.17922e-06
-3.18255e-06
2.53013e-06
1.90628e-06
0.000420674
-3.16141e-06
1.89604e-06
1.8987e-06
0.000420631
1.2624e-06
1.89175e-06
0.000420603
6.30847e-07
1.88259e-06
0.000420586
-1.29795e-09
1.8772e-06
0.000420578
-6.34493e-07
1.87842e-06
0.000420578
-1.26371e-06
1.88e-06
0.000420586
-1.89513e-06
1.89166e-06
0.000420603
-2.52475e-06
1.91298e-06
0.000420631
1.91666e-06
0.000420674
-3.15683e-06
2.51908e-06
1.269e-06
0.000420641
-3.14259e-06
1.89e-06
1.27077e-06
0.000420603
1.25941e-06
1.26696e-06
0.000420578
6.29281e-07
1.25796e-06
0.000420562
-2.11384e-09
1.25408e-06
0.000420555
-6.32113e-07
1.25385e-06
0.000420555
-1.26043e-06
1.25346e-06
0.000420563
-1.88959e-06
1.26546e-06
0.000420578
-2.51362e-06
1.27998e-06
0.000420603
1.2795e-06
0.00042064
-3.13745e-06
2.50881e-06
6.32482e-07
0.000420621
-3.13115e-06
1.88374e-06
6.39947e-07
0.000420586
1.25694e-06
6.39135e-07
0.000420562
6.28039e-07
6.3267e-07
0.000420547
-1.45031e-09
6.29566e-07
0.00042054
-6.30109e-07
6.28492e-07
0.00042054
-1.25816e-06
6.27311e-07
0.000420548
-1.88354e-06
6.36233e-07
0.000420562
-2.50571e-06
6.46233e-07
0.000420586
6.44001e-07
0.000420621
-3.12927e-06
2.5036e-06
-1.6696e-09
0.000420612
-3.12767e-06
1.8804e-06
7.62795e-09
0.000420578
1.25554e-06
9.71335e-09
0.000420555
6.27833e-07
6.57289e-09
0.00042054
2.06596e-11
3.63062e-09
0.000420533
-6.29163e-07
3.92529e-09
0.000420533
-1.25782e-06
2.04243e-09
0.00042054
-1.88145e-06
5.51075e-09
0.000420555
-2.50207e-06
1.15172e-08
0.000420577
1.03505e-08
0.000420611
-3.12658e-06
2.50577e-06
-6.36931e-07
0.000420612
-3.12891e-06
1.88089e-06
-6.23145e-07
0.000420578
1.2558e-06
-6.19447e-07
0.000420555
6.27975e-07
-6.19357e-07
0.00042054
1.41994e-10
-6.2215e-07
0.000420533
-6.28337e-07
-6.21294e-07
0.000420533
-1.25836e-06
-6.21803e-07
0.00042054
-1.88454e-06
-6.22648e-07
0.000420555
-2.50328e-06
-6.25145e-07
0.000420578
-6.26763e-07
0.000420611
-3.1244e-06
2.51171e-06
-1.27361e-06
0.000420621
-3.13419e-06
1.88534e-06
-1.25277e-06
0.000420586
1.25811e-06
-1.24667e-06
0.000420562
6.29191e-07
-1.24426e-06
0.000420547
5.45519e-10
-1.24724e-06
0.00042054
-6.29482e-07
-1.24503e-06
0.00042054
-1.25972e-06
-1.24555e-06
0.000420547
-1.88629e-06
-1.25071e-06
0.000420562
-2.507e-06
-1.26042e-06
0.000420586
-1.26586e-06
0.000420621
-3.12681e-06
2.51798e-06
-1.90835e-06
0.000420641
-3.14444e-06
1.89148e-06
-1.88352e-06
0.000420603
1.26294e-06
-1.8736e-06
0.000420577
6.34002e-07
-1.86983e-06
0.000420562
2.54378e-09
-1.87001e-06
0.000420555
-6.30107e-07
-1.86661e-06
0.000420555
-1.25961e-06
-1.87065e-06
0.000420562
-1.88836e-06
-1.87763e-06
0.000420578
-2.51643e-06
-1.88974e-06
0.000420604
-1.90128e-06
0.000420641
-3.14199e-06
2.52654e-06
-2.53952e-06
0.000420675
-3.16029e-06
1.89712e-06
-2.51385e-06
0.000420631
1.2684e-06
-2.50205e-06
0.000420602
6.41085e-07
-2.49842e-06
0.000420585
8.098e-09
-2.4926e-06
0.000420578
-6.26468e-07
-2.48768e-06
0.000420578
-1.26008e-06
-2.49306e-06
0.000420586
-1.89651e-06
-2.49837e-06
0.000420603
-2.53262e-06
-2.51345e-06
0.000420632
-2.53371e-06
0.000420675
-3.16497e-06
2.5328e-06
0.000420732
-3.17187e-06
-3.17274e-06
1.90211e-06
0.000420674
-3.14767e-06
1.27542e-06
0.00042064
-3.13586e-06
6.45754e-07
0.000420621
-3.12765e-06
1.60562e-08
0.000420612
-3.12106e-06
-6.24509e-07
0.000420612
-3.10516e-06
-1.26834e-06
0.000420621
-3.10783e-06
-1.90904e-06
0.00042064
-3.11797e-06
-2.5481e-06
0.000420674
-3.13888e-06
0.000420732
-3.18884e-06
-3.16501e-06
2.40449e-06
2.41539e-06
0.000421949
-3.02353e-06
-3.01364e-06
1.80275e-06
2.41348e-06
0.000421884
-3.02118e-06
1.20016e-06
2.40803e-06
0.000421845
-3.01052e-06
5.98754e-07
2.39882e-06
0.000421823
-3.00037e-06
5.8227e-10
2.39236e-06
0.000421814
-2.99633e-06
-5.98938e-07
2.38958e-06
0.000421814
-2.99226e-06
-1.19976e-06
2.39092e-06
0.000421824
-2.99354e-06
-1.80374e-06
2.40054e-06
0.000421846
-3.00226e-06
-2.41285e-06
2.4214e-06
0.000421884
-3.02222e-06
2.4164e-06
0.000421949
-3.01988e-06
-3.02683e-06
2.40673e-06
1.81388e-06
0.000421884
-3.01477e-06
1.80284e-06
1.81371e-06
0.000421835
1.20094e-06
1.80921e-06
0.000421804
6.00742e-07
1.79957e-06
0.000421785
1.70177e-10
1.79402e-06
0.000421777
-6.01271e-07
1.79193e-06
0.000421777
-1.20218e-06
1.7921e-06
0.000421786
-1.80796e-06
1.80515e-06
0.000421804
-2.4128e-06
1.82201e-06
0.000421835
1.81517e-06
0.000421884
-3.02146e-06
2.40195e-06
1.20821e-06
0.000421846
-3.00136e-06
1.8021e-06
1.21279e-06
0.000421803
1.20123e-06
1.21131e-06
0.000421776
6.00559e-07
1.20237e-06
0.00042176
-5.35022e-10
1.19764e-06
0.000421752
-6.0187e-07
1.19561e-06
0.000421753
-1.20294e-06
1.19526e-06
0.000421761
-1.8062e-06
1.2096e-06
0.000421777
-2.40574e-06
1.22046e-06
0.000421804
1.21096e-06
0.000421846
-3.00729e-06
2.39779e-06
6.02112e-07
0.000421824
-2.99449e-06
1.80042e-06
6.10689e-07
0.000421785
1.20141e-06
6.12389e-07
0.00042176
5.99991e-07
6.06578e-07
0.000421745
-9.39066e-10
6.01566e-07
0.000421737
-6.01907e-07
5.99604e-07
0.000421737
-1.20339e-06
5.9957e-07
0.000421745
-1.80179e-06
6.10084e-07
0.00042176
-2.40036e-06
6.19292e-07
0.000421785
6.10686e-07
0.000421824
-3.00326e-06
2.39523e-06
-3.13677e-09
0.000421814
-2.99197e-06
1.79939e-06
7.56062e-09
0.000421776
1.20104e-06
1.32556e-08
0.000421752
6.00365e-07
1.04082e-08
0.000421737
-4.04951e-10
5.62758e-09
0.00042173
-6.01681e-07
4.13982e-09
0.00042173
-1.20333e-06
4.37799e-09
0.000421737
-1.80024e-06
9.52651e-09
0.000421752
-2.39741e-06
1.74937e-08
0.000421776
1.22249e-08
0.000421814
-3.00128e-06
2.39631e-06
-6.07476e-07
0.000421814
-2.99422e-06
1.79887e-06
-5.93986e-07
0.000421777
1.20096e-06
-5.86215e-07
0.000421752
6.00643e-07
-5.86016e-07
0.000421737
3.0321e-10
-5.90603e-07
0.00042173
-6.00731e-07
-5.91513e-07
0.00042173
-1.20335e-06
-5.89858e-07
0.000421737
-1.80216e-06
-5.89104e-07
0.000421752
-2.39588e-06
-5.87702e-07
0.000421776
-5.87713e-07
0.000421814
-2.99833e-06
2.39935e-06
-1.21034e-06
0.000421824
-2.99961e-06
1.79964e-06
-1.19382e-06
0.000421785
1.20239e-06
-1.18675e-06
0.00042176
6.01509e-07
-1.18218e-06
0.000421744
1.50503e-09
-1.18736e-06
0.000421737
-6.005e-07
-1.1863e-06
0.000421737
-1.20311e-06
-1.18437e-06
0.000421744
-1.80131e-06
-1.18873e-06
0.00042176
-2.39517e-06
-1.1931e-06
0.000421785
-1.19147e-06
0.000421824
-2.99433e-06
2.40314e-06
-1.81117e-06
0.000421846
-3.00766e-06
1.80294e-06
-1.79488e-06
0.000421804
1.20406e-06
-1.78704e-06
0.000421777
6.03917e-07
-1.78008e-06
0.00042176
3.35388e-09
-1.78426e-06
0.000421752
-5.98422e-07
-1.782e-06
0.000421752
-1.19962e-06
-1.78101e-06
0.00042176
-1.79968e-06
-1.78755e-06
0.000421777
-2.3984e-06
-1.79529e-06
0.000421804
-1.799e-06
0.000421847
-2.99599e-06
2.40895e-06
-2.41052e-06
0.000421884
-3.01897e-06
1.80674e-06
-2.39682e-06
0.000421835
1.20572e-06
-2.38727e-06
0.000421804
6.09351e-07
-2.38336e-06
0.000421785
8.95095e-09
-2.38301e-06
0.000421777
-5.94281e-07
-2.37784e-06
0.000421777
-1.19787e-06
-2.37683e-06
0.000421786
-1.80468e-06
-2.38155e-06
0.000421804
-2.4094e-06
-2.39441e-06
0.000421835
-2.40184e-06
0.000421885
-3.01606e-06
2.40608e-06
0.000421949
-3.01692e-06
-3.01657e-06
1.80807e-06
0.000421884
-3.00818e-06
1.21091e-06
0.000421845
-2.99508e-06
6.14714e-07
0.000421824
-2.99003e-06
1.59431e-08
0.000421814
-2.98631e-06
-5.93249e-07
0.000421814
-2.97063e-06
-1.20711e-06
0.000421824
-2.9657e-06
-1.81381e-06
0.000421845
-2.9797e-06
-2.41639e-06
0.000421884
-3.0012e-06
0.000421949
-3.02123e-06
-3.01393e-06
2.27544e-06
2.29024e-06
0.000423108
-2.87249e-06
-2.85245e-06
1.70911e-06
2.29904e-06
0.000423036
-2.88451e-06
1.13925e-06
2.29499e-06
0.000422993
-2.87251e-06
5.70919e-07
2.28523e-06
0.000422968
-2.86192e-06
3.36847e-09
2.28012e-06
0.000422958
-2.85657e-06
-5.6406e-07
2.27494e-06
0.000422958
-2.8515e-06
-1.13492e-06
2.27127e-06
0.000422969
-2.84573e-06
-1.70639e-06
2.27823e-06
0.000422994
-2.8546e-06
-2.28297e-06
2.28859e-06
0.000423037
-2.86455e-06
2.28125e-06
0.000423109
-2.85909e-06
-2.86471e-06
2.28091e-06
1.71901e-06
0.000423036
-2.86169e-06
1.70962e-06
1.72449e-06
0.00042298
1.14105e-06
1.72107e-06
0.000422946
5.72852e-07
1.71257e-06
0.000422926
2.83998e-09
1.70999e-06
0.000422917
-5.65722e-07
1.70327e-06
0.000422917
-1.13947e-06
1.70399e-06
0.000422927
-1.71622e-06
1.71204e-06
0.000422947
-2.29435e-06
1.72007e-06
0.000422981
1.71029e-06
0.000423037
-2.87596e-06
2.27818e-06
1.14699e-06
0.000422993
-2.85353e-06
1.71005e-06
1.14993e-06
0.000422946
1.1421e-06
1.14874e-06
0.000422917
5.72266e-07
1.14344e-06
0.000422899
3.21543e-09
1.14059e-06
0.000422891
-5.67931e-07
1.13582e-06
0.000422891
-1.14121e-06
1.13838e-06
0.000422899
-1.71724e-06
1.14777e-06
0.000422917
-2.29011e-06
1.1499e-06
0.000422947
1.14093e-06
0.000422994
-2.86881e-06
2.27836e-06
5.74637e-07
0.000422969
-2.85087e-06
1.71125e-06
5.75936e-07
0.000422926
1.1422e-06
5.78606e-07
0.000422899
5.71093e-07
5.76325e-07
0.000422883
1.79246e-09
5.72022e-07
0.000422875
-5.69584e-07
5.69469e-07
0.000422875
-1.14177e-06
5.72558e-07
0.000422883
-1.71333e-06
5.80248e-07
0.000422899
-2.28668e-06
5.81911e-07
0.000422927
5.75342e-07
0.000422969
-2.86626e-06
2.2789e-06
2.92869e-10
0.000422957
-2.84834e-06
1.71139e-06
3.0201e-09
0.000422917
1.14182e-06
9.45281e-09
0.000422891
5.7112e-07
9.16101e-09
0.000422875
2.99612e-10
5.23626e-09
0.000422867
-5.7047e-07
2.65158e-09
0.000422867
-1.14143e-06
5.82657e-09
0.000422875
-1.71053e-06
1.08381e-08
0.000422891
-2.28521e-06
1.61297e-08
0.000422917
7.92726e-09
0.000422958
-2.86218e-06
2.27914e-06
-5.73161e-07
0.000422958
-2.84962e-06
1.70947e-06
-5.67677e-07
0.000422917
1.1411e-06
-5.60804e-07
0.000422891
5.7158e-07
-5.59142e-07
0.000422875
8.91086e-10
-5.61621e-07
0.000422867
-5.70407e-07
-5.63622e-07
0.000422867
-1.14085e-06
-5.6149e-07
0.000422875
-1.7099e-06
-5.58619e-07
0.000422891
-2.28106e-06
-5.53176e-07
0.000422917
-5.57141e-07
0.000422958
-2.86026e-06
2.27831e-06
-1.14216e-06
0.000422969
-2.8542e-06
1.70787e-06
-1.13832e-06
0.000422926
1.14082e-06
-1.13304e-06
0.000422899
5.71852e-07
-1.12857e-06
0.000422883
2.0199e-09
-1.12968e-06
0.000422875
-5.68907e-07
-1.13057e-06
0.000422875
-1.14033e-06
-1.12839e-06
0.000422883
-1.70873e-06
-1.12939e-06
0.000422899
-2.27617e-06
-1.12645e-06
0.000422926
-1.12315e-06
0.000422969
-2.85502e-06
2.27967e-06
-1.70855e-06
0.000422994
-2.86064e-06
1.70898e-06
-1.71069e-06
0.000422947
1.14018e-06
-1.70498e-06
0.000422917
5.70578e-07
-1.69855e-06
0.000422899
2.54415e-09
-1.70044e-06
0.000422891
-5.65759e-07
-1.70107e-06
0.000422891
-1.13603e-06
-1.69734e-06
0.000422899
-1.70644e-06
-1.69921e-06
0.000422917
-2.274e-06
-1.70143e-06
0.000422947
-1.69804e-06
0.000422994
-2.84606e-06
2.28668e-06
-2.27598e-06
0.000423036
-2.87083e-06
1.71225e-06
-2.2826e-06
0.000422981
1.13901e-06
-2.27493e-06
0.000422947
5.71227e-07
-2.2723e-06
0.000422927
4.43035e-09
-2.27429e-06
0.000422917
-5.63364e-07
-2.27377e-06
0.000422917
-1.13289e-06
-2.26866e-06
0.000422927
-1.70665e-06
-2.26792e-06
0.000422947
-2.27898e-06
-2.27501e-06
0.000422981
-2.27253e-06
0.000423037
-2.85633e-06
2.28153e-06
0.000423108
-2.85686e-06
-2.85964e-06
1.7135e-06
0.000423036
-2.86674e-06
1.14185e-06
0.000422993
-2.85098e-06
5.75356e-07
0.000422969
-2.85094e-06
6.24406e-09
0.000422958
-2.84929e-06
-5.65248e-07
0.000422958
-2.84635e-06
-1.14011e-06
0.000422969
-2.83873e-06
-1.70969e-06
0.000422993
-2.84583e-06
-2.27559e-06
0.000423036
-2.86104e-06
0.000423108
-2.84669e-06
-2.8606e-06
2.16178e-06
2.17653e-06
0.000424212
-2.73519e-06
-2.70714e-06
1.62748e-06
2.19098e-06
0.000424133
-2.75408e-06
1.0879e-06
2.18668e-06
0.000424086
-2.74029e-06
5.48475e-07
2.17912e-06
0.000424059
-2.73037e-06
8.85762e-09
2.17415e-06
0.000424047
-2.72399e-06
-5.31101e-07
2.17037e-06
0.000424047
-2.71977e-06
-1.07491e-06
2.1635e-06
0.00042406
-2.71031e-06
-1.61419e-06
2.16507e-06
0.000424087
-2.71911e-06
-2.15728e-06
2.16575e-06
0.000424135
-2.72073e-06
2.16254e-06
0.000424213
-2.71624e-06
-2.70807e-06
2.16559e-06
1.63296e-06
0.000424134
-2.71964e-06
1.62586e-06
1.63913e-06
0.000424072
1.08824e-06
1.6363e-06
0.000424034
5.49242e-07
1.63214e-06
0.000424012
7.99243e-09
1.63028e-06
0.000424002
-5.31809e-07
1.62516e-06
0.000424002
-1.07895e-06
1.62477e-06
0.000424013
-1.62705e-06
1.625e-06
0.000424035
-2.17777e-06
1.62432e-06
0.000424074
1.61896e-06
0.000424135
-2.7323e-06
2.16301e-06
1.09146e-06
0.000424086
-2.7146e-06
1.62455e-06
1.08939e-06
0.000424034
1.08719e-06
1.08831e-06
0.000424002
5.47643e-07
1.08797e-06
0.000423983
8.23702e-09
1.08656e-06
0.000423974
-5.33728e-07
1.08403e-06
0.000423974
-1.07971e-06
1.08716e-06
0.000423983
-1.6286e-06
1.08863e-06
0.000424002
-2.17641e-06
1.08385e-06
0.000424035
1.08054e-06
0.000424088
-2.7314e-06
2.16459e-06
5.49718e-07
0.000424059
-2.71335e-06
1.62501e-06
5.42694e-07
0.000424012
1.08575e-06
5.43578e-07
0.000423983
5.45058e-07
5.45909e-07
0.000423966
5.59247e-09
5.437e-07
0.000423957
-5.36147e-07
5.43585e-07
0.000423957
-1.07964e-06
5.48074e-07
0.000423965
-1.62509e-06
5.50194e-07
0.000423983
-2.17326e-06
5.45673e-07
0.000424013
5.43372e-07
0.00042406
-2.72676e-06
2.16617e-06
5.39998e-09
0.000424047
-2.71111e-06
1.62516e-06
-1.71224e-09
0.000424002
1.08441e-06
8.26326e-10
0.000423974
5.43837e-07
4.02398e-09
0.000423957
2.3811e-09
3.0617e-09
0.00042395
-5.37956e-07
1.88331e-09
0.00042395
-1.07898e-06
6.81069e-09
0.000423957
-1.6213e-06
9.21761e-09
0.000423974
-2.17042e-06
9.1649e-09
0.000424003
5.52095e-09
0.000424048
-2.72219e-06
2.1658e-06
-5.37595e-07
0.000424047
-2.71197e-06
1.6228e-06
-5.44027e-07
0.000424002
1.08288e-06
-5.42688e-07
0.000423974
5.43945e-07
-5.39579e-07
0.000423957
2.16846e-09
-5.37311e-07
0.000423949
-5.39453e-07
-5.38547e-07
0.000423949
-1.0787e-06
-5.36306e-07
0.000423957
-1.61833e-06
-5.34493e-07
0.000423974
-2.16626e-06
-5.28487e-07
0.000424002
-5.26336e-07
0.000424047
-2.72379e-06
2.16444e-06
-1.07651e-06
0.000424059
-2.71573e-06
1.62146e-06
-1.0874e-06
0.000424013
1.08233e-06
-1.08791e-06
0.000423983
5.43578e-07
-1.08411e-06
0.000423966
2.44889e-09
-1.07881e-06
0.000423957
-5.3813e-07
-1.08052e-06
0.000423957
-1.07825e-06
-1.07919e-06
0.000423966
-1.61893e-06
-1.07781e-06
0.000423983
-2.16328e-06
-1.07009e-06
0.000424012
-1.05745e-06
0.000424059
-2.72238e-06
2.16684e-06
-1.61436e-06
0.000424086
-2.7217e-06
1.62343e-06
-1.63227e-06
0.000424035
1.08125e-06
-1.63143e-06
0.000424003
5.40419e-07
-1.62767e-06
0.000423984
1.56589e-09
-1.62354e-06
0.000423974
-5.35214e-07
-1.6273e-06
0.000423974
-1.07619e-06
-1.62221e-06
0.000423983
-1.61979e-06
-1.61925e-06
0.000424002
-2.16083e-06
-1.61674e-06
0.000424035
-1.60226e-06
0.000424086
-2.70871e-06
2.17426e-06
-2.1546e-06
0.000424133
-2.73133e-06
1.62715e-06
-2.17708e-06
0.000424073
1.07986e-06
-2.17266e-06
0.000424035
5.36048e-07
-2.17052e-06
0.000424013
-1.52616e-09
-2.17154e-06
0.000424003
-5.36157e-07
-2.17798e-06
0.000424003
-1.07293e-06
-2.17138e-06
0.000424013
-1.61422e-06
-2.16575e-06
0.000424035
-2.15763e-06
-2.16479e-06
0.000424073
-2.15111e-06
0.000424134
-2.70642e-06
2.16887e-06
0.000424212
-2.70935e-06
-2.71826e-06
1.6266e-06
0.000424134
-2.73301e-06
1.07769e-06
0.000424087
-2.71757e-06
5.34046e-07
0.00042406
-2.71759e-06
-8.13991e-09
0.000424047
-2.71897e-06
-5.43186e-07
0.000424047
-2.73255e-06
-1.07368e-06
0.00042406
-2.73181e-06
-1.60809e-06
0.000424087
-2.72512e-06
-2.14139e-06
0.000424134
-2.72932e-06
0.000424213
-2.68608e-06
-2.71074e-06
2.06553e-06
2.08098e-06
0.000425268
-2.61615e-06
-2.58579e-06
1.55669e-06
2.09605e-06
0.000425183
-2.63722e-06
1.04394e-06
2.09069e-06
0.000425132
-2.62407e-06
5.29008e-07
2.08468e-06
0.000425103
-2.61326e-06
1.34582e-08
2.08111e-06
0.000425089
-2.60763e-06
-5.03203e-07
2.0812e-06
0.000425089
-2.60646e-06
-1.02195e-06
2.07466e-06
0.000425103
-2.59888e-06
-1.53434e-06
2.06895e-06
0.000425133
-2.60226e-06
-2.04946e-06
2.06441e-06
0.000425185
-2.59933e-06
2.06403e-06
0.000425269
-2.5927e-06
-2.57656e-06
2.06966e-06
1.56088e-06
0.000425184
-2.59958e-06
1.55648e-06
1.56479e-06
0.000425116
1.04465e-06
1.56176e-06
0.000425075
5.29113e-07
1.56171e-06
0.000425051
1.24855e-08
1.56026e-06
0.00042504
-5.02123e-07
1.5585e-06
0.00042504
-1.02349e-06
1.5579e-06
0.000425051
-1.54532e-06
1.55028e-06
0.000425076
-2.07069e-06
1.54538e-06
0.000425118
1.54595e-06
0.000425185
-2.60271e-06
2.06749e-06
1.04552e-06
0.000425132
-2.59805e-06
1.5534e-06
1.03801e-06
0.000425075
1.04166e-06
1.03578e-06
0.00042504
5.2704e-07
1.04045e-06
0.000425019
1.271e-08
1.03944e-06
0.000425009
-5.0335e-07
1.03948e-06
0.000425009
-1.02301e-06
1.04186e-06
0.000425019
-1.54678e-06
1.03658e-06
0.00042504
-2.07048e-06
1.02843e-06
0.000425076
1.03387e-06
0.000425133
-2.60416e-06
2.06782e-06
5.29774e-07
0.000425102
-2.59548e-06
1.55148e-06
5.15597e-07
0.000425051
1.03779e-06
5.13347e-07
0.000425019
5.24165e-07
5.19427e-07
0.000425
1.05429e-08
5.18977e-07
0.000424992
-5.05376e-07
5.21376e-07
0.000424991
-1.02307e-06
5.24993e-07
0.000425
-1.54437e-06
5.21777e-07
0.000425019
-2.06781e-06
5.1323e-07
0.000425052
5.22565e-07
0.000425103
-2.59954e-06
2.06807e-06
1.25821e-08
0.000425089
-2.59297e-06
1.55074e-06
-4.86545e-09
0.00042504
1.03582e-06
-7.24746e-09
0.00042501
5.22754e-07
-1.88851e-09
0.000424992
7.53149e-09
4.04121e-10
0.000424983
-5.07267e-07
2.46306e-09
0.000424983
-1.02224e-06
5.84208e-09
0.000424991
-1.54065e-06
4.83378e-09
0.000425009
-2.0661e-06
8.07964e-10
0.00042504
9.01501e-09
0.00042509
-2.59445e-06
2.06668e-06
-5.02961e-07
0.000425089
-2.59297e-06
1.54898e-06
-5.24792e-07
0.00042504
1.03499e-06
-5.28798e-07
0.00042501
5.2288e-07
-5.24264e-07
0.000424992
6.3122e-09
-5.17029e-07
0.000424983
-5.09351e-07
-5.15644e-07
0.000424983
-1.02225e-06
-5.15449e-07
0.000424991
-1.53803e-06
-5.14696e-07
0.000425009
-2.06527e-06
-5.09687e-07
0.00042504
-4.99322e-07
0.000425089
-2.59875e-06
2.06747e-06
-1.01705e-06
0.000425102
-2.59638e-06
1.54954e-06
-1.0457e-06
0.000425051
1.03498e-06
-1.05056e-06
0.00042502
5.21253e-07
-1.04568e-06
0.000425001
4.39872e-09
-1.03472e-06
0.000424992
-5.1003e-07
-1.03557e-06
0.000424992
-1.02395e-06
-1.03632e-06
0.000425001
-1.54164e-06
-1.03282e-06
0.000425019
-2.06784e-06
-1.02191e-06
0.000425051
-1.00769e-06
0.000425102
-2.60244e-06
2.074e-06
-1.53408e-06
0.000425132
-2.60245e-06
1.55379e-06
-1.56618e-06
0.000425076
1.03476e-06
-1.56908e-06
0.000425041
5.16124e-07
-1.5632e-06
0.00042502
1.19111e-09
-1.55525e-06
0.00042501
-5.11555e-07
-1.55825e-06
0.00042501
-1.02622e-06
-1.55764e-06
0.000425019
-1.54512e-06
-1.55118e-06
0.00042504
-2.06646e-06
-1.54086e-06
0.000425075
-1.52733e-06
0.000425132
-2.59283e-06
2.08285e-06
-2.05324e-06
0.000425183
-2.61387e-06
1.55877e-06
-2.08664e-06
0.000425118
1.03443e-06
-2.08542e-06
0.000425076
5.08892e-07
-2.0763e-06
0.000425052
-6.66526e-09
-2.07721e-06
0.00042504
-5.15811e-07
-2.08656e-06
0.00042504
-1.02406e-06
-2.08794e-06
0.000425051
-1.53528e-06
-2.08059e-06
0.000425075
-2.05352e-06
-2.06681e-06
0.000425117
-2.04993e-06
0.000425185
-2.58133e-06
2.0794e-06
0.000425268
-2.58532e-06
-2.60328e-06
1.55712e-06
0.000425185
-2.61505e-06
1.02765e-06
0.000425133
-2.60243e-06
5.02332e-07
0.000425103
-2.59433e-06
-1.83228e-08
0.00042509
-2.59863e-06
-5.20388e-07
0.00042509
-2.62679e-06
-1.01696e-06
0.000425104
-2.63519e-06
-1.52235e-06
0.000425133
-2.622e-06
-2.02818e-06
0.000425184
-2.61162e-06
0.000425269
-2.55237e-06
-2.58202e-06
1.99251e-06
2.00461e-06
0.000426283
-2.5149e-06
-2.49767e-06
1.49994e-06
2.01317e-06
0.000426195
-2.53195e-06
1.0075e-06
2.00846e-06
0.00042614
-2.52386e-06
5.12065e-07
2.00577e-06
0.000426108
-2.51558e-06
1.36938e-08
2.00629e-06
0.000426093
-2.51169e-06
-4.85711e-07
2.00895e-06
0.000426093
-2.51326e-06
-9.82017e-07
2.00799e-06
0.000426108
-2.51616e-06
-1.47489e-06
1.99504e-06
0.00042614
-2.50908e-06
-1.97128e-06
1.9866e-06
0.000426196
-2.50105e-06
1.98632e-06
0.000426285
-2.49348e-06
-2.47958e-06
1.99591e-06
1.50353e-06
0.000426195
-2.50581e-06
1.50098e-06
1.50186e-06
0.000426123
1.00731e-06
1.49953e-06
0.000426077
5.10068e-07
1.50278e-06
0.000426051
1.30323e-08
1.50414e-06
0.000426039
-4.82225e-07
1.50526e-06
0.000426039
-9.798e-07
1.50582e-06
0.000426051
-1.47855e-06
1.49189e-06
0.000426078
-1.98132e-06
1.48383e-06
0.000426123
1.48943e-06
0.000426196
-2.49527e-06
1.99416e-06
1.00798e-06
0.00042614
-2.50628e-06
1.49692e-06
9.96566e-07
0.000426078
1.00353e-06
9.93735e-07
0.000426039
5.0819e-07
1.00083e-06
0.000426016
1.34146e-08
1.0024e-06
0.000426006
-4.81724e-07
1.00408e-06
0.000426006
-9.78707e-07
1.00567e-06
0.000426016
-1.4785e-06
9.927e-07
0.000426039
-1.98147e-06
9.84596e-07
0.000426078
9.98663e-07
0.00042614
-2.4977e-06
1.99234e-06
5.12296e-07
0.000426108
-2.502e-06
1.49321e-06
4.9543e-07
0.000426051
9.98326e-07
4.91309e-07
0.000426017
5.05605e-07
4.97775e-07
0.000425996
1.27029e-08
5.00218e-07
0.000425987
-4.8206e-07
5.03751e-07
0.000425986
-9.77649e-07
5.05514e-07
0.000425996
-1.47786e-06
4.95497e-07
0.000426017
-1.98003e-06
4.86729e-07
0.000426052
5.05601e-07
0.000426107
-2.49151e-06
1.99152e-06
1.59894e-08
0.000426093
-2.49938e-06
1.4915e-06
-3.81454e-09
0.000426039
9.95727e-07
-9.55216e-09
0.000426006
5.03448e-07
-5.34505e-09
0.000425987
1.08838e-08
-1.88344e-09
0.000425978
-4.82867e-07
2.90309e-09
0.000425978
-9.76457e-07
3.89307e-09
0.000425987
-1.47691e-06
-5.7985e-10
0.000426006
-1.98139e-06
-7.94755e-09
0.00042604
8.37148e-09
0.000426093
-2.48762e-06
1.99031e-06
-4.79866e-07
0.000426093
-2.49832e-06
1.49251e-06
-5.05167e-07
0.000426039
9.95997e-07
-5.09798e-07
0.000426006
5.03147e-07
-5.07975e-07
0.000425987
8.64064e-09
-5.02337e-07
0.000425978
-4.85742e-07
-4.97501e-07
0.000425978
-9.77719e-07
-4.9937e-07
0.000425987
-1.476e-06
-4.98791e-07
0.000426006
-1.98346e-06
-4.99635e-07
0.000426039
-4.86458e-07
0.000426093
-2.49219e-06
1.99292e-06
-9.77383e-07
0.000426107
-2.50047e-06
1.49577e-06
-1.00823e-06
0.000426052
9.97611e-07
-1.00874e-06
0.000426017
5.02597e-07
-1.00888e-06
0.000425997
4.62724e-09
-9.99842e-07
0.000425987
-4.89252e-07
-9.99018e-07
0.000425987
-9.82588e-07
-1.00191e-06
0.000425996
-1.48186e-06
-9.96644e-07
0.000426016
-1.99126e-06
-9.90619e-07
0.000426051
-9.83811e-07
0.000426107
-2.49895e-06
2.00079e-06
-1.47923e-06
0.000426139
-2.50648e-06
1.49952e-06
-1.5091e-06
0.000426078
9.99309e-07
-1.50711e-06
0.000426039
4.99775e-07
-1.5063e-06
0.000426017
7.00494e-11
-1.49667e-06
0.000426006
-4.94228e-07
-1.50128e-06
0.000426006
-9.8943e-07
-1.50403e-06
0.000426017
-1.48759e-06
-1.49744e-06
0.000426039
-1.99475e-06
-1.48585e-06
0.000426077
-1.48483e-06
0.00042614
-2.50189e-06
2.00735e-06
-1.98076e-06
0.000426195
-2.51762e-06
1.50175e-06
-2.00936e-06
0.000426123
9.99821e-07
-2.0071e-06
0.000426078
4.93014e-07
-1.99928e-06
0.000426052
-7.70701e-09
-1.99476e-06
0.000426039
-4.98741e-07
-2.00928e-06
0.000426039
-9.88945e-07
-2.01406e-06
0.000426051
-1.47899e-06
-2.00993e-06
0.000426078
-1.9791e-06
-1.99192e-06
0.000426123
-1.98506e-06
0.000426197
-2.49069e-06
2.00776e-06
0.000426284
-2.48994e-06
-2.51497e-06
1.50044e-06
0.000426196
-2.51372e-06
9.92588e-07
0.000426141
-2.50723e-06
4.84914e-07
0.000426108
-2.49687e-06
-1.76981e-08
0.000426093
-2.49608e-06
-4.99176e-07
0.000426094
-2.53187e-06
-9.7714e-07
0.000426109
-2.5415e-06
-1.46209e-06
0.000426142
-2.53325e-06
-1.94975e-06
0.000426196
-2.51651e-06
0.000426286
-2.4638e-06
-2.48772e-06
1.94298e-06
1.94829e-06
0.000427268
-2.43572e-06
-2.44006e-06
1.45943e-06
1.94601e-06
0.000427176
-2.44418e-06
9.78244e-07
1.94473e-06
0.000427118
-2.44205e-06
4.94951e-07
1.94595e-06
0.000427084
-2.43882e-06
9.91405e-09
1.94651e-06
0.000427068
-2.43639e-06
-4.76424e-07
1.95114e-06
0.000427068
-2.43972e-06
-9.60126e-07
1.95704e-06
0.000427083
-2.44889e-06
-1.43841e-06
1.94542e-06
0.000427118
-2.44468e-06
-1.92133e-06
1.93663e-06
0.000427176
-2.43441e-06
1.93932e-06
0.000427269
-2.43239e-06
-2.41239e-06
1.94381e-06
1.46089e-06
0.000427176
-2.43768e-06
1.45874e-06
1.45394e-06
0.0004271
9.75421e-07
1.45436e-06
0.000427051
4.91003e-07
1.45903e-06
0.000427022
8.511e-09
1.45863e-06
0.000427009
-4.74851e-07
1.46429e-06
0.000427009
-9.54352e-07
1.46553e-06
0.000427022
-1.43352e-06
1.45181e-06
0.00042705
-1.91755e-06
1.44457e-06
0.0004271
1.45463e-06
0.000427177
-2.41381e-06
1.94327e-06
9.7543e-07
0.000427118
-2.43641e-06
1.45487e-06
9.68903e-07
0.000427051
9.71596e-07
9.67664e-07
0.000427009
4.89844e-07
9.72608e-07
0.000426984
7.69652e-09
9.73341e-07
0.000426973
-4.72476e-07
9.77185e-07
0.000426973
-9.51679e-07
9.76431e-07
0.000426984
-1.43213e-06
9.62178e-07
0.000427009
-1.91607e-06
9.55323e-07
0.000427051
9.7687e-07
0.000427118
-2.41594e-06
1.93818e-06
4.92892e-07
0.000427084
-2.43218e-06
1.44962e-06
4.86331e-07
0.000427023
9.66709e-07
4.82649e-07
0.000426985
4.88376e-07
4.84519e-07
0.000426962
8.50281e-09
4.87491e-07
0.000426952
-4.70429e-07
4.90242e-07
0.000426952
-9.4933e-07
4.88763e-07
0.000426962
-1.4325e-06
4.7716e-07
0.000426985
-1.91735e-06
4.69113e-07
0.000427023
4.93353e-07
0.000427083
-2.40957e-06
1.93456e-06
1.26013e-08
0.000427068
-2.42971e-06
1.44659e-06
4.19885e-09
0.000427009
9.64152e-07
-2.02361e-09
0.000426974
4.85353e-07
-2.51183e-09
0.000426953
8.22347e-09
-4.81264e-10
0.000426943
-4.69791e-07
3.10001e-09
0.000426943
-9.48458e-07
1.4197e-09
0.000426953
-1.4346e-06
-4.15776e-09
0.000426973
-1.92095e-06
-1.46636e-08
0.00042701
5.13758e-09
0.000427068
-2.40737e-06
1.93391e-06
-4.68719e-07
0.000427068
-2.42778e-06
1.44981e-06
-4.81862e-07
0.000427009
9.64167e-07
-4.83696e-07
0.000426974
4.83546e-07
-4.87759e-07
0.000426953
5.42285e-09
-4.87621e-07
0.000426944
-4.7243e-07
-4.84417e-07
0.000426943
-9.50772e-07
-4.86184e-07
0.000426953
-1.4362e-06
-4.86221e-07
0.000426973
-1.9241e-06
-4.9697e-07
0.00042701
-4.83619e-07
0.000427068
-2.41022e-06
1.9384e-06
-9.55284e-07
0.000427084
-2.42812e-06
1.45454e-06
-9.6912e-07
0.000427023
9.67653e-07
-9.64467e-07
0.000426985
4.83747e-07
-9.70036e-07
0.000426963
1.69927e-09
-9.71314e-07
0.000426953
-4.77611e-07
-9.71012e-07
0.000426953
-9.56795e-07
-9.73582e-07
0.000426963
-1.44146e-06
-9.69988e-07
0.000426985
-1.93272e-06
-9.77491e-07
0.000427023
-9.779e-07
0.000427084
-2.41513e-06
1.94536e-06
-1.4467e-06
0.000427118
-2.43255e-06
1.45675e-06
-1.45345e-06
0.000427051
9.72055e-07
-1.44917e-06
0.000427009
4.85609e-07
-1.45103e-06
0.000426984
-8.66983e-10
-1.45195e-06
0.000426974
-4.827e-07
-1.45632e-06
0.000426974
-9.6503e-07
-1.45938e-06
0.000426985
-1.44774e-06
-1.45749e-06
0.000427009
-1.94038e-06
-1.45863e-06
0.000427051
-1.46858e-06
0.000427119
-2.42871e-06
1.94619e-06
-1.93585e-06
0.000427177
-2.43914e-06
1.45618e-06
-1.93994e-06
0.0004271
9.72769e-07
-1.93862e-06
0.000427051
4.83974e-07
-1.93284e-06
0.000427022
-4.32184e-09
-1.93354e-06
0.000427009
-4.84732e-07
-1.94598e-06
0.000427009
-9.66387e-07
-1.94901e-06
0.000427023
-1.44533e-06
-1.95222e-06
0.000427051
-1.93329e-06
-1.94798e-06
0.000427101
-1.95199e-06
0.000427178
-2.43178e-06
1.94768e-06
0.00042727
-2.4249e-06
-2.4439e-06
1.45453e-06
0.000427178
-2.42829e-06
9.66856e-07
0.000427119
-2.42926e-06
4.76868e-07
0.000427084
-2.41909e-06
-1.00567e-08
0.000427069
-2.42177e-06
-4.81376e-07
0.000427069
-2.44981e-06
-9.55479e-07
0.000427085
-2.45128e-06
-1.43135e-06
0.00042712
-2.45504e-06
-1.91504e-06
0.000427179
-2.44655e-06
0.000427271
-2.41994e-06
-2.43244e-06
1.90673e-06
1.90782e-06
0.00042823
-2.38612e-06
-2.39033e-06
1.42666e-06
1.90052e-06
0.000428136
-2.38066e-06
9.52868e-07
1.90201e-06
0.000428076
-2.38573e-06
4.77511e-07
1.90357e-06
0.00042804
-2.38374e-06
2.23048e-09
1.90165e-06
0.000428022
-2.38093e-06
-4.73615e-07
1.9036e-06
0.000428022
-2.38245e-06
-9.47081e-07
1.91289e-06
0.000428039
-2.39491e-06
-1.41911e-06
1.91472e-06
0.000428075
-2.39975e-06
-1.89315e-06
1.91521e-06
0.000428136
-2.40038e-06
1.91612e-06
0.00042823
-2.39896e-06
-2.37169e-06
1.90914e-06
1.42937e-06
0.000428136
-2.39052e-06
1.42764e-06
1.4258e-06
0.000428056
9.49084e-07
1.42746e-06
0.000428004
4.7262e-07
1.429e-06
0.000427973
-3.21993e-10
1.42446e-06
0.000427959
-4.7531e-07
1.42832e-06
0.000427959
-9.43245e-07
1.42963e-06
0.000427973
-1.40851e-06
1.42735e-06
0.000428003
-1.87723e-06
1.42834e-06
0.000428055
1.43842e-06
0.000428136
-2.35911e-06
1.90772e-06
9.50227e-07
0.000428076
-2.38623e-06
1.42478e-06
9.55983e-07
0.000428004
9.45567e-07
9.57206e-07
0.000427958
4.71971e-07
9.54761e-07
0.000427932
-2.20491e-09
9.51609e-07
0.00042792
-4.73094e-07
9.52122e-07
0.00042792
-9.41898e-07
9.50285e-07
0.000427932
-1.40675e-06
9.42268e-07
0.000427959
-1.87445e-06
9.4314e-07
0.000428004
9.64738e-07
0.000428075
-2.35785e-06
1.89964e-06
4.76569e-07
0.00042804
-2.38181e-06
1.41859e-06
4.86396e-07
0.000427973
9.42644e-07
4.85786e-07
0.000427932
4.72108e-07
4.79406e-07
0.000427908
-4.12267e-10
4.78979e-07
0.000427897
-4.70219e-07
4.76522e-07
0.000427898
-9.38561e-07
4.72397e-07
0.000427909
-1.40782e-06
4.63606e-07
0.000427933
-1.87869e-06
4.63076e-07
0.000427974
4.84542e-07
0.000428039
-2.35438e-06
1.89308e-06
7.42911e-09
0.000428023
-2.3788e-06
1.41467e-06
1.51737e-08
0.000427959
9.41224e-07
1.28269e-08
0.00042792
4.70128e-07
5.5316e-09
0.000427898
9.54424e-10
3.88033e-09
0.000427887
-4.68378e-07
1.39524e-09
0.000427887
-9.37798e-07
-3.65783e-09
0.000427898
-1.41061e-06
-1.07586e-08
0.000427921
-1.88378e-06
-1.3573e-08
0.000427959
1.24871e-09
0.000428022
-2.35521e-06
1.89157e-06
-4.62849e-07
0.000428023
-2.37616e-06
1.41779e-06
-4.6083e-07
0.000427959
9.41804e-07
-4.57782e-07
0.00042792
4.6798e-07
-4.65546e-07
0.000427898
-8.32897e-10
-4.71493e-07
0.000427888
-4.69394e-07
-4.74502e-07
0.000427888
-9.40673e-07
-4.77782e-07
0.000427898
-1.41504e-06
-4.83635e-07
0.000427921
-1.88881e-06
-4.89755e-07
0.00042796
-4.86261e-07
0.000428023
-2.35622e-06
1.89693e-06
-9.41063e-07
0.000428039
-2.37444e-06
1.42121e-06
-9.35875e-07
0.000427974
9.44168e-07
-9.28223e-07
0.000427932
4.68356e-07
-9.34925e-07
0.000427908
-2.48571e-09
-9.45262e-07
0.000427898
-4.73772e-07
-9.48152e-07
0.000427898
-9.44197e-07
-9.53196e-07
0.000427909
-1.4194e-06
-9.56671e-07
0.000427933
-1.89452e-06
-9.66088e-07
0.000427974
-9.76238e-07
0.00042804
-2.3609e-06
1.90087e-06
-1.42412e-06
0.000428076
-2.37571e-06
1.4211e-06
-1.40866e-06
0.000428004
9.47932e-07
-1.40418e-06
0.000427958
4.72357e-07
-1.40635e-06
0.000427931
-3.19002e-09
-1.41609e-06
0.00042792
-4.76883e-07
-1.42083e-06
0.00042792
-9.49201e-07
-1.42841e-06
0.000427932
-1.42316e-06
-1.43267e-06
0.000427959
-1.90153e-06
-1.44119e-06
0.000428005
-1.45705e-06
0.000428077
-2.37849e-06
1.8968e-06
-1.9033e-06
0.000428138
-2.37783e-06
1.41933e-06
-1.88692e-06
0.000428056
9.48515e-07
-1.8858e-06
0.000428003
4.74214e-07
-1.88239e-06
0.000427973
-3.30397e-09
-1.88816e-06
0.000427959
-4.77178e-07
-1.89672e-06
0.000427959
-9.51343e-07
-1.9054e-06
0.000427974
-1.4249e-06
-1.91247e-06
0.000428005
-1.90438e-06
-1.91814e-06
0.000428057
-1.92705e-06
0.000428138
-2.39403e-06
1.89741e-06
0.000428231
-2.37855e-06
-2.3839e-06
1.41803e-06
0.000428137
-2.36675e-06
9.47274e-07
0.000428076
-2.37186e-06
4.71959e-07
0.00042804
-2.36261e-06
-2.31899e-09
0.000428023
-2.36851e-06
-4.73414e-07
0.000428024
-2.38033e-06
-9.46467e-07
0.000428041
-2.38813e-06
-1.42166e-06
0.000428078
-2.39486e-06
-1.90453e-06
0.000428139
-2.39538e-06
0.000428233
-2.39866e-06
-2.39462e-06
1.88233e-06
1.88258e-06
0.000429175
-2.35534e-06
-2.35502e-06
1.40707e-06
1.8751e-06
0.000429081
-2.34481e-06
9.36475e-07
1.87594e-06
0.000429019
-2.3485e-06
4.66429e-07
1.87452e-06
0.000428981
-2.34606e-06
-3.22172e-09
1.87116e-06
0.000428963
-2.34243e-06
-4.71587e-07
1.8681e-06
0.000428964
-2.34093e-06
-9.38382e-07
1.87599e-06
0.000428981
-2.35136e-06
-1.40835e-06
1.88965e-06
0.000429018
-2.36305e-06
-1.87732e-06
1.90127e-06
0.00042908
-2.37708e-06
1.90252e-06
0.000429175
-2.37763e-06
-2.34751e-06
1.88466e-06
1.41193e-06
0.000429081
-2.35876e-06
1.40598e-06
1.41181e-06
0.000428998
9.30254e-07
1.41234e-06
0.000428944
4.60385e-07
1.40676e-06
0.000428911
-6.6599e-09
1.40145e-06
0.000428896
-4.75306e-07
1.39976e-06
0.000428896
-9.37242e-07
1.39989e-06
0.000428911
-1.39691e-06
1.4098e-06
0.000428943
-1.85646e-06
1.41877e-06
0.000428997
1.42716e-06
0.000429081
-2.32582e-06
1.87915e-06
9.35635e-07
0.000429019
-2.34596e-06
1.40198e-06
9.50005e-07
0.000428943
9.27058e-07
9.51255e-07
0.000428894
4.59066e-07
9.4035e-07
0.000428867
-9.82526e-09
9.36801e-07
0.000428854
-4.75572e-07
9.31845e-07
0.000428854
-9.38686e-07
9.2828e-07
0.000428867
-1.3945e-06
9.29052e-07
0.000428895
-1.85378e-06
9.38563e-07
0.000428943
9.48868e-07
0.000429018
-2.3189e-06
1.8698e-06
4.65045e-07
0.000428982
-2.3407e-06
1.39691e-06
4.85876e-07
0.00042891
9.26462e-07
4.87823e-07
0.000428866
4.59467e-07
4.75027e-07
0.000428841
-8.89297e-09
4.73599e-07
0.000428829
-4.73932e-07
4.65145e-07
0.000428829
-9.36164e-07
4.57707e-07
0.000428841
-1.39486e-06
4.53235e-07
0.000428867
-1.85752e-06
4.63759e-07
0.000428911
4.68964e-07
0.000428981
-2.32003e-06
1.86309e-06
-9.39653e-10
0.000428964
-2.33779e-06
1.39264e-06
2.02722e-08
0.000428895
9.26845e-07
2.08192e-08
0.000428853
4.58427e-07
1.23704e-08
0.000428829
-7.12858e-09
8.72958e-09
0.000428818
-4.72325e-07
-3.59893e-10
0.000428818
-9.35465e-07
-1.08498e-08
0.00042883
-1.39752e-06
-1.83005e-08
0.000428854
-1.86016e-06
-1.00166e-08
0.000428896
-9.18182e-09
0.000428964
-2.32331e-06
1.86072e-06
-4.64886e-07
0.000428964
-2.33771e-06
1.39372e-06
-4.4891e-07
0.000428895
9.27641e-07
-4.46027e-07
0.000428853
4.56254e-07
-4.47121e-07
0.000428829
-8.05574e-09
-4.56904e-07
0.000428818
-4.71704e-07
-4.66991e-07
0.000428818
-9.39094e-07
-4.75018e-07
0.00042883
-1.40421e-06
-4.86777e-07
0.000428854
-1.86496e-06
-4.85813e-07
0.000428896
-4.90931e-07
0.000428964
-2.32446e-06
1.86652e-06
-9.35485e-07
0.000428981
-2.33754e-06
1.39597e-06
-9.15554e-07
0.000428911
9.24953e-07
-9.09103e-07
0.000428866
4.55299e-07
-9.08991e-07
0.00042884
-7.60482e-09
-9.24599e-07
0.000428828
-4.7415e-07
-9.31381e-07
0.000428829
-9.40868e-07
-9.40292e-07
0.000428841
-1.40883e-06
-9.53327e-07
0.000428867
-1.87084e-06
-9.61609e-07
0.000428912
-9.71683e-07
0.000428982
-2.33224e-06
1.86704e-06
-1.41012e-06
0.000429019
-2.33574e-06
1.39231e-06
-1.37979e-06
0.000428942
9.22419e-07
-1.37516e-06
0.000428894
4.58008e-07
-1.37835e-06
0.000428865
-7.70144e-09
-1.39176e-06
0.000428853
-4.76346e-07
-1.3956e-06
0.000428853
-9.40854e-07
-1.40984e-06
0.000428866
-1.40988e-06
-1.42088e-06
0.000428895
-1.87948e-06
-1.43181e-06
0.000428944
-1.44188e-06
0.00042902
-2.35227e-06
1.85746e-06
-1.87896e-06
0.000429082
-2.3331e-06
1.38589e-06
-1.84959e-06
0.000428997
9.21804e-07
-1.84992e-06
0.000428942
4.6096e-07
-1.85464e-06
0.00042891
-6.64037e-09
-1.86058e-06
0.000428895
-4.73925e-07
-1.86475e-06
0.000428896
-9.44047e-07
-1.87746e-06
0.000428911
-1.41596e-06
-1.88873e-06
0.000428944
-1.89242e-06
-1.8976e-06
0.000428999
-1.9051e-06
0.000429082
-2.3733e-06
1.85559e-06
0.000429176
-2.34333e-06
-2.33571e-06
1.3859e-06
0.000429081
-2.32359e-06
9.27141e-07
0.000429019
-2.33348e-06
4.63657e-07
0.000428982
-2.33292e-06
-5.80464e-10
0.000428964
-2.3373e-06
-4.70686e-07
0.000428965
-2.33545e-06
-9.46149e-07
0.000428983
-2.34345e-06
-1.42305e-06
0.000429021
-2.35476e-06
-1.90648e-06
0.000429083
-2.35865e-06
0.000429177
-2.38809e-06
-2.3681e-06
1.8695e-06
1.87158e-06
0.000430108
-2.3382e-06
-2.33591e-06
1.39881e-06
1.8622e-06
0.000430015
-2.32545e-06
9.27571e-07
1.85976e-06
0.000429952
-2.3215e-06
4.61498e-07
1.85491e-06
0.000429913
-2.32084e-06
-1.91954e-09
1.84953e-06
0.000429895
-2.31779e-06
-4.64174e-07
1.84268e-06
0.000429895
-2.31233e-06
-9.24937e-07
1.84685e-06
0.000429914
-2.31905e-06
-1.3941e-06
1.86758e-06
0.000429952
-2.33227e-06
-1.86037e-06
1.88417e-06
0.000430015
-2.35223e-06
1.88542e-06
0.000430108
-2.35374e-06
-2.32507e-06
1.8678e-06
1.40435e-06
0.000430015
-2.33468e-06
1.39289e-06
1.40508e-06
0.00042993
9.20576e-07
1.40202e-06
0.000429874
4.56335e-07
1.3905e-06
0.00042984
-5.72331e-09
1.38371e-06
0.000429824
-4.69565e-07
1.37848e-06
0.000429824
-9.28665e-07
1.37687e-06
0.00042984
-1.38605e-06
1.39427e-06
0.000429873
-1.84447e-06
1.40986e-06
0.00042993
1.41471e-06
0.000430015
-2.30773e-06
1.86155e-06
9.29751e-07
0.000429952
-2.32002e-06
1.39e-06
9.46722e-07
0.000429873
9.18974e-07
9.45796e-07
0.000429822
4.5446e-07
9.29439e-07
0.000429792
-1.00291e-08
9.2349e-07
0.000429778
-4.72692e-07
9.16312e-07
0.000429778
-9.31965e-07
9.10304e-07
0.000429793
-1.3838e-06
9.18471e-07
0.000429823
-1.84046e-06
9.36243e-07
0.000429874
9.34226e-07
0.000429952
-2.29362e-06
1.8516e-06
4.60117e-07
0.000429913
-2.31369e-06
1.38538e-06
4.8477e-07
0.000429838
9.20164e-07
4.85713e-07
0.000429791
4.55464e-07
4.70636e-07
0.000429764
-1.04617e-08
4.66687e-07
0.000429752
-4.72395e-07
4.55492e-07
0.000429752
-9.31746e-07
4.45828e-07
0.000429765
-1.38547e-06
4.46532e-07
0.000429793
-1.84264e-06
4.64886e-07
0.00042984
4.5719e-07
0.000429914
-2.29843e-06
1.84356e-06
-5.79371e-09
0.000429895
-2.30867e-06
1.38044e-06
2.05788e-08
0.000429822
9.2147e-07
2.04753e-08
0.000429777
4.56896e-07
1.31487e-08
0.000429751
-8.68948e-09
1.07713e-08
0.000429739
-4.72056e-07
-2.79607e-09
0.00042974
-9.32577e-07
-1.61774e-08
0.000429752
-1.38793e-06
-2.27205e-08
0.000429779
-1.84224e-06
-8.48205e-09
0.000429824
-1.53072e-08
0.000429896
-2.30173e-06
1.83991e-06
-4.67374e-07
0.000429895
-2.30973e-06
1.37863e-06
-4.45691e-07
0.000429823
9.20151e-07
-4.45126e-07
0.000429777
4.54075e-07
-4.42755e-07
0.000429751
-8.3955e-09
-4.47704e-07
0.000429739
-4.70461e-07
-4.61823e-07
0.000429739
-9.35264e-07
-4.73777e-07
0.000429752
-1.39368e-06
-4.88841e-07
0.000429779
-1.84551e-06
-4.84334e-07
0.000429824
-4.9039e-07
0.000429896
-2.30225e-06
1.84511e-06
-9.31772e-07
0.000429913
-2.31286e-06
1.37735e-06
-9.0641e-07
0.000429839
9.12434e-07
-9.05708e-07
0.000429792
4.48295e-07
-9.01807e-07
0.000429763
-7.80656e-09
-9.13643e-07
0.00042975
-4.70394e-07
-9.21262e-07
0.000429751
-9.35027e-07
-9.32392e-07
0.000429764
-1.39637e-06
-9.52845e-07
0.000429793
-1.85023e-06
-9.59186e-07
0.000429841
-9.61167e-07
0.000429915
-2.31193e-06
1.84492e-06
-1.39747e-06
0.000429953
-2.31239e-06
1.3726e-06
-1.36419e-06
0.000429873
9.04861e-07
-1.36586e-06
0.000429822
4.46983e-07
-1.36978e-06
0.000429791
-8.04137e-09
-1.38314e-06
0.000429777
-4.72103e-07
-1.38178e-06
0.000429777
-9.32722e-07
-1.39736e-06
0.000429792
-1.3977e-06
-1.41574e-06
0.000429823
-1.86178e-06
-1.42565e-06
0.000429875
-1.42491e-06
0.000429953
-2.33091e-06
1.83311e-06
-1.85952e-06
0.000430015
-2.30427e-06
1.36647e-06
-1.82944e-06
0.000429929
9.02259e-07
-1.83217e-06
0.000429873
4.50451e-07
-1.8471e-06
0.000429839
-6.76193e-09
-1.85421e-06
0.000429823
-4.70463e-07
-1.84618e-06
0.000429824
-9.37435e-07
-1.85918e-06
0.00042984
-1.40921e-06
-1.87454e-06
0.000429875
-1.88441e-06
-1.88308e-06
0.000429932
-1.88833e-06
0.000430016
-2.35457e-06
1.82594e-06
0.000430108
-2.31799e-06
-2.29935e-06
1.36522e-06
0.000430014
-2.30193e-06
9.08242e-07
0.000429951
-2.30788e-06
4.53764e-07
0.000429914
-2.325e-06
-2.20367e-09
0.000429896
-2.33008e-06
-4.72047e-07
0.000429896
-2.30762e-06
-9.47468e-07
0.000429914
-2.31546e-06
-1.42453e-06
0.000429954
-2.3303e-06
-1.90691e-06
0.000430017
-2.33427e-06
0.00043011
-2.37858e-06
-2.34876e-06
1.85292e-06
1.86425e-06
0.000431031
-2.32785e-06
-2.31269e-06
1.38991e-06
1.85997e-06
0.000430941
-2.32252e-06
9.21571e-07
1.85054e-06
0.000430878
-2.30794e-06
4.59472e-07
1.84231e-06
0.000430839
-2.30556e-06
1.70143e-09
1.83497e-06
0.00043082
-2.30241e-06
-4.55315e-07
1.82793e-06
0.000430821
-2.296e-06
-9.13811e-07
1.82812e-06
0.00043084
-2.29557e-06
-1.38278e-06
1.8485e-06
0.000430879
-2.30643e-06
-1.84612e-06
1.86662e-06
0.000430941
-2.32983e-06
1.86768e-06
0.000431032
-2.32801e-06
-2.30891e-06
1.85404e-06
1.40206e-06
0.000430941
-2.31807e-06
1.38547e-06
1.40344e-06
0.000430855
9.18297e-07
1.3941e-06
0.000430797
4.58576e-07
1.37958e-06
0.000430762
1.45977e-10
1.37169e-06
0.000430746
-4.5969e-07
1.36599e-06
0.000430746
-9.18796e-07
1.36451e-06
0.000430763
-1.37802e-06
1.38321e-06
0.000430798
-1.83888e-06
1.40145e-06
0.000430856
1.40319e-06
0.000430941
-2.30027e-06
1.85002e-06
9.3388e-07
0.000430878
-2.3075e-06
1.38545e-06
9.44253e-07
0.000430797
9.19383e-07
9.38651e-07
0.000430743
4.57522e-07
9.21753e-07
0.000430712
-3.07365e-09
9.13656e-07
0.000430697
-4.63852e-07
9.0799e-07
0.000430697
-9.2285e-07
9.04015e-07
0.000430712
-1.37576e-06
9.14757e-07
0.000430744
-1.83389e-06
9.35734e-07
0.000430798
9.25444e-07
0.000430878
-2.28255e-06
1.84146e-06
4.68251e-07
0.000430838
-2.30051e-06
1.38262e-06
4.8069e-07
0.000430761
9.22064e-07
4.79329e-07
0.000430711
4.58059e-07
4.68145e-07
0.000430682
-4.14247e-09
4.59135e-07
0.000430668
-4.64537e-07
4.51871e-07
0.000430669
-9.2384e-07
4.45774e-07
0.000430683
-1.37703e-06
4.48431e-07
0.000430712
-1.83269e-06
4.69002e-07
0.000430762
4.53959e-07
0.00043084
-2.28689e-06
1.83371e-06
1.74904e-09
0.000430819
-2.2914e-06
1.37821e-06
1.43913e-08
0.000430744
9.22319e-07
1.63587e-08
0.000430696
4.61596e-07
1.24762e-08
0.000430667
-2.18645e-09
7.26055e-09
0.000430655
-4.6476e-07
-9.90975e-10
0.000430655
-9.23444e-07
-1.17426e-08
0.000430668
-1.37755e-06
-1.5732e-08
0.000430697
-1.82841e-06
-1.62954e-09
0.000430745
-1.18514e-08
0.000430821
-2.28776e-06
1.82834e-06
-4.61105e-07
0.00043082
-2.29023e-06
1.37035e-06
-4.49526e-07
0.000430745
9.18234e-07
-4.50022e-07
0.000430696
4.6041e-07
-4.46068e-07
0.000430667
-3.59753e-10
-4.47435e-07
0.000430654
-4.62076e-07
-4.54564e-07
0.000430654
-9.23268e-07
-4.66857e-07
0.000430668
-1.38047e-06
-4.76654e-07
0.000430697
-1.82883e-06
-4.74672e-07
0.000430745
-4.78787e-07
0.000430821
-2.28683e-06
1.83059e-06
-9.22094e-07
0.000430839
-2.29516e-06
1.36223e-06
-9.03759e-07
0.000430762
9.07663e-07
-9.15384e-07
0.000430712
4.52914e-07
-9.09297e-07
0.000430681
-6.68362e-10
-9.10678e-07
0.000430667
-4.58615e-07
-9.13195e-07
0.000430668
-9.2202e-07
-9.2099e-07
0.000430682
-1.37876e-06
-9.38993e-07
0.000430712
-1.82975e-06
-9.45687e-07
0.000430763
-9.38211e-07
0.00043084
-2.29561e-06
1.83026e-06
-1.38076e-06
0.000430878
-2.29742e-06
1.35947e-06
-1.35696e-06
0.000430797
8.9764e-07
-1.37595e-06
0.000430744
4.46216e-07
-1.37866e-06
0.000430712
-2.23284e-09
-1.38144e-06
0.000430697
-4.59508e-07
-1.37535e-06
0.000430697
-9.20295e-07
-1.38026e-06
0.000430712
-1.37933e-06
-1.40161e-06
0.000430745
-1.83867e-06
-1.41011e-06
0.000430799
-1.39554e-06
0.000430879
-2.3069e-06
1.8259e-06
-1.83782e-06
0.00043094
-2.29368e-06
1.3639e-06
-1.82026e-06
0.000430854
8.97666e-07
-1.83449e-06
0.000430797
4.45496e-07
-1.85006e-06
0.000430762
-2.378e-09
-1.85612e-06
0.000430746
-4.63233e-07
-1.83681e-06
0.000430746
-9.28013e-07
-1.83811e-06
0.000430763
-1.3959e-06
-1.85765e-06
0.000430799
-1.86357e-06
-1.86788e-06
0.000430857
-1.8578e-06
0.000430942
-2.32718e-06
1.82149e-06
0.00043103
-2.29835e-06
-2.283e-06
1.37017e-06
0.000430939
-2.29451e-06
9.07509e-07
0.000430877
-2.29766e-06
4.49123e-07
0.00043084
-2.31707e-06
-2.06726e-09
0.000430821
-2.32992e-06
-4.7099e-07
0.00043082
-2.2921e-06
-9.4288e-07
0.000430839
-2.29073e-06
-1.41787e-06
0.000430879
-2.30796e-06
-1.89099e-06
0.000430942
-2.32031e-06
0.000431032
-2.35012e-06
-2.32109e-06
1.84271e-06
1.85145e-06
0.000431947
-2.31065e-06
-2.2989e-06
1.38602e-06
1.85627e-06
0.00043186
-2.31875e-06
9.20032e-07
1.84202e-06
0.000431798
-2.29634e-06
4.61258e-07
1.83303e-06
0.000431759
-2.29459e-06
5.87083e-09
1.82666e-06
0.00043174
-2.29146e-06
-4.49505e-07
1.82411e-06
0.00043174
-2.28853e-06
-9.09613e-07
1.82178e-06
0.00043176
-2.28187e-06
-1.3743e-06
1.82698e-06
0.0004318
-2.28332e-06
-1.83331e-06
1.83998e-06
0.000431861
-2.30104e-06
1.85415e-06
0.000431946
-2.30842e-06
-2.29383e-06
1.84037e-06
1.39949e-06
0.00043186
-2.30804e-06
1.38064e-06
1.39605e-06
0.000431775
9.19847e-07
1.38388e-06
0.000431716
4.63391e-07
1.37154e-06
0.00043168
4.73757e-09
1.36826e-06
0.000431663
-4.51521e-07
1.36335e-06
0.000431663
-9.12455e-07
1.36494e-06
0.00043168
-1.37776e-06
1.37271e-06
0.000431717
-1.84178e-06
1.38352e-06
0.000431776
1.38881e-06
0.00043186
-2.29569e-06
1.83663e-06
9.44173e-07
0.000431798
-2.30116e-06
1.37957e-06
9.33831e-07
0.000431716
9.22371e-07
9.23535e-07
0.000431661
4.62141e-07
9.16362e-07
0.000431627
4.93617e-09
9.11155e-07
0.000431611
-4.55399e-07
9.09326e-07
0.000431612
-9.14859e-07
9.09418e-07
0.000431627
-1.37531e-06
9.16327e-07
0.000431661
-1.83912e-06
9.28205e-07
0.000431717
9.13045e-07
0.000431799
-2.28406e-06
1.83346e-06
4.83467e-07
0.000431758
-2.29228e-06
1.38046e-06
4.68433e-07
0.000431679
9.2379e-07
4.64104e-07
0.000431627
4.61674e-07
4.64985e-07
0.000431595
4.28873e-09
4.55982e-07
0.000431581
-4.55672e-07
4.57091e-07
0.000431581
-9.14594e-07
4.55191e-07
0.000431596
-1.37301e-06
4.59801e-07
0.000431627
-1.83255e-06
4.69899e-07
0.00043168
4.47206e-07
0.00043176
-2.2869e-06
1.83123e-06
1.47692e-08
0.000431738
-2.28186e-06
1.37905e-06
2.86699e-09
0.000431662
9.21878e-07
6.06794e-09
0.000431611
4.64077e-07
1.00587e-08
0.00043158
3.86207e-09
4.47828e-09
0.000431567
-4.54565e-07
4.25096e-09
0.000431566
-9.12021e-07
6.19427e-10
0.000431581
-1.37014e-06
4.06026e-09
0.000431611
-1.82486e-06
7.55042e-09
0.000431662
-1.21644e-08
0.000431741
-2.28552e-06
1.8275e-06
-4.52753e-07
0.00043174
-2.27968e-06
1.36855e-06
-4.55732e-07
0.000431662
9.16129e-07
-4.5623e-07
0.000431611
4.6446e-07
-4.50996e-07
0.00043158
5.72073e-09
-4.48761e-07
0.000431566
-4.52519e-07
-4.49224e-07
0.000431566
-9.10054e-07
-4.54045e-07
0.000431581
-1.36753e-06
-4.52355e-07
0.000431611
-1.82138e-06
-4.55737e-07
0.000431662
-4.68854e-07
0.000431741
-2.28468e-06
1.82388e-06
-9.12371e-07
0.000431759
-2.28445e-06
1.35587e-06
-9.05592e-07
0.00043168
9.07092e-07
-9.22955e-07
0.000431627
4.60833e-07
-9.19212e-07
0.000431595
6.51536e-09
-9.07915e-07
0.000431581
-4.48537e-07
-9.07564e-07
0.000431581
-9.0993e-07
-9.06588e-07
0.000431596
-1.36486e-06
-9.12451e-07
0.000431627
-1.81832e-06
-9.19502e-07
0.00043168
-9.17523e-07
0.00043176
-2.28955e-06
1.8211e-06
-1.36602e-06
0.000431798
-2.28731e-06
1.35528e-06
-1.35892e-06
0.000431716
9.01162e-07
-1.3867e-06
0.000431662
4.55141e-07
-1.38982e-06
0.000431628
7.70808e-09
-1.37581e-06
0.000431612
-4.49212e-07
-1.36609e-06
0.000431612
-9.1089e-07
-1.36093e-06
0.000431628
-1.36658e-06
-1.37373e-06
0.000431662
-1.82032e-06
-1.38431e-06
0.000431717
-1.37126e-06
0.000431799
-2.28667e-06
1.82552e-06
-1.81839e-06
0.000431858
-2.29151e-06
1.36903e-06
-1.82289e-06
0.000431775
9.05333e-07
-1.84294e-06
0.000431717
4.52917e-07
-1.85627e-06
0.000431681
8.93244e-09
-1.84962e-06
0.000431664
-4.54205e-07
-1.82047e-06
0.000431663
-9.2006e-07
-1.81293e-06
0.000431681
-1.38226e-06
-1.83021e-06
0.000431718
-1.83808e-06
-1.8482e-06
0.000431777
-1.83335e-06
0.000431861
-2.29568e-06
1.83342e-06
0.000431944
-2.28216e-06
-2.28386e-06
1.38666e-06
0.000431859
-2.296e-06
9.1737e-07
0.000431798
-2.29456e-06
4.54748e-07
0.000431759
-2.31357e-06
8.89097e-10
0.000431741
-2.31532e-06
-4.64113e-07
0.000431739
-2.27452e-06
-9.33292e-07
0.000431758
-2.26309e-06
-1.40104e-06
0.000431798
-2.28189e-06
-1.86319e-06
0.000431861
-2.30508e-06
0.000431947
-2.3128e-06
-2.29846e-06
1.84265e-06
1.83383e-06
0.000432855
-2.28497e-06
-2.29941e-06
1.38635e-06
1.84037e-06
0.000432774
-2.29758e-06
9.25403e-07
1.8303e-06
0.000432714
-2.28475e-06
4.66403e-07
1.82361e-06
0.000432675
-2.28038e-06
8.75621e-09
1.82129e-06
0.000432656
-2.27931e-06
-4.49187e-07
1.82378e-06
0.000432656
-2.28111e-06
-9.13856e-07
1.82135e-06
0.000432675
-2.27193e-06
-1.37231e-06
1.81348e-06
0.000432715
-2.27044e-06
-1.8287e-06
1.81807e-06
0.000432775
-2.27549e-06
1.8412e-06
0.000432854
-2.29295e-06
-2.28451e-06
1.83016e-06
1.3896e-06
0.000432774
-2.29943e-06
1.37565e-06
1.37961e-06
0.00043269
9.22724e-07
1.36817e-06
0.000432631
4.65628e-07
1.36654e-06
0.000432594
6.36611e-09
1.36717e-06
0.000432576
-4.4995e-07
1.3669e-06
0.000432576
-9.12461e-07
1.3701e-06
0.000432594
-1.38065e-06
1.36647e-06
0.000432633
-1.84698e-06
1.36892e-06
0.000432692
1.37326e-06
0.000432773
-2.29237e-06
1.8241e-06
9.44029e-07
0.000432713
-2.29361e-06
1.37228e-06
9.15944e-07
0.000432631
9.21436e-07
9.049e-07
0.000432575
4.61595e-07
9.14273e-07
0.000432539
8.08151e-09
9.09478e-07
0.000432523
-4.50144e-07
9.14002e-07
0.000432523
-9.09167e-07
9.17307e-07
0.000432539
-1.37711e-06
9.2103e-07
0.000432575
-1.84237e-06
9.19092e-07
0.000432632
8.98748e-07
0.000432715
-2.28338e-06
1.82586e-06
4.8868e-07
0.000432673
-2.28601e-06
1.37339e-06
4.53504e-07
0.000432594
9.1814e-07
4.47205e-07
0.00043254
4.60278e-07
4.61204e-07
0.000432506
8.53158e-09
4.51544e-07
0.000432491
-4.48703e-07
4.6184e-07
0.00043249
-9.06941e-07
4.65477e-07
0.000432506
-1.37081e-06
4.73146e-07
0.000432539
-1.83177e-06
4.65781e-07
0.000432594
4.3604e-07
0.000432676
-2.28472e-06
1.82928e-06
2.20328e-08
0.000432654
-2.27802e-06
1.37421e-06
-5.67642e-09
0.000432576
9.1418e-07
-5.01059e-09
0.000432523
4.61293e-07
3.85456e-09
0.00043249
6.87707e-09
-3.20379e-09
0.000432476
-4.4596e-07
5.90854e-09
0.000432475
-9.03461e-07
1.34955e-08
0.00043249
-1.36467e-06
2.31631e-08
0.000432522
-1.82425e-06
1.1321e-08
0.000432576
-1.81856e-08
0.000432657
-2.28577e-06
1.82801e-06
-4.45252e-07
0.000432655
-2.27607e-06
1.36722e-06
-4.58839e-07
0.000432576
9.09517e-07
-4.59148e-07
0.000432522
4.6392e-07
-4.60938e-07
0.00043249
7.58618e-09
-4.56756e-07
0.000432476
-4.45077e-07
-4.51079e-07
0.000432476
-8.98815e-07
-4.4253e-07
0.00043249
-1.35862e-06
-4.28421e-07
0.000432522
-1.82182e-06
-4.39655e-07
0.000432576
-4.66771e-07
0.000432657
-2.28924e-06
1.82205e-06
-9.03338e-07
0.000432674
-2.27939e-06
1.35807e-06
-9.0882e-07
0.000432594
9.11636e-07
-9.25005e-07
0.000432539
4.67517e-07
-9.28546e-07
0.000432507
1.07776e-08
-9.1103e-07
0.000432492
-4.44351e-07
-9.06798e-07
0.000432492
-9.00921e-07
-8.97277e-07
0.000432507
-1.35731e-06
-8.84251e-07
0.000432539
-1.82074e-06
-8.90149e-07
0.000432594
-9.09711e-07
0.000432675
-2.29321e-06
1.81894e-06
-1.3537e-06
0.000432713
-2.2835e-06
1.36495e-06
-1.37008e-06
0.000432631
9.17721e-07
-1.39176e-06
0.000432576
4.6769e-07
-1.39143e-06
0.000432541
1.55496e-08
-1.37095e-06
0.000432524
-4.44184e-07
-1.35906e-06
0.000432524
-9.06167e-07
-1.34789e-06
0.000432541
-1.36281e-06
-1.34085e-06
0.000432575
-1.81741e-06
-1.35e-06
0.000432632
-1.36252e-06
0.000432715
-2.28043e-06
1.83301e-06
-1.80503e-06
0.000432771
-2.29463e-06
1.38442e-06
-1.83758e-06
0.000432691
9.25826e-07
-1.84875e-06
0.000432633
4.66168e-07
-1.84627e-06
0.000432596
1.80135e-08
-1.83631e-06
0.000432577
-4.46787e-07
-1.80795e-06
0.000432577
-9.11275e-07
-1.79744e-06
0.000432595
-1.37107e-06
-1.79522e-06
0.000432632
-1.81911e-06
-1.81659e-06
0.000432692
-1.81872e-06
0.000432775
-2.27695e-06
1.84599e-06
0.000432852
-2.27023e-06
-2.28837e-06
1.3972e-06
0.000432774
-2.30326e-06
9.2644e-07
0.000432714
-2.29413e-06
4.63208e-07
0.000432674
-2.29803e-06
7.96069e-09
0.000432656
-2.29612e-06
-4.55064e-07
0.000432654
-2.26022e-06
-9.16239e-07
0.000432674
-2.25177e-06
-1.37185e-06
0.000432713
-2.25445e-06
-1.82436e-06
0.000432775
-2.27731e-06
0.000432855
-2.26984e-06
-2.28108e-06
1.83957e-06
1.81187e-06
0.000433755
-2.2532e-06
-2.29842e-06
1.3832e-06
1.81932e-06
0.000433681
-2.27043e-06
9.27297e-07
1.81598e-06
0.000433624
-2.2703e-06
4.69431e-07
1.81171e-06
0.000433586
-2.26487e-06
8.2402e-09
1.81068e-06
0.000433567
-2.26062e-06
-4.52514e-07
1.82103e-06
0.000433566
-2.27107e-06
-9.19165e-07
1.82075e-06
0.000433585
-2.26447e-06
-1.37043e-06
1.80452e-06
0.000433625
-2.26291e-06
-1.82281e-06
1.80047e-06
0.000433682
-2.25524e-06
1.81867e-06
0.000433754
-2.26551e-06
-2.27586e-06
1.81877e-06
1.37265e-06
0.000433681
-2.28699e-06
1.36863e-06
1.35894e-06
0.000433601
9.21172e-07
1.35243e-06
0.000433542
4.65684e-07
1.35682e-06
0.000433505
5.68346e-09
1.36071e-06
0.000433486
-4.49912e-07
1.36688e-06
0.000433486
-9.11529e-07
1.37234e-06
0.000433504
-1.37736e-06
1.35965e-06
0.000433543
-1.84058e-06
1.3534e-06
0.000433602
1.35358e-06
0.000433681
-2.28265e-06
1.81082e-06
9.32358e-07
0.000433623
-2.28084e-06
1.36161e-06
8.96675e-07
0.000433543
9.14325e-07
8.89107e-07
0.000433485
4.60128e-07
9.01712e-07
0.000433449
8.02599e-09
9.04389e-07
0.000433431
-4.46195e-07
9.12787e-07
0.000433431
-9.03865e-07
9.2112e-07
0.000433448
-1.37237e-06
9.18117e-07
0.000433485
-1.83539e-06
9.05464e-07
0.000433543
8.83941e-07
0.000433625
-2.27595e-06
1.81593e-06
4.8308e-07
0.000433585
-2.2781e-06
1.36218e-06
4.3919e-07
0.000433505
9.08442e-07
4.33033e-07
0.00043345
4.54868e-07
4.46741e-07
0.000433415
8.19106e-09
4.43954e-07
0.000433398
-4.442e-07
4.58122e-07
0.000433397
-9.00797e-07
4.70135e-07
0.000433414
-1.36608e-06
4.74305e-07
0.000433448
-1.82483e-06
4.53419e-07
0.000433505
4.26719e-07
0.000433587
-2.27875e-06
1.82399e-06
2.32043e-08
0.000433565
-2.27571e-06
1.36624e-06
-1.38284e-08
0.000433487
9.04913e-07
-1.4825e-08
0.000433432
4.51944e-07
-8.22308e-09
0.000433398
5.4842e-09
-1.62983e-08
0.000433383
-4.41216e-07
-2.04083e-09
0.000433382
-8.96291e-07
1.7776e-08
0.000433397
-1.35945e-06
2.85844e-08
0.000433431
-1.82063e-06
3.69083e-09
0.000433487
-2.24737e-08
0.000433568
-2.28257e-06
1.8264e-06
-4.40599e-07
0.000433566
-2.27338e-06
1.36391e-06
-4.61703e-07
0.000433487
9.04002e-07
-4.63982e-07
0.000433431
4.59463e-07
-4.71667e-07
0.000433398
6.9865e-09
-4.71202e-07
0.000433383
-4.41872e-07
-4.60481e-07
0.000433383
-8.91791e-07
-4.39904e-07
0.000433398
-1.35278e-06
-4.19452e-07
0.000433431
-1.82203e-06
-4.37938e-07
0.000433487
-4.67072e-07
0.000433568
-2.28898e-06
1.82129e-06
-8.97423e-07
0.000433585
-2.27515e-06
1.36378e-06
-9.14448e-07
0.000433504
9.16617e-07
-9.25998e-07
0.000433449
4.71393e-07
-9.34902e-07
0.000433416
1.08375e-08
-9.18529e-07
0.0004334
-4.44293e-07
-9.12891e-07
0.000433399
-8.95425e-07
-8.97103e-07
0.000433415
-1.3544e-06
-8.70138e-07
0.000433449
-1.82577e-06
-8.7722e-07
0.000433505
-9.13087e-07
0.000433586
-2.29066e-06
1.82094e-06
-1.34632e-06
0.000433623
-2.28191e-06
1.37684e-06
-1.38173e-06
0.000433542
9.336e-07
-1.39238e-06
0.000433485
4.77932e-07
-1.38807e-06
0.00043345
1.57572e-08
-1.36486e-06
0.000433432
-4.43774e-07
-1.36173e-06
0.000433433
-9.01854e-07
-1.34817e-06
0.00043345
-1.36048e-06
-1.32117e-06
0.000433485
-1.82084e-06
-1.32744e-06
0.000433542
-1.365e-06
0.000433626
-2.27996e-06
1.8441e-06
-1.7959e-06
0.000433679
-2.30201e-06
1.39868e-06
-1.84726e-06
0.000433602
9.44297e-07
-1.84891e-06
0.000433544
4.76838e-07
-1.83049e-06
0.000433506
2.08291e-08
-1.81838e-06
0.000433487
-4.42979e-07
-1.80778e-06
0.000433487
-9.03509e-07
-1.79787e-06
0.000433505
-1.35825e-06
-1.77669e-06
0.000433542
-1.80426e-06
-1.79112e-06
0.000433601
-1.80982e-06
0.000433683
-2.26714e-06
1.86152e-06
0.000433752
-2.25819e-06
-2.30002e-06
1.4089e-06
0.000433682
-2.30296e-06
9.3885e-07
0.000433625
-2.28961e-06
4.73451e-07
0.000433585
-2.27578e-06
1.61993e-08
0.000433566
-2.27184e-06
-4.4685e-07
0.000433566
-2.25677e-06
-9.01889e-07
0.000433586
-2.25478e-06
-1.34828e-06
0.000433624
-2.24092e-06
-1.79263e-06
0.000433682
-2.25416e-06
0.000433755
-2.23811e-06
-2.26488e-06
1.82411e-06
1.78668e-06
0.000434647
-2.22304e-06
-2.27983e-06
1.37034e-06
1.79617e-06
0.000434582
-2.24312e-06
9.2079e-07
1.79946e-06
0.000434528
-2.25424e-06
4.65159e-07
1.79892e-06
0.000434491
-2.24893e-06
4.68156e-09
1.79778e-06
0.000434473
-2.24324e-06
-4.56428e-07
1.81174e-06
0.000434472
-2.25674e-06
-9.18743e-07
1.81543e-06
0.000434491
-2.25836e-06
-1.36199e-06
1.79433e-06
0.000434528
-2.25453e-06
-1.80808e-06
1.77722e-06
0.000434583
-2.23139e-06
1.79412e-06
0.000434646
-2.24028e-06
-2.25407e-06
1.80517e-06
1.34672e-06
0.000434582
-2.26614e-06
1.35802e-06
1.33806e-06
0.000434506
9.14436e-07
1.33659e-06
0.000434449
4.635e-07
1.34353e-06
0.000434411
4.19671e-09
1.35085e-06
0.000434392
-4.49019e-07
1.3588e-06
0.000434392
-9.04394e-07
1.36467e-06
0.00043441
-1.36261e-06
1.34661e-06
0.000434449
-1.82275e-06
1.33265e-06
0.000434507
1.33442e-06
0.000434582
-2.26404e-06
1.79689e-06
9.08074e-07
0.000434528
-2.26313e-06
1.34922e-06
8.78932e-07
0.00043445
9.0495e-07
8.74203e-07
0.000434392
4.5844e-07
8.83865e-07
0.000434355
7.00075e-09
8.96853e-07
0.000434336
-4.42229e-07
9.02853e-07
0.000434336
-8.94932e-07
9.11433e-07
0.000434354
-1.35861e-06
9.03815e-07
0.000434391
-1.82008e-06
8.87841e-07
0.000434449
8.72018e-07
0.000434529
-2.26218e-06
1.80317e-06
4.6145e-07
0.000434491
-2.26327e-06
1.34984e-06
4.25289e-07
0.000434412
8.98244e-07
4.19762e-07
0.000434356
4.5119e-07
4.25703e-07
0.00043432
5.93273e-09
4.37896e-07
0.000434302
-4.40391e-07
4.44709e-07
0.000434302
-8.92749e-07
4.58852e-07
0.000434319
-1.35447e-06
4.59594e-07
0.000434354
-1.81089e-06
4.37647e-07
0.000434412
4.24222e-07
0.000434493
-2.2689e-06
1.81361e-06
1.07521e-08
0.000434473
-2.27013e-06
1.35704e-06
-2.45439e-08
0.000434393
8.97743e-07
-2.61979e-08
0.000434338
4.45941e-07
-2.7277e-08
0.000434303
4.47382e-09
-2.42727e-08
0.000434286
-4.398e-07
-1.51517e-08
0.000434286
-8.91356e-07
5.51546e-09
0.000434302
-1.35086e-06
1.30819e-08
0.000434337
-1.81105e-06
-8.90044e-09
0.000434394
-2.12293e-08
0.000434474
-2.27142e-06
1.82222e-06
-4.46743e-07
0.000434472
-2.27075e-06
1.36405e-06
-4.72476e-07
0.000434393
9.03175e-07
-4.70969e-07
0.000434337
4.53406e-07
-4.8223e-07
0.000434303
6.96311e-09
-4.81579e-07
0.000434287
-4.42914e-07
-4.69079e-07
0.000434287
-8.90442e-07
-4.51534e-07
0.000434302
-1.34669e-06
-4.36753e-07
0.000434337
-1.81632e-06
-4.45886e-07
0.000434394
-4.68494e-07
0.000434474
-2.27485e-06
1.82123e-06
-9.04562e-07
0.000434491
-2.26899e-06
1.37528e-06
-9.32689e-07
0.00043441
9.2178e-07
-9.22733e-07
0.000434354
4.68812e-07
-9.33607e-07
0.00043432
9.64047e-09
-9.2624e-07
0.000434303
-4.4527e-07
-9.17802e-07
0.000434303
-8.92213e-07
-9.0932e-07
0.00043432
-1.3512e-06
-8.84065e-07
0.000434355
-1.82079e-06
-8.82887e-07
0.000434411
-9.20432e-07
0.000434492
-2.27438e-06
1.82385e-06
-1.35339e-06
0.000434527
-2.27889e-06
1.38548e-06
-1.40086e-06
0.000434449
9.43026e-07
-1.38551e-06
0.000434391
4.80234e-07
-1.37515e-06
0.000434355
1.30766e-08
-1.36376e-06
0.000434337
-4.41954e-07
-1.36718e-06
0.000434337
-8.96515e-07
-1.35979e-06
0.000434355
-1.35485e-06
-1.33157e-06
0.000434391
-1.81475e-06
-1.32905e-06
0.000434448
-1.37049e-06
0.00043453
-2.26932e-06
1.84856e-06
-1.79987e-06
0.000434581
-2.30378e-06
1.39729e-06
-1.85479e-06
0.000434507
9.50876e-07
-1.84455e-06
0.000434449
4.84262e-07
-1.81379e-06
0.000434411
1.63189e-08
-1.80164e-06
0.000434393
-4.38722e-07
-1.81802e-06
0.000434393
-8.93528e-07
-1.8111e-06
0.000434411
-1.34308e-06
-1.78809e-06
0.000434448
-1.79026e-06
-1.78621e-06
0.000434506
-1.80549e-06
0.000434583
-2.25536e-06
1.87387e-06
0.000434646
-2.2513e-06
-2.31578e-06
1.41335e-06
0.000434583
-2.29554e-06
9.4768e-07
0.00043453
-2.28383e-06
4.84272e-07
0.000434492
-2.25683e-06
2.08267e-08
0.000434473
-2.24447e-06
-4.35313e-07
0.000434474
-2.2696e-06
-8.87892e-07
0.000434493
-2.266e-06
-1.3333e-06
0.000434529
-2.24831e-06
-1.77437e-06
0.000434583
-2.24563e-06
0.000434647
-2.22195e-06
-2.25006e-06
1.79121e-06
1.76346e-06
0.00043553
-2.2007e-06
-2.23748e-06
1.34553e-06
1.77956e-06
0.000435475
-2.22738e-06
9.03968e-07
1.78837e-06
0.000435426
-2.245e-06
4.54401e-07
1.78785e-06
0.000435391
-2.2383e-06
-1.17754e-09
1.78776e-06
0.000435374
-2.23261e-06
-4.57604e-07
1.79606e-06
0.000435374
-2.24076e-06
-9.10076e-07
1.80371e-06
0.000435391
-2.25125e-06
-1.34764e-06
1.78755e-06
0.000435426
-2.24738e-06
-1.78632e-06
1.76144e-06
0.000435476
-2.21591e-06
1.75811e-06
0.00043553
-2.21085e-06
-2.21812e-06
1.78409e-06
1.32055e-06
0.000435476
-2.23476e-06
1.34064e-06
1.3237e-06
0.000435405
8.99499e-07
1.328e-06
0.00043535
4.55176e-07
1.33017e-06
0.000435313
2.32367e-09
1.33826e-06
0.000435295
-4.49877e-07
1.34589e-06
0.000435294
-8.95197e-07
1.34684e-06
0.000435313
-1.34017e-06
1.3317e-06
0.00043535
-1.79657e-06
1.31908e-06
0.000435406
1.30844e-06
0.000435476
-2.24124e-06
1.78296e-06
8.78565e-07
0.000435427
-2.23974e-06
1.33598e-06
8.69346e-07
0.000435351
8.93061e-07
8.69009e-07
0.000435294
4.51941e-07
8.69237e-07
0.000435257
3.31152e-09
8.84964e-07
0.000435238
-4.40417e-07
8.87853e-07
0.000435238
-8.86056e-07
8.90064e-07
0.000435256
-1.34015e-06
8.83456e-07
0.000435293
-1.79942e-06
8.77279e-07
0.00043535
8.62989e-07
0.000435428
-2.2521e-06
1.79442e-06
4.29792e-07
0.000435393
-2.24692e-06
1.33948e-06
4.22482e-07
0.000435314
8.89177e-07
4.18085e-07
0.000435257
4.46629e-07
4.10827e-07
0.000435221
2.17535e-09
4.28756e-07
0.000435203
-4.38796e-07
4.27689e-07
0.000435203
-8.87123e-07
4.36782e-07
0.00043522
-1.34043e-06
4.3453e-07
0.000435256
-1.79441e-06
4.29498e-07
0.000435313
4.29225e-07
0.000435393
-2.26049e-06
1.80421e-06
-1.43133e-08
0.000435375
-2.26191e-06
1.34714e-06
-2.17385e-08
0.000435295
8.93579e-07
-2.89849e-08
0.000435238
4.44745e-07
-4.08315e-08
0.000435204
4.53484e-09
-3.08672e-08
0.000435186
-4.40543e-07
-2.74902e-08
0.000435187
-8.90066e-07
-1.49029e-08
0.000435204
-1.34194e-06
-1.57527e-08
0.000435239
-1.79742e-06
-1.68871e-08
0.000435296
-7.04609e-09
0.000435374
-2.26132e-06
1.81391e-06
-4.63534e-07
0.000435373
-2.26559e-06
1.36234e-06
-4.71315e-07
0.000435294
9.05218e-07
-4.73161e-07
0.000435238
4.51644e-07
-4.87689e-07
0.000435203
8.78456e-09
-4.87469e-07
0.000435187
-4.42394e-07
-4.75894e-07
0.000435187
-8.91688e-07
-4.66348e-07
0.000435203
-1.3454e-06
-4.63911e-07
0.000435239
-1.80868e-06
-4.54875e-07
0.000435295
-4.53831e-07
0.000435374
-2.26143e-06
1.81828e-06
-9.16063e-07
0.00043539
-2.26555e-06
1.38202e-06
-9.36404e-07
0.000435311
9.24671e-07
-9.17049e-07
0.000435255
4.63625e-07
-9.26301e-07
0.00043522
1.0657e-08
-9.33701e-07
0.000435203
-4.42627e-07
-9.22073e-07
0.000435202
-8.90661e-07
-9.18491e-07
0.00043522
-1.3504e-06
-9.05818e-07
0.000435257
-1.81647e-06
-8.90589e-07
0.000435313
-9.10098e-07
0.000435391
-2.25936e-06
1.8255e-06
-1.36705e-06
0.000435425
-2.27232e-06
1.39022e-06
-1.40212e-06
0.00043535
9.40259e-07
-1.368e-06
0.000435292
4.76153e-07
-1.36237e-06
0.000435255
1.27512e-08
-1.37097e-06
0.000435238
-4.38472e-07
-1.37124e-06
0.000435237
-8.88468e-07
-1.36908e-06
0.000435255
-1.346e-06
-1.34964e-06
0.000435292
-1.80688e-06
-1.33037e-06
0.000435349
-1.35481e-06
0.000435427
-2.25928e-06
1.83963e-06
-1.8142e-06
0.000435476
-2.28752e-06
1.3852e-06
-1.84675e-06
0.000435406
9.42012e-07
-1.82484e-06
0.000435349
4.86498e-07
-1.80776e-06
0.000435312
1.26249e-08
-1.79884e-06
0.000435294
-4.3668e-07
-1.82346e-06
0.000435294
-8.82717e-07
-1.82455e-06
0.000435313
-1.32719e-06
-1.8061e-06
0.000435349
-1.779e-06
-1.77662e-06
0.000435404
-1.78194e-06
0.000435475
-2.24373e-06
1.85901e-06
0.000435531
-2.24816e-06
-2.31048e-06
1.39167e-06
0.000435477
-2.27253e-06
9.40106e-07
0.000435428
-2.27152e-06
4.88618e-07
0.000435393
-2.2573e-06
1.78268e-08
0.000435374
-2.22913e-06
-4.30624e-07
0.000435376
-2.2766e-06
-8.78722e-07
0.000435394
-2.27751e-06
-1.32281e-06
0.000435428
-2.26086e-06
-1.75747e-06
0.000435475
-2.23473e-06
0.00043553
-2.20001e-06
-2.22209e-06
1.74939e-06
1.76012e-06
0.000436405
-2.19633e-06
-2.18815e-06
1.3116e-06
1.76899e-06
0.000436362
-2.2177e-06
8.78676e-07
1.77934e-06
0.000436318
-2.23844e-06
4.36191e-07
1.78414e-06
0.000436286
-2.23614e-06
-7.93848e-09
1.78124e-06
0.000436269
-2.23233e-06
-4.55803e-07
1.77645e-06
0.00043627
-2.22449e-06
-8.95839e-07
1.78302e-06
0.000436286
-2.23794e-06
-1.33031e-06
1.7811e-06
0.000436317
-2.23831e-06
-1.7647e-06
1.76263e-06
0.000436362
-2.21407e-06
1.74006e-06
0.000436407
-2.18772e-06
-2.19305e-06
1.76306e-06
1.30968e-06
0.000436362
-2.19847e-06
1.32248e-06
1.31662e-06
0.000436298
8.80729e-07
1.32496e-06
0.000436246
4.39742e-07
1.32782e-06
0.00043621
-3.08613e-09
1.32609e-06
0.000436193
-4.50995e-07
1.32612e-06
0.000436193
-8.8773e-07
1.32193e-06
0.00043621
-1.32221e-06
1.32013e-06
0.000436246
-1.76949e-06
1.31763e-06
0.000436298
1.30216e-06
0.000436363
-2.21849e-06
1.77677e-06
8.55959e-07
0.000436319
-2.21538e-06
1.328e-06
8.6995e-07
0.000436246
8.80367e-07
8.75979e-07
0.000436191
4.41774e-07
8.69255e-07
0.000436154
-4.77318e-09
8.74938e-07
0.000436136
-4.45659e-07
8.69134e-07
0.000436136
-8.86832e-07
8.65007e-07
0.000436154
-1.32766e-06
8.63346e-07
0.000436191
-1.7831e-06
8.77241e-07
0.000436246
8.70869e-07
0.000436319
-2.24331e-06
1.78863e-06
4.0591e-07
0.000436287
-2.23355e-06
1.33222e-06
4.3024e-07
0.00043621
8.81827e-07
4.3012e-07
0.000436153
4.42244e-07
4.12593e-07
0.000436117
-4.20286e-09
4.2474e-07
0.000436099
-4.44769e-07
4.12648e-07
0.0004361
-8.89574e-07
4.12034e-07
0.000436118
-1.33473e-06
4.10435e-07
0.000436154
-1.7847e-06
4.30382e-07
0.00043621
4.46147e-07
0.000436286
-2.25379e-06
1.79291e-06
-3.30332e-08
0.00043627
-2.24976e-06
1.33683e-06
-1.01411e-08
0.000436191
8.91832e-07
-2.12188e-08
0.000436135
4.44877e-07
-3.65525e-08
0.0004361
1.80966e-09
-2.78975e-08
0.000436082
-4.46492e-07
-3.50495e-08
0.000436083
-8.94202e-07
-3.71563e-08
0.0004361
-1.34054e-06
-4.07979e-08
0.000436137
-1.79164e-06
-1.54833e-08
0.000436193
1.42992e-08
0.000436268
-2.25454e-06
1.80001e-06
-4.76058e-07
0.000436268
-2.25254e-06
1.35391e-06
-4.60734e-07
0.000436191
9.07407e-07
-4.71701e-07
0.000436135
4.50606e-07
-4.75812e-07
0.0004361
5.99234e-09
-4.78329e-07
0.000436082
-4.45597e-07
-4.78681e-07
0.000436082
-8.99832e-07
-4.79505e-07
0.0004361
-1.35134e-06
-4.86511e-07
0.000436136
-1.80324e-06
-4.5987e-07
0.000436192
-4.30651e-07
0.000436268
-2.25247e-06
1.80979e-06
-9.26199e-07
0.000436285
-2.25378e-06
1.37817e-06
-9.25973e-07
0.000436208
9.18722e-07
-9.09889e-07
0.000436153
4.56446e-07
-9.09411e-07
0.000436116
8.66651e-09
-9.2603e-07
0.000436098
-4.43635e-07
-9.22304e-07
0.000436098
-8.97013e-07
-9.22289e-07
0.000436116
-1.35731e-06
-9.23387e-07
0.000436154
-1.81313e-06
-9.0093e-07
0.00043621
-8.83603e-07
0.000436284
-2.25341e-06
1.82175e-06
-1.37663e-06
0.000436317
-2.26353e-06
1.38317e-06
-1.38337e-06
0.000436246
9.23972e-07
-1.34782e-06
0.000436189
4.65489e-07
-1.34777e-06
0.000436152
9.64671e-09
-1.36726e-06
0.000436135
-4.41412e-07
-1.36828e-06
0.000436134
-8.89383e-07
-1.3712e-06
0.000436152
-1.34706e-06
-1.36285e-06
0.000436189
-1.80979e-06
-1.33391e-06
0.000436245
-1.32077e-06
0.000436317
-2.26246e-06
1.82444e-06
-1.82842e-06
0.000436363
-2.26014e-06
1.36484e-06
-1.81652e-06
0.000436299
9.21937e-07
-1.80014e-06
0.000436245
4.77915e-07
-1.8004e-06
0.000436209
5.9376e-09
-1.79275e-06
0.000436192
-4.41888e-07
-1.81792e-06
0.000436192
-8.83481e-07
-1.82649e-06
0.00043621
-1.32857e-06
-1.8139e-06
0.000436245
-1.78372e-06
-1.7712e-06
0.000436296
-1.74602e-06
0.00043636
-2.24294e-06
1.82068e-06
0.000436407
-2.25435e-06
-2.27109e-06
1.35786e-06
0.000436362
-2.23883e-06
9.21522e-07
0.000436319
-2.25442e-06
4.81638e-07
0.000436287
-2.25477e-06
9.33065e-09
0.000436269
-2.21574e-06
-4.39672e-07
0.000436271
-2.26386e-06
-8.835e-07
0.000436288
-2.2767e-06
-1.33177e-06
0.00043632
-2.25721e-06
-1.76538e-06
0.000436361
-2.22309e-06
0.000436404
-2.196e-06
-2.18936e-06
1.72638e-06
1.76133e-06
0.000437272
-2.20118e-06
-2.1527e-06
1.29367e-06
1.75467e-06
0.000437241
-2.20091e-06
8.61754e-07
1.76888e-06
0.000437204
-2.22231e-06
4.26443e-07
1.77706e-06
0.000437174
-2.23032e-06
-8.66303e-09
1.77345e-06
0.000437158
-2.22805e-06
-4.47072e-07
1.7555e-06
0.00043716
-2.20725e-06
-8.75544e-07
1.75307e-06
0.000437175
-2.21385e-06
-1.31357e-06
1.76645e-06
0.000437203
-2.21386e-06
-1.74936e-06
1.76218e-06
0.00043724
-2.2048e-06
1.73969e-06
0.000437273
-2.17408e-06
-2.18152e-06
1.75867e-06
1.30909e-06
0.00043724
-2.18444e-06
1.31322e-06
1.31407e-06
0.000437184
8.68509e-07
1.32348e-06
0.000437136
4.27228e-07
1.32619e-06
0.000437102
-7.34188e-09
1.31517e-06
0.000437085
-4.49079e-07
1.30405e-06
0.000437086
-8.82011e-07
1.29347e-06
0.000437103
-1.31146e-06
1.30588e-06
0.000437136
-1.75154e-06
1.31643e-06
0.000437184
1.31404e-06
0.000437242
-2.20489e-06
1.77921e-06
8.49627e-07
0.000437204
-2.2048e-06
1.32531e-06
8.78759e-07
0.000437136
8.7392e-07
8.83624e-07
0.000437082
4.32525e-07
8.75409e-07
0.000437046
-1.04568e-08
8.65172e-07
0.000437029
-4.52387e-07
8.52597e-07
0.000437029
-8.91205e-07
8.39054e-07
0.000437048
-1.32336e-06
8.45546e-07
0.000437083
-1.77171e-06
8.7434e-07
0.000437136
8.89578e-07
0.000437204
-2.23187e-06
1.78261e-06
4.0065e-07
0.000437175
-2.2216e-06
1.32729e-06
4.43365e-07
0.000437101
8.7912e-07
4.40037e-07
0.000437045
4.40556e-07
4.22116e-07
0.000437009
-8.73415e-09
4.22006e-07
0.000436992
-4.52335e-07
4.03591e-07
0.000436993
-8.95674e-07
3.89248e-07
0.000437011
-1.33483e-06
3.91529e-07
0.000437048
-1.78385e-06
4.31471e-07
0.000437102
4.64174e-07
0.000437174
-2.24609e-06
1.77668e-06
-3.43131e-08
0.00043716
-2.23116e-06
1.32653e-06
1.57879e-09
0.000437083
8.88894e-07
-1.49026e-08
0.000437027
4.46419e-07
-2.7403e-08
0.000436992
-3.21968e-09
-2.009e-08
0.000436973
-4.54206e-07
-3.6864e-08
0.000436974
-9.01819e-07
-5.5391e-08
0.000436993
-1.34398e-06
-5.90229e-08
0.000437029
-1.79133e-06
-1.30785e-08
0.000437085
3.32962e-08
0.000437158
-2.25021e-06
1.77621e-06
-4.70242e-07
0.000437158
-2.22997e-06
1.33689e-06
-4.5134e-07
0.000437083
9.00578e-07
-4.71425e-07
0.000437028
4.43519e-07
-4.62431e-07
0.000436992
-3.06392e-09
-4.64744e-07
0.000436973
-4.52886e-07
-4.78338e-07
0.000436973
-9.094e-07
-4.91104e-07
0.000436992
-1.35625e-06
-5.04813e-07
0.000437029
-1.79776e-06
-4.63737e-07
0.000437084
-4.0665e-07
0.000437157
-2.24719e-06
1.78786e-06
-9.17561e-07
0.000437173
-2.22875e-06
1.35932e-06
-9.15047e-07
0.000437101
9.03222e-07
-9.088e-07
0.000437046
4.40184e-07
-8.92267e-07
0.000437008
-3.94033e-09
-9.1328e-07
0.000436991
-4.52734e-07
-9.22199e-07
0.000436991
-9.11067e-07
-9.25381e-07
0.000437009
-1.36505e-06
-9.43719e-07
0.000437047
-1.80464e-06
-9.16247e-07
0.000437102
-8.50454e-07
0.000437172
-2.24873e-06
1.80523e-06
-1.37312e-06
0.000437202
-2.23522e-06
1.36657e-06
-1.36698e-06
0.000437136
9.0046e-07
-1.33593e-06
0.000437082
4.44866e-07
-1.33027e-06
0.000437045
-5.33629e-09
-1.35642e-06
0.000437028
-4.58087e-07
-1.36302e-06
0.000437028
-9.10167e-07
-1.36674e-06
0.000437046
-1.36445e-06
-1.38266e-06
0.000437082
-1.8192e-06
-1.35242e-06
0.000437136
-1.28814e-06
0.000437201
-2.26549e-06
1.80893e-06
-1.83071e-06
0.000437242
-2.23061e-06
1.34965e-06
-1.79392e-06
0.000437185
8.96829e-07
-1.77299e-06
0.000437134
4.5642e-07
-1.78203e-06
0.000437101
-8.52829e-09
-1.78424e-06
0.000437085
-4.65696e-07
-1.79873e-06
0.000437085
-9.11417e-07
-1.81334e-06
0.000437102
-1.36303e-06
-1.82219e-06
0.000437136
-1.82525e-06
-1.77751e-06
0.000437183
-1.72308e-06
0.000437238
-2.26866e-06
1.80094e-06
0.000437274
-2.2504e-06
-2.24759e-06
1.3389e-06
0.000437239
-2.20939e-06
9.05394e-07
0.000437202
-2.2228e-06
4.67373e-07
0.000437174
-2.23105e-06
-3.43012e-09
0.000437158
-2.20269e-06
-4.65286e-07
0.000437159
-2.2252e-06
-9.11262e-07
0.000437175
-2.25435e-06
-1.37021e-06
0.000437204
-2.24787e-06
-1.81766e-06
0.000437239
-2.20852e-06
0.00043727
-2.23814e-06
-2.16913e-06
1.72974e-06
1.75764e-06
0.000438129
-2.19851e-06
-2.14606e-06
1.29903e-06
1.7454e-06
0.000438112
-2.18579e-06
8.65419e-07
1.74965e-06
0.000438082
-2.19452e-06
4.3232e-07
1.75835e-06
0.000438057
-2.20758e-06
1.53111e-09
1.75864e-06
0.000438042
-2.21179e-06
-4.30949e-07
1.73466e-06
0.000438043
-2.1859e-06
-8.57703e-07
1.72898e-06
0.000438057
-2.18462e-06
-1.3027e-06
1.74619e-06
0.000438081
-2.17987e-06
-1.74005e-06
1.75672e-06
0.00043811
-2.1898e-06
1.73909e-06
0.000438129
-2.16387e-06
-2.17124e-06
1.7629e-06
1.30938e-06
0.00043811
-2.18501e-06
1.31781e-06
1.31154e-06
0.000438063
8.70532e-07
1.31295e-06
0.00043802
4.28583e-07
1.3138e-06
0.000437989
-1.7194e-09
1.30181e-06
0.000437972
-4.3996e-07
1.2856e-06
0.000437973
-8.75476e-07
1.27809e-06
0.000437989
-1.30837e-06
1.29516e-06
0.000438019
-1.74037e-06
1.30973e-06
0.000438063
1.3222e-06
0.000438112
-2.19379e-06
1.78278e-06
8.53334e-07
0.000438082
-2.20421e-06
1.32994e-06
8.81166e-07
0.000438019
8.78329e-07
8.7844e-07
0.000437968
4.33918e-07
8.70913e-07
0.000437933
-5.77719e-09
8.53829e-07
0.000437917
-4.49848e-07
8.41492e-07
0.000437917
-8.89777e-07
8.30693e-07
0.000437935
-1.31995e-06
8.3905e-07
0.00043797
-1.75851e-06
8.64317e-07
0.00043802
9.00396e-07
0.000438081
-2.21397e-06
1.77628e-06
4.10583e-07
0.000438056
-2.21443e-06
1.32606e-06
4.45825e-07
0.000437987
8.82877e-07
4.34276e-07
0.000437932
4.43964e-07
4.22195e-07
0.000437897
-3.48351e-09
4.13433e-07
0.00043788
-4.53507e-07
4.03945e-07
0.00043788
-8.96058e-07
3.85544e-07
0.000437899
-1.33138e-06
3.87056e-07
0.000437935
-1.77861e-06
4.25273e-07
0.000437988
4.61903e-07
0.000438055
-2.22131e-06
1.76408e-06
-2.27525e-08
0.000438042
-2.21318e-06
1.31884e-06
3.87835e-09
0.00043797
8.85363e-07
-2.06097e-08
0.000437916
4.46706e-07
-2.68498e-08
0.000437879
-4.41481e-09
-2.3088e-08
0.000437861
-4.56023e-07
-3.14204e-08
0.000437861
-9.02511e-07
-5.50939e-08
0.00043788
-1.34232e-06
-6.04128e-08
0.000437917
-1.785e-06
-1.87052e-08
0.000437971
2.43898e-08
0.000438042
-2.23151e-06
1.75679e-06
-4.54477e-07
0.000438042
-2.20887e-06
1.3214e-06
-4.4797e-07
0.00043797
8.85779e-07
-4.72968e-07
0.000437916
4.3501e-07
-4.63894e-07
0.000437879
-1.14527e-08
-4.64252e-07
0.00043786
-4.56994e-07
-4.73361e-07
0.000437861
-9.10435e-07
-4.89365e-07
0.00043788
-1.35181e-06
-5.06608e-07
0.000437917
-1.7832e-06
-4.75185e-07
0.000437972
-4.06853e-07
0.000438042
-2.23647e-06
1.76004e-06
-8.97478e-07
0.000438055
-2.199e-06
1.33334e-06
-9.0855e-07
0.000437988
8.83013e-07
-9.11313e-07
0.000437935
4.25196e-07
-8.95404e-07
0.000437898
-1.92163e-08
-9.08595e-07
0.00043788
-4.64385e-07
-9.16793e-07
0.00043788
-9.17821e-07
-9.24499e-07
0.000437897
-1.35979e-06
-9.52494e-07
0.000437935
-1.78996e-06
-9.32006e-07
0.000437989
-8.4316e-07
0.000438055
-2.23655e-06
1.78017e-06
-1.36055e-06
0.000438081
-2.19517e-06
1.34407e-06
-1.357e-06
0.000438021
8.77784e-07
-1.33306e-06
0.00043797
4.22003e-07
-1.32895e-06
0.000437934
-2.69079e-08
-1.34841e-06
0.000437917
-4.78586e-07
-1.35405e-06
0.000437917
-9.29257e-07
-1.36289e-06
0.000437935
-1.37614e-06
-1.39365e-06
0.00043797
-1.81848e-06
-1.37492e-06
0.000438021
-1.28709e-06
0.00043808
-2.25309e-06
1.79771e-06
-1.81696e-06
0.000438113
-2.21199e-06
1.33858e-06
-1.77728e-06
0.000438064
8.76397e-07
-1.75527e-06
0.000438019
4.24463e-07
-1.76398e-06
0.000437988
-3.06213e-08
-1.78057e-06
0.000437972
-4.90552e-07
-1.78143e-06
0.000437972
-9.45932e-07
-1.79445e-06
0.000437989
-1.40201e-06
-1.82259e-06
0.000438021
-1.86366e-06
-1.79443e-06
0.000438065
-1.73483e-06
0.00043811
-2.28855e-06
1.792e-06
0.00043813
-2.23087e-06
-2.23454e-06
1.32625e-06
0.000438109
-2.18127e-06
8.81625e-07
0.000438079
-2.18732e-06
4.35888e-07
0.000438055
-2.1989e-06
-2.53618e-08
0.000438041
-2.20256e-06
-4.9457e-07
0.000438041
-2.19435e-06
-9.52266e-07
0.000438055
-2.21703e-06
-1.42008e-06
0.000438082
-2.23206e-06
-1.87988e-06
0.000438111
-2.20596e-06
0.000438129
-2.3033e-06
-2.17013e-06
1.74387e-06
1.75578e-06
0.000438976
-2.19394e-06
-2.15319e-06
1.31641e-06
1.73399e-06
0.000438974
-2.16898e-06
8.81407e-07
1.72294e-06
0.000438953
-2.15845e-06
4.48368e-07
1.73013e-06
0.000438931
-2.17182e-06
1.60951e-08
1.73825e-06
0.000438919
-2.18253e-06
-4.1278e-07
1.71922e-06
0.000438919
-2.16592e-06
-8.42429e-07
1.71719e-06
0.000438932
-2.16176e-06
-1.29337e-06
1.73308e-06
0.000438952
-2.1526e-06
-1.72982e-06
1.75795e-06
0.000438972
-2.18302e-06
1.75813e-06
0.000438974
-2.18639e-06
-2.14701e-06
1.77915e-06
1.31466e-06
0.000438973
-2.20039e-06
1.33619e-06
1.30557e-06
0.000438935
8.88198e-07
1.29432e-06
0.000438897
4.44943e-07
1.29399e-06
0.000438868
9.80477e-09
1.29344e-06
0.000438852
-4.25562e-07
1.2746e-06
0.000438853
-8.66769e-07
1.27966e-06
0.000438868
-1.31003e-06
1.29978e-06
0.000438896
-1.73483e-06
1.31162e-06
0.000438934
1.3296e-06
0.000438973
-2.16718e-06
1.79025e-06
8.64153e-07
0.000438951
-2.20925e-06
1.34527e-06
8.73848e-07
0.000438896
8.94491e-07
8.65003e-07
0.000438848
4.46262e-07
8.60792e-07
0.000438815
7.47647e-09
8.50742e-07
0.000438798
-4.40481e-07
8.41015e-07
0.000438799
-8.83664e-07
8.42216e-07
0.000438816
-1.3184e-06
8.5521e-07
0.000438849
-1.7421e-06
8.58695e-07
0.000438897
8.98182e-07
0.00043895
-2.17996e-06
1.77778e-06
4.25833e-07
0.00043893
-2.21292e-06
1.33735e-06
4.34717e-07
0.000438866
8.95466e-07
4.24966e-07
0.000438814
4.52307e-07
4.21581e-07
0.000438779
8.03033e-09
4.12907e-07
0.000438762
-4.46145e-07
4.13495e-07
0.000438762
-8.90592e-07
4.05036e-07
0.00043878
-1.32611e-06
4.09971e-07
0.000438816
-1.76392e-06
4.16911e-07
0.000438868
4.46129e-07
0.000438929
-2.18588e-06
1.7667e-06
-1.20923e-08
0.000438918
-2.20423e-06
1.32556e-06
-5.5281e-09
0.000438852
8.89408e-07
-2.1762e-08
0.000438798
4.5095e-07
-2.24473e-08
0.000438762
8.97251e-10
-1.95853e-08
0.000438744
-4.49965e-07
-1.77298e-08
0.000438743
-8.93787e-07
-3.28315e-08
0.000438762
-1.33442e-06
-3.07152e-08
0.000438798
-1.76931e-06
-2.88566e-08
0.000438852
-2.95871e-09
0.000438919
-2.19696e-06
1.75272e-06
-4.41811e-07
0.000438918
-2.19977e-06
1.3177e-06
-4.51953e-07
0.000438851
8.80323e-07
-4.66804e-07
0.000438799
4.38479e-07
-4.63314e-07
0.000438762
-9.96714e-09
-4.53991e-07
0.000438743
-4.53756e-07
-4.56588e-07
0.000438743
-8.97391e-07
-4.71586e-07
0.000438762
-1.33519e-06
-4.74694e-07
0.000438798
-1.76263e-06
-4.82981e-07
0.000438853
-4.38122e-07
0.000438919
-2.20523e-06
1.74411e-06
-8.73082e-07
0.000438929
-2.18741e-06
1.31625e-06
-9.04884e-07
0.000438869
8.71797e-07
-9.0509e-07
0.000438818
4.23546e-07
-8.98772e-07
0.000438781
-2.12449e-08
-8.92187e-07
0.000438763
-4.63266e-07
-8.97535e-07
0.000438763
-9.07742e-07
-9.10281e-07
0.000438781
-1.33665e-06
-9.27471e-07
0.000438816
-1.76367e-06
-9.3607e-07
0.000438869
-8.70665e-07
0.000438931
-2.20721e-06
1.76268e-06
-1.33822e-06
0.000438951
-2.16763e-06
1.32377e-06
-1.34343e-06
0.000438898
8.63927e-07
-1.3265e-06
0.000438851
4.10025e-07
-1.32747e-06
0.000438817
-3.37907e-08
-1.33071e-06
0.000438799
-4.80945e-07
-1.33294e-06
0.0004388
-9.25964e-07
-1.34776e-06
0.000438817
-1.35975e-06
-1.37473e-06
0.000438851
-1.79215e-06
-1.38165e-06
0.000438899
-1.3219e-06
0.000438951
-2.21231e-06
1.78796e-06
-1.79116e-06
0.000438975
-2.19654e-06
1.32714e-06
-1.7544e-06
0.000438936
8.59096e-07
-1.73639e-06
0.000438897
3.99963e-07
-1.74854e-06
0.000438868
-4.11594e-08
-1.7699e-06
0.000438852
-4.95378e-07
-1.75908e-06
0.000438852
-9.49083e-07
-1.77365e-06
0.000438868
-1.39881e-06
-1.80241e-06
0.000438899
-1.84932e-06
-1.80427e-06
0.000438938
-1.78155e-06
0.000438975
-2.2543e-06
1.76879e-06
0.000438976
-2.19875e-06
-2.20738e-06
1.30283e-06
0.000438971
-2.15005e-06
8.50894e-07
0.000438948
-2.15383e-06
3.93989e-07
0.000438929
-2.16574e-06
-4.91514e-08
0.000438917
-2.20277e-06
-5.06335e-07
0.000438916
-2.17708e-06
-9.61724e-07
0.000438929
-2.19161e-06
-1.42548e-06
0.000438951
-2.20792e-06
-1.88268e-06
0.000438974
-2.21009e-06
0.000438978
-2.31637e-06
-2.19687e-06
1.77042e-06
1.73435e-06
0.000439812
-2.16485e-06
-2.17583e-06
1.34762e-06
1.71551e-06
0.000439826
-2.14472e-06
9.09357e-07
1.70367e-06
0.000439813
-2.12604e-06
4.7269e-07
1.70505e-06
0.000439797
-2.13346e-06
3.55539e-08
1.72092e-06
0.000439786
-2.15084e-06
-3.93889e-07
1.71885e-06
0.000439785
-2.15539e-06
-8.29139e-07
1.71518e-06
0.000439796
-2.14432e-06
-1.27067e-06
1.72382e-06
0.000439812
-2.14262e-06
-1.69619e-06
1.75749e-06
0.000439823
-2.18344e-06
1.77231e-06
0.000439809
-2.19384e-06
-2.10931e-06
1.79626e-06
1.30566e-06
0.000439825
-2.22031e-06
1.35823e-06
1.291e-06
0.000439797
9.12119e-07
1.28192e-06
0.000439765
4.65978e-07
1.28059e-06
0.000439739
2.32773e-08
1.29195e-06
0.000439724
-4.12165e-07
1.28298e-06
0.000439724
-8.57731e-07
1.29059e-06
0.000439738
-1.3054e-06
1.303e-06
0.000439765
-1.7209e-06
1.3107e-06
0.000439796
1.34096e-06
0.000439823
-2.13994e-06
1.79465e-06
8.68832e-07
0.000439812
-2.21857e-06
1.3573e-06
8.59595e-07
0.000439764
9.1267e-07
8.53854e-07
0.000439721
4.62304e-07
8.56621e-07
0.000439689
1.99836e-08
8.59879e-07
0.000439673
-4.30163e-07
8.59335e-07
0.000439673
-8.74057e-07
8.61107e-07
0.000439689
-1.31781e-06
8.74834e-07
0.000439721
-1.7335e-06
8.57994e-07
0.000439765
8.97058e-07
0.00043981
-2.14965e-06
1.78135e-06
4.32011e-07
0.000439795
-2.20964e-06
1.34783e-06
4.20936e-07
0.000439738
9.09281e-07
4.17285e-07
0.000439689
4.62166e-07
4.27861e-07
0.000439655
1.78539e-08
4.28715e-07
0.000439637
-4.35434e-07
4.37497e-07
0.000439637
-8.8128e-07
4.32237e-07
0.000439655
-1.31978e-06
4.39503e-07
0.000439689
-1.75101e-06
4.17493e-07
0.00043974
4.32532e-07
0.000439795
-2.15181e-06
1.7708e-06
-7.52882e-09
0.000439785
-2.19873e-06
1.33605e-06
-1.81758e-08
0.000439726
8.99053e-07
-2.18269e-08
0.000439675
4.57757e-07
-7.06578e-09
0.000439638
8.80093e-09
1.47789e-09
0.00043962
-4.39995e-07
1.02503e-08
0.000439619
-8.83888e-07
5.5349e-10
0.000439637
-1.32265e-06
3.42052e-09
0.000439673
-1.75384e-06
-2.44838e-08
0.000439725
-2.68388e-08
0.000439787
-2.1625e-06
1.75883e-06
-4.35929e-07
0.000439786
-2.19846e-06
1.32406e-06
-4.57894e-07
0.000439726
8.86789e-07
-4.60491e-07
0.000439675
4.48987e-07
-4.45649e-07
0.000439639
-2.83723e-09
-4.23333e-07
0.00043962
-4.47275e-07
-4.21848e-07
0.00043962
-8.84294e-07
-4.38135e-07
0.000439638
-1.31897e-06
-4.36917e-07
0.000439673
-1.74482e-06
-4.71626e-07
0.000439726
-4.68497e-07
0.000439788
-2.17184e-06
1.74922e-06
-8.60735e-07
0.000439796
-2.19077e-06
1.31611e-06
-8.97571e-07
0.000439741
8.7627e-07
-8.95691e-07
0.000439693
4.3309e-07
-8.78213e-07
0.000439657
-1.41329e-08
-8.51989e-07
0.000439638
-4.55041e-07
-8.56727e-07
0.000439638
-8.93249e-07
-8.75743e-07
0.000439656
-1.31627e-06
-8.88223e-07
0.000439691
-1.73989e-06
-9.19609e-07
0.000439741
-9.01863e-07
0.000439798
-2.17352e-06
1.7567e-06
-1.31354e-06
0.000439812
-2.1656e-06
1.314e-06
-1.32414e-06
0.000439768
8.60155e-07
-1.31491e-06
0.000439724
4.1255e-07
-1.30487e-06
0.000439691
-2.6522e-08
-1.28752e-06
0.000439674
-4.66246e-07
-1.29151e-06
0.000439674
-9.08751e-07
-1.30713e-06
0.000439691
-1.33378e-06
-1.33563e-06
0.000439724
-1.75488e-06
-1.36726e-06
0.000439768
-1.3532e-06
0.000439814
-2.16647e-06
1.77123e-06
-1.75827e-06
0.000439826
-2.17774e-06
1.31119e-06
-1.72709e-06
0.000439799
8.40821e-07
-1.71405e-06
0.000439766
3.90207e-07
-1.72626e-06
0.00043974
-3.74075e-08
-1.7322e-06
0.000439725
-4.79552e-07
-1.72137e-06
0.000439724
-9.23032e-07
-1.73438e-06
0.000439739
-1.36342e-06
-1.76326e-06
0.000439767
-1.79619e-06
-1.79774e-06
0.000439801
-1.80879e-06
0.000439829
-2.19455e-06
1.73954e-06
0.000439811
-2.15639e-06
-2.17638e-06
1.27617e-06
0.000439823
-2.11655e-06
8.18307e-07
0.000439809
-2.11731e-06
3.64426e-07
0.000439795
-2.13831e-06
-5.8102e-08
0.000439785
-2.17726e-06
-4.96456e-07
0.000439784
-2.15072e-06
-9.35422e-07
0.000439795
-2.16126e-06
-1.37422e-06
0.000439812
-2.1851e-06
-1.81615e-06
0.000439827
-2.20908e-06
0.000439815
-2.25577e-06
-2.20615e-06
1.8035e-06
1.68217e-06
0.000440636
-2.10627e-06
-2.20311e-06
1.38425e-06
1.69818e-06
0.000440668
-2.12015e-06
9.43817e-07
1.69459e-06
0.000440664
-2.10469e-06
4.97023e-07
1.70071e-06
0.000440652
-2.10911e-06
5.12337e-08
1.71449e-06
0.000440643
-2.12617e-06
-3.8692e-07
1.73248e-06
0.000440642
-2.1513e-06
-8.25045e-07
1.71846e-06
0.000440651
-2.13495e-06
-1.24464e-06
1.70575e-06
0.000440663
-2.13665e-06
-1.65257e-06
1.74037e-06
0.000440665
-2.17419e-06
1.76502e-06
0.000440632
-2.18191e-06
-2.05884e-06
1.80031e-06
1.26411e-06
0.000440668
-2.2245e-06
1.36921e-06
1.27577e-06
0.000440651
9.27625e-07
1.2766e-06
0.000440624
4.83516e-07
1.28239e-06
0.000440601
3.50404e-08
1.29916e-06
0.000440588
-4.04863e-07
1.30914e-06
0.000440588
-8.53126e-07
1.30446e-06
0.000440601
-1.29816e-06
1.2905e-06
0.000440625
-1.70683e-06
1.295e-06
0.00044065
1.33622e-06
0.000440664
-2.11863e-06
1.78256e-06
8.45281e-07
0.000440664
-2.21556e-06
1.3544e-06
8.4307e-07
0.000440625
9.17333e-07
8.4827e-07
0.000440586
4.73179e-07
8.59061e-07
0.000440557
2.80926e-08
8.76403e-07
0.00044054
-4.16927e-07
8.87196e-07
0.00044054
-8.62597e-07
8.83763e-07
0.000440555
-1.31263e-06
8.75837e-07
0.000440586
-1.72649e-06
8.4847e-07
0.000440626
8.86153e-07
0.000440661
-2.1275e-06
1.76747e-06
4.20044e-07
0.000440652
-2.19886e-06
1.34389e-06
4.01987e-07
0.000440603
9.11947e-07
4.11988e-07
0.000440558
4.65901e-07
4.35592e-07
0.000440524
2.21138e-08
4.50666e-07
0.000440507
-4.22542e-07
4.62822e-07
0.000440506
-8.67623e-07
4.6061e-07
0.000440523
-1.31148e-06
4.52072e-07
0.000440557
-1.74163e-06
4.14554e-07
0.000440604
4.1319e-07
0.000440651
-2.12528e-06
1.76262e-06
-1.67874e-08
0.000440644
-2.18471e-06
1.33901e-06
-4.02906e-08
0.000440591
9.02622e-07
-2.04492e-08
0.000440543
4.58547e-07
9.93924e-09
0.000440508
1.39737e-08
2.53671e-08
0.00044049
-4.28504e-07
3.51207e-08
0.000440489
-8.71122e-07
3.38563e-08
0.000440506
-1.3113e-06
2.39064e-08
0.000440541
-1.74546e-06
-1.70758e-08
0.000440591
-5.95458e-08
0.000440646
-2.1319e-06
1.76075e-06
-4.49484e-07
0.000440646
-2.18727e-06
1.33098e-06
-4.76973e-07
0.000440592
8.9261e-07
-4.50857e-07
0.000440543
4.51574e-07
-4.18466e-07
0.000440508
4.61505e-09
-3.97878e-07
0.00044049
-4.39441e-07
-3.91011e-07
0.00044049
-8.7495e-07
-3.99729e-07
0.000440507
-1.31036e-06
-4.08696e-07
0.000440541
-1.73858e-06
-4.53646e-07
0.000440591
-5.14106e-07
0.000440647
-2.14307e-06
1.7614e-06
-8.71899e-07
0.000440653
-2.1966e-06
1.32152e-06
-9.01306e-07
0.000440606
8.83072e-07
-8.79093e-07
0.000440559
4.42021e-07
-8.45295e-07
0.000440525
-3.1286e-09
-8.21502e-07
0.000440507
-4.46334e-07
-8.1645e-07
0.000440507
-8.82726e-07
-8.31269e-07
0.000440524
-1.30893e-06
-8.49161e-07
0.000440557
-1.73254e-06
-8.93352e-07
0.000440604
-9.58478e-07
0.000440656
-2.1459e-06
1.75655e-06
-1.2947e-06
0.000440664
-2.18537e-06
1.30956e-06
-1.31446e-06
0.000440628
8.61741e-07
-1.2953e-06
0.000440588
4.23713e-07
-1.27344e-06
0.000440558
-1.28933e-08
-1.25193e-06
0.000440541
-4.4913e-07
-1.2469e-06
0.000440541
-8.86377e-07
-1.25965e-06
0.000440557
-1.31159e-06
-1.28744e-06
0.000440587
-1.72508e-06
-1.33943e-06
0.000440627
-1.40842e-06
0.000440667
-2.12867e-06
1.75174e-06
-1.71022e-06
0.000440666
-2.17628e-06
1.29812e-06
-1.71412e-06
0.000440652
8.34732e-07
-1.69199e-06
0.000440626
3.93575e-07
-1.69515e-06
0.000440603
-2.86597e-08
-1.69381e-06
0.000440589
-4.57221e-07
-1.68228e-06
0.000440588
-8.83916e-07
-1.69549e-06
0.000440602
-1.31558e-06
-1.71467e-06
0.000440626
-1.72809e-06
-1.77989e-06
0.000440654
-1.84633e-06
0.000440672
-2.13318e-06
1.71907e-06
0.000440634
-2.10564e-06
-2.14588e-06
1.26754e-06
0.000440666
-2.10496e-06
8.09029e-07
0.000440661
-2.08558e-06
3.61278e-07
0.000440651
-2.1034e-06
-5.00309e-08
0.000440644
-2.14097e-06
-4.69191e-07
0.000440643
-2.12257e-06
-8.90833e-07
0.000440652
-2.13129e-06
-1.30575e-06
0.000440663
-2.15156e-06
-1.72616e-06
0.00044067
-2.20216e-06
0.000440639
-2.15396e-06
-2.24236e-06
1.80131e-06
1.65543e-06
0.000441447
-2.07048e-06
-2.19722e-06
1.3889e-06
1.68839e-06
0.000441498
-2.10677e-06
9.53135e-07
1.69682e-06
0.000441505
-2.10238e-06
5.00987e-07
1.70444e-06
0.000441499
-2.09924e-06
4.4449e-08
1.71312e-06
0.000441493
-2.10603e-06
-4.04009e-07
1.74112e-06
0.000441492
-2.14249e-06
-8.5079e-07
1.7283e-06
0.000441498
-2.12862e-06
-1.25729e-06
1.69321e-06
0.000441505
-2.12903e-06
-1.64468e-06
1.69544e-06
0.000441498
-2.14132e-06
1.73396e-06
0.000441445
-2.15527e-06
-2.03643e-06
1.76963e-06
1.24075e-06
0.000441499
-2.18628e-06
1.35107e-06
1.26184e-06
0.000441496
9.19485e-07
1.27591e-06
0.000441477
4.81886e-07
1.28601e-06
0.000441457
3.57323e-08
1.30149e-06
0.000441446
-4.07082e-07
1.32649e-06
0.000441445
-8.5031e-07
1.31511e-06
0.000441457
-1.28349e-06
1.27329e-06
0.000441478
-1.68667e-06
1.25208e-06
0.000441497
1.30297e-06
0.000441497
-2.08816e-06
1.74651e-06
8.26135e-07
0.000441506
-2.17449e-06
1.32752e-06
8.27633e-07
0.000441478
9.01576e-07
8.4312e-07
0.000441445
4.66895e-07
8.59355e-07
0.000441418
2.77949e-08
8.78098e-07
0.000441403
-4.09021e-07
9.01226e-07
0.000441402
-8.50033e-07
8.95127e-07
0.000441416
-1.28977e-06
8.54236e-07
0.000441444
-1.70699e-06
8.15928e-07
0.000441479
8.53889e-07
0.000441505
-2.10126e-06
1.73739e-06
4.04774e-07
0.0004415
-2.16433e-06
1.32018e-06
3.87794e-07
0.00044146
8.95935e-07
4.05933e-07
0.000441419
4.56538e-07
4.35287e-07
0.000441388
1.73399e-08
4.53038e-07
0.000441371
-4.12543e-07
4.67034e-07
0.00044137
-8.50858e-07
4.70393e-07
0.000441386
-1.29394e-06
4.3546e-07
0.000441419
-1.72343e-06
3.8824e-07
0.000441461
3.86366e-07
0.0004415
-2.10464e-06
1.74123e-06
-2.90383e-08
0.000441495
-2.15792e-06
1.32342e-06
-5.19266e-08
0.000441449
8.92113e-07
-2.40574e-08
0.000441405
4.49965e-07
1.41276e-08
0.000441371
1.29252e-08
2.59047e-08
0.000441354
-4.17531e-07
3.27088e-08
0.000441354
-8.52586e-07
4.14815e-08
0.00044137
-1.29677e-06
1.72315e-08
0.000441404
-1.73037e-06
-3.69904e-08
0.00044145
-8.85015e-08
0.000441497
-2.10596e-06
1.74573e-06
-4.63046e-07
0.000441496
-2.16186e-06
1.32339e-06
-4.87195e-07
0.00044145
8.86112e-07
-4.48219e-07
0.000441405
4.4809e-07
-4.10637e-07
0.000441371
9.41358e-09
-3.99354e-07
0.000441354
-4.29061e-07
-3.92919e-07
0.000441354
-8.61612e-07
-3.89122e-07
0.00044137
-1.29896e-06
-4.07159e-07
0.000441403
-1.73191e-06
-4.61611e-07
0.000441448
-5.55965e-07
0.000441497
-2.11426e-06
1.74827e-06
-8.75684e-07
0.000441501
-2.18325e-06
1.31362e-06
-9.07752e-07
0.000441461
8.77471e-07
-8.70934e-07
0.000441418
4.44641e-07
-8.38911e-07
0.000441386
4.22079e-09
-8.21231e-07
0.000441369
-4.35054e-07
-8.15991e-07
0.000441369
-8.66966e-07
-8.1841e-07
0.000441386
-1.301e-06
-8.32696e-07
0.000441417
-1.73096e-06
-8.87096e-07
0.000441459
-1.0094e-06
0.000441504
-2.12587e-06
1.74126e-06
-1.26701e-06
0.000441504
-2.19043e-06
1.2965e-06
-1.31351e-06
0.000441478
8.62676e-07
-1.29276e-06
0.000441444
4.30076e-07
-1.26528e-06
0.000441416
-2.02404e-09
-1.24922e-06
0.000441401
-4.31995e-07
-1.24609e-06
0.000441401
-8.59532e-07
-1.24962e-06
0.000441416
-1.28624e-06
-1.26169e-06
0.000441443
-1.70705e-06
-1.31724e-06
0.000441478
-1.44509e-06
0.000441511
-2.11439e-06
1.7293e-06
-1.65612e-06
0.000441495
-2.16949e-06
1.28034e-06
-1.7078e-06
0.000441496
8.40742e-07
-1.70412e-06
0.000441477
4.06057e-07
-1.68467e-06
0.000441457
-1.35339e-08
-1.68585e-06
0.000441445
-4.29867e-07
-1.68622e-06
0.000441445
-8.43783e-07
-1.69046e-06
0.000441456
-1.26129e-06
-1.69476e-06
0.000441476
-1.66752e-06
-1.75401e-06
0.000441497
-1.85982e-06
0.000441503
-2.08394e-06
1.71109e-06
0.000441443
-2.05751e-06
-2.11883e-06
1.27144e-06
0.000441497
-2.09908e-06
8.23014e-07
0.000441504
-2.09786e-06
3.90756e-07
0.000441497
-2.09858e-06
-2.45864e-08
0.000441493
-2.11954e-06
-4.33936e-07
0.000441494
-2.12704e-06
-8.42114e-07
0.0004415
-2.13004e-06
-1.24032e-06
0.000441506
-2.13916e-06
-1.64284e-06
0.000441501
-2.18282e-06
0.00044145
-2.05569e-06
-2.2577e-06
1.75638e-06
1.65383e-06
0.000442248
-2.0567e-06
-2.15421e-06
1.3499e-06
1.67537e-06
0.000442321
-2.09154e-06
9.25778e-07
1.69694e-06
0.00044234
-2.10735e-06
4.77348e-07
1.70156e-06
0.00044234
-2.0941e-06
2.16881e-08
1.69988e-06
0.000442337
-2.08811e-06
-4.36035e-07
1.72162e-06
0.000442337
-2.10862e-06
-8.82765e-07
1.71059e-06
0.000442339
-2.10568e-06
-1.28048e-06
1.67596e-06
0.000442341
-2.11367e-06
-1.66422e-06
1.6401e-06
0.000442324
-2.08155e-06
1.6441e-06
0.000442249
-2.06313e-06
-2.04921e-06
1.71558e-06
1.23529e-06
0.000442321
-2.11961e-06
1.3071e-06
1.24591e-06
0.000442334
8.90585e-07
1.26683e-06
0.000442324
4.60661e-07
1.28034e-06
0.000442308
2.27452e-08
1.28437e-06
0.000442299
-4.15982e-07
1.30704e-06
0.000442298
-8.50761e-07
1.29348e-06
0.000442309
-1.26304e-06
1.24115e-06
0.000442325
-1.65961e-06
1.19747e-06
0.000442336
1.21888e-06
0.000442321
-2.0593e-06
1.69989e-06
8.09469e-07
0.000442341
-2.10848e-06
1.28798e-06
8.11765e-07
0.000442324
8.71365e-07
8.30826e-07
0.000442298
4.48089e-07
8.47619e-07
0.000442274
1.8491e-08
8.5623e-07
0.000442261
-4.06055e-07
8.73495e-07
0.00044226
-8.37843e-07
8.68666e-07
0.000442273
-1.26087e-06
8.10711e-07
0.000442298
-1.67375e-06
7.63606e-07
0.000442326
7.85371e-07
0.000442341
-2.07669e-06
1.70234e-06
3.81539e-07
0.000442341
-2.11516e-06
1.28722e-06
3.7707e-07
0.00044231
8.67888e-07
3.95163e-07
0.000442274
4.39843e-07
4.17834e-07
0.000442246
1.08609e-08
4.25934e-07
0.00044223
-4.08144e-07
4.3283e-07
0.00044223
-8.34741e-07
4.36953e-07
0.000442245
-1.26783e-06
3.88021e-07
0.000442275
-1.69402e-06
3.39341e-07
0.000442311
3.41482e-07
0.000442341
-2.09141e-06
1.70923e-06
-4.72956e-08
0.000442337
-2.12306e-06
1.29423e-06
-5.80475e-08
0.000442299
8.71678e-07
-3.69457e-08
0.000442259
4.38928e-07
-7.05033e-09
0.000442229
1.14764e-08
-5.67123e-09
0.000442213
-4.0949e-07
-5.72329e-09
0.000442214
-8.36342e-07
4.88463e-09
0.000442229
-1.27377e-06
-3.13084e-08
0.00044226
-1.70605e-06
-7.9891e-08
0.000442301
-1.17248e-07
0.000442339
-2.08932e-06
1.71299e-06
-4.68308e-07
0.000442337
-2.13332e-06
1.2974e-06
-4.91743e-07
0.000442299
8.70785e-07
-4.64343e-07
0.000442259
4.42268e-07
-4.35521e-07
0.000442228
1.3873e-08
-4.3551e-07
0.000442212
-4.15994e-07
-4.34354e-07
0.000442213
-8.44424e-07
-4.24356e-07
0.000442228
-1.28009e-06
-4.51491e-07
0.000442259
-1.71213e-06
-4.98668e-07
0.000442299
-5.85795e-07
0.000442338
-2.08501e-06
1.71478e-06
-8.66952e-07
0.000442338
-2.15377e-06
1.28815e-06
-9.11658e-07
0.000442307
8.62119e-07
-8.9021e-07
0.00044227
4.42277e-07
-8.70995e-07
0.000442242
9.77289e-09
-8.59934e-07
0.000442226
-4.22381e-07
-8.59263e-07
0.000442226
-8.48252e-07
-8.54353e-07
0.000442241
-1.28269e-06
-8.70351e-07
0.00044227
-1.71068e-06
-9.18534e-07
0.000442307
-1.04317e-06
0.000442343
-2.09183e-06
1.70716e-06
-1.24574e-06
0.000442335
-2.1589e-06
1.27347e-06
-1.31939e-06
0.00044232
8.56303e-07
-1.32143e-06
0.000442292
4.31537e-07
-1.29854e-06
0.000442269
4.05645e-09
-1.28638e-06
0.000442255
-4.19495e-07
-1.2898e-06
0.000442255
-8.39671e-07
-1.28668e-06
0.000442268
-1.2633e-06
-1.29557e-06
0.000442292
-1.68538e-06
-1.33889e-06
0.000442321
-1.46079e-06
0.000442343
-2.09988e-06
1.69253e-06
-1.6347e-06
0.000442314
-2.1223e-06
1.26313e-06
-1.7233e-06
0.000442329
8.45722e-07
-1.74595e-06
0.000442319
4.17993e-07
-1.71694e-06
0.000442303
-1.27921e-09
-1.71578e-06
0.000442294
-4.12501e-07
-1.72765e-06
0.000442294
-8.21676e-07
-1.72461e-06
0.000442304
-1.22849e-06
-1.73101e-06
0.000442319
-1.63426e-06
-1.76642e-06
0.00044233
-1.85182e-06
0.000442322
-2.06184e-06
1.71182e-06
0.000442239
-2.04878e-06
-2.09445e-06
1.28321e-06
0.000442316
-2.11393e-06
8.48407e-07
0.000442335
-2.14251e-06
4.27778e-07
0.000442333
-2.133e-06
2.43628e-09
0.000442332
-2.12961e-06
-4.05962e-07
0.000442333
-2.15906e-06
-8.08481e-07
0.000442337
-2.15932e-06
-1.20565e-06
0.000442338
-2.166e-06
-1.60234e-06
0.00044232
-2.18908e-06
0.000442247
-2.00588e-06
-2.24549e-06
1.69309e-06
1.59719e-06
0.000443043
-1.98825e-06
-2.09784e-06
1.28444e-06
1.62179e-06
0.00044314
-2.03214e-06
8.71368e-07
1.64613e-06
0.000443171
-2.06486e-06
4.41628e-07
1.64251e-06
0.000443178
-2.05159e-06
-4.59376e-11
1.62687e-06
0.000443179
-2.02738e-06
-4.53229e-07
1.63641e-06
0.00044318
-2.02645e-06
-8.90239e-07
1.62998e-06
0.000443179
-2.03253e-06
-1.29397e-06
1.61234e-06
0.000443173
-2.04071e-06
-1.68499e-06
1.54871e-06
0.000443144
-1.978e-06
1.50719e-06
0.000443047
-1.9213e-06
-2.06853e-06
1.66527e-06
1.18027e-06
0.000443139
-2.06588e-06
1.26123e-06
1.19228e-06
0.000443167
8.54278e-07
1.20991e-06
0.000443167
4.35467e-07
1.21251e-06
0.000443157
8.12343e-09
1.20292e-06
0.00044315
-4.22367e-07
1.21521e-06
0.00044315
-8.4477e-07
1.20374e-06
0.000443157
-1.24035e-06
1.16478e-06
0.000443168
-1.64042e-06
1.11466e-06
0.00044317
1.08877e-06
0.000443141
-2.04192e-06
1.66181e-06
7.47888e-07
0.000443169
-2.05787e-06
1.25477e-06
7.58348e-07
0.000443165
8.44408e-07
7.71941e-07
0.000443146
4.29469e-07
7.74995e-07
0.000443127
8.82938e-09
7.68924e-07
0.000443115
-4.03557e-07
7.72363e-07
0.000443115
-8.25113e-07
7.71879e-07
0.000443126
-1.23341e-06
7.24e-07
0.000443147
-1.6428e-06
6.82856e-07
0.000443167
6.73442e-07
0.000443171
-2.0577e-06
1.67519e-06
3.12475e-07
0.000443175
-2.07417e-06
1.26217e-06
3.27372e-07
0.000443154
8.45004e-07
3.39172e-07
0.000443124
4.26345e-07
3.40224e-07
0.000443099
8.02946e-09
3.31981e-07
0.000443086
-4.03715e-07
3.28282e-07
0.000443086
-8.19487e-07
3.33377e-07
0.000443099
-1.23867e-06
2.92745e-07
0.000443125
-1.65966e-06
2.59311e-07
0.000443156
2.58513e-07
0.000443176
-2.07973e-06
1.68353e-06
-1.11482e-07
0.000443173
-2.09511e-06
1.27027e-06
-1.03379e-07
0.000443143
8.50572e-07
-9.04049e-08
0.000443109
4.30711e-07
-9.29356e-08
0.000443082
1.31318e-08
-1.05098e-07
0.000443068
-4.01876e-07
-1.11498e-07
0.000443068
-8.19995e-07
-1.02501e-07
0.000443083
-1.24602e-06
-1.32266e-07
0.000443111
-1.67392e-06
-1.57328e-07
0.000443146
-1.74178e-07
0.000443173
-2.07603e-06
1.68241e-06
-5.2e-07
0.00044317
-2.10722e-06
1.27201e-06
-5.3466e-07
0.000443141
8.56827e-07
-5.22531e-07
0.000443106
4.3962e-07
-5.27213e-07
0.000443079
2.0029e-08
-5.38318e-07
0.000443065
-4.01055e-07
-5.43402e-07
0.000443065
-8.23199e-07
-5.32819e-07
0.00044308
-1.25393e-06
-5.51095e-07
0.000443109
-1.68343e-06
-5.71691e-07
0.000443143
-6.27747e-07
0.000443172
-2.06346e-06
1.68092e-06
-9.10662e-07
0.000443166
-2.11815e-06
1.266e-06
-9.57643e-07
0.000443145
8.59494e-07
-9.61088e-07
0.000443115
4.44969e-07
-9.61703e-07
0.000443091
1.91419e-08
-9.63219e-07
0.000443077
-4.05654e-07
-9.69588e-07
0.000443077
-8.25242e-07
-9.63029e-07
0.000443091
-1.2548e-06
-9.68011e-07
0.000443117
-1.67857e-06
-9.87865e-07
0.000443147
-1.08436e-06
0.000443171
-2.05003e-06
1.67282e-06
-1.28967e-06
0.000443155
-2.11401e-06
1.26047e-06
-1.37725e-06
0.000443152
8.61254e-07
-1.40188e-06
0.000443132
4.41801e-07
-1.3865e-06
0.000443113
1.45932e-08
-1.38257e-06
0.000443101
-4.07614e-07
-1.39429e-06
0.000443102
-8.24906e-07
-1.3909e-06
0.000443113
-1.24213e-06
-1.39128e-06
0.000443132
-1.65645e-06
-1.40626e-06
0.000443153
-1.4969e-06
0.000443162
-2.06334e-06
1.6624e-06
-1.69486e-06
0.000443121
-2.06383e-06
1.25842e-06
-1.79515e-06
0.000443151
8.58667e-07
-1.83314e-06
0.00044315
4.37647e-07
-1.80198e-06
0.000443139
1.13019e-08
-1.79565e-06
0.000443133
-4.04743e-07
-1.81807e-06
0.000443134
-8.17527e-07
-1.81574e-06
0.000443141
-1.21588e-06
-1.82482e-06
0.00044315
-1.61539e-06
-1.82845e-06
0.000443152
-1.87673e-06
0.000443127
-2.04049e-06
1.69705e-06
0.000443022
-2.11934e-06
-2.05542e-06
1.28663e-06
0.000443121
-2.18978e-06
8.70095e-07
0.000443153
-2.23493e-06
4.5161e-07
0.000443158
-2.20821e-06
1.88249e-08
0.000443159
-2.18996e-06
-3.96164e-07
0.000443161
-2.23023e-06
-8.05586e-07
0.000443162
-2.23082e-06
-1.2133e-06
0.000443157
-2.2354e-06
-1.60675e-06
0.000443125
-2.23941e-06
0.000443028
-1.99065e-06
-2.27368e-06
1.63629e-06
1.47054e-06
0.000443835
-1.86181e-06
-2.03685e-06
1.22342e-06
1.50661e-06
0.000443957
-1.91086e-06
8.16388e-07
1.52145e-06
0.000444002
-1.94514e-06
4.0809e-07
1.51385e-06
0.000444017
-1.94411e-06
-1.16512e-08
1.49231e-06
0.000444021
-1.91439e-06
-4.36674e-07
1.47921e-06
0.000444022
-1.89669e-06
-8.57628e-07
1.50663e-06
0.000444017
-1.92388e-06
-1.26321e-06
1.49595e-06
0.000444003
-1.92046e-06
-1.65887e-06
1.43721e-06
0.00044396
-1.85813e-06
1.36681e-06
0.000443839
-1.78007e-06
-2.03755e-06
1.63102e-06
1.06559e-06
0.000443953
-2.0397e-06
1.22586e-06
1.0813e-06
0.000443998
8.20395e-07
1.08639e-06
0.000444007
4.11901e-07
1.07539e-06
0.000444004
-5.37127e-10
1.05506e-06
0.000444
-4.20255e-07
1.04873e-06
0.000444
-8.25149e-07
1.06541e-06
0.000444004
-1.21713e-06
1.04825e-06
0.000444008
-1.6221e-06
1.0125e-06
0.000444
9.56847e-07
0.000443956
-2.02692e-06
1.64094e-06
6.39292e-07
0.000443993
-2.03829e-06
1.23354e-06
6.51941e-07
0.000444002
8.24377e-07
6.5085e-07
0.000443991
4.15285e-07
6.3519e-07
0.000443976
3.93745e-09
6.14666e-07
0.000443967
-4.06861e-07
6.07262e-07
0.000443967
-8.10121e-07
6.18442e-07
0.000443977
-1.2123e-06
6.05436e-07
0.000443992
-1.62059e-06
5.84316e-07
0.000444004
5.51102e-07
0.000443996
-2.039e-06
1.66138e-06
2.01331e-07
0.000444003
-2.0518e-06
1.24672e-06
2.27963e-07
0.000443992
8.29078e-07
2.23274e-07
0.000443969
4.19027e-07
1.96054e-07
0.000443948
8.32395e-09
1.74247e-07
0.000443937
-4.01081e-07
1.64927e-07
0.000443937
-8.06023e-07
1.72991e-07
0.000443949
-1.21174e-06
1.65432e-07
0.000443971
-1.62804e-06
1.61834e-07
0.000443995
1.49278e-07
0.000444005
-2.05512e-06
1.66776e-06
-2.21689e-07
0.000444001
-2.07347e-06
1.25272e-06
-1.95215e-07
0.000443981
8.36438e-07
-2.04572e-07
0.000443953
4.26205e-07
-2.41802e-07
0.00044393
1.47039e-08
-2.63849e-07
0.000443917
-3.97531e-07
-2.72319e-07
0.000443918
-8.04549e-07
-2.68611e-07
0.000443932
-1.21437e-06
-2.69792e-07
0.000443957
-1.63296e-06
-2.57753e-07
0.000443984
-2.57969e-07
0.000444002
-2.05387e-06
1.65873e-06
-6.2479e-07
0.000443996
-2.08105e-06
1.25085e-06
-6.21954e-07
0.000443976
8.47728e-07
-6.42478e-07
0.000443947
4.36294e-07
-6.75394e-07
0.000443924
2.2421e-08
-6.96246e-07
0.000443911
-3.9029e-07
-7.06026e-07
0.000443912
-8.02939e-07
-7.01958e-07
0.000443926
-1.2218e-06
-6.93401e-07
0.000443951
-1.63767e-06
-6.77983e-07
0.000443979
-6.78949e-07
0.000443997
-2.042e-06
1.65075e-06
-1.01942e-06
0.000443985
-2.07469e-06
1.2517e-06
-1.05206e-06
0.000443974
8.57002e-07
-1.08472e-06
0.000443952
4.43472e-07
-1.10276e-06
0.000443931
2.49587e-08
-1.12042e-06
0.00044392
-3.89326e-07
-1.13472e-06
0.00044392
-8.01346e-07
-1.13166e-06
0.000443933
-1.22095e-06
-1.11175e-06
0.000443955
-1.63531e-06
-1.09441e-06
0.000443978
-1.11103e-06
0.000443988
-2.02062e-06
1.64643e-06
-1.42026e-06
0.000443964
-2.05477e-06
1.25751e-06
-1.48436e-06
0.000443973
8.64508e-07
-1.52145e-06
0.000443962
4.4661e-07
-1.51921e-06
0.000443947
2.24731e-08
-1.53329e-06
0.000443938
-3.97364e-07
-1.5522e-06
0.000443939
-8.10372e-07
-1.55416e-06
0.000443949
-1.22095e-06
-1.53166e-06
0.000443963
-1.62894e-06
-1.50826e-06
0.000443975
-1.52777e-06
0.000443968
-2.01841e-06
1.64275e-06
-1.84478e-06
0.000443914
-2.01174e-06
1.25674e-06
-1.90703e-06
0.00044396
8.70067e-07
-1.95323e-06
0.000443969
4.52069e-07
-1.92612e-06
0.000443964
2.04455e-08
-1.92948e-06
0.000443961
-4.06003e-07
-1.95365e-06
0.000443962
-8.25692e-07
-1.96e-06
0.000443967
-1.22077e-06
-1.95621e-06
0.00044397
-1.61828e-06
-1.91923e-06
0.00044396
-1.91948e-06
0.000443917
-2.01681e-06
1.66717e-06
0.000443789
-2.26771e-06
-2.01066e-06
1.27709e-06
0.00044391
-2.30627e-06
8.78408e-07
0.000443956
-2.35749e-06
4.623e-07
0.000443969
-2.32067e-06
2.61001e-08
0.000443972
-2.30649e-06
-4.00615e-07
0.000443973
-2.33957e-06
-8.23041e-07
0.000443971
-2.34708e-06
-1.23377e-06
0.000443959
-2.34747e-06
-1.62166e-06
0.000443912
-2.31903e-06
0.000443791
-1.99175e-06
-2.31216e-06
1.61443e-06
1.11209e-06
0.000444643
-1.53484e-06
-1.9994e-06
1.19915e-06
1.11797e-06
0.000444793
-1.53818e-06
7.83497e-07
1.12719e-06
0.000444852
-1.56158e-06
3.82449e-07
1.11451e-06
0.000444876
-1.57224e-06
-1.73193e-08
1.09752e-06
0.000444883
-1.55969e-06
-4.2277e-07
1.07125e-06
0.000444884
-1.52763e-06
-8.25117e-07
1.12004e-06
0.000444875
-1.57559e-06
-1.2321e-06
1.13322e-06
0.000444852
-1.57501e-06
-1.63064e-06
1.0925e-06
0.000444794
-1.52736e-06
1.03509e-06
0.000444645
-1.47961e-06
-1.99227e-06
1.64077e-06
6.94092e-07
0.000444779
-2.04903e-06
1.22274e-06
6.92255e-07
0.000444842
8.07615e-07
6.87695e-07
0.000444862
3.96582e-07
6.64366e-07
0.000444865
-8.87146e-09
6.38644e-07
0.000444864
-4.23651e-07
6.21442e-07
0.000444865
-8.2073e-07
6.55626e-07
0.000444865
-1.21362e-06
6.72149e-07
0.000444862
-1.62525e-06
6.61522e-07
0.000444842
6.11581e-07
0.000444782
-2.02711e-06
1.65801e-06
2.57629e-07
0.000444824
-2.05327e-06
1.23984e-06
2.65219e-07
0.000444847
8.23657e-07
2.50199e-07
0.000444844
4.10109e-07
2.19285e-07
0.000444834
-2.92794e-09
1.90745e-07
0.000444828
-4.15923e-07
1.7315e-07
0.000444829
-8.10495e-07
1.90729e-07
0.000444836
-1.20569e-06
2.1331e-07
0.000444846
-1.6158e-06
2.26719e-07
0.000444848
1.95544e-07
0.000444827
-2.03086e-06
1.66731e-06
-1.85538e-07
0.000444834
-2.05485e-06
1.24852e-06
-1.5833e-07
0.000444835
8.27837e-07
-1.78444e-07
0.000444819
4.19459e-07
-2.25725e-07
0.000444802
8.9657e-09
-2.53961e-07
0.000444792
-4.0466e-07
-2.68798e-07
0.000444793
-8.03896e-07
-2.64453e-07
0.000444804
-1.20002e-06
-2.40228e-07
0.000444821
-1.60627e-06
-2.0899e-07
0.000444837
-2.14304e-07
0.000444836
-2.02713e-06
1.65788e-06
-6.13286e-07
0.000444827
-2.056e-06
1.24398e-06
-5.81328e-07
0.000444818
8.30852e-07
-6.08596e-07
0.000444796
4.25501e-07
-6.67147e-07
0.000444777
1.68327e-08
-6.93395e-07
0.000444765
-3.95953e-07
-7.0382e-07
0.000444766
-7.98231e-07
-7.08908e-07
0.000444779
-1.1963e-06
-6.85046e-07
0.000444799
-1.6e-06
-6.4166e-07
0.00044482
-6.15589e-07
0.000444827
-2.0246e-06
1.63999e-06
-1.01651e-06
0.000444813
-2.05373e-06
1.23372e-06
-1.00258e-06
0.000444803
8.371e-07
-1.04609e-06
0.000444781
4.30195e-07
-1.09807e-06
0.000444762
2.23948e-08
-1.12462e-06
0.00044475
-3.8335e-07
-1.13715e-06
0.000444751
-7.89437e-07
-1.14093e-06
0.000444764
-1.19531e-06
-1.11361e-06
0.000444785
-1.59759e-06
-1.06704e-06
0.000444807
-1.01338e-06
0.000444813
-2.01552e-06
1.61969e-06
-1.41251e-06
0.000444789
-2.02823e-06
1.23e-06
-1.42872e-06
0.00044479
8.42715e-07
-1.48197e-06
0.000444775
4.34396e-07
-1.51692e-06
0.000444759
2.64379e-08
-1.54589e-06
0.000444749
-3.78704e-07
-1.56138e-06
0.00044475
-7.84385e-07
-1.56314e-06
0.000444761
-1.19117e-06
-1.53073e-06
0.000444778
-1.5915e-06
-1.483e-06
0.000444794
-1.4113e-06
0.000444791
-1.99603e-06
1.60792e-06
-1.82722e-06
0.000444752
-1.98131e-06
1.23834e-06
-1.86057e-06
0.000444774
8.49897e-07
-1.90345e-06
0.000444772
4.40986e-07
-1.92262e-06
0.000444762
2.50509e-08
-1.94725e-06
0.000444756
-3.89402e-07
-1.96434e-06
0.000444757
-7.98383e-07
-1.96968e-06
0.000444764
-1.19871e-06
-1.9415e-06
0.000444774
-1.59537e-06
-1.88825e-06
0.000444777
-1.81472e-06
0.000444753
-1.97712e-06
1.60902e-06
-2.25156e-06
0.00044468
-1.951e-06
1.24456e-06
-2.27829e-06
0.000444742
8.6121e-07
-2.3128e-06
0.000444761
4.50585e-07
-2.31163e-06
0.000444764
2.17321e-08
-2.32055e-06
0.000444763
-4.06283e-07
-2.33834e-06
0.000444764
-8.26932e-07
-2.34841e-06
0.000444766
-1.22596e-06
-2.33607e-06
0.000444764
-1.62018e-06
-2.27642e-06
0.000444743
-2.20712e-06
0.00044468
-1.99031e-06
1.61425e-06
0.000444519
-2.64935e-06
-1.94693e-06
1.24694e-06
0.000444666
-2.66698e-06
8.65001e-07
0.000444726
-2.70078e-06
4.52533e-07
0.000444748
-2.67822e-06
1.98456e-08
0.000444754
-2.66961e-06
-4.09651e-07
0.000444754
-2.68998e-06
-8.35525e-07
0.000444749
-2.70038e-06
-1.25563e-06
0.000444727
-2.6844e-06
-1.64663e-06
0.000444667
-2.6397e-06
0.000444517
-2.00317e-06
-2.57755e-06
1.62762e-06
5.30072e-07
0.000445476
-9.94304e-07
-1.99685e-06
1.21892e-06
4.92045e-07
0.000445657
-9.47601e-07
7.95405e-07
4.82671e-07
0.000445733
-9.4017e-07
3.81235e-07
4.62038e-07
0.000445766
-9.37999e-07
-1.977e-08
4.55028e-07
0.000445777
-9.48195e-07
-4.28089e-07
4.34789e-07
0.000445778
-9.20061e-07
-8.31527e-07
4.71382e-07
0.000445765
-9.57951e-07
-1.2473e-06
5.14062e-07
0.000445732
-9.78861e-07
-1.64739e-06
5.012e-07
0.000445656
-9.63469e-07
4.72736e-07
0.000445477
-9.48531e-07
-2.00335e-06
1.67604e-06
8.40284e-08
0.000445626
-2.0769e-06
1.24834e-06
5.35051e-08
0.000445708
8.21755e-07
3.09479e-08
0.00044574
3.98603e-07
4.07238e-10
0.00044575
-1.22434e-08
-2.20687e-08
0.000445752
-4.2927e-07
-3.62268e-08
0.000445753
-8.32476e-07
-1.11828e-08
0.000445751
-1.2324e-06
3.58056e-08
0.00044574
-1.6511e-06
5.44099e-08
0.000445708
3.5984e-08
0.000445627
-2.0596e-06
1.68424e-06
-3.66414e-07
0.00044567
-2.07919e-06
1.26203e-06
-3.84453e-07
0.000445708
8.36811e-07
-4.13104e-07
0.000445714
4.15827e-07
-4.53099e-07
0.000445709
-3.09168e-09
-4.79788e-07
0.000445705
-4.20352e-07
-4.95574e-07
0.000445705
-8.21203e-07
-4.85016e-07
0.000445711
-1.2172e-06
-4.37296e-07
0.000445715
-1.62467e-06
-3.9793e-07
0.000445708
-4.04207e-07
0.000445671
-2.02889e-06
1.67e-06
-8.19227e-07
0.00044567
-2.05282e-06
1.25509e-06
-8.18835e-07
0.000445684
8.34863e-07
-8.49521e-07
0.000445675
4.21814e-07
-9.00666e-07
0.000445662
9.41784e-09
-9.29694e-07
0.000445654
-4.05349e-07
-9.42905e-07
0.000445655
-8.06718e-07
-9.44285e-07
0.000445664
-1.20146e-06
-8.98708e-07
0.000445677
-1.59962e-06
-8.48128e-07
0.000445685
-8.3607e-07
0.000445671
-2.00327e-06
1.64345e-06
-1.25819e-06
0.000445649
-2.02617e-06
1.23513e-06
-1.24488e-06
0.000445653
8.24906e-07
-1.28057e-06
0.000445637
4.21359e-07
-1.34143e-06
0.000445621
1.46526e-08
-1.36863e-06
0.000445611
-3.94913e-07
-1.37872e-06
0.000445611
-7.95238e-07
-1.38762e-06
0.000445622
-1.1846e-06
-1.34916e-06
0.000445639
-1.57625e-06
-1.28982e-06
0.000445654
-1.23685e-06
0.000445649
-1.99751e-06
1.61172e-06
-1.66796e-06
0.000445616
-2.00545e-06
1.21381e-06
-1.66252e-06
0.000445619
8.19078e-07
-1.70818e-06
0.000445604
4.16271e-07
-1.76433e-06
0.000445588
1.58833e-08
-1.79526e-06
0.000445577
-3.82042e-07
-1.80779e-06
0.000445578
-7.80911e-07
-1.81428e-06
0.00044559
-1.17233e-06
-1.77941e-06
0.000445607
-1.56248e-06
-1.71443e-06
0.000445622
-1.61727e-06
0.000445615
-1.98456e-06
1.58194e-06
-2.06393e-06
0.000445572
-1.96845e-06
1.2027e-06
-2.07798e-06
0.000445585
8.18677e-07
-2.12548e-06
0.000445577
4.17643e-07
-2.16837e-06
0.000445564
2.07361e-08
-2.20531e-06
0.000445556
-3.74976e-07
-2.21905e-06
0.000445557
-7.7308e-07
-2.22157e-06
0.000445566
-1.16695e-06
-2.18733e-06
0.00044558
-1.55853e-06
-2.11721e-06
0.000445589
-1.99489e-06
0.000445572
-1.96184e-06
1.56697e-06
-2.47893e-06
0.000445509
-1.90846e-06
1.20532e-06
-2.48718e-06
0.000445545
8.19728e-07
-2.51854e-06
0.000445551
4.26873e-07
-2.55869e-06
0.000445545
2.20782e-08
-2.58603e-06
0.000445541
-3.81978e-07
-2.60054e-06
0.000445542
-7.81054e-07
-2.60622e-06
0.000445548
-1.1749e-06
-2.57315e-06
0.000445554
-1.56006e-06
-2.50291e-06
0.000445548
-2.38047e-06
0.000445508
-1.9295e-06
1.56295e-06
-2.88256e-06
0.000445405
-1.88392e-06
1.20908e-06
-2.87485e-06
0.000445483
8.23151e-07
-2.88501e-06
0.000445514
4.33453e-07
-2.92786e-06
0.000445523
1.81271e-08
-2.93193e-06
0.000445524
-3.98249e-07
-2.94524e-06
0.000445525
-8.01763e-07
-2.96122e-06
0.000445525
-1.20248e-06
-2.92515e-06
0.000445516
-1.58972e-06
-2.85793e-06
0.000445485
-2.7575e-06
0.000445403
-1.93583e-06
1.55427e-06
0.000445198
-3.23962e-06
-1.87576e-06
1.19561e-06
0.000445373
-3.22256e-06
8.16195e-07
0.000445446
-3.22565e-06
4.22976e-07
0.000445477
-3.26396e-06
8.33161e-09
0.000445486
-3.2496e-06
-4.08892e-07
0.000445487
-3.26028e-06
-8.24148e-07
0.000445477
-3.27444e-06
-1.23485e-06
0.000445446
-3.23365e-06
-1.6233e-06
0.000445372
-3.17442e-06
0.000445194
-1.95538e-06
-3.10232e-06
1.78528e-06
-1.79942e-06
0.000446478
1.20748e-06
-2.19526e-06
1.36648e-06
-1.82571e-06
0.000446693
1.20845e-06
9.01769e-07
-1.87224e-06
0.000446789
1.28072e-06
4.38372e-07
-1.90207e-06
0.000446833
1.29882e-06
-1.36754e-08
-1.91069e-06
0.000446849
1.2911e-06
-4.67785e-07
-1.91466e-06
0.000446849
1.29782e-06
-9.1172e-07
-1.88964e-06
0.000446832
1.26637e-06
-1.3743e-06
-1.83988e-06
0.000446789
1.24569e-06
-1.81693e-06
-1.81701e-06
0.000446691
1.22452e-06
-1.85257e-06
0.000446478
1.26418e-06
-2.22949e-06
1.81393e-06
-2.34398e-06
0.000446609
-2.25299e-06
1.36652e-06
-2.38463e-06
0.000446714
9.06245e-07
-2.43273e-06
0.000446761
4.45195e-07
-2.46965e-06
0.000446779
-9.0942e-09
-2.48828e-06
0.000446784
-4.6181e-07
-2.49378e-06
0.000446785
-9.04198e-07
-2.47648e-06
0.00044678
-1.35336e-06
-2.41157e-06
0.000446761
-1.80433e-06
-2.37172e-06
0.000446713
-2.37567e-06
0.000446609
-2.26332e-06
1.78976e-06
-2.86042e-06
0.000446619
-2.22294e-06
1.35104e-06
-2.91299e-06
0.000446675
9.00347e-07
-2.96001e-06
0.000446692
4.49805e-07
-3.00307e-06
0.000446693
1.69584e-09
-3.0266e-06
0.000446691
-4.45073e-07
-3.03317e-06
0.000446691
-8.82115e-07
-3.02278e-06
0.000446694
-1.31151e-06
-2.95923e-06
0.000446692
-1.74425e-06
-2.90551e-06
0.000446675
-2.88824e-06
0.000446619
-2.17992e-06
1.73648e-06
-3.35445e-06
0.000446575
-2.1473e-06
1.31073e-06
-3.40796e-06
0.000446605
8.76933e-07
-3.4559e-06
0.000446605
4.43062e-07
-3.50357e-06
0.000446597
9.96838e-09
-3.52974e-06
0.00044659
-4.24373e-07
-3.53458e-06
0.000446591
-8.51109e-07
-3.52944e-06
0.000446598
-1.26777e-06
-3.47133e-06
0.000446605
-1.68564e-06
-3.40736e-06
0.000446605
-3.36568e-06
0.000446575
-2.11204e-06
1.67499e-06
-3.82246e-06
0.000446504
-2.06162e-06
1.26174e-06
-3.86405e-06
0.000446522
8.44142e-07
-3.91584e-06
0.000446515
4.28874e-07
-3.96936e-06
0.000446502
1.03217e-08
-3.99378e-06
0.000446494
-4.08653e-07
-3.99809e-06
0.000446493
-8.20924e-07
-3.99728e-06
0.000446502
-1.22228e-06
-3.94577e-06
0.000446515
-1.62587e-06
-3.87199e-06
0.000446522
-3.78993e-06
0.000446504
-2.05631e-06
1.61037e-06
-4.25186e-06
0.000446416
-1.98096e-06
1.21872e-06
-4.28661e-06
0.000446433
8.17207e-07
-4.33648e-06
0.000446426
4.1226e-07
-4.38984e-06
0.000446413
8.93483e-09
-4.4174e-06
0.000446404
-3.92553e-07
-4.42336e-06
0.000446405
-7.93324e-07
-4.42098e-06
0.000446414
-1.18266e-06
-4.37669e-06
0.000446427
-1.57201e-06
-4.2954e-06
0.000446434
-4.16782e-06
0.000446416
-1.99441e-06
1.55246e-06
-4.64264e-06
0.000446315
-1.9043e-06
1.18436e-06
-4.67531e-06
0.000446342
8.00906e-07
-4.7169e-06
0.00044634
4.04551e-07
-4.76124e-06
0.000446331
1.31418e-08
-4.79502e-06
0.000446325
-3.77442e-07
-4.80158e-06
0.000446326
-7.69866e-07
-4.79537e-06
0.000446333
-1.15611e-06
-4.75321e-06
0.000446343
-1.53995e-06
-4.66664e-06
0.000446344
-4.5121e-06
0.000446313
-1.9373e-06
1.52302e-06
-5.0069e-06
0.000446189
-1.83844e-06
1.16579e-06
-5.0135e-06
0.000446241
7.88708e-07
-5.04333e-06
0.000446254
4.07916e-07
-5.08862e-06
0.000446253
1.78986e-08
-5.11506e-06
0.000446251
-3.7074e-07
-5.12264e-06
0.000446252
-7.55684e-07
-5.11812e-06
0.000446256
-1.14083e-06
-5.07132e-06
0.000446257
-1.51714e-06
-4.98498e-06
0.000446243
-4.84099e-06
0.000446188
-1.86754e-06
1.50226e-06
-5.32602e-06
0.000446014
-1.792e-06
1.15483e-06
-5.2952e-06
0.000446112
7.75408e-07
-5.30383e-06
0.000446154
4.06698e-07
-5.36603e-06
0.000446169
1.53903e-08
-5.3724e-06
0.000446173
-3.72655e-07
-5.38294e-06
0.000446173
-7.53567e-07
-5.38273e-06
0.00044617
-1.13697e-06
-5.3276e-06
0.000446156
-1.50557e-06
-5.24545e-06
0.000446114
-5.14318e-06
0.000446012
-1.81266e-06
1.46312e-06
0.00044572
-5.55785e-06
-1.75377e-06
1.11044e-06
0.000445928
-5.49826e-06
7.45524e-07
0.000446016
-5.50929e-06
3.84759e-07
0.000446057
-5.58469e-06
5.01809e-09
0.000446069
-5.57595e-06
-3.82104e-07
0.00044607
-5.57895e-06
-7.61092e-07
0.000446055
-5.58166e-06
-1.13554e-06
0.000446016
-5.52301e-06
-1.5044e-06
0.000445926
-5.43105e-06
0.000445717
-1.79466e-06
-5.37513e-06
2.04926e-06
-6.03104e-06
0.000447724
5.26715e-06
-2.53107e-06
1.59348e-06
-6.07592e-06
0.000447978
5.24697e-06
1.07852e-06
-6.17417e-06
0.000448095
5.38383e-06
5.43504e-07
-6.24822e-06
0.00044815
5.46587e-06
2.41667e-09
-6.27564e-06
0.000448172
5.49337e-06
-5.35957e-07
-6.26979e-06
0.000448172
5.48503e-06
-1.06312e-06
-6.24739e-06
0.000448151
5.45616e-06
-1.59278e-06
-6.16862e-06
0.000448095
5.39175e-06
-2.08712e-06
-6.09147e-06
0.000447977
5.30009e-06
-6.08918e-06
0.000447723
5.34e-06
-2.58358e-06
1.99494e-06
-6.72001e-06
0.000447782
-2.47871e-06
1.52078e-06
-6.80213e-06
0.000447915
1.02563e-06
-6.89427e-06
0.000447976
5.15019e-07
-6.96159e-06
0.000448003
1.2684e-09
-6.98964e-06
0.000448012
-5.07344e-07
-6.98876e-06
0.000448012
-1.01174e-06
-6.96684e-06
0.000448004
-1.51448e-06
-6.88136e-06
0.000447976
-2.00537e-06
-6.8005e-06
0.000447913
-6.74334e-06
0.000447781
-2.523e-06
1.88632e-06
-7.34502e-06
0.000447698
-2.33978e-06
1.43413e-06
-7.44969e-06
0.000447774
9.66428e-07
-7.5387e-06
0.000447804
4.86426e-07
-7.60088e-06
0.000447812
4.95427e-09
-7.63053e-06
0.000447813
-4.74789e-07
-7.631e-06
0.000447813
-9.54914e-07
-7.60498e-06
0.000447812
-1.42012e-06
-7.52735e-06
0.000447803
-1.87783e-06
-7.4419e-06
0.000447774
-7.35371e-06
0.000447696
-2.34434e-06
1.75124e-06
-7.90081e-06
0.000447547
-2.16827e-06
1.32983e-06
-8.01883e-06
0.000447595
8.97164e-07
-8.10766e-06
0.000447607
4.53087e-07
-8.16427e-06
0.000447604
5.58458e-09
-8.19305e-06
0.0004476
-4.41883e-07
-8.19297e-06
0.0004476
-8.86435e-07
-8.16658e-06
0.000447604
-1.31914e-06
-8.09523e-06
0.000447606
-1.7493e-06
-8.00182e-06
0.000447595
-7.89854e-06
0.000447547
-2.17594e-06
1.62015e-06
-8.38563e-06
0.000447363
-1.99478e-06
1.22568e-06
-8.49999e-06
0.000447398
8.24221e-07
-8.59166e-06
0.0004474
4.15976e-07
-8.64623e-06
0.000447392
3.43111e-09
-8.67269e-06
0.000447386
-4.09297e-07
-8.67236e-06
0.000447386
-8.18685e-07
-8.64631e-06
0.000447392
-1.22018e-06
-8.57769e-06
0.000447399
-1.62037e-06
-8.4766e-06
0.000447397
-8.35512e-06
0.000447364
-2.02316e-06
1.49375e-06
-8.79342e-06
0.000447157
-1.82701e-06
1.13468e-06
-8.89758e-06
0.00044719
7.57107e-07
-8.97996e-06
0.000447192
3.80167e-07
-9.03904e-06
0.000447183
2.14144e-09
-9.06619e-06
0.000447176
-3.77116e-07
-9.06434e-06
0.000447176
-7.5427e-07
-9.03736e-06
0.000447183
-1.12243e-06
-8.97297e-06
0.000447191
-1.48897e-06
-8.86528e-06
0.00044719
-8.71558e-06
0.000447158
-1.87038e-06
1.37455e-06
-9.11812e-06
0.000446934
-1.66921e-06
1.04926e-06
-9.20699e-06
0.000446976
7.00083e-07
-9.27391e-06
0.000446984
3.50069e-07
-9.33633e-06
0.000446979
5.33149e-09
-9.36987e-06
0.000446973
-3.42796e-07
-9.36412e-06
0.000446973
-6.91263e-07
-9.33436e-06
0.000446979
-1.03447e-06
-9.2704e-06
0.000446984
-1.37436e-06
-9.1579e-06
0.000446976
-8.98913e-06
0.000446933
-1.72053e-06
1.27775e-06
-9.35627e-06
0.000446681
-1.53246e-06
9.70525e-07
-9.40837e-06
0.000446749
6.47787e-07
-9.4689e-06
0.000446772
3.29456e-07
-9.54078e-06
0.000446776
1.20365e-08
-9.57675e-06
0.000446776
-3.07081e-07
-9.56871e-06
0.000446775
-6.28935e-07
-9.53365e-06
0.000446777
-9.51916e-07
-9.46367e-06
0.000446773
-1.26959e-06
-9.34778e-06
0.00044675
-9.18165e-06
0.000446681
-1.57069e-06
1.18414e-06
-9.49821e-06
0.000446372
-1.40017e-06
8.95776e-07
-9.49811e-06
0.000446491
5.94012e-07
-9.55748e-06
0.000446544
3.08442e-07
-9.65192e-06
0.000446566
1.52078e-08
-9.68305e-06
0.000446572
-2.73809e-07
-9.67854e-06
0.000446572
-5.70523e-07
-9.63257e-06
0.000446566
-8.68065e-07
-9.55551e-06
0.000446545
-1.1566e-06
-9.43628e-06
0.000446491
-9.30326e-06
0.000446372
-1.3948e-06
1.0786e-06
0.000445934
-9.48675e-06
-1.30428e-06
7.88373e-07
0.000446173
-9.45291e-06
5.20061e-07
0.000446278
-9.55091e-06
2.6474e-07
0.000446326
-9.66612e-06
7.19657e-09
0.000446343
-9.69888e-06
-2.54989e-07
0.000446342
-9.68879e-06
-5.11126e-07
0.000446323
-9.64452e-06
-7.70789e-07
0.000446277
-9.55656e-06
-1.03949e-06
0.00044617
-9.41133e-06
0.000445931
-1.24489e-06
-9.31225e-06
2.8095e-06
-1.72907e-05
0.000449858
1.59307e-05
-3.58328e-06
2.21641e-06
-1.72688e-05
0.000450149
1.56904e-05
1.51495e-06
-1.73955e-05
0.000450296
1.58953e-05
7.75465e-07
-1.7512e-05
0.000450366
1.60358e-05
2.35547e-08
-1.7564e-05
0.000450394
1.60943e-05
-7.29767e-07
-1.75618e-05
0.000450393
1.60933e-05
-1.47547e-06
-1.75434e-05
0.000450367
1.60728e-05
-2.19448e-06
-1.74424e-05
0.000450298
1.59592e-05
-2.82343e-06
-1.73125e-05
0.00045015
1.5769e-05
-1.7322e-05
0.000449857
1.59893e-05
-3.62472e-06
2.73406e-06
-1.84056e-05
0.000449693
-3.52967e-06
2.06602e-06
-1.85386e-05
0.000449852
1.3964e-06
-1.86847e-05
0.000449935
7.09122e-07
-1.87941e-05
0.000449972
1.28834e-08
-1.88412e-05
0.000449985
-6.81545e-07
-1.88405e-05
0.000449985
-1.38343e-06
-1.88097e-05
0.000449972
-2.07623e-06
-1.87078e-05
0.000449934
-2.76765e-06
-1.85588e-05
0.000449851
-1.84091e-05
0.000449691
-3.59084e-06
2.52339e-06
-1.9412e-05
0.000449371
-3.18996e-06
1.89539e-06
-1.96037e-05
0.000449467
1.27466e-06
-1.9771e-05
0.000449511
6.40431e-07
-1.98739e-05
0.000449526
4.29329e-09
-1.99217e-05
0.00044953
-6.35494e-07
-1.9917e-05
0.00044953
-1.28638e-06
-1.98718e-05
0.000449525
-1.93094e-06
-1.97696e-05
0.00044951
-2.56898e-06
-1.96135e-05
0.000449467
-1.94023e-05
0.000449369
-3.24871e-06
2.27327e-06
-2.02566e-05
0.000448968
-2.84915e-06
1.71124e-06
-2.04782e-05
0.000449032
1.14929e-06
-2.06558e-05
0.000449053
5.74615e-07
-2.07507e-05
0.000449056
-5.50908e-09
-2.07947e-05
0.000449054
-5.86374e-07
-2.0789e-05
0.000449053
-1.17508e-06
-2.07338e-05
0.000449055
-1.75931e-06
-2.06315e-05
0.000449052
-2.3373e-06
-2.04722e-05
0.000449031
-2.02517e-05
0.000448967
-2.90848e-06
2.02956e-06
-2.09245e-05
0.000448523
-2.52174e-06
1.53078e-06
-2.1153e-05
0.000448571
1.02448e-06
-2.13311e-05
0.000448582
5.09438e-07
-2.14207e-05
0.000448577
-1.20246e-08
-2.14595e-05
0.000448572
-5.32861e-07
-2.14542e-05
0.000448572
-1.05742e-06
-2.13936e-05
0.000448576
-1.58041e-06
-2.12896e-05
0.00044858
-2.09583e-06
-2.11309e-05
0.000448571
-2.09193e-05
0.000448524
-2.58847e-06
1.79625e-06
-2.14148e-05
0.000448053
-2.2015e-06
1.36111e-06
-2.16262e-05
0.000448098
9.04735e-07
-2.17889e-05
0.000448106
4.47071e-07
-2.18798e-05
0.0004481
-1.3844e-08
-2.1916e-05
0.000448093
-4.78111e-07
-2.19071e-05
0.000448093
-9.4031e-07
-2.18471e-05
0.000448098
-1.39792e-06
-2.1745e-05
0.000448104
-1.84729e-06
-2.15892e-05
0.000448097
-2.13914e-05
0.000448054
-2.27185e-06
1.57284e-06
-2.17199e-05
0.000447561
-1.8949e-06
1.19788e-06
-2.1891e-05
0.000447616
7.92262e-07
-2.20283e-05
0.000447629
3.88328e-07
-2.2123e-05
0.000447626
-1.30327e-08
-2.21621e-05
0.000447621
-4.19189e-07
-2.2148e-05
0.00044762
-8.23615e-07
-2.20883e-05
0.000447624
-1.21998e-06
-2.19919e-05
0.000447627
-1.60434e-06
-2.18438e-05
0.000447615
-2.16706e-05
0.000447562
-1.9543e-06
1.3583e-06
-2.18479e-05
0.000447036
-1.58513e-06
1.03538e-06
-2.19378e-05
0.000447119
6.85027e-07
-2.20526e-05
0.000447147
3.34902e-07
-2.21493e-05
0.000447153
-8.50275e-09
-2.21952e-05
0.000447152
-3.56612e-07
-2.2176e-05
0.000447152
-7.05312e-07
-2.21147e-05
0.000447152
-1.04546e-06
-2.20246e-05
0.000447146
-1.37534e-06
-2.18826e-05
0.000447119
-2.17745e-05
0.000447039
-1.6287e-06
1.17525e-06
-2.18372e-05
0.00044645
-1.26443e-06
8.90334e-07
-2.17538e-05
0.000446591
5.85847e-07
-2.18535e-05
0.00044665
2.88848e-07
-2.19583e-05
0.000446672
-3.26554e-09
-2.20095e-05
0.000446679
-2.96697e-07
-2.19886e-05
0.000446678
-5.92498e-07
-2.19241e-05
0.000446671
-8.8243e-07
-2.18384e-05
0.000446649
-1.15833e-06
-2.17061e-05
0.000446591
-2.17534e-05
0.000446453
-1.2604e-06
1.11095e-06
0.000445713
-2.14942e-05
-1.23223e-06
7.47488e-07
0.000445997
-2.12135e-05
4.76973e-07
0.00044611
-2.14145e-05
2.31095e-07
0.00044616
-2.15461e-05
-1.06179e-08
0.000446179
-2.16036e-05
-2.48328e-07
0.000446178
-2.15863e-05
-4.89089e-07
0.000446158
-2.15181e-05
-7.43736e-07
0.000446109
-2.14156e-05
-1.06689e-06
0.000445993
-2.12065e-05
0.00044571
-1.16684e-06
-2.14328e-05
3.97587e-06
-6.26355e-05
6.00083e-05
-5.16603e-06
3.18881e-06
-6.24838e-05
5.94603e-05
2.22869e-06
-6.27981e-05
5.99623e-05
1.14852e-06
-6.31257e-05
6.04179e-05
1.7803e-08
-6.33088e-05
6.06555e-05
-1.11593e-06
-6.33148e-05
6.06642e-05
-2.21135e-06
-6.31565e-05
6.04654e-05
-3.19009e-06
-6.28406e-05
6.00246e-05
-3.98e-06
-6.25127e-05
5.94927e-05
-6.26009e-05
5.99792e-05
-5.17463e-06
3.60812e-06
-6.44659e-05
-4.9129e-06
2.68877e-06
-6.46972e-05
1.82266e-06
-6.50556e-05
9.27272e-07
-6.53481e-05
3.81748e-09
-6.55007e-05
-9.24434e-07
-6.55016e-05
-1.84332e-06
-6.53544e-05
-2.73288e-06
-6.50738e-05
-3.66457e-06
-6.47134e-05
-6.44384e-05
-4.96203e-06
2.96253e-06
-6.59891e-05
-3.89855e-06
2.19896e-06
-6.63958e-05
1.47534e-06
-6.67923e-05
7.38295e-07
-6.70699e-05
-1.33568e-08
-6.72072e-05
-7.71405e-07
-6.72016e-05
-1.52748e-06
-6.70567e-05
-2.27524e-06
-6.67858e-05
-3.04727e-06
-6.64031e-05
-6.59775e-05
-3.96781e-06
2.32005e-06
-6.71279e-05
-2.97686e-06
1.73398e-06
-6.76131e-05
1.15961e-06
-6.80246e-05
5.72136e-07
-6.82912e-05
-2.53002e-08
-6.84194e-05
-6.27416e-07
-6.84091e-05
-1.22902e-06
-6.82636e-05
-1.8248e-06
-6.79965e-05
-2.41821e-06
-6.76129e-05
-6.7135e-05
-3.05647e-06
1.71071e-06
-6.78403e-05
-2.13332e-06
1.29228e-06
-6.83435e-05
8.60017e-07
-6.87495e-05
4.18878e-07
-6.90123e-05
-3.15214e-08
-6.91334e-05
-4.83242e-07
-6.91216e-05
-9.35995e-07
-6.89728e-05
-1.38237e-06
-6.87073e-05
-1.81176e-06
-6.83324e-05
-6.78657e-05
-2.21608e-06
1.11548e-06
-6.81099e-05
-1.31803e-06
8.55741e-07
-6.85772e-05
5.65493e-07
-6.89657e-05
2.68131e-07
-6.92294e-05
-3.37863e-08
-6.93496e-05
-3.36918e-07
-6.93364e-05
-6.40178e-07
-6.91836e-05
-9.38327e-07
-6.89152e-05
-1.20836e-06
-6.85554e-05
-6.81481e-05
-1.39856e-06
5.08869e-07
-6.79402e-05
-4.78459e-07
4.0835e-07
-6.83063e-05
2.64338e-07
-6.8671e-05
1.13408e-07
-6.89394e-05
-3.3778e-08
-6.90686e-05
-1.82581e-07
-6.90537e-05
-3.30603e-07
-6.88959e-05
-4.74303e-07
-6.862e-05
-5.81795e-07
-6.82772e-05
-6.79886e-05
-5.42296e-07
-1.29331e-07
-6.73637e-05
4.42922e-07
-6.17994e-08
-6.7525e-05
-5.24186e-08
-6.78599e-05
-4.86374e-08
-6.81393e-05
-3.2421e-08
-6.82885e-05
-1.6232e-08
-6.82734e-05
-3.27069e-09
-6.81042e-05
1.11026e-08
-6.78125e-05
7.42768e-08
-6.74903e-05
-6.74136e-05
3.87928e-07
-7.07112e-07
-6.63463e-05
1.3035e-06
-5.30546e-07
-6.61493e-05
-3.90333e-07
-6.64895e-05
-2.23534e-07
-6.68186e-05
-3.11666e-08
-6.70043e-05
1.62666e-07
-6.69905e-05
3.42923e-07
-6.67966e-05
5.00707e-07
-6.64582e-05
6.87761e-07
-6.61234e-05
-6.63874e-05
1.27386e-06
-1.12403e-06
-6.43591e-05
1.524e-06
-1.06779e-06
-6.39155e-05
-8.01038e-07
-6.4527e-05
-4.36352e-07
-6.49859e-05
-3.38307e-08
-6.52246e-05
3.75948e-07
-6.52178e-05
7.55057e-07
-6.49795e-05
1.04906e-06
-6.45235e-05
1.13528e-06
-6.39186e-05
1.54254e-06
-6.44066e-05
2.7638e-07
1.70198e-05
0.000632123
-4.15162e-09
3.17803e-07
1.66082e-05
0.000690139
2.78393e-07
1.64458e-05
0.000737051
1.50007e-07
1.63078e-05
0.000770166
2.73708e-09
1.62848e-05
0.000787193
-1.48585e-07
1.62613e-05
0.000787221
-2.67998e-07
1.62875e-05
0.000770177
-3.49131e-07
1.6368e-05
0.000737171
-2.83058e-07
1.6679e-05
0.000690043
1.71359e-05
0.000631989
6.65304e-09
2.46274e-07
1.05779e-05
0.000611951
5.43895e-10
3.34755e-07
1.01307e-05
0.000669094
2.96667e-07
9.84334e-06
0.000715439
1.70258e-07
9.6616e-06
0.000747949
5.67947e-10
9.57038e-06
0.000764752
-1.69338e-07
9.5643e-06
0.000764735
-2.95045e-07
9.65077e-06
0.000747939
-3.39341e-07
9.84556e-06
0.000715365
-2.54225e-07
1.01422e-05
0.000669157
1.06062e-05
0.000612032
-8.18322e-10
2.28035e-07
8.03944e-06
0.000564408
-7.17366e-10
3.11487e-07
7.68125e-06
0.000620988
2.68772e-07
7.45023e-06
0.000666575
1.54902e-07
7.30127e-06
0.000698481
3.34754e-10
7.22375e-06
0.000714907
-1.55561e-07
7.22278e-06
0.000714903
-2.72543e-07
7.29705e-06
0.000698478
-3.05103e-07
7.45906e-06
0.000666558
-2.30887e-07
7.68702e-06
0.000621003
8.04701e-06
0.000564432
-6.19974e-09
2.10758e-07
6.49941e-06
0.000519768
-4.88571e-10
2.84897e-07
6.21038e-06
0.000575935
2.48311e-07
6.02996e-06
0.000620937
1.4292e-07
5.91042e-06
0.000652334
-2.37062e-10
5.85001e-06
0.00066846
-1.43613e-07
5.85006e-06
0.000668459
-2.52336e-07
5.91065e-06
0.000652333
-2.79232e-07
6.03239e-06
0.000620934
-2.06801e-07
6.21506e-06
0.000575938
6.50382e-06
0.000519775
3.1243e-10
1.82796e-07
5.32943e-06
0.000475766
7.97482e-10
2.56473e-07
5.06862e-06
0.000531523
2.288e-07
4.92426e-06
0.000575954
1.31602e-07
4.83074e-06
0.000606846
-7.00056e-10
4.78367e-06
0.000622679
-1.3288e-07
4.78383e-06
0.000622678
-2.30942e-07
4.83219e-06
0.000606846
-2.55796e-07
4.92424e-06
0.000575954
-1.80299e-07
5.07124e-06
0.000531524
5.3343e-06
0.000475768
1.16016e-09
1.61182e-07
4.35868e-06
0.00043193
4.85711e-10
2.33227e-07
4.10187e-06
0.000487267
2.107e-07
3.98643e-06
0.000531122
1.21667e-07
3.9161e-06
0.000561504
-7.54728e-10
3.88096e-06
0.000577042
-1.23006e-07
3.88097e-06
0.000577042
-2.11365e-07
3.91695e-06
0.000561504
-2.3487e-07
3.98722e-06
0.000531123
-1.60734e-07
4.10226e-06
0.000487267
4.36387e-06
0.00043193
3.57299e-10
1.4883e-07
3.5277e-06
0.000388144
-9.43383e-11
2.17588e-07
3.26694e-06
0.000443055
1.97183e-07
3.17762e-06
0.000486332
1.13898e-07
3.12875e-06
0.000516201
-4.61794e-10
3.10429e-06
0.000531446
-1.14851e-07
3.1043e-06
0.000531446
-1.96971e-07
3.12842e-06
0.000516201
-2.17911e-07
3.17891e-06
0.000486332
-1.49662e-07
3.26773e-06
0.000443055
3.53171e-06
0.000388144
3.43565e-10
1.463e-07
2.80617e-06
0.000344379
-3.12084e-11
2.10897e-07
2.54622e-06
0.000398861
1.89212e-07
2.48302e-06
0.00044156
1.08649e-07
2.45365e-06
0.000470917
-2.98962e-10
2.43818e-06
0.000485867
-1.09439e-07
2.43835e-06
0.000485867
-1.89344e-07
2.45264e-06
0.000470917
-2.10672e-07
2.48399e-06
0.00044156
-1.47416e-07
2.5483e-06
0.000398861
2.80899e-06
0.000344379
-4.57126e-11
1.59345e-07
2.16705e-06
0.000300624
-1.06289e-10
2.1705e-07
1.93074e-06
0.00035468
1.8729e-07
1.89725e-06
0.0003968
1.05969e-07
1.88169e-06
0.000425646
-4.45078e-10
1.87263e-06
0.000440301
-1.06839e-07
1.87281e-06
0.000440301
-1.88116e-07
1.88064e-06
0.000425646
-2.17049e-07
1.89745e-06
0.0003968
-1.59619e-07
1.93308e-06
0.00035468
2.16972e-06
0.000300624
-2.79587e-10
2.15173e-07
0.000256881
-3.684e-10
2.36531e-07
0.000310508
1.90315e-07
0.000352051
1.04546e-07
0.000380385
-5.40351e-10
0.000394746
-1.05385e-07
0.000394746
-1.91384e-07
0.000380385
-2.369e-07
0.000352051
-2.15132e-07
0.000310508
0.000256881
-1.96164e-10
2.47888e-07
1.97282e-05
0.000612142
5.1321e-09
3.63963e-07
1.91258e-05
0.000670897
3.2653e-07
1.88455e-05
0.000718243
1.86496e-07
1.86654e-05
0.000751641
-3.25974e-09
1.85658e-05
0.000768817
-1.88909e-07
1.85581e-05
0.000768848
-3.29837e-07
1.86649e-05
0.000751653
-3.68413e-07
1.88297e-05
0.000718379
-2.47232e-07
1.91148e-05
0.000670807
1.97679e-05
0.000611954
2.06847e-08
3.8245e-07
1.46633e-05
0.000616626
8.10354e-09
4.88466e-07
1.40775e-05
0.000674036
4.33217e-07
1.37607e-05
0.000720579
2.4434e-07
1.35671e-05
0.000753236
-2.18861e-09
1.34634e-05
0.000770101
-2.49162e-07
1.34533e-05
0.000770087
-4.30055e-07
1.35544e-05
0.00075323
-5.08509e-07
1.3756e-05
0.000720517
-4.06211e-07
1.40824e-05
0.000674087
1.46984e-05
0.000616706
-1.07586e-08
3.44025e-07
1.17191e-05
0.000567013
-4.02239e-09
4.35706e-07
1.12719e-05
0.000623702
3.75912e-07
1.1e-05
0.000669396
2.15588e-07
1.08323e-05
0.000701377
-4.98491e-10
1.0747e-05
0.000717839
-2.19077e-07
1.07402e-05
0.000717834
-3.80136e-07
1.08224e-05
0.000701371
-4.41952e-07
1.10031e-05
0.000669373
-3.59397e-07
1.12817e-05
0.000623721
1.17367e-05
0.00056705
-1.6006e-08
2.95804e-07
9.70175e-06
0.000521494
-4.41019e-09
3.93657e-07
9.3539e-06
0.000577755
3.44706e-07
9.14257e-06
0.000622843
1.98802e-07
9.01128e-06
0.000654301
1.22617e-09
8.94675e-06
0.000670457
-1.99968e-07
8.94417e-06
0.000670456
-3.50934e-07
9.00771e-06
0.000654299
-3.91315e-07
9.13961e-06
0.000622838
-2.98884e-07
9.36619e-06
0.000577761
9.71131e-06
0.000521509
-7.42299e-09
2.57022e-07
8.1092e-06
0.000477102
-6.51031e-11
3.56677e-07
7.81561e-06
0.000532962
3.19816e-07
7.65152e-06
0.000577482
1.85245e-07
7.5546e-06
0.000608437
6.87372e-10
7.50713e-06
0.000624303
-1.85528e-07
7.50657e-06
0.000624302
-3.22994e-07
7.5545e-06
0.000608436
-3.56499e-07
7.64608e-06
0.000577481
-2.53989e-07
7.82422e-06
0.000532963
8.11726e-06
0.000477106
1.54973e-09
2.36667e-07
6.75277e-06
0.00043305
-4.1446e-10
3.31858e-07
6.48429e-06
0.000488503
3.00087e-07
6.35102e-06
0.000532455
1.74763e-07
6.27984e-06
0.000562904
-4.1089e-10
6.24708e-06
0.000578478
-1.75578e-07
6.24665e-06
0.000578477
-3.02084e-07
6.28115e-06
0.000562903
-3.35504e-07
6.34737e-06
0.000532455
-2.34512e-07
6.48713e-06
0.000488503
6.75882e-06
0.000433051
2.73759e-09
2.28784e-07
5.55061e-06
0.000389118
-3.83059e-10
3.18892e-07
5.29688e-06
0.000444152
2.88404e-07
5.1847e-06
0.000487529
1.67859e-07
5.1342e-06
0.000517468
-7.20494e-10
5.11385e-06
0.000532747
-1.69239e-07
5.11339e-06
0.000532747
-2.89353e-07
5.13523e-06
0.000517468
-3.23294e-07
5.18456e-06
0.000487529
-2.29897e-07
5.29626e-06
0.000444152
5.55309e-06
0.000389119
1.41552e-09
2.32255e-07
4.46638e-06
0.000345231
-8.7033e-11
3.19212e-07
4.23167e-06
0.00039984
2.86006e-07
4.13985e-06
0.000442638
1.64894e-07
4.1082e-06
0.000472065
-6.19023e-10
4.09702e-06
0.000487049
-1.66365e-07
4.09679e-06
0.000487049
-2.86646e-07
4.10845e-06
0.000472064
-3.21777e-07
4.14159e-06
0.000442638
-2.3533e-07
4.23129e-06
0.00039984
4.46722e-06
0.000345231
-1.89912e-09
2.47512e-07
3.48032e-06
0.000301363
1.11493e-10
3.33834e-07
3.28054e-06
0.000355545
2.92164e-07
3.2178e-06
0.000397764
1.65887e-07
3.20288e-06
0.000426678
-7.45291e-10
3.19757e-06
0.000441367
-1.67867e-07
3.19781e-06
0.000441367
-2.92893e-07
3.20195e-06
0.000426677
-3.34447e-07
3.21948e-06
0.000397764
-2.50172e-07
3.28203e-06
0.000355545
3.48121e-06
0.000301363
-2.72916e-09
2.75577e-07
0.000257508
-3.13446e-10
3.57779e-07
0.000311261
3.02362e-07
0.000352901
1.6877e-07
0.000381302
-1.00541e-09
0.000395697
-1.70938e-07
0.000395697
-3.03925e-07
0.000381302
-3.57801e-07
0.000352901
-2.77195e-07
0.000311261
0.000257508
-2.05984e-09
3.25908e-07
2.0179e-05
0.00059163
6.46417e-09
4.78243e-07
1.96843e-05
0.00065106
4.20625e-07
1.94177e-05
0.000698883
2.30751e-07
1.9223e-05
0.000732608
-9.51346e-09
1.91117e-05
0.000749946
-2.39881e-07
1.9116e-05
0.000749963
-4.25269e-07
1.9237e-05
0.000732602
-4.64549e-07
1.94255e-05
0.000698993
-3.0456e-07
1.9634e-05
0.000651013
2.01828e-05
0.000591431
3.51419e-08
4.71272e-07
1.63119e-05
0.000620013
8.39714e-09
5.89951e-07
1.56914e-05
0.000677911
5.11686e-07
1.532e-05
0.000724755
2.87976e-07
1.50749e-05
0.000757608
-5.50708e-09
1.49442e-05
0.000774562
-2.94092e-07
1.49313e-05
0.00077456
-5.12431e-07
1.50705e-05
0.000757615
-6.07958e-07
1.53149e-05
0.000724723
-5.00844e-07
1.56752e-05
0.000677939
1.63369e-05
0.000620068
-1.62115e-08
4.03442e-07
1.3208e-05
0.000569721
-7.65723e-09
5.04588e-07
1.27084e-05
0.000626584
4.3701e-07
1.23677e-05
0.000672415
2.51721e-07
1.21437e-05
0.000704493
-1.99881e-09
1.20334e-05
0.000721003
-2.57893e-07
1.20208e-05
0.000721001
-4.41856e-07
1.21363e-05
0.000704489
-5.16369e-07
1.23656e-05
0.000672397
-4.22959e-07
1.27031e-05
0.0006266
1.32255e-05
0.000569762
-2.34336e-08
3.45662e-07
1.0924e-05
0.000523441
-8.32543e-09
4.53572e-07
1.05248e-05
0.000579831
4.00122e-07
1.02388e-05
0.000625026
2.29469e-07
1.00589e-05
0.000656557
1.28617e-09
9.96874e-06
0.00067275
-2.34269e-07
9.96342e-06
0.000672749
-4.07713e-07
1.00539e-05
0.000656555
-4.57038e-07
1.02327e-05
0.00062502
-3.56242e-07
1.05251e-05
0.000579838
1.09339e-05
0.00052346
-1.62858e-08
3.05877e-07
9.07959e-06
0.000478642
-1.88949e-09
4.14906e-07
8.75695e-06
0.000534621
3.70174e-07
8.52749e-06
0.000579238
2.13766e-07
8.39212e-06
0.00061026
1.80083e-09
8.32303e-06
0.00062616
-2.13726e-07
8.32133e-06
0.00062616
-3.73264e-07
8.39013e-06
0.00061026
-4.14031e-07
8.5176e-06
0.000579237
-3.05997e-07
8.75717e-06
0.000534623
9.08404e-06
0.000478649
1.06914e-09
2.81473e-07
7.51641e-06
0.000434331
1.23022e-09
3.86111e-07
7.24853e-06
0.000489907
3.45165e-07
7.06453e-06
0.000533959
2.00764e-07
6.96322e-06
0.000564477
9.94453e-10
6.91385e-06
0.000580087
-1.99649e-07
6.91313e-06
0.000580086
-3.46786e-07
6.96402e-06
0.000564477
-3.89159e-07
7.05633e-06
0.000533958
-2.8182e-07
7.24587e-06
0.000489907
7.51493e-06
0.000434333
5.52145e-09
2.69728e-07
6.14778e-06
0.000390216
9.09675e-10
3.67806e-07
5.92178e-06
0.000445381
3.28139e-07
5.77115e-06
0.000488862
1.91126e-07
5.69526e-06
0.000518873
2.34662e-10
5.66289e-06
0.000534189
-1.908e-07
5.66242e-06
0.000534189
-3.29278e-07
5.69764e-06
0.000518872
-3.73812e-07
5.76808e-06
0.000488862
-2.72651e-07
5.91613e-06
0.000445381
6.14105e-06
0.000390218
2.43154e-09
2.66887e-07
4.92627e-06
0.000346184
1.02369e-09
3.61933e-07
4.73794e-06
0.000400928
3.21595e-07
4.61647e-06
0.000443833
1.85869e-07
4.5631e-06
0.000473332
-4.16098e-10
4.54429e-06
0.000488354
-1.86551e-07
4.54372e-06
0.000488354
-3.22617e-07
4.56596e-06
0.000473332
-3.66488e-07
4.617e-06
0.000443833
-2.70716e-07
4.73157e-06
0.000400929
4.91988e-06
0.000346185
-3.38031e-09
2.70705e-07
3.82884e-06
0.000302189
7.95113e-10
3.68497e-07
3.67716e-06
0.000356508
3.24059e-07
3.5917e-06
0.000398833
1.84764e-07
3.56082e-06
0.000427819
-7.69177e-10
3.5517e-06
0.000442545
-1.86583e-07
3.55139e-06
0.000442545
-3.24502e-07
3.5624e-06
0.000427819
-3.6959e-07
3.59288e-06
0.000398833
-2.73939e-07
3.67283e-06
0.000356508
3.82464e-06
0.000302189
-4.64916e-09
2.80339e-07
0.000258211
1.28604e-10
3.80355e-07
0.000312103
3.29025e-07
0.000353848
1.85524e-07
0.000382321
-8.60281e-10
0.000396752
-1.88058e-07
0.000396752
-3.30098e-07
0.000382321
-3.80184e-07
0.000353848
-2.83002e-07
0.000312103
0.000258211
-3.66523e-09
3.22807e-07
1.98088e-05
0.000571495
3.77945e-09
5.04148e-07
1.97013e-05
0.000631178
4.4707e-07
1.96345e-05
0.000679305
2.4319e-07
1.95366e-05
0.000713275
-6.35213e-09
1.94769e-05
0.000730718
-2.57803e-07
1.95062e-05
0.000730708
-4.5432e-07
1.9563e-05
0.000713235
-4.81175e-07
1.96481e-05
0.000679372
-2.90768e-07
1.96237e-05
0.000631199
1.97871e-05
0.000571309
4.44412e-08
4.96096e-07
1.76147e-05
0.000621711
5.36168e-11
6.33017e-07
1.70696e-05
0.000680405
5.46945e-07
1.67414e-05
0.000727734
3.07951e-07
1.64894e-05
0.000760894
-1.40386e-09
1.63533e-05
0.000777995
-3.07773e-07
1.63649e-05
0.000778008
-5.44852e-07
1.65037e-05
0.000760911
-6.36177e-07
1.67337e-05
0.000727729
-5.21437e-07
1.70448e-05
0.000680403
1.76199e-05
0.000621734
-2.00326e-08
4.38481e-07
1.4568e-05
0.000572339
-1.04732e-08
5.49971e-07
1.40841e-05
0.000629458
4.82699e-07
1.37486e-05
0.000675475
2.80201e-07
1.35069e-05
0.000707678
-3.15393e-09
1.33855e-05
0.000724255
-2.79967e-07
1.33868e-05
0.000724256
-4.79644e-07
1.35139e-05
0.000707679
-5.56971e-07
1.37447e-05
0.000675463
-4.51429e-07
1.40734e-05
0.000629465
1.45789e-05
0.000572379
-2.71456e-08
3.90469e-07
1.21345e-05
0.000525495
-1.13318e-08
5.0677e-07
1.17349e-05
0.000582064
4.50656e-07
1.14308e-05
0.0006274
2.59032e-07
1.12284e-05
0.000659027
-2.19342e-09
1.11256e-05
0.000675271
-2.64513e-07
1.1127e-05
0.000675271
-4.52003e-07
1.12296e-05
0.000659027
-5.10198e-07
1.14276e-05
0.000627395
-3.97016e-07
1.17282e-05
0.00058207
1.2145e-05
0.000525516
-1.85467e-08
3.53529e-07
1.00952e-05
0.000480332
-4.30393e-09
4.73373e-07
9.77107e-06
0.000536465
4.23246e-07
9.51413e-06
0.000581205
2.44216e-07
9.35619e-06
0.000612312
-1.67883e-10
9.27497e-06
0.000628255
-2.45206e-07
9.27662e-06
0.000628255
-4.23853e-07
9.35603e-06
0.000612312
-4.71974e-07
9.50843e-06
0.000581204
-3.53448e-07
9.76472e-06
0.000536468
1.0098e-05
0.000480341
2.16695e-09
3.25498e-07
8.34205e-06
0.000435755
3.02575e-09
4.4547e-07
8.07847e-06
0.000491479
3.98425e-07
7.86975e-06
0.00053565
2.30624e-07
7.75027e-06
0.000566251
9.87393e-10
7.6884e-06
0.000581903
-2.2875e-07
7.69003e-06
0.000581903
-3.97387e-07
7.75047e-06
0.000566251
-4.45454e-07
7.86524e-06
0.00053565
-3.28519e-07
8.07459e-06
0.00049148
8.33749e-06
0.000435759
6.13181e-09
3.11717e-07
6.80645e-06
0.000391436
4.25866e-09
4.2608e-07
6.59353e-06
0.000446751
3.78942e-07
6.42536e-06
0.000490353
2.20392e-07
6.33343e-06
0.000520448
6.83084e-10
6.28974e-06
0.000535808
-2.18349e-07
6.29071e-06
0.000535808
-3.79566e-07
6.33622e-06
0.000520448
-4.28902e-07
6.4232e-06
0.000490353
-3.14811e-07
6.58991e-06
0.000446752
6.80051e-06
0.000391438
1.8029e-09
3.06029e-07
5.44607e-06
0.000347237
2.01576e-09
4.17289e-07
5.27501e-06
0.000402136
3.69909e-07
5.14252e-06
0.000445163
2.14734e-07
5.07353e-06
0.000474747
-2.33536e-10
5.04639e-06
0.000489813
-2.13995e-07
5.04617e-06
0.000489812
-3.71234e-07
5.07846e-06
0.000474747
-4.20208e-07
5.14193e-06
0.000445163
-3.06477e-07
5.26906e-06
0.000402136
5.44279e-06
0.000347237
-1.15498e-09
3.03777e-07
4.23717e-06
0.000303094
1.15013e-10
4.17458e-07
4.0991e-06
0.00035757
3.69696e-07
4.00478e-06
0.000400019
2.12395e-07
3.96075e-06
0.000429089
-9.19146e-10
3.94671e-06
0.000443858
-2.13757e-07
3.94603e-06
0.000443858
-3.69971e-07
3.96457e-06
0.000429089
-4.18814e-07
4.00512e-06
0.000400019
-3.03934e-07
4.09201e-06
0.00035757
4.23448e-06
0.000303094
-5.84332e-10
3.10582e-07
0.000258979
-1.56229e-10
4.23753e-07
0.000313028
3.71219e-07
0.000354896
2.11024e-07
0.000383452
-9.5094e-10
0.000397925
-2.13682e-07
0.000397925
-3.71979e-07
0.000383452
-4.2446e-07
0.000354896
-3.12289e-07
0.000313028
0.000258979
-1.19478e-09
2.60109e-07
1.84862e-05
0.000552745
3.24961e-09
4.14327e-07
1.87729e-05
0.00061225
3.69038e-07
1.89075e-05
0.000660443
2.07293e-07
1.89638e-05
0.000694473
5.62204e-09
1.90033e-05
0.000711917
-2.23033e-07
1.90483e-05
0.000711888
-3.91544e-07
1.90068e-05
0.000694397
-4.10895e-07
1.89219e-05
0.000660469
-2.27855e-07
1.86849e-05
0.000612331
1.84382e-05
0.000552596
4.65273e-08
4.48354e-07
1.80775e-05
0.000621678
-6.70165e-09
5.91849e-07
1.77166e-05
0.000681318
5.16599e-07
1.74815e-05
0.000729235
2.91793e-07
1.72806e-05
0.000762802
9.42665e-09
1.71769e-05
0.000780104
-2.78938e-07
1.72235e-05
0.000780121
-5.07039e-07
1.73298e-05
0.000762817
-5.84998e-07
1.74884e-05
0.000729241
-4.71723e-07
1.76815e-05
0.000681293
1.80565e-05
0.000621672
-2.86099e-08
4.13792e-07
1.52859e-05
0.000574716
8.3309e-10
5.3684e-07
1.48912e-05
0.00063216
4.77105e-07
1.4613e-05
0.000678404
2.73169e-07
1.44039e-05
0.000710759
-1.94175e-09
1.42892e-05
0.000727417
-2.62603e-07
1.43188e-05
0.000727421
-4.58579e-07
1.44397e-05
0.000710765
-5.27448e-07
1.46234e-05
0.000678397
-4.23477e-07
1.48852e-05
0.000632158
1.52926e-05
0.00057475
-3.07647e-08
3.94066e-07
1.28442e-05
0.000527556
-1.31551e-08
5.07806e-07
1.25017e-05
0.00058434
4.5067e-07
1.2228e-05
0.000629842
2.58086e-07
1.20407e-05
0.000661583
-7.74621e-09
1.19386e-05
0.000677888
-2.6264e-07
1.1956e-05
0.000677889
-4.42278e-07
1.2061e-05
0.000661585
-5.0156e-07
1.22378e-05
0.00062984
-3.85379e-07
1.24957e-05
0.000584344
1.28618e-05
0.000527574
-1.34372e-08
3.65753e-07
1.07252e-05
0.000482096
-1.07063e-08
4.8369e-07
1.04393e-05
0.000538409
4.30861e-07
1.01949e-05
0.000583291
2.48303e-07
1.00407e-05
0.000614494
-5.67521e-09
9.95979e-06
0.000630488
-2.53431e-07
9.96984e-06
0.000630489
-4.26096e-07
1.00492e-05
0.000614496
-4.77564e-07
1.02021e-05
0.000583291
-3.58359e-07
1.04318e-05
0.000538412
1.07321e-05
0.000482105
7.33407e-09
3.39219e-07
8.8669e-06
0.000437273
1.49892e-09
4.61219e-07
8.63428e-06
0.000493162
4.10987e-07
8.43166e-06
0.000537463
2.37461e-07
8.31058e-06
0.000568154
-2.00514e-09
8.24933e-06
0.000583853
-2.3788e-07
8.25527e-06
0.000583853
-4.07185e-07
8.31388e-06
0.000568155
-4.56703e-07
8.43765e-06
0.000537464
-3.41724e-07
8.63305e-06
0.000493164
8.86572e-06
0.000437278
6.19052e-09
3.25849e-07
7.22744e-06
0.000392744
5.85948e-09
4.44602e-07
7.04532e-06
0.000448222
3.94447e-07
6.88252e-06
0.000491953
2.28484e-07
6.78754e-06
0.000522137
-3.80847e-10
6.74345e-06
0.000537542
-2.26664e-07
6.74656e-06
0.000537543
-3.94099e-07
6.79192e-06
0.000522137
-4.41576e-07
6.88562e-06
0.000491953
-3.28233e-07
7.04919e-06
0.000448222
7.23075e-06
0.000392746
-1.64813e-09
3.1999e-07
5.77721e-06
0.000348364
2.42153e-09
4.36489e-07
5.63653e-06
0.000403428
3.86688e-07
5.5095e-06
0.000446586
2.23626e-07
5.43742e-06
0.000476261
-3.89514e-10
5.40803e-06
0.000491372
-2.2265e-07
5.40938e-06
0.000491372
-3.87118e-07
5.44304e-06
0.000476261
-4.34167e-07
5.50971e-06
0.000446586
-3.15528e-07
5.63836e-06
0.000403428
5.78467e-06
0.000348365
2.62818e-09
3.15778e-07
4.49509e-06
0.000304062
-1.39504e-09
4.35257e-07
4.38242e-06
0.000358704
3.86972e-07
4.29186e-06
0.000401285
2.22943e-07
4.24503e-06
0.000430446
-8.81915e-10
4.22925e-06
0.000445261
-2.2304e-07
4.22894e-06
0.000445261
-3.86033e-07
4.24944e-06
0.000430446
-4.35158e-07
4.29278e-06
0.000401285
-3.11598e-07
4.3804e-06
0.000358704
4.49977e-06
0.000304062
5.54962e-09
3.19715e-07
0.000259798
-2.11308e-09
4.40828e-07
0.000314015
3.89804e-07
0.000356014
2.22928e-07
0.000384659
-1.0508e-09
0.000399178
-2.2391e-07
0.000399178
-3.89441e-07
0.000384659
-4.41983e-07
0.000356014
-3.17601e-07
0.000314015
0.000259798
3.59769e-09
1.91454e-07
1.66098e-05
0.000535942
2.40936e-09
2.89847e-07
1.72013e-05
0.000594951
2.61626e-07
1.7534e-05
0.000642937
1.72252e-07
1.77242e-05
0.000676838
1.29387e-08
1.78836e-05
0.000694192
-1.74919e-07
1.79059e-05
0.00069417
-2.96066e-07
1.7784e-05
0.000676734
-3.16483e-07
1.75511e-05
0.000642939
-1.59022e-07
1.71273e-05
0.000595046
1.65314e-05
0.000535854
5.12772e-08
3.50259e-07
1.77932e-05
0.000620148
-3.78411e-09
4.92247e-07
1.76462e-05
0.000680731
4.42958e-07
1.75393e-05
0.000729279
2.56743e-07
1.74193e-05
0.000763293
2.0527e-08
1.74025e-05
0.000780821
-2.3494e-07
1.74556e-05
0.000780827
-4.28669e-07
1.74967e-05
0.000763298
-4.90247e-07
1.75713e-05
0.000729282
-3.89567e-07
1.7618e-05
0.000680701
1.77341e-05
0.00062012
-4.00966e-08
3.56934e-07
1.53851e-05
0.000576749
1.82853e-08
4.85698e-07
1.51104e-05
0.000634567
4.34364e-07
1.4928e-05
0.000681066
2.40266e-07
1.47743e-05
0.000713598
3.53985e-09
1.47058e-05
0.000730351
-2.23962e-07
1.47507e-05
0.000730353
-4.05167e-07
1.48345e-05
0.000713608
-4.5796e-07
1.49553e-05
0.000681066
-3.68784e-07
1.5128e-05
0.000634559
1.53817e-05
0.000576773
-3.93978e-08
3.67948e-07
1.30321e-05
0.000529551
-9.38333e-09
4.70176e-07
1.278e-05
0.000586568
4.15672e-07
1.25745e-05
0.00063225
2.32498e-07
1.24245e-05
0.000664116
-1.16029e-08
1.23508e-05
0.000680487
-2.35219e-07
1.23743e-05
0.000680489
-4.01421e-07
1.24646e-05
0.000664121
-4.52276e-07
1.25948e-05
0.000632251
-3.43211e-07
1.27934e-05
0.000586569
1.30547e-05
0.000529566
-7.54887e-09
3.53285e-07
1.09262e-05
0.000483865
-1.61901e-08
4.57948e-07
1.07098e-05
0.000540375
4.05485e-07
1.05078e-05
0.00058541
2.3051e-07
1.03748e-05
0.000616719
-1.06527e-08
1.0313e-05
0.000632767
-2.40221e-07
1.03237e-05
0.000632769
-3.97017e-07
1.03949e-05
0.000616723
-4.48832e-07
1.05257e-05
0.000585412
-3.35121e-07
1.07144e-05
0.000540378
1.094e-05
0.000483873
1.13657e-08
3.31775e-07
9.0483e-06
0.000438825
-5.82024e-09
4.44682e-07
8.8673e-06
0.000494892
3.94398e-07
8.6901e-06
0.000539331
2.25643e-07
8.58015e-06
0.000570118
-4.65184e-09
8.53172e-06
0.000585864
-2.31304e-07
8.53797e-06
0.000585866
-3.89401e-07
8.58876e-06
0.00057012
-4.39498e-07
8.7067e-06
0.000539333
-3.31194e-07
8.87564e-06
0.000494894
9.05111e-06
0.00043883
5.08118e-09
3.19988e-07
7.37413e-06
0.000394094
3.83704e-09
4.34933e-07
7.23271e-06
0.000449741
3.84899e-07
7.08772e-06
0.000493605
2.20283e-07
7.00084e-06
0.000523881
-1.47049e-09
6.96293e-06
0.000539333
-2.21897e-07
6.96745e-06
0.000539333
-3.83358e-07
7.0056e-06
0.000523882
-4.2918e-07
7.09956e-06
0.000493606
-3.21984e-07
7.24793e-06
0.000449743
7.38273e-06
0.000394097
-4.54944e-09
3.15188e-07
5.88857e-06
0.000349532
2.7717e-09
4.30372e-07
5.7818e-06
0.000404764
3.80146e-07
5.67019e-06
0.000448054
2.17622e-07
5.60468e-06
0.000477819
-6.39023e-10
5.5758e-06
0.000492977
-2.17951e-07
5.57932e-06
0.000492977
-3.80129e-07
5.60868e-06
0.00047782
-4.24796e-07
5.67624e-06
0.000448054
-3.09978e-07
5.79719e-06
0.000404764
5.90435e-06
0.000349533
3.60894e-10
3.11687e-07
4.57845e-06
0.000305063
-3.07568e-09
4.29194e-07
4.49345e-06
0.000359875
3.81324e-07
4.41476e-06
0.000402588
2.19318e-07
4.37233e-06
0.00043184
-5.91983e-10
4.35468e-06
0.000446702
-2.18562e-07
4.3563e-06
0.000446702
-3.80374e-07
4.3759e-06
0.00043184
-4.26887e-07
4.41933e-06
0.000402588
-3.03069e-07
4.50263e-06
0.000359875
4.59111e-06
0.000305063
8.51901e-09
3.12996e-07
0.000260645
-4.0621e-09
4.34367e-07
0.000315032
3.8615e-07
0.000357164
2.2199e-07
0.0003859
-4.01441e-10
0.000400465
-2.20603e-07
0.000400464
-3.8531e-07
0.0003859
-4.34865e-07
0.000357163
-3.06429e-07
0.000315032
0.000260645
7.2833e-09
9.20871e-08
1.43057e-05
0.000521545
-1.12472e-09
1.43689e-07
1.52532e-05
0.000579646
1.56872e-07
1.58513e-05
0.000627073
1.46938e-07
1.61984e-05
0.000660649
1.54428e-08
1.64348e-05
0.000677889
-1.20699e-07
1.64322e-05
0.000677874
-1.69974e-07
1.6234e-05
0.00066055
-1.74372e-07
1.58661e-05
0.000627077
-4.98784e-08
1.51922e-05
0.00057973
1.42119e-05
0.00052152
7.31409e-08
2.22502e-07
1.69416e-05
0.000617287
3.07276e-09
3.50546e-07
1.7022e-05
0.000678834
3.3555e-07
1.70826e-05
0.000728063
2.09667e-07
1.70764e-05
0.000762541
1.98597e-08
1.71618e-05
0.000780284
-1.85047e-07
1.71869e-05
0.000780277
-3.27899e-07
1.71453e-05
0.000762529
-3.76363e-07
1.71388e-05
0.000728058
-2.88165e-07
1.69969e-05
0.000678809
1.68305e-05
0.000617248
-3.43066e-08
2.80089e-07
1.5033e-05
0.000578344
3.34558e-08
4.01906e-07
1.48771e-05
0.00063659
3.64607e-07
1.48054e-05
0.000683381
1.98572e-07
1.47297e-05
0.000716111
6.67101e-09
1.47415e-05
0.000732963
-1.83511e-07
1.47668e-05
0.000732964
-3.39674e-07
1.47865e-05
0.000716123
-3.74286e-07
1.4854e-05
0.000683385
-3.09385e-07
1.49077e-05
0.000636583
1.49906e-05
0.000578358
-5.47587e-08
3.23695e-07
1.28336e-05
0.000531421
5.34317e-09
4.13305e-07
1.26712e-05
0.000588684
3.60494e-07
1.25544e-05
0.000634554
1.96714e-07
1.24581e-05
0.000666551
-7.34853e-09
1.24441e-05
0.000682988
-1.97169e-07
1.24544e-05
0.000682991
-3.5064e-07
1.25024e-05
0.000666559
-3.8742e-07
1.25838e-05
0.000634558
-2.9626e-07
1.27008e-05
0.000588685
1.28348e-05
0.000531434
-8.63177e-09
3.26899e-07
1.08042e-05
0.000485583
-1.54674e-08
4.12894e-07
1.06623e-05
0.000542298
3.59809e-07
1.05245e-05
0.000587493
1.99583e-07
1.04238e-05
0.000618913
-9.85974e-09
1.04026e-05
0.000635018
-2.09907e-07
1.0403e-05
0.000635021
-3.55939e-07
1.04532e-05
0.000618918
-4.03867e-07
1.05468e-05
0.000587497
-3.01892e-07
1.06763e-05
0.0005423
1.08087e-05
0.00048559
6.54687e-09
3.12772e-07
8.96824e-06
0.000440358
-9.97419e-09
4.09479e-07
8.84725e-06
0.00049661
3.61495e-07
8.71009e-06
0.000541194
2.01377e-07
8.62186e-06
0.00057208
-6.00461e-09
8.59774e-06
0.000587877
-2.12505e-07
8.59688e-06
0.000587878
-3.58855e-07
8.63694e-06
0.000572082
-4.08943e-07
8.73303e-06
0.000541196
-3.09704e-07
8.85768e-06
0.000496614
8.96692e-06
0.000440364
-1.69342e-09
3.0376e-07
7.31518e-06
0.000395441
1.87244e-09
4.09832e-07
7.21976e-06
0.000451263
3.62355e-07
7.10075e-06
0.000495262
2.01384e-07
7.03324e-06
0.000525631
-2.23448e-09
7.00417e-06
0.00054113
-2.09787e-07
7.0068e-06
0.000541131
-3.62081e-07
7.0388e-06
0.000525632
-4.07319e-07
7.12056e-06
0.000495263
-3.09374e-07
7.23711e-06
0.000451265
7.31796e-06
0.000395445
-8.52926e-09
3.00304e-07
5.8418e-06
0.000350702
2.99656e-09
4.10784e-07
5.76938e-06
0.000406104
3.61318e-07
5.67811e-06
0.000449526
2.03819e-07
5.6279e-06
0.000479382
-6.8762e-10
5.59928e-06
0.000494587
-2.07981e-07
5.60449e-06
0.000494587
-3.63315e-07
5.63077e-06
0.000479383
-4.05085e-07
5.68979e-06
0.000449527
-3.00212e-07
5.79165e-06
0.000406105
5.85445e-06
0.000350704
-7.49753e-09
2.97377e-07
4.54156e-06
0.000306067
-1.51377e-09
4.10489e-07
4.48275e-06
0.000361049
3.63433e-07
4.41986e-06
0.000403893
2.09344e-07
4.3863e-06
0.000433236
-3.2995e-10
4.36705e-06
0.000448144
-2.0855e-07
4.3708e-06
0.000448144
-3.64397e-07
4.39079e-06
0.000433236
-4.07954e-07
4.4279e-06
0.000403894
-2.91637e-07
4.5016e-06
0.000361049
4.55532e-06
0.000306068
2.83934e-09
2.98188e-07
0.000261493
-3.38303e-09
4.15891e-07
0.00031605
3.70304e-07
0.000358313
2.142e-07
0.00038714
-1.00346e-10
0.00040175
-2.11665e-07
0.00040175
-3.69626e-07
0.000387139
-4.15793e-07
0.000358313
-2.90851e-07
0.00031605
0.000261493
6.30584e-09
-5.62018e-09
1.17778e-05
0.000509779
-6.25891e-09
1.7206e-09
1.30498e-05
0.000566589
4.88774e-08
1.39154e-05
0.00061311
1.02882e-07
1.44373e-05
0.000646158
1.82086e-08
1.47219e-05
0.000663252
-4.59497e-08
1.47085e-05
0.00066323
-3.32865e-08
1.44285e-05
0.000646108
-5.74319e-09
1.38959e-05
0.000613154
9.70574e-08
1.29677e-05
0.000566659
1.17049e-05
0.000509803
1.08739e-07
8.69042e-08
1.56651e-05
0.000613305
6.98202e-09
1.98734e-07
1.59905e-05
0.000675782
2.19367e-07
1.6253e-05
0.000725705
1.57581e-07
1.63857e-05
0.000760655
1.01302e-08
1.65493e-05
0.000778604
-1.37255e-07
1.65397e-05
0.000778593
-2.17392e-07
1.64177e-05
0.00076062
-2.53536e-07
1.63065e-05
0.000725683
-1.83308e-07
1.59474e-05
0.000675759
1.55331e-05
0.000613267
-3.10732e-08
1.93813e-07
1.43611e-05
0.000579422
3.28674e-08
2.98855e-07
1.43164e-05
0.000638159
2.76969e-07
1.43727e-05
0.000685283
1.56029e-07
1.43801e-05
0.000718237
5.14671e-09
1.44723e-05
0.000735191
-1.5014e-07
1.44669e-05
0.000735192
-2.69964e-07
1.44138e-05
0.000718247
-2.94284e-07
1.44268e-05
0.000685289
-2.58412e-07
1.43373e-05
0.000638157
1.42696e-05
0.00057943
-6.67119e-08
2.59689e-07
1.23722e-05
0.000533122
2.79019e-08
3.37768e-07
1.22782e-05
0.000590644
2.94218e-07
1.22616e-05
0.000636708
1.59626e-07
1.22245e-05
0.000668841
1.28086e-09
1.22752e-05
0.000685344
-1.56631e-07
1.22686e-05
0.000685347
-2.93967e-07
1.226e-05
0.00066885
-3.15784e-07
1.22917e-05
0.000636715
-2.52618e-07
1.23123e-05
0.000590647
1.23308e-05
0.000533135
-1.50072e-08
2.8972e-07
1.04533e-05
0.000487213
-9.13861e-10
3.5701e-07
1.03731e-05
0.000544136
3.05325e-07
1.03128e-05
0.000589494
1.63265e-07
1.02528e-05
0.000621027
-3.65107e-09
1.02713e-05
0.000637189
-1.70005e-07
1.02648e-05
0.000637191
-3.0595e-07
1.02821e-05
0.000621032
-3.47368e-07
1.03314e-05
0.000589499
-2.6547e-07
1.03923e-05
0.000544138
1.04346e-05
0.000487221
2.56769e-10
2.85203e-07
8.69563e-06
0.000441836
-5.79285e-09
3.63101e-07
8.62978e-06
0.000498275
3.17857e-07
8.54616e-06
0.000543006
1.71209e-07
8.48662e-06
0.000573993
-6.22193e-09
8.48436e-06
0.000589841
-1.83242e-07
8.47767e-06
0.000589842
-3.17835e-07
8.50369e-06
0.000573995
-3.67433e-07
8.56786e-06
0.00054301
-2.80679e-07
8.63938e-06
0.00049828
8.6813e-06
0.000441842
-5.796e-09
2.81064e-07
7.10411e-06
0.000396753
-8.17181e-10
3.72332e-07
7.05205e-06
0.000452749
3.28351e-07
6.96782e-06
0.000496884
1.7915e-07
6.92021e-06
0.000527346
-4.58499e-09
6.90447e-06
0.000542894
-1.90656e-07
6.90004e-06
0.000542895
-3.29985e-07
6.92682e-06
0.000527349
-3.74241e-07
6.98863e-06
0.000496887
-2.85931e-07
7.06348e-06
0.000452753
7.0941e-06
0.000396757
-1.0631e-08
2.78065e-07
5.67789e-06
0.000351846
3.77597e-09
3.78628e-07
5.63809e-06
0.000407417
3.32782e-07
5.56939e-06
0.00045097
1.8677e-07
5.53222e-06
0.000480916
-1.03634e-09
5.51249e-06
0.000496167
-1.93688e-07
5.51256e-06
0.000496167
-3.37286e-07
5.53589e-06
0.000480918
-3.76967e-07
5.58351e-06
0.000450972
-2.83326e-07
5.65547e-06
0.000407419
5.67866e-06
0.000351849
-1.3071e-08
2.75042e-07
4.4155e-06
0.000307052
3.20052e-09
3.8126e-07
4.38124e-06
0.000362199
3.3717e-07
4.33357e-06
0.000405173
1.93488e-07
4.30737e-06
0.000434604
3.69799e-11
4.29251e-06
0.000449557
-1.95384e-07
4.29436e-06
0.000449558
-3.41106e-07
4.31293e-06
0.000434605
-3.79627e-07
4.34188e-06
0.000405174
-2.75932e-07
4.40057e-06
0.0003622
4.4232e-06
0.000307053
-5.0449e-09
2.76634e-07
0.000262325
-1.84507e-10
3.89261e-07
0.000317047
3.46857e-07
0.000359439
1.99728e-07
0.000388354
5.13931e-11
0.000403009
-1.99423e-07
0.000403009
-3.47191e-07
0.000388353
-3.89209e-07
0.000359439
-2.75275e-07
0.000317047
0.000262325
3.44941e-10
-8.15263e-08
9.27538e-06
0.000500598
-1.27616e-08
-9.27642e-08
1.07565e-05
0.000555844
-4.03001e-08
1.18312e-05
0.000601227
3.95604e-08
1.24978e-05
0.00063358
3.57083e-08
1.28093e-05
0.000650446
3.84758e-08
1.27972e-05
0.00065043
8.28159e-08
1.24527e-05
0.000633611
1.46129e-07
1.1771e-05
0.000601319
2.20322e-07
1.06733e-05
0.000555912
9.22043e-06
0.000500662
1.41002e-07
-1.32307e-08
1.41375e-05
0.000608459
-2.44105e-09
7.3166e-08
1.46956e-05
0.000671756
1.08763e-07
1.51738e-05
0.000722327
9.76894e-08
1.54371e-05
0.000757726
6.51242e-10
1.56228e-05
0.000775888
-8.20068e-08
1.55986e-05
0.000775874
-1.11814e-07
1.54282e-05
0.000757674
-1.37055e-07
1.51873e-05
0.000722292
-8.47792e-08
1.46457e-05
0.000671734
1.40067e-05
0.000608425
-2.87027e-08
1.20335e-07
1.34818e-05
0.000579932
2.56716e-08
1.97466e-07
1.35582e-05
0.000639219
1.92816e-07
1.37423e-05
0.000686719
1.16287e-07
1.38305e-05
0.00071992
1.25495e-10
1.39479e-05
0.000736982
-1.23494e-07
1.39292e-05
0.000736985
-2.02383e-07
1.38312e-05
0.000719923
-2.22847e-07
1.37742e-05
0.000686723
-2.07749e-07
1.35649e-05
0.000639223
1.3363e-05
0.000579938
-7.17749e-08
1.97199e-07
1.17405e-05
0.000534621
4.55386e-08
2.59227e-07
1.17253e-05
0.000592415
2.31279e-07
1.17967e-05
0.000638682
1.28544e-07
1.1823e-05
0.000670952
9.22656e-09
1.18903e-05
0.000687521
-1.27907e-07
1.18886e-05
0.000687525
-2.40626e-07
1.1833e-05
0.000670961
-2.53438e-07
1.1813e-05
0.000638689
-2.14079e-07
1.17507e-05
0.000592422
1.16703e-05
0.000534635
-2.10438e-08
2.44928e-07
9.95808e-06
0.000488732
1.84408e-08
2.98229e-07
9.94583e-06
0.000545862
2.52714e-07
9.95322e-06
0.000591383
1.36027e-07
9.93879e-06
0.000623028
3.73655e-09
9.96496e-06
0.000639247
-1.33561e-07
9.9691e-06
0.000639248
-2.5745e-07
9.95561e-06
0.000623033
-2.91632e-07
9.95761e-06
0.000591389
-2.28987e-07
9.96021e-06
0.000545866
9.92399e-06
0.000488741
-2.21828e-09
2.53885e-07
8.30387e-06
0.000443238
-1.43473e-09
3.16241e-07
8.29642e-06
0.000499863
2.71772e-07
8.26545e-06
0.000544738
1.46199e-07
8.23191e-06
0.000575825
-4.43973e-09
8.23198e-06
0.000591725
-1.5096e-07
8.23255e-06
0.000591725
-2.7363e-07
8.24578e-06
0.000575828
-3.20972e-07
8.27155e-06
0.000544743
-2.46505e-07
8.29818e-06
0.000499867
8.27983e-06
0.000443244
-4.02414e-09
2.52703e-07
6.7981e-06
0.000398007
-1.67515e-09
3.30712e-07
6.79052e-06
0.000454177
2.9084e-07
6.74326e-06
0.000498446
1.594e-07
6.70901e-06
0.000529001
-6.28981e-09
6.69613e-06
0.000544595
-1.68319e-07
6.69331e-06
0.000544596
-2.90695e-07
6.71367e-06
0.000529003
-3.37283e-07
6.75502e-06
0.00049845
-2.5846e-07
6.79054e-06
0.000454182
6.77494e-06
0.000398013
-8.96278e-09
2.51287e-07
5.43989e-06
0.000352948
5.54609e-09
3.41392e-07
5.43359e-06
0.000408684
3.02361e-07
5.38746e-06
0.000452365
1.72202e-07
5.35686e-06
0.000482398
-3.11617e-09
5.34463e-06
0.000497693
-1.77302e-07
5.34029e-06
0.000497694
-3.04289e-07
5.35781e-06
0.0004824
-3.42241e-07
5.39761e-06
0.000452367
-2.59101e-07
5.43961e-06
0.000408687
5.42781e-06
0.000352951
-1.39788e-08
2.50143e-07
4.23394e-06
0.000308001
6.1627e-09
3.48241e-07
4.22418e-06
0.000363311
3.0989e-07
4.18941e-06
0.00040641
1.78891e-07
4.16586e-06
0.000435926
5.83921e-11
4.15818e-06
0.000450923
-1.80626e-07
4.15542e-06
0.000450923
-3.13666e-07
4.16858e-06
0.000435927
-3.4694e-07
4.19418e-06
0.000406411
-2.55718e-07
4.23631e-06
0.000363312
4.23355e-06
0.000308003
-1.16318e-08
2.51905e-07
0.000263128
4.13606e-09
3.5952e-07
0.00031801
3.21316e-07
0.000360526
1.83854e-07
0.000389525
3.34519e-10
0.000404223
-1.85033e-07
0.000404223
-3.22247e-07
0.000389525
-3.58266e-07
0.000360526
-2.55235e-07
0.00031801
0.000263128
-4.02097e-09
-9.72622e-08
6.9785e-06
0.00049374
-2.33096e-08
-1.15593e-07
8.5576e-06
0.000547304
-8.87833e-08
9.72989e-06
0.00059147
-1.32907e-08
1.0493e-05
0.000623012
4.21472e-08
1.08358e-05
0.000639555
1.03567e-07
1.07933e-05
0.000639575
1.57106e-07
1.042e-05
0.000623138
2.29917e-07
9.6517e-06
0.000591595
2.70534e-07
8.47041e-06
0.000547401
6.93336e-06
0.000493846
1.52656e-07
-4.40196e-08
1.24975e-05
0.000603016
-3.18525e-08
-2.82224e-10
1.32994e-05
0.000666971
2.99345e-08
1.39359e-05
0.00071809
3.70493e-08
1.43212e-05
0.000753891
-8.5374e-09
1.45079e-05
0.000772261
-3.1806e-08
1.44487e-05
0.000772242
-2.3315e-08
1.42519e-05
0.000753834
-3.18473e-08
1.38988e-05
0.000718054
4.3915e-09
1.32287e-05
0.000666939
1.23948e-05
0.000602983
-1.48401e-08
6.49326e-08
1.24931e-05
0.000579857
1.44206e-08
1.12206e-07
1.27287e-05
0.000639743
1.25261e-07
1.29897e-05
0.000687652
7.64458e-08
1.31718e-05
0.000721118
-3.41152e-09
1.32696e-05
0.0007383
-1.00103e-07
1.32276e-05
0.000738303
-1.47471e-07
1.31105e-05
0.000721112
-1.68844e-07
1.29927e-05
0.00068765
-1.59642e-07
1.26933e-05
0.000639749
1.23809e-05
0.000579861
-6.93258e-08
1.42034e-07
1.10257e-05
0.000535894
5.16761e-08
1.92505e-07
1.11189e-05
0.000593975
1.73479e-07
1.12384e-05
0.000640452
1.03332e-07
1.13324e-05
0.000672861
1.60608e-08
1.13778e-05
0.0006895
-1.06593e-07
1.13712e-05
0.000689504
-1.95722e-07
1.12907e-05
0.000672869
-2.09445e-07
1.12374e-05
0.000640458
-1.88152e-07
1.11077e-05
0.000593986
1.09464e-05
0.000535908
-2.72222e-08
1.96591e-07
9.40393e-06
0.000490126
3.11096e-08
2.4764e-07
9.46753e-06
0.000547462
2.05372e-07
9.51884e-06
0.000593144
1.21416e-07
9.54404e-06
0.0006249
1.40334e-08
9.55679e-06
0.000641175
-1.10029e-07
9.56751e-06
0.000641176
-2.19166e-07
9.52745e-06
0.000624905
-2.44401e-07
9.50081e-06
0.00059315
-1.98221e-07
9.45838e-06
0.000547469
9.35647e-06
0.000490135
-2.4882e-09
2.1755e-07
7.86312e-06
0.000444551
1.03256e-08
2.74495e-07
7.91523e-06
0.000501358
2.33447e-07
7.92237e-06
0.000546376
1.32391e-07
7.9094e-06
0.000577561
1.99262e-09
7.90164e-06
0.00059351
-1.23933e-07
7.90869e-06
0.00059351
-2.37704e-07
7.90574e-06
0.000577563
-2.78857e-07
7.90382e-06
0.000546381
-2.15826e-07
7.89937e-06
0.000501363
7.82838e-06
0.000444557
-1.127e-09
2.24106e-07
6.44711e-06
0.000399195
4.54444e-09
2.92447e-07
6.49017e-06
0.000455534
2.58976e-07
6.46822e-06
0.000499934
1.46157e-07
6.44476e-06
0.000530578
-3.3004e-09
6.4282e-06
0.000546218
-1.43573e-07
6.42617e-06
0.000546219
-2.5478e-07
6.43956e-06
0.00053058
-3.00808e-07
6.46157e-06
0.000499938
-2.28905e-07
6.47071e-06
0.000455538
6.41666e-06
0.0003992
-4.95691e-09
2.2706e-07
5.16636e-06
0.000353996
5.18604e-09
3.07885e-07
5.20031e-06
0.000409893
2.75258e-07
5.16769e-06
0.000453698
1.5996e-07
5.14228e-06
0.000483816
-1.63765e-09
5.12891e-06
0.000499154
-1.58052e-07
5.1216e-06
0.000499155
-2.70892e-07
5.13424e-06
0.000483819
-3.0885e-07
5.16589e-06
0.000453701
-2.31777e-07
5.18388e-06
0.000409897
5.14585e-06
0.000354
-9.81293e-09
2.24792e-07
4.02661e-06
0.000308908
7.96007e-09
3.17373e-07
4.04497e-06
0.000364374
2.85012e-07
4.017e-06
0.000407593
1.6721e-07
3.99502e-06
0.000437191
1.46396e-09
3.98797e-06
0.000452229
-1.64847e-07
3.98099e-06
0.00045223
-2.84084e-07
3.98809e-06
0.000437192
-3.13668e-07
4.01213e-06
0.000407594
-2.31206e-07
4.03788e-06
0.000364376
4.01633e-06
0.00030891
-9.23713e-09
2.27541e-07
0.000263895
7.64013e-09
3.3009e-07
0.000318931
2.96899e-07
0.000361566
1.71175e-07
0.000390645
1.54802e-09
0.000405384
-1.71114e-07
0.000405385
-2.97338e-07
0.000390646
-3.27566e-07
0.000361567
-2.33826e-07
0.000318932
0.000263896
-5.58405e-09
-4.98782e-08
5.02375e-06
0.000488824
-5.78883e-08
-9.58095e-08
6.58488e-06
0.000540765
-8.30133e-08
7.72332e-06
0.000583734
-4.89163e-08
8.54858e-06
0.000614429
2.82597e-08
8.89864e-06
0.000630579
1.38152e-07
8.83384e-06
0.000630631
1.83886e-07
8.4547e-06
0.000614637
2.39175e-07
7.66784e-06
0.000583872
2.32743e-07
6.49246e-06
0.000540915
4.96697e-06
0.000488983
1.29322e-07
-3.19269e-08
1.0898e-05
0.000597238
-6.44907e-08
-2.17884e-08
1.1904e-05
0.000661642
-1.5749e-08
1.26159e-05
0.000713192
-1.28568e-08
1.31139e-05
0.000749323
-1.92742e-08
1.32833e-05
0.000767883
7.6791e-09
1.31882e-05
0.000767861
3.9542e-08
1.2985e-05
0.000749272
4.63091e-08
1.25545e-05
0.00071316
8.05166e-08
1.17991e-05
0.000661599
1.08209e-05
0.000597199
1.00972e-08
3.94329e-08
1.15026e-05
0.000579205
7.17326e-09
5.8986e-08
1.19018e-05
0.000639726
6.92628e-08
1.21912e-05
0.000688067
4.33341e-08
1.24446e-05
0.000721814
-4.7741e-09
1.25033e-05
0.000739128
-7.54798e-08
1.24347e-05
0.000739127
-1.03567e-07
1.23278e-05
0.000721797
-1.27377e-07
1.21682e-05
0.00068806
-1.14108e-07
1.18068e-05
0.000639728
1.14207e-05
0.000579204
-5.67546e-08
1.11305e-07
1.03114e-05
0.000536934
3.99695e-08
1.44561e-07
1.05301e-05
0.000595313
1.29897e-07
1.06516e-05
0.000642007
8.82224e-08
1.07873e-05
0.00067456
2.11845e-08
1.07988e-05
0.000691271
-9.18064e-08
1.07779e-05
0.000691274
-1.60957e-07
1.07007e-05
0.000674566
-1.80006e-07
1.06339e-05
0.000642012
-1.65813e-07
1.04515e-05
0.000595327
1.02454e-05
0.000536945
-2.75427e-08
1.51772e-07
8.86243e-06
0.00049139
3.31777e-08
2.09956e-07
9.0018e-06
0.000548932
1.75757e-07
9.05662e-06
0.000594774
1.17792e-07
9.1068e-06
0.000626639
2.23506e-08
9.10058e-06
0.000642969
-9.88932e-08
9.10573e-06
0.000642969
-1.93445e-07
9.05746e-06
0.000626643
-2.12466e-07
9.02373e-06
0.00059478
-1.79735e-07
8.94532e-06
0.000548943
8.80368e-06
0.000491399
-1.96734e-09
1.78039e-07
7.43729e-06
0.000445772
2.63921e-08
2.47426e-07
7.53262e-06
0.000502758
2.11476e-07
7.55432e-06
0.000547914
1.29082e-07
7.55568e-06
0.000579194
1.04465e-08
7.53785e-06
0.000595191
-1.10076e-07
7.54494e-06
0.000595191
-2.14329e-07
7.52845e-06
0.000579197
-2.45296e-07
7.51631e-06
0.000547919
-1.94092e-07
7.49381e-06
0.000502764
7.38477e-06
0.000445778
3.7347e-09
1.9766e-07
6.10422e-06
0.000400311
1.885e-08
2.67004e-07
6.18186e-06
0.000456815
2.3808e-07
6.17505e-06
0.000501342
1.39092e-07
6.15968e-06
0.000532073
2.80075e-09
6.13542e-06
0.000547757
-1.25924e-07
6.1349e-06
0.000547758
-2.29501e-07
6.13689e-06
0.000532076
-2.69627e-07
6.14781e-06
0.000501347
-2.03486e-07
6.14679e-06
0.000456819
6.06614e-06
0.000400317
-1.25232e-09
2.06072e-07
4.89636e-06
0.000354988
9.77312e-09
2.8134e-07
4.95902e-06
0.00041104
2.54729e-07
4.93447e-06
0.000454966
1.51672e-07
4.91387e-06
0.000485165
2.59341e-09
4.89414e-06
0.000500545
-1.39241e-07
4.88649e-06
0.000500546
-2.43491e-07
4.89206e-06
0.000485168
-2.81369e-07
4.91803e-06
0.000454968
-2.06682e-07
4.9244e-06
0.000411044
4.8694e-06
0.000354992
-2.20548e-09
2.05701e-07
3.81979e-06
0.00030977
9.31514e-09
2.92071e-07
3.86129e-06
0.000365385
2.65307e-07
3.83453e-06
0.000408719
1.59601e-07
3.81443e-06
0.000438396
4.49445e-09
3.80426e-06
0.000453474
-1.49471e-07
3.79541e-06
0.000453475
-2.59054e-07
3.79629e-06
0.000438398
-2.86474e-07
3.81851e-06
0.000408721
-2.05545e-07
3.8317e-06
0.000365387
3.80081e-06
0.000309772
1.16901e-09
2.07109e-07
0.000264626
9.37656e-09
3.06384e-07
0.000319809
2.77932e-07
0.000362556
1.63274e-07
0.000391713
4.92236e-09
0.00040649
-1.57256e-07
0.000406491
-2.74149e-07
0.000391713
-3.00819e-07
0.000362557
-2.11742e-07
0.00031981
0.000264627
-1.08743e-09
2.26019e-08
3.47698e-06
0.000485432
-1.07512e-07
-4.97485e-08
4.89836e-06
0.000535939
-4.19064e-08
5.94122e-06
0.000577785
-5.6539e-08
6.74826e-06
0.000607696
5.54649e-09
7.09608e-06
0.000623421
1.29942e-07
7.03861e-06
0.000623468
1.71825e-07
6.65863e-06
0.000607937
2.03343e-07
5.9093e-06
0.000577931
1.56278e-07
4.80582e-06
0.000536156
3.39819e-06
0.000485642
9.89434e-08
-4.41852e-09
9.44017e-06
0.000591358
-7.92534e-08
-5.89202e-09
1.05537e-05
0.000655988
-1.95965e-08
1.13099e-05
0.000707837
-3.80158e-08
1.18765e-05
0.000744213
-2.24976e-08
1.20345e-05
0.000762929
3.19083e-08
1.19372e-05
0.000762908
7.50537e-08
1.17109e-05
0.000744176
1.02569e-07
1.12315e-05
0.00070781
1.29875e-07
1.04392e-05
0.000655938
9.36575e-06
0.000591317
4.40287e-08
3.45663e-08
1.05924e-05
0.000578006
1.23965e-08
4.44523e-08
1.10909e-05
0.000639178
3.22685e-08
1.142e-05
0.000687969
1.95262e-08
1.16958e-05
0.000722007
-4.5459e-09
1.17197e-05
0.000739467
-4.91512e-08
1.16472e-05
0.000739461
-7.58483e-08
1.15506e-05
0.000721984
-9.04552e-08
1.13428e-05
0.000687964
-6.373e-08
1.09681e-05
0.000639172
1.05449e-05
0.000577996
-3.49628e-08
1.03224e-07
9.66829e-06
0.00053774
1.50759e-08
1.18952e-07
9.95626e-06
0.000596432
9.99006e-08
1.0101e-05
0.000643345
7.81711e-08
1.02309e-05
0.000676047
1.93169e-08
1.02167e-05
0.000692833
-7.79067e-08
1.01848e-05
0.000692833
-1.35537e-07
1.01255e-05
0.000676048
-1.70066e-07
1.00384e-05
0.000643351
-1.52859e-07
9.83214e-06
0.000596446
9.62009e-06
0.000537747
-2.97092e-08
1.34931e-07
8.37654e-06
0.000492529
1.8232e-08
1.86187e-07
8.56079e-06
0.000550276
1.64586e-07
8.62282e-06
0.000596273
1.20157e-07
8.66684e-06
0.000628247
2.29596e-08
8.65103e-06
0.000644632
-9.39038e-08
8.63861e-06
0.000644632
-1.75041e-07
8.5996e-06
0.00062825
-2.00504e-07
8.56354e-06
0.00059628
-1.76605e-07
8.46235e-06
0.000550289
8.30987e-06
0.000492536
-4.18331e-09
1.55633e-07
7.05728e-06
0.000446905
3.0756e-08
2.31231e-07
7.17747e-06
0.000504065
2.06731e-07
7.20453e-06
0.000549357
1.32665e-07
7.20571e-06
0.000580729
1.69763e-08
7.18534e-06
0.000596773
-1.04603e-07
7.17832e-06
0.000596773
-2.0092e-07
7.16099e-06
0.000580732
-2.26042e-07
7.1465e-06
0.000549362
-1.83995e-07
7.11255e-06
0.000504071
6.99274e-06
0.00044691
1.14699e-09
1.77372e-07
5.80387e-06
0.00040136
2.75164e-08
2.52788e-07
5.89344e-06
0.000458024
2.28751e-07
5.89665e-06
0.000502674
1.3799e-07
5.88082e-06
0.000533489
1.19676e-08
5.85343e-06
0.000549215
-1.14481e-07
5.84679e-06
0.000549216
-2.13348e-07
5.84421e-06
0.000533491
-2.49553e-07
5.85125e-06
0.000502678
-1.91985e-07
5.84713e-06
0.000458027
5.75529e-06
0.000401364
-2.2339e-09
1.8969e-07
4.65784e-06
0.000355926
1.85237e-08
2.64306e-07
4.73037e-06
0.000412129
2.4258e-07
4.71446e-06
0.000456169
1.48336e-07
4.69248e-06
0.000486448
1.10297e-08
4.66834e-06
0.000501867
-1.24584e-07
4.66018e-06
0.000501868
-2.23933e-07
4.66112e-06
0.00048645
-2.59423e-07
4.68268e-06
0.000456172
-1.89409e-07
4.68927e-06
0.000412132
4.62443e-06
0.00035593
3.91428e-09
1.91424e-07
3.63508e-06
0.000310588
1.35142e-08
2.73902e-07
3.68565e-06
0.000366347
2.54117e-07
3.66134e-06
0.000409792
1.56818e-07
3.64174e-06
0.000439544
1.12875e-08
3.62772e-06
0.00045466
-1.34099e-07
3.61962e-06
0.000454661
-2.3682e-07
3.61595e-06
0.000439546
-2.64722e-07
3.63776e-06
0.000409794
-1.83529e-07
3.6461e-06
0.000366349
3.61156e-06
0.00031059
1.16758e-08
1.9313e-07
0.000265322
1.14776e-08
2.88693e-07
0.000320645
2.65881e-07
0.0003635
1.60329e-07
0.000392729
1.01668e-08
0.000407544
-1.43805e-07
0.000407545
-2.54982e-07
0.00039273
-2.79968e-07
0.000363501
-1.90717e-07
0.000320646
0.000265323
9.22553e-09
1.07554e-07
2.3151e-06
0.000483155
-1.45462e-07
6.86584e-09
3.53919e-06
0.000532501
-4.75408e-09
4.46356e-06
0.000573333
-3.13885e-08
5.1604e-06
0.000602562
-7.7133e-09
5.50468e-06
0.000617893
7.04677e-08
5.48324e-06
0.000617907
1.28307e-07
5.08697e-06
0.000602792
1.40158e-07
4.41697e-06
0.000573502
7.94184e-08
3.43809e-06
0.000532779
2.22889e-06
0.000483408
8.466e-08
2.74003e-09
8.15289e-06
0.000585573
-5.50652e-08
2.50488e-09
9.31352e-06
0.000650214
-1.0758e-08
1.00917e-05
0.000702222
-3.48113e-08
1.06417e-05
0.000738756
-1.69293e-08
1.08317e-05
0.000757584
3.49484e-08
1.07732e-05
0.000757566
7.44445e-08
1.04856e-05
0.000738738
1.2528e-07
9.97691e-06
0.0007022
1.48416e-07
9.18763e-06
0.000650165
8.08588e-06
0.000585542
6.65325e-08
3.21922e-08
9.79138e-06
0.00057631
2.50831e-08
4.83917e-08
1.03486e-05
0.000638127
2.46608e-08
1.07058e-05
0.000687378
3.43445e-09
1.09541e-05
0.000721716
-4.3334e-09
1.09755e-05
0.000739331
-2.34704e-08
1.093e-05
0.000739324
-6.87815e-08
1.08221e-05
0.000721693
-7.13074e-08
1.05656e-05
0.000687378
-3.34466e-08
1.02114e-05
0.000638111
9.77392e-06
0.000576295
-1.97736e-08
1.08513e-07
9.11452e-06
0.000538314
-5.81262e-09
1.17854e-07
9.43242e-06
0.000597339
9.2245e-08
9.59981e-06
0.000644476
6.94119e-08
9.69528e-06
0.000677328
1.32401e-08
9.67321e-06
0.000694192
-6.15866e-08
9.64749e-06
0.000694191
-1.22009e-07
9.60446e-06
0.000677326
-1.70805e-07
9.48122e-06
0.000644484
-1.47236e-07
9.28511e-06
0.000597349
9.08669e-06
0.000538316
-2.85829e-08
1.37021e-07
7.9527e-06
0.000493551
2.17048e-09
1.81162e-07
8.15896e-06
0.000551506
1.67324e-07
8.2321e-06
0.000597655
1.22706e-07
8.25221e-06
0.000629735
2.06313e-08
8.23388e-06
0.000646173
-9.0924e-08
8.21753e-06
0.000646173
-1.60982e-07
8.18891e-06
0.000629736
-2.01122e-07
8.14061e-06
0.000597661
-1.76662e-07
8.03376e-06
0.000551516
7.89447e-06
0.000493556
-4.31587e-09
1.57019e-07
6.72621e-06
0.000447958
1.58922e-08
2.30626e-07
6.86083e-06
0.00050529
2.17706e-07
6.88884e-06
0.000550713
1.39606e-07
6.8843e-06
0.000582175
2.08515e-08
6.8613e-06
0.000598264
-1.02514e-07
6.84901e-06
0.000598265
-1.91797e-07
6.83303e-06
0.000582177
-2.21599e-07
6.81647e-06
0.000550716
-1.84794e-07
6.77375e-06
0.000505295
6.65923e-06
0.000447962
-8.93579e-10
1.74264e-07
5.54353e-06
0.000402347
2.09176e-08
2.51934e-07
5.63994e-06
0.000459167
2.31929e-07
5.64538e-06
0.000503938
1.4244e-07
5.6293e-06
0.000534833
1.95123e-08
5.59863e-06
0.0005506
-1.07329e-07
5.59021e-06
0.000550601
-2.06276e-07
5.58781e-06
0.000534835
-2.39504e-07
5.58792e-06
0.00050394
-1.89156e-07
5.58173e-06
0.000459169
5.48883e-06
0.00040235
-4.71273e-09
1.82223e-07
4.45096e-06
0.000356816
2.10125e-08
2.58569e-07
4.52811e-06
0.000413164
2.38456e-07
4.51792e-06
0.000457317
1.4969e-07
4.49451e-06
0.000487671
1.89232e-08
4.46745e-06
0.000503129
-1.13458e-07
4.46101e-06
0.000503129
-2.12691e-07
4.46408e-06
0.000487673
-2.47237e-07
4.4754e-06
0.000457319
-1.81966e-07
4.48207e-06
0.000413166
4.41439e-06
0.000356818
4.27039e-09
1.81686e-07
3.47504e-06
0.000311366
1.55124e-08
2.62866e-07
3.52841e-06
0.000367266
2.46683e-07
3.50894e-06
0.000410817
1.5614e-07
3.48753e-06
0.000440642
1.72774e-08
3.47215e-06
0.000455795
-1.22724e-07
3.46713e-06
0.000455795
-2.21366e-07
3.46568e-06
0.000440643
-2.5115e-07
3.48025e-06
0.000410819
-1.72971e-07
3.48595e-06
0.000367267
3.44756e-06
0.000311368
1.57601e-08
1.83767e-07
0.000265985
1.14067e-08
2.75461e-07
0.000321444
2.57389e-07
0.000364403
1.5868e-07
0.000393702
1.47906e-08
0.000408553
-1.32769e-07
0.000408553
-2.38372e-07
0.000393703
-2.62891e-07
0.000364403
-1.7535e-07
0.000321446
0.000265986
1.60205e-08
1.74604e-07
1.51079e-06
0.00048164
-1.70068e-07
4.91202e-08
2.49823e-06
0.000530128
2.41029e-08
3.27774e-06
0.00057008
-5.7429e-09
3.86233e-06
0.000598729
-1.07003e-08
4.16007e-06
0.000613738
1.30734e-08
4.15586e-06
0.000613727
6.5788e-08
3.80259e-06
0.000598937
6.27906e-08
3.21543e-06
0.00057029
3.35321e-08
2.38552e-06
0.000530422
1.42055e-06
0.000481921
9.98732e-08
-1.58339e-08
7.06722e-06
0.000580036
-3.92738e-09
-1.8965e-09
8.20144e-06
0.000644496
-2.95687e-09
8.9755e-06
0.000696525
-2.1408e-08
9.50238e-06
0.000733134
-9.86466e-09
9.70411e-06
0.000752028
1.98022e-08
9.67758e-06
0.000752015
5.25927e-08
9.37343e-06
0.000733135
1.03834e-07
8.85155e-06
0.000696512
1.23476e-07
8.07122e-06
0.00064446
6.9966e-06
0.000580027
6.29307e-08
2.09894e-08
9.11586e-06
0.000574188
5.32804e-08
5.31112e-08
9.68461e-06
0.000636612
2.88577e-08
1.00533e-05
0.000686325
2.25355e-09
1.0276e-05
0.000720969
-3.0988e-09
1.02989e-05
0.000738742
-1.60281e-08
1.02784e-05
0.000738736
-7.66738e-08
1.01747e-05
0.000720952
-7.24329e-08
9.89577e-06
0.000686329
-4.23629e-08
9.56492e-06
0.000636587
9.10757e-06
0.000574172
-3.04472e-08
1.11781e-07
8.66564e-06
0.000538657
-4.55479e-09
1.24861e-07
8.96949e-06
0.000598041
1.02174e-07
9.13876e-06
0.000645413
7.10206e-08
9.21636e-06
0.000678419
1.18661e-08
9.19169e-06
0.000695358
-5.20386e-08
9.17496e-06
0.000695358
-1.22803e-07
9.15676e-06
0.000678415
-1.75405e-07
9.01046e-06
0.000645422
-1.44547e-07
8.84003e-06
0.000598043
8.65736e-06
0.000538652
-3.09187e-08
1.53569e-07
7.60574e-06
0.000494467
-9.54158e-09
1.98001e-07
7.7985e-06
0.000552632
1.83446e-07
7.87572e-06
0.000598933
1.2887e-07
7.89074e-06
0.000631115
1.9564e-08
7.8687e-06
0.000647605
-8.78431e-08
7.8499e-06
0.000647606
-1.54138e-07
7.84581e-06
0.000631113
-2.08398e-07
7.79043e-06
0.000598935
-1.75057e-07
7.68585e-06
0.000552637
7.56904e-06
0.000494467
2.08801e-09
1.74202e-07
6.44935e-06
0.000448942
-1.33768e-09
2.41171e-07
6.5797e-06
0.000506442
2.28213e-07
6.6082e-06
0.000551993
1.46112e-07
6.60453e-06
0.000583544
2.15871e-08
6.58e-06
0.000599677
-1.05328e-07
6.56348e-06
0.000599679
-1.87398e-07
6.56096e-06
0.000583544
-2.22084e-07
6.54766e-06
0.000551993
-1.8461e-07
6.49915e-06
0.000506444
6.39979e-06
0.000448943
3.67785e-09
1.81921e-07
5.32276e-06
0.000403282
9.82025e-09
2.58865e-07
5.41609e-06
0.000460254
2.38491e-07
5.42437e-06
0.000505142
1.4663e-07
5.4124e-06
0.000536117
2.32657e-08
5.37938e-06
0.000551924
-1.09496e-07
5.37209e-06
0.000551925
-2.07278e-07
5.37583e-06
0.000536118
-2.34444e-07
5.3726e-06
0.000505142
-1.84988e-07
5.3646e-06
0.000460254
5.28575e-06
0.000403283
-3.97997e-09
1.82863e-07
4.27512e-06
0.000357663
1.703e-08
2.58797e-07
4.34957e-06
0.000414155
2.37527e-07
4.34567e-06
0.000458417
1.50164e-07
4.32579e-06
0.000488845
2.22482e-08
4.29606e-06
0.00050434
-1.11111e-07
4.29457e-06
0.00050434
-2.13778e-07
4.30545e-06
0.000488846
-2.45854e-07
4.30574e-06
0.000458418
-1.80664e-07
4.31005e-06
0.000414156
4.25495e-06
0.000357665
3.50652e-09
1.80615e-07
3.33923e-06
0.000312112
9.64607e-09
2.60268e-07
3.38792e-06
0.000368148
2.43375e-07
3.3769e-06
0.000411803
1.55187e-07
3.35827e-06
0.000441698
1.89864e-08
3.341e-06
0.000456886
-1.17967e-07
3.34064e-06
0.000456886
-2.18552e-07
3.35091e-06
0.000441698
-2.49068e-07
3.35098e-06
0.000411804
-1.7211e-07
3.35182e-06
0.000368149
3.32068e-06
0.000312113
1.72553e-08
1.81129e-07
0.000266623
5.89561e-09
2.67877e-07
0.000322214
2.51502e-07
0.000365272
1.57091e-07
0.00039464
1.5112e-08
0.000409524
-1.28585e-07
0.000409524
-2.30387e-07
0.000394639
-2.57295e-07
0.000365272
-1.75069e-07
0.000322214
0.000266623
1.51858e-08
2.11802e-07
9.9487e-07
0.000480614
-1.8136e-07
1.11247e-07
1.72675e-06
0.000528502
6.3096e-08
2.37999e-06
0.000567748
-3.06508e-09
2.8637e-06
0.000595932
-1.144e-08
3.07833e-06
0.000610668
-2.51499e-08
3.07861e-06
0.000610662
1.68518e-08
2.79384e-06
0.000596101
-7.22973e-09
2.31027e-06
0.000568003
-8.54405e-09
1.65235e-06
0.000528771
9.06105e-07
0.000480879
1.26809e-07
-2.79498e-08
6.17218e-06
0.000574857
3.00924e-08
2.75211e-09
7.21179e-06
0.000638981
2.42765e-09
8.00282e-06
0.000690903
-1.81132e-08
8.51183e-06
0.000727507
-1.42836e-08
8.68065e-06
0.000746422
-8.07462e-09
8.66889e-06
0.000746418
1.97385e-08
8.37982e-06
0.000727521
5.10964e-08
7.88849e-06
0.000690903
5.96229e-08
7.14186e-06
0.000638962
6.09566e-06
0.000574873
2.38032e-08
2.64913e-09
8.5527e-06
0.00057172
8.47237e-08
4.7641e-08
9.08931e-06
0.000634689
3.61651e-08
9.48769e-06
0.000684852
2.18812e-08
9.69273e-06
0.000719802
-8.45284e-09
9.72327e-06
0.000737729
-3.38067e-08
9.70087e-06
0.000737729
-1.01628e-07
9.60432e-06
0.000719795
-9.3214e-08
9.34997e-06
0.000684859
-7.46917e-08
9.04955e-06
0.000634661
8.54827e-06
0.000571709
-6.4891e-08
1.11688e-07
8.31509e-06
0.000538768
1.55039e-08
1.30216e-07
8.56893e-06
0.000598543
1.17841e-07
8.74695e-06
0.000646167
8.26374e-08
8.81372e-06
0.000679333
1.34845e-08
8.80416e-06
0.000696346
-5.1344e-08
8.77525e-06
0.000696349
-1.38138e-07
8.77821e-06
0.000679328
-1.84061e-07
8.64466e-06
0.000646173
-1.39404e-07
8.5134e-06
0.000598534
8.33789e-06
0.000538759
-3.53284e-08
1.7208e-07
7.34069e-06
0.000495284
-1.39524e-08
2.14745e-07
7.49235e-06
0.000553666
2.00857e-07
7.57431e-06
0.000600119
1.33433e-07
7.59332e-06
0.000632403
2.4789e-08
7.57414e-06
0.000648944
-8.45225e-08
7.54624e-06
0.000648944
-1.58979e-07
7.56761e-06
0.000632398
-2.1618e-07
7.51931e-06
0.000600118
-1.65322e-07
7.43582e-06
0.000553663
7.34246e-06
0.000495279
1.8419e-08
1.90419e-07
6.23931e-06
0.000449865
-1.19594e-08
2.49815e-07
6.34287e-06
0.000507532
2.33099e-07
6.374e-06
0.00055321
1.49154e-07
6.374e-06
0.000584847
2.16666e-08
6.35381e-06
0.000601025
-1.07975e-07
6.32877e-06
0.000601026
-1.89618e-07
6.34775e-06
0.000584845
-2.26303e-07
6.34177e-06
0.000553207
-1.80255e-07
6.30281e-06
0.000507531
6.22583e-06
0.000449864
1.55766e-08
1.87219e-07
5.15737e-06
0.000404172
4.40582e-09
2.59369e-07
5.23117e-06
0.000461293
2.38219e-07
5.23999e-06
0.000506297
1.46324e-07
5.23172e-06
0.000537351
2.01596e-08
5.20634e-06
0.000553198
-1.17071e-07
5.19239e-06
0.000553199
-2.13159e-07
5.21137e-06
0.000537351
-2.38462e-07
5.21381e-06
0.000506295
-1.84824e-07
5.2103e-06
0.000461293
5.15188e-06
0.000404173
-4.55881e-10
1.803e-07
4.15016e-06
0.000358477
1.32694e-08
2.57474e-07
4.20009e-06
0.000415109
2.35761e-07
4.20014e-06
0.000459479
1.44889e-07
4.18828e-06
0.00048998
1.94192e-08
4.16109e-06
0.000505511
-1.20025e-07
4.16133e-06
0.000505511
-2.21674e-07
4.1797e-06
0.000489979
-2.4916e-07
4.1809e-06
0.000459479
-1.80339e-07
4.18818e-06
0.000415109
4.15086e-06
0.000358478
7.50064e-09
1.81985e-07
3.24086e-06
0.000312831
8.35367e-09
2.58857e-07
3.27049e-06
0.000369
2.39062e-07
3.26547e-06
0.000412757
1.49948e-07
3.25424e-06
0.000442721
1.52719e-08
3.23794e-06
0.000457944
-1.23325e-07
3.2424e-06
0.000457943
-2.23459e-07
3.25704e-06
0.000442721
-2.54429e-07
3.25782e-06
0.000412758
-1.76982e-07
3.25868e-06
0.000369001
3.24007e-06
0.000312831
1.52566e-08
1.85144e-07
0.000267239
3.58465e-09
2.66092e-07
0.000322959
2.46253e-07
0.000366116
1.52226e-07
0.000395549
1.09669e-08
0.000410467
-1.29052e-07
0.000410467
-2.30204e-07
0.000395548
-2.59985e-07
0.000366115
-1.80509e-07
0.000322959
0.000267239
1.09962e-08
2.42979e-07
6.88063e-07
0.000479878
-1.94792e-07
1.92405e-07
1.21157e-06
0.000527341
8.28315e-08
1.75636e-06
0.000566102
-5.21549e-09
2.08924e-06
0.000593931
-1.38591e-08
2.25803e-06
0.000608418
-4.89085e-08
2.25671e-06
0.000608441
-2.82592e-08
2.04407e-06
0.000594036
-5.76032e-08
1.65332e-06
0.000566379
-4.73163e-08
1.18597e-06
0.000527575
6.29655e-07
0.000480061
1.41533e-07
-3.33794e-08
5.45598e-06
0.000570099
2.32098e-08
1.1764e-08
6.3758e-06
0.000633771
3.51314e-09
7.187e-06
0.00068548
-1.9758e-08
7.61617e-06
0.000722003
-3.22564e-08
7.79626e-06
0.000740897
-3.26469e-08
7.76583e-06
0.00074091
-9.02398e-09
7.51583e-06
0.000722025
-8.14101e-09
7.06608e-06
0.000685489
-1.62692e-08
6.38715e-06
0.000633769
5.38178e-06
0.000570137
-3.24199e-08
-2.05969e-08
8.09072e-06
0.000568999
1.07017e-07
4.3007e-08
8.5717e-06
0.00063243
5.50048e-08
9.0139e-06
0.000683013
4.28225e-08
9.17134e-06
0.000718259
-1.42904e-08
9.24854e-06
0.000736334
-7.17926e-08
9.20868e-06
0.000736344
-1.27075e-07
9.10523e-06
0.000718261
-1.20179e-07
8.90017e-06
0.000683018
-1.07384e-07
8.63202e-06
0.000632403
8.07736e-06
0.000568999
-9.27736e-08
1.05431e-07
8.05059e-06
0.000538647
5.55702e-08
1.45097e-07
8.23172e-06
0.000598843
1.46102e-07
8.43794e-06
0.000646741
9.7085e-08
8.47561e-06
0.000680078
1.72003e-08
8.50603e-06
0.000697169
-6.75906e-08
8.47027e-06
0.000697172
-1.6541e-07
8.45806e-06
0.000680073
-1.97827e-07
8.36277e-06
0.000646743
-1.44673e-07
8.28648e-06
0.000598827
8.08447e-06
0.000538639
-3.21556e-08
1.94861e-07
7.14935e-06
0.000496005
-1.46172e-08
2.2655e-07
7.25111e-06
0.000554615
2.16396e-07
7.34173e-06
0.000601225
1.31585e-07
7.35316e-06
0.00063361
2.66623e-08
7.35195e-06
0.000650203
-8.37831e-08
7.32311e-06
0.000650202
-1.78862e-07
7.34633e-06
0.000633605
-2.28076e-07
7.30842e-06
0.000601221
-1.57584e-07
7.27288e-06
0.000554606
7.17736e-06
0.000495998
3.08422e-08
2.0439e-07
6.0947e-06
0.000450735
-2.02311e-08
2.52398e-07
6.16421e-06
0.000508571
2.34187e-07
6.19556e-06
0.000554375
1.44096e-07
6.19381e-06
0.000586096
1.80916e-08
6.18391e-06
0.000602319
-1.09247e-07
6.1577e-06
0.000602318
-1.99353e-07
6.18815e-06
0.000586093
-2.41972e-07
6.18807e-06
0.00055437
-1.77299e-07
6.17212e-06
0.000508567
6.11063e-06
0.000450733
2.01297e-08
1.83841e-07
5.05256e-06
0.000405026
4.36763e-09
2.50979e-07
5.0951e-06
0.000462295
2.31659e-07
5.09917e-06
0.000507413
1.40171e-07
5.0911e-06
0.000538545
1.17575e-08
5.07839e-06
0.000554432
-1.26001e-07
5.06237e-06
0.000554432
-2.21105e-07
5.09061e-06
0.000538543
-2.49224e-07
5.10117e-06
0.00050741
-1.84935e-07
5.10565e-06
0.000462295
5.06706e-06
0.000405027
4.42788e-09
1.77133e-07
4.07322e-06
0.000359264
1.53232e-08
2.5297e-07
4.09408e-06
0.000416034
2.29465e-07
4.09118e-06
0.00046051
1.35448e-07
4.08115e-06
0.000491084
9.38595e-09
4.06447e-06
0.000506651
-1.31125e-07
4.0631e-06
0.000506651
-2.29975e-07
4.08629e-06
0.000491083
-2.54454e-07
4.09459e-06
0.00046051
-1.84182e-07
4.11014e-06
0.000416034
4.08785e-06
0.000359265
7.9513e-09
1.79701e-07
3.18075e-06
0.000313529
1.43023e-08
2.56977e-07
3.18647e-06
0.000369831
2.324e-07
3.1849e-06
0.000413688
1.38885e-07
3.17566e-06
0.00044372
6.5061e-09
3.16363e-06
0.000458977
-1.31089e-07
3.1675e-06
0.000458976
-2.28625e-07
3.18464e-06
0.00044372
-2.59014e-07
3.19412e-06
0.000413689
-1.85259e-07
3.20653e-06
0.000369831
3.19377e-06
0.00031353
1.02911e-08
1.87948e-07
0.00026784
5.89405e-09
2.66016e-07
0.000323687
2.41005e-07
0.00036694
1.43543e-07
0.000396438
3.84947e-09
0.000411389
-1.3358e-07
0.000411389
-2.33521e-07
0.000396438
-2.63406e-07
0.000366939
-1.84547e-07
0.000323686
0.00026784
9.6808e-09
2.80846e-07
5.21085e-07
0.00047928
-2.03783e-07
2.5645e-07
9.1471e-07
0.000526451
9.39123e-08
1.32319e-06
0.000564941
3.28849e-09
1.51666e-06
0.000592505
-1.78289e-08
1.66196e-06
0.000606778
-6.77493e-08
1.65572e-06
0.000606835
-9.18057e-08
1.51612e-06
0.000592544
-1.13608e-07
1.20317e-06
0.000565198
-8.78681e-08
8.97783e-07
0.000526652
5.17099e-07
0.000479331
1.25026e-07
-1.66074e-08
4.86009e-06
0.000565789
-1.2306e-08
2.9483e-08
5.70864e-06
0.000628931
1.08138e-08
6.47276e-06
0.000680349
-1.62994e-08
6.82088e-06
0.000716726
-4.44959e-08
7.03152e-06
0.000735555
-4.54906e-08
6.98068e-06
0.000735586
-2.93297e-08
6.77796e-06
0.000716747
-5.50406e-08
6.35735e-06
0.000680361
-7.36495e-08
5.74242e-06
0.000628943
4.81628e-06
0.000565837
-7.30055e-08
-4.11247e-08
7.66201e-06
0.000566119
1.18753e-07
3.98073e-08
8.15111e-06
0.000629906
8.19564e-08
8.57555e-06
0.000680868
6.16292e-08
8.71177e-06
0.000716389
-1.76066e-08
8.84232e-06
0.000734603
-1.07758e-07
8.79341e-06
0.000734621
-1.41502e-07
8.67955e-06
0.000716393
-1.37294e-07
8.50584e-06
0.000680865
-1.34534e-07
8.25061e-06
0.000629892
7.65697e-06
0.000566136
-1.11967e-07
8.86431e-08
7.83076e-06
0.000538297
9.24647e-08
1.64851e-07
7.98024e-06
0.000598938
1.80173e-07
8.16414e-06
0.000647138
1.05552e-07
8.21e-06
0.000680654
2.13916e-08
8.26353e-06
0.000697831
-9.76775e-08
8.25098e-06
0.000697833
-1.96357e-07
8.20032e-06
0.000680651
-2.08706e-07
8.12801e-06
0.000647133
-1.51016e-07
8.09888e-06
0.000598921
7.87215e-06
0.000538295
-2.25863e-08
2.02986e-07
7.00623e-06
0.000496632
-5.55795e-09
2.51056e-07
7.06313e-06
0.000555484
2.24658e-07
7.15741e-06
0.000602259
1.24084e-07
7.17416e-06
0.000634747
2.30595e-08
7.17438e-06
0.000651393
-9.25027e-08
7.17855e-06
0.00065139
-2.08615e-07
7.17785e-06
0.000634744
-2.5031e-07
7.13765e-06
0.000602253
-1.66962e-07
7.14952e-06
0.000555472
7.04612e-06
0.000496625
3.17673e-08
2.1598e-07
5.9892e-06
0.000451559
-2.2714e-08
2.58623e-07
6.0248e-06
0.000509566
2.24826e-07
6.07044e-06
0.000555495
1.33903e-07
6.05905e-06
0.000587302
9.39034e-09
6.04831e-06
0.00060357
-1.11009e-07
6.05031e-06
0.000603567
-2.13299e-07
6.07417e-06
0.000587299
-2.57869e-07
6.06126e-06
0.000555491
-1.78377e-07
6.0762e-06
0.000509561
6.02193e-06
0.000451556
2.2433e-08
1.85966e-07
4.97619e-06
0.000405851
2.82441e-09
2.43402e-07
4.99517e-06
0.000463267
2.22224e-07
5.00666e-06
0.000508498
1.33136e-07
4.98496e-06
0.000539709
2.95611e-10
4.97813e-06
0.000555635
-1.30418e-07
4.97975e-06
0.000555633
-2.24267e-07
5.0058e-06
0.000539706
-2.58189e-07
5.00975e-06
0.000508496
-1.8574e-07
5.03096e-06
0.000463268
5.00098e-06
0.000405852
1.03427e-08
1.75641e-07
4.02056e-06
0.000360029
1.43802e-08
2.47032e-07
4.02105e-06
0.000416937
2.2624e-07
4.0189e-06
0.000461519
1.28716e-07
4.00158e-06
0.000492164
-3.35048e-09
3.99313e-06
0.000507768
-1.3886e-07
3.99829e-06
0.000507767
-2.3006e-07
4.01605e-06
0.000492164
-2.56713e-07
4.02757e-06
0.000461519
-1.87784e-07
4.05862e-06
0.000416938
4.03863e-06
0.000360031
8.14373e-09
1.82652e-07
3.14028e-06
0.000314212
1.46865e-08
2.56919e-07
3.13334e-06
0.000370644
2.31415e-07
3.13063e-06
0.000414602
1.3075e-07
3.12076e-06
0.000444701
-3.23957e-09
3.1116e-06
0.000459992
-1.36912e-07
3.1161e-06
0.000459992
-2.31028e-07
3.12806e-06
0.000444702
-2.60842e-07
3.14342e-06
0.000414603
-1.87262e-07
3.17153e-06
0.000370644
3.16139e-06
0.000314213
6.7087e-09
1.92752e-07
0.000268429
3.02305e-09
2.66376e-07
0.000324402
2.37598e-07
0.000367751
1.3673e-07
0.000397314
-2.38149e-09
0.000412297
-1.35778e-07
0.000412298
-2.35086e-07
0.000397314
-2.65953e-07
0.00036775
-1.86448e-07
0.000324401
0.000268429
8.16606e-09
3.19878e-07
4.43288e-07
0.000478695
-1.78651e-07
2.98192e-07
7.61615e-07
0.000525711
1.19865e-07
1.02343e-06
0.000564096
2.22215e-08
1.13347e-06
0.000591469
-2.93179e-08
1.24977e-06
0.000605579
-8.93537e-08
1.23583e-06
0.000605659
-1.41982e-07
1.13845e-06
0.000591458
-1.51538e-07
9.1892e-07
0.000564289
-1.30213e-07
7.39497e-07
0.000525891
4.97449e-07
0.00047863
7.31737e-08
2.99842e-08
4.33724e-06
0.000561922
-5.70301e-08
5.03548e-08
5.18296e-06
0.00062449
2.39077e-08
5.83192e-06
0.000675567
6.90367e-10
6.13697e-06
0.000711745
-4.53998e-08
6.372e-06
0.000730479
-5.13052e-08
6.30804e-06
0.000730519
-4.4434e-08
6.12097e-06
0.000711758
-7.62623e-08
5.73492e-06
0.000675576
-8.42377e-08
5.17276e-06
0.000624518
4.36527e-06
0.000561967
-8.22661e-08
-5.15239e-08
7.21942e-06
0.000563174
1.14562e-07
4.43876e-08
7.79863e-06
0.000627195
1.04024e-07
8.16048e-06
0.00067848
7.75524e-08
8.31263e-06
0.00071424
-1.23495e-08
8.47789e-06
0.000732587
-1.23877e-07
8.43497e-06
0.000732606
-1.49184e-07
8.29822e-06
0.000714242
-1.58824e-07
8.14382e-06
0.000678466
-1.56063e-07
7.85682e-06
0.000627205
7.25015e-06
0.000563209
-1.14317e-07
6.66483e-08
7.61611e-06
0.000537717
1.16432e-07
1.7673e-07
7.80054e-06
0.000598826
1.98516e-07
7.92664e-06
0.00064735
1.1103e-07
7.99367e-06
0.000681061
2.18334e-08
8.06318e-06
0.000698335
-1.26614e-07
8.08376e-06
0.000698333
-2.21112e-07
7.98464e-06
0.000681059
-2.22764e-07
7.93726e-06
0.000647341
-1.72809e-07
7.91051e-06
0.000598817
7.67176e-06
0.000537726
-2.47006e-08
1.95171e-07
6.88044e-06
0.000497164
8.1873e-09
2.68643e-07
6.93786e-06
0.000556273
2.27405e-07
7.00535e-06
0.000603221
1.18186e-07
7.03088e-06
0.000635819
1.73819e-08
7.03706e-06
0.00065252
-1.12691e-07
7.08893e-06
0.000652515
-2.35667e-07
7.03333e-06
0.000635818
-2.67535e-07
7.00611e-06
0.000603216
-1.76065e-07
7.02877e-06
0.000556263
6.93057e-06
0.00049716
3.03891e-08
2.16172e-07
5.90412e-06
0.00045234
-2.07263e-08
2.63716e-07
5.93406e-06
0.000510523
2.18017e-07
5.96743e-06
0.000556579
1.24148e-07
5.95494e-06
0.000588472
1.91182e-09
5.94576e-06
0.000604783
-1.15813e-07
5.99452e-06
0.000604779
-2.29462e-07
5.97663e-06
0.00058847
-2.7411e-07
5.96582e-06
0.000556576
-1.86353e-07
5.98431e-06
0.000510517
5.9379e-06
0.000452338
2.49171e-08
1.88898e-07
4.91646e-06
0.000406649
3.66781e-10
2.42766e-07
4.93304e-06
0.000464214
2.17766e-07
4.93217e-06
0.000509558
1.25862e-07
4.9089e-06
0.000540847
-1.14714e-08
4.90566e-06
0.000556812
-1.29154e-07
4.93598e-06
0.00055681
-2.25754e-07
4.93526e-06
0.000540844
-2.61571e-07
4.94047e-06
0.000509557
-1.87932e-07
4.96224e-06
0.000464216
4.93456e-06
0.000406652
1.5785e-08
1.79748e-07
3.97722e-06
0.000360777
1.15629e-08
2.46987e-07
3.98129e-06
0.000417821
2.25279e-07
3.9634e-06
0.000462509
1.24499e-07
3.94712e-06
0.000493227
-1.50181e-08
3.9463e-06
0.000508867
-1.35958e-07
3.95769e-06
0.000508867
-2.26717e-07
3.96292e-06
0.000493227
-2.53485e-07
3.97623e-06
0.00046251
-1.8604e-07
4.0089e-06
0.000417824
3.99077e-06
0.00036078
8.77401e-09
1.85879e-07
3.11135e-06
0.000314883
9.51542e-09
2.60185e-07
3.10696e-06
0.000371444
2.31866e-07
3.09113e-06
0.000415503
1.27137e-07
3.08346e-06
0.00044567
-8.68286e-09
3.07981e-06
0.000460995
-1.34342e-07
3.08039e-06
0.000460995
-2.2831e-07
3.08813e-06
0.000445671
-2.56133e-07
3.10318e-06
0.000415504
-1.83973e-07
3.13583e-06
0.000371445
3.12842e-06
0.000314884
7.39976e-09
1.90922e-07
0.000269009
2.1493e-09
2.67321e-07
0.000325107
2.35891e-07
0.000368552
1.32805e-07
0.00039818
-3.3825e-09
0.000413196
-1.33836e-07
0.000413196
-2.30901e-07
0.00039818
-2.61771e-07
0.000368552
-1.83859e-07
0.000325107
0.000269009
1.05538e-08
3.49955e-07
4.46055e-07
0.000478056
-1.56814e-07
3.16881e-07
6.94977e-07
0.000525049
1.56735e-07
8.24842e-07
0.000563431
4.44032e-08
8.98424e-07
0.000590683
-4.32139e-08
9.78669e-07
0.000604688
-1.01796e-07
9.57333e-07
0.00060476
-1.83313e-07
8.99947e-07
0.00059064
-1.70487e-07
7.50638e-07
0.000563525
-1.80088e-07
6.66241e-07
0.000525234
5.11333e-07
0.000477957
-1.80584e-08
7.074e-08
3.90923e-06
0.000558473
-8.47777e-08
6.82453e-08
4.73446e-06
0.000620453
5.17777e-08
5.24716e-06
0.000671161
1.78511e-08
5.577e-06
0.000707101
-3.67735e-08
5.7884e-06
0.000725724
-4.91732e-08
5.72907e-06
0.00072576
-6.36853e-08
5.5679e-06
0.000707105
-7.47207e-08
5.17187e-06
0.000671166
-5.13415e-08
4.66431e-06
0.000620496
3.9755e-06
0.000558508
-5.6161e-08
-4.09351e-08
6.78252e-06
0.000560246
9.52165e-08
5.95699e-08
7.45519e-06
0.000624374
1.19086e-07
7.75807e-06
0.000675909
8.61208e-08
7.98423e-06
0.000711865
-1.67252e-09
8.12397e-06
0.000730339
-1.23912e-07
8.10993e-06
0.000730347
-1.50084e-07
7.97089e-06
0.000711865
-1.7279e-07
7.77546e-06
0.000675885
-1.5189e-07
7.43542e-06
0.000624413
6.83183e-06
0.000560294
-9.27495e-08
6.2824e-08
7.40943e-06
0.000536913
1.14903e-07
1.91123e-07
7.64692e-06
0.000598506
1.98991e-07
7.72655e-06
0.000647373
1.25555e-07
7.82489e-06
0.000681294
1.93206e-08
7.89073e-06
0.000698675
-1.48897e-07
7.94433e-06
0.000698667
-2.3413e-07
7.82188e-06
0.000681293
-2.42621e-07
7.76268e-06
0.000647362
-1.98229e-07
7.69512e-06
0.000598513
7.45455e-06
0.00053693
-2.49212e-08
1.90029e-07
6.7715e-06
0.000497598
1.35968e-08
2.78075e-07
6.85091e-06
0.000556981
2.26801e-07
6.88688e-06
0.000604112
1.22531e-07
6.9199e-06
0.000636828
6.62065e-09
6.94175e-06
0.000653585
-1.29064e-07
7.01507e-06
0.00065358
-2.49877e-07
6.93242e-06
0.000636828
-2.7852e-07
6.89838e-06
0.000604109
-1.92311e-07
6.89606e-06
0.000556975
6.79936e-06
0.000497598
2.49836e-08
2.13225e-07
5.83087e-06
0.00045308
-1.31496e-08
2.67673e-07
5.87687e-06
0.000511442
2.15874e-07
5.88865e-06
0.000557629
1.1822e-07
5.87964e-06
0.00058961
-5.50572e-09
5.88467e-06
0.000605964
-1.20315e-07
5.94837e-06
0.000605961
-2.35134e-07
5.90845e-06
0.000589608
-2.80526e-07
5.89167e-06
0.000557628
-1.95837e-07
5.88916e-06
0.00051144
5.839e-06
0.00045308
2.25379e-08
1.93426e-07
4.86508e-06
0.000407425
-3.24213e-09
2.45368e-07
4.89963e-06
0.00046514
2.16009e-07
4.87879e-06
0.000510597
1.20661e-07
4.85838e-06
0.000541963
-1.61749e-08
4.8657e-06
0.000557968
-1.25934e-07
4.90197e-06
0.000557966
-2.22796e-07
4.88777e-06
0.000541961
-2.61967e-07
4.8905e-06
0.000510597
-1.93505e-07
4.89416e-06
0.000465143
4.85686e-06
0.000407428
1.20493e-08
1.84869e-07
3.94297e-06
0.00036151
4.29456e-09
2.48152e-07
3.96665e-06
0.000418691
2.24122e-07
3.92711e-06
0.000463485
1.21653e-07
3.91308e-06
0.000494275
-1.81993e-08
3.92133e-06
0.000509951
-1.3008e-07
3.92912e-06
0.000509951
-2.18084e-07
3.92748e-06
0.000494275
-2.43209e-07
3.93987e-06
0.000463485
-1.82216e-07
3.96241e-06
0.000418694
3.93644e-06
0.000361514
4.54629e-09
1.84785e-07
3.09272e-06
0.000315543
5.47485e-09
2.59364e-07
3.10259e-06
0.000372234
2.29033e-07
3.06747e-06
0.000416393
1.24197e-07
3.05987e-06
0.000446628
-8.56265e-09
3.06199e-06
0.000461987
-1.29927e-07
3.0579e-06
0.000461988
-2.20211e-07
3.05953e-06
0.000446629
-2.42202e-07
3.07163e-06
0.000416394
-1.7465e-07
3.10431e-06
0.000372236
3.09145e-06
0.000315545
9.85683e-09
1.86947e-07
0.000269582
5.15633e-09
2.69326e-07
0.000325804
2.35169e-07
0.000369345
1.31151e-07
0.000399038
-1.22412e-10
0.000414087
-1.29183e-07
0.000414087
-2.23962e-07
0.000399039
-2.53016e-07
0.000369347
-1.76849e-07
0.000325805
0.000269582
1.3708e-08
3.6022e-07
4.8816e-07
0.000477362
-1.5446e-07
3.08746e-07
6.75075e-07
0.000524425
1.89117e-07
7.08817e-07
0.000562842
6.71959e-08
7.55212e-07
0.000590049
-3.79909e-08
8.05582e-07
0.000603988
-8.75561e-08
7.90735e-07
0.000604019
-1.90014e-07
7.60483e-07
0.000589982
-1.87882e-07
6.89048e-07
0.000562834
-2.04715e-07
6.22183e-07
0.000524629
5.20005e-07
0.000477316
-8.34869e-08
8.87973e-08
3.54729e-06
0.000555406
-8.04926e-08
8.29206e-08
4.32389e-06
0.00061681
8.06225e-08
4.73985e-06
0.000667133
3.26282e-08
5.09164e-06
0.000702812
-1.49251e-08
5.26073e-06
0.000721316
-4.40762e-08
5.24681e-06
0.000721333
-7.10756e-08
5.08396e-06
0.000702808
-6.01593e-08
4.7123e-06
0.000667132
-1.79872e-09
4.19758e-06
0.000616862
3.58773e-06
0.000555431
7.24221e-09
-2.29313e-08
6.34396e-06
0.0005574
7.2654e-08
7.32796e-08
7.08194e-06
0.000621519
1.23266e-07
7.38314e-06
0.000673216
9.11948e-08
7.66525e-06
0.000709324
8.35117e-09
7.77327e-06
0.000727909
-1.10386e-07
7.81188e-06
0.000727901
-1.37921e-07
7.65392e-06
0.000709322
-1.57243e-07
7.43164e-06
0.000673185
-1.0989e-07
6.98036e-06
0.000621583
6.3719e-06
0.000557446
-4.669e-08
8.23093e-08
7.19936e-06
0.000535897
7.74315e-08
2.0514e-07
7.48865e-06
0.000597976
1.94261e-07
7.56374e-06
0.000647204
1.36918e-07
7.66917e-06
0.000681347
5.19207e-09
7.73678e-06
0.000698843
-1.52842e-07
7.80478e-06
0.000698832
-2.30095e-07
7.67573e-06
0.000681349
-2.44799e-07
7.61797e-06
0.000647191
-2.02515e-07
7.45045e-06
0.000598
7.20628e-06
0.000535917
-2.4196e-08
1.96112e-07
6.66726e-06
0.000497928
6.54362e-09
2.8493e-07
6.77482e-06
0.000557606
2.29387e-07
6.80187e-06
0.000604929
1.31971e-07
6.82277e-06
0.000637772
-4.81667e-09
6.87094e-06
0.000654588
-1.37242e-07
6.93181e-06
0.000654585
-2.53553e-07
6.84741e-06
0.000637773
-2.73997e-07
6.81926e-06
0.000604928
-2.06656e-07
6.75143e-06
0.000557607
6.65819e-06
0.00049793
8.85374e-09
2.14167e-07
5.76724e-06
0.000453781
-1.44508e-08
2.74172e-07
5.82935e-06
0.000512328
2.26461e-07
5.83052e-06
0.000558648
1.19148e-07
5.82159e-06
0.000590719
-7.12466e-09
5.84573e-06
0.000607116
-1.22992e-07
5.89378e-06
0.000607115
-2.38239e-07
5.85346e-06
0.000590718
-2.78933e-07
5.83957e-06
0.000558649
-2.08964e-07
5.7931e-06
0.000512328
5.73486e-06
0.000453781
1.31734e-08
1.97083e-07
4.81784e-06
0.00040818
-2.66726e-09
2.52583e-07
4.8676e-06
0.000466046
2.21229e-07
4.84087e-06
0.000511618
1.19971e-07
4.82474e-06
0.000543061
-1.20794e-08
4.84052e-06
0.000559106
-1.22826e-07
4.86548e-06
0.000559105
-2.16948e-07
4.8482e-06
0.00054306
-2.56938e-07
4.85795e-06
0.000511619
-1.9848e-07
4.82885e-06
0.000466048
4.78093e-06
0.000408183
1.12918e-09
1.88399e-07
3.90809e-06
0.00036223
1.39735e-09
2.52014e-07
3.94657e-06
0.000419548
2.25657e-07
3.90417e-06
0.000464448
1.24045e-07
3.89113e-06
0.00049531
-1.10503e-08
3.9036e-06
0.000511023
-1.23311e-07
3.90533e-06
0.000511024
-2.09193e-07
3.89853e-06
0.00049531
-2.33133e-07
3.91922e-06
0.000464448
-1.76888e-07
3.9159e-06
0.000419551
3.88165e-06
0.000362234
2.88855e-09
1.8596e-07
3.06773e-06
0.000316194
3.20852e-09
2.59272e-07
3.09197e-06
0.000373015
2.30273e-07
3.05192e-06
0.000417274
1.27729e-07
3.04432e-06
0.000447577
-1.56309e-09
3.04913e-06
0.000462971
-1.22756e-07
3.04276e-06
0.000462972
-2.11069e-07
3.03766e-06
0.000447578
-2.22432e-07
3.04987e-06
0.000417275
-1.57895e-07
3.07012e-06
0.000373017
3.05561e-06
0.000316196
1.71683e-08
1.86978e-07
0.000270148
3.45354e-09
2.68295e-07
0.000326496
2.36075e-07
0.000370133
1.3317e-07
0.000399891
5.72941e-09
0.000414972
-1.24972e-07
0.000414972
-2.21729e-07
0.000399892
-2.42869e-07
0.000370134
-1.65871e-07
0.000326497
0.000270149
1.48736e-08
3.36215e-07
5.22166e-07
0.000476644
-1.40507e-07
2.67483e-07
6.75887e-07
0.000523818
2.0796e-07
6.50262e-07
0.000562251
8.87774e-08
6.68996e-07
0.0005895
-3.12062e-08
7.13732e-07
0.000603394
-7.21443e-08
7.01024e-07
0.000603359
-1.75058e-07
6.82112e-07
0.000589403
-2.29922e-07
6.95909e-07
0.000562193
-2.16005e-07
5.82179e-07
0.000524033
5.08269e-07
0.000476695
-1.03608e-07
5.56093e-08
3.22172e-06
0.000552683
-3.21173e-08
7.0305e-08
3.93392e-06
0.000613537
9.56263e-08
4.29292e-06
0.000663465
4.64083e-08
4.65081e-06
0.00069888
1.06311e-08
4.8059e-06
0.00071726
-3.13037e-08
4.82567e-06
0.00071725
-6.28727e-08
4.65442e-06
0.000698867
-3.63582e-08
4.34395e-06
0.000663458
5.51223e-08
3.75887e-06
0.000613594
3.2145e-06
0.000552704
7.58775e-08
-9.15358e-09
5.89318e-06
0.000554674
6.36821e-08
8.20825e-08
6.66613e-06
0.000618696
1.14325e-07
7.0161e-06
0.00067046
7.57654e-08
7.33908e-06
0.000706674
1.63146e-08
7.42803e-06
0.000725346
-7.81844e-08
7.49292e-06
0.000725328
-1.05851e-07
7.33418e-06
0.00070667
-1.26324e-07
7.12326e-06
0.000670426
-5.3459e-08
6.49711e-06
0.000618772
5.88223e-06
0.00055471
1.47888e-08
1.12353e-07
6.95789e-06
0.000534688
3.2477e-08
2.09741e-07
7.3042e-06
0.000597241
1.77247e-07
7.41755e-06
0.000646835
1.26443e-07
7.51936e-06
0.000681218
-1.02154e-08
7.57151e-06
0.000698836
-1.35059e-07
7.62278e-06
0.000698827
-1.96966e-07
7.52532e-06
0.000681219
-2.15855e-07
7.51111e-06
0.000646822
-1.80514e-07
7.1868e-06
0.000597275
6.93449e-06
0.000534706
-2.23617e-08
1.99636e-07
6.55814e-06
0.000498141
-1.32725e-08
2.77945e-07
6.68946e-06
0.000558143
2.27081e-07
6.72632e-06
0.000605672
1.39097e-07
6.73208e-06
0.000638647
-1.33158e-08
6.78525e-06
0.000655526
-1.35384e-07
6.80211e-06
0.000655528
-2.39574e-07
6.7541e-06
0.000638648
-2.44619e-07
6.77205e-06
0.000605672
-2.11276e-07
6.61189e-06
0.000558149
6.52113e-06
0.000498145
-1.29719e-08
2.1403e-07
5.70854e-06
0.000454437
-2.13829e-08
2.79238e-07
5.77245e-06
0.00051318
2.43257e-07
5.7742e-06
0.000559636
1.31216e-07
5.76514e-06
0.000591798
-3.22562e-09
5.79668e-06
0.000608239
-1.26869e-07
5.79921e-06
0.000608241
-2.42186e-07
5.78944e-06
0.000591798
-2.58602e-07
5.79967e-06
0.000559637
-2.15561e-07
5.71642e-06
0.00051318
5.65539e-06
0.000454437
-6.33923e-09
2.00488e-07
4.77337e-06
0.000408914
8.05723e-11
2.65009e-07
4.81924e-06
0.000466935
2.32488e-07
4.80285e-06
0.000512622
1.2813e-07
4.7887e-06
0.000544142
5.33606e-10
4.80403e-06
0.000560226
-1.25056e-07
4.80187e-06
0.000560228
-2.21701e-07
4.80415e-06
0.000544142
-2.52769e-07
4.82693e-06
0.000512623
-2.0785e-07
4.78561e-06
0.000466934
4.72761e-06
0.000408915
-1.23276e-08
1.97035e-07
3.86595e-06
0.000362938
2.73177e-09
2.66612e-07
3.90375e-06
0.000420394
2.36268e-07
3.88202e-06
0.000465399
1.34942e-07
3.86683e-06
0.000496333
3.95827e-09
3.87452e-06
0.000512084
-1.22796e-07
3.86804e-06
0.000512084
-2.07762e-07
3.86582e-06
0.000496334
-2.31775e-07
3.90028e-06
0.000465399
-1.7287e-07
3.88307e-06
0.000420395
3.84473e-06
0.00036294
4.07631e-09
1.96595e-07
3.03421e-06
0.000316837
-7.85513e-09
2.68133e-07
3.0587e-06
0.000373788
2.39858e-07
3.03709e-06
0.000418147
1.39466e-07
3.02596e-06
0.000448518
8.82513e-09
3.02922e-06
0.000463947
-1.22389e-07
3.02376e-06
0.000463947
-2.13121e-07
3.01582e-06
0.000448519
-2.21822e-07
3.03695e-06
0.000418147
-1.50123e-07
3.03901e-06
0.000373789
3.03307e-06
0.000316838
1.95885e-08
1.98167e-07
0.000270709
-9.91302e-09
2.72772e-07
0.000327183
2.42852e-07
0.000370915
1.41195e-07
0.000400738
1.1248e-08
0.000415851
-1.25414e-07
0.000415851
-2.28157e-07
0.000400738
-2.43243e-07
0.000370916
-1.65937e-07
0.000327183
0.000270709
1.35376e-08
2.85575e-07
5.29649e-07
0.000475936
-1.06491e-07
2.1976e-07
6.6845e-07
0.000523215
2.15003e-07
6.32423e-07
0.000561624
1.12626e-07
6.24337e-07
0.000588978
-3.16249e-08
6.73569e-07
0.000602865
-7.82657e-08
6.63809e-07
0.000602742
-1.49691e-07
6.37281e-07
0.000588837
-2.57915e-07
7.01702e-07
0.0005616
-2.15417e-07
5.63248e-07
0.000523427
4.9188e-07
0.000476085
-9.76803e-08
-6.31648e-09
2.91606e-06
0.000550269
3.32565e-08
3.20518e-08
3.56086e-06
0.000610606
8.65293e-08
3.90671e-06
0.000660136
4.92026e-08
4.25272e-06
0.000695289
2.17042e-08
4.41684e-06
0.000713544
-1.95094e-08
4.44159e-06
0.000713514
-5.13532e-08
4.26654e-06
0.00069527
-2.04018e-08
4.00652e-06
0.000660122
9.60675e-08
3.37807e-06
0.000610663
2.89531e-06
0.000550295
1.0232e-07
-2.91691e-08
5.44896e-06
0.000552089
8.15393e-08
7.46916e-08
6.2065e-06
0.000615946
9.51256e-08
6.64827e-06
0.000667698
4.78267e-08
6.99739e-06
0.000703977
1.21236e-08
7.09791e-06
0.000722701
-3.51699e-08
7.13054e-06
0.000722686
-7.80582e-08
7.01344e-06
0.000703966
-9.00924e-08
6.77935e-06
0.000667666
1.43532e-08
6.02435e-06
0.000616021
5.40964e-06
0.000552116
9.40388e-08
1.2837e-07
6.6886e-06
0.000533302
1.7846e-08
2.1233e-07
7.05892e-06
0.000596304
1.60277e-07
7.26999e-06
0.000646265
1.03959e-07
7.36965e-06
0.000680902
-2.00315e-08
7.41024e-06
0.000698648
-1.10028e-07
7.4026e-06
0.000698645
-1.66006e-07
7.38867e-06
0.0006809
-1.81172e-07
7.36078e-06
0.000646256
-1.555e-07
6.93355e-06
0.000596341
6.64959e-06
0.000533321
-9.93526e-09
2.04595e-07
6.43112e-06
0.000498226
-3.20277e-08
2.60341e-07
6.56544e-06
0.00055858
2.19149e-07
6.6492e-06
0.000606334
1.37806e-07
6.64851e-06
0.00063945
-1.64636e-08
6.69353e-06
0.000656397
-1.35782e-07
6.64796e-06
0.000656402
-2.12885e-07
6.66379e-06
0.00063945
-2.07494e-07
6.69092e-06
0.000606337
-1.98912e-07
6.4859e-06
0.000558588
6.39644e-06
0.000498231
-3.11422e-08
2.06336e-07
5.6402e-06
0.000455046
-2.38698e-08
2.69927e-07
5.68639e-06
0.000513995
2.50998e-07
5.71215e-06
0.000560592
1.40981e-07
5.71053e-06
0.000592846
2.94335e-09
5.73776e-06
0.000609333
-1.30187e-07
5.68442e-06
0.000609338
-2.33978e-07
5.71887e-06
0.000592846
-2.40586e-07
5.74219e-06
0.000560593
-2.14827e-07
5.64727e-06
0.000513993
5.5883e-06
0.000455044
-1.35925e-08
2.10458e-07
4.71761e-06
0.000409627
-1.59841e-10
2.79502e-07
4.74725e-06
0.000467805
2.49802e-07
4.75582e-06
0.000513608
1.41145e-07
4.75596e-06
0.000545205
1.79999e-08
4.75752e-06
0.000561329
-1.25674e-07
4.72303e-06
0.000561333
-2.27176e-07
4.7567e-06
0.000545206
-2.51187e-07
4.78197e-06
0.000513607
-2.08088e-07
4.73829e-06
0.0004678
4.67992e-06
0.000409624
-9.19126e-09
2.12099e-07
3.81777e-06
0.000363633
-7.11944e-09
2.77922e-07
3.84771e-06
0.000421228
2.43934e-07
3.8505e-06
0.000466338
1.47514e-07
3.84121e-06
0.000497344
2.17495e-08
3.83458e-06
0.000513132
-1.26146e-07
3.82281e-06
0.000513133
-2.14881e-07
3.83461e-06
0.000497345
-2.40814e-07
3.86966e-06
0.000466337
-1.78227e-07
3.84478e-06
0.000421226
3.80922e-06
0.000363632
1.66675e-10
2.163e-07
2.99317e-06
0.000317471
-2.60272e-08
2.80264e-07
3.01881e-06
0.000374553
2.48749e-07
3.0174e-06
0.000419012
1.514e-07
3.00557e-06
0.000449451
1.87582e-08
2.9995e-06
0.000464914
-1.26146e-07
3.00096e-06
0.000464914
-2.21194e-07
2.99752e-06
0.000449451
-2.3866e-07
3.02341e-06
0.00041901
-1.68418e-07
3.01118e-06
0.000374552
3.00216e-06
0.00031747
5.7073e-09
2.115e-07
0.000271264
-2.64906e-08
2.79318e-07
0.000327863
2.50034e-07
0.000371692
1.49349e-07
0.000401579
1.4032e-08
0.000416726
-1.29781e-07
0.000416725
-2.37283e-07
0.000401579
-2.52116e-07
0.000371691
-1.75991e-07
0.000327863
0.000271264
6.16771e-09
2.2831e-07
5.2211e-07
0.000475255
-7.01895e-08
1.81053e-07
6.55874e-07
0.000522607
1.9174e-07
6.47145e-07
0.000560966
1.34049e-07
5.84048e-07
0.000588451
-4.73041e-08
6.61073e-07
0.000602385
-1.00863e-07
6.48541e-07
0.000602147
-1.35062e-07
6.2712e-07
0.000588244
-2.90571e-07
6.99996e-07
0.000561055
-2.18162e-07
5.48753e-07
0.000522806
4.58148e-07
0.000475479
-6.96409e-08
-6.51294e-08
2.63525e-06
0.000548133
8.78238e-08
-1.07661e-08
3.22134e-06
0.000607986
6.32988e-08
3.58767e-06
0.000657121
3.62802e-08
3.87501e-06
0.000692025
8.92286e-09
4.08109e-06
0.000710152
-1.57795e-08
4.07597e-06
0.000710111
-4.45103e-08
3.92614e-06
0.000692
-2.75109e-08
3.70005e-06
0.000657105
9.11556e-08
3.05529e-06
0.000608038
2.57897e-06
0.000548169
9.58972e-08
-7.03078e-08
5.01635e-06
0.000549657
1.20516e-07
4.40674e-08
5.75673e-06
0.000613297
6.92166e-08
6.28665e-06
0.000664974
1.47618e-08
6.62366e-06
0.000701282
2.65834e-12
6.77343e-06
0.000720024
-1.01911e-08
6.74871e-06
0.000720024
-6.63089e-08
6.68278e-06
0.000701266
-6.43286e-08
6.41165e-06
0.000664952
5.74922e-08
5.59407e-06
0.000613361
4.92991e-06
0.000549682
1.40851e-07
1.06637e-07
6.39894e-06
0.000531766
4.68742e-08
1.95486e-07
6.79874e-06
0.000595173
1.44492e-07
7.10372e-06
0.000645499
7.13635e-08
7.20378e-06
0.000680395
-1.99071e-08
7.24228e-06
0.00069827
-9.3443e-08
7.19186e-06
0.000698275
-1.51437e-07
7.25107e-06
0.00068039
-1.61322e-07
7.17928e-06
0.000645498
-1.394e-07
6.70497e-06
0.000595208
6.33728e-06
0.000531789
-1.47849e-08
1.99572e-07
6.29237e-06
0.000498169
-3.61024e-08
2.48527e-07
6.42319e-06
0.000558907
2.17709e-07
6.56003e-06
0.000606908
1.32987e-07
6.56562e-06
0.000640172
-1.44278e-08
6.59245e-06
0.000657194
-1.41327e-07
6.52008e-06
0.0006572
-2.06455e-07
6.59456e-06
0.000640172
-2.0452e-07
6.60162e-06
0.000606913
-2.10465e-07
6.38573e-06
0.000558913
6.24427e-06
0.000498174
-6.10879e-08
2.03377e-07
5.5611e-06
0.000455599
-2.51891e-08
2.64231e-07
5.58816e-06
0.000514769
2.53654e-07
5.64882e-06
0.000561514
1.45526e-07
5.65821e-06
0.000593861
6.18247e-09
5.66856e-06
0.000610396
-1.34818e-07
5.59717e-06
0.000610402
-2.18594e-07
5.66326e-06
0.000593861
-2.18406e-07
5.68261e-06
0.000561512
-1.92748e-07
5.59034e-06
0.000514763
5.50659e-06
0.000455595
-6.29638e-09
2.14137e-07
4.6613e-06
0.000410314
-1.82627e-09
2.80178e-07
4.67309e-06
0.000468654
2.53699e-07
4.70887e-06
0.000514574
1.47353e-07
4.71987e-06
0.00054625
2.65079e-08
4.70351e-06
0.000562415
-1.27439e-07
4.66598e-06
0.000562418
-2.22988e-07
4.71391e-06
0.000546251
-2.38722e-07
4.7354e-06
0.00051457
-1.90231e-07
4.69657e-06
0.000468646
4.62615e-06
0.00041031
5.09295e-09
2.27191e-07
3.76711e-06
0.000364313
-1.36211e-08
2.8712e-07
3.79281e-06
0.000422048
2.49138e-07
3.82029e-06
0.000467265
1.56271e-07
3.81396e-06
0.000498343
3.05356e-08
3.79306e-06
0.000514168
-1.2733e-07
3.78877e-06
0.000514168
-2.21996e-07
3.81029e-06
0.000498343
-2.50046e-07
3.83755e-06
0.000467263
-1.84565e-07
3.81297e-06
0.000422044
3.76665e-06
0.00036431
-3.23343e-09
2.21753e-07
2.95306e-06
0.000318096
-3.26222e-08
2.80099e-07
2.97895e-06
0.000375309
2.48243e-07
2.99691e-06
0.000419867
1.55549e-07
2.98286e-06
0.000450375
1.91992e-08
2.97086e-06
0.000465873
-1.2918e-07
2.97948e-06
0.000465872
-2.26844e-07
2.98494e-06
0.000450374
-2.50335e-07
3.00569e-06
0.000419866
-1.74732e-07
2.98296e-06
0.000375307
2.96942e-06
0.000318094
-1.34855e-09
2.16168e-07
0.000271813
-3.47374e-08
2.78097e-07
0.000328537
2.51027e-07
0.000372462
1.50173e-07
0.000402414
1.01835e-08
0.000417593
-1.3462e-07
0.000417593
-2.42331e-07
0.000402413
-2.60302e-07
0.00037246
-1.82103e-07
0.000328537
0.000271812
-1.10861e-09
2.0556e-07
4.955e-07
0.000474616
-6.14232e-08
1.72973e-07
6.47856e-07
0.000521991
1.41308e-07
6.83856e-07
0.000560314
1.15932e-07
5.66768e-07
0.00058791
-6.30959e-08
6.28207e-07
0.000601936
-1.21387e-07
6.43901e-07
0.000601561
-1.43e-07
6.36729e-07
0.000587629
-3.19157e-07
6.79284e-07
0.000560552
-2.16897e-07
5.33031e-07
0.00052217
4.16116e-07
0.00047486
-1.43725e-08
-9.27609e-08
2.38025e-06
0.000546244
9.75729e-08
-4.92936e-08
2.94422e-06
0.000605646
1.39916e-08
3.34795e-06
0.000654394
9.21605e-09
3.52485e-06
0.000689071
-1.75215e-08
3.74164e-06
0.000707065
-1.74169e-08
3.7333e-06
0.000707022
-4.60336e-08
3.62683e-06
0.000689038
-6.32058e-08
3.41372e-06
0.000654387
2.9454e-08
2.78682e-06
0.000605691
2.27451e-06
0.000546291
4.86272e-08
-1.11141e-07
4.60786e-06
0.000547388
1.52407e-07
-7.29183e-09
5.36999e-06
0.000610767
3.82658e-08
5.95098e-06
0.000662326
-1.55357e-08
6.23182e-06
0.000698629
-2.65518e-08
6.41663e-06
0.00071736
-1.29861e-08
6.36492e-06
0.000717379
-7.25281e-08
6.33956e-06
0.000698612
-5.58309e-08
6.02572e-06
0.000662323
6.35881e-08
5.21231e-06
0.000610816
4.47627e-06
0.000547417
1.26861e-07
3.63092e-08
6.11804e-06
0.000530118
1.01321e-07
1.43478e-07
6.57087e-06
0.000593865
1.35495e-07
6.91071e-06
0.000644547
4.50728e-08
7.02087e-06
0.000679696
-2.39471e-08
7.05717e-06
0.000697699
-9.40237e-08
6.99716e-06
0.000697713
-1.64046e-07
7.10813e-06
0.000679691
-1.72338e-07
6.97359e-06
0.000644558
-1.3868e-07
6.48825e-06
0.000593898
6.01644e-06
0.000530148
-3.782e-08
1.81651e-07
6.16052e-06
0.000497957
-1.20132e-08
2.46239e-07
6.30374e-06
0.00055911
2.24033e-07
6.45618e-06
0.000607385
1.25449e-07
6.48551e-06
0.000640806
-1.2051e-08
6.48002e-06
0.000657909
-1.46713e-07
6.41698e-06
0.000657915
-2.01963e-07
6.52973e-06
0.000640806
-2.20226e-07
6.51544e-06
0.000607389
-2.24073e-07
6.29182e-06
0.000559113
6.08534e-06
0.000497963
-8.14046e-08
2.07907e-07
5.48728e-06
0.000456089
-2.48323e-08
2.70302e-07
5.51425e-06
0.000515496
2.54666e-07
5.588e-06
0.000562398
1.46206e-07
5.61282e-06
0.000594842
6.27581e-09
5.58843e-06
0.000611427
-1.46497e-07
5.54059e-06
0.000611431
-2.09792e-07
5.61269e-06
0.000594842
-2.1901e-07
5.64477e-06
0.000562391
-1.91209e-07
5.54036e-06
0.000515487
5.41677e-06
0.000456085
-1.17156e-08
2.22366e-07
4.61427e-06
0.000410975
-1.01395e-08
2.84941e-07
4.62564e-06
0.00046948
2.52697e-07
4.67449e-06
0.00051552
1.47763e-07
4.69158e-06
0.000547276
2.22524e-08
4.64678e-06
0.000563482
-1.3494e-07
4.63334e-06
0.000563482
-2.23832e-07
4.67618e-06
0.000547276
-2.27439e-07
4.70514e-06
0.000515513
-1.76823e-07
4.66544e-06
0.00046947
4.5715e-06
0.000410969
8.70297e-09
2.22095e-07
3.72929e-06
0.000364979
-2.50746e-09
2.8214e-07
3.75941e-06
0.000422855
2.42977e-07
3.80056e-06
0.000468178
1.54424e-07
3.79423e-06
0.000499329
2.13842e-08
3.75723e-06
0.000515191
-1.32428e-07
3.76529e-06
0.000515189
-2.34168e-07
3.79239e-06
0.000499328
-2.46067e-07
3.80352e-06
0.000468176
-1.76141e-07
3.78967e-06
0.00042285
3.73061e-06
0.000364974
4.3562e-10
2.10548e-07
2.92008e-06
0.000318711
-1.64389e-08
2.69622e-07
2.95484e-06
0.000376054
2.39459e-07
2.98488e-06
0.000420713
1.5048e-07
2.96931e-06
0.000451289
8.61082e-09
2.95036e-06
0.000466822
-1.36871e-07
2.96217e-06
0.00046682
-2.35903e-07
2.97734e-06
0.000451288
-2.629e-07
2.98373e-06
0.000420712
-1.83224e-07
2.96414e-06
0.000376053
2.93647e-06
0.000318709
-4.12998e-09
2.0045e-07
0.000272355
-2.30216e-08
2.60911e-07
0.000329204
2.3823e-07
0.000373224
1.41552e-07
0.000403242
-1.15925e-09
0.000418454
-1.40729e-07
0.000418454
-2.42648e-07
0.000403241
-2.6927e-07
0.000373223
-1.88149e-07
0.000329204
0.000272354
-4.65959e-09
2.15926e-07
4.56353e-07
0.000474016
-7.21576e-08
1.85272e-07
6.34424e-07
0.000521388
8.76103e-08
7.00732e-07
0.000559711
7.8453e-08
5.67639e-07
0.000587351
-5.17379e-08
5.86062e-07
0.00060148
-1.24004e-07
6.45413e-07
0.000600988
-1.81086e-07
6.61283e-07
0.000587024
-3.0387e-07
6.18553e-07
0.000560056
-2.06712e-07
5.36927e-07
0.000521536
3.86495e-07
0.00047423
3.69084e-08
-7.02789e-08
2.13362e-06
0.000544568
6.85463e-08
-5.89611e-08
2.70922e-06
0.00060356
-2.90276e-08
3.12674e-06
0.000651938
-8.79265e-09
3.21742e-06
0.000686401
-3.57078e-08
3.41686e-06
0.000704261
-2.27411e-08
3.43655e-06
0.000704218
-4.32637e-08
3.3636e-06
0.000686356
-8.38236e-08
3.09504e-06
0.000651952
-2.14977e-08
2.5696e-06
0.000603596
2.03272e-06
0.000544624
-4.38022e-10
-1.35711e-07
4.21136e-06
0.000545289
1.57511e-07
-4.23313e-08
5.00881e-06
0.000608374
2.17183e-08
5.60671e-06
0.000659782
-2.3287e-08
5.84864e-06
0.000696043
-5.72455e-08
6.06166e-06
0.000714749
-3.68938e-08
6.01606e-06
0.000714779
-7.87541e-08
5.98608e-06
0.000696032
-5.32095e-08
5.58988e-06
0.000659803
5.23041e-08
4.86931e-06
0.00060841
4.08233e-06
0.000545325
9.47604e-08
-2.39199e-08
5.80782e-06
0.000528403
1.42228e-07
1.04649e-07
6.33958e-06
0.000592406
1.38741e-07
6.69633e-06
0.000643423
3.13877e-08
6.84014e-06
0.000678812
-3.00334e-08
6.88252e-06
0.000696939
-1.04579e-07
6.84225e-06
0.000696961
-1.86981e-07
6.94727e-06
0.000678813
-2.02226e-07
6.71753e-06
0.000643446
-1.38255e-07
6.26328e-06
0.00059244
5.69214e-06
0.000528439
-3.87776e-08
1.4622e-07
6.00252e-06
0.000497579
3.68355e-08
2.32405e-07
6.18806e-06
0.000559175
2.1967e-07
6.34339e-06
0.00060775
1.12828e-07
6.41062e-06
0.000641343
-6.58273e-09
6.37844e-06
0.000658533
-1.47571e-07
6.36151e-06
0.000658537
-2.043e-07
6.46537e-06
0.000641344
-2.54152e-07
6.40088e-06
0.000607755
-2.39972e-07
6.18424e-06
0.000559178
5.91643e-06
0.000497587
-8.88577e-08
2.20584e-07
5.39645e-06
0.000456506
-3.13289e-08
2.81308e-07
5.45428e-06
0.000516169
2.47103e-07
5.53671e-06
0.000563239
1.45566e-07
5.56796e-06
0.000595787
4.04527e-09
5.5238e-06
0.000612423
-1.51528e-07
5.52495e-06
0.000612423
-2.01327e-07
5.57183e-06
0.000595785
-2.27393e-07
5.58732e-06
0.000563231
-1.98744e-07
5.48331e-06
0.000516159
5.32188e-06
0.000456503
-2.29105e-08
2.2481e-07
4.56086e-06
0.000411606
-2.05723e-08
2.81344e-07
4.59731e-06
0.00047028
2.42528e-07
4.65238e-06
0.000516443
1.40287e-07
4.66361e-06
0.000548283
3.10363e-09
4.61444e-06
0.000564529
-1.4361e-07
4.62741e-06
0.000564527
-2.25304e-07
4.64816e-06
0.000548282
-2.28057e-07
4.66613e-06
0.000516437
-1.75835e-07
4.62919e-06
0.000470272
4.51205e-06
0.000411602
1.29734e-09
2.02838e-07
3.69792e-06
0.000365628
1.10108e-08
2.62177e-07
3.7468e-06
0.000423646
2.29185e-07
3.78605e-06
0.000469077
1.34985e-07
3.78532e-06
0.000500302
-5.06362e-09
3.74572e-06
0.0005162
-1.44972e-07
3.75812e-06
0.000516199
-2.45278e-07
3.77532e-06
0.000500302
-2.5515e-07
3.77529e-06
0.000469077
-1.85898e-07
3.76643e-06
0.000423643
3.68756e-06
0.000365625
-1.18479e-08
1.74077e-07
2.9036e-06
0.000319316
1.53471e-08
2.40249e-07
2.94527e-06
0.00037679
2.1491e-07
2.97512e-06
0.000421549
1.27699e-07
2.96819e-06
0.000452193
-1.36398e-08
2.94811e-06
0.000467761
-1.46415e-07
2.95105e-06
0.00046776
-2.43012e-07
2.96618e-06
0.000452194
-2.711e-07
2.96543e-06
0.00042155
-1.92235e-07
2.95047e-06
0.00037679
2.9044e-06
0.000319315
-1.4785e-08
1.62496e-07
0.00027289
9.70562e-09
2.29935e-07
0.000329864
2.10812e-07
0.00037398
1.22097e-07
0.000404062
-1.58582e-08
0.000419307
-1.43925e-07
0.000419308
-2.37434e-07
0.000404063
-2.67327e-07
0.00037398
-1.91668e-07
0.000329864
0.00027289
-1.07538e-08
2.35383e-07
4.19587e-07
0.000473457
-9.65557e-08
1.97457e-07
6.1013e-07
0.000520815
4.60246e-08
6.80343e-07
0.000559182
4.58085e-08
5.70787e-07
0.000586781
-4.23947e-09
5.39647e-07
0.00060099
-1.13978e-07
6.49814e-07
0.000600448
-2.15312e-07
6.62322e-07
0.000586463
-2.14362e-07
5.37947e-07
0.000559517
-1.53218e-07
5.52273e-07
0.000520923
3.7644e-07
0.000473622
7.84459e-08
-1.44779e-08
1.9101e-06
0.000543069
2.27544e-08
-3.0666e-08
2.48415e-06
0.000601703
-3.42017e-08
2.88026e-06
0.000649742
-2.90964e-09
2.95453e-06
0.000683986
-3.47119e-08
3.11213e-06
0.00070172
-2.64315e-08
3.18549e-06
0.000701674
-5.42134e-08
3.11732e-06
0.000683929
-7.48692e-08
2.73621e-06
0.000649774
-4.074e-08
2.38612e-06
0.000601728
1.84864e-06
0.000543125
-1.42089e-08
-1.28023e-07
3.83362e-06
0.000543361
1.32818e-07
-5.35802e-08
4.65405e-06
0.00060613
2.5681e-08
5.22164e-06
0.000657361
-1.11365e-08
5.48858e-06
0.000693546
-7.49624e-08
5.70211e-06
0.000712223
-5.94326e-08
5.69941e-06
0.000712249
-7.28527e-08
5.624e-06
0.000693539
-4.03544e-08
5.10404e-06
0.000657403
6.33459e-08
4.53265e-06
0.00060616
3.74172e-06
0.000543399
9.60324e-08
-5.19122e-08
5.47334e-06
0.000526666
1.49517e-07
9.32501e-08
6.08713e-06
0.000590828
1.50054e-07
6.44549e-06
0.000642143
4.07512e-08
6.65377e-06
0.000677756
-3.45318e-08
6.71189e-06
0.000696005
-1.16501e-07
6.71262e-06
0.00069603
-1.87183e-07
6.74097e-06
0.000677766
-2.14203e-07
6.40515e-06
0.000642172
-1.06578e-07
6.00137e-06
0.000590864
5.35816e-06
0.000526702
1.33483e-08
1.31818e-07
5.82619e-06
0.000497035
5.94823e-08
2.38548e-07
6.06548e-06
0.00055909
2.12242e-07
6.22899e-06
0.000607993
1.1173e-07
6.32322e-06
0.000641774
3.35754e-09
6.29759e-06
0.000659055
-1.38636e-07
6.33327e-06
0.000659058
-2.01265e-07
6.3689e-06
0.000641779
-2.72152e-07
6.23128e-06
0.000608
-2.33994e-07
6.04812e-06
0.000559093
5.72756e-06
0.000497049
-6.49972e-08
2.21482e-07
5.30534e-06
0.000456839
-3.33195e-08
2.77568e-07
5.39735e-06
0.000516781
2.27767e-07
5.48698e-06
0.00056403
1.38746e-07
5.50917e-06
0.00059669
-8.48131e-10
5.48054e-06
0.00061338
-1.39805e-07
5.51834e-06
0.000613377
-1.86099e-07
5.51222e-06
0.000596688
-2.31605e-07
5.48093e-06
0.000564027
-2.04129e-07
5.4076e-06
0.000516772
5.22143e-06
0.00045684
-3.47993e-08
2.08248e-07
4.51273e-06
0.000412205
-1.40154e-08
2.57886e-07
4.57389e-06
0.000471054
2.23641e-07
4.62126e-06
0.000517343
1.26072e-07
4.62161e-06
0.000549268
-1.79186e-08
4.59946e-06
0.000565554
-1.4436e-07
4.61982e-06
0.000565552
-2.22745e-07
4.60549e-06
0.000549267
-2.41169e-07
4.59639e-06
0.00051734
-1.81688e-07
4.57069e-06
0.000471049
4.45093e-06
0.000412204
-1.32586e-08
1.70876e-07
3.68341e-06
0.00036626
2.60956e-08
2.35219e-07
3.73324e-06
0.000424422
2.11844e-07
3.75876e-06
0.000469963
1.1168e-07
3.76233e-06
0.000501261
-2.82686e-08
3.74383e-06
0.000517195
-1.51088e-07
3.74563e-06
0.000517196
-2.51059e-07
3.7446e-06
0.000501262
-2.69952e-07
3.72763e-06
0.000469965
-1.99662e-07
3.72071e-06
0.000424423
3.64272e-06
0.00036626
-2.64428e-08
1.40453e-07
2.90651e-06
0.000319911
4.18327e-08
2.1731e-07
2.93068e-06
0.000377515
1.96627e-07
2.95224e-06
0.000422376
1.05682e-07
2.95771e-06
0.000453089
-2.79915e-08
2.94755e-06
0.00046869
-1.48627e-07
2.93514e-06
0.000468691
-2.43998e-07
2.94308e-06
0.000453091
-2.74953e-07
2.92986e-06
0.000422379
-2.04901e-07
2.92301e-06
0.000377518
2.87574e-06
0.000319911
-3.3697e-08
1.37345e-07
0.000273418
3.98385e-08
2.13818e-07
0.000330518
1.94333e-07
0.000374729
1.07374e-07
0.000404877
-2.05542e-08
0.000420155
-1.40674e-07
0.000420156
-2.26715e-07
0.000404878
-2.61302e-07
0.000374731
-1.9682e-07
0.000330518
0.000273419
-2.38481e-08
2.50547e-07
3.84001e-07
0.000472958
-1.34818e-07
2.00349e-07
5.75023e-07
0.000520291
1.34698e-08
6.44992e-07
0.000558723
2.13963e-08
5.61197e-07
0.000586212
6.01945e-08
4.93053e-07
0.000600459
-8.8113e-08
6.35342e-07
0.000599961
-2.22141e-07
6.3415e-07
0.000585963
-1.04704e-07
4.92318e-07
0.000558908
-6.42775e-08
5.62999e-07
0.00052032
3.71401e-07
0.000473082
1.04417e-07
4.28389e-08
1.73593e-06
0.000541708
-3.35191e-08
1.16668e-08
2.26556e-06
0.000600043
-1.28028e-08
2.62966e-06
0.000647781
1.51575e-08
2.71783e-06
0.000681802
-6.16146e-09
2.8095e-06
0.000699425
-1.80019e-08
2.95148e-06
0.000699369
-5.35357e-08
2.85876e-06
0.00068174
-3.35245e-08
2.42199e-06
0.000647824
1.58445e-10
2.19313e-06
0.000600064
1.6997e-06
0.000541754
4.29881e-08
-9.79002e-08
3.511e-06
0.000541596
8.6982e-08
-4.08027e-08
4.29628e-06
0.000604042
4.60042e-08
4.83193e-06
0.000655072
1.69782e-08
5.13784e-06
0.000691155
-6.8236e-08
5.31877e-06
0.000709799
-5.93525e-08
5.38122e-06
0.000709811
-5.29478e-08
5.24287e-06
0.000691148
-2.59255e-09
4.646e-06
0.000655128
1.04655e-07
4.17816e-06
0.000604068
3.4382e-06
0.000541633
1.32612e-07
-5.65471e-08
5.15899e-06
0.000524949
1.25114e-07
9.62573e-08
5.80224e-06
0.000589169
1.68454e-07
6.17902e-06
0.000640723
6.7467e-08
6.44821e-06
0.000676547
-3.94108e-08
6.52037e-06
0.00069491
-1.15668e-07
6.55318e-06
0.000694934
-1.65838e-07
6.49351e-06
0.000676566
-1.73565e-07
6.07203e-06
0.000640753
-2.93063e-08
5.69845e-06
0.000589199
5.02249e-06
0.000524983
1.05795e-07
1.35546e-07
5.67429e-06
0.000496337
4.74748e-08
2.5388e-07
5.93089e-06
0.000558843
2.14482e-07
6.10957e-06
0.000608102
1.24392e-07
6.22172e-06
0.00064209
1.30066e-08
6.21888e-06
0.000659468
-1.16065e-07
6.2679e-06
0.000659473
-1.86346e-07
6.24325e-06
0.000642099
-2.48131e-07
6.02512e-06
0.000608109
-1.97328e-07
5.89766e-06
0.000558843
5.5223e-06
0.000496357
-4.79745e-09
2.21306e-07
5.23636e-06
0.000457079
-2.38945e-08
2.70055e-07
5.33804e-06
0.000517325
2.15617e-07
5.42502e-06
0.000564769
1.41323e-07
5.43924e-06
0.000597546
4.45118e-09
5.44218e-06
0.000614294
-1.17556e-07
5.47695e-06
0.00061429
-1.6993e-07
5.43784e-06
0.000597546
-2.27957e-07
5.34046e-06
0.00056477
-1.96994e-07
5.32277e-06
0.000517316
5.12624e-06
0.000457084
-4.45237e-08
1.87228e-07
4.48366e-06
0.000412767
2.88723e-09
2.33398e-07
4.54431e-06
0.000471802
2.12707e-07
4.56871e-06
0.00051822
1.21719e-07
4.56769e-06
0.00055023
-1.80775e-08
4.57871e-06
0.000566557
-1.26358e-07
4.58079e-06
0.000566556
-1.95273e-07
4.5436e-06
0.00055023
-2.36259e-07
4.50243e-06
0.000518219
-1.77954e-07
4.51465e-06
0.000471799
4.40103e-06
0.000412769
-1.77963e-08
1.54698e-07
3.67886e-06
0.000366876
3.43331e-08
2.19127e-07
3.71787e-06
0.000425184
2.04265e-07
3.71135e-06
0.000470835
1.04517e-07
3.72092e-06
0.000502208
-2.50035e-08
3.72569e-06
0.000518178
-1.3775e-07
3.7096e-06
0.00051818
-2.35324e-07
3.69423e-06
0.000502209
-2.67152e-07
3.66178e-06
0.000470837
-1.937e-07
3.6774e-06
0.000425187
3.61512e-06
0.000366877
-2.46828e-08
1.36344e-07
2.90527e-06
0.000320495
5.28082e-08
2.21962e-07
2.91588e-06
0.000378232
2.00977e-07
2.91406e-06
0.000423195
1.06945e-07
2.92814e-06
0.000453976
-1.77421e-08
2.92931e-06
0.000469612
-1.37227e-07
2.90704e-06
0.000469613
-2.35671e-07
2.90554e-06
0.000453978
-2.72726e-07
2.88051e-06
0.000423197
-2.09143e-07
2.89665e-06
0.000378235
2.86134e-06
0.000320496
-4.02589e-08
1.43653e-07
0.00027394
4.16275e-08
2.27179e-07
0.000331164
2.03896e-07
0.000375472
1.1638e-07
0.000405685
-7.03102e-09
0.000420996
-1.2664e-07
0.000420997
-2.13853e-07
0.000405686
-2.56283e-07
0.000375474
-1.9569e-07
0.000331164
0.00027394
-1.93486e-08
2.56182e-07
3.48995e-07
0.000472532
-1.7984e-07
1.8706e-07
5.34219e-07
0.000519826
1.02774e-08
5.82786e-07
0.000558317
1.80762e-08
5.34702e-07
0.000585669
1.23109e-07
4.64557e-07
0.000599889
-3.58302e-08
5.94862e-07
0.000599525
-1.907e-07
5.94612e-07
0.000585524
-3.39138e-08
4.89994e-07
0.000558261
-2.39085e-08
5.6462e-07
0.000519745
3.37182e-07
0.000472662
5.87781e-08
8.28976e-08
1.59374e-06
0.000540454
-7.30708e-08
4.91785e-08
2.06128e-06
0.00059855
2.00246e-08
2.36627e-06
0.000646027
4.36345e-08
2.48582e-06
0.000679827
4.78126e-08
2.53414e-06
0.000697351
3.27346e-08
2.69571e-06
0.000697284
-1.85733e-08
2.61503e-06
0.000679771
4.69883e-08
2.17743e-06
0.000646071
8.77683e-08
2.02037e-06
0.000598568
1.56326e-06
0.000540484
1.31969e-07
-6.9721e-08
3.22235e-06
0.000539985
5.27497e-08
-1.93694e-08
3.94249e-06
0.00060211
5.82877e-08
4.44219e-06
0.000652918
5.36449e-08
4.76454e-06
0.000688881
-3.07484e-08
4.93189e-06
0.000707485
-1.96359e-08
5.02114e-06
0.000707474
-2.80109e-09
4.87316e-06
0.000688873
5.88444e-08
4.2627e-06
0.000652981
1.52033e-07
3.86445e-06
0.000602131
3.14468e-06
0.000540019
1.84344e-07
-4.85088e-08
4.83882e-06
0.00052329
9.14593e-08
1.00036e-07
5.49413e-06
0.000587469
1.85761e-07
5.89027e-06
0.00063919
1.03069e-07
6.19402e-06
0.0006752
-3.09705e-08
6.30411e-06
0.000693672
-9.27879e-08
6.32841e-06
0.000693689
-1.1013e-07
6.22958e-06
0.000675227
-9.78225e-08
5.79063e-06
0.000639213
4.55911e-08
5.43511e-06
0.000587485
4.68473e-06
0.000523321
1.67591e-07
1.253e-07
5.50663e-06
0.000495508
3.58896e-08
2.57013e-07
5.77636e-06
0.000558429
2.31468e-07
5.95453e-06
0.000608063
1.36182e-07
6.09807e-06
0.000642282
2.42439e-08
6.12014e-06
0.000659764
-9.23034e-08
6.14622e-06
0.000659771
-1.56593e-07
6.09733e-06
0.000642296
-1.99986e-07
5.87846e-06
0.000608064
-1.30321e-07
5.78522e-06
0.000558423
5.33886e-06
0.000495529
4.37531e-08
2.21175e-07
5.16089e-06
0.000457219
-1.51192e-08
2.70034e-07
5.26091e-06
0.000517792
2.16479e-07
5.32687e-06
0.000565451
1.49422e-07
5.35981e-06
0.000598352
2.3753e-08
5.38e-06
0.000615159
-9.37758e-08
5.39739e-06
0.000615156
-1.5416e-07
5.35063e-06
0.000598353
-2.04887e-07
5.25014e-06
0.000565449
-1.60506e-07
5.27497e-06
0.000517782
5.05593e-06
0.000457224
-1.77824e-08
1.94236e-07
4.44932e-06
0.000413288
-3.86433e-09
2.33654e-07
4.50267e-06
0.00047252
2.10557e-07
4.49792e-06
0.000519072
1.36424e-07
4.49596e-06
0.000551168
7.02424e-10
4.53555e-06
0.000567537
-1.03203e-07
4.52016e-06
0.000567537
-1.73854e-07
4.48319e-06
0.000551168
-2.2235e-07
4.44553e-06
0.000519072
-1.51192e-07
4.48454e-06
0.000472518
4.38682e-06
0.00041329
-3.06246e-09
1.63715e-07
3.6674e-06
0.000367473
2.09238e-08
2.31183e-07
3.68857e-06
0.000425931
2.18745e-07
3.65356e-06
0.000471692
1.22859e-07
3.66028e-06
0.000503139
-2.32564e-09
3.69278e-06
0.000519146
-1.11209e-07
3.66027e-06
0.000519148
-2.06776e-07
3.64786e-06
0.00050314
-2.42509e-07
3.62551e-06
0.000471693
-1.6314e-07
3.65834e-06
0.000425933
3.61956e-06
0.000367473
7.56648e-09
1.63617e-07
2.89725e-06
0.000321069
3.29671e-08
2.48752e-07
2.89714e-06
0.000378938
2.25322e-07
2.86908e-06
0.000424002
1.27273e-07
2.88147e-06
0.000454853
1.18486e-08
2.89741e-06
0.000470522
-1.12334e-07
2.87323e-06
0.000470524
-2.11749e-07
2.87112e-06
0.000454854
-2.426e-07
2.85001e-06
0.000424004
-1.77441e-07
2.88746e-06
0.00037894
2.87062e-06
0.000321069
-1.63723e-09
1.64046e-07
0.000274454
2.4959e-08
2.52941e-07
0.000331803
2.28146e-07
0.000376208
1.37136e-07
0.000406486
1.86661e-08
0.000421829
-1.06423e-07
0.000421829
-1.9674e-07
0.000406486
-2.33844e-07
0.000376208
-1.67927e-07
0.000331803
0.000274453
2.92394e-09
2.46675e-07
2.88766e-07
0.000472175
-1.78029e-07
1.84625e-07
4.67299e-07
0.00051942
4.83498e-08
5.074e-07
0.000557946
1.96281e-08
5.07407e-07
0.000585191
1.52865e-07
4.46174e-07
0.00059931
2.12496e-08
5.32292e-07
0.000599124
-1.07191e-07
5.30381e-07
0.000585122
-1.08382e-08
5.02368e-07
0.000557662
-8.6718e-08
5.44005e-07
0.000519277
2.38672e-07
0.000472371
-3.42611e-08
9.9368e-08
1.42076e-06
0.000539287
-6.5123e-08
7.19669e-08
1.85021e-06
0.000597194
4.43486e-08
2.11284e-06
0.000644449
5.40977e-08
2.2842e-06
0.000678041
9.80524e-08
2.27579e-06
0.000695478
6.99943e-08
2.44434e-06
0.0006954
4.90276e-08
2.31992e-06
0.000678002
1.32747e-07
2.0102e-06
0.00064448
1.46941e-07
1.90124e-06
0.000597196
1.38664e-06
0.000539305
1.77598e-07
-5.42163e-08
2.89932e-06
0.000538513
4.76305e-08
-1.35393e-08
3.58936e-06
0.00060033
5.88967e-08
4.05476e-06
0.000650904
6.90444e-08
4.42711e-06
0.000686728
1.15998e-08
4.53019e-06
0.000705288
3.59111e-08
4.64347e-06
0.000705251
5.77712e-08
4.45015e-06
0.000686721
1.07302e-07
3.98417e-06
0.000650958
1.86328e-07
3.61296e-06
0.00060034
2.83904e-06
0.000538542
2.10978e-07
-4.03106e-08
4.44565e-06
0.000521711
7.27716e-08
8.49915e-08
5.16634e-06
0.000585767
1.76444e-07
5.57899e-06
0.000637574
1.23211e-07
5.94132e-06
0.000673739
-1.33243e-08
6.02965e-06
0.000692309
-4.33221e-08
6.05115e-06
0.000692311
-3.15341e-08
5.89705e-06
0.000673768
-1.39611e-08
5.59695e-06
0.000637583
1.06348e-07
5.21119e-06
0.000585767
4.33613e-06
0.000521739
1.91067e-07
1.17799e-07
5.24298e-06
0.000494574
1.83632e-08
2.44813e-07
5.61462e-06
0.000557854
2.40234e-07
5.77876e-06
0.000607868
1.59632e-07
5.9647e-06
0.000642339
3.36425e-08
5.98577e-06
0.000659934
-6.62778e-08
5.98007e-06
0.000659942
-1.25557e-07
5.89935e-06
0.000642353
-1.36643e-07
5.81488e-06
0.000607858
-4.84489e-08
5.70257e-06
0.000557844
5.14568e-06
0.000494589
8.1369e-08
1.98351e-07
5.03091e-06
0.000457247
-1.47998e-08
2.71168e-07
5.16262e-06
0.000518171
2.2687e-07
5.20776e-06
0.000566066
1.66115e-07
5.27439e-06
0.000599103
4.57522e-08
5.29386e-06
0.000615972
-7.45017e-08
5.28711e-06
0.000615969
-1.60977e-07
5.23668e-06
0.000599102
-1.7656e-07
5.22065e-06
0.000566059
-1.05227e-07
5.25111e-06
0.000518162
4.98458e-06
0.000457251
2.91871e-08
2.15652e-07
4.37204e-06
0.000413761
-2.90643e-08
2.58882e-07
4.43402e-06
0.000473206
2.22306e-07
4.41984e-06
0.000519897
1.59971e-07
4.4253e-06
0.00055208
2.58108e-08
4.4731e-06
0.000568492
-8.84973e-08
4.44631e-06
0.000568492
-1.80858e-07
4.41863e-06
0.000552079
-2.12174e-07
4.42754e-06
0.000519897
-1.21723e-07
4.47549e-06
0.000473203
4.36307e-06
0.00041376
3.00284e-08
2.05036e-07
3.60371e-06
0.000368049
-1.20043e-08
2.65102e-07
3.64468e-06
0.00042666
2.41342e-07
3.60383e-06
0.000472532
1.53783e-07
3.59817e-06
0.000504054
2.90778e-08
3.64592e-06
0.000520098
-9.05983e-08
3.6143e-06
0.0005201
-1.89012e-07
3.60369e-06
0.000504054
-2.22437e-07
3.62311e-06
0.000472531
-1.26613e-07
3.65221e-06
0.000426661
3.61573e-06
0.000368047
4.72121e-08
1.90125e-07
2.85553e-06
0.00032163
-3.21289e-09
2.74969e-07
2.86521e-06
0.000379633
2.54219e-07
2.82886e-06
0.000424798
1.58016e-07
2.82952e-06
0.000455717
4.60872e-08
2.85874e-06
0.000471421
-8.43203e-08
2.84643e-06
0.000471423
-1.85086e-07
2.84124e-06
0.000455717
-2.02095e-07
2.84718e-06
0.000424797
-1.23819e-07
2.88157e-06
0.000379633
2.87439e-06
0.000321628
5.79428e-08
1.91673e-07
0.00027496
-6.77448e-09
2.81686e-07
0.000332434
2.58354e-07
0.000376934
1.63242e-07
0.000407277
4.74796e-08
0.000422653
-8.39903e-08
0.000422652
-1.76702e-07
0.000407276
-1.96736e-07
0.000376933
-1.28158e-07
0.000332432
0.000274958
4.7848e-08
2.30962e-07
2.33115e-07
0.000471855
-1.44566e-07
1.9224e-07
3.92439e-07
0.000519067
1.0258e-07
4.1925e-07
0.000557617
2.44822e-08
4.62812e-07
0.000584806
1.16479e-07
4.34416e-07
0.000598783
2.16757e-08
4.66157e-07
0.000598753
-3.41587e-08
4.4536e-07
0.000584732
-4.95209e-08
4.84885e-07
0.000557192
-2.12548e-07
4.66755e-07
0.000518973
1.22725e-07
0.00047214
-1.0475e-07
9.51725e-08
1.24448e-06
0.000538206
-2.49094e-08
8.42741e-08
1.64284e-06
0.000595955
5.15983e-08
1.87657e-06
0.000643025
4.43678e-08
2.0817e-06
0.000676429
1.11335e-07
2.05899e-06
0.000693786
6.50495e-08
2.20437e-06
0.000693708
7.80229e-08
2.02193e-06
0.000676413
1.37196e-07
1.87668e-06
0.000643029
9.67497e-08
1.76926e-06
0.000595934
1.18208e-06
0.000538223
1.19796e-07
-4.49082e-08
2.57896e-06
0.000537169
5.46016e-08
-1.65971e-08
3.24882e-06
0.000598696
3.10878e-08
3.70158e-06
0.000649031
5.8404e-08
4.07965e-06
0.000684703
5.7803e-08
4.1388e-06
0.000703209
6.17226e-08
4.29549e-06
0.000703156
8.92084e-08
4.01798e-06
0.000684698
1.26826e-07
3.73972e-06
0.000649057
1.83592e-07
3.36459e-06
0.000598688
2.52953e-06
0.000537188
1.89816e-07
-3.74206e-08
4.04359e-06
0.000520224
6.02157e-08
4.6984e-08
4.83367e-06
0.000584097
1.31163e-07
5.2749e-06
0.000635916
1.23866e-07
5.63217e-06
0.000672194
7.0837e-09
5.72145e-06
0.000690843
-5.41436e-09
5.78771e-06
0.000690832
1.14368e-08
5.55334e-06
0.000672216
2.15137e-08
5.40633e-06
0.000635906
1.1392e-07
4.9521e-06
0.000584087
3.9896e-06
0.000520244
1.4869e-07
1.00179e-07
4.94804e-06
0.00049356
9.43221e-09
2.12519e-07
5.44233e-06
0.000557133
2.33951e-07
5.60751e-06
0.000607514
1.74744e-07
5.77962e-06
0.000642251
3.24644e-08
5.83193e-06
0.000659966
-4.63406e-08
5.83346e-06
0.000659975
-1.17809e-07
5.71901e-06
0.000642259
-1.01023e-07
5.7564e-06
0.000607491
1.43333e-08
5.55652e-06
0.000557124
4.9209e-06
0.000493567
1.05073e-07
1.90774e-07
4.87021e-06
0.000457158
-2.37405e-08
2.83261e-07
5.06703e-06
0.000518454
2.43592e-07
5.10721e-06
0.000566606
1.71626e-07
5.16066e-06
0.000599794
5.18134e-08
5.19605e-06
0.000616727
-6.38289e-08
5.19077e-06
0.000616728
-1.72347e-07
5.1401e-06
0.00059979
-1.56062e-07
5.20427e-06
0.000566594
-5.50929e-08
5.17023e-06
0.000518447
4.86923e-06
0.000457157
8.977e-08
2.20036e-07
4.27426e-06
0.000414177
-4.0622e-08
2.82705e-07
4.35851e-06
0.000473852
2.4124e-07
4.35458e-06
0.000520691
1.66321e-07
4.35052e-06
0.000552965
3.9959e-08
4.39165e-06
0.000569423
-8.2753e-08
4.38333e-06
0.000569422
-1.97648e-07
4.37126e-06
0.000552962
-2.15873e-07
4.42954e-06
0.00052069
-1.18745e-07
4.42811e-06
0.000473848
4.2907e-06
0.000414173
4.65555e-08
2.25948e-07
3.5313e-06
0.000368599
-3.38124e-08
2.86348e-07
3.58792e-06
0.00042737
2.59988e-07
3.55837e-06
0.000473355
1.72548e-07
3.54035e-06
0.000504951
4.72762e-08
3.58031e-06
0.000521034
-8.09914e-08
3.57664e-06
0.000521035
-1.80678e-07
3.57495e-06
0.00050495
-2.035e-07
3.6323e-06
0.000473351
-1.16748e-07
3.63502e-06
0.000427367
3.57242e-06
0.000368595
5.30421e-08
2.30599e-07
2.79082e-06
0.000322178
-3.79835e-08
3.04961e-07
2.83115e-06
0.000380315
2.81602e-07
2.79873e-06
0.000425581
1.83809e-07
2.78629e-06
0.000456569
6.60885e-08
2.81091e-06
0.000472309
-6.75622e-08
2.82467e-06
0.000472308
-1.63083e-07
2.82035e-06
0.000456567
-1.65426e-07
2.85438e-06
0.000425577
-8.54563e-08
2.87598e-06
0.000380312
2.8532e-06
0.000322174
8.81703e-08
2.32005e-07
0.000275456
-4.39665e-08
3.22053e-07
0.000333055
2.99947e-07
0.00037765
1.96191e-07
0.000408058
6.73786e-08
0.000423466
-7.19279e-08
0.000423465
-1.6652e-07
0.000408056
-1.63498e-07
0.000377648
-8.18451e-08
0.000333053
0.000275453
9.3823e-08
2.06841e-07
2.06388e-07
0.000471568
-1.26339e-07
1.80036e-07
3.31015e-07
0.000518762
1.13695e-07
3.40296e-07
0.000557343
5.08397e-08
3.58375e-07
0.00058451
4.10482e-08
4.1614e-07
0.000598377
3.05936e-08
3.59615e-07
0.000598404
9.4017e-09
3.88072e-07
0.000584365
-1.1856e-07
4.54179e-07
0.000556866
-3.21124e-07
3.69421e-07
0.000518806
9.12476e-08
0.000471906
-1.78614e-07
7.12938e-08
1.1268e-06
0.000537206
7.78433e-09
8.44287e-08
1.45691e-06
0.000594816
4.76254e-08
1.66588e-06
0.000641736
2.21842e-08
1.82761e-06
0.000674985
7.79047e-08
1.88474e-06
0.000692262
5.05162e-08
1.89622e-06
0.000692198
4.91219e-08
1.81712e-06
0.000674985
4.68094e-08
1.77272e-06
0.000641712
-3.39814e-08
1.60069e-06
0.000594784
1.05541e-06
0.000537236
-1.09202e-08
-3.85066e-08
2.33548e-06
0.000535939
5.94385e-08
-2.25683e-08
2.93731e-06
0.0005972
3.86165e-10
3.36918e-06
0.000647305
2.28806e-08
3.69324e-06
0.000682814
6.67096e-08
3.79887e-06
0.000701251
6.63813e-08
3.84971e-06
0.000701202
9.56711e-08
3.6724e-06
0.000682813
1.16431e-07
3.5157e-06
0.000647293
1.34994e-07
3.09166e-06
0.000597178
2.32749e-06
0.000535951
1.00247e-07
-3.40247e-08
3.71245e-06
0.000518834
4.71714e-08
1.76873e-08
4.49274e-06
0.00058249
8.11593e-08
4.96305e-06
0.000634259
9.59229e-08
5.27805e-06
0.000670594
2.79643e-08
5.40854e-06
0.000689301
1.93747e-09
5.41862e-06
0.000689289
3.39536e-08
5.2512e-06
0.000670605
5.05946e-08
5.17622e-06
0.000634229
1.24948e-07
4.62372e-06
0.00058248
3.72548e-06
0.000518847
1.24457e-07
8.71689e-08
4.68285e-06
0.000492494
8.80975e-09
1.8702e-07
5.238e-06
0.000556287
2.12567e-07
5.44451e-06
0.000607007
1.64243e-07
5.56775e-06
0.000642009
3.01682e-08
5.6567e-06
0.000659852
-7.06682e-08
5.63132e-06
0.000659864
-1.36447e-07
5.56381e-06
0.000642012
-1.06577e-07
5.66294e-06
0.000606974
7.33921e-09
5.34478e-06
0.000556289
4.69541e-06
0.000492498
1.06393e-07
1.76203e-07
4.72688e-06
0.000456951
-1.32024e-08
2.77667e-07
4.95958e-06
0.000518631
2.45636e-07
5.02003e-06
0.000567062
1.56726e-07
5.03349e-06
0.000600417
4.5712e-08
5.0715e-06
0.000617424
-9.60284e-08
5.07283e-06
0.000617428
-2.22631e-07
5.0676e-06
0.000600412
-1.89303e-07
5.173e-06
0.000567051
-7.43125e-08
5.04795e-06
0.000518629
4.7264e-06
0.000456948
1.03815e-07
2.24193e-07
4.19438e-06
0.000414531
-4.60469e-08
2.93374e-07
4.28932e-06
0.000474453
2.47988e-07
4.30411e-06
0.000521452
1.49906e-07
4.27287e-06
0.000553824
3.68784e-08
4.2772e-06
0.00057033
-1.04109e-07
4.30673e-06
0.00057033
-2.21881e-07
4.3273e-06
0.00055382
-2.27769e-07
4.41781e-06
0.000521451
-1.42727e-07
4.36172e-06
0.00047445
4.19535e-06
0.000414525
3.59148e-08
2.38634e-07
3.48039e-06
0.000369123
-4.87292e-08
2.98645e-07
3.5392e-06
0.00042806
2.67012e-07
3.53021e-06
0.00047416
1.71553e-07
3.4869e-06
0.000505833
3.8917e-08
3.48796e-06
0.000521956
-1.00571e-07
3.52654e-06
0.000521955
-2.01201e-07
3.5475e-06
0.00050583
-2.19313e-07
3.63146e-06
0.000474155
-1.46249e-07
3.60156e-06
0.000428054
3.5053e-06
0.000369118
2.10098e-08
2.56184e-07
2.75647e-06
0.000322711
-6.55997e-08
3.26719e-07
2.79861e-06
0.000380985
3.05959e-07
2.78032e-06
0.000426352
2.01397e-07
2.75178e-06
0.000457409
5.64398e-08
2.75724e-06
0.000473184
-8.94626e-08
2.79775e-06
0.000473183
-1.7988e-07
2.79852e-06
0.000457407
-1.66865e-07
2.84823e-06
0.000426347
-8.29773e-08
2.84928e-06
0.00038098
2.8155e-06
0.000322707
7.38307e-08
2.8047e-07
0.000275943
-8.14742e-08
3.60506e-07
0.000333667
3.31488e-07
0.000378357
2.124e-07
0.000408829
5.90331e-08
0.000424271
-9.04408e-08
0.000424269
-1.92449e-07
0.000408827
-1.79932e-07
0.000378354
-8.4504e-08
0.000333665
0.000275941
8.78813e-08
1.90851e-07
1.84832e-07
0.000471337
-1.44045e-07
1.48866e-07
2.86108e-07
0.000518518
1.12268e-07
2.54386e-07
0.000557125
6.8079e-08
2.67892e-07
0.000584287
-2.85956e-08
3.64562e-07
0.000598109
4.67887e-08
2.74404e-07
0.000598054
1.99005e-08
3.39821e-07
0.000584052
-2.00143e-07
4.21571e-07
0.000556665
-3.73538e-07
2.73927e-07
0.000518706
9.35275e-08
0.000471683
-2.43611e-07
5.07743e-08
1.04237e-06
0.000536281
1.66867e-08
7.8216e-08
1.30826e-06
0.000593766
3.85814e-08
1.46255e-06
0.000640567
3.4295e-09
1.59565e-06
0.000673692
2.56467e-08
1.71664e-06
0.000690888
2.81214e-08
1.62329e-06
0.000690847
1.50229e-08
1.64043e-06
0.000673698
-4.79033e-08
1.67633e-06
0.000640521
-1.34347e-07
1.40036e-06
0.000593744
9.77044e-07
0.000536328
-1.10187e-07
-3.4231e-08
2.14925e-06
0.000534805
6.12358e-08
-2.60394e-08
2.66705e-06
0.000595833
-2.91651e-08
3.04552e-06
0.000645725
-2.18091e-08
3.3298e-06
0.000681073
3.8252e-08
3.48476e-06
0.000699423
6.65196e-08
3.40406e-06
0.000699393
8.42504e-08
3.36363e-06
0.000681072
8.57799e-08
3.28557e-06
0.000645683
6.10718e-08
2.785e-06
0.000595818
2.16063e-06
0.000534819
9.18985e-09
-3.03587e-08
3.41705e-06
0.000517543
5.30985e-08
2.52714e-09
4.15864e-06
0.000580966
3.56927e-08
4.63494e-06
0.000632637
5.09116e-08
4.93119e-06
0.000668978
1.88162e-08
5.10171e-06
0.000687717
3.42809e-09
4.99532e-06
0.000687713
3.44392e-08
4.96258e-06
0.000668975
5.9493e-08
4.89687e-06
0.000632593
1.09427e-07
4.24301e-06
0.000580972
3.48248e-06
0.000517555
7.94228e-08
8.41929e-08
4.41834e-06
0.000491407
1.27991e-09
1.77111e-07
5.00888e-06
0.000555344
1.91797e-07
5.26699e-06
0.00060636
1.37123e-07
5.37825e-06
0.000641617
1.55739e-08
5.48268e-06
0.000659592
-1.07575e-07
5.37517e-06
0.000659607
-1.51444e-07
5.4028e-06
0.000641616
-1.02593e-07
5.49751e-06
0.000606325
3.95901e-09
5.06044e-06
0.000555365
4.47303e-06
0.000491416
9.59424e-08
1.80216e-07
4.57822e-06
0.000456633
-2.22965e-08
2.88487e-07
4.83666e-06
0.000518695
2.4327e-07
4.9451e-06
0.00056743
1.30874e-07
4.94177e-06
0.000600966
2.57678e-08
4.95588e-06
0.000618056
-1.45907e-07
4.91111e-06
0.000618064
-2.7762e-07
4.98378e-06
0.000600963
-2.32816e-07
5.08233e-06
0.000567421
-1.24458e-07
4.87998e-06
0.000518701
4.58481e-06
0.000456632
7.96998e-08
2.11463e-07
4.12034e-06
0.000414819
-4.11725e-08
2.88939e-07
4.20643e-06
0.000475006
2.39759e-07
4.26711e-06
0.000522179
1.28012e-07
4.22188e-06
0.000554655
2.2895e-08
4.17825e-06
0.000571213
-1.48119e-07
4.19879e-06
0.000571213
-2.71676e-07
4.27563e-06
0.000554652
-2.75024e-07
4.35756e-06
0.000522179
-1.94976e-07
4.24485e-06
0.000475005
4.08551e-06
0.000414813
1.68084e-08
2.32999e-07
3.43421e-06
0.000369619
-4.22811e-08
2.95547e-07
3.47418e-06
0.00042873
2.61513e-07
3.51218e-06
0.000474949
1.5948e-07
3.45681e-06
0.0005067
1.83854e-08
3.41158e-06
0.000522864
-1.40985e-07
3.45188e-06
0.000522861
-2.32189e-07
3.49962e-06
0.000506697
-2.40334e-07
3.57492e-06
0.000474946
-1.72711e-07
3.50759e-06
0.000428724
3.41214e-06
0.000369615
3.92771e-09
2.75005e-07
2.72493e-06
0.000323231
-8.51243e-08
3.30783e-07
2.76011e-06
0.000381644
3.03319e-07
2.77942e-06
0.000427112
1.91649e-07
2.7391e-06
0.000458238
2.34619e-08
2.714e-06
0.00047405
-1.34214e-07
2.74434e-06
0.000474048
-2.25952e-07
2.76063e-06
0.000458237
-2.29662e-07
2.81611e-06
0.00042711
-1.55571e-07
2.7742e-06
0.00038164
2.72199e-06
0.000323228
1.34576e-08
2.77581e-07
0.000276422
-8.82565e-08
3.41847e-07
0.000334271
3.14633e-07
0.000379056
1.95668e-07
0.000409593
2.44221e-08
0.000425068
-1.38245e-07
0.000425068
-2.48733e-07
0.000409593
-2.46841e-07
0.000379055
-1.60171e-07
0.000334271
0.000276422
1.78116e-08
2.01447e-07
1.49883e-07
0.000471179
-1.93386e-07
1.02186e-07
2.53846e-07
0.000518364
9.30827e-08
1.63744e-07
0.00055697
7.11562e-08
1.71872e-07
0.000584137
-4.66689e-08
2.51271e-07
0.000597975
4.16878e-08
2.3319e-07
0.000597733
1.40669e-08
2.53444e-07
0.000583827
-2.35657e-07
3.39688e-07
0.000556575
-3.57619e-07
1.92715e-07
0.000518635
7.88575e-08
0.000471547
-3.00602e-07
7.18216e-08
9.51363e-07
0.000535432
-2.4536e-08
9.0085e-08
1.1957e-06
0.000592806
5.07261e-08
1.25728e-06
0.000639513
-1.73709e-09
1.37787e-06
0.000672539
-2.10758e-08
1.49942e-06
0.000689659
5.47645e-09
1.41446e-06
0.000689639
-1.0342e-08
1.42969e-06
0.000672537
-1.07086e-07
1.51109e-06
0.000639446
-1.57035e-07
1.179e-06
0.000592808
8.94373e-07
0.000535491
-1.3515e-07
-6.39006e-09
1.95916e-06
0.00053376
4.4071e-08
4.30617e-10
2.42817e-06
0.000594594
-2.34361e-08
2.71259e-06
0.000644294
-4.1323e-08
2.9805e-06
0.000679488
-4.78709e-09
3.14279e-06
0.000697743
4.70585e-08
3.02551e-06
0.00069773
5.20338e-08
3.01671e-06
0.00067948
3.20267e-08
2.98218e-06
0.000644232
-1.0096e-08
2.43188e-06
0.000594608
1.98302e-06
0.000533781
-6.08934e-08
5.55122e-09
3.11043e-06
0.000516353
3.36226e-08
2.20589e-08
3.836e-06
0.000579541
2.30059e-08
4.26872e-06
0.000631079
1.70583e-08
4.57899e-06
0.000667385
-3.25224e-09
4.75111e-06
0.000686129
1.92274e-09
4.60374e-06
0.000686129
1.56907e-08
4.6107e-06
0.000667367
3.74869e-08
4.52103e-06
0.000631032
6.41464e-08
3.80065e-06
0.000579577
3.19989e-06
0.00051637
3.18504e-08
9.8632e-08
4.12235e-06
0.00049033
-3.3069e-08
1.87195e-07
4.75534e-06
0.000554336
1.84154e-07
5.03626e-06
0.000605596
1.18356e-07
5.17396e-06
0.000641088
-3.20228e-09
5.26667e-06
0.000659198
-1.23805e-07
5.11937e-06
0.000659212
-1.71362e-07
5.19463e-06
0.000641079
-1.24039e-07
5.23146e-06
0.000605567
-4.43233e-08
4.70469e-06
0.000554381
4.16559e-06
0.00049035
5.51284e-08
1.95604e-07
4.39373e-06
0.00045622
-5.34932e-08
3.0772e-07
4.6915e-06
0.000518647
2.50243e-07
4.81916e-06
0.000567704
1.22622e-07
4.82916e-06
0.000601438
6.40587e-09
4.81793e-06
0.000618621
-1.7868e-07
4.73785e-06
0.00061863
-3.09972e-07
4.85206e-06
0.000601437
-2.66796e-07
4.90814e-06
0.000567701
-1.77078e-07
4.65138e-06
0.000518665
4.37666e-06
0.000456226
1.77451e-08
2.14157e-07
3.99936e-06
0.000415037
-3.77641e-08
3.06196e-07
4.09692e-06
0.000475508
2.52836e-07
4.17959e-06
0.000522872
1.25182e-07
4.15051e-06
0.000555462
7.6852e-09
4.07561e-06
0.000572073
-1.87259e-07
4.07293e-06
0.000572073
-3.10316e-07
4.16723e-06
0.00055546
-2.9128e-07
4.19345e-06
0.000522875
-2.18907e-07
4.07155e-06
0.000475512
3.95512e-06
0.000415035
-1.94012e-08
2.34696e-07
3.33387e-06
0.000370086
-3.5905e-08
3.04167e-07
3.37645e-06
0.000429381
2.64311e-07
3.44363e-06
0.000475725
1.49694e-07
3.40827e-06
0.000507557
-4.82872e-10
3.32781e-06
0.000523762
-1.78366e-07
3.35348e-06
0.000523758
-2.69899e-07
3.4003e-06
0.000507556
-2.83061e-07
3.42626e-06
0.000475727
-2.33003e-07
3.36683e-06
0.000429379
3.28353e-06
0.000370084
-3.11767e-08
2.72103e-07
2.63682e-06
0.000323739
-8.31297e-08
3.17252e-07
2.68161e-06
0.000382293
2.78638e-07
2.72789e-06
0.000427866
1.63184e-07
2.69967e-06
0.000459062
-1.4704e-08
2.64556e-06
0.00047491
-1.79169e-07
2.65801e-06
0.000474908
-2.81582e-07
2.67707e-06
0.000459063
-3.17686e-07
2.70488e-06
0.000427867
-2.52654e-07
2.64945e-06
0.000382292
2.5757e-06
0.000323738
-5.49598e-08
2.59134e-07
0.000276896
-8.44333e-08
3.08094e-07
0.000334872
2.75102e-07
0.000379752
1.62336e-07
0.000410354
-1.36101e-08
0.000425862
-1.7747e-07
0.000425863
-2.95391e-07
0.000410355
-3.28656e-07
0.000379752
-2.58602e-07
0.000334873
0.000276897
-7.95023e-08
2.60258e-07
1.00976e-07
0.000471116
-2.98072e-07
7.66581e-08
2.06596e-07
0.000518341
5.92826e-08
7.86894e-08
0.000556909
8.16636e-08
4.72085e-08
0.000584067
-2.95438e-08
1.31989e-07
0.000597955
-4.96303e-09
1.87616e-07
0.00059752
-4.78171e-08
1.44358e-07
0.000583725
-2.78948e-07
2.21643e-07
0.000556584
-3.30464e-07
9.1983e-08
0.000518594
1.76242e-08
0.000471535
-3.36089e-07
1.30073e-07
8.6114e-07
0.00053466
-1.17493e-07
1.20534e-07
1.09032e-06
0.000591932
8.62448e-08
1.062e-06
0.000638564
2.34955e-08
1.12682e-06
0.000671522
-3.72326e-08
1.27592e-06
0.000688576
-3.08814e-08
1.27087e-06
0.00068855
-6.29389e-08
1.22851e-06
0.000671485
-1.59596e-07
1.2909e-06
0.000638473
-1.49007e-07
9.25858e-07
0.000591963
7.66658e-07
0.000534742
-1.48935e-07
6.52731e-08
1.772e-06
0.0005328
-1.67513e-08
7.08321e-08
2.20323e-06
0.000593475
3.71406e-08
2.37944e-06
0.00064301
-2.12229e-08
2.60743e-06
0.000678066
-2.80593e-08
2.79528e-06
0.00069623
1.31223e-08
2.74506e-06
0.000696215
-4.01039e-09
2.68802e-06
0.000678038
-3.88876e-08
2.62047e-06
0.000642937
-5.32646e-08
2.02167e-06
0.000593526
1.76171e-06
0.000532832
-9.93055e-08
7.70563e-08
2.81743e-06
0.000515253
-2.3136e-08
8.87967e-08
3.50106e-06
0.000578232
5.69646e-08
3.8747e-06
0.000629616
2.27743e-09
4.18966e-06
0.000665857
-2.2376e-08
4.36424e-06
0.000684584
-4.89209e-09
4.27763e-06
0.000684579
-3.6358e-08
4.26207e-06
0.000665825
-2.60415e-08
4.06658e-06
0.000629576
-1.45101e-08
3.29053e-06
0.000578297
2.85121e-06
0.000515284
-1.81644e-08
1.45885e-07
3.80529e-06
0.000489289
-9.28727e-08
2.27251e-07
4.4517e-06
0.000553304
2.04573e-07
4.7484e-06
0.000604745
1.09284e-07
4.9267e-06
0.000640446
-2.38954e-08
5.00575e-06
0.00065869
-1.33531e-07
4.90262e-06
0.000658697
-2.01188e-07
4.97935e-06
0.00064043
-1.71023e-07
4.8707e-06
0.000604733
-1.27069e-07
4.26018e-06
0.000553368
3.7746e-06
0.000489326
-2.60087e-08
2.27177e-07
4.1633e-06
0.000455737
-1.01881e-07
3.3964e-07
4.49043e-06
0.000518496
2.8108e-07
4.62683e-06
0.000567884
1.41022e-07
4.67067e-06
0.000601834
-7.92788e-09
4.65585e-06
0.000619119
-2.01801e-07
4.60053e-06
0.000619126
-3.10428e-07
4.69101e-06
0.000601834
-2.82237e-07
4.65499e-06
0.000567889
-2.3492e-07
4.35451e-06
0.000518523
4.10474e-06
0.000455754
-9.27286e-08
2.3841e-07
3.82299e-06
0.000415185
-4.57947e-08
3.42112e-07
3.93568e-06
0.000475959
2.86178e-07
4.02524e-06
0.00052353
1.41369e-07
4.03434e-06
0.000556243
1.53243e-09
3.95738e-06
0.000572911
-1.95174e-07
3.9605e-06
0.000572909
-3.13593e-07
4.02576e-06
0.000556244
-3.04853e-07
3.98422e-06
0.000523537
-2.64621e-07
3.85884e-06
0.000475968
3.77686e-06
0.000415189
-9.0235e-08
2.44943e-07
3.17544e-06
0.000370523
-3.44998e-08
3.15418e-07
3.23176e-06
0.000430014
2.70584e-07
3.30432e-06
0.000476491
1.44066e-07
3.31135e-06
0.000508406
-1.574e-08
3.22609e-06
0.000524653
-1.91562e-07
3.24516e-06
0.000524649
-2.98754e-07
3.28198e-06
0.000508407
-3.23466e-07
3.2399e-06
0.000476496
-2.87262e-07
3.18634e-06
0.000430015
3.13024e-06
0.000370524
-7.99883e-08
2.52024e-07
2.49016e-06
0.000324236
-6.39674e-08
2.93556e-07
2.54669e-06
0.000382937
2.50741e-07
2.59593e-06
0.000428618
1.39215e-07
2.60061e-06
0.000459885
-3.61485e-08
2.54396e-06
0.000475768
-1.92308e-07
2.54322e-06
0.000475766
-2.97801e-07
2.56502e-06
0.000459885
-3.5584e-07
2.54617e-06
0.000428619
-3.17121e-07
2.50255e-06
0.000382937
2.42604e-06
0.000324237
-1.11137e-07
2.4084e-07
0.000277365
-8.19906e-08
2.78408e-07
0.00033547
2.33947e-07
0.000380447
1.29662e-07
0.000411115
-3.4533e-08
0.000426656
-1.82434e-07
0.000426657
-3.01977e-07
0.000411116
-3.713e-07
0.000380447
-3.24534e-07
0.00033547
0.000277367
-1.48132e-07
4.67739e-07
4.0891e-09
0.0004712
-5.55821e-07
1.78612e-07
1.02674e-07
0.000518527
8.71813e-08
-2.24021e-08
0.000557023
9.74357e-08
-9.18341e-08
0.000584149
2.87385e-08
-5.96964e-08
0.000598083
-1.28511e-07
1.02423e-07
0.000597575
-2.28681e-07
-1.20032e-09
0.000583826
-4.61507e-07
6.38551e-08
0.000556753
-4.77252e-07
-4.96439e-08
0.00051866
-1.25592e-07
0.000471646
-4.62412e-07
3.10228e-07
6.78561e-07
0.000534031
-3.55854e-07
2.30357e-07
9.00553e-07
0.000591214
1.6814e-07
8.07186e-07
0.000637797
8.53376e-08
7.98571e-07
0.000670714
-2.00332e-08
8.97138e-07
0.000687724
-9.13051e-08
1.07578e-06
0.000687648
-1.70697e-07
9.37464e-07
0.000670626
-2.82562e-07
9.66303e-07
0.000637683
-2.49271e-07
6.14179e-07
0.000591266
5.30369e-07
0.000534156
-3.19393e-07
2.42124e-07
1.48007e-06
0.000531977
-2.20512e-07
2.3356e-07
1.85832e-06
0.000592526
1.68479e-07
1.94888e-06
0.000641933
5.57686e-08
2.10672e-06
0.00067687
-3.22181e-08
2.25888e-06
0.000694957
-4.6076e-08
2.38193e-06
0.000694923
-1.32162e-07
2.24456e-06
0.000676817
-2.02253e-07
2.11816e-06
0.000641855
-1.76718e-07
1.51638e-06
0.000592598
1.38803e-06
0.000532031
-2.33419e-07
2.50347e-07
2.40732e-06
0.00051428
-2.0455e-07
2.57029e-07
2.99045e-06
0.000577093
1.76593e-07
3.32386e-06
0.000628322
4.60704e-08
3.61154e-06
0.000664483
-3.80788e-08
3.75035e-06
0.000683177
-4.85875e-08
3.80985e-06
0.000683162
-1.61715e-07
3.74393e-06
0.000664438
-1.81964e-07
3.42355e-06
0.00062829
-1.91882e-07
2.65334e-06
0.00057717
2.34243e-06
0.000514331
-1.93314e-07
3.10642e-07
3.31498e-06
0.00048834
-2.69167e-07
3.62031e-07
3.91812e-06
0.000552325
2.93933e-07
4.25357e-06
0.000603883
1.43215e-07
4.44404e-06
0.000639764
-3.59913e-08
4.48946e-06
0.00065813
-1.70455e-07
4.51446e-06
0.000658126
-2.8828e-07
4.54922e-06
0.000639742
-3.00772e-07
4.2799e-06
0.000603889
-3.13722e-07
3.64557e-06
0.000552388
3.20895e-06
0.000488389
-2.42962e-07
3.77193e-07
3.71259e-06
0.000455239
-2.77558e-07
4.60401e-07
4.04506e-06
0.000518285
3.82514e-07
4.21234e-06
0.000568003
2.0806e-07
4.26532e-06
0.000602187
-1.74426e-08
4.24727e-06
0.000619587
-2.43327e-07
4.28076e-06
0.000619586
-3.5788e-07
4.31223e-06
0.000602185
-3.96966e-07
4.19201e-06
0.000568016
-4.13706e-07
3.87306e-06
0.000518312
3.60148e-06
0.000455265
-3.17185e-07
3.76094e-07
3.4382e-06
0.00041529
-2.06619e-07
4.50038e-07
3.54657e-06
0.000476384
3.82167e-07
3.62897e-06
0.000524181
2.03818e-07
3.65582e-06
0.000557031
-4.10682e-09
3.60518e-06
0.000573761
-2.17612e-07
3.64531e-06
0.000573758
-3.55461e-07
3.66045e-06
0.000557033
-4.01904e-07
3.58368e-06
0.000524191
-4.15663e-07
3.46313e-06
0.000476391
3.36717e-06
0.000415297
-2.89681e-07
3.53654e-07
2.82091e-06
0.000370949
-1.63207e-07
4.04124e-07
2.85658e-06
0.000430654
3.43482e-07
2.90472e-06
0.000477276
1.83576e-07
2.94166e-06
0.00050928
-2.04468e-08
2.89276e-06
0.00052557
-1.9998e-07
2.90718e-06
0.000525567
-3.39609e-07
2.92557e-06
0.000509281
-4.07661e-07
2.86799e-06
0.000477279
-4.07144e-07
2.82319e-06
0.000430654
2.77448e-06
0.000370951
-2.41204e-07
3.2625e-07
2.14741e-06
0.000324741
-1.57318e-07
3.54885e-07
2.16748e-06
0.000383597
2.88141e-07
2.19749e-06
0.000429392
1.54163e-07
2.22703e-06
0.000460733
-3.75758e-08
2.2003e-06
0.000476652
-1.98208e-07
2.18283e-06
0.000476651
-3.37933e-07
2.21815e-06
0.000460733
-4.35834e-07
2.19374e-06
0.000429391
-4.27872e-07
2.15528e-06
0.000383597
2.09668e-06
0.00032474
-2.5397e-07
3.3767e-07
0.000277846
-2.05908e-07
3.52137e-07
0.000336085
2.72643e-07
0.000381163
1.4396e-07
0.000411898
-3.23345e-08
0.000427473
-1.93997e-07
0.000427474
-3.33055e-07
0.000411898
-4.2823e-07
0.000381161
-4.13736e-07
0.000336084
0.000277847
-2.76493e-07
7.78952e-07
-1.55635e-07
0.000471485
-9.08845e-07
4.00375e-07
-8.63569e-08
0.000518992
2.07591e-07
-2.19042e-07
0.000557435
1.35966e-07
-2.99912e-07
0.00058452
8.82797e-08
-3.4706e-07
0.000598478
-2.73269e-07
-1.02857e-07
0.00059804
-4.83912e-07
-2.07275e-07
0.000584244
-7.65603e-07
-1.76215e-07
0.000557211
-8.16569e-07
-2.55598e-07
0.000518966
-3.27609e-07
0.000471895
-7.38301e-07
6.12086e-07
3.83187e-07
0.000533599
-7.188e-07
4.34643e-07
5.72387e-07
0.000590733
2.9684e-07
4.24428e-07
0.000637291
1.65579e-07
3.65494e-07
0.00067018
1.5401e-08
3.58935e-07
0.000687168
-1.79186e-07
6.95468e-07
0.000687044
-3.43536e-07
5.27596e-07
0.000670055
-5.24535e-07
5.26542e-07
0.000637161
-5.3795e-07
2.58886e-07
0.000590765
1.68863e-07
0.000533758
-6.36648e-07
5.2213e-07
1.06978e-06
0.000531323
-5.54243e-07
4.71333e-07
1.36561e-06
0.000591783
3.45733e-07
1.37656e-06
0.000641107
1.6647e-07
1.45938e-06
0.000675956
-2.15731e-08
1.52549e-06
0.000693978
-1.52134e-07
1.8221e-06
0.000693927
-3.31101e-07
1.64178e-06
0.000675881
-4.56939e-07
1.48603e-06
0.000641022
-4.40812e-07
1.00006e-06
0.000591841
8.69209e-07
0.000531408
-5.17906e-07
5.23026e-07
1.86498e-06
0.000513465
-5.02858e-07
5.15325e-07
2.30092e-06
0.000576165
3.70182e-07
2.57977e-06
0.000627263
1.49216e-07
2.81608e-06
0.000663347
-4.22873e-08
2.89251e-06
0.000682001
-1.52318e-07
3.11125e-06
0.000681983
-3.61644e-07
2.99178e-06
0.000663298
-4.46006e-07
2.62278e-06
0.000627238
-4.95978e-07
1.99246e-06
0.000576227
1.70159e-06
0.000513536
-5.32944e-07
5.863e-07
2.6498e-06
0.000487523
-5.54767e-07
6.01834e-07
3.14168e-06
0.000551469
4.58593e-07
3.50252e-06
0.000603104
2.24059e-07
3.67622e-06
0.000639139
-4.01853e-08
3.67539e-06
0.000657611
-2.58113e-07
3.85207e-06
0.000657603
-4.65272e-07
3.82559e-06
0.000639115
-5.46082e-07
3.46821e-06
0.000603124
-6.11201e-07
2.9322e-06
0.000551514
2.47827e-06
0.000487575
-5.74038e-07
6.58373e-07
3.04555e-06
0.000454779
-5.94323e-07
6.77256e-07
3.33584e-06
0.000518072
5.44017e-07
3.52183e-06
0.000568117
3.09731e-07
3.54748e-06
0.00060255
-2.81135e-08
3.52305e-06
0.000620077
-3.18963e-07
3.6574e-06
0.000620071
-4.93588e-07
3.63805e-06
0.000602548
-6.08948e-07
3.46102e-06
0.000568139
-6.76871e-07
3.2227e-06
0.00051809
2.88441e-06
0.000454807
-6.24984e-07
6.52021e-07
2.82754e-06
0.000415381
-5.25524e-07
6.57157e-07
2.90627e-06
0.000476808
5.45614e-07
2.95431e-06
0.00052486
3.0792e-07
2.95253e-06
0.000557863
-1.28953e-08
2.94059e-06
0.000574664
-2.72958e-07
3.01299e-06
0.000574663
-4.56207e-07
2.9866e-06
0.000557868
-5.89901e-07
2.91391e-06
0.000524872
-6.46371e-07
2.85874e-06
0.000476812
2.71741e-06
0.00041539
-5.7251e-07
5.92051e-07
2.2493e-06
0.000371378
-4.42291e-07
5.86995e-07
2.24941e-06
0.000431316
4.83137e-07
2.2324e-06
0.000478101
2.6679e-07
2.24271e-06
0.000510206
-8.92084e-09
2.24357e-06
0.000526542
-2.35456e-07
2.26514e-06
0.000526542
-4.39381e-07
2.26358e-06
0.000510208
-5.84113e-07
2.2355e-06
0.000478102
-6.1687e-07
2.23027e-06
0.000431316
2.1785e-06
0.000371379
-5.06249e-07
5.63053e-07
1.59313e-06
0.000325257
-4.23349e-07
5.53251e-07
1.57284e-06
0.000384284
4.30412e-07
1.54457e-06
0.000430202
2.3029e-07
1.55033e-06
0.000461626
-1.97152e-08
1.56119e-06
0.000477584
-2.34376e-07
1.54652e-06
0.000477584
-4.36973e-07
1.57483e-06
0.000461624
-5.84125e-07
1.57374e-06
0.0004302
-6.12372e-07
1.57266e-06
0.000384283
1.54171e-06
0.000325256
-4.91482e-07
5.73928e-07
0.00027834
-4.68391e-07
5.63235e-07
0.000336721
4.23371e-07
0.000381907
2.18045e-07
0.000412716
-2.30436e-08
0.000428327
-2.50154e-07
0.000428328
-4.49397e-07
0.000412714
-5.97955e-07
0.000381905
-6.24733e-07
0.00033672
0.000278339
-5.24253e-07
1.81983e-06
-5.20709e-07
0.000472309
-2.12262e-06
1.25304e-06
-5.96177e-07
0.000520155
7.94617e-07
-7.88702e-07
0.000558682
4.08595e-07
-8.82227e-07
0.000585788
9.29359e-08
-9.7125e-07
0.000599765
-6.35044e-07
-7.09952e-07
0.000599478
-1.20189e-06
-7.58892e-07
0.00058557
-1.69176e-06
-7.86983e-07
0.000558488
-2.02222e-06
-7.16639e-07
0.000520013
-7.18782e-07
0.000472627
-2.03518e-06
1.61886e-06
-5.08941e-07
0.000533831
-1.86319e-06
1.21976e-06
-5.02511e-07
0.000591038
8.31941e-07
-7.48712e-07
0.000637639
4.4151e-07
-8.58229e-07
0.000670547
3.22946e-08
-9.3161e-07
0.000687538
-4.88091e-07
-5.66779e-07
0.000687421
-9.58057e-07
-6.48521e-07
0.000670415
-1.38902e-06
-6.99041e-07
0.000637504
-1.63958e-06
-7.10378e-07
0.000591009
-7.66189e-07
0.000533998
-1.83259e-06
1.51187e-06
-2.83292e-07
0.000531276
-1.69091e-06
1.24972e-06
-2.03182e-07
0.000591746
8.84825e-07
-3.32245e-07
0.000641055
4.56633e-07
-3.46362e-07
0.000675872
-1.43513e-08
-3.41215e-07
0.000693859
-4.64161e-07
-4.98416e-09
0.000693815
-8.97046e-07
-1.29367e-07
0.000675795
-1.27497e-06
-2.6607e-07
0.000640966
-1.46761e-06
-4.30428e-07
0.000591754
-5.34972e-07
0.00053138
-1.67105e-06
1.50413e-06
1.13241e-07
0.000513188
-1.62377e-06
1.30834e-06
3.12985e-07
0.000575845
9.24763e-07
4.44025e-07
0.000626871
4.36616e-07
5.85351e-07
0.000662904
-4.73417e-08
6.17482e-07
0.000681527
-4.63919e-07
8.70251e-07
0.000681524
-9.41912e-07
7.81499e-07
0.000662865
-1.28205e-06
4.61694e-07
0.00062685
-1.51536e-06
1.61797e-07
0.000575868
-7.52483e-08
0.000513267
-1.70611e-06
1.57374e-06
5.91809e-07
0.000487139
-1.6682e-06
1.39606e-06
9.05597e-07
0.000551054
1.00363e-06
1.18165e-06
0.000602759
4.89837e-07
1.30864e-06
0.000638929
-4.68903e-08
1.27071e-06
0.000657495
-5.44502e-07
1.4731e-06
0.000657498
-1.037e-06
1.4749e-06
0.000638915
-1.35451e-06
1.11306e-06
0.00060279
-1.5823e-06
8.32222e-07
0.000551071
4.40041e-07
0.000487189
-1.71135e-06
1.6554e-06
8.54639e-07
0.000454594
-1.7328e-06
1.45571e-06
1.07073e-06
0.000518107
1.08479e-06
1.18546e-06
0.000568484
5.8596e-07
1.17506e-06
0.000603183
-2.99764e-08
1.11445e-06
0.000620849
-5.95934e-07
1.26248e-06
0.000620848
-1.02733e-06
1.26994e-06
0.000603184
-1.38952e-06
1.10216e-06
0.000568512
-1.61806e-06
1.03821e-06
0.000518112
7.03294e-07
0.00045462
-1.69397e-06
1.66537e-06
6.30752e-07
0.000415645
-1.70552e-06
1.43242e-06
6.90147e-07
0.000477422
1.08059e-06
6.21652e-07
0.000525776
5.98531e-07
5.55389e-07
0.000558965
-7.26451e-09
5.305e-07
0.000575854
-5.48814e-07
6.11228e-07
0.000575856
-9.76743e-07
5.93899e-07
0.000558972
-1.36872e-06
5.78941e-07
0.000525787
-1.58704e-06
6.47008e-07
0.000477421
4.98165e-07
0.000415655
-1.64669e-06
1.62717e-06
4.97985e-08
0.000371962
-1.63011e-06
1.40046e-06
5.92002e-08
0.000432174
1.04874e-06
-8.76915e-08
0.000479162
5.68048e-07
-1.52114e-07
0.000511395
6.39375e-09
-1.55929e-07
0.00052779
-4.98022e-07
-1.33968e-07
0.000527791
-9.70228e-07
-1.22809e-07
0.000511397
-1.36443e-06
-8.6192e-08
0.000479162
-1.57532e-06
5.28496e-10
0.000432173
-4.36469e-08
0.000371964
-1.61824e-06
1.60807e-06
-6.19394e-07
0.000325926
-1.60764e-06
1.39979e-06
-6.0596e-07
0.000385157
1.034e-06
-7.46894e-07
0.000431227
5.49253e-07
-7.92433e-07
0.000462751
5.27973e-09
-7.87021e-07
0.000478759
-5.10889e-07
-7.93896e-07
0.000478761
-1.00605e-06
-7.52982e-07
0.000462749
-1.39778e-06
-7.19468e-07
0.000431225
-1.61849e-06
-6.53264e-07
0.000385157
-6.88873e-07
0.000325926
-1.64284e-06
1.63738e-06
0.000278967
-1.67711e-06
1.4428e-06
0.000337518
1.0516e-06
0.000382832
5.46823e-07
0.000413727
-4.08763e-09
0.000429382
-5.54346e-07
0.000429382
-1.05269e-06
0.000413725
-1.45253e-06
0.000382831
-1.67946e-06
0.000337518
0.000278967
-1.73208e-06
3.7781e-06
-1.65403e-06
0.000474389
-4.20484e-06
2.95553e-06
-1.91284e-06
0.00052289
2.06603e-06
-2.18638e-06
0.000561758
1.04767e-06
-2.29044e-06
0.000589097
3.95134e-08
-2.38828e-06
0.000603161
-1.31599e-06
-2.21726e-06
0.00060305
-2.52632e-06
-2.16319e-06
0.000588944
-3.43771e-06
-2.16931e-06
0.000561569
-4.1247e-06
-1.98316e-06
0.000522684
-1.82746e-06
0.000474594
-4.26423e-06
3.50592e-06
-2.35382e-06
0.000534879
-3.85334e-06
2.82368e-06
-2.60318e-06
0.000592411
1.99217e-06
-2.94861e-06
0.000639233
1.03727e-06
-3.08427e-06
0.000672296
8.42161e-09
-3.17596e-06
0.000689354
-1.11436e-06
-2.97135e-06
0.000689298
-2.17786e-06
-2.88136e-06
0.000672197
-3.05947e-06
-2.89338e-06
0.00063911
-3.66002e-06
-2.68057e-06
0.000592307
-2.59623e-06
0.000535032
-3.92467e-06
3.37244e-06
-2.68283e-06
0.000531905
-3.67216e-06
2.80563e-06
-2.91153e-06
0.000592621
1.99411e-06
-3.18293e-06
0.000642101
1.03673e-06
-3.28721e-06
0.000677032
-3.26691e-08
-3.31194e-06
0.000695064
-1.07082e-06
-3.1772e-06
0.000695059
-2.04706e-06
-3.09432e-06
0.000676984
-2.87272e-06
-3.13051e-06
0.000642029
-3.4062e-06
-2.95588e-06
0.000592563
-2.91374e-06
0.000532011
-3.71887e-06
3.35677e-06
-2.81607e-06
0.000513565
-3.60087e-06
2.85713e-06
-2.95863e-06
0.000576392
2.03554e-06
-3.0462e-06
0.000627556
1.02291e-06
-3.05317e-06
0.000663682
-5.78141e-08
-3.0553e-06
0.000682351
-1.08687e-06
-3.00306e-06
0.000682379
-2.08227e-06
-2.90693e-06
0.000663673
-2.85192e-06
-3.05618e-06
0.000627546
-3.36698e-06
-2.93713e-06
0.000576365
-2.97042e-06
0.000513643
-3.6866e-06
3.4401e-06
-2.86018e-06
0.000487386
-3.6429e-06
2.95084e-06
-2.86351e-06
0.000551448
2.11286e-06
-2.83496e-06
0.000603385
1.06395e-06
-2.86193e-06
0.000639787
-3.94918e-08
-2.94947e-06
0.000658492
-1.14509e-06
-2.91592e-06
0.000658517
-2.17618e-06
-2.75595e-06
0.000639795
-2.94551e-06
-2.91724e-06
0.000603421
-3.43968e-06
-2.8089e-06
0.000551437
-2.95677e-06
0.000487435
-3.69971e-06
3.54182e-06
-2.98786e-06
0.000454933
-3.75279e-06
3.00813e-06
-3.01262e-06
0.00051879
2.18477e-06
-3.14783e-06
0.000569621
1.15211e-06
-3.32223e-06
0.000604676
-1.58406e-08
-3.46285e-06
0.000622531
-1.18766e-06
-3.43541e-06
0.000622539
-2.17128e-06
-3.27557e-06
0.000604687
-2.98393e-06
-3.2421e-06
0.000569649
-3.4673e-06
-2.99883e-06
0.000518786
-3.10219e-06
0.000454957
-3.65884e-06
3.58301e-06
-3.43703e-06
0.000416299
-3.78805e-06
3.00625e-06
-3.54681e-06
0.000478533
2.19175e-06
-3.86216e-06
0.000527305
1.18133e-06
-4.10637e-06
0.000560759
9.47992e-09
-4.21467e-06
0.000577778
-1.14714e-06
-4.20555e-06
0.000577782
-2.11523e-06
-4.10363e-06
0.000560768
-2.96072e-06
-3.92352e-06
0.000527314
-3.4659e-06
-3.6024e-06
0.00047853
-3.56224e-06
0.000416309
-3.65959e-06
3.59795e-06
-4.12962e-06
0.000372829
-3.77221e-06
3.03071e-06
-4.21392e-06
0.000433408
2.20611e-06
-4.55744e-06
0.000480682
1.18007e-06
-4.787e-06
0.000513101
3.09519e-08
-4.86516e-06
0.00052959
-1.1035e-06
-4.87191e-06
0.000529592
-2.12978e-06
-4.78465e-06
0.000513104
-2.98285e-06
-4.59097e-06
0.000480682
-3.50801e-06
-4.31223e-06
0.000433408
-4.24153e-06
0.000372831
-3.69635e-06
3.60226e-06
-4.80204e-06
0.000326785
-3.78874e-06
3.05743e-06
-4.80583e-06
0.000386294
2.22284e-06
-5.07514e-06
0.00043258
1.17678e-06
-5.24214e-06
0.000464252
3.41092e-08
-5.30062e-06
0.000480337
-1.1132e-06
-5.30324e-06
0.000480339
-2.17171e-06
-5.22914e-06
0.000464252
-3.02224e-06
-5.09491e-06
0.000432579
-3.57727e-06
-4.89553e-06
0.000386296
-4.89466e-06
0.000326786
-3.7842e-06
3.61377e-06
0.000279721
-3.90229e-06
3.07539e-06
0.000338497
2.22702e-06
0.000383989
1.16989e-06
0.000415008
1.72588e-08
0.000430727
-1.1462e-06
0.000430727
-2.20227e-06
0.000415009
-3.06476e-06
0.00038399
-3.6407e-06
0.000338498
0.000279722
-3.94957e-06
9.19089e-06
-2.57964e-06
0.000478122
-1.03437e-05
7.29136e-06
-3.44206e-06
0.000528232
5.07535e-06
-3.95351e-06
0.000567927
2.56667e-06
-4.13946e-06
0.000595745
-4.92805e-08
-4.18012e-06
0.000609957
-2.8159e-06
-4.15462e-06
0.000609972
-5.47343e-06
-4.07021e-06
0.000595671
-7.72477e-06
-3.9284e-06
0.000567748
-9.582e-06
-3.45776e-06
0.000527999
-2.72466e-06
0.000478228
-1.04911e-05
8.27943e-06
-5.82424e-06
0.000539211
-9.36725e-06
6.65129e-06
-6.88471e-06
0.000597481
4.62832e-06
-7.6634e-06
0.000644966
2.35481e-06
-8.02706e-06
0.000678457
-5.16278e-08
-8.1304e-06
0.000695711
-2.45675e-06
-8.17811e-06
0.000695727
-4.82057e-06
-7.93857e-06
0.000678429
-6.8853e-06
-7.62369e-06
0.00064487
-8.50734e-06
-6.85014e-06
0.000597322
-6.03084e-06
0.000539337
-9.50621e-06
8.03322e-06
-8.56477e-06
0.00053572
-9.10839e-06
6.50443e-06
-9.686e-06
0.000596952
4.52782e-06
-1.05491e-05
0.000646963
2.30182e-06
-1.10062e-05
0.000682238
-6.32236e-08
-1.1133e-05
0.000700432
-2.38192e-06
-1.12701e-05
0.000700469
-4.62117e-06
-1.0959e-05
0.000682244
-6.59596e-06
-1.05352e-05
0.000646916
-8.15388e-06
-9.57658e-06
0.000596847
-8.76907e-06
0.000535818
-9.22264e-06
8.00498e-06
-1.06568e-05
0.000516701
-9.04897e-06
6.50775e-06
-1.16268e-05
0.00057983
4.53539e-06
-1.23861e-05
0.000631365
2.2859e-06
-1.2794e-05
0.00066772
-6.64107e-08
-1.29227e-05
0.000686493
-2.38511e-06
-1.31173e-05
0.000686545
-4.61007e-06
-1.28084e-05
0.000667747
-6.53253e-06
-1.24284e-05
0.000631361
-8.04826e-06
-1.14658e-05
0.000579769
-1.07904e-05
0.000516774
-9.15729e-06
8.08822e-06
-1.20765e-05
0.000489814
-9.09636e-06
6.56494e-06
-1.27012e-05
0.000554046
4.57798e-06
-1.32949e-05
0.000606281
2.30505e-06
-1.36526e-05
0.000642918
-2.90365e-08
-1.38496e-05
0.000661753
-2.41101e-06
-1.40102e-05
0.000661792
-4.66786e-06
-1.37078e-05
0.000642951
-6.58032e-06
-1.34022e-05
0.000606307
-8.06968e-06
-1.25555e-05
0.000554016
-1.21135e-05
0.00048986
-9.17132e-06
8.20868e-06
-1.30181e-05
0.000456878
-9.2128e-06
6.63879e-06
-1.33361e-05
0.000520994
4.64982e-06
-1.39711e-05
0.000572286
2.39028e-06
-1.44279e-05
0.000607711
4.77476e-09
-1.46889e-05
0.000625756
-2.44281e-06
-1.47939e-05
0.000625771
-4.70352e-06
-1.44916e-05
0.000607732
-6.6787e-06
-1.40838e-05
0.000572306
-8.14715e-06
-1.32849e-05
0.000520984
-1.30403e-05
0.000456898
-9.16137e-06
8.33627e-06
-1.38911e-05
0.000418148
-9.31223e-06
6.73897e-06
-1.40026e-05
0.000480796
4.7364e-06
-1.47371e-05
0.000530073
2.47069e-06
-1.52723e-05
0.00056387
2.30688e-08
-1.55155e-05
0.000581052
-2.45919e-06
-1.55874e-05
0.000581058
-4.73197e-06
-1.53296e-05
0.000563879
-6.75254e-06
-1.48288e-05
0.00053008
-8.2476e-06
-1.4052e-05
0.000480792
-1.39473e-05
0.000418154
-9.18637e-06
8.48062e-06
-1.48294e-05
0.000374687
-9.40106e-06
6.89774e-06
-1.47139e-05
0.000435702
4.86855e-06
-1.54096e-05
0.000483384
2.53695e-06
-1.59101e-05
0.000516071
4.38923e-08
-1.61213e-05
0.000532689
-2.47047e-06
-1.6173e-05
0.000532692
-4.81035e-06
-1.59597e-05
0.000516074
-6.84926e-06
-1.54936e-05
0.000483386
-8.37926e-06
-1.48163e-05
0.000435702
-1.48975e-05
0.00037469
-9.28742e-06
8.57057e-06
-1.56107e-05
0.000328553
-9.5572e-06
7.02306e-06
-1.53142e-05
0.000388442
4.98382e-06
-1.58328e-05
0.000435042
2.59451e-06
-1.61891e-05
0.00046692
4.90954e-08
-1.63441e-05
0.000483106
-2.52391e-06
-1.63678e-05
0.000483107
-4.91743e-06
-1.62365e-05
0.000466923
-6.96159e-06
-1.59144e-05
0.000435044
-8.5119e-06
-1.5414e-05
0.000388444
-1.56712e-05
0.000328554
-9.50636e-06
8.62595e-06
0.000281268
-9.85306e-06
7.13256e-06
0.000340367
5.07613e-06
0.000386108
2.64229e-06
0.000417288
3.39092e-08
0.000433086
-2.59937e-06
0.000433086
-5.04515e-06
0.000417291
-7.12082e-06
0.000386111
-8.63574e-06
0.000340368
0.000281269
-9.86499e-06
3.19768e-05
-1.93179e-05
-3.48235e-05
2.66314e-05
-2.22838e-05
1.91579e-05
-2.44276e-05
1.00364e-05
-2.58337e-05
-1.22512e-07
-2.64661e-05
-1.02369e-05
-2.65577e-05
-1.93314e-05
-2.58901e-05
-2.68419e-05
-2.43945e-05
-3.22509e-05
-2.21916e-05
-1.94223e-05
-3.49337e-05
2.9736e-05
-3.24661e-05
-3.26236e-05
2.45752e-05
-3.64887e-05
1.75386e-05
-3.96816e-05
9.10765e-06
-4.18087e-05
-1.00999e-07
-4.28161e-05
-9.23895e-06
-4.30073e-05
-1.76497e-05
-4.1922e-05
-2.4683e-05
-3.96647e-05
-2.98867e-05
-3.6332e-05
-3.26051e-05
-3.27217e-05
2.87027e-05
-4.1937e-05
-3.15856e-05
2.36593e-05
-4.63249e-05
1.68205e-05
-5.0028e-05
8.70679e-06
-5.25581e-05
-7.90649e-08
-5.38033e-05
-8.81631e-06
-5.4048e-05
-1.6895e-05
-5.27312e-05
-2.37062e-05
-5.00549e-05
-2.87891e-05
-4.6128e-05
-4.20594e-05
-3.16804e-05
2.82165e-05
-4.90106e-05
-3.1109e-05
2.3199e-05
-5.33004e-05
1.64453e-05
-5.71685e-05
8.50236e-06
-5.99005e-05
-4.66772e-08
-6.12984e-05
-8.60841e-06
-6.15242e-05
-1.65455e-05
-6.00898e-05
-2.32619e-05
-5.72303e-05
-2.82754e-05
-5.31111e-05
-4.90801e-05
-3.1214e-05
2.80344e-05
-5.42402e-05
-3.09024e-05
2.29867e-05
-5.80393e-05
1.62632e-05
-6.18301e-05
8.41052e-06
-6.46119e-05
-1.04633e-08
-6.60801e-05
-8.48982e-06
-6.62439e-05
-1.6374e-05
-6.47747e-05
-2.30718e-05
-6.19034e-05
-2.80735e-05
-5.78942e-05
-5.42161e-05
-3.10241e-05
2.80648e-05
-5.80004e-05
-3.09218e-05
2.29687e-05
-6.1013e-05
1.62364e-05
-6.45556e-05
8.41169e-06
-6.72562e-05
1.00817e-08
-6.86751e-05
-8.45044e-06
-6.87836e-05
-1.63278e-05
-6.73662e-05
-2.30452e-05
-6.46339e-05
-2.80611e-05
-6.09411e-05
-5.79325e-05
-3.09542e-05
2.82235e-05
-6.0557e-05
-3.1124e-05
2.30791e-05
-6.25638e-05
1.63099e-05
-6.55934e-05
8.46047e-06
-6.79826e-05
1.65358e-08
-6.92062e-05
-8.45589e-06
-6.92862e-05
-1.63486e-05
-6.80499e-05
-2.3122e-05
-6.56661e-05
-2.82131e-05
-6.25436e-05
-6.05161e-05
-3.10838e-05
2.84283e-05
-6.18741e-05
-3.15091e-05
2.31996e-05
-6.27335e-05
1.63966e-05
-6.50137e-05
8.49875e-06
-6.68807e-05
2.55349e-08
-6.78354e-05
-8.47677e-06
-6.78844e-05
-1.63894e-05
-6.69345e-05
-2.3199e-05
-6.50806e-05
-2.84015e-05
-6.27382e-05
-6.1842e-05
-3.14719e-05
2.85509e-05
-6.173e-05
-3.20889e-05
2.32362e-05
-6.16109e-05
1.64357e-05
-6.30507e-05
8.51869e-06
-6.42574e-05
2.78658e-08
-6.48825e-05
-8.48897e-06
-6.49038e-05
-1.64041e-05
-6.43132e-05
-2.31987e-05
-6.31226e-05
-2.84944e-05
-6.16327e-05
-6.16886e-05
-3.20397e-05
2.85595e-05
-3.28315e-05
2.32158e-05
1.64189e-05
8.50912e-06
2.16436e-08
-8.47882e-06
-1.63956e-05
-2.32003e-05
-2.85322e-05
-3.27912e-05
3.00703e-07
1.71399e-05
0.000631981
3.35224e-07
1.66639e-05
0.00069009
2.77144e-07
1.64424e-05
0.000737073
1.56648e-07
1.62969e-05
0.000770169
-1.25576e-09
1.6213e-05
0.000787276
-1.47406e-07
1.6204e-05
0.000787273
-2.90066e-07
1.61928e-05
0.000770295
-3.35004e-07
1.63793e-05
0.000737123
-2.84032e-07
1.6621e-05
0.000690116
1.70215e-05
0.000632125
-1.53584e-08
2.48902e-07
1.06095e-05
0.000612037
3.33992e-07
1.01531e-05
0.000669131
2.94952e-07
9.85613e-06
0.000715424
1.71612e-07
9.65186e-06
0.000747945
3.04512e-09
9.55385e-06
0.000764696
-1.69995e-07
9.55385e-06
0.000764691
-2.95558e-07
9.63188e-06
0.000747863
-3.39032e-07
9.82701e-06
0.000715394
-2.53407e-07
1.0134e-05
0.000669106
1.05776e-05
0.00061195
-3.18661e-09
2.1925e-07
8.04884e-06
0.000564433
3.06809e-07
7.68942e-06
0.000620998
2.7297e-07
7.4567e-06
0.000666573
1.56578e-07
7.29678e-06
0.000698479
1.62794e-09
7.21957e-06
0.000714895
-1.52255e-07
7.22068e-06
0.000714892
-2.67099e-07
7.294e-06
0.00069846
-3.12225e-07
7.44787e-06
0.000666564
-2.29768e-07
7.68242e-06
0.000620991
8.03939e-06
0.00056441
-4.00644e-09
2.08244e-07
6.50509e-06
0.000519774
2.84616e-07
6.21376e-06
0.000575938
2.53213e-07
6.0318e-06
0.000620936
1.44243e-07
5.91085e-06
0.000652333
1.21446e-09
5.84799e-06
0.000668457
-1.39479e-07
5.84736e-06
0.000668457
-2.47562e-07
5.9113e-06
0.000652329
-2.86678e-07
6.03272e-06
0.000620934
-2.11832e-07
6.2104e-06
0.000575936
6.50211e-06
0.000519769
-5.31589e-09
1.85841e-07
5.33231e-06
0.000475768
2.58881e-07
5.07213e-06
0.000531524
2.30766e-07
4.92671e-06
0.000575954
1.33723e-07
4.83153e-06
0.000606845
7.10799e-10
4.78309e-06
0.000622678
-1.33515e-07
4.78337e-06
0.000622678
-2.30756e-07
4.83259e-06
0.000606845
-2.5809e-07
4.92725e-06
0.000575954
-1.84472e-07
5.06883e-06
0.000531523
5.32992e-06
0.000475767
3.53987e-10
1.62687e-07
4.36046e-06
0.00043193
2.35381e-07
4.10473e-06
0.000487267
2.1248e-07
3.98939e-06
0.000531122
1.22949e-07
3.91752e-06
0.000561503
1.00079e-10
3.88111e-06
0.000577042
-1.23189e-07
3.88169e-06
0.000577042
-2.11866e-07
3.91768e-06
0.000561504
-2.32322e-07
3.98742e-06
0.000531122
-1.60294e-07
4.10246e-06
0.000487266
4.35861e-06
0.000431931
1.45986e-09
1.48364e-07
3.53011e-06
0.000388144
2.17221e-07
3.26977e-06
0.000443055
1.97229e-07
3.18015e-06
0.000486332
1.144e-07
3.12973e-06
0.000516201
2.22137e-10
3.10436e-06
0.000531446
-1.13519e-07
3.1045e-06
0.000531446
-1.95586e-07
3.12919e-06
0.000516201
-2.15213e-07
3.17782e-06
0.000486332
-1.47824e-07
3.26906e-06
0.000443055
3.5274e-06
0.000388144
1.06598e-09
1.45517e-07
2.80924e-06
0.000344379
2.10113e-07
2.54902e-06
0.000398861
1.89025e-07
2.48489e-06
0.00044156
1.09205e-07
2.45387e-06
0.000470917
1.39837e-10
2.43833e-06
0.000485867
-1.08494e-07
2.43804e-06
0.000485867
-1.87939e-07
2.45304e-06
0.000470917
-2.10862e-07
2.48446e-06
0.00044156
-1.46786e-07
2.54865e-06
0.000398862
2.80609e-06
0.000344378
-5.78704e-10
1.58835e-07
2.17025e-06
0.000300624
2.16865e-07
1.9332e-06
0.00035468
1.88055e-07
1.89816e-06
0.0003968
1.07268e-07
1.88134e-06
0.000425646
8.75243e-10
1.87272e-06
0.000440301
-1.05692e-07
1.87263e-06
0.000440301
-1.87459e-07
1.88158e-06
0.000425646
-2.17982e-07
1.89949e-06
0.0003968
-1.60238e-07
1.93303e-06
0.00035468
2.16802e-06
0.000300624
-1.91292e-09
2.15146e-07
0.000256881
2.37091e-07
0.000310508
1.9158e-07
0.000352051
1.05843e-07
0.000380385
7.86127e-10
0.000394746
-1.04447e-07
0.000394746
-1.90314e-07
0.000380385
-2.35298e-07
0.000352051
-2.13484e-07
0.000310508
0.000256881
-1.54382e-10
2.7629e-07
1.97996e-05
0.000611926
3.66488e-07
1.91548e-05
0.000670845
3.24309e-07
1.88846e-05
0.000718231
1.85325e-07
1.86915e-05
0.000751617
-3.12435e-09
1.85808e-05
0.000768883
-1.96638e-07
1.85814e-05
0.000768885
-3.37773e-07
1.86505e-05
0.000751786
-3.73724e-07
1.8844e-05
0.000718315
-2.6801e-07
1.91216e-05
0.000670889
1.97436e-05
0.000612102
1.17268e-08
3.90302e-07
1.47154e-05
0.00061672
4.88652e-07
1.41148e-05
0.000674072
4.20145e-07
1.37932e-05
0.000720584
2.43524e-07
1.35624e-05
0.00075325
1.10145e-09
1.3451e-05
0.000770068
-2.51768e-07
1.34641e-05
0.000770061
-4.45452e-07
1.35397e-05
0.000753167
-5.06474e-07
1.37508e-05
0.000720548
-3.99729e-07
1.4081e-05
0.00067404
1.46642e-05
0.000616638
-8.66467e-09
3.32331e-07
1.17462e-05
0.000567053
4.35859e-07
1.12916e-05
0.000623718
3.83894e-07
1.10193e-05
0.000669398
2.17845e-07
1.08302e-05
0.000701377
1.14622e-09
1.07358e-05
0.000717826
-2.10142e-07
1.07446e-05
0.000717823
-3.8038e-07
1.08226e-05
0.000701347
-4.46253e-07
1.09997e-05
0.00066938
-3.51573e-07
1.12722e-05
0.000623705
1.17199e-05
0.00056702
-1.7844e-08
2.88485e-07
9.71559e-06
0.000521509
3.94189e-07
9.3627e-06
0.000577761
3.54306e-07
9.15094e-06
0.000622845
2.01419e-07
9.01594e-06
0.0006543
-2.95392e-09
8.94317e-06
0.000670454
-1.97054e-07
8.94228e-06
0.000670453
-3.47792e-07
9.01114e-06
0.000654291
-4.00552e-07
9.14901e-06
0.000622838
-3.01829e-07
9.35302e-06
0.000577756
9.70205e-06
0.000521498
-1.23009e-08
2.5951e-07
8.11891e-06
0.000477107
3.57401e-07
7.8248e-06
0.000532964
3.23368e-07
7.65633e-06
0.000577483
1.89216e-07
7.55896e-06
0.000608437
-1.13996e-09
7.50979e-06
0.000624302
-1.90258e-07
7.50772e-06
0.000624302
-3.26006e-07
7.55709e-06
0.000608435
-3.62868e-07
7.65967e-06
0.00057748
-2.63759e-07
7.81523e-06
0.000532962
8.10623e-06
0.000477104
-4.32641e-09
2.40743e-07
6.75972e-06
0.000433052
3.3541e-07
6.49343e-06
0.000488503
3.0318e-07
6.35588e-06
0.000532455
1.77544e-07
6.28451e-06
0.000562904
1.31942e-09
6.25103e-06
0.000578477
-1.76724e-07
6.25084e-06
0.000578477
-3.03821e-07
6.28426e-06
0.000562903
-3.31524e-07
6.35588e-06
0.000532454
-2.38432e-07
6.4863e-06
0.000488502
6.74892e-06
0.000433052
-2.13594e-09
2.31122e-07
5.55586e-06
0.000389119
3.22383e-07
5.30467e-06
0.000444152
2.90919e-07
5.19048e-06
0.000487529
1.69702e-07
5.13958e-06
0.000517468
1.62467e-09
5.11744e-06
0.000532747
-1.67563e-07
5.11833e-06
0.000532747
-2.88905e-07
5.13922e-06
0.000517468
-3.16752e-07
5.18678e-06
0.000487529
-2.2894e-07
5.30134e-06
0.000444152
5.547e-06
0.000389119
-1.51813e-09
2.29729e-07
4.47186e-06
0.000345231
3.1805e-07
4.23794e-06
0.00039984
2.84873e-07
4.14546e-06
0.000442638
1.65012e-07
4.11228e-06
0.000472065
-2.72688e-13
4.10019e-06
0.000487049
-1.64574e-07
4.10056e-06
0.000487049
-2.8511e-07
4.11251e-06
0.000472065
-3.20858e-07
4.1441e-06
0.000442639
-2.34913e-07
4.23692e-06
0.00039984
4.46182e-06
0.000345231
-2.19498e-09
2.4473e-07
3.48585e-06
0.000301363
3.3152e-07
3.28622e-06
0.000355545
2.90685e-07
3.22251e-06
0.000397764
1.66285e-07
3.20504e-06
0.000426678
5.97769e-10
3.19973e-06
0.000441367
-1.64571e-07
3.19955e-06
0.000441367
-2.89111e-07
3.20541e-06
0.000426678
-3.32748e-07
3.22404e-06
0.000397764
-2.46958e-07
3.28616e-06
0.000355545
3.47681e-06
0.000301363
-2.71753e-10
2.74189e-07
0.000257508
3.57018e-07
0.000311261
3.03275e-07
0.000352901
1.70874e-07
0.000381302
1.95799e-09
0.000395697
-1.67005e-07
0.000395697
-2.98678e-07
0.000381302
-3.50944e-07
0.000352901
-2.68509e-07
0.000311261
0.000257507
3.05066e-09
3.49211e-07
2.02291e-05
0.000591383
4.81126e-07
1.97056e-05
0.000651007
4.33696e-07
1.94522e-05
0.000698826
2.45566e-07
1.92728e-05
0.000732532
-1.24211e-09
1.91687e-05
0.000749961
-2.58252e-07
1.91626e-05
0.000749979
-4.45376e-07
1.92594e-05
0.000732714
-4.93309e-07
1.94515e-05
0.000698911
-3.33291e-07
1.96485e-05
0.000651081
2.0202e-05
0.000591536
3.01906e-08
4.79735e-07
1.6365e-05
0.000620088
5.82561e-07
1.57286e-05
0.000677947
4.927e-07
1.53474e-05
0.000724778
2.8582e-07
1.50828e-05
0.000757647
5.65404e-09
1.49538e-05
0.000774563
-2.90858e-07
1.49648e-05
0.000774556
-5.27312e-07
1.50852e-05
0.000757578
-6.0069e-07
1.5325e-05
0.000724748
-4.89264e-07
1.56727e-05
0.000677905
1.63238e-05
0.000620037
-9.86193e-09
3.88435e-07
1.32381e-05
0.000569768
5.07241e-07
1.27248e-05
0.000626603
4.41219e-07
1.23855e-05
0.000672426
2.49458e-07
1.21489e-05
0.000704503
-2.75206e-09
1.20347e-05
0.000720998
-2.52593e-07
1.20444e-05
0.000720993
-4.40717e-07
1.21503e-05
0.00070447
-5.05624e-07
1.23655e-05
0.000672405
-4.08854e-07
1.26966e-05
0.000626584
1.32158e-05
0.000569739
-1.9139e-08
3.32479e-07
1.09364e-05
0.000523462
4.56025e-07
1.0523e-05
0.000579839
4.0694e-07
1.02489e-05
0.00062503
2.27679e-07
1.00689e-05
0.00065656
-6.5988e-09
9.97487e-06
0.000672748
-2.27111e-07
9.97188e-06
0.000672746
-3.94484e-07
1.00623e-05
0.000656547
-4.51017e-07
1.024e-05
0.00062502
-3.44709e-07
1.05142e-05
0.000579832
1.09263e-05
0.000523448
-5.32285e-09
3.06359e-07
9.08788e-06
0.00047865
4.13332e-07
8.75582e-06
0.000534624
3.71357e-07
8.53321e-06
0.000579241
2.15263e-07
8.40029e-06
0.000610261
-1.49091e-09
8.33318e-06
0.00062616
-2.14036e-07
8.32728e-06
0.000626159
-3.65984e-07
8.3919e-06
0.000610257
-4.11248e-07
8.53015e-06
0.000579235
-3.05371e-07
8.74905e-06
0.000534621
9.07955e-06
0.000478645
3.19375e-10
2.86914e-07
7.52466e-06
0.000434333
3.85725e-07
7.25237e-06
0.000489908
3.45866e-07
7.06843e-06
0.00053396
2.02643e-07
6.96967e-06
0.000564477
3.08438e-09
6.92327e-06
0.000580087
-1.97785e-07
6.91929e-06
0.000580086
-3.41748e-07
6.96274e-06
0.000564477
-3.80118e-07
7.06547e-06
0.000533957
-2.82592e-07
7.24772e-06
0.000489906
7.51743e-06
0.000434332
-1.36076e-09
2.75537e-07
6.15299e-06
0.000390217
3.71657e-07
5.92714e-06
0.000445381
3.3169e-07
5.77522e-06
0.000488862
1.9294e-07
5.70326e-06
0.000518873
2.1469e-09
5.67201e-06
0.000534189
-1.91414e-07
5.67087e-06
0.000534189
-3.33799e-07
5.69981e-06
0.000518873
-3.71547e-07
5.77011e-06
0.000488862
-2.75786e-07
5.92314e-06
0.000445381
6.15007e-06
0.000390218
-7.15549e-09
2.65895e-07
4.92983e-06
0.000346185
3.62252e-07
4.74189e-06
0.000400929
3.20342e-07
4.62208e-06
0.000443833
1.84661e-07
4.57099e-06
0.000473333
-5.39403e-10
4.55235e-06
0.000488354
-1.87745e-07
4.55317e-06
0.000488354
-3.28505e-07
4.57227e-06
0.000473333
-3.72962e-07
4.61911e-06
0.000443834
-2.78326e-07
4.73944e-06
0.000400929
4.9242e-06
0.000346185
-6.62644e-09
2.65904e-07
3.83324e-06
0.000302189
3.64157e-07
3.68061e-06
0.000356508
3.19276e-07
3.59773e-06
0.000398833
1.80789e-07
3.56787e-06
0.000427819
-3.02464e-09
3.55795e-06
0.000442546
-1.85881e-07
3.55773e-06
0.000442546
-3.23197e-07
3.56776e-06
0.000427819
-3.69706e-07
3.59622e-06
0.000398833
-2.71738e-07
3.67842e-06
0.000356508
3.82559e-06
0.000302189
8.48249e-10
2.76605e-07
0.000258211
3.75953e-07
0.000312103
3.25538e-07
0.000353849
1.83505e-07
0.000382321
-1.3986e-09
0.000396752
-1.85715e-07
0.000396752
-3.2487e-07
0.000382321
-3.72488e-07
0.000353848
-2.72635e-07
0.000312102
0.000258211
5.03934e-09
3.45184e-07
1.98385e-05
0.000571243
5.06498e-07
1.97115e-05
0.000631135
4.79585e-07
1.96507e-05
0.000679202
2.74298e-07
1.95947e-05
0.000713142
2.13599e-09
1.95561e-05
0.000730677
-2.86558e-07
1.95457e-05
0.000730722
-4.98609e-07
1.95902e-05
0.000713336
-5.32763e-07
1.96566e-05
0.000679289
-3.03407e-07
1.9633e-05
0.000631218
1.98298e-05
0.000571351
5.17094e-08
4.95861e-07
1.76532e-05
0.000621758
6.16215e-07
1.71054e-05
0.000680432
5.36331e-07
1.67401e-05
0.000727769
3.19372e-07
1.65109e-05
0.000760948
9.2531e-09
1.64084e-05
0.000778021
-2.98309e-07
1.63944e-05
0.000778014
-5.44445e-07
1.65238e-05
0.000760891
-6.20075e-07
1.67509e-05
0.00072773
-5.00982e-07
1.70242e-05
0.000680394
1.76327e-05
0.00062174
-6.92036e-09
4.17251e-07
1.45895e-05
0.000572388
5.50452e-07
1.40978e-05
0.000629477
4.74503e-07
1.37483e-05
0.000675494
2.7076e-07
1.35178e-05
0.000707699
-3.47621e-09
1.34221e-05
0.000724258
-2.85957e-07
1.3419e-05
0.000724251
-4.78372e-07
1.35193e-05
0.000707667
-5.21968e-07
1.37289e-05
0.00067547
-4.38931e-07
1.40688e-05
0.000629457
1.45898e-05
0.000572371
-2.83686e-08
3.73076e-07
1.21408e-05
0.000525519
5.0925e-07
1.1727e-05
0.000582074
4.47933e-07
1.14318e-05
0.000627408
2.52488e-07
1.1237e-05
0.000659036
1.64537e-09
1.11499e-05
0.000675271
-2.46357e-07
1.11458e-05
0.000675267
-4.26669e-07
1.12245e-05
0.000659022
-4.85791e-07
1.14115e-05
0.000627397
-3.7819e-07
1.1727e-05
0.000582066
1.21446e-05
0.000525508
7.09236e-09
3.55864e-07
1.0095e-05
0.000480342
4.74372e-07
9.76318e-06
0.000536469
4.20222e-07
9.51701e-06
0.00058121
2.4105e-07
9.36177e-06
0.000612316
6.67653e-09
9.28771e-06
0.000628257
-2.2256e-07
9.2806e-06
0.000628253
-3.97031e-07
9.34707e-06
0.000612309
-4.56234e-07
9.50251e-06
0.000581203
-3.39535e-07
9.76473e-06
0.000536467
1.00972e-05
0.000480337
1.55154e-08
3.32166e-07
8.34299e-06
0.000435759
4.43933e-07
8.07772e-06
0.000491482
3.96099e-07
7.87232e-06
0.000535652
2.30709e-07
7.75212e-06
0.000566252
5.8821e-09
7.69528e-06
0.000581904
-2.18141e-07
7.68821e-06
0.000581902
-3.82858e-07
7.73817e-06
0.00056625
-4.324e-07
7.85975e-06
0.000535649
-3.17459e-07
8.07609e-06
0.00049148
8.34555e-06
0.000435758
8.8971e-09
3.16439e-07
6.80775e-06
0.000391438
4.28315e-07
6.59454e-06
0.000446753
3.82869e-07
6.42575e-06
0.000490354
2.22412e-07
6.33671e-06
0.000520449
1.49782e-09
6.29718e-06
0.000535808
-2.2098e-07
6.29196e-06
0.000535808
-3.8723e-07
6.32916e-06
0.000520448
-4.37608e-07
6.41854e-06
0.000490354
-3.24764e-07
6.59177e-06
0.000446752
6.81071e-06
0.000391438
-1.03335e-08
3.08223e-07
5.44579e-06
0.000347237
4.21194e-07
5.27413e-06
0.000402136
3.72554e-07
5.1441e-06
0.000445164
2.14558e-07
5.07951e-06
0.000474748
1.23841e-10
5.05314e-06
0.000489813
-2.19686e-07
5.0534e-06
0.000489813
-3.85834e-07
5.08001e-06
0.000474748
-4.37975e-07
5.14039e-06
0.000445164
-3.25312e-07
5.2716e-06
0.000402137
5.4447e-06
0.000347238
-1.21007e-08
3.03823e-07
4.2363e-06
0.000303094
4.17771e-07
4.09795e-06
0.00035757
3.66876e-07
4.00949e-06
0.000400019
2.06928e-07
3.96935e-06
0.000429089
-6.16792e-09
3.95327e-06
0.000443859
-2.18564e-07
3.95283e-06
0.000443859
-3.75723e-07
3.96692e-06
0.00042909
-4.22328e-07
4.00126e-06
0.000400019
-3.06381e-07
4.09349e-06
0.00035757
4.23428e-06
0.000303094
-1.2536e-09
3.07788e-07
0.000258979
4.18699e-07
0.000313028
3.65287e-07
0.000354896
2.05641e-07
0.000383452
-5.32241e-09
0.000397925
-2.15414e-07
0.000397925
-3.72917e-07
0.000383452
-4.25368e-07
0.000354896
-3.11126e-07
0.000313028
0.000258979
5.32648e-10
2.91269e-07
1.84868e-05
0.000552512
4.47948e-07
1.87608e-05
0.000612217
4.38185e-07
1.89157e-05
0.000660296
2.53227e-07
1.90365e-05
0.000694291
-2.24694e-10
1.90969e-05
0.000711834
-2.60717e-07
1.90767e-05
0.000711906
-4.53741e-07
1.90008e-05
0.000694528
-4.61951e-07
1.8903e-05
0.000660394
-2.15641e-07
1.86982e-05
0.000612274
1.84808e-05
0.000552576
7.81638e-08
4.31588e-07
1.80873e-05
0.000621697
5.6245e-07
1.77334e-05
0.000681329
5.06957e-07
1.74678e-05
0.000729272
2.99093e-07
1.73335e-05
0.000762859
3.12443e-09
1.72748e-05
0.000780139
-2.65606e-07
1.72282e-05
0.000780132
-4.74127e-07
1.7309e-05
0.000762791
-5.42083e-07
1.749e-05
0.00072921
-4.26782e-07
1.76643e-05
0.000681313
1.80858e-05
0.000621706
2.1629e-09
3.90789e-07
1.52921e-05
0.000574761
5.17837e-07
1.49057e-05
0.000632178
4.45477e-07
1.46048e-05
0.000678429
2.63978e-07
1.44236e-05
0.000710791
4.26081e-09
1.43634e-05
0.000727429
-2.68462e-07
1.43345e-05
0.000727418
-4.50369e-07
1.44029e-05
0.000710755
-4.84842e-07
1.45921e-05
0.000678403
-4.12992e-07
1.48883e-05
0.000632161
1.5325e-05
0.000574759
-4.03487e-08
3.72606e-07
1.28453e-05
0.00052758
5.06142e-07
1.24952e-05
0.000584351
4.40912e-07
1.22238e-05
0.000629854
2.56071e-07
1.20464e-05
0.000661598
2.06131e-08
1.198e-05
0.00067789
-2.384e-07
1.19768e-05
0.000677884
-4.22662e-07
1.20248e-05
0.000661584
-4.72402e-07
1.21946e-05
0.000629844
-3.73198e-07
1.25111e-05
0.000584344
1.28725e-05
0.000527576
1.0882e-08
3.68037e-07
1.07199e-05
0.000482107
4.86338e-07
1.04309e-05
0.000538415
4.23585e-07
1.01984e-05
0.000583298
2.40791e-07
1.00428e-05
0.000614502
1.43661e-08
9.97191e-06
0.000630491
-2.13848e-07
9.9718e-06
0.000630487
-3.96153e-07
1.00218e-05
0.000614494
-4.63877e-07
1.01718e-05
0.000583294
-3.44619e-07
1.04448e-05
0.000538414
1.07349e-05
0.000482104
2.54087e-08
3.44195e-07
8.86326e-06
0.000437278
4.56515e-07
8.63429e-06
0.000493166
4.05738e-07
8.43424e-06
0.000537467
2.34465e-07
8.30875e-06
0.000568158
4.29131e-09
8.25088e-06
0.000583855
-2.20701e-07
8.24601e-06
0.000583853
-3.96614e-07
8.29336e-06
0.000568155
-4.5551e-07
8.41414e-06
0.000537466
-3.28201e-07
8.63202e-06
0.000493165
8.87e-06
0.000437277
1.73944e-08
3.25311e-07
7.22755e-06
0.000392747
4.43131e-07
7.04543e-06
0.000448224
3.96075e-07
6.88105e-06
0.000491954
2.28612e-07
6.78655e-06
0.000522138
3.03285e-10
6.74356e-06
0.000537544
-2.25818e-07
6.73678e-06
0.000537543
-3.97684e-07
6.77647e-06
0.000522137
-4.58859e-07
6.87536e-06
0.000491954
-3.42621e-07
7.04414e-06
0.000448224
7.22845e-06
0.000392747
-9.55267e-09
3.25144e-07
5.77687e-06
0.000348366
4.43972e-07
5.63389e-06
0.000403429
3.94174e-07
5.50777e-06
0.000446587
2.28257e-07
5.43908e-06
0.000476261
2.63709e-09
5.40946e-06
0.000491372
-2.2779e-07
5.40764e-06
0.000491372
-4.00605e-07
5.43628e-06
0.000476261
-4.53465e-07
5.50554e-06
0.000446587
-3.35325e-07
5.63357e-06
0.000403429
5.77724e-06
0.000348366
-1.24382e-08
3.22656e-07
4.49197e-06
0.000304062
4.42636e-07
4.37928e-06
0.000358705
3.91078e-07
4.29337e-06
0.000401285
2.23441e-07
4.25027e-06
0.000430446
-9.15042e-10
4.23131e-06
0.000445261
-2.27199e-07
4.23148e-06
0.000445261
-3.94915e-07
4.24767e-06
0.000430446
-4.40335e-07
4.28484e-06
0.000401285
-3.15944e-07
4.37448e-06
0.000358705
4.4957e-06
0.000304062
-2.64903e-09
3.209e-07
0.000259798
4.39885e-07
0.000314015
3.8662e-07
0.000356014
2.18967e-07
0.000384659
-5.02859e-09
0.000399178
-2.28212e-07
0.000399178
-3.95593e-07
0.00038466
-4.49963e-07
0.000356014
-3.27597e-07
0.000314015
0.000259798
-5.43106e-09
2.36942e-07
1.65831e-05
0.000535743
3.7916e-07
1.71916e-05
0.000594883
3.71207e-07
1.75594e-05
0.000642745
2.15392e-07
1.78081e-05
0.000676639
-9.70571e-09
1.79563e-05
0.000694103
-2.1834e-07
1.79346e-05
0.00069418
-3.45734e-07
1.77162e-05
0.000676939
-3.24713e-07
1.74985e-05
0.000642875
-1.29174e-07
1.71794e-05
0.000594899
1.65672e-05
0.000535783
9.7338e-08
3.24138e-07
1.77736e-05
0.000620142
4.53878e-07
1.76523e-05
0.000680739
4.17064e-07
1.75491e-05
0.000729319
2.39569e-07
1.75031e-05
0.000763342
-8.08419e-09
1.74956e-05
0.000780847
-2.067e-07
1.74252e-05
0.00078084
-3.65533e-07
1.74162e-05
0.00076325
-4.3562e-07
1.75493e-05
0.00072923
-3.08777e-07
1.76195e-05
0.000680746
1.77691e-05
0.00062017
2.50267e-08
3.21731e-07
1.53867e-05
0.000576787
4.36301e-07
1.51281e-05
0.000634587
3.826e-07
1.4932e-05
0.0006811
2.32101e-07
1.48092e-05
0.000713635
2.01357e-08
1.47705e-05
0.000730366
-2.13921e-07
1.4727e-05
0.00073035
-3.87397e-07
1.47521e-05
0.000713593
-4.2645e-07
1.49215e-05
0.00068107
-3.55428e-07
1.51319e-05
0.000634578
1.54365e-05
0.000576796
-5.96095e-08
3.43555e-07
1.30429e-05
0.000529572
4.60017e-07
1.27809e-05
0.000586582
4.03331e-07
1.25766e-05
0.000632267
2.43843e-07
1.24321e-05
0.000664134
3.23969e-08
1.23801e-05
0.000680492
-2.15323e-07
1.23743e-05
0.000680485
-3.93957e-07
1.23927e-05
0.000664122
-4.38174e-07
1.25495e-05
0.00063226
-3.56259e-07
1.28175e-05
0.000586577
1.30919e-05
0.000529578
-1.30962e-08
3.53001e-07
1.09324e-05
0.000483876
4.60474e-07
1.07053e-05
0.000540383
4.01157e-07
1.05145e-05
0.000585419
2.30403e-07
1.03761e-05
0.000616729
1.8663e-08
1.03116e-05
0.000632771
-2.04319e-07
1.03163e-05
0.000632768
-3.93975e-07
1.03543e-05
0.000616722
-4.6105e-07
1.0491e-05
0.00058542
-3.41499e-07
1.07295e-05
0.000540382
1.09561e-05
0.000483879
2.0096e-08
3.34943e-07
9.0495e-06
0.000438831
4.39962e-07
8.86922e-06
0.000494897
3.88785e-07
8.69606e-06
0.000539337
2.22803e-07
8.57752e-06
0.000570122
2.748e-10
8.5219e-06
0.000585867
-2.19614e-07
8.52331e-06
0.000585866
-3.98309e-07
8.56818e-06
0.000570119
-4.61159e-07
8.68174e-06
0.000539338
-3.34969e-07
8.87046e-06
0.000494898
9.05246e-06
0.000438832
1.38306e-08
3.1554e-07
7.37813e-06
0.000394098
4.27728e-07
7.23632e-06
0.000449744
3.8179e-07
7.08863e-06
0.000493608
2.19786e-07
6.99489e-06
0.000523883
-2.0822e-09
6.95273e-06
0.000539335
-2.20219e-07
6.95025e-06
0.000539334
-3.86086e-07
6.98978e-06
0.000523881
-4.46093e-07
7.08798e-06
0.000493607
-3.2977e-07
7.23268e-06
0.000449745
7.37304e-06
0.000394098
-1.84188e-09
3.16647e-07
5.89367e-06
0.000349534
4.34976e-07
5.78175e-06
0.000404765
3.89504e-07
5.66592e-06
0.000448055
2.26906e-07
5.59844e-06
0.00047782
5.80124e-09
5.56809e-06
0.000492978
-2.16061e-07
5.56655e-06
0.000492978
-3.80113e-07
5.59526e-06
0.00047782
-4.28775e-07
5.66883e-06
0.000448055
-3.15686e-07
5.78355e-06
0.000404765
5.89505e-06
0.000349534
-5.80003e-09
3.22735e-07
4.57781e-06
0.000305064
4.42276e-07
4.49124e-06
0.000359876
3.94109e-07
4.41065e-06
0.000402588
2.29893e-07
4.36816e-06
0.00043184
7.48627e-09
4.34954e-06
0.000446702
-2.16625e-07
4.3498e-06
0.000446702
-3.83262e-07
4.3676e-06
0.00043184
-4.29151e-07
4.41122e-06
0.000402589
-3.07406e-07
4.49081e-06
0.000359876
4.58643e-06
0.000305064
-8.44455e-10
3.20032e-07
0.000260645
4.42821e-07
0.000315032
3.92091e-07
0.000357164
2.25698e-07
0.0003859
1.97823e-09
0.000400465
-2.22262e-07
0.000400464
-3.92043e-07
0.0003859
-4.44704e-07
0.000357164
-3.21156e-07
0.000315032
0.000260646
-5.96355e-09
1.59074e-07
1.42672e-05
0.00052139
2.83892e-07
1.52515e-05
0.000579507
2.72297e-07
1.59054e-05
0.000626851
1.55031e-07
1.62625e-05
0.000660493
-2.1912e-08
1.64651e-05
0.000677814
-1.67599e-07
1.64588e-05
0.000677867
-1.97171e-07
1.61185e-05
0.00066085
-1.3404e-07
1.57607e-05
0.000627051
-1.89155e-08
1.52797e-05
0.000579504
1.42339e-05
0.000521426
1.04448e-07
2.12976e-07
1.68988e-05
0.000617263
3.22918e-07
1.70344e-05
0.000678846
2.98145e-07
1.71438e-05
0.000728106
1.66768e-07
1.71715e-05
0.000762564
-6.44511e-09
1.71906e-05
0.000780295
-1.28794e-07
1.71348e-05
0.000780286
-2.38965e-07
1.70249e-05
0.000762453
-3.22879e-07
1.709e-05
0.000727984
-2.09002e-07
1.70488e-05
0.000678863
1.68718e-05
0.000617295
2.8804e-08
2.30974e-07
1.5026e-05
0.000578374
3.32917e-07
1.4901e-05
0.000636619
3.0398e-07
1.4849e-05
0.000683424
1.83454e-07
1.47817e-05
0.000716145
2.14792e-08
1.47402e-05
0.000732979
-1.48044e-07
1.46941e-05
0.00073296
-3.13314e-07
1.46862e-05
0.000716097
-3.85028e-07
1.48418e-05
0.00068339
-3.02736e-07
1.49259e-05
0.000636618
1.50539e-05
0.000578384
-7.33284e-08
2.94023e-07
1.2854e-05
0.000531442
3.88717e-07
1.26849e-05
0.000588703
3.54267e-07
1.25753e-05
0.000634575
2.18716e-07
1.24822e-05
0.00066657
2.62066e-08
1.24265e-05
0.000682998
-2.03673e-07
1.24176e-05
0.000682991
-3.87527e-07
1.24318e-05
0.00066656
-4.25098e-07
1.25665e-05
0.000634573
-3.35648e-07
1.27134e-05
0.0005887
1.28995e-05
0.000531452
-5.50206e-08
3.1706e-07
1.08249e-05
0.000485594
4.07704e-07
1.06681e-05
0.00054231
3.64517e-07
1.05332e-05
0.000587504
2.16662e-07
1.04357e-05
0.000618923
8.31909e-09
1.03828e-05
0.000635023
-2.10722e-07
1.03821e-05
0.000635022
-3.86042e-07
1.04097e-05
0.00061892
-4.37858e-07
1.05294e-05
0.000587508
-3.39389e-07
1.06889e-05
0.000542308
1.08532e-05
0.000485601
-1.5887e-08
3.12182e-07
8.97646e-06
0.000440366
4.08347e-07
8.8519e-06
0.000496617
3.57111e-07
8.72076e-06
0.0005412
2.05027e-07
8.62537e-06
0.000572085
-3.83708e-09
8.57948e-06
0.000587879
-2.16966e-07
8.58177e-06
0.000587879
-3.90198e-07
8.61931e-06
0.000572083
-4.47592e-07
8.72087e-06
0.000541204
-3.35347e-07
8.85545e-06
0.000496619
8.9817e-06
0.000440369
-7.01843e-10
2.96077e-07
7.32341e-06
0.000395446
3.99151e-07
7.22645e-06
0.000451267
3.53155e-07
7.10902e-06
0.000495266
2.01496e-07
7.02656e-06
0.000525633
-5.27668e-09
6.98912e-06
0.000541132
-2.11777e-07
6.99077e-06
0.000541132
-3.68109e-07
7.02453e-06
0.000525633
-4.2171e-07
7.11592e-06
0.000495266
-3.16766e-07
7.2272e-06
0.000451268
7.31726e-06
0.000395447
-1.48105e-09
2.92395e-07
5.85269e-06
0.000350705
4.04405e-07
5.77393e-06
0.000406106
3.63202e-07
5.67741e-06
0.000449528
2.10239e-07
5.61612e-06
0.000479384
1.96187e-09
5.58754e-06
0.000494588
-2.03206e-07
5.58597e-06
0.000494588
-3.55431e-07
5.61341e-06
0.000479383
-3.99636e-07
5.68739e-06
0.000449527
-2.92564e-07
5.77954e-06
0.000406106
5.85183e-06
0.000350705
2.12818e-09
3.02827e-07
4.54802e-06
0.000306068
4.19317e-07
4.48354e-06
0.000361049
3.77927e-07
4.41318e-06
0.000403894
2.24077e-07
4.37405e-06
0.000433236
1.23144e-08
4.35721e-06
0.000448144
-2.01561e-07
4.35778e-06
0.000448144
-3.60875e-07
4.37688e-06
0.000433236
-4.03163e-07
4.42414e-06
0.000403894
-2.88166e-07
4.49082e-06
0.000361049
4.55524e-06
0.000306069
3.63924e-09
3.07765e-07
0.000261494
4.30641e-07
0.00031605
3.85384e-07
0.000358313
2.26118e-07
0.00038714
9.6243e-09
0.00040175
-2.08414e-07
0.00040175
-3.72237e-07
0.00038714
-4.19248e-07
0.000358314
-2.97559e-07
0.00031605
0.000261494
1.21857e-09
8.01832e-08
1.17334e-05
0.000509685
1.43727e-07
1.30651e-05
0.000566378
1.40415e-07
1.39622e-05
0.000612892
8.21889e-08
1.44619e-05
0.00064609
-2.18548e-08
1.47204e-05
0.000663198
-8.84549e-08
1.47184e-05
0.000663215
-1.8207e-09
1.42785e-05
0.000646485
1.05814e-07
1.37461e-05
0.000613197
1.34788e-07
1.30749e-05
0.0005664
1.17457e-05
0.000509687
1.27517e-07
1.06275e-07
1.5588e-05
0.000613271
2.00595e-07
1.60247e-05
0.000675792
1.85646e-07
1.63453e-05
0.000725737
1.08674e-07
1.646e-05
0.000760643
3.25087e-08
1.64904e-05
0.000778601
-2.20656e-08
1.64713e-05
0.000778588
-1.0076e-07
1.62863e-05
0.000760524
-2.04487e-07
1.62405e-05
0.000725594
-1.3258e-07
1.60593e-05
0.000675807
1.55908e-05
0.000613303
1.35747e-08
1.40742e-07
1.43109e-05
0.000579444
2.30588e-07
1.43569e-05
0.000638197
2.30291e-07
1.44361e-05
0.000685334
1.43638e-07
1.44304e-05
0.000718262
2.30835e-08
1.43848e-05
0.000735205
-9.74609e-08
1.43641e-05
0.000735188
-2.74072e-07
1.43493e-05
0.00071821
-3.80591e-07
1.44407e-05
0.000685296
-2.71331e-07
1.43664e-05
0.000638202
1.43303e-05
0.000579451
-7.70746e-08
2.29341e-07
1.23652e-05
0.000533143
3.04247e-07
1.23161e-05
0.000590669
2.86021e-07
1.22952e-05
0.000636734
1.64177e-07
1.22646e-05
0.000668857
-2.41961e-08
1.22131e-05
0.000685358
-2.25562e-07
1.22034e-05
0.000685353
-3.82185e-07
1.22156e-05
0.000668851
-4.02372e-07
1.23004e-05
0.000636733
-3.15965e-07
1.23135e-05
0.000590666
1.24107e-05
0.000533152
-9.71377e-08
2.70325e-07
1.04642e-05
0.000487225
3.47211e-07
1.0399e-05
0.00054415
3.16173e-07
1.03242e-05
0.000589506
1.87937e-07
1.02802e-05
0.000621036
-1.53163e-08
1.02445e-05
0.000637195
-2.20376e-07
1.0234e-05
0.000637197
-3.72649e-07
1.02514e-05
0.000621036
-4.05865e-07
1.03304e-05
0.000589512
-3.27308e-07
1.03942e-05
0.000544149
1.05035e-05
0.000487233
-5.21378e-08
2.79819e-07
8.69938e-06
0.000441845
3.68032e-07
8.64381e-06
0.000498284
3.20768e-07
8.5587e-06
0.000543013
1.84192e-07
8.5037e-06
0.000573998
-5.992e-09
8.47047e-06
0.000589844
-2.02525e-07
8.46547e-06
0.000589845
-3.59032e-07
8.4932e-06
0.000573998
-4.10753e-07
8.5689e-06
0.000543017
-3.30397e-07
8.64597e-06
0.000498287
8.71981e-06
0.00044185
-2.7497e-08
2.70791e-07
7.10577e-06
0.000396758
3.63565e-07
7.06367e-06
0.000452754
3.17099e-07
6.9818e-06
0.000496889
1.81943e-07
6.92243e-06
0.00052735
-3.19604e-09
6.89235e-06
0.000542895
-1.98682e-07
6.89724e-06
0.000542896
-3.45614e-07
6.9222e-06
0.00052735
-3.9102e-07
6.99003e-06
0.00049689
-3.01444e-07
7.06808e-06
0.000452757
7.1121e-06
0.00039676
-6.64708e-09
2.60887e-07
5.68654e-06
0.00035185
3.6289e-07
5.64743e-06
0.00040742
3.24978e-07
5.57456e-06
0.000450973
1.85513e-07
5.52716e-06
0.000480918
-6.37041e-09
5.50388e-06
0.000496168
-1.923e-07
5.50246e-06
0.000496168
-3.28336e-07
5.5229e-06
0.000480918
-3.69793e-07
5.58613e-06
0.000450973
-2.71808e-07
5.6557e-06
0.00040742
5.69066e-06
0.00035185
4.26043e-09
2.70258e-07
4.42645e-06
0.000307053
3.78751e-07
4.38767e-06
0.000362201
3.42145e-07
4.33071e-06
0.000405174
2.01888e-07
4.29861e-06
0.000434605
6.65299e-09
4.28499e-06
0.000449558
-1.88764e-07
4.28359e-06
0.000449558
-3.34174e-07
4.29927e-06
0.000434605
-3.72677e-07
4.34443e-06
0.000405174
-2.64991e-07
4.39697e-06
0.0003622
4.43394e-06
0.000307054
7.18298e-09
2.80962e-07
0.000262325
3.99669e-07
0.000317048
3.60548e-07
0.000359439
2.12986e-07
0.000388354
1.10336e-08
0.000403009
-1.92909e-07
0.000403009
-3.44874e-07
0.000388354
-3.84316e-07
0.00035944
-2.67283e-07
0.000317048
0.000262326
9.76647e-09
2.61519e-08
9.21716e-06
0.000500583
-1.21422e-08
1.0803e-05
0.000555614
-1.30946e-08
1.18549e-05
0.000601038
5.0182e-09
1.24717e-05
0.0006336
-3.29135e-09
1.27801e-05
0.000650426
1.69556e-08
1.27864e-05
0.000650409
1.99736e-07
1.23021e-05
0.000634
3.17813e-07
1.16223e-05
0.000601457
2.39528e-07
1.07691e-05
0.000555709
9.28705e-06
0.000500503
1.3636e-07
2.74821e-08
1.40171e-05
0.000608415
1.22499e-07
1.47465e-05
0.000671753
1.18202e-07
1.52564e-05
0.00072234
9.23701e-08
1.54535e-05
0.000757687
9.01567e-08
1.55185e-05
0.000775865
6.91881e-08
1.55372e-05
0.000775858
3.47882e-09
1.53156e-05
0.000757577
-1.19521e-07
1.51359e-05
0.000722203
-7.47603e-08
1.47747e-05
0.000671756
1.40598e-05
0.000608456
-7.82819e-11
6.22262e-08
1.33814e-05
0.000579946
1.4536e-07
1.35985e-05
0.000639261
1.74695e-07
1.37921e-05
0.000686769
1.09079e-07
1.38499e-05
0.000719931
2.27425e-08
1.38181e-05
0.000736992
-6.28019e-08
1.38287e-05
0.000736982
-2.35624e-07
1.38171e-05
0.000719882
-3.51613e-07
1.38181e-05
0.00068673
-2.39494e-07
1.35995e-05
0.000639265
1.33963e-05
0.000579952
-7.74236e-08
1.67132e-07
1.16962e-05
0.00053464
2.17921e-07
1.17723e-05
0.000592444
2.14923e-07
1.18193e-05
0.00063871
1.1153e-07
1.18457e-05
0.000670965
-6.51831e-08
1.18157e-05
0.000687537
-2.30345e-07
1.18115e-05
0.000687535
-3.60075e-07
1.18371e-05
0.00067096
-3.58828e-07
1.1842e-05
0.000638708
-2.69064e-07
1.17356e-05
0.00059244
1.17329e-05
0.000534646
-9.91648e-08
2.31762e-07
9.94304e-06
0.000488744
2.95629e-07
9.98054e-06
0.000545878
2.66522e-07
9.95792e-06
0.000591397
1.53421e-07
9.95854e-06
0.000623036
-3.69547e-08
9.9472e-06
0.000639254
-2.23439e-07
9.9374e-06
0.000639257
-3.37519e-07
9.94756e-06
0.00062304
-3.43132e-07
9.95974e-06
0.000591399
-2.89783e-07
9.95432e-06
0.000545877
9.98956e-06
0.000488751
-6.39639e-08
2.46702e-07
8.29024e-06
0.000443247
3.2674e-07
8.31241e-06
0.000499872
2.82593e-07
8.26886e-06
0.000544746
1.61679e-07
8.24669e-06
0.000575831
-5.55946e-09
8.23064e-06
0.000591727
-1.7792e-07
8.22558e-06
0.000591729
-3.08019e-07
8.24292e-06
0.000575832
-3.58448e-07
8.27793e-06
0.000544749
-3.06326e-07
8.31372e-06
0.000499876
8.32426e-06
0.000443252
-4.30913e-08
2.43236e-07
6.78254e-06
0.000398014
3.28652e-07
6.79817e-06
0.000454183
2.84242e-07
6.75048e-06
0.000498452
1.61468e-07
6.71456e-06
0.000529005
-4.81513e-09
6.69554e-06
0.000544597
-1.84151e-07
6.70322e-06
0.000544597
-3.19945e-07
6.7224e-06
0.000529007
-3.63648e-07
6.75766e-06
0.000498454
-2.83728e-07
6.80443e-06
0.000454186
6.80166e-06
0.000398016
-1.71948e-08
2.30937e-07
5.43557e-06
0.000352952
3.208e-07
5.44055e-06
0.000408688
2.83706e-07
5.39198e-06
0.000452369
1.56133e-07
5.35893e-06
0.000482402
-1.75806e-08
5.3418e-06
0.000497696
-1.86989e-07
5.34492e-06
0.000497696
-3.0908e-07
5.36039e-06
0.000482403
-3.4503e-07
5.39728e-06
0.000452369
-2.55387e-07
5.4468e-06
0.000408688
5.44662e-06
0.000352953
-2.58684e-09
2.34722e-07
4.23898e-06
0.000308003
3.33456e-07
4.22983e-06
0.000363313
2.99274e-07
4.18915e-06
0.000406411
1.69547e-07
4.16611e-06
0.000435928
-1.05548e-08
4.15574e-06
0.000450924
-1.85043e-07
4.15308e-06
0.000450925
-3.10366e-07
4.16268e-06
0.000435928
-3.44525e-07
4.19467e-06
0.000406411
-2.46025e-07
4.23641e-06
0.000363312
4.24562e-06
0.000308003
5.0252e-09
2.49288e-07
0.000263128
3.58976e-07
0.000318011
3.23362e-07
0.000360527
1.88303e-07
0.000389526
2.55409e-09
0.000404224
-1.83838e-07
0.000404224
-3.19997e-07
0.000389526
-3.54187e-07
0.000360527
-2.45815e-07
0.000318011
0.000263129
8.06861e-09
-2.05339e-09
6.91957e-06
0.000493818
-1.28836e-07
8.60012e-06
0.00054714
-1.47527e-07
9.74664e-06
0.00059131
-7.10881e-08
1.04302e-05
0.000623093
2.40713e-08
1.07603e-05
0.000639571
1.16151e-07
1.07733e-05
0.000639543
3.52179e-07
1.03076e-05
0.000623456
4.58848e-07
9.53455e-06
0.000591816
3.0255e-07
8.53508e-06
0.00054733
7.0256e-06
0.00049365
1.2999e-07
-2.33878e-08
1.238e-05
0.000602963
7.01829e-08
1.33169e-05
0.000666943
7.89544e-08
1.39922e-05
0.000718086
9.2768e-08
1.4266e-05
0.000753837
1.34575e-07
1.43607e-05
0.000772223
1.30019e-07
1.44073e-05
0.000772228
5.55967e-08
1.42056e-05
0.000753753
-8.021e-08
1.38872e-05
0.000717986
-5.04039e-08
1.33339e-05
0.000666928
1.24321e-05
0.000603016
-1.71387e-08
1.34839e-08
1.2381e-05
0.000579862
1.01773e-07
1.27098e-05
0.00063978
1.57908e-07
1.30131e-05
0.000687692
1.07818e-07
1.31297e-05
0.000721117
2.41686e-08
1.31326e-05
0.000738304
-5.20765e-08
1.31606e-05
0.000738305
-1.99539e-07
1.31586e-05
0.000721076
-3.12429e-07
1.30748e-05
0.000687655
-2.13349e-07
1.27236e-05
0.000639776
1.2367e-05
0.000579873
-6.90479e-08
1.19971e-07
1.09639e-05
0.00053591
1.50896e-07
1.1118e-05
0.000594005
1.63094e-07
1.12313e-05
0.000640479
7.61903e-08
1.13087e-05
0.000672873
-8.07166e-08
1.13119e-05
0.000689515
-2.13777e-07
1.13123e-05
0.000689517
-3.13308e-07
1.13477e-05
0.000672871
-2.90103e-07
1.12858e-05
0.000640474
-2.02245e-07
1.10783e-05
0.000593998
1.09622e-05
0.000535913
-6.41802e-08
2.0066e-07
9.36761e-06
0.000490137
2.40949e-07
9.47615e-06
0.000547479
2.09699e-07
9.49931e-06
0.00059316
1.11916e-07
9.53357e-06
0.000624909
-5.3769e-08
9.5483e-06
0.000641184
-2.08397e-07
9.53854e-06
0.000641186
-2.82856e-07
9.54875e-06
0.000624913
-2.63995e-07
9.50837e-06
0.000593158
-2.23883e-07
9.43815e-06
0.000547477
9.39423e-06
0.00049014
-4.5306e-08
2.19443e-07
7.83417e-06
0.00044456
2.86326e-07
7.91336e-06
0.000501368
2.42989e-07
7.90421e-06
0.000546385
1.34872e-07
7.9054e-06
0.000577567
-1.15262e-08
7.90804e-06
0.000593514
-1.63681e-07
7.90471e-06
0.000593515
-2.66897e-07
7.91421e-06
0.00057757
-3.04188e-07
7.9093e-06
0.000546386
-2.63985e-07
7.90347e-06
0.00050137
7.86333e-06
0.000444563
-4.45847e-08
2.20255e-07
6.42125e-06
0.000399202
2.98634e-07
6.47753e-06
0.00045554
2.56755e-07
6.45786e-06
0.00049994
1.42138e-07
6.44208e-06
0.000530583
-8.74317e-09
6.43502e-06
0.000546221
-1.71578e-07
6.44394e-06
0.000546221
-2.96421e-07
6.46035e-06
0.000530585
-3.4016e-07
6.46457e-06
0.000499943
-2.69224e-07
6.47559e-06
0.000455543
6.43794e-06
0.000399204
-3.1633e-08
2.09517e-07
5.15307e-06
0.000354001
2.88724e-07
5.18853e-06
0.000409897
2.51128e-07
5.16171e-06
0.000453702
1.3201e-07
5.14261e-06
0.00048382
-2.75924e-08
5.13335e-06
0.000499157
-1.8543e-07
5.14065e-06
0.000499157
-3.00214e-07
5.15597e-06
0.000483822
-3.31904e-07
5.16181e-06
0.000453704
-2.49293e-07
5.18281e-06
0.000409898
5.15547e-06
0.000354002
-1.6087e-08
2.11664e-07
4.02485e-06
0.000308911
2.96847e-07
4.03992e-06
0.000364376
2.63007e-07
4.01185e-06
0.000407595
1.40782e-07
3.999e-06
0.000437193
-2.52499e-08
3.99213e-06
0.000452232
-1.83912e-07
3.99196e-06
0.000452232
-2.92131e-07
3.99813e-06
0.000437194
-3.20249e-07
4.00644e-06
0.000407595
-2.34615e-07
4.03372e-06
0.000364376
4.01865e-06
0.000308911
-5.14487e-09
2.24277e-07
0.000263896
3.21089e-07
0.000318932
2.85317e-07
0.000361567
1.60142e-07
0.000390647
-1.09765e-08
0.000405386
-1.79248e-07
0.000405386
-2.96386e-07
0.000390647
-3.25543e-07
0.000361567
-2.29382e-07
0.000318932
0.000263897
1.18261e-10
5.23915e-09
4.95268e-06
0.000488989
-1.6165e-07
6.57984e-06
0.000540727
-1.96997e-07
7.74745e-06
0.000583598
-1.0116e-07
8.47746e-06
0.00061452
3.34992e-08
8.82069e-06
0.000630615
1.57009e-07
8.81777e-06
0.000630602
3.75305e-07
8.39128e-06
0.000614847
4.58758e-07
7.5636e-06
0.000584169
3.35957e-07
6.48533e-06
0.000540968
5.10274e-06
0.000488745
1.38299e-07
-3.76073e-08
1.07848e-05
0.000597179
4.28553e-08
1.18532e-05
0.000661589
5.97447e-08
1.26434e-05
0.000713173
8.43719e-08
1.30175e-05
0.000749273
1.34469e-07
1.31506e-05
0.000767843
1.50883e-07
1.31706e-05
0.000767859
7.775e-08
1.30014e-05
0.000749216
-4.62615e-08
1.25579e-05
0.000713116
-3.7213e-08
1.18412e-05
0.000661563
1.08742e-05
0.000597246
-3.82761e-08
-9.97327e-09
1.13987e-05
0.000579201
7.89987e-08
1.17939e-05
0.000639751
1.49299e-07
1.21686e-05
0.000688096
1.1465e-07
1.23615e-05
0.000721808
2.08617e-08
1.24204e-05
0.000739128
-6.88078e-08
1.24278e-05
0.000739138
-1.95254e-07
1.2427e-05
0.000721777
-2.89995e-07
1.22485e-05
0.000688059
-2.10031e-07
1.1799e-05
0.000639738
1.13758e-05
0.000579223
-6.19644e-08
9.02306e-08
1.02456e-05
0.000536945
1.10284e-07
1.04387e-05
0.00059534
1.22743e-07
1.06033e-05
0.000642032
6.08766e-08
1.07234e-05
0.000674573
-7.03071e-08
1.07844e-05
0.000691282
-1.91408e-07
1.07794e-05
0.000691286
-2.55611e-07
1.07912e-05
0.000674571
-2.16828e-07
1.06644e-05
0.000642019
-1.51002e-07
1.04011e-05
0.00059533
1.02088e-05
0.000536947
-1.81619e-08
1.74852e-07
8.80652e-06
0.0004914
1.9568e-07
8.94764e-06
0.000548949
1.52926e-07
9.0157e-06
0.00059479
6.76134e-08
9.06833e-06
0.000626649
-4.96269e-08
9.10758e-06
0.000642978
-1.65921e-07
9.10416e-06
0.000642977
-2.19811e-07
9.1066e-06
0.000626652
-1.93771e-07
9.01357e-06
0.000594783
-1.56315e-07
8.89602e-06
0.000548944
8.79867e-06
0.000491399
-5.40396e-09
2.01197e-07
7.38896e-06
0.00044578
2.50363e-07
7.4983e-06
0.000502768
2.05981e-07
7.52086e-06
0.000547924
1.04668e-07
7.53545e-06
0.000579201
-2.08238e-08
7.54967e-06
0.000595197
-1.48295e-07
7.54932e-06
0.000595197
-2.21669e-07
7.54575e-06
0.000579204
-2.39914e-07
7.49625e-06
0.000547921
-2.04613e-07
7.46425e-06
0.000502766
7.3956e-06
0.000445781
-1.94068e-08
2.01643e-07
6.06959e-06
0.000400318
2.69516e-07
6.14868e-06
0.000456822
2.35113e-07
6.14654e-06
0.000501349
1.29305e-07
6.14587e-06
0.000532078
-8.09826e-09
6.14659e-06
0.000547761
-1.47826e-07
6.14953e-06
0.000547761
-2.56753e-07
6.16008e-06
0.00053208
-3.03706e-07
6.13579e-06
0.00050135
-2.4247e-07
6.12308e-06
0.000456823
6.06628e-06
0.00040032
-2.88352e-08
2.02074e-07
4.87307e-06
0.000354993
2.75186e-07
4.92775e-06
0.000411045
2.39281e-07
4.91494e-06
0.00045497
1.30475e-07
4.90562e-06
0.000485169
-1.35668e-08
4.90054e-06
0.000500547
-1.62994e-07
4.90922e-06
0.000500547
-2.76379e-07
4.92459e-06
0.000485171
-3.15944e-07
4.90778e-06
0.000454971
-2.47038e-07
4.90605e-06
0.000411046
4.8556e-06
0.000354994
-2.87167e-08
2.05329e-07
3.80725e-06
0.000309772
2.80093e-07
3.84135e-06
0.000365388
2.45253e-07
3.82284e-06
0.000408722
1.30632e-07
3.81482e-06
0.000438399
-2.32466e-08
3.80984e-06
0.000453476
-1.71097e-07
3.81258e-06
0.000453476
-2.69571e-07
3.81798e-06
0.000438399
-2.97717e-07
3.80902e-06
0.000408722
-2.23609e-07
3.81992e-06
0.000365388
3.78507e-06
0.000309773
-1.50196e-08
2.10511e-07
0.000264627
2.98076e-07
0.00031981
2.61318e-07
0.000362558
1.4248e-07
0.000391714
-1.60858e-08
0.000406492
-1.69719e-07
0.000406492
-2.73852e-07
0.000391714
-3.01157e-07
0.000362557
-2.15307e-07
0.00031981
0.000264627
-7.76301e-09
4.29828e-08
3.38653e-06
0.000485659
-1.10192e-07
4.84577e-06
0.000536035
-1.59983e-07
5.95666e-06
0.000577691
-9.75463e-08
6.7012e-06
0.000607756
1.79596e-08
7.03013e-06
0.00062347
1.35446e-07
7.03005e-06
0.000623454
2.78787e-07
6.62665e-06
0.000608077
3.49905e-07
5.78408e-06
0.000578313
3.40469e-07
4.73199e-06
0.000536245
3.56866e-06
0.000485362
1.55289e-07
-1.91741e-08
9.32761e-06
0.000591301
3.21597e-08
1.04614e-05
0.000655922
4.89509e-08
1.13022e-05
0.000707811
5.25675e-08
1.17872e-05
0.000744183
6.92255e-08
1.19577e-05
0.000762899
1.17304e-07
1.1913e-05
0.000762928
7.69513e-08
1.17469e-05
0.000744136
-8.74643e-09
1.1207e-05
0.000707779
-1.89419e-09
1.03904e-05
0.000655898
9.46898e-06
0.000591373
-2.93926e-08
-1.56698e-08
1.05139e-05
0.000577996
5.13092e-08
1.09554e-05
0.00063919
1.14817e-07
1.13404e-05
0.000687994
9.84991e-08
1.16028e-05
0.000722008
-6.43645e-10
1.17175e-05
0.000739467
-1.20645e-07
1.16912e-05
0.00073948
-2.37151e-07
1.16635e-05
0.000721977
-3.02109e-07
1.13831e-05
0.000687948
-2.47548e-07
1.09009e-05
0.000639173
1.04943e-05
0.000578031
-8.03301e-08
8.12737e-08
9.60112e-06
0.000537747
1.0601e-07
9.8176e-06
0.000596453
9.4919e-08
1.00147e-05
0.000643369
5.34685e-08
1.01535e-05
0.000676063
-3.50659e-08
1.02479e-05
0.00069284
-1.4832e-07
1.02479e-05
0.000692843
-1.9659e-07
1.0226e-05
0.000676057
-1.67845e-07
1.00273e-05
0.000643346
-1.29982e-07
9.75108e-06
0.000596442
9.54576e-06
0.000537751
1.46403e-08
1.60225e-07
8.30063e-06
0.000492536
1.74159e-07
8.46082e-06
0.000550292
1.23176e-07
8.56512e-06
0.000596291
4.55631e-08
8.62077e-06
0.00062826
-3.45774e-08
8.66528e-06
0.00064464
-1.24404e-07
8.67776e-06
0.000644637
-1.64664e-07
8.65957e-06
0.000628258
-1.49312e-07
8.51715e-06
0.000596277
-1.18876e-07
8.38066e-06
0.000550284
8.26209e-06
0.000492535
2.95094e-08
1.8145e-07
6.98903e-06
0.000446911
2.18299e-07
7.11682e-06
0.000504075
1.79254e-07
7.16125e-06
0.000549367
8.56387e-08
7.17898e-06
0.000580736
-2.94219e-08
7.19727e-06
0.000596781
-1.31253e-07
7.19742e-06
0.000596779
-1.75011e-07
7.16988e-06
0.000580738
-1.84161e-07
7.08785e-06
0.00054936
-1.47776e-07
7.04111e-06
0.00050407
6.96594e-06
0.00044691
1.88866e-08
1.86786e-07
5.75216e-06
0.000401366
2.49813e-07
5.84561e-06
0.00045803
2.21775e-07
5.85765e-06
0.00050268
1.22008e-07
5.86312e-06
0.000533494
-9.10184e-10
5.8611e-06
0.00054922
-1.13147e-07
5.85117e-06
0.000549219
-2.05446e-07
5.84863e-06
0.000533494
-2.5969e-07
5.81305e-06
0.000502679
-2.10919e-07
5.78691e-06
0.000458028
5.72312e-06
0.000401366
-1.46629e-08
2.0096e-07
4.61751e-06
0.000355931
2.73793e-07
4.68464e-06
0.000412133
2.44749e-07
4.68298e-06
0.000456173
1.4777e-07
4.67814e-06
0.000486451
1.52347e-08
4.67189e-06
0.000501869
-1.26143e-07
4.67111e-06
0.000501868
-2.37425e-07
4.67917e-06
0.000486451
-2.85468e-07
4.65806e-06
0.000456174
-2.27583e-07
4.64134e-06
0.000412134
4.58474e-06
0.000355932
-2.6437e-08
2.08426e-07
3.60318e-06
0.00031059
2.8197e-07
3.64905e-06
0.00036635
2.50839e-07
3.64158e-06
0.000409794
1.48149e-07
3.63352e-06
0.000439546
7.53467e-09
3.62757e-06
0.000454661
-1.36939e-07
3.63093e-06
0.000454661
-2.41576e-07
3.63715e-06
0.000439546
-2.79705e-07
3.62329e-06
0.000409794
-2.19036e-07
3.61807e-06
0.00036635
3.57106e-06
0.000310591
-2.3262e-08
2.09094e-07
0.000265323
2.89775e-07
0.000320646
2.56208e-07
0.000363501
1.46463e-07
0.00039273
-1.44994e-09
0.000407545
-1.47265e-07
0.000407545
-2.48735e-07
0.00039273
-2.77696e-07
0.0003635
-2.02284e-07
0.000320646
0.000265323
-1.2664e-08
1.06839e-07
2.21988e-06
0.000483417
4.51975e-09
3.45316e-06
0.000532684
-5.42577e-08
4.44856e-06
0.000573301
-6.8486e-08
5.15628e-06
0.000602614
-2.29693e-08
5.47028e-06
0.000617954
4.84365e-08
5.46043e-06
0.000617922
1.89317e-07
5.01701e-06
0.000602919
3.19198e-07
4.2567e-06
0.000573927
3.46594e-07
3.39531e-06
0.000532823
2.40096e-06
0.000483126
1.80776e-07
7.21799e-10
8.05842e-06
0.000585528
1.23342e-08
9.20965e-06
0.000650154
1.81828e-08
1.00521e-05
0.000702201
9.30129e-09
1.05983e-05
0.00073875
3.11762e-09
1.08049e-05
0.00075757
7.00559e-08
1.07185e-05
0.000757603
4.92263e-08
1.04737e-05
0.0007387
-8.69434e-11
9.90463e-06
0.00070218
3.15001e-08
9.12665e-06
0.000650135
8.22645e-06
0.00058559
-1.08556e-08
-1.81166e-08
9.75576e-06
0.000576297
1.29238e-08
1.024e-05
0.000638128
5.16878e-08
1.06034e-05
0.000687404
5.93108e-08
1.0868e-05
0.000721731
-1.75665e-08
1.10143e-05
0.000739334
-1.19259e-07
1.0956e-05
0.000739344
-2.35317e-07
1.08798e-05
0.000721687
-3.1713e-07
1.05899e-05
0.000687344
-2.78836e-07
1.01482e-05
0.000638113
9.75039e-06
0.000576342
-1.13617e-07
8.44712e-08
9.07295e-06
0.000538317
1.22782e-07
9.2998e-06
0.000597355
9.96235e-08
9.49652e-06
0.000644499
6.05413e-08
9.62113e-06
0.000677349
5.78709e-09
9.71365e-06
0.000694196
-1.07457e-07
9.71783e-06
0.000694194
-1.79493e-07
9.67309e-06
0.000677335
-1.80841e-07
9.46926e-06
0.000644468
-1.52214e-07
9.21467e-06
0.000597347
9.003e-06
0.000538329
1.71665e-08
1.61902e-07
7.88748e-06
0.000493555
1.82508e-07
8.05377e-06
0.000551518
1.29614e-07
8.16984e-06
0.000597671
4.88538e-08
8.21367e-06
0.000629748
-1.86107e-08
8.24143e-06
0.00064618
-1.02735e-07
8.26469e-06
0.000646174
-1.49575e-07
8.23577e-06
0.000629743
-1.44153e-07
8.08633e-06
0.000597655
-1.07788e-07
7.95324e-06
0.000551509
7.81947e-06
0.000493557
5.37007e-08
1.78848e-07
6.65702e-06
0.000447962
2.13762e-07
6.79727e-06
0.000505297
1.76736e-07
6.85236e-06
0.000550721
8.49778e-08
6.86041e-06
0.000582181
-2.76974e-08
6.86317e-06
0.000598272
-1.17903e-07
6.8648e-06
0.000598269
-1.51119e-07
6.82748e-06
0.000582179
-1.62959e-07
6.74642e-06
0.000550711
-1.21544e-07
6.69128e-06
0.00050529
6.60014e-06
0.000447962
4.65994e-08
1.80024e-07
5.48641e-06
0.000402352
2.44297e-07
5.5914e-06
0.000459172
2.20944e-07
5.61353e-06
0.000503942
1.24958e-07
5.61289e-06
0.000534837
4.20366e-09
5.59862e-06
0.000550605
-9.54871e-08
5.5793e-06
0.000550604
-1.67187e-07
5.55782e-06
0.000534835
-2.11857e-07
5.5321e-06
0.000503938
-1.66586e-07
5.50646e-06
0.000459168
5.43616e-06
0.000402351
1.22723e-08
1.96986e-07
4.4053e-06
0.000356819
2.74668e-07
4.47897e-06
0.000413168
2.56141e-07
4.48542e-06
0.00045732
1.68789e-07
4.47794e-06
0.000487673
4.43216e-08
4.4622e-06
0.00050313
-8.65024e-08
4.44954e-06
0.000503129
-1.96274e-07
4.44671e-06
0.000487672
-2.51946e-07
4.44204e-06
0.00045732
-2.0143e-07
4.42187e-06
0.000413168
4.35893e-06
0.00035682
-1.23404e-08
2.09435e-07
3.43352e-06
0.000311368
2.88576e-07
3.48196e-06
0.000367268
2.68722e-07
3.48089e-06
0.000410819
1.7682e-07
3.47342e-06
0.000440643
4.43571e-08
3.46181e-06
0.000455794
-9.7565e-08
3.45891e-06
0.000455794
-2.13369e-07
3.46673e-06
0.000440642
-2.6042e-07
3.46412e-06
0.000410819
-2.04967e-07
3.44802e-06
0.000367269
3.39476e-06
0.000311369
-1.94223e-08
2.09522e-07
0.000265986
2.89591e-07
0.000321446
2.64024e-07
0.000364404
1.65872e-07
0.000393703
2.60235e-08
0.000408552
-1.20973e-07
0.000408552
-2.28666e-07
0.000393702
-2.60364e-07
0.000364403
-1.93413e-07
0.000321446
0.000265987
-1.5071e-08
1.84699e-07
1.42002e-06
0.000481912
1.26659e-07
2.41775e-06
0.000530324
4.06549e-08
3.26786e-06
0.000570119
-2.92439e-08
3.85004e-06
0.000598834
-4.3355e-08
4.14502e-06
0.000613823
-2.85284e-08
4.13446e-06
0.000613773
1.25142e-07
3.69475e-06
0.00059907
3.25354e-07
3.06074e-06
0.000570666
3.52021e-07
2.3923e-06
0.000530404
1.54503e-06
0.000481711
2.2261e-07
-7.55702e-10
6.99741e-06
0.000580014
-2.01912e-08
8.12921e-06
0.000644462
-1.68118e-08
8.94456e-06
0.000696521
-3.20229e-08
9.46562e-06
0.000733149
-4.8402e-08
9.69989e-06
0.000752032
3.42236e-08
9.60065e-06
0.000752054
4.92667e-08
9.28169e-06
0.000733098
6.48722e-08
8.72504e-06
0.0006965
1.18319e-07
8.03689e-06
0.000644437
7.16087e-06
0.000580052
4.04336e-08
-2.93557e-08
9.11785e-06
0.000574175
-9.2204e-09
9.6266e-06
0.000636611
8.66669e-09
9.97725e-06
0.000686354
1.48477e-08
1.01954e-05
0.000720995
-3.05109e-08
1.03273e-05
0.000738752
-7.57465e-08
1.02385e-05
0.000738751
-1.67136e-07
1.01205e-05
0.00072094
-2.7493e-07
9.89269e-06
0.000686285
-2.73847e-07
9.55022e-06
0.000636599
9.15357e-06
0.000574221
-1.46202e-07
8.3935e-08
8.66382e-06
0.000538656
1.34178e-07
8.87791e-06
0.000598054
1.17406e-07
9.05851e-06
0.000645434
7.90197e-08
9.14198e-06
0.000678441
3.38783e-08
9.2077e-06
0.00069536
-8.81011e-08
9.19998e-06
0.000695355
-1.90795e-07
9.13699e-06
0.000678422
-2.44747e-07
9.01494e-06
0.0006454
-2.32741e-07
8.83402e-06
0.000598051
8.60213e-06
0.000538678
-3.07959e-08
1.79046e-07
7.57463e-06
0.000494467
2.14846e-07
7.72106e-06
0.000552639
1.69591e-07
7.83094e-06
0.000598943
8.20062e-08
7.85252e-06
0.000631125
5.94961e-09
7.85569e-06
0.000647608
-1.03394e-07
7.88143e-06
0.000647602
-1.87511e-07
7.84497e-06
0.000631119
-1.92632e-07
7.74408e-06
0.000598931
-1.30904e-07
7.6477e-06
0.000552634
7.5002e-06
0.000494476
5.14022e-08
1.96438e-07
6.40126e-06
0.000448943
2.3738e-07
6.53191e-06
0.000506445
2.01538e-07
6.58902e-06
0.000551999
1.06039e-07
6.58228e-06
0.000583547
-1.19876e-08
6.56363e-06
0.000599682
-1.02936e-07
6.56228e-06
0.000599679
-1.53269e-07
6.53177e-06
0.000583543
-1.76215e-07
6.48786e-06
0.000551991
-1.24679e-07
6.44597e-06
0.00050644
6.33734e-06
0.000448945
5.48277e-08
1.82129e-07
5.28227e-06
0.000403285
2.46749e-07
5.38242e-06
0.000460257
2.26614e-07
5.40658e-06
0.000505145
1.34238e-07
5.3926e-06
0.000536119
1.06562e-08
5.36508e-06
0.000551928
-8.96755e-08
5.34026e-06
0.000551927
-1.55099e-07
5.31666e-06
0.000536116
-1.87074e-07
5.31885e-06
0.000505139
-1.39065e-07
5.31326e-06
0.000460253
5.23138e-06
0.000403285
3.33367e-08
1.92859e-07
4.24635e-06
0.000357666
2.74135e-07
4.31163e-06
0.000414158
2.63468e-07
4.3186e-06
0.000458419
1.79979e-07
4.30341e-06
0.000488846
5.50525e-08
4.27978e-06
0.00050434
-7.45448e-08
4.25928e-06
0.00050434
-1.81338e-07
4.25155e-06
0.000488844
-2.30831e-07
4.27063e-06
0.000458418
-1.73485e-07
4.2667e-06
0.000414157
4.20358e-06
0.000357667
7.15436e-09
2.11234e-07
3.3074e-06
0.000312113
2.9481e-07
3.34706e-06
0.000368149
2.78594e-07
3.35016e-06
0.000411804
1.91388e-07
3.33553e-06
0.000441698
6.16241e-08
3.31918e-06
0.000456884
-8.18307e-08
3.31233e-06
0.000456884
-2.02011e-07
3.31691e-06
0.000441697
-2.4953e-07
3.33303e-06
0.000411805
-1.91761e-07
3.32751e-06
0.00036815
3.28033e-06
0.000312115
-1.4098e-08
2.05958e-07
0.000266623
2.89115e-07
0.000322214
2.73212e-07
0.000365272
1.81084e-07
0.000394639
4.23261e-08
0.000409523
-1.08185e-07
0.000409523
-2.26674e-07
0.000394639
-2.65177e-07
0.000365273
-1.97681e-07
0.000322215
0.000266625
-1.89085e-08
2.60815e-07
9.11591e-07
0.000480866
2.33987e-07
1.68816e-06
0.000528663
1.08065e-07
2.38223e-06
0.000567863
8.28853e-09
2.81207e-06
0.000596122
-4.60083e-08
3.07553e-06
0.000610802
-5.54258e-08
3.05978e-06
0.000610723
1.10337e-07
2.69091e-06
0.000596214
3.43347e-07
2.17351e-06
0.000568259
3.57378e-07
1.662e-06
0.000528728
9.79396e-07
0.000480805
2.83356e-07
-3.14893e-08
6.11658e-06
0.000574865
-5.01936e-08
7.18913e-06
0.00063898
-5.27623e-08
7.9866e-06
0.000690919
-6.64988e-08
8.43488e-06
0.00072754
-6.82791e-08
8.67114e-06
0.000746438
3.19731e-08
8.56948e-06
0.000746444
1.16646e-07
8.21413e-06
0.00072749
1.86586e-07
7.71343e-06
0.00069089
2.1998e-07
7.12672e-06
0.000638939
6.27391e-06
0.000574876
1.01391e-07
-4.73042e-08
8.56017e-06
0.000571714
-2.47985e-08
9.08301e-06
0.000634694
-1.59657e-08
9.44677e-06
0.000684885
-2.30132e-08
9.60515e-06
0.000719832
-2.65511e-08
9.67822e-06
0.000737749
-1.13653e-08
9.573e-06
0.000737732
-8.15926e-08
9.44937e-06
0.000719775
-2.04946e-07
9.3065e-06
0.000684815
-2.3742e-07
9.07482e-06
0.000634683
8.67191e-06
0.000571753
-1.66763e-07
7.80043e-08
8.3382e-06
0.000538765
1.38019e-07
8.52498e-06
0.000598552
1.39124e-07
8.69515e-06
0.000646185
9.86772e-08
8.7378e-06
0.000679349
4.60554e-08
8.74196e-06
0.000696349
-8.32806e-08
8.7178e-06
0.000696339
-2.10143e-07
8.66732e-06
0.00067933
-3.03282e-07
8.64705e-06
0.000646153
-2.93508e-07
8.56082e-06
0.000598555
8.35536e-06
0.000538793
-9.22964e-08
2.03494e-07
7.33993e-06
0.00049528
2.53367e-07
7.44632e-06
0.000553667
2.2975e-07
7.53804e-06
0.000600124
1.45901e-07
7.54071e-06
0.000632406
3.52462e-08
7.51942e-06
0.000648941
-1.22765e-07
7.54032e-06
0.000648938
-2.52522e-07
7.51258e-06
0.000632403
-2.80279e-07
7.4876e-06
0.000600118
-2.04831e-07
7.44853e-06
0.000553671
7.32383e-06
0.000495298
5.11794e-09
2.15977e-07
6.21839e-06
0.000449864
2.65042e-07
6.30995e-06
0.000507532
2.35279e-07
6.35438e-06
0.000553213
1.37537e-07
6.33856e-06
0.000584847
2.27655e-09
6.31201e-06
0.000601024
-1.17508e-07
6.31586e-06
0.000601024
-2.05603e-07
6.30009e-06
0.000584843
-2.3062e-07
6.2939e-06
0.000553209
-1.52158e-07
6.27864e-06
0.000507532
6.19926e-06
0.000449869
4.80055e-08
1.886e-07
5.14005e-06
0.000404174
2.53701e-07
5.20641e-06
0.000461295
2.32377e-07
5.22204e-06
0.000506299
1.40582e-07
5.19777e-06
0.000537352
1.14668e-08
5.17035e-06
0.000553198
-1.01733e-07
5.1573e-06
0.000553198
-1.77064e-07
5.14343e-06
0.000537348
-2.03154e-07
5.16518e-06
0.000506294
-1.47638e-07
5.18289e-06
0.000461293
5.12706e-06
0.000404176
3.35145e-08
1.98458e-07
4.13624e-06
0.000358478
2.73232e-07
4.17869e-06
0.000415111
2.58482e-07
4.176e-06
0.00045948
1.68904e-07
4.15339e-06
0.00048998
3.50166e-08
4.13353e-06
0.000505511
-9.45045e-08
4.11589e-06
0.000505511
-1.92808e-07
4.1084e-06
0.000489977
-2.3433e-07
4.14667e-06
0.000459478
-1.76892e-07
4.17215e-06
0.000415111
4.12808e-06
0.000358481
7.7016e-09
2.11763e-07
3.22112e-06
0.000312831
2.92977e-07
3.24541e-06
0.000369001
2.71294e-07
3.24376e-06
0.000412757
1.79157e-07
3.2223e-06
0.000442721
4.77453e-08
3.20671e-06
0.000457943
-9.66228e-08
3.20185e-06
0.000457943
-2.16708e-07
3.20492e-06
0.00044272
-2.58129e-07
3.23398e-06
0.000412759
-1.90662e-07
3.25257e-06
0.000369002
3.22459e-06
0.000312834
-6.27902e-09
2.03451e-07
0.000267239
2.90136e-07
0.000322959
2.75208e-07
0.000366115
1.78747e-07
0.000395548
3.52627e-08
0.000410466
-1.16384e-07
0.000410466
-2.36296e-07
0.000395548
-2.74614e-07
0.000366117
-1.99168e-07
0.000322961
0.000267241
-1.12029e-08
3.08625e-07
6.22587e-07
0.000480077
2.70566e-07
1.2178e-06
0.000527483
1.12644e-07
1.73238e-06
0.000566289
2.20333e-08
2.02671e-06
0.000594186
-4.68005e-08
2.24946e-06
0.000608621
-8.91006e-08
2.25871e-06
0.000608506
6.02795e-08
1.96845e-06
0.000594096
2.94135e-07
1.53209e-06
0.000566493
3.30668e-07
1.14296e-06
0.000527548
6.45896e-07
0.000480142
3.48195e-07
-6.36587e-08
5.38119e-06
0.000570137
-4.34811e-08
6.37885e-06
0.000633799
-4.88824e-08
7.14508e-06
0.000685512
-5.84558e-08
7.52592e-06
0.000722051
-4.42178e-08
7.74887e-06
0.000740924
6.56041e-08
7.68242e-06
0.000740911
2.03135e-07
7.32037e-06
0.000722001
2.86894e-07
6.865e-06
0.000685474
2.82634e-07
6.34157e-06
0.000633744
5.53957e-06
0.000570129
1.36125e-07
-6.82296e-08
8.06685e-06
0.000569004
-3.2756e-08
8.59278e-06
0.000632445
-2.27551e-08
8.9719e-06
0.000683048
-3.45208e-08
9.08573e-06
0.000718284
-4.56758e-09
9.10677e-06
0.000736361
5.35755e-08
9.02571e-06
0.000736331
5.20697e-10
8.91301e-06
0.000718235
-1.28542e-07
8.82313e-06
0.000682986
-1.92365e-07
8.65747e-06
0.000632431
8.2402e-06
0.000569029
-1.69815e-07
8.1178e-08
8.07439e-06
0.000538644
1.35263e-07
8.24073e-06
0.00059885
1.54486e-07
8.38192e-06
0.000646756
1.04059e-07
8.40365e-06
0.000680082
2.76495e-08
8.35966e-06
0.000697173
-1.00466e-07
8.33254e-06
0.00069716
-2.44207e-07
8.31503e-06
0.000680072
-3.49913e-07
8.3497e-06
0.000646732
-3.45381e-07
8.35072e-06
0.000598857
8.16902e-06
0.000538674
-1.54649e-07
2.24208e-07
7.16182e-06
0.000496
2.86176e-07
7.23333e-06
0.000554613
2.7581e-07
7.29156e-06
0.000601225
1.86535e-07
7.29189e-06
0.000633607
3.04488e-08
7.26092e-06
0.000650196
-1.6538e-07
7.26913e-06
0.000650197
-3.19902e-07
7.26251e-06
0.00063361
-3.77427e-07
7.29914e-06
0.000601226
-2.96889e-07
7.31574e-06
0.000554625
7.20223e-06
0.00049602
-5.23429e-08
2.26673e-07
6.0853e-06
0.000450734
2.92827e-07
6.13039e-06
0.000508569
2.67251e-07
6.15577e-06
0.000554374
1.69989e-07
6.14132e-06
0.000586095
1.75029e-08
6.1237e-06
0.000602314
-1.38519e-07
6.13394e-06
0.000602315
-2.64902e-07
6.13947e-06
0.000586093
-2.96115e-07
6.16279e-06
0.000554377
-1.93273e-07
6.17e-06
0.000508575
6.11525e-06
0.000450741
2.21599e-08
1.9604e-07
5.03973e-06
0.000405028
2.60685e-07
5.06435e-06
0.000462297
2.35392e-07
5.06567e-06
0.000507414
1.45595e-07
5.03739e-06
0.000538546
1.16832e-08
5.02623e-06
0.00055443
-1.22165e-07
5.03572e-06
0.00055443
-2.17909e-07
5.04119e-06
0.000538542
-2.47497e-07
5.07416e-06
0.000507412
-1.8144e-07
5.09894e-06
0.000462298
5.06416e-06
0.000405032
1.35285e-08
1.9831e-07
4.06268e-06
0.000359265
2.61947e-07
4.07586e-06
0.000416035
2.34475e-07
4.06145e-06
0.000460511
1.36177e-07
4.03136e-06
0.000491084
1.42779e-09
4.02043e-06
0.000506651
-1.25469e-07
4.02213e-06
0.000506651
-2.2112e-07
4.03244e-06
0.000491082
-2.5557e-07
4.07705e-06
0.000460509
-1.9813e-07
4.11623e-06
0.000416036
4.085e-06
0.000359269
-6.85721e-09
2.06217e-07
3.1682e-06
0.00031353
2.81029e-07
3.17061e-06
0.000369831
2.51414e-07
3.15967e-06
0.000413689
1.44973e-07
3.13809e-06
0.000443721
3.74369e-09
3.12709e-06
0.000458977
-1.39455e-07
3.13058e-06
0.000458977
-2.46308e-07
3.13921e-06
0.00044372
-2.70143e-07
3.17031e-06
0.000413689
-1.89613e-07
3.20603e-06
0.000369832
3.19775e-06
0.000313533
-9.4654e-10
2.0545e-07
0.00026784
2.89281e-07
0.000323687
2.66666e-07
0.000366939
1.60371e-07
0.000396438
8.80418e-09
0.000411389
-1.4039e-07
0.000411389
-2.52309e-07
0.000396439
-2.84902e-07
0.000366941
-2.00262e-07
0.000323688
0.000267842
-1.89117e-09
2.81332e-07
5.06605e-07
0.000479414
2.07324e-07
9.23055e-07
0.000526634
7.23276e-08
1.25013e-06
0.000565174
4.13664e-08
1.45594e-06
0.000592761
-2.37234e-08
1.63474e-06
0.000607052
-9.17591e-08
1.66663e-06
0.000606908
3.32032e-09
1.4552e-06
0.000592546
1.82374e-07
1.12139e-06
0.000565193
2.51048e-07
8.2411e-07
0.000526655
4.74388e-07
0.000479539
3.79412e-07
-8.16276e-08
4.80207e-06
0.000565851
-2.37148e-08
5.68896e-06
0.000628975
-2.58937e-08
6.37897e-06
0.000680385
-2.62826e-08
6.73036e-06
0.000716777
1.20666e-08
6.92916e-06
0.000735592
1.14336e-07
6.91868e-06
0.000735557
2.55091e-07
6.59258e-06
0.000716723
3.19258e-07
6.18403e-06
0.000680347
2.81401e-07
5.67499e-06
0.000628931
4.91995e-06
0.000565833
1.31679e-07
-8.02055e-08
7.63558e-06
0.000566138
-2.27818e-08
8.14531e-06
0.000629931
-5.71254e-09
8.51167e-06
0.000680898
-2.07533e-08
8.63031e-06
0.000716399
1.67028e-08
8.62107e-06
0.000734631
8.5774e-08
8.58743e-06
0.000734593
4.99277e-08
8.50002e-06
0.000716363
-6.94124e-08
8.43674e-06
0.000680852
-1.47969e-07
8.26353e-06
0.000629921
7.8068e-06
0.000566152
-1.57537e-07
9.63768e-08
7.86459e-06
0.000538296
1.37559e-07
8.00945e-06
0.000598944
1.66641e-07
8.09336e-06
0.000647145
1.0943e-07
8.12427e-06
0.000680645
-5.22348e-09
8.07436e-06
0.000697834
-1.41537e-07
8.05957e-06
0.000697825
-3.00337e-07
8.08343e-06
0.000680648
-3.94313e-07
8.1306e-06
0.000647132
-3.82086e-07
8.15619e-06
0.000598953
7.97127e-06
0.000538324
-1.96387e-07
2.40761e-07
7.02878e-06
0.000496626
3.12155e-07
7.07194e-06
0.000555479
2.98548e-07
7.07834e-06
0.000602253
1.99693e-07
7.09107e-06
0.000634739
-1.12133e-09
7.0878e-06
0.000651384
-2.18502e-07
7.08464e-06
0.000651389
-3.63585e-07
7.0902e-06
0.000634749
-4.19484e-07
7.15389e-06
0.000602259
-3.39375e-07
7.20667e-06
0.000555495
7.0932e-06
0.000496643
-8.3876e-08
2.39e-07
5.98825e-06
0.000451558
3.18919e-07
5.99833e-06
0.000509563
2.83882e-07
5.99414e-06
0.000555493
1.79247e-07
5.9898e-06
0.000587301
2.74352e-08
5.99126e-06
0.000603562
-1.45864e-07
6.00857e-06
0.000603564
-2.96511e-07
6.0331e-06
0.000587301
-3.4442e-07
6.07836e-06
0.0005555
-2.36292e-07
6.10028e-06
0.000509573
6.04078e-06
0.000451563
-6.2679e-09
2.07552e-07
4.96634e-06
0.000405853
2.72487e-07
4.96193e-06
0.000463268
2.37936e-07
4.94371e-06
0.000508499
1.45182e-07
4.91936e-06
0.000539709
1.23299e-08
4.92257e-06
0.000555631
-1.34091e-07
4.95335e-06
0.000555632
-2.57118e-07
4.99186e-06
0.000539706
-3.00277e-07
5.03302e-06
0.000508501
-2.25618e-07
5.05049e-06
0.000463273
5.01038e-06
0.000405857
-2.03966e-08
1.97732e-07
4.01067e-06
0.000360031
2.56047e-07
4.00056e-06
0.000416939
2.17503e-07
3.97323e-06
0.00046152
1.09736e-07
3.94578e-06
0.000492166
-3.00583e-08
3.94516e-06
0.000507768
-1.63078e-07
3.96865e-06
0.000507769
-2.5464e-07
4.00117e-06
0.000492164
-2.73899e-07
4.04267e-06
0.000461519
-2.05942e-07
4.07914e-06
0.000416939
4.05668e-06
0.000360035
-1.82447e-08
1.99468e-07
3.13462e-06
0.000314213
2.65041e-07
3.12095e-06
0.000370645
2.26323e-07
3.0974e-06
0.000414603
1.12154e-07
3.07791e-06
0.000444703
-3.59259e-08
3.07647e-06
0.000459994
-1.74779e-07
3.0906e-06
0.000459994
-2.63402e-07
3.10732e-06
0.000444703
-2.74959e-07
3.14077e-06
0.000414603
-1.89151e-07
3.18025e-06
0.000370645
3.18075e-06
0.000314215
3.91852e-09
2.05975e-07
0.000268429
2.86029e-07
0.000324402
2.53093e-07
0.000367751
1.34452e-07
0.000397314
-2.19578e-08
0.000412299
-1.65046e-07
0.000412299
-2.66272e-07
0.000397315
-2.88401e-07
0.000367752
-1.95746e-07
0.000324402
0.000268431
8.17972e-09
2.02697e-07
4.82703e-07
0.000478801
1.07427e-07
7.34919e-07
0.000525994
1.6468e-08
9.35793e-07
0.000564329
4.13386e-08
1.08724e-06
0.000591649
7.68856e-09
1.1786e-06
0.000605907
-6.97141e-08
1.22849e-06
0.000605757
-5.58001e-08
1.10704e-06
0.000591425
4.50959e-08
8.83378e-07
0.000564209
1.18292e-07
6.79424e-07
0.000525903
4.16813e-07
0.000478919
3.2162e-07
-8.43383e-08
4.3412e-06
0.000561994
-1.04621e-08
5.09796e-06
0.000624538
4.266e-09
5.70881e-06
0.000675598
2.76188e-08
6.05791e-06
0.000711783
8.55371e-08
6.2018e-06
0.00073051
1.373e-07
6.27122e-06
0.000730462
2.19143e-07
6.01796e-06
0.00071173
2.4699e-07
5.62886e-06
0.000675574
2.06219e-07
5.11691e-06
0.000624534
4.36677e-06
0.000561982
1.07557e-07
-7.38535e-08
7.23193e-06
0.000563207
4.5195e-09
7.72824e-06
0.000627222
4.81552e-08
8.06895e-06
0.000678494
3.38012e-08
8.23927e-06
0.000714232
3.89663e-08
8.22264e-06
0.000732605
7.72636e-08
8.25856e-06
0.000732568
1.83279e-08
8.23174e-06
0.000714209
-9.98892e-08
8.12722e-06
0.000678472
-1.24064e-07
7.83223e-06
0.00062723
7.29875e-06
0.000563218
-1.22332e-07
1.15278e-07
7.66772e-06
0.00053772
1.54472e-07
7.80305e-06
0.00059883
1.76965e-07
7.84222e-06
0.000647349
1.08285e-07
7.91166e-06
0.000681041
-4.99702e-08
7.88302e-06
0.000698332
-1.88669e-07
7.8927e-06
0.000698329
-3.16827e-07
7.95646e-06
0.000681051
-3.81633e-07
7.97911e-06
0.000647345
-3.72619e-07
7.93655e-06
0.000598839
7.70747e-06
0.000537747
-2.0479e-07
2.5471e-07
6.91039e-06
0.000497159
3.23047e-07
6.94789e-06
0.000556266
2.94821e-07
6.90958e-06
0.000603214
1.90587e-07
6.94601e-06
0.000635809
-2.17601e-08
6.96919e-06
0.00065251
-2.32525e-07
6.97391e-06
0.000652519
-3.39244e-07
6.99051e-06
0.000635821
-3.62612e-07
7.04259e-06
0.000603219
-2.91234e-07
7.08068e-06
0.000556279
6.9485e-06
0.000497169
-5.84383e-08
2.50092e-07
5.90388e-06
0.000452339
3.32153e-07
5.91086e-06
0.000510518
2.8519e-07
5.87332e-06
0.000556576
1.77796e-07
5.8831e-06
0.000588471
2.83596e-08
5.90461e-06
0.000604776
-1.40506e-07
5.92758e-06
0.000604779
-2.81277e-07
5.96006e-06
0.000588472
-3.28422e-07
6.00657e-06
0.000556583
-2.26677e-07
6.02339e-06
0.000510529
5.94938e-06
0.000452341
-5.31105e-09
2.21391e-07
4.89906e-06
0.000406652
2.92186e-07
4.89319e-06
0.000464215
2.46552e-07
4.85902e-06
0.000509559
1.45076e-07
4.8462e-06
0.000540847
1.53329e-08
4.85669e-06
0.000556809
-1.30173e-07
4.89527e-06
0.00055681
-2.60173e-07
4.95075e-06
0.000540845
-3.04767e-07
4.98898e-06
0.000509563
-2.23844e-07
4.99442e-06
0.000464221
4.95429e-06
0.000406654
-2.58768e-08
1.95744e-07
3.96311e-06
0.00036078
2.53932e-07
3.94949e-06
0.000417824
2.10318e-07
3.91171e-06
0.000462511
1.00853e-07
3.89282e-06
0.000493229
-4.02815e-08
3.89873e-06
0.000508868
-1.78643e-07
3.93394e-06
0.000508868
-2.67621e-07
3.97578e-06
0.000493228
-2.81547e-07
4.01108e-06
0.000462511
-2.08552e-07
4.03606e-06
0.000417825
4.02098e-06
0.000360783
-2.28886e-08
1.95751e-07
3.10387e-06
0.000314884
2.55547e-07
3.08873e-06
0.000371446
2.16022e-07
3.05016e-06
0.000415504
9.84505e-08
3.0421e-06
0.000445671
-5.45473e-08
3.04857e-06
0.000460997
-1.89467e-07
3.06565e-06
0.000460997
-2.69383e-07
3.08663e-06
0.000445672
-2.7344e-07
3.11453e-06
0.000415503
-1.88422e-07
3.15063e-06
0.000371446
3.16041e-06
0.000314886
1.71913e-09
2.09207e-07
0.00026901
2.84717e-07
0.000325107
2.39392e-07
0.000368553
1.16399e-07
0.000398181
-3.58898e-08
0.000413198
-1.71151e-07
0.000413197
-2.62596e-07
0.000398181
-2.79793e-07
0.000368552
-1.88768e-07
0.000325107
0.00026901
1.34184e-08
1.00451e-07
4.82895e-07
0.0004782
5.39513e-09
6.25136e-07
0.000525464
-4.5965e-08
7.57088e-07
0.000563623
4.88073e-09
8.7433e-07
0.000590724
2.01316e-08
8.57009e-07
0.000605034
-3.28545e-08
9.05303e-07
0.000604904
-7.62853e-08
8.82224e-07
0.000590586
-5.54922e-08
7.78512e-07
0.000563409
-2.79417e-08
6.7095e-07
0.000525204
4.15069e-07
0.000478287
1.88661e-07
-6.71837e-08
3.94384e-06
0.000558544
1.64467e-09
4.59921e-06
0.000620495
3.5793e-08
5.14473e-06
0.000671176
7.62662e-08
5.50457e-06
0.000707112
1.15811e-07
5.59302e-06
0.000725735
7.05616e-08
5.7242e-06
0.000725688
5.34037e-08
5.55255e-06
0.000707077
5.20297e-08
5.17378e-06
0.00067118
8.75361e-08
4.62476e-06
0.000620545
3.85521e-06
0.000558549
7.96488e-08
-4.42904e-08
6.81396e-06
0.000560289
5.62413e-08
7.32836e-06
0.000624393
1.32047e-07
7.66451e-06
0.000675899
1.1106e-07
7.91324e-06
0.000711844
6.30625e-08
7.91491e-06
0.000730332
2.97513e-08
8.01854e-06
0.000730306
-6.76882e-08
8.02726e-06
0.000711831
-1.701e-07
7.84477e-06
0.000675904
-1.10691e-07
7.36513e-06
0.00062443
6.74249e-06
0.000560307
-8.62823e-08
1.4384e-07
7.44629e-06
0.000536919
1.8639e-07
7.61099e-06
0.000598505
1.92484e-07
7.64206e-06
0.000647365
1.16928e-07
7.76158e-06
0.000681268
-6.55364e-08
7.76839e-06
0.000698661
-1.90673e-07
7.80603e-06
0.000698667
-2.78147e-07
7.88657e-06
0.000681279
-3.18281e-07
7.86373e-06
0.000647366
-3.11693e-07
7.67939e-06
0.000598518
7.40785e-06
0.000536948
-1.78203e-07
2.51612e-07
6.78484e-06
0.000497594
3.0133e-07
6.85446e-06
0.000556973
2.50044e-07
6.80111e-06
0.000604107
1.52481e-07
6.84953e-06
0.000636819
-4.18879e-08
6.89544e-06
0.000653577
-2.22077e-07
6.91775e-06
0.000653587
-2.84813e-07
6.94259e-06
0.000636828
-2.62269e-07
6.95262e-06
0.000604107
-2.0628e-07
6.922e-06
0.000556981
6.78462e-06
0.000497598
-1.24814e-08
2.48859e-07
5.81807e-06
0.000453079
3.29513e-07
5.85431e-06
0.000511437
2.71012e-07
5.80924e-06
0.000557627
1.61093e-07
5.82072e-06
0.00058961
1.98011e-08
5.85299e-06
0.00060596
-1.24923e-07
5.87759e-06
0.000605964
-2.24633e-07
5.90448e-06
0.00058961
-2.56438e-07
5.93716e-06
0.000557631
-1.80257e-07
5.92955e-06
0.000511445
5.84111e-06
0.000453078
2.63999e-08
2.20573e-07
4.83319e-06
0.000407428
3.01927e-07
4.84681e-06
0.000465141
2.53723e-07
4.81852e-06
0.000510598
1.43511e-07
4.8142e-06
0.000541964
1.71304e-08
4.82157e-06
0.000557967
-1.18947e-07
4.85654e-06
0.000557967
-2.40366e-07
4.90835e-06
0.000541963
-2.80262e-07
4.93797e-06
0.000510602
-1.95311e-07
4.92075e-06
0.000465145
4.87566e-06
0.000407427
-2.5903e-09
1.87221e-07
3.91674e-06
0.000361514
2.50905e-07
3.91238e-06
0.000418695
2.12873e-07
3.88108e-06
0.000463487
1.05832e-07
3.87439e-06
0.000494275
-3.45925e-08
3.8774e-06
0.000509952
-1.71009e-07
3.90899e-06
0.000509952
-2.59012e-07
3.94799e-06
0.000494276
-2.6694e-07
3.96937e-06
0.000463487
-1.92658e-07
3.97684e-06
0.000418694
3.96491e-06
0.000361515
-1.37841e-08
1.92228e-07
3.07411e-06
0.000315544
2.51303e-07
3.06307e-06
0.000372236
2.1554e-07
3.02688e-06
0.000416394
1.0146e-07
3.03114e-06
0.000446628
-5.14174e-08
3.0385e-06
0.000461989
-1.83315e-07
3.04914e-06
0.000461989
-2.60025e-07
3.06676e-06
0.00044663
-2.63859e-07
3.08321e-06
0.000416393
-1.86977e-07
3.11013e-06
0.000372235
3.11828e-06
0.000315545
2.24258e-11
2.06249e-07
0.000269582
2.71057e-07
0.000325805
2.21284e-07
0.000369347
1.06942e-07
0.00039904
-3.3044e-08
0.000414088
-1.61196e-07
0.000414088
-2.48494e-07
0.000399039
-2.65599e-07
0.000369346
-1.8046e-07
0.000325805
0.000269583
1.53825e-08
1.31118e-08
4.88567e-07
0.000477615
-6.69636e-08
5.68349e-07
0.000524976
-1.04356e-07
6.74925e-07
0.000562985
-6.24388e-08
7.51329e-07
0.00058993
2.29923e-08
6.52981e-07
0.000604296
2.1562e-08
6.96557e-07
0.000604209
-5.23528e-08
7.62503e-07
0.000589897
-1.00351e-07
7.5838e-07
0.000562699
-1.23656e-07
7.10612e-07
0.000524517
4.25084e-07
0.000477672
6.68598e-08
4.60989e-10
3.56852e-06
0.000555471
2.64498e-08
4.19641e-06
0.000616841
6.75634e-08
4.68246e-06
0.000667127
8.80828e-08
5.05046e-06
0.000702792
6.99083e-08
5.10526e-06
0.000721301
-4.60949e-08
5.2285e-06
0.000721272
-1.42332e-07
5.14644e-06
0.000702789
-1.46661e-07
4.78048e-06
0.000667162
-2.97393e-08
4.20836e-06
0.00061693
3.39292e-06
0.000555498
5.42975e-08
2.29334e-08
6.34595e-06
0.000557442
1.45678e-07
6.9444e-06
0.000621522
2.23508e-07
7.32507e-06
0.000673178
1.88812e-07
7.63319e-06
0.000709296
7.71506e-08
7.6803e-06
0.000727868
-6.021e-08
7.80571e-06
0.000727867
-1.91557e-07
7.81274e-06
0.000709296
-2.48941e-07
7.53168e-06
0.00067321
-1.16377e-07
6.91694e-06
0.000621589
6.18216e-06
0.000557466
-6.53969e-08
1.5238e-07
7.18502e-06
0.000535904
2.12252e-07
7.42108e-06
0.000597969
2.11219e-07
7.50301e-06
0.000647189
1.4778e-07
7.64103e-06
0.000681324
-3.36529e-08
7.70488e-06
0.000698818
-1.67028e-07
7.77384e-06
0.000698832
-2.20483e-07
7.81475e-06
0.000681331
-2.40295e-07
7.72547e-06
0.000647192
-2.404e-07
7.44739e-06
0.000597988
7.09312e-06
0.000535935
-1.38468e-07
2.16011e-07
6.64944e-06
0.000497923
2.55092e-07
6.7572e-06
0.000557597
1.892e-07
6.74912e-06
0.000604926
9.04035e-08
6.79332e-06
0.000637765
-6.14681e-08
6.85013e-06
0.000654584
-1.79723e-07
6.88718e-06
0.000654592
-2.03534e-07
6.89935e-06
0.000637767
-1.71271e-07
6.8778e-06
0.000604923
-1.24086e-07
6.78162e-06
0.000557599
6.60512e-06
0.000497923
3.88234e-08
2.32675e-07
5.73047e-06
0.000453779
3.01063e-07
5.80243e-06
0.000512324
2.36944e-07
5.79393e-06
0.000558646
1.25665e-07
5.79596e-06
0.000590718
-6.43222e-09
5.82639e-06
0.000607116
-1.19119e-07
5.84486e-06
0.000607119
-1.81283e-07
5.85491e-06
0.000590716
-2.00543e-07
5.88239e-06
0.000558645
-1.31517e-07
5.83221e-06
0.000512325
5.71135e-06
0.000453774
6.56758e-08
2.04231e-07
4.77256e-06
0.000408183
2.86394e-07
4.813e-06
0.000466048
2.47522e-07
4.8125e-06
0.000511618
1.35993e-07
4.81003e-06
0.000543061
1.44964e-08
4.80794e-06
0.000559107
-1.04031e-07
4.82503e-06
0.000559105
-2.11216e-07
4.86336e-06
0.000543061
-2.35641e-07
4.88797e-06
0.000511621
-1.46533e-07
4.84099e-06
0.000466047
4.78014e-06
0.000408179
3.32052e-08
1.84129e-07
3.87154e-06
0.000362234
2.53847e-07
3.88574e-06
0.000419552
2.2868e-07
3.87583e-06
0.000464448
1.23817e-07
3.88124e-06
0.000495309
-1.34476e-08
3.87332e-06
0.000511024
-1.47523e-07
3.8887e-06
0.000511023
-2.4277e-07
3.9237e-06
0.000495311
-2.47823e-07
3.93013e-06
0.00046445
-1.73816e-07
3.91102e-06
0.00041955
3.89085e-06
0.000362233
-2.60493e-09
1.92749e-07
3.04515e-06
0.000316195
2.49165e-07
3.0485e-06
0.000373017
2.19267e-07
3.02538e-06
0.000417275
1.17378e-07
3.03496e-06
0.000447576
-2.81324e-08
3.03668e-06
0.000462971
-1.60903e-07
3.03953e-06
0.000462971
-2.41169e-07
3.05533e-06
0.000447578
-2.49961e-07
3.05784e-06
0.000417274
-1.84477e-07
3.06443e-06
0.000373016
3.06255e-06
0.000316196
-6.48845e-09
1.99929e-07
0.000270149
2.61303e-07
0.000326497
2.15289e-07
0.000370134
1.11456e-07
0.000399892
-2.12931e-08
0.000414972
-1.50742e-07
0.000414972
-2.37186e-07
0.000399892
-2.53384e-07
0.000370133
-1.76484e-07
0.000326497
0.000270149
7.05861e-09
-6.49622e-09
4.62117e-07
0.000477056
-4.94553e-08
5.2298e-07
0.000524496
-9.6033e-08
6.44299e-07
0.000562388
-1.20773e-07
6.96947e-07
0.000589258
1.81059e-08
5.64539e-07
0.000603593
8.27889e-08
6.08293e-07
0.000603536
-2.90898e-08
7.28923e-07
0.00058928
-1.48627e-07
7.80388e-07
0.000562038
-2.12049e-07
7.42382e-07
0.000523838
4.23459e-07
0.000477055
-1.91247e-08
8.17443e-08
3.18209e-06
0.000552745
5.36805e-08
3.82444e-06
0.000613568
6.86005e-08
4.30951e-06
0.000663447
5.03481e-08
4.67334e-06
0.000698834
-3.67097e-08
4.7232e-06
0.000717229
-1.73577e-07
4.79165e-06
0.000717226
-2.93724e-07
4.77666e-06
0.000698862
-2.87598e-07
4.44068e-06
0.000663496
-1.35922e-07
3.86533e-06
0.000613656
2.99713e-06
0.000552782
6.3444e-09
9.26288e-08
5.84165e-06
0.000554704
2.08588e-07
6.54668e-06
0.000618684
2.71276e-07
7.02374e-06
0.000670401
2.28672e-07
7.36496e-06
0.000706647
4.66183e-08
7.48962e-06
0.000725284
-1.91481e-07
7.58889e-06
0.000725307
-3.31492e-07
7.55119e-06
0.000706662
-3.18688e-07
7.18636e-06
0.000670451
-1.26477e-07
6.50008e-06
0.000618762
5.65766e-06
0.000554733
-5.30419e-08
1.3661e-07
6.8952e-06
0.000534691
2.23155e-07
7.20238e-06
0.000597226
2.18517e-07
7.40532e-06
0.000646812
1.5959e-07
7.54424e-06
0.000681204
2.06822e-09
7.66106e-06
0.000698804
-1.37688e-07
7.73852e-06
0.000698822
-1.73195e-07
7.71387e-06
0.000681203
-1.81915e-07
7.56645e-06
0.000646821
-1.84773e-07
7.24368e-06
0.000597247
6.79501e-06
0.000534722
-1.08784e-07
1.61682e-07
6.50791e-06
0.000498135
1.88596e-07
6.6392e-06
0.000558134
1.29521e-07
6.72131e-06
0.000605669
3.7341e-08
6.75833e-06
0.000638643
-6.62869e-08
6.8231e-06
0.000655525
-1.25204e-07
6.85966e-06
0.00065553
-1.31243e-07
6.84809e-06
0.000638639
-1.10889e-07
6.80525e-06
0.000605664
-6.45311e-08
6.66644e-06
0.00055813
6.44124e-06
0.000498135
7.802e-08
1.90596e-07
5.65502e-06
0.000454435
2.34151e-07
5.74333e-06
0.000513176
1.78743e-07
5.78877e-06
0.000559634
7.45889e-08
5.78488e-06
0.000591796
-3.51497e-08
5.80618e-06
0.000608243
-1.07312e-07
5.80739e-06
0.000608244
-1.45366e-07
5.80846e-06
0.000591794
-1.58182e-07
5.83438e-06
0.000559629
-8.835e-08
5.75046e-06
0.000513171
5.5986e-06
0.000454429
9.94502e-08
1.79449e-07
4.73055e-06
0.000408916
2.52635e-07
4.78236e-06
0.000466936
2.2903e-07
4.81027e-06
0.00051262
1.2475e-07
4.80919e-06
0.000544141
6.93682e-09
4.80165e-06
0.000560229
-1.02605e-07
4.79577e-06
0.000560226
-1.93555e-07
4.81762e-06
0.000544143
-1.93654e-07
4.8345e-06
0.000512621
-1.03264e-07
4.7762e-06
0.000466931
4.70132e-06
0.000408911
6.14922e-08
1.84853e-07
3.84364e-06
0.00036294
2.55859e-07
3.86704e-06
0.000420397
2.40025e-07
3.87631e-06
0.000465398
1.39027e-07
3.88782e-06
0.000496331
7.45164e-09
3.87302e-06
0.000512084
-1.23789e-07
3.86768e-06
0.000512082
-2.24577e-07
3.89563e-06
0.000496334
-2.34929e-07
3.89426e-06
0.000465401
-1.66634e-07
3.86342e-06
0.000420395
3.82474e-06
0.000362939
3.7115e-09
1.93107e-07
3.02809e-06
0.000316837
2.5004e-07
3.03849e-06
0.000373789
2.29553e-07
3.02519e-06
0.000418146
1.41353e-07
3.03591e-06
0.000448516
6.75484e-09
3.03344e-06
0.000463945
-1.34383e-07
3.03454e-06
0.000463945
-2.31451e-07
3.05185e-06
0.000448519
-2.52394e-07
3.04163e-06
0.000418148
-1.9432e-07
3.03211e-06
0.00037379
3.00535e-06
0.000316838
-1.72693e-08
1.96763e-07
0.000270709
2.57375e-07
0.000327182
2.17682e-07
0.000370916
1.22574e-07
0.000400738
-8.29239e-09
0.000415851
-1.42462e-07
0.000415852
-2.30723e-07
0.000400739
-2.52027e-07
0.000370916
-1.83603e-07
0.000327184
0.00027071
-8.86008e-09
7.49882e-08
3.94819e-07
0.000476488
9.17086e-08
4.74673e-07
0.000524005
1.0983e-08
6.50217e-07
0.000561818
-7.80984e-08
6.72621e-07
0.000588675
4.84824e-08
5.8166e-07
0.000602884
1.34745e-07
6.20795e-07
0.000602829
-2.05761e-09
7.18624e-07
0.000588698
-2.0487e-07
8.09038e-07
0.000561432
-3.07101e-07
7.5159e-07
0.000523189
4.00949e-07
0.000476408
-6.09986e-08
1.18461e-07
2.78513e-06
0.000550339
8.16e-08
3.42526e-06
0.000610654
7.0953e-08
3.99141e-06
0.000660117
2.29488e-08
4.31778e-06
0.000695237
-6.63184e-08
4.38573e-06
0.000713514
-1.81453e-07
4.42883e-06
0.000713533
-3.2446e-07
4.44344e-06
0.00069528
-3.21007e-07
4.14756e-06
0.000660154
-1.79504e-07
3.57041e-06
0.000610696
2.66113e-06
0.000550361
-1.95245e-08
1.54921e-07
5.32092e-06
0.000552108
2.35685e-07
6.09584e-06
0.000615933
2.70633e-07
6.72708e-06
0.000667631
2.17499e-07
7.06149e-06
0.000703957
-1.43558e-10
7.24976e-06
0.000722637
-2.6251e-07
7.31559e-06
0.000722683
-3.82044e-07
7.24005e-06
0.000703985
-3.19041e-07
6.85173e-06
0.000667684
-1.11279e-07
6.12857e-06
0.000615996
5.19421e-06
0.00055213
-4.22894e-08
1.14789e-07
6.58252e-06
0.000533305
2.08981e-07
6.94026e-06
0.000596288
2.09049e-07
7.30293e-06
0.000646236
1.35928e-07
7.44046e-06
0.000680898
9.35786e-09
7.56352e-06
0.000698617
-1.19388e-07
7.63394e-06
0.000698633
-1.56409e-07
7.58436e-06
0.000680896
-1.52375e-07
7.41546e-06
0.000646253
-1.32306e-07
7.05189e-06
0.000596304
6.52726e-06
0.000533325
-6.84845e-08
1.08765e-07
6.35758e-06
0.00049822
1.24459e-07
6.48767e-06
0.000558571
8.77919e-08
6.67919e-06
0.00060633
8.00984e-09
6.7161e-06
0.000639447
-6.0108e-08
6.75951e-06
0.000656397
-9.15455e-08
6.79791e-06
0.000656397
-1.0275e-07
6.79257e-06
0.000639442
-8.64044e-08
6.73542e-06
0.000606327
-3.88741e-08
6.5703e-06
0.000558564
6.31485e-06
0.00049822
8.79915e-08
1.55118e-07
5.58243e-06
0.000455041
1.64839e-07
5.66343e-06
0.000513991
1.33267e-07
5.75559e-06
0.000560589
4.40904e-08
5.75891e-06
0.000592842
-6.11909e-08
5.76916e-06
0.000609338
-1.21776e-07
5.76426e-06
0.000609338
-1.4262e-07
5.76378e-06
0.000592844
-1.27612e-07
5.76604e-06
0.000560583
-5.60449e-08
5.68765e-06
0.000513982
5.54407e-06
0.000455037
1.06658e-07
1.69401e-07
4.69483e-06
0.000409625
2.17677e-07
4.74777e-06
0.000467804
1.99803e-07
4.78887e-06
0.000513605
1.01004e-07
4.79445e-06
0.000545205
-1.52788e-08
4.7809e-06
0.000561334
-1.21488e-07
4.76567e-06
0.000561331
-1.90683e-07
4.76822e-06
0.000545208
-1.80563e-07
4.77318e-06
0.000513604
-1.04075e-07
4.74414e-06
0.000467798
4.66685e-06
0.000409623
6.1164e-08
1.78971e-07
3.82367e-06
0.000363632
2.43071e-07
3.85271e-06
0.000421228
2.29985e-07
3.86365e-06
0.000466337
1.35018e-07
3.8781e-06
0.000497343
8.08637e-09
3.85896e-06
0.000513133
-1.16224e-07
3.84117e-06
0.000513131
-2.17021e-07
3.85758e-06
0.000497346
-2.47075e-07
3.86486e-06
0.000466339
-1.82349e-07
3.84584e-06
0.000421228
3.79069e-06
0.000363633
-6.20109e-10
1.8357e-07
3.01272e-06
0.00031747
2.50521e-07
3.023e-06
0.000374552
2.35723e-07
3.01489e-06
0.00041901
1.52049e-07
3.02929e-06
0.000449449
2.01779e-08
3.02376e-06
0.000464912
-1.2901e-07
3.02299e-06
0.000464913
-2.42256e-07
3.038e-06
0.000449452
-2.74781e-07
3.03173e-06
0.000419014
-2.14123e-07
3.02004e-06
0.000374555
2.97122e-06
0.000317473
-2.90199e-08
1.88699e-07
0.000271263
2.4945e-07
0.000327862
2.12501e-07
0.000371691
1.22027e-07
0.000401579
-1.04367e-08
0.000416725
-1.50758e-07
0.000416726
-2.4498e-07
0.00040158
-2.7053e-07
0.000371693
-1.98655e-07
0.000327865
0.000271265
-2.07282e-08
1.84556e-07
3.44909e-07
0.000475889
2.58595e-07
4.33592e-07
0.000523497
1.55367e-07
6.53507e-07
0.000561268
2.78776e-08
6.70616e-07
0.000588131
9.70901e-08
6.55568e-07
0.00060216
1.39816e-07
6.62204e-07
0.000602124
5.3928e-09
7.04649e-07
0.000588128
-2.30591e-07
7.90658e-07
0.000560877
-3.4555e-07
7.14576e-07
0.000522589
3.87882e-07
0.000475726
-5.06713e-08
1.21349e-07
2.43321e-06
0.000548225
9.99197e-08
3.03831e-06
0.000608071
7.17918e-08
3.68414e-06
0.000657114
1.80315e-08
3.97105e-06
0.00069199
-3.23921e-08
4.08571e-06
0.000710135
-8.21521e-08
4.08728e-06
0.000710158
-2.06919e-07
4.08957e-06
0.00069202
-2.20355e-07
3.84274e-06
0.000657115
-1.30121e-07
3.28818e-06
0.000608032
2.40561e-06
0.000548209
4.88712e-09
1.84233e-07
4.81934e-06
0.000549678
2.2301e-07
5.62819e-06
0.000613304
2.21284e-07
6.39826e-06
0.000664918
1.66428e-07
6.70844e-06
0.000701274
-2.00406e-08
6.93489e-06
0.000719975
-2.45773e-07
6.96254e-06
0.000720034
-3.17329e-07
6.83797e-06
0.000701308
-2.27127e-07
6.47962e-06
0.000664957
-6.25524e-08
5.79314e-06
0.000613327
4.80331e-06
0.000549684
-1.40979e-08
8.31656e-08
6.25257e-06
0.000531773
1.73626e-07
6.66217e-06
0.000595163
1.79745e-07
7.15937e-06
0.000645468
9.10895e-08
7.29647e-06
0.000680398
6.39599e-10
7.39446e-06
0.000698248
-1.01812e-07
7.44022e-06
0.000698257
-1.55664e-07
7.38435e-06
0.000680404
-1.47342e-07
7.23237e-06
0.000645492
-7.98601e-08
6.85794e-06
0.000595172
6.28523e-06
0.000531777
-1.40299e-08
6.48261e-08
6.18332e-06
0.000498164
8.91976e-08
6.31176e-06
0.000558897
8.40274e-08
6.59565e-06
0.000606899
9.67992e-09
6.6482e-06
0.00064017
-4.6646e-08
6.65376e-06
0.000657194
-8.49569e-08
6.68571e-06
0.00065719
-1.29909e-07
6.70266e-06
0.000640169
-1.25777e-07
6.64885e-06
0.000606907
-7.21232e-08
6.47917e-06
0.000558889
6.2259e-06
0.000498164
4.30962e-08
1.42758e-07
5.48379e-06
0.000455592
1.29344e-07
5.55296e-06
0.000514763
1.11444e-07
5.69341e-06
0.000561509
2.71422e-08
5.71794e-06
0.000593857
-8.63808e-08
5.70439e-06
0.000610401
-1.64738e-07
5.70241e-06
0.0006104
-1.90092e-07
5.70979e-06
0.000593862
-1.50409e-07
5.68511e-06
0.000561507
-6.80307e-08
5.62383e-06
0.000514755
5.51734e-06
0.000455592
8.62424e-08
1.69588e-07
4.63479e-06
0.000410309
1.80501e-07
4.69622e-06
0.000468649
1.57003e-07
4.75079e-06
0.000514571
6.55945e-08
4.76373e-06
0.00054625
-5.62443e-08
4.74143e-06
0.000562418
-1.64273e-07
4.72402e-06
0.000562418
-2.14586e-07
4.71417e-06
0.000546254
-1.99325e-07
4.70415e-06
0.000514569
-1.31391e-07
4.70732e-06
0.000468647
4.65581e-06
0.000410311
4.21838e-08
1.75622e-07
3.77755e-06
0.000364311
2.30886e-07
3.82304e-06
0.000422045
2.14521e-07
3.84086e-06
0.000467263
1.19727e-07
3.85921e-06
0.000498342
-7.92854e-09
3.83343e-06
0.000514169
-1.29375e-07
3.80853e-06
0.000514168
-2.23388e-07
3.80909e-06
0.000498345
-2.68217e-07
3.82242e-06
0.000467266
-2.14095e-07
3.83205e-06
0.00042205
3.77809e-06
0.000364314
-1.72549e-08
1.73502e-07
2.97875e-06
0.000318094
2.43527e-07
2.99871e-06
0.000375306
2.30257e-07
2.99873e-06
0.000419865
1.4786e-07
3.01757e-06
0.000450373
1.59152e-08
3.0065e-06
0.000465871
-1.31352e-07
2.99652e-06
0.000465872
-2.51698e-07
3.00586e-06
0.000450376
-2.98831e-07
3.01334e-06
0.00041987
-2.33961e-07
3.0111e-06
0.000375311
2.95856e-06
0.000318098
-3.95916e-08
1.75267e-07
0.000271812
2.36204e-07
0.000328536
2.02925e-07
0.000372461
1.1667e-07
0.000402414
-1.59411e-08
0.000417592
-1.61839e-07
0.000417593
-2.65246e-07
0.000402415
-2.91662e-07
0.000372464
-2.10116e-07
0.000328539
0.000271814
-2.22175e-08
2.6615e-07
3.27222e-07
0.000475281
3.88396e-07
3.93381e-07
0.000522981
3.02101e-07
6.29261e-07
0.000560725
1.37734e-07
6.92534e-07
0.000587603
7.00992e-08
7.56405e-07
0.000601471
3.75444e-08
6.81437e-07
0.000601475
-6.13728e-08
6.75313e-07
0.000587552
-2.65552e-07
7.28087e-07
0.000560353
-3.51575e-07
6.44128e-07
0.000522031
3.5517e-07
0.000475023
-3.83731e-09
8.72202e-08
2.14734e-06
0.000546366
8.51284e-08
2.68545e-06
0.000605781
3.57224e-08
3.37476e-06
0.000654418
1.24899e-09
3.65715e-06
0.00068906
1.99054e-08
3.82051e-06
0.000707052
4.01958e-08
3.74518e-06
0.000707074
-3.08148e-08
3.70918e-06
0.000689057
-5.37205e-08
3.49912e-06
0.000654367
-1.63314e-08
2.98682e-06
0.000605652
2.20068e-06
0.000546299
4.75308e-08
1.36811e-07
4.39151e-06
0.000547424
1.39868e-07
5.17825e-06
0.000610808
1.04685e-07
6.02737e-06
0.000662301
7.55393e-08
6.3291e-06
0.000698631
-2.03559e-08
6.56237e-06
0.000717329
-1.69572e-07
6.53747e-06
0.000717391
-1.80785e-07
6.36753e-06
0.000698661
-7.68988e-08
6.04459e-06
0.000662308
2.92842e-08
5.42787e-06
0.00061078
4.48435e-06
0.000547411
1.89899e-08
4.82945e-08
5.94664e-06
0.000530132
1.33727e-07
6.39279e-06
0.000593863
1.32236e-07
6.9776e-06
0.00064452
4.05723e-08
7.11411e-06
0.000679705
-2.38759e-08
7.18526e-06
0.000697689
-1.18011e-07
7.19438e-06
0.000697695
-1.74976e-07
7.1075e-06
0.000679721
-1.72159e-07
6.99012e-06
0.000644543
-8.52071e-08
6.64737e-06
0.000593865
6.05722e-06
0.000530124
-4.75267e-09
5.91028e-08
6.01958e-06
0.00049795
1.08697e-07
6.14376e-06
0.000559096
1.30522e-07
6.48632e-06
0.000607368
3.83296e-08
6.57266e-06
0.000640804
-3.8212e-08
6.54687e-06
0.000657909
-9.98479e-08
6.54397e-06
0.000657902
-1.93808e-07
6.56072e-06
0.000640809
-2.17139e-07
6.53246e-06
0.000607388
-1.39084e-07
6.36672e-06
0.000559092
6.15022e-06
0.000497951
-1.82995e-08
1.44811e-07
5.37597e-06
0.000456079
1.16863e-07
5.44826e-06
0.000515486
1.06657e-07
5.61489e-06
0.000562391
2.82742e-08
5.67008e-06
0.000594838
-8.99203e-08
5.63689e-06
0.000611429
-1.99206e-07
5.62627e-06
0.000611427
-2.66086e-07
5.64421e-06
0.000594845
-2.39098e-07
5.61717e-06
0.000562396
-1.51984e-07
5.55146e-06
0.000515484
5.4753e-06
0.000456084
3.09781e-08
1.79731e-07
4.54616e-06
0.000410968
1.68544e-07
4.6369e-06
0.000469472
1.25359e-07
4.71224e-06
0.000515517
4.07481e-08
4.72816e-06
0.000547277
-8.45981e-08
4.69842e-06
0.000563482
-2.08171e-07
4.6837e-06
0.000563484
-2.58369e-07
4.6682e-06
0.00054728
-2.47732e-07
4.65936e-06
0.000515516
-1.8433e-07
4.65999e-06
0.000469475
4.62247e-06
0.000410972
7.41607e-09
1.72497e-07
3.70978e-06
0.000364975
2.20883e-07
3.78357e-06
0.00042285
1.98723e-07
3.82021e-06
0.000468177
1.06627e-07
3.83354e-06
0.000499329
-2.72342e-08
3.81036e-06
0.000515191
-1.56665e-07
3.78892e-06
0.000515192
-2.52334e-07
3.77777e-06
0.000499331
-3.0304e-07
3.79557e-06
0.00046818
-2.52758e-07
3.80266e-06
0.000422857
3.74977e-06
0.000364979
-4.50334e-08
1.62601e-07
2.92807e-06
0.000318709
2.301e-07
2.97025e-06
0.000376052
2.16375e-07
2.98718e-06
0.000420712
1.27971e-07
3.00684e-06
0.000451288
-8.27369e-09
2.99648e-06
0.000466821
-1.46726e-07
2.97716e-06
0.000466822
-2.60623e-07
2.97766e-06
0.00045129
-3.07994e-07
2.99685e-06
0.000420716
-2.4225e-07
2.99128e-06
0.000376057
2.93216e-06
0.000318712
-3.90549e-08
1.62909e-07
0.000272354
2.24137e-07
0.000329203
1.95876e-07
0.000373225
1.1403e-07
0.000403242
-1.20469e-08
0.000418453
-1.5659e-07
0.000418454
-2.65401e-07
0.000403242
-2.90291e-07
0.000373226
-2.08996e-07
0.000329205
0.000272355
-1.81945e-08
3.0416e-07
3.12399e-07
0.000474702
4.73634e-07
3.53388e-07
0.000522458
4.0766e-07
5.98135e-07
0.000560193
2.28567e-07
6.98742e-07
0.000587084
2.73529e-08
7.78076e-07
0.000600894
-9.3843e-08
7.00132e-07
0.000600897
-1.76932e-07
6.63334e-07
0.000586972
-3.11478e-07
6.51931e-07
0.000559836
-3.31205e-07
5.63851e-07
0.000521487
3.22237e-07
0.000474337
3.23902e-08
1.88317e-08
1.9453e-06
0.000544714
3.00728e-08
2.38312e-06
0.00060374
-1.72779e-08
3.06344e-06
0.000652
-3.65919e-08
3.3792e-06
0.000686399
1.5708e-08
3.54962e-06
0.000704228
9.28546e-08
3.4333e-06
0.000704263
1.10484e-07
3.33476e-06
0.000686368
8.68002e-08
3.14416e-06
0.000651898
8.71123e-08
2.6699e-06
0.000603545
2.02137e-06
0.000544605
8.21256e-08
6.78361e-08
4.05522e-06
0.000545341
2.12689e-08
4.79228e-06
0.000608445
-2.39747e-08
5.60981e-06
0.0006598
-4.75575e-09
5.94262e-06
0.000696049
-2.30563e-08
6.17272e-06
0.000714724
-8.84405e-08
6.10765e-06
0.000714782
-4.44333e-08
5.8837e-06
0.000696068
5.45891e-08
5.58858e-06
0.000659764
1.07132e-07
5.0196e-06
0.000608377
4.19952e-06
0.000545313
2.72754e-08
5.26948e-08
5.67536e-06
0.000528421
1.25211e-07
6.17526e-06
0.000592408
1.03723e-07
6.74719e-06
0.000643404
8.65583e-09
6.92154e-06
0.000678821
-4.7714e-08
6.97942e-06
0.000696939
-1.29696e-07
6.94066e-06
0.000696943
-1.89842e-07
6.81603e-06
0.000678848
-1.99683e-07
6.71987e-06
0.000643422
-1.30053e-07
6.4067e-06
0.000592408
5.83911e-06
0.000528409
-5.43052e-08
7.48776e-08
5.89126e-06
0.000497571
1.4982e-07
6.04166e-06
0.000559155
1.77799e-07
6.35801e-06
0.000607729
7.19415e-08
6.49092e-06
0.00064134
-3.09852e-08
6.4599e-06
0.000658532
-1.23071e-07
6.4113e-06
0.000658524
-2.58783e-07
6.40726e-06
0.000641354
-3.12663e-07
6.40545e-06
0.000607756
-2.28524e-07
6.2536e-06
0.000559161
6.06648e-06
0.000497571
-7.5994e-08
1.51282e-07
5.30159e-06
0.000456494
1.38061e-07
5.38684e-06
0.000516154
1.20139e-07
5.53727e-06
0.00056323
4.79151e-08
5.61857e-06
0.000595783
-6.30022e-08
5.58006e-06
0.00061242
-2.02499e-07
5.55948e-06
0.000612418
-3.21495e-07
5.5824e-06
0.000595789
-3.27477e-07
5.56602e-06
0.000563241
-2.62221e-07
5.5117e-06
0.00051616
5.43274e-06
0.000456502
-4.69005e-08
1.8798e-07
4.48389e-06
0.000411599
1.80758e-07
4.5952e-06
0.000470271
1.22247e-07
4.67141e-06
0.000516441
4.39692e-08
4.69065e-06
0.000548283
-8.27753e-08
4.66322e-06
0.000564526
-2.2668e-07
4.6577e-06
0.000564529
-2.99619e-07
4.6498e-06
0.000548286
-3.16016e-07
4.65508e-06
0.000516444
-2.55015e-07
4.64616e-06
0.000470279
4.57622e-06
0.000411604
-3.01158e-08
1.6349e-07
3.65903e-06
0.000365625
2.05958e-07
3.76105e-06
0.000423642
1.74147e-07
3.80186e-06
0.000469078
8.92464e-08
3.80126e-06
0.000500303
-4.8144e-08
3.79155e-06
0.0005162
-1.87942e-07
3.78682e-06
0.000516203
-2.83535e-07
3.77187e-06
0.000500304
-3.24272e-07
3.79593e-06
0.00046908
-2.61629e-07
3.79139e-06
0.000423649
3.71064e-06
0.000365627
-4.42762e-08
1.47662e-07
2.89081e-06
0.000319315
2.20456e-07
2.95082e-06
0.000376789
2.03753e-07
2.9803e-06
0.00042155
1.06525e-07
2.9923e-06
0.000452194
-3.18576e-08
2.98903e-06
0.000467762
-1.59401e-07
2.97374e-06
0.000467763
-2.58617e-07
2.96634e-06
0.000452194
-2.93673e-07
2.9953e-06
0.000421552
-2.18973e-07
2.98165e-06
0.000376792
2.91e-06
0.000319316
-2.19224e-08
1.5099e-07
0.00027289
2.21946e-07
0.000329865
2.02328e-07
0.000373981
1.19476e-07
0.000404063
-9.36879e-10
0.000419308
-1.33382e-07
0.000419307
-2.40543e-07
0.000404062
-2.62612e-07
0.000373981
-1.82514e-07
0.000329864
0.000272889
-2.7743e-09
3.02091e-07
2.86002e-07
0.000474192
4.99028e-07
3.30163e-07
0.000521931
4.72166e-07
5.41067e-07
0.000559679
3.20193e-07
6.63065e-07
0.000586573
5.26131e-08
7.3162e-07
0.00060043
-1.5132e-07
7.28968e-07
0.000600371
-2.6225e-07
6.65026e-07
0.000586417
-3.31403e-07
5.89876e-07
0.000559315
-2.90102e-07
5.06261e-07
0.000520939
2.92883e-07
0.000473706
4.82447e-08
-2.23193e-08
1.785e-06
0.000543223
7.8802e-09
2.13526e-06
0.000601904
-1.6166e-08
2.73614e-06
0.000649829
-4.03008e-08
3.11021e-06
0.000683976
-2.71013e-09
3.26688e-06
0.000701655
1.00461e-07
3.1806e-06
0.000701709
1.88378e-07
3.01567e-06
0.000683929
1.62499e-07
2.81803e-06
0.000649696
1.20735e-07
2.40105e-06
0.000601692
1.83103e-06
0.00054309
9.77625e-08
2.96504e-08
3.76692e-06
0.000543425
-7.13216e-08
4.45761e-06
0.000606224
-1.20248e-07
5.16482e-06
0.00065742
-5.94764e-08
5.55184e-06
0.000693546
-3.0152e-08
5.77381e-06
0.000712188
-1.46034e-08
5.71028e-06
0.000712236
8.0076e-08
5.43922e-06
0.00069355
1.48533e-07
5.16752e-06
0.000657346
1.4259e-07
4.64916e-06
0.000606135
3.88474e-06
0.000543386
1.56717e-08
9.42476e-08
5.42135e-06
0.000526685
1.26305e-07
5.99733e-06
0.000590836
9.2292e-08
6.46374e-06
0.000642139
-6.10704e-10
6.70633e-06
0.00067776
-8.55378e-08
6.7949e-06
0.000696003
-1.66163e-07
6.72418e-06
0.00069601
-2.28797e-07
6.55594e-06
0.000677794
-2.39947e-07
6.45787e-06
0.000642143
-1.83004e-07
6.16554e-06
0.000590835
5.56978e-06
0.000526675
-1.34643e-07
1.1471e-07
5.7857e-06
0.000497027
2.06337e-07
5.99661e-06
0.000559064
2.10624e-07
6.21576e-06
0.000607973
9.25991e-08
6.39323e-06
0.000641771
-3.2628e-08
6.39947e-06
0.000659052
-1.61253e-07
6.33126e-06
0.000659045
-3.29776e-07
6.28772e-06
0.000641791
-4.06295e-07
6.29071e-06
0.000608
-3.35933e-07
6.1751e-06
0.000559081
5.92795e-06
0.000497027
-1.50539e-07
1.63561e-07
5.25288e-06
0.000456829
1.96489e-07
5.35518e-06
0.000516763
1.51759e-07
5.46867e-06
0.000564021
7.77003e-08
5.56255e-06
0.000596687
-2.55742e-08
5.55002e-06
0.000613373
-1.77309e-07
5.52887e-06
0.000613372
-3.3205e-07
5.54149e-06
0.00059669
-3.82892e-07
5.54553e-06
0.000564037
-3.28918e-07
5.50413e-06
0.000516777
5.36407e-06
0.000456834
-9.7351e-08
1.78082e-07
4.46156e-06
0.000412199
1.89594e-07
4.56854e-06
0.000471046
1.28276e-07
4.62765e-06
0.000517344
5.17025e-08
4.65313e-06
0.000549269
-7.18175e-08
4.64894e-06
0.00056555
-2.21466e-07
4.65298e-06
0.000565555
-3.25401e-07
4.66193e-06
0.000549269
-3.53666e-07
4.66924e-06
0.000517348
-2.84472e-07
4.6578e-06
0.000471056
4.53054e-06
0.000412201
-4.85194e-08
1.53142e-07
3.64797e-06
0.000366259
1.93271e-07
3.74968e-06
0.000424421
1.48604e-07
3.78456e-06
0.000469966
6.61037e-08
3.77398e-06
0.000501265
-5.81856e-08
3.77672e-06
0.000517196
-1.97202e-07
3.79501e-06
0.0005172
-2.79015e-07
3.78359e-06
0.000501264
-2.96338e-07
3.80153e-06
0.000469965
-2.24758e-07
3.80965e-06
0.000424425
3.69902e-06
0.000366259
-2.4646e-08
1.3496e-07
2.8831e-06
0.000319911
2.09634e-07
2.94682e-06
0.000377517
1.93441e-07
2.97153e-06
0.00042238
9.83098e-08
2.97188e-06
0.000453092
-3.36442e-08
2.9779e-06
0.000468693
-1.47191e-07
2.97799e-06
0.000468693
-2.27564e-07
2.96833e-06
0.00045309
-2.48433e-07
2.99673e-06
0.000422377
-1.64706e-07
3.00116e-06
0.000377516
2.92987e-06
0.00031991
1.05451e-08
1.48501e-07
0.000273419
2.36078e-07
0.000330519
2.26054e-07
0.000374731
1.37036e-07
0.000404878
1.64512e-08
0.000420157
-1.00191e-07
0.000420155
-1.94594e-07
0.000404876
-2.11398e-07
0.000374729
-1.31323e-07
0.000330516
0.000273417
3.23253e-08
2.72096e-07
2.35546e-07
0.000473789
4.67487e-07
2.94138e-07
0.000521442
5.01533e-07
4.61638e-07
0.000559183
3.87435e-07
6.14102e-07
0.000586073
1.43824e-07
6.43435e-07
0.00060003
-9.53411e-08
7.25731e-07
0.000599885
-2.5422e-07
6.52555e-07
0.000585924
-2.67407e-07
5.28961e-07
0.000558799
-2.14447e-07
5.02007e-07
0.000520384
2.76398e-07
0.000473152
6.29366e-08
2.25879e-08
1.6203e-06
0.000541859
3.49709e-08
1.93404e-06
0.000600252
2.90825e-08
2.41336e-06
0.000647883
1.88819e-08
2.82787e-06
0.000681773
2.50051e-08
2.96145e-06
0.000699331
1.04091e-07
2.96718e-06
0.000699388
1.99872e-07
2.76115e-06
0.000681725
1.51652e-07
2.52833e-06
0.000647745
1.00303e-07
2.1896e-06
0.000600056
1.64011e-06
0.000541719
1.07778e-07
6.14453e-08
3.44243e-06
0.000541674
-6.4851e-08
4.12125e-06
0.000604163
-1.2721e-07
4.73033e-06
0.000655165
-6.7141e-08
5.17319e-06
0.000691141
-3.43243e-08
5.37219e-06
0.000709744
3.56175e-08
5.35411e-06
0.000709779
1.48009e-07
5.07148e-06
0.000691127
1.58463e-07
4.79835e-06
0.000655066
1.19995e-07
4.30355e-06
0.00060406
3.54077e-06
0.000541624
-1.8772e-08
1.40028e-07
5.11511e-06
0.000524978
1.18017e-07
5.78144e-06
0.000589198
7.74282e-08
6.1652e-06
0.000640745
1.57029e-08
6.45502e-06
0.000676539
-1.13816e-07
6.60955e-06
0.000694895
-2.098e-07
6.55384e-06
0.000694906
-2.63042e-07
6.35072e-06
0.000676568
-2.65235e-07
6.22008e-06
0.000640723
-2.12332e-07
5.89788e-06
0.000589188
5.23951e-06
0.000524965
-2.0089e-07
1.63771e-07
5.63737e-06
0.000496336
2.4819e-07
5.93959e-06
0.000558821
2.26899e-07
6.06879e-06
0.000608091
1.07505e-07
6.25775e-06
0.000642088
-3.8755e-08
6.34625e-06
0.000659462
-2.00598e-07
6.3019e-06
0.000659459
-3.79877e-07
6.21386e-06
0.000642107
-4.44837e-07
6.17859e-06
0.000608106
-3.8005e-07
6.07324e-06
0.000558841
5.74498e-06
0.000496333
-1.91569e-07
1.52979e-07
5.195e-06
0.000457074
2.40541e-07
5.30794e-06
0.000517307
1.89885e-07
5.37865e-06
0.000564762
1.01232e-07
5.48676e-06
0.000597547
2.29821e-09
5.5322e-06
0.000614286
-1.43807e-07
5.53404e-06
0.000614286
-3.1405e-07
5.52789e-06
0.000597546
-4.00368e-07
5.52519e-06
0.000564777
-3.47184e-07
5.47405e-06
0.000517323
5.26945e-06
0.000457071
-1.08106e-07
1.80173e-07
4.43178e-06
0.000412764
2.13728e-07
4.52479e-06
0.000471796
1.44684e-07
4.56947e-06
0.000518222
6.30324e-08
4.60422e-06
0.000550233
-5.08107e-08
4.64081e-06
0.000566556
-1.82035e-07
4.66019e-06
0.00056656
-2.89947e-07
4.67465e-06
0.00055023
-3.12665e-07
4.66919e-06
0.000518227
-2.27329e-07
4.64178e-06
0.000471803
4.50379e-06
0.000412761
-2.11429e-08
1.57129e-07
3.63286e-06
0.000366876
1.94867e-07
3.7225e-06
0.000425185
1.43572e-07
3.74772e-06
0.000470839
6.08354e-08
3.73947e-06
0.000502212
-5.06002e-08
3.76829e-06
0.00051818
-1.72271e-07
3.79847e-06
0.000518183
-2.33918e-07
3.79015e-06
0.000502211
-2.27891e-07
3.79212e-06
0.000470836
-1.50778e-07
3.80412e-06
0.000425186
3.71766e-06
0.000366873
2.13136e-08
1.35652e-07
2.8717e-06
0.000320497
2.10671e-07
2.92988e-06
0.000378235
1.93139e-07
2.94661e-06
0.000423198
1.09685e-07
2.93532e-06
0.000453979
-2.52708e-09
2.95891e-06
0.000469615
-1.01553e-07
2.97677e-06
0.000469614
-1.64317e-07
2.966e-06
0.000453977
-1.66997e-07
2.97817e-06
0.000423194
-8.88642e-08
3.0106e-06
0.000378232
2.98779e-06
0.000320494
5.62647e-08
1.59491e-07
0.000273941
2.48811e-07
0.000331166
2.39083e-07
0.000375473
1.45394e-07
0.000405686
3.17463e-08
0.000420998
-6.91859e-08
0.000420996
-1.47639e-07
0.000405684
-1.64508e-07
0.000375471
-8.90584e-08
0.000331163
0.000273939
7.33437e-08
2.42288e-07
1.23179e-07
0.000473482
4.47852e-07
1.96562e-07
0.00052104
4.94411e-07
4.19003e-07
0.000558717
4.09523e-07
5.62902e-07
0.000585594
2.32177e-07
5.58052e-07
0.000599649
-5.7409e-09
6.80281e-07
0.000599443
-1.98883e-07
6.07839e-07
0.000585509
-2.08308e-07
5.00379e-07
0.000558308
-1.45819e-07
4.88565e-07
0.000519833
2.35792e-07
0.000472679
9.13614e-08
1.28607e-07
1.37287e-06
0.000540613
1.32018e-07
1.6738e-06
0.000598771
1.23284e-07
2.16421e-06
0.000646147
1.04254e-07
2.57391e-06
0.000679781
8.86524e-08
2.65713e-06
0.000697248
1.11056e-07
2.76009e-06
0.000697286
1.34814e-07
2.56619e-06
0.000679743
6.64027e-08
2.29653e-06
0.000646017
5.97304e-08
1.95886e-06
0.000598592
1.43466e-06
0.000540468
1.11845e-07
9.35953e-08
3.05398e-06
0.000540084
-3.87542e-08
3.70192e-06
0.000602267
-7.08884e-08
4.3168e-06
0.000653045
-2.07311e-08
4.81124e-06
0.000688853
-1.28841e-08
4.97762e-06
0.000707416
5.39733e-08
5.04186e-06
0.000707431
1.30471e-07
4.79817e-06
0.000688818
1.18759e-07
4.44848e-06
0.000652926
9.03088e-08
3.90056e-06
0.000602147
3.16918e-06
0.000540018
-3.78806e-08
1.51513e-07
4.70661e-06
0.000523342
7.37169e-08
5.44456e-06
0.000587533
5.83853e-08
5.83232e-06
0.000639244
4.63866e-08
6.17586e-06
0.000675187
-1.06815e-07
6.38624e-06
0.00069364
-2.21021e-07
6.40971e-06
0.000693653
-2.55826e-07
6.21068e-06
0.000675191
-2.46363e-07
5.97412e-06
0.000639188
-1.93742e-07
5.53133e-06
0.000587504
4.83353e-06
0.000523312
-2.04421e-07
1.75681e-07
5.38831e-06
0.000495522
2.28842e-07
5.78779e-06
0.000558425
2.07104e-07
5.87507e-06
0.00060807
1.19193e-07
6.07017e-06
0.000642281
-4.28322e-08
6.25621e-06
0.000659754
-2.17811e-07
6.28566e-06
0.000659758
-3.67156e-07
6.17585e-06
0.000642291
-4.20344e-07
6.07286e-06
0.000608061
-3.64699e-07
5.87715e-06
0.000558439
5.47856e-06
0.000495511
-1.8737e-07
1.69035e-07
5.05691e-06
0.000457218
2.67035e-07
5.21997e-06
0.000517777
2.09628e-07
5.24865e-06
0.000565446
1.1347e-07
5.35892e-06
0.000598354
1.92979e-08
5.48159e-06
0.000615155
-9.85128e-08
5.53429e-06
0.000615155
-2.35392e-07
5.50738e-06
0.000598352
-3.00044e-07
5.46192e-06
0.000565452
-2.37951e-07
5.34955e-06
0.000517789
5.15103e-06
0.000457207
-4.63173e-08
1.87827e-07
4.34283e-06
0.000413287
2.4856e-07
4.43914e-06
0.000472516
1.73349e-07
4.47224e-06
0.000519073
7.70798e-08
4.51589e-06
0.000551172
-2.43676e-08
4.59858e-06
0.00056754
-1.18825e-07
4.64726e-06
0.000567542
-2.04571e-07
4.65614e-06
0.000551167
-2.10056e-07
4.61752e-06
0.000519077
-1.22117e-07
4.54662e-06
0.000472518
4.4676e-06
0.000413279
4.31991e-08
1.77956e-07
3.57469e-06
0.000367473
2.15909e-07
3.65322e-06
0.000425933
1.5916e-07
3.67234e-06
0.000471696
6.7676e-08
3.67567e-06
0.000503144
-3.31288e-08
3.72871e-06
0.000519151
-1.25614e-07
3.77207e-06
0.000519151
-1.65145e-07
3.76507e-06
0.000503141
-1.37914e-07
3.73508e-06
0.000471691
-6.35442e-08
3.72826e-06
0.00042593
3.72489e-06
0.000367469
8.32378e-08
1.66814e-07
2.83305e-06
0.00032107
2.23559e-07
2.89013e-06
0.000378941
1.90744e-07
2.89858e-06
0.000424005
1.0232e-07
2.88743e-06
0.000454856
8.71031e-09
2.91057e-06
0.000470526
-7.32447e-08
2.94379e-06
0.000470524
-1.25651e-07
2.94068e-06
0.000454854
-1.22099e-07
2.92486e-06
0.000424001
-6.19467e-08
2.96241e-06
0.000378937
3.00121e-06
0.000321069
8.72055e-08
1.75659e-07
0.000274454
2.60232e-07
0.000331804
2.44865e-07
0.000376207
1.46868e-07
0.000406485
2.78916e-08
0.00042183
-6.73088e-08
0.00042183
-1.344e-07
0.000406485
-1.56895e-07
0.000376206
-8.87278e-08
0.000331803
0.000274455
8.08878e-08
2.27885e-07
-5.39709e-09
0.000473225
4.92695e-07
6.03226e-08
0.000520715
5.14861e-07
3.8279e-07
0.000558312
4.41321e-07
5.09237e-07
0.000585159
3.49492e-07
4.82503e-07
0.000599259
1.26418e-07
6.03774e-07
0.000599062
-7.98172e-08
5.40789e-07
0.000585175
-1.36765e-07
4.97446e-07
0.000557868
-9.66751e-08
4.75537e-07
0.000519318
1.90269e-07
0.000472274
1.18369e-07
1.96793e-07
1.09975e-06
0.000539488
2.30165e-07
1.35657e-06
0.000597442
2.49538e-07
1.91488e-06
0.000644595
2.18439e-07
2.32127e-06
0.000678
1.72421e-07
2.3826e-06
0.000695394
9.61386e-08
2.56472e-06
0.000695401
1.26693e-08
2.39141e-06
0.000677976
-6.25768e-08
2.11285e-06
0.000644477
1.68681e-08
1.73114e-06
0.000597257
1.23639e-06
0.000539317
1.22105e-07
1.11515e-07
2.6395e-06
0.000538644
-6.20486e-09
3.22034e-06
0.000600521
1.22963e-08
3.87826e-06
0.000651063
4.93457e-08
4.43014e-06
0.000686707
3.34222e-08
4.5904e-06
0.000705224
6.71915e-08
4.74791e-06
0.000705214
5.75658e-08
4.57288e-06
0.000686647
3.41097e-08
4.13448e-06
0.000650928
6.42191e-08
3.4655e-06
0.000600382
2.79033e-06
0.000538552
-2.4099e-08
1.38475e-07
4.24048e-06
0.000521793
2.19353e-08
4.99843e-06
0.000585872
2.79987e-08
5.44879e-06
0.000637668
4.61393e-08
5.86422e-06
0.000673735
-1.00138e-07
6.10835e-06
0.000692268
-2.08707e-07
6.23295e-06
0.000692276
-2.28583e-07
6.08573e-06
0.000673698
-1.78607e-07
5.69844e-06
0.000637574
-1.0726e-07
5.08177e-06
0.000585817
4.40996e-06
0.000521736
-1.51442e-07
1.65641e-07
5.07428e-06
0.000494604
1.54346e-07
5.56028e-06
0.000557874
1.2376e-07
5.65424e-06
0.000607895
8.00653e-08
5.8451e-06
0.000642344
-8.12566e-08
6.09833e-06
0.000659925
-2.43626e-07
6.2211e-06
0.000659932
-3.13247e-07
6.11007e-06
0.000642336
-3.34233e-07
5.92367e-06
0.000607856
-3.04894e-07
5.61162e-06
0.00055788
5.18557e-06
0.000494582
-1.51425e-07
1.93832e-07
4.8782e-06
0.00045725
2.77672e-07
5.0932e-06
0.00051816
2.16308e-07
5.09847e-06
0.000566063
1.08266e-07
5.2021e-06
0.000599105
1.69411e-10
5.38535e-06
0.000615976
-7.6484e-08
5.47752e-06
0.000615975
-1.47765e-07
5.43117e-06
0.000599102
-1.7007e-07
5.33847e-06
0.00056606
-1.19296e-07
5.18166e-06
0.000518168
5.00534e-06
0.000457235
3.22858e-08
2.05704e-07
4.23127e-06
0.000413759
2.7699e-07
4.3376e-06
0.0004732
1.95693e-07
4.35696e-06
0.000519896
8.09203e-08
4.40467e-06
0.000552085
-7.54578e-09
4.51264e-06
0.000568501
-6.42409e-08
4.57819e-06
0.000568498
-1.27085e-07
4.58232e-06
0.000552079
-1.23043e-07
4.51449e-06
0.000519897
-4.32751e-08
4.42013e-06
0.0004732
4.39097e-06
0.000413751
9.94086e-08
2.02613e-07
3.50145e-06
0.000368048
2.40399e-07
3.57146e-06
0.000426662
1.72175e-07
3.58729e-06
0.000472534
6.79265e-08
3.59427e-06
0.000504059
-2.1815e-08
3.64761e-06
0.000520106
-8.90415e-08
3.69461e-06
0.000520102
-1.21632e-07
3.70083e-06
0.000504055
-9.24551e-08
3.64579e-06
0.000472531
-2.76829e-08
3.62751e-06
0.000426658
3.67769e-06
0.000368045
1.08997e-07
2.17588e-07
2.78232e-06
0.000321629
2.59882e-07
2.83589e-06
0.000379635
2.06902e-07
2.84699e-06
0.000424798
1.02105e-07
2.83511e-06
0.00045572
2.71044e-09
2.84766e-06
0.000471426
-8.53262e-08
2.88395e-06
0.000471423
-1.42996e-07
2.89357e-06
0.000455719
-1.49799e-07
2.85657e-06
0.000424797
-1.01905e-07
2.88419e-06
0.000379633
2.94851e-06
0.000321631
6.46992e-08
2.16747e-07
0.000274958
2.83893e-07
0.000332433
2.56717e-07
0.000376932
1.4988e-07
0.000407275
1.19699e-08
0.000422653
-1.00339e-07
0.000422654
-1.72485e-07
0.000407277
-2.09455e-07
0.000376933
-1.51876e-07
0.000332435
0.000274961
3.40121e-08
2.46222e-07
-1.09305e-07
0.000472984
5.74113e-07
-2.30978e-08
0.00052041
5.80055e-07
3.25005e-07
0.000557981
5.07847e-07
4.39597e-07
0.000584791
5.00505e-07
4.15979e-07
0.00059885
3.13103e-07
5.13292e-07
0.000598736
1.08152e-07
4.67609e-07
0.000584912
-1.01206e-08
4.87534e-07
0.000557499
-2.89167e-08
4.65665e-07
0.000518871
1.7303e-07
0.000471929
1.42442e-07
1.71328e-07
8.60455e-07
0.000538467
2.60087e-07
1.09119e-06
0.000596239
3.48729e-07
1.63285e-06
0.000643199
3.41096e-07
2.02998e-06
0.000676417
2.81214e-07
2.12538e-06
0.000693744
1.13114e-07
2.35291e-06
0.00069373
-6.80996e-08
2.21432e-06
0.00067641
-1.49437e-07
1.95751e-06
0.000643088
-1.01306e-08
1.56536e-06
0.000596018
1.10353e-06
0.00053825
1.26215e-07
1.02366e-07
2.25795e-06
0.000537334
1.22323e-08
2.78554e-06
0.000598917
6.54805e-08
3.4257e-06
0.000649217
7.94758e-08
4.00968e-06
0.000684714
4.77103e-08
4.20845e-06
0.000703173
5.26285e-08
4.41924e-06
0.000703143
-1.37525e-08
4.29707e-06
0.00068463
-3.2923e-08
3.83209e-06
0.000649072
6.01679e-08
3.10265e-06
0.000598752
2.49898e-06
0.000537208
8.48145e-09
7.43252e-08
3.79563e-06
0.00052033
-3.96789e-08
4.5338e-06
0.000584237
-2.28937e-08
5.03211e-06
0.000636045
1.30271e-08
5.49449e-06
0.000672214
-1.01436e-07
5.77992e-06
0.000690811
-1.6908e-07
5.96037e-06
0.000690803
-1.82018e-07
5.87277e-06
0.000672135
-1.12053e-07
5.41448e-06
0.000635922
-2.24651e-08
4.67537e-06
0.000584155
4.0437e-06
0.000520247
-7.85327e-08
1.41654e-07
4.76388e-06
0.000493599
8.73089e-08
5.28789e-06
0.000557175
1.55776e-08
5.44053e-06
0.000607558
-1.22482e-08
5.60134e-06
0.000642265
-1.38335e-07
5.864e-06
0.000659967
-2.69551e-07
6.05553e-06
0.000659968
-2.77211e-07
5.97905e-06
0.000642238
-2.45506e-07
5.74305e-06
0.000607496
-2.12548e-07
5.35229e-06
0.00055717
4.92483e-06
0.000493568
-8.01328e-08
2.4493e-07
4.69918e-06
0.000457159
2.91398e-07
4.95507e-06
0.000518446
2.02201e-07
4.98852e-06
0.000566604
5.81534e-08
5.05417e-06
0.000599797
-8.02105e-08
5.23632e-06
0.000616742
-1.27108e-07
5.33855e-06
0.000616739
-1.27348e-07
5.28862e-06
0.000599792
-1.05725e-07
5.18706e-06
0.000566594
-5.90091e-08
5.02001e-06
0.000518453
4.87125e-06
0.000457149
8.08503e-08
2.0728e-07
4.12557e-06
0.000414172
2.71553e-07
4.24691e-06
0.000473844
2.00356e-07
4.26837e-06
0.000520688
7.52545e-08
4.29529e-06
0.000552969
-1.64615e-08
4.39343e-06
0.000569436
-4.91994e-08
4.44079e-06
0.000569428
-8.5258e-08
4.43984e-06
0.000552964
-8.06354e-08
4.39202e-06
0.000520687
-2.24409e-08
4.31694e-06
0.000473845
4.31499e-06
0.000414169
1.15781e-07
2.04353e-07
3.42537e-06
0.000368597
2.49701e-07
3.49429e-06
0.000427369
1.81379e-07
3.51756e-06
0.000473353
6.83731e-08
3.51156e-06
0.000504955
-2.0908e-08
3.54578e-06
0.000521043
-9.68166e-08
3.58194e-06
0.000521036
-1.6151e-07
3.60781e-06
0.000504952
-1.6038e-07
3.56657e-06
0.000473355
-1.02208e-07
3.5482e-06
0.000427368
3.59651e-06
0.0003686
6.21781e-08
2.46574e-07
2.72086e-06
0.000322175
2.79694e-07
2.78153e-06
0.000380314
2.18238e-07
2.79787e-06
0.000425579
9.61104e-08
2.78263e-06
0.000456571
-2.55177e-08
2.78124e-06
0.000472312
-1.3882e-07
2.80816e-06
0.00047231
-2.17901e-07
2.83452e-06
0.000456571
-2.43366e-07
2.80646e-06
0.000425582
-1.95806e-07
2.81618e-06
0.000380317
2.85775e-06
0.000322181
-6.55419e-09
2.60617e-07
0.000275453
3.04155e-07
0.000333052
2.59195e-07
0.000377647
1.35836e-07
0.000408056
-2.88136e-08
0.000423467
-1.77958e-07
0.000423469
-2.72373e-07
0.00040806
-3.13355e-07
0.000377652
-2.5343e-07
0.000333058
0.000275459
-4.70745e-08
2.31351e-07
-1.63052e-07
0.000472737
5.57528e-07
-2.90101e-08
0.000520113
6.14671e-07
2.30743e-07
0.000557694
5.61586e-07
3.4892e-07
0.000584496
6.0654e-07
3.64807e-07
0.00059844
4.54019e-07
4.29203e-07
0.000598459
2.48812e-07
4.02129e-07
0.000584715
8.92289e-08
4.55687e-07
0.000557203
2.63644e-08
4.45022e-07
0.000518489
1.70596e-07
0.000471646
1.39157e-07
9.30703e-08
6.85145e-07
0.000537515
2.14495e-07
9.50285e-07
0.000595138
3.59743e-07
1.35658e-06
0.000641928
4.03892e-07
1.71528e-06
0.000675006
3.4687e-07
1.89414e-06
0.000692272
1.23372e-07
2.13115e-06
0.000692251
-1.17632e-07
2.02943e-06
0.000675024
-1.97164e-07
1.80637e-06
0.000641817
-3.65207e-08
1.44808e-06
0.000594855
1.04321e-06
0.000537253
8.74191e-08
2.77295e-08
1.9652e-06
0.000536126
-8.27714e-09
2.4538e-06
0.00059745
7.29915e-08
2.98788e-06
0.000647504
8.42574e-08
3.55253e-06
0.000682865
3.00738e-08
3.86236e-06
0.000701259
1.32476e-08
4.07516e-06
0.000701215
-6.71684e-08
3.96135e-06
0.000682779
-7.1361e-08
3.52646e-06
0.000647356
6.34158e-08
2.82127e-06
0.000597244
2.31291e-06
0.000535962
3.9964e-08
1.64633e-08
3.45413e-06
0.000518949
-8.93876e-08
4.1426e-06
0.000582654
-9.96646e-08
4.63709e-06
0.000634406
-8.52152e-08
5.10599e-06
0.000670646
-1.33809e-07
5.42785e-06
0.000689294
-1.38906e-07
5.62088e-06
0.000689262
-1.47859e-07
5.56219e-06
0.000670543
-6.65098e-08
5.0994e-06
0.000634268
4.37428e-08
4.32638e-06
0.000582539
3.76959e-06
0.000518845
-1.06666e-08
1.32623e-07
4.49332e-06
0.000492534
6.27601e-08
5.04351e-06
0.000556344
-6.95333e-08
5.26631e-06
0.000607061
-1.3201e-07
5.39875e-06
0.000642035
-2.24346e-07
5.61885e-06
0.000659869
-2.9029e-07
5.79728e-06
0.000659858
-2.46128e-07
5.76197e-06
0.000641994
-1.67431e-07
5.52992e-06
0.000606987
-1.25452e-07
5.1318e-06
0.000556323
4.73449e-06
0.000492495
-1.71359e-08
2.45067e-07
4.56225e-06
0.000456949
2.76085e-07
4.83191e-06
0.000518627
1.61562e-07
4.92464e-06
0.000567061
-9.56651e-09
4.94434e-06
0.000600422
-1.62076e-07
5.06893e-06
0.000617444
-2.1867e-07
5.15452e-06
0.000617439
-1.83134e-07
5.10321e-06
0.000600416
-1.42974e-07
5.03648e-06
0.000567048
-9.94982e-08
4.90747e-06
0.000518634
4.76518e-06
0.000456942
7.68665e-08
1.97217e-07
4.04926e-06
0.000414523
2.62012e-07
4.16688e-06
0.000474444
2.08946e-07
4.21973e-06
0.000521446
7.00342e-08
4.2274e-06
0.000553824
-4.30744e-08
4.27595e-06
0.000570342
-8.59184e-08
4.29315e-06
0.000570332
-1.2334e-07
4.28354e-06
0.000553821
-1.37415e-07
4.29091e-06
0.000521447
-7.59318e-08
4.24285e-06
0.000474448
4.24414e-06
0.000414524
8.95959e-08
1.81648e-07
3.36536e-06
0.00036912
2.34989e-07
3.42679e-06
0.000428056
1.833e-07
3.46888e-06
0.000474155
6.19979e-08
3.46997e-06
0.000505834
-4.2867e-08
3.46196e-06
0.000521961
-1.33581e-07
3.46423e-06
0.000521956
-2.32425e-07
3.50243e-06
0.000505832
-2.68034e-07
3.51913e-06
0.000474163
-2.15633e-07
3.49874e-06
0.00042806
3.52502e-06
0.000369126
-2.33503e-08
2.22661e-07
2.68311e-06
0.000322709
2.42554e-07
2.73882e-06
0.000380982
1.84319e-07
2.75639e-06
0.00042635
7.26208e-08
2.74273e-06
0.00045741
-7.09856e-08
2.7323e-06
0.000473185
-2.24578e-07
2.74247e-06
0.000473185
-3.38418e-07
2.77688e-06
0.00045741
-3.81083e-07
2.7881e-06
0.000426356
-3.2201e-07
2.7681e-06
0.000380989
2.76375e-06
0.000322716
-9.57105e-08
2.47035e-07
0.000275941
2.85729e-07
0.000333664
2.33244e-07
0.000378355
9.91243e-08
0.000408828
-7.94181e-08
0.000424272
-2.55863e-07
0.000424273
-3.77922e-07
0.000408833
-4.135e-07
0.000378361
-3.42542e-07
0.000333671
0.000275946
-1.22038e-07
1.80775e-07
-1.68488e-07
0.000472481
4.80275e-07
-3.93423e-08
0.000519852
5.93149e-07
1.58615e-07
0.000557422
5.70639e-07
2.68707e-07
0.000584249
5.90095e-07
3.55074e-07
0.000598066
4.63879e-07
3.58972e-07
0.000598227
3.00836e-07
3.11182e-07
0.000584567
1.50875e-07
3.85038e-07
0.000556967
7.9795e-08
4.05879e-07
0.000518154
2.09578e-07
0.000471427
8.9363e-08
3.24757e-08
5.94732e-07
0.000536609
1.7373e-07
8.41741e-07
0.000594116
3.34554e-07
1.17204e-06
0.000640753
3.86479e-07
1.47841e-06
0.000673745
3.07803e-07
1.74964e-06
0.000690956
7.56185e-08
1.91047e-06
0.000690932
-1.43038e-07
1.76951e-06
0.000673784
-1.91926e-07
1.6139e-06
0.000640637
-5.75051e-08
1.36141e-06
0.000593765
1.04975e-06
0.000536318
3.72781e-08
-5.38205e-08
1.78984e-06
0.000534994
-6.84802e-08
2.2041e-06
0.000596102
3.3764e-08
2.65417e-06
0.00064592
5.50073e-08
3.17272e-06
0.00068115
8.51766e-10
3.58218e-06
0.00069948
-2.9704e-08
3.72716e-06
0.000699429
-1.18745e-07
3.5519e-06
0.000681085
-9.17288e-08
3.17016e-06
0.000645773
6.11354e-08
2.59889e-06
0.000595853
2.20993e-06
0.000534798
6.45732e-08
-4.0794e-08
3.20993e-06
0.000517649
-1.40483e-07
3.81731e-06
0.000581141
-1.6644e-07
4.30523e-06
0.000632781
-1.60307e-07
4.76414e-06
0.000669048
-1.28007e-07
5.10624e-06
0.000687738
-7.51359e-08
5.24785e-06
0.000687689
-9.20076e-08
5.16016e-06
0.000668952
-2.88518e-08
4.73281e-06
0.000632642
7.53388e-08
4.04315e-06
0.000580991
3.5588e-06
0.000517531
4.07346e-08
1.08537e-07
4.2908e-06
0.00049144
4.27922e-08
4.81998e-06
0.000555407
-1.11557e-07
5.10902e-06
0.000606412
-2.03619e-07
5.23982e-06
0.000641651
-2.54721e-07
5.40608e-06
0.00065962
-2.69745e-07
5.52294e-06
0.000659598
-2.07151e-07
5.48496e-06
0.000641606
-9.65519e-08
5.26944e-06
0.00060634
-5.24344e-08
4.95833e-06
0.000555364
4.58681e-06
0.000491393
2.1125e-08
2.30137e-07
4.46011e-06
0.000456629
2.6165e-07
4.72257e-06
0.000518693
1.20778e-07
4.8864e-06
0.000567424
-7.05869e-08
4.88135e-06
0.000600972
-2.13545e-07
4.91869e-06
0.000618074
-2.74478e-07
4.95697e-06
0.000618066
-2.33095e-07
4.89704e-06
0.000600962
-2.08957e-07
4.88126e-06
0.000567412
-1.63179e-07
4.85113e-06
0.000518696
4.69434e-06
0.000456617
5.47327e-08
1.89149e-07
3.99977e-06
0.000414811
2.57056e-07
4.10261e-06
0.000474996
2.18299e-07
4.2026e-06
0.000522168
6.54202e-08
4.20808e-06
0.000554651
-6.84072e-08
4.17709e-06
0.000571217
-1.44257e-07
4.15702e-06
0.000571208
-2.09497e-07
4.13501e-06
0.000554648
-2.55017e-07
4.20199e-06
0.000522172
-1.81958e-07
4.22496e-06
0.000475001
4.20032e-06
0.000414808
2.8082e-08
1.64964e-07
3.34252e-06
0.000369616
2.21191e-07
3.37966e-06
0.000428722
1.9141e-07
3.44594e-06
0.000474942
6.90178e-08
3.46831e-06
0.000506696
-7.54701e-08
3.42131e-06
0.000522862
-2.05093e-07
3.38283e-06
0.00052286
-3.34261e-07
3.4006e-06
0.000506695
-3.97588e-07
3.47749e-06
0.00047495
-3.29001e-07
3.48689e-06
0.000428729
3.47589e-06
0.00036962
-9.86351e-08
1.55839e-07
2.67961e-06
0.000323229
1.75054e-07
2.703e-06
0.00038164
1.29247e-07
2.73134e-06
0.00042711
3.40936e-08
2.73564e-06
0.000458238
-1.16184e-07
2.71025e-06
0.000474046
-2.88704e-07
2.69262e-06
0.000474048
-4.33547e-07
2.71787e-06
0.000458238
-4.90811e-07
2.77486e-06
0.000427116
-4.18082e-07
2.7573e-06
0.000381646
2.71358e-06
0.000323234
-1.7345e-07
1.67719e-07
0.000276421
2.05752e-07
0.00033427
1.59575e-07
0.000379056
3.935e-08
0.000409593
-1.34971e-07
0.000425067
-3.23092e-07
0.000425069
-4.59744e-07
0.000409596
-4.8326e-07
0.00037906
-3.90399e-07
0.000334274
0.000276423
-1.5953e-07
6.0608e-08
-1.38593e-07
0.000472258
3.45899e-07
-8.56979e-08
0.000519653
4.80053e-07
1.03767e-07
0.000557184
5.17098e-07
2.01746e-07
0.000584011
4.51711e-07
3.57283e-07
0.000597774
3.5497e-07
2.90356e-07
0.000598033
2.92504e-07
2.02271e-07
0.000584427
1.98209e-07
2.92831e-07
0.000556769
9.65052e-08
3.81354e-07
0.000517874
2.32353e-07
0.000471269
2.15271e-08
-1.15405e-08
5.88405e-07
0.000535758
1.17293e-07
7.35217e-07
0.000593166
2.31026e-07
1.08629e-06
0.000639657
2.53702e-07
1.32146e-06
0.000672602
1.82611e-07
1.62057e-06
0.000689764
-5.43513e-09
1.67306e-06
0.000689737
-1.29217e-07
1.46728e-06
0.000672643
-1.02148e-07
1.37752e-06
0.000639525
-1.69434e-08
1.31037e-06
0.00059275
1.0653e-06
0.000535439
2.9334e-08
-1.28234e-07
1.71775e-06
0.000533932
-1.42061e-07
1.98883e-06
0.000594862
-4.0387e-08
2.45036e-06
0.000644454
-3.19107e-08
2.90257e-06
0.00067956
-7.69325e-08
3.31412e-06
0.000697832
-1.10868e-07
3.35432e-06
0.000697782
-1.68809e-07
3.08628e-06
0.000679524
-9.40236e-08
2.76903e-06
0.000644307
5.39782e-08
2.44584e-06
0.00059457
2.14791e-06
0.000533708
6.1536e-08
-9.07317e-08
3.05183e-06
0.000516438
-2.01055e-07
3.52879e-06
0.000579711
-2.0297e-07
4.03316e-06
0.0006312
-1.79816e-07
4.47793e-06
0.00066745
-1.03829e-07
4.80948e-06
0.000686166
-1.14216e-08
4.83565e-06
0.000686115
-3.14139e-08
4.6755e-06
0.000667382
-7.33241e-10
4.31431e-06
0.000631066
8.02412e-08
3.83608e-06
0.00057952
3.38648e-06
0.0005163
7.22353e-08
7.8999e-08
4.11098e-06
0.000490357
1.6304e-08
4.6037e-06
0.000554394
-1.31144e-07
4.96415e-06
0.000605628
-2.20259e-07
5.10082e-06
0.000641118
-2.056e-07
5.19698e-06
0.000659218
-1.93275e-07
5.22823e-06
0.000659193
-1.65525e-07
5.17708e-06
0.000641077
-8.72699e-08
5.01088e-06
0.000605565
-3.9737e-08
4.83242e-06
0.00055432
4.42242e-06
0.000490287
3.07304e-08
1.85602e-07
4.35368e-06
0.000456219
2.16333e-07
4.62365e-06
0.000518642
7.91595e-08
4.83708e-06
0.000567688
-1.08044e-07
4.82506e-06
0.000601435
-2.32967e-07
4.77346e-06
0.000618623
-3.0731e-07
4.75647e-06
0.000618612
-2.92214e-07
4.70106e-06
0.000601423
-2.7923e-07
4.736e-06
0.000567674
-2.14203e-07
4.8362e-06
0.000518627
4.63184e-06
0.000456183
9.98585e-09
1.56899e-07
3.95642e-06
0.000415032
2.35359e-07
4.0448e-06
0.000475497
2.15315e-07
4.17243e-06
0.000522853
4.93501e-08
4.19728e-06
0.000555444
-1.18689e-07
4.09997e-06
0.000572059
-2.43089e-07
4.03591e-06
0.000572053
-3.51654e-07
4.01607e-06
0.000555442
-4.19355e-07
4.12249e-06
0.000522853
-3.01276e-07
4.22874e-06
0.000475491
4.15409e-06
0.000415011
-2.60017e-08
1.43545e-07
3.31422e-06
0.000370084
1.99328e-07
3.34049e-06
0.000429371
1.75285e-07
3.42449e-06
0.000475714
5.58595e-08
3.46959e-06
0.000507543
-1.29269e-07
3.40197e-06
0.000523745
-3.102e-07
3.33084e-06
0.000523746
-4.66613e-07
3.32754e-06
0.00050754
-5.41181e-07
3.43316e-06
0.000475714
-4.38293e-07
3.48653e-06
0.000429369
3.43393e-06
0.000370074
-1.72114e-07
8.24508e-08
2.66845e-06
0.000323738
9.81737e-08
2.67596e-06
0.000382289
5.43603e-08
2.71667e-06
0.000427862
-3.51762e-08
2.74178e-06
0.000459055
-1.9197e-07
2.70864e-06
0.000474897
-3.82474e-07
2.67113e-06
0.000474898
-5.40191e-07
2.67069e-06
0.000459052
-5.8387e-07
2.73391e-06
0.000427859
-4.81824e-07
2.74628e-06
0.000382284
2.68628e-06
0.00032373
-2.3076e-07
4.55602e-08
0.000276896
7.87789e-08
0.000334871
4.27923e-08
0.000379751
-5.25027e-08
0.00041035
-2.06674e-07
0.000425854
-3.84907e-07
0.000425855
-5.15706e-07
0.000410347
-5.30716e-07
0.000379745
-4.14378e-07
0.000334863
0.000276887
-1.82771e-07
-7.4569e-08
-1.33391e-07
0.00047213
1.89728e-07
-1.30928e-07
0.000519519
3.06804e-07
5.8363e-08
0.000557009
3.94146e-07
1.63498e-07
0.00058376
2.54032e-07
3.08666e-07
0.000597605
1.763e-07
2.22079e-07
0.000597889
2.4653e-07
1.05818e-07
0.000584251
2.53486e-07
1.91352e-07
0.000556571
6.89015e-08
3.82856e-07
0.000517676
2.36218e-07
0.000471149
-4.71978e-08
-8.23658e-08
5.75045e-07
0.000534983
5.40289e-09
6.50413e-07
0.000592297
3.59663e-08
1.03676e-06
0.000638648
5.06565e-08
1.19928e-06
0.000671552
1.09099e-08
1.45367e-06
0.000688658
-8.95026e-08
1.42914e-06
0.000688631
-8.07683e-08
1.17213e-06
0.000671568
-3.89098e-09
1.16113e-06
0.000638479
-2.09095e-09
1.31408e-06
0.000591817
1.04935e-06
0.000534618
6.17128e-09
-1.9213e-07
1.64911e-06
0.000532951
-2.14812e-07
1.80903e-06
0.000593726
-1.61414e-07
2.32403e-06
0.000643114
-1.84343e-07
2.68408e-06
0.000678098
-2.0507e-07
3.00394e-06
0.000696302
-1.70484e-07
2.91874e-06
0.000696258
-1.48966e-07
2.60199e-06
0.000678073
-7.75268e-08
2.45185e-06
0.000642945
3.15596e-08
2.39342e-06
0.000593381
2.06017e-06
0.000532691
3.82186e-08
-1.31017e-07
2.87634e-06
0.000515323
-2.73483e-07
3.28285e-06
0.00057838
-2.72508e-07
3.83097e-06
0.000629692
-2.38105e-07
4.21587e-06
0.000665884
-1.41056e-07
4.46708e-06
0.000684606
-3.42527e-08
4.36176e-06
0.000684565
-5.14068e-08
4.15581e-06
0.000665846
-2.31787e-08
3.93746e-06
0.000629552
5.72459e-08
3.699e-06
0.000578134
3.21821e-06
0.000515143
5.63326e-08
2.04364e-08
3.87079e-06
0.000489316
-2.36442e-08
4.37616e-06
0.000553345
-1.35441e-07
4.82765e-06
0.000604743
-1.97184e-07
4.95044e-06
0.000640445
-1.4651e-07
4.96503e-06
0.000658669
-1.36847e-07
4.89406e-06
0.000658651
-1.70736e-07
4.8546e-06
0.000640412
-1.47187e-07
4.80106e-06
0.000604678
-7.2457e-08
4.72211e-06
0.000553222
4.24374e-06
0.000489196
-7.25562e-09
7.3704e-08
4.1816e-06
0.000455741
1.36039e-07
4.47502e-06
0.000518481
3.97893e-08
4.76419e-06
0.000567848
-1.18737e-07
4.7415e-06
0.000601802
-2.24733e-07
4.6121e-06
0.000619082
-3.52198e-07
4.56218e-06
0.000619071
-4.29863e-07
4.56817e-06
0.000601787
-4.34516e-07
4.6584e-06
0.000567821
-3.16681e-07
4.80405e-06
0.000518427
4.52308e-06
0.000455662
-7.52849e-08
8.37981e-08
3.85723e-06
0.000415183
1.61024e-07
3.95281e-06
0.000475941
1.57048e-07
4.12466e-06
0.000523496
-3.63086e-09
4.14405e-06
0.000556202
-2.19822e-07
4.0225e-06
0.000572865
-4.24003e-07
3.9574e-06
0.000572862
-5.60425e-07
3.9526e-06
0.000556194
-5.85863e-07
4.05716e-06
0.00052348
-3.98074e-07
4.20127e-06
0.000475905
4.11613e-06
0.000415126
-1.06475e-07
9.54113e-08
3.24576e-06
0.00037052
1.31227e-07
3.28729e-06
0.000430001
1.09956e-07
3.38958e-06
0.00047647
-1.62036e-08
3.43849e-06
0.000508375
-2.29491e-07
3.36886e-06
0.000524612
-4.42095e-07
3.30428e-06
0.000524612
-6.08976e-07
3.29557e-06
0.000508364
-6.71341e-07
3.38326e-06
0.000476451
-5.29815e-07
3.45669e-06
0.000429972
3.42653e-06
0.000370482
-2.48187e-07
2.47551e-08
2.61362e-06
0.000324234
3.3173e-08
2.63851e-06
0.000382929
-1.03412e-08
2.69027e-06
0.000428605
-1.03686e-07
2.72426e-06
0.000459863
-2.75604e-07
2.70132e-06
0.000475736
-4.71009e-07
2.66348e-06
0.000475735
-6.17132e-07
2.64316e-06
0.000459851
-6.36557e-07
2.679e-06
0.000428582
-5.05515e-07
2.70874e-06
0.000382901
2.69345e-06
0.000324204
-2.459e-07
-4.10939e-08
0.000277365
-2.48397e-08
0.000335466
-6.22555e-08
0.000380439
-1.43396e-07
0.0004111
-2.75483e-07
0.000426634
-4.29427e-07
0.00042663
-5.46222e-07
0.000411086
-5.57459e-07
0.000380417
-4.40971e-07
0.000335439
0.000277337
-1.89504e-07
-3.10703e-07
-1.69038e-07
0.000472147
-1.21082e-07
-1.73475e-07
0.000519503
-5.88735e-08
5.28441e-09
0.000556941
8.68424e-09
1.39151e-07
0.000583553
-1.54046e-07
2.1483e-07
0.000597553
-1.94755e-07
1.39328e-07
0.00059779
8.07491e-09
3.19916e-08
0.000584016
1.06715e-07
1.59249e-07
0.000556313
-1.68522e-07
4.27233e-07
0.000517524
2.51518e-07
0.000470958
-2.28776e-07
-3.44807e-07
4.83411e-07
0.000534356
-3.04171e-07
5.24989e-07
0.000591558
-3.55757e-07
9.33144e-07
0.000637772
-3.69123e-07
1.11677e-06
0.000670588
-3.61567e-07
1.24618e-06
0.000687619
-3.27076e-07
1.15287e-06
0.000687583
-2.13921e-07
9.52796e-07
0.000670534
-1.17761e-07
1.06404e-06
0.000637478
-1.78275e-07
1.38561e-06
0.00059092
1.02134e-06
0.000533811
-1.41735e-07
-3.96978e-07
1.48046e-06
0.000532117
-5.16383e-07
1.64309e-06
0.000592727
-5.64252e-07
2.16185e-06
0.000641933
-5.86755e-07
2.46199e-06
0.000676775
-5.33125e-07
2.61379e-06
0.000694881
-4.1893e-07
2.46139e-06
0.000694835
-3.22994e-07
2.23133e-06
0.000676698
-2.57898e-07
2.29027e-06
0.000641653
-1.88763e-07
2.46211e-06
0.000592236
1.96058e-06
0.000531701
-1.38315e-07
-3.44814e-07
2.60873e-06
0.000514347
-5.30954e-07
3.01986e-06
0.000577189
-5.70663e-07
3.5908e-06
0.000628303
-5.49351e-07
3.93263e-06
0.000664392
-4.58737e-07
4.04777e-06
0.000683081
-3.42189e-07
3.86336e-06
0.000683047
-3.22525e-07
3.72539e-06
0.000664332
-2.78972e-07
3.71629e-06
0.000628082
-1.70765e-07
3.67893e-06
0.000576809
3.05748e-06
0.000514012
-1.36326e-07
-2.20027e-07
3.53719e-06
0.000488365
-2.63146e-07
4.08505e-06
0.000552323
-3.48619e-07
4.60913e-06
0.000603811
-3.86461e-07
4.7514e-06
0.000639664
-3.61301e-07
4.69921e-06
0.000657993
-4.07209e-07
4.5849e-06
0.000657975
-4.93541e-07
4.61138e-06
0.000639612
-4.69418e-07
4.69089e-06
0.000603679
-2.9583e-07
4.64977e-06
0.000552077
4.05182e-06
0.000488109
-2.03038e-07
-1.77709e-07
3.8949e-06
0.000455244
-1.18197e-07
4.26419e-06
0.000518242
-1.87367e-07
4.60969e-06
0.000567917
-3.16703e-07
4.60484e-06
0.000602078
-4.6132e-07
4.47477e-06
0.000619451
-6.69007e-07
4.43031e-06
0.000619433
-8.28251e-07
4.52581e-06
0.000602032
-8.01846e-07
4.65925e-06
0.000567826
-5.77205e-07
4.76879e-06
0.000518083
4.39696e-06
0.000455053
-3.12957e-07
-1.57656e-07
3.66158e-06
0.000415284
-1.12464e-07
3.81533e-06
0.000476345
-1.40212e-07
4.02443e-06
0.000524109
-3.04152e-07
4.03846e-06
0.000556933
-5.55081e-07
3.9523e-06
0.000573638
-8.14496e-07
3.92454e-06
0.000573627
-9.63139e-07
3.98011e-06
0.000556888
-9.31043e-07
4.07602e-06
0.000524031
-6.65903e-07
4.18712e-06
0.000476222
4.07498e-06
0.000415134
-3.51642e-07
-1.19794e-07
3.11923e-06
0.000370941
-1.41572e-07
3.21328e-06
0.000430625
-1.86907e-07
3.31697e-06
0.000477223
-3.29051e-07
3.35461e-06
0.000509201
-5.63174e-07
3.33193e-06
0.000525466
-7.97609e-07
3.31676e-06
0.000525454
-9.39451e-07
3.32932e-06
0.000509157
-9.19812e-07
3.36279e-06
0.000477144
-7.01438e-07
3.42132e-06
0.000430519
3.4244e-06
0.000370824
-3.92275e-07
-1.48624e-07
2.51395e-06
0.000324734
-1.82747e-07
2.60133e-06
0.000383575
-2.58272e-07
2.64576e-06
0.000429352
-3.80815e-07
2.66937e-06
0.00046067
-5.60885e-07
2.67846e-06
0.00047657
-7.33055e-07
2.66773e-06
0.000476556
-8.24336e-07
2.64475e-06
0.000460627
-7.98571e-07
2.64234e-06
0.000429277
-6.43532e-07
2.68396e-06
0.000383483
2.70826e-06
0.000324637
-3.6069e-07
-2.31699e-07
0.000277842
-2.5993e-07
0.000336069
-3.38625e-07
0.000381133
-4.47637e-07
0.000411852
-5.6975e-07
0.00042741
-6.82647e-07
0.000427395
-7.5694e-07
0.000411809
-7.42202e-07
0.000381067
-5.99188e-07
0.000335989
0.00027776
-3.16932e-07
-6.70179e-07
-2.5223e-07
0.000472332
-5.9496e-07
-2.3587e-07
0.000519664
-6.50043e-07
-5.03289e-08
0.000557047
-6.88287e-07
7.98409e-08
0.000583511
-7.68038e-07
7.2167e-08
0.000597561
-7.11511e-07
5.31251e-08
0.00059768
-4.35007e-07
2.69557e-08
0.000583713
-2.94763e-07
2.23444e-07
0.000555949
-6.07042e-07
5.43992e-07
0.000517292
3.37018e-07
0.000470527
-5.13409e-07
-7.65512e-07
3.16958e-07
0.000533916
-7.96456e-07
3.67443e-07
0.000590985
-8.88934e-07
7.55422e-07
0.000637059
-9.74109e-07
1.02573e-06
0.000669727
-9.55733e-07
1.01051e-06
0.000686663
-8.19334e-07
9.03903e-07
0.000686595
-6.23789e-07
8.34116e-07
0.000669531
-5.20203e-07
1.08422e-06
0.000636513
-5.65519e-07
1.47933e-06
0.00059003
1.00525e-06
0.000533015
-4.37228e-07
-7.62453e-07
1.21661e-06
0.000531462
-9.97991e-07
1.43812e-06
0.000591892
-1.15049e-06
1.91295e-06
0.000640928
-1.18328e-06
2.22992e-06
0.000675604
-1.09421e-06
2.22681e-06
0.000693575
-9.27734e-07
2.06672e-06
0.000693506
-7.62979e-07
1.99002e-06
0.000675378
-6.66295e-07
2.23484e-06
0.000640406
-5.86723e-07
2.52965e-06
0.000591106
1.88709e-06
0.000530717
-4.84383e-07
-7.39791e-07
2.24093e-06
0.000513529
-9.82133e-07
2.69858e-06
0.000576171
-1.11016e-06
3.2653e-06
0.000627078
-1.12829e-06
3.61974e-06
0.00066302
-1.06092e-06
3.62063e-06
0.00068162
-9.4474e-07
3.43466e-06
0.000681562
-8.7048e-07
3.41315e-06
0.000662835
-8.00904e-07
3.60242e-06
0.000626645
-6.37571e-07
3.65604e-06
0.000575519
2.9045e-06
0.000512887
-5.29805e-07
-6.07243e-07
3.10354e-06
0.000487536
-6.87434e-07
3.71301e-06
0.000551389
-7.84e-07
4.27729e-06
0.000602895
-8.41584e-07
4.51022e-06
0.000638831
-9.07547e-07
4.46133e-06
0.000657218
-1.03545e-06
4.36276e-06
0.000657175
-1.14412e-06
4.45812e-06
0.000638676
-1.05482e-06
4.6209e-06
0.000602571
-7.53144e-07
4.54477e-06
0.000550887
3.82559e-06
0.000487013
-5.77833e-07
-5.63313e-07
3.51832e-06
0.000454768
-5.48014e-07
3.96874e-06
0.000517971
-6.3328e-07
4.35361e-06
0.000567926
-7.735e-07
4.44754e-06
0.000602281
-9.82653e-07
4.38845e-06
0.000619733
-1.25485e-06
4.38334e-06
0.000619685
-1.44086e-06
4.54266e-06
0.000602134
-1.34806e-06
4.68711e-06
0.000567667
-1.00036e-06
4.69199e-06
0.000517589
4.22821e-06
0.000454349
-6.9922e-07
-5.38216e-07
3.40757e-06
0.00041536
-5.87705e-07
3.63817e-06
0.000476725
-6.81822e-07
3.84983e-06
0.000524707
-8.56177e-07
3.91034e-06
0.000557644
-1.11837e-06
3.90792e-06
0.000574381
-1.38606e-06
3.93795e-06
0.00057434
-1.51161e-06
4.0486e-06
0.000557508
-1.40643e-06
4.12707e-06
0.000524486
-1.05639e-06
4.14531e-06
0.000476419
3.98721e-06
0.000415021
-7.02932e-07
-4.88668e-07
2.97309e-06
0.000371358
-6.02395e-07
3.12405e-06
0.000431252
-7.08683e-07
3.19682e-06
0.000477982
-8.71123e-07
3.2449e-06
0.000510029
-1.09238e-06
3.28541e-06
0.00052631
-1.30177e-06
3.33184e-06
0.000526269
-1.37567e-06
3.37302e-06
0.000509906
-1.25833e-06
3.37172e-06
0.000477782
-9.86773e-07
3.39484e-06
0.000430998
3.39662e-06
0.000371087
-6.59422e-07
-4.77349e-07
2.45093e-06
0.000325242
-5.89495e-07
2.57803e-06
0.000384233
-7.28675e-07
2.5789e-06
0.000430109
-8.95754e-07
2.59951e-06
0.000461483
-1.07851e-06
2.63993e-06
0.000477398
-1.2102e-06
2.65983e-06
0.00047736
-1.23662e-06
2.65307e-06
0.000461373
-1.14774e-06
2.62479e-06
0.000429935
-9.3689e-07
2.64477e-06
0.000384022
2.69136e-06
0.000325023
-6.1774e-07
-5.63339e-07
0.000278329
-6.59043e-07
0.000336683
-8.11526e-07
0.000381835
-9.7007e-07
0.000412606
-1.09898e-06
0.000428181
-1.17545e-06
0.000428147
-1.18583e-06
0.000412511
-1.11384e-06
0.000381691
-9.25089e-07
0.000336509
0.000278152
-5.80546e-07
-2.2707e-06
-4.12221e-07
0.000472979
-2.51922e-06
-3.43026e-07
0.000520256
-2.83641e-06
-1.85853e-07
0.00055755
-3.09804e-06
-3.95311e-08
0.000583813
-3.13742e-06
-2.94222e-08
0.00059763
-2.92909e-06
2.98509e-08
0.000597442
-2.54089e-06
1.55697e-07
0.000583169
-2.29537e-06
4.95554e-07
0.000555208
-2.30142e-06
8.21592e-07
0.000516477
7.34323e-07
0.000469276
-1.78458e-06
-2.26621e-06
-9.91393e-08
0.000534036
-2.57792e-06
4.59923e-08
0.000590908
-2.88529e-06
4.31306e-07
0.000636749
-3.11872e-06
7.88253e-07
0.000669133
-3.1126e-06
7.85987e-07
0.000685841
-2.92663e-06
8.24502e-07
0.000685615
-2.66012e-06
9.93368e-07
0.000668427
-2.38026e-06
1.37769e-06
0.000635351
-2.14193e-06
1.77543e-06
0.000588837
1.42193e-06
0.000531869
-1.68337e-06
-2.21363e-06
5.77664e-07
0.000531328
-2.73335e-06
9.28996e-07
0.000591529
-3.11131e-06
1.43595e-06
0.000640301
-3.29209e-06
1.87399e-06
0.000674699
-3.2717e-06
1.9209e-06
0.00069242
-3.07262e-06
1.92813e-06
0.000692203
-2.76136e-06
2.09038e-06
0.000673969
-2.47356e-06
2.53097e-06
0.000638965
-2.14072e-06
2.86245e-06
0.000589686
2.34288e-06
0.000529372
-1.71657e-06
-2.2021e-06
1.43139e-06
0.000513171
-2.69827e-06
2.02718e-06
0.000575569
-3.06149e-06
2.67773e-06
0.0006262
-3.24392e-06
3.19687e-06
0.00066188
-3.2755e-06
3.31347e-06
0.000680259
-3.15729e-06
3.30824e-06
0.000680064
-2.94492e-06
3.47643e-06
0.000661236
-2.65936e-06
3.84611e-06
0.000625045
-2.2059e-06
3.95501e-06
0.000573973
3.35605e-06
0.000511445
-1.77786e-06
-2.06461e-06
2.24407e-06
0.000487076
-2.39009e-06
2.99112e-06
0.00055075
-2.68188e-06
3.69924e-06
0.000602165
-2.89327e-06
4.18313e-06
0.000638056
-3.10451e-06
4.36068e-06
0.000656382
-3.26813e-06
4.42858e-06
0.000656218
-3.25162e-06
4.62114e-06
0.000637515
-2.93945e-06
4.88431e-06
0.000601221
-2.35718e-06
4.81045e-06
0.000549449
4.20078e-06
0.000485648
-1.83678e-06
-1.97522e-06
2.77846e-06
0.000454515
-2.25829e-06
3.40943e-06
0.000517836
-2.55758e-06
3.93224e-06
0.000567992
-2.82801e-06
4.25728e-06
0.000602477
-3.1043e-06
4.42649e-06
0.000619943
-3.35857e-06
4.57674e-06
0.000619791
-3.44685e-06
4.83144e-06
0.000602011
-3.16359e-06
5.04262e-06
0.000567226
-2.53366e-06
4.97468e-06
0.000516794
4.56682e-06
0.000453358
-1.90842e-06
-1.9795e-06
2.89885e-06
0.000415573
-2.36694e-06
3.31469e-06
0.000477207
-2.70436e-06
3.59121e-06
0.000525386
-2.9893e-06
3.78591e-06
0.000558401
-3.26261e-06
3.9583e-06
0.000575122
-3.46173e-06
4.12647e-06
0.00057499
-3.44909e-06
4.3278e-06
0.000557999
-3.11278e-06
4.44405e-06
0.000524748
-2.50069e-06
4.41931e-06
0.000476362
4.33093e-06
0.000414633
-1.87669e-06
-1.97072e-06
2.70457e-06
0.000371904
-2.40028e-06
2.99355e-06
0.000432003
-2.75922e-06
3.08731e-06
0.000478845
-3.0601e-06
3.18845e-06
0.000510927
-3.29527e-06
3.32276e-06
0.000527181
-3.41379e-06
3.45303e-06
0.000527061
-3.30799e-06
3.55183e-06
0.000510577
-2.95514e-06
3.58008e-06
0.000478293
-2.4224e-06
3.58181e-06
0.000431303
3.66948e-06
0.000371141
-1.81466e-06
-1.98438e-06
2.40485e-06
0.000325883
-2.40596e-06
2.63035e-06
0.000385018
-2.78712e-06
2.60779e-06
0.000430969
-3.10682e-06
2.62323e-06
0.000462368
-3.31844e-06
2.6745e-06
0.000478258
-3.36443e-06
2.70638e-06
0.000478152
-3.22428e-06
2.72105e-06
0.000462064
-2.9032e-06
2.69669e-06
0.000430497
-2.41431e-06
2.68423e-06
0.000384431
2.81446e-06
0.000325252
-1.78833e-06
-2.16343e-06
0.000278936
-2.52422e-06
0.000337411
-2.89209e-06
0.000382631
-3.20016e-06
0.000413426
-3.3838e-06
0.000428983
-3.41835e-06
0.000428894
-3.29447e-06
0.000413171
-3.01411e-06
0.00038224
-2.56111e-06
0.000336928
0.000278423
-1.8125e-06
-4.99938e-06
-1.00676e-06
0.000474721
-5.76529e-06
-8.28171e-07
0.00052185
-6.50433e-06
-5.9159e-07
0.00055888
-7.07587e-06
-3.24645e-07
0.000584709
-7.22663e-06
-1.01897e-07
0.000597882
-6.87593e-06
1.27044e-07
0.000596964
-6.24999e-06
4.8192e-07
0.000582061
-5.71843e-06
1.05327e-06
0.000553623
-5.11302e-06
1.47303e-06
0.000514398
1.83614e-06
0.000466374
-4.0467e-06
-4.80177e-06
-9.57073e-07
0.000534864
-5.63471e-06
-6.288e-07
0.000591542
-6.3914e-06
-1.3864e-07
0.000637053
-6.90945e-06
3.3942e-07
0.000668987
-6.98856e-06
5.72774e-07
0.000685246
-6.75036e-06
8.45896e-07
0.000684658
-6.30671e-06
1.30054e-06
0.000667165
-5.65291e-06
1.87369e-06
0.000633877
-4.90475e-06
2.30752e-06
0.000587255
2.36389e-06
0.000530368
-3.93172e-06
-4.7104e-06
-4.20549e-07
0.000531783
-5.68037e-06
7.14736e-08
0.000591799
-6.45454e-06
6.98677e-07
0.000640238
-6.94299e-06
1.30985e-06
0.000674217
-7.07576e-06
1.61079e-06
0.000691515
-6.85763e-06
1.88882e-06
0.000690942
-6.33573e-06
2.33722e-06
0.000672411
-5.67943e-06
2.96815e-06
0.000637214
-4.8627e-06
3.33164e-06
0.000587845
3.20572e-06
0.000527582
-3.91466e-06
-4.66264e-06
3.39257e-07
0.000513388
-5.62703e-06
1.02642e-06
0.000575579
-6.39772e-06
1.77508e-06
0.000625894
-6.88664e-06
2.50132e-06
0.000661177
-7.08011e-06
2.92518e-06
0.000679138
-6.95687e-06
3.23009e-06
0.0006786
-6.52459e-06
3.63509e-06
0.000659506
-5.83887e-06
4.14723e-06
0.00062318
-4.89213e-06
4.31222e-06
0.000572045
4.11289e-06
0.000509612
-3.96571e-06
-4.5457e-06
1.08224e-06
0.000487179
-5.3575e-06
1.90684e-06
0.000550682
-6.0672e-06
2.73146e-06
0.000601919
-6.57693e-06
3.47274e-06
0.000637594
-6.93347e-06
4.01876e-06
0.000655645
-7.0409e-06
4.40176e-06
0.000655154
-6.74902e-06
4.75848e-06
0.0006361
-6.03405e-06
5.11684e-06
0.000599536
-5.02236e-06
5.10521e-06
0.000547645
4.84262e-06
0.000483916
-4.02034e-06
-4.45165e-06
1.66337e-06
0.000454726
-5.25636e-06
2.41922e-06
0.000518128
-5.9825e-06
3.07141e-06
0.000568378
-6.52929e-06
3.64521e-06
0.000602852
-6.89786e-06
4.16658e-06
0.000620164
-7.04101e-06
4.60435e-06
0.000619732
-6.85757e-06
5.01563e-06
0.000601571
-6.21497e-06
5.34022e-06
0.00056636
-5.16008e-06
5.28351e-06
0.000515561
5.10851e-06
0.000451971
-4.03944e-06
-4.52715e-06
1.98115e-06
0.000416123
-5.44951e-06
2.54855e-06
0.000478
-6.23841e-06
2.93427e-06
0.000526312
-6.79174e-06
3.29705e-06
0.000559302
-7.09476e-06
3.71097e-06
0.000575881
-7.13277e-06
4.11757e-06
0.000575515
-6.8338e-06
4.48073e-06
0.000558235
-6.11354e-06
4.71722e-06
0.000524651
-5.07995e-06
4.72731e-06
0.000475885
4.79678e-06
0.000413844
-3.97931e-06
-4.60167e-06
2.09549e-06
0.000372695
-5.56788e-06
2.52503e-06
0.000432993
-6.37857e-06
2.68827e-06
0.000479902
-6.96092e-06
2.86535e-06
0.000511941
-7.25784e-06
3.12122e-06
0.000528067
-7.22008e-06
3.38084e-06
0.00052776
-6.80741e-06
3.5921e-06
0.000511053
-6.05131e-06
3.71927e-06
0.000478535
-5.05299e-06
3.74201e-06
0.00043129
3.95131e-06
0.000370872
-3.93883e-06
-4.69527e-06
2.19904e-06
0.000326691
-5.64625e-06
2.51906e-06
0.000385975
-6.46452e-06
2.50191e-06
0.000431974
-7.06747e-06
2.49652e-06
0.00046334
-7.36107e-06
2.54544e-06
0.000479127
-7.29856e-06
2.59912e-06
0.000478871
-6.87909e-06
2.63124e-06
0.000462605
-6.1518e-06
2.63227e-06
0.000430857
-5.17137e-06
2.58161e-06
0.000384611
2.76741e-06
0.000325258
-3.99342e-06
-5.05225e-06
0.000279654
-5.90599e-06
0.00033826
-6.64926e-06
0.000383532
-7.21098e-06
0.000414308
-7.49505e-06
0.000429789
-7.45396e-06
0.000429581
-7.08666e-06
0.000413714
-6.41858e-06
0.000382633
-5.48107e-06
0.000337177
0.000278539
-4.07497e-06
-1.30154e-05
-1.13827e-06
0.000478384
-1.52138e-05
-1.0327e-06
0.000525081
-1.70738e-05
-7.63491e-07
0.000561504
-1.84713e-05
-4.32013e-07
0.000586538
-1.91528e-05
-5.98469e-09
0.00059857
-1.889e-05
7.79054e-07
0.000595923
-1.78055e-05
1.96212e-06
0.000579014
-1.63148e-05
3.22508e-06
0.000548907
-1.41749e-05
4.42554e-06
0.000507833
6.04375e-06
0.000457423
-1.12683e-05
-1.19739e-05
-2.20196e-06
0.000538395
-1.41338e-05
-1.75153e-06
0.00059442
-1.59247e-05
-9.60497e-07
0.000639041
-1.71602e-05
-1.13455e-07
0.000669904
-1.76107e-05
6.41527e-07
0.000685049
-1.73214e-05
1.48764e-06
0.00068366
-1.6389e-05
2.57058e-06
0.000665624
-1.48733e-05
3.74576e-06
0.000631841
-1.27344e-05
4.82878e-06
0.000584713
6.04321e-06
0.000527656
-1.00224e-05
-1.17585e-05
-2.70899e-06
0.000534826
-1.40387e-05
-1.86036e-06
0.000594188
-1.57953e-05
-7.11754e-07
0.000641746
-1.69518e-05
5.70569e-07
0.00067469
-1.74284e-05
1.7188e-06
0.000690914
-1.71692e-05
2.77936e-06
0.000689391
-1.62138e-05
3.96311e-06
0.000670063
-1.46736e-05
5.2127e-06
0.000634207
-1.24491e-05
6.17853e-06
0.000584271
7.0852e-06
0.000523894
-9.80294e-06
-1.16963e-05
-2.62125e-06
0.000515839
-1.40025e-05
-1.35291e-06
0.000577377
-1.57694e-05
9.06742e-08
0.000626858
-1.68877e-05
1.66229e-06
0.000661204
-1.73877e-05
3.16084e-06
0.000678196
-1.72163e-05
4.43521e-06
0.000676772
-1.63014e-05
5.64832e-06
0.000656906
-1.46786e-05
6.84241e-06
0.000619927
-1.23634e-05
7.66663e-06
0.000568242
8.44341e-06
0.000505694
-9.80333e-06
-1.16184e-05
-2.01497e-06
0.00048902
-1.3838e-05
-4.20496e-07
0.000551969
-1.55527e-05
1.16992e-06
0.000602554
-1.66834e-05
2.82726e-06
0.00063756
-1.72502e-05
4.46676e-06
0.000654906
-1.72172e-05
5.88552e-06
0.000653671
-1.64245e-05
7.07222e-06
0.000633883
-1.47896e-05
8.08447e-06
0.000596659
-1.24037e-05
8.70811e-06
0.000544217
9.45297e-06
0.000480339
-9.83599e-06
-1.15352e-05
-1.1071e-06
0.000456192
-1.37084e-05
5.32539e-07
0.000519348
-1.54475e-05
1.93035e-06
0.000569357
-1.66541e-05
3.34287e-06
0.000603543
-1.72767e-05
4.81169e-06
0.000620442
-1.72623e-05
6.16225e-06
0.00061944
-1.65233e-05
7.32169e-06
0.000600582
-1.49314e-05
8.26336e-06
0.000564589
-1.2504e-05
8.78279e-06
0.000513059
9.59813e-06
0.000449156
-9.83373e-06
-1.16246e-05
-1.55116e-07
0.000417609
-1.39588e-05
1.33769e-06
0.00047953
-1.58366e-05
2.31391e-06
0.000527806
-1.71032e-05
3.29162e-06
0.00056062
-1.76618e-05
4.36567e-06
0.000576886
-1.75051e-05
5.43348e-06
0.000576087
-1.66077e-05
6.38619e-06
0.000558273
-1.4904e-05
7.16879e-06
0.000524041
-1.24657e-05
7.69462e-06
0.000474534
8.74283e-06
0.000411997
-9.76316e-06
-1.18167e-05
7.70649e-07
0.000374299
-1.42674e-05
2.07693e-06
0.000434704
-1.62276e-05
2.60327e-06
0.000481573
-1.75404e-05
3.11172e-06
0.000513434
-1.81022e-05
3.72144e-06
0.000529273
-1.7868e-05
4.35807e-06
0.000528601
-1.68423e-05
4.9346e-06
0.000511478
-1.50531e-05
5.41259e-06
0.000478502
-1.25728e-05
5.77698e-06
0.000430727
6.95832e-06
0.000369852
-9.76848e-06
-1.21432e-05
1.81963e-06
0.000328279
-1.46239e-05
2.88409e-06
0.000387648
-1.65826e-05
2.94443e-06
0.000433592
-1.79106e-05
2.99305e-06
0.000464786
-1.84917e-05
3.11338e-06
0.000480316
-1.8268e-05
3.26221e-06
0.000479744
-1.72434e-05
3.38724e-06
0.000463128
-1.54593e-05
3.46961e-06
0.000431016
-1.29487e-05
3.48724e-06
0.00038439
4.51214e-06
0.000324707
-9.95159e-06
-1.30895e-05
0.000281073
-1.52978e-05
0.000339762
-1.70606e-05
0.00038499
-1.82924e-05
0.000415624
-1.88672e-05
0.000430889
-1.87098e-05
0.000430414
-1.78131e-05
0.000414251
-1.62029e-05
0.000382864
-1.39061e-05
0.000337107
0.000278221
-1.02427e-05
-4.31918e-05
-1.1206e-05
-5.1027e-05
-9.27821e-06
-5.75923e-05
-6.92066e-06
-6.21254e-05
-4.24127e-06
-6.39304e-05
-1.37137e-06
-6.26455e-05
1.96183e-06
-5.8519e-05
5.73219e-06
-5.22213e-05
9.35599e-06
-4.4266e-05
1.27035e-05
1.62839e-05
-3.56685e-05
-4.0665e-05
-1.69128e-05
-4.79937e-05
-1.38877e-05
-5.40134e-05
-1.01344e-05
-5.81032e-05
-5.88047e-06
-5.97744e-05
-1.43399e-06
-5.88234e-05
3.19005e-06
-5.53393e-05
7.96533e-06
-4.97231e-05
1.25912e-05
-4.24761e-05
1.68602e-05
2.10704e-05
-3.43619e-05
-3.9588e-05
-1.95005e-05
-4.68897e-05
-1.57642e-05
-5.27245e-05
-1.13524e-05
-5.65818e-05
-6.28675e-06
-5.81402e-05
-9.32614e-07
-5.71824e-05
4.42331e-06
-5.37698e-05
9.7366e-06
-4.8235e-05
1.47945e-05
-4.1016e-05
1.93321e-05
2.3645e-05
-3.2992e-05
-3.91188e-05
-2.00685e-05
-4.64357e-05
-1.58621e-05
-5.22322e-05
-1.1201e-05
-5.59849e-05
-5.84121e-06
-5.74602e-05
-7.04961e-08
-5.65186e-05
5.64366e-06
-5.31547e-05
1.11218e-05
-4.76052e-05
1.61896e-05
-4.03748e-05
2.06612e-05
2.49276e-05
-3.24394e-05
-3.89314e-05
-1.9046e-05
-4.62458e-05
-1.46408e-05
-5.2035e-05
-1.0071e-05
-5.57789e-05
-4.85159e-06
-5.72258e-05
8.42011e-07
-5.62821e-05
6.52009e-06
-5.29341e-05
1.18325e-05
-4.73752e-05
1.65971e-05
-4.01098e-05
2.07751e-05
2.49174e-05
-3.21815e-05
-3.88717e-05
-1.6793e-05
-4.62509e-05
-1.24325e-05
-5.21644e-05
-8.31681e-06
-5.60594e-05
-3.69516e-06
-5.75717e-05
1.3499e-06
-5.6588e-05
6.45195e-06
-5.31688e-05
1.12534e-05
-4.75252e-05
1.55417e-05
-4.01427e-05
1.93225e-05
2.33055e-05
-3.20761e-05
-3.92192e-05
-1.3419e-05
-4.68921e-05
-9.26367e-06
-5.30218e-05
-5.97378e-06
-5.70185e-05
-2.3982e-06
-5.85201e-05
1.50072e-06
-5.74209e-05
5.49368e-06
-5.38204e-05
9.31537e-06
-4.7985e-05
1.28187e-05
-4.03938e-05
1.60642e-05
1.9892e-05
-3.20676e-05
-4.00388e-05
-8.77886e-06
-4.79271e-05
-5.16585e-06
-5.41175e-05
-3.02944e-06
-5.81077e-05
-8.12516e-07
-5.95886e-05
1.62203e-06
-5.8449e-05
4.14359e-06
-5.47697e-05
6.58007e-06
-4.87936e-05
8.86784e-06
-4.09625e-05
1.11939e-05
1.46298e-05
-3.22149e-05
-4.11604e-05
-2.74737e-06
-4.91261e-05
-2.45304e-07
-5.5212e-05
3.89581e-07
-5.91222e-05
1.05852e-06
-6.05962e-05
1.85859e-06
-5.95293e-05
2.72656e-06
-5.59633e-05
3.54568e-06
-5.00519e-05
4.28683e-06
-4.20313e-05
5.15959e-06
7.59674e-06
-3.26543e-05
-4.30659e-05
-5.06637e-05
-5.63949e-05
-6.00901e-05
-6.15365e-05
-6.06143e-05
-5.73381e-05
-5.17901e-05
-4.40215e-05
-3.33209e-05
2.8792e-07
1.72072e-05
0.000631904
3.57031e-07
1.68439e-05
0.000689875
3.06137e-07
1.655e-05
0.000736958
1.60744e-07
1.62905e-05
0.0007702
4.69594e-09
1.62292e-05
0.000787258
-1.4728e-07
1.6214e-05
0.000787269
-2.86953e-07
1.62437e-05
0.000770241
-3.46926e-07
1.64037e-05
0.000737114
-2.63666e-07
1.66793e-05
0.000690026
1.70073e-05
0.000632136
8.32425e-09
2.43745e-07
1.06305e-05
0.000612086
3.33848e-07
1.01938e-05
0.000669265
2.98374e-07
9.87224e-06
0.000715512
1.71008e-07
9.66026e-06
0.000747934
3.388e-09
9.55804e-06
0.000764707
-1.69121e-07
9.55647e-06
0.000764698
-3.01239e-07
9.64857e-06
0.000747904
-3.37528e-07
9.8388e-06
0.0007154
-2.47684e-07
1.0136e-05
0.000669159
1.05734e-05
0.000611939
3.02405e-09
2.17223e-07
8.05901e-06
0.000564448
2.96268e-07
7.70353e-06
0.000621033
2.69018e-07
7.44486e-06
0.000666594
1.52424e-07
7.30593e-06
0.000698478
1.01793e-09
7.21846e-06
0.000714896
-1.54844e-07
7.22284e-06
0.000714895
-2.71217e-07
7.30368e-06
0.000698469
-3.07183e-07
7.44772e-06
0.000666566
-2.27891e-07
7.67549e-06
0.000621003
8.03624e-06
0.000564406
8.26008e-10
2.0237e-07
6.51102e-06
0.000519779
2.8079e-07
6.21716e-06
0.000575946
2.51609e-07
6.0136e-06
0.000620941
1.43004e-07
5.91892e-06
0.000652334
-5.99308e-10
5.84763e-06
0.000668457
-1.42339e-07
5.84997e-06
0.000668457
-2.46546e-07
5.91511e-06
0.000652331
-2.81681e-07
6.02838e-06
0.000620935
-2.09152e-07
6.20335e-06
0.000575938
6.49698e-06
0.000519768
1.01177e-09
1.84629e-07
5.33791e-06
0.000475769
2.63101e-07
5.06915e-06
0.000531525
2.29871e-07
4.91399e-06
0.000575954
1.33717e-07
4.83831e-06
0.000606846
-8.42496e-10
4.78433e-06
0.000622678
-1.31574e-07
4.78274e-06
0.000622678
-2.25266e-07
4.8331e-06
0.000606845
-2.54272e-07
4.92491e-06
0.000575954
-1.83498e-07
5.06405e-06
0.000531524
5.32641e-06
0.000475766
4.37876e-10
1.62345e-07
4.36685e-06
0.000431931
2.371e-07
4.09967e-06
0.000487267
2.09817e-07
3.98172e-06
0.000531122
1.2392e-07
3.92102e-06
0.000561503
9.72736e-11
3.88332e-06
0.000577042
-1.21472e-07
3.87957e-06
0.000577042
-2.08157e-07
3.91658e-06
0.000561503
-2.31747e-07
3.98846e-06
0.000531122
-1.61594e-07
4.09931e-06
0.000487266
4.35688e-06
0.00043193
-1.27942e-09
1.4971e-07
3.53536e-06
0.000388145
2.17788e-07
3.26529e-06
0.000443055
1.95196e-07
3.17502e-06
0.000486332
1.15e-07
3.13096e-06
0.000516201
8.918e-10
3.10653e-06
0.000531446
-1.13736e-07
3.10333e-06
0.000531445
-1.95739e-07
3.12811e-06
0.000516201
-2.16261e-07
3.17972e-06
0.000486332
-1.48702e-07
3.26571e-06
0.000443055
3.52688e-06
0.000388144
-8.78931e-10
1.47146e-07
2.81206e-06
0.000344379
2.11434e-07
2.54499e-06
0.000398861
1.88293e-07
2.48183e-06
0.00044156
1.09128e-07
2.45465e-06
0.000470917
1.14352e-09
2.43951e-06
0.000485867
-1.08353e-07
2.4377e-06
0.000485867
-1.88497e-07
2.45258e-06
0.000470917
-2.09891e-07
2.48477e-06
0.00044156
-1.46051e-07
2.54588e-06
0.000398861
2.80627e-06
0.000344378
-5.78576e-10
1.60765e-07
2.16964e-06
0.000300624
2.1864e-07
1.92959e-06
0.00035468
1.87696e-07
1.89721e-06
0.0003968
1.06722e-07
1.88225e-06
0.000425646
8.83954e-10
1.87332e-06
0.000440301
-1.0564e-07
1.87216e-06
0.000440301
-1.8719e-07
1.88083e-06
0.000425646
-2.16177e-07
1.89825e-06
0.0003968
-1.58925e-07
1.93101e-06
0.00035468
2.16788e-06
0.000300624
-2.912e-10
2.16491e-07
0.00025688
2.37523e-07
0.000310508
1.91387e-07
0.000352051
1.05706e-07
0.000380385
7.33544e-10
0.000394746
-1.04428e-07
0.000394746
-1.90366e-07
0.000380385
-2.35776e-07
0.000352051
-2.14519e-07
0.000310508
0.000256881
-2.02802e-11
2.7935e-07
1.97943e-05
0.000611843
4.14849e-07
1.91578e-05
0.000670582
3.55322e-07
1.88657e-05
0.000718152
1.95198e-07
1.86436e-05
0.000751717
1.12466e-08
1.85609e-05
0.000768881
-1.76799e-07
1.85234e-05
0.000768933
-3.37808e-07
1.8631e-05
0.000751771
-3.83997e-07
1.88685e-05
0.000718291
-2.59484e-07
1.91431e-05
0.000670758
1.97229e-05
0.000612146
7.64363e-09
3.83867e-07
1.47298e-05
0.000616758
4.99968e-07
1.412e-05
0.000674187
4.28534e-07
1.38027e-05
0.000720646
2.48445e-07
1.35477e-05
0.00075321
5.36896e-09
1.34483e-05
0.000770062
-2.43443e-07
1.34348e-05
0.000770035
-4.31352e-07
1.35443e-05
0.000753178
-4.96291e-07
1.37772e-05
0.000720556
-3.91524e-07
1.41008e-05
0.000674096
1.46524e-05
0.000616619
-1.72834e-10
3.23856e-07
1.17625e-05
0.000567073
4.16218e-07
1.12938e-05
0.000623767
3.75148e-07
1.10172e-05
0.00066942
2.13814e-07
1.08237e-05
0.000701364
3.06655e-09
1.07308e-05
0.000717825
-2.17558e-07
1.07342e-05
0.000717816
-3.78138e-07
1.08244e-05
0.000701349
-4.31695e-07
1.10103e-05
0.000669387
-3.40618e-07
1.12879e-05
0.000623725
1.17106e-05
0.000567011
-3.76445e-09
2.88897e-07
9.725e-06
0.000521515
3.87411e-07
9.36537e-06
0.000577776
3.52506e-07
9.14156e-06
0.000622851
1.99105e-07
9.01393e-06
0.000654297
1.91161e-09
8.93236e-06
0.000670453
-1.9919e-07
8.9417e-06
0.000670451
-3.46222e-07
9.01111e-06
0.000654291
-3.87852e-07
9.14629e-06
0.00062284
-2.87078e-07
9.36309e-06
0.000577762
9.69578e-06
0.000521494
1.54922e-09
2.61163e-07
8.12001e-06
0.000477108
3.61375e-07
7.8229e-06
0.000532967
3.27488e-07
7.6466e-06
0.000577483
1.91417e-07
7.55988e-06
0.000608436
1.7797e-09
7.49912e-06
0.000624301
-1.84873e-07
7.50527e-06
0.000624301
-3.19451e-07
7.55614e-06
0.000608434
-3.55009e-07
7.65461e-06
0.000577481
-2.52798e-07
7.8212e-06
0.000532963
8.10536e-06
0.000477102
1.97221e-09
2.37167e-07
6.75944e-06
0.000433052
3.35306e-07
6.48706e-06
0.000488504
3.01799e-07
6.34777e-06
0.000532454
1.81869e-07
6.28039e-06
0.000562903
2.43137e-09
6.24421e-06
0.000578476
-1.74225e-07
6.24694e-06
0.000578477
-3.00474e-07
6.28259e-06
0.000562903
-3.32934e-07
6.35526e-06
0.000532454
-2.35237e-07
6.48727e-06
0.000488503
6.74941e-06
0.00043305
5.04842e-10
2.26617e-07
5.55673e-06
0.00038912
3.22749e-07
5.29285e-06
0.000444153
2.88594e-07
5.18479e-06
0.000487529
1.71409e-07
5.13185e-06
0.000517467
2.68849e-09
5.11169e-06
0.000532747
-1.67385e-07
5.11525e-06
0.000532747
-2.88825e-07
5.13784e-06
0.000517468
-3.19561e-07
5.18938e-06
0.000487529
-2.27568e-07
5.29789e-06
0.000444152
5.54751e-06
0.000389118
4.05976e-10
2.33731e-07
4.46849e-06
0.000345231
3.24259e-07
4.22398e-06
0.00039984
2.88502e-07
4.14215e-06
0.000442639
1.67197e-07
4.10638e-06
0.000472064
1.22802e-09
4.09576e-06
0.000487049
-1.64942e-07
4.09925e-06
0.000487049
-2.85241e-07
4.11102e-06
0.000472065
-3.18607e-07
4.14462e-06
0.000442638
-2.30752e-07
4.23164e-06
0.00039984
4.46452e-06
0.000345231
7.8964e-11
2.52564e-07
3.4773e-06
0.000301363
3.37256e-07
3.27455e-06
0.000355544
2.96328e-07
3.21942e-06
0.000397764
1.68349e-07
3.20313e-06
0.000426677
-9.47353e-11
3.19833e-06
0.000441367
-1.66579e-07
3.19986e-06
0.000441367
-2.91287e-07
3.20438e-06
0.000426677
-3.31948e-07
3.22165e-06
0.000397764
-2.46205e-07
3.28106e-06
0.000355544
3.48012e-06
0.000301363
-1.60263e-10
2.80401e-07
0.000257507
3.59397e-07
0.000311261
3.05664e-07
0.000352901
1.7082e-07
0.000381302
-1.00363e-10
0.000395697
-1.69567e-07
0.000395697
-3.02616e-07
0.000381302
-3.55655e-07
0.000352901
-2.74159e-07
0.000311261
0.000257508
1.99245e-10
3.7044e-07
2.01795e-05
0.000591323
5.28908e-07
1.96752e-05
0.000650748
4.41004e-07
1.9431e-05
0.000698809
2.45744e-07
1.92613e-05
0.000732651
9.76362e-09
1.91202e-05
0.000749996
-2.24738e-07
1.90946e-05
0.000750073
-4.21925e-07
1.9235e-05
0.000732734
-4.92343e-07
1.94521e-05
0.00069891
-3.38762e-07
1.96784e-05
0.000650926
2.0175e-05
0.000591625
7.21186e-09
4.74962e-07
1.63542e-05
0.000620098
6.02197e-07
1.57145e-05
0.00067802
5.04427e-07
1.53625e-05
0.000724812
2.93624e-07
1.50719e-05
0.00075761
3.68187e-09
1.49365e-05
0.000774536
-2.86544e-07
1.49117e-05
0.000774509
-5.01181e-07
1.50565e-05
0.000757571
-5.89852e-07
1.53511e-05
0.000724745
-4.85461e-07
1.57141e-05
0.000677956
1.6305e-05
0.000620009
-5.82402e-09
3.74669e-07
1.32482e-05
0.000569785
4.87154e-07
1.27154e-05
0.000626653
4.25558e-07
1.24049e-05
0.00067244
2.52856e-07
1.21285e-05
0.00070448
2.63469e-09
1.20227e-05
0.000720989
-2.56311e-07
1.20128e-05
0.000720974
-4.37466e-07
1.21261e-05
0.000704461
-4.99144e-07
1.23905e-05
0.000672409
-3.97449e-07
1.27294e-05
0.000626608
1.3207e-05
0.00056972
-9.04026e-09
3.44753e-07
1.09455e-05
0.000523468
4.50764e-07
1.05275e-05
0.000579858
4.02364e-07
1.02683e-05
0.000625036
2.31061e-07
1.00464e-05
0.00065655
7.04979e-09
9.95491e-06
0.000672745
-2.32616e-07
9.96449e-06
0.000672739
-4.06115e-07
1.00484e-05
0.000656542
-4.48971e-07
1.025e-05
0.000625024
-3.334e-07
1.05356e-05
0.00057984
1.09262e-05
0.000523441
-1.25006e-11
3.16576e-07
9.08573e-06
0.000478652
4.17176e-07
8.76443e-06
0.000534629
3.78887e-07
8.54813e-06
0.000579241
2.19432e-07
8.38372e-06
0.000610258
8.9131e-09
8.30804e-06
0.000626158
-2.11895e-07
8.32884e-06
0.000626157
-3.77307e-07
8.39175e-06
0.000610256
-4.16043e-07
8.53203e-06
0.000579237
-3.01514e-07
8.76118e-06
0.000534623
9.08176e-06
0.000478642
2.66753e-09
2.85229e-07
7.51736e-06
0.000434334
3.85566e-07
7.25826e-06
0.00048991
3.49191e-07
7.07929e-06
0.000533959
2.06621e-07
6.95309e-06
0.000564476
5.91201e-09
6.90029e-06
0.000580085
-1.98197e-07
6.92381e-06
0.000580086
-3.5049e-07
6.97059e-06
0.000564476
-3.89215e-07
7.06694e-06
0.000533958
-2.83468e-07
7.25128e-06
0.000489907
7.51471e-06
0.000434331
3.00997e-09
2.64167e-07
6.1472e-06
0.000390218
3.68892e-07
5.92391e-06
0.000445383
3.30908e-07
5.78368e-06
0.000488863
1.94014e-07
5.68452e-06
0.000518872
1.15789e-09
5.65174e-06
0.000534188
-1.89068e-07
5.67195e-06
0.000534189
-3.29172e-07
5.70539e-06
0.000518873
-3.69365e-07
5.77436e-06
0.000488862
-2.70292e-07
5.92336e-06
0.000445381
6.14479e-06
0.000390216
1.39591e-09
2.65431e-07
4.92139e-06
0.000346185
3.64638e-07
4.73556e-06
0.000400929
3.26906e-07
4.62621e-06
0.000443834
1.88547e-07
4.55476e-06
0.000473332
-2.68394e-09
4.53847e-06
0.000488353
-1.85802e-07
4.55054e-06
0.000488354
-3.19608e-07
4.57146e-06
0.000473332
-3.61346e-07
4.62113e-06
0.000443833
-2.65618e-07
4.7386e-06
0.000400929
4.92497e-06
0.000346184
4.23546e-10
2.73701e-07
3.82253e-06
0.000302189
3.68897e-07
3.67721e-06
0.000356507
3.29631e-07
3.59647e-06
0.000398833
1.87048e-07
3.55623e-06
0.000427818
-2.63842e-09
3.5503e-06
0.000442545
-1.86855e-07
3.55705e-06
0.000442545
-3.22461e-07
3.56578e-06
0.000427819
-3.6615e-07
3.5957e-06
0.000398833
-2.68632e-07
3.67788e-06
0.000356508
3.82994e-06
0.000302189
4.02494e-10
2.83886e-07
0.000258211
3.8046e-07
0.000312103
3.33382e-07
0.000353848
1.86165e-07
0.00038232
-1.83734e-09
0.000396751
-1.87737e-07
0.000396752
-3.29817e-07
0.000382321
-3.78672e-07
0.000353848
-2.78948e-07
0.000312102
0.000258211
6.04259e-10
3.9978e-07
1.97767e-05
0.000571198
5.39821e-07
1.97031e-05
0.000630905
4.51528e-07
1.96572e-05
0.00067924
2.61862e-07
1.96068e-05
0.000713234
9.14999e-09
1.94902e-05
0.000730759
-2.54997e-07
1.95121e-05
0.000730825
-4.49291e-07
1.95682e-05
0.00071336
-5.00047e-07
1.96308e-05
0.00067933
-3.28599e-07
1.9675e-05
0.00063108
1.9816e-05
0.000571472
7.67522e-09
4.98462e-07
1.76209e-05
0.000621749
6.19736e-07
1.71302e-05
0.000680472
5.37552e-07
1.67708e-05
0.000727781
3.1868e-07
1.65057e-05
0.00076093
-3.34699e-09
1.63682e-05
0.00077798
-3.10358e-07
1.63584e-05
0.000777969
-5.35174e-07
1.64815e-05
0.000760883
-6.21277e-07
1.67358e-05
0.000727726
-5.1143e-07
1.7093e-05
0.000680428
1.76232e-05
0.000621709
-1.88477e-08
3.95267e-07
1.45821e-05
0.000572401
5.41167e-07
1.4113e-05
0.000629525
4.69807e-07
1.3786e-05
0.000675496
2.86996e-07
1.34927e-05
0.000707675
-1.80481e-09
1.34045e-05
0.000724241
-2.79282e-07
1.33837e-05
0.000724226
-4.78768e-07
1.34916e-05
0.00070765
-5.48264e-07
1.37471e-05
0.000675467
-4.30441e-07
1.41046e-05
0.000629478
1.45817e-05
0.000572343
-1.20253e-08
3.92015e-07
1.21407e-05
0.000525524
5.19217e-07
1.17507e-05
0.000582093
4.48047e-07
1.14828e-05
0.000627411
2.64587e-07
1.12037e-05
0.000659023
7.68359e-09
1.11405e-05
0.000675265
-2.58504e-07
1.1132e-05
0.000675257
-4.51783e-07
1.1215e-05
0.000659012
-5.06929e-07
1.1428e-05
0.000627398
-3.7694e-07
1.17413e-05
0.000582074
1.21496e-05
0.000525497
-5.22833e-10
3.70624e-07
1.00929e-05
0.000480344
4.81982e-07
9.79246e-06
0.000536476
4.29173e-07
9.56626e-06
0.000581211
2.45559e-07
9.3356e-06
0.00061231
1.34851e-08
9.27668e-06
0.000628254
-2.38737e-07
9.29028e-06
0.000628251
-4.29039e-07
9.35416e-06
0.000612308
-4.7759e-07
9.50894e-06
0.000581205
-3.51037e-07
9.77006e-06
0.000536468
1.01039e-05
0.000480332
4.57327e-09
3.32615e-07
8.34285e-06
0.000435761
4.42773e-07
8.10755e-06
0.000491485
4.05347e-07
7.91012e-06
0.000535653
2.27587e-07
7.73849e-06
0.000566251
7.51976e-09
7.67947e-06
0.000581902
-2.25399e-07
7.70668e-06
0.000581903
-4.02363e-07
7.75702e-06
0.000566251
-4.48945e-07
7.8637e-06
0.000535649
-3.31025e-07
8.07915e-06
0.00049148
8.34489e-06
0.000435756
3.22645e-09
3.0203e-07
6.80979e-06
0.000391439
4.20625e-07
6.61705e-06
0.000446754
3.85651e-07
6.45266e-06
0.000490355
2.17117e-07
6.3304e-06
0.000520449
-2.35155e-09
6.28008e-06
0.000535807
-2.16304e-07
6.30187e-06
0.000535808
-3.77117e-07
6.34229e-06
0.000520448
-4.26403e-07
6.42159e-06
0.000490353
-3.14058e-07
6.59598e-06
0.000446752
6.80952e-06
0.000391436
1.42504e-09
2.96704e-07
5.44824e-06
0.000347238
4.12925e-07
5.29261e-06
0.000402137
3.75533e-07
5.15978e-06
0.000445164
2.15989e-07
5.07399e-06
0.000474748
-4.96401e-09
5.04246e-06
0.000489812
-2.12567e-07
5.05138e-06
0.000489812
-3.6592e-07
5.08087e-06
0.000474747
-4.15266e-07
5.14099e-06
0.000445163
-3.04865e-07
5.27815e-06
0.000402136
5.45064e-06
0.000347237
1.54948e-09
2.98773e-07
4.24287e-06
0.000303094
4.1324e-07
4.11523e-06
0.00035757
3.71748e-07
4.01565e-06
0.000400019
2.15062e-07
3.96034e-06
0.000429089
-1.36502e-09
3.94591e-06
0.000443858
-2.12141e-07
3.94948e-06
0.000443858
-3.66988e-07
3.96574e-06
0.000429089
-4.15685e-07
4.00426e-06
0.000400018
-3.02026e-07
4.10206e-06
0.00035757
4.24187e-06
0.000303094
1.58157e-09
3.07299e-07
0.000258979
4.21868e-07
0.000313028
3.72839e-07
0.000354896
2.11853e-07
0.000383451
8.12376e-10
0.000397924
-2.11291e-07
0.000397924
-3.70636e-07
0.000383451
-4.24145e-07
0.000354896
-3.10149e-07
0.000313028
0.000258979
1.53523e-09
3.68259e-07
1.84488e-05
0.000552459
4.55211e-07
1.87827e-05
0.000612036
3.89379e-07
1.89668e-05
0.000660339
2.22456e-07
1.90497e-05
0.000694351
6.08154e-09
1.90281e-05
0.000711947
-2.36421e-07
1.90664e-05
0.000712001
-3.82873e-07
1.90011e-05
0.000694505
-4.1087e-07
1.88857e-05
0.000660472
-2.62031e-07
1.87224e-05
0.000612208
1.84848e-05
0.000552718
7.26951e-09
4.52217e-07
1.80646e-05
0.000621683
5.61169e-07
1.77953e-05
0.00068135
5.05059e-07
1.75181e-05
0.000729286
3.05413e-07
1.73374e-05
0.000762842
-6.25927e-09
1.72204e-05
0.000780099
-3.0142e-07
1.72325e-05
0.000780098
-5.05286e-07
1.72846e-05
0.000762803
-5.72325e-07
1.74553e-05
0.000729224
-4.65093e-07
1.77262e-05
0.000681317
1.80861e-05
0.000621673
-2.99637e-08
3.63929e-07
1.52868e-05
0.000574774
5.2448e-07
1.49398e-05
0.00063222
4.67368e-07
1.46474e-05
0.000678424
2.91382e-07
1.44192e-05
0.00071077
-2.90651e-09
1.43491e-05
0.000727407
-2.68634e-07
1.433e-05
0.000727394
-4.67464e-07
1.43939e-05
0.000710739
-5.31194e-07
1.45932e-05
0.000678393
-4.07273e-07
1.49076e-05
0.000632173
1.53087e-05
0.000574725
-1.11134e-08
3.94522e-07
1.28413e-05
0.000527586
5.29541e-07
1.253e-05
0.000584368
4.54239e-07
1.22802e-05
0.000629853
2.7123e-07
1.20406e-05
0.000661584
6.52939e-09
1.19974e-05
0.000677882
-2.52335e-07
1.19731e-05
0.000677873
-4.47231e-07
1.20295e-05
0.000661572
-5.07363e-07
1.22119e-05
0.000629839
-3.78288e-07
1.25045e-05
0.000584348
1.28678e-05
0.000527559
4.30765e-10
3.84442e-07
1.07163e-05
0.00048211
4.98288e-07
1.04704e-05
0.000538422
4.38104e-07
1.02525e-05
0.000583298
2.49163e-07
1.0044e-05
0.000614495
1.10562e-08
1.00013e-05
0.000630488
-2.38669e-07
9.99082e-06
0.000630483
-4.30799e-07
1.00383e-05
0.000614491
-4.87774e-07
1.01829e-05
0.000583291
-3.62762e-07
1.04354e-05
0.000538412
1.07362e-05
0.000482096
4.81262e-09
3.47743e-07
8.86635e-06
0.00043728
4.56491e-07
8.67782e-06
0.000493169
4.15819e-07
8.47778e-06
0.000537468
2.27854e-07
8.32572e-06
0.000568157
4.48755e-09
8.27252e-06
0.000583854
-2.29312e-07
8.27457e-06
0.000583853
-4.08764e-07
8.31403e-06
0.000568154
-4.61302e-07
8.42129e-06
0.000537464
-3.43995e-07
8.63487e-06
0.000493163
8.87184e-06
0.000437273
2.83554e-09
3.1539e-07
7.23249e-06
0.000392748
4.31404e-07
7.0906e-06
0.000448226
3.97387e-07
6.91218e-06
0.000491955
2.20066e-07
6.81264e-06
0.000522139
-2.64855e-09
6.75873e-06
0.000537544
-2.21827e-07
6.7589e-06
0.000537543
-3.89087e-07
6.79278e-06
0.000522137
-4.41054e-07
6.87385e-06
0.000491952
-3.27451e-07
7.05089e-06
0.000448222
7.23543e-06
0.000392744
1.09485e-09
3.05611e-07
5.78602e-06
0.000348366
4.24897e-07
5.67804e-06
0.00040343
3.85379e-07
5.5288e-06
0.000446587
2.21438e-07
5.46255e-06
0.000476262
-2.54182e-09
5.42218e-06
0.000491372
-2.17217e-07
5.41385e-06
0.000491372
-3.80508e-07
5.44293e-06
0.00047626
-4.33109e-07
5.50383e-06
0.000446586
-3.17759e-07
5.64322e-06
0.000403428
5.78792e-06
0.000348365
1.89806e-09
3.02337e-07
4.51278e-06
0.000304062
4.27789e-07
4.41717e-06
0.000358706
3.79745e-07
4.31056e-06
0.000401285
2.23361e-07
4.26152e-06
0.000430446
3.22221e-09
4.23932e-06
0.000445261
-2.16247e-07
4.23035e-06
0.000445261
-3.80809e-07
4.25063e-06
0.000430445
-4.33795e-07
4.29079e-06
0.000401284
-3.13704e-07
4.38847e-06
0.000358705
4.50336e-06
0.000304062
2.98511e-09
3.07347e-07
0.000259799
4.35842e-07
0.000314016
3.84708e-07
0.000356015
2.25086e-07
0.00038466
6.55253e-09
0.000399178
-2.17495e-07
0.000399178
-3.83705e-07
0.000384659
-4.40494e-07
0.000356014
-3.19118e-07
0.000314015
0.000259798
2.00629e-09
3.10517e-07
1.6573e-05
0.000535673
3.41594e-07
1.72373e-05
0.000594767
2.96837e-07
1.76253e-05
0.000642759
1.77358e-07
1.78041e-05
0.000676666
2.73941e-09
1.79122e-05
0.00069421
-1.87585e-07
1.79163e-05
0.000694275
-2.86235e-07
1.77688e-05
0.000676835
-2.95156e-07
1.75293e-05
0.000642952
-1.83811e-07
1.71458e-05
0.000594951
1.65794e-05
0.000535944
1.09957e-08
3.61476e-07
1.77887e-05
0.000620131
4.52632e-07
1.77424e-05
0.000680754
4.34349e-07
1.75874e-05
0.000729342
2.67398e-07
1.75042e-05
0.000763309
-2.007e-09
1.74552e-05
0.000780826
-2.64237e-07
1.74626e-05
0.000780814
-4.37211e-07
1.74538e-05
0.000763291
-4.77644e-07
1.75216e-05
0.000729272
-3.79987e-07
1.76451e-05
0.00068072
1.77801e-05
0.00062013
-3.77419e-08
2.90484e-07
1.54078e-05
0.000576805
4.56855e-07
1.51731e-05
0.000634623
4.30173e-07
1.49447e-05
0.000681093
2.65068e-07
1.482e-05
0.000713619
2.97805e-09
1.47778e-05
0.000730346
-2.34235e-07
1.47586e-05
0.000730336
-4.19754e-07
1.47891e-05
0.00071359
-4.66029e-07
1.49017e-05
0.000681059
-3.50711e-07
1.51301e-05
0.000634573
1.54076e-05
0.000576756
-9.20047e-09
3.52673e-07
1.30445e-05
0.000529584
4.95125e-07
1.28029e-05
0.000586596
4.30057e-07
1.25993e-05
0.000632263
2.52857e-07
1.24562e-05
0.000664125
2.13074e-09
1.24276e-05
0.000680483
-2.25991e-07
1.23837e-05
0.000680476
-4.07771e-07
1.24315e-05
0.000664111
-4.659e-07
1.25519e-05
0.000632247
-3.47316e-07
1.27868e-05
0.000586572
1.30613e-05
0.000529554
4.09755e-09
3.62206e-07
1.09311e-05
0.000483882
4.77398e-07
1.07213e-05
0.000540388
4.16975e-07
1.05384e-05
0.00058542
2.34046e-07
1.04091e-05
0.000616725
-8.95471e-10
1.03824e-05
0.000632768
-2.2719e-07
1.0331e-05
0.000632762
-3.97496e-07
1.0376e-05
0.000616717
-4.60455e-07
1.04962e-05
0.00058541
-3.46192e-07
1.0708e-05
0.000540377
1.09404e-05
0.000483865
5.79452e-09
3.40147e-07
9.05029e-06
0.000438835
4.4208e-07
8.88946e-06
0.000494899
3.98753e-07
8.71219e-06
0.000539338
2.17407e-07
8.6244e-06
0.000570123
-2.58154e-09
8.58899e-06
0.000585868
-2.22781e-07
8.54031e-06
0.000585864
-3.8576e-07
8.5762e-06
0.000570117
-4.42237e-07
8.68401e-06
0.000539332
-3.33596e-07
8.86949e-06
0.000494893
9.05259e-06
0.000438825
2.18747e-09
3.1848e-07
7.3782e-06
0.0003941
4.20372e-07
7.26744e-06
0.000449746
3.81767e-07
7.09825e-06
0.000493608
2.13922e-07
7.04743e-06
0.000523884
-3.74561e-10
7.01088e-06
0.000539336
-2.16451e-07
6.96622e-06
0.000539333
-3.79383e-07
6.99575e-06
0.00052388
-4.30601e-07
7.08228e-06
0.000493605
-3.21322e-07
7.24036e-06
0.000449742
7.38142e-06
0.000394095
-4.55024e-10
3.07293e-07
5.89675e-06
0.000349535
4.18249e-07
5.82027e-06
0.000404767
3.70257e-07
5.67826e-06
0.000448055
2.13389e-07
5.64518e-06
0.000477821
7.522e-09
5.61006e-06
0.000492979
-2.10645e-07
5.57862e-06
0.000492977
-3.7771e-07
5.60391e-06
0.000477819
-4.28219e-07
5.66496e-06
0.000448054
-3.14071e-07
5.79068e-06
0.000404764
5.89961e-06
0.000349532
1.48281e-10
2.98694e-07
4.59527e-06
0.000305064
4.21467e-07
4.52626e-06
0.000359877
3.68756e-07
4.42693e-06
0.000402589
2.16632e-07
4.4018e-06
0.000431842
1.10015e-08
4.37406e-06
0.000446703
-2.09366e-07
4.35706e-06
0.000446702
-3.76512e-07
4.37586e-06
0.000431841
-4.2948e-07
4.41418e-06
0.000402588
-3.101e-07
4.50061e-06
0.000359875
4.58651e-06
0.000305063
1.4432e-09
2.99395e-07
0.000260646
4.29899e-07
0.000315033
3.76075e-07
0.000357165
2.24173e-07
0.000385901
9.78736e-09
0.000400465
-2.12745e-07
0.000400465
-3.78406e-07
0.0003859
-4.3416e-07
0.000357164
-3.1249e-07
0.000315032
0.000260645
5.54314e-10
1.98362e-07
1.42783e-05
0.000521301
1.96138e-07
1.5311e-05
0.000579458
1.69331e-07
1.59459e-05
0.000626839
1.36869e-07
1.62398e-05
0.000660459
1.38536e-09
1.64607e-05
0.000677884
-1.13682e-07
1.64237e-05
0.000677967
-1.507e-07
1.62215e-05
0.00066065
-1.60912e-07
1.58926e-05
0.000627069
-8.23134e-08
1.5193e-05
0.00057968
1.42608e-05
0.00052158
2.05659e-08
2.29772e-07
1.6953e-05
0.000617255
3.02944e-07
1.71317e-05
0.00067886
3.28735e-07
1.71353e-05
0.000728127
2.12182e-07
1.71425e-05
0.000762523
3.55954e-09
1.71993e-05
0.000780296
-2.08517e-07
1.71811e-05
0.000780269
-3.38714e-07
1.71194e-05
0.000762524
-3.52142e-07
1.71136e-05
0.000728064
-2.70179e-07
1.70126e-05
0.000678819
1.69014e-05
0.000617257
-3.80185e-08
1.93565e-07
1.50932e-05
0.000578398
3.4996e-07
1.49503e-05
0.000636648
3.67775e-07
1.47915e-05
0.000683419
2.11262e-07
1.47796e-05
0.000716138
1.19034e-08
1.47755e-05
0.000732969
-1.90954e-07
1.47622e-05
0.000732957
-3.51596e-07
1.47572e-05
0.000716112
-3.74399e-07
1.48133e-05
0.000683382
-2.83123e-07
1.49019e-05
0.000636592
1.50391e-05
0.000578345
-9.94715e-09
2.72839e-07
1.28899e-05
0.000531459
4.2053e-07
1.26831e-05
0.000588715
3.79526e-07
1.25239e-05
0.000634572
2.03454e-07
1.25113e-05
0.00066657
-6.99533e-09
1.24787e-05
0.00068299
-1.96413e-07
1.24412e-05
0.000682986
-3.53466e-07
1.24722e-05
0.000666553
-4.00994e-07
1.25547e-05
0.000634553
-3.01222e-07
1.26887e-05
0.000588686
1.2855e-05
0.000531425
1.19253e-08
3.16726e-07
1.08364e-05
0.000485602
4.29909e-07
1.06459e-05
0.000542312
3.70519e-07
1.04986e-05
0.000587505
2.01639e-07
1.04798e-05
0.000618926
-1.7415e-08
1.04458e-05
0.00063502
-2.09358e-07
1.03803e-05
0.000635015
-3.54208e-07
1.04212e-05
0.000618913
-4.12088e-07
1.05293e-05
0.000587493
-3.15594e-07
1.06704e-05
0.000542298
1.08133e-05
0.000485584
7.27726e-09
3.17304e-07
8.98273e-06
0.00044037
4.14204e-07
8.82989e-06
0.000496618
3.58652e-07
8.69118e-06
0.000541201
2.05549e-07
8.66865e-06
0.000572087
-9.50881e-09
8.64877e-06
0.00058788
-2.10621e-07
8.57026e-06
0.000587875
-3.56651e-07
8.60605e-06
0.000572078
-4.10433e-07
8.71988e-06
0.000541195
-3.11751e-07
8.85293e-06
0.000496612
8.96695e-06
0.000440359
1.05212e-09
3.12729e-07
7.31964e-06
0.000395449
4.03459e-07
7.2177e-06
0.000451267
3.50723e-07
7.08672e-06
0.000495265
2.06282e-07
7.06338e-06
0.000525634
4.17475e-09
7.05314e-06
0.000541134
-2.07533e-07
6.98543e-06
0.00054113
-3.64258e-07
7.01325e-06
0.00052563
-4.11327e-07
7.10927e-06
0.000495263
-3.06355e-07
7.22624e-06
0.000451264
7.317e-06
0.000395442
-3.86211e-09
3.06996e-07
5.84364e-06
0.000350706
4.05722e-07
5.77881e-06
0.000406107
3.49059e-07
5.67084e-06
0.000449527
2.00814e-07
5.64894e-06
0.000479384
1.42533e-08
5.62967e-06
0.000494589
-2.04193e-07
5.59389e-06
0.000494587
-3.68732e-07
5.61422e-06
0.000479383
-4.13776e-07
5.68156e-06
0.000449526
-3.02283e-07
5.77494e-06
0.000406104
5.84798e-06
0.000350702
-3.32094e-09
2.97594e-07
4.54495e-06
0.000306069
4.11963e-07
4.49079e-06
0.000361051
3.54984e-07
4.42191e-06
0.000403895
2.0389e-07
4.40413e-06
0.000433238
1.26528e-08
4.37871e-06
0.000448145
-2.04274e-07
4.3682e-06
0.000448145
-3.67709e-07
4.38136e-06
0.000433237
-4.14655e-07
4.42274e-06
0.000403894
-2.98849e-07
4.4858e-06
0.000361049
4.54623e-06
0.000306068
-1.46989e-09
2.93768e-07
0.000261494
4.17772e-07
0.000316051
3.64178e-07
0.000358315
2.14583e-07
0.000387141
5.50936e-09
0.000401751
-2.08481e-07
0.000401751
-3.69529e-07
0.000387141
-4.17569e-07
0.000358314
-2.99342e-07
0.00031605
0.000261493
-1.78193e-09
8.28022e-08
1.17778e-05
0.000509568
5.19335e-08
1.3121e-05
0.000566368
3.36334e-08
1.39675e-05
0.00061289
8.57834e-08
1.44202e-05
0.000645987
4.02638e-09
1.4749e-05
0.000663217
-2.78733e-08
1.46858e-05
0.000663313
-1.08283e-08
1.44257e-05
0.000646208
-2.26448e-08
1.39426e-05
0.000613138
1.38834e-08
1.29949e-05
0.000566648
1.17412e-05
0.000509815
3.79145e-08
8.84181e-08
1.56934e-05
0.000613265
1.50081e-07
1.61007e-05
0.000675819
2.00933e-07
1.62987e-05
0.000725745
1.40354e-07
1.6405e-05
0.000760599
-3.54847e-10
1.65673e-05
0.000778618
-1.45825e-07
1.65165e-05
0.000778584
-2.23141e-07
1.6413e-05
0.000760614
-2.19817e-07
1.63058e-05
0.000725698
-1.60462e-07
1.59899e-05
0.000675764
1.56012e-05
0.000613274
-3.74863e-08
1.01896e-07
1.4441e-05
0.000579471
2.17087e-07
1.44127e-05
0.000638221
2.80373e-07
1.43195e-05
0.000685335
1.37026e-07
1.4419e-05
0.000718268
8.95687e-09
1.44546e-05
0.00073521
-1.48326e-07
1.44378e-05
0.000735193
-2.73958e-07
1.44087e-05
0.000718242
-2.82097e-07
1.44063e-05
0.00068529
-2.16563e-07
1.4358e-05
0.000638159
1.43284e-05
0.000579418
-1.7275e-08
1.78714e-07
1.24601e-05
0.000533164
3.12875e-07
1.23131e-05
0.000590681
3.04214e-07
1.21671e-05
0.000636733
1.4106e-07
1.22836e-05
0.000668868
-8.8082e-09
1.22412e-05
0.000685353
-1.64723e-07
1.2229e-05
0.000685351
-2.92168e-07
1.22412e-05
0.000668848
-3.29856e-07
1.2286e-05
0.000636711
-2.47446e-07
1.23169e-05
0.000590644
1.23649e-05
0.000533128
1.32474e-08
2.55131e-07
1.05207e-05
0.000487235
3.6762e-07
1.03608e-05
0.000544152
3.09112e-07
1.02235e-05
0.000589507
1.65662e-07
1.03088e-05
0.000621044
-1.98764e-08
1.02543e-05
0.000637193
-1.83256e-07
1.02188e-05
0.000637189
-3.06284e-07
1.02491e-05
0.000621028
-3.55754e-07
1.03344e-05
0.000589494
-2.73713e-07
1.03969e-05
0.000544136
1.04496e-05
0.000487216
9.97584e-09
2.80254e-07
8.73314e-06
0.00044185
3.78048e-07
8.59648e-06
0.000498284
3.07821e-07
8.48169e-06
0.000543013
1.88588e-07
8.51452e-06
0.000574001
-8.01806e-09
8.48812e-06
0.000589843
-1.89815e-07
8.43654e-06
0.000589839
-3.21912e-07
8.46823e-06
0.000573991
-3.7084e-07
8.5708e-06
0.000543008
-2.83308e-07
8.6433e-06
0.000498278
8.68803e-06
0.000441838
-5.62245e-10
2.95175e-07
7.11887e-06
0.000396761
3.81049e-07
7.02392e-06
0.000452754
3.11589e-07
6.92846e-06
0.000496887
1.95264e-07
6.91552e-06
0.000527349
5.86975e-09
6.91497e-06
0.000542896
-1.92931e-07
6.87243e-06
0.000542893
-3.40282e-07
6.89943e-06
0.000527346
-3.83112e-07
6.99029e-06
0.000496886
-2.85496e-07
7.05878e-06
0.000452751
7.09661e-06
0.000396754
-5.68669e-09
2.99354e-07
5.67823e-06
0.000351851
3.86635e-07
5.62291e-06
0.00040742
3.22765e-07
5.5473e-06
0.000450972
1.86802e-07
5.51805e-06
0.000480917
1.25525e-08
5.50967e-06
0.000496169
-1.94436e-07
5.49904e-06
0.000496168
-3.49453e-07
5.5196e-06
0.000480917
-3.87619e-07
5.5832e-06
0.000450972
-2.83937e-07
5.64147e-06
0.000407417
5.67412e-06
0.000351847
-6.06352e-09
2.91901e-07
4.40894e-06
0.000307053
3.94055e-07
4.37001e-06
0.000362201
3.38374e-07
4.32299e-06
0.000405175
1.8878e-07
4.30017e-06
0.000434605
5.43372e-09
4.27987e-06
0.000449558
-1.98523e-07
4.28924e-06
0.000449559
-3.50394e-07
4.30288e-06
0.000434606
-3.88178e-07
4.3408e-06
0.000405174
-2.79199e-07
4.38184e-06
0.000362199
4.41462e-06
0.000307052
-3.90846e-09
2.86919e-07
0.000262326
3.99897e-07
0.000317048
3.51701e-07
0.00035944
1.99584e-07
0.000388354
-4.59567e-09
0.000403009
-2.05595e-07
0.00040301
-3.54938e-07
0.000388354
-3.92921e-07
0.00035944
-2.78495e-07
0.000317047
0.000262325
-2.01128e-09
-5.06097e-09
9.28907e-06
0.00050042
-7.03281e-08
1.07955e-05
0.000555638
-7.60726e-08
1.18202e-05
0.000601076
6.95404e-09
1.24503e-05
0.000633453
1.05643e-08
1.28259e-05
0.000650388
5.85653e-08
1.27555e-05
0.000650509
1.23283e-07
1.24394e-05
0.000633704
1.26547e-07
1.18047e-05
0.000601331
1.27771e-07
1.07185e-05
0.000555929
9.2723e-06
0.000500608
6.2386e-08
-1.51465e-08
1.4159e-05
0.00060841
3.79726e-08
1.47762e-05
0.000671785
7.98946e-08
1.51933e-05
0.00072233
5.64596e-08
1.54371e-05
0.000757635
-1.00627e-08
1.56162e-05
0.000775895
-8.98467e-08
1.55644e-05
0.000775854
-1.32694e-07
1.54322e-05
0.000757664
-1.10084e-07
1.51795e-05
0.0007223
-7.03752e-08
1.47091e-05
0.000671734
1.40853e-05
0.000608429
-3.82661e-08
3.48888e-08
1.35446e-05
0.000579973
1.02393e-07
1.36506e-05
0.000639279
1.70279e-07
1.36837e-05
0.000686777
6.93059e-08
1.38561e-05
0.00071995
-1.24207e-09
1.3886e-05
0.000737011
-1.13367e-07
1.38843e-05
0.000736986
-2.05708e-07
1.38468e-05
0.00071992
-2.18095e-07
1.37594e-05
0.000686723
-1.66519e-07
1.36015e-05
0.000639215
1.34314e-05
0.000579928
-2.24529e-08
1.14085e-07
1.18344e-05
0.000534661
2.11533e-07
1.1779e-05
0.000592455
2.20733e-07
1.16943e-05
0.000638713
9.80011e-08
1.18615e-05
0.000670986
-6.89789e-09
1.18047e-05
0.00068754
-1.33389e-07
1.18271e-05
0.000687534
-2.29104e-07
1.18286e-05
0.000670962
-2.65403e-07
1.18194e-05
0.000638687
-2.04931e-07
1.17705e-05
0.000592415
1.17144e-05
0.000534628
1.18721e-08
2.02634e-07
1.0049e-05
0.000488753
2.96779e-07
9.95526e-06
0.000545882
2.42479e-07
9.85713e-06
0.000591398
1.42411e-07
9.95698e-06
0.000623049
-9.81019e-09
9.89655e-06
0.000639253
-1.52722e-07
9.90781e-06
0.000639251
-2.57107e-07
9.92954e-06
0.000623031
-2.97879e-07
9.96988e-06
0.000591385
-2.33743e-07
9.97871e-06
0.000545864
9.95012e-06
0.000488736
9.95594e-09
2.38339e-07
8.36549e-06
0.000443252
3.29455e-07
8.27577e-06
0.000499873
2.62576e-07
8.19053e-06
0.000544746
1.74178e-07
8.21308e-06
0.000575833
-7.37093e-10
8.18875e-06
0.000591725
-1.63408e-07
8.1859e-06
0.000591723
-2.83708e-07
8.21644e-06
0.000575825
-3.29145e-07
8.28293e-06
0.00054474
-2.50796e-07
8.31242e-06
0.000499866
8.29706e-06
0.00044324
-4.298e-10
2.65661e-07
6.82698e-06
0.000398017
3.47238e-07
6.76541e-06
0.000454183
2.80602e-07
6.69399e-06
0.000498451
1.81258e-07
6.65831e-06
0.000529003
6.46615e-09
6.66389e-06
0.000544596
-1.73792e-07
6.6642e-06
0.000544594
-3.06712e-07
6.69375e-06
0.000529002
-3.48541e-07
6.7619e-06
0.000498449
-2.58814e-07
6.79419e-06
0.000454179
6.78601e-06
0.000398009
-3.27696e-09
2.76283e-07
5.44593e-06
0.000352953
3.5705e-07
5.41697e-06
0.000408688
2.98526e-07
5.35662e-06
0.000452368
1.75661e-07
5.29908e-06
0.000482399
6.99463e-09
5.30635e-06
0.000497695
-1.83142e-07
5.32728e-06
0.000497695
-3.19283e-07
5.34697e-06
0.0004824
-3.54048e-07
5.4012e-06
0.000452367
-2.59577e-07
5.43241e-06
0.000408685
5.42951e-06
0.000352949
-4.73642e-09
2.72642e-07
4.22816e-06
0.000308004
3.67223e-07
4.21063e-06
0.000363313
3.2245e-07
4.16477e-06
0.000406411
1.76969e-07
4.12356e-06
0.000435926
-2.79427e-09
4.12138e-06
0.000450923
-1.9114e-07
4.15064e-06
0.000450924
-3.26813e-07
4.16121e-06
0.000435927
-3.56296e-07
4.19433e-06
0.00040641
-2.55825e-07
4.22035e-06
0.000363311
4.22867e-06
0.000308002
-4.67749e-09
2.68257e-07
0.000263128
3.77107e-07
0.000318011
3.37675e-07
0.000360526
1.82949e-07
0.000389525
-1.46857e-08
0.000404223
-1.98963e-07
0.000404224
-3.3629e-07
0.000389525
-3.64253e-07
0.000360526
-2.5448e-07
0.00031801
0.000263128
-5.08989e-10
-7.27454e-08
7.01949e-06
0.000493603
-1.55355e-07
8.5408e-06
0.00054718
-1.47877e-07
9.6678e-06
0.0005914
-5.32112e-08
1.04239e-05
0.000622935
1.40342e-08
1.08236e-05
0.000639497
1.26208e-07
1.0752e-05
0.000639645
2.178e-07
1.03935e-05
0.000623218
2.47682e-07
9.65548e-06
0.000591645
2.18199e-07
8.54157e-06
0.000547416
7.01004e-06
0.000493729
8.69049e-08
-7.09475e-08
1.25251e-05
0.000602958
-2.42066e-08
1.33142e-05
0.000666965
1.46076e-09
1.39188e-05
0.000718053
-7.96931e-09
1.42924e-05
0.000753776
-2.57953e-08
1.44844e-05
0.000772251
-5.02271e-08
1.4416e-05
0.000772215
-6.84192e-08
1.426e-05
0.000753816
-3.84215e-08
1.38741e-05
0.000718052
4.72099e-09
1.32954e-05
0.000666937
1.2499e-05
0.000602985
-4.02586e-08
1.56665e-08
1.25256e-05
0.000579888
5.10174e-08
1.27707e-05
0.000639787
8.65731e-08
1.29575e-05
0.000687702
2.76786e-08
1.31593e-05
0.000721142
-1.4089e-08
1.32071e-05
0.00073833
-9.63767e-08
1.31882e-05
0.000738296
-1.68243e-07
1.31473e-05
0.000721105
-1.93197e-07
1.29759e-05
0.000687646
-1.38924e-07
1.27236e-05
0.000639732
1.24595e-05
0.000579854
-2.50929e-08
1.00615e-07
1.10948e-05
0.000535927
1.40602e-07
1.11715e-05
0.000594014
1.48911e-07
1.11738e-05
0.000640489
7.5939e-08
1.13189e-05
0.000672899
1.12171e-08
1.12855e-05
0.000689526
-1.0759e-07
1.13275e-05
0.000689514
-1.80155e-07
1.13098e-05
0.000672872
-2.18673e-07
1.12438e-05
0.000640458
-1.76413e-07
1.11217e-05
0.000593975
1.10025e-05
0.000535901
6.87026e-09
1.66144e-07
9.49198e-06
0.000490145
2.32904e-07
9.50056e-06
0.000547486
1.95976e-07
9.44642e-06
0.000593162
1.24935e-07
9.51699e-06
0.000624921
1.2565e-08
9.46529e-06
0.000641185
-1.21275e-07
9.52904e-06
0.000641183
-2.13528e-07
9.52683e-06
0.000624906
-2.44352e-07
9.51073e-06
0.000593149
-2.00896e-07
9.47581e-06
0.000547466
9.39931e-06
0.000490131
7.33385e-09
1.98727e-07
7.93658e-06
0.000444564
2.87377e-07
7.91503e-06
0.00050137
2.30575e-07
7.86397e-06
0.000546385
1.56692e-07
7.85492e-06
0.000577569
9.6204e-09
7.82607e-06
0.000593512
-1.36251e-07
7.88648e-06
0.000593512
-2.47104e-07
7.90056e-06
0.000577562
-2.85255e-07
7.91128e-06
0.000546378
-2.18842e-07
7.91342e-06
0.000501362
7.86141e-06
0.000444555
4.57544e-09
2.29194e-07
6.48799e-06
0.000399205
3.11049e-07
6.47541e-06
0.000455541
2.55938e-07
6.4292e-06
0.00049994
1.62919e-07
6.36983e-06
0.000530581
4.57532e-09
6.36217e-06
0.000546218
-1.51745e-07
6.41774e-06
0.00054622
-2.67838e-07
6.43759e-06
0.000530581
-3.10119e-07
6.46608e-06
0.000499937
-2.31066e-07
6.47738e-06
0.000455536
6.43848e-06
0.000399198
3.4124e-09
2.422e-07
5.18059e-06
0.000354002
3.22407e-07
5.18486e-06
0.000409898
2.77677e-07
5.13932e-06
0.000453703
1.62099e-07
5.06636e-06
0.000483818
-6.53786e-09
5.07083e-06
0.000499155
-1.67978e-07
5.11791e-06
0.000499156
-2.81943e-07
5.13311e-06
0.000483819
-3.16516e-07
5.16722e-06
0.000453701
-2.35413e-07
5.18657e-06
0.000409894
5.15427e-06
0.000353998
-8.80216e-11
2.4294e-07
4.02488e-06
0.000308911
3.35784e-07
4.02833e-06
0.000364377
3.02635e-07
3.98873e-06
0.000407595
1.65175e-07
3.93851e-06
0.000437191
-1.41961e-08
3.94355e-06
0.000452229
-1.79471e-07
3.97721e-06
0.00045223
-2.96403e-07
3.98553e-06
0.000437191
-3.21548e-07
4.00965e-06
0.000407593
-2.32135e-07
4.03379e-06
0.000364374
4.01737e-06
0.000308909
-2.41206e-09
2.42926e-07
0.000263897
3.48491e-07
0.000318932
3.17885e-07
0.000361566
1.70555e-07
0.000390645
-1.78378e-08
0.000405384
-1.87518e-07
0.000405384
-3.11712e-07
0.000390645
-3.36379e-07
0.000361565
-2.32303e-07
0.000318932
0.000263896
2.85979e-10
-8.66588e-08
5.07609e-06
0.000488752
-1.74202e-07
6.54175e-06
0.000540726
-1.52605e-07
7.64646e-06
0.000583732
-7.39904e-08
8.4753e-06
0.000614381
2.13837e-08
8.87075e-06
0.000630531
1.747e-07
8.79744e-06
0.000630695
2.85883e-07
8.40623e-06
0.000614701
3.09601e-07
7.65685e-06
0.000583965
2.72019e-07
6.55701e-06
0.000540897
5.06133e-06
0.000488831
1.09363e-07
-8.42352e-08
1.09092e-05
0.000597171
-1.0463e-08
1.18285e-05
0.000661604
-1.56986e-08
1.2587e-05
0.000713118
-3.97596e-08
1.30736e-05
0.000749202
-2.61914e-08
1.32554e-05
0.000767853
-1.98076e-08
1.31764e-05
0.00076783
-1.79935e-08
1.2975e-05
0.000749245
3.85709e-09
1.25342e-05
0.000713153
4.07244e-08
1.186e-05
0.000661597
1.09257e-05
0.000597203
-4.20243e-08
3.26691e-08
1.14769e-05
0.000579226
5.7954e-08
1.18426e-05
0.000639747
4.24676e-08
1.22001e-05
0.000688105
1.65534e-08
1.24109e-05
0.00072183
-1.63686e-08
1.24684e-05
0.00073915
-8.6458e-08
1.24305e-05
0.000739112
-1.563e-07
1.23668e-05
0.000721783
-1.78919e-07
1.2153e-05
0.00068805
-1.24393e-07
1.18273e-05
0.00063971
1.14871e-05
0.0005792
-3.15856e-08
1.19835e-07
1.03093e-05
0.000536957
1.02855e-07
1.05256e-05
0.000595348
1.054e-07
1.06401e-05
0.000642046
8.48144e-08
1.07322e-05
0.000674598
2.40455e-08
1.07561e-05
0.000691299
-8.5066e-08
1.07757e-05
0.000691278
-1.59424e-07
1.07463e-05
0.000674567
-1.91348e-07
1.06322e-05
0.000642011
-1.57332e-07
1.04535e-05
0.000595314
1.02904e-05
0.000536938
2.64135e-09
1.5519e-07
8.88897e-06
0.000491404
1.95241e-07
9.01353e-06
0.000548958
1.77101e-07
9.02673e-06
0.000594794
1.22562e-07
9.04982e-06
0.000626658
3.51603e-08
9.04505e-06
0.000642984
-9.99639e-08
9.11588e-06
0.000642978
-1.83891e-07
9.09033e-06
0.000626646
-2.07408e-07
9.025e-06
0.000594779
-1.75462e-07
8.95002e-06
0.000548938
8.84357e-06
0.000491395
7.5324e-09
1.80422e-07
7.47052e-06
0.000445783
2.61245e-07
7.53186e-06
0.00050277
2.15789e-07
7.53247e-06
0.000547925
1.34968e-07
7.49682e-06
0.000579203
2.15625e-08
7.4741e-06
0.000595196
-1.1692e-07
7.56893e-06
0.000595197
-2.1725e-07
7.55519e-06
0.000579197
-2.45394e-07
7.51484e-06
0.000547916
-1.91607e-07
7.49688e-06
0.000502761
7.41983e-06
0.000445777
1.05049e-08
1.98743e-07
6.12678e-06
0.000400321
2.78034e-07
6.17029e-06
0.000456823
2.37408e-07
6.16251e-06
0.000501351
1.36778e-07
6.10058e-06
0.000532078
-6.42441e-10
6.07126e-06
0.000547758
-1.31298e-07
6.15818e-06
0.000547761
-2.34551e-07
6.16219e-06
0.000532077
-2.72944e-07
6.14577e-06
0.000501344
-2.05947e-07
6.14869e-06
0.000456817
6.08624e-06
0.000400315
1.05955e-08
2.06656e-07
4.89898e-06
0.000354995
2.84814e-07
4.94328e-06
0.000411047
2.57243e-07
4.921e-06
0.000454972
1.4436e-07
4.86234e-06
0.00048517
-1.99131e-08
4.84531e-06
0.000500545
-1.50489e-07
4.89825e-06
0.000500547
-2.46706e-07
4.90944e-06
0.000485168
-2.81571e-07
4.91384e-06
0.000454967
-2.12166e-07
4.9312e-06
0.000411042
4.87629e-06
0.00035499
5.24053e-09
2.09479e-07
3.81258e-06
0.000309773
3.00106e-07
3.84029e-06
0.000365389
2.78042e-07
3.81524e-06
0.000408723
1.57091e-07
3.77645e-06
0.000438398
-2.20856e-08
3.77878e-06
0.000453475
-1.63902e-07
3.79564e-06
0.000453474
-2.64385e-07
3.80516e-06
0.000438396
-2.90751e-07
3.81387e-06
0.00040872
-2.12034e-07
3.8406e-06
0.000365386
3.80204e-06
0.00030977
4.49123e-10
2.13207e-07
0.000264628
3.14484e-07
0.00031981
2.93028e-07
0.000362557
1.62665e-07
0.000391713
-1.16232e-08
0.000406491
-1.70988e-07
0.00040649
-2.83577e-07
0.000391712
-3.10961e-07
0.000362556
-2.15027e-07
0.000319809
0.000264626
-6.84184e-10
-4.63661e-08
3.49811e-06
0.000485456
-1.38787e-07
4.8418e-06
0.000535976
-1.12644e-07
5.87938e-06
0.000577827
-7.16709e-08
6.70373e-06
0.000607636
2.56703e-08
7.06877e-06
0.000623364
2.00511e-07
6.9857e-06
0.000623534
3.17956e-07
6.59385e-06
0.00060799
3.06661e-07
5.90551e-06
0.00057807
2.67236e-07
4.85613e-06
0.00053608
3.48417e-06
0.000485492
1.21908e-07
-5.56836e-08
9.40885e-06
0.000591286
3.22108e-08
1.04277e-05
0.000655931
8.08944e-10
1.12902e-05
0.000707738
-4.66842e-08
1.18472e-05
0.000744106
-2.16837e-08
1.20102e-05
0.000762887
9.23696e-09
1.18997e-05
0.000762885
2.07862e-08
1.16809e-05
0.000744146
2.50115e-08
1.12463e-05
0.000707808
5.56741e-08
1.04836e-05
0.000655939
9.45551e-06
0.00059132
-3.25905e-08
3.99595e-08
1.04995e-05
0.000578015
7.63986e-08
1.09577e-05
0.000639181
3.55177e-08
1.14405e-05
0.000687995
2.09303e-08
1.16699e-05
0.000722022
-1.93647e-08
1.17237e-05
0.000739477
-7.78028e-08
1.1627e-05
0.000739443
-1.56891e-07
1.15783e-05
0.000721964
-1.62731e-07
1.13575e-05
0.000687944
-1.18735e-07
1.09871e-05
0.000639163
1.0574e-05
0.000577994
-3.13924e-08
1.38196e-07
9.57999e-06
0.000537753
9.80424e-08
9.88756e-06
0.000596458
9.74093e-08
1.01019e-05
0.000643385
1.05557e-07
1.01789e-05
0.000676081
2.88018e-08
1.02422e-05
0.000692857
-8.38603e-08
1.01884e-05
0.000692829
-1.61338e-07
1.01766e-05
0.000676046
-1.76331e-07
1.00378e-05
0.000643346
-1.46651e-07
9.8362e-06
0.000596436
9.63212e-06
0.000537739
-5.40324e-09
1.65986e-07
8.30977e-06
0.000492538
1.82783e-07
8.52821e-06
0.000550301
1.77625e-07
8.60554e-06
0.000596295
1.3118e-07
8.61931e-06
0.000628264
5.0019e-08
8.65838e-06
0.000644649
-9.8194e-08
8.67602e-06
0.000644639
-1.79703e-07
8.65132e-06
0.000628253
-1.94451e-07
8.55255e-06
0.000596279
-1.57994e-07
8.45599e-06
0.000550282
8.32952e-06
0.000492532
7.83246e-09
1.80816e-07
7.01786e-06
0.000446913
2.43553e-07
7.15725e-06
0.000504079
2.10836e-07
7.1951e-06
0.000549368
1.20921e-07
7.17411e-06
0.000580738
2.68519e-08
7.16677e-06
0.000596782
-1.09931e-07
7.2294e-06
0.000596781
-2.02991e-07
7.20833e-06
0.000580733
-2.24512e-07
7.13242e-06
0.000549358
-1.78134e-07
7.10349e-06
0.000504067
7.00715e-06
0.000446908
1.22999e-08
1.81804e-07
5.77395e-06
0.000401368
2.54958e-07
5.87461e-06
0.000458032
2.22871e-07
5.8943e-06
0.000502684
1.16104e-07
5.8629e-06
0.000533496
-7.02403e-09
5.82976e-06
0.000549219
-1.21881e-07
5.88485e-06
0.00054922
-2.10065e-07
5.88108e-06
0.000533492
-2.43621e-07
5.83538e-06
0.000502675
-1.90725e-07
5.84278e-06
0.000458025
5.75924e-06
0.000401362
9.34347e-09
1.82087e-07
4.62774e-06
0.000355933
2.58041e-07
4.70949e-06
0.000412136
2.37915e-07
4.70917e-06
0.000456177
1.28392e-07
4.68786e-06
0.000486454
-2.44662e-08
4.65912e-06
0.000501869
-1.37722e-07
4.67608e-06
0.000501869
-2.21181e-07
4.68278e-06
0.00048645
-2.56393e-07
4.66768e-06
0.00045617
-1.93497e-07
4.69154e-06
0.000412131
4.62157e-06
0.000355928
6.33402e-09
1.81747e-07
3.60497e-06
0.000310591
2.68224e-07
3.66018e-06
0.000366352
2.52975e-07
3.65069e-06
0.000409797
1.458e-07
3.64495e-06
0.000439548
-1.62365e-08
3.63376e-06
0.000454662
-1.47104e-07
3.62092e-06
0.00045466
-2.38576e-07
3.62645e-06
0.000439544
-2.7088e-07
3.62737e-06
0.000409792
-1.97608e-07
3.65589e-06
0.000366349
3.60571e-06
0.000310588
3.65108e-10
1.86197e-07
0.000265323
2.80626e-07
0.000320647
2.61589e-07
0.000363501
1.5632e-07
0.000392731
2.65257e-09
0.000407546
-1.49379e-07
0.000407544
-2.57426e-07
0.000392729
-2.91583e-07
0.0003635
-2.0497e-07
0.000320646
0.000265322
-3.87966e-09
2.64982e-08
2.32015e-06
0.00048329
-5.90892e-08
3.4564e-06
0.000532606
-4.27116e-08
4.41421e-06
0.000573396
-5.69537e-08
5.17154e-06
0.000602479
1.64991e-08
5.48453e-06
0.000617807
1.77345e-07
5.40578e-06
0.000617967
2.96136e-07
5.0234e-06
0.000602848
2.64412e-07
4.42231e-06
0.00057368
2.05834e-07
3.50326e-06
0.000532636
2.31842e-06
0.000483268
1.11178e-07
-2.71184e-08
8.11715e-06
0.000585506
7.04746e-08
9.13292e-06
0.000650156
1.72903e-08
1.00859e-05
0.00070212
-4.4876e-08
1.06592e-05
0.00073868
-1.3994e-08
1.0798e-05
0.000757542
2.53796e-08
1.06846e-05
0.000757566
5.00926e-08
1.0429e-05
0.000738716
4.98627e-08
1.00193e-05
0.000702211
7.06985e-08
9.25199e-06
0.000650169
8.1831e-06
0.000585534
-7.17905e-09
3.52695e-08
9.67506e-06
0.000576308
9.28768e-08
1.01385e-05
0.000638118
3.72717e-08
1.07394e-05
0.000687397
3.27458e-08
1.09507e-05
0.000721735
-2.17196e-08
1.09973e-05
0.000739332
-7.88741e-08
1.08735e-05
0.000739311
-1.54245e-07
1.07966e-05
0.000721672
-1.42065e-07
1.06e-05
0.000687351
-1.04978e-07
1.02622e-05
0.000638116
9.80121e-06
0.000576292
-2.15579e-08
1.61673e-07
8.96538e-06
0.000538318
1.14478e-07
9.28828e-06
0.000597356
1.10352e-07
9.61228e-06
0.000644517
1.27295e-07
9.6584e-06
0.000677356
2.49122e-08
9.74868e-06
0.000694208
-9.32499e-08
9.63998e-06
0.000694181
-1.80499e-07
9.6109e-06
0.000677319
-1.82871e-07
9.47677e-06
0.000644471
-1.40755e-07
9.31152e-06
0.000597344
9.09588e-06
0.000538308
-4.94936e-09
1.91829e-07
7.80899e-06
0.000493556
1.78271e-07
8.07889e-06
0.000551523
1.89848e-07
8.21967e-06
0.000597677
1.39592e-07
8.22445e-06
0.000629749
4.15846e-08
8.30679e-06
0.000646189
-1.01871e-07
8.2471e-06
0.000646175
-1.90459e-07
8.21584e-06
0.000629736
-2.07042e-07
8.11486e-06
0.000597658
-1.58366e-07
8.0363e-06
0.000551508
7.90854e-06
0.000493552
9.28785e-09
1.91404e-07
6.61291e-06
0.000447964
2.28569e-07
6.81828e-06
0.000505302
2.13327e-07
6.87978e-06
0.000550723
1.12339e-07
6.88034e-06
0.000582183
1.92146e-08
6.90585e-06
0.000598276
-1.12718e-07
6.88868e-06
0.000598271
-2.00804e-07
6.85929e-06
0.000582178
-2.26067e-07
6.78645e-06
0.000550712
-1.80981e-07
6.76914e-06
0.000505289
6.66929e-06
0.00044796
7.05202e-09
1.78459e-07
5.46052e-06
0.000402354
2.43155e-07
5.61001e-06
0.000459176
2.15905e-07
5.64384e-06
0.000503947
1.0161e-07
5.64872e-06
0.000534842
-6.81323e-09
5.62651e-06
0.000550606
-1.21099e-07
5.61809e-06
0.000550605
-2.03235e-07
5.59884e-06
0.000534835
-2.38311e-07
5.56024e-06
0.000503936
-1.88895e-07
5.578e-06
0.000459167
5.49145e-06
0.000402349
2.83938e-09
1.72372e-07
4.38715e-06
0.000356821
2.44355e-07
4.50239e-06
0.000413172
2.24735e-07
4.51543e-06
0.000457325
1.19989e-07
4.52836e-06
0.000487679
-1.68798e-08
4.49939e-06
0.000503133
-1.26832e-07
4.46647e-06
0.00050313
-2.13096e-07
4.46277e-06
0.000487672
-2.51575e-07
4.45225e-06
0.000457317
-1.90476e-07
4.48206e-06
0.000413166
4.41135e-06
0.000356817
8.3935e-10
1.64049e-07
3.42506e-06
0.00031137
2.46374e-07
3.5015e-06
0.000367271
2.30717e-07
3.5056e-06
0.000410822
1.37137e-07
3.52292e-06
0.000440647
-2.80139e-09
3.50383e-06
0.000455798
-1.30473e-07
3.45967e-06
0.000455795
-2.25739e-07
3.46015e-06
0.000440642
-2.64692e-07
3.46587e-06
0.000410817
-1.94369e-07
3.49338e-06
0.000367267
3.4412e-06
0.000311367
-2.92641e-09
1.64063e-07
0.000265987
2.54024e-07
0.000321447
2.33851e-07
0.000364405
1.47613e-07
0.000393705
1.53937e-08
0.000408555
-1.32505e-07
0.000408553
-2.40239e-07
0.000393702
-2.80252e-07
0.000364403
-2.01425e-07
0.000321445
0.000265986
-9.38988e-09
1.46853e-07
1.50007e-06
0.000481865
4.61442e-08
2.42824e-06
0.000530278
4.77606e-08
3.24403e-06
0.000570151
-3.51112e-08
3.92433e-06
0.000598637
1.69825e-08
4.13626e-06
0.000613618
1.00421e-07
4.12321e-06
0.000613761
2.13488e-07
3.73564e-06
0.000598999
1.91857e-07
3.21404e-06
0.000570487
1.01001e-07
2.48089e-06
0.000530246
1.54398e-06
0.000481747
7.77749e-08
-1.34993e-09
7.05869e-06
0.000579989
7.7202e-08
8.04252e-06
0.000644464
1.05095e-08
8.98914e-06
0.000696441
-5.38856e-08
9.57193e-06
0.000733097
-6.83919e-09
9.62805e-06
0.000752004
3.13278e-08
9.60932e-06
0.000752042
6.33787e-08
9.28994e-06
0.00073313
6.40092e-08
8.88899e-06
0.000696535
6.5992e-08
8.18588e-06
0.000644462
7.12281e-06
0.000580012
9.17188e-09
1.14611e-08
9.03047e-06
0.000574179
9.26159e-08
9.47579e-06
0.000636603
2.50872e-08
1.01103e-05
0.000686344
3.84071e-08
1.02982e-05
0.000720996
-3.00563e-08
1.0282e-05
0.000738746
-7.88634e-08
1.02261e-05
0.000738743
-1.37895e-07
1.00847e-05
0.000720936
-1.16362e-07
9.91727e-06
0.000686301
-7.88829e-08
9.65681e-06
0.000636607
9.17187e-06
0.000574172
-7.88622e-09
1.53128e-07
8.50937e-06
0.000538655
1.28484e-07
8.80471e-06
0.000598052
1.21045e-07
9.18187e-06
0.000645452
1.41107e-07
9.19184e-06
0.000678443
4.36257e-09
9.25822e-06
0.000695369
-9.85318e-08
9.15915e-06
0.000695351
-1.96382e-07
9.09707e-06
0.000678405
-1.98126e-07
8.98725e-06
0.000645403
-1.38074e-07
8.89401e-06
0.000598047
8.68488e-06
0.000538651
6.61877e-09
2.00628e-07
7.44685e-06
0.00049447
1.86024e-07
7.69977e-06
0.000552643
2.05335e-07
7.88785e-06
0.000598951
1.45916e-07
7.87433e-06
0.000631126
1.79901e-08
7.95743e-06
0.000647617
-1.07678e-07
7.85694e-06
0.000647603
-2.07942e-07
7.82239e-06
0.000631111
-2.35212e-07
7.74332e-06
0.000598929
-1.71172e-07
7.70675e-06
0.000552632
7.59152e-06
0.000494465
8.65417e-09
2.0056e-07
6.31893e-06
0.000448946
2.2634e-07
6.52399e-06
0.000506452
2.21896e-07
6.61282e-06
0.000552003
1.14698e-07
6.61439e-06
0.00058355
4.99264e-09
6.65453e-06
0.000599688
-1.20791e-07
6.57319e-06
0.000599681
-2.10907e-07
6.54692e-06
0.000583543
-2.46376e-07
6.50027e-06
0.00055199
-1.92867e-07
6.50342e-06
0.000506439
6.41673e-06
0.000448941
5.33333e-10
1.88994e-07
5.22916e-06
0.000403288
2.43505e-07
5.38313e-06
0.000460262
2.21515e-07
5.43121e-06
0.000505151
1.05179e-07
5.44678e-06
0.000536126
-8.69426e-09
5.44314e-06
0.000551932
-1.26871e-07
5.36977e-06
0.000551927
-2.16102e-07
5.35485e-06
0.000536116
-2.55857e-07
5.33731e-06
0.000505139
-2.02207e-07
5.36431e-06
0.000460252
5.28831e-06
0.000403282
-7.23873e-09
1.75234e-07
4.21389e-06
0.000357668
2.41745e-07
4.32699e-06
0.000414162
2.24158e-07
4.3497e-06
0.000458424
1.22054e-07
4.37445e-06
0.000488854
-4.28064e-09
4.35637e-06
0.000504346
-1.24155e-07
4.27878e-06
0.000504341
-2.21937e-07
4.27969e-06
0.000488845
-2.63336e-07
4.27954e-06
0.000458416
-1.98656e-07
4.30983e-06
0.000414155
4.25123e-06
0.000357664
-8.88552e-09
1.56344e-07
3.29788e-06
0.000312115
2.3291e-07
3.36924e-06
0.000368152
2.1614e-07
3.38118e-06
0.000411807
1.32063e-07
3.40216e-06
0.000441704
1.15484e-08
3.38453e-06
0.00045689
-1.2265e-07
3.32078e-06
0.000456887
-2.26856e-07
3.32718e-06
0.000441699
-2.70194e-07
3.33665e-06
0.000411804
-1.98582e-07
3.35675e-06
0.000368148
3.31735e-06
0.000312113
-1.03963e-08
1.53601e-07
0.000266625
2.36914e-07
0.000322216
2.15102e-07
0.000365275
1.38686e-07
0.000394642
1.95375e-08
0.000409527
-1.28083e-07
0.000409525
-2.35888e-07
0.00039464
-2.76525e-07
0.000365273
-2.02529e-07
0.000322214
0.000266623
-1.27694e-08
2.84975e-07
9.74015e-07
0.00048089
1.55513e-07
1.72526e-06
0.000528682
1.37047e-07
2.35801e-06
0.000567811
1.08413e-08
2.93838e-06
0.000595825
1.98008e-08
3.06575e-06
0.000610543
1.59034e-08
3.09578e-06
0.000610669
1.00082e-07
2.75123e-06
0.000596163
1.10303e-07
2.28143e-06
0.000568196
1.83856e-08
1.72472e-06
0.000528613
1.0567e-06
0.000480669
3.95881e-08
1.90314e-08
6.19782e-06
0.000574847
5.1552e-08
7.17136e-06
0.000638985
-2.52255e-09
8.00211e-06
0.000690851
-5.89504e-08
8.59022e-06
0.000727502
-3.11038e-09
8.59019e-06
0.000746423
1.34123e-08
8.66127e-06
0.00074646
4.96216e-08
8.31001e-06
0.000727535
5.78863e-08
7.88207e-06
0.000690926
4.17281e-08
7.24692e-06
0.000638956
6.25327e-06
0.000574856
9.74469e-10
-3.94865e-08
8.53712e-06
0.000571712
5.78501e-08
8.98493e-06
0.000634692
-6.80155e-09
9.53359e-06
0.000684877
1.98093e-08
9.72124e-06
0.000719838
-2.83881e-08
9.63317e-06
0.000737752
-8.24035e-08
9.69967e-06
0.000737759
-1.21553e-07
9.49527e-06
0.00071979
-9.58198e-08
9.32446e-06
0.000684833
-5.39651e-08
9.12197e-06
0.00063469
8.64848e-06
0.000571716
7.35836e-09
1.15322e-07
8.21832e-06
0.000538766
1.35698e-07
8.4675e-06
0.000598549
1.17813e-07
8.80264e-06
0.000646201
1.27188e-07
8.79867e-06
0.000679356
-2.48165e-08
8.79681e-06
0.000696357
-9.92082e-08
8.77186e-06
0.000696353
-1.94795e-07
8.67797e-06
0.000679318
-2.06728e-07
8.5877e-06
0.000646152
-1.3663e-07
8.55165e-06
0.000598547
8.37356e-06
0.000538766
2.31378e-08
1.89482e-07
7.21807e-06
0.000495286
1.98295e-07
7.42922e-06
0.000553672
2.11334e-07
7.60693e-06
0.000600134
1.44321e-07
7.57974e-06
0.000632412
-1.5771e-08
7.62359e-06
0.000648951
-1.10778e-07
7.52964e-06
0.00064894
-2.16899e-07
7.50151e-06
0.000632394
-2.64196e-07
7.45463e-06
0.000600109
-1.89435e-07
7.44458e-06
0.000553664
7.35871e-06
0.000495281
9.50111e-09
1.99112e-07
6.14484e-06
0.000449868
2.31515e-07
6.3075e-06
0.000507541
2.31153e-07
6.38988e-06
0.00055322
1.25058e-07
6.38271e-06
0.000584853
-1.35276e-08
6.41754e-06
0.000601033
-1.28016e-07
6.3008e-06
0.000601024
-2.21912e-07
6.29507e-06
0.000584844
-2.73499e-07
6.29008e-06
0.000553206
-2.11943e-07
6.29362e-06
0.000507529
6.23218e-06
0.000449863
-7.17186e-09
1.90262e-07
5.09759e-06
0.000404179
2.49076e-07
5.20889e-06
0.000461302
2.33697e-07
5.25011e-06
0.000506306
1.18201e-07
5.26431e-06
0.00053736
-7.62491e-09
5.2692e-06
0.000553206
-1.36797e-07
5.15866e-06
0.000553198
-2.32612e-07
5.15873e-06
0.000537348
-2.7322e-07
5.17486e-06
0.000506295
-2.15704e-07
5.19675e-06
0.000461292
5.14315e-06
0.000404172
-1.6588e-08
1.79205e-07
4.11212e-06
0.000358482
2.47804e-07
4.1876e-06
0.000415114
2.31352e-07
4.20652e-06
0.000459485
1.32209e-07
4.2294e-06
0.000489988
1.04192e-08
4.21921e-06
0.000505517
-1.30737e-07
4.1292e-06
0.000505512
-2.39367e-07
4.13349e-06
0.000489979
-2.78568e-07
4.15217e-06
0.000459478
-2.08888e-07
4.17354e-06
0.000415109
4.13959e-06
0.000358478
-1.90064e-08
1.64777e-07
3.22208e-06
0.000312834
2.3442e-07
3.2662e-06
0.000369004
2.12768e-07
3.27446e-06
0.000412761
1.36578e-07
3.2827e-06
0.000442727
2.27e-08
3.27471e-06
0.000457949
-1.25589e-07
3.21831e-06
0.000457946
-2.37107e-07
3.22082e-06
0.000442723
-2.76492e-07
3.23641e-06
0.000412759
-2.01645e-07
3.24643e-06
0.000369001
3.23249e-06
0.000312832
-1.37456e-08
1.61734e-07
0.000267241
2.3613e-07
0.000322961
2.12361e-07
0.000366118
1.3488e-07
0.000395551
1.71024e-08
0.000410469
-1.30188e-07
0.000410469
-2.38859e-07
0.000395551
-2.75553e-07
0.000366117
-2.0258e-07
0.000322959
0.00026724
-1.16958e-08
3.76709e-07
6.7897e-07
0.000480182
2.37738e-07
1.25369e-06
0.000527567
2.15222e-07
1.71152e-06
0.000566122
8.47005e-08
2.17955e-06
0.000593776
5.65652e-09
2.29528e-06
0.000608327
-7.44898e-08
2.29929e-06
0.00060845
-2.89304e-08
2.02187e-06
0.000594096
2.72284e-08
1.60868e-06
0.000566531
-3.18617e-08
1.19622e-06
0.000527476
7.29396e-07
0.000479889
1.96367e-08
1.33593e-08
5.51653e-06
0.000570133
1.99849e-08
6.42593e-06
0.000633806
-4.89059e-09
7.12259e-06
0.000685465
-4.87658e-08
7.70637e-06
0.000722019
-1.52729e-08
7.76641e-06
0.000740919
-2.71833e-08
7.82634e-06
0.000740945
-4.06097e-09
7.48324e-06
0.00072205
2.89123e-08
6.99692e-06
0.000685505
8.82101e-09
6.42168e-06
0.000633751
5.50115e-06
0.000570112
-1.90931e-08
-9.51391e-08
8.15802e-06
0.000568996
1.15094e-08
8.56811e-06
0.000632444
-2.92344e-08
8.99434e-06
0.000683046
-1.97384e-08
9.22992e-06
0.000718305
-2.63057e-08
9.1466e-06
0.000736378
-8.85422e-08
9.26319e-06
0.000736384
-1.12702e-07
9.02989e-06
0.000718268
-8.96056e-08
8.80937e-06
0.000682998
-4.90668e-08
8.64082e-06
0.000632431
8.15667e-06
0.000569007
3.89849e-09
6.51798e-08
8.05478e-06
0.00053865
1.3153e-07
8.20618e-06
0.000598844
1.02225e-07
8.45977e-06
0.000646765
7.92658e-08
8.50383e-06
0.000680105
-3.29863e-08
8.4318e-06
0.000697184
-1.00675e-07
8.49401e-06
0.00069719
-1.71942e-07
8.35381e-06
0.000680065
-2.07583e-07
8.27498e-06
0.000646722
-1.37644e-07
8.27291e-06
0.000598845
8.10629e-06
0.000538652
2.66937e-08
1.75987e-07
7.10529e-06
0.000496007
2.07704e-07
7.22902e-06
0.000554618
1.95603e-07
7.37036e-06
0.000601235
1.21323e-07
7.36968e-06
0.00063362
-3.91587e-08
7.33647e-06
0.000650207
-1.06758e-07
7.30105e-06
0.000650201
-2.08681e-07
7.25002e-06
0.0006336
-2.79581e-07
7.24331e-06
0.000601212
-2.00699e-07
7.24461e-06
0.000554613
7.17382e-06
0.000496003
9.7533e-09
1.94474e-07
6.06303e-06
0.000450738
2.30886e-07
6.15455e-06
0.00050858
2.21956e-07
6.21379e-06
0.000554386
1.26466e-07
6.21302e-06
0.000586105
-2.79069e-08
6.20049e-06
0.000602323
-1.25852e-07
6.10706e-06
0.000602316
-2.23134e-07
6.09955e-06
0.000586092
-2.93372e-07
6.14864e-06
0.000554371
-2.22055e-07
6.13396e-06
0.000508568
6.09067e-06
0.000450733
-9.29355e-09
1.83227e-07
5.03884e-06
0.000405033
2.46597e-07
5.0888e-06
0.000462304
2.38732e-07
5.10504e-06
0.000507422
1.35398e-07
5.12187e-06
0.000538554
-5.71077e-09
5.1082e-06
0.000554439
-1.38654e-07
5.00725e-06
0.000554431
-2.42982e-07
5.01007e-06
0.000538542
-2.88626e-07
5.07634e-06
0.000507412
-2.25454e-07
5.06816e-06
0.000462294
5.03336e-06
0.000405026
-2.2515e-08
1.83328e-07
4.06115e-06
0.00035927
2.56027e-07
4.09151e-06
0.000416039
2.39406e-07
4.09112e-06
0.000460515
1.47635e-07
4.11052e-06
0.000491091
2.10747e-08
4.09466e-06
0.000506658
-1.33952e-07
4.0218e-06
0.000506652
-2.52255e-07
4.02412e-06
0.000491083
-2.81769e-07
4.07292e-06
0.000460511
-2.12558e-07
4.07398e-06
0.000416034
4.05563e-06
0.000359265
-2.17595e-08
1.81276e-07
3.18024e-06
0.000313533
2.5023e-07
3.19294e-06
0.000369833
2.2261e-07
3.18871e-06
0.000413691
1.45157e-07
3.1904e-06
0.000443724
2.90589e-08
3.17792e-06
0.000458982
-1.29005e-07
3.14571e-06
0.00045898
-2.47943e-07
3.14338e-06
0.000443722
-2.75602e-07
3.16911e-06
0.00041369
-1.99916e-07
3.16828e-06
0.000369831
3.16948e-06
0.000313531
-1.23505e-08
1.82922e-07
0.000267842
2.53115e-07
0.000323689
2.23047e-07
0.000366942
1.36466e-07
0.00039644
1.2332e-08
0.000411391
-1.33376e-07
0.000411392
-2.42649e-07
0.000396441
-2.69847e-07
0.000366942
-1.95744e-07
0.000323687
0.000267841
-5.55729e-09
4.13133e-07
5.33937e-07
0.000479615
2.97365e-07
9.46751e-07
0.000526736
2.63549e-07
1.27614e-06
0.00056488
1.3243e-07
1.61845e-06
0.000592289
4.06637e-09
1.72125e-06
0.000606734
-1.2768e-07
1.70348e-06
0.000606878
-1.42366e-07
1.50945e-06
0.000592601
-4.23762e-08
1.15569e-06
0.000565275
-6.36741e-08
8.66834e-07
0.00052663
5.5479e-07
0.000479261
9.38161e-09
-2.9366e-08
4.97346e-06
0.000565854
-1.18901e-08
5.75807e-06
0.000628977
2.07925e-08
6.34342e-06
0.000680365
-3.34253e-08
6.94028e-06
0.000716751
-4.14387e-08
7.05808e-06
0.00073559
-7.39659e-08
7.08191e-06
0.000735599
-7.73785e-08
6.79177e-06
0.000716771
-2.43379e-08
6.24005e-06
0.000680368
-2.58411e-08
5.70621e-06
0.000628913
4.86035e-06
0.000565808
-2.74645e-08
-1.3471e-07
7.82045e-06
0.000566126
-3.3634e-08
8.17381e-06
0.000629927
-2.38809e-08
8.47629e-06
0.000680903
-6.0291e-08
8.84283e-06
0.000716439
-3.97566e-08
8.75369e-06
0.000734662
-9.87034e-08
8.86559e-06
0.000734659
-1.17808e-07
8.66864e-06
0.00071641
-1.09326e-07
8.37628e-06
0.000680853
-6.64693e-08
8.18905e-06
0.000629905
7.67464e-06
0.000566138
-1.19322e-08
3.48131e-08
7.93617e-06
0.000538303
1.35523e-07
7.98261e-06
0.000598935
9.77065e-08
8.13217e-06
0.000647147
3.61459e-08
8.32227e-06
0.000680687
-4.00139e-08
8.1634e-06
0.000697851
-1.00135e-07
8.25837e-06
0.000697857
-1.48683e-07
8.1337e-06
0.000680648
-2.00442e-07
8.03553e-06
0.000647114
-1.424e-07
8.03587e-06
0.00059894
7.86493e-06
0.000538309
9.9919e-09
1.77523e-07
7.04927e-06
0.000496632
2.20654e-07
7.07488e-06
0.000555482
1.70287e-07
7.15533e-06
0.000602263
1.02776e-07
7.25007e-06
0.00063476
-4.42332e-08
7.12098e-06
0.000651396
-1.08444e-07
7.13013e-06
0.000651393
-1.92058e-07
7.07831e-06
0.000634739
-2.78445e-07
7.08915e-06
0.000602245
-2.02015e-07
7.08931e-06
0.000555483
7.02384e-06
0.000496632
9.72835e-09
1.96309e-07
6.02439e-06
0.000451561
2.32296e-07
6.04528e-06
0.000509573
1.99692e-07
6.06735e-06
0.000555506
1.25312e-07
6.11538e-06
0.000587314
-2.71984e-08
6.02508e-06
0.000603572
-1.24898e-07
5.97703e-06
0.000603567
-2.22184e-07
5.96895e-06
0.000587298
-2.99947e-07
6.04382e-06
0.000555494
-2.23932e-07
6.01641e-06
0.000509565
5.98052e-06
0.000451558
-5.18249e-09
1.76886e-07
5.00321e-06
0.000405857
2.443e-07
5.00589e-06
0.000463276
2.28947e-07
4.9972e-06
0.000508508
1.54198e-07
5.02662e-06
0.000539718
2.06771e-09
4.97527e-06
0.000555641
-1.34793e-07
4.91076e-06
0.000555634
-2.49226e-07
4.91885e-06
0.000539707
-2.94588e-07
5.00194e-06
0.0005085
-2.24759e-07
4.97332e-06
0.000463267
4.94856e-06
0.000405851
-1.77941e-08
1.85162e-07
4.03419e-06
0.000360036
2.61167e-07
4.02688e-06
0.000416942
2.40946e-07
4.00909e-06
0.000461523
1.66707e-07
4.02102e-06
0.000492171
3.1466e-08
3.99418e-06
0.000507774
-1.33318e-07
3.95733e-06
0.00050777
-2.57703e-07
3.96138e-06
0.000492165
-2.82951e-07
4.01759e-06
0.00046152
-2.12619e-07
4.0002e-06
0.000416937
3.98951e-06
0.00036003
-1.93203e-08
2.00588e-07
3.15483e-06
0.000314215
2.71287e-07
3.14332e-06
0.000370646
2.37835e-07
3.1299e-06
0.000414604
1.58994e-07
3.12026e-06
0.000444704
3.17842e-08
3.10737e-06
0.000459996
-1.29938e-07
3.10338e-06
0.000459996
-2.5045e-07
3.10075e-06
0.000444704
-2.69865e-07
3.12362e-06
0.000414604
-1.96358e-07
3.11364e-06
0.000370644
3.11984e-06
0.000314213
-9.25508e-09
2.06191e-07
0.000268431
2.76711e-07
0.000324403
2.41827e-07
0.000367752
1.44009e-07
0.000397315
8.54784e-09
0.000412299
-1.33591e-07
0.0004123
-2.41259e-07
0.000397316
-2.61324e-07
0.000367752
-1.85641e-07
0.000324401
0.000268429
2.13145e-09
4.12432e-07
4.47503e-07
0.000479076
3.89012e-07
7.5039e-07
0.00052601
3.00009e-07
1.02353e-06
0.000563945
1.16986e-07
1.25114e-06
0.000591221
-9.54598e-09
1.29581e-06
0.000605565
-1.09778e-07
1.22996e-06
0.000605748
-1.75469e-07
1.14674e-06
0.00059152
-8.46615e-08
8.90928e-07
0.000564293
-8.74544e-08
6.92353e-07
0.000525941
4.81622e-07
0.000478687
4.28933e-09
-4.91051e-08
4.45166e-06
0.000562007
-1.24464e-08
5.15984e-06
0.000624531
4.64017e-08
5.7293e-06
0.000675601
-2.58287e-08
6.30585e-06
0.000711769
-6.62458e-08
6.40688e-06
0.000730519
-1.01255e-07
6.35434e-06
0.00073051
-1.37441e-07
6.18211e-06
0.000711772
-7.81303e-08
5.62767e-06
0.000675572
-5.39296e-08
5.10343e-06
0.000624478
4.32308e-06
0.000561944
-3.10055e-08
-1.49622e-07
7.40376e-06
0.000563201
-5.2012e-08
7.76741e-06
0.000627222
-2.35156e-09
8.0766e-06
0.000678506
-6.06366e-08
8.51511e-06
0.000714288
-4.86511e-08
8.40584e-06
0.000732651
-9.76603e-08
8.43206e-06
0.000732631
-1.41521e-07
8.37123e-06
0.000714265
-1.4035e-07
8.02057e-06
0.000678459
-9.94433e-08
7.77215e-06
0.000627195
7.19239e-06
0.000563202
-3.24691e-08
3.00891e-08
7.74409e-06
0.000537727
1.40693e-07
7.76996e-06
0.000598822
1.12915e-07
7.90198e-06
0.000647349
3.62096e-08
8.182e-06
0.000681097
-2.78914e-08
7.96539e-06
0.000698355
-9.82997e-08
8.00522e-06
0.000698354
-1.36101e-07
7.99495e-06
0.000681062
-1.93238e-07
7.86593e-06
0.000647326
-1.47954e-07
7.83587e-06
0.000598831
7.62895e-06
0.000537736
-1.14083e-08
2.02275e-07
6.95388e-06
0.000497162
2.35721e-07
6.95119e-06
0.000556268
1.68607e-07
7.01141e-06
0.00060322
1.13722e-07
7.16079e-06
0.000635836
-1.89366e-08
6.97103e-06
0.000652523
-1.15547e-07
6.97295e-06
0.000652522
-1.76311e-07
6.9806e-06
0.000635814
-2.58766e-07
6.98195e-06
0.000603211
-1.89298e-07
6.97538e-06
0.000556274
6.89674e-06
0.000497168
7.67583e-09
2.07748e-07
5.96211e-06
0.000452339
2.38354e-07
5.96653e-06
0.000510527
1.9304e-07
5.97532e-06
0.000556588
1.42692e-07
6.04159e-06
0.000588484
-5.66194e-09
5.90625e-06
0.000604785
-1.27693e-07
5.87916e-06
0.000604782
-2.2279e-07
5.90378e-06
0.00058847
-2.87632e-07
5.9603e-06
0.000556581
-2.08583e-07
5.93787e-06
0.000510523
5.89764e-06
0.00045234
8.29422e-09
1.78217e-07
4.96047e-06
0.000406655
2.4182e-07
4.95623e-06
0.000464223
2.21122e-07
4.93617e-06
0.000509568
1.68432e-07
4.9569e-06
0.000540855
1.9323e-08
4.87852e-06
0.000556818
-1.35968e-07
4.8549e-06
0.000556814
-2.51285e-07
4.87855e-06
0.000540847
-2.90699e-07
4.93763e-06
0.000509562
-2.13738e-07
4.91245e-06
0.000464216
4.88594e-06
0.000406651
-1.80941e-09
1.86115e-07
4.0037e-06
0.000360783
2.63396e-07
3.99341e-06
0.000417828
2.4386e-07
3.96495e-06
0.000462514
1.77744e-07
3.96191e-06
0.000493232
3.83038e-08
3.91989e-06
0.000508872
-1.38851e-07
3.93196e-06
0.00050887
-2.57248e-07
3.93311e-06
0.000493229
-2.8083e-07
3.97058e-06
0.000462511
-2.08607e-07
3.955e-06
0.000417822
3.94066e-06
0.000360779
-1.19063e-08
2.03779e-07
3.1315e-06
0.000314886
2.82736e-07
3.11418e-06
0.000371446
2.53294e-07
3.09465e-06
0.000415504
1.70284e-07
3.07816e-06
0.00044567
3.04685e-08
3.05905e-06
0.000460996
-1.31078e-07
3.09151e-06
0.000460998
-2.46826e-07
3.08159e-06
0.000445671
-2.63372e-07
3.08765e-06
0.000415503
-1.92012e-07
3.08348e-06
0.000371444
3.0838e-06
0.000314883
-5.08437e-09
2.16656e-07
0.00026901
2.91846e-07
0.000325107
2.56082e-07
0.000368552
1.54054e-07
0.00039818
8.25759e-09
0.000413196
-1.27962e-07
0.000413198
-2.36123e-07
0.000398181
-2.56382e-07
0.000368552
-1.79804e-07
0.000325106
0.000269009
6.58019e-09
3.74973e-07
3.89847e-07
0.0004785
4.93586e-07
6.05016e-07
0.000525286
3.21956e-07
9.06412e-07
0.00056321
7.76527e-08
1.0062e-06
0.000590459
-3.97846e-08
9.88427e-07
0.000604694
-7.43027e-08
9.01838e-07
0.000604881
-1.62751e-07
8.92178e-07
0.000590716
-1.23835e-07
7.49722e-07
0.000563505
-1.21489e-07
6.05484e-07
0.000525333
4.60233e-07
0.000478112
-6.85388e-09
-2.68893e-08
3.93506e-06
0.000558568
4.18503e-08
4.58965e-06
0.000620478
6.79197e-08
5.28849e-06
0.000671192
-1.85993e-08
5.75201e-06
0.000707109
-8.12104e-08
5.81497e-06
0.000725755
-9.41617e-08
5.68871e-06
0.000725736
-1.61935e-07
5.62821e-06
0.000707104
-1.16961e-07
5.13034e-06
0.000671146
-8.22515e-08
4.59476e-06
0.000620454
3.8595e-06
0.0005585
-3.78954e-08
-1.38042e-07
6.88658e-06
0.000560302
-3.92147e-08
7.30791e-06
0.000624405
5.18177e-08
7.78198e-06
0.000675922
-2.87919e-08
8.21443e-06
0.000711906
-5.02882e-08
8.09247e-06
0.000730395
-9.18003e-08
8.00368e-06
0.000730357
-1.59241e-07
8.07375e-06
0.000711887
-1.63901e-07
7.71465e-06
0.000675879
-1.25618e-07
7.37096e-06
0.000624381
6.70893e-06
0.000560279
-5.1859e-08
4.32058e-08
7.46288e-06
0.00053693
1.39711e-07
7.52758e-06
0.000598505
1.49271e-07
7.75005e-06
0.000647372
6.59697e-08
8.06428e-06
0.00068133
1.16223e-08
7.80748e-06
0.000698695
-9.78128e-08
7.78521e-06
0.000698682
-1.282e-07
7.86754e-06
0.000681299
-1.84487e-07
7.74433e-06
0.000647353
-1.49907e-07
7.65253e-06
0.000598515
7.38948e-06
0.000536934
-2.7986e-08
2.29616e-07
6.78964e-06
0.000497593
2.36127e-07
6.81591e-06
0.000556973
1.82585e-07
6.91441e-06
0.000604109
1.50385e-07
7.08396e-06
0.000636848
3.08874e-08
6.86137e-06
0.000653589
-1.17497e-07
6.86591e-06
0.00065359
-1.6236e-07
6.90108e-06
0.000636825
-2.28469e-07
6.91336e-06
0.000604108
-1.71387e-07
6.88601e-06
0.000556984
6.77571e-06
0.000497603
6.69207e-09
2.26821e-07
5.85132e-06
0.000453077
2.40799e-07
5.88479e-06
0.000511444
1.98179e-07
5.91074e-06
0.000557634
1.79926e-07
5.96659e-06
0.00058962
3.01024e-08
5.82984e-06
0.000605966
-1.24674e-07
5.83544e-06
0.000605968
-2.17995e-07
5.8546e-06
0.00058961
-2.56705e-07
5.89961e-06
0.000557633
-1.79072e-07
5.88703e-06
0.000511445
5.83127e-06
0.000453082
2.37811e-08
1.86332e-07
4.88816e-06
0.000407429
2.39574e-07
4.90714e-06
0.000465147
2.16846e-07
4.89554e-06
0.000510606
1.80229e-07
4.88844e-06
0.00054197
3.22445e-08
4.82196e-06
0.000557974
-1.31169e-07
4.83986e-06
0.000557973
-2.46535e-07
4.85095e-06
0.000541966
-2.71284e-07
4.88427e-06
0.000510602
-1.87369e-07
4.87664e-06
0.000465142
4.84753e-06
0.000407428
1.92979e-08
1.85562e-07
3.95639e-06
0.000361516
2.56701e-07
3.9659e-06
0.000418698
2.4031e-07
3.93627e-06
0.00046349
1.7591e-07
3.90715e-06
0.000494277
3.30602e-08
3.88133e-06
0.000509955
-1.3651e-07
3.9246e-06
0.000509955
-2.48772e-07
3.91477e-06
0.000494277
-2.69276e-07
3.92972e-06
0.000463486
-1.95181e-07
3.93195e-06
0.000418693
3.9076e-06
0.000361513
1.09144e-08
2.02137e-07
3.09436e-06
0.000315546
2.82396e-07
3.09577e-06
0.000372236
2.60495e-07
3.06852e-06
0.000416393
1.68051e-07
3.04283e-06
0.000446627
2.38469e-08
3.03466e-06
0.000461987
-1.30983e-07
3.08832e-06
0.000461989
-2.3972e-07
3.06665e-06
0.000446628
-2.61268e-07
3.06237e-06
0.000416392
-1.89596e-07
3.07006e-06
0.000372234
3.05616e-06
0.000315543
1.98713e-09
2.16335e-07
0.000269583
2.94152e-07
0.000325805
2.61715e-07
0.000369345
1.56239e-07
0.000399037
8.92854e-09
0.000414086
-1.22157e-07
0.000414087
-2.29603e-07
0.000399038
-2.5774e-07
0.000369345
-1.80157e-07
0.000325804
0.000269581
5.44051e-09
3.51787e-07
3.42157e-07
0.000477873
5.53161e-07
5.20284e-07
0.000524564
3.09711e-07
8.58048e-07
0.000562596
5.91421e-08
8.27427e-07
0.000589882
-6.55814e-08
7.9309e-07
0.000604026
-5.24974e-08
7.15977e-07
0.000604152
-1.4352e-07
7.31874e-07
0.000590076
-1.78602e-07
6.87825e-07
0.000562852
-1.74129e-07
5.69347e-07
0.000524759
4.55807e-07
0.000477506
-2.33373e-08
1.6496e-08
3.44016e-06
0.000555508
1.17917e-07
4.08326e-06
0.000616813
9.31726e-08
4.92943e-06
0.000667146
-8.16087e-10
5.22934e-06
0.000702801
-8.19577e-08
5.30453e-06
0.000721325
-8.57535e-08
5.1491e-06
0.000721306
-1.59591e-07
5.11796e-06
0.000702792
-1.42267e-07
4.71421e-06
0.000667102
-9.82635e-08
4.14824e-06
0.000616831
3.4502e-06
0.000555443
-3.53672e-08
-1.05834e-07
6.30403e-06
0.000557478
1.01233e-08
6.82107e-06
0.000621551
9.71686e-08
7.54672e-06
0.000673217
1.48066e-08
7.86388e-06
0.000709354
-4.23503e-08
7.81054e-06
0.000727946
-9.22102e-08
7.65508e-06
0.000727901
-1.63684e-07
7.73988e-06
0.000709336
-1.77617e-07
7.42516e-06
0.000673182
-1.38682e-07
6.95707e-06
0.000621533
6.22094e-06
0.000557427
-5.77789e-08
5.08818e-08
7.12533e-06
0.000535919
1.21394e-07
7.27409e-06
0.000597982
1.76565e-07
7.65525e-06
0.000647208
9.75913e-08
7.88951e-06
0.000681384
4.90214e-08
7.69166e-06
0.000698862
-9.51307e-08
7.64079e-06
0.000698841
-1.30186e-07
7.7186e-06
0.000681355
-1.74926e-07
7.63235e-06
0.00064719
-1.55833e-07
7.46663e-06
0.000597986
7.12863e-06
0.000535911
-4.13363e-08
2.47915e-07
6.59048e-06
0.000497919
2.24885e-07
6.67446e-06
0.000557596
2.13806e-07
6.84701e-06
0.000604929
1.82286e-07
6.97696e-06
0.000637792
8.12524e-08
6.78963e-06
0.000654592
-1.09768e-07
6.82696e-06
0.000654595
-1.59267e-07
6.82214e-06
0.000637771
-1.9825e-07
6.84864e-06
0.000604931
-1.53046e-07
6.79757e-06
0.000557608
6.64202e-06
0.000497931
5.99101e-09
2.45389e-07
5.71325e-06
0.000453775
2.41398e-07
5.79666e-06
0.000512326
2.14592e-07
5.85908e-06
0.000558649
2.09482e-07
5.87722e-06
0.000590724
5.76569e-08
5.78984e-06
0.000607118
-1.10104e-07
5.83949e-06
0.000607123
-2.10891e-07
5.81461e-06
0.000590718
-2.27892e-07
5.84721e-06
0.000558652
-1.54439e-07
5.83916e-06
0.00051233
5.75618e-06
0.000453782
3.10986e-08
1.9477e-07
4.79868e-06
0.000408182
2.33748e-07
4.85396e-06
0.000466051
2.13814e-07
4.86071e-06
0.000511624
1.81192e-07
4.81483e-06
0.000543065
3.31439e-08
4.80044e-06
0.000559111
-1.14494e-07
4.84765e-06
0.000559112
-2.3159e-07
4.83286e-06
0.000543065
-2.42798e-07
4.83925e-06
0.000511621
-1.59356e-07
4.84973e-06
0.000466048
4.80507e-06
0.000408183
3.65615e-08
1.74253e-07
3.9032e-06
0.000362234
2.38547e-07
3.93373e-06
0.000419554
2.28319e-07
3.90858e-06
0.000464452
1.56354e-07
3.85355e-06
0.000495311
2.06127e-08
3.8649e-06
0.000511027
-1.23324e-07
3.91962e-06
0.000511027
-2.30143e-07
3.90449e-06
0.000495312
-2.50005e-07
3.89714e-06
0.000464448
-1.77506e-07
3.91959e-06
0.00041955
3.88106e-06
0.000362233
2.64632e-08
1.8595e-07
3.05996e-06
0.000316196
2.64525e-07
3.07443e-06
0.000373017
2.48927e-07
3.04284e-06
0.000417275
1.46004e-07
3.00768e-06
0.000447576
1.02018e-08
3.01777e-06
0.00046297
-1.22646e-07
3.07026e-06
0.000462971
-2.25487e-07
3.05896e-06
0.000447576
-2.56659e-07
3.04782e-06
0.000417273
-1.86185e-07
3.0676e-06
0.000373016
3.03528e-06
0.000316194
8.7182e-09
2.02243e-07
0.000270149
2.79976e-07
0.000326497
2.53557e-07
0.000370133
1.45839e-07
0.000399889
4.75217e-09
0.00041497
-1.23909e-07
0.000414971
-2.29929e-07
0.00039989
-2.63908e-07
0.000370132
-1.84373e-07
0.000326496
0.000270147
2.49969e-09
3.46564e-07
3.15724e-07
0.000477192
5.26559e-07
5.25579e-07
0.000523859
2.41005e-07
8.31065e-07
0.00056205
4.87571e-08
7.022e-07
0.000589372
-4.77436e-08
6.67617e-07
0.000603455
-3.56152e-08
6.36792e-07
0.000603503
-1.15813e-07
6.34602e-07
0.000589521
-2.32609e-07
6.71122e-07
0.000562298
-2.12521e-07
5.55062e-07
0.000524184
4.67325e-07
0.00047685
-2.35193e-08
6.2139e-08
2.97647e-06
0.000552791
1.60564e-07
3.71447e-06
0.000613526
9.46211e-08
4.58916e-06
0.000663454
2.28999e-08
4.714e-06
0.000698861
-6.70229e-08
4.8357e-06
0.000717247
-7.75039e-08
4.72228e-06
0.000717231
-1.37888e-07
4.64449e-06
0.000698842
-1.54437e-07
4.35731e-06
0.000663433
-9.3416e-08
3.74144e-06
0.000613584
3.09869e-06
0.000552731
-1.34141e-08
-7.8323e-08
5.71867e-06
0.000554761
3.3515e-08
6.42944e-06
0.000618724
1.17151e-07
7.26677e-06
0.000670456
5.28531e-08
7.43624e-06
0.000706696
-2.54531e-08
7.49897e-06
0.000725361
-9.2846e-08
7.37103e-06
0.00072532
-1.62839e-07
7.37292e-06
0.000706678
-1.88926e-07
7.13267e-06
0.000670433
-1.46253e-07
6.52107e-06
0.000618711
5.7519e-06
0.00055469
-6.25357e-08
3.50702e-08
6.78649e-06
0.000534707
1.07679e-07
7.09121e-06
0.000597247
1.96951e-07
7.53844e-06
0.000646847
1.16989e-07
7.64862e-06
0.000681251
6.93311e-08
7.55732e-06
0.000698851
-8.57856e-08
7.5381e-06
0.000698829
-1.49624e-07
7.56388e-06
0.000681228
-1.77663e-07
7.52083e-06
0.00064683
-1.7402e-07
7.26006e-06
0.000597244
6.85363e-06
0.000534689
-5.33415e-08
2.44695e-07
6.40883e-06
0.00049813
2.39241e-07
6.56053e-06
0.000558132
2.53766e-07
6.77745e-06
0.000605675
2.0306e-07
6.82817e-06
0.000638664
9.97523e-08
6.72401e-06
0.000655528
-9.98264e-08
6.79985e-06
0.000655533
-1.69067e-07
6.75675e-06
0.000638647
-1.75549e-07
6.78247e-06
0.000605676
-1.46802e-07
6.70036e-06
0.000558139
6.50197e-06
0.000498139
-3.52835e-09
2.55424e-07
5.59637e-06
0.000454431
2.59093e-07
5.70951e-06
0.000513173
2.43974e-07
5.80824e-06
0.000559633
2.20491e-07
5.77821e-06
0.000591798
6.04117e-08
5.76311e-06
0.000608239
-1.05581e-07
5.84323e-06
0.000608245
-2.06243e-07
5.78111e-06
0.000591795
-1.98158e-07
5.79016e-06
0.000559636
-1.38941e-07
5.79277e-06
0.000513178
5.68417e-06
0.000454438
2.29108e-08
2.01952e-07
4.72296e-06
0.000408915
2.40907e-07
4.78611e-06
0.000466936
2.25316e-07
4.82461e-06
0.000512623
1.71933e-07
4.75455e-06
0.000544142
2.27469e-08
4.79319e-06
0.00056023
-1.06812e-07
4.85302e-06
0.000560232
-2.20172e-07
4.81565e-06
0.000544144
-2.22737e-07
4.79304e-06
0.000512621
-1.46042e-07
4.82947e-06
0.000466935
4.76489e-06
0.000408917
3.99718e-08
1.66445e-07
3.85395e-06
0.000362941
2.28763e-07
3.88074e-06
0.000420397
2.19127e-07
3.88419e-06
0.000465402
1.27563e-07
3.82407e-06
0.000496333
8.65493e-10
3.8602e-06
0.000512086
-1.12671e-07
3.90685e-06
0.000512087
-2.11552e-07
3.89161e-06
0.000496335
-2.3748e-07
3.86895e-06
0.000465398
-1.65159e-07
3.91172e-06
0.000420396
3.86024e-06
0.00036294
3.27097e-08
1.63675e-07
3.03066e-06
0.000316839
2.3301e-07
3.03897e-06
0.000373789
2.2342e-07
3.02015e-06
0.000418148
1.13645e-07
2.99198e-06
0.000448518
-7.82416e-09
3.00573e-06
0.000463946
-1.21243e-07
3.04567e-06
0.000463946
-2.14322e-07
3.04373e-06
0.000448517
-2.51407e-07
3.03333e-06
0.000418145
-1.81273e-07
3.06847e-06
0.000373789
3.0239e-06
0.000316836
1.27394e-08
1.8002e-07
0.00027071
2.55374e-07
0.000327183
2.38706e-07
0.000370915
1.31286e-07
0.000400737
-2.72814e-09
0.00041585
-1.31994e-07
0.00041585
-2.32692e-07
0.000400736
-2.75721e-07
0.000370914
-1.96963e-07
0.000327183
0.000270708
-3.90527e-09
3.56048e-07
3.07294e-07
0.000476467
4.39039e-07
5.89615e-07
0.000523186
1.81421e-07
7.60857e-07
0.000561547
5.55347e-08
6.41712e-07
0.000588856
5.9561e-09
5.99452e-07
0.000602905
-2.32086e-08
6.17766e-07
0.000602914
-8.55972e-08
5.80779e-07
0.000589003
-2.47968e-07
6.48138e-07
0.000561812
-2.17226e-07
5.61607e-07
0.000523591
4.78357e-07
0.000476144
1.00522e-08
1.12725e-07
2.58122e-06
0.000550385
1.70233e-07
3.46754e-06
0.000610591
7.92264e-08
4.20579e-06
0.0006601
2.78824e-08
4.2736e-06
0.000695281
-3.4078e-08
4.38555e-06
0.000713523
-6.15423e-08
4.37307e-06
0.000713504
-1.08963e-07
4.22013e-06
0.00069525
-1.47263e-07
4.00377e-06
0.000660116
-6.29881e-08
3.38282e-06
0.000610678
2.80555e-06
0.000550329
1.21452e-08
-5.60581e-08
5.18382e-06
0.000552172
2.60148e-08
6.14339e-06
0.000615966
8.67258e-08
6.91287e-06
0.000667688
7.37709e-08
6.99155e-06
0.000703991
-6.24837e-10
7.12255e-06
0.000722699
-9.0177e-08
7.11458e-06
0.000722668
-1.56711e-07
6.99055e-06
0.000703974
-1.95438e-07
6.79053e-06
0.000667685
-1.36047e-07
6.07242e-06
0.000615962
5.31924e-06
0.000552099
-5.79024e-08
2.59849e-08
6.48535e-06
0.000533311
1.08974e-07
7.00128e-06
0.000596307
1.90365e-07
7.39436e-06
0.000646284
1.33566e-07
7.37392e-06
0.000680926
6.696e-08
7.38415e-06
0.000698656
-8.28638e-08
7.45454e-06
0.000698638
-1.79577e-07
7.40287e-06
0.000680913
-2.0279e-07
7.37581e-06
0.000646268
-1.89643e-07
7.00713e-06
0.000596296
6.57632e-06
0.000533291
-4.8509e-08
2.0027e-07
6.29079e-06
0.000498212
2.5122e-07
6.50865e-06
0.000558573
2.78044e-07
6.69817e-06
0.000606345
2.03164e-07
6.65427e-06
0.000639458
7.89407e-08
6.64098e-06
0.000656396
-9.6524e-08
6.76262e-06
0.0006564
-1.8401e-07
6.6887e-06
0.000639449
-1.70947e-07
6.70121e-06
0.000606337
-1.61547e-07
6.56952e-06
0.000558567
6.36038e-06
0.000498217
-2.29445e-08
2.35433e-07
5.55384e-06
0.00045504
2.84533e-07
5.64701e-06
0.000513986
2.84946e-07
5.74344e-06
0.000560587
2.1563e-07
5.68129e-06
0.00059284
3.8383e-08
5.72849e-06
0.000609329
-1.10751e-07
5.82283e-06
0.000609334
-2.05955e-07
5.73965e-06
0.000592839
-1.85551e-07
5.73062e-06
0.000560586
-1.4961e-07
5.72463e-06
0.000513987
5.60571e-06
0.000455044
-6.62527e-10
2.10616e-07
4.69281e-06
0.000409627
2.6797e-07
4.72421e-06
0.000467801
2.54196e-07
4.77612e-06
0.000513604
1.62284e-07
4.7132e-06
0.000545202
5.65718e-09
4.78483e-06
0.000561331
-1.07247e-07
4.83618e-06
0.000561331
-2.11588e-07
4.78428e-06
0.000545204
-2.11169e-07
4.74881e-06
0.000513602
-1.50163e-07
4.79681e-06
0.000467802
4.71989e-06
0.000409627
2.56912e-08
1.69972e-07
3.8283e-06
0.000363635
2.33678e-07
3.82903e-06
0.000421228
2.17214e-07
3.8548e-06
0.00046634
1.05911e-07
3.81327e-06
0.000497344
-1.63123e-08
3.85923e-06
0.000513134
-1.09624e-07
3.88212e-06
0.000513134
-2.05816e-07
3.86972e-06
0.000497346
-2.34442e-07
3.8392e-06
0.000466336
-1.64381e-07
3.89396e-06
0.000421228
3.83319e-06
0.000363633
2.91532e-08
1.58876e-07
3.00654e-06
0.000317473
2.17863e-07
3.00537e-06
0.000374554
2.05723e-07
3.0016e-06
0.000419014
9.12856e-08
2.99338e-06
0.000449452
-2.20514e-08
3.00373e-06
0.000464915
-1.25318e-07
3.01801e-06
0.000464913
-2.14059e-07
3.02476e-06
0.000449451
-2.59421e-07
3.01933e-06
0.000419011
-1.87322e-07
3.05716e-06
0.000374554
3.00274e-06
0.00031747
9.14748e-09
1.65872e-07
0.000271265
2.3624e-07
0.000327864
2.19511e-07
0.000371692
1.15457e-07
0.00040158
-1.2741e-08
0.000416725
-1.40601e-07
0.000416724
-2.3313e-07
0.000401577
-2.80575e-07
0.000371691
-2.07095e-07
0.000327863
0.000271263
-1.7619e-08
3.51116e-07
3.20157e-07
0.000475745
3.41875e-07
6.37527e-07
0.000522558
1.62497e-07
6.88854e-07
0.000561038
8.44923e-08
6.35992e-07
0.000588298
4.3553e-08
5.95447e-07
0.00060235
-2.49355e-08
6.0799e-07
0.000602375
-5.96552e-08
5.5188e-07
0.000588486
-2.28062e-07
6.08763e-07
0.000561372
-2.00271e-07
5.71021e-07
0.000522993
4.9908e-07
0.00047542
2.4979e-08
1.51992e-07
2.30055e-06
0.000548258
1.49668e-07
3.2494e-06
0.000607981
4.86634e-08
3.81724e-06
0.000657072
2.70591e-08
3.90217e-06
0.000692036
-4.39595e-09
4.00859e-06
0.000710141
-3.5414e-08
4.03056e-06
0.000710112
-7.85603e-08
3.84642e-06
0.000691999
-1.19355e-07
3.64208e-06
0.000657123
-3.44108e-08
3.08416e-06
0.00060808
2.57825e-06
0.000548203
1.27232e-08
-1.27631e-08
4.74444e-06
0.000549727
2.2195e-08
5.86684e-06
0.000613314
3.70944e-08
6.5283e-06
0.000664962
8.61699e-08
6.55181e-06
0.000701292
2.17994e-08
6.75719e-06
0.000720014
-7.43745e-08
6.79757e-06
0.000719997
-1.4315e-07
6.6136e-06
0.000701275
-1.86219e-07
6.39128e-06
0.000664979
-1.00847e-07
5.64082e-06
0.00061332
4.92817e-06
0.00054967
-2.17701e-08
5.29095e-08
6.2271e-06
0.000531762
1.10547e-07
6.94232e-06
0.000595173
1.47925e-07
7.25314e-06
0.000645522
1.37733e-07
7.08078e-06
0.000680407
5.21513e-08
7.22917e-06
0.00069827
-8.50038e-08
7.31092e-06
0.000698262
-2.02009e-07
7.23731e-06
0.000680406
-2.41003e-07
7.19001e-06
0.000645508
-1.96375e-07
6.7342e-06
0.000595158
6.30417e-06
0.000531748
-2.99381e-08
1.37884e-07
6.19331e-06
0.000498151
2.26427e-07
6.52198e-06
0.000558905
2.64471e-07
6.63446e-06
0.000606925
1.712e-07
6.4609e-06
0.000640171
4.15213e-08
6.56364e-06
0.000657191
-1.02618e-07
6.6618e-06
0.000657193
-2.03145e-07
6.61573e-06
0.000640171
-1.99462e-07
6.61536e-06
0.000606908
-1.97775e-07
6.41521e-06
0.000558884
6.21823e-06
0.000498152
-4.72413e-08
1.96312e-07
5.53186e-06
0.000455591
2.97548e-07
5.64639e-06
0.00051476
3.17674e-07
5.69045e-06
0.000561511
1.86228e-07
5.58118e-06
0.000593851
1.0126e-08
5.6798e-06
0.000610389
-1.24973e-07
5.7401e-06
0.000610391
-2.21041e-07
5.69948e-06
0.000593851
-2.04158e-07
5.68218e-06
0.000561502
-1.87437e-07
5.63122e-06
0.000514754
5.51862e-06
0.000455592
-3.66557e-08
2.04102e-07
4.68263e-06
0.000410314
2.95413e-07
4.70826e-06
0.000468648
2.91143e-07
4.73065e-06
0.000514568
1.52131e-07
4.67765e-06
0.000546245
-8.9419e-09
4.76017e-06
0.000562411
-1.23822e-07
4.775e-06
0.000562411
-2.18557e-07
4.75268e-06
0.000546245
-2.17761e-07
4.71833e-06
0.000514565
-1.75473e-07
4.74322e-06
0.000468648
4.66734e-06
0.000410311
-8.90107e-09
1.78081e-07
3.80713e-06
0.000364315
2.51363e-07
3.81479e-06
0.000422048
2.30321e-07
3.82671e-06
0.000467265
1.02394e-07
3.80586e-06
0.000498344
-2.43937e-08
3.85219e-06
0.000514169
-1.19403e-07
3.83582e-06
0.000514168
-2.11323e-07
3.84653e-06
0.000498344
-2.4003e-07
3.82085e-06
0.000467262
-1.78465e-07
3.86236e-06
0.000422048
3.80135e-06
0.000364311
9.14503e-09
1.58202e-07
2.98483e-06
0.000318097
2.2463e-07
2.99243e-06
0.00037531
2.01281e-07
2.99392e-06
0.00041987
8.58944e-08
2.99608e-06
0.000450377
-3.16762e-08
3.01009e-06
0.000465874
-1.35987e-07
2.9815e-06
0.000465872
-2.20095e-07
3.00563e-06
0.000450376
-2.6965e-07
3.01351e-06
0.000419867
-1.998e-07
3.0371e-06
0.000375309
2.98439e-06
0.000318095
-7.86398e-09
1.63919e-07
0.000271813
2.36327e-07
0.000328538
2.10871e-07
0.000372463
1.04548e-07
0.000402416
-2.45662e-08
0.000417594
-1.55951e-07
0.000417592
-2.43323e-07
0.000402414
-2.84616e-07
0.000372462
-2.17013e-07
0.000328537
0.000271812
-3.31895e-08
3.19125e-07
3.61025e-07
0.000475061
2.49138e-07
6.57745e-07
0.00052197
2.00682e-07
6.27164e-07
0.000560459
1.35733e-07
6.60482e-07
0.000587703
3.72623e-08
6.36151e-07
0.000601813
-4.14245e-08
5.8626e-07
0.000601867
-4.90666e-08
5.49982e-07
0.000587943
-1.82695e-07
5.54039e-07
0.000560951
-1.70752e-07
5.71169e-07
0.00052241
5.12319e-07
0.000474718
1.86129e-08
1.39181e-07
2.15424e-06
0.000546373
9.36737e-08
3.01452e-06
0.00060567
2.8476e-08
3.40271e-06
0.000654362
2.21623e-08
3.6085e-06
0.000689095
9.53582e-09
3.71921e-06
0.000707071
-1.82322e-08
3.68663e-06
0.000707039
-4.48005e-08
3.51562e-06
0.00068906
-7.50213e-08
3.28354e-06
0.000654424
-1.24111e-08
2.83668e-06
0.000605752
2.39266e-06
0.000546315
-5.2832e-09
2.9083e-08
4.42868e-06
0.000547443
1.48418e-08
5.54543e-06
0.000610797
-5.26323e-09
6.05827e-06
0.000662327
6.8389e-08
6.1865e-06
0.000698641
4.1195e-08
6.40488e-06
0.000717356
-6.07744e-08
6.43656e-06
0.000717349
-1.22774e-07
6.23258e-06
0.00069862
-1.50748e-07
5.94611e-06
0.000662344
-4.2328e-08
5.24668e-06
0.000610801
4.58526e-06
0.00054741
2.46717e-08
7.4031e-08
6.01041e-06
0.000530101
1.10929e-07
6.81159e-06
0.00059387
8.83099e-08
7.03237e-06
0.000644571
1.26141e-07
6.85354e-06
0.000679702
4.13288e-08
7.06546e-06
0.000697694
-9.22993e-08
7.13537e-06
0.000697697
-2.17692e-07
7.05534e-06
0.000679709
-2.7373e-07
6.95095e-06
0.000644559
-1.87379e-07
6.46961e-06
0.000593849
6.0571e-06
0.000530101
-1.20572e-08
8.72434e-08
6.124e-06
0.000497932
1.98456e-07
6.49548e-06
0.00055911
2.07791e-07
6.54599e-06
0.000607402
1.29067e-07
6.30411e-06
0.000640799
2.82756e-10
6.48042e-06
0.000657905
-1.19498e-07
6.54267e-06
0.000657906
-2.29545e-07
6.52962e-06
0.000640807
-2.55938e-07
6.50703e-06
0.000607379
-2.49974e-07
6.26762e-06
0.00055908
6.08605e-06
0.000497933
-5.9528e-08
1.74009e-07
5.49419e-06
0.000456078
2.98671e-07
5.64362e-06
0.000515488
3.09835e-07
5.64747e-06
0.000562399
1.40527e-07
5.49477e-06
0.00059483
-1.72138e-08
5.60846e-06
0.000611418
-1.45276e-07
5.64475e-06
0.000611417
-2.43662e-07
5.64751e-06
0.000594832
-2.45411e-07
5.62863e-06
0.000562382
-2.39415e-07
5.53924e-06
0.000515476
5.43824e-06
0.000456077
-7.64132e-08
1.85276e-07
4.65623e-06
0.000410974
2.8964e-07
4.71354e-06
0.000469474
3.03514e-07
4.68746e-06
0.000515515
1.31697e-07
4.64136e-06
0.00054727
-2.41232e-08
4.70218e-06
0.000563473
-1.47434e-07
4.70605e-06
0.000563473
-2.41693e-07
4.71838e-06
0.000547269
-2.5342e-07
4.69567e-06
0.00051551
-2.25088e-07
4.68664e-06
0.000469472
4.60329e-06
0.00041097
-4.84392e-08
1.72295e-07
3.77395e-06
0.00036498
2.6809e-07
3.81063e-06
0.000422855
2.52053e-07
3.79124e-06
0.000468177
1.09492e-07
3.79763e-06
0.00049933
-3.39497e-08
3.82538e-06
0.000515189
-1.3897e-07
3.79034e-06
0.000515189
-2.31572e-07
3.82637e-06
0.000499329
-2.61966e-07
3.81175e-06
0.000468177
-2.06687e-07
3.82553e-06
0.000422854
3.76435e-06
0.000364975
-3.18991e-08
1.70446e-07
2.94996e-06
0.000318712
2.54951e-07
2.9801e-06
0.000376056
2.14549e-07
2.98579e-06
0.000420716
9.69306e-08
3.00026e-06
0.000451292
-3.56123e-08
3.00884e-06
0.000466824
-1.4747e-07
2.95327e-06
0.000466821
-2.33389e-07
2.99712e-06
0.000451291
-2.7167e-07
3.00265e-06
0.000420715
-2.02798e-07
3.01097e-06
0.000376055
2.97465e-06
0.000318711
-2.86445e-08
1.6829e-07
0.000272355
2.4657e-07
0.000329205
2.08112e-07
0.000373227
1.02067e-07
0.000403245
-2.76748e-08
0.000418456
-1.65086e-07
0.000418454
-2.54802e-07
0.000403243
-2.87529e-07
0.000373226
-2.1595e-07
0.000329204
0.000272355
-3.22831e-08
2.7091e-07
3.91667e-07
0.000474431
1.73763e-07
6.50897e-07
0.000521416
2.48044e-07
5.95052e-07
0.00055979
1.77961e-07
6.80297e-07
0.000587092
6.80464e-09
6.66054e-07
0.000601318
-8.7276e-08
5.73794e-07
0.000601388
-6.95547e-08
5.58043e-07
0.000587368
-1.21876e-07
4.86915e-07
0.000560517
-1.16543e-07
5.46651e-07
0.000521858
5.01361e-07
0.000474074
2.60364e-08
8.88099e-08
2.06509e-06
0.000544693
2.40185e-08
2.76105e-06
0.000603625
2.13816e-08
3.01323e-06
0.000651946
2.75531e-08
3.34933e-06
0.000686419
-6.59527e-10
3.48968e-06
0.000704275
-2.69053e-08
3.38035e-06
0.000704259
-2.20594e-08
3.2102e-06
0.000686403
-2.41521e-08
2.9239e-06
0.000651989
3.41678e-10
2.61068e-06
0.000603663
2.2282e-06
0.000544634
-4.49808e-08
1.46051e-08
4.18243e-06
0.000545338
-2.73148e-08
5.17191e-06
0.000608428
-3.87568e-08
5.53788e-06
0.000659814
4.48776e-08
5.84644e-06
0.00069606
3.3144e-08
6.09977e-06
0.000714757
-6.75194e-08
6.07473e-06
0.000714755
-1.13798e-07
5.83784e-06
0.000696039
-1.09074e-07
5.4585e-06
0.000659805
-2.43672e-09
4.88485e-06
0.00060842
4.28431e-06
0.000545323
2.86427e-08
5.86832e-08
5.78935e-06
0.000528381
1.06336e-07
6.5742e-06
0.00059242
5.5114e-08
6.71352e-06
0.000643446
1.02443e-07
6.68163e-06
0.00067882
3.07313e-08
6.92632e-06
0.000696939
-1.00563e-07
6.95823e-06
0.000696945
-2.28578e-07
6.84953e-06
0.000678825
-2.83114e-07
6.63876e-06
0.000643434
-1.60406e-07
6.21546e-06
0.000592395
5.82679e-06
0.000528391
6.88533e-09
7.3717e-08
6.02587e-06
0.000497546
1.99247e-07
6.38465e-06
0.000559174
1.52857e-07
6.39978e-06
0.000607762
7.9467e-08
6.219e-06
0.000641335
-2.84725e-08
6.41138e-06
0.000658528
-1.23051e-07
6.42912e-06
0.000658529
-2.48115e-07
6.43401e-06
0.000641348
-3.08339e-07
6.34005e-06
0.000607737
-2.83083e-07
6.12651e-06
0.000559144
5.98679e-06
0.000497552
-6.19874e-08
1.34414e-07
5.4321e-06
0.00045649
2.66756e-07
5.58022e-06
0.00051616
2.51807e-07
5.57199e-06
0.000563241
8.38726e-08
5.44356e-06
0.000595773
-4.18737e-08
5.54336e-06
0.000612412
-1.52096e-07
5.54566e-06
0.000612411
-2.51981e-07
5.58711e-06
0.000595778
-3.00293e-07
5.54788e-06
0.000563223
-2.99416e-07
5.45406e-06
0.000516148
5.37862e-06
0.000456491
-1.0456e-07
1.62569e-07
4.60931e-06
0.000411604
2.71695e-07
4.67003e-06
0.000470275
2.82017e-07
4.63488e-06
0.000516441
1.01273e-07
4.61686e-06
0.000548277
-3.33769e-08
4.63292e-06
0.000564518
-1.61969e-07
4.62974e-06
0.000564518
-2.49884e-07
4.66945e-06
0.000548274
-2.93948e-07
4.66591e-06
0.000516436
-2.71774e-07
4.63085e-06
0.000470273
4.56105e-06
0.0004116
-8.41476e-08
1.85091e-07
3.73106e-06
0.000365629
2.79284e-07
3.78388e-06
0.000423647
2.57841e-07
3.75661e-06
0.000469077
1.1535e-07
3.78632e-06
0.000500303
-3.34041e-08
3.77436e-06
0.000516197
-1.54321e-07
3.74306e-06
0.000516197
-2.49523e-07
3.7932e-06
0.0005003
-2.82947e-07
3.79796e-06
0.000469078
-2.25921e-07
3.78206e-06
0.000423645
3.74613e-06
0.000365625
-6.04736e-08
1.91291e-07
2.91349e-06
0.000319316
2.78367e-07
2.96098e-06
0.000376792
2.33633e-07
2.96581e-06
0.000421551
1.1937e-07
2.99581e-06
0.000452197
-2.87327e-08
2.98368e-06
0.000467762
-1.53075e-07
2.92783e-06
0.00046776
-2.50253e-07
2.98505e-06
0.000452196
-2.75762e-07
2.986e-06
0.000421552
-2.01579e-07
2.97236e-06
0.00037679
2.97311e-06
0.000319316
-3.40944e-08
1.86847e-07
0.000272889
2.65135e-07
0.000329865
2.17897e-07
0.000373983
1.16179e-07
0.000404066
-1.76963e-08
0.00041931
-1.60256e-07
0.000419308
-2.51923e-07
0.000404065
-2.7673e-07
0.000373982
-2.03196e-07
0.000329864
0.000272891
-2.01083e-08
2.37632e-07
3.71614e-07
0.00047387
1.25398e-07
6.30797e-07
0.000520898
2.33797e-07
6.15084e-07
0.000559066
1.56822e-07
6.7894e-07
0.00058649
-1.29883e-08
6.31444e-07
0.000600856
-1.45281e-07
5.82898e-07
0.000600937
-1.25774e-07
5.66239e-07
0.000586782
-3.64969e-08
3.96921e-07
0.00056003
-4.0457e-09
4.91965e-07
0.000521333
4.60102e-07
0.00047352
8.93351e-08
3.31172e-08
1.94672e-06
0.000543182
-4.79512e-08
2.52723e-06
0.000601809
5.21716e-09
2.71864e-06
0.00064979
3.85109e-08
3.0847e-06
0.00068398
-2.70606e-08
3.24362e-06
0.000701729
-6.55214e-08
3.14348e-06
0.000701737
-2.67312e-08
2.93171e-06
0.000683998
2.51391e-08
2.53287e-06
0.000649801
-1.69745e-08
2.40389e-06
0.000601794
2.05045e-06
0.000543125
-9.91157e-08
-6.3981e-08
3.94759e-06
0.000543417
-9.7491e-08
4.78212e-06
0.000606207
-6.94684e-08
5.07538e-06
0.000657429
2.63436e-08
5.48055e-06
0.000693568
-7.10373e-09
5.79382e-06
0.000712241
-8.83184e-08
5.74278e-06
0.000712237
-1.09863e-07
5.44087e-06
0.000693551
-6.29126e-08
4.90805e-06
0.000657383
1.40099e-08
4.5567e-06
0.000606191
3.99823e-06
0.000543403
-1.37047e-08
-2.37976e-08
5.56743e-06
0.000526651
6.89836e-08
6.25908e-06
0.000590851
5.05638e-08
6.37238e-06
0.000642168
7.71012e-08
6.50038e-06
0.000677773
1.07681e-08
6.78489e-06
0.000696015
-1.09165e-07
6.79176e-06
0.000696016
-2.246e-07
6.61411e-06
0.000677767
-2.6209e-07
6.23336e-06
0.000642146
-1.19639e-07
5.97738e-06
0.000590832
5.59672e-06
0.000526663
1.01667e-08
5.52933e-08
5.91028e-06
0.000496997
2.01152e-07
6.20558e-06
0.000559082
1.26465e-07
6.21259e-06
0.000607997
3.39325e-08
6.15882e-06
0.00064177
-2.29588e-08
6.31694e-06
0.000659052
-9.86501e-08
6.34073e-06
0.000659056
-2.43385e-07
6.32432e-06
0.000641782
-3.59166e-07
6.1101e-06
0.000607977
-2.91414e-07
5.98957e-06
0.000559064
5.8977e-06
0.000497015
-5.55321e-08
1.24557e-07
5.35962e-06
0.000456819
2.57962e-07
5.46261e-06
0.000516769
1.96655e-07
5.48212e-06
0.000564033
3.74137e-08
5.41398e-06
0.000596677
-4.62574e-08
5.44482e-06
0.000613368
-1.2792e-07
5.46242e-06
0.000613371
-2.27016e-07
5.5158e-06
0.000596686
-3.45338e-07
5.43255e-06
0.000564019
-3.26814e-07
5.35708e-06
0.000516762
5.34087e-06
0.000456825
-1.04334e-07
1.64868e-07
4.54931e-06
0.000412201
2.54931e-07
4.59787e-06
0.000471049
2.43298e-07
4.59008e-06
0.000517345
8.31594e-08
4.58715e-06
0.000549264
-4.1831e-08
4.54293e-06
0.000565545
-1.5411e-07
4.54762e-06
0.000565545
-2.30799e-07
4.60526e-06
0.000549261
-3.09275e-07
4.60613e-06
0.000517341
-2.84207e-07
4.55663e-06
0.000471048
4.54285e-06
0.000412199
-8.52558e-08
1.9788e-07
3.69443e-06
0.000366261
2.72932e-07
3.74579e-06
0.000424424
2.57269e-07
3.71953e-06
0.000469963
1.27872e-07
3.75672e-06
0.000501263
-2.297e-08
3.69738e-06
0.000517193
-1.55255e-07
3.68447e-06
0.000517192
-2.51899e-07
3.74281e-06
0.000501259
-2.94727e-07
3.76203e-06
0.000469965
-2.39176e-07
3.72466e-06
0.000424422
3.73512e-06
0.000366258
-6.4955e-08
2.21145e-07
2.88929e-06
0.00031991
3.04153e-07
2.93683e-06
0.000377518
2.55727e-07
2.94186e-06
0.000422377
1.48538e-07
2.96916e-06
0.000453092
-6.83222e-09
2.92383e-06
0.000468691
-1.51806e-07
2.89893e-06
0.000468691
-2.55579e-07
2.95146e-06
0.000453091
-2.77292e-07
2.95676e-06
0.000422379
-2.06726e-07
2.92867e-06
0.000377516
2.96521e-06
0.000319911
-3.20842e-08
2.24046e-07
0.000273418
2.99692e-07
0.000330518
2.4532e-07
0.000374731
1.47085e-07
0.000404879
-3.71173e-10
0.000420156
-1.51834e-07
0.000420156
-2.45472e-07
0.000404879
-2.59637e-07
0.000374731
-1.93e-07
0.000330517
0.000273419
-6.6306e-09
2.48098e-07
2.98206e-07
0.000473387
1.0089e-07
6.19314e-07
0.000520426
1.35991e-07
6.6125e-07
0.00055837
6.81382e-08
6.38581e-07
0.00058592
-1.50624e-08
5.45027e-07
0.000600394
-1.30155e-07
5.55165e-07
0.000600497
-1.51206e-07
5.69791e-07
0.000586233
7.53603e-08
3.26967e-07
0.000559477
1.60141e-07
4.12435e-07
0.000520836
4.01807e-07
0.000473068
2.10897e-07
-7.76033e-10
1.77402e-06
0.000541815
-9.89036e-08
2.34626e-06
0.00060018
-1.73874e-08
2.52065e-06
0.000647849
3.15838e-08
2.80824e-06
0.000681762
-3.94624e-08
2.93232e-06
0.000699412
-7.72611e-08
2.88689e-06
0.000699443
-2.92913e-08
2.70526e-06
0.000681815
4.40423e-08
2.21442e-06
0.00064784
-2.43397e-08
2.15208e-06
0.000600122
1.84812e-06
0.000541759
-1.03898e-07
-1.55477e-07
3.66243e-06
0.000541665
-1.49299e-07
4.41463e-06
0.000604132
-7.56007e-08
4.71254e-06
0.000655163
7.76881e-09
5.11788e-06
0.000691175
-4.68869e-08
5.41149e-06
0.000709816
-9.75209e-08
5.36839e-06
0.000709806
-8.47914e-08
5.07907e-06
0.000691165
-1.59967e-08
4.43733e-06
0.000655091
2.00351e-09
4.21086e-06
0.000604114
3.68661e-06
0.000541641
-7.49492e-08
-1.22709e-07
5.28807e-06
0.000524947
3.46676e-08
5.91237e-06
0.000589196
6.83882e-08
6.09498e-06
0.000640751
6.80875e-08
6.31548e-06
0.000676576
-4.66456e-09
6.56959e-06
0.000694929
-1.18413e-07
6.5768e-06
0.000694921
-1.92144e-07
6.36788e-06
0.000676552
-2.02941e-07
5.8744e-06
0.00064072
-7.74061e-08
5.72065e-06
0.000589197
5.31087e-06
0.000524962
-2.1638e-10
5.77912e-08
5.73652e-06
0.000496299
2.35678e-07
5.99157e-06
0.000558825
1.61704e-07
6.06871e-06
0.000608097
5.88427e-08
6.09572e-06
0.000642092
1.24228e-08
6.20079e-06
0.000659468
-7.23233e-08
6.24469e-06
0.000659473
-2.07868e-07
6.18788e-06
0.000642098
-3.52398e-07
5.90794e-06
0.000608087
-2.32602e-07
5.83295e-06
0.000558832
5.77462e-06
0.000496335
-1.68384e-08
1.37969e-07
5.25396e-06
0.000457055
2.50027e-07
5.33967e-06
0.000517309
1.84191e-07
5.39872e-06
0.000564769
4.96673e-08
5.37025e-06
0.000597537
-2.24181e-08
5.35614e-06
0.000614285
-9.15424e-08
5.39333e-06
0.000614291
-1.90909e-07
5.42632e-06
0.000597547
-3.49456e-07
5.32087e-06
0.000564764
-3.02024e-07
5.23606e-06
0.000517311
5.28181e-06
0.000457072
-5.65053e-08
1.84263e-07
4.4885e-06
0.000412761
2.46892e-07
4.52951e-06
0.000471797
2.26376e-07
4.54124e-06
0.000518223
9.32886e-08
4.53853e-06
0.000550229
-3.2981e-08
4.47345e-06
0.000566554
-1.3411e-07
4.48508e-06
0.000566554
-2.15195e-07
4.53997e-06
0.000550229
-3.14378e-07
4.53936e-06
0.000518222
-2.83845e-07
4.4572e-06
0.000471797
4.50155e-06
0.000412762
-6.69107e-08
2.32793e-07
3.66204e-06
0.000366876
2.90231e-07
3.7102e-06
0.000425186
2.692e-07
3.68981e-06
0.000470836
1.51827e-07
3.70947e-06
0.000502209
-1.31079e-10
3.64021e-06
0.000518178
-1.46036e-07
3.64699e-06
0.000518176
-2.38018e-07
3.68451e-06
0.000502207
-2.86062e-07
3.71541e-06
0.000470837
-2.45332e-07
3.65575e-06
0.000425182
3.70071e-06
0.000366874
-6.02941e-08
2.50756e-07
2.88277e-06
0.000320495
3.22155e-07
2.92276e-06
0.000378234
2.76222e-07
2.91888e-06
0.000423194
1.7705e-07
2.92384e-06
0.000453977
2.3254e-08
2.87391e-06
0.000469611
-1.37852e-07
2.88676e-06
0.000469612
-2.40808e-07
2.90279e-06
0.000453976
-2.55287e-07
2.91398e-06
0.000423195
-2.05211e-07
2.89046e-06
0.000378231
2.9364e-06
0.000320496
-2.52966e-08
2.63827e-07
0.00027394
3.34372e-07
0.000331164
2.80072e-07
0.000375472
1.80941e-07
0.000405685
2.12917e-08
0.000420995
-1.34955e-07
0.000420996
-2.37035e-07
0.000405685
-2.50749e-07
0.000375471
-1.86843e-07
0.000331162
0.00027394
-2.3496e-09
2.83475e-07
2.14304e-07
0.000472981
1.07952e-07
5.8478e-07
0.000520016
-2.57281e-08
7.08354e-07
0.000557795
-7.02932e-08
5.68263e-07
0.000585396
-2.3428e-08
4.53214e-07
0.000599894
-5.56927e-08
4.81726e-07
0.000600047
-1.14566e-07
5.31664e-07
0.00058576
1.49889e-07
3.20361e-07
0.000558892
2.95826e-07
3.27502e-07
0.000520362
3.16575e-07
0.000472695
3.52042e-07
2.38114e-09
1.57095e-06
0.000540568
-1.06174e-07
2.17455e-06
0.000598699
-4.59831e-08
2.40407e-06
0.000646093
-3.98523e-09
2.52754e-06
0.00067976
-4.68513e-08
2.59323e-06
0.000697315
-4.30318e-08
2.55883e-06
0.000697362
-6.08385e-09
2.47889e-06
0.000679831
5.44229e-08
2.01854e-06
0.000646082
7.74251e-10
1.87389e-06
0.00059863
1.60376e-06
0.000540507
-3.49174e-08
-1.88112e-07
3.31841e-06
0.000540068
-1.55534e-07
4.06998e-06
0.000602204
-4.9775e-08
4.45212e-06
0.00065301
-8.28824e-09
4.771e-06
0.00068889
-7.25249e-08
4.98155e-06
0.000707492
-7.96781e-08
4.89398e-06
0.000707478
-4.037e-08
4.71441e-06
0.00068889
7.80291e-09
4.12219e-06
0.000652939
-2.28544e-08
3.8261e-06
0.000602192
3.29291e-06
0.000540031
-1.01747e-07
-1.63121e-07
4.92341e-06
0.000523301
1.48251e-08
5.59332e-06
0.000587494
1.06102e-07
5.89582e-06
0.000639216
6.59982e-08
6.14914e-06
0.000675238
-8.36305e-09
6.28953e-06
0.000693696
-1.15829e-07
6.24343e-06
0.000693679
-1.26153e-07
6.07328e-06
0.000675203
-1.16334e-07
5.64473e-06
0.000639187
-4.11088e-08
5.42394e-06
0.000587524
4.91072e-06
0.000523321
-1.87177e-08
6.73414e-08
5.49538e-06
0.000495472
2.58312e-07
5.82261e-06
0.000558404
2.35305e-07
5.96449e-06
0.000608051
1.38131e-07
6.04549e-06
0.000642293
6.50258e-08
6.06328e-06
0.000659767
-6.31917e-08
6.07522e-06
0.000659769
-1.6082e-07
5.98308e-06
0.000642285
-2.6678e-07
5.78173e-06
0.000608056
-1.27967e-07
5.6775e-06
0.000558439
5.55785e-06
0.000495526
3.42327e-08
1.75177e-07
5.13655e-06
0.000457193
2.81249e-07
5.25302e-06
0.000517773
2.37452e-07
5.33311e-06
0.000565444
1.39083e-07
5.33405e-06
0.000598347
3.33123e-08
5.29664e-06
0.000615157
-6.74591e-08
5.30448e-06
0.000615163
-1.86123e-07
5.29421e-06
0.000598354
-3.18208e-07
5.22786e-06
0.00056545
-2.32379e-07
5.11641e-06
0.000517787
5.1634e-06
0.00045722
1.40361e-08
2.36491e-07
4.42391e-06
0.000413281
2.86557e-07
4.48337e-06
0.000472516
2.53575e-07
4.51411e-06
0.000519075
1.46991e-07
4.50048e-06
0.000551169
9.43104e-09
4.44759e-06
0.000567541
-1.04586e-07
4.43148e-06
0.000567541
-2.17295e-07
4.46497e-06
0.000551171
-3.08233e-07
4.46511e-06
0.000519075
-2.74908e-07
4.36432e-06
0.000472515
4.41587e-06
0.000413283
-4.88305e-08
2.65037e-07
3.64539e-06
0.000367473
3.06171e-07
3.69535e-06
0.000425933
2.79555e-07
3.68243e-06
0.000471694
1.806e-07
3.6677e-06
0.000503141
3.35198e-08
3.62359e-06
0.000519149
-1.27062e-07
3.62173e-06
0.000519147
-2.22449e-07
3.62778e-06
0.000503139
-2.63799e-07
3.65103e-06
0.000471692
-2.34702e-07
3.59027e-06
0.000425927
3.63704e-06
0.00036747
-5.20764e-08
2.68254e-07
2.89021e-06
0.000321069
3.32477e-07
2.92528e-06
0.00037894
3.00649e-07
2.90689e-06
0.000424001
2.03503e-07
2.8898e-06
0.000454852
5.55118e-08
2.86092e-06
0.000470522
-1.16994e-07
2.88337e-06
0.000470523
-2.14342e-07
2.85078e-06
0.00045485
-2.29556e-07
2.86167e-06
0.000424
-1.88525e-07
2.84466e-06
0.000378935
2.89329e-06
0.000321069
-1.76169e-08
2.59544e-07
0.000274454
3.3556e-07
0.000331803
3.00539e-07
0.000376206
1.99968e-07
0.000406483
5.19747e-08
0.000421827
-9.96354e-08
0.000421829
-2.1248e-07
0.000406483
-2.37666e-07
0.000376204
-1.81001e-07
0.0003318
0.000274454
1.88831e-10
3.21174e-07
1.32267e-07
0.000472645
1.48275e-07
5.15524e-07
0.000519674
-1.68629e-07
7.10746e-07
0.000557401
-2.14779e-07
5.19499e-07
0.000584923
-2.33793e-08
3.78863e-07
0.000599324
1.90589e-08
4.16522e-07
0.000599588
-2.42472e-08
4.40781e-07
0.000585363
2.049e-07
3.34156e-07
0.000558329
3.9385e-07
2.65454e-07
0.000519908
2.54354e-07
0.000472373
4.61729e-07
3.43748e-08
1.36452e-06
0.000539423
-8.50022e-08
1.99513e-06
0.000597339
-9.27002e-08
2.30977e-06
0.000644502
-7.77906e-08
2.29594e-06
0.000677969
-4.34769e-08
2.22748e-06
0.000695432
-3.40793e-09
2.25626e-06
0.000695482
3.32693e-08
2.19434e-06
0.000678041
6.04469e-08
1.88725e-06
0.000644501
5.08521e-08
1.61635e-06
0.000597288
1.36865e-06
0.000539351
9.24745e-08
-1.63245e-07
2.96386e-06
0.000538608
-1.27922e-07
3.74428e-06
0.00060042
-2.20669e-08
4.23935e-06
0.000650974
-2.79962e-08
4.46279e-06
0.000686729
-6.93207e-08
4.47716e-06
0.000705284
-5.10653e-08
4.44782e-06
0.000705269
-6.48713e-09
4.29657e-06
0.000686743
2.21799e-09
3.87974e-06
0.000650938
-5.20015e-08
3.43738e-06
0.000600426
2.88011e-06
0.000538562
-9.41764e-08
-1.56173e-07
4.53905e-06
0.00052173
1.20552e-08
5.28373e-06
0.000585787
1.50422e-07
5.72446e-06
0.000637593
8.76254e-08
5.98536e-06
0.000673778
-1.03918e-08
5.94142e-06
0.000692329
-9.23676e-08
5.89713e-06
0.000692312
-6.60139e-08
5.72608e-06
0.000673748
-4.64497e-08
5.46134e-06
0.000637586
-7.27777e-09
5.07518e-06
0.000585847
4.44318e-06
0.000521761
-9.44932e-09
8.95868e-08
5.23151e-06
0.000494539
2.82094e-07
5.66758e-06
0.000557828
3.18115e-07
5.88729e-06
0.000607853
2.4372e-07
5.99755e-06
0.000642355
9.2153e-08
5.91961e-06
0.00065994
-6.0444e-08
5.87873e-06
0.00065994
-1.28128e-07
5.74177e-06
0.000642337
-1.63728e-07
5.68417e-06
0.000607869
-3.76019e-08
5.50269e-06
0.000557886
5.24479e-06
0.000494605
8.19554e-08
2.30631e-07
5.00558e-06
0.00045722
3.20216e-07
5.19966e-06
0.000518151
3.02709e-07
5.29539e-06
0.000566054
2.45544e-07
5.30168e-06
0.0005991
9.13368e-08
5.25358e-06
0.000615977
-5.61107e-08
5.21014e-06
0.000615979
-1.97825e-07
5.13223e-06
0.000599106
-2.7204e-07
5.14134e-06
0.000566067
-1.75609e-07
5.0186e-06
0.000518174
4.9769e-06
0.000457255
5.73175e-08
2.60713e-07
4.37205e-06
0.000413753
3.08861e-07
4.46497e-06
0.000473203
2.81941e-07
4.49902e-06
0.000519898
2.01964e-07
4.46969e-06
0.000552081
6.34338e-08
4.43257e-06
0.0005685
-7.95778e-08
4.39477e-06
0.0005685
-2.24289e-07
4.36408e-06
0.000552084
-2.89429e-07
4.38275e-06
0.000519899
-2.42617e-07
4.28741e-06
0.0004732
4.29287e-06
0.000413756
-3.12557e-08
2.68084e-07
3.63682e-06
0.000368049
3.17838e-07
3.68483e-06
0.000426664
2.94035e-07
3.68095e-06
0.000472536
2.07037e-07
3.64209e-06
0.000504056
6.73974e-08
3.61814e-06
0.000520103
-9.7215e-08
3.60602e-06
0.0005201
-2.12324e-07
3.56609e-06
0.000504052
-2.41843e-07
3.57515e-06
0.00047253
-2.11234e-07
3.52917e-06
0.000426655
3.55093e-06
0.000368045
-4.43638e-08
2.45957e-07
2.89357e-06
0.000321631
3.14269e-07
2.92167e-06
0.000379634
2.98483e-07
2.89963e-06
0.000424799
2.10245e-07
2.86564e-06
0.000455716
7.92415e-08
2.84962e-06
0.000471422
-8.26871e-08
2.86899e-06
0.000471422
-1.89399e-07
2.81005e-06
0.000455713
-2.12133e-07
2.80465e-06
0.000424793
-1.72483e-07
2.79607e-06
0.000379629
2.82851e-06
0.000321629
-1.04264e-08
2.15376e-07
0.000274961
2.97146e-07
0.000332434
2.85521e-07
0.000376932
1.98976e-07
0.000407274
7.42807e-08
0.000422651
-5.71927e-08
0.000422652
-1.75168e-07
0.000407273
-2.12681e-07
0.000376929
-1.63461e-07
0.00033243
0.000274959
3.61669e-09
3.1606e-07
9.92294e-08
0.000472373
2.01708e-07
4.10547e-07
0.000519378
-2.32124e-07
6.64086e-07
0.000557171
-2.83089e-07
4.69301e-07
0.000584504
-3.37063e-08
3.66127e-07
0.000598708
4.86776e-08
3.67688e-07
0.000599138
6.42421e-08
3.29714e-07
0.000585018
2.57315e-07
3.04272e-07
0.000557831
4.38491e-07
2.38729e-07
0.000519488
2.29803e-07
0.000472061
5.20145e-07
5.24035e-08
1.22962e-06
0.000538367
-4.81203e-08
1.77105e-06
0.000596079
-1.33618e-07
2.20066e-06
0.000643051
-1.32981e-07
2.06654e-06
0.000676371
-3.12445e-08
1.94202e-06
0.000693755
2.07292e-08
2.01047e-06
0.000693788
4.41877e-08
1.89557e-06
0.000676451
5.19508e-08
1.72045e-06
0.000643077
1.11169e-07
1.40445e-06
0.000596063
1.21183e-06
0.000538273
2.07893e-07
-1.18809e-07
2.69909e-06
0.000537265
-8.19177e-08
3.38007e-06
0.000598774
-5.75185e-09
4.02821e-06
0.000649071
-4.20843e-08
4.1284e-06
0.000684704
-4.35421e-08
4.02374e-06
0.000703204
-1.56117e-08
4.0649e-06
0.000703186
7.55347e-09
3.88164e-06
0.000684734
-2.72046e-08
3.60625e-06
0.000649087
-6.73105e-08
3.07224e-06
0.000598798
2.53545e-06
0.000537217
-4.58779e-08
-1.01579e-07
4.20755e-06
0.000520245
4.14807e-08
4.91526e-06
0.000584108
1.6409e-07
5.57605e-06
0.000635923
1.03249e-07
5.74106e-06
0.000672226
1.3645e-08
5.58723e-06
0.000690856
-5.97721e-08
5.60796e-06
0.000690842
-2.91789e-08
5.39173e-06
0.000672207
-2.27721e-08
5.23646e-06
0.000635949
-6.479e-09
4.71033e-06
0.000584192
4.01194e-06
0.000520281
-3.28454e-09
1.23898e-07
5.0194e-06
0.000493523
2.67549e-07
5.4896e-06
0.00055711
3.41149e-07
5.8584e-06
0.000607497
3.0242e-07
5.87256e-06
0.000642262
1.05151e-07
5.75082e-06
0.000659974
-6.16918e-08
5.74102e-06
0.000659974
-1.32658e-07
5.55873e-06
0.000642241
-1.19598e-07
5.57334e-06
0.000607519
-2.0861e-08
5.31842e-06
0.000557179
4.90734e-06
0.000493593
9.55137e-08
2.55849e-07
4.93441e-06
0.00045713
3.17957e-07
5.14333e-06
0.000518435
3.58523e-07
5.28174e-06
0.00056659
3.20281e-07
5.22265e-06
0.000599788
1.1222e-07
5.20175e-06
0.000616734
-4.93453e-08
5.14643e-06
0.000616735
-2.06613e-07
5.02848e-06
0.000599793
-2.25495e-07
5.05396e-06
0.000566606
-1.22117e-07
4.92845e-06
0.000518461
4.7949e-06
0.000457167
7.89142e-08
2.53683e-07
4.37941e-06
0.00041417
2.97507e-07
4.45318e-06
0.000473849
2.99028e-07
4.48907e-06
0.000520689
2.32207e-07
4.40707e-06
0.000552964
8.02506e-08
4.4248e-06
0.000569429
-7.48505e-08
4.3739e-06
0.000569427
-2.16984e-07
4.28791e-06
0.000552966
-2.58424e-07
4.30591e-06
0.000520688
-2.05339e-07
4.23193e-06
0.000473843
4.18193e-06
0.000414172
-8.39054e-09
2.33663e-07
3.6558e-06
0.000368601
2.987e-07
3.6778e-06
0.000427374
2.82993e-07
3.6815e-06
0.000473359
1.91226e-07
3.60285e-06
0.000504952
7.02032e-08
3.61153e-06
0.000521038
-8.4057e-08
3.59333e-06
0.000521035
-2.02514e-07
3.51206e-06
0.000504947
-2.30148e-07
3.51478e-06
0.000473348
-1.93982e-07
3.48806e-06
0.000427363
3.46978e-06
0.000368596
-3.27789e-08
1.72842e-07
2.92794e-06
0.00032218
2.51702e-07
2.91632e-06
0.000380317
2.60762e-07
2.88744e-06
0.000425584
1.76687e-07
2.83409e-06
0.000456569
7.22908e-08
2.82891e-06
0.000472309
-6.09148e-08
2.84106e-06
0.000472307
-1.70957e-07
2.77191e-06
0.000456563
-1.99004e-07
2.76174e-06
0.000425574
-1.60265e-07
2.768e-06
0.00038031
2.7601e-06
0.000322176
2.5762e-09
1.41603e-07
0.000275457
2.33866e-07
0.000333056
2.52064e-07
0.00037765
1.72456e-07
0.000408057
6.41846e-08
0.000423465
-4.86233e-08
0.000423465
-1.6074e-07
0.000408053
-2.00665e-07
0.000377645
-1.58884e-07
0.000333052
0.000275454
-2.3273e-10
2.53377e-07
1.19743e-07
0.000472139
2.356e-07
2.9214e-07
0.000519103
-1.68188e-07
5.37939e-07
0.000557037
-2.29698e-07
4.20493e-07
0.000584145
-6.61247e-08
4.05261e-07
0.000598139
7.24981e-08
2.9936e-07
0.0005987
1.16951e-07
2.87404e-07
0.000584686
2.72117e-07
2.53556e-07
0.000557423
4.12102e-07
2.35331e-07
0.000519113
1.97709e-07
0.000471735
5.41211e-07
2.98477e-08
1.16533e-06
0.000537379
1.18903e-09
1.49503e-06
0.000594905
-1.1101e-07
1.98204e-06
0.000641719
-1.21855e-07
1.85497e-06
0.000674948
-2.11252e-08
1.80477e-06
0.000692254
5.96605e-08
1.74961e-06
0.000692257
2.54201e-08
1.73203e-06
0.000675041
3.19196e-08
1.53021e-06
0.000641794
1.36485e-07
1.26468e-06
0.000594929
1.06778e-06
0.00053726
2.78957e-07
-7.1848e-08
2.51462e-06
0.000536028
-3.83048e-08
2.97576e-06
0.000597259
4.59147e-09
3.70443e-06
0.000647305
-3.95676e-08
3.78644e-06
0.000682817
-1.64242e-08
3.73587e-06
0.000701249
1.86777e-08
3.66759e-06
0.000701233
5.84906e-09
3.61863e-06
0.00068286
-7.49843e-08
3.32157e-06
0.000647377
-7.38572e-08
2.76715e-06
0.000597294
2.23724e-06
0.000535973
5.26601e-10
-3.04104e-08
3.93021e-06
0.000518849
6.09774e-08
4.50064e-06
0.000582492
1.40477e-07
5.30164e-06
0.000634246
9.56178e-08
5.44616e-06
0.000670611
3.6931e-08
5.34964e-06
0.0006893
-4.41965e-08
5.2945e-06
0.000689296
-1.09038e-08
5.18402e-06
0.000670608
-3.72743e-08
4.99532e-06
0.000634302
-3.11257e-08
4.37418e-06
0.000582579
3.61886e-06
0.00051888
-1.22565e-08
1.45884e-07
4.83765e-06
0.000492453
2.07304e-07
5.28154e-06
0.000556268
2.87895e-07
5.73411e-06
0.000606984
2.7541e-07
5.71622e-06
0.000642005
1.08105e-07
5.63745e-06
0.000659854
-8.81919e-08
5.60961e-06
0.000659855
-1.46022e-07
5.49085e-06
0.000641992
-1.19727e-07
5.47737e-06
0.000607011
-4.53668e-08
5.14432e-06
0.000556334
4.58797e-06
0.000492516
6.29508e-08
2.55688e-07
4.86861e-06
0.000456921
2.88034e-07
5.07005e-06
0.000518614
3.50331e-07
5.21884e-06
0.000567043
3.05578e-07
5.14651e-06
0.000600403
1.08389e-07
5.14861e-06
0.00061742
-8.09051e-08
5.10997e-06
0.000617424
-2.20737e-07
5.01683e-06
0.000600407
-2.00534e-07
5.0066e-06
0.000567056
-1.05963e-07
4.87504e-06
0.000518636
4.62769e-06
0.000456951
6.95646e-08
2.29104e-07
4.37611e-06
0.000414523
2.82145e-07
4.41792e-06
0.000474448
2.93847e-07
4.45134e-06
0.000521445
2.12447e-07
4.37586e-06
0.000553816
5.97318e-08
4.40549e-06
0.000570325
-1.04877e-07
4.37725e-06
0.000570325
-2.3176e-07
4.29376e-06
0.000553816
-2.42816e-07
4.26505e-06
0.000521441
-1.65689e-07
4.20153e-06
0.00047444
4.09651e-06
0.000414523
1.42114e-08
1.56528e-07
3.67145e-06
0.000369126
2.35606e-07
3.65166e-06
0.000428061
2.29291e-07
3.6554e-06
0.000474161
1.39317e-07
3.58741e-06
0.00050583
2.89489e-08
3.60193e-06
0.000521952
-1.00008e-07
3.59022e-06
0.000521951
-1.98877e-07
3.51568e-06
0.000505824
-2.23906e-07
3.48978e-06
0.000474149
-1.76194e-07
3.46785e-06
0.000428049
3.40835e-06
0.000369119
-1.09227e-08
9.77551e-08
2.94378e-06
0.000322714
1.86301e-07
2.89391e-06
0.000380986
2.01473e-07
2.8693e-06
0.000426354
1.19722e-07
2.8297e-06
0.000457409
1.91962e-08
2.82924e-06
0.000473182
-7.74969e-08
2.81561e-06
0.000473179
-1.72154e-07
2.77263e-06
0.000457401
-2.07851e-07
2.75645e-06
0.000426343
-1.68313e-07
2.75981e-06
0.000380979
2.71014e-06
0.000322708
-2.40945e-09
7.65399e-08
0.000275945
1.75011e-07
0.000333668
1.96944e-07
0.000378358
1.24017e-07
0.000408829
2.16979e-08
0.00042427
-8.45657e-08
0.000424267
-1.81445e-07
0.000408824
-2.2987e-07
0.000378352
-1.80872e-07
0.000333663
0.000275941
-1.4612e-08
1.78505e-07
1.30202e-07
0.000471919
2.40932e-07
2.03458e-07
0.000518837
-4.89731e-09
3.74968e-07
0.000556908
-7.83749e-08
3.76858e-07
0.000583842
-1.11346e-07
4.7372e-07
0.000597699
1.02748e-07
2.32013e-07
0.000598254
1.47541e-07
2.85581e-07
0.000584355
2.34963e-07
2.26261e-07
0.000557109
3.30193e-07
2.51237e-07
0.000518766
1.85883e-07
0.000471394
4.84998e-07
2.03067e-08
1.0748e-06
0.000536451
4.25569e-08
1.27531e-06
0.000593811
-2.32216e-08
1.66078e-06
0.000640499
-6.52535e-08
1.69551e-06
0.000673671
-2.95552e-08
1.80435e-06
0.000690888
9.02878e-08
1.49861e-06
0.00069087
2.32501e-08
1.63157e-06
0.000673762
1.2553e-08
1.40372e-06
0.000640627
1.3367e-07
1.19003e-06
0.00059387
9.73157e-07
0.000536304
3.02693e-07
-2.00816e-08
2.30662e-06
0.000534881
-4.90877e-09
2.65306e-06
0.000595866
2.71188e-08
3.25201e-06
0.000645682
-1.83746e-08
3.49492e-06
0.000681063
1.35312e-10
3.62055e-06
0.000699415
5.10169e-08
3.27154e-06
0.000699409
8.70754e-10
3.42584e-06
0.000681116
-1.01822e-07
3.09444e-06
0.000645788
-7.24071e-08
2.55358e-06
0.000595901
2.04313e-06
0.000534802
2.79684e-08
2.93786e-08
3.62325e-06
0.000517544
5.53557e-08
4.15847e-06
0.000580961
8.1036e-08
4.87425e-06
0.000632598
6.61449e-08
5.15681e-06
0.000668964
5.52133e-08
5.24076e-06
0.000687691
-2.55463e-08
4.94763e-06
0.000687701
-2.72275e-08
5.05552e-06
0.00066898
-7.0374e-08
4.77468e-06
0.000632665
-5.1846e-08
4.09658e-06
0.000581018
3.33305e-06
0.000517556
-1.6897e-08
1.44056e-07
4.59134e-06
0.000491362
1.45058e-07
5.09976e-06
0.000555325
1.78691e-07
5.50144e-06
0.000606323
1.84891e-07
5.57274e-06
0.000641583
1.0928e-07
5.59919e-06
0.000659571
-1.16608e-07
5.45108e-06
0.000659578
-1.63616e-07
5.50874e-06
0.000641586
-1.39074e-07
5.40911e-06
0.000606352
-7.26745e-08
4.99043e-06
0.000555374
4.3623e-06
0.000491403
1.04955e-08
2.19258e-07
4.75061e-06
0.000456597
2.42041e-07
5.01611e-06
0.000518675
2.7001e-07
5.11338e-06
0.000567403
2.09058e-07
5.1022e-06
0.000600934
8.61887e-08
5.11102e-06
0.000618031
-1.45741e-07
5.0705e-06
0.000618036
-2.36615e-07
5.06898e-06
0.000600938
-1.99963e-07
5.01902e-06
0.00056741
-1.04846e-07
4.84312e-06
0.000518688
4.53212e-06
0.000456616
6.0573e-08
1.66726e-07
4.33103e-06
0.000414804
2.43776e-07
4.39516e-06
0.000474992
2.49213e-07
4.39221e-06
0.000522161
1.48074e-07
4.38558e-06
0.000554634
1.60567e-08
4.37932e-06
0.000571189
-1.54414e-07
4.37353e-06
0.000571192
-2.49379e-07
4.34744e-06
0.000554633
-2.31376e-07
4.28714e-06
0.000522155
-1.34304e-07
4.2027e-06
0.000474983
4.07888e-06
0.000414803
3.95113e-08
8.40523e-08
3.65624e-06
0.000369618
1.81716e-07
3.63607e-06
0.000428722
1.70068e-07
3.62468e-06
0.00047494
8.29131e-08
3.61334e-06
0.000506689
-2.90038e-08
3.59539e-06
0.000522847
-1.32482e-07
3.58029e-06
0.000522847
-2.10439e-07
3.56609e-06
0.000506683
-2.21306e-07
3.51715e-06
0.000474929
-1.55691e-07
3.47452e-06
0.000428711
3.40797e-06
0.00036961
2.45357e-08
3.82191e-08
2.92741e-06
0.000323231
1.31692e-07
2.88846e-06
0.00038164
1.30132e-07
2.87082e-06
0.00042711
6.36958e-08
2.85515e-06
0.000458233
-4.40597e-08
2.84476e-06
0.00047404
-1.26898e-07
2.80603e-06
0.000474036
-2.01571e-07
2.81658e-06
0.000458225
-2.38553e-07
2.79739e-06
0.0004271
-1.85797e-07
2.76755e-06
0.000381633
2.70507e-06
0.000323224
9.74639e-10
4.56181e-08
0.000276422
1.43168e-07
0.00033427
1.51184e-07
0.000379055
8.60154e-08
0.00040959
-2.12561e-08
0.000425063
-1.36664e-07
0.000425059
-2.13059e-07
0.000409584
-2.55114e-07
0.000379049
-2.03277e-07
0.000334265
0.000276417
-2.35401e-08
1.24666e-07
1.09108e-07
0.000471707
2.41748e-07
1.62877e-07
0.000518557
2.32374e-07
2.30439e-07
0.000556687
8.44144e-08
4.10932e-07
0.000583579
-1.08383e-07
4.95341e-07
0.000597396
1.79579e-07
1.95223e-07
0.000597771
2.00221e-07
2.96588e-07
0.000584038
1.87217e-07
2.58582e-07
0.000556863
2.2874e-07
2.86075e-07
0.000518439
2.26736e-07
0.000471061
3.34668e-07
4.29215e-08
9.67809e-07
0.000535579
8.16479e-08
1.13794e-06
0.000592797
7.0231e-08
1.36248e-06
0.000639378
-1.1655e-08
1.67405e-06
0.00067249
-2.83686e-08
1.78667e-06
0.000689613
1.21764e-07
1.31389e-06
0.000689601
6.61284e-08
1.54833e-06
0.000672566
2.51597e-08
1.39561e-06
0.000639531
1.17602e-07
1.20227e-06
0.000592861
9.65315e-07
0.00053539
2.9255e-07
1.14456e-08
2.0941e-06
0.000533805
1.8892e-08
2.41221e-06
0.000594585
2.14877e-08
2.84896e-06
0.000644193
-4.42419e-09
3.33769e-06
0.000679425
1.76261e-08
3.48877e-06
0.00069769
7.08736e-08
2.96879e-06
0.000697701
6.88426e-09
3.23947e-06
0.000679489
-7.40506e-08
2.96327e-06
0.000644302
-4.67005e-08
2.47735e-06
0.000594599
1.99675e-06
0.000533686
3.79823e-08
6.71534e-08
3.31988e-06
0.000516323
2.25476e-08
3.90208e-06
0.000579515
-1.05574e-08
4.48159e-06
0.000630998
3.13897e-08
4.9463e-06
0.000667314
6.74919e-08
5.09233e-06
0.000686052
-9.91263e-09
4.67112e-06
0.000686076
-5.4218e-08
4.91668e-06
0.000667347
-9.48623e-08
4.61202e-06
0.000631057
-5.09428e-08
3.93045e-06
0.000579521
3.21321e-06
0.000516299
-1.12088e-08
1.03185e-07
4.33807e-06
0.000490271
7.39486e-08
4.95341e-06
0.000554303
5.29833e-08
5.29799e-06
0.000605527
1.01799e-07
5.47621e-06
0.000641004
8.54244e-08
5.55661e-06
0.000659123
-1.28373e-07
5.32615e-06
0.000659136
-1.60399e-07
5.51582e-06
0.000641019
-1.25731e-07
5.37612e-06
0.000605553
-6.52374e-08
4.92403e-06
0.00055432
4.26389e-06
0.000490282
5.32023e-09
1.36047e-07
4.64172e-06
0.000456167
1.67015e-07
4.99064e-06
0.000518607
1.57526e-07
5.05445e-06
0.000567656
1.17441e-07
5.07954e-06
0.000601371
3.60563e-08
5.11318e-06
0.000618556
-2.03564e-07
5.04202e-06
0.00061856
-2.56944e-07
5.13383e-06
0.000601373
-1.97894e-07
5.0751e-06
0.000567652
-8.33168e-08
4.8886e-06
0.000518609
4.5459e-06
0.000456171
7.99567e-08
1.09501e-07
4.30536e-06
0.000415005
2.02259e-07
4.41867e-06
0.000475472
2.00361e-07
4.38724e-06
0.00052283
9.16254e-08
4.41136e-06
0.00055541
-2.07955e-08
4.39803e-06
0.000572017
-1.91722e-07
4.38354e-06
0.000572022
-2.66517e-07
4.43053e-06
0.000555411
-2.29582e-07
4.37091e-06
0.000522822
-9.9311e-08
4.27752e-06
0.000475464
4.14288e-06
0.000415001
1.05518e-07
1.5422e-08
3.66562e-06
0.00037007
1.30868e-07
3.67224e-06
0.000429353
1.2865e-07
3.63659e-06
0.000475693
4.21491e-08
3.66326e-06
0.000507524
-7.06111e-08
3.63674e-06
0.000523721
-1.58845e-07
3.59819e-06
0.000523721
-2.14671e-07
3.65025e-06
0.000507519
-2.20355e-07
3.61957e-06
0.000475687
-1.31665e-07
3.55491e-06
0.000429345
3.48743e-06
0.000370062
7.20382e-08
-1.1442e-08
2.95027e-06
0.000323727
9.51848e-08
2.93054e-06
0.000382275
8.78439e-08
2.90817e-06
0.000427846
2.95179e-08
2.91566e-06
0.000459039
-7.59049e-08
2.9018e-06
0.000474881
-1.6426e-07
2.84637e-06
0.000474876
-2.09745e-07
2.88918e-06
0.000459032
-2.30441e-07
2.90058e-06
0.000427839
-1.59695e-07
2.84774e-06
0.000382269
2.78307e-06
0.000323721
4.80604e-08
3.01632e-08
0.000276885
1.33117e-07
0.000334858
1.23688e-07
0.000379737
6.2541e-08
0.000410336
-4.4043e-08
0.000425841
-1.66201e-07
0.000425837
-2.31787e-07
0.000410331
-2.49875e-07
0.000379733
-1.81172e-07
0.000334854
0.000276882
1.80332e-08
8.39269e-08
1.06459e-07
0.000471469
2.06066e-07
2.0417e-07
0.000518231
3.58412e-07
2.07119e-07
0.000556327
1.72174e-07
4.45922e-07
0.000583319
-5.36811e-08
4.64295e-07
0.000597158
2.12067e-07
2.63806e-07
0.000597242
2.45337e-07
2.69733e-07
0.000583735
2.18238e-07
2.72104e-07
0.000556618
1.6139e-07
3.66404e-07
0.000518129
2.89711e-07
0.000470744
1.89317e-07
4.40618e-08
8.85243e-07
0.000534762
8.70718e-08
1.09844e-06
0.00059186
1.27372e-07
1.20666e-06
0.000638338
3.14015e-08
1.67013e-06
0.000671361
-1.98879e-08
1.7203e-06
0.000688409
1.28441e-07
1.29156e-06
0.000688425
8.843e-08
1.44931e-06
0.000671426
6.27248e-08
1.34427e-06
0.000638485
1.02623e-07
1.30106e-06
0.000591886
1.0231e-06
0.000534519
2.408e-07
1.55708e-08
1.91909e-06
0.000532793
6.87168e-09
2.29449e-06
0.000593397
-2.79889e-09
2.5965e-06
0.000642813
3.03878e-09
3.20533e-06
0.000677884
2.43602e-08
3.3276e-06
0.000696062
7.70493e-08
2.85225e-06
0.000696088
1.31427e-08
3.04744e-06
0.000677955
-2.61904e-08
2.77936e-06
0.000642906
-1.71772e-08
2.52735e-06
0.000593364
2.03164e-06
0.000532626
3.4805e-08
3.59781e-08
3.08932e-06
0.000515173
-4.23628e-08
3.7382e-06
0.00057815
-9.13268e-08
4.19108e-06
0.000629453
-7.11966e-09
4.7563e-06
0.000665679
5.58656e-08
4.91292e-06
0.000684403
-2.11482e-09
4.55287e-06
0.000684434
-6.89374e-08
4.73668e-06
0.000665725
-9.93734e-08
4.37516e-06
0.000629491
-4.48987e-08
3.89557e-06
0.000578098
3.19511e-06
0.000515103
-1.24176e-08
1.08741e-08
4.15179e-06
0.00048919
-9.87189e-09
4.84438e-06
0.000553218
-6.01451e-08
5.15768e-06
0.000604611
2.17653e-08
5.40085e-06
0.000640278
3.95467e-08
5.50334e-06
0.000658515
-1.1488e-07
5.31493e-06
0.000658529
-1.31365e-07
5.4788e-06
0.000640293
-7.94112e-08
5.25547e-06
0.000604621
1.30703e-08
4.92366e-06
0.0005532
4.25611e-06
0.000489169
6.44149e-08
2.60624e-08
4.5703e-06
0.000455647
9.23498e-08
4.97932e-06
0.000518406
5.60461e-08
5.06674e-06
0.000567783
4.44374e-08
5.083e-06
0.000601701
-8.72944e-09
5.13174e-06
0.000618981
-1.9201e-07
5.07705e-06
0.000618981
-2.36165e-07
5.19638e-06
0.0006017
-1.75792e-07
5.08084e-06
0.000567766
-1.82113e-08
4.98034e-06
0.000518394
4.61426e-06
0.000455633
1.61467e-07
2.85832e-08
4.31983e-06
0.00041512
1.48312e-07
4.45351e-06
0.000475878
1.59303e-07
4.44259e-06
0.000523443
6.01447e-08
4.45339e-06
0.000556139
-4.53386e-08
4.45377e-06
0.0005728
-1.81608e-07
4.43288e-06
0.000572802
-2.37821e-07
4.52403e-06
0.000556139
-2.29509e-07
4.46253e-06
0.000523432
-6.32538e-08
4.40634e-06
0.000475871
4.25494e-06
0.000415109
1.87715e-07
-5.10078e-08
3.71522e-06
0.000370477
8.43175e-08
3.72195e-06
0.00042995
1.16398e-07
3.68674e-06
0.000476417
3.15913e-08
3.73288e-06
0.000508329
-7.88596e-08
3.71893e-06
0.000524567
-1.68769e-07
3.67822e-06
0.000524566
-1.9808e-07
3.74669e-06
0.000508326
-2.09942e-07
3.7468e-06
0.000476414
-9.15743e-08
3.68915e-06
0.000429944
3.61084e-06
0.000370468
1.45742e-07
-5.78807e-09
3.00238e-06
0.0003242
1.08239e-07
2.99419e-06
0.000382889
9.55045e-08
2.98508e-06
0.00042856
3.2091e-08
3.01205e-06
0.000459824
-6.91214e-08
3.00163e-06
0.000475699
-1.66675e-07
2.95618e-06
0.000475696
-2.03334e-07
2.99754e-06
0.000459818
-2.06842e-07
3.03226e-06
0.000428558
-1.10373e-07
2.97785e-06
0.000382884
2.91887e-06
0.000324195
1.07565e-07
5.13888e-08
0.000277335
1.53217e-07
0.000335432
1.24932e-07
0.000380403
6.08944e-08
0.000411065
-3.8376e-08
0.000426602
-1.51345e-07
0.0004266
-2.05644e-07
0.000411062
-1.98907e-07
0.000380401
-1.01951e-07
0.000335429
0.000277333
9.82328e-08
-5.78886e-08
2.0428e-07
0.000471094
4.51998e-08
3.62893e-07
0.000517765
2.43776e-07
3.68705e-07
0.00055576
1.53128e-07
5.06791e-07
0.000582903
3.73295e-08
4.97711e-07
0.000596776
2.20727e-07
4.73216e-07
0.000596585
3.0919e-07
3.4497e-07
0.000583302
3.72374e-07
3.45984e-07
0.000556209
2.43944e-07
5.04066e-07
0.000517754
3.90929e-07
0.000470372
2.242e-07
-8.46947e-08
9.55872e-07
0.000533953
-4.14146e-08
1.25145e-06
0.000590928
5.62737e-08
1.3174e-06
0.000637292
2.16372e-08
1.70044e-06
0.000670202
4.69201e-09
1.72167e-06
0.000687202
1.2991e-07
1.52935e-06
0.000687244
1.56147e-07
1.48414e-06
0.000670261
1.69608e-07
1.39632e-06
0.000637421
1.67676e-07
1.50571e-06
0.000590887
1.18199e-06
0.000533653
2.42654e-07
-1.25228e-07
1.94569e-06
0.000531791
-1.21454e-07
2.42796e-06
0.000592217
-8.93647e-08
2.64504e-06
0.000641453
-2.59777e-08
3.16204e-06
0.000676359
1.66865e-08
3.29639e-06
0.000694444
8.819e-08
3.06329e-06
0.000694482
8.91499e-08
3.01274e-06
0.000676425
8.83923e-08
2.77647e-06
0.000641527
1.03761e-07
2.73123e-06
0.000592123
2.21442e-06
0.000531578
1.18703e-07
-1.32032e-07
3.0828e-06
0.000514032
-1.74491e-07
3.81866e-06
0.000576802
-1.84027e-07
4.19751e-06
0.00062791
-5.98292e-08
4.70012e-06
0.000664016
1.18051e-08
4.92742e-06
0.000682701
1.84229e-08
4.7656e-06
0.000682725
1.30091e-08
4.67412e-06
0.000664069
3.40059e-08
4.32163e-06
0.000627925
9.6115e-08
4.06348e-06
0.000576704
3.38511e-06
0.000513919
1.09326e-07
-1.94886e-07
4.17436e-06
0.000488091
-1.50531e-07
4.94077e-06
0.000552051
-1.6969e-07
5.28017e-06
0.000603548
-7.45242e-08
5.51521e-06
0.000639367
-3.15382e-08
5.69295e-06
0.000657706
-6.02982e-08
5.61094e-06
0.000657712
-4.11719e-08
5.57097e-06
0.000639378
6.27407e-08
5.31045e-06
0.000603528
2.05058e-07
5.11486e-06
0.000552006
4.44174e-06
0.000488043
2.75349e-07
-2.02658e-07
4.68435e-06
0.000455027
-6.11918e-08
5.16578e-06
0.000518039
-6.29455e-08
5.33025e-06
0.000567735
-5.55106e-08
5.33826e-06
0.00060187
-6.25454e-08
5.42796e-06
0.000619253
-1.00212e-07
5.3832e-06
0.000619247
-1.10528e-07
5.4166e-06
0.000601864
-3.08285e-08
5.29072e-06
0.000567706
1.89696e-07
5.27076e-06
0.000518018
4.87166e-06
0.000454995
3.97668e-07
-2.01172e-07
4.53136e-06
0.000415123
-2.66593e-08
4.694e-06
0.000476175
4.35297e-08
4.74589e-06
0.000523957
-8.97031e-09
4.75192e-06
0.000556778
-5.58031e-08
4.78123e-06
0.000573494
-1.0467e-07
4.74406e-06
0.00057349
-1.22793e-07
4.80038e-06
0.000556774
-1.04647e-07
4.76064e-06
0.000523944
1.09566e-07
4.75834e-06
0.00047617
4.59018e-06
0.000415102
3.98556e-07
-1.66202e-07
3.96721e-06
0.000370815
-1.12914e-08
4.00558e-06
0.000430483
6.40644e-08
4.00486e-06
0.000477083
7.72524e-09
4.06407e-06
0.000509074
-5.3074e-08
4.05999e-06
0.000525349
-1.18891e-07
4.02902e-06
0.000525347
-1.38597e-07
4.0755e-06
0.00050907
-1.27709e-07
4.0836e-06
0.00047708
4.67408e-08
4.04901e-06
0.000430479
3.98424e-06
0.000370805
3.1617e-07
-8.02033e-08
3.25672e-06
0.00032463
5.23045e-08
3.30239e-06
0.00038346
6.79412e-08
3.31868e-06
0.000429231
2.95471e-08
3.36562e-06
0.00046056
-3.52333e-08
3.35427e-06
0.00047647
-1.06345e-07
3.32805e-06
0.000476468
-1.24467e-07
3.35348e-06
0.000460558
-9.25592e-08
3.37947e-06
0.00042923
4.59134e-08
3.33907e-06
0.000383456
3.30828e-06
0.000324626
2.9089e-07
-5.75922e-08
0.000277755
6.43858e-08
0.000335972
6.76988e-08
0.000381034
3.97198e-08
0.000411759
-2.08112e-08
0.000427327
-8.84787e-08
0.000427326
-1.08893e-07
0.000411758
-6.33447e-08
0.000381034
6.66048e-08
0.000335971
0.000277754
3.04147e-07
-3.33543e-07
5.1406e-07
0.0004704
-2.85889e-07
7.54295e-07
0.000516963
-7.43707e-08
7.55713e-07
0.000554793
5.95519e-08
7.51969e-07
0.000582017
1.47866e-07
7.89908e-07
0.000595898
2.33243e-07
9.14248e-07
0.000595585
5.09311e-07
6.18302e-07
0.000582407
6.49566e-07
6.86102e-07
0.000555383
5.18401e-07
7.79647e-07
0.000517105
6.26308e-07
0.000469774
4.90661e-07
-3.94044e-07
1.26587e-06
0.000533158
-3.25959e-07
1.61197e-06
0.000590002
-1.56627e-07
1.65158e-06
0.000636227
-5.09612e-08
1.83349e-06
0.000669015
3.51438e-08
1.91898e-06
0.000685987
1.58374e-07
2.00381e-06
0.000686031
3.03816e-07
1.65246e-06
0.000669081
3.84558e-07
1.68777e-06
0.000636339
3.83095e-07
1.77932e-06
0.000589888
1.46226e-06
0.000532824
3.75878e-07
-4.45642e-07
2.25307e-06
0.000530765
-3.73559e-07
2.75114e-06
0.000591006
-2.69125e-07
2.94534e-06
0.000640055
-1.18126e-07
3.25449e-06
0.000674787
2.0951e-09
3.4676e-06
0.000692776
1.33811e-07
3.53596e-06
0.000692818
2.39491e-07
3.12614e-06
0.000674846
2.97724e-07
3.05065e-06
0.000640106
3.47039e-07
2.99851e-06
0.000590854
2.52137e-06
0.000530534
3.3224e-07
-4.66223e-07
3.35605e-06
0.000512865
-3.97365e-07
4.06331e-06
0.000575421
-3.3497e-07
4.4756e-06
0.000626317
-1.55454e-07
4.81582e-06
0.000662276
-5.04878e-08
5.17608e-06
0.000680887
9.09007e-08
5.21882e-06
0.0006809
1.7475e-07
4.79289e-06
0.000662318
2.95287e-07
4.54766e-06
0.000626308
3.7463e-07
4.32436e-06
0.000575298
3.69718e-06
0.000512731
3.87325e-07
-4.88292e-07
4.4051e-06
0.000486952
-3.46037e-07
5.18882e-06
0.000550784
-2.9997e-07
5.67541e-06
0.000602302
-1.93838e-07
5.85288e-06
0.000638224
-1.08855e-07
6.15645e-06
0.000656641
3.34745e-08
6.15494e-06
0.000656634
1.22663e-07
5.85434e-06
0.000638227
3.30443e-07
5.61394e-06
0.000602254
5.13212e-07
5.42447e-06
0.000550723
4.76972e-06
0.000486884
5.99201e-07
-5.55416e-07
4.99397e-06
0.000454294
-3.25554e-07
5.51791e-06
0.00051748
-2.2875e-07
5.85273e-06
0.000567461
-1.96303e-07
5.87417e-06
0.000601816
-1.05667e-07
6.01546e-06
0.000619303
3.93103e-08
5.96514e-06
0.000619292
9.32631e-08
5.86078e-06
0.000601804
2.40332e-07
5.74831e-06
0.000567424
5.09967e-07
5.71594e-06
0.000517457
5.2783e-06
0.000454248
7.48445e-07
-5.12427e-07
4.93338e-06
0.000414993
-2.97692e-07
5.14937e-06
0.000476329
-1.51807e-07
5.33692e-06
0.000524327
-1.29268e-07
5.35229e-06
0.000557277
-5.1671e-08
5.38672e-06
0.000574045
3.18308e-08
5.33415e-06
0.000574037
6.34292e-08
5.33674e-06
0.000557266
1.55068e-07
5.2858e-06
0.000524315
4.21064e-07
5.29554e-06
0.000476324
5.10282e-06
0.000414963
7.35596e-07
-4.06601e-07
4.42776e-06
0.000371068
-2.24304e-07
4.51827e-06
0.000430932
-8.31885e-08
4.618e-06
0.000477661
-4.57897e-08
4.66393e-06
0.000509725
-1.181e-08
4.66954e-06
0.000526032
2.39329e-09
4.63784e-06
0.000526029
1.80705e-08
4.6717e-06
0.00050972
1.02356e-07
4.62516e-06
0.000477657
3.30435e-07
4.61907e-06
0.000430927
4.56048e-06
0.000371055
6.22497e-07
-3.33392e-07
3.76451e-06
0.000325009
-1.66886e-07
3.83724e-06
0.000383974
-5.6901e-08
3.89981e-06
0.000429839
-1.29555e-08
3.95286e-06
0.000461227
5.60481e-09
3.95365e-06
0.000477167
5.19388e-09
3.93991e-06
0.000477166
3.95208e-08
3.96726e-06
0.000461228
1.36921e-07
3.91924e-06
0.000429838
3.30964e-07
3.91014e-06
0.00038397
3.90359e-06
0.000325005
6.08762e-07
-3.04194e-07
0.00027814
-1.41394e-07
0.000336472
-5.90734e-08
0.000381618
-2.1182e-08
0.000412399
2.76455e-09
0.000427996
2.25059e-08
0.000427997
8.30814e-08
0.0004124
1.92006e-07
0.000381618
3.7862e-07
0.000336472
0.000278141
6.55845e-07
-1.50419e-06
1.43432e-06
0.000468686
-1.30794e-06
1.76601e-06
0.000515001
-8.83055e-07
1.84761e-06
0.00055252
-2.82354e-07
1.8051e-06
0.000579611
2.18925e-07
1.94939e-06
0.000593447
5.13007e-07
2.06912e-06
0.000593222
1.18973e-06
1.7281e-06
0.000580002
1.60282e-06
1.73186e-06
0.000553238
1.67972e-06
1.68626e-06
0.000515342
1.44144e-06
0.000468204
1.80786e-06
-1.49805e-06
2.43407e-06
0.000531973
-1.24516e-06
2.88363e-06
0.000588631
-8.3995e-07
3.02038e-06
0.000634649
-3.60827e-07
3.05791e-06
0.000667283
7.89547e-08
3.29167e-06
0.000684204
4.38211e-07
3.50943e-06
0.000684232
8.86858e-07
3.00235e-06
0.000667358
1.24092e-06
2.97592e-06
0.000634741
1.43589e-06
2.91357e-06
0.000588466
2.5718e-06
0.00053165
1.47897e-06
-1.52507e-06
3.69493e-06
0.000529312
-1.24287e-06
4.29756e-06
0.00058931
-8.69362e-07
4.58937e-06
0.000638112
-4.17505e-07
4.75439e-06
0.000672639
1.16292e-08
5.11435e-06
0.000690524
4.02825e-07
5.37431e-06
0.000690562
8.13059e-07
4.75181e-06
0.000672686
1.12572e-06
4.63498e-06
0.000638134
1.37582e-06
4.39726e-06
0.00058912
3.94615e-06
0.00052909
1.44555e-06
-1.54678e-06
5.02265e-06
0.000511306
-1.21732e-06
5.80124e-06
0.000573588
-8.81714e-07
6.33324e-06
0.000624238
-4.60658e-07
6.60943e-06
0.000659999
-7.17549e-08
7.10458e-06
0.000678508
3.61082e-07
7.32999e-06
0.000678512
7.58698e-07
6.65077e-06
0.000660022
1.14333e-06
6.35254e-06
0.000624206
1.42397e-06
5.95674e-06
0.000573458
5.35383e-06
0.000511173
1.57389e-06
-1.54147e-06
6.20118e-06
0.000485478
-1.13664e-06
7.08082e-06
0.000549099
-8.08417e-07
7.76735e-06
0.000600539
-4.94347e-07
8.0232e-06
0.000636496
-1.38107e-07
8.43579e-06
0.000654953
3.3132e-07
8.55924e-06
0.000654935
6.95042e-07
8.01853e-06
0.000636495
1.15157e-06
7.6712e-06
0.000600479
1.52659e-06
7.26742e-06
0.000549037
6.5842e-06
0.000485403
1.77727e-06
-1.57047e-06
6.94155e-06
0.000453216
-1.09321e-06
7.59405e-06
0.00051649
-7.26461e-07
8.1753e-06
0.000566686
-4.91383e-07
8.35427e-06
0.00060125
-1.1144e-07
8.52318e-06
0.000618836
3.67935e-07
8.55001e-06
0.000618821
7.02061e-07
8.25582e-06
0.000601233
1.09571e-06
8.05122e-06
0.000566651
1.54201e-06
7.80316e-06
0.000516475
7.28685e-06
0.000453165
1.92195e-06
-1.54311e-06
7.06064e-06
0.00041454
-1.1376e-06
7.38647e-06
0.000476131
-7.39557e-07
7.7699e-06
0.000524335
-4.36479e-07
7.91618e-06
0.000557412
-4.42439e-08
7.94538e-06
0.00057423
3.79291e-07
7.94285e-06
0.000574221
6.7695e-07
7.82929e-06
0.000557395
1.01044e-06
7.70767e-06
0.000524325
1.46176e-06
7.54697e-06
0.000476129
7.29403e-06
0.000414506
1.91091e-06
-1.4548e-06
6.68891e-06
0.00037108
-1.09007e-06
6.82485e-06
0.000431129
-6.90952e-07
7.06005e-06
0.000477971
-3.34178e-07
7.18509e-06
0.000510099
1.42718e-08
7.19679e-06
0.000526432
3.59443e-07
7.19767e-06
0.000526429
6.44428e-07
7.1732e-06
0.000510091
9.86334e-07
7.05522e-06
0.000477967
1.41234e-06
6.92503e-06
0.000431123
6.86699e-06
0.000371065
1.82945e-06
-1.37705e-06
6.07758e-06
0.000325209
-1.01411e-06
6.14143e-06
0.000384295
-6.43498e-07
6.29095e-06
0.000430237
-2.92303e-07
6.38741e-06
0.000461674
3.51107e-08
6.39943e-06
0.000477637
3.56665e-07
6.40504e-06
0.000477637
6.78029e-07
6.40444e-06
0.000461675
1.04036e-06
6.29375e-06
0.000430237
1.42372e-06
6.22139e-06
0.000384291
6.25953e-06
0.000325205
1.8315e-06
-1.3599e-06
0.00027839
-9.98765e-07
0.000336822
-6.50524e-07
0.000382038
-3.11746e-07
0.000412866
1.72259e-08
0.000428488
3.53889e-07
0.000428489
7.05235e-07
0.000412869
1.06976e-06
0.000382038
1.44318e-06
0.000336822
0.000278391
1.89492e-06
-3.65133e-06
3.3516e-06
0.000464939
-3.13631e-06
3.9205e-06
0.000510565
-2.26873e-06
4.17154e-06
0.000547481
-9.64699e-07
4.237e-06
0.00057407
2.34254e-07
4.4602e-06
0.000587788
1.17346e-06
4.46683e-06
0.000587816
2.46801e-06
4.15435e-06
0.000574554
3.37308e-06
4.00282e-06
0.00054833
3.86324e-06
3.71966e-06
0.000511132
3.30607e-06
0.000464607
4.15458e-06
-3.58964e-06
4.50447e-06
0.000530478
-3.03742e-06
5.19635e-06
0.000586803
-2.18167e-06
5.48951e-06
0.000632475
-1.03909e-06
5.52965e-06
0.000664848
1.1608e-07
5.85349e-06
0.000681656
1.09085e-06
6.06007e-06
0.000681664
2.16636e-06
5.53517e-06
0.000664902
3.00195e-06
5.37322e-06
0.000632535
3.54551e-06
5.02687e-06
0.000586615
4.60433e-06
0.000530194
3.70404e-06
-3.58725e-06
6.14613e-06
0.000527343
-2.97716e-06
7.00521e-06
0.000586891
-2.1292e-06
7.49953e-06
0.000635254
-1.05449e-06
7.65127e-06
0.000669442
4.25463e-08
8.1205e-06
0.00068716
1.03121e-06
8.44852e-06
0.000687185
2.03812e-06
7.75106e-06
0.000669463
2.84012e-06
7.4672e-06
0.000635238
3.41286e-06
6.88962e-06
0.000586685
6.36924e-06
0.000527139
3.59918e-06
-3.58467e-06
7.80264e-06
0.000509269
-2.90605e-06
8.84523e-06
0.000571069
-2.06538e-06
9.59599e-06
0.000621301
-1.07804e-06
9.93684e-06
0.000656727
-5.0072e-08
1.0544e-05
0.000675057
9.95226e-07
1.0856e-05
0.000675059
1.96504e-06
1.00695e-05
0.000656734
2.83548e-06
9.54706e-06
0.000621255
3.44529e-06
8.7948e-06
0.000570943
8.09897e-06
0.000509152
3.73717e-06
-3.54909e-06
9.24736e-06
0.000483562
-2.79678e-06
1.04171e-05
0.000546775
-1.9293e-06
1.13495e-05
0.000597918
-1.08691e-06
1.18589e-05
0.000633732
-1.12207e-07
1.23882e-05
0.000652134
9.88939e-07
1.25749e-05
0.000652115
1.92073e-06
1.19034e-05
0.00063373
2.82295e-06
1.12591e-05
0.000597865
3.47946e-06
1.04499e-05
0.000546726
9.59022e-06
0.000483499
3.89212e-06
-3.52277e-06
1.02692e-05
0.000451677
-2.71279e-06
1.12732e-05
0.000514824
-1.84782e-06
1.21391e-05
0.000565031
-1.07543e-06
1.26534e-05
0.000599683
-9.19864e-08
1.29251e-05
0.000617316
1.01679e-06
1.29874e-05
0.0006173
1.94127e-06
1.25471e-05
0.000599664
2.7912e-06
1.20517e-05
0.000565008
3.50428e-06
1.1384e-05
0.000514828
1.05947e-05
0.00045164
4.02541e-06
-3.50386e-06
1.06987e-05
0.000413635
-2.77489e-06
1.13535e-05
0.000475321
-1.92712e-06
1.20035e-05
0.000523623
-1.0455e-06
1.24246e-05
0.00055676
-2.89957e-08
1.25446e-05
0.000573594
1.03468e-06
1.25633e-05
0.000573581
1.93921e-06
1.23001e-05
0.000556738
2.7366e-06
1.19619e-05
0.000523617
3.47737e-06
1.14454e-05
0.000475327
1.09508e-05
0.000413606
4.02198e-06
-3.46083e-06
1.05654e-05
0.000370735
-2.77986e-06
1.09301e-05
0.000430871
-1.93728e-06
1.13872e-05
0.000477745
-9.76942e-07
1.16839e-05
0.000509879
3.13662e-08
1.17601e-05
0.000526208
1.03652e-06
1.17823e-05
0.000526204
1.92976e-06
1.16296e-05
0.000509868
2.73627e-06
1.13807e-05
0.000477742
3.466e-06
1.09732e-05
0.000430866
1.07687e-05
0.00037072
3.9929e-06
-3.43628e-06
1.00507e-05
0.000325166
-2.74056e-06
1.02351e-05
0.000384294
-1.8911e-06
1.05299e-05
0.000430245
-9.28642e-07
1.07178e-05
0.000461678
4.70811e-08
1.07844e-05
0.000477637
1.02161e-06
1.08069e-05
0.000477638
1.92306e-06
1.07246e-05
0.000461679
2.76191e-06
1.0535e-05
0.000430244
3.46323e-06
1.02738e-05
0.000384289
1.02399e-05
0.000325162
4.0351e-06
-3.41913e-06
0.000278473
-2.71294e-06
0.000336939
-1.87186e-06
0.00038217
-9.36708e-07
0.000413004
1.72442e-08
0.00042863
9.83341e-07
0.000428631
1.90284e-06
0.000413008
2.7547e-06
0.000382171
3.45823e-06
0.000336939
0.000278473
4.12911e-06
-9.88457e-06
1.00963e-05
0.000453459
-8.0982e-06
1.16098e-05
0.000497169
-5.76667e-06
1.26449e-05
0.000532505
-2.74852e-06
1.32318e-05
0.00055782
2.02779e-07
1.35893e-05
0.000571247
2.97078e-06
1.35219e-05
0.000571526
5.90262e-06
1.30292e-05
0.000558593
8.31483e-06
1.23436e-05
0.000533574
1.01562e-05
1.12793e-05
0.000498011
1.00043e-05
0.000453321
1.14374e-05
-8.75921e-06
1.14446e-05
0.000527867
-7.09357e-06
1.2934e-05
0.000583814
-5.00292e-06
1.39581e-05
0.000629071
-2.45624e-06
1.44267e-05
0.000661107
1.28092e-07
1.48873e-05
0.000677774
2.52229e-06
1.49999e-05
0.000677791
4.9801e-06
1.4341e-05
0.000661132
7.08379e-06
1.36667e-05
0.000629108
8.76429e-06
1.25306e-05
0.000583684
1.14487e-05
0.000527627
9.88644e-06
-8.61291e-06
1.42849e-05
0.000523313
-6.936e-06
1.59303e-05
0.000582218
-4.84837e-06
1.71831e-05
0.000629942
-2.42312e-06
1.78065e-05
0.000663637
6.21897e-08
1.84376e-05
0.000681124
2.42137e-06
1.86922e-05
0.000681134
4.74433e-06
1.7857e-05
0.000663624
6.79889e-06
1.69752e-05
0.000629875
8.41963e-06
1.55731e-05
0.000582022
1.4377e-05
0.00052313
9.50003e-06
-8.57964e-06
1.75747e-05
0.000504755
-6.82059e-06
1.94362e-05
0.000565804
-4.70552e-06
2.10036e-05
0.000615365
-2.39809e-06
2.1924e-05
0.000650302
-5.6766e-11
2.26995e-05
0.000668396
2.3849e-06
2.29688e-05
0.000668397
4.64809e-06
2.20281e-05
0.000650299
6.72378e-06
2.0845e-05
0.00061531
8.39845e-06
1.91497e-05
0.000565692
1.76981e-05
0.000504661
9.56844e-06
-8.52655e-06
2.04751e-05
0.000479352
-6.65804e-06
2.23467e-05
0.000541996
-4.50087e-06
2.40788e-05
0.000592686
-2.33425e-06
2.52431e-05
0.000628246
-4.18203e-08
2.59904e-05
0.000646551
2.35596e-06
2.61436e-05
0.000646543
4.60429e-06
2.52654e-05
0.000628244
6.68162e-06
2.39771e-05
0.000592655
8.39846e-06
2.21865e-05
0.000541972
2.05919e-05
0.000479321
9.683e-06
-8.42795e-06
2.24556e-05
0.000448291
-6.50659e-06
2.39832e-05
0.000511266
-4.38431e-06
2.55462e-05
0.000561441
-2.28686e-06
2.66582e-05
0.000596171
-3.71962e-08
2.71779e-05
0.000613879
2.34392e-06
2.71924e-05
0.00061387
4.58803e-06
2.65285e-05
0.000596157
6.65023e-06
2.5484e-05
0.000561439
8.41464e-06
2.39526e-05
0.000511297
2.25924e-05
0.000448288
9.76553e-06
-8.4053e-06
2.33773e-05
0.000411355
-6.55642e-06
2.42641e-05
0.000473192
-4.496e-06
2.54448e-05
0.000521664
-2.30673e-06
2.63086e-05
0.00055492
5.78171e-09
2.66437e-05
0.000571816
2.3619e-06
2.66141e-05
0.000571804
4.57465e-06
2.61528e-05
0.000554901
6.59681e-06
2.54118e-05
0.000521667
8.40396e-06
2.42606e-05
0.000473212
2.34918e-05
0.000411345
9.76531e-06
-8.45351e-06
2.33867e-05
0.000369411
-6.66673e-06
2.36216e-05
0.000429727
-4.62296e-06
2.44695e-05
0.000476677
-2.33082e-06
2.50617e-05
0.000508834
5.11283e-08
2.52985e-05
0.000525171
2.40965e-06
2.52934e-05
0.000525167
4.6246e-06
2.49818e-05
0.000508824
6.65919e-06
2.44427e-05
0.000476676
8.464e-06
2.35955e-05
0.000429726
2.34818e-05
0.000369401
9.7931e-06
-8.49959e-06
2.26904e-05
0.000324411
-6.72072e-06
2.25168e-05
0.00038362
-4.66693e-06
2.30841e-05
0.000429577
-2.34641e-06
2.34203e-05
0.000460998
5.14388e-08
2.35842e-05
0.000476953
2.43467e-06
2.35952e-05
0.000476953
4.68641e-06
2.34112e-05
0.000460998
6.74301e-06
2.30572e-05
0.000429573
8.51352e-06
2.24997e-05
0.000383614
2.27883e-05
0.000324406
9.96241e-06
-8.53016e-06
0.000278018
-6.79936e-06
0.000336519
-4.71149e-06
0.00038175
-2.38998e-06
0.000412585
2.47712e-08
0.000428213
2.43404e-06
0.000428214
4.72001e-06
0.000412587
6.78382e-06
0.00038175
8.49236e-06
0.000336517
0.000278018
1.02421e-05
-3.25902e-05
2.70085e-05
-2.72517e-05
3.08959e-05
-1.97367e-05
3.39627e-05
-1.03109e-05
3.60108e-05
-4.51323e-09
3.70475e-05
1.0304e-05
3.69551e-05
1.97813e-05
3.56933e-05
2.74534e-05
3.35593e-05
3.29081e-05
3.05162e-05
2.69302e-05
3.58996e-05
-3.13824e-05
3.86804e-05
-2.60307e-05
4.33407e-05
-1.87011e-05
4.71696e-05
-9.76005e-06
4.96828e-05
3.32346e-09
5.1001e-05
9.67829e-06
5.09727e-05
1.86031e-05
4.93865e-05
2.60126e-05
4.66773e-05
3.14329e-05
4.28135e-05
3.859e-05
3.43823e-05
-2.99379e-05
4.76641e-05
-2.46635e-05
5.27144e-05
-1.75786e-05
5.70502e-05
-9.15744e-06
5.99705e-05
-3.82764e-09
6.14907e-05
9.09006e-06
6.15182e-05
1.74371e-05
5.97837e-05
2.44888e-05
5.66477e-05
2.97531e-05
5.22108e-05
4.75873e-05
3.2801e-05
-2.93417e-05
5.51463e-05
-2.40343e-05
6.03249e-05
-1.70146e-05
6.50223e-05
-8.8326e-06
6.83248e-05
6.88008e-09
7.00108e-05
8.83841e-06
7.00477e-05
1.69566e-05
6.82217e-05
2.38691e-05
6.47631e-05
2.91136e-05
5.99048e-05
5.5064e-05
3.22164e-05
-2.90114e-05
6.11291e-05
-2.36171e-05
6.60337e-05
-1.66065e-05
7.07929e-05
-8.58083e-06
7.42695e-05
3.77509e-08
7.59949e-05
8.68954e-06
7.59935e-05
1.6714e-05
7.41695e-05
2.35794e-05
7.06734e-05
2.88447e-05
6.57441e-05
6.10129e-05
3.20237e-05
-2.88173e-05
6.53794e-05
-2.33456e-05
6.94813e-05
-1.63637e-05
7.38591e-05
-8.42065e-06
7.71002e-05
5.84187e-08
7.86631e-05
8.57898e-06
7.86121e-05
1.65411e-05
7.6976e-05
2.34203e-05
7.3818e-05
2.87309e-05
6.93267e-05
6.52546e-05
3.19638e-05
-2.87537e-05
6.77627e-05
-2.32715e-05
7.05945e-05
-1.63408e-05
7.42023e-05
-8.39151e-06
7.68755e-05
5.7037e-08
7.81812e-05
8.51746e-06
7.81172e-05
1.64364e-05
7.67754e-05
2.33208e-05
7.41895e-05
2.87086e-05
7.05132e-05
6.76558e-05
3.19875e-05
-2.87719e-05
6.83409e-05
-2.32968e-05
6.97193e-05
-1.63931e-05
7.2382e-05
-8.42405e-06
7.43462e-05
4.67391e-08
7.53433e-05
8.4953e-06
7.53024e-05
1.64133e-05
7.4293e-05
2.33203e-05
7.23607e-05
2.87657e-05
6.96638e-05
6.82574e-05
3.21833e-05
-2.8803e-05
6.71835e-05
-2.32875e-05
6.73423e-05
-1.63833e-05
6.90078e-05
-8.43654e-06
7.02257e-05
3.16664e-08
7.086e-05
8.473e-06
7.08475e-05
1.63808e-05
7.02114e-05
2.32849e-05
6.8989e-05
2.87861e-05
6.73036e-05
6.71219e-05
3.2616e-05
-2.87645e-05
-2.32094e-05
-1.629e-05
-8.38605e-06
3.31412e-08
8.43353e-06
1.6318e-05
2.32171e-05
2.87381e-05
3.32797e-05
2.79041e-07
1.69695e-05
0.000632175
3.34299e-07
1.65814e-05
0.000690152
2.76585e-07
1.63747e-05
0.00073714
1.49792e-07
1.62389e-05
0.000770233
-1.8039e-08
1.62091e-05
0.000787289
-1.51038e-07
1.62853e-05
0.000787178
-2.77901e-07
1.63027e-05
0.00077017
-3.41942e-07
1.64252e-05
0.000737096
-2.82163e-07
1.6683e-05
0.000690046
1.70708e-05
0.000632058
2.47238e-07
1.05665e-05
0.000611915
3.33881e-07
1.01214e-05
0.000669078
2.92855e-07
9.83238e-06
0.000715382
1.65654e-07
9.64115e-06
0.000747901
-1.87979e-09
9.55647e-06
0.000764688
-1.71929e-07
9.56477e-06
0.000764759
-2.96497e-07
9.65563e-06
0.000747948
-3.36156e-07
9.84941e-06
0.000715414
-2.49923e-07
1.01506e-05
0.000669151
1.059e-05
0.000611988
2.28396e-07
8.03793e-06
0.000564398
3.09072e-07
7.67944e-06
0.000620983
2.71861e-07
7.44813e-06
0.000666561
1.55409e-07
7.29561e-06
0.000698469
2.83606e-09
7.22163e-06
0.000714893
-1.55559e-07
7.22082e-06
0.000714908
-2.71056e-07
7.29804e-06
0.00069848
-3.06276e-07
7.45352e-06
0.00066657
-2.24469e-07
7.68817e-06
0.000621002
8.04312e-06
0.000564419
2.13252e-07
6.49888e-06
0.000519765
2.88457e-07
6.20875e-06
0.000575934
2.53413e-07
6.02968e-06
0.000620934
1.46594e-07
5.9093e-06
0.000652331
3.3157e-09
5.85091e-06
0.000668457
-1.42766e-07
5.84987e-06
0.00066846
-2.50864e-07
5.91072e-06
0.000652334
-2.83927e-07
6.03054e-06
0.000620936
-2.08973e-07
6.21315e-06
0.000575939
6.50132e-06
0.000519771
1.85487e-07
5.32792e-06
0.000475766
2.59548e-07
5.06697e-06
0.000531523
2.30283e-07
4.92649e-06
0.000575954
1.32079e-07
4.83175e-06
0.000606845
1.32639e-09
4.78383e-06
0.000622678
-1.31729e-07
4.78451e-06
0.000622678
-2.30176e-07
4.83277e-06
0.000606845
-2.58884e-07
4.92635e-06
0.000575954
-1.85229e-07
5.071e-06
0.000531524
5.32962e-06
0.000475767
1.59416e-07
4.35831e-06
0.00043193
2.31637e-07
4.10041e-06
0.000487266
2.10141e-07
3.98797e-06
0.000531122
1.21503e-07
3.91713e-06
0.000561503
-2.04141e-10
3.88072e-06
0.000577042
-1.21923e-07
3.88141e-06
0.000577042
-2.10563e-07
3.91799e-06
0.000561503
-2.33146e-07
3.98883e-06
0.000531122
-1.61094e-07
4.10418e-06
0.000487267
4.35956e-06
0.00043193
1.4673e-07
3.5285e-06
0.000388144
2.14774e-07
3.26646e-06
0.000443055
1.95666e-07
3.17798e-06
0.000486332
1.13283e-07
3.129e-06
0.000516201
-8.19269e-10
3.10395e-06
0.000531445
-1.14413e-07
3.1042e-06
0.000531445
-1.9646e-07
3.12947e-06
0.000516201
-2.16162e-07
3.17928e-06
0.000486332
-1.47468e-07
3.26925e-06
0.000443055
3.52963e-06
0.000388145
1.45122e-07
2.80761e-06
0.000344379
2.09031e-07
2.54659e-06
0.000398861
1.87829e-07
2.48301e-06
0.00044156
1.08292e-07
2.45293e-06
0.000470917
-6.94587e-10
2.43797e-06
0.000485867
-1.09405e-07
2.438e-06
0.000485867
-1.88666e-07
2.45307e-06
0.000470917
-2.10033e-07
2.48432e-06
0.00044156
-1.45729e-07
2.54882e-06
0.000398861
2.80861e-06
0.000344379
1.59132e-07
2.16841e-06
0.000300624
2.16598e-07
1.93145e-06
0.00035468
1.87052e-07
1.89714e-06
0.0003968
1.05972e-07
1.88079e-06
0.000425646
-5.11281e-10
1.87253e-06
0.000440301
-1.06801e-07
1.8724e-06
0.000440301
-1.87766e-07
1.88072e-06
0.000425646
-2.16962e-07
1.89803e-06
0.0003968
-1.59067e-07
1.93322e-06
0.00035468
2.16961e-06
0.000300624
2.14993e-07
0.000256881
2.36477e-07
0.000310508
1.90748e-07
0.000352051
1.04972e-07
0.000380385
-3.26195e-11
0.000394746
-1.05158e-07
0.000394746
-1.91112e-07
0.000380385
-2.36549e-07
0.000352051
-2.14632e-07
0.000310508
0.000256881
2.64499e-07
1.97353e-05
0.000612183
3.8355e-07
1.91224e-05
0.00067091
3.30454e-07
1.884e-05
0.000718353
1.88529e-07
1.86643e-05
0.000751711
-8.62734e-09
1.85937e-05
0.000768893
-2.03843e-07
1.85966e-05
0.000768777
-3.44617e-07
1.86575e-05
0.000751653
-3.85915e-07
1.88473e-05
0.00071829
-2.67959e-07
1.91445e-05
0.000670783
1.97565e-05
0.000612039
3.88473e-07
1.46645e-05
0.000616597
4.91417e-07
1.40761e-05
0.000674022
4.28587e-07
1.37572e-05
0.000720527
2.42722e-07
1.35499e-05
0.000753202
6.95897e-10
1.34584e-05
0.000770066
-2.40935e-07
1.34777e-05
0.000770119
-4.34338e-07
1.35622e-05
0.000753237
-5.05853e-07
1.3769e-05
0.000720564
-4.0181e-07
1.41031e-05
0.000674089
1.46877e-05
0.000616663
3.42724e-07
1.17148e-05
0.000567002
4.36104e-07
1.12698e-05
0.000623696
3.84388e-07
1.09958e-05
0.000669374
2.19937e-07
1.08239e-05
0.00070136
3.03697e-09
1.07431e-05
0.000717825
-2.09044e-07
1.0753e-05
0.000717844
-3.74026e-07
1.08328e-05
0.000701375
-4.32675e-07
1.10073e-05
0.000669391
-3.3888e-07
1.12876e-05
0.000623724
1.17331e-05
0.000567031
2.98861e-07
9.69287e-06
0.00052149
3.96779e-07
9.35255e-06
0.000577753
3.50275e-07
9.13998e-06
0.000622836
2.00814e-07
9.00946e-06
0.000654295
3.04379e-13
8.94754e-06
0.000670453
-1.96904e-07
8.95093e-06
0.000670459
-3.44083e-07
9.01339e-06
0.0006543
-3.88883e-07
9.1456e-06
0.000622843
-2.90251e-07
9.36474e-06
0.000577763
9.70854e-06
0.000521501
2.6035e-07
8.09983e-06
0.0004771
3.5899e-07
7.81563e-06
0.000532961
3.17799e-07
7.65506e-06
0.00057748
1.8122e-07
7.55606e-06
0.000608435
-3.86234e-09
7.50927e-06
0.000624301
-1.88155e-07
7.51103e-06
0.000624303
-3.24126e-07
7.55833e-06
0.000608436
-3.61686e-07
7.65516e-06
0.000577482
-2.60997e-07
7.82385e-06
0.000532964
8.11049e-06
0.000477104
2.33544e-07
6.7467e-06
0.00043305
3.29596e-07
6.48373e-06
0.000488502
2.98215e-07
6.35461e-06
0.000532454
1.71889e-07
6.2828e-06
0.000562903
-3.016e-09
6.24914e-06
0.000578477
-1.78454e-07
6.25145e-06
0.000578477
-3.04657e-07
6.28462e-06
0.000562903
-3.35926e-07
6.35426e-06
0.000532454
-2.37877e-07
6.48933e-06
0.000488503
6.75149e-06
0.000433051
2.25908e-07
5.54732e-06
0.000389118
3.16141e-07
5.29624e-06
0.000444152
2.87468e-07
5.18657e-06
0.000487529
1.66805e-07
5.13743e-06
0.000517467
-1.93525e-09
5.11607e-06
0.000532747
-1.69305e-07
5.11718e-06
0.000532747
-2.88528e-07
5.1378e-06
0.000517467
-3.18253e-07
5.18726e-06
0.000487529
-2.26764e-07
5.30039e-06
0.000444152
5.55022e-06
0.000389119
2.30633e-07
4.46466e-06
0.000345231
3.16601e-07
4.23193e-06
0.00039984
2.83587e-07
4.14152e-06
0.000442638
1.63507e-07
4.11044e-06
0.000472064
-1.67753e-09
4.09899e-06
0.000487049
-1.65382e-07
4.09858e-06
0.000487049
-2.84045e-07
4.1094e-06
0.000472064
-3.16992e-07
4.14204e-06
0.000442638
-2.29826e-07
4.23474e-06
0.00039984
4.46802e-06
0.000345231
2.46673e-07
3.47947e-06
0.000301363
3.32017e-07
3.28178e-06
0.000355544
2.90167e-07
3.21972e-06
0.000397764
1.65352e-07
3.2037e-06
0.000426677
-4.41639e-10
3.19873e-06
0.000441367
-1.65955e-07
3.19795e-06
0.000441367
-2.90581e-07
3.20244e-06
0.000426678
-3.32427e-07
3.22009e-06
0.000397764
-2.46637e-07
3.284e-06
0.000355545
3.48303e-06
0.000301363
2.75416e-07
0.000257508
3.57273e-07
0.000311261
3.02934e-07
0.000352901
1.70217e-07
0.000381302
8.71169e-10
0.000395697
-1.68965e-07
0.000395697
-3.02494e-07
0.000381302
-3.5712e-07
0.000352901
-2.75206e-07
0.000311261
0.000257508
3.35182e-07
2.01982e-05
0.000591656
4.90645e-07
1.96844e-05
0.00065107
4.29762e-07
1.94337e-05
0.000698981
2.49203e-07
1.92612e-05
0.00073263
-1.38461e-09
1.91804e-05
0.000749963
-2.60979e-07
1.91523e-05
0.000749884
-4.40656e-07
1.92249e-05
0.000732608
-4.96381e-07
1.94329e-05
0.000698913
-3.44733e-07
1.9683e-05
0.000650949
2.01922e-05
0.000591508
4.75075e-07
1.63244e-05
0.00061999
5.83804e-07
1.5692e-05
0.000677906
5.04271e-07
1.53152e-05
0.000724725
2.82604e-07
1.50776e-05
0.000757607
4.34737e-09
1.49599e-05
0.000774564
-2.82939e-07
1.4973e-05
0.000774586
-5.19228e-07
1.50801e-05
0.000757618
-6.08024e-07
1.53298e-05
0.000724755
-4.90873e-07
1.57024e-05
0.000677952
1.63337e-05
0.000620039
3.98555e-07
1.3207e-05
0.000569711
5.01839e-07
1.27052e-05
0.000626579
4.3827e-07
1.23579e-05
0.000672395
2.48584e-07
1.21453e-05
0.000704482
-1.1499e-09
1.20372e-05
0.000720997
-2.4346e-07
1.20471e-05
0.000721013
-4.33774e-07
1.21514e-05
0.000704494
-5.00274e-07
1.23731e-05
0.000672414
-3.91463e-07
1.27103e-05
0.000626607
1.32237e-05
0.000569742
3.44134e-07
1.09163e-05
0.000523437
4.52164e-07
1.05213e-05
0.000579829
3.97227e-07
1.0232e-05
0.000625017
2.26471e-07
1.00598e-05
0.000656551
-4.62662e-09
9.97407e-06
0.000672747
-2.266e-07
9.97461e-06
0.000672753
-3.91962e-07
1.00598e-05
0.000656557
-4.42804e-07
1.02405e-05
0.000625026
-3.33039e-07
1.05219e-05
0.000579841
1.0933e-05
0.00052345
3.07365e-07
9.07176e-06
0.00047864
4.14662e-07
8.75541e-06
0.00053462
3.62346e-07
8.52919e-06
0.000579235
2.05015e-07
8.39361e-06
0.000610258
-7.37757e-09
8.32847e-06
0.000626159
-2.17587e-07
8.32649e-06
0.000626161
-3.7097e-07
8.38922e-06
0.00061026
-4.13452e-07
8.52605e-06
0.000579239
-3.07069e-07
8.75486e-06
0.000534625
9.08255e-06
0.000478645
2.82988e-07
7.51126e-06
0.00043433
3.85184e-07
7.24951e-06
0.000489906
3.42979e-07
7.06778e-06
0.000533957
1.96689e-07
6.96645e-06
0.000564476
-3.77467e-09
6.91964e-06
0.000580086
-2.05714e-07
6.91903e-06
0.000580087
-3.52599e-07
6.96255e-06
0.000564477
-3.9366e-07
7.06292e-06
0.000533958
-2.89493e-07
7.24642e-06
0.000489907
7.5133e-06
0.000434332
2.70976e-07
6.14358e-06
0.000390216
3.68821e-07
5.9229e-06
0.000445381
3.2986e-07
5.77374e-06
0.000488862
1.90928e-07
5.70033e-06
0.000518872
-1.11567e-09
5.66961e-06
0.000534189
-1.93255e-07
5.66908e-06
0.000534189
-3.33025e-07
5.69742e-06
0.000518872
-3.72745e-07
5.76983e-06
0.000488862
-2.7324e-07
5.91829e-06
0.000445381
6.14274e-06
0.000390217
2.66908e-07
4.92342e-06
0.000346184
3.62335e-07
4.73848e-06
0.000400929
3.21491e-07
4.61943e-06
0.000443833
1.85063e-07
4.56889e-06
0.000473332
2.64964e-10
4.54948e-06
0.000488354
-1.84078e-07
4.54838e-06
0.000488354
-3.20658e-07
4.56629e-06
0.000473332
-3.61612e-07
4.61587e-06
0.000443833
-2.66093e-07
4.73389e-06
0.000400929
4.92393e-06
0.000346185
2.6966e-07
3.82821e-06
0.000302189
3.67264e-07
3.67779e-06
0.000356508
3.22807e-07
3.59462e-06
0.000398833
1.85134e-07
3.565e-06
0.000427819
1.96741e-09
3.55452e-06
0.000442545
-1.81262e-07
3.55339e-06
0.000442545
-3.19765e-07
3.56337e-06
0.000427819
-3.65582e-07
3.5924e-06
0.000398833
-2.69491e-07
3.67464e-06
0.000356508
3.82922e-06
0.000302189
2.80611e-07
0.000258211
3.80547e-07
0.000312102
3.3015e-07
0.000353848
1.88093e-07
0.000382321
2.43306e-09
0.000396752
-1.8396e-07
0.000396752
-3.26624e-07
0.000382321
-3.77823e-07
0.000353848
-2.79924e-07
0.000312103
0.000258211
3.24606e-07
1.98316e-05
0.000571508
4.99673e-07
1.96838e-05
0.000631212
4.63889e-07
1.96379e-05
0.000679379
2.77098e-07
1.95954e-05
0.000713222
6.45606e-09
1.9562e-05
0.000730672
-2.71133e-07
1.95162e-05
0.000730646
-4.52862e-07
1.95419e-05
0.000713247
-5.0426e-07
1.96617e-05
0.000679303
-3.38072e-07
1.96806e-05
0.000631102
1.98059e-05
0.000571368
4.81977e-07
1.76308e-05
0.00062169
6.01959e-07
1.70689e-05
0.0006804
5.20578e-07
1.67219e-05
0.000727723
2.8933e-07
1.65105e-05
0.000760923
-5.0091e-10
1.63959e-05
0.00077802
-3.07691e-07
1.63942e-05
0.000778015
-5.55891e-07
1.64988e-05
0.000760909
-6.31021e-07
1.67438e-05
0.000727749
-4.93954e-07
1.70693e-05
0.000680426
1.76296e-05
0.000621721
4.23431e-07
1.45735e-05
0.000572333
5.37758e-07
1.40804e-05
0.000629454
4.64963e-07
1.37308e-05
0.000675459
2.59883e-07
1.35195e-05
0.000707678
-1.09487e-08
1.34052e-05
0.000724259
-2.79101e-07
1.34088e-05
0.000724266
-4.84855e-07
1.35154e-05
0.000707683
-5.51044e-07
1.37465e-05
0.000675477
-4.22543e-07
1.40715e-05
0.000629477
1.45778e-05
0.00057236
3.82474e-07
1.21359e-05
0.000525491
5.01281e-07
1.17287e-05
0.000582062
4.38629e-07
1.14189e-05
0.000627391
2.48437e-07
1.12354e-05
0.000659026
-9.02689e-09
1.11382e-05
0.000675272
-2.57111e-07
1.11344e-05
0.000675276
-4.41129e-07
1.12267e-05
0.00065903
-4.92804e-07
1.1423e-05
0.000627401
-3.69325e-07
1.17149e-05
0.000582075
1.21419e-05
0.000525505
3.54894e-07
1.00953e-05
0.00048033
4.71707e-07
9.76815e-06
0.000536464
4.14663e-07
9.50878e-06
0.000581202
2.37483e-07
9.35938e-06
0.000612312
-5.24936e-09
9.2841e-06
0.000628256
-2.41878e-07
9.27456e-06
0.000628257
-4.1341e-07
9.34525e-06
0.000612313
-4.61966e-07
9.50354e-06
0.000581207
-3.48084e-07
9.75589e-06
0.00053647
1.00986e-05
0.000480336
3.31918e-07
8.34191e-06
0.000435755
4.47615e-07
8.07993e-06
0.000491478
3.97054e-07
7.8681e-06
0.000535649
2.30824e-07
7.75087e-06
0.000566251
2.17573e-09
7.69572e-06
0.000581903
-2.29096e-07
7.68848e-06
0.000581904
-3.98641e-07
7.74005e-06
0.000566252
-4.49874e-07
7.86267e-06
0.000535651
-3.3746e-07
8.0704e-06
0.00049148
8.33912e-06
0.000435757
3.17594e-07
6.80604e-06
0.000391436
4.32029e-07
6.59485e-06
0.000446751
3.83091e-07
6.42554e-06
0.000490353
2.23081e-07
6.3353e-06
0.000520448
3.57355e-09
6.29649e-06
0.000535808
-2.20444e-07
6.29342e-06
0.000535808
-3.86734e-07
6.33078e-06
0.000520448
-4.36323e-07
6.42078e-06
0.000490353
-3.22527e-07
6.58607e-06
0.000446751
6.80114e-06
0.000391437
3.08646e-07
5.44658e-06
0.000347237
4.21853e-07
5.27428e-06
0.000402136
3.73434e-07
5.14362e-06
0.000445164
2.15609e-07
5.07809e-06
0.000474747
2.90627e-09
5.05074e-06
0.000489813
-2.12445e-07
5.05021e-06
0.000489813
-3.73729e-07
5.07717e-06
0.000474747
-4.21674e-07
5.13876e-06
0.000445163
-3.08703e-07
5.26605e-06
0.000402136
5.44218e-06
0.000347237
3.04346e-07
4.23869e-06
0.000303094
4.18645e-07
4.09768e-06
0.00035757
3.70557e-07
4.00615e-06
0.000400019
2.13724e-07
3.96489e-06
0.000429089
3.15128e-09
3.94838e-06
0.000443858
-2.0835e-07
3.9488e-06
0.000443858
-3.66429e-07
3.96541e-06
0.000429089
-4.15286e-07
4.00225e-06
0.000400019
-3.02552e-07
4.09109e-06
0.00035757
4.2347e-06
0.000303094
3.12186e-07
0.000258979
4.24824e-07
0.000313028
3.72388e-07
0.000354896
2.13413e-07
0.000383452
1.89463e-09
0.000397925
-2.09244e-07
0.000397925
-3.67477e-07
0.000383452
-4.20836e-07
0.000354896
-3.09834e-07
0.000313028
0.000258979
2.69121e-07
1.8494e-05
0.000552752
4.26498e-07
1.87291e-05
0.000612325
4.06782e-07
1.89173e-05
0.000660481
2.42062e-07
1.90451e-05
0.000694341
1.74674e-09
1.90945e-05
0.000711817
-2.27251e-07
1.90307e-05
0.000711844
-3.72947e-07
1.89772e-05
0.000694416
-4.13477e-07
1.89488e-05
0.000660395
-2.71408e-07
1.87241e-05
0.000612236
1.84608e-05
0.000552639
4.18609e-07
1.80793e-05
0.000621656
5.39005e-07
1.77071e-05
0.000681302
4.6912e-07
1.7476e-05
0.000729234
2.61579e-07
1.73337e-05
0.000762842
-4.46814e-09
1.72467e-05
0.000780134
-2.91346e-07
1.72217e-05
0.000780111
-5.12465e-07
1.72982e-05
0.000762809
-5.66142e-07
1.74948e-05
0.000729256
-4.29269e-07
1.77003e-05
0.000681313
1.80752e-05
0.000621671
3.96779e-07
1.52915e-05
0.000574713
5.09947e-07
1.48943e-05
0.000632153
4.35798e-07
1.46162e-05
0.000678392
2.39308e-07
1.44369e-05
0.000710771
-2.01588e-08
1.43337e-05
0.000727431
-2.874e-07
1.43239e-05
0.000727431
-4.87113e-07
1.44133e-05
0.000710768
-5.41744e-07
1.46172e-05
0.00067841
-4.13399e-07
1.48791e-05
0.00063217
1.52891e-05
0.000574734
3.78312e-07
1.2852e-05
0.000527553
4.96734e-07
1.25004e-05
0.000584337
4.34827e-07
1.22325e-05
0.000629837
2.48405e-07
1.20618e-05
0.000661587
-8.42329e-09
1.19689e-05
0.000677893
-2.60755e-07
1.19578e-05
0.000677894
-4.46135e-07
1.20398e-05
0.000661589
-4.93804e-07
1.22207e-05
0.000629845
-3.68024e-07
1.248e-05
0.000584348
1.28481e-05
0.000527565
3.62457e-07
1.07301e-05
0.000482095
4.82573e-07
1.04359e-05
0.000538408
4.30906e-07
1.01963e-05
0.00058329
2.5344e-07
1.00535e-05
0.000614497
8.69895e-09
9.97754e-06
0.000630492
-2.34269e-07
9.96542e-06
0.000630493
-4.10497e-07
1.00311e-05
0.000614498
-4.60837e-07
1.01839e-05
0.000583294
-3.46902e-07
1.04215e-05
0.000538414
1.07263e-05
0.000482101
3.45134e-07
8.8701e-06
0.000437273
4.61117e-07
8.63682e-06
0.000493161
4.12731e-07
8.4307e-06
0.000537463
2.45648e-07
8.31528e-06
0.000568156
1.26438e-08
8.25916e-06
0.000583855
-2.21487e-07
8.24783e-06
0.000583856
-3.96853e-07
8.30119e-06
0.000568157
-4.54179e-07
8.42661e-06
0.000537465
-3.44528e-07
8.62822e-06
0.000493164
8.86536e-06
0.000437275
3.31994e-07
7.23138e-06
0.000392744
4.50642e-07
7.04787e-06
0.000448221
3.99261e-07
6.88266e-06
0.000491953
2.34727e-07
6.79036e-06
0.000522137
9.91307e-09
6.7486e-06
0.000537543
-2.21919e-07
6.74382e-06
0.000537544
-3.96644e-07
6.78614e-06
0.000522138
-4.51187e-07
6.88126e-06
0.000491953
-3.36701e-07
7.04335e-06
0.000448222
7.22668e-06
0.000392744
3.23064e-07
5.7824e-06
0.000348364
4.43008e-07
5.6356e-06
0.000403428
3.92773e-07
5.50994e-06
0.000446586
2.28585e-07
5.44118e-06
0.000476261
6.46149e-09
5.41096e-06
0.000491372
-2.20979e-07
5.41146e-06
0.000491373
-3.91315e-07
5.44299e-06
0.000476261
-4.4291e-07
5.51e-06
0.000446586
-3.24347e-07
5.63267e-06
0.000403428
5.77708e-06
0.000348365
3.17491e-07
4.50004e-06
0.000304062
4.37339e-07
4.38111e-06
0.000358705
3.88894e-07
4.2923e-06
0.000401285
2.25067e-07
4.24851e-06
0.000430446
2.6472e-09
4.2307e-06
0.000445261
-2.21016e-07
4.23258e-06
0.000445261
-3.86498e-07
4.25197e-06
0.000430445
-4.34156e-07
4.29182e-06
0.000401284
-3.12895e-07
4.37692e-06
0.000358705
4.49506e-06
0.000304062
3.20763e-07
0.000259798
4.4118e-07
0.000314015
3.89276e-07
0.000356014
2.23207e-07
0.000384659
4.26542e-10
0.000399178
-2.21559e-07
0.000399178
-3.85845e-07
0.000384659
-4.36748e-07
0.000356014
-3.16144e-07
0.000314015
0.000259798
2.13581e-07
1.66002e-05
0.000535949
3.37661e-07
1.71771e-05
0.000595024
3.23163e-07
1.75717e-05
0.000642924
1.82307e-07
1.78388e-05
0.000676643
-1.64513e-08
1.79484e-05
0.000694068
-1.76861e-07
1.78727e-05
0.000694132
-2.73522e-07
1.77489e-05
0.000676764
-3.00382e-07
1.75831e-05
0.000642838
-1.96339e-07
1.71524e-05
0.000594979
1.65555e-05
0.00053589
3.2159e-07
1.77745e-05
0.000620122
4.3952e-07
1.76437e-05
0.000680717
3.94917e-07
1.75633e-05
0.000729287
2.27274e-07
1.75169e-05
0.000763332
-5.91047e-09
1.74737e-05
0.000780842
-2.47848e-07
1.7416e-05
0.000780809
-4.23274e-07
1.74481e-05
0.000763285
-4.56883e-07
1.75699e-05
0.000729303
-3.32225e-07
1.76276e-05
0.000680713
1.77678e-05
0.000620122
3.42e-07
1.53897e-05
0.000576747
4.45318e-07
1.51335e-05
0.00063456
3.79126e-07
1.49575e-05
0.000681064
2.14129e-07
1.48316e-05
0.000713621
-9.40195e-09
1.47567e-05
0.000730372
-2.53853e-07
1.47265e-05
0.000730365
-4.41503e-07
1.47932e-05
0.00071361
-4.88633e-07
1.49477e-05
0.000681079
-3.77582e-07
1.51181e-05
0.000634568
1.53841e-05
0.000576758
3.50023e-07
1.30477e-05
0.000529549
4.6288e-07
1.2792e-05
0.000586566
4.04166e-07
1.26026e-05
0.000632251
2.361e-07
1.24608e-05
0.000664126
3.28313e-09
1.23844e-05
0.000680498
-2.43985e-07
1.23708e-05
0.000680497
-4.20614e-07
1.24334e-05
0.000664125
-4.65853e-07
1.25818e-05
0.000632257
-3.48884e-07
1.27764e-05
0.000586572
1.30342e-05
0.000529557
3.45759e-07
1.09381e-05
0.000483864
4.59321e-07
1.07124e-05
0.000540374
4.16613e-07
1.05231e-05
0.000585412
2.5146e-07
1.03981e-05
0.000616725
2.19203e-08
1.03311e-05
0.000632775
-2.13263e-07
1.03237e-05
0.000632775
-3.87329e-07
1.03804e-05
0.000616725
-4.34609e-07
1.05085e-05
0.000585415
-3.23108e-07
1.06997e-05
0.00054038
1.09267e-05
0.000483869
3.33642e-07
9.05428e-06
0.000438825
4.42252e-07
8.87356e-06
0.000494892
3.99514e-07
8.69636e-06
0.000539332
2.40683e-07
8.59197e-06
0.000570121
1.91215e-08
8.53939e-06
0.000585868
-2.0385e-07
8.53317e-06
0.000585869
-3.71711e-07
8.58334e-06
0.000570122
-4.24957e-07
8.69231e-06
0.000539335
-3.20543e-07
8.86474e-06
0.000494895
9.04801e-06
0.000438827
3.23358e-07
7.37999e-06
0.000394094
4.36274e-07
7.24055e-06
0.000449742
3.8677e-07
7.09296e-06
0.000493606
2.28286e-07
7.00565e-06
0.000523882
1.20528e-08
6.96435e-06
0.000539335
-2.07832e-07
6.96162e-06
0.000539335
-3.74388e-07
7.00474e-06
0.000523883
-4.30525e-07
7.09492e-06
0.000493607
-3.24824e-07
7.23867e-06
0.000449742
7.37648e-06
0.000394095
3.16001e-07
5.89649e-06
0.000349532
4.34461e-07
5.78629e-06
0.000404764
3.85865e-07
5.67357e-06
0.000448054
2.2557e-07
5.60667e-06
0.00047782
7.31138e-09
5.5768e-06
0.000492978
-2.15272e-07
5.57851e-06
0.000492978
-3.80869e-07
5.61072e-06
0.00047782
-4.32331e-07
5.67809e-06
0.000448054
-3.18535e-07
5.78899e-06
0.000404764
5.89311e-06
0.000349532
3.10686e-07
4.58565e-06
0.000305063
4.30703e-07
4.49542e-06
0.000359875
3.84386e-07
4.41629e-06
0.000402588
2.22512e-07
4.37378e-06
0.00043184
1.46085e-09
4.35656e-06
0.000446702
-2.20301e-07
4.3591e-06
0.000446702
-3.81915e-07
4.37736e-06
0.00043184
-4.26805e-07
4.41948e-06
0.000402588
-3.05595e-07
4.49707e-06
0.000359875
4.58292e-06
0.000305063
3.11435e-07
0.000260645
4.33167e-07
0.000315032
3.84432e-07
0.000357164
2.20237e-07
0.0003859
-1.03161e-09
0.000400464
-2.20984e-07
0.000400464
-3.83699e-07
0.0003859
-4.30388e-07
0.000357163
-3.06084e-07
0.000315032
0.000260645
1.28001e-07
1.43004e-05
0.000521542
2.17571e-07
1.52501e-05
0.000579684
2.20877e-07
1.59016e-05
0.000627019
1.14187e-07
1.63128e-05
0.000660437
-4.04192e-08
1.64638e-05
0.000677759
-1.38959e-07
1.63938e-05
0.000677836
-1.82812e-07
1.62088e-05
0.000660599
-1.80697e-07
1.5879e-05
0.000626957
-9.89077e-08
1.52008e-05
0.000579697
1.4226e-05
0.000521564
2.10539e-07
1.69137e-05
0.000617261
3.18889e-07
1.70323e-05
0.000678827
3.07434e-07
1.71242e-05
0.000728076
1.88436e-07
1.71957e-05
0.000762568
-3.89844e-09
1.72053e-05
0.000780293
-1.83487e-07
1.71233e-05
0.00078026
-3.06119e-07
1.71045e-05
0.000762512
-3.21706e-07
1.71167e-05
0.000728081
-2.17631e-07
1.6999e-05
0.000678811
1.68863e-05
0.000617248
2.78694e-07
1.50287e-05
0.000578343
3.67887e-07
1.49147e-05
0.000636589
3.15759e-07
1.48516e-05
0.000683389
1.97116e-07
1.47941e-05
0.000716142
1.89388e-08
1.47663e-05
0.000732989
-1.95518e-07
1.47246e-05
0.000732978
-3.56571e-07
1.47508e-05
0.000716125
-4.01247e-07
1.48404e-05
0.0006834
-3.20693e-07
1.48996e-05
0.000636587
1.50132e-05
0.000578344
3.17033e-07
1.28499e-05
0.000531423
4.12673e-07
1.27005e-05
0.000588685
3.59446e-07
1.25952e-05
0.00063456
2.15853e-07
1.24979e-05
0.000666566
2.12599e-08
1.24533e-05
0.000683006
-2.02042e-07
1.24409e-05
0.000683004
-3.70764e-07
1.24811e-05
0.000666564
-4.18889e-07
1.25809e-05
0.000634564
-3.23329e-07
1.26899e-05
0.000588687
1.28276e-05
0.000531425
3.1778e-07
1.08198e-05
0.000485584
4.18256e-07
1.0676e-05
0.000542298
3.77819e-07
1.05494e-05
0.000587498
2.29248e-07
1.045e-05
0.000618922
2.62212e-08
1.04025e-05
0.000635029
-1.92703e-07
1.0406e-05
0.000635029
-3.56542e-07
1.04488e-05
0.000618922
-3.98852e-07
1.05384e-05
0.0005875
-2.95688e-07
1.06647e-05
0.000542302
1.07994e-05
0.000485586
3.10977e-07
8.97596e-06
0.000440359
4.08793e-07
8.85878e-06
0.000496611
3.69183e-07
8.72436e-06
0.000541197
2.19969e-07
8.63643e-06
0.000572084
1.61886e-08
8.59299e-06
0.000587881
-1.88457e-07
8.59744e-06
0.000587882
-3.42694e-07
8.64006e-06
0.000572085
-3.89305e-07
8.72122e-06
0.000541198
-2.9162e-07
8.84797e-06
0.000496614
8.96457e-06
0.000440361
3.03059e-07
7.32131e-06
0.000395442
4.07423e-07
7.23238e-06
0.000451264
3.62348e-07
7.11179e-06
0.000495263
2.11983e-07
7.03611e-06
0.000525633
6.64582e-09
7.00058e-06
0.000541132
-1.96511e-07
7.00307e-06
0.000541133
-3.47539e-07
7.04017e-06
0.000525634
-3.98654e-07
7.11426e-06
0.000495265
-3.02642e-07
7.22941e-06
0.000451265
7.31604e-06
0.000395443
2.98336e-07
5.84943e-06
0.000350702
4.11214e-07
5.77941e-06
0.000406104
3.65668e-07
5.68498e-06
0.000449527
2.12428e-07
5.62568e-06
0.000479384
3.14464e-09
5.59995e-06
0.000494588
-2.0541e-07
5.60191e-06
0.000494588
-3.57557e-07
5.62836e-06
0.000479384
-4.06315e-07
5.69e-06
0.000449527
-3.0219e-07
5.7849e-06
0.000406104
5.84655e-06
0.000350702
2.94691e-07
4.54883e-06
0.000306068
4.11549e-07
4.48888e-06
0.000361049
3.68222e-07
4.42275e-06
0.000403894
2.12457e-07
4.3853e-06
0.000433236
1.15061e-10
4.37002e-06
0.000448145
-2.11532e-07
4.37135e-06
0.000448144
-3.66282e-07
4.3867e-06
0.000433237
-4.09505e-07
4.42755e-06
0.000403894
-2.93544e-07
4.49536e-06
0.000361049
4.54712e-06
0.000306067
2.94766e-07
0.000261494
4.1488e-07
0.00031605
3.69687e-07
0.000358313
2.11809e-07
0.00038714
-1.10946e-09
0.00040175
-2.13378e-07
0.00040175
-3.71125e-07
0.00038714
-4.14815e-07
0.000358313
-2.92113e-07
0.00031605
0.000261493
4.3412e-08
1.17854e-05
0.000509751
8.18036e-08
1.30595e-05
0.000566586
8.67193e-08
1.3955e-05
0.000613059
2.00816e-08
1.45127e-05
0.000645991
-7.50254e-08
1.47244e-05
0.000663129
-1.07961e-07
1.46654e-05
0.000663204
-9.09219e-08
1.43978e-05
0.000646184
-6.29334e-08
1.38873e-05
0.000613042
-1.60262e-08
1.29942e-05
0.000566655
1.16817e-05
0.00050986
9.50341e-08
1.56327e-05
0.000613281
1.87767e-07
1.60178e-05
0.000675776
2.09937e-07
1.62992e-05
0.000725709
1.45859e-07
1.64861e-05
0.000760658
1.52351e-08
1.65429e-05
0.000778605
-1.06199e-07
1.6474e-05
0.000778572
-1.92136e-07
1.63972e-05
0.000760599
-1.90146e-07
1.62672e-05
0.000725699
-1.02613e-07
1.59598e-05
0.000675758
1.55696e-05
0.000613264
2.07497e-07
1.43266e-05
0.000579424
2.82824e-07
1.43675e-05
0.000638164
2.58364e-07
1.44142e-05
0.000685299
1.85385e-07
1.44318e-05
0.000718269
4.73473e-08
1.44508e-05
0.000735219
-1.22586e-07
1.44134e-05
0.000735209
-2.52552e-07
1.44032e-05
0.000718249
-2.91953e-07
1.44025e-05
0.000685304
-2.35919e-07
1.43363e-05
0.000638154
1.42955e-05
0.000579415
2.74004e-07
1.23599e-05
0.000533129
3.52983e-07
1.23247e-05
0.000590649
3.06241e-07
1.23017e-05
0.000636719
1.91765e-07
1.2254e-05
0.000668858
3.62833e-08
1.2247e-05
0.000685365
-1.52187e-07
1.22421e-05
0.000685364
-2.98532e-07
1.22579e-05
0.000668855
-3.49499e-07
1.22958e-05
0.000636722
-2.87301e-07
1.2315e-05
0.000590646
1.23365e-05
0.000533124
2.83217e-07
1.04545e-05
0.000487216
3.66884e-07
1.04013e-05
0.000544138
3.2508e-07
1.03406e-05
0.000589501
1.92466e-07
1.02721e-05
0.000621036
1.8597e-08
1.02493e-05
0.0006372
-1.71756e-07
1.02608e-05
0.0006372
-3.17406e-07
1.0289e-05
0.000621036
-3.60183e-07
1.03371e-05
0.000589501
-2.75438e-07
1.03936e-05
0.000544138
1.04316e-05
0.000487214
2.7894e-07
8.69603e-06
0.000441838
3.67802e-07
8.64566e-06
0.000498278
3.281e-07
8.56629e-06
0.000543011
1.86146e-07
8.50069e-06
0.000573997
1.1191e-09
8.46977e-06
0.000589846
-1.83329e-07
8.48117e-06
0.000589846
-3.1918e-07
8.5117e-06
0.000573998
-3.5755e-07
8.56278e-06
0.000543011
-2.67188e-07
8.6375e-06
0.00049828
8.68104e-06
0.000441838
2.74763e-07
7.10375e-06
0.000396754
3.65796e-07
7.06749e-06
0.000452751
3.25884e-07
6.9827e-06
0.000496887
1.85401e-07
6.92471e-06
0.000527349
-4.55613e-09
6.89614e-06
0.000542896
-1.86853e-07
6.90019e-06
0.000542896
-3.18616e-07
6.92702e-06
0.00052735
-3.60607e-07
6.98135e-06
0.000496888
-2.7204e-07
7.0615e-06
0.000452752
7.09673e-06
0.000396754
2.73754e-07
5.67909e-06
0.000351847
3.74358e-07
5.65309e-06
0.000407418
3.33448e-07
5.57899e-06
0.000450971
1.92604e-07
5.5309e-06
0.000480918
-1.73999e-09
5.51037e-06
0.000496168
-1.9235e-07
5.51076e-06
0.000496168
-3.29938e-07
5.52991e-06
0.000480919
-3.73451e-07
5.5798e-06
0.000450972
-2.78773e-07
5.6527e-06
0.000407418
5.67707e-06
0.000351847
2.72728e-07
4.41819e-06
0.000307052
3.83185e-07
4.39173e-06
0.0003622
3.42993e-07
4.33905e-06
0.000405174
1.97511e-07
4.30761e-06
0.000434605
-7.9439e-10
4.29481e-06
0.000449558
-1.98118e-07
4.2942e-06
0.000449558
-3.42809e-07
4.30573e-06
0.000434606
-3.8443e-07
4.3411e-06
0.000405174
-2.78317e-07
4.39569e-06
0.0003622
4.41776e-06
0.000307052
2.75157e-07
0.000262325
3.91746e-07
0.000317047
3.50202e-07
0.00035944
2.01368e-07
0.000388354
9.06598e-10
0.000403009
-2.00194e-07
0.000403009
-3.50418e-07
0.000388354
-3.9201e-07
0.000359439
-2.76001e-07
0.000317047
0.000262325
-2.20418e-08
9.29182e-06
0.000500543
-3.75649e-08
1.07746e-05
0.000555827
-4.2528e-08
1.18511e-05
0.000601213
-8.5193e-08
1.25313e-05
0.000633503
-1.09046e-07
1.27967e-05
0.000650356
-7.5443e-08
1.27473e-05
0.000650423
-1.23383e-08
1.24117e-05
0.000633709
3.31026e-08
1.17516e-05
0.000601245
5.52696e-08
1.06839e-05
0.000555949
9.19031e-06
0.000500712
-1.12964e-08
1.4112e-05
0.000608434
6.26623e-08
1.47319e-05
0.000671745
1.09692e-07
1.51935e-05
0.00072232
1.07076e-07
1.54835e-05
0.000757709
3.89419e-08
1.55891e-05
0.000775881
-3.83834e-08
1.55518e-05
0.000775845
-9.13423e-08
1.54128e-05
0.000757651
-7.30147e-08
1.51362e-05
0.000722296
1.43964e-09
1.46363e-05
0.000671731
1.40267e-05
0.000608427
1.37677e-07
1.34362e-05
0.00057994
1.96149e-07
1.36106e-05
0.000639226
2.01875e-07
1.37515e-05
0.000686735
1.70648e-07
1.38382e-05
0.000719945
7.17294e-08
1.38977e-05
0.000737009
-5.18041e-08
1.3883e-05
0.000737001
-1.48289e-07
1.38343e-05
0.000719924
-1.74737e-07
1.37333e-05
0.000686733
-1.46562e-07
1.35485e-05
0.000639214
1.3398e-05
0.000579923
2.33384e-07
1.17121e-05
0.000534631
2.9583e-07
1.17732e-05
0.000592424
2.55486e-07
1.18164e-05
0.000638695
1.62192e-07
1.182e-05
0.00067097
3.93669e-08
1.18433e-05
0.000687543
-1.05734e-07
1.185e-05
0.000687542
-2.22697e-07
1.18402e-05
0.000670966
-2.76543e-07
1.1814e-05
0.000638695
-2.50783e-07
1.1752e-05
0.000592416
1.16959e-05
0.000534621
2.51537e-07
9.94971e-06
0.000488737
3.21444e-07
9.97405e-06
0.000545867
2.75864e-07
9.97147e-06
0.000591392
1.53471e-07
9.9409e-06
0.000623038
1.13729e-09
9.93848e-06
0.000639257
-1.55597e-07
9.94979e-06
0.000639257
-2.76315e-07
9.95975e-06
0.000623037
-3.22709e-07
9.97096e-06
0.000591391
-2.63179e-07
9.96672e-06
0.000545864
9.93368e-06
0.000488732
2.4712e-07
8.29971e-06
0.000443241
3.25869e-07
8.30681e-06
0.000499866
2.85846e-07
8.27766e-06
0.000544745
1.55579e-07
8.23836e-06
0.00057583
-9.64819e-09
8.22017e-06
0.00059173
-1.74213e-07
8.23153e-06
0.000591729
-2.92513e-07
8.24569e-06
0.00057583
-3.25608e-07
8.27134e-06
0.000544744
-2.46284e-07
8.30044e-06
0.000499866
8.28536e-06
0.000443239
2.48013e-07
6.79281e-06
0.000398009
3.24747e-07
6.80137e-06
0.000454179
2.87687e-07
6.75159e-06
0.00049845
1.59241e-07
6.71208e-06
0.000529004
-1.26911e-08
6.6908e-06
0.000544597
-1.75256e-07
6.69325e-06
0.000544597
-2.92569e-07
6.70867e-06
0.000529005
-3.28246e-07
6.74453e-06
0.000498451
-2.46193e-07
6.79007e-06
0.00045418
6.78288e-06
0.000398009
2.50176e-07
5.43603e-06
0.000352949
3.37152e-07
5.44711e-06
0.000408685
2.98814e-07
5.39469e-06
0.000452367
1.69996e-07
5.35817e-06
0.000482401
-6.91164e-09
5.34083e-06
0.000497695
-1.78047e-07
5.33746e-06
0.000497695
-3.01958e-07
5.35009e-06
0.000482401
-3.39839e-07
5.38719e-06
0.000452368
-2.55087e-07
5.43783e-06
0.000408686
5.43189e-06
0.000352949
2.49646e-07
4.23191e-06
0.000308002
3.51632e-07
4.2335e-06
0.000363312
3.15402e-07
4.19426e-06
0.000406411
1.82615e-07
4.16875e-06
0.000435927
1.42402e-09
4.15654e-06
0.000450924
-1.80029e-07
4.15327e-06
0.000450924
-3.13689e-07
4.16179e-06
0.000435928
-3.52999e-07
4.18976e-06
0.000406411
-2.58046e-07
4.2312e-06
0.000363311
4.23029e-06
0.000308001
2.55786e-07
0.000263128
3.65838e-07
0.000318011
3.28563e-07
0.000360527
1.9145e-07
0.000389526
4.43213e-09
0.000404224
-1.84509e-07
0.000404224
-3.25306e-07
0.000389526
-3.65168e-07
0.000360527
-2.58505e-07
0.00031801
0.000263128
-6.59465e-08
7.01339e-06
0.000493683
-1.17164e-07
8.55374e-06
0.000547325
-1.36859e-07
9.7216e-06
0.000591511
-1.58695e-07
1.0481e-05
0.000623043
-1.27781e-07
1.0805e-05
0.000639521
-4.39979e-08
1.07538e-05
0.000639585
5.08253e-08
1.03712e-05
0.000623243
9.99437e-08
9.62295e-06
0.000591573
1.00729e-07
8.46416e-06
0.000547484
6.93061e-06
0.000493859
-8.86635e-08
1.25099e-05
0.000602985
-4.27512e-08
1.33076e-05
0.000666945
6.31786e-09
1.39177e-05
0.000718075
5.02215e-08
1.42849e-05
0.000753861
4.89181e-08
1.44371e-05
0.00077225
5.1332e-09
1.44345e-05
0.000772208
-2.43361e-08
1.42402e-05
0.000753811
1.62409e-08
1.38333e-05
0.000718045
7.85667e-08
1.31938e-05
0.000666939
1.24071e-05
0.000602997
8.47653e-08
1.24716e-05
0.000579869
1.23024e-07
1.27481e-05
0.000639748
1.50284e-07
1.29642e-05
0.000687661
1.49222e-07
1.30993e-05
0.000721132
8.57237e-08
1.31866e-05
0.000738323
-3.30316e-09
1.32089e-05
0.000738316
-7.52609e-08
1.31251e-05
0.000721111
-9.267e-08
1.29311e-05
0.000687653
-7.45942e-08
1.26541e-05
0.000639736
1.24217e-05
0.000579848
2.02296e-07
1.10008e-05
0.000535907
2.52941e-07
1.11347e-05
0.000593986
2.22472e-07
1.12249e-05
0.000640465
1.38382e-07
1.12745e-05
0.000672879
2.87971e-08
1.13206e-05
0.000689518
-7.20631e-08
1.1334e-05
0.000689518
-1.56607e-07
1.13015e-05
0.000672874
-2.13509e-07
1.12209e-05
0.000640462
-2.13299e-07
1.10935e-05
0.000593977
1.09889e-05
0.000535892
2.26985e-07
9.38618e-06
0.000490132
2.88971e-07
9.46895e-06
0.000547471
2.40337e-07
9.51095e-06
0.000593154
1.26978e-07
9.51577e-06
0.00062491
-6.23723e-09
9.52754e-06
0.000641184
-1.33382e-07
9.53505e-06
0.000641184
-2.29727e-07
9.52643e-06
0.000624909
-2.78004e-07
9.50759e-06
0.000593152
-2.44028e-07
9.45832e-06
0.000547465
9.38308e-06
0.000490125
2.25381e-07
7.85123e-06
0.000444555
2.93918e-07
7.90349e-06
0.000501363
2.5333e-07
7.91318e-06
0.000546383
1.35011e-07
7.89865e-06
0.000577566
-1.29324e-08
7.89054e-06
0.000593515
-1.58907e-07
7.89671e-06
0.000593513
-2.63923e-07
7.89661e-06
0.000577565
-2.98394e-07
7.9048e-06
0.000546381
-2.34891e-07
7.90006e-06
0.000501361
7.84622e-06
0.000444551
2.2834e-07
6.43802e-06
0.000399198
2.93e-07
6.48152e-06
0.000455537
2.55713e-07
6.46236e-06
0.000499938
1.39838e-07
6.43726e-06
0.000530581
-1.50683e-08
6.42231e-06
0.000546221
-1.63775e-07
6.42271e-06
0.00054622
-2.73157e-07
6.42927e-06
0.000530581
-3.0661e-07
6.45101e-06
0.000499938
-2.32237e-07
6.4694e-06
0.000455537
6.43161e-06
0.000399196
2.29386e-07
5.15959e-06
0.000353998
3.03722e-07
5.19773e-06
0.000409895
2.68387e-07
5.16432e-06
0.0004537
1.50661e-07
5.13712e-06
0.000483819
-8.93651e-09
5.12122e-06
0.000499156
-1.63493e-07
5.11641e-06
0.000499156
-2.77962e-07
5.12631e-06
0.000483819
-3.12218e-07
5.15231e-06
0.000453701
-2.34519e-07
5.18243e-06
0.000409895
5.15388e-06
0.000353997
2.3014e-07
4.01982e-06
0.000308909
3.2204e-07
4.04273e-06
0.000364375
2.89023e-07
4.01426e-06
0.000407594
1.66784e-07
3.99418e-06
0.000437193
2.03081e-10
3.9813e-06
0.00045223
-1.66264e-07
3.9762e-06
0.000452231
-2.89495e-07
3.98483e-06
0.000437192
-3.24866e-07
4.00455e-06
0.000407594
-2.39085e-07
4.03347e-06
0.000364375
4.01566e-06
0.000308908
2.35683e-07
0.000263896
3.3807e-07
0.000318932
3.04865e-07
0.000361567
1.78905e-07
0.000390646
4.64247e-09
0.000405385
-1.72376e-07
0.000405385
-3.02182e-07
0.000390646
-3.38784e-07
0.000361566
-2.41658e-07
0.000318932
0.000263896
-6.01425e-08
5.05575e-06
0.000488797
-1.40915e-07
6.54416e-06
0.000540861
-1.74608e-07
7.70652e-06
0.000583838
-1.77458e-07
8.49282e-06
0.000614553
-1.15936e-07
8.85558e-06
0.000630603
-9.87855e-09
8.80538e-06
0.000630674
9.62528e-08
8.40699e-06
0.00061473
1.41136e-07
7.62588e-06
0.000583902
1.36736e-07
6.4672e-06
0.000541022
5.00515e-06
0.000488932
-1.37432e-07
1.09362e-05
0.0005972
-1.12e-07
1.18613e-05
0.000661602
-6.71475e-08
1.25677e-05
0.000713169
8.06394e-10
1.29974e-05
0.000749289
4.36297e-08
1.31939e-05
0.000767869
2.33719e-08
1.32103e-05
0.000767824
1.64162e-08
1.29697e-05
0.000749256
6.2917e-08
1.24813e-05
0.000713143
1.30112e-07
1.17364e-05
0.000661603
1.08386e-05
0.000597229
4.79489e-08
1.15103e-05
0.000579215
7.25537e-08
1.18606e-05
0.000639724
1.05563e-07
1.2129e-05
0.000688067
1.24229e-07
1.2297e-05
0.000721814
8.79106e-08
1.24088e-05
0.000739145
2.13578e-08
1.24565e-05
0.000739136
-4.0725e-08
1.23474e-05
0.000721795
-5.08729e-08
1.20894e-05
0.000688055
-3.73845e-08
1.17437e-05
0.000639715
1.14609e-05
0.000579196
1.801e-07
1.02943e-05
0.000536945
2.24223e-07
1.04774e-05
0.000595325
1.9973e-07
1.06002e-05
0.000642018
1.20747e-07
1.06803e-05
0.000674574
2.19349e-08
1.07423e-05
0.000691283
-5.15467e-08
1.07648e-05
0.000691283
-1.11039e-07
1.0712e-05
0.000674569
-1.57768e-07
1.05854e-05
0.000642013
-1.72894e-07
1.04188e-05
0.000595317
1.029e-05
0.00053693
2.11932e-07
8.82586e-06
0.000491396
2.68952e-07
8.94777e-06
0.000548943
2.24671e-07
9.01467e-06
0.000594784
1.1674e-07
9.05028e-06
0.000626648
-6.58592e-09
9.07467e-06
0.000642975
-1.09237e-07
9.07669e-06
0.000642974
-1.87568e-07
9.05325e-06
0.000626646
-2.38249e-07
9.00731e-06
0.000594781
-2.22615e-07
8.93154e-06
0.000548937
8.83654e-06
0.000491389
2.155e-07
7.39932e-06
0.000445776
2.77666e-07
7.48457e-06
0.000502764
2.34384e-07
7.5195e-06
0.000547921
1.24173e-07
7.52731e-06
0.000579199
-1.12121e-08
7.52897e-06
0.000595196
-1.41573e-07
7.52628e-06
0.000595194
-2.38676e-07
7.51772e-06
0.000579198
-2.81743e-07
7.51252e-06
0.000547919
-2.34005e-07
7.48466e-06
0.00050276
7.40801e-06
0.000445772
2.14908e-07
6.07798e-06
0.000400315
2.70763e-07
6.14716e-06
0.000456818
2.31651e-07
6.15041e-06
0.000501346
1.2711e-07
6.13721e-06
0.000532076
-1.14356e-08
6.12825e-06
0.00054776
-1.5209e-07
6.12764e-06
0.000547759
-2.58305e-07
6.12959e-06
0.000532076
-2.94151e-07
6.14082e-06
0.000501345
-2.30987e-07
6.1411e-06
0.000456817
6.07959e-06
0.000400312
2.1266e-07
4.87807e-06
0.000354991
2.76824e-07
4.93522e-06
0.000411042
2.4295e-07
4.91706e-06
0.000454967
1.34587e-07
4.89716e-06
0.000485167
-9.70968e-09
4.88249e-06
0.000500546
-1.53125e-07
4.88074e-06
0.000500546
-2.63589e-07
4.8918e-06
0.000485167
-2.96858e-07
4.90732e-06
0.000454967
-2.22958e-07
4.91991e-06
0.000411042
4.87422e-06
0.000354989
2.12393e-07
3.8044e-06
0.000309771
2.92626e-07
3.8436e-06
0.000365386
2.61067e-07
3.82232e-06
0.00040872
1.48765e-07
3.80463e-06
0.000438397
-4.88598e-09
3.79162e-06
0.000453475
-1.58168e-07
3.78934e-06
0.000453475
-2.70545e-07
3.7995e-06
0.000438397
-3.01727e-07
3.81195e-06
0.00040872
-2.22985e-07
3.82954e-06
0.000365386
3.79885e-06
0.00030977
2.13365e-07
0.000264626
3.08783e-07
0.000319809
2.80296e-07
0.000362557
1.63732e-07
0.000391713
6.29818e-12
0.000406491
-1.64711e-07
0.000406491
-2.82987e-07
0.000391713
-3.14928e-07
0.000362557
-2.24844e-07
0.00031981
0.000264627
-2.68776e-08
3.49138e-06
0.000485454
-1.23108e-07
4.83398e-06
0.000536124
-1.47728e-07
5.90721e-06
0.000577956
-1.22782e-07
6.675e-06
0.000607853
-5.69253e-08
7.05387e-06
0.000623484
4.35288e-08
7.00522e-06
0.000623568
1.37341e-07
6.6224e-06
0.000608014
1.77734e-07
5.85475e-06
0.000578007
1.76262e-07
4.77611e-06
0.000536247
3.4706e-06
0.00048553
-1.40572e-07
9.4823e-06
0.000591317
-1.21157e-07
1.04737e-05
0.000655943
-8.77055e-08
1.12342e-05
0.000707808
-2.02299e-08
1.17135e-05
0.000744183
2.89368e-08
1.19611e-05
0.000762912
2.12142e-08
1.19656e-05
0.000762871
3.53115e-08
1.16903e-05
0.000744174
7.43967e-08
1.11655e-05
0.000707793
1.36124e-07
1.03738e-05
0.000655943
9.40174e-06
0.000591355
3.05337e-08
1.06264e-05
0.000578009
4.43721e-08
1.10154e-05
0.000639168
6.26408e-08
1.13212e-05
0.000687962
8.59105e-08
1.15065e-05
0.000721997
7.72509e-08
1.16383e-05
0.000739476
1.92162e-08
1.16931e-05
0.000739467
-4.00201e-08
1.15641e-05
0.000721981
-5.07396e-08
1.12813e-05
0.00068795
-4.28037e-08
1.09168e-05
0.000639164
1.05715e-05
0.000577995
1.60418e-07
9.6585e-06
0.000537747
1.9974e-07
9.86023e-06
0.000596441
1.79806e-07
1.00042e-05
0.000643355
1.01963e-07
1.01017e-05
0.000676057
1.26613e-08
1.01721e-05
0.000692839
-4.76815e-08
1.01987e-05
0.000692838
-9.55486e-08
1.01303e-05
0.000676051
-1.27548e-07
9.97876e-06
0.000643347
-1.33005e-07
9.80256e-06
0.000596437
9.64782e-06
0.000537736
2.04558e-07
8.32437e-06
0.000492533
2.5698e-07
8.46379e-06
0.000550287
2.19444e-07
8.5416e-06
0.000596284
1.15068e-07
8.59881e-06
0.000628255
-3.27996e-09
8.63033e-06
0.000644635
-9.07656e-08
8.62641e-06
0.000644634
-1.57894e-07
8.59123e-06
0.000628252
-2.05549e-07
8.52693e-06
0.00059628
-1.91653e-07
8.44321e-06
0.000550282
8.33512e-06
0.000492528
2.10554e-07
6.99407e-06
0.000446908
2.70396e-07
7.09649e-06
0.000504072
2.28363e-07
7.14178e-06
0.000549363
1.25123e-07
7.16718e-06
0.000580734
-2.28053e-09
7.17653e-06
0.000596777
-1.21506e-07
7.16434e-06
0.000596776
-2.11514e-07
7.14694e-06
0.000580732
-2.58857e-07
7.13242e-06
0.000549361
-2.24445e-07
7.10168e-06
0.000504067
7.00816e-06
0.000446905
2.02151e-07
5.7533e-06
0.000401363
2.56519e-07
5.83373e-06
0.000458027
2.17841e-07
5.84947e-06
0.000502677
1.22356e-07
5.8475e-06
0.000533491
-3.24771e-09
5.84399e-06
0.000549218
-1.37352e-07
5.84005e-06
0.000549218
-2.45361e-07
5.8399e-06
0.000533491
-2.86243e-07
5.84242e-06
0.000502676
-2.29432e-07
5.83742e-06
0.000458025
5.75744e-06
0.000401361
1.97885e-07
4.62397e-06
0.000355928
2.56622e-07
4.68674e-06
0.000412131
2.21118e-07
4.68144e-06
0.000456171
1.21114e-07
4.66565e-06
0.000486449
-1.04845e-08
4.65331e-06
0.000501868
-1.48413e-07
4.65569e-06
0.000501868
-2.56752e-07
4.66627e-06
0.000486449
-2.91452e-07
4.67371e-06
0.000456171
-2.20557e-07
4.67874e-06
0.00041213
4.61746e-06
0.000355927
1.94062e-07
3.61247e-06
0.000310588
2.64812e-07
3.65409e-06
0.000366348
2.35795e-07
3.63819e-06
0.000409792
1.32578e-07
3.62154e-06
0.000439545
-1.04327e-08
3.61073e-06
0.00045466
-1.536e-07
3.61326e-06
0.000454661
-2.58153e-07
3.62314e-06
0.000439545
-2.8649e-07
3.62956e-06
0.000409793
-2.10856e-07
3.64096e-06
0.000366348
3.60227e-06
0.000310588
1.95152e-07
0.000265322
2.82258e-07
0.000320645
2.55552e-07
0.0003635
1.44908e-07
0.00039273
-9.69503e-09
0.000407544
-1.60989e-07
0.000407544
-2.67969e-07
0.000392729
-2.96618e-07
0.0003635
-2.11329e-07
0.000320646
0.000265322
1.70619e-08
2.31278e-06
0.000483235
-7.72316e-08
3.47114e-06
0.000532747
-8.76346e-08
4.39776e-06
0.000573568
-4.65304e-08
5.11217e-06
0.0006027
1.28774e-08
5.46607e-06
0.000617958
1.0027e-07
5.4057e-06
0.000618075
1.7092e-07
5.07711e-06
0.000602866
2.05559e-07
4.37632e-06
0.000573596
1.99969e-07
3.42605e-06
0.000532827
2.31984e-06
0.000483265
-1.02203e-07
8.18838e-06
0.000585537
-7.46783e-08
9.20977e-06
0.000650177
-5.26166e-08
9.99346e-06
0.00070219
-6.76419e-09
1.05113e-05
0.000738738
2.47181e-08
1.07808e-05
0.000757566
1.51083e-08
1.07521e-05
0.000757534
4.42994e-08
1.04698e-05
0.000738752
6.51199e-08
9.95694e-06
0.000702192
9.31326e-08
9.17329e-06
0.000650168
8.14011e-06
0.000585573
2.77425e-08
9.84414e-06
0.000576304
3.85112e-08
1.02569e-05
0.00063811
3.46858e-08
1.05921e-05
0.000687367
4.97557e-08
1.07889e-05
0.000721705
4.86622e-08
1.09241e-05
0.000739334
-1.85006e-08
1.09605e-05
0.000739325
-7.65373e-08
1.08206e-05
0.000721688
-8.70135e-08
1.05586e-05
0.000687359
-6.95247e-08
1.02135e-05
0.000638106
9.79163e-06
0.000576299
1.42756e-07
9.12738e-06
0.000538316
1.77805e-07
9.32009e-06
0.000597343
1.60037e-07
9.48018e-06
0.000644485
8.43333e-08
9.58607e-06
0.000677336
-2.42476e-10
9.65386e-06
0.000694194
-6.23873e-08
9.66997e-06
0.00069419
-1.14476e-07
9.59616e-06
0.000677327
-1.37607e-07
9.45363e-06
0.000644476
-1.13371e-07
9.28367e-06
0.000597342
9.09853e-06
0.00053831
2.00924e-07
7.91529e-06
0.000493554
2.45872e-07
8.04992e-06
0.000551513
2.13284e-07
8.13269e-06
0.000597664
1.12846e-07
8.20041e-06
0.000629741
-1.58023e-09
8.2286e-06
0.000646174
-8.60772e-08
8.21564e-06
0.000646173
-1.4848e-07
8.17403e-06
0.000629737
-1.83632e-07
8.10983e-06
0.000597659
-1.63882e-07
8.03566e-06
0.00055151
7.91406e-06
0.000493551
2.04534e-07
6.66643e-06
0.00044796
2.62189e-07
6.77004e-06
0.000505294
2.29506e-07
6.81171e-06
0.000550717
1.33699e-07
6.85085e-06
0.000582179
1.19096e-08
6.85983e-06
0.000598267
-1.0107e-07
6.8374e-06
0.000598267
-1.91019e-07
6.81936e-06
0.000582177
-2.38919e-07
6.80381e-06
0.000550715
-2.03274e-07
6.77712e-06
0.00050529
6.67325e-06
0.000447959
1.94069e-07
5.48906e-06
0.000402349
2.49799e-07
5.57208e-06
0.000459169
2.11231e-07
5.58854e-06
0.000503939
1.2385e-07
5.59425e-06
0.000534835
5.93577e-09
5.59226e-06
0.000550603
-1.26125e-07
5.5838e-06
0.000550603
-2.3295e-07
5.58254e-06
0.000534834
-2.74814e-07
5.5837e-06
0.000503938
-2.17522e-07
5.57813e-06
0.000459166
5.48926e-06
0.000402348
1.84605e-07
4.41647e-06
0.000356817
2.42896e-07
4.47853e-06
0.000413166
2.09464e-07
4.47502e-06
0.000457318
1.17994e-07
4.46269e-06
0.000487672
-6.30989e-09
4.45458e-06
0.00050313
-1.43176e-07
4.45894e-06
0.00050313
-2.50226e-07
4.46654e-06
0.000487672
-2.85376e-07
4.47193e-06
0.000457318
-2.1576e-07
4.47394e-06
0.000413165
4.40561e-06
0.000356816
1.80304e-07
3.45457e-06
0.000311367
2.46455e-07
3.49406e-06
0.000367266
2.1707e-07
3.47947e-06
0.000410817
1.18217e-07
3.46456e-06
0.000440642
-1.63657e-08
3.45519e-06
0.000455794
-1.51541e-07
3.46042e-06
0.000455795
-2.50876e-07
3.46833e-06
0.000440642
-2.78258e-07
3.47449e-06
0.000410818
-2.03e-07
3.48058e-06
0.000367266
3.43963e-06
0.000311367
1.78095e-07
0.000265985
2.59019e-07
0.000321444
2.33612e-07
0.000364402
1.29228e-07
0.000393702
-1.65894e-08
0.000408552
-1.57257e-07
0.000408552
-2.57377e-07
0.000393702
-2.83532e-07
0.000364403
-2.01691e-07
0.000321445
0.000265985
5.46457e-08
1.48648e-06
0.000481772
-1.39733e-08
2.42992e-06
0.000530385
-5.69944e-09
3.21219e-06
0.000570348
1.87958e-08
3.83488e-06
0.000598841
4.77837e-08
4.14029e-06
0.000613789
1.05461e-07
4.06708e-06
0.00061395
1.54944e-07
3.79008e-06
0.000599026
1.9879e-07
3.19793e-06
0.000570354
1.89572e-07
2.4016e-06
0.000530434
1.49814e-06
0.000481786
-6.05793e-08
7.0776e-06
0.000580016
-3.30266e-08
8.10303e-06
0.000644476
-1.40493e-08
8.88099e-06
0.000696503
1.15169e-08
9.41683e-06
0.00073313
2.02867e-08
9.6888e-06
0.000752009
1.68315e-08
9.61295e-06
0.000751992
5.26901e-08
9.34635e-06
0.00073316
5.05958e-08
8.87418e-06
0.000696518
4.34199e-08
8.12053e-06
0.000644456
7.06907e-06
0.000580041
3.63872e-08
9.16238e-06
0.000574175
5.33189e-08
9.60248e-06
0.000636594
3.30852e-08
9.95374e-06
0.000686314
2.81878e-08
1.01649e-05
0.000720961
2.58364e-08
1.02824e-05
0.000738743
-4.42529e-08
1.02726e-05
0.000738736
-1.06984e-07
1.01512e-05
0.000720946
-1.3026e-07
9.94392e-06
0.000686312
-1.15757e-07
9.62782e-06
0.000636584
9.13035e-06
0.000574176
1.38668e-07
8.69153e-06
0.000538655
1.67767e-07
8.87704e-06
0.000598039
1.42401e-07
9.04463e-06
0.000645419
7.61031e-08
9.14306e-06
0.000678424
-5.38641e-09
9.19611e-06
0.000695362
-9.01821e-08
9.19273e-06
0.000695355
-1.54134e-07
9.13049e-06
0.000678412
-1.68705e-07
9.02413e-06
0.00064541
-1.17568e-07
8.87865e-06
0.00059804
8.6669e-06
0.000538651
1.89824e-07
7.5967e-06
0.000494467
2.32645e-07
7.71385e-06
0.000552633
2.0954e-07
7.79389e-06
0.000598938
1.15477e-07
7.85939e-06
0.000631119
1.68621e-10
7.87866e-06
0.000647607
-9.69088e-08
7.85859e-06
0.000647604
-1.68814e-07
7.82653e-06
0.000631112
-1.92229e-07
7.7753e-06
0.000598931
-1.49072e-07
7.71262e-06
0.000552633
7.59322e-06
0.000494466
1.95896e-07
6.41979e-06
0.000448941
2.48666e-07
6.51243e-06
0.000506443
2.21681e-07
6.54346e-06
0.000551994
1.31992e-07
6.58192e-06
0.000583546
1.49542e-08
6.5838e-06
0.000599679
-9.73584e-08
6.55846e-06
0.000599679
-1.89907e-07
6.55281e-06
0.000583543
-2.31868e-07
6.5395e-06
0.000551992
-1.85537e-07
6.51644e-06
0.00050644
6.4237e-06
0.000448941
1.83691e-07
5.29541e-06
0.000403282
2.42146e-07
5.36856e-06
0.000460254
2.09894e-07
5.37308e-06
0.000505141
1.26948e-07
5.38142e-06
0.000536119
1.02465e-08
5.37732e-06
0.000551927
-1.22057e-07
5.36731e-06
0.000551927
-2.23977e-07
5.37219e-06
0.000536117
-2.621e-07
5.37476e-06
0.000505141
-2.03815e-07
5.3727e-06
0.000460252
5.29599e-06
0.000403282
1.76247e-07
4.263e-06
0.000357664
2.38897e-07
4.31564e-06
0.000414156
2.05338e-07
4.30715e-06
0.000458417
1.17672e-07
4.29534e-06
0.000488846
-5.58328e-09
4.28937e-06
0.000504341
-1.42631e-07
4.29369e-06
0.000504341
-2.448e-07
4.30093e-06
0.000488845
-2.78867e-07
4.30932e-06
0.000458417
-2.10993e-07
4.31502e-06
0.000414155
4.25488e-06
0.000357663
1.69154e-07
3.33769e-06
0.000312113
2.37563e-07
3.3653e-06
0.000368148
2.09548e-07
3.34924e-06
0.000411803
1.13973e-07
3.33514e-06
0.000441698
-1.74471e-08
3.32924e-06
0.000456886
-1.50035e-07
3.33517e-06
0.000456886
-2.45764e-07
3.34076e-06
0.000441698
-2.73023e-07
3.35125e-06
0.000411803
-1.9641e-07
3.35708e-06
0.000368148
3.32291e-06
0.000312112
1.72246e-07
0.000266623
2.50556e-07
0.000322214
2.23959e-07
0.000365272
1.21732e-07
0.000394639
-1.86769e-08
0.000409524
-1.54261e-07
0.000409524
-2.52679e-07
0.00039464
-2.76748e-07
0.000365272
-1.94127e-07
0.000322213
0.000266622
8.82821e-08
9.55635e-07
0.000480768
5.19176e-08
1.68102e-06
0.000528741
6.59912e-08
2.32589e-06
0.000568008
3.94163e-08
2.83797e-06
0.000596029
2.20801e-08
3.07377e-06
0.000610733
6.2144e-08
2.99225e-06
0.000610918
1.05977e-07
2.77076e-06
0.000596212
1.64246e-07
2.31018e-06
0.000567986
1.60819e-07
1.66248e-06
0.000528775
9.61246e-07
0.000480805
-3.59339e-08
6.14896e-06
0.000574859
-9.68001e-09
7.15537e-06
0.000638976
8.36646e-09
7.91001e-06
0.000690901
1.26656e-08
8.44839e-06
0.000727515
-7.94153e-11
8.69141e-06
0.000746404
2.44385e-08
8.55554e-06
0.000746404
6.79442e-08
8.33527e-06
0.000727552
4.49997e-08
7.92947e-06
0.000690921
1.15317e-08
7.19902e-06
0.000638953
6.17283e-06
0.000574871
4.71569e-08
8.57454e-06
0.000571709
7.71673e-08
9.04486e-06
0.000634674
5.27081e-08
9.40355e-06
0.000684845
3.33465e-08
9.6311e-06
0.000719798
1.26154e-08
9.72193e-06
0.000737733
-6.43531e-08
9.63918e-06
0.000737729
-1.2569e-07
9.55679e-06
0.000719786
-1.58887e-07
9.42526e-06
0.00068485
-1.53408e-07
9.11917e-06
0.000634659
8.57234e-06
0.000571708
1.40009e-07
8.34778e-06
0.000538765
1.63043e-07
8.52599e-06
0.000598535
1.35641e-07
8.68232e-06
0.000646168
9.00371e-08
8.76701e-06
0.000679333
1.37452e-08
8.80565e-06
0.000696354
-1.15452e-07
8.77702e-06
0.000696346
-2.08705e-07
8.74275e-06
0.000679319
-2.14053e-07
8.68017e-06
0.00064616
-1.46082e-07
8.55751e-06
0.000598534
8.33353e-06
0.000538759
1.84466e-07
7.35761e-06
0.000495283
2.2821e-07
7.45336e-06
0.000553662
2.05239e-07
7.52333e-06
0.00060012
1.22967e-07
7.56545e-06
0.000632403
1.37146e-08
7.5753e-06
0.000648947
-1.13134e-07
7.56485e-06
0.000648943
-2.06682e-07
7.5539e-06
0.000632395
-2.21767e-07
7.51424e-06
0.000600112
-1.52105e-07
7.4584e-06
0.000553663
7.35258e-06
0.000495281
1.85659e-07
6.24249e-06
0.000449863
2.36373e-07
6.31513e-06
0.00050753
2.15773e-07
6.3296e-06
0.000553209
1.2853e-07
6.35113e-06
0.000584848
1.16414e-08
6.34601e-06
0.000601025
-1.05913e-07
6.33605e-06
0.000601026
-1.99982e-07
6.34752e-06
0.000584843
-2.3469e-07
6.33479e-06
0.000553207
-1.75363e-07
6.31002e-06
0.000507529
6.24328e-06
0.000449863
1.78517e-07
5.15745e-06
0.000404172
2.40763e-07
5.21393e-06
0.000461293
2.13171e-07
5.20298e-06
0.000506296
1.25219e-07
5.20558e-06
0.000537352
6.48482e-10
5.19826e-06
0.000553199
-1.296e-07
5.19405e-06
0.000553199
-2.25496e-07
5.21065e-06
0.00053735
-2.58357e-07
5.21333e-06
0.000506295
-1.99152e-07
5.21128e-06
0.000461291
5.15898e-06
0.000404171
1.70297e-07
4.15458e-06
0.000358478
2.4032e-07
4.19027e-06
0.00041511
2.08251e-07
4.1736e-06
0.000459479
1.19078e-07
4.16024e-06
0.00048998
-1.20807e-08
4.15864e-06
0.000505512
-1.49818e-07
4.16158e-06
0.000505511
-2.421e-07
4.1691e-06
0.000489979
-2.70141e-07
4.1801e-06
0.000459478
-2.03664e-07
4.19101e-06
0.000415108
4.15524e-06
0.000358477
1.70549e-07
3.25104e-06
0.000312832
2.45428e-07
3.26256e-06
0.000369001
2.1828e-07
3.24563e-06
0.000412758
1.19807e-07
3.23505e-06
0.000442721
-1.44648e-08
3.23451e-06
0.000457944
-1.4961e-07
3.2386e-06
0.000457944
-2.45326e-07
3.2414e-06
0.000442721
-2.72223e-07
3.25258e-06
0.000412757
-1.9656e-07
3.26319e-06
0.000369
3.24837e-06
0.00031283
1.786e-07
0.00026724
2.56159e-07
0.00032296
2.25446e-07
0.000366116
1.22674e-07
0.000395549
-1.39745e-08
0.000410467
-1.48478e-07
0.000410467
-2.49065e-07
0.000395549
-2.76241e-07
0.000366115
-1.95688e-07
0.000322958
0.000267239
1.30036e-07
6.48958e-07
0.000480008
1.29923e-07
1.18036e-06
0.00052756
1.05267e-07
1.68908e-06
0.000566343
1.99353e-08
2.07993e-06
0.000594035
-3.86999e-08
2.24469e-06
0.000608546
6.08749e-09
2.16238e-06
0.000608711
6.01505e-08
2.01775e-06
0.00059414
1.19865e-07
1.68752e-06
0.000566238
1.26628e-07
1.16288e-06
0.000527605
6.39527e-07
0.000480097
-2.74298e-08
5.38949e-06
0.000570127
8.66714e-09
6.34563e-06
0.000633775
2.86141e-08
7.07579e-06
0.000685494
1.08857e-08
7.59132e-06
0.000722022
-2.54172e-08
7.79692e-06
0.000740888
1.31802e-08
7.62472e-06
0.000740903
6.78541e-08
7.45404e-06
0.000722061
5.18129e-08
7.10686e-06
0.000685518
1.58409e-08
6.39016e-06
0.000633762
5.42395e-06
0.000570126
4.24454e-08
8.06211e-06
0.000568998
8.33243e-08
8.56063e-06
0.000632418
6.53329e-08
8.9303e-06
0.000683009
3.92824e-08
9.16063e-06
0.000718255
4.01444e-09
9.22295e-06
0.000736342
-7.83198e-08
9.09141e-06
0.000736345
-1.39167e-07
9.05268e-06
0.000718248
-1.71406e-07
8.96946e-06
0.000683019
-1.72155e-07
8.65145e-06
0.000632398
8.07859e-06
0.000568988
1.37834e-07
8.06994e-06
0.000538646
1.59669e-07
8.24161e-06
0.000598832
1.36187e-07
8.3854e-06
0.000646736
1.07341e-07
8.4508e-06
0.000680072
3.5542e-08
8.47028e-06
0.000697179
-1.23327e-07
8.42408e-06
0.000697173
-2.44811e-07
8.43462e-06
0.000680059
-2.6356e-07
8.41575e-06
0.000646733
-2.00768e-07
8.29789e-06
0.000598825
8.05537e-06
0.000538637
1.83403e-07
7.1755e-06
0.000496003
2.30257e-07
7.24789e-06
0.000554609
2.05403e-07
7.30805e-06
0.000601222
1.30779e-07
7.32135e-06
0.000633607
2.48328e-08
7.31798e-06
0.000650205
-1.33545e-07
7.32356e-06
0.000650202
-2.49636e-07
7.34666e-06
0.000633599
-2.58442e-07
7.32239e-06
0.000601215
-1.66513e-07
7.26148e-06
0.000554607
7.15451e-06
0.000496
1.85851e-07
6.10954e-06
0.000450734
2.34984e-07
6.16121e-06
0.000508568
2.14175e-07
6.16537e-06
0.000554372
1.22426e-07
6.165e-06
0.000586096
-3.68039e-09
6.15194e-06
0.000602318
-1.36748e-07
6.1649e-06
0.000602317
-2.33872e-07
6.19559e-06
0.000586092
-2.50477e-07
6.17661e-06
0.000554369
-1.71681e-07
6.1445e-06
0.000508567
6.09275e-06
0.000450733
1.79006e-07
5.05351e-06
0.000405027
2.43295e-07
5.09519e-06
0.000462295
2.16112e-07
5.07656e-06
0.000507412
1.18449e-07
5.06908e-06
0.000538546
-1.99441e-08
5.05798e-06
0.000554431
-1.48838e-07
5.06185e-06
0.000554431
-2.32886e-07
5.08578e-06
0.000538543
-2.59018e-07
5.08718e-06
0.000507411
-1.97826e-07
5.08037e-06
0.000462294
5.04534e-06
0.000405025
1.7545e-07
4.06938e-06
0.000359265
2.52313e-07
4.09331e-06
0.000416035
2.23703e-07
4.07327e-06
0.000460511
1.2617e-07
4.06256e-06
0.000491084
-1.59219e-08
4.0605e-06
0.000506652
-1.54947e-07
4.06136e-06
0.00050665
-2.41217e-07
4.06839e-06
0.000491083
-2.63298e-07
4.0779e-06
0.00046051
-2.02241e-07
4.09387e-06
0.000416034
4.07165e-06
0.000359263
1.78774e-07
3.17968e-06
0.000313531
2.57942e-07
3.18361e-06
0.000369832
2.31251e-07
3.16849e-06
0.00041369
1.30879e-07
3.16336e-06
0.000443721
-6.43995e-09
3.16425e-06
0.000458978
-1.43371e-07
3.16457e-06
0.000458977
-2.41185e-07
3.16693e-06
0.000443721
-2.72498e-07
3.17803e-06
0.000413689
-2.03497e-07
3.19492e-06
0.00036983
3.18397e-06
0.000313529
1.89368e-07
0.000267841
2.6712e-07
0.000323688
2.35079e-07
0.00036694
1.34076e-07
0.000396439
-8.16138e-10
0.00041139
-1.38017e-07
0.00041139
-2.42815e-07
0.000396439
-2.75628e-07
0.00036694
-1.98729e-07
0.000323686
0.000267839
1.51193e-07
5.11245e-07
0.000479355
1.86802e-07
8.64907e-07
0.00052666
1.25332e-07
1.23691e-06
0.000565168
-1.48851e-09
1.52159e-06
0.00059264
-7.1126e-08
1.62076e-06
0.000606995
-7.3887e-09
1.55883e-06
0.000607088
5.48109e-08
1.49255e-06
0.000592585
7.95249e-08
1.28544e-06
0.000564928
9.12121e-08
8.55886e-07
0.000526738
4.7194e-07
0.000479512
-1.91693e-08
4.78959e-06
0.00056584
1.41988e-08
5.66714e-06
0.000628939
3.13392e-08
6.34507e-06
0.000680369
2.91087e-09
6.82335e-06
0.000716748
-4.67007e-08
6.99214e-06
0.000735566
-2.42458e-09
6.82856e-06
0.000735589
5.12121e-08
6.7136e-06
0.000716786
6.54192e-08
6.39883e-06
0.00068039
5.53232e-08
5.68425e-06
0.000628944
4.81504e-06
0.000565826
3.40014e-08
7.60662e-06
0.000566135
7.55761e-08
8.14266e-06
0.000629901
6.66831e-08
8.50153e-06
0.000680861
4.20452e-08
8.72119e-06
0.000716382
-2.91909e-09
8.76231e-06
0.000734617
-9.43141e-08
8.64026e-06
0.000734624
-1.5929e-07
8.64823e-06
0.000716378
-1.75783e-07
8.56003e-06
0.000680875
-1.81446e-07
8.2103e-06
0.000629878
7.62661e-06
0.000566113
1.3237e-07
7.83102e-06
0.000538299
1.65196e-07
8.01283e-06
0.000598929
1.40645e-07
8.13732e-06
0.000647125
1.14985e-07
8.17567e-06
0.000680643
4.01858e-08
8.17784e-06
0.000697838
-1.35602e-07
8.15227e-06
0.000697836
-2.62935e-07
8.20146e-06
0.000680633
-2.94199e-07
8.19767e-06
0.000647126
-2.55327e-07
8.08251e-06
0.000598914
7.81319e-06
0.000538288
1.92199e-07
7.02163e-06
0.00049663
2.4649e-07
7.08932e-06
0.000555478
2.11419e-07
7.14201e-06
0.000602253
1.28337e-07
7.12399e-06
0.000634742
1.0285e-08
7.10982e-06
0.000651391
-1.62306e-07
7.13788e-06
0.000651389
-2.80633e-07
7.18277e-06
0.000634736
-2.90175e-07
7.17541e-06
0.000602246
-1.87327e-07
7.11581e-06
0.000555471
6.99422e-06
0.000496627
1.94884e-07
5.99721e-06
0.000451559
2.50771e-07
6.03798e-06
0.000509563
2.21202e-07
6.04977e-06
0.000555494
1.13556e-07
6.02679e-06
0.000587301
-3.14898e-08
6.00616e-06
0.000603566
-1.72202e-07
6.03129e-06
0.000603565
-2.61362e-07
6.06521e-06
0.000587298
-2.68441e-07
6.06189e-06
0.00055549
-1.72466e-07
6.02554e-06
0.000509562
5.97596e-06
0.000451556
1.85587e-07
4.9686e-06
0.000405852
2.48927e-07
5.00251e-06
0.000463267
2.23163e-07
4.98941e-06
0.000508498
1.15816e-07
4.97174e-06
0.000539708
-3.38755e-08
4.95459e-06
0.000555633
-1.6408e-07
4.96089e-06
0.000555631
-2.45755e-07
4.98385e-06
0.000539706
-2.60864e-07
4.99213e-06
0.000508496
-1.9373e-07
4.98554e-06
0.000463267
4.96099e-06
0.000405849
1.85025e-07
3.99857e-06
0.000360031
2.6418e-07
4.0209e-06
0.000416937
2.38977e-07
4.00574e-06
0.000461519
1.32556e-07
3.9977e-06
0.000492165
-1.67589e-08
3.98798e-06
0.000507768
-1.5455e-07
3.98234e-06
0.000507767
-2.40577e-07
3.9893e-06
0.000492164
-2.5822e-07
4.00175e-06
0.000461518
-1.99503e-07
4.02376e-06
0.000416937
4.01028e-06
0.000360029
1.88097e-07
3.11873e-06
0.000314213
2.70087e-07
3.12552e-06
0.000370645
2.46088e-07
3.11604e-06
0.000414603
1.47023e-07
3.11511e-06
0.000444702
7.96183e-09
3.11177e-06
0.000459993
-1.32249e-07
3.10702e-06
0.000459993
-2.34442e-07
3.11032e-06
0.000444702
-2.68749e-07
3.12246e-06
0.000414602
-2.06642e-07
3.14828e-06
0.000370643
3.13538e-06
0.000314212
1.96404e-07
0.00026843
2.74032e-07
0.000324402
2.43189e-07
0.000367752
1.45018e-07
0.000397314
1.07814e-08
0.000412298
-1.28265e-07
0.000412298
-2.3421e-07
0.000397315
-2.6876e-07
0.000367751
-1.94131e-07
0.000324401
0.000268429
1.54667e-07
4.80614e-07
0.000478724
1.9696e-07
6.97487e-07
0.00052592
1.16506e-07
9.32995e-07
0.000564315
-1.37858e-09
1.11362e-06
0.000591644
-4.09571e-08
1.17133e-06
0.000605864
4.71947e-08
1.14613e-06
0.000605854
1.0616e-07
1.13814e-06
0.000591388
5.61277e-08
1.03654e-06
0.000563942
3.62165e-08
7.0255e-07
0.000526055
4.22949e-07
0.000478947
-1.79214e-08
4.31861e-06
0.000561989
1.27526e-08
5.10285e-06
0.000624503
2.22794e-08
5.70693e-06
0.000675585
-4.59593e-09
6.12159e-06
0.000711767
-4.08852e-08
6.25996e-06
0.000730514
5.71765e-09
6.15636e-06
0.000730532
4.50969e-08
6.09167e-06
0.000711793
6.78288e-08
5.8065e-06
0.000675598
8.72691e-08
5.10221e-06
0.000624524
4.31708e-06
0.000561962
3.20213e-08
7.18077e-06
0.000563209
6.91654e-08
7.76723e-06
0.0006272
6.6815e-08
8.10487e-06
0.000678466
4.91074e-08
8.2867e-06
0.000714234
-3.09715e-09
8.32214e-06
0.000732607
-1.15826e-07
8.28191e-06
0.000732612
-1.98987e-07
8.32474e-06
0.000714228
-1.93555e-07
8.19762e-06
0.000678478
-1.7517e-07
7.78712e-06
0.000627175
7.19442e-06
0.000563176
1.34137e-07
7.61047e-06
0.000537724
1.78445e-07
7.8285e-06
0.000598824
1.46204e-07
7.92985e-06
0.000647332
9.86503e-08
7.92907e-06
0.000681048
1.16016e-08
7.91406e-06
0.000698333
-1.58093e-07
7.95192e-06
0.000698336
-2.75949e-07
8.03375e-06
0.000681042
-3.00516e-07
8.01139e-06
0.000647337
-2.80544e-07
7.88001e-06
0.000598801
7.6076e-06
0.000537711
1.95312e-07
6.89072e-06
0.000497162
2.65661e-07
6.96694e-06
0.000556269
2.25933e-07
7.00755e-06
0.000603215
1.14775e-07
6.96841e-06
0.000635813
-3.7448e-08
6.94474e-06
0.000652513
-1.93503e-07
6.98553e-06
0.000652511
-2.81529e-07
7.04696e-06
0.000635811
-3.01914e-07
7.06737e-06
0.000603211
-2.12569e-07
7.00504e-06
0.000556257
6.87117e-06
0.000497159
2.11435e-07
5.90594e-06
0.00045234
2.78323e-07
5.9424e-06
0.000510521
2.35704e-07
5.96476e-06
0.000556579
1.15306e-07
5.91956e-06
0.00058847
-4.43926e-08
5.89167e-06
0.000604779
-1.90401e-07
5.91998e-06
0.000604776
-2.71451e-07
5.95653e-06
0.00058847
-2.7348e-07
5.98441e-06
0.000556575
-1.73779e-07
5.94998e-06
0.000510517
5.89687e-06
0.000452336
2.04841e-07
4.89963e-06
0.000406652
2.68996e-07
4.9305e-06
0.000464215
2.41029e-07
4.93099e-06
0.00050956
1.24276e-07
4.89907e-06
0.000540845
-3.69007e-08
4.87577e-06
0.00055681
-1.7489e-07
4.88168e-06
0.000556808
-2.57991e-07
4.90138e-06
0.000540845
-2.6558e-07
4.93138e-06
0.000509556
-1.90792e-07
4.92762e-06
0.000464215
4.9082e-06
0.000406648
1.93035e-07
3.9462e-06
0.000360779
2.71225e-07
3.96773e-06
0.000417822
2.5033e-07
3.96155e-06
0.00046251
1.39402e-07
3.94787e-06
0.000493227
-1.21165e-08
3.92925e-06
0.000508866
-1.5054e-07
3.92138e-06
0.000508866
-2.46528e-07
3.93514e-06
0.000493226
-2.6431e-07
3.95912e-06
0.000462508
-2.00355e-07
3.97868e-06
0.000417822
3.97123e-06
0.000360777
1.96712e-07
3.07443e-06
0.000314883
2.78048e-07
3.08638e-06
0.000371445
2.556e-07
3.08381e-06
0.000415504
1.55672e-07
3.07977e-06
0.00044567
1.2034e-08
3.07137e-06
0.000460995
-1.32689e-07
3.06417e-06
0.000460995
-2.36654e-07
3.07163e-06
0.000445669
-2.65378e-07
3.08759e-06
0.000415502
-2.02178e-07
3.11489e-06
0.000371444
3.10781e-06
0.000314883
2.02238e-07
0.000269009
2.7942e-07
0.000325107
2.49706e-07
0.000368553
1.50919e-07
0.00039818
1.46397e-08
0.000413196
-1.27679e-07
0.000413196
-2.34903e-07
0.00039818
-2.68427e-07
0.000368552
-1.93791e-07
0.000325106
0.000269009
1.50671e-07
4.95123e-07
0.000478072
1.85533e-07
6.20485e-07
0.000525265
1.07588e-07
7.48775e-07
0.000563644
3.97727e-08
8.38005e-07
0.000590874
5.1533e-08
8.76332e-07
0.000604976
1.50275e-07
8.88205e-07
0.000604867
1.6822e-07
9.40284e-07
0.00059043
2.12105e-08
8.9152e-07
0.000563197
-3.91243e-08
6.30155e-07
0.000525485
4.18332e-07
0.000478333
-1.11823e-08
3.91183e-06
0.000558546
2.20567e-08
4.61783e-06
0.000620472
2.61845e-08
5.15812e-06
0.000671172
8.53482e-09
5.50069e-06
0.000707122
1.21561e-08
5.61362e-06
0.000725773
5.61109e-08
5.59952e-06
0.000725777
6.30867e-08
5.59536e-06
0.000707131
7.45512e-08
5.2989e-06
0.000671179
1.03906e-07
4.61944e-06
0.000620506
3.88807e-06
0.000558511
2.91994e-08
6.74804e-06
0.000560291
6.51964e-08
7.39214e-06
0.000624389
7.27839e-08
7.7286e-06
0.000675888
6.95593e-08
7.86924e-06
0.000711869
1.41106e-08
7.91706e-06
0.000730359
-1.24594e-07
7.99606e-06
0.000730354
-2.09454e-07
8.05391e-06
0.000711855
-1.86001e-07
7.85544e-06
0.000675898
-1.49773e-07
7.39298e-06
0.000624365
6.75583e-06
0.000560253
1.37471e-07
7.38486e-06
0.000536922
1.92583e-07
7.6495e-06
0.000598511
1.61394e-07
7.73716e-06
0.000647355
8.29551e-08
7.71127e-06
0.000681285
-3.11883e-08
7.70045e-06
0.000698664
-1.70319e-07
7.80474e-06
0.000698667
-2.58366e-07
7.90328e-06
0.000681281
-2.86494e-07
7.85997e-06
0.000647361
-2.70752e-07
7.69406e-06
0.000598484
7.40092e-06
0.00053691
1.99083e-07
6.75895e-06
0.000497596
2.84525e-07
6.85362e-06
0.00055698
2.45333e-07
6.88344e-06
0.000604108
1.07024e-07
6.83997e-06
0.000636823
-7.325e-08
6.81914e-06
0.000653574
-2.05354e-07
6.87455e-06
0.000653574
-2.66526e-07
6.95191e-06
0.000636823
-2.91082e-07
6.98976e-06
0.000604106
-2.13929e-07
6.90912e-06
0.000556965
6.76577e-06
0.000497593
2.27317e-07
5.81473e-06
0.000453081
3.00107e-07
5.85981e-06
0.000511442
2.49389e-07
5.88271e-06
0.000557631
1.18869e-07
5.83265e-06
0.000589608
-5.29494e-08
5.80963e-06
0.00060596
-1.96559e-07
5.83726e-06
0.000605957
-2.70792e-07
5.88607e-06
0.00058961
-2.71977e-07
5.93833e-06
0.000557627
-1.81864e-07
5.89913e-06
0.000511437
5.83027e-06
0.000453077
2.17701e-07
4.83994e-06
0.000407428
2.84215e-07
4.86743e-06
0.000465141
2.51829e-07
4.87536e-06
0.000510599
1.309e-07
4.83752e-06
0.000541961
-3.14592e-08
4.81532e-06
0.000557966
-1.77135e-07
4.82598e-06
0.000557965
-2.64164e-07
4.85583e-06
0.000541962
-2.68933e-07
4.90247e-06
0.000510597
-1.92257e-07
4.89656e-06
0.000465141
4.85877e-06
0.000407424
2.10366e-07
3.90688e-06
0.000361513
2.72496e-07
3.93541e-06
0.000418692
2.48616e-07
3.92432e-06
0.000463485
1.37309e-07
3.9018e-06
0.000494274
-1.39049e-08
3.88281e-06
0.000509949
-1.55915e-07
3.88362e-06
0.00050995
-2.5719e-07
3.9099e-06
0.000494273
-2.72087e-07
3.9416e-06
0.000463484
-2.00281e-07
3.95477e-06
0.000418692
3.92917e-06
0.000361511
2.00443e-07
3.04867e-06
0.000315543
2.7764e-07
3.06881e-06
0.000372234
2.51793e-07
3.0608e-06
0.000416393
1.44348e-07
3.05198e-06
0.000446628
-2.64615e-09
3.03884e-06
0.000461986
-1.46368e-07
3.03591e-06
0.000461986
-2.47924e-07
3.05453e-06
0.000446626
-2.69517e-07
3.07344e-06
0.000416392
-1.98698e-07
3.09364e-06
0.000372234
3.07548e-06
0.000315543
1.99043e-07
0.000269581
2.76964e-07
0.000325804
2.47056e-07
0.000369346
1.4567e-07
0.000399038
4.05371e-09
0.000414086
-1.41353e-07
0.000414086
-2.44727e-07
0.000399037
-2.72233e-07
0.000369345
-1.94968e-07
0.000325805
0.000269582
1.45816e-07
5.23024e-07
0.000477379
1.78276e-07
5.88582e-07
0.000524644
1.43114e-07
6.39926e-07
0.00056304
1.45541e-07
6.7279e-07
0.000590199
1.94139e-07
7.15092e-07
0.000604212
2.56834e-07
7.62253e-07
0.000604042
1.90811e-07
8.53849e-07
0.000589642
-1.86258e-08
8.00038e-07
0.000562607
-7.92905e-08
5.80226e-07
0.000524966
4.26037e-07
0.000477673
1.03968e-08
3.55129e-06
0.000555472
4.31956e-08
4.19072e-06
0.000616837
4.8893e-08
4.6725e-06
0.000667133
5.5906e-08
4.95694e-06
0.000702831
9.70897e-08
5.08734e-06
0.00072136
1.22686e-07
5.16766e-06
0.000721346
1.01353e-07
5.18455e-06
0.000702822
9.28617e-08
4.84656e-06
0.000667141
9.24847e-08
4.21069e-06
0.000616876
3.50919e-06
0.00055544
3.64001e-08
6.30862e-06
0.00055744
7.47439e-08
6.99928e-06
0.000621543
8.81672e-08
7.35406e-06
0.000673193
8.62403e-08
7.48762e-06
0.00070934
3.35567e-08
7.57923e-06
0.00072792
-1.06076e-07
7.75922e-06
0.000727902
-1.73421e-07
7.7928e-06
0.000709314
-1.4091e-07
7.51546e-06
0.000673197
-1.17927e-07
7.03083e-06
0.000621522
6.30892e-06
0.000557408
1.42047e-07
7.14301e-06
0.000535904
2.10529e-07
7.45526e-06
0.000597987
1.82476e-07
7.54833e-06
0.000647189
7.6086e-08
7.53286e-06
0.000681346
-7.30803e-08
7.56484e-06
0.000698827
-1.82413e-07
7.71206e-06
0.000698823
-2.35671e-07
7.78749e-06
0.000681339
-2.64028e-07
7.71384e-06
0.000647191
-2.28862e-07
7.5212e-06
0.000597958
7.17148e-06
0.000535896
2.02485e-07
6.61931e-06
0.000497923
2.9902e-07
6.73334e-06
0.000557605
2.58928e-07
6.76788e-06
0.000604928
9.91573e-08
6.74786e-06
0.000637768
-9.24193e-08
6.75506e-06
0.000654576
-2.01e-07
6.81929e-06
0.000654575
-2.49818e-07
6.88996e-06
0.00063777
-2.73647e-07
6.91697e-06
0.000604926
-2.00669e-07
6.82076e-06
0.000557592
6.64724e-06
0.000497924
2.3027e-07
5.72145e-06
0.00045378
3.06888e-07
5.77212e-06
0.000512326
2.56471e-07
5.80009e-06
0.000558649
1.20635e-07
5.77559e-06
0.000590716
-5.05256e-08
5.77422e-06
0.000607112
-1.80321e-07
5.7963e-06
0.00060711
-2.47127e-07
5.84734e-06
0.000590719
-2.52737e-07
5.90166e-06
0.000558648
-1.73575e-07
5.85513e-06
0.000512323
5.75734e-06
0.000453778
2.21961e-07
4.78152e-06
0.000408183
2.7636e-07
4.81226e-06
0.000466046
2.37308e-07
4.82014e-06
0.000511618
1.2354e-07
4.79205e-06
0.000543059
-2.06983e-08
4.78043e-06
0.000559104
-1.6277e-07
4.79913e-06
0.000559104
-2.53737e-07
4.83959e-06
0.000543061
-2.59865e-07
4.88559e-06
0.000511619
-1.90468e-07
4.87977e-06
0.000466047
4.80868e-06
0.000408179
2.11297e-07
3.87689e-06
0.000362232
2.57255e-07
3.90953e-06
0.000419549
2.25909e-07
3.89006e-06
0.000464446
1.1937e-07
3.86513e-06
0.000495308
-2.28031e-08
3.85112e-06
0.000511021
-1.61715e-07
3.86617e-06
0.000511022
-2.62473e-07
3.90544e-06
0.000495308
-2.79516e-07
3.93892e-06
0.000464447
-1.98149e-07
3.94127e-06
0.000419549
3.89185e-06
0.000362231
1.99514e-07
3.0354e-06
0.000316194
2.69999e-07
3.05885e-06
0.000373015
2.36005e-07
3.04419e-06
0.000417273
1.23025e-07
3.03008e-06
0.000447576
-2.38503e-08
3.01557e-06
0.000462968
-1.61699e-07
3.02165e-06
0.000462969
-2.55186e-07
3.05055e-06
0.000447575
-2.69009e-07
3.07195e-06
0.000417273
-1.90537e-07
3.08139e-06
0.000373016
3.05326e-06
0.000316194
1.8811e-07
0.000270147
2.64827e-07
0.000326495
2.35003e-07
0.000370133
1.28834e-07
0.00039989
-1.91637e-08
0.00041497
-1.63139e-07
0.00041497
-2.56256e-07
0.000399889
-2.72483e-07
0.000370132
-1.91119e-07
0.000326497
0.000270149
1.54465e-07
5.53223e-07
0.000476648
1.81413e-07
5.90608e-07
0.000524026
2.08137e-07
5.91067e-07
0.000562422
2.62583e-07
5.96304e-07
0.000589548
3.29798e-07
6.41271e-07
0.000603503
3.39758e-07
7.03478e-07
0.000603329
1.71002e-07
8.15355e-07
0.000588995
-7.68381e-08
7.58773e-07
0.000562096
-1.02437e-07
5.41005e-07
0.00052445
4.27619e-07
0.000477002
5.30413e-08
3.22715e-06
0.000552731
8.10714e-08
3.82453e-06
0.000613575
8.7093e-08
4.2599e-06
0.000663459
1.10693e-07
4.51088e-06
0.000698893
1.64409e-07
4.66987e-06
0.000717277
1.61504e-07
4.80203e-06
0.00071725
1.22438e-07
4.81033e-06
0.000698866
9.27658e-08
4.46056e-06
0.000663469
5.31275e-08
3.84448e-06
0.000613612
3.17435e-06
0.000552714
3.97393e-08
5.86521e-06
0.000554699
1.00416e-07
6.58673e-06
0.00061872
1.22096e-07
6.98808e-06
0.000670443
1.06542e-07
7.1671e-06
0.000706699
3.79863e-08
7.31871e-06
0.00072534
-9.17106e-08
7.52154e-06
0.000725312
-1.3681e-07
7.50549e-06
0.000706664
-9.55091e-08
7.18232e-06
0.000670434
-8.38783e-08
6.64897e-06
0.000618706
5.88233e-06
0.00055468
1.45443e-07
6.88003e-06
0.00053469
2.25218e-07
7.24479e-06
0.000597249
1.9936e-07
7.37576e-06
0.000646827
8.86239e-08
7.4018e-06
0.000681222
-8.3445e-08
7.50179e-06
0.000698816
-2.06769e-07
7.66321e-06
0.000698805
-2.47439e-07
7.67417e-06
0.000681211
-2.57783e-07
7.56101e-06
0.000646823
-1.91539e-07
7.31753e-06
0.000597224
6.93517e-06
0.000534684
1.9971e-07
6.46644e-06
0.000498134
2.99618e-07
6.6119e-06
0.000558138
2.58682e-07
6.67319e-06
0.000605672
8.80539e-08
6.69783e-06
0.000638642
-9.68479e-08
6.74887e-06
0.000655513
-1.86629e-07
6.81502e-06
0.000655513
-2.36431e-07
6.84903e-06
0.000638644
-2.48416e-07
6.8292e-06
0.00060567
-1.73862e-07
6.70317e-06
0.000558132
6.53395e-06
0.000498138
2.0645e-07
5.6287e-06
0.000454434
2.85375e-07
5.68544e-06
0.000513174
2.49783e-07
5.72417e-06
0.000559634
1.19738e-07
5.75031e-06
0.000591793
-3.43277e-08
5.78052e-06
0.000608235
-1.42576e-07
5.79782e-06
0.000608235
-2.03389e-07
5.8312e-06
0.000591798
-2.12028e-07
5.84892e-06
0.000559637
-1.55084e-07
5.79362e-06
0.000513176
5.69848e-06
0.000454437
2.09062e-07
4.72706e-06
0.000408915
2.4564e-07
4.76291e-06
0.000466932
2.03916e-07
4.76618e-06
0.000512618
1.09399e-07
4.76527e-06
0.000544138
-1.09241e-08
4.78016e-06
0.000560225
-1.36441e-07
4.80146e-06
0.000560226
-2.24357e-07
4.8378e-06
0.000544142
-2.42256e-07
4.86273e-06
0.000512623
-1.87131e-07
4.85137e-06
0.000466934
4.7766e-06
0.000408914
2.02974e-07
3.85025e-06
0.000362939
2.38252e-07
3.88293e-06
0.000420393
1.92192e-07
3.86309e-06
0.000465395
9.5793e-08
3.84014e-06
0.000496329
-2.35998e-08
3.83929e-06
0.000512081
-1.50893e-07
3.86834e-06
0.000512082
-2.42563e-07
3.90588e-06
0.000496331
-2.65404e-07
3.93325e-06
0.0004654
-1.96089e-07
3.9368e-06
0.000420394
3.87604e-06
0.000362938
1.9171e-07
3.02892e-06
0.000316836
2.51119e-07
3.05177e-06
0.000373786
2.10295e-07
3.03281e-06
0.000418144
9.7239e-08
3.01361e-06
0.000448515
-4.56399e-08
3.00735e-06
0.000463943
-1.73038e-07
3.02102e-06
0.000463943
-2.54973e-07
3.04678e-06
0.000448516
-2.62554e-07
3.06807e-06
0.000418146
-1.75324e-07
3.07665e-06
0.000373788
3.0501e-06
0.000316837
1.76293e-07
0.000270707
2.48313e-07
0.00032718
2.16549e-07
0.000370914
1.04635e-07
0.000400736
-4.26566e-08
0.000415849
-1.78462e-07
0.000415849
-2.64137e-07
0.000400735
-2.71162e-07
0.000370914
-1.7996e-07
0.000327183
0.000270709
1.93147e-07
5.72452e-07
0.000475893
2.20609e-07
6.11978e-07
0.000523387
2.88984e-07
5.9487e-07
0.000561759
3.52592e-07
5.85061e-07
0.000588899
4.11218e-07
6.16532e-07
0.000602828
3.59034e-07
6.77317e-07
0.000602704
8.95952e-08
8.01328e-07
0.000588464
-1.81862e-07
7.45925e-07
0.000561621
-1.4359e-07
4.99413e-07
0.000523913
4.11398e-07
0.000476341
9.08905e-08
2.92673e-06
0.000550298
1.22775e-07
3.50017e-06
0.000610655
1.34593e-07
3.91681e-06
0.000660125
1.63673e-07
4.15581e-06
0.000695293
1.80436e-07
4.35048e-06
0.000713527
1.25961e-07
4.48262e-06
0.0007135
8.30501e-08
4.45385e-06
0.000695256
4.83711e-08
4.11025e-06
0.000660139
-1.18188e-09
3.47572e-06
0.000610685
2.854e-06
0.000550304
4.44246e-08
5.41951e-06
0.000552104
1.42539e-07
6.15437e-06
0.000615967
1.68832e-07
6.64227e-06
0.000667691
1.26306e-07
6.90056e-06
0.000703997
1.6915e-08
7.1265e-06
0.000722673
-1.10896e-07
7.2747e-06
0.000722648
-1.39376e-07
7.18475e-06
0.000703961
-8.8165e-08
6.82399e-06
0.000667669
-7.55812e-08
6.20614e-06
0.000615963
5.4464e-06
0.000552094
1.48547e-07
6.61067e-06
0.000533302
2.34049e-07
7.01461e-06
0.000596303
2.10615e-07
7.22764e-06
0.000646265
9.85974e-08
7.33142e-06
0.000680903
-7.76362e-08
7.49807e-06
0.000698621
-2.20439e-07
7.61383e-06
0.000698608
-2.67564e-07
7.55025e-06
0.000680893
-2.57381e-07
7.3807e-06
0.000646256
-1.77422e-07
7.06126e-06
0.000596288
6.67558e-06
0.000533295
1.80076e-07
6.32549e-06
0.000498216
2.69143e-07
6.49467e-06
0.000558569
2.27249e-07
6.60876e-06
0.000606332
7.04839e-08
6.68901e-06
0.000639441
-8.89155e-08
6.78694e-06
0.000656384
-1.77171e-07
6.8303e-06
0.000656385
-2.2482e-07
6.79804e-06
0.000639444
-2.13099e-07
6.70573e-06
0.000606333
-1.42729e-07
6.55053e-06
0.000558572
6.41549e-06
0.000498223
1.64984e-07
5.55441e-06
0.000455039
2.30136e-07
5.61966e-06
0.000513984
2.13946e-07
5.67411e-06
0.000560585
1.01824e-07
5.75477e-06
0.00059284
-1.40119e-08
5.80983e-06
0.000609328
-9.35454e-08
5.81344e-06
0.000609332
-1.55661e-07
5.81264e-06
0.000592845
-1.73321e-07
5.76763e-06
0.000560593
-1.38981e-07
5.70064e-06
0.000513992
5.64297e-06
0.000455047
1.84784e-07
4.68613e-06
0.000409624
2.11768e-07
4.72568e-06
0.000467799
1.73211e-07
4.73082e-06
0.0005136
9.96665e-08
4.76548e-06
0.000545201
6.16488e-09
4.80014e-06
0.000561328
-1.02361e-07
4.81751e-06
0.00056133
-1.84811e-07
4.83147e-06
0.000545206
-2.19428e-07
4.81697e-06
0.000513609
-1.85578e-07
4.79864e-06
0.000467802
4.74496e-06
0.000409626
1.93079e-07
3.82906e-06
0.000363632
2.22064e-07
3.864e-06
0.000421226
1.67603e-07
3.84759e-06
0.000466333
8.55388e-08
3.83692e-06
0.00049734
-1.33305e-08
3.85024e-06
0.00051313
-1.26695e-07
3.88223e-06
0.000513131
-2.08162e-07
3.90073e-06
0.000497344
-2.36133e-07
3.90505e-06
0.00046634
-1.80438e-07
3.9101e-06
0.000421227
3.86324e-06
0.000363632
1.76349e-07
3.02785e-06
0.00031747
2.22468e-07
3.05423e-06
0.00037455
1.77845e-07
3.02903e-06
0.000419007
7.56174e-08
3.0076e-06
0.000449447
-4.88647e-08
3.00736e-06
0.00046491
-1.59267e-07
3.02512e-06
0.000464911
-2.32955e-07
3.04067e-06
0.000449449
-2.43882e-07
3.05119e-06
0.000419011
-1.58173e-07
3.06012e-06
0.000374553
3.04507e-06
0.000317471
1.55226e-07
0.000271262
2.27539e-07
0.00032786
1.99175e-07
0.000371689
9.10483e-08
0.000401577
-4.8589e-08
0.000416722
-1.73216e-07
0.000416723
-2.52443e-07
0.000401577
-2.58299e-07
0.00037169
-1.65326e-07
0.000327863
0.000271264
1.99164e-07
5.68383e-07
0.00047515
2.39522e-07
6.36548e-07
0.00052271
3.22764e-07
6.14476e-07
0.000561061
3.70854e-07
6.01585e-07
0.00058825
3.71659e-07
6.31884e-07
0.000602195
2.46263e-07
6.75145e-07
0.000602154
-5.83544e-08
7.667e-07
0.000588001
-3.02316e-07
7.17832e-07
0.000561147
-1.89422e-07
4.49673e-07
0.00052335
3.8413e-07
0.000475697
7.63426e-08
2.65273e-06
0.00054815
1.28513e-07
3.1974e-06
0.000608042
1.5523e-07
3.60478e-06
0.000657108
1.80092e-07
3.85792e-06
0.000692012
1.39321e-07
4.1003e-06
0.000710099
4.08879e-08
4.18214e-06
0.000710091
-2.69917e-09
4.08885e-06
0.000691978
-2.71882e-08
3.75547e-06
0.000657126
-6.19208e-08
3.09933e-06
0.00060807
2.53668e-06
0.000548177
6.83655e-08
4.99571e-06
0.000549671
1.82989e-07
5.73294e-06
0.000613317
1.87479e-07
6.31432e-06
0.000664977
1.10611e-07
6.65022e-06
0.000701282
-2.25181e-08
6.93154e-06
0.000719975
-1.45176e-07
6.9874e-06
0.000719965
-1.67349e-07
6.81453e-06
0.000701258
-1.11678e-07
6.41483e-06
0.000664954
-9.81594e-08
5.71851e-06
0.00061333
4.98754e-06
0.000549665
1.44664e-07
6.35896e-06
0.000531764
2.31217e-07
6.78629e-06
0.000595163
1.99925e-07
7.10778e-06
0.000645503
7.21637e-08
7.29702e-06
0.000680384
-9.21246e-08
7.48333e-06
0.000698233
-2.29543e-07
7.50465e-06
0.000698228
-2.79199e-07
7.37316e-06
0.000680384
-2.51549e-07
7.14619e-06
0.000645497
-1.84839e-07
6.77076e-06
0.00059517
6.38481e-06
0.00053176
1.49957e-07
6.22016e-06
0.000498157
2.12386e-07
6.405e-06
0.000558888
1.75551e-07
6.575e-06
0.000606902
5.25803e-08
6.70202e-06
0.000640159
-5.70979e-08
6.79596e-06
0.000657181
-1.4986e-07
6.79817e-06
0.000657184
-2.04504e-07
6.70532e-06
0.000640167
-1.81833e-07
6.54805e-06
0.000606909
-1.25073e-07
6.38528e-06
0.000558901
6.28071e-06
0.000498166
1.29961e-07
5.50351e-06
0.000455589
1.70177e-07
5.59496e-06
0.000514753
1.68408e-07
5.66052e-06
0.000561501
9.03623e-08
5.76646e-06
0.000593853
6.91256e-09
5.81678e-06
0.00061039
-5.94547e-08
5.80006e-06
0.000610396
-1.24557e-07
5.75577e-06
0.00059386
-1.54191e-07
5.65739e-06
0.000561513
-1.33883e-07
5.59131e-06
0.000514765
5.56874e-06
0.0004556
1.5127e-07
4.65895e-06
0.000410309
1.86125e-07
4.71291e-06
0.000468646
1.59614e-07
4.72318e-06
0.000514564
1.03205e-07
4.77764e-06
0.000546246
2.2358e-08
4.81311e-06
0.000562413
-7.64194e-08
4.81341e-06
0.000562416
-1.58265e-07
4.79265e-06
0.000546251
-2.02295e-07
4.73638e-06
0.000514574
-1.79557e-07
4.72047e-06
0.00046865
4.69956e-06
0.000410314
1.70875e-07
3.81849e-06
0.000364311
2.07075e-07
3.85675e-06
0.000422046
1.5742e-07
3.84658e-06
0.000467259
8.87932e-08
3.84698e-06
0.000498339
-3.17448e-10
3.86562e-06
0.000514166
-1.06784e-07
3.88384e-06
0.000514167
-1.84282e-07
3.87039e-06
0.000498343
-2.23544e-07
3.84956e-06
0.000467266
-1.78992e-07
3.85619e-06
0.000422047
3.82695e-06
0.000364312
1.50059e-07
3.03573e-06
0.000318095
1.98328e-07
3.05319e-06
0.000375305
1.61081e-07
3.0283e-06
0.000419863
7.63704e-08
3.0079e-06
0.000450371
-2.91904e-08
3.01144e-06
0.00046587
-1.30233e-07
3.02549e-06
0.00046587
-2.0602e-07
3.02097e-06
0.000450375
-2.30551e-07
3.01821e-06
0.000419866
-1.53172e-07
3.02393e-06
0.000375308
3.0165e-06
0.000318096
1.37506e-07
0.000271812
2.12709e-07
0.000328534
1.92756e-07
0.000372459
9.70991e-08
0.000402411
-3.02887e-08
0.000417591
-1.43634e-07
0.000417591
-2.22137e-07
0.000402413
-2.37354e-07
0.00037246
-1.53442e-07
0.000328537
0.000271813
1.57034e-07
5.53665e-07
0.000474458
2.15383e-07
6.51084e-07
0.000522
2.73645e-07
6.40774e-07
0.000560362
2.83382e-07
6.30964e-07
0.000587609
1.95767e-07
6.52743e-07
0.00060163
5.56143e-09
6.83911e-07
0.00060166
-2.50121e-07
7.14875e-07
0.000587542
-3.91599e-07
6.56472e-07
0.000560632
-2.23134e-07
4.055e-07
0.000522776
3.43223e-07
0.000475069
3.11347e-08
2.41469e-06
0.000546253
1.00539e-07
2.92266e-06
0.000605701
1.33483e-07
3.33057e-06
0.000654385
1.2433e-07
3.61858e-06
0.000689033
2.92234e-08
3.85806e-06
0.000706989
-8.00373e-08
3.87798e-06
0.000707006
-1.19519e-07
3.7193e-06
0.000689013
-1.29726e-07
3.38434e-06
0.000654408
-1.09448e-07
2.71311e-06
0.000605742
2.20716e-06
0.000546301
7.95756e-08
4.62699e-06
0.000547404
1.81887e-07
5.34645e-06
0.000610791
1.70131e-07
5.9878e-06
0.000662332
6.72967e-08
6.40289e-06
0.0006986
-8.39084e-08
6.68404e-06
0.0007173
-1.92601e-07
6.6415e-06
0.00071731
-2.03491e-07
6.39032e-06
0.000698598
-1.42906e-07
5.9496e-06
0.000662328
-1.2128e-07
5.19299e-06
0.000610828
4.49825e-06
0.000547405
1.28241e-07
6.13725e-06
0.000530114
2.04776e-07
6.58199e-06
0.000593851
1.56299e-07
6.99035e-06
0.000644549
2.42234e-08
7.24575e-06
0.000679673
-1.1107e-07
7.3956e-06
0.000697657
-2.25235e-07
7.31801e-06
0.000697666
-2.67462e-07
7.12591e-06
0.00067969
-2.26499e-07
6.84945e-06
0.000644556
-1.88744e-07
6.44264e-06
0.000593882
6.05367e-06
0.000530117
1.36744e-07
6.15512e-06
0.000497943
1.63184e-07
6.35769e-06
0.000559086
1.32197e-07
6.55221e-06
0.000607371
6.10646e-08
6.68562e-06
0.000640791
-5.83175e-10
6.74153e-06
0.000657897
-8.91928e-08
6.68863e-06
0.000657902
-1.50483e-07
6.54936e-06
0.000640805
-1.528e-07
6.37542e-06
0.000607385
-1.32133e-07
6.21778e-06
0.000559105
6.12407e-06
0.000497951
1.0437e-07
5.4864e-06
0.000456077
1.34875e-07
5.60018e-06
0.00051548
1.3892e-07
5.66716e-06
0.000562382
9.14116e-08
5.75404e-06
0.000594833
3.05799e-08
5.77195e-06
0.000611421
-4.11901e-08
5.72959e-06
0.000611427
-1.156e-07
5.64427e-06
0.00059484
-1.52006e-07
5.53118e-06
0.000562394
-1.3757e-07
5.47801e-06
0.000515491
5.47323e-06
0.000456088
1.36088e-07
4.64217e-06
0.000410968
1.8844e-07
4.72095e-06
0.000469473
1.72364e-07
4.73672e-06
0.00051551
1.17268e-07
4.78249e-06
0.000547273
3.02099e-08
4.79349e-06
0.000563478
-6.82431e-08
4.76284e-06
0.000563481
-1.57145e-07
4.70761e-06
0.000547276
-2.0501e-07
4.63552e-06
0.000515517
-1.75494e-07
4.62276e-06
0.000469476
4.62676e-06
0.000410975
1.4347e-07
3.80216e-06
0.000364976
2.09658e-07
3.84722e-06
0.000422853
1.77723e-07
3.85307e-06
0.000468175
1.15332e-07
3.85694e-06
0.000499327
1.9679e-08
3.86532e-06
0.00051519
-9.52058e-08
3.8545e-06
0.00051519
-1.87875e-07
3.81326e-06
0.00049933
-2.39575e-07
3.77503e-06
0.000468178
-1.9788e-07
3.77521e-06
0.000422853
3.76142e-06
0.000364977
1.30255e-07
3.02754e-06
0.000318711
1.95572e-07
3.03476e-06
0.000376052
1.7855e-07
3.02187e-06
0.000420711
1.11112e-07
3.00872e-06
0.000451286
1.24826e-08
3.01287e-06
0.000466821
-9.7711e-08
3.01391e-06
0.000466821
-1.876e-07
2.98723e-06
0.000451291
-2.32667e-07
2.97338e-06
0.000420713
-1.73189e-07
2.97039e-06
0.000376053
2.95714e-06
0.00031871
1.4166e-07
0.000272355
2.20349e-07
0.000329203
2.0648e-07
0.000373222
1.21494e-07
0.00040324
6.67839e-09
0.000418453
-1.04091e-07
0.000418454
-1.9331e-07
0.000403243
-2.23444e-07
0.000373224
-1.54923e-07
0.000329204
0.000272354
1.1598e-07
5.21445e-07
0.000473847
1.60022e-07
6.57048e-07
0.000521299
1.61851e-07
6.57073e-07
0.000559703
1.07805e-07
6.75036e-07
0.000586988
-5.74752e-08
6.58934e-07
0.000601137
-2.71815e-07
6.78767e-07
0.000601196
-4.42781e-07
6.77119e-07
0.000587036
-4.52672e-07
5.82422e-07
0.00056006
-2.25026e-07
3.49923e-07
0.000522199
3.12793e-07
0.000474459
-5.50862e-08
2.21973e-06
0.000544565
2.79724e-08
2.67687e-06
0.000603598
6.92698e-08
3.06682e-06
0.000651934
2.87268e-08
3.41222e-06
0.000686337
-1.10503e-07
3.59963e-06
0.000704187
-2.16747e-07
3.57104e-06
0.00070422
-2.43386e-07
3.37797e-06
0.000686338
-2.09858e-07
2.99101e-06
0.000651966
-1.20725e-07
2.3273e-06
0.000603676
1.9234e-06
0.000544639
4.47082e-08
4.3036e-06
0.000545304
1.09196e-07
5.00108e-06
0.000608402
8.55694e-08
5.64144e-06
0.000659781
-3.33135e-09
6.1103e-06
0.000695991
-1.49961e-07
6.35601e-06
0.00071469
-2.37675e-07
6.25004e-06
0.000714719
-2.11116e-07
5.93563e-06
0.000696013
-1.37046e-07
5.43174e-06
0.000659813
-1.21517e-07
4.67362e-06
0.000608466
4.04622e-06
0.000545318
9.57845e-08
5.93063e-06
0.000528398
1.49903e-07
6.40329e-06
0.000592395
1.04036e-07
6.81895e-06
0.000643417
-9.53839e-09
7.11154e-06
0.000678786
-1.0308e-07
7.20424e-06
0.000696902
-1.70438e-07
7.05768e-06
0.000696926
-1.93798e-07
6.83026e-06
0.000678819
-1.80648e-07
6.53167e-06
0.000643443
-1.83504e-07
6.11431e-06
0.000592444
5.71332e-06
0.000528409
1.16712e-07
6.13108e-06
0.000497564
1.12432e-07
6.34124e-06
0.000559152
8.44287e-08
6.48673e-06
0.000607731
6.73556e-08
6.59111e-06
0.000641328
4.17173e-08
6.60368e-06
0.000658523
-3.66855e-08
6.50807e-06
0.00065853
-1.08396e-07
6.35914e-06
0.000641348
-1.51482e-07
6.20964e-06
0.00060775
-1.68173e-07
6.06418e-06
0.000559172
5.96138e-06
0.000497572
1.15961e-07
5.49373e-06
0.000456494
1.57803e-07
5.62138e-06
0.000516159
1.36624e-07
5.66518e-06
0.000563225
9.99008e-08
5.68446e-06
0.000595776
4.88439e-08
5.65802e-06
0.000612418
-4.63845e-08
5.60821e-06
0.000612422
-1.41695e-07
5.51134e-06
0.000595783
-1.84353e-07
5.41417e-06
0.000563232
-1.50807e-07
5.35967e-06
0.000516162
5.36397e-06
0.000456504
1.38251e-07
4.63879e-06
0.000411601
2.23079e-07
4.73174e-06
0.000470278
2.14596e-07
4.74485e-06
0.000516439
1.49432e-07
4.74195e-06
0.000548281
4.00205e-08
4.72064e-06
0.000564525
-7.12539e-08
4.67414e-06
0.000564526
-1.66223e-07
4.60123e-06
0.000548281
-2.11132e-07
4.53657e-06
0.00051644
-1.68836e-07
4.51623e-06
0.000470277
4.5441e-06
0.000411605
1.41661e-07
3.78631e-06
0.000365626
2.49912e-07
3.82981e-06
0.000423647
2.41617e-07
3.84925e-06
0.000469079
1.70216e-07
3.83704e-06
0.000500303
4.99132e-08
3.83038e-06
0.000516201
-8.10019e-08
3.79486e-06
0.0005162
-1.93953e-07
3.74052e-06
0.000500304
-2.56248e-07
3.69945e-06
0.000469077
-2.1651e-07
3.68434e-06
0.000423645
3.68938e-06
0.000365626
1.45083e-07
3.00093e-06
0.000319317
2.3503e-07
3.00189e-06
0.00037679
2.37036e-07
3.00711e-06
0.000421551
1.6849e-07
2.9979e-06
0.000452194
5.93327e-08
2.99769e-06
0.000467763
-7.05763e-08
2.98298e-06
0.000467763
-1.83255e-07
2.9469e-06
0.000452197
-2.45786e-07
2.92437e-06
0.000421551
-2.06427e-07
2.90882e-06
0.000376789
2.89364e-06
0.000319315
1.73445e-07
0.000272891
2.53012e-07
0.000329865
2.38803e-07
0.00037398
1.60561e-07
0.000404062
4.95779e-08
0.000419309
-7.31679e-08
0.00041931
-1.82289e-07
0.000404065
-2.30438e-07
0.000373981
-1.80265e-07
0.000329864
0.000272889
1.39812e-07
4.64772e-07
0.000473331
1.44302e-07
6.28049e-07
0.000520667
6.38547e-08
6.7538e-07
0.000559108
-4.43153e-08
6.98176e-07
0.000586398
-2.46408e-07
6.5265e-07
0.000600686
-4.34171e-07
6.47228e-07
0.000600736
-5.26998e-07
6.51255e-07
0.000586478
-4.56705e-07
5.3301e-07
0.000559456
-1.8808e-07
3.11377e-07
0.000521619
2.8305e-07
0.000473892
-1.44585e-07
2.02635e-06
0.000543049
-5.11511e-08
2.42664e-06
0.000601706
-3.84434e-10
2.82899e-06
0.00064973
-4.9596e-08
3.18377e-06
0.0006839
-1.88263e-07
3.30827e-06
0.00070167
-2.90002e-07
3.26396e-06
0.000701705
-3.12412e-07
3.0827e-06
0.000683929
-2.43013e-07
2.65557e-06
0.000649774
-9.83791e-08
2.00447e-06
0.000601838
1.70011e-06
0.000543146
-6.45854e-08
4.01036e-06
0.000543371
-3.96148e-08
4.64728e-06
0.000606157
-4.83545e-08
5.27255e-06
0.000657346
-1.05199e-07
5.74884e-06
0.000693483
-2.06172e-07
5.92785e-06
0.000712172
-2.52646e-07
5.81696e-06
0.000712212
-1.85356e-07
5.50403e-06
0.000693525
-9.5088e-08
4.96433e-06
0.000657414
-8.76699e-08
4.21653e-06
0.000606247
3.66395e-06
0.0005434
4.58802e-08
5.70662e-06
0.000526666
6.73857e-08
6.19464e-06
0.000590826
4.39014e-08
6.58921e-06
0.000642124
-2.69827e-08
6.87248e-06
0.000677733
-8.51827e-08
6.90885e-06
0.00069598
-1.08159e-07
6.75459e-06
0.000696011
-1.13367e-07
6.55431e-06
0.000677774
-1.22669e-07
6.24838e-06
0.000642168
-1.58477e-07
5.81474e-06
0.000590882
5.38456e-06
0.000526679
1.13719e-07
6.07765e-06
0.000497024
9.75425e-08
6.28906e-06
0.000559074
7.1706e-08
6.37331e-06
0.000607973
8.26636e-08
6.42505e-06
0.000641765
6.63405e-08
6.39655e-06
0.000659052
-1.0794e-08
6.30342e-06
0.000659058
-9.15448e-08
6.19778e-06
0.000641785
-1.69722e-07
6.08406e-06
0.000607993
-1.98824e-07
5.92827e-06
0.000559087
5.78577e-06
0.000497031
1.44468e-07
5.49259e-06
0.00045683
2.06283e-07
5.60815e-06
0.000516778
1.69455e-07
5.61125e-06
0.000564023
1.33553e-07
5.55594e-06
0.000596681
6.72122e-08
5.50363e-06
0.000613377
-5.3277e-08
5.46815e-06
0.000613378
-1.63849e-07
5.4044e-06
0.000596687
-2.14183e-07
5.34284e-06
0.000564023
-1.6111e-07
5.2643e-06
0.000516772
5.25894e-06
0.000456836
1.65946e-07
4.64058e-06
0.000412202
2.93007e-07
4.70158e-06
0.000471058
2.84399e-07
4.71272e-06
0.000517346
1.8738e-07
4.6661e-06
0.000549268
4.70289e-08
4.61726e-06
0.000565552
-8.65325e-08
4.57658e-06
0.000565551
-1.85873e-07
4.52013e-06
0.000549265
-2.21762e-07
4.47825e-06
0.00051734
-1.77445e-07
4.44462e-06
0.000471052
4.4699e-06
0.000412203
1.58242e-07
3.78297e-06
0.00036626
2.89094e-07
3.79237e-06
0.000424426
3.01046e-07
3.81136e-06
0.000469968
2.10386e-07
3.79431e-06
0.000501266
6.06407e-08
3.77025e-06
0.000517198
-8.23475e-08
3.72325e-06
0.000517197
-2.0154e-07
3.68024e-06
0.000501263
-2.59354e-07
3.65019e-06
0.000469963
-2.2321e-07
3.63074e-06
0.000424422
3.63992e-06
0.000366259
1.71387e-07
2.98362e-06
0.000319913
2.73418e-07
2.96289e-06
0.000377518
2.85479e-07
2.97019e-06
0.00042238
2.11843e-07
2.96928e-06
0.000453093
8.79636e-08
2.96234e-06
0.000468695
-6.17765e-08
2.94151e-06
0.000468694
-1.92321e-07
2.91494e-06
0.000453093
-2.59536e-07
2.88975e-06
0.000422378
-2.29702e-07
2.8746e-06
0.000377515
2.85733e-06
0.00031991
2.00439e-07
0.00027342
2.78286e-07
0.00033052
2.62629e-07
0.00037473
1.87249e-07
0.000404878
7.07427e-08
0.000420158
-6.70768e-08
0.000420158
-1.88403e-07
0.00040488
-2.53302e-07
0.000374731
-2.16302e-07
0.000330517
0.000273418
2.50497e-07
3.75632e-07
0.000472916
2.21826e-07
5.66359e-07
0.000520129
1.05548e-07
6.61505e-07
0.000558563
-5.2948e-08
6.82616e-07
0.000585874
-2.64808e-07
6.40563e-07
0.000600257
-4.19614e-07
6.1618e-07
0.000600275
-4.79419e-07
6.44385e-07
0.000585893
-3.69614e-07
4.94666e-07
0.000558852
-1.05761e-07
2.94633e-07
0.00052106
2.64606e-07
0.000473387
-1.65639e-07
1.81026e-06
0.000541676
-8.85707e-08
2.18132e-06
0.000600014
-4.80448e-08
2.59807e-06
0.000647752
-8.892e-08
2.92075e-06
0.000681703
-1.70539e-07
2.9931e-06
0.000699399
-2.37004e-07
2.95853e-06
0.000699429
-2.58471e-07
2.836e-06
0.000681759
-2.05831e-07
2.40501e-06
0.000647811
-5.33689e-08
1.79024e-06
0.00060019
1.53545e-06
0.000541788
-1.89953e-07
3.69615e-06
0.0005416
-1.8314e-07
4.26917e-06
0.000604062
-1.52008e-07
4.86739e-06
0.000655045
-1.58571e-07
5.31997e-06
0.00069109
-1.89022e-07
5.43735e-06
0.000709758
-1.89418e-07
5.36957e-06
0.000709802
-1.14443e-07
5.1409e-06
0.000691145
-3.8491e-08
4.60725e-06
0.000655136
-4.12641e-08
3.87081e-06
0.000604169
3.34002e-06
0.000541641
-1.32708e-08
5.4156e-06
0.000524959
-2.99699e-08
5.93265e-06
0.000589179
-3.02339e-08
6.30045e-06
0.000640691
-5.28184e-08
6.54861e-06
0.000676527
-7.90673e-08
6.54407e-06
0.000694899
-8.73337e-08
6.4599e-06
0.000694929
-6.87164e-08
6.3308e-06
0.000676566
-6.96178e-08
6.02703e-06
0.000640749
-1.18982e-07
5.57066e-06
0.000589231
5.05493e-06
0.00052497
1.36827e-07
5.95071e-06
0.000496335
1.30606e-07
6.17603e-06
0.000558837
1.10537e-07
6.21098e-06
0.000608083
1.23391e-07
6.21047e-06
0.00064209
7.86502e-08
6.16793e-06
0.000659472
-7.77235e-09
6.12882e-06
0.000659476
-8.98486e-08
6.0922e-06
0.000642105
-1.78657e-07
6.0093e-06
0.000608099
-1.89667e-07
5.82811e-06
0.000558841
5.60388e-06
0.00049634
2.04405e-07
5.44386e-06
0.000457076
2.88486e-07
5.54209e-06
0.000517327
2.45928e-07
5.50657e-06
0.00056477
1.76704e-07
5.41801e-06
0.000597543
6.77989e-08
5.35991e-06
0.000614294
-6.61231e-08
5.34998e-06
0.000614291
-1.771e-07
5.34348e-06
0.000597546
-2.37721e-07
5.33052e-06
0.000564763
-1.76078e-07
5.22281e-06
0.000517316
5.16309e-06
0.000457077
2.06745e-07
4.60659e-06
0.000412765
3.50124e-07
4.64799e-06
0.000471808
3.32524e-07
4.64258e-06
0.000518228
2.06245e-07
4.58065e-06
0.000550231
3.85076e-08
4.52226e-06
0.000566557
-1.13175e-07
4.4977e-06
0.000566555
-2.16253e-07
4.48463e-06
0.000550227
-2.41295e-07
4.47847e-06
0.000518217
-1.91673e-07
4.42473e-06
0.000471801
4.41223e-06
0.000412765
1.71618e-07
3.75853e-06
0.000366876
3.1096e-07
3.74631e-06
0.000425188
3.32882e-07
3.74733e-06
0.000470841
2.21438e-07
3.74495e-06
0.000502213
5.08545e-08
3.71002e-06
0.00051818
-1.02089e-07
3.66826e-06
0.000518179
-2.14646e-07
3.65285e-06
0.000502208
-2.5519e-07
3.64712e-06
0.000470835
-2.18805e-07
3.6257e-06
0.000425185
3.61208e-06
0.000366875
1.84361e-07
2.9642e-06
0.000320497
2.76154e-07
2.93817e-06
0.000378234
2.91193e-07
2.91503e-06
0.000423197
2.18263e-07
2.93e-06
0.000453981
8.0399e-08
2.92681e-06
0.000469616
-7.87424e-08
2.90679e-06
0.000469615
-2.10526e-07
2.8996e-06
0.000453978
-2.70887e-07
2.89004e-06
0.000423196
-2.37783e-07
2.87603e-06
0.000378232
2.8425e-06
0.000320494
2.06097e-07
0.000273941
2.86027e-07
0.000331166
2.6342e-07
0.000375473
1.85634e-07
0.000405687
6.28424e-08
0.000420998
-8.35713e-08
0.000420998
-2.04976e-07
0.000405686
-2.61242e-07
0.000375473
-2.16482e-07
0.000331163
0.000273939
3.70814e-07
3.13542e-07
0.000472584
3.40344e-07
4.87394e-07
0.000519672
2.20638e-07
6.26892e-07
0.000558056
2.03973e-08
6.18509e-07
0.000585456
-1.68546e-07
5.87462e-07
0.000599859
-2.86541e-07
5.72084e-07
0.000599821
-3.35104e-07
6.31443e-07
0.00058531
-2.21742e-07
4.6926e-07
0.000558269
3.66374e-10
2.69617e-07
0.000520568
2.49343e-07
0.000472958
-8.85452e-08
1.62373e-06
0.000540419
-6.9055e-08
1.96999e-06
0.000598512
-5.07326e-08
2.37553e-06
0.000645986
-8.70415e-08
2.62644e-06
0.000679731
-1.0957e-07
2.67137e-06
0.000697338
-1.28939e-07
2.65968e-06
0.000697361
-1.4862e-07
2.61267e-06
0.000679798
-1.27965e-07
2.20101e-06
0.000646059
-1.6207e-08
1.64951e-06
0.000598698
1.41145e-06
0.000540537
-2.1996e-07
3.35997e-06
0.000539982
-2.1489e-07
3.90476e-06
0.000602122
-1.56393e-07
4.47336e-06
0.000652889
-1.48248e-07
4.88606e-06
0.000688823
-1.26169e-07
4.95062e-06
0.000707457
-7.81333e-08
4.92292e-06
0.000707491
-1.30314e-08
4.81365e-06
0.000688879
8.35195e-09
4.32783e-06
0.000652988
-2.22803e-08
3.61365e-06
0.000602236
3.05019e-06
0.000540033
-3.6018e-08
5.02812e-06
0.000523308
-5.6848e-08
5.61881e-06
0.000587486
-4.74062e-08
6.00757e-06
0.000639147
-4.17351e-08
6.2217e-06
0.000675186
-5.59325e-08
6.19045e-06
0.000693674
-7.3441e-08
6.17928e-06
0.00069369
-3.90644e-08
6.13148e-06
0.000675213
-2.35502e-08
5.84797e-06
0.000639213
-7.40287e-08
5.35997e-06
0.000587536
4.72213e-06
0.000523316
1.75114e-07
5.70641e-06
0.000495516
1.9138e-07
6.00756e-06
0.000558432
1.86004e-07
6.05022e-06
0.000608045
1.84755e-07
6.0232e-06
0.00064229
8.92295e-08
5.98393e-06
0.000659774
-2.13941e-08
5.99434e-06
0.000659771
-1.0328e-07
6.02081e-06
0.000642298
-1.76503e-07
5.96279e-06
0.000608058
-1.58968e-07
5.75359e-06
0.00055843
5.42334e-06
0.000495516
2.6642e-07
5.30954e-06
0.000457221
3.66072e-07
5.43839e-06
0.000517797
3.24487e-07
5.40616e-06
0.000565456
2.23488e-07
5.31163e-06
0.000598355
7.09968e-08
5.2668e-06
0.000615163
-7.98482e-08
5.27897e-06
0.000615157
-1.85766e-07
5.31762e-06
0.000598355
-2.41176e-07
5.33736e-06
0.000565444
-1.76982e-07
5.22246e-06
0.000517783
5.09124e-06
0.000457217
2.23378e-07
4.51652e-06
0.000413286
3.72298e-07
4.57189e-06
0.000472526
3.49684e-07
4.57463e-06
0.000519082
2.05963e-07
4.51616e-06
0.00055117
2.84421e-08
4.46167e-06
0.00056754
-1.28734e-07
4.45427e-06
0.000567537
-2.31839e-07
4.48206e-06
0.000551165
-2.47701e-07
4.50079e-06
0.00051907
-1.84046e-07
4.4405e-06
0.000472519
4.38241e-06
0.000413286
1.73259e-07
3.69527e-06
0.000367472
3.05001e-07
3.69479e-06
0.000425933
3.2886e-07
3.69423e-06
0.000471698
2.09487e-07
3.70474e-06
0.000503144
3.39467e-08
3.66904e-06
0.000519149
-1.21235e-07
3.64074e-06
0.000519148
-2.24562e-07
3.65556e-06
0.000503137
-2.47249e-07
3.66644e-06
0.000471692
-2.02985e-07
3.64945e-06
0.000425932
3.60358e-06
0.000367472
1.8219e-07
2.9227e-06
0.00032107
2.62319e-07
2.90982e-06
0.000378939
2.73529e-07
2.87725e-06
0.000424003
1.97402e-07
2.90532e-06
0.000454856
5.5883e-08
2.9011e-06
0.000470525
-1.02952e-07
2.88965e-06
0.000470525
-2.22229e-07
2.90023e-06
0.000454852
-2.65394e-07
2.90262e-06
0.000424003
-2.21334e-07
2.89865e-06
0.000378939
2.8414e-06
0.000321068
2.02272e-07
0.000274454
2.7798e-07
0.000331803
2.53755e-07
0.000376207
1.71568e-07
0.000406487
4.06719e-08
0.000421831
-1.05461e-07
0.00042183
-2.16962e-07
0.000406485
-2.57886e-07
0.000376208
-1.98708e-07
0.000331802
0.000274454
4.9261e-07
2.55617e-07
0.000472297
4.21994e-07
4.62056e-07
0.000519281
2.85846e-07
5.78116e-07
0.000557614
8.42961e-08
5.19458e-07
0.000585138
-2.72593e-08
4.75124e-07
0.000599495
-8.25845e-08
4.88765e-07
0.000599387
-1.54761e-07
6.07635e-07
0.000584775
-1.29713e-07
4.85626e-07
0.000557759
2.79123e-08
2.35655e-07
0.000520175
1.96645e-07
0.000472611
7.73815e-08
1.43195e-06
0.000539258
2.73675e-08
1.85055e-06
0.000597174
-1.04641e-08
2.19386e-06
0.000644408
-6.4256e-08
2.33191e-06
0.000677973
-5.1804e-08
2.3355e-06
0.000695465
-2.75935e-08
2.34704e-06
0.000695479
-5.25825e-08
2.40799e-06
0.000678022
-6.37654e-08
2.06181e-06
0.000644494
-1.15563e-08
1.53623e-06
0.000597346
1.28433e-06
0.000539373
-1.57765e-07
2.97315e-06
0.000538504
-1.21573e-07
3.59885e-06
0.000600338
-7.61172e-08
4.15802e-06
0.000650879
-8.99778e-08
4.48232e-06
0.000686686
-5.51179e-08
4.49029e-06
0.000705267
3.9118e-09
4.49588e-06
0.000705283
5.52544e-08
4.50469e-06
0.000686731
3.79304e-08
4.08792e-06
0.000650979
-2.32391e-08
3.37916e-06
0.000600454
2.77592e-06
0.000538565
-1.58304e-08
4.55613e-06
0.000521732
-5.64721e-09
5.29348e-06
0.000585781
1.95909e-08
5.75217e-06
0.000637528
3.57819e-08
5.92178e-06
0.00067373
-3.30809e-09
5.88948e-06
0.000692313
-6.18209e-08
5.93221e-06
0.000692312
-2.75984e-08
5.93837e-06
0.000673745
7.51511e-09
5.66777e-06
0.000637598
-3.55913e-08
5.12081e-06
0.000585837
4.388e-06
0.000521741
1.95048e-07
5.36953e-06
0.000494589
2.64043e-07
5.79429e-06
0.000557862
2.73868e-07
5.93664e-06
0.000607851
2.34373e-07
5.90363e-06
0.000642347
8.66246e-08
5.86783e-06
0.000659944
-4.8893e-08
5.90305e-06
0.000659936
-1.15712e-07
5.95193e-06
0.000642351
-1.58097e-07
5.90596e-06
0.000607862
-1.22696e-07
5.65332e-06
0.000557862
5.2162e-06
0.000494583
2.82822e-07
5.11166e-06
0.000457253
4.0168e-07
5.29808e-06
0.000518174
3.82586e-07
5.3405e-06
0.000566071
2.6716e-07
5.26374e-06
0.00059911
8.41978e-08
5.23512e-06
0.000615979
-7.82823e-08
5.25083e-06
0.000615971
-1.80187e-07
5.30097e-06
0.000599108
-2.20852e-07
5.331e-06
0.000566059
-1.56113e-07
5.20836e-06
0.000518163
5.01613e-06
0.000457246
2.02067e-07
4.40569e-06
0.000413759
3.41242e-07
4.47799e-06
0.000473207
3.34673e-07
4.52335e-06
0.000519906
2.0372e-07
4.48181e-06
0.000552083
3.69443e-08
4.44351e-06
0.000568498
-1.17041e-07
4.44631e-06
0.000568496
-2.16993e-07
4.487e-06
0.000552079
-2.27394e-07
4.51509e-06
0.000519896
-1.52942e-07
4.45009e-06
0.000473203
4.36161e-06
0.000413759
1.66162e-07
3.62103e-06
0.000368046
2.87509e-07
3.62902e-06
0.000426661
3.08177e-07
3.66394e-06
0.000472537
1.9646e-07
3.68062e-06
0.000504057
3.8602e-08
3.6486e-06
0.000520101
-1.08069e-07
3.63957e-06
0.000520101
-2.06686e-07
3.6708e-06
0.000504052
-2.23329e-07
3.69068e-06
0.000472533
-1.72632e-07
3.66998e-06
0.000426661
3.60155e-06
0.000368047
1.82429e-07
2.868e-06
0.00032163
2.50341e-07
2.86777e-06
0.000379632
2.52549e-07
2.8679e-06
0.000424797
1.69544e-07
2.90076e-06
0.000455719
3.25012e-08
2.88828e-06
0.000471423
-1.09509e-07
2.88334e-06
0.000471423
-2.09972e-07
2.90774e-06
0.000455716
-2.319e-07
2.91738e-06
0.000424798
-1.76738e-07
2.9196e-06
0.000379634
2.85995e-06
0.00032163
1.9038e-07
0.000274959
2.51541e-07
0.000332432
2.29033e-07
0.000376932
1.49162e-07
0.000407277
1.65601e-08
0.000422653
-1.21305e-07
0.000422652
-2.13269e-07
0.000407275
-2.39882e-07
0.000376933
-1.71286e-07
0.000332433
0.00027496
5.99725e-07
1.87559e-07
0.00047203
4.55438e-07
4.60701e-07
0.000518964
2.71181e-07
5.10843e-07
0.000557287
1.03016e-07
4.22798e-07
0.000584883
9.41408e-08
3.49327e-07
0.000599155
8.94102e-08
3.99148e-07
0.000598993
-4.79015e-08
5.78706e-07
0.000584333
-1.40808e-07
4.86104e-07
0.000557366
-1.04132e-08
1.77706e-07
0.000519867
1.25998e-07
0.00047233
2.45196e-07
1.23049e-06
0.000538178
1.36477e-07
1.78925e-06
0.000595954
3.90231e-08
2.02442e-06
0.000642991
-1.84758e-08
2.04516e-06
0.000676408
-6.56671e-09
2.0241e-06
0.000693779
2.38086e-08
2.07365e-06
0.000693774
-6.79271e-09
2.21406e-06
0.000676418
-5.65202e-08
1.94346e-06
0.000643086
-4.49815e-08
1.39878e-06
0.000596113
1.13765e-06
0.000538291
-2.18879e-08
2.55881e-06
0.000537152
4.48164e-08
3.36005e-06
0.0005987
3.28941e-08
3.90177e-06
0.000649014
-2.32506e-08
4.10361e-06
0.000684684
-8.94871e-09
4.08692e-06
0.00070319
2.90792e-08
4.1313e-06
0.000703187
7.26886e-08
4.19151e-06
0.00068471
5.21338e-08
3.82925e-06
0.000649114
-2.54004e-08
3.10921e-06
0.000598821
2.50527e-06
0.000537227
9.95726e-10
4.04878e-06
0.000520238
8.08686e-08
4.9572e-06
0.000584104
1.27754e-07
5.50957e-06
0.000635873
1.25496e-07
5.65033e-06
0.000672185
3.12077e-08
5.65737e-06
0.000690837
-6.7541e-08
5.71738e-06
0.000690825
-3.92441e-08
5.71418e-06
0.000672195
1.36274e-08
5.42867e-06
0.000635946
-1.33854e-08
4.80229e-06
0.000584171
4.03452e-06
0.000520258
1.9186e-07
4.96579e-06
0.000493576
3.29686e-07
5.54095e-06
0.00055714
3.50584e-07
5.8433e-06
0.000607496
2.5985e-07
5.8359e-06
0.000642253
8.06326e-08
5.81297e-06
0.000659967
-6.37433e-08
5.83765e-06
0.00065996
-1.17152e-07
5.86296e-06
0.000642256
-1.26571e-07
5.78863e-06
0.000607511
-9.11879e-08
5.47847e-06
0.00055715
4.96728e-06
0.000493569
2.35714e-07
4.89634e-06
0.000457166
3.6012e-07
5.14001e-06
0.000518451
3.84974e-07
5.28277e-06
0.000566607
2.7459e-07
5.25657e-06
0.0005998
8.68054e-08
5.2457e-06
0.000616734
-6.41247e-08
5.2309e-06
0.000616729
-1.55987e-07
5.26466e-06
0.000599798
-1.86785e-07
5.27671e-06
0.000566602
-1.32561e-07
5.14053e-06
0.000518447
4.89954e-06
0.000457157
1.85299e-07
4.28536e-06
0.000414176
2.86834e-07
4.39758e-06
0.000473848
2.97414e-07
4.48214e-06
0.000520696
2.04029e-07
4.46528e-06
0.000552968
7.08039e-08
4.44708e-06
0.00056943
-7.72101e-08
4.44595e-06
0.000569429
-1.77473e-07
4.47779e-06
0.000552967
-1.95891e-07
4.49884e-06
0.000520692
-1.31982e-07
4.43234e-06
0.000473847
4.31007e-06
0.000414175
1.61037e-07
3.54117e-06
0.000368597
2.57972e-07
3.59215e-06
0.000427369
2.66183e-07
3.65398e-06
0.000473357
1.75978e-07
3.66017e-06
0.000504952
5.26053e-08
3.6341e-06
0.000521038
-8.07258e-08
3.64257e-06
0.000521038
-1.69741e-07
3.66838e-06
0.000504951
-1.84571e-07
3.6902e-06
0.000473357
-1.33721e-07
3.67189e-06
0.000427371
3.59112e-06
0.000368598
1.85604e-07
2.81192e-06
0.000322176
2.43416e-07
2.85285e-06
0.000380314
2.34735e-07
2.88043e-06
0.000425579
1.49977e-07
2.89523e-06
0.000456569
2.24861e-08
2.8762e-06
0.000472308
-9.97329e-08
2.87904e-06
0.000472309
-1.84128e-07
2.90118e-06
0.000456567
-1.9388e-07
2.91729e-06
0.000425581
-1.29963e-07
2.92574e-06
0.000380316
2.87493e-06
0.000322178
1.70325e-07
0.000275455
2.26774e-07
0.000333052
2.06148e-07
0.000377647
1.24902e-07
0.000408056
1.1568e-09
0.000423466
-1.17803e-07
0.000423466
-1.96246e-07
0.000408056
-2.10561e-07
0.000377649
-1.31029e-07
0.000333055
0.000275456
6.64504e-07
1.34043e-07
0.000471773
4.22635e-07
4.45284e-07
0.000518761
1.78417e-07
4.27719e-07
0.000557104
9.4516e-08
3.20679e-07
0.000584646
1.62856e-07
2.66511e-07
0.00059882
1.68492e-07
3.29338e-07
0.000598658
-3.4805e-08
5.23393e-07
0.000584013
-2.08358e-07
4.42666e-07
0.000557096
-5.83155e-08
1.09161e-07
0.000519608
5.91134e-08
0.000472086
3.71718e-07
1.0459e-06
0.000537173
2.49494e-07
1.70421e-06
0.000594817
1.26201e-07
1.83559e-06
0.000641707
7.22965e-08
1.77609e-06
0.000675006
5.26868e-08
1.79268e-06
0.000692272
3.45427e-08
1.87423e-06
0.000692247
-1.60238e-08
2.0188e-06
0.000674973
-7.47385e-08
1.77768e-06
0.00064181
-6.98165e-08
1.23652e-06
0.000594981
9.96375e-07
0.000537292
9.42066e-08
2.19735e-06
0.000535907
1.71529e-07
3.13105e-06
0.000597196
1.23225e-07
3.61124e-06
0.000647287
4.55043e-08
3.72052e-06
0.000682817
1.84682e-08
3.77446e-06
0.000701235
8.14584e-09
3.85152e-06
0.00070122
4.80525e-08
3.86239e-06
0.000682826
4.70666e-08
3.50091e-06
0.000647391
-2.97728e-08
2.80952e-06
0.000597325
2.25654e-06
0.000535996
2.22191e-08
3.56922e-06
0.000518831
1.58753e-07
4.61137e-06
0.000582487
1.89576e-07
5.22932e-06
0.000634224
1.42283e-07
5.37039e-06
0.000670583
3.34817e-08
5.44499e-06
0.000689276
-7.27869e-08
5.51827e-06
0.000689265
-5.59143e-08
5.44496e-06
0.000670595
-2.73168e-09
5.09618e-06
0.000634298
-1.20561e-08
4.42442e-06
0.000582565
3.68127e-06
0.000518869
1.41055e-07
4.56765e-06
0.000492499
3.3031e-07
5.27357e-06
0.000556289
3.76907e-07
5.69281e-06
0.000606986
2.44012e-07
5.75537e-06
0.000642
5.05513e-08
5.76628e-06
0.00065984
-7.27435e-08
5.76449e-06
0.000659837
-1.10139e-07
5.7304e-06
0.000642008
-9.80913e-08
5.58339e-06
0.000607012
-6.6331e-08
5.22945e-06
0.000556314
4.69019e-06
0.000492502
1.72558e-07
4.67433e-06
0.000456956
2.89214e-07
4.98687e-06
0.000518621
3.43783e-07
5.19048e-06
0.000567055
2.41333e-07
5.24076e-06
0.000600417
7.51016e-08
5.24315e-06
0.000617423
-4.44434e-08
5.18912e-06
0.000617424
-1.19224e-07
5.18524e-06
0.000600418
-1.5861e-07
5.16255e-06
0.000567062
-1.30553e-07
5.02276e-06
0.000518626
4.75322e-06
0.000456951
1.64883e-07
4.17017e-06
0.00041453
2.18695e-07
4.33593e-06
0.000474445
2.36823e-07
4.41836e-06
0.00052145
1.89304e-07
4.43348e-06
0.000553823
9.2178e-08
4.43737e-06
0.000570333
-4.15041e-08
4.41819e-06
0.000570333
-1.38985e-07
4.42491e-06
0.000553824
-1.67476e-07
4.4295e-06
0.000521454
-1.15213e-07
4.37114e-06
0.000474446
4.23755e-06
0.00041453
1.70592e-07
3.4654e-06
0.00036912
2.35632e-07
3.58348e-06
0.000428057
2.23068e-07
3.62996e-06
0.000474158
1.60484e-07
3.61787e-06
0.00050583
6.63923e-08
3.61295e-06
0.000521956
-5.59077e-08
3.62134e-06
0.000521957
-1.42895e-07
3.63068e-06
0.000505832
-1.58419e-07
3.64068e-06
0.000474161
-1.05388e-07
3.6305e-06
0.000428059
3.55934e-06
0.000369123
1.70267e-07
2.76104e-06
0.000322708
2.41983e-07
2.84348e-06
0.000380982
2.20173e-07
2.88146e-06
0.000426349
1.28669e-07
2.87262e-06
0.000457405
1.51557e-08
2.85367e-06
0.000473181
-9.10241e-08
2.85452e-06
0.000473182
-1.64186e-07
2.86424e-06
0.000457407
-1.73404e-07
2.87976e-06
0.000426351
-9.86525e-08
2.88692e-06
0.000380985
2.8614e-06
0.000322712
1.41865e-07
0.00027594
2.04721e-07
0.000333663
1.89007e-07
0.000378354
1.08195e-07
0.000408827
-3.30211e-09
0.000424269
-1.10487e-07
0.000424269
-1.82117e-07
0.000408828
-1.83704e-07
0.000378356
-9.53848e-08
0.000333667
0.000275944
6.39392e-07
9.65879e-08
0.000471522
3.60866e-07
3.66645e-07
0.000518673
1.01644e-07
3.36763e-07
0.000557026
8.99065e-08
2.54022e-07
0.000584404
1.81326e-07
2.30817e-07
0.000598498
1.62991e-07
2.77956e-07
0.000598398
-8.09438e-08
4.36485e-07
0.000583821
-2.51309e-07
3.59205e-07
0.000556908
-6.07047e-08
5.11176e-08
0.000519366
2.28122e-08
0.000471859
4.43493e-07
8.84949e-07
0.000536244
3.5268e-07
1.52082e-06
0.000593754
2.28797e-07
1.63336e-06
0.000640534
1.60061e-07
1.59121e-06
0.000673738
1.05534e-07
1.62975e-06
0.000690928
3.1711e-08
1.70957e-06
0.000690889
-2.41005e-08
1.79228e-06
0.000673673
-4.99532e-08
1.54968e-06
0.000640645
-5.15785e-08
1.09566e-06
0.000593938
9.10094e-07
0.00053637
1.5736e-07
1.91327e-06
0.000534749
2.13017e-07
2.84825e-06
0.000595813
1.61244e-07
3.27551e-06
0.000645696
1.18925e-07
3.36204e-06
0.000681088
5.54239e-08
3.51129e-06
0.000699417
-5.41581e-09
3.5925e-06
0.000699398
1.9426e-08
3.50696e-06
0.000681087
2.3423e-08
3.12387e-06
0.000645813
-3.91904e-08
2.52651e-06
0.000595957
2.076e-06
0.000534853
3.37667e-08
3.17899e-06
0.000517515
1.94914e-07
4.22243e-06
0.000580952
2.11562e-07
4.87124e-06
0.000632612
1.13194e-07
5.08209e-06
0.000668961
4.55736e-09
5.22232e-06
0.000687673
-7.85595e-08
5.26795e-06
0.000687672
-6.61936e-08
5.1058e-06
0.000668984
-2.90504e-08
4.69671e-06
0.000632688
-4.13534e-08
4.06381e-06
0.00058104
3.38509e-06
0.000517571
5.64017e-08
4.23871e-06
0.000491394
2.63361e-07
4.96691e-06
0.000555337
3.38486e-07
5.44639e-06
0.000606336
1.9772e-07
5.62844e-06
0.000641595
1.83266e-08
5.67711e-06
0.000659564
-8.66524e-08
5.63958e-06
0.000659571
-1.13749e-07
5.52949e-06
0.000641611
-9.21379e-08
5.31124e-06
0.000606376
-5.70565e-08
4.96461e-06
0.000555378
4.41448e-06
0.000491417
1.34668e-07
4.49199e-06
0.000456629
2.14081e-07
4.83031e-06
0.000518678
2.77099e-07
5.02815e-06
0.00056741
2.03396e-07
5.16383e-06
0.000600956
7.30796e-08
5.18749e-06
0.000618043
-2.21245e-08
5.10853e-06
0.00061805
-9.64516e-08
5.06048e-06
0.000600962
-1.41645e-07
4.98741e-06
0.000567431
-1.14634e-07
4.87091e-06
0.000518692
4.59519e-06
0.000456633
1.70687e-07
4.07822e-06
0.000414812
2.07783e-07
4.24495e-06
0.000474993
2.08001e-07
4.3114e-06
0.000522166
1.81178e-07
4.36684e-06
0.000554647
1.03383e-07
4.39238e-06
0.000571206
-2.17332e-08
4.35864e-06
0.000571208
-1.22197e-07
4.33361e-06
0.000554652
-1.63843e-07
4.30538e-06
0.000522178
-1.15397e-07
4.27219e-06
0.000474997
4.1517e-06
0.000414817
1.98337e-07
3.41269e-06
0.000369612
2.43031e-07
3.53543e-06
0.000428722
2.02904e-07
3.56897e-06
0.00047494
1.53061e-07
3.55589e-06
0.000506691
7.31516e-08
3.57208e-06
0.000522856
-4.4826e-08
3.5755e-06
0.000522858
-1.38259e-07
3.56244e-06
0.000506696
-1.67507e-07
3.54952e-06
0.000474946
-1.16119e-07
3.55506e-06
0.000428724
3.49843e-06
0.000369617
1.71049e-07
2.72652e-06
0.000323224
2.52625e-07
2.79998e-06
0.000381636
2.21165e-07
2.843e-06
0.000427107
1.22206e-07
2.82984e-06
0.00045823
1.44549e-08
2.8193e-06
0.000474041
-8.26123e-08
2.81149e-06
0.000474043
-1.5222e-07
2.80387e-06
0.000458235
-1.64083e-07
2.80287e-06
0.000427109
-8.19922e-08
2.81663e-06
0.000381641
2.8122e-06
0.000323231
1.32416e-07
0.000276417
2.08415e-07
0.000334265
1.94844e-07
0.000379052
1.09825e-07
0.000409588
1.31747e-09
0.000425063
-1.05152e-07
0.000425064
-1.79847e-07
0.000409591
-1.8414e-07
0.000379055
-9.09636e-08
0.000334271
0.000276423
4.63972e-07
1.12744e-07
0.00047128
2.66717e-07
2.39566e-07
0.000518631
9.72836e-08
2.39766e-07
0.000556956
1.56411e-07
2.01202e-07
0.000584144
2.14596e-07
2.2087e-07
0.000598219
1.62831e-07
2.2596e-07
0.000598224
-7.00645e-08
3.22774e-07
0.000583731
-2.03023e-07
2.75934e-07
0.000556765
-6.73357e-09
2.93266e-08
0.000519141
1.64152e-08
0.000471642
4.69931e-07
8.00124e-07
0.000535379
4.46971e-07
1.24922e-06
0.000592767
3.23203e-07
1.44304e-06
0.000639455
2.34837e-07
1.45305e-06
0.000672575
1.58223e-07
1.50802e-06
0.000689717
4.37766e-08
1.55117e-06
0.000689678
-2.22429e-08
1.56275e-06
0.000672499
-3.52582e-09
1.32731e-06
0.000639575
1.90679e-08
9.66075e-07
0.000592978
8.57856e-07
0.000535523
1.535e-07
1.76804e-06
0.000533666
2.0432e-07
2.47008e-06
0.000594541
1.91449e-07
2.91415e-06
0.000644238
1.8538e-07
3.05295e-06
0.000679495
9.89152e-08
3.26584e-06
0.000697746
9.28005e-09
3.3095e-06
0.000697729
1.95102e-08
3.14579e-06
0.000679493
4.13017e-08
2.74293e-06
0.000644376
-1.81339e-08
2.27103e-06
0.000594711
1.94273e-06
0.000533794
2.28507e-08
2.96437e-06
0.000516285
1.66304e-07
3.77175e-06
0.000579507
1.96899e-07
4.44446e-06
0.000631051
1.06809e-07
4.74735e-06
0.000667357
1.92061e-08
4.95156e-06
0.000686075
-3.72818e-08
4.94892e-06
0.000686089
-2.54641e-08
4.72082e-06
0.000667397
-1.69412e-08
4.28362e-06
0.000631139
-4.41248e-08
3.72862e-06
0.00057961
3.13254e-06
0.000516371
3.26329e-08
4.04459e-06
0.000490286
2.00875e-07
4.62991e-06
0.000554311
2.75655e-07
5.14424e-06
0.000605562
1.51957e-07
5.41923e-06
0.000641047
2.50935e-08
5.49327e-06
0.000659149
-6.18772e-08
5.43958e-06
0.000659167
-8.59093e-08
5.27934e-06
0.000641077
-5.79512e-08
5.01434e-06
0.000605617
-1.42684e-08
4.69152e-06
0.000554371
4.16177e-06
0.000490341
1.54618e-07
4.40622e-06
0.000456192
1.91766e-07
4.65614e-06
0.000518615
2.48901e-07
4.83243e-06
0.000567665
1.9846e-07
5.0178e-06
0.000601407
9.64224e-08
5.04971e-06
0.000618589
2.90346e-09
4.98275e-06
0.000618601
-7.83381e-08
4.90042e-06
0.000601422
-1.16435e-07
4.78263e-06
0.000567701
-7.13574e-08
4.69415e-06
0.000518645
4.45079e-06
0.000456219
2.86433e-07
4.02281e-06
0.000415015
3.07215e-07
4.14664e-06
0.000475482
2.7151e-07
4.19399e-06
0.00052284
2.32213e-07
4.26811e-06
0.000555436
1.39527e-07
4.30115e-06
0.000572047
5.17099e-09
4.2738e-06
0.000572052
-1.12063e-07
4.22271e-06
0.000555447
-1.79922e-07
4.16704e-06
0.000522861
-1.35026e-07
4.15051e-06
0.000475495
4.06195e-06
0.000415033
2.72018e-07
3.36872e-06
0.000370066
3.30225e-07
3.45018e-06
0.00042936
2.67132e-07
3.49438e-06
0.000475703
1.95439e-07
3.49673e-06
0.000507534
9.67516e-08
3.51766e-06
0.000523739
-2.75737e-08
3.5142e-06
0.000523742
-1.36142e-07
3.48245e-06
0.000507545
-1.91181e-07
3.45376e-06
0.000475714
-1.41673e-07
3.45497e-06
0.00042937
3.41908e-06
0.000370083
2.26456e-07
2.69313e-06
0.000323721
3.0478e-07
2.73353e-06
0.000382274
2.66708e-07
2.78918e-06
0.00042785
1.64778e-07
2.78515e-06
0.000459044
5.31825e-08
2.78024e-06
0.00047489
-4.94949e-08
2.76647e-06
0.000474893
-1.28451e-07
2.74318e-06
0.000459053
-1.54642e-07
2.73039e-06
0.000427859
-8.70904e-08
2.74105e-06
0.000382288
2.74243e-06
0.000323737
1.90883e-07
0.000276881
2.69902e-07
0.000334856
2.5823e-07
0.000379738
1.73046e-07
0.00041034
5.96626e-08
0.00042585
-5.63465e-08
0.000425852
-1.44176e-07
0.000410348
-1.64395e-07
0.000379747
-8.7266e-08
0.000334869
0.000276895
2.64766e-07
1.70959e-07
0.000471033
1.72723e-07
1.79445e-07
0.000518543
1.49247e-07
1.74935e-07
0.000556804
2.59129e-07
1.58545e-07
0.000583875
2.69276e-07
1.8695e-07
0.000598022
2.24433e-07
1.52754e-07
0.000598116
8.45983e-08
1.82655e-07
0.000583688
-2.4569e-08
1.80844e-07
0.000556693
1.25465e-07
2.56811e-08
0.000518965
2.13658e-08
0.000471448
4.18829e-07
8.11173e-07
0.000534561
4.4875e-07
1.06411e-06
0.000591853
3.3814e-07
1.28477e-06
0.000638455
2.44764e-07
1.32669e-06
0.0006715
1.85989e-07
1.3545e-06
0.000688608
9.29865e-08
1.33838e-06
0.000688586
2.57714e-08
1.31129e-06
0.000671437
8.14616e-08
1.1179e-06
0.000638583
1.355e-07
8.56455e-07
0.000592094
8.09005e-07
0.000534753
1.14426e-07
1.74709e-06
0.00053265
1.76947e-07
2.17591e-06
0.000593367
2.19212e-07
2.57581e-06
0.000642905
2.49368e-07
2.76295e-06
0.000678028
1.6406e-07
2.97042e-06
0.000696215
6.34556e-08
2.95892e-06
0.000696209
7.13627e-08
2.75435e-06
0.000678042
1.08772e-07
2.39314e-06
0.000643063
4.91767e-08
2.05323e-06
0.000593574
1.80959e-06
0.000532825
2.23055e-08
2.87174e-06
0.000515125
1.50642e-07
3.40494e-06
0.00057815
2.16966e-07
4.00822e-06
0.000629552
1.76588e-07
4.36248e-06
0.000665798
1.23507e-07
4.58474e-06
0.000684514
8.76461e-08
4.54207e-06
0.000684542
7.41869e-08
4.30421e-06
0.000665861
3.81155e-08
3.90502e-06
0.000629663
2.08563e-09
3.41732e-06
0.000578282
2.89755e-06
0.000515262
7.8397e-08
3.95078e-06
0.000489193
2.01111e-07
4.35928e-06
0.000553234
2.70707e-07
4.82094e-06
0.000604679
1.78915e-07
5.13112e-06
0.00064037
9.84904e-08
5.20832e-06
0.000658606
1.6317e-08
5.15666e-06
0.000658635
-2.72835e-08
5.00472e-06
0.00064042
-7.77105e-09
4.7475e-06
0.000604755
4.73766e-08
4.40771e-06
0.000553326
3.89683e-06
0.000489296
2.87739e-07
4.35427e-06
0.000455663
2.99059e-07
4.53657e-06
0.000518426
3.04721e-07
4.6721e-06
0.000567808
2.60761e-07
4.81813e-06
0.000601764
1.65382e-07
4.8387e-06
0.000619054
3.7178e-08
4.81592e-06
0.00061907
-6.5216e-08
4.73412e-06
0.000601795
-8.83495e-08
4.60616e-06
0.000567865
-1.54752e-08
4.49247e-06
0.000518487
4.26561e-06
0.000455733
4.23461e-07
4.00457e-06
0.000415129
4.39823e-07
4.10192e-06
0.0004759
3.87654e-07
4.0996e-06
0.000523465
3.24925e-07
4.13219e-06
0.000556184
1.97835e-07
4.1596e-06
0.000572853
4.03736e-08
4.1638e-06
0.000572861
-1.00335e-07
4.11451e-06
0.000556207
-1.82852e-07
4.04613e-06
0.000523504
-1.40092e-07
4.00444e-06
0.000475941
3.93485e-06
0.000415178
4.0495e-07
3.33537e-06
0.000370476
4.97614e-07
3.4031e-06
0.000429966
4.21813e-07
3.43576e-06
0.000476443
2.95953e-07
3.43355e-06
0.000508358
1.53688e-07
3.4373e-06
0.000524603
1.30384e-08
3.43653e-06
0.00052461
-1.12281e-07
3.40694e-06
0.000508378
-1.87774e-07
3.36778e-06
0.000476468
-1.55622e-07
3.34498e-06
0.000429998
3.30987e-06
0.000370518
3.12479e-07
2.65482e-06
0.000324197
4.1386e-07
2.68079e-06
0.000382895
3.93272e-07
2.72822e-06
0.000428578
2.84361e-07
2.74079e-06
0.000459846
1.47422e-07
2.73646e-06
0.000475728
2.20771e-08
2.7213e-06
0.000475734
-7.36287e-08
2.6934e-06
0.000459863
-1.23881e-07
2.67575e-06
0.000428601
-9.73005e-08
2.67991e-06
0.000382926
2.65344e-06
0.000324232
2.90228e-07
0.000277334
3.80367e-07
0.000335435
3.78849e-07
0.000380413
3.01735e-07
0.000411083
1.79221e-07
0.000426628
4.63421e-08
0.000426632
-6.26475e-08
0.000411098
-1.13329e-07
0.000380435
-6.66695e-08
0.000335463
0.000277363
3.18119e-07
2.34455e-07
0.000470705
3.58907e-07
1.93243e-07
0.000518309
4.84263e-07
1.50746e-07
0.000556528
5.90867e-07
1.53229e-07
0.000583615
5.73002e-07
1.21394e-07
0.000597918
5.89031e-07
6.29006e-08
0.000598037
5.45385e-07
6.15011e-08
0.00058367
4.36225e-07
6.83896e-08
0.000556734
4.82942e-07
1.26294e-08
0.000518905
1.66766e-08
0.000471359
4.25005e-07
8.74463e-07
0.000533739
5.15164e-07
1.00324e-06
0.000590952
4.66151e-07
1.16242e-06
0.000637493
4.36665e-07
1.20802e-06
0.000670474
4.27257e-07
1.16714e-06
0.000687572
3.89344e-07
1.09047e-06
0.000687596
3.42351e-07
1.04979e-06
0.000670496
3.9003e-07
9.04794e-07
0.000637698
4.23433e-07
7.56835e-07
0.000591316
7.33858e-07
0.000534103
1.9248e-07
1.80122e-06
0.00053165
3.17862e-07
2.0133e-06
0.000592232
4.31393e-07
2.30521e-06
0.000641648
5.05876e-07
2.50853e-06
0.000676653
4.52729e-07
2.63532e-06
0.0006948
3.69608e-07
2.55478e-06
0.000694828
3.64496e-07
2.35817e-06
0.000676739
3.72282e-07
2.07294e-06
0.000641887
2.90733e-07
1.84835e-06
0.000592564
1.64023e-06
0.000531989
1.50575e-07
2.90447e-06
0.000513981
2.98238e-07
3.17622e-06
0.000576839
4.46085e-07
3.61567e-06
0.000628094
5.07118e-07
3.96557e-06
0.00066428
4.75925e-07
4.1794e-06
0.000683001
4.27831e-07
4.09764e-06
0.000683047
3.77958e-07
3.86752e-06
0.000664401
2.78888e-07
3.5431e-06
0.000628292
2.01272e-07
3.12153e-06
0.000577086
2.62836e-06
0.000514271
3.34008e-07
3.94652e-06
0.000488093
4.30402e-07
4.21012e-06
0.000552103
5.07209e-07
4.53387e-06
0.000603684
4.69632e-07
4.80652e-06
0.000639566
4.20168e-07
4.89341e-06
0.000657942
3.17599e-07
4.84853e-06
0.000657986
2.1751e-07
4.71909e-06
0.000639668
1.84841e-07
4.49785e-06
0.000603833
2.32194e-07
4.10079e-06
0.000552299
3.55885e-06
0.000488329
6.13013e-07
4.35711e-06
0.000455037
6.57481e-07
4.5001e-06
0.000518092
6.15548e-07
4.56913e-06
0.000567814
5.61223e-07
4.61807e-06
0.000602007
4.69337e-07
4.61442e-06
0.000619425
2.97278e-07
4.63702e-06
0.000619453
1.4782e-07
4.5793e-06
0.000602084
1.10161e-07
4.4634e-06
0.000567938
1.86452e-07
4.26309e-06
0.000518248
3.9767e-06
0.000455224
7.13321e-07
4.03976e-06
0.000415131
7.77939e-07
4.11406e-06
0.000476222
7.31526e-07
4.06135e-06
0.000524019
6.32655e-07
4.02352e-06
0.000556878
4.68343e-07
4.01412e-06
0.000573618
2.94577e-07
4.03308e-06
0.000573639
1.41125e-07
4.00063e-06
0.000556939
5.25893e-08
3.93807e-06
0.000524117
6.60153e-08
3.84442e-06
0.000476346
3.73829e-06
0.000415275
6.4273e-07
3.37025e-06
0.000370819
8.04566e-07
3.39905e-06
0.000430519
7.80053e-07
3.3867e-06
0.000477142
6.4134e-07
3.36765e-06
0.000509153
4.59704e-07
3.35114e-06
0.000525448
2.86528e-07
3.3502e-06
0.000525466
1.30928e-07
3.32996e-06
0.000509204
2.44826e-08
3.29117e-06
0.000477222
8.92765e-09
3.2361e-06
0.000430622
3.16275e-06
0.000370939
5.72135e-07
2.6534e-06
0.000324633
7.4297e-07
2.64127e-06
0.000383482
7.6874e-07
2.66072e-06
0.000429279
6.59184e-07
2.69607e-06
0.000460627
4.93196e-07
2.69195e-06
0.000476553
3.33888e-07
2.67448e-06
0.000476569
1.92249e-07
2.66239e-06
0.000460672
8.41692e-08
2.65135e-06
0.000429349
4.18281e-08
2.63185e-06
0.000383573
2.54674e-06
0.000324733
5.85438e-07
0.000277759
7.21157e-07
0.000335989
7.46339e-07
0.000381068
6.86479e-07
0.000411811
5.56377e-07
0.000427396
3.97563e-07
0.00042741
2.52976e-07
0.000411851
1.56394e-07
0.00038113
1.35996e-07
0.000336066
0.000277841
6.68385e-07
3.74834e-07
0.000470152
8.53188e-07
2.84342e-07
0.00051784
1.04375e-06
2.03821e-07
0.000556134
1.11981e-06
1.73821e-07
0.000583366
1.13115e-06
4.04784e-08
0.000597866
1.21882e-06
-2.83531e-08
0.000597978
1.19684e-06
-2.10001e-08
0.000583713
1.0933e-06
-6.3585e-08
0.000556901
1.01894e-06
-5.5957e-08
0.000519036
-1.44467e-08
0.000471483
5.67379e-07
1.01021e-06
0.000532912
7.52352e-07
1.00832e-06
0.000590044
8.21837e-07
1.07929e-06
0.000636548
8.7669e-07
1.11554e-06
0.000669478
9.12136e-07
9.7622e-07
0.000686601
9.27571e-07
8.50394e-07
0.000686702
9.26262e-07
7.96549e-07
0.00066968
9.1748e-07
6.79818e-07
0.000636964
8.57292e-07
6.34284e-07
0.000590686
6.22515e-07
0.000533605
4.32463e-07
1.91585e-06
0.000530644
6.28331e-07
1.93819e-06
0.000591106
8.344e-07
2.09481e-06
0.000640427
9.60372e-07
2.30052e-06
0.000675342
9.70669e-07
2.28418e-06
0.000693482
9.40033e-07
2.13745e-06
0.000693572
9.04644e-07
1.98825e-06
0.000675583
8.28243e-07
1.77888e-06
0.000640865
6.85732e-07
1.64109e-06
0.0005917
1.44367e-06
0.0005313
4.7493e-07
2.97681e-06
0.000512832
6.49701e-07
3.05612e-06
0.000575546
8.7402e-07
3.3046e-06
0.00062666
1.03394e-06
3.6232e-06
0.000662797
1.02446e-06
3.75691e-06
0.000681538
9.60187e-07
3.62763e-06
0.000681621
8.6805e-07
3.43524e-06
0.000663046
6.9103e-07
3.18661e-06
0.000627061
5.52e-07
2.81841e-06
0.000576048
2.34542e-06
0.000513418
7.26643e-07
3.97366e-06
0.000486968
8.41606e-07
4.13186e-06
0.000550913
9.54199e-07
4.29789e-06
0.000602578
1.02316e-06
4.47984e-06
0.000638641
9.94187e-07
4.56538e-06
0.000657162
8.42226e-07
4.5242e-06
0.000657242
6.62012e-07
4.42167e-06
0.000638862
5.48317e-07
4.2219e-06
0.000602912
5.52704e-07
3.76555e-06
0.000551347
3.19825e-06
0.000487474
1.05983e-06
4.38703e-06
0.000454312
1.1818e-06
4.50553e-06
0.000517596
1.14681e-06
4.48472e-06
0.000567663
1.09636e-06
4.42243e-06
0.000602115
9.96133e-07
4.40293e-06
0.000619687
7.907e-07
4.43467e-06
0.000619748
6.01462e-07
4.39677e-06
0.000602298
5.3493e-07
4.28289e-06
0.000567943
5.70335e-07
4.00956e-06
0.000517969
3.66071e-06
0.000454738
1.15308e-06
4.09137e-06
0.000415009
1.32276e-06
4.13646e-06
0.000476421
1.29867e-06
4.04818e-06
0.00052448
1.16407e-06
3.93602e-06
0.000557499
9.74913e-07
3.87684e-06
0.000574333
7.81043e-07
3.88229e-06
0.000574385
6.0449e-07
3.86253e-06
0.00055765
4.90769e-07
3.79924e-06
0.000524715
4.54439e-07
3.66626e-06
0.000476726
3.5142e-06
0.000415351
1.04322e-06
3.40851e-06
0.000371081
1.29763e-06
3.39994e-06
0.000431001
1.34068e-06
3.36195e-06
0.000477785
1.21112e-06
3.31352e-06
0.000509905
1.00558e-06
3.26386e-06
0.000526266
7.99542e-07
3.24347e-06
0.000526311
6.0505e-07
3.22993e-06
0.000510032
4.43893e-07
3.19928e-06
0.000477983
3.5263e-07
3.12751e-06
0.000431252
3.00676e-06
0.000371357
9.8324e-07
2.6468e-06
0.00032502
1.23551e-06
2.60568e-06
0.000384024
1.32808e-06
2.60872e-06
0.000429939
1.24969e-06
2.64154e-06
0.000461377
1.07577e-06
2.63021e-06
0.000477361
8.76668e-07
2.61317e-06
0.000477398
6.77502e-07
2.61629e-06
0.000461485
4.98889e-07
2.61902e-06
0.000430108
3.78198e-07
2.58791e-06
0.000384233
2.45243e-06
0.000325242
1.03394e-06
0.000278152
1.23314e-06
0.000336512
1.30795e-06
0.000381693
1.27733e-06
0.000412515
1.14799e-06
0.00042815
9.62702e-07
0.000428182
7.70561e-07
0.000412606
6.05825e-07
0.000381835
5.00609e-07
0.000336682
0.000278329
2.32279e-06
8.21916e-07
0.000468816
2.80206e-06
5.9574e-07
0.000516765
3.13912e-06
4.37363e-07
0.000555359
3.33179e-06
2.50887e-07
0.000582922
3.45332e-06
-3.45425e-09
0.000597748
3.52784e-06
-1.14798e-07
0.000598018
3.38182e-06
-1.2332e-07
0.000583983
3.10297e-06
-2.03681e-07
0.000557383
2.68565e-06
-1.80717e-07
0.000519634
-1.23953e-07
0.00047217
1.89842e-06
1.58317e-06
0.000531731
2.38164e-06
1.33468e-06
0.000588821
2.73417e-06
1.24656e-06
0.000635386
2.94043e-06
1.15022e-06
0.000668372
3.04335e-06
8.62228e-07
0.000685632
3.05841e-06
6.39084e-07
0.000685933
2.96564e-06
5.29896e-07
0.000669119
2.72403e-06
3.78521e-07
0.000636623
2.34047e-06
3.39591e-07
0.000590549
2.87086e-07
0.000533671
1.8262e-06
2.56832e-06
0.000529278
2.28719e-06
2.30939e-06
0.00058967
2.70493e-06
2.26524e-06
0.00063899
2.94627e-06
2.3079e-06
0.000673943
3.04683e-06
2.05238e-06
0.000692191
3.01839e-06
1.78123e-06
0.000692458
2.85899e-06
1.58799e-06
0.000674684
2.55292e-06
1.33905e-06
0.00064021
2.13091e-06
1.17014e-06
0.000591291
9.07358e-07
0.000531119
1.96989e-06
3.63482e-06
0.00051137
2.36133e-06
3.48036e-06
0.000573984
2.77481e-06
3.45933e-06
0.000625052
3.07206e-06
3.58205e-06
0.000661226
3.10361e-06
3.48851e-06
0.00068007
2.9823e-06
3.22804e-06
0.000680296
2.75446e-06
2.95629e-06
0.000661906
2.37132e-06
2.62696e-06
0.000626156
1.97396e-06
2.1995e-06
0.000575416
1.65276e-06
0.000513023
2.25743e-06
4.54913e-06
0.000485574
2.61384e-06
4.5741e-06
0.000549463
2.89623e-06
4.52378e-06
0.000601231
3.11835e-06
4.49366e-06
0.000637507
3.10216e-06
4.43444e-06
0.000656232
2.87872e-06
4.26351e-06
0.00065643
2.55002e-06
4.04849e-06
0.000638099
2.21724e-06
3.71342e-06
0.000602158
1.95905e-06
3.12331e-06
0.000550682
2.42881e-06
0.000486988
2.56224e-06
4.91969e-06
0.000453301
3.00038e-06
4.94147e-06
0.000516791
3.16356e-06
4.79393e-06
0.000567229
3.20558e-06
4.55827e-06
0.000602008
3.10232e-06
4.41883e-06
0.000619806
2.83036e-06
4.31521e-06
0.000619968
2.50682e-06
4.17069e-06
0.0006025
2.23424e-06
3.93234e-06
0.000567997
2.01018e-06
3.5e-06
0.000517816
2.96613e-06
0.000454478
2.66175e-06
4.56929e-06
0.000414609
3.16279e-06
4.49862e-06
0.000476363
3.34e-06
4.34796e-06
0.000524749
3.29456e-06
4.1072e-06
0.000557995
3.13083e-06
3.92778e-06
0.000574988
2.8776e-06
3.82549e-06
0.000575128
2.58064e-06
3.7135e-06
0.000558404
2.27078e-06
3.56784e-06
0.000525389
1.96336e-06
3.32928e-06
0.000477204
3.01254e-06
0.000415562
2.57394e-06
3.77415e-06
0.000371132
3.12754e-06
3.64181e-06
0.000431304
3.41162e-06
3.55078e-06
0.000478298
3.41125e-06
3.4342e-06
0.000510578
3.23766e-06
3.30823e-06
0.000527059
2.98321e-06
3.20916e-06
0.000527182
2.65165e-06
3.14785e-06
0.000510929
2.27031e-06
3.08538e-06
0.000478846
1.89096e-06
2.95624e-06
0.000432004
2.7255e-06
0.000371904
2.54927e-06
2.82736e-06
0.000325249
3.08631e-06
2.69636e-06
0.000384433
3.41016e-06
2.66497e-06
0.000430501
3.49577e-06
2.65726e-06
0.000462068
3.37205e-06
2.63796e-06
0.000478155
3.10114e-06
2.6196e-06
0.000478259
2.73617e-06
2.62851e-06
0.000462369
2.32456e-06
2.63396e-06
0.000430971
1.90475e-06
2.58877e-06
0.00038502
2.38033e-06
0.000325884
2.69718e-06
0.000278423
3.18335e-06
0.00033693
3.46119e-06
0.000382242
3.55457e-06
0.000413174
3.46477e-06
0.000428897
3.22044e-06
0.000428984
2.88135e-06
0.000413427
2.49406e-06
0.000382633
2.09966e-06
0.000337412
0.000278936
5.15553e-06
1.9193e-06
0.000465895
6.07118e-06
1.33344e-06
0.000514516
6.74314e-06
9.65464e-07
0.000553722
7.19592e-06
5.29802e-07
0.000581939
7.4598e-06
7.10451e-08
0.000597413
7.41186e-06
-2.40297e-07
0.000598307
6.98805e-06
-3.81962e-07
0.000584788
6.32574e-06
-5.86827e-07
0.000558632
5.3543e-06
-6.61694e-07
0.000521267
-7.13737e-07
0.000474033
4.56026e-06
2.59067e-06
0.000530203
5.50002e-06
2.01732e-06
0.000587198
6.25642e-06
1.69911e-06
0.000633896
6.72585e-06
1.3274e-06
0.000667105
6.92915e-06
8.125e-07
0.000684687
6.84059e-06
4.04474e-07
0.000685377
6.44444e-06
1.49347e-07
0.000668984
5.75102e-06
-1.57127e-07
0.000636887
4.82177e-06
-3.22053e-07
0.000591139
-5.50602e-07
0.000534476
4.4246e-06
3.56899e-06
0.000527474
5.33347e-06
2.9839e-06
0.000587795
6.1149e-06
2.68507e-06
0.000637223
6.57978e-06
2.41704e-06
0.000672389
6.75888e-06
1.87736e-06
0.000690947
6.62241e-06
1.41177e-06
0.000691587
6.19405e-06
1.05744e-06
0.000674204
5.48198e-06
6.50122e-07
0.000640115
4.57433e-06
3.58088e-07
0.000591519
-6.84103e-08
0.000531539
4.58966e-06
4.55497e-06
0.000509531
5.38837e-06
4.13337e-06
0.000572036
6.15427e-06
3.7965e-06
0.000623175
6.68644e-06
3.59109e-06
0.000659519
6.79747e-06
3.1969e-06
0.000678639
6.54802e-06
2.7462e-06
0.000679211
6.04277e-06
2.27513e-06
0.000661193
5.28442e-06
1.75075e-06
0.000625814
4.4259e-06
1.23746e-06
0.000575395
5.67591e-07
0.000513212
4.89652e-06
5.29167e-06
0.000483833
5.71655e-06
5.13401e-06
0.000547642
6.35945e-06
4.83619e-06
0.000599549
6.80567e-06
4.52913e-06
0.000636123
6.82442e-06
4.20946e-06
0.000655201
6.48702e-06
3.80096e-06
0.000655712
5.8959e-06
3.33179e-06
0.000637633
5.14492e-06
2.78384e-06
0.000601876
4.39754e-06
2.08513e-06
0.000550582
1.24001e-06
0.000487071
5.16943e-06
5.54488e-06
0.000451904
6.10351e-06
5.44695e-06
0.000515544
6.66715e-06
5.13391e-06
0.000566368
6.93241e-06
4.68726e-06
0.000601585
6.87972e-06
4.30933e-06
0.000619759
6.50946e-06
3.94342e-06
0.000620196
5.91313e-06
3.55358e-06
0.000602874
5.21215e-06
3.11717e-06
0.000568364
4.50306e-06
2.52355e-06
0.000518087
1.78645e-06
0.000454682
5.24828e-06
5.1171e-06
0.00041381
6.28796e-06
4.88834e-06
0.000475882
6.88966e-06
4.62343e-06
0.000524657
7.10232e-06
4.23127e-06
0.000558239
7.02334e-06
3.8574e-06
0.000575519
6.68007e-06
3.52783e-06
0.000575887
6.12276e-06
3.21205e-06
0.000559303
5.40606e-06
2.91553e-06
0.000526307
4.59254e-06
2.55103e-06
0.00047799
2.04344e-06
0.00041611
5.21879e-06
4.16302e-06
0.00037086
6.27325e-06
3.8502e-06
0.000431288
6.99076e-06
3.66486e-06
0.000478539
7.28967e-06
3.45368e-06
0.000511057
7.23272e-06
3.21442e-06
0.000527759
6.89646e-06
2.97782e-06
0.000528068
6.29558e-06
2.80049e-06
0.000511941
5.4952e-06
2.66011e-06
0.000479902
4.60001e-06
2.4569e-06
0.000432993
2.08049e-06
0.000372695
5.29787e-06
2.89558e-06
0.000325254
6.33855e-06
2.63218e-06
0.00038461
7.06311e-06
2.58276e-06
0.000430859
7.4334e-06
2.54361e-06
0.000462608
7.42348e-06
2.50615e-06
0.000478873
7.06336e-06
2.46916e-06
0.000479128
6.42503e-06
2.46828e-06
0.00046334
5.60242e-06
2.47747e-06
0.000431976
4.66595e-06
2.43505e-06
0.000385979
2.14996e-06
0.000326692
5.60489e-06
0.000278539
6.59049e-06
0.000337176
7.24941e-06
0.000382633
7.58206e-06
0.000413716
7.57537e-06
0.000429583
7.24403e-06
0.00042979
6.66107e-06
0.000414309
5.89669e-06
0.000383535
5.00196e-06
0.000338263
0.000279655
1.42544e-05
6.11395e-06
0.000456964
1.65393e-05
4.39822e-06
0.000507833
1.81e-05
3.15541e-06
0.000549006
1.90414e-05
1.9398e-06
0.000579058
1.93332e-05
6.79619e-07
0.000596442
1.8834e-05
-2.21477e-07
0.000599027
1.75772e-05
-5.18788e-07
0.000586564
1.57577e-05
-7.26906e-07
0.000561179
1.33017e-05
-8.47259e-07
0.00052457
-8.78041e-07
0.000477869
1.24624e-05
6.28077e-06
0.000527461
1.46895e-05
4.74763e-06
0.000584621
1.62811e-05
3.634e-06
0.000631826
1.72356e-05
2.53191e-06
0.000665559
1.75406e-05
1.35916e-06
0.000683703
1.712e-05
3.74601e-07
0.000685201
1.59885e-05
-2.99699e-07
0.000669897
1.42547e-05
-9.38989e-07
0.000638833
1.19602e-05
-1.4344e-06
0.00059402
-1.84509e-06
0.000538036
1.19824e-05
7.49077e-06
0.000523782
1.42215e-05
6.11812e-06
0.000584185
1.58716e-05
5.0304e-06
0.000634176
1.68221e-05
3.93441e-06
0.000670036
1.70848e-05
2.62939e-06
0.000689414
1.66485e-05
1.39366e-06
0.000691004
1.55657e-05
3.17703e-07
0.00067467
1.38556e-05
-7.05421e-07
0.000641592
1.15987e-05
-1.55805e-06
0.000593899
-2.39375e-06
0.000534578
1.20457e-05
8.91886e-06
0.000505626
1.42085e-05
7.77779e-06
0.000568213
1.58553e-05
6.65323e-06
0.000619905
1.68645e-05
5.52022e-06
0.000656924
1.70779e-05
4.22223e-06
0.000676833
1.65472e-05
2.84925e-06
0.000678286
1.54174e-05
1.43705e-06
0.000661204
1.36826e-05
9.59463e-08
0.000626747
1.14675e-05
-1.12808e-06
0.00057718
-2.42043e-06
0.000515657
1.2292e-05
9.86506e-06
0.000480277
1.45402e-05
8.96471e-06
0.000544207
1.61172e-05
7.95708e-06
0.000596668
1.70264e-05
6.81184e-06
0.000633922
1.71468e-05
5.56643e-06
0.000653737
1.65337e-05
4.19424e-06
0.00065498
1.53039e-05
2.71544e-06
0.000637585
1.35576e-05
1.23545e-06
0.000602483
1.14173e-05
-2.53643e-07
0.000551847
-1.9339e-06
0.000488905
1.24769e-05
9.95461e-06
0.000449103
1.48804e-05
9.06652e-06
0.000513038
1.64481e-05
8.1616e-06
0.000564596
1.72231e-05
7.01731e-06
0.000600605
1.72634e-05
5.81368e-06
0.000619472
1.66298e-05
4.55113e-06
0.000620473
1.53817e-05
3.27741e-06
0.00060356
1.36298e-05
2.0244e-06
0.000569327
1.15181e-05
6.51954e-07
0.000519293
-1.09021e-06
0.000456143
1.25672e-05
8.99378e-06
0.000411969
1.51084e-05
7.87643e-06
0.000474531
1.67647e-05
7.11298e-06
0.00052405
1.75619e-05
6.17881e-06
0.00055828
1.76275e-05
5.17489e-06
0.000576092
1.69972e-05
4.17806e-06
0.00057689
1.57315e-05
3.22621e-06
0.00056062
1.39388e-05
2.32976e-06
0.000527795
1.17107e-05
1.3582e-06
0.000479512
-1.74724e-07
0.000417593
1.2653e-05
7.15091e-06
0.000369843
1.52242e-05
5.86878e-06
0.000430725
1.703e-05
5.34233e-06
0.000478504
1.79757e-05
4.80863e-06
0.000511482
1.81073e-05
4.20255e-06
0.0005286
1.74899e-05
3.59082e-06
0.000529273
1.61793e-05
3.04531e-06
0.000513433
1.4272e-05
2.5688e-06
0.000481571
1.18968e-05
2.02582e-06
0.000434701
7.21309e-07
0.000374295
1.3013e-05
4.65128e-06
0.000324703
1.55913e-05
3.51343e-06
0.000384387
1.73747e-05
3.4034e-06
0.000431014
1.83616e-05
3.30125e-06
0.000463129
1.85306e-05
3.16305e-06
0.000479744
1.79026e-05
3.03105e-06
0.000480315
1.65668e-05
2.93545e-06
0.000464785
1.46394e-05
2.88062e-06
0.000433592
1.21897e-05
2.80486e-06
0.000387649
1.7682e-06
0.000328278
1.398e-05
0.00027822
1.63015e-05
0.000337104
1.78923e-05
0.000382861
1.87654e-05
0.000414249
1.88969e-05
0.000430413
1.83079e-05
0.000430888
1.70787e-05
0.000415625
1.53121e-05
0.000384992
1.30869e-05
0.000339764
0.000281074
4.44057e-05
1.63695e-05
5.2365e-05
1.27483e-05
5.86319e-05
9.34111e-06
6.27122e-05
5.67346e-06
6.41061e-05
1.84943e-06
6.25036e-05
-1.57275e-06
5.80871e-05
-4.34862e-06
5.14788e-05
-6.84728e-06
4.3411e-05
-9.08865e-06
-1.09947e-05
4.24123e-05
2.12568e-05
4.96688e-05
1.68964e-05
5.52666e-05
1.26059e-05
5.87175e-05
7.94213e-06
5.97207e-05
3.01808e-06
5.81543e-05
-1.74687e-06
5.41478e-05
-6.063e-06
4.81301e-05
-1.00443e-05
4.06856e-05
-1.36049e-05
-1.66251e-05
4.0728e-05
2.39323e-05
4.79082e-05
1.94365e-05
5.34815e-05
1.47997e-05
5.69116e-05
9.70454e-06
5.78998e-05
4.21384e-06
5.63862e-05
-1.29475e-06
5.25649e-05
-6.50163e-06
4.67669e-05
-1.1291e-05
3.94775e-05
-1.5511e-05
-1.92422e-05
4.01269e-05
2.52231e-05
4.72721e-05
2.08642e-05
5.28239e-05
1.62117e-05
5.62648e-05
1.10197e-05
5.72352e-05
5.40141e-06
5.57106e-05
-3.84905e-07
5.19315e-05
-6.02578e-06
4.61768e-05
-1.11759e-05
3.89325e-05
-1.56901e-05
-1.99019e-05
4.00314e-05
2.51044e-05
4.72889e-05
2.09779e-05
5.28426e-05
1.66285e-05
5.62291e-05
1.16884e-05
5.71745e-05
6.27316e-06
5.56313e-05
6.26342e-07
5.17817e-05
-4.92376e-06
4.59502e-05
-1.00017e-05
3.86898e-05
-1.45283e-05
-1.90133e-05
4.01123e-05
2.33921e-05
4.75614e-05
1.94515e-05
5.32364e-05
1.55411e-05
5.6651e-05
1.11115e-05
5.75971e-05
6.24312e-06
5.60313e-05
1.19096e-06
5.2095e-05
-3.72105e-06
4.61568e-05
-8.21997e-06
3.87914e-05
-1.23339e-05
-1.6812e-05
4.03509e-05
1.99342e-05
4.80333e-05
1.60981e-05
5.39023e-05
1.27831e-05
5.74603e-05
9.21512e-06
5.84962e-05
5.34881e-06
5.69465e-05
1.39084e-06
5.29524e-05
-2.42734e-06
4.6881e-05
-5.93511e-06
3.92668e-05
-9.22286e-06
-1.34279e-05
4.09303e-05
1.4669e-05
4.88058e-05
1.1182e-05
5.48069e-05
8.80778e-06
5.84565e-05
6.51057e-06
5.95494e-05
4.04605e-06
5.80446e-05
1.53705e-06
5.40711e-05
-8.58512e-07
4.79295e-05
-3.03975e-06
4.00782e-05
-5.16235e-06
-8.78542e-06
4.20037e-05
7.62489e-06
5.00467e-05
5.12565e-06
5.5963e-05
4.22325e-06
5.95251e-05
3.48072e-06
6.05727e-05
2.64886e-06
5.9082e-05
1.79073e-06
5.51859e-05
9.98354e-07
4.91372e-05
3.42126e-07
4.12016e-05
-2.71308e-07
-2.76166e-06
4.39903e-05
5.17562e-05
5.72973e-05
6.0574e-05
6.15003e-05
6.00695e-05
5.63943e-05
5.06859e-05
4.3112e-05
)
;

boundaryField
{
    inlet
    {
        type            calculated;
        value           nonuniform List<scalar> 
500
(
-0.000410195
-0.000410195
-0.000410195
-0.000410195
-0.000410195
-0.000410195
-0.000410195
-0.000410195
-0.000410195
-0.000410195
-0.000410195
-0.000410195
-0.000410195
-0.000410195
-0.000410195
-0.000410195
-0.000410195
-0.000410195
-0.000410195
-0.000410195
-0.000410195
-0.000410195
-0.000410195
-0.000410195
-0.000410195
-0.000410195
-0.000410195
-0.000410195
-0.000410195
-0.000410195
-0.000410195
-0.000410195
-0.000410195
-0.000410195
-0.000410195
-0.000410195
-0.000410195
-0.000410195
-0.000410195
-0.000410195
-0.000410195
-0.000410195
-0.000410195
-0.000410195
-0.000410195
-0.000410195
-0.000410195
-0.000410195
-0.000410195
-0.000410195
-0.000410195
-0.000410195
-0.000410195
-0.000410195
-0.000410195
-0.000410195
-0.000410195
-0.000410195
-0.000410195
-0.000410195
-0.000410195
-0.000410195
-0.000410195
-0.000410195
-0.000410195
-0.000410195
-0.000410195
-0.000410195
-0.000410195
-0.000410195
-0.000410195
-0.000410195
-0.000410195
-0.000410195
-0.000410195
-0.000410195
-0.000410195
-0.000410195
-0.000410195
-0.000410195
-0.000410195
-0.000410195
-0.000410195
-0.000410195
-0.000410195
-0.000410195
-0.000410195
-0.000410195
-0.000410195
-0.000410195
-0.000410195
-0.000410195
-0.000410195
-0.000410195
-0.000410195
-0.000410195
-0.000410195
-0.000410195
-0.000410195
-0.000410195
-0.000649415
-0.000605756
-0.000562097
-0.000518439
-0.00047478
-0.000431121
-0.000387462
-0.000343803
-0.000300145
-0.000256486
-0.000706788
-0.000662705
-0.000618622
-0.000574538
-0.000530455
-0.000486372
-0.000442289
-0.000398205
-0.000354122
-0.000310039
-0.000753457
-0.000708798
-0.000664139
-0.00061948
-0.000574821
-0.000530162
-0.000485503
-0.000440844
-0.000396185
-0.000351526
-0.000786345
-0.000741176
-0.000696007
-0.000650838
-0.000605669
-0.0005605
-0.000515331
-0.000470162
-0.000424993
-0.000379824
-0.000803331
-0.000757868
-0.000712405
-0.000666943
-0.00062148
-0.000576017
-0.000530555
-0.000485092
-0.000439629
-0.000394167
-0.000803331
-0.000757868
-0.000712405
-0.000666943
-0.00062148
-0.000576017
-0.000530555
-0.000485092
-0.000439629
-0.000394167
-0.000786345
-0.000741176
-0.000696007
-0.000650838
-0.000605669
-0.0005605
-0.000515331
-0.000470162
-0.000424993
-0.000379824
-0.000753457
-0.000708798
-0.000664139
-0.00061948
-0.000574821
-0.000530162
-0.000485503
-0.000440844
-0.000396185
-0.000351526
-0.000706788
-0.000662705
-0.000618622
-0.000574538
-0.000530455
-0.000486372
-0.000442289
-0.000398205
-0.000354122
-0.000310039
-0.000649415
-0.000605756
-0.000562097
-0.000518439
-0.00047478
-0.000431121
-0.000387462
-0.000343803
-0.000300145
-0.000256486
-0.000649415
-0.000605756
-0.000562097
-0.000518439
-0.00047478
-0.000431121
-0.000387462
-0.000343803
-0.000300145
-0.000256486
-0.000706788
-0.000662705
-0.000618622
-0.000574538
-0.000530455
-0.000486372
-0.000442289
-0.000398205
-0.000354122
-0.000310039
-0.000753457
-0.000708798
-0.000664139
-0.00061948
-0.000574821
-0.000530162
-0.000485503
-0.000440844
-0.000396185
-0.000351526
-0.000786345
-0.000741176
-0.000696007
-0.000650838
-0.000605669
-0.0005605
-0.000515331
-0.000470162
-0.000424993
-0.000379824
-0.000803331
-0.000757868
-0.000712405
-0.000666943
-0.00062148
-0.000576017
-0.000530555
-0.000485092
-0.000439629
-0.000394167
-0.000803331
-0.000757868
-0.000712405
-0.000666943
-0.00062148
-0.000576017
-0.000530555
-0.000485092
-0.000439629
-0.000394167
-0.000786345
-0.000741176
-0.000696007
-0.000650838
-0.000605669
-0.0005605
-0.000515331
-0.000470162
-0.000424993
-0.000379824
-0.000753457
-0.000708798
-0.000664139
-0.00061948
-0.000574821
-0.000530162
-0.000485503
-0.000440844
-0.000396185
-0.000351526
-0.000706788
-0.000662705
-0.000618622
-0.000574538
-0.000530455
-0.000486372
-0.000442289
-0.000398205
-0.000354122
-0.000310039
-0.000649415
-0.000605756
-0.000562097
-0.000518439
-0.00047478
-0.000431121
-0.000387462
-0.000343803
-0.000300145
-0.000256486
-0.000649415
-0.000605756
-0.000562097
-0.000518439
-0.00047478
-0.000431121
-0.000387462
-0.000343803
-0.000300145
-0.000256486
-0.000706788
-0.000662705
-0.000618622
-0.000574538
-0.000530455
-0.000486372
-0.000442289
-0.000398205
-0.000354122
-0.000310039
-0.000753457
-0.000708798
-0.000664139
-0.00061948
-0.000574821
-0.000530162
-0.000485503
-0.000440844
-0.000396185
-0.000351526
-0.000786345
-0.000741176
-0.000696007
-0.000650838
-0.000605669
-0.0005605
-0.000515331
-0.000470162
-0.000424993
-0.000379824
-0.000803331
-0.000757868
-0.000712405
-0.000666943
-0.00062148
-0.000576017
-0.000530555
-0.000485092
-0.000439629
-0.000394167
-0.000803331
-0.000757868
-0.000712405
-0.000666943
-0.00062148
-0.000576017
-0.000530555
-0.000485092
-0.000439629
-0.000394167
-0.000786345
-0.000741176
-0.000696007
-0.000650838
-0.000605669
-0.0005605
-0.000515331
-0.000470162
-0.000424993
-0.000379824
-0.000753457
-0.000708798
-0.000664139
-0.00061948
-0.000574821
-0.000530162
-0.000485503
-0.000440844
-0.000396185
-0.000351526
-0.000706788
-0.000662705
-0.000618622
-0.000574538
-0.000530455
-0.000486372
-0.000442289
-0.000398205
-0.000354122
-0.000310039
-0.000649415
-0.000605756
-0.000562097
-0.000518439
-0.00047478
-0.000431121
-0.000387462
-0.000343803
-0.000300145
-0.000256486
-0.000649415
-0.000605756
-0.000562097
-0.000518439
-0.00047478
-0.000431121
-0.000387462
-0.000343803
-0.000300145
-0.000256486
-0.000706788
-0.000662705
-0.000618622
-0.000574538
-0.000530455
-0.000486372
-0.000442289
-0.000398205
-0.000354122
-0.000310039
-0.000753457
-0.000708798
-0.000664139
-0.00061948
-0.000574821
-0.000530162
-0.000485503
-0.000440844
-0.000396185
-0.000351526
-0.000786345
-0.000741176
-0.000696007
-0.000650838
-0.000605669
-0.0005605
-0.000515331
-0.000470162
-0.000424993
-0.000379824
-0.000803331
-0.000757868
-0.000712405
-0.000666943
-0.00062148
-0.000576017
-0.000530555
-0.000485092
-0.000439629
-0.000394167
-0.000803331
-0.000757868
-0.000712405
-0.000666943
-0.00062148
-0.000576017
-0.000530555
-0.000485092
-0.000439629
-0.000394167
-0.000786345
-0.000741176
-0.000696007
-0.000650838
-0.000605669
-0.0005605
-0.000515331
-0.000470162
-0.000424993
-0.000379824
-0.000753457
-0.000708798
-0.000664139
-0.00061948
-0.000574821
-0.000530162
-0.000485503
-0.000440844
-0.000396185
-0.000351526
-0.000706788
-0.000662705
-0.000618622
-0.000574538
-0.000530455
-0.000486372
-0.000442289
-0.000398205
-0.000354122
-0.000310039
-0.000649415
-0.000605756
-0.000562097
-0.000518439
-0.00047478
-0.000431121
-0.000387462
-0.000343803
-0.000300145
-0.000256486
)
;
    }
    outlet
    {
        type            calculated;
        value           nonuniform List<scalar> 
500
(
0.000453675
0.000452828
0.00045183
0.000450763
0.000449658
0.000448525
0.000447361
0.000446146
0.000444836
0.000443326
0.00045396
0.000452985
0.00045193
0.000450835
0.00044972
0.000448591
0.000447446
0.00044627
0.000445039
0.000443706
0.000454092
0.000453059
0.000451971
0.00045086
0.000449739
0.000448612
0.000447478
0.000446326
0.000445139
0.00044388
0.000454154
0.00045309
0.000451985
0.000450864
0.000449739
0.000448614
0.000447487
0.000446349
0.000445184
0.000443962
0.000454178
0.000453101
0.000451988
0.000450863
0.000449736
0.000448611
0.000447487
0.000446356
0.000445202
0.000443996
0.000454178
0.0004531
0.000451988
0.000450863
0.000449736
0.000448611
0.000447486
0.000446355
0.000445201
0.000443995
0.000454154
0.000453089
0.000451984
0.000450863
0.000449738
0.000448612
0.000447485
0.000446347
0.000445183
0.000443962
0.000454092
0.000453057
0.00045197
0.000450859
0.000449737
0.00044861
0.000447475
0.000446324
0.000445137
0.00044388
0.00045396
0.000452984
0.000451928
0.000450835
0.00044972
0.00044859
0.000447444
0.000446269
0.000445037
0.000443702
0.000453674
0.000452826
0.000451829
0.000450763
0.000449659
0.000448527
0.000447363
0.00044615
0.00044484
0.000443322
0.000500286
0.000555247
0.000548074
0.000526667
0.000497912
0.000463496
0.000423606
0.000379085
0.000331947
0.000283819
0.000555861
0.000616847
0.000611831
0.000591823
0.000563832
0.000529064
0.000487492
0.0004411
0.000392634
0.00034356
0.000599828
0.000667256
0.000664149
0.000645259
0.000617666
0.000581744
0.00053788
0.000489607
0.00043988
0.000389816
0.000630701
0.000702863
0.000701101
0.000683005
0.000655482
0.00061818
0.000572445
0.000522867
0.000472214
0.000421359
0.000646582
0.00072127
0.000720205
0.000702537
0.000674956
0.000636752
0.000590027
0.000539791
0.000488644
0.000437347
0.000646644
0.000721314
0.000720247
0.000702583
0.000674991
0.000636771
0.000590033
0.000539792
0.000488643
0.000437347
0.000630656
0.000702871
0.000701132
0.000683043
0.00065552
0.000618201
0.000572455
0.000522871
0.000472216
0.00042136
0.000599654
0.000667173
0.000664117
0.000645253
0.000617678
0.000581754
0.000537885
0.00048961
0.000439881
0.000389817
0.000555599
0.000616666
0.000611726
0.000591766
0.000563801
0.000529046
0.000487486
0.000441099
0.000392634
0.00034356
0.000500333
0.000555355
0.000548163
0.000526733
0.000497946
0.000463507
0.000423609
0.000379086
0.000331946
0.000283818
0.000497848
0.000552045
0.000545321
0.000524312
0.000495905
0.000461857
0.00042237
0.000378226
0.000331368
0.000283426
0.000542194
0.000606358
0.000603366
0.000584792
0.000558062
0.000524519
0.000484034
0.000438495
0.000390694
0.000342152
0.00057499
0.000648274
0.000648799
0.000632503
0.000607213
0.000573516
0.000531593
0.000484819
0.000436258
0.000387143
0.000595313
0.000675632
0.000678953
0.000664511
0.000640314
0.000606281
0.00056332
0.000515839
0.000466825
0.000417322
0.000601746
0.000686782
0.000691971
0.00067881
0.00065544
0.000621446
0.000578236
0.000530633
0.000481554
0.000431978
0.000592676
0.000681481
0.0006872
0.00067461
0.000651851
0.000618525
0.000575946
0.000528812
0.000480094
0.00043082
0.000569156
0.000659906
0.000664879
0.000652157
0.000629824
0.000597742
0.00055661
0.000510534
0.000462596
0.000413978
0.000533254
0.00062299
0.000626469
0.000612983
0.000590693
0.000560001
0.000520929
0.000476477
0.000429686
0.00038199
0.000487174
0.000573309
0.00057458
0.000559683
0.000536838
0.000507129
0.000470202
0.000427766
0.000382404
0.000335772
0.000432542
0.000514756
0.000513295
0.000496476
0.00047242
0.000442701
0.000407084
0.000366367
0.000322363
0.00027666
0.000423372
0.000513216
0.000511275
0.000494175
0.000470199
0.000440782
0.000405658
0.00036539
0.000321717
0.000276238
0.000460935
0.000566017
0.00056757
0.000552886
0.000530893
0.000502346
0.000466596
0.000425127
0.000380482
0.000334387
0.000491027
0.000608534
0.000612976
0.000600373
0.000579905
0.000551393
0.00051439
0.000471593
0.000426047
0.000379315
0.000512384
0.000638494
0.000644928
0.000633765
0.000614276
0.000585397
0.000547195
0.000503394
0.000457172
0.000409927
0.000523893
0.000654057
0.000661481
0.000651037
0.000631949
0.000602731
0.000563849
0.000519539
0.000472968
0.000425436
0.000524263
0.000654099
0.000661494
0.000651036
0.000631945
0.000602731
0.000563838
0.000519533
0.000472967
0.000425436
0.000513422
0.000638514
0.00064488
0.000633743
0.000614272
0.000585389
0.000547182
0.000503388
0.000457171
0.000409928
0.000492343
0.00060858
0.000612853
0.000600282
0.00057988
0.000551415
0.000514412
0.000471598
0.000426041
0.000379312
0.00046204
0.000565966
0.00056736
0.000552754
0.000530867
0.000502404
0.000466637
0.00042513
0.000380473
0.000334384
0.0004234
0.000513018
0.000511085
0.000494081
0.000470193
0.000440814
0.000405665
0.000365382
0.000321712
0.000276239
0.000432089
0.000514543
0.000513179
0.000496424
0.000472388
0.000442667
0.000407064
0.000366361
0.000322359
0.000276658
0.000487125
0.000573217
0.000574465
0.00055964
0.000536836
0.000507115
0.000470202
0.000427765
0.0003824
0.000335767
0.000533398
0.000622963
0.000626409
0.000612942
0.000590698
0.000560008
0.000520939
0.000476478
0.000429682
0.000381986
0.000569305
0.000659839
0.000664843
0.000652168
0.000629867
0.000597767
0.000556618
0.000510537
0.000462596
0.000413975
0.000593199
0.000681531
0.00068723
0.000674675
0.000651919
0.000618556
0.00057595
0.00052881
0.000480093
0.000430817
0.000602203
0.000686942
0.000692066
0.000678901
0.000655512
0.000621474
0.00057824
0.000530631
0.000481553
0.000431977
0.000595329
0.000675618
0.00067893
0.000664507
0.000640332
0.000606294
0.00056332
0.000515837
0.000466824
0.000417322
0.000574634
0.000648048
0.000648636
0.000632387
0.00060714
0.000573484
0.000531581
0.000484817
0.000436259
0.000387144
0.000541727
0.000605981
0.000603095
0.000584604
0.000557946
0.000524464
0.000484015
0.000438492
0.000390694
0.000342153
0.000497452
0.000551729
0.000545087
0.00052414
0.000495804
0.000461812
0.000422351
0.000378221
0.000331367
0.000283426
)
;
    }
    walls
    {
        type            calculated;
        value           uniform 0;
    }
}


// ************************************************************************* //
