{
  "Vm_peak_mps": 5.0,
  "Vm_bulk_mps": 0.0,
  "Vsl_inlet_mps": 1.0811780865510625,
  "erosional_limit_mps": 5.068543166477406,
  "dP_total_bar": 50.92852269330422,
  "arrival_T_C": 5.949862278236122,
  "monitor_T_C": 5.145206168888761,
  "monitor_km": 29.02857142857143,
  "max_subcooling_C": 28.616061325494805,
  "dT_design_C": 28.899239993278282,
  "MEG_wt_pct": 60.0,
  "MEG_Lph": 95731.13207547169,
  "MEG_injected_wt": 0.0,
  "under_inhibited_km": 25.142857142857146,
  "U_eff_WmK": 22.0,
  "cooldown_to_hydrate_h": 1.509903313490213e-14,
  "cooldown_source": "transient",
  "slurry_rel_viscosity": 52.37993299209839,
  "slurry_transportable": false,
  "V_surge_P90_m3": 0.38412655103549553,
  "P_plug": 0.9166666666666666,
  "time_to_plug_P50_h": 2.76952380952385,
  "time_to_plug_P10_h": 2.110476190476152,
  "time_to_plug_P90_h": 3.337142857142995,
  "coupled_hotspot_km": 28.571428571428573,
  "max_Phi_SH": 6101.490989917919,
  "Phi_SH_saturated": false,
  "peak_deposit_mm": 117.07000000000001,
  "deposit_full_bore": true,
  "deposit_from_phi_mm": 27.81044164804462,
  "mass_conservation_err": 8.60059229854897e-07,
  "mass_conservation_warning": false,
  "gas_mass_conservation_err": 6.584654916378259e-13,
  "hydrate_mass_formed_kg": 1515619.814582009,
  "water_to_hydrate_m3": 1261.0825814860218,
  "clip_activations": 4061018,
  "clip_counts": {
    "velocity": 237737,
    "pressure": 4473,
    "holdup": 298198,
    "deposit": 3520610
  },
  "clip_warning": false,
  "clip_frac_velocity": 0.01497461577223482,
  "clip_frac_pressure": 0.00028174603174603173,
  "slug_length_mean_m": 4714.472661483098,
  "slug_length_max_m": 5000.0,
  "slug_body_holdup": 0.95,
  "slug_film_holdup": 0.001,
  "slug_fraction": 0.04602550112602775,
  "sound_speed_min_mps": 153.28302386988318,
  "scaling_tendency_max": 0.4724943574577962,
  "scaling_risk": true,
  "wax_risk": true,
  "wax_under_km": 23.771428571428572,
  "wax_onset_km": 8.457142857142857,
  "wax_appearance_C": 32.0,
  "gas_water_content_gpSm3": 0.10432590398608076,
  "free_water": true,
  "dew_point_bar": 1.0000000000000004,
  "droplet_entrained_peak": 0.0,
  "gas_holdup_consistency": 0.998997034160988,
  "water_frac_peak": 0.35,
  "water_accum_km": 0.2285714285714286,
  "fallbacks": 0
}