time_h,bc_rate_frac,P_bar,T_C,subcooling_C,holdup,v_m_mps,f_slug_Hz,phi_hydrate,deposit_mm,Phi_SH
0,1,113.69,14.173,-3.703,0.35014,1.6612,0.12974,0,0,0.17835
0.0095811,1,114.68,14.169,-3.6349,0.35291,1.5684,0.13022,0,0,0.18095
0.01505,1,114.46,14.189,-3.6465,0.35317,2.154,0.13011,0,0,0.18081
0.023338,1,114.65,14.199,-3.654,0.35806,2.031,0.1302,0,0,0.18355
0.029245,1,114.73,14.213,-3.6587,0.36458,2.0955,0.13024,0,0,0.18699
0.036016,1,114.68,14.226,-3.6754,0.37218,2.175,0.13021,0,0,0.19084
0.041563,1,114.44,14.247,-3.7052,0.38182,2.3285,0.13009,0,0,0.19547
0.048162,1,114.45,14.264,-3.7254,0.39238,2.2556,0.13009,0,0,0.20089
0.054124,1,114.39,14.283,-3.7463,0.40385,2.2913,0.13006,0,0,0.20669
0.060315,1,114.39,14.3,-3.7649,0.41574,2.272,0.13006,0,0,0.21278
0.066243,1,114.35,14.318,-3.7842,0.42801,2.2848,0.13004,0,0,0.21902
0.072209,1,114.35,14.335,-3.8026,0.44027,2.2777,0.13003,0,0,0.22528
0.078054,1,114.36,14.352,-3.8191,0.45243,2.2643,0.13003,0,0,0.23153
0.083885,1,114.4,14.368,-3.8331,0.46452,2.2415,0.13005,0,0,0.23778
0.089739,1,114.43,14.384,-3.8471,0.47645,2.2328,0.13006,0,0,0.24395
0.095618,1,114.46,14.399,-3.861,0.48818,2.2244,0.13007,0,0,0.25
0.10151,1,114.49,14.414,-3.8746,0.49963,2.2181,0.13008,0,0,0.25592
0.10741,1,114.52,14.429,-3.8877,0.51074,2.2091,0.13009,0,0,0.26167
0.11333,1,114.55,14.443,-3.9004,0.5214,2.2027,0.13011,0,0,0.26719
0.11926,1,114.57,14.457,-3.9128,0.5315,2.1969,0.13012,0,0,0.27242
0.1252,1,114.6,14.47,-3.9247,0.54091,2.1924,0.13013,0,0,0.2773
0.13116,1,114.62,14.482,-3.9363,0.5495,2.1885,0.13014,0,0,0.28175
0.13713,1,114.64,14.494,-3.9474,0.55714,2.1852,0.13014,0,0,0.28572
0.14311,1,114.66,14.505,-3.9579,0.56371,2.1824,0.13015,0,0,0.28913
0.1491,1,114.68,14.516,-3.9678,0.5691,2.1803,0.13016,0,0,0.29194
0.15511,1,114.7,14.525,-3.9769,0.57324,2.1784,0.13016,0,0,0.2941
0.16113,1,114.71,14.534,-3.9854,0.57608,2.1771,0.13017,0,0,0.2956
0.16717,1,114.73,14.541,-3.9929,0.57763,2.1763,0.13018,0,0,0.29643
0.17322,1,114.74,14.548,-3.9996,0.5779,2.1758,0.13018,0,0,0.2966
0.17929,1,114.76,14.554,-4.0054,0.57697,2.1756,0.13019,0,0,0.29616
0.18538,1,114.77,14.558,-4.0103,0.57494,2.1756,0.13019,0,0,0.29515
0.19149,1,114.78,14.562,-4.0141,0.57194,2.1759,0.1302,0,0,0.29364
0.19763,1,114.79,14.564,-4.0168,0.56814,2.1759,0.1302,0,0,0.29172
0.20378,1,114.82,14.565,-4.0176,0.56378,2.1704,0.13021,0,0,0.28953
0.20997,1,114.85,14.565,-4.0168,0.55911,2.1646,0.13023,0,0,0.28719
0.21612,1,114.87,14.564,-4.0149,0.55428,2.1628,0.13024,0,0,0.28476
0.22226,1,114.9,14.562,-4.012,0.5495,2.1616,0.13025,0,0,0.28235
0.22835,1,114.91,14.559,-4.0089,0.54492,2.1659,0.13026,0,0,0.28003
0.23434,1,114.92,14.555,-4.0055,0.5407,2.1719,0.13026,0,0,0.27787
0.24023,1,114.88,14.551,-4.0045,0.53673,2.1987,0.13024,0,0,0.27576
0.246,1,114.82,14.547,-4.0043,0.53299,2.2215,0.13022,0,0,0.27374
0.2516,1,114.84,14.542,-3.9987,0.52985,2.1935,0.13023,0,0,0.27216
0.25709,1,114.85,14.537,-3.993,0.52686,2.1929,0.13023,0,0,0.27064
0.26251,1,114.86,14.531,-3.9871,0.52411,2.1948,0.13024,0,0,0.26924
0.2678,1,114.86,14.524,-3.9808,0.52154,2.1944,0.13024,0,0,0.26793
0.27301,1,114.87,14.518,-3.974,0.51914,2.1937,0.13025,0,0,0.2667
0.27814,1,114.89,14.511,-3.9663,0.51693,2.1893,0.13026,0,0,0.26559
0.28318,1,115.02,14.503,-3.9504,0.51565,2.1212,0.13032,0,0,0.26516
0.28819,1,115.12,14.493,-3.9357,0.51372,2.1097,0.13037,0,0,0.26433
0.29401,1,115.28,14.482,-3.9152,0.51302,2.0649,0.13045,0,0,0.26424
0.29956,1,115.36,14.472,-3.8992,0.51252,2.0764,0.13049,0,0,0.26411
0.30508,1,115.45,14.461,-3.8822,0.51288,2.0625,0.13054,0,0,0.26445
0.31024,1,115.51,14.451,-3.8681,0.51362,2.0714,0.13057,0,0,0.26493
0.31525,1,115.57,14.442,-3.8542,0.51496,2.0691,0.1306,0,0,0.26573
0.32003,1,115.61,14.433,-3.8422,0.51668,2.0792,0.13062,0,0,0.26667
0.32474,1,115.63,14.424,-3.8318,0.51875,2.0934,0.13063,0,0,0.26777
0.32943,1,115.61,14.415,-3.8238,0.52106,2.1176,0.13063,0,0,0.26895
0.3342,1,115.58,14.407,-3.8176,0.5236,2.1444,0.13061,0,0,0.2702
0.33908,1,115.52,14.399,-3.8131,0.52617,2.1725,0.13059,0,0,0.27141
0.34412,1,115.45,14.391,-3.8098,0.5287,2.1992,0.13055,0,0,0.27259
0.34936,1,115.36,14.383,-3.8077,0.53121,2.2243,0.13051,0,0,0.27373
0.35483,1,115.26,14.376,-3.8065,0.53371,2.247,0.13047,0,0,0.27484
0.36057,1,115.15,14.369,-3.8064,0.53612,2.273,0.13041,0,0,0.27589
0.36635,1,115.04,14.363,-3.8076,0.53842,2.2965,0.13036,0,0,0.27686
0.37209,1,114.93,14.358,-3.8091,0.54056,2.3119,0.13031,0,0,0.27776
0.37776,1,114.83,14.353,-3.8104,0.54248,2.3218,0.13026,0,0,0.27858
0.38337,1,114.75,14.349,-3.8114,0.54427,2.3262,0.13022,0,0,0.27936
0.38891,1,114.67,14.346,-3.8127,0.54593,2.3331,0.13018,0,0,0.28009
0.39439,1,114.57,14.343,-3.8158,0.54726,2.35,0.13013,0,0,0.2806
0.39993,1,114.46,14.341,-3.8203,0.54804,2.3676,0.13008,0,0,0.28082
0.40555,1,114.35,14.339,-3.8253,0.54807,2.3789,0.13003,0,0,0.28066
0.4113,1,114.26,14.338,-3.83,0.54719,2.3841,0.12998,0,0,0.28006
0.41714,1,114.18,14.337,-3.8336,0.54537,2.3808,0.12995,0,0,0.27902
0.42307,1,114.14,14.336,-3.8359,0.54265,2.3716,0.12993,0,0,0.27756
0.42905,1,114.13,14.335,-3.8359,0.53928,2.3533,0.12992,0,0,0.27582
0.43508,1,114.14,14.334,-3.8343,0.53548,2.3338,0.12993,0,0,0.27391
0.44111,1,114.16,14.333,-3.8316,0.53145,2.316,0.12994,0,0,0.27191
0.44717,1,114.21,14.332,-3.8275,0.52747,2.2947,0.12996,0,0,0.26995
0.45323,1,114.27,14.331,-3.8223,0.5237,2.274,0.12999,0,0,0.26812
0.45932,1,114.33,14.33,-3.8172,0.52022,2.2612,0.13002,0,0,0.26643
0.46542,1,114.37,14.329,-3.8131,0.51704,2.2572,0.13004,0,0,0.26486
0.47153,1,114.39,14.328,-3.8104,0.51419,2.2595,0.13005,0,0,0.26343
0.47764,1,114.4,14.327,-3.809,0.51172,2.2639,0.13006,0,0,0.26217
0.48375,1,114.4,14.327,-3.8088,0.50962,2.2704,0.13005,0,0,0.26107
0.48987,1,114.38,14.328,-3.8099,0.50786,2.2798,0.13005,0,0,0.26013
0.49597,1,114.35,14.329,-3.8125,0.50641,2.2922,0.13003,0,0,0.25931
0.50207,1,114.29,14.33,-3.8171,0.50524,2.3094,0.13,0,0,0.2586
0.50805,1,114.24,14.332,-3.822,0.5044,2.318,0.12998,0,0,0.25807
0.51391,1,114.2,14.334,-3.8269,0.50381,2.322,0.12996,0,0,0.25768
0.51974,1,114.16,14.337,-3.832,0.50345,2.3268,0.12994,0,0,0.25741
0.52547,1,114.12,14.34,-3.8372,0.50328,2.3305,0.12992,0,0,0.25724
0.53113,1,114.08,14.343,-3.8428,0.50326,2.3352,0.1299,0,0,0.25715
0.53666,1,114.05,14.345,-3.8474,0.50344,2.3312,0.12988,0,0,0.25719
0.54206,1,114.06,14.348,-3.8497,0.50376,2.3124,0.12989,0,0,0.25734
0.5477,1,114.08,14.351,-3.8507,0.50407,2.2956,0.1299,0,0,0.2575
0.55377,1,114.1,14.353,-3.8521,0.50449,2.29,0.1299,0,0,0.25772
0.55982,1,114.12,14.355,-3.8533,0.50492,2.283,0.12991,0,0,0.258
0.56587,1,114.13,14.357,-3.8543,0.50545,2.2773,0.12992,0,0,0.2583
0.5719,1,114.15,14.359,-3.8552,0.50599,2.2725,0.12993,0,0,0.2586
0.57793,1,114.17,14.36,-3.856,0.50647,2.2686,0.12994,0,0,0.25888
0.58394,1,114.18,14.362,-3.8567,0.50686,2.2657,0.12994,0,0,0.2591
0.58993,1,114.19,14.363,-3.8573,0.5071,2.2634,0.12995,0,0,0.25924
0.5959,1,114.2,14.364,-3.8579,0.50704,2.2618,0.12995,0,0,0.25926
0.60186,1,114.21,14.365,-3.8583,0.50675,2.2607,0.12995,0,0,0.25914
0.60778,1,114.21,14.365,-3.8585,0.50616,2.2594,0.12996,0,0,0.25886
0.61368,1,114.22,14.365,-3.8587,0.50516,2.2591,0.12996,0,0,0.25836
0.61955,1,114.22,14.365,-3.8589,0.50368,2.2613,0.12996,0,0,0.25762
0.62542,1,114.21,14.365,-3.8593,0.50172,2.2645,0.12996,0,0,0.25661
0.63128,1,114.2,14.365,-3.8599,0.49925,2.2692,0.12995,0,0,0.25533
0.63716,1,114.18,14.364,-3.8607,0.49632,2.2744,0.12994,0,0,0.25381
0.64305,1,114.16,14.364,-3.8616,0.49295,2.2807,0.12993,0,0,0.25205
0.64896,1,114.07,14.363,-3.8671,0.48879,2.3227,0.12989,0,0,0.24977
0.6549,1,113.89,14.364,-3.8793,0.48373,2.3921,0.1298,0,0,0.24689
0.66083,1,113.65,14.366,-3.8963,0.47794,2.4621,0.12968,0,0,0.24355
0.66673,1,113.36,14.369,-3.9175,0.47165,2.5336,0.12954,0,0,0.23988
0.67253,1,113.04,14.373,-3.9422,0.46502,2.6059,0.12939,0,0,0.236
0.67823,1,112.82,14.377,-3.9617,0.45893,2.6116,0.12928,0,0,0.23254
0.68381,1,112.59,14.38,-3.9807,0.45306,2.6363,0.12917,0,0,0.22921
0.68931,1,112.36,14.384,-4.0002,0.44757,2.6656,0.12906,0,0,0.22607
0.69472,1,112.06,14.39,-4.0252,0.44154,2.7292,0.12891,0,0,0.22255
0.70046,1,112,14.392,-4.0342,0.43704,2.6334,0.12888,0,0,0.22019
0.70609,1,112.02,14.394,-4.0354,0.43319,2.5641,0.12889,0,0,0.21829
0.71183,1,112.15,14.393,-4.028,0.43044,2.4711,0.12895,0,0,0.2171
0.71759,1,112.28,14.391,-4.0187,0.42842,2.4185,0.12901,0,0,0.21628
0.72347,1,112.39,14.388,-4.0091,0.42726,2.3836,0.12907,0,0,0.21586
0.72937,1,112.47,14.385,-4.0005,0.42689,2.3658,0.12911,0,0,0.2158
0.73532,1,112.54,14.381,-3.9925,0.42736,2.3529,0.12914,0,0,0.21614
0.74128,1,112.59,14.377,-3.9855,0.42859,2.3468,0.12916,0,0,0.21684
0.74727,1,112.62,14.373,-3.9795,0.43058,2.3438,0.12918,0,0,0.2179
0.75325,1,112.63,14.369,-3.9743,0.43325,2.3441,0.12919,0,0,0.21928
0.75924,1,112.64,14.365,-3.9701,0.43655,2.346,0.12919,0,0,0.22096
0.76523,1,112.63,14.362,-3.967,0.44034,2.3521,0.12919,0,0,0.22287
0.771,1,112.63,14.358,-3.9632,0.44459,2.3447,0.12919,0,0,0.22503
0.77649,1,112.67,14.354,-3.9567,0.44953,2.3168,0.12921,0,0,0.2276
0.78242,1,112.71,14.349,-3.9497,0.45497,2.3063,0.12923,0,0,0.23043
0.78839,1,112.74,14.345,-3.9431,0.46084,2.299,0.12925,0,0,0.23345
0.79436,1,112.77,14.34,-3.9366,0.46707,2.2925,0.12926,0,0,0.23666
0.80031,1,112.8,14.336,-3.9302,0.47358,2.2868,0.12927,0,0,0.24001
0.80626,1,112.82,14.331,-3.9239,0.4803,2.2816,0.12929,0,0,0.24345
0.81219,1,112.84,14.326,-3.9178,0.4871,2.2772,0.1293,0,0,0.24694
0.81811,1,112.86,14.321,-3.9117,0.49389,2.2734,0.12931,0,0,0.25042
0.82401,1,112.88,14.316,-3.9057,0.50052,2.2701,0.12932,0,0,0.25381
0.8299,1,112.89,14.311,-3.8997,0.50683,2.2673,0.12933,0,0,0.25704
0.83577,1,112.91,14.306,-3.8938,0.51265,2.2649,0.12933,0,0,0.26002
0.84161,1,112.92,14.301,-3.8878,0.5178,2.263,0.12934,0,0,0.26265
0.84744,1,112.93,14.296,-3.8819,0.52207,2.2615,0.12935,0,0,0.26484
0.85324,1,112.94,14.29,-3.8758,0.52528,2.2604,0.12935,0,0,0.26648
0.85902,1,112.95,14.284,-3.8694,0.52726,2.2582,0.12936,0,0,0.2675
0.86477,1,112.96,14.278,-3.8629,0.52787,2.2585,0.12936,0,0,0.26781
0.87051,1,112.97,14.272,-3.8563,0.52709,2.2598,0.12937,0,0,0.26741
0.87625,1,112.97,14.265,-3.8497,0.52494,2.2624,0.12937,0,0,0.26631
0.882,1,112.97,14.258,-3.843,0.52156,2.2663,0.12937,0,0,0.26458
0.88777,1,112.96,14.25,-3.8362,0.51713,2.2713,0.12937,0,0,0.26231
0.89357,1,112.96,14.242,-3.8291,0.51187,2.2757,0.12937,0,0,0.25961
0.8994,1,112.94,14.233,-3.8221,0.50597,2.284,0.12936,0,0,0.25657
0.90527,1,112.84,14.225,-3.8206,0.49912,2.3345,0.12931,0,0,0.25291
0.91118,1,112.65,14.217,-3.8247,0.49155,2.4029,0.12923,0,0,0.24874
0.91708,1,112.42,14.21,-3.833,0.48351,2.4708,0.12912,0,0,0.24427
0.92298,1,112.15,14.204,-3.8443,0.47547,2.5381,0.12899,0,0,0.23975
0.92876,1,111.86,14.197,-3.8581,0.4676,2.6029,0.12884,0,0,0.23528
0.93448,1,111.61,14.191,-3.8686,0.46059,2.6244,0.12873,0,0,0.23135
0.94008,1,111.43,14.185,-3.8754,0.45448,2.6331,0.12864,0,0,0.22796
0.94561,1,111.24,14.178,-3.8818,0.4492,2.6469,0.12855,0,0,0.225
0.95101,1,110.94,14.171,-3.8955,0.44366,2.7191,0.12841,0,0,0.22177
0.95672,1,110.82,14.163,-3.8968,0.43957,2.6635,0.12835,0,0,0.21953
0.9624,1,110.82,14.153,-3.8887,0.43641,2.5912,0.12835,0,0,0.21795
0.96815,1,110.9,14.141,-3.8736,0.43431,2.5219,0.12839,0,0,0.21702
0.97388,1,111.04,14.128,-3.8521,0.43322,2.4418,0.12846,0,0,0.21671
0.97965,1,111.17,14.113,-3.83,0.43281,2.4015,0.12853,0,0,0.21671
0.98553,1,111.28,14.098,-3.8078,0.43319,2.3736,0.12858,0,0,0.21708
0.99142,1,111.37,14.082,-3.7862,0.43431,2.3573,0.12863,0,0,0.21779
0.99736,1,111.44,14.065,-3.7648,0.43615,2.3454,0.12867,0,0,0.21884
1.0033,1,111.49,14.047,-3.7439,0.43866,2.3391,0.1287,0,0,0.22019
1.0093,1,111.54,14.029,-3.7234,0.44177,2.3355,0.12872,0,0,0.22183
1.0153,1,111.56,14.01,-3.7033,0.44539,2.3347,0.12874,0,0,0.22371
1.0212,1,111.58,13.991,-3.6838,0.44942,2.3367,0.12875,0,0,0.22577
1.0271,1,111.57,13.973,-3.6653,0.45368,2.3429,0.12875,0,0,0.22791
1.0327,1,111.57,13.956,-3.648,0.45805,2.3463,0.12875,0,0,0.2301
1.038,1,111.58,13.938,-3.6297,0.46256,2.3357,0.12876,0,0,0.2324
1.0432,1,111.62,13.92,-3.6095,0.46734,2.3134,0.12878,0,0,0.23487
1.0486,1,111.67,13.899,-3.5872,0.47242,2.2958,0.12881,0,0,0.23752
1.0544,1,111.71,13.877,-3.5635,0.4776,2.2899,0.12883,0,0,0.24019
1.0604,1,111.73,13.854,-3.5397,0.48273,2.2871,0.12885,0,0,0.24283
1.0663,1,111.76,13.832,-3.5157,0.48775,2.2833,0.12886,0,0,0.24539
1.0723,1,111.78,13.808,-3.4914,0.49256,2.2797,0.12888,0,0,0.24786
1.0782,1,111.8,13.785,-3.4668,0.49711,2.2756,0.12889,0,0,0.25018
1.0841,1,111.82,13.76,-3.4417,0.5013,2.2719,0.1289,0,0,0.25232
1.0901,1,111.84,13.736,-3.4163,0.50506,2.2684,0.12892,0,0,0.25423
1.096,1,111.85,13.711,-3.3905,0.50831,2.2654,0.12893,0,0,0.25589
1.1019,1,111.87,13.685,-3.3644,0.51099,2.2627,0.12894,0,0,0.25725
1.1078,1,111.88,13.659,-3.3379,0.51302,2.2605,0.12895,0,0,0.25828
1.1137,1,111.89,13.633,-3.3111,0.51435,2.2585,0.12896,0,0,0.25896
1.1196,1,111.9,13.606,-3.284,0.51494,2.257,0.12897,0,0,0.25925
1.1254,1,111.91,13.579,-3.2566,0.51474,2.2559,0.12898,0,0,0.25915
1.1313,1,111.92,13.551,-3.2288,0.51373,2.2542,0.12899,0,0,0.25864
1.1371,1,111.93,13.523,-3.2006,0.5119,2.2534,0.129,0,0,0.25771
1.1429,1,111.93,13.495,-3.1725,0.50925,2.2548,0.12901,0,0,0.25636
1.1487,1,111.93,13.466,-3.1442,0.50581,2.2572,0.12902,0,0,0.25461
1.1545,1,111.93,13.437,-3.1159,0.50167,2.2614,0.12902,0,0,0.2525
1.1603,1,111.91,13.407,-3.0875,0.49692,2.2666,0.12902,0,0,0.25007
1.1661,1,111.9,13.377,-3.0589,0.49169,2.2715,0.12902,0,0,0.2474
1.172,1,111.87,13.346,-3.0304,0.48605,2.28,0.12901,0,0,0.2445
1.1779,1,111.76,13.316,-3.0073,0.47962,2.3317,0.12896,0,0,0.2411
1.1838,1,111.57,13.284,-2.9898,0.47242,2.4021,0.12887,0,0,0.23716
1.1898,1,111.32,13.254,-2.9761,0.46471,2.4751,0.12876,0,0,0.23288
1.1957,1,111.02,13.223,-2.9655,0.45669,2.5464,0.12862,0,0,0.22838
1.2016,1,110.7,13.193,-2.9573,0.44873,2.6164,0.12847,0,0,0.22387
1.2073,1,110.45,13.163,-2.9448,0.44145,2.6445,0.12836,0,0,0.21978
1.213,1,110.18,13.134,-2.934,0.43465,2.6658,0.12823,0,0,0.21594
1.2185,1,110.02,13.106,-2.9164,0.42897,2.648,0.12816,0,0,0.21281
1.224,1,109.74,13.076,-2.9073,0.42305,2.7064,0.12804,0,0,0.20942
1.2295,1,109.61,13.046,-2.8873,0.41798,2.666,0.12797,0,0,0.20669
1.2353,1,109.63,13.015,-2.8551,0.41414,2.5752,0.12799,0,0,0.2048
1.241,1,109.71,12.984,-2.8185,0.41118,2.5031,0.12804,0,0,0.20343
1.2467,1,109.83,12.952,-2.7791,0.40913,2.4421,0.1281,0,0,0.20257
1.2525,1,109.93,12.92,-2.7399,0.40776,2.4051,0.12815,0,0,0.20205
1.2583,1,110.02,12.888,-2.7019,0.4071,2.3846,0.1282,0,0,0.20184
1.2642,1,110.09,12.855,-2.6649,0.40716,2.3702,0.12824,0,0,0.20197
1.2701,1,110.13,12.823,-2.6292,0.40793,2.3642,0.12827,0,0,0.20243
1.2761,1,110.17,12.791,-2.5946,0.40941,2.362,0.12829,0,0,0.20322
1.282,1,110.19,12.759,-2.561,0.41155,2.3621,0.1283,0,0,0.20432
1.288,1,110.19,12.728,-2.5287,0.41432,2.3656,0.12831,0,0,0.20572
1.2937,1,110.18,12.699,-2.4985,0.41757,2.3703,0.12831,0,0,0.20733
1.2992,1,110.18,12.671,-2.4698,0.42127,2.363,0.12832,0,0,0.20919
1.3045,1,110.21,12.644,-2.4397,0.42552,2.3438,0.12834,0,0,0.21137
1.3097,1,110.26,12.617,-2.409,0.43025,2.3251,0.12837,0,0,0.2138
1.315,1,110.32,12.587,-2.3774,0.43575,2.304,0.1284,0,0,0.21665
1.3208,1,110.37,12.556,-2.3437,0.44186,2.2963,0.12843,0,0,0.2198
1.3268,1,110.41,12.526,-2.3108,0.44848,2.2942,0.12846,0,0,0.22317
1.3328,1,110.44,12.496,-2.2784,0.45556,2.2898,0.12848,0,0,0.22677
1.3387,1,110.47,12.467,-2.2468,0.46305,2.2864,0.1285,0,0,0.23057
1.3447,1,110.5,12.438,-2.2156,0.47059,2.2826,0.12852,0,0,0.23434
1.3506,1,110.52,12.41,-2.185,0.4778,2.2795,0.12853,0,0,0.23795
1.3566,1,110.55,12.382,-2.1549,0.48471,2.2766,0.12855,0,0,0.2414
1.3625,1,110.57,12.354,-2.1253,0.49132,2.2742,0.12857,0,0,0.2447
1.3684,1,110.59,12.326,-2.0961,0.49766,2.272,0.12858,0,0,0.24787
1.3744,1,110.6,12.299,-2.0674,0.50376,2.2701,0.12859,0,0,0.25091
1.3803,1,110.62,12.272,-2.039,0.50962,2.268,0.12861,0,0,0.25384
1.3862,1,110.64,12.245,-2.011,0.51527,2.2659,0.12862,0,0,0.25666
1.3921,1,110.65,12.219,-1.9833,0.52044,2.2638,0.12863,0,0,0.25923
1.398,1,110.67,12.193,-1.9559,0.52475,2.2618,0.12864,0,0,0.26138
1.4039,1,110.68,12.167,-1.9288,0.52803,2.2601,0.12866,0,0,0.26302
1.4098,1,110.7,12.142,-1.9019,0.53011,2.2587,0.12867,0,0,0.26406
1.4157,1,110.71,12.116,-1.8753,0.53085,2.2577,0.12868,0,0,0.26444
1.4216,1,110.73,12.091,-1.8489,0.53015,2.2567,0.12869,0,0,0.2641
1.4275,1,110.74,12.066,-1.8226,0.52797,2.2569,0.12871,0,0,0.26305
1.4334,1,110.76,12.042,-1.7969,0.5244,2.2577,0.12872,0,0,0.26129
1.4393,1,110.76,12.017,-1.7717,0.51958,2.2604,0.12872,0,0,0.25891
1.4451,1,110.76,11.992,-1.7469,0.51373,2.2649,0.12873,0,0,0.25601
1.451,1,110.76,11.968,-1.7227,0.50709,2.2707,0.12873,0,0,0.25271
1.4569,1,110.76,11.943,-1.6986,0.49994,2.2757,0.12873,0,0,0.24915
1.4628,1,110.74,11.919,-1.6751,0.49248,2.2839,0.12873,0,0,0.2454
1.4687,1,110.65,11.895,-1.6567,0.48448,2.3271,0.12869,0,0,0.2413
1.4747,1,110.48,11.871,-1.6447,0.47595,2.3958,0.12861,0,0,0.23683
1.4808,1,110.24,11.847,-1.6374,0.46729,2.4679,0.1285,0,0,0.23219
1.4868,1,109.94,11.825,-1.6348,0.45896,2.5479,0.12836,0,0,0.22761
1.4926,1,109.62,11.803,-1.6351,0.45106,2.6152,0.12821,0,0,0.22322
1.4984,1,109.28,11.783,-1.6372,0.44369,2.635,0.12805,0,0,0.21903
1.5041,1,109,11.762,-1.6364,0.43726,2.6231,0.12792,0,0,0.21552
1.5098,1,108.91,11.742,-1.6219,0.43261,2.6486,0.12788,0,0,0.21267
1.5153,1,108.78,11.722,-1.6109,0.42842,2.6223,0.12782,0,0,0.21059
1.5209,1,108.52,11.703,-1.6094,0.42476,2.6293,0.12771,0,0,0.2086
1.5262,1,108.53,11.682,-1.59,0.42216,2.5905,0.12773,0,0,0.20692
1.5321,1,108.59,11.661,-1.5647,0.42054,2.531,0.12777,0,0,0.20623
1.5378,1,108.7,11.64,-1.5361,0.41971,2.4627,0.12781,0,0,0.20585
1.5437,1,108.79,11.618,-1.508,0.41956,2.4323,0.12785,0,0,0.20589
1.5496,1,108.89,11.596,-1.4798,0.42006,2.4004,0.1279,0,0,0.20618
1.5555,1,108.96,11.574,-1.4531,0.42109,2.3881,0.12793,0,0,0.20676
1.5614,1,109.01,11.553,-1.4274,0.42284,2.3797,0.12796,0,0,0.20754
1.5674,1,109.04,11.531,-1.4033,0.42526,2.3777,0.12798,0,0,0.20855
1.5733,1,109.05,11.512,-1.3816,0.42784,2.3823,0.12799,0,0,0.20972
1.5787,1,109.05,11.493,-1.3619,0.43076,2.3806,0.12799,0,0,0.21104
1.5838,1,109.06,11.474,-1.3423,0.43403,2.3681,0.128,0,0,0.21253
1.5891,1,109.08,11.455,-1.322,0.43759,2.3594,0.12802,0,0,0.21417
1.5943,1,109.12,11.436,-1.3007,0.44118,2.3431,0.12804,0,0,0.21601
1.5996,1,109.16,11.417,-1.2784,0.44492,2.3337,0.12806,0,0,0.21794
1.6048,1,109.21,11.398,-1.256,0.44891,2.315,0.12809,0,0,0.22004
1.6101,1,109.26,11.379,-1.2336,0.45307,2.3083,0.12812,0,0,0.22217
1.6154,1,109.32,11.358,-1.2104,0.45761,2.2903,0.12815,0,0,0.22452
1.6212,1,109.37,11.337,-1.1858,0.46236,2.2859,0.12818,0,0,0.22693
1.6272,1,109.41,11.315,-1.1614,0.46721,2.2836,0.1282,0,0,0.22936
1.6333,1,109.44,11.293,-1.1372,0.47204,2.2816,0.12822,0,0,0.23177
1.6394,1,109.47,11.271,-1.1133,0.47678,2.2798,0.12824,0,0,0.23413
1.6455,1,109.5,11.249,-1.0896,0.48136,2.277,0.12825,0,0,0.2364
1.6516,1,109.52,11.227,-1.066,0.48571,2.2742,0.12827,0,0,0.23855
1.6576,1,109.55,11.206,-1.0425,0.48989,2.2711,0.12829,0,0,0.24055
1.6637,1,109.57,11.184,-1.0191,0.49372,2.2684,0.1283,0,0,0.24235
1.6698,1,109.59,11.162,-0.99574,0.4967,2.2658,0.12832,0,0,0.24391
1.6759,1,109.62,11.141,-0.97247,0.49892,2.2635,0.12833,0,0,0.2452
1.6819,1,109.64,11.119,-0.94929,0.50033,2.2616,0.12835,0,0,0.24618
1.688,1,109.66,11.097,-0.92621,0.50086,2.26,0.12836,0,0,0.24679
1.694,1,109.68,11.076,-0.90313,0.50096,2.258,0.12838,0,0,0.247
1.7,1,109.7,11.054,-0.88021,0.50023,2.2576,0.12839,0,0,0.24677
1.706,1,109.71,11.033,-0.85767,0.49879,2.2593,0.1284,0,0,0.24609
1.712,1,109.72,11.011,-0.83562,0.49653,2.2626,0.12841,0,0,0.24495
1.718,1,109.73,10.99,-0.81405,0.49347,2.2677,0.12841,0,0,0.2434
1.724,1,109.72,10.969,-0.79291,0.48968,2.274,0.12842,0,0,0.24147
1.73,1,109.71,10.947,-0.77202,0.48531,2.2797,0.12842,0,0,0.23925
1.736,1,109.69,10.925,-0.75184,0.48038,2.2902,0.12841,0,0,0.23674
1.742,1,109.6,10.904,-0.73646,0.47456,2.3435,0.12837,0,0,0.23365
1.7481,1,109.43,10.882,-0.72743,0.46789,2.4179,0.12828,0,0,0.22997
1.7542,1,109.18,10.861,-0.72343,0.46061,2.502,0.12815,0,0,0.22588
1.7602,1,108.85,10.841,-0.72471,0.45327,2.59,0.12799,0,0,0.22168
1.7661,1,108.47,10.822,-0.73068,0.44579,2.6702,0.12781,0,0,0.21738
1.7719,1,108.11,10.803,-0.738,0.43873,2.6737,0.12764,0,0,0.21332
1.7777,1,107.86,10.784,-0.73623,0.43248,2.6482,0.12753,0,0,0.20991
1.7834,1,107.82,10.764,-0.72121,0.42788,2.606,0.12753,0,0,0.20771
1.7891,1,107.77,10.745,-0.70523,0.42358,2.618,0.12751,0,0,0.20548
1.7946,1,107.63,10.726,-0.6954,0.41922,2.6117,0.12742,0,0,0.2031
1.8005,1,107.58,10.707,-0.68032,0.4168,2.565,0.12743,0,0,0.20196
1.8059,1,107.66,10.686,-0.65632,0.41457,2.4954,0.12747,0,0,0.20102
1.812,1,107.73,10.667,-0.63063,0.41339,2.4598,0.12751,0,0,0.20059
1.8178,1,107.81,10.645,-0.60486,0.41265,2.43,0.12755,0,0,0.20036
1.8239,1,107.86,10.625,-0.58014,0.41263,2.4247,0.12758,0,0,0.20044
1.8298,1,107.89,10.604,-0.5571,0.41297,2.4175,0.1276,0,0,0.20071
1.8358,1,107.92,10.584,-0.53444,0.4138,2.4113,0.12762,0,0,0.20125
1.8418,1,107.91,10.564,-0.51439,0.41518,2.4119,0.12762,0,0,0.20195
1.8473,1,107.93,10.545,-0.49408,0.41757,2.3989,0.12763,0,0,0.20295
1.8528,1,107.98,10.526,-0.47151,0.42044,2.3779,0.12766,0,0,0.20422
1.8585,1,108.03,10.508,-0.44836,0.42337,2.3667,0.12768,0,0,0.20573
1.8638,1,108.1,10.489,-0.42477,0.42652,2.339,0.12772,0,0,0.20751
1.8693,1,108.17,10.47,-0.40105,0.43009,2.3268,0.12776,0,0,0.20947
1.8748,1,108.23,10.451,-0.37803,0.43421,2.3163,0.12779,0,0,0.21159
1.8802,1,108.3,10.431,-0.35395,0.43887,2.2989,0.12783,0,0,0.214
1.8861,1,108.37,10.41,-0.3289,0.44394,2.293,0.12786,0,0,0.21659
1.8922,1,108.42,10.388,-0.30421,0.44933,2.2909,0.12789,0,0,0.21932
1.8984,1,108.46,10.367,-0.27988,0.45496,2.2883,0.12792,0,0,0.22214
1.9045,1,108.5,10.346,-0.25596,0.46073,2.2859,0.12794,0,0,0.22503
1.9107,1,108.54,10.325,-0.23224,0.46655,2.283,0.12796,0,0,0.22793
1.9168,1,108.58,10.304,-0.20865,0.47234,2.2796,0.12799,0,0,0.2308
1.923,1,108.61,10.283,-0.18515,0.47797,2.2761,0.12801,0,0,0.2336
1.9291,1,108.64,10.262,-0.16177,0.48334,2.2728,0.12803,0,0,0.23626
1.9353,1,108.68,10.24,-0.13849,0.48832,2.2698,0.12805,0,0,0.23872
1.9414,1,108.71,10.218,-0.11415,0.49239,2.2672,0.12806,0,0,0.24091
1.9475,1,108.74,10.196,-0.090056,0.49562,2.265,0.12808,0,0,0.24275
1.9537,1,108.77,10.174,-0.066015,0.49768,2.2647,0.1281,0,0,0.24417
1.9598,1,108.79,10.152,-0.042328,0.49894,2.2637,0.12812,0,0,0.24508
1.9659,1,108.81,10.13,-0.019137,0.49955,2.2651,0.12813,0,0,0.24542
1.9719,1,108.82,10.109,0.0035261,0.49895,2.2679,0.12814,0,0,0.24518
1.978,1,108.83,10.087,0.025623,0.4972,2.2737,0.12815,0,0,0.24435
1.984,1,108.83,10.065,0.047269,0.49437,2.2803,0.12815,0,0,0.24299
1.9901,1,108.82,10.043,0.068788,0.49063,2.286,0.12815,0,0,0.24117
1.9961,1,108.79,10.021,0.088452,0.48605,2.3001,0.12814,0,0,0.23889
2.0022,1,108.66,9.9988,0.10138,0.48029,2.3596,0.12809,0,0,0.236
2.0083,1,108.45,9.9771,0.10761,0.47364,2.4389,0.12799,0,0,0.23261
2.0143,1,108.15,9.9562,0.10788,0.46644,2.5286,0.12785,0,0,0.22875
2.0201,1,107.81,9.9352,0.10359,0.45859,2.6114,0.12769,0,0,0.22449
2.026,1,107.43,9.9143,0.096922,0.45049,2.6353,0.1275,0,0,0.21999
2.0319,1,107.02,9.8932,0.0906,0.44228,2.6193,0.12732,0,0,0.21536
2.0378,1,106.86,9.8725,0.10065,0.4356,2.6046,0.12726,0,0,0.21162
2.0436,1,106.92,9.8513,0.12511,0.43016,2.6386,0.12727,0,0,0.20843
2.0494,1,106.91,9.8304,0.1445,0.4253,2.5906,0.12727,0,0,0.206
2.0552,1,106.76,9.8093,0.15607,0.42056,2.5662,0.12722,0,0,0.20351
2.061,1,106.75,9.7879,0.17624,0.41699,2.5403,0.12723,0,0,0.20149
2.0668,1,106.8,9.7676,0.20117,0.41458,2.5122,0.12724,0,0,0.20009
2.0724,1,106.89,9.745,0.22809,0.41242,2.4577,0.12728,0,0,0.19905
2.0785,1,106.95,9.723,0.25529,0.41103,2.4416,0.12731,0,0,0.19835
2.0844,1,107.01,9.7003,0.28111,0.41039,2.4357,0.12734,0,0,0.19789
2.0906,1,107.01,9.6783,0.30428,0.411,2.4363,0.12735,0,0,0.19771
2.0963,1,107.02,9.6567,0.32704,0.41125,2.4262,0.12737,0,0,0.19775
2.1019,1,107.04,9.6355,0.34975,0.41153,2.4193,0.1274,0,0,0.19801
2.1074,1,107.07,9.6146,0.37315,0.41256,2.4024,0.12744,0,0,0.19851
2.1128,1,107.13,9.5938,0.39852,0.41355,2.3777,0.12746,0,0,0.19924
2.1182,1,107.21,9.5726,0.42489,0.41543,2.3515,0.12749,0,0,0.20019
2.1238,1,107.28,9.5517,0.45131,0.41794,2.3362,0.12752,0,0,0.20139
2.1292,1,107.35,9.5306,0.47722,0.42086,2.3224,0.12756,0,0,0.20281
2.1347,1,107.41,9.5099,0.50272,0.42417,2.3144,0.12759,0,0,0.2044
2.1401,1,107.47,9.4888,0.52784,0.42787,2.3049,0.12762,0,0,0.20619
2.1457,1,107.54,9.4662,0.55396,0.43205,2.2926,0.12766,0,0,0.20823
2.1516,1,107.61,9.4429,0.58095,0.43668,2.2878,0.12769,0,0,0.21047
2.1578,1,107.66,9.4195,0.60789,0.44166,2.2867,0.12772,0,0,0.21288
2.164,1,107.7,9.3961,0.63442,0.44691,2.2856,0.12775,0,0,0.21542
2.1702,1,107.74,9.3729,0.66063,0.45238,2.2835,0.12777,0,0,0.21807
2.1765,1,107.78,9.3497,0.68665,0.45797,2.2806,0.1278,0,0,0.22079
2.1827,1,107.82,9.3267,0.71249,0.46359,2.2774,0.12782,0,0,0.22355
2.1889,1,107.85,9.3038,0.73814,0.46913,2.2743,0.12784,0,0,0.22628
2.1951,1,107.89,9.2811,0.76356,0.47443,2.2716,0.12786,0,0,0.22893
2.2013,1,107.92,9.2586,0.78874,0.47932,2.2689,0.12788,0,0,0.23141
2.2075,1,107.96,9.2361,0.8138,0.4836,2.2695,0.1279,0,0,0.23364
2.2137,1,107.99,9.2137,0.83866,0.48492,2.2681,0.12791,0,0,0.2355
2.2199,1,108.02,9.1915,0.86321,0.48699,2.2671,0.12792,0,0,0.23688
2.2261,1,108.04,9.1694,0.88707,0.48895,2.2691,0.12794,0,0,0.23768
2.2322,1,108.06,9.1475,0.91024,0.48989,2.2714,0.12795,0,0,0.23783
2.2384,1,108.07,9.1257,0.93272,0.48891,2.2777,0.12796,0,0,0.23732
2.2445,1,108.07,9.104,0.9547,0.48593,2.2841,0.12796,0,0,0.23617
2.2506,1,108.07,9.0824,0.97606,0.48178,2.2924,0.12796,0,0,0.23442
2.2567,1,108.02,9.0611,0.9942,0.47653,2.3214,0.12794,0,0,0.23191
2.2628,1,107.9,9.0405,1.0072,0.47038,2.3732,0.12789,0,0,0.22894
2.2687,1,107.69,9.0198,1.0127,0.46294,2.4509,0.12779,0,0,0.22442
2.2746,1,107.41,8.9993,1.0132,0.45468,2.5351,0.12766,0,0,0.21924
2.2806,1,107.04,8.9792,1.0076,0.44584,2.5654,0.12749,0,0,0.214
2.2865,1,106.66,8.9591,0.99993,0.43679,2.5715,0.1273,0,0,0.20901
2.2925,1,106.35,8.9393,0.99582,0.42814,2.6402,0.12717,0,0,0.20546
2.2984,1,106.19,8.9197,1.0019,0.42055,2.5996,0.12709,0,0,0.20275
2.3043,1,106.22,8.9003,1.0243,0.41457,2.6128,0.1271,0,0,0.1998
2.3102,1,106.24,8.8805,1.0469,0.4093,2.6003,0.1271,0,0,0.19691
2.3161,1,106.19,8.8613,1.0616,0.40477,2.5316,0.12713,0,0,0.19471
2.322,1,106.12,8.8424,1.0756,0.40116,2.5293,0.12711,0,0,0.19303
2.3278,1,106.16,8.8235,1.0978,0.3988,2.5175,0.12709,0,0,0.19138
2.3337,1,106.21,8.8045,1.1212,0.39725,2.4817,0.12712,0,0,0.19057
2.3395,1,106.26,8.7865,1.1438,0.39684,2.4632,0.12714,0,0,0.19011
2.3452,1,106.31,8.7669,1.1663,0.3978,2.4424,0.12718,0,0,0.18996
2.3513,1,106.33,8.7493,1.1864,0.39773,2.4545,0.1272,0,0,0.19011
2.357,1,106.37,8.7318,1.2045,0.3988,2.4436,0.12722,0,0,0.19059
2.3626,1,106.41,8.7148,1.2235,0.40044,2.4352,0.12723,0,0,0.19138
2.3681,1,106.45,8.6984,1.2429,0.40174,2.4226,0.12726,0,0,0.19236
2.3735,1,106.53,8.6815,1.2656,0.40442,2.3813,0.1273,0,0,0.19362
2.379,1,106.6,8.6651,1.2883,0.40756,2.3632,0.12733,0,0,0.19513
2.3845,1,106.68,8.6482,1.3113,0.41124,2.3404,0.12736,0,0,0.19695
2.3901,1,106.74,8.6324,1.333,0.41528,2.336,0.12739,0,0,0.1989
2.3954,1,106.81,8.6159,1.3544,0.41985,2.3199,0.12743,0,0,0.20113
2.401,1,106.86,8.6007,1.3748,0.42464,2.3197,0.12746,0,0,0.20344
2.4062,1,106.93,8.5848,1.3948,0.42991,2.3072,0.12749,0,0,0.206
2.4117,1,107,8.5685,1.4157,0.43563,2.2975,0.12753,0,0,0.20879
2.4174,1,107.06,8.5518,1.4366,0.44178,2.2922,0.12757,0,0,0.21178
2.4233,1,107.12,8.5345,1.4579,0.44833,2.2869,0.1276,0,0,0.21497
2.4294,1,107.17,8.517,1.4792,0.45519,2.2853,0.12763,0,0,0.21831
2.4357,1,107.22,8.4997,1.5,0.46213,2.2856,0.12766,0,0,0.22169
2.4419,1,107.26,8.4826,1.5203,0.46904,2.2851,0.12769,0,0,0.22505
2.4482,1,107.3,8.4656,1.5402,0.47581,2.2837,0.12771,0,0,0.22836
2.4544,1,107.34,8.4489,1.5598,0.48229,2.2824,0.12773,0,0,0.23155
2.4607,1,107.37,8.4324,1.5791,0.48837,2.2803,0.12775,0,0,0.23455
2.4669,1,107.41,8.416,1.5982,0.49392,2.2776,0.12777,0,0,0.23729
2.4731,1,107.45,8.3998,1.6173,0.49883,2.2745,0.12779,0,0,0.23971
2.4792,1,107.49,8.3836,1.6363,0.50291,2.2715,0.12782,0,0,0.24173
2.4854,1,107.53,8.3676,1.6551,0.50526,2.2726,0.12784,0,0,0.24326
2.4916,1,107.56,8.3517,1.6738,0.50504,2.2705,0.12786,0,0,0.24423
2.4978,1,107.59,8.3358,1.6927,0.50693,2.2686,0.12787,0,0,0.2446
2.504,1,107.62,8.32,1.711,0.50728,2.2682,0.12789,0,0,0.24436
2.5102,1,107.63,8.3044,1.7287,0.50677,2.2697,0.1279,0,0,0.24351
2.5164,1,107.65,8.2887,1.7458,0.50448,2.273,0.12791,0,0,0.24212
2.5226,1,107.66,8.2732,1.7622,0.50057,2.28,0.12792,0,0,0.24021
2.5288,1,107.66,8.2578,1.7779,0.49583,2.288,0.12792,0,0,0.23763
2.5349,1,107.66,8.243,1.7932,0.49076,2.2954,0.12792,0,0,0.23468
2.5409,1,107.62,8.228,1.8007,0.48491,2.3175,0.12791,0,0,0.23122
2.547,1,107.47,8.2132,1.7975,0.47809,2.3919,0.12784,0,0,0.22744
2.5531,1,107.24,8.199,1.7891,0.47091,2.4699,0.12773,0,0,0.22334
2.559,1,106.93,8.1851,1.7771,0.46313,2.5372,0.12758,0,0,0.21909
2.5649,1,106.57,8.1713,1.776,0.45503,2.5959,0.12741,0,0,0.21505
2.5709,1,106.16,8.1581,1.7719,0.44707,2.6028,0.12721,0,0,0.21169
2.5767,1,105.83,8.1451,1.7561,0.43945,2.6156,0.12706,0,0,0.20871
2.5826,1,105.73,8.1317,1.7664,0.43354,2.642,0.12702,0,0,0.20512
2.5886,1,105.83,8.1182,1.7871,0.4288,2.57,0.12703,0,0,0.20294
2.5945,1,105.79,8.1052,1.7961,0.42449,2.581,0.12705,0,0,0.20146
2.6003,1,105.71,8.0924,1.7964,0.42051,2.5542,0.12706,0,0,0.20018
2.6061,1,105.78,8.0793,1.8152,0.41811,2.5224,0.12703,0,0,0.19875
2.6119,1,105.84,8.0656,1.8334,0.41605,2.4895,0.12705,0,0,0.19815
2.618,1,105.87,8.0533,1.8522,0.41597,2.4606,0.12706,0,0,0.19779
2.6236,1,105.91,8.0403,1.8693,0.41596,2.4425,0.12709,0,0,0.19771
2.6294,1,105.96,8.0274,1.886,0.4151,2.4323,0.12712,0,0,0.19788
2.6353,1,106.01,8.015,1.8997,0.41537,2.438,0.12715,0,0,0.19833
2.641,1,106.05,8.0026,1.9128,0.416,2.4297,0.12717,0,0,0.19898
2.6467,1,106.12,7.9901,1.9282,0.41677,2.4176,0.12719,0,0,0.1998
2.6525,1,106.19,7.9778,1.9453,0.41821,2.393,0.12722,0,0,0.20086
2.6583,1,106.28,7.9654,1.9647,0.42036,2.3607,0.12726,0,0,0.20215
2.6641,1,106.35,7.9536,1.9824,0.42291,2.352,0.12728,0,0,0.20366
2.6696,1,106.41,7.9423,1.9994,0.42587,2.3385,0.12732,0,0,0.20531
2.675,1,106.51,7.9295,2.0182,0.42934,2.3126,0.12737,0,0,0.20728
2.6811,1,106.57,7.9179,2.0358,0.43312,2.3157,0.12741,0,0,0.2093
2.6867,1,106.64,7.9056,2.0529,0.43735,2.304,0.12745,0,0,0.21154
2.6927,1,106.71,7.8928,2.0711,0.44204,2.2945,0.12749,0,0,0.21399
2.699,1,106.77,7.8801,2.0884,0.44703,2.2948,0.12752,0,0,0.21652
2.7053,1,106.83,7.8677,2.1053,0.45227,2.292,0.12755,0,0,0.21913
2.7115,1,106.88,7.8554,2.1217,0.45766,2.2887,0.12758,0,0,0.22175
2.7178,1,106.94,7.8433,2.138,0.46312,2.2848,0.12761,0,0,0.22434
2.724,1,106.99,7.8314,2.1539,0.46854,2.2811,0.12764,0,0,0.22682
2.7302,1,107.04,7.8196,2.1696,0.47378,2.2773,0.12767,0,0,0.22913
2.7364,1,107.08,7.808,2.1851,0.4787,2.2746,0.1277,0,0,0.23115
2.7427,1,107.13,7.7965,2.2004,0.48309,2.2764,0.12773,0,0,0.23281
2.7489,1,107.16,7.7851,2.2155,0.48673,2.2754,0.12775,0,0,0.23405
2.7551,1,107.19,7.7739,2.2297,0.48806,2.2744,0.12777,0,0,0.2348
2.7613,1,107.21,7.7628,2.2432,0.48902,2.2773,0.12779,0,0,0.23505
2.7675,1,107.21,7.7518,2.2558,0.49034,2.2815,0.1278,0,0,0.23477
2.7737,1,107.22,7.741,2.2677,0.48989,2.289,0.1278,0,0,0.23374
2.7799,1,107.23,7.7303,2.2793,0.48878,2.295,0.12781,0,0,0.23204
2.7861,1,107.23,7.72,2.2821,0.48616,2.3061,0.12781,0,0,0.22981
2.7921,1,107.12,7.7103,2.2737,0.48247,2.3655,0.12776,0,0,0.22719
2.798,1,106.93,7.7009,2.2599,0.47765,2.4368,0.12767,0,0,0.22399
2.8039,1,106.65,7.6917,2.2429,0.4716,2.5226,0.12754,0,0,0.22046
2.8099,1,106.3,7.6829,2.2341,0.46485,2.573,0.12736,0,0,0.21721
2.8159,1,105.86,7.6747,2.2289,0.45771,2.5708,0.12716,0,0,0.21423
2.8218,1,105.43,7.667,2.2154,0.45065,2.6343,0.12695,0,0,0.21135
2.8277,1,105.26,7.659,2.2094,0.44451,2.6294,0.12689,0,0,0.20825
2.8336,1,105.31,7.6508,2.2199,0.43968,2.5856,0.12691,0,0,0.20615
2.8395,1,105.38,7.6425,2.2358,0.43582,2.562,0.12691,0,0,0.20485
2.8454,1,105.32,7.6345,2.2377,0.43205,2.5909,0.12692,0,0,0.20387
2.8513,1,105.34,7.6265,2.2391,0.42914,2.547,0.12695,0,0,0.20286
2.8572,1,105.4,7.6184,2.2529,0.42757,2.5159,0.12695,0,0,0.2024
2.8632,1,105.43,7.6104,2.2658,0.4267,2.4912,0.12697,0,0,0.20237
2.8691,1,105.48,7.6025,2.2798,0.42765,2.46,0.12697,0,0,0.2026
2.875,1,105.54,7.5947,2.2915,0.42901,2.4528,0.12699,0,0,0.20316
2.8808,1,105.62,7.5867,2.3029,0.42964,2.4461,0.12702,0,0,0.20402
2.8869,1,105.65,7.5794,2.3106,0.43063,2.4563,0.12704,0,0,0.20508
2.8925,1,105.74,7.5722,2.3209,0.43228,2.4349,0.12707,0,0,0.20632
2.8981,1,105.84,7.565,2.3347,0.43385,2.4015,0.12711,0,0,0.20787
2.9037,1,105.92,7.5573,2.3504,0.43676,2.3652,0.12716,0,0,0.20972
2.9098,1,105.97,7.5502,2.3651,0.44011,2.3556,0.12719,0,0,0.21166
2.9154,1,106.06,7.5429,2.3792,0.44386,2.3394,0.12724,0,0,0.2138
2.9211,1,106.17,7.5355,2.3941,0.44806,2.322,0.12729,0,0,0.21613
2.9271,1,106.25,7.5285,2.4072,0.45249,2.3209,0.12732,0,0,0.2185
2.9327,1,106.33,7.5215,2.42,0.45722,2.3112,0.12736,0,0,0.22098
2.9384,1,106.42,7.5141,2.4338,0.46234,2.2985,0.12741,0,0,0.22365
2.9446,1,106.51,7.5065,2.4473,0.4677,2.2948,0.12745,0,0,0.22638
2.9509,1,106.58,7.4992,2.4601,0.47315,2.2931,0.12749,0,0,0.22908
2.9572,1,106.65,7.4919,2.4725,0.4786,2.2892,0.12752,0,0,0.23173
2.9635,1,106.72,7.4848,2.4846,0.48394,2.2853,0.12756,0,0,0.23425
2.9697,1,106.78,7.4777,2.4965,0.48908,2.281,0.12759,0,0,0.2366
2.976,1,106.85,7.4708,2.5082,0.49387,2.2775,0.12763,0,0,0.23872
2.9822,1,106.9,7.4639,2.5197,0.4982,2.2761,0.12766,0,0,0.24051
2.9885,1,106.95,7.4572,2.5309,0.50192,2.2779,0.12769,0,0,0.24193
2.9947,1,106.99,7.4505,2.5416,0.50485,2.2767,0.12772,0,0,0.24293
3.001,1,107.02,7.4439,2.5516,0.50588,2.2778,0.12774,0,0,0.24347
3.0072,1,107.04,7.4374,2.5606,0.50649,2.2803,0.12776,0,0,0.24359
3.0135,1,107.05,7.431,2.5689,0.50717,2.2877,0.12777,0,0,0.24327
3.0197,1,107.05,7.4247,2.5765,0.50666,2.2958,0.12778,0,0,0.24229
3.0259,1,107.04,7.4187,2.582,0.50616,2.3046,0.12778,0,0,0.24087
3.0319,1,106.96,7.413,2.5734,0.50392,2.3455,0.12775,0,0,0.23883
3.038,1,106.8,7.4078,2.5557,0.50065,2.4278,0.12767,0,0,0.23622
3.0438,1,106.54,7.4029,2.5323,0.49625,2.5111,0.12754,0,0,0.23306
3.0498,1,106.21,7.3984,2.5079,0.49102,2.5721,0.12737,0,0,0.22971
3.0558,1,105.82,7.3945,2.4952,0.48518,2.5957,0.12717,0,0,0.22685
3.0617,1,105.41,7.3909,2.4886,0.47937,2.6091,0.12696,0,0,0.22435
3.0675,1,105.21,7.3871,2.4828,0.47386,2.6259,0.12687,0,0,0.22184
3.0734,1,105.11,7.3832,2.4792,0.46979,2.6358,0.12687,0,0,0.21993
3.0792,1,105.1,7.3792,2.4807,0.46617,2.6004,0.12688,0,0,0.21881
3.0851,1,105.09,7.3751,2.4827,0.46228,2.6374,0.12687,0,0,0.21746
3.091,1,105.19,7.3711,2.4832,0.45989,2.5727,0.12692,0,0,0.21681
3.0968,1,105.27,7.3669,2.492,0.45827,2.5233,0.12694,0,0,0.21649
3.1026,1,105.31,7.3623,2.5046,0.45711,2.4734,0.12692,0,0,0.21636
3.1086,1,105.38,7.3578,2.5161,0.45704,2.4512,0.12695,0,0,0.2164
3.1145,1,105.45,7.3531,2.5268,0.45762,2.4356,0.12695,0,0,0.21668
3.1205,1,105.56,7.3483,2.5365,0.4587,2.4288,0.12701,0,0,0.21718
3.1267,1,105.65,7.3436,2.5458,0.45803,2.4289,0.12706,0,0,0.21781
3.1329,1,105.74,7.3391,2.5542,0.45841,2.4252,0.12709,0,0,0.21865
3.1388,1,105.83,7.3344,2.5646,0.45926,2.4,0.12711,0,0,0.21971
3.1448,1,105.91,7.3297,2.5759,0.46113,2.3648,0.12715,0,0,0.221
3.1508,1,105.99,7.3251,2.5883,0.46331,2.353,0.12718,0,0,0.22239
3.1567,1,106.1,7.3202,2.6012,0.46583,2.3281,0.12724,0,0,0.22396
3.1629,1,106.19,7.3154,2.6138,0.46866,2.3205,0.12729,0,0,0.2256
3.169,1,106.3,7.3105,2.626,0.47176,2.3076,0.12734,0,0,0.22731
3.1753,1,106.39,7.3056,2.6381,0.47507,2.2995,0.12739,0,0,0.22906
3.1816,1,106.48,7.3007,2.6496,0.47851,2.2934,0.12744,0,0,0.23076
3.1878,1,106.56,7.2958,2.6607,0.48199,2.2874,0.12749,0,0,0.23237
3.1941,1,106.63,7.291,2.6715,0.4854,2.2858,0.12753,0,0,0.23383
3.2004,1,106.69,7.2863,2.6819,0.48862,2.288,0.12757,0,0,0.23508
3.2067,1,106.74,7.2816,2.6916,0.49151,2.2847,0.12761,0,0,0.23609
3.213,1,106.78,7.277,2.7005,0.49391,2.2824,0.12764,0,0,0.23681
3.2193,1,106.77,7.2725,2.7084,0.49369,2.2865,0.12765,0,0,0.23709
3.2255,1,106.78,7.2681,2.7152,0.4936,2.292,0.12767,0,0,0.23675
3.2317,1,106.8,7.2639,2.7176,0.49311,2.3006,0.12768,0,0,0.23592
3.2377,1,106.78,7.2599,2.7055,0.49398,2.3073,0.12768,0,0,0.23462
3.2437,1,106.69,7.2563,2.6861,0.49433,2.3492,0.12766,0,0,0.23275
3.2496,1,106.51,7.2529,2.663,0.49342,2.4293,0.12759,0,0,0.2304
3.2556,1,106.28,7.2501,2.6431,0.49144,2.5184,0.12746,0,0,0.22803
3.2615,1,105.96,7.2477,2.6324,0.48741,2.6119,0.12729,0,0,0.2259
3.2675,1,105.56,7.2459,2.6189,0.48261,2.6124,0.12708,0,0,0.22356
3.2732,1,105.14,7.2441,2.6011,0.47724,2.6978,0.12688,0,0,0.22067
3.2792,1,104.95,7.2423,2.609,0.47221,2.6526,0.12677,0,0,0.21891
3.285,1,104.87,7.2403,2.6036,0.46849,2.6161,0.12678,0,0,0.21779
3.2908,1,104.82,7.2384,2.5983,0.46495,2.644,0.12678,0,0,0.21684
3.2966,1,104.87,7.2361,2.6044,0.46092,2.6018,0.12682,0,0,0.21558
3.3024,1,104.96,7.2339,2.6007,0.45848,2.5709,0.12679,0,0,0.21521
3.3083,1,105.06,7.2313,2.6124,0.4565,2.5312,0.1268,0,0,0.21489
3.3142,1,105.15,7.2286,2.6219,0.45559,2.4812,0.12683,0,0,0.21486
3.32,1,105.26,7.2256,2.6339,0.45476,2.4522,0.12687,0,0,0.21494
3.3261,1,105.36,7.2225,2.6434,0.45438,2.4368,0.12693,0,0,0.21526
3.3323,1,105.43,7.2195,2.6516,0.45395,2.4349,0.12697,0,0,0.21575
3.3385,1,105.51,7.2165,2.6591,0.45429,2.4343,0.127,0,0,0.21639
3.3447,1,105.59,7.2135,2.6668,0.45433,2.4228,0.12702,0,0,0.21724
3.3509,1,105.68,7.2104,2.6764,0.45546,2.3936,0.12706,0,0,0.21832
3.357,1,105.79,7.2072,2.6873,0.45706,2.3644,0.12711,0,0,0.2196
3.3632,1,105.91,7.204,2.699,0.45904,2.3475,0.12717,0,0,0.22101
3.3694,1,106,7.2009,2.7096,0.46141,2.3346,0.12722,0,0,0.22252
3.3754,1,106.1,7.1976,2.7209,0.46408,2.3189,0.12728,0,0,0.22413
3.3817,1,106.18,7.1944,2.7318,0.46705,2.3091,0.12733,0,0,0.22579
3.388,1,106.27,7.1911,2.7422,0.47021,2.302,0.12738,0,0,0.22742
3.3943,1,106.35,7.1879,2.7522,0.4735,2.2984,0.12743,0,0,0.22898
3.4005,1,106.42,7.1847,2.7619,0.47681,2.2952,0.12747,0,0,0.23042
3.4068,1,106.47,7.1816,2.771,0.48003,2.2902,0.12751,0,0,0.23168
3.4131,1,106.52,7.1785,2.7795,0.48288,2.2853,0.12755,0,0,0.23272
3.4194,1,106.56,7.1756,2.787,0.48445,2.2886,0.12756,0,0,0.23351
3.4256,1,106.56,7.1728,2.7932,0.48587,2.2928,0.12757,0,0,0.23395
3.4316,1,106.55,7.1701,2.7987,0.48806,2.297,0.12759,0,0,0.23382
3.4376,1,106.59,7.1674,2.8033,0.48843,2.3014,0.1276,0,0,0.23319
3.4437,1,106.56,7.165,2.7899,0.4889,2.3115,0.12759,0,0,0.23211
3.4496,1,106.48,7.1629,2.7695,0.4884,2.3551,0.12758,0,0,0.23046
3.4555,1,106.32,7.1611,2.7459,0.48776,2.4329,0.12751,0,0,0.22834
3.4615,1,106.1,7.1598,2.7218,0.48571,2.5209,0.12738,0,0,0.22587
3.4676,1,105.77,7.1591,2.7066,0.48238,2.5923,0.1272,0,0,0.22386
3.4733,1,105.35,7.1588,2.694,0.47784,2.6319,0.127,0,0,0.22167
3.4792,1,104.94,7.1588,2.6782,0.47303,2.705,0.1268,0,0,0.21911
3.485,1,104.81,7.1585,2.6805,0.46827,2.6984,0.12673,0,0,0.21716
3.4909,1,104.75,7.1582,2.6749,0.46476,2.6266,0.12671,0,0,0.21608
3.4967,1,104.67,7.1579,2.6668,0.46143,2.6305,0.12672,0,0,0.21515
3.5025,1,104.73,7.1571,2.6731,0.45759,2.5949,0.12675,0,0,0.21396
3.5084,1,104.82,7.1563,2.6714,0.45512,2.5928,0.12669,0,0,0.21348
3.5144,1,104.91,7.1552,2.678,0.45411,2.5285,0.12675,0,0,0.21314
3.5206,1,105.02,7.154,2.6861,0.45294,2.4906,0.1268,0,0,0.21308
3.5264,1,105.13,7.1525,2.6957,0.45219,2.4551,0.12684,0,0,0.21317
3.5325,1,105.21,7.151,2.7042,0.45141,2.4412,0.12688,0,0,0.2135
3.5386,1,105.27,7.1494,2.7107,0.45114,2.439,0.1269,0,0,0.21398
3.5449,1,105.34,7.1478,2.7168,0.45142,2.4404,0.12693,0,0,0.21461
3.551,1,105.43,7.1463,2.723,0.45154,2.4261,0.12697,0,0,0.21547
3.5572,1,105.52,7.1446,2.7312,0.45259,2.3937,0.12702,0,0,0.21653
3.5633,1,105.64,7.1428,2.7409,0.45411,2.367,0.12707,0,0,0.21782
3.5695,1,105.75,7.1409,2.7513,0.45607,2.3501,0.12713,0,0,0.21923
3.5757,1,105.85,7.1391,2.7606,0.45844,2.339,0.12718,0,0,0.22077
3.5817,1,105.96,7.1371,2.7708,0.46114,2.3214,0.12724,0,0,0.22242
3.588,1,106.06,7.1351,2.7807,0.46416,2.3115,0.12729,0,0,0.22415
3.5943,1,106.13,7.1332,2.79,0.46743,2.3041,0.12733,0,0,0.22588
3.6006,1,106.21,7.1312,2.7989,0.47087,2.297,0.12738,0,0,0.22757
3.6068,1,106.28,7.1292,2.8075,0.47439,2.2915,0.12742,0,0,0.22915
3.6131,1,106.35,7.1273,2.8159,0.47787,2.2897,0.12745,0,0,0.23057
3.6194,1,106.4,7.1254,2.8235,0.48118,2.2873,0.12749,0,0,0.23179
3.6256,1,106.44,7.1236,2.8303,0.48318,2.2853,0.12753,0,0,0.23276
3.6317,1,106.47,7.1219,2.8359,0.48561,2.2913,0.12753,0,0,0.23347
3.6375,1,106.45,7.1202,2.8417,0.48757,2.2889,0.12754,0,0,0.23363
3.6438,1,106.49,7.1185,2.8465,0.48793,2.2976,0.12756,0,0,0.23323
3.6501,1,106.5,7.117,2.8452,0.48926,2.3083,0.12757,0,0,0.23233
3.656,1,106.48,7.1157,2.8297,0.48976,2.3236,0.12756,0,0,0.231
3.6619,1,106.4,7.1147,2.8075,0.48818,2.3892,0.12754,0,0,0.22909
3.6678,1,106.22,7.114,2.7817,0.48615,2.4639,0.12744,0,0,0.22662
3.6739,1,105.96,7.1139,2.7627,0.48224,2.5358,0.12729,0,0,0.22426
3.6801,1,105.57,7.1145,2.7492,0.47793,2.604,0.1271,0,0,0.22218
3.6859,1,105.14,7.1154,2.7323,0.47301,2.6809,0.12689,0,0,0.21977
3.6916,1,104.79,7.1165,2.7151,0.46774,2.7371,0.12673,0,0,0.21696
3.6975,1,104.69,7.1173,2.7194,0.4631,2.6415,0.12669,0,0,0.21515
3.7036,1,104.69,7.1181,2.71,0.45956,2.6178,0.12669,0,0,0.214
3.7094,1,104.69,7.1187,2.7017,0.45589,2.6064,0.12669,0,0,0.21305
3.7152,1,104.65,7.1189,2.7063,0.45265,2.6034,0.12669,0,0,0.21182
3.7209,1,104.77,7.1192,2.7016,0.45101,2.5455,0.12667,0,0,0.21138
3.7271,1,104.85,7.119,2.7107,0.44903,2.5159,0.12674,0,0,0.21101
3.7331,1,104.95,7.1187,2.717,0.44844,2.476,0.12678,0,0,0.21098
3.7388,1,105.06,7.1181,2.7263,0.44774,2.4529,0.12681,0,0,0.21111
3.7448,1,105.14,7.1175,2.7333,0.44685,2.4405,0.12685,0,0,0.2115
3.7509,1,105.21,7.1169,2.7392,0.44662,2.4377,0.12689,0,0,0.212
3.7572,1,105.29,7.1163,2.7438,0.447,2.4391,0.12691,0,0,0.21267
3.7632,1,105.37,7.1156,2.7496,0.44758,2.4138,0.12694,0,0,0.21354
3.7694,1,105.46,7.1148,2.7561,0.44889,2.3912,0.12698,0,0,0.21464
3.7753,1,105.58,7.1138,2.7653,0.45058,2.3614,0.12704,0,0,0.21595
3.7816,1,105.69,7.1128,2.7747,0.45271,2.3474,0.1271,0,0,0.21741
3.7878,1,105.78,7.1118,2.7829,0.45524,2.3384,0.12715,0,0,0.21897
3.7937,1,105.89,7.1107,2.7924,0.45813,2.3198,0.1272,0,0,0.22068
3.7999,1,105.99,7.1095,2.8015,0.46135,2.3105,0.12726,0,0,0.22245
3.8062,1,106.08,7.1083,2.81,0.46484,2.3071,0.12731,0,0,0.22424
3.8125,1,106.15,7.1071,2.8182,0.46851,2.2991,0.12735,0,0,0.226
3.8188,1,106.22,7.106,2.8261,0.47226,2.2932,0.12739,0,0,0.22764
3.8251,1,106.28,7.1048,2.8335,0.47597,2.2914,0.12743,0,0,0.22913
3.8313,1,106.34,7.1037,2.8402,0.47817,2.2896,0.12747,0,0,0.23042
3.8373,1,106.38,7.1027,2.8464,0.4815,2.285,0.1275,0,0,0.23149
3.8432,1,106.42,7.1016,2.8528,0.48442,2.284,0.12753,0,0,0.23227
3.8495,1,106.39,7.1006,2.858,0.48677,2.2889,0.12752,0,0,0.23246
3.8558,1,106.42,7.0997,2.8614,0.4865,2.2994,0.12754,0,0,0.23216
3.8617,1,106.45,7.0988,2.8611,0.4877,2.3038,0.12755,0,0,0.23134
3.8676,1,106.46,7.0981,2.8478,0.48772,2.3117,0.12756,0,0,0.23006
3.8737,1,106.4,7.0976,2.8262,0.48738,2.3577,0.12754,0,0,0.22838
3.8795,1,106.29,7.0975,2.8008,0.48594,2.4202,0.12748,0,0,0.22603
3.8857,1,106.11,7.0978,2.7847,0.48291,2.4664,0.12737,0,0,0.22405
3.8918,1,105.77,7.0987,2.7728,0.47904,2.5621,0.1272,0,0,0.22218
3.8976,1,105.38,7.1001,2.756,0.47441,2.6376,0.12701,0,0,0.21996
3.9034,1,104.96,7.1019,2.732,0.46904,2.7174,0.12681,0,0,0.21718
3.9092,1,104.79,7.1035,2.7343,0.46414,2.6745,0.12673,0,0,0.21514
3.9151,1,104.75,7.105,2.7284,0.46017,2.6056,0.12669,0,0,0.21377
3.9209,1,104.77,7.1062,2.7221,0.4564,2.5853,0.12673,0,0,0.21291
3.9267,1,104.77,7.1072,2.7207,0.45284,2.5797,0.12673,0,0,0.21196
3.9325,1,104.75,7.1079,2.7228,0.45063,2.5712,0.12667,0,0,0.21094
3.9383,1,104.84,7.1088,2.7188,0.44831,2.5256,0.12673,0,0,0.21057
3.9444,1,104.91,7.1092,2.7259,0.44682,2.4987,0.12676,0,0,0.21036
3.9501,1,105.03,7.1094,2.7328,0.44622,2.4594,0.12681,0,0,0.21047
3.9563,1,105.11,7.1094,2.74,0.4461,2.4555,0.12685,0,0,0.21078
3.9625,1,105.21,7.1095,2.7447,0.44566,2.4468,0.12689,0,0,0.21125
3.9687,1,105.28,7.1095,2.7488,0.44508,2.4431,0.1269,0,0,0.2119
3.9748,1,105.36,7.1094,2.7537,0.446,2.4218,0.12694,0,0,0.21276
3.9809,1,105.48,7.1093,2.7599,0.44731,2.3835,0.12699,0,0,0.21394
3.987,1,105.59,7.1089,2.7693,0.44893,2.3655,0.12704,0,0,0.21525
3.9932,1,105.7,7.2065,2.778,0.45098,2.3463,0.1271,0,0,0.21677
3.9994,1,105.8,7.3024,2.7042,0.45347,2.3356,0.12715,0,0,0.21841
4.0056,1,105.91,7.3803,2.6157,0.45636,2.3222,0.1272,0,0,0.22019
4.0119,1,106,7.4255,2.5447,0.45961,2.3144,0.12725,0,0,0.22204
4.0182,1,106.05,7.4247,2.5107,0.46315,2.3073,0.1273,0,0,0.22392
4.0245,1,106.13,7.424,2.5183,0.4669,2.2998,0.12734,0,0,0.22577
4.0307,1,106.21,7.4232,2.5255,0.47073,2.2939,0.12738,0,0,0.22752
4.0369,1,106.27,7.4225,2.5321,0.47451,2.2911,0.12742,0,0,0.22909
4.043,1,106.32,7.4218,2.5382,0.47654,2.2893,0.12745,0,0,0.23047
4.0489,1,106.38,7.4211,2.545,0.48008,2.282,0.12749,0,0,0.23164
4.0552,1,106.42,7.4204,2.5506,0.4832,2.2852,0.12752,0,0,0.2325
4.0614,1,106.39,7.4198,2.5543,0.48536,2.2922,0.12753,0,0,0.23279
4.0674,1,106.43,7.4193,2.5574,0.48721,2.298,0.12754,0,0,0.23259
4.0732,1,106.47,7.4188,2.5604,0.48876,2.3007,0.12756,0,0,0.23179
4.0794,1,106.49,7.4184,2.5624,0.48824,2.3118,0.12757,0,0,0.23056
4.0853,1,106.47,7.4182,2.5604,0.48727,2.3596,0.12754,0,0,0.22886
4.0911,1,106.39,7.4184,2.5503,0.48649,2.433,0.12747,0,0,0.22652
4.0973,1,106.09,7.4192,2.5324,0.48349,2.5192,0.12734,0,0,0.22449
4.1033,1,105.7,7.4207,2.5072,0.47948,2.5962,0.12716,0,0,0.22252
4.1091,1,105.28,7.4227,2.4769,0.47459,2.6825,0.12696,0,0,0.22026
4.1149,1,104.91,7.4252,2.4445,0.46905,2.684,0.12677,0,0,0.2174
4.1208,1,104.79,7.4278,2.4159,0.46381,2.6897,0.12668,0,0,0.2153
4.1267,1,104.74,7.4296,2.4128,0.45967,2.652,0.12668,0,0,0.21388
4.1325,1,104.78,7.4308,2.4176,0.45597,2.5952,0.12668,0,0,0.21296
4.1384,1,104.73,7.4324,2.4096,0.45287,2.6153,0.12668,0,0,0.2119
4.1443,1,104.75,7.4339,2.4012,0.44999,2.5911,0.12667,0,0,0.21092
4.15,1,104.84,7.4348,2.4085,0.4478,2.5305,0.1267,0,0,0.21052
4.1561,1,104.9,7.4355,2.4139,0.44635,2.4976,0.12672,0,0,0.21031
4.1619,1,105.02,7.4359,2.4229,0.44565,2.4571,0.12676,0,0,0.21042
4.1681,1,105.12,7.4362,2.4289,0.44532,2.4488,0.12682,0,0,0.21072
4.1742,1,105.22,7.4365,2.4336,0.44529,2.4443,0.12686,0,0,0.2112
4.1804,1,105.29,7.4368,2.436,0.44494,2.4471,0.12689,0,0,0.21185
4.1865,1,105.37,7.4371,2.4399,0.44545,2.434,0.12693,0,0,0.21271
4.1926,1,105.48,7.4371,2.4478,0.44647,2.3992,0.12697,0,0,0.21387
4.1988,1,105.6,7.4369,2.4561,0.44814,2.3762,0.12701,0,0,0.2152
4.2048,1,105.71,7.4366,2.4652,0.45022,2.3539,0.12706,0,0,0.21672
4.211,1,105.81,7.4363,2.4734,0.45275,2.3422,0.12711,0,0,0.21836
4.2171,1,105.92,7.4359,2.482,0.45567,2.3273,0.12717,0,0,0.22014
4.2234,1,106.02,7.4355,2.4904,0.45897,2.317,0.12722,0,0,0.22201
4.2296,1,106.02,7.435,2.4982,0.46258,2.309,0.12727,0,0,0.2239
4.2359,1,106.11,7.4345,2.5058,0.46644,2.301,0.12731,0,0,0.22575
4.2422,1,106.18,7.434,2.5128,0.47043,2.296,0.12736,0,0,0.2275
4.2484,1,106.24,7.4335,2.5191,0.47441,2.2929,0.1274,0,0,0.22908
4.2543,1,106.3,7.433,2.5256,0.47815,2.2864,0.12743,0,0,0.23048
4.2604,1,106.37,7.4325,2.5325,0.4819,2.2806,0.12747,0,0,0.23168
4.2667,1,106.41,7.432,2.5383,0.48524,2.2841,0.12751,0,0,0.23255
4.273,1,106.39,7.4316,2.5422,0.48802,2.2901,0.12752,0,0,0.23285
4.2788,1,106.44,7.4312,2.546,0.48956,2.2899,0.12754,0,0,0.23267
4.2849,1,106.48,7.4309,2.5493,0.4902,2.2946,0.12756,0,0,0.23188
4.2911,1,106.51,7.4306,2.5515,0.49062,2.3039,0.12758,0,0,0.23061
4.2971,1,106.53,7.4304,2.5527,0.49055,2.3143,0.12758,0,0,0.22897
4.303,1,106.49,7.4306,2.5469,0.48942,2.3723,0.12755,0,0,0.22686
4.309,1,106.32,7.4313,2.534,0.48779,2.4458,0.12746,0,0,0.22502
4.3151,1,106.03,7.4325,2.5127,0.48456,2.5382,0.12732,0,0,0.2232
4.321,1,105.66,7.4344,2.4859,0.48014,2.6022,0.12714,0,0,0.22095
4.3268,1,105.26,7.4368,2.4534,0.4749,2.698,0.12694,0,0,0.21827
4.3327,1,104.9,7.4397,2.4196,0.46914,2.7224,0.12677,0,0,0.21609
4.3386,1,104.77,7.4421,2.4036,0.46423,2.6783,0.12669,0,0,0.21461
4.3444,1,104.82,7.4437,2.4066,0.46023,2.652,0.12672,0,0,0.21369
4.3503,1,104.81,7.4451,2.4072,0.45662,2.5888,0.12671,0,0,0.21275
4.3561,1,104.81,7.4471,2.3913,0.45269,2.6333,0.12666,0,0,0.21153
4.362,1,104.87,7.4484,2.3939,0.4501,2.5673,0.12669,0,0,0.21115
4.3679,1,104.96,7.4494,2.399,0.44807,2.5309,0.12673,0,0,0.21095
4.3738,1,105.09,7.45,2.4072,0.44707,2.4801,0.12676,0,0,0.21113
4.3798,1,105.21,7.4505,2.4143,0.44592,2.4573,0.12678,0,0,0.21139
4.386,1,105.29,7.451,2.4199,0.44528,2.4462,0.12683,0,0,0.21186
4.3922,1,105.34,7.4514,2.423,0.44511,2.446,0.12687,0,0,0.21248
4.3983,1,105.38,7.4518,2.4259,0.44529,2.4442,0.12691,0,0,0.21332
4.4044,1,105.48,7.452,2.4322,0.44622,2.4183,0.12695,0,0,0.21446
4.4105,1,105.59,7.452,2.4401,0.44746,2.3871,0.12699,0,0,0.21575
4.4167,1,105.7,7.4519,2.4485,0.44921,2.3669,0.12703,0,0,0.2172
4.4228,1,105.81,7.4518,2.4566,0.45136,2.351,0.12708,0,0,0.21875
4.4288,1,105.93,7.4514,2.4656,0.45392,2.332,0.12714,0,0,0.22022
4.4351,1,106.04,7.4511,2.4739,0.45688,2.3222,0.12719,0,0,0.22186
4.4413,1,106.07,7.4507,2.4818,0.46018,2.3169,0.12724,0,0,0.22367
4.4476,1,106.14,7.4502,2.4895,0.46377,2.3079,0.12729,0,0,0.2256
4.4539,1,106.21,7.4498,2.4967,0.46754,2.3015,0.12733,0,0,0.22716
4.4601,1,106.25,7.4494,2.5031,0.47136,2.2972,0.12737,0,0,0.22855
4.4661,1,106.31,7.4489,2.5097,0.47473,2.2903,0.12741,0,0,0.22976
4.4721,1,106.35,7.4484,2.5165,0.47859,2.2831,0.12746,0,0,0.23069
4.4784,1,106.35,7.448,2.5225,0.48214,2.2833,0.12749,0,0,0.23103
4.4847,1,106.38,7.4476,2.5267,0.4848,2.291,0.12751,0,0,0.23091
4.4906,1,106.44,7.4473,2.5305,0.48747,2.2893,0.12754,0,0,0.23027
4.4965,1,106.49,7.447,2.5339,0.48956,2.2916,0.12756,0,0,0.22916
4.5025,1,106.52,7.4467,2.5363,0.48964,2.2999,0.12758,0,0,0.22774
4.5085,1,106.55,7.4466,2.5369,0.48975,2.3057,0.12759,0,0,0.22594
4.5145,1,106.54,7.4468,2.5318,0.49056,2.3343,0.12757,0,0,0.22446
4.5204,1,106.38,7.4473,2.5207,0.48952,2.4017,0.12753,0,0,0.22284
4.5263,1,106.14,7.4485,2.5021,0.48666,2.4496,0.12743,0,0,0.22064
4.5323,1,105.86,7.4502,2.4769,0.48268,2.5386,0.12728,0,0,0.21824
4.5381,1,105.51,7.4525,2.4476,0.47785,2.622,0.12709,0,0,0.21627
4.5439,1,105.09,7.4551,2.4171,0.47227,2.7032,0.12692,0,0,0.21434
4.5498,1,104.91,7.4576,2.3997,0.46652,2.6333,0.12674,0,0,0.21319
4.5559,1,104.86,7.4597,2.3886,0.46178,2.6279,0.12671,0,0,0.21235
4.5617,1,104.85,7.4615,2.3835,0.45777,2.6481,0.1267,0,0,0.21135
4.5675,1,104.83,7.4631,2.3815,0.45558,2.5919,0.12669,0,0,0.21058
4.5734,1,104.89,7.4645,2.3795,0.45142,2.6276,0.12668,0,0,0.21035
4.5794,1,104.95,7.4657,2.3808,0.44868,2.5575,0.12673,0,0,0.21044
4.5853,1,105.06,7.4665,2.3879,0.44714,2.5122,0.12676,0,0,0.21074
4.5912,1,105.17,7.4671,2.3946,0.44564,2.4709,0.12679,0,0,0.21123
4.5972,1,105.27,7.4675,2.4016,0.44496,2.4533,0.12681,0,0,0.21187
4.6034,1,105.33,7.4679,2.4059,0.44463,2.4453,0.12685,0,0,0.21266
4.6096,1,105.39,7.4683,2.4098,0.44425,2.4452,0.12691,0,0,0.21365
4.6157,1,105.46,7.4686,2.4144,0.44443,2.4403,0.12694,0,0,0.21486
4.6218,1,105.54,7.4687,2.4206,0.4454,2.4176,0.12697,0,0,0.21557
4.6279,1,105.65,7.4687,2.4287,0.44687,2.3819,0.12701,0,0,0.21655
4.634,1,105.76,7.4686,2.437,0.44877,2.3656,0.12705,0,0,0.21777
4.64,1,105.87,7.4683,2.4452,0.4511,2.3472,0.1271,0,0,0.21918
4.6461,1,105.99,7.468,2.454,0.45381,2.3364,0.12716,0,0,0.2208
4.6523,1,106.02,7.4676,2.4621,0.45691,2.326,0.12722,0,0,0.22257
4.6586,1,106.11,7.4672,2.4697,0.46033,2.3173,0.12725,0,0,0.22448
4.6648,1,106.19,7.4668,2.4766,0.46399,2.3104,0.12729,0,0,0.22647
4.6709,1,106.27,7.4664,2.4832,0.46779,2.3034,0.12734,0,0,0.22851
4.6768,1,106.33,7.466,2.4907,0.46985,2.2922,0.12739,0,0,0.23063
4.6831,1,106.37,7.4655,2.4976,0.47388,2.2884,0.12744,0,0,0.23179
4.6893,1,106.34,7.4651,2.5029,0.47776,2.2912,0.12747,0,0,0.23222
4.6953,1,106.38,7.4647,2.5081,0.48144,2.289,0.1275,0,0,0.23219
4.7012,1,106.42,7.4642,2.5135,0.48462,2.2846,0.12754,0,0,0.23158
4.7074,1,106.48,7.4639,2.5173,0.48713,2.2877,0.12756,0,0,0.23048
4.7134,1,106.52,7.4636,2.52,0.48891,2.2949,0.12758,0,0,0.22898
4.7193,1,106.56,7.4633,2.5229,0.48849,2.2982,0.1276,0,0,0.22719
4.7255,1,106.59,7.4632,2.5226,0.48978,2.3063,0.12761,0,0,0.22585
4.7315,1,106.56,7.4634,2.5173,0.48951,2.3309,0.12759,0,0,0.22439
4.7374,1,106.4,7.464,2.5063,0.48837,2.4061,0.12756,0,0,0.22248
4.7432,1,106.26,7.4652,2.488,0.48527,2.434,0.12746,0,0,0.2199
4.7494,1,106.02,7.467,2.4623,0.48127,2.5293,0.1273,0,0,0.21788
4.7553,1,105.65,7.4693,2.4327,0.47622,2.6069,0.12712,0,0,0.21571
4.7613,1,105.24,7.4719,2.4038,0.47076,2.6191,0.12699,0,0,0.21396
4.7671,1,105.02,7.4742,2.3865,0.46513,2.6792,0.12682,0,0,0.21285
4.773,1,104.95,7.4763,2.3754,0.46071,2.6352,0.12673,0,0,0.212
4.7789,1,104.9,7.4782,2.369,0.45766,2.6217,0.12675,0,0,0.21095
4.7847,1,104.91,7.4796,2.3687,0.45523,2.5913,0.12675,0,0,0.21044
4.7905,1,104.93,7.481,2.3668,0.45119,2.6018,0.12672,0,0,0.21043
4.7963,1,104.99,7.4821,2.3679,0.44844,2.5424,0.12675,0,0,0.21058
4.8022,1,105.09,7.4829,2.3748,0.44749,2.5141,0.12678,0,0,0.21098
4.8081,1,105.19,7.4834,2.3806,0.44591,2.4737,0.12679,0,0,0.21154
4.8138,1,105.31,7.4838,2.3881,0.44458,2.4521,0.12683,0,0,0.21225
4.82,1,105.37,7.4842,2.3923,0.44413,2.45,0.12688,0,0,0.21309
4.8261,1,105.43,7.4845,2.3965,0.44355,2.4445,0.12693,0,0,0.21412
4.8323,1,105.49,7.4848,2.4012,0.4436,2.4358,0.12696,0,0,0.21454
4.8384,1,105.57,7.4849,2.4075,0.44461,2.3981,0.12699,0,0,0.21513
4.8446,1,105.69,7.4848,2.4155,0.44604,2.3733,0.12703,0,0,0.21602
4.8508,1,105.8,7.4845,2.4239,0.44796,2.3569,0.12709,0,0,0.21714
4.8568,1,105.91,7.4843,2.4319,0.45031,2.3507,0.12714,0,0,0.21845
4.8629,1,105.92,7.4838,2.4407,0.45306,2.3331,0.1272,0,0,0.21998
4.8691,1,106.02,7.4834,2.4486,0.45619,2.3249,0.12723,0,0,0.22165
4.8753,1,106.1,7.483,2.4556,0.45961,2.3182,0.12728,0,0,0.22346
4.8813,1,106.19,7.4825,2.4632,0.4633,2.3062,0.12733,0,0,0.2254
4.8874,1,106.29,7.4819,2.4709,0.46522,2.3001,0.12738,0,0,0.22744
4.8937,1,106.31,7.4814,2.4778,0.46912,2.2953,0.12742,0,0,0.22948
4.8999,1,106.3,7.4809,2.4835,0.47293,2.2945,0.12745,0,0,0.22975
4.9057,1,106.36,7.4804,2.4898,0.47664,2.2855,0.12748,0,0,0.22955
4.9118,1,106.43,7.4798,2.4957,0.47981,2.2825,0.12753,0,0,0.22888
4.9179,1,106.49,7.4794,2.5003,0.48301,2.29,0.12756,0,0,0.22779
4.9238,1,106.55,7.4789,2.505,0.48541,2.2872,0.12759,0,0,0.22638
4.9301,1,106.59,7.4784,2.5086,0.48713,2.2959,0.12761,0,0,0.2252
4.9363,1,106.62,7.4781,2.511,0.48766,2.3058,0.12762,0,0,0.22438
4.9424,1,106.61,7.4778,2.5112,0.4883,2.323,0.12762,0,0,0.22336
4.9482,1,106.59,7.4778,2.5075,0.48768,2.3672,0.1276,0,0,0.22149
4.9543,1,106.42,7.4782,2.4986,0.4856,2.4256,0.12752,0,0,0.22015
4.9602,1,106.16,7.4791,2.4815,0.48226,2.4721,0.12739,0,0,0.21843
4.9662,1,105.83,7.4806,2.4584,0.47751,2.5167,0.12723,0,0,0.21668
4.9722,1,105.44,7.4826,2.4302,0.47199,2.5893,0.12708,0,0,0.21484
4.9781,1,105.14,7.4851,2.3996,0.46637,2.6382,0.12695,0,0,0.21316
4.9839,1,105.02,7.4873,2.3813,0.46123,2.6755,0.1268,0,0,0.21218
4.9897,1,105,7.4893,2.3694,0.45751,2.6257,0.12677,0,0,0.2115
4.9957,1,105.02,7.4909,2.3647,0.45584,2.6176,0.12677,0,0,0.2108
5.0015,1,105.02,7.4924,2.3616,0.45199,2.5905,0.12677,0,0,0.21027
5.0074,1,104.99,7.4936,2.3624,0.44838,2.5768,0.12676,0,0,0.21038
5.0133,1,105.05,7.4948,2.3593,0.44772,2.5252,0.12678,0,0,0.21066
5.0192,1,105.15,7.4954,2.3666,0.44552,2.4891,0.12683,0,0,0.21122
5.0251,1,105.25,7.4959,2.372,0.44372,2.464,0.12684,0,0,0.21192
5.031,1,105.35,7.4962,2.3789,0.44252,2.4505,0.12687,0,0,0.21278
5.0371,1,105.39,7.4966,2.3817,0.44266,2.4571,0.12689,0,0,0.21314
5.0427,1,105.47,7.4968,2.387,0.44231,2.4396,0.12695,0,0,0.21333
5.0489,1,105.54,7.4969,2.3927,0.44255,2.4181,0.12698,0,0,0.21376
5.0551,1,105.61,7.4969,2.3984,0.44351,2.3935,0.12701,0,0,0.21442
5.0612,1,105.73,7.4967,2.407,0.44525,2.365,0.12706,0,0,0.2154
5.0674,1,105.85,7.4964,2.4154,0.44745,2.3514,0.12711,0,0,0.21658
5.0735,1,105.96,7.4959,2.4237,0.45009,2.3491,0.12717,0,0,0.21798
5.0795,1,106.01,7.4954,2.4324,0.45313,2.3334,0.12722,0,0,0.21958
5.0858,1,106.02,7.4949,2.4405,0.45653,2.3238,0.12727,0,0,0.22135
5.092,1,106.12,7.4943,2.4478,0.46021,2.3174,0.1273,0,0,0.22324
5.098,1,106.21,7.4938,2.4547,0.46408,2.3101,0.12734,0,0,0.22523
5.1039,1,106.31,7.4931,2.4626,0.46476,2.2995,0.12739,0,0,0.22736
5.1102,1,106.4,7.4925,2.4699,0.46867,2.2941,0.12744,0,0,0.22951
5.1165,1,106.36,7.4919,2.4758,0.47267,2.2939,0.12748,0,0,0.23068
5.1225,1,106.39,7.4913,2.4816,0.47654,2.2901,0.1275,0,0,0.23063
5.1283,1,106.47,7.4906,2.4879,0.4792,2.2798,0.12755,0,0,0.23004
5.1345,1,106.53,7.49,2.4931,0.48204,2.2848,0.12758,0,0,0.22903
5.1405,1,106.58,7.4895,2.4972,0.48504,2.2875,0.1276,0,0,0.22769
5.1465,1,106.63,7.4889,2.5012,0.48708,2.2873,0.12762,0,0,0.22608
5.1527,1,106.67,7.4885,2.5043,0.48872,2.2981,0.12764,0,0,0.22496
5.159,1,106.68,7.4881,2.5054,0.48946,2.3125,0.12765,0,0,0.22402
5.1649,1,106.64,7.488,2.5022,0.48866,2.3528,0.12763,0,0,0.22244
5.1709,1,106.56,7.4881,2.4955,0.48816,2.4109,0.12758,0,0,0.2206
5.1769,1,106.35,7.4888,2.4802,0.48436,2.4291,0.12748,0,0,0.2189
5.183,1,106.06,7.4901,2.4584,0.4794,2.4927,0.12731,0,0,0.21707
5.1888,1,105.71,7.4919,2.431,0.4738,2.5643,0.12714,0,0,0.21519
5.1947,1,105.41,7.4942,2.4013,0.46846,2.653,0.12707,0,0,0.21336
5.2006,1,105.15,7.4963,2.3821,0.46347,2.6663,0.1269,0,0,0.21228
5.2064,1,105.09,7.4981,2.3694,0.45931,2.5795,0.12682,0,0,0.21157
5.2122,1,105.14,7.4996,2.3659,0.4564,2.6277,0.12683,0,0,0.21087
5.218,1,105.14,7.501,2.3618,0.45403,2.5708,0.12684,0,0,0.21018
5.2239,1,105.1,7.502,2.3633,0.45112,2.5632,0.12681,0,0,0.21021
5.2297,1,105.15,7.5032,2.3582,0.44764,2.5301,0.12683,0,0,0.21038
5.2356,1,105.24,7.5038,2.365,0.4455,2.4974,0.12685,0,0,0.21085
5.2415,1,105.34,7.5043,2.3699,0.4435,2.4687,0.12687,0,0,0.21145
5.2474,1,105.44,7.5046,2.3767,0.44211,2.4546,0.12691,0,0,0.21223
5.2536,1,105.49,7.5049,2.3805,0.44179,2.4561,0.12694,0,0,0.21305
5.2598,1,105.55,7.5051,2.3843,0.44157,2.4474,0.12697,0,0,0.21316
5.2657,1,105.6,7.5051,2.3907,0.44162,2.4109,0.12701,0,0,0.21354
5.2718,1,105.7,7.505,2.3967,0.44273,2.3817,0.12705,0,0,0.21409
5.2779,1,105.82,7.5047,2.4062,0.44431,2.3612,0.12711,0,0,0.215
5.2841,1,105.92,7.5044,2.4142,0.4464,2.3644,0.12716,0,0,0.2161
5.2902,1,106.01,7.5039,2.4227,0.44892,2.3476,0.12722,0,0,0.21743
5.2962,1,105.99,7.5033,2.4311,0.45185,2.3325,0.12727,0,0,0.21896
5.3025,1,106.1,7.5028,2.439,0.45515,2.3246,0.12729,0,0,0.22066
5.3085,1,106.18,7.5022,2.4456,0.4587,2.3197,0.12733,0,0,0.22247
5.3143,1,106.3,7.5015,2.4539,0.46179,2.3018,0.12738,0,0,0.22449
5.3207,1,106.4,7.5008,2.4615,0.46343,2.3004,0.12743,0,0,0.22658
5.3269,1,106.45,7.5002,2.4678,0.46743,2.2985,0.12747,0,0,0.22865
5.333,1,106.4,7.4996,2.4736,0.4714,2.2947,0.12751,0,0,0.22997
5.3387,1,106.49,7.4989,2.4803,0.47534,2.283,0.12753,0,0,0.22976
5.345,1,106.55,7.4982,2.4861,0.47727,2.2843,0.12757,0,0,0.22903
5.3511,1,106.6,7.4976,2.4905,0.48076,2.2911,0.12761,0,0,0.22784
5.3571,1,106.65,7.497,2.4946,0.48377,2.2875,0.12763,0,0,0.22638
5.3632,1,106.69,7.4965,2.4983,0.48574,2.2899,0.12766,0,0,0.22482
5.3695,1,106.71,7.496,2.5007,0.48614,2.2984,0.12766,0,0,0.22369
5.3757,1,106.68,7.4958,2.4974,0.48652,2.31,0.12765,0,0,0.22243
5.3816,1,106.61,7.4959,2.4917,0.48753,2.3574,0.12761,0,0,0.22106
5.3876,1,106.47,7.4964,2.4798,0.4864,2.4183,0.12752,0,0,0.21914
5.3935,1,106.23,7.4974,2.4608,0.48347,2.4738,0.12736,0,0,0.21683
5.3995,1,105.91,7.499,2.4356,0.47956,2.5128,0.12718,0,0,0.21493
5.4053,1,105.52,7.5011,2.4059,0.47454,2.5906,0.12709,0,0,0.21303
5.4113,1,105.36,7.5031,2.3876,0.46906,2.6658,0.12701,0,0,0.21192
5.4171,1,105.22,7.5048,2.3759,0.46345,2.6339,0.12691,0,0,0.21119
5.423,1,105.1,7.5066,2.3615,0.45859,2.6273,0.12679,0,0,0.21045
5.4287,1,105.08,7.5084,2.3509,0.45704,2.6387,0.12679,0,0,0.20947
5.4346,1,105.1,7.5094,2.3567,0.45312,2.5791,0.12681,0,0,0.20943
5.4405,1,105.1,7.5104,2.355,0.44909,2.5831,0.12682,0,0,0.2095
5.4463,1,105.13,7.5114,2.3546,0.44561,2.5247,0.12684,0,0,0.20989
5.4522,1,105.24,7.5119,2.3601,0.44387,2.4851,0.12687,0,0,0.21041
5.4581,1,105.33,7.5124,2.3646,0.44209,2.4636,0.12689,0,0,0.21113
5.4638,1,105.45,7.5126,2.3709,0.44071,2.4511,0.12691,0,0,0.21197
5.47,1,105.52,7.5128,2.3761,0.44111,2.4447,0.12695,0,0,0.21286
5.4761,1,105.58,7.5127,2.3839,0.44137,2.4338,0.12699,0,0,0.21314
5.4823,1,105.62,7.5127,2.3892,0.44216,2.4295,0.12703,0,0,0.21352
5.4884,1,105.68,7.5126,2.3941,0.44277,2.4146,0.12706,0,0,0.2142
5.4941,1,105.8,7.5123,2.4028,0.44469,2.3701,0.12711,0,0,0.21518
5.5003,1,105.92,7.5118,2.4116,0.44717,2.3557,0.12717,0,0,0.21636
5.5064,1,106.04,7.5113,2.42,0.45006,2.3475,0.12722,0,0,0.21776
5.5126,1,106.02,7.5107,2.4284,0.45336,2.3348,0.12728,0,0,0.21935
5.5188,1,106.11,7.5101,2.4361,0.45694,2.3261,0.12729,0,0,0.22111
5.525,1,106.2,7.5095,2.4429,0.4607,2.32,0.12733,0,0,0.22298
5.5309,1,106.3,7.5089,2.4506,0.46273,2.3057,0.12738,0,0,0.225
5.5371,1,106.39,7.5082,2.458,0.46372,2.3003,0.12743,0,0,0.22709
5.5434,1,106.48,7.5075,2.4647,0.46787,2.2975,0.12748,0,0,0.22916
5.5495,1,106.51,7.5069,2.47,0.47196,2.2956,0.12752,0,0,0.23111
5.5554,1,106.5,7.5062,2.476,0.47602,2.2857,0.12756,0,0,0.23159
5.5615,1,106.57,7.5056,2.4812,0.47986,2.2862,0.12759,0,0,0.23096
5.5677,1,106.63,7.505,2.4857,0.48143,2.2883,0.12763,0,0,0.22976
5.5739,1,106.68,7.5045,2.4893,0.48464,2.2879,0.12764,0,0,0.22816
5.5798,1,106.72,7.504,2.492,0.48563,2.2859,0.12767,0,0,0.22622
5.586,1,106.75,7.5038,2.4896,0.4858,2.2916,0.12767,0,0,0.22397
5.5922,1,106.62,7.5039,2.4834,0.48717,2.3008,0.12764,0,0,0.222
5.5984,1,106.56,7.5044,2.4726,0.48675,2.3102,0.1276,0,0,0.22083
5.6043,1,106.57,7.5051,2.459,0.48748,2.3474,0.12754,0,0,0.21929
5.6102,1,106.52,7.5063,2.4403,0.48604,2.3918,0.12752,0,0,0.2174
5.6161,1,106.37,7.508,2.4172,0.48275,2.4533,0.12742,0,0,0.21508
5.6219,1,106.11,7.5094,2.4052,0.47824,2.5334,0.1273,0,0,0.21307
5.6279,1,105.72,7.5108,2.3953,0.47299,2.5788,0.12713,0,0,0.21106
5.6337,1,105.4,7.5125,2.3775,0.46712,2.6017,0.127,0,0,0.20971
5.6396,1,105.19,7.5147,2.354,0.46161,2.6475,0.12685,0,0,0.20872
5.6454,1,105.14,7.5163,2.3485,0.45805,2.6818,0.12682,0,0,0.20839
5.6513,1,105.2,7.5173,2.3517,0.45507,2.5782,0.12686,0,0,0.20822
5.6571,1,105.18,7.5181,2.3564,0.45119,2.5778,0.12686,0,0,0.20841
5.6629,1,105.16,7.5191,2.3512,0.44684,2.5633,0.12686,0,0,0.20877
5.6688,1,105.23,7.5198,2.3545,0.44436,2.541,0.12688,0,0,0.20933
5.6745,1,105.34,7.5202,2.3588,0.44251,2.4992,0.12691,0,0,0.21002
5.6805,1,105.46,7.5205,2.3653,0.44087,2.4646,0.12693,0,0,0.21092
5.6866,1,105.55,7.5205,2.3737,0.44092,2.4506,0.12696,0,0,0.21212
5.6928,1,105.62,7.5205,2.3809,0.44119,2.4402,0.12701,0,0,0.21321
5.699,1,105.66,7.5203,2.3875,0.44041,2.4336,0.12704,0,0,0.21373
5.7052,1,105.71,7.5202,2.3921,0.44123,2.4253,0.12708,0,0,0.21449
5.7112,1,105.8,7.5199,2.3983,0.44299,2.3919,0.12711,0,0,0.21558
5.7172,1,105.92,7.5195,2.4065,0.44514,2.3691,0.12716,0,0,0.21687
5.7234,1,106.01,7.5192,2.4128,0.44747,2.3613,0.1272,0,0,0.2183
5.729,1,106.13,7.5186,2.4219,0.44962,2.3418,0.12727,0,0,0.21998
5.7353,1,106.12,7.5179,2.4304,0.45222,2.3303,0.12732,0,0,0.22182
5.7415,1,106.21,7.5173,2.4377,0.45524,2.3232,0.12734,0,0,0.22375
5.7477,1,106.3,7.5166,2.4444,0.45862,2.3157,0.12739,0,0,0.22575
5.7537,1,106.39,7.516,2.4512,0.46229,2.3052,0.12743,0,0,0.22779
5.7598,1,106.48,7.5153,2.4585,0.46399,2.2969,0.12748,0,0,0.22985
5.7661,1,106.57,7.5146,2.4647,0.46814,2.2919,0.12753,0,0,0.2318
5.7723,1,106.58,7.5139,2.4696,0.47217,2.2938,0.12756,0,0,0.23303
5.7782,1,106.57,7.5133,2.4743,0.47604,2.2908,0.1276,0,0,0.23272
5.7842,1,106.64,7.5127,2.4793,0.47962,2.2859,0.12763,0,0,0.2318
5.7905,1,106.69,7.5121,2.4835,0.48142,2.2857,0.12766,0,0,0.2303
5.7966,1,106.73,7.5116,2.4854,0.48422,2.2892,0.12767,0,0,0.22832
5.8026,1,106.76,7.5114,2.4826,0.4857,2.2927,0.12768,0,0,0.22579
5.8087,1,106.64,7.5114,2.4761,0.48502,2.2992,0.12766,0,0,0.22296
5.8149,1,106.56,7.5119,2.4648,0.48689,2.3081,0.12762,0,0,0.22046
5.8209,1,106.58,7.5127,2.4505,0.48673,2.3462,0.12755,0,0,0.21861
5.8269,1,106.54,7.5137,2.4346,0.48461,2.4105,0.12752,0,0,0.21708
5.8328,1,106.46,7.5151,2.4156,0.48139,2.4251,0.12746,0,0,0.21542
5.8387,1,106.15,7.5162,2.4072,0.47699,2.5032,0.12737,0,0,0.21421
5.8447,1,105.76,7.5173,2.3994,0.47178,2.5645,0.12718,0,0,0.21309
5.8506,1,105.38,7.5188,2.3831,0.46594,2.5899,0.1271,0,0,0.2114
5.8564,1,105.35,7.5206,2.3619,0.46048,2.6052,0.12697,0,0,0.20956
5.8622,1,105.22,7.5223,2.3484,0.456,2.6199,0.12686,0,0,0.20795
5.868,1,105.27,7.5235,2.3482,0.45495,2.5796,0.12687,0,0,0.20723
5.8739,1,105.26,7.5241,2.3558,0.45158,2.5626,0.1269,0,0,0.20727
5.8797,1,105.25,7.5247,2.358,0.44746,2.5683,0.1269,0,0,0.20756
5.8855,1,105.24,7.5256,2.3514,0.44425,2.5392,0.12691,0,0,0.20804
5.8913,1,105.35,7.526,2.3556,0.44266,2.5037,0.12692,0,0,0.20868
5.8971,1,105.43,7.5264,2.3594,0.44102,2.4711,0.12694,0,0,0.20952
5.903,1,105.55,7.5264,2.3682,0.43991,2.4523,0.12698,0,0,0.21065
5.9091,1,105.62,7.5263,2.3755,0.44044,2.4485,0.12703,0,0,0.21197
5.9153,1,105.67,7.526,2.3825,0.44002,2.4477,0.12705,0,0,0.21331
5.9215,1,105.71,7.5258,2.3874,0.44042,2.4375,0.12708,0,0,0.21409
5.9275,1,105.79,7.5255,2.3933,0.44203,2.3911,0.12712,0,0,0.2152
5.9337,1,105.91,7.5251,2.4017,0.44423,2.3715,0.12716,0,0,0.21649
5.9398,1,106.03,7.5245,2.4099,0.44556,2.3504,0.12722,0,0,0.21798
5.946,1,106.13,7.5239,2.4177,0.44709,2.3417,0.12727,0,0,0.21963
5.9519,1,106.24,7.5232,2.4255,0.44899,2.3351,0.12732,0,0,0.22145
5.958,1,106.23,7.5225,2.4321,0.45134,2.3303,0.12737,0,0,0.22334
5.9638,1,106.34,7.5217,2.44,0.45478,2.3124,0.1274,0,0,0.22539
5.97,1,106.43,7.521,2.447,0.45863,2.3072,0.12744,0,0,0.22745
5.976,1,106.51,7.5202,2.4535,0.46266,2.3017,0.12749,0,0,0.2295
5.982,1,106.6,7.5194,2.4606,0.46388,2.2932,0.12754,0,0,0.23152
5.9883,1,106.65,7.5186,2.4666,0.46809,2.2907,0.12758,0,0,0.23337
5.9945,1,106.68,7.5179,2.4713,0.47217,2.2929,0.12761,0,0,0.23406
6.0005,0.02,107.94,7.5129,2.5661,0.48166,1.6727,0.0001,0,0,307
6.0064,0.02,109.7,7.5035,2.6964,0.48944,1.1379,0.0001,0,0,318.07
6.013,0.02,111.32,7.4919,2.8194,0.49472,0.85917,0.0001,0,0,327.31
6.0198,0.02,112.72,7.4793,2.927,0.49828,0.74441,0.0001,0,0,334.8
6.0267,0.02,113.95,7.4662,3.0232,0.50012,0.68815,0.0001,0,0,340.56
6.0336,0.02,115.07,7.4528,3.1114,0.50079,0.66164,0.0001,0,0,344.98
6.0405,0.02,116.11,7.439,3.1937,0.50023,0.64,0.0001,0,0,348.19
6.0475,0.02,117.07,7.4252,3.2705,0.49897,0.62893,0.0001,0,0,350.79
6.0545,0.02,117.97,7.4112,3.3432,0.49762,0.62367,0.0001,0,0,353.06
6.0614,0.02,118.82,7.397,3.4124,0.49613,0.61766,0.0001,0,0,355.07
6.0683,0.02,119.6,7.3834,3.4766,0.49478,0.62743,0.0001,0,0,356.91
6.075,0.02,120.38,7.369,3.5404,0.49332,0.62513,0.0001,0,0,358.68
6.0819,0.02,121.13,7.3547,3.6021,0.49187,0.62817,0.0001,0,0,360.31
6.0887,0.02,121.85,7.3401,3.662,0.4904,0.6292,0.0001,0,0,361.81
6.0956,0.02,122.55,7.3255,3.7204,0.48888,0.62569,0.0001,0,0,363.19
6.1025,0.02,123.24,7.3108,3.7775,0.4873,0.62217,0.0001,0,0,364.43
6.1093,0.02,123.9,7.296,3.8334,0.48563,0.61828,0.0001,0,0,365.54
6.1162,0.02,124.54,7.2811,3.8883,0.48387,0.61235,0.0001,0,0,366.51
6.123,0.02,125.18,7.2661,3.9412,0.48201,0.60618,0.0001,0,0,367.37
6.1298,0.02,125.78,7.251,3.9932,0.48002,0.60453,0.0001,0,0,368.13
6.1367,0.02,126.38,7.2358,4.0448,0.47787,0.60008,0.0001,0,0,368.79
6.1435,0.02,126.94,7.2205,4.0938,0.47585,0.60207,0.0001,0,0,369.34
6.1503,0.02,127.49,7.2053,4.1425,0.47375,0.59914,0.0001,0,0,369.79
6.1571,0.02,128.03,7.1899,4.19,0.47159,0.59622,0.0001,0,0,370.13
6.164,0.02,128.56,7.1746,4.2366,0.46938,0.59251,0.0001,0,0,370.36
6.1708,0.02,129.07,7.1592,4.2825,0.46708,0.58991,0.0001,0,0,370.33
6.1776,0.02,129.58,7.1437,4.3281,0.46466,0.58398,0.0001,0,0,370.06
6.1845,0.02,130.08,7.1282,4.373,0.46214,0.57801,0.0001,0,0,369.66
6.1913,0.02,130.57,7.1125,4.4171,0.45951,0.57369,0.0001,0,0,369.14
6.1982,0.02,131.04,7.0969,4.4605,0.45679,0.56982,0.0001,0,0,368.48
6.2051,0.02,131.51,7.0813,4.503,0.45398,0.56474,0.0001,0,0,367.7
6.2119,0.02,131.96,7.0657,4.5448,0.45105,0.55759,0.0001,0,0,366.79
6.2188,0.02,132.4,7.0501,4.5859,0.44801,0.55161,0.0001,0,0,365.76
6.2257,0.02,132.83,7.0727,4.6266,0.44484,0.54602,0.0001,0,0,364.58
6.2326,0.02,133.26,7.165,4.6254,0.44154,0.53865,0.0001,0,0,363.27
6.2394,0.02,133.67,7.1705,4.5569,0.43811,0.53175,0.0001,0,0,361.8
6.2463,0.02,134.07,7.1544,4.5825,0.43456,0.52509,0.0001,0,0,360.2
6.2532,0.02,134.47,7.1383,4.6212,0.43085,0.51832,0.0001,0,0,358.45
6.2601,0.02,134.86,7.1223,4.6594,0.42697,0.51052,0.0001,0,0,356.55
6.267,0.02,135.25,7.1063,4.6971,0.4229,0.50244,0.0001,0,0,354.48
6.2738,0.02,135.62,7.0903,4.7342,0.41865,0.49474,0.0001,0,0,352.24
6.2807,0.02,135.99,7.0743,4.7708,0.4142,0.48704,0.0001,0,0,349.82
6.2876,0.02,136.35,7.0583,4.807,0.40954,0.478,0.0001,0,0,347.21
6.2945,0.02,136.71,7.0424,4.8426,0.40464,0.46741,0.0001,0,0,344.39
6.3014,0.02,137.05,7.0265,4.8777,0.39951,0.45584,0.0001,0,0,341.34
6.3083,0.02,137.39,7.0107,4.9122,0.39411,0.44319,0.0001,0,0,338.06
6.3152,0.02,137.72,6.9948,4.946,0.38843,0.42881,0.0001,0,0,334.53
6.3221,0.02,138.04,6.979,4.9793,0.38246,0.41504,0.0001,0,0,330.73
6.329,0.02,138.34,6.9632,5.012,0.37616,0.40521,0.0001,0,0,326.64
6.3359,0.02,138.64,6.9475,5.044,0.36953,0.38947,0.0001,0,0,322.28
6.3428,0.02,138.93,6.9317,5.0754,0.36254,0.37551,0.0001,0,0,317.56
6.3497,0.02,139.21,6.9161,5.1061,0.35517,0.35797,0.0001,0,0,312.19
6.3566,0.02,139.48,6.9004,5.1363,0.34737,0.34025,0.0001,0,0,306.46
6.3635,0.02,139.73,6.8847,5.1658,0.33913,0.32122,0.0001,0,0,300.34
6.3704,0.02,139.98,6.8691,5.1946,0.33039,0.30192,0.0001,0,0,293.8
6.3773,0.02,140.21,6.8534,5.2229,0.32112,0.28161,0.0001,0,0,286.82
6.3843,0.02,140.44,6.8378,5.2505,0.3115,0.25785,0.0001,0,0,279.39
6.3912,0.02,140.65,6.8222,5.2776,0.30188,0.23356,0.0001,0,0,271.03
6.3981,0.02,140.86,6.8065,5.3041,0.29225,0.20821,0.0001,0,0,262.67
6.405,0.02,141.05,6.7909,5.3301,0.2827,0.18185,0.0001,0,0,254.42
6.412,0.02,141.24,6.7752,5.3556,0.27345,0.15441,0.0001,0,0,246.4
6.4189,0.02,141.41,6.7595,5.3805,0.2645,0.12609,0.0001,0,0,238.61
6.4258,0.02,141.57,6.7438,5.405,0.25583,0.096954,0.0001,0,0,231.04
6.4328,0.02,141.73,6.7281,5.429,0.24744,0.066991,0.0001,0,0,223.7
6.4397,0.02,141.88,6.7123,5.4525,0.23934,0.036816,0.0001,0,0,216.61
6.4467,0.02,142.02,6.6965,5.4756,0.23159,0.0049815,0.0001,0,0,209.71
6.4536,0.02,142.15,6.6807,5.4982,0.22442,-0.028432,0.0001,0,0,202.86
6.4606,0.02,142.27,6.6648,5.5205,0.21766,-0.062775,0.0001,0,0,196.3
6.4675,0.02,142.39,6.6484,5.5426,0.21128,-0.09579,0.0001,0,0,190.02
6.4745,0.02,142.49,6.6317,5.5647,0.20525,-0.12682,0.0001,0,0,184
6.4814,0.02,142.6,6.6143,5.5868,0.19956,-0.15578,0.0001,0,0,178.29
6.4884,0.02,142.7,6.5964,5.6094,0.19416,-0.18286,0.0001,0,0,172.89
6.4953,0.02,142.79,6.5778,5.6322,0.18904,-0.20842,0.0001,0,0,167.77
6.5023,0.02,142.88,6.5588,5.6553,0.18418,-0.23251,0.0001,0,0,162.91
6.5093,0.02,142.96,6.5393,5.6787,0.17958,-0.25545,0.0001,0,0,158.31
6.5162,0.02,143.04,6.5194,5.7024,0.17521,-0.27742,0.0001,0,0,153.93
6.5232,0.02,143.11,6.4991,5.7262,0.17107,-0.29857,0.0001,0,0,149.77
6.5302,0.02,143.19,6.4786,5.7502,0.16714,-0.31909,0.0001,0,0,145.82
6.5372,0.02,143.25,6.4578,5.7743,0.16341,-0.33925,0.0001,0,0,142.06
6.5441,0.02,143.32,6.4368,5.7985,0.15987,-0.35901,0.0001,0,0,138.48
6.5511,0.02,143.38,6.4156,5.8227,0.15629,-0.37872,0.0001,0,0,135.08
6.5581,0.02,143.44,6.3942,5.847,0.15247,-0.40275,0.0001,0,0,131.85
6.5651,0.02,143.5,6.3728,5.8713,0.14884,-0.41955,0.0001,0,0,128.78
6.5721,0.02,143.55,6.3511,5.8956,0.14539,-0.43057,0.0001,0,0,125.86
6.5791,0.02,143.6,6.3294,5.9199,0.14212,-0.44072,0.0001,0,0,123.08
6.5861,0.02,143.65,6.3077,5.9442,0.13901,-0.4503,0.0001,0,0,120.44
6.5932,0.02,143.7,6.2861,5.9683,0.13604,-0.45639,0.0001,0,0,117.93
6.6002,0.02,143.74,6.2644,5.9923,0.13321,-0.46538,0.0001,0,0,115.53
6.6072,0.02,143.79,6.2428,6.0162,0.13051,-0.47426,0.0001,0,0,113.21
6.6142,0.02,143.83,6.2214,6.0398,0.12819,-0.48009,0.0001,0,0,110.83
6.6212,0.02,143.86,6.2002,6.0632,0.126,-0.48531,0.0001,0,0,108.57
6.6282,0.02,143.9,6.1791,6.0862,0.12389,-0.49022,0.0001,0,0,106.4
6.6353,0.02,143.93,6.1584,6.109,0.12186,-0.49482,0.0001,0,0,104.32
6.6423,0.02,143.96,6.1379,6.1314,0.11989,-0.4991,0.0001,0,0,102.32
6.6493,0.02,143.99,6.1176,6.1534,0.11798,-0.50304,0.0001,0,0,100.4
6.6563,0.02,144.02,6.0975,6.1751,0.11612,-0.50664,0.0001,0,0,98.542
6.6634,0.02,144.04,6.0777,6.1965,0.11431,-0.50994,0.0001,0,0,96.75
6.6704,0.02,144.07,6.0582,6.2175,0.11254,-0.51293,0.0001,0,0,95.015
6.6774,0.02,144.09,6.0388,6.2383,0.11081,-0.51561,0.0001,2.6722e-22,0,93.333
6.6845,0.02,144.11,6.0198,6.2586,0.10908,-0.51801,0.0001,5.672e-16,0,91.698
6.6915,0.02,144.13,6.001,6.2787,0.10738,-0.52021,0.0001,2.2597e-10,0,90.104
6.6985,0.02,144.15,5.9824,6.2984,0.10569,-0.52217,0.0001,7.6193e-10,0,88.547
6.7056,0.02,144.17,5.9641,6.3179,0.10403,-0.52405,0.0001,6.6765e-10,0,87.092
6.7126,0.02,144.19,5.9461,6.337,0.10239,-0.52573,0.0001,8.577e-10,0,85.729
6.7196,0.02,144.2,5.9283,6.3558,0.10076,-0.52729,0.0001,1.064e-09,0,84.379
6.7267,0.02,144.22,5.9107,6.3744,0.099143,-0.52875,0.0001,3.92e-10,0,83.041
6.7337,0.02,144.23,5.8933,6.3926,0.097531,-0.53011,0.0001,7.3522e-10,0,81.72
6.7407,0.02,144.24,5.8762,6.4106,0.095929,-0.5314,0.0001,1.7892e-14,0,80.416
6.7478,0.02,144.25,5.8594,6.4283,0.094297,-0.53262,0.0001,2.0817e-14,0,79.123
6.7548,0.02,144.27,5.8427,6.4457,0.092665,-0.5338,0.0001,1.6693e-09,0,77.84
6.7619,0.02,144.28,5.8263,6.4629,0.091028,-0.53496,0.0001,1.9387e-09,0,76.563
6.7689,0.02,144.29,5.8101,6.4799,0.089384,-0.53612,0.0001,2.1901e-09,0,75.289
6.7759,0.02,144.3,5.7941,6.4966,0.087733,-0.53737,0.0001,2.4251e-09,0,74.015
6.783,0.02,144.31,5.7784,6.513,0.08607,-0.53864,0.0001,2.8758e-09,0,72.739
6.79,0.02,144.32,5.7628,6.5292,0.084396,-0.54,0.0001,3.3098e-09,0,71.458
6.797,0.02,144.32,5.7474,6.5452,0.082709,-0.54152,0.0001,3.7205e-09,0,70.171
6.8041,0.02,144.33,5.7323,6.561,0.081025,-0.54283,0.0001,4.1097e-09,0,68.878
6.8111,0.02,144.34,5.7173,6.5765,0.079342,-0.54556,0.0001,4.4806e-09,0,67.575
6.8181,0.02,144.34,5.7025,6.5918,0.077671,-0.54742,0.0001,4.8337e-09,0,66.263
6.8252,0.02,144.35,5.6879,6.607,0.076014,-0.55181,0.0001,5.1707e-09,0,64.94
6.8322,0.02,144.36,5.6735,6.6219,0.07437,-0.55291,0.0001,5.3961e-09,0,63.606
6.8392,0.02,144.36,5.6592,6.6366,0.072738,-0.55352,0.0001,5.6071e-09,0,62.278
6.8463,0.02,144.37,5.6452,6.6512,0.07112,-0.55728,0.0001,5.8095e-09,0,60.957
6.8533,0.02,144.37,5.6312,6.6655,0.069517,-0.55763,0.0001,6.0037e-09,0,59.644
6.8603,0.02,144.38,5.6175,6.6797,0.06793,-0.55778,0.0001,6.1916e-09,0,58.34
6.8674,0.02,144.38,5.6039,6.6937,0.066358,-0.55768,0.0001,6.3708e-09,0,57.046
6.8744,0.02,144.39,5.5904,6.7075,0.064803,-0.55772,0.0001,6.5437e-09,0,55.762
6.8814,0.02,144.39,5.5772,6.7211,0.063265,-0.55698,0.0001,6.7102e-09,0,54.487
6.8884,0.02,144.39,5.5641,6.7346,0.061734,-0.55656,0.0001,6.8704e-09,0,53.222
6.8955,0.02,144.39,5.5511,6.7478,0.060216,-0.55615,0.0001,7.0243e-09,0,51.969
6.9025,0.02,144.4,5.5383,6.7609,0.05872,-0.55586,0.0001,7.1722e-09,0,50.728
6.9095,0.02,144.4,5.5257,6.7738,0.057247,-0.55545,0.0001,7.3142e-09,0,49.499
6.9166,0.02,144.4,5.5132,6.7866,0.055797,-0.55471,0.0001,3.3011e-09,0,48.284
6.9236,0.02,144.4,5.5009,6.7992,0.054372,-0.55425,0.0001,3.4062e-09,0,47.083
6.9306,0.02,144.4,5.4887,6.8116,0.05297,-0.5522,0.0001,7.708e-09,0,45.897
6.9377,0.02,144.41,5.4766,6.8239,0.051591,-0.54835,0.0001,3.6909e-09,0,44.726
6.9447,0.02,144.41,5.4647,6.836,0.050235,-0.54424,0.0001,3.6975e-09,0,43.572
6.9517,0.02,144.41,5.4529,6.848,0.048902,-0.54101,0.0001,3.7852e-09,0,42.434
6.9588,0.02,144.41,5.4413,6.8597,0.047593,-0.53794,0.0001,3.8711e-09,0,41.312
6.9658,0.02,144.41,5.4298,6.8714,0.046307,-0.53499,0.0001,3.9534e-09,0,40.206
6.9728,0.02,144.41,5.4185,6.8829,0.045045,-0.53241,0.0001,4.0326e-09,0,39.117
6.9798,0.02,144.41,5.4072,6.8943,0.043805,-0.53035,0.0001,4.1089e-09,0,38.045
6.9869,0.02,144.41,5.3961,6.9055,0.04259,-0.52833,0.0001,4.1822e-09,0,36.991
6.9939,0.02,144.41,5.3851,6.9166,0.041397,-0.52635,0.0001,4.2527e-09,0,35.955
7.0009,0.02,144.41,5.3743,6.9276,0.040193,-0.5244,0.0001,4.3207e-09,0,34.937
7.008,0.02,144.41,5.3635,6.9384,0.039012,-0.52246,0.0001,4.4976e-09,0,33.937
7.015,0.02,144.41,5.3529,6.9492,0.037853,-0.52052,0.0001,4.6666e-09,0,32.955
7.0221,0.02,144.41,5.3424,6.9598,0.036716,-0.51835,0.0001,4.7903e-09,0,31.992
7.0291,0.02,144.41,5.332,6.9703,0.035601,-0.51622,0.0001,4.91e-09,0,31.047
7.0361,0.02,144.41,5.3216,6.9807,0.034509,-0.5143,0.0001,5.026e-09,0,30.121
7.0432,0.02,144.41,5.3114,6.9909,0.033438,-0.51235,0.0001,5.1384e-09,0,29.214
7.0502,0.02,144.41,5.3013,7.0011,0.032389,-0.51038,0.0001,5.2473e-09,0,28.307
7.0572,0.02,144.4,5.2913,7.0111,0.031361,-0.50837,0.0001,5.3528e-09,0,27.416
7.0643,0.02,144.4,5.2815,7.0211,0.030356,-0.50629,0.0001,5.455e-09,0,26.544
7.0713,0.02,144.4,5.2717,7.0309,0.029371,-0.50414,0.0001,5.5541e-09,0,25.69
7.0783,0.02,144.4,5.262,7.0407,0.028408,-0.50194,0.0001,5.6502e-09,0,24.854
7.0854,0.02,144.4,5.2523,7.0503,0.027471,-0.49965,0.0001,5.7434e-09,0,24.041
7.0924,0.02,144.4,5.2428,7.0598,0.026561,-0.49728,0.0001,1.2407e-09,0,23.251
7.0995,0.02,144.4,5.2334,7.0693,0.025678,-0.49482,0.0001,1.3172e-09,0,22.483
7.1065,0.02,144.4,5.2241,7.0786,0.024824,-0.49229,0.0001,1.3914e-09,0,21.737
7.1135,0.02,144.4,5.2148,7.0878,0.023998,-0.48971,0.0001,1.4631e-09,0,21.014
7.1206,0.02,144.39,5.2057,7.097,0.0232,-0.48712,0.0001,1.5328e-09,0,20.315
7.1276,0.02,144.39,5.1966,7.106,0.022428,-0.48456,0.0001,1.6005e-09,0,19.639
7.1346,0.02,144.39,5.1876,7.115,0.021682,-0.48206,0.0001,1.7442e-09,0,18.985
7.1417,0.02,144.39,5.1787,7.1238,0.020961,-0.47946,0.0001,1.9052e-09,0,18.354
7.1487,0.02,144.38,5.1699,7.1326,0.020264,-0.47678,0.0001,2.0552e-09,0,17.743
7.1558,0.02,144.38,5.1612,7.1412,0.01959,-0.47415,0.0001,2.1972e-09,0,17.152
7.1628,0.02,144.38,5.1525,7.1498,0.018938,-0.47157,0.0001,2.3326e-09,0,16.581
7.1698,0.02,144.37,5.1439,7.1583,0.018308,-0.46901,0.0001,2.462e-09,0,16.029
7.1769,0.02,144.37,5.1354,7.1667,0.017699,-0.46649,0.0001,2.5856e-09,0,15.496
7.1839,0.02,144.37,5.127,7.175,0.01711,-0.46396,0.0001,2.7039e-09,0,14.98
7.191,0.02,144.36,5.1186,7.1832,0.01654,-0.46141,0.0001,2.8171e-09,0,14.481
7.198,0.02,144.36,5.1103,7.1913,0.01599,-0.4588,0.0001,2.9254e-09,0,13.999
7.2051,0.02,144.35,5.1021,7.1994,0.015458,-0.45614,0.0001,3.029e-09,0,13.533
7.2121,0.02,144.35,5.094,7.2073,0.014944,-0.4534,0.0001,3.1283e-09,0,13.082
7.2191,0.02,144.34,5.0859,7.2152,0.014446,-0.45059,0.0001,3.2235e-09,0,12.646
7.2262,0.02,144.34,5.0779,7.2229,0.013966,-0.44769,0.0001,3.3148e-09,0,12.225
7.2332,0.02,144.33,5.07,7.2306,0.013501,-0.44466,0.0001,3.4025e-09,0,11.818
7.2403,0.02,144.33,5.0622,7.2381,0.013052,-0.44147,0.0001,3.4866e-09,0,11.425
7.2473,0.02,144.32,5.0544,7.2456,0.012618,-0.43844,0.0001,3.5664e-09,0,11.044
7.2543,0.02,144.32,5.0467,7.253,0.012199,-0.43509,0.0001,3.6428e-09,0,10.677
7.2614,0.02,144.31,5.039,7.2602,0.011794,-0.43145,0.0001,3.7158e-09,0,10.322
7.2684,0.02,144.3,5.0314,7.2674,0.011402,-0.42753,0.0001,3.7856e-09,0,9.9791
7.2754,0.02,144.29,5.0239,7.2744,0.011024,-0.4234,0.0001,3.8522e-09,0,9.6478
7.2824,0.02,144.27,5.0165,7.2814,0.010659,-0.42002,0.0001,3.916e-09,0,9.3278
7.2895,0.02,144.26,5.0091,7.2885,0.010306,-0.41949,0.0001,3.9766e-09,0,9.0185
7.2965,0.02,144.26,5.0018,7.2957,0.0099654,-0.42005,0.0001,4.0358e-09,0,8.7195
7.3035,0.02,144.25,4.9946,7.3028,0.0096359,-0.42061,0.0001,4.0929e-09,0,8.4307
7.3105,0.02,144.25,4.9874,7.3098,0.0093176,-0.42108,0.0001,4.1459e-09,0,8.133
7.3175,0.02,144.25,4.9803,7.3168,0.0090098,-0.42121,0.0001,4.1967e-09,0,7.8461
7.3244,0.02,144.24,4.9732,7.3238,0.0087124,-0.41981,0.0001,4.2467e-09,0,7.5695
7.3314,0.02,144.24,4.9662,7.3306,0.0084249,-0.41758,0.0001,4.2933e-09,0,7.3027
7.3384,0.02,144.24,4.9593,7.3373,0.008147,-0.41471,0.0001,4.3386e-09,0,7.0456
7.3454,0.02,144.23,4.9524,7.3439,0.0078785,-0.41175,0.0001,4.3815e-09,0,6.7976
7.3524,0.02,144.23,4.9456,7.3504,0.0076189,-0.40843,0.0001,4.4227e-09,0,6.5585
7.3593,0.02,144.22,4.9388,7.3569,0.0073679,-0.40547,0.0001,4.4627e-09,0,6.3279
7.3663,0.02,144.21,4.9321,7.3633,0.0071253,-0.40288,0.0001,4.5013e-09,0,6.1056
7.3733,0.02,144.21,4.9255,7.3697,0.0068907,-0.40029,0.0001,4.5381e-09,0,5.8911
7.3803,0.02,144.2,4.9189,7.376,0.0066639,-0.39796,0.0001,4.5736e-09,0,5.6842
7.3872,0.02,144.19,4.9123,7.3822,0.0064346,-0.39578,0.0001,4.6084e-09,0,5.4847
7.3942,0.02,144.19,4.9058,7.3884,0.0062074,-0.39329,0.0001,4.6413e-09,0,5.2922
7.4011,0.02,144.18,4.8994,7.3945,0.0059883,-0.39045,0.0001,4.6733e-09,0,5.1065
7.4081,0.02,144.17,4.893,7.4006,0.005777,-0.38765,0.0001,4.7038e-09,0,4.9274
7.4151,0.02,144.16,4.8866,7.4066,0.0055732,-0.38487,0.0001,4.7332e-09,0,4.7546
7.422,0.02,144.16,4.8804,7.4125,0.0053766,-0.38214,0.0001,4.7615e-09,0,4.5879
7.429,0.02,144.15,4.8741,7.4184,0.0051871,-0.37945,0.0001,4.7887e-09,0,4.4271
7.436,0.02,144.14,4.8679,7.4243,0.0050042,-0.37679,0.0001,4.8149e-09,0,4.2719
7.4429,0.02,144.13,4.8618,7.4301,0.0048278,-0.37416,0.0001,4.8401e-09,0,4.1222
7.4499,0.02,144.13,4.8557,7.4358,0.0046577,-0.37157,0.0001,4.8644e-09,0,3.9778
7.4568,0.02,144.12,4.8496,7.4415,0.0044936,-0.36899,0.0001,4.8877e-09,0,3.8385
7.4638,0.02,144.11,4.8436,7.4472,0.0043353,-0.36644,0.0001,4.91e-09,0,3.7041
7.4708,0.02,144.1,4.8376,7.4528,0.0041826,-0.36391,0.0001,4.9315e-09,0,3.5744
7.4777,0.02,144.1,4.8317,7.4583,0.0040353,-0.36141,0.0001,4.9521e-09,0,3.4492
7.4847,0.02,144.09,4.8258,7.4638,0.0038994,-0.35893,0.0001,4.9718e-09,0,3.3285
7.4916,0.02,144.08,4.82,7.4693,0.0037712,-0.35647,0.0001,4.9907e-09,0,3.212
7.4986,0.02,144.07,4.8142,7.4747,0.0036472,-0.35405,0.0001,5.009e-09,0,3.0996
7.5055,0.02,144.07,4.8085,7.4801,0.0035273,-0.3521,0.0001,5.0996e-09,0,2.9912
7.5125,0.02,144.06,4.8028,7.4854,0.0034113,-0.35017,0.0001,4.2515e-09,0,2.8865
7.5195,0.02,144.05,4.7971,7.4906,0.0032992,-0.34825,0.0001,8.7581e-09,0,2.7856
7.5264,0.02,144.04,4.7915,7.4958,0.0031907,-0.34634,0.0001,1.3685e-08,0,2.6881
7.5334,0.02,144.03,4.7859,7.501,0.0030858,-0.34445,0.0001,1.8612e-08,0,2.5972
7.5403,0.02,144.03,4.7804,7.5061,0.0029844,-0.34267,0.0001,2.3533e-08,0,2.5117
7.5473,0.02,144.02,4.7749,7.5111,0.0028863,-0.34098,0.0001,2.8445e-08,0,2.429
7.5542,0.02,144.01,4.7695,7.5162,0.0027914,-0.3393,0.0001,3.3342e-08,0,2.349
7.5612,0.02,144,4.7641,7.5211,0.0026997,-0.33763,0.0001,3.8221e-08,0,2.2716
7.5682,0.02,143.99,4.7587,7.5261,0.0026109,-0.33596,0.0001,6.8751e-08,0,2.1968
7.5751,0.02,143.98,4.7534,7.531,0.0025251,-0.33428,0.0001,1.187e-07,0,2.1245
7.5821,0.02,143.97,4.7481,7.5359,0.0024421,-0.33261,0.0001,1.8602e-07,0,2.0546
7.589,0.02,143.96,4.7428,7.5407,0.0023618,-0.33093,0.0001,2.6346e-07,0,1.9869
7.596,0.02,143.96,4.7376,7.5455,0.0022842,-0.32925,0.0001,2.852e-07,0,1.9215
7.6029,0.02,143.95,4.7325,7.5503,0.0022091,-0.32757,0.0001,2.9213e-07,0,1.8582
7.6099,0.02,143.94,4.7273,7.5551,0.0021365,-0.32606,0.0001,2.9901e-07,0,1.797
7.6169,0.02,143.93,4.7222,7.5598,0.0020662,-0.32447,0.0001,3.0583e-07,0,1.7379
7.6238,0.02,143.93,4.7172,7.5645,0.0019983,-0.32285,0.0001,3.1258e-07,0,1.6807
7.6308,0.02,143.92,4.7121,7.5692,0.0019326,-0.32124,0.0001,3.1928e-07,0,1.6253
7.6377,0.02,143.91,4.7071,7.5738,0.0018691,-0.31964,0.0001,3.2591e-07,0,1.5718
7.6447,0.02,143.9,4.7022,7.5784,0.0018077,-0.31802,0.0001,3.3248e-07,0,1.5201
7.6516,0.02,143.9,4.6973,7.583,0.0017483,-0.3164,0.0001,3.3898e-07,0,1.4701
7.6586,0.02,143.89,4.6924,7.5876,0.0016908,-0.31427,0.0001,3.4542e-07,0,1.4217
7.6656,0.02,143.88,4.6894,7.5922,0.0016352,-0.31213,0.0001,1.8369e-06,0,1.3749
7.6725,0.02,143.88,4.6863,7.5949,0.0015815,-0.31,0.0001,1.9918e-06,0,1.3296
7.6795,0.02,143.87,4.6831,7.5977,0.0015295,-0.30789,0.0001,2.1485e-06,0,1.2857
7.6864,0.02,143.86,4.6798,7.6005,0.0014792,-0.3058,0.0001,2.3065e-06,0,1.2396
7.6934,0.02,143.86,4.6765,7.6035,0.0014306,-0.30372,0.0001,2.4655e-06,0,1.1952
7.7003,0.02,143.85,4.6731,7.6064,0.0013836,-0.30166,0.0001,2.6038e-06,0,1.1524
7.7073,0.02,143.85,4.6697,7.6095,0.0013381,-0.29961,0.0001,2.7417e-06,0,1.1111
7.7142,0.02,143.84,4.6663,7.6126,0.0012941,-0.29757,0.0001,2.8788e-06,0,1.0713
7.7212,0.02,143.83,4.6627,7.6158,0.0012516,-0.29554,0.0001,3.015e-06,0,1.0329
7.7282,0.02,143.83,4.6592,7.619,0.0012104,-0.29351,0.0001,3.1501e-06,0,0.99595
7.7351,0.02,143.82,4.6556,7.6223,0.0011706,-0.29148,0.0001,3.2839e-06,0,0.96269
7.7421,0.02,143.82,4.652,7.6256,0.0011322,-0.28946,0.0001,3.4163e-06,0,0.94241
7.749,0.02,143.81,4.6483,7.6289,0.0010949,-0.28744,0.0001,3.5472e-06,0,0.9229
7.756,0.02,143.81,4.6447,7.6322,0.001059,-0.28527,0.0001,3.6765e-06,0,0.90413
7.7629,0.02,143.8,4.6409,7.6356,0.0010241,-0.28314,0.0001,3.8041e-06,0,0.88608
7.7699,0.02,143.8,4.6372,7.639,0.001,-0.28101,0.0001,3.9299e-06,0,0.86871
7.7769,0.02,143.79,4.6335,7.6424,0.001,-0.27891,0.0001,4.0539e-06,0,0.852
7.7838,0.02,143.79,4.6297,7.6458,0.001,-0.27689,0.0001,4.176e-06,0,0.85043
7.7908,0.02,143.78,4.626,7.6492,0.001,-0.27501,0.0001,4.2963e-06,0,0.85041
7.7977,0.02,143.78,4.6223,7.6526,0.001,-0.27312,0.0001,4.4146e-06,0,0.85038
7.8047,0.02,143.77,4.6187,7.6559,0.001,-0.27118,0.0001,4.5309e-06,0,0.85036
7.8117,0.02,143.77,4.615,7.6592,0.001,-0.26919,0.0001,4.6453e-06,0,0.85033
7.8186,0.02,143.76,4.6114,7.6625,0.001,-0.26719,0.0001,4.7578e-06,0,0.8503
7.8256,0.02,143.75,4.6078,7.6657,0.001,-0.26519,0.0001,4.8682e-06,0,0.85027
7.8325,0.02,143.75,4.6042,7.6689,0.001,-0.26321,0.0001,4.9766e-06,0,0.85025
7.8395,0.02,143.74,4.6007,7.6721,0.001,-0.26124,0.0001,5.0831e-06,0,0.85022
7.8464,0.02,143.73,4.5971,7.6753,0.001,-0.25932,0.0001,5.1876e-06,0,0.85019
7.8534,0.02,143.73,4.5936,7.6787,0.001,-0.25753,0.0001,5.2902e-06,0,0.85016
7.8604,0.02,143.72,4.5901,7.6825,0.001,-0.25571,0.0001,5.3908e-06,0,0.85014
7.8673,0.02,143.71,4.586,7.6863,0.001,-0.25376,0.0001,5.4895e-06,0,0.85011
7.8743,0.02,143.71,4.582,7.69,0.001,-0.25177,0.0001,5.5863e-06,0,0.85008
7.8812,0.02,143.7,4.578,7.6937,0.001,-0.24976,0.0001,5.6812e-06,0,0.85005
7.8882,0.02,143.69,4.574,7.6974,0.001,-0.24801,0.0001,5.7742e-06,0,0.85003
7.8952,0.02,143.69,4.5701,7.701,0.001,-0.24604,0.0001,5.8654e-06,0,0.85
7.9021,0.02,143.68,4.5661,7.7047,0.001,-0.244,0.0001,5.9548e-06,0,0.84997
7.9091,0.02,143.67,4.5622,7.7083,0.001,-0.24192,0.0001,6.0425e-06,0,0.84995
7.916,0.02,143.67,4.5584,7.7118,0.001,-0.23983,0.0001,6.1283e-06,0,0.84992
7.923,0.02,143.66,4.5545,7.7154,0.001,-0.23774,0.0001,6.2124e-06,0,0.8499
7.93,0.02,143.65,4.5507,7.7189,0.001,-0.23565,0.0001,6.2948e-06,0,0.84987
7.9369,0.02,143.65,4.5469,7.7224,0.001,-0.23358,0.0001,6.3755e-06,0,0.84984
7.9439,0.02,143.64,4.5432,7.7259,0.001,-0.23154,0.0001,6.4546e-06,0,0.84982
7.9508,0.02,143.64,4.5394,7.7293,0.001,-0.22952,0.0001,6.532e-06,0,0.84979
7.9578,0.02,143.63,4.5357,7.7327,0.001,-0.22752,0.0001,6.6078e-06,0,0.84977
7.9648,0.02,143.62,4.532,7.7362,0.001,-0.22553,0.0001,6.6821e-06,0,0.84974
7.9717,0.02,143.62,4.5284,7.7395,0.001,-0.22356,0.0001,6.7548e-06,0,0.84972
7.9787,0.02,143.61,4.5248,7.7429,0.001,-0.22143,0.0001,6.826e-06,0,0.8497
7.9856,0.02,143.61,4.5212,7.7462,0.001,-0.21935,0.0001,6.8957e-06,0,0.84967
7.9926,0.02,143.6,4.5176,7.7495,0.001,-0.21713,0.0001,6.9639e-06,0,0.84965
7.9995,0.02,143.6,4.514,7.7528,0.001,-0.21498,0.0001,7.0308e-06,0,0.84962
8.0065,0.02,143.59,4.5105,7.7561,0.001,-0.21286,0.0001,7.0962e-06,0,0.8496
8.0135,0.02,143.58,4.507,7.7594,0.001,-0.21076,0.0001,7.1637e-06,0,0.84957
8.0204,0.02,143.58,4.5035,7.7626,0.001,-0.20868,0.0001,7.2305e-06,0,0.84954
8.0274,0.02,143.57,4.5,7.7658,0.001,-0.20661,0.0001,7.2959e-06,0,0.84952
8.0343,0.02,143.57,4.4966,7.769,0.001,-0.20455,0.0001,7.3601e-06,0,0.84949
8.0413,0.02,143.56,4.4932,7.7722,0.001,-0.20249,0.0001,7.423e-06,0,0.84947
8.0483,0.02,143.55,4.4898,7.7753,0.001,-0.20044,0.0001,7.4847e-06,0,0.84944
8.0552,0.02,143.55,4.4865,7.7784,0.001,-0.1984,0.0001,7.5453e-06,0,0.84942
8.0622,0.02,143.55,4.4832,7.7815,0.001,-0.19636,0.0001,7.7444e-06,0,0.84939
8.0691,0.02,143.54,4.4799,7.7846,0.001,-0.19433,0.0001,8.0014e-06,0,0.84937
8.0761,0.02,143.54,4.4767,7.7876,0.001,-0.1923,0.0001,8.2785e-06,0,0.84934
8.0831,0.02,143.53,4.4735,7.7906,0.001,-0.19027,0.0001,8.5773e-06,0,0.84932
8.09,0.02,143.53,4.4703,7.7936,0.001,-0.18825,0.0001,8.8947e-06,0,0.84929
8.097,0.02,143.52,4.4671,7.7966,0.001,-0.18622,0.0001,9.2282e-06,0,0.84927
8.1039,0.02,143.51,4.464,7.7995,0.001,-0.18419,0.0001,9.5755e-06,0,0.84924
8.1109,0.02,143.51,4.4609,7.8024,0.001,-0.18216,0.0001,9.9343e-06,0,0.84922
8.1179,0.02,143.5,4.4578,7.8053,0.001,-0.18013,0.0001,1.0303e-05,0,0.84919
8.1248,0.02,143.5,4.4548,7.8082,0.001,-0.1781,0.0001,1.0679e-05,0,0.84917
8.1318,0.02,143.49,4.4517,7.811,0.001,-0.17608,0.0001,1.1063e-05,0,0.84914
8.1387,0.02,143.49,4.4487,7.8138,0.001,-0.17405,0.0001,1.1451e-05,0,0.84912
8.1457,0.02,143.48,4.4457,7.8166,0.001,-0.17203,0.0001,1.1843e-05,0,0.8491
8.1527,0.02,143.47,4.4428,7.8194,0.001,-0.17001,0.0001,1.2239e-05,0,0.84907
8.1596,0.02,143.47,4.4399,7.8221,0.001,-0.16799,0.0001,1.2636e-05,0,0.84905
8.1666,0.02,143.46,4.437,7.8249,0.001,-0.16598,0.0001,1.3035e-05,0,0.84902
8.1735,0.02,143.46,4.4341,7.8275,0.001,-0.164,0.0001,1.3435e-05,0,0.849
8.1805,0.02,143.45,4.4312,7.8302,0.001,-0.16197,0.0001,1.3834e-05,0,0.84898
8.1874,0.02,143.45,4.4284,7.8329,0.001,-0.15999,0.0001,1.4232e-05,0,0.84895
8.1944,0.02,143.44,4.4256,7.8355,0.001,-0.158,0.0001,1.4629e-05,0,0.84893
8.2014,0.02,143.43,4.4228,7.8381,0.001,-0.15602,0.0001,1.5024e-05,0,0.8489
8.2083,0.02,143.43,4.42,7.8407,0.001,-0.15406,0.0001,1.5417e-05,0,0.84888
8.2153,0.02,143.42,4.4173,7.8433,0.001,-0.1521,0.0001,1.5807e-05,0,0.84886
8.2222,0.02,143.42,4.4146,7.8458,0.001,-0.15015,0.0001,1.6194e-05,0,0.84883
8.2292,0.02,143.41,4.4118,7.8483,0.001,-0.14821,0.0001,1.6578e-05,0,0.84881
8.2362,0.02,143.41,4.4092,7.8508,0.001,-0.14629,0.0001,1.6959e-05,0,0.84878
8.2431,0.02,143.4,4.4065,7.8533,0.001,-0.14437,0.0001,1.7336e-05,0,0.84876
8.2501,0.02,143.4,4.4039,7.8558,0.001,-0.14247,0.0001,1.7709e-05,0,0.84874
8.257,0.02,143.39,4.4012,7.8582,0.001,-0.14058,0.0001,1.8078e-05,0,0.84871
8.264,0.02,143.39,4.3986,7.8607,0.001,-0.1387,0.0001,1.8443e-05,0,0.84869
8.271,0.02,143.38,4.396,7.8631,0.001,-0.13684,0.0001,1.8804e-05,0,0.84866
8.2779,0.02,143.38,4.3935,7.8654,0.001,-0.13498,0.0001,1.9161e-05,0,0.84864
8.2849,0.02,143.37,4.3909,7.8678,0.001,-0.13314,0.0001,1.9513e-05,0,0.84862
8.2918,0.02,143.37,4.3884,7.8702,0.001,-0.13131,0.0001,1.986e-05,0,0.84859
8.2988,0.02,143.36,4.3859,7.8725,0.001,-0.12949,0.0001,2.0203e-05,0,0.84857
8.3058,0.02,143.36,4.3834,7.8748,0.001,-0.12782,0.0001,2.0541e-05,0,0.84855
8.3127,0.02,143.36,4.3809,7.8771,0.001,-0.12611,0.0001,2.0869e-05,0,0.84852
8.3197,0.02,143.35,4.3784,7.8794,0.001,-0.12434,0.0001,2.1189e-05,0,0.8485
8.3266,0.02,143.35,4.376,7.8817,0.001,-0.12257,0.0001,2.1498e-05,0,0.84848
8.3336,0.02,143.34,4.3735,7.8839,0.001,-0.12079,0.0001,2.1799e-05,0,0.84845
8.3406,0.02,143.34,4.3711,7.8861,0.001,-0.1191,0.0001,2.2091e-05,0,0.84843
8.3475,0.02,143.33,4.3687,7.8884,0.001,-0.11738,0.0001,2.2374e-05,0,0.84841
8.3545,0.02,143.33,4.3663,7.8905,0.001,-0.11576,0.0001,2.2649e-05,0,0.84839
8.3614,0.02,143.32,4.364,7.8927,0.001,-0.11404,0.0001,2.2916e-05,0,0.84836
8.3684,0.02,143.32,4.3616,7.8949,0.001,-0.11268,0.0001,2.3175e-05,0,0.84834
8.3754,0.02,143.31,4.3593,7.897,0.001,-0.11113,0.0001,2.3427e-05,0,0.84832
8.3823,0.02,143.31,4.357,7.8992,0.001,-0.10948,0.0001,2.367e-05,0,0.8483
8.3893,0.02,143.3,4.3547,7.9013,0.001,-0.10755,0.0001,2.3907e-05,0,0.84828
8.3962,0.02,143.3,4.3524,7.9034,0.001,-0.10561,0.0001,2.4136e-05,0,0.84825
8.4032,0.02,143.3,4.3501,7.9055,0.001,-0.10381,0.0001,2.4359e-05,0,0.84823
8.4102,0.02,143.29,4.3478,7.9076,0.001,-0.10215,0.0001,2.4575e-05,0,0.84821
8.4171,0.02,143.29,4.3456,7.9097,0.001,-0.10052,0.0001,2.4785e-05,0,0.84819
8.4241,0.02,143.28,4.3433,7.9117,0.001,-0.098909,0.0001,2.4988e-05,0,0.84817
8.431,0.02,143.28,4.3411,7.9137,0.001,-0.097302,0.0001,2.5186e-05,0,0.84814
8.438,0.02,143.27,4.3389,7.9158,0.001,-0.095702,0.0001,2.5377e-05,0,0.84812
8.445,0.02,143.27,4.3367,7.9178,0.001,-0.094111,0.0001,2.5563e-05,0,0.8481
8.4519,0.02,143.26,4.3345,7.9198,0.001,-0.092527,0.0001,2.5743e-05,0,0.84808
8.4589,0.02,143.26,4.3323,7.9218,0.001,-0.090952,0.0001,2.5918e-05,0,0.84806
8.4658,0.02,143.25,4.3302,7.9237,0.001,-0.089384,0.0001,2.6088e-05,0,0.84804
8.4728,0.02,143.25,4.328,7.9257,0.001,-0.087825,0.0001,2.6253e-05,0,0.84802
8.4798,0.02,143.24,4.3259,7.9276,0.001,-0.086272,0.0001,2.6413e-05,0,0.848
8.4867,0.02,143.24,4.3237,7.9296,0.001,-0.084726,0.0001,2.6568e-05,0,0.84798
8.4937,0.02,143.24,4.3216,7.9315,0.001,-0.083187,0.0001,2.6718e-05,0,0.84796
8.5006,0.02,143.23,4.3195,7.9334,0.001,-0.081655,0.0001,2.6865e-05,0,0.84794
8.5076,0.02,143.23,4.3174,7.9353,0.001,-0.080129,0.0001,2.7006e-05,0,0.84792
8.5146,0.02,143.22,4.3154,7.9372,0.001,-0.078608,0.0001,2.7144e-05,0,0.8479
8.5215,0.02,143.22,4.3133,7.939,0.001,-0.076926,0.0001,2.7278e-05,0,0.84788
8.5285,0.02,143.21,4.3113,7.9409,0.001,-0.075307,0.0001,2.7407e-05,0,0.84786
8.5354,0.02,143.21,4.3092,7.9428,0.001,-0.07366,0.0001,2.7533e-05,0,0.84784
8.5424,0.02,143.21,4.3072,7.9446,0.001,-0.072039,0.0001,2.7655e-05,0,0.84782
8.5493,0.02,143.2,4.3052,7.9465,0.001,-0.070455,0.0001,2.7773e-05,0,0.8478
8.5563,0.02,143.2,4.3032,7.9483,0.001,-0.068887,0.0001,2.7888e-05,0,0.84779
8.5632,0.02,143.2,4.3013,7.9502,0.001,-0.06735,0.0001,2.7999e-05,0,0.84777
8.5702,0.02,143.19,4.2993,7.9521,0.001,-0.065844,0.0001,2.8107e-05,0,0.84775
8.5771,0.02,143.19,4.2974,7.9541,0.001,-0.064373,0.0001,2.821e-05,0,0.84773
8.5841,0.02,143.19,4.2955,7.956,0.001,-0.062941,0.0001,2.831e-05,0,0.84771
8.5911,0.02,143.18,4.2936,7.9577,0.001,-0.062537,0.0001,2.8406e-05,0,0.84769
8.598,0.02,143.18,4.2917,7.9596,0.001,-0.062753,0.0001,2.8497e-05,0,0.84767
8.605,0.02,143.18,4.2898,7.9615,0.001,-0.061326,0.0001,2.8581e-05,0,0.84765
8.6119,0.02,143.17,4.2879,7.9632,0.001,-0.059996,0.0001,2.8659e-05,0,0.84763
8.6189,0.02,143.17,4.2861,7.9648,0.001,-0.057354,0.0001,2.873e-05,0,0.84761
8.6258,0.02,143.17,4.2842,7.9661,0.001,-0.055654,0.0001,2.8792e-05,0,0.84759
8.6328,0.02,143.16,4.2824,7.9669,0.001,-0.054618,0.0001,2.8846e-05,0,0.84757
8.6398,0.02,143.16,4.2807,7.9676,0.001,-0.052441,0.0001,2.889e-05,0,0.84755
8.6467,0.02,143.16,4.2795,7.9684,0.001,-0.050973,0.0001,2.8924e-05,0,0.84753
8.6537,0.02,143.15,4.2784,7.9692,0.001,-0.050375,0.0001,2.8951e-05,0,0.8475
8.6606,0.02,143.15,4.2773,7.97,0.001,-0.048795,0.0001,2.8973e-05,0,0.84747
8.6676,0.02,143.14,4.2762,7.9708,0.001,-0.046956,0.0001,2.8989e-05,0,0.84745
8.6746,0.02,143.14,4.2751,7.9716,0.001,-0.045623,0.0001,2.9e-05,0,0.84743
8.6815,0.02,143.14,4.274,7.9724,0.001,-0.0443,0.0001,2.9142e-05,0,0.8474
8.6885,0.02,143.13,4.273,7.9732,0.001,-0.042987,0.0001,2.9349e-05,0,0.84738
8.6954,0.02,143.13,4.2719,7.974,0.001,-0.041687,0.0001,2.9551e-05,0,0.84735
8.7024,0.02,143.12,4.2708,7.9748,0.001,-0.040401,0.0001,2.9748e-05,0,0.84733
8.7094,0.02,143.12,4.2698,7.9755,0.001,-0.039127,0.0001,2.9941e-05,0,0.8473
8.7163,0.02,143.11,4.2687,7.9763,0.001,-0.037858,0.0001,3.0129e-05,0,0.84727
8.7233,0.02,143.11,4.2677,7.977,0.001,-0.036493,0.0001,3.0314e-05,0,0.84725
8.7302,0.02,143.1,4.2666,7.9778,0.001,-0.03552,0.0001,3.0495e-05,0,0.84722
8.7372,0.02,143.1,4.2656,7.9785,0.001,-0.034291,0.0001,3.0672e-05,0,0.84719
8.7442,0.02,143.09,4.2646,7.9792,0.001,-0.03311,0.0001,3.0847e-05,0,0.84716
8.7511,0.02,143.08,4.2635,7.9799,0.001,-0.031999,0.0001,3.1018e-05,0,0.84713
8.7581,0.02,143.08,4.2625,7.9806,0.001,-0.030919,0.0001,3.1187e-05,0,0.84711
8.7651,0.02,143.07,4.2615,7.9813,0.001,-0.029875,0.0001,3.1354e-05,0,0.84708
8.772,0.02,143.07,4.2605,7.982,0.001,-0.028864,0.0001,3.1518e-05,0,0.84705
8.779,0.02,143.06,4.2595,7.9827,0.001,-0.027897,0.0001,3.168e-05,0,0.84702
8.7859,0.02,143.06,4.2585,7.9834,0.001,-0.026967,0.0001,3.1841e-05,0,0.84699
8.7929,0.02,143.05,4.2575,7.9841,0.001,-0.026071,0.0001,3.1999e-05,0,0.84696
8.7999,0.02,143.04,4.2566,7.9847,0.001,-0.025441,0.0001,3.2156e-05,0,0.84693
8.8068,0.02,143.04,4.2556,7.9854,0.001,-0.024633,0.0001,3.2312e-05,0,0.8469
8.8138,0.02,143.03,4.2546,7.9861,0.001,-0.023757,0.0001,3.2466e-05,0,0.84688
8.8207,0.02,143.03,4.2537,7.9867,0.001,-0.022914,0.0001,3.2619e-05,0,0.84685
8.8277,0.02,143.02,4.2527,7.9873,0.001,-0.022104,0.0001,3.2771e-05,0,0.84682
8.8347,0.02,143.01,4.2518,7.988,0.001,-0.021353,0.0001,3.2922e-05,0,0.84679
8.8416,0.02,143.01,4.2508,7.9886,0.001,-0.020673,0.0001,3.3071e-05,0,0.84676
8.8486,0.02,143,4.2499,7.9892,0.001,-0.020023,0.0001,3.322e-05,0,0.84673
8.8555,0.02,143,4.249,7.9899,0.001,-0.019435,0.0001,3.3368e-05,0,0.8467
8.8625,0.02,142.99,4.248,7.9905,0.001,-0.018967,0.0001,3.3515e-05,0,0.84667
8.8695,0.02,142.98,4.2471,7.9911,0.001,-0.018534,0.0001,3.3662e-05,0,0.84664
8.8764,0.02,142.98,4.2462,7.9917,0.001,-0.018132,0.0001,3.3807e-05,0,0.84661
8.8834,0.02,142.97,4.2453,7.9923,0.001,-0.017762,0.0001,3.3952e-05,0,0.84658
8.8904,0.02,142.97,4.2444,7.9929,0.001,-0.017422,0.0001,3.4096e-05,0,0.84655
8.8973,0.02,142.97,4.2435,7.9934,0.001,-0.01711,0.0001,3.424e-05,0,0.84652
8.9043,0.02,142.96,4.2426,7.994,0.001,-0.016827,0.0001,3.4383e-05,0,0.84649
8.9112,0.02,142.96,4.2418,7.9946,0.001,-0.016572,0.0001,3.4526e-05,0,0.84646
8.9182,0.02,142.96,4.2409,7.9952,0.001,-0.016346,0.0001,3.4668e-05,0,0.84644
8.9252,0.02,142.95,4.24,7.9957,0.001,-0.016147,0.0001,3.4809e-05,0,0.84641
8.9321,0.02,142.95,4.2392,7.9963,0.001,-0.015977,0.0001,3.495e-05,0,0.84638
8.9391,0.02,142.95,4.2383,7.9969,0.001,-0.015835,0.0001,3.5095e-05,0,0.84636
8.946,0.02,142.94,4.2375,7.9974,0.001,-0.015722,0.0001,3.5287e-05,0,0.84633
8.953,0.02,142.94,4.2366,7.998,0.001,-0.015635,0.0001,3.5475e-05,0,0.8463
8.96,0.02,142.93,4.2358,7.9986,0.001,-0.015571,0.0001,3.5659e-05,0,0.84628
8.9669,0.02,142.93,4.2349,7.9991,0.001,-0.015527,0.0001,3.5839e-05,0,0.84625
8.9739,0.02,142.92,4.2341,7.9997,0.001,-0.015501,0.0001,3.6014e-05,0,0.84622
8.9809,0.02,142.92,4.2331,8.0002,0.001,-0.015492,0.0001,3.6186e-05,0,0.8462
8.9878,0.02,142.91,4.2317,8.0007,0.001,-0.015499,0.0001,3.6353e-05,0,0.84617
8.9948,0.02,142.9,4.2302,8.0013,0.001,-0.015521,0.0001,3.6517e-05,0,0.84614
9.0017,0.02,142.9,4.2287,8.0018,0.001,-0.015558,0.0001,3.6813e-05,0,0.84612
9.0087,0.02,142.89,4.2273,8.0024,0.001,-0.015608,0.0001,3.7149e-05,0,0.84609
9.0157,0.02,142.89,4.2259,8.0029,0.001,-0.01567,0.0001,3.748e-05,0,0.84607
9.0226,0.02,142.88,4.2244,8.0038,0.001,-0.015742,0.0001,3.7806e-05,0,0.84604
9.0296,0.02,142.87,4.223,8.0049,0.001,-0.015824,0.0001,3.8127e-05,0,0.84602
9.0365,0.02,142.87,4.2216,8.0061,0.001,-0.015912,0.0001,3.8443e-05,0,0.84599
9.0435,0.02,142.86,4.2202,8.0073,0.001,-0.016006,0.0001,3.8755e-05,0,0.84596
9.0505,0.02,142.85,4.2189,8.0084,0.001,-0.016103,0.0001,3.9062e-05,0,0.84594
9.0574,0.02,142.85,4.2175,8.0095,0.001,-0.016199,0.0001,3.9365e-05,0,0.84592
9.0644,0.02,142.84,4.2161,8.0107,0.001,-0.016284,0.0001,3.9663e-05,0,0.84589
9.0713,0.02,142.84,4.2148,8.0118,0.001,-0.016229,0.0001,3.9957e-05,0,0.84587
9.0783,0.02,142.83,4.2135,8.0129,0.001,-0.016322,0.0001,4.0246e-05,0,0.84584
9.0853,0.02,142.82,4.2121,8.014,0.001,-0.016381,0.0001,4.053e-05,0,0.84582
9.0922,0.02,142.82,4.2108,8.0151,0.001,-0.016811,0.0001,4.081e-05,0,0.84579
9.0992,0.02,142.81,4.2095,8.0162,0.001,-0.017374,0.0001,4.1084e-05,0,0.84577
9.1062,0.02,142.81,4.2082,8.0172,0.001,-0.01801,0.0001,4.1354e-05,0,0.84575
9.1131,0.02,142.8,4.207,8.0183,0.001,-0.018981,0.0001,4.162e-05,0,0.84573
9.1201,0.02,142.8,4.2057,8.0194,0.001,-0.020339,0.0001,4.1881e-05,0,0.8457
9.127,0.02,142.79,4.2045,8.0204,0.001,-0.021768,0.0001,4.2137e-05,0,0.84568
9.134,0.02,142.78,4.2033,8.0214,0.001,-0.023196,0.0001,4.2389e-05,0,0.84566
9.141,0.02,142.78,4.2021,8.0224,0.001,-0.024601,0.0001,4.2637e-05,0,0.84564
9.1479,0.02,142.77,4.2009,8.0234,0.001,-0.025974,0.0001,4.288e-05,0,0.84562
9.1549,0.02,142.77,4.1997,8.0244,0.001,-0.027308,0.0001,4.312e-05,0,0.8456
9.1618,0.02,142.76,4.1986,8.0253,0.001,-0.028604,0.0001,4.3356e-05,0,0.84558
9.1688,0.02,142.76,4.1975,8.0262,0.001,-0.029858,0.0001,4.3588e-05,0,0.84556
9.1758,0.02,142.75,4.1964,8.0271,0.001,-0.031071,0.0001,4.3816e-05,0,0.84554
9.1827,0.02,142.75,4.1953,8.028,0.001,-0.032242,0.0001,4.404e-05,0,0.84552
9.1897,0.02,142.74,4.1942,8.0289,0.001,-0.033371,0.0001,4.4261e-05,0,0.8455
9.1966,0.02,142.74,4.1932,8.0298,0.001,-0.034392,0.0001,4.4479e-05,0,0.84549
9.2036,0.02,142.73,4.1922,8.0307,0.001,-0.035364,0.0001,4.4693e-05,0,0.84547
9.2106,0.02,142.73,4.1912,8.0315,0.001,-0.036305,0.0001,4.4905e-05,0,0.84545
9.2175,0.02,142.73,4.1902,8.0324,0.001,-0.03723,0.0001,4.5113e-05,0,0.84543
9.2245,0.02,142.72,4.1892,8.0332,0.001,-0.038137,0.0001,4.5318e-05,0,0.84542
9.2315,0.02,142.72,4.1882,8.034,0.001,-0.039024,0.0001,4.552e-05,0,0.8454
9.2384,0.02,142.71,4.1873,8.0348,0.001,-0.039892,0.0001,4.5719e-05,0,0.84538
9.2454,0.02,142.71,4.1864,8.0356,0.001,-0.040739,0.0001,4.5915e-05,0,0.84537
9.2523,0.02,142.71,4.1854,8.0364,0.001,-0.041566,0.0001,4.6109e-05,0,0.84535
9.2593,0.02,142.71,4.1845,8.0371,0.001,-0.04237,0.0001,4.63e-05,0,0.84534
9.2663,0.02,142.7,4.1837,8.0379,0.001,-0.043152,0.0001,4.6488e-05,0,0.84532
9.2732,0.02,142.7,4.1828,8.0386,0.001,-0.043911,0.0001,4.6674e-05,0,0.84531
9.2802,0.02,142.7,4.1819,8.0394,0.001,-0.044647,0.0001,4.6858e-05,0,0.8453
9.2871,0.02,142.7,4.1811,8.0401,0.001,-0.045359,0.0001,4.7039e-05,0,0.84528
9.2941,0.02,142.69,4.1803,8.0408,0.001,-0.046049,0.0001,4.7217e-05,0,0.84527
9.3011,0.02,142.69,4.1794,8.0415,0.001,-0.046717,0.0001,4.7394e-05,0,0.84526
9.308,0.02,142.69,4.1786,8.0422,0.001,-0.047362,0.0001,4.7568e-05,0,0.84524
9.315,0.02,142.69,4.1778,8.0429,0.001,-0.047981,0.0001,4.774e-05,0,0.84523
9.3219,0.02,142.69,4.177,8.0435,0.001,-0.048574,0.0001,4.7909e-05,0,0.84522
9.3289,0.02,142.69,4.1763,8.0442,0.001,-0.049137,0.0001,4.8077e-05,0,0.84521
9.3359,0.02,142.68,4.1755,8.0448,0.001,-0.04967,0.0001,4.8242e-05,0,0.8452
9.3428,0.02,142.68,4.1748,8.0455,0.001,-0.050172,0.0001,4.8406e-05,0,0.84519
9.3498,0.02,142.68,4.174,8.0461,0.001,-0.050645,0.0001,4.8567e-05,0,0.84517
9.3567,0.02,142.68,4.1733,8.0467,0.001,-0.051088,0.0001,4.8727e-05,0,0.84516
9.3637,0.02,142.68,4.1726,8.0473,0.001,-0.051502,0.0001,4.8884e-05,0,0.84515
9.3707,0.02,142.68,4.1718,8.048,0.001,-0.051885,0.0001,4.904e-05,0,0.84515
9.3776,0.02,142.67,4.1711,8.0486,0.001,-0.052241,0.0001,4.9194e-05,0,0.84514
9.3846,0.02,142.67,4.1704,8.0492,0.001,-0.052579,0.0001,4.9346e-05,0,0.84513
9.3916,0.02,142.67,4.1698,8.0498,0.001,-0.052901,0.0001,4.9496e-05,0,0.84512
9.3985,0.02,142.67,4.1691,8.0503,0.001,-0.053213,0.0001,4.9645e-05,0,0.84511
9.4055,0.02,142.67,4.1684,8.0509,0.001,-0.053514,0.0001,4.9792e-05,0,0.8451
9.4124,0.02,142.67,4.1677,8.0515,0.001,-0.053802,0.0001,4.9937e-05,0,0.8451
9.4194,0.02,142.67,4.1671,8.0521,0.001,-0.054072,0.0001,5.008e-05,0,0.84509
9.4264,0.02,142.67,4.1664,8.0526,0.001,-0.054305,0.0001,5.0222e-05,0,0.84508
9.4333,0.02,142.67,4.1658,8.0532,0.001,-0.053454,0.0001,5.0363e-05,0,0.84508
9.4403,0.02,142.67,4.1651,8.0537,0.001,-0.05264,0.0001,5.0501e-05,0,0.84507
9.4472,0.02,142.67,4.1645,8.0543,0.001,-0.051861,0.0001,5.0639e-05,0,0.84507
9.4542,0.02,142.66,4.1639,8.0548,0.001,-0.051116,0.0001,5.0774e-05,0,0.84506
9.4612,0.02,142.66,4.1633,8.0554,0.001,-0.050801,0.0001,5.0909e-05,0,0.84506
9.4681,0.02,142.66,4.1627,8.0559,0.001,-0.050896,0.0001,5.1042e-05,0,0.84506
9.4751,0.02,142.66,4.1621,8.0564,0.001,-0.050976,0.0001,5.1173e-05,0,0.84505
9.482,0.02,142.66,4.1615,8.057,0.001,-0.051118,0.0001,5.1303e-05,0,0.84505
9.489,0.02,142.65,4.1609,8.0575,0.001,-0.051487,0.0001,5.1432e-05,0,0.84505
9.496,0.02,142.65,4.1603,8.058,0.001,-0.051852,0.0001,5.1559e-05,0,0.84505
9.5029,0.02,142.65,4.1597,8.0585,0.001,-0.052214,0.0001,5.1685e-05,0,0.84504
9.5099,0.02,142.65,4.1591,8.059,0.001,-0.052573,0.0001,5.1809e-05,0,0.84504
9.5168,0.02,142.64,4.1585,8.0595,0.001,-0.05293,0.0001,5.1933e-05,0,0.84504
9.5238,0.02,142.64,4.158,8.06,0.001,-0.053284,0.0001,5.2055e-05,0,0.84504
9.5308,0.02,142.64,4.1574,8.0605,0.001,-0.053635,0.0001,5.2175e-05,0,0.84504
9.5377,0.02,142.64,4.1568,8.061,0.001,-0.053983,0.0001,5.2295e-05,0,0.84504
9.5447,0.02,142.63,4.1563,8.0615,0.001,-0.054375,0.0001,5.2413e-05,0,0.84504
9.5516,0.02,142.63,4.1557,8.0619,0.001,-0.054749,0.0001,5.2531e-05,0,0.84504
9.5586,0.02,142.63,4.1552,8.0624,0.001,-0.055108,0.0001,5.2647e-05,0,0.84504
9.5656,0.02,142.63,4.1547,8.0629,0.001,-0.05538,0.0001,5.2761e-05,0,0.84504
9.5725,0.02,142.63,4.1541,8.0633,0.001,-0.055357,0.0001,5.2875e-05,0,0.84504
9.5795,0.02,142.62,4.1536,8.0638,0.001,-0.055326,0.0001,5.2988e-05,0,0.84504
9.5864,0.02,142.62,4.1531,8.0642,0.001,-0.055288,0.0001,5.3099e-05,0,0.84504
9.5934,0.02,142.62,4.1525,8.0647,0.001,-0.054998,0.0001,5.321e-05,0,0.84504
9.6004,0.02,142.62,4.152,8.0651,0.001,-0.054492,0.0001,5.3319e-05,0,0.84505
9.6073,0.02,142.62,4.1515,8.0655,0.001,-0.053944,0.0001,5.3428e-05,0,0.84505
9.6143,0.02,142.62,4.151,8.066,0.001,-0.053358,0.0001,5.3535e-05,0,0.84505
9.6213,0.02,142.61,4.1505,8.0664,0.001,-0.052736,0.0001,5.3641e-05,0,0.84505
9.6282,0.02,142.61,4.15,8.0668,0.001,-0.052084,0.0001,5.3747e-05,0,0.84505
9.6352,0.02,142.61,4.1494,8.0673,0.001,-0.051452,0.0001,5.3851e-05,0,0.84506
9.6421,0.02,142.61,4.1498,8.0677,0.001,-0.050866,0.0001,5.3954e-05,0,0.84506
9.6491,0.02,142.61,4.1501,8.0673,0.001,-0.050177,0.0001,5.4057e-05,0,0.84506
9.6561,0.02,142.61,4.1504,8.0669,0.001,-0.05005,0.0001,5.4158e-05,0,0.84506
9.663,0.02,142.61,4.1507,8.0665,0.001,-0.04997,0.0001,5.4911e-05,0,0.84505
9.67,0.02,142.61,4.151,8.0661,0.001,-0.04989,0.0001,5.7139e-05,0,0.84505
9.6769,0.02,142.61,4.1513,8.0657,0.001,-0.049756,0.0001,5.8585e-05,0,0.84505
9.6839,0.02,142.6,4.1516,8.0653,0.001,-0.048942,0.0001,5.8605e-05,0,0.84504
9.6909,0.02,142.6,4.1519,8.0649,0.001,-0.048187,0.0001,5.8625e-05,0,0.84504
9.6978,0.02,142.6,4.1522,8.0645,0.001,-0.047257,0.0001,5.8645e-05,0,0.84504
9.7048,0.02,142.6,4.1525,8.0641,0.001,-0.046326,0.0001,5.8665e-05,0,0.84503
9.7117,0.02,142.6,4.1528,8.0637,0.001,-0.045258,0.0001,5.8685e-05,0,0.84502
9.7187,0.02,142.6,4.1531,8.0634,0.001,-0.045052,0.0001,5.8704e-05,0,0.84501
9.7257,0.02,142.6,4.1533,8.063,0.001,-0.045405,0.0001,5.8724e-05,0,0.845
9.7326,0.02,142.6,4.1536,8.0626,0.001,-0.045762,0.0001,5.8743e-05,0,0.84498
9.7396,0.02,142.59,4.1539,8.0622,0.001,-0.046115,0.0001,5.8762e-05,0,0.84497
9.7465,0.02,142.59,4.1542,8.0619,0.001,-0.046466,0.0001,5.878e-05,0,0.84495
9.7535,0.02,142.59,4.1544,8.0615,0.001,-0.046813,0.0001,5.8798e-05,0,0.84493
9.7605,0.02,142.59,4.1547,8.0612,0.001,-0.047629,0.0001,5.8816e-05,0,0.84494
9.7674,0.02,142.59,4.155,8.0608,0.001,-0.048777,0.0001,5.8832e-05,0,0.84497
9.7744,0.02,142.59,4.1552,8.0604,0.001,-0.049192,0.0001,5.8849e-05,0,0.845
9.7813,0.02,142.59,4.1555,8.0601,0.001,-0.049445,0.0001,5.8864e-05,0,0.84503
9.7883,0.02,142.59,4.1557,8.0598,0.001,-0.050079,0.0001,5.8879e-05,0,0.84506
9.7953,0.02,142.58,4.156,8.0594,0.001,-0.051164,0.0001,5.8894e-05,0,0.8451
9.8022,0.02,142.58,4.1563,8.0591,0.001,-0.053091,0.0001,5.8908e-05,0,0.84513
9.8092,0.02,142.58,4.1565,8.0587,0.001,-0.053017,0.0001,5.8921e-05,0,0.84518
9.8161,0.02,142.58,4.1568,8.0584,0.001,-0.053844,0.0001,5.8934e-05,0,0.84518
9.8231,0.02,142.58,4.157,8.0581,0.001,-0.054751,0.0001,5.8946e-05,0,0.8452
9.8301,0.02,142.58,4.1573,8.0578,0.001,-0.055628,0.0001,5.8958e-05,0,0.84525
9.837,0.02,142.58,4.1575,8.0574,0.001,-0.056154,0.0001,5.8969e-05,0,0.84527
9.844,0.02,142.57,4.1577,8.0571,0.001,-0.056492,0.0001,5.898e-05,0,0.84538
9.8509,0.02,142.57,4.158,8.0568,0.001,-0.056812,0.0001,5.8991e-05,0,0.84545
9.8579,0.02,142.57,4.1582,8.0565,0.001,-0.057116,0.0001,5.9001e-05,0,0.84543
9.8649,0.02,142.57,4.1585,8.0562,0.001,-0.057404,0.0001,5.901e-05,0,0.84544
9.8718,0.02,142.57,4.1587,8.0559,0.001,-0.057677,0.0001,5.902e-05,0,0.84545
9.8788,0.02,142.57,4.1589,8.0556,0.001,-0.057934,0.0001,5.9029e-05,0,0.84546
9.8858,0.02,142.57,4.1592,8.0553,0.001,-0.058177,0.0001,5.9038e-05,0,0.84546
9.8927,0.02,142.57,4.1594,8.055,0.001,-0.058405,0.0001,5.9046e-05,0,0.84546
9.8997,0.02,142.57,4.1596,8.0548,0.001,-0.058865,0.0001,5.9054e-05,0,0.84547
9.9066,0.02,142.57,4.1598,8.0545,0.001,-0.059589,0.0001,5.9063e-05,0,0.84549
9.9136,0.02,142.57,4.1601,8.0542,0.001,-0.059761,0.0001,5.9071e-05,0,0.8455
9.9206,0.02,142.57,4.1603,8.0539,0.001,-0.059315,0.0001,5.9079e-05,0,0.84551
9.9275,0.02,142.57,4.1605,8.0537,0.001,-0.058502,0.0001,5.9086e-05,0,0.84552
9.9345,0.02,142.57,4.1607,8.0534,0.001,-0.057866,0.0001,5.9094e-05,0,0.84552
9.9414,0.02,142.57,4.1609,8.0531,0.001,-0.057987,0.0001,5.9102e-05,0,0.84552
9.9484,0.02,142.57,4.1612,8.0529,0.001,-0.058393,0.0001,5.9109e-05,0,0.84554
9.9554,0.02,142.57,4.1614,8.0526,0.001,-0.058621,0.0001,5.9117e-05,0,0.84555
9.9623,0.02,142.57,4.1616,8.0523,0.001,-0.058573,0.0001,5.9125e-05,0,0.84556
9.9693,0.02,142.57,4.1618,8.0527,0.001,-0.058901,0.0001,5.9133e-05,0,0.84557
9.9762,0.02,142.57,4.162,8.0531,0.001,-0.058946,0.0001,5.914e-05,0,0.84558
9.9832,0.02,142.57,4.1623,8.0536,0.001,-0.05892,0.0001,5.9148e-05,0,0.84559
9.9902,0.02,142.56,4.1625,8.0541,0.001,-0.058868,0.0001,5.9156e-05,0,0.8456
9.9971,0.02,142.56,4.1627,8.0545,0.001,-0.058816,0.0001,5.9164e-05,0,0.84561
10.004,0.02,142.56,4.1627,8.055,0.001,-0.058765,0.0001,5.9173e-05,0,0.84563
10.011,0.02,142.56,4.1623,8.0554,0.001,-0.058714,0.0001,5.9181e-05,0,0.84564
10.018,0.02,142.56,4.162,8.0559,0.001,-0.058662,0.0001,5.919e-05,0,0.84565
10.025,0.02,142.56,4.1617,8.0563,0.001,-0.05861,0.0001,5.9199e-05,0,0.84567
10.032,0.02,142.56,4.1614,8.0567,0.001,-0.058557,0.0001,5.9208e-05,0,0.84568
10.039,0.02,142.56,4.1611,8.0572,0.001,-0.058504,0.0001,5.9217e-05,0,0.84569
10.046,0.02,142.56,4.1608,8.0576,0.001,-0.058449,0.0001,5.9226e-05,0,0.84571
10.053,0.02,142.56,4.1605,8.0581,0.001,-0.058394,0.0001,5.9236e-05,0,0.84572
10.06,0.02,142.56,4.1602,8.0585,0.001,-0.058339,0.0001,5.9246e-05,0,0.84574
10.067,0.02,142.56,4.1599,8.0589,0.001,-0.058283,0.0001,5.9256e-05,3.3775e-05,0.84576
10.074,0.02,142.55,4.1596,8.0594,0.001,-0.058245,0.0001,5.9267e-05,6.7549e-05,0.84577
10.081,0.02,142.55,4.1594,8.0598,0.001,-0.058151,0.0001,5.9277e-05,0.00010132,0.84579
10.088,0.02,142.55,4.1591,8.0603,0.001,-0.058088,0.0001,5.9288e-05,0.0001351,0.8458
10.095,0.02,142.55,4.1588,8.0607,0.001,-0.05801,0.0001,5.93e-05,0.00016887,0.84582
10.102,0.02,142.55,4.1585,8.0611,0.001,-0.057938,0.0001,5.9311e-05,0.00020264,0.84584
10.108,0.02,142.55,4.1583,8.0616,0.001,-0.057871,0.0001,5.9898e-05,0.00023641,0.84586
10.115,0.02,142.55,4.158,8.062,0.001,-0.057807,0.0001,6.2031e-05,0.00027019,0.84588
10.122,0.02,142.55,4.1578,8.0624,0.001,-0.057746,0.0001,6.4118e-05,0.00030396,0.84589
10.129,0.02,142.55,4.1575,8.0629,0.001,-0.057687,0.0001,6.616e-05,0.00033773,0.84591
10.136,0.02,142.55,4.1573,8.0633,0.001,-0.057629,0.0001,6.8158e-05,0.0003715,0.84593
10.143,0.02,142.55,4.157,8.0637,0.001,-0.057573,0.0001,7.0113e-05,0.00040527,0.84595
10.15,0.02,142.55,4.1568,8.0642,0.001,-0.057518,0.0001,7.2025e-05,0.00043904,0.84597
10.157,0.02,142.55,4.1566,8.0646,0.001,-0.057466,0.0001,7.7738e-05,0.00053136,0.846
10.164,0.02,142.55,4.1563,8.065,0.001,-0.05742,0.0001,8.3368e-05,0.00062368,0.84602
10.171,0.02,142.55,4.1561,8.0655,0.001,-0.057378,0.0001,8.8842e-05,0.000716,0.84604
10.178,0.02,142.55,4.1559,8.0659,0.001,-0.057338,0.0001,9.4157e-05,0.00080832,0.84606
10.185,0.02,142.55,4.1556,8.0663,0.001,-0.057301,0.0001,9.9318e-05,0.00090064,0.84609
10.192,0.02,142.55,4.1554,8.0668,0.001,-0.057264,0.0001,0.00010433,0.00099296,0.84611
10.199,0.02,142.55,4.1552,8.0672,0.001,-0.057227,0.0001,0.0001092,0.0010853,0.84613
10.206,0.02,142.55,4.155,8.0677,0.001,-0.05719,0.0001,0.00011392,0.0011776,0.84616
10.213,0.02,142.55,4.1548,8.0681,0.001,-0.057154,0.0001,0.00011851,0.0012699,0.84618
10.22,0.02,142.55,4.1546,8.0686,0.001,-0.057118,0.0001,0.00012296,0.0013622,0.84621
10.227,0.02,142.55,4.1544,8.069,0.001,-0.05708,0.0001,0.00012729,0.0014545,0.84623
10.234,0.02,142.55,4.1542,8.0694,0.001,-0.057042,0.0001,0.00013149,0.0015469,0.84626
10.241,0.02,142.55,4.154,8.0699,0.001,-0.057006,0.0001,0.00013556,0.0016392,0.84628
10.248,0.02,142.55,4.1538,8.0703,0.001,-0.056971,0.0001,0.00013952,0.0017315,0.84631
10.255,0.02,142.55,4.1536,8.0707,0.001,-0.056938,0.0001,0.00014265,0.0018238,0.84633
10.262,0.02,142.55,4.1534,8.0711,0.001,-0.056904,0.0001,0.00014395,0.0019161,0.84635
10.269,0.02,142.55,4.1532,8.0716,0.001,-0.056872,0.0001,0.00014522,0.0020084,0.84637
10.276,0.02,142.55,4.153,8.072,0.001,-0.05684,0.0001,0.00014647,0.0021008,0.84639
10.283,0.02,142.55,4.1529,8.0724,0.001,-0.056809,0.0001,0.00014769,0.0021931,0.84641
10.289,0.02,142.55,4.1527,8.0728,0.001,-0.056779,0.0001,0.00014887,0.0022854,0.84643
10.296,0.02,142.55,4.1525,8.0732,0.001,-0.05675,0.0001,0.00015004,0.0023777,0.84645
10.303,0.02,142.54,4.1523,8.0736,0.001,-0.056739,0.0001,0.00015117,0.00247,0.84646
10.31,0.02,142.54,4.1522,8.074,0.001,-0.056805,0.0001,0.00015229,0.0025624,0.84648
10.317,0.02,142.54,4.152,8.0744,0.001,-0.056899,0.0001,0.00015337,0.0026547,0.84649
10.324,0.02,142.54,4.1518,8.0748,0.001,-0.056944,0.0001,0.00015443,0.002747,0.84651
10.331,0.02,142.54,4.1517,8.0751,0.001,-0.057066,0.0001,0.00015547,0.0028393,0.84652
10.338,0.02,142.54,4.1515,8.0755,0.001,-0.057299,0.0001,0.00015649,0.0029317,0.84652
10.345,0.02,142.54,4.1514,8.0759,0.001,-0.057691,0.0001,0.00015748,0.003024,0.84653
10.352,0.02,142.54,4.1512,8.0763,0.001,-0.058321,0.0001,0.00015845,0.0031164,0.84653
10.359,0.02,142.53,4.151,8.0767,0.001,-0.059324,0.0001,0.0001594,0.0032087,0.84653
10.366,0.02,142.53,4.1509,8.077,0.001,-0.059763,0.0001,0.00016031,0.0033011,0.84653
10.373,0.02,142.53,4.1507,8.0774,0.001,-0.059795,0.0001,0.00016119,0.0033935,0.84654
10.38,0.02,142.53,4.1506,8.0777,0.001,-0.05985,0.0001,0.00016204,0.003486,0.84658
10.387,0.02,142.53,4.1505,8.0781,0.001,-0.059265,0.0001,0.00016285,0.0035784,0.84664
10.394,0.02,142.53,4.1503,8.0785,0.001,-0.059683,0.0001,0.00016363,0.0036708,0.84668
10.401,0.02,142.53,4.1502,8.0788,0.001,-0.059065,0.0001,0.00016437,0.0037633,0.84673
10.408,0.02,142.53,4.15,8.0791,0.001,-0.0574,0.0001,0.00016509,0.0038559,0.84678
10.415,0.02,142.53,4.1499,8.0795,0.001,-0.05846,0.0001,0.00016577,0.0039484,0.84683
10.422,0.02,142.53,4.1498,8.0798,0.001,-0.058436,0.0001,0.00016643,0.004041,0.84689
10.429,0.02,142.53,4.1497,8.0802,0.001,-0.056707,0.0001,0.00016706,0.0041336,0.84693
10.436,0.02,142.53,4.1496,8.0805,0.001,-0.056177,0.0001,0.00016765,0.0042262,0.84696
10.443,0.02,142.53,4.1494,8.0808,0.001,-0.058577,0.0001,0.00016822,0.0043188,0.84701
10.45,0.02,142.53,4.1493,8.0811,0.001,-0.058954,0.0001,0.00016877,0.0044114,0.84706
10.457,0.02,142.54,4.1492,8.0815,0.001,-0.059866,0.0001,0.00016928,0.004504,0.84716
10.464,0.02,142.54,4.1491,8.0818,0.001,-0.059739,0.0001,0.00016977,0.0045966,0.84724
10.471,0.02,142.54,4.149,8.0821,0.001,-0.059584,0.0001,0.00017023,0.0046892,0.84725
10.478,0.02,142.54,4.1489,8.0824,0.001,-0.059429,0.0001,0.00017042,0.0047818,0.84727
10.485,0.02,142.55,4.1488,8.0827,0.001,-0.059275,0.0001,0.00017184,0.0048744,0.8473
10.492,0.02,142.55,4.1487,8.083,0.001,-0.059122,0.0001,0.0001732,0.004967,0.84732
10.499,0.02,142.55,4.1486,8.0833,0.001,-0.057059,0.0001,0.00017453,0.0050596,0.84733
10.506,0.02,142.55,4.1485,8.0836,0.001,-0.055231,0.0001,0.00017581,0.0051522,0.84733
10.513,0.02,142.56,4.1484,8.0839,0.001,-0.055373,0.0001,0.00017704,0.0052448,0.84735
10.52,0.02,142.56,4.1483,8.0842,0.001,-0.056342,0.0001,0.00017824,0.0053374,0.84738
10.527,0.02,142.56,4.1482,8.0845,0.001,-0.055416,0.0001,0.00017939,0.0054299,0.8474
10.534,0.02,142.57,4.1481,8.0848,0.001,-0.054607,0.0001,0.00018051,0.0055225,0.84742
10.54,0.02,142.57,4.148,8.0851,0.001,-0.054412,0.0001,0.00018159,0.005615,0.84743
10.547,0.02,142.57,4.1479,8.0854,0.001,-0.054232,0.0001,0.00018262,0.0057075,0.84744
10.554,0.02,142.58,4.1478,8.0857,0.001,-0.05406,0.0001,0.00018258,0.0058,0.84746
10.561,0.02,142.58,4.1477,8.086,0.001,-0.053902,0.0001,0.00018254,0.0058925,0.84747
10.568,0.02,142.58,4.1476,8.0863,0.001,-0.053753,0.0001,0.0001825,0.005985,0.84749
10.575,0.02,142.59,4.1475,8.0867,0.001,-0.053612,0.0001,0.00018247,0.0060775,0.84751
10.582,0.02,142.59,4.1474,8.087,0.001,-0.053475,0.0001,0.00018243,0.00617,0.84752
10.589,0.02,142.59,4.1473,8.0873,0.001,-0.053344,0.0001,0.0001824,0.0062624,0.84754
10.596,0.02,142.6,4.1473,8.0875,0.001,-0.053216,0.0001,0.00018237,0.0063549,0.84755
10.603,0.02,142.6,4.1472,8.0869,0.001,-0.053093,0.0001,0.00018234,0.0064474,0.84757
10.61,0.02,142.6,4.1471,8.0863,0.001,-0.052973,0.0001,0.00018232,0.0065399,0.84758
10.617,0.02,142.6,4.147,8.0857,0.001,-0.052857,0.0001,0.00018229,0.0066323,0.8476
10.624,0.02,142.6,4.147,8.0852,0.001,-0.052745,0.0001,0.00018226,0.0067248,0.84761
10.631,0.02,142.61,4.1469,8.0846,0.001,-0.052636,0.0001,0.00018224,0.0068173,0.84763
10.638,0.02,142.61,4.1468,8.0841,0.001,-0.05253,0.0001,0.00018222,0.0069097,0.84764
10.645,0.02,142.61,4.1468,8.0835,0.001,-0.052427,0.0001,0.0001823,0.0070022,0.84766
10.652,0.02,142.61,4.1467,8.083,0.001,-0.052325,0.0001,0.00018246,0.0070947,0.84767
10.659,0.02,142.61,4.1467,8.0825,0.001,-0.052225,0.0001,0.0001827,0.0071872,0.84769
10.666,0.02,142.62,4.1466,8.0819,0.001,-0.052129,0.0001,0.000183,0.0072796,0.8477
10.673,0.02,142.62,4.1469,8.0814,0.001,-0.052038,0.0001,0.00018311,0.0073721,0.84772
10.68,0.02,142.62,4.1476,8.0804,0.001,-0.051956,0.0001,0.00018309,0.0074646,0.84773
10.687,0.02,142.62,4.1483,8.0795,0.001,-0.05188,0.0001,0.00018307,0.0075571,0.84775
10.694,0.02,142.63,4.149,8.0786,0.001,-0.05181,0.0001,0.00018306,0.0076496,0.84776
10.701,0.02,142.63,4.1497,8.0777,0.001,-0.051749,0.0001,0.00018304,0.007742,0.84777
10.708,0.02,142.63,4.1504,8.0768,0.001,-0.051697,0.0001,0.00018303,0.0078345,0.84779
10.715,0.02,142.63,4.1511,8.0759,0.001,-0.051658,0.0001,0.00018301,0.007927,0.8478
10.722,0.02,142.64,4.1519,8.075,0.001,-0.051637,0.0001,0.000183,0.0080195,0.84782
10.729,0.02,142.64,4.1526,8.0742,0.001,-0.051637,0.0001,0.00018361,0.008112,0.84783
10.736,0.02,142.64,4.1533,8.0733,0.001,-0.051667,0.0001,0.00018674,0.0082045,0.84784
10.743,0.02,142.65,4.154,8.0725,0.001,-0.051736,0.0001,0.00018672,0.008297,0.84786
10.75,0.02,142.65,4.1548,8.0717,0.001,-0.051858,0.0001,0.00018658,0.0083895,0.84787
10.757,0.02,142.65,4.1555,8.0709,0.001,-0.052052,0.0001,0.00018644,0.008482,0.84788
10.764,0.02,142.66,4.1562,8.0701,0.001,-0.052345,0.0001,0.00018628,0.0085745,0.8479
10.771,0.02,142.66,4.157,8.0694,0.001,-0.052781,0.0001,0.00018612,0.008667,0.84791
10.778,0.02,142.66,4.1577,8.0687,0.001,-0.053426,0.0001,0.00018596,0.0087595,0.84792
10.785,0.02,142.67,4.1584,8.068,0.001,-0.053739,0.0001,0.00018579,0.008852,0.84794
10.791,0.02,142.67,4.1592,8.0674,0.001,-0.05368,0.0001,0.00018561,0.0089446,0.84795
10.798,0.02,142.68,4.1599,8.0668,0.001,-0.05362,0.0001,0.00018543,0.0090371,0.84796
10.805,0.02,142.68,4.1607,8.0661,0.001,-0.053562,0.0001,0.00018524,0.0091296,0.84797
10.812,0.02,142.69,4.1614,8.0654,0.001,-0.053504,0.0001,0.00018505,0.0092221,0.84799
10.819,0.02,142.69,4.1621,8.0645,0.001,-0.051455,0.0001,0.00018487,0.0093147,0.848
10.826,0.02,142.69,4.1629,8.0638,0.001,-0.052162,0.0001,0.00018469,0.0094072,0.84801
10.833,0.02,142.69,4.1636,8.0631,0.001,-0.052082,0.0001,0.00018451,0.0094998,0.84802
10.84,0.02,142.7,4.1644,8.0624,0.001,-0.050136,0.0001,0.00018434,0.0095923,0.84804
10.847,0.02,142.7,4.1651,8.0615,0.001,-0.049142,0.0001,0.00018416,0.0096848,0.84805
10.854,0.02,142.7,4.1658,8.0609,0.001,-0.049148,0.0001,0.00018399,0.0097774,0.84806
10.861,0.02,142.7,4.1666,8.0602,0.001,-0.049155,0.0001,0.00018382,0.0098699,0.84807
10.868,0.02,142.71,4.1673,8.0596,0.001,-0.049161,0.0001,0.00018364,0.0099625,0.84808
10.875,0.02,142.71,4.1681,8.059,0.001,-0.049168,0.0001,0.00018347,0.010055,0.84809
10.882,0.02,142.71,4.1688,8.0584,0.001,-0.049175,0.0001,0.00018329,0.010148,0.8481
10.889,0.02,142.72,4.1696,8.0578,0.001,-0.049182,0.0001,0.00018312,0.01024,0.84811
10.896,0.02,142.72,4.1703,8.0572,0.001,-0.049191,0.0001,0.00018295,0.010333,0.84812
10.903,0.02,142.72,4.171,8.0566,0.001,-0.0492,0.0001,0.00018292,0.010425,0.84813
10.91,0.02,142.73,4.1718,8.056,0.001,-0.049211,0.0001,0.00018292,0.010528,0.84814
10.917,0.02,142.73,4.1725,8.0555,0.001,-0.049223,0.0001,0.00018292,0.010634,0.84815
10.924,0.02,142.74,4.1733,8.0549,0.001,-0.049238,0.0001,0.00018293,0.01074,0.84816
10.931,0.02,142.74,4.174,8.0544,0.001,-0.049253,0.0001,0.00018293,0.010845,0.84816
10.938,0.02,142.74,4.1747,8.0538,0.001,-0.049271,0.0001,0.00018294,0.010951,0.84816
10.945,0.02,142.75,4.1755,8.0536,0.001,-0.049289,0.0001,0.00018294,0.011044,0.84817
10.952,0.02,142.75,4.1761,8.0536,0.001,-0.04931,0.0001,0.00018295,0.011126,0.84817
10.959,0.02,142.75,4.1763,8.0537,0.001,-0.049215,0.0001,0.00018295,0.011209,0.84817
10.966,0.02,142.76,4.1765,8.0538,0.001,-0.049248,0.0001,0.00018296,0.011292,0.84817
10.973,0.02,142.76,4.1767,8.0538,0.001,-0.049256,0.0001,0.00018296,0.011374,0.84817
10.98,0.02,142.77,4.177,8.0539,0.001,-0.049272,0.0001,0.00018297,0.011457,0.84816
10.987,0.02,142.77,4.1778,8.0537,0.001,-0.049286,0.0001,0.00018298,0.011539,0.84815
10.994,0.02,142.77,4.1787,8.0532,0.001,-0.049312,0.0001,0.00018298,0.011622,0.84815
11.001,0.02,142.78,4.1796,8.0526,0.001,-0.049342,0.0001,0.00018299,0.011705,0.84813
11.008,0.02,142.78,4.1804,8.0521,0.001,-0.049376,0.0001,0.00018299,0.011787,0.84812
11.015,0.02,142.79,4.1813,8.0516,0.001,-0.049414,0.0001,0.000183,0.01187,0.8481
11.022,0.02,142.79,4.1821,8.0511,0.001,-0.04946,0.0001,0.00018301,0.011952,0.84809
11.029,0.02,142.8,4.1829,8.0506,0.001,-0.049513,0.0001,0.00018301,0.012035,0.84809
11.036,0.02,142.8,4.1838,8.0501,0.001,-0.04964,0.0001,0.00018302,0.012118,0.84812
11.043,0.02,142.81,4.1846,8.0496,0.001,-0.0498,0.0001,0.00018303,0.0122,0.84816
11.05,0.02,142.81,4.1854,8.0491,0.001,-0.05002,0.0001,0.00018303,0.012283,0.84819
11.057,0.02,142.81,4.1862,8.0486,0.001,-0.050355,0.0001,0.00018304,0.012366,0.84822
11.064,0.02,142.82,4.187,8.0482,0.001,-0.050955,0.0001,0.00018305,0.012448,0.84825
11.071,0.02,142.82,4.1878,8.0478,0.001,-0.053502,0.0001,0.00018306,0.012531,0.84829
11.078,0.02,142.83,4.1886,8.0474,0.001,-0.054354,0.0001,0.00018307,0.012613,0.84831
11.084,0.02,142.83,4.1893,8.0471,0.001,-0.052432,0.0001,0.00018308,0.012696,0.84832
11.091,0.02,142.83,4.1901,8.0469,0.001,-0.054804,0.0001,0.00018309,0.012779,0.84836
11.098,0.02,142.84,4.1908,8.0468,0.001,-0.054753,0.0001,0.0001831,0.012861,0.84837
11.105,0.02,142.84,4.1915,8.0462,0.001,-0.054716,0.0001,0.00018311,0.012944,0.84846
11.112,0.02,142.85,4.1922,8.0462,0.001,-0.054692,0.0001,0.00018312,0.013027,0.84852
11.119,0.02,142.85,4.1929,8.0459,0.001,-0.054681,0.0001,0.00018313,0.013109,0.84855
11.126,0.02,142.86,4.1936,8.0459,0.001,-0.054681,0.0001,0.00018314,0.013192,0.84854
11.133,0.02,142.86,4.1945,8.0458,0.001,-0.054692,0.0001,0.00018315,0.013275,0.84855
11.14,0.02,142.87,4.1954,8.0458,0.001,-0.054711,0.0001,0.00018316,0.013357,0.84856
11.147,0.02,142.88,4.1961,8.0457,0.001,-0.054737,0.0001,0.00018318,0.01344,0.84855
11.154,0.02,142.89,4.1967,8.0455,0.001,-0.054769,0.0001,0.00018319,0.013523,0.84855
11.161,0.02,142.89,4.197,8.045,0.001,-0.054778,0.0001,0.0001832,0.013605,0.84855
11.168,0.02,142.89,4.1972,8.0445,0.001,-0.054846,0.0001,0.00018321,0.013688,0.84856
11.175,0.02,142.9,4.1974,8.0441,0.001,-0.054891,0.0001,0.00018322,0.013771,0.84857
11.182,0.02,142.9,4.1977,8.0436,0.001,-0.054319,0.0001,0.00018324,0.013853,0.84858
11.189,0.02,142.9,4.1979,8.0432,0.001,-0.053516,0.0001,0.00018325,0.013936,0.84858
11.196,0.02,142.91,4.1981,8.0427,0.001,-0.051882,0.0001,0.00018326,0.014019,0.84858
11.203,0.02,142.91,4.1984,8.0421,0.001,-0.051618,0.0001,0.00018327,0.014102,0.84858
11.21,0.02,142.91,4.1986,8.0417,0.001,-0.051688,0.0001,0.00018329,0.014184,0.84859
11.217,0.02,142.92,4.1989,8.0412,0.001,-0.051825,0.0001,0.0001833,0.014267,0.84859
11.224,0.02,142.92,4.1991,8.0408,0.001,-0.051831,0.0001,0.00018331,0.01435,0.8486
11.231,0.02,142.92,4.1994,8.0403,0.001,-0.050994,0.0001,0.00018332,0.014433,0.8486
11.238,0.02,142.92,4.1996,8.0398,0.001,-0.04996,0.0001,0.00018334,0.014515,0.84861
11.245,0.02,142.93,4.1998,8.0393,0.001,-0.050016,0.0001,0.00018335,0.014598,0.84861
11.252,0.02,142.93,4.2001,8.0389,0.001,-0.050241,0.0001,0.00018336,0.014681,0.84862
11.259,0.02,142.94,4.2003,8.0388,0.001,-0.050004,0.0001,0.00018338,0.014763,0.84863
11.266,0.02,142.94,4.2006,8.0389,0.001,-0.049464,0.0001,0.00018339,0.014846,0.84863
11.273,0.02,142.94,4.2008,8.039,0.001,-0.049095,0.0001,0.0001834,0.014929,0.84864
11.28,0.02,142.95,4.201,8.0391,0.001,-0.049061,0.0001,0.00018341,0.015012,0.84865
11.287,0.02,142.95,4.2013,8.0392,0.001,-0.049027,0.0001,0.00018343,0.015094,0.84865
11.294,0.02,142.95,4.2015,8.0394,0.001,-0.049004,0.0001,0.00018344,0.015177,0.84866
11.301,0.02,142.96,4.2018,8.0395,0.001,-0.049055,0.0001,0.00018345,0.015277,0.84867
11.308,0.02,142.96,4.202,8.0396,0.001,-0.049104,0.0001,0.00018347,0.015382,0.84868
11.315,0.02,142.96,4.2023,8.0397,0.001,-0.049154,0.0001,0.00018348,0.015486,0.84869
11.322,0.02,142.97,4.2025,8.0398,0.001,-0.049203,0.0001,0.00018349,0.015591,0.84869
11.329,0.02,142.97,4.2028,8.0399,0.001,-0.049251,0.0001,0.00018351,0.015695,0.8487
11.336,0.02,142.98,4.203,8.04,0.001,-0.049299,0.0001,0.00018352,0.015799,0.84871
11.343,0.02,142.98,4.2032,8.0401,0.001,-0.049346,0.0001,0.00018353,0.015904,0.84872
11.35,0.02,142.98,4.2035,8.0402,0.001,-0.049393,0.0001,0.00018354,0.016008,0.84873
11.357,0.02,142.99,4.2037,8.0403,0.001,-0.049439,0.0001,0.00018356,0.016113,0.84874
11.364,0.02,142.99,4.204,8.0404,0.001,-0.049485,0.0001,0.00018357,0.016217,0.84875
11.371,0.02,143,4.2042,8.0405,0.001,-0.049529,0.0001,0.00018358,0.016322,0.84876
11.378,0.02,143,4.2045,8.0406,0.001,-0.049573,0.0001,0.0001836,0.016426,0.84877
11.385,0.02,143,4.2047,8.0407,0.001,-0.049617,0.0001,0.00018361,0.016531,0.84878
11.392,0.02,143.01,4.2049,8.0407,0.001,-0.049659,0.0001,0.00018362,0.016635,0.84879
11.399,0.02,143.01,4.2052,8.0405,0.001,-0.049701,0.0001,0.00018364,0.016739,0.8488
11.406,0.02,143.02,4.2054,8.0403,0.001,-0.049743,0.0001,0.00018365,0.016844,0.84881
11.413,0.02,143.02,4.2057,8.04,0.001,-0.049785,0.0001,0.00018366,0.016948,0.84882
11.42,0.02,143.03,4.2059,8.0398,0.001,-0.049828,0.0001,0.00018368,0.017053,0.84883
11.427,0.02,143.03,4.2061,8.0396,0.001,-0.049871,0.0001,0.00018369,0.017157,0.84884
11.434,0.02,143.03,4.2064,8.0393,0.001,-0.049913,0.0001,0.00018371,0.017262,0.84885
11.441,0.02,143.04,4.2066,8.0391,0.001,-0.049954,0.0001,0.00018372,0.017366,0.84886
11.448,0.02,143.04,4.2069,8.0389,0.001,-0.049995,0.0001,0.00018373,0.017471,0.84887
11.455,0.02,143.04,4.2071,8.0387,0.001,-0.050034,0.0001,0.00018375,0.017575,0.84888
11.462,0.02,143.05,4.2073,8.0384,0.001,-0.050073,0.0001,0.00018376,0.01768,0.84889
11.469,0.02,143.05,4.2076,8.0382,0.001,-0.050196,0.0001,0.00018377,0.017784,0.8489
11.476,0.02,143.05,4.2078,8.038,0.001,-0.050266,0.0001,0.00018379,0.017889,0.84891
11.483,0.02,143.06,4.2081,8.0377,0.001,-0.050318,0.0001,0.0001838,0.017993,0.84892
11.49,0.02,143.06,4.2083,8.0375,0.001,-0.050366,0.0001,0.00018381,0.018098,0.84893
11.497,0.02,143.06,4.2085,8.0373,0.001,-0.050409,0.0001,0.00018382,0.018202,0.84894
11.504,0.02,143.07,4.2088,8.037,0.001,-0.050449,0.0001,0.00018383,0.018307,0.84895
11.511,0.02,143.07,4.209,8.0368,0.001,-0.050491,0.0001,0.00018384,0.018412,0.84897
11.518,0.02,143.07,4.2092,8.0366,0.001,-0.050534,0.0001,0.00018385,0.018516,0.84898
11.525,0.02,143.08,4.2095,8.0363,0.001,-0.050576,0.0001,0.00018386,0.018621,0.84899
11.532,0.02,143.08,4.2097,8.0361,0.001,-0.050618,0.0001,0.00018386,0.018725,0.849
11.539,0.02,143.08,4.2099,8.0359,0.001,-0.050659,0.0001,0.00018387,0.01883,0.84901
11.546,0.02,143.09,4.2102,8.0357,0.001,-0.0507,0.0001,0.00018387,0.018934,0.84902
11.553,0.02,143.09,4.2104,8.0354,0.001,-0.050741,0.0001,0.00018388,0.019039,0.84903
11.56,0.02,143.09,4.2106,8.0352,0.001,-0.050782,0.0001,0.00018388,0.019143,0.84904
11.567,0.02,143.1,4.2109,8.035,0.001,-0.050823,0.0001,0.00018389,0.019248,0.84905
11.574,0.02,143.1,4.2111,8.0347,0.001,-0.050864,0.0001,0.00018389,0.019353,0.84906
11.581,0.02,143.1,4.2113,8.0345,0.001,-0.050904,0.0001,0.00018389,0.019457,0.84907
11.587,0.02,143.11,4.2116,8.0343,0.001,-0.050945,0.0001,0.00018389,0.019562,0.84908
11.594,0.02,143.11,4.2118,8.0341,0.001,-0.050986,0.0001,0.00018389,0.019666,0.8491
11.601,0.02,143.11,4.212,8.0338,0.001,-0.051026,0.0001,0.00018389,0.019771,0.84911
11.608,0.02,143.12,4.2122,8.0336,0.001,-0.051066,0.0001,0.00018389,0.019876,0.84912
11.615,0.02,143.12,4.2125,8.0334,0.001,-0.051106,0.0001,0.00018389,0.01998,0.84913
11.622,0.02,143.12,4.2127,8.0332,0.001,-0.051145,0.0001,0.00018389,0.020085,0.84914
11.629,0.02,143.13,4.2129,8.033,0.001,-0.051178,0.0001,0.00018389,0.02019,0.84915
11.636,0.02,143.13,4.2131,8.0327,0.001,-0.051202,0.0001,0.00018389,0.020294,0.84916
11.643,0.02,143.13,4.2132,8.0325,0.001,-0.051217,0.0001,0.00018389,0.020399,0.84918
11.65,0.02,143.14,4.2132,8.0323,0.001,-0.051225,0.0001,0.00018389,0.020503,0.84919
11.657,0.02,143.14,4.2133,8.0321,0.001,-0.051227,0.0001,0.00018389,0.020608,0.8492
11.664,0.02,143.14,4.2133,8.0319,0.001,-0.051227,0.0001,0.00018389,0.020713,0.84921
11.671,0.02,143.15,4.2133,8.0317,0.001,-0.051225,0.0001,0.00018389,0.020817,0.84922
11.678,0.02,143.15,4.2141,8.0314,0.001,-0.051223,0.0001,0.00018534,0.020922,0.84924
11.685,0.02,143.15,4.2152,8.0312,0.001,-0.051222,0.0001,0.00018682,0.021027,0.84925
11.692,0.02,143.16,4.2163,8.031,0.001,-0.051222,0.0001,0.00018824,0.021131,0.84926
11.699,0.02,143.16,4.2174,8.0308,0.001,-0.051224,0.0001,0.00018963,0.021236,0.84927
11.706,0.02,143.16,4.2185,8.0306,0.001,-0.051226,0.0001,0.00019096,0.021341,0.84928
11.713,0.02,143.17,4.2196,8.0304,0.001,-0.051231,0.0001,0.00019225,0.021445,0.8493
11.72,0.02,143.17,4.2206,8.0297,0.001,-0.051238,0.0001,0.0001935,0.02155,0.84931
11.727,0.02,143.17,4.2217,8.0289,0.001,-0.051247,0.0001,0.00019471,0.021655,0.84932
11.734,0.02,143.18,4.2227,8.028,0.001,-0.051258,0.0001,0.00019587,0.02176,0.84933
11.741,0.02,143.18,4.2237,8.0271,0.001,-0.051275,0.0001,0.000197,0.021864,0.84934
11.748,0.02,143.18,4.2248,8.0263,0.001,-0.051297,0.0001,0.00019809,0.021969,0.84935
11.755,0.02,143.18,4.2258,8.0254,0.001,-0.051323,0.0001,0.00019914,0.022074,0.84937
11.762,0.02,143.19,4.2265,8.0246,0.001,-0.051351,0.0001,0.00020016,0.022178,0.84938
11.769,0.02,143.19,4.2268,8.0238,0.001,-0.051379,0.0001,0.00020115,0.022283,0.84939
11.776,0.02,143.19,4.2272,8.0229,0.001,-0.051408,0.0001,0.0002021,0.022388,0.8494
11.783,0.02,143.2,4.2275,8.0221,0.001,-0.051437,0.0001,0.00020302,0.022493,0.84941
11.79,0.02,143.2,4.2278,8.0213,0.001,-0.051467,0.0001,0.00020391,0.022597,0.84942
11.797,0.02,143.2,4.2281,8.0205,0.001,-0.051498,0.0001,0.00020477,0.022702,0.84944
11.804,0.02,143.2,4.2284,8.0199,0.001,-0.051529,0.0001,0.0002056,0.022807,0.84945
11.811,0.02,143.21,4.2287,8.0201,0.001,-0.051561,0.0001,0.00020641,0.022912,0.84946
11.818,0.02,143.21,4.229,8.0202,0.001,-0.051593,0.0001,0.00020718,0.023016,0.84947
11.825,0.02,143.21,4.2294,8.0204,0.001,-0.051627,0.0001,0.00020794,0.023121,0.84949
11.832,0.02,143.22,4.2297,8.0204,0.001,-0.051658,0.0001,0.00020866,0.023226,0.8495
11.839,0.02,143.22,4.23,8.0204,0.001,-0.051687,0.0001,0.00020936,0.023331,0.84951
11.846,0.02,143.22,4.2303,8.0203,0.001,-0.051713,0.0001,0.00021004,0.023435,0.84952
11.853,0.02,143.22,4.2306,8.0203,0.001,-0.051736,0.0001,0.0002107,0.02354,0.84954
11.86,0.02,143.23,4.2309,8.0202,0.001,-0.051758,0.0001,0.00021133,0.023645,0.84955
11.867,0.02,143.23,4.2312,8.0202,0.001,-0.051778,0.0001,0.00021195,0.02375,0.84956
11.874,0.02,143.23,4.2315,8.0201,0.001,-0.051799,0.0001,0.00021254,0.023855,0.84957
11.881,0.02,143.24,4.2318,8.0201,0.001,-0.05182,0.0001,0.00021311,0.023959,0.84959
11.888,0.02,143.24,4.2321,8.02,0.001,-0.051843,0.0001,0.00021367,0.024064,0.8496
11.895,0.02,143.24,4.2324,8.02,0.001,-0.051867,0.0001,0.00021393,0.024169,0.84961
11.902,0.02,143.24,4.2327,8.0199,0.001,-0.051892,0.0001,0.00021394,0.024274,0.84962
11.909,0.02,143.25,4.233,8.0199,0.001,-0.051919,0.0001,0.00021394,0.024379,0.84964
11.916,0.02,143.25,4.2333,8.0199,0.001,-0.051948,0.0001,0.00021395,0.024483,0.84965
11.923,0.02,143.25,4.2336,8.0198,0.001,-0.051978,0.0001,0.00021395,0.024588,0.84966
11.93,0.02,143.26,4.2339,8.0198,0.001,-0.05201,0.0001,0.00021396,0.024693,0.84968
11.937,0.02,143.26,4.2342,8.0198,0.001,-0.052044,0.0001,0.00021396,0.024798,0.84969
11.944,0.02,143.26,4.2345,8.0197,0.001,-0.05208,0.0001,0.00021396,0.024903,0.8497
11.951,0.02,143.27,4.2348,8.0197,0.001,-0.052117,0.0001,0.00021397,0.025008,0.84971
11.958,0.02,143.27,4.2351,8.0196,0.001,-0.052156,0.0001,0.00021397,0.025113,0.84973
11.965,0.02,143.27,4.2354,8.0196,0.001,-0.052196,0.0001,0.00021397,0.025217,0.84974
11.972,0.02,143.28,4.2357,8.0196,0.001,-0.052238,0.0001,0.00021398,0.025322,0.84975
11.979,0.02,143.28,4.236,8.0195,0.001,-0.052281,0.0001,0.00021398,0.025427,0.84977
11.986,0.02,143.29,4.2363,8.0195,0.001,-0.052325,0.0001,0.00021399,0.025532,0.84978
11.993,0.02,143.29,4.2365,8.0195,0.001,-0.05237,0.0001,0.00021399,0.025637,0.84979
12,0.02,143.29,4.2368,8.0194,0.001,-0.052416,0.0001,0.00021399,0.025742,0.8498
12.007,0.02,143.3,4.2371,8.0194,0.001,-0.052463,0.0001,0.000214,0.025847,0.84982
12.014,0.02,143.3,4.2374,8.0194,0.001,-0.052511,0.0001,0.000214,0.025952,0.84983
12.022,0.02,143.31,4.2377,8.0194,0.001,-0.052558,0.0001,0.000214,0.026057,0.84984
12.029,0.02,143.31,4.238,8.0194,0.001,-0.052607,0.0001,0.00021401,0.026162,0.84986
12.036,0.02,143.31,4.2382,8.0194,0.001,-0.052655,0.0001,0.00021401,0.026266,0.84987
12.043,0.02,143.32,4.2385,8.0193,0.001,-0.052703,0.0001,0.00021401,0.026371,0.84989
12.05,0.02,143.32,4.2388,8.0193,0.001,-0.052753,0.0001,0.00021401,0.026476,0.8499
12.057,0.02,143.33,4.2391,8.0193,0.001,-0.052802,0.0001,0.00021402,0.026581,0.84992
12.064,0.02,143.33,4.2394,8.0193,0.001,-0.052853,0.0001,0.00021402,0.026686,0.84993
12.071,0.02,143.33,4.2396,8.0193,0.001,-0.052904,0.0001,0.00021402,0.026791,0.84994
12.078,0.02,143.34,4.2399,8.0193,0.001,-0.052955,0.0001,0.00021403,0.026896,0.84996
12.085,0.02,143.34,4.2402,8.0193,0.001,-0.053007,0.0001,0.00021403,0.027001,0.84997
12.092,0.02,143.35,4.2404,8.0193,0.001,-0.05306,0.0001,0.00021403,0.027106,0.84999
12.099,0.02,143.35,4.2407,8.0193,0.001,-0.053115,0.0001,0.00021403,0.027211,0.85
12.106,0.02,143.36,4.241,8.0193,0.001,-0.053172,0.0001,0.00021404,0.027316,0.85002
12.113,0.02,143.37,4.2413,8.0194,0.001,-0.053231,0.0001,0.00021404,0.027421,0.85003
12.12,0.02,143.38,4.2415,8.0194,0.001,-0.053291,0.0001,0.00021404,0.027526,0.85005
12.127,0.02,143.39,4.2418,8.0194,0.001,-0.053351,0.0001,0.00021404,0.027631,0.85007
12.134,0.02,143.39,4.2421,8.0194,0.001,-0.053412,0.0001,0.00021405,0.027736,0.85008
12.141,0.02,143.4,4.2423,8.0195,0.001,-0.053473,0.0001,0.00021405,0.027841,0.8501
12.148,0.02,143.4,4.2426,8.0195,0.001,-0.053535,0.0001,0.00021405,0.027946,0.85012
12.155,0.02,143.41,4.2428,8.0196,0.001,-0.053597,0.0001,0.00021405,0.028051,0.85014
12.162,0.02,143.41,4.2431,8.0196,0.001,-0.053659,0.0001,0.00021406,0.028156,0.85016
12.169,0.02,143.42,4.2434,8.0197,0.001,-0.053721,0.0001,0.00021406,0.028261,0.85018
12.176,0.02,143.42,4.2436,8.0196,0.001,-0.053786,0.0001,0.00021406,0.028366,0.85019
12.183,0.02,143.42,4.2439,8.0195,0.001,-0.05385,0.0001,0.00021406,0.028471,0.85021
12.19,0.02,143.43,4.2441,8.0195,0.001,-0.053912,0.0001,0.00021407,0.028577,0.85023
12.197,0.02,143.43,4.2444,8.0194,0.001,-0.053973,0.0001,0.00021407,0.028682,0.85025
12.204,0.02,143.43,4.2446,8.0193,0.001,-0.054033,0.0001,0.00021407,0.028787,0.85027
12.211,0.02,143.43,4.2449,8.0192,0.001,-0.054092,0.0001,0.00021407,0.028892,0.85029
12.218,0.02,143.43,4.2451,8.0192,0.001,-0.054149,0.0001,0.00021408,0.028997,0.85031
12.225,0.02,143.43,4.2454,8.0191,0.001,-0.054203,0.0001,0.00021408,0.029102,0.85033
12.232,0.02,143.44,4.2456,8.0191,0.001,-0.054255,0.0001,0.00021408,0.029207,0.85035
12.239,0.02,143.44,4.2459,8.019,0.001,-0.054307,0.0001,0.00021409,0.029312,0.85037
12.246,0.02,143.44,4.2461,8.0189,0.001,-0.054358,0.0001,0.00021409,0.029417,0.85039
12.253,0.02,143.44,4.2464,8.0189,0.001,-0.054409,0.0001,0.00021409,0.029522,0.85041
12.26,0.02,143.44,4.2466,8.0188,0.001,-0.054461,0.0001,0.00021409,0.029628,0.85042
12.267,0.02,143.45,4.2468,8.0188,0.001,-0.054512,0.0001,0.0002141,0.029733,0.85044
12.274,0.02,143.45,4.2471,8.0187,0.001,-0.054564,0.0001,0.0002141,0.029838,0.85046
12.281,0.02,143.45,4.2473,8.0187,0.001,-0.054616,0.0001,0.0002141,0.029943,0.85048
12.288,0.02,143.45,4.2476,8.0186,0.001,-0.054669,0.0001,0.00021411,0.030048,0.8505
12.295,0.02,143.45,4.2478,8.0186,0.001,-0.054722,0.0001,0.00021411,0.030153,0.85052
12.302,0.02,143.45,4.248,8.0185,0.001,-0.054776,0.0001,0.00021412,0.030259,0.85054
12.309,0.02,143.46,4.2483,8.0185,0.001,-0.054832,0.0001,0.00021412,0.030364,0.85056
12.316,0.02,143.46,4.2485,8.0184,0.001,-0.054888,0.0001,0.00021412,0.030469,0.85058
12.323,0.02,143.46,4.2487,8.0184,0.001,-0.054944,0.0001,0.00021413,0.030574,0.8506
12.33,0.02,143.46,4.249,8.0183,0.001,-0.055001,0.0001,0.00021413,0.030679,0.85062
12.337,0.02,143.47,4.2492,8.0183,0.001,-0.055057,0.0001,0.00021414,0.030785,0.85064
12.344,0.02,143.47,4.2494,8.0183,0.001,-0.055114,0.0001,0.00021414,0.030899,0.85066
12.351,0.02,143.47,4.2496,8.0182,0.001,-0.055171,0.0001,0.00021415,0.031016,0.85068
12.358,0.02,143.48,4.2499,8.0182,0.001,-0.055227,0.0001,0.00021415,0.031132,0.8507
12.365,0.02,143.48,4.2501,8.0182,0.001,-0.055283,0.0001,0.00021416,0.031249,0.85072
12.372,0.02,143.49,4.2503,8.0182,0.001,-0.055338,0.0001,0.00021416,0.031366,0.85075
12.379,0.02,143.49,4.2505,8.0182,0.001,-0.055393,0.0001,0.00021417,0.031483,0.85077
12.386,0.02,143.49,4.2508,8.0181,0.001,-0.055447,0.0001,0.00021417,0.0316,0.85079
12.393,0.02,143.5,4.251,8.0181,0.001,-0.055501,0.0001,0.00021418,0.031717,0.85081
12.4,0.02,143.5,4.2512,8.0181,0.001,-0.055554,0.0001,0.00021419,0.031833,0.85083
12.407,0.02,143.5,4.2514,8.0181,0.001,-0.055607,0.0001,0.00021419,0.03195,0.85085
12.414,0.02,143.51,4.2516,8.0181,0.001,-0.05566,0.0001,0.0002142,0.032067,0.85087
12.421,0.02,143.51,4.2518,8.0181,0.001,-0.055713,0.0001,0.00021421,0.032184,0.8509
12.428,0.02,143.51,4.2521,8.0181,0.001,-0.055766,0.0001,0.00021421,0.032301,0.85092
12.435,0.02,143.52,4.2523,8.0181,0.001,-0.055819,0.0001,0.00021422,0.032418,0.85094
12.442,0.02,143.52,4.2525,8.0181,0.001,-0.055871,0.0001,0.00021423,0.032535,0.85096
12.449,0.02,143.52,4.2527,8.0181,0.001,-0.055924,0.0001,0.00021423,0.032652,0.85098
12.456,0.02,143.53,4.2529,8.0181,0.001,-0.055977,0.0001,0.00021424,0.032769,0.851
12.463,0.02,143.53,4.2531,8.0181,0.001,-0.05603,0.0001,0.00021425,0.032886,0.85103
12.47,0.02,143.53,4.2533,8.0181,0.001,-0.056083,0.0001,0.00021426,0.033003,0.85105
12.478,0.02,143.54,4.2535,8.0181,0.001,-0.056137,0.0001,0.00021426,0.03312,0.85107
12.485,0.02,143.54,4.2537,8.0181,0.001,-0.05619,0.0001,0.00021427,0.033237,0.85109
12.492,0.02,143.54,4.2539,8.0181,0.001,-0.056243,0.0001,0.00021428,0.033353,0.85111
12.499,0.02,143.55,4.2541,8.0181,0.001,-0.056296,0.0001,0.00021429,0.03347,0.85113
12.506,0.02,143.55,4.2543,8.0181,0.001,-0.056349,0.0001,0.0002143,0.033587,0.85115
12.513,0.02,143.55,4.2545,8.0181,0.001,-0.056402,0.0001,0.00021431,0.033704,0.85117
12.52,0.02,143.56,4.2547,8.0181,0.001,-0.056455,0.0001,0.00021432,0.033822,0.85119
12.527,0.02,143.56,4.2549,8.0181,0.001,-0.056508,0.0001,0.00021432,0.033939,0.85121
12.534,0.02,143.56,4.2551,8.0181,0.001,-0.056561,0.0001,0.00021433,0.034056,0.85124
12.541,0.02,143.57,4.2553,8.018,0.001,-0.056615,0.0001,0.00021434,0.034173,0.85126
12.548,0.02,143.57,4.2555,8.018,0.001,-0.056668,0.0001,0.00021435,0.03429,0.85128
12.555,0.02,143.57,4.2557,8.018,0.001,-0.056721,0.0001,0.00021436,0.034407,0.8513
12.562,0.02,143.58,4.2559,8.018,0.001,-0.056774,0.0001,0.00021437,0.034524,0.85132
12.569,0.02,143.58,4.2561,8.018,0.001,-0.056827,0.0001,0.00021438,0.034641,0.85134
12.576,0.02,143.58,4.2563,8.018,0.001,-0.056881,0.0001,0.00021439,0.034758,0.85136
12.583,0.02,143.59,4.2565,8.018,0.001,-0.056934,0.0001,0.0002144,0.034875,0.85138
12.59,0.02,143.59,4.2567,8.0181,0.001,-0.056988,0.0001,0.00021441,0.034992,0.8514
12.597,0.02,143.59,4.2568,8.0181,0.001,-0.057041,0.0001,0.00021442,0.035109,0.85142
12.604,0.02,143.6,4.2569,8.0181,0.001,-0.057094,0.0001,0.00021443,0.035226,0.85144
12.611,0.02,143.6,4.257,8.0181,0.001,-0.057147,0.0001,0.00021444,0.035344,0.85146
12.618,0.02,143.6,4.257,8.0181,0.001,-0.057199,0.0001,0.00021444,0.035461,0.85148
12.625,0.02,143.61,4.2571,8.0181,0.001,-0.057252,0.0001,0.00021445,0.035578,0.8515
12.632,0.02,143.61,4.2572,8.0181,0.001,-0.057304,0.0001,0.00021446,0.035695,0.85152
12.639,0.02,143.61,4.2573,8.0181,0.001,-0.057357,0.0001,0.00021447,0.035812,0.85154
12.646,0.02,143.62,4.2573,8.0181,0.001,-0.05741,0.0001,0.00021448,0.035929,0.85156
12.653,0.02,143.62,4.2574,8.0181,0.001,-0.057463,0.0001,0.00021449,0.036047,0.85158
12.66,0.02,143.62,4.2575,8.0181,0.001,-0.057517,0.0001,0.0002145,0.036164,0.8516
12.667,0.02,143.62,4.2576,8.0182,0.001,-0.057572,0.0001,0.0002145,0.036281,0.85162
12.674,0.02,143.62,4.2576,8.0182,0.001,-0.057627,0.0001,0.00021451,0.036398,0.85163
12.681,0.02,143.62,4.2577,8.0182,0.001,-0.057683,0.0001,0.00021452,0.036515,0.85165
12.688,0.02,143.62,4.2578,8.0182,0.001,-0.05774,0.0001,0.00021453,0.036633,0.85167
12.695,0.02,143.63,4.2579,8.0182,0.001,-0.056604,0.0001,0.00021453,0.03675,0.85169
12.702,0.02,143.63,4.2579,8.0182,0.001,-0.056441,0.0001,0.00021454,0.036867,0.85171
12.71,0.02,143.63,4.258,8.0182,0.001,-0.056511,0.0001,0.00021455,0.036984,0.85173
12.717,0.02,143.63,4.2581,8.0183,0.001,-0.05665,0.0001,0.00021455,0.037102,0.85175
12.724,0.02,143.63,4.2582,8.0183,0.001,-0.056786,0.0001,0.00021456,0.037219,0.85177
12.731,0.02,143.63,4.2582,8.0183,0.001,-0.056935,0.0001,0.00021456,0.037336,0.85179
12.738,0.02,143.63,4.2583,8.0183,0.001,-0.057074,0.0001,0.00021457,0.037453,0.85181
12.745,0.02,143.63,4.2584,8.0184,0.001,-0.057203,0.0001,0.00021457,0.037571,0.85183
12.752,0.02,143.63,4.2584,8.0184,0.001,-0.057328,0.0001,0.00021458,0.037688,0.85185
12.759,0.02,143.64,4.2585,8.0184,0.001,-0.057453,0.0001,0.00021458,0.037805,0.85187
12.766,0.02,143.64,4.2586,8.0184,0.001,-0.057575,0.0001,0.00021459,0.037923,0.85189
12.773,0.02,143.64,4.2587,8.0185,0.001,-0.05769,0.0001,0.00021459,0.03804,0.85191
12.78,0.02,143.64,4.2587,8.0185,0.001,-0.057796,0.0001,0.00021459,0.038157,0.85193
12.787,0.02,143.64,4.2588,8.0186,0.001,-0.057895,0.0001,0.00021459,0.038275,0.85195
12.794,0.02,143.64,4.2589,8.0186,0.001,-0.057985,0.0001,0.0002146,0.038392,0.85197
12.801,0.02,143.64,4.2589,8.0186,0.001,-0.058066,0.0001,0.0002146,0.038509,0.85199
12.808,0.02,143.64,4.259,8.0187,0.001,-0.058137,0.0001,0.0002146,0.038627,0.85201
12.815,0.02,143.64,4.2591,8.0187,0.001,-0.058178,0.0001,0.0002146,0.038744,0.85203
12.822,0.02,143.64,4.2591,8.0187,0.001,-0.058211,0.0001,0.0002146,0.038861,0.85205
12.829,0.02,143.64,4.2592,8.0188,0.001,-0.058246,0.0001,0.0002146,0.038979,0.85207
12.836,0.02,143.64,4.2593,8.0188,0.001,-0.058289,0.0001,0.00021459,0.039096,0.85209
12.843,0.02,143.65,4.2593,8.0189,0.001,-0.058333,0.0001,0.00021459,0.039213,0.85211
12.85,0.02,143.65,4.2594,8.0189,0.001,-0.05837,0.0001,0.00021459,0.039331,0.85212
12.857,0.02,143.65,4.2594,8.0189,0.001,-0.058418,0.0001,0.00021459,0.039448,0.85214
12.864,0.02,143.65,4.2595,8.019,0.001,-0.058471,0.0001,0.00021458,0.039566,0.85216
12.871,0.02,143.66,4.2596,8.019,0.001,-0.058532,0.0001,0.00021458,0.039683,0.85218
12.878,0.02,143.66,4.2596,8.019,0.001,-0.058603,0.0001,0.00021457,0.0398,0.8522
12.885,0.02,143.66,4.2597,8.0191,0.001,-0.058681,0.0001,0.00021457,0.039918,0.85221
12.893,0.02,143.66,4.2597,8.0191,0.001,-0.058762,0.0001,0.00021456,0.040035,0.85223
12.9,0.02,143.67,4.2598,8.0191,0.001,-0.058846,0.0001,0.00021455,0.040153,0.85225
12.907,0.02,143.67,4.2599,8.0191,0.001,-0.058932,0.0001,0.00021455,0.04027,0.85226
12.914,0.02,143.67,4.2599,8.0191,0.001,-0.05902,0.0001,0.00021454,0.040388,0.85228
12.921,0.02,143.68,4.26,8.0191,0.001,-0.059109,0.0001,0.00021453,0.040505,0.85229
12.928,0.02,143.68,4.26,8.0192,0.001,-0.059204,0.0001,0.00021452,0.040623,0.85231
12.935,0.02,143.68,4.2601,8.0192,0.001,-0.059296,0.0001,0.00021451,0.04074,0.85232
12.942,0.02,143.68,4.2602,8.0192,0.001,-0.059389,0.0001,0.0002145,0.040858,0.85234
12.949,0.02,143.69,4.2602,8.0192,0.001,-0.059481,0.0001,0.00021448,0.040975,0.85235
12.956,0.02,143.69,4.2603,8.0192,0.001,-0.059572,0.0001,0.00021447,0.041093,0.85236
12.963,0.02,143.69,4.2603,8.0192,0.001,-0.059662,0.0001,0.00021446,0.04121,0.85237
12.97,0.02,143.69,4.2604,8.0191,0.001,-0.059553,0.0001,0.00021444,0.041328,0.85239
12.977,0.02,143.7,4.2604,8.0191,0.001,-0.059146,0.0001,0.00021443,0.041445,0.8524
12.984,0.02,143.7,4.2605,8.0191,0.001,-0.058766,0.0001,0.00021441,0.041563,0.85241
12.991,0.02,143.7,4.2605,8.0191,0.001,-0.058413,0.0001,0.00021439,0.04168,0.85242
12.998,0.02,143.7,4.2606,8.0191,0.001,-0.058383,0.0001,0.00021438,0.041798,0.85243
13.005,0.02,143.71,4.2606,8.019,0.001,-0.058463,0.0001,0.00021446,0.041915,0.85243
13.012,0.02,143.71,4.2607,8.019,0.001,-0.058543,0.0001,0.00021463,0.042033,0.85244
13.019,0.02,143.71,4.2607,8.0189,0.001,-0.058623,0.0001,0.00021487,0.04215,0.85245
13.026,0.02,143.71,4.2608,8.0188,0.001,-0.058704,0.0001,0.00021518,0.042268,0.85246
13.033,0.02,143.71,4.2609,8.0188,0.001,-0.058774,0.0001,0.00021554,0.042386,0.85246
13.041,0.02,143.71,4.2609,8.0187,0.001,-0.058648,0.0001,0.00021595,0.042503,0.85247
13.048,0.02,143.72,4.261,8.0186,0.001,-0.058407,0.0001,0.0002164,0.04262,0.85247
13.055,0.02,143.72,4.2611,8.0185,0.001,-0.058071,0.0001,0.00021687,0.042738,0.85247
13.062,0.02,143.72,4.2611,8.0184,0.001,-0.057634,0.0001,0.00021738,0.042855,0.85248
13.069,0.02,143.72,4.2612,8.0183,0.001,-0.057274,0.0001,0.0002179,0.042972,0.85248
13.076,0.02,143.72,4.2613,8.0182,0.001,-0.056972,0.0001,0.00021844,0.043089,0.85248
13.083,0.02,143.72,4.2614,8.018,0.001,-0.056613,0.0001,0.00021899,0.043206,0.85248
13.09,0.02,143.73,4.2614,8.0179,0.001,-0.05625,0.0001,0.00021955,0.043323,0.85248
13.097,0.02,143.73,4.2615,8.0178,0.001,-0.056829,0.0001,0.00022011,0.04344,0.85248
13.104,0.02,143.73,4.2616,8.0176,0.001,-0.057357,0.0001,0.00022068,0.043557,0.85248
13.111,0.02,143.73,4.2617,8.0175,0.001,-0.05723,0.0001,0.00022125,0.043674,0.85248
13.118,0.02,143.73,4.2617,8.0173,0.001,-0.056963,0.0001,0.00022182,0.04379,0.85248
13.125,0.02,143.73,4.2618,8.0171,0.001,-0.056704,0.0001,0.00022238,0.043907,0.85248
13.132,0.02,143.73,4.2619,8.017,0.001,-0.0564,0.0001,0.00022294,0.044024,0.85248
13.139,0.02,143.73,4.262,8.0168,0.001,-0.056101,0.0001,0.00022349,0.04414,0.85247
13.146,0.02,143.73,4.2621,8.0166,0.001,-0.055947,0.0001,0.00022403,0.044257,0.85247
13.153,0.02,143.74,4.2622,8.0164,0.001,-0.055886,0.0001,0.00022457,0.044374,0.85247
13.16,0.02,143.74,4.2622,8.0162,0.001,-0.055759,0.0001,0.0002251,0.04449,0.85246
13.167,0.02,143.74,4.2623,8.016,0.001,-0.05565,0.0001,0.00022561,0.044607,0.85246
13.174,0.02,143.74,4.2624,8.0158,0.001,-0.055573,0.0001,0.00022612,0.044723,0.85246
13.181,0.02,143.74,4.2625,8.0156,0.001,-0.055505,0.0001,0.00022662,0.04484,0.85245
13.188,0.02,143.74,4.2626,8.0154,0.001,-0.055457,0.0001,0.0002271,0.044956,0.85244
13.195,0.02,143.74,4.2627,8.0152,0.001,-0.055421,0.0001,0.00022758,0.045072,0.85244
13.202,0.02,143.74,4.2628,8.0149,0.001,-0.055393,0.0001,0.00022804,0.045189,0.85243
13.209,0.02,143.74,4.2629,8.0147,0.001,-0.055375,0.0001,0.0002285,0.045305,0.85242
13.216,0.02,143.74,4.263,8.0144,0.001,-0.055367,0.0001,0.00022894,0.045422,0.85242
13.223,0.02,143.74,4.2631,8.0142,0.001,-0.055367,0.0001,0.00022937,0.045538,0.85241
13.23,0.02,143.74,4.2632,8.0139,0.001,-0.055372,0.0001,0.00022978,0.045655,0.8524
13.237,0.02,143.74,4.2633,8.0138,0.001,-0.055382,0.0001,0.00023019,0.045771,0.85239
13.244,0.02,143.75,4.2634,8.0137,0.001,-0.055397,0.0001,0.00023059,0.045888,0.85238
13.251,0.02,143.75,4.2635,8.0136,0.001,-0.055415,0.0001,0.00023097,0.046004,0.85237
13.258,0.02,143.75,4.2636,8.0134,0.001,-0.055437,0.0001,0.00023134,0.04612,0.85236
13.265,0.02,143.75,4.2637,8.0133,0.001,-0.055461,0.0001,0.00023171,0.046237,0.85235
13.272,0.02,143.75,4.2638,8.0132,0.001,-0.055488,0.0001,0.00023206,0.046353,0.85234
13.278,0.02,143.75,4.264,8.013,0.001,-0.055517,0.0001,0.0002324,0.04647,0.85233
13.285,0.02,143.75,4.2641,8.0129,0.001,-0.055547,0.0001,0.00023273,0.046586,0.85232
13.292,0.02,143.75,4.2642,8.0128,0.001,-0.055579,0.0001,0.00023305,0.046703,0.85231
13.299,0.02,143.75,4.2643,8.0126,0.001,-0.055612,0.0001,0.00023336,0.046819,0.8523
13.306,0.02,143.75,4.2644,8.0125,0.001,-0.055646,0.0001,0.00023366,0.046936,0.85229
13.313,0.02,143.75,4.2645,8.0123,0.001,-0.055681,0.0001,0.00023395,0.047052,0.85228
13.32,0.02,143.76,4.2647,8.0122,0.001,-0.055716,0.0001,0.00023423,0.047166,0.85226
13.327,0.02,143.76,4.2648,8.012,0.001,-0.055752,0.0001,0.0002345,0.047272,0.85225
13.334,0.02,143.76,4.2649,8.0118,0.001,-0.055789,0.0001,0.00023477,0.047379,0.85224
13.341,0.02,143.76,4.265,8.0117,0.001,-0.055805,0.0001,0.00023502,0.047485,0.85223
13.348,0.02,143.76,4.2651,8.0115,0.001,-0.055525,0.0001,0.00023527,0.047591,0.85221
13.355,0.02,143.76,4.2653,8.0113,0.001,-0.055372,0.0001,0.00023551,0.047697,0.8522
13.362,0.02,143.76,4.2654,8.0111,0.001,-0.05554,0.0001,0.00023575,0.047803,0.85219
13.369,0.02,143.76,4.2655,8.011,0.001,-0.055629,0.0001,0.00023598,0.047909,0.85217
13.376,0.02,143.76,4.2656,8.0108,0.001,-0.05565,0.0001,0.0002362,0.048015,0.85216
13.383,0.02,143.76,4.2657,8.0106,0.001,-0.055629,0.0001,0.00023641,0.04812,0.85215
13.39,0.02,143.76,4.2659,8.0104,0.001,-0.055566,0.0001,0.00023662,0.048226,0.85213
13.397,0.02,143.76,4.266,8.0103,0.001,-0.055466,0.0001,0.00023682,0.048331,0.85212
13.404,0.02,143.76,4.2661,8.0101,0.001,-0.055059,0.0001,0.00023702,0.048436,0.85211
13.411,0.02,143.76,4.2662,8.0099,0.001,-0.054357,0.0001,0.00023721,0.048541,0.85209
13.418,0.02,143.76,4.2663,8.0098,0.001,-0.053704,0.0001,0.0002374,0.048646,0.85208
13.425,0.02,143.76,4.2664,8.0096,0.001,-0.053354,0.0001,0.00023758,0.048751,0.85207
13.432,0.02,143.76,4.2665,8.0094,0.001,-0.053339,0.0001,0.00023775,0.048856,0.85206
13.438,0.02,143.76,4.2666,8.0092,0.001,-0.053358,0.0001,0.00023793,0.048961,0.85204
13.445,0.02,143.76,4.2667,8.0091,0.001,-0.053526,0.0001,0.00023809,0.049066,0.85203
13.452,0.02,143.76,4.2669,8.0089,0.001,-0.053146,0.0001,0.00023825,0.049172,0.85202
13.459,0.02,143.76,4.267,8.0087,0.001,-0.053986,0.0001,0.00023841,0.049277,0.852
13.466,0.02,143.76,4.2671,8.0085,0.001,-0.054254,0.0001,0.00023856,0.049382,0.85199
13.473,0.02,143.76,4.2672,8.0083,0.001,-0.053622,0.0001,0.00023871,0.049488,0.85197
13.48,0.02,143.76,4.2674,8.0081,0.001,-0.052476,0.0001,0.00023886,0.049593,0.85196
13.487,0.02,143.76,4.2675,8.0079,0.001,-0.051125,0.0001,0.000239,0.049698,0.85195
13.494,0.02,143.76,4.2676,8.0077,0.001,-0.051494,0.0001,0.00023913,0.049804,0.85193
13.501,0.02,143.76,4.2677,8.0075,0.001,-0.052058,0.0001,0.00023927,0.049909,0.85192
13.508,0.02,143.76,4.2679,8.0073,0.001,-0.052412,0.0001,0.00023939,0.050015,0.8519
13.515,0.02,143.76,4.268,8.0071,0.001,-0.052408,0.0001,0.00023952,0.050121,0.85189
13.522,0.02,143.76,4.2682,8.0068,0.001,-0.052734,0.0001,0.00023964,0.050226,0.85188
13.528,0.02,143.76,4.2683,8.0066,0.001,-0.053061,0.0001,0.00023976,0.050332,0.85186
13.535,0.02,143.76,4.2684,8.0064,0.001,-0.05339,0.0001,0.00023987,0.050438,0.85185
13.542,0.02,143.75,4.2686,8.0061,0.001,-0.053721,0.0001,0.00023998,0.050544,0.85183
13.549,0.02,143.75,4.2687,8.0059,0.001,-0.054053,0.0001,0.00024009,0.05065,0.85182
13.556,0.02,143.75,4.2689,8.0057,0.001,-0.054386,0.0001,0.00024019,0.050756,0.8518
13.563,0.02,143.75,4.269,8.0054,0.001,-0.054721,0.0001,0.00024029,0.050862,0.85179
13.57,0.02,143.75,4.2692,8.0052,0.001,-0.055047,0.0001,0.00024038,0.050968,0.85177
13.577,0.02,143.75,4.2693,8.0049,0.001,-0.055385,0.0001,0.00024048,0.051074,0.85176
13.584,0.02,143.75,4.2695,8.0047,0.001,-0.055716,0.0001,0.00024057,0.05118,0.85174
13.591,0.02,143.75,4.2696,8.0044,0.001,-0.056055,0.0001,0.00024065,0.051286,0.85173
13.598,0.02,143.74,4.2698,8.0041,0.001,-0.056397,0.0001,0.00024074,0.051393,0.85171
13.605,0.02,143.74,4.27,8.0039,0.001,-0.056739,0.0001,0.00024082,0.051499,0.8517
13.612,0.02,143.74,4.2701,8.0036,0.001,-0.057081,0.0001,0.0002409,0.051605,0.85169
13.619,0.02,143.74,4.2703,8.0033,0.001,-0.057425,0.0001,0.00024097,0.051712,0.85167
13.626,0.02,143.74,4.2705,8.0031,0.001,-0.057769,0.0001,0.00024105,0.051818,0.85166
13.633,0.02,143.74,4.2706,8.0028,0.001,-0.058113,0.0001,0.00024111,0.051925,0.85164
13.64,0.02,143.74,4.2708,8.0025,0.001,-0.058458,0.0001,0.00024118,0.052032,0.85163
13.647,0.02,143.74,4.271,8.0022,0.001,-0.058802,0.0001,0.00024125,0.052138,0.85161
13.654,0.02,143.74,4.2711,8.0019,0.001,-0.059148,0.0001,0.00024131,0.052245,0.8516
13.661,0.02,143.74,4.2713,8.0016,0.001,-0.059493,0.0001,0.00024137,0.052352,0.85158
13.668,0.02,143.74,4.2715,8.0013,0.001,-0.05984,0.0001,0.00024142,0.052459,0.85157
13.675,0.02,143.74,4.2716,8.0011,0.001,-0.060218,0.0001,0.00024148,0.052566,0.85155
13.682,0.02,143.74,4.2718,8.0008,0.001,-0.060599,0.0001,0.00024153,0.052673,0.85154
13.689,0.02,143.75,4.272,8.0005,0.001,-0.06098,0.0001,0.00024158,0.05278,0.85152
13.696,0.02,143.75,4.2722,8.0002,0.001,-0.061362,0.0001,0.00024163,0.052887,0.85151
13.703,0.02,143.75,4.2723,7.9999,0.001,-0.061746,0.0001,0.00024167,0.052994,0.85149
13.71,0.02,143.75,4.2725,7.9995,0.001,-0.062129,0.0001,0.00024172,0.053101,0.85148
13.717,0.02,143.75,4.2727,7.9992,0.001,-0.062514,0.0001,0.00024176,0.053208,0.85146
13.724,0.02,143.75,4.2729,7.9989,0.001,-0.062899,0.0001,0.0002418,0.053315,0.85145
13.731,0.02,143.75,4.273,7.9986,0.001,-0.063285,0.0001,0.00024183,0.053423,0.85143
13.739,0.02,143.75,4.2732,7.9983,0.001,-0.063671,0.0001,0.00024187,0.05353,0.85142
13.746,0.02,143.76,4.2734,7.998,0.001,-0.064058,0.0001,0.0002419,0.053638,0.8514
13.753,0.02,143.76,4.2736,7.9977,0.001,-0.064445,0.0001,0.00024193,0.053745,0.85139
13.76,0.02,143.76,4.2738,7.9974,0.001,-0.064833,0.0001,0.00024196,0.053853,0.85137
13.767,0.02,143.76,4.2739,7.997,0.001,-0.065221,0.0001,0.00024199,0.053961,0.85136
13.774,0.02,143.76,4.2741,7.9967,0.001,-0.06561,0.0001,0.00024202,0.054068,0.85134
13.781,0.02,143.76,4.2743,7.9964,0.001,-0.066001,0.0001,0.00024204,0.054176,0.85133
13.788,0.02,143.76,4.2745,7.9961,0.001,-0.066391,0.0001,0.00024206,0.054284,0.85132
13.795,0.02,143.76,4.2747,7.9958,0.001,-0.066617,0.0001,0.00024208,0.054392,0.8513
13.802,0.02,143.75,4.2748,7.9954,0.001,-0.066767,0.0001,0.0002421,0.0545,0.85129
13.809,0.02,143.75,4.275,7.9951,0.001,-0.066867,0.0001,0.00024212,0.054607,0.85127
13.816,0.02,143.75,4.2752,7.9948,0.001,-0.06692,0.0001,0.00024213,0.054715,0.85126
13.823,0.02,143.75,4.2754,7.9945,0.001,-0.066943,0.0001,0.00024214,0.054823,0.85124
13.831,0.02,143.75,4.2755,7.9941,0.001,-0.066935,0.0001,0.00024215,0.054931,0.85123
13.838,0.02,143.75,4.2757,7.9938,0.001,-0.066896,0.0001,0.00024216,0.055039,0.85121
13.845,0.02,143.75,4.2759,7.9935,0.001,-0.066822,0.0001,0.00024217,0.055146,0.8512
13.852,0.02,143.75,4.276,7.9932,0.001,-0.066711,0.0001,0.00024218,0.055254,0.85118
13.859,0.02,143.74,4.2762,7.9929,0.001,-0.066559,0.0001,0.00024218,0.055362,0.85117
13.866,0.02,143.74,4.2764,7.9926,0.001,-0.066364,0.0001,0.00024219,0.055469,0.85115
13.873,0.02,143.74,4.2765,7.9923,0.001,-0.066132,0.0001,0.00024219,0.055577,0.85114
13.88,0.02,143.74,4.2767,7.992,0.001,-0.065847,0.0001,0.00024219,0.055685,0.85112
13.887,0.02,143.74,4.2768,7.9917,0.001,-0.065508,0.0001,0.00024219,0.055792,0.85111
13.894,0.02,143.74,4.277,7.9914,0.001,-0.06511,0.0001,0.00024218,0.055899,0.85109
13.901,0.02,143.73,4.2771,7.9911,0.001,-0.064667,0.0001,0.00024218,0.056007,0.85108
13.908,0.02,143.73,4.2772,7.9908,0.001,-0.064181,0.0001,0.00024217,0.056114,0.85106
13.915,0.02,143.74,4.2774,7.9905,0.001,-0.063797,0.0001,0.00024217,0.056221,0.85105
13.922,0.02,143.74,4.2775,7.9902,0.001,-0.063479,0.0001,0.00024216,0.056328,0.85104
13.929,0.02,143.74,4.2776,7.9899,0.001,-0.063096,0.0001,0.00024215,0.056435,0.85102
13.936,0.02,143.75,4.2778,7.9897,0.001,-0.062752,0.0001,0.00024213,0.056542,0.85101
13.943,0.02,143.75,4.2779,7.9894,0.001,-0.062525,0.0001,0.00024212,0.056649,0.85099
13.95,0.02,143.75,4.278,7.9891,0.001,-0.062454,0.0001,0.00024211,0.056756,0.85098
13.957,0.02,143.75,4.2781,7.9888,0.001,-0.062544,0.0001,0.00024209,0.056863,0.85097
13.964,0.02,143.75,4.2782,7.9886,0.001,-0.062297,0.0001,0.00024207,0.05697,0.85096
13.972,0.02,143.75,4.2784,7.9883,0.001,-0.06179,0.0001,0.00024205,0.057076,0.85094
13.979,0.02,143.75,4.2785,7.9881,0.001,-0.061222,0.0001,0.00024203,0.057183,0.85093
13.986,0.02,143.74,4.2786,7.9879,0.001,-0.060844,0.0001,0.00024201,0.05729,0.85092
13.993,0.02,143.74,4.2787,7.9876,0.001,-0.060613,0.0001,0.00024198,0.057396,0.85091
14,0.02,143.74,4.2788,7.9874,0.001,-0.060424,0.0001,0.00024196,0.057503,0.8509
14.007,0.02,143.74,4.2789,7.9872,0.001,-0.0604,0.0001,0.00024188,0.057609,0.85089
14.014,0.02,143.74,4.279,7.987,0.001,-0.060374,0.0001,0.0002418,0.057716,0.85088
14.021,0.02,143.74,4.2791,7.9868,0.001,-0.060317,0.0001,0.00024171,0.057822,0.85087
14.028,0.02,143.73,4.2792,7.9866,0.001,-0.060228,0.0001,0.00024163,0.057929,0.85086
14.035,0.02,143.73,4.2793,7.9863,0.001,-0.060126,0.0001,0.00024154,0.058035,0.85085
14.041,0.02,143.73,4.2794,7.9861,0.001,-0.060028,0.0001,0.00024145,0.058142,0.85085
14.048,0.02,143.73,4.2795,7.9859,0.001,-0.059958,0.0001,0.00024135,0.058248,0.85084
14.055,0.02,143.73,4.2796,7.9857,0.001,-0.059922,0.0001,0.00024126,0.058355,0.85083
14.062,0.02,143.72,4.2797,7.9855,0.001,-0.059904,0.0001,0.00024116,0.058461,0.85082
14.069,0.02,143.72,4.2798,7.9853,0.001,-0.059898,0.0001,0.00024106,0.058568,0.85081
14.076,0.02,143.72,4.2799,7.9851,0.001,-0.059895,0.0001,0.00024096,0.058674,0.8508
14.083,0.02,143.72,4.28,7.9849,0.001,-0.059893,0.0001,0.00024085,0.058781,0.85079
14.09,0.02,143.72,4.2801,7.9847,0.001,-0.059405,0.0001,0.00024074,0.058887,0.85078
14.097,0.02,143.71,4.2802,7.9845,0.001,-0.059376,0.0001,0.00024063,0.058994,0.85077
14.104,0.02,143.71,4.2803,7.9843,0.001,-0.059352,0.0001,0.00024052,0.0591,0.85076
14.111,0.02,143.71,4.2804,7.9841,0.001,-0.059331,0.0001,0.00024041,0.059207,0.85076
14.118,0.02,143.71,4.2805,7.9839,0.001,-0.059312,0.0001,0.00024029,0.059313,0.85075
14.125,0.02,143.71,4.2805,7.9837,0.001,-0.059295,0.0001,0.00024017,0.05942,0.85074
14.132,0.02,143.7,4.2806,7.9835,0.001,-0.059279,0.0001,0.00024005,0.059526,0.85073
14.139,0.02,143.7,4.2807,7.9833,0.001,-0.059264,0.0001,0.00023993,0.059633,0.85072
14.146,0.02,143.7,4.2808,7.9832,0.001,-0.059251,0.0001,0.0002398,0.059739,0.85071
14.153,0.02,143.7,4.2809,7.983,0.001,-0.059239,0.0001,0.00023968,0.059846,0.8507
14.16,0.02,143.7,4.281,7.9828,0.001,-0.059226,0.0001,0.00023955,0.059952,0.8507
14.167,0.02,143.69,4.2811,7.9826,0.001,-0.059215,0.0001,0.00023941,0.060058,0.85069
14.174,0.02,143.69,4.2812,7.9824,0.001,-0.059204,0.0001,0.00023928,0.060165,0.85068
14.181,0.02,143.69,4.2813,7.9822,0.001,-0.059195,0.0001,0.00023915,0.060271,0.85067
14.188,0.02,143.69,4.2814,7.982,0.001,-0.059187,0.0001,0.00023901,0.060378,0.85067
14.195,0.02,143.69,4.2815,7.9819,0.001,-0.059181,0.0001,0.00023887,0.060484,0.85066
14.202,0.02,143.68,4.2816,7.9817,0.001,-0.059177,0.0001,0.00023873,0.060591,0.85065
14.209,0.02,143.68,4.2816,7.9815,0.001,-0.059175,0.0001,0.00023859,0.060697,0.85064
14.216,0.02,143.68,4.2817,7.9813,0.001,-0.059175,0.0001,0.00023845,0.060804,0.85064
14.223,0.02,143.68,4.2818,7.9812,0.001,-0.059177,0.0001,0.0002383,0.06091,0.85063
14.23,0.02,143.68,4.2819,7.981,0.001,-0.05918,0.0001,0.00023815,0.061017,0.85062
14.237,0.02,143.68,4.282,7.9808,0.001,-0.059184,0.0001,0.000238,0.061123,0.85062
14.244,0.02,143.68,4.2821,7.9806,0.001,-0.059191,0.0001,0.00023785,0.06123,0.85061
14.251,0.02,143.68,4.2822,7.9805,0.001,-0.059198,0.0001,0.0002377,0.061336,0.85061
14.258,0.02,143.68,4.2823,7.9803,0.001,-0.059207,0.0001,0.00023755,0.061443,0.8506
14.265,0.02,143.68,4.2823,7.9801,0.001,-0.059216,0.0001,0.0002374,0.061549,0.8506
14.272,0.02,143.69,4.2824,7.98,0.001,-0.059225,0.0001,0.00023724,0.061656,0.85059
14.279,0.02,143.69,4.2825,7.9798,0.001,-0.059234,0.0001,0.00023708,0.061762,0.85059
14.286,0.02,143.69,4.2826,7.9796,0.001,-0.059243,0.0001,0.00023693,0.061869,0.85058
14.293,0.02,143.69,4.2827,7.9795,0.001,-0.059251,0.0001,0.00023677,0.061975,0.85058
14.3,0.02,143.69,4.2828,7.9793,0.001,-0.059259,0.0001,0.00023661,0.062082,0.85057
14.307,0.02,143.7,4.2829,7.9791,0.001,-0.059267,0.0001,0.00023645,0.062188,0.85057
14.314,0.02,143.7,4.2829,7.979,0.001,-0.059272,0.0001,0.00023629,0.062295,0.85056
14.321,0.02,143.7,4.283,7.9788,0.001,-0.059277,0.0001,0.00023613,0.062401,0.85056
14.328,0.02,143.7,4.2831,7.9786,0.001,-0.059281,0.0001,0.00023596,0.062508,0.85055
14.335,0.02,143.71,4.2832,7.9785,0.001,-0.059286,0.0001,0.0002358,0.062614,0.85055
14.342,0.02,143.71,4.2833,7.9783,0.001,-0.059292,0.0001,0.00023563,0.062721,0.85055
14.349,0.02,143.71,4.2834,7.9782,0.001,-0.0593,0.0001,0.00023547,0.062827,0.85054
14.356,0.02,143.71,4.2834,7.9781,0.001,-0.059309,0.0001,0.0002353,0.062934,0.85054
14.363,0.02,143.72,4.2835,7.9779,0.001,-0.059318,0.0001,0.00023514,0.06304,0.85054
14.37,0.02,143.72,4.2836,7.9778,0.001,-0.059329,0.0001,0.00023497,0.063147,0.85054
14.377,0.02,143.72,4.2837,7.9776,0.001,-0.05934,0.0001,0.0002348,0.063253,0.85053
14.384,0.02,143.72,4.2838,7.9775,0.001,-0.059351,0.0001,0.00023463,0.06336,0.85053
14.391,0.02,143.72,4.2838,7.9773,0.001,-0.05925,0.0001,0.00023447,0.063466,0.85053
14.398,0.02,143.72,4.2839,7.9772,0.001,-0.05911,0.0001,0.0002343,0.063573,0.85053
14.405,0.02,143.72,4.284,7.9771,0.001,-0.058982,0.0001,0.00023413,0.063679,0.85053
14.412,0.02,143.72,4.2841,7.9769,0.001,-0.058861,0.0001,0.00023396,0.063786,0.85053
14.419,0.02,143.72,4.2841,7.9768,0.001,-0.058741,0.0001,0.00023379,0.063892,0.85053
14.426,0.02,143.72,4.2842,7.9767,0.001,-0.058623,0.0001,0.00023362,0.063999,0.85052
14.433,0.02,143.72,4.2843,7.9765,0.001,-0.058507,0.0001,0.00023345,0.064105,0.85052
14.44,0.02,143.72,4.2844,7.9764,0.001,-0.058393,0.0001,0.00023328,0.064212,0.85052
14.447,0.02,143.72,4.2844,7.9763,0.001,-0.058284,0.0001,0.00023311,0.064318,0.85052
14.454,0.02,143.72,4.2845,7.9762,0.001,-0.05818,0.0001,0.00023294,0.064425,0.85052
14.461,0.02,143.72,4.2846,7.9761,0.001,-0.058155,0.0001,0.00023277,0.064531,0.85052
14.468,0.02,143.72,4.2847,7.9759,0.001,-0.05817,0.0001,0.00023261,0.064638,0.86468
14.475,0.02,143.72,4.2848,7.9758,0.001,-0.058198,0.0001,0.00023244,0.064744,0.85717
14.482,0.02,143.72,4.2849,7.9757,0.001,-0.058246,0.0001,0.00023315,0.064851,0.85053
14.489,0.02,143.72,4.2849,7.9756,0.001,-0.058325,0.0001,0.00023525,0.064958,0.85053
14.496,0.02,143.72,4.285,7.9755,0.001,-0.058459,0.0001,0.0002373,0.065064,0.85053
14.503,0.02,143.72,4.2851,7.9754,0.001,-0.05871,0.0001,0.0002393,0.065171,0.85053
14.51,0.02,143.72,4.2852,7.9753,0.001,-0.058844,0.0001,0.00024124,0.065278,0.85054
14.517,0.02,143.72,4.2852,7.9751,0.001,-0.058642,0.0001,0.00024257,0.065384,0.85054
14.524,0.02,143.72,4.2853,7.975,0.001,-0.058746,0.0001,0.00024249,0.065491,0.85054
14.531,0.02,143.73,4.2854,7.9749,0.001,-0.05882,0.0001,0.00024241,0.065598,0.85054
14.538,0.02,143.73,4.2854,7.9748,0.001,-0.058884,0.0001,0.00024232,0.065704,0.85055
14.545,0.02,143.73,4.2855,7.9747,0.001,-0.059063,0.0001,0.00024224,0.065811,0.85055
14.552,0.02,143.73,4.2856,7.9746,0.001,-0.059396,0.0001,0.00024216,0.065918,0.85055
14.559,0.02,143.73,4.2857,7.9745,0.001,-0.05972,0.0001,0.00024208,0.066025,0.85056
14.566,0.02,143.73,4.2857,7.9744,0.001,-0.060044,0.0001,0.000242,0.066132,0.85056
14.573,0.02,143.73,4.286,7.9744,0.001,-0.060384,0.0001,0.00024239,0.066239,0.86468
14.58,0.02,143.73,4.2862,7.9741,0.001,-0.05955,0.0001,0.00024269,0.066346,0.86468
14.587,0.02,143.73,4.2864,7.9739,0.001,-0.060345,0.0001,0.00024291,0.066453,0.86468
14.594,0.02,143.73,4.2865,7.9737,0.001,-0.061017,0.0001,0.00024305,0.06656,0.86468
14.601,0.02,143.73,4.2867,7.9735,0.001,-0.061114,0.0001,0.0002431,0.066668,0.86468
14.608,0.02,143.73,4.2868,7.9733,0.001,-0.060922,0.0001,0.00024308,0.066775,0.86468
14.615,0.02,143.73,4.2869,7.9732,0.001,-0.061039,0.0001,0.00024298,0.066883,0.85385
14.622,0.02,143.73,4.287,7.9731,0.001,-0.061403,0.0001,0.00024285,0.06699,0.8506
14.629,0.02,143.74,4.287,7.973,0.001,-0.061683,0.0001,0.00024273,0.067098,0.85061
14.636,0.02,143.74,4.2871,7.9729,0.001,-0.061782,0.0001,0.00024262,0.067205,0.85062
14.643,0.02,143.74,4.2872,7.9729,0.001,-0.061857,0.0001,0.0002425,0.067313,0.85062
14.65,0.02,143.74,4.2873,7.9728,0.001,-0.062017,0.0001,0.00024239,0.067421,0.85063
14.657,0.02,143.74,4.2873,7.9727,0.001,-0.062204,0.0001,0.00024228,0.067528,0.85064
14.664,0.02,143.74,4.2874,7.9726,0.001,-0.062337,0.0001,0.00024217,0.067636,0.85064
14.671,0.02,143.74,4.2875,7.9725,0.001,-0.062504,0.0001,0.00024207,0.067744,0.85065
14.678,0.02,143.74,4.2876,7.9724,0.001,-0.062692,0.0001,0.00024197,0.067851,0.85066
14.685,0.02,143.74,4.2876,7.9724,0.001,-0.062869,0.0001,0.00024187,0.067959,0.85067
14.692,0.02,143.74,4.2877,7.9723,0.001,-0.063034,0.0001,0.00024177,0.068067,0.85068
14.7,0.02,143.74,4.2878,7.9722,0.001,-0.063188,0.0001,0.00024167,0.068175,0.85068
14.707,0.02,143.74,4.288,7.9721,0.001,-0.063332,0.0001,0.00024191,0.068283,0.86471
14.714,0.02,143.74,4.2881,7.972,0.001,-0.063408,0.0001,0.00024206,0.06839,0.86471
14.721,0.02,143.74,4.2882,7.9718,0.001,-0.063469,0.0001,0.00024213,0.068498,0.86472
14.728,0.02,143.74,4.2883,7.9717,0.001,-0.063526,0.0001,0.00024211,0.068606,0.86456
14.735,0.02,143.74,4.2884,7.9716,0.001,-0.063581,0.0001,0.00024202,0.068714,0.85308
14.742,0.02,143.74,4.2885,7.9715,0.001,-0.063633,0.0001,0.00024191,0.068822,0.85074
14.749,0.02,143.74,4.2885,7.9715,0.001,-0.063681,0.0001,0.0002418,0.06893,0.85075
14.756,0.02,143.74,4.2886,7.9714,0.001,-0.063721,0.0001,0.0002417,0.069038,0.85076
14.763,0.02,143.74,4.2887,7.9714,0.001,-0.063717,0.0001,0.0002416,0.069146,0.85078
14.77,0.02,143.74,4.2887,7.9713,0.001,-0.063657,0.0001,0.0002415,0.069253,0.85079
14.777,0.02,143.74,4.2888,7.9713,0.001,-0.063595,0.0001,0.00024141,0.069361,0.8508
14.784,0.02,143.74,4.2888,7.9713,0.001,-0.06353,0.0001,0.00024131,0.069469,0.85081
14.791,0.02,143.73,4.2891,7.9712,0.001,-0.063464,0.0001,0.00024189,0.069577,0.86477
14.798,0.02,143.73,4.2894,7.971,0.001,-0.063397,0.0001,0.00024237,0.069685,0.86478
14.806,0.02,143.73,4.2896,7.9708,0.001,-0.063328,0.0001,0.00024274,0.069793,0.86478
14.813,0.02,143.73,4.2898,7.9706,0.001,-0.063259,0.0001,0.00024302,0.069901,0.86479
14.82,0.02,143.73,4.2899,7.9704,0.001,-0.06319,0.0001,0.00024319,0.070009,0.86479
14.827,0.02,143.72,4.29,7.9703,0.001,-0.063121,0.0001,0.00024328,0.070117,0.8648
14.834,0.02,143.72,4.2901,7.9702,0.001,-0.063052,0.0001,0.00024327,0.070225,0.86481
14.841,0.02,143.72,4.2902,7.9701,0.001,-0.062984,0.0001,0.00024317,0.070333,0.85999
14.848,0.02,143.72,4.2902,7.9701,0.001,-0.062916,0.0001,0.00024301,0.070441,0.85091
14.855,0.02,143.72,4.2902,7.9701,0.001,-0.06285,0.0001,0.00024285,0.070548,0.85092
14.862,0.02,143.71,4.2902,7.9701,0.001,-0.062785,0.0001,0.0002427,0.070656,0.85093
14.869,0.02,143.71,4.2903,7.9701,0.001,-0.062738,0.0001,0.00024256,0.070764,0.85094
14.876,0.02,143.71,4.2903,7.9701,0.001,-0.062722,0.0001,0.00024242,0.070872,0.85096
14.883,0.02,143.71,4.2903,7.9701,0.001,-0.062705,0.0001,0.00024228,0.07098,0.85097
14.89,0.02,143.71,4.2906,7.9701,0.001,-0.062688,0.0001,0.00024288,0.071088,0.86487
14.897,0.02,143.71,4.2908,7.9699,0.001,-0.062777,0.0001,0.00024337,0.071196,0.86487
14.905,0.02,143.71,4.2911,7.9697,0.001,-0.062654,0.0001,0.00024375,0.071304,0.86488
14.912,0.02,143.71,4.2912,7.9696,0.001,-0.062637,0.0001,0.00024403,0.071412,0.86489
14.919,0.02,143.71,4.2914,7.9694,0.001,-0.06262,0.0001,0.0002442,0.07152,0.8649
14.926,0.02,143.71,4.2915,7.9694,0.001,-0.062603,0.0001,0.00024428,0.071628,0.86491
14.933,0.02,143.72,4.2915,7.9694,0.001,-0.062586,0.0001,0.00024426,0.071736,0.86492
14.94,0.02,143.73,4.2916,7.9695,0.001,-0.06257,0.0001,0.00024414,0.071844,0.86396
14.947,0.02,143.72,4.2916,7.9696,0.001,-0.062554,0.0001,0.00024394,0.071952,0.85109
14.954,0.02,143.72,4.2916,7.9696,0.001,-0.062538,0.0001,0.00024375,0.07206,0.8511
14.961,0.02,143.71,4.2916,7.9697,0.001,-0.062526,0.0001,0.00024356,0.072168,0.85112
14.968,0.02,143.71,4.2916,7.9698,0.001,-0.062515,0.0001,0.00024338,0.072276,0.85113
14.975,0.02,143.71,4.2919,7.9699,0.001,-0.062499,0.0001,0.0002441,0.072383,0.865
14.982,0.02,143.71,4.2921,7.9699,0.001,-0.062679,0.0001,0.00024471,0.072491,0.86501
14.989,0.02,143.71,4.2924,7.97,0.001,-0.062616,0.0001,0.0002452,0.072599,0.86502
14.996,0.02,143.71,4.2926,7.9701,0.001,-0.062632,0.0001,0.00024557,0.072707,0.86504
15.004,0.02,143.7,4.2927,7.9702,0.001,-0.062612,0.0001,0.00024583,0.072815,0.86505
15.011,0.02,143.7,4.2929,7.9703,0.001,-0.062588,0.0001,0.00024599,0.072923,0.86507
15.018,0.02,143.7,4.293,7.9703,0.001,-0.062537,0.0001,0.00024604,0.073031,0.86508
15.025,0.02,143.7,4.293,7.9704,0.001,-0.062481,0.0001,0.00024599,0.073139,0.86509
15.032,0.02,143.7,4.293,7.9705,0.001,-0.062407,0.0001,0.00024585,0.073247,0.86511
15.039,0.02,143.7,4.293,7.9706,0.001,-0.062369,0.0001,0.00024561,0.073355,0.85534
15.046,0.02,143.69,4.293,7.9707,0.001,-0.062364,0.0001,0.00024535,0.073463,0.85128
15.053,0.02,143.69,4.293,7.9708,0.001,-0.062369,0.0001,0.0002451,0.073571,0.8513
15.06,0.02,143.69,4.2929,7.9709,0.001,-0.062365,0.0001,0.00024485,0.073679,0.85131
15.067,0.02,143.69,4.2929,7.971,0.001,-0.062356,0.0001,0.00024462,0.073787,0.85133
15.074,0.02,143.69,4.2929,7.9711,0.001,-0.062343,0.0001,0.00024439,0.073895,0.85134
15.081,0.02,143.68,4.2928,7.9712,0.001,-0.062329,0.0001,0.00024417,0.074003,0.85136
15.088,0.02,143.68,4.293,7.9713,0.001,-0.062309,0.0001,0.00024457,0.074111,0.86522
15.095,0.02,143.68,4.2932,7.9714,0.001,-0.06254,0.0001,0.00024487,0.074219,0.86524
15.103,0.02,143.68,4.2933,7.9715,0.001,-0.062314,0.0001,0.00024507,0.074327,0.86525
15.11,0.02,143.68,4.2934,7.9716,0.001,-0.062268,0.0001,0.00024517,0.074435,0.86527
15.117,0.02,143.68,4.2934,7.9717,0.001,-0.062257,0.0001,0.00024516,0.074543,0.86528
15.124,0.02,143.67,4.2935,7.9719,0.001,-0.062255,0.0001,0.00024507,0.074651,0.8653
15.131,0.02,143.67,4.2934,7.972,0.001,-0.062256,0.0001,0.00024488,0.074759,0.86119
15.138,0.02,143.67,4.2934,7.9721,0.001,-0.062264,0.0001,0.00024464,0.074867,0.85149
15.145,0.02,143.67,4.2934,7.9722,0.001,-0.062237,0.0001,0.0002444,0.074975,0.85151
15.152,0.02,143.67,4.2933,7.9724,0.001,-0.062113,0.0001,0.00024416,0.075083,0.85153
15.159,0.02,143.67,4.2933,7.9725,0.001,-0.061978,0.0001,0.00024394,0.075191,0.85155
15.166,0.02,143.67,4.2939,7.9726,0.001,-0.061837,0.0001,0.00024372,0.075299,0.85157
15.173,0.02,143.67,4.2945,7.9728,0.001,-0.061705,0.0001,0.0002435,0.075407,0.85159
15.18,0.02,143.67,4.2953,7.9729,0.001,-0.061586,0.0001,0.00024395,0.075515,0.86543
15.187,0.02,143.67,4.2961,7.973,0.001,-0.061679,0.0001,0.00024429,0.075623,0.86545
15.194,0.02,143.67,4.2968,7.9732,0.001,-0.061363,0.0001,0.00024453,0.075731,0.86547
15.201,0.02,143.66,4.2975,7.9733,0.001,-0.061257,0.0001,0.00024467,0.075839,0.86549
15.209,0.02,143.66,4.2981,7.9735,0.001,-0.061156,0.0001,0.00024471,0.075947,0.86551
15.216,0.02,143.66,4.2987,7.9736,0.001,-0.061094,0.0001,0.00024465,0.076055,0.86553
15.223,0.02,143.65,4.2993,7.9738,0.001,-0.061097,0.0001,0.0002445,0.076163,0.86555
15.23,0.02,143.65,4.2999,7.9739,0.001,-0.061107,0.0001,0.00024427,0.076271,0.85337
15.237,0.02,143.64,4.3004,7.9741,0.001,-0.061081,0.0001,0.00024402,0.076379,0.85177
15.244,0.02,143.63,4.3009,7.9742,0.001,-0.060834,0.0001,0.00024379,0.076487,0.85179
15.251,0.02,143.63,4.3014,7.9744,0.001,-0.060493,0.0001,0.00024356,0.076594,0.85181
15.258,0.02,143.63,4.302,7.9746,0.001,-0.060068,0.0001,0.00024334,0.076702,0.85183
15.265,0.02,143.63,4.3025,7.9747,0.001,-0.059589,0.0001,0.00024313,0.07681,0.85185
15.272,0.02,143.63,4.303,7.9749,0.001,-0.05907,0.0001,0.00024292,0.076917,0.85187
15.279,0.02,143.63,4.3035,7.9751,0.001,-0.058531,0.0001,0.00024272,0.077025,0.85189
15.286,0.02,143.63,4.304,7.9752,0.001,-0.057976,0.0001,0.00024252,0.077132,0.85192
15.293,0.02,143.63,4.3045,7.9754,0.001,-0.057409,0.0001,0.00024233,0.077239,0.85194
15.3,0.02,143.63,4.305,7.9756,0.001,-0.056832,0.0001,0.00024215,0.077347,0.85196
15.307,0.02,143.63,4.3055,7.9758,0.001,-0.056244,0.0001,0.00024197,0.077454,0.85198
15.314,0.02,143.63,4.3059,7.976,0.001,-0.055646,0.0001,0.0002418,0.077561,0.85201
15.321,0.02,143.63,4.3064,7.9762,0.001,-0.05504,0.0001,0.0002417,0.077668,0.86164
15.328,0.02,143.63,4.3069,7.9764,0.001,-0.054803,0.0001,0.00024153,0.077774,0.85206
15.335,0.02,143.63,4.3074,7.9766,0.001,-0.054066,0.0001,0.00024137,0.077881,0.85208
15.342,0.02,143.63,4.3078,7.9768,0.001,-0.053459,0.0001,0.00024122,0.077988,0.8521
15.349,0.02,143.64,4.3083,7.977,0.001,-0.052846,0.0001,0.00024107,0.078094,0.85213
15.356,0.02,143.64,4.3088,7.9772,0.001,-0.052376,0.0001,0.00024092,0.078201,0.85215
15.363,0.02,143.64,4.3092,7.9775,0.001,-0.05192,0.0001,0.00024078,0.078307,0.85218
15.37,0.02,143.64,4.3097,7.9777,0.001,-0.051464,0.0001,0.00024064,0.078413,0.8522
15.377,0.02,143.64,4.3101,7.9779,0.001,-0.051009,0.0001,0.00024051,0.078519,0.85222
15.384,0.02,143.64,4.3105,7.9781,0.001,-0.050152,0.0001,0.00024038,0.078625,0.85225
15.391,0.02,143.64,4.311,7.9784,0.001,-0.049682,0.0001,0.00024025,0.078731,0.85227
15.398,0.02,143.64,4.3114,7.9786,0.001,-0.049674,0.0001,0.00024013,0.078837,0.8523
15.405,0.02,143.64,4.3118,7.9788,0.001,-0.049776,0.0001,0.00024001,0.078944,0.85233
15.412,0.02,143.64,4.3123,7.9791,0.001,-0.050012,0.0001,0.0002399,0.07905,0.85235
15.419,0.02,143.65,4.3127,7.9793,0.001,-0.050316,0.0001,0.00023979,0.079156,0.85238
15.426,0.02,143.65,4.3131,7.9795,0.001,-0.050669,0.0001,0.00023968,0.079263,0.85241
15.432,0.02,143.65,4.3136,7.9798,0.001,-0.051089,0.0001,0.00023957,0.079369,0.85243
15.439,0.02,143.65,4.314,7.98,0.001,-0.051574,0.0001,0.00023946,0.079476,0.85246
15.446,0.02,143.65,4.3144,7.9802,0.001,-0.052065,0.0001,0.00023936,0.079583,0.85248
15.453,0.02,143.65,4.3148,7.9804,0.001,-0.052556,0.0001,0.00023927,0.079689,0.85251
15.46,0.02,143.66,4.3152,7.9807,0.001,-0.053045,0.0001,0.00023917,0.079796,0.85254
15.467,0.02,143.66,4.3154,7.9809,0.001,-0.05353,0.0001,0.00023908,0.079903,0.85256
15.474,0.02,143.66,4.3154,7.9811,0.001,-0.054012,0.0001,0.00023898,0.08001,0.85259
15.481,0.02,143.66,4.3155,7.9813,0.001,-0.054491,0.0001,0.0002389,0.080117,0.85262
15.488,0.02,143.66,4.3155,7.9815,0.001,-0.054968,0.0001,0.00023881,0.080225,0.85265
15.495,0.02,143.67,4.3155,7.9817,0.001,-0.055444,0.0001,0.00023873,0.080332,0.85268
15.502,0.02,143.67,4.3155,7.9819,0.001,-0.055918,0.0001,0.00023864,0.080439,0.85271
15.509,0.02,143.67,4.3156,7.9821,0.001,-0.056392,0.0001,0.00023856,0.080547,0.85274
15.516,0.02,143.67,4.3156,7.9823,0.001,-0.056865,0.0001,0.00023848,0.080654,0.85277
15.523,0.02,143.67,4.3157,7.9825,0.001,-0.057338,0.0001,0.00023841,0.080762,0.8528
15.53,0.02,143.68,4.3157,7.9827,0.001,-0.057812,0.0001,0.00023833,0.08087,0.85283
15.538,0.02,143.68,4.3158,7.9829,0.001,-0.058285,0.0001,0.00023826,0.080977,0.85286
15.545,0.02,143.68,4.3158,7.9832,0.001,-0.058765,0.0001,0.00023819,0.081085,0.85289
15.552,0.02,143.68,4.3159,7.9834,0.001,-0.059251,0.0001,0.00023812,0.081193,0.85292
15.559,0.02,143.69,4.3159,7.9836,0.001,-0.059744,0.0001,0.00023805,0.081301,0.85295
15.566,0.02,143.69,4.316,7.9837,0.001,-0.060146,0.0001,0.00023799,0.081409,0.85299
15.573,0.02,143.69,4.3161,7.9839,0.001,-0.060388,0.0001,0.00023792,0.081518,0.85302
15.58,0.02,143.69,4.3161,7.9841,0.001,-0.060549,0.0001,0.00023786,0.081626,0.85305
15.587,0.02,143.69,4.3162,7.9843,0.001,-0.06065,0.0001,0.0002378,0.081734,0.85308
15.594,0.02,143.7,4.3163,7.9845,0.001,-0.06071,0.0001,0.00023774,0.081842,0.85311
15.601,0.02,143.7,4.3163,7.9847,0.001,-0.060748,0.0001,0.00023768,0.08195,0.85314
15.608,0.02,143.7,4.3164,7.9848,0.001,-0.060772,0.0001,0.00023763,0.082058,0.87652
15.615,0.02,143.7,4.3165,7.9849,0.001,-0.060788,0.0001,0.00023757,0.082166,0.87654
15.622,0.02,143.71,4.3165,7.9851,0.001,-0.060799,0.0001,0.00023752,0.082274,0.87656
15.629,0.02,143.71,4.3166,7.9852,0.001,-0.060795,0.0001,0.00023747,0.082382,0.87658
15.636,0.02,143.71,4.3166,7.9854,0.001,-0.06081,0.0001,0.00023741,0.082491,0.8766
15.643,0.02,143.71,4.3167,7.9855,0.001,-0.060813,0.0001,0.00023736,0.082599,0.87662
15.65,0.02,143.72,4.3167,7.9856,0.001,-0.060816,0.0001,0.00023732,0.082707,0.87664
15.658,0.02,143.72,4.3168,7.9857,0.001,-0.060817,0.0001,0.00023727,0.082815,0.87287
15.665,0.02,143.72,4.3169,7.9859,0.001,-0.060818,0.0001,0.00023722,0.082923,0.86196
15.672,0.02,143.73,4.3169,7.986,0.001,-0.060819,0.0001,0.00023718,0.083031,0.85343
15.679,0.02,143.73,4.317,7.9861,0.001,-0.060819,0.0001,0.00023713,0.083139,0.85346
15.686,0.02,143.73,4.317,7.9862,0.001,-0.060819,0.0001,0.00023709,0.083247,0.85349
15.693,0.02,143.73,4.3171,7.9863,0.001,-0.060819,0.0001,0.00023705,0.083355,0.87676
15.7,0.02,143.74,4.3171,7.9864,0.001,-0.060818,0.0001,0.00023701,0.083464,0.87678
15.707,0.02,143.74,4.3172,7.9865,0.001,-0.060817,0.0001,0.00023697,0.083572,0.8768
15.714,0.02,143.74,4.3172,7.9866,0.001,-0.060815,0.0001,0.00023693,0.08368,0.87682
15.721,0.02,143.74,4.3173,7.9867,0.001,-0.060813,0.0001,0.00023689,0.083788,0.87684
15.728,0.02,143.75,4.3173,7.9868,0.001,-0.060811,0.0001,0.00023685,0.083896,0.87686
15.735,0.02,143.75,4.3174,7.9869,0.001,-0.060808,0.0001,0.00023682,0.084004,0.87688
15.742,0.02,143.75,4.3174,7.9869,0.001,-0.060732,0.0001,0.00023678,0.084112,0.8769
15.749,0.02,143.75,4.3175,7.9866,0.001,-0.06065,0.0001,0.00023675,0.084221,0.8749
15.756,0.02,143.76,4.3175,7.9863,0.001,-0.060574,0.0001,0.00023671,0.084329,0.862
15.763,0.02,143.76,4.3176,7.986,0.001,-0.060502,0.0001,0.00023668,0.084437,0.87697
15.77,0.02,143.76,4.3176,7.9857,0.001,-0.060648,0.0001,0.00023665,0.084545,0.87699
15.778,0.02,143.76,4.3177,7.9854,0.001,-0.060234,0.0001,0.00023662,0.084653,0.87701
15.785,0.02,143.77,4.3177,7.9851,0.001,-0.060099,0.0001,0.00023659,0.084761,0.87703
15.792,0.02,143.77,4.3178,7.9848,0.001,-0.059968,0.0001,0.00023656,0.084869,0.87705
15.799,0.02,143.77,4.3178,7.9845,0.001,-0.059879,0.0001,0.00023653,0.084978,0.87707
15.806,0.02,143.78,4.3178,7.9842,0.001,-0.059742,0.0001,0.0002365,0.085086,0.87709
15.813,0.02,143.78,4.3179,7.9839,0.001,-0.059708,0.0001,0.00023647,0.085194,0.87712
15.82,0.02,143.78,4.3179,7.9836,0.001,-0.059715,0.0001,0.00023644,0.085302,0.87714
15.827,0.02,143.78,4.318,7.9833,0.001,-0.059716,0.0001,0.00023641,0.08541,0.87716
15.834,0.02,143.79,4.318,7.983,0.001,-0.059711,0.0001,0.00023638,0.085518,0.86472
15.841,0.02,143.79,4.318,7.9827,0.001,-0.059706,0.0001,0.00023636,0.085626,0.85403
15.848,0.02,143.79,4.3181,7.9824,0.001,-0.059699,0.0001,0.00023633,0.085735,0.85405
15.855,0.02,143.8,4.3181,7.9821,0.001,-0.059693,0.0001,0.0002363,0.085843,0.85407
15.862,0.02,143.8,4.3182,7.9818,0.001,-0.059687,0.0001,0.00023628,0.085951,0.8541
15.869,0.02,143.8,4.3182,7.9816,0.001,-0.059681,0.0001,0.00023625,0.086059,0.87729
15.876,0.02,143.81,4.3182,7.9813,0.001,-0.059675,0.0001,0.00023623,0.086167,0.87732
15.883,0.02,143.81,4.3183,7.981,0.001,-0.059668,0.0001,0.0002362,0.086275,0.87734
15.89,0.02,143.82,4.3183,7.9807,0.001,-0.05966,0.0001,0.00023618,0.086383,0.87736
15.898,0.02,143.82,4.3183,7.9806,0.001,-0.05965,0.0001,0.00023615,0.086491,0.87739
15.905,0.02,143.82,4.3184,7.9807,0.001,-0.059638,0.0001,0.00023613,0.0866,0.87741
15.912,0.02,143.83,4.3184,7.9809,0.001,-0.059623,0.0001,0.00023611,0.086708,0.86808
15.919,0.02,143.83,4.3184,7.9811,0.001,-0.059606,0.0001,0.00023608,0.086816,0.85428
15.926,0.02,143.84,4.3185,7.9813,0.001,-0.059586,0.0001,0.00023606,0.086924,0.8543
15.933,0.02,143.84,4.3185,7.9814,0.001,-0.059565,0.0001,0.00023604,0.087032,0.85432
15.94,0.02,143.85,4.3185,7.9816,0.001,-0.059543,0.0001,0.00023601,0.08714,0.85435
15.947,0.02,143.85,4.3186,7.9818,0.001,-0.05952,0.0001,0.00023599,0.087248,0.85437
15.954,0.02,143.85,4.3186,7.9819,0.001,-0.059496,0.0001,0.00023597,0.087356,0.85439
15.961,0.02,143.86,4.3186,7.9821,0.001,-0.059472,0.0001,0.00023594,0.087465,0.85441
15.968,0.02,143.86,4.3186,7.9823,0.001,-0.059446,0.0001,0.00023592,0.087573,0.85444
15.975,0.02,143.87,4.3187,7.9824,0.001,-0.059419,0.0001,0.0002359,0.087681,0.85446
15.982,0.02,143.87,4.3187,7.9826,0.001,-0.059394,0.0001,0.00023587,0.087789,0.85448
15.989,0.02,143.87,4.3187,7.9827,0.001,-0.05937,0.0001,0.00023585,0.087897,0.8545
15.996,0.02,143.88,4.3188,7.9829,0.001,-0.059351,0.0001,0.00023583,0.088005,0.85453
16.003,0.02,143.88,4.3188,7.983,0.001,-0.059336,0.0001,0.0002358,0.088113,0.85455
16.01,0.02,143.89,4.3188,7.9832,0.001,-0.059324,0.0001,0.00023578,0.088222,0.85457
16.017,0.02,143.89,4.3189,7.9833,0.001,-0.059315,0.0001,0.00023576,0.08833,0.85459
16.024,0.02,143.9,4.3189,7.9835,0.001,-0.059309,0.0001,0.00023573,0.088438,0.85461
16.032,0.02,143.9,4.3189,7.9836,0.001,-0.059366,0.0001,0.00023571,0.088546,0.85464
16.039,0.02,143.9,4.3189,7.9837,0.001,-0.059476,0.0001,0.00023568,0.088654,0.85466
16.046,0.02,143.91,4.319,7.9839,0.001,-0.059589,0.0001,0.00023566,0.088762,0.85468
16.053,0.02,143.91,4.319,7.984,0.001,-0.059705,0.0001,0.00023563,0.088871,0.8547
16.06,0.02,143.92,4.319,7.9842,0.001,-0.059823,0.0001,0.00023561,0.088979,0.85472
16.067,0.02,143.92,4.3191,7.9843,0.001,-0.059943,0.0001,0.00023558,0.089087,0.85474
16.074,0.02,143.93,4.3191,7.9844,0.001,-0.060065,0.0001,0.00023556,0.089195,0.85476
16.081,0.02,143.93,4.3191,7.9846,0.001,-0.059581,0.0001,0.00023553,0.089303,0.85478
16.088,0.02,143.93,4.3191,7.9847,0.001,-0.058827,0.0001,0.00023545,0.089411,0.8548
16.095,0.02,143.94,4.3191,7.9848,0.001,-0.0579,0.0001,0.00023493,0.089518,0.85482
16.102,0.02,143.94,4.3191,7.985,0.001,-0.056891,0.0001,0.00023442,0.089626,0.85484
16.109,0.02,143.94,4.3191,7.9851,0.001,-0.055903,0.0001,0.00023393,0.089733,0.85485
16.116,0.02,143.95,4.3191,7.9852,0.001,-0.055103,0.0001,0.00023346,0.08984,0.85487
16.123,0.02,143.95,4.3191,7.9854,0.001,-0.054357,0.0001,0.00023301,0.089947,0.85489
16.13,0.02,143.96,4.3191,7.9855,0.001,-0.053596,0.0001,0.00023256,0.090053,0.85491
16.137,0.02,143.96,4.319,7.9857,0.001,-0.052771,0.0001,0.00023214,0.09016,0.85493
16.144,0.02,143.96,4.319,7.9858,0.001,-0.051809,0.0001,0.00023172,0.090267,0.85495
16.151,0.02,143.97,4.319,7.986,0.001,-0.050983,0.0001,0.00023132,0.090373,0.85497
16.158,0.02,143.97,4.3189,7.9861,0.001,-0.050344,0.0001,0.00023093,0.090479,0.85499
16.165,0.02,143.97,4.3189,7.9862,0.001,-0.04983,0.0001,0.00023055,0.090586,0.855
16.172,0.02,143.98,4.3188,7.9864,0.001,-0.049375,0.0001,0.00023019,0.090692,0.85502
16.179,0.02,143.98,4.3188,7.9865,0.001,-0.048975,0.0001,0.00022984,0.090798,0.85504
16.185,0.02,143.99,4.3188,7.9866,0.001,-0.048628,0.0001,0.00022949,0.090904,0.85506
16.192,0.02,143.99,4.3187,7.9868,0.001,-0.04833,0.0001,0.00022916,0.09101,0.85507
16.199,0.02,143.99,4.3187,7.9869,0.001,-0.048079,0.0001,0.00022884,0.091116,0.85509
16.206,0.02,144,4.3186,7.987,0.001,-0.047868,0.0001,0.00022853,0.091222,0.85511
16.213,0.02,144,4.3186,7.9871,0.001,-0.047694,0.0001,0.00022823,0.091328,0.85512
16.22,0.02,144,4.3185,7.9873,0.001,-0.047565,0.0001,0.00022794,0.091434,0.85514
16.227,0.02,144.01,4.3185,7.9874,0.001,-0.047473,0.0001,0.00022765,0.09154,0.85516
16.234,0.02,144.01,4.3185,7.9875,0.001,-0.04742,0.0001,0.00022738,0.091646,0.85517
16.241,0.02,144.01,4.3184,7.9876,0.001,-0.047321,0.0001,0.00022711,0.091752,0.85519
16.248,0.02,144.02,4.3184,7.9877,0.001,-0.047281,0.0001,0.00022685,0.091858,0.8552
16.255,0.02,144.02,4.3184,7.9878,0.001,-0.047264,0.0001,0.0002266,0.091964,0.85522
16.261,0.02,144.02,4.3184,7.9879,0.001,-0.047257,0.0001,0.00022636,0.09207,0.85523
16.268,0.02,144.03,4.3183,7.988,0.001,-0.047261,0.0001,0.00022612,0.092176,0.85525
16.275,0.02,144.03,4.3183,7.9881,0.001,-0.047279,0.0001,0.00022589,0.092282,0.85526
16.282,0.02,144.03,4.3183,7.9881,0.001,-0.047313,0.0001,0.00022567,0.092388,0.85528
16.289,0.02,144.04,4.3183,7.9882,0.001,-0.047362,0.0001,0.00022545,0.092494,0.85529
16.296,0.02,144.04,4.3183,7.9883,0.001,-0.047428,0.0001,0.00022524,0.0926,0.85531
16.303,0.02,144.04,4.3183,7.9884,0.001,-0.047509,0.0001,0.00022504,0.092706,0.85532
16.31,0.02,144.05,4.3182,7.9884,0.001,-0.047604,0.0001,0.00022484,0.092812,0.85533
16.317,0.02,144.05,4.3182,7.9885,0.001,-0.047713,0.0001,0.00022465,0.092919,0.85535
16.324,0.02,144.05,4.3183,7.9885,0.001,-0.047836,0.0001,0.00022446,0.093025,0.85536
16.331,0.02,144.06,4.3183,7.9886,0.001,-0.047971,0.0001,0.00022428,0.093131,0.85537
16.337,0.02,144.06,4.3183,7.9887,0.001,-0.048117,0.0001,0.00022411,0.093238,0.85538
16.344,0.02,144.06,4.3183,7.9887,0.001,-0.048274,0.0001,0.00022394,0.093344,0.8554
16.351,0.02,144.06,4.3183,7.9887,0.001,-0.04844,0.0001,0.00022377,0.09345,0.85541
16.358,0.02,144.07,4.3183,7.9888,0.001,-0.048615,0.0001,0.00022361,0.093557,0.85542
16.365,0.02,144.07,4.3183,7.9888,0.001,-0.04882,0.0001,0.00022345,0.093663,0.85543
16.372,0.02,144.07,4.3184,7.9888,0.001,-0.049104,0.0001,0.0002233,0.09377,0.85544
16.379,0.02,144.08,4.3184,7.9888,0.001,-0.049396,0.0001,0.00022315,0.093877,0.85545
16.386,0.02,144.08,4.3184,7.9888,0.001,-0.049698,0.0001,0.00022301,0.093983,0.85547
16.393,0.02,144.08,4.3185,7.9888,0.001,-0.050012,0.0001,0.00022287,0.09409,0.85548
16.4,0.02,144.08,4.3185,7.9888,0.001,-0.050335,0.0001,0.00022273,0.094197,0.85549
16.407,0.02,144.09,4.3186,7.9887,0.001,-0.050665,0.0001,0.0002226,0.094304,0.8555
16.414,0.02,144.09,4.3186,7.9887,0.001,-0.051002,0.0001,0.00022247,0.09441,0.85551
16.421,0.02,144.09,4.3187,7.9887,0.001,-0.051345,0.0001,0.00022234,0.094517,0.85552
16.428,0.02,144.1,4.3187,7.9887,0.001,-0.051818,0.0001,0.00022222,0.094624,0.85553
16.435,0.02,144.1,4.3188,7.9887,0.001,-0.051918,0.0001,0.0002221,0.094731,0.85554
16.442,0.02,144.1,4.3188,7.9886,0.001,-0.05188,0.0001,0.00022198,0.094838,0.85555
16.449,0.02,144.1,4.3189,7.9886,0.001,-0.051741,0.0001,0.00022187,0.094945,0.85556
16.456,0.02,144.11,4.3189,7.9886,0.001,-0.051544,0.0001,0.00022176,0.095052,0.85557
16.463,0.02,144.11,4.319,7.9886,0.001,-0.051305,0.0001,0.0002217,0.095158,0.85558
16.47,0.02,144.11,4.319,7.9885,0.001,-0.050859,0.0001,0.00022174,0.095265,0.85559
16.477,0.02,144.11,4.3191,7.9885,0.001,-0.050438,0.0001,0.00022177,0.095372,0.8556
16.483,0.02,144.12,4.3191,7.9885,0.001,-0.050038,0.0001,0.00022181,0.095478,0.85561
16.49,0.02,144.12,4.3191,7.9885,0.001,-0.049643,0.0001,0.00022185,0.095585,0.85562
16.497,0.02,144.12,4.3192,7.9885,0.001,-0.049255,0.0001,0.00022189,0.095691,0.85563
16.504,0.02,144.13,4.3192,7.9885,0.001,-0.04887,0.0001,0.00022193,0.095797,0.85564
16.511,0.02,144.13,4.3192,7.9885,0.001,-0.048486,0.0001,0.00022197,0.095904,0.85565
16.518,0.02,144.13,4.3193,7.9885,0.001,-0.048103,0.0001,0.00022202,0.09601,0.85566
16.525,0.02,144.13,4.3193,7.9885,0.001,-0.04772,0.0001,0.00022206,0.096116,0.85567
16.532,0.02,144.14,4.3193,7.9885,0.001,-0.04736,0.0001,0.0002221,0.096222,0.85568
16.539,0.02,144.14,4.3193,7.9885,0.001,-0.047096,0.0001,0.00022214,0.096328,0.85569
16.546,0.02,144.14,4.3193,7.9885,0.001,-0.04677,0.0001,0.00022218,0.096434,0.8557
16.553,0.02,144.14,4.3194,7.9886,0.001,-0.046418,0.0001,0.00022223,0.09654,0.85571
16.56,0.02,144.15,4.3194,7.9886,0.001,-0.046052,0.0001,0.00022227,0.096646,0.85572
16.566,0.02,144.15,4.3194,7.9886,0.001,-0.045681,0.0001,0.00022231,0.096752,0.85573
16.573,0.02,144.15,4.3194,7.9886,0.001,-0.045302,0.0001,0.00022236,0.096857,0.85574
16.58,0.02,144.15,4.3194,7.9886,0.001,-0.044913,0.0001,0.0002224,0.096963,0.85575
16.587,0.02,144.16,4.3194,7.9887,0.001,-0.044514,0.0001,0.00022244,0.097069,0.85576
16.594,0.02,144.16,4.3194,7.9887,0.001,-0.044103,0.0001,0.00022249,0.097174,0.85577
16.601,0.02,144.16,4.3194,7.9887,0.001,-0.04368,0.0001,0.00022254,0.09728,0.85578
16.608,0.02,144.17,4.3194,7.9887,0.001,-0.043247,0.0001,0.00022258,0.097385,0.85579
16.615,0.02,144.17,4.3193,7.9888,0.001,-0.042803,0.0001,0.00022263,0.09749,0.8558
16.621,0.02,144.17,4.3193,7.9888,0.001,-0.04235,0.0001,0.00022267,0.097596,0.85581
16.628,0.02,144.17,4.3193,7.9888,0.001,-0.041889,0.0001,0.00022272,0.097701,0.85581
16.635,0.02,144.18,4.3193,7.9889,0.001,-0.041421,0.0001,0.00022277,0.097806,0.85582
16.642,0.02,144.18,4.3193,7.9889,0.001,-0.040946,0.0001,0.00022281,0.097911,0.85583
16.649,0.02,144.18,4.3192,7.989,0.001,-0.040464,0.0001,0.00022286,0.098016,0.85584
16.656,0.02,144.18,4.3192,7.989,0.001,-0.039977,0.0001,0.00022291,0.09812,0.85585
16.662,0.02,144.19,4.3192,7.9891,0.001,-0.039485,0.0001,0.00022296,0.098225,0.85586
16.669,0.02,144.19,4.3191,7.9891,0.001,-0.038989,0.0001,0.000223,0.09833,0.85587
16.676,0.02,144.19,4.3191,7.9892,0.001,-0.038489,0.0001,0.00022305,0.098434,0.85588
16.683,0.02,144.2,4.319,7.9892,0.001,-0.037984,0.0001,0.0002231,0.098539,0.85589
16.69,0.02,144.2,4.319,7.9893,0.001,-0.037475,0.0001,0.00022315,0.098643,0.8559
16.697,0.02,144.2,4.3189,7.9893,0.001,-0.036962,0.0001,0.0002232,0.098747,0.85591
16.703,0.02,144.2,4.3189,7.9894,0.001,-0.036445,0.0001,0.00022325,0.098852,0.85592
16.71,0.02,144.21,4.3188,7.9895,0.001,-0.035924,0.0001,0.0002233,0.098956,0.85593
16.717,0.02,144.21,4.3188,7.9895,0.001,-0.035399,0.0001,0.00022335,0.09906,0.85594
16.724,0.02,144.21,4.3187,7.9896,0.001,-0.034872,0.0001,0.0002234,0.099164,0.85595
16.73,0.02,144.22,4.3186,7.9897,0.001,-0.034341,0.0001,0.00022345,0.099268,0.85596
16.737,0.02,144.22,4.3186,7.9898,0.001,-0.033808,0.0001,0.0002235,0.099371,0.85597
16.744,0.02,144.22,4.3185,7.9898,0.001,-0.033264,0.0001,0.00022355,0.099475,0.85598
16.751,0.02,144.22,4.3184,7.9899,0.001,-0.032703,0.0001,0.0002236,0.099579,0.85599
16.757,0.02,144.23,4.3183,7.99,0.001,-0.032139,0.0001,0.00022365,0.099682,0.85599
16.764,0.02,144.23,4.3182,7.99,0.001,-0.031652,0.0001,0.0002237,0.099786,0.856
16.771,0.02,144.23,4.3181,7.9901,0.001,-0.031422,0.0001,0.00022375,0.099889,0.85601
16.778,0.02,144.24,4.3181,7.9902,0.001,-0.031396,0.0001,0.0002238,0.099993,0.85602
16.784,0.02,144.24,4.318,7.9903,0.001,-0.031438,0.0001,0.00022386,0.1001,0.85603
16.791,0.02,144.24,4.3179,7.9904,0.001,-0.03157,0.0001,0.00022391,0.1002,0.85604
16.798,0.02,144.25,4.3178,7.9904,0.001,-0.031744,0.0001,0.00022396,0.1003,0.85605
16.805,0.02,144.25,4.3178,7.9905,0.001,-0.031948,0.0001,0.00022401,0.10041,0.85606
16.811,0.02,144.25,4.3177,7.9906,0.001,-0.032169,0.0001,0.00022406,0.10051,0.85607
16.818,0.02,144.26,4.3176,7.9907,0.001,-0.032402,0.0001,0.00022412,0.10061,0.85608
16.825,0.02,144.26,4.3176,7.9907,0.001,-0.032641,0.0001,0.00022417,0.10072,0.85609
16.832,0.02,144.26,4.3175,7.9908,0.001,-0.032885,0.0001,0.00022422,0.10082,0.8561
16.838,0.02,144.27,4.3175,7.9909,0.001,-0.033132,0.0001,0.00022428,0.10093,0.85611
16.845,0.02,144.27,4.3174,7.9909,0.001,-0.033381,0.0001,0.00022433,0.10103,0.88001
16.852,0.02,144.27,4.3174,7.991,0.001,-0.033631,0.0001,0.00022438,0.10113,0.88003
16.859,0.02,144.28,4.3174,7.9911,0.001,-0.033884,0.0001,0.00022444,0.10124,0.87731
16.865,0.02,144.28,4.3173,7.9911,0.001,-0.034138,0.0001,0.00022449,0.10134,0.87046
16.872,0.02,144.28,4.3173,7.9912,0.001,-0.034393,0.0001,0.00022454,0.10144,0.88009
16.879,0.02,144.29,4.3173,7.9913,0.001,-0.034649,0.0001,0.0002246,0.10155,0.88011
16.886,0.02,144.29,4.3173,7.9913,0.001,-0.034907,0.0001,0.00022465,0.10165,0.88013
16.892,0.02,144.29,4.3173,7.9914,0.001,-0.035117,0.0001,0.00022471,0.10176,0.88015
16.899,0.02,144.3,4.3173,7.9915,0.001,-0.035314,0.0001,0.00022476,0.10186,0.88017
16.906,0.02,144.3,4.3172,7.9915,0.001,-0.035512,0.0001,0.00022482,0.10197,0.88019
16.913,0.02,144.3,4.3173,7.9916,0.001,-0.03571,0.0001,0.00022487,0.10207,0.88021
16.92,0.02,144.31,4.3173,7.9916,0.001,-0.035909,0.0001,0.00022563,0.10217,0.88023
16.926,0.02,144.31,4.3173,7.9917,0.001,-0.036107,0.0001,0.00022708,0.10228,0.88026
16.933,0.02,144.31,4.3173,7.9917,0.001,-0.036306,0.0001,0.00022838,0.10238,0.88028
16.94,0.02,144.32,4.3173,7.9918,0.001,-0.036504,0.0001,0.00022943,0.10249,0.8803
16.947,0.02,144.32,4.3173,7.9918,0.001,-0.036703,0.0001,0.00022943,0.10259,0.88032
16.953,0.02,144.33,4.3174,7.9919,0.001,-0.036902,0.0001,0.00022943,0.10269,0.88034
16.96,0.02,144.33,4.3174,7.9919,0.001,-0.037101,0.0001,0.00022942,0.1028,0.88037
16.967,0.02,144.33,4.3175,7.992,0.001,-0.0373,0.0001,0.00022942,0.1029,0.88039
16.974,0.02,144.34,4.3175,7.992,0.001,-0.037499,0.0001,0.00022942,0.10301,0.88041
16.981,0.02,144.34,4.3175,7.9921,0.001,-0.037698,0.0001,0.00022942,0.10311,0.88043
16.987,0.02,144.35,4.3176,7.9921,0.001,-0.037897,0.0001,0.00022942,0.10322,0.88046
16.994,0.02,144.35,4.3177,7.9921,0.001,-0.038097,0.0001,0.00022942,0.10332,0.88048
17.001,0.02,144.35,4.3177,7.9922,0.001,-0.038296,0.0001,0.00022942,0.10343,0.8805
17.008,0.02,144.36,4.3178,7.9922,0.001,-0.038493,0.0001,0.00022942,0.10353,0.88052
17.015,0.02,144.36,4.3179,7.9923,0.001,-0.038689,0.0001,0.00022943,0.10364,0.88055
17.022,0.02,144.37,4.3179,7.9919,0.001,-0.039078,0.0001,0.00022943,0.10374,0.88057
17.028,0.02,144.37,4.318,7.9909,0.001,-0.039214,0.0001,0.00022944,0.10385,0.88059
17.035,0.02,144.37,4.3181,7.99,0.001,-0.039364,0.0001,0.00022944,0.10395,0.88061
17.042,0.02,144.38,4.3192,7.9889,0.001,-0.039529,0.0001,0.00022945,0.10405,0.88064
17.049,0.02,144.38,4.3204,7.9878,0.001,-0.039722,0.0001,0.00022945,0.10416,0.88066
17.056,0.02,144.38,4.3216,7.9868,0.001,-0.039895,0.0001,0.00022946,0.10426,0.88068
17.062,0.02,144.39,4.3227,7.9859,0.001,-0.040071,0.0001,0.00022947,0.10437,0.8807
17.069,0.02,144.39,4.3237,7.985,0.001,-0.040246,0.0001,0.00022947,0.10447,0.88073
17.076,0.02,144.4,4.3251,7.9844,0.001,-0.040426,0.0001,0.00022948,0.10458,0.88075
17.083,0.02,144.4,4.3263,7.9845,0.001,-0.040865,0.0001,0.00022949,0.10468,0.88077
17.09,0.02,144.4,4.3276,7.9846,0.001,-0.040917,0.0001,0.0002295,0.10479,0.88079
17.097,0.02,144.41,4.3287,7.9847,0.001,-0.041056,0.0001,0.00022951,0.10489,0.88082
17.103,0.02,144.41,4.3298,7.9847,0.001,-0.041215,0.0001,0.00022952,0.105,0.88084
17.11,0.02,144.42,4.3308,7.9848,0.001,-0.041403,0.0001,0.00022953,0.10511,0.88086
17.117,0.02,144.42,4.3321,7.9849,0.001,-0.041575,0.0001,0.00022954,0.10521,0.88088
17.124,0.02,144.42,4.3334,7.9849,0.001,-0.04175,0.0001,0.00022955,0.10532,0.8809
17.131,0.02,144.43,4.3346,7.985,0.001,-0.041925,0.0001,0.00022956,0.10542,0.88093
17.138,0.02,144.43,4.3357,7.9851,0.001,-0.042418,0.0001,0.00022957,0.10553,0.88095
17.145,0.02,144.44,4.3367,7.9851,0.001,-0.042408,0.0001,0.00022958,0.10563,0.88097
17.151,0.02,144.44,4.3377,7.9852,0.001,-0.04262,0.0001,0.0002296,0.10574,0.88099
17.158,0.02,144.44,4.3386,7.9853,0.001,-0.042875,0.0001,0.00022961,0.10584,0.88102
17.165,0.02,144.45,4.3386,7.9853,0.001,-0.043155,0.0001,0.00022962,0.10595,0.88104
17.172,0.02,144.45,4.3386,7.9854,0.001,-0.043417,0.0001,0.00022963,0.10605,0.88106
17.179,0.02,144.45,4.3386,7.9854,0.001,-0.043684,0.0001,0.00022965,0.10616,0.88108
17.186,0.02,144.46,4.3387,7.9855,0.001,-0.044106,0.0001,0.00022966,0.10626,0.88111
17.193,0.02,144.46,4.3387,7.9855,0.001,-0.044164,0.0001,0.00022968,0.10637,0.88113
17.199,0.02,144.47,4.3387,7.9856,0.001,-0.044394,0.0001,0.00022969,0.10648,0.88115
17.206,0.02,144.47,4.3387,7.9856,0.001,-0.044649,0.0001,0.0002297,0.10658,0.88117
17.213,0.02,144.47,4.3387,7.9857,0.001,-0.044944,0.0001,0.00022972,0.10669,0.95079
17.22,0.02,144.48,4.3387,7.9857,0.001,-0.045342,0.0001,0.00022973,0.10679,0.95081
17.227,0.02,144.48,4.3387,7.9858,0.001,-0.045388,0.0001,0.00022975,0.1069,0.94914
17.234,0.02,144.49,4.3387,7.9858,0.001,-0.045536,0.0001,0.00022977,0.107,0.93973
17.241,0.02,144.49,4.3388,7.9859,0.001,-0.045709,0.0001,0.00022978,0.10711,0.93004
17.248,0.02,144.49,4.3388,7.986,0.001,-0.045921,0.0001,0.0002298,0.10722,0.92011
17.254,0.02,144.5,4.3388,7.9862,0.001,-0.046087,0.0001,0.00022981,0.10732,0.90999
17.261,0.02,144.5,4.3388,7.9863,0.001,-0.046013,0.0001,0.00022983,0.10743,0.89973
17.268,0.02,144.51,4.3388,7.9865,0.001,-0.045847,0.0001,0.00022985,0.10753,0.95096
17.275,0.02,144.51,4.3388,7.9866,0.001,-0.0457,0.0001,0.00022987,0.10764,0.95098
17.282,0.02,144.51,4.3388,7.9867,0.001,-0.045135,0.0001,0.00022988,0.10774,0.951
17.289,0.02,144.52,4.3388,7.9869,0.001,-0.044696,0.0001,0.0002299,0.10785,0.95102
17.296,0.02,144.52,4.3388,7.987,0.001,-0.044259,0.0001,0.00022992,0.10796,0.95104
17.303,0.02,144.53,4.3388,7.9872,0.001,-0.04384,0.0001,0.00022994,0.10806,0.95106
17.309,0.02,144.53,4.3388,7.9874,0.001,-0.043507,0.0001,0.00022996,0.10817,0.95108
17.316,0.02,144.54,4.3387,7.9875,0.001,-0.042813,0.0001,0.00022998,0.10827,0.9511
17.323,0.02,144.54,4.3387,7.9877,0.001,-0.042281,0.0001,0.00022999,0.10838,0.95112
17.33,0.02,144.54,4.3387,7.9879,0.001,-0.041769,0.0001,0.00023001,0.10848,0.95114
17.337,0.02,144.55,4.3386,7.9881,0.001,-0.041286,0.0001,0.00023003,0.10859,0.95116
17.344,0.02,144.55,4.3386,7.9883,0.001,-0.040786,0.0001,0.0002307,0.10869,0.95118
17.35,0.02,144.56,4.3385,7.9884,0.001,-0.040287,0.0001,0.00023148,0.1088,0.9512
17.357,0.02,144.56,4.3385,7.9886,0.001,-0.039787,0.0001,0.000233,0.1089,0.95122
17.364,0.02,144.57,4.3384,7.9888,0.001,-0.039399,0.0001,0.00023437,0.10901,0.95124
17.371,0.02,144.57,4.3383,7.989,0.001,-0.038813,0.0001,0.0002356,0.10911,0.95126
17.378,0.02,144.57,4.3383,7.9893,0.001,-0.038687,0.0001,0.00023754,0.10921,0.95128
17.384,0.02,144.58,4.3382,7.9895,0.001,-0.038813,0.0001,0.00023932,0.10932,0.9513
17.391,0.02,144.58,4.3381,7.9897,0.001,-0.038733,0.0001,0.00024093,0.10942,0.95132
17.398,0.02,144.59,4.3381,7.9899,0.001,-0.038877,0.0001,0.0002424,0.10953,0.95134
17.405,0.02,144.59,4.338,7.9901,0.001,-0.039091,0.0001,0.0002437,0.10963,0.95136
17.412,0.02,144.6,4.338,7.9903,0.001,-0.039369,0.0001,0.00024486,0.10974,0.95138
17.419,0.02,144.6,4.3379,7.9906,0.001,-0.039656,0.0001,0.00024587,0.10984,0.9514
17.425,0.02,144.61,4.3378,7.9908,0.001,-0.039962,0.0001,0.00024674,0.10995,0.95142
17.432,0.02,144.61,4.3378,7.991,0.001,-0.040277,0.0001,0.00024723,0.11005,0.95145
17.439,0.02,144.62,4.3377,7.9912,0.001,-0.040712,0.0001,0.00024732,0.11016,0.95147
17.446,0.02,144.62,4.3377,7.9914,0.001,-0.040798,0.0001,0.00024741,0.11026,0.95149
17.453,0.02,144.63,4.3376,7.9916,0.001,-0.041058,0.0001,0.00024751,0.11037,0.95151
17.459,0.02,144.63,4.3376,7.9916,0.001,-0.041369,0.0001,0.0002476,0.11047,0.95153
17.466,0.02,144.64,4.3376,7.991,0.001,-0.041724,0.0001,0.0002477,0.11058,0.95155
17.473,0.02,144.64,4.3375,7.9902,0.001,-0.04219,0.0001,0.00024779,0.11068,0.95158
17.48,0.02,144.65,4.3375,7.9894,0.001,-0.042313,0.0001,0.00024789,0.11079,0.9516
17.487,0.02,144.65,4.3374,7.9887,0.001,-0.042609,0.0001,0.00024799,0.1109,0.95162
17.494,0.02,144.65,4.3374,7.988,0.001,-0.041638,0.0001,0.00024809,0.111,0.95164
17.501,0.02,144.66,4.3374,7.9874,0.001,-0.041983,0.0001,0.00024818,0.11111,0.95167
17.507,0.02,144.66,4.3373,7.9868,0.001,-0.043632,0.0001,0.00024828,0.11121,0.95169
17.514,0.02,144.67,4.3373,7.986,0.001,-0.042767,0.0001,0.00024838,0.11132,0.95171
17.521,0.02,144.67,4.3373,7.9853,0.001,-0.042868,0.0001,0.00024848,0.11142,0.95174
17.528,0.02,144.68,4.3372,7.9845,0.001,-0.044488,0.0001,0.00024858,0.11153,0.95131
17.535,0.02,144.68,4.3372,7.9839,0.001,-0.043453,0.0001,0.00024868,0.11164,0.93387
17.542,0.02,144.69,4.3372,7.9833,0.001,-0.04516,0.0001,0.00024878,0.11174,0.91683
17.549,0.02,144.69,4.3372,7.9831,0.001,-0.045618,0.0001,0.00024888,0.11185,0.9002
17.556,0.02,144.69,4.3371,7.9831,0.001,-0.045151,0.0001,0.00024899,0.11195,0.88402
17.562,0.02,144.69,4.3371,7.9831,0.001,-0.046016,0.0001,0.00024909,0.11206,0.88252
17.569,0.02,144.69,4.3371,7.9831,0.001,-0.046332,0.0001,0.00024919,0.11216,0.88255
17.576,0.02,144.69,4.3371,7.9831,0.001,-0.046683,0.0001,0.0002493,0.11227,0.88258
17.583,0.02,144.69,4.3371,7.9831,0.001,-0.047025,0.0001,0.0002494,0.11238,0.95195
17.59,0.02,144.69,4.337,7.9832,0.001,-0.047482,0.0001,0.00024951,0.11248,0.95198
17.597,0.02,144.69,4.337,7.9832,0.001,-0.047587,0.0001,0.00024961,0.11259,0.94584
17.604,0.02,144.69,4.337,7.9832,0.001,-0.047872,0.0001,0.00024972,0.1127,0.93082
17.611,0.02,144.7,4.337,7.9832,0.001,-0.048182,0.0001,0.00024983,0.1128,0.91578
17.618,0.02,144.7,4.337,7.9832,0.001,-0.04853,0.0001,0.00024994,0.11291,0.9008
17.625,0.02,144.7,4.337,7.9832,0.001,-0.048871,0.0001,0.00025005,0.11301,0.88595
17.631,0.02,144.7,4.3369,7.9832,0.001,-0.049328,0.0001,0.00025015,0.11312,0.88282
17.638,0.02,144.7,4.3369,7.9832,0.001,-0.049433,0.0001,0.00025026,0.11323,0.88285
17.645,0.02,144.7,4.3369,7.9832,0.001,-0.049716,0.0001,0.00025038,0.11333,0.88288
17.652,0.02,144.7,4.3369,7.9832,0.001,-0.050022,0.0001,0.00025049,0.11344,0.8829
17.659,0.02,144.7,4.3369,7.9833,0.001,-0.050363,0.0001,0.0002506,0.11355,0.88293
17.666,0.02,144.7,4.3369,7.9833,0.001,-0.050693,0.0001,0.00025071,0.11365,0.88296
17.673,0.02,144.7,4.3369,7.9833,0.001,-0.051137,0.0001,0.00025082,0.11376,0.88299
17.68,0.02,144.71,4.3369,7.9833,0.001,-0.051229,0.0001,0.00025094,0.11387,0.88301
17.687,0.02,144.71,4.3369,7.9833,0.001,-0.051505,0.0001,0.00025069,0.11397,0.88304
17.694,0.02,144.71,4.3374,7.9833,0.001,-0.051915,0.0001,0.00024957,0.11408,0.88307
17.701,0.02,144.71,4.3382,7.9833,0.001,-0.052004,0.0001,0.00024848,0.11419,0.88309
17.708,0.02,144.71,4.339,7.9833,0.001,-0.052265,0.0001,0.00024744,0.1143,0.88312
17.715,0.02,144.71,4.3397,7.9833,0.001,-0.05256,0.0001,0.00024643,0.1144,0.88314
17.722,0.02,144.71,4.3404,7.9833,0.001,-0.052893,0.0001,0.00024565,0.11451,0.88317
17.729,0.02,144.71,4.3413,7.9833,0.001,-0.053221,0.0001,0.00024484,0.11462,0.88319
17.736,0.02,144.71,4.3421,7.9834,0.001,-0.053661,0.0001,0.00024397,0.11472,0.88322
17.742,0.02,144.71,4.3429,7.9834,0.001,-0.053744,0.0001,0.00024309,0.11483,0.88324
17.749,0.02,144.71,4.3436,7.9834,0.001,-0.05401,0.0001,0.00024223,0.11494,0.88326
17.756,0.02,144.72,4.3443,7.9834,0.001,-0.054302,0.0001,0.00024141,0.11505,0.88329
17.763,0.02,144.72,4.3449,7.9834,0.001,-0.054631,0.0001,0.00024061,0.11515,0.88331
17.77,0.02,144.72,4.3457,7.9834,0.001,-0.054952,0.0001,0.00023985,0.11526,0.88333
17.777,0.02,144.72,4.3465,7.9834,0.001,-0.055386,0.0001,0.00023911,0.11537,0.88336
17.784,0.02,144.72,4.3472,7.9834,0.001,-0.055464,0.0001,0.0002384,0.11548,0.88338
17.791,0.02,144.72,4.3479,7.9834,0.001,-0.05572,0.0001,0.00023772,0.11558,0.8834
17.798,0.02,144.72,4.3485,7.9834,0.001,-0.055987,0.0001,0.00023706,0.11569,0.88342
17.805,0.02,144.72,4.349,7.9834,0.001,-0.056285,0.0001,0.00023642,0.1158,0.88345
17.812,0.02,144.72,4.3498,7.9834,0.001,-0.056568,0.0001,0.00023581,0.11591,0.88347
17.819,0.02,144.72,4.3505,7.9835,0.001,-0.056945,0.0001,0.00023522,0.11601,0.88349
17.826,0.02,144.72,4.3511,7.9835,0.001,-0.056966,0.0001,0.00023466,0.11612,0.88351
17.833,0.02,144.73,4.3517,7.9835,0.001,-0.057177,0.0001,0.00023438,0.11623,0.88353
17.84,0.02,144.73,4.3525,7.9835,0.001,-0.057415,0.0001,0.00023446,0.11634,0.88355
17.847,0.02,144.73,4.3533,7.9835,0.001,-0.057789,0.0001,0.00023455,0.11645,0.88357
17.854,0.02,144.73,4.3532,7.9835,0.001,-0.057793,0.0001,0.00023464,0.11655,0.88359
17.861,0.02,144.73,4.353,7.9835,0.001,-0.057992,0.0001,0.00023473,0.11666,0.88361
17.868,0.02,144.73,4.3528,7.9835,0.001,-0.058346,0.0001,0.00023482,0.11676,0.88363
17.875,0.02,144.73,4.3526,7.9836,0.001,-0.058364,0.0001,0.00023491,0.11686,0.88365
17.882,0.02,144.73,4.3524,7.9836,0.001,-0.058555,0.0001,0.000235,0.11695,0.88367
17.889,0.02,144.73,4.3522,7.9836,0.001,-0.058785,0.0001,0.0002351,0.11704,0.88369
17.896,0.02,144.73,4.352,7.9836,0.001,-0.059058,0.0001,0.00023519,0.11714,0.88371
17.903,0.02,144.73,4.3518,7.9836,0.001,-0.059291,0.0001,0.00023528,0.11723,0.88373
17.91,0.02,144.74,4.3516,7.9836,0.001,-0.059456,0.0001,0.00023537,0.11732,0.88375
17.917,0.02,144.74,4.3515,7.9836,0.001,-0.05924,0.0001,0.00023546,0.11741,0.88377
17.924,0.02,144.74,4.3513,7.9837,0.001,-0.059215,0.0001,0.00023556,0.11751,0.88379
17.931,0.02,144.74,4.3511,7.9837,0.001,-0.059254,0.0001,0.00023565,0.1176,0.88381
17.939,0.02,144.74,4.3509,7.9837,0.001,-0.059274,0.0001,0.00023574,0.11769,0.88382
17.946,0.02,144.74,4.3507,7.9837,0.001,-0.059135,0.0001,0.00023584,0.11779,0.88384
17.953,0.02,144.74,4.3506,7.9837,0.001,-0.059078,0.0001,0.00023593,0.11788,0.88386
17.96,0.02,144.74,4.3504,7.9837,0.001,-0.058639,0.0001,0.00023603,0.11797,0.88388
17.967,0.02,144.74,4.3502,7.9838,0.001,-0.058382,0.0001,0.00023612,0.11807,0.88389
17.974,0.02,144.74,4.35,7.9838,0.001,-0.058147,0.0001,0.00023622,0.11816,0.88391
17.981,0.02,144.74,4.3498,7.9838,0.001,-0.058051,0.0001,0.00023631,0.11825,0.88393
17.988,0.02,144.74,4.3496,7.9839,0.001,-0.057588,0.0001,0.00023641,0.11834,0.88395
17.995,0.02,144.74,4.3493,7.9839,0.001,-0.057324,0.0001,0.0002365,0.11844,0.88396
18.002,0.02,144.74,4.3491,7.9839,0.001,-0.057099,0.0001,0.0002366,0.11853,0.88398
18.009,0.02,144.74,4.3489,7.984,0.001,-0.056755,0.0001,0.00023669,0.11862,0.884
18.016,0.02,144.74,4.3487,7.984,0.001,-0.055378,0.0001,0.00023679,0.11871,0.88402
18.023,0.02,144.74,4.3485,7.9841,0.001,-0.05498,0.0001,0.00023689,0.11881,0.88404
18.03,0.02,144.73,4.3482,7.9841,0.001,-0.054616,0.0001,0.00023699,0.1189,0.88405
18.037,0.02,144.73,4.348,7.9842,0.001,-0.054294,0.0001,0.00023708,0.11899,0.88407
18.044,0.02,144.73,4.3477,7.9842,0.001,-0.053966,0.0001,0.00023718,0.11908,0.88409
18.05,0.02,144.74,4.3475,7.9843,0.001,-0.053751,0.0001,0.00023728,0.11918,0.8841
18.057,0.02,144.74,4.3473,7.9844,0.001,-0.053187,0.0001,0.00023738,0.11927,0.88412
18.064,0.02,144.74,4.347,7.9844,0.001,-0.052806,0.0001,0.00023748,0.11936,0.88414
18.071,0.02,144.74,4.3468,7.9845,0.001,-0.052451,0.0001,0.00023758,0.11945,0.88416
18.078,0.02,144.74,4.3465,7.9846,0.001,-0.052233,0.0001,0.00023768,0.11954,0.88417
18.085,0.02,144.74,4.3463,7.9846,0.001,-0.051931,0.0001,0.00023778,0.11964,0.88419
18.092,0.02,144.74,4.346,7.9847,0.001,-0.052172,0.0001,0.00023788,0.11973,0.8842
18.099,0.02,144.74,4.3457,7.9848,0.001,-0.051867,0.0001,0.00023798,0.11982,0.88422
18.106,0.02,144.74,4.3455,7.9849,0.001,-0.051613,0.0001,0.00023808,0.11991,0.88424
18.113,0.02,144.74,4.3452,7.9849,0.001,-0.0513,0.0001,0.00023818,0.12,0.88425
18.12,0.02,144.75,4.345,7.985,0.001,-0.050956,0.0001,0.00023828,0.12009,0.88427
18.127,0.02,144.75,4.3447,7.9851,0.001,-0.050617,0.0001,0.00023838,0.12019,0.88429
18.134,0.02,144.75,4.3444,7.9852,0.001,-0.050283,0.0001,0.00023848,0.12028,0.8843
18.141,0.02,144.75,4.3442,7.9853,0.001,-0.049956,0.0001,0.00023858,0.12037,0.88432
18.148,0.02,144.75,4.3439,7.9854,0.001,-0.049636,0.0001,0.00023869,0.12046,0.88433
18.154,0.02,144.75,4.3436,7.9854,0.001,-0.049322,0.0001,0.00023879,0.12055,0.88435
18.161,0.02,144.75,4.3434,7.9855,0.001,-0.049008,0.0001,0.00023889,0.12064,0.88437
18.168,0.02,144.75,4.3431,7.9856,0.001,-0.048694,0.0001,0.000239,0.12073,0.88438
18.175,0.02,144.76,4.3428,7.9857,0.001,-0.048378,0.0001,0.0002391,0.12083,0.8844
18.182,0.02,144.76,4.3425,7.9858,0.001,-0.04806,0.0001,0.00023921,0.12092,0.88441
18.189,0.02,144.76,4.3423,7.9859,0.001,-0.047742,0.0001,0.00023931,0.12101,0.88443
18.196,0.02,144.76,4.342,7.986,0.001,-0.047423,0.0001,0.00023942,0.1211,0.88444
18.203,0.02,144.76,4.3417,7.9861,0.001,-0.047104,0.0001,0.00023952,0.12119,0.88446
18.209,0.02,144.76,4.3415,7.9864,0.001,-0.046784,0.0001,0.00023963,0.12128,0.88447
18.216,0.02,144.76,4.3412,7.9867,0.001,-0.046464,0.0001,0.00023974,0.12137,0.88449
18.223,0.02,144.76,4.3409,7.987,0.001,-0.046143,0.0001,0.00023985,0.12146,0.8845
18.23,0.02,144.76,4.3406,7.9873,0.001,-0.045822,0.0001,0.00023996,0.12155,0.88452
18.237,0.02,144.77,4.3404,7.9876,0.001,-0.0455,0.0001,0.00024007,0.12164,0.88453
18.244,0.02,144.77,4.3401,7.9879,0.001,-0.045178,0.0001,0.00024018,0.12173,0.88454
18.251,0.02,144.77,4.3398,7.9882,0.001,-0.044855,0.0001,0.00024029,0.12183,0.88456
18.257,0.02,144.77,4.3396,7.9885,0.001,-0.044531,0.0001,0.00024041,0.12192,0.88457
18.264,0.02,144.77,4.3393,7.9888,0.001,-0.044287,0.0001,0.00024052,0.12201,0.88458
18.271,0.02,144.77,4.339,7.9891,0.001,-0.043573,0.0001,0.00024064,0.1221,0.8846
18.278,0.02,144.77,4.3387,7.9894,0.001,-0.04319,0.0001,0.00024076,0.12219,0.88461
18.285,0.02,144.77,4.3385,7.9897,0.001,-0.042865,0.0001,0.00024088,0.12228,0.88462
18.292,0.02,144.77,4.3382,7.99,0.001,-0.042431,0.0001,0.000241,0.12237,0.88463
18.298,0.02,144.78,4.3379,7.9902,0.001,-0.041989,0.0001,0.00024112,0.12246,0.88465
18.305,0.02,144.78,4.3376,7.9905,0.001,-0.041503,0.0001,0.00024124,0.12255,0.88466
18.312,0.02,144.78,4.3374,7.9908,0.001,-0.040737,0.0001,0.00024136,0.12264,0.88467
18.319,0.02,144.78,4.3371,7.9911,0.001,-0.040237,0.0001,0.00024149,0.12273,0.88468
18.326,0.02,144.78,4.3368,7.9914,0.001,-0.040073,0.0001,0.00024162,0.12282,0.88469
18.332,0.02,144.78,4.3365,7.9917,0.001,-0.040031,0.0001,0.00024175,0.12291,0.8847
18.339,0.02,144.78,4.3363,7.992,0.001,-0.040087,0.0001,0.00024188,0.123,0.88471
18.346,0.02,144.78,4.336,7.9923,0.001,-0.040204,0.0001,0.00024201,0.12309,0.88473
18.353,0.02,144.78,4.3358,7.9926,0.001,-0.040365,0.0001,0.00024214,0.12318,0.88474
18.36,0.02,144.79,4.3357,7.9928,0.001,-0.040626,0.0001,0.00024228,0.12327,0.88475
18.366,0.02,144.79,4.3357,7.9931,0.001,-0.041053,0.0001,0.00024242,0.12336,0.88476
18.373,0.02,144.79,4.3356,7.9934,0.001,-0.04149,0.0001,0.00024256,0.12345,0.88477
18.38,0.02,144.79,4.3356,7.9936,0.001,-0.041924,0.0001,0.0002427,0.12354,0.88478
18.387,0.02,144.79,4.3355,7.9939,0.001,-0.042364,0.0001,0.00024284,0.12363,0.88479
18.394,0.02,144.79,4.3355,7.9941,0.001,-0.042804,0.0001,0.00024299,0.12372,0.8848
18.4,0.02,144.79,4.3355,7.9944,0.001,-0.043248,0.0001,0.00024314,0.12381,0.88481
18.407,0.02,144.79,4.3355,7.9946,0.001,-0.043693,0.0001,0.00024328,0.1239,0.88482
18.414,0.02,144.79,4.3354,7.9948,0.001,-0.04414,0.0001,0.00024344,0.12399,0.88484
18.421,0.02,144.79,4.3354,7.9951,0.001,-0.044588,0.0001,0.00024359,0.12408,0.88485
18.428,0.02,144.8,4.3354,7.9953,0.001,-0.045039,0.0001,0.00024374,0.12417,0.88486
18.435,0.02,144.8,4.3354,7.9955,0.001,-0.045492,0.0001,0.0002439,0.12426,0.88487
18.441,0.02,144.8,4.3354,7.9957,0.001,-0.045947,0.0001,0.00024406,0.12436,0.88488
18.448,0.02,144.8,4.3354,7.996,0.001,-0.046404,0.0001,0.00024422,0.12445,0.88489
18.455,0.02,144.8,4.3354,7.9962,0.001,-0.046864,0.0001,0.00024438,0.12454,0.8849
18.462,0.02,144.8,4.3354,7.9964,0.001,-0.047322,0.0001,0.00024455,0.12463,0.88491
18.469,0.02,144.8,4.3354,7.9966,0.001,-0.04777,0.0001,0.00024472,0.12472,0.88492
18.476,0.02,144.8,4.3354,7.9968,0.001,-0.048211,0.0001,0.00024489,0.12481,0.88493
18.483,0.02,144.8,4.3354,7.9968,0.001,-0.048651,0.0001,0.00024506,0.1249,0.88494
18.489,0.02,144.8,4.3354,7.9968,0.001,-0.049093,0.0001,0.00024523,0.12499,0.88495
18.496,0.02,144.81,4.3354,7.9968,0.001,-0.04954,0.0001,0.00024541,0.12508,0.88496
18.503,0.02,144.81,4.3354,7.9968,0.001,-0.05011,0.0001,0.00024558,0.12517,0.88497
18.51,0.02,144.81,4.3354,7.9968,0.001,-0.050562,0.0001,0.00024576,0.12526,0.88497
18.517,0.02,144.81,4.3354,7.9968,0.001,-0.050947,0.0001,0.00024595,0.12536,0.88498
18.524,0.02,144.81,4.3354,7.9968,0.001,-0.051315,0.0001,0.00024613,0.12545,0.88499
18.531,0.02,144.81,4.3355,7.9968,0.001,-0.051686,0.0001,0.00024632,0.12554,0.885
18.538,0.02,144.81,4.3355,7.9968,0.001,-0.052065,0.0001,0.00024651,0.12563,0.88501
18.544,0.02,144.81,4.3355,7.9967,0.001,-0.0523,0.0001,0.0002467,0.12572,0.88502
18.551,0.02,144.81,4.3355,7.9967,0.001,-0.052554,0.0001,0.00024689,0.12581,0.88503
18.558,0.02,144.81,4.3355,7.9967,0.001,-0.052823,0.0001,0.00024708,0.1259,0.88503
18.565,0.02,144.82,4.3356,7.9967,0.001,-0.053099,0.0001,0.00024728,0.126,0.88504
18.572,0.02,144.82,4.3356,7.9966,0.001,-0.053382,0.0001,0.00024748,0.12609,0.88505
18.579,0.02,144.82,4.3356,7.9966,0.001,-0.05367,0.0001,0.00024768,0.12618,0.88506
18.586,0.02,144.82,4.3356,7.9966,0.001,-0.053964,0.0001,0.00024789,0.12627,0.88507
18.593,0.02,144.82,4.3356,7.9965,0.001,-0.054264,0.0001,0.00024809,0.12636,0.88508
18.6,0.02,144.82,4.3357,7.9965,0.001,-0.054567,0.0001,0.0002483,0.12645,0.88508
18.607,0.02,144.82,4.3357,7.9964,0.001,-0.054875,0.0001,0.00024851,0.12654,0.88509
18.613,0.02,144.82,4.3357,7.9964,0.001,-0.055187,0.0001,0.00024872,0.12664,0.8851
18.62,0.02,144.82,4.3357,7.9963,0.001,-0.055503,0.0001,0.00024894,0.12673,0.88511
18.627,0.02,144.82,4.3357,7.9963,0.001,-0.055823,0.0001,0.00024916,0.12682,0.88511
18.634,0.02,144.83,4.3357,7.9962,0.001,-0.056145,0.0001,0.00024938,0.12691,0.88512
18.641,0.02,144.83,4.3358,7.9962,0.001,-0.05647,0.0001,0.0002496,0.127,0.88513
18.648,0.02,144.83,4.3358,7.9961,0.001,-0.056798,0.0001,0.00024982,0.1271,0.88514
18.655,0.02,144.83,4.3358,7.9961,0.001,-0.05713,0.0001,0.00025005,0.12719,0.88514
18.662,0.02,144.83,4.3358,7.996,0.001,-0.057467,0.0001,0.00025028,0.12728,0.88515
18.669,0.02,144.83,4.3358,7.9959,0.001,-0.057807,0.0001,0.00025051,0.12737,0.88516
18.676,0.02,144.83,4.3358,7.9959,0.001,-0.05815,0.0001,0.00025075,0.12746,0.88517
18.683,0.02,144.83,4.3358,7.9958,0.001,-0.058503,0.0001,0.00025098,0.12756,0.88517
18.69,0.02,144.83,4.3359,7.9957,0.001,-0.058729,0.0001,0.00025122,0.12765,0.88518
18.697,0.02,144.83,4.3359,7.9956,0.001,-0.058721,0.0001,0.00025146,0.12774,0.88519
18.704,0.02,144.84,4.3359,7.9956,0.001,-0.05862,0.0001,0.00025171,0.12783,0.88519
18.711,0.02,144.84,4.3359,7.9955,0.001,-0.058469,0.0001,0.00025196,0.12792,0.8844
18.717,0.02,144.84,4.3359,7.9954,0.001,-0.058275,0.0001,0.0002522,0.12802,0.8696
18.724,0.02,144.84,4.3358,7.9953,0.001,-0.058049,0.0001,0.00025246,0.12811,0.88521
18.731,0.02,144.84,4.3358,7.9953,0.001,-0.057794,0.0001,0.00025271,0.1282,0.88522
18.738,0.02,144.84,4.3358,7.9952,0.001,-0.057521,0.0001,0.00025297,0.12829,0.88522
18.745,0.02,144.84,4.3358,7.9951,0.001,-0.057237,0.0001,0.00025322,0.12838,0.88523
18.752,0.02,144.84,4.3357,7.9951,0.001,-0.056944,0.0001,0.00025349,0.12847,0.88523
18.759,0.02,144.84,4.3357,7.995,0.001,-0.056643,0.0001,0.00025375,0.12857,0.88524
18.766,0.02,144.84,4.3357,7.995,0.001,-0.056333,0.0001,0.00025402,0.12866,0.88524
18.773,0.02,144.84,4.3356,7.9949,0.001,-0.056017,0.0001,0.00025428,0.12875,0.87191
18.78,0.02,144.85,4.3356,7.9949,0.001,-0.055693,0.0001,0.00025456,0.12884,0.85877
18.787,0.02,144.85,4.3355,7.9948,0.001,-0.055363,0.0001,0.00025483,0.12893,0.85878
18.793,0.02,144.85,4.3354,7.9948,0.001,-0.055027,0.0001,0.00025511,0.12902,0.85879
18.8,0.02,144.85,4.3354,7.9947,0.001,-0.054686,0.0001,0.00025539,0.12911,0.8588
18.807,0.02,144.85,4.3353,7.9947,0.001,-0.05434,0.0001,0.00025567,0.1292,0.85881
18.814,0.02,144.85,4.3352,7.9947,0.001,-0.053989,0.0001,0.00025596,0.1293,0.85882
18.821,0.02,144.85,4.3351,7.9946,0.001,-0.053634,0.0001,0.00025625,0.12939,0.85882
18.828,0.02,144.85,4.335,7.9946,0.001,-0.053275,0.0001,0.00025654,0.12948,0.85883
18.835,0.02,144.85,4.335,7.9946,0.001,-0.052913,0.0001,0.00025683,0.12957,0.85884
18.841,0.02,144.85,4.3349,7.9945,0.001,-0.052547,0.0001,0.00025713,0.12966,0.85885
18.848,0.02,144.85,4.3348,7.9945,0.001,-0.052179,0.0001,0.00025642,0.12975,0.85886
18.855,0.02,144.86,4.3347,7.9945,0.001,-0.051808,0.0001,0.00025497,0.12984,0.85887
18.862,0.02,144.86,4.3346,7.9944,0.001,-0.051434,0.0001,0.00025357,0.12993,0.85888
18.869,0.02,144.86,4.3344,7.9944,0.001,-0.051058,0.0001,0.00025221,0.13002,0.85889
18.876,0.02,144.86,4.3343,7.9944,0.001,-0.05068,0.0001,0.00025127,0.13011,0.8589
18.882,0.02,144.86,4.3342,7.9944,0.001,-0.050299,0.0001,0.0002503,0.1302,0.85891
18.889,0.02,144.86,4.3341,7.9944,0.001,-0.049917,0.0001,0.0002493,0.13029,0.85892
18.896,0.02,144.86,4.334,7.9943,0.001,-0.049533,0.0001,0.00024827,0.13038,0.85892
18.903,0.02,144.86,4.3338,7.9943,0.001,-0.049148,0.0001,0.00024721,0.13047,0.85893
18.91,0.02,144.86,4.3337,7.9943,0.001,-0.048761,0.0001,0.00024612,0.13056,0.85894
18.916,0.02,144.86,4.3336,7.9943,0.001,-0.048372,0.0001,0.00024502,0.13065,0.85895
18.923,0.02,144.86,4.3334,7.9943,0.001,-0.047981,0.0001,0.00024397,0.13074,0.85896
18.93,0.02,144.87,4.3333,7.9943,0.001,-0.047589,0.0001,0.00024295,0.13083,0.85897
18.937,0.02,144.87,4.3332,7.9943,0.001,-0.047196,0.0001,0.00024196,0.13092,0.85898
18.943,0.02,144.87,4.333,7.9943,0.001,-0.046802,0.0001,0.00024101,0.13101,0.85899
18.95,0.02,144.87,4.3329,7.9943,0.001,-0.046408,0.0001,0.0002401,0.1311,0.859
18.957,0.02,144.87,4.3327,7.9943,0.001,-0.046013,0.0001,0.00023921,0.13119,0.85901
18.964,0.02,144.87,4.3326,7.9943,0.001,-0.045618,0.0001,0.00023836,0.13128,0.85901
18.97,0.02,144.87,4.3324,7.9943,0.001,-0.045222,0.0001,0.00023754,0.13137,0.85902
18.977,0.02,144.87,4.3323,7.9943,0.001,-0.044826,0.0001,0.00023688,0.13146,0.85903
18.984,0.02,144.87,4.3321,7.9943,0.001,-0.044431,0.0001,0.00023696,0.13155,0.85904
18.991,0.02,144.87,4.332,7.9943,0.001,-0.044036,0.0001,0.00023704,0.13164,0.85905
18.997,0.02,144.87,4.3318,7.9943,0.001,-0.043641,0.0001,0.00023712,0.13172,0.85906
19.004,0.02,144.88,4.3316,7.9943,0.001,-0.043363,0.0001,0.0002372,0.13181,0.85907
19.011,0.02,144.88,4.3315,7.9943,0.001,-0.043008,0.0001,0.00023728,0.1319,0.85908
19.017,0.02,144.88,4.3313,7.9944,0.001,-0.042603,0.0001,0.00023736,0.13199,0.85909
19.024,0.02,144.88,4.3311,7.9944,0.001,-0.042174,0.0001,0.00023744,0.13208,0.85909
19.031,0.02,144.88,4.3309,7.9944,0.001,-0.041724,0.0001,0.00023752,0.13217,0.8591
19.037,0.02,144.88,4.3308,7.9944,0.001,-0.041263,0.0001,0.0002376,0.13226,0.85911
19.044,0.02,144.88,4.3306,7.9944,0.001,-0.040793,0.0001,0.00023768,0.13234,0.85912
19.051,0.02,144.88,4.3304,7.9944,0.001,-0.040333,0.0001,0.00023776,0.13243,0.85913
19.057,0.02,144.88,4.3302,7.9945,0.001,-0.039879,0.0001,0.00023784,0.13252,0.85913
19.064,0.02,144.88,4.3301,7.9945,0.001,-0.03943,0.0001,0.00023792,0.13261,0.85914
19.071,0.02,144.89,4.3299,7.9945,0.001,-0.038981,0.0001,0.000238,0.1327,0.85915
19.077,0.02,144.89,4.3297,7.9945,0.001,-0.038327,0.0001,0.00023808,0.13278,0.85916
19.084,0.02,144.89,4.3295,7.9946,0.001,-0.037617,0.0001,0.00023816,0.13287,0.85917
19.091,0.02,144.89,4.3293,7.9946,0.001,-0.037303,0.0001,0.00023824,0.13296,0.85917
19.097,0.02,144.89,4.3291,7.9947,0.001,-0.037214,0.0001,0.00023833,0.13305,0.85918
19.104,0.02,144.89,4.3289,7.9947,0.001,-0.037245,0.0001,0.00023841,0.13314,0.85919
19.111,0.02,144.89,4.3288,7.9947,0.001,-0.037373,0.0001,0.00023849,0.13322,0.8592
19.117,0.02,144.89,4.3286,7.9948,0.001,-0.037566,0.0001,0.00023857,0.13331,0.85921
19.124,0.02,144.89,4.3284,7.9948,0.001,-0.037921,0.0001,0.00023866,0.1334,0.85921
19.13,0.02,144.89,4.3282,7.9948,0.001,-0.038226,0.0001,0.00023874,0.13349,0.85922
19.137,0.02,144.89,4.3281,7.9948,0.001,-0.038499,0.0001,0.00023882,0.13358,0.85923
19.144,0.02,144.89,4.3279,7.9949,0.001,-0.038757,0.0001,0.00023891,0.13367,0.85923
19.15,0.02,144.9,4.3277,7.9949,0.001,-0.039006,0.0001,0.00023899,0.13375,0.85924
19.157,0.02,144.9,4.3276,7.9949,0.001,-0.03925,0.0001,0.00023908,0.13384,0.85925
19.164,0.02,144.9,4.3274,7.9949,0.001,-0.039499,0.0001,0.00023916,0.13393,0.85926
19.17,0.02,144.9,4.3273,7.9949,0.001,-0.039718,0.0001,0.00023924,0.13402,0.85926
19.177,0.02,144.9,4.3271,7.9949,0.001,-0.039916,0.0001,0.00023933,0.13411,0.85927
19.184,0.02,144.9,4.3269,7.9951,0.001,-0.040115,0.0001,0.00023942,0.13419,0.85927
19.19,0.02,144.9,4.3268,7.9952,0.001,-0.040315,0.0001,0.0002395,0.13428,0.85928
19.197,0.02,144.9,4.3267,7.9954,0.001,-0.040516,0.0001,0.00023959,0.13437,0.85929
19.204,0.02,144.91,4.3265,7.9955,0.001,-0.040718,0.0001,0.00023967,0.13446,0.85929
19.21,0.02,144.91,4.3264,7.9957,0.001,-0.04092,0.0001,0.00023976,0.13455,0.8593
19.217,0.02,144.91,4.3262,7.9958,0.001,-0.041124,0.0001,0.00023984,0.13464,0.8593
19.224,0.02,144.91,4.3261,7.9959,0.001,-0.041328,0.0001,0.00023993,0.13473,0.85931
19.23,0.02,144.91,4.3259,7.9961,0.001,-0.041533,0.0001,0.00024002,0.13481,0.85931
19.237,0.02,144.91,4.3258,7.9962,0.001,-0.041738,0.0001,0.00024011,0.1349,0.85932
19.244,0.02,144.91,4.3257,7.9963,0.001,-0.041945,0.0001,0.00024019,0.13499,0.85932
19.25,0.02,144.91,4.3255,7.9965,0.001,-0.042152,0.0001,0.00024028,0.13508,0.85933
19.257,0.02,144.92,4.3254,7.9966,0.001,-0.042279,0.0001,0.00024037,0.13517,0.85933
19.264,0.02,144.92,4.3253,7.9967,0.001,-0.042178,0.0001,0.00024046,0.13526,0.85934
19.27,0.02,144.92,4.3252,7.9968,0.001,-0.041977,0.0001,0.00024055,0.13535,0.85934
19.277,0.02,144.92,4.325,7.9969,0.001,-0.041737,0.0001,0.00024063,0.13543,0.85934
19.284,0.02,144.92,4.3249,7.997,0.001,-0.041461,0.0001,0.00024072,0.13552,0.85935
19.29,0.02,144.92,4.3246,7.9972,0.001,-0.041159,0.0001,0.00024081,0.13561,0.85935
19.297,0.02,144.92,4.3241,7.9973,0.001,-0.040844,0.0001,0.0002409,0.1357,0.85935
19.304,0.02,144.92,4.3236,7.9974,0.001,-0.040518,0.0001,0.00024099,0.13579,0.85935
19.31,0.02,144.93,4.3231,7.9976,0.001,-0.040188,0.0001,0.00024108,0.13587,0.85936
19.317,0.02,144.93,4.3226,7.9977,0.001,-0.039854,0.0001,0.00024117,0.13596,0.85936
19.324,0.02,144.93,4.3222,7.9979,0.001,-0.039518,0.0001,0.00024126,0.13605,0.85936
19.33,0.02,144.93,4.3217,7.998,0.001,-0.039181,0.0001,0.00024135,0.13614,0.85936
19.337,0.02,144.93,4.3212,7.9982,0.001,-0.038843,0.0001,0.00024144,0.13623,0.85937
19.343,0.02,144.93,4.3207,7.9984,0.001,-0.038504,0.0001,0.00024153,0.13631,0.85937
19.35,0.02,144.93,4.3203,7.9985,0.001,-0.038165,0.0001,0.00024162,0.1364,0.85937
19.357,0.02,144.93,4.3198,7.9987,0.001,-0.037825,0.0001,0.00024172,0.13649,0.85937
19.363,0.02,144.94,4.3193,7.9989,0.001,-0.037485,0.0001,0.00024181,0.13658,0.85938
19.37,0.02,144.94,4.3189,7.999,0.001,-0.037144,0.0001,0.0002419,0.13666,0.85938
19.376,0.02,144.94,4.3184,7.9992,0.001,-0.036803,0.0001,0.00024199,0.13675,0.85938
19.383,0.02,144.94,4.318,7.9994,0.001,-0.036462,0.0001,0.00024208,0.13684,0.85938
19.39,0.02,144.94,4.3175,7.9996,0.001,-0.036121,0.0001,0.00024218,0.13693,0.85939
19.396,0.02,144.94,4.3171,7.9997,0.001,-0.035779,0.0001,0.00024227,0.13701,0.85939
19.403,0.02,144.94,4.3166,7.9999,0.001,-0.035437,0.0001,0.00024236,0.1371,0.85939
19.409,0.02,144.95,4.3162,8.0001,0.001,-0.035094,0.0001,0.00024246,0.13719,0.8594
19.416,0.02,144.95,4.3157,8.0003,0.001,-0.034751,0.0001,0.00024255,0.13728,0.8594
19.422,0.02,144.95,4.3153,8.0004,0.001,-0.034407,0.0001,0.00024265,0.13736,0.8594
19.429,0.02,144.95,4.3149,8.0006,0.001,-0.034062,0.0001,0.00024274,0.13745,0.85941
19.436,0.02,144.95,4.3145,8.0008,0.001,-0.033689,0.0001,0.00024284,0.13754,0.85941
19.442,0.02,144.95,4.314,8.001,0.001,-0.033187,0.0001,0.00024293,0.13762,0.85941
19.449,0.02,144.95,4.3136,8.0012,0.001,-0.032694,0.0001,0.00024303,0.13771,0.85942
19.455,0.02,144.95,4.3132,8.0014,0.001,-0.032206,0.0001,0.00024312,0.1378,0.85942
19.462,0.02,144.96,4.3128,8.0015,0.001,-0.031721,0.0001,0.00024322,0.13788,0.85942
19.468,0.02,144.96,4.3123,8.0017,0.001,-0.031299,0.0001,0.00024331,0.13797,0.85943
19.475,0.02,144.96,4.3119,8.0019,0.001,-0.030882,0.0001,0.00024341,0.13806,0.85943
19.481,0.02,144.96,4.3115,8.0021,0.001,-0.03041,0.0001,0.00024351,0.13814,0.85944
19.488,0.02,144.96,4.3111,8.0023,0.001,-0.029936,0.0001,0.0002436,0.13823,0.85944
19.494,0.02,144.97,4.3107,8.0025,0.001,-0.029452,0.0001,0.0002437,0.13832,0.85944
19.501,0.02,144.97,4.3103,8.0027,0.001,-0.028967,0.0001,0.0002438,0.1384,0.85945
19.507,0.02,144.97,4.3099,8.0029,0.001,-0.028475,0.0001,0.0002439,0.13849,0.85945
19.514,0.02,144.98,4.3097,8.003,0.001,-0.02798,0.0001,0.00024399,0.13857,0.85945
19.52,0.02,144.98,4.3096,8.0032,0.001,-0.027479,0.0001,0.00024409,0.13866,0.85946
19.527,0.02,144.98,4.3095,8.0034,0.001,-0.026975,0.0001,0.00024419,0.13875,0.85946
19.533,0.02,144.99,4.3094,8.0036,0.001,-0.026466,0.0001,0.00024429,0.13883,0.85947
19.54,0.02,144.99,4.3093,8.0038,0.001,-0.025953,0.0001,0.00024439,0.13892,0.85947
19.546,0.02,145,4.3092,8.004,0.001,-0.025437,0.0001,0.00024449,0.139,0.85947
19.553,0.02,145,4.3091,8.0042,0.001,-0.02492,0.0001,0.00024459,0.13909,0.85948
19.559,0.02,145,4.309,8.0044,0.001,-0.024396,0.0001,0.00024469,0.13918,0.85948
19.566,0.02,145.01,4.3089,8.0046,0.001,-0.023866,0.0001,0.00024478,0.13926,0.85948
19.572,0.02,145.01,4.3088,8.0048,0.001,-0.02334,0.0001,0.00024488,0.13935,0.85949
19.579,0.02,145.02,4.3087,8.005,0.001,-0.022821,0.0001,0.00024498,0.13943,0.85949
19.585,0.02,145.02,4.3086,8.0052,0.001,-0.022307,0.0001,0.00024509,0.13952,0.85949
19.591,0.02,145.03,4.3084,8.0054,0.001,-0.021797,0.0001,0.00024519,0.1396,0.8595
19.598,0.02,145.03,4.3083,8.0056,0.001,-0.02129,0.0001,0.00024529,0.13969,0.8595
19.604,0.02,145.03,4.3082,8.0058,0.001,-0.020786,0.0001,0.00024539,0.13977,0.85951
19.611,0.02,145.04,4.3081,8.006,0.001,-0.020282,0.0001,0.00024549,0.13986,0.85951
19.617,0.02,145.04,4.308,8.0062,0.001,-0.01978,0.0001,0.00024559,0.13994,0.85951
19.624,0.02,145.05,4.3079,8.0064,0.001,-0.019277,0.0001,0.00024569,0.14003,0.85952
19.63,0.02,145.05,4.3078,8.0066,0.001,-0.018773,0.0001,0.00024579,0.14011,0.85952
19.636,0.02,145.06,4.3077,8.0069,0.001,-0.0183,0.0001,0.0002459,0.1402,0.85953
19.643,0.02,145.06,4.3076,8.0071,0.001,-0.017817,0.0001,0.000246,0.14028,0.85953
19.649,0.02,145.06,4.3075,8.0073,0.001,-0.017326,0.0001,0.0002461,0.14037,0.85954
19.656,0.02,145.07,4.3074,8.0075,0.001,-0.016814,0.0001,0.00024621,0.14045,0.85954
19.662,0.02,145.07,4.3073,8.0077,0.001,-0.016302,0.0001,0.00024631,0.14054,0.85954
19.668,0.02,145.08,4.3072,8.008,0.001,-0.015809,0.0001,0.00024642,0.14062,0.85955
19.675,0.02,145.08,4.3071,8.0082,0.001,-0.015316,0.0001,0.00024652,0.14071,0.85955
19.681,0.02,145.09,4.3071,8.0084,0.001,-0.014807,0.0001,0.00024663,0.14079,0.85956
19.687,0.02,145.09,4.307,8.0086,0.001,-0.014283,0.0001,0.00024673,0.14088,0.85956
19.694,0.02,145.1,4.3069,8.0089,0.001,-0.013751,0.0001,0.00024684,0.14096,0.85957
19.7,0.02,145.1,4.3068,8.0091,0.001,-0.013218,0.0001,0.00024695,0.14104,0.85957
19.707,0.02,145.1,4.3067,8.0093,0.001,-0.012684,0.0001,0.00024706,0.14113,0.85958
19.713,0.02,145.11,4.3066,8.0096,0.001,-0.012151,0.0001,0.00024717,0.14121,0.85958
19.719,0.02,145.11,4.3065,8.0098,0.001,-0.011589,0.0001,0.00024728,0.1413,0.85959
19.726,0.02,145.12,4.3064,8.01,0.001,-0.010962,0.0001,0.00024739,0.14138,0.85959
19.732,0.02,145.12,4.3063,8.0103,0.001,-0.010307,0.0001,0.0002475,0.14146,0.8596
19.738,0.02,145.13,4.3062,8.0105,0.001,-0.0097012,0.0001,0.00024762,0.14155,0.8596
19.745,0.02,145.13,4.3062,8.0107,0.001,-0.0091875,0.0001,0.00024773,0.14163,0.85961
19.751,0.02,145.14,4.3061,8.0111,0.001,-0.0089265,0.0001,0.00024785,0.14172,0.85961
19.757,0.02,145.14,4.306,8.0115,0.001,-0.0089229,0.0001,0.00024796,0.1418,0.85962
19.764,0.02,145.14,4.3059,8.0119,0.001,-0.0090173,0.0001,0.00024808,0.14188,0.85963
19.77,0.02,145.15,4.3058,8.0123,0.001,-0.0092063,0.0001,0.0002482,0.14197,0.85963
19.776,0.02,145.15,4.3057,8.0127,0.001,-0.0094622,0.0001,0.00024832,0.14205,0.85964
19.783,0.02,145.16,4.3057,8.0131,0.001,-0.0097678,0.0001,0.00024844,0.14214,0.85965
19.789,0.02,145.16,4.3056,8.0135,0.001,-0.010108,0.0001,0.00024856,0.14222,0.85965
19.795,0.02,145.17,4.3055,8.0139,0.001,-0.010473,0.0001,0.00024868,0.1423,0.85966
19.802,0.02,145.17,4.3054,8.0143,0.001,-0.010856,0.0001,0.00024881,0.14239,0.85967
19.808,0.02,145.18,4.3053,8.0147,0.001,-0.011252,0.0001,0.00024893,0.14247,0.85967
19.814,0.02,145.18,4.3053,8.0151,0.001,-0.011657,0.0001,0.00024906,0.14256,0.85968
19.821,0.02,145.19,4.3052,8.0155,0.001,-0.012068,0.0001,0.00024919,0.14264,0.85969
19.827,0.02,145.19,4.3051,8.0159,0.001,-0.012485,0.0001,0.00024932,0.14273,0.85969
19.833,0.02,145.2,4.3051,8.0163,0.001,-0.012906,0.0001,0.00024945,0.14281,0.8597
19.84,0.02,145.2,4.305,8.0167,0.001,-0.01333,0.0001,0.00024958,0.14289,0.85971
19.846,0.02,145.21,4.3049,8.0171,0.001,-0.013758,0.0001,0.00024971,0.14298,0.85971
19.852,0.02,145.21,4.3049,8.0175,0.001,-0.014188,0.0001,0.00024985,0.14306,0.85972
19.859,0.02,145.22,4.3048,8.0178,0.001,-0.014619,0.0001,0.00024998,0.14315,0.85973
19.865,0.02,145.23,4.3047,8.0182,0.001,-0.015051,0.0001,0.00025012,0.14323,0.85974
19.871,0.02,145.23,4.3047,8.0186,0.001,-0.015485,0.0001,0.00025026,0.14332,0.85974
19.878,0.02,145.24,4.3046,8.019,0.001,-0.015919,0.0001,0.0002504,0.1434,0.85975
19.884,0.02,145.24,4.3046,8.0194,0.001,-0.016353,0.0001,0.00025054,0.14349,0.85976
19.891,0.02,145.25,4.3045,8.0198,0.001,-0.016788,0.0001,0.00025068,0.14357,0.85977
19.897,0.02,145.25,4.3044,8.0201,0.001,-0.017223,0.0001,0.00025083,0.14365,0.85978
19.903,0.02,145.26,4.3044,8.0205,0.001,-0.017651,0.0001,0.00025097,0.14374,0.85978
19.91,0.02,145.26,4.3043,8.0209,0.001,-0.018043,0.0001,0.00025112,0.14382,0.85979
19.916,0.02,145.27,4.3043,8.0213,0.001,-0.018437,0.0001,0.00025127,0.14391,0.8598
19.922,0.02,145.28,4.3042,8.0217,0.001,-0.018849,0.0001,0.00025142,0.14399,0.85981
19.929,0.02,145.28,4.3042,8.0221,0.001,-0.019303,0.0001,0.00025157,0.14408,0.85982
19.935,0.02,145.29,4.3041,8.0225,0.001,-0.01975,0.0001,0.00025172,0.14416,0.85983
19.942,0.02,145.29,4.3041,8.0229,0.001,-0.020167,0.0001,0.00025188,0.14425,0.85984
19.948,0.02,145.3,4.3041,8.0233,0.001,-0.020576,0.0001,0.00025204,0.14433,0.85985
19.954,0.02,145.31,4.304,8.0237,0.001,-0.020999,0.0001,0.00025219,0.14442,0.85985
19.961,0.02,145.31,4.304,8.0241,0.001,-0.021438,0.0001,0.00025235,0.1445,0.85986
19.967,0.02,145.32,4.3039,8.0245,0.001,-0.021884,0.0001,0.00025251,0.14459,0.85987
19.974,0.02,145.33,4.3039,8.0249,0.001,-0.022331,0.0001,0.00025268,0.14467,0.85988
19.98,0.02,145.33,4.3038,8.0253,0.001,-0.022791,0.0001,0.00025284,0.14476,0.85989
19.986,0.02,145.34,4.3038,8.0257,0.001,-0.023265,0.0001,0.00025301,0.14484,0.8599
19.993,0.02,145.35,4.3038,8.0261,0.001,-0.023751,0.0001,0.00025318,0.14493,0.85991
19.999,0.02,145.35,4.3037,8.0265,0.001,-0.024243,0.0001,0.00025335,0.14501,0.85993
20.006,0.02,145.36,4.3037,8.0269,0.001,-0.024741,0.0001,0.00025352,0.1451,0.85994
20.012,0.02,145.37,4.3037,8.0273,0.001,-0.025241,0.0001,0.00025369,0.14519,0.85995
20.019,0.02,145.37,4.3036,8.0277,0.001,-0.025742,0.0001,0.00025386,0.14527,0.85996
20.025,0.02,145.38,4.3036,8.0281,0.001,-0.026244,0.0001,0.00025404,0.14536,0.85997
20.031,0.02,145.38,4.3036,8.0284,0.001,-0.02664,0.0001,0.00025422,0.14544,0.85998
20.038,0.02,145.39,4.3035,8.0288,0.001,-0.027014,0.0001,0.0002544,0.14553,0.85999
20.044,0.02,145.4,4.3035,8.0292,0.001,-0.027388,0.0001,0.00025458,0.14561,0.86001
20.051,0.02,145.4,4.3035,8.0296,0.001,-0.027763,0.0001,0.00025477,0.1457,0.86002
20.057,0.02,145.41,4.3034,8.03,0.001,-0.028139,0.0001,0.00025495,0.14578,0.86003
20.064,0.02,145.41,4.3034,8.0303,0.001,-0.028515,0.0001,0.00025514,0.14587,0.86004
20.07,0.02,145.42,4.3034,8.0307,0.001,-0.028892,0.0001,0.00025533,0.14596,0.86006
20.077,0.02,145.42,4.3034,8.0311,0.001,-0.029269,0.0001,0.00025552,0.14604,0.86007
20.083,0.02,145.43,4.3033,8.0314,0.001,-0.029646,0.0001,0.00025572,0.14613,0.86009
20.09,0.02,145.43,4.3033,8.0318,0.001,-0.030024,0.0001,0.00025591,0.14621,0.8601
20.096,0.02,145.44,4.3033,8.0322,0.001,-0.030402,0.0001,0.00025611,0.1463,0.86012
20.103,0.02,145.44,4.3032,8.0325,0.001,-0.030779,0.0001,0.00025631,0.14639,0.86013
20.109,0.02,145.45,4.3032,8.0329,0.001,-0.031157,0.0001,0.00025651,0.14647,0.86015
20.116,0.02,145.45,4.3032,8.0332,0.001,-0.031535,0.0001,0.00025672,0.14656,0.86016
20.122,0.02,145.46,4.3032,8.0336,0.001,-0.031912,0.0001,0.00025693,0.14664,0.86018
20.129,0.02,145.46,4.3031,8.0339,0.001,-0.032289,0.0001,0.00025714,0.14673,0.86019
20.135,0.02,145.47,4.3031,8.0343,0.001,-0.032666,0.0001,0.00025735,0.14682,0.86021
20.142,0.02,145.47,4.3031,8.0347,0.001,-0.033044,0.0001,0.00025756,0.1469,0.86022
20.148,0.02,145.48,4.3031,8.035,0.001,-0.033424,0.0001,0.00025778,0.14699,0.86024
20.155,0.02,145.48,4.303,8.0354,0.001,-0.033805,0.0001,0.00025799,0.14708,0.86025
20.161,0.02,145.48,4.303,8.0357,0.001,-0.034187,0.0001,0.00025822,0.14716,0.86027
20.168,0.02,145.49,4.303,8.0361,0.001,-0.03457,0.0001,0.00025844,0.14725,0.86029
20.174,0.02,145.49,4.303,8.0364,0.001,-0.034954,0.0001,0.00025866,0.14734,0.8603
20.181,0.02,145.5,4.3029,8.0368,0.001,-0.035338,0.0001,0.00025889,0.14742,0.86032
20.187,0.02,145.5,4.3029,8.0371,0.001,-0.035723,0.0001,0.00025912,0.14751,0.86033
20.194,0.02,145.5,4.3029,8.0374,0.001,-0.036109,0.0001,0.00025936,0.1476,0.86035
20.2,0.02,145.51,4.3029,8.0378,0.001,-0.036496,0.0001,0.00025959,0.14768,0.86037
20.207,0.02,145.51,4.3029,8.0381,0.001,-0.036884,0.0001,0.00025983,0.14777,0.86038
20.213,0.02,145.52,4.3028,8.0385,0.001,-0.037272,0.0001,0.00026007,0.14786,0.8604
20.22,0.02,145.52,4.3028,8.0388,0.001,-0.037661,0.0001,0.00026032,0.14794,0.86041
20.226,0.02,145.52,4.3028,8.0392,0.001,-0.038052,0.0001,0.00026056,0.14803,0.86043
20.233,0.02,145.53,4.3028,8.0395,0.001,-0.038444,0.0001,0.00026081,0.14812,0.86045
20.239,0.02,145.53,4.3027,8.0398,0.001,-0.038837,0.0001,0.00026107,0.1482,0.86046
20.246,0.02,145.54,4.3027,8.0402,0.001,-0.039232,0.0001,0.00026132,0.14829,0.86048
20.253,0.02,145.54,4.3027,8.0405,0.001,-0.03963,0.0001,0.00026158,0.14838,0.86049
20.259,0.02,145.54,4.3027,8.0409,0.001,-0.040031,0.0001,0.00026184,0.14847,0.86051
20.266,0.02,145.55,4.3027,8.0412,0.001,-0.040432,0.0001,0.00026211,0.14855,0.86053
20.272,0.02,145.55,4.3026,8.0415,0.001,-0.040812,0.0001,0.00026237,0.14864,0.86054
20.279,0.02,145.55,4.3026,8.0419,0.001,-0.041194,0.0001,0.00026265,0.14873,0.86056
20.286,0.02,145.56,4.3026,8.0422,0.001,-0.041578,0.0001,0.00026292,0.14882,0.86057
20.292,0.02,145.56,4.3026,8.0426,0.001,-0.041964,0.0001,0.0002632,0.1489,0.86059
20.299,0.02,145.56,4.3025,8.0429,0.001,-0.042353,0.0001,0.00026348,0.14899,0.86061
20.305,0.02,145.57,4.3025,8.0432,0.001,-0.042723,0.0001,0.00026376,0.14908,0.86062
20.312,0.02,145.57,4.3025,8.0436,0.001,-0.04318,0.0001,0.00026405,0.14917,0.86064
20.318,0.02,145.57,4.3025,8.0439,0.001,-0.043472,0.0001,0.00026434,0.14925,0.86066
20.325,0.02,145.57,4.3025,8.0442,0.001,-0.0437,0.0001,0.00026463,0.14934,0.86067
20.332,0.02,145.58,4.3025,8.0446,0.001,-0.043929,0.0001,0.00026493,0.14943,0.86069
20.338,0.02,145.58,4.3024,8.0449,0.001,-0.044159,0.0001,0.00026523,0.14952,0.8607
20.345,0.02,145.58,4.3024,8.0452,0.001,-0.044391,0.0001,0.00026554,0.14961,0.86072
20.352,0.02,145.59,4.3024,8.0456,0.001,-0.044624,0.0001,0.00026585,0.14969,0.86074
20.358,0.02,145.59,4.3024,8.0459,0.001,-0.044741,0.0001,0.00026616,0.14978,0.86075
20.365,0.02,145.59,4.3024,8.0462,0.001,-0.044861,0.0001,0.00026648,0.14987,0.86077
20.371,0.02,145.6,4.3024,8.0466,0.001,-0.045038,0.0001,0.0002668,0.14996,0.86079
20.378,0.02,145.6,4.3023,8.0469,0.001,-0.045232,0.0001,0.00026712,0.15005,0.8608
20.385,0.02,145.6,4.3023,8.0472,0.001,-0.045441,0.0001,0.00026745,0.15013,0.86082
20.391,0.02,145.6,4.3023,8.0476,0.001,-0.045661,0.0001,0.00026779,0.15022,0.86084
20.398,0.02,145.61,4.3023,8.0479,0.001,-0.04589,0.0001,0.00026812,0.15031,0.86086
20.405,0.02,145.61,4.3023,8.0482,0.001,-0.046128,0.0001,0.00026847,0.1504,0.86087
20.411,0.02,145.61,4.3023,8.0485,0.001,-0.046373,0.0001,0.00026881,0.15049,0.86089
20.418,0.02,145.61,4.3022,8.0488,0.001,-0.046623,0.0001,0.00026916,0.15058,0.86091
20.425,0.02,145.62,4.3022,8.049,0.001,-0.046878,0.0001,0.00026952,0.15067,0.86093
20.431,0.02,145.62,4.3022,8.0493,0.001,-0.047138,0.0001,0.00026988,0.15075,0.86095
20.438,0.02,145.62,4.3022,8.0496,0.001,-0.0474,0.0001,0.00027024,0.15084,0.86096
20.445,0.02,145.62,4.3022,8.0498,0.001,-0.047665,0.0001,0.00027061,0.15093,0.86098
20.451,0.02,145.63,4.3022,8.0501,0.001,-0.047933,0.0001,0.00027099,0.15102,0.861
20.458,0.02,145.63,4.3022,8.0503,0.001,-0.048203,0.0001,0.00027137,0.15111,0.86102
20.465,0.02,145.63,4.3022,8.0506,0.001,-0.048475,0.0001,0.00027175,0.1512,0.86104
20.472,0.02,145.63,4.3021,8.0508,0.001,-0.048749,0.0001,0.00027214,0.15129,0.86106
20.478,0.02,145.64,4.3021,8.051,0.001,-0.049025,0.0001,0.00027254,0.15138,0.86108
20.485,0.02,145.64,4.3021,8.0512,0.001,-0.049304,0.0001,0.00027294,0.15147,0.8611
20.492,0.02,145.64,4.3021,8.0515,0.001,-0.049585,0.0001,0.00027335,0.15156,0.86111
20.498,0.02,145.64,4.3021,8.0517,0.001,-0.049868,0.0001,0.00027376,0.15164,0.86113
20.505,0.02,145.65,4.3021,8.0519,0.001,-0.050153,0.0001,0.00027418,0.15173,0.86115
20.512,0.02,145.65,4.3021,8.052,0.001,-0.050441,0.0001,0.0002746,0.15182,0.86117
20.519,0.02,145.65,4.3021,8.0522,0.001,-0.050731,0.0001,0.00027503,0.15191,0.86119
20.525,0.02,145.65,4.3021,8.0524,0.001,-0.051024,0.0001,0.00027547,0.152,0.86121
20.532,0.02,145.65,4.3021,8.0526,0.001,-0.051318,0.0001,0.00027591,0.15209,0.86123
20.539,0.02,145.66,4.3021,8.0527,0.001,-0.051661,0.0001,0.00027636,0.15218,0.86125
20.546,0.02,145.66,4.302,8.0529,0.001,-0.052132,0.0001,0.00027681,0.15227,0.86127
20.552,0.02,145.66,4.302,8.053,0.001,-0.052482,0.0001,0.00027727,0.15236,0.86129
20.559,0.02,145.66,4.302,8.0532,0.001,-0.052842,0.0001,0.00027774,0.15245,0.86131
20.566,0.02,145.66,4.302,8.0533,0.001,-0.053166,0.0001,0.00027822,0.15254,0.86133
20.573,0.02,145.67,4.302,8.0535,0.001,-0.053494,0.0001,0.0002787,0.15263,0.86135
20.579,0.02,145.67,4.302,8.0536,0.001,-0.053805,0.0001,0.00027919,0.15272,0.86137
20.586,0.02,145.67,4.302,8.0537,0.001,-0.054113,0.0001,0.00027969,0.15281,0.86139
20.593,0.02,145.67,4.302,8.0539,0.001,-0.054411,0.0001,0.0002802,0.1529,0.86141
20.6,0.02,145.67,4.302,8.054,0.001,-0.054707,0.0001,0.00028071,0.15299,0.86144
20.607,0.02,145.68,4.302,8.0541,0.001,-0.054997,0.0001,0.00028123,0.15308,0.86146
20.613,0.02,145.68,4.302,8.0542,0.001,-0.055286,0.0001,0.00028176,0.15317,0.86148
20.62,0.02,145.68,4.302,8.0543,0.001,-0.055572,0.0001,0.0002823,0.15326,0.86151
20.627,0.02,145.68,4.302,8.0544,0.001,-0.055856,0.0001,0.00028284,0.15336,0.86153
20.634,0.02,145.68,4.302,8.0545,0.001,-0.056271,0.0001,0.0002834,0.15345,0.86156
20.641,0.02,145.69,4.302,8.0546,0.001,-0.055782,0.0001,0.00028396,0.15354,0.86158
20.648,0.02,145.69,4.302,8.0547,0.001,-0.0555,0.0001,0.00028453,0.15363,0.86161
20.654,0.02,145.69,4.302,8.0548,0.001,-0.055524,0.0001,0.00028511,0.15372,0.86163
20.661,0.02,145.69,4.302,8.0548,0.001,-0.055428,0.0001,0.0002857,0.15381,0.86166
20.668,0.02,145.69,4.3019,8.0549,0.001,-0.055583,0.0001,0.0002863,0.1539,0.86168
20.675,0.02,145.69,4.3019,8.055,0.001,-0.055918,0.0001,0.00028691,0.15399,0.86171
20.682,0.02,145.7,4.3019,8.0551,0.001,-0.056244,0.0001,0.00028753,0.15408,0.86174
20.689,0.02,145.7,4.3019,8.0551,0.001,-0.056568,0.0001,0.00028816,0.15417,0.86177
20.696,0.02,145.7,4.3019,8.0552,0.001,-0.056699,0.0001,0.00028881,0.15427,0.86179
20.702,0.02,145.7,4.3019,8.0553,0.001,-0.056865,0.0001,0.00028946,0.15436,0.86182
20.709,0.02,145.7,4.3019,8.0553,0.001,-0.057046,0.0001,0.00029012,0.15445,0.86185
20.716,0.02,145.71,4.3019,8.0554,0.001,-0.057226,0.0001,0.00029079,0.15454,0.86188
20.723,0.02,145.71,4.3019,8.0554,0.001,-0.057405,0.0001,0.00029148,0.15463,0.86191
20.73,0.02,145.71,4.3019,8.0554,0.001,-0.057581,0.0001,0.00029218,0.15472,0.86194
20.737,0.02,145.71,4.3019,8.0554,0.001,-0.057752,0.0001,0.00029289,0.15481,0.86197
20.744,0.02,145.71,4.3019,8.0554,0.001,-0.057917,0.0001,0.00029361,0.15491,0.86201
20.751,0.02,145.72,4.3019,8.0554,0.001,-0.058076,0.0001,0.00029434,0.155,0.86204
20.758,0.02,145.72,4.3019,8.0553,0.001,-0.058228,0.0001,0.00029509,0.15509,0.86207
20.764,0.02,145.72,4.3019,8.0553,0.001,-0.058373,0.0001,0.00029585,0.15518,0.86211
20.771,0.02,145.72,4.3019,8.0552,0.001,-0.058477,0.0001,0.00029665,0.15527,0.86214
20.778,0.02,145.72,4.3019,8.0551,0.001,-0.058491,0.0001,0.00029759,0.15537,0.86217
20.785,0.02,145.73,4.3019,8.0551,0.001,-0.058551,0.0001,0.0002987,0.15546,0.8622
20.792,0.02,145.73,4.3019,8.055,0.001,-0.058652,0.0001,0.0003,0.15555,0.86224
20.799,0.02,145.73,4.3019,8.0549,0.001,-0.05882,0.0001,0.00030147,0.15564,0.86227
20.806,0.02,145.73,4.3019,8.0548,0.001,-0.059018,0.0001,0.00030312,0.15573,0.8623
20.813,0.02,145.73,4.3018,8.0547,0.001,-0.059247,0.0001,0.00030493,0.15583,0.86233
20.82,0.02,145.74,4.3018,8.0546,0.001,-0.059493,0.0001,0.00030635,0.15592,0.86237
20.827,0.02,145.74,4.3018,8.0544,0.001,-0.059758,0.0001,0.00030655,0.15601,0.8624
20.834,0.02,145.74,4.3018,8.0543,0.001,-0.060036,0.0001,0.00030676,0.1561,0.86243
20.841,0.02,145.74,4.3018,8.0542,0.001,-0.060324,0.0001,0.00030697,0.15619,0.86246
20.848,0.02,145.75,4.3018,8.054,0.001,-0.06062,0.0001,0.00030719,0.15629,0.86249
20.855,0.02,145.75,4.3018,8.0539,0.001,-0.060921,0.0001,0.00030741,0.15638,0.86252
20.862,0.02,145.75,4.3018,8.0538,0.001,-0.061225,0.0001,0.00030763,0.15647,0.86255
20.868,0.02,145.75,4.3018,8.0536,0.001,-0.06153,0.0001,0.00030785,0.15656,0.86259
20.875,0.02,145.75,4.3018,8.0535,0.001,-0.061834,0.0001,0.00030808,0.15666,0.86262
20.882,0.02,145.76,4.3018,8.0533,0.001,-0.062136,0.0001,0.00030831,0.15675,0.86265
20.889,0.02,145.76,4.3018,8.0531,0.001,-0.062433,0.0001,0.00030854,0.15684,0.86268
20.896,0.02,145.76,4.3018,8.053,0.001,-0.06276,0.0001,0.00030878,0.15694,0.86271
20.903,0.02,145.76,4.3018,8.0528,0.001,-0.063113,0.0001,0.00030902,0.15703,0.86274
20.91,0.02,145.77,4.3018,8.0526,0.001,-0.063461,0.0001,0.00030926,0.15712,0.86277
20.917,0.02,145.77,4.3018,8.0524,0.001,-0.063805,0.0001,0.00030951,0.15721,0.8628
20.924,0.02,145.77,4.3018,8.0523,0.001,-0.064142,0.0001,0.00030976,0.15731,0.86283
20.931,0.02,145.77,4.3018,8.0521,0.001,-0.064474,0.0001,0.00031001,0.1574,0.86286
20.938,0.02,145.78,4.3018,8.0519,0.001,-0.064798,0.0001,0.00031027,0.15749,0.86289
20.945,0.02,145.78,4.3018,8.0517,0.001,-0.065115,0.0001,0.00031053,0.15759,0.86292
20.952,0.02,145.78,4.3018,8.0516,0.001,-0.065348,0.0001,0.0003108,0.15768,0.86295
20.959,0.02,145.78,4.3018,8.0514,0.001,-0.065496,0.0001,0.00031107,0.15777,0.86298
20.966,0.02,145.79,4.3018,8.0512,0.001,-0.065636,0.0001,0.00031134,0.15786,0.86301
20.973,0.02,145.79,4.3017,8.051,0.001,-0.065765,0.0001,0.00031162,0.15796,0.86303
20.98,0.02,145.79,4.3017,8.0509,0.001,-0.065883,0.0001,0.0003119,0.15805,0.86306
20.987,0.02,145.79,4.3017,8.0507,0.001,-0.065987,0.0001,0.00031219,0.15814,0.86309
20.994,0.02,145.8,4.3017,8.0505,0.001,-0.066075,0.0001,0.00031248,0.15824,0.86312
21.001,0.02,145.8,4.3017,8.0504,0.001,-0.066141,0.0001,0.00031277,0.15833,0.86315
21.008,0.02,145.8,4.3017,8.0502,0.001,-0.062037,0.0001,0.00031307,0.15842,0.86318
21.015,0.02,145.8,4.3017,8.0501,0.001,-0.066172,0.0001,0.00031337,0.15852,0.8632
21.022,0.02,145.81,4.3017,8.0499,0.001,-0.061987,0.0001,0.00031368,0.15861,0.86323
21.029,0.02,145.81,4.3017,8.0498,0.001,-0.066626,0.0001,0.00031399,0.1587,0.86326
21.036,0.02,145.81,4.3017,8.0497,0.001,-0.067882,0.0001,0.00031431,0.1588,0.86329
21.043,0.02,145.81,4.3017,8.0495,0.001,-0.065302,0.0001,0.00031463,0.15889,0.86332
21.05,0.02,145.81,4.3017,8.0494,0.001,-0.070401,0.0001,0.00031496,0.15898,0.86334
21.058,0.02,145.81,4.3017,8.0492,0.001,-0.071413,0.0001,0.00031529,0.15908,0.86337
21.065,0.02,145.81,4.3017,8.049,0.001,-0.068107,0.0001,0.00031563,0.15917,0.8634
21.072,0.02,145.81,4.3017,8.0491,0.001,-0.071681,0.0001,0.00031597,0.15927,0.86342
21.079,0.02,145.81,4.3017,8.0492,0.001,-0.070685,0.0001,0.00031632,0.15936,0.86345
21.086,0.02,145.81,4.3017,8.0493,0.001,-0.068155,0.0001,0.00031667,0.15946,0.86347
21.093,0.02,145.81,4.3017,8.0494,0.001,-0.071559,0.0001,0.00031703,0.15955,0.8635
21.1,0.02,145.82,4.3017,8.0495,0.001,-0.068118,0.0001,0.0003174,0.15964,0.86353
21.107,0.02,145.82,4.3017,8.0496,0.001,-0.070715,0.0001,0.00031777,0.15974,0.86355
21.114,0.02,145.82,4.3017,8.0497,0.001,-0.071471,0.0001,0.00031814,0.15983,0.86358
21.121,0.02,145.82,4.3017,8.0498,0.001,-0.068256,0.0001,0.00031852,0.15993,0.8636
21.128,0.02,145.82,4.302,8.0499,0.001,-0.071529,0.0001,0.0003189,0.16002,0.86363
21.136,0.02,145.82,4.3023,8.0501,0.001,-0.071593,0.0001,0.0003193,0.16012,0.86366
21.143,0.02,145.82,4.3026,8.0502,0.001,-0.068645,0.0001,0.00031969,0.16021,0.86368
21.15,0.02,145.82,4.3029,8.0503,0.001,-0.071781,0.0001,0.0003201,0.16031,0.86371
21.157,0.02,145.82,4.3032,8.0504,0.001,-0.071556,0.0001,0.00032051,0.16042,0.86373
21.164,0.02,145.83,4.3034,8.0506,0.001,-0.069236,0.0001,0.00032092,0.16052,0.86376
21.171,0.02,145.83,4.3037,8.0507,0.001,-0.072199,0.0001,0.00032134,0.16063,0.86378
21.178,0.02,145.83,4.304,8.0508,0.001,-0.06972,0.0001,0.00032177,0.16074,0.8638
21.185,0.02,145.83,4.3042,8.0509,0.001,-0.071294,0.0001,0.00032221,0.16084,0.86383
21.192,0.02,145.83,4.3045,8.0511,0.001,-0.072753,0.0001,0.00032265,0.16095,0.86385
21.199,0.02,145.83,4.3047,8.0512,0.001,-0.070344,0.0001,0.0003231,0.16106,0.86388
21.207,0.02,145.83,4.305,8.0513,0.001,-0.072634,0.0001,0.00032355,0.16117,0.8639
21.214,0.02,145.84,4.3052,8.0514,0.001,-0.07246,0.0001,0.00032402,0.16128,0.86392
21.221,0.02,145.84,4.3055,8.0515,0.001,-0.070015,0.0001,0.00032449,0.16139,0.86395
21.228,0.02,145.84,4.3057,8.0517,0.001,-0.072049,0.0001,0.00032496,0.16149,0.86397
21.235,0.02,145.84,4.3059,8.0518,0.001,-0.071825,0.0001,0.00032545,0.1616,0.86399
21.242,0.02,145.84,4.3061,8.0519,0.001,-0.069401,0.0001,0.00032594,0.16171,0.86401
21.249,0.02,145.84,4.3063,8.0521,0.001,-0.071369,0.0001,0.00032643,0.16182,0.86404
21.256,0.02,145.84,4.3065,8.0522,0.001,-0.068886,0.0001,0.00032694,0.16193,0.86406
21.263,0.02,145.85,4.3067,8.0524,0.001,-0.070142,0.0001,0.00032745,0.16204,0.86408
21.27,0.02,145.85,4.3068,8.0525,0.001,-0.070641,0.0001,0.00032798,0.16214,0.8641
21.277,0.02,145.85,4.307,8.0527,0.001,-0.068089,0.0001,0.00032851,0.16225,0.86412
21.284,0.02,145.85,4.3072,8.0528,0.001,-0.070134,0.0001,0.00032904,0.16236,0.86415
21.291,0.02,145.85,4.3073,8.053,0.001,-0.06987,0.0001,0.00032959,0.16247,0.86417
21.299,0.02,145.86,4.3075,8.0532,0.001,-0.067298,0.0001,0.00033014,0.16258,0.86419
21.306,0.02,145.86,4.3076,8.0533,0.001,-0.06932,0.0001,0.00033071,0.16269,0.86421
21.313,0.02,145.86,4.3078,8.0535,0.001,-0.069036,0.0001,0.00033128,0.1628,0.86423
21.32,0.02,145.86,4.3079,8.0537,0.001,-0.067442,0.0001,0.00033186,0.16291,0.86425
21.327,0.02,145.86,4.308,8.0539,0.001,-0.068456,0.0001,0.00033245,0.16301,0.86427
21.334,0.02,145.86,4.3081,8.0541,0.001,-0.067514,0.0001,0.00033306,0.16312,0.86429
21.341,0.02,145.86,4.3083,8.0543,0.001,-0.067322,0.0001,0.00033367,0.16323,0.86431
21.348,0.02,145.87,4.3084,8.0545,0.001,-0.067563,0.0001,0.00033429,0.16334,0.86433
21.355,0.02,145.87,4.3085,8.0547,0.001,-0.066402,0.0001,0.00033492,0.16345,0.86435
21.362,0.02,145.87,4.3086,8.0549,0.001,-0.066777,0.0001,0.00033556,0.16356,0.86437
21.369,0.02,145.87,4.3087,8.0551,0.001,-0.066644,0.0001,0.00033621,0.16367,0.86438
21.376,0.02,145.87,4.3088,8.0553,0.001,-0.065569,0.0001,0.00033687,0.16378,0.8644
21.383,0.02,145.88,4.3089,8.0555,0.001,-0.065921,0.0001,0.00033755,0.16389,0.86442
21.39,0.02,145.88,4.309,8.0557,0.001,-0.065429,0.0001,0.00033823,0.164,0.86444
21.397,0.02,145.88,4.309,8.0559,0.001,-0.064963,0.0001,0.00033893,0.1641,0.86446
21.404,0.02,145.88,4.3091,8.0562,0.001,-0.065094,0.0001,0.00033964,0.16421,0.86448
21.411,0.02,145.88,4.3092,8.0564,0.001,-0.064552,0.0001,0.00034036,0.16432,0.86449
21.418,0.02,145.88,4.3092,8.0566,0.001,-0.064224,0.0001,0.00034109,0.16443,0.86451
21.424,0.02,145.89,4.3093,8.0568,0.001,-0.0641,0.0001,0.00034184,0.16454,0.86502
21.431,0.02,145.89,4.3093,8.0571,0.001,-0.063581,0.0001,0.0003426,0.16465,0.86563
21.438,0.02,145.89,4.3094,8.0573,0.001,-0.06333,0.0001,0.00034337,0.16476,0.86625
21.445,0.02,145.89,4.3094,8.0576,0.001,-0.063032,0.0001,0.00034415,0.16487,0.86686
21.452,0.02,145.89,4.3093,8.0578,0.001,-0.062577,0.0001,0.00034495,0.16498,0.86747
21.459,0.02,145.9,4.3093,8.0581,0.001,-0.06228,0.0001,0.00034577,0.16509,0.86808
21.466,0.02,145.9,4.3092,8.0583,0.001,-0.061903,0.0001,0.00034659,0.1652,0.86869
21.473,0.02,145.9,4.3091,8.0586,0.001,-0.061499,0.0001,0.00034744,0.16531,0.86929
21.48,0.02,145.9,4.309,8.0588,0.001,-0.061171,0.0001,0.0003483,0.16542,0.86989
21.487,0.02,145.9,4.309,8.0591,0.001,-0.06078,0.0001,0.00034917,0.16553,0.8705
21.494,0.02,145.91,4.3089,8.0594,0.001,-0.060409,0.0001,0.00035006,0.16564,0.87109
21.501,0.02,145.91,4.3088,8.0596,0.001,-0.060061,0.0001,0.00035097,0.16575,0.87169
21.508,0.02,145.91,4.3087,8.0599,0.001,-0.059742,0.0001,0.00035189,0.16586,0.87229
21.514,0.02,145.91,4.3086,8.0602,0.001,-0.059447,0.0001,0.00035286,0.16597,0.87288
21.521,0.02,145.91,4.3085,8.0605,0.001,-0.059155,0.0001,0.00035409,0.16608,0.87348
21.528,0.02,145.92,4.3084,8.0607,0.001,-0.058856,0.0001,0.00035535,0.16619,0.87407
21.535,0.02,145.92,4.3083,8.061,0.001,-0.058573,0.0001,0.00035662,0.1663,0.87466
21.542,0.02,145.92,4.3081,8.0613,0.001,-0.058288,0.0001,0.00035793,0.16641,0.87525
21.549,0.02,145.92,4.308,8.0616,0.001,-0.058012,0.0001,0.00035926,0.16652,0.87584
21.556,0.02,145.92,4.3079,8.0619,0.001,-0.057771,0.0001,0.00036061,0.16663,0.87643
21.562,0.02,145.92,4.3078,8.0622,0.001,-0.057694,0.0001,0.00036199,0.16674,0.87702
21.569,0.02,145.93,4.3076,8.0625,0.001,-0.057936,0.0001,0.0003634,0.16685,0.87761
21.576,0.02,145.93,4.3075,8.0628,0.001,-0.05839,0.0001,0.00036484,0.16697,0.87821
21.583,0.02,145.93,4.3074,8.0631,0.001,-0.058742,0.0001,0.00036631,0.16708,0.8788
21.59,0.02,145.93,4.3073,8.0634,0.001,-0.059048,0.0001,0.00036795,0.16719,0.87939
21.597,0.02,145.93,4.3071,8.0637,0.001,-0.059278,0.0001,0.00036983,0.1673,0.87998
21.604,0.02,145.94,4.307,8.064,0.001,-0.059516,0.0001,0.00037193,0.16741,0.88058
21.61,0.02,145.94,4.3069,8.0643,0.001,-0.059753,0.0001,0.00037424,0.16753,0.88117
21.617,0.02,145.94,4.3067,8.0646,0.001,-0.059988,0.0001,0.00037676,0.16764,0.88176
21.624,0.02,145.94,4.3066,8.0649,0.001,-0.06022,0.0001,0.00037948,0.16775,0.88235
21.631,0.02,145.94,4.3065,8.0652,0.001,-0.060448,0.0001,0.0003824,0.16786,0.88294
21.638,0.02,145.95,4.3064,8.0655,0.001,-0.060674,0.0001,0.00038551,0.16798,0.88353
21.645,0.02,145.95,4.3062,8.0658,0.001,-0.060897,0.0001,0.00038882,0.16809,0.88412
21.652,0.02,145.95,4.3061,8.066,0.001,-0.061119,0.0001,0.00039231,0.1682,0.88471
21.658,0.02,145.95,4.306,8.0663,0.001,-0.06134,0.0001,0.00039598,0.16832,0.8853
21.665,0.02,145.95,4.3059,8.0666,0.001,-0.06156,0.0001,0.00039983,0.16843,0.88589
21.672,0.02,145.96,4.3058,8.0668,0.001,-0.061779,0.0001,0.00040386,0.16854,0.88649
21.679,0.02,145.96,4.3056,8.0671,0.001,-0.061997,0.0001,0.00040806,0.16866,0.88708
21.686,0.02,145.96,4.3055,8.0674,0.001,-0.062214,0.0001,0.00041243,0.16877,0.88767
21.693,0.02,145.96,4.3054,8.0676,0.001,-0.062429,0.0001,0.00041697,0.16889,0.88827
21.7,0.02,145.96,4.3053,8.0679,0.001,-0.062643,0.0001,0.00042166,0.169,0.88886
21.707,0.02,145.96,4.3051,8.0682,0.001,-0.062857,0.0001,0.00042651,0.16912,0.88942
21.714,0.02,145.97,4.305,8.0684,0.001,-0.06307,0.0001,0.00043149,0.16923,0.88944
21.72,0.02,145.97,4.3049,8.0687,0.001,-0.063282,0.0001,0.00043653,0.16935,0.88945
21.727,0.02,145.97,4.3048,8.0689,0.001,-0.063493,0.0001,0.00044162,0.16946,0.88946
21.734,0.02,145.97,4.3047,8.0692,0.001,-0.063704,0.0001,0.00044678,0.16958,0.88947
21.741,0.02,145.97,4.3045,8.0694,0.001,-0.063915,0.0001,0.00045201,0.1697,0.88949
21.748,0.02,145.98,4.3044,8.0697,0.001,-0.064125,0.0001,0.00045738,0.16981,0.8895
21.755,0.02,145.98,4.3043,8.0699,0.001,-0.064335,0.0001,0.00046294,0.16993,0.88951
21.762,0.02,145.98,4.3042,8.0701,0.001,-0.064545,0.0001,0.00046871,0.17005,0.88952
21.769,0.02,145.98,4.304,8.0704,0.001,-0.064754,0.0001,0.00047469,0.17016,0.88954
21.776,0.02,145.98,4.3039,8.0706,0.001,-0.064963,0.0001,0.00048087,0.17028,0.88955
21.783,0.02,145.99,4.3038,8.0709,0.001,-0.065172,0.0001,0.00048725,0.1704,0.88956
21.79,0.02,145.99,4.3036,8.0711,0.001,-0.065379,0.0001,0.00049382,0.17051,0.88958
21.797,0.02,145.99,4.3035,8.0713,0.001,-0.065587,0.0001,0.00050059,0.17063,0.88959
21.804,0.02,145.99,4.3034,8.0716,0.001,-0.065793,0.0001,0.00050755,0.17075,0.8896
21.811,0.02,145.99,4.3033,8.0718,0.001,-0.065999,0.0001,0.00051469,0.17087,0.88962
21.817,0.02,146,4.3031,8.072,0.001,-0.066204,0.0001,0.00052202,0.17099,0.88963
21.824,0.02,146,4.303,8.0723,0.001,-0.066408,0.0001,0.00052953,0.1711,0.88964
21.831,0.02,146,4.3029,8.0725,0.001,-0.066611,0.0001,0.00053722,0.17122,0.88966
21.838,0.02,146,4.3027,8.0727,0.001,-0.066814,0.0001,0.00054508,0.17134,0.88967
21.845,0.02,146,4.3026,8.0729,0.001,-0.067015,0.0001,0.00055312,0.17146,0.88968
21.852,0.02,146.01,4.3025,8.0731,0.001,-0.067215,0.0001,0.00056132,0.17158,0.8897
21.859,0.02,146.01,4.3024,8.0733,0.001,-0.067415,0.0001,0.00056962,0.1717,0.88971
21.866,0.02,146.01,4.3022,8.0736,0.001,-0.067614,0.0001,0.00057802,0.17182,0.88972
21.873,0.02,146.01,4.3021,8.0738,0.001,-0.067812,0.0001,0.00058652,0.17194,0.88974
21.88,0.02,146.01,4.302,8.074,0.001,-0.067943,0.0001,0.00059511,0.17206,0.88975
21.887,0.02,146.01,4.3018,8.0742,0.001,-0.068006,0.0001,0.0006038,0.17218,0.88976
21.894,0.02,146.01,4.3017,8.0744,0.001,-0.068085,0.0001,0.00061259,0.1723,0.88978
21.901,0.02,146.01,4.3016,8.0745,0.001,-0.068178,0.0001,0.00062148,0.17242,0.88979
21.908,0.02,146.01,4.3014,8.0747,0.001,-0.068286,0.0001,0.00063047,0.17254,0.8898
21.915,0.02,146.02,4.3013,8.0749,0.001,-0.068408,0.0001,0.00063957,0.17266,0.88982
21.922,0.02,146.02,4.3012,8.0751,0.001,-0.068541,0.0001,0.00064876,0.17279,0.88983
21.929,0.02,146.02,4.301,8.0753,0.001,-0.068687,0.0001,0.00065805,0.17291,0.88984
21.936,0.02,146.02,4.3009,8.0755,0.001,-0.068843,0.0001,0.00066745,0.17303,0.88986
21.943,0.02,146.02,4.3007,8.0756,0.001,-0.069009,0.0001,0.00067695,0.17315,0.88987
21.95,0.02,146.02,4.3006,8.0758,0.001,-0.069184,0.0001,0.00068655,0.17327,0.88988
21.957,0.02,146.02,4.3005,8.076,0.001,-0.069368,0.0001,0.00069625,0.1734,0.88989
21.964,0.02,146.02,4.3003,8.0761,0.001,-0.069559,0.0001,0.00070606,0.17352,0.88991
21.971,0.02,146.02,4.3002,8.0763,0.001,-0.069823,0.0001,0.00071597,0.17364,0.88992
21.978,0.02,146.02,4.3001,8.0765,0.001,-0.070149,0.0001,0.00072599,0.17377,0.88993
21.985,0.02,146.02,4.2999,8.0766,0.001,-0.070479,0.0001,0.00073611,0.17389,0.88995
21.992,0.02,146.02,4.2998,8.0768,0.001,-0.070814,0.0001,0.00074634,0.17401,0.88996
21.999,0.02,146.02,4.2996,8.0769,0.001,-0.071152,0.0001,0.00075668,0.17414,0.88997
22.006,0.02,146.02,4.2995,8.0771,0.001,-0.071491,0.0001,0.00076712,0.17426,0.88998
22.013,0.02,146.02,4.2994,8.0772,0.001,-0.071834,0.0001,0.00077766,0.17439,0.89
22.02,0.02,146.03,4.2992,8.0774,0.001,-0.072181,0.0001,0.00078831,0.17451,0.89001
22.027,0.02,146.03,4.2991,8.0775,0.001,-0.072529,0.0001,0.00079907,0.17464,0.89002
22.034,0.02,146.03,4.2989,8.0777,0.001,-0.07288,0.0001,0.00080994,0.17476,0.89003
22.041,0.02,146.03,4.2988,8.0778,0.001,-0.073233,0.0001,0.00082092,0.17489,0.89005
22.048,0.02,146.03,4.2987,8.0779,0.001,-0.073587,0.0001,0.000832,0.17501,0.89006
22.055,0.02,146.03,4.2985,8.0781,0.001,-0.073941,0.0001,0.00084319,0.17514,0.89007
22.062,0.02,146.03,4.2984,8.0782,0.001,-0.074225,0.0001,0.00085449,0.17526,0.89008
22.069,0.02,146.03,4.2982,8.0783,0.001,-0.074489,0.0001,0.00086589,0.17539,0.89009
22.076,0.02,146.03,4.2981,8.0785,0.001,-0.07475,0.0001,0.00087741,0.17552,0.89011
22.083,0.02,146.03,4.298,8.0786,0.001,-0.075008,0.0001,0.00088904,0.17564,0.89012
22.09,0.02,146.03,4.2978,8.0787,0.001,-0.075263,0.0001,0.00090078,0.17577,0.89013
22.097,0.02,146.03,4.2977,8.0789,0.001,-0.075515,0.0001,0.00091266,0.1759,0.89014
22.104,0.02,146.03,4.2975,8.079,0.001,-0.075763,0.0001,0.00092469,0.17603,0.89015
22.112,0.02,146.03,4.2974,8.0791,0.001,-0.076009,0.0001,0.00093686,0.17615,0.89017
22.119,0.02,146.04,4.2972,8.0792,0.001,-0.076252,0.0001,0.00094918,0.17628,0.89018
22.126,0.02,146.04,4.2971,8.0793,0.001,-0.076492,0.0001,0.00096165,0.17641,0.89019
22.133,0.02,146.04,4.2969,8.0795,0.001,-0.076729,0.0001,0.00097426,0.17654,0.8902
22.14,0.02,146.04,4.2968,8.0796,0.001,-0.076963,0.0001,0.00098702,0.17667,0.89021
22.147,0.02,146.04,4.2967,8.0797,0.001,-0.077194,0.0001,0.00099995,0.1768,0.89022
22.154,0.02,146.04,4.2965,8.0798,0.001,-0.077372,0.0001,0.001013,0.17693,0.89024
22.161,0.02,146.04,4.2964,8.08,0.001,-0.077532,0.0001,0.0010263,0.17706,0.89025
22.168,0.02,146.04,4.2962,8.0801,0.001,-0.077691,0.0001,0.0010397,0.17719,0.89026
22.175,0.02,146.04,4.2961,8.0802,0.001,-0.077849,0.0001,0.0010533,0.17732,0.89027
22.182,0.02,146.04,4.2959,8.0803,0.001,-0.078006,0.0001,0.001067,0.17745,0.89028
22.189,0.02,146.04,4.2958,8.0805,0.001,-0.078163,0.0001,0.0010809,0.17758,0.89029
22.196,0.02,146.04,4.2956,8.0806,0.001,-0.078319,0.0001,0.001095,0.17771,0.8903
22.203,0.02,146.05,4.2955,8.0807,0.001,-0.078474,0.0001,0.0011092,0.17785,0.89031
22.211,0.02,146.05,4.2953,8.0808,0.001,-0.078627,0.0001,0.0011236,0.17798,0.89033
22.218,0.02,146.05,4.2952,8.081,0.001,-0.07878,0.0001,0.0011382,0.17811,0.89034
22.225,0.02,146.05,4.295,8.0811,0.001,-0.078931,0.0001,0.0011529,0.17824,0.89035
22.232,0.02,146.05,4.2949,8.0812,0.001,-0.07908,0.0001,0.0011678,0.17838,0.89036
22.239,0.02,146.05,4.2948,8.0814,0.001,-0.079229,0.0001,0.0011829,0.17851,0.89037
22.246,0.02,146.05,4.2946,8.0815,0.001,-0.079378,0.0001,0.0011981,0.17864,0.89038
22.253,0.02,146.05,4.2945,8.0816,0.001,-0.079528,0.0001,0.0012135,0.17878,0.89039
22.26,0.02,146.05,4.2943,8.0818,0.001,-0.079678,0.0001,0.0012291,0.17891,0.8904
22.267,0.02,146.06,4.2942,8.0819,0.001,-0.079829,0.0001,0.0012448,0.17904,0.89041
22.275,0.02,146.06,4.294,8.082,0.001,-0.079981,0.0001,0.0012607,0.17918,0.89042
22.282,0.02,146.06,4.2939,8.0822,0.001,-0.080131,0.0001,0.0012767,0.17932,0.89044
22.289,0.02,146.06,4.2937,8.0823,0.001,-0.080282,0.0001,0.0012929,0.17945,0.89045
22.296,0.02,146.06,4.2936,8.0824,0.001,-0.080431,0.0001,0.0013093,0.17959,0.89046
22.303,0.02,146.06,4.2934,8.0826,0.001,-0.080578,0.0001,0.0013259,0.17972,0.89047
22.31,0.02,146.06,4.2933,8.0827,0.001,-0.080725,0.0001,0.0013426,0.17986,0.89048
22.317,0.02,146.06,4.2931,8.0829,0.001,-0.08087,0.0001,0.0013595,0.18,0.89049
22.324,0.02,146.07,4.293,8.083,0.001,-0.081014,0.0001,0.0013765,0.18013,0.8905
22.331,0.02,146.07,4.2928,8.0832,0.001,-0.081157,0.0001,0.0013937,0.18027,0.89051
22.339,0.02,146.07,4.2928,8.0833,0.001,-0.081299,0.0001,0.0014111,0.18041,0.89052
22.346,0.02,146.07,4.2927,8.0835,0.001,-0.08144,0.0001,0.0014286,0.18055,0.89053
22.353,0.02,146.07,4.2926,8.0836,0.001,-0.081579,0.0001,0.0014463,0.18069,0.89054
22.36,0.02,146.07,4.2925,8.0838,0.001,-0.081718,0.0001,0.0014642,0.18083,0.89055
22.367,0.02,146.07,4.2924,8.0839,0.001,-0.081855,0.0001,0.0014822,0.18096,0.89055
22.374,0.02,146.07,4.2923,8.0841,0.001,-0.081991,0.0001,0.0015004,0.1811,0.89056
22.381,0.02,146.08,4.2923,8.0843,0.001,-0.082126,0.0001,0.0015187,0.18124,0.89057
22.389,0.02,146.08,4.2922,8.0844,0.001,-0.082259,0.0001,0.0015372,0.18139,0.89058
22.396,0.02,146.08,4.2921,8.0845,0.001,-0.082391,0.0001,0.0015559,0.18153,0.89059
22.403,0.02,146.08,4.292,8.0844,0.001,-0.082521,0.0001,0.0015748,0.18167,0.8906
22.41,0.02,146.08,4.2919,8.0842,0.001,-0.08265,0.0001,0.0015938,0.18181,0.89061
22.417,0.02,146.08,4.2918,8.0841,0.001,-0.082778,0.0001,0.0016129,0.18195,0.89062
22.424,0.02,146.09,4.2917,8.084,0.001,-0.082904,0.0001,0.0016322,0.1821,0.89063
22.432,0.02,146.09,4.2917,8.0839,0.001,-0.083027,0.0001,0.0016517,0.18224,0.89064
22.439,0.02,146.09,4.2916,8.0838,0.001,-0.083147,0.0001,0.0016714,0.18238,0.89065
22.446,0.02,146.09,4.2915,8.0837,0.001,-0.08326,0.0001,0.0016912,0.18253,0.89065
22.453,0.02,146.09,4.2914,8.0836,0.001,-0.08336,0.0001,0.0017111,0.18267,0.89066
22.46,0.02,146.09,4.2914,8.0835,0.001,-0.083681,0.0001,0.0017313,0.18282,0.89067
22.467,0.02,146.09,4.2913,8.0834,0.001,-0.083958,0.0001,0.0017515,0.18296,0.89068
22.475,0.02,146.1,4.2913,8.0833,0.001,-0.084239,0.0001,0.001772,0.18311,0.89069
22.482,0.02,146.1,4.2913,8.0832,0.001,-0.084293,0.0001,0.0017926,0.18326,0.8907
22.489,0.02,146.1,4.2912,8.0831,0.001,-0.08435,0.0001,0.0018133,0.1834,0.89071
22.496,0.02,146.1,4.2912,8.083,0.001,-0.084411,0.0001,0.0018343,0.18355,0.89072
22.503,0.02,146.1,4.2912,8.0829,0.001,-0.084477,0.0001,0.0018553,0.1837,0.89073
22.51,0.02,146.11,4.2911,8.0828,0.001,-0.084336,0.0001,0.0018765,0.18385,0.89074
22.518,0.02,146.11,4.2911,8.0828,0.001,-0.084195,0.0001,0.0018979,0.184,0.89074
22.525,0.02,146.11,4.2911,8.0827,0.001,-0.08407,0.0001,0.0019194,0.18415,0.89075
22.532,0.02,146.11,4.291,8.0826,0.001,-0.083866,0.0001,0.001941,0.1843,0.89076
22.539,0.02,146.11,4.291,8.0826,0.001,-0.083676,0.0001,0.0019628,0.18445,0.89077
22.546,0.02,146.11,4.291,8.0825,0.001,-0.0835,0.0001,0.0019847,0.1846,0.89078
22.553,0.02,146.12,4.2909,8.0825,0.001,-0.083299,0.0001,0.0020067,0.18475,0.89078
22.561,0.02,146.12,4.2909,8.0825,0.001,-0.083118,0.0001,0.0020289,0.18491,0.89079
22.568,0.02,146.12,4.2909,8.0827,0.001,-0.082944,0.0001,0.0020512,0.18506,0.8908
22.575,0.02,146.12,4.2908,8.083,0.001,-0.082763,0.0001,0.0020737,0.18521,0.89081
22.582,0.02,146.13,4.2908,8.0834,0.001,-0.082595,0.0001,0.0020963,0.18537,0.89081
22.589,0.02,146.13,4.2908,8.0837,0.001,-0.08243,0.0001,0.002119,0.18553,0.89082
22.596,0.02,146.13,4.2911,8.0841,0.001,-0.082265,0.0001,0.0021418,0.18568,1.0035
22.603,0.02,146.14,4.2914,8.0845,0.001,-0.082106,0.0001,0.0021648,0.18584,1.0052
22.611,0.02,146.14,4.2917,8.0848,0.001,-0.081948,0.0001,0.0021878,0.186,1.007
22.618,0.02,146.14,4.292,8.0852,0.001,-0.081792,0.0001,0.0021987,0.18615,1.0088
22.625,0.02,146.14,4.2923,8.0856,0.001,-0.081549,0.0001,0.0022071,0.18631,1.0106
22.632,0.02,146.15,4.2926,8.0859,0.001,-0.0813,0.0001,0.0022155,0.18647,1.0125
22.639,0.02,146.15,4.2929,8.0863,0.001,-0.081045,0.0001,0.0022239,0.18663,1.0145
22.646,0.02,146.15,4.2932,8.0867,0.001,-0.080794,0.0001,0.0022324,0.18679,1.0165
22.653,0.02,146.16,4.2935,8.0871,0.001,-0.080541,0.0001,0.002241,0.18696,1.0186
22.66,0.02,146.16,4.2938,8.0875,0.001,-0.080289,0.0001,0.0022495,0.18712,1.0207
22.667,0.02,146.16,4.2941,8.0878,0.001,-0.080035,0.0001,0.0022581,0.18728,1.0229
22.674,0.02,146.16,4.2943,8.0882,0.001,-0.079781,0.0001,0.0022668,0.18745,1.0238
22.682,0.02,146.17,4.2946,8.0886,0.001,-0.079525,0.0001,0.0022755,0.18761,1.0225
22.689,0.02,146.17,4.2948,8.089,0.001,-0.079263,0.0001,0.0022842,0.18778,1.0211
22.696,0.02,146.17,4.2951,8.0894,0.001,-0.078983,0.0001,0.002293,0.18795,1.0197
22.703,0.02,146.18,4.2953,8.0898,0.001,-0.078697,0.0001,0.0023018,0.18811,1.0182
22.71,0.02,146.18,4.2956,8.0901,0.001,-0.078422,0.0001,0.0023106,0.18828,1.0168
22.717,0.02,146.18,4.2958,8.0905,0.001,-0.078153,0.0001,0.0023194,0.18845,1.0153
22.724,0.02,146.19,4.296,8.0909,0.001,-0.07788,0.0001,0.0023283,0.18862,1.0137
22.731,0.02,146.19,4.2963,8.0912,0.001,-0.07762,0.0001,0.0023373,0.1888,1.0122
22.738,0.02,146.19,4.2965,8.0916,0.001,-0.077358,0.0001,0.0023462,0.18897,1.0106
22.745,0.02,146.2,4.2967,8.092,0.001,-0.077097,0.0001,0.0023552,0.18914,1.009
22.752,0.02,146.2,4.2969,8.0923,0.001,-0.07684,0.0001,0.0023642,0.18932,1.0074
22.759,0.02,146.2,4.2976,8.0926,0.001,-0.076584,0.0001,0.0023733,0.18949,1.0557
22.766,0.02,146.21,4.2982,8.0927,0.001,-0.076329,0.0001,0.0023824,0.18967,1.0585
22.773,0.02,146.21,4.2989,8.0929,0.001,-0.076077,0.0001,0.0023915,0.18985,1.0613
22.78,0.02,146.22,4.2995,8.0931,0.001,-0.075826,0.0001,0.0024006,0.19003,1.0642
22.787,0.02,146.22,4.3001,8.0932,0.001,-0.075577,0.0001,0.0024098,0.19021,1.0671
22.794,0.02,146.22,4.3007,8.0934,0.001,-0.07533,0.0001,0.002419,0.19039,1.0701
22.801,0.02,146.23,4.3013,8.0936,0.001,-0.075086,0.0001,0.0024282,0.19057,1.0731
22.808,0.02,146.23,4.3019,8.0937,0.001,-0.074843,0.0001,0.0024374,0.19075,1.0762
22.815,0.02,146.23,4.3025,8.0939,0.001,-0.074604,0.0001,0.0024467,0.19094,1.0793
22.822,0.02,146.24,4.303,8.0941,0.001,-0.074368,0.0001,0.002456,0.19112,1.0824
22.829,0.02,146.24,4.3036,8.0942,0.001,-0.074136,0.0001,0.0024653,0.19131,1.0856
22.836,0.02,146.24,4.3041,8.0942,0.001,-0.07391,0.0001,0.0024747,0.1915,1.0888
22.843,0.02,146.25,4.3046,8.0938,0.001,-0.073693,0.0001,0.0024841,0.19169,1.0921
22.85,0.02,146.25,4.3051,8.0933,0.001,-0.07349,0.0001,0.0024935,0.19188,1.0954
22.857,0.02,146.26,4.3056,8.0929,0.001,-0.073306,0.0001,0.0025029,0.19207,1.0963
22.864,0.02,146.26,4.306,8.0925,0.001,-0.073139,0.0001,0.0025123,0.19226,1.0963
22.871,0.02,146.26,4.3065,8.0921,0.001,-0.072982,0.0001,0.0025218,0.19245,1.0963
22.878,0.02,146.27,4.3069,8.0917,0.001,-0.072824,0.0001,0.0025313,0.19265,1.0963
22.885,0.02,146.27,4.3073,8.0914,0.001,-0.072655,0.0001,0.0025408,0.19285,1.0963
22.892,0.02,146.28,4.3078,8.091,0.001,-0.072469,0.0001,0.0025503,0.19305,1.0963
22.899,0.02,146.28,4.3082,8.0907,0.001,-0.072262,0.0001,0.0025598,0.19324,1.0963
22.906,0.02,146.28,4.3085,8.0904,0.001,-0.072036,0.0001,0.0025694,0.19345,1.0963
22.913,0.02,146.29,4.3089,8.09,0.001,-0.071794,0.0001,0.002579,0.19365,1.0963
22.92,0.02,146.29,4.3093,8.0897,0.001,-0.071538,0.0001,0.0025886,0.19385,1.0963
22.926,0.02,146.3,4.3096,8.0895,0.001,-0.071273,0.0001,0.0025982,0.19406,1.0964
22.933,0.02,146.3,4.3099,8.0892,0.001,-0.071002,0.0001,0.0026078,0.19426,1.0964
22.94,0.02,146.3,4.3103,8.0889,0.001,-0.07086,0.0001,0.0026175,0.19447,1.0964
22.947,0.02,146.31,4.3106,8.0887,0.001,-0.070901,0.0001,0.0026272,0.19468,1.0964
22.954,0.02,146.31,4.3109,8.0884,0.001,-0.07091,0.0001,0.0026369,0.19489,1.0964
22.961,0.02,146.32,4.3116,8.0882,0.001,-0.070974,0.0001,0.0026466,0.19511,1.0964
22.968,0.02,146.32,4.3124,8.0875,0.001,-0.071091,0.0001,0.0026564,0.19532,1.0964
22.975,0.02,146.32,4.3131,8.0869,0.001,-0.071182,0.0001,0.0026661,0.19554,1.0964
22.982,0.02,146.33,4.3138,8.0862,0.001,-0.07129,0.0001,0.0026759,0.19576,1.0964
22.989,0.02,146.33,4.3144,8.0856,0.001,-0.07141,0.0001,0.0026857,0.19598,1.0964
22.996,0.02,146.33,4.3151,8.085,0.001,-0.071514,0.0001,0.0026956,0.1962,1.0964
23.003,0.02,146.33,4.3157,8.0844,0.001,-0.071625,0.0001,0.0027054,0.19643,1.0964
23.01,0.02,146.34,4.3164,8.0838,0.001,-0.07174,0.0001,0.0027153,0.19666,1.0964
23.017,0.02,146.34,4.317,8.0833,0.001,-0.071844,0.0001,0.0027252,0.19688,1.0964
23.024,0.02,146.34,4.3176,8.0827,0.001,-0.071951,0.0001,0.0027351,0.19712,1.0964
23.03,0.02,146.34,4.3181,8.0822,0.001,-0.072057,0.0001,0.002745,0.19735,1.0964
23.037,0.02,146.35,4.3187,8.0817,0.001,-0.072177,0.0001,0.0027549,0.19758,1.0964
23.044,0.02,146.35,4.3192,8.0812,0.001,-0.072306,0.0001,0.0027649,0.19782,1.0964
23.051,0.02,146.35,4.3197,8.0808,0.001,-0.072434,0.0001,0.0027748,0.19806,1.0964
23.058,0.02,146.35,4.3202,8.0803,0.001,-0.07256,0.0001,0.0027848,0.1983,1.0964
23.065,0.02,146.36,4.3207,8.0799,0.001,-0.072685,0.0001,0.0027948,0.19854,1.0964
23.072,0.02,146.36,4.3212,8.0795,0.001,-0.072809,0.0001,0.0028048,0.19879,1.0964
23.079,0.02,146.36,4.3216,8.0791,0.001,-0.072931,0.0001,0.0028148,0.19904,1.0964
23.086,0.02,146.37,4.322,8.0787,0.001,-0.073052,0.0001,0.0028249,0.19929,1.0965
23.093,0.02,146.37,4.3224,8.0783,0.001,-0.073172,0.0001,0.0028349,0.19954,1.0965
23.1,0.02,146.37,4.3228,8.078,0.001,-0.07329,0.0001,0.002845,0.1998,1.0965
23.107,0.02,146.37,4.3232,8.0776,0.001,-0.073389,0.0001,0.002855,0.20005,1.0965
23.114,0.02,146.38,4.3236,8.0773,0.001,-0.073484,0.0001,0.0028651,0.20031,1.0965
23.121,0.02,146.38,4.3239,8.077,0.001,-0.073578,0.0001,0.0028752,0.20058,1.0965
23.128,0.02,146.38,4.3243,8.0767,0.001,-0.07367,0.0001,0.0028853,0.20084,1.0965
23.135,0.02,146.39,4.3246,8.0765,0.001,-0.073761,0.0001,0.0028954,0.20111,1.0965
23.142,0.02,146.39,4.3249,8.0762,0.001,-0.073847,0.0001,0.0029054,0.20138,1.0965
23.149,0.02,146.4,4.3252,8.0761,0.001,-0.073929,0.0001,0.0029155,0.20165,1.0965
23.156,0.02,146.4,4.3255,8.0763,0.001,-0.074005,0.0001,0.0029255,0.20192,1.0965
23.163,0.02,146.41,4.3257,8.0765,0.001,-0.074077,0.0001,0.0029356,0.2022,1.0965
23.17,0.02,146.41,4.326,8.0767,0.001,-0.074146,0.0001,0.0029456,0.20248,1.0965
23.177,0.02,146.42,4.3262,8.0768,0.001,-0.074213,0.0001,0.0029557,0.20273,1.103
23.184,0.02,146.42,4.3265,8.077,0.001,-0.074277,0.0001,0.0029658,0.20296,1.0965
23.191,0.02,146.4,4.3267,8.0772,0.001,-0.071875,0.0001,0.0029758,0.20319,1.0965
23.198,0.02,146.41,4.3269,8.0774,0.001,-0.074397,0.0001,0.0029859,0.20342,1.0965
23.205,0.02,146.43,4.3271,8.0775,0.001,-0.074456,0.0001,0.0029959,0.20366,1.0965
23.212,0.02,146.4,4.3272,8.0777,0.001,-0.072088,0.0001,0.003006,0.20389,1.0965
23.219,0.02,146.41,4.3274,8.0779,0.001,-0.074577,0.0001,0.003016,0.20413,1.0965
23.226,0.02,146.43,4.3276,8.0781,0.001,-0.074639,0.0001,0.0030261,0.20437,1.0965
23.233,0.02,146.4,4.3277,8.0783,0.001,-0.072304,0.0001,0.0030361,0.20461,1.0965
23.24,0.02,146.42,4.3278,8.0784,0.001,-0.074764,0.0001,0.0030462,0.20485,1.0965
23.247,0.02,146.42,4.3279,8.0786,0.001,-0.074827,0.0001,0.0030563,0.20509,1.0965
23.254,0.02,146.4,4.328,8.0788,0.001,-0.072522,0.0001,0.0030663,0.20534,1.0943
23.261,0.02,146.43,4.3281,8.079,0.001,-0.074953,0.0001,0.0030764,0.20559,1.1032
23.268,0.02,146.42,4.3282,8.0792,0.001,-0.073739,0.0001,0.0030865,0.20584,1.0921
23.275,0.02,146.41,4.3283,8.0793,0.001,-0.072744,0.0001,0.0030966,0.20609,1.0831
23.282,0.02,146.43,4.3284,8.0795,0.001,-0.075146,0.0001,0.0031067,0.20634,1.0758
23.289,0.02,146.42,4.3284,8.0797,0.001,-0.072999,0.0001,0.0031168,0.20659,1.0534
23.296,0.02,146.42,4.3285,8.0799,0.001,-0.073173,0.0001,0.0031269,0.20685,1.0316
23.303,0.02,146.43,4.3285,8.08,0.001,-0.075614,0.0001,0.003137,0.20711,1.0104
23.31,0.02,146.42,4.3286,8.0802,0.001,-0.073456,0.0001,0.0031471,0.20737,1.0054
23.317,0.02,146.43,4.3286,8.0804,0.001,-0.07358,0.0001,0.0031572,0.20763,1.0054
23.324,0.02,146.43,4.3286,8.0806,0.001,-0.075939,0.0001,0.0031674,0.2079,1.0055
23.331,0.02,146.42,4.3286,8.0807,0.001,-0.073804,0.0001,0.0031775,0.20817,1.0358
23.338,0.02,146.43,4.3286,8.0809,0.001,-0.074224,0.0001,0.0031877,0.20844,1.0282
23.345,0.02,146.43,4.3286,8.0811,0.001,-0.076194,0.0001,0.0031979,0.20872,1.0204
23.352,0.02,146.43,4.3286,8.0812,0.001,-0.074112,0.0001,0.0032081,0.20899,1.0126
23.359,0.02,146.43,4.3286,8.0814,0.001,-0.075506,0.0001,0.0032183,0.20927,1.0055
23.366,0.02,146.43,4.3285,8.0816,0.001,-0.074818,0.0001,0.0032285,0.20956,1.0055
23.373,0.02,146.43,4.3285,8.0817,0.001,-0.074409,0.0001,0.0032387,0.20985,1.0055
23.38,0.02,146.43,4.3285,8.0819,0.001,-0.075713,0.0001,0.0032489,0.21014,1.0055
23.387,0.02,146.43,4.3284,8.0821,0.001,-0.074608,0.0001,0.0032592,0.21044,1.0055
23.394,0.02,146.43,4.3284,8.0822,0.001,-0.074708,0.0001,0.0032695,0.21072,1.0055
23.401,0.02,146.43,4.3283,8.0824,0.001,-0.075161,0.0001,0.0032798,0.21088,1.0505
23.408,0.02,146.43,4.3282,8.0826,0.001,-0.07491,0.0001,0.0032901,0.21105,1.0426
23.415,0.02,146.43,4.3286,8.0827,0.001,-0.075012,0.0001,0.0033004,0.21121,1.0345
23.422,0.02,146.43,4.329,8.0829,0.001,-0.075114,0.0001,0.0033108,0.21138,1.0264
23.43,0.02,146.43,4.3294,8.083,0.001,-0.075215,0.0001,0.0033211,0.21154,1.0182
23.437,0.02,146.43,4.3298,8.0832,0.001,-0.075317,0.0001,0.0033315,0.21171,1.0099
23.444,0.02,146.43,4.3301,8.0833,0.001,-0.075418,0.0001,0.0033419,0.21188,1.0056
23.451,0.02,146.43,4.3304,8.0835,0.001,-0.075519,0.0001,0.0033523,0.21205,1.0056
23.458,0.02,146.43,4.3308,8.0836,0.001,-0.075619,0.0001,0.0033628,0.21222,1.0056
23.465,0.02,146.43,4.3311,8.0838,0.001,-0.075719,0.0001,0.0033732,0.21239,1.0056
23.472,0.02,146.43,4.3314,8.0839,0.001,-0.075817,0.0001,0.0033837,0.21256,1.0622
23.479,0.02,146.43,4.3317,8.0841,0.001,-0.074811,0.0001,0.0033942,0.21273,1.0539
23.486,0.02,146.43,4.3319,8.0842,0.001,-0.074101,0.0001,0.0034047,0.2129,1.0456
23.493,0.02,146.43,4.3322,8.0844,0.001,-0.076109,0.0001,0.0034153,0.21308,1.0372
23.5,0.02,146.43,4.3325,8.0845,0.001,-0.07461,0.0001,0.0034259,0.21325,1.0288
23.507,0.02,146.43,4.3327,8.0846,0.001,-0.076286,0.0001,0.0034364,0.21343,1.0203
23.514,0.02,146.43,4.3329,8.0848,0.001,-0.07656,0.0001,0.003447,0.2136,1.0117
23.521,0.02,146.43,4.3332,8.0849,0.001,-0.075894,0.0001,0.0034577,0.21378,1.0057
23.528,0.02,146.43,4.3334,8.085,0.001,-0.077372,0.0001,0.0034683,0.21396,1.0057
23.535,0.02,146.43,4.3336,8.0852,0.001,-0.07771,0.0001,0.003479,0.21414,1.0057
23.542,0.02,146.43,4.3338,8.0853,0.001,-0.076603,0.0001,0.0034897,0.21432,1.0711
23.549,0.02,146.43,4.334,8.0854,0.001,-0.077866,0.0001,0.0035004,0.2145,1.0627
23.556,0.02,146.43,4.3341,8.0856,0.001,-0.077908,0.0001,0.0035112,0.21468,1.0541
23.563,0.02,146.43,4.3343,8.0857,0.001,-0.076779,0.0001,0.003522,0.21486,1.0455
23.571,0.02,146.43,4.3344,8.0858,0.001,-0.077988,0.0001,0.0035327,0.21504,1.0368
23.578,0.02,146.43,4.3346,8.086,0.001,-0.078026,0.0001,0.0035435,0.21523,1.0281
23.585,0.02,146.43,4.3347,8.0861,0.001,-0.076943,0.0001,0.0035544,0.21541,1.0194
23.592,0.02,146.43,4.3348,8.0862,0.001,-0.078098,0.0001,0.0035652,0.2156,1.0107
23.599,0.02,146.43,4.3349,8.0863,0.001,-0.078125,0.0001,0.0035761,0.21579,1.0058
23.606,0.02,146.43,4.335,8.0865,0.001,-0.077074,0.0001,0.0035869,0.21598,1.0058
23.613,0.02,146.43,4.3351,8.0866,0.001,-0.078169,0.0001,0.0035978,0.21617,1.0777
23.62,0.02,146.43,4.3352,8.0867,0.001,-0.07819,0.0001,0.0036087,0.21636,1.0691
23.627,0.02,146.43,4.3353,8.0868,0.001,-0.077182,0.0001,0.0036197,0.21655,1.0604
23.634,0.02,146.43,4.3354,8.0869,0.001,-0.078231,0.0001,0.0036306,0.21674,1.0516
23.641,0.02,146.43,4.3354,8.0871,0.001,-0.077249,0.0001,0.0036416,0.21694,1.0428
23.648,0.02,146.43,4.3355,8.0872,0.001,-0.078268,0.0001,0.0036525,0.21714,1.0339
23.655,0.02,146.43,4.3356,8.0873,0.001,-0.078285,0.0001,0.0036635,0.21733,1.0251
23.662,0.02,146.43,4.3356,8.0874,0.001,-0.077339,0.0001,0.0036746,0.21754,1.0162
23.67,0.02,146.43,4.3356,8.0875,0.001,-0.078314,0.0001,0.0036856,0.21774,1.1005
23.677,0.02,146.43,4.3357,8.0876,0.001,-0.078324,0.0001,0.0036967,0.21794,1.0917
23.684,0.02,146.43,4.3357,8.0877,0.001,-0.077406,0.0001,0.0037078,0.21815,1.0827
23.691,0.02,146.43,4.3357,8.0879,0.001,-0.078397,0.0001,0.0037189,0.21836,1.0737
23.698,0.02,146.43,4.3357,8.088,0.001,-0.078453,0.0001,0.00373,0.21857,1.0646
23.705,0.02,146.43,4.3357,8.0881,0.001,-0.077442,0.0001,0.0037411,0.21878,1.0555
23.712,0.02,146.43,4.3357,8.0882,0.001,-0.078563,0.0001,0.0037523,0.219,1.0463
23.719,0.02,146.43,4.3357,8.0883,0.001,-0.078618,0.0001,0.0037635,0.21922,1.0371
23.726,0.02,146.43,4.3357,8.0884,0.001,-0.078675,0.0001,0.0037747,0.21944,1.1211
23.733,0.02,146.43,4.3356,8.0885,0.001,-0.078731,0.0001,0.0037859,0.21967,1.1119
23.74,0.02,146.43,4.3356,8.0886,0.001,-0.078788,0.0001,0.0037972,0.2199,1.1027
23.747,0.02,146.43,4.3356,8.0887,0.001,-0.078844,0.0001,0.0038085,0.22013,1.0933
23.754,0.02,146.43,4.3355,8.0888,0.001,-0.078901,0.0001,0.0038198,0.22037,1.0839
23.762,0.02,146.43,4.3355,8.0889,0.001,-0.078957,0.0001,0.0038311,0.22061,1.0744
23.769,0.02,146.43,4.3355,8.089,0.001,-0.079012,0.0001,0.0038425,0.22085,1.0649
23.776,0.02,146.43,4.3354,8.0891,0.001,-0.079036,0.0001,0.0038539,0.2211,1.0554
23.783,0.02,146.43,4.3354,8.0892,0.001,-0.079017,0.0001,0.0038653,0.22135,1.0459
23.79,0.02,146.43,4.3353,8.0893,0.001,-0.079002,0.0001,0.0038767,0.22161,1.0365
23.797,0.02,146.43,4.3352,8.0894,0.001,-0.078991,0.0001,0.0038882,0.22187,1.1198
23.804,0.02,146.43,4.3352,8.0895,0.001,-0.078983,0.0001,0.0038997,0.22214,1.1104
23.811,0.02,146.43,4.3351,8.0896,0.001,-0.078976,0.0001,0.0039112,0.22241,1.1009
23.818,0.02,146.43,4.335,8.0897,0.001,-0.07897,0.0001,0.0039227,0.22269,1.0914
23.825,0.02,146.43,4.3349,8.0898,0.001,-0.078965,0.0001,0.0039343,0.22297,1.0817
23.832,0.02,146.43,4.3349,8.0899,0.001,-0.078959,0.0001,0.0039459,0.22326,1.0721
23.839,0.02,146.43,4.3348,8.09,0.001,-0.078962,0.0001,0.0039575,0.22356,1.0625
23.847,0.02,146.43,4.3347,8.0902,0.001,-0.07899,0.0001,0.0039692,0.22386,1.0528
23.854,0.02,146.43,4.3346,8.0903,0.001,-0.079044,0.0001,0.0039808,0.22417,1.136
23.861,0.02,146.43,4.3345,8.0904,0.001,-0.079122,0.0001,0.0039925,0.22449,1.1264
23.868,0.02,146.43,4.3344,8.0905,0.001,-0.079216,0.0001,0.0040043,0.22481,1.1167
23.875,0.02,146.43,4.3343,8.0906,0.001,-0.079321,0.0001,0.0040161,0.22515,1.1069
23.882,0.02,146.43,4.3342,8.0907,0.001,-0.079434,0.0001,0.0040279,0.22549,1.0971
23.889,0.02,146.43,4.3341,8.0907,0.001,-0.079554,0.0001,0.0040397,0.22584,1.0873
23.896,0.02,146.43,4.334,8.0908,0.001,-0.079678,0.0001,0.0040516,0.22619,1.0774
23.903,0.02,146.43,4.3339,8.0909,0.001,-0.079806,0.0001,0.0040635,0.22656,1.0675
23.91,0.02,146.43,4.3338,8.091,0.001,-0.079936,0.0001,0.0040754,0.22693,1.1504
23.918,0.02,146.43,4.3337,8.0911,0.001,-0.080068,0.0001,0.0040874,0.22732,1.1406
23.925,0.02,146.44,4.3336,8.0912,0.001,-0.080201,0.0001,0.0040994,0.22771,1.1306
23.932,0.02,146.44,4.3335,8.0913,0.001,-0.080335,0.0001,0.0041114,0.22811,1.1206
23.939,0.02,146.44,4.3334,8.0914,0.001,-0.080469,0.0001,0.0041235,0.22853,1.1106
23.946,0.02,146.45,4.3333,8.0915,0.001,-0.080603,0.0001,0.0041356,0.22895,1.1005
23.953,0.02,146.45,4.3332,8.0916,0.001,-0.080738,0.0001,0.0041477,0.22939,1.0904
23.96,0.02,146.45,4.3331,8.0916,0.001,-0.080886,0.0001,0.0041599,0.22984,1.0803
23.967,0.02,146.46,4.333,8.0917,0.001,-0.081048,0.0001,0.0041721,0.23031,1.1435
23.974,0.02,146.46,4.3328,8.0918,0.001,-0.081205,0.0001,0.0041844,0.23078,1.1427
23.981,0.02,146.46,4.3327,8.0919,0.001,-0.081368,0.0001,0.0041967,0.23127,1.142
23.989,0.02,146.47,4.3326,8.092,0.001,-0.08155,0.0001,0.004209,0.23178,1.1323
23.996,0.02,146.43,4.3325,8.0883,0.001,0.058993,0.0001,0.0042165,0.23209,1.1254
